datetime,open,high,low,close,volume,money,open_interest
2017-05-15 21:00:00,16165.0,16165.0,16165.0,16165.0,0.0,0.0,0.0
2017-05-15 21:05:00,16165.0,16165.0,16165.0,16165.0,0.0,0.0,0.0
2017-05-15 21:10:00,16165.0,16165.0,16165.0,16165.0,0.0,0.0,0.0
2017-05-15 21:15:00,16165.0,16165.0,16165.0,16165.0,0.0,0.0,0.0
2017-05-15 21:20:00,16165.0,16165.0,16165.0,16165.0,0.0,0.0,0.0
2017-05-15 21:25:00,16165.0,16165.0,16165.0,16165.0,0.0,0.0,0.0
2017-05-15 21:30:00,16165.0,16165.0,16165.0,16165.0,0.0,0.0,0.0
2017-05-15 21:35:00,16165.0,16165.0,16165.0,16165.0,0.0,0.0,0.0
2017-05-15 21:40:00,16165.0,16165.0,16165.0,16165.0,0.0,0.0,0.0
2017-05-15 21:45:00,16165.0,16165.0,16165.0,16165.0,0.0,0.0,0.0
2017-05-15 21:50:00,16165.0,16165.0,16165.0,16165.0,0.0,0.0,0.0
2017-05-15 21:55:00,16165.0,16165.0,16165.0,16165.0,0.0,0.0,0.0
2017-05-15 22:00:00,16165.0,16165.0,16165.0,16165.0,0.0,0.0,0.0
2017-05-15 22:05:00,16165.0,16165.0,16165.0,16165.0,0.0,0.0,0.0
2017-05-15 22:10:00,16165.0,16165.0,16165.0,16165.0,0.0,0.0,0.0
2017-05-15 22:15:00,16165.0,16165.0,16165.0,16165.0,0.0,0.0,0.0
2017-05-15 22:20:00,16165.0,16165.0,16165.0,16165.0,0.0,0.0,0.0
2017-05-15 22:25:00,16165.0,16165.0,16165.0,16165.0,0.0,0.0,0.0
2017-05-15 22:30:00,16165.0,16165.0,16165.0,16165.0,0.0,0.0,0.0
2017-05-15 22:35:00,16165.0,16165.0,16165.0,16165.0,0.0,0.0,0.0
2017-05-15 22:40:00,16165.0,16165.0,16165.0,16165.0,0.0,0.0,0.0
2017-05-15 22:45:00,16165.0,16165.0,16165.0,16165.0,0.0,0.0,0.0
2017-05-15 22:50:00,16165.0,16165.0,16165.0,16165.0,0.0,0.0,0.0
2017-05-15 22:55:00,16165.0,16165.0,16165.0,16165.0,0.0,0.0,0.0
2017-05-15 23:00:00,16165.0,16165.0,16165.0,16165.0,0.0,0.0,0.0
2017-05-15 23:05:00,16165.0,16165.0,16165.0,16165.0,0.0,0.0,0.0
2017-05-15 23:10:00,16165.0,16165.0,16165.0,16165.0,0.0,0.0,0.0
2017-05-15 23:15:00,16165.0,16165.0,16165.0,16165.0,0.0,0.0,0.0
2017-05-15 23:20:00,16165.0,16165.0,16165.0,16165.0,0.0,0.0,0.0
2017-05-15 23:25:00,16165.0,16165.0,16165.0,16165.0,0.0,0.0,0.0
2017-05-15 23:30:00,16165.0,16165.0,16165.0,16165.0,0.0,0.0,0.0
2017-05-15 23:35:00,16165.0,16165.0,16165.0,16165.0,0.0,0.0,0.0
2017-05-15 23:40:00,16165.0,16165.0,16165.0,16165.0,0.0,0.0,0.0
2017-05-15 23:45:00,16165.0,16165.0,16165.0,16165.0,0.0,0.0,0.0
2017-05-15 23:50:00,16165.0,16165.0,16165.0,16165.0,0.0,0.0,0.0
2017-05-15 23:55:00,16165.0,16165.0,16165.0,16165.0,0.0,0.0,0.0
2017-05-16 00:00:00,16165.0,16165.0,16165.0,16165.0,0.0,0.0,0.0
2017-05-16 00:05:00,16165.0,16165.0,16165.0,16165.0,0.0,0.0,0.0
2017-05-16 00:10:00,16165.0,16165.0,16165.0,16165.0,0.0,0.0,0.0
2017-05-16 00:15:00,16165.0,16165.0,16165.0,16165.0,0.0,0.0,0.0
2017-05-16 00:20:00,16165.0,16165.0,16165.0,16165.0,0.0,0.0,0.0
2017-05-16 00:25:00,16165.0,16165.0,16165.0,16165.0,0.0,0.0,0.0
2017-05-16 00:30:00,16165.0,16165.0,16165.0,16165.0,0.0,0.0,0.0
2017-05-16 00:35:00,16165.0,16165.0,16165.0,16165.0,0.0,0.0,0.0
2017-05-16 00:40:00,16165.0,16165.0,16165.0,16165.0,0.0,0.0,0.0
2017-05-16 00:45:00,16165.0,16165.0,16165.0,16165.0,0.0,0.0,0.0
2017-05-16 00:50:00,16165.0,16165.0,16165.0,16165.0,0.0,0.0,0.0
2017-05-16 00:55:00,16165.0,16165.0,16165.0,16165.0,0.0,0.0,0.0
2017-05-16 09:00:00,16165.0,16165.0,16165.0,16165.0,0.0,0.0,0.0
2017-05-16 09:05:00,16165.0,16165.0,16165.0,16165.0,0.0,0.0,0.0
2017-05-16 09:10:00,16165.0,16165.0,16165.0,16165.0,0.0,0.0,0.0
2017-05-16 09:15:00,16165.0,16165.0,16165.0,16165.0,0.0,0.0,0.0
2017-05-16 09:20:00,16165.0,16165.0,16165.0,16165.0,0.0,0.0,0.0
2017-05-16 09:25:00,16165.0,16165.0,16165.0,16165.0,0.0,0.0,0.0
2017-05-16 09:30:00,16165.0,16165.0,16165.0,16165.0,0.0,0.0,0.0
2017-05-16 09:35:00,16165.0,16165.0,16165.0,16165.0,0.0,0.0,0.0
2017-05-16 09:40:00,16165.0,16165.0,16165.0,16165.0,0.0,0.0,0.0
2017-05-16 09:45:00,16165.0,16165.0,16165.0,16165.0,0.0,0.0,0.0
2017-05-16 09:50:00,16165.0,16165.0,16165.0,16165.0,0.0,0.0,0.0
2017-05-16 09:55:00,16165.0,16165.0,16165.0,16165.0,0.0,0.0,0.0
2017-05-16 10:00:00,16165.0,16165.0,16165.0,16165.0,0.0,0.0,0.0
2017-05-16 10:05:00,16165.0,16165.0,16165.0,16165.0,0.0,0.0,0.0
2017-05-16 10:10:00,16165.0,16165.0,16165.0,16165.0,0.0,0.0,0.0
2017-05-16 10:30:00,16165.0,16165.0,16165.0,16165.0,0.0,0.0,0.0
2017-05-16 10:35:00,16165.0,16165.0,16165.0,16165.0,0.0,0.0,0.0
2017-05-16 10:40:00,16165.0,16165.0,16165.0,16165.0,0.0,0.0,0.0
2017-05-16 10:45:00,16165.0,16165.0,16165.0,16165.0,0.0,0.0,0.0
2017-05-16 10:50:00,16165.0,16165.0,16165.0,16165.0,0.0,0.0,0.0
2017-05-16 10:55:00,16165.0,16165.0,16165.0,16165.0,0.0,0.0,0.0
2017-05-16 11:00:00,16165.0,16165.0,16165.0,16165.0,0.0,0.0,0.0
2017-05-16 11:05:00,16165.0,16165.0,16165.0,16165.0,0.0,0.0,0.0
2017-05-16 11:10:00,16165.0,16165.0,16165.0,16165.0,0.0,0.0,0.0
2017-05-16 11:15:00,16165.0,16165.0,16165.0,16165.0,0.0,0.0,0.0
2017-05-16 11:20:00,16165.0,16165.0,16165.0,16165.0,0.0,0.0,0.0
2017-05-16 11:25:00,16165.0,16165.0,16165.0,16165.0,0.0,0.0,0.0
2017-05-16 13:30:00,16165.0,16165.0,16165.0,16165.0,0.0,0.0,0.0
2017-05-16 13:35:00,16165.0,16165.0,16165.0,16165.0,0.0,0.0,0.0
2017-05-16 13:40:00,16165.0,16165.0,16165.0,16165.0,0.0,0.0,0.0
2017-05-16 13:45:00,16165.0,16165.0,16165.0,16165.0,0.0,0.0,0.0
2017-05-16 13:50:00,16165.0,16165.0,16165.0,16165.0,0.0,0.0,0.0
2017-05-16 13:55:00,16165.0,16165.0,16165.0,16165.0,0.0,0.0,0.0
2017-05-16 14:00:00,16165.0,16165.0,16165.0,16165.0,0.0,0.0,0.0
2017-05-16 14:05:00,16165.0,16165.0,16165.0,16165.0,0.0,0.0,0.0
2017-05-16 14:10:00,16165.0,16165.0,16165.0,16165.0,0.0,0.0,0.0
2017-05-16 14:15:00,16165.0,16165.0,16165.0,16165.0,0.0,0.0,0.0
2017-05-16 14:20:00,16165.0,16165.0,16165.0,16165.0,0.0,0.0,0.0
2017-05-16 14:25:00,16165.0,16165.0,16165.0,16165.0,0.0,0.0,0.0
2017-05-16 14:30:00,16165.0,16165.0,16165.0,16165.0,0.0,0.0,0.0
2017-05-16 14:35:00,16165.0,16165.0,16165.0,16165.0,0.0,0.0,0.0
2017-05-16 14:40:00,16165.0,16165.0,16165.0,16165.0,0.0,0.0,0.0
2017-05-16 14:45:00,16165.0,16165.0,16165.0,16165.0,0.0,0.0,0.0
2017-05-16 14:50:00,16165.0,16165.0,16165.0,16165.0,0.0,0.0,0.0
2017-05-16 14:55:00,16165.0,16165.0,16165.0,16165.0,0.0,0.0,0.0
2017-05-16 21:00:00,15990.0,15990.0,15990.0,15990.0,0.0,0.0,0.0
2017-05-16 21:05:00,15990.0,15990.0,15990.0,15990.0,0.0,0.0,0.0
2017-05-16 21:10:00,15990.0,15990.0,15990.0,15990.0,0.0,0.0,0.0
2017-05-16 21:15:00,15990.0,15990.0,15990.0,15990.0,0.0,0.0,0.0
2017-05-16 21:20:00,15990.0,15990.0,15990.0,15990.0,0.0,0.0,0.0
2017-05-16 21:25:00,15990.0,15990.0,15990.0,15990.0,0.0,0.0,0.0
2017-05-16 21:30:00,15990.0,15990.0,15990.0,15990.0,0.0,0.0,0.0
2017-05-16 21:35:00,15990.0,15990.0,15990.0,15990.0,0.0,0.0,0.0
2017-05-16 21:40:00,15990.0,15990.0,15990.0,15990.0,0.0,0.0,0.0
2017-05-16 21:45:00,15990.0,15990.0,15990.0,15990.0,0.0,0.0,0.0
2017-05-16 21:50:00,15990.0,15990.0,15990.0,15990.0,0.0,0.0,0.0
2017-05-16 21:55:00,15990.0,15990.0,15990.0,15990.0,0.0,0.0,0.0
2017-05-16 22:00:00,15990.0,15990.0,15990.0,15990.0,0.0,0.0,0.0
2017-05-16 22:05:00,15990.0,15990.0,15990.0,15990.0,0.0,0.0,0.0
2017-05-16 22:10:00,15990.0,15990.0,15990.0,15990.0,0.0,0.0,0.0
2017-05-16 22:15:00,15990.0,15990.0,15990.0,15990.0,0.0,0.0,0.0
2017-05-16 22:20:00,15990.0,15990.0,15990.0,15990.0,0.0,0.0,0.0
2017-05-16 22:25:00,15990.0,15990.0,15990.0,15990.0,0.0,0.0,0.0
2017-05-16 22:30:00,15990.0,15990.0,15990.0,15990.0,0.0,0.0,0.0
2017-05-16 22:35:00,15990.0,15990.0,15990.0,15990.0,0.0,0.0,0.0
2017-05-16 22:40:00,15990.0,15990.0,15990.0,15990.0,0.0,0.0,0.0
2017-05-16 22:45:00,15990.0,15990.0,15990.0,15990.0,0.0,0.0,0.0
2017-05-16 22:50:00,15990.0,15990.0,15990.0,15990.0,0.0,0.0,0.0
2017-05-16 22:55:00,15990.0,15990.0,15990.0,15990.0,0.0,0.0,0.0
2017-05-16 23:00:00,15990.0,15990.0,15990.0,15990.0,0.0,0.0,0.0
2017-05-16 23:05:00,15990.0,15990.0,15990.0,15990.0,0.0,0.0,0.0
2017-05-16 23:10:00,15990.0,15990.0,15990.0,15990.0,0.0,0.0,0.0
2017-05-16 23:15:00,15990.0,15990.0,15990.0,15990.0,0.0,0.0,0.0
2017-05-16 23:20:00,15990.0,15990.0,15990.0,15990.0,0.0,0.0,0.0
2017-05-16 23:25:00,15990.0,15990.0,15990.0,15990.0,0.0,0.0,0.0
2017-05-16 23:30:00,15990.0,15990.0,15990.0,15990.0,0.0,0.0,0.0
2017-05-16 23:35:00,15990.0,15990.0,15990.0,15990.0,0.0,0.0,0.0
2017-05-16 23:40:00,15990.0,15990.0,15990.0,15990.0,0.0,0.0,0.0
2017-05-16 23:45:00,15990.0,15990.0,15990.0,15990.0,0.0,0.0,0.0
2017-05-16 23:50:00,15990.0,15990.0,15990.0,15990.0,0.0,0.0,0.0
2017-05-16 23:55:00,15990.0,15990.0,15990.0,15990.0,0.0,0.0,0.0
2017-05-17 00:00:00,15990.0,15990.0,15990.0,15990.0,0.0,0.0,0.0
2017-05-17 00:05:00,15990.0,15990.0,15990.0,15990.0,0.0,0.0,0.0
2017-05-17 00:10:00,15990.0,15990.0,15990.0,15990.0,0.0,0.0,0.0
2017-05-17 00:15:00,15990.0,15990.0,15990.0,15990.0,0.0,0.0,0.0
2017-05-17 00:20:00,15990.0,15990.0,15990.0,15990.0,0.0,0.0,0.0
2017-05-17 00:25:00,15990.0,15990.0,15990.0,15990.0,0.0,0.0,0.0
2017-05-17 00:30:00,15990.0,15990.0,15990.0,15990.0,0.0,0.0,0.0
2017-05-17 00:35:00,15990.0,15990.0,15990.0,15990.0,0.0,0.0,0.0
2017-05-17 00:40:00,15990.0,15990.0,15990.0,15990.0,0.0,0.0,0.0
2017-05-17 00:45:00,15990.0,15990.0,15990.0,15990.0,0.0,0.0,0.0
2017-05-17 00:50:00,15990.0,15990.0,15990.0,15990.0,0.0,0.0,0.0
2017-05-17 00:55:00,15990.0,15990.0,15990.0,15990.0,0.0,0.0,0.0
2017-05-17 09:00:00,15990.0,15990.0,15990.0,15990.0,0.0,0.0,0.0
2017-05-17 09:05:00,15990.0,15990.0,15990.0,15990.0,0.0,0.0,0.0
2017-05-17 09:10:00,15990.0,15990.0,15990.0,15990.0,0.0,0.0,0.0
2017-05-17 09:15:00,15990.0,15990.0,15990.0,15990.0,0.0,0.0,0.0
2017-05-17 09:20:00,15990.0,15990.0,15990.0,15990.0,0.0,0.0,0.0
2017-05-17 09:25:00,15990.0,15990.0,15990.0,15990.0,0.0,0.0,0.0
2017-05-17 09:30:00,15990.0,15990.0,15990.0,15990.0,0.0,0.0,0.0
2017-05-17 09:35:00,15990.0,15990.0,15990.0,15990.0,0.0,0.0,0.0
2017-05-17 09:40:00,15990.0,15990.0,15990.0,15990.0,0.0,0.0,0.0
2017-05-17 09:45:00,15990.0,15990.0,15990.0,15990.0,0.0,0.0,0.0
2017-05-17 09:50:00,15990.0,15990.0,15990.0,15990.0,0.0,0.0,0.0
2017-05-17 09:55:00,15990.0,15990.0,15990.0,15990.0,0.0,0.0,0.0
2017-05-17 10:00:00,15990.0,15990.0,15990.0,15990.0,0.0,0.0,0.0
2017-05-17 10:05:00,15990.0,15990.0,15990.0,15990.0,0.0,0.0,0.0
2017-05-17 10:10:00,15990.0,15990.0,15990.0,15990.0,0.0,0.0,0.0
2017-05-17 10:30:00,15990.0,15990.0,15990.0,15990.0,0.0,0.0,0.0
2017-05-17 10:35:00,15990.0,15990.0,15990.0,15990.0,0.0,0.0,0.0
2017-05-17 10:40:00,15990.0,15990.0,15990.0,15990.0,0.0,0.0,0.0
2017-05-17 10:45:00,15990.0,15990.0,15990.0,15990.0,0.0,0.0,0.0
2017-05-17 10:50:00,15990.0,15990.0,15990.0,15990.0,0.0,0.0,0.0
2017-05-17 10:55:00,15990.0,15990.0,15990.0,15990.0,0.0,0.0,0.0
2017-05-17 11:00:00,15990.0,15990.0,15990.0,15990.0,0.0,0.0,0.0
2017-05-17 11:05:00,15990.0,15990.0,15990.0,15990.0,0.0,0.0,0.0
2017-05-17 11:10:00,15990.0,15990.0,15990.0,15990.0,0.0,0.0,0.0
2017-05-17 11:15:00,15990.0,15990.0,15990.0,15990.0,0.0,0.0,0.0
2017-05-17 11:20:00,15990.0,15990.0,15990.0,15990.0,0.0,0.0,0.0
2017-05-17 11:25:00,15990.0,15990.0,15990.0,15990.0,0.0,0.0,0.0
2017-05-17 13:30:00,15990.0,15990.0,15990.0,15990.0,0.0,0.0,0.0
2017-05-17 13:35:00,15990.0,15990.0,15990.0,15990.0,0.0,0.0,0.0
2017-05-17 13:40:00,15990.0,15990.0,15990.0,15990.0,0.0,0.0,0.0
2017-05-17 13:45:00,15990.0,15990.0,15990.0,15990.0,0.0,0.0,0.0
2017-05-17 13:50:00,15990.0,15990.0,15990.0,15990.0,0.0,0.0,0.0
2017-05-17 13:55:00,15990.0,15990.0,15990.0,15990.0,0.0,0.0,0.0
2017-05-17 14:00:00,15990.0,15990.0,15990.0,15990.0,0.0,0.0,0.0
2017-05-17 14:05:00,15990.0,15990.0,15990.0,15990.0,0.0,0.0,0.0
2017-05-17 14:10:00,15990.0,15990.0,15990.0,15990.0,0.0,0.0,0.0
2017-05-17 14:15:00,15990.0,15990.0,15990.0,15990.0,0.0,0.0,0.0
2017-05-17 14:20:00,15990.0,15990.0,15990.0,15990.0,0.0,0.0,0.0
2017-05-17 14:25:00,15990.0,15990.0,15990.0,15990.0,0.0,0.0,0.0
2017-05-17 14:30:00,15990.0,15990.0,15990.0,15990.0,0.0,0.0,0.0
2017-05-17 14:35:00,15990.0,15990.0,15990.0,15990.0,0.0,0.0,0.0
2017-05-17 14:40:00,15990.0,15990.0,15990.0,15990.0,0.0,0.0,0.0
2017-05-17 14:45:00,15990.0,15990.0,15990.0,15990.0,0.0,0.0,0.0
2017-05-17 14:50:00,15990.0,15990.0,15990.0,15990.0,0.0,0.0,0.0
2017-05-17 14:55:00,15990.0,15990.0,15990.0,15990.0,0.0,0.0,0.0
2017-05-17 21:00:00,15990.0,15990.0,15990.0,15990.0,0.0,0.0,0.0
2017-05-17 21:05:00,15990.0,15990.0,15990.0,15990.0,0.0,0.0,0.0
2017-05-17 21:10:00,15990.0,15990.0,15990.0,15990.0,0.0,0.0,0.0
2017-05-17 21:15:00,15990.0,15990.0,15990.0,15990.0,0.0,0.0,0.0
2017-05-17 21:20:00,15990.0,15990.0,15990.0,15990.0,0.0,0.0,0.0
2017-05-17 21:25:00,15990.0,15990.0,15990.0,15990.0,0.0,0.0,0.0
2017-05-17 21:30:00,15990.0,15990.0,15990.0,15990.0,0.0,0.0,0.0
2017-05-17 21:35:00,15990.0,15990.0,15990.0,15990.0,0.0,0.0,0.0
2017-05-17 21:40:00,15990.0,15990.0,15990.0,15990.0,0.0,0.0,0.0
2017-05-17 21:45:00,15990.0,15990.0,15990.0,15990.0,0.0,0.0,0.0
2017-05-17 21:50:00,15990.0,15990.0,15990.0,15990.0,0.0,0.0,0.0
2017-05-17 21:55:00,15990.0,15990.0,15990.0,15990.0,0.0,0.0,0.0
2017-05-17 22:00:00,15990.0,15990.0,15990.0,15990.0,0.0,0.0,0.0
2017-05-17 22:05:00,15990.0,15990.0,15990.0,15990.0,0.0,0.0,0.0
2017-05-17 22:10:00,15990.0,15990.0,15990.0,15990.0,0.0,0.0,0.0
2017-05-17 22:15:00,15990.0,15990.0,15990.0,15990.0,0.0,0.0,0.0
2017-05-17 22:20:00,15990.0,15990.0,15990.0,15990.0,0.0,0.0,0.0
2017-05-17 22:25:00,15990.0,15990.0,15990.0,15990.0,0.0,0.0,0.0
2017-05-17 22:30:00,15990.0,15990.0,15990.0,15990.0,0.0,0.0,0.0
2017-05-17 22:35:00,15990.0,15990.0,15990.0,15990.0,0.0,0.0,0.0
2017-05-17 22:40:00,15990.0,15990.0,15990.0,15990.0,0.0,0.0,0.0
2017-05-17 22:45:00,15990.0,15990.0,15990.0,15990.0,0.0,0.0,0.0
2017-05-17 22:50:00,15990.0,15990.0,15990.0,15990.0,0.0,0.0,0.0
2017-05-17 22:55:00,15990.0,15990.0,15990.0,15990.0,0.0,0.0,0.0
2017-05-17 23:00:00,15990.0,15990.0,15990.0,15990.0,0.0,0.0,0.0
2017-05-17 23:05:00,15990.0,15990.0,15990.0,15990.0,0.0,0.0,0.0
2017-05-17 23:10:00,15990.0,15990.0,15990.0,15990.0,0.0,0.0,0.0
2017-05-17 23:15:00,15990.0,15990.0,15990.0,15990.0,0.0,0.0,0.0
2017-05-17 23:20:00,15990.0,15990.0,15990.0,15990.0,0.0,0.0,0.0
2017-05-17 23:25:00,15990.0,15990.0,15990.0,15990.0,0.0,0.0,0.0
2017-05-17 23:30:00,15990.0,15990.0,15990.0,15990.0,0.0,0.0,0.0
2017-05-17 23:35:00,15990.0,15990.0,15990.0,15990.0,0.0,0.0,0.0
2017-05-17 23:40:00,15990.0,15990.0,15990.0,15990.0,0.0,0.0,0.0
2017-05-17 23:45:00,15990.0,15990.0,15990.0,15990.0,0.0,0.0,0.0
2017-05-17 23:50:00,15990.0,15990.0,15990.0,15990.0,0.0,0.0,0.0
2017-05-17 23:55:00,15990.0,15990.0,15990.0,15990.0,0.0,0.0,0.0
2017-05-18 00:00:00,15990.0,15990.0,15990.0,15990.0,0.0,0.0,0.0
2017-05-18 00:05:00,15990.0,15990.0,15990.0,15990.0,0.0,0.0,0.0
2017-05-18 00:10:00,15990.0,15990.0,15990.0,15990.0,0.0,0.0,0.0
2017-05-18 00:15:00,15990.0,15990.0,15990.0,15990.0,0.0,0.0,0.0
2017-05-18 00:20:00,15990.0,15990.0,15990.0,15990.0,0.0,0.0,0.0
2017-05-18 00:25:00,15990.0,15990.0,15990.0,15990.0,0.0,0.0,0.0
2017-05-18 00:30:00,15990.0,15990.0,15990.0,15990.0,0.0,0.0,0.0
2017-05-18 00:35:00,15990.0,15990.0,15990.0,15990.0,0.0,0.0,0.0
2017-05-18 00:40:00,15990.0,15990.0,15990.0,15990.0,0.0,0.0,0.0
2017-05-18 00:45:00,15990.0,15990.0,15990.0,15990.0,0.0,0.0,0.0
2017-05-18 00:50:00,15990.0,15990.0,15990.0,15990.0,0.0,0.0,0.0
2017-05-18 00:55:00,15990.0,15990.0,15990.0,15990.0,0.0,0.0,0.0
2017-05-18 09:00:00,15990.0,15990.0,15990.0,15990.0,0.0,0.0,0.0
2017-05-18 09:05:00,15990.0,15990.0,15990.0,15990.0,0.0,0.0,0.0
2017-05-18 09:10:00,15990.0,15990.0,15990.0,15990.0,0.0,0.0,0.0
2017-05-18 09:15:00,15990.0,15990.0,15990.0,15990.0,0.0,0.0,0.0
2017-05-18 09:20:00,15990.0,15990.0,15990.0,15990.0,0.0,0.0,0.0
2017-05-18 09:25:00,15990.0,15990.0,15990.0,15990.0,0.0,0.0,0.0
2017-05-18 09:30:00,15990.0,15990.0,15990.0,15990.0,0.0,0.0,0.0
2017-05-18 09:35:00,15990.0,15990.0,15990.0,15990.0,0.0,0.0,0.0
2017-05-18 09:40:00,15990.0,15990.0,15990.0,15990.0,0.0,0.0,0.0
2017-05-18 09:45:00,15990.0,15990.0,15990.0,15990.0,0.0,0.0,0.0
2017-05-18 09:50:00,15990.0,15990.0,15990.0,15990.0,0.0,0.0,0.0
2017-05-18 09:55:00,15990.0,15990.0,15990.0,15990.0,0.0,0.0,0.0
2017-05-18 10:00:00,15990.0,15990.0,15990.0,15990.0,0.0,0.0,0.0
2017-05-18 10:05:00,15990.0,15990.0,15990.0,15990.0,0.0,0.0,0.0
2017-05-18 10:10:00,15990.0,15990.0,15990.0,15990.0,0.0,0.0,0.0
2017-05-18 10:30:00,15990.0,15990.0,15990.0,15990.0,0.0,0.0,0.0
2017-05-18 10:35:00,15990.0,15990.0,15990.0,15990.0,0.0,0.0,0.0
2017-05-18 10:40:00,15990.0,15990.0,15990.0,15990.0,0.0,0.0,0.0
2017-05-18 10:45:00,15990.0,15990.0,15990.0,15990.0,0.0,0.0,0.0
2017-05-18 10:50:00,15990.0,15990.0,15990.0,15990.0,0.0,0.0,0.0
2017-05-18 10:55:00,15990.0,15990.0,15990.0,15990.0,0.0,0.0,0.0
2017-05-18 11:00:00,15990.0,15990.0,15990.0,15990.0,0.0,0.0,0.0
2017-05-18 11:05:00,15990.0,15990.0,15990.0,15990.0,0.0,0.0,0.0
2017-05-18 11:10:00,15990.0,15990.0,15990.0,15990.0,0.0,0.0,0.0
2017-05-18 11:15:00,15990.0,15990.0,15990.0,15990.0,0.0,0.0,0.0
2017-05-18 11:20:00,15990.0,15990.0,15990.0,15990.0,0.0,0.0,0.0
2017-05-18 11:25:00,15990.0,15990.0,15990.0,15990.0,0.0,0.0,0.0
2017-05-18 13:30:00,15990.0,15990.0,15990.0,15990.0,0.0,0.0,0.0
2017-05-18 13:35:00,15990.0,15990.0,15990.0,15990.0,0.0,0.0,0.0
2017-05-18 13:40:00,15990.0,15990.0,15990.0,15990.0,0.0,0.0,0.0
2017-05-18 13:45:00,15990.0,15990.0,15990.0,15990.0,0.0,0.0,0.0
2017-05-18 13:50:00,15990.0,15990.0,15990.0,15990.0,0.0,0.0,0.0
2017-05-18 13:55:00,15990.0,15990.0,15990.0,15990.0,0.0,0.0,0.0
2017-05-18 14:00:00,15990.0,15990.0,15990.0,15990.0,0.0,0.0,0.0
2017-05-18 14:05:00,15990.0,15990.0,15990.0,15990.0,0.0,0.0,0.0
2017-05-18 14:10:00,15990.0,15990.0,15990.0,15990.0,0.0,0.0,0.0
2017-05-18 14:15:00,15990.0,15990.0,15990.0,15990.0,0.0,0.0,0.0
2017-05-18 14:20:00,15990.0,15990.0,15990.0,15990.0,0.0,0.0,0.0
2017-05-18 14:25:00,15990.0,15990.0,15990.0,15990.0,0.0,0.0,0.0
2017-05-18 14:30:00,15990.0,15990.0,15990.0,15990.0,0.0,0.0,0.0
2017-05-18 14:35:00,15990.0,15990.0,15990.0,15990.0,0.0,0.0,0.0
2017-05-18 14:40:00,15990.0,15990.0,15990.0,15990.0,0.0,0.0,0.0
2017-05-18 14:45:00,15990.0,15990.0,15990.0,15990.0,0.0,0.0,0.0
2017-05-18 14:50:00,15990.0,15990.0,15990.0,15990.0,0.0,0.0,0.0
2017-05-18 14:55:00,15990.0,15990.0,15990.0,15990.0,0.0,0.0,0.0
2017-05-18 21:00:00,15990.0,15990.0,15990.0,15990.0,0.0,0.0,0.0
2017-05-18 21:05:00,15990.0,15990.0,15990.0,15990.0,0.0,0.0,0.0
2017-05-18 21:10:00,15990.0,15990.0,15990.0,15990.0,0.0,0.0,0.0
2017-05-18 21:15:00,15990.0,15990.0,15990.0,15990.0,0.0,0.0,0.0
2017-05-18 21:20:00,15990.0,15990.0,15990.0,15990.0,0.0,0.0,0.0
2017-05-18 21:25:00,15990.0,15990.0,15990.0,15990.0,0.0,0.0,0.0
2017-05-18 21:30:00,15990.0,15990.0,15990.0,15990.0,0.0,0.0,0.0
2017-05-18 21:35:00,15990.0,15990.0,15990.0,15990.0,0.0,0.0,0.0
2017-05-18 21:40:00,15990.0,15990.0,15990.0,15990.0,0.0,0.0,0.0
2017-05-18 21:45:00,15990.0,15990.0,15990.0,15990.0,0.0,0.0,0.0
2017-05-18 21:50:00,15990.0,15990.0,15990.0,15990.0,0.0,0.0,0.0
2017-05-18 21:55:00,15990.0,15990.0,15990.0,15990.0,0.0,0.0,0.0
2017-05-18 22:00:00,15990.0,15990.0,15990.0,15990.0,0.0,0.0,0.0
2017-05-18 22:05:00,15990.0,15990.0,15990.0,15990.0,0.0,0.0,0.0
2017-05-18 22:10:00,15990.0,15990.0,15990.0,15990.0,0.0,0.0,0.0
2017-05-18 22:15:00,15990.0,15990.0,15990.0,15990.0,0.0,0.0,0.0
2017-05-18 22:20:00,15990.0,15990.0,15645.0,15645.0,2.0,156450.0,2.0
2017-05-18 22:25:00,15645.0,15645.0,15645.0,15645.0,0.0,0.0,2.0
2017-05-18 22:30:00,15645.0,15645.0,15645.0,15645.0,0.0,0.0,2.0
2017-05-18 22:35:00,15645.0,15645.0,15645.0,15645.0,0.0,0.0,2.0
2017-05-18 22:40:00,15645.0,15645.0,15645.0,15645.0,0.0,0.0,2.0
2017-05-18 22:45:00,15645.0,15645.0,15645.0,15645.0,0.0,0.0,2.0
2017-05-18 22:50:00,15645.0,15645.0,15645.0,15645.0,0.0,0.0,2.0
2017-05-18 22:55:00,15645.0,15645.0,15645.0,15645.0,0.0,0.0,2.0
2017-05-18 23:00:00,15645.0,15645.0,15645.0,15645.0,0.0,0.0,2.0
2017-05-18 23:05:00,15645.0,15645.0,15645.0,15645.0,0.0,0.0,2.0
2017-05-18 23:10:00,15645.0,15645.0,15645.0,15645.0,0.0,0.0,2.0
2017-05-18 23:15:00,15645.0,15645.0,15645.0,15645.0,0.0,0.0,2.0
2017-05-18 23:20:00,15645.0,15645.0,15645.0,15645.0,0.0,0.0,2.0
2017-05-18 23:25:00,15645.0,15645.0,15645.0,15645.0,0.0,0.0,2.0
2017-05-18 23:30:00,15645.0,15645.0,15645.0,15645.0,0.0,0.0,2.0
2017-05-18 23:35:00,15645.0,15645.0,15645.0,15645.0,0.0,0.0,2.0
2017-05-18 23:40:00,15645.0,15645.0,15645.0,15645.0,0.0,0.0,2.0
2017-05-18 23:45:00,15645.0,15645.0,15645.0,15645.0,0.0,0.0,2.0
2017-05-18 23:50:00,15645.0,15645.0,15645.0,15645.0,0.0,0.0,2.0
2017-05-18 23:55:00,15645.0,15645.0,15645.0,15645.0,0.0,0.0,2.0
2017-05-19 00:00:00,15645.0,15645.0,15645.0,15645.0,0.0,0.0,2.0
2017-05-19 00:05:00,15645.0,15645.0,15645.0,15645.0,0.0,0.0,2.0
2017-05-19 00:10:00,15645.0,15645.0,15645.0,15645.0,0.0,0.0,2.0
2017-05-19 00:15:00,15645.0,15645.0,15645.0,15645.0,0.0,0.0,2.0
2017-05-19 00:20:00,15645.0,15645.0,15645.0,15645.0,0.0,0.0,2.0
2017-05-19 00:25:00,15645.0,15645.0,15645.0,15645.0,0.0,0.0,2.0
2017-05-19 00:30:00,15645.0,15645.0,15645.0,15645.0,0.0,0.0,2.0
2017-05-19 00:35:00,15645.0,15645.0,15645.0,15645.0,0.0,0.0,2.0
2017-05-19 00:40:00,15645.0,15645.0,15645.0,15645.0,0.0,0.0,2.0
2017-05-19 00:45:00,15645.0,15645.0,15645.0,15645.0,0.0,0.0,2.0
2017-05-19 00:50:00,15645.0,15645.0,15645.0,15645.0,0.0,0.0,2.0
2017-05-19 00:55:00,15645.0,15645.0,15645.0,15645.0,0.0,0.0,2.0
2017-05-19 09:00:00,15645.0,15645.0,15645.0,15645.0,0.0,0.0,2.0
2017-05-19 09:05:00,15645.0,15645.0,15645.0,15645.0,0.0,0.0,2.0
2017-05-19 09:10:00,15645.0,15645.0,15645.0,15645.0,0.0,0.0,2.0
2017-05-19 09:15:00,15645.0,15645.0,15645.0,15645.0,0.0,0.0,2.0
2017-05-19 09:20:00,15645.0,15645.0,15645.0,15645.0,0.0,0.0,2.0
2017-05-19 09:25:00,15645.0,15645.0,15645.0,15645.0,0.0,0.0,2.0
2017-05-19 09:30:00,15645.0,15645.0,15645.0,15645.0,0.0,0.0,2.0
2017-05-19 09:35:00,15645.0,15645.0,15645.0,15645.0,0.0,0.0,2.0
2017-05-19 09:40:00,15645.0,15645.0,15645.0,15645.0,0.0,0.0,2.0
2017-05-19 09:45:00,15645.0,15645.0,15645.0,15645.0,0.0,0.0,2.0
2017-05-19 09:50:00,15645.0,15645.0,15645.0,15645.0,0.0,0.0,2.0
2017-05-19 09:55:00,15645.0,15645.0,15645.0,15645.0,0.0,0.0,2.0
2017-05-19 10:00:00,15645.0,15645.0,15645.0,15645.0,0.0,0.0,2.0
2017-05-19 10:05:00,15645.0,15645.0,15645.0,15645.0,0.0,0.0,2.0
2017-05-19 10:10:00,15645.0,15645.0,15645.0,15645.0,0.0,0.0,2.0
2017-05-19 10:30:00,15645.0,15645.0,15645.0,15645.0,0.0,0.0,2.0
2017-05-19 10:35:00,15645.0,15645.0,15645.0,15645.0,0.0,0.0,2.0
2017-05-19 10:40:00,15645.0,15645.0,15645.0,15645.0,0.0,0.0,2.0
2017-05-19 10:45:00,15645.0,15645.0,15645.0,15645.0,0.0,0.0,2.0
2017-05-19 10:50:00,15645.0,15645.0,15645.0,15645.0,0.0,0.0,2.0
2017-05-19 10:55:00,15645.0,15645.0,15645.0,15645.0,0.0,0.0,2.0
2017-05-19 11:00:00,15645.0,15645.0,15645.0,15645.0,0.0,0.0,2.0
2017-05-19 11:05:00,15645.0,15645.0,15645.0,15645.0,0.0,0.0,2.0
2017-05-19 11:10:00,15645.0,15645.0,15645.0,15645.0,0.0,0.0,2.0
2017-05-19 11:15:00,15645.0,15645.0,15645.0,15645.0,0.0,0.0,2.0
2017-05-19 11:20:00,15645.0,15645.0,15645.0,15645.0,0.0,0.0,2.0
2017-05-19 11:25:00,15645.0,15645.0,15645.0,15645.0,0.0,0.0,2.0
2017-05-19 13:30:00,15645.0,15645.0,15645.0,15645.0,0.0,0.0,2.0
2017-05-19 13:35:00,15645.0,15645.0,15645.0,15645.0,0.0,0.0,2.0
2017-05-19 13:40:00,15645.0,15645.0,15645.0,15645.0,0.0,0.0,2.0
2017-05-19 13:45:00,15645.0,15645.0,15645.0,15645.0,0.0,0.0,2.0
2017-05-19 13:50:00,15645.0,15645.0,15645.0,15645.0,0.0,0.0,2.0
2017-05-19 13:55:00,15645.0,15645.0,15645.0,15645.0,0.0,0.0,2.0
2017-05-19 14:00:00,15645.0,15645.0,15645.0,15645.0,0.0,0.0,2.0
2017-05-19 14:05:00,15645.0,15645.0,15645.0,15645.0,0.0,0.0,2.0
2017-05-19 14:10:00,15645.0,15645.0,15645.0,15645.0,0.0,0.0,2.0
2017-05-19 14:15:00,15645.0,15645.0,15645.0,15645.0,0.0,0.0,2.0
2017-05-19 14:20:00,15645.0,15645.0,15645.0,15645.0,0.0,0.0,2.0
2017-05-19 14:25:00,15645.0,15645.0,15645.0,15645.0,0.0,0.0,2.0
2017-05-19 14:30:00,15645.0,15645.0,15645.0,15645.0,0.0,0.0,2.0
2017-05-19 14:35:00,15645.0,15645.0,15645.0,15645.0,0.0,0.0,2.0
2017-05-19 14:40:00,15645.0,15645.0,15645.0,15645.0,0.0,0.0,2.0
2017-05-19 14:45:00,15645.0,15645.0,15645.0,15645.0,0.0,0.0,2.0
2017-05-19 14:50:00,15645.0,15645.0,15645.0,15645.0,0.0,0.0,2.0
2017-05-19 14:55:00,15645.0,15645.0,15645.0,15645.0,0.0,0.0,2.0
2017-05-19 21:00:00,15645.0,15645.0,15645.0,15645.0,0.0,0.0,2.0
2017-05-19 21:05:00,15645.0,15645.0,15645.0,15645.0,0.0,0.0,2.0
2017-05-19 21:10:00,15645.0,15645.0,15645.0,15645.0,0.0,0.0,2.0
2017-05-19 21:15:00,15645.0,15645.0,15645.0,15645.0,0.0,0.0,2.0
2017-05-19 21:20:00,15645.0,15645.0,15645.0,15645.0,0.0,0.0,2.0
2017-05-19 21:25:00,15645.0,15645.0,15645.0,15645.0,0.0,0.0,2.0
2017-05-19 21:30:00,15645.0,15645.0,15645.0,15645.0,0.0,0.0,2.0
2017-05-19 21:35:00,15645.0,15645.0,15645.0,15645.0,0.0,0.0,2.0
2017-05-19 21:40:00,15645.0,15645.0,15645.0,15645.0,0.0,0.0,2.0
2017-05-19 21:45:00,15645.0,15645.0,15645.0,15645.0,0.0,0.0,2.0
2017-05-19 21:50:00,15645.0,15645.0,15645.0,15645.0,0.0,0.0,2.0
2017-05-19 21:55:00,15645.0,15645.0,15645.0,15645.0,0.0,0.0,2.0
2017-05-19 22:00:00,15645.0,15645.0,15645.0,15645.0,0.0,0.0,2.0
2017-05-19 22:05:00,15645.0,15645.0,15645.0,15645.0,0.0,0.0,2.0
2017-05-19 22:10:00,15645.0,15645.0,15645.0,15645.0,0.0,0.0,2.0
2017-05-19 22:15:00,15645.0,15645.0,15645.0,15645.0,0.0,0.0,2.0
2017-05-19 22:20:00,15645.0,15645.0,15645.0,15645.0,0.0,0.0,2.0
2017-05-19 22:25:00,15645.0,15645.0,15645.0,15645.0,0.0,0.0,2.0
2017-05-19 22:30:00,15645.0,15645.0,15645.0,15645.0,0.0,0.0,2.0
2017-05-19 22:35:00,15645.0,15645.0,15645.0,15645.0,0.0,0.0,2.0
2017-05-19 22:40:00,15645.0,15645.0,15645.0,15645.0,0.0,0.0,2.0
2017-05-19 22:45:00,15645.0,15645.0,15645.0,15645.0,0.0,0.0,2.0
2017-05-19 22:50:00,15645.0,15645.0,15645.0,15645.0,0.0,0.0,2.0
2017-05-19 22:55:00,15645.0,15645.0,15645.0,15645.0,0.0,0.0,2.0
2017-05-19 23:00:00,15645.0,15645.0,15645.0,15645.0,0.0,0.0,2.0
2017-05-19 23:05:00,15645.0,15645.0,15645.0,15645.0,0.0,0.0,2.0
2017-05-19 23:10:00,15645.0,15645.0,15645.0,15645.0,0.0,0.0,2.0
2017-05-19 23:15:00,15645.0,15645.0,15645.0,15645.0,0.0,0.0,2.0
2017-05-19 23:20:00,15645.0,15645.0,15645.0,15645.0,0.0,0.0,2.0
2017-05-19 23:25:00,15645.0,15645.0,15645.0,15645.0,0.0,0.0,2.0
2017-05-19 23:30:00,15645.0,15645.0,15645.0,15645.0,0.0,0.0,2.0
2017-05-19 23:35:00,15645.0,15645.0,15645.0,15645.0,0.0,0.0,2.0
2017-05-19 23:40:00,15645.0,15645.0,15645.0,15645.0,0.0,0.0,2.0
2017-05-19 23:45:00,15645.0,15645.0,15645.0,15645.0,0.0,0.0,2.0
2017-05-19 23:50:00,15645.0,15645.0,15645.0,15645.0,0.0,0.0,2.0
2017-05-19 23:55:00,15645.0,15645.0,15645.0,15645.0,0.0,0.0,2.0
2017-05-20 00:00:00,15645.0,15645.0,15645.0,15645.0,0.0,0.0,2.0
2017-05-20 00:05:00,15645.0,15645.0,15645.0,15645.0,0.0,0.0,2.0
2017-05-20 00:10:00,15645.0,15645.0,15645.0,15645.0,0.0,0.0,2.0
2017-05-20 00:15:00,15645.0,15645.0,15645.0,15645.0,0.0,0.0,2.0
2017-05-20 00:20:00,15645.0,15645.0,15645.0,15645.0,0.0,0.0,2.0
2017-05-20 00:25:00,15645.0,15645.0,15645.0,15645.0,0.0,0.0,2.0
2017-05-20 00:30:00,15645.0,15645.0,15645.0,15645.0,0.0,0.0,2.0
2017-05-20 00:35:00,15645.0,15645.0,15645.0,15645.0,0.0,0.0,2.0
2017-05-20 00:40:00,15645.0,15645.0,15645.0,15645.0,0.0,0.0,2.0
2017-05-20 00:45:00,15645.0,15645.0,15645.0,15645.0,0.0,0.0,2.0
2017-05-20 00:50:00,15645.0,15645.0,15645.0,15645.0,0.0,0.0,2.0
2017-05-20 00:55:00,15645.0,15645.0,15645.0,15645.0,0.0,0.0,2.0
2017-05-22 09:00:00,15645.0,15645.0,15645.0,15645.0,0.0,0.0,2.0
2017-05-22 09:05:00,15645.0,15645.0,15645.0,15645.0,0.0,0.0,2.0
2017-05-22 09:10:00,15645.0,15645.0,15645.0,15645.0,0.0,0.0,2.0
2017-05-22 09:15:00,15645.0,15645.0,15645.0,15645.0,0.0,0.0,2.0
2017-05-22 09:20:00,15645.0,15645.0,15645.0,15645.0,0.0,0.0,2.0
2017-05-22 09:25:00,15645.0,15645.0,15645.0,15645.0,0.0,0.0,2.0
2017-05-22 09:30:00,15645.0,15645.0,15645.0,15645.0,0.0,0.0,2.0
2017-05-22 09:35:00,15645.0,15645.0,15645.0,15645.0,0.0,0.0,2.0
2017-05-22 09:40:00,15645.0,15645.0,15645.0,15645.0,0.0,0.0,2.0
2017-05-22 09:45:00,15645.0,15645.0,15645.0,15645.0,0.0,0.0,2.0
2017-05-22 09:50:00,15645.0,15645.0,15645.0,15645.0,0.0,0.0,2.0
2017-05-22 09:55:00,15645.0,15645.0,15645.0,15645.0,0.0,0.0,2.0
2017-05-22 10:00:00,15645.0,15645.0,15645.0,15645.0,0.0,0.0,2.0
2017-05-22 10:05:00,15645.0,15645.0,15645.0,15645.0,0.0,0.0,2.0
2017-05-22 10:10:00,15645.0,15645.0,15645.0,15645.0,0.0,0.0,2.0
2017-05-22 10:30:00,15645.0,15645.0,15645.0,15645.0,0.0,0.0,2.0
2017-05-22 10:35:00,15645.0,15645.0,15645.0,15645.0,0.0,0.0,2.0
2017-05-22 10:40:00,15645.0,15645.0,15645.0,15645.0,0.0,0.0,2.0
2017-05-22 10:45:00,15645.0,15645.0,15645.0,15645.0,0.0,0.0,2.0
2017-05-22 10:50:00,15645.0,15645.0,15645.0,15645.0,0.0,0.0,2.0
2017-05-22 10:55:00,15645.0,15645.0,15645.0,15645.0,0.0,0.0,2.0
2017-05-22 11:00:00,15645.0,15645.0,15645.0,15645.0,0.0,0.0,2.0
2017-05-22 11:05:00,15645.0,15645.0,15645.0,15645.0,0.0,0.0,2.0
2017-05-22 11:10:00,15645.0,15645.0,15645.0,15645.0,0.0,0.0,2.0
2017-05-22 11:15:00,15645.0,15645.0,15645.0,15645.0,0.0,0.0,2.0
2017-05-22 11:20:00,15645.0,15645.0,15645.0,15645.0,0.0,0.0,2.0
2017-05-22 11:25:00,15645.0,15645.0,15645.0,15645.0,0.0,0.0,2.0
2017-05-22 13:30:00,15645.0,15645.0,15645.0,15645.0,0.0,0.0,2.0
2017-05-22 13:35:00,15645.0,15645.0,15645.0,15645.0,0.0,0.0,2.0
2017-05-22 13:40:00,15645.0,15645.0,15645.0,15645.0,0.0,0.0,2.0
2017-05-22 13:45:00,15645.0,15645.0,15645.0,15645.0,0.0,0.0,2.0
2017-05-22 13:50:00,15645.0,15645.0,15645.0,15645.0,0.0,0.0,2.0
2017-05-22 13:55:00,15645.0,15645.0,15645.0,15645.0,0.0,0.0,2.0
2017-05-22 14:00:00,15645.0,15645.0,15645.0,15645.0,0.0,0.0,2.0
2017-05-22 14:05:00,15645.0,15645.0,15645.0,15645.0,0.0,0.0,2.0
2017-05-22 14:10:00,15645.0,15645.0,15645.0,15645.0,0.0,0.0,2.0
2017-05-22 14:15:00,15645.0,15645.0,15645.0,15645.0,0.0,0.0,2.0
2017-05-22 14:20:00,15645.0,15645.0,15645.0,15645.0,0.0,0.0,2.0
2017-05-22 14:25:00,15645.0,15645.0,15645.0,15645.0,0.0,0.0,2.0
2017-05-22 14:30:00,15645.0,15645.0,15645.0,15645.0,0.0,0.0,2.0
2017-05-22 14:35:00,15645.0,15645.0,15645.0,15645.0,0.0,0.0,2.0
2017-05-22 14:40:00,15645.0,15645.0,15645.0,15645.0,0.0,0.0,2.0
2017-05-22 14:45:00,15645.0,15645.0,15645.0,15645.0,0.0,0.0,2.0
2017-05-22 14:50:00,15645.0,15645.0,15645.0,15645.0,0.0,0.0,2.0
2017-05-22 14:55:00,15645.0,15645.0,15645.0,15645.0,0.0,0.0,2.0
2017-05-22 21:00:00,16005.0,16005.0,16005.0,16005.0,0.0,0.0,2.0
2017-05-22 21:05:00,16005.0,16005.0,16005.0,16005.0,0.0,0.0,2.0
2017-05-22 21:10:00,16005.0,16005.0,16005.0,16005.0,0.0,0.0,2.0
2017-05-22 21:15:00,16005.0,16005.0,16005.0,16005.0,0.0,0.0,2.0
2017-05-22 21:20:00,16005.0,16005.0,16005.0,16005.0,0.0,0.0,2.0
2017-05-22 21:25:00,16005.0,16005.0,16005.0,16005.0,0.0,0.0,2.0
2017-05-22 21:30:00,16005.0,16005.0,16005.0,16005.0,0.0,0.0,2.0
2017-05-22 21:35:00,16005.0,16005.0,16005.0,16005.0,0.0,0.0,2.0
2017-05-22 21:40:00,16005.0,16005.0,16005.0,16005.0,0.0,0.0,2.0
2017-05-22 21:45:00,16005.0,16005.0,16005.0,16005.0,0.0,0.0,2.0
2017-05-22 21:50:00,16005.0,16005.0,16005.0,16005.0,0.0,0.0,2.0
2017-05-22 21:55:00,16005.0,16005.0,16005.0,16005.0,0.0,0.0,2.0
2017-05-22 22:00:00,16005.0,16005.0,16005.0,16005.0,0.0,0.0,2.0
2017-05-22 22:05:00,16005.0,16005.0,16005.0,16005.0,0.0,0.0,2.0
2017-05-22 22:10:00,16005.0,16005.0,16005.0,16005.0,0.0,0.0,2.0
2017-05-22 22:15:00,16005.0,16005.0,16005.0,16005.0,0.0,0.0,2.0
2017-05-22 22:20:00,16005.0,16005.0,16005.0,16005.0,0.0,0.0,2.0
2017-05-22 22:25:00,16005.0,16005.0,16005.0,16005.0,0.0,0.0,2.0
2017-05-22 22:30:00,16005.0,16005.0,16005.0,16005.0,0.0,0.0,2.0
2017-05-22 22:35:00,16005.0,16005.0,16005.0,16005.0,0.0,0.0,2.0
2017-05-22 22:40:00,16005.0,16005.0,16005.0,16005.0,0.0,0.0,2.0
2017-05-22 22:45:00,16005.0,16005.0,16005.0,16005.0,0.0,0.0,2.0
2017-05-22 22:50:00,16005.0,16005.0,16005.0,16005.0,0.0,0.0,2.0
2017-05-22 22:55:00,16005.0,16005.0,16005.0,16005.0,0.0,0.0,2.0
2017-05-22 23:00:00,16005.0,16005.0,16005.0,16005.0,0.0,0.0,2.0
2017-05-22 23:05:00,16005.0,16005.0,16005.0,16005.0,0.0,0.0,2.0
2017-05-22 23:10:00,16005.0,16005.0,16005.0,16005.0,0.0,0.0,2.0
2017-05-22 23:15:00,16005.0,16005.0,16005.0,16005.0,0.0,0.0,2.0
2017-05-22 23:20:00,16005.0,16005.0,16005.0,16005.0,0.0,0.0,2.0
2017-05-22 23:25:00,16005.0,16005.0,16005.0,16005.0,0.0,0.0,2.0
2017-05-22 23:30:00,16005.0,16005.0,16005.0,16005.0,0.0,0.0,2.0
2017-05-22 23:35:00,16005.0,16005.0,16005.0,16005.0,0.0,0.0,2.0
2017-05-22 23:40:00,16005.0,16005.0,16005.0,16005.0,0.0,0.0,2.0
2017-05-22 23:45:00,16005.0,16005.0,16005.0,16005.0,0.0,0.0,2.0
2017-05-22 23:50:00,16005.0,16005.0,16005.0,16005.0,0.0,0.0,2.0
2017-05-22 23:55:00,16005.0,16005.0,16005.0,16005.0,0.0,0.0,2.0
2017-05-23 00:00:00,16005.0,16005.0,16005.0,16005.0,0.0,0.0,2.0
2017-05-23 00:05:00,16005.0,16005.0,16005.0,16005.0,0.0,0.0,2.0
2017-05-23 00:10:00,16005.0,16005.0,16005.0,16005.0,0.0,0.0,2.0
2017-05-23 00:15:00,16005.0,16005.0,16005.0,16005.0,0.0,0.0,2.0
2017-05-23 00:20:00,16005.0,16005.0,16005.0,16005.0,0.0,0.0,2.0
2017-05-23 00:25:00,16005.0,16005.0,16005.0,16005.0,0.0,0.0,2.0
2017-05-23 00:30:00,16005.0,16005.0,16005.0,16005.0,0.0,0.0,2.0
2017-05-23 00:35:00,16005.0,16005.0,16005.0,16005.0,0.0,0.0,2.0
2017-05-23 00:40:00,16005.0,16005.0,16005.0,16005.0,0.0,0.0,2.0
2017-05-23 00:45:00,16005.0,16005.0,16005.0,16005.0,0.0,0.0,2.0
2017-05-23 00:50:00,16005.0,16005.0,16005.0,16005.0,0.0,0.0,2.0
2017-05-23 00:55:00,16005.0,16005.0,16005.0,16005.0,0.0,0.0,2.0
2017-05-23 09:00:00,16005.0,16005.0,16005.0,16005.0,0.0,0.0,2.0
2017-05-23 09:05:00,16005.0,16005.0,16005.0,16005.0,0.0,0.0,2.0
2017-05-23 09:10:00,16005.0,16005.0,16005.0,16005.0,0.0,0.0,2.0
2017-05-23 09:15:00,16005.0,16005.0,16005.0,16005.0,0.0,0.0,2.0
2017-05-23 09:20:00,16005.0,16005.0,16005.0,16005.0,0.0,0.0,2.0
2017-05-23 09:25:00,16005.0,16005.0,16005.0,16005.0,0.0,0.0,2.0
2017-05-23 09:30:00,16005.0,16005.0,16005.0,16005.0,0.0,0.0,2.0
2017-05-23 09:35:00,16005.0,16005.0,16005.0,16005.0,0.0,0.0,2.0
2017-05-23 09:40:00,16005.0,16005.0,16005.0,16005.0,0.0,0.0,2.0
2017-05-23 09:45:00,16005.0,16005.0,16005.0,16005.0,0.0,0.0,2.0
2017-05-23 09:50:00,16005.0,16005.0,16005.0,16005.0,0.0,0.0,2.0
2017-05-23 09:55:00,16005.0,16005.0,16005.0,16005.0,0.0,0.0,2.0
2017-05-23 10:00:00,16005.0,16005.0,16005.0,16005.0,0.0,0.0,2.0
2017-05-23 10:05:00,16005.0,16005.0,16005.0,16005.0,0.0,0.0,2.0
2017-05-23 10:10:00,16005.0,16005.0,16005.0,16005.0,0.0,0.0,2.0
2017-05-23 10:30:00,16005.0,16005.0,16005.0,16005.0,0.0,0.0,2.0
2017-05-23 10:35:00,16005.0,16005.0,16005.0,16005.0,0.0,0.0,2.0
2017-05-23 10:40:00,16005.0,16005.0,16005.0,16005.0,0.0,0.0,2.0
2017-05-23 10:45:00,16005.0,16005.0,16005.0,16005.0,0.0,0.0,2.0
2017-05-23 10:50:00,16005.0,16005.0,16005.0,16005.0,0.0,0.0,2.0
2017-05-23 10:55:00,16005.0,16005.0,16005.0,16005.0,0.0,0.0,2.0
2017-05-23 11:00:00,16005.0,16005.0,16005.0,16005.0,0.0,0.0,2.0
2017-05-23 11:05:00,16005.0,16005.0,16005.0,16005.0,0.0,0.0,2.0
2017-05-23 11:10:00,16005.0,16005.0,16005.0,16005.0,0.0,0.0,2.0
2017-05-23 11:15:00,16005.0,16005.0,16005.0,16005.0,0.0,0.0,2.0
2017-05-23 11:20:00,16005.0,16005.0,16005.0,16005.0,0.0,0.0,2.0
2017-05-23 11:25:00,16005.0,16005.0,16005.0,16005.0,0.0,0.0,2.0
2017-05-23 13:30:00,16005.0,16005.0,16005.0,16005.0,0.0,0.0,2.0
2017-05-23 13:35:00,16005.0,16005.0,16005.0,16005.0,0.0,0.0,2.0
2017-05-23 13:40:00,16005.0,16005.0,16005.0,16005.0,0.0,0.0,2.0
2017-05-23 13:45:00,16005.0,16005.0,16005.0,16005.0,0.0,0.0,2.0
2017-05-23 13:50:00,16005.0,16005.0,16005.0,16005.0,0.0,0.0,2.0
2017-05-23 13:55:00,16005.0,16005.0,16005.0,16005.0,0.0,0.0,2.0
2017-05-23 14:00:00,16005.0,16005.0,16005.0,16005.0,0.0,0.0,2.0
2017-05-23 14:05:00,16005.0,16005.0,16005.0,16005.0,0.0,0.0,2.0
2017-05-23 14:10:00,16005.0,16005.0,16005.0,16005.0,0.0,0.0,2.0
2017-05-23 14:15:00,16005.0,16005.0,16005.0,16005.0,0.0,0.0,2.0
2017-05-23 14:20:00,16005.0,16005.0,16005.0,16005.0,0.0,0.0,2.0
2017-05-23 14:25:00,16005.0,16005.0,16005.0,16005.0,0.0,0.0,2.0
2017-05-23 14:30:00,16005.0,16005.0,16005.0,16005.0,0.0,0.0,2.0
2017-05-23 14:35:00,16005.0,16005.0,16005.0,16005.0,0.0,0.0,2.0
2017-05-23 14:40:00,16005.0,16005.0,16005.0,16005.0,0.0,0.0,2.0
2017-05-23 14:45:00,16005.0,16005.0,16005.0,16005.0,0.0,0.0,2.0
2017-05-23 14:50:00,16005.0,16005.0,16005.0,16005.0,0.0,0.0,2.0
2017-05-23 14:55:00,16005.0,16005.0,16005.0,16005.0,0.0,0.0,2.0
2017-05-23 21:00:00,16005.0,16005.0,16005.0,16005.0,0.0,0.0,2.0
2017-05-23 21:05:00,16005.0,16005.0,16005.0,16005.0,0.0,0.0,2.0
2017-05-23 21:10:00,16005.0,16005.0,16005.0,16005.0,0.0,0.0,2.0
2017-05-23 21:15:00,16005.0,16005.0,16005.0,16005.0,0.0,0.0,2.0
2017-05-23 21:20:00,16005.0,16005.0,16005.0,16005.0,0.0,0.0,2.0
2017-05-23 21:25:00,16005.0,16005.0,16005.0,16005.0,0.0,0.0,2.0
2017-05-23 21:30:00,16005.0,16005.0,16005.0,16005.0,0.0,0.0,2.0
2017-05-23 21:35:00,16005.0,16005.0,16005.0,16005.0,0.0,0.0,2.0
2017-05-23 21:40:00,16005.0,16005.0,16005.0,16005.0,0.0,0.0,2.0
2017-05-23 21:45:00,16005.0,16005.0,16005.0,16005.0,0.0,0.0,2.0
2017-05-23 21:50:00,16005.0,16005.0,16005.0,16005.0,0.0,0.0,2.0
2017-05-23 21:55:00,16005.0,16005.0,16005.0,16005.0,0.0,0.0,2.0
2017-05-23 22:00:00,16005.0,16005.0,16005.0,16005.0,0.0,0.0,2.0
2017-05-23 22:05:00,16005.0,16005.0,16005.0,16005.0,0.0,0.0,2.0
2017-05-23 22:10:00,16005.0,16005.0,16005.0,16005.0,0.0,0.0,2.0
2017-05-23 22:15:00,16005.0,16005.0,16005.0,16005.0,0.0,0.0,2.0
2017-05-23 22:20:00,16005.0,16005.0,16005.0,16005.0,0.0,0.0,2.0
2017-05-23 22:25:00,16005.0,16005.0,16005.0,16005.0,0.0,0.0,2.0
2017-05-23 22:30:00,16005.0,16005.0,16005.0,16005.0,0.0,0.0,2.0
2017-05-23 22:35:00,16005.0,16005.0,16005.0,16005.0,0.0,0.0,2.0
2017-05-23 22:40:00,16005.0,16005.0,16005.0,16005.0,0.0,0.0,2.0
2017-05-23 22:45:00,16005.0,16005.0,16005.0,16005.0,0.0,0.0,2.0
2017-05-23 22:50:00,16005.0,16005.0,16005.0,16005.0,0.0,0.0,2.0
2017-05-23 22:55:00,16005.0,16005.0,16005.0,16005.0,0.0,0.0,2.0
2017-05-23 23:00:00,16005.0,16005.0,16005.0,16005.0,0.0,0.0,2.0
2017-05-23 23:05:00,16005.0,16005.0,16005.0,16005.0,0.0,0.0,2.0
2017-05-23 23:10:00,16005.0,16005.0,16005.0,16005.0,0.0,0.0,2.0
2017-05-23 23:15:00,16005.0,16005.0,16005.0,16005.0,0.0,0.0,2.0
2017-05-23 23:20:00,16005.0,16005.0,16005.0,16005.0,0.0,0.0,2.0
2017-05-23 23:25:00,16005.0,16005.0,16005.0,16005.0,0.0,0.0,2.0
2017-05-23 23:30:00,16005.0,16005.0,16005.0,16005.0,0.0,0.0,2.0
2017-05-23 23:35:00,16005.0,16005.0,16005.0,16005.0,0.0,0.0,2.0
2017-05-23 23:40:00,16005.0,16005.0,16005.0,16005.0,0.0,0.0,2.0
2017-05-23 23:45:00,16005.0,16005.0,16005.0,16005.0,0.0,0.0,2.0
2017-05-23 23:50:00,16005.0,16005.0,16005.0,16005.0,0.0,0.0,2.0
2017-05-23 23:55:00,16005.0,16005.0,16005.0,16005.0,0.0,0.0,2.0
2017-05-24 00:00:00,16005.0,16005.0,16005.0,16005.0,0.0,0.0,2.0
2017-05-24 00:05:00,16005.0,16005.0,16005.0,16005.0,0.0,0.0,2.0
2017-05-24 00:10:00,16005.0,16005.0,16005.0,16005.0,0.0,0.0,2.0
2017-05-24 00:15:00,16005.0,16005.0,16005.0,16005.0,0.0,0.0,2.0
2017-05-24 00:20:00,16005.0,16005.0,16005.0,16005.0,0.0,0.0,2.0
2017-05-24 00:25:00,16005.0,16005.0,16005.0,16005.0,0.0,0.0,2.0
2017-05-24 00:30:00,16005.0,16005.0,16005.0,16005.0,0.0,0.0,2.0
2017-05-24 00:35:00,16005.0,16005.0,16005.0,16005.0,0.0,0.0,2.0
2017-05-24 00:40:00,16005.0,16005.0,16005.0,16005.0,0.0,0.0,2.0
2017-05-24 00:45:00,16005.0,16005.0,16005.0,16005.0,0.0,0.0,2.0
2017-05-24 00:50:00,16005.0,16005.0,16005.0,16005.0,0.0,0.0,2.0
2017-05-24 00:55:00,16005.0,16005.0,16005.0,16005.0,0.0,0.0,2.0
2017-05-24 09:00:00,16005.0,16005.0,16005.0,16005.0,0.0,0.0,2.0
2017-05-24 09:05:00,16005.0,16005.0,16005.0,16005.0,0.0,0.0,2.0
2017-05-24 09:10:00,16005.0,16005.0,16005.0,16005.0,0.0,0.0,2.0
2017-05-24 09:15:00,16005.0,16005.0,16005.0,16005.0,0.0,0.0,2.0
2017-05-24 09:20:00,16005.0,16005.0,16005.0,16005.0,0.0,0.0,2.0
2017-05-24 09:25:00,16005.0,16005.0,16005.0,16005.0,0.0,0.0,2.0
2017-05-24 09:30:00,16005.0,16005.0,16005.0,16005.0,0.0,0.0,2.0
2017-05-24 09:35:00,16005.0,16005.0,16005.0,16005.0,0.0,0.0,2.0
2017-05-24 09:40:00,16005.0,16005.0,16005.0,16005.0,0.0,0.0,2.0
2017-05-24 09:45:00,16005.0,16005.0,16005.0,16005.0,0.0,0.0,2.0
2017-05-24 09:50:00,16005.0,16005.0,16005.0,16005.0,0.0,0.0,2.0
2017-05-24 09:55:00,16005.0,16005.0,16005.0,16005.0,0.0,0.0,2.0
2017-05-24 10:00:00,16005.0,16005.0,16005.0,16005.0,0.0,0.0,2.0
2017-05-24 10:05:00,16005.0,16005.0,16005.0,16005.0,0.0,0.0,2.0
2017-05-24 10:10:00,16005.0,16005.0,16005.0,16005.0,0.0,0.0,2.0
2017-05-24 10:30:00,16005.0,16005.0,16005.0,16005.0,0.0,0.0,2.0
2017-05-24 10:35:00,16005.0,16005.0,16005.0,16005.0,0.0,0.0,2.0
2017-05-24 10:40:00,16005.0,16005.0,16005.0,16005.0,0.0,0.0,2.0
2017-05-24 10:45:00,16005.0,16005.0,16005.0,16005.0,0.0,0.0,2.0
2017-05-24 10:50:00,16005.0,16005.0,16005.0,16005.0,0.0,0.0,2.0
2017-05-24 10:55:00,16005.0,16005.0,16005.0,16005.0,0.0,0.0,2.0
2017-05-24 11:00:00,16005.0,16005.0,16005.0,16005.0,0.0,0.0,2.0
2017-05-24 11:05:00,16005.0,16005.0,16005.0,16005.0,0.0,0.0,2.0
2017-05-24 11:10:00,16005.0,16005.0,16005.0,16005.0,0.0,0.0,2.0
2017-05-24 11:15:00,16005.0,16005.0,16005.0,16005.0,0.0,0.0,2.0
2017-05-24 11:20:00,16005.0,16005.0,16005.0,16005.0,0.0,0.0,2.0
2017-05-24 11:25:00,16005.0,16005.0,16005.0,16005.0,0.0,0.0,2.0
2017-05-24 13:30:00,16005.0,16005.0,16005.0,16005.0,0.0,0.0,2.0
2017-05-24 13:35:00,16005.0,16005.0,16005.0,16005.0,0.0,0.0,2.0
2017-05-24 13:40:00,16005.0,16005.0,16005.0,16005.0,0.0,0.0,2.0
2017-05-24 13:45:00,16005.0,16005.0,16005.0,16005.0,0.0,0.0,2.0
2017-05-24 13:50:00,16005.0,16005.0,16005.0,16005.0,0.0,0.0,2.0
2017-05-24 13:55:00,16005.0,16005.0,16005.0,16005.0,0.0,0.0,2.0
2017-05-24 14:00:00,16005.0,16005.0,16005.0,16005.0,0.0,0.0,2.0
2017-05-24 14:05:00,16005.0,16005.0,16005.0,16005.0,0.0,0.0,2.0
2017-05-24 14:10:00,16005.0,16005.0,16005.0,16005.0,0.0,0.0,2.0
2017-05-24 14:15:00,16005.0,16005.0,16005.0,16005.0,0.0,0.0,2.0
2017-05-24 14:20:00,16005.0,16005.0,16005.0,16005.0,0.0,0.0,2.0
2017-05-24 14:25:00,16005.0,16005.0,16005.0,16005.0,0.0,0.0,2.0
2017-05-24 14:30:00,16005.0,16005.0,16005.0,16005.0,0.0,0.0,2.0
2017-05-24 14:35:00,16005.0,16005.0,16005.0,16005.0,0.0,0.0,2.0
2017-05-24 14:40:00,16005.0,16005.0,16005.0,16005.0,0.0,0.0,2.0
2017-05-24 14:45:00,16005.0,16005.0,16005.0,16005.0,0.0,0.0,2.0
2017-05-24 14:50:00,16005.0,16005.0,16005.0,16005.0,0.0,0.0,2.0
2017-05-24 14:55:00,16005.0,16005.0,16005.0,16005.0,0.0,0.0,2.0
2017-05-24 21:00:00,16005.0,16005.0,16005.0,16005.0,0.0,0.0,2.0
2017-05-24 21:05:00,16005.0,16005.0,16005.0,16005.0,0.0,0.0,2.0
2017-05-24 21:10:00,16005.0,16005.0,16005.0,16005.0,0.0,0.0,2.0
2017-05-24 21:15:00,16005.0,16005.0,16005.0,16005.0,0.0,0.0,2.0
2017-05-24 21:20:00,16005.0,16005.0,16005.0,16005.0,0.0,0.0,2.0
2017-05-24 21:25:00,16005.0,16005.0,16005.0,16005.0,0.0,0.0,2.0
2017-05-24 21:30:00,16005.0,16005.0,16005.0,16005.0,0.0,0.0,2.0
2017-05-24 21:35:00,16005.0,16005.0,16005.0,16005.0,0.0,0.0,2.0
2017-05-24 21:40:00,16005.0,16005.0,16005.0,16005.0,0.0,0.0,2.0
2017-05-24 21:45:00,16005.0,16005.0,16005.0,16005.0,0.0,0.0,2.0
2017-05-24 21:50:00,16005.0,16005.0,16005.0,16005.0,0.0,0.0,2.0
2017-05-24 21:55:00,16005.0,16005.0,16005.0,16005.0,0.0,0.0,2.0
2017-05-24 22:00:00,16005.0,16005.0,16005.0,16005.0,0.0,0.0,2.0
2017-05-24 22:05:00,16005.0,16005.0,16005.0,16005.0,0.0,0.0,2.0
2017-05-24 22:10:00,16005.0,16005.0,16005.0,16005.0,0.0,0.0,2.0
2017-05-24 22:15:00,16005.0,16005.0,16005.0,16005.0,0.0,0.0,2.0
2017-05-24 22:20:00,16005.0,16005.0,16005.0,16005.0,0.0,0.0,2.0
2017-05-24 22:25:00,16005.0,16005.0,16005.0,16005.0,0.0,0.0,2.0
2017-05-24 22:30:00,16005.0,16005.0,16005.0,16005.0,0.0,0.0,2.0
2017-05-24 22:35:00,16005.0,16005.0,16005.0,16005.0,0.0,0.0,2.0
2017-05-24 22:40:00,16005.0,16005.0,16005.0,16005.0,0.0,0.0,2.0
2017-05-24 22:45:00,16005.0,16005.0,16005.0,16005.0,0.0,0.0,2.0
2017-05-24 22:50:00,16005.0,16005.0,16005.0,16005.0,0.0,0.0,2.0
2017-05-24 22:55:00,16005.0,16005.0,16005.0,16005.0,0.0,0.0,2.0
2017-05-24 23:00:00,16005.0,16005.0,16005.0,16005.0,0.0,0.0,2.0
2017-05-24 23:05:00,16005.0,16005.0,16005.0,16005.0,0.0,0.0,2.0
2017-05-24 23:10:00,16005.0,16005.0,16005.0,16005.0,0.0,0.0,2.0
2017-05-24 23:15:00,16005.0,16005.0,16005.0,16005.0,0.0,0.0,2.0
2017-05-24 23:20:00,16005.0,16005.0,16005.0,16005.0,0.0,0.0,2.0
2017-05-24 23:25:00,16005.0,16005.0,16005.0,16005.0,0.0,0.0,2.0
2017-05-24 23:30:00,16005.0,16005.0,16005.0,16005.0,0.0,0.0,2.0
2017-05-24 23:35:00,16005.0,16005.0,16005.0,16005.0,0.0,0.0,2.0
2017-05-24 23:40:00,16005.0,16005.0,16005.0,16005.0,0.0,0.0,2.0
2017-05-24 23:45:00,16005.0,16005.0,16005.0,16005.0,0.0,0.0,2.0
2017-05-24 23:50:00,16005.0,16005.0,16005.0,16005.0,0.0,0.0,2.0
2017-05-24 23:55:00,16005.0,16005.0,16005.0,16005.0,0.0,0.0,2.0
2017-05-25 00:00:00,16005.0,16005.0,16005.0,16005.0,0.0,0.0,2.0
2017-05-25 00:05:00,16005.0,16005.0,16005.0,16005.0,0.0,0.0,2.0
2017-05-25 00:10:00,16005.0,16005.0,16005.0,16005.0,0.0,0.0,2.0
2017-05-25 00:15:00,16005.0,16005.0,16005.0,16005.0,0.0,0.0,2.0
2017-05-25 00:20:00,16005.0,16005.0,16005.0,16005.0,0.0,0.0,2.0
2017-05-25 00:25:00,16005.0,16005.0,16005.0,16005.0,0.0,0.0,2.0
2017-05-25 00:30:00,16005.0,16005.0,16005.0,16005.0,0.0,0.0,2.0
2017-05-25 00:35:00,16005.0,16005.0,16005.0,16005.0,0.0,0.0,2.0
2017-05-25 00:40:00,16005.0,16005.0,16005.0,16005.0,0.0,0.0,2.0
2017-05-25 00:45:00,16005.0,16005.0,16005.0,16005.0,0.0,0.0,2.0
2017-05-25 00:50:00,16005.0,16005.0,16005.0,16005.0,0.0,0.0,2.0
2017-05-25 00:55:00,16005.0,16005.0,16005.0,16005.0,0.0,0.0,2.0
2017-05-25 09:00:00,16005.0,16005.0,16005.0,16005.0,0.0,0.0,2.0
2017-05-25 09:05:00,16005.0,16005.0,16005.0,16005.0,0.0,0.0,2.0
2017-05-25 09:10:00,16005.0,16005.0,16005.0,16005.0,0.0,0.0,2.0
2017-05-25 09:15:00,16005.0,16005.0,16005.0,16005.0,0.0,0.0,2.0
2017-05-25 09:20:00,16005.0,16005.0,16005.0,16005.0,0.0,0.0,2.0
2017-05-25 09:25:00,16005.0,16005.0,16005.0,16005.0,0.0,0.0,2.0
2017-05-25 09:30:00,16005.0,16005.0,16005.0,16005.0,0.0,0.0,2.0
2017-05-25 09:35:00,16005.0,16005.0,16005.0,16005.0,0.0,0.0,2.0
2017-05-25 09:40:00,16005.0,16005.0,16005.0,16005.0,0.0,0.0,2.0
2017-05-25 09:45:00,16005.0,16005.0,16005.0,16005.0,0.0,0.0,2.0
2017-05-25 09:50:00,16005.0,16005.0,16005.0,16005.0,0.0,0.0,2.0
2017-05-25 09:55:00,16005.0,16005.0,16005.0,16005.0,0.0,0.0,2.0
2017-05-25 10:00:00,16005.0,16005.0,16005.0,16005.0,0.0,0.0,2.0
2017-05-25 10:05:00,16005.0,16005.0,16005.0,16005.0,0.0,0.0,2.0
2017-05-25 10:10:00,16005.0,16005.0,16005.0,16005.0,0.0,0.0,2.0
2017-05-25 10:30:00,16005.0,16005.0,16005.0,16005.0,0.0,0.0,2.0
2017-05-25 10:35:00,16005.0,16005.0,16005.0,16005.0,0.0,0.0,2.0
2017-05-25 10:40:00,16005.0,16005.0,16005.0,16005.0,0.0,0.0,2.0
2017-05-25 10:45:00,16005.0,16005.0,16005.0,16005.0,0.0,0.0,2.0
2017-05-25 10:50:00,16005.0,16005.0,16005.0,16005.0,4.0,320100.0,6.0
2017-05-25 10:55:00,16005.0,16005.0,15995.0,15995.0,2.0,159950.0,8.0
2017-05-25 11:00:00,15995.0,15995.0,15995.0,15995.0,0.0,0.0,8.0
2017-05-25 11:05:00,15995.0,15995.0,15995.0,15995.0,0.0,0.0,8.0
2017-05-25 11:10:00,15995.0,15995.0,15995.0,15995.0,0.0,0.0,8.0
2017-05-25 11:15:00,15995.0,15995.0,15995.0,15995.0,0.0,0.0,8.0
2017-05-25 11:20:00,15995.0,15995.0,15995.0,15995.0,0.0,0.0,8.0
2017-05-25 11:25:00,15995.0,15995.0,15995.0,15995.0,0.0,0.0,8.0
2017-05-25 13:30:00,15995.0,15995.0,15995.0,15995.0,0.0,0.0,8.0
2017-05-25 13:35:00,15995.0,15995.0,15995.0,15995.0,0.0,0.0,8.0
2017-05-25 13:40:00,15995.0,15995.0,15995.0,15995.0,0.0,0.0,8.0
2017-05-25 13:45:00,15995.0,15995.0,15995.0,15995.0,0.0,0.0,8.0
2017-05-25 13:50:00,15995.0,15995.0,15995.0,15995.0,0.0,0.0,8.0
2017-05-25 13:55:00,15995.0,15995.0,15995.0,15995.0,0.0,0.0,8.0
2017-05-25 14:00:00,15995.0,15995.0,15995.0,15995.0,0.0,0.0,8.0
2017-05-25 14:05:00,15995.0,15995.0,15995.0,15995.0,0.0,0.0,8.0
2017-05-25 14:10:00,15995.0,15995.0,15995.0,15995.0,0.0,0.0,8.0
2017-05-25 14:15:00,15995.0,15995.0,15995.0,15995.0,0.0,0.0,8.0
2017-05-25 14:20:00,15995.0,15995.0,15995.0,15995.0,0.0,0.0,8.0
2017-05-25 14:25:00,15995.0,15995.0,15995.0,15995.0,0.0,0.0,8.0
2017-05-25 14:30:00,15995.0,15995.0,15995.0,15995.0,0.0,0.0,8.0
2017-05-25 14:35:00,15995.0,15995.0,15995.0,15995.0,0.0,0.0,8.0
2017-05-25 14:40:00,15995.0,15995.0,15995.0,15995.0,0.0,0.0,8.0
2017-05-25 14:45:00,15995.0,15995.0,15995.0,15995.0,0.0,0.0,8.0
2017-05-25 14:50:00,15995.0,15995.0,15995.0,15995.0,0.0,0.0,8.0
2017-05-25 14:55:00,15995.0,15995.0,15995.0,15995.0,0.0,0.0,8.0
2017-05-25 21:00:00,16000.0,16000.0,16000.0,16000.0,0.0,0.0,8.0
2017-05-25 21:05:00,16000.0,16000.0,16000.0,16000.0,0.0,0.0,8.0
2017-05-25 21:10:00,16000.0,16000.0,16000.0,16000.0,0.0,0.0,8.0
2017-05-25 21:15:00,16000.0,16000.0,16000.0,16000.0,0.0,0.0,8.0
2017-05-25 21:20:00,16000.0,16000.0,16000.0,16000.0,0.0,0.0,8.0
2017-05-25 21:25:00,16000.0,16000.0,16000.0,16000.0,0.0,0.0,8.0
2017-05-25 21:30:00,16000.0,16000.0,16000.0,16000.0,0.0,0.0,8.0
2017-05-25 21:35:00,16000.0,16000.0,16000.0,16000.0,0.0,0.0,8.0
2017-05-25 21:40:00,16000.0,16000.0,16000.0,16000.0,0.0,0.0,8.0
2017-05-25 21:45:00,16000.0,16000.0,16000.0,16000.0,0.0,0.0,8.0
2017-05-25 21:50:00,16000.0,16000.0,16000.0,16000.0,0.0,0.0,8.0
2017-05-25 21:55:00,16000.0,16000.0,16000.0,16000.0,0.0,0.0,8.0
2017-05-25 22:00:00,16000.0,16000.0,16000.0,16000.0,0.0,0.0,8.0
2017-05-25 22:05:00,16000.0,16000.0,16000.0,16000.0,0.0,0.0,8.0
2017-05-25 22:10:00,16000.0,16000.0,16000.0,16000.0,0.0,0.0,8.0
2017-05-25 22:15:00,16000.0,16000.0,16000.0,16000.0,0.0,0.0,8.0
2017-05-25 22:20:00,16000.0,16000.0,16000.0,16000.0,0.0,0.0,8.0
2017-05-25 22:25:00,16000.0,16000.0,16000.0,16000.0,0.0,0.0,8.0
2017-05-25 22:30:00,16000.0,16000.0,16000.0,16000.0,0.0,0.0,8.0
2017-05-25 22:35:00,16000.0,16000.0,16000.0,16000.0,0.0,0.0,8.0
2017-05-25 22:40:00,16000.0,16000.0,16000.0,16000.0,0.0,0.0,8.0
2017-05-25 22:45:00,16000.0,16000.0,16000.0,16000.0,0.0,0.0,8.0
2017-05-25 22:50:00,16000.0,16000.0,16000.0,16000.0,0.0,0.0,8.0
2017-05-25 22:55:00,16000.0,16000.0,16000.0,16000.0,0.0,0.0,8.0
2017-05-25 23:00:00,16000.0,16000.0,16000.0,16000.0,0.0,0.0,8.0
2017-05-25 23:05:00,16000.0,16000.0,16000.0,16000.0,0.0,0.0,8.0
2017-05-25 23:10:00,16000.0,16000.0,16000.0,16000.0,0.0,0.0,8.0
2017-05-25 23:15:00,16000.0,16000.0,16000.0,16000.0,0.0,0.0,8.0
2017-05-25 23:20:00,16000.0,16000.0,16000.0,16000.0,0.0,0.0,8.0
2017-05-25 23:25:00,16000.0,16000.0,16000.0,16000.0,0.0,0.0,8.0
2017-05-25 23:30:00,16000.0,16000.0,16000.0,16000.0,0.0,0.0,8.0
2017-05-25 23:35:00,16000.0,16000.0,16000.0,16000.0,0.0,0.0,8.0
2017-05-25 23:40:00,16000.0,16000.0,16000.0,16000.0,0.0,0.0,8.0
2017-05-25 23:45:00,16000.0,16000.0,16000.0,16000.0,0.0,0.0,8.0
2017-05-25 23:50:00,16000.0,16000.0,16000.0,16000.0,0.0,0.0,8.0
2017-05-25 23:55:00,16000.0,16000.0,16000.0,16000.0,0.0,0.0,8.0
2017-05-26 00:00:00,16000.0,16000.0,16000.0,16000.0,0.0,0.0,8.0
2017-05-26 00:05:00,16000.0,16000.0,16000.0,16000.0,0.0,0.0,8.0
2017-05-26 00:10:00,16000.0,16000.0,16000.0,16000.0,0.0,0.0,8.0
2017-05-26 00:15:00,16000.0,16000.0,16000.0,16000.0,0.0,0.0,8.0
2017-05-26 00:20:00,16000.0,16000.0,16000.0,16000.0,0.0,0.0,8.0
2017-05-26 00:25:00,16000.0,16000.0,16000.0,16000.0,0.0,0.0,8.0
2017-05-26 00:30:00,16000.0,16000.0,16000.0,16000.0,0.0,0.0,8.0
2017-05-26 00:35:00,16000.0,16000.0,16000.0,16000.0,0.0,0.0,8.0
2017-05-26 00:40:00,16000.0,16000.0,16000.0,16000.0,0.0,0.0,8.0
2017-05-26 00:45:00,16000.0,16000.0,16000.0,16000.0,0.0,0.0,8.0
2017-05-26 00:50:00,16000.0,16000.0,16000.0,16000.0,0.0,0.0,8.0
2017-05-26 00:55:00,16000.0,16000.0,16000.0,16000.0,0.0,0.0,8.0
2017-05-26 09:00:00,16000.0,16000.0,16000.0,16000.0,0.0,0.0,8.0
2017-05-26 09:05:00,16000.0,16000.0,16000.0,16000.0,0.0,0.0,8.0
2017-05-26 09:10:00,16000.0,16000.0,16000.0,16000.0,0.0,0.0,8.0
2017-05-26 09:15:00,16000.0,16000.0,16000.0,16000.0,0.0,0.0,8.0
2017-05-26 09:20:00,16000.0,16000.0,16000.0,16000.0,0.0,0.0,8.0
2017-05-26 09:25:00,16000.0,16000.0,16000.0,16000.0,0.0,0.0,8.0
2017-05-26 09:30:00,16000.0,16000.0,16000.0,16000.0,0.0,0.0,8.0
2017-05-26 09:35:00,16000.0,16000.0,16000.0,16000.0,0.0,0.0,8.0
2017-05-26 09:40:00,16000.0,16000.0,16000.0,16000.0,0.0,0.0,8.0
2017-05-26 09:45:00,16000.0,16000.0,16000.0,16000.0,0.0,0.0,8.0
2017-05-26 09:50:00,16000.0,16000.0,16000.0,16000.0,0.0,0.0,8.0
2017-05-26 09:55:00,16000.0,16000.0,16000.0,16000.0,0.0,0.0,8.0
2017-05-26 10:00:00,16000.0,16000.0,16000.0,16000.0,0.0,0.0,8.0
2017-05-26 10:05:00,16000.0,16000.0,16000.0,16000.0,0.0,0.0,8.0
2017-05-26 10:10:00,16000.0,16000.0,16000.0,16000.0,0.0,0.0,8.0
2017-05-26 10:30:00,16000.0,16000.0,16000.0,16000.0,0.0,0.0,8.0
2017-05-26 10:35:00,16000.0,16000.0,16000.0,16000.0,0.0,0.0,8.0
2017-05-26 10:40:00,16000.0,16000.0,16000.0,16000.0,0.0,0.0,8.0
2017-05-26 10:45:00,16000.0,16000.0,16000.0,16000.0,0.0,0.0,8.0
2017-05-26 10:50:00,16000.0,16000.0,16000.0,16000.0,0.0,0.0,8.0
2017-05-26 10:55:00,16000.0,16000.0,16000.0,16000.0,0.0,0.0,8.0
2017-05-26 11:00:00,16000.0,16000.0,16000.0,16000.0,0.0,0.0,8.0
2017-05-26 11:05:00,16000.0,16000.0,16000.0,16000.0,0.0,0.0,8.0
2017-05-26 11:10:00,16000.0,16000.0,16000.0,16000.0,0.0,0.0,8.0
2017-05-26 11:15:00,16000.0,16000.0,16000.0,16000.0,0.0,0.0,8.0
2017-05-26 11:20:00,16000.0,16000.0,16000.0,16000.0,0.0,0.0,8.0
2017-05-26 11:25:00,16000.0,16000.0,16000.0,16000.0,0.0,0.0,8.0
2017-05-26 13:30:00,16000.0,16000.0,16000.0,16000.0,0.0,0.0,8.0
2017-05-26 13:35:00,16000.0,16000.0,16000.0,16000.0,0.0,0.0,8.0
2017-05-26 13:40:00,16000.0,16000.0,16000.0,16000.0,0.0,0.0,8.0
2017-05-26 13:45:00,16000.0,16000.0,16000.0,16000.0,0.0,0.0,8.0
2017-05-26 13:50:00,16000.0,16000.0,16000.0,16000.0,0.0,0.0,8.0
2017-05-26 13:55:00,16000.0,16000.0,16000.0,16000.0,0.0,0.0,8.0
2017-05-26 14:00:00,16000.0,16000.0,16000.0,16000.0,0.0,0.0,8.0
2017-05-26 14:05:00,16000.0,16000.0,16000.0,16000.0,0.0,0.0,8.0
2017-05-26 14:10:00,16000.0,16000.0,16000.0,16000.0,0.0,0.0,8.0
2017-05-26 14:15:00,16000.0,16000.0,16000.0,16000.0,0.0,0.0,8.0
2017-05-26 14:20:00,16000.0,16000.0,16000.0,16000.0,0.0,0.0,8.0
2017-05-26 14:25:00,16000.0,16000.0,16000.0,16000.0,0.0,0.0,8.0
2017-05-26 14:30:00,16000.0,16000.0,16000.0,16000.0,0.0,0.0,8.0
2017-05-26 14:35:00,16000.0,16000.0,16000.0,16000.0,0.0,0.0,8.0
2017-05-26 14:40:00,16000.0,16000.0,16000.0,16000.0,0.0,0.0,8.0
2017-05-26 14:45:00,16000.0,16000.0,16000.0,16000.0,0.0,0.0,8.0
2017-05-26 14:50:00,16000.0,16000.0,16000.0,16000.0,0.0,0.0,8.0
2017-05-26 14:55:00,16000.0,16000.0,16000.0,16000.0,0.0,0.0,8.0
2017-05-31 09:00:00,16000.0,16000.0,16000.0,16000.0,0.0,0.0,8.0
2017-05-31 09:05:00,16000.0,16000.0,16000.0,16000.0,0.0,0.0,8.0
2017-05-31 09:10:00,16000.0,16000.0,16000.0,16000.0,0.0,0.0,8.0
2017-05-31 09:15:00,16000.0,16000.0,16000.0,16000.0,0.0,0.0,8.0
2017-05-31 09:20:00,16000.0,16000.0,16000.0,16000.0,0.0,0.0,8.0
2017-05-31 09:25:00,16000.0,16000.0,16000.0,16000.0,0.0,0.0,8.0
2017-05-31 09:30:00,16000.0,16000.0,16000.0,16000.0,0.0,0.0,8.0
2017-05-31 09:35:00,16000.0,16000.0,16000.0,16000.0,0.0,0.0,8.0
2017-05-31 09:40:00,16000.0,16000.0,16000.0,16000.0,0.0,0.0,8.0
2017-05-31 09:45:00,16000.0,16000.0,16000.0,16000.0,0.0,0.0,8.0
2017-05-31 09:50:00,16000.0,16000.0,16000.0,16000.0,0.0,0.0,8.0
2017-05-31 09:55:00,16000.0,16000.0,16000.0,16000.0,0.0,0.0,8.0
2017-05-31 10:00:00,16000.0,16000.0,16000.0,16000.0,0.0,0.0,8.0
2017-05-31 10:05:00,16000.0,16000.0,16000.0,16000.0,0.0,0.0,8.0
2017-05-31 10:10:00,16000.0,16000.0,16000.0,16000.0,0.0,0.0,8.0
2017-05-31 10:30:00,16000.0,16000.0,16000.0,16000.0,0.0,0.0,8.0
2017-05-31 10:35:00,16000.0,16000.0,16000.0,16000.0,0.0,0.0,8.0
2017-05-31 10:40:00,16000.0,16000.0,16000.0,16000.0,0.0,0.0,8.0
2017-05-31 10:45:00,16000.0,16000.0,16000.0,16000.0,0.0,0.0,8.0
2017-05-31 10:50:00,16000.0,16000.0,16000.0,16000.0,0.0,0.0,8.0
2017-05-31 10:55:00,16000.0,16000.0,16000.0,16000.0,0.0,0.0,8.0
2017-05-31 11:00:00,16000.0,16000.0,16000.0,16000.0,0.0,0.0,8.0
2017-05-31 11:05:00,16000.0,16000.0,16000.0,16000.0,0.0,0.0,8.0
2017-05-31 11:10:00,16000.0,16000.0,16000.0,16000.0,0.0,0.0,8.0
2017-05-31 11:15:00,16000.0,16000.0,16000.0,16000.0,0.0,0.0,8.0
2017-05-31 11:20:00,16000.0,16000.0,16000.0,16000.0,0.0,0.0,8.0
2017-05-31 11:25:00,16000.0,16000.0,16000.0,16000.0,0.0,0.0,8.0
2017-05-31 13:30:00,16000.0,16000.0,16000.0,16000.0,0.0,0.0,8.0
2017-05-31 13:35:00,16000.0,16000.0,16000.0,16000.0,0.0,0.0,8.0
2017-05-31 13:40:00,16000.0,16000.0,16000.0,16000.0,0.0,0.0,8.0
2017-05-31 13:45:00,16000.0,16000.0,16000.0,16000.0,0.0,0.0,8.0
2017-05-31 13:50:00,16000.0,16000.0,16000.0,16000.0,0.0,0.0,8.0
2017-05-31 13:55:00,16000.0,16000.0,16000.0,16000.0,0.0,0.0,8.0
2017-05-31 14:00:00,16000.0,16000.0,16000.0,16000.0,0.0,0.0,8.0
2017-05-31 14:05:00,16000.0,16000.0,16000.0,16000.0,0.0,0.0,8.0
2017-05-31 14:10:00,16000.0,16000.0,16000.0,16000.0,0.0,0.0,8.0
2017-05-31 14:15:00,16000.0,16000.0,16000.0,16000.0,0.0,0.0,8.0
2017-05-31 14:20:00,16000.0,16000.0,16000.0,16000.0,0.0,0.0,8.0
2017-05-31 14:25:00,16000.0,16000.0,16000.0,16000.0,0.0,0.0,8.0
2017-05-31 14:30:00,16000.0,16000.0,16000.0,16000.0,0.0,0.0,8.0
2017-05-31 14:35:00,16000.0,16000.0,16000.0,16000.0,0.0,0.0,8.0
2017-05-31 14:40:00,16000.0,16000.0,16000.0,16000.0,0.0,0.0,8.0
2017-05-31 14:45:00,16000.0,16000.0,16000.0,16000.0,0.0,0.0,8.0
2017-05-31 14:50:00,16000.0,16000.0,16000.0,16000.0,0.0,0.0,8.0
2017-05-31 14:55:00,16000.0,16000.0,16000.0,16000.0,0.0,0.0,8.0
2017-05-31 21:00:00,16000.0,16000.0,16000.0,16000.0,0.0,0.0,8.0
2017-05-31 21:05:00,16000.0,16000.0,16000.0,16000.0,0.0,0.0,8.0
2017-05-31 21:10:00,16000.0,16000.0,16000.0,16000.0,0.0,0.0,8.0
2017-05-31 21:15:00,16000.0,16000.0,16000.0,16000.0,0.0,0.0,8.0
2017-05-31 21:20:00,16000.0,16000.0,16000.0,16000.0,0.0,0.0,8.0
2017-05-31 21:25:00,16000.0,16000.0,16000.0,16000.0,0.0,0.0,8.0
2017-05-31 21:30:00,16000.0,16000.0,16000.0,16000.0,0.0,0.0,8.0
2017-05-31 21:35:00,16000.0,16000.0,16000.0,16000.0,0.0,0.0,8.0
2017-05-31 21:40:00,16000.0,16000.0,16000.0,16000.0,0.0,0.0,8.0
2017-05-31 21:45:00,16000.0,16000.0,16000.0,16000.0,0.0,0.0,8.0
2017-05-31 21:50:00,16000.0,16000.0,16000.0,16000.0,0.0,0.0,8.0
2017-05-31 21:55:00,16000.0,16000.0,16000.0,16000.0,0.0,0.0,8.0
2017-05-31 22:00:00,16000.0,16000.0,16000.0,16000.0,0.0,0.0,8.0
2017-05-31 22:05:00,16000.0,16000.0,16000.0,16000.0,0.0,0.0,8.0
2017-05-31 22:10:00,16000.0,16000.0,16000.0,16000.0,0.0,0.0,8.0
2017-05-31 22:15:00,16000.0,16000.0,16000.0,16000.0,0.0,0.0,8.0
2017-05-31 22:20:00,16000.0,16000.0,16000.0,16000.0,0.0,0.0,8.0
2017-05-31 22:25:00,16000.0,16000.0,16000.0,16000.0,0.0,0.0,8.0
2017-05-31 22:30:00,16000.0,16000.0,16000.0,16000.0,0.0,0.0,8.0
2017-05-31 22:35:00,16000.0,16000.0,16000.0,16000.0,0.0,0.0,8.0
2017-05-31 22:40:00,16000.0,16000.0,16000.0,16000.0,0.0,0.0,8.0
2017-05-31 22:45:00,16000.0,16000.0,16000.0,16000.0,0.0,0.0,8.0
2017-05-31 22:50:00,16000.0,16000.0,16000.0,16000.0,0.0,0.0,8.0
2017-05-31 22:55:00,16000.0,16000.0,16000.0,16000.0,0.0,0.0,8.0
2017-05-31 23:00:00,16000.0,16000.0,16000.0,16000.0,0.0,0.0,8.0
2017-05-31 23:05:00,16000.0,16000.0,16000.0,16000.0,0.0,0.0,8.0
2017-05-31 23:10:00,16000.0,16000.0,16000.0,16000.0,0.0,0.0,8.0
2017-05-31 23:15:00,16000.0,16000.0,16000.0,16000.0,0.0,0.0,8.0
2017-05-31 23:20:00,16000.0,16000.0,16000.0,16000.0,0.0,0.0,8.0
2017-05-31 23:25:00,16000.0,16000.0,16000.0,16000.0,0.0,0.0,8.0
2017-05-31 23:30:00,16000.0,16000.0,16000.0,16000.0,0.0,0.0,8.0
2017-05-31 23:35:00,16000.0,16000.0,16000.0,16000.0,0.0,0.0,8.0
2017-05-31 23:40:00,16000.0,16000.0,16000.0,16000.0,0.0,0.0,8.0
2017-05-31 23:45:00,16000.0,16000.0,16000.0,16000.0,0.0,0.0,8.0
2017-05-31 23:50:00,16000.0,16000.0,16000.0,16000.0,0.0,0.0,8.0
2017-05-31 23:55:00,16000.0,16000.0,16000.0,16000.0,0.0,0.0,8.0
2017-06-01 00:00:00,16000.0,16000.0,16000.0,16000.0,0.0,0.0,8.0
2017-06-01 00:05:00,16000.0,16000.0,16000.0,16000.0,0.0,0.0,8.0
2017-06-01 00:10:00,16000.0,16000.0,16000.0,16000.0,0.0,0.0,8.0
2017-06-01 00:15:00,16000.0,16000.0,16000.0,16000.0,0.0,0.0,8.0
2017-06-01 00:20:00,16000.0,16000.0,16000.0,16000.0,0.0,0.0,8.0
2017-06-01 00:25:00,16000.0,16000.0,16000.0,16000.0,0.0,0.0,8.0
2017-06-01 00:30:00,16000.0,16000.0,16000.0,16000.0,0.0,0.0,8.0
2017-06-01 00:35:00,16000.0,16000.0,16000.0,16000.0,0.0,0.0,8.0
2017-06-01 00:40:00,16000.0,16000.0,16000.0,16000.0,0.0,0.0,8.0
2017-06-01 00:45:00,16000.0,16000.0,16000.0,16000.0,0.0,0.0,8.0
2017-06-01 00:50:00,16000.0,16000.0,16000.0,16000.0,0.0,0.0,8.0
2017-06-01 00:55:00,16000.0,16000.0,16000.0,16000.0,0.0,0.0,8.0
2017-06-01 09:00:00,16000.0,16000.0,16000.0,16000.0,0.0,0.0,8.0
2017-06-01 09:05:00,16000.0,16000.0,16000.0,16000.0,0.0,0.0,8.0
2017-06-01 09:10:00,16000.0,16000.0,16000.0,16000.0,0.0,0.0,8.0
2017-06-01 09:15:00,16000.0,16000.0,16000.0,16000.0,0.0,0.0,8.0
2017-06-01 09:20:00,16000.0,16000.0,16000.0,16000.0,0.0,0.0,8.0
2017-06-01 09:25:00,16000.0,16000.0,16000.0,16000.0,0.0,0.0,8.0
2017-06-01 09:30:00,16000.0,16000.0,16000.0,16000.0,0.0,0.0,8.0
2017-06-01 09:35:00,16000.0,16000.0,16000.0,16000.0,0.0,0.0,8.0
2017-06-01 09:40:00,16000.0,16000.0,16000.0,16000.0,0.0,0.0,8.0
2017-06-01 09:45:00,16000.0,16000.0,16000.0,16000.0,0.0,0.0,8.0
2017-06-01 09:50:00,16000.0,16000.0,16000.0,16000.0,0.0,0.0,8.0
2017-06-01 09:55:00,16000.0,16000.0,16000.0,16000.0,0.0,0.0,8.0
2017-06-01 10:00:00,16000.0,16000.0,16000.0,16000.0,0.0,0.0,8.0
2017-06-01 10:05:00,16000.0,16000.0,16000.0,16000.0,0.0,0.0,8.0
2017-06-01 10:10:00,16000.0,16000.0,16000.0,16000.0,0.0,0.0,8.0
2017-06-01 10:30:00,16000.0,16000.0,16000.0,16000.0,0.0,0.0,8.0
2017-06-01 10:35:00,16000.0,16000.0,16000.0,16000.0,0.0,0.0,8.0
2017-06-01 10:40:00,16000.0,16000.0,16000.0,16000.0,0.0,0.0,8.0
2017-06-01 10:45:00,16000.0,16000.0,16000.0,16000.0,0.0,0.0,8.0
2017-06-01 10:50:00,16000.0,16000.0,16000.0,16000.0,0.0,0.0,8.0
2017-06-01 10:55:00,16000.0,16000.0,16000.0,16000.0,0.0,0.0,8.0
2017-06-01 11:00:00,16000.0,16000.0,16000.0,16000.0,0.0,0.0,8.0
2017-06-01 11:05:00,16000.0,16000.0,16000.0,16000.0,0.0,0.0,8.0
2017-06-01 11:10:00,16000.0,16000.0,16000.0,16000.0,0.0,0.0,8.0
2017-06-01 11:15:00,16000.0,16000.0,16000.0,16000.0,0.0,0.0,8.0
2017-06-01 11:20:00,16000.0,16000.0,16000.0,16000.0,0.0,0.0,8.0
2017-06-01 11:25:00,16000.0,16000.0,16000.0,16000.0,0.0,0.0,8.0
2017-06-01 13:30:00,16000.0,16000.0,16000.0,16000.0,0.0,0.0,8.0
2017-06-01 13:35:00,16000.0,16000.0,16000.0,16000.0,0.0,0.0,8.0
2017-06-01 13:40:00,16000.0,16000.0,16000.0,16000.0,0.0,0.0,8.0
2017-06-01 13:45:00,16000.0,16000.0,16000.0,16000.0,0.0,0.0,8.0
2017-06-01 13:50:00,16000.0,16000.0,16000.0,16000.0,0.0,0.0,8.0
2017-06-01 13:55:00,16000.0,16000.0,16000.0,16000.0,0.0,0.0,8.0
2017-06-01 14:00:00,16000.0,16000.0,16000.0,16000.0,0.0,0.0,8.0
2017-06-01 14:05:00,16000.0,16000.0,16000.0,16000.0,0.0,0.0,8.0
2017-06-01 14:10:00,16000.0,16000.0,16000.0,16000.0,0.0,0.0,8.0
2017-06-01 14:15:00,16000.0,16000.0,16000.0,16000.0,0.0,0.0,8.0
2017-06-01 14:20:00,16000.0,16000.0,16000.0,16000.0,0.0,0.0,8.0
2017-06-01 14:25:00,16000.0,16000.0,16000.0,16000.0,0.0,0.0,8.0
2017-06-01 14:30:00,16000.0,16000.0,16000.0,16000.0,0.0,0.0,8.0
2017-06-01 14:35:00,16000.0,16000.0,16000.0,16000.0,0.0,0.0,8.0
2017-06-01 14:40:00,16000.0,16000.0,16000.0,16000.0,0.0,0.0,8.0
2017-06-01 14:45:00,16000.0,16000.0,16000.0,16000.0,0.0,0.0,8.0
2017-06-01 14:50:00,16000.0,16000.0,16000.0,16000.0,0.0,0.0,8.0
2017-06-01 14:55:00,16000.0,16000.0,16000.0,16000.0,0.0,0.0,8.0
2017-06-01 21:00:00,16150.0,16150.0,16150.0,16150.0,0.0,0.0,8.0
2017-06-01 21:05:00,16150.0,16150.0,16150.0,16150.0,0.0,0.0,8.0
2017-06-01 21:10:00,16150.0,16150.0,16150.0,16150.0,0.0,0.0,8.0
2017-06-01 21:15:00,16150.0,16150.0,16150.0,16150.0,0.0,0.0,8.0
2017-06-01 21:20:00,16150.0,16150.0,16150.0,16150.0,0.0,0.0,8.0
2017-06-01 21:25:00,16150.0,16150.0,16150.0,16150.0,0.0,0.0,8.0
2017-06-01 21:30:00,16150.0,16150.0,16150.0,16150.0,0.0,0.0,8.0
2017-06-01 21:35:00,16150.0,16150.0,16150.0,16150.0,0.0,0.0,8.0
2017-06-01 21:40:00,16150.0,16150.0,16150.0,16150.0,0.0,0.0,8.0
2017-06-01 21:45:00,16150.0,16150.0,16150.0,16150.0,0.0,0.0,8.0
2017-06-01 21:50:00,16150.0,16150.0,16150.0,16150.0,0.0,0.0,8.0
2017-06-01 21:55:00,16150.0,16150.0,16150.0,16150.0,0.0,0.0,8.0
2017-06-01 22:00:00,16150.0,16150.0,16150.0,16150.0,0.0,0.0,8.0
2017-06-01 22:05:00,16150.0,16150.0,16150.0,16150.0,0.0,0.0,8.0
2017-06-01 22:10:00,16150.0,16150.0,16150.0,16150.0,0.0,0.0,8.0
2017-06-01 22:15:00,16150.0,16150.0,16150.0,16150.0,0.0,0.0,8.0
2017-06-01 22:20:00,16150.0,16150.0,16150.0,16150.0,0.0,0.0,8.0
2017-06-01 22:25:00,16150.0,16150.0,16150.0,16150.0,0.0,0.0,8.0
2017-06-01 22:30:00,16150.0,16150.0,16150.0,16150.0,0.0,0.0,8.0
2017-06-01 22:35:00,16150.0,16150.0,16150.0,16150.0,0.0,0.0,8.0
2017-06-01 22:40:00,16150.0,16150.0,16150.0,16150.0,0.0,0.0,8.0
2017-06-01 22:45:00,16150.0,16150.0,16150.0,16150.0,0.0,0.0,8.0
2017-06-01 22:50:00,16150.0,16150.0,16150.0,16150.0,0.0,0.0,8.0
2017-06-01 22:55:00,16150.0,16150.0,16150.0,16150.0,0.0,0.0,8.0
2017-06-01 23:00:00,16150.0,16150.0,16150.0,16150.0,0.0,0.0,8.0
2017-06-01 23:05:00,16150.0,16150.0,16150.0,16150.0,0.0,0.0,8.0
2017-06-01 23:10:00,16150.0,16150.0,16150.0,16150.0,0.0,0.0,8.0
2017-06-01 23:15:00,16150.0,16150.0,16150.0,16150.0,0.0,0.0,8.0
2017-06-01 23:20:00,16150.0,16150.0,16150.0,16150.0,0.0,0.0,8.0
2017-06-01 23:25:00,16150.0,16150.0,16150.0,16150.0,0.0,0.0,8.0
2017-06-01 23:30:00,16150.0,16150.0,16150.0,16150.0,0.0,0.0,8.0
2017-06-01 23:35:00,16150.0,16150.0,16150.0,16150.0,0.0,0.0,8.0
2017-06-01 23:40:00,16150.0,16150.0,16150.0,16150.0,0.0,0.0,8.0
2017-06-01 23:45:00,16150.0,16150.0,16150.0,16150.0,0.0,0.0,8.0
2017-06-01 23:50:00,16150.0,16150.0,16150.0,16150.0,0.0,0.0,8.0
2017-06-01 23:55:00,16150.0,16150.0,16150.0,16150.0,0.0,0.0,8.0
2017-06-02 00:00:00,16150.0,16150.0,16150.0,16150.0,0.0,0.0,8.0
2017-06-02 00:05:00,16150.0,16150.0,16150.0,16150.0,0.0,0.0,8.0
2017-06-02 00:10:00,16150.0,16150.0,16150.0,16150.0,0.0,0.0,8.0
2017-06-02 00:15:00,16150.0,16150.0,16150.0,16150.0,0.0,0.0,8.0
2017-06-02 00:20:00,16150.0,16150.0,16150.0,16150.0,0.0,0.0,8.0
2017-06-02 00:25:00,16150.0,16150.0,16150.0,16150.0,0.0,0.0,8.0
2017-06-02 00:30:00,16150.0,16150.0,16150.0,16150.0,0.0,0.0,8.0
2017-06-02 00:35:00,16150.0,16150.0,16150.0,16150.0,0.0,0.0,8.0
2017-06-02 00:40:00,16150.0,16150.0,16150.0,16150.0,0.0,0.0,8.0
2017-06-02 00:45:00,16150.0,16150.0,16150.0,16150.0,0.0,0.0,8.0
2017-06-02 00:50:00,16150.0,16150.0,16150.0,16150.0,0.0,0.0,8.0
2017-06-02 00:55:00,16150.0,16150.0,16150.0,16150.0,0.0,0.0,8.0
2017-06-02 09:00:00,16150.0,16150.0,16150.0,16150.0,0.0,0.0,8.0
2017-06-02 09:05:00,16150.0,16150.0,16150.0,16150.0,0.0,0.0,8.0
2017-06-02 09:10:00,16150.0,16150.0,16150.0,16150.0,0.0,0.0,8.0
2017-06-02 09:15:00,16150.0,16150.0,16150.0,16150.0,0.0,0.0,8.0
2017-06-02 09:20:00,16150.0,16150.0,16150.0,16150.0,0.0,0.0,8.0
2017-06-02 09:25:00,16150.0,16150.0,16150.0,16150.0,0.0,0.0,8.0
2017-06-02 09:30:00,16150.0,16150.0,16150.0,16150.0,0.0,0.0,8.0
2017-06-02 09:35:00,16150.0,16150.0,16150.0,16150.0,0.0,0.0,8.0
2017-06-02 09:40:00,16150.0,16150.0,16150.0,16150.0,0.0,0.0,8.0
2017-06-02 09:45:00,16150.0,16150.0,16150.0,16150.0,0.0,0.0,8.0
2017-06-02 09:50:00,16150.0,16150.0,16150.0,16150.0,0.0,0.0,8.0
2017-06-02 09:55:00,16150.0,16150.0,16150.0,16150.0,0.0,0.0,8.0
2017-06-02 10:00:00,16150.0,16150.0,16150.0,16150.0,0.0,0.0,8.0
2017-06-02 10:05:00,16150.0,16150.0,16150.0,16150.0,0.0,0.0,8.0
2017-06-02 10:10:00,16150.0,16150.0,16150.0,16150.0,0.0,0.0,8.0
2017-06-02 10:30:00,16150.0,16150.0,16150.0,16150.0,0.0,0.0,8.0
2017-06-02 10:35:00,16150.0,16150.0,16150.0,16150.0,0.0,0.0,8.0
2017-06-02 10:40:00,16150.0,16150.0,16150.0,16150.0,0.0,0.0,8.0
2017-06-02 10:45:00,16150.0,16150.0,16150.0,16150.0,0.0,0.0,8.0
2017-06-02 10:50:00,16150.0,16150.0,16150.0,16150.0,0.0,0.0,8.0
2017-06-02 10:55:00,16150.0,16150.0,16150.0,16150.0,0.0,0.0,8.0
2017-06-02 11:00:00,16150.0,16150.0,16150.0,16150.0,0.0,0.0,8.0
2017-06-02 11:05:00,16150.0,16150.0,16150.0,16150.0,0.0,0.0,8.0
2017-06-02 11:10:00,16150.0,16150.0,16150.0,16150.0,0.0,0.0,8.0
2017-06-02 11:15:00,16150.0,16150.0,16150.0,16150.0,0.0,0.0,8.0
2017-06-02 11:20:00,16150.0,16150.0,16150.0,16150.0,0.0,0.0,8.0
2017-06-02 11:25:00,16150.0,16150.0,16150.0,16150.0,0.0,0.0,8.0
2017-06-02 13:30:00,16150.0,16150.0,16150.0,16150.0,0.0,0.0,8.0
2017-06-02 13:35:00,16150.0,16150.0,16150.0,16150.0,0.0,0.0,8.0
2017-06-02 13:40:00,16150.0,16150.0,16150.0,16150.0,0.0,0.0,8.0
2017-06-02 13:45:00,16150.0,16150.0,16150.0,16150.0,0.0,0.0,8.0
2017-06-02 13:50:00,16150.0,16150.0,16150.0,16150.0,0.0,0.0,8.0
2017-06-02 13:55:00,16150.0,16150.0,16150.0,16150.0,0.0,0.0,8.0
2017-06-02 14:00:00,16150.0,16150.0,16150.0,16150.0,0.0,0.0,8.0
2017-06-02 14:05:00,16150.0,16150.0,16150.0,16150.0,0.0,0.0,8.0
2017-06-02 14:10:00,16150.0,16150.0,16150.0,16150.0,0.0,0.0,8.0
2017-06-02 14:15:00,16150.0,16150.0,16150.0,16150.0,0.0,0.0,8.0
2017-06-02 14:20:00,16150.0,16150.0,16150.0,16150.0,0.0,0.0,8.0
2017-06-02 14:25:00,16150.0,16150.0,16150.0,16150.0,0.0,0.0,8.0
2017-06-02 14:30:00,16150.0,16150.0,16150.0,16150.0,0.0,0.0,8.0
2017-06-02 14:35:00,16150.0,16150.0,16150.0,16150.0,0.0,0.0,8.0
2017-06-02 14:40:00,16150.0,16150.0,16150.0,16150.0,0.0,0.0,8.0
2017-06-02 14:45:00,16150.0,16150.0,16150.0,16150.0,0.0,0.0,8.0
2017-06-02 14:50:00,16150.0,16150.0,16150.0,16150.0,0.0,0.0,8.0
2017-06-02 14:55:00,16150.0,16150.0,16150.0,16150.0,0.0,0.0,8.0
2017-06-02 21:00:00,16150.0,16150.0,16150.0,16150.0,0.0,0.0,8.0
2017-06-02 21:05:00,16150.0,16150.0,16150.0,16150.0,0.0,0.0,8.0
2017-06-02 21:10:00,16150.0,16150.0,16150.0,16150.0,0.0,0.0,8.0
2017-06-02 21:15:00,16150.0,16150.0,16150.0,16150.0,0.0,0.0,8.0
2017-06-02 21:20:00,16150.0,16150.0,16150.0,16150.0,0.0,0.0,8.0
2017-06-02 21:25:00,16150.0,16150.0,16150.0,16150.0,0.0,0.0,8.0
2017-06-02 21:30:00,16150.0,16150.0,16150.0,16150.0,0.0,0.0,8.0
2017-06-02 21:35:00,16150.0,16150.0,16150.0,16150.0,0.0,0.0,8.0
2017-06-02 21:40:00,16150.0,16150.0,16150.0,16150.0,0.0,0.0,8.0
2017-06-02 21:45:00,16150.0,16150.0,16150.0,16150.0,0.0,0.0,8.0
2017-06-02 21:50:00,16150.0,16150.0,16150.0,16150.0,0.0,0.0,8.0
2017-06-02 21:55:00,16150.0,16150.0,16150.0,16150.0,0.0,0.0,8.0
2017-06-02 22:00:00,16150.0,16150.0,16150.0,16150.0,0.0,0.0,8.0
2017-06-02 22:05:00,16150.0,16150.0,16150.0,16150.0,0.0,0.0,8.0
2017-06-02 22:10:00,16150.0,16150.0,16150.0,16150.0,0.0,0.0,8.0
2017-06-02 22:15:00,16150.0,16150.0,16150.0,16150.0,0.0,0.0,8.0
2017-06-02 22:20:00,16150.0,16150.0,16150.0,16150.0,0.0,0.0,8.0
2017-06-02 22:25:00,16150.0,16150.0,16150.0,16150.0,0.0,0.0,8.0
2017-06-02 22:30:00,16150.0,16150.0,16150.0,16150.0,0.0,0.0,8.0
2017-06-02 22:35:00,16150.0,16150.0,16150.0,16150.0,0.0,0.0,8.0
2017-06-02 22:40:00,16150.0,16150.0,16150.0,16150.0,0.0,0.0,8.0
2017-06-02 22:45:00,16150.0,16150.0,16150.0,16150.0,0.0,0.0,8.0
2017-06-02 22:50:00,16150.0,16150.0,16150.0,16150.0,0.0,0.0,8.0
2017-06-02 22:55:00,16150.0,16150.0,16150.0,16150.0,0.0,0.0,8.0
2017-06-02 23:00:00,16150.0,16150.0,16150.0,16150.0,0.0,0.0,8.0
2017-06-02 23:05:00,16150.0,16150.0,16150.0,16150.0,0.0,0.0,8.0
2017-06-02 23:10:00,16150.0,16150.0,16150.0,16150.0,0.0,0.0,8.0
2017-06-02 23:15:00,16150.0,16150.0,16150.0,16150.0,0.0,0.0,8.0
2017-06-02 23:20:00,16150.0,16150.0,16150.0,16150.0,0.0,0.0,8.0
2017-06-02 23:25:00,16150.0,16150.0,16150.0,16150.0,0.0,0.0,8.0
2017-06-02 23:30:00,16150.0,16150.0,16150.0,16150.0,0.0,0.0,8.0
2017-06-02 23:35:00,16150.0,16150.0,16150.0,16150.0,0.0,0.0,8.0
2017-06-02 23:40:00,16150.0,16150.0,16150.0,16150.0,0.0,0.0,8.0
2017-06-02 23:45:00,16150.0,16150.0,16150.0,16150.0,0.0,0.0,8.0
2017-06-02 23:50:00,16150.0,16150.0,16150.0,16150.0,0.0,0.0,8.0
2017-06-02 23:55:00,16150.0,16150.0,16150.0,16150.0,0.0,0.0,8.0
2017-06-03 00:00:00,16150.0,16150.0,16150.0,16150.0,0.0,0.0,8.0
2017-06-03 00:05:00,16150.0,16150.0,16150.0,16150.0,0.0,0.0,8.0
2017-06-03 00:10:00,16150.0,16150.0,16150.0,16150.0,0.0,0.0,8.0
2017-06-03 00:15:00,16150.0,16150.0,16150.0,16150.0,0.0,0.0,8.0
2017-06-03 00:20:00,16150.0,16150.0,16150.0,16150.0,0.0,0.0,8.0
2017-06-03 00:25:00,16150.0,16150.0,16150.0,16150.0,0.0,0.0,8.0
2017-06-03 00:30:00,16150.0,16150.0,16150.0,16150.0,0.0,0.0,8.0
2017-06-03 00:35:00,16150.0,16150.0,16150.0,16150.0,0.0,0.0,8.0
2017-06-03 00:40:00,16150.0,16150.0,16150.0,16150.0,0.0,0.0,8.0
2017-06-03 00:45:00,16150.0,16150.0,16150.0,16150.0,0.0,0.0,8.0
2017-06-03 00:50:00,16150.0,16150.0,16150.0,16150.0,0.0,0.0,8.0
2017-06-03 00:55:00,16150.0,16150.0,16150.0,16150.0,0.0,0.0,8.0
2017-06-05 09:00:00,16150.0,16575.0,16150.0,16575.0,2.0,165750.0,10.0
2017-06-05 09:05:00,16575.0,16575.0,16575.0,16575.0,0.0,0.0,10.0
2017-06-05 09:10:00,16575.0,16575.0,16575.0,16575.0,0.0,0.0,10.0
2017-06-05 09:15:00,16575.0,16575.0,16575.0,16575.0,0.0,0.0,10.0
2017-06-05 09:20:00,16575.0,16575.0,16575.0,16575.0,0.0,0.0,10.0
2017-06-05 09:25:00,16575.0,16575.0,16575.0,16575.0,0.0,0.0,10.0
2017-06-05 09:30:00,16575.0,16575.0,16575.0,16575.0,0.0,0.0,10.0
2017-06-05 09:35:00,16575.0,16575.0,16575.0,16575.0,0.0,0.0,10.0
2017-06-05 09:40:00,16575.0,16575.0,16575.0,16575.0,0.0,0.0,10.0
2017-06-05 09:45:00,16575.0,16575.0,16575.0,16575.0,0.0,0.0,10.0
2017-06-05 09:50:00,16575.0,16575.0,16575.0,16575.0,0.0,0.0,10.0
2017-06-05 09:55:00,16575.0,16575.0,16575.0,16575.0,0.0,0.0,10.0
2017-06-05 10:00:00,16575.0,16575.0,16575.0,16575.0,0.0,0.0,10.0
2017-06-05 10:05:00,16575.0,16575.0,16575.0,16575.0,0.0,0.0,10.0
2017-06-05 10:10:00,16575.0,16575.0,16575.0,16575.0,0.0,0.0,10.0
2017-06-05 10:30:00,16575.0,16575.0,16575.0,16575.0,0.0,0.0,10.0
2017-06-05 10:35:00,16575.0,16575.0,16575.0,16575.0,0.0,0.0,10.0
2017-06-05 10:40:00,16575.0,16575.0,16575.0,16575.0,0.0,0.0,10.0
2017-06-05 10:45:00,16575.0,16575.0,16575.0,16575.0,0.0,0.0,10.0
2017-06-05 10:50:00,16575.0,16575.0,16575.0,16575.0,0.0,0.0,10.0
2017-06-05 10:55:00,16575.0,16575.0,16575.0,16575.0,0.0,0.0,10.0
2017-06-05 11:00:00,16575.0,16575.0,16575.0,16575.0,0.0,0.0,10.0
2017-06-05 11:05:00,16575.0,16575.0,16575.0,16575.0,0.0,0.0,10.0
2017-06-05 11:10:00,16575.0,16575.0,16575.0,16575.0,0.0,0.0,10.0
2017-06-05 11:15:00,16575.0,16575.0,16575.0,16575.0,0.0,0.0,10.0
2017-06-05 11:20:00,16575.0,16575.0,16575.0,16575.0,0.0,0.0,10.0
2017-06-05 11:25:00,16575.0,16575.0,16575.0,16575.0,0.0,0.0,10.0
2017-06-05 13:30:00,16575.0,16575.0,16575.0,16575.0,0.0,0.0,10.0
2017-06-05 13:35:00,16575.0,16575.0,16575.0,16575.0,0.0,0.0,10.0
2017-06-05 13:40:00,16575.0,16575.0,16575.0,16575.0,0.0,0.0,10.0
2017-06-05 13:45:00,16575.0,16575.0,16575.0,16575.0,0.0,0.0,10.0
2017-06-05 13:50:00,16575.0,16575.0,16575.0,16575.0,0.0,0.0,10.0
2017-06-05 13:55:00,16575.0,16575.0,16575.0,16575.0,0.0,0.0,10.0
2017-06-05 14:00:00,16575.0,16575.0,16575.0,16575.0,0.0,0.0,10.0
2017-06-05 14:05:00,16575.0,16575.0,16575.0,16575.0,0.0,0.0,10.0
2017-06-05 14:10:00,16575.0,16575.0,16575.0,16575.0,0.0,0.0,10.0
2017-06-05 14:15:00,16575.0,16575.0,16575.0,16575.0,0.0,0.0,10.0
2017-06-05 14:20:00,16575.0,16575.0,16575.0,16575.0,0.0,0.0,10.0
2017-06-05 14:25:00,16575.0,16575.0,16575.0,16575.0,0.0,0.0,10.0
2017-06-05 14:30:00,16575.0,16575.0,16575.0,16575.0,0.0,0.0,10.0
2017-06-05 14:35:00,16575.0,16575.0,16575.0,16575.0,0.0,0.0,10.0
2017-06-05 14:40:00,16575.0,16575.0,16575.0,16575.0,0.0,0.0,10.0
2017-06-05 14:45:00,16575.0,16575.0,16575.0,16575.0,0.0,0.0,10.0
2017-06-05 14:50:00,16575.0,16575.0,16575.0,16575.0,0.0,0.0,10.0
2017-06-05 14:55:00,16575.0,16575.0,16575.0,16575.0,0.0,0.0,10.0
2017-06-05 21:00:00,16575.0,16575.0,16575.0,16575.0,0.0,0.0,10.0
2017-06-05 21:05:00,16575.0,16575.0,16575.0,16575.0,0.0,0.0,10.0
2017-06-05 21:10:00,16575.0,16575.0,16575.0,16575.0,0.0,0.0,10.0
2017-06-05 21:15:00,16575.0,16605.0,16575.0,16605.0,2.0,166050.0,10.0
2017-06-05 21:20:00,16605.0,16605.0,16605.0,16605.0,0.0,0.0,10.0
2017-06-05 21:25:00,16605.0,16605.0,16605.0,16605.0,0.0,0.0,10.0
2017-06-05 21:30:00,16605.0,16605.0,16605.0,16605.0,0.0,0.0,10.0
2017-06-05 21:35:00,16605.0,16605.0,16605.0,16605.0,0.0,0.0,10.0
2017-06-05 21:40:00,16565.0,16565.0,16565.0,16565.0,2.0,165650.0,12.0
2017-06-05 21:45:00,16565.0,16565.0,16565.0,16565.0,0.0,0.0,12.0
2017-06-05 21:50:00,16565.0,16565.0,16565.0,16565.0,0.0,0.0,12.0
2017-06-05 21:55:00,16565.0,16565.0,16565.0,16565.0,0.0,0.0,12.0
2017-06-05 22:00:00,16565.0,16565.0,16565.0,16565.0,0.0,0.0,12.0
2017-06-05 22:05:00,16565.0,16565.0,16565.0,16565.0,0.0,0.0,12.0
2017-06-05 22:10:00,16565.0,16565.0,16565.0,16565.0,0.0,0.0,12.0
2017-06-05 22:15:00,16565.0,16565.0,16565.0,16565.0,0.0,0.0,12.0
2017-06-05 22:20:00,16565.0,16565.0,16565.0,16565.0,0.0,0.0,12.0
2017-06-05 22:25:00,16565.0,16565.0,16565.0,16565.0,0.0,0.0,12.0
2017-06-05 22:30:00,16565.0,16565.0,16565.0,16565.0,0.0,0.0,12.0
2017-06-05 22:35:00,16565.0,16565.0,16565.0,16565.0,0.0,0.0,12.0
2017-06-05 22:40:00,16565.0,16565.0,16565.0,16565.0,0.0,0.0,12.0
2017-06-05 22:45:00,16565.0,16565.0,16565.0,16565.0,0.0,0.0,12.0
2017-06-05 22:50:00,16565.0,16565.0,16565.0,16565.0,0.0,0.0,12.0
2017-06-05 22:55:00,16565.0,16565.0,16565.0,16565.0,0.0,0.0,12.0
2017-06-05 23:00:00,16565.0,16565.0,16565.0,16565.0,0.0,0.0,12.0
2017-06-05 23:05:00,16565.0,16565.0,16565.0,16565.0,0.0,0.0,12.0
2017-06-05 23:10:00,16565.0,16565.0,16565.0,16565.0,0.0,0.0,12.0
2017-06-05 23:15:00,16565.0,16565.0,16565.0,16565.0,0.0,0.0,12.0
2017-06-05 23:20:00,16565.0,16565.0,16565.0,16565.0,0.0,0.0,12.0
2017-06-05 23:25:00,16565.0,16565.0,16565.0,16565.0,0.0,0.0,12.0
2017-06-05 23:30:00,16565.0,16565.0,16565.0,16565.0,0.0,0.0,12.0
2017-06-05 23:35:00,16565.0,16565.0,16565.0,16565.0,0.0,0.0,12.0
2017-06-05 23:40:00,16565.0,16565.0,16565.0,16565.0,0.0,0.0,12.0
2017-06-05 23:45:00,16565.0,16565.0,16565.0,16565.0,0.0,0.0,12.0
2017-06-05 23:50:00,16565.0,16565.0,16565.0,16565.0,0.0,0.0,12.0
2017-06-05 23:55:00,16565.0,16565.0,16565.0,16565.0,0.0,0.0,12.0
2017-06-06 00:00:00,16565.0,16565.0,16565.0,16565.0,0.0,0.0,12.0
2017-06-06 00:05:00,16565.0,16565.0,16565.0,16565.0,0.0,0.0,12.0
2017-06-06 00:10:00,16565.0,16565.0,16565.0,16565.0,0.0,0.0,12.0
2017-06-06 00:15:00,16565.0,16565.0,16565.0,16565.0,0.0,0.0,12.0
2017-06-06 00:20:00,16565.0,16565.0,16565.0,16565.0,0.0,0.0,12.0
2017-06-06 00:25:00,16565.0,16565.0,16565.0,16565.0,0.0,0.0,12.0
2017-06-06 00:30:00,16565.0,16565.0,16565.0,16565.0,0.0,0.0,12.0
2017-06-06 00:35:00,16565.0,16565.0,16565.0,16565.0,0.0,0.0,12.0
2017-06-06 00:40:00,16565.0,16565.0,16565.0,16565.0,0.0,0.0,12.0
2017-06-06 00:45:00,16565.0,16565.0,16565.0,16565.0,0.0,0.0,12.0
2017-06-06 00:50:00,16565.0,16565.0,16565.0,16565.0,0.0,0.0,12.0
2017-06-06 00:55:00,16565.0,16565.0,16565.0,16565.0,0.0,0.0,12.0
2017-06-06 09:00:00,16565.0,16565.0,16565.0,16565.0,0.0,0.0,12.0
2017-06-06 09:05:00,16565.0,16565.0,16565.0,16565.0,0.0,0.0,12.0
2017-06-06 09:10:00,16565.0,16565.0,16565.0,16565.0,0.0,0.0,12.0
2017-06-06 09:15:00,16565.0,16565.0,16565.0,16565.0,0.0,0.0,12.0
2017-06-06 09:20:00,16565.0,16565.0,16565.0,16565.0,0.0,0.0,12.0
2017-06-06 09:25:00,16565.0,16565.0,16565.0,16565.0,0.0,0.0,12.0
2017-06-06 09:30:00,16565.0,16565.0,16565.0,16565.0,0.0,0.0,12.0
2017-06-06 09:35:00,16565.0,16565.0,16565.0,16565.0,0.0,0.0,12.0
2017-06-06 09:40:00,16565.0,16565.0,16565.0,16565.0,0.0,0.0,12.0
2017-06-06 09:45:00,16565.0,16565.0,16565.0,16565.0,0.0,0.0,12.0
2017-06-06 09:50:00,16565.0,16565.0,16565.0,16565.0,0.0,0.0,12.0
2017-06-06 09:55:00,16565.0,16565.0,16565.0,16565.0,0.0,0.0,12.0
2017-06-06 10:00:00,16565.0,16565.0,16565.0,16565.0,0.0,0.0,12.0
2017-06-06 10:05:00,16565.0,16565.0,16565.0,16565.0,0.0,0.0,12.0
2017-06-06 10:10:00,16565.0,16565.0,16565.0,16565.0,0.0,0.0,12.0
2017-06-06 10:30:00,16565.0,16565.0,16565.0,16565.0,0.0,0.0,12.0
2017-06-06 10:35:00,16565.0,16565.0,16565.0,16565.0,0.0,0.0,12.0
2017-06-06 10:40:00,16565.0,16565.0,16565.0,16565.0,0.0,0.0,12.0
2017-06-06 10:45:00,16565.0,16565.0,16565.0,16565.0,0.0,0.0,12.0
2017-06-06 10:50:00,16565.0,16565.0,16565.0,16565.0,0.0,0.0,12.0
2017-06-06 10:55:00,16565.0,16565.0,16565.0,16565.0,0.0,0.0,12.0
2017-06-06 11:00:00,16565.0,16565.0,16565.0,16565.0,0.0,0.0,12.0
2017-06-06 11:05:00,16565.0,16565.0,16565.0,16565.0,0.0,0.0,12.0
2017-06-06 11:10:00,16565.0,16565.0,16565.0,16565.0,0.0,0.0,12.0
2017-06-06 11:15:00,16565.0,16565.0,16565.0,16565.0,0.0,0.0,12.0
2017-06-06 11:20:00,16565.0,16565.0,16565.0,16565.0,0.0,0.0,12.0
2017-06-06 11:25:00,16565.0,16565.0,16565.0,16565.0,0.0,0.0,12.0
2017-06-06 13:30:00,16565.0,16565.0,16565.0,16565.0,0.0,0.0,12.0
2017-06-06 13:35:00,16565.0,16565.0,16565.0,16565.0,0.0,0.0,12.0
2017-06-06 13:40:00,16565.0,16565.0,16565.0,16565.0,0.0,0.0,12.0
2017-06-06 13:45:00,16565.0,16565.0,16565.0,16565.0,0.0,0.0,12.0
2017-06-06 13:50:00,16565.0,16565.0,16565.0,16565.0,0.0,0.0,12.0
2017-06-06 13:55:00,16565.0,16565.0,16565.0,16565.0,0.0,0.0,12.0
2017-06-06 14:00:00,16565.0,16565.0,16565.0,16565.0,0.0,0.0,12.0
2017-06-06 14:05:00,16565.0,16565.0,16565.0,16565.0,0.0,0.0,12.0
2017-06-06 14:10:00,16565.0,16565.0,16565.0,16565.0,0.0,0.0,12.0
2017-06-06 14:15:00,16565.0,16565.0,16565.0,16565.0,0.0,0.0,12.0
2017-06-06 14:20:00,16565.0,16565.0,16565.0,16565.0,0.0,0.0,12.0
2017-06-06 14:25:00,16565.0,16565.0,16565.0,16565.0,0.0,0.0,12.0
2017-06-06 14:30:00,16565.0,16565.0,16565.0,16565.0,0.0,0.0,12.0
2017-06-06 14:35:00,16565.0,16565.0,16565.0,16565.0,0.0,0.0,12.0
2017-06-06 14:40:00,16565.0,16565.0,16565.0,16565.0,0.0,0.0,12.0
2017-06-06 14:45:00,16565.0,16565.0,16565.0,16565.0,0.0,0.0,12.0
2017-06-06 14:50:00,16565.0,16565.0,16565.0,16565.0,0.0,0.0,12.0
2017-06-06 14:55:00,16565.0,16565.0,16565.0,16565.0,0.0,0.0,12.0
2017-06-06 21:00:00,16585.0,16585.0,16585.0,16585.0,0.0,0.0,12.0
2017-06-06 21:05:00,16585.0,16585.0,16585.0,16585.0,0.0,0.0,12.0
2017-06-06 21:10:00,16585.0,16585.0,16585.0,16585.0,0.0,0.0,12.0
2017-06-06 21:15:00,16585.0,16585.0,16585.0,16585.0,0.0,0.0,12.0
2017-06-06 21:20:00,16585.0,16585.0,16585.0,16585.0,0.0,0.0,12.0
2017-06-06 21:25:00,16585.0,16585.0,16585.0,16585.0,0.0,0.0,12.0
2017-06-06 21:30:00,16585.0,16585.0,16585.0,16585.0,0.0,0.0,12.0
2017-06-06 21:35:00,16585.0,16585.0,16585.0,16585.0,0.0,0.0,12.0
2017-06-06 21:40:00,16585.0,16585.0,16585.0,16585.0,0.0,0.0,12.0
2017-06-06 21:45:00,16585.0,16585.0,16585.0,16585.0,0.0,0.0,12.0
2017-06-06 21:50:00,16585.0,16585.0,16585.0,16585.0,0.0,0.0,12.0
2017-06-06 21:55:00,16585.0,16585.0,16585.0,16585.0,0.0,0.0,12.0
2017-06-06 22:00:00,16585.0,16585.0,16585.0,16585.0,0.0,0.0,12.0
2017-06-06 22:05:00,16585.0,16585.0,16585.0,16585.0,0.0,0.0,12.0
2017-06-06 22:10:00,16585.0,16585.0,16585.0,16585.0,0.0,0.0,12.0
2017-06-06 22:15:00,16585.0,16585.0,16585.0,16585.0,0.0,0.0,12.0
2017-06-06 22:20:00,16585.0,16585.0,16585.0,16585.0,0.0,0.0,12.0
2017-06-06 22:25:00,16585.0,16585.0,16585.0,16585.0,0.0,0.0,12.0
2017-06-06 22:30:00,16585.0,16585.0,16585.0,16585.0,0.0,0.0,12.0
2017-06-06 22:35:00,16585.0,16585.0,16585.0,16585.0,0.0,0.0,12.0
2017-06-06 22:40:00,16585.0,16585.0,16585.0,16585.0,0.0,0.0,12.0
2017-06-06 22:45:00,16585.0,16585.0,16585.0,16585.0,0.0,0.0,12.0
2017-06-06 22:50:00,16585.0,16585.0,16585.0,16585.0,0.0,0.0,12.0
2017-06-06 22:55:00,16585.0,16585.0,16585.0,16585.0,0.0,0.0,12.0
2017-06-06 23:00:00,16585.0,16585.0,16585.0,16585.0,0.0,0.0,12.0
2017-06-06 23:05:00,16585.0,16585.0,16585.0,16585.0,0.0,0.0,12.0
2017-06-06 23:10:00,16585.0,16585.0,16585.0,16585.0,0.0,0.0,12.0
2017-06-06 23:15:00,16585.0,16585.0,16585.0,16585.0,0.0,0.0,12.0
2017-06-06 23:20:00,16585.0,16585.0,16585.0,16585.0,0.0,0.0,12.0
2017-06-06 23:25:00,16585.0,16585.0,16585.0,16585.0,0.0,0.0,12.0
2017-06-06 23:30:00,16585.0,16585.0,16585.0,16585.0,0.0,0.0,12.0
2017-06-06 23:35:00,16585.0,16585.0,16585.0,16585.0,0.0,0.0,12.0
2017-06-06 23:40:00,16585.0,16585.0,16585.0,16585.0,0.0,0.0,12.0
2017-06-06 23:45:00,16585.0,16585.0,16585.0,16585.0,0.0,0.0,12.0
2017-06-06 23:50:00,16585.0,16585.0,16585.0,16585.0,0.0,0.0,12.0
2017-06-06 23:55:00,16585.0,16585.0,16585.0,16585.0,0.0,0.0,12.0
2017-06-07 00:00:00,16585.0,16585.0,16585.0,16585.0,0.0,0.0,12.0
2017-06-07 00:05:00,16585.0,16585.0,16585.0,16585.0,0.0,0.0,12.0
2017-06-07 00:10:00,16585.0,16585.0,16585.0,16585.0,0.0,0.0,12.0
2017-06-07 00:15:00,16585.0,16585.0,16585.0,16585.0,0.0,0.0,12.0
2017-06-07 00:20:00,16585.0,16585.0,16585.0,16585.0,0.0,0.0,12.0
2017-06-07 00:25:00,16585.0,16585.0,16585.0,16585.0,0.0,0.0,12.0
2017-06-07 00:30:00,16585.0,16585.0,16585.0,16585.0,0.0,0.0,12.0
2017-06-07 00:35:00,16585.0,16585.0,16585.0,16585.0,0.0,0.0,12.0
2017-06-07 00:40:00,16585.0,16585.0,16585.0,16585.0,0.0,0.0,12.0
2017-06-07 00:45:00,16585.0,16585.0,16585.0,16585.0,0.0,0.0,12.0
2017-06-07 00:50:00,16585.0,16585.0,16585.0,16585.0,0.0,0.0,12.0
2017-06-07 00:55:00,16585.0,16585.0,16585.0,16585.0,0.0,0.0,12.0
2017-06-07 09:00:00,16585.0,16585.0,16585.0,16585.0,0.0,0.0,12.0
2017-06-07 09:05:00,16585.0,16585.0,16585.0,16585.0,0.0,0.0,12.0
2017-06-07 09:10:00,16585.0,16585.0,16585.0,16585.0,0.0,0.0,12.0
2017-06-07 09:15:00,16585.0,16585.0,16585.0,16585.0,0.0,0.0,12.0
2017-06-07 09:20:00,16585.0,16585.0,16585.0,16585.0,0.0,0.0,12.0
2017-06-07 09:25:00,16585.0,16585.0,16585.0,16585.0,0.0,0.0,12.0
2017-06-07 09:30:00,16585.0,16585.0,16585.0,16585.0,0.0,0.0,12.0
2017-06-07 09:35:00,16585.0,16585.0,16585.0,16585.0,0.0,0.0,12.0
2017-06-07 09:40:00,16585.0,16585.0,16585.0,16585.0,0.0,0.0,12.0
2017-06-07 09:45:00,16585.0,16585.0,16585.0,16585.0,0.0,0.0,12.0
2017-06-07 09:50:00,16585.0,16585.0,16585.0,16585.0,0.0,0.0,12.0
2017-06-07 09:55:00,16585.0,16585.0,16585.0,16585.0,0.0,0.0,12.0
2017-06-07 10:00:00,16585.0,16585.0,16585.0,16585.0,0.0,0.0,12.0
2017-06-07 10:05:00,16585.0,16585.0,16585.0,16585.0,0.0,0.0,12.0
2017-06-07 10:10:00,16585.0,16585.0,16585.0,16585.0,0.0,0.0,12.0
2017-06-07 10:30:00,16585.0,16585.0,16585.0,16585.0,0.0,0.0,12.0
2017-06-07 10:35:00,16585.0,16585.0,16585.0,16585.0,0.0,0.0,12.0
2017-06-07 10:40:00,16585.0,16585.0,16585.0,16585.0,0.0,0.0,12.0
2017-06-07 10:45:00,16585.0,16585.0,16585.0,16585.0,0.0,0.0,12.0
2017-06-07 10:50:00,16585.0,16585.0,16585.0,16585.0,0.0,0.0,12.0
2017-06-07 10:55:00,16585.0,16585.0,16585.0,16585.0,0.0,0.0,12.0
2017-06-07 11:00:00,16585.0,16585.0,16585.0,16585.0,0.0,0.0,12.0
2017-06-07 11:05:00,16585.0,16585.0,16585.0,16585.0,0.0,0.0,12.0
2017-06-07 11:10:00,16585.0,16585.0,16585.0,16585.0,0.0,0.0,12.0
2017-06-07 11:15:00,16585.0,16585.0,16585.0,16585.0,0.0,0.0,12.0
2017-06-07 11:20:00,16585.0,16585.0,16585.0,16585.0,0.0,0.0,12.0
2017-06-07 11:25:00,16585.0,16585.0,16585.0,16585.0,0.0,0.0,12.0
2017-06-07 13:30:00,16585.0,16585.0,16585.0,16585.0,0.0,0.0,12.0
2017-06-07 13:35:00,16585.0,16585.0,16585.0,16585.0,0.0,0.0,12.0
2017-06-07 13:40:00,16585.0,16585.0,16585.0,16585.0,0.0,0.0,12.0
2017-06-07 13:45:00,16585.0,16585.0,16585.0,16585.0,0.0,0.0,12.0
2017-06-07 13:50:00,16585.0,16585.0,16585.0,16585.0,0.0,0.0,12.0
2017-06-07 13:55:00,16585.0,16585.0,16585.0,16585.0,0.0,0.0,12.0
2017-06-07 14:00:00,16585.0,16585.0,16585.0,16585.0,0.0,0.0,12.0
2017-06-07 14:05:00,16585.0,16585.0,16585.0,16585.0,0.0,0.0,12.0
2017-06-07 14:10:00,16585.0,16585.0,16585.0,16585.0,0.0,0.0,12.0
2017-06-07 14:15:00,16585.0,16585.0,16585.0,16585.0,0.0,0.0,12.0
2017-06-07 14:20:00,16585.0,16585.0,16585.0,16585.0,0.0,0.0,12.0
2017-06-07 14:25:00,16585.0,16585.0,16585.0,16585.0,0.0,0.0,12.0
2017-06-07 14:30:00,16585.0,16585.0,16585.0,16585.0,0.0,0.0,12.0
2017-06-07 14:35:00,16585.0,16585.0,16585.0,16585.0,0.0,0.0,12.0
2017-06-07 14:40:00,16585.0,16585.0,16585.0,16585.0,0.0,0.0,12.0
2017-06-07 14:45:00,16585.0,16585.0,16585.0,16585.0,0.0,0.0,12.0
2017-06-07 14:50:00,16585.0,16585.0,16585.0,16585.0,0.0,0.0,12.0
2017-06-07 14:55:00,16585.0,16585.0,16585.0,16585.0,0.0,0.0,12.0
2017-06-07 21:00:00,16585.0,16585.0,16585.0,16585.0,0.0,0.0,12.0
2017-06-07 21:05:00,16585.0,16585.0,16585.0,16585.0,0.0,0.0,12.0
2017-06-07 21:10:00,16585.0,16585.0,16585.0,16585.0,0.0,0.0,12.0
2017-06-07 21:15:00,16585.0,16585.0,16585.0,16585.0,0.0,0.0,12.0
2017-06-07 21:20:00,16585.0,16585.0,16585.0,16585.0,0.0,0.0,12.0
2017-06-07 21:25:00,16585.0,16585.0,16585.0,16585.0,0.0,0.0,12.0
2017-06-07 21:30:00,16585.0,16585.0,16585.0,16585.0,0.0,0.0,12.0
2017-06-07 21:35:00,16585.0,16585.0,16585.0,16585.0,0.0,0.0,12.0
2017-06-07 21:40:00,16585.0,16585.0,16585.0,16585.0,0.0,0.0,12.0
2017-06-07 21:45:00,16585.0,16585.0,16585.0,16585.0,0.0,0.0,12.0
2017-06-07 21:50:00,16585.0,16585.0,16585.0,16585.0,0.0,0.0,12.0
2017-06-07 21:55:00,16585.0,16585.0,16585.0,16585.0,0.0,0.0,12.0
2017-06-07 22:00:00,16585.0,16585.0,16585.0,16585.0,0.0,0.0,12.0
2017-06-07 22:05:00,16585.0,16585.0,16585.0,16585.0,0.0,0.0,12.0
2017-06-07 22:10:00,16585.0,16585.0,16585.0,16585.0,0.0,0.0,12.0
2017-06-07 22:15:00,16585.0,16585.0,16585.0,16585.0,0.0,0.0,12.0
2017-06-07 22:20:00,16585.0,16585.0,16585.0,16585.0,0.0,0.0,12.0
2017-06-07 22:25:00,16585.0,16585.0,16585.0,16585.0,0.0,0.0,12.0
2017-06-07 22:30:00,16585.0,16585.0,16585.0,16585.0,0.0,0.0,12.0
2017-06-07 22:35:00,16585.0,16585.0,16585.0,16585.0,0.0,0.0,12.0
2017-06-07 22:40:00,16585.0,16585.0,16585.0,16585.0,0.0,0.0,12.0
2017-06-07 22:45:00,16585.0,16585.0,16585.0,16585.0,0.0,0.0,12.0
2017-06-07 22:50:00,16585.0,16585.0,16585.0,16585.0,0.0,0.0,12.0
2017-06-07 22:55:00,16585.0,16585.0,16585.0,16585.0,0.0,0.0,12.0
2017-06-07 23:00:00,16585.0,16585.0,16585.0,16585.0,0.0,0.0,12.0
2017-06-07 23:05:00,16585.0,16585.0,16585.0,16585.0,0.0,0.0,12.0
2017-06-07 23:10:00,16585.0,16585.0,16585.0,16585.0,0.0,0.0,12.0
2017-06-07 23:15:00,16585.0,16585.0,16585.0,16585.0,0.0,0.0,12.0
2017-06-07 23:20:00,16585.0,16585.0,16585.0,16585.0,0.0,0.0,12.0
2017-06-07 23:25:00,16585.0,16585.0,16585.0,16585.0,0.0,0.0,12.0
2017-06-07 23:30:00,16585.0,16585.0,16585.0,16585.0,0.0,0.0,12.0
2017-06-07 23:35:00,16585.0,16585.0,16585.0,16585.0,0.0,0.0,12.0
2017-06-07 23:40:00,16585.0,16585.0,16585.0,16585.0,0.0,0.0,12.0
2017-06-07 23:45:00,16585.0,16585.0,16585.0,16585.0,0.0,0.0,12.0
2017-06-07 23:50:00,16585.0,16585.0,16585.0,16585.0,0.0,0.0,12.0
2017-06-07 23:55:00,16585.0,16585.0,16585.0,16585.0,0.0,0.0,12.0
2017-06-08 00:00:00,16585.0,16585.0,16585.0,16585.0,0.0,0.0,12.0
2017-06-08 00:05:00,16585.0,16585.0,16585.0,16585.0,0.0,0.0,12.0
2017-06-08 00:10:00,16585.0,16585.0,16585.0,16585.0,0.0,0.0,12.0
2017-06-08 00:15:00,16585.0,16585.0,16585.0,16585.0,0.0,0.0,12.0
2017-06-08 00:20:00,16585.0,16585.0,16585.0,16585.0,0.0,0.0,12.0
2017-06-08 00:25:00,16585.0,16585.0,16585.0,16585.0,0.0,0.0,12.0
2017-06-08 00:30:00,16585.0,16585.0,16585.0,16585.0,0.0,0.0,12.0
2017-06-08 00:35:00,16585.0,16585.0,16585.0,16585.0,0.0,0.0,12.0
2017-06-08 00:40:00,16585.0,16585.0,16585.0,16585.0,0.0,0.0,12.0
2017-06-08 00:45:00,16585.0,16585.0,16585.0,16585.0,0.0,0.0,12.0
2017-06-08 00:50:00,16585.0,16585.0,16585.0,16585.0,0.0,0.0,12.0
2017-06-08 00:55:00,16585.0,16585.0,16585.0,16585.0,0.0,0.0,12.0
2017-06-08 09:00:00,16585.0,16585.0,16585.0,16585.0,0.0,0.0,12.0
2017-06-08 09:05:00,16585.0,16585.0,16585.0,16585.0,0.0,0.0,12.0
2017-06-08 09:10:00,16585.0,16585.0,16585.0,16585.0,0.0,0.0,12.0
2017-06-08 09:15:00,16585.0,16585.0,16585.0,16585.0,0.0,0.0,12.0
2017-06-08 09:20:00,16585.0,16585.0,16585.0,16585.0,0.0,0.0,12.0
2017-06-08 09:25:00,16585.0,16585.0,16585.0,16585.0,0.0,0.0,12.0
2017-06-08 09:30:00,16585.0,16585.0,16585.0,16585.0,0.0,0.0,12.0
2017-06-08 09:35:00,16585.0,16585.0,16585.0,16585.0,0.0,0.0,12.0
2017-06-08 09:40:00,16585.0,16585.0,16585.0,16585.0,0.0,0.0,12.0
2017-06-08 09:45:00,16585.0,16585.0,16585.0,16585.0,0.0,0.0,12.0
2017-06-08 09:50:00,16585.0,16585.0,16585.0,16585.0,0.0,0.0,12.0
2017-06-08 09:55:00,16585.0,16585.0,16585.0,16585.0,0.0,0.0,12.0
2017-06-08 10:00:00,16585.0,16585.0,16585.0,16585.0,0.0,0.0,12.0
2017-06-08 10:05:00,16585.0,16585.0,16585.0,16585.0,0.0,0.0,12.0
2017-06-08 10:10:00,16585.0,16585.0,16585.0,16585.0,0.0,0.0,12.0
2017-06-08 10:30:00,16585.0,16585.0,16585.0,16585.0,0.0,0.0,12.0
2017-06-08 10:35:00,16585.0,16585.0,16585.0,16585.0,0.0,0.0,12.0
2017-06-08 10:40:00,16585.0,16585.0,16585.0,16585.0,0.0,0.0,12.0
2017-06-08 10:45:00,16585.0,16585.0,16585.0,16585.0,0.0,0.0,12.0
2017-06-08 10:50:00,16585.0,16585.0,16585.0,16585.0,0.0,0.0,12.0
2017-06-08 10:55:00,16585.0,16585.0,16585.0,16585.0,0.0,0.0,12.0
2017-06-08 11:00:00,16585.0,16585.0,16585.0,16585.0,0.0,0.0,12.0
2017-06-08 11:05:00,16585.0,16585.0,16585.0,16585.0,0.0,0.0,12.0
2017-06-08 11:10:00,16585.0,16585.0,16585.0,16585.0,0.0,0.0,12.0
2017-06-08 11:15:00,16585.0,16585.0,16585.0,16585.0,0.0,0.0,12.0
2017-06-08 11:20:00,16585.0,16585.0,16585.0,16585.0,0.0,0.0,12.0
2017-06-08 11:25:00,16585.0,16585.0,16585.0,16585.0,0.0,0.0,12.0
2017-06-08 13:30:00,16585.0,16585.0,16585.0,16585.0,0.0,0.0,12.0
2017-06-08 13:35:00,16585.0,16585.0,16585.0,16585.0,0.0,0.0,12.0
2017-06-08 13:40:00,16585.0,16585.0,16585.0,16585.0,0.0,0.0,12.0
2017-06-08 13:45:00,16585.0,16585.0,16585.0,16585.0,0.0,0.0,12.0
2017-06-08 13:50:00,16585.0,16585.0,16585.0,16585.0,0.0,0.0,12.0
2017-06-08 13:55:00,16585.0,16585.0,16585.0,16585.0,0.0,0.0,12.0
2017-06-08 14:00:00,16585.0,16585.0,16585.0,16585.0,0.0,0.0,12.0
2017-06-08 14:05:00,16585.0,16585.0,16585.0,16585.0,0.0,0.0,12.0
2017-06-08 14:10:00,16585.0,16585.0,16585.0,16585.0,0.0,0.0,12.0
2017-06-08 14:15:00,16585.0,16585.0,16585.0,16585.0,0.0,0.0,12.0
2017-06-08 14:20:00,16585.0,16585.0,16585.0,16585.0,0.0,0.0,12.0
2017-06-08 14:25:00,16585.0,16585.0,16585.0,16585.0,0.0,0.0,12.0
2017-06-08 14:30:00,16585.0,16585.0,16585.0,16585.0,0.0,0.0,12.0
2017-06-08 14:35:00,16585.0,16585.0,16585.0,16585.0,0.0,0.0,12.0
2017-06-08 14:40:00,16585.0,16585.0,16585.0,16585.0,0.0,0.0,12.0
2017-06-08 14:45:00,16585.0,16585.0,16585.0,16585.0,0.0,0.0,12.0
2017-06-08 14:50:00,16585.0,16585.0,16585.0,16585.0,0.0,0.0,12.0
2017-06-08 14:55:00,16585.0,16585.0,16585.0,16585.0,0.0,0.0,12.0
2017-06-08 21:00:00,16585.0,16585.0,16585.0,16585.0,0.0,0.0,12.0
2017-06-08 21:05:00,16585.0,16585.0,16585.0,16585.0,0.0,0.0,12.0
2017-06-08 21:10:00,16585.0,16585.0,16585.0,16585.0,0.0,0.0,12.0
2017-06-08 21:15:00,16585.0,16585.0,16585.0,16585.0,0.0,0.0,12.0
2017-06-08 21:20:00,16585.0,16585.0,16585.0,16585.0,0.0,0.0,12.0
2017-06-08 21:25:00,16585.0,16585.0,16585.0,16585.0,0.0,0.0,12.0
2017-06-08 21:30:00,16585.0,16585.0,16585.0,16585.0,0.0,0.0,12.0
2017-06-08 21:35:00,16585.0,16585.0,16585.0,16585.0,0.0,0.0,12.0
2017-06-08 21:40:00,16585.0,16585.0,16585.0,16585.0,0.0,0.0,12.0
2017-06-08 21:45:00,16585.0,16585.0,16585.0,16585.0,0.0,0.0,12.0
2017-06-08 21:50:00,16585.0,16585.0,16585.0,16585.0,0.0,0.0,12.0
2017-06-08 21:55:00,16585.0,16585.0,16585.0,16585.0,0.0,0.0,12.0
2017-06-08 22:00:00,16585.0,16585.0,16585.0,16585.0,0.0,0.0,12.0
2017-06-08 22:05:00,16585.0,16585.0,16585.0,16585.0,0.0,0.0,12.0
2017-06-08 22:10:00,16585.0,16585.0,16585.0,16585.0,0.0,0.0,12.0
2017-06-08 22:15:00,16585.0,16585.0,16585.0,16585.0,0.0,0.0,12.0
2017-06-08 22:20:00,16585.0,16585.0,16585.0,16585.0,0.0,0.0,12.0
2017-06-08 22:25:00,16585.0,16585.0,16585.0,16585.0,0.0,0.0,12.0
2017-06-08 22:30:00,16585.0,16585.0,16585.0,16585.0,0.0,0.0,12.0
2017-06-08 22:35:00,16585.0,16585.0,16585.0,16585.0,0.0,0.0,12.0
2017-06-08 22:40:00,16585.0,16585.0,16585.0,16585.0,0.0,0.0,12.0
2017-06-08 22:45:00,16585.0,16585.0,16585.0,16585.0,0.0,0.0,12.0
2017-06-08 22:50:00,16585.0,16585.0,16585.0,16585.0,0.0,0.0,12.0
2017-06-08 22:55:00,16585.0,16585.0,16585.0,16585.0,0.0,0.0,12.0
2017-06-08 23:00:00,16585.0,16585.0,16585.0,16585.0,0.0,0.0,12.0
2017-06-08 23:05:00,16585.0,16585.0,16585.0,16585.0,0.0,0.0,12.0
2017-06-08 23:10:00,16585.0,16585.0,16585.0,16585.0,0.0,0.0,12.0
2017-06-08 23:15:00,16585.0,16585.0,16585.0,16585.0,0.0,0.0,12.0
2017-06-08 23:20:00,16585.0,16585.0,16585.0,16585.0,0.0,0.0,12.0
2017-06-08 23:25:00,16585.0,16585.0,16585.0,16585.0,0.0,0.0,12.0
2017-06-08 23:30:00,16585.0,16585.0,16585.0,16585.0,0.0,0.0,12.0
2017-06-08 23:35:00,16585.0,16585.0,16585.0,16585.0,0.0,0.0,12.0
2017-06-08 23:40:00,16585.0,16585.0,16585.0,16585.0,0.0,0.0,12.0
2017-06-08 23:45:00,16585.0,16585.0,16585.0,16585.0,0.0,0.0,12.0
2017-06-08 23:50:00,16585.0,16585.0,16585.0,16585.0,0.0,0.0,12.0
2017-06-08 23:55:00,16585.0,16585.0,16585.0,16585.0,0.0,0.0,12.0
2017-06-09 00:00:00,16585.0,16585.0,16585.0,16585.0,0.0,0.0,12.0
2017-06-09 00:05:00,16585.0,16585.0,16585.0,16585.0,0.0,0.0,12.0
2017-06-09 00:10:00,16585.0,16585.0,16585.0,16585.0,0.0,0.0,12.0
2017-06-09 00:15:00,16585.0,16585.0,16585.0,16585.0,0.0,0.0,12.0
2017-06-09 00:20:00,16585.0,16585.0,16585.0,16585.0,0.0,0.0,12.0
2017-06-09 00:25:00,16585.0,16585.0,16585.0,16585.0,0.0,0.0,12.0
2017-06-09 00:30:00,16585.0,16585.0,16585.0,16585.0,0.0,0.0,12.0
2017-06-09 00:35:00,16585.0,16585.0,16585.0,16585.0,0.0,0.0,12.0
2017-06-09 00:40:00,16585.0,16585.0,16585.0,16585.0,0.0,0.0,12.0
2017-06-09 00:45:00,16585.0,16585.0,16585.0,16585.0,0.0,0.0,12.0
2017-06-09 00:50:00,16585.0,16585.0,16585.0,16585.0,0.0,0.0,12.0
2017-06-09 00:55:00,16585.0,16585.0,16585.0,16585.0,0.0,0.0,12.0
2017-06-09 09:00:00,16585.0,16585.0,16585.0,16585.0,0.0,0.0,12.0
2017-06-09 09:05:00,16585.0,16585.0,16585.0,16585.0,0.0,0.0,12.0
2017-06-09 09:10:00,16585.0,16585.0,16585.0,16585.0,0.0,0.0,12.0
2017-06-09 09:15:00,16585.0,16585.0,16585.0,16585.0,0.0,0.0,12.0
2017-06-09 09:20:00,16585.0,16585.0,16585.0,16585.0,0.0,0.0,12.0
2017-06-09 09:25:00,16585.0,16585.0,16585.0,16585.0,0.0,0.0,12.0
2017-06-09 09:30:00,16585.0,16585.0,16585.0,16585.0,0.0,0.0,12.0
2017-06-09 09:35:00,16585.0,16585.0,16585.0,16585.0,0.0,0.0,12.0
2017-06-09 09:40:00,16585.0,16585.0,16585.0,16585.0,0.0,0.0,12.0
2017-06-09 09:45:00,16585.0,16585.0,16585.0,16585.0,0.0,0.0,12.0
2017-06-09 09:50:00,16585.0,16585.0,16585.0,16585.0,0.0,0.0,12.0
2017-06-09 09:55:00,16585.0,16585.0,16585.0,16585.0,0.0,0.0,12.0
2017-06-09 10:00:00,16585.0,16585.0,16585.0,16585.0,0.0,0.0,12.0
2017-06-09 10:05:00,16585.0,16585.0,16585.0,16585.0,0.0,0.0,12.0
2017-06-09 10:10:00,16585.0,16585.0,16585.0,16585.0,0.0,0.0,12.0
2017-06-09 10:30:00,16585.0,16585.0,16585.0,16585.0,0.0,0.0,12.0
2017-06-09 10:35:00,16585.0,16585.0,16585.0,16585.0,0.0,0.0,12.0
2017-06-09 10:40:00,16585.0,16585.0,16585.0,16585.0,0.0,0.0,12.0
2017-06-09 10:45:00,16585.0,16585.0,16585.0,16585.0,0.0,0.0,12.0
2017-06-09 10:50:00,16585.0,16585.0,16585.0,16585.0,0.0,0.0,12.0
2017-06-09 10:55:00,16585.0,16585.0,16585.0,16585.0,0.0,0.0,12.0
2017-06-09 11:00:00,16585.0,16585.0,16585.0,16585.0,0.0,0.0,12.0
2017-06-09 11:05:00,16585.0,16585.0,16585.0,16585.0,0.0,0.0,12.0
2017-06-09 11:10:00,16585.0,16585.0,16585.0,16585.0,0.0,0.0,12.0
2017-06-09 11:15:00,16585.0,16585.0,16585.0,16585.0,0.0,0.0,12.0
2017-06-09 11:20:00,16585.0,16585.0,16585.0,16585.0,0.0,0.0,12.0
2017-06-09 11:25:00,16585.0,16585.0,16585.0,16585.0,0.0,0.0,12.0
2017-06-09 13:30:00,16585.0,16585.0,16585.0,16585.0,0.0,0.0,12.0
2017-06-09 13:35:00,16585.0,16585.0,16585.0,16585.0,0.0,0.0,12.0
2017-06-09 13:40:00,16585.0,16585.0,16585.0,16585.0,0.0,0.0,12.0
2017-06-09 13:45:00,16585.0,16585.0,16585.0,16585.0,0.0,0.0,12.0
2017-06-09 13:50:00,16585.0,16585.0,16585.0,16585.0,0.0,0.0,12.0
2017-06-09 13:55:00,16585.0,16585.0,16585.0,16585.0,0.0,0.0,12.0
2017-06-09 14:00:00,16585.0,16585.0,16585.0,16585.0,0.0,0.0,12.0
2017-06-09 14:05:00,16585.0,16585.0,16585.0,16585.0,0.0,0.0,12.0
2017-06-09 14:10:00,16585.0,16585.0,16585.0,16585.0,0.0,0.0,12.0
2017-06-09 14:15:00,16585.0,16585.0,16585.0,16585.0,0.0,0.0,12.0
2017-06-09 14:20:00,16585.0,16585.0,16585.0,16585.0,0.0,0.0,12.0
2017-06-09 14:25:00,16585.0,16585.0,16585.0,16585.0,0.0,0.0,12.0
2017-06-09 14:30:00,16585.0,16585.0,16585.0,16585.0,0.0,0.0,12.0
2017-06-09 14:35:00,16585.0,16585.0,16585.0,16585.0,0.0,0.0,12.0
2017-06-09 14:40:00,16585.0,16585.0,16585.0,16585.0,0.0,0.0,12.0
2017-06-09 14:45:00,16585.0,16585.0,16585.0,16585.0,0.0,0.0,12.0
2017-06-09 14:50:00,16585.0,16585.0,16585.0,16585.0,0.0,0.0,12.0
2017-06-09 14:55:00,16585.0,16585.0,16585.0,16585.0,0.0,0.0,12.0
2017-06-09 21:00:00,16890.0,16890.0,16890.0,16890.0,0.0,0.0,12.0
2017-06-09 21:05:00,16890.0,16890.0,16890.0,16890.0,0.0,0.0,12.0
2017-06-09 21:10:00,16890.0,16890.0,16890.0,16890.0,0.0,0.0,12.0
2017-06-09 21:15:00,16890.0,16890.0,16890.0,16890.0,0.0,0.0,12.0
2017-06-09 21:20:00,16890.0,16890.0,16890.0,16890.0,0.0,0.0,12.0
2017-06-09 21:25:00,16890.0,16890.0,16890.0,16890.0,0.0,0.0,12.0
2017-06-09 21:30:00,16890.0,16890.0,16890.0,16890.0,0.0,0.0,12.0
2017-06-09 21:35:00,16890.0,16890.0,16890.0,16890.0,0.0,0.0,12.0
2017-06-09 21:40:00,16890.0,16890.0,16890.0,16890.0,0.0,0.0,12.0
2017-06-09 21:45:00,16890.0,16890.0,16890.0,16890.0,0.0,0.0,12.0
2017-06-09 21:50:00,16890.0,16890.0,16890.0,16890.0,0.0,0.0,12.0
2017-06-09 21:55:00,16890.0,16890.0,16890.0,16890.0,0.0,0.0,12.0
2017-06-09 22:00:00,16890.0,16890.0,16890.0,16890.0,0.0,0.0,12.0
2017-06-09 22:05:00,16890.0,16890.0,16890.0,16890.0,0.0,0.0,12.0
2017-06-09 22:10:00,16890.0,16890.0,16890.0,16890.0,0.0,0.0,12.0
2017-06-09 22:15:00,16890.0,16890.0,16890.0,16890.0,0.0,0.0,12.0
2017-06-09 22:20:00,16890.0,16890.0,16890.0,16890.0,0.0,0.0,12.0
2017-06-09 22:25:00,16890.0,16890.0,16890.0,16890.0,0.0,0.0,12.0
2017-06-09 22:30:00,16890.0,16890.0,16890.0,16890.0,0.0,0.0,12.0
2017-06-09 22:35:00,16890.0,16890.0,16890.0,16890.0,0.0,0.0,12.0
2017-06-09 22:40:00,16890.0,16890.0,16890.0,16890.0,0.0,0.0,12.0
2017-06-09 22:45:00,16890.0,16890.0,16890.0,16890.0,0.0,0.0,12.0
2017-06-09 22:50:00,16890.0,16890.0,16890.0,16890.0,0.0,0.0,12.0
2017-06-09 22:55:00,16890.0,16890.0,16890.0,16890.0,0.0,0.0,12.0
2017-06-09 23:00:00,16890.0,16890.0,16890.0,16890.0,0.0,0.0,12.0
2017-06-09 23:05:00,16890.0,16890.0,16890.0,16890.0,0.0,0.0,12.0
2017-06-09 23:10:00,16890.0,16890.0,16890.0,16890.0,0.0,0.0,12.0
2017-06-09 23:15:00,16890.0,16890.0,16890.0,16890.0,0.0,0.0,12.0
2017-06-09 23:20:00,16890.0,16890.0,16890.0,16890.0,0.0,0.0,12.0
2017-06-09 23:25:00,16890.0,16890.0,16890.0,16890.0,0.0,0.0,12.0
2017-06-09 23:30:00,16890.0,16890.0,16890.0,16890.0,0.0,0.0,12.0
2017-06-09 23:35:00,16890.0,16890.0,16890.0,16890.0,0.0,0.0,12.0
2017-06-09 23:40:00,16890.0,16890.0,16890.0,16890.0,0.0,0.0,12.0
2017-06-09 23:45:00,16890.0,16890.0,16890.0,16890.0,0.0,0.0,12.0
2017-06-09 23:50:00,16890.0,16890.0,16890.0,16890.0,0.0,0.0,12.0
2017-06-09 23:55:00,16890.0,16890.0,16890.0,16890.0,0.0,0.0,12.0
2017-06-10 00:00:00,16890.0,16890.0,16890.0,16890.0,0.0,0.0,12.0
2017-06-10 00:05:00,16890.0,16890.0,16890.0,16890.0,0.0,0.0,12.0
2017-06-10 00:10:00,16890.0,16890.0,16890.0,16890.0,0.0,0.0,12.0
2017-06-10 00:15:00,16890.0,16890.0,16890.0,16890.0,0.0,0.0,12.0
2017-06-10 00:20:00,16890.0,16890.0,16890.0,16890.0,0.0,0.0,12.0
2017-06-10 00:25:00,16890.0,16890.0,16890.0,16890.0,0.0,0.0,12.0
2017-06-10 00:30:00,16890.0,16890.0,16890.0,16890.0,0.0,0.0,12.0
2017-06-10 00:35:00,16890.0,16890.0,16890.0,16890.0,0.0,0.0,12.0
2017-06-10 00:40:00,16890.0,16890.0,16890.0,16890.0,0.0,0.0,12.0
2017-06-10 00:45:00,16890.0,16890.0,16890.0,16890.0,0.0,0.0,12.0
2017-06-10 00:50:00,16890.0,16890.0,16890.0,16890.0,0.0,0.0,12.0
2017-06-10 00:55:00,16890.0,16890.0,16890.0,16890.0,0.0,0.0,12.0
2017-06-12 09:00:00,16890.0,16890.0,16890.0,16890.0,0.0,0.0,12.0
2017-06-12 09:05:00,16890.0,16890.0,16890.0,16890.0,0.0,0.0,12.0
2017-06-12 09:10:00,16890.0,16890.0,16890.0,16890.0,0.0,0.0,12.0
2017-06-12 09:15:00,16890.0,16890.0,16890.0,16890.0,0.0,0.0,12.0
2017-06-12 09:20:00,16890.0,16890.0,16890.0,16890.0,0.0,0.0,12.0
2017-06-12 09:25:00,16890.0,16890.0,16890.0,16890.0,0.0,0.0,12.0
2017-06-12 09:30:00,16890.0,16890.0,16890.0,16890.0,0.0,0.0,12.0
2017-06-12 09:35:00,16890.0,16890.0,16890.0,16890.0,0.0,0.0,12.0
2017-06-12 09:40:00,16890.0,16890.0,16890.0,16890.0,0.0,0.0,12.0
2017-06-12 09:45:00,16890.0,16890.0,16890.0,16890.0,0.0,0.0,12.0
2017-06-12 09:50:00,16890.0,16890.0,16890.0,16890.0,0.0,0.0,12.0
2017-06-12 09:55:00,16890.0,16890.0,16890.0,16890.0,0.0,0.0,12.0
2017-06-12 10:00:00,16890.0,16890.0,16890.0,16890.0,0.0,0.0,12.0
2017-06-12 10:05:00,16890.0,16890.0,16890.0,16890.0,0.0,0.0,12.0
2017-06-12 10:10:00,16890.0,16890.0,16890.0,16890.0,0.0,0.0,12.0
2017-06-12 10:30:00,16890.0,16890.0,16890.0,16890.0,0.0,0.0,12.0
2017-06-12 10:35:00,16890.0,16890.0,16890.0,16890.0,0.0,0.0,12.0
2017-06-12 10:40:00,16890.0,16890.0,16890.0,16890.0,0.0,0.0,12.0
2017-06-12 10:45:00,16890.0,16890.0,16890.0,16890.0,0.0,0.0,12.0
2017-06-12 10:50:00,16890.0,16890.0,16890.0,16890.0,0.0,0.0,12.0
2017-06-12 10:55:00,16890.0,16890.0,16890.0,16890.0,0.0,0.0,12.0
2017-06-12 11:00:00,16890.0,16890.0,16890.0,16890.0,0.0,0.0,12.0
2017-06-12 11:05:00,16890.0,16890.0,16890.0,16890.0,0.0,0.0,12.0
2017-06-12 11:10:00,16890.0,16890.0,16890.0,16890.0,0.0,0.0,12.0
2017-06-12 11:15:00,16890.0,16890.0,16890.0,16890.0,0.0,0.0,12.0
2017-06-12 11:20:00,16890.0,17075.0,16890.0,17075.0,4.0,341500.0,16.0
2017-06-12 11:25:00,17075.0,17075.0,17075.0,17075.0,0.0,0.0,16.0
2017-06-12 13:30:00,17075.0,17075.0,17075.0,17075.0,0.0,0.0,16.0
2017-06-12 13:35:00,17075.0,17075.0,17075.0,17075.0,0.0,0.0,16.0
2017-06-12 13:40:00,17075.0,17075.0,17075.0,17075.0,0.0,0.0,16.0
2017-06-12 13:45:00,17075.0,17075.0,17075.0,17075.0,0.0,0.0,16.0
2017-06-12 13:50:00,17075.0,17075.0,17075.0,17075.0,0.0,0.0,16.0
2017-06-12 13:55:00,17075.0,17075.0,17075.0,17075.0,0.0,0.0,16.0
2017-06-12 14:00:00,17075.0,17075.0,17075.0,17075.0,0.0,0.0,16.0
2017-06-12 14:05:00,17075.0,17075.0,17075.0,17075.0,0.0,0.0,16.0
2017-06-12 14:10:00,17075.0,17075.0,17075.0,17075.0,0.0,0.0,16.0
2017-06-12 14:15:00,17075.0,17075.0,17075.0,17075.0,0.0,0.0,16.0
2017-06-12 14:20:00,17075.0,17075.0,17075.0,17075.0,0.0,0.0,16.0
2017-06-12 14:25:00,17075.0,17075.0,17075.0,17075.0,0.0,0.0,16.0
2017-06-12 14:30:00,17075.0,17075.0,17075.0,17075.0,0.0,0.0,16.0
2017-06-12 14:35:00,17075.0,17075.0,17075.0,17075.0,0.0,0.0,16.0
2017-06-12 14:40:00,17075.0,17075.0,17075.0,17075.0,0.0,0.0,16.0
2017-06-12 14:45:00,17075.0,17075.0,17075.0,17075.0,0.0,0.0,16.0
2017-06-12 14:50:00,17075.0,17075.0,17075.0,17075.0,0.0,0.0,16.0
2017-06-12 14:55:00,17075.0,17075.0,17075.0,17075.0,0.0,0.0,16.0
2017-06-12 21:00:00,17075.0,17075.0,17075.0,17075.0,0.0,0.0,16.0
2017-06-12 21:05:00,17075.0,17075.0,17075.0,17075.0,0.0,0.0,16.0
2017-06-12 21:10:00,17075.0,17075.0,17075.0,17075.0,0.0,0.0,16.0
2017-06-12 21:15:00,17075.0,17075.0,17075.0,17075.0,0.0,0.0,16.0
2017-06-12 21:20:00,17075.0,17075.0,17075.0,17075.0,0.0,0.0,16.0
2017-06-12 21:25:00,17075.0,17075.0,17075.0,17075.0,0.0,0.0,16.0
2017-06-12 21:30:00,17075.0,17075.0,17075.0,17075.0,0.0,0.0,16.0
2017-06-12 21:35:00,17075.0,17075.0,17075.0,17075.0,0.0,0.0,16.0
2017-06-12 21:40:00,17075.0,17075.0,17075.0,17075.0,0.0,0.0,16.0
2017-06-12 21:45:00,17075.0,17075.0,17075.0,17075.0,0.0,0.0,16.0
2017-06-12 21:50:00,17075.0,17075.0,17075.0,17075.0,0.0,0.0,16.0
2017-06-12 21:55:00,17075.0,17075.0,17075.0,17075.0,0.0,0.0,16.0
2017-06-12 22:00:00,17075.0,17075.0,17075.0,17075.0,0.0,0.0,16.0
2017-06-12 22:05:00,17075.0,17075.0,17075.0,17075.0,0.0,0.0,16.0
2017-06-12 22:10:00,17075.0,17075.0,17075.0,17075.0,0.0,0.0,16.0
2017-06-12 22:15:00,17075.0,17075.0,17075.0,17075.0,0.0,0.0,16.0
2017-06-12 22:20:00,17075.0,17075.0,17075.0,17075.0,0.0,0.0,16.0
2017-06-12 22:25:00,17075.0,17075.0,17075.0,17075.0,0.0,0.0,16.0
2017-06-12 22:30:00,17075.0,17075.0,17075.0,17075.0,0.0,0.0,16.0
2017-06-12 22:35:00,17075.0,17075.0,17075.0,17075.0,0.0,0.0,16.0
2017-06-12 22:40:00,17075.0,17075.0,17075.0,17075.0,0.0,0.0,16.0
2017-06-12 22:45:00,17075.0,17075.0,17075.0,17075.0,0.0,0.0,16.0
2017-06-12 22:50:00,17075.0,17075.0,17075.0,17075.0,0.0,0.0,16.0
2017-06-12 22:55:00,17075.0,17075.0,17075.0,17075.0,0.0,0.0,16.0
2017-06-12 23:00:00,17075.0,17075.0,17075.0,17075.0,0.0,0.0,16.0
2017-06-12 23:05:00,17075.0,17075.0,17075.0,17075.0,0.0,0.0,16.0
2017-06-12 23:10:00,17075.0,17075.0,17075.0,17075.0,0.0,0.0,16.0
2017-06-12 23:15:00,17075.0,17075.0,17075.0,17075.0,0.0,0.0,16.0
2017-06-12 23:20:00,17075.0,17075.0,17075.0,17075.0,0.0,0.0,16.0
2017-06-12 23:25:00,17075.0,17075.0,17075.0,17075.0,0.0,0.0,16.0
2017-06-12 23:30:00,17075.0,17075.0,17075.0,17075.0,0.0,0.0,16.0
2017-06-12 23:35:00,17075.0,17075.0,17075.0,17075.0,0.0,0.0,16.0
2017-06-12 23:40:00,17075.0,17075.0,17075.0,17075.0,0.0,0.0,16.0
2017-06-12 23:45:00,17075.0,17075.0,17075.0,17075.0,0.0,0.0,16.0
2017-06-12 23:50:00,17075.0,17075.0,17075.0,17075.0,0.0,0.0,16.0
2017-06-12 23:55:00,17075.0,17075.0,17075.0,17075.0,0.0,0.0,16.0
2017-06-13 00:00:00,17075.0,17075.0,17075.0,17075.0,0.0,0.0,16.0
2017-06-13 00:05:00,17075.0,17075.0,17075.0,17075.0,0.0,0.0,16.0
2017-06-13 00:10:00,17075.0,17075.0,17075.0,17075.0,0.0,0.0,16.0
2017-06-13 00:15:00,17075.0,17075.0,17075.0,17075.0,0.0,0.0,16.0
2017-06-13 00:20:00,17075.0,17075.0,17075.0,17075.0,0.0,0.0,16.0
2017-06-13 00:25:00,17075.0,17075.0,17075.0,17075.0,0.0,0.0,16.0
2017-06-13 00:30:00,17075.0,17075.0,17075.0,17075.0,0.0,0.0,16.0
2017-06-13 00:35:00,17075.0,17075.0,17075.0,17075.0,0.0,0.0,16.0
2017-06-13 00:40:00,17075.0,17075.0,17075.0,17075.0,0.0,0.0,16.0
2017-06-13 00:45:00,17075.0,17075.0,17075.0,17075.0,0.0,0.0,16.0
2017-06-13 00:50:00,17075.0,17075.0,17075.0,17075.0,0.0,0.0,16.0
2017-06-13 00:55:00,17075.0,17075.0,17075.0,17075.0,0.0,0.0,16.0
2017-06-13 09:00:00,17075.0,17075.0,17075.0,17075.0,0.0,0.0,16.0
2017-06-13 09:05:00,17075.0,17075.0,17075.0,17075.0,0.0,0.0,16.0
2017-06-13 09:10:00,17075.0,17075.0,17075.0,17075.0,0.0,0.0,16.0
2017-06-13 09:15:00,17075.0,17075.0,17075.0,17075.0,0.0,0.0,16.0
2017-06-13 09:20:00,17075.0,17075.0,17075.0,17075.0,0.0,0.0,16.0
2017-06-13 09:25:00,17075.0,17075.0,17075.0,17075.0,0.0,0.0,16.0
2017-06-13 09:30:00,17075.0,17075.0,17075.0,17075.0,0.0,0.0,16.0
2017-06-13 09:35:00,17075.0,17075.0,17075.0,17075.0,0.0,0.0,16.0
2017-06-13 09:40:00,17075.0,17075.0,17075.0,17075.0,0.0,0.0,16.0
2017-06-13 09:45:00,17075.0,17075.0,17075.0,17075.0,0.0,0.0,16.0
2017-06-13 09:50:00,17075.0,17075.0,17075.0,17075.0,0.0,0.0,16.0
2017-06-13 09:55:00,17075.0,17075.0,17075.0,17075.0,0.0,0.0,16.0
2017-06-13 10:00:00,17075.0,17075.0,17075.0,17075.0,0.0,0.0,16.0
2017-06-13 10:05:00,17075.0,17075.0,17075.0,17075.0,0.0,0.0,16.0
2017-06-13 10:10:00,17075.0,17075.0,17075.0,17075.0,0.0,0.0,16.0
2017-06-13 10:30:00,17075.0,17075.0,17075.0,17075.0,0.0,0.0,16.0
2017-06-13 10:35:00,17075.0,17075.0,17075.0,17075.0,0.0,0.0,16.0
2017-06-13 10:40:00,17075.0,17075.0,17075.0,17075.0,0.0,0.0,16.0
2017-06-13 10:45:00,17075.0,17075.0,17075.0,17075.0,0.0,0.0,16.0
2017-06-13 10:50:00,17075.0,17075.0,17075.0,17075.0,0.0,0.0,16.0
2017-06-13 10:55:00,17075.0,17075.0,17075.0,17075.0,0.0,0.0,16.0
2017-06-13 11:00:00,17075.0,17075.0,17075.0,17075.0,0.0,0.0,16.0
2017-06-13 11:05:00,17075.0,17075.0,17075.0,17075.0,0.0,0.0,16.0
2017-06-13 11:10:00,17075.0,17075.0,17075.0,17075.0,0.0,0.0,16.0
2017-06-13 11:15:00,17075.0,17075.0,17075.0,17075.0,0.0,0.0,16.0
2017-06-13 11:20:00,17075.0,17075.0,17075.0,17075.0,0.0,0.0,16.0
2017-06-13 11:25:00,17075.0,17075.0,17075.0,17075.0,0.0,0.0,16.0
2017-06-13 13:30:00,17075.0,17075.0,17075.0,17075.0,0.0,0.0,16.0
2017-06-13 13:35:00,17075.0,17075.0,17075.0,17075.0,0.0,0.0,16.0
2017-06-13 13:40:00,17075.0,17075.0,17075.0,17075.0,0.0,0.0,16.0
2017-06-13 13:45:00,17075.0,17075.0,17075.0,17075.0,0.0,0.0,16.0
2017-06-13 13:50:00,17075.0,17075.0,17075.0,17075.0,0.0,0.0,16.0
2017-06-13 13:55:00,17075.0,17075.0,17075.0,17075.0,0.0,0.0,16.0
2017-06-13 14:00:00,17075.0,17075.0,17075.0,17075.0,0.0,0.0,16.0
2017-06-13 14:05:00,17075.0,17075.0,17075.0,17075.0,0.0,0.0,16.0
2017-06-13 14:10:00,17075.0,17075.0,17075.0,17075.0,0.0,0.0,16.0
2017-06-13 14:15:00,17075.0,17075.0,17075.0,17075.0,0.0,0.0,16.0
2017-06-13 14:20:00,17075.0,17075.0,17075.0,17075.0,0.0,0.0,16.0
2017-06-13 14:25:00,17075.0,17075.0,17075.0,17075.0,0.0,0.0,16.0
2017-06-13 14:30:00,17075.0,17075.0,17075.0,17075.0,0.0,0.0,16.0
2017-06-13 14:35:00,17075.0,17075.0,17075.0,17075.0,0.0,0.0,16.0
2017-06-13 14:40:00,17075.0,17075.0,17075.0,17075.0,0.0,0.0,16.0
2017-06-13 14:45:00,17075.0,17075.0,17075.0,17075.0,0.0,0.0,16.0
2017-06-13 14:50:00,17075.0,17075.0,17075.0,17075.0,0.0,0.0,16.0
2017-06-13 14:55:00,17075.0,17075.0,17075.0,17075.0,0.0,0.0,16.0
2017-06-13 21:00:00,17075.0,17075.0,17075.0,17075.0,0.0,0.0,16.0
2017-06-13 21:05:00,17075.0,17075.0,17075.0,17075.0,0.0,0.0,16.0
2017-06-13 21:10:00,17075.0,17075.0,17075.0,17075.0,0.0,0.0,16.0
2017-06-13 21:15:00,17075.0,17075.0,17075.0,17075.0,0.0,0.0,16.0
2017-06-13 21:20:00,17075.0,17075.0,17075.0,17075.0,0.0,0.0,16.0
2017-06-13 21:25:00,17075.0,17075.0,17075.0,17075.0,0.0,0.0,16.0
2017-06-13 21:30:00,17075.0,17075.0,17075.0,17075.0,0.0,0.0,16.0
2017-06-13 21:35:00,17075.0,17075.0,17075.0,17075.0,0.0,0.0,16.0
2017-06-13 21:40:00,17075.0,17075.0,17075.0,17075.0,0.0,0.0,16.0
2017-06-13 21:45:00,17075.0,17075.0,17075.0,17075.0,0.0,0.0,16.0
2017-06-13 21:50:00,17075.0,17075.0,17075.0,17075.0,0.0,0.0,16.0
2017-06-13 21:55:00,17075.0,17075.0,17075.0,17075.0,0.0,0.0,16.0
2017-06-13 22:00:00,17075.0,17075.0,17075.0,17075.0,0.0,0.0,16.0
2017-06-13 22:05:00,17075.0,17075.0,17075.0,17075.0,0.0,0.0,16.0
2017-06-13 22:10:00,17075.0,17075.0,17075.0,17075.0,0.0,0.0,16.0
2017-06-13 22:15:00,17075.0,17075.0,17075.0,17075.0,0.0,0.0,16.0
2017-06-13 22:20:00,17075.0,17075.0,17075.0,17075.0,0.0,0.0,16.0
2017-06-13 22:25:00,17075.0,17075.0,17075.0,17075.0,0.0,0.0,16.0
2017-06-13 22:30:00,17075.0,17075.0,17075.0,17075.0,0.0,0.0,16.0
2017-06-13 22:35:00,17075.0,17075.0,17075.0,17075.0,0.0,0.0,16.0
2017-06-13 22:40:00,17075.0,17075.0,17075.0,17075.0,0.0,0.0,16.0
2017-06-13 22:45:00,17075.0,17075.0,17075.0,17075.0,0.0,0.0,16.0
2017-06-13 22:50:00,17075.0,17075.0,17075.0,17075.0,0.0,0.0,16.0
2017-06-13 22:55:00,17075.0,17075.0,17075.0,17075.0,0.0,0.0,16.0
2017-06-13 23:00:00,17075.0,17075.0,17075.0,17075.0,0.0,0.0,16.0
2017-06-13 23:05:00,17075.0,17075.0,17075.0,17075.0,0.0,0.0,16.0
2017-06-13 23:10:00,17075.0,17075.0,17075.0,17075.0,0.0,0.0,16.0
2017-06-13 23:15:00,17075.0,17075.0,17075.0,17075.0,0.0,0.0,16.0
2017-06-13 23:20:00,17075.0,17075.0,17075.0,17075.0,0.0,0.0,16.0
2017-06-13 23:25:00,17075.0,17075.0,17075.0,17075.0,0.0,0.0,16.0
2017-06-13 23:30:00,17075.0,17075.0,17075.0,17075.0,0.0,0.0,16.0
2017-06-13 23:35:00,17075.0,17075.0,17075.0,17075.0,0.0,0.0,16.0
2017-06-13 23:40:00,17075.0,17075.0,17075.0,17075.0,0.0,0.0,16.0
2017-06-13 23:45:00,17075.0,17075.0,17075.0,17075.0,0.0,0.0,16.0
2017-06-13 23:50:00,17075.0,17075.0,17075.0,17075.0,0.0,0.0,16.0
2017-06-13 23:55:00,17075.0,17075.0,17075.0,17075.0,0.0,0.0,16.0
2017-06-14 00:00:00,17075.0,17075.0,17075.0,17075.0,0.0,0.0,16.0
2017-06-14 00:05:00,17075.0,17075.0,17075.0,17075.0,0.0,0.0,16.0
2017-06-14 00:10:00,17075.0,17075.0,17075.0,17075.0,0.0,0.0,16.0
2017-06-14 00:15:00,17075.0,17075.0,17075.0,17075.0,0.0,0.0,16.0
2017-06-14 00:20:00,17075.0,17075.0,17075.0,17075.0,0.0,0.0,16.0
2017-06-14 00:25:00,17075.0,17075.0,17075.0,17075.0,0.0,0.0,16.0
2017-06-14 00:30:00,17075.0,17075.0,17075.0,17075.0,0.0,0.0,16.0
2017-06-14 00:35:00,17075.0,17075.0,17075.0,17075.0,0.0,0.0,16.0
2017-06-14 00:40:00,17075.0,17075.0,17075.0,17075.0,0.0,0.0,16.0
2017-06-14 00:45:00,17075.0,17075.0,17075.0,17075.0,0.0,0.0,16.0
2017-06-14 00:50:00,17075.0,17075.0,17075.0,17075.0,0.0,0.0,16.0
2017-06-14 00:55:00,17075.0,17075.0,17075.0,17075.0,0.0,0.0,16.0
2017-06-14 09:00:00,17075.0,17075.0,17075.0,17075.0,0.0,0.0,16.0
2017-06-14 09:05:00,17075.0,17075.0,17075.0,17075.0,0.0,0.0,16.0
2017-06-14 09:10:00,17075.0,17075.0,17075.0,17075.0,0.0,0.0,16.0
2017-06-14 09:15:00,17075.0,17075.0,17075.0,17075.0,0.0,0.0,16.0
2017-06-14 09:20:00,17075.0,17075.0,17075.0,17075.0,0.0,0.0,16.0
2017-06-14 09:25:00,17075.0,17075.0,17075.0,17075.0,0.0,0.0,16.0
2017-06-14 09:30:00,17075.0,17075.0,17075.0,17075.0,0.0,0.0,16.0
2017-06-14 09:35:00,17075.0,17075.0,17075.0,17075.0,0.0,0.0,16.0
2017-06-14 09:40:00,17075.0,17075.0,17075.0,17075.0,0.0,0.0,16.0
2017-06-14 09:45:00,17075.0,17075.0,17075.0,17075.0,0.0,0.0,16.0
2017-06-14 09:50:00,17075.0,17075.0,17075.0,17075.0,0.0,0.0,16.0
2017-06-14 09:55:00,17075.0,17075.0,17075.0,17075.0,0.0,0.0,16.0
2017-06-14 10:00:00,17075.0,17075.0,17075.0,17075.0,0.0,0.0,16.0
2017-06-14 10:05:00,17075.0,17075.0,17075.0,17075.0,0.0,0.0,16.0
2017-06-14 10:10:00,17075.0,17075.0,17075.0,17075.0,0.0,0.0,16.0
2017-06-14 10:30:00,17075.0,17075.0,17075.0,17075.0,0.0,0.0,16.0
2017-06-14 10:35:00,17075.0,17075.0,17075.0,17075.0,0.0,0.0,16.0
2017-06-14 10:40:00,17075.0,17075.0,17075.0,17075.0,0.0,0.0,16.0
2017-06-14 10:45:00,17075.0,17075.0,17075.0,17075.0,0.0,0.0,16.0
2017-06-14 10:50:00,17075.0,17075.0,17075.0,17075.0,0.0,0.0,16.0
2017-06-14 10:55:00,17075.0,17075.0,17075.0,17075.0,0.0,0.0,16.0
2017-06-14 11:00:00,17075.0,17075.0,17075.0,17075.0,0.0,0.0,16.0
2017-06-14 11:05:00,17075.0,17075.0,17075.0,17075.0,0.0,0.0,16.0
2017-06-14 11:10:00,17075.0,17075.0,17075.0,17075.0,0.0,0.0,16.0
2017-06-14 11:15:00,17075.0,17075.0,17075.0,17075.0,0.0,0.0,16.0
2017-06-14 11:20:00,17075.0,17075.0,17075.0,17075.0,0.0,0.0,16.0
2017-06-14 11:25:00,17075.0,17075.0,17075.0,17075.0,0.0,0.0,16.0
2017-06-14 13:30:00,17075.0,17075.0,17075.0,17075.0,0.0,0.0,16.0
2017-06-14 13:35:00,17075.0,17075.0,17075.0,17075.0,0.0,0.0,16.0
2017-06-14 13:40:00,17075.0,17075.0,17075.0,17075.0,0.0,0.0,16.0
2017-06-14 13:45:00,17075.0,17075.0,17075.0,17075.0,0.0,0.0,16.0
2017-06-14 13:50:00,17075.0,17075.0,17075.0,17075.0,0.0,0.0,16.0
2017-06-14 13:55:00,17075.0,17075.0,17075.0,17075.0,0.0,0.0,16.0
2017-06-14 14:00:00,17075.0,17075.0,17075.0,17075.0,0.0,0.0,16.0
2017-06-14 14:05:00,17075.0,17075.0,17075.0,17075.0,0.0,0.0,16.0
2017-06-14 14:10:00,17075.0,17075.0,17075.0,17075.0,0.0,0.0,16.0
2017-06-14 14:15:00,17075.0,17075.0,16620.0,16620.0,8.0,666100.0,20.0
2017-06-14 14:20:00,16620.0,16620.0,16620.0,16620.0,0.0,0.0,20.0
2017-06-14 14:25:00,16620.0,16620.0,16620.0,16620.0,0.0,0.0,20.0
2017-06-14 14:30:00,16620.0,16620.0,16620.0,16620.0,0.0,0.0,20.0
2017-06-14 14:35:00,16620.0,16620.0,16620.0,16620.0,0.0,0.0,20.0
2017-06-14 14:40:00,16620.0,16620.0,16620.0,16620.0,0.0,0.0,20.0
2017-06-14 14:45:00,16620.0,16620.0,16620.0,16620.0,0.0,0.0,20.0
2017-06-14 14:50:00,16620.0,16620.0,16620.0,16620.0,0.0,0.0,20.0
2017-06-14 14:55:00,16620.0,16620.0,16620.0,16620.0,0.0,0.0,20.0
2017-06-14 21:00:00,16650.0,16650.0,16650.0,16650.0,0.0,0.0,20.0
2017-06-14 21:05:00,16650.0,16650.0,16650.0,16650.0,0.0,0.0,20.0
2017-06-14 21:10:00,16650.0,16650.0,16650.0,16650.0,0.0,0.0,20.0
2017-06-14 21:15:00,16650.0,16650.0,16650.0,16650.0,0.0,0.0,20.0
2017-06-14 21:20:00,16650.0,16650.0,16650.0,16650.0,0.0,0.0,20.0
2017-06-14 21:25:00,16650.0,16650.0,16650.0,16650.0,0.0,0.0,20.0
2017-06-14 21:30:00,16650.0,16650.0,16650.0,16650.0,0.0,0.0,20.0
2017-06-14 21:35:00,16650.0,16650.0,16650.0,16650.0,0.0,0.0,20.0
2017-06-14 21:40:00,16650.0,16650.0,16650.0,16650.0,0.0,0.0,20.0
2017-06-14 21:45:00,16650.0,16650.0,16650.0,16650.0,0.0,0.0,20.0
2017-06-14 21:50:00,16650.0,16650.0,16650.0,16650.0,0.0,0.0,20.0
2017-06-14 21:55:00,16650.0,16650.0,16650.0,16650.0,0.0,0.0,20.0
2017-06-14 22:00:00,16650.0,16650.0,16650.0,16650.0,0.0,0.0,20.0
2017-06-14 22:05:00,16650.0,16650.0,16650.0,16650.0,0.0,0.0,20.0
2017-06-14 22:10:00,16650.0,16650.0,16650.0,16650.0,0.0,0.0,20.0
2017-06-14 22:15:00,16650.0,16650.0,16650.0,16650.0,0.0,0.0,20.0
2017-06-14 22:20:00,16650.0,16650.0,16650.0,16650.0,0.0,0.0,20.0
2017-06-14 22:25:00,16650.0,16650.0,16650.0,16650.0,0.0,0.0,20.0
2017-06-14 22:30:00,16650.0,16650.0,16650.0,16650.0,0.0,0.0,20.0
2017-06-14 22:35:00,16650.0,16650.0,16650.0,16650.0,0.0,0.0,20.0
2017-06-14 22:40:00,16650.0,16650.0,16650.0,16650.0,0.0,0.0,20.0
2017-06-14 22:45:00,16650.0,16650.0,16650.0,16650.0,0.0,0.0,20.0
2017-06-14 22:50:00,16650.0,16650.0,16650.0,16650.0,0.0,0.0,20.0
2017-06-14 22:55:00,16650.0,16650.0,16650.0,16650.0,0.0,0.0,20.0
2017-06-14 23:00:00,16650.0,16650.0,16650.0,16650.0,0.0,0.0,20.0
2017-06-14 23:05:00,16650.0,16650.0,16650.0,16650.0,0.0,0.0,20.0
2017-06-14 23:10:00,16650.0,16650.0,16650.0,16650.0,0.0,0.0,20.0
2017-06-14 23:15:00,16650.0,16650.0,16650.0,16650.0,0.0,0.0,20.0
2017-06-14 23:20:00,16650.0,16650.0,16650.0,16650.0,0.0,0.0,20.0
2017-06-14 23:25:00,16650.0,16650.0,16650.0,16650.0,0.0,0.0,20.0
2017-06-14 23:30:00,16650.0,16650.0,16650.0,16650.0,0.0,0.0,20.0
2017-06-14 23:35:00,16650.0,16650.0,16650.0,16650.0,0.0,0.0,20.0
2017-06-14 23:40:00,16650.0,16650.0,16650.0,16650.0,0.0,0.0,20.0
2017-06-14 23:45:00,16650.0,16650.0,16650.0,16650.0,0.0,0.0,20.0
2017-06-14 23:50:00,16650.0,16650.0,16650.0,16650.0,0.0,0.0,20.0
2017-06-14 23:55:00,16650.0,16650.0,16650.0,16650.0,0.0,0.0,20.0
2017-06-15 00:00:00,16650.0,16650.0,16650.0,16650.0,0.0,0.0,20.0
2017-06-15 00:05:00,16650.0,16650.0,16650.0,16650.0,0.0,0.0,20.0
2017-06-15 00:10:00,16650.0,16650.0,16650.0,16650.0,0.0,0.0,20.0
2017-06-15 00:15:00,16650.0,16650.0,16650.0,16650.0,0.0,0.0,20.0
2017-06-15 00:20:00,16650.0,16650.0,16650.0,16650.0,0.0,0.0,20.0
2017-06-15 00:25:00,16650.0,16650.0,16650.0,16650.0,0.0,0.0,20.0
2017-06-15 00:30:00,16650.0,16650.0,16650.0,16650.0,0.0,0.0,20.0
2017-06-15 00:35:00,16650.0,16650.0,16650.0,16650.0,0.0,0.0,20.0
2017-06-15 00:40:00,16650.0,16650.0,16650.0,16650.0,0.0,0.0,20.0
2017-06-15 00:45:00,16650.0,16650.0,16650.0,16650.0,0.0,0.0,20.0
2017-06-15 00:50:00,16650.0,16650.0,16650.0,16650.0,0.0,0.0,20.0
2017-06-15 00:55:00,16650.0,16650.0,16650.0,16650.0,0.0,0.0,20.0
2017-06-15 09:00:00,16650.0,16650.0,16650.0,16650.0,0.0,0.0,20.0
2017-06-15 09:05:00,16650.0,16650.0,16650.0,16650.0,0.0,0.0,20.0
2017-06-15 09:10:00,16650.0,16650.0,16650.0,16650.0,0.0,0.0,20.0
2017-06-15 09:15:00,16650.0,16650.0,16650.0,16650.0,0.0,0.0,20.0
2017-06-15 09:20:00,16650.0,16650.0,16650.0,16650.0,0.0,0.0,20.0
2017-06-15 09:25:00,16650.0,16650.0,16650.0,16650.0,0.0,0.0,20.0
2017-06-15 09:30:00,16650.0,16650.0,16650.0,16650.0,0.0,0.0,20.0
2017-06-15 09:35:00,16650.0,16650.0,16650.0,16650.0,0.0,0.0,20.0
2017-06-15 09:40:00,16650.0,16650.0,16650.0,16650.0,0.0,0.0,20.0
2017-06-15 09:45:00,16650.0,16650.0,16650.0,16650.0,0.0,0.0,20.0
2017-06-15 09:50:00,16650.0,16650.0,16650.0,16650.0,0.0,0.0,20.0
2017-06-15 09:55:00,16650.0,16650.0,16650.0,16650.0,0.0,0.0,20.0
2017-06-15 10:00:00,16650.0,16650.0,16650.0,16650.0,0.0,0.0,20.0
2017-06-15 10:05:00,16650.0,16650.0,16650.0,16650.0,0.0,0.0,20.0
2017-06-15 10:10:00,16650.0,16650.0,16650.0,16650.0,0.0,0.0,20.0
2017-06-15 10:30:00,16650.0,16650.0,16650.0,16650.0,0.0,0.0,20.0
2017-06-15 10:35:00,16650.0,16650.0,16650.0,16650.0,0.0,0.0,20.0
2017-06-15 10:40:00,16650.0,16650.0,16650.0,16650.0,0.0,0.0,20.0
2017-06-15 10:45:00,16650.0,16650.0,16650.0,16650.0,0.0,0.0,20.0
2017-06-15 10:50:00,16650.0,16650.0,16650.0,16650.0,0.0,0.0,20.0
2017-06-15 10:55:00,16650.0,16650.0,16650.0,16650.0,0.0,0.0,20.0
2017-06-15 11:00:00,16650.0,16650.0,16650.0,16650.0,0.0,0.0,20.0
2017-06-15 11:05:00,16650.0,16650.0,16650.0,16650.0,0.0,0.0,20.0
2017-06-15 11:10:00,16650.0,16650.0,16650.0,16650.0,0.0,0.0,20.0
2017-06-15 11:15:00,16650.0,16650.0,16650.0,16650.0,0.0,0.0,20.0
2017-06-15 11:20:00,16650.0,16650.0,16650.0,16650.0,0.0,0.0,20.0
2017-06-15 11:25:00,16650.0,16650.0,16650.0,16650.0,0.0,0.0,20.0
2017-06-15 13:30:00,16650.0,16650.0,16650.0,16650.0,0.0,0.0,20.0
2017-06-15 13:35:00,16650.0,16650.0,16650.0,16650.0,0.0,0.0,20.0
2017-06-15 13:40:00,16650.0,16650.0,16650.0,16650.0,0.0,0.0,20.0
2017-06-15 13:45:00,16650.0,16650.0,16650.0,16650.0,0.0,0.0,20.0
2017-06-15 13:50:00,16650.0,16650.0,16650.0,16650.0,0.0,0.0,20.0
2017-06-15 13:55:00,16650.0,16650.0,16650.0,16650.0,0.0,0.0,20.0
2017-06-15 14:00:00,16650.0,16650.0,16650.0,16650.0,0.0,0.0,20.0
2017-06-15 14:05:00,16650.0,16650.0,16650.0,16650.0,0.0,0.0,20.0
2017-06-15 14:10:00,16650.0,16650.0,16650.0,16650.0,0.0,0.0,20.0
2017-06-15 14:15:00,16650.0,16650.0,16650.0,16650.0,0.0,0.0,20.0
2017-06-15 14:20:00,16650.0,16650.0,16650.0,16650.0,0.0,0.0,20.0
2017-06-15 14:25:00,16650.0,16650.0,16650.0,16650.0,0.0,0.0,20.0
2017-06-15 14:30:00,16650.0,16650.0,16650.0,16650.0,0.0,0.0,20.0
2017-06-15 14:35:00,16650.0,16650.0,16650.0,16650.0,0.0,0.0,20.0
2017-06-15 14:40:00,16650.0,16650.0,16650.0,16650.0,0.0,0.0,20.0
2017-06-15 14:45:00,16650.0,16650.0,16650.0,16650.0,0.0,0.0,20.0
2017-06-15 14:50:00,16650.0,16650.0,16650.0,16650.0,0.0,0.0,20.0
2017-06-15 14:55:00,16650.0,16650.0,16650.0,16650.0,0.0,0.0,20.0
2017-06-15 21:00:00,16650.0,16650.0,16650.0,16650.0,0.0,0.0,20.0
2017-06-15 21:05:00,16650.0,16650.0,16650.0,16650.0,0.0,0.0,20.0
2017-06-15 21:10:00,16650.0,16650.0,16650.0,16650.0,0.0,0.0,20.0
2017-06-15 21:15:00,16650.0,16650.0,16650.0,16650.0,0.0,0.0,20.0
2017-06-15 21:20:00,16650.0,16650.0,16650.0,16650.0,0.0,0.0,20.0
2017-06-15 21:25:00,16650.0,16650.0,16650.0,16650.0,0.0,0.0,20.0
2017-06-15 21:30:00,16650.0,16650.0,16650.0,16650.0,0.0,0.0,20.0
2017-06-15 21:35:00,16650.0,16650.0,16650.0,16650.0,0.0,0.0,20.0
2017-06-15 21:40:00,16650.0,16650.0,16650.0,16650.0,0.0,0.0,20.0
2017-06-15 21:45:00,16650.0,16650.0,16650.0,16650.0,0.0,0.0,20.0
2017-06-15 21:50:00,16650.0,16650.0,16650.0,16650.0,0.0,0.0,20.0
2017-06-15 21:55:00,16650.0,16650.0,16650.0,16650.0,0.0,0.0,20.0
2017-06-15 22:00:00,16650.0,16650.0,16650.0,16650.0,0.0,0.0,20.0
2017-06-15 22:05:00,16650.0,16650.0,16650.0,16650.0,0.0,0.0,20.0
2017-06-15 22:10:00,16650.0,16650.0,16650.0,16650.0,0.0,0.0,20.0
2017-06-15 22:15:00,16650.0,16650.0,16650.0,16650.0,0.0,0.0,20.0
2017-06-15 22:20:00,16650.0,16650.0,16650.0,16650.0,0.0,0.0,20.0
2017-06-15 22:25:00,16650.0,16650.0,16650.0,16650.0,0.0,0.0,20.0
2017-06-15 22:30:00,16650.0,16650.0,16650.0,16650.0,0.0,0.0,20.0
2017-06-15 22:35:00,16650.0,16650.0,16650.0,16650.0,0.0,0.0,20.0
2017-06-15 22:40:00,16650.0,16650.0,16650.0,16650.0,0.0,0.0,20.0
2017-06-15 22:45:00,16650.0,16650.0,16650.0,16650.0,0.0,0.0,20.0
2017-06-15 22:50:00,16650.0,16650.0,16650.0,16650.0,0.0,0.0,20.0
2017-06-15 22:55:00,16650.0,16650.0,16650.0,16650.0,0.0,0.0,20.0
2017-06-15 23:00:00,16650.0,16760.0,16510.0,16510.0,4.0,332700.0,22.0
2017-06-15 23:05:00,16510.0,16510.0,16510.0,16510.0,0.0,0.0,22.0
2017-06-15 23:10:00,16510.0,16510.0,16510.0,16510.0,0.0,0.0,22.0
2017-06-15 23:15:00,16510.0,16510.0,16510.0,16510.0,0.0,0.0,22.0
2017-06-15 23:20:00,16510.0,16510.0,16510.0,16510.0,0.0,0.0,22.0
2017-06-15 23:25:00,16510.0,16510.0,16510.0,16510.0,0.0,0.0,22.0
2017-06-15 23:30:00,16510.0,16510.0,16510.0,16510.0,0.0,0.0,22.0
2017-06-15 23:35:00,16510.0,16510.0,16510.0,16510.0,0.0,0.0,22.0
2017-06-15 23:40:00,16510.0,16510.0,16510.0,16510.0,0.0,0.0,22.0
2017-06-15 23:45:00,16510.0,16510.0,16510.0,16510.0,0.0,0.0,22.0
2017-06-15 23:50:00,16510.0,16600.0,16510.0,16600.0,2.0,166000.0,24.0
2017-06-15 23:55:00,16600.0,16600.0,16600.0,16600.0,0.0,0.0,24.0
2017-06-16 00:00:00,16655.0,16655.0,16655.0,16655.0,2.0,166550.0,26.0
2017-06-16 00:05:00,16655.0,16680.0,16655.0,16680.0,2.0,166800.0,26.0
2017-06-16 00:10:00,16680.0,16680.0,16680.0,16680.0,0.0,0.0,26.0
2017-06-16 00:15:00,16680.0,16680.0,16680.0,16680.0,0.0,0.0,26.0
2017-06-16 00:20:00,16680.0,16680.0,16680.0,16680.0,0.0,0.0,26.0
2017-06-16 00:25:00,16680.0,16680.0,16680.0,16680.0,0.0,0.0,26.0
2017-06-16 00:30:00,16680.0,16680.0,16680.0,16680.0,0.0,0.0,26.0
2017-06-16 00:35:00,16680.0,16680.0,16680.0,16680.0,0.0,0.0,26.0
2017-06-16 00:40:00,16680.0,16680.0,16680.0,16680.0,0.0,0.0,26.0
2017-06-16 00:45:00,16680.0,16680.0,16680.0,16680.0,0.0,0.0,26.0
2017-06-16 00:50:00,16680.0,16680.0,16680.0,16680.0,0.0,0.0,26.0
2017-06-16 00:55:00,16680.0,16680.0,16680.0,16680.0,0.0,0.0,26.0
2017-06-16 09:00:00,16680.0,16680.0,16680.0,16680.0,0.0,0.0,26.0
2017-06-16 09:05:00,16680.0,16680.0,16680.0,16680.0,0.0,0.0,26.0
2017-06-16 09:10:00,16680.0,16680.0,16680.0,16680.0,0.0,0.0,26.0
2017-06-16 09:15:00,16680.0,16680.0,16680.0,16680.0,0.0,0.0,26.0
2017-06-16 09:20:00,16680.0,16680.0,16680.0,16680.0,0.0,0.0,26.0
2017-06-16 09:25:00,16680.0,16680.0,16680.0,16680.0,0.0,0.0,26.0
2017-06-16 09:30:00,16680.0,16680.0,16680.0,16680.0,0.0,0.0,26.0
2017-06-16 09:35:00,16680.0,16680.0,16680.0,16680.0,0.0,0.0,26.0
2017-06-16 09:40:00,16680.0,16680.0,16680.0,16680.0,0.0,0.0,26.0
2017-06-16 09:45:00,16680.0,16680.0,16680.0,16680.0,0.0,0.0,26.0
2017-06-16 09:50:00,16680.0,16680.0,16680.0,16680.0,0.0,0.0,26.0
2017-06-16 09:55:00,16680.0,16680.0,16680.0,16680.0,0.0,0.0,26.0
2017-06-16 10:00:00,16680.0,16680.0,16680.0,16680.0,0.0,0.0,26.0
2017-06-16 10:05:00,16680.0,16680.0,16680.0,16680.0,0.0,0.0,26.0
2017-06-16 10:10:00,16680.0,16680.0,16680.0,16680.0,0.0,0.0,26.0
2017-06-16 10:30:00,16680.0,16680.0,16680.0,16680.0,0.0,0.0,26.0
2017-06-16 10:35:00,16680.0,16680.0,16680.0,16680.0,0.0,0.0,26.0
2017-06-16 10:40:00,16680.0,16680.0,16680.0,16680.0,0.0,0.0,26.0
2017-06-16 10:45:00,16680.0,16680.0,16680.0,16680.0,0.0,0.0,26.0
2017-06-16 10:50:00,16680.0,16680.0,16680.0,16680.0,0.0,0.0,26.0
2017-06-16 10:55:00,16680.0,16680.0,16680.0,16680.0,0.0,0.0,26.0
2017-06-16 11:00:00,16680.0,16680.0,16680.0,16680.0,0.0,0.0,26.0
2017-06-16 11:05:00,16680.0,16680.0,16680.0,16680.0,0.0,0.0,26.0
2017-06-16 11:10:00,16680.0,16680.0,16680.0,16680.0,0.0,0.0,26.0
2017-06-16 11:15:00,16680.0,16680.0,16680.0,16680.0,0.0,0.0,26.0
2017-06-16 11:20:00,16680.0,16680.0,16680.0,16680.0,0.0,0.0,26.0
2017-06-16 11:25:00,16680.0,16680.0,16680.0,16680.0,0.0,0.0,26.0
2017-06-16 13:30:00,16680.0,16680.0,16680.0,16680.0,0.0,0.0,26.0
2017-06-16 13:35:00,16680.0,16680.0,16680.0,16680.0,0.0,0.0,26.0
2017-06-16 13:40:00,16680.0,16680.0,16680.0,16680.0,0.0,0.0,26.0
2017-06-16 13:45:00,16680.0,16680.0,16680.0,16680.0,0.0,0.0,26.0
2017-06-16 13:50:00,16680.0,16680.0,16680.0,16680.0,0.0,0.0,26.0
2017-06-16 13:55:00,16680.0,16680.0,16680.0,16680.0,0.0,0.0,26.0
2017-06-16 14:00:00,16680.0,16680.0,16680.0,16680.0,0.0,0.0,26.0
2017-06-16 14:05:00,16680.0,16680.0,16680.0,16680.0,0.0,0.0,26.0
2017-06-16 14:10:00,16680.0,16680.0,16680.0,16680.0,0.0,0.0,26.0
2017-06-16 14:15:00,16680.0,16680.0,16680.0,16680.0,0.0,0.0,26.0
2017-06-16 14:20:00,16680.0,16680.0,16680.0,16680.0,0.0,0.0,26.0
2017-06-16 14:25:00,16680.0,16680.0,16680.0,16680.0,0.0,0.0,26.0
2017-06-16 14:30:00,16680.0,16680.0,16680.0,16680.0,0.0,0.0,26.0
2017-06-16 14:35:00,16680.0,16680.0,16680.0,16680.0,0.0,0.0,26.0
2017-06-16 14:40:00,16680.0,16680.0,16680.0,16680.0,0.0,0.0,26.0
2017-06-16 14:45:00,16680.0,16680.0,16680.0,16680.0,0.0,0.0,26.0
2017-06-16 14:50:00,16680.0,16680.0,16680.0,16680.0,0.0,0.0,26.0
2017-06-16 14:55:00,16680.0,16680.0,16680.0,16680.0,0.0,0.0,26.0
2017-06-16 21:00:00,16640.0,16640.0,16640.0,16640.0,0.0,0.0,26.0
2017-06-16 21:05:00,16640.0,16640.0,16640.0,16640.0,0.0,0.0,26.0
2017-06-16 21:10:00,16640.0,16640.0,16640.0,16640.0,0.0,0.0,26.0
2017-06-16 21:15:00,16640.0,16640.0,16640.0,16640.0,0.0,0.0,26.0
2017-06-16 21:20:00,16640.0,16640.0,16640.0,16640.0,0.0,0.0,26.0
2017-06-16 21:25:00,16640.0,16640.0,16640.0,16640.0,0.0,0.0,26.0
2017-06-16 21:30:00,16640.0,16640.0,16640.0,16640.0,0.0,0.0,26.0
2017-06-16 21:35:00,16640.0,16640.0,16640.0,16640.0,0.0,0.0,26.0
2017-06-16 21:40:00,16640.0,16640.0,16640.0,16640.0,0.0,0.0,26.0
2017-06-16 21:45:00,16640.0,16640.0,16640.0,16640.0,0.0,0.0,26.0
2017-06-16 21:50:00,16640.0,16640.0,16640.0,16640.0,0.0,0.0,26.0
2017-06-16 21:55:00,16640.0,16640.0,16640.0,16640.0,0.0,0.0,26.0
2017-06-16 22:00:00,16640.0,16640.0,16640.0,16640.0,0.0,0.0,26.0
2017-06-16 22:05:00,16640.0,16640.0,16640.0,16640.0,0.0,0.0,26.0
2017-06-16 22:10:00,16640.0,16640.0,16640.0,16640.0,0.0,0.0,26.0
2017-06-16 22:15:00,16640.0,16640.0,16640.0,16640.0,0.0,0.0,26.0
2017-06-16 22:20:00,16640.0,16640.0,16640.0,16640.0,0.0,0.0,26.0
2017-06-16 22:25:00,16640.0,16640.0,16640.0,16640.0,0.0,0.0,26.0
2017-06-16 22:30:00,16640.0,16640.0,16640.0,16640.0,0.0,0.0,26.0
2017-06-16 22:35:00,16640.0,16640.0,16640.0,16640.0,0.0,0.0,26.0
2017-06-16 22:40:00,16640.0,16640.0,16640.0,16640.0,0.0,0.0,26.0
2017-06-16 22:45:00,16640.0,16640.0,16640.0,16640.0,0.0,0.0,26.0
2017-06-16 22:50:00,16640.0,16640.0,16640.0,16640.0,0.0,0.0,26.0
2017-06-16 22:55:00,16640.0,16640.0,16640.0,16640.0,0.0,0.0,26.0
2017-06-16 23:00:00,16640.0,16640.0,16640.0,16640.0,0.0,0.0,26.0
2017-06-16 23:05:00,16640.0,16640.0,16640.0,16640.0,0.0,0.0,26.0
2017-06-16 23:10:00,16640.0,16640.0,16640.0,16640.0,0.0,0.0,26.0
2017-06-16 23:15:00,16640.0,16640.0,16640.0,16640.0,0.0,0.0,26.0
2017-06-16 23:20:00,16640.0,16640.0,16640.0,16640.0,0.0,0.0,26.0
2017-06-16 23:25:00,16640.0,16640.0,16640.0,16640.0,0.0,0.0,26.0
2017-06-16 23:30:00,16640.0,16640.0,16640.0,16640.0,0.0,0.0,26.0
2017-06-16 23:35:00,16640.0,16640.0,16640.0,16640.0,0.0,0.0,26.0
2017-06-16 23:40:00,16640.0,16640.0,16640.0,16640.0,0.0,0.0,26.0
2017-06-16 23:45:00,16640.0,16640.0,16640.0,16640.0,0.0,0.0,26.0
2017-06-16 23:50:00,16640.0,16640.0,16640.0,16640.0,0.0,0.0,26.0
2017-06-16 23:55:00,16640.0,16640.0,16640.0,16640.0,0.0,0.0,26.0
2017-06-17 00:00:00,16640.0,16640.0,16640.0,16640.0,0.0,0.0,26.0
2017-06-17 00:05:00,16640.0,16640.0,16640.0,16640.0,0.0,0.0,26.0
2017-06-17 00:10:00,16640.0,16640.0,16640.0,16640.0,0.0,0.0,26.0
2017-06-17 00:15:00,16640.0,16640.0,16640.0,16640.0,0.0,0.0,26.0
2017-06-17 00:20:00,16640.0,16640.0,16640.0,16640.0,0.0,0.0,26.0
2017-06-17 00:25:00,16640.0,16640.0,16640.0,16640.0,0.0,0.0,26.0
2017-06-17 00:30:00,16640.0,16640.0,16640.0,16640.0,0.0,0.0,26.0
2017-06-17 00:35:00,16640.0,16640.0,16640.0,16640.0,0.0,0.0,26.0
2017-06-17 00:40:00,16640.0,16640.0,16640.0,16640.0,0.0,0.0,26.0
2017-06-17 00:45:00,16640.0,16640.0,16640.0,16640.0,0.0,0.0,26.0
2017-06-17 00:50:00,16640.0,16640.0,16640.0,16640.0,0.0,0.0,26.0
2017-06-17 00:55:00,16640.0,16640.0,16640.0,16640.0,0.0,0.0,26.0
2017-06-19 09:00:00,16640.0,16640.0,16640.0,16640.0,0.0,0.0,26.0
2017-06-19 09:05:00,16640.0,16640.0,16640.0,16640.0,0.0,0.0,26.0
2017-06-19 09:10:00,16640.0,16640.0,16640.0,16640.0,0.0,0.0,26.0
2017-06-19 09:15:00,16640.0,16640.0,16640.0,16640.0,0.0,0.0,26.0
2017-06-19 09:20:00,16640.0,16640.0,16640.0,16640.0,0.0,0.0,26.0
2017-06-19 09:25:00,16640.0,16640.0,16640.0,16640.0,0.0,0.0,26.0
2017-06-19 09:30:00,16640.0,16640.0,16640.0,16640.0,0.0,0.0,26.0
2017-06-19 09:35:00,16640.0,16640.0,16640.0,16640.0,0.0,0.0,26.0
2017-06-19 09:40:00,16640.0,16640.0,16640.0,16640.0,0.0,0.0,26.0
2017-06-19 09:45:00,16640.0,16640.0,16640.0,16640.0,0.0,0.0,26.0
2017-06-19 09:50:00,16640.0,16640.0,16640.0,16640.0,0.0,0.0,26.0
2017-06-19 09:55:00,16640.0,16640.0,16640.0,16640.0,0.0,0.0,26.0
2017-06-19 10:00:00,16640.0,16640.0,16640.0,16640.0,0.0,0.0,26.0
2017-06-19 10:05:00,16640.0,16640.0,16640.0,16640.0,0.0,0.0,26.0
2017-06-19 10:10:00,16640.0,16640.0,16640.0,16640.0,0.0,0.0,26.0
2017-06-19 10:30:00,16640.0,16640.0,16640.0,16640.0,0.0,0.0,26.0
2017-06-19 10:35:00,16640.0,16640.0,16640.0,16640.0,0.0,0.0,26.0
2017-06-19 10:40:00,16640.0,16640.0,16640.0,16640.0,0.0,0.0,26.0
2017-06-19 10:45:00,16640.0,16640.0,16640.0,16640.0,0.0,0.0,26.0
2017-06-19 10:50:00,16640.0,16640.0,16640.0,16640.0,0.0,0.0,26.0
2017-06-19 10:55:00,16640.0,16640.0,16640.0,16640.0,0.0,0.0,26.0
2017-06-19 11:00:00,16640.0,16640.0,16640.0,16640.0,0.0,0.0,26.0
2017-06-19 11:05:00,16640.0,16640.0,16640.0,16640.0,0.0,0.0,26.0
2017-06-19 11:10:00,16640.0,16640.0,16640.0,16640.0,0.0,0.0,26.0
2017-06-19 11:15:00,16640.0,16640.0,16640.0,16640.0,0.0,0.0,26.0
2017-06-19 11:20:00,16640.0,16640.0,16640.0,16640.0,0.0,0.0,26.0
2017-06-19 11:25:00,16640.0,16640.0,16640.0,16640.0,0.0,0.0,26.0
2017-06-19 13:30:00,16640.0,16640.0,16640.0,16640.0,0.0,0.0,26.0
2017-06-19 13:35:00,16640.0,16640.0,16640.0,16640.0,0.0,0.0,26.0
2017-06-19 13:40:00,16640.0,16640.0,16640.0,16640.0,0.0,0.0,26.0
2017-06-19 13:45:00,16640.0,16640.0,16640.0,16640.0,0.0,0.0,26.0
2017-06-19 13:50:00,16640.0,16640.0,16640.0,16640.0,0.0,0.0,26.0
2017-06-19 13:55:00,16640.0,16640.0,16640.0,16640.0,0.0,0.0,26.0
2017-06-19 14:00:00,16640.0,16640.0,16640.0,16640.0,0.0,0.0,26.0
2017-06-19 14:05:00,16640.0,16640.0,16640.0,16640.0,0.0,0.0,26.0
2017-06-19 14:10:00,16640.0,16640.0,16640.0,16640.0,0.0,0.0,26.0
2017-06-19 14:15:00,16640.0,16640.0,16640.0,16640.0,0.0,0.0,26.0
2017-06-19 14:20:00,16640.0,16640.0,16640.0,16640.0,0.0,0.0,26.0
2017-06-19 14:25:00,16640.0,16640.0,16640.0,16640.0,0.0,0.0,26.0
2017-06-19 14:30:00,16640.0,16640.0,16640.0,16640.0,0.0,0.0,26.0
2017-06-19 14:35:00,16640.0,16640.0,16640.0,16640.0,0.0,0.0,26.0
2017-06-19 14:40:00,16640.0,16640.0,16640.0,16640.0,0.0,0.0,26.0
2017-06-19 14:45:00,16640.0,16640.0,16640.0,16640.0,0.0,0.0,26.0
2017-06-19 14:50:00,16640.0,16640.0,16640.0,16640.0,0.0,0.0,26.0
2017-06-19 14:55:00,16640.0,16640.0,16640.0,16640.0,0.0,0.0,26.0
2017-06-19 21:00:00,16640.0,16640.0,16640.0,16640.0,0.0,0.0,26.0
2017-06-19 21:05:00,16640.0,16640.0,16640.0,16640.0,0.0,0.0,26.0
2017-06-19 21:10:00,16640.0,16640.0,16640.0,16640.0,0.0,0.0,26.0
2017-06-19 21:15:00,16640.0,16640.0,16640.0,16640.0,0.0,0.0,26.0
2017-06-19 21:20:00,16640.0,16640.0,16640.0,16640.0,0.0,0.0,26.0
2017-06-19 21:25:00,16640.0,16640.0,16640.0,16640.0,0.0,0.0,26.0
2017-06-19 21:30:00,16640.0,16640.0,16640.0,16640.0,0.0,0.0,26.0
2017-06-19 21:35:00,16640.0,16640.0,16640.0,16640.0,0.0,0.0,26.0
2017-06-19 21:40:00,16640.0,16640.0,16640.0,16640.0,0.0,0.0,26.0
2017-06-19 21:45:00,16640.0,16640.0,16640.0,16640.0,0.0,0.0,26.0
2017-06-19 21:50:00,16640.0,16640.0,16640.0,16640.0,0.0,0.0,26.0
2017-06-19 21:55:00,16640.0,16640.0,16640.0,16640.0,0.0,0.0,26.0
2017-06-19 22:00:00,16640.0,16640.0,16640.0,16640.0,0.0,0.0,26.0
2017-06-19 22:05:00,16640.0,16640.0,16640.0,16640.0,0.0,0.0,26.0
2017-06-19 22:10:00,16640.0,16640.0,16640.0,16640.0,0.0,0.0,26.0
2017-06-19 22:15:00,16640.0,16640.0,16640.0,16640.0,0.0,0.0,26.0
2017-06-19 22:20:00,16640.0,16640.0,16640.0,16640.0,0.0,0.0,26.0
2017-06-19 22:25:00,16640.0,16640.0,16640.0,16640.0,0.0,0.0,26.0
2017-06-19 22:30:00,16640.0,16640.0,16640.0,16640.0,0.0,0.0,26.0
2017-06-19 22:35:00,16640.0,16640.0,16640.0,16640.0,0.0,0.0,26.0
2017-06-19 22:40:00,16640.0,16640.0,16640.0,16640.0,0.0,0.0,26.0
2017-06-19 22:45:00,16640.0,16640.0,16640.0,16640.0,0.0,0.0,26.0
2017-06-19 22:50:00,16640.0,16640.0,16640.0,16640.0,0.0,0.0,26.0
2017-06-19 22:55:00,16640.0,16640.0,16640.0,16640.0,0.0,0.0,26.0
2017-06-19 23:00:00,16640.0,16640.0,16640.0,16640.0,0.0,0.0,26.0
2017-06-19 23:05:00,16640.0,16640.0,16640.0,16640.0,0.0,0.0,26.0
2017-06-19 23:10:00,16640.0,16640.0,16640.0,16640.0,0.0,0.0,26.0
2017-06-19 23:15:00,16640.0,16640.0,16640.0,16640.0,0.0,0.0,26.0
2017-06-19 23:20:00,16640.0,16640.0,16640.0,16640.0,0.0,0.0,26.0
2017-06-19 23:25:00,16640.0,16640.0,16640.0,16640.0,0.0,0.0,26.0
2017-06-19 23:30:00,16640.0,16640.0,16640.0,16640.0,0.0,0.0,26.0
2017-06-19 23:35:00,16640.0,16640.0,16640.0,16640.0,0.0,0.0,26.0
2017-06-19 23:40:00,16640.0,16640.0,16640.0,16640.0,0.0,0.0,26.0
2017-06-19 23:45:00,16640.0,16640.0,16640.0,16640.0,0.0,0.0,26.0
2017-06-19 23:50:00,16640.0,16640.0,16640.0,16640.0,0.0,0.0,26.0
2017-06-19 23:55:00,16640.0,16640.0,16640.0,16640.0,0.0,0.0,26.0
2017-06-20 00:00:00,16640.0,16640.0,16640.0,16640.0,0.0,0.0,26.0
2017-06-20 00:05:00,16640.0,16640.0,16640.0,16640.0,0.0,0.0,26.0
2017-06-20 00:10:00,16640.0,16640.0,16640.0,16640.0,0.0,0.0,26.0
2017-06-20 00:15:00,16640.0,16640.0,16640.0,16640.0,0.0,0.0,26.0
2017-06-20 00:20:00,16640.0,16640.0,16640.0,16640.0,0.0,0.0,26.0
2017-06-20 00:25:00,16640.0,16640.0,16640.0,16640.0,0.0,0.0,26.0
2017-06-20 00:30:00,16640.0,16640.0,16640.0,16640.0,0.0,0.0,26.0
2017-06-20 00:35:00,16640.0,16640.0,16640.0,16640.0,0.0,0.0,26.0
2017-06-20 00:40:00,16640.0,16640.0,16640.0,16640.0,0.0,0.0,26.0
2017-06-20 00:45:00,16640.0,16640.0,16640.0,16640.0,0.0,0.0,26.0
2017-06-20 00:50:00,16640.0,16640.0,16640.0,16640.0,0.0,0.0,26.0
2017-06-20 00:55:00,16640.0,16640.0,16640.0,16640.0,0.0,0.0,26.0
2017-06-20 09:00:00,16640.0,16640.0,16640.0,16640.0,0.0,0.0,26.0
2017-06-20 09:05:00,16640.0,16640.0,16640.0,16640.0,0.0,0.0,26.0
2017-06-20 09:10:00,16640.0,16640.0,16640.0,16640.0,0.0,0.0,26.0
2017-06-20 09:15:00,16640.0,16640.0,16640.0,16640.0,0.0,0.0,26.0
2017-06-20 09:20:00,16640.0,16640.0,16640.0,16640.0,0.0,0.0,26.0
2017-06-20 09:25:00,16640.0,16640.0,16640.0,16640.0,0.0,0.0,26.0
2017-06-20 09:30:00,16640.0,16640.0,16640.0,16640.0,0.0,0.0,26.0
2017-06-20 09:35:00,16640.0,16640.0,16640.0,16640.0,0.0,0.0,26.0
2017-06-20 09:40:00,16640.0,16640.0,16640.0,16640.0,0.0,0.0,26.0
2017-06-20 09:45:00,16640.0,16640.0,16640.0,16640.0,0.0,0.0,26.0
2017-06-20 09:50:00,16640.0,16640.0,16640.0,16640.0,0.0,0.0,26.0
2017-06-20 09:55:00,16640.0,16640.0,16640.0,16640.0,0.0,0.0,26.0
2017-06-20 10:00:00,16640.0,16640.0,16640.0,16640.0,0.0,0.0,26.0
2017-06-20 10:05:00,16640.0,16640.0,16640.0,16640.0,0.0,0.0,26.0
2017-06-20 10:10:00,16640.0,16640.0,16640.0,16640.0,0.0,0.0,26.0
2017-06-20 10:30:00,16640.0,16640.0,16640.0,16640.0,0.0,0.0,26.0
2017-06-20 10:35:00,16640.0,16640.0,16640.0,16640.0,0.0,0.0,26.0
2017-06-20 10:40:00,16640.0,16640.0,16640.0,16640.0,0.0,0.0,26.0
2017-06-20 10:45:00,16640.0,16640.0,16640.0,16640.0,0.0,0.0,26.0
2017-06-20 10:50:00,16640.0,16640.0,16640.0,16640.0,0.0,0.0,26.0
2017-06-20 10:55:00,16640.0,16640.0,16640.0,16640.0,0.0,0.0,26.0
2017-06-20 11:00:00,16640.0,16640.0,16640.0,16640.0,0.0,0.0,26.0
2017-06-20 11:05:00,16640.0,16640.0,16640.0,16640.0,0.0,0.0,26.0
2017-06-20 11:10:00,16640.0,16640.0,16640.0,16640.0,0.0,0.0,26.0
2017-06-20 11:15:00,16640.0,16640.0,16640.0,16640.0,0.0,0.0,26.0
2017-06-20 11:20:00,16640.0,16640.0,16640.0,16640.0,0.0,0.0,26.0
2017-06-20 11:25:00,16640.0,16640.0,16640.0,16640.0,0.0,0.0,26.0
2017-06-20 13:30:00,16640.0,16640.0,16640.0,16640.0,0.0,0.0,26.0
2017-06-20 13:35:00,16640.0,16640.0,16640.0,16640.0,0.0,0.0,26.0
2017-06-20 13:40:00,16640.0,16640.0,16640.0,16640.0,0.0,0.0,26.0
2017-06-20 13:45:00,16640.0,16640.0,16640.0,16640.0,0.0,0.0,26.0
2017-06-20 13:50:00,16640.0,16640.0,16640.0,16640.0,0.0,0.0,26.0
2017-06-20 13:55:00,16640.0,16640.0,16640.0,16640.0,0.0,0.0,26.0
2017-06-20 14:00:00,16640.0,16640.0,16640.0,16640.0,0.0,0.0,26.0
2017-06-20 14:05:00,16640.0,16640.0,16640.0,16640.0,0.0,0.0,26.0
2017-06-20 14:10:00,16640.0,16640.0,16640.0,16640.0,0.0,0.0,26.0
2017-06-20 14:15:00,16640.0,16640.0,16640.0,16640.0,0.0,0.0,26.0
2017-06-20 14:20:00,16640.0,16640.0,16640.0,16640.0,0.0,0.0,26.0
2017-06-20 14:25:00,16640.0,16640.0,16640.0,16640.0,0.0,0.0,26.0
2017-06-20 14:30:00,16640.0,16640.0,16640.0,16640.0,0.0,0.0,26.0
2017-06-20 14:35:00,16640.0,16640.0,16640.0,16640.0,0.0,0.0,26.0
2017-06-20 14:40:00,16640.0,16640.0,16640.0,16640.0,0.0,0.0,26.0
2017-06-20 14:45:00,16640.0,16640.0,16640.0,16640.0,0.0,0.0,26.0
2017-06-20 14:50:00,16640.0,16640.0,16640.0,16640.0,0.0,0.0,26.0
2017-06-20 14:55:00,16640.0,16640.0,16640.0,16640.0,0.0,0.0,26.0
2017-06-20 21:00:00,16800.0,16800.0,16800.0,16800.0,0.0,0.0,26.0
2017-06-20 21:05:00,16800.0,16800.0,16800.0,16800.0,0.0,0.0,26.0
2017-06-20 21:10:00,16800.0,16800.0,16800.0,16800.0,0.0,0.0,26.0
2017-06-20 21:15:00,16800.0,16800.0,16800.0,16800.0,0.0,0.0,26.0
2017-06-20 21:20:00,16800.0,16800.0,16800.0,16800.0,0.0,0.0,26.0
2017-06-20 21:25:00,16800.0,16800.0,16800.0,16800.0,0.0,0.0,26.0
2017-06-20 21:30:00,16800.0,16800.0,16800.0,16800.0,0.0,0.0,26.0
2017-06-20 21:35:00,16800.0,16800.0,16800.0,16800.0,0.0,0.0,26.0
2017-06-20 21:40:00,16800.0,16800.0,16800.0,16800.0,0.0,0.0,26.0
2017-06-20 21:45:00,16800.0,16800.0,16800.0,16800.0,0.0,0.0,26.0
2017-06-20 21:50:00,16800.0,16800.0,16800.0,16800.0,0.0,0.0,26.0
2017-06-20 21:55:00,16800.0,16800.0,16800.0,16800.0,0.0,0.0,26.0
2017-06-20 22:00:00,16800.0,16800.0,16800.0,16800.0,0.0,0.0,26.0
2017-06-20 22:05:00,16800.0,16800.0,16800.0,16800.0,0.0,0.0,26.0
2017-06-20 22:10:00,16800.0,16800.0,16800.0,16800.0,0.0,0.0,26.0
2017-06-20 22:15:00,16800.0,16800.0,16800.0,16800.0,0.0,0.0,26.0
2017-06-20 22:20:00,16800.0,16800.0,16800.0,16800.0,0.0,0.0,26.0
2017-06-20 22:25:00,16800.0,16800.0,16800.0,16800.0,0.0,0.0,26.0
2017-06-20 22:30:00,16800.0,16800.0,16800.0,16800.0,0.0,0.0,26.0
2017-06-20 22:35:00,16800.0,16800.0,16800.0,16800.0,0.0,0.0,26.0
2017-06-20 22:40:00,16800.0,16800.0,16800.0,16800.0,0.0,0.0,26.0
2017-06-20 22:45:00,16800.0,16800.0,16800.0,16800.0,0.0,0.0,26.0
2017-06-20 22:50:00,16800.0,16800.0,16800.0,16800.0,0.0,0.0,26.0
2017-06-20 22:55:00,16800.0,16800.0,16800.0,16800.0,0.0,0.0,26.0
2017-06-20 23:00:00,16800.0,16800.0,16800.0,16800.0,0.0,0.0,26.0
2017-06-20 23:05:00,16800.0,16800.0,16800.0,16800.0,0.0,0.0,26.0
2017-06-20 23:10:00,16800.0,16800.0,16800.0,16800.0,0.0,0.0,26.0
2017-06-20 23:15:00,16800.0,16800.0,16800.0,16800.0,0.0,0.0,26.0
2017-06-20 23:20:00,16800.0,16800.0,16800.0,16800.0,0.0,0.0,26.0
2017-06-20 23:25:00,16800.0,16800.0,16800.0,16800.0,0.0,0.0,26.0
2017-06-20 23:30:00,16800.0,16800.0,16800.0,16800.0,0.0,0.0,26.0
2017-06-20 23:35:00,16800.0,16800.0,16800.0,16800.0,0.0,0.0,26.0
2017-06-20 23:40:00,16800.0,16800.0,16800.0,16800.0,0.0,0.0,26.0
2017-06-20 23:45:00,16800.0,16800.0,16800.0,16800.0,0.0,0.0,26.0
2017-06-20 23:50:00,16800.0,16800.0,16800.0,16800.0,0.0,0.0,26.0
2017-06-20 23:55:00,16800.0,16800.0,16800.0,16800.0,0.0,0.0,26.0
2017-06-21 00:00:00,16800.0,16800.0,16800.0,16800.0,0.0,0.0,26.0
2017-06-21 00:05:00,16800.0,16800.0,16800.0,16800.0,0.0,0.0,26.0
2017-06-21 00:10:00,16800.0,16800.0,16800.0,16800.0,0.0,0.0,26.0
2017-06-21 00:15:00,16800.0,16800.0,16800.0,16800.0,0.0,0.0,26.0
2017-06-21 00:20:00,16800.0,16800.0,16800.0,16800.0,0.0,0.0,26.0
2017-06-21 00:25:00,16800.0,16800.0,16800.0,16800.0,0.0,0.0,26.0
2017-06-21 00:30:00,16800.0,16800.0,16800.0,16800.0,0.0,0.0,26.0
2017-06-21 00:35:00,16800.0,16800.0,16800.0,16800.0,0.0,0.0,26.0
2017-06-21 00:40:00,16800.0,16800.0,16800.0,16800.0,0.0,0.0,26.0
2017-06-21 00:45:00,16800.0,16800.0,16800.0,16800.0,0.0,0.0,26.0
2017-06-21 00:50:00,16800.0,16800.0,16800.0,16800.0,0.0,0.0,26.0
2017-06-21 00:55:00,16800.0,16800.0,16800.0,16800.0,0.0,0.0,26.0
2017-06-21 09:00:00,16800.0,16800.0,16800.0,16800.0,0.0,0.0,26.0
2017-06-21 09:05:00,16800.0,16800.0,16800.0,16800.0,0.0,0.0,26.0
2017-06-21 09:10:00,16800.0,16800.0,16800.0,16800.0,0.0,0.0,26.0
2017-06-21 09:15:00,16800.0,16800.0,16800.0,16800.0,0.0,0.0,26.0
2017-06-21 09:20:00,16800.0,16800.0,16800.0,16800.0,0.0,0.0,26.0
2017-06-21 09:25:00,16800.0,16800.0,16800.0,16800.0,0.0,0.0,26.0
2017-06-21 09:30:00,16800.0,16800.0,16800.0,16800.0,0.0,0.0,26.0
2017-06-21 09:35:00,16800.0,16800.0,16800.0,16800.0,0.0,0.0,26.0
2017-06-21 09:40:00,16800.0,16800.0,16800.0,16800.0,0.0,0.0,26.0
2017-06-21 09:45:00,16800.0,16800.0,16800.0,16800.0,0.0,0.0,26.0
2017-06-21 09:50:00,16800.0,16800.0,16800.0,16800.0,0.0,0.0,26.0
2017-06-21 09:55:00,16800.0,16800.0,16800.0,16800.0,0.0,0.0,26.0
2017-06-21 10:00:00,16800.0,16800.0,16800.0,16800.0,0.0,0.0,26.0
2017-06-21 10:05:00,16800.0,16800.0,16800.0,16800.0,0.0,0.0,26.0
2017-06-21 10:10:00,16800.0,16800.0,16800.0,16800.0,0.0,0.0,26.0
2017-06-21 10:30:00,16800.0,16800.0,16800.0,16800.0,0.0,0.0,26.0
2017-06-21 10:35:00,16800.0,16800.0,16800.0,16800.0,0.0,0.0,26.0
2017-06-21 10:40:00,16800.0,16800.0,16800.0,16800.0,0.0,0.0,26.0
2017-06-21 10:45:00,16800.0,16800.0,16800.0,16800.0,0.0,0.0,26.0
2017-06-21 10:50:00,16800.0,16800.0,16800.0,16800.0,0.0,0.0,26.0
2017-06-21 10:55:00,16800.0,16800.0,16800.0,16800.0,0.0,0.0,26.0
2017-06-21 11:00:00,16800.0,16800.0,16800.0,16800.0,0.0,0.0,26.0
2017-06-21 11:05:00,16800.0,16800.0,16800.0,16800.0,0.0,0.0,26.0
2017-06-21 11:10:00,16800.0,16900.0,16800.0,16900.0,6.0,507000.0,26.0
2017-06-21 11:15:00,16900.0,16900.0,16900.0,16900.0,0.0,0.0,26.0
2017-06-21 11:20:00,16900.0,16900.0,16900.0,16900.0,0.0,0.0,26.0
2017-06-21 11:25:00,16900.0,16900.0,16900.0,16900.0,0.0,0.0,26.0
2017-06-21 13:30:00,16900.0,16900.0,16900.0,16900.0,0.0,0.0,26.0
2017-06-21 13:35:00,16900.0,16900.0,16900.0,16900.0,0.0,0.0,26.0
2017-06-21 13:40:00,16900.0,16900.0,16900.0,16900.0,0.0,0.0,26.0
2017-06-21 13:45:00,16900.0,16900.0,16900.0,16900.0,0.0,0.0,26.0
2017-06-21 13:50:00,16900.0,16900.0,16900.0,16900.0,0.0,0.0,26.0
2017-06-21 13:55:00,16900.0,16900.0,16900.0,16900.0,0.0,0.0,26.0
2017-06-21 14:00:00,16900.0,16900.0,16900.0,16900.0,0.0,0.0,26.0
2017-06-21 14:05:00,16900.0,16900.0,16900.0,16900.0,0.0,0.0,26.0
2017-06-21 14:10:00,16900.0,16900.0,16900.0,16900.0,0.0,0.0,26.0
2017-06-21 14:15:00,16900.0,16900.0,16900.0,16900.0,0.0,0.0,26.0
2017-06-21 14:20:00,16900.0,16900.0,16900.0,16900.0,0.0,0.0,26.0
2017-06-21 14:25:00,16900.0,16900.0,16900.0,16900.0,0.0,0.0,26.0
2017-06-21 14:30:00,16900.0,16900.0,16900.0,16900.0,0.0,0.0,26.0
2017-06-21 14:35:00,16900.0,16900.0,16900.0,16900.0,0.0,0.0,26.0
2017-06-21 14:40:00,16900.0,16900.0,16900.0,16900.0,0.0,0.0,26.0
2017-06-21 14:45:00,16900.0,16900.0,16900.0,16900.0,0.0,0.0,26.0
2017-06-21 14:50:00,16900.0,16900.0,16900.0,16900.0,0.0,0.0,26.0
2017-06-21 14:55:00,16900.0,16900.0,16900.0,16900.0,0.0,0.0,26.0
2017-06-21 21:00:00,16900.0,16900.0,16900.0,16900.0,0.0,0.0,26.0
2017-06-21 21:05:00,16900.0,16900.0,16900.0,16900.0,0.0,0.0,26.0
2017-06-21 21:10:00,16900.0,16900.0,16900.0,16900.0,0.0,0.0,26.0
2017-06-21 21:15:00,16900.0,16900.0,16900.0,16900.0,0.0,0.0,26.0
2017-06-21 21:20:00,16900.0,16900.0,16900.0,16900.0,0.0,0.0,26.0
2017-06-21 21:25:00,16900.0,16900.0,16900.0,16900.0,0.0,0.0,26.0
2017-06-21 21:30:00,16900.0,16900.0,16900.0,16900.0,0.0,0.0,26.0
2017-06-21 21:35:00,16900.0,16900.0,16900.0,16900.0,0.0,0.0,26.0
2017-06-21 21:40:00,16900.0,16900.0,16900.0,16900.0,0.0,0.0,26.0
2017-06-21 21:45:00,16900.0,16900.0,16900.0,16900.0,0.0,0.0,26.0
2017-06-21 21:50:00,16900.0,16900.0,16900.0,16900.0,0.0,0.0,26.0
2017-06-21 21:55:00,16900.0,16900.0,16900.0,16900.0,0.0,0.0,26.0
2017-06-21 22:00:00,16900.0,16900.0,16900.0,16900.0,0.0,0.0,26.0
2017-06-21 22:05:00,16900.0,16900.0,16900.0,16900.0,0.0,0.0,26.0
2017-06-21 22:10:00,16900.0,16900.0,16900.0,16900.0,0.0,0.0,26.0
2017-06-21 22:15:00,16900.0,16900.0,16900.0,16900.0,0.0,0.0,26.0
2017-06-21 22:20:00,16900.0,16900.0,16900.0,16900.0,0.0,0.0,26.0
2017-06-21 22:25:00,16900.0,16900.0,16900.0,16900.0,0.0,0.0,26.0
2017-06-21 22:30:00,16900.0,16900.0,16900.0,16900.0,0.0,0.0,26.0
2017-06-21 22:35:00,16900.0,16900.0,16900.0,16900.0,0.0,0.0,26.0
2017-06-21 22:40:00,16900.0,16900.0,16900.0,16900.0,0.0,0.0,26.0
2017-06-21 22:45:00,16900.0,16900.0,16900.0,16900.0,0.0,0.0,26.0
2017-06-21 22:50:00,16900.0,16900.0,16900.0,16900.0,0.0,0.0,26.0
2017-06-21 22:55:00,16900.0,16900.0,16900.0,16900.0,0.0,0.0,26.0
2017-06-21 23:00:00,16900.0,16900.0,16900.0,16900.0,0.0,0.0,26.0
2017-06-21 23:05:00,16900.0,16900.0,16900.0,16900.0,0.0,0.0,26.0
2017-06-21 23:10:00,16900.0,16900.0,16900.0,16900.0,0.0,0.0,26.0
2017-06-21 23:15:00,16900.0,16900.0,16900.0,16900.0,0.0,0.0,26.0
2017-06-21 23:20:00,16900.0,16900.0,16900.0,16900.0,0.0,0.0,26.0
2017-06-21 23:25:00,16900.0,16900.0,16900.0,16900.0,0.0,0.0,26.0
2017-06-21 23:30:00,16900.0,16900.0,16900.0,16900.0,0.0,0.0,26.0
2017-06-21 23:35:00,16900.0,17100.0,16900.0,17100.0,4.0,342000.0,26.0
2017-06-21 23:40:00,17100.0,17100.0,17100.0,17100.0,0.0,0.0,26.0
2017-06-21 23:45:00,17100.0,17100.0,17100.0,17100.0,0.0,0.0,26.0
2017-06-21 23:50:00,17100.0,17100.0,17100.0,17100.0,2.0,171000.0,26.0
2017-06-21 23:55:00,17100.0,17100.0,17100.0,17100.0,0.0,0.0,26.0
2017-06-22 00:00:00,17100.0,17100.0,17100.0,17100.0,0.0,0.0,26.0
2017-06-22 00:05:00,17100.0,17100.0,17100.0,17100.0,0.0,0.0,26.0
2017-06-22 00:10:00,17100.0,17100.0,17100.0,17100.0,0.0,0.0,26.0
2017-06-22 00:15:00,17100.0,17100.0,17100.0,17100.0,0.0,0.0,26.0
2017-06-22 00:20:00,17100.0,17100.0,17100.0,17100.0,0.0,0.0,26.0
2017-06-22 00:25:00,17100.0,17100.0,17100.0,17100.0,0.0,0.0,26.0
2017-06-22 00:30:00,17100.0,17100.0,17100.0,17100.0,0.0,0.0,26.0
2017-06-22 00:35:00,17100.0,17100.0,17100.0,17100.0,0.0,0.0,26.0
2017-06-22 00:40:00,17100.0,17100.0,17100.0,17100.0,0.0,0.0,26.0
2017-06-22 00:45:00,17100.0,17100.0,17100.0,17100.0,0.0,0.0,26.0
2017-06-22 00:50:00,17100.0,17100.0,17100.0,17100.0,0.0,0.0,26.0
2017-06-22 00:55:00,17100.0,17100.0,17100.0,17100.0,0.0,0.0,26.0
2017-06-22 09:00:00,17100.0,17100.0,17100.0,17100.0,0.0,0.0,26.0
2017-06-22 09:05:00,17100.0,17100.0,17100.0,17100.0,0.0,0.0,26.0
2017-06-22 09:10:00,17100.0,17100.0,17100.0,17100.0,0.0,0.0,26.0
2017-06-22 09:15:00,17100.0,17100.0,17100.0,17100.0,0.0,0.0,26.0
2017-06-22 09:20:00,17100.0,17100.0,17100.0,17100.0,0.0,0.0,26.0
2017-06-22 09:25:00,17100.0,17100.0,17100.0,17100.0,0.0,0.0,26.0
2017-06-22 09:30:00,17100.0,17100.0,17100.0,17100.0,0.0,0.0,26.0
2017-06-22 09:35:00,17100.0,17100.0,17100.0,17100.0,0.0,0.0,26.0
2017-06-22 09:40:00,17100.0,17100.0,17100.0,17100.0,0.0,0.0,26.0
2017-06-22 09:45:00,17100.0,17100.0,17100.0,17100.0,0.0,0.0,26.0
2017-06-22 09:50:00,17100.0,17100.0,17100.0,17100.0,0.0,0.0,26.0
2017-06-22 09:55:00,17100.0,17100.0,17100.0,17100.0,0.0,0.0,26.0
2017-06-22 10:00:00,17100.0,17100.0,17100.0,17100.0,0.0,0.0,26.0
2017-06-22 10:05:00,17100.0,17100.0,17100.0,17100.0,0.0,0.0,26.0
2017-06-22 10:10:00,17100.0,17100.0,17100.0,17100.0,0.0,0.0,26.0
2017-06-22 10:30:00,17100.0,17100.0,17100.0,17100.0,0.0,0.0,26.0
2017-06-22 10:35:00,17100.0,17100.0,17100.0,17100.0,0.0,0.0,26.0
2017-06-22 10:40:00,17100.0,17100.0,17100.0,17100.0,0.0,0.0,26.0
2017-06-22 10:45:00,17100.0,17100.0,17100.0,17100.0,0.0,0.0,26.0
2017-06-22 10:50:00,17100.0,17100.0,17100.0,17100.0,0.0,0.0,26.0
2017-06-22 10:55:00,17100.0,17100.0,17100.0,17100.0,0.0,0.0,26.0
2017-06-22 11:00:00,17100.0,17100.0,17100.0,17100.0,0.0,0.0,26.0
2017-06-22 11:05:00,17100.0,17100.0,17100.0,17100.0,0.0,0.0,26.0
2017-06-22 11:10:00,17100.0,17100.0,17100.0,17100.0,0.0,0.0,26.0
2017-06-22 11:15:00,17100.0,17100.0,17100.0,17100.0,0.0,0.0,26.0
2017-06-22 11:20:00,17100.0,17100.0,17100.0,17100.0,0.0,0.0,26.0
2017-06-22 11:25:00,17100.0,17100.0,17100.0,17100.0,0.0,0.0,26.0
2017-06-22 13:30:00,17100.0,17100.0,17100.0,17100.0,0.0,0.0,26.0
2017-06-22 13:35:00,17100.0,17100.0,17100.0,17100.0,0.0,0.0,26.0
2017-06-22 13:40:00,17100.0,17100.0,17100.0,17100.0,0.0,0.0,26.0
2017-06-22 13:45:00,17100.0,17100.0,17100.0,17100.0,0.0,0.0,26.0
2017-06-22 13:50:00,17100.0,17100.0,17100.0,17100.0,0.0,0.0,26.0
2017-06-22 13:55:00,17100.0,17100.0,17100.0,17100.0,0.0,0.0,26.0
2017-06-22 14:00:00,17100.0,17100.0,17100.0,17100.0,0.0,0.0,26.0
2017-06-22 14:05:00,17100.0,17100.0,17100.0,17100.0,0.0,0.0,26.0
2017-06-22 14:10:00,17100.0,17100.0,17100.0,17100.0,0.0,0.0,26.0
2017-06-22 14:15:00,17100.0,17100.0,17100.0,17100.0,0.0,0.0,26.0
2017-06-22 14:20:00,17100.0,17100.0,17100.0,17100.0,0.0,0.0,26.0
2017-06-22 14:25:00,17100.0,17100.0,17100.0,17100.0,0.0,0.0,26.0
2017-06-22 14:30:00,17100.0,17100.0,17100.0,17100.0,0.0,0.0,26.0
2017-06-22 14:35:00,17100.0,17100.0,17100.0,17100.0,0.0,0.0,26.0
2017-06-22 14:40:00,17100.0,17100.0,17100.0,17100.0,0.0,0.0,26.0
2017-06-22 14:45:00,17100.0,17100.0,17100.0,17100.0,0.0,0.0,26.0
2017-06-22 14:50:00,17100.0,17100.0,17100.0,17100.0,0.0,0.0,26.0
2017-06-22 14:55:00,17100.0,17100.0,17100.0,17100.0,0.0,0.0,26.0
2017-06-22 21:00:00,17100.0,17100.0,17100.0,17100.0,0.0,0.0,26.0
2017-06-22 21:05:00,17100.0,17100.0,17100.0,17100.0,0.0,0.0,26.0
2017-06-22 21:10:00,17100.0,17100.0,17100.0,17100.0,0.0,0.0,26.0
2017-06-22 21:15:00,17100.0,17100.0,17100.0,17100.0,0.0,0.0,26.0
2017-06-22 21:20:00,17100.0,17100.0,17100.0,17100.0,0.0,0.0,26.0
2017-06-22 21:25:00,17100.0,17100.0,17100.0,17100.0,0.0,0.0,26.0
2017-06-22 21:30:00,17100.0,17100.0,17100.0,17100.0,0.0,0.0,26.0
2017-06-22 21:35:00,17100.0,17100.0,17100.0,17100.0,0.0,0.0,26.0
2017-06-22 21:40:00,17100.0,17100.0,17100.0,17100.0,0.0,0.0,26.0
2017-06-22 21:45:00,17100.0,17100.0,17100.0,17100.0,0.0,0.0,26.0
2017-06-22 21:50:00,17100.0,17100.0,17100.0,17100.0,0.0,0.0,26.0
2017-06-22 21:55:00,17100.0,17100.0,17100.0,17100.0,0.0,0.0,26.0
2017-06-22 22:00:00,17100.0,17100.0,17100.0,17100.0,0.0,0.0,26.0
2017-06-22 22:05:00,17100.0,17100.0,17100.0,17100.0,0.0,0.0,26.0
2017-06-22 22:10:00,17100.0,17100.0,17100.0,17100.0,0.0,0.0,26.0
2017-06-22 22:15:00,17100.0,17100.0,17100.0,17100.0,0.0,0.0,26.0
2017-06-22 22:20:00,17100.0,17100.0,17100.0,17100.0,0.0,0.0,26.0
2017-06-22 22:25:00,17100.0,17100.0,17100.0,17100.0,0.0,0.0,26.0
2017-06-22 22:30:00,17100.0,17100.0,17100.0,17100.0,0.0,0.0,26.0
2017-06-22 22:35:00,17100.0,17100.0,17100.0,17100.0,0.0,0.0,26.0
2017-06-22 22:40:00,17100.0,17100.0,17100.0,17100.0,0.0,0.0,26.0
2017-06-22 22:45:00,17100.0,17100.0,17100.0,17100.0,0.0,0.0,26.0
2017-06-22 22:50:00,17100.0,17100.0,17100.0,17100.0,0.0,0.0,26.0
2017-06-22 22:55:00,17100.0,17100.0,17100.0,17100.0,0.0,0.0,26.0
2017-06-22 23:00:00,17100.0,17100.0,17100.0,17100.0,0.0,0.0,26.0
2017-06-22 23:05:00,17100.0,17100.0,17100.0,17100.0,0.0,0.0,26.0
2017-06-22 23:10:00,17100.0,17100.0,17100.0,17100.0,0.0,0.0,26.0
2017-06-22 23:15:00,17100.0,17100.0,17100.0,17100.0,0.0,0.0,26.0
2017-06-22 23:20:00,17100.0,17100.0,17100.0,17100.0,0.0,0.0,26.0
2017-06-22 23:25:00,17100.0,17100.0,17100.0,17100.0,0.0,0.0,26.0
2017-06-22 23:30:00,17100.0,17100.0,17100.0,17100.0,0.0,0.0,26.0
2017-06-22 23:35:00,17100.0,17100.0,17100.0,17100.0,0.0,0.0,26.0
2017-06-22 23:40:00,17100.0,17100.0,17100.0,17100.0,0.0,0.0,26.0
2017-06-22 23:45:00,17100.0,17100.0,17100.0,17100.0,0.0,0.0,26.0
2017-06-22 23:50:00,17100.0,17100.0,17100.0,17100.0,0.0,0.0,26.0
2017-06-22 23:55:00,17100.0,17100.0,17100.0,17100.0,0.0,0.0,26.0
2017-06-23 00:00:00,17100.0,17100.0,17100.0,17100.0,0.0,0.0,26.0
2017-06-23 00:05:00,17100.0,17100.0,17100.0,17100.0,0.0,0.0,26.0
2017-06-23 00:10:00,17100.0,17100.0,17100.0,17100.0,0.0,0.0,26.0
2017-06-23 00:15:00,17100.0,17100.0,17100.0,17100.0,0.0,0.0,26.0
2017-06-23 00:20:00,17100.0,17100.0,17100.0,17100.0,0.0,0.0,26.0
2017-06-23 00:25:00,17100.0,17100.0,17100.0,17100.0,0.0,0.0,26.0
2017-06-23 00:30:00,17100.0,17100.0,17100.0,17100.0,0.0,0.0,26.0
2017-06-23 00:35:00,17100.0,17100.0,17100.0,17100.0,0.0,0.0,26.0
2017-06-23 00:40:00,17100.0,17100.0,17100.0,17100.0,0.0,0.0,26.0
2017-06-23 00:45:00,17100.0,17100.0,17100.0,17100.0,0.0,0.0,26.0
2017-06-23 00:50:00,17100.0,17100.0,17100.0,17100.0,0.0,0.0,26.0
2017-06-23 00:55:00,17100.0,17100.0,17100.0,17100.0,0.0,0.0,26.0
2017-06-23 09:00:00,17100.0,17100.0,17100.0,17100.0,0.0,0.0,26.0
2017-06-23 09:05:00,17100.0,17100.0,17100.0,17100.0,0.0,0.0,26.0
2017-06-23 09:10:00,17100.0,17100.0,17100.0,17100.0,0.0,0.0,26.0
2017-06-23 09:15:00,17100.0,17100.0,17100.0,17100.0,0.0,0.0,26.0
2017-06-23 09:20:00,17100.0,17100.0,17100.0,17100.0,0.0,0.0,26.0
2017-06-23 09:25:00,17100.0,17100.0,17100.0,17100.0,0.0,0.0,26.0
2017-06-23 09:30:00,17100.0,17100.0,17100.0,17100.0,0.0,0.0,26.0
2017-06-23 09:35:00,17100.0,17100.0,17100.0,17100.0,0.0,0.0,26.0
2017-06-23 09:40:00,17100.0,17100.0,17100.0,17100.0,0.0,0.0,26.0
2017-06-23 09:45:00,17100.0,17100.0,17100.0,17100.0,0.0,0.0,26.0
2017-06-23 09:50:00,17100.0,17100.0,17100.0,17100.0,0.0,0.0,26.0
2017-06-23 09:55:00,17100.0,17100.0,17100.0,17100.0,0.0,0.0,26.0
2017-06-23 10:00:00,17100.0,17100.0,17100.0,17100.0,0.0,0.0,26.0
2017-06-23 10:05:00,17100.0,17100.0,17100.0,17100.0,0.0,0.0,26.0
2017-06-23 10:10:00,17100.0,17100.0,17100.0,17100.0,0.0,0.0,26.0
2017-06-23 10:30:00,17100.0,17100.0,17100.0,17100.0,0.0,0.0,26.0
2017-06-23 10:35:00,17100.0,17100.0,17100.0,17100.0,0.0,0.0,26.0
2017-06-23 10:40:00,17100.0,17100.0,17100.0,17100.0,0.0,0.0,26.0
2017-06-23 10:45:00,17100.0,17100.0,17100.0,17100.0,0.0,0.0,26.0
2017-06-23 10:50:00,17100.0,17100.0,17100.0,17100.0,0.0,0.0,26.0
2017-06-23 10:55:00,17100.0,17100.0,17100.0,17100.0,0.0,0.0,26.0
2017-06-23 11:00:00,17100.0,17100.0,17100.0,17100.0,0.0,0.0,26.0
2017-06-23 11:05:00,17100.0,17100.0,17100.0,17100.0,0.0,0.0,26.0
2017-06-23 11:10:00,17100.0,17100.0,17100.0,17100.0,0.0,0.0,26.0
2017-06-23 11:15:00,17100.0,17100.0,17100.0,17100.0,0.0,0.0,26.0
2017-06-23 11:20:00,17100.0,17100.0,17100.0,17100.0,0.0,0.0,26.0
2017-06-23 11:25:00,17100.0,17100.0,17100.0,17100.0,0.0,0.0,26.0
2017-06-23 13:30:00,17100.0,17100.0,17100.0,17100.0,0.0,0.0,26.0
2017-06-23 13:35:00,17100.0,17100.0,17100.0,17100.0,0.0,0.0,26.0
2017-06-23 13:40:00,17100.0,17100.0,17100.0,17100.0,0.0,0.0,26.0
2017-06-23 13:45:00,17100.0,17100.0,17100.0,17100.0,0.0,0.0,26.0
2017-06-23 13:50:00,17100.0,17100.0,17100.0,17100.0,0.0,0.0,26.0
2017-06-23 13:55:00,17100.0,17100.0,17100.0,17100.0,0.0,0.0,26.0
2017-06-23 14:00:00,17100.0,17100.0,17100.0,17100.0,0.0,0.0,26.0
2017-06-23 14:05:00,17100.0,17100.0,17100.0,17100.0,0.0,0.0,26.0
2017-06-23 14:10:00,17100.0,17100.0,17100.0,17100.0,0.0,0.0,26.0
2017-06-23 14:15:00,17100.0,17100.0,17100.0,17100.0,0.0,0.0,26.0
2017-06-23 14:20:00,17100.0,17100.0,17100.0,17100.0,0.0,0.0,26.0
2017-06-23 14:25:00,17100.0,17100.0,16885.0,16885.0,2.0,168850.0,28.0
2017-06-23 14:30:00,16885.0,16885.0,16885.0,16885.0,0.0,0.0,28.0
2017-06-23 14:35:00,16885.0,16885.0,16885.0,16885.0,0.0,0.0,28.0
2017-06-23 14:40:00,16885.0,16885.0,16885.0,16885.0,0.0,0.0,28.0
2017-06-23 14:45:00,16885.0,16885.0,16885.0,16885.0,0.0,0.0,28.0
2017-06-23 14:50:00,16885.0,16885.0,16885.0,16885.0,0.0,0.0,28.0
2017-06-23 14:55:00,16885.0,16885.0,16885.0,16885.0,0.0,0.0,28.0
2017-06-23 21:00:00,16885.0,16885.0,16885.0,16885.0,0.0,0.0,28.0
2017-06-23 21:05:00,16885.0,16885.0,16885.0,16885.0,0.0,0.0,28.0
2017-06-23 21:10:00,16885.0,16885.0,16885.0,16885.0,0.0,0.0,28.0
2017-06-23 21:15:00,16885.0,16885.0,16885.0,16885.0,0.0,0.0,28.0
2017-06-23 21:20:00,16885.0,16885.0,16885.0,16885.0,0.0,0.0,28.0
2017-06-23 21:25:00,16885.0,16885.0,16885.0,16885.0,0.0,0.0,28.0
2017-06-23 21:30:00,16885.0,16885.0,16885.0,16885.0,0.0,0.0,28.0
2017-06-23 21:35:00,16885.0,16885.0,16885.0,16885.0,0.0,0.0,28.0
2017-06-23 21:40:00,16885.0,16885.0,16885.0,16885.0,0.0,0.0,28.0
2017-06-23 21:45:00,16885.0,16885.0,16885.0,16885.0,0.0,0.0,28.0
2017-06-23 21:50:00,16885.0,16885.0,16885.0,16885.0,0.0,0.0,28.0
2017-06-23 21:55:00,16885.0,16885.0,16885.0,16885.0,0.0,0.0,28.0
2017-06-23 22:00:00,16885.0,16885.0,16885.0,16885.0,0.0,0.0,28.0
2017-06-23 22:05:00,16885.0,16885.0,16885.0,16885.0,0.0,0.0,28.0
2017-06-23 22:10:00,16885.0,16885.0,16885.0,16885.0,0.0,0.0,28.0
2017-06-23 22:15:00,16885.0,16885.0,16885.0,16885.0,0.0,0.0,28.0
2017-06-23 22:20:00,16885.0,16885.0,16885.0,16885.0,0.0,0.0,28.0
2017-06-23 22:25:00,16885.0,16885.0,16885.0,16885.0,0.0,0.0,28.0
2017-06-23 22:30:00,16885.0,16885.0,16885.0,16885.0,0.0,0.0,28.0
2017-06-23 22:35:00,16885.0,16885.0,16885.0,16885.0,0.0,0.0,28.0
2017-06-23 22:40:00,16885.0,16885.0,16885.0,16885.0,0.0,0.0,28.0
2017-06-23 22:45:00,16885.0,16885.0,16885.0,16885.0,0.0,0.0,28.0
2017-06-23 22:50:00,16885.0,16885.0,16885.0,16885.0,0.0,0.0,28.0
2017-06-23 22:55:00,16885.0,16885.0,16885.0,16885.0,0.0,0.0,28.0
2017-06-23 23:00:00,16885.0,16885.0,16885.0,16885.0,0.0,0.0,28.0
2017-06-23 23:05:00,16885.0,16885.0,16885.0,16885.0,0.0,0.0,28.0
2017-06-23 23:10:00,16885.0,16885.0,16885.0,16885.0,0.0,0.0,28.0
2017-06-23 23:15:00,16885.0,16885.0,16885.0,16885.0,0.0,0.0,28.0
2017-06-23 23:20:00,16885.0,16885.0,16790.0,16790.0,2.0,167900.0,26.0
2017-06-23 23:25:00,16790.0,16790.0,16790.0,16790.0,0.0,0.0,26.0
2017-06-23 23:30:00,16790.0,16790.0,16790.0,16790.0,0.0,0.0,26.0
2017-06-23 23:35:00,16790.0,16790.0,16790.0,16790.0,0.0,0.0,26.0
2017-06-23 23:40:00,16790.0,16790.0,16790.0,16790.0,0.0,0.0,26.0
2017-06-23 23:45:00,16790.0,16790.0,16790.0,16790.0,0.0,0.0,26.0
2017-06-23 23:50:00,16790.0,16790.0,16790.0,16790.0,0.0,0.0,26.0
2017-06-23 23:55:00,16790.0,16790.0,16790.0,16790.0,0.0,0.0,26.0
2017-06-24 00:00:00,16790.0,16790.0,16790.0,16790.0,0.0,0.0,26.0
2017-06-24 00:05:00,16790.0,16790.0,16790.0,16790.0,0.0,0.0,26.0
2017-06-24 00:10:00,16790.0,16790.0,16790.0,16790.0,0.0,0.0,26.0
2017-06-24 00:15:00,16790.0,16790.0,16790.0,16790.0,0.0,0.0,26.0
2017-06-24 00:20:00,16790.0,16790.0,16790.0,16790.0,0.0,0.0,26.0
2017-06-24 00:25:00,16790.0,16790.0,16790.0,16790.0,0.0,0.0,26.0
2017-06-24 00:30:00,16790.0,16790.0,16790.0,16790.0,0.0,0.0,26.0
2017-06-24 00:35:00,16790.0,16790.0,16790.0,16790.0,0.0,0.0,26.0
2017-06-24 00:40:00,16790.0,16790.0,16790.0,16790.0,0.0,0.0,26.0
2017-06-24 00:45:00,16790.0,16790.0,16790.0,16790.0,0.0,0.0,26.0
2017-06-24 00:50:00,16790.0,16790.0,16790.0,16790.0,0.0,0.0,26.0
2017-06-24 00:55:00,16790.0,16790.0,16790.0,16790.0,0.0,0.0,26.0
2017-06-26 09:00:00,16790.0,16790.0,16790.0,16790.0,0.0,0.0,26.0
2017-06-26 09:05:00,16790.0,16790.0,16790.0,16790.0,0.0,0.0,26.0
2017-06-26 09:10:00,16790.0,16790.0,16790.0,16790.0,0.0,0.0,26.0
2017-06-26 09:15:00,16790.0,16790.0,16790.0,16790.0,0.0,0.0,26.0
2017-06-26 09:20:00,16790.0,16790.0,16790.0,16790.0,0.0,0.0,26.0
2017-06-26 09:25:00,16790.0,16790.0,16790.0,16790.0,0.0,0.0,26.0
2017-06-26 09:30:00,16790.0,16790.0,16790.0,16790.0,0.0,0.0,26.0
2017-06-26 09:35:00,16790.0,16790.0,16790.0,16790.0,0.0,0.0,26.0
2017-06-26 09:40:00,16790.0,16790.0,16790.0,16790.0,0.0,0.0,26.0
2017-06-26 09:45:00,16790.0,16790.0,16790.0,16790.0,0.0,0.0,26.0
2017-06-26 09:50:00,16790.0,16790.0,16790.0,16790.0,0.0,0.0,26.0
2017-06-26 09:55:00,16790.0,16790.0,16790.0,16790.0,0.0,0.0,26.0
2017-06-26 10:00:00,16790.0,16790.0,16790.0,16790.0,0.0,0.0,26.0
2017-06-26 10:05:00,16790.0,16790.0,16790.0,16790.0,0.0,0.0,26.0
2017-06-26 10:10:00,16910.0,16910.0,16910.0,16910.0,4.0,338200.0,28.0
2017-06-26 10:30:00,16910.0,16910.0,16910.0,16910.0,0.0,0.0,28.0
2017-06-26 10:35:00,16910.0,16910.0,16910.0,16910.0,0.0,0.0,28.0
2017-06-26 10:40:00,16910.0,16910.0,16910.0,16910.0,0.0,0.0,28.0
2017-06-26 10:45:00,16910.0,16910.0,16910.0,16910.0,0.0,0.0,28.0
2017-06-26 10:50:00,16910.0,16910.0,16910.0,16910.0,0.0,0.0,28.0
2017-06-26 10:55:00,16910.0,16910.0,16910.0,16910.0,0.0,0.0,28.0
2017-06-26 11:00:00,16910.0,16910.0,16910.0,16910.0,0.0,0.0,28.0
2017-06-26 11:05:00,16910.0,16910.0,16910.0,16910.0,0.0,0.0,28.0
2017-06-26 11:10:00,16910.0,16910.0,16910.0,16910.0,0.0,0.0,28.0
2017-06-26 11:15:00,16910.0,16910.0,16910.0,16910.0,0.0,0.0,28.0
2017-06-26 11:20:00,16910.0,16910.0,16910.0,16910.0,0.0,0.0,28.0
2017-06-26 11:25:00,16910.0,16910.0,16880.0,16880.0,4.0,337600.0,32.0
2017-06-26 13:30:00,16880.0,16880.0,16880.0,16880.0,0.0,0.0,32.0
2017-06-26 13:35:00,16880.0,16880.0,16880.0,16880.0,0.0,0.0,32.0
2017-06-26 13:40:00,16880.0,16880.0,16880.0,16880.0,0.0,0.0,32.0
2017-06-26 13:45:00,16880.0,16880.0,16880.0,16880.0,0.0,0.0,32.0
2017-06-26 13:50:00,16880.0,16880.0,16880.0,16880.0,0.0,0.0,32.0
2017-06-26 13:55:00,16880.0,16880.0,16880.0,16880.0,0.0,0.0,32.0
2017-06-26 14:00:00,16880.0,16880.0,16880.0,16880.0,0.0,0.0,32.0
2017-06-26 14:05:00,16880.0,16880.0,16880.0,16880.0,0.0,0.0,32.0
2017-06-26 14:10:00,16880.0,16880.0,16880.0,16880.0,0.0,0.0,32.0
2017-06-26 14:15:00,16880.0,16880.0,16880.0,16880.0,0.0,0.0,32.0
2017-06-26 14:20:00,16880.0,16880.0,16880.0,16880.0,0.0,0.0,32.0
2017-06-26 14:25:00,16880.0,16880.0,16880.0,16880.0,0.0,0.0,32.0
2017-06-26 14:30:00,16880.0,16880.0,16880.0,16880.0,0.0,0.0,32.0
2017-06-26 14:35:00,16880.0,16880.0,16880.0,16880.0,0.0,0.0,32.0
2017-06-26 14:40:00,16880.0,16880.0,16880.0,16880.0,0.0,0.0,32.0
2017-06-26 14:45:00,16880.0,16880.0,16880.0,16880.0,0.0,0.0,32.0
2017-06-26 14:50:00,16880.0,16880.0,16880.0,16880.0,0.0,0.0,32.0
2017-06-26 14:55:00,16880.0,16880.0,16880.0,16880.0,0.0,0.0,32.0
2017-06-26 21:00:00,16870.0,16870.0,16870.0,16870.0,0.0,0.0,32.0
2017-06-26 21:05:00,16870.0,16870.0,16870.0,16870.0,0.0,0.0,32.0
2017-06-26 21:10:00,16870.0,16870.0,16870.0,16870.0,0.0,0.0,32.0
2017-06-26 21:15:00,16870.0,16870.0,16870.0,16870.0,0.0,0.0,32.0
2017-06-26 21:20:00,16870.0,16870.0,16870.0,16870.0,0.0,0.0,32.0
2017-06-26 21:25:00,16870.0,16870.0,16870.0,16870.0,0.0,0.0,32.0
2017-06-26 21:30:00,16870.0,16870.0,16870.0,16870.0,0.0,0.0,32.0
2017-06-26 21:35:00,16870.0,16870.0,16870.0,16870.0,0.0,0.0,32.0
2017-06-26 21:40:00,16870.0,16870.0,16870.0,16870.0,0.0,0.0,32.0
2017-06-26 21:45:00,16870.0,16870.0,16870.0,16870.0,0.0,0.0,32.0
2017-06-26 21:50:00,16870.0,16870.0,16870.0,16870.0,0.0,0.0,32.0
2017-06-26 21:55:00,16870.0,16870.0,16870.0,16870.0,0.0,0.0,32.0
2017-06-26 22:00:00,16870.0,16870.0,16870.0,16870.0,0.0,0.0,32.0
2017-06-26 22:05:00,16870.0,16870.0,16870.0,16870.0,0.0,0.0,32.0
2017-06-26 22:10:00,16870.0,16870.0,16870.0,16870.0,0.0,0.0,32.0
2017-06-26 22:15:00,16870.0,16870.0,16870.0,16870.0,0.0,0.0,32.0
2017-06-26 22:20:00,16870.0,16870.0,16870.0,16870.0,0.0,0.0,32.0
2017-06-26 22:25:00,16870.0,16870.0,16870.0,16870.0,0.0,0.0,32.0
2017-06-26 22:30:00,16870.0,16870.0,16870.0,16870.0,0.0,0.0,32.0
2017-06-26 22:35:00,16870.0,16870.0,16870.0,16870.0,0.0,0.0,32.0
2017-06-26 22:40:00,16870.0,16870.0,16870.0,16870.0,0.0,0.0,32.0
2017-06-26 22:45:00,16870.0,16870.0,16870.0,16870.0,0.0,0.0,32.0
2017-06-26 22:50:00,16870.0,16870.0,16870.0,16870.0,0.0,0.0,32.0
2017-06-26 22:55:00,16870.0,16870.0,16870.0,16870.0,0.0,0.0,32.0
2017-06-26 23:00:00,16870.0,16870.0,16870.0,16870.0,0.0,0.0,32.0
2017-06-26 23:05:00,16870.0,16870.0,16870.0,16870.0,0.0,0.0,32.0
2017-06-26 23:10:00,16870.0,16870.0,16870.0,16870.0,0.0,0.0,32.0
2017-06-26 23:15:00,16870.0,16870.0,16870.0,16870.0,0.0,0.0,32.0
2017-06-26 23:20:00,16870.0,16870.0,16870.0,16870.0,0.0,0.0,32.0
2017-06-26 23:25:00,16870.0,16870.0,16870.0,16870.0,0.0,0.0,32.0
2017-06-26 23:30:00,16870.0,16870.0,16870.0,16870.0,0.0,0.0,32.0
2017-06-26 23:35:00,16870.0,16870.0,16870.0,16870.0,0.0,0.0,32.0
2017-06-26 23:40:00,16870.0,16870.0,16870.0,16870.0,0.0,0.0,32.0
2017-06-26 23:45:00,16870.0,16870.0,16870.0,16870.0,0.0,0.0,32.0
2017-06-26 23:50:00,16870.0,16870.0,16870.0,16870.0,0.0,0.0,32.0
2017-06-26 23:55:00,16870.0,16870.0,16870.0,16870.0,0.0,0.0,32.0
2017-06-27 00:00:00,16870.0,16870.0,16870.0,16870.0,0.0,0.0,32.0
2017-06-27 00:05:00,16870.0,16870.0,16870.0,16870.0,0.0,0.0,32.0
2017-06-27 00:10:00,16870.0,16870.0,16870.0,16870.0,0.0,0.0,32.0
2017-06-27 00:15:00,16870.0,16870.0,16870.0,16870.0,0.0,0.0,32.0
2017-06-27 00:20:00,16870.0,16870.0,16870.0,16870.0,0.0,0.0,32.0
2017-06-27 00:25:00,16870.0,16870.0,16870.0,16870.0,0.0,0.0,32.0
2017-06-27 00:30:00,16870.0,16870.0,16870.0,16870.0,0.0,0.0,32.0
2017-06-27 00:35:00,16870.0,16870.0,16870.0,16870.0,0.0,0.0,32.0
2017-06-27 00:40:00,16870.0,16870.0,16870.0,16870.0,0.0,0.0,32.0
2017-06-27 00:45:00,16870.0,16870.0,16870.0,16870.0,0.0,0.0,32.0
2017-06-27 00:50:00,16870.0,16870.0,16870.0,16870.0,0.0,0.0,32.0
2017-06-27 00:55:00,16870.0,16870.0,16870.0,16870.0,0.0,0.0,32.0
2017-06-27 09:00:00,16870.0,16870.0,16870.0,16870.0,0.0,0.0,32.0
2017-06-27 09:05:00,16870.0,16870.0,16870.0,16870.0,0.0,0.0,32.0
2017-06-27 09:10:00,16870.0,16870.0,16870.0,16870.0,0.0,0.0,32.0
2017-06-27 09:15:00,16870.0,16895.0,16870.0,16895.0,2.0,168950.0,32.0
2017-06-27 09:20:00,16895.0,16895.0,16895.0,16895.0,0.0,0.0,32.0
2017-06-27 09:25:00,16895.0,16895.0,16895.0,16895.0,0.0,0.0,32.0
2017-06-27 09:30:00,16895.0,16895.0,16895.0,16895.0,0.0,0.0,32.0
2017-06-27 09:35:00,16895.0,16895.0,16895.0,16895.0,0.0,0.0,32.0
2017-06-27 09:40:00,16895.0,16895.0,16895.0,16895.0,0.0,0.0,32.0
2017-06-27 09:45:00,16895.0,16895.0,16895.0,16895.0,0.0,0.0,32.0
2017-06-27 09:50:00,16895.0,16895.0,16895.0,16895.0,0.0,0.0,32.0
2017-06-27 09:55:00,16895.0,16895.0,16895.0,16895.0,0.0,0.0,32.0
2017-06-27 10:00:00,16895.0,16895.0,16895.0,16895.0,0.0,0.0,32.0
2017-06-27 10:05:00,16895.0,16895.0,16895.0,16895.0,0.0,0.0,32.0
2017-06-27 10:10:00,16895.0,16895.0,16895.0,16895.0,0.0,0.0,32.0
2017-06-27 10:30:00,16895.0,16895.0,16895.0,16895.0,0.0,0.0,32.0
2017-06-27 10:35:00,16895.0,16895.0,16895.0,16895.0,0.0,0.0,32.0
2017-06-27 10:40:00,16895.0,16895.0,16895.0,16895.0,0.0,0.0,32.0
2017-06-27 10:45:00,16895.0,16895.0,16895.0,16895.0,0.0,0.0,32.0
2017-06-27 10:50:00,16895.0,16895.0,16895.0,16895.0,0.0,0.0,32.0
2017-06-27 10:55:00,16895.0,16895.0,16895.0,16895.0,0.0,0.0,32.0
2017-06-27 11:00:00,16895.0,16895.0,16895.0,16895.0,0.0,0.0,32.0
2017-06-27 11:05:00,16895.0,16895.0,16895.0,16895.0,0.0,0.0,32.0
2017-06-27 11:10:00,16895.0,16895.0,16895.0,16895.0,0.0,0.0,32.0
2017-06-27 11:15:00,16895.0,16895.0,16895.0,16895.0,0.0,0.0,32.0
2017-06-27 11:20:00,16895.0,16895.0,16895.0,16895.0,0.0,0.0,32.0
2017-06-27 11:25:00,16895.0,16895.0,16895.0,16895.0,0.0,0.0,32.0
2017-06-27 13:30:00,16895.0,16895.0,16895.0,16895.0,0.0,0.0,32.0
2017-06-27 13:35:00,16895.0,16895.0,16895.0,16895.0,0.0,0.0,32.0
2017-06-27 13:40:00,16895.0,16895.0,16895.0,16895.0,0.0,0.0,32.0
2017-06-27 13:45:00,16895.0,16895.0,16895.0,16895.0,0.0,0.0,32.0
2017-06-27 13:50:00,16895.0,16895.0,16895.0,16895.0,0.0,0.0,32.0
2017-06-27 13:55:00,16895.0,16895.0,16895.0,16895.0,0.0,0.0,32.0
2017-06-27 14:00:00,16895.0,16895.0,16895.0,16895.0,0.0,0.0,32.0
2017-06-27 14:05:00,16895.0,16895.0,16895.0,16895.0,0.0,0.0,32.0
2017-06-27 14:10:00,16895.0,16895.0,16895.0,16895.0,0.0,0.0,32.0
2017-06-27 14:15:00,16895.0,16895.0,16895.0,16895.0,0.0,0.0,32.0
2017-06-27 14:20:00,16895.0,16895.0,16895.0,16895.0,0.0,0.0,32.0
2017-06-27 14:25:00,16895.0,16895.0,16895.0,16895.0,0.0,0.0,32.0
2017-06-27 14:30:00,16895.0,16895.0,16895.0,16895.0,0.0,0.0,32.0
2017-06-27 14:35:00,16895.0,16895.0,16895.0,16895.0,0.0,0.0,32.0
2017-06-27 14:40:00,16895.0,16895.0,16895.0,16895.0,0.0,0.0,32.0
2017-06-27 14:45:00,16895.0,16895.0,16895.0,16895.0,0.0,0.0,32.0
2017-06-27 14:50:00,16895.0,16895.0,16895.0,16895.0,0.0,0.0,32.0
2017-06-27 14:55:00,16895.0,16895.0,16895.0,16895.0,0.0,0.0,32.0
2017-06-27 21:00:00,16895.0,16895.0,16895.0,16895.0,0.0,0.0,32.0
2017-06-27 21:05:00,16895.0,16895.0,16895.0,16895.0,0.0,0.0,32.0
2017-06-27 21:10:00,16895.0,16895.0,16895.0,16895.0,0.0,0.0,32.0
2017-06-27 21:15:00,16895.0,16895.0,16895.0,16895.0,0.0,0.0,32.0
2017-06-27 21:20:00,16895.0,16895.0,16895.0,16895.0,0.0,0.0,32.0
2017-06-27 21:25:00,16895.0,16895.0,16895.0,16895.0,0.0,0.0,32.0
2017-06-27 21:30:00,16895.0,16895.0,16895.0,16895.0,0.0,0.0,32.0
2017-06-27 21:35:00,16895.0,16895.0,16895.0,16895.0,0.0,0.0,32.0
2017-06-27 21:40:00,16895.0,16895.0,16895.0,16895.0,0.0,0.0,32.0
2017-06-27 21:45:00,16895.0,16895.0,16895.0,16895.0,0.0,0.0,32.0
2017-06-27 21:50:00,16895.0,16895.0,16895.0,16895.0,0.0,0.0,32.0
2017-06-27 21:55:00,16895.0,16895.0,16895.0,16895.0,0.0,0.0,32.0
2017-06-27 22:00:00,16895.0,16895.0,16895.0,16895.0,0.0,0.0,32.0
2017-06-27 22:05:00,16895.0,16895.0,16895.0,16895.0,0.0,0.0,32.0
2017-06-27 22:10:00,16895.0,16895.0,16895.0,16895.0,0.0,0.0,32.0
2017-06-27 22:15:00,16895.0,16895.0,16895.0,16895.0,0.0,0.0,32.0
2017-06-27 22:20:00,16895.0,16895.0,16895.0,16895.0,0.0,0.0,32.0
2017-06-27 22:25:00,16895.0,16895.0,16895.0,16895.0,0.0,0.0,32.0
2017-06-27 22:30:00,16895.0,16895.0,16895.0,16895.0,0.0,0.0,32.0
2017-06-27 22:35:00,16895.0,16895.0,16895.0,16895.0,0.0,0.0,32.0
2017-06-27 22:40:00,16895.0,16895.0,16895.0,16895.0,0.0,0.0,32.0
2017-06-27 22:45:00,16895.0,16895.0,16895.0,16895.0,0.0,0.0,32.0
2017-06-27 22:50:00,16895.0,16895.0,16895.0,16895.0,0.0,0.0,32.0
2017-06-27 22:55:00,16895.0,16895.0,16895.0,16895.0,0.0,0.0,32.0
2017-06-27 23:00:00,16895.0,16895.0,16895.0,16895.0,0.0,0.0,32.0
2017-06-27 23:05:00,16895.0,16895.0,16895.0,16895.0,0.0,0.0,32.0
2017-06-27 23:10:00,16895.0,16895.0,16895.0,16895.0,0.0,0.0,32.0
2017-06-27 23:15:00,16895.0,16895.0,16895.0,16895.0,0.0,0.0,32.0
2017-06-27 23:20:00,16895.0,16895.0,16895.0,16895.0,0.0,0.0,32.0
2017-06-27 23:25:00,16895.0,16895.0,16895.0,16895.0,0.0,0.0,32.0
2017-06-27 23:30:00,16895.0,16895.0,16895.0,16895.0,0.0,0.0,32.0
2017-06-27 23:35:00,16895.0,16895.0,16895.0,16895.0,0.0,0.0,32.0
2017-06-27 23:40:00,16895.0,16895.0,16895.0,16895.0,0.0,0.0,32.0
2017-06-27 23:45:00,16895.0,16895.0,16895.0,16895.0,0.0,0.0,32.0
2017-06-27 23:50:00,16895.0,16895.0,16895.0,16895.0,0.0,0.0,32.0
2017-06-27 23:55:00,16895.0,16895.0,16895.0,16895.0,0.0,0.0,32.0
2017-06-28 00:00:00,16895.0,16895.0,16895.0,16895.0,0.0,0.0,32.0
2017-06-28 00:05:00,16895.0,16895.0,16895.0,16895.0,0.0,0.0,32.0
2017-06-28 00:10:00,16895.0,16895.0,16895.0,16895.0,0.0,0.0,32.0
2017-06-28 00:15:00,16895.0,16895.0,16895.0,16895.0,0.0,0.0,32.0
2017-06-28 00:20:00,16895.0,16895.0,16895.0,16895.0,0.0,0.0,32.0
2017-06-28 00:25:00,16895.0,16895.0,16895.0,16895.0,0.0,0.0,32.0
2017-06-28 00:30:00,16895.0,16895.0,16895.0,16895.0,0.0,0.0,32.0
2017-06-28 00:35:00,16895.0,16895.0,16895.0,16895.0,0.0,0.0,32.0
2017-06-28 00:40:00,16895.0,16895.0,16895.0,16895.0,0.0,0.0,32.0
2017-06-28 00:45:00,16895.0,16895.0,16895.0,16895.0,0.0,0.0,32.0
2017-06-28 00:50:00,16895.0,16895.0,16895.0,16895.0,0.0,0.0,32.0
2017-06-28 00:55:00,16895.0,16895.0,16895.0,16895.0,0.0,0.0,32.0
2017-06-28 09:00:00,16895.0,16895.0,16895.0,16895.0,0.0,0.0,32.0
2017-06-28 09:05:00,16895.0,16895.0,16895.0,16895.0,0.0,0.0,32.0
2017-06-28 09:10:00,16895.0,16895.0,16895.0,16895.0,0.0,0.0,32.0
2017-06-28 09:15:00,16895.0,16895.0,16895.0,16895.0,0.0,0.0,32.0
2017-06-28 09:20:00,16895.0,16895.0,16895.0,16895.0,0.0,0.0,32.0
2017-06-28 09:25:00,16895.0,16895.0,16895.0,16895.0,0.0,0.0,32.0
2017-06-28 09:30:00,16895.0,16895.0,16895.0,16895.0,0.0,0.0,32.0
2017-06-28 09:35:00,16895.0,16895.0,16895.0,16895.0,0.0,0.0,32.0
2017-06-28 09:40:00,16895.0,16895.0,16895.0,16895.0,0.0,0.0,32.0
2017-06-28 09:45:00,17395.0,17395.0,17395.0,17395.0,2.0,173950.0,32.0
2017-06-28 09:50:00,17395.0,17395.0,17395.0,17395.0,0.0,0.0,32.0
2017-06-28 09:55:00,17395.0,17395.0,17395.0,17395.0,0.0,0.0,32.0
2017-06-28 10:00:00,17395.0,17395.0,17395.0,17395.0,0.0,0.0,32.0
2017-06-28 10:05:00,17395.0,17395.0,17395.0,17395.0,0.0,0.0,32.0
2017-06-28 10:10:00,17395.0,17395.0,17395.0,17395.0,0.0,0.0,32.0
2017-06-28 10:30:00,17395.0,17395.0,17395.0,17395.0,0.0,0.0,32.0
2017-06-28 10:35:00,17395.0,17395.0,17395.0,17395.0,0.0,0.0,32.0
2017-06-28 10:40:00,17395.0,17395.0,17395.0,17395.0,0.0,0.0,32.0
2017-06-28 10:45:00,17395.0,17395.0,17395.0,17395.0,0.0,0.0,32.0
2017-06-28 10:50:00,17395.0,17395.0,17395.0,17395.0,0.0,0.0,32.0
2017-06-28 10:55:00,17395.0,17395.0,17395.0,17395.0,0.0,0.0,32.0
2017-06-28 11:00:00,17395.0,17395.0,17395.0,17395.0,0.0,0.0,32.0
2017-06-28 11:05:00,17395.0,17395.0,17395.0,17395.0,0.0,0.0,32.0
2017-06-28 11:10:00,17395.0,17395.0,17395.0,17395.0,0.0,0.0,32.0
2017-06-28 11:15:00,17395.0,17395.0,17395.0,17395.0,0.0,0.0,32.0
2017-06-28 11:20:00,17395.0,17395.0,17395.0,17395.0,0.0,0.0,32.0
2017-06-28 11:25:00,17395.0,17395.0,17395.0,17395.0,0.0,0.0,32.0
2017-06-28 13:30:00,17395.0,17395.0,17395.0,17395.0,0.0,0.0,32.0
2017-06-28 13:35:00,17395.0,17395.0,17395.0,17395.0,0.0,0.0,32.0
2017-06-28 13:40:00,17395.0,17395.0,17395.0,17395.0,0.0,0.0,32.0
2017-06-28 13:45:00,17395.0,17395.0,17395.0,17395.0,0.0,0.0,32.0
2017-06-28 13:50:00,17395.0,17395.0,17395.0,17395.0,0.0,0.0,32.0
2017-06-28 13:55:00,17395.0,17395.0,17395.0,17395.0,0.0,0.0,32.0
2017-06-28 14:00:00,17395.0,17395.0,17395.0,17395.0,0.0,0.0,32.0
2017-06-28 14:05:00,17395.0,17395.0,17395.0,17395.0,0.0,0.0,32.0
2017-06-28 14:10:00,17395.0,17395.0,17395.0,17395.0,0.0,0.0,32.0
2017-06-28 14:15:00,17395.0,17395.0,17395.0,17395.0,0.0,0.0,32.0
2017-06-28 14:20:00,17395.0,17395.0,17395.0,17395.0,0.0,0.0,32.0
2017-06-28 14:25:00,17395.0,17395.0,17395.0,17395.0,0.0,0.0,32.0
2017-06-28 14:30:00,17395.0,17395.0,17395.0,17395.0,0.0,0.0,32.0
2017-06-28 14:35:00,17395.0,17395.0,17395.0,17395.0,0.0,0.0,32.0
2017-06-28 14:40:00,17395.0,17395.0,17395.0,17395.0,0.0,0.0,32.0
2017-06-28 14:45:00,17395.0,17395.0,17395.0,17395.0,0.0,0.0,32.0
2017-06-28 14:50:00,17395.0,17395.0,17395.0,17395.0,0.0,0.0,32.0
2017-06-28 14:55:00,17395.0,17395.0,17395.0,17395.0,0.0,0.0,32.0
2017-06-28 21:00:00,17395.0,17395.0,17395.0,17395.0,0.0,0.0,32.0
2017-06-28 21:05:00,17395.0,17395.0,17395.0,17395.0,0.0,0.0,32.0
2017-06-28 21:10:00,17395.0,17395.0,17395.0,17395.0,0.0,0.0,32.0
2017-06-28 21:15:00,17395.0,17395.0,17395.0,17395.0,0.0,0.0,32.0
2017-06-28 21:20:00,17395.0,17395.0,17395.0,17395.0,0.0,0.0,32.0
2017-06-28 21:25:00,17395.0,17395.0,17395.0,17395.0,0.0,0.0,32.0
2017-06-28 21:30:00,17395.0,17395.0,17395.0,17395.0,0.0,0.0,32.0
2017-06-28 21:35:00,17395.0,17395.0,17395.0,17395.0,0.0,0.0,32.0
2017-06-28 21:40:00,17395.0,17395.0,17395.0,17395.0,0.0,0.0,32.0
2017-06-28 21:45:00,17395.0,17395.0,17395.0,17395.0,0.0,0.0,32.0
2017-06-28 21:50:00,17395.0,17395.0,17395.0,17395.0,0.0,0.0,32.0
2017-06-28 21:55:00,17395.0,17395.0,17395.0,17395.0,0.0,0.0,32.0
2017-06-28 22:00:00,17395.0,17395.0,17395.0,17395.0,0.0,0.0,32.0
2017-06-28 22:05:00,17395.0,17395.0,17395.0,17395.0,0.0,0.0,32.0
2017-06-28 22:10:00,17395.0,17395.0,17395.0,17395.0,0.0,0.0,32.0
2017-06-28 22:15:00,17395.0,17395.0,17395.0,17395.0,0.0,0.0,32.0
2017-06-28 22:20:00,17395.0,17395.0,17395.0,17395.0,0.0,0.0,32.0
2017-06-28 22:25:00,17395.0,17395.0,17395.0,17395.0,0.0,0.0,32.0
2017-06-28 22:30:00,17395.0,17395.0,17395.0,17395.0,0.0,0.0,32.0
2017-06-28 22:35:00,17395.0,17395.0,17395.0,17395.0,0.0,0.0,32.0
2017-06-28 22:40:00,17395.0,17395.0,17395.0,17395.0,0.0,0.0,32.0
2017-06-28 22:45:00,17395.0,17395.0,17395.0,17395.0,0.0,0.0,32.0
2017-06-28 22:50:00,17395.0,17395.0,17395.0,17395.0,0.0,0.0,32.0
2017-06-28 22:55:00,17395.0,17395.0,17395.0,17395.0,0.0,0.0,32.0
2017-06-28 23:00:00,17395.0,17395.0,17395.0,17395.0,0.0,0.0,32.0
2017-06-28 23:05:00,17395.0,17395.0,17395.0,17395.0,0.0,0.0,32.0
2017-06-28 23:10:00,17395.0,17395.0,17395.0,17395.0,0.0,0.0,32.0
2017-06-28 23:15:00,17395.0,17395.0,17395.0,17395.0,0.0,0.0,32.0
2017-06-28 23:20:00,17395.0,17395.0,17395.0,17395.0,0.0,0.0,32.0
2017-06-28 23:25:00,17395.0,17395.0,17395.0,17395.0,0.0,0.0,32.0
2017-06-28 23:30:00,17395.0,17395.0,17395.0,17395.0,0.0,0.0,32.0
2017-06-28 23:35:00,17395.0,17395.0,17395.0,17395.0,0.0,0.0,32.0
2017-06-28 23:40:00,17395.0,17395.0,17395.0,17395.0,0.0,0.0,32.0
2017-06-28 23:45:00,17395.0,17395.0,17395.0,17395.0,0.0,0.0,32.0
2017-06-28 23:50:00,17395.0,17395.0,17395.0,17395.0,0.0,0.0,32.0
2017-06-28 23:55:00,17395.0,17395.0,17395.0,17395.0,0.0,0.0,32.0
2017-06-29 00:00:00,17395.0,17395.0,17395.0,17395.0,0.0,0.0,32.0
2017-06-29 00:05:00,17395.0,17395.0,17395.0,17395.0,0.0,0.0,32.0
2017-06-29 00:10:00,17395.0,17395.0,17395.0,17395.0,0.0,0.0,32.0
2017-06-29 00:15:00,17395.0,17395.0,17395.0,17395.0,0.0,0.0,32.0
2017-06-29 00:20:00,17395.0,17395.0,17395.0,17395.0,0.0,0.0,32.0
2017-06-29 00:25:00,17395.0,17395.0,17395.0,17395.0,0.0,0.0,32.0
2017-06-29 00:30:00,17395.0,17395.0,17395.0,17395.0,0.0,0.0,32.0
2017-06-29 00:35:00,17395.0,17395.0,17395.0,17395.0,0.0,0.0,32.0
2017-06-29 00:40:00,17395.0,17395.0,17395.0,17395.0,0.0,0.0,32.0
2017-06-29 00:45:00,17395.0,17395.0,17395.0,17395.0,0.0,0.0,32.0
2017-06-29 00:50:00,17395.0,17395.0,17395.0,17395.0,0.0,0.0,32.0
2017-06-29 00:55:00,17395.0,17395.0,17395.0,17395.0,0.0,0.0,32.0
2017-06-29 09:00:00,17395.0,17395.0,17395.0,17395.0,0.0,0.0,32.0
2017-06-29 09:05:00,17395.0,17395.0,17395.0,17395.0,0.0,0.0,32.0
2017-06-29 09:10:00,17395.0,17395.0,17395.0,17395.0,0.0,0.0,32.0
2017-06-29 09:15:00,17395.0,17400.0,17395.0,17400.0,2.0,174000.0,34.0
2017-06-29 09:20:00,17400.0,17400.0,17400.0,17400.0,0.0,0.0,34.0
2017-06-29 09:25:00,17400.0,17400.0,17400.0,17400.0,0.0,0.0,34.0
2017-06-29 09:30:00,17400.0,17400.0,17400.0,17400.0,0.0,0.0,34.0
2017-06-29 09:35:00,17400.0,17400.0,17400.0,17400.0,0.0,0.0,34.0
2017-06-29 09:40:00,17400.0,17400.0,17400.0,17400.0,0.0,0.0,34.0
2017-06-29 09:45:00,17400.0,17400.0,17400.0,17400.0,0.0,0.0,34.0
2017-06-29 09:50:00,17400.0,17400.0,17400.0,17400.0,0.0,0.0,34.0
2017-06-29 09:55:00,17400.0,17400.0,17400.0,17400.0,0.0,0.0,34.0
2017-06-29 10:00:00,17400.0,17400.0,17400.0,17400.0,0.0,0.0,34.0
2017-06-29 10:05:00,17400.0,17400.0,17400.0,17400.0,0.0,0.0,34.0
2017-06-29 10:10:00,17400.0,17400.0,17400.0,17400.0,0.0,0.0,34.0
2017-06-29 10:30:00,17400.0,17400.0,17400.0,17400.0,0.0,0.0,34.0
2017-06-29 10:35:00,17400.0,17400.0,17400.0,17400.0,0.0,0.0,34.0
2017-06-29 10:40:00,17400.0,17400.0,17400.0,17400.0,0.0,0.0,34.0
2017-06-29 10:45:00,17400.0,17400.0,17400.0,17400.0,0.0,0.0,34.0
2017-06-29 10:50:00,17400.0,17400.0,17400.0,17400.0,0.0,0.0,34.0
2017-06-29 10:55:00,17400.0,17400.0,17400.0,17400.0,0.0,0.0,34.0
2017-06-29 11:00:00,17400.0,17400.0,17400.0,17400.0,0.0,0.0,34.0
2017-06-29 11:05:00,17400.0,17400.0,17400.0,17400.0,0.0,0.0,34.0
2017-06-29 11:10:00,17400.0,17400.0,17400.0,17400.0,0.0,0.0,34.0
2017-06-29 11:15:00,17400.0,17400.0,17400.0,17400.0,0.0,0.0,34.0
2017-06-29 11:20:00,17400.0,17400.0,17400.0,17400.0,0.0,0.0,34.0
2017-06-29 11:25:00,17400.0,17400.0,17400.0,17400.0,0.0,0.0,34.0
2017-06-29 13:30:00,17400.0,17400.0,17400.0,17400.0,0.0,0.0,34.0
2017-06-29 13:35:00,17400.0,17400.0,17400.0,17400.0,0.0,0.0,34.0
2017-06-29 13:40:00,17400.0,17400.0,17400.0,17400.0,0.0,0.0,34.0
2017-06-29 13:45:00,17400.0,17400.0,17400.0,17400.0,0.0,0.0,34.0
2017-06-29 13:50:00,17400.0,17400.0,17400.0,17400.0,0.0,0.0,34.0
2017-06-29 13:55:00,17400.0,17400.0,17400.0,17400.0,0.0,0.0,34.0
2017-06-29 14:00:00,17400.0,17400.0,17400.0,17400.0,0.0,0.0,34.0
2017-06-29 14:05:00,17400.0,17400.0,17400.0,17400.0,0.0,0.0,34.0
2017-06-29 14:10:00,17400.0,17400.0,17400.0,17400.0,0.0,0.0,34.0
2017-06-29 14:15:00,17400.0,17400.0,17400.0,17400.0,0.0,0.0,34.0
2017-06-29 14:20:00,17400.0,17400.0,17400.0,17400.0,0.0,0.0,34.0
2017-06-29 14:25:00,17400.0,17400.0,17400.0,17400.0,0.0,0.0,34.0
2017-06-29 14:30:00,17400.0,17400.0,17400.0,17400.0,0.0,0.0,34.0
2017-06-29 14:35:00,17400.0,17400.0,17400.0,17400.0,0.0,0.0,34.0
2017-06-29 14:40:00,17400.0,17400.0,17400.0,17400.0,0.0,0.0,34.0
2017-06-29 14:45:00,17400.0,17400.0,17400.0,17400.0,0.0,0.0,34.0
2017-06-29 14:50:00,17400.0,17400.0,17400.0,17400.0,0.0,0.0,34.0
2017-06-29 14:55:00,17400.0,17400.0,17400.0,17400.0,0.0,0.0,34.0
2017-06-29 21:00:00,17400.0,17400.0,17400.0,17400.0,0.0,0.0,34.0
2017-06-29 21:05:00,17400.0,17400.0,17400.0,17400.0,0.0,0.0,34.0
2017-06-29 21:10:00,17400.0,17400.0,17400.0,17400.0,0.0,0.0,34.0
2017-06-29 21:15:00,17400.0,17400.0,17400.0,17400.0,0.0,0.0,34.0
2017-06-29 21:20:00,17400.0,17400.0,17400.0,17400.0,0.0,0.0,34.0
2017-06-29 21:25:00,17400.0,17400.0,17400.0,17400.0,0.0,0.0,34.0
2017-06-29 21:30:00,17400.0,17400.0,17400.0,17400.0,0.0,0.0,34.0
2017-06-29 21:35:00,17400.0,17400.0,17400.0,17400.0,0.0,0.0,34.0
2017-06-29 21:40:00,17400.0,17400.0,17400.0,17400.0,0.0,0.0,34.0
2017-06-29 21:45:00,17400.0,17400.0,17400.0,17400.0,0.0,0.0,34.0
2017-06-29 21:50:00,17400.0,17400.0,17395.0,17395.0,2.0,173950.0,34.0
2017-06-29 21:55:00,17395.0,17395.0,17395.0,17395.0,0.0,0.0,34.0
2017-06-29 22:00:00,17395.0,17395.0,17395.0,17395.0,0.0,0.0,34.0
2017-06-29 22:05:00,17395.0,17395.0,17395.0,17395.0,0.0,0.0,34.0
2017-06-29 22:10:00,17395.0,17395.0,17395.0,17395.0,0.0,0.0,34.0
2017-06-29 22:15:00,17395.0,17395.0,17395.0,17395.0,0.0,0.0,34.0
2017-06-29 22:20:00,17395.0,17395.0,17395.0,17395.0,0.0,0.0,34.0
2017-06-29 22:25:00,17395.0,17395.0,17395.0,17395.0,0.0,0.0,34.0
2017-06-29 22:30:00,17395.0,17395.0,17395.0,17395.0,0.0,0.0,34.0
2017-06-29 22:35:00,17395.0,17395.0,17395.0,17395.0,0.0,0.0,34.0
2017-06-29 22:40:00,17395.0,17395.0,17395.0,17395.0,0.0,0.0,34.0
2017-06-29 22:45:00,17395.0,17395.0,17395.0,17395.0,0.0,0.0,34.0
2017-06-29 22:50:00,17395.0,17395.0,17395.0,17395.0,0.0,0.0,34.0
2017-06-29 22:55:00,17395.0,17395.0,17395.0,17395.0,0.0,0.0,34.0
2017-06-29 23:00:00,17395.0,17395.0,17395.0,17395.0,0.0,0.0,34.0
2017-06-29 23:05:00,17395.0,17395.0,17395.0,17395.0,0.0,0.0,34.0
2017-06-29 23:10:00,17395.0,17395.0,17395.0,17395.0,0.0,0.0,34.0
2017-06-29 23:15:00,17395.0,17395.0,17395.0,17395.0,0.0,0.0,34.0
2017-06-29 23:20:00,17395.0,17395.0,17395.0,17395.0,0.0,0.0,34.0
2017-06-29 23:25:00,17395.0,17395.0,17395.0,17395.0,0.0,0.0,34.0
2017-06-29 23:30:00,17395.0,17395.0,17395.0,17395.0,0.0,0.0,34.0
2017-06-29 23:35:00,17395.0,17395.0,17395.0,17395.0,0.0,0.0,34.0
2017-06-29 23:40:00,17395.0,17395.0,17395.0,17395.0,0.0,0.0,34.0
2017-06-29 23:45:00,17395.0,17395.0,17395.0,17395.0,0.0,0.0,34.0
2017-06-29 23:50:00,17395.0,17395.0,17395.0,17395.0,0.0,0.0,34.0
2017-06-29 23:55:00,17395.0,17395.0,17395.0,17395.0,0.0,0.0,34.0
2017-06-30 00:00:00,17395.0,17395.0,17395.0,17395.0,0.0,0.0,34.0
2017-06-30 00:05:00,17395.0,17395.0,17395.0,17395.0,0.0,0.0,34.0
2017-06-30 00:10:00,17395.0,17395.0,17395.0,17395.0,0.0,0.0,34.0
2017-06-30 00:15:00,17395.0,17395.0,17395.0,17395.0,0.0,0.0,34.0
2017-06-30 00:20:00,17395.0,17395.0,17395.0,17395.0,0.0,0.0,34.0
2017-06-30 00:25:00,17395.0,17395.0,17395.0,17395.0,0.0,0.0,34.0
2017-06-30 00:30:00,17395.0,17395.0,17395.0,17395.0,0.0,0.0,34.0
2017-06-30 00:35:00,17395.0,17395.0,17395.0,17395.0,0.0,0.0,34.0
2017-06-30 00:40:00,17395.0,17395.0,17395.0,17395.0,0.0,0.0,34.0
2017-06-30 00:45:00,17395.0,17395.0,17395.0,17395.0,0.0,0.0,34.0
2017-06-30 00:50:00,17395.0,17395.0,17395.0,17395.0,0.0,0.0,34.0
2017-06-30 00:55:00,17395.0,17395.0,17395.0,17395.0,0.0,0.0,34.0
2017-06-30 09:00:00,17395.0,17395.0,17395.0,17395.0,0.0,0.0,34.0
2017-06-30 09:05:00,17395.0,17395.0,17395.0,17395.0,0.0,0.0,34.0
2017-06-30 09:10:00,17395.0,17395.0,17395.0,17395.0,0.0,0.0,34.0
2017-06-30 09:15:00,17395.0,17395.0,17270.0,17270.0,2.0,172700.0,34.0
2017-06-30 09:20:00,17270.0,17270.0,17270.0,17270.0,0.0,0.0,34.0
2017-06-30 09:25:00,17270.0,17270.0,17270.0,17270.0,0.0,0.0,34.0
2017-06-30 09:30:00,17270.0,17270.0,17270.0,17270.0,0.0,0.0,34.0
2017-06-30 09:35:00,17270.0,17270.0,17270.0,17270.0,0.0,0.0,34.0
2017-06-30 09:40:00,17270.0,17270.0,17270.0,17270.0,0.0,0.0,34.0
2017-06-30 09:45:00,17270.0,17270.0,17270.0,17270.0,0.0,0.0,34.0
2017-06-30 09:50:00,17270.0,17270.0,17270.0,17270.0,0.0,0.0,34.0
2017-06-30 09:55:00,17270.0,17270.0,17270.0,17270.0,0.0,0.0,34.0
2017-06-30 10:00:00,17270.0,17270.0,17270.0,17270.0,0.0,0.0,34.0
2017-06-30 10:05:00,17270.0,17270.0,17270.0,17270.0,0.0,0.0,34.0
2017-06-30 10:10:00,17270.0,17270.0,17270.0,17270.0,0.0,0.0,34.0
2017-06-30 10:30:00,17270.0,17270.0,17270.0,17270.0,0.0,0.0,34.0
2017-06-30 10:35:00,17270.0,17270.0,17270.0,17270.0,0.0,0.0,34.0
2017-06-30 10:40:00,17270.0,17270.0,17270.0,17270.0,0.0,0.0,34.0
2017-06-30 10:45:00,17270.0,17270.0,17270.0,17270.0,0.0,0.0,34.0
2017-06-30 10:50:00,17270.0,17270.0,17270.0,17270.0,0.0,0.0,34.0
2017-06-30 10:55:00,17270.0,17270.0,17270.0,17270.0,0.0,0.0,34.0
2017-06-30 11:00:00,17270.0,17270.0,17270.0,17270.0,0.0,0.0,34.0
2017-06-30 11:05:00,17270.0,17270.0,17270.0,17270.0,0.0,0.0,34.0
2017-06-30 11:10:00,17270.0,17270.0,17270.0,17270.0,0.0,0.0,34.0
2017-06-30 11:15:00,17270.0,17270.0,17270.0,17270.0,0.0,0.0,34.0
2017-06-30 11:20:00,17270.0,17270.0,17270.0,17270.0,0.0,0.0,34.0
2017-06-30 11:25:00,17270.0,17270.0,17270.0,17270.0,0.0,0.0,34.0
2017-06-30 13:30:00,17270.0,17270.0,17270.0,17270.0,0.0,0.0,34.0
2017-06-30 13:35:00,17270.0,17270.0,17270.0,17270.0,0.0,0.0,34.0
2017-06-30 13:40:00,17270.0,17270.0,17270.0,17270.0,0.0,0.0,34.0
2017-06-30 13:45:00,17270.0,17270.0,17270.0,17270.0,0.0,0.0,34.0
2017-06-30 13:50:00,17270.0,17270.0,17270.0,17270.0,0.0,0.0,34.0
2017-06-30 13:55:00,17270.0,17270.0,17270.0,17270.0,0.0,0.0,34.0
2017-06-30 14:00:00,17270.0,17270.0,17270.0,17270.0,0.0,0.0,34.0
2017-06-30 14:05:00,17270.0,17270.0,17270.0,17270.0,0.0,0.0,34.0
2017-06-30 14:10:00,17270.0,17270.0,17270.0,17270.0,0.0,0.0,34.0
2017-06-30 14:15:00,17270.0,17270.0,17270.0,17270.0,0.0,0.0,34.0
2017-06-30 14:20:00,17270.0,17270.0,17270.0,17270.0,0.0,0.0,34.0
2017-06-30 14:25:00,17270.0,17270.0,17270.0,17270.0,0.0,0.0,34.0
2017-06-30 14:30:00,17270.0,17270.0,17270.0,17270.0,0.0,0.0,34.0
2017-06-30 14:35:00,17270.0,17270.0,17270.0,17270.0,0.0,0.0,34.0
2017-06-30 14:40:00,17270.0,17270.0,17270.0,17270.0,0.0,0.0,34.0
2017-06-30 14:45:00,17270.0,17270.0,17270.0,17270.0,0.0,0.0,34.0
2017-06-30 14:50:00,17270.0,17270.0,17270.0,17270.0,0.0,0.0,34.0
2017-06-30 14:55:00,17270.0,17270.0,17270.0,17270.0,0.0,0.0,34.0
2017-06-30 21:00:00,17330.0,17330.0,17330.0,17330.0,0.0,0.0,34.0
2017-06-30 21:05:00,17330.0,17330.0,17330.0,17330.0,0.0,0.0,34.0
2017-06-30 21:10:00,17330.0,17330.0,17330.0,17330.0,0.0,0.0,34.0
2017-06-30 21:15:00,17330.0,17330.0,17330.0,17330.0,0.0,0.0,34.0
2017-06-30 21:20:00,17330.0,17330.0,17330.0,17330.0,0.0,0.0,34.0
2017-06-30 21:25:00,17330.0,17330.0,17330.0,17330.0,0.0,0.0,34.0
2017-06-30 21:30:00,17330.0,17330.0,17330.0,17330.0,0.0,0.0,34.0
2017-06-30 21:35:00,17330.0,17330.0,17330.0,17330.0,0.0,0.0,34.0
2017-06-30 21:40:00,17330.0,17330.0,17330.0,17330.0,0.0,0.0,34.0
2017-06-30 21:45:00,17330.0,17330.0,17330.0,17330.0,0.0,0.0,34.0
2017-06-30 21:50:00,17330.0,17330.0,17330.0,17330.0,0.0,0.0,34.0
2017-06-30 21:55:00,17330.0,17330.0,17330.0,17330.0,0.0,0.0,34.0
2017-06-30 22:00:00,17330.0,17330.0,17330.0,17330.0,0.0,0.0,34.0
2017-06-30 22:05:00,17330.0,17330.0,17330.0,17330.0,0.0,0.0,34.0
2017-06-30 22:10:00,17330.0,17330.0,17330.0,17330.0,0.0,0.0,34.0
2017-06-30 22:15:00,17330.0,17330.0,17330.0,17330.0,0.0,0.0,34.0
2017-06-30 22:20:00,17330.0,17330.0,17330.0,17330.0,0.0,0.0,34.0
2017-06-30 22:25:00,17330.0,17330.0,17330.0,17330.0,0.0,0.0,34.0
2017-06-30 22:30:00,17330.0,17330.0,17330.0,17330.0,0.0,0.0,34.0
2017-06-30 22:35:00,17330.0,17330.0,17330.0,17330.0,0.0,0.0,34.0
2017-06-30 22:40:00,17330.0,17330.0,17330.0,17330.0,0.0,0.0,34.0
2017-06-30 22:45:00,17330.0,17330.0,17330.0,17330.0,0.0,0.0,34.0
2017-06-30 22:50:00,17330.0,17330.0,17330.0,17330.0,0.0,0.0,34.0
2017-06-30 22:55:00,17330.0,17330.0,17330.0,17330.0,0.0,0.0,34.0
2017-06-30 23:00:00,17330.0,17330.0,17330.0,17330.0,0.0,0.0,34.0
2017-06-30 23:05:00,17330.0,17330.0,17330.0,17330.0,0.0,0.0,34.0
2017-06-30 23:10:00,17330.0,17330.0,17330.0,17330.0,0.0,0.0,34.0
2017-06-30 23:15:00,17330.0,17330.0,17330.0,17330.0,0.0,0.0,34.0
2017-06-30 23:20:00,17330.0,17330.0,17330.0,17330.0,0.0,0.0,34.0
2017-06-30 23:25:00,17330.0,17330.0,17330.0,17330.0,0.0,0.0,34.0
2017-06-30 23:30:00,17330.0,17330.0,17330.0,17330.0,0.0,0.0,34.0
2017-06-30 23:35:00,17330.0,17330.0,17330.0,17330.0,0.0,0.0,34.0
2017-06-30 23:40:00,17330.0,17330.0,17330.0,17330.0,0.0,0.0,34.0
2017-06-30 23:45:00,17330.0,17330.0,17330.0,17330.0,0.0,0.0,34.0
2017-06-30 23:50:00,17330.0,17330.0,17330.0,17330.0,0.0,0.0,34.0
2017-06-30 23:55:00,17330.0,17330.0,17330.0,17330.0,0.0,0.0,34.0
2017-07-01 00:00:00,17330.0,17330.0,17330.0,17330.0,0.0,0.0,34.0
2017-07-01 00:05:00,17330.0,17330.0,17330.0,17330.0,0.0,0.0,34.0
2017-07-01 00:10:00,17330.0,17330.0,17330.0,17330.0,0.0,0.0,34.0
2017-07-01 00:15:00,17330.0,17330.0,17330.0,17330.0,0.0,0.0,34.0
2017-07-01 00:20:00,17330.0,17330.0,17330.0,17330.0,0.0,0.0,34.0
2017-07-01 00:25:00,17330.0,17330.0,17330.0,17330.0,0.0,0.0,34.0
2017-07-01 00:30:00,17330.0,17330.0,17330.0,17330.0,0.0,0.0,34.0
2017-07-01 00:35:00,17330.0,17330.0,17330.0,17330.0,0.0,0.0,34.0
2017-07-01 00:40:00,17330.0,17330.0,17330.0,17330.0,0.0,0.0,34.0
2017-07-01 00:45:00,17330.0,17330.0,17330.0,17330.0,0.0,0.0,34.0
2017-07-01 00:50:00,17330.0,17330.0,17330.0,17330.0,0.0,0.0,34.0
2017-07-01 00:55:00,17330.0,17330.0,17330.0,17330.0,0.0,0.0,34.0
2017-07-03 09:00:00,17330.0,17330.0,17330.0,17330.0,0.0,0.0,34.0
2017-07-03 09:05:00,17330.0,17330.0,17330.0,17330.0,0.0,0.0,34.0
2017-07-03 09:10:00,17330.0,17330.0,17330.0,17330.0,0.0,0.0,34.0
2017-07-03 09:15:00,17330.0,17330.0,17330.0,17330.0,0.0,0.0,34.0
2017-07-03 09:20:00,17330.0,17330.0,17330.0,17330.0,0.0,0.0,34.0
2017-07-03 09:25:00,17330.0,17330.0,17330.0,17330.0,0.0,0.0,34.0
2017-07-03 09:30:00,17330.0,17330.0,17330.0,17330.0,0.0,0.0,34.0
2017-07-03 09:35:00,17330.0,17330.0,17330.0,17330.0,0.0,0.0,34.0
2017-07-03 09:40:00,17330.0,17330.0,17330.0,17330.0,0.0,0.0,34.0
2017-07-03 09:45:00,17330.0,17330.0,17330.0,17330.0,0.0,0.0,34.0
2017-07-03 09:50:00,17330.0,17330.0,17330.0,17330.0,0.0,0.0,34.0
2017-07-03 09:55:00,17330.0,17330.0,17330.0,17330.0,0.0,0.0,34.0
2017-07-03 10:00:00,17330.0,17330.0,17330.0,17330.0,0.0,0.0,34.0
2017-07-03 10:05:00,17330.0,17330.0,17330.0,17330.0,0.0,0.0,34.0
2017-07-03 10:10:00,17330.0,17330.0,17330.0,17330.0,0.0,0.0,34.0
2017-07-03 10:30:00,17330.0,17330.0,17330.0,17330.0,0.0,0.0,34.0
2017-07-03 10:35:00,17330.0,17330.0,17330.0,17330.0,0.0,0.0,34.0
2017-07-03 10:40:00,17330.0,17330.0,17330.0,17330.0,0.0,0.0,34.0
2017-07-03 10:45:00,17330.0,17330.0,17330.0,17330.0,0.0,0.0,34.0
2017-07-03 10:50:00,17330.0,17330.0,17330.0,17330.0,0.0,0.0,34.0
2017-07-03 10:55:00,17330.0,17330.0,17330.0,17330.0,0.0,0.0,34.0
2017-07-03 11:00:00,17330.0,17330.0,17330.0,17330.0,0.0,0.0,34.0
2017-07-03 11:05:00,17330.0,17330.0,17330.0,17330.0,0.0,0.0,34.0
2017-07-03 11:10:00,17330.0,17330.0,17330.0,17330.0,0.0,0.0,34.0
2017-07-03 11:15:00,17330.0,17330.0,17330.0,17330.0,0.0,0.0,34.0
2017-07-03 11:20:00,17330.0,17330.0,17330.0,17330.0,0.0,0.0,34.0
2017-07-03 11:25:00,17330.0,17330.0,17330.0,17330.0,0.0,0.0,34.0
2017-07-03 13:30:00,17330.0,17330.0,17330.0,17330.0,0.0,0.0,34.0
2017-07-03 13:35:00,17330.0,17330.0,17330.0,17330.0,0.0,0.0,34.0
2017-07-03 13:40:00,17330.0,17330.0,17330.0,17330.0,0.0,0.0,34.0
2017-07-03 13:45:00,17330.0,17330.0,17330.0,17330.0,0.0,0.0,34.0
2017-07-03 13:50:00,17330.0,17330.0,17330.0,17330.0,0.0,0.0,34.0
2017-07-03 13:55:00,17330.0,17330.0,17330.0,17330.0,0.0,0.0,34.0
2017-07-03 14:00:00,17330.0,17330.0,17330.0,17330.0,0.0,0.0,34.0
2017-07-03 14:05:00,17330.0,17330.0,17330.0,17330.0,0.0,0.0,34.0
2017-07-03 14:10:00,17330.0,17330.0,17330.0,17330.0,0.0,0.0,34.0
2017-07-03 14:15:00,17330.0,17330.0,17330.0,17330.0,0.0,0.0,34.0
2017-07-03 14:20:00,17330.0,17330.0,17330.0,17330.0,0.0,0.0,34.0
2017-07-03 14:25:00,17330.0,17330.0,17330.0,17330.0,0.0,0.0,34.0
2017-07-03 14:30:00,17330.0,17330.0,17330.0,17330.0,0.0,0.0,34.0
2017-07-03 14:35:00,17330.0,17330.0,17330.0,17330.0,0.0,0.0,34.0
2017-07-03 14:40:00,17330.0,17330.0,17330.0,17330.0,0.0,0.0,34.0
2017-07-03 14:45:00,17330.0,17330.0,17330.0,17330.0,0.0,0.0,34.0
2017-07-03 14:50:00,17330.0,17330.0,17330.0,17330.0,0.0,0.0,34.0
2017-07-03 14:55:00,17330.0,17330.0,17330.0,17330.0,0.0,0.0,34.0
2017-07-03 21:00:00,17330.0,17330.0,17330.0,17330.0,0.0,0.0,34.0
2017-07-03 21:05:00,17330.0,17330.0,17330.0,17330.0,0.0,0.0,34.0
2017-07-03 21:10:00,17330.0,17330.0,17330.0,17330.0,0.0,0.0,34.0
2017-07-03 21:15:00,17330.0,17330.0,17330.0,17330.0,0.0,0.0,34.0
2017-07-03 21:20:00,17330.0,17330.0,17330.0,17330.0,0.0,0.0,34.0
2017-07-03 21:25:00,17330.0,17330.0,17330.0,17330.0,0.0,0.0,34.0
2017-07-03 21:30:00,17330.0,17330.0,17330.0,17330.0,0.0,0.0,34.0
2017-07-03 21:35:00,17330.0,17330.0,17330.0,17330.0,0.0,0.0,34.0
2017-07-03 21:40:00,17330.0,17330.0,17330.0,17330.0,0.0,0.0,34.0
2017-07-03 21:45:00,17330.0,17330.0,17330.0,17330.0,0.0,0.0,34.0
2017-07-03 21:50:00,17330.0,17330.0,17330.0,17330.0,0.0,0.0,34.0
2017-07-03 21:55:00,17330.0,17330.0,17330.0,17330.0,0.0,0.0,34.0
2017-07-03 22:00:00,17330.0,17330.0,17330.0,17330.0,0.0,0.0,34.0
2017-07-03 22:05:00,17330.0,17330.0,17330.0,17330.0,0.0,0.0,34.0
2017-07-03 22:10:00,17330.0,17330.0,17330.0,17330.0,0.0,0.0,34.0
2017-07-03 22:15:00,17330.0,17330.0,17330.0,17330.0,0.0,0.0,34.0
2017-07-03 22:20:00,17330.0,17330.0,17330.0,17330.0,0.0,0.0,34.0
2017-07-03 22:25:00,17330.0,17330.0,17330.0,17330.0,0.0,0.0,34.0
2017-07-03 22:30:00,17330.0,17330.0,17330.0,17330.0,0.0,0.0,34.0
2017-07-03 22:35:00,17330.0,17330.0,17330.0,17330.0,0.0,0.0,34.0
2017-07-03 22:40:00,17330.0,17330.0,17330.0,17330.0,0.0,0.0,34.0
2017-07-03 22:45:00,17330.0,17330.0,17330.0,17330.0,0.0,0.0,34.0
2017-07-03 22:50:00,17330.0,17330.0,17330.0,17330.0,0.0,0.0,34.0
2017-07-03 22:55:00,17330.0,17330.0,17330.0,17330.0,0.0,0.0,34.0
2017-07-03 23:00:00,17330.0,17330.0,17330.0,17330.0,0.0,0.0,34.0
2017-07-03 23:05:00,17330.0,17330.0,17330.0,17330.0,0.0,0.0,34.0
2017-07-03 23:10:00,17330.0,17330.0,17330.0,17330.0,0.0,0.0,34.0
2017-07-03 23:15:00,17330.0,17330.0,17330.0,17330.0,0.0,0.0,34.0
2017-07-03 23:20:00,17330.0,17330.0,17330.0,17330.0,0.0,0.0,34.0
2017-07-03 23:25:00,17330.0,17330.0,17330.0,17330.0,0.0,0.0,34.0
2017-07-03 23:30:00,17330.0,17330.0,17330.0,17330.0,0.0,0.0,34.0
2017-07-03 23:35:00,17330.0,17330.0,17330.0,17330.0,0.0,0.0,34.0
2017-07-03 23:40:00,17330.0,17330.0,17330.0,17330.0,0.0,0.0,34.0
2017-07-03 23:45:00,17330.0,17330.0,17330.0,17330.0,0.0,0.0,34.0
2017-07-03 23:50:00,17330.0,17330.0,17330.0,17330.0,0.0,0.0,34.0
2017-07-03 23:55:00,17330.0,17330.0,17330.0,17330.0,0.0,0.0,34.0
2017-07-04 00:00:00,17330.0,17330.0,17330.0,17330.0,0.0,0.0,34.0
2017-07-04 00:05:00,17330.0,17330.0,17330.0,17330.0,0.0,0.0,34.0
2017-07-04 00:10:00,17330.0,17330.0,17330.0,17330.0,0.0,0.0,34.0
2017-07-04 00:15:00,17330.0,17330.0,17330.0,17330.0,0.0,0.0,34.0
2017-07-04 00:20:00,17330.0,17330.0,17330.0,17330.0,0.0,0.0,34.0
2017-07-04 00:25:00,17330.0,17330.0,17330.0,17330.0,0.0,0.0,34.0
2017-07-04 00:30:00,17330.0,17330.0,17330.0,17330.0,0.0,0.0,34.0
2017-07-04 00:35:00,17330.0,17330.0,17330.0,17330.0,0.0,0.0,34.0
2017-07-04 00:40:00,17330.0,17330.0,17330.0,17330.0,0.0,0.0,34.0
2017-07-04 00:45:00,17330.0,17330.0,17330.0,17330.0,0.0,0.0,34.0
2017-07-04 00:50:00,17330.0,17330.0,17330.0,17330.0,0.0,0.0,34.0
2017-07-04 00:55:00,17330.0,17330.0,17330.0,17330.0,0.0,0.0,34.0
2017-07-04 09:00:00,17330.0,17330.0,17330.0,17330.0,0.0,0.0,34.0
2017-07-04 09:05:00,17330.0,17330.0,17330.0,17330.0,0.0,0.0,34.0
2017-07-04 09:10:00,17330.0,17330.0,17330.0,17330.0,0.0,0.0,34.0
2017-07-04 09:15:00,17330.0,17330.0,17330.0,17330.0,0.0,0.0,34.0
2017-07-04 09:20:00,17330.0,17330.0,17330.0,17330.0,0.0,0.0,34.0
2017-07-04 09:25:00,17330.0,17330.0,17330.0,17330.0,0.0,0.0,34.0
2017-07-04 09:30:00,17330.0,17330.0,17330.0,17330.0,0.0,0.0,34.0
2017-07-04 09:35:00,17330.0,17330.0,17330.0,17330.0,0.0,0.0,34.0
2017-07-04 09:40:00,17330.0,17330.0,17330.0,17330.0,0.0,0.0,34.0
2017-07-04 09:45:00,17330.0,17330.0,17330.0,17330.0,0.0,0.0,34.0
2017-07-04 09:50:00,17330.0,17330.0,17330.0,17330.0,0.0,0.0,34.0
2017-07-04 09:55:00,17330.0,17330.0,17330.0,17330.0,0.0,0.0,34.0
2017-07-04 10:00:00,17330.0,17330.0,17330.0,17330.0,0.0,0.0,34.0
2017-07-04 10:05:00,17330.0,17330.0,17330.0,17330.0,0.0,0.0,34.0
2017-07-04 10:10:00,17330.0,17330.0,17330.0,17330.0,0.0,0.0,34.0
2017-07-04 10:30:00,17330.0,17330.0,17330.0,17330.0,0.0,0.0,34.0
2017-07-04 10:35:00,17330.0,17330.0,17330.0,17330.0,0.0,0.0,34.0
2017-07-04 10:40:00,17330.0,17330.0,17330.0,17330.0,0.0,0.0,34.0
2017-07-04 10:45:00,17330.0,17330.0,17330.0,17330.0,0.0,0.0,34.0
2017-07-04 10:50:00,17330.0,17330.0,17330.0,17330.0,0.0,0.0,34.0
2017-07-04 10:55:00,17330.0,17330.0,17330.0,17330.0,0.0,0.0,34.0
2017-07-04 11:00:00,17330.0,17330.0,17330.0,17330.0,0.0,0.0,34.0
2017-07-04 11:05:00,17330.0,17330.0,17330.0,17330.0,0.0,0.0,34.0
2017-07-04 11:10:00,17330.0,17330.0,17330.0,17330.0,0.0,0.0,34.0
2017-07-04 11:15:00,17330.0,17330.0,17330.0,17330.0,0.0,0.0,34.0
2017-07-04 11:20:00,17330.0,17330.0,17330.0,17330.0,0.0,0.0,34.0
2017-07-04 11:25:00,17330.0,17330.0,17330.0,17330.0,0.0,0.0,34.0
2017-07-04 13:30:00,17330.0,17330.0,17330.0,17330.0,0.0,0.0,34.0
2017-07-04 13:35:00,17330.0,17330.0,17330.0,17330.0,0.0,0.0,34.0
2017-07-04 13:40:00,17330.0,17330.0,17330.0,17330.0,0.0,0.0,34.0
2017-07-04 13:45:00,17330.0,17330.0,17330.0,17330.0,0.0,0.0,34.0
2017-07-04 13:50:00,17330.0,17330.0,17330.0,17330.0,0.0,0.0,34.0
2017-07-04 13:55:00,17330.0,17330.0,17330.0,17330.0,0.0,0.0,34.0
2017-07-04 14:00:00,17330.0,17330.0,17330.0,17330.0,0.0,0.0,34.0
2017-07-04 14:05:00,17330.0,17330.0,17330.0,17330.0,0.0,0.0,34.0
2017-07-04 14:10:00,17330.0,17330.0,17330.0,17330.0,0.0,0.0,34.0
2017-07-04 14:15:00,17330.0,17330.0,17330.0,17330.0,0.0,0.0,34.0
2017-07-04 14:20:00,17330.0,17330.0,17330.0,17330.0,0.0,0.0,34.0
2017-07-04 14:25:00,17330.0,17330.0,17330.0,17330.0,0.0,0.0,34.0
2017-07-04 14:30:00,17330.0,17330.0,17330.0,17330.0,0.0,0.0,34.0
2017-07-04 14:35:00,17330.0,17330.0,17330.0,17330.0,0.0,0.0,34.0
2017-07-04 14:40:00,17330.0,17330.0,17330.0,17330.0,0.0,0.0,34.0
2017-07-04 14:45:00,17330.0,17330.0,17330.0,17330.0,0.0,0.0,34.0
2017-07-04 14:50:00,17330.0,17330.0,17330.0,17330.0,0.0,0.0,34.0
2017-07-04 14:55:00,17330.0,17330.0,17330.0,17330.0,0.0,0.0,34.0
2017-07-04 21:00:00,17245.0,17245.0,17245.0,17245.0,0.0,0.0,34.0
2017-07-04 21:05:00,17245.0,17245.0,17245.0,17245.0,0.0,0.0,34.0
2017-07-04 21:10:00,17245.0,17245.0,17245.0,17245.0,0.0,0.0,34.0
2017-07-04 21:15:00,17245.0,17245.0,17245.0,17245.0,0.0,0.0,34.0
2017-07-04 21:20:00,17245.0,17245.0,17245.0,17245.0,0.0,0.0,34.0
2017-07-04 21:25:00,17245.0,17245.0,17245.0,17245.0,0.0,0.0,34.0
2017-07-04 21:30:00,17245.0,17245.0,17245.0,17245.0,0.0,0.0,34.0
2017-07-04 21:35:00,17245.0,17245.0,17245.0,17245.0,0.0,0.0,34.0
2017-07-04 21:40:00,17245.0,17245.0,17245.0,17245.0,0.0,0.0,34.0
2017-07-04 21:45:00,17245.0,17245.0,17245.0,17245.0,0.0,0.0,34.0
2017-07-04 21:50:00,17245.0,17245.0,17245.0,17245.0,0.0,0.0,34.0
2017-07-04 21:55:00,17245.0,17245.0,17245.0,17245.0,0.0,0.0,34.0
2017-07-04 22:00:00,17245.0,17245.0,17245.0,17245.0,0.0,0.0,34.0
2017-07-04 22:05:00,17245.0,17245.0,17245.0,17245.0,0.0,0.0,34.0
2017-07-04 22:10:00,17245.0,17245.0,17245.0,17245.0,0.0,0.0,34.0
2017-07-04 22:15:00,17245.0,17245.0,17245.0,17245.0,0.0,0.0,34.0
2017-07-04 22:20:00,17245.0,17245.0,17245.0,17245.0,0.0,0.0,34.0
2017-07-04 22:25:00,17245.0,17245.0,17245.0,17245.0,0.0,0.0,34.0
2017-07-04 22:30:00,17245.0,17245.0,17245.0,17245.0,0.0,0.0,34.0
2017-07-04 22:35:00,17245.0,17245.0,17245.0,17245.0,0.0,0.0,34.0
2017-07-04 22:40:00,17245.0,17245.0,17245.0,17245.0,0.0,0.0,34.0
2017-07-04 22:45:00,17245.0,17245.0,17245.0,17245.0,0.0,0.0,34.0
2017-07-04 22:50:00,17245.0,17245.0,17245.0,17245.0,0.0,0.0,34.0
2017-07-04 22:55:00,17245.0,17245.0,17245.0,17245.0,0.0,0.0,34.0
2017-07-04 23:00:00,17245.0,17245.0,17245.0,17245.0,0.0,0.0,34.0
2017-07-04 23:05:00,17245.0,17245.0,17245.0,17245.0,0.0,0.0,34.0
2017-07-04 23:10:00,17245.0,17245.0,17245.0,17245.0,0.0,0.0,34.0
2017-07-04 23:15:00,17245.0,17245.0,17245.0,17245.0,0.0,0.0,34.0
2017-07-04 23:20:00,17245.0,17245.0,17245.0,17245.0,0.0,0.0,34.0
2017-07-04 23:25:00,17245.0,17245.0,17245.0,17245.0,0.0,0.0,34.0
2017-07-04 23:30:00,17245.0,17245.0,17245.0,17245.0,0.0,0.0,34.0
2017-07-04 23:35:00,17245.0,17245.0,17245.0,17245.0,0.0,0.0,34.0
2017-07-04 23:40:00,17245.0,17245.0,17245.0,17245.0,0.0,0.0,34.0
2017-07-04 23:45:00,17245.0,17245.0,17245.0,17245.0,0.0,0.0,34.0
2017-07-04 23:50:00,17245.0,17245.0,17245.0,17245.0,0.0,0.0,34.0
2017-07-04 23:55:00,17245.0,17245.0,17245.0,17245.0,0.0,0.0,34.0
2017-07-05 00:00:00,17245.0,17245.0,17245.0,17245.0,0.0,0.0,34.0
2017-07-05 00:05:00,17245.0,17245.0,17245.0,17245.0,0.0,0.0,34.0
2017-07-05 00:10:00,17245.0,17245.0,17245.0,17245.0,0.0,0.0,34.0
2017-07-05 00:15:00,17245.0,17245.0,17245.0,17245.0,0.0,0.0,34.0
2017-07-05 00:20:00,17245.0,17245.0,17245.0,17245.0,0.0,0.0,34.0
2017-07-05 00:25:00,17245.0,17245.0,17245.0,17245.0,0.0,0.0,34.0
2017-07-05 00:30:00,17245.0,17245.0,17245.0,17245.0,0.0,0.0,34.0
2017-07-05 00:35:00,17245.0,17245.0,17245.0,17245.0,0.0,0.0,34.0
2017-07-05 00:40:00,17245.0,17245.0,17245.0,17245.0,0.0,0.0,34.0
2017-07-05 00:45:00,17245.0,17245.0,17245.0,17245.0,0.0,0.0,34.0
2017-07-05 00:50:00,17245.0,17245.0,17245.0,17245.0,0.0,0.0,34.0
2017-07-05 00:55:00,17245.0,17245.0,17245.0,17245.0,0.0,0.0,34.0
2017-07-05 09:00:00,17245.0,17245.0,17245.0,17245.0,0.0,0.0,34.0
2017-07-05 09:05:00,17245.0,17245.0,17245.0,17245.0,0.0,0.0,34.0
2017-07-05 09:10:00,17245.0,17245.0,17245.0,17245.0,0.0,0.0,34.0
2017-07-05 09:15:00,17245.0,17245.0,17245.0,17245.0,0.0,0.0,34.0
2017-07-05 09:20:00,17245.0,17245.0,17245.0,17245.0,0.0,0.0,34.0
2017-07-05 09:25:00,17245.0,17245.0,17245.0,17245.0,0.0,0.0,34.0
2017-07-05 09:30:00,17245.0,17245.0,17245.0,17245.0,0.0,0.0,34.0
2017-07-05 09:35:00,17245.0,17245.0,17245.0,17245.0,0.0,0.0,34.0
2017-07-05 09:40:00,17245.0,17245.0,17245.0,17245.0,0.0,0.0,34.0
2017-07-05 09:45:00,17245.0,17245.0,17245.0,17245.0,0.0,0.0,34.0
2017-07-05 09:50:00,17245.0,17245.0,17245.0,17245.0,0.0,0.0,34.0
2017-07-05 09:55:00,17245.0,17245.0,17245.0,17245.0,0.0,0.0,34.0
2017-07-05 10:00:00,17245.0,17245.0,17245.0,17245.0,0.0,0.0,34.0
2017-07-05 10:05:00,17245.0,17245.0,17245.0,17245.0,0.0,0.0,34.0
2017-07-05 10:10:00,17245.0,17245.0,17245.0,17245.0,0.0,0.0,34.0
2017-07-05 10:30:00,17245.0,17245.0,17245.0,17245.0,0.0,0.0,34.0
2017-07-05 10:35:00,17245.0,17245.0,17245.0,17245.0,0.0,0.0,34.0
2017-07-05 10:40:00,17245.0,17245.0,17245.0,17245.0,0.0,0.0,34.0
2017-07-05 10:45:00,17245.0,17245.0,17245.0,17245.0,0.0,0.0,34.0
2017-07-05 10:50:00,17245.0,17245.0,17245.0,17245.0,0.0,0.0,34.0
2017-07-05 10:55:00,17245.0,17245.0,17245.0,17245.0,0.0,0.0,34.0
2017-07-05 11:00:00,17245.0,17245.0,17245.0,17245.0,0.0,0.0,34.0
2017-07-05 11:05:00,17245.0,17245.0,17245.0,17245.0,0.0,0.0,34.0
2017-07-05 11:10:00,17245.0,17245.0,17245.0,17245.0,0.0,0.0,34.0
2017-07-05 11:15:00,17245.0,17245.0,17245.0,17245.0,0.0,0.0,34.0
2017-07-05 11:20:00,17245.0,17245.0,17245.0,17245.0,0.0,0.0,34.0
2017-07-05 11:25:00,17245.0,17245.0,17245.0,17245.0,0.0,0.0,34.0
2017-07-05 13:30:00,17245.0,17245.0,17245.0,17245.0,0.0,0.0,34.0
2017-07-05 13:35:00,17245.0,17245.0,17245.0,17245.0,0.0,0.0,34.0
2017-07-05 13:40:00,17245.0,17245.0,17245.0,17245.0,0.0,0.0,34.0
2017-07-05 13:45:00,17245.0,17245.0,17245.0,17245.0,0.0,0.0,34.0
2017-07-05 13:50:00,17245.0,17245.0,17245.0,17245.0,0.0,0.0,34.0
2017-07-05 13:55:00,17245.0,17245.0,17245.0,17245.0,0.0,0.0,34.0
2017-07-05 14:00:00,17245.0,17245.0,17245.0,17245.0,0.0,0.0,34.0
2017-07-05 14:05:00,17245.0,17245.0,17245.0,17245.0,0.0,0.0,34.0
2017-07-05 14:10:00,17245.0,17245.0,17245.0,17245.0,0.0,0.0,34.0
2017-07-05 14:15:00,17245.0,17245.0,17245.0,17245.0,0.0,0.0,34.0
2017-07-05 14:20:00,17245.0,17245.0,17245.0,17245.0,0.0,0.0,34.0
2017-07-05 14:25:00,17245.0,17245.0,17245.0,17245.0,0.0,0.0,34.0
2017-07-05 14:30:00,17245.0,17245.0,17245.0,17245.0,0.0,0.0,34.0
2017-07-05 14:35:00,17245.0,17245.0,17245.0,17245.0,0.0,0.0,34.0
2017-07-05 14:40:00,17245.0,17245.0,17245.0,17245.0,0.0,0.0,34.0
2017-07-05 14:45:00,17245.0,17245.0,17245.0,17245.0,0.0,0.0,34.0
2017-07-05 14:50:00,17245.0,17245.0,17245.0,17245.0,0.0,0.0,34.0
2017-07-05 14:55:00,17245.0,17245.0,17245.0,17245.0,0.0,0.0,34.0
2017-07-05 21:00:00,17245.0,17245.0,17245.0,17245.0,0.0,0.0,34.0
2017-07-05 21:05:00,17245.0,17245.0,17245.0,17245.0,0.0,0.0,34.0
2017-07-05 21:10:00,17245.0,17245.0,17245.0,17245.0,0.0,0.0,34.0
2017-07-05 21:15:00,17245.0,17245.0,17245.0,17245.0,0.0,0.0,34.0
2017-07-05 21:20:00,17245.0,17245.0,17245.0,17245.0,0.0,0.0,34.0
2017-07-05 21:25:00,17245.0,17245.0,17245.0,17245.0,0.0,0.0,34.0
2017-07-05 21:30:00,17245.0,17245.0,17245.0,17245.0,0.0,0.0,34.0
2017-07-05 21:35:00,17245.0,17245.0,17245.0,17245.0,0.0,0.0,34.0
2017-07-05 21:40:00,17245.0,17245.0,17245.0,17245.0,0.0,0.0,34.0
2017-07-05 21:45:00,17245.0,17245.0,17245.0,17245.0,0.0,0.0,34.0
2017-07-05 21:50:00,17245.0,17245.0,17245.0,17245.0,0.0,0.0,34.0
2017-07-05 21:55:00,17245.0,17245.0,17245.0,17245.0,0.0,0.0,34.0
2017-07-05 22:00:00,17245.0,17245.0,17245.0,17245.0,0.0,0.0,34.0
2017-07-05 22:05:00,17245.0,17245.0,17245.0,17245.0,0.0,0.0,34.0
2017-07-05 22:10:00,17245.0,17245.0,17245.0,17245.0,0.0,0.0,34.0
2017-07-05 22:15:00,17245.0,17245.0,17245.0,17245.0,0.0,0.0,34.0
2017-07-05 22:20:00,17245.0,17245.0,17245.0,17245.0,0.0,0.0,34.0
2017-07-05 22:25:00,17245.0,17245.0,17245.0,17245.0,0.0,0.0,34.0
2017-07-05 22:30:00,17245.0,17245.0,17245.0,17245.0,0.0,0.0,34.0
2017-07-05 22:35:00,17245.0,17245.0,17245.0,17245.0,0.0,0.0,34.0
2017-07-05 22:40:00,17245.0,17245.0,17245.0,17245.0,0.0,0.0,34.0
2017-07-05 22:45:00,17245.0,17245.0,17245.0,17245.0,0.0,0.0,34.0
2017-07-05 22:50:00,17245.0,17245.0,17245.0,17245.0,0.0,0.0,34.0
2017-07-05 22:55:00,17245.0,17245.0,17245.0,17245.0,0.0,0.0,34.0
2017-07-05 23:00:00,17245.0,17245.0,17245.0,17245.0,0.0,0.0,34.0
2017-07-05 23:05:00,17245.0,17245.0,17245.0,17245.0,0.0,0.0,34.0
2017-07-05 23:10:00,17245.0,17245.0,17245.0,17245.0,0.0,0.0,34.0
2017-07-05 23:15:00,17245.0,17245.0,17245.0,17245.0,0.0,0.0,34.0
2017-07-05 23:20:00,17245.0,17245.0,17245.0,17245.0,0.0,0.0,34.0
2017-07-05 23:25:00,17245.0,17245.0,17245.0,17245.0,0.0,0.0,34.0
2017-07-05 23:30:00,17245.0,17245.0,17245.0,17245.0,0.0,0.0,34.0
2017-07-05 23:35:00,17245.0,17245.0,17245.0,17245.0,0.0,0.0,34.0
2017-07-05 23:40:00,17245.0,17245.0,17245.0,17245.0,0.0,0.0,34.0
2017-07-05 23:45:00,17245.0,17245.0,17245.0,17245.0,0.0,0.0,34.0
2017-07-05 23:50:00,17245.0,17245.0,17245.0,17245.0,0.0,0.0,34.0
2017-07-05 23:55:00,17245.0,17245.0,17245.0,17245.0,0.0,0.0,34.0
2017-07-06 00:00:00,17245.0,17245.0,17245.0,17245.0,0.0,0.0,34.0
2017-07-06 00:05:00,17245.0,17245.0,17245.0,17245.0,0.0,0.0,34.0
2017-07-06 00:10:00,17245.0,17245.0,17245.0,17245.0,0.0,0.0,34.0
2017-07-06 00:15:00,17245.0,17245.0,17245.0,17245.0,0.0,0.0,34.0
2017-07-06 00:20:00,17245.0,17245.0,17245.0,17245.0,0.0,0.0,34.0
2017-07-06 00:25:00,17245.0,17245.0,17245.0,17245.0,0.0,0.0,34.0
2017-07-06 00:30:00,17245.0,17245.0,17245.0,17245.0,0.0,0.0,34.0
2017-07-06 00:35:00,17245.0,17245.0,17245.0,17245.0,0.0,0.0,34.0
2017-07-06 00:40:00,17245.0,17245.0,17245.0,17245.0,0.0,0.0,34.0
2017-07-06 00:45:00,17245.0,17245.0,17245.0,17245.0,0.0,0.0,34.0
2017-07-06 00:50:00,17245.0,17245.0,17245.0,17245.0,0.0,0.0,34.0
2017-07-06 00:55:00,17245.0,17245.0,17245.0,17245.0,0.0,0.0,34.0
2017-07-06 09:00:00,17245.0,17245.0,17245.0,17245.0,0.0,0.0,34.0
2017-07-06 09:05:00,17245.0,17245.0,17245.0,17245.0,0.0,0.0,34.0
2017-07-06 09:10:00,17245.0,17245.0,17245.0,17245.0,0.0,0.0,34.0
2017-07-06 09:15:00,17245.0,17245.0,17245.0,17245.0,0.0,0.0,34.0
2017-07-06 09:20:00,17245.0,17245.0,17245.0,17245.0,0.0,0.0,34.0
2017-07-06 09:25:00,17245.0,17245.0,17245.0,17245.0,0.0,0.0,34.0
2017-07-06 09:30:00,17245.0,17245.0,17245.0,17245.0,0.0,0.0,34.0
2017-07-06 09:35:00,17245.0,17245.0,17245.0,17245.0,0.0,0.0,34.0
2017-07-06 09:40:00,17245.0,17245.0,17245.0,17245.0,0.0,0.0,34.0
2017-07-06 09:45:00,17245.0,17245.0,17245.0,17245.0,0.0,0.0,34.0
2017-07-06 09:50:00,17245.0,17245.0,17245.0,17245.0,0.0,0.0,34.0
2017-07-06 09:55:00,17245.0,17245.0,17245.0,17245.0,0.0,0.0,34.0
2017-07-06 10:00:00,17245.0,17245.0,17245.0,17245.0,0.0,0.0,34.0
2017-07-06 10:05:00,17245.0,17245.0,17245.0,17245.0,0.0,0.0,34.0
2017-07-06 10:10:00,17245.0,17245.0,17245.0,17245.0,0.0,0.0,34.0
2017-07-06 10:30:00,17245.0,17245.0,17245.0,17245.0,0.0,0.0,34.0
2017-07-06 10:35:00,17245.0,17245.0,17245.0,17245.0,0.0,0.0,34.0
2017-07-06 10:40:00,17245.0,17245.0,17245.0,17245.0,0.0,0.0,34.0
2017-07-06 10:45:00,17245.0,17245.0,17245.0,17245.0,0.0,0.0,34.0
2017-07-06 10:50:00,17245.0,17245.0,17245.0,17245.0,0.0,0.0,34.0
2017-07-06 10:55:00,17245.0,17245.0,17245.0,17245.0,0.0,0.0,34.0
2017-07-06 11:00:00,17245.0,17245.0,17245.0,17245.0,0.0,0.0,34.0
2017-07-06 11:05:00,17245.0,17245.0,17245.0,17245.0,0.0,0.0,34.0
2017-07-06 11:10:00,17245.0,17245.0,17245.0,17245.0,0.0,0.0,34.0
2017-07-06 11:15:00,17245.0,17245.0,17245.0,17245.0,0.0,0.0,34.0
2017-07-06 11:20:00,17245.0,17245.0,17245.0,17245.0,0.0,0.0,34.0
2017-07-06 11:25:00,17245.0,17245.0,17245.0,17245.0,0.0,0.0,34.0
2017-07-06 13:30:00,17245.0,17245.0,17245.0,17245.0,0.0,0.0,34.0
2017-07-06 13:35:00,17245.0,17245.0,17245.0,17245.0,0.0,0.0,34.0
2017-07-06 13:40:00,17245.0,17245.0,17245.0,17245.0,0.0,0.0,34.0
2017-07-06 13:45:00,17245.0,17245.0,17245.0,17245.0,0.0,0.0,34.0
2017-07-06 13:50:00,17245.0,17245.0,17245.0,17245.0,0.0,0.0,34.0
2017-07-06 13:55:00,17245.0,17245.0,17245.0,17245.0,0.0,0.0,34.0
2017-07-06 14:00:00,17245.0,17245.0,17245.0,17245.0,0.0,0.0,34.0
2017-07-06 14:05:00,17245.0,17245.0,17245.0,17245.0,0.0,0.0,34.0
2017-07-06 14:10:00,17245.0,17245.0,17245.0,17245.0,0.0,0.0,34.0
2017-07-06 14:15:00,17245.0,17245.0,17245.0,17245.0,0.0,0.0,34.0
2017-07-06 14:20:00,17245.0,17245.0,17245.0,17245.0,0.0,0.0,34.0
2017-07-06 14:25:00,17245.0,17245.0,17245.0,17245.0,0.0,0.0,34.0
2017-07-06 14:30:00,17245.0,17245.0,17245.0,17245.0,0.0,0.0,34.0
2017-07-06 14:35:00,17245.0,17245.0,17245.0,17245.0,0.0,0.0,34.0
2017-07-06 14:40:00,17245.0,17245.0,17245.0,17245.0,0.0,0.0,34.0
2017-07-06 14:45:00,17245.0,17245.0,17245.0,17245.0,0.0,0.0,34.0
2017-07-06 14:50:00,17245.0,17245.0,17245.0,17245.0,0.0,0.0,34.0
2017-07-06 14:55:00,17245.0,17245.0,17245.0,17245.0,0.0,0.0,34.0
2017-07-06 21:00:00,17245.0,17245.0,17245.0,17245.0,0.0,0.0,34.0
2017-07-06 21:05:00,17245.0,17245.0,17245.0,17245.0,0.0,0.0,34.0
2017-07-06 21:10:00,17245.0,17245.0,17245.0,17245.0,0.0,0.0,34.0
2017-07-06 21:15:00,17245.0,17245.0,17245.0,17245.0,0.0,0.0,34.0
2017-07-06 21:20:00,17245.0,17245.0,17245.0,17245.0,0.0,0.0,34.0
2017-07-06 21:25:00,17245.0,17245.0,17245.0,17245.0,0.0,0.0,34.0
2017-07-06 21:30:00,17245.0,17245.0,17245.0,17245.0,0.0,0.0,34.0
2017-07-06 21:35:00,17245.0,17245.0,17245.0,17245.0,0.0,0.0,34.0
2017-07-06 21:40:00,17245.0,17245.0,17245.0,17245.0,0.0,0.0,34.0
2017-07-06 21:45:00,17245.0,17245.0,17245.0,17245.0,0.0,0.0,34.0
2017-07-06 21:50:00,17245.0,17245.0,17245.0,17245.0,0.0,0.0,34.0
2017-07-06 21:55:00,17245.0,17245.0,17245.0,17245.0,0.0,0.0,34.0
2017-07-06 22:00:00,17245.0,17245.0,17245.0,17245.0,0.0,0.0,34.0
2017-07-06 22:05:00,17245.0,17245.0,17245.0,17245.0,0.0,0.0,34.0
2017-07-06 22:10:00,17245.0,17245.0,17245.0,17245.0,0.0,0.0,34.0
2017-07-06 22:15:00,17245.0,17245.0,17245.0,17245.0,0.0,0.0,34.0
2017-07-06 22:20:00,17245.0,17245.0,17245.0,17245.0,0.0,0.0,34.0
2017-07-06 22:25:00,17245.0,17245.0,17245.0,17245.0,0.0,0.0,34.0
2017-07-06 22:30:00,17245.0,17245.0,17245.0,17245.0,0.0,0.0,34.0
2017-07-06 22:35:00,17245.0,17245.0,17245.0,17245.0,0.0,0.0,34.0
2017-07-06 22:40:00,17245.0,17245.0,17245.0,17245.0,0.0,0.0,34.0
2017-07-06 22:45:00,17245.0,17245.0,17245.0,17245.0,0.0,0.0,34.0
2017-07-06 22:50:00,17245.0,17245.0,17245.0,17245.0,0.0,0.0,34.0
2017-07-06 22:55:00,17245.0,17245.0,17245.0,17245.0,0.0,0.0,34.0
2017-07-06 23:00:00,17245.0,17245.0,17245.0,17245.0,0.0,0.0,34.0
2017-07-06 23:05:00,17245.0,17245.0,17245.0,17245.0,0.0,0.0,34.0
2017-07-06 23:10:00,17245.0,17245.0,17245.0,17245.0,0.0,0.0,34.0
2017-07-06 23:15:00,17245.0,17245.0,17245.0,17245.0,0.0,0.0,34.0
2017-07-06 23:20:00,17245.0,17245.0,17245.0,17245.0,0.0,0.0,34.0
2017-07-06 23:25:00,17245.0,17245.0,17245.0,17245.0,0.0,0.0,34.0
2017-07-06 23:30:00,17245.0,17245.0,17245.0,17245.0,0.0,0.0,34.0
2017-07-06 23:35:00,17245.0,17245.0,17245.0,17245.0,0.0,0.0,34.0
2017-07-06 23:40:00,17245.0,17245.0,17245.0,17245.0,0.0,0.0,34.0
2017-07-06 23:45:00,17245.0,17245.0,17245.0,17245.0,0.0,0.0,34.0
2017-07-06 23:50:00,17245.0,17245.0,17245.0,17245.0,0.0,0.0,34.0
2017-07-06 23:55:00,17245.0,17245.0,17245.0,17245.0,0.0,0.0,34.0
2017-07-07 00:00:00,17245.0,17245.0,17245.0,17245.0,0.0,0.0,34.0
2017-07-07 00:05:00,17245.0,17245.0,17245.0,17245.0,0.0,0.0,34.0
2017-07-07 00:10:00,17245.0,17245.0,17245.0,17245.0,0.0,0.0,34.0
2017-07-07 00:15:00,17245.0,17245.0,17245.0,17245.0,0.0,0.0,34.0
2017-07-07 00:20:00,17245.0,17245.0,17245.0,17245.0,0.0,0.0,34.0
2017-07-07 00:25:00,17245.0,17245.0,17245.0,17245.0,0.0,0.0,34.0
2017-07-07 00:30:00,17245.0,17245.0,17245.0,17245.0,0.0,0.0,34.0
2017-07-07 00:35:00,17245.0,17245.0,17245.0,17245.0,0.0,0.0,34.0
2017-07-07 00:40:00,17245.0,17245.0,17245.0,17245.0,0.0,0.0,34.0
2017-07-07 00:45:00,17245.0,17245.0,17245.0,17245.0,0.0,0.0,34.0
2017-07-07 00:50:00,17245.0,17245.0,17245.0,17245.0,0.0,0.0,34.0
2017-07-07 00:55:00,17245.0,17245.0,17245.0,17245.0,0.0,0.0,34.0
2017-07-07 09:00:00,17245.0,17245.0,17245.0,17245.0,0.0,0.0,34.0
2017-07-07 09:05:00,17245.0,17245.0,17245.0,17245.0,0.0,0.0,34.0
2017-07-07 09:10:00,17245.0,17245.0,17245.0,17245.0,0.0,0.0,34.0
2017-07-07 09:15:00,17245.0,17245.0,17245.0,17245.0,0.0,0.0,34.0
2017-07-07 09:20:00,17245.0,17245.0,17245.0,17245.0,0.0,0.0,34.0
2017-07-07 09:25:00,17245.0,17245.0,17245.0,17245.0,0.0,0.0,34.0
2017-07-07 09:30:00,17245.0,17245.0,17245.0,17245.0,0.0,0.0,34.0
2017-07-07 09:35:00,17245.0,17245.0,17245.0,17245.0,0.0,0.0,34.0
2017-07-07 09:40:00,17245.0,17245.0,17245.0,17245.0,0.0,0.0,34.0
2017-07-07 09:45:00,17245.0,17245.0,17245.0,17245.0,0.0,0.0,34.0
2017-07-07 09:50:00,17245.0,17245.0,17245.0,17245.0,0.0,0.0,34.0
2017-07-07 09:55:00,17245.0,17245.0,17245.0,17245.0,0.0,0.0,34.0
2017-07-07 10:00:00,17245.0,17245.0,17245.0,17245.0,0.0,0.0,34.0
2017-07-07 10:05:00,17245.0,17245.0,17245.0,17245.0,0.0,0.0,34.0
2017-07-07 10:10:00,17245.0,17245.0,17245.0,17245.0,0.0,0.0,34.0
2017-07-07 10:30:00,17245.0,17245.0,17245.0,17245.0,0.0,0.0,34.0
2017-07-07 10:35:00,17245.0,17245.0,17245.0,17245.0,0.0,0.0,34.0
2017-07-07 10:40:00,17245.0,17245.0,17245.0,17245.0,0.0,0.0,34.0
2017-07-07 10:45:00,17245.0,17245.0,17245.0,17245.0,0.0,0.0,34.0
2017-07-07 10:50:00,17245.0,17245.0,17245.0,17245.0,0.0,0.0,34.0
2017-07-07 10:55:00,17245.0,17245.0,17245.0,17245.0,0.0,0.0,34.0
2017-07-07 11:00:00,17245.0,17245.0,17245.0,17245.0,0.0,0.0,34.0
2017-07-07 11:05:00,17245.0,17245.0,17245.0,17245.0,0.0,0.0,34.0
2017-07-07 11:10:00,17245.0,17245.0,17245.0,17245.0,0.0,0.0,34.0
2017-07-07 11:15:00,17245.0,17245.0,17245.0,17245.0,0.0,0.0,34.0
2017-07-07 11:20:00,17245.0,17245.0,17245.0,17245.0,0.0,0.0,34.0
2017-07-07 11:25:00,17245.0,17245.0,17245.0,17245.0,0.0,0.0,34.0
2017-07-07 13:30:00,17245.0,17245.0,17245.0,17245.0,0.0,0.0,34.0
2017-07-07 13:35:00,17245.0,17245.0,17245.0,17245.0,0.0,0.0,34.0
2017-07-07 13:40:00,17245.0,17245.0,17245.0,17245.0,0.0,0.0,34.0
2017-07-07 13:45:00,17245.0,17245.0,17245.0,17245.0,0.0,0.0,34.0
2017-07-07 13:50:00,17245.0,17245.0,17245.0,17245.0,0.0,0.0,34.0
2017-07-07 13:55:00,17245.0,17245.0,17245.0,17245.0,0.0,0.0,34.0
2017-07-07 14:00:00,17245.0,17245.0,17245.0,17245.0,0.0,0.0,34.0
2017-07-07 14:05:00,17245.0,17245.0,17245.0,17245.0,0.0,0.0,34.0
2017-07-07 14:10:00,17245.0,17245.0,17245.0,17245.0,0.0,0.0,34.0
2017-07-07 14:15:00,17245.0,17245.0,17245.0,17245.0,0.0,0.0,34.0
2017-07-07 14:20:00,17245.0,17245.0,17245.0,17245.0,0.0,0.0,34.0
2017-07-07 14:25:00,17245.0,17245.0,17245.0,17245.0,0.0,0.0,34.0
2017-07-07 14:30:00,17245.0,17245.0,17245.0,17245.0,0.0,0.0,34.0
2017-07-07 14:35:00,17245.0,17245.0,17245.0,17245.0,0.0,0.0,34.0
2017-07-07 14:40:00,17245.0,17245.0,17245.0,17245.0,0.0,0.0,34.0
2017-07-07 14:45:00,17245.0,17245.0,17245.0,17245.0,0.0,0.0,34.0
2017-07-07 14:50:00,17245.0,17245.0,17245.0,17245.0,0.0,0.0,34.0
2017-07-07 14:55:00,17245.0,17245.0,17245.0,17245.0,0.0,0.0,34.0
2017-07-07 21:00:00,17245.0,17245.0,17245.0,17245.0,0.0,0.0,34.0
2017-07-07 21:05:00,17245.0,17245.0,17245.0,17245.0,0.0,0.0,34.0
2017-07-07 21:10:00,17245.0,17245.0,17245.0,17245.0,0.0,0.0,34.0
2017-07-07 21:15:00,17245.0,17245.0,17245.0,17245.0,0.0,0.0,34.0
2017-07-07 21:20:00,17245.0,17245.0,17245.0,17245.0,0.0,0.0,34.0
2017-07-07 21:25:00,17245.0,17245.0,17245.0,17245.0,0.0,0.0,34.0
2017-07-07 21:30:00,17245.0,17245.0,17245.0,17245.0,0.0,0.0,34.0
2017-07-07 21:35:00,17245.0,17245.0,17245.0,17245.0,0.0,0.0,34.0
2017-07-07 21:40:00,17245.0,17245.0,17245.0,17245.0,0.0,0.0,34.0
2017-07-07 21:45:00,17245.0,17245.0,17245.0,17245.0,0.0,0.0,34.0
2017-07-07 21:50:00,17245.0,17245.0,17245.0,17245.0,0.0,0.0,34.0
2017-07-07 21:55:00,17245.0,17245.0,17245.0,17245.0,0.0,0.0,34.0
2017-07-07 22:00:00,17245.0,17245.0,17245.0,17245.0,0.0,0.0,34.0
2017-07-07 22:05:00,17245.0,17245.0,17245.0,17245.0,0.0,0.0,34.0
2017-07-07 22:10:00,17245.0,17245.0,17245.0,17245.0,0.0,0.0,34.0
2017-07-07 22:15:00,17245.0,17245.0,17245.0,17245.0,0.0,0.0,34.0
2017-07-07 22:20:00,17245.0,17245.0,17245.0,17245.0,0.0,0.0,34.0
2017-07-07 22:25:00,17245.0,17245.0,17245.0,17245.0,0.0,0.0,34.0
2017-07-07 22:30:00,17245.0,17245.0,17245.0,17245.0,0.0,0.0,34.0
2017-07-07 22:35:00,17245.0,17245.0,17245.0,17245.0,0.0,0.0,34.0
2017-07-07 22:40:00,17245.0,17245.0,17245.0,17245.0,0.0,0.0,34.0
2017-07-07 22:45:00,17245.0,17245.0,17245.0,17245.0,0.0,0.0,34.0
2017-07-07 22:50:00,17245.0,17245.0,17245.0,17245.0,0.0,0.0,34.0
2017-07-07 22:55:00,17245.0,17245.0,17245.0,17245.0,0.0,0.0,34.0
2017-07-07 23:00:00,17245.0,17245.0,17245.0,17245.0,0.0,0.0,34.0
2017-07-07 23:05:00,17245.0,17245.0,17245.0,17245.0,0.0,0.0,34.0
2017-07-07 23:10:00,17245.0,17245.0,17245.0,17245.0,0.0,0.0,34.0
2017-07-07 23:15:00,17245.0,17245.0,17245.0,17245.0,0.0,0.0,34.0
2017-07-07 23:20:00,17245.0,17245.0,17245.0,17245.0,0.0,0.0,34.0
2017-07-07 23:25:00,17245.0,17245.0,17245.0,17245.0,0.0,0.0,34.0
2017-07-07 23:30:00,17245.0,17245.0,17245.0,17245.0,0.0,0.0,34.0
2017-07-07 23:35:00,17245.0,17245.0,17245.0,17245.0,0.0,0.0,34.0
2017-07-07 23:40:00,17245.0,17245.0,17245.0,17245.0,0.0,0.0,34.0
2017-07-07 23:45:00,17245.0,17245.0,17245.0,17245.0,0.0,0.0,34.0
2017-07-07 23:50:00,17245.0,17245.0,17245.0,17245.0,0.0,0.0,34.0
2017-07-07 23:55:00,17245.0,17245.0,17245.0,17245.0,0.0,0.0,34.0
2017-07-08 00:00:00,17245.0,17245.0,17245.0,17245.0,0.0,0.0,34.0
2017-07-08 00:05:00,17245.0,17245.0,17245.0,17245.0,0.0,0.0,34.0
2017-07-08 00:10:00,17245.0,17245.0,17245.0,17245.0,0.0,0.0,34.0
2017-07-08 00:15:00,17245.0,17245.0,17245.0,17245.0,0.0,0.0,34.0
2017-07-08 00:20:00,17245.0,17245.0,17245.0,17245.0,0.0,0.0,34.0
2017-07-08 00:25:00,17245.0,17245.0,17245.0,17245.0,0.0,0.0,34.0
2017-07-08 00:30:00,17245.0,17245.0,17245.0,17245.0,0.0,0.0,34.0
2017-07-08 00:35:00,17245.0,17245.0,17245.0,17245.0,0.0,0.0,34.0
2017-07-08 00:40:00,17245.0,17245.0,17245.0,17245.0,0.0,0.0,34.0
2017-07-08 00:45:00,17245.0,17245.0,17245.0,17245.0,0.0,0.0,34.0
2017-07-08 00:50:00,17245.0,17245.0,17245.0,17245.0,0.0,0.0,34.0
2017-07-08 00:55:00,17245.0,17245.0,17245.0,17245.0,0.0,0.0,34.0
2017-07-10 09:00:00,17245.0,17245.0,17245.0,17245.0,0.0,0.0,34.0
2017-07-10 09:05:00,17245.0,17245.0,17245.0,17245.0,0.0,0.0,34.0
2017-07-10 09:10:00,17245.0,17245.0,17245.0,17245.0,0.0,0.0,34.0
2017-07-10 09:15:00,17245.0,17245.0,17245.0,17245.0,0.0,0.0,34.0
2017-07-10 09:20:00,17245.0,17245.0,17245.0,17245.0,0.0,0.0,34.0
2017-07-10 09:25:00,17245.0,17245.0,17245.0,17245.0,0.0,0.0,34.0
2017-07-10 09:30:00,17245.0,17245.0,17245.0,17245.0,0.0,0.0,34.0
2017-07-10 09:35:00,17245.0,17245.0,17245.0,17245.0,0.0,0.0,34.0
2017-07-10 09:40:00,17245.0,17245.0,17245.0,17245.0,0.0,0.0,34.0
2017-07-10 09:45:00,17245.0,17245.0,17245.0,17245.0,0.0,0.0,34.0
2017-07-10 09:50:00,17245.0,17245.0,17245.0,17245.0,0.0,0.0,34.0
2017-07-10 09:55:00,17245.0,17245.0,17245.0,17245.0,0.0,0.0,34.0
2017-07-10 10:00:00,17245.0,17245.0,17245.0,17245.0,0.0,0.0,34.0
2017-07-10 10:05:00,17245.0,17245.0,17245.0,17245.0,0.0,0.0,34.0
2017-07-10 10:10:00,17245.0,17245.0,17245.0,17245.0,0.0,0.0,34.0
2017-07-10 10:30:00,17245.0,17245.0,17245.0,17245.0,0.0,0.0,34.0
2017-07-10 10:35:00,17245.0,17245.0,17245.0,17245.0,0.0,0.0,34.0
2017-07-10 10:40:00,17245.0,17245.0,17245.0,17245.0,0.0,0.0,34.0
2017-07-10 10:45:00,17245.0,17245.0,17245.0,17245.0,0.0,0.0,34.0
2017-07-10 10:50:00,17245.0,17245.0,17245.0,17245.0,0.0,0.0,34.0
2017-07-10 10:55:00,17245.0,17245.0,17245.0,17245.0,0.0,0.0,34.0
2017-07-10 11:00:00,17245.0,17245.0,17245.0,17245.0,0.0,0.0,34.0
2017-07-10 11:05:00,17245.0,17245.0,17245.0,17245.0,0.0,0.0,34.0
2017-07-10 11:10:00,17245.0,17245.0,17245.0,17245.0,0.0,0.0,34.0
2017-07-10 11:15:00,17245.0,17245.0,17245.0,17245.0,0.0,0.0,34.0
2017-07-10 11:20:00,17245.0,17245.0,17245.0,17245.0,0.0,0.0,34.0
2017-07-10 11:25:00,17245.0,17245.0,17245.0,17245.0,0.0,0.0,34.0
2017-07-10 13:30:00,17245.0,17245.0,17245.0,17245.0,0.0,0.0,34.0
2017-07-10 13:35:00,17245.0,17245.0,17245.0,17245.0,0.0,0.0,34.0
2017-07-10 13:40:00,17245.0,17245.0,17245.0,17245.0,0.0,0.0,34.0
2017-07-10 13:45:00,17245.0,17245.0,17245.0,17245.0,0.0,0.0,34.0
2017-07-10 13:50:00,17245.0,17245.0,17245.0,17245.0,0.0,0.0,34.0
2017-07-10 13:55:00,17245.0,17245.0,17245.0,17245.0,0.0,0.0,34.0
2017-07-10 14:00:00,17245.0,17245.0,17245.0,17245.0,0.0,0.0,34.0
2017-07-10 14:05:00,17245.0,17245.0,17245.0,17245.0,0.0,0.0,34.0
2017-07-10 14:10:00,17245.0,17245.0,17245.0,17245.0,0.0,0.0,34.0
2017-07-10 14:15:00,17245.0,17245.0,17245.0,17245.0,0.0,0.0,34.0
2017-07-10 14:20:00,17245.0,17245.0,17245.0,17245.0,0.0,0.0,34.0
2017-07-10 14:25:00,17245.0,17245.0,17245.0,17245.0,0.0,0.0,34.0
2017-07-10 14:30:00,17245.0,17245.0,17245.0,17245.0,0.0,0.0,34.0
2017-07-10 14:35:00,17245.0,17245.0,17245.0,17245.0,0.0,0.0,34.0
2017-07-10 14:40:00,17245.0,17245.0,17245.0,17245.0,0.0,0.0,34.0
2017-07-10 14:45:00,17245.0,17245.0,17245.0,17245.0,0.0,0.0,34.0
2017-07-10 14:50:00,17245.0,17245.0,17245.0,17245.0,0.0,0.0,34.0
2017-07-10 14:55:00,17245.0,17245.0,17245.0,17245.0,0.0,0.0,34.0
2017-07-10 21:00:00,17245.0,17245.0,17245.0,17245.0,0.0,0.0,34.0
2017-07-10 21:05:00,17245.0,17245.0,17245.0,17245.0,0.0,0.0,34.0
2017-07-10 21:10:00,17245.0,17245.0,17245.0,17245.0,0.0,0.0,34.0
2017-07-10 21:15:00,17245.0,17245.0,17245.0,17245.0,0.0,0.0,34.0
2017-07-10 21:20:00,17245.0,17245.0,17245.0,17245.0,0.0,0.0,34.0
2017-07-10 21:25:00,17245.0,17245.0,17245.0,17245.0,0.0,0.0,34.0
2017-07-10 21:30:00,17245.0,17245.0,17245.0,17245.0,0.0,0.0,34.0
2017-07-10 21:35:00,17245.0,17245.0,17245.0,17245.0,0.0,0.0,34.0
2017-07-10 21:40:00,17245.0,17245.0,17245.0,17245.0,0.0,0.0,34.0
2017-07-10 21:45:00,17245.0,17245.0,17245.0,17245.0,0.0,0.0,34.0
2017-07-10 21:50:00,17245.0,17245.0,17245.0,17245.0,0.0,0.0,34.0
2017-07-10 21:55:00,17245.0,17245.0,17245.0,17245.0,0.0,0.0,34.0
2017-07-10 22:00:00,17245.0,17245.0,17245.0,17245.0,0.0,0.0,34.0
2017-07-10 22:05:00,17245.0,17245.0,17245.0,17245.0,0.0,0.0,34.0
2017-07-10 22:10:00,17245.0,17245.0,17245.0,17245.0,0.0,0.0,34.0
2017-07-10 22:15:00,17245.0,17245.0,17245.0,17245.0,0.0,0.0,34.0
2017-07-10 22:20:00,17245.0,17245.0,17245.0,17245.0,0.0,0.0,34.0
2017-07-10 22:25:00,17245.0,17245.0,17245.0,17245.0,0.0,0.0,34.0
2017-07-10 22:30:00,17245.0,17245.0,17245.0,17245.0,0.0,0.0,34.0
2017-07-10 22:35:00,17245.0,17245.0,17245.0,17245.0,0.0,0.0,34.0
2017-07-10 22:40:00,17245.0,17245.0,17245.0,17245.0,0.0,0.0,34.0
2017-07-10 22:45:00,17245.0,17245.0,17245.0,17245.0,0.0,0.0,34.0
2017-07-10 22:50:00,17245.0,17245.0,17245.0,17245.0,0.0,0.0,34.0
2017-07-10 22:55:00,17245.0,17245.0,17245.0,17245.0,0.0,0.0,34.0
2017-07-10 23:00:00,17245.0,17245.0,17245.0,17245.0,0.0,0.0,34.0
2017-07-10 23:05:00,17245.0,17245.0,17245.0,17245.0,0.0,0.0,34.0
2017-07-10 23:10:00,17245.0,17245.0,17245.0,17245.0,0.0,0.0,34.0
2017-07-10 23:15:00,17245.0,17245.0,17245.0,17245.0,0.0,0.0,34.0
2017-07-10 23:20:00,17245.0,17245.0,17245.0,17245.0,0.0,0.0,34.0
2017-07-10 23:25:00,17245.0,17245.0,17245.0,17245.0,0.0,0.0,34.0
2017-07-10 23:30:00,17245.0,17245.0,17245.0,17245.0,0.0,0.0,34.0
2017-07-10 23:35:00,17245.0,17245.0,17245.0,17245.0,0.0,0.0,34.0
2017-07-10 23:40:00,17245.0,17245.0,17245.0,17245.0,0.0,0.0,34.0
2017-07-10 23:45:00,17245.0,17245.0,17245.0,17245.0,0.0,0.0,34.0
2017-07-10 23:50:00,17245.0,17245.0,17245.0,17245.0,0.0,0.0,34.0
2017-07-10 23:55:00,17245.0,17245.0,17245.0,17245.0,0.0,0.0,34.0
2017-07-11 00:00:00,17245.0,17245.0,17245.0,17245.0,0.0,0.0,34.0
2017-07-11 00:05:00,17245.0,17245.0,17245.0,17245.0,0.0,0.0,34.0
2017-07-11 00:10:00,17245.0,17245.0,17245.0,17245.0,0.0,0.0,34.0
2017-07-11 00:15:00,17245.0,17245.0,17245.0,17245.0,0.0,0.0,34.0
2017-07-11 00:20:00,17245.0,17245.0,17245.0,17245.0,0.0,0.0,34.0
2017-07-11 00:25:00,17245.0,17245.0,17245.0,17245.0,0.0,0.0,34.0
2017-07-11 00:30:00,17245.0,17245.0,17245.0,17245.0,0.0,0.0,34.0
2017-07-11 00:35:00,17245.0,17245.0,17245.0,17245.0,0.0,0.0,34.0
2017-07-11 00:40:00,17245.0,17245.0,17245.0,17245.0,0.0,0.0,34.0
2017-07-11 00:45:00,17245.0,17245.0,17245.0,17245.0,0.0,0.0,34.0
2017-07-11 00:50:00,17245.0,17245.0,17245.0,17245.0,0.0,0.0,34.0
2017-07-11 00:55:00,17245.0,17245.0,17245.0,17245.0,0.0,0.0,34.0
2017-07-11 09:00:00,17245.0,17245.0,17245.0,17245.0,0.0,0.0,34.0
2017-07-11 09:05:00,17245.0,17245.0,17245.0,17245.0,0.0,0.0,34.0
2017-07-11 09:10:00,17245.0,17245.0,17245.0,17245.0,0.0,0.0,34.0
2017-07-11 09:15:00,17245.0,17270.0,17245.0,17270.0,4.0,345400.0,30.0
2017-07-11 09:20:00,17270.0,17270.0,17270.0,17270.0,0.0,0.0,30.0
2017-07-11 09:25:00,17270.0,17270.0,17270.0,17270.0,0.0,0.0,30.0
2017-07-11 09:30:00,17270.0,17270.0,17270.0,17270.0,0.0,0.0,30.0
2017-07-11 09:35:00,17270.0,17270.0,17270.0,17270.0,0.0,0.0,30.0
2017-07-11 09:40:00,17270.0,17270.0,17270.0,17270.0,0.0,0.0,30.0
2017-07-11 09:45:00,17270.0,17270.0,17220.0,17220.0,2.0,172200.0,30.0
2017-07-11 09:50:00,17220.0,17220.0,17220.0,17220.0,0.0,0.0,30.0
2017-07-11 09:55:00,17220.0,17220.0,17220.0,17220.0,0.0,0.0,30.0
2017-07-11 10:00:00,17220.0,17220.0,17220.0,17220.0,0.0,0.0,30.0
2017-07-11 10:05:00,17220.0,17220.0,17220.0,17220.0,0.0,0.0,30.0
2017-07-11 10:10:00,17220.0,17220.0,17220.0,17220.0,0.0,0.0,30.0
2017-07-11 10:30:00,17220.0,17220.0,17220.0,17220.0,0.0,0.0,30.0
2017-07-11 10:35:00,17220.0,17220.0,17220.0,17220.0,0.0,0.0,30.0
2017-07-11 10:40:00,17220.0,17220.0,17220.0,17220.0,0.0,0.0,30.0
2017-07-11 10:45:00,17220.0,17220.0,17220.0,17220.0,0.0,0.0,30.0
2017-07-11 10:50:00,17220.0,17220.0,17220.0,17220.0,0.0,0.0,30.0
2017-07-11 10:55:00,17220.0,17220.0,17220.0,17220.0,0.0,0.0,30.0
2017-07-11 11:00:00,17220.0,17220.0,17220.0,17220.0,0.0,0.0,30.0
2017-07-11 11:05:00,17220.0,17220.0,17220.0,17220.0,0.0,0.0,30.0
2017-07-11 11:10:00,17220.0,17220.0,17220.0,17220.0,0.0,0.0,30.0
2017-07-11 11:15:00,17220.0,17220.0,17220.0,17220.0,0.0,0.0,30.0
2017-07-11 11:20:00,17220.0,17220.0,17220.0,17220.0,0.0,0.0,30.0
2017-07-11 11:25:00,17220.0,17220.0,17220.0,17220.0,0.0,0.0,30.0
2017-07-11 13:30:00,17220.0,17220.0,17220.0,17220.0,0.0,0.0,30.0
2017-07-11 13:35:00,17220.0,17220.0,17220.0,17220.0,0.0,0.0,30.0
2017-07-11 13:40:00,17220.0,17220.0,17220.0,17220.0,0.0,0.0,30.0
2017-07-11 13:45:00,17220.0,17220.0,17220.0,17220.0,0.0,0.0,30.0
2017-07-11 13:50:00,17220.0,17220.0,17220.0,17220.0,0.0,0.0,30.0
2017-07-11 13:55:00,17220.0,17220.0,17220.0,17220.0,0.0,0.0,30.0
2017-07-11 14:00:00,17220.0,17220.0,17220.0,17220.0,0.0,0.0,30.0
2017-07-11 14:05:00,17220.0,17220.0,17220.0,17220.0,0.0,0.0,30.0
2017-07-11 14:10:00,17220.0,17220.0,17220.0,17220.0,0.0,0.0,30.0
2017-07-11 14:15:00,17220.0,17220.0,17220.0,17220.0,0.0,0.0,30.0
2017-07-11 14:20:00,17220.0,17220.0,17220.0,17220.0,0.0,0.0,30.0
2017-07-11 14:25:00,17220.0,17455.0,17220.0,17455.0,2.0,174550.0,30.0
2017-07-11 14:30:00,17455.0,17455.0,17455.0,17455.0,0.0,0.0,30.0
2017-07-11 14:35:00,17455.0,17455.0,17455.0,17455.0,0.0,0.0,30.0
2017-07-11 14:40:00,17455.0,17465.0,17455.0,17465.0,2.0,174650.0,30.0
2017-07-11 14:45:00,17465.0,17465.0,17465.0,17465.0,0.0,0.0,30.0
2017-07-11 14:50:00,17465.0,17465.0,17465.0,17465.0,0.0,0.0,30.0
2017-07-11 14:55:00,17465.0,17465.0,17465.0,17465.0,0.0,0.0,30.0
2017-07-11 21:00:00,17335.0,17335.0,17335.0,17335.0,0.0,0.0,30.0
2017-07-11 21:05:00,17335.0,17335.0,17335.0,17335.0,0.0,0.0,30.0
2017-07-11 21:10:00,17335.0,17335.0,17335.0,17335.0,0.0,0.0,30.0
2017-07-11 21:15:00,17335.0,17335.0,17335.0,17335.0,0.0,0.0,30.0
2017-07-11 21:20:00,17335.0,17335.0,17335.0,17335.0,0.0,0.0,30.0
2017-07-11 21:25:00,17335.0,17335.0,17335.0,17335.0,0.0,0.0,30.0
2017-07-11 21:30:00,17335.0,17335.0,17335.0,17335.0,0.0,0.0,30.0
2017-07-11 21:35:00,17335.0,17335.0,17335.0,17335.0,0.0,0.0,30.0
2017-07-11 21:40:00,17335.0,17335.0,17335.0,17335.0,0.0,0.0,30.0
2017-07-11 21:45:00,17335.0,17335.0,17335.0,17335.0,0.0,0.0,30.0
2017-07-11 21:50:00,17335.0,17335.0,17335.0,17335.0,0.0,0.0,30.0
2017-07-11 21:55:00,17335.0,17335.0,17335.0,17335.0,0.0,0.0,30.0
2017-07-11 22:00:00,17335.0,17335.0,17335.0,17335.0,0.0,0.0,30.0
2017-07-11 22:05:00,17335.0,17335.0,17335.0,17335.0,0.0,0.0,30.0
2017-07-11 22:10:00,17335.0,17335.0,17335.0,17335.0,0.0,0.0,30.0
2017-07-11 22:15:00,17335.0,17335.0,17335.0,17335.0,0.0,0.0,30.0
2017-07-11 22:20:00,17335.0,17335.0,17335.0,17335.0,0.0,0.0,30.0
2017-07-11 22:25:00,17335.0,17335.0,17335.0,17335.0,0.0,0.0,30.0
2017-07-11 22:30:00,17335.0,17335.0,17335.0,17335.0,0.0,0.0,30.0
2017-07-11 22:35:00,17335.0,17335.0,17335.0,17335.0,0.0,0.0,30.0
2017-07-11 22:40:00,17335.0,17335.0,17335.0,17335.0,0.0,0.0,30.0
2017-07-11 22:45:00,17335.0,17335.0,17335.0,17335.0,0.0,0.0,30.0
2017-07-11 22:50:00,17335.0,17335.0,17335.0,17335.0,0.0,0.0,30.0
2017-07-11 22:55:00,17335.0,17335.0,17335.0,17335.0,0.0,0.0,30.0
2017-07-11 23:00:00,17335.0,17335.0,17335.0,17335.0,0.0,0.0,30.0
2017-07-11 23:05:00,17335.0,17335.0,17335.0,17335.0,0.0,0.0,30.0
2017-07-11 23:10:00,17335.0,17335.0,17335.0,17335.0,0.0,0.0,30.0
2017-07-11 23:15:00,17335.0,17335.0,17335.0,17335.0,0.0,0.0,30.0
2017-07-11 23:20:00,17335.0,17335.0,17335.0,17335.0,0.0,0.0,30.0
2017-07-11 23:25:00,17335.0,17335.0,17335.0,17335.0,0.0,0.0,30.0
2017-07-11 23:30:00,17335.0,17335.0,17335.0,17335.0,0.0,0.0,30.0
2017-07-11 23:35:00,17335.0,17335.0,17335.0,17335.0,0.0,0.0,30.0
2017-07-11 23:40:00,17335.0,17335.0,17335.0,17335.0,0.0,0.0,30.0
2017-07-11 23:45:00,17335.0,17335.0,17335.0,17335.0,0.0,0.0,30.0
2017-07-11 23:50:00,17335.0,17335.0,17335.0,17335.0,0.0,0.0,30.0
2017-07-11 23:55:00,17335.0,17335.0,17335.0,17335.0,0.0,0.0,30.0
2017-07-12 00:00:00,17335.0,17335.0,17335.0,17335.0,0.0,0.0,30.0
2017-07-12 00:05:00,17335.0,17335.0,17335.0,17335.0,0.0,0.0,30.0
2017-07-12 00:10:00,17335.0,17335.0,17335.0,17335.0,0.0,0.0,30.0
2017-07-12 00:15:00,17335.0,17335.0,17335.0,17335.0,0.0,0.0,30.0
2017-07-12 00:20:00,17335.0,17335.0,17335.0,17335.0,0.0,0.0,30.0
2017-07-12 00:25:00,17335.0,17335.0,17335.0,17335.0,0.0,0.0,30.0
2017-07-12 00:30:00,17335.0,17335.0,17335.0,17335.0,0.0,0.0,30.0
2017-07-12 00:35:00,17335.0,17335.0,17335.0,17335.0,0.0,0.0,30.0
2017-07-12 00:40:00,17335.0,17335.0,17335.0,17335.0,0.0,0.0,30.0
2017-07-12 00:45:00,17335.0,17335.0,17335.0,17335.0,0.0,0.0,30.0
2017-07-12 00:50:00,17335.0,17335.0,17335.0,17335.0,0.0,0.0,30.0
2017-07-12 00:55:00,17335.0,17335.0,17335.0,17335.0,0.0,0.0,30.0
2017-07-12 09:00:00,17335.0,17335.0,17335.0,17335.0,0.0,0.0,30.0
2017-07-12 09:05:00,17335.0,17335.0,17335.0,17335.0,0.0,0.0,30.0
2017-07-12 09:10:00,17335.0,17335.0,17335.0,17335.0,0.0,0.0,30.0
2017-07-12 09:15:00,17335.0,17335.0,17335.0,17335.0,0.0,0.0,30.0
2017-07-12 09:20:00,17335.0,17335.0,17335.0,17335.0,0.0,0.0,30.0
2017-07-12 09:25:00,17335.0,17335.0,17335.0,17335.0,0.0,0.0,30.0
2017-07-12 09:30:00,17335.0,17335.0,17335.0,17335.0,0.0,0.0,30.0
2017-07-12 09:35:00,17335.0,17335.0,17335.0,17335.0,0.0,0.0,30.0
2017-07-12 09:40:00,17335.0,17335.0,17335.0,17335.0,0.0,0.0,30.0
2017-07-12 09:45:00,17335.0,17335.0,17335.0,17335.0,0.0,0.0,30.0
2017-07-12 09:50:00,17335.0,17335.0,17335.0,17335.0,0.0,0.0,30.0
2017-07-12 09:55:00,17335.0,17335.0,17335.0,17335.0,0.0,0.0,30.0
2017-07-12 10:00:00,17335.0,17335.0,17335.0,17335.0,0.0,0.0,30.0
2017-07-12 10:05:00,17335.0,17335.0,17335.0,17335.0,0.0,0.0,30.0
2017-07-12 10:10:00,17335.0,17335.0,17335.0,17335.0,0.0,0.0,30.0
2017-07-12 10:30:00,17335.0,17335.0,17335.0,17335.0,0.0,0.0,30.0
2017-07-12 10:35:00,17335.0,17335.0,17335.0,17335.0,0.0,0.0,30.0
2017-07-12 10:40:00,17335.0,17335.0,17335.0,17335.0,0.0,0.0,30.0
2017-07-12 10:45:00,17335.0,17335.0,17335.0,17335.0,0.0,0.0,30.0
2017-07-12 10:50:00,17335.0,17335.0,17335.0,17335.0,0.0,0.0,30.0
2017-07-12 10:55:00,17335.0,17335.0,17335.0,17335.0,0.0,0.0,30.0
2017-07-12 11:00:00,17335.0,17335.0,17335.0,17335.0,0.0,0.0,30.0
2017-07-12 11:05:00,17335.0,17335.0,17335.0,17335.0,0.0,0.0,30.0
2017-07-12 11:10:00,17335.0,17335.0,17335.0,17335.0,0.0,0.0,30.0
2017-07-12 11:15:00,17335.0,17335.0,17335.0,17335.0,0.0,0.0,30.0
2017-07-12 11:20:00,17335.0,17335.0,17335.0,17335.0,0.0,0.0,30.0
2017-07-12 11:25:00,17335.0,17335.0,17335.0,17335.0,0.0,0.0,30.0
2017-07-12 13:30:00,17335.0,17335.0,17335.0,17335.0,0.0,0.0,30.0
2017-07-12 13:35:00,17335.0,17335.0,17335.0,17335.0,0.0,0.0,30.0
2017-07-12 13:40:00,17335.0,17335.0,17335.0,17335.0,0.0,0.0,30.0
2017-07-12 13:45:00,17335.0,17335.0,17335.0,17335.0,0.0,0.0,30.0
2017-07-12 13:50:00,17335.0,17335.0,17335.0,17335.0,0.0,0.0,30.0
2017-07-12 13:55:00,17335.0,17335.0,17335.0,17335.0,0.0,0.0,30.0
2017-07-12 14:00:00,17335.0,17335.0,17335.0,17335.0,0.0,0.0,30.0
2017-07-12 14:05:00,17335.0,17335.0,17335.0,17335.0,0.0,0.0,30.0
2017-07-12 14:10:00,17335.0,17335.0,17335.0,17335.0,0.0,0.0,30.0
2017-07-12 14:15:00,17335.0,17335.0,17335.0,17335.0,0.0,0.0,30.0
2017-07-12 14:20:00,17335.0,17335.0,17335.0,17335.0,0.0,0.0,30.0
2017-07-12 14:25:00,17335.0,17335.0,17335.0,17335.0,0.0,0.0,30.0
2017-07-12 14:30:00,17335.0,17335.0,17335.0,17335.0,0.0,0.0,30.0
2017-07-12 14:35:00,17335.0,17335.0,17335.0,17335.0,0.0,0.0,30.0
2017-07-12 14:40:00,17335.0,17335.0,17335.0,17335.0,0.0,0.0,30.0
2017-07-12 14:45:00,17335.0,17335.0,17335.0,17335.0,0.0,0.0,30.0
2017-07-12 14:50:00,17335.0,17335.0,17335.0,17335.0,0.0,0.0,30.0
2017-07-12 14:55:00,17335.0,17335.0,17335.0,17335.0,0.0,0.0,30.0
2017-07-12 21:00:00,17335.0,17335.0,17335.0,17335.0,0.0,0.0,30.0
2017-07-12 21:05:00,17335.0,17335.0,17335.0,17335.0,0.0,0.0,30.0
2017-07-12 21:10:00,17335.0,17335.0,17335.0,17335.0,0.0,0.0,30.0
2017-07-12 21:15:00,17335.0,17335.0,17335.0,17335.0,0.0,0.0,30.0
2017-07-12 21:20:00,17335.0,17335.0,17335.0,17335.0,0.0,0.0,30.0
2017-07-12 21:25:00,17335.0,17335.0,17335.0,17335.0,0.0,0.0,30.0
2017-07-12 21:30:00,17335.0,17335.0,17335.0,17335.0,0.0,0.0,30.0
2017-07-12 21:35:00,17335.0,17335.0,17335.0,17335.0,0.0,0.0,30.0
2017-07-12 21:40:00,17335.0,17335.0,17335.0,17335.0,0.0,0.0,30.0
2017-07-12 21:45:00,17335.0,17335.0,17335.0,17335.0,0.0,0.0,30.0
2017-07-12 21:50:00,17335.0,17335.0,17335.0,17335.0,0.0,0.0,30.0
2017-07-12 21:55:00,17335.0,17335.0,17335.0,17335.0,0.0,0.0,30.0
2017-07-12 22:00:00,17335.0,17335.0,17335.0,17335.0,0.0,0.0,30.0
2017-07-12 22:05:00,17335.0,17335.0,17335.0,17335.0,0.0,0.0,30.0
2017-07-12 22:10:00,17335.0,17335.0,17335.0,17335.0,0.0,0.0,30.0
2017-07-12 22:15:00,17335.0,17335.0,17335.0,17335.0,0.0,0.0,30.0
2017-07-12 22:20:00,17335.0,17335.0,17335.0,17335.0,0.0,0.0,30.0
2017-07-12 22:25:00,17335.0,17335.0,17335.0,17335.0,0.0,0.0,30.0
2017-07-12 22:30:00,17335.0,17335.0,17335.0,17335.0,0.0,0.0,30.0
2017-07-12 22:35:00,17335.0,17335.0,17335.0,17335.0,0.0,0.0,30.0
2017-07-12 22:40:00,17335.0,17335.0,17335.0,17335.0,0.0,0.0,30.0
2017-07-12 22:45:00,17335.0,17335.0,17335.0,17335.0,0.0,0.0,30.0
2017-07-12 22:50:00,17335.0,17335.0,17335.0,17335.0,0.0,0.0,30.0
2017-07-12 22:55:00,17335.0,17335.0,17335.0,17335.0,0.0,0.0,30.0
2017-07-12 23:00:00,17335.0,17335.0,17335.0,17335.0,0.0,0.0,30.0
2017-07-12 23:05:00,17335.0,17335.0,17335.0,17335.0,0.0,0.0,30.0
2017-07-12 23:10:00,17335.0,17335.0,17335.0,17335.0,0.0,0.0,30.0
2017-07-12 23:15:00,17335.0,17335.0,17335.0,17335.0,0.0,0.0,30.0
2017-07-12 23:20:00,17335.0,17335.0,17335.0,17335.0,0.0,0.0,30.0
2017-07-12 23:25:00,17335.0,17335.0,17335.0,17335.0,0.0,0.0,30.0
2017-07-12 23:30:00,17335.0,17335.0,17335.0,17335.0,0.0,0.0,30.0
2017-07-12 23:35:00,17335.0,17335.0,17335.0,17335.0,0.0,0.0,30.0
2017-07-12 23:40:00,17335.0,17335.0,17335.0,17335.0,0.0,0.0,30.0
2017-07-12 23:45:00,17335.0,17335.0,17335.0,17335.0,0.0,0.0,30.0
2017-07-12 23:50:00,17335.0,17335.0,17335.0,17335.0,0.0,0.0,30.0
2017-07-12 23:55:00,17335.0,17335.0,17335.0,17335.0,0.0,0.0,30.0
2017-07-13 00:00:00,17335.0,17335.0,17335.0,17335.0,0.0,0.0,30.0
2017-07-13 00:05:00,17335.0,17335.0,17335.0,17335.0,0.0,0.0,30.0
2017-07-13 00:10:00,17335.0,17335.0,17335.0,17335.0,0.0,0.0,30.0
2017-07-13 00:15:00,17335.0,17335.0,17335.0,17335.0,0.0,0.0,30.0
2017-07-13 00:20:00,17335.0,17335.0,17335.0,17335.0,0.0,0.0,30.0
2017-07-13 00:25:00,17335.0,17335.0,17335.0,17335.0,0.0,0.0,30.0
2017-07-13 00:30:00,17335.0,17335.0,17335.0,17335.0,0.0,0.0,30.0
2017-07-13 00:35:00,17335.0,17335.0,17335.0,17335.0,0.0,0.0,30.0
2017-07-13 00:40:00,17335.0,17335.0,17335.0,17335.0,0.0,0.0,30.0
2017-07-13 00:45:00,17335.0,17335.0,17335.0,17335.0,0.0,0.0,30.0
2017-07-13 00:50:00,17335.0,17335.0,17335.0,17335.0,0.0,0.0,30.0
2017-07-13 00:55:00,17335.0,17335.0,17335.0,17335.0,0.0,0.0,30.0
2017-07-13 09:00:00,17335.0,17335.0,17335.0,17335.0,0.0,0.0,30.0
2017-07-13 09:05:00,17335.0,17335.0,17335.0,17335.0,0.0,0.0,30.0
2017-07-13 09:10:00,17335.0,17335.0,17335.0,17335.0,0.0,0.0,30.0
2017-07-13 09:15:00,17335.0,17335.0,17335.0,17335.0,0.0,0.0,30.0
2017-07-13 09:20:00,17335.0,17335.0,17335.0,17335.0,0.0,0.0,30.0
2017-07-13 09:25:00,17335.0,17335.0,17335.0,17335.0,0.0,0.0,30.0
2017-07-13 09:30:00,17335.0,17335.0,17335.0,17335.0,0.0,0.0,30.0
2017-07-13 09:35:00,17335.0,17335.0,17335.0,17335.0,0.0,0.0,30.0
2017-07-13 09:40:00,17335.0,17335.0,17335.0,17335.0,0.0,0.0,30.0
2017-07-13 09:45:00,17335.0,17335.0,17335.0,17335.0,0.0,0.0,30.0
2017-07-13 09:50:00,17335.0,17335.0,17335.0,17335.0,0.0,0.0,30.0
2017-07-13 09:55:00,17335.0,17335.0,17335.0,17335.0,0.0,0.0,30.0
2017-07-13 10:00:00,17335.0,17335.0,17335.0,17335.0,0.0,0.0,30.0
2017-07-13 10:05:00,17335.0,17335.0,17335.0,17335.0,0.0,0.0,30.0
2017-07-13 10:10:00,17335.0,17335.0,17335.0,17335.0,0.0,0.0,30.0
2017-07-13 10:30:00,17335.0,17335.0,17335.0,17335.0,0.0,0.0,30.0
2017-07-13 10:35:00,17335.0,17335.0,17335.0,17335.0,0.0,0.0,30.0
2017-07-13 10:40:00,17335.0,17335.0,17335.0,17335.0,0.0,0.0,30.0
2017-07-13 10:45:00,17335.0,17335.0,17335.0,17335.0,0.0,0.0,30.0
2017-07-13 10:50:00,17335.0,17335.0,17335.0,17335.0,0.0,0.0,30.0
2017-07-13 10:55:00,17335.0,17335.0,17335.0,17335.0,0.0,0.0,30.0
2017-07-13 11:00:00,17335.0,17335.0,17335.0,17335.0,0.0,0.0,30.0
2017-07-13 11:05:00,17335.0,17335.0,17335.0,17335.0,0.0,0.0,30.0
2017-07-13 11:10:00,17335.0,17335.0,17335.0,17335.0,0.0,0.0,30.0
2017-07-13 11:15:00,17335.0,17335.0,17335.0,17335.0,0.0,0.0,30.0
2017-07-13 11:20:00,17335.0,17335.0,17335.0,17335.0,0.0,0.0,30.0
2017-07-13 11:25:00,17335.0,17335.0,17335.0,17335.0,0.0,0.0,30.0
2017-07-13 13:30:00,17335.0,17335.0,17335.0,17335.0,0.0,0.0,30.0
2017-07-13 13:35:00,17335.0,17335.0,17335.0,17335.0,0.0,0.0,30.0
2017-07-13 13:40:00,17335.0,17335.0,17335.0,17335.0,0.0,0.0,30.0
2017-07-13 13:45:00,17335.0,17335.0,17335.0,17335.0,0.0,0.0,30.0
2017-07-13 13:50:00,17335.0,17335.0,17335.0,17335.0,0.0,0.0,30.0
2017-07-13 13:55:00,17335.0,17335.0,17335.0,17335.0,0.0,0.0,30.0
2017-07-13 14:00:00,17335.0,17335.0,17335.0,17335.0,0.0,0.0,30.0
2017-07-13 14:05:00,17335.0,17335.0,17335.0,17335.0,0.0,0.0,30.0
2017-07-13 14:10:00,17335.0,17335.0,17335.0,17335.0,0.0,0.0,30.0
2017-07-13 14:15:00,17335.0,17335.0,17335.0,17335.0,0.0,0.0,30.0
2017-07-13 14:20:00,17335.0,17335.0,17335.0,17335.0,0.0,0.0,30.0
2017-07-13 14:25:00,17335.0,17335.0,17335.0,17335.0,0.0,0.0,30.0
2017-07-13 14:30:00,17335.0,17335.0,17335.0,17335.0,0.0,0.0,30.0
2017-07-13 14:35:00,17335.0,17335.0,17335.0,17335.0,0.0,0.0,30.0
2017-07-13 14:40:00,17335.0,17335.0,17335.0,17335.0,0.0,0.0,30.0
2017-07-13 14:45:00,17335.0,17335.0,17335.0,17335.0,0.0,0.0,30.0
2017-07-13 14:50:00,17335.0,17335.0,17335.0,17335.0,0.0,0.0,30.0
2017-07-13 14:55:00,17335.0,17335.0,17335.0,17335.0,0.0,0.0,30.0
2017-07-13 21:00:00,17290.0,17290.0,17290.0,17290.0,0.0,0.0,30.0
2017-07-13 21:05:00,17290.0,17290.0,17290.0,17290.0,0.0,0.0,30.0
2017-07-13 21:10:00,17290.0,17290.0,17290.0,17290.0,0.0,0.0,30.0
2017-07-13 21:15:00,17290.0,17290.0,17290.0,17290.0,0.0,0.0,30.0
2017-07-13 21:20:00,17290.0,17290.0,17290.0,17290.0,0.0,0.0,30.0
2017-07-13 21:25:00,17290.0,17290.0,17290.0,17290.0,0.0,0.0,30.0
2017-07-13 21:30:00,17290.0,17290.0,17290.0,17290.0,0.0,0.0,30.0
2017-07-13 21:35:00,17290.0,17290.0,17290.0,17290.0,0.0,0.0,30.0
2017-07-13 21:40:00,17290.0,17290.0,17290.0,17290.0,0.0,0.0,30.0
2017-07-13 21:45:00,17290.0,17290.0,17290.0,17290.0,0.0,0.0,30.0
2017-07-13 21:50:00,17290.0,17290.0,17290.0,17290.0,0.0,0.0,30.0
2017-07-13 21:55:00,17290.0,17290.0,17290.0,17290.0,0.0,0.0,30.0
2017-07-13 22:00:00,17290.0,17290.0,17290.0,17290.0,0.0,0.0,30.0
2017-07-13 22:05:00,17290.0,17290.0,17290.0,17290.0,0.0,0.0,30.0
2017-07-13 22:10:00,17290.0,17290.0,17290.0,17290.0,0.0,0.0,30.0
2017-07-13 22:15:00,17290.0,17290.0,17290.0,17290.0,0.0,0.0,30.0
2017-07-13 22:20:00,17290.0,17290.0,17290.0,17290.0,0.0,0.0,30.0
2017-07-13 22:25:00,17290.0,17290.0,17290.0,17290.0,0.0,0.0,30.0
2017-07-13 22:30:00,17290.0,17290.0,17290.0,17290.0,0.0,0.0,30.0
2017-07-13 22:35:00,17290.0,17290.0,17290.0,17290.0,0.0,0.0,30.0
2017-07-13 22:40:00,17290.0,17290.0,17290.0,17290.0,0.0,0.0,30.0
2017-07-13 22:45:00,17290.0,17290.0,17290.0,17290.0,0.0,0.0,30.0
2017-07-13 22:50:00,17290.0,17290.0,17290.0,17290.0,0.0,0.0,30.0
2017-07-13 22:55:00,17290.0,17290.0,17290.0,17290.0,0.0,0.0,30.0
2017-07-13 23:00:00,17290.0,17290.0,17290.0,17290.0,0.0,0.0,30.0
2017-07-13 23:05:00,17290.0,17290.0,17290.0,17290.0,0.0,0.0,30.0
2017-07-13 23:10:00,17290.0,17290.0,17290.0,17290.0,0.0,0.0,30.0
2017-07-13 23:15:00,17290.0,17290.0,17290.0,17290.0,0.0,0.0,30.0
2017-07-13 23:20:00,17290.0,17290.0,17290.0,17290.0,0.0,0.0,30.0
2017-07-13 23:25:00,17290.0,17290.0,17290.0,17290.0,0.0,0.0,30.0
2017-07-13 23:30:00,17290.0,17290.0,17290.0,17290.0,0.0,0.0,30.0
2017-07-13 23:35:00,17290.0,17290.0,17290.0,17290.0,0.0,0.0,30.0
2017-07-13 23:40:00,17290.0,17290.0,17290.0,17290.0,0.0,0.0,30.0
2017-07-13 23:45:00,17290.0,17290.0,17290.0,17290.0,0.0,0.0,30.0
2017-07-13 23:50:00,17290.0,17290.0,17290.0,17290.0,0.0,0.0,30.0
2017-07-13 23:55:00,17290.0,17290.0,17290.0,17290.0,0.0,0.0,30.0
2017-07-14 00:00:00,17290.0,17290.0,17290.0,17290.0,0.0,0.0,30.0
2017-07-14 00:05:00,17290.0,17290.0,17290.0,17290.0,0.0,0.0,30.0
2017-07-14 00:10:00,17290.0,17290.0,17290.0,17290.0,0.0,0.0,30.0
2017-07-14 00:15:00,17290.0,17290.0,17290.0,17290.0,0.0,0.0,30.0
2017-07-14 00:20:00,17290.0,17290.0,17290.0,17290.0,0.0,0.0,30.0
2017-07-14 00:25:00,17290.0,17290.0,17290.0,17290.0,0.0,0.0,30.0
2017-07-14 00:30:00,17290.0,17290.0,17290.0,17290.0,0.0,0.0,30.0
2017-07-14 00:35:00,17290.0,17290.0,17290.0,17290.0,0.0,0.0,30.0
2017-07-14 00:40:00,17290.0,17290.0,17290.0,17290.0,0.0,0.0,30.0
2017-07-14 00:45:00,17290.0,17290.0,17290.0,17290.0,0.0,0.0,30.0
2017-07-14 00:50:00,17290.0,17290.0,17290.0,17290.0,0.0,0.0,30.0
2017-07-14 00:55:00,17290.0,17290.0,17290.0,17290.0,0.0,0.0,30.0
2017-07-14 09:00:00,17290.0,17290.0,17290.0,17290.0,0.0,0.0,30.0
2017-07-14 09:05:00,17290.0,17290.0,17290.0,17290.0,0.0,0.0,30.0
2017-07-14 09:10:00,17290.0,17290.0,17290.0,17290.0,0.0,0.0,30.0
2017-07-14 09:15:00,17290.0,17290.0,17290.0,17290.0,0.0,0.0,30.0
2017-07-14 09:20:00,17290.0,17290.0,17290.0,17290.0,0.0,0.0,30.0
2017-07-14 09:25:00,17290.0,17290.0,17185.0,17185.0,2.0,171850.0,30.0
2017-07-14 09:30:00,17185.0,17185.0,17185.0,17185.0,0.0,0.0,30.0
2017-07-14 09:35:00,17185.0,17185.0,17185.0,17185.0,0.0,0.0,30.0
2017-07-14 09:40:00,17185.0,17185.0,17185.0,17185.0,0.0,0.0,30.0
2017-07-14 09:45:00,17185.0,17185.0,17185.0,17185.0,0.0,0.0,30.0
2017-07-14 09:50:00,17185.0,17185.0,17185.0,17185.0,0.0,0.0,30.0
2017-07-14 09:55:00,17185.0,17185.0,17185.0,17185.0,0.0,0.0,30.0
2017-07-14 10:00:00,17185.0,17185.0,17185.0,17185.0,0.0,0.0,30.0
2017-07-14 10:05:00,17185.0,17185.0,17185.0,17185.0,0.0,0.0,30.0
2017-07-14 10:10:00,17185.0,17185.0,17185.0,17185.0,0.0,0.0,30.0
2017-07-14 10:30:00,17185.0,17185.0,17185.0,17185.0,0.0,0.0,30.0
2017-07-14 10:35:00,17185.0,17185.0,17185.0,17185.0,0.0,0.0,30.0
2017-07-14 10:40:00,17185.0,17185.0,17185.0,17185.0,0.0,0.0,30.0
2017-07-14 10:45:00,17185.0,17185.0,17185.0,17185.0,0.0,0.0,30.0
2017-07-14 10:50:00,17185.0,17185.0,17185.0,17185.0,0.0,0.0,30.0
2017-07-14 10:55:00,17170.0,17170.0,17170.0,17170.0,2.0,171700.0,32.0
2017-07-14 11:00:00,17170.0,17170.0,17170.0,17170.0,0.0,0.0,32.0
2017-07-14 11:05:00,17170.0,17170.0,17170.0,17170.0,0.0,0.0,32.0
2017-07-14 11:10:00,17170.0,17170.0,17170.0,17170.0,0.0,0.0,32.0
2017-07-14 11:15:00,17170.0,17170.0,17170.0,17170.0,0.0,0.0,32.0
2017-07-14 11:20:00,17170.0,17170.0,17170.0,17170.0,0.0,0.0,32.0
2017-07-14 11:25:00,17170.0,17170.0,17170.0,17170.0,0.0,0.0,32.0
2017-07-14 13:30:00,17170.0,17170.0,17170.0,17170.0,0.0,0.0,32.0
2017-07-14 13:35:00,17170.0,17170.0,17170.0,17170.0,0.0,0.0,32.0
2017-07-14 13:40:00,17170.0,17170.0,17170.0,17170.0,0.0,0.0,32.0
2017-07-14 13:45:00,17170.0,17170.0,17170.0,17170.0,0.0,0.0,32.0
2017-07-14 13:50:00,17170.0,17170.0,17170.0,17170.0,0.0,0.0,32.0
2017-07-14 13:55:00,17170.0,17170.0,17170.0,17170.0,0.0,0.0,32.0
2017-07-14 14:00:00,17170.0,17170.0,17170.0,17170.0,0.0,0.0,32.0
2017-07-14 14:05:00,17170.0,17170.0,17170.0,17170.0,0.0,0.0,32.0
2017-07-14 14:10:00,17170.0,17170.0,17170.0,17170.0,0.0,0.0,32.0
2017-07-14 14:15:00,17170.0,17170.0,17170.0,17170.0,0.0,0.0,32.0
2017-07-14 14:20:00,17170.0,17170.0,17170.0,17170.0,0.0,0.0,32.0
2017-07-14 14:25:00,17170.0,17170.0,17170.0,17170.0,0.0,0.0,32.0
2017-07-14 14:30:00,17170.0,17170.0,17170.0,17170.0,0.0,0.0,32.0
2017-07-14 14:35:00,17170.0,17170.0,17170.0,17170.0,0.0,0.0,32.0
2017-07-14 14:40:00,17170.0,17170.0,17170.0,17170.0,0.0,0.0,32.0
2017-07-14 14:45:00,17170.0,17170.0,17170.0,17170.0,0.0,0.0,32.0
2017-07-14 14:50:00,17170.0,17170.0,17170.0,17170.0,0.0,0.0,32.0
2017-07-14 14:55:00,17170.0,17210.0,17170.0,17210.0,2.0,172100.0,32.0
2017-07-14 21:00:00,17185.0,17185.0,17185.0,17185.0,0.0,0.0,32.0
2017-07-14 21:05:00,17185.0,17185.0,17185.0,17185.0,0.0,0.0,32.0
2017-07-14 21:10:00,17185.0,17185.0,17185.0,17185.0,0.0,0.0,32.0
2017-07-14 21:15:00,17185.0,17185.0,17185.0,17185.0,0.0,0.0,32.0
2017-07-14 21:20:00,17185.0,17185.0,17185.0,17185.0,0.0,0.0,32.0
2017-07-14 21:25:00,17185.0,17185.0,17185.0,17185.0,0.0,0.0,32.0
2017-07-14 21:30:00,17185.0,17185.0,17185.0,17185.0,0.0,0.0,32.0
2017-07-14 21:35:00,17185.0,17335.0,17185.0,17335.0,2.0,173350.0,32.0
2017-07-14 21:40:00,17335.0,17335.0,17335.0,17335.0,0.0,0.0,32.0
2017-07-14 21:45:00,17335.0,17335.0,17335.0,17335.0,0.0,0.0,32.0
2017-07-14 21:50:00,17335.0,17335.0,17335.0,17335.0,0.0,0.0,32.0
2017-07-14 21:55:00,17335.0,17335.0,17335.0,17335.0,0.0,0.0,32.0
2017-07-14 22:00:00,17335.0,17340.0,17335.0,17340.0,4.0,346750.0,30.0
2017-07-14 22:05:00,17340.0,17340.0,17340.0,17340.0,0.0,0.0,30.0
2017-07-14 22:10:00,17340.0,17340.0,17340.0,17340.0,0.0,0.0,30.0
2017-07-14 22:15:00,17340.0,17340.0,17340.0,17340.0,0.0,0.0,30.0
2017-07-14 22:20:00,17340.0,17340.0,17340.0,17340.0,0.0,0.0,30.0
2017-07-14 22:25:00,17340.0,17340.0,17340.0,17340.0,0.0,0.0,30.0
2017-07-14 22:30:00,17340.0,17340.0,17340.0,17340.0,0.0,0.0,30.0
2017-07-14 22:35:00,17340.0,17340.0,17340.0,17340.0,0.0,0.0,30.0
2017-07-14 22:40:00,17340.0,17340.0,17340.0,17340.0,0.0,0.0,30.0
2017-07-14 22:45:00,17340.0,17340.0,17340.0,17340.0,0.0,0.0,30.0
2017-07-14 22:50:00,17340.0,17340.0,17340.0,17340.0,0.0,0.0,30.0
2017-07-14 22:55:00,17340.0,17340.0,17340.0,17340.0,0.0,0.0,30.0
2017-07-14 23:00:00,17340.0,17340.0,17340.0,17340.0,0.0,0.0,30.0
2017-07-14 23:05:00,17340.0,17340.0,17340.0,17340.0,0.0,0.0,30.0
2017-07-14 23:10:00,17340.0,17340.0,17340.0,17340.0,0.0,0.0,30.0
2017-07-14 23:15:00,17340.0,17340.0,17340.0,17340.0,0.0,0.0,30.0
2017-07-14 23:20:00,17340.0,17340.0,17340.0,17340.0,0.0,0.0,30.0
2017-07-14 23:25:00,17340.0,17340.0,17340.0,17340.0,0.0,0.0,30.0
2017-07-14 23:30:00,17340.0,17340.0,17340.0,17340.0,0.0,0.0,30.0
2017-07-14 23:35:00,17340.0,17340.0,17340.0,17340.0,0.0,0.0,30.0
2017-07-14 23:40:00,17340.0,17340.0,17340.0,17340.0,0.0,0.0,30.0
2017-07-14 23:45:00,17340.0,17340.0,17340.0,17340.0,0.0,0.0,30.0
2017-07-14 23:50:00,17340.0,17340.0,17340.0,17340.0,0.0,0.0,30.0
2017-07-14 23:55:00,17340.0,17340.0,17340.0,17340.0,0.0,0.0,30.0
2017-07-15 00:00:00,17340.0,17340.0,17340.0,17340.0,0.0,0.0,30.0
2017-07-15 00:05:00,17340.0,17340.0,17340.0,17340.0,0.0,0.0,30.0
2017-07-15 00:10:00,17340.0,17340.0,17340.0,17340.0,0.0,0.0,30.0
2017-07-15 00:15:00,17340.0,17340.0,17340.0,17340.0,0.0,0.0,30.0
2017-07-15 00:20:00,17340.0,17340.0,17340.0,17340.0,0.0,0.0,30.0
2017-07-15 00:25:00,17340.0,17340.0,17340.0,17340.0,0.0,0.0,30.0
2017-07-15 00:30:00,17340.0,17340.0,17340.0,17340.0,0.0,0.0,30.0
2017-07-15 00:35:00,17340.0,17340.0,17340.0,17340.0,0.0,0.0,30.0
2017-07-15 00:40:00,17340.0,17340.0,17340.0,17340.0,0.0,0.0,30.0
2017-07-15 00:45:00,17340.0,17340.0,17340.0,17340.0,0.0,0.0,30.0
2017-07-15 00:50:00,17340.0,17340.0,17340.0,17340.0,0.0,0.0,30.0
2017-07-15 00:55:00,17340.0,17340.0,17340.0,17340.0,0.0,0.0,30.0
2017-07-17 09:00:00,17340.0,17340.0,17340.0,17340.0,0.0,0.0,30.0
2017-07-17 09:05:00,17340.0,17340.0,17340.0,17340.0,0.0,0.0,30.0
2017-07-17 09:10:00,17340.0,17340.0,17340.0,17340.0,0.0,0.0,30.0
2017-07-17 09:15:00,17340.0,17340.0,17340.0,17340.0,0.0,0.0,30.0
2017-07-17 09:20:00,17340.0,17340.0,17340.0,17340.0,0.0,0.0,30.0
2017-07-17 09:25:00,17340.0,17340.0,17340.0,17340.0,0.0,0.0,30.0
2017-07-17 09:30:00,17340.0,17340.0,17340.0,17340.0,0.0,0.0,30.0
2017-07-17 09:35:00,17340.0,17340.0,17340.0,17340.0,0.0,0.0,30.0
2017-07-17 09:40:00,17340.0,17340.0,17340.0,17340.0,0.0,0.0,30.0
2017-07-17 09:45:00,17340.0,17340.0,17340.0,17340.0,0.0,0.0,30.0
2017-07-17 09:50:00,17340.0,17340.0,17340.0,17340.0,0.0,0.0,30.0
2017-07-17 09:55:00,17340.0,17340.0,17340.0,17340.0,0.0,0.0,30.0
2017-07-17 10:00:00,17340.0,17340.0,17340.0,17340.0,0.0,0.0,30.0
2017-07-17 10:05:00,17340.0,17340.0,17340.0,17340.0,0.0,0.0,30.0
2017-07-17 10:10:00,17340.0,17340.0,17340.0,17340.0,0.0,0.0,30.0
2017-07-17 10:30:00,17340.0,17340.0,17340.0,17340.0,0.0,0.0,30.0
2017-07-17 10:35:00,17340.0,17340.0,17340.0,17340.0,0.0,0.0,30.0
2017-07-17 10:40:00,17340.0,17340.0,17340.0,17340.0,0.0,0.0,30.0
2017-07-17 10:45:00,17340.0,17340.0,17340.0,17340.0,0.0,0.0,30.0
2017-07-17 10:50:00,17340.0,17340.0,17340.0,17340.0,0.0,0.0,30.0
2017-07-17 10:55:00,17340.0,17340.0,17340.0,17340.0,0.0,0.0,30.0
2017-07-17 11:00:00,17340.0,17340.0,17340.0,17340.0,0.0,0.0,30.0
2017-07-17 11:05:00,17340.0,17340.0,17340.0,17340.0,0.0,0.0,30.0
2017-07-17 11:10:00,17340.0,17340.0,17340.0,17340.0,0.0,0.0,30.0
2017-07-17 11:15:00,17340.0,17340.0,17340.0,17340.0,0.0,0.0,30.0
2017-07-17 11:20:00,17340.0,17340.0,17340.0,17340.0,0.0,0.0,30.0
2017-07-17 11:25:00,17340.0,17340.0,17340.0,17340.0,0.0,0.0,30.0
2017-07-17 13:30:00,17340.0,17340.0,17340.0,17340.0,0.0,0.0,30.0
2017-07-17 13:35:00,17340.0,17340.0,17340.0,17340.0,0.0,0.0,30.0
2017-07-17 13:40:00,17340.0,17340.0,17340.0,17340.0,0.0,0.0,30.0
2017-07-17 13:45:00,17340.0,17340.0,17340.0,17340.0,0.0,0.0,30.0
2017-07-17 13:50:00,17340.0,17340.0,17340.0,17340.0,0.0,0.0,30.0
2017-07-17 13:55:00,17340.0,17340.0,17340.0,17340.0,0.0,0.0,30.0
2017-07-17 14:00:00,17340.0,17340.0,17340.0,17340.0,0.0,0.0,30.0
2017-07-17 14:05:00,17340.0,17340.0,17340.0,17340.0,0.0,0.0,30.0
2017-07-17 14:10:00,17340.0,17340.0,17340.0,17340.0,0.0,0.0,30.0
2017-07-17 14:15:00,17340.0,17340.0,17340.0,17340.0,0.0,0.0,30.0
2017-07-17 14:20:00,17340.0,17340.0,17340.0,17340.0,0.0,0.0,30.0
2017-07-17 14:25:00,17340.0,17340.0,17340.0,17340.0,0.0,0.0,30.0
2017-07-17 14:30:00,17340.0,17340.0,17340.0,17340.0,0.0,0.0,30.0
2017-07-17 14:35:00,17340.0,17340.0,17340.0,17340.0,0.0,0.0,30.0
2017-07-17 14:40:00,17340.0,17340.0,17340.0,17340.0,0.0,0.0,30.0
2017-07-17 14:45:00,17340.0,17340.0,17340.0,17340.0,0.0,0.0,30.0
2017-07-17 14:50:00,17340.0,17340.0,17340.0,17340.0,0.0,0.0,30.0
2017-07-17 14:55:00,17340.0,17340.0,17340.0,17340.0,0.0,0.0,30.0
2017-07-17 21:00:00,17335.0,17335.0,17335.0,17335.0,0.0,0.0,30.0
2017-07-17 21:05:00,17335.0,17335.0,17335.0,17335.0,0.0,0.0,30.0
2017-07-17 21:10:00,17335.0,17335.0,17335.0,17335.0,0.0,0.0,30.0
2017-07-17 21:15:00,17335.0,17335.0,17335.0,17335.0,0.0,0.0,30.0
2017-07-17 21:20:00,17335.0,17335.0,17335.0,17335.0,0.0,0.0,30.0
2017-07-17 21:25:00,17335.0,17335.0,17335.0,17335.0,0.0,0.0,30.0
2017-07-17 21:30:00,17335.0,17335.0,17335.0,17335.0,0.0,0.0,30.0
2017-07-17 21:35:00,17335.0,17335.0,17335.0,17335.0,0.0,0.0,30.0
2017-07-17 21:40:00,17335.0,17335.0,17335.0,17335.0,0.0,0.0,30.0
2017-07-17 21:45:00,17335.0,17335.0,17335.0,17335.0,0.0,0.0,30.0
2017-07-17 21:50:00,17335.0,17335.0,17335.0,17335.0,0.0,0.0,30.0
2017-07-17 21:55:00,17335.0,17335.0,17335.0,17335.0,0.0,0.0,30.0
2017-07-17 22:00:00,17335.0,17335.0,17335.0,17335.0,0.0,0.0,30.0
2017-07-17 22:05:00,17335.0,17335.0,17335.0,17335.0,0.0,0.0,30.0
2017-07-17 22:10:00,17335.0,17335.0,17335.0,17335.0,0.0,0.0,30.0
2017-07-17 22:15:00,17335.0,17335.0,17335.0,17335.0,0.0,0.0,30.0
2017-07-17 22:20:00,17335.0,17335.0,17335.0,17335.0,0.0,0.0,30.0
2017-07-17 22:25:00,17335.0,17335.0,17335.0,17335.0,0.0,0.0,30.0
2017-07-17 22:30:00,17335.0,17335.0,17335.0,17335.0,0.0,0.0,30.0
2017-07-17 22:35:00,17540.0,17540.0,17540.0,17540.0,2.0,175400.0,30.0
2017-07-17 22:40:00,17540.0,17540.0,17540.0,17540.0,0.0,0.0,30.0
2017-07-17 22:45:00,17540.0,17540.0,17540.0,17540.0,0.0,0.0,30.0
2017-07-17 22:50:00,17540.0,17540.0,17540.0,17540.0,0.0,0.0,30.0
2017-07-17 22:55:00,17540.0,17540.0,17540.0,17540.0,0.0,0.0,30.0
2017-07-17 23:00:00,17540.0,17540.0,17540.0,17540.0,0.0,0.0,30.0
2017-07-17 23:05:00,17540.0,17540.0,17540.0,17540.0,0.0,0.0,30.0
2017-07-17 23:10:00,17540.0,17540.0,17540.0,17540.0,0.0,0.0,30.0
2017-07-17 23:15:00,17540.0,17540.0,17540.0,17540.0,0.0,0.0,30.0
2017-07-17 23:20:00,17540.0,17540.0,17540.0,17540.0,0.0,0.0,30.0
2017-07-17 23:25:00,17540.0,17540.0,17540.0,17540.0,0.0,0.0,30.0
2017-07-17 23:30:00,17540.0,17540.0,17540.0,17540.0,0.0,0.0,30.0
2017-07-17 23:35:00,17540.0,17540.0,17540.0,17540.0,0.0,0.0,30.0
2017-07-17 23:40:00,17540.0,17540.0,17540.0,17540.0,0.0,0.0,30.0
2017-07-17 23:45:00,17540.0,17540.0,17540.0,17540.0,0.0,0.0,30.0
2017-07-17 23:50:00,17540.0,17540.0,17540.0,17540.0,0.0,0.0,30.0
2017-07-17 23:55:00,17540.0,17540.0,17540.0,17540.0,0.0,0.0,30.0
2017-07-18 00:00:00,17540.0,17540.0,17405.0,17405.0,2.0,174050.0,32.0
2017-07-18 00:05:00,17405.0,17405.0,17405.0,17405.0,0.0,0.0,32.0
2017-07-18 00:10:00,17405.0,17405.0,17405.0,17405.0,0.0,0.0,32.0
2017-07-18 00:15:00,17405.0,17405.0,17405.0,17405.0,0.0,0.0,32.0
2017-07-18 00:20:00,17405.0,17405.0,17405.0,17405.0,0.0,0.0,32.0
2017-07-18 00:25:00,17405.0,17405.0,17405.0,17405.0,0.0,0.0,32.0
2017-07-18 00:30:00,17405.0,17405.0,17405.0,17405.0,0.0,0.0,32.0
2017-07-18 00:35:00,17405.0,17405.0,17405.0,17405.0,0.0,0.0,32.0
2017-07-18 00:40:00,17405.0,17405.0,17405.0,17405.0,0.0,0.0,32.0
2017-07-18 00:45:00,17405.0,17405.0,17405.0,17405.0,0.0,0.0,32.0
2017-07-18 00:50:00,17405.0,17405.0,17405.0,17405.0,0.0,0.0,32.0
2017-07-18 00:55:00,17405.0,17405.0,17405.0,17405.0,0.0,0.0,32.0
2017-07-18 09:00:00,17405.0,17405.0,17405.0,17405.0,0.0,0.0,32.0
2017-07-18 09:05:00,17405.0,17405.0,17405.0,17405.0,0.0,0.0,32.0
2017-07-18 09:10:00,17405.0,17405.0,17405.0,17405.0,0.0,0.0,32.0
2017-07-18 09:15:00,17405.0,17405.0,17405.0,17405.0,0.0,0.0,32.0
2017-07-18 09:20:00,17405.0,17405.0,17405.0,17405.0,0.0,0.0,32.0
2017-07-18 09:25:00,17405.0,17405.0,17405.0,17405.0,0.0,0.0,32.0
2017-07-18 09:30:00,17405.0,17405.0,17405.0,17405.0,0.0,0.0,32.0
2017-07-18 09:35:00,17405.0,17405.0,17405.0,17405.0,0.0,0.0,32.0
2017-07-18 09:40:00,17405.0,17405.0,17405.0,17405.0,0.0,0.0,32.0
2017-07-18 09:45:00,17405.0,17405.0,17405.0,17405.0,0.0,0.0,32.0
2017-07-18 09:50:00,17405.0,17405.0,17405.0,17405.0,0.0,0.0,32.0
2017-07-18 09:55:00,17405.0,17405.0,17405.0,17405.0,0.0,0.0,32.0
2017-07-18 10:00:00,17405.0,17405.0,17405.0,17405.0,0.0,0.0,32.0
2017-07-18 10:05:00,17405.0,17405.0,17405.0,17405.0,0.0,0.0,32.0
2017-07-18 10:10:00,17405.0,17405.0,17405.0,17405.0,0.0,0.0,32.0
2017-07-18 10:30:00,17405.0,17405.0,17405.0,17405.0,0.0,0.0,32.0
2017-07-18 10:35:00,17405.0,17405.0,17405.0,17405.0,0.0,0.0,32.0
2017-07-18 10:40:00,17405.0,17405.0,17405.0,17405.0,0.0,0.0,32.0
2017-07-18 10:45:00,17405.0,17405.0,17405.0,17405.0,0.0,0.0,32.0
2017-07-18 10:50:00,17405.0,17405.0,17405.0,17405.0,0.0,0.0,32.0
2017-07-18 10:55:00,17405.0,17405.0,17405.0,17405.0,0.0,0.0,32.0
2017-07-18 11:00:00,17405.0,17405.0,17405.0,17405.0,0.0,0.0,32.0
2017-07-18 11:05:00,17405.0,17405.0,17405.0,17405.0,0.0,0.0,32.0
2017-07-18 11:10:00,17405.0,17405.0,17405.0,17405.0,0.0,0.0,32.0
2017-07-18 11:15:00,17405.0,17405.0,17405.0,17405.0,0.0,0.0,32.0
2017-07-18 11:20:00,17405.0,17405.0,17405.0,17405.0,0.0,0.0,32.0
2017-07-18 11:25:00,17405.0,17405.0,17405.0,17405.0,0.0,0.0,32.0
2017-07-18 13:30:00,17405.0,17405.0,17405.0,17405.0,0.0,0.0,32.0
2017-07-18 13:35:00,17405.0,17405.0,17405.0,17405.0,0.0,0.0,32.0
2017-07-18 13:40:00,17405.0,17405.0,17405.0,17405.0,0.0,0.0,32.0
2017-07-18 13:45:00,17405.0,17405.0,17405.0,17405.0,0.0,0.0,32.0
2017-07-18 13:50:00,17405.0,17405.0,17405.0,17405.0,0.0,0.0,32.0
2017-07-18 13:55:00,17405.0,17405.0,17405.0,17405.0,0.0,0.0,32.0
2017-07-18 14:00:00,17405.0,17405.0,17405.0,17405.0,0.0,0.0,32.0
2017-07-18 14:05:00,17405.0,17405.0,17405.0,17405.0,0.0,0.0,32.0
2017-07-18 14:10:00,17405.0,17405.0,17405.0,17405.0,0.0,0.0,32.0
2017-07-18 14:15:00,17405.0,17405.0,17405.0,17405.0,0.0,0.0,32.0
2017-07-18 14:20:00,17405.0,17405.0,17405.0,17405.0,0.0,0.0,32.0
2017-07-18 14:25:00,17405.0,17405.0,17405.0,17405.0,0.0,0.0,32.0
2017-07-18 14:30:00,17405.0,17405.0,17405.0,17405.0,0.0,0.0,32.0
2017-07-18 14:35:00,17405.0,17405.0,17405.0,17405.0,0.0,0.0,32.0
2017-07-18 14:40:00,17405.0,17405.0,17405.0,17405.0,0.0,0.0,32.0
2017-07-18 14:45:00,17405.0,17405.0,17405.0,17405.0,0.0,0.0,32.0
2017-07-18 14:50:00,17405.0,17405.0,17405.0,17405.0,0.0,0.0,32.0
2017-07-18 14:55:00,17405.0,17405.0,17405.0,17405.0,0.0,0.0,32.0
2017-07-18 21:00:00,17470.0,17470.0,17470.0,17470.0,0.0,0.0,32.0
2017-07-18 21:05:00,17470.0,17470.0,17470.0,17470.0,0.0,0.0,32.0
2017-07-18 21:10:00,17470.0,17470.0,17470.0,17470.0,0.0,0.0,32.0
2017-07-18 21:15:00,17470.0,17470.0,17470.0,17470.0,0.0,0.0,32.0
2017-07-18 21:20:00,17470.0,17470.0,17470.0,17470.0,0.0,0.0,32.0
2017-07-18 21:25:00,17470.0,17470.0,17470.0,17470.0,0.0,0.0,32.0
2017-07-18 21:30:00,17470.0,17470.0,17470.0,17470.0,0.0,0.0,32.0
2017-07-18 21:35:00,17470.0,17470.0,17470.0,17470.0,0.0,0.0,32.0
2017-07-18 21:40:00,17470.0,17470.0,17470.0,17470.0,0.0,0.0,32.0
2017-07-18 21:45:00,17470.0,17470.0,17295.0,17295.0,2.0,172950.0,30.0
2017-07-18 21:50:00,17295.0,17295.0,17295.0,17295.0,0.0,0.0,30.0
2017-07-18 21:55:00,17295.0,17295.0,17295.0,17295.0,2.0,172950.0,32.0
2017-07-18 22:00:00,17295.0,17295.0,17295.0,17295.0,0.0,0.0,32.0
2017-07-18 22:05:00,17295.0,17295.0,17295.0,17295.0,0.0,0.0,32.0
2017-07-18 22:10:00,17295.0,17295.0,17295.0,17295.0,0.0,0.0,32.0
2017-07-18 22:15:00,17295.0,17295.0,17295.0,17295.0,0.0,0.0,32.0
2017-07-18 22:20:00,17295.0,17295.0,17295.0,17295.0,0.0,0.0,32.0
2017-07-18 22:25:00,17295.0,17295.0,17295.0,17295.0,0.0,0.0,32.0
2017-07-18 22:30:00,17295.0,17295.0,17295.0,17295.0,0.0,0.0,32.0
2017-07-18 22:35:00,17295.0,17345.0,17295.0,17345.0,2.0,173450.0,32.0
2017-07-18 22:40:00,17345.0,17345.0,17345.0,17345.0,0.0,0.0,32.0
2017-07-18 22:45:00,17345.0,17345.0,17345.0,17345.0,0.0,0.0,32.0
2017-07-18 22:50:00,17345.0,17360.0,17345.0,17360.0,2.0,173600.0,32.0
2017-07-18 22:55:00,17360.0,17360.0,17360.0,17360.0,0.0,0.0,32.0
2017-07-18 23:00:00,17360.0,17360.0,17360.0,17360.0,0.0,0.0,32.0
2017-07-18 23:05:00,17360.0,17360.0,17360.0,17360.0,0.0,0.0,32.0
2017-07-18 23:10:00,17360.0,17360.0,17360.0,17360.0,0.0,0.0,32.0
2017-07-18 23:15:00,17360.0,17360.0,17360.0,17360.0,0.0,0.0,32.0
2017-07-18 23:20:00,17360.0,17360.0,17360.0,17360.0,0.0,0.0,32.0
2017-07-18 23:25:00,17360.0,17395.0,17360.0,17395.0,6.0,521850.0,38.0
2017-07-18 23:30:00,17395.0,17395.0,17395.0,17395.0,0.0,0.0,38.0
2017-07-18 23:35:00,17395.0,17395.0,17395.0,17395.0,0.0,0.0,38.0
2017-07-18 23:40:00,17395.0,17395.0,17395.0,17395.0,0.0,0.0,38.0
2017-07-18 23:45:00,17395.0,17395.0,17395.0,17395.0,0.0,0.0,38.0
2017-07-18 23:50:00,17395.0,17395.0,17395.0,17395.0,0.0,0.0,38.0
2017-07-18 23:55:00,17395.0,17395.0,17395.0,17395.0,0.0,0.0,38.0
2017-07-19 00:00:00,17395.0,17395.0,17395.0,17395.0,0.0,0.0,38.0
2017-07-19 00:05:00,17395.0,17395.0,17395.0,17395.0,0.0,0.0,38.0
2017-07-19 00:10:00,17395.0,17395.0,17395.0,17395.0,0.0,0.0,38.0
2017-07-19 00:15:00,17395.0,17395.0,17395.0,17395.0,0.0,0.0,38.0
2017-07-19 00:20:00,17395.0,17395.0,17395.0,17395.0,0.0,0.0,38.0
2017-07-19 00:25:00,17395.0,17395.0,17395.0,17395.0,0.0,0.0,38.0
2017-07-19 00:30:00,17395.0,17395.0,17395.0,17395.0,0.0,0.0,38.0
2017-07-19 00:35:00,17395.0,17395.0,17395.0,17395.0,0.0,0.0,38.0
2017-07-19 00:40:00,17395.0,17395.0,17395.0,17395.0,0.0,0.0,38.0
2017-07-19 00:45:00,17395.0,17395.0,17395.0,17395.0,0.0,0.0,38.0
2017-07-19 00:50:00,17395.0,17395.0,17395.0,17395.0,0.0,0.0,38.0
2017-07-19 00:55:00,17395.0,17395.0,17395.0,17395.0,0.0,0.0,38.0
2017-07-19 09:00:00,17395.0,17395.0,17395.0,17395.0,0.0,0.0,38.0
2017-07-19 09:05:00,17395.0,17395.0,17395.0,17395.0,0.0,0.0,38.0
2017-07-19 09:10:00,17395.0,17395.0,17395.0,17395.0,0.0,0.0,38.0
2017-07-19 09:15:00,17395.0,17395.0,17395.0,17395.0,0.0,0.0,38.0
2017-07-19 09:20:00,17395.0,17395.0,17395.0,17395.0,0.0,0.0,38.0
2017-07-19 09:25:00,17395.0,17395.0,17395.0,17395.0,0.0,0.0,38.0
2017-07-19 09:30:00,17395.0,17395.0,17395.0,17395.0,0.0,0.0,38.0
2017-07-19 09:35:00,17395.0,17395.0,17395.0,17395.0,0.0,0.0,38.0
2017-07-19 09:40:00,17395.0,17395.0,17395.0,17395.0,0.0,0.0,38.0
2017-07-19 09:45:00,17395.0,17395.0,17395.0,17395.0,0.0,0.0,38.0
2017-07-19 09:50:00,17395.0,17395.0,17395.0,17395.0,0.0,0.0,38.0
2017-07-19 09:55:00,17395.0,17395.0,17395.0,17395.0,0.0,0.0,38.0
2017-07-19 10:00:00,17395.0,17395.0,17395.0,17395.0,0.0,0.0,38.0
2017-07-19 10:05:00,17395.0,17395.0,17395.0,17395.0,0.0,0.0,38.0
2017-07-19 10:10:00,17395.0,17395.0,17395.0,17395.0,0.0,0.0,38.0
2017-07-19 10:30:00,17395.0,17395.0,17395.0,17395.0,0.0,0.0,38.0
2017-07-19 10:35:00,17395.0,17395.0,17395.0,17395.0,0.0,0.0,38.0
2017-07-19 10:40:00,17395.0,17395.0,17295.0,17295.0,2.0,172950.0,40.0
2017-07-19 10:45:00,17295.0,17295.0,17295.0,17295.0,0.0,0.0,40.0
2017-07-19 10:50:00,17295.0,17295.0,17295.0,17295.0,0.0,0.0,40.0
2017-07-19 10:55:00,17295.0,17295.0,17295.0,17295.0,0.0,0.0,40.0
2017-07-19 11:00:00,17295.0,17295.0,17295.0,17295.0,0.0,0.0,40.0
2017-07-19 11:05:00,17295.0,17295.0,17295.0,17295.0,0.0,0.0,40.0
2017-07-19 11:10:00,17295.0,17295.0,17295.0,17295.0,0.0,0.0,40.0
2017-07-19 11:15:00,17295.0,17295.0,17295.0,17295.0,0.0,0.0,40.0
2017-07-19 11:20:00,17295.0,17295.0,17295.0,17295.0,0.0,0.0,40.0
2017-07-19 11:25:00,17295.0,17295.0,17295.0,17295.0,0.0,0.0,40.0
2017-07-19 13:30:00,17295.0,17295.0,17295.0,17295.0,0.0,0.0,40.0
2017-07-19 13:35:00,17295.0,17295.0,17295.0,17295.0,0.0,0.0,40.0
2017-07-19 13:40:00,17295.0,17295.0,17295.0,17295.0,0.0,0.0,40.0
2017-07-19 13:45:00,17295.0,17295.0,17295.0,17295.0,0.0,0.0,40.0
2017-07-19 13:50:00,17295.0,17295.0,17295.0,17295.0,0.0,0.0,40.0
2017-07-19 13:55:00,17295.0,17295.0,17295.0,17295.0,0.0,0.0,40.0
2017-07-19 14:00:00,17295.0,17295.0,17295.0,17295.0,0.0,0.0,40.0
2017-07-19 14:05:00,17295.0,17295.0,17295.0,17295.0,0.0,0.0,40.0
2017-07-19 14:10:00,17295.0,17295.0,17295.0,17295.0,0.0,0.0,40.0
2017-07-19 14:15:00,17295.0,17295.0,17295.0,17295.0,0.0,0.0,40.0
2017-07-19 14:20:00,17295.0,17295.0,17295.0,17295.0,0.0,0.0,40.0
2017-07-19 14:25:00,17295.0,17295.0,17295.0,17295.0,0.0,0.0,40.0
2017-07-19 14:30:00,17295.0,17295.0,17295.0,17295.0,0.0,0.0,40.0
2017-07-19 14:35:00,17295.0,17295.0,17295.0,17295.0,0.0,0.0,40.0
2017-07-19 14:40:00,17295.0,17295.0,17295.0,17295.0,0.0,0.0,40.0
2017-07-19 14:45:00,17295.0,17295.0,17295.0,17295.0,0.0,0.0,40.0
2017-07-19 14:50:00,17295.0,17295.0,17295.0,17295.0,0.0,0.0,40.0
2017-07-19 14:55:00,17295.0,17295.0,17295.0,17295.0,0.0,0.0,40.0
2017-07-19 21:00:00,17345.0,17345.0,17250.0,17250.0,2.0,172500.0,42.0
2017-07-19 21:05:00,17250.0,17250.0,17250.0,17250.0,0.0,0.0,42.0
2017-07-19 21:10:00,17250.0,17250.0,17250.0,17250.0,0.0,0.0,42.0
2017-07-19 21:15:00,17250.0,17250.0,17250.0,17250.0,0.0,0.0,42.0
2017-07-19 21:20:00,17250.0,17250.0,17250.0,17250.0,0.0,0.0,42.0
2017-07-19 21:25:00,17250.0,17250.0,17250.0,17250.0,0.0,0.0,42.0
2017-07-19 21:30:00,17250.0,17250.0,17250.0,17250.0,0.0,0.0,42.0
2017-07-19 21:35:00,17250.0,17250.0,17250.0,17250.0,0.0,0.0,42.0
2017-07-19 21:40:00,17250.0,17250.0,17250.0,17250.0,0.0,0.0,42.0
2017-07-19 21:45:00,17250.0,17250.0,17250.0,17250.0,0.0,0.0,42.0
2017-07-19 21:50:00,17250.0,17250.0,17250.0,17250.0,0.0,0.0,42.0
2017-07-19 21:55:00,17250.0,17250.0,17250.0,17250.0,0.0,0.0,42.0
2017-07-19 22:00:00,17250.0,17250.0,17250.0,17250.0,0.0,0.0,42.0
2017-07-19 22:05:00,17250.0,17250.0,17250.0,17250.0,0.0,0.0,42.0
2017-07-19 22:10:00,17250.0,17250.0,17250.0,17250.0,0.0,0.0,42.0
2017-07-19 22:15:00,17250.0,17250.0,17250.0,17250.0,0.0,0.0,42.0
2017-07-19 22:20:00,17250.0,17250.0,17250.0,17250.0,0.0,0.0,42.0
2017-07-19 22:25:00,17250.0,17250.0,17250.0,17250.0,0.0,0.0,42.0
2017-07-19 22:30:00,17250.0,17250.0,17250.0,17250.0,0.0,0.0,42.0
2017-07-19 22:35:00,17250.0,17250.0,17250.0,17250.0,0.0,0.0,42.0
2017-07-19 22:40:00,17250.0,17250.0,17250.0,17250.0,0.0,0.0,42.0
2017-07-19 22:45:00,17250.0,17250.0,17250.0,17250.0,0.0,0.0,42.0
2017-07-19 22:50:00,17250.0,17250.0,17250.0,17250.0,0.0,0.0,42.0
2017-07-19 22:55:00,17250.0,17250.0,17250.0,17250.0,0.0,0.0,42.0
2017-07-19 23:00:00,17250.0,17250.0,17250.0,17250.0,0.0,0.0,42.0
2017-07-19 23:05:00,17250.0,17250.0,17250.0,17250.0,0.0,0.0,42.0
2017-07-19 23:10:00,17250.0,17250.0,17250.0,17250.0,0.0,0.0,42.0
2017-07-19 23:15:00,17250.0,17250.0,17250.0,17250.0,0.0,0.0,42.0
2017-07-19 23:20:00,17250.0,17250.0,17250.0,17250.0,0.0,0.0,42.0
2017-07-19 23:25:00,17250.0,17250.0,17180.0,17180.0,6.0,515400.0,48.0
2017-07-19 23:30:00,17180.0,17180.0,17180.0,17180.0,0.0,0.0,48.0
2017-07-19 23:35:00,17180.0,17180.0,17180.0,17180.0,0.0,0.0,48.0
2017-07-19 23:40:00,17180.0,17180.0,17180.0,17180.0,0.0,0.0,48.0
2017-07-19 23:45:00,17180.0,17180.0,17180.0,17180.0,0.0,0.0,48.0
2017-07-19 23:50:00,17180.0,17180.0,17180.0,17180.0,0.0,0.0,48.0
2017-07-19 23:55:00,17115.0,17115.0,17115.0,17115.0,2.0,171150.0,48.0
2017-07-20 00:00:00,17115.0,17115.0,17115.0,17115.0,0.0,0.0,48.0
2017-07-20 00:05:00,17115.0,17115.0,17115.0,17115.0,0.0,0.0,48.0
2017-07-20 00:10:00,17115.0,17115.0,17115.0,17115.0,0.0,0.0,48.0
2017-07-20 00:15:00,17115.0,17115.0,17115.0,17115.0,0.0,0.0,48.0
2017-07-20 00:20:00,17115.0,17115.0,17115.0,17115.0,0.0,0.0,48.0
2017-07-20 00:25:00,17115.0,17115.0,17115.0,17115.0,0.0,0.0,48.0
2017-07-20 00:30:00,17115.0,17115.0,17115.0,17115.0,0.0,0.0,48.0
2017-07-20 00:35:00,17115.0,17115.0,17115.0,17115.0,0.0,0.0,48.0
2017-07-20 00:40:00,17115.0,17115.0,17115.0,17115.0,0.0,0.0,48.0
2017-07-20 00:45:00,17115.0,17115.0,17115.0,17115.0,0.0,0.0,48.0
2017-07-20 00:50:00,17115.0,17115.0,17115.0,17115.0,0.0,0.0,48.0
2017-07-20 00:55:00,17115.0,17115.0,17115.0,17115.0,0.0,0.0,48.0
2017-07-20 09:00:00,17115.0,17115.0,17115.0,17115.0,0.0,0.0,48.0
2017-07-20 09:05:00,17175.0,17175.0,17175.0,17175.0,2.0,171750.0,48.0
2017-07-20 09:10:00,17175.0,17175.0,17175.0,17175.0,0.0,0.0,48.0
2017-07-20 09:15:00,17175.0,17175.0,17175.0,17175.0,0.0,0.0,48.0
2017-07-20 09:20:00,17175.0,17175.0,17175.0,17175.0,0.0,0.0,48.0
2017-07-20 09:25:00,17175.0,17175.0,17175.0,17175.0,0.0,0.0,48.0
2017-07-20 09:30:00,17175.0,17175.0,17175.0,17175.0,0.0,0.0,48.0
2017-07-20 09:35:00,17175.0,17175.0,17175.0,17175.0,0.0,0.0,48.0
2017-07-20 09:40:00,17175.0,17175.0,17175.0,17175.0,0.0,0.0,48.0
2017-07-20 09:45:00,17175.0,17175.0,17175.0,17175.0,0.0,0.0,48.0
2017-07-20 09:50:00,17155.0,17155.0,17155.0,17155.0,2.0,171550.0,48.0
2017-07-20 09:55:00,17155.0,17155.0,17155.0,17155.0,0.0,0.0,48.0
2017-07-20 10:00:00,17155.0,17155.0,17155.0,17155.0,0.0,0.0,48.0
2017-07-20 10:05:00,17155.0,17155.0,17155.0,17155.0,0.0,0.0,48.0
2017-07-20 10:10:00,17155.0,17155.0,17155.0,17155.0,0.0,0.0,48.0
2017-07-20 10:30:00,17155.0,17155.0,17155.0,17155.0,0.0,0.0,48.0
2017-07-20 10:35:00,17155.0,17155.0,17155.0,17155.0,0.0,0.0,48.0
2017-07-20 10:40:00,17155.0,17155.0,17155.0,17155.0,0.0,0.0,48.0
2017-07-20 10:45:00,17155.0,17155.0,17155.0,17155.0,0.0,0.0,48.0
2017-07-20 10:50:00,17155.0,17155.0,17155.0,17155.0,0.0,0.0,48.0
2017-07-20 10:55:00,17155.0,17155.0,17155.0,17155.0,0.0,0.0,48.0
2017-07-20 11:00:00,17155.0,17155.0,17155.0,17155.0,0.0,0.0,48.0
2017-07-20 11:05:00,17155.0,17155.0,17155.0,17155.0,0.0,0.0,48.0
2017-07-20 11:10:00,17155.0,17155.0,17155.0,17155.0,0.0,0.0,48.0
2017-07-20 11:15:00,17155.0,17155.0,17155.0,17155.0,0.0,0.0,48.0
2017-07-20 11:20:00,17155.0,17155.0,17155.0,17155.0,0.0,0.0,48.0
2017-07-20 11:25:00,17155.0,17155.0,17155.0,17155.0,0.0,0.0,48.0
2017-07-20 13:30:00,17155.0,17155.0,17155.0,17155.0,0.0,0.0,48.0
2017-07-20 13:35:00,17155.0,17155.0,17155.0,17155.0,0.0,0.0,48.0
2017-07-20 13:40:00,17155.0,17155.0,17155.0,17155.0,0.0,0.0,48.0
2017-07-20 13:45:00,17155.0,17155.0,17155.0,17155.0,0.0,0.0,48.0
2017-07-20 13:50:00,17155.0,17155.0,17155.0,17155.0,0.0,0.0,48.0
2017-07-20 13:55:00,17155.0,17155.0,17155.0,17155.0,0.0,0.0,48.0
2017-07-20 14:00:00,17155.0,17155.0,17155.0,17155.0,0.0,0.0,48.0
2017-07-20 14:05:00,17155.0,17155.0,17155.0,17155.0,0.0,0.0,48.0
2017-07-20 14:10:00,17155.0,17155.0,17155.0,17155.0,0.0,0.0,48.0
2017-07-20 14:15:00,17155.0,17155.0,17155.0,17155.0,0.0,0.0,48.0
2017-07-20 14:20:00,17155.0,17220.0,17155.0,17220.0,2.0,172200.0,48.0
2017-07-20 14:25:00,17220.0,17280.0,17220.0,17280.0,2.0,172800.0,50.0
2017-07-20 14:30:00,17280.0,17280.0,17280.0,17280.0,0.0,0.0,50.0
2017-07-20 14:35:00,17280.0,17280.0,17280.0,17280.0,0.0,0.0,50.0
2017-07-20 14:40:00,17280.0,17280.0,17280.0,17280.0,0.0,0.0,50.0
2017-07-20 14:45:00,17280.0,17280.0,17280.0,17280.0,0.0,0.0,50.0
2017-07-20 14:50:00,17280.0,17280.0,17280.0,17280.0,0.0,0.0,50.0
2017-07-20 14:55:00,17280.0,17280.0,17280.0,17280.0,0.0,0.0,50.0
2017-07-20 21:00:00,17190.0,17190.0,17190.0,17190.0,0.0,0.0,50.0
2017-07-20 21:05:00,17190.0,17190.0,17190.0,17190.0,0.0,0.0,50.0
2017-07-20 21:10:00,17190.0,17190.0,17190.0,17190.0,0.0,0.0,50.0
2017-07-20 21:15:00,17190.0,17190.0,17190.0,17190.0,0.0,0.0,50.0
2017-07-20 21:20:00,17190.0,17190.0,17190.0,17190.0,0.0,0.0,50.0
2017-07-20 21:25:00,17190.0,17190.0,17190.0,17190.0,0.0,0.0,50.0
2017-07-20 21:30:00,17190.0,17190.0,17190.0,17190.0,0.0,0.0,50.0
2017-07-20 21:35:00,17190.0,17190.0,17190.0,17190.0,0.0,0.0,50.0
2017-07-20 21:40:00,17190.0,17190.0,17190.0,17190.0,0.0,0.0,50.0
2017-07-20 21:45:00,17190.0,17190.0,17190.0,17190.0,0.0,0.0,50.0
2017-07-20 21:50:00,17190.0,17190.0,17190.0,17190.0,0.0,0.0,50.0
2017-07-20 21:55:00,17190.0,17190.0,17190.0,17190.0,0.0,0.0,50.0
2017-07-20 22:00:00,17190.0,17190.0,17190.0,17190.0,0.0,0.0,50.0
2017-07-20 22:05:00,17190.0,17190.0,17190.0,17190.0,0.0,0.0,50.0
2017-07-20 22:10:00,17190.0,17190.0,17190.0,17190.0,0.0,0.0,50.0
2017-07-20 22:15:00,17190.0,17190.0,17190.0,17190.0,0.0,0.0,50.0
2017-07-20 22:20:00,17190.0,17190.0,17190.0,17190.0,0.0,0.0,50.0
2017-07-20 22:25:00,17190.0,17190.0,17190.0,17190.0,0.0,0.0,50.0
2017-07-20 22:30:00,17190.0,17190.0,17190.0,17190.0,0.0,0.0,50.0
2017-07-20 22:35:00,17190.0,17190.0,17190.0,17190.0,0.0,0.0,50.0
2017-07-20 22:40:00,17190.0,17190.0,17190.0,17190.0,0.0,0.0,50.0
2017-07-20 22:45:00,17190.0,17190.0,17190.0,17190.0,0.0,0.0,50.0
2017-07-20 22:50:00,17190.0,17190.0,17190.0,17190.0,0.0,0.0,50.0
2017-07-20 22:55:00,17190.0,17190.0,17190.0,17190.0,0.0,0.0,50.0
2017-07-20 23:00:00,17190.0,17190.0,17190.0,17190.0,0.0,0.0,50.0
2017-07-20 23:05:00,17190.0,17190.0,17190.0,17190.0,0.0,0.0,50.0
2017-07-20 23:10:00,17190.0,17190.0,17190.0,17190.0,0.0,0.0,50.0
2017-07-20 23:15:00,17190.0,17190.0,17190.0,17190.0,0.0,0.0,50.0
2017-07-20 23:20:00,17190.0,17190.0,17190.0,17190.0,0.0,0.0,50.0
2017-07-20 23:25:00,17190.0,17190.0,17190.0,17190.0,0.0,0.0,50.0
2017-07-20 23:30:00,17190.0,17190.0,17190.0,17190.0,0.0,0.0,50.0
2017-07-20 23:35:00,17190.0,17190.0,17190.0,17190.0,0.0,0.0,50.0
2017-07-20 23:40:00,17190.0,17190.0,17190.0,17190.0,0.0,0.0,50.0
2017-07-20 23:45:00,17190.0,17190.0,17190.0,17190.0,0.0,0.0,50.0
2017-07-20 23:50:00,17190.0,17190.0,17190.0,17190.0,0.0,0.0,50.0
2017-07-20 23:55:00,17190.0,17190.0,17190.0,17190.0,0.0,0.0,50.0
2017-07-21 00:00:00,17190.0,17190.0,17190.0,17190.0,0.0,0.0,50.0
2017-07-21 00:05:00,17190.0,17190.0,17190.0,17190.0,0.0,0.0,50.0
2017-07-21 00:10:00,17190.0,17190.0,17190.0,17190.0,0.0,0.0,50.0
2017-07-21 00:15:00,17190.0,17190.0,17190.0,17190.0,0.0,0.0,50.0
2017-07-21 00:20:00,17190.0,17190.0,17190.0,17190.0,0.0,0.0,50.0
2017-07-21 00:25:00,17190.0,17190.0,17190.0,17190.0,0.0,0.0,50.0
2017-07-21 00:30:00,17190.0,17190.0,17190.0,17190.0,0.0,0.0,50.0
2017-07-21 00:35:00,17190.0,17190.0,17190.0,17190.0,0.0,0.0,50.0
2017-07-21 00:40:00,17190.0,17190.0,17190.0,17190.0,0.0,0.0,50.0
2017-07-21 00:45:00,17190.0,17190.0,17190.0,17190.0,0.0,0.0,50.0
2017-07-21 00:50:00,17190.0,17190.0,17190.0,17190.0,0.0,0.0,50.0
2017-07-21 00:55:00,17190.0,17190.0,17190.0,17190.0,0.0,0.0,50.0
2017-07-21 09:00:00,17190.0,17190.0,17190.0,17190.0,0.0,0.0,50.0
2017-07-21 09:05:00,17190.0,17190.0,17190.0,17190.0,0.0,0.0,50.0
2017-07-21 09:10:00,17190.0,17190.0,17190.0,17190.0,0.0,0.0,50.0
2017-07-21 09:15:00,17190.0,17190.0,17190.0,17190.0,0.0,0.0,50.0
2017-07-21 09:20:00,17190.0,17190.0,17190.0,17190.0,0.0,0.0,50.0
2017-07-21 09:25:00,17190.0,17190.0,17190.0,17190.0,0.0,0.0,50.0
2017-07-21 09:30:00,17190.0,17190.0,17190.0,17190.0,0.0,0.0,50.0
2017-07-21 09:35:00,17190.0,17190.0,17190.0,17190.0,0.0,0.0,50.0
2017-07-21 09:40:00,17190.0,17190.0,17190.0,17190.0,0.0,0.0,50.0
2017-07-21 09:45:00,17190.0,17190.0,17190.0,17190.0,0.0,0.0,50.0
2017-07-21 09:50:00,17190.0,17190.0,17190.0,17190.0,0.0,0.0,50.0
2017-07-21 09:55:00,17190.0,17190.0,17190.0,17190.0,0.0,0.0,50.0
2017-07-21 10:00:00,17190.0,17190.0,17190.0,17190.0,0.0,0.0,50.0
2017-07-21 10:05:00,17190.0,17190.0,17190.0,17190.0,0.0,0.0,50.0
2017-07-21 10:10:00,17190.0,17190.0,17190.0,17190.0,0.0,0.0,50.0
2017-07-21 10:30:00,17190.0,17190.0,17190.0,17190.0,0.0,0.0,50.0
2017-07-21 10:35:00,17190.0,17190.0,17190.0,17190.0,0.0,0.0,50.0
2017-07-21 10:40:00,17190.0,17190.0,17190.0,17190.0,0.0,0.0,50.0
2017-07-21 10:45:00,17190.0,17190.0,17190.0,17190.0,0.0,0.0,50.0
2017-07-21 10:50:00,17190.0,17190.0,17190.0,17190.0,0.0,0.0,50.0
2017-07-21 10:55:00,17190.0,17190.0,17190.0,17190.0,0.0,0.0,50.0
2017-07-21 11:00:00,17190.0,17190.0,17190.0,17190.0,0.0,0.0,50.0
2017-07-21 11:05:00,17190.0,17190.0,17190.0,17190.0,0.0,0.0,50.0
2017-07-21 11:10:00,17190.0,17190.0,17190.0,17190.0,0.0,0.0,50.0
2017-07-21 11:15:00,17190.0,17190.0,17190.0,17190.0,0.0,0.0,50.0
2017-07-21 11:20:00,17190.0,17190.0,17190.0,17190.0,0.0,0.0,50.0
2017-07-21 11:25:00,17190.0,17190.0,17190.0,17190.0,0.0,0.0,50.0
2017-07-21 13:30:00,17190.0,17190.0,17190.0,17190.0,0.0,0.0,50.0
2017-07-21 13:35:00,17190.0,17190.0,17190.0,17190.0,0.0,0.0,50.0
2017-07-21 13:40:00,17190.0,17190.0,17190.0,17190.0,0.0,0.0,50.0
2017-07-21 13:45:00,17190.0,17190.0,17190.0,17190.0,0.0,0.0,50.0
2017-07-21 13:50:00,17190.0,17190.0,17190.0,17190.0,0.0,0.0,50.0
2017-07-21 13:55:00,17190.0,17190.0,17190.0,17190.0,0.0,0.0,50.0
2017-07-21 14:00:00,17190.0,17190.0,17190.0,17190.0,0.0,0.0,50.0
2017-07-21 14:05:00,17190.0,17190.0,17190.0,17190.0,0.0,0.0,50.0
2017-07-21 14:10:00,17190.0,17190.0,17190.0,17190.0,0.0,0.0,50.0
2017-07-21 14:15:00,17190.0,17190.0,17190.0,17190.0,0.0,0.0,50.0
2017-07-21 14:20:00,17190.0,17190.0,17190.0,17190.0,0.0,0.0,50.0
2017-07-21 14:25:00,17190.0,17190.0,17190.0,17190.0,0.0,0.0,50.0
2017-07-21 14:30:00,17190.0,17190.0,17190.0,17190.0,0.0,0.0,50.0
2017-07-21 14:35:00,17190.0,17190.0,17190.0,17190.0,0.0,0.0,50.0
2017-07-21 14:40:00,17190.0,17190.0,17190.0,17190.0,0.0,0.0,50.0
2017-07-21 14:45:00,17190.0,17190.0,17190.0,17190.0,0.0,0.0,50.0
2017-07-21 14:50:00,17190.0,17190.0,17190.0,17190.0,0.0,0.0,50.0
2017-07-21 14:55:00,17190.0,17190.0,17190.0,17190.0,0.0,0.0,50.0
2017-07-21 21:00:00,17165.0,17165.0,17165.0,17165.0,0.0,0.0,50.0
2017-07-21 21:05:00,17165.0,17165.0,17165.0,17165.0,0.0,0.0,50.0
2017-07-21 21:10:00,17165.0,17165.0,17165.0,17165.0,0.0,0.0,50.0
2017-07-21 21:15:00,17165.0,17165.0,17165.0,17165.0,0.0,0.0,50.0
2017-07-21 21:20:00,17165.0,17165.0,17165.0,17165.0,0.0,0.0,50.0
2017-07-21 21:25:00,17165.0,17165.0,17165.0,17165.0,0.0,0.0,50.0
2017-07-21 21:30:00,17165.0,17165.0,17165.0,17165.0,0.0,0.0,50.0
2017-07-21 21:35:00,17165.0,17165.0,17165.0,17165.0,0.0,0.0,50.0
2017-07-21 21:40:00,17165.0,17165.0,17165.0,17165.0,0.0,0.0,50.0
2017-07-21 21:45:00,17165.0,17165.0,17165.0,17165.0,0.0,0.0,50.0
2017-07-21 21:50:00,17165.0,17165.0,17165.0,17165.0,0.0,0.0,50.0
2017-07-21 21:55:00,17165.0,17165.0,17165.0,17165.0,0.0,0.0,50.0
2017-07-21 22:00:00,17165.0,17165.0,17165.0,17165.0,0.0,0.0,50.0
2017-07-21 22:05:00,17165.0,17165.0,17165.0,17165.0,0.0,0.0,50.0
2017-07-21 22:10:00,17165.0,17165.0,17165.0,17165.0,0.0,0.0,50.0
2017-07-21 22:15:00,17165.0,17165.0,17165.0,17165.0,0.0,0.0,50.0
2017-07-21 22:20:00,17165.0,17165.0,17165.0,17165.0,0.0,0.0,50.0
2017-07-21 22:25:00,17165.0,17165.0,17165.0,17165.0,0.0,0.0,50.0
2017-07-21 22:30:00,17165.0,17165.0,17165.0,17165.0,0.0,0.0,50.0
2017-07-21 22:35:00,17165.0,17165.0,17165.0,17165.0,0.0,0.0,50.0
2017-07-21 22:40:00,17165.0,17165.0,17165.0,17165.0,0.0,0.0,50.0
2017-07-21 22:45:00,17165.0,17165.0,17165.0,17165.0,0.0,0.0,50.0
2017-07-21 22:50:00,17165.0,17165.0,17165.0,17165.0,0.0,0.0,50.0
2017-07-21 22:55:00,17165.0,17165.0,17165.0,17165.0,0.0,0.0,50.0
2017-07-21 23:00:00,17165.0,17165.0,17165.0,17165.0,0.0,0.0,50.0
2017-07-21 23:05:00,17165.0,17165.0,17165.0,17165.0,0.0,0.0,50.0
2017-07-21 23:10:00,17165.0,17165.0,17165.0,17165.0,0.0,0.0,50.0
2017-07-21 23:15:00,17165.0,17165.0,17165.0,17165.0,0.0,0.0,50.0
2017-07-21 23:20:00,17165.0,17165.0,17165.0,17165.0,0.0,0.0,50.0
2017-07-21 23:25:00,17165.0,17165.0,17165.0,17165.0,0.0,0.0,50.0
2017-07-21 23:30:00,17165.0,17165.0,17165.0,17165.0,0.0,0.0,50.0
2017-07-21 23:35:00,17165.0,17165.0,17165.0,17165.0,0.0,0.0,50.0
2017-07-21 23:40:00,17165.0,17165.0,17165.0,17165.0,0.0,0.0,50.0
2017-07-21 23:45:00,17165.0,17165.0,17165.0,17165.0,0.0,0.0,50.0
2017-07-21 23:50:00,17165.0,17165.0,17165.0,17165.0,0.0,0.0,50.0
2017-07-21 23:55:00,17165.0,17165.0,17165.0,17165.0,0.0,0.0,50.0
2017-07-22 00:00:00,17165.0,17165.0,17165.0,17165.0,0.0,0.0,50.0
2017-07-22 00:05:00,17165.0,17165.0,17165.0,17165.0,0.0,0.0,50.0
2017-07-22 00:10:00,17165.0,17165.0,17165.0,17165.0,0.0,0.0,50.0
2017-07-22 00:15:00,17165.0,17165.0,17165.0,17165.0,0.0,0.0,50.0
2017-07-22 00:20:00,17165.0,17165.0,17165.0,17165.0,0.0,0.0,50.0
2017-07-22 00:25:00,17165.0,17165.0,17165.0,17165.0,0.0,0.0,50.0
2017-07-22 00:30:00,17165.0,17165.0,17165.0,17165.0,0.0,0.0,50.0
2017-07-22 00:35:00,17165.0,17165.0,17165.0,17165.0,0.0,0.0,50.0
2017-07-22 00:40:00,17165.0,17165.0,17165.0,17165.0,0.0,0.0,50.0
2017-07-22 00:45:00,17165.0,17165.0,17165.0,17165.0,0.0,0.0,50.0
2017-07-22 00:50:00,17165.0,17165.0,17165.0,17165.0,0.0,0.0,50.0
2017-07-22 00:55:00,17165.0,17165.0,17165.0,17165.0,0.0,0.0,50.0
2017-07-24 09:00:00,17165.0,17165.0,17165.0,17165.0,0.0,0.0,50.0
2017-07-24 09:05:00,17165.0,17165.0,17165.0,17165.0,0.0,0.0,50.0
2017-07-24 09:10:00,17165.0,17380.0,17165.0,17380.0,2.0,173800.0,48.0
2017-07-24 09:15:00,17380.0,17380.0,17375.0,17375.0,2.0,173750.0,48.0
2017-07-24 09:20:00,17375.0,17375.0,17375.0,17375.0,0.0,0.0,48.0
2017-07-24 09:25:00,17375.0,17375.0,17375.0,17375.0,0.0,0.0,48.0
2017-07-24 09:30:00,17375.0,17375.0,17375.0,17375.0,0.0,0.0,48.0
2017-07-24 09:35:00,17375.0,17375.0,17375.0,17375.0,0.0,0.0,48.0
2017-07-24 09:40:00,17375.0,17375.0,17375.0,17375.0,0.0,0.0,48.0
2017-07-24 09:45:00,17375.0,17375.0,17375.0,17375.0,0.0,0.0,48.0
2017-07-24 09:50:00,17375.0,17375.0,17375.0,17375.0,0.0,0.0,48.0
2017-07-24 09:55:00,17375.0,17375.0,17375.0,17375.0,0.0,0.0,48.0
2017-07-24 10:00:00,17375.0,17375.0,17375.0,17375.0,0.0,0.0,48.0
2017-07-24 10:05:00,17375.0,17375.0,17375.0,17375.0,0.0,0.0,48.0
2017-07-24 10:10:00,17375.0,17375.0,17375.0,17375.0,0.0,0.0,48.0
2017-07-24 10:30:00,17375.0,17375.0,17375.0,17375.0,0.0,0.0,48.0
2017-07-24 10:35:00,17375.0,17375.0,17375.0,17375.0,0.0,0.0,48.0
2017-07-24 10:40:00,17375.0,17375.0,17375.0,17375.0,0.0,0.0,48.0
2017-07-24 10:45:00,17375.0,17375.0,17375.0,17375.0,0.0,0.0,48.0
2017-07-24 10:50:00,17375.0,17485.0,17375.0,17485.0,2.0,174850.0,48.0
2017-07-24 10:55:00,17485.0,17485.0,17485.0,17485.0,0.0,0.0,48.0
2017-07-24 11:00:00,17485.0,17485.0,17485.0,17485.0,0.0,0.0,48.0
2017-07-24 11:05:00,17485.0,17485.0,17485.0,17485.0,0.0,0.0,48.0
2017-07-24 11:10:00,17485.0,17485.0,17485.0,17485.0,0.0,0.0,48.0
2017-07-24 11:15:00,17485.0,17485.0,17485.0,17485.0,0.0,0.0,48.0
2017-07-24 11:20:00,17485.0,17485.0,17485.0,17485.0,0.0,0.0,48.0
2017-07-24 11:25:00,17485.0,17485.0,17485.0,17485.0,0.0,0.0,48.0
2017-07-24 13:30:00,17485.0,17485.0,17485.0,17485.0,0.0,0.0,48.0
2017-07-24 13:35:00,17485.0,17485.0,17485.0,17485.0,0.0,0.0,48.0
2017-07-24 13:40:00,17485.0,17485.0,17485.0,17485.0,0.0,0.0,48.0
2017-07-24 13:45:00,17485.0,17485.0,17485.0,17485.0,0.0,0.0,48.0
2017-07-24 13:50:00,17485.0,17485.0,17485.0,17485.0,0.0,0.0,48.0
2017-07-24 13:55:00,17485.0,17485.0,17485.0,17485.0,0.0,0.0,48.0
2017-07-24 14:00:00,17485.0,17485.0,17485.0,17485.0,0.0,0.0,48.0
2017-07-24 14:05:00,17485.0,17485.0,17485.0,17485.0,0.0,0.0,48.0
2017-07-24 14:10:00,17485.0,17485.0,17485.0,17485.0,0.0,0.0,48.0
2017-07-24 14:15:00,17485.0,17485.0,17485.0,17485.0,0.0,0.0,48.0
2017-07-24 14:20:00,17485.0,17485.0,17485.0,17485.0,0.0,0.0,48.0
2017-07-24 14:25:00,17485.0,17485.0,17485.0,17485.0,0.0,0.0,48.0
2017-07-24 14:30:00,17485.0,17485.0,17485.0,17485.0,0.0,0.0,48.0
2017-07-24 14:35:00,17485.0,17485.0,17485.0,17485.0,0.0,0.0,48.0
2017-07-24 14:40:00,17485.0,17485.0,17485.0,17485.0,0.0,0.0,48.0
2017-07-24 14:45:00,17485.0,17485.0,17485.0,17485.0,0.0,0.0,48.0
2017-07-24 14:50:00,17485.0,17485.0,17485.0,17485.0,0.0,0.0,48.0
2017-07-24 14:55:00,17485.0,17485.0,17485.0,17485.0,0.0,0.0,48.0
2017-07-24 21:00:00,17410.0,17410.0,17410.0,17410.0,0.0,0.0,48.0
2017-07-24 21:05:00,17410.0,17410.0,17410.0,17410.0,0.0,0.0,48.0
2017-07-24 21:10:00,17410.0,17410.0,17410.0,17410.0,0.0,0.0,48.0
2017-07-24 21:15:00,17410.0,17410.0,17410.0,17410.0,0.0,0.0,48.0
2017-07-24 21:20:00,17410.0,17410.0,17410.0,17410.0,0.0,0.0,48.0
2017-07-24 21:25:00,17410.0,17410.0,17410.0,17410.0,0.0,0.0,48.0
2017-07-24 21:30:00,17410.0,17410.0,17410.0,17410.0,0.0,0.0,48.0
2017-07-24 21:35:00,17410.0,17410.0,17410.0,17410.0,0.0,0.0,48.0
2017-07-24 21:40:00,17410.0,17410.0,17410.0,17410.0,0.0,0.0,48.0
2017-07-24 21:45:00,17410.0,17410.0,17410.0,17410.0,0.0,0.0,48.0
2017-07-24 21:50:00,17410.0,17410.0,17410.0,17410.0,0.0,0.0,48.0
2017-07-24 21:55:00,17410.0,17410.0,17410.0,17410.0,0.0,0.0,48.0
2017-07-24 22:00:00,17410.0,17410.0,17410.0,17410.0,0.0,0.0,48.0
2017-07-24 22:05:00,17410.0,17410.0,17410.0,17410.0,0.0,0.0,48.0
2017-07-24 22:10:00,17410.0,17410.0,17410.0,17410.0,0.0,0.0,48.0
2017-07-24 22:15:00,17410.0,17410.0,17410.0,17410.0,0.0,0.0,48.0
2017-07-24 22:20:00,17410.0,17410.0,17410.0,17410.0,0.0,0.0,48.0
2017-07-24 22:25:00,17410.0,17410.0,17410.0,17410.0,0.0,0.0,48.0
2017-07-24 22:30:00,17410.0,17410.0,17410.0,17410.0,0.0,0.0,48.0
2017-07-24 22:35:00,17410.0,17410.0,17410.0,17410.0,0.0,0.0,48.0
2017-07-24 22:40:00,17410.0,17410.0,17410.0,17410.0,0.0,0.0,48.0
2017-07-24 22:45:00,17410.0,17410.0,17410.0,17410.0,0.0,0.0,48.0
2017-07-24 22:50:00,17410.0,17410.0,17410.0,17410.0,0.0,0.0,48.0
2017-07-24 22:55:00,17410.0,17410.0,17410.0,17410.0,0.0,0.0,48.0
2017-07-24 23:00:00,17410.0,17410.0,17410.0,17410.0,0.0,0.0,48.0
2017-07-24 23:05:00,17410.0,17410.0,17410.0,17410.0,0.0,0.0,48.0
2017-07-24 23:10:00,17410.0,17410.0,17410.0,17410.0,0.0,0.0,48.0
2017-07-24 23:15:00,17410.0,17410.0,17410.0,17410.0,0.0,0.0,48.0
2017-07-24 23:20:00,17410.0,17410.0,17410.0,17410.0,0.0,0.0,48.0
2017-07-24 23:25:00,17410.0,17410.0,17410.0,17410.0,0.0,0.0,48.0
2017-07-24 23:30:00,17410.0,17410.0,17410.0,17410.0,0.0,0.0,48.0
2017-07-24 23:35:00,17410.0,17410.0,17410.0,17410.0,0.0,0.0,48.0
2017-07-24 23:40:00,17410.0,17410.0,17410.0,17410.0,0.0,0.0,48.0
2017-07-24 23:45:00,17410.0,17495.0,17410.0,17495.0,2.0,174950.0,48.0
2017-07-24 23:50:00,17495.0,17495.0,17495.0,17495.0,0.0,0.0,48.0
2017-07-24 23:55:00,17495.0,17495.0,17495.0,17495.0,0.0,0.0,48.0
2017-07-25 00:00:00,17495.0,17495.0,17495.0,17495.0,0.0,0.0,48.0
2017-07-25 00:05:00,17495.0,17495.0,17495.0,17495.0,0.0,0.0,48.0
2017-07-25 00:10:00,17495.0,17495.0,17495.0,17495.0,0.0,0.0,48.0
2017-07-25 00:15:00,17495.0,17495.0,17495.0,17495.0,0.0,0.0,48.0
2017-07-25 00:20:00,17495.0,17495.0,17495.0,17495.0,0.0,0.0,48.0
2017-07-25 00:25:00,17495.0,17495.0,17495.0,17495.0,0.0,0.0,48.0
2017-07-25 00:30:00,17495.0,17495.0,17495.0,17495.0,0.0,0.0,48.0
2017-07-25 00:35:00,17495.0,17495.0,17495.0,17495.0,0.0,0.0,48.0
2017-07-25 00:40:00,17495.0,17495.0,17495.0,17495.0,0.0,0.0,48.0
2017-07-25 00:45:00,17495.0,17495.0,17495.0,17495.0,0.0,0.0,48.0
2017-07-25 00:50:00,17495.0,17495.0,17495.0,17495.0,0.0,0.0,48.0
2017-07-25 00:55:00,17495.0,17495.0,17495.0,17495.0,0.0,0.0,48.0
2017-07-25 09:00:00,17495.0,17495.0,17495.0,17495.0,0.0,0.0,48.0
2017-07-25 09:05:00,17495.0,17495.0,17495.0,17495.0,0.0,0.0,48.0
2017-07-25 09:10:00,17495.0,17495.0,17495.0,17495.0,0.0,0.0,48.0
2017-07-25 09:15:00,17495.0,17495.0,17495.0,17495.0,0.0,0.0,48.0
2017-07-25 09:20:00,17495.0,17495.0,17495.0,17495.0,0.0,0.0,48.0
2017-07-25 09:25:00,17495.0,17495.0,17495.0,17495.0,0.0,0.0,48.0
2017-07-25 09:30:00,17495.0,17495.0,17495.0,17495.0,0.0,0.0,48.0
2017-07-25 09:35:00,17495.0,17495.0,17495.0,17495.0,0.0,0.0,48.0
2017-07-25 09:40:00,17495.0,17495.0,17495.0,17495.0,0.0,0.0,48.0
2017-07-25 09:45:00,17495.0,17495.0,17495.0,17495.0,0.0,0.0,48.0
2017-07-25 09:50:00,17495.0,17495.0,17495.0,17495.0,0.0,0.0,48.0
2017-07-25 09:55:00,17495.0,17495.0,17495.0,17495.0,0.0,0.0,48.0
2017-07-25 10:00:00,17495.0,17495.0,17495.0,17495.0,0.0,0.0,48.0
2017-07-25 10:05:00,17495.0,17495.0,17495.0,17495.0,0.0,0.0,48.0
2017-07-25 10:10:00,17495.0,17495.0,17495.0,17495.0,0.0,0.0,48.0
2017-07-25 10:30:00,17495.0,17495.0,17495.0,17495.0,0.0,0.0,48.0
2017-07-25 10:35:00,17495.0,17495.0,17495.0,17495.0,0.0,0.0,48.0
2017-07-25 10:40:00,17495.0,17500.0,17495.0,17500.0,2.0,175000.0,50.0
2017-07-25 10:45:00,17500.0,17500.0,17500.0,17500.0,0.0,0.0,50.0
2017-07-25 10:50:00,17500.0,17500.0,17500.0,17500.0,0.0,0.0,50.0
2017-07-25 10:55:00,17500.0,17500.0,17500.0,17500.0,0.0,0.0,50.0
2017-07-25 11:00:00,17500.0,17500.0,17500.0,17500.0,0.0,0.0,50.0
2017-07-25 11:05:00,17500.0,17500.0,17500.0,17500.0,0.0,0.0,50.0
2017-07-25 11:10:00,17500.0,17500.0,17500.0,17500.0,0.0,0.0,50.0
2017-07-25 11:15:00,17500.0,17500.0,17500.0,17500.0,0.0,0.0,50.0
2017-07-25 11:20:00,17500.0,17500.0,17500.0,17500.0,0.0,0.0,50.0
2017-07-25 11:25:00,17500.0,17500.0,17500.0,17500.0,0.0,0.0,50.0
2017-07-25 13:30:00,17500.0,17500.0,17500.0,17500.0,0.0,0.0,50.0
2017-07-25 13:35:00,17500.0,17500.0,17500.0,17500.0,0.0,0.0,50.0
2017-07-25 13:40:00,17500.0,17500.0,17500.0,17500.0,0.0,0.0,50.0
2017-07-25 13:45:00,17500.0,17500.0,17500.0,17500.0,0.0,0.0,50.0
2017-07-25 13:50:00,17500.0,17500.0,17500.0,17500.0,0.0,0.0,50.0
2017-07-25 13:55:00,17500.0,17500.0,17500.0,17500.0,0.0,0.0,50.0
2017-07-25 14:00:00,17500.0,17500.0,17500.0,17500.0,0.0,0.0,50.0
2017-07-25 14:05:00,17500.0,17500.0,17500.0,17500.0,0.0,0.0,50.0
2017-07-25 14:10:00,17500.0,17500.0,17500.0,17500.0,0.0,0.0,50.0
2017-07-25 14:15:00,17500.0,17500.0,17500.0,17500.0,0.0,0.0,50.0
2017-07-25 14:20:00,17500.0,17500.0,17500.0,17500.0,0.0,0.0,50.0
2017-07-25 14:25:00,17500.0,17500.0,17500.0,17500.0,0.0,0.0,50.0
2017-07-25 14:30:00,17500.0,17500.0,17500.0,17500.0,0.0,0.0,50.0
2017-07-25 14:35:00,17500.0,17500.0,17500.0,17500.0,0.0,0.0,50.0
2017-07-25 14:40:00,17500.0,17500.0,17500.0,17500.0,0.0,0.0,50.0
2017-07-25 14:45:00,17500.0,17500.0,17500.0,17500.0,0.0,0.0,50.0
2017-07-25 14:50:00,17500.0,17500.0,17500.0,17500.0,0.0,0.0,50.0
2017-07-25 14:55:00,17500.0,17500.0,17500.0,17500.0,0.0,0.0,50.0
2017-07-25 21:00:00,17495.0,17495.0,17495.0,17495.0,0.0,0.0,50.0
2017-07-25 21:05:00,17495.0,17495.0,17495.0,17495.0,0.0,0.0,50.0
2017-07-25 21:10:00,17495.0,17495.0,17495.0,17495.0,0.0,0.0,50.0
2017-07-25 21:15:00,17495.0,17495.0,17495.0,17495.0,0.0,0.0,50.0
2017-07-25 21:20:00,17495.0,17495.0,17495.0,17495.0,0.0,0.0,50.0
2017-07-25 21:25:00,17495.0,17495.0,17495.0,17495.0,0.0,0.0,50.0
2017-07-25 21:30:00,17495.0,17495.0,17495.0,17495.0,0.0,0.0,50.0
2017-07-25 21:35:00,17495.0,17495.0,17495.0,17495.0,0.0,0.0,50.0
2017-07-25 21:40:00,17495.0,17495.0,17495.0,17495.0,0.0,0.0,50.0
2017-07-25 21:45:00,17495.0,17495.0,17495.0,17495.0,0.0,0.0,50.0
2017-07-25 21:50:00,17495.0,17495.0,17495.0,17495.0,0.0,0.0,50.0
2017-07-25 21:55:00,17495.0,17495.0,17495.0,17495.0,0.0,0.0,50.0
2017-07-25 22:00:00,17495.0,17495.0,17495.0,17495.0,0.0,0.0,50.0
2017-07-25 22:05:00,17495.0,17495.0,17495.0,17495.0,0.0,0.0,50.0
2017-07-25 22:10:00,17495.0,17495.0,17495.0,17495.0,0.0,0.0,50.0
2017-07-25 22:15:00,17495.0,17495.0,17495.0,17495.0,0.0,0.0,50.0
2017-07-25 22:20:00,17495.0,17495.0,17495.0,17495.0,0.0,0.0,50.0
2017-07-25 22:25:00,17495.0,17495.0,17495.0,17495.0,0.0,0.0,50.0
2017-07-25 22:30:00,17495.0,17495.0,17495.0,17495.0,0.0,0.0,50.0
2017-07-25 22:35:00,17495.0,17495.0,17495.0,17495.0,0.0,0.0,50.0
2017-07-25 22:40:00,17495.0,17495.0,17495.0,17495.0,0.0,0.0,50.0
2017-07-25 22:45:00,17495.0,17495.0,17495.0,17495.0,0.0,0.0,50.0
2017-07-25 22:50:00,17495.0,17495.0,17495.0,17495.0,0.0,0.0,50.0
2017-07-25 22:55:00,17495.0,17495.0,17495.0,17495.0,0.0,0.0,50.0
2017-07-25 23:00:00,17495.0,17495.0,17495.0,17495.0,0.0,0.0,50.0
2017-07-25 23:05:00,17495.0,17495.0,17495.0,17495.0,0.0,0.0,50.0
2017-07-25 23:10:00,17495.0,17495.0,17495.0,17495.0,0.0,0.0,50.0
2017-07-25 23:15:00,17495.0,17495.0,17495.0,17495.0,0.0,0.0,50.0
2017-07-25 23:20:00,17495.0,17495.0,17495.0,17495.0,0.0,0.0,50.0
2017-07-25 23:25:00,17495.0,17495.0,17495.0,17495.0,0.0,0.0,50.0
2017-07-25 23:30:00,17495.0,17495.0,17495.0,17495.0,0.0,0.0,50.0
2017-07-25 23:35:00,17495.0,17495.0,17495.0,17495.0,0.0,0.0,50.0
2017-07-25 23:40:00,17495.0,17495.0,17495.0,17495.0,0.0,0.0,50.0
2017-07-25 23:45:00,17495.0,17495.0,17495.0,17495.0,0.0,0.0,50.0
2017-07-25 23:50:00,17495.0,17495.0,17495.0,17495.0,0.0,0.0,50.0
2017-07-25 23:55:00,17495.0,17495.0,17495.0,17495.0,0.0,0.0,50.0
2017-07-26 00:00:00,17495.0,17495.0,17495.0,17495.0,0.0,0.0,50.0
2017-07-26 00:05:00,17495.0,17495.0,17495.0,17495.0,0.0,0.0,50.0
2017-07-26 00:10:00,17495.0,17495.0,17495.0,17495.0,0.0,0.0,50.0
2017-07-26 00:15:00,17495.0,17495.0,17495.0,17495.0,0.0,0.0,50.0
2017-07-26 00:20:00,17495.0,17495.0,17495.0,17495.0,0.0,0.0,50.0
2017-07-26 00:25:00,17495.0,17495.0,17495.0,17495.0,0.0,0.0,50.0
2017-07-26 00:30:00,17495.0,17495.0,17495.0,17495.0,0.0,0.0,50.0
2017-07-26 00:35:00,17495.0,17495.0,17495.0,17495.0,0.0,0.0,50.0
2017-07-26 00:40:00,17495.0,17495.0,17495.0,17495.0,0.0,0.0,50.0
2017-07-26 00:45:00,17495.0,17495.0,17495.0,17495.0,0.0,0.0,50.0
2017-07-26 00:50:00,17495.0,17495.0,17495.0,17495.0,0.0,0.0,50.0
2017-07-26 00:55:00,17495.0,17495.0,17495.0,17495.0,0.0,0.0,50.0
2017-07-26 09:00:00,17495.0,17495.0,17495.0,17495.0,0.0,0.0,50.0
2017-07-26 09:05:00,17495.0,17495.0,17495.0,17495.0,0.0,0.0,50.0
2017-07-26 09:10:00,17495.0,17495.0,17495.0,17495.0,0.0,0.0,50.0
2017-07-26 09:15:00,17495.0,17495.0,17495.0,17495.0,0.0,0.0,50.0
2017-07-26 09:20:00,17495.0,17495.0,17495.0,17495.0,0.0,0.0,50.0
2017-07-26 09:25:00,17495.0,17495.0,17495.0,17495.0,0.0,0.0,50.0
2017-07-26 09:30:00,17495.0,17495.0,17495.0,17495.0,0.0,0.0,50.0
2017-07-26 09:35:00,17495.0,17495.0,17495.0,17495.0,0.0,0.0,50.0
2017-07-26 09:40:00,17495.0,17495.0,17495.0,17495.0,0.0,0.0,50.0
2017-07-26 09:45:00,17495.0,17495.0,17495.0,17495.0,0.0,0.0,50.0
2017-07-26 09:50:00,17495.0,17495.0,17495.0,17495.0,0.0,0.0,50.0
2017-07-26 09:55:00,17495.0,17495.0,17495.0,17495.0,0.0,0.0,50.0
2017-07-26 10:00:00,17495.0,17495.0,17495.0,17495.0,0.0,0.0,50.0
2017-07-26 10:05:00,17495.0,17495.0,17495.0,17495.0,0.0,0.0,50.0
2017-07-26 10:10:00,17495.0,17495.0,17495.0,17495.0,0.0,0.0,50.0
2017-07-26 10:30:00,17495.0,17495.0,17495.0,17495.0,0.0,0.0,50.0
2017-07-26 10:35:00,17495.0,17495.0,17495.0,17495.0,0.0,0.0,50.0
2017-07-26 10:40:00,17495.0,17495.0,17495.0,17495.0,0.0,0.0,50.0
2017-07-26 10:45:00,17495.0,17495.0,17495.0,17495.0,0.0,0.0,50.0
2017-07-26 10:50:00,17495.0,17495.0,17495.0,17495.0,0.0,0.0,50.0
2017-07-26 10:55:00,17495.0,17495.0,17495.0,17495.0,0.0,0.0,50.0
2017-07-26 11:00:00,17495.0,17495.0,17495.0,17495.0,0.0,0.0,50.0
2017-07-26 11:05:00,17495.0,17495.0,17495.0,17495.0,0.0,0.0,50.0
2017-07-26 11:10:00,17495.0,17495.0,17495.0,17495.0,0.0,0.0,50.0
2017-07-26 11:15:00,17495.0,17495.0,17495.0,17495.0,0.0,0.0,50.0
2017-07-26 11:20:00,17495.0,17495.0,17495.0,17495.0,0.0,0.0,50.0
2017-07-26 11:25:00,17495.0,17495.0,17495.0,17495.0,0.0,0.0,50.0
2017-07-26 13:30:00,17495.0,17495.0,17495.0,17495.0,0.0,0.0,50.0
2017-07-26 13:35:00,17495.0,17495.0,17495.0,17495.0,0.0,0.0,50.0
2017-07-26 13:40:00,17495.0,17495.0,17495.0,17495.0,0.0,0.0,50.0
2017-07-26 13:45:00,17495.0,17495.0,17495.0,17495.0,0.0,0.0,50.0
2017-07-26 13:50:00,17495.0,17495.0,17495.0,17495.0,0.0,0.0,50.0
2017-07-26 13:55:00,17495.0,17495.0,17495.0,17495.0,0.0,0.0,50.0
2017-07-26 14:00:00,17495.0,17495.0,17495.0,17495.0,0.0,0.0,50.0
2017-07-26 14:05:00,17495.0,17495.0,17495.0,17495.0,0.0,0.0,50.0
2017-07-26 14:10:00,17495.0,17495.0,17495.0,17495.0,0.0,0.0,50.0
2017-07-26 14:15:00,17495.0,17495.0,17495.0,17495.0,0.0,0.0,50.0
2017-07-26 14:20:00,17495.0,17495.0,17495.0,17495.0,0.0,0.0,50.0
2017-07-26 14:25:00,17495.0,17495.0,17495.0,17495.0,0.0,0.0,50.0
2017-07-26 14:30:00,17495.0,17495.0,17495.0,17495.0,0.0,0.0,50.0
2017-07-26 14:35:00,17495.0,17495.0,17495.0,17495.0,0.0,0.0,50.0
2017-07-26 14:40:00,17495.0,17495.0,17495.0,17495.0,0.0,0.0,50.0
2017-07-26 14:45:00,17495.0,17495.0,17495.0,17495.0,0.0,0.0,50.0
2017-07-26 14:50:00,17495.0,17495.0,17495.0,17495.0,0.0,0.0,50.0
2017-07-26 14:55:00,17495.0,17495.0,17495.0,17495.0,0.0,0.0,50.0
2017-07-26 21:00:00,17495.0,17495.0,17495.0,17495.0,0.0,0.0,50.0
2017-07-26 21:05:00,17495.0,17495.0,17495.0,17495.0,0.0,0.0,50.0
2017-07-26 21:10:00,17495.0,17495.0,17495.0,17495.0,0.0,0.0,50.0
2017-07-26 21:15:00,17495.0,17495.0,17495.0,17495.0,0.0,0.0,50.0
2017-07-26 21:20:00,17495.0,17495.0,17495.0,17495.0,0.0,0.0,50.0
2017-07-26 21:25:00,17495.0,17495.0,17495.0,17495.0,0.0,0.0,50.0
2017-07-26 21:30:00,17495.0,17495.0,17495.0,17495.0,0.0,0.0,50.0
2017-07-26 21:35:00,17495.0,17495.0,17495.0,17495.0,0.0,0.0,50.0
2017-07-26 21:40:00,17495.0,17495.0,17495.0,17495.0,0.0,0.0,50.0
2017-07-26 21:45:00,17495.0,17495.0,17495.0,17495.0,0.0,0.0,50.0
2017-07-26 21:50:00,17495.0,17495.0,17495.0,17495.0,0.0,0.0,50.0
2017-07-26 21:55:00,17495.0,17495.0,17495.0,17495.0,0.0,0.0,50.0
2017-07-26 22:00:00,17495.0,17495.0,17495.0,17495.0,0.0,0.0,50.0
2017-07-26 22:05:00,17495.0,17495.0,17495.0,17495.0,0.0,0.0,50.0
2017-07-26 22:10:00,17495.0,17495.0,17495.0,17495.0,0.0,0.0,50.0
2017-07-26 22:15:00,17495.0,17495.0,17495.0,17495.0,0.0,0.0,50.0
2017-07-26 22:20:00,17495.0,17495.0,17495.0,17495.0,0.0,0.0,50.0
2017-07-26 22:25:00,17495.0,17495.0,17495.0,17495.0,0.0,0.0,50.0
2017-07-26 22:30:00,17495.0,17495.0,17495.0,17495.0,0.0,0.0,50.0
2017-07-26 22:35:00,17495.0,17495.0,17495.0,17495.0,0.0,0.0,50.0
2017-07-26 22:40:00,17495.0,17495.0,17495.0,17495.0,0.0,0.0,50.0
2017-07-26 22:45:00,17495.0,17495.0,17495.0,17495.0,0.0,0.0,50.0
2017-07-26 22:50:00,17495.0,17875.0,17495.0,17875.0,2.0,178750.0,48.0
2017-07-26 22:55:00,17875.0,17875.0,17875.0,17875.0,0.0,0.0,48.0
2017-07-26 23:00:00,17875.0,17875.0,17875.0,17875.0,0.0,0.0,48.0
2017-07-26 23:05:00,17875.0,17875.0,17875.0,17875.0,0.0,0.0,48.0
2017-07-26 23:10:00,17875.0,17875.0,17875.0,17875.0,0.0,0.0,48.0
2017-07-26 23:15:00,17875.0,17875.0,17875.0,17875.0,0.0,0.0,48.0
2017-07-26 23:20:00,17875.0,17875.0,17875.0,17875.0,0.0,0.0,48.0
2017-07-26 23:25:00,17875.0,17875.0,17875.0,17875.0,0.0,0.0,48.0
2017-07-26 23:30:00,17875.0,17875.0,17875.0,17875.0,0.0,0.0,48.0
2017-07-26 23:35:00,17875.0,17875.0,17875.0,17875.0,0.0,0.0,48.0
2017-07-26 23:40:00,17875.0,17875.0,17875.0,17875.0,0.0,0.0,48.0
2017-07-26 23:45:00,17875.0,17875.0,17875.0,17875.0,0.0,0.0,48.0
2017-07-26 23:50:00,17875.0,17875.0,17875.0,17875.0,0.0,0.0,48.0
2017-07-26 23:55:00,17875.0,17875.0,17875.0,17875.0,0.0,0.0,48.0
2017-07-27 00:00:00,17875.0,17875.0,17875.0,17875.0,0.0,0.0,48.0
2017-07-27 00:05:00,17875.0,17875.0,17875.0,17875.0,0.0,0.0,48.0
2017-07-27 00:10:00,17875.0,17875.0,17875.0,17875.0,0.0,0.0,48.0
2017-07-27 00:15:00,17875.0,17875.0,17875.0,17875.0,0.0,0.0,48.0
2017-07-27 00:20:00,17875.0,17875.0,17875.0,17875.0,0.0,0.0,48.0
2017-07-27 00:25:00,17875.0,17875.0,17875.0,17875.0,0.0,0.0,48.0
2017-07-27 00:30:00,17875.0,17875.0,17875.0,17875.0,0.0,0.0,48.0
2017-07-27 00:35:00,17875.0,17875.0,17875.0,17875.0,0.0,0.0,48.0
2017-07-27 00:40:00,17875.0,17875.0,17875.0,17875.0,0.0,0.0,48.0
2017-07-27 00:45:00,17875.0,17875.0,17875.0,17875.0,0.0,0.0,48.0
2017-07-27 00:50:00,17875.0,17875.0,17875.0,17875.0,0.0,0.0,48.0
2017-07-27 00:55:00,17875.0,17875.0,17875.0,17875.0,0.0,0.0,48.0
2017-07-27 09:00:00,17875.0,18155.0,17875.0,17980.0,4.0,361350.0,48.0
2017-07-27 09:05:00,17980.0,18085.0,17980.0,18085.0,2.0,180850.0,50.0
2017-07-27 09:10:00,18085.0,18085.0,18085.0,18085.0,0.0,0.0,50.0
2017-07-27 09:15:00,18085.0,18085.0,18085.0,18085.0,0.0,0.0,50.0
2017-07-27 09:20:00,18085.0,18085.0,18085.0,18085.0,0.0,0.0,50.0
2017-07-27 09:25:00,18085.0,18085.0,18085.0,18085.0,0.0,0.0,50.0
2017-07-27 09:30:00,18085.0,18085.0,18085.0,18085.0,0.0,0.0,50.0
2017-07-27 09:35:00,18085.0,18085.0,18085.0,18085.0,0.0,0.0,50.0
2017-07-27 09:40:00,18085.0,18085.0,18085.0,18085.0,0.0,0.0,50.0
2017-07-27 09:45:00,18085.0,18085.0,18085.0,18085.0,0.0,0.0,50.0
2017-07-27 09:50:00,18085.0,18090.0,18030.0,18030.0,10.0,902100.0,50.0
2017-07-27 09:55:00,18030.0,18040.0,18030.0,18040.0,2.0,180400.0,50.0
2017-07-27 10:00:00,18040.0,18040.0,18040.0,18040.0,0.0,0.0,50.0
2017-07-27 10:05:00,18040.0,18040.0,18040.0,18040.0,0.0,0.0,50.0
2017-07-27 10:10:00,18040.0,18040.0,18040.0,18040.0,0.0,0.0,50.0
2017-07-27 10:30:00,18040.0,18040.0,18040.0,18040.0,0.0,0.0,50.0
2017-07-27 10:35:00,18040.0,18040.0,18040.0,18040.0,0.0,0.0,50.0
2017-07-27 10:40:00,18040.0,18040.0,18040.0,18040.0,0.0,0.0,50.0
2017-07-27 10:45:00,18040.0,18040.0,18040.0,18040.0,0.0,0.0,50.0
2017-07-27 10:50:00,18040.0,18040.0,18040.0,18040.0,0.0,0.0,50.0
2017-07-27 10:55:00,18040.0,18040.0,18040.0,18040.0,0.0,0.0,50.0
2017-07-27 11:00:00,18040.0,18040.0,18040.0,18040.0,0.0,0.0,50.0
2017-07-27 11:05:00,18040.0,18040.0,18040.0,18040.0,0.0,0.0,50.0
2017-07-27 11:10:00,18040.0,18040.0,18040.0,18040.0,0.0,0.0,50.0
2017-07-27 11:15:00,18040.0,18040.0,18040.0,18040.0,0.0,0.0,50.0
2017-07-27 11:20:00,18040.0,18040.0,18040.0,18040.0,0.0,0.0,50.0
2017-07-27 11:25:00,18040.0,18040.0,18040.0,18040.0,0.0,0.0,50.0
2017-07-27 13:30:00,18040.0,18040.0,18040.0,18040.0,0.0,0.0,50.0
2017-07-27 13:35:00,18040.0,18040.0,18040.0,18040.0,0.0,0.0,50.0
2017-07-27 13:40:00,18040.0,18040.0,18040.0,18040.0,0.0,0.0,50.0
2017-07-27 13:45:00,18040.0,18040.0,18040.0,18040.0,0.0,0.0,50.0
2017-07-27 13:50:00,18040.0,18040.0,18040.0,18040.0,0.0,0.0,50.0
2017-07-27 13:55:00,18040.0,18040.0,18040.0,18040.0,0.0,0.0,50.0
2017-07-27 14:00:00,18040.0,18040.0,17945.0,17945.0,2.0,179450.0,50.0
2017-07-27 14:05:00,17945.0,17945.0,17945.0,17945.0,0.0,0.0,50.0
2017-07-27 14:10:00,17945.0,17945.0,17945.0,17945.0,0.0,0.0,50.0
2017-07-27 14:15:00,17945.0,17945.0,17945.0,17945.0,0.0,0.0,50.0
2017-07-27 14:20:00,17945.0,17945.0,17945.0,17945.0,0.0,0.0,50.0
2017-07-27 14:25:00,17945.0,17955.0,17945.0,17955.0,2.0,179550.0,48.0
2017-07-27 14:30:00,17955.0,17955.0,17955.0,17955.0,0.0,0.0,48.0
2017-07-27 14:35:00,17955.0,17955.0,17955.0,17955.0,0.0,0.0,48.0
2017-07-27 14:40:00,17955.0,17955.0,17955.0,17955.0,0.0,0.0,48.0
2017-07-27 14:45:00,17955.0,17955.0,17955.0,17955.0,0.0,0.0,48.0
2017-07-27 14:50:00,17955.0,17955.0,17955.0,17955.0,0.0,0.0,48.0
2017-07-27 14:55:00,17955.0,17955.0,17955.0,17955.0,0.0,0.0,48.0
2017-07-27 21:00:00,18020.0,18020.0,18020.0,18020.0,0.0,0.0,48.0
2017-07-27 21:05:00,18020.0,18030.0,18020.0,18030.0,4.0,360600.0,48.0
2017-07-27 21:10:00,18030.0,18030.0,18030.0,18030.0,0.0,0.0,48.0
2017-07-27 21:15:00,18030.0,18030.0,17940.0,17940.0,10.0,897000.0,52.0
2017-07-27 21:20:00,17940.0,17940.0,17940.0,17940.0,0.0,0.0,52.0
2017-07-27 21:25:00,17940.0,17940.0,17940.0,17940.0,0.0,0.0,52.0
2017-07-27 21:30:00,17940.0,17940.0,17940.0,17940.0,0.0,0.0,52.0
2017-07-27 21:35:00,17940.0,17940.0,17940.0,17940.0,0.0,0.0,52.0
2017-07-27 21:40:00,17940.0,17940.0,17940.0,17940.0,0.0,0.0,52.0
2017-07-27 21:45:00,17940.0,17940.0,17940.0,17940.0,0.0,0.0,52.0
2017-07-27 21:50:00,17940.0,17940.0,17940.0,17940.0,0.0,0.0,52.0
2017-07-27 21:55:00,17940.0,17940.0,17940.0,17940.0,0.0,0.0,52.0
2017-07-27 22:00:00,17940.0,17950.0,17940.0,17950.0,4.0,359000.0,56.0
2017-07-27 22:05:00,17950.0,17950.0,17950.0,17950.0,0.0,0.0,56.0
2017-07-27 22:10:00,17950.0,17970.0,17950.0,17970.0,2.0,179700.0,56.0
2017-07-27 22:15:00,17970.0,17970.0,17970.0,17970.0,0.0,0.0,56.0
2017-07-27 22:20:00,17970.0,17970.0,17970.0,17970.0,0.0,0.0,56.0
2017-07-27 22:25:00,17970.0,17970.0,17970.0,17970.0,0.0,0.0,56.0
2017-07-27 22:30:00,17970.0,17970.0,17970.0,17970.0,0.0,0.0,56.0
2017-07-27 22:35:00,17970.0,17970.0,17970.0,17970.0,0.0,0.0,56.0
2017-07-27 22:40:00,17970.0,17970.0,17970.0,17970.0,0.0,0.0,56.0
2017-07-27 22:45:00,17970.0,17970.0,17970.0,17970.0,0.0,0.0,56.0
2017-07-27 22:50:00,17970.0,17970.0,17970.0,17970.0,0.0,0.0,56.0
2017-07-27 22:55:00,17970.0,17970.0,17970.0,17970.0,0.0,0.0,56.0
2017-07-27 23:00:00,17970.0,17970.0,17890.0,17890.0,4.0,357800.0,52.0
2017-07-27 23:05:00,17890.0,17890.0,17890.0,17890.0,0.0,0.0,52.0
2017-07-27 23:10:00,17890.0,17890.0,17890.0,17890.0,0.0,0.0,52.0
2017-07-27 23:15:00,17890.0,17890.0,17890.0,17890.0,0.0,0.0,52.0
2017-07-27 23:20:00,17890.0,17890.0,17890.0,17890.0,0.0,0.0,52.0
2017-07-27 23:25:00,17890.0,17890.0,17890.0,17890.0,0.0,0.0,52.0
2017-07-27 23:30:00,17890.0,17890.0,17890.0,17890.0,0.0,0.0,52.0
2017-07-27 23:35:00,17890.0,17890.0,17890.0,17890.0,0.0,0.0,52.0
2017-07-27 23:40:00,17890.0,17890.0,17890.0,17890.0,0.0,0.0,52.0
2017-07-27 23:45:00,17890.0,17890.0,17890.0,17890.0,0.0,0.0,52.0
2017-07-27 23:50:00,17890.0,17890.0,17890.0,17890.0,0.0,0.0,52.0
2017-07-27 23:55:00,17890.0,17890.0,17890.0,17890.0,0.0,0.0,52.0
2017-07-28 00:00:00,17890.0,17890.0,17890.0,17890.0,0.0,0.0,52.0
2017-07-28 00:05:00,17890.0,17890.0,17890.0,17890.0,0.0,0.0,52.0
2017-07-28 00:10:00,17890.0,17890.0,17890.0,17890.0,0.0,0.0,52.0
2017-07-28 00:15:00,17890.0,17890.0,17890.0,17890.0,0.0,0.0,52.0
2017-07-28 00:20:00,17890.0,17890.0,17890.0,17890.0,0.0,0.0,52.0
2017-07-28 00:25:00,17890.0,17890.0,17890.0,17890.0,0.0,0.0,52.0
2017-07-28 00:30:00,17890.0,17890.0,17890.0,17890.0,0.0,0.0,52.0
2017-07-28 00:35:00,17890.0,17890.0,17890.0,17890.0,0.0,0.0,52.0
2017-07-28 00:40:00,17890.0,17890.0,17890.0,17890.0,0.0,0.0,52.0
2017-07-28 00:45:00,17890.0,17890.0,17890.0,17890.0,0.0,0.0,52.0
2017-07-28 00:50:00,17890.0,17890.0,17890.0,17890.0,0.0,0.0,52.0
2017-07-28 00:55:00,17890.0,17890.0,17890.0,17890.0,0.0,0.0,52.0
2017-07-28 09:00:00,17890.0,17890.0,17890.0,17890.0,0.0,0.0,52.0
2017-07-28 09:05:00,17890.0,17890.0,17890.0,17890.0,0.0,0.0,52.0
2017-07-28 09:10:00,17890.0,17890.0,17890.0,17890.0,0.0,0.0,52.0
2017-07-28 09:15:00,17890.0,17890.0,17890.0,17890.0,0.0,0.0,52.0
2017-07-28 09:20:00,17890.0,17890.0,17890.0,17890.0,0.0,0.0,52.0
2017-07-28 09:25:00,17890.0,17890.0,17890.0,17890.0,0.0,0.0,52.0
2017-07-28 09:30:00,17890.0,17890.0,17890.0,17890.0,0.0,0.0,52.0
2017-07-28 09:35:00,17890.0,17890.0,17890.0,17890.0,0.0,0.0,52.0
2017-07-28 09:40:00,17890.0,17890.0,17890.0,17890.0,0.0,0.0,52.0
2017-07-28 09:45:00,17890.0,17890.0,17890.0,17890.0,0.0,0.0,52.0
2017-07-28 09:50:00,17890.0,17890.0,17890.0,17890.0,0.0,0.0,52.0
2017-07-28 09:55:00,17890.0,17890.0,17890.0,17890.0,0.0,0.0,52.0
2017-07-28 10:00:00,17890.0,17890.0,17890.0,17890.0,0.0,0.0,52.0
2017-07-28 10:05:00,17890.0,17890.0,17890.0,17890.0,0.0,0.0,52.0
2017-07-28 10:10:00,17890.0,17890.0,17890.0,17890.0,0.0,0.0,52.0
2017-07-28 10:30:00,17890.0,17890.0,17890.0,17890.0,0.0,0.0,52.0
2017-07-28 10:35:00,17890.0,17890.0,17890.0,17890.0,0.0,0.0,52.0
2017-07-28 10:40:00,17890.0,17890.0,17890.0,17890.0,0.0,0.0,52.0
2017-07-28 10:45:00,17890.0,17890.0,17890.0,17890.0,0.0,0.0,52.0
2017-07-28 10:50:00,17890.0,17890.0,17890.0,17890.0,0.0,0.0,52.0
2017-07-28 10:55:00,17890.0,17890.0,17890.0,17890.0,0.0,0.0,52.0
2017-07-28 11:00:00,17890.0,17890.0,17890.0,17890.0,0.0,0.0,52.0
2017-07-28 11:05:00,17890.0,17890.0,17890.0,17890.0,0.0,0.0,52.0
2017-07-28 11:10:00,17890.0,17890.0,17890.0,17890.0,0.0,0.0,52.0
2017-07-28 11:15:00,17890.0,17890.0,17890.0,17890.0,0.0,0.0,52.0
2017-07-28 11:20:00,17890.0,17890.0,17890.0,17890.0,0.0,0.0,52.0
2017-07-28 11:25:00,17890.0,17890.0,17890.0,17890.0,0.0,0.0,52.0
2017-07-28 13:30:00,17890.0,17890.0,17890.0,17890.0,0.0,0.0,52.0
2017-07-28 13:35:00,17890.0,17890.0,17890.0,17890.0,0.0,0.0,52.0
2017-07-28 13:40:00,17890.0,17890.0,17890.0,17890.0,0.0,0.0,52.0
2017-07-28 13:45:00,17890.0,17890.0,17890.0,17890.0,0.0,0.0,52.0
2017-07-28 13:50:00,17890.0,17890.0,17890.0,17890.0,0.0,0.0,52.0
2017-07-28 13:55:00,17890.0,17890.0,17890.0,17890.0,0.0,0.0,52.0
2017-07-28 14:00:00,17890.0,17890.0,17890.0,17890.0,0.0,0.0,52.0
2017-07-28 14:05:00,17890.0,17890.0,17890.0,17890.0,0.0,0.0,52.0
2017-07-28 14:10:00,17890.0,17890.0,17890.0,17890.0,0.0,0.0,52.0
2017-07-28 14:15:00,17890.0,17890.0,17890.0,17890.0,0.0,0.0,52.0
2017-07-28 14:20:00,17890.0,17890.0,17890.0,17890.0,0.0,0.0,52.0
2017-07-28 14:25:00,17890.0,17890.0,17890.0,17890.0,0.0,0.0,52.0
2017-07-28 14:30:00,17890.0,17890.0,17890.0,17890.0,0.0,0.0,52.0
2017-07-28 14:35:00,17890.0,17890.0,17890.0,17890.0,0.0,0.0,52.0
2017-07-28 14:40:00,17890.0,17890.0,17890.0,17890.0,0.0,0.0,52.0
2017-07-28 14:45:00,17890.0,17890.0,17890.0,17890.0,0.0,0.0,52.0
2017-07-28 14:50:00,17890.0,17890.0,17890.0,17890.0,0.0,0.0,52.0
2017-07-28 14:55:00,17890.0,17890.0,17890.0,17890.0,0.0,0.0,52.0
2017-07-28 21:00:00,17950.0,17950.0,17950.0,17950.0,0.0,0.0,52.0
2017-07-28 21:05:00,17950.0,17950.0,17950.0,17950.0,0.0,0.0,52.0
2017-07-28 21:10:00,17950.0,17950.0,17950.0,17950.0,0.0,0.0,52.0
2017-07-28 21:15:00,17950.0,17950.0,17950.0,17950.0,0.0,0.0,52.0
2017-07-28 21:20:00,17950.0,17950.0,17950.0,17950.0,0.0,0.0,52.0
2017-07-28 21:25:00,17950.0,17950.0,17950.0,17950.0,0.0,0.0,52.0
2017-07-28 21:30:00,17950.0,17950.0,17950.0,17950.0,0.0,0.0,52.0
2017-07-28 21:35:00,17950.0,17950.0,17840.0,17840.0,4.0,356800.0,52.0
2017-07-28 21:40:00,17840.0,17840.0,17840.0,17840.0,0.0,0.0,52.0
2017-07-28 21:45:00,17840.0,17840.0,17840.0,17840.0,0.0,0.0,52.0
2017-07-28 21:50:00,17840.0,17840.0,17840.0,17840.0,0.0,0.0,52.0
2017-07-28 21:55:00,17840.0,17840.0,17840.0,17840.0,0.0,0.0,52.0
2017-07-28 22:00:00,17840.0,17840.0,17840.0,17840.0,0.0,0.0,52.0
2017-07-28 22:05:00,17840.0,17840.0,17840.0,17840.0,0.0,0.0,52.0
2017-07-28 22:10:00,17840.0,17840.0,17840.0,17840.0,0.0,0.0,52.0
2017-07-28 22:15:00,17840.0,17840.0,17840.0,17840.0,0.0,0.0,52.0
2017-07-28 22:20:00,17840.0,17840.0,17840.0,17840.0,0.0,0.0,52.0
2017-07-28 22:25:00,17840.0,17840.0,17840.0,17840.0,0.0,0.0,52.0
2017-07-28 22:30:00,17840.0,17840.0,17840.0,17840.0,0.0,0.0,52.0
2017-07-28 22:35:00,17840.0,17840.0,17840.0,17840.0,0.0,0.0,52.0
2017-07-28 22:40:00,17840.0,17840.0,17840.0,17840.0,0.0,0.0,52.0
2017-07-28 22:45:00,17840.0,17840.0,17840.0,17840.0,0.0,0.0,52.0
2017-07-28 22:50:00,17840.0,17840.0,17840.0,17840.0,0.0,0.0,52.0
2017-07-28 22:55:00,17840.0,17840.0,17840.0,17840.0,0.0,0.0,52.0
2017-07-28 23:00:00,17840.0,17840.0,17840.0,17840.0,0.0,0.0,52.0
2017-07-28 23:05:00,17840.0,17840.0,17840.0,17840.0,0.0,0.0,52.0
2017-07-28 23:10:00,17840.0,17840.0,17840.0,17840.0,0.0,0.0,52.0
2017-07-28 23:15:00,17840.0,17840.0,17840.0,17840.0,0.0,0.0,52.0
2017-07-28 23:20:00,17840.0,17840.0,17840.0,17840.0,0.0,0.0,52.0
2017-07-28 23:25:00,17840.0,17840.0,17840.0,17840.0,0.0,0.0,52.0
2017-07-28 23:30:00,17840.0,17840.0,17840.0,17840.0,0.0,0.0,52.0
2017-07-28 23:35:00,17840.0,17840.0,17840.0,17840.0,0.0,0.0,52.0
2017-07-28 23:40:00,17840.0,17840.0,17840.0,17840.0,0.0,0.0,52.0
2017-07-28 23:45:00,17840.0,17840.0,17840.0,17840.0,0.0,0.0,52.0
2017-07-28 23:50:00,17840.0,17840.0,17840.0,17840.0,0.0,0.0,52.0
2017-07-28 23:55:00,17840.0,17840.0,17840.0,17840.0,0.0,0.0,52.0
2017-07-29 00:00:00,17840.0,17840.0,17840.0,17840.0,0.0,0.0,52.0
2017-07-29 00:05:00,17840.0,17840.0,17840.0,17840.0,0.0,0.0,52.0
2017-07-29 00:10:00,17840.0,17840.0,17840.0,17840.0,0.0,0.0,52.0
2017-07-29 00:15:00,17840.0,17840.0,17840.0,17840.0,0.0,0.0,52.0
2017-07-29 00:20:00,17840.0,17840.0,17840.0,17840.0,0.0,0.0,52.0
2017-07-29 00:25:00,17840.0,17840.0,17840.0,17840.0,0.0,0.0,52.0
2017-07-29 00:30:00,17840.0,17840.0,17840.0,17840.0,0.0,0.0,52.0
2017-07-29 00:35:00,17840.0,17840.0,17840.0,17840.0,0.0,0.0,52.0
2017-07-29 00:40:00,17840.0,17840.0,17840.0,17840.0,0.0,0.0,52.0
2017-07-29 00:45:00,17840.0,17840.0,17840.0,17840.0,0.0,0.0,52.0
2017-07-29 00:50:00,17840.0,17840.0,17840.0,17840.0,0.0,0.0,52.0
2017-07-29 00:55:00,17840.0,17840.0,17840.0,17840.0,0.0,0.0,52.0
2017-07-31 09:00:00,17840.0,17840.0,17840.0,17840.0,0.0,0.0,52.0
2017-07-31 09:05:00,17840.0,17840.0,17840.0,17840.0,0.0,0.0,52.0
2017-07-31 09:10:00,17840.0,17840.0,17840.0,17840.0,0.0,0.0,52.0
2017-07-31 09:15:00,17840.0,17840.0,17840.0,17840.0,0.0,0.0,52.0
2017-07-31 09:20:00,17840.0,17840.0,17840.0,17840.0,0.0,0.0,52.0
2017-07-31 09:25:00,17840.0,17840.0,17840.0,17840.0,0.0,0.0,52.0
2017-07-31 09:30:00,17840.0,17840.0,17840.0,17840.0,0.0,0.0,52.0
2017-07-31 09:35:00,17840.0,17840.0,17840.0,17840.0,0.0,0.0,52.0
2017-07-31 09:40:00,17840.0,17840.0,17840.0,17840.0,0.0,0.0,52.0
2017-07-31 09:45:00,17840.0,17840.0,17840.0,17840.0,0.0,0.0,52.0
2017-07-31 09:50:00,17840.0,17840.0,17840.0,17840.0,0.0,0.0,52.0
2017-07-31 09:55:00,17840.0,17840.0,17840.0,17840.0,0.0,0.0,52.0
2017-07-31 10:00:00,17840.0,17840.0,17840.0,17840.0,0.0,0.0,52.0
2017-07-31 10:05:00,17840.0,17840.0,17840.0,17840.0,0.0,0.0,52.0
2017-07-31 10:10:00,17840.0,17840.0,17840.0,17840.0,0.0,0.0,52.0
2017-07-31 10:30:00,17840.0,17840.0,17840.0,17840.0,0.0,0.0,52.0
2017-07-31 10:35:00,17840.0,17840.0,17840.0,17840.0,0.0,0.0,52.0
2017-07-31 10:40:00,17840.0,17840.0,17840.0,17840.0,0.0,0.0,52.0
2017-07-31 10:45:00,17840.0,17840.0,17840.0,17840.0,0.0,0.0,52.0
2017-07-31 10:50:00,17840.0,17840.0,17840.0,17840.0,0.0,0.0,52.0
2017-07-31 10:55:00,17840.0,17840.0,17840.0,17840.0,0.0,0.0,52.0
2017-07-31 11:00:00,17840.0,17840.0,17840.0,17840.0,0.0,0.0,52.0
2017-07-31 11:05:00,17840.0,17840.0,17840.0,17840.0,0.0,0.0,52.0
2017-07-31 11:10:00,17840.0,17840.0,17840.0,17840.0,0.0,0.0,52.0
2017-07-31 11:15:00,17840.0,17840.0,17840.0,17840.0,0.0,0.0,52.0
2017-07-31 11:20:00,17840.0,17840.0,17840.0,17840.0,0.0,0.0,52.0
2017-07-31 11:25:00,17840.0,17840.0,17840.0,17840.0,0.0,0.0,52.0
2017-07-31 13:30:00,17840.0,17840.0,17840.0,17840.0,0.0,0.0,52.0
2017-07-31 13:35:00,17840.0,17840.0,17840.0,17840.0,0.0,0.0,52.0
2017-07-31 13:40:00,17840.0,17840.0,17840.0,17840.0,0.0,0.0,52.0
2017-07-31 13:45:00,17840.0,17840.0,17840.0,17840.0,0.0,0.0,52.0
2017-07-31 13:50:00,17840.0,17840.0,17840.0,17840.0,0.0,0.0,52.0
2017-07-31 13:55:00,17840.0,17840.0,17840.0,17840.0,0.0,0.0,52.0
2017-07-31 14:00:00,17840.0,17840.0,17840.0,17840.0,0.0,0.0,52.0
2017-07-31 14:05:00,17840.0,17840.0,17840.0,17840.0,0.0,0.0,52.0
2017-07-31 14:10:00,17840.0,17840.0,17840.0,17840.0,0.0,0.0,52.0
2017-07-31 14:15:00,17840.0,17840.0,17840.0,17840.0,0.0,0.0,52.0
2017-07-31 14:20:00,17840.0,17840.0,17840.0,17840.0,0.0,0.0,52.0
2017-07-31 14:25:00,17840.0,17840.0,17840.0,17840.0,0.0,0.0,52.0
2017-07-31 14:30:00,17840.0,17840.0,17840.0,17840.0,0.0,0.0,52.0
2017-07-31 14:35:00,17840.0,17840.0,17840.0,17840.0,0.0,0.0,52.0
2017-07-31 14:40:00,17840.0,17840.0,17840.0,17840.0,0.0,0.0,52.0
2017-07-31 14:45:00,17840.0,17840.0,17840.0,17840.0,0.0,0.0,52.0
2017-07-31 14:50:00,17840.0,17840.0,17840.0,17840.0,0.0,0.0,52.0
2017-07-31 14:55:00,17840.0,17840.0,17840.0,17840.0,0.0,0.0,52.0
2017-07-31 21:00:00,17840.0,17840.0,17840.0,17840.0,0.0,0.0,52.0
2017-07-31 21:05:00,17840.0,17840.0,17840.0,17840.0,0.0,0.0,52.0
2017-07-31 21:10:00,17840.0,17840.0,17840.0,17840.0,0.0,0.0,52.0
2017-07-31 21:15:00,17840.0,17840.0,17840.0,17840.0,0.0,0.0,52.0
2017-07-31 21:20:00,17840.0,17840.0,17840.0,17840.0,0.0,0.0,52.0
2017-07-31 21:25:00,17840.0,17840.0,17840.0,17840.0,0.0,0.0,52.0
2017-07-31 21:30:00,17840.0,17840.0,17840.0,17840.0,0.0,0.0,52.0
2017-07-31 21:35:00,17840.0,17840.0,17840.0,17840.0,0.0,0.0,52.0
2017-07-31 21:40:00,17840.0,17840.0,17840.0,17840.0,0.0,0.0,52.0
2017-07-31 21:45:00,17840.0,17840.0,17840.0,17840.0,0.0,0.0,52.0
2017-07-31 21:50:00,17840.0,17840.0,17840.0,17840.0,0.0,0.0,52.0
2017-07-31 21:55:00,17840.0,17840.0,17840.0,17840.0,0.0,0.0,52.0
2017-07-31 22:00:00,17840.0,17840.0,17840.0,17840.0,0.0,0.0,52.0
2017-07-31 22:05:00,17840.0,17840.0,17840.0,17840.0,0.0,0.0,52.0
2017-07-31 22:10:00,17840.0,17840.0,17840.0,17840.0,0.0,0.0,52.0
2017-07-31 22:15:00,17840.0,17840.0,17840.0,17840.0,0.0,0.0,52.0
2017-07-31 22:20:00,17840.0,17840.0,17840.0,17840.0,0.0,0.0,52.0
2017-07-31 22:25:00,17840.0,17840.0,17840.0,17840.0,0.0,0.0,52.0
2017-07-31 22:30:00,17840.0,17840.0,17840.0,17840.0,0.0,0.0,52.0
2017-07-31 22:35:00,17840.0,17840.0,17840.0,17840.0,0.0,0.0,52.0
2017-07-31 22:40:00,17840.0,17840.0,17840.0,17840.0,0.0,0.0,52.0
2017-07-31 22:45:00,17840.0,17840.0,17840.0,17840.0,0.0,0.0,52.0
2017-07-31 22:50:00,17840.0,17840.0,17840.0,17840.0,0.0,0.0,52.0
2017-07-31 22:55:00,17840.0,17840.0,17840.0,17840.0,0.0,0.0,52.0
2017-07-31 23:00:00,17840.0,17840.0,17840.0,17840.0,0.0,0.0,52.0
2017-07-31 23:05:00,17840.0,17840.0,17840.0,17840.0,0.0,0.0,52.0
2017-07-31 23:10:00,17840.0,17840.0,17840.0,17840.0,0.0,0.0,52.0
2017-07-31 23:15:00,17840.0,17840.0,17840.0,17840.0,0.0,0.0,52.0
2017-07-31 23:20:00,17840.0,17840.0,17840.0,17840.0,0.0,0.0,52.0
2017-07-31 23:25:00,17840.0,17840.0,17840.0,17840.0,0.0,0.0,52.0
2017-07-31 23:30:00,17840.0,17840.0,17840.0,17840.0,0.0,0.0,52.0
2017-07-31 23:35:00,17840.0,17840.0,17840.0,17840.0,0.0,0.0,52.0
2017-07-31 23:40:00,17840.0,17840.0,17840.0,17840.0,0.0,0.0,52.0
2017-07-31 23:45:00,17840.0,17840.0,17840.0,17840.0,0.0,0.0,52.0
2017-07-31 23:50:00,17840.0,17840.0,17840.0,17840.0,0.0,0.0,52.0
2017-07-31 23:55:00,17840.0,17840.0,17840.0,17840.0,0.0,0.0,52.0
2017-08-01 00:00:00,17840.0,17840.0,17840.0,17840.0,0.0,0.0,52.0
2017-08-01 00:05:00,17840.0,17840.0,17840.0,17840.0,0.0,0.0,52.0
2017-08-01 00:10:00,17840.0,17840.0,17840.0,17840.0,0.0,0.0,52.0
2017-08-01 00:15:00,17840.0,17840.0,17840.0,17840.0,0.0,0.0,52.0
2017-08-01 00:20:00,17840.0,17840.0,17840.0,17840.0,0.0,0.0,52.0
2017-08-01 00:25:00,17840.0,17840.0,17840.0,17840.0,0.0,0.0,52.0
2017-08-01 00:30:00,17840.0,17840.0,17840.0,17840.0,0.0,0.0,52.0
2017-08-01 00:35:00,17840.0,17840.0,17840.0,17840.0,0.0,0.0,52.0
2017-08-01 00:40:00,17840.0,17840.0,17840.0,17840.0,0.0,0.0,52.0
2017-08-01 00:45:00,17840.0,17840.0,17840.0,17840.0,0.0,0.0,52.0
2017-08-01 00:50:00,17840.0,17840.0,17840.0,17840.0,0.0,0.0,52.0
2017-08-01 00:55:00,17840.0,17840.0,17840.0,17840.0,0.0,0.0,52.0
2017-08-01 09:00:00,17840.0,17840.0,17840.0,17840.0,0.0,0.0,52.0
2017-08-01 09:05:00,17840.0,17840.0,17840.0,17840.0,0.0,0.0,52.0
2017-08-01 09:10:00,17840.0,17840.0,17840.0,17840.0,0.0,0.0,52.0
2017-08-01 09:15:00,17840.0,17840.0,17840.0,17840.0,0.0,0.0,52.0
2017-08-01 09:20:00,17840.0,17840.0,17840.0,17840.0,0.0,0.0,52.0
2017-08-01 09:25:00,17840.0,17840.0,17840.0,17840.0,0.0,0.0,52.0
2017-08-01 09:30:00,17840.0,17840.0,17840.0,17840.0,0.0,0.0,52.0
2017-08-01 09:35:00,17840.0,17840.0,17840.0,17840.0,0.0,0.0,52.0
2017-08-01 09:40:00,17840.0,17840.0,17840.0,17840.0,0.0,0.0,52.0
2017-08-01 09:45:00,17840.0,17840.0,17840.0,17840.0,0.0,0.0,52.0
2017-08-01 09:50:00,17840.0,17840.0,17840.0,17840.0,0.0,0.0,52.0
2017-08-01 09:55:00,17840.0,17840.0,17840.0,17840.0,0.0,0.0,52.0
2017-08-01 10:00:00,17840.0,17980.0,17840.0,17980.0,2.0,179800.0,52.0
2017-08-01 10:05:00,17980.0,17980.0,17980.0,17980.0,0.0,0.0,52.0
2017-08-01 10:10:00,17980.0,17980.0,17980.0,17980.0,0.0,0.0,52.0
2017-08-01 10:30:00,17980.0,17980.0,17980.0,17980.0,0.0,0.0,52.0
2017-08-01 10:35:00,17980.0,17980.0,17980.0,17980.0,0.0,0.0,52.0
2017-08-01 10:40:00,17980.0,17980.0,17980.0,17980.0,0.0,0.0,52.0
2017-08-01 10:45:00,17980.0,17980.0,17980.0,17980.0,0.0,0.0,52.0
2017-08-01 10:50:00,17980.0,17980.0,17980.0,17980.0,0.0,0.0,52.0
2017-08-01 10:55:00,17980.0,17980.0,17980.0,17980.0,0.0,0.0,52.0
2017-08-01 11:00:00,17980.0,17980.0,17980.0,17980.0,0.0,0.0,52.0
2017-08-01 11:05:00,17980.0,17980.0,17980.0,17980.0,0.0,0.0,52.0
2017-08-01 11:10:00,17980.0,17980.0,17980.0,17980.0,0.0,0.0,52.0
2017-08-01 11:15:00,17980.0,17980.0,17980.0,17980.0,0.0,0.0,52.0
2017-08-01 11:20:00,17980.0,17980.0,17980.0,17980.0,0.0,0.0,52.0
2017-08-01 11:25:00,17980.0,17980.0,17980.0,17980.0,0.0,0.0,52.0
2017-08-01 13:30:00,17980.0,17980.0,17980.0,17980.0,0.0,0.0,52.0
2017-08-01 13:35:00,17980.0,17980.0,17980.0,17980.0,0.0,0.0,52.0
2017-08-01 13:40:00,17980.0,17980.0,17980.0,17980.0,0.0,0.0,52.0
2017-08-01 13:45:00,17980.0,17980.0,17980.0,17980.0,0.0,0.0,52.0
2017-08-01 13:50:00,17980.0,17980.0,17980.0,17980.0,0.0,0.0,52.0
2017-08-01 13:55:00,17980.0,17980.0,17980.0,17980.0,0.0,0.0,52.0
2017-08-01 14:00:00,17980.0,17980.0,17980.0,17980.0,0.0,0.0,52.0
2017-08-01 14:05:00,17980.0,17980.0,17980.0,17980.0,0.0,0.0,52.0
2017-08-01 14:10:00,17980.0,17980.0,17980.0,17980.0,0.0,0.0,52.0
2017-08-01 14:15:00,17980.0,17980.0,17980.0,17980.0,0.0,0.0,52.0
2017-08-01 14:20:00,17980.0,17980.0,17980.0,17980.0,0.0,0.0,52.0
2017-08-01 14:25:00,17980.0,17980.0,17980.0,17980.0,0.0,0.0,52.0
2017-08-01 14:30:00,17980.0,17980.0,17980.0,17980.0,0.0,0.0,52.0
2017-08-01 14:35:00,17980.0,17980.0,17980.0,17980.0,0.0,0.0,52.0
2017-08-01 14:40:00,17980.0,17980.0,17980.0,17980.0,0.0,0.0,52.0
2017-08-01 14:45:00,17980.0,17980.0,17980.0,17980.0,0.0,0.0,52.0
2017-08-01 14:50:00,17980.0,17980.0,17980.0,17980.0,0.0,0.0,52.0
2017-08-01 14:55:00,17980.0,17980.0,17980.0,17980.0,0.0,0.0,52.0
2017-08-01 21:00:00,17980.0,17980.0,17980.0,17980.0,0.0,0.0,52.0
2017-08-01 21:05:00,17980.0,17980.0,17980.0,17980.0,0.0,0.0,52.0
2017-08-01 21:10:00,17980.0,17980.0,17980.0,17980.0,0.0,0.0,52.0
2017-08-01 21:15:00,17980.0,17980.0,17980.0,17980.0,0.0,0.0,52.0
2017-08-01 21:20:00,17980.0,17980.0,17980.0,17980.0,0.0,0.0,52.0
2017-08-01 21:25:00,17980.0,17980.0,17980.0,17980.0,0.0,0.0,52.0
2017-08-01 21:30:00,17980.0,17980.0,17980.0,17980.0,0.0,0.0,52.0
2017-08-01 21:35:00,17980.0,17980.0,17980.0,17980.0,0.0,0.0,52.0
2017-08-01 21:40:00,17980.0,17980.0,17980.0,17980.0,0.0,0.0,52.0
2017-08-01 21:45:00,17980.0,17980.0,17980.0,17980.0,0.0,0.0,52.0
2017-08-01 21:50:00,17980.0,17980.0,17980.0,17980.0,0.0,0.0,52.0
2017-08-01 21:55:00,17980.0,17980.0,17980.0,17980.0,0.0,0.0,52.0
2017-08-01 22:00:00,17980.0,17980.0,17980.0,17980.0,0.0,0.0,52.0
2017-08-01 22:05:00,17980.0,17980.0,17980.0,17980.0,0.0,0.0,52.0
2017-08-01 22:10:00,17980.0,17980.0,17980.0,17980.0,0.0,0.0,52.0
2017-08-01 22:15:00,17980.0,17980.0,17980.0,17980.0,0.0,0.0,52.0
2017-08-01 22:20:00,17980.0,17980.0,17980.0,17980.0,0.0,0.0,52.0
2017-08-01 22:25:00,17980.0,17980.0,17980.0,17980.0,0.0,0.0,52.0
2017-08-01 22:30:00,17980.0,17980.0,17980.0,17980.0,0.0,0.0,52.0
2017-08-01 22:35:00,17980.0,17980.0,17980.0,17980.0,0.0,0.0,52.0
2017-08-01 22:40:00,17980.0,17980.0,17980.0,17980.0,0.0,0.0,52.0
2017-08-01 22:45:00,17980.0,17980.0,17980.0,17980.0,0.0,0.0,52.0
2017-08-01 22:50:00,17980.0,17980.0,17980.0,17980.0,0.0,0.0,52.0
2017-08-01 22:55:00,17980.0,17980.0,17980.0,17980.0,0.0,0.0,52.0
2017-08-01 23:00:00,17980.0,17980.0,17980.0,17980.0,0.0,0.0,52.0
2017-08-01 23:05:00,17980.0,17980.0,17980.0,17980.0,0.0,0.0,52.0
2017-08-01 23:10:00,17980.0,17980.0,17980.0,17980.0,0.0,0.0,52.0
2017-08-01 23:15:00,17980.0,17980.0,17980.0,17980.0,0.0,0.0,52.0
2017-08-01 23:20:00,17980.0,17980.0,17980.0,17980.0,0.0,0.0,52.0
2017-08-01 23:25:00,17980.0,17980.0,17980.0,17980.0,0.0,0.0,52.0
2017-08-01 23:30:00,17980.0,17980.0,17980.0,17980.0,0.0,0.0,52.0
2017-08-01 23:35:00,17980.0,17980.0,17980.0,17980.0,0.0,0.0,52.0
2017-08-01 23:40:00,17980.0,17980.0,17980.0,17980.0,0.0,0.0,52.0
2017-08-01 23:45:00,17980.0,17980.0,17980.0,17980.0,0.0,0.0,52.0
2017-08-01 23:50:00,17980.0,17980.0,17980.0,17980.0,0.0,0.0,52.0
2017-08-01 23:55:00,17980.0,17980.0,17980.0,17980.0,0.0,0.0,52.0
2017-08-02 00:00:00,17980.0,17980.0,17980.0,17980.0,0.0,0.0,52.0
2017-08-02 00:05:00,17980.0,17980.0,17980.0,17980.0,0.0,0.0,52.0
2017-08-02 00:10:00,17980.0,17980.0,17980.0,17980.0,0.0,0.0,52.0
2017-08-02 00:15:00,17980.0,17980.0,17980.0,17980.0,0.0,0.0,52.0
2017-08-02 00:20:00,17980.0,17980.0,17980.0,17980.0,0.0,0.0,52.0
2017-08-02 00:25:00,17980.0,17980.0,17980.0,17980.0,0.0,0.0,52.0
2017-08-02 00:30:00,17980.0,17980.0,17980.0,17980.0,0.0,0.0,52.0
2017-08-02 00:35:00,17980.0,17980.0,17980.0,17980.0,0.0,0.0,52.0
2017-08-02 00:40:00,17980.0,17980.0,17980.0,17980.0,0.0,0.0,52.0
2017-08-02 00:45:00,17980.0,17980.0,17980.0,17980.0,0.0,0.0,52.0
2017-08-02 00:50:00,17980.0,17980.0,17980.0,17980.0,0.0,0.0,52.0
2017-08-02 00:55:00,17980.0,17980.0,17980.0,17980.0,0.0,0.0,52.0
2017-08-02 09:00:00,17980.0,17980.0,17980.0,17980.0,0.0,0.0,52.0
2017-08-02 09:05:00,17980.0,17980.0,17980.0,17980.0,0.0,0.0,52.0
2017-08-02 09:10:00,17980.0,17980.0,17980.0,17980.0,0.0,0.0,52.0
2017-08-02 09:15:00,17980.0,17980.0,17980.0,17980.0,0.0,0.0,52.0
2017-08-02 09:20:00,17980.0,17980.0,17980.0,17980.0,0.0,0.0,52.0
2017-08-02 09:25:00,17980.0,17980.0,17980.0,17980.0,0.0,0.0,52.0
2017-08-02 09:30:00,17980.0,17980.0,17980.0,17980.0,0.0,0.0,52.0
2017-08-02 09:35:00,17980.0,17980.0,17980.0,17980.0,0.0,0.0,52.0
2017-08-02 09:40:00,17980.0,17980.0,17980.0,17980.0,0.0,0.0,52.0
2017-08-02 09:45:00,17980.0,17980.0,17980.0,17980.0,0.0,0.0,52.0
2017-08-02 09:50:00,17980.0,17980.0,17980.0,17980.0,0.0,0.0,52.0
2017-08-02 09:55:00,17980.0,17980.0,17980.0,17980.0,0.0,0.0,52.0
2017-08-02 10:00:00,17980.0,17980.0,17980.0,17980.0,0.0,0.0,52.0
2017-08-02 10:05:00,17980.0,17980.0,17980.0,17980.0,0.0,0.0,52.0
2017-08-02 10:10:00,17975.0,18035.0,17975.0,18035.0,8.0,720200.0,50.0
2017-08-02 10:30:00,18035.0,18035.0,18035.0,18035.0,0.0,0.0,50.0
2017-08-02 10:35:00,18035.0,18035.0,18035.0,18035.0,0.0,0.0,50.0
2017-08-02 10:40:00,18035.0,18035.0,18035.0,18035.0,0.0,0.0,50.0
2017-08-02 10:45:00,18035.0,18035.0,18035.0,18035.0,0.0,0.0,50.0
2017-08-02 10:50:00,18035.0,18035.0,18035.0,18035.0,0.0,0.0,50.0
2017-08-02 10:55:00,18035.0,18035.0,18035.0,18035.0,0.0,0.0,50.0
2017-08-02 11:00:00,18035.0,18035.0,18035.0,18035.0,0.0,0.0,50.0
2017-08-02 11:05:00,18035.0,18035.0,18035.0,18035.0,0.0,0.0,50.0
2017-08-02 11:10:00,18035.0,18035.0,18035.0,18035.0,0.0,0.0,50.0
2017-08-02 11:15:00,18035.0,18035.0,18035.0,18035.0,0.0,0.0,50.0
2017-08-02 11:20:00,18035.0,18035.0,18035.0,18035.0,0.0,0.0,50.0
2017-08-02 11:25:00,18035.0,18035.0,18035.0,18035.0,0.0,0.0,50.0
2017-08-02 13:30:00,18035.0,18035.0,18035.0,18035.0,0.0,0.0,50.0
2017-08-02 13:35:00,18035.0,18035.0,18035.0,18035.0,0.0,0.0,50.0
2017-08-02 13:40:00,18035.0,18035.0,18035.0,18035.0,0.0,0.0,50.0
2017-08-02 13:45:00,18035.0,18035.0,18035.0,18035.0,0.0,0.0,50.0
2017-08-02 13:50:00,18035.0,18035.0,18035.0,18035.0,0.0,0.0,50.0
2017-08-02 13:55:00,18035.0,18035.0,18035.0,18035.0,0.0,0.0,50.0
2017-08-02 14:00:00,18085.0,18085.0,18085.0,18085.0,2.0,180850.0,52.0
2017-08-02 14:05:00,18085.0,18085.0,18085.0,18085.0,0.0,0.0,52.0
2017-08-02 14:10:00,18085.0,18085.0,18085.0,18085.0,0.0,0.0,52.0
2017-08-02 14:15:00,18085.0,18085.0,18085.0,18085.0,0.0,0.0,52.0
2017-08-02 14:20:00,18085.0,18085.0,18085.0,18085.0,0.0,0.0,52.0
2017-08-02 14:25:00,18085.0,18085.0,18085.0,18085.0,0.0,0.0,52.0
2017-08-02 14:30:00,18085.0,18085.0,18085.0,18085.0,0.0,0.0,52.0
2017-08-02 14:35:00,18085.0,18085.0,18085.0,18085.0,0.0,0.0,52.0
2017-08-02 14:40:00,18085.0,18085.0,18085.0,18085.0,0.0,0.0,52.0
2017-08-02 14:45:00,18085.0,18085.0,18085.0,18085.0,0.0,0.0,52.0
2017-08-02 14:50:00,18085.0,18085.0,18085.0,18085.0,0.0,0.0,52.0
2017-08-02 14:55:00,18085.0,18085.0,18085.0,18085.0,0.0,0.0,52.0
2017-08-02 21:00:00,18020.0,18020.0,18020.0,18020.0,0.0,0.0,52.0
2017-08-02 21:05:00,18020.0,18020.0,18020.0,18020.0,0.0,0.0,52.0
2017-08-02 21:10:00,18020.0,18020.0,18020.0,18020.0,0.0,0.0,52.0
2017-08-02 21:15:00,18020.0,18020.0,18020.0,18020.0,0.0,0.0,52.0
2017-08-02 21:20:00,18020.0,18020.0,18020.0,18020.0,0.0,0.0,52.0
2017-08-02 21:25:00,18020.0,18020.0,18020.0,18020.0,0.0,0.0,52.0
2017-08-02 21:30:00,18020.0,18270.0,18020.0,18270.0,2.0,182700.0,50.0
2017-08-02 21:35:00,18270.0,18270.0,18270.0,18270.0,0.0,0.0,50.0
2017-08-02 21:40:00,18270.0,18270.0,18270.0,18270.0,0.0,0.0,50.0
2017-08-02 21:45:00,18270.0,18270.0,18270.0,18270.0,0.0,0.0,50.0
2017-08-02 21:50:00,18270.0,18270.0,18270.0,18270.0,0.0,0.0,50.0
2017-08-02 21:55:00,18270.0,18270.0,18270.0,18270.0,0.0,0.0,50.0
2017-08-02 22:00:00,18270.0,18270.0,18270.0,18270.0,0.0,0.0,50.0
2017-08-02 22:05:00,18270.0,18270.0,18270.0,18270.0,0.0,0.0,50.0
2017-08-02 22:10:00,18270.0,18270.0,18270.0,18270.0,0.0,0.0,50.0
2017-08-02 22:15:00,18270.0,18270.0,18270.0,18270.0,0.0,0.0,50.0
2017-08-02 22:20:00,18270.0,18270.0,18270.0,18270.0,0.0,0.0,50.0
2017-08-02 22:25:00,18270.0,18270.0,18270.0,18270.0,0.0,0.0,50.0
2017-08-02 22:30:00,18270.0,18270.0,18270.0,18270.0,0.0,0.0,50.0
2017-08-02 22:35:00,18270.0,18270.0,18270.0,18270.0,0.0,0.0,50.0
2017-08-02 22:40:00,18270.0,18270.0,18270.0,18270.0,0.0,0.0,50.0
2017-08-02 22:45:00,18270.0,18270.0,18270.0,18270.0,0.0,0.0,50.0
2017-08-02 22:50:00,18270.0,18270.0,18200.0,18200.0,2.0,182000.0,48.0
2017-08-02 22:55:00,18200.0,18200.0,18200.0,18200.0,0.0,0.0,48.0
2017-08-02 23:00:00,18200.0,18200.0,18200.0,18200.0,0.0,0.0,48.0
2017-08-02 23:05:00,18200.0,18200.0,18200.0,18200.0,0.0,0.0,48.0
2017-08-02 23:10:00,18200.0,18200.0,18200.0,18200.0,0.0,0.0,48.0
2017-08-02 23:15:00,18200.0,18200.0,18200.0,18200.0,0.0,0.0,48.0
2017-08-02 23:20:00,18200.0,18200.0,18200.0,18200.0,0.0,0.0,48.0
2017-08-02 23:25:00,18200.0,18200.0,18200.0,18200.0,0.0,0.0,48.0
2017-08-02 23:30:00,18200.0,18200.0,18200.0,18200.0,0.0,0.0,48.0
2017-08-02 23:35:00,18200.0,18200.0,18200.0,18200.0,0.0,0.0,48.0
2017-08-02 23:40:00,18200.0,18200.0,18200.0,18200.0,0.0,0.0,48.0
2017-08-02 23:45:00,18200.0,18200.0,18200.0,18200.0,0.0,0.0,48.0
2017-08-02 23:50:00,18200.0,18200.0,18200.0,18200.0,0.0,0.0,48.0
2017-08-02 23:55:00,18200.0,18200.0,18200.0,18200.0,0.0,0.0,48.0
2017-08-03 00:00:00,18200.0,18200.0,18200.0,18200.0,0.0,0.0,48.0
2017-08-03 00:05:00,18200.0,18200.0,18200.0,18200.0,0.0,0.0,48.0
2017-08-03 00:10:00,18200.0,18200.0,18200.0,18200.0,0.0,0.0,48.0
2017-08-03 00:15:00,18200.0,18200.0,18200.0,18200.0,0.0,0.0,48.0
2017-08-03 00:20:00,18200.0,18200.0,18200.0,18200.0,0.0,0.0,48.0
2017-08-03 00:25:00,18200.0,18200.0,18200.0,18200.0,0.0,0.0,48.0
2017-08-03 00:30:00,18200.0,18200.0,18200.0,18200.0,0.0,0.0,48.0
2017-08-03 00:35:00,18200.0,18200.0,18200.0,18200.0,0.0,0.0,48.0
2017-08-03 00:40:00,18200.0,18200.0,18200.0,18200.0,0.0,0.0,48.0
2017-08-03 00:45:00,18200.0,18200.0,18200.0,18200.0,0.0,0.0,48.0
2017-08-03 00:50:00,18200.0,18200.0,18200.0,18200.0,0.0,0.0,48.0
2017-08-03 00:55:00,18200.0,18200.0,18200.0,18200.0,0.0,0.0,48.0
2017-08-03 09:00:00,18200.0,18200.0,18200.0,18200.0,0.0,0.0,48.0
2017-08-03 09:05:00,18200.0,18200.0,18200.0,18200.0,0.0,0.0,48.0
2017-08-03 09:10:00,18200.0,18200.0,18200.0,18200.0,0.0,0.0,48.0
2017-08-03 09:15:00,18200.0,18200.0,18200.0,18200.0,0.0,0.0,48.0
2017-08-03 09:20:00,18200.0,18200.0,18200.0,18200.0,0.0,0.0,48.0
2017-08-03 09:25:00,18200.0,18200.0,18200.0,18200.0,0.0,0.0,48.0
2017-08-03 09:30:00,18200.0,18200.0,18200.0,18200.0,0.0,0.0,48.0
2017-08-03 09:35:00,18200.0,18200.0,18200.0,18200.0,0.0,0.0,48.0
2017-08-03 09:40:00,18200.0,18200.0,18200.0,18200.0,0.0,0.0,48.0
2017-08-03 09:45:00,18200.0,18200.0,18200.0,18200.0,0.0,0.0,48.0
2017-08-03 09:50:00,18200.0,18200.0,18200.0,18200.0,0.0,0.0,48.0
2017-08-03 09:55:00,18200.0,18200.0,18200.0,18200.0,0.0,0.0,48.0
2017-08-03 10:00:00,18200.0,18200.0,18200.0,18200.0,0.0,0.0,48.0
2017-08-03 10:05:00,18200.0,18200.0,18200.0,18200.0,0.0,0.0,48.0
2017-08-03 10:10:00,18200.0,18200.0,18200.0,18200.0,0.0,0.0,48.0
2017-08-03 10:30:00,18200.0,18200.0,18200.0,18200.0,0.0,0.0,48.0
2017-08-03 10:35:00,18200.0,18200.0,18200.0,18200.0,0.0,0.0,48.0
2017-08-03 10:40:00,18200.0,18200.0,18200.0,18200.0,0.0,0.0,48.0
2017-08-03 10:45:00,18200.0,18200.0,18200.0,18200.0,0.0,0.0,48.0
2017-08-03 10:50:00,18200.0,18200.0,18200.0,18200.0,0.0,0.0,48.0
2017-08-03 10:55:00,18200.0,18200.0,18200.0,18200.0,0.0,0.0,48.0
2017-08-03 11:00:00,18200.0,18200.0,18200.0,18200.0,0.0,0.0,48.0
2017-08-03 11:05:00,18200.0,18200.0,18200.0,18200.0,0.0,0.0,48.0
2017-08-03 11:10:00,18200.0,18200.0,18200.0,18200.0,0.0,0.0,48.0
2017-08-03 11:15:00,18200.0,18200.0,18200.0,18200.0,0.0,0.0,48.0
2017-08-03 11:20:00,18200.0,18200.0,18200.0,18200.0,0.0,0.0,48.0
2017-08-03 11:25:00,18200.0,18200.0,18200.0,18200.0,0.0,0.0,48.0
2017-08-03 13:30:00,18200.0,18200.0,18200.0,18200.0,0.0,0.0,48.0
2017-08-03 13:35:00,18200.0,18200.0,18200.0,18200.0,0.0,0.0,48.0
2017-08-03 13:40:00,18200.0,18200.0,18200.0,18200.0,0.0,0.0,48.0
2017-08-03 13:45:00,18200.0,18200.0,18200.0,18200.0,0.0,0.0,48.0
2017-08-03 13:50:00,18200.0,18200.0,18200.0,18200.0,0.0,0.0,48.0
2017-08-03 13:55:00,18200.0,18200.0,18200.0,18200.0,0.0,0.0,48.0
2017-08-03 14:00:00,18200.0,18200.0,18200.0,18200.0,0.0,0.0,48.0
2017-08-03 14:05:00,18200.0,18200.0,18200.0,18200.0,0.0,0.0,48.0
2017-08-03 14:10:00,18200.0,18200.0,18200.0,18200.0,0.0,0.0,48.0
2017-08-03 14:15:00,18200.0,18200.0,18200.0,18200.0,0.0,0.0,48.0
2017-08-03 14:20:00,18200.0,18200.0,18200.0,18200.0,0.0,0.0,48.0
2017-08-03 14:25:00,18200.0,18200.0,18200.0,18200.0,0.0,0.0,48.0
2017-08-03 14:30:00,18200.0,18200.0,18200.0,18200.0,0.0,0.0,48.0
2017-08-03 14:35:00,18200.0,18200.0,18200.0,18200.0,0.0,0.0,48.0
2017-08-03 14:40:00,18200.0,18200.0,18200.0,18200.0,0.0,0.0,48.0
2017-08-03 14:45:00,18200.0,18200.0,18200.0,18200.0,0.0,0.0,48.0
2017-08-03 14:50:00,18200.0,18200.0,18200.0,18200.0,0.0,0.0,48.0
2017-08-03 14:55:00,18200.0,18200.0,18200.0,18200.0,0.0,0.0,48.0
2017-08-03 21:00:00,18235.0,18235.0,18235.0,18235.0,0.0,0.0,48.0
2017-08-03 21:05:00,18235.0,18235.0,18235.0,18235.0,0.0,0.0,48.0
2017-08-03 21:10:00,18235.0,18235.0,18235.0,18235.0,0.0,0.0,48.0
2017-08-03 21:15:00,18235.0,18235.0,18235.0,18235.0,0.0,0.0,48.0
2017-08-03 21:20:00,18235.0,18235.0,18235.0,18235.0,0.0,0.0,48.0
2017-08-03 21:25:00,18235.0,18235.0,18235.0,18235.0,0.0,0.0,48.0
2017-08-03 21:30:00,18235.0,18235.0,18235.0,18235.0,0.0,0.0,48.0
2017-08-03 21:35:00,18235.0,18235.0,18235.0,18235.0,0.0,0.0,48.0
2017-08-03 21:40:00,18235.0,18235.0,18235.0,18235.0,0.0,0.0,48.0
2017-08-03 21:45:00,18235.0,18235.0,18235.0,18235.0,0.0,0.0,48.0
2017-08-03 21:50:00,18235.0,18235.0,18235.0,18235.0,0.0,0.0,48.0
2017-08-03 21:55:00,18235.0,18235.0,18235.0,18235.0,0.0,0.0,48.0
2017-08-03 22:00:00,18235.0,18235.0,18235.0,18235.0,0.0,0.0,48.0
2017-08-03 22:05:00,18235.0,18235.0,18235.0,18235.0,0.0,0.0,48.0
2017-08-03 22:10:00,18235.0,18235.0,18235.0,18235.0,0.0,0.0,48.0
2017-08-03 22:15:00,18235.0,18235.0,18235.0,18235.0,0.0,0.0,48.0
2017-08-03 22:20:00,18235.0,18235.0,18235.0,18235.0,0.0,0.0,48.0
2017-08-03 22:25:00,18235.0,18235.0,18235.0,18235.0,0.0,0.0,48.0
2017-08-03 22:30:00,18235.0,18235.0,18235.0,18235.0,0.0,0.0,48.0
2017-08-03 22:35:00,18235.0,18235.0,18235.0,18235.0,0.0,0.0,48.0
2017-08-03 22:40:00,18235.0,18235.0,18235.0,18235.0,0.0,0.0,48.0
2017-08-03 22:45:00,18235.0,18235.0,18235.0,18235.0,0.0,0.0,48.0
2017-08-03 22:50:00,18235.0,18235.0,18235.0,18235.0,0.0,0.0,48.0
2017-08-03 22:55:00,18235.0,18235.0,18235.0,18235.0,0.0,0.0,48.0
2017-08-03 23:00:00,18235.0,18235.0,18235.0,18235.0,0.0,0.0,48.0
2017-08-03 23:05:00,18235.0,18235.0,18235.0,18235.0,0.0,0.0,48.0
2017-08-03 23:10:00,18235.0,18235.0,18235.0,18235.0,0.0,0.0,48.0
2017-08-03 23:15:00,18235.0,18235.0,18235.0,18235.0,0.0,0.0,48.0
2017-08-03 23:20:00,18235.0,18235.0,18235.0,18235.0,0.0,0.0,48.0
2017-08-03 23:25:00,18235.0,18235.0,18235.0,18235.0,0.0,0.0,48.0
2017-08-03 23:30:00,18235.0,18235.0,18235.0,18235.0,0.0,0.0,48.0
2017-08-03 23:35:00,18235.0,18235.0,18235.0,18235.0,0.0,0.0,48.0
2017-08-03 23:40:00,18235.0,18235.0,18235.0,18235.0,0.0,0.0,48.0
2017-08-03 23:45:00,18235.0,18235.0,18235.0,18235.0,0.0,0.0,48.0
2017-08-03 23:50:00,18235.0,18235.0,18235.0,18235.0,0.0,0.0,48.0
2017-08-03 23:55:00,18235.0,18235.0,18235.0,18235.0,0.0,0.0,48.0
2017-08-04 00:00:00,18235.0,18235.0,18235.0,18235.0,0.0,0.0,48.0
2017-08-04 00:05:00,18235.0,18235.0,18235.0,18235.0,0.0,0.0,48.0
2017-08-04 00:10:00,18235.0,18235.0,18235.0,18235.0,0.0,0.0,48.0
2017-08-04 00:15:00,18235.0,18235.0,18235.0,18235.0,0.0,0.0,48.0
2017-08-04 00:20:00,18235.0,18235.0,18235.0,18235.0,0.0,0.0,48.0
2017-08-04 00:25:00,18235.0,18235.0,18235.0,18235.0,0.0,0.0,48.0
2017-08-04 00:30:00,18235.0,18235.0,18235.0,18235.0,0.0,0.0,48.0
2017-08-04 00:35:00,18235.0,18235.0,18235.0,18235.0,0.0,0.0,48.0
2017-08-04 00:40:00,18235.0,18235.0,18235.0,18235.0,0.0,0.0,48.0
2017-08-04 00:45:00,18235.0,18235.0,18235.0,18235.0,0.0,0.0,48.0
2017-08-04 00:50:00,18235.0,18235.0,18235.0,18235.0,0.0,0.0,48.0
2017-08-04 00:55:00,18235.0,18235.0,18235.0,18235.0,0.0,0.0,48.0
2017-08-04 09:00:00,18235.0,18235.0,18235.0,18235.0,0.0,0.0,48.0
2017-08-04 09:05:00,18235.0,18235.0,18235.0,18235.0,0.0,0.0,48.0
2017-08-04 09:10:00,18235.0,18235.0,18235.0,18235.0,0.0,0.0,48.0
2017-08-04 09:15:00,18235.0,18235.0,18235.0,18235.0,0.0,0.0,48.0
2017-08-04 09:20:00,18235.0,18235.0,18235.0,18235.0,0.0,0.0,48.0
2017-08-04 09:25:00,18235.0,18235.0,18235.0,18235.0,0.0,0.0,48.0
2017-08-04 09:30:00,18235.0,18235.0,18235.0,18235.0,0.0,0.0,48.0
2017-08-04 09:35:00,18235.0,18235.0,18235.0,18235.0,0.0,0.0,48.0
2017-08-04 09:40:00,18235.0,18235.0,18235.0,18235.0,0.0,0.0,48.0
2017-08-04 09:45:00,18235.0,18235.0,18235.0,18235.0,0.0,0.0,48.0
2017-08-04 09:50:00,18235.0,18235.0,18235.0,18235.0,0.0,0.0,48.0
2017-08-04 09:55:00,18235.0,18235.0,18235.0,18235.0,0.0,0.0,48.0
2017-08-04 10:00:00,18235.0,18235.0,18235.0,18235.0,0.0,0.0,48.0
2017-08-04 10:05:00,18235.0,18235.0,18235.0,18235.0,0.0,0.0,48.0
2017-08-04 10:10:00,18235.0,18235.0,18235.0,18235.0,0.0,0.0,48.0
2017-08-04 10:30:00,18235.0,18235.0,18235.0,18235.0,0.0,0.0,48.0
2017-08-04 10:35:00,18235.0,18235.0,18235.0,18235.0,0.0,0.0,48.0
2017-08-04 10:40:00,18235.0,18235.0,18235.0,18235.0,0.0,0.0,48.0
2017-08-04 10:45:00,18235.0,18235.0,18235.0,18235.0,0.0,0.0,48.0
2017-08-04 10:50:00,18235.0,18235.0,18235.0,18235.0,0.0,0.0,48.0
2017-08-04 10:55:00,18235.0,18235.0,18235.0,18235.0,0.0,0.0,48.0
2017-08-04 11:00:00,18235.0,18235.0,18235.0,18235.0,0.0,0.0,48.0
2017-08-04 11:05:00,18235.0,18235.0,18235.0,18235.0,0.0,0.0,48.0
2017-08-04 11:10:00,18235.0,18235.0,18235.0,18235.0,0.0,0.0,48.0
2017-08-04 11:15:00,18235.0,18235.0,18235.0,18235.0,0.0,0.0,48.0
2017-08-04 11:20:00,18235.0,18235.0,18235.0,18235.0,0.0,0.0,48.0
2017-08-04 11:25:00,18235.0,18235.0,18235.0,18235.0,0.0,0.0,48.0
2017-08-04 13:30:00,18235.0,18235.0,18235.0,18235.0,0.0,0.0,48.0
2017-08-04 13:35:00,18235.0,18235.0,18235.0,18235.0,0.0,0.0,48.0
2017-08-04 13:40:00,18235.0,18235.0,18235.0,18235.0,0.0,0.0,48.0
2017-08-04 13:45:00,18235.0,18235.0,18235.0,18235.0,0.0,0.0,48.0
2017-08-04 13:50:00,18235.0,18235.0,18235.0,18235.0,0.0,0.0,48.0
2017-08-04 13:55:00,18235.0,18235.0,18235.0,18235.0,0.0,0.0,48.0
2017-08-04 14:00:00,18235.0,18235.0,18235.0,18235.0,0.0,0.0,48.0
2017-08-04 14:05:00,18235.0,18235.0,18235.0,18235.0,0.0,0.0,48.0
2017-08-04 14:10:00,18235.0,18235.0,18235.0,18235.0,0.0,0.0,48.0
2017-08-04 14:15:00,18235.0,18235.0,18235.0,18235.0,0.0,0.0,48.0
2017-08-04 14:20:00,18235.0,18235.0,18235.0,18235.0,0.0,0.0,48.0
2017-08-04 14:25:00,18235.0,18235.0,18235.0,18235.0,0.0,0.0,48.0
2017-08-04 14:30:00,18235.0,18235.0,18235.0,18235.0,0.0,0.0,48.0
2017-08-04 14:35:00,18235.0,18235.0,18235.0,18235.0,0.0,0.0,48.0
2017-08-04 14:40:00,18235.0,18235.0,18235.0,18235.0,0.0,0.0,48.0
2017-08-04 14:45:00,18235.0,18235.0,18235.0,18235.0,0.0,0.0,48.0
2017-08-04 14:50:00,18235.0,18235.0,18235.0,18235.0,0.0,0.0,48.0
2017-08-04 14:55:00,18235.0,18235.0,18235.0,18235.0,0.0,0.0,48.0
2017-08-04 21:00:00,18235.0,18235.0,18235.0,18235.0,0.0,0.0,48.0
2017-08-04 21:05:00,18235.0,18235.0,18235.0,18235.0,0.0,0.0,48.0
2017-08-04 21:10:00,18235.0,18235.0,18235.0,18235.0,0.0,0.0,48.0
2017-08-04 21:15:00,18235.0,18235.0,18235.0,18235.0,0.0,0.0,48.0
2017-08-04 21:20:00,18235.0,18235.0,18235.0,18235.0,0.0,0.0,48.0
2017-08-04 21:25:00,18235.0,18235.0,18235.0,18235.0,0.0,0.0,48.0
2017-08-04 21:30:00,18235.0,18235.0,18235.0,18235.0,0.0,0.0,48.0
2017-08-04 21:35:00,18235.0,18235.0,18235.0,18235.0,0.0,0.0,48.0
2017-08-04 21:40:00,18235.0,18235.0,18235.0,18235.0,0.0,0.0,48.0
2017-08-04 21:45:00,18235.0,18370.0,18235.0,18370.0,2.0,183700.0,48.0
2017-08-04 21:50:00,18370.0,18370.0,18370.0,18370.0,0.0,0.0,48.0
2017-08-04 21:55:00,18370.0,18370.0,18370.0,18370.0,0.0,0.0,48.0
2017-08-04 22:00:00,18370.0,18370.0,18370.0,18370.0,0.0,0.0,48.0
2017-08-04 22:05:00,18370.0,18370.0,18370.0,18370.0,0.0,0.0,48.0
2017-08-04 22:10:00,18370.0,18370.0,18370.0,18370.0,0.0,0.0,48.0
2017-08-04 22:15:00,18370.0,18370.0,18370.0,18370.0,0.0,0.0,48.0
2017-08-04 22:20:00,18370.0,18370.0,18370.0,18370.0,0.0,0.0,48.0
2017-08-04 22:25:00,18370.0,18370.0,18370.0,18370.0,0.0,0.0,48.0
2017-08-04 22:30:00,18370.0,18370.0,18370.0,18370.0,0.0,0.0,48.0
2017-08-04 22:35:00,18370.0,18370.0,18370.0,18370.0,0.0,0.0,48.0
2017-08-04 22:40:00,18370.0,18370.0,18370.0,18370.0,0.0,0.0,48.0
2017-08-04 22:45:00,18370.0,18370.0,18370.0,18370.0,0.0,0.0,48.0
2017-08-04 22:50:00,18370.0,18370.0,18370.0,18370.0,0.0,0.0,48.0
2017-08-04 22:55:00,18370.0,18370.0,18370.0,18370.0,0.0,0.0,48.0
2017-08-04 23:00:00,18370.0,18370.0,18370.0,18370.0,0.0,0.0,48.0
2017-08-04 23:05:00,18370.0,18370.0,18370.0,18370.0,0.0,0.0,48.0
2017-08-04 23:10:00,18370.0,18370.0,18370.0,18370.0,0.0,0.0,48.0
2017-08-04 23:15:00,18370.0,18370.0,18370.0,18370.0,0.0,0.0,48.0
2017-08-04 23:20:00,18370.0,18370.0,18370.0,18370.0,0.0,0.0,48.0
2017-08-04 23:25:00,18370.0,18370.0,18370.0,18370.0,0.0,0.0,48.0
2017-08-04 23:30:00,18370.0,18370.0,18370.0,18370.0,0.0,0.0,48.0
2017-08-04 23:35:00,18370.0,18370.0,18370.0,18370.0,0.0,0.0,48.0
2017-08-04 23:40:00,18370.0,18370.0,18370.0,18370.0,0.0,0.0,48.0
2017-08-04 23:45:00,18370.0,18370.0,18370.0,18370.0,0.0,0.0,48.0
2017-08-04 23:50:00,18370.0,18370.0,18370.0,18370.0,0.0,0.0,48.0
2017-08-04 23:55:00,18370.0,18370.0,18370.0,18370.0,0.0,0.0,48.0
2017-08-05 00:00:00,18370.0,18370.0,18370.0,18370.0,0.0,0.0,48.0
2017-08-05 00:05:00,18370.0,18370.0,18370.0,18370.0,0.0,0.0,48.0
2017-08-05 00:10:00,18370.0,18370.0,18370.0,18370.0,0.0,0.0,48.0
2017-08-05 00:15:00,18370.0,18370.0,18370.0,18370.0,0.0,0.0,48.0
2017-08-05 00:20:00,18370.0,18370.0,18370.0,18370.0,0.0,0.0,48.0
2017-08-05 00:25:00,18370.0,18370.0,18370.0,18370.0,0.0,0.0,48.0
2017-08-05 00:30:00,18370.0,18370.0,18370.0,18370.0,0.0,0.0,48.0
2017-08-05 00:35:00,18370.0,18370.0,18370.0,18370.0,0.0,0.0,48.0
2017-08-05 00:40:00,18370.0,18370.0,18370.0,18370.0,0.0,0.0,48.0
2017-08-05 00:45:00,18370.0,18370.0,18370.0,18370.0,0.0,0.0,48.0
2017-08-05 00:50:00,18370.0,18370.0,18370.0,18370.0,0.0,0.0,48.0
2017-08-05 00:55:00,18370.0,18370.0,18370.0,18370.0,0.0,0.0,48.0
2017-08-07 09:00:00,18370.0,18370.0,18370.0,18370.0,0.0,0.0,48.0
2017-08-07 09:05:00,18370.0,18370.0,18370.0,18370.0,0.0,0.0,48.0
2017-08-07 09:10:00,18370.0,18370.0,18370.0,18370.0,0.0,0.0,48.0
2017-08-07 09:15:00,18370.0,18370.0,18370.0,18370.0,0.0,0.0,48.0
2017-08-07 09:20:00,18370.0,18370.0,18370.0,18370.0,0.0,0.0,48.0
2017-08-07 09:25:00,18370.0,18370.0,18370.0,18370.0,0.0,0.0,48.0
2017-08-07 09:30:00,18370.0,18370.0,18370.0,18370.0,0.0,0.0,48.0
2017-08-07 09:35:00,18370.0,18370.0,18370.0,18370.0,0.0,0.0,48.0
2017-08-07 09:40:00,18370.0,18370.0,18370.0,18370.0,0.0,0.0,48.0
2017-08-07 09:45:00,18370.0,18370.0,18370.0,18370.0,0.0,0.0,48.0
2017-08-07 09:50:00,18370.0,18370.0,18370.0,18370.0,0.0,0.0,48.0
2017-08-07 09:55:00,18370.0,18370.0,18370.0,18370.0,0.0,0.0,48.0
2017-08-07 10:00:00,18370.0,18370.0,18370.0,18370.0,0.0,0.0,48.0
2017-08-07 10:05:00,18370.0,18370.0,18370.0,18370.0,0.0,0.0,48.0
2017-08-07 10:10:00,18370.0,18370.0,18370.0,18370.0,0.0,0.0,48.0
2017-08-07 10:30:00,18370.0,18370.0,18370.0,18370.0,0.0,0.0,48.0
2017-08-07 10:35:00,18370.0,18370.0,18370.0,18370.0,0.0,0.0,48.0
2017-08-07 10:40:00,18370.0,18370.0,18370.0,18370.0,0.0,0.0,48.0
2017-08-07 10:45:00,18370.0,18370.0,18370.0,18370.0,0.0,0.0,48.0
2017-08-07 10:50:00,18370.0,18660.0,18370.0,18660.0,2.0,186600.0,48.0
2017-08-07 10:55:00,18660.0,18660.0,18660.0,18660.0,0.0,0.0,48.0
2017-08-07 11:00:00,18660.0,18660.0,18660.0,18660.0,0.0,0.0,48.0
2017-08-07 11:05:00,18660.0,18660.0,18660.0,18660.0,0.0,0.0,48.0
2017-08-07 11:10:00,18660.0,18660.0,18660.0,18660.0,0.0,0.0,48.0
2017-08-07 11:15:00,18660.0,18660.0,18660.0,18660.0,0.0,0.0,48.0
2017-08-07 11:20:00,18660.0,18660.0,18660.0,18660.0,0.0,0.0,48.0
2017-08-07 11:25:00,18660.0,18660.0,18660.0,18660.0,0.0,0.0,48.0
2017-08-07 13:30:00,18660.0,18660.0,18660.0,18660.0,0.0,0.0,48.0
2017-08-07 13:35:00,18660.0,18660.0,18660.0,18660.0,0.0,0.0,48.0
2017-08-07 13:40:00,18660.0,18660.0,18660.0,18660.0,0.0,0.0,48.0
2017-08-07 13:45:00,18660.0,18660.0,18660.0,18660.0,0.0,0.0,48.0
2017-08-07 13:50:00,18660.0,18660.0,18660.0,18660.0,0.0,0.0,48.0
2017-08-07 13:55:00,18660.0,18660.0,18660.0,18660.0,0.0,0.0,48.0
2017-08-07 14:00:00,18660.0,18660.0,18660.0,18660.0,0.0,0.0,48.0
2017-08-07 14:05:00,18660.0,18660.0,18660.0,18660.0,0.0,0.0,48.0
2017-08-07 14:10:00,18660.0,18660.0,18660.0,18660.0,0.0,0.0,48.0
2017-08-07 14:15:00,18660.0,18660.0,18660.0,18660.0,0.0,0.0,48.0
2017-08-07 14:20:00,18660.0,18660.0,18660.0,18660.0,0.0,0.0,48.0
2017-08-07 14:25:00,18660.0,18660.0,18660.0,18660.0,0.0,0.0,48.0
2017-08-07 14:30:00,18660.0,18660.0,18660.0,18660.0,0.0,0.0,48.0
2017-08-07 14:35:00,18660.0,18660.0,18660.0,18660.0,0.0,0.0,48.0
2017-08-07 14:40:00,18660.0,18660.0,18660.0,18660.0,0.0,0.0,48.0
2017-08-07 14:45:00,18660.0,18660.0,18660.0,18660.0,0.0,0.0,48.0
2017-08-07 14:50:00,18660.0,18660.0,18660.0,18660.0,0.0,0.0,48.0
2017-08-07 14:55:00,18660.0,18660.0,18660.0,18660.0,0.0,0.0,48.0
2017-08-07 21:00:00,18515.0,18515.0,18515.0,18515.0,0.0,0.0,48.0
2017-08-07 21:05:00,18515.0,18515.0,18515.0,18515.0,0.0,0.0,48.0
2017-08-07 21:10:00,18515.0,18515.0,18515.0,18515.0,0.0,0.0,48.0
2017-08-07 21:15:00,18515.0,18515.0,18515.0,18515.0,0.0,0.0,48.0
2017-08-07 21:20:00,18515.0,18515.0,18515.0,18515.0,0.0,0.0,48.0
2017-08-07 21:25:00,18515.0,18515.0,18515.0,18515.0,0.0,0.0,48.0
2017-08-07 21:30:00,18515.0,18515.0,18515.0,18515.0,0.0,0.0,48.0
2017-08-07 21:35:00,18515.0,18515.0,18515.0,18515.0,0.0,0.0,48.0
2017-08-07 21:40:00,18515.0,18515.0,18515.0,18515.0,0.0,0.0,48.0
2017-08-07 21:45:00,18515.0,18515.0,18515.0,18515.0,0.0,0.0,48.0
2017-08-07 21:50:00,18515.0,18515.0,18515.0,18515.0,0.0,0.0,48.0
2017-08-07 21:55:00,18515.0,18515.0,18515.0,18515.0,0.0,0.0,48.0
2017-08-07 22:00:00,18515.0,18515.0,18515.0,18515.0,0.0,0.0,48.0
2017-08-07 22:05:00,18515.0,18515.0,18515.0,18515.0,0.0,0.0,48.0
2017-08-07 22:10:00,18515.0,18515.0,18515.0,18515.0,0.0,0.0,48.0
2017-08-07 22:15:00,18515.0,18515.0,18515.0,18515.0,0.0,0.0,48.0
2017-08-07 22:20:00,18515.0,18515.0,18515.0,18515.0,0.0,0.0,48.0
2017-08-07 22:25:00,18515.0,18515.0,18515.0,18515.0,0.0,0.0,48.0
2017-08-07 22:30:00,18515.0,18515.0,18515.0,18515.0,0.0,0.0,48.0
2017-08-07 22:35:00,18515.0,18515.0,18515.0,18515.0,0.0,0.0,48.0
2017-08-07 22:40:00,18515.0,18515.0,18515.0,18515.0,0.0,0.0,48.0
2017-08-07 22:45:00,18515.0,18515.0,18515.0,18515.0,0.0,0.0,48.0
2017-08-07 22:50:00,18515.0,18515.0,18515.0,18515.0,0.0,0.0,48.0
2017-08-07 22:55:00,18515.0,18515.0,18515.0,18515.0,0.0,0.0,48.0
2017-08-07 23:00:00,18515.0,18515.0,18515.0,18515.0,0.0,0.0,48.0
2017-08-07 23:05:00,18515.0,18515.0,18515.0,18515.0,0.0,0.0,48.0
2017-08-07 23:10:00,18515.0,18515.0,18515.0,18515.0,0.0,0.0,48.0
2017-08-07 23:15:00,18515.0,18515.0,18515.0,18515.0,0.0,0.0,48.0
2017-08-07 23:20:00,18515.0,18515.0,18515.0,18515.0,0.0,0.0,48.0
2017-08-07 23:25:00,18515.0,18515.0,18515.0,18515.0,0.0,0.0,48.0
2017-08-07 23:30:00,18515.0,18515.0,18515.0,18515.0,0.0,0.0,48.0
2017-08-07 23:35:00,18515.0,18515.0,18515.0,18515.0,0.0,0.0,48.0
2017-08-07 23:40:00,18515.0,18515.0,18515.0,18515.0,0.0,0.0,48.0
2017-08-07 23:45:00,18515.0,18515.0,18515.0,18515.0,0.0,0.0,48.0
2017-08-07 23:50:00,18515.0,18515.0,18515.0,18515.0,0.0,0.0,48.0
2017-08-07 23:55:00,18515.0,18515.0,18515.0,18515.0,0.0,0.0,48.0
2017-08-08 00:00:00,18515.0,18515.0,18515.0,18515.0,0.0,0.0,48.0
2017-08-08 00:05:00,18515.0,18515.0,18515.0,18515.0,0.0,0.0,48.0
2017-08-08 00:10:00,18515.0,18840.0,18515.0,18840.0,2.0,188400.0,46.0
2017-08-08 00:15:00,18840.0,18840.0,18840.0,18840.0,0.0,0.0,46.0
2017-08-08 00:20:00,18840.0,18840.0,18840.0,18840.0,0.0,0.0,46.0
2017-08-08 00:25:00,18840.0,18840.0,18840.0,18840.0,0.0,0.0,46.0
2017-08-08 00:30:00,18840.0,18840.0,18840.0,18840.0,0.0,0.0,46.0
2017-08-08 00:35:00,18840.0,18840.0,18840.0,18840.0,0.0,0.0,46.0
2017-08-08 00:40:00,18840.0,18840.0,18840.0,18840.0,0.0,0.0,46.0
2017-08-08 00:45:00,18840.0,18840.0,18840.0,18840.0,0.0,0.0,46.0
2017-08-08 00:50:00,18840.0,18840.0,18840.0,18840.0,0.0,0.0,46.0
2017-08-08 00:55:00,18840.0,18840.0,18840.0,18840.0,0.0,0.0,46.0
2017-08-08 09:00:00,18840.0,18840.0,18840.0,18840.0,0.0,0.0,46.0
2017-08-08 09:05:00,18840.0,18840.0,18840.0,18840.0,0.0,0.0,46.0
2017-08-08 09:10:00,18840.0,18840.0,18840.0,18840.0,0.0,0.0,46.0
2017-08-08 09:15:00,18840.0,18840.0,18840.0,18840.0,0.0,0.0,46.0
2017-08-08 09:20:00,18840.0,18840.0,18840.0,18840.0,0.0,0.0,46.0
2017-08-08 09:25:00,18840.0,18840.0,18840.0,18840.0,0.0,0.0,46.0
2017-08-08 09:30:00,18840.0,18840.0,18840.0,18840.0,0.0,0.0,46.0
2017-08-08 09:35:00,18840.0,18840.0,18840.0,18840.0,0.0,0.0,46.0
2017-08-08 09:40:00,18840.0,18840.0,18840.0,18840.0,0.0,0.0,46.0
2017-08-08 09:45:00,18840.0,18840.0,18840.0,18840.0,0.0,0.0,46.0
2017-08-08 09:50:00,18840.0,18840.0,18840.0,18840.0,0.0,0.0,46.0
2017-08-08 09:55:00,18840.0,18840.0,18840.0,18840.0,0.0,0.0,46.0
2017-08-08 10:00:00,18840.0,18840.0,18840.0,18840.0,0.0,0.0,46.0
2017-08-08 10:05:00,18840.0,18840.0,18840.0,18840.0,0.0,0.0,46.0
2017-08-08 10:10:00,18840.0,18840.0,18840.0,18840.0,0.0,0.0,46.0
2017-08-08 10:30:00,18840.0,18840.0,18840.0,18840.0,0.0,0.0,46.0
2017-08-08 10:35:00,18840.0,18840.0,18840.0,18840.0,0.0,0.0,46.0
2017-08-08 10:40:00,18840.0,18840.0,18840.0,18840.0,0.0,0.0,46.0
2017-08-08 10:45:00,18840.0,18840.0,18840.0,18840.0,0.0,0.0,46.0
2017-08-08 10:50:00,18840.0,18840.0,18840.0,18840.0,0.0,0.0,46.0
2017-08-08 10:55:00,18840.0,18840.0,18840.0,18840.0,0.0,0.0,46.0
2017-08-08 11:00:00,18840.0,18840.0,18840.0,18840.0,0.0,0.0,46.0
2017-08-08 11:05:00,18840.0,18840.0,18840.0,18840.0,0.0,0.0,46.0
2017-08-08 11:10:00,18840.0,18840.0,18840.0,18840.0,0.0,0.0,46.0
2017-08-08 11:15:00,18840.0,18840.0,18840.0,18840.0,0.0,0.0,46.0
2017-08-08 11:20:00,18840.0,18840.0,18840.0,18840.0,0.0,0.0,46.0
2017-08-08 11:25:00,18840.0,18840.0,18840.0,18840.0,0.0,0.0,46.0
2017-08-08 13:30:00,18840.0,18840.0,18840.0,18840.0,0.0,0.0,46.0
2017-08-08 13:35:00,18840.0,18840.0,18840.0,18840.0,0.0,0.0,46.0
2017-08-08 13:40:00,18840.0,18840.0,18840.0,18840.0,0.0,0.0,46.0
2017-08-08 13:45:00,18840.0,18840.0,18840.0,18840.0,0.0,0.0,46.0
2017-08-08 13:50:00,18840.0,18840.0,18840.0,18840.0,0.0,0.0,46.0
2017-08-08 13:55:00,18840.0,18840.0,18840.0,18840.0,0.0,0.0,46.0
2017-08-08 14:00:00,18840.0,18840.0,18840.0,18840.0,0.0,0.0,46.0
2017-08-08 14:05:00,18840.0,18840.0,18840.0,18840.0,0.0,0.0,46.0
2017-08-08 14:10:00,18840.0,18840.0,18840.0,18840.0,0.0,0.0,46.0
2017-08-08 14:15:00,18840.0,18840.0,18840.0,18840.0,0.0,0.0,46.0
2017-08-08 14:20:00,18840.0,18840.0,18840.0,18840.0,0.0,0.0,46.0
2017-08-08 14:25:00,18840.0,18840.0,18840.0,18840.0,0.0,0.0,46.0
2017-08-08 14:30:00,18840.0,18840.0,18840.0,18840.0,0.0,0.0,46.0
2017-08-08 14:35:00,18840.0,18840.0,18840.0,18840.0,0.0,0.0,46.0
2017-08-08 14:40:00,18840.0,18840.0,18840.0,18840.0,0.0,0.0,46.0
2017-08-08 14:45:00,18840.0,18840.0,18840.0,18840.0,0.0,0.0,46.0
2017-08-08 14:50:00,18840.0,18840.0,18840.0,18840.0,0.0,0.0,46.0
2017-08-08 14:55:00,18840.0,18840.0,18840.0,18840.0,0.0,0.0,46.0
2017-08-08 21:00:00,18840.0,18840.0,18840.0,18840.0,0.0,0.0,46.0
2017-08-08 21:05:00,18840.0,18840.0,18840.0,18840.0,0.0,0.0,46.0
2017-08-08 21:10:00,18840.0,18840.0,18840.0,18840.0,0.0,0.0,46.0
2017-08-08 21:15:00,18840.0,18840.0,18840.0,18840.0,0.0,0.0,46.0
2017-08-08 21:20:00,18840.0,18840.0,18840.0,18840.0,0.0,0.0,46.0
2017-08-08 21:25:00,18840.0,18840.0,18840.0,18840.0,0.0,0.0,46.0
2017-08-08 21:30:00,18840.0,18840.0,18840.0,18840.0,0.0,0.0,46.0
2017-08-08 21:35:00,18840.0,18840.0,18840.0,18840.0,0.0,0.0,46.0
2017-08-08 21:40:00,18840.0,18840.0,18840.0,18840.0,0.0,0.0,46.0
2017-08-08 21:45:00,18840.0,18840.0,18840.0,18840.0,0.0,0.0,46.0
2017-08-08 21:50:00,18840.0,18840.0,18840.0,18840.0,0.0,0.0,46.0
2017-08-08 21:55:00,18840.0,18840.0,18840.0,18840.0,0.0,0.0,46.0
2017-08-08 22:00:00,18840.0,18840.0,18840.0,18840.0,0.0,0.0,46.0
2017-08-08 22:05:00,18840.0,18840.0,18840.0,18840.0,0.0,0.0,46.0
2017-08-08 22:10:00,18840.0,18840.0,18840.0,18840.0,0.0,0.0,46.0
2017-08-08 22:15:00,18840.0,18840.0,18840.0,18840.0,0.0,0.0,46.0
2017-08-08 22:20:00,18840.0,18840.0,18840.0,18840.0,0.0,0.0,46.0
2017-08-08 22:25:00,18840.0,18840.0,18840.0,18840.0,0.0,0.0,46.0
2017-08-08 22:30:00,18840.0,18840.0,18840.0,18840.0,0.0,0.0,46.0
2017-08-08 22:35:00,18840.0,18840.0,18840.0,18840.0,0.0,0.0,46.0
2017-08-08 22:40:00,18840.0,18840.0,18840.0,18840.0,0.0,0.0,46.0
2017-08-08 22:45:00,18840.0,18840.0,18840.0,18840.0,0.0,0.0,46.0
2017-08-08 22:50:00,18840.0,18840.0,18840.0,18840.0,0.0,0.0,46.0
2017-08-08 22:55:00,18840.0,18840.0,18840.0,18840.0,0.0,0.0,46.0
2017-08-08 23:00:00,18840.0,18840.0,18840.0,18840.0,0.0,0.0,46.0
2017-08-08 23:05:00,18840.0,18840.0,18840.0,18840.0,0.0,0.0,46.0
2017-08-08 23:10:00,18840.0,19020.0,18840.0,19020.0,2.0,190200.0,46.0
2017-08-08 23:15:00,19020.0,19020.0,19020.0,19020.0,0.0,0.0,46.0
2017-08-08 23:20:00,19020.0,19020.0,19020.0,19020.0,0.0,0.0,46.0
2017-08-08 23:25:00,19020.0,19020.0,19020.0,19020.0,0.0,0.0,46.0
2017-08-08 23:30:00,19020.0,19165.0,19020.0,19165.0,2.0,191650.0,48.0
2017-08-08 23:35:00,19165.0,19165.0,19165.0,19165.0,0.0,0.0,48.0
2017-08-08 23:40:00,19165.0,19165.0,19165.0,19165.0,0.0,0.0,48.0
2017-08-08 23:45:00,19165.0,19165.0,19165.0,19165.0,0.0,0.0,48.0
2017-08-08 23:50:00,19165.0,19165.0,19165.0,19165.0,0.0,0.0,48.0
2017-08-08 23:55:00,19165.0,19165.0,19165.0,19165.0,0.0,0.0,48.0
2017-08-09 00:00:00,19165.0,19165.0,19165.0,19165.0,0.0,0.0,48.0
2017-08-09 00:05:00,19165.0,19165.0,19165.0,19165.0,0.0,0.0,48.0
2017-08-09 00:10:00,19165.0,19165.0,19165.0,19165.0,0.0,0.0,48.0
2017-08-09 00:15:00,19165.0,19165.0,19165.0,19165.0,0.0,0.0,48.0
2017-08-09 00:20:00,19165.0,19165.0,19165.0,19165.0,0.0,0.0,48.0
2017-08-09 00:25:00,19165.0,19165.0,19165.0,19165.0,0.0,0.0,48.0
2017-08-09 00:30:00,19165.0,19165.0,19165.0,19165.0,0.0,0.0,48.0
2017-08-09 00:35:00,19165.0,19165.0,19165.0,19165.0,0.0,0.0,48.0
2017-08-09 00:40:00,19165.0,19165.0,19165.0,19165.0,0.0,0.0,48.0
2017-08-09 00:45:00,19165.0,19165.0,19165.0,19165.0,0.0,0.0,48.0
2017-08-09 00:50:00,19165.0,19165.0,19165.0,19165.0,0.0,0.0,48.0
2017-08-09 00:55:00,19165.0,19165.0,19165.0,19165.0,0.0,0.0,48.0
2017-08-09 09:00:00,19165.0,19165.0,19165.0,19165.0,0.0,0.0,48.0
2017-08-09 09:05:00,19165.0,19165.0,19165.0,19165.0,0.0,0.0,48.0
2017-08-09 09:10:00,19165.0,19165.0,19165.0,19165.0,0.0,0.0,48.0
2017-08-09 09:15:00,19165.0,19165.0,19165.0,19165.0,0.0,0.0,48.0
2017-08-09 09:20:00,19165.0,19165.0,19165.0,19165.0,0.0,0.0,48.0
2017-08-09 09:25:00,19165.0,19165.0,19165.0,19165.0,0.0,0.0,48.0
2017-08-09 09:30:00,19165.0,19165.0,19165.0,19165.0,0.0,0.0,48.0
2017-08-09 09:35:00,19165.0,19165.0,19165.0,19165.0,0.0,0.0,48.0
2017-08-09 09:40:00,19165.0,19165.0,19165.0,19165.0,0.0,0.0,48.0
2017-08-09 09:45:00,19165.0,19165.0,19165.0,19165.0,0.0,0.0,48.0
2017-08-09 09:50:00,19165.0,19165.0,19165.0,19165.0,0.0,0.0,48.0
2017-08-09 09:55:00,19165.0,19165.0,19165.0,19165.0,0.0,0.0,48.0
2017-08-09 10:00:00,19165.0,19165.0,19165.0,19165.0,0.0,0.0,48.0
2017-08-09 10:05:00,19165.0,19165.0,19165.0,19165.0,0.0,0.0,48.0
2017-08-09 10:10:00,19165.0,19165.0,19165.0,19165.0,0.0,0.0,48.0
2017-08-09 10:30:00,19165.0,19165.0,19165.0,19165.0,0.0,0.0,48.0
2017-08-09 10:35:00,19165.0,19165.0,19165.0,19165.0,0.0,0.0,48.0
2017-08-09 10:40:00,19165.0,19165.0,19165.0,19165.0,0.0,0.0,48.0
2017-08-09 10:45:00,19165.0,19165.0,19165.0,19165.0,0.0,0.0,48.0
2017-08-09 10:50:00,19165.0,19165.0,19165.0,19165.0,0.0,0.0,48.0
2017-08-09 10:55:00,19165.0,19165.0,19165.0,19165.0,0.0,0.0,48.0
2017-08-09 11:00:00,19165.0,19165.0,19165.0,19165.0,0.0,0.0,48.0
2017-08-09 11:05:00,19165.0,19165.0,19165.0,19165.0,0.0,0.0,48.0
2017-08-09 11:10:00,19165.0,19175.0,19165.0,19175.0,2.0,191750.0,48.0
2017-08-09 11:15:00,19175.0,19175.0,19175.0,19175.0,0.0,0.0,48.0
2017-08-09 11:20:00,19180.0,19180.0,19180.0,19180.0,2.0,191800.0,50.0
2017-08-09 11:25:00,19180.0,19180.0,19180.0,19180.0,0.0,0.0,50.0
2017-08-09 13:30:00,19180.0,19180.0,19180.0,19180.0,0.0,0.0,50.0
2017-08-09 13:35:00,19180.0,19180.0,19180.0,19180.0,0.0,0.0,50.0
2017-08-09 13:40:00,19180.0,19180.0,19180.0,19180.0,0.0,0.0,50.0
2017-08-09 13:45:00,19180.0,19180.0,19180.0,19180.0,0.0,0.0,50.0
2017-08-09 13:50:00,19180.0,19180.0,19180.0,19180.0,0.0,0.0,50.0
2017-08-09 13:55:00,19180.0,19180.0,19180.0,19180.0,0.0,0.0,50.0
2017-08-09 14:00:00,19180.0,19180.0,19180.0,19180.0,0.0,0.0,50.0
2017-08-09 14:05:00,19180.0,19230.0,19180.0,19230.0,2.0,192300.0,52.0
2017-08-09 14:10:00,19230.0,19230.0,19230.0,19230.0,0.0,0.0,52.0
2017-08-09 14:15:00,19230.0,19230.0,19230.0,19230.0,0.0,0.0,52.0
2017-08-09 14:20:00,19230.0,19230.0,19230.0,19230.0,0.0,0.0,52.0
2017-08-09 14:25:00,19230.0,19230.0,19230.0,19230.0,0.0,0.0,52.0
2017-08-09 14:30:00,19230.0,19230.0,19230.0,19230.0,0.0,0.0,52.0
2017-08-09 14:35:00,19230.0,19230.0,19230.0,19230.0,0.0,0.0,52.0
2017-08-09 14:40:00,19230.0,19230.0,19230.0,19230.0,0.0,0.0,52.0
2017-08-09 14:45:00,19230.0,19230.0,19230.0,19230.0,0.0,0.0,52.0
2017-08-09 14:50:00,19230.0,19230.0,19230.0,19230.0,0.0,0.0,52.0
2017-08-09 14:55:00,19230.0,19230.0,19230.0,19230.0,0.0,0.0,52.0
2017-08-09 21:00:00,19150.0,19150.0,19150.0,19150.0,0.0,0.0,52.0
2017-08-09 21:05:00,19150.0,19150.0,19150.0,19150.0,0.0,0.0,52.0
2017-08-09 21:10:00,19150.0,19150.0,19150.0,19150.0,0.0,0.0,52.0
2017-08-09 21:15:00,19150.0,19150.0,19150.0,19150.0,0.0,0.0,52.0
2017-08-09 21:20:00,19150.0,19150.0,19150.0,19150.0,0.0,0.0,52.0
2017-08-09 21:25:00,19150.0,19150.0,19150.0,19150.0,0.0,0.0,52.0
2017-08-09 21:30:00,19150.0,19150.0,19150.0,19150.0,0.0,0.0,52.0
2017-08-09 21:35:00,19150.0,19150.0,19150.0,19150.0,0.0,0.0,52.0
2017-08-09 21:40:00,19150.0,19150.0,19150.0,19150.0,0.0,0.0,52.0
2017-08-09 21:45:00,19150.0,19150.0,19150.0,19150.0,0.0,0.0,52.0
2017-08-09 21:50:00,19150.0,19150.0,19150.0,19150.0,0.0,0.0,52.0
2017-08-09 21:55:00,19150.0,19150.0,19150.0,19150.0,0.0,0.0,52.0
2017-08-09 22:00:00,19150.0,19150.0,19150.0,19150.0,0.0,0.0,52.0
2017-08-09 22:05:00,19150.0,19150.0,19150.0,19150.0,0.0,0.0,52.0
2017-08-09 22:10:00,19150.0,19150.0,19150.0,19150.0,0.0,0.0,52.0
2017-08-09 22:15:00,19150.0,19150.0,19150.0,19150.0,0.0,0.0,52.0
2017-08-09 22:20:00,19150.0,19150.0,19150.0,19150.0,0.0,0.0,52.0
2017-08-09 22:25:00,19150.0,19150.0,19150.0,19150.0,0.0,0.0,52.0
2017-08-09 22:30:00,19150.0,19150.0,19150.0,19150.0,0.0,0.0,52.0
2017-08-09 22:35:00,19150.0,19150.0,19150.0,19150.0,0.0,0.0,52.0
2017-08-09 22:40:00,19150.0,19275.0,19150.0,19275.0,2.0,192750.0,52.0
2017-08-09 22:45:00,19275.0,19275.0,19275.0,19275.0,0.0,0.0,52.0
2017-08-09 22:50:00,19275.0,19275.0,19275.0,19275.0,0.0,0.0,52.0
2017-08-09 22:55:00,19275.0,19275.0,19275.0,19275.0,0.0,0.0,52.0
2017-08-09 23:00:00,19275.0,19275.0,19275.0,19275.0,0.0,0.0,52.0
2017-08-09 23:05:00,19275.0,19275.0,19275.0,19275.0,0.0,0.0,52.0
2017-08-09 23:10:00,19275.0,19275.0,19275.0,19275.0,0.0,0.0,52.0
2017-08-09 23:15:00,19275.0,19275.0,19275.0,19275.0,0.0,0.0,52.0
2017-08-09 23:20:00,19275.0,19275.0,19275.0,19275.0,0.0,0.0,52.0
2017-08-09 23:25:00,19275.0,19275.0,19275.0,19275.0,0.0,0.0,52.0
2017-08-09 23:30:00,19275.0,19275.0,19275.0,19275.0,0.0,0.0,52.0
2017-08-09 23:35:00,19275.0,19275.0,19275.0,19275.0,0.0,0.0,52.0
2017-08-09 23:40:00,19275.0,19275.0,19275.0,19275.0,0.0,0.0,52.0
2017-08-09 23:45:00,19275.0,19275.0,19275.0,19275.0,0.0,0.0,52.0
2017-08-09 23:50:00,19275.0,19275.0,19275.0,19275.0,0.0,0.0,52.0
2017-08-09 23:55:00,19275.0,19275.0,19275.0,19275.0,0.0,0.0,52.0
2017-08-10 00:00:00,19275.0,19275.0,19275.0,19275.0,0.0,0.0,52.0
2017-08-10 00:05:00,19275.0,19275.0,19275.0,19275.0,0.0,0.0,52.0
2017-08-10 00:10:00,19275.0,19275.0,19275.0,19275.0,0.0,0.0,52.0
2017-08-10 00:15:00,19275.0,19275.0,19275.0,19275.0,0.0,0.0,52.0
2017-08-10 00:20:00,19275.0,19275.0,19275.0,19275.0,0.0,0.0,52.0
2017-08-10 00:25:00,19275.0,19275.0,19275.0,19275.0,0.0,0.0,52.0
2017-08-10 00:30:00,19275.0,19275.0,19275.0,19275.0,0.0,0.0,52.0
2017-08-10 00:35:00,19275.0,19275.0,19275.0,19275.0,0.0,0.0,52.0
2017-08-10 00:40:00,19275.0,19275.0,19275.0,19275.0,0.0,0.0,52.0
2017-08-10 00:45:00,19275.0,19275.0,19275.0,19275.0,0.0,0.0,52.0
2017-08-10 00:50:00,19275.0,19275.0,19275.0,19275.0,0.0,0.0,52.0
2017-08-10 00:55:00,19275.0,19275.0,19275.0,19275.0,0.0,0.0,52.0
2017-08-10 09:00:00,19275.0,19275.0,19275.0,19275.0,0.0,0.0,52.0
2017-08-10 09:05:00,19275.0,19275.0,19275.0,19275.0,0.0,0.0,52.0
2017-08-10 09:10:00,19275.0,19275.0,19275.0,19275.0,0.0,0.0,52.0
2017-08-10 09:15:00,19275.0,19275.0,19155.0,19155.0,2.0,191550.0,52.0
2017-08-10 09:20:00,19155.0,19155.0,19155.0,19155.0,0.0,0.0,52.0
2017-08-10 09:25:00,19155.0,19155.0,19155.0,19155.0,0.0,0.0,52.0
2017-08-10 09:30:00,19155.0,19155.0,19155.0,19155.0,0.0,0.0,52.0
2017-08-10 09:35:00,19155.0,19155.0,19155.0,19155.0,0.0,0.0,52.0
2017-08-10 09:40:00,19155.0,19155.0,19090.0,19090.0,2.0,190900.0,54.0
2017-08-10 09:45:00,19090.0,19090.0,19090.0,19090.0,0.0,0.0,54.0
2017-08-10 09:50:00,19090.0,19090.0,19090.0,19090.0,0.0,0.0,54.0
2017-08-10 09:55:00,19090.0,19090.0,19090.0,19090.0,0.0,0.0,54.0
2017-08-10 10:00:00,19090.0,19090.0,19090.0,19090.0,0.0,0.0,54.0
2017-08-10 10:05:00,19090.0,19090.0,19090.0,19090.0,0.0,0.0,54.0
2017-08-10 10:10:00,19090.0,19090.0,19090.0,19090.0,0.0,0.0,54.0
2017-08-10 10:30:00,19090.0,19090.0,19090.0,19090.0,0.0,0.0,54.0
2017-08-10 10:35:00,19090.0,19090.0,19090.0,19090.0,0.0,0.0,54.0
2017-08-10 10:40:00,19090.0,19090.0,19090.0,19090.0,0.0,0.0,54.0
2017-08-10 10:45:00,19090.0,19090.0,19090.0,19090.0,0.0,0.0,54.0
2017-08-10 10:50:00,19090.0,19090.0,19090.0,19090.0,0.0,0.0,54.0
2017-08-10 10:55:00,19090.0,19090.0,19090.0,19090.0,0.0,0.0,54.0
2017-08-10 11:00:00,19090.0,19090.0,19090.0,19090.0,0.0,0.0,54.0
2017-08-10 11:05:00,19090.0,19090.0,19090.0,19090.0,0.0,0.0,54.0
2017-08-10 11:10:00,19090.0,19090.0,19090.0,19090.0,0.0,0.0,54.0
2017-08-10 11:15:00,19090.0,19090.0,19090.0,19090.0,0.0,0.0,54.0
2017-08-10 11:20:00,19090.0,19090.0,19090.0,19090.0,0.0,0.0,54.0
2017-08-10 11:25:00,19090.0,19090.0,19090.0,19090.0,0.0,0.0,54.0
2017-08-10 13:30:00,19090.0,19090.0,19090.0,19090.0,0.0,0.0,54.0
2017-08-10 13:35:00,19090.0,19090.0,19090.0,19090.0,0.0,0.0,54.0
2017-08-10 13:40:00,19090.0,19090.0,19090.0,19090.0,0.0,0.0,54.0
2017-08-10 13:45:00,19090.0,19090.0,19090.0,19090.0,0.0,0.0,54.0
2017-08-10 13:50:00,19090.0,19090.0,19090.0,19090.0,0.0,0.0,54.0
2017-08-10 13:55:00,19090.0,19090.0,19090.0,19090.0,0.0,0.0,54.0
2017-08-10 14:00:00,19090.0,19090.0,19090.0,19090.0,0.0,0.0,54.0
2017-08-10 14:05:00,19090.0,19090.0,19090.0,19090.0,0.0,0.0,54.0
2017-08-10 14:10:00,19090.0,19090.0,19090.0,19090.0,0.0,0.0,54.0
2017-08-10 14:15:00,19090.0,19090.0,19090.0,19090.0,0.0,0.0,54.0
2017-08-10 14:20:00,19090.0,19090.0,19090.0,19090.0,0.0,0.0,54.0
2017-08-10 14:25:00,19090.0,19090.0,19090.0,19090.0,0.0,0.0,54.0
2017-08-10 14:30:00,19090.0,19090.0,19090.0,19090.0,0.0,0.0,54.0
2017-08-10 14:35:00,19090.0,19090.0,19090.0,19090.0,0.0,0.0,54.0
2017-08-10 14:40:00,19090.0,19090.0,19090.0,19090.0,0.0,0.0,54.0
2017-08-10 14:45:00,19090.0,19090.0,19090.0,19090.0,0.0,0.0,54.0
2017-08-10 14:50:00,19090.0,19090.0,19090.0,19090.0,0.0,0.0,54.0
2017-08-10 14:55:00,19090.0,19090.0,19090.0,19090.0,0.0,0.0,54.0
2017-08-10 21:00:00,19170.0,19170.0,19170.0,19170.0,0.0,0.0,54.0
2017-08-10 21:05:00,19170.0,19170.0,19170.0,19170.0,0.0,0.0,54.0
2017-08-10 21:10:00,19170.0,19170.0,19170.0,19170.0,0.0,0.0,54.0
2017-08-10 21:15:00,19170.0,19170.0,19045.0,19045.0,2.0,190450.0,56.0
2017-08-10 21:20:00,19045.0,19045.0,19045.0,19045.0,0.0,0.0,56.0
2017-08-10 21:25:00,19045.0,19045.0,19045.0,19045.0,0.0,0.0,56.0
2017-08-10 21:30:00,19045.0,19045.0,19045.0,19045.0,0.0,0.0,56.0
2017-08-10 21:35:00,19045.0,19045.0,19045.0,19045.0,0.0,0.0,56.0
2017-08-10 21:40:00,19045.0,19045.0,19045.0,19045.0,0.0,0.0,56.0
2017-08-10 21:45:00,19045.0,19045.0,19045.0,19045.0,0.0,0.0,56.0
2017-08-10 21:50:00,19045.0,19045.0,19045.0,19045.0,0.0,0.0,56.0
2017-08-10 21:55:00,19045.0,19045.0,19045.0,19045.0,0.0,0.0,56.0
2017-08-10 22:00:00,19045.0,19045.0,19045.0,19045.0,0.0,0.0,56.0
2017-08-10 22:05:00,19045.0,19045.0,19045.0,19045.0,0.0,0.0,56.0
2017-08-10 22:10:00,19045.0,19045.0,19045.0,19045.0,0.0,0.0,56.0
2017-08-10 22:15:00,19045.0,19045.0,19045.0,19045.0,0.0,0.0,56.0
2017-08-10 22:20:00,19045.0,19045.0,19045.0,19045.0,0.0,0.0,56.0
2017-08-10 22:25:00,19045.0,19045.0,19045.0,19045.0,0.0,0.0,56.0
2017-08-10 22:30:00,19045.0,19045.0,19045.0,19045.0,0.0,0.0,56.0
2017-08-10 22:35:00,19045.0,19045.0,19045.0,19045.0,0.0,0.0,56.0
2017-08-10 22:40:00,19045.0,19045.0,19045.0,19045.0,0.0,0.0,56.0
2017-08-10 22:45:00,19045.0,19045.0,19045.0,19045.0,0.0,0.0,56.0
2017-08-10 22:50:00,19045.0,19045.0,19045.0,19045.0,0.0,0.0,56.0
2017-08-10 22:55:00,19045.0,19045.0,19045.0,19045.0,0.0,0.0,56.0
2017-08-10 23:00:00,19045.0,19045.0,19045.0,19045.0,0.0,0.0,56.0
2017-08-10 23:05:00,19045.0,19045.0,19045.0,19045.0,0.0,0.0,56.0
2017-08-10 23:10:00,19045.0,19045.0,19045.0,19045.0,0.0,0.0,56.0
2017-08-10 23:15:00,19045.0,19045.0,19045.0,19045.0,0.0,0.0,56.0
2017-08-10 23:20:00,19045.0,19045.0,19045.0,19045.0,0.0,0.0,56.0
2017-08-10 23:25:00,19045.0,19045.0,19045.0,19045.0,0.0,0.0,56.0
2017-08-10 23:30:00,19045.0,19045.0,19045.0,19045.0,0.0,0.0,56.0
2017-08-10 23:35:00,19045.0,19045.0,19045.0,19045.0,0.0,0.0,56.0
2017-08-10 23:40:00,19045.0,19045.0,19045.0,19045.0,0.0,0.0,56.0
2017-08-10 23:45:00,19045.0,19045.0,19045.0,19045.0,0.0,0.0,56.0
2017-08-10 23:50:00,19045.0,19045.0,19045.0,19045.0,0.0,0.0,56.0
2017-08-10 23:55:00,19045.0,19045.0,19045.0,19045.0,0.0,0.0,56.0
2017-08-11 00:00:00,19045.0,19045.0,19045.0,19045.0,0.0,0.0,56.0
2017-08-11 00:05:00,19045.0,19045.0,19045.0,19045.0,0.0,0.0,56.0
2017-08-11 00:10:00,19045.0,19045.0,19045.0,19045.0,0.0,0.0,56.0
2017-08-11 00:15:00,19045.0,19045.0,19045.0,19045.0,0.0,0.0,56.0
2017-08-11 00:20:00,19045.0,19045.0,19045.0,19045.0,0.0,0.0,56.0
2017-08-11 00:25:00,19045.0,19045.0,19045.0,19045.0,0.0,0.0,56.0
2017-08-11 00:30:00,19045.0,19045.0,19045.0,19045.0,0.0,0.0,56.0
2017-08-11 00:35:00,19045.0,19045.0,19045.0,19045.0,0.0,0.0,56.0
2017-08-11 00:40:00,19045.0,19045.0,19045.0,19045.0,0.0,0.0,56.0
2017-08-11 00:45:00,19045.0,19045.0,19045.0,19045.0,0.0,0.0,56.0
2017-08-11 00:50:00,19045.0,19045.0,19045.0,19045.0,0.0,0.0,56.0
2017-08-11 00:55:00,19045.0,19045.0,19045.0,19045.0,0.0,0.0,56.0
2017-08-11 09:00:00,19045.0,19045.0,19045.0,19045.0,0.0,0.0,56.0
2017-08-11 09:05:00,19045.0,19045.0,19045.0,19045.0,0.0,0.0,56.0
2017-08-11 09:10:00,19045.0,19045.0,19045.0,19045.0,0.0,0.0,56.0
2017-08-11 09:15:00,19045.0,19045.0,19045.0,19045.0,0.0,0.0,56.0
2017-08-11 09:20:00,19045.0,19045.0,19045.0,19045.0,0.0,0.0,56.0
2017-08-11 09:25:00,19045.0,19045.0,19045.0,19045.0,0.0,0.0,56.0
2017-08-11 09:30:00,19045.0,19045.0,19045.0,19045.0,0.0,0.0,56.0
2017-08-11 09:35:00,19045.0,19045.0,19045.0,19045.0,0.0,0.0,56.0
2017-08-11 09:40:00,19045.0,19045.0,19045.0,19045.0,0.0,0.0,56.0
2017-08-11 09:45:00,19045.0,19045.0,19045.0,19045.0,0.0,0.0,56.0
2017-08-11 09:50:00,19045.0,19045.0,19045.0,19045.0,0.0,0.0,56.0
2017-08-11 09:55:00,19045.0,19045.0,19045.0,19045.0,0.0,0.0,56.0
2017-08-11 10:00:00,19045.0,19045.0,19045.0,19045.0,0.0,0.0,56.0
2017-08-11 10:05:00,19045.0,19045.0,19045.0,19045.0,0.0,0.0,56.0
2017-08-11 10:10:00,19045.0,19045.0,19045.0,19045.0,0.0,0.0,56.0
2017-08-11 10:30:00,19045.0,19045.0,19045.0,19045.0,0.0,0.0,56.0
2017-08-11 10:35:00,19045.0,19045.0,19045.0,19045.0,0.0,0.0,56.0
2017-08-11 10:40:00,19045.0,19045.0,19045.0,19045.0,0.0,0.0,56.0
2017-08-11 10:45:00,19045.0,19045.0,19045.0,19045.0,0.0,0.0,56.0
2017-08-11 10:50:00,19045.0,19045.0,19045.0,19045.0,0.0,0.0,56.0
2017-08-11 10:55:00,19045.0,19045.0,19045.0,19045.0,0.0,0.0,56.0
2017-08-11 11:00:00,19045.0,19045.0,19045.0,19045.0,0.0,0.0,56.0
2017-08-11 11:05:00,19045.0,19045.0,19045.0,19045.0,0.0,0.0,56.0
2017-08-11 11:10:00,19045.0,19045.0,19045.0,19045.0,0.0,0.0,56.0
2017-08-11 11:15:00,19045.0,19045.0,19045.0,19045.0,0.0,0.0,56.0
2017-08-11 11:20:00,19045.0,19045.0,19045.0,19045.0,0.0,0.0,56.0
2017-08-11 11:25:00,19045.0,19045.0,19045.0,19045.0,0.0,0.0,56.0
2017-08-11 13:30:00,19045.0,19045.0,19045.0,19045.0,0.0,0.0,56.0
2017-08-11 13:35:00,19045.0,19045.0,19045.0,19045.0,0.0,0.0,56.0
2017-08-11 13:40:00,19045.0,19045.0,19045.0,19045.0,0.0,0.0,56.0
2017-08-11 13:45:00,19045.0,19045.0,19045.0,19045.0,0.0,0.0,56.0
2017-08-11 13:50:00,19045.0,19045.0,19045.0,19045.0,0.0,0.0,56.0
2017-08-11 13:55:00,19045.0,19045.0,19045.0,19045.0,0.0,0.0,56.0
2017-08-11 14:00:00,19045.0,19045.0,19045.0,19045.0,0.0,0.0,56.0
2017-08-11 14:05:00,19045.0,19045.0,19045.0,19045.0,0.0,0.0,56.0
2017-08-11 14:10:00,19045.0,19045.0,19045.0,19045.0,0.0,0.0,56.0
2017-08-11 14:15:00,19045.0,19045.0,19045.0,19045.0,0.0,0.0,56.0
2017-08-11 14:20:00,19045.0,19045.0,19045.0,19045.0,0.0,0.0,56.0
2017-08-11 14:25:00,19045.0,19045.0,19045.0,19045.0,0.0,0.0,56.0
2017-08-11 14:30:00,19045.0,19045.0,19045.0,19045.0,0.0,0.0,56.0
2017-08-11 14:35:00,19045.0,19045.0,19045.0,19045.0,0.0,0.0,56.0
2017-08-11 14:40:00,19045.0,19045.0,19045.0,19045.0,0.0,0.0,56.0
2017-08-11 14:45:00,19045.0,19045.0,19045.0,19045.0,0.0,0.0,56.0
2017-08-11 14:50:00,19045.0,19045.0,19045.0,19045.0,0.0,0.0,56.0
2017-08-11 14:55:00,19045.0,19045.0,19045.0,19045.0,0.0,0.0,56.0
2017-08-11 21:00:00,19045.0,19045.0,19045.0,19045.0,0.0,0.0,56.0
2017-08-11 21:05:00,19045.0,19045.0,19045.0,19045.0,0.0,0.0,56.0
2017-08-11 21:10:00,19045.0,19045.0,19045.0,19045.0,0.0,0.0,56.0
2017-08-11 21:15:00,19045.0,19045.0,19045.0,19045.0,0.0,0.0,56.0
2017-08-11 21:20:00,19045.0,19045.0,19045.0,19045.0,0.0,0.0,56.0
2017-08-11 21:25:00,19045.0,19045.0,19045.0,19045.0,0.0,0.0,56.0
2017-08-11 21:30:00,19045.0,19045.0,19045.0,19045.0,0.0,0.0,56.0
2017-08-11 21:35:00,19045.0,19045.0,19045.0,19045.0,0.0,0.0,56.0
2017-08-11 21:40:00,19045.0,19045.0,19045.0,19045.0,0.0,0.0,56.0
2017-08-11 21:45:00,19045.0,19045.0,19045.0,19045.0,0.0,0.0,56.0
2017-08-11 21:50:00,19045.0,19045.0,19045.0,19045.0,0.0,0.0,56.0
2017-08-11 21:55:00,19045.0,19045.0,19045.0,19045.0,0.0,0.0,56.0
2017-08-11 22:00:00,19045.0,19045.0,19045.0,19045.0,0.0,0.0,56.0
2017-08-11 22:05:00,19045.0,19045.0,19045.0,19045.0,0.0,0.0,56.0
2017-08-11 22:10:00,19045.0,19045.0,19045.0,19045.0,0.0,0.0,56.0
2017-08-11 22:15:00,19045.0,19045.0,19045.0,19045.0,0.0,0.0,56.0
2017-08-11 22:20:00,19045.0,19045.0,19045.0,19045.0,0.0,0.0,56.0
2017-08-11 22:25:00,19045.0,19045.0,19045.0,19045.0,0.0,0.0,56.0
2017-08-11 22:30:00,19045.0,19045.0,19045.0,19045.0,0.0,0.0,56.0
2017-08-11 22:35:00,19045.0,19045.0,19045.0,19045.0,0.0,0.0,56.0
2017-08-11 22:40:00,19045.0,19045.0,19045.0,19045.0,0.0,0.0,56.0
2017-08-11 22:45:00,19045.0,19045.0,19045.0,19045.0,0.0,0.0,56.0
2017-08-11 22:50:00,19045.0,19045.0,19045.0,19045.0,0.0,0.0,56.0
2017-08-11 22:55:00,19045.0,19045.0,19045.0,19045.0,0.0,0.0,56.0
2017-08-11 23:00:00,19045.0,19045.0,19045.0,19045.0,0.0,0.0,56.0
2017-08-11 23:05:00,19045.0,19045.0,19045.0,19045.0,0.0,0.0,56.0
2017-08-11 23:10:00,19045.0,19045.0,19045.0,19045.0,0.0,0.0,56.0
2017-08-11 23:15:00,19045.0,19045.0,19045.0,19045.0,0.0,0.0,56.0
2017-08-11 23:20:00,19045.0,19045.0,19045.0,19045.0,0.0,0.0,56.0
2017-08-11 23:25:00,19045.0,19045.0,19045.0,19045.0,0.0,0.0,56.0
2017-08-11 23:30:00,19045.0,19045.0,19045.0,19045.0,0.0,0.0,56.0
2017-08-11 23:35:00,19045.0,19045.0,19045.0,19045.0,0.0,0.0,56.0
2017-08-11 23:40:00,19045.0,19045.0,19045.0,19045.0,0.0,0.0,56.0
2017-08-11 23:45:00,19045.0,19045.0,19045.0,19045.0,0.0,0.0,56.0
2017-08-11 23:50:00,19045.0,19045.0,19045.0,19045.0,0.0,0.0,56.0
2017-08-11 23:55:00,19045.0,19045.0,19045.0,19045.0,0.0,0.0,56.0
2017-08-12 00:00:00,19045.0,19045.0,19045.0,19045.0,0.0,0.0,56.0
2017-08-12 00:05:00,19045.0,19045.0,19045.0,19045.0,0.0,0.0,56.0
2017-08-12 00:10:00,19045.0,19045.0,19045.0,19045.0,0.0,0.0,56.0
2017-08-12 00:15:00,19045.0,19045.0,19045.0,19045.0,0.0,0.0,56.0
2017-08-12 00:20:00,19045.0,19045.0,19045.0,19045.0,0.0,0.0,56.0
2017-08-12 00:25:00,19045.0,19045.0,19045.0,19045.0,0.0,0.0,56.0
2017-08-12 00:30:00,19045.0,19045.0,19045.0,19045.0,0.0,0.0,56.0
2017-08-12 00:35:00,19045.0,19045.0,19045.0,19045.0,0.0,0.0,56.0
2017-08-12 00:40:00,19045.0,19045.0,19045.0,19045.0,0.0,0.0,56.0
2017-08-12 00:45:00,19045.0,19045.0,19045.0,19045.0,0.0,0.0,56.0
2017-08-12 00:50:00,19045.0,19045.0,19045.0,19045.0,0.0,0.0,56.0
2017-08-12 00:55:00,19045.0,19045.0,19045.0,19045.0,0.0,0.0,56.0
2017-08-14 09:00:00,19045.0,19045.0,19045.0,19045.0,0.0,0.0,56.0
2017-08-14 09:05:00,19045.0,19045.0,19045.0,19045.0,0.0,0.0,56.0
2017-08-14 09:10:00,19045.0,19045.0,19045.0,19045.0,0.0,0.0,56.0
2017-08-14 09:15:00,19045.0,19045.0,19045.0,19045.0,0.0,0.0,56.0
2017-08-14 09:20:00,19045.0,19045.0,19045.0,19045.0,0.0,0.0,56.0
2017-08-14 09:25:00,19045.0,19045.0,19045.0,19045.0,0.0,0.0,56.0
2017-08-14 09:30:00,19045.0,19045.0,19045.0,19045.0,0.0,0.0,56.0
2017-08-14 09:35:00,19045.0,19045.0,19045.0,19045.0,0.0,0.0,56.0
2017-08-14 09:40:00,19045.0,19045.0,19045.0,19045.0,0.0,0.0,56.0
2017-08-14 09:45:00,19045.0,19045.0,19045.0,19045.0,0.0,0.0,56.0
2017-08-14 09:50:00,19045.0,19045.0,19045.0,19045.0,0.0,0.0,56.0
2017-08-14 09:55:00,19045.0,19045.0,19045.0,19045.0,0.0,0.0,56.0
2017-08-14 10:00:00,19045.0,19045.0,19045.0,19045.0,0.0,0.0,56.0
2017-08-14 10:05:00,19045.0,19045.0,19045.0,19045.0,0.0,0.0,56.0
2017-08-14 10:10:00,19045.0,19045.0,19045.0,19045.0,0.0,0.0,56.0
2017-08-14 10:30:00,19045.0,19045.0,19045.0,19045.0,0.0,0.0,56.0
2017-08-14 10:35:00,19045.0,19045.0,19045.0,19045.0,0.0,0.0,56.0
2017-08-14 10:40:00,19045.0,19045.0,19045.0,19045.0,0.0,0.0,56.0
2017-08-14 10:45:00,19045.0,19045.0,19045.0,19045.0,0.0,0.0,56.0
2017-08-14 10:50:00,19045.0,19045.0,19045.0,19045.0,0.0,0.0,56.0
2017-08-14 10:55:00,19045.0,19045.0,19045.0,19045.0,0.0,0.0,56.0
2017-08-14 11:00:00,19045.0,19045.0,19045.0,19045.0,0.0,0.0,56.0
2017-08-14 11:05:00,19045.0,19045.0,19045.0,19045.0,0.0,0.0,56.0
2017-08-14 11:10:00,19045.0,19045.0,19045.0,19045.0,0.0,0.0,56.0
2017-08-14 11:15:00,19045.0,19045.0,19045.0,19045.0,0.0,0.0,56.0
2017-08-14 11:20:00,19045.0,19045.0,19045.0,19045.0,0.0,0.0,56.0
2017-08-14 11:25:00,19045.0,19045.0,19045.0,19045.0,0.0,0.0,56.0
2017-08-14 13:30:00,19045.0,19045.0,19045.0,19045.0,0.0,0.0,56.0
2017-08-14 13:35:00,19045.0,19045.0,19045.0,19045.0,0.0,0.0,56.0
2017-08-14 13:40:00,19045.0,19045.0,19045.0,19045.0,0.0,0.0,56.0
2017-08-14 13:45:00,19045.0,19045.0,19045.0,19045.0,0.0,0.0,56.0
2017-08-14 13:50:00,19045.0,19045.0,19045.0,19045.0,0.0,0.0,56.0
2017-08-14 13:55:00,19045.0,19045.0,19045.0,19045.0,0.0,0.0,56.0
2017-08-14 14:00:00,19045.0,19045.0,19045.0,19045.0,0.0,0.0,56.0
2017-08-14 14:05:00,19045.0,19045.0,19045.0,19045.0,0.0,0.0,56.0
2017-08-14 14:10:00,19045.0,19045.0,19045.0,19045.0,0.0,0.0,56.0
2017-08-14 14:15:00,19045.0,19045.0,19045.0,19045.0,0.0,0.0,56.0
2017-08-14 14:20:00,19045.0,19045.0,19045.0,19045.0,0.0,0.0,56.0
2017-08-14 14:25:00,19045.0,19045.0,19045.0,19045.0,0.0,0.0,56.0
2017-08-14 14:30:00,19045.0,19045.0,19045.0,19045.0,0.0,0.0,56.0
2017-08-14 14:35:00,19045.0,19045.0,19045.0,19045.0,0.0,0.0,56.0
2017-08-14 14:40:00,19045.0,19045.0,19045.0,19045.0,0.0,0.0,56.0
2017-08-14 14:45:00,19045.0,19045.0,19045.0,19045.0,0.0,0.0,56.0
2017-08-14 14:50:00,19045.0,19045.0,19045.0,19045.0,0.0,0.0,56.0
2017-08-14 14:55:00,19045.0,19045.0,19045.0,19045.0,0.0,0.0,56.0
2017-08-14 21:00:00,18815.0,18815.0,18815.0,18815.0,0.0,0.0,56.0
2017-08-14 21:05:00,18815.0,18815.0,18815.0,18815.0,0.0,0.0,56.0
2017-08-14 21:10:00,18815.0,18815.0,18815.0,18815.0,0.0,0.0,56.0
2017-08-14 21:15:00,18815.0,18815.0,18815.0,18815.0,0.0,0.0,56.0
2017-08-14 21:20:00,18815.0,18815.0,18815.0,18815.0,0.0,0.0,56.0
2017-08-14 21:25:00,18815.0,18815.0,18815.0,18815.0,0.0,0.0,56.0
2017-08-14 21:30:00,18815.0,18815.0,18815.0,18815.0,0.0,0.0,56.0
2017-08-14 21:35:00,18815.0,18815.0,18815.0,18815.0,0.0,0.0,56.0
2017-08-14 21:40:00,18815.0,18815.0,18815.0,18815.0,0.0,0.0,56.0
2017-08-14 21:45:00,18815.0,18815.0,18815.0,18815.0,0.0,0.0,56.0
2017-08-14 21:50:00,18815.0,18815.0,18815.0,18815.0,0.0,0.0,56.0
2017-08-14 21:55:00,18815.0,18815.0,18815.0,18815.0,0.0,0.0,56.0
2017-08-14 22:00:00,18815.0,18815.0,18815.0,18815.0,0.0,0.0,56.0
2017-08-14 22:05:00,18815.0,18815.0,18815.0,18815.0,0.0,0.0,56.0
2017-08-14 22:10:00,18815.0,18815.0,18815.0,18815.0,0.0,0.0,56.0
2017-08-14 22:15:00,18815.0,18815.0,18815.0,18815.0,0.0,0.0,56.0
2017-08-14 22:20:00,18815.0,18815.0,18815.0,18815.0,0.0,0.0,56.0
2017-08-14 22:25:00,18815.0,18815.0,18815.0,18815.0,0.0,0.0,56.0
2017-08-14 22:30:00,18815.0,18815.0,18815.0,18815.0,0.0,0.0,56.0
2017-08-14 22:35:00,18815.0,18815.0,18815.0,18815.0,0.0,0.0,56.0
2017-08-14 22:40:00,18815.0,18815.0,18815.0,18815.0,0.0,0.0,56.0
2017-08-14 22:45:00,18815.0,18815.0,18815.0,18815.0,0.0,0.0,56.0
2017-08-14 22:50:00,18815.0,18815.0,18815.0,18815.0,0.0,0.0,56.0
2017-08-14 22:55:00,18815.0,18815.0,18815.0,18815.0,0.0,0.0,56.0
2017-08-14 23:00:00,18815.0,18815.0,18815.0,18815.0,0.0,0.0,56.0
2017-08-14 23:05:00,18815.0,18815.0,18815.0,18815.0,0.0,0.0,56.0
2017-08-14 23:10:00,18815.0,18815.0,18815.0,18815.0,0.0,0.0,56.0
2017-08-14 23:15:00,18815.0,18815.0,18815.0,18815.0,0.0,0.0,56.0
2017-08-14 23:20:00,18815.0,18815.0,18815.0,18815.0,0.0,0.0,56.0
2017-08-14 23:25:00,18815.0,18815.0,18815.0,18815.0,0.0,0.0,56.0
2017-08-14 23:30:00,18815.0,18815.0,18815.0,18815.0,0.0,0.0,56.0
2017-08-14 23:35:00,18815.0,18815.0,18815.0,18815.0,0.0,0.0,56.0
2017-08-14 23:40:00,18815.0,18815.0,18815.0,18815.0,0.0,0.0,56.0
2017-08-14 23:45:00,18815.0,18815.0,18815.0,18815.0,0.0,0.0,56.0
2017-08-14 23:50:00,18815.0,18815.0,18815.0,18815.0,0.0,0.0,56.0
2017-08-14 23:55:00,18815.0,18815.0,18815.0,18815.0,0.0,0.0,56.0
2017-08-15 00:00:00,18815.0,18815.0,18815.0,18815.0,0.0,0.0,56.0
2017-08-15 00:05:00,18815.0,18815.0,18815.0,18815.0,0.0,0.0,56.0
2017-08-15 00:10:00,18815.0,18815.0,18815.0,18815.0,0.0,0.0,56.0
2017-08-15 00:15:00,18815.0,18815.0,18815.0,18815.0,0.0,0.0,56.0
2017-08-15 00:20:00,18815.0,18815.0,18815.0,18815.0,0.0,0.0,56.0
2017-08-15 00:25:00,18815.0,18815.0,18815.0,18815.0,0.0,0.0,56.0
2017-08-15 00:30:00,18815.0,18815.0,18815.0,18815.0,0.0,0.0,56.0
2017-08-15 00:35:00,18815.0,18815.0,18815.0,18815.0,0.0,0.0,56.0
2017-08-15 00:40:00,18815.0,18815.0,18815.0,18815.0,0.0,0.0,56.0
2017-08-15 00:45:00,18815.0,18815.0,18815.0,18815.0,0.0,0.0,56.0
2017-08-15 00:50:00,18815.0,18815.0,18815.0,18815.0,0.0,0.0,56.0
2017-08-15 00:55:00,18815.0,18815.0,18815.0,18815.0,0.0,0.0,56.0
2017-08-15 09:00:00,18815.0,18815.0,18815.0,18815.0,0.0,0.0,56.0
2017-08-15 09:05:00,18815.0,18815.0,18815.0,18815.0,0.0,0.0,56.0
2017-08-15 09:10:00,18815.0,18815.0,18815.0,18815.0,0.0,0.0,56.0
2017-08-15 09:15:00,18815.0,18815.0,18815.0,18815.0,0.0,0.0,56.0
2017-08-15 09:20:00,18815.0,18815.0,18815.0,18815.0,0.0,0.0,56.0
2017-08-15 09:25:00,18815.0,18815.0,18815.0,18815.0,0.0,0.0,56.0
2017-08-15 09:30:00,18815.0,18815.0,18815.0,18815.0,0.0,0.0,56.0
2017-08-15 09:35:00,18815.0,18815.0,18815.0,18815.0,0.0,0.0,56.0
2017-08-15 09:40:00,18815.0,18815.0,18815.0,18815.0,0.0,0.0,56.0
2017-08-15 09:45:00,18815.0,18815.0,18815.0,18815.0,0.0,0.0,56.0
2017-08-15 09:50:00,18815.0,18815.0,18815.0,18815.0,0.0,0.0,56.0
2017-08-15 09:55:00,18815.0,18815.0,18815.0,18815.0,0.0,0.0,56.0
2017-08-15 10:00:00,18815.0,18815.0,18815.0,18815.0,0.0,0.0,56.0
2017-08-15 10:05:00,18815.0,18815.0,18815.0,18815.0,0.0,0.0,56.0
2017-08-15 10:10:00,18815.0,18815.0,18815.0,18815.0,0.0,0.0,56.0
2017-08-15 10:30:00,18815.0,18815.0,18815.0,18815.0,0.0,0.0,56.0
2017-08-15 10:35:00,18815.0,18815.0,18815.0,18815.0,0.0,0.0,56.0
2017-08-15 10:40:00,18815.0,18815.0,18815.0,18815.0,0.0,0.0,56.0
2017-08-15 10:45:00,18815.0,18815.0,18815.0,18815.0,0.0,0.0,56.0
2017-08-15 10:50:00,18815.0,18815.0,18815.0,18815.0,0.0,0.0,56.0
2017-08-15 10:55:00,18815.0,18815.0,18815.0,18815.0,0.0,0.0,56.0
2017-08-15 11:00:00,18815.0,18815.0,18815.0,18815.0,0.0,0.0,56.0
2017-08-15 11:05:00,18815.0,18815.0,18815.0,18815.0,0.0,0.0,56.0
2017-08-15 11:10:00,18815.0,18815.0,18815.0,18815.0,0.0,0.0,56.0
2017-08-15 11:15:00,18815.0,18815.0,18815.0,18815.0,0.0,0.0,56.0
2017-08-15 11:20:00,18815.0,18815.0,18815.0,18815.0,0.0,0.0,56.0
2017-08-15 11:25:00,18815.0,18815.0,18815.0,18815.0,0.0,0.0,56.0
2017-08-15 13:30:00,18815.0,18815.0,18815.0,18815.0,0.0,0.0,56.0
2017-08-15 13:35:00,18815.0,18815.0,18815.0,18815.0,0.0,0.0,56.0
2017-08-15 13:40:00,18815.0,18815.0,18815.0,18815.0,0.0,0.0,56.0
2017-08-15 13:45:00,18815.0,18815.0,18815.0,18815.0,0.0,0.0,56.0
2017-08-15 13:50:00,18815.0,18815.0,18815.0,18815.0,0.0,0.0,56.0
2017-08-15 13:55:00,18815.0,18815.0,18815.0,18815.0,0.0,0.0,56.0
2017-08-15 14:00:00,18815.0,18815.0,18815.0,18815.0,0.0,0.0,56.0
2017-08-15 14:05:00,18815.0,18980.0,18815.0,18980.0,2.0,189800.0,58.0
2017-08-15 14:10:00,18980.0,18980.0,18980.0,18980.0,0.0,0.0,58.0
2017-08-15 14:15:00,18980.0,18980.0,18980.0,18980.0,0.0,0.0,58.0
2017-08-15 14:20:00,18980.0,18980.0,18980.0,18980.0,0.0,0.0,58.0
2017-08-15 14:25:00,18980.0,18980.0,18980.0,18980.0,0.0,0.0,58.0
2017-08-15 14:30:00,18980.0,18980.0,18980.0,18980.0,0.0,0.0,58.0
2017-08-15 14:35:00,18980.0,18980.0,18980.0,18980.0,0.0,0.0,58.0
2017-08-15 14:40:00,18980.0,18980.0,18980.0,18980.0,0.0,0.0,58.0
2017-08-15 14:45:00,18980.0,18980.0,18980.0,18980.0,0.0,0.0,58.0
2017-08-15 14:50:00,18980.0,18980.0,18980.0,18980.0,0.0,0.0,58.0
2017-08-15 14:55:00,18980.0,18980.0,18980.0,18980.0,0.0,0.0,58.0
2017-08-15 21:00:00,18980.0,18980.0,18980.0,18980.0,0.0,0.0,58.0
2017-08-15 21:05:00,18980.0,18980.0,18980.0,18980.0,0.0,0.0,58.0
2017-08-15 21:10:00,18980.0,18980.0,18980.0,18980.0,0.0,0.0,58.0
2017-08-15 21:15:00,18980.0,18980.0,18980.0,18980.0,0.0,0.0,58.0
2017-08-15 21:20:00,18980.0,18980.0,18980.0,18980.0,0.0,0.0,58.0
2017-08-15 21:25:00,18980.0,18980.0,18980.0,18980.0,0.0,0.0,58.0
2017-08-15 21:30:00,18980.0,18980.0,18980.0,18980.0,0.0,0.0,58.0
2017-08-15 21:35:00,18980.0,18980.0,18980.0,18980.0,0.0,0.0,58.0
2017-08-15 21:40:00,18980.0,18980.0,18980.0,18980.0,0.0,0.0,58.0
2017-08-15 21:45:00,18980.0,18980.0,18980.0,18980.0,0.0,0.0,58.0
2017-08-15 21:50:00,18980.0,18980.0,18980.0,18980.0,0.0,0.0,58.0
2017-08-15 21:55:00,18980.0,18980.0,18980.0,18980.0,0.0,0.0,58.0
2017-08-15 22:00:00,18980.0,18980.0,18980.0,18980.0,0.0,0.0,58.0
2017-08-15 22:05:00,18980.0,18980.0,18980.0,18980.0,0.0,0.0,58.0
2017-08-15 22:10:00,18980.0,18980.0,18980.0,18980.0,0.0,0.0,58.0
2017-08-15 22:15:00,18980.0,18980.0,18980.0,18980.0,0.0,0.0,58.0
2017-08-15 22:20:00,18980.0,18980.0,18980.0,18980.0,0.0,0.0,58.0
2017-08-15 22:25:00,18980.0,18980.0,18980.0,18980.0,0.0,0.0,58.0
2017-08-15 22:30:00,18980.0,18980.0,18980.0,18980.0,0.0,0.0,58.0
2017-08-15 22:35:00,18980.0,18980.0,18980.0,18980.0,0.0,0.0,58.0
2017-08-15 22:40:00,18980.0,18980.0,18980.0,18980.0,0.0,0.0,58.0
2017-08-15 22:45:00,18980.0,18980.0,18980.0,18980.0,0.0,0.0,58.0
2017-08-15 22:50:00,18980.0,18980.0,18980.0,18980.0,0.0,0.0,58.0
2017-08-15 22:55:00,18980.0,18980.0,18980.0,18980.0,0.0,0.0,58.0
2017-08-15 23:00:00,18980.0,18980.0,18980.0,18980.0,0.0,0.0,58.0
2017-08-15 23:05:00,18980.0,18980.0,18980.0,18980.0,0.0,0.0,58.0
2017-08-15 23:10:00,18980.0,18980.0,18980.0,18980.0,0.0,0.0,58.0
2017-08-15 23:15:00,18980.0,18980.0,18980.0,18980.0,0.0,0.0,58.0
2017-08-15 23:20:00,18980.0,18980.0,18980.0,18980.0,0.0,0.0,58.0
2017-08-15 23:25:00,18980.0,18980.0,18980.0,18980.0,0.0,0.0,58.0
2017-08-15 23:30:00,18980.0,18980.0,18980.0,18980.0,0.0,0.0,58.0
2017-08-15 23:35:00,18980.0,18980.0,18980.0,18980.0,0.0,0.0,58.0
2017-08-15 23:40:00,18980.0,18980.0,18980.0,18980.0,0.0,0.0,58.0
2017-08-15 23:45:00,18980.0,18980.0,18980.0,18980.0,0.0,0.0,58.0
2017-08-15 23:50:00,18980.0,18980.0,18980.0,18980.0,0.0,0.0,58.0
2017-08-15 23:55:00,18980.0,18980.0,18980.0,18980.0,0.0,0.0,58.0
2017-08-16 00:00:00,18980.0,18980.0,18980.0,18980.0,0.0,0.0,58.0
2017-08-16 00:05:00,18980.0,18980.0,18980.0,18980.0,0.0,0.0,58.0
2017-08-16 00:10:00,18980.0,18980.0,18980.0,18980.0,0.0,0.0,58.0
2017-08-16 00:15:00,18980.0,18980.0,18980.0,18980.0,0.0,0.0,58.0
2017-08-16 00:20:00,18980.0,18980.0,18980.0,18980.0,0.0,0.0,58.0
2017-08-16 00:25:00,18980.0,18980.0,18980.0,18980.0,0.0,0.0,58.0
2017-08-16 00:30:00,18980.0,18980.0,18980.0,18980.0,0.0,0.0,58.0
2017-08-16 00:35:00,18980.0,18980.0,18980.0,18980.0,0.0,0.0,58.0
2017-08-16 00:40:00,18980.0,18980.0,18980.0,18980.0,0.0,0.0,58.0
2017-08-16 00:45:00,18980.0,18980.0,18980.0,18980.0,0.0,0.0,58.0
2017-08-16 00:50:00,18980.0,18980.0,18980.0,18980.0,0.0,0.0,58.0
2017-08-16 00:55:00,18980.0,18980.0,18980.0,18980.0,0.0,0.0,58.0
2017-08-16 09:00:00,18980.0,18980.0,18980.0,18980.0,0.0,0.0,58.0
2017-08-16 09:05:00,18980.0,18980.0,18980.0,18980.0,0.0,0.0,58.0
2017-08-16 09:10:00,18980.0,18980.0,18980.0,18980.0,0.0,0.0,58.0
2017-08-16 09:15:00,18980.0,18980.0,18980.0,18980.0,0.0,0.0,58.0
2017-08-16 09:20:00,18980.0,18980.0,18980.0,18980.0,0.0,0.0,58.0
2017-08-16 09:25:00,18980.0,18980.0,18980.0,18980.0,0.0,0.0,58.0
2017-08-16 09:30:00,18980.0,18980.0,18980.0,18980.0,0.0,0.0,58.0
2017-08-16 09:35:00,18980.0,18980.0,18980.0,18980.0,0.0,0.0,58.0
2017-08-16 09:40:00,18980.0,18980.0,18980.0,18980.0,0.0,0.0,58.0
2017-08-16 09:45:00,18980.0,18980.0,18980.0,18980.0,0.0,0.0,58.0
2017-08-16 09:50:00,18980.0,18980.0,18980.0,18980.0,0.0,0.0,58.0
2017-08-16 09:55:00,18980.0,18980.0,18980.0,18980.0,0.0,0.0,58.0
2017-08-16 10:00:00,18980.0,18980.0,18980.0,18980.0,0.0,0.0,58.0
2017-08-16 10:05:00,18980.0,18980.0,18980.0,18980.0,0.0,0.0,58.0
2017-08-16 10:10:00,18980.0,18980.0,18980.0,18980.0,0.0,0.0,58.0
2017-08-16 10:30:00,18980.0,18980.0,18980.0,18980.0,0.0,0.0,58.0
2017-08-16 10:35:00,18980.0,18980.0,18980.0,18980.0,0.0,0.0,58.0
2017-08-16 10:40:00,18980.0,18980.0,18980.0,18980.0,0.0,0.0,58.0
2017-08-16 10:45:00,18980.0,18980.0,18980.0,18980.0,0.0,0.0,58.0
2017-08-16 10:50:00,18980.0,18980.0,18980.0,18980.0,0.0,0.0,58.0
2017-08-16 10:55:00,18980.0,18980.0,18980.0,18980.0,0.0,0.0,58.0
2017-08-16 11:00:00,18980.0,18980.0,18980.0,18980.0,0.0,0.0,58.0
2017-08-16 11:05:00,18980.0,18980.0,18980.0,18980.0,0.0,0.0,58.0
2017-08-16 11:10:00,18980.0,18980.0,18980.0,18980.0,0.0,0.0,58.0
2017-08-16 11:15:00,18980.0,18980.0,18980.0,18980.0,0.0,0.0,58.0
2017-08-16 11:20:00,18980.0,18980.0,18980.0,18980.0,0.0,0.0,58.0
2017-08-16 11:25:00,18980.0,18980.0,18980.0,18980.0,0.0,0.0,58.0
2017-08-16 13:30:00,18980.0,18980.0,18980.0,18980.0,0.0,0.0,58.0
2017-08-16 13:35:00,18980.0,18980.0,18980.0,18980.0,0.0,0.0,58.0
2017-08-16 13:40:00,18980.0,18980.0,18980.0,18980.0,0.0,0.0,58.0
2017-08-16 13:45:00,18980.0,18980.0,18980.0,18980.0,0.0,0.0,58.0
2017-08-16 13:50:00,18980.0,18980.0,18980.0,18980.0,0.0,0.0,58.0
2017-08-16 13:55:00,18980.0,18980.0,18980.0,18980.0,0.0,0.0,58.0
2017-08-16 14:00:00,18980.0,18980.0,18980.0,18980.0,0.0,0.0,58.0
2017-08-16 14:05:00,18980.0,18980.0,18980.0,18980.0,0.0,0.0,58.0
2017-08-16 14:10:00,18980.0,18980.0,18980.0,18980.0,0.0,0.0,58.0
2017-08-16 14:15:00,18980.0,18980.0,18980.0,18980.0,0.0,0.0,58.0
2017-08-16 14:20:00,18980.0,18980.0,18980.0,18980.0,0.0,0.0,58.0
2017-08-16 14:25:00,18980.0,18980.0,18980.0,18980.0,0.0,0.0,58.0
2017-08-16 14:30:00,18980.0,18980.0,18980.0,18980.0,0.0,0.0,58.0
2017-08-16 14:35:00,18980.0,18980.0,18980.0,18980.0,0.0,0.0,58.0
2017-08-16 14:40:00,18980.0,18980.0,18980.0,18980.0,0.0,0.0,58.0
2017-08-16 14:45:00,18980.0,18980.0,18980.0,18980.0,0.0,0.0,58.0
2017-08-16 14:50:00,18980.0,18980.0,18980.0,18980.0,0.0,0.0,58.0
2017-08-16 14:55:00,18980.0,18980.0,18980.0,18980.0,0.0,0.0,58.0
2017-08-16 21:00:00,18980.0,18980.0,18980.0,18980.0,0.0,0.0,58.0
2017-08-16 21:05:00,18980.0,18980.0,18980.0,18980.0,0.0,0.0,58.0
2017-08-16 21:10:00,18980.0,18980.0,18980.0,18980.0,0.0,0.0,58.0
2017-08-16 21:15:00,18980.0,18980.0,18980.0,18980.0,0.0,0.0,58.0
2017-08-16 21:20:00,19610.0,19610.0,19610.0,19610.0,2.0,196100.0,60.0
2017-08-16 21:25:00,19610.0,19610.0,19610.0,19610.0,0.0,0.0,60.0
2017-08-16 21:30:00,19610.0,19610.0,19610.0,19610.0,0.0,0.0,60.0
2017-08-16 21:35:00,19610.0,19610.0,19610.0,19610.0,0.0,0.0,60.0
2017-08-16 21:40:00,19610.0,19610.0,19610.0,19610.0,0.0,0.0,60.0
2017-08-16 21:45:00,19610.0,19610.0,19610.0,19610.0,0.0,0.0,60.0
2017-08-16 21:50:00,19610.0,19610.0,19610.0,19610.0,0.0,0.0,60.0
2017-08-16 21:55:00,19610.0,19610.0,19610.0,19610.0,0.0,0.0,60.0
2017-08-16 22:00:00,19610.0,19610.0,19610.0,19610.0,0.0,0.0,60.0
2017-08-16 22:05:00,19610.0,19780.0,19610.0,19780.0,2.0,197800.0,62.0
2017-08-16 22:10:00,19780.0,19780.0,19755.0,19755.0,2.0,197550.0,64.0
2017-08-16 22:15:00,19755.0,19755.0,19755.0,19755.0,0.0,0.0,64.0
2017-08-16 22:20:00,19755.0,19755.0,19755.0,19755.0,0.0,0.0,64.0
2017-08-16 22:25:00,19755.0,19755.0,19755.0,19755.0,0.0,0.0,64.0
2017-08-16 22:30:00,19755.0,19755.0,19755.0,19755.0,0.0,0.0,64.0
2017-08-16 22:35:00,19755.0,19755.0,19755.0,19755.0,0.0,0.0,64.0
2017-08-16 22:40:00,19755.0,19755.0,19755.0,19755.0,0.0,0.0,64.0
2017-08-16 22:45:00,19755.0,19755.0,19755.0,19755.0,0.0,0.0,64.0
2017-08-16 22:50:00,19755.0,19755.0,19755.0,19755.0,0.0,0.0,64.0
2017-08-16 22:55:00,19755.0,19755.0,19755.0,19755.0,0.0,0.0,64.0
2017-08-16 23:00:00,19755.0,19755.0,19755.0,19755.0,0.0,0.0,64.0
2017-08-16 23:05:00,19755.0,19755.0,19755.0,19755.0,0.0,0.0,64.0
2017-08-16 23:10:00,19755.0,19755.0,19755.0,19755.0,0.0,0.0,64.0
2017-08-16 23:15:00,19755.0,19755.0,19755.0,19755.0,0.0,0.0,64.0
2017-08-16 23:20:00,19755.0,19765.0,19755.0,19765.0,2.0,197650.0,64.0
2017-08-16 23:25:00,19765.0,19765.0,19765.0,19765.0,0.0,0.0,64.0
2017-08-16 23:30:00,19765.0,19765.0,19765.0,19765.0,0.0,0.0,64.0
2017-08-16 23:35:00,19765.0,19765.0,19765.0,19765.0,0.0,0.0,64.0
2017-08-16 23:40:00,19765.0,19765.0,19765.0,19765.0,0.0,0.0,64.0
2017-08-16 23:45:00,19765.0,19765.0,19765.0,19765.0,0.0,0.0,64.0
2017-08-16 23:50:00,19765.0,19765.0,19765.0,19765.0,0.0,0.0,64.0
2017-08-16 23:55:00,19765.0,19765.0,19765.0,19765.0,0.0,0.0,64.0
2017-08-17 00:00:00,19765.0,19855.0,19765.0,19855.0,2.0,198550.0,66.0
2017-08-17 00:05:00,19855.0,19855.0,19855.0,19855.0,0.0,0.0,66.0
2017-08-17 00:10:00,19855.0,19855.0,19855.0,19855.0,0.0,0.0,66.0
2017-08-17 00:15:00,19855.0,19855.0,19855.0,19855.0,0.0,0.0,66.0
2017-08-17 00:20:00,19855.0,19855.0,19855.0,19855.0,0.0,0.0,66.0
2017-08-17 00:25:00,19855.0,19855.0,19855.0,19855.0,0.0,0.0,66.0
2017-08-17 00:30:00,19855.0,19855.0,19855.0,19855.0,0.0,0.0,66.0
2017-08-17 00:35:00,19855.0,19855.0,19855.0,19855.0,0.0,0.0,66.0
2017-08-17 00:40:00,19855.0,19855.0,19855.0,19855.0,0.0,0.0,66.0
2017-08-17 00:45:00,19855.0,19855.0,19855.0,19855.0,0.0,0.0,66.0
2017-08-17 00:50:00,19855.0,19855.0,19855.0,19855.0,0.0,0.0,66.0
2017-08-17 00:55:00,19855.0,19855.0,19855.0,19855.0,0.0,0.0,66.0
2017-08-17 09:00:00,19855.0,19855.0,19855.0,19855.0,0.0,0.0,66.0
2017-08-17 09:05:00,19855.0,19855.0,19855.0,19855.0,0.0,0.0,66.0
2017-08-17 09:10:00,19855.0,19855.0,19855.0,19855.0,0.0,0.0,66.0
2017-08-17 09:15:00,19855.0,19855.0,19855.0,19855.0,0.0,0.0,66.0
2017-08-17 09:20:00,19855.0,19855.0,19855.0,19855.0,0.0,0.0,66.0
2017-08-17 09:25:00,19855.0,19855.0,19855.0,19855.0,0.0,0.0,66.0
2017-08-17 09:30:00,19855.0,19855.0,19855.0,19855.0,0.0,0.0,66.0
2017-08-17 09:35:00,19900.0,19900.0,19855.0,19855.0,6.0,596100.0,72.0
2017-08-17 09:40:00,19855.0,19855.0,19855.0,19855.0,0.0,0.0,72.0
2017-08-17 09:45:00,19855.0,19855.0,19855.0,19855.0,0.0,0.0,72.0
2017-08-17 09:50:00,19855.0,19855.0,19855.0,19855.0,0.0,0.0,72.0
2017-08-17 09:55:00,19855.0,19855.0,19855.0,19855.0,0.0,0.0,72.0
2017-08-17 10:00:00,19855.0,19855.0,19855.0,19855.0,0.0,0.0,72.0
2017-08-17 10:05:00,19855.0,19855.0,19855.0,19855.0,0.0,0.0,72.0
2017-08-17 10:10:00,19855.0,19855.0,19855.0,19855.0,0.0,0.0,72.0
2017-08-17 10:30:00,19855.0,19855.0,19855.0,19855.0,0.0,0.0,72.0
2017-08-17 10:35:00,19855.0,19855.0,19855.0,19855.0,0.0,0.0,72.0
2017-08-17 10:40:00,19855.0,19855.0,19855.0,19855.0,0.0,0.0,72.0
2017-08-17 10:45:00,19855.0,19855.0,19855.0,19855.0,0.0,0.0,72.0
2017-08-17 10:50:00,19855.0,19855.0,19855.0,19855.0,0.0,0.0,72.0
2017-08-17 10:55:00,19855.0,19855.0,19855.0,19855.0,0.0,0.0,72.0
2017-08-17 11:00:00,20000.0,20000.0,20000.0,20000.0,2.0,200000.0,72.0
2017-08-17 11:05:00,20000.0,20000.0,20000.0,20000.0,0.0,0.0,72.0
2017-08-17 11:10:00,20000.0,20000.0,20000.0,20000.0,0.0,0.0,72.0
2017-08-17 11:15:00,20000.0,20000.0,20000.0,20000.0,0.0,0.0,72.0
2017-08-17 11:20:00,20000.0,20115.0,20000.0,20115.0,2.0,201150.0,72.0
2017-08-17 11:25:00,20115.0,20115.0,20115.0,20115.0,0.0,0.0,72.0
2017-08-17 13:30:00,20115.0,20115.0,20115.0,20115.0,2.0,201150.0,74.0
2017-08-17 13:35:00,20115.0,20115.0,20110.0,20110.0,4.0,402250.0,72.0
2017-08-17 13:40:00,20110.0,20110.0,20110.0,20110.0,0.0,0.0,72.0
2017-08-17 13:45:00,20110.0,20110.0,20110.0,20110.0,0.0,0.0,72.0
2017-08-17 13:50:00,20110.0,20110.0,20110.0,20110.0,0.0,0.0,72.0
2017-08-17 13:55:00,20110.0,20110.0,20110.0,20110.0,0.0,0.0,72.0
2017-08-17 14:00:00,20110.0,20110.0,20110.0,20110.0,0.0,0.0,72.0
2017-08-17 14:05:00,20110.0,20110.0,20110.0,20110.0,0.0,0.0,72.0
2017-08-17 14:10:00,20110.0,20110.0,20110.0,20110.0,0.0,0.0,72.0
2017-08-17 14:15:00,20110.0,20110.0,20110.0,20110.0,0.0,0.0,72.0
2017-08-17 14:20:00,20110.0,20110.0,20110.0,20110.0,0.0,0.0,72.0
2017-08-17 14:25:00,20110.0,20110.0,20110.0,20110.0,0.0,0.0,72.0
2017-08-17 14:30:00,20110.0,20110.0,20110.0,20110.0,0.0,0.0,72.0
2017-08-17 14:35:00,20110.0,20110.0,20005.0,20005.0,2.0,200050.0,72.0
2017-08-17 14:40:00,20005.0,20005.0,20005.0,20005.0,0.0,0.0,72.0
2017-08-17 14:45:00,20005.0,20005.0,20005.0,20005.0,0.0,0.0,72.0
2017-08-17 14:50:00,20005.0,20005.0,20005.0,20005.0,0.0,0.0,72.0
2017-08-17 14:55:00,20005.0,20005.0,20005.0,20005.0,0.0,0.0,72.0
2017-08-17 21:00:00,19915.0,19915.0,19915.0,19915.0,0.0,0.0,72.0
2017-08-17 21:05:00,19915.0,19915.0,19915.0,19915.0,0.0,0.0,72.0
2017-08-17 21:10:00,19915.0,19915.0,19915.0,19915.0,0.0,0.0,72.0
2017-08-17 21:15:00,19915.0,19915.0,19915.0,19915.0,0.0,0.0,72.0
2017-08-17 21:20:00,19915.0,19915.0,19915.0,19915.0,0.0,0.0,72.0
2017-08-17 21:25:00,19915.0,19915.0,19915.0,19915.0,0.0,0.0,72.0
2017-08-17 21:30:00,19915.0,19915.0,19915.0,19915.0,0.0,0.0,72.0
2017-08-17 21:35:00,19915.0,19915.0,19915.0,19915.0,0.0,0.0,72.0
2017-08-17 21:40:00,19915.0,19915.0,19915.0,19915.0,0.0,0.0,72.0
2017-08-17 21:45:00,19915.0,19915.0,19915.0,19915.0,0.0,0.0,72.0
2017-08-17 21:50:00,19915.0,19915.0,19915.0,19915.0,0.0,0.0,72.0
2017-08-17 21:55:00,19915.0,19915.0,19915.0,19915.0,0.0,0.0,72.0
2017-08-17 22:00:00,19915.0,19915.0,19915.0,19915.0,0.0,0.0,72.0
2017-08-17 22:05:00,19915.0,19915.0,19915.0,19915.0,0.0,0.0,72.0
2017-08-17 22:10:00,19915.0,19915.0,19915.0,19915.0,0.0,0.0,72.0
2017-08-17 22:15:00,19915.0,19915.0,19915.0,19915.0,0.0,0.0,72.0
2017-08-17 22:20:00,19915.0,19915.0,19915.0,19915.0,0.0,0.0,72.0
2017-08-17 22:25:00,19915.0,19915.0,19915.0,19915.0,0.0,0.0,72.0
2017-08-17 22:30:00,19915.0,19915.0,19615.0,19615.0,4.0,392300.0,72.0
2017-08-17 22:35:00,19615.0,19615.0,19600.0,19600.0,2.0,196000.0,74.0
2017-08-17 22:40:00,19600.0,19600.0,19510.0,19510.0,2.0,195100.0,74.0
2017-08-17 22:45:00,19510.0,19510.0,19510.0,19510.0,0.0,0.0,74.0
2017-08-17 22:50:00,19510.0,19510.0,19510.0,19510.0,0.0,0.0,74.0
2017-08-17 22:55:00,19510.0,19510.0,19510.0,19510.0,0.0,0.0,74.0
2017-08-17 23:00:00,19510.0,19510.0,19510.0,19510.0,0.0,0.0,74.0
2017-08-17 23:05:00,19510.0,19510.0,19510.0,19510.0,0.0,0.0,74.0
2017-08-17 23:10:00,19510.0,19510.0,19510.0,19510.0,0.0,0.0,74.0
2017-08-17 23:15:00,19510.0,19510.0,19510.0,19510.0,0.0,0.0,74.0
2017-08-17 23:20:00,19510.0,19510.0,19510.0,19510.0,0.0,0.0,74.0
2017-08-17 23:25:00,19510.0,19510.0,19510.0,19510.0,0.0,0.0,74.0
2017-08-17 23:30:00,19510.0,19510.0,19510.0,19510.0,0.0,0.0,74.0
2017-08-17 23:35:00,19510.0,19510.0,19510.0,19510.0,0.0,0.0,74.0
2017-08-17 23:40:00,19510.0,19510.0,19510.0,19510.0,0.0,0.0,74.0
2017-08-17 23:45:00,19510.0,19510.0,19510.0,19510.0,0.0,0.0,74.0
2017-08-17 23:50:00,19510.0,19510.0,19510.0,19510.0,0.0,0.0,74.0
2017-08-17 23:55:00,19510.0,19510.0,19510.0,19510.0,0.0,0.0,74.0
2017-08-18 00:00:00,19510.0,19510.0,19510.0,19510.0,0.0,0.0,74.0
2017-08-18 00:05:00,19510.0,19510.0,19455.0,19455.0,2.0,194550.0,74.0
2017-08-18 00:10:00,19455.0,19455.0,19455.0,19455.0,0.0,0.0,74.0
2017-08-18 00:15:00,19455.0,19455.0,19455.0,19455.0,0.0,0.0,74.0
2017-08-18 00:20:00,19455.0,19455.0,19455.0,19455.0,0.0,0.0,74.0
2017-08-18 00:25:00,19455.0,19455.0,19455.0,19455.0,0.0,0.0,74.0
2017-08-18 00:30:00,19455.0,19455.0,19455.0,19455.0,0.0,0.0,74.0
2017-08-18 00:35:00,19455.0,19505.0,19455.0,19505.0,2.0,195050.0,74.0
2017-08-18 00:40:00,19505.0,19505.0,19505.0,19505.0,0.0,0.0,74.0
2017-08-18 00:45:00,19505.0,19505.0,19505.0,19505.0,0.0,0.0,74.0
2017-08-18 00:50:00,19505.0,19505.0,19505.0,19505.0,0.0,0.0,74.0
2017-08-18 00:55:00,19505.0,19505.0,19505.0,19505.0,0.0,0.0,74.0
2017-08-18 09:00:00,19505.0,19505.0,19505.0,19505.0,0.0,0.0,74.0
2017-08-18 09:05:00,19505.0,19505.0,19505.0,19505.0,0.0,0.0,74.0
2017-08-18 09:10:00,19505.0,19505.0,19505.0,19505.0,0.0,0.0,74.0
2017-08-18 09:15:00,19505.0,19505.0,19505.0,19505.0,0.0,0.0,74.0
2017-08-18 09:20:00,19505.0,19505.0,19505.0,19505.0,0.0,0.0,74.0
2017-08-18 09:25:00,19505.0,19505.0,19505.0,19505.0,0.0,0.0,74.0
2017-08-18 09:30:00,19505.0,19505.0,19280.0,19280.0,2.0,192800.0,76.0
2017-08-18 09:35:00,19280.0,19280.0,19280.0,19280.0,0.0,0.0,76.0
2017-08-18 09:40:00,19280.0,19280.0,19280.0,19280.0,0.0,0.0,76.0
2017-08-18 09:45:00,19280.0,19280.0,19280.0,19280.0,0.0,0.0,76.0
2017-08-18 09:50:00,19280.0,19280.0,19280.0,19280.0,0.0,0.0,76.0
2017-08-18 09:55:00,19280.0,19280.0,19280.0,19280.0,0.0,0.0,76.0
2017-08-18 10:00:00,19280.0,19280.0,19280.0,19280.0,0.0,0.0,76.0
2017-08-18 10:05:00,19280.0,19280.0,19280.0,19280.0,0.0,0.0,76.0
2017-08-18 10:10:00,19280.0,19280.0,19280.0,19280.0,0.0,0.0,76.0
2017-08-18 10:30:00,19280.0,19280.0,19280.0,19280.0,0.0,0.0,76.0
2017-08-18 10:35:00,19280.0,19280.0,19280.0,19280.0,0.0,0.0,76.0
2017-08-18 10:40:00,19280.0,19280.0,19280.0,19280.0,0.0,0.0,76.0
2017-08-18 10:45:00,19280.0,19280.0,19280.0,19280.0,0.0,0.0,76.0
2017-08-18 10:50:00,19280.0,19280.0,19280.0,19280.0,0.0,0.0,76.0
2017-08-18 10:55:00,19280.0,19280.0,19280.0,19280.0,0.0,0.0,76.0
2017-08-18 11:00:00,19280.0,19280.0,19280.0,19280.0,0.0,0.0,76.0
2017-08-18 11:05:00,19280.0,19280.0,19280.0,19280.0,0.0,0.0,76.0
2017-08-18 11:10:00,19280.0,19280.0,19280.0,19280.0,0.0,0.0,76.0
2017-08-18 11:15:00,19280.0,19280.0,19280.0,19280.0,0.0,0.0,76.0
2017-08-18 11:20:00,19280.0,19280.0,19280.0,19280.0,0.0,0.0,76.0
2017-08-18 11:25:00,19280.0,19280.0,19280.0,19280.0,0.0,0.0,76.0
2017-08-18 13:30:00,19280.0,19280.0,19280.0,19280.0,0.0,0.0,76.0
2017-08-18 13:35:00,19280.0,19430.0,19280.0,19430.0,2.0,194300.0,74.0
2017-08-18 13:40:00,19430.0,19430.0,19430.0,19430.0,0.0,0.0,74.0
2017-08-18 13:45:00,19430.0,19430.0,19430.0,19430.0,0.0,0.0,74.0
2017-08-18 13:50:00,19430.0,19430.0,19430.0,19430.0,0.0,0.0,74.0
2017-08-18 13:55:00,19430.0,19430.0,19430.0,19430.0,0.0,0.0,74.0
2017-08-18 14:00:00,19430.0,19430.0,19430.0,19430.0,0.0,0.0,74.0
2017-08-18 14:05:00,19430.0,19430.0,19430.0,19430.0,0.0,0.0,74.0
2017-08-18 14:10:00,19430.0,19430.0,19430.0,19430.0,0.0,0.0,74.0
2017-08-18 14:15:00,19430.0,19430.0,19430.0,19430.0,0.0,0.0,74.0
2017-08-18 14:20:00,19430.0,19430.0,19430.0,19430.0,0.0,0.0,74.0
2017-08-18 14:25:00,19430.0,19430.0,19430.0,19430.0,0.0,0.0,74.0
2017-08-18 14:30:00,19430.0,19430.0,19430.0,19430.0,0.0,0.0,74.0
2017-08-18 14:35:00,19430.0,19430.0,19430.0,19430.0,0.0,0.0,74.0
2017-08-18 14:40:00,19430.0,19430.0,19430.0,19430.0,0.0,0.0,74.0
2017-08-18 14:45:00,19430.0,19430.0,19430.0,19430.0,0.0,0.0,74.0
2017-08-18 14:50:00,19430.0,19430.0,19430.0,19430.0,0.0,0.0,74.0
2017-08-18 14:55:00,19430.0,19430.0,19430.0,19430.0,0.0,0.0,74.0
2017-08-18 21:00:00,19500.0,19500.0,19500.0,19500.0,0.0,0.0,74.0
2017-08-18 21:05:00,19500.0,19500.0,19500.0,19500.0,0.0,0.0,74.0
2017-08-18 21:10:00,19500.0,19500.0,19500.0,19500.0,0.0,0.0,74.0
2017-08-18 21:15:00,19500.0,19700.0,19500.0,19680.0,4.0,393800.0,76.0
2017-08-18 21:20:00,19680.0,19680.0,19600.0,19600.0,2.0,196000.0,76.0
2017-08-18 21:25:00,19600.0,19600.0,19600.0,19600.0,0.0,0.0,76.0
2017-08-18 21:30:00,19600.0,19600.0,19600.0,19600.0,0.0,0.0,76.0
2017-08-18 21:35:00,19300.0,19300.0,19300.0,19300.0,2.0,193000.0,78.0
2017-08-18 21:40:00,19300.0,19300.0,19300.0,19300.0,0.0,0.0,78.0
2017-08-18 21:45:00,19300.0,19300.0,19265.0,19265.0,2.0,192650.0,80.0
2017-08-18 21:50:00,19265.0,19265.0,19265.0,19265.0,0.0,0.0,80.0
2017-08-18 21:55:00,19265.0,19265.0,19265.0,19265.0,0.0,0.0,80.0
2017-08-18 22:00:00,19320.0,19320.0,19320.0,19320.0,2.0,193200.0,82.0
2017-08-18 22:05:00,19320.0,19320.0,19320.0,19320.0,0.0,0.0,82.0
2017-08-18 22:10:00,19320.0,19320.0,19320.0,19320.0,0.0,0.0,82.0
2017-08-18 22:15:00,19320.0,19320.0,19320.0,19320.0,0.0,0.0,82.0
2017-08-18 22:20:00,19320.0,19320.0,19305.0,19305.0,4.0,386100.0,84.0
2017-08-18 22:25:00,19305.0,19305.0,19305.0,19305.0,0.0,0.0,84.0
2017-08-18 22:30:00,19305.0,19305.0,19305.0,19305.0,0.0,0.0,84.0
2017-08-18 22:35:00,19305.0,19305.0,19305.0,19305.0,0.0,0.0,84.0
2017-08-18 22:40:00,19305.0,19305.0,19305.0,19305.0,0.0,0.0,84.0
2017-08-18 22:45:00,19305.0,19305.0,19305.0,19305.0,0.0,0.0,84.0
2017-08-18 22:50:00,19305.0,19305.0,19305.0,19305.0,0.0,0.0,84.0
2017-08-18 22:55:00,19305.0,19305.0,19305.0,19305.0,0.0,0.0,84.0
2017-08-18 23:00:00,19305.0,19305.0,19220.0,19220.0,4.0,384400.0,82.0
2017-08-18 23:05:00,19220.0,19220.0,19220.0,19220.0,0.0,0.0,82.0
2017-08-18 23:10:00,19220.0,19220.0,19220.0,19220.0,0.0,0.0,82.0
2017-08-18 23:15:00,19220.0,19220.0,19220.0,19220.0,0.0,0.0,82.0
2017-08-18 23:20:00,19220.0,19220.0,19220.0,19220.0,0.0,0.0,82.0
2017-08-18 23:25:00,19220.0,19220.0,19220.0,19220.0,0.0,0.0,82.0
2017-08-18 23:30:00,19220.0,19220.0,19220.0,19220.0,0.0,0.0,82.0
2017-08-18 23:35:00,19220.0,19220.0,19220.0,19220.0,0.0,0.0,82.0
2017-08-18 23:40:00,19220.0,19220.0,19220.0,19220.0,0.0,0.0,82.0
2017-08-18 23:45:00,19220.0,19220.0,19220.0,19220.0,0.0,0.0,82.0
2017-08-18 23:50:00,19220.0,19220.0,19220.0,19220.0,0.0,0.0,82.0
2017-08-18 23:55:00,19220.0,19220.0,19220.0,19220.0,0.0,0.0,82.0
2017-08-19 00:00:00,19220.0,19220.0,19220.0,19220.0,0.0,0.0,82.0
2017-08-19 00:05:00,19220.0,19220.0,19220.0,19220.0,0.0,0.0,82.0
2017-08-19 00:10:00,19220.0,19220.0,19220.0,19220.0,0.0,0.0,82.0
2017-08-19 00:15:00,19220.0,19220.0,19220.0,19220.0,0.0,0.0,82.0
2017-08-19 00:20:00,19220.0,19220.0,19220.0,19220.0,0.0,0.0,82.0
2017-08-19 00:25:00,19220.0,19220.0,19220.0,19220.0,0.0,0.0,82.0
2017-08-19 00:30:00,19220.0,19220.0,19220.0,19220.0,0.0,0.0,82.0
2017-08-19 00:35:00,19220.0,19220.0,19220.0,19220.0,0.0,0.0,82.0
2017-08-19 00:40:00,19220.0,19220.0,19220.0,19220.0,0.0,0.0,82.0
2017-08-19 00:45:00,19220.0,19220.0,19220.0,19220.0,0.0,0.0,82.0
2017-08-19 00:50:00,19220.0,19220.0,19220.0,19220.0,0.0,0.0,82.0
2017-08-19 00:55:00,19220.0,19220.0,19220.0,19220.0,0.0,0.0,82.0
2017-08-21 09:00:00,19220.0,19220.0,19220.0,19220.0,0.0,0.0,82.0
2017-08-21 09:05:00,19220.0,19220.0,19220.0,19220.0,0.0,0.0,82.0
2017-08-21 09:10:00,19220.0,19220.0,19220.0,19220.0,0.0,0.0,82.0
2017-08-21 09:15:00,19220.0,19220.0,19220.0,19220.0,0.0,0.0,82.0
2017-08-21 09:20:00,19220.0,19220.0,19220.0,19220.0,0.0,0.0,82.0
2017-08-21 09:25:00,19220.0,19220.0,19220.0,19220.0,0.0,0.0,82.0
2017-08-21 09:30:00,19220.0,19220.0,19220.0,19220.0,0.0,0.0,82.0
2017-08-21 09:35:00,19220.0,19220.0,19220.0,19220.0,0.0,0.0,82.0
2017-08-21 09:40:00,19220.0,19220.0,19220.0,19220.0,0.0,0.0,82.0
2017-08-21 09:45:00,19220.0,19220.0,19220.0,19220.0,0.0,0.0,82.0
2017-08-21 09:50:00,19220.0,19220.0,19220.0,19220.0,0.0,0.0,82.0
2017-08-21 09:55:00,19220.0,19220.0,19220.0,19220.0,0.0,0.0,82.0
2017-08-21 10:00:00,19220.0,19220.0,19220.0,19220.0,0.0,0.0,82.0
2017-08-21 10:05:00,19220.0,19220.0,19215.0,19215.0,2.0,192150.0,80.0
2017-08-21 10:10:00,19215.0,19215.0,19215.0,19215.0,0.0,0.0,80.0
2017-08-21 10:30:00,19215.0,19215.0,19215.0,19215.0,0.0,0.0,80.0
2017-08-21 10:35:00,19215.0,19215.0,19215.0,19215.0,0.0,0.0,80.0
2017-08-21 10:40:00,19215.0,19215.0,19215.0,19215.0,0.0,0.0,80.0
2017-08-21 10:45:00,19215.0,19215.0,19215.0,19215.0,0.0,0.0,80.0
2017-08-21 10:50:00,19215.0,19215.0,19215.0,19215.0,0.0,0.0,80.0
2017-08-21 10:55:00,19215.0,19215.0,19215.0,19215.0,0.0,0.0,80.0
2017-08-21 11:00:00,19215.0,19215.0,19215.0,19215.0,0.0,0.0,80.0
2017-08-21 11:05:00,19215.0,19215.0,19215.0,19215.0,0.0,0.0,80.0
2017-08-21 11:10:00,19215.0,19215.0,19215.0,19215.0,0.0,0.0,80.0
2017-08-21 11:15:00,19215.0,19215.0,19215.0,19215.0,0.0,0.0,80.0
2017-08-21 11:20:00,19215.0,19215.0,19215.0,19215.0,0.0,0.0,80.0
2017-08-21 11:25:00,19215.0,19215.0,19215.0,19215.0,0.0,0.0,80.0
2017-08-21 13:30:00,19215.0,19215.0,19215.0,19215.0,0.0,0.0,80.0
2017-08-21 13:35:00,19215.0,19215.0,19215.0,19215.0,0.0,0.0,80.0
2017-08-21 13:40:00,19215.0,19215.0,19215.0,19215.0,0.0,0.0,80.0
2017-08-21 13:45:00,19215.0,19215.0,19215.0,19215.0,0.0,0.0,80.0
2017-08-21 13:50:00,19215.0,19215.0,19215.0,19215.0,0.0,0.0,80.0
2017-08-21 13:55:00,19215.0,19215.0,19215.0,19215.0,0.0,0.0,80.0
2017-08-21 14:00:00,19215.0,19215.0,19215.0,19215.0,0.0,0.0,80.0
2017-08-21 14:05:00,19215.0,19215.0,19215.0,19215.0,0.0,0.0,80.0
2017-08-21 14:10:00,19215.0,19215.0,19215.0,19215.0,0.0,0.0,80.0
2017-08-21 14:15:00,19215.0,19215.0,19215.0,19215.0,0.0,0.0,80.0
2017-08-21 14:20:00,19215.0,19215.0,19215.0,19215.0,0.0,0.0,80.0
2017-08-21 14:25:00,19215.0,19215.0,19215.0,19215.0,0.0,0.0,80.0
2017-08-21 14:30:00,19215.0,19215.0,19215.0,19215.0,0.0,0.0,80.0
2017-08-21 14:35:00,19215.0,19215.0,19215.0,19215.0,0.0,0.0,80.0
2017-08-21 14:40:00,19215.0,19215.0,19215.0,19215.0,0.0,0.0,80.0
2017-08-21 14:45:00,19215.0,19215.0,19215.0,19215.0,0.0,0.0,80.0
2017-08-21 14:50:00,19215.0,19215.0,19215.0,19215.0,0.0,0.0,80.0
2017-08-21 14:55:00,19215.0,19215.0,19215.0,19215.0,0.0,0.0,80.0
2017-08-21 21:00:00,19375.0,19375.0,19375.0,19375.0,0.0,0.0,80.0
2017-08-21 21:05:00,19375.0,19375.0,19375.0,19375.0,0.0,0.0,80.0
2017-08-21 21:10:00,19375.0,19375.0,19375.0,19375.0,0.0,0.0,80.0
2017-08-21 21:15:00,19375.0,19375.0,19375.0,19375.0,0.0,0.0,80.0
2017-08-21 21:20:00,19375.0,19375.0,19320.0,19320.0,4.0,386400.0,80.0
2017-08-21 21:25:00,19320.0,19320.0,19320.0,19320.0,0.0,0.0,80.0
2017-08-21 21:30:00,19320.0,19320.0,19320.0,19320.0,0.0,0.0,80.0
2017-08-21 21:35:00,19320.0,19320.0,19320.0,19320.0,0.0,0.0,80.0
2017-08-21 21:40:00,19320.0,19320.0,19320.0,19320.0,0.0,0.0,80.0
2017-08-21 21:45:00,19320.0,19320.0,19320.0,19320.0,0.0,0.0,80.0
2017-08-21 21:50:00,19320.0,19320.0,19160.0,19160.0,2.0,191600.0,82.0
2017-08-21 21:55:00,19160.0,19160.0,19160.0,19160.0,0.0,0.0,82.0
2017-08-21 22:00:00,19160.0,19160.0,19160.0,19160.0,0.0,0.0,82.0
2017-08-21 22:05:00,19160.0,19160.0,19160.0,19160.0,0.0,0.0,82.0
2017-08-21 22:10:00,19160.0,19160.0,19160.0,19160.0,0.0,0.0,82.0
2017-08-21 22:15:00,19160.0,19160.0,19160.0,19160.0,0.0,0.0,82.0
2017-08-21 22:20:00,19160.0,19160.0,19160.0,19160.0,0.0,0.0,82.0
2017-08-21 22:25:00,19160.0,19160.0,19160.0,19160.0,0.0,0.0,82.0
2017-08-21 22:30:00,19160.0,19160.0,19160.0,19160.0,0.0,0.0,82.0
2017-08-21 22:35:00,19160.0,19160.0,19160.0,19160.0,0.0,0.0,82.0
2017-08-21 22:40:00,19160.0,19160.0,19160.0,19160.0,0.0,0.0,82.0
2017-08-21 22:45:00,19160.0,19160.0,19160.0,19160.0,0.0,0.0,82.0
2017-08-21 22:50:00,19160.0,19160.0,19160.0,19160.0,0.0,0.0,82.0
2017-08-21 22:55:00,19160.0,19160.0,19160.0,19160.0,0.0,0.0,82.0
2017-08-21 23:00:00,19160.0,19185.0,19160.0,19185.0,2.0,191850.0,84.0
2017-08-21 23:05:00,19185.0,19185.0,19185.0,19185.0,0.0,0.0,84.0
2017-08-21 23:10:00,19185.0,19185.0,19185.0,19185.0,2.0,191850.0,86.0
2017-08-21 23:15:00,19185.0,19185.0,19185.0,19185.0,0.0,0.0,86.0
2017-08-21 23:20:00,19185.0,19185.0,19185.0,19185.0,0.0,0.0,86.0
2017-08-21 23:25:00,19185.0,19185.0,19185.0,19185.0,0.0,0.0,86.0
2017-08-21 23:30:00,19185.0,19185.0,19185.0,19185.0,0.0,0.0,86.0
2017-08-21 23:35:00,19185.0,19185.0,19185.0,19185.0,0.0,0.0,86.0
2017-08-21 23:40:00,19220.0,19220.0,19220.0,19220.0,2.0,192200.0,86.0
2017-08-21 23:45:00,19220.0,19220.0,19220.0,19220.0,0.0,0.0,86.0
2017-08-21 23:50:00,19220.0,19325.0,19220.0,19275.0,10.0,965750.0,96.0
2017-08-21 23:55:00,19275.0,19275.0,19275.0,19275.0,0.0,0.0,96.0
2017-08-22 00:00:00,19275.0,19275.0,19275.0,19275.0,0.0,0.0,96.0
2017-08-22 00:05:00,19275.0,19275.0,19275.0,19275.0,0.0,0.0,96.0
2017-08-22 00:10:00,19275.0,19275.0,19245.0,19245.0,2.0,192450.0,96.0
2017-08-22 00:15:00,19245.0,19245.0,19245.0,19245.0,0.0,0.0,96.0
2017-08-22 00:20:00,19245.0,19245.0,19245.0,19245.0,0.0,0.0,96.0
2017-08-22 00:25:00,19245.0,19245.0,19245.0,19245.0,0.0,0.0,96.0
2017-08-22 00:30:00,19245.0,19245.0,19245.0,19245.0,0.0,0.0,96.0
2017-08-22 00:35:00,19245.0,19245.0,19245.0,19245.0,0.0,0.0,96.0
2017-08-22 00:40:00,19245.0,19245.0,19245.0,19245.0,0.0,0.0,96.0
2017-08-22 00:45:00,19245.0,19245.0,19245.0,19245.0,0.0,0.0,96.0
2017-08-22 00:50:00,19245.0,19245.0,19245.0,19245.0,0.0,0.0,96.0
2017-08-22 00:55:00,19245.0,19245.0,19245.0,19245.0,0.0,0.0,96.0
2017-08-22 09:00:00,19245.0,19245.0,19245.0,19245.0,0.0,0.0,96.0
2017-08-22 09:05:00,19245.0,19245.0,19245.0,19245.0,0.0,0.0,96.0
2017-08-22 09:10:00,19245.0,19245.0,19245.0,19245.0,0.0,0.0,96.0
2017-08-22 09:15:00,19245.0,19245.0,19245.0,19245.0,0.0,0.0,96.0
2017-08-22 09:20:00,19150.0,19150.0,19050.0,19060.0,10.0,955500.0,98.0
2017-08-22 09:25:00,19060.0,19060.0,19060.0,19060.0,2.0,190600.0,100.0
2017-08-22 09:30:00,19060.0,19060.0,18800.0,18800.0,12.0,1131000.0,104.0
2017-08-22 09:35:00,18800.0,18900.0,18800.0,18900.0,2.0,189000.0,104.0
2017-08-22 09:40:00,18900.0,18945.0,18900.0,18945.0,2.0,189450.0,104.0
2017-08-22 09:45:00,18945.0,18945.0,18900.0,18900.0,2.0,189000.0,106.0
2017-08-22 09:50:00,18900.0,18900.0,18900.0,18900.0,0.0,0.0,106.0
2017-08-22 09:55:00,18900.0,18900.0,18900.0,18900.0,0.0,0.0,106.0
2017-08-22 10:00:00,18900.0,18900.0,18900.0,18900.0,0.0,0.0,106.0
2017-08-22 10:05:00,18900.0,18900.0,18900.0,18900.0,0.0,0.0,106.0
2017-08-22 10:10:00,18900.0,18900.0,18900.0,18900.0,0.0,0.0,106.0
2017-08-22 10:30:00,18900.0,18900.0,18900.0,18900.0,0.0,0.0,106.0
2017-08-22 10:35:00,18900.0,18900.0,18900.0,18900.0,0.0,0.0,106.0
2017-08-22 10:40:00,18900.0,18910.0,18810.0,18810.0,4.0,377200.0,106.0
2017-08-22 10:45:00,18925.0,18925.0,18925.0,18925.0,2.0,189250.0,108.0
2017-08-22 10:50:00,18925.0,18925.0,18925.0,18925.0,0.0,0.0,108.0
2017-08-22 10:55:00,18925.0,18925.0,18925.0,18925.0,0.0,0.0,108.0
2017-08-22 11:00:00,18925.0,18925.0,18925.0,18925.0,0.0,0.0,108.0
2017-08-22 11:05:00,18925.0,18925.0,18925.0,18925.0,0.0,0.0,108.0
2017-08-22 11:10:00,18925.0,18925.0,18925.0,18925.0,0.0,0.0,108.0
2017-08-22 11:15:00,18925.0,18940.0,18925.0,18940.0,4.0,378800.0,110.0
2017-08-22 11:20:00,18940.0,18940.0,18940.0,18940.0,0.0,0.0,110.0
2017-08-22 11:25:00,18940.0,18940.0,18940.0,18940.0,0.0,0.0,110.0
2017-08-22 13:30:00,18940.0,18940.0,18940.0,18940.0,0.0,0.0,110.0
2017-08-22 13:35:00,18940.0,18970.0,18940.0,18970.0,4.0,379400.0,112.0
2017-08-22 13:40:00,18970.0,18970.0,18970.0,18970.0,0.0,0.0,112.0
2017-08-22 13:45:00,18970.0,18970.0,18970.0,18970.0,0.0,0.0,112.0
2017-08-22 13:50:00,18970.0,18970.0,18970.0,18970.0,0.0,0.0,112.0
2017-08-22 13:55:00,18970.0,18970.0,18970.0,18970.0,0.0,0.0,112.0
2017-08-22 14:00:00,18970.0,18970.0,18875.0,18875.0,2.0,188750.0,110.0
2017-08-22 14:05:00,18875.0,18875.0,18875.0,18875.0,0.0,0.0,110.0
2017-08-22 14:10:00,18875.0,18875.0,18875.0,18875.0,0.0,0.0,110.0
2017-08-22 14:15:00,18875.0,18875.0,18875.0,18875.0,0.0,0.0,110.0
2017-08-22 14:20:00,18875.0,18875.0,18875.0,18875.0,0.0,0.0,110.0
2017-08-22 14:25:00,18875.0,18875.0,18875.0,18875.0,0.0,0.0,110.0
2017-08-22 14:30:00,18875.0,18875.0,18875.0,18875.0,0.0,0.0,110.0
2017-08-22 14:35:00,18875.0,18875.0,18875.0,18875.0,0.0,0.0,110.0
2017-08-22 14:40:00,18875.0,18875.0,18875.0,18875.0,0.0,0.0,110.0
2017-08-22 14:45:00,18875.0,18875.0,18875.0,18875.0,0.0,0.0,110.0
2017-08-22 14:50:00,18875.0,18875.0,18875.0,18875.0,0.0,0.0,110.0
2017-08-22 14:55:00,18875.0,18875.0,18875.0,18875.0,0.0,0.0,110.0
2017-08-22 21:00:00,19055.0,19055.0,19055.0,19055.0,0.0,0.0,110.0
2017-08-22 21:05:00,19055.0,19240.0,19055.0,19240.0,2.0,192400.0,112.0
2017-08-22 21:10:00,19240.0,19240.0,19240.0,19240.0,0.0,0.0,112.0
2017-08-22 21:15:00,19240.0,19240.0,19015.0,19015.0,2.0,190150.0,110.0
2017-08-22 21:20:00,19015.0,19015.0,19015.0,19015.0,0.0,0.0,110.0
2017-08-22 21:25:00,19015.0,19015.0,19015.0,19015.0,0.0,0.0,110.0
2017-08-22 21:30:00,19015.0,19015.0,19015.0,19015.0,0.0,0.0,110.0
2017-08-22 21:35:00,19015.0,19015.0,19015.0,19015.0,0.0,0.0,110.0
2017-08-22 21:40:00,19015.0,19015.0,19015.0,19015.0,0.0,0.0,110.0
2017-08-22 21:45:00,19015.0,19015.0,19015.0,19015.0,0.0,0.0,110.0
2017-08-22 21:50:00,19015.0,19015.0,19015.0,19015.0,0.0,0.0,110.0
2017-08-22 21:55:00,19015.0,19015.0,19015.0,19015.0,0.0,0.0,110.0
2017-08-22 22:00:00,19015.0,19385.0,19015.0,19385.0,2.0,193850.0,108.0
2017-08-22 22:05:00,19385.0,19385.0,19385.0,19385.0,0.0,0.0,108.0
2017-08-22 22:10:00,19385.0,19385.0,19350.0,19380.0,10.0,968100.0,108.0
2017-08-22 22:15:00,19380.0,19490.0,19380.0,19490.0,2.0,194900.0,108.0
2017-08-22 22:20:00,19490.0,19490.0,19490.0,19490.0,0.0,0.0,108.0
2017-08-22 22:25:00,19490.0,19490.0,19355.0,19355.0,2.0,193550.0,106.0
2017-08-22 22:30:00,19355.0,19355.0,19355.0,19355.0,0.0,0.0,106.0
2017-08-22 22:35:00,19355.0,19355.0,19355.0,19355.0,0.0,0.0,106.0
2017-08-22 22:40:00,19355.0,19355.0,19355.0,19355.0,0.0,0.0,106.0
2017-08-22 22:45:00,19355.0,19355.0,19355.0,19355.0,0.0,0.0,106.0
2017-08-22 22:50:00,19355.0,19355.0,19335.0,19335.0,2.0,193350.0,104.0
2017-08-22 22:55:00,19335.0,19335.0,19335.0,19335.0,0.0,0.0,104.0
2017-08-22 23:00:00,19335.0,19335.0,19215.0,19215.0,2.0,192150.0,104.0
2017-08-22 23:05:00,19215.0,19215.0,19215.0,19215.0,0.0,0.0,104.0
2017-08-22 23:10:00,19215.0,19400.0,19215.0,19400.0,2.0,194000.0,106.0
2017-08-22 23:15:00,19400.0,19400.0,19400.0,19400.0,0.0,0.0,106.0
2017-08-22 23:20:00,19400.0,19400.0,19400.0,19400.0,0.0,0.0,106.0
2017-08-22 23:25:00,19400.0,19400.0,19400.0,19400.0,0.0,0.0,106.0
2017-08-22 23:30:00,19400.0,19400.0,19400.0,19400.0,0.0,0.0,106.0
2017-08-22 23:35:00,19400.0,19400.0,19400.0,19400.0,0.0,0.0,106.0
2017-08-22 23:40:00,19400.0,19400.0,19400.0,19400.0,0.0,0.0,106.0
2017-08-22 23:45:00,19400.0,19400.0,19400.0,19400.0,0.0,0.0,106.0
2017-08-22 23:50:00,19400.0,19400.0,19400.0,19400.0,0.0,0.0,106.0
2017-08-22 23:55:00,19400.0,19400.0,19400.0,19400.0,0.0,0.0,106.0
2017-08-23 00:00:00,19400.0,19400.0,19400.0,19400.0,0.0,0.0,106.0
2017-08-23 00:05:00,19400.0,19400.0,19400.0,19400.0,0.0,0.0,106.0
2017-08-23 00:10:00,19400.0,19400.0,19400.0,19400.0,0.0,0.0,106.0
2017-08-23 00:15:00,19400.0,19400.0,19400.0,19400.0,0.0,0.0,106.0
2017-08-23 00:20:00,19400.0,19400.0,19400.0,19400.0,0.0,0.0,106.0
2017-08-23 00:25:00,19400.0,19400.0,19400.0,19400.0,0.0,0.0,106.0
2017-08-23 00:30:00,19400.0,19400.0,19400.0,19400.0,0.0,0.0,106.0
2017-08-23 00:35:00,19400.0,19400.0,19400.0,19400.0,0.0,0.0,106.0
2017-08-23 00:40:00,19400.0,19400.0,19400.0,19400.0,0.0,0.0,106.0
2017-08-23 00:45:00,19400.0,19400.0,19400.0,19400.0,0.0,0.0,106.0
2017-08-23 00:50:00,19400.0,19400.0,19400.0,19400.0,0.0,0.0,106.0
2017-08-23 00:55:00,19400.0,19400.0,19400.0,19400.0,0.0,0.0,106.0
2017-08-23 09:00:00,19400.0,19400.0,19280.0,19280.0,2.0,192800.0,108.0
2017-08-23 09:05:00,19280.0,19375.0,19280.0,19375.0,4.0,387500.0,112.0
2017-08-23 09:10:00,19375.0,19375.0,19375.0,19375.0,0.0,0.0,112.0
2017-08-23 09:15:00,19375.0,19375.0,19375.0,19375.0,0.0,0.0,112.0
2017-08-23 09:20:00,19375.0,19375.0,19375.0,19375.0,0.0,0.0,112.0
2017-08-23 09:25:00,19375.0,19375.0,19375.0,19375.0,0.0,0.0,112.0
2017-08-23 09:30:00,19375.0,19375.0,19375.0,19375.0,0.0,0.0,112.0
2017-08-23 09:35:00,19375.0,19375.0,19280.0,19280.0,2.0,192800.0,112.0
2017-08-23 09:40:00,19280.0,19280.0,19280.0,19280.0,0.0,0.0,112.0
2017-08-23 09:45:00,19280.0,19280.0,19280.0,19280.0,0.0,0.0,112.0
2017-08-23 09:50:00,19280.0,19280.0,19230.0,19230.0,2.0,192300.0,112.0
2017-08-23 09:55:00,19230.0,19230.0,19230.0,19230.0,0.0,0.0,112.0
2017-08-23 10:00:00,19230.0,19230.0,19230.0,19230.0,0.0,0.0,112.0
2017-08-23 10:05:00,19230.0,19230.0,19230.0,19230.0,0.0,0.0,112.0
2017-08-23 10:10:00,19230.0,19230.0,19230.0,19230.0,0.0,0.0,112.0
2017-08-23 10:30:00,19230.0,19230.0,19230.0,19230.0,0.0,0.0,112.0
2017-08-23 10:35:00,19230.0,19230.0,19230.0,19230.0,0.0,0.0,112.0
2017-08-23 10:40:00,19230.0,19230.0,19230.0,19230.0,0.0,0.0,112.0
2017-08-23 10:45:00,19230.0,19230.0,19230.0,19230.0,0.0,0.0,112.0
2017-08-23 10:50:00,19230.0,19230.0,19230.0,19230.0,0.0,0.0,112.0
2017-08-23 10:55:00,19230.0,19230.0,19230.0,19230.0,0.0,0.0,112.0
2017-08-23 11:00:00,19230.0,19230.0,19230.0,19230.0,0.0,0.0,112.0
2017-08-23 11:05:00,19230.0,19230.0,19230.0,19230.0,0.0,0.0,112.0
2017-08-23 11:10:00,19230.0,19230.0,19230.0,19230.0,0.0,0.0,112.0
2017-08-23 11:15:00,19230.0,19230.0,19230.0,19230.0,0.0,0.0,112.0
2017-08-23 11:20:00,19230.0,19230.0,19230.0,19230.0,0.0,0.0,112.0
2017-08-23 11:25:00,19230.0,19230.0,19230.0,19230.0,0.0,0.0,112.0
2017-08-23 13:30:00,19230.0,19230.0,19230.0,19230.0,0.0,0.0,112.0
2017-08-23 13:35:00,19230.0,19230.0,19230.0,19230.0,0.0,0.0,112.0
2017-08-23 13:40:00,19230.0,19230.0,19230.0,19230.0,0.0,0.0,112.0
2017-08-23 13:45:00,19230.0,19230.0,19230.0,19230.0,0.0,0.0,112.0
2017-08-23 13:50:00,19230.0,19230.0,19230.0,19230.0,0.0,0.0,112.0
2017-08-23 13:55:00,19230.0,19230.0,19230.0,19230.0,0.0,0.0,112.0
2017-08-23 14:00:00,19230.0,19230.0,19230.0,19230.0,0.0,0.0,112.0
2017-08-23 14:05:00,19230.0,19230.0,19230.0,19230.0,0.0,0.0,112.0
2017-08-23 14:10:00,19230.0,19300.0,19230.0,19300.0,2.0,193000.0,112.0
2017-08-23 14:15:00,19300.0,19300.0,19300.0,19300.0,0.0,0.0,112.0
2017-08-23 14:20:00,19300.0,19300.0,19300.0,19300.0,0.0,0.0,112.0
2017-08-23 14:25:00,19300.0,19300.0,19300.0,19300.0,0.0,0.0,112.0
2017-08-23 14:30:00,19300.0,19300.0,19300.0,19300.0,0.0,0.0,112.0
2017-08-23 14:35:00,19300.0,19300.0,19300.0,19300.0,0.0,0.0,112.0
2017-08-23 14:40:00,19300.0,19300.0,19300.0,19300.0,0.0,0.0,112.0
2017-08-23 14:45:00,19300.0,19300.0,19300.0,19300.0,0.0,0.0,112.0
2017-08-23 14:50:00,19300.0,19300.0,19300.0,19300.0,0.0,0.0,112.0
2017-08-23 14:55:00,19300.0,19300.0,19300.0,19300.0,0.0,0.0,112.0
2017-08-23 21:00:00,19320.0,19320.0,19320.0,19320.0,0.0,0.0,112.0
2017-08-23 21:05:00,19320.0,19320.0,19320.0,19320.0,0.0,0.0,112.0
2017-08-23 21:10:00,19320.0,19320.0,19320.0,19320.0,0.0,0.0,112.0
2017-08-23 21:15:00,19320.0,19320.0,19320.0,19320.0,0.0,0.0,112.0
2017-08-23 21:20:00,19320.0,19320.0,19320.0,19320.0,0.0,0.0,112.0
2017-08-23 21:25:00,19320.0,19320.0,19320.0,19320.0,0.0,0.0,112.0
2017-08-23 21:30:00,19320.0,19320.0,19320.0,19320.0,0.0,0.0,112.0
2017-08-23 21:35:00,19320.0,19320.0,19320.0,19320.0,0.0,0.0,112.0
2017-08-23 21:40:00,19320.0,19320.0,19320.0,19320.0,0.0,0.0,112.0
2017-08-23 21:45:00,19320.0,19320.0,19320.0,19320.0,0.0,0.0,112.0
2017-08-23 21:50:00,19320.0,19320.0,19320.0,19320.0,0.0,0.0,112.0
2017-08-23 21:55:00,19320.0,19320.0,19320.0,19320.0,0.0,0.0,112.0
2017-08-23 22:00:00,19320.0,19320.0,19320.0,19320.0,0.0,0.0,112.0
2017-08-23 22:05:00,19320.0,19320.0,19320.0,19320.0,0.0,0.0,112.0
2017-08-23 22:10:00,19320.0,19320.0,19320.0,19320.0,0.0,0.0,112.0
2017-08-23 22:15:00,19320.0,19320.0,19320.0,19320.0,0.0,0.0,112.0
2017-08-23 22:20:00,19320.0,19320.0,19300.0,19300.0,2.0,193000.0,112.0
2017-08-23 22:25:00,19300.0,19300.0,19300.0,19300.0,0.0,0.0,112.0
2017-08-23 22:30:00,19300.0,19300.0,19300.0,19300.0,0.0,0.0,112.0
2017-08-23 22:35:00,19300.0,19300.0,19300.0,19300.0,0.0,0.0,112.0
2017-08-23 22:40:00,19300.0,19300.0,19300.0,19300.0,0.0,0.0,112.0
2017-08-23 22:45:00,19300.0,19300.0,19300.0,19300.0,0.0,0.0,112.0
2017-08-23 22:50:00,19300.0,19300.0,19300.0,19300.0,0.0,0.0,112.0
2017-08-23 22:55:00,19300.0,19300.0,19300.0,19300.0,0.0,0.0,112.0
2017-08-23 23:00:00,19300.0,19300.0,19300.0,19300.0,0.0,0.0,112.0
2017-08-23 23:05:00,19300.0,19300.0,19300.0,19300.0,0.0,0.0,112.0
2017-08-23 23:10:00,19300.0,19300.0,19300.0,19300.0,0.0,0.0,112.0
2017-08-23 23:15:00,19300.0,19300.0,19300.0,19300.0,0.0,0.0,112.0
2017-08-23 23:20:00,19300.0,19300.0,19300.0,19300.0,0.0,0.0,112.0
2017-08-23 23:25:00,19300.0,19300.0,19300.0,19300.0,0.0,0.0,112.0
2017-08-23 23:30:00,19300.0,19300.0,19300.0,19300.0,0.0,0.0,112.0
2017-08-23 23:35:00,19300.0,19300.0,19300.0,19300.0,0.0,0.0,112.0
2017-08-23 23:40:00,19300.0,19300.0,19300.0,19300.0,0.0,0.0,112.0
2017-08-23 23:45:00,19300.0,19300.0,19300.0,19300.0,0.0,0.0,112.0
2017-08-23 23:50:00,19300.0,19300.0,19300.0,19300.0,0.0,0.0,112.0
2017-08-23 23:55:00,19300.0,19300.0,19300.0,19300.0,0.0,0.0,112.0
2017-08-24 00:00:00,19300.0,19300.0,19300.0,19300.0,0.0,0.0,112.0
2017-08-24 00:05:00,19300.0,19300.0,19300.0,19300.0,0.0,0.0,112.0
2017-08-24 00:10:00,19300.0,19300.0,19300.0,19300.0,0.0,0.0,112.0
2017-08-24 00:15:00,19300.0,19300.0,19300.0,19300.0,0.0,0.0,112.0
2017-08-24 00:20:00,19300.0,19300.0,19300.0,19300.0,0.0,0.0,112.0
2017-08-24 00:25:00,19300.0,19300.0,19300.0,19300.0,0.0,0.0,112.0
2017-08-24 00:30:00,19300.0,19300.0,19300.0,19300.0,0.0,0.0,112.0
2017-08-24 00:35:00,19300.0,19300.0,19300.0,19300.0,0.0,0.0,112.0
2017-08-24 00:40:00,19300.0,19300.0,19300.0,19300.0,0.0,0.0,112.0
2017-08-24 00:45:00,19300.0,19300.0,19300.0,19300.0,0.0,0.0,112.0
2017-08-24 00:50:00,19300.0,19300.0,19300.0,19300.0,0.0,0.0,112.0
2017-08-24 00:55:00,19300.0,19300.0,19300.0,19300.0,0.0,0.0,112.0
2017-08-24 09:00:00,19300.0,19300.0,19300.0,19300.0,0.0,0.0,112.0
2017-08-24 09:05:00,19300.0,19300.0,19300.0,19300.0,0.0,0.0,112.0
2017-08-24 09:10:00,19300.0,19300.0,19300.0,19300.0,0.0,0.0,112.0
2017-08-24 09:15:00,19300.0,19300.0,19300.0,19300.0,0.0,0.0,112.0
2017-08-24 09:20:00,19300.0,19300.0,19300.0,19300.0,0.0,0.0,112.0
2017-08-24 09:25:00,19300.0,19300.0,19300.0,19300.0,0.0,0.0,112.0
2017-08-24 09:30:00,19300.0,19300.0,19300.0,19300.0,0.0,0.0,112.0
2017-08-24 09:35:00,19300.0,19300.0,19300.0,19300.0,0.0,0.0,112.0
2017-08-24 09:40:00,19300.0,19300.0,19300.0,19300.0,0.0,0.0,112.0
2017-08-24 09:45:00,19155.0,19155.0,19155.0,19155.0,6.0,574650.0,106.0
2017-08-24 09:50:00,19155.0,19155.0,19155.0,19155.0,0.0,0.0,106.0
2017-08-24 09:55:00,19155.0,19155.0,19155.0,19155.0,0.0,0.0,106.0
2017-08-24 10:00:00,19155.0,19155.0,19155.0,19155.0,0.0,0.0,106.0
2017-08-24 10:05:00,19155.0,19155.0,19155.0,19155.0,0.0,0.0,106.0
2017-08-24 10:10:00,19155.0,19155.0,19155.0,19155.0,0.0,0.0,106.0
2017-08-24 10:30:00,19155.0,19155.0,19155.0,19155.0,0.0,0.0,106.0
2017-08-24 10:35:00,19155.0,19155.0,19155.0,19155.0,0.0,0.0,106.0
2017-08-24 10:40:00,19155.0,19155.0,19155.0,19155.0,0.0,0.0,106.0
2017-08-24 10:45:00,19155.0,19155.0,19155.0,19155.0,0.0,0.0,106.0
2017-08-24 10:50:00,19155.0,19155.0,19155.0,19155.0,0.0,0.0,106.0
2017-08-24 10:55:00,19155.0,19155.0,19155.0,19155.0,0.0,0.0,106.0
2017-08-24 11:00:00,19155.0,19155.0,19155.0,19155.0,0.0,0.0,106.0
2017-08-24 11:05:00,19155.0,19155.0,19155.0,19155.0,0.0,0.0,106.0
2017-08-24 11:10:00,19155.0,19155.0,19155.0,19155.0,0.0,0.0,106.0
2017-08-24 11:15:00,19155.0,19155.0,19155.0,19155.0,0.0,0.0,106.0
2017-08-24 11:20:00,19155.0,19155.0,19155.0,19155.0,0.0,0.0,106.0
2017-08-24 11:25:00,19155.0,19155.0,19155.0,19155.0,0.0,0.0,106.0
2017-08-24 13:30:00,19155.0,19155.0,19155.0,19155.0,0.0,0.0,106.0
2017-08-24 13:35:00,19155.0,19155.0,19155.0,19155.0,2.0,191550.0,106.0
2017-08-24 13:40:00,19155.0,19155.0,19010.0,19010.0,2.0,190100.0,108.0
2017-08-24 13:45:00,19010.0,19010.0,19010.0,19010.0,0.0,0.0,108.0
2017-08-24 13:50:00,19010.0,19010.0,19010.0,19010.0,0.0,0.0,108.0
2017-08-24 13:55:00,19010.0,19010.0,19010.0,19010.0,0.0,0.0,108.0
2017-08-24 14:00:00,19010.0,19010.0,19010.0,19010.0,0.0,0.0,108.0
2017-08-24 14:05:00,19010.0,19010.0,19010.0,19010.0,0.0,0.0,108.0
2017-08-24 14:10:00,19010.0,19010.0,19010.0,19010.0,0.0,0.0,108.0
2017-08-24 14:15:00,19010.0,19010.0,19010.0,19010.0,0.0,0.0,108.0
2017-08-24 14:20:00,19010.0,19010.0,19010.0,19010.0,0.0,0.0,108.0
2017-08-24 14:25:00,19010.0,19010.0,19010.0,19010.0,0.0,0.0,108.0
2017-08-24 14:30:00,19010.0,19010.0,19010.0,19010.0,0.0,0.0,108.0
2017-08-24 14:35:00,19010.0,19010.0,19010.0,19010.0,0.0,0.0,108.0
2017-08-24 14:40:00,19010.0,19010.0,19010.0,19010.0,0.0,0.0,108.0
2017-08-24 14:45:00,19010.0,19010.0,19010.0,19010.0,0.0,0.0,108.0
2017-08-24 14:50:00,19010.0,19010.0,19010.0,19010.0,0.0,0.0,108.0
2017-08-24 14:55:00,19010.0,19010.0,19010.0,19010.0,0.0,0.0,108.0
2017-08-24 21:00:00,19155.0,19155.0,19155.0,19155.0,0.0,0.0,108.0
2017-08-24 21:05:00,18975.0,18975.0,18975.0,18975.0,2.0,189750.0,108.0
2017-08-24 21:10:00,18975.0,18975.0,18975.0,18975.0,0.0,0.0,108.0
2017-08-24 21:15:00,18975.0,18975.0,18975.0,18975.0,0.0,0.0,108.0
2017-08-24 21:20:00,18975.0,18975.0,18975.0,18975.0,0.0,0.0,108.0
2017-08-24 21:25:00,18975.0,18975.0,18945.0,18945.0,4.0,378900.0,112.0
2017-08-24 21:30:00,18945.0,18945.0,18945.0,18945.0,0.0,0.0,112.0
2017-08-24 21:35:00,18945.0,18945.0,18945.0,18945.0,0.0,0.0,112.0
2017-08-24 21:40:00,18945.0,18945.0,18945.0,18945.0,0.0,0.0,112.0
2017-08-24 21:45:00,18945.0,18945.0,18945.0,18945.0,0.0,0.0,112.0
2017-08-24 21:50:00,18945.0,18945.0,18945.0,18945.0,0.0,0.0,112.0
2017-08-24 21:55:00,18945.0,18945.0,18945.0,18945.0,0.0,0.0,112.0
2017-08-24 22:00:00,18945.0,18945.0,18945.0,18945.0,0.0,0.0,112.0
2017-08-24 22:05:00,18945.0,18945.0,18945.0,18945.0,0.0,0.0,112.0
2017-08-24 22:10:00,18945.0,18945.0,18945.0,18945.0,0.0,0.0,112.0
2017-08-24 22:15:00,18945.0,18945.0,18945.0,18945.0,0.0,0.0,112.0
2017-08-24 22:20:00,18945.0,18945.0,18945.0,18945.0,0.0,0.0,112.0
2017-08-24 22:25:00,18945.0,19020.0,18945.0,19020.0,2.0,190200.0,114.0
2017-08-24 22:30:00,19020.0,19020.0,19005.0,19005.0,2.0,190050.0,112.0
2017-08-24 22:35:00,19005.0,19005.0,19005.0,19005.0,0.0,0.0,112.0
2017-08-24 22:40:00,19005.0,19005.0,19005.0,19005.0,0.0,0.0,112.0
2017-08-24 22:45:00,19005.0,19005.0,19005.0,19005.0,0.0,0.0,112.0
2017-08-24 22:50:00,19005.0,19005.0,19005.0,19005.0,0.0,0.0,112.0
2017-08-24 22:55:00,19005.0,19005.0,19005.0,19005.0,0.0,0.0,112.0
2017-08-24 23:00:00,19005.0,19005.0,19005.0,19005.0,0.0,0.0,112.0
2017-08-24 23:05:00,19005.0,19005.0,19005.0,19005.0,0.0,0.0,112.0
2017-08-24 23:10:00,19005.0,19005.0,19005.0,19005.0,0.0,0.0,112.0
2017-08-24 23:15:00,19005.0,19005.0,19005.0,19005.0,0.0,0.0,112.0
2017-08-24 23:20:00,19005.0,19005.0,19005.0,19005.0,0.0,0.0,112.0
2017-08-24 23:25:00,19005.0,19005.0,19005.0,19005.0,0.0,0.0,112.0
2017-08-24 23:30:00,19005.0,19005.0,19005.0,19005.0,0.0,0.0,112.0
2017-08-24 23:35:00,19005.0,19005.0,19005.0,19005.0,0.0,0.0,112.0
2017-08-24 23:40:00,19005.0,19005.0,19005.0,19005.0,0.0,0.0,112.0
2017-08-24 23:45:00,19005.0,19005.0,19005.0,19005.0,0.0,0.0,112.0
2017-08-24 23:50:00,19005.0,19005.0,19005.0,19005.0,0.0,0.0,112.0
2017-08-24 23:55:00,19005.0,19005.0,19005.0,19005.0,0.0,0.0,112.0
2017-08-25 00:00:00,19005.0,19005.0,19005.0,19005.0,0.0,0.0,112.0
2017-08-25 00:05:00,19005.0,19005.0,19005.0,19005.0,0.0,0.0,112.0
2017-08-25 00:10:00,19005.0,19005.0,19005.0,19005.0,0.0,0.0,112.0
2017-08-25 00:15:00,19005.0,19005.0,19005.0,19005.0,0.0,0.0,112.0
2017-08-25 00:20:00,19005.0,19005.0,19005.0,19005.0,0.0,0.0,112.0
2017-08-25 00:25:00,19005.0,19005.0,19005.0,19005.0,0.0,0.0,112.0
2017-08-25 00:30:00,19005.0,19005.0,19005.0,19005.0,0.0,0.0,112.0
2017-08-25 00:35:00,19005.0,19005.0,19005.0,19005.0,0.0,0.0,112.0
2017-08-25 00:40:00,19005.0,19005.0,19005.0,19005.0,0.0,0.0,112.0
2017-08-25 00:45:00,19005.0,19005.0,19005.0,19005.0,0.0,0.0,112.0
2017-08-25 00:50:00,19005.0,19005.0,19005.0,19005.0,0.0,0.0,112.0
2017-08-25 00:55:00,19005.0,19005.0,19005.0,19005.0,0.0,0.0,112.0
2017-08-25 09:00:00,19005.0,19005.0,19005.0,19005.0,0.0,0.0,112.0
2017-08-25 09:05:00,19005.0,19005.0,19005.0,19005.0,0.0,0.0,112.0
2017-08-25 09:10:00,19005.0,19005.0,19005.0,19005.0,0.0,0.0,112.0
2017-08-25 09:15:00,19005.0,19005.0,19005.0,19005.0,0.0,0.0,112.0
2017-08-25 09:20:00,19005.0,19005.0,19005.0,19005.0,0.0,0.0,112.0
2017-08-25 09:25:00,19005.0,19005.0,19005.0,19005.0,0.0,0.0,112.0
2017-08-25 09:30:00,19005.0,19005.0,19005.0,19005.0,0.0,0.0,112.0
2017-08-25 09:35:00,19005.0,19005.0,19005.0,19005.0,0.0,0.0,112.0
2017-08-25 09:40:00,19005.0,19005.0,19005.0,19005.0,0.0,0.0,112.0
2017-08-25 09:45:00,19005.0,19005.0,19005.0,19005.0,0.0,0.0,112.0
2017-08-25 09:50:00,19005.0,19005.0,19005.0,19005.0,0.0,0.0,112.0
2017-08-25 09:55:00,19005.0,19005.0,19005.0,19005.0,0.0,0.0,112.0
2017-08-25 10:00:00,19005.0,19005.0,19005.0,19005.0,0.0,0.0,112.0
2017-08-25 10:05:00,19005.0,19005.0,19005.0,19005.0,0.0,0.0,112.0
2017-08-25 10:10:00,19005.0,19005.0,19005.0,19005.0,0.0,0.0,112.0
2017-08-25 10:30:00,19005.0,19005.0,19005.0,19005.0,0.0,0.0,112.0
2017-08-25 10:35:00,19005.0,19005.0,19005.0,19005.0,0.0,0.0,112.0
2017-08-25 10:40:00,19005.0,19005.0,19005.0,19005.0,0.0,0.0,112.0
2017-08-25 10:45:00,19005.0,19005.0,19005.0,19005.0,0.0,0.0,112.0
2017-08-25 10:50:00,19005.0,19005.0,19005.0,19005.0,0.0,0.0,112.0
2017-08-25 10:55:00,19005.0,19005.0,19005.0,19005.0,0.0,0.0,112.0
2017-08-25 11:00:00,19005.0,19005.0,19005.0,19005.0,0.0,0.0,112.0
2017-08-25 11:05:00,19005.0,19005.0,19005.0,19005.0,0.0,0.0,112.0
2017-08-25 11:10:00,19005.0,19005.0,19005.0,19005.0,0.0,0.0,112.0
2017-08-25 11:15:00,19005.0,19005.0,19005.0,19005.0,0.0,0.0,112.0
2017-08-25 11:20:00,19005.0,19005.0,19005.0,19005.0,0.0,0.0,112.0
2017-08-25 11:25:00,19005.0,19005.0,19005.0,19005.0,0.0,0.0,112.0
2017-08-25 13:30:00,19005.0,19005.0,19005.0,19005.0,0.0,0.0,112.0
2017-08-25 13:35:00,19005.0,19005.0,19005.0,19005.0,0.0,0.0,112.0
2017-08-25 13:40:00,19005.0,19005.0,19005.0,19005.0,0.0,0.0,112.0
2017-08-25 13:45:00,19005.0,19005.0,19005.0,19005.0,0.0,0.0,112.0
2017-08-25 13:50:00,19005.0,19005.0,19005.0,19005.0,0.0,0.0,112.0
2017-08-25 13:55:00,19005.0,19005.0,19005.0,19005.0,0.0,0.0,112.0
2017-08-25 14:00:00,19005.0,19005.0,19005.0,19005.0,0.0,0.0,112.0
2017-08-25 14:05:00,19005.0,19005.0,19005.0,19005.0,0.0,0.0,112.0
2017-08-25 14:10:00,19005.0,19005.0,19005.0,19005.0,0.0,0.0,112.0
2017-08-25 14:15:00,19005.0,19005.0,19005.0,19005.0,0.0,0.0,112.0
2017-08-25 14:20:00,19005.0,19005.0,19005.0,19005.0,0.0,0.0,112.0
2017-08-25 14:25:00,19005.0,19005.0,19005.0,19005.0,0.0,0.0,112.0
2017-08-25 14:30:00,19005.0,19005.0,19005.0,19005.0,0.0,0.0,112.0
2017-08-25 14:35:00,19005.0,19005.0,19005.0,19005.0,0.0,0.0,112.0
2017-08-25 14:40:00,19005.0,19005.0,19005.0,19005.0,0.0,0.0,112.0
2017-08-25 14:45:00,19005.0,19005.0,19005.0,19005.0,0.0,0.0,112.0
2017-08-25 14:50:00,19005.0,19005.0,19005.0,19005.0,0.0,0.0,112.0
2017-08-25 14:55:00,19005.0,19005.0,19005.0,19005.0,0.0,0.0,112.0
2017-08-25 21:00:00,18975.0,18975.0,18975.0,18975.0,0.0,0.0,112.0
2017-08-25 21:05:00,18975.0,18975.0,18975.0,18975.0,0.0,0.0,112.0
2017-08-25 21:10:00,18975.0,18975.0,18975.0,18975.0,0.0,0.0,112.0
2017-08-25 21:15:00,18975.0,18975.0,18975.0,18975.0,0.0,0.0,112.0
2017-08-25 21:20:00,18975.0,18975.0,18975.0,18975.0,0.0,0.0,112.0
2017-08-25 21:25:00,18975.0,18975.0,18975.0,18975.0,0.0,0.0,112.0
2017-08-25 21:30:00,18975.0,18975.0,18975.0,18975.0,0.0,0.0,112.0
2017-08-25 21:35:00,18975.0,19090.0,18975.0,19090.0,4.0,381800.0,112.0
2017-08-25 21:40:00,19090.0,19090.0,19090.0,19090.0,8.0,763600.0,118.0
2017-08-25 21:45:00,19090.0,19090.0,19090.0,19090.0,0.0,0.0,118.0
2017-08-25 21:50:00,18990.0,18990.0,18865.0,18865.0,16.0,1516700.0,132.0
2017-08-25 21:55:00,18865.0,18885.0,18805.0,18805.0,4.0,376900.0,136.0
2017-08-25 22:00:00,18805.0,18870.0,18805.0,18870.0,2.0,188700.0,136.0
2017-08-25 22:05:00,18885.0,18885.0,18855.0,18855.0,4.0,377400.0,138.0
2017-08-25 22:10:00,18855.0,18855.0,18855.0,18855.0,0.0,0.0,138.0
2017-08-25 22:15:00,18855.0,18855.0,18855.0,18855.0,0.0,0.0,138.0
2017-08-25 22:20:00,18855.0,18855.0,18855.0,18855.0,0.0,0.0,138.0
2017-08-25 22:25:00,18855.0,18855.0,18855.0,18855.0,0.0,0.0,138.0
2017-08-25 22:30:00,18855.0,18855.0,18795.0,18795.0,4.0,375900.0,136.0
2017-08-25 22:35:00,18795.0,18795.0,18795.0,18795.0,0.0,0.0,136.0
2017-08-25 22:40:00,18795.0,18795.0,18795.0,18795.0,0.0,0.0,136.0
2017-08-25 22:45:00,18795.0,18795.0,18795.0,18795.0,0.0,0.0,136.0
2017-08-25 22:50:00,18795.0,18795.0,18795.0,18795.0,0.0,0.0,136.0
2017-08-25 22:55:00,18795.0,18795.0,18795.0,18795.0,0.0,0.0,136.0
2017-08-25 23:00:00,18795.0,18795.0,18795.0,18795.0,0.0,0.0,136.0
2017-08-25 23:05:00,18795.0,18795.0,18795.0,18795.0,0.0,0.0,136.0
2017-08-25 23:10:00,18795.0,18795.0,18795.0,18795.0,0.0,0.0,136.0
2017-08-25 23:15:00,18795.0,18795.0,18795.0,18795.0,0.0,0.0,136.0
2017-08-25 23:20:00,18795.0,18795.0,18795.0,18795.0,0.0,0.0,136.0
2017-08-25 23:25:00,18795.0,18795.0,18795.0,18795.0,0.0,0.0,136.0
2017-08-25 23:30:00,18700.0,18700.0,18655.0,18655.0,14.0,1307050.0,150.0
2017-08-25 23:35:00,18655.0,18655.0,18590.0,18590.0,4.0,372400.0,152.0
2017-08-25 23:40:00,18590.0,18590.0,18565.0,18565.0,8.0,742600.0,152.0
2017-08-25 23:45:00,18565.0,18565.0,18565.0,18565.0,0.0,0.0,152.0
2017-08-25 23:50:00,18565.0,18565.0,18555.0,18555.0,8.0,742200.0,154.0
2017-08-25 23:55:00,18550.0,18550.0,18550.0,18550.0,2.0,185500.0,156.0
2017-08-26 00:00:00,18550.0,18550.0,18550.0,18550.0,0.0,0.0,156.0
2017-08-26 00:05:00,18550.0,18550.0,18550.0,18550.0,0.0,0.0,156.0
2017-08-26 00:10:00,18550.0,18550.0,18550.0,18550.0,0.0,0.0,156.0
2017-08-26 00:15:00,18550.0,18550.0,18550.0,18550.0,0.0,0.0,156.0
2017-08-26 00:20:00,18550.0,18550.0,18550.0,18550.0,0.0,0.0,156.0
2017-08-26 00:25:00,18550.0,18550.0,18550.0,18550.0,0.0,0.0,156.0
2017-08-26 00:30:00,18550.0,18550.0,18550.0,18550.0,0.0,0.0,156.0
2017-08-26 00:35:00,18550.0,18550.0,18550.0,18550.0,0.0,0.0,156.0
2017-08-26 00:40:00,18550.0,18550.0,18550.0,18550.0,0.0,0.0,156.0
2017-08-26 00:45:00,18550.0,18550.0,18550.0,18550.0,0.0,0.0,156.0
2017-08-26 00:50:00,18550.0,18550.0,18550.0,18550.0,0.0,0.0,156.0
2017-08-26 00:55:00,18550.0,18550.0,18550.0,18550.0,0.0,0.0,156.0
2017-08-28 09:00:00,18550.0,18660.0,18550.0,18605.0,12.0,1117300.0,166.0
2017-08-28 09:05:00,18605.0,18605.0,18605.0,18605.0,0.0,0.0,166.0
2017-08-28 09:10:00,18605.0,18605.0,18605.0,18605.0,0.0,0.0,166.0
2017-08-28 09:15:00,18605.0,18605.0,18605.0,18605.0,0.0,0.0,166.0
2017-08-28 09:20:00,18585.0,18585.0,18585.0,18585.0,8.0,743400.0,172.0
2017-08-28 09:25:00,18585.0,18585.0,18585.0,18585.0,0.0,0.0,172.0
2017-08-28 09:30:00,18585.0,18585.0,18520.0,18520.0,4.0,370400.0,170.0
2017-08-28 09:35:00,18520.0,18520.0,18520.0,18520.0,0.0,0.0,170.0
2017-08-28 09:40:00,18520.0,18520.0,18520.0,18520.0,0.0,0.0,170.0
2017-08-28 09:45:00,18520.0,18520.0,18520.0,18520.0,0.0,0.0,170.0
2017-08-28 09:50:00,18520.0,18520.0,18520.0,18520.0,0.0,0.0,170.0
2017-08-28 09:55:00,18520.0,18520.0,18520.0,18520.0,0.0,0.0,170.0
2017-08-28 10:00:00,18520.0,18520.0,18520.0,18520.0,0.0,0.0,170.0
2017-08-28 10:05:00,18520.0,18520.0,18520.0,18520.0,0.0,0.0,170.0
2017-08-28 10:10:00,18520.0,18520.0,18520.0,18520.0,0.0,0.0,170.0
2017-08-28 10:30:00,18520.0,18520.0,18520.0,18520.0,0.0,0.0,170.0
2017-08-28 10:35:00,18520.0,18520.0,18520.0,18520.0,0.0,0.0,170.0
2017-08-28 10:40:00,18520.0,18520.0,18520.0,18520.0,0.0,0.0,170.0
2017-08-28 10:45:00,18520.0,18520.0,18520.0,18520.0,0.0,0.0,170.0
2017-08-28 10:50:00,18520.0,18520.0,18520.0,18520.0,0.0,0.0,170.0
2017-08-28 10:55:00,18520.0,18520.0,18520.0,18520.0,0.0,0.0,170.0
2017-08-28 11:00:00,18520.0,18520.0,18520.0,18520.0,0.0,0.0,170.0
2017-08-28 11:05:00,18520.0,18520.0,18520.0,18520.0,0.0,0.0,170.0
2017-08-28 11:10:00,18520.0,18520.0,18520.0,18520.0,0.0,0.0,170.0
2017-08-28 11:15:00,18520.0,18520.0,18520.0,18520.0,0.0,0.0,170.0
2017-08-28 11:20:00,18520.0,18520.0,18520.0,18520.0,0.0,0.0,170.0
2017-08-28 11:25:00,18520.0,18520.0,18520.0,18520.0,0.0,0.0,170.0
2017-08-28 13:30:00,18520.0,18520.0,18520.0,18520.0,0.0,0.0,170.0
2017-08-28 13:35:00,18520.0,18520.0,18520.0,18520.0,0.0,0.0,170.0
2017-08-28 13:40:00,18520.0,18520.0,18520.0,18520.0,0.0,0.0,170.0
2017-08-28 13:45:00,18520.0,18520.0,18520.0,18520.0,0.0,0.0,170.0
2017-08-28 13:50:00,18520.0,18520.0,18520.0,18520.0,0.0,0.0,170.0
2017-08-28 13:55:00,18520.0,18520.0,18520.0,18520.0,0.0,0.0,170.0
2017-08-28 14:00:00,18520.0,18520.0,18520.0,18520.0,0.0,0.0,170.0
2017-08-28 14:05:00,18520.0,18520.0,18520.0,18520.0,0.0,0.0,170.0
2017-08-28 14:10:00,18520.0,18520.0,18520.0,18520.0,0.0,0.0,170.0
2017-08-28 14:15:00,18520.0,18520.0,18520.0,18520.0,0.0,0.0,170.0
2017-08-28 14:20:00,18520.0,18520.0,18520.0,18520.0,0.0,0.0,170.0
2017-08-28 14:25:00,18520.0,18520.0,18520.0,18520.0,0.0,0.0,170.0
2017-08-28 14:30:00,18520.0,18520.0,18520.0,18520.0,0.0,0.0,170.0
2017-08-28 14:35:00,18520.0,18520.0,18520.0,18520.0,0.0,0.0,170.0
2017-08-28 14:40:00,18520.0,18520.0,18520.0,18520.0,0.0,0.0,170.0
2017-08-28 14:45:00,18520.0,18520.0,18520.0,18520.0,0.0,0.0,170.0
2017-08-28 14:50:00,18520.0,18520.0,18520.0,18520.0,0.0,0.0,170.0
2017-08-28 14:55:00,18520.0,18520.0,18520.0,18520.0,0.0,0.0,170.0
2017-08-28 21:00:00,18745.0,18745.0,18745.0,18745.0,0.0,0.0,170.0
2017-08-28 21:05:00,18745.0,18745.0,18745.0,18745.0,0.0,0.0,170.0
2017-08-28 21:10:00,18745.0,18745.0,18745.0,18745.0,0.0,0.0,170.0
2017-08-28 21:15:00,18745.0,18745.0,18745.0,18745.0,0.0,0.0,170.0
2017-08-28 21:20:00,18745.0,18745.0,18745.0,18745.0,0.0,0.0,170.0
2017-08-28 21:25:00,18745.0,18745.0,18745.0,18745.0,0.0,0.0,170.0
2017-08-28 21:30:00,18745.0,18745.0,18745.0,18745.0,0.0,0.0,170.0
2017-08-28 21:35:00,18460.0,18460.0,18460.0,18460.0,2.0,184600.0,170.0
2017-08-28 21:40:00,18460.0,18615.0,18460.0,18615.0,2.0,186150.0,170.0
2017-08-28 21:45:00,18615.0,18615.0,18615.0,18615.0,0.0,0.0,170.0
2017-08-28 21:50:00,18615.0,18615.0,18615.0,18615.0,0.0,0.0,170.0
2017-08-28 21:55:00,18615.0,18615.0,18615.0,18615.0,0.0,0.0,170.0
2017-08-28 22:00:00,18615.0,18615.0,18615.0,18615.0,0.0,0.0,170.0
2017-08-28 22:05:00,18615.0,18615.0,18615.0,18615.0,0.0,0.0,170.0
2017-08-28 22:10:00,18615.0,18615.0,18615.0,18615.0,0.0,0.0,170.0
2017-08-28 22:15:00,18615.0,18615.0,18615.0,18615.0,0.0,0.0,170.0
2017-08-28 22:20:00,18615.0,18615.0,18615.0,18615.0,0.0,0.0,170.0
2017-08-28 22:25:00,18615.0,18615.0,18615.0,18615.0,0.0,0.0,170.0
2017-08-28 22:30:00,18615.0,18615.0,18580.0,18580.0,4.0,371600.0,174.0
2017-08-28 22:35:00,18580.0,18580.0,18580.0,18580.0,0.0,0.0,174.0
2017-08-28 22:40:00,18580.0,18580.0,18460.0,18460.0,2.0,184600.0,172.0
2017-08-28 22:45:00,18460.0,18460.0,18460.0,18460.0,0.0,0.0,172.0
2017-08-28 22:50:00,18460.0,18460.0,18460.0,18460.0,0.0,0.0,172.0
2017-08-28 22:55:00,18460.0,18460.0,18460.0,18460.0,0.0,0.0,172.0
2017-08-28 23:00:00,18460.0,18460.0,18460.0,18460.0,0.0,0.0,172.0
2017-08-28 23:05:00,18460.0,18460.0,18460.0,18460.0,0.0,0.0,172.0
2017-08-28 23:10:00,18460.0,18460.0,18460.0,18460.0,0.0,0.0,172.0
2017-08-28 23:15:00,18460.0,18460.0,18460.0,18460.0,0.0,0.0,172.0
2017-08-28 23:20:00,18460.0,18460.0,18460.0,18460.0,0.0,0.0,172.0
2017-08-28 23:25:00,18460.0,18460.0,18460.0,18460.0,0.0,0.0,172.0
2017-08-28 23:30:00,18460.0,18460.0,18460.0,18460.0,0.0,0.0,172.0
2017-08-28 23:35:00,18460.0,18460.0,18460.0,18460.0,0.0,0.0,172.0
2017-08-28 23:40:00,18460.0,18460.0,18460.0,18460.0,0.0,0.0,172.0
2017-08-28 23:45:00,18460.0,18460.0,18460.0,18460.0,0.0,0.0,172.0
2017-08-28 23:50:00,18460.0,18460.0,18460.0,18460.0,0.0,0.0,172.0
2017-08-28 23:55:00,18460.0,18460.0,18460.0,18460.0,0.0,0.0,172.0
2017-08-29 00:00:00,18460.0,18460.0,18460.0,18460.0,0.0,0.0,172.0
2017-08-29 00:05:00,18460.0,18460.0,18460.0,18460.0,0.0,0.0,172.0
2017-08-29 00:10:00,18460.0,18460.0,18460.0,18460.0,0.0,0.0,172.0
2017-08-29 00:15:00,18460.0,18460.0,18460.0,18460.0,0.0,0.0,172.0
2017-08-29 00:20:00,18460.0,18460.0,18460.0,18460.0,0.0,0.0,172.0
2017-08-29 00:25:00,18460.0,18460.0,18460.0,18460.0,0.0,0.0,172.0
2017-08-29 00:30:00,18460.0,18460.0,18460.0,18460.0,0.0,0.0,172.0
2017-08-29 00:35:00,18460.0,18460.0,18460.0,18460.0,0.0,0.0,172.0
2017-08-29 00:40:00,18460.0,18460.0,18460.0,18460.0,0.0,0.0,172.0
2017-08-29 00:45:00,18460.0,18460.0,18460.0,18460.0,0.0,0.0,172.0
2017-08-29 00:50:00,18460.0,18460.0,18460.0,18460.0,0.0,0.0,172.0
2017-08-29 00:55:00,18460.0,18460.0,18460.0,18460.0,0.0,0.0,172.0
2017-08-29 09:00:00,18460.0,18460.0,18460.0,18460.0,0.0,0.0,172.0
2017-08-29 09:05:00,18460.0,18460.0,18460.0,18460.0,0.0,0.0,172.0
2017-08-29 09:10:00,18635.0,18635.0,18635.0,18635.0,2.0,186350.0,172.0
2017-08-29 09:15:00,18635.0,18635.0,18635.0,18635.0,0.0,0.0,172.0
2017-08-29 09:20:00,18635.0,18635.0,18635.0,18635.0,0.0,0.0,172.0
2017-08-29 09:25:00,18635.0,18635.0,18635.0,18635.0,0.0,0.0,172.0
2017-08-29 09:30:00,18635.0,18635.0,18635.0,18635.0,0.0,0.0,172.0
2017-08-29 09:35:00,18635.0,18635.0,18635.0,18635.0,0.0,0.0,172.0
2017-08-29 09:40:00,18635.0,18635.0,18635.0,18635.0,0.0,0.0,172.0
2017-08-29 09:45:00,18635.0,18635.0,18635.0,18635.0,0.0,0.0,172.0
2017-08-29 09:50:00,18635.0,18635.0,18635.0,18635.0,0.0,0.0,172.0
2017-08-29 09:55:00,18635.0,18635.0,18635.0,18635.0,0.0,0.0,172.0
2017-08-29 10:00:00,18635.0,18635.0,18635.0,18635.0,0.0,0.0,172.0
2017-08-29 10:05:00,18635.0,18635.0,18635.0,18635.0,0.0,0.0,172.0
2017-08-29 10:10:00,18635.0,18635.0,18635.0,18635.0,0.0,0.0,172.0
2017-08-29 10:30:00,18635.0,18635.0,18635.0,18635.0,0.0,0.0,172.0
2017-08-29 10:35:00,18635.0,18635.0,18635.0,18635.0,0.0,0.0,172.0
2017-08-29 10:40:00,18635.0,18635.0,18635.0,18635.0,0.0,0.0,172.0
2017-08-29 10:45:00,18635.0,18635.0,18635.0,18635.0,0.0,0.0,172.0
2017-08-29 10:50:00,18635.0,18635.0,18635.0,18635.0,0.0,0.0,172.0
2017-08-29 10:55:00,18635.0,18635.0,18635.0,18635.0,0.0,0.0,172.0
2017-08-29 11:00:00,18635.0,18635.0,18635.0,18635.0,0.0,0.0,172.0
2017-08-29 11:05:00,18635.0,18750.0,18635.0,18750.0,4.0,375000.0,168.0
2017-08-29 11:10:00,18750.0,18750.0,18750.0,18750.0,0.0,0.0,168.0
2017-08-29 11:15:00,18750.0,18750.0,18750.0,18750.0,0.0,0.0,168.0
2017-08-29 11:20:00,18750.0,18750.0,18750.0,18750.0,0.0,0.0,168.0
2017-08-29 11:25:00,18750.0,18750.0,18750.0,18750.0,0.0,0.0,168.0
2017-08-29 13:30:00,18750.0,18750.0,18750.0,18750.0,0.0,0.0,168.0
2017-08-29 13:35:00,18750.0,18750.0,18750.0,18750.0,0.0,0.0,168.0
2017-08-29 13:40:00,18700.0,18700.0,18640.0,18645.0,8.0,746300.0,168.0
2017-08-29 13:45:00,18645.0,18645.0,18645.0,18645.0,0.0,0.0,168.0
2017-08-29 13:50:00,18645.0,18645.0,18645.0,18645.0,0.0,0.0,168.0
2017-08-29 13:55:00,18645.0,18645.0,18645.0,18645.0,0.0,0.0,168.0
2017-08-29 14:00:00,18645.0,18645.0,18645.0,18645.0,0.0,0.0,168.0
2017-08-29 14:05:00,18645.0,18645.0,18605.0,18605.0,2.0,186050.0,168.0
2017-08-29 14:10:00,18605.0,18605.0,18605.0,18605.0,0.0,0.0,168.0
2017-08-29 14:15:00,18605.0,18605.0,18605.0,18605.0,0.0,0.0,168.0
2017-08-29 14:20:00,18605.0,18605.0,18605.0,18605.0,0.0,0.0,168.0
2017-08-29 14:25:00,18605.0,18605.0,18605.0,18605.0,0.0,0.0,168.0
2017-08-29 14:30:00,18605.0,18605.0,18605.0,18605.0,0.0,0.0,168.0
2017-08-29 14:35:00,18605.0,18605.0,18605.0,18605.0,0.0,0.0,168.0
2017-08-29 14:40:00,18605.0,18605.0,18605.0,18605.0,0.0,0.0,168.0
2017-08-29 14:45:00,18605.0,18605.0,18605.0,18605.0,0.0,0.0,168.0
2017-08-29 14:50:00,18605.0,18605.0,18605.0,18605.0,0.0,0.0,168.0
2017-08-29 14:55:00,18605.0,18605.0,18605.0,18605.0,0.0,0.0,168.0
2017-08-29 21:00:00,18620.0,19025.0,18620.0,19025.0,8.0,760250.0,166.0
2017-08-29 21:05:00,19025.0,19025.0,18970.0,18985.0,4.0,379550.0,164.0
2017-08-29 21:10:00,18985.0,18985.0,18915.0,18915.0,2.0,189150.0,164.0
2017-08-29 21:15:00,18915.0,18915.0,18915.0,18915.0,0.0,0.0,164.0
2017-08-29 21:20:00,18915.0,18915.0,18915.0,18915.0,0.0,0.0,164.0
2017-08-29 21:25:00,18915.0,18915.0,18915.0,18915.0,0.0,0.0,164.0
2017-08-29 21:30:00,18915.0,18915.0,18915.0,18915.0,0.0,0.0,164.0
2017-08-29 21:35:00,18915.0,18915.0,18915.0,18915.0,0.0,0.0,164.0
2017-08-29 21:40:00,18915.0,18915.0,18915.0,18915.0,0.0,0.0,164.0
2017-08-29 21:45:00,18915.0,18915.0,18915.0,18915.0,0.0,0.0,164.0
2017-08-29 21:50:00,18915.0,18915.0,18915.0,18915.0,0.0,0.0,164.0
2017-08-29 21:55:00,18915.0,18915.0,18915.0,18915.0,0.0,0.0,164.0
2017-08-29 22:00:00,18915.0,18915.0,18880.0,18880.0,2.0,188800.0,164.0
2017-08-29 22:05:00,18880.0,18880.0,18880.0,18880.0,0.0,0.0,164.0
2017-08-29 22:10:00,18880.0,18880.0,18880.0,18880.0,0.0,0.0,164.0
2017-08-29 22:15:00,18880.0,18880.0,18880.0,18880.0,0.0,0.0,164.0
2017-08-29 22:20:00,18880.0,18880.0,18880.0,18880.0,0.0,0.0,164.0
2017-08-29 22:25:00,18880.0,18880.0,18880.0,18880.0,0.0,0.0,164.0
2017-08-29 22:30:00,18880.0,18880.0,18880.0,18880.0,0.0,0.0,164.0
2017-08-29 22:35:00,18945.0,18945.0,18945.0,18945.0,2.0,189450.0,162.0
2017-08-29 22:40:00,18945.0,18945.0,18945.0,18945.0,0.0,0.0,162.0
2017-08-29 22:45:00,18945.0,18945.0,18945.0,18945.0,0.0,0.0,162.0
2017-08-29 22:50:00,18945.0,18945.0,18945.0,18945.0,0.0,0.0,162.0
2017-08-29 22:55:00,18945.0,18945.0,18945.0,18945.0,0.0,0.0,162.0
2017-08-29 23:00:00,18945.0,18945.0,18945.0,18945.0,0.0,0.0,162.0
2017-08-29 23:05:00,18945.0,18945.0,18945.0,18945.0,0.0,0.0,162.0
2017-08-29 23:10:00,18945.0,18945.0,18810.0,18810.0,2.0,188100.0,164.0
2017-08-29 23:15:00,18810.0,18810.0,18810.0,18810.0,0.0,0.0,164.0
2017-08-29 23:20:00,18810.0,18810.0,18810.0,18810.0,0.0,0.0,164.0
2017-08-29 23:25:00,18810.0,18810.0,18810.0,18810.0,0.0,0.0,164.0
2017-08-29 23:30:00,18810.0,18830.0,18810.0,18830.0,2.0,188300.0,166.0
2017-08-29 23:35:00,18830.0,18830.0,18830.0,18830.0,2.0,188300.0,166.0
2017-08-29 23:40:00,18830.0,18830.0,18830.0,18830.0,0.0,0.0,166.0
2017-08-29 23:45:00,18830.0,18830.0,18830.0,18830.0,0.0,0.0,166.0
2017-08-29 23:50:00,18830.0,18835.0,18830.0,18835.0,2.0,188350.0,168.0
2017-08-29 23:55:00,18835.0,18835.0,18835.0,18835.0,0.0,0.0,168.0
2017-08-30 00:00:00,18835.0,18835.0,18835.0,18835.0,0.0,0.0,168.0
2017-08-30 00:05:00,18835.0,18835.0,18835.0,18835.0,0.0,0.0,168.0
2017-08-30 00:10:00,18835.0,18835.0,18835.0,18835.0,0.0,0.0,168.0
2017-08-30 00:15:00,18835.0,18835.0,18835.0,18835.0,0.0,0.0,168.0
2017-08-30 00:20:00,18835.0,18835.0,18835.0,18835.0,0.0,0.0,168.0
2017-08-30 00:25:00,18835.0,18835.0,18835.0,18835.0,0.0,0.0,168.0
2017-08-30 00:30:00,18835.0,18835.0,18835.0,18835.0,0.0,0.0,168.0
2017-08-30 00:35:00,18835.0,18835.0,18835.0,18835.0,0.0,0.0,168.0
2017-08-30 00:40:00,18835.0,18835.0,18835.0,18835.0,0.0,0.0,168.0
2017-08-30 00:45:00,18835.0,18835.0,18835.0,18835.0,0.0,0.0,168.0
2017-08-30 00:50:00,18835.0,18835.0,18835.0,18835.0,0.0,0.0,168.0
2017-08-30 00:55:00,18835.0,18835.0,18835.0,18835.0,0.0,0.0,168.0
2017-08-30 09:00:00,18835.0,18835.0,18835.0,18835.0,0.0,0.0,168.0
2017-08-30 09:05:00,18835.0,18835.0,18810.0,18810.0,4.0,376250.0,168.0
2017-08-30 09:10:00,18810.0,18810.0,18810.0,18810.0,0.0,0.0,168.0
2017-08-30 09:15:00,18810.0,18810.0,18810.0,18810.0,0.0,0.0,168.0
2017-08-30 09:20:00,18810.0,18810.0,18810.0,18810.0,0.0,0.0,168.0
2017-08-30 09:25:00,18810.0,18810.0,18810.0,18810.0,0.0,0.0,168.0
2017-08-30 09:30:00,18810.0,18810.0,18810.0,18810.0,0.0,0.0,168.0
2017-08-30 09:35:00,18810.0,18810.0,18810.0,18810.0,0.0,0.0,168.0
2017-08-30 09:40:00,18810.0,18810.0,18810.0,18810.0,0.0,0.0,168.0
2017-08-30 09:45:00,18810.0,18810.0,18810.0,18810.0,0.0,0.0,168.0
2017-08-30 09:50:00,18810.0,18810.0,18810.0,18810.0,0.0,0.0,168.0
2017-08-30 09:55:00,18810.0,18950.0,18810.0,18950.0,2.0,189500.0,170.0
2017-08-30 10:00:00,18950.0,18950.0,18950.0,18950.0,0.0,0.0,170.0
2017-08-30 10:05:00,18950.0,18950.0,18950.0,18950.0,0.0,0.0,170.0
2017-08-30 10:10:00,18950.0,19045.0,18950.0,19045.0,2.0,190450.0,168.0
2017-08-30 10:30:00,19045.0,19045.0,19045.0,19045.0,0.0,0.0,168.0
2017-08-30 10:35:00,19045.0,19045.0,19045.0,19045.0,0.0,0.0,168.0
2017-08-30 10:40:00,19045.0,19045.0,19045.0,19045.0,0.0,0.0,168.0
2017-08-30 10:45:00,19045.0,19045.0,19045.0,19045.0,0.0,0.0,168.0
2017-08-30 10:50:00,19045.0,19045.0,19045.0,19045.0,0.0,0.0,168.0
2017-08-30 10:55:00,19045.0,19045.0,19045.0,19045.0,0.0,0.0,168.0
2017-08-30 11:00:00,19045.0,19045.0,19045.0,19045.0,0.0,0.0,168.0
2017-08-30 11:05:00,19045.0,19045.0,19045.0,19045.0,0.0,0.0,168.0
2017-08-30 11:10:00,19045.0,19045.0,19045.0,19045.0,0.0,0.0,168.0
2017-08-30 11:15:00,19045.0,19045.0,19045.0,19045.0,0.0,0.0,168.0
2017-08-30 11:20:00,19045.0,19045.0,19045.0,19045.0,0.0,0.0,168.0
2017-08-30 11:25:00,19045.0,19045.0,19045.0,19045.0,0.0,0.0,168.0
2017-08-30 13:30:00,19045.0,19045.0,18945.0,18945.0,4.0,378900.0,172.0
2017-08-30 13:35:00,18945.0,18945.0,18945.0,18945.0,0.0,0.0,172.0
2017-08-30 13:40:00,18945.0,18945.0,18945.0,18945.0,0.0,0.0,172.0
2017-08-30 13:45:00,18945.0,18945.0,18945.0,18945.0,0.0,0.0,172.0
2017-08-30 13:50:00,18945.0,19005.0,18945.0,19005.0,4.0,380100.0,172.0
2017-08-30 13:55:00,19005.0,19005.0,19005.0,19005.0,0.0,0.0,172.0
2017-08-30 14:00:00,19005.0,19040.0,19005.0,19040.0,2.0,190400.0,172.0
2017-08-30 14:05:00,19040.0,19040.0,19040.0,19040.0,0.0,0.0,172.0
2017-08-30 14:10:00,19040.0,19040.0,19040.0,19040.0,0.0,0.0,172.0
2017-08-30 14:15:00,19040.0,19040.0,19040.0,19040.0,0.0,0.0,172.0
2017-08-30 14:20:00,19040.0,19040.0,19040.0,19040.0,0.0,0.0,172.0
2017-08-30 14:25:00,19040.0,19040.0,19010.0,19010.0,2.0,190100.0,172.0
2017-08-30 14:30:00,19010.0,19010.0,19010.0,19010.0,0.0,0.0,172.0
2017-08-30 14:35:00,19010.0,19010.0,19010.0,19010.0,0.0,0.0,172.0
2017-08-30 14:40:00,19010.0,19010.0,19010.0,19010.0,0.0,0.0,172.0
2017-08-30 14:45:00,19010.0,19010.0,19010.0,19010.0,0.0,0.0,172.0
2017-08-30 14:50:00,19010.0,19010.0,19010.0,19010.0,0.0,0.0,172.0
2017-08-30 14:55:00,19010.0,19010.0,19010.0,19010.0,0.0,0.0,172.0
2017-08-30 21:00:00,18935.0,18935.0,18935.0,18935.0,0.0,0.0,172.0
2017-08-30 21:05:00,18935.0,18935.0,18910.0,18910.0,2.0,189100.0,172.0
2017-08-30 21:10:00,18855.0,18855.0,18855.0,18855.0,2.0,188550.0,172.0
2017-08-30 21:15:00,18855.0,18965.0,18855.0,18965.0,4.0,378950.0,170.0
2017-08-30 21:20:00,18965.0,18965.0,18965.0,18965.0,0.0,0.0,170.0
2017-08-30 21:25:00,18965.0,18965.0,18965.0,18965.0,0.0,0.0,170.0
2017-08-30 21:30:00,18965.0,18965.0,18965.0,18965.0,0.0,0.0,170.0
2017-08-30 21:35:00,18965.0,18965.0,18965.0,18965.0,0.0,0.0,170.0
2017-08-30 21:40:00,18965.0,18965.0,18895.0,18895.0,2.0,188950.0,172.0
2017-08-30 21:45:00,18895.0,18895.0,18895.0,18895.0,0.0,0.0,172.0
2017-08-30 21:50:00,18895.0,18895.0,18895.0,18895.0,0.0,0.0,172.0
2017-08-30 21:55:00,18895.0,18895.0,18895.0,18895.0,0.0,0.0,172.0
2017-08-30 22:00:00,18895.0,18895.0,18895.0,18895.0,0.0,0.0,172.0
2017-08-30 22:05:00,18895.0,18895.0,18895.0,18895.0,0.0,0.0,172.0
2017-08-30 22:10:00,18895.0,18895.0,18895.0,18895.0,0.0,0.0,172.0
2017-08-30 22:15:00,18895.0,18895.0,18895.0,18895.0,0.0,0.0,172.0
2017-08-30 22:20:00,18895.0,18895.0,18895.0,18895.0,0.0,0.0,172.0
2017-08-30 22:25:00,18895.0,18895.0,18895.0,18895.0,0.0,0.0,172.0
2017-08-30 22:30:00,18895.0,18895.0,18895.0,18895.0,0.0,0.0,172.0
2017-08-30 22:35:00,18895.0,18895.0,18895.0,18895.0,0.0,0.0,172.0
2017-08-30 22:40:00,18895.0,18895.0,18895.0,18895.0,0.0,0.0,172.0
2017-08-30 22:45:00,18895.0,18895.0,18895.0,18895.0,0.0,0.0,172.0
2017-08-30 22:50:00,18895.0,18895.0,18895.0,18895.0,0.0,0.0,172.0
2017-08-30 22:55:00,18895.0,18895.0,18895.0,18895.0,0.0,0.0,172.0
2017-08-30 23:00:00,18895.0,18895.0,18895.0,18895.0,0.0,0.0,172.0
2017-08-30 23:05:00,18895.0,18895.0,18895.0,18895.0,0.0,0.0,172.0
2017-08-30 23:10:00,18895.0,18895.0,18895.0,18895.0,0.0,0.0,172.0
2017-08-30 23:15:00,18895.0,18895.0,18895.0,18895.0,0.0,0.0,172.0
2017-08-30 23:20:00,18895.0,18895.0,18895.0,18895.0,0.0,0.0,172.0
2017-08-30 23:25:00,18895.0,18895.0,18895.0,18895.0,0.0,0.0,172.0
2017-08-30 23:30:00,18895.0,18895.0,18895.0,18895.0,0.0,0.0,172.0
2017-08-30 23:35:00,18895.0,18895.0,18895.0,18895.0,0.0,0.0,172.0
2017-08-30 23:40:00,18895.0,18895.0,18895.0,18895.0,0.0,0.0,172.0
2017-08-30 23:45:00,18895.0,18895.0,18895.0,18895.0,0.0,0.0,172.0
2017-08-30 23:50:00,18895.0,18895.0,18895.0,18895.0,0.0,0.0,172.0
2017-08-30 23:55:00,18895.0,18895.0,18895.0,18895.0,0.0,0.0,172.0
2017-08-31 00:00:00,18895.0,18895.0,18895.0,18895.0,0.0,0.0,172.0
2017-08-31 00:05:00,18895.0,18895.0,18895.0,18895.0,0.0,0.0,172.0
2017-08-31 00:10:00,18895.0,18895.0,18895.0,18895.0,0.0,0.0,172.0
2017-08-31 00:15:00,18895.0,18895.0,18895.0,18895.0,0.0,0.0,172.0
2017-08-31 00:20:00,18895.0,18895.0,18895.0,18895.0,0.0,0.0,172.0
2017-08-31 00:25:00,18895.0,18895.0,18895.0,18895.0,0.0,0.0,172.0
2017-08-31 00:30:00,18895.0,18895.0,18895.0,18895.0,0.0,0.0,172.0
2017-08-31 00:35:00,18895.0,18895.0,18895.0,18895.0,0.0,0.0,172.0
2017-08-31 00:40:00,18895.0,18895.0,18895.0,18895.0,0.0,0.0,172.0
2017-08-31 00:45:00,18895.0,18895.0,18895.0,18895.0,0.0,0.0,172.0
2017-08-31 00:50:00,18895.0,18895.0,18895.0,18895.0,0.0,0.0,172.0
2017-08-31 00:55:00,18895.0,18895.0,18895.0,18895.0,0.0,0.0,172.0
2017-08-31 09:00:00,18895.0,18895.0,18895.0,18895.0,0.0,0.0,172.0
2017-08-31 09:05:00,18895.0,18895.0,18895.0,18895.0,0.0,0.0,172.0
2017-08-31 09:10:00,18895.0,18895.0,18895.0,18895.0,0.0,0.0,172.0
2017-08-31 09:15:00,18895.0,18895.0,18895.0,18895.0,0.0,0.0,172.0
2017-08-31 09:20:00,18895.0,18895.0,18895.0,18895.0,0.0,0.0,172.0
2017-08-31 09:25:00,18895.0,18895.0,18895.0,18895.0,0.0,0.0,172.0
2017-08-31 09:30:00,18895.0,18895.0,18895.0,18895.0,0.0,0.0,172.0
2017-08-31 09:35:00,18895.0,18895.0,18895.0,18895.0,0.0,0.0,172.0
2017-08-31 09:40:00,18895.0,18895.0,18895.0,18895.0,0.0,0.0,172.0
2017-08-31 09:45:00,18895.0,18925.0,18895.0,18925.0,8.0,757000.0,164.0
2017-08-31 09:50:00,18925.0,18925.0,18925.0,18925.0,0.0,0.0,164.0
2017-08-31 09:55:00,18925.0,18950.0,18925.0,18950.0,4.0,379000.0,162.0
2017-08-31 10:00:00,18950.0,18950.0,18950.0,18950.0,0.0,0.0,162.0
2017-08-31 10:05:00,18950.0,18950.0,18950.0,18950.0,0.0,0.0,162.0
2017-08-31 10:10:00,18950.0,18950.0,18950.0,18950.0,0.0,0.0,162.0
2017-08-31 10:30:00,18950.0,18950.0,18950.0,18950.0,0.0,0.0,162.0
2017-08-31 10:35:00,18950.0,18950.0,18950.0,18950.0,0.0,0.0,162.0
2017-08-31 10:40:00,18950.0,18950.0,18950.0,18950.0,0.0,0.0,162.0
2017-08-31 10:45:00,18950.0,18950.0,18950.0,18950.0,0.0,0.0,162.0
2017-08-31 10:50:00,18950.0,18950.0,18950.0,18950.0,0.0,0.0,162.0
2017-08-31 10:55:00,18950.0,19005.0,18950.0,19005.0,2.0,190050.0,162.0
2017-08-31 11:00:00,19005.0,19005.0,18945.0,18945.0,4.0,378900.0,160.0
2017-08-31 11:05:00,18945.0,18945.0,18945.0,18945.0,0.0,0.0,160.0
2017-08-31 11:10:00,18945.0,18945.0,18945.0,18945.0,0.0,0.0,160.0
2017-08-31 11:15:00,18945.0,18945.0,18945.0,18945.0,0.0,0.0,160.0
2017-08-31 11:20:00,18945.0,18945.0,18945.0,18945.0,0.0,0.0,160.0
2017-08-31 11:25:00,18945.0,18945.0,18945.0,18945.0,0.0,0.0,160.0
2017-08-31 13:30:00,18945.0,18945.0,18945.0,18945.0,0.0,0.0,160.0
2017-08-31 13:35:00,18945.0,18945.0,18945.0,18945.0,0.0,0.0,160.0
2017-08-31 13:40:00,18945.0,18945.0,18945.0,18945.0,0.0,0.0,160.0
2017-08-31 13:45:00,18945.0,18945.0,18945.0,18945.0,0.0,0.0,160.0
2017-08-31 13:50:00,18945.0,18945.0,18945.0,18945.0,0.0,0.0,160.0
2017-08-31 13:55:00,18945.0,18945.0,18945.0,18945.0,0.0,0.0,160.0
2017-08-31 14:00:00,18945.0,18945.0,18945.0,18945.0,0.0,0.0,160.0
2017-08-31 14:05:00,18945.0,18945.0,18945.0,18945.0,0.0,0.0,160.0
2017-08-31 14:10:00,18945.0,18945.0,18945.0,18945.0,0.0,0.0,160.0
2017-08-31 14:15:00,18945.0,18945.0,18945.0,18945.0,0.0,0.0,160.0
2017-08-31 14:20:00,18945.0,18945.0,18945.0,18945.0,0.0,0.0,160.0
2017-08-31 14:25:00,18945.0,18945.0,18945.0,18945.0,0.0,0.0,160.0
2017-08-31 14:30:00,18945.0,18945.0,18945.0,18945.0,0.0,0.0,160.0
2017-08-31 14:35:00,18945.0,18945.0,18945.0,18945.0,0.0,0.0,160.0
2017-08-31 14:40:00,18945.0,18945.0,18945.0,18945.0,0.0,0.0,160.0
2017-08-31 14:45:00,18945.0,18945.0,18945.0,18945.0,0.0,0.0,160.0
2017-08-31 14:50:00,18945.0,18945.0,18945.0,18945.0,0.0,0.0,160.0
2017-08-31 14:55:00,18945.0,18945.0,18945.0,18945.0,0.0,0.0,160.0
2017-08-31 21:00:00,18930.0,18930.0,18930.0,18930.0,0.0,0.0,160.0
2017-08-31 21:05:00,18930.0,18930.0,18930.0,18930.0,0.0,0.0,160.0
2017-08-31 21:10:00,18930.0,18930.0,18880.0,18880.0,2.0,188800.0,158.0
2017-08-31 21:15:00,18880.0,18880.0,18880.0,18880.0,0.0,0.0,158.0
2017-08-31 21:20:00,18880.0,18880.0,18880.0,18880.0,0.0,0.0,158.0
2017-08-31 21:25:00,18880.0,18880.0,18880.0,18880.0,0.0,0.0,158.0
2017-08-31 21:30:00,18880.0,18880.0,18880.0,18880.0,0.0,0.0,158.0
2017-08-31 21:35:00,18880.0,18880.0,18880.0,18880.0,0.0,0.0,158.0
2017-08-31 21:40:00,18880.0,18880.0,18880.0,18880.0,0.0,0.0,158.0
2017-08-31 21:45:00,18880.0,18965.0,18880.0,18965.0,2.0,189650.0,160.0
2017-08-31 21:50:00,18965.0,18965.0,18965.0,18965.0,0.0,0.0,160.0
2017-08-31 21:55:00,18965.0,18965.0,18965.0,18965.0,0.0,0.0,160.0
2017-08-31 22:00:00,18965.0,18965.0,18965.0,18965.0,0.0,0.0,160.0
2017-08-31 22:05:00,18965.0,18965.0,18965.0,18965.0,0.0,0.0,160.0
2017-08-31 22:10:00,18965.0,18965.0,18965.0,18965.0,0.0,0.0,160.0
2017-08-31 22:15:00,18965.0,18965.0,18965.0,18965.0,0.0,0.0,160.0
2017-08-31 22:20:00,18965.0,18965.0,18965.0,18965.0,0.0,0.0,160.0
2017-08-31 22:25:00,18965.0,18965.0,18965.0,18965.0,0.0,0.0,160.0
2017-08-31 22:30:00,18965.0,18965.0,18965.0,18965.0,0.0,0.0,160.0
2017-08-31 22:35:00,18965.0,18965.0,18965.0,18965.0,0.0,0.0,160.0
2017-08-31 22:40:00,18965.0,18965.0,18965.0,18965.0,0.0,0.0,160.0
2017-08-31 22:45:00,18965.0,18970.0,18965.0,18970.0,2.0,189700.0,160.0
2017-08-31 22:50:00,18970.0,18970.0,18960.0,18960.0,2.0,189600.0,162.0
2017-08-31 22:55:00,18960.0,18960.0,18960.0,18960.0,0.0,0.0,162.0
2017-08-31 23:00:00,18960.0,18960.0,18960.0,18960.0,0.0,0.0,162.0
2017-08-31 23:05:00,18960.0,18960.0,18960.0,18960.0,0.0,0.0,162.0
2017-08-31 23:10:00,18960.0,18960.0,18960.0,18960.0,0.0,0.0,162.0
2017-08-31 23:15:00,18960.0,18960.0,18960.0,18960.0,0.0,0.0,162.0
2017-08-31 23:20:00,18960.0,18960.0,18960.0,18960.0,0.0,0.0,162.0
2017-08-31 23:25:00,18960.0,18960.0,18960.0,18960.0,0.0,0.0,162.0
2017-08-31 23:30:00,18960.0,18960.0,18960.0,18960.0,0.0,0.0,162.0
2017-08-31 23:35:00,18960.0,18960.0,18960.0,18960.0,0.0,0.0,162.0
2017-08-31 23:40:00,18960.0,18960.0,18960.0,18960.0,0.0,0.0,162.0
2017-08-31 23:45:00,18960.0,18960.0,18960.0,18960.0,0.0,0.0,162.0
2017-08-31 23:50:00,18960.0,18960.0,18960.0,18960.0,0.0,0.0,162.0
2017-08-31 23:55:00,18960.0,18960.0,18960.0,18960.0,0.0,0.0,162.0
2017-09-01 00:00:00,18960.0,18960.0,18960.0,18960.0,0.0,0.0,162.0
2017-09-01 00:05:00,18960.0,18960.0,18960.0,18960.0,0.0,0.0,162.0
2017-09-01 00:10:00,18960.0,18960.0,18960.0,18960.0,0.0,0.0,162.0
2017-09-01 00:15:00,18960.0,18960.0,18960.0,18960.0,0.0,0.0,162.0
2017-09-01 00:20:00,18960.0,18960.0,18960.0,18960.0,0.0,0.0,162.0
2017-09-01 00:25:00,18960.0,18960.0,18960.0,18960.0,0.0,0.0,162.0
2017-09-01 00:30:00,18960.0,18960.0,18960.0,18960.0,0.0,0.0,162.0
2017-09-01 00:35:00,18960.0,18960.0,18960.0,18960.0,0.0,0.0,162.0
2017-09-01 00:40:00,18960.0,18960.0,18960.0,18960.0,0.0,0.0,162.0
2017-09-01 00:45:00,18960.0,18960.0,18960.0,18960.0,0.0,0.0,162.0
2017-09-01 00:50:00,18960.0,18960.0,18960.0,18960.0,0.0,0.0,162.0
2017-09-01 00:55:00,18960.0,18960.0,18960.0,18960.0,0.0,0.0,162.0
2017-09-01 09:00:00,18960.0,19005.0,18960.0,19005.0,2.0,190050.0,160.0
2017-09-01 09:05:00,19005.0,19005.0,19005.0,19005.0,0.0,0.0,160.0
2017-09-01 09:10:00,19005.0,19005.0,19005.0,19005.0,0.0,0.0,160.0
2017-09-01 09:15:00,19005.0,19005.0,19005.0,19005.0,0.0,0.0,160.0
2017-09-01 09:20:00,19005.0,19005.0,19005.0,19005.0,0.0,0.0,160.0
2017-09-01 09:25:00,19005.0,19005.0,19005.0,19005.0,0.0,0.0,160.0
2017-09-01 09:30:00,19005.0,19005.0,19005.0,19005.0,0.0,0.0,160.0
2017-09-01 09:35:00,19005.0,19005.0,19005.0,19005.0,0.0,0.0,160.0
2017-09-01 09:40:00,19005.0,19005.0,19005.0,19005.0,0.0,0.0,160.0
2017-09-01 09:45:00,19005.0,19005.0,19005.0,19005.0,0.0,0.0,160.0
2017-09-01 09:50:00,19005.0,19005.0,19005.0,19005.0,0.0,0.0,160.0
2017-09-01 09:55:00,19005.0,19005.0,19005.0,19005.0,0.0,0.0,160.0
2017-09-01 10:00:00,19005.0,19005.0,19005.0,19005.0,0.0,0.0,160.0
2017-09-01 10:05:00,19005.0,19005.0,19005.0,19005.0,0.0,0.0,160.0
2017-09-01 10:10:00,19005.0,19005.0,19005.0,19005.0,0.0,0.0,160.0
2017-09-01 10:30:00,19005.0,19005.0,19005.0,19005.0,0.0,0.0,160.0
2017-09-01 10:35:00,19005.0,19005.0,19005.0,19005.0,0.0,0.0,160.0
2017-09-01 10:40:00,19005.0,19005.0,19005.0,19005.0,0.0,0.0,160.0
2017-09-01 10:45:00,19005.0,19005.0,19005.0,19005.0,0.0,0.0,160.0
2017-09-01 10:50:00,19005.0,19005.0,19005.0,19005.0,0.0,0.0,160.0
2017-09-01 10:55:00,19005.0,19005.0,19005.0,19005.0,0.0,0.0,160.0
2017-09-01 11:00:00,19005.0,19005.0,19005.0,19005.0,0.0,0.0,160.0
2017-09-01 11:05:00,19005.0,19005.0,19005.0,19005.0,0.0,0.0,160.0
2017-09-01 11:10:00,19005.0,19005.0,19005.0,19005.0,0.0,0.0,160.0
2017-09-01 11:15:00,19005.0,19005.0,19005.0,19005.0,0.0,0.0,160.0
2017-09-01 11:20:00,19005.0,19005.0,19005.0,19005.0,0.0,0.0,160.0
2017-09-01 11:25:00,19005.0,19005.0,19005.0,19005.0,0.0,0.0,160.0
2017-09-01 13:30:00,19005.0,19005.0,19005.0,19005.0,2.0,190050.0,158.0
2017-09-01 13:35:00,19005.0,19005.0,19005.0,19005.0,0.0,0.0,158.0
2017-09-01 13:40:00,19005.0,19005.0,19005.0,19005.0,0.0,0.0,158.0
2017-09-01 13:45:00,18960.0,18960.0,18960.0,18960.0,2.0,189600.0,160.0
2017-09-01 13:50:00,18960.0,18960.0,18960.0,18960.0,0.0,0.0,160.0
2017-09-01 13:55:00,18960.0,18960.0,18960.0,18960.0,0.0,0.0,160.0
2017-09-01 14:00:00,18960.0,18960.0,18960.0,18960.0,0.0,0.0,160.0
2017-09-01 14:05:00,18960.0,18960.0,18960.0,18960.0,0.0,0.0,160.0
2017-09-01 14:10:00,18960.0,18960.0,18960.0,18960.0,0.0,0.0,160.0
2017-09-01 14:15:00,18960.0,18960.0,18960.0,18960.0,0.0,0.0,160.0
2017-09-01 14:20:00,18960.0,18960.0,18960.0,18960.0,0.0,0.0,160.0
2017-09-01 14:25:00,18960.0,18960.0,18960.0,18960.0,0.0,0.0,160.0
2017-09-01 14:30:00,18960.0,18960.0,18960.0,18960.0,0.0,0.0,160.0
2017-09-01 14:35:00,18960.0,18960.0,18960.0,18960.0,0.0,0.0,160.0
2017-09-01 14:40:00,18960.0,19005.0,18960.0,19005.0,2.0,190050.0,160.0
2017-09-01 14:45:00,19005.0,19005.0,19005.0,19005.0,0.0,0.0,160.0
2017-09-01 14:50:00,19005.0,19005.0,19005.0,19005.0,0.0,0.0,160.0
2017-09-01 14:55:00,19005.0,19005.0,19005.0,19005.0,0.0,0.0,160.0
2017-09-01 21:00:00,18965.0,18965.0,18965.0,18965.0,0.0,0.0,160.0
2017-09-01 21:05:00,18965.0,18965.0,18965.0,18965.0,0.0,0.0,160.0
2017-09-01 21:10:00,18965.0,19100.0,18965.0,19100.0,2.0,191000.0,160.0
2017-09-01 21:15:00,19100.0,19100.0,19100.0,19100.0,0.0,0.0,160.0
2017-09-01 21:20:00,19100.0,19100.0,19100.0,19100.0,0.0,0.0,160.0
2017-09-01 21:25:00,19100.0,19100.0,19100.0,19100.0,0.0,0.0,160.0
2017-09-01 21:30:00,19100.0,19100.0,19100.0,19100.0,0.0,0.0,160.0
2017-09-01 21:35:00,19100.0,19100.0,19100.0,19100.0,0.0,0.0,160.0
2017-09-01 21:40:00,19100.0,19100.0,19100.0,19100.0,0.0,0.0,160.0
2017-09-01 21:45:00,19100.0,19100.0,19100.0,19100.0,0.0,0.0,160.0
2017-09-01 21:50:00,19100.0,19100.0,19100.0,19100.0,0.0,0.0,160.0
2017-09-01 21:55:00,19100.0,19100.0,19100.0,19100.0,0.0,0.0,160.0
2017-09-01 22:00:00,19100.0,19100.0,19100.0,19100.0,0.0,0.0,160.0
2017-09-01 22:05:00,19100.0,19100.0,19100.0,19100.0,0.0,0.0,160.0
2017-09-01 22:10:00,18980.0,18980.0,18980.0,18980.0,2.0,189800.0,162.0
2017-09-01 22:15:00,18980.0,18980.0,18980.0,18980.0,0.0,0.0,162.0
2017-09-01 22:20:00,18980.0,18980.0,18980.0,18980.0,0.0,0.0,162.0
2017-09-01 22:25:00,18980.0,18980.0,18980.0,18980.0,0.0,0.0,162.0
2017-09-01 22:30:00,18980.0,18980.0,18980.0,18980.0,0.0,0.0,162.0
2017-09-01 22:35:00,18980.0,18980.0,18980.0,18980.0,0.0,0.0,162.0
2017-09-01 22:40:00,18980.0,18980.0,18980.0,18980.0,0.0,0.0,162.0
2017-09-01 22:45:00,18980.0,18980.0,18980.0,18980.0,0.0,0.0,162.0
2017-09-01 22:50:00,18980.0,18980.0,18980.0,18980.0,0.0,0.0,162.0
2017-09-01 22:55:00,18980.0,18980.0,18980.0,18980.0,0.0,0.0,162.0
2017-09-01 23:00:00,18980.0,18980.0,18980.0,18980.0,0.0,0.0,162.0
2017-09-01 23:05:00,18980.0,18980.0,18980.0,18980.0,0.0,0.0,162.0
2017-09-01 23:10:00,18980.0,18980.0,18980.0,18980.0,0.0,0.0,162.0
2017-09-01 23:15:00,18980.0,18980.0,18980.0,18980.0,0.0,0.0,162.0
2017-09-01 23:20:00,18980.0,18980.0,18980.0,18980.0,0.0,0.0,162.0
2017-09-01 23:25:00,18980.0,18980.0,18980.0,18980.0,0.0,0.0,162.0
2017-09-01 23:30:00,18980.0,18980.0,18980.0,18980.0,0.0,0.0,162.0
2017-09-01 23:35:00,18980.0,18980.0,18980.0,18980.0,0.0,0.0,162.0
2017-09-01 23:40:00,18980.0,18980.0,18980.0,18980.0,0.0,0.0,162.0
2017-09-01 23:45:00,18980.0,18980.0,18980.0,18980.0,0.0,0.0,162.0
2017-09-01 23:50:00,18980.0,18980.0,18980.0,18980.0,0.0,0.0,162.0
2017-09-01 23:55:00,18980.0,18980.0,18980.0,18980.0,0.0,0.0,162.0
2017-09-02 00:00:00,18980.0,18980.0,18980.0,18980.0,0.0,0.0,162.0
2017-09-02 00:05:00,18980.0,18980.0,18980.0,18980.0,0.0,0.0,162.0
2017-09-02 00:10:00,18980.0,18980.0,18980.0,18980.0,0.0,0.0,162.0
2017-09-02 00:15:00,18980.0,18980.0,18980.0,18980.0,0.0,0.0,162.0
2017-09-02 00:20:00,18980.0,18980.0,18980.0,18980.0,0.0,0.0,162.0
2017-09-02 00:25:00,18980.0,18980.0,18980.0,18980.0,0.0,0.0,162.0
2017-09-02 00:30:00,18980.0,18980.0,18980.0,18980.0,0.0,0.0,162.0
2017-09-02 00:35:00,18980.0,18980.0,18980.0,18980.0,0.0,0.0,162.0
2017-09-02 00:40:00,18980.0,18980.0,18980.0,18980.0,0.0,0.0,162.0
2017-09-02 00:45:00,18980.0,18980.0,18980.0,18980.0,0.0,0.0,162.0
2017-09-02 00:50:00,18980.0,18980.0,18980.0,18980.0,0.0,0.0,162.0
2017-09-02 00:55:00,18980.0,18980.0,18980.0,18980.0,0.0,0.0,162.0
2017-09-04 09:00:00,18980.0,19125.0,18980.0,19125.0,4.0,382500.0,160.0
2017-09-04 09:05:00,19125.0,19235.0,19125.0,19235.0,2.0,192350.0,158.0
2017-09-04 09:10:00,19235.0,19235.0,19235.0,19235.0,4.0,384700.0,154.0
2017-09-04 09:15:00,19235.0,19235.0,19235.0,19235.0,0.0,0.0,154.0
2017-09-04 09:20:00,19235.0,19235.0,19235.0,19235.0,0.0,0.0,154.0
2017-09-04 09:25:00,19235.0,19235.0,19235.0,19235.0,0.0,0.0,154.0
2017-09-04 09:30:00,19235.0,19235.0,19235.0,19235.0,0.0,0.0,154.0
2017-09-04 09:35:00,19235.0,19235.0,19235.0,19235.0,0.0,0.0,154.0
2017-09-04 09:40:00,19235.0,19235.0,19200.0,19200.0,2.0,192000.0,156.0
2017-09-04 09:45:00,19200.0,19200.0,19200.0,19200.0,0.0,0.0,156.0
2017-09-04 09:50:00,19200.0,19200.0,19200.0,19200.0,0.0,0.0,156.0
2017-09-04 09:55:00,19200.0,19200.0,19200.0,19200.0,0.0,0.0,156.0
2017-09-04 10:00:00,19200.0,19200.0,19200.0,19200.0,0.0,0.0,156.0
2017-09-04 10:05:00,19200.0,19200.0,19200.0,19200.0,0.0,0.0,156.0
2017-09-04 10:10:00,19200.0,19220.0,19200.0,19220.0,2.0,192200.0,154.0
2017-09-04 10:30:00,19220.0,19220.0,19220.0,19220.0,0.0,0.0,154.0
2017-09-04 10:35:00,19220.0,19220.0,19220.0,19220.0,0.0,0.0,154.0
2017-09-04 10:40:00,19220.0,19220.0,19220.0,19220.0,0.0,0.0,154.0
2017-09-04 10:45:00,19220.0,19220.0,19220.0,19220.0,0.0,0.0,154.0
2017-09-04 10:50:00,19220.0,19220.0,19220.0,19220.0,0.0,0.0,154.0
2017-09-04 10:55:00,19220.0,19220.0,19220.0,19220.0,0.0,0.0,154.0
2017-09-04 11:00:00,19220.0,19220.0,19220.0,19220.0,0.0,0.0,154.0
2017-09-04 11:05:00,19220.0,19220.0,19220.0,19220.0,0.0,0.0,154.0
2017-09-04 11:10:00,19220.0,19220.0,19220.0,19220.0,0.0,0.0,154.0
2017-09-04 11:15:00,19220.0,19220.0,19220.0,19220.0,0.0,0.0,154.0
2017-09-04 11:20:00,19220.0,19220.0,19220.0,19220.0,0.0,0.0,154.0
2017-09-04 11:25:00,19220.0,19220.0,19220.0,19220.0,0.0,0.0,154.0
2017-09-04 13:30:00,19220.0,19220.0,19220.0,19220.0,0.0,0.0,154.0
2017-09-04 13:35:00,19220.0,19220.0,19220.0,19220.0,0.0,0.0,154.0
2017-09-04 13:40:00,19220.0,19220.0,19220.0,19220.0,0.0,0.0,154.0
2017-09-04 13:45:00,19220.0,19220.0,19220.0,19220.0,0.0,0.0,154.0
2017-09-04 13:50:00,19220.0,19220.0,19220.0,19220.0,0.0,0.0,154.0
2017-09-04 13:55:00,19220.0,19220.0,19220.0,19220.0,0.0,0.0,154.0
2017-09-04 14:00:00,19220.0,19220.0,19220.0,19220.0,0.0,0.0,154.0
2017-09-04 14:05:00,19220.0,19220.0,19220.0,19220.0,0.0,0.0,154.0
2017-09-04 14:10:00,19220.0,19220.0,19220.0,19220.0,0.0,0.0,154.0
2017-09-04 14:15:00,19220.0,19220.0,19220.0,19220.0,0.0,0.0,154.0
2017-09-04 14:20:00,19220.0,19220.0,19220.0,19220.0,0.0,0.0,154.0
2017-09-04 14:25:00,19220.0,19220.0,19220.0,19220.0,0.0,0.0,154.0
2017-09-04 14:30:00,19220.0,19220.0,19220.0,19220.0,0.0,0.0,154.0
2017-09-04 14:35:00,19220.0,19220.0,19220.0,19220.0,0.0,0.0,154.0
2017-09-04 14:40:00,19220.0,19220.0,19220.0,19220.0,0.0,0.0,154.0
2017-09-04 14:45:00,19220.0,19220.0,19220.0,19220.0,0.0,0.0,154.0
2017-09-04 14:50:00,19220.0,19220.0,19220.0,19220.0,0.0,0.0,154.0
2017-09-04 14:55:00,19220.0,19220.0,19220.0,19220.0,0.0,0.0,154.0
2017-09-04 21:00:00,19160.0,19160.0,19160.0,19160.0,0.0,0.0,154.0
2017-09-04 21:05:00,19160.0,19160.0,19160.0,19160.0,0.0,0.0,154.0
2017-09-04 21:10:00,19160.0,19160.0,19160.0,19160.0,0.0,0.0,154.0
2017-09-04 21:15:00,19160.0,19160.0,19160.0,19160.0,0.0,0.0,154.0
2017-09-04 21:20:00,19160.0,19160.0,19160.0,19160.0,0.0,0.0,154.0
2017-09-04 21:25:00,19160.0,19160.0,19160.0,19160.0,0.0,0.0,154.0
2017-09-04 21:30:00,19160.0,19160.0,19160.0,19160.0,0.0,0.0,154.0
2017-09-04 21:35:00,19160.0,19160.0,19160.0,19160.0,0.0,0.0,154.0
2017-09-04 21:40:00,19160.0,19160.0,19160.0,19160.0,0.0,0.0,154.0
2017-09-04 21:45:00,19160.0,19160.0,19160.0,19160.0,0.0,0.0,154.0
2017-09-04 21:50:00,19160.0,19160.0,19160.0,19160.0,0.0,0.0,154.0
2017-09-04 21:55:00,19160.0,19160.0,19160.0,19160.0,0.0,0.0,154.0
2017-09-04 22:00:00,19160.0,19160.0,19160.0,19160.0,0.0,0.0,154.0
2017-09-04 22:05:00,19160.0,19160.0,19160.0,19160.0,0.0,0.0,154.0
2017-09-04 22:10:00,19160.0,19160.0,19160.0,19160.0,0.0,0.0,154.0
2017-09-04 22:15:00,19160.0,19160.0,19160.0,19160.0,0.0,0.0,154.0
2017-09-04 22:20:00,19160.0,19160.0,19160.0,19160.0,0.0,0.0,154.0
2017-09-04 22:25:00,19160.0,19160.0,19160.0,19160.0,0.0,0.0,154.0
2017-09-04 22:30:00,19160.0,19160.0,19160.0,19160.0,0.0,0.0,154.0
2017-09-04 22:35:00,19160.0,19160.0,19160.0,19160.0,0.0,0.0,154.0
2017-09-04 22:40:00,19160.0,19160.0,19160.0,19160.0,0.0,0.0,154.0
2017-09-04 22:45:00,19160.0,19160.0,19160.0,19160.0,0.0,0.0,154.0
2017-09-04 22:50:00,19160.0,19160.0,19160.0,19160.0,0.0,0.0,154.0
2017-09-04 22:55:00,19160.0,19160.0,19160.0,19160.0,0.0,0.0,154.0
2017-09-04 23:00:00,19160.0,19160.0,19160.0,19160.0,0.0,0.0,154.0
2017-09-04 23:05:00,19160.0,19160.0,19160.0,19160.0,0.0,0.0,154.0
2017-09-04 23:10:00,19160.0,19160.0,19160.0,19160.0,0.0,0.0,154.0
2017-09-04 23:15:00,19160.0,19160.0,19160.0,19160.0,0.0,0.0,154.0
2017-09-04 23:20:00,19160.0,19160.0,19160.0,19160.0,0.0,0.0,154.0
2017-09-04 23:25:00,19160.0,19160.0,19160.0,19160.0,0.0,0.0,154.0
2017-09-04 23:30:00,19160.0,19160.0,19160.0,19160.0,0.0,0.0,154.0
2017-09-04 23:35:00,19160.0,19160.0,19160.0,19160.0,0.0,0.0,154.0
2017-09-04 23:40:00,19160.0,19160.0,19160.0,19160.0,0.0,0.0,154.0
2017-09-04 23:45:00,19160.0,19160.0,19160.0,19160.0,0.0,0.0,154.0
2017-09-04 23:50:00,19160.0,19160.0,19160.0,19160.0,0.0,0.0,154.0
2017-09-04 23:55:00,19160.0,19160.0,19160.0,19160.0,0.0,0.0,154.0
2017-09-05 00:00:00,19160.0,19160.0,19160.0,19160.0,0.0,0.0,154.0
2017-09-05 00:05:00,19160.0,19160.0,19160.0,19160.0,0.0,0.0,154.0
2017-09-05 00:10:00,19160.0,19160.0,19160.0,19160.0,0.0,0.0,154.0
2017-09-05 00:15:00,19160.0,19160.0,19160.0,19160.0,0.0,0.0,154.0
2017-09-05 00:20:00,19160.0,19160.0,19160.0,19160.0,0.0,0.0,154.0
2017-09-05 00:25:00,19160.0,19160.0,19160.0,19160.0,0.0,0.0,154.0
2017-09-05 00:30:00,19160.0,19160.0,19160.0,19160.0,0.0,0.0,154.0
2017-09-05 00:35:00,19160.0,19160.0,19160.0,19160.0,0.0,0.0,154.0
2017-09-05 00:40:00,19160.0,19160.0,19160.0,19160.0,0.0,0.0,154.0
2017-09-05 00:45:00,19160.0,19160.0,19160.0,19160.0,0.0,0.0,154.0
2017-09-05 00:50:00,19160.0,19160.0,19160.0,19160.0,0.0,0.0,154.0
2017-09-05 00:55:00,19160.0,19160.0,19160.0,19160.0,0.0,0.0,154.0
2017-09-05 09:00:00,19160.0,19160.0,19160.0,19160.0,0.0,0.0,154.0
2017-09-05 09:05:00,19160.0,19160.0,19160.0,19160.0,0.0,0.0,154.0
2017-09-05 09:10:00,19160.0,19160.0,19160.0,19160.0,0.0,0.0,154.0
2017-09-05 09:15:00,19160.0,19160.0,19160.0,19160.0,0.0,0.0,154.0
2017-09-05 09:20:00,19160.0,19160.0,19160.0,19160.0,0.0,0.0,154.0
2017-09-05 09:25:00,19160.0,19160.0,19160.0,19160.0,0.0,0.0,154.0
2017-09-05 09:30:00,19160.0,19160.0,19045.0,19045.0,2.0,190450.0,152.0
2017-09-05 09:35:00,19045.0,19045.0,19045.0,19045.0,0.0,0.0,152.0
2017-09-05 09:40:00,19045.0,19045.0,19045.0,19045.0,0.0,0.0,152.0
2017-09-05 09:45:00,19045.0,19045.0,19045.0,19045.0,0.0,0.0,152.0
2017-09-05 09:50:00,19045.0,19045.0,19045.0,19045.0,0.0,0.0,152.0
2017-09-05 09:55:00,19045.0,19045.0,19045.0,19045.0,0.0,0.0,152.0
2017-09-05 10:00:00,19045.0,19045.0,19045.0,19045.0,0.0,0.0,152.0
2017-09-05 10:05:00,19045.0,19045.0,19045.0,19045.0,0.0,0.0,152.0
2017-09-05 10:10:00,19045.0,19045.0,19045.0,19045.0,0.0,0.0,152.0
2017-09-05 10:30:00,19045.0,19045.0,19045.0,19045.0,0.0,0.0,152.0
2017-09-05 10:35:00,19045.0,19045.0,19045.0,19045.0,0.0,0.0,152.0
2017-09-05 10:40:00,19045.0,19045.0,19045.0,19045.0,0.0,0.0,152.0
2017-09-05 10:45:00,19045.0,19045.0,19045.0,19045.0,0.0,0.0,152.0
2017-09-05 10:50:00,19045.0,19045.0,19045.0,19045.0,0.0,0.0,152.0
2017-09-05 10:55:00,19045.0,19045.0,19045.0,19045.0,0.0,0.0,152.0
2017-09-05 11:00:00,19045.0,19045.0,19045.0,19045.0,0.0,0.0,152.0
2017-09-05 11:05:00,19045.0,19045.0,19045.0,19045.0,0.0,0.0,152.0
2017-09-05 11:10:00,19045.0,19045.0,19045.0,19045.0,0.0,0.0,152.0
2017-09-05 11:15:00,19045.0,19045.0,19045.0,19045.0,0.0,0.0,152.0
2017-09-05 11:20:00,19045.0,19045.0,19045.0,19045.0,0.0,0.0,152.0
2017-09-05 11:25:00,19045.0,19045.0,19045.0,19045.0,0.0,0.0,152.0
2017-09-05 13:30:00,19045.0,19045.0,19045.0,19045.0,0.0,0.0,152.0
2017-09-05 13:35:00,19045.0,19045.0,19045.0,19045.0,0.0,0.0,152.0
2017-09-05 13:40:00,19045.0,19045.0,19045.0,19045.0,0.0,0.0,152.0
2017-09-05 13:45:00,19045.0,19045.0,18900.0,18900.0,2.0,189000.0,152.0
2017-09-05 13:50:00,18900.0,18900.0,18900.0,18900.0,0.0,0.0,152.0
2017-09-05 13:55:00,18900.0,18900.0,18900.0,18900.0,0.0,0.0,152.0
2017-09-05 14:00:00,18855.0,18855.0,18855.0,18855.0,2.0,188550.0,152.0
2017-09-05 14:05:00,18855.0,18855.0,18855.0,18855.0,0.0,0.0,152.0
2017-09-05 14:10:00,18855.0,18855.0,18855.0,18855.0,0.0,0.0,152.0
2017-09-05 14:15:00,18855.0,18855.0,18855.0,18855.0,0.0,0.0,152.0
2017-09-05 14:20:00,18855.0,18855.0,18855.0,18855.0,0.0,0.0,152.0
2017-09-05 14:25:00,18955.0,18965.0,18955.0,18965.0,4.0,379200.0,152.0
2017-09-05 14:30:00,18965.0,18965.0,18965.0,18965.0,0.0,0.0,152.0
2017-09-05 14:35:00,18965.0,18965.0,18965.0,18965.0,0.0,0.0,152.0
2017-09-05 14:40:00,18965.0,18965.0,18965.0,18965.0,0.0,0.0,152.0
2017-09-05 14:45:00,18965.0,18965.0,18965.0,18965.0,0.0,0.0,152.0
2017-09-05 14:50:00,18965.0,18965.0,18965.0,18965.0,0.0,0.0,152.0
2017-09-05 14:55:00,18965.0,18965.0,18965.0,18965.0,0.0,0.0,152.0
2017-09-05 21:00:00,18940.0,18940.0,18940.0,18940.0,0.0,0.0,152.0
2017-09-05 21:05:00,18545.0,19130.0,18545.0,18780.0,18.0,1694950.0,158.0
2017-09-05 21:10:00,18780.0,18780.0,18780.0,18780.0,0.0,0.0,158.0
2017-09-05 21:15:00,18780.0,18780.0,18780.0,18780.0,0.0,0.0,158.0
2017-09-05 21:20:00,18755.0,18755.0,18755.0,18755.0,4.0,375100.0,158.0
2017-09-05 21:25:00,18755.0,18755.0,18755.0,18755.0,0.0,0.0,158.0
2017-09-05 21:30:00,18755.0,18755.0,18755.0,18755.0,0.0,0.0,158.0
2017-09-05 21:35:00,18755.0,18755.0,18755.0,18755.0,0.0,0.0,158.0
2017-09-05 21:40:00,18755.0,18755.0,18755.0,18755.0,0.0,0.0,158.0
2017-09-05 21:45:00,18755.0,18755.0,18750.0,18750.0,2.0,187500.0,158.0
2017-09-05 21:50:00,18750.0,18750.0,18750.0,18750.0,0.0,0.0,158.0
2017-09-05 21:55:00,18750.0,18800.0,18750.0,18800.0,2.0,188000.0,156.0
2017-09-05 22:00:00,18800.0,18800.0,18800.0,18800.0,0.0,0.0,156.0
2017-09-05 22:05:00,18800.0,18800.0,18720.0,18720.0,4.0,374400.0,160.0
2017-09-05 22:10:00,18720.0,18720.0,18720.0,18720.0,0.0,0.0,160.0
2017-09-05 22:15:00,18720.0,18720.0,18715.0,18715.0,4.0,374300.0,164.0
2017-09-05 22:20:00,18715.0,18715.0,18715.0,18715.0,0.0,0.0,164.0
2017-09-05 22:25:00,18715.0,18715.0,18715.0,18715.0,0.0,0.0,164.0
2017-09-05 22:30:00,18715.0,18715.0,18715.0,18715.0,0.0,0.0,164.0
2017-09-05 22:35:00,18715.0,18715.0,18715.0,18715.0,0.0,0.0,164.0
2017-09-05 22:40:00,18715.0,18715.0,18715.0,18715.0,0.0,0.0,164.0
2017-09-05 22:45:00,18715.0,18715.0,18715.0,18715.0,0.0,0.0,164.0
2017-09-05 22:50:00,18715.0,18715.0,18715.0,18715.0,0.0,0.0,164.0
2017-09-05 22:55:00,18715.0,18715.0,18715.0,18715.0,0.0,0.0,164.0
2017-09-05 23:00:00,18715.0,18715.0,18715.0,18715.0,0.0,0.0,164.0
2017-09-05 23:05:00,18715.0,18715.0,18715.0,18715.0,0.0,0.0,164.0
2017-09-05 23:10:00,18715.0,18715.0,18715.0,18715.0,0.0,0.0,164.0
2017-09-05 23:15:00,18715.0,18715.0,18555.0,18555.0,2.0,185550.0,166.0
2017-09-05 23:20:00,18555.0,18555.0,18500.0,18500.0,4.0,370150.0,164.0
2017-09-05 23:25:00,18500.0,18500.0,18500.0,18500.0,0.0,0.0,164.0
2017-09-05 23:30:00,18500.0,18500.0,18500.0,18500.0,0.0,0.0,164.0
2017-09-05 23:35:00,18500.0,18500.0,18500.0,18500.0,0.0,0.0,164.0
2017-09-05 23:40:00,18500.0,18500.0,18500.0,18500.0,0.0,0.0,164.0
2017-09-05 23:45:00,18500.0,18500.0,18500.0,18500.0,0.0,0.0,164.0
2017-09-05 23:50:00,18500.0,18500.0,18500.0,18500.0,0.0,0.0,164.0
2017-09-05 23:55:00,18500.0,18500.0,18500.0,18500.0,0.0,0.0,164.0
2017-09-06 00:00:00,18500.0,18500.0,18500.0,18500.0,0.0,0.0,164.0
2017-09-06 00:05:00,18500.0,18500.0,18500.0,18500.0,0.0,0.0,164.0
2017-09-06 00:10:00,18500.0,18500.0,18500.0,18500.0,0.0,0.0,164.0
2017-09-06 00:15:00,18500.0,18500.0,18500.0,18500.0,0.0,0.0,164.0
2017-09-06 00:20:00,18500.0,18500.0,18500.0,18500.0,0.0,0.0,164.0
2017-09-06 00:25:00,18500.0,18500.0,18500.0,18500.0,0.0,0.0,164.0
2017-09-06 00:30:00,18500.0,18500.0,18500.0,18500.0,0.0,0.0,164.0
2017-09-06 00:35:00,18500.0,18500.0,18500.0,18500.0,0.0,0.0,164.0
2017-09-06 00:40:00,18500.0,18500.0,18500.0,18500.0,0.0,0.0,164.0
2017-09-06 00:45:00,18500.0,18500.0,18500.0,18500.0,0.0,0.0,164.0
2017-09-06 00:50:00,18500.0,18500.0,18500.0,18500.0,0.0,0.0,164.0
2017-09-06 00:55:00,18500.0,18500.0,18500.0,18500.0,0.0,0.0,164.0
2017-09-06 09:00:00,18500.0,18500.0,18500.0,18500.0,0.0,0.0,164.0
2017-09-06 09:05:00,18500.0,18500.0,18500.0,18500.0,0.0,0.0,164.0
2017-09-06 09:10:00,18500.0,18500.0,18500.0,18500.0,2.0,185000.0,164.0
2017-09-06 09:15:00,18500.0,18500.0,18500.0,18500.0,0.0,0.0,164.0
2017-09-06 09:20:00,18500.0,18500.0,18500.0,18500.0,0.0,0.0,164.0
2017-09-06 09:25:00,18500.0,18500.0,18500.0,18500.0,0.0,0.0,164.0
2017-09-06 09:30:00,18500.0,18500.0,18500.0,18500.0,0.0,0.0,164.0
2017-09-06 09:35:00,18500.0,18500.0,18500.0,18500.0,0.0,0.0,164.0
2017-09-06 09:40:00,18500.0,18500.0,18500.0,18500.0,0.0,0.0,164.0
2017-09-06 09:45:00,18500.0,18500.0,18500.0,18500.0,0.0,0.0,164.0
2017-09-06 09:50:00,18500.0,18500.0,18500.0,18500.0,0.0,0.0,164.0
2017-09-06 09:55:00,18500.0,18565.0,18500.0,18565.0,4.0,371300.0,166.0
2017-09-06 10:00:00,18565.0,18565.0,18565.0,18565.0,0.0,0.0,166.0
2017-09-06 10:05:00,18565.0,18565.0,18565.0,18565.0,0.0,0.0,166.0
2017-09-06 10:10:00,18565.0,18565.0,18565.0,18565.0,0.0,0.0,166.0
2017-09-06 10:30:00,18565.0,18565.0,18565.0,18565.0,0.0,0.0,166.0
2017-09-06 10:35:00,18565.0,18565.0,18565.0,18565.0,0.0,0.0,166.0
2017-09-06 10:40:00,18580.0,18580.0,18580.0,18580.0,2.0,185800.0,166.0
2017-09-06 10:45:00,18580.0,18580.0,18580.0,18580.0,0.0,0.0,166.0
2017-09-06 10:50:00,18580.0,18580.0,18580.0,18580.0,0.0,0.0,166.0
2017-09-06 10:55:00,18580.0,18580.0,18580.0,18580.0,0.0,0.0,166.0
2017-09-06 11:00:00,18580.0,18580.0,18580.0,18580.0,0.0,0.0,166.0
2017-09-06 11:05:00,18580.0,18580.0,18580.0,18580.0,0.0,0.0,166.0
2017-09-06 11:10:00,18580.0,18580.0,18580.0,18580.0,0.0,0.0,166.0
2017-09-06 11:15:00,18580.0,18580.0,18580.0,18580.0,0.0,0.0,166.0
2017-09-06 11:20:00,18580.0,18580.0,18560.0,18560.0,2.0,185600.0,166.0
2017-09-06 11:25:00,18555.0,18580.0,18555.0,18580.0,6.0,557050.0,166.0
2017-09-06 13:30:00,18580.0,18580.0,18580.0,18580.0,0.0,0.0,166.0
2017-09-06 13:35:00,18580.0,18600.0,18580.0,18600.0,6.0,558000.0,170.0
2017-09-06 13:40:00,18600.0,18600.0,18600.0,18600.0,0.0,0.0,170.0
2017-09-06 13:45:00,18600.0,18600.0,18600.0,18600.0,0.0,0.0,170.0
2017-09-06 13:50:00,18600.0,18600.0,18600.0,18600.0,0.0,0.0,170.0
2017-09-06 13:55:00,18600.0,18600.0,18600.0,18600.0,0.0,0.0,170.0
2017-09-06 14:00:00,18550.0,18550.0,18550.0,18550.0,2.0,185500.0,170.0
2017-09-06 14:05:00,18550.0,18550.0,18550.0,18550.0,0.0,0.0,170.0
2017-09-06 14:10:00,18550.0,18550.0,18550.0,18550.0,0.0,0.0,170.0
2017-09-06 14:15:00,18550.0,18550.0,18550.0,18550.0,0.0,0.0,170.0
2017-09-06 14:20:00,18550.0,18550.0,18550.0,18550.0,0.0,0.0,170.0
2017-09-06 14:25:00,18550.0,18550.0,18550.0,18550.0,0.0,0.0,170.0
2017-09-06 14:30:00,18550.0,18550.0,18545.0,18545.0,2.0,185450.0,172.0
2017-09-06 14:35:00,18545.0,18545.0,18545.0,18545.0,0.0,0.0,172.0
2017-09-06 14:40:00,18545.0,18545.0,18545.0,18545.0,0.0,0.0,172.0
2017-09-06 14:45:00,18545.0,18545.0,18545.0,18545.0,0.0,0.0,172.0
2017-09-06 14:50:00,18545.0,18545.0,18430.0,18430.0,2.0,184300.0,172.0
2017-09-06 14:55:00,18430.0,18430.0,18430.0,18430.0,0.0,0.0,172.0
2017-09-06 21:00:00,18670.0,18670.0,18670.0,18670.0,0.0,0.0,172.0
2017-09-06 21:05:00,18670.0,18670.0,18670.0,18670.0,0.0,0.0,172.0
2017-09-06 21:10:00,18670.0,18670.0,18670.0,18670.0,0.0,0.0,172.0
2017-09-06 21:15:00,18670.0,18670.0,18670.0,18670.0,0.0,0.0,172.0
2017-09-06 21:20:00,18670.0,18670.0,18670.0,18670.0,0.0,0.0,172.0
2017-09-06 21:25:00,18670.0,18670.0,18670.0,18670.0,0.0,0.0,172.0
2017-09-06 21:30:00,18670.0,18670.0,18670.0,18670.0,0.0,0.0,172.0
2017-09-06 21:35:00,18670.0,18670.0,18670.0,18670.0,0.0,0.0,172.0
2017-09-06 21:40:00,18670.0,18670.0,18670.0,18670.0,0.0,0.0,172.0
2017-09-06 21:45:00,18670.0,18670.0,18670.0,18670.0,0.0,0.0,172.0
2017-09-06 21:50:00,18670.0,18670.0,18670.0,18670.0,0.0,0.0,172.0
2017-09-06 21:55:00,18670.0,18670.0,18670.0,18670.0,0.0,0.0,172.0
2017-09-06 22:00:00,18670.0,18670.0,18670.0,18670.0,0.0,0.0,172.0
2017-09-06 22:05:00,18670.0,18670.0,18670.0,18670.0,0.0,0.0,172.0
2017-09-06 22:10:00,18670.0,18670.0,18670.0,18670.0,0.0,0.0,172.0
2017-09-06 22:15:00,18670.0,18670.0,18670.0,18670.0,0.0,0.0,172.0
2017-09-06 22:20:00,18670.0,18670.0,18670.0,18670.0,0.0,0.0,172.0
2017-09-06 22:25:00,18670.0,18670.0,18670.0,18670.0,0.0,0.0,172.0
2017-09-06 22:30:00,18670.0,18670.0,18670.0,18670.0,0.0,0.0,172.0
2017-09-06 22:35:00,18670.0,18670.0,18670.0,18670.0,0.0,0.0,172.0
2017-09-06 22:40:00,18670.0,18670.0,18670.0,18670.0,0.0,0.0,172.0
2017-09-06 22:45:00,18670.0,18670.0,18670.0,18670.0,0.0,0.0,172.0
2017-09-06 22:50:00,18670.0,18670.0,18670.0,18670.0,0.0,0.0,172.0
2017-09-06 22:55:00,18670.0,18670.0,18370.0,18370.0,2.0,183700.0,170.0
2017-09-06 23:00:00,18170.0,18170.0,18170.0,18170.0,4.0,363400.0,170.0
2017-09-06 23:05:00,18170.0,18170.0,18170.0,18170.0,0.0,0.0,170.0
2017-09-06 23:10:00,18170.0,18170.0,18170.0,18170.0,0.0,0.0,170.0
2017-09-06 23:15:00,18170.0,18170.0,18170.0,18170.0,0.0,0.0,170.0
2017-09-06 23:20:00,18170.0,18170.0,18170.0,18170.0,0.0,0.0,170.0
2017-09-06 23:25:00,18170.0,18170.0,18170.0,18170.0,0.0,0.0,170.0
2017-09-06 23:30:00,18170.0,18170.0,18170.0,18170.0,0.0,0.0,170.0
2017-09-06 23:35:00,18170.0,18170.0,18170.0,18170.0,0.0,0.0,170.0
2017-09-06 23:40:00,18170.0,18170.0,18170.0,18170.0,0.0,0.0,170.0
2017-09-06 23:45:00,18170.0,18170.0,18170.0,18170.0,0.0,0.0,170.0
2017-09-06 23:50:00,18170.0,18170.0,18170.0,18170.0,0.0,0.0,170.0
2017-09-06 23:55:00,18170.0,18170.0,18170.0,18170.0,0.0,0.0,170.0
2017-09-07 00:00:00,18170.0,18170.0,18170.0,18170.0,0.0,0.0,170.0
2017-09-07 00:05:00,18170.0,18170.0,18170.0,18170.0,0.0,0.0,170.0
2017-09-07 00:10:00,18170.0,18170.0,18170.0,18170.0,0.0,0.0,170.0
2017-09-07 00:15:00,18170.0,18170.0,18170.0,18170.0,0.0,0.0,170.0
2017-09-07 00:20:00,18170.0,18170.0,18170.0,18170.0,0.0,0.0,170.0
2017-09-07 00:25:00,18170.0,18170.0,18170.0,18170.0,0.0,0.0,170.0
2017-09-07 00:30:00,18170.0,18170.0,18170.0,18170.0,0.0,0.0,170.0
2017-09-07 00:35:00,18170.0,18170.0,18170.0,18170.0,0.0,0.0,170.0
2017-09-07 00:40:00,18170.0,18170.0,18170.0,18170.0,0.0,0.0,170.0
2017-09-07 00:45:00,18170.0,18170.0,18170.0,18170.0,0.0,0.0,170.0
2017-09-07 00:50:00,18170.0,18170.0,18170.0,18170.0,0.0,0.0,170.0
2017-09-07 00:55:00,18170.0,18170.0,18170.0,18170.0,0.0,0.0,170.0
2017-09-07 09:00:00,18170.0,18170.0,18170.0,18170.0,0.0,0.0,170.0
2017-09-07 09:05:00,18170.0,18170.0,18170.0,18170.0,0.0,0.0,170.0
2017-09-07 09:10:00,18170.0,18170.0,18170.0,18170.0,0.0,0.0,170.0
2017-09-07 09:15:00,18170.0,18170.0,18170.0,18170.0,0.0,0.0,170.0
2017-09-07 09:20:00,18170.0,18170.0,18170.0,18170.0,0.0,0.0,170.0
2017-09-07 09:25:00,18170.0,18170.0,18170.0,18170.0,0.0,0.0,170.0
2017-09-07 09:30:00,18170.0,18170.0,18170.0,18170.0,0.0,0.0,170.0
2017-09-07 09:35:00,18170.0,18170.0,18170.0,18170.0,0.0,0.0,170.0
2017-09-07 09:40:00,18170.0,18170.0,18170.0,18170.0,0.0,0.0,170.0
2017-09-07 09:45:00,18170.0,18170.0,18170.0,18170.0,0.0,0.0,170.0
2017-09-07 09:50:00,18170.0,18170.0,18170.0,18170.0,0.0,0.0,170.0
2017-09-07 09:55:00,18170.0,18170.0,18170.0,18170.0,0.0,0.0,170.0
2017-09-07 10:00:00,18170.0,18170.0,18170.0,18170.0,0.0,0.0,170.0
2017-09-07 10:05:00,18170.0,18170.0,18170.0,18170.0,0.0,0.0,170.0
2017-09-07 10:10:00,18170.0,18170.0,18170.0,18170.0,0.0,0.0,170.0
2017-09-07 10:30:00,18170.0,18170.0,18170.0,18170.0,0.0,0.0,170.0
2017-09-07 10:35:00,18170.0,18170.0,18170.0,18170.0,0.0,0.0,170.0
2017-09-07 10:40:00,18170.0,18215.0,18170.0,18215.0,8.0,728600.0,170.0
2017-09-07 10:45:00,18215.0,18215.0,18215.0,18215.0,0.0,0.0,170.0
2017-09-07 10:50:00,18215.0,18215.0,18215.0,18215.0,0.0,0.0,170.0
2017-09-07 10:55:00,18215.0,18215.0,18215.0,18215.0,0.0,0.0,170.0
2017-09-07 11:00:00,18215.0,18215.0,18215.0,18215.0,0.0,0.0,170.0
2017-09-07 11:05:00,18215.0,18215.0,18215.0,18215.0,0.0,0.0,170.0
2017-09-07 11:10:00,18215.0,18215.0,18215.0,18215.0,0.0,0.0,170.0
2017-09-07 11:15:00,18215.0,18215.0,18215.0,18215.0,0.0,0.0,170.0
2017-09-07 11:20:00,18215.0,18215.0,18215.0,18215.0,0.0,0.0,170.0
2017-09-07 11:25:00,18215.0,18215.0,18215.0,18215.0,0.0,0.0,170.0
2017-09-07 13:30:00,18215.0,18215.0,18215.0,18215.0,0.0,0.0,170.0
2017-09-07 13:35:00,18215.0,18215.0,18215.0,18215.0,0.0,0.0,170.0
2017-09-07 13:40:00,18215.0,18215.0,18170.0,18170.0,2.0,181700.0,172.0
2017-09-07 13:45:00,18170.0,18170.0,18170.0,18170.0,0.0,0.0,172.0
2017-09-07 13:50:00,18170.0,18170.0,18170.0,18170.0,0.0,0.0,172.0
2017-09-07 13:55:00,18170.0,18170.0,18170.0,18170.0,0.0,0.0,172.0
2017-09-07 14:00:00,18170.0,18170.0,18050.0,18050.0,2.0,180500.0,172.0
2017-09-07 14:05:00,18050.0,18050.0,18050.0,18050.0,0.0,0.0,172.0
2017-09-07 14:10:00,18050.0,18050.0,18050.0,18050.0,0.0,0.0,172.0
2017-09-07 14:15:00,18050.0,18050.0,18050.0,18050.0,0.0,0.0,172.0
2017-09-07 14:20:00,18050.0,18190.0,18050.0,18190.0,2.0,181900.0,172.0
2017-09-07 14:25:00,18190.0,18190.0,18190.0,18190.0,0.0,0.0,172.0
2017-09-07 14:30:00,18190.0,18190.0,18190.0,18190.0,0.0,0.0,172.0
2017-09-07 14:35:00,18190.0,18190.0,18190.0,18190.0,0.0,0.0,172.0
2017-09-07 14:40:00,18190.0,18190.0,18190.0,18190.0,0.0,0.0,172.0
2017-09-07 14:45:00,18190.0,18190.0,18190.0,18190.0,0.0,0.0,172.0
2017-09-07 14:50:00,18190.0,18190.0,18190.0,18190.0,0.0,0.0,172.0
2017-09-07 14:55:00,18190.0,18190.0,18190.0,18190.0,0.0,0.0,172.0
2017-09-07 21:00:00,18195.0,18195.0,18195.0,18195.0,0.0,0.0,172.0
2017-09-07 21:05:00,18195.0,18195.0,18195.0,18195.0,0.0,0.0,172.0
2017-09-07 21:10:00,18195.0,18195.0,18195.0,18195.0,0.0,0.0,172.0
2017-09-07 21:15:00,18195.0,18195.0,18195.0,18195.0,0.0,0.0,172.0
2017-09-07 21:20:00,18195.0,18195.0,18195.0,18195.0,0.0,0.0,172.0
2017-09-07 21:25:00,18195.0,18195.0,18195.0,18195.0,0.0,0.0,172.0
2017-09-07 21:30:00,18195.0,18195.0,18195.0,18195.0,0.0,0.0,172.0
2017-09-07 21:35:00,18195.0,18195.0,18195.0,18195.0,0.0,0.0,172.0
2017-09-07 21:40:00,18195.0,18195.0,18195.0,18195.0,0.0,0.0,172.0
2017-09-07 21:45:00,18195.0,18195.0,18195.0,18195.0,0.0,0.0,172.0
2017-09-07 21:50:00,18195.0,18195.0,18195.0,18195.0,0.0,0.0,172.0
2017-09-07 21:55:00,18195.0,18195.0,18195.0,18195.0,0.0,0.0,172.0
2017-09-07 22:00:00,18195.0,18195.0,18195.0,18195.0,0.0,0.0,172.0
2017-09-07 22:05:00,18195.0,18195.0,18195.0,18195.0,0.0,0.0,172.0
2017-09-07 22:10:00,18195.0,18195.0,18195.0,18195.0,0.0,0.0,172.0
2017-09-07 22:15:00,18195.0,18195.0,18170.0,18170.0,2.0,181700.0,170.0
2017-09-07 22:20:00,18170.0,18170.0,18170.0,18170.0,0.0,0.0,170.0
2017-09-07 22:25:00,18170.0,18170.0,18170.0,18170.0,0.0,0.0,170.0
2017-09-07 22:30:00,18170.0,18170.0,18170.0,18170.0,0.0,0.0,170.0
2017-09-07 22:35:00,18170.0,18170.0,18170.0,18170.0,0.0,0.0,170.0
2017-09-07 22:40:00,18170.0,18170.0,18170.0,18170.0,0.0,0.0,170.0
2017-09-07 22:45:00,18170.0,18170.0,18170.0,18170.0,0.0,0.0,170.0
2017-09-07 22:50:00,18170.0,18170.0,18170.0,18170.0,0.0,0.0,170.0
2017-09-07 22:55:00,18170.0,18170.0,18170.0,18170.0,0.0,0.0,170.0
2017-09-07 23:00:00,18170.0,18170.0,18170.0,18170.0,0.0,0.0,170.0
2017-09-07 23:05:00,18170.0,18170.0,18170.0,18170.0,0.0,0.0,170.0
2017-09-07 23:10:00,18170.0,18170.0,18170.0,18170.0,0.0,0.0,170.0
2017-09-07 23:15:00,18170.0,18170.0,18170.0,18170.0,0.0,0.0,170.0
2017-09-07 23:20:00,18170.0,18170.0,18170.0,18170.0,0.0,0.0,170.0
2017-09-07 23:25:00,18170.0,18170.0,18170.0,18170.0,0.0,0.0,170.0
2017-09-07 23:30:00,18170.0,18170.0,18170.0,18170.0,0.0,0.0,170.0
2017-09-07 23:35:00,18170.0,18170.0,18170.0,18170.0,0.0,0.0,170.0
2017-09-07 23:40:00,18170.0,18170.0,18170.0,18170.0,0.0,0.0,170.0
2017-09-07 23:45:00,18170.0,18170.0,18170.0,18170.0,0.0,0.0,170.0
2017-09-07 23:50:00,18170.0,18170.0,18170.0,18170.0,0.0,0.0,170.0
2017-09-07 23:55:00,18170.0,18170.0,18170.0,18170.0,0.0,0.0,170.0
2017-09-08 00:00:00,18170.0,18170.0,18170.0,18170.0,0.0,0.0,170.0
2017-09-08 00:05:00,18170.0,18170.0,18170.0,18170.0,0.0,0.0,170.0
2017-09-08 00:10:00,18170.0,18170.0,18170.0,18170.0,0.0,0.0,170.0
2017-09-08 00:15:00,18170.0,18170.0,18170.0,18170.0,0.0,0.0,170.0
2017-09-08 00:20:00,18170.0,18170.0,18170.0,18170.0,0.0,0.0,170.0
2017-09-08 00:25:00,18170.0,18170.0,18170.0,18170.0,0.0,0.0,170.0
2017-09-08 00:30:00,18170.0,18170.0,18170.0,18170.0,0.0,0.0,170.0
2017-09-08 00:35:00,18170.0,18170.0,18170.0,18170.0,0.0,0.0,170.0
2017-09-08 00:40:00,18170.0,18170.0,18170.0,18170.0,0.0,0.0,170.0
2017-09-08 00:45:00,18170.0,18170.0,18170.0,18170.0,0.0,0.0,170.0
2017-09-08 00:50:00,18170.0,18170.0,18170.0,18170.0,0.0,0.0,170.0
2017-09-08 00:55:00,18170.0,18170.0,18170.0,18170.0,0.0,0.0,170.0
2017-09-08 09:00:00,18170.0,18170.0,18170.0,18170.0,0.0,0.0,170.0
2017-09-08 09:05:00,18170.0,18170.0,18170.0,18170.0,0.0,0.0,170.0
2017-09-08 09:10:00,18170.0,18170.0,18170.0,18170.0,0.0,0.0,170.0
2017-09-08 09:15:00,18170.0,18170.0,18170.0,18170.0,0.0,0.0,170.0
2017-09-08 09:20:00,18170.0,18170.0,18170.0,18170.0,0.0,0.0,170.0
2017-09-08 09:25:00,18170.0,18170.0,18170.0,18170.0,0.0,0.0,170.0
2017-09-08 09:30:00,18170.0,18170.0,18170.0,18170.0,0.0,0.0,170.0
2017-09-08 09:35:00,18170.0,18170.0,18170.0,18170.0,0.0,0.0,170.0
2017-09-08 09:40:00,18170.0,18170.0,18170.0,18170.0,0.0,0.0,170.0
2017-09-08 09:45:00,18170.0,18170.0,18170.0,18170.0,0.0,0.0,170.0
2017-09-08 09:50:00,18170.0,18170.0,18170.0,18170.0,0.0,0.0,170.0
2017-09-08 09:55:00,18170.0,18170.0,18170.0,18170.0,0.0,0.0,170.0
2017-09-08 10:00:00,18170.0,18170.0,18170.0,18170.0,0.0,0.0,170.0
2017-09-08 10:05:00,18170.0,18170.0,18170.0,18170.0,0.0,0.0,170.0
2017-09-08 10:10:00,18170.0,18170.0,18170.0,18170.0,0.0,0.0,170.0
2017-09-08 10:30:00,18170.0,18170.0,18170.0,18170.0,0.0,0.0,170.0
2017-09-08 10:35:00,18170.0,18170.0,18170.0,18170.0,0.0,0.0,170.0
2017-09-08 10:40:00,18170.0,18170.0,18170.0,18170.0,0.0,0.0,170.0
2017-09-08 10:45:00,18170.0,18170.0,18170.0,18170.0,0.0,0.0,170.0
2017-09-08 10:50:00,18170.0,18170.0,18170.0,18170.0,0.0,0.0,170.0
2017-09-08 10:55:00,18170.0,18170.0,18170.0,18170.0,0.0,0.0,170.0
2017-09-08 11:00:00,18170.0,18170.0,18170.0,18170.0,0.0,0.0,170.0
2017-09-08 11:05:00,18170.0,18170.0,18170.0,18170.0,0.0,0.0,170.0
2017-09-08 11:10:00,18170.0,18170.0,18170.0,18170.0,0.0,0.0,170.0
2017-09-08 11:15:00,18170.0,18170.0,18170.0,18170.0,0.0,0.0,170.0
2017-09-08 11:20:00,18170.0,18170.0,18170.0,18170.0,0.0,0.0,170.0
2017-09-08 11:25:00,18170.0,18170.0,18170.0,18170.0,0.0,0.0,170.0
2017-09-08 13:30:00,18170.0,18170.0,18170.0,18170.0,0.0,0.0,170.0
2017-09-08 13:35:00,18170.0,18170.0,18170.0,18170.0,0.0,0.0,170.0
2017-09-08 13:40:00,18170.0,18170.0,18170.0,18170.0,0.0,0.0,170.0
2017-09-08 13:45:00,18170.0,18170.0,18170.0,18170.0,0.0,0.0,170.0
2017-09-08 13:50:00,18170.0,18170.0,18170.0,18170.0,0.0,0.0,170.0
2017-09-08 13:55:00,18000.0,18000.0,18000.0,18000.0,2.0,180000.0,170.0
2017-09-08 14:00:00,18000.0,18000.0,18000.0,18000.0,0.0,0.0,170.0
2017-09-08 14:05:00,18000.0,18000.0,18000.0,18000.0,0.0,0.0,170.0
2017-09-08 14:10:00,18000.0,18000.0,18000.0,18000.0,0.0,0.0,170.0
2017-09-08 14:15:00,17850.0,17975.0,17850.0,17975.0,6.0,538000.0,166.0
2017-09-08 14:20:00,17975.0,17975.0,17975.0,17975.0,0.0,0.0,166.0
2017-09-08 14:25:00,17975.0,17975.0,17975.0,17975.0,0.0,0.0,166.0
2017-09-08 14:30:00,17975.0,17975.0,17975.0,17975.0,0.0,0.0,166.0
2017-09-08 14:35:00,17975.0,17975.0,17975.0,17975.0,0.0,0.0,166.0
2017-09-08 14:40:00,17975.0,17975.0,17975.0,17975.0,0.0,0.0,166.0
2017-09-08 14:45:00,17975.0,17975.0,17975.0,17975.0,0.0,0.0,166.0
2017-09-08 14:50:00,17975.0,17975.0,17975.0,17975.0,0.0,0.0,166.0
2017-09-08 14:55:00,17975.0,17975.0,17975.0,17975.0,0.0,0.0,166.0
2017-09-08 21:00:00,17990.0,17990.0,17990.0,17990.0,0.0,0.0,166.0
2017-09-08 21:05:00,17990.0,17990.0,17990.0,17990.0,0.0,0.0,166.0
2017-09-08 21:10:00,17990.0,17990.0,17990.0,17990.0,0.0,0.0,166.0
2017-09-08 21:15:00,17990.0,17990.0,17990.0,17990.0,0.0,0.0,166.0
2017-09-08 21:20:00,17990.0,17990.0,17990.0,17990.0,0.0,0.0,166.0
2017-09-08 21:25:00,17990.0,17990.0,17990.0,17990.0,0.0,0.0,166.0
2017-09-08 21:30:00,17990.0,17990.0,17990.0,17990.0,0.0,0.0,166.0
2017-09-08 21:35:00,17990.0,17990.0,17990.0,17990.0,0.0,0.0,166.0
2017-09-08 21:40:00,17990.0,17990.0,17990.0,17990.0,0.0,0.0,166.0
2017-09-08 21:45:00,17990.0,17990.0,17990.0,17990.0,0.0,0.0,166.0
2017-09-08 21:50:00,17990.0,17990.0,17990.0,17990.0,0.0,0.0,166.0
2017-09-08 21:55:00,17990.0,17990.0,17990.0,17990.0,0.0,0.0,166.0
2017-09-08 22:00:00,17990.0,17990.0,17990.0,17990.0,0.0,0.0,166.0
2017-09-08 22:05:00,17990.0,17990.0,17990.0,17990.0,0.0,0.0,166.0
2017-09-08 22:10:00,17990.0,17990.0,17990.0,17990.0,0.0,0.0,166.0
2017-09-08 22:15:00,17990.0,17990.0,17990.0,17990.0,0.0,0.0,166.0
2017-09-08 22:20:00,17990.0,17990.0,17990.0,17990.0,0.0,0.0,166.0
2017-09-08 22:25:00,17990.0,17990.0,17990.0,17990.0,0.0,0.0,166.0
2017-09-08 22:30:00,17990.0,17990.0,17990.0,17990.0,0.0,0.0,166.0
2017-09-08 22:35:00,17990.0,17990.0,17990.0,17990.0,0.0,0.0,166.0
2017-09-08 22:40:00,17990.0,17990.0,17990.0,17990.0,0.0,0.0,166.0
2017-09-08 22:45:00,17990.0,17990.0,17990.0,17990.0,0.0,0.0,166.0
2017-09-08 22:50:00,17990.0,17990.0,17990.0,17990.0,0.0,0.0,166.0
2017-09-08 22:55:00,17990.0,17990.0,17990.0,17990.0,0.0,0.0,166.0
2017-09-08 23:00:00,17990.0,17990.0,17990.0,17990.0,0.0,0.0,166.0
2017-09-08 23:05:00,17990.0,17990.0,17990.0,17990.0,0.0,0.0,166.0
2017-09-08 23:10:00,17990.0,17990.0,17990.0,17990.0,0.0,0.0,166.0
2017-09-08 23:15:00,17990.0,17990.0,17990.0,17990.0,0.0,0.0,166.0
2017-09-08 23:20:00,17990.0,17990.0,17990.0,17990.0,0.0,0.0,166.0
2017-09-08 23:25:00,17990.0,17990.0,17990.0,17990.0,0.0,0.0,166.0
2017-09-08 23:30:00,17990.0,17990.0,17990.0,17990.0,0.0,0.0,166.0
2017-09-08 23:35:00,17990.0,17990.0,17990.0,17990.0,0.0,0.0,166.0
2017-09-08 23:40:00,17990.0,17990.0,17990.0,17990.0,0.0,0.0,166.0
2017-09-08 23:45:00,17990.0,17990.0,17990.0,17990.0,0.0,0.0,166.0
2017-09-08 23:50:00,17990.0,17990.0,17990.0,17990.0,0.0,0.0,166.0
2017-09-08 23:55:00,17990.0,17990.0,17990.0,17990.0,0.0,0.0,166.0
2017-09-09 00:00:00,17990.0,17990.0,17990.0,17990.0,0.0,0.0,166.0
2017-09-09 00:05:00,17990.0,17990.0,17990.0,17990.0,0.0,0.0,166.0
2017-09-09 00:10:00,17990.0,17990.0,17990.0,17990.0,0.0,0.0,166.0
2017-09-09 00:15:00,17990.0,17990.0,17990.0,17990.0,0.0,0.0,166.0
2017-09-09 00:20:00,17990.0,17990.0,17990.0,17990.0,0.0,0.0,166.0
2017-09-09 00:25:00,17990.0,17990.0,17990.0,17990.0,0.0,0.0,166.0
2017-09-09 00:30:00,17990.0,17990.0,17990.0,17990.0,0.0,0.0,166.0
2017-09-09 00:35:00,17990.0,17990.0,17990.0,17990.0,0.0,0.0,166.0
2017-09-09 00:40:00,17990.0,17990.0,17990.0,17990.0,0.0,0.0,166.0
2017-09-09 00:45:00,17990.0,17990.0,17990.0,17990.0,0.0,0.0,166.0
2017-09-09 00:50:00,17990.0,17990.0,17990.0,17990.0,0.0,0.0,166.0
2017-09-09 00:55:00,17990.0,17990.0,17990.0,17990.0,0.0,0.0,166.0
2017-09-11 09:00:00,17990.0,17990.0,17990.0,17990.0,0.0,0.0,166.0
2017-09-11 09:05:00,17990.0,17990.0,17290.0,17335.0,10.0,877100.0,166.0
2017-09-11 09:10:00,17685.0,17685.0,17660.0,17665.0,6.0,530100.0,168.0
2017-09-11 09:15:00,17665.0,17665.0,17410.0,17410.0,2.0,174100.0,168.0
2017-09-11 09:20:00,17410.0,17655.0,17410.0,17655.0,2.0,176550.0,168.0
2017-09-11 09:25:00,17655.0,17655.0,17655.0,17655.0,0.0,0.0,168.0
2017-09-11 09:30:00,17655.0,17655.0,17655.0,17655.0,0.0,0.0,168.0
2017-09-11 09:35:00,17655.0,17655.0,17655.0,17655.0,0.0,0.0,168.0
2017-09-11 09:40:00,17655.0,17655.0,17655.0,17655.0,0.0,0.0,168.0
2017-09-11 09:45:00,17655.0,17655.0,17655.0,17655.0,2.0,176550.0,170.0
2017-09-11 09:50:00,17655.0,17660.0,17655.0,17660.0,2.0,176600.0,170.0
2017-09-11 09:55:00,17660.0,17660.0,17660.0,17660.0,0.0,0.0,170.0
2017-09-11 10:00:00,17660.0,17660.0,17660.0,17660.0,0.0,0.0,170.0
2017-09-11 10:05:00,17660.0,17660.0,17660.0,17660.0,0.0,0.0,170.0
2017-09-11 10:10:00,17660.0,17660.0,17660.0,17660.0,0.0,0.0,170.0
2017-09-11 10:30:00,17660.0,17660.0,17660.0,17660.0,0.0,0.0,170.0
2017-09-11 10:35:00,17660.0,17660.0,17660.0,17660.0,0.0,0.0,170.0
2017-09-11 10:40:00,17660.0,17660.0,17550.0,17550.0,2.0,175500.0,172.0
2017-09-11 10:45:00,17550.0,17550.0,17550.0,17550.0,0.0,0.0,172.0
2017-09-11 10:50:00,17550.0,17550.0,17550.0,17550.0,0.0,0.0,172.0
2017-09-11 10:55:00,17550.0,17550.0,17550.0,17550.0,0.0,0.0,172.0
2017-09-11 11:00:00,17550.0,17550.0,17550.0,17550.0,0.0,0.0,172.0
2017-09-11 11:05:00,17550.0,17550.0,17550.0,17550.0,0.0,0.0,172.0
2017-09-11 11:10:00,17550.0,17550.0,17550.0,17550.0,0.0,0.0,172.0
2017-09-11 11:15:00,17550.0,17550.0,17550.0,17550.0,0.0,0.0,172.0
2017-09-11 11:20:00,17550.0,17550.0,17550.0,17550.0,0.0,0.0,172.0
2017-09-11 11:25:00,17550.0,17550.0,17550.0,17550.0,0.0,0.0,172.0
2017-09-11 13:30:00,17550.0,17550.0,17550.0,17550.0,0.0,0.0,172.0
2017-09-11 13:35:00,17550.0,17550.0,17550.0,17550.0,0.0,0.0,172.0
2017-09-11 13:40:00,17550.0,17550.0,17550.0,17550.0,0.0,0.0,172.0
2017-09-11 13:45:00,17550.0,17550.0,17550.0,17550.0,0.0,0.0,172.0
2017-09-11 13:50:00,17550.0,17550.0,17550.0,17550.0,0.0,0.0,172.0
2017-09-11 13:55:00,17550.0,17550.0,17550.0,17550.0,0.0,0.0,172.0
2017-09-11 14:00:00,17550.0,17550.0,17550.0,17550.0,0.0,0.0,172.0
2017-09-11 14:05:00,17550.0,17550.0,17550.0,17550.0,0.0,0.0,172.0
2017-09-11 14:10:00,17550.0,17550.0,17550.0,17550.0,0.0,0.0,172.0
2017-09-11 14:15:00,17550.0,17550.0,17550.0,17550.0,0.0,0.0,172.0
2017-09-11 14:20:00,17550.0,17550.0,17550.0,17550.0,0.0,0.0,172.0
2017-09-11 14:25:00,17550.0,17550.0,17550.0,17550.0,0.0,0.0,172.0
2017-09-11 14:30:00,17550.0,17550.0,17550.0,17550.0,0.0,0.0,172.0
2017-09-11 14:35:00,17550.0,17550.0,17550.0,17550.0,0.0,0.0,172.0
2017-09-11 14:40:00,17550.0,17550.0,17550.0,17550.0,0.0,0.0,172.0
2017-09-11 14:45:00,17550.0,17550.0,17550.0,17550.0,0.0,0.0,172.0
2017-09-11 14:50:00,17550.0,17550.0,17550.0,17550.0,0.0,0.0,172.0
2017-09-11 14:55:00,17550.0,17550.0,17540.0,17540.0,4.0,350800.0,176.0
2017-09-11 21:00:00,17580.0,17640.0,17580.0,17640.0,4.0,352800.0,172.0
2017-09-11 21:05:00,17640.0,17640.0,17640.0,17640.0,0.0,0.0,172.0
2017-09-11 21:10:00,17640.0,17640.0,17640.0,17640.0,0.0,0.0,172.0
2017-09-11 21:15:00,17640.0,17640.0,17595.0,17595.0,2.0,175950.0,174.0
2017-09-11 21:20:00,17595.0,17595.0,17595.0,17595.0,0.0,0.0,174.0
2017-09-11 21:25:00,17595.0,17595.0,17595.0,17595.0,0.0,0.0,174.0
2017-09-11 21:30:00,17595.0,17595.0,17595.0,17595.0,0.0,0.0,174.0
2017-09-11 21:35:00,17595.0,17595.0,17595.0,17595.0,0.0,0.0,174.0
2017-09-11 21:40:00,17595.0,17595.0,17595.0,17595.0,0.0,0.0,174.0
2017-09-11 21:45:00,17595.0,17595.0,17595.0,17595.0,0.0,0.0,174.0
2017-09-11 21:50:00,17595.0,17595.0,17595.0,17595.0,0.0,0.0,174.0
2017-09-11 21:55:00,17595.0,17595.0,17595.0,17595.0,0.0,0.0,174.0
2017-09-11 22:00:00,17595.0,17595.0,17595.0,17595.0,2.0,175950.0,176.0
2017-09-11 22:05:00,17595.0,17595.0,17595.0,17595.0,0.0,0.0,176.0
2017-09-11 22:10:00,17595.0,17595.0,17595.0,17595.0,0.0,0.0,176.0
2017-09-11 22:15:00,17595.0,17595.0,17595.0,17595.0,0.0,0.0,176.0
2017-09-11 22:20:00,17595.0,17595.0,17595.0,17595.0,0.0,0.0,176.0
2017-09-11 22:25:00,17595.0,17595.0,17595.0,17595.0,0.0,0.0,176.0
2017-09-11 22:30:00,17595.0,17595.0,17595.0,17595.0,0.0,0.0,176.0
2017-09-11 22:35:00,17595.0,17595.0,17595.0,17595.0,0.0,0.0,176.0
2017-09-11 22:40:00,17595.0,17595.0,17595.0,17595.0,0.0,0.0,176.0
2017-09-11 22:45:00,17595.0,17595.0,17595.0,17595.0,0.0,0.0,176.0
2017-09-11 22:50:00,17595.0,17595.0,17595.0,17595.0,0.0,0.0,176.0
2017-09-11 22:55:00,17595.0,17595.0,17595.0,17595.0,0.0,0.0,176.0
2017-09-11 23:00:00,17595.0,17595.0,17595.0,17595.0,0.0,0.0,176.0
2017-09-11 23:05:00,17595.0,17595.0,17595.0,17595.0,0.0,0.0,176.0
2017-09-11 23:10:00,17595.0,17595.0,17595.0,17595.0,0.0,0.0,176.0
2017-09-11 23:15:00,17595.0,17595.0,17595.0,17595.0,0.0,0.0,176.0
2017-09-11 23:20:00,17760.0,17760.0,17760.0,17760.0,2.0,177600.0,176.0
2017-09-11 23:25:00,17760.0,17760.0,17760.0,17760.0,0.0,0.0,176.0
2017-09-11 23:30:00,17760.0,17760.0,17760.0,17760.0,0.0,0.0,176.0
2017-09-11 23:35:00,17760.0,17760.0,17760.0,17760.0,0.0,0.0,176.0
2017-09-11 23:40:00,17760.0,17760.0,17760.0,17760.0,0.0,0.0,176.0
2017-09-11 23:45:00,17760.0,17760.0,17760.0,17760.0,0.0,0.0,176.0
2017-09-11 23:50:00,17760.0,17760.0,17760.0,17760.0,0.0,0.0,176.0
2017-09-11 23:55:00,17760.0,17760.0,17760.0,17760.0,0.0,0.0,176.0
2017-09-12 00:00:00,17760.0,17760.0,17760.0,17760.0,0.0,0.0,176.0
2017-09-12 00:05:00,17760.0,17760.0,17760.0,17760.0,0.0,0.0,176.0
2017-09-12 00:10:00,17760.0,17760.0,17760.0,17760.0,0.0,0.0,176.0
2017-09-12 00:15:00,17760.0,17760.0,17760.0,17760.0,0.0,0.0,176.0
2017-09-12 00:20:00,17760.0,17760.0,17760.0,17760.0,0.0,0.0,176.0
2017-09-12 00:25:00,17760.0,17760.0,17760.0,17760.0,0.0,0.0,176.0
2017-09-12 00:30:00,17760.0,17760.0,17760.0,17760.0,0.0,0.0,176.0
2017-09-12 00:35:00,17760.0,17760.0,17760.0,17760.0,0.0,0.0,176.0
2017-09-12 00:40:00,17760.0,17760.0,17760.0,17760.0,0.0,0.0,176.0
2017-09-12 00:45:00,17760.0,17760.0,17760.0,17760.0,0.0,0.0,176.0
2017-09-12 00:50:00,17760.0,17760.0,17760.0,17760.0,0.0,0.0,176.0
2017-09-12 00:55:00,17760.0,17760.0,17760.0,17760.0,0.0,0.0,176.0
2017-09-12 09:00:00,17760.0,17760.0,17760.0,17760.0,0.0,0.0,176.0
2017-09-12 09:05:00,17760.0,17760.0,17760.0,17760.0,0.0,0.0,176.0
2017-09-12 09:10:00,17760.0,17760.0,17760.0,17760.0,0.0,0.0,176.0
2017-09-12 09:15:00,17760.0,17760.0,17760.0,17760.0,0.0,0.0,176.0
2017-09-12 09:20:00,17760.0,17760.0,17760.0,17760.0,0.0,0.0,176.0
2017-09-12 09:25:00,17760.0,17760.0,17760.0,17760.0,0.0,0.0,176.0
2017-09-12 09:30:00,17760.0,17760.0,17760.0,17760.0,0.0,0.0,176.0
2017-09-12 09:35:00,17760.0,17760.0,17760.0,17760.0,0.0,0.0,176.0
2017-09-12 09:40:00,17760.0,17760.0,17760.0,17760.0,0.0,0.0,176.0
2017-09-12 09:45:00,17760.0,17760.0,17760.0,17760.0,0.0,0.0,176.0
2017-09-12 09:50:00,17760.0,17760.0,17760.0,17760.0,0.0,0.0,176.0
2017-09-12 09:55:00,17760.0,17760.0,17760.0,17760.0,0.0,0.0,176.0
2017-09-12 10:00:00,17760.0,17760.0,17760.0,17760.0,0.0,0.0,176.0
2017-09-12 10:05:00,17760.0,17760.0,17760.0,17760.0,0.0,0.0,176.0
2017-09-12 10:10:00,17760.0,17760.0,17760.0,17760.0,0.0,0.0,176.0
2017-09-12 10:30:00,17760.0,17760.0,17760.0,17760.0,0.0,0.0,176.0
2017-09-12 10:35:00,17760.0,17760.0,17760.0,17760.0,0.0,0.0,176.0
2017-09-12 10:40:00,17760.0,17760.0,17760.0,17760.0,0.0,0.0,176.0
2017-09-12 10:45:00,17760.0,17760.0,17760.0,17760.0,0.0,0.0,176.0
2017-09-12 10:50:00,17760.0,17760.0,17760.0,17760.0,0.0,0.0,176.0
2017-09-12 10:55:00,17695.0,17695.0,17695.0,17695.0,4.0,353900.0,180.0
2017-09-12 11:00:00,17695.0,17695.0,17695.0,17695.0,0.0,0.0,180.0
2017-09-12 11:05:00,17695.0,17695.0,17695.0,17695.0,0.0,0.0,180.0
2017-09-12 11:10:00,17695.0,17695.0,17695.0,17695.0,0.0,0.0,180.0
2017-09-12 11:15:00,17695.0,17695.0,17695.0,17695.0,0.0,0.0,180.0
2017-09-12 11:20:00,17695.0,17695.0,17695.0,17695.0,0.0,0.0,180.0
2017-09-12 11:25:00,17695.0,17695.0,17695.0,17695.0,0.0,0.0,180.0
2017-09-12 13:30:00,17695.0,17695.0,17695.0,17695.0,0.0,0.0,180.0
2017-09-12 13:35:00,17695.0,17695.0,17695.0,17695.0,0.0,0.0,180.0
2017-09-12 13:40:00,17695.0,17695.0,17695.0,17695.0,0.0,0.0,180.0
2017-09-12 13:45:00,17695.0,17695.0,17695.0,17695.0,0.0,0.0,180.0
2017-09-12 13:50:00,17695.0,17695.0,17695.0,17695.0,0.0,0.0,180.0
2017-09-12 13:55:00,17695.0,17695.0,17695.0,17695.0,0.0,0.0,180.0
2017-09-12 14:00:00,17695.0,17695.0,17695.0,17695.0,0.0,0.0,180.0
2017-09-12 14:05:00,17695.0,17695.0,17695.0,17695.0,0.0,0.0,180.0
2017-09-12 14:10:00,17695.0,17695.0,17695.0,17695.0,0.0,0.0,180.0
2017-09-12 14:15:00,17695.0,17915.0,17695.0,17915.0,2.0,179150.0,180.0
2017-09-12 14:20:00,17915.0,17915.0,17915.0,17915.0,0.0,0.0,180.0
2017-09-12 14:25:00,17915.0,17915.0,17905.0,17905.0,6.0,537150.0,186.0
2017-09-12 14:30:00,17905.0,17905.0,17905.0,17905.0,0.0,0.0,186.0
2017-09-12 14:35:00,17905.0,17905.0,17905.0,17905.0,0.0,0.0,186.0
2017-09-12 14:40:00,17905.0,17905.0,17905.0,17905.0,0.0,0.0,186.0
2017-09-12 14:45:00,17905.0,17905.0,17905.0,17905.0,0.0,0.0,186.0
2017-09-12 14:50:00,17905.0,17905.0,17805.0,17805.0,2.0,178050.0,188.0
2017-09-12 14:55:00,17805.0,17805.0,17805.0,17805.0,0.0,0.0,188.0
2017-09-12 21:00:00,17750.0,17750.0,17750.0,17750.0,0.0,0.0,188.0
2017-09-12 21:05:00,17750.0,17750.0,17750.0,17750.0,0.0,0.0,188.0
2017-09-12 21:10:00,17750.0,17750.0,17750.0,17750.0,0.0,0.0,188.0
2017-09-12 21:15:00,17750.0,17750.0,17750.0,17750.0,0.0,0.0,188.0
2017-09-12 21:20:00,17750.0,17750.0,17750.0,17750.0,0.0,0.0,188.0
2017-09-12 21:25:00,17750.0,17750.0,17750.0,17750.0,0.0,0.0,188.0
2017-09-12 21:30:00,17750.0,17750.0,17750.0,17750.0,0.0,0.0,188.0
2017-09-12 21:35:00,17750.0,17750.0,17750.0,17750.0,0.0,0.0,188.0
2017-09-12 21:40:00,17750.0,17750.0,17750.0,17750.0,0.0,0.0,188.0
2017-09-12 21:45:00,17750.0,17750.0,17750.0,17750.0,0.0,0.0,188.0
2017-09-12 21:50:00,17750.0,17750.0,17750.0,17750.0,0.0,0.0,188.0
2017-09-12 21:55:00,17750.0,17750.0,17750.0,17750.0,0.0,0.0,188.0
2017-09-12 22:00:00,17750.0,17750.0,17750.0,17750.0,0.0,0.0,188.0
2017-09-12 22:05:00,17750.0,17750.0,17750.0,17750.0,0.0,0.0,188.0
2017-09-12 22:10:00,17750.0,17750.0,17750.0,17750.0,0.0,0.0,188.0
2017-09-12 22:15:00,17750.0,17750.0,17750.0,17750.0,0.0,0.0,188.0
2017-09-12 22:20:00,17750.0,17750.0,17750.0,17750.0,0.0,0.0,188.0
2017-09-12 22:25:00,17750.0,17750.0,17750.0,17750.0,0.0,0.0,188.0
2017-09-12 22:30:00,17750.0,17750.0,17750.0,17750.0,0.0,0.0,188.0
2017-09-12 22:35:00,17750.0,17750.0,17750.0,17750.0,0.0,0.0,188.0
2017-09-12 22:40:00,17750.0,17750.0,17750.0,17750.0,0.0,0.0,188.0
2017-09-12 22:45:00,17750.0,17750.0,17750.0,17750.0,0.0,0.0,188.0
2017-09-12 22:50:00,17750.0,17750.0,17750.0,17750.0,0.0,0.0,188.0
2017-09-12 22:55:00,17750.0,17750.0,17750.0,17750.0,0.0,0.0,188.0
2017-09-12 23:00:00,17750.0,17750.0,17750.0,17750.0,0.0,0.0,188.0
2017-09-12 23:05:00,17750.0,17750.0,17750.0,17750.0,0.0,0.0,188.0
2017-09-12 23:10:00,17750.0,17750.0,17750.0,17750.0,0.0,0.0,188.0
2017-09-12 23:15:00,17750.0,17750.0,17750.0,17750.0,0.0,0.0,188.0
2017-09-12 23:20:00,17750.0,17750.0,17750.0,17750.0,0.0,0.0,188.0
2017-09-12 23:25:00,17750.0,17750.0,17750.0,17750.0,0.0,0.0,188.0
2017-09-12 23:30:00,17750.0,17750.0,17750.0,17750.0,0.0,0.0,188.0
2017-09-12 23:35:00,17750.0,17750.0,17750.0,17750.0,0.0,0.0,188.0
2017-09-12 23:40:00,17750.0,17750.0,17750.0,17750.0,0.0,0.0,188.0
2017-09-12 23:45:00,17750.0,17750.0,17750.0,17750.0,0.0,0.0,188.0
2017-09-12 23:50:00,17750.0,17750.0,17750.0,17750.0,0.0,0.0,188.0
2017-09-12 23:55:00,17750.0,17750.0,17750.0,17750.0,0.0,0.0,188.0
2017-09-13 00:00:00,17750.0,17750.0,17750.0,17750.0,0.0,0.0,188.0
2017-09-13 00:05:00,17750.0,17750.0,17750.0,17750.0,0.0,0.0,188.0
2017-09-13 00:10:00,17750.0,17750.0,17750.0,17750.0,0.0,0.0,188.0
2017-09-13 00:15:00,17750.0,17750.0,17750.0,17750.0,0.0,0.0,188.0
2017-09-13 00:20:00,17750.0,17750.0,17750.0,17750.0,0.0,0.0,188.0
2017-09-13 00:25:00,17750.0,17750.0,17750.0,17750.0,0.0,0.0,188.0
2017-09-13 00:30:00,17750.0,17750.0,17750.0,17750.0,0.0,0.0,188.0
2017-09-13 00:35:00,17750.0,17750.0,17750.0,17750.0,0.0,0.0,188.0
2017-09-13 00:40:00,17750.0,17750.0,17750.0,17750.0,0.0,0.0,188.0
2017-09-13 00:45:00,17750.0,17750.0,17750.0,17750.0,0.0,0.0,188.0
2017-09-13 00:50:00,17750.0,17750.0,17750.0,17750.0,0.0,0.0,188.0
2017-09-13 00:55:00,17750.0,17750.0,17750.0,17750.0,0.0,0.0,188.0
2017-09-13 09:00:00,17750.0,17750.0,17750.0,17750.0,0.0,0.0,188.0
2017-09-13 09:05:00,17750.0,17750.0,17750.0,17750.0,0.0,0.0,188.0
2017-09-13 09:10:00,17750.0,17750.0,17750.0,17750.0,0.0,0.0,188.0
2017-09-13 09:15:00,17750.0,17750.0,17750.0,17750.0,0.0,0.0,188.0
2017-09-13 09:20:00,17750.0,17750.0,17750.0,17750.0,0.0,0.0,188.0
2017-09-13 09:25:00,17750.0,17750.0,17750.0,17750.0,0.0,0.0,188.0
2017-09-13 09:30:00,17750.0,17750.0,17750.0,17750.0,0.0,0.0,188.0
2017-09-13 09:35:00,17750.0,17750.0,17750.0,17750.0,0.0,0.0,188.0
2017-09-13 09:40:00,17750.0,17750.0,17750.0,17750.0,0.0,0.0,188.0
2017-09-13 09:45:00,17750.0,17750.0,17750.0,17750.0,0.0,0.0,188.0
2017-09-13 09:50:00,17750.0,17750.0,17750.0,17750.0,0.0,0.0,188.0
2017-09-13 09:55:00,17750.0,17750.0,17750.0,17750.0,0.0,0.0,188.0
2017-09-13 10:00:00,17750.0,17750.0,17750.0,17750.0,0.0,0.0,188.0
2017-09-13 10:05:00,17750.0,17750.0,17750.0,17750.0,0.0,0.0,188.0
2017-09-13 10:10:00,17750.0,17750.0,17750.0,17750.0,0.0,0.0,188.0
2017-09-13 10:30:00,17750.0,17750.0,17750.0,17750.0,0.0,0.0,188.0
2017-09-13 10:35:00,17750.0,17750.0,17750.0,17750.0,0.0,0.0,188.0
2017-09-13 10:40:00,17750.0,17750.0,17750.0,17750.0,0.0,0.0,188.0
2017-09-13 10:45:00,17750.0,17750.0,17750.0,17750.0,0.0,0.0,188.0
2017-09-13 10:50:00,17750.0,17750.0,17750.0,17750.0,0.0,0.0,188.0
2017-09-13 10:55:00,17750.0,17750.0,17750.0,17750.0,0.0,0.0,188.0
2017-09-13 11:00:00,17750.0,17750.0,17750.0,17750.0,0.0,0.0,188.0
2017-09-13 11:05:00,17750.0,17750.0,17750.0,17750.0,0.0,0.0,188.0
2017-09-13 11:10:00,17750.0,17750.0,17750.0,17750.0,0.0,0.0,188.0
2017-09-13 11:15:00,17750.0,17750.0,17750.0,17750.0,0.0,0.0,188.0
2017-09-13 11:20:00,17750.0,17750.0,17750.0,17750.0,0.0,0.0,188.0
2017-09-13 11:25:00,17750.0,17750.0,17750.0,17750.0,0.0,0.0,188.0
2017-09-13 13:30:00,17750.0,17750.0,17750.0,17750.0,0.0,0.0,188.0
2017-09-13 13:35:00,17750.0,17750.0,17750.0,17750.0,0.0,0.0,188.0
2017-09-13 13:40:00,17750.0,17750.0,17750.0,17750.0,0.0,0.0,188.0
2017-09-13 13:45:00,17750.0,17750.0,17750.0,17750.0,0.0,0.0,188.0
2017-09-13 13:50:00,17750.0,17750.0,17700.0,17700.0,2.0,177000.0,190.0
2017-09-13 13:55:00,17700.0,17700.0,17700.0,17700.0,0.0,0.0,190.0
2017-09-13 14:00:00,17700.0,17700.0,17700.0,17700.0,0.0,0.0,190.0
2017-09-13 14:05:00,17700.0,17700.0,17700.0,17700.0,0.0,0.0,190.0
2017-09-13 14:10:00,17700.0,17700.0,17700.0,17700.0,0.0,0.0,190.0
2017-09-13 14:15:00,17700.0,17700.0,17700.0,17700.0,0.0,0.0,190.0
2017-09-13 14:20:00,17700.0,17700.0,17700.0,17700.0,0.0,0.0,190.0
2017-09-13 14:25:00,17700.0,17700.0,17700.0,17700.0,0.0,0.0,190.0
2017-09-13 14:30:00,17700.0,17700.0,17700.0,17700.0,0.0,0.0,190.0
2017-09-13 14:35:00,17700.0,17700.0,17700.0,17700.0,0.0,0.0,190.0
2017-09-13 14:40:00,17700.0,17700.0,17700.0,17700.0,0.0,0.0,190.0
2017-09-13 14:45:00,17700.0,17700.0,17700.0,17700.0,0.0,0.0,190.0
2017-09-13 14:50:00,17700.0,17700.0,17575.0,17575.0,4.0,351500.0,190.0
2017-09-13 14:55:00,17575.0,17575.0,17575.0,17575.0,0.0,0.0,190.0
2017-09-13 21:00:00,17800.0,17800.0,17800.0,17800.0,2.0,178000.0,190.0
2017-09-13 21:05:00,17800.0,17800.0,17800.0,17800.0,0.0,0.0,190.0
2017-09-13 21:10:00,17800.0,17800.0,17800.0,17800.0,0.0,0.0,190.0
2017-09-13 21:15:00,17800.0,17800.0,17800.0,17800.0,0.0,0.0,190.0
2017-09-13 21:20:00,17800.0,17800.0,17800.0,17800.0,0.0,0.0,190.0
2017-09-13 21:25:00,17800.0,17800.0,17800.0,17800.0,0.0,0.0,190.0
2017-09-13 21:30:00,17800.0,17800.0,17800.0,17800.0,0.0,0.0,190.0
2017-09-13 21:35:00,17800.0,17800.0,17800.0,17800.0,0.0,0.0,190.0
2017-09-13 21:40:00,17800.0,17800.0,17800.0,17800.0,0.0,0.0,190.0
2017-09-13 21:45:00,17800.0,17800.0,17800.0,17800.0,0.0,0.0,190.0
2017-09-13 21:50:00,17800.0,17800.0,17800.0,17800.0,0.0,0.0,190.0
2017-09-13 21:55:00,17800.0,17800.0,17800.0,17800.0,0.0,0.0,190.0
2017-09-13 22:00:00,17800.0,17800.0,17800.0,17800.0,0.0,0.0,190.0
2017-09-13 22:05:00,17800.0,17800.0,17800.0,17800.0,0.0,0.0,190.0
2017-09-13 22:10:00,17800.0,17800.0,17800.0,17800.0,0.0,0.0,190.0
2017-09-13 22:15:00,17800.0,17800.0,17800.0,17800.0,0.0,0.0,190.0
2017-09-13 22:20:00,17800.0,17800.0,17800.0,17800.0,0.0,0.0,190.0
2017-09-13 22:25:00,17800.0,17800.0,17800.0,17800.0,0.0,0.0,190.0
2017-09-13 22:30:00,17800.0,17800.0,17800.0,17800.0,0.0,0.0,190.0
2017-09-13 22:35:00,17800.0,17800.0,17800.0,17800.0,0.0,0.0,190.0
2017-09-13 22:40:00,17800.0,17800.0,17800.0,17800.0,0.0,0.0,190.0
2017-09-13 22:45:00,17800.0,17800.0,17800.0,17800.0,0.0,0.0,190.0
2017-09-13 22:50:00,17800.0,17800.0,17800.0,17800.0,0.0,0.0,190.0
2017-09-13 22:55:00,17800.0,17800.0,17800.0,17800.0,0.0,0.0,190.0
2017-09-13 23:00:00,17800.0,17800.0,17800.0,17800.0,0.0,0.0,190.0
2017-09-13 23:05:00,17800.0,17800.0,17800.0,17800.0,0.0,0.0,190.0
2017-09-13 23:10:00,17800.0,17800.0,17800.0,17800.0,0.0,0.0,190.0
2017-09-13 23:15:00,17800.0,17800.0,17800.0,17800.0,0.0,0.0,190.0
2017-09-13 23:20:00,17800.0,17800.0,17800.0,17800.0,0.0,0.0,190.0
2017-09-13 23:25:00,17800.0,17800.0,17800.0,17800.0,0.0,0.0,190.0
2017-09-13 23:30:00,17800.0,17800.0,17800.0,17800.0,0.0,0.0,190.0
2017-09-13 23:35:00,17800.0,17800.0,17800.0,17800.0,0.0,0.0,190.0
2017-09-13 23:40:00,17800.0,17800.0,17800.0,17800.0,0.0,0.0,190.0
2017-09-13 23:45:00,17800.0,17800.0,17800.0,17800.0,0.0,0.0,190.0
2017-09-13 23:50:00,17800.0,17800.0,17800.0,17800.0,0.0,0.0,190.0
2017-09-13 23:55:00,17800.0,17800.0,17800.0,17800.0,0.0,0.0,190.0
2017-09-14 00:00:00,17800.0,17800.0,17800.0,17800.0,0.0,0.0,190.0
2017-09-14 00:05:00,17800.0,17800.0,17800.0,17800.0,0.0,0.0,190.0
2017-09-14 00:10:00,17800.0,17800.0,17800.0,17800.0,0.0,0.0,190.0
2017-09-14 00:15:00,17800.0,17800.0,17800.0,17800.0,0.0,0.0,190.0
2017-09-14 00:20:00,17800.0,17800.0,17800.0,17800.0,0.0,0.0,190.0
2017-09-14 00:25:00,17800.0,17800.0,17800.0,17800.0,0.0,0.0,190.0
2017-09-14 00:30:00,17800.0,17800.0,17800.0,17800.0,0.0,0.0,190.0
2017-09-14 00:35:00,17800.0,17800.0,17800.0,17800.0,0.0,0.0,190.0
2017-09-14 00:40:00,17800.0,17800.0,17800.0,17800.0,0.0,0.0,190.0
2017-09-14 00:45:00,17800.0,17800.0,17800.0,17800.0,0.0,0.0,190.0
2017-09-14 00:50:00,17800.0,17800.0,17800.0,17800.0,0.0,0.0,190.0
2017-09-14 00:55:00,17800.0,17800.0,17800.0,17800.0,0.0,0.0,190.0
2017-09-14 09:00:00,17800.0,17800.0,17800.0,17800.0,0.0,0.0,190.0
2017-09-14 09:05:00,17800.0,17800.0,17800.0,17800.0,0.0,0.0,190.0
2017-09-14 09:10:00,17800.0,17800.0,17800.0,17800.0,0.0,0.0,190.0
2017-09-14 09:15:00,17800.0,17800.0,17800.0,17800.0,0.0,0.0,190.0
2017-09-14 09:20:00,17800.0,17800.0,17800.0,17800.0,0.0,0.0,190.0
2017-09-14 09:25:00,17800.0,17800.0,17800.0,17800.0,0.0,0.0,190.0
2017-09-14 09:30:00,17800.0,17800.0,17800.0,17800.0,0.0,0.0,190.0
2017-09-14 09:35:00,17800.0,17800.0,17800.0,17800.0,0.0,0.0,190.0
2017-09-14 09:40:00,17800.0,17800.0,17800.0,17800.0,0.0,0.0,190.0
2017-09-14 09:45:00,17800.0,17800.0,17800.0,17800.0,0.0,0.0,190.0
2017-09-14 09:50:00,17800.0,17800.0,17800.0,17800.0,0.0,0.0,190.0
2017-09-14 09:55:00,17800.0,17800.0,17800.0,17800.0,0.0,0.0,190.0
2017-09-14 10:00:00,17800.0,17800.0,17800.0,17800.0,0.0,0.0,190.0
2017-09-14 10:05:00,17800.0,17800.0,17800.0,17800.0,0.0,0.0,190.0
2017-09-14 10:10:00,17800.0,17800.0,17800.0,17800.0,0.0,0.0,190.0
2017-09-14 10:30:00,17800.0,17800.0,17800.0,17800.0,0.0,0.0,190.0
2017-09-14 10:35:00,17800.0,17800.0,17800.0,17800.0,0.0,0.0,190.0
2017-09-14 10:40:00,17800.0,17800.0,17800.0,17800.0,0.0,0.0,190.0
2017-09-14 10:45:00,17800.0,17800.0,17800.0,17800.0,0.0,0.0,190.0
2017-09-14 10:50:00,17800.0,17800.0,17800.0,17800.0,0.0,0.0,190.0
2017-09-14 10:55:00,17800.0,17800.0,17800.0,17800.0,0.0,0.0,190.0
2017-09-14 11:00:00,17800.0,17800.0,17800.0,17800.0,0.0,0.0,190.0
2017-09-14 11:05:00,17800.0,17800.0,17800.0,17800.0,0.0,0.0,190.0
2017-09-14 11:10:00,17800.0,17800.0,17800.0,17800.0,0.0,0.0,190.0
2017-09-14 11:15:00,17800.0,17800.0,17800.0,17800.0,0.0,0.0,190.0
2017-09-14 11:20:00,17800.0,17800.0,17800.0,17800.0,0.0,0.0,190.0
2017-09-14 11:25:00,17800.0,17800.0,17800.0,17800.0,0.0,0.0,190.0
2017-09-14 13:30:00,17800.0,17800.0,17800.0,17800.0,0.0,0.0,190.0
2017-09-14 13:35:00,17800.0,17800.0,17800.0,17800.0,0.0,0.0,190.0
2017-09-14 13:40:00,17800.0,17800.0,17800.0,17800.0,0.0,0.0,190.0
2017-09-14 13:45:00,17800.0,17800.0,17800.0,17800.0,0.0,0.0,190.0
2017-09-14 13:50:00,17800.0,17800.0,17800.0,17800.0,0.0,0.0,190.0
2017-09-14 13:55:00,17800.0,17800.0,17800.0,17800.0,0.0,0.0,190.0
2017-09-14 14:00:00,17800.0,17800.0,17800.0,17800.0,0.0,0.0,190.0
2017-09-14 14:05:00,17800.0,17800.0,17800.0,17800.0,0.0,0.0,190.0
2017-09-14 14:10:00,17800.0,17800.0,17800.0,17800.0,0.0,0.0,190.0
2017-09-14 14:15:00,17800.0,17800.0,17800.0,17800.0,0.0,0.0,190.0
2017-09-14 14:20:00,17800.0,17800.0,17800.0,17800.0,0.0,0.0,190.0
2017-09-14 14:25:00,17800.0,17800.0,17800.0,17800.0,0.0,0.0,190.0
2017-09-14 14:30:00,17800.0,17800.0,17800.0,17800.0,0.0,0.0,190.0
2017-09-14 14:35:00,17800.0,17800.0,17800.0,17800.0,0.0,0.0,190.0
2017-09-14 14:40:00,17800.0,17800.0,17800.0,17800.0,0.0,0.0,190.0
2017-09-14 14:45:00,17800.0,17800.0,17800.0,17800.0,0.0,0.0,190.0
2017-09-14 14:50:00,17800.0,17800.0,17800.0,17800.0,0.0,0.0,190.0
2017-09-14 14:55:00,17800.0,18135.0,17800.0,18135.0,2.0,181350.0,190.0
2017-09-14 21:00:00,17965.0,17965.0,17965.0,17965.0,0.0,0.0,190.0
2017-09-14 21:05:00,17965.0,17965.0,17730.0,17730.0,2.0,177300.0,192.0
2017-09-14 21:10:00,17700.0,17700.0,17695.0,17695.0,4.0,353950.0,196.0
2017-09-14 21:15:00,17695.0,18185.0,17695.0,18185.0,2.0,181850.0,194.0
2017-09-14 21:20:00,18185.0,18185.0,18185.0,18185.0,0.0,0.0,194.0
2017-09-14 21:25:00,18185.0,18185.0,18185.0,18185.0,0.0,0.0,194.0
2017-09-14 21:30:00,18185.0,18185.0,18185.0,18185.0,0.0,0.0,194.0
2017-09-14 21:35:00,18185.0,18185.0,18185.0,18185.0,0.0,0.0,194.0
2017-09-14 21:40:00,18185.0,18185.0,18185.0,18185.0,2.0,181850.0,194.0
2017-09-14 21:45:00,18185.0,18185.0,18185.0,18185.0,2.0,181850.0,192.0
2017-09-14 21:50:00,18185.0,18185.0,18185.0,18185.0,0.0,0.0,192.0
2017-09-14 21:55:00,18185.0,18185.0,18185.0,18185.0,0.0,0.0,192.0
2017-09-14 22:00:00,18185.0,18185.0,18185.0,18185.0,0.0,0.0,192.0
2017-09-14 22:05:00,18185.0,18185.0,18185.0,18185.0,0.0,0.0,192.0
2017-09-14 22:10:00,18185.0,18185.0,18185.0,18185.0,0.0,0.0,192.0
2017-09-14 22:15:00,18185.0,18185.0,18185.0,18185.0,0.0,0.0,192.0
2017-09-14 22:20:00,18185.0,18185.0,18185.0,18185.0,0.0,0.0,192.0
2017-09-14 22:25:00,18185.0,18185.0,18185.0,18185.0,0.0,0.0,192.0
2017-09-14 22:30:00,18185.0,18185.0,18185.0,18185.0,0.0,0.0,192.0
2017-09-14 22:35:00,18185.0,18185.0,18180.0,18180.0,2.0,181800.0,194.0
2017-09-14 22:40:00,18180.0,18180.0,18180.0,18180.0,0.0,0.0,194.0
2017-09-14 22:45:00,18180.0,18180.0,18105.0,18105.0,2.0,181050.0,194.0
2017-09-14 22:50:00,18105.0,18105.0,18105.0,18105.0,0.0,0.0,194.0
2017-09-14 22:55:00,18105.0,18105.0,18105.0,18105.0,0.0,0.0,194.0
2017-09-14 23:00:00,18105.0,18105.0,18105.0,18105.0,0.0,0.0,194.0
2017-09-14 23:05:00,18105.0,18105.0,18105.0,18105.0,0.0,0.0,194.0
2017-09-14 23:10:00,18105.0,18105.0,18105.0,18105.0,0.0,0.0,194.0
2017-09-14 23:15:00,18105.0,18105.0,18105.0,18105.0,0.0,0.0,194.0
2017-09-14 23:20:00,18105.0,18105.0,18105.0,18105.0,0.0,0.0,194.0
2017-09-14 23:25:00,18105.0,18105.0,18105.0,18105.0,0.0,0.0,194.0
2017-09-14 23:30:00,18105.0,18105.0,18105.0,18105.0,0.0,0.0,194.0
2017-09-14 23:35:00,18105.0,18105.0,18105.0,18105.0,0.0,0.0,194.0
2017-09-14 23:40:00,18105.0,18105.0,18105.0,18105.0,0.0,0.0,194.0
2017-09-14 23:45:00,18105.0,18105.0,18105.0,18105.0,0.0,0.0,194.0
2017-09-14 23:50:00,18105.0,18105.0,18105.0,18105.0,0.0,0.0,194.0
2017-09-14 23:55:00,18105.0,18105.0,18105.0,18105.0,0.0,0.0,194.0
2017-09-15 00:00:00,18105.0,18105.0,18105.0,18105.0,0.0,0.0,194.0
2017-09-15 00:05:00,18105.0,18105.0,18105.0,18105.0,0.0,0.0,194.0
2017-09-15 00:10:00,18105.0,18105.0,18105.0,18105.0,0.0,0.0,194.0
2017-09-15 00:15:00,18105.0,18105.0,18105.0,18105.0,0.0,0.0,194.0
2017-09-15 00:20:00,18105.0,18105.0,18105.0,18105.0,0.0,0.0,194.0
2017-09-15 00:25:00,18105.0,18105.0,18105.0,18105.0,0.0,0.0,194.0
2017-09-15 00:30:00,18105.0,18105.0,18105.0,18105.0,0.0,0.0,194.0
2017-09-15 00:35:00,18105.0,18105.0,18105.0,18105.0,0.0,0.0,194.0
2017-09-15 00:40:00,18105.0,18105.0,18105.0,18105.0,0.0,0.0,194.0
2017-09-15 00:45:00,18105.0,18105.0,18105.0,18105.0,0.0,0.0,194.0
2017-09-15 00:50:00,18105.0,18105.0,18105.0,18105.0,0.0,0.0,194.0
2017-09-15 00:55:00,18105.0,18105.0,18105.0,18105.0,0.0,0.0,194.0
2017-09-15 09:00:00,18105.0,18105.0,18105.0,18105.0,0.0,0.0,194.0
2017-09-15 09:05:00,18105.0,18105.0,18105.0,18105.0,0.0,0.0,194.0
2017-09-15 09:10:00,18105.0,18195.0,18105.0,18195.0,2.0,181950.0,194.0
2017-09-15 09:15:00,18195.0,18195.0,18195.0,18195.0,0.0,0.0,194.0
2017-09-15 09:20:00,18195.0,18195.0,18195.0,18195.0,0.0,0.0,194.0
2017-09-15 09:25:00,18195.0,18195.0,18195.0,18195.0,0.0,0.0,194.0
2017-09-15 09:30:00,18195.0,18195.0,18035.0,18035.0,2.0,180350.0,194.0
2017-09-15 09:35:00,18035.0,18035.0,18035.0,18035.0,0.0,0.0,194.0
2017-09-15 09:40:00,18035.0,18035.0,18035.0,18035.0,0.0,0.0,194.0
2017-09-15 09:45:00,18035.0,18035.0,18035.0,18035.0,0.0,0.0,194.0
2017-09-15 09:50:00,18035.0,18280.0,18035.0,18280.0,4.0,365600.0,194.0
2017-09-15 09:55:00,18280.0,18280.0,18280.0,18280.0,0.0,0.0,194.0
2017-09-15 10:00:00,18280.0,18280.0,18280.0,18280.0,0.0,0.0,194.0
2017-09-15 10:05:00,18280.0,18285.0,18280.0,18285.0,2.0,182850.0,196.0
2017-09-15 10:10:00,18285.0,18285.0,18285.0,18285.0,0.0,0.0,196.0
2017-09-15 10:30:00,18285.0,18285.0,18140.0,18140.0,2.0,181400.0,194.0
2017-09-15 10:35:00,18140.0,18140.0,18140.0,18140.0,0.0,0.0,194.0
2017-09-15 10:40:00,18140.0,18240.0,18140.0,18240.0,4.0,364800.0,192.0
2017-09-15 10:45:00,18240.0,18240.0,18240.0,18240.0,0.0,0.0,192.0
2017-09-15 10:50:00,18240.0,18240.0,18240.0,18240.0,0.0,0.0,192.0
2017-09-15 10:55:00,18240.0,18240.0,18240.0,18240.0,0.0,0.0,192.0
2017-09-15 11:00:00,18240.0,18240.0,18240.0,18240.0,0.0,0.0,192.0
2017-09-15 11:05:00,18240.0,18240.0,18240.0,18240.0,0.0,0.0,192.0
2017-09-15 11:10:00,18240.0,18240.0,18240.0,18240.0,0.0,0.0,192.0
2017-09-15 11:15:00,18240.0,18240.0,18240.0,18240.0,0.0,0.0,192.0
2017-09-15 11:20:00,18240.0,18240.0,18240.0,18240.0,0.0,0.0,192.0
2017-09-15 11:25:00,18240.0,18240.0,18240.0,18240.0,0.0,0.0,192.0
2017-09-15 13:30:00,18240.0,18240.0,18240.0,18240.0,0.0,0.0,192.0
2017-09-15 13:35:00,18240.0,18240.0,18240.0,18240.0,0.0,0.0,192.0
2017-09-15 13:40:00,18240.0,18240.0,18240.0,18240.0,0.0,0.0,192.0
2017-09-15 13:45:00,18240.0,18240.0,18240.0,18240.0,0.0,0.0,192.0
2017-09-15 13:50:00,18240.0,18240.0,18240.0,18240.0,0.0,0.0,192.0
2017-09-15 13:55:00,18240.0,18240.0,18240.0,18240.0,0.0,0.0,192.0
2017-09-15 14:00:00,18240.0,18240.0,18240.0,18240.0,0.0,0.0,192.0
2017-09-15 14:05:00,18240.0,18240.0,18240.0,18240.0,0.0,0.0,192.0
2017-09-15 14:10:00,18240.0,18240.0,18240.0,18240.0,0.0,0.0,192.0
2017-09-15 14:15:00,18240.0,18240.0,18240.0,18240.0,0.0,0.0,192.0
2017-09-15 14:20:00,18240.0,18240.0,18240.0,18240.0,0.0,0.0,192.0
2017-09-15 14:25:00,18240.0,18240.0,18140.0,18140.0,2.0,181400.0,192.0
2017-09-15 14:30:00,18140.0,18140.0,18140.0,18140.0,0.0,0.0,192.0
2017-09-15 14:35:00,18140.0,18140.0,18140.0,18140.0,0.0,0.0,192.0
2017-09-15 14:40:00,18140.0,18140.0,18140.0,18140.0,0.0,0.0,192.0
2017-09-15 14:45:00,18140.0,18140.0,18140.0,18140.0,0.0,0.0,192.0
2017-09-15 14:50:00,18140.0,18140.0,18140.0,18140.0,0.0,0.0,192.0
2017-09-15 14:55:00,18140.0,18190.0,18140.0,18190.0,2.0,181900.0,194.0
2017-09-15 21:00:00,18110.0,18110.0,18110.0,18110.0,0.0,0.0,194.0
2017-09-15 21:05:00,18110.0,18150.0,18110.0,18150.0,2.0,181500.0,194.0
2017-09-15 21:10:00,18150.0,18150.0,18150.0,18150.0,0.0,0.0,194.0
2017-09-15 21:15:00,18150.0,18150.0,18150.0,18150.0,0.0,0.0,194.0
2017-09-15 21:20:00,18150.0,18150.0,18150.0,18150.0,0.0,0.0,194.0
2017-09-15 21:25:00,18150.0,18150.0,18150.0,18150.0,0.0,0.0,194.0
2017-09-15 21:30:00,18150.0,18150.0,18150.0,18150.0,0.0,0.0,194.0
2017-09-15 21:35:00,18150.0,18150.0,18150.0,18150.0,0.0,0.0,194.0
2017-09-15 21:40:00,18150.0,18150.0,18150.0,18150.0,0.0,0.0,194.0
2017-09-15 21:45:00,18150.0,18150.0,18120.0,18120.0,2.0,181200.0,194.0
2017-09-15 21:50:00,18120.0,18120.0,18120.0,18120.0,0.0,0.0,194.0
2017-09-15 21:55:00,18120.0,18120.0,18120.0,18120.0,0.0,0.0,194.0
2017-09-15 22:00:00,18120.0,18120.0,18120.0,18120.0,0.0,0.0,194.0
2017-09-15 22:05:00,18120.0,18120.0,18120.0,18120.0,0.0,0.0,194.0
2017-09-15 22:10:00,18120.0,18120.0,18120.0,18120.0,0.0,0.0,194.0
2017-09-15 22:15:00,18120.0,18120.0,18120.0,18120.0,0.0,0.0,194.0
2017-09-15 22:20:00,18120.0,18120.0,18120.0,18120.0,0.0,0.0,194.0
2017-09-15 22:25:00,18120.0,18120.0,18120.0,18120.0,0.0,0.0,194.0
2017-09-15 22:30:00,18120.0,18120.0,18120.0,18120.0,0.0,0.0,194.0
2017-09-15 22:35:00,18120.0,18120.0,18120.0,18120.0,0.0,0.0,194.0
2017-09-15 22:40:00,18120.0,18120.0,18120.0,18120.0,0.0,0.0,194.0
2017-09-15 22:45:00,18120.0,18120.0,18120.0,18120.0,0.0,0.0,194.0
2017-09-15 22:50:00,18120.0,18120.0,18120.0,18120.0,0.0,0.0,194.0
2017-09-15 22:55:00,18120.0,18120.0,18120.0,18120.0,0.0,0.0,194.0
2017-09-15 23:00:00,18120.0,18120.0,18120.0,18120.0,0.0,0.0,194.0
2017-09-15 23:05:00,18120.0,18120.0,18120.0,18120.0,0.0,0.0,194.0
2017-09-15 23:10:00,18120.0,18120.0,18120.0,18120.0,0.0,0.0,194.0
2017-09-15 23:15:00,18120.0,18120.0,18120.0,18120.0,0.0,0.0,194.0
2017-09-15 23:20:00,18120.0,18120.0,18120.0,18120.0,0.0,0.0,194.0
2017-09-15 23:25:00,18120.0,18120.0,18120.0,18120.0,0.0,0.0,194.0
2017-09-15 23:30:00,18120.0,18120.0,18120.0,18120.0,0.0,0.0,194.0
2017-09-15 23:35:00,18120.0,18120.0,18120.0,18120.0,0.0,0.0,194.0
2017-09-15 23:40:00,18120.0,18120.0,18120.0,18120.0,0.0,0.0,194.0
2017-09-15 23:45:00,18120.0,18120.0,18120.0,18120.0,0.0,0.0,194.0
2017-09-15 23:50:00,18120.0,18120.0,18120.0,18120.0,0.0,0.0,194.0
2017-09-15 23:55:00,18120.0,18120.0,18120.0,18120.0,0.0,0.0,194.0
2017-09-16 00:00:00,18120.0,18120.0,18120.0,18120.0,0.0,0.0,194.0
2017-09-16 00:05:00,18120.0,18120.0,18120.0,18120.0,0.0,0.0,194.0
2017-09-16 00:10:00,18120.0,18120.0,18120.0,18120.0,0.0,0.0,194.0
2017-09-16 00:15:00,18120.0,18120.0,18120.0,18120.0,0.0,0.0,194.0
2017-09-16 00:20:00,18120.0,18120.0,18120.0,18120.0,0.0,0.0,194.0
2017-09-16 00:25:00,18120.0,18120.0,18120.0,18120.0,0.0,0.0,194.0
2017-09-16 00:30:00,18120.0,18120.0,18120.0,18120.0,0.0,0.0,194.0
2017-09-16 00:35:00,18120.0,18120.0,18120.0,18120.0,0.0,0.0,194.0
2017-09-16 00:40:00,18120.0,18120.0,18120.0,18120.0,0.0,0.0,194.0
2017-09-16 00:45:00,18120.0,18120.0,18120.0,18120.0,0.0,0.0,194.0
2017-09-16 00:50:00,18120.0,18120.0,18120.0,18120.0,0.0,0.0,194.0
2017-09-16 00:55:00,18120.0,18120.0,18120.0,18120.0,0.0,0.0,194.0
2017-09-18 09:00:00,18120.0,18120.0,18120.0,18120.0,0.0,0.0,194.0
2017-09-18 09:05:00,18120.0,18120.0,18120.0,18120.0,0.0,0.0,194.0
2017-09-18 09:10:00,18120.0,18120.0,18120.0,18120.0,0.0,0.0,194.0
2017-09-18 09:15:00,18120.0,18225.0,18120.0,18225.0,4.0,364500.0,194.0
2017-09-18 09:20:00,18225.0,18225.0,18225.0,18225.0,0.0,0.0,194.0
2017-09-18 09:25:00,18225.0,18225.0,18225.0,18225.0,0.0,0.0,194.0
2017-09-18 09:30:00,18225.0,18225.0,18225.0,18225.0,0.0,0.0,194.0
2017-09-18 09:35:00,18225.0,18225.0,18225.0,18225.0,0.0,0.0,194.0
2017-09-18 09:40:00,18225.0,18225.0,18225.0,18225.0,0.0,0.0,194.0
2017-09-18 09:45:00,18225.0,18225.0,18225.0,18225.0,0.0,0.0,194.0
2017-09-18 09:50:00,18225.0,18225.0,18225.0,18225.0,0.0,0.0,194.0
2017-09-18 09:55:00,18225.0,18225.0,18225.0,18225.0,0.0,0.0,194.0
2017-09-18 10:00:00,18225.0,18225.0,18225.0,18225.0,0.0,0.0,194.0
2017-09-18 10:05:00,18225.0,18225.0,18225.0,18225.0,0.0,0.0,194.0
2017-09-18 10:10:00,18225.0,18225.0,18225.0,18225.0,0.0,0.0,194.0
2017-09-18 10:30:00,18225.0,18225.0,18225.0,18225.0,0.0,0.0,194.0
2017-09-18 10:35:00,18530.0,18540.0,18530.0,18540.0,6.0,556100.0,188.0
2017-09-18 10:40:00,18540.0,18540.0,18540.0,18540.0,0.0,0.0,188.0
2017-09-18 10:45:00,18540.0,18555.0,18540.0,18555.0,4.0,371100.0,184.0
2017-09-18 10:50:00,18555.0,18555.0,18555.0,18555.0,0.0,0.0,184.0
2017-09-18 10:55:00,18555.0,18555.0,18555.0,18555.0,0.0,0.0,184.0
2017-09-18 11:00:00,18555.0,18555.0,18555.0,18555.0,0.0,0.0,184.0
2017-09-18 11:05:00,18555.0,18555.0,18555.0,18555.0,0.0,0.0,184.0
2017-09-18 11:10:00,18555.0,18555.0,18555.0,18555.0,0.0,0.0,184.0
2017-09-18 11:15:00,18555.0,18555.0,18555.0,18555.0,0.0,0.0,184.0
2017-09-18 11:20:00,18555.0,18555.0,18555.0,18555.0,0.0,0.0,184.0
2017-09-18 11:25:00,18555.0,18555.0,18555.0,18555.0,0.0,0.0,184.0
2017-09-18 13:30:00,18555.0,18555.0,18555.0,18555.0,0.0,0.0,184.0
2017-09-18 13:35:00,18555.0,18555.0,18555.0,18555.0,0.0,0.0,184.0
2017-09-18 13:40:00,18555.0,18555.0,18555.0,18555.0,0.0,0.0,184.0
2017-09-18 13:45:00,18555.0,18555.0,18555.0,18555.0,0.0,0.0,184.0
2017-09-18 13:50:00,18555.0,18555.0,18555.0,18555.0,0.0,0.0,184.0
2017-09-18 13:55:00,18555.0,18555.0,18555.0,18555.0,0.0,0.0,184.0
2017-09-18 14:00:00,18555.0,18555.0,18555.0,18555.0,0.0,0.0,184.0
2017-09-18 14:05:00,18555.0,18555.0,18555.0,18555.0,0.0,0.0,184.0
2017-09-18 14:10:00,18555.0,18555.0,18555.0,18555.0,0.0,0.0,184.0
2017-09-18 14:15:00,18555.0,18555.0,18555.0,18555.0,0.0,0.0,184.0
2017-09-18 14:20:00,18555.0,18555.0,18555.0,18555.0,0.0,0.0,184.0
2017-09-18 14:25:00,18555.0,18555.0,18555.0,18555.0,0.0,0.0,184.0
2017-09-18 14:30:00,18555.0,18555.0,18555.0,18555.0,0.0,0.0,184.0
2017-09-18 14:35:00,18555.0,18555.0,18555.0,18555.0,0.0,0.0,184.0
2017-09-18 14:40:00,18555.0,18555.0,18555.0,18555.0,0.0,0.0,184.0
2017-09-18 14:45:00,18555.0,18555.0,18555.0,18555.0,0.0,0.0,184.0
2017-09-18 14:50:00,18555.0,18555.0,18555.0,18555.0,0.0,0.0,184.0
2017-09-18 14:55:00,18555.0,18555.0,18555.0,18555.0,0.0,0.0,184.0
2017-09-18 21:00:00,18380.0,18380.0,18380.0,18380.0,0.0,0.0,184.0
2017-09-18 21:05:00,18520.0,18520.0,18520.0,18520.0,2.0,185200.0,184.0
2017-09-18 21:10:00,18520.0,18670.0,18520.0,18670.0,2.0,186700.0,184.0
2017-09-18 21:15:00,18670.0,18670.0,18670.0,18670.0,0.0,0.0,184.0
2017-09-18 21:20:00,18670.0,18670.0,18670.0,18670.0,0.0,0.0,184.0
2017-09-18 21:25:00,18665.0,18665.0,18665.0,18665.0,2.0,186650.0,184.0
2017-09-18 21:30:00,18665.0,18665.0,18570.0,18570.0,2.0,185700.0,186.0
2017-09-18 21:35:00,18570.0,18570.0,18570.0,18570.0,0.0,0.0,186.0
2017-09-18 21:40:00,18570.0,18570.0,18570.0,18570.0,0.0,0.0,186.0
2017-09-18 21:45:00,18570.0,18570.0,18570.0,18570.0,0.0,0.0,186.0
2017-09-18 21:50:00,18570.0,18570.0,18570.0,18570.0,0.0,0.0,186.0
2017-09-18 21:55:00,18570.0,18570.0,18570.0,18570.0,0.0,0.0,186.0
2017-09-18 22:00:00,18570.0,18570.0,18570.0,18570.0,0.0,0.0,186.0
2017-09-18 22:05:00,18570.0,18570.0,18570.0,18570.0,0.0,0.0,186.0
2017-09-18 22:10:00,18570.0,18570.0,18570.0,18570.0,0.0,0.0,186.0
2017-09-18 22:15:00,18570.0,18570.0,18570.0,18570.0,0.0,0.0,186.0
2017-09-18 22:20:00,18570.0,18570.0,18570.0,18570.0,0.0,0.0,186.0
2017-09-18 22:25:00,18570.0,18570.0,18570.0,18570.0,0.0,0.0,186.0
2017-09-18 22:30:00,18570.0,18570.0,18570.0,18570.0,0.0,0.0,186.0
2017-09-18 22:35:00,18570.0,18570.0,18570.0,18570.0,0.0,0.0,186.0
2017-09-18 22:40:00,18570.0,18570.0,18570.0,18570.0,0.0,0.0,186.0
2017-09-18 22:45:00,18570.0,18570.0,18570.0,18570.0,0.0,0.0,186.0
2017-09-18 22:50:00,18570.0,18570.0,18570.0,18570.0,0.0,0.0,186.0
2017-09-18 22:55:00,18570.0,18570.0,18570.0,18570.0,0.0,0.0,186.0
2017-09-18 23:00:00,18570.0,18570.0,18570.0,18570.0,0.0,0.0,186.0
2017-09-18 23:05:00,18570.0,18570.0,18570.0,18570.0,0.0,0.0,186.0
2017-09-18 23:10:00,18570.0,18570.0,18570.0,18570.0,0.0,0.0,186.0
2017-09-18 23:15:00,18570.0,18570.0,18570.0,18570.0,0.0,0.0,186.0
2017-09-18 23:20:00,18570.0,18570.0,18570.0,18570.0,0.0,0.0,186.0
2017-09-18 23:25:00,18570.0,18570.0,18570.0,18570.0,0.0,0.0,186.0
2017-09-18 23:30:00,18570.0,18570.0,18570.0,18570.0,0.0,0.0,186.0
2017-09-18 23:35:00,18570.0,18570.0,18570.0,18570.0,0.0,0.0,186.0
2017-09-18 23:40:00,18570.0,18570.0,18570.0,18570.0,0.0,0.0,186.0
2017-09-18 23:45:00,18570.0,18570.0,18570.0,18570.0,0.0,0.0,186.0
2017-09-18 23:50:00,18570.0,18570.0,18570.0,18570.0,0.0,0.0,186.0
2017-09-18 23:55:00,18570.0,18570.0,18570.0,18570.0,0.0,0.0,186.0
2017-09-19 00:00:00,18570.0,18570.0,18570.0,18570.0,0.0,0.0,186.0
2017-09-19 00:05:00,18570.0,18570.0,18570.0,18570.0,0.0,0.0,186.0
2017-09-19 00:10:00,18570.0,18570.0,18570.0,18570.0,0.0,0.0,186.0
2017-09-19 00:15:00,18570.0,18570.0,18570.0,18570.0,0.0,0.0,186.0
2017-09-19 00:20:00,18570.0,18570.0,18570.0,18570.0,0.0,0.0,186.0
2017-09-19 00:25:00,18570.0,18570.0,18570.0,18570.0,0.0,0.0,186.0
2017-09-19 00:30:00,18570.0,18570.0,18570.0,18570.0,0.0,0.0,186.0
2017-09-19 00:35:00,18570.0,18570.0,18570.0,18570.0,0.0,0.0,186.0
2017-09-19 00:40:00,18570.0,18570.0,18570.0,18570.0,0.0,0.0,186.0
2017-09-19 00:45:00,18570.0,18570.0,18570.0,18570.0,0.0,0.0,186.0
2017-09-19 00:50:00,18570.0,18570.0,18570.0,18570.0,0.0,0.0,186.0
2017-09-19 00:55:00,18570.0,18570.0,18570.0,18570.0,0.0,0.0,186.0
2017-09-19 09:00:00,18570.0,18570.0,18570.0,18570.0,0.0,0.0,186.0
2017-09-19 09:05:00,18570.0,18570.0,18570.0,18570.0,0.0,0.0,186.0
2017-09-19 09:10:00,18570.0,18570.0,18570.0,18570.0,0.0,0.0,186.0
2017-09-19 09:15:00,18570.0,18570.0,18570.0,18570.0,0.0,0.0,186.0
2017-09-19 09:20:00,18570.0,18570.0,18570.0,18570.0,0.0,0.0,186.0
2017-09-19 09:25:00,18570.0,18570.0,18570.0,18570.0,0.0,0.0,186.0
2017-09-19 09:30:00,18570.0,18570.0,18570.0,18570.0,0.0,0.0,186.0
2017-09-19 09:35:00,18570.0,18570.0,18570.0,18570.0,0.0,0.0,186.0
2017-09-19 09:40:00,18570.0,18570.0,18570.0,18570.0,0.0,0.0,186.0
2017-09-19 09:45:00,18570.0,18570.0,18570.0,18570.0,0.0,0.0,186.0
2017-09-19 09:50:00,18570.0,18570.0,18570.0,18570.0,0.0,0.0,186.0
2017-09-19 09:55:00,18570.0,18570.0,18570.0,18570.0,0.0,0.0,186.0
2017-09-19 10:00:00,18570.0,18570.0,18570.0,18570.0,0.0,0.0,186.0
2017-09-19 10:05:00,18570.0,18570.0,18570.0,18570.0,0.0,0.0,186.0
2017-09-19 10:10:00,18570.0,18570.0,18570.0,18570.0,0.0,0.0,186.0
2017-09-19 10:30:00,18570.0,18570.0,18570.0,18570.0,0.0,0.0,186.0
2017-09-19 10:35:00,18570.0,18570.0,18570.0,18570.0,0.0,0.0,186.0
2017-09-19 10:40:00,18570.0,18570.0,18570.0,18570.0,0.0,0.0,186.0
2017-09-19 10:45:00,18570.0,18570.0,18570.0,18570.0,0.0,0.0,186.0
2017-09-19 10:50:00,18570.0,18570.0,18570.0,18570.0,0.0,0.0,186.0
2017-09-19 10:55:00,18570.0,18570.0,18570.0,18570.0,0.0,0.0,186.0
2017-09-19 11:00:00,18570.0,18570.0,18570.0,18570.0,0.0,0.0,186.0
2017-09-19 11:05:00,18570.0,18570.0,18570.0,18570.0,0.0,0.0,186.0
2017-09-19 11:10:00,18570.0,18570.0,18570.0,18570.0,0.0,0.0,186.0
2017-09-19 11:15:00,18570.0,18570.0,18570.0,18570.0,0.0,0.0,186.0
2017-09-19 11:20:00,18570.0,18570.0,18570.0,18570.0,0.0,0.0,186.0
2017-09-19 11:25:00,18570.0,18570.0,18570.0,18570.0,0.0,0.0,186.0
2017-09-19 13:30:00,18570.0,18570.0,18570.0,18570.0,0.0,0.0,186.0
2017-09-19 13:35:00,18570.0,18570.0,18570.0,18570.0,0.0,0.0,186.0
2017-09-19 13:40:00,18570.0,18570.0,18570.0,18570.0,0.0,0.0,186.0
2017-09-19 13:45:00,18570.0,18570.0,18570.0,18570.0,0.0,0.0,186.0
2017-09-19 13:50:00,18570.0,18570.0,18570.0,18570.0,0.0,0.0,186.0
2017-09-19 13:55:00,18570.0,18570.0,18570.0,18570.0,0.0,0.0,186.0
2017-09-19 14:00:00,18570.0,18570.0,18570.0,18570.0,0.0,0.0,186.0
2017-09-19 14:05:00,18570.0,18570.0,18570.0,18570.0,0.0,0.0,186.0
2017-09-19 14:10:00,18570.0,18570.0,18570.0,18570.0,0.0,0.0,186.0
2017-09-19 14:15:00,18570.0,18570.0,18570.0,18570.0,0.0,0.0,186.0
2017-09-19 14:20:00,18570.0,18570.0,18570.0,18570.0,0.0,0.0,186.0
2017-09-19 14:25:00,18570.0,18570.0,18570.0,18570.0,0.0,0.0,186.0
2017-09-19 14:30:00,18570.0,18570.0,18570.0,18570.0,0.0,0.0,186.0
2017-09-19 14:35:00,18570.0,18570.0,18570.0,18570.0,0.0,0.0,186.0
2017-09-19 14:40:00,18570.0,18570.0,18570.0,18570.0,0.0,0.0,186.0
2017-09-19 14:45:00,18570.0,18570.0,18570.0,18570.0,0.0,0.0,186.0
2017-09-19 14:50:00,18570.0,18570.0,18570.0,18570.0,0.0,0.0,186.0
2017-09-19 14:55:00,18570.0,18570.0,18570.0,18570.0,0.0,0.0,186.0
2017-09-19 21:00:00,18605.0,18605.0,18605.0,18605.0,0.0,0.0,186.0
2017-09-19 21:05:00,18605.0,18605.0,18605.0,18605.0,0.0,0.0,186.0
2017-09-19 21:10:00,18605.0,18605.0,18605.0,18605.0,0.0,0.0,186.0
2017-09-19 21:15:00,18605.0,18605.0,18605.0,18605.0,0.0,0.0,186.0
2017-09-19 21:20:00,18605.0,18605.0,18490.0,18490.0,2.0,184900.0,186.0
2017-09-19 21:25:00,18490.0,18490.0,18490.0,18490.0,0.0,0.0,186.0
2017-09-19 21:30:00,18490.0,18490.0,18460.0,18460.0,2.0,184600.0,184.0
2017-09-19 21:35:00,18460.0,18460.0,18455.0,18455.0,2.0,184550.0,182.0
2017-09-19 21:40:00,18455.0,18455.0,18420.0,18420.0,2.0,184200.0,182.0
2017-09-19 21:45:00,18420.0,18420.0,18420.0,18420.0,0.0,0.0,182.0
2017-09-19 21:50:00,18420.0,18420.0,18420.0,18420.0,0.0,0.0,182.0
2017-09-19 21:55:00,18420.0,18420.0,18420.0,18420.0,0.0,0.0,182.0
2017-09-19 22:00:00,18420.0,18420.0,18420.0,18420.0,0.0,0.0,182.0
2017-09-19 22:05:00,18420.0,18420.0,18420.0,18420.0,0.0,0.0,182.0
2017-09-19 22:10:00,18420.0,18420.0,18420.0,18420.0,0.0,0.0,182.0
2017-09-19 22:15:00,18420.0,18420.0,18420.0,18420.0,0.0,0.0,182.0
2017-09-19 22:20:00,18420.0,18420.0,18420.0,18420.0,0.0,0.0,182.0
2017-09-19 22:25:00,18420.0,18420.0,18420.0,18420.0,0.0,0.0,182.0
2017-09-19 22:30:00,18420.0,18420.0,18420.0,18420.0,0.0,0.0,182.0
2017-09-19 22:35:00,18420.0,18420.0,18420.0,18420.0,0.0,0.0,182.0
2017-09-19 22:40:00,18420.0,18420.0,18420.0,18420.0,0.0,0.0,182.0
2017-09-19 22:45:00,18420.0,18420.0,18420.0,18420.0,0.0,0.0,182.0
2017-09-19 22:50:00,18420.0,18420.0,18420.0,18420.0,0.0,0.0,182.0
2017-09-19 22:55:00,18420.0,18420.0,18420.0,18420.0,0.0,0.0,182.0
2017-09-19 23:00:00,18420.0,18650.0,18420.0,18650.0,2.0,186500.0,182.0
2017-09-19 23:05:00,18650.0,18650.0,18650.0,18650.0,0.0,0.0,182.0
2017-09-19 23:10:00,18650.0,18660.0,18650.0,18660.0,2.0,186600.0,182.0
2017-09-19 23:15:00,18660.0,18660.0,18660.0,18660.0,8.0,746400.0,174.0
2017-09-19 23:20:00,18660.0,18660.0,18660.0,18660.0,0.0,0.0,174.0
2017-09-19 23:25:00,18660.0,18660.0,18660.0,18660.0,0.0,0.0,174.0
2017-09-19 23:30:00,18660.0,18660.0,18660.0,18660.0,0.0,0.0,174.0
2017-09-19 23:35:00,18660.0,18660.0,18660.0,18660.0,0.0,0.0,174.0
2017-09-19 23:40:00,18660.0,18660.0,18660.0,18660.0,0.0,0.0,174.0
2017-09-19 23:45:00,18695.0,18695.0,18695.0,18695.0,2.0,186950.0,176.0
2017-09-19 23:50:00,18695.0,18695.0,18695.0,18695.0,0.0,0.0,176.0
2017-09-19 23:55:00,18695.0,18695.0,18695.0,18695.0,0.0,0.0,176.0
2017-09-20 00:00:00,18695.0,18695.0,18695.0,18695.0,0.0,0.0,176.0
2017-09-20 00:05:00,18695.0,18695.0,18695.0,18695.0,0.0,0.0,176.0
2017-09-20 00:10:00,18695.0,18695.0,18695.0,18695.0,0.0,0.0,176.0
2017-09-20 00:15:00,18695.0,18695.0,18695.0,18695.0,0.0,0.0,176.0
2017-09-20 00:20:00,18695.0,18695.0,18695.0,18695.0,0.0,0.0,176.0
2017-09-20 00:25:00,18695.0,18695.0,18695.0,18695.0,0.0,0.0,176.0
2017-09-20 00:30:00,18695.0,18695.0,18695.0,18695.0,0.0,0.0,176.0
2017-09-20 00:35:00,18695.0,18695.0,18695.0,18695.0,0.0,0.0,176.0
2017-09-20 00:40:00,18695.0,18695.0,18695.0,18695.0,0.0,0.0,176.0
2017-09-20 00:45:00,18695.0,18695.0,18695.0,18695.0,0.0,0.0,176.0
2017-09-20 00:50:00,18695.0,18695.0,18695.0,18695.0,0.0,0.0,176.0
2017-09-20 00:55:00,18695.0,18695.0,18695.0,18695.0,0.0,0.0,176.0
2017-09-20 09:00:00,18695.0,18735.0,18695.0,18735.0,4.0,374650.0,172.0
2017-09-20 09:05:00,18735.0,18735.0,18735.0,18735.0,0.0,0.0,172.0
2017-09-20 09:10:00,18735.0,18735.0,18735.0,18735.0,0.0,0.0,172.0
2017-09-20 09:15:00,18735.0,18735.0,18735.0,18735.0,0.0,0.0,172.0
2017-09-20 09:20:00,18735.0,18735.0,18735.0,18735.0,0.0,0.0,172.0
2017-09-20 09:25:00,18735.0,18735.0,18735.0,18735.0,0.0,0.0,172.0
2017-09-20 09:30:00,18735.0,18735.0,18735.0,18735.0,0.0,0.0,172.0
2017-09-20 09:35:00,18735.0,18735.0,18735.0,18735.0,0.0,0.0,172.0
2017-09-20 09:40:00,18735.0,18735.0,18735.0,18735.0,0.0,0.0,172.0
2017-09-20 09:45:00,18735.0,18735.0,18735.0,18735.0,0.0,0.0,172.0
2017-09-20 09:50:00,18735.0,18735.0,18735.0,18735.0,0.0,0.0,172.0
2017-09-20 09:55:00,18735.0,18735.0,18735.0,18735.0,0.0,0.0,172.0
2017-09-20 10:00:00,18735.0,18735.0,18735.0,18735.0,0.0,0.0,172.0
2017-09-20 10:05:00,18735.0,18735.0,18735.0,18735.0,0.0,0.0,172.0
2017-09-20 10:10:00,18735.0,18735.0,18735.0,18735.0,0.0,0.0,172.0
2017-09-20 10:30:00,18735.0,18735.0,18735.0,18735.0,0.0,0.0,172.0
2017-09-20 10:35:00,18735.0,18735.0,18735.0,18735.0,0.0,0.0,172.0
2017-09-20 10:40:00,18735.0,18735.0,18735.0,18735.0,0.0,0.0,172.0
2017-09-20 10:45:00,18735.0,18735.0,18735.0,18735.0,0.0,0.0,172.0
2017-09-20 10:50:00,18735.0,18735.0,18735.0,18735.0,0.0,0.0,172.0
2017-09-20 10:55:00,18735.0,18735.0,18735.0,18735.0,0.0,0.0,172.0
2017-09-20 11:00:00,18735.0,18735.0,18735.0,18735.0,0.0,0.0,172.0
2017-09-20 11:05:00,18735.0,18735.0,18735.0,18735.0,0.0,0.0,172.0
2017-09-20 11:10:00,18735.0,18735.0,18735.0,18735.0,0.0,0.0,172.0
2017-09-20 11:15:00,18735.0,18735.0,18735.0,18735.0,0.0,0.0,172.0
2017-09-20 11:20:00,18735.0,18735.0,18735.0,18735.0,0.0,0.0,172.0
2017-09-20 11:25:00,18735.0,18910.0,18735.0,18910.0,20.0,1891000.0,152.0
2017-09-20 13:30:00,18910.0,18910.0,18910.0,18910.0,0.0,0.0,152.0
2017-09-20 13:35:00,18910.0,18910.0,18910.0,18910.0,0.0,0.0,152.0
2017-09-20 13:40:00,18910.0,18910.0,18910.0,18910.0,0.0,0.0,152.0
2017-09-20 13:45:00,18910.0,18910.0,18910.0,18910.0,0.0,0.0,152.0
2017-09-20 13:50:00,18910.0,18910.0,18910.0,18910.0,0.0,0.0,152.0
2017-09-20 13:55:00,18910.0,18910.0,18910.0,18910.0,0.0,0.0,152.0
2017-09-20 14:00:00,18910.0,18910.0,18910.0,18910.0,0.0,0.0,152.0
2017-09-20 14:05:00,18910.0,18910.0,18910.0,18910.0,0.0,0.0,152.0
2017-09-20 14:10:00,18910.0,18910.0,18910.0,18910.0,0.0,0.0,152.0
2017-09-20 14:15:00,18910.0,18910.0,18910.0,18910.0,0.0,0.0,152.0
2017-09-20 14:20:00,18910.0,18910.0,18910.0,18910.0,0.0,0.0,152.0
2017-09-20 14:25:00,18910.0,18910.0,18910.0,18910.0,0.0,0.0,152.0
2017-09-20 14:30:00,18910.0,18910.0,18910.0,18910.0,0.0,0.0,152.0
2017-09-20 14:35:00,18910.0,18910.0,18910.0,18910.0,0.0,0.0,152.0
2017-09-20 14:40:00,18910.0,18915.0,18910.0,18910.0,4.0,378250.0,152.0
2017-09-20 14:45:00,18910.0,18910.0,18910.0,18910.0,0.0,0.0,152.0
2017-09-20 14:50:00,18910.0,18910.0,18910.0,18910.0,0.0,0.0,152.0
2017-09-20 14:55:00,18910.0,18910.0,18910.0,18910.0,0.0,0.0,152.0
2017-09-20 21:00:00,18750.0,19500.0,18750.0,19500.0,4.0,390000.0,152.0
2017-09-20 21:05:00,19500.0,19500.0,19500.0,19500.0,0.0,0.0,152.0
2017-09-20 21:10:00,19500.0,19500.0,19135.0,19135.0,2.0,191350.0,154.0
2017-09-20 21:15:00,19140.0,19140.0,19140.0,19140.0,2.0,191400.0,154.0
2017-09-20 21:20:00,19140.0,19140.0,19140.0,19140.0,0.0,0.0,154.0
2017-09-20 21:25:00,19165.0,19165.0,19165.0,19165.0,2.0,191650.0,154.0
2017-09-20 21:30:00,19165.0,19165.0,19165.0,19165.0,0.0,0.0,154.0
2017-09-20 21:35:00,19165.0,19165.0,19165.0,19165.0,0.0,0.0,154.0
2017-09-20 21:40:00,19165.0,19165.0,19165.0,19165.0,0.0,0.0,154.0
2017-09-20 21:45:00,19165.0,19165.0,19165.0,19165.0,0.0,0.0,154.0
2017-09-20 21:50:00,19165.0,19165.0,19165.0,19165.0,0.0,0.0,154.0
2017-09-20 21:55:00,19165.0,19165.0,19165.0,19165.0,0.0,0.0,154.0
2017-09-20 22:00:00,19165.0,19315.0,19165.0,19315.0,2.0,193150.0,154.0
2017-09-20 22:05:00,19315.0,19315.0,19315.0,19315.0,0.0,0.0,154.0
2017-09-20 22:10:00,19315.0,19315.0,19170.0,19170.0,2.0,191700.0,156.0
2017-09-20 22:15:00,19170.0,19170.0,19170.0,19170.0,0.0,0.0,156.0
2017-09-20 22:20:00,19170.0,19170.0,19170.0,19170.0,0.0,0.0,156.0
2017-09-20 22:25:00,19170.0,19170.0,19170.0,19170.0,0.0,0.0,156.0
2017-09-20 22:30:00,19170.0,19170.0,19170.0,19170.0,0.0,0.0,156.0
2017-09-20 22:35:00,19170.0,19170.0,19170.0,19170.0,0.0,0.0,156.0
2017-09-20 22:40:00,19170.0,19170.0,19170.0,19170.0,0.0,0.0,156.0
2017-09-20 22:45:00,19170.0,19170.0,19170.0,19170.0,0.0,0.0,156.0
2017-09-20 22:50:00,19170.0,19170.0,19135.0,19135.0,2.0,191350.0,156.0
2017-09-20 22:55:00,19135.0,19135.0,19135.0,19135.0,4.0,382700.0,156.0
2017-09-20 23:00:00,19135.0,19135.0,19135.0,19135.0,0.0,0.0,156.0
2017-09-20 23:05:00,19135.0,19135.0,19135.0,19135.0,0.0,0.0,156.0
2017-09-20 23:10:00,19135.0,19135.0,19135.0,19135.0,0.0,0.0,156.0
2017-09-20 23:15:00,19135.0,19180.0,19135.0,19180.0,4.0,383550.0,156.0
2017-09-20 23:20:00,19180.0,19180.0,19180.0,19180.0,0.0,0.0,156.0
2017-09-20 23:25:00,19180.0,19180.0,19180.0,19180.0,0.0,0.0,156.0
2017-09-20 23:30:00,19180.0,19180.0,19180.0,19180.0,0.0,0.0,156.0
2017-09-20 23:35:00,19180.0,19180.0,19180.0,19180.0,0.0,0.0,156.0
2017-09-20 23:40:00,19180.0,19180.0,19180.0,19180.0,0.0,0.0,156.0
2017-09-20 23:45:00,19180.0,19180.0,19180.0,19180.0,0.0,0.0,156.0
2017-09-20 23:50:00,19180.0,19180.0,19180.0,19180.0,0.0,0.0,156.0
2017-09-20 23:55:00,19180.0,19180.0,19180.0,19180.0,0.0,0.0,156.0
2017-09-21 00:00:00,19180.0,19180.0,19180.0,19180.0,0.0,0.0,156.0
2017-09-21 00:05:00,19180.0,19180.0,19180.0,19180.0,0.0,0.0,156.0
2017-09-21 00:10:00,19180.0,19180.0,19180.0,19180.0,0.0,0.0,156.0
2017-09-21 00:15:00,19180.0,19180.0,19180.0,19180.0,0.0,0.0,156.0
2017-09-21 00:20:00,19180.0,19180.0,19180.0,19180.0,0.0,0.0,156.0
2017-09-21 00:25:00,19180.0,19180.0,19180.0,19180.0,0.0,0.0,156.0
2017-09-21 00:30:00,19180.0,19180.0,19180.0,19180.0,0.0,0.0,156.0
2017-09-21 00:35:00,19180.0,19180.0,19180.0,19180.0,0.0,0.0,156.0
2017-09-21 00:40:00,19180.0,19180.0,19180.0,19180.0,0.0,0.0,156.0
2017-09-21 00:45:00,19180.0,19180.0,19180.0,19180.0,0.0,0.0,156.0
2017-09-21 00:50:00,19180.0,19180.0,19180.0,19180.0,0.0,0.0,156.0
2017-09-21 00:55:00,19180.0,19180.0,19180.0,19180.0,0.0,0.0,156.0
2017-09-21 09:00:00,19180.0,19180.0,19180.0,19180.0,0.0,0.0,156.0
2017-09-21 09:05:00,19180.0,19185.0,19180.0,19185.0,2.0,191850.0,156.0
2017-09-21 09:10:00,19185.0,19185.0,19185.0,19185.0,0.0,0.0,156.0
2017-09-21 09:15:00,19185.0,19185.0,19185.0,19185.0,0.0,0.0,156.0
2017-09-21 09:20:00,19185.0,19185.0,19185.0,19185.0,0.0,0.0,156.0
2017-09-21 09:25:00,19185.0,19185.0,19185.0,19185.0,0.0,0.0,156.0
2017-09-21 09:30:00,19185.0,19185.0,19185.0,19185.0,0.0,0.0,156.0
2017-09-21 09:35:00,19185.0,19185.0,19185.0,19185.0,0.0,0.0,156.0
2017-09-21 09:40:00,19185.0,19185.0,19060.0,19060.0,2.0,190600.0,158.0
2017-09-21 09:45:00,19060.0,19130.0,19060.0,19130.0,2.0,191300.0,156.0
2017-09-21 09:50:00,19130.0,19130.0,19130.0,19130.0,0.0,0.0,156.0
2017-09-21 09:55:00,19130.0,19130.0,19130.0,19130.0,0.0,0.0,156.0
2017-09-21 10:00:00,19130.0,19140.0,19130.0,19140.0,2.0,191400.0,156.0
2017-09-21 10:05:00,19140.0,19140.0,19140.0,19140.0,0.0,0.0,156.0
2017-09-21 10:10:00,19140.0,19140.0,19140.0,19140.0,0.0,0.0,156.0
2017-09-21 10:30:00,19140.0,19140.0,18755.0,18755.0,16.0,1500400.0,156.0
2017-09-21 10:35:00,18950.0,18950.0,18820.0,18855.0,18.0,1697000.0,146.0
2017-09-21 10:40:00,18855.0,18855.0,18855.0,18855.0,0.0,0.0,146.0
2017-09-21 10:45:00,18855.0,18985.0,18855.0,18985.0,2.0,189850.0,144.0
2017-09-21 10:50:00,18985.0,18985.0,18985.0,18985.0,0.0,0.0,144.0
2017-09-21 10:55:00,18985.0,18985.0,18985.0,18985.0,0.0,0.0,144.0
2017-09-21 11:00:00,18985.0,18985.0,18985.0,18985.0,0.0,0.0,144.0
2017-09-21 11:05:00,18985.0,18985.0,18800.0,18800.0,2.0,188000.0,144.0
2017-09-21 11:10:00,18800.0,18800.0,18800.0,18800.0,0.0,0.0,144.0
2017-09-21 11:15:00,18800.0,18800.0,18800.0,18800.0,0.0,0.0,144.0
2017-09-21 11:20:00,18800.0,18800.0,18800.0,18800.0,0.0,0.0,144.0
2017-09-21 11:25:00,18800.0,18800.0,18800.0,18800.0,0.0,0.0,144.0
2017-09-21 13:30:00,18800.0,18800.0,18800.0,18800.0,0.0,0.0,144.0
2017-09-21 13:35:00,18800.0,18970.0,18800.0,18970.0,2.0,189700.0,142.0
2017-09-21 13:40:00,18970.0,18970.0,18970.0,18970.0,0.0,0.0,142.0
2017-09-21 13:45:00,18970.0,18970.0,18970.0,18970.0,0.0,0.0,142.0
2017-09-21 13:50:00,18970.0,18970.0,18970.0,18970.0,0.0,0.0,142.0
2017-09-21 13:55:00,18970.0,18970.0,18970.0,18970.0,0.0,0.0,142.0
2017-09-21 14:00:00,18970.0,18970.0,18970.0,18970.0,0.0,0.0,142.0
2017-09-21 14:05:00,18970.0,18970.0,18970.0,18970.0,0.0,0.0,142.0
2017-09-21 14:10:00,18970.0,18970.0,18970.0,18970.0,0.0,0.0,142.0
2017-09-21 14:15:00,18970.0,18970.0,18970.0,18970.0,0.0,0.0,142.0
2017-09-21 14:20:00,18970.0,18970.0,18970.0,18970.0,0.0,0.0,142.0
2017-09-21 14:25:00,18970.0,18970.0,18970.0,18970.0,0.0,0.0,142.0
2017-09-21 14:30:00,18970.0,18970.0,18970.0,18970.0,0.0,0.0,142.0
2017-09-21 14:35:00,18970.0,18970.0,18970.0,18970.0,0.0,0.0,142.0
2017-09-21 14:40:00,18970.0,18970.0,18970.0,18970.0,0.0,0.0,142.0
2017-09-21 14:45:00,18970.0,18970.0,18970.0,18970.0,0.0,0.0,142.0
2017-09-21 14:50:00,18970.0,18970.0,18970.0,18970.0,0.0,0.0,142.0
2017-09-21 14:55:00,18970.0,18970.0,18970.0,18970.0,0.0,0.0,142.0
2017-09-21 21:00:00,18990.0,18990.0,18875.0,18875.0,2.0,188750.0,142.0
2017-09-21 21:05:00,18875.0,18875.0,18875.0,18875.0,0.0,0.0,142.0
2017-09-21 21:10:00,18875.0,18875.0,18875.0,18875.0,0.0,0.0,142.0
2017-09-21 21:15:00,18875.0,18875.0,18875.0,18875.0,0.0,0.0,142.0
2017-09-21 21:20:00,18875.0,18875.0,18875.0,18875.0,0.0,0.0,142.0
2017-09-21 21:25:00,19045.0,19055.0,19045.0,19055.0,6.0,571550.0,142.0
2017-09-21 21:30:00,19055.0,19055.0,19055.0,19055.0,0.0,0.0,142.0
2017-09-21 21:35:00,19055.0,19055.0,19055.0,19055.0,0.0,0.0,142.0
2017-09-21 21:40:00,19055.0,19055.0,19055.0,19055.0,0.0,0.0,142.0
2017-09-21 21:45:00,19055.0,19055.0,18950.0,18950.0,6.0,568750.0,140.0
2017-09-21 21:50:00,18950.0,18950.0,18690.0,18690.0,4.0,373800.0,140.0
2017-09-21 21:55:00,18690.0,18690.0,18690.0,18690.0,0.0,0.0,140.0
2017-09-21 22:00:00,18690.0,18840.0,18690.0,18840.0,2.0,188400.0,140.0
2017-09-21 22:05:00,18840.0,18925.0,18840.0,18925.0,2.0,189250.0,140.0
2017-09-21 22:10:00,18925.0,18925.0,18925.0,18925.0,0.0,0.0,140.0
2017-09-21 22:15:00,18925.0,18925.0,18925.0,18925.0,0.0,0.0,140.0
2017-09-21 22:20:00,18925.0,18925.0,18925.0,18925.0,0.0,0.0,140.0
2017-09-21 22:25:00,18925.0,18925.0,18925.0,18925.0,0.0,0.0,140.0
2017-09-21 22:30:00,18925.0,18925.0,18925.0,18925.0,0.0,0.0,140.0
2017-09-21 22:35:00,18925.0,18925.0,18925.0,18925.0,0.0,0.0,140.0
2017-09-21 22:40:00,18925.0,18925.0,18925.0,18925.0,0.0,0.0,140.0
2017-09-21 22:45:00,18925.0,18925.0,18925.0,18925.0,0.0,0.0,140.0
2017-09-21 22:50:00,18925.0,18925.0,18925.0,18925.0,0.0,0.0,140.0
2017-09-21 22:55:00,18925.0,18925.0,18925.0,18925.0,0.0,0.0,140.0
2017-09-21 23:00:00,18925.0,18925.0,18925.0,18925.0,0.0,0.0,140.0
2017-09-21 23:05:00,18925.0,18925.0,18925.0,18925.0,0.0,0.0,140.0
2017-09-21 23:10:00,18925.0,18925.0,18925.0,18925.0,0.0,0.0,140.0
2017-09-21 23:15:00,18925.0,18925.0,18925.0,18925.0,0.0,0.0,140.0
2017-09-21 23:20:00,18925.0,18925.0,18925.0,18925.0,0.0,0.0,140.0
2017-09-21 23:25:00,18925.0,18925.0,18925.0,18925.0,0.0,0.0,140.0
2017-09-21 23:30:00,18925.0,18925.0,18925.0,18925.0,0.0,0.0,140.0
2017-09-21 23:35:00,18925.0,18925.0,18925.0,18925.0,0.0,0.0,140.0
2017-09-21 23:40:00,18925.0,18925.0,18925.0,18925.0,0.0,0.0,140.0
2017-09-21 23:45:00,18925.0,18925.0,18925.0,18925.0,0.0,0.0,140.0
2017-09-21 23:50:00,18925.0,18925.0,18925.0,18925.0,0.0,0.0,140.0
2017-09-21 23:55:00,18925.0,18925.0,18925.0,18925.0,0.0,0.0,140.0
2017-09-22 00:00:00,18925.0,18925.0,18925.0,18925.0,0.0,0.0,140.0
2017-09-22 00:05:00,18925.0,18925.0,18925.0,18925.0,0.0,0.0,140.0
2017-09-22 00:10:00,18925.0,18925.0,18925.0,18925.0,0.0,0.0,140.0
2017-09-22 00:15:00,18925.0,18925.0,18635.0,18635.0,2.0,186350.0,140.0
2017-09-22 00:20:00,18635.0,18635.0,18635.0,18635.0,0.0,0.0,140.0
2017-09-22 00:25:00,18635.0,18635.0,18635.0,18635.0,0.0,0.0,140.0
2017-09-22 00:30:00,18635.0,18635.0,18635.0,18635.0,0.0,0.0,140.0
2017-09-22 00:35:00,18635.0,18635.0,18460.0,18460.0,2.0,184600.0,138.0
2017-09-22 00:40:00,18460.0,18460.0,18460.0,18460.0,0.0,0.0,138.0
2017-09-22 00:45:00,18460.0,18460.0,18460.0,18460.0,0.0,0.0,138.0
2017-09-22 00:50:00,18460.0,18460.0,18460.0,18460.0,0.0,0.0,138.0
2017-09-22 00:55:00,18460.0,18460.0,18460.0,18460.0,0.0,0.0,138.0
2017-09-22 09:00:00,18460.0,18460.0,18460.0,18460.0,0.0,0.0,138.0
2017-09-22 09:05:00,18460.0,18460.0,18460.0,18460.0,0.0,0.0,138.0
2017-09-22 09:10:00,18460.0,18460.0,18460.0,18460.0,0.0,0.0,138.0
2017-09-22 09:15:00,18460.0,18460.0,18460.0,18460.0,0.0,0.0,138.0
2017-09-22 09:20:00,18460.0,18460.0,18460.0,18460.0,0.0,0.0,138.0
2017-09-22 09:25:00,18460.0,18460.0,18460.0,18460.0,0.0,0.0,138.0
2017-09-22 09:30:00,18460.0,18460.0,18460.0,18460.0,0.0,0.0,138.0
2017-09-22 09:35:00,18460.0,18460.0,18460.0,18460.0,0.0,0.0,138.0
2017-09-22 09:40:00,18460.0,18460.0,18460.0,18460.0,0.0,0.0,138.0
2017-09-22 09:45:00,18460.0,18460.0,18320.0,18320.0,2.0,183200.0,136.0
2017-09-22 09:50:00,18320.0,18320.0,18320.0,18320.0,0.0,0.0,136.0
2017-09-22 09:55:00,18320.0,18320.0,18320.0,18320.0,0.0,0.0,136.0
2017-09-22 10:00:00,18320.0,18320.0,18320.0,18320.0,0.0,0.0,136.0
2017-09-22 10:05:00,18320.0,18795.0,18320.0,18710.0,16.0,1488500.0,152.0
2017-09-22 10:10:00,18710.0,18710.0,18620.0,18655.0,6.0,559200.0,148.0
2017-09-22 10:30:00,18655.0,18655.0,18655.0,18655.0,0.0,0.0,148.0
2017-09-22 10:35:00,18655.0,18655.0,18655.0,18655.0,0.0,0.0,148.0
2017-09-22 10:40:00,18655.0,18655.0,18655.0,18655.0,0.0,0.0,148.0
2017-09-22 10:45:00,18655.0,18655.0,18655.0,18655.0,0.0,0.0,148.0
2017-09-22 10:50:00,18655.0,18655.0,18655.0,18655.0,0.0,0.0,148.0
2017-09-22 10:55:00,18655.0,18655.0,18655.0,18655.0,0.0,0.0,148.0
2017-09-22 11:00:00,18655.0,18655.0,18655.0,18655.0,0.0,0.0,148.0
2017-09-22 11:05:00,18655.0,18655.0,18655.0,18655.0,0.0,0.0,148.0
2017-09-22 11:10:00,18655.0,18655.0,18655.0,18655.0,0.0,0.0,148.0
2017-09-22 11:15:00,18655.0,18655.0,18655.0,18655.0,0.0,0.0,148.0
2017-09-22 11:20:00,18655.0,18655.0,18655.0,18655.0,2.0,186550.0,146.0
2017-09-22 11:25:00,18655.0,18655.0,18655.0,18655.0,0.0,0.0,146.0
2017-09-22 13:30:00,18655.0,18655.0,18655.0,18655.0,0.0,0.0,146.0
2017-09-22 13:35:00,18655.0,18655.0,18485.0,18485.0,4.0,371400.0,144.0
2017-09-22 13:40:00,18655.0,18655.0,18655.0,18655.0,2.0,186550.0,142.0
2017-09-22 13:45:00,18655.0,18655.0,18655.0,18655.0,0.0,0.0,142.0
2017-09-22 13:50:00,18655.0,18655.0,18655.0,18655.0,0.0,0.0,142.0
2017-09-22 13:55:00,18655.0,18655.0,18655.0,18655.0,0.0,0.0,142.0
2017-09-22 14:00:00,18655.0,18655.0,18655.0,18655.0,0.0,0.0,142.0
2017-09-22 14:05:00,18655.0,18655.0,18655.0,18655.0,0.0,0.0,142.0
2017-09-22 14:10:00,18655.0,18655.0,18655.0,18655.0,0.0,0.0,142.0
2017-09-22 14:15:00,18655.0,18655.0,18655.0,18655.0,0.0,0.0,142.0
2017-09-22 14:20:00,18655.0,18655.0,18655.0,18655.0,0.0,0.0,142.0
2017-09-22 14:25:00,18655.0,18655.0,18655.0,18655.0,0.0,0.0,142.0
2017-09-22 14:30:00,18655.0,18655.0,18655.0,18655.0,0.0,0.0,142.0
2017-09-22 14:35:00,18655.0,18655.0,18655.0,18655.0,0.0,0.0,142.0
2017-09-22 14:40:00,18655.0,18655.0,18655.0,18655.0,0.0,0.0,142.0
2017-09-22 14:45:00,18655.0,18655.0,18655.0,18655.0,0.0,0.0,142.0
2017-09-22 14:50:00,18655.0,18655.0,18655.0,18655.0,0.0,0.0,142.0
2017-09-22 14:55:00,18655.0,18655.0,18655.0,18655.0,0.0,0.0,142.0
2017-09-22 21:00:00,18710.0,18710.0,18710.0,18710.0,0.0,0.0,142.0
2017-09-22 21:05:00,18710.0,18710.0,18710.0,18710.0,0.0,0.0,142.0
2017-09-22 21:10:00,18710.0,18710.0,18710.0,18710.0,0.0,0.0,142.0
2017-09-22 21:15:00,18710.0,18710.0,18710.0,18710.0,0.0,0.0,142.0
2017-09-22 21:20:00,18710.0,18710.0,18710.0,18710.0,0.0,0.0,142.0
2017-09-22 21:25:00,18710.0,18760.0,18710.0,18760.0,4.0,375200.0,142.0
2017-09-22 21:30:00,18760.0,18760.0,18760.0,18760.0,0.0,0.0,142.0
2017-09-22 21:35:00,18760.0,18760.0,18760.0,18760.0,0.0,0.0,142.0
2017-09-22 21:40:00,18760.0,18760.0,18760.0,18760.0,0.0,0.0,142.0
2017-09-22 21:45:00,18760.0,18760.0,18760.0,18760.0,0.0,0.0,142.0
2017-09-22 21:50:00,18760.0,18760.0,18760.0,18760.0,0.0,0.0,142.0
2017-09-22 21:55:00,18760.0,18760.0,18760.0,18760.0,0.0,0.0,142.0
2017-09-22 22:00:00,18760.0,18910.0,18760.0,18910.0,2.0,189100.0,144.0
2017-09-22 22:05:00,18910.0,18915.0,18910.0,18915.0,2.0,189150.0,144.0
2017-09-22 22:10:00,18915.0,18915.0,18915.0,18915.0,0.0,0.0,144.0
2017-09-22 22:15:00,18915.0,18915.0,18915.0,18915.0,0.0,0.0,144.0
2017-09-22 22:20:00,18915.0,18915.0,18915.0,18915.0,0.0,0.0,144.0
2017-09-22 22:25:00,18915.0,18915.0,18915.0,18915.0,0.0,0.0,144.0
2017-09-22 22:30:00,18915.0,18915.0,18915.0,18915.0,0.0,0.0,144.0
2017-09-22 22:35:00,18915.0,18915.0,18915.0,18915.0,0.0,0.0,144.0
2017-09-22 22:40:00,18915.0,18915.0,18755.0,18755.0,2.0,187550.0,144.0
2017-09-22 22:45:00,18755.0,18755.0,18755.0,18755.0,0.0,0.0,144.0
2017-09-22 22:50:00,18755.0,18755.0,18755.0,18755.0,0.0,0.0,144.0
2017-09-22 22:55:00,18755.0,18755.0,18755.0,18755.0,0.0,0.0,144.0
2017-09-22 23:00:00,18755.0,18755.0,18755.0,18755.0,0.0,0.0,144.0
2017-09-22 23:05:00,18755.0,18755.0,18755.0,18755.0,0.0,0.0,144.0
2017-09-22 23:10:00,18755.0,18755.0,18755.0,18755.0,0.0,0.0,144.0
2017-09-22 23:15:00,18855.0,18855.0,18845.0,18845.0,4.0,377000.0,142.0
2017-09-22 23:20:00,18845.0,18845.0,18845.0,18845.0,0.0,0.0,142.0
2017-09-22 23:25:00,18785.0,18815.0,18785.0,18815.0,4.0,376000.0,138.0
2017-09-22 23:30:00,18815.0,18815.0,18810.0,18810.0,2.0,188100.0,140.0
2017-09-22 23:35:00,18810.0,18810.0,18810.0,18810.0,0.0,0.0,140.0
2017-09-22 23:40:00,18810.0,18810.0,18810.0,18810.0,0.0,0.0,140.0
2017-09-22 23:45:00,18810.0,18810.0,18810.0,18810.0,0.0,0.0,140.0
2017-09-22 23:50:00,18810.0,18810.0,18810.0,18810.0,0.0,0.0,140.0
2017-09-22 23:55:00,18810.0,18810.0,18810.0,18810.0,0.0,0.0,140.0
2017-09-23 00:00:00,18810.0,18810.0,18810.0,18810.0,0.0,0.0,140.0
2017-09-23 00:05:00,18810.0,18810.0,18810.0,18810.0,0.0,0.0,140.0
2017-09-23 00:10:00,18810.0,18810.0,18810.0,18810.0,0.0,0.0,140.0
2017-09-23 00:15:00,18810.0,18810.0,18810.0,18810.0,0.0,0.0,140.0
2017-09-23 00:20:00,18810.0,18810.0,18810.0,18810.0,0.0,0.0,140.0
2017-09-23 00:25:00,18810.0,18810.0,18810.0,18810.0,0.0,0.0,140.0
2017-09-23 00:30:00,18810.0,18810.0,18810.0,18810.0,0.0,0.0,140.0
2017-09-23 00:35:00,18810.0,18810.0,18810.0,18810.0,0.0,0.0,140.0
2017-09-23 00:40:00,18810.0,18810.0,18810.0,18810.0,0.0,0.0,140.0
2017-09-23 00:45:00,18810.0,18810.0,18810.0,18810.0,0.0,0.0,140.0
2017-09-23 00:50:00,18810.0,18810.0,18810.0,18810.0,0.0,0.0,140.0
2017-09-23 00:55:00,18810.0,18810.0,18810.0,18810.0,0.0,0.0,140.0
2017-09-25 09:00:00,18810.0,18810.0,18810.0,18810.0,0.0,0.0,140.0
2017-09-25 09:05:00,18895.0,18895.0,18895.0,18895.0,2.0,188950.0,140.0
2017-09-25 09:10:00,18895.0,18895.0,18850.0,18880.0,4.0,377300.0,140.0
2017-09-25 09:15:00,18880.0,18880.0,18880.0,18880.0,0.0,0.0,140.0
2017-09-25 09:20:00,18880.0,18945.0,18880.0,18945.0,10.0,947250.0,130.0
2017-09-25 09:25:00,18945.0,18945.0,18945.0,18945.0,0.0,0.0,130.0
2017-09-25 09:30:00,18945.0,18945.0,18945.0,18945.0,0.0,0.0,130.0
2017-09-25 09:35:00,18945.0,18945.0,18945.0,18945.0,0.0,0.0,130.0
2017-09-25 09:40:00,18945.0,18945.0,18945.0,18945.0,0.0,0.0,130.0
2017-09-25 09:45:00,18945.0,18945.0,18945.0,18945.0,0.0,0.0,130.0
2017-09-25 09:50:00,18945.0,18945.0,18945.0,18945.0,0.0,0.0,130.0
2017-09-25 09:55:00,18945.0,18945.0,18945.0,18945.0,0.0,0.0,130.0
2017-09-25 10:00:00,18945.0,18945.0,18945.0,18945.0,0.0,0.0,130.0
2017-09-25 10:05:00,18945.0,18945.0,18945.0,18945.0,0.0,0.0,130.0
2017-09-25 10:10:00,18945.0,18945.0,18945.0,18945.0,0.0,0.0,130.0
2017-09-25 10:30:00,18945.0,18945.0,18945.0,18945.0,0.0,0.0,130.0
2017-09-25 10:35:00,18945.0,18945.0,18945.0,18945.0,0.0,0.0,130.0
2017-09-25 10:40:00,18945.0,18945.0,18945.0,18945.0,0.0,0.0,130.0
2017-09-25 10:45:00,18945.0,18945.0,18945.0,18945.0,0.0,0.0,130.0
2017-09-25 10:50:00,18945.0,18945.0,18945.0,18945.0,0.0,0.0,130.0
2017-09-25 10:55:00,18945.0,18945.0,18945.0,18945.0,0.0,0.0,130.0
2017-09-25 11:00:00,18945.0,18945.0,18945.0,18945.0,0.0,0.0,130.0
2017-09-25 11:05:00,18945.0,18945.0,18945.0,18945.0,0.0,0.0,130.0
2017-09-25 11:10:00,18945.0,18945.0,18945.0,18945.0,0.0,0.0,130.0
2017-09-25 11:15:00,18945.0,18945.0,18945.0,18945.0,0.0,0.0,130.0
2017-09-25 11:20:00,18945.0,18945.0,18945.0,18945.0,0.0,0.0,130.0
2017-09-25 11:25:00,18945.0,18945.0,18945.0,18945.0,0.0,0.0,130.0
2017-09-25 13:30:00,18945.0,18945.0,18945.0,18945.0,0.0,0.0,130.0
2017-09-25 13:35:00,18945.0,18945.0,18945.0,18945.0,0.0,0.0,130.0
2017-09-25 13:40:00,18945.0,18945.0,18945.0,18945.0,0.0,0.0,130.0
2017-09-25 13:45:00,18945.0,18965.0,18945.0,18965.0,2.0,189650.0,132.0
2017-09-25 13:50:00,18965.0,18965.0,18965.0,18965.0,0.0,0.0,132.0
2017-09-25 13:55:00,18965.0,18965.0,18965.0,18965.0,0.0,0.0,132.0
2017-09-25 14:00:00,18965.0,18965.0,18965.0,18965.0,0.0,0.0,132.0
2017-09-25 14:05:00,18965.0,18965.0,18965.0,18965.0,0.0,0.0,132.0
2017-09-25 14:10:00,18965.0,18965.0,18965.0,18965.0,0.0,0.0,132.0
2017-09-25 14:15:00,18965.0,18965.0,18965.0,18965.0,0.0,0.0,132.0
2017-09-25 14:20:00,18965.0,18965.0,18965.0,18965.0,0.0,0.0,132.0
2017-09-25 14:25:00,18965.0,18965.0,18965.0,18965.0,0.0,0.0,132.0
2017-09-25 14:30:00,18965.0,18965.0,18965.0,18965.0,0.0,0.0,132.0
2017-09-25 14:35:00,18965.0,18965.0,18965.0,18965.0,0.0,0.0,132.0
2017-09-25 14:40:00,18965.0,18965.0,18965.0,18965.0,0.0,0.0,132.0
2017-09-25 14:45:00,18965.0,18965.0,18965.0,18965.0,0.0,0.0,132.0
2017-09-25 14:50:00,18965.0,18965.0,18680.0,18680.0,4.0,373650.0,132.0
2017-09-25 14:55:00,18680.0,18680.0,18680.0,18680.0,0.0,0.0,132.0
2017-09-25 21:00:00,18850.0,18850.0,18850.0,18850.0,0.0,0.0,132.0
2017-09-25 21:05:00,18850.0,18940.0,18850.0,18940.0,2.0,189400.0,134.0
2017-09-25 21:10:00,18940.0,18940.0,18940.0,18940.0,0.0,0.0,134.0
2017-09-25 21:15:00,18940.0,18940.0,18835.0,18835.0,2.0,188350.0,136.0
2017-09-25 21:20:00,18835.0,18835.0,18835.0,18835.0,0.0,0.0,136.0
2017-09-25 21:25:00,18835.0,18835.0,18835.0,18835.0,0.0,0.0,136.0
2017-09-25 21:30:00,18835.0,18835.0,18835.0,18835.0,0.0,0.0,136.0
2017-09-25 21:35:00,18835.0,18835.0,18835.0,18835.0,0.0,0.0,136.0
2017-09-25 21:40:00,18835.0,18835.0,18835.0,18835.0,0.0,0.0,136.0
2017-09-25 21:45:00,18835.0,18835.0,18835.0,18835.0,0.0,0.0,136.0
2017-09-25 21:50:00,18835.0,18900.0,18835.0,18900.0,2.0,189000.0,136.0
2017-09-25 21:55:00,18900.0,18900.0,18900.0,18900.0,0.0,0.0,136.0
2017-09-25 22:00:00,18900.0,18900.0,18900.0,18900.0,0.0,0.0,136.0
2017-09-25 22:05:00,18900.0,18900.0,18900.0,18900.0,0.0,0.0,136.0
2017-09-25 22:10:00,18900.0,19000.0,18900.0,19000.0,2.0,190000.0,136.0
2017-09-25 22:15:00,19000.0,19000.0,19000.0,19000.0,0.0,0.0,136.0
2017-09-25 22:20:00,19000.0,19000.0,19000.0,19000.0,0.0,0.0,136.0
2017-09-25 22:25:00,19000.0,19000.0,19000.0,19000.0,0.0,0.0,136.0
2017-09-25 22:30:00,19000.0,19000.0,19000.0,19000.0,0.0,0.0,136.0
2017-09-25 22:35:00,19000.0,19000.0,19000.0,19000.0,0.0,0.0,136.0
2017-09-25 22:40:00,19000.0,19000.0,19000.0,19000.0,0.0,0.0,136.0
2017-09-25 22:45:00,19000.0,19000.0,19000.0,19000.0,0.0,0.0,136.0
2017-09-25 22:50:00,19000.0,19000.0,19000.0,19000.0,0.0,0.0,136.0
2017-09-25 22:55:00,19000.0,19000.0,19000.0,19000.0,0.0,0.0,136.0
2017-09-25 23:00:00,19000.0,19000.0,19000.0,19000.0,0.0,0.0,136.0
2017-09-25 23:05:00,19000.0,19000.0,19000.0,19000.0,0.0,0.0,136.0
2017-09-25 23:10:00,19000.0,19000.0,19000.0,19000.0,0.0,0.0,136.0
2017-09-25 23:15:00,19000.0,19000.0,19000.0,19000.0,0.0,0.0,136.0
2017-09-25 23:20:00,19000.0,19000.0,19000.0,19000.0,0.0,0.0,136.0
2017-09-25 23:25:00,19000.0,19000.0,19000.0,19000.0,0.0,0.0,136.0
2017-09-25 23:30:00,19000.0,19000.0,19000.0,19000.0,0.0,0.0,136.0
2017-09-25 23:35:00,19000.0,19000.0,19000.0,19000.0,0.0,0.0,136.0
2017-09-25 23:40:00,19000.0,19000.0,19000.0,19000.0,0.0,0.0,136.0
2017-09-25 23:45:00,19000.0,19000.0,19000.0,19000.0,0.0,0.0,136.0
2017-09-25 23:50:00,19000.0,19000.0,19000.0,19000.0,0.0,0.0,136.0
2017-09-25 23:55:00,19000.0,19000.0,19000.0,19000.0,0.0,0.0,136.0
2017-09-26 00:00:00,19000.0,19000.0,19000.0,19000.0,0.0,0.0,136.0
2017-09-26 00:05:00,19000.0,19000.0,19000.0,19000.0,0.0,0.0,136.0
2017-09-26 00:10:00,19000.0,19000.0,19000.0,19000.0,0.0,0.0,136.0
2017-09-26 00:15:00,19000.0,19000.0,19000.0,19000.0,0.0,0.0,136.0
2017-09-26 00:20:00,19000.0,19000.0,19000.0,19000.0,0.0,0.0,136.0
2017-09-26 00:25:00,19000.0,19000.0,19000.0,19000.0,0.0,0.0,136.0
2017-09-26 00:30:00,19000.0,19000.0,19000.0,19000.0,0.0,0.0,136.0
2017-09-26 00:35:00,19000.0,19000.0,19000.0,19000.0,0.0,0.0,136.0
2017-09-26 00:40:00,19000.0,19000.0,19000.0,19000.0,0.0,0.0,136.0
2017-09-26 00:45:00,19000.0,19000.0,19000.0,19000.0,0.0,0.0,136.0
2017-09-26 00:50:00,19000.0,19000.0,19000.0,19000.0,0.0,0.0,136.0
2017-09-26 00:55:00,19000.0,19000.0,19000.0,19000.0,0.0,0.0,136.0
2017-09-26 09:00:00,19000.0,19000.0,19000.0,19000.0,0.0,0.0,136.0
2017-09-26 09:05:00,19000.0,19000.0,19000.0,19000.0,0.0,0.0,136.0
2017-09-26 09:10:00,19000.0,19000.0,19000.0,19000.0,0.0,0.0,136.0
2017-09-26 09:15:00,19000.0,19000.0,19000.0,19000.0,0.0,0.0,136.0
2017-09-26 09:20:00,19000.0,19000.0,19000.0,19000.0,0.0,0.0,136.0
2017-09-26 09:25:00,19000.0,19000.0,19000.0,19000.0,0.0,0.0,136.0
2017-09-26 09:30:00,19000.0,19000.0,19000.0,19000.0,0.0,0.0,136.0
2017-09-26 09:35:00,19000.0,19000.0,19000.0,19000.0,0.0,0.0,136.0
2017-09-26 09:40:00,19000.0,19000.0,19000.0,19000.0,0.0,0.0,136.0
2017-09-26 09:45:00,19000.0,19010.0,19000.0,19010.0,2.0,190100.0,134.0
2017-09-26 09:50:00,19010.0,19010.0,19010.0,19010.0,0.0,0.0,134.0
2017-09-26 09:55:00,19010.0,19010.0,19010.0,19010.0,0.0,0.0,134.0
2017-09-26 10:00:00,19010.0,19010.0,19010.0,19010.0,0.0,0.0,134.0
2017-09-26 10:05:00,19010.0,19010.0,19010.0,19010.0,0.0,0.0,134.0
2017-09-26 10:10:00,19010.0,19010.0,19010.0,19010.0,0.0,0.0,134.0
2017-09-26 10:30:00,19010.0,19010.0,19010.0,19010.0,0.0,0.0,134.0
2017-09-26 10:35:00,19010.0,19010.0,19010.0,19010.0,0.0,0.0,134.0
2017-09-26 10:40:00,19010.0,19010.0,19010.0,19010.0,0.0,0.0,134.0
2017-09-26 10:45:00,19010.0,19010.0,19010.0,19010.0,0.0,0.0,134.0
2017-09-26 10:50:00,19010.0,19010.0,19010.0,19010.0,0.0,0.0,134.0
2017-09-26 10:55:00,19010.0,19010.0,19010.0,19010.0,0.0,0.0,134.0
2017-09-26 11:00:00,19010.0,19060.0,19010.0,19060.0,2.0,190600.0,134.0
2017-09-26 11:05:00,19060.0,19060.0,19060.0,19060.0,0.0,0.0,134.0
2017-09-26 11:10:00,19060.0,19060.0,19060.0,19060.0,0.0,0.0,134.0
2017-09-26 11:15:00,19100.0,19140.0,19100.0,19140.0,6.0,573800.0,134.0
2017-09-26 11:20:00,19140.0,19195.0,19140.0,19195.0,4.0,383900.0,134.0
2017-09-26 11:25:00,19195.0,19210.0,19195.0,19210.0,4.0,384150.0,132.0
2017-09-26 13:30:00,19210.0,19210.0,19210.0,19210.0,0.0,0.0,132.0
2017-09-26 13:35:00,19210.0,19210.0,19210.0,19210.0,0.0,0.0,132.0
2017-09-26 13:40:00,19210.0,19210.0,19210.0,19210.0,0.0,0.0,132.0
2017-09-26 13:45:00,19210.0,19210.0,19210.0,19210.0,0.0,0.0,132.0
2017-09-26 13:50:00,19210.0,19210.0,19210.0,19210.0,0.0,0.0,132.0
2017-09-26 13:55:00,19210.0,19210.0,19210.0,19210.0,0.0,0.0,132.0
2017-09-26 14:00:00,19210.0,19210.0,19210.0,19210.0,0.0,0.0,132.0
2017-09-26 14:05:00,19210.0,19210.0,19210.0,19210.0,0.0,0.0,132.0
2017-09-26 14:10:00,19210.0,19210.0,19210.0,19210.0,0.0,0.0,132.0
2017-09-26 14:15:00,19210.0,19210.0,19210.0,19210.0,0.0,0.0,132.0
2017-09-26 14:20:00,19210.0,19210.0,19210.0,19210.0,0.0,0.0,132.0
2017-09-26 14:25:00,19210.0,19210.0,19210.0,19210.0,0.0,0.0,132.0
2017-09-26 14:30:00,19210.0,19210.0,19210.0,19210.0,0.0,0.0,132.0
2017-09-26 14:35:00,19210.0,19210.0,19210.0,19210.0,0.0,0.0,132.0
2017-09-26 14:40:00,19210.0,19210.0,19210.0,19210.0,0.0,0.0,132.0
2017-09-26 14:45:00,19210.0,19210.0,19210.0,19210.0,0.0,0.0,132.0
2017-09-26 14:50:00,19210.0,19210.0,19210.0,19210.0,0.0,0.0,132.0
2017-09-26 14:55:00,19210.0,19210.0,19210.0,19210.0,0.0,0.0,132.0
2017-09-26 21:00:00,19070.0,19070.0,19070.0,19070.0,0.0,0.0,132.0
2017-09-26 21:05:00,19070.0,19070.0,19050.0,19065.0,4.0,381150.0,130.0
2017-09-26 21:10:00,19065.0,19065.0,19065.0,19065.0,0.0,0.0,130.0
2017-09-26 21:15:00,19065.0,19065.0,19060.0,19060.0,2.0,190600.0,128.0
2017-09-26 21:20:00,19045.0,19045.0,19045.0,19045.0,2.0,190450.0,128.0
2017-09-26 21:25:00,19045.0,19045.0,19025.0,19025.0,2.0,190250.0,128.0
2017-09-26 21:30:00,19025.0,19025.0,19020.0,19020.0,2.0,190200.0,128.0
2017-09-26 21:35:00,19020.0,19020.0,19020.0,19020.0,0.0,0.0,128.0
2017-09-26 21:40:00,19020.0,19020.0,19020.0,19020.0,0.0,0.0,128.0
2017-09-26 21:45:00,19020.0,19020.0,19020.0,19020.0,0.0,0.0,128.0
2017-09-26 21:50:00,19020.0,19020.0,19020.0,19020.0,0.0,0.0,128.0
2017-09-26 21:55:00,19020.0,19020.0,19020.0,19020.0,0.0,0.0,128.0
2017-09-26 22:00:00,19020.0,19020.0,19020.0,19020.0,0.0,0.0,128.0
2017-09-26 22:05:00,19020.0,19020.0,19020.0,19020.0,0.0,0.0,128.0
2017-09-26 22:10:00,19145.0,19155.0,19145.0,19155.0,22.0,2106100.0,128.0
2017-09-26 22:15:00,19155.0,19155.0,19155.0,19155.0,0.0,0.0,128.0
2017-09-26 22:20:00,19155.0,19155.0,19155.0,19155.0,0.0,0.0,128.0
2017-09-26 22:25:00,19155.0,19175.0,19155.0,19175.0,6.0,575100.0,126.0
2017-09-26 22:30:00,19180.0,19185.0,19180.0,19185.0,4.0,383650.0,122.0
2017-09-26 22:35:00,19185.0,19185.0,19185.0,19185.0,0.0,0.0,122.0
2017-09-26 22:40:00,19185.0,19185.0,19185.0,19185.0,0.0,0.0,122.0
2017-09-26 22:45:00,19185.0,19185.0,19185.0,19185.0,0.0,0.0,122.0
2017-09-26 22:50:00,19185.0,19185.0,19185.0,19185.0,0.0,0.0,122.0
2017-09-26 22:55:00,19185.0,19185.0,19185.0,19185.0,0.0,0.0,122.0
2017-09-26 23:00:00,19185.0,19185.0,19185.0,19185.0,0.0,0.0,122.0
2017-09-26 23:05:00,19185.0,19185.0,19185.0,19185.0,0.0,0.0,122.0
2017-09-26 23:10:00,19185.0,19185.0,19185.0,19185.0,0.0,0.0,122.0
2017-09-26 23:15:00,19185.0,19185.0,19185.0,19185.0,0.0,0.0,122.0
2017-09-26 23:20:00,19185.0,19255.0,19185.0,19255.0,2.0,192550.0,120.0
2017-09-26 23:25:00,19255.0,19255.0,19255.0,19255.0,2.0,192550.0,120.0
2017-09-26 23:30:00,19255.0,19255.0,19225.0,19235.0,4.0,384600.0,120.0
2017-09-26 23:35:00,19235.0,19235.0,19235.0,19235.0,0.0,0.0,120.0
2017-09-26 23:40:00,19235.0,19270.0,19235.0,19270.0,2.0,192700.0,118.0
2017-09-26 23:45:00,19270.0,19270.0,19270.0,19270.0,0.0,0.0,118.0
2017-09-26 23:50:00,19270.0,19270.0,19270.0,19270.0,0.0,0.0,118.0
2017-09-26 23:55:00,19270.0,19270.0,19270.0,19270.0,0.0,0.0,118.0
2017-09-27 00:00:00,19270.0,19270.0,19270.0,19270.0,0.0,0.0,118.0
2017-09-27 00:05:00,19270.0,19270.0,19270.0,19270.0,0.0,0.0,118.0
2017-09-27 00:10:00,19270.0,19270.0,19270.0,19270.0,0.0,0.0,118.0
2017-09-27 00:15:00,19270.0,19270.0,19270.0,19270.0,0.0,0.0,118.0
2017-09-27 00:20:00,19270.0,19270.0,19270.0,19270.0,0.0,0.0,118.0
2017-09-27 00:25:00,19270.0,19270.0,19270.0,19270.0,0.0,0.0,118.0
2017-09-27 00:30:00,19270.0,19270.0,19270.0,19270.0,0.0,0.0,118.0
2017-09-27 00:35:00,19270.0,19270.0,19270.0,19270.0,0.0,0.0,118.0
2017-09-27 00:40:00,19270.0,19270.0,19270.0,19270.0,0.0,0.0,118.0
2017-09-27 00:45:00,19270.0,19270.0,19270.0,19270.0,0.0,0.0,118.0
2017-09-27 00:50:00,19270.0,19270.0,19270.0,19270.0,0.0,0.0,118.0
2017-09-27 00:55:00,19270.0,19270.0,19270.0,19270.0,0.0,0.0,118.0
2017-09-27 09:00:00,19270.0,19270.0,19270.0,19270.0,0.0,0.0,118.0
2017-09-27 09:05:00,19270.0,19270.0,19215.0,19215.0,8.0,768750.0,120.0
2017-09-27 09:10:00,19215.0,19215.0,19215.0,19215.0,0.0,0.0,120.0
2017-09-27 09:15:00,19215.0,19280.0,19215.0,19280.0,10.0,963900.0,124.0
2017-09-27 09:20:00,19280.0,19280.0,19280.0,19280.0,0.0,0.0,124.0
2017-09-27 09:25:00,19280.0,19280.0,19280.0,19280.0,4.0,385600.0,128.0
2017-09-27 09:30:00,19280.0,19285.0,19280.0,19285.0,2.0,192850.0,126.0
2017-09-27 09:35:00,19285.0,19285.0,19285.0,19285.0,0.0,0.0,126.0
2017-09-27 09:40:00,19285.0,19285.0,19285.0,19285.0,0.0,0.0,126.0
2017-09-27 09:45:00,19285.0,19285.0,19280.0,19280.0,4.0,385600.0,122.0
2017-09-27 09:50:00,19280.0,19280.0,19280.0,19280.0,0.0,0.0,122.0
2017-09-27 09:55:00,19300.0,19320.0,19300.0,19320.0,6.0,579400.0,126.0
2017-09-27 10:00:00,19320.0,19320.0,19270.0,19270.0,4.0,385400.0,122.0
2017-09-27 10:05:00,19270.0,19320.0,19270.0,19320.0,4.0,386400.0,126.0
2017-09-27 10:10:00,19320.0,19320.0,19320.0,19320.0,0.0,0.0,126.0
2017-09-27 10:30:00,19320.0,19320.0,19300.0,19300.0,4.0,386000.0,130.0
2017-09-27 10:35:00,19300.0,19300.0,19300.0,19300.0,0.0,0.0,130.0
2017-09-27 10:40:00,19300.0,19300.0,19300.0,19300.0,0.0,0.0,130.0
2017-09-27 10:45:00,19300.0,19345.0,19300.0,19345.0,4.0,386900.0,130.0
2017-09-27 10:50:00,19345.0,19345.0,19345.0,19345.0,0.0,0.0,130.0
2017-09-27 10:55:00,19345.0,19345.0,19345.0,19345.0,0.0,0.0,130.0
2017-09-27 11:00:00,19345.0,19345.0,19345.0,19345.0,0.0,0.0,130.0
2017-09-27 11:05:00,19345.0,19345.0,19345.0,19345.0,0.0,0.0,130.0
2017-09-27 11:10:00,19345.0,19395.0,19345.0,19395.0,4.0,387900.0,132.0
2017-09-27 11:15:00,19495.0,19495.0,19495.0,19495.0,2.0,194950.0,134.0
2017-09-27 11:20:00,19495.0,19495.0,19495.0,19495.0,0.0,0.0,134.0
2017-09-27 11:25:00,19495.0,19495.0,19495.0,19495.0,0.0,0.0,134.0
2017-09-27 13:30:00,19495.0,19495.0,19495.0,19495.0,0.0,0.0,134.0
2017-09-27 13:35:00,19495.0,19495.0,19495.0,19495.0,0.0,0.0,134.0
2017-09-27 13:40:00,19495.0,19495.0,19495.0,19495.0,0.0,0.0,134.0
2017-09-27 13:45:00,19495.0,19495.0,19495.0,19495.0,0.0,0.0,134.0
2017-09-27 13:50:00,19495.0,19495.0,19495.0,19495.0,0.0,0.0,134.0
2017-09-27 13:55:00,19495.0,19495.0,19495.0,19495.0,0.0,0.0,134.0
2017-09-27 14:00:00,19495.0,19495.0,19495.0,19495.0,0.0,0.0,134.0
2017-09-27 14:05:00,19495.0,19495.0,19495.0,19495.0,0.0,0.0,134.0
2017-09-27 14:10:00,19495.0,19495.0,19495.0,19495.0,0.0,0.0,134.0
2017-09-27 14:15:00,19495.0,19495.0,19495.0,19495.0,0.0,0.0,134.0
2017-09-27 14:20:00,19495.0,19495.0,19495.0,19495.0,0.0,0.0,134.0
2017-09-27 14:25:00,19495.0,19495.0,19495.0,19495.0,0.0,0.0,134.0
2017-09-27 14:30:00,19495.0,19495.0,19495.0,19495.0,0.0,0.0,134.0
2017-09-27 14:35:00,19495.0,19495.0,19495.0,19495.0,0.0,0.0,134.0
2017-09-27 14:40:00,19495.0,19495.0,19450.0,19450.0,2.0,194500.0,134.0
2017-09-27 14:45:00,19450.0,19450.0,19450.0,19450.0,0.0,0.0,134.0
2017-09-27 14:50:00,19450.0,19450.0,19305.0,19305.0,4.0,386100.0,134.0
2017-09-27 14:55:00,19305.0,19305.0,19305.0,19305.0,0.0,0.0,134.0
2017-09-27 21:00:00,19230.0,19305.0,19230.0,19305.0,4.0,386100.0,130.0
2017-09-27 21:05:00,19310.0,19310.0,19200.0,19200.0,6.0,578200.0,126.0
2017-09-27 21:10:00,19200.0,19200.0,19200.0,19200.0,0.0,0.0,126.0
2017-09-27 21:15:00,19200.0,19200.0,19200.0,19200.0,0.0,0.0,126.0
2017-09-27 21:20:00,19200.0,19200.0,19200.0,19200.0,0.0,0.0,126.0
2017-09-27 21:25:00,19250.0,19255.0,19250.0,19255.0,6.0,577550.0,128.0
2017-09-27 21:30:00,19255.0,19255.0,19255.0,19255.0,0.0,0.0,128.0
2017-09-27 21:35:00,19255.0,19255.0,19255.0,19255.0,0.0,0.0,128.0
2017-09-27 21:40:00,19255.0,19255.0,19255.0,19255.0,0.0,0.0,128.0
2017-09-27 21:45:00,19255.0,19255.0,19255.0,19255.0,0.0,0.0,128.0
2017-09-27 21:50:00,19255.0,19255.0,19255.0,19255.0,0.0,0.0,128.0
2017-09-27 21:55:00,19255.0,19255.0,19255.0,19255.0,0.0,0.0,128.0
2017-09-27 22:00:00,19255.0,19255.0,19240.0,19240.0,4.0,384800.0,128.0
2017-09-27 22:05:00,19240.0,19240.0,19240.0,19240.0,0.0,0.0,128.0
2017-09-27 22:10:00,19240.0,19240.0,19240.0,19240.0,0.0,0.0,128.0
2017-09-27 22:15:00,19240.0,19240.0,19240.0,19240.0,0.0,0.0,128.0
2017-09-27 22:20:00,19190.0,19240.0,19190.0,19240.0,6.0,576200.0,122.0
2017-09-27 22:25:00,19240.0,19240.0,19240.0,19240.0,0.0,0.0,122.0
2017-09-27 22:30:00,19240.0,19240.0,19240.0,19240.0,0.0,0.0,122.0
2017-09-27 22:35:00,19240.0,19240.0,19240.0,19240.0,0.0,0.0,122.0
2017-09-27 22:40:00,19240.0,19240.0,19240.0,19240.0,0.0,0.0,122.0
2017-09-27 22:45:00,19240.0,19240.0,19240.0,19240.0,0.0,0.0,122.0
2017-09-27 22:50:00,19240.0,19240.0,19240.0,19240.0,0.0,0.0,122.0
2017-09-27 22:55:00,19240.0,19240.0,19240.0,19240.0,0.0,0.0,122.0
2017-09-27 23:00:00,19240.0,19240.0,19240.0,19240.0,0.0,0.0,122.0
2017-09-27 23:05:00,19240.0,19240.0,19240.0,19240.0,0.0,0.0,122.0
2017-09-27 23:10:00,19240.0,19240.0,19240.0,19240.0,0.0,0.0,122.0
2017-09-27 23:15:00,19240.0,19240.0,19240.0,19240.0,0.0,0.0,122.0
2017-09-27 23:20:00,19240.0,19240.0,19240.0,19240.0,0.0,0.0,122.0
2017-09-27 23:25:00,19240.0,19240.0,19240.0,19240.0,0.0,0.0,122.0
2017-09-27 23:30:00,19240.0,19240.0,19240.0,19240.0,0.0,0.0,122.0
2017-09-27 23:35:00,19240.0,19240.0,19240.0,19240.0,0.0,0.0,122.0
2017-09-27 23:40:00,19240.0,19240.0,19240.0,19240.0,0.0,0.0,122.0
2017-09-27 23:45:00,19240.0,19240.0,19240.0,19240.0,0.0,0.0,122.0
2017-09-27 23:50:00,19240.0,19240.0,19240.0,19240.0,0.0,0.0,122.0
2017-09-27 23:55:00,19240.0,19240.0,19240.0,19240.0,0.0,0.0,122.0
2017-09-28 00:00:00,19240.0,19240.0,19240.0,19240.0,0.0,0.0,122.0
2017-09-28 00:05:00,19240.0,19240.0,19240.0,19240.0,0.0,0.0,122.0
2017-09-28 00:10:00,19240.0,19240.0,19240.0,19240.0,0.0,0.0,122.0
2017-09-28 00:15:00,19240.0,19240.0,19240.0,19240.0,0.0,0.0,122.0
2017-09-28 00:20:00,19240.0,19240.0,19240.0,19240.0,0.0,0.0,122.0
2017-09-28 00:25:00,19240.0,19240.0,19240.0,19240.0,0.0,0.0,122.0
2017-09-28 00:30:00,19240.0,19240.0,19240.0,19240.0,0.0,0.0,122.0
2017-09-28 00:35:00,19240.0,19240.0,19240.0,19240.0,0.0,0.0,122.0
2017-09-28 00:40:00,19240.0,19240.0,19240.0,19240.0,0.0,0.0,122.0
2017-09-28 00:45:00,19240.0,19240.0,19240.0,19240.0,0.0,0.0,122.0
2017-09-28 00:50:00,19240.0,19240.0,19240.0,19240.0,0.0,0.0,122.0
2017-09-28 00:55:00,19240.0,19240.0,19240.0,19240.0,0.0,0.0,122.0
2017-09-28 09:00:00,19240.0,19240.0,19240.0,19240.0,0.0,0.0,122.0
2017-09-28 09:05:00,19240.0,19240.0,19240.0,19240.0,0.0,0.0,122.0
2017-09-28 09:10:00,19240.0,19320.0,19240.0,19320.0,2.0,193200.0,122.0
2017-09-28 09:15:00,19320.0,19320.0,19320.0,19320.0,0.0,0.0,122.0
2017-09-28 09:20:00,19320.0,19320.0,19320.0,19320.0,0.0,0.0,122.0
2017-09-28 09:25:00,19320.0,19320.0,19320.0,19320.0,0.0,0.0,122.0
2017-09-28 09:30:00,19320.0,19320.0,19320.0,19320.0,0.0,0.0,122.0
2017-09-28 09:35:00,19320.0,19320.0,19320.0,19320.0,0.0,0.0,122.0
2017-09-28 09:40:00,19320.0,19320.0,19320.0,19320.0,0.0,0.0,122.0
2017-09-28 09:45:00,19320.0,19320.0,19320.0,19320.0,0.0,0.0,122.0
2017-09-28 09:50:00,19320.0,19320.0,19320.0,19320.0,0.0,0.0,122.0
2017-09-28 09:55:00,19320.0,19320.0,19320.0,19320.0,0.0,0.0,122.0
2017-09-28 10:00:00,19320.0,19320.0,19320.0,19320.0,0.0,0.0,122.0
2017-09-28 10:05:00,19320.0,19320.0,19320.0,19320.0,0.0,0.0,122.0
2017-09-28 10:10:00,19320.0,19320.0,19320.0,19320.0,0.0,0.0,122.0
2017-09-28 10:30:00,19320.0,19320.0,19320.0,19320.0,0.0,0.0,122.0
2017-09-28 10:35:00,19320.0,19320.0,19320.0,19320.0,0.0,0.0,122.0
2017-09-28 10:40:00,19320.0,19320.0,19320.0,19320.0,0.0,0.0,122.0
2017-09-28 10:45:00,19320.0,19320.0,19320.0,19320.0,0.0,0.0,122.0
2017-09-28 10:50:00,19320.0,19320.0,19320.0,19320.0,0.0,0.0,122.0
2017-09-28 10:55:00,19320.0,19320.0,19320.0,19320.0,0.0,0.0,122.0
2017-09-28 11:00:00,19320.0,19320.0,19265.0,19265.0,4.0,385300.0,120.0
2017-09-28 11:05:00,19265.0,19265.0,19265.0,19265.0,0.0,0.0,120.0
2017-09-28 11:10:00,19265.0,19265.0,19265.0,19265.0,0.0,0.0,120.0
2017-09-28 11:15:00,19265.0,19265.0,19265.0,19265.0,0.0,0.0,120.0
2017-09-28 11:20:00,19265.0,19325.0,19265.0,19325.0,2.0,193250.0,120.0
2017-09-28 11:25:00,19325.0,19325.0,19325.0,19325.0,0.0,0.0,120.0
2017-09-28 13:30:00,19325.0,19325.0,19325.0,19325.0,0.0,0.0,120.0
2017-09-28 13:35:00,19325.0,19325.0,19255.0,19255.0,2.0,192550.0,120.0
2017-09-28 13:40:00,19255.0,19255.0,19255.0,19255.0,4.0,385100.0,118.0
2017-09-28 13:45:00,19255.0,19255.0,19255.0,19255.0,0.0,0.0,118.0
2017-09-28 13:50:00,19255.0,19255.0,19255.0,19255.0,0.0,0.0,118.0
2017-09-28 13:55:00,19255.0,19255.0,19255.0,19255.0,2.0,192550.0,118.0
2017-09-28 14:00:00,19255.0,19255.0,19255.0,19255.0,0.0,0.0,118.0
2017-09-28 14:05:00,19255.0,19255.0,19255.0,19255.0,0.0,0.0,118.0
2017-09-28 14:10:00,19255.0,19310.0,19255.0,19310.0,6.0,579300.0,122.0
2017-09-28 14:15:00,19310.0,19310.0,19310.0,19310.0,0.0,0.0,122.0
2017-09-28 14:20:00,19310.0,19310.0,19310.0,19310.0,0.0,0.0,122.0
2017-09-28 14:25:00,19310.0,19310.0,19310.0,19310.0,0.0,0.0,122.0
2017-09-28 14:30:00,19310.0,19310.0,19310.0,19310.0,0.0,0.0,122.0
2017-09-28 14:35:00,19310.0,19310.0,19310.0,19310.0,0.0,0.0,122.0
2017-09-28 14:40:00,19310.0,19310.0,19310.0,19310.0,0.0,0.0,122.0
2017-09-28 14:45:00,19310.0,19310.0,19310.0,19310.0,0.0,0.0,122.0
2017-09-28 14:50:00,19310.0,19310.0,19310.0,19310.0,0.0,0.0,122.0
2017-09-28 14:55:00,19310.0,19400.0,19310.0,19400.0,2.0,194000.0,120.0
2017-09-28 21:00:00,19270.0,19375.0,19270.0,19375.0,2.0,193750.0,120.0
2017-09-28 21:05:00,19375.0,19375.0,19375.0,19375.0,0.0,0.0,120.0
2017-09-28 21:10:00,19375.0,19375.0,19375.0,19375.0,0.0,0.0,120.0
2017-09-28 21:15:00,19375.0,19605.0,19375.0,19605.0,2.0,196050.0,122.0
2017-09-28 21:20:00,19605.0,19605.0,19605.0,19605.0,0.0,0.0,122.0
2017-09-28 21:25:00,19605.0,19605.0,19515.0,19515.0,2.0,195150.0,122.0
2017-09-28 21:30:00,19515.0,19555.0,19515.0,19555.0,14.0,1368550.0,130.0
2017-09-28 21:35:00,19555.0,19555.0,19555.0,19555.0,0.0,0.0,130.0
2017-09-28 21:40:00,19555.0,19555.0,19555.0,19555.0,0.0,0.0,130.0
2017-09-28 21:45:00,19555.0,19555.0,19485.0,19485.0,4.0,389700.0,130.0
2017-09-28 21:50:00,19485.0,19485.0,19485.0,19485.0,0.0,0.0,130.0
2017-09-28 21:55:00,19485.0,19485.0,19485.0,19485.0,0.0,0.0,130.0
2017-09-28 22:00:00,19485.0,19485.0,19250.0,19250.0,2.0,192500.0,132.0
2017-09-28 22:05:00,19250.0,19325.0,19250.0,19325.0,2.0,193250.0,132.0
2017-09-28 22:10:00,19325.0,19325.0,19325.0,19325.0,0.0,0.0,132.0
2017-09-28 22:15:00,19325.0,19340.0,19325.0,19340.0,2.0,193400.0,130.0
2017-09-28 22:20:00,19340.0,19340.0,19340.0,19340.0,0.0,0.0,130.0
2017-09-28 22:25:00,19340.0,19340.0,19340.0,19340.0,0.0,0.0,130.0
2017-09-28 22:30:00,19340.0,19340.0,19340.0,19340.0,0.0,0.0,130.0
2017-09-28 22:35:00,19340.0,19340.0,19340.0,19340.0,0.0,0.0,130.0
2017-09-28 22:40:00,19340.0,19340.0,19340.0,19340.0,0.0,0.0,130.0
2017-09-28 22:45:00,19340.0,19340.0,19340.0,19340.0,0.0,0.0,130.0
2017-09-28 22:50:00,19340.0,19340.0,19340.0,19340.0,0.0,0.0,130.0
2017-09-28 22:55:00,19340.0,19425.0,19340.0,19425.0,2.0,194250.0,130.0
2017-09-28 23:00:00,19425.0,19425.0,19425.0,19425.0,0.0,0.0,130.0
2017-09-28 23:05:00,19425.0,19425.0,19425.0,19425.0,0.0,0.0,130.0
2017-09-28 23:10:00,19425.0,19425.0,19425.0,19425.0,0.0,0.0,130.0
2017-09-28 23:15:00,19425.0,19550.0,19425.0,19550.0,4.0,391000.0,126.0
2017-09-28 23:20:00,19550.0,19550.0,19550.0,19550.0,0.0,0.0,126.0
2017-09-28 23:25:00,19550.0,19550.0,19550.0,19550.0,0.0,0.0,126.0
2017-09-28 23:30:00,19550.0,19550.0,19550.0,19550.0,0.0,0.0,126.0
2017-09-28 23:35:00,19550.0,19550.0,19550.0,19550.0,0.0,0.0,126.0
2017-09-28 23:40:00,19550.0,19550.0,19550.0,19550.0,0.0,0.0,126.0
2017-09-28 23:45:00,19550.0,19550.0,19550.0,19550.0,0.0,0.0,126.0
2017-09-28 23:50:00,19550.0,19550.0,19550.0,19550.0,0.0,0.0,126.0
2017-09-28 23:55:00,19550.0,19550.0,19550.0,19550.0,0.0,0.0,126.0
2017-09-29 00:00:00,19550.0,19550.0,19550.0,19550.0,0.0,0.0,126.0
2017-09-29 00:05:00,19550.0,19550.0,19550.0,19550.0,0.0,0.0,126.0
2017-09-29 00:10:00,19550.0,19550.0,19550.0,19550.0,0.0,0.0,126.0
2017-09-29 00:15:00,19550.0,19550.0,19550.0,19550.0,0.0,0.0,126.0
2017-09-29 00:20:00,19550.0,19550.0,19550.0,19550.0,0.0,0.0,126.0
2017-09-29 00:25:00,19550.0,19550.0,19550.0,19550.0,0.0,0.0,126.0
2017-09-29 00:30:00,19550.0,19550.0,19550.0,19550.0,0.0,0.0,126.0
2017-09-29 00:35:00,19550.0,19550.0,19550.0,19550.0,0.0,0.0,126.0
2017-09-29 00:40:00,19550.0,19550.0,19550.0,19550.0,0.0,0.0,126.0
2017-09-29 00:45:00,19550.0,19550.0,19550.0,19550.0,0.0,0.0,126.0
2017-09-29 00:50:00,19550.0,19550.0,19550.0,19550.0,0.0,0.0,126.0
2017-09-29 00:55:00,19550.0,19550.0,19550.0,19550.0,0.0,0.0,126.0
2017-09-29 09:00:00,19550.0,19550.0,19445.0,19445.0,2.0,194450.0,128.0
2017-09-29 09:05:00,19445.0,19445.0,19445.0,19445.0,0.0,0.0,128.0
2017-09-29 09:10:00,19445.0,19445.0,19445.0,19445.0,0.0,0.0,128.0
2017-09-29 09:15:00,19445.0,19445.0,19445.0,19445.0,0.0,0.0,128.0
2017-09-29 09:20:00,19445.0,19445.0,19445.0,19445.0,0.0,0.0,128.0
2017-09-29 09:25:00,19450.0,19500.0,19450.0,19500.0,4.0,389500.0,126.0
2017-09-29 09:30:00,19500.0,19520.0,19500.0,19510.0,6.0,585500.0,122.0
2017-09-29 09:35:00,19510.0,19510.0,19510.0,19510.0,0.0,0.0,122.0
2017-09-29 09:40:00,19510.0,19510.0,19510.0,19510.0,0.0,0.0,122.0
2017-09-29 09:45:00,19510.0,19510.0,19510.0,19510.0,0.0,0.0,122.0
2017-09-29 09:50:00,19510.0,19510.0,19510.0,19510.0,2.0,195100.0,120.0
2017-09-29 09:55:00,19510.0,19510.0,19510.0,19510.0,0.0,0.0,120.0
2017-09-29 10:00:00,19510.0,19510.0,19510.0,19510.0,0.0,0.0,120.0
2017-09-29 10:05:00,19510.0,19510.0,19510.0,19510.0,0.0,0.0,120.0
2017-09-29 10:10:00,19510.0,19510.0,19510.0,19510.0,0.0,0.0,120.0
2017-09-29 10:30:00,19510.0,19550.0,19510.0,19550.0,2.0,195500.0,120.0
2017-09-29 10:35:00,19585.0,19585.0,19585.0,19585.0,4.0,391700.0,124.0
2017-09-29 10:40:00,19585.0,19585.0,19565.0,19565.0,2.0,195650.0,122.0
2017-09-29 10:45:00,19565.0,19565.0,19565.0,19565.0,0.0,0.0,122.0
2017-09-29 10:50:00,19565.0,19565.0,19565.0,19565.0,0.0,0.0,122.0
2017-09-29 10:55:00,19565.0,19565.0,19565.0,19565.0,0.0,0.0,122.0
2017-09-29 11:00:00,19565.0,19565.0,19565.0,19565.0,0.0,0.0,122.0
2017-09-29 11:05:00,19565.0,19565.0,19565.0,19565.0,0.0,0.0,122.0
2017-09-29 11:10:00,19565.0,19565.0,19565.0,19565.0,0.0,0.0,122.0
2017-09-29 11:15:00,19565.0,19565.0,19565.0,19565.0,0.0,0.0,122.0
2017-09-29 11:20:00,19565.0,19565.0,19500.0,19500.0,2.0,195000.0,122.0
2017-09-29 11:25:00,19500.0,19500.0,19500.0,19500.0,0.0,0.0,122.0
2017-09-29 13:30:00,19500.0,19500.0,19500.0,19500.0,0.0,0.0,122.0
2017-09-29 13:35:00,19500.0,19500.0,19500.0,19500.0,0.0,0.0,122.0
2017-09-29 13:40:00,19500.0,19500.0,19500.0,19500.0,0.0,0.0,122.0
2017-09-29 13:45:00,19500.0,19500.0,19500.0,19500.0,0.0,0.0,122.0
2017-09-29 13:50:00,19500.0,19595.0,19500.0,19595.0,2.0,195950.0,120.0
2017-09-29 13:55:00,19595.0,19595.0,19595.0,19595.0,0.0,0.0,120.0
2017-09-29 14:00:00,19595.0,19595.0,19595.0,19595.0,0.0,0.0,120.0
2017-09-29 14:05:00,19595.0,19595.0,19595.0,19595.0,0.0,0.0,120.0
2017-09-29 14:10:00,19595.0,19595.0,19595.0,19595.0,0.0,0.0,120.0
2017-09-29 14:15:00,19595.0,19595.0,19595.0,19595.0,0.0,0.0,120.0
2017-09-29 14:20:00,19600.0,19600.0,19600.0,19600.0,2.0,196000.0,120.0
2017-09-29 14:25:00,19695.0,19695.0,19690.0,19690.0,6.0,590750.0,124.0
2017-09-29 14:30:00,19690.0,19690.0,19690.0,19690.0,0.0,0.0,124.0
2017-09-29 14:35:00,19675.0,19675.0,19675.0,19675.0,2.0,196750.0,122.0
2017-09-29 14:40:00,19675.0,19675.0,19675.0,19675.0,0.0,0.0,122.0
2017-09-29 14:45:00,19675.0,19675.0,19675.0,19675.0,0.0,0.0,122.0
2017-09-29 14:50:00,19645.0,19645.0,19645.0,19645.0,2.0,196450.0,122.0
2017-09-29 14:55:00,19645.0,19695.0,19645.0,19695.0,2.0,196950.0,122.0
2017-10-09 09:00:00,19530.0,19530.0,19530.0,19530.0,0.0,0.0,122.0
2017-10-09 09:05:00,19530.0,19655.0,19530.0,19655.0,4.0,393100.0,122.0
2017-10-09 09:10:00,19655.0,19655.0,19655.0,19655.0,0.0,0.0,122.0
2017-10-09 09:15:00,19655.0,19655.0,19655.0,19655.0,0.0,0.0,122.0
2017-10-09 09:20:00,19800.0,19985.0,19800.0,19985.0,4.0,397850.0,122.0
2017-10-09 09:25:00,19985.0,19990.0,19985.0,19990.0,2.0,199900.0,122.0
2017-10-09 09:30:00,19990.0,19990.0,19975.0,19975.0,4.0,399500.0,118.0
2017-10-09 09:35:00,19925.0,19925.0,19925.0,19925.0,2.0,199250.0,118.0
2017-10-09 09:40:00,19925.0,19925.0,19925.0,19925.0,0.0,0.0,118.0
2017-10-09 09:45:00,19905.0,19905.0,19905.0,19905.0,2.0,199050.0,118.0
2017-10-09 09:50:00,19905.0,19905.0,19905.0,19905.0,0.0,0.0,118.0
2017-10-09 09:55:00,19905.0,19905.0,19905.0,19905.0,0.0,0.0,118.0
2017-10-09 10:00:00,19925.0,19925.0,19840.0,19840.0,6.0,596900.0,118.0
2017-10-09 10:05:00,19840.0,19840.0,19840.0,19840.0,0.0,0.0,118.0
2017-10-09 10:10:00,19840.0,19840.0,19840.0,19840.0,0.0,0.0,118.0
2017-10-09 10:30:00,19840.0,19840.0,19730.0,19730.0,2.0,197300.0,120.0
2017-10-09 10:35:00,19730.0,19730.0,19730.0,19730.0,0.0,0.0,120.0
2017-10-09 10:40:00,19730.0,19730.0,19665.0,19665.0,2.0,196650.0,120.0
2017-10-09 10:45:00,19665.0,19690.0,19665.0,19690.0,6.0,590500.0,120.0
2017-10-09 10:50:00,19670.0,19670.0,19670.0,19670.0,2.0,196700.0,120.0
2017-10-09 10:55:00,19670.0,19670.0,19670.0,19670.0,0.0,0.0,120.0
2017-10-09 11:00:00,19670.0,19670.0,19670.0,19670.0,0.0,0.0,120.0
2017-10-09 11:05:00,19670.0,19670.0,19670.0,19670.0,0.0,0.0,120.0
2017-10-09 11:10:00,19670.0,19670.0,19670.0,19670.0,0.0,0.0,120.0
2017-10-09 11:15:00,19670.0,19670.0,19670.0,19670.0,0.0,0.0,120.0
2017-10-09 11:20:00,19670.0,19670.0,19670.0,19670.0,0.0,0.0,120.0
2017-10-09 11:25:00,19670.0,19670.0,19670.0,19670.0,0.0,0.0,120.0
2017-10-09 13:30:00,19670.0,19670.0,19670.0,19670.0,0.0,0.0,120.0
2017-10-09 13:35:00,19670.0,19670.0,19670.0,19670.0,0.0,0.0,120.0
2017-10-09 13:40:00,19670.0,19670.0,19670.0,19670.0,0.0,0.0,120.0
2017-10-09 13:45:00,19670.0,19765.0,19670.0,19765.0,2.0,197650.0,120.0
2017-10-09 13:50:00,19795.0,19795.0,19795.0,19795.0,2.0,197950.0,120.0
2017-10-09 13:55:00,19795.0,19795.0,19795.0,19795.0,0.0,0.0,120.0
2017-10-09 14:00:00,19795.0,19795.0,19795.0,19795.0,0.0,0.0,120.0
2017-10-09 14:05:00,19795.0,19795.0,19795.0,19795.0,0.0,0.0,120.0
2017-10-09 14:10:00,19795.0,19795.0,19795.0,19795.0,0.0,0.0,120.0
2017-10-09 14:15:00,19795.0,19795.0,19785.0,19785.0,2.0,197850.0,120.0
2017-10-09 14:20:00,19785.0,19785.0,19785.0,19785.0,0.0,0.0,120.0
2017-10-09 14:25:00,19785.0,19785.0,19785.0,19785.0,0.0,0.0,120.0
2017-10-09 14:30:00,19785.0,19785.0,19785.0,19785.0,0.0,0.0,120.0
2017-10-09 14:35:00,19785.0,19785.0,19785.0,19785.0,0.0,0.0,120.0
2017-10-09 14:40:00,19785.0,19785.0,19785.0,19785.0,0.0,0.0,120.0
2017-10-09 14:45:00,19785.0,19785.0,19785.0,19785.0,0.0,0.0,120.0
2017-10-09 14:50:00,19785.0,19785.0,19785.0,19785.0,0.0,0.0,120.0
2017-10-09 14:55:00,19785.0,19785.0,19785.0,19785.0,0.0,0.0,120.0
2017-10-09 21:00:00,19810.0,19810.0,19810.0,19810.0,0.0,0.0,120.0
2017-10-09 21:05:00,19810.0,19810.0,19810.0,19810.0,0.0,0.0,120.0
2017-10-09 21:10:00,19810.0,19810.0,19810.0,19810.0,0.0,0.0,120.0
2017-10-09 21:15:00,19810.0,19810.0,19510.0,19510.0,2.0,195100.0,120.0
2017-10-09 21:20:00,19510.0,19510.0,19510.0,19510.0,0.0,0.0,120.0
2017-10-09 21:25:00,19510.0,19510.0,19510.0,19510.0,0.0,0.0,120.0
2017-10-09 21:30:00,19510.0,19510.0,19510.0,19510.0,0.0,0.0,120.0
2017-10-09 21:35:00,19510.0,19685.0,19510.0,19685.0,2.0,196850.0,118.0
2017-10-09 21:40:00,19685.0,19685.0,19685.0,19685.0,0.0,0.0,118.0
2017-10-09 21:45:00,19685.0,19685.0,19685.0,19685.0,0.0,0.0,118.0
2017-10-09 21:50:00,19685.0,19685.0,19685.0,19685.0,0.0,0.0,118.0
2017-10-09 21:55:00,19685.0,19685.0,19685.0,19685.0,0.0,0.0,118.0
2017-10-09 22:00:00,19685.0,19685.0,19685.0,19685.0,0.0,0.0,118.0
2017-10-09 22:05:00,19685.0,19685.0,19685.0,19685.0,0.0,0.0,118.0
2017-10-09 22:10:00,19685.0,19685.0,19685.0,19685.0,0.0,0.0,118.0
2017-10-09 22:15:00,19685.0,19685.0,19685.0,19685.0,0.0,0.0,118.0
2017-10-09 22:20:00,19685.0,19685.0,19685.0,19685.0,0.0,0.0,118.0
2017-10-09 22:25:00,19685.0,19685.0,19685.0,19685.0,0.0,0.0,118.0
2017-10-09 22:30:00,19685.0,19685.0,19580.0,19580.0,4.0,391600.0,118.0
2017-10-09 22:35:00,19580.0,19580.0,19580.0,19580.0,0.0,0.0,118.0
2017-10-09 22:40:00,19580.0,19580.0,19580.0,19580.0,0.0,0.0,118.0
2017-10-09 22:45:00,19580.0,19580.0,19580.0,19580.0,0.0,0.0,118.0
2017-10-09 22:50:00,19580.0,19580.0,19580.0,19580.0,0.0,0.0,118.0
2017-10-09 22:55:00,19580.0,19580.0,19580.0,19580.0,0.0,0.0,118.0
2017-10-09 23:00:00,19580.0,19580.0,19580.0,19580.0,0.0,0.0,118.0
2017-10-09 23:05:00,19580.0,19580.0,19580.0,19580.0,0.0,0.0,118.0
2017-10-09 23:10:00,19580.0,19580.0,19580.0,19580.0,0.0,0.0,118.0
2017-10-09 23:15:00,19580.0,19650.0,19580.0,19650.0,2.0,196500.0,118.0
2017-10-09 23:20:00,19650.0,19650.0,19650.0,19650.0,0.0,0.0,118.0
2017-10-09 23:25:00,19650.0,19650.0,19650.0,19650.0,0.0,0.0,118.0
2017-10-09 23:30:00,19650.0,19650.0,19650.0,19650.0,0.0,0.0,118.0
2017-10-09 23:35:00,19650.0,19650.0,19650.0,19650.0,0.0,0.0,118.0
2017-10-09 23:40:00,19650.0,19650.0,19650.0,19650.0,0.0,0.0,118.0
2017-10-09 23:45:00,19650.0,19650.0,19650.0,19650.0,0.0,0.0,118.0
2017-10-09 23:50:00,19650.0,19650.0,19650.0,19650.0,0.0,0.0,118.0
2017-10-09 23:55:00,19650.0,19650.0,19650.0,19650.0,0.0,0.0,118.0
2017-10-10 00:00:00,19650.0,19650.0,19650.0,19650.0,0.0,0.0,118.0
2017-10-10 00:05:00,19650.0,19650.0,19650.0,19650.0,0.0,0.0,118.0
2017-10-10 00:10:00,19650.0,19650.0,19650.0,19650.0,0.0,0.0,118.0
2017-10-10 00:15:00,19650.0,19650.0,19650.0,19650.0,0.0,0.0,118.0
2017-10-10 00:20:00,19650.0,19650.0,19650.0,19650.0,0.0,0.0,118.0
2017-10-10 00:25:00,19650.0,19650.0,19650.0,19650.0,0.0,0.0,118.0
2017-10-10 00:30:00,19650.0,19650.0,19650.0,19650.0,0.0,0.0,118.0
2017-10-10 00:35:00,19700.0,19700.0,19700.0,19700.0,2.0,197000.0,118.0
2017-10-10 00:40:00,19605.0,19605.0,19605.0,19605.0,2.0,196050.0,120.0
2017-10-10 00:45:00,19605.0,19605.0,19605.0,19605.0,0.0,0.0,120.0
2017-10-10 00:50:00,19605.0,19605.0,19605.0,19605.0,0.0,0.0,120.0
2017-10-10 00:55:00,19605.0,19605.0,19605.0,19605.0,0.0,0.0,120.0
2017-10-10 09:00:00,19605.0,19605.0,19605.0,19605.0,0.0,0.0,120.0
2017-10-10 09:05:00,19605.0,19605.0,19605.0,19605.0,0.0,0.0,120.0
2017-10-10 09:10:00,19605.0,19675.0,19605.0,19675.0,2.0,196750.0,118.0
2017-10-10 09:15:00,19675.0,19675.0,19675.0,19675.0,0.0,0.0,118.0
2017-10-10 09:20:00,19675.0,19675.0,19675.0,19675.0,0.0,0.0,118.0
2017-10-10 09:25:00,19675.0,19675.0,19675.0,19675.0,0.0,0.0,118.0
2017-10-10 09:30:00,19675.0,19675.0,19675.0,19675.0,0.0,0.0,118.0
2017-10-10 09:35:00,19675.0,19675.0,19675.0,19675.0,0.0,0.0,118.0
2017-10-10 09:40:00,19675.0,19675.0,19675.0,19675.0,0.0,0.0,118.0
2017-10-10 09:45:00,19675.0,19675.0,19675.0,19675.0,0.0,0.0,118.0
2017-10-10 09:50:00,19675.0,19675.0,19675.0,19675.0,0.0,0.0,118.0
2017-10-10 09:55:00,19675.0,19675.0,19675.0,19675.0,0.0,0.0,118.0
2017-10-10 10:00:00,19675.0,19675.0,19675.0,19675.0,0.0,0.0,118.0
2017-10-10 10:05:00,19675.0,19675.0,19675.0,19675.0,0.0,0.0,118.0
2017-10-10 10:10:00,19675.0,19675.0,19675.0,19675.0,0.0,0.0,118.0
2017-10-10 10:30:00,19675.0,19675.0,19675.0,19675.0,0.0,0.0,118.0
2017-10-10 10:35:00,19675.0,19675.0,19675.0,19675.0,0.0,0.0,118.0
2017-10-10 10:40:00,19675.0,19675.0,19675.0,19675.0,0.0,0.0,118.0
2017-10-10 10:45:00,19675.0,19675.0,19675.0,19675.0,0.0,0.0,118.0
2017-10-10 10:50:00,19675.0,19675.0,19400.0,19400.0,2.0,194000.0,120.0
2017-10-10 10:55:00,19400.0,19410.0,19400.0,19410.0,2.0,194100.0,118.0
2017-10-10 11:00:00,19410.0,19410.0,19410.0,19410.0,0.0,0.0,118.0
2017-10-10 11:05:00,19410.0,19410.0,19410.0,19410.0,0.0,0.0,118.0
2017-10-10 11:10:00,19410.0,19440.0,19410.0,19440.0,4.0,388800.0,120.0
2017-10-10 11:15:00,19440.0,19440.0,19440.0,19440.0,0.0,0.0,120.0
2017-10-10 11:20:00,19440.0,19440.0,19390.0,19390.0,2.0,193900.0,120.0
2017-10-10 11:25:00,19390.0,19390.0,19390.0,19390.0,0.0,0.0,120.0
2017-10-10 13:30:00,19390.0,19390.0,19390.0,19390.0,0.0,0.0,120.0
2017-10-10 13:35:00,19390.0,19390.0,19390.0,19390.0,0.0,0.0,120.0
2017-10-10 13:40:00,19390.0,19390.0,19390.0,19390.0,0.0,0.0,120.0
2017-10-10 13:45:00,19390.0,19390.0,19390.0,19390.0,0.0,0.0,120.0
2017-10-10 13:50:00,19390.0,19445.0,19390.0,19445.0,2.0,194450.0,118.0
2017-10-10 13:55:00,19445.0,19445.0,19445.0,19445.0,0.0,0.0,118.0
2017-10-10 14:00:00,19445.0,19445.0,19445.0,19445.0,0.0,0.0,118.0
2017-10-10 14:05:00,19445.0,19450.0,19445.0,19450.0,10.0,972500.0,126.0
2017-10-10 14:10:00,19450.0,19450.0,19450.0,19450.0,0.0,0.0,126.0
2017-10-10 14:15:00,19450.0,19455.0,19450.0,19455.0,2.0,194550.0,126.0
2017-10-10 14:20:00,19455.0,19455.0,19455.0,19455.0,0.0,0.0,126.0
2017-10-10 14:25:00,19455.0,19455.0,19455.0,19455.0,0.0,0.0,126.0
2017-10-10 14:30:00,19455.0,19455.0,19455.0,19455.0,0.0,0.0,126.0
2017-10-10 14:35:00,19455.0,19455.0,19455.0,19455.0,0.0,0.0,126.0
2017-10-10 14:40:00,19455.0,19455.0,19450.0,19450.0,8.0,778000.0,132.0
2017-10-10 14:45:00,19450.0,19450.0,19450.0,19450.0,18.0,1750500.0,150.0
2017-10-10 14:50:00,19450.0,19450.0,19450.0,19450.0,0.0,0.0,150.0
2017-10-10 14:55:00,19450.0,19450.0,19450.0,19450.0,10.0,972500.0,156.0
2017-10-10 21:00:00,19480.0,19485.0,19450.0,19485.0,4.0,389350.0,156.0
2017-10-10 21:05:00,19485.0,19485.0,19455.0,19455.0,4.0,389100.0,154.0
2017-10-10 21:10:00,19455.0,19455.0,19455.0,19455.0,0.0,0.0,154.0
2017-10-10 21:15:00,19455.0,19560.0,19455.0,19560.0,2.0,195600.0,154.0
2017-10-10 21:20:00,19560.0,19560.0,19560.0,19560.0,0.0,0.0,154.0
2017-10-10 21:25:00,19560.0,19560.0,19475.0,19475.0,2.0,194750.0,154.0
2017-10-10 21:30:00,19475.0,19475.0,19475.0,19475.0,0.0,0.0,154.0
2017-10-10 21:35:00,19475.0,19475.0,19455.0,19455.0,2.0,194550.0,154.0
2017-10-10 21:40:00,19455.0,19455.0,19455.0,19455.0,0.0,0.0,154.0
2017-10-10 21:45:00,19455.0,19455.0,19455.0,19455.0,0.0,0.0,154.0
2017-10-10 21:50:00,19455.0,19455.0,19455.0,19455.0,0.0,0.0,154.0
2017-10-10 21:55:00,19455.0,19455.0,19410.0,19410.0,2.0,194100.0,154.0
2017-10-10 22:00:00,19410.0,19410.0,19400.0,19400.0,2.0,194000.0,154.0
2017-10-10 22:05:00,19400.0,19400.0,19400.0,19400.0,0.0,0.0,154.0
2017-10-10 22:10:00,19400.0,19400.0,19400.0,19400.0,0.0,0.0,154.0
2017-10-10 22:15:00,19400.0,19400.0,19400.0,19400.0,0.0,0.0,154.0
2017-10-10 22:20:00,19400.0,19400.0,19400.0,19400.0,0.0,0.0,154.0
2017-10-10 22:25:00,19400.0,19435.0,19400.0,19435.0,4.0,388700.0,150.0
2017-10-10 22:30:00,19435.0,19435.0,19435.0,19435.0,0.0,0.0,150.0
2017-10-10 22:35:00,19435.0,19435.0,19435.0,19435.0,2.0,194350.0,152.0
2017-10-10 22:40:00,19435.0,19435.0,19435.0,19435.0,0.0,0.0,152.0
2017-10-10 22:45:00,19435.0,19480.0,19435.0,19435.0,4.0,389150.0,152.0
2017-10-10 22:50:00,19435.0,19435.0,19435.0,19435.0,0.0,0.0,152.0
2017-10-10 22:55:00,19435.0,19435.0,19435.0,19435.0,0.0,0.0,152.0
2017-10-10 23:00:00,19435.0,19435.0,19435.0,19435.0,0.0,0.0,152.0
2017-10-10 23:05:00,19435.0,19435.0,19435.0,19435.0,0.0,0.0,152.0
2017-10-10 23:10:00,19435.0,19435.0,19435.0,19435.0,0.0,0.0,152.0
2017-10-10 23:15:00,19560.0,19560.0,19560.0,19560.0,2.0,195600.0,152.0
2017-10-10 23:20:00,19560.0,19560.0,19560.0,19560.0,0.0,0.0,152.0
2017-10-10 23:25:00,19560.0,19560.0,19560.0,19560.0,0.0,0.0,152.0
2017-10-10 23:30:00,19560.0,19560.0,19560.0,19560.0,0.0,0.0,152.0
2017-10-10 23:35:00,19560.0,19560.0,19560.0,19560.0,0.0,0.0,152.0
2017-10-10 23:40:00,19560.0,19560.0,19560.0,19560.0,0.0,0.0,152.0
2017-10-10 23:45:00,19560.0,19560.0,19560.0,19560.0,0.0,0.0,152.0
2017-10-10 23:50:00,19560.0,19560.0,19560.0,19560.0,0.0,0.0,152.0
2017-10-10 23:55:00,19570.0,19570.0,19570.0,19570.0,2.0,195700.0,154.0
2017-10-11 00:00:00,19570.0,19570.0,19570.0,19570.0,0.0,0.0,154.0
2017-10-11 00:05:00,19570.0,19570.0,19570.0,19570.0,0.0,0.0,154.0
2017-10-11 00:10:00,19570.0,19570.0,19570.0,19570.0,0.0,0.0,154.0
2017-10-11 00:15:00,19570.0,19570.0,19570.0,19570.0,4.0,391400.0,150.0
2017-10-11 00:20:00,19570.0,19635.0,19570.0,19635.0,4.0,392700.0,150.0
2017-10-11 00:25:00,19635.0,19635.0,19635.0,19635.0,0.0,0.0,150.0
2017-10-11 00:30:00,19635.0,19635.0,19635.0,19635.0,0.0,0.0,150.0
2017-10-11 00:35:00,19635.0,19635.0,19635.0,19635.0,0.0,0.0,150.0
2017-10-11 00:40:00,19635.0,19635.0,19635.0,19635.0,0.0,0.0,150.0
2017-10-11 00:45:00,19635.0,19635.0,19635.0,19635.0,0.0,0.0,150.0
2017-10-11 00:50:00,19635.0,19635.0,19635.0,19635.0,0.0,0.0,150.0
2017-10-11 00:55:00,19635.0,19635.0,19635.0,19635.0,0.0,0.0,150.0
2017-10-11 09:00:00,19700.0,19700.0,19695.0,19700.0,6.0,590950.0,154.0
2017-10-11 09:05:00,19700.0,19700.0,19670.0,19670.0,2.0,196700.0,156.0
2017-10-11 09:10:00,19580.0,19580.0,19580.0,19580.0,2.0,195800.0,158.0
2017-10-11 09:15:00,19580.0,19580.0,19580.0,19580.0,0.0,0.0,158.0
2017-10-11 09:20:00,19580.0,19580.0,19580.0,19580.0,0.0,0.0,158.0
2017-10-11 09:25:00,19580.0,19580.0,19580.0,19580.0,0.0,0.0,158.0
2017-10-11 09:30:00,19580.0,19580.0,19540.0,19540.0,2.0,195400.0,158.0
2017-10-11 09:35:00,19540.0,19540.0,19540.0,19540.0,0.0,0.0,158.0
2017-10-11 09:40:00,19540.0,19540.0,19540.0,19540.0,0.0,0.0,158.0
2017-10-11 09:45:00,19540.0,19540.0,19540.0,19540.0,0.0,0.0,158.0
2017-10-11 09:50:00,19540.0,19580.0,19540.0,19580.0,2.0,195800.0,158.0
2017-10-11 09:55:00,19580.0,19580.0,19580.0,19580.0,0.0,0.0,158.0
2017-10-11 10:00:00,19580.0,19580.0,19580.0,19580.0,0.0,0.0,158.0
2017-10-11 10:05:00,19580.0,19580.0,19580.0,19580.0,0.0,0.0,158.0
2017-10-11 10:10:00,19580.0,19580.0,19580.0,19580.0,0.0,0.0,158.0
2017-10-11 10:30:00,19580.0,19580.0,19580.0,19580.0,0.0,0.0,158.0
2017-10-11 10:35:00,19580.0,19580.0,19580.0,19580.0,16.0,1566400.0,174.0
2017-10-11 10:40:00,19580.0,19580.0,19580.0,19580.0,0.0,0.0,174.0
2017-10-11 10:45:00,19580.0,19580.0,19580.0,19580.0,0.0,0.0,174.0
2017-10-11 10:50:00,19580.0,19580.0,19580.0,19580.0,0.0,0.0,174.0
2017-10-11 10:55:00,19580.0,19580.0,19580.0,19580.0,8.0,783200.0,182.0
2017-10-11 11:00:00,19580.0,19585.0,19580.0,19585.0,2.0,195850.0,182.0
2017-10-11 11:05:00,19585.0,19585.0,19585.0,19585.0,0.0,0.0,182.0
2017-10-11 11:10:00,19585.0,19585.0,19585.0,19585.0,0.0,0.0,182.0
2017-10-11 11:15:00,19585.0,19585.0,19585.0,19585.0,0.0,0.0,182.0
2017-10-11 11:20:00,19585.0,19600.0,19585.0,19600.0,2.0,196000.0,184.0
2017-10-11 11:25:00,19600.0,19600.0,19600.0,19600.0,8.0,784000.0,192.0
2017-10-11 13:30:00,19600.0,19600.0,19600.0,19600.0,0.0,0.0,192.0
2017-10-11 13:35:00,19600.0,19600.0,19580.0,19580.0,8.0,783800.0,200.0
2017-10-11 13:40:00,19590.0,19600.0,19590.0,19600.0,6.0,587900.0,206.0
2017-10-11 13:45:00,19600.0,19600.0,19600.0,19600.0,2.0,196000.0,208.0
2017-10-11 13:50:00,19600.0,19600.0,19600.0,19600.0,0.0,0.0,208.0
2017-10-11 13:55:00,19600.0,19600.0,19600.0,19600.0,0.0,0.0,208.0
2017-10-11 14:00:00,19625.0,19625.0,19625.0,19625.0,6.0,588750.0,210.0
2017-10-11 14:05:00,19625.0,19625.0,19625.0,19625.0,2.0,196250.0,212.0
2017-10-11 14:10:00,19625.0,19625.0,19625.0,19625.0,0.0,0.0,212.0
2017-10-11 14:15:00,19625.0,19625.0,19620.0,19620.0,4.0,392400.0,212.0
2017-10-11 14:20:00,19620.0,19620.0,19620.0,19620.0,0.0,0.0,212.0
2017-10-11 14:25:00,19620.0,19620.0,19605.0,19605.0,2.0,196050.0,214.0
2017-10-11 14:30:00,19605.0,19605.0,19600.0,19600.0,2.0,196000.0,216.0
2017-10-11 14:35:00,19600.0,19600.0,19600.0,19600.0,4.0,392000.0,220.0
2017-10-11 14:40:00,19605.0,19605.0,19605.0,19605.0,2.0,196050.0,222.0
2017-10-11 14:45:00,19605.0,19605.0,19605.0,19605.0,0.0,0.0,222.0
2017-10-11 14:50:00,19605.0,19640.0,19605.0,19640.0,2.0,196400.0,222.0
2017-10-11 14:55:00,19640.0,19640.0,19620.0,19620.0,2.0,196200.0,224.0
2017-10-11 21:00:00,19570.0,19605.0,19485.0,19485.0,6.0,586950.0,220.0
2017-10-11 21:05:00,19485.0,19500.0,19485.0,19500.0,4.0,390000.0,220.0
2017-10-11 21:10:00,19500.0,19500.0,19440.0,19440.0,8.0,777600.0,220.0
2017-10-11 21:15:00,19440.0,19440.0,19440.0,19440.0,8.0,777600.0,226.0
2017-10-11 21:20:00,19440.0,19585.0,19440.0,19585.0,2.0,195850.0,226.0
2017-10-11 21:25:00,19585.0,19585.0,19585.0,19585.0,0.0,0.0,226.0
2017-10-11 21:30:00,19510.0,19510.0,19510.0,19510.0,2.0,195100.0,226.0
2017-10-11 21:35:00,19510.0,19510.0,19510.0,19510.0,0.0,0.0,226.0
2017-10-11 21:40:00,19510.0,19510.0,19510.0,19510.0,0.0,0.0,226.0
2017-10-11 21:45:00,19510.0,19510.0,19510.0,19510.0,0.0,0.0,226.0
2017-10-11 21:50:00,19510.0,19595.0,19510.0,19595.0,16.0,1567600.0,226.0
2017-10-11 21:55:00,19595.0,19595.0,19570.0,19570.0,2.0,195700.0,224.0
2017-10-11 22:00:00,19570.0,19570.0,19515.0,19515.0,6.0,585450.0,218.0
2017-10-11 22:05:00,19520.0,19520.0,19520.0,19520.0,8.0,780800.0,226.0
2017-10-11 22:10:00,19520.0,19520.0,19520.0,19520.0,0.0,0.0,226.0
2017-10-11 22:15:00,19520.0,19520.0,19520.0,19520.0,0.0,0.0,226.0
2017-10-11 22:20:00,19520.0,19520.0,19520.0,19520.0,0.0,0.0,226.0
2017-10-11 22:25:00,19520.0,19520.0,19520.0,19520.0,0.0,0.0,226.0
2017-10-11 22:30:00,19520.0,19520.0,19520.0,19520.0,0.0,0.0,226.0
2017-10-11 22:35:00,19520.0,19520.0,19520.0,19520.0,0.0,0.0,226.0
2017-10-11 22:40:00,19520.0,19560.0,19520.0,19560.0,2.0,195600.0,224.0
2017-10-11 22:45:00,19560.0,19560.0,19560.0,19560.0,0.0,0.0,224.0
2017-10-11 22:50:00,19560.0,19560.0,19510.0,19510.0,4.0,390200.0,222.0
2017-10-11 22:55:00,19510.0,19510.0,19510.0,19510.0,0.0,0.0,222.0
2017-10-11 23:00:00,19510.0,19510.0,19510.0,19510.0,0.0,0.0,222.0
2017-10-11 23:05:00,19510.0,19510.0,19500.0,19500.0,6.0,585000.0,220.0
2017-10-11 23:10:00,19500.0,19500.0,19500.0,19500.0,0.0,0.0,220.0
2017-10-11 23:15:00,19500.0,19500.0,19500.0,19500.0,0.0,0.0,220.0
2017-10-11 23:20:00,19500.0,19500.0,19500.0,19500.0,0.0,0.0,220.0
2017-10-11 23:25:00,19500.0,19500.0,19500.0,19500.0,0.0,0.0,220.0
2017-10-11 23:30:00,19500.0,19500.0,19500.0,19500.0,0.0,0.0,220.0
2017-10-11 23:35:00,19500.0,19500.0,19500.0,19500.0,0.0,0.0,220.0
2017-10-11 23:40:00,19500.0,19500.0,19500.0,19500.0,0.0,0.0,220.0
2017-10-11 23:45:00,19500.0,19500.0,19500.0,19500.0,0.0,0.0,220.0
2017-10-11 23:50:00,19500.0,19500.0,19500.0,19500.0,0.0,0.0,220.0
2017-10-11 23:55:00,19500.0,19600.0,19500.0,19600.0,2.0,196000.0,222.0
2017-10-12 00:00:00,19600.0,19600.0,19600.0,19600.0,0.0,0.0,222.0
2017-10-12 00:05:00,19600.0,19600.0,19600.0,19600.0,0.0,0.0,222.0
2017-10-12 00:10:00,19600.0,19600.0,19600.0,19600.0,0.0,0.0,222.0
2017-10-12 00:15:00,19600.0,19600.0,19600.0,19600.0,0.0,0.0,222.0
2017-10-12 00:20:00,19600.0,19600.0,19600.0,19600.0,0.0,0.0,222.0
2017-10-12 00:25:00,19600.0,19600.0,19600.0,19600.0,0.0,0.0,222.0
2017-10-12 00:30:00,19600.0,19600.0,19600.0,19600.0,0.0,0.0,222.0
2017-10-12 00:35:00,19600.0,19600.0,19600.0,19600.0,0.0,0.0,222.0
2017-10-12 00:40:00,19600.0,19600.0,19600.0,19600.0,0.0,0.0,222.0
2017-10-12 00:45:00,19600.0,19600.0,19600.0,19600.0,0.0,0.0,222.0
2017-10-12 00:50:00,19600.0,19600.0,19600.0,19600.0,0.0,0.0,222.0
2017-10-12 00:55:00,19600.0,19600.0,19600.0,19600.0,0.0,0.0,222.0
2017-10-12 09:00:00,19600.0,19600.0,19600.0,19600.0,0.0,0.0,222.0
2017-10-12 09:05:00,19530.0,19530.0,19520.0,19520.0,4.0,390500.0,224.0
2017-10-12 09:10:00,19520.0,19520.0,19520.0,19520.0,0.0,0.0,224.0
2017-10-12 09:15:00,19520.0,19550.0,19520.0,19550.0,2.0,195500.0,224.0
2017-10-12 09:20:00,19550.0,19550.0,19550.0,19550.0,2.0,195500.0,226.0
2017-10-12 09:25:00,19550.0,19550.0,19550.0,19550.0,0.0,0.0,226.0
2017-10-12 09:30:00,19550.0,19550.0,19550.0,19550.0,0.0,0.0,226.0
2017-10-12 09:35:00,19550.0,19595.0,19550.0,19585.0,4.0,391800.0,226.0
2017-10-12 09:40:00,19585.0,19585.0,19585.0,19585.0,0.0,0.0,226.0
2017-10-12 09:45:00,19585.0,19585.0,19585.0,19585.0,0.0,0.0,226.0
2017-10-12 09:50:00,19585.0,19585.0,19585.0,19585.0,0.0,0.0,226.0
2017-10-12 09:55:00,19585.0,19585.0,19585.0,19585.0,0.0,0.0,226.0
2017-10-12 10:00:00,19585.0,19585.0,19585.0,19585.0,0.0,0.0,226.0
2017-10-12 10:05:00,19585.0,19585.0,19585.0,19585.0,0.0,0.0,226.0
2017-10-12 10:10:00,19585.0,19585.0,19585.0,19585.0,0.0,0.0,226.0
2017-10-12 10:30:00,19585.0,19585.0,19585.0,19585.0,0.0,0.0,226.0
2017-10-12 10:35:00,19585.0,19585.0,19585.0,19585.0,0.0,0.0,226.0
2017-10-12 10:40:00,19585.0,19585.0,19585.0,19585.0,0.0,0.0,226.0
2017-10-12 10:45:00,19585.0,19585.0,19485.0,19485.0,4.0,389700.0,230.0
2017-10-12 10:50:00,19485.0,19485.0,19485.0,19485.0,0.0,0.0,230.0
2017-10-12 10:55:00,19485.0,19485.0,19485.0,19485.0,0.0,0.0,230.0
2017-10-12 11:00:00,19485.0,19485.0,19485.0,19485.0,0.0,0.0,230.0
2017-10-12 11:05:00,19485.0,19485.0,19485.0,19485.0,2.0,194850.0,230.0
2017-10-12 11:10:00,19485.0,19485.0,19485.0,19485.0,0.0,0.0,230.0
2017-10-12 11:15:00,19485.0,19485.0,19485.0,19485.0,0.0,0.0,230.0
2017-10-12 11:20:00,19485.0,19485.0,19485.0,19485.0,0.0,0.0,230.0
2017-10-12 11:25:00,19485.0,19485.0,19485.0,19485.0,0.0,0.0,230.0
2017-10-12 13:30:00,19440.0,19440.0,19440.0,19440.0,2.0,194400.0,228.0
2017-10-12 13:35:00,19440.0,19440.0,19440.0,19440.0,0.0,0.0,228.0
2017-10-12 13:40:00,19440.0,19440.0,19440.0,19440.0,0.0,0.0,228.0
2017-10-12 13:45:00,19440.0,19440.0,19440.0,19440.0,0.0,0.0,228.0
2017-10-12 13:50:00,19440.0,19440.0,19440.0,19440.0,0.0,0.0,228.0
2017-10-12 13:55:00,19440.0,19440.0,19440.0,19440.0,0.0,0.0,228.0
2017-10-12 14:00:00,19440.0,19440.0,19440.0,19440.0,0.0,0.0,228.0
2017-10-12 14:05:00,19535.0,19535.0,19535.0,19535.0,4.0,390700.0,230.0
2017-10-12 14:10:00,19535.0,19535.0,19535.0,19535.0,0.0,0.0,230.0
2017-10-12 14:15:00,19535.0,19535.0,19535.0,19535.0,0.0,0.0,230.0
2017-10-12 14:20:00,19535.0,19535.0,19535.0,19535.0,0.0,0.0,230.0
2017-10-12 14:25:00,19535.0,19535.0,19535.0,19535.0,0.0,0.0,230.0
2017-10-12 14:30:00,19535.0,19535.0,19535.0,19535.0,0.0,0.0,230.0
2017-10-12 14:35:00,19535.0,19630.0,19535.0,19630.0,8.0,784450.0,234.0
2017-10-12 14:40:00,19630.0,19860.0,19630.0,19860.0,20.0,1976500.0,248.0
2017-10-12 14:45:00,19805.0,19805.0,19760.0,19770.0,10.0,988650.0,250.0
2017-10-12 14:50:00,19770.0,19770.0,19680.0,19680.0,2.0,196800.0,250.0
2017-10-12 14:55:00,19680.0,19680.0,19680.0,19680.0,0.0,0.0,250.0
2017-10-12 21:00:00,19580.0,19675.0,19580.0,19675.0,2.0,196750.0,250.0
2017-10-12 21:05:00,19675.0,19675.0,19560.0,19560.0,2.0,195600.0,248.0
2017-10-12 21:10:00,19560.0,19740.0,19560.0,19740.0,10.0,986050.0,250.0
2017-10-12 21:15:00,19740.0,19740.0,19740.0,19740.0,0.0,0.0,250.0
2017-10-12 21:20:00,19740.0,19740.0,19740.0,19740.0,0.0,0.0,250.0
2017-10-12 21:25:00,19740.0,19740.0,19735.0,19735.0,2.0,197350.0,250.0
2017-10-12 21:30:00,19735.0,19735.0,19735.0,19735.0,0.0,0.0,250.0
2017-10-12 21:35:00,19735.0,19735.0,19735.0,19735.0,0.0,0.0,250.0
2017-10-12 21:40:00,19715.0,19845.0,19715.0,19760.0,10.0,988850.0,256.0
2017-10-12 21:45:00,19760.0,19760.0,19760.0,19760.0,0.0,0.0,256.0
2017-10-12 21:50:00,19760.0,19810.0,19760.0,19775.0,4.0,395850.0,258.0
2017-10-12 21:55:00,19775.0,19775.0,19775.0,19775.0,0.0,0.0,258.0
2017-10-12 22:00:00,19775.0,19775.0,19775.0,19775.0,0.0,0.0,258.0
2017-10-12 22:05:00,19775.0,19775.0,19775.0,19775.0,0.0,0.0,258.0
2017-10-12 22:10:00,19775.0,19775.0,19775.0,19775.0,0.0,0.0,258.0
2017-10-12 22:15:00,19775.0,19775.0,19775.0,19775.0,0.0,0.0,258.0
2017-10-12 22:20:00,19775.0,19830.0,19775.0,19830.0,2.0,198300.0,256.0
2017-10-12 22:25:00,19830.0,19830.0,19830.0,19830.0,0.0,0.0,256.0
2017-10-12 22:30:00,19830.0,19875.0,19830.0,19875.0,2.0,198750.0,254.0
2017-10-12 22:35:00,19855.0,19880.0,19840.0,19840.0,14.0,1389950.0,250.0
2017-10-12 22:40:00,19840.0,19840.0,19840.0,19840.0,0.0,0.0,250.0
2017-10-12 22:45:00,19840.0,19840.0,19840.0,19840.0,0.0,0.0,250.0
2017-10-12 22:50:00,19840.0,19840.0,19840.0,19840.0,0.0,0.0,250.0
2017-10-12 22:55:00,19840.0,19840.0,19820.0,19820.0,2.0,198200.0,248.0
2017-10-12 23:00:00,19820.0,19820.0,19820.0,19820.0,0.0,0.0,248.0
2017-10-12 23:05:00,19820.0,19820.0,19820.0,19820.0,0.0,0.0,248.0
2017-10-12 23:10:00,19820.0,19820.0,19820.0,19820.0,0.0,0.0,248.0
2017-10-12 23:15:00,19820.0,19855.0,19820.0,19855.0,2.0,198550.0,248.0
2017-10-12 23:20:00,19855.0,19855.0,19855.0,19855.0,0.0,0.0,248.0
2017-10-12 23:25:00,19890.0,19890.0,19890.0,19890.0,6.0,596700.0,250.0
2017-10-12 23:30:00,19890.0,19890.0,19890.0,19890.0,2.0,198900.0,252.0
2017-10-12 23:35:00,19900.0,19900.0,19900.0,19900.0,4.0,398000.0,252.0
2017-10-12 23:40:00,19900.0,19900.0,19900.0,19900.0,0.0,0.0,252.0
2017-10-12 23:45:00,19900.0,19900.0,19900.0,19900.0,0.0,0.0,252.0
2017-10-12 23:50:00,19900.0,19900.0,19900.0,19900.0,0.0,0.0,252.0
2017-10-12 23:55:00,19855.0,19855.0,19790.0,19790.0,4.0,396450.0,250.0
2017-10-13 00:00:00,19790.0,19790.0,19790.0,19790.0,0.0,0.0,250.0
2017-10-13 00:05:00,19790.0,19790.0,19790.0,19790.0,0.0,0.0,250.0
2017-10-13 00:10:00,19790.0,19790.0,19790.0,19790.0,0.0,0.0,250.0
2017-10-13 00:15:00,19790.0,19790.0,19790.0,19790.0,0.0,0.0,250.0
2017-10-13 00:20:00,19790.0,19790.0,19790.0,19790.0,0.0,0.0,250.0
2017-10-13 00:25:00,19790.0,19790.0,19790.0,19790.0,0.0,0.0,250.0
2017-10-13 00:30:00,19790.0,19790.0,19790.0,19790.0,0.0,0.0,250.0
2017-10-13 00:35:00,19790.0,19790.0,19790.0,19790.0,0.0,0.0,250.0
2017-10-13 00:40:00,19790.0,19790.0,19790.0,19790.0,0.0,0.0,250.0
2017-10-13 00:45:00,19790.0,19790.0,19790.0,19790.0,0.0,0.0,250.0
2017-10-13 00:50:00,19790.0,19790.0,19790.0,19790.0,0.0,0.0,250.0
2017-10-13 00:55:00,19790.0,19790.0,19790.0,19790.0,0.0,0.0,250.0
2017-10-13 09:00:00,19790.0,19790.0,19790.0,19790.0,0.0,0.0,250.0
2017-10-13 09:05:00,19790.0,19790.0,19790.0,19790.0,0.0,0.0,250.0
2017-10-13 09:10:00,19790.0,19900.0,19790.0,19900.0,10.0,995000.0,250.0
2017-10-13 09:15:00,19900.0,19900.0,19900.0,19900.0,0.0,0.0,250.0
2017-10-13 09:20:00,19900.0,19900.0,19900.0,19900.0,0.0,0.0,250.0
2017-10-13 09:25:00,19900.0,19900.0,19900.0,19900.0,0.0,0.0,250.0
2017-10-13 09:30:00,19900.0,19900.0,19895.0,19895.0,2.0,198950.0,250.0
2017-10-13 09:35:00,19895.0,19895.0,19895.0,19895.0,0.0,0.0,250.0
2017-10-13 09:40:00,19895.0,19895.0,19895.0,19895.0,0.0,0.0,250.0
2017-10-13 09:45:00,19895.0,19895.0,19895.0,19895.0,0.0,0.0,250.0
2017-10-13 09:50:00,19895.0,19895.0,19895.0,19895.0,0.0,0.0,250.0
2017-10-13 09:55:00,19895.0,19895.0,19895.0,19895.0,0.0,0.0,250.0
2017-10-13 10:00:00,19895.0,19895.0,19895.0,19895.0,0.0,0.0,250.0
2017-10-13 10:05:00,19895.0,19895.0,19895.0,19895.0,0.0,0.0,250.0
2017-10-13 10:10:00,19895.0,19895.0,19895.0,19895.0,0.0,0.0,250.0
2017-10-13 10:30:00,19895.0,19895.0,19895.0,19895.0,0.0,0.0,250.0
2017-10-13 10:35:00,19895.0,19895.0,19800.0,19800.0,2.0,198000.0,250.0
2017-10-13 10:40:00,19800.0,19800.0,19800.0,19800.0,0.0,0.0,250.0
2017-10-13 10:45:00,19800.0,19800.0,19800.0,19800.0,0.0,0.0,250.0
2017-10-13 10:50:00,19800.0,19800.0,19800.0,19800.0,0.0,0.0,250.0
2017-10-13 10:55:00,19800.0,19800.0,19800.0,19800.0,0.0,0.0,250.0
2017-10-13 11:00:00,19800.0,19800.0,19800.0,19800.0,0.0,0.0,250.0
2017-10-13 11:05:00,19800.0,19800.0,19800.0,19800.0,0.0,0.0,250.0
2017-10-13 11:10:00,19800.0,19800.0,19800.0,19800.0,0.0,0.0,250.0
2017-10-13 11:15:00,19800.0,19800.0,19800.0,19800.0,0.0,0.0,250.0
2017-10-13 11:20:00,19800.0,19800.0,19685.0,19685.0,4.0,393700.0,252.0
2017-10-13 11:25:00,19685.0,19685.0,19685.0,19685.0,0.0,0.0,252.0
2017-10-13 13:30:00,19685.0,19685.0,19685.0,19685.0,0.0,0.0,252.0
2017-10-13 13:35:00,19685.0,19685.0,19685.0,19685.0,0.0,0.0,252.0
2017-10-13 13:40:00,19685.0,19870.0,19685.0,19870.0,20.0,1987000.0,262.0
2017-10-13 13:45:00,19870.0,19870.0,19870.0,19870.0,0.0,0.0,262.0
2017-10-13 13:50:00,19870.0,19870.0,19870.0,19870.0,0.0,0.0,262.0
2017-10-13 13:55:00,19870.0,19870.0,19870.0,19870.0,0.0,0.0,262.0
2017-10-13 14:00:00,19870.0,19870.0,19725.0,19725.0,2.0,197250.0,262.0
2017-10-13 14:05:00,19725.0,19725.0,19725.0,19725.0,0.0,0.0,262.0
2017-10-13 14:10:00,19725.0,19725.0,19725.0,19725.0,0.0,0.0,262.0
2017-10-13 14:15:00,19725.0,19725.0,19725.0,19725.0,0.0,0.0,262.0
2017-10-13 14:20:00,19725.0,19725.0,19725.0,19725.0,0.0,0.0,262.0
2017-10-13 14:25:00,19725.0,19725.0,19725.0,19725.0,0.0,0.0,262.0
2017-10-13 14:30:00,19725.0,19725.0,19725.0,19725.0,0.0,0.0,262.0
2017-10-13 14:35:00,19725.0,19750.0,19725.0,19750.0,2.0,197500.0,262.0
2017-10-13 14:40:00,19750.0,19750.0,19750.0,19750.0,0.0,0.0,262.0
2017-10-13 14:45:00,19750.0,19750.0,19740.0,19740.0,2.0,197400.0,264.0
2017-10-13 14:50:00,19740.0,19740.0,19740.0,19740.0,0.0,0.0,264.0
2017-10-13 14:55:00,19740.0,19740.0,19740.0,19740.0,0.0,0.0,264.0
2017-10-13 21:00:00,19815.0,19815.0,19620.0,19620.0,2.0,196200.0,262.0
2017-10-13 21:05:00,19620.0,19910.0,19620.0,19910.0,10.0,986800.0,256.0
2017-10-13 21:10:00,19910.0,19910.0,19775.0,19775.0,4.0,395500.0,256.0
2017-10-13 21:15:00,19750.0,19750.0,19750.0,19750.0,4.0,395000.0,260.0
2017-10-13 21:20:00,19730.0,19730.0,19730.0,19730.0,2.0,197300.0,260.0
2017-10-13 21:25:00,19730.0,19730.0,19730.0,19730.0,0.0,0.0,260.0
2017-10-13 21:30:00,19730.0,19730.0,19730.0,19730.0,0.0,0.0,260.0
2017-10-13 21:35:00,19730.0,19730.0,19730.0,19730.0,0.0,0.0,260.0
2017-10-13 21:40:00,19730.0,19730.0,19730.0,19730.0,0.0,0.0,260.0
2017-10-13 21:45:00,19730.0,19730.0,19730.0,19730.0,0.0,0.0,260.0
2017-10-13 21:50:00,19730.0,19890.0,19730.0,19890.0,2.0,198900.0,260.0
2017-10-13 21:55:00,19890.0,19890.0,19890.0,19890.0,0.0,0.0,260.0
2017-10-13 22:00:00,19890.0,19890.0,19890.0,19890.0,0.0,0.0,260.0
2017-10-13 22:05:00,19890.0,19890.0,19890.0,19890.0,0.0,0.0,260.0
2017-10-13 22:10:00,19890.0,19890.0,19890.0,19890.0,0.0,0.0,260.0
2017-10-13 22:15:00,19890.0,19890.0,19890.0,19890.0,0.0,0.0,260.0
2017-10-13 22:20:00,19890.0,19890.0,19890.0,19890.0,0.0,0.0,260.0
2017-10-13 22:25:00,19890.0,19890.0,19890.0,19890.0,0.0,0.0,260.0
2017-10-13 22:30:00,19890.0,19910.0,19870.0,19870.0,4.0,397800.0,258.0
2017-10-13 22:35:00,19870.0,19870.0,19870.0,19870.0,0.0,0.0,258.0
2017-10-13 22:40:00,19955.0,19955.0,19955.0,19955.0,2.0,199550.0,258.0
2017-10-13 22:45:00,19955.0,19955.0,19955.0,19955.0,0.0,0.0,258.0
2017-10-13 22:50:00,19955.0,19955.0,19860.0,19860.0,2.0,198600.0,260.0
2017-10-13 22:55:00,19860.0,19860.0,19860.0,19860.0,0.0,0.0,260.0
2017-10-13 23:00:00,19860.0,19860.0,19860.0,19860.0,2.0,198600.0,262.0
2017-10-13 23:05:00,19860.0,19860.0,19860.0,19860.0,0.0,0.0,262.0
2017-10-13 23:10:00,19860.0,19860.0,19860.0,19860.0,0.0,0.0,262.0
2017-10-13 23:15:00,19860.0,19860.0,19850.0,19850.0,2.0,198500.0,260.0
2017-10-13 23:20:00,19850.0,19850.0,19850.0,19850.0,0.0,0.0,260.0
2017-10-13 23:25:00,19850.0,19850.0,19850.0,19850.0,0.0,0.0,260.0
2017-10-13 23:30:00,19850.0,19880.0,19850.0,19880.0,2.0,198800.0,262.0
2017-10-13 23:35:00,19880.0,19880.0,19880.0,19880.0,0.0,0.0,262.0
2017-10-13 23:40:00,19880.0,19880.0,19880.0,19880.0,0.0,0.0,262.0
2017-10-13 23:45:00,19880.0,19880.0,19880.0,19880.0,0.0,0.0,262.0
2017-10-13 23:50:00,19880.0,19880.0,19880.0,19880.0,0.0,0.0,262.0
2017-10-13 23:55:00,19880.0,19880.0,19880.0,19880.0,0.0,0.0,262.0
2017-10-14 00:00:00,19880.0,19880.0,19880.0,19880.0,0.0,0.0,262.0
2017-10-14 00:05:00,19880.0,19880.0,19880.0,19880.0,0.0,0.0,262.0
2017-10-14 00:10:00,19880.0,19880.0,19880.0,19880.0,0.0,0.0,262.0
2017-10-14 00:15:00,19880.0,19880.0,19880.0,19880.0,0.0,0.0,262.0
2017-10-14 00:20:00,19880.0,19880.0,19880.0,19880.0,0.0,0.0,262.0
2017-10-14 00:25:00,19880.0,19880.0,19880.0,19880.0,0.0,0.0,262.0
2017-10-14 00:30:00,19880.0,19880.0,19880.0,19880.0,0.0,0.0,262.0
2017-10-14 00:35:00,19880.0,19880.0,19880.0,19880.0,0.0,0.0,262.0
2017-10-14 00:40:00,19880.0,19880.0,19880.0,19880.0,0.0,0.0,262.0
2017-10-14 00:45:00,19880.0,19880.0,19880.0,19880.0,0.0,0.0,262.0
2017-10-14 00:50:00,19880.0,19880.0,19880.0,19880.0,0.0,0.0,262.0
2017-10-14 00:55:00,19880.0,19880.0,19880.0,19880.0,0.0,0.0,262.0
2017-10-16 09:00:00,20520.0,20520.0,20520.0,20520.0,2.0,205200.0,262.0
2017-10-16 09:05:00,20520.0,20520.0,20520.0,20520.0,0.0,0.0,262.0
2017-10-16 09:10:00,20520.0,20520.0,19770.0,19770.0,4.0,395400.0,262.0
2017-10-16 09:15:00,19770.0,19945.0,19770.0,19945.0,4.0,397300.0,262.0
2017-10-16 09:20:00,19955.0,19955.0,19955.0,19955.0,4.0,399100.0,264.0
2017-10-16 09:25:00,19955.0,20120.0,19905.0,19955.0,28.0,2796850.0,272.0
2017-10-16 09:30:00,19955.0,19980.0,19910.0,19980.0,6.0,598700.0,270.0
2017-10-16 09:35:00,19985.0,19985.0,19985.0,19985.0,2.0,199850.0,270.0
2017-10-16 09:40:00,19985.0,19985.0,19945.0,19945.0,2.0,199450.0,270.0
2017-10-16 09:45:00,19945.0,19960.0,19945.0,19960.0,2.0,199600.0,272.0
2017-10-16 09:50:00,19960.0,19960.0,19960.0,19960.0,0.0,0.0,272.0
2017-10-16 09:55:00,19960.0,19960.0,19960.0,19960.0,0.0,0.0,272.0
2017-10-16 10:00:00,19960.0,19960.0,19960.0,19960.0,0.0,0.0,272.0
2017-10-16 10:05:00,19960.0,19960.0,19960.0,19960.0,0.0,0.0,272.0
2017-10-16 10:10:00,19960.0,19960.0,19960.0,19960.0,0.0,0.0,272.0
2017-10-16 10:30:00,19960.0,19960.0,19960.0,19960.0,0.0,0.0,272.0
2017-10-16 10:35:00,19960.0,19960.0,19960.0,19960.0,0.0,0.0,272.0
2017-10-16 10:40:00,19960.0,19960.0,19960.0,19960.0,0.0,0.0,272.0
2017-10-16 10:45:00,19960.0,19960.0,19960.0,19960.0,0.0,0.0,272.0
2017-10-16 10:50:00,19960.0,19960.0,19960.0,19960.0,0.0,0.0,272.0
2017-10-16 10:55:00,19960.0,19960.0,19960.0,19960.0,0.0,0.0,272.0
2017-10-16 11:00:00,19960.0,19960.0,19960.0,19960.0,0.0,0.0,272.0
2017-10-16 11:05:00,19960.0,19960.0,19960.0,19960.0,0.0,0.0,272.0
2017-10-16 11:10:00,19960.0,19960.0,19960.0,19960.0,0.0,0.0,272.0
2017-10-16 11:15:00,19960.0,19960.0,19815.0,19815.0,22.0,2185850.0,266.0
2017-10-16 11:20:00,19815.0,19815.0,19815.0,19815.0,0.0,0.0,266.0
2017-10-16 11:25:00,19815.0,19815.0,19815.0,19815.0,0.0,0.0,266.0
2017-10-16 13:30:00,19815.0,19890.0,19785.0,19785.0,6.0,594600.0,266.0
2017-10-16 13:35:00,19785.0,19850.0,19785.0,19850.0,2.0,198500.0,264.0
2017-10-16 13:40:00,19850.0,19850.0,19850.0,19850.0,0.0,0.0,264.0
2017-10-16 13:45:00,19850.0,19875.0,19850.0,19875.0,2.0,198750.0,264.0
2017-10-16 13:50:00,19875.0,19875.0,19850.0,19850.0,2.0,198500.0,264.0
2017-10-16 13:55:00,19850.0,19850.0,19850.0,19850.0,0.0,0.0,264.0
2017-10-16 14:00:00,19850.0,19850.0,19820.0,19820.0,2.0,198200.0,264.0
2017-10-16 14:05:00,19820.0,19820.0,19820.0,19820.0,0.0,0.0,264.0
2017-10-16 14:10:00,19820.0,19820.0,19820.0,19820.0,0.0,0.0,264.0
2017-10-16 14:15:00,19820.0,19820.0,19820.0,19820.0,0.0,0.0,264.0
2017-10-16 14:20:00,19820.0,19820.0,19820.0,19820.0,0.0,0.0,264.0
2017-10-16 14:25:00,19820.0,19820.0,19820.0,19820.0,0.0,0.0,264.0
2017-10-16 14:30:00,19820.0,19820.0,19820.0,19820.0,0.0,0.0,264.0
2017-10-16 14:35:00,19820.0,19820.0,19820.0,19820.0,0.0,0.0,264.0
2017-10-16 14:40:00,19820.0,19820.0,19820.0,19820.0,0.0,0.0,264.0
2017-10-16 14:45:00,19820.0,19820.0,19820.0,19820.0,4.0,396400.0,266.0
2017-10-16 14:50:00,19820.0,19820.0,19820.0,19820.0,0.0,0.0,266.0
2017-10-16 14:55:00,19820.0,19820.0,19820.0,19820.0,0.0,0.0,266.0
2017-10-16 21:00:00,19880.0,19880.0,19880.0,19880.0,0.0,0.0,266.0
2017-10-16 21:05:00,20050.0,20050.0,20000.0,20000.0,6.0,600500.0,264.0
2017-10-16 21:10:00,20000.0,20000.0,20000.0,20000.0,0.0,0.0,264.0
2017-10-16 21:15:00,20065.0,20065.0,20065.0,20065.0,2.0,200650.0,264.0
2017-10-16 21:20:00,20065.0,20065.0,20060.0,20060.0,2.0,200600.0,264.0
2017-10-16 21:25:00,20060.0,20060.0,20050.0,20050.0,2.0,200500.0,264.0
2017-10-16 21:30:00,20050.0,20050.0,20050.0,20050.0,0.0,0.0,264.0
2017-10-16 21:35:00,20050.0,20100.0,20050.0,20100.0,4.0,401950.0,264.0
2017-10-16 21:40:00,20100.0,20100.0,20100.0,20100.0,12.0,1206000.0,262.0
2017-10-16 21:45:00,20100.0,20100.0,20100.0,20100.0,0.0,0.0,262.0
2017-10-16 21:50:00,20100.0,20100.0,20100.0,20100.0,0.0,0.0,262.0
2017-10-16 21:55:00,20100.0,20100.0,20100.0,20100.0,0.0,0.0,262.0
2017-10-16 22:00:00,20100.0,20100.0,20100.0,20100.0,0.0,0.0,262.0
2017-10-16 22:05:00,20100.0,20100.0,20100.0,20100.0,0.0,0.0,262.0
2017-10-16 22:10:00,20100.0,20100.0,20100.0,20100.0,0.0,0.0,262.0
2017-10-16 22:15:00,20100.0,20100.0,20100.0,20100.0,0.0,0.0,262.0
2017-10-16 22:20:00,20100.0,20100.0,20100.0,20100.0,0.0,0.0,262.0
2017-10-16 22:25:00,20100.0,20100.0,20100.0,20100.0,0.0,0.0,262.0
2017-10-16 22:30:00,20100.0,20100.0,20100.0,20100.0,0.0,0.0,262.0
2017-10-16 22:35:00,20100.0,20100.0,20100.0,20100.0,0.0,0.0,262.0
2017-10-16 22:40:00,20100.0,20100.0,20100.0,20100.0,0.0,0.0,262.0
2017-10-16 22:45:00,20035.0,20035.0,20035.0,20035.0,2.0,200350.0,262.0
2017-10-16 22:50:00,20035.0,20035.0,19985.0,19985.0,2.0,199850.0,262.0
2017-10-16 22:55:00,19985.0,19985.0,19985.0,19985.0,0.0,0.0,262.0
2017-10-16 23:00:00,19985.0,19985.0,19875.0,19875.0,2.0,198750.0,262.0
2017-10-16 23:05:00,19875.0,19875.0,19875.0,19875.0,0.0,0.0,262.0
2017-10-16 23:10:00,19875.0,19875.0,19830.0,19830.0,2.0,198300.0,262.0
2017-10-16 23:15:00,19830.0,19835.0,19830.0,19835.0,2.0,198350.0,264.0
2017-10-16 23:20:00,19835.0,19835.0,19835.0,19835.0,0.0,0.0,264.0
2017-10-16 23:25:00,19835.0,19835.0,19835.0,19835.0,0.0,0.0,264.0
2017-10-16 23:30:00,19835.0,19835.0,19835.0,19835.0,0.0,0.0,264.0
2017-10-16 23:35:00,19835.0,19835.0,19835.0,19835.0,0.0,0.0,264.0
2017-10-16 23:40:00,19835.0,19835.0,19835.0,19835.0,0.0,0.0,264.0
2017-10-16 23:45:00,19835.0,19835.0,19835.0,19835.0,0.0,0.0,264.0
2017-10-16 23:50:00,19835.0,19835.0,19835.0,19835.0,0.0,0.0,264.0
2017-10-16 23:55:00,19835.0,19835.0,19835.0,19835.0,0.0,0.0,264.0
2017-10-17 00:00:00,19835.0,19835.0,19835.0,19835.0,0.0,0.0,264.0
2017-10-17 00:05:00,19835.0,19835.0,19835.0,19835.0,0.0,0.0,264.0
2017-10-17 00:10:00,19835.0,19835.0,19835.0,19835.0,0.0,0.0,264.0
2017-10-17 00:15:00,19835.0,19930.0,19835.0,19930.0,2.0,199300.0,266.0
2017-10-17 00:20:00,19930.0,19930.0,19930.0,19930.0,0.0,0.0,266.0
2017-10-17 00:25:00,19930.0,19930.0,19930.0,19930.0,0.0,0.0,266.0
2017-10-17 00:30:00,19930.0,19930.0,19930.0,19930.0,0.0,0.0,266.0
2017-10-17 00:35:00,19930.0,19930.0,19930.0,19930.0,0.0,0.0,266.0
2017-10-17 00:40:00,19930.0,19930.0,19930.0,19930.0,0.0,0.0,266.0
2017-10-17 00:45:00,19930.0,19930.0,19930.0,19930.0,0.0,0.0,266.0
2017-10-17 00:50:00,19930.0,19930.0,19930.0,19930.0,0.0,0.0,266.0
2017-10-17 00:55:00,19930.0,19930.0,19930.0,19930.0,0.0,0.0,266.0
2017-10-17 09:00:00,19930.0,19930.0,19930.0,19930.0,0.0,0.0,266.0
2017-10-17 09:05:00,19930.0,19930.0,19930.0,19930.0,0.0,0.0,266.0
2017-10-17 09:10:00,19930.0,19930.0,19930.0,19930.0,0.0,0.0,266.0
2017-10-17 09:15:00,19930.0,19930.0,19930.0,19930.0,0.0,0.0,266.0
2017-10-17 09:20:00,19930.0,19930.0,19930.0,19930.0,0.0,0.0,266.0
2017-10-17 09:25:00,19930.0,19930.0,19930.0,19930.0,0.0,0.0,266.0
2017-10-17 09:30:00,19930.0,19930.0,19930.0,19930.0,0.0,0.0,266.0
2017-10-17 09:35:00,19930.0,19930.0,19930.0,19930.0,0.0,0.0,266.0
2017-10-17 09:40:00,19930.0,19930.0,19930.0,19930.0,0.0,0.0,266.0
2017-10-17 09:45:00,19930.0,19930.0,19930.0,19930.0,0.0,0.0,266.0
2017-10-17 09:50:00,19930.0,19930.0,19930.0,19930.0,0.0,0.0,266.0
2017-10-17 09:55:00,19840.0,19840.0,19840.0,19840.0,2.0,198400.0,264.0
2017-10-17 10:00:00,19840.0,19840.0,19840.0,19840.0,0.0,0.0,264.0
2017-10-17 10:05:00,19840.0,19840.0,19840.0,19840.0,0.0,0.0,264.0
2017-10-17 10:10:00,19840.0,19840.0,19840.0,19840.0,0.0,0.0,264.0
2017-10-17 10:30:00,19840.0,19840.0,19840.0,19840.0,0.0,0.0,264.0
2017-10-17 10:35:00,19840.0,19840.0,19840.0,19840.0,0.0,0.0,264.0
2017-10-17 10:40:00,19840.0,19840.0,19835.0,19835.0,2.0,198350.0,266.0
2017-10-17 10:45:00,19835.0,19835.0,19835.0,19835.0,0.0,0.0,266.0
2017-10-17 10:50:00,19835.0,19835.0,19835.0,19835.0,0.0,0.0,266.0
2017-10-17 10:55:00,19835.0,19835.0,19835.0,19835.0,0.0,0.0,266.0
2017-10-17 11:00:00,19835.0,19835.0,19835.0,19835.0,0.0,0.0,266.0
2017-10-17 11:05:00,19835.0,19835.0,19835.0,19835.0,0.0,0.0,266.0
2017-10-17 11:10:00,19835.0,19835.0,19835.0,19835.0,0.0,0.0,266.0
2017-10-17 11:15:00,19835.0,19835.0,19835.0,19835.0,0.0,0.0,266.0
2017-10-17 11:20:00,19835.0,19835.0,19835.0,19835.0,0.0,0.0,266.0
2017-10-17 11:25:00,19835.0,19835.0,19835.0,19835.0,0.0,0.0,266.0
2017-10-17 13:30:00,19835.0,19835.0,19835.0,19835.0,0.0,0.0,266.0
2017-10-17 13:35:00,19835.0,19835.0,19835.0,19835.0,0.0,0.0,266.0
2017-10-17 13:40:00,19835.0,19835.0,19835.0,19835.0,0.0,0.0,266.0
2017-10-17 13:45:00,19835.0,19835.0,19835.0,19835.0,0.0,0.0,266.0
2017-10-17 13:50:00,19835.0,19835.0,19835.0,19835.0,0.0,0.0,266.0
2017-10-17 13:55:00,19835.0,19835.0,19835.0,19835.0,0.0,0.0,266.0
2017-10-17 14:00:00,19835.0,19835.0,19835.0,19835.0,0.0,0.0,266.0
2017-10-17 14:05:00,19835.0,19835.0,19835.0,19835.0,0.0,0.0,266.0
2017-10-17 14:10:00,19835.0,19835.0,19835.0,19835.0,2.0,198350.0,266.0
2017-10-17 14:15:00,19835.0,19835.0,19835.0,19835.0,0.0,0.0,266.0
2017-10-17 14:20:00,19835.0,19835.0,19835.0,19835.0,0.0,0.0,266.0
2017-10-17 14:25:00,19835.0,19835.0,19835.0,19835.0,0.0,0.0,266.0
2017-10-17 14:30:00,19835.0,19835.0,19835.0,19835.0,0.0,0.0,266.0
2017-10-17 14:35:00,19835.0,19835.0,19685.0,19685.0,2.0,196850.0,266.0
2017-10-17 14:40:00,19685.0,19685.0,19680.0,19680.0,4.0,393600.0,270.0
2017-10-17 14:45:00,19680.0,19680.0,19680.0,19680.0,0.0,0.0,270.0
2017-10-17 14:50:00,19680.0,19680.0,19680.0,19680.0,0.0,0.0,270.0
2017-10-17 14:55:00,19680.0,19680.0,19680.0,19680.0,0.0,0.0,270.0
2017-10-17 21:00:00,19960.0,19960.0,19960.0,19960.0,0.0,0.0,270.0
2017-10-17 21:05:00,19960.0,19960.0,19960.0,19960.0,0.0,0.0,270.0
2017-10-17 21:10:00,19960.0,19960.0,19960.0,19960.0,0.0,0.0,270.0
2017-10-17 21:15:00,19645.0,19645.0,19645.0,19645.0,2.0,196450.0,270.0
2017-10-17 21:20:00,19645.0,19645.0,19645.0,19645.0,0.0,0.0,270.0
2017-10-17 21:25:00,19645.0,19645.0,19630.0,19630.0,4.0,392600.0,266.0
2017-10-17 21:30:00,19630.0,19630.0,19620.0,19620.0,2.0,196200.0,268.0
2017-10-17 21:35:00,19620.0,19620.0,19550.0,19550.0,4.0,391600.0,264.0
2017-10-17 21:40:00,19550.0,19550.0,19550.0,19550.0,0.0,0.0,264.0
2017-10-17 21:45:00,19550.0,19580.0,19550.0,19580.0,4.0,391600.0,264.0
2017-10-17 21:50:00,19580.0,19580.0,19540.0,19540.0,8.0,781600.0,272.0
2017-10-17 21:55:00,19540.0,19540.0,19540.0,19540.0,0.0,0.0,272.0
2017-10-17 22:00:00,19540.0,19540.0,19475.0,19475.0,4.0,390150.0,270.0
2017-10-17 22:05:00,19475.0,19505.0,19475.0,19505.0,6.0,585150.0,266.0
2017-10-17 22:10:00,19505.0,19505.0,19505.0,19505.0,0.0,0.0,266.0
2017-10-17 22:15:00,19505.0,19515.0,19505.0,19515.0,2.0,195150.0,266.0
2017-10-17 22:20:00,19515.0,19515.0,19450.0,19450.0,2.0,194500.0,266.0
2017-10-17 22:25:00,19450.0,19450.0,19400.0,19400.0,2.0,194000.0,268.0
2017-10-17 22:30:00,19300.0,19300.0,19250.0,19250.0,10.0,963700.0,262.0
2017-10-17 22:35:00,19250.0,19345.0,19250.0,19345.0,2.0,193450.0,264.0
2017-10-17 22:40:00,19345.0,19345.0,19320.0,19320.0,10.0,966000.0,260.0
2017-10-17 22:45:00,19320.0,19320.0,19320.0,19320.0,0.0,0.0,260.0
2017-10-17 22:50:00,19320.0,19320.0,19320.0,19320.0,0.0,0.0,260.0
2017-10-17 22:55:00,19320.0,19320.0,19320.0,19320.0,0.0,0.0,260.0
2017-10-17 23:00:00,19285.0,19285.0,19285.0,19285.0,6.0,578550.0,260.0
2017-10-17 23:05:00,19285.0,19285.0,19285.0,19285.0,0.0,0.0,260.0
2017-10-17 23:10:00,19285.0,19285.0,19285.0,19285.0,0.0,0.0,260.0
2017-10-17 23:15:00,19285.0,19285.0,19285.0,19285.0,0.0,0.0,260.0
2017-10-17 23:20:00,19285.0,19285.0,19285.0,19285.0,0.0,0.0,260.0
2017-10-17 23:25:00,19285.0,19285.0,19285.0,19285.0,0.0,0.0,260.0
2017-10-17 23:30:00,19475.0,19475.0,19475.0,19475.0,2.0,194750.0,260.0
2017-10-17 23:35:00,19475.0,19475.0,19475.0,19475.0,0.0,0.0,260.0
2017-10-17 23:40:00,19475.0,19475.0,19475.0,19475.0,0.0,0.0,260.0
2017-10-17 23:45:00,19475.0,19475.0,19475.0,19475.0,0.0,0.0,260.0
2017-10-17 23:50:00,19475.0,19475.0,19475.0,19475.0,0.0,0.0,260.0
2017-10-17 23:55:00,19475.0,19475.0,19475.0,19475.0,0.0,0.0,260.0
2017-10-18 00:00:00,19475.0,19475.0,19475.0,19475.0,0.0,0.0,260.0
2017-10-18 00:05:00,19475.0,19475.0,19475.0,19475.0,0.0,0.0,260.0
2017-10-18 00:10:00,19475.0,19475.0,19475.0,19475.0,0.0,0.0,260.0
2017-10-18 00:15:00,19475.0,19475.0,19475.0,19475.0,0.0,0.0,260.0
2017-10-18 00:20:00,19475.0,19475.0,19475.0,19475.0,0.0,0.0,260.0
2017-10-18 00:25:00,19475.0,19475.0,19475.0,19475.0,0.0,0.0,260.0
2017-10-18 00:30:00,19475.0,19475.0,19475.0,19475.0,0.0,0.0,260.0
2017-10-18 00:35:00,19475.0,19475.0,19475.0,19475.0,0.0,0.0,260.0
2017-10-18 00:40:00,19475.0,19475.0,19475.0,19475.0,0.0,0.0,260.0
2017-10-18 00:45:00,19475.0,19475.0,19475.0,19475.0,0.0,0.0,260.0
2017-10-18 00:50:00,19475.0,19475.0,19475.0,19475.0,0.0,0.0,260.0
2017-10-18 00:55:00,19475.0,19475.0,19475.0,19475.0,0.0,0.0,260.0
2017-10-18 09:00:00,19475.0,19475.0,19475.0,19475.0,0.0,0.0,260.0
2017-10-18 09:05:00,19475.0,19475.0,19475.0,19475.0,0.0,0.0,260.0
2017-10-18 09:10:00,19475.0,19475.0,19385.0,19385.0,2.0,193850.0,258.0
2017-10-18 09:15:00,19385.0,19385.0,19385.0,19385.0,0.0,0.0,258.0
2017-10-18 09:20:00,19385.0,19385.0,19295.0,19295.0,2.0,192950.0,260.0
2017-10-18 09:25:00,19295.0,19395.0,19295.0,19395.0,2.0,193950.0,258.0
2017-10-18 09:30:00,19395.0,19395.0,19395.0,19395.0,0.0,0.0,258.0
2017-10-18 09:35:00,19395.0,19395.0,19395.0,19395.0,0.0,0.0,258.0
2017-10-18 09:40:00,19395.0,19395.0,19395.0,19395.0,0.0,0.0,258.0
2017-10-18 09:45:00,19395.0,19395.0,19305.0,19305.0,4.0,386100.0,262.0
2017-10-18 09:50:00,19305.0,19305.0,19305.0,19305.0,0.0,0.0,262.0
2017-10-18 09:55:00,19350.0,19350.0,19350.0,19350.0,2.0,193500.0,260.0
2017-10-18 10:00:00,19350.0,19350.0,19350.0,19350.0,0.0,0.0,260.0
2017-10-18 10:05:00,19350.0,19350.0,19300.0,19300.0,10.0,965000.0,260.0
2017-10-18 10:10:00,19300.0,19300.0,19300.0,19300.0,0.0,0.0,260.0
2017-10-18 10:30:00,19300.0,19300.0,19300.0,19300.0,0.0,0.0,260.0
2017-10-18 10:35:00,19300.0,19300.0,19300.0,19300.0,0.0,0.0,260.0
2017-10-18 10:40:00,19300.0,19300.0,19300.0,19300.0,0.0,0.0,260.0
2017-10-18 10:45:00,19300.0,19300.0,19300.0,19300.0,0.0,0.0,260.0
2017-10-18 10:50:00,19300.0,19300.0,19300.0,19300.0,0.0,0.0,260.0
2017-10-18 10:55:00,19300.0,19300.0,19300.0,19300.0,0.0,0.0,260.0
2017-10-18 11:00:00,19300.0,19300.0,19300.0,19300.0,0.0,0.0,260.0
2017-10-18 11:05:00,19300.0,19300.0,19300.0,19300.0,0.0,0.0,260.0
2017-10-18 11:10:00,19300.0,19300.0,19300.0,19300.0,0.0,0.0,260.0
2017-10-18 11:15:00,19300.0,19300.0,19300.0,19300.0,0.0,0.0,260.0
2017-10-18 11:20:00,19300.0,19300.0,19300.0,19300.0,0.0,0.0,260.0
2017-10-18 11:25:00,19300.0,19300.0,19300.0,19300.0,0.0,0.0,260.0
2017-10-18 13:30:00,19300.0,19300.0,19300.0,19300.0,0.0,0.0,260.0
2017-10-18 13:35:00,19300.0,19300.0,19300.0,19300.0,0.0,0.0,260.0
2017-10-18 13:40:00,19250.0,19300.0,19220.0,19300.0,12.0,1154700.0,264.0
2017-10-18 13:45:00,19300.0,19300.0,19300.0,19300.0,0.0,0.0,264.0
2017-10-18 13:50:00,19300.0,19300.0,19300.0,19300.0,0.0,0.0,264.0
2017-10-18 13:55:00,19300.0,19300.0,19300.0,19300.0,0.0,0.0,264.0
2017-10-18 14:00:00,19150.0,19155.0,19095.0,19155.0,10.0,957000.0,272.0
2017-10-18 14:05:00,19155.0,19155.0,19155.0,19155.0,0.0,0.0,272.0
2017-10-18 14:10:00,19155.0,19155.0,19155.0,19155.0,0.0,0.0,272.0
2017-10-18 14:15:00,19155.0,19155.0,19155.0,19155.0,0.0,0.0,272.0
2017-10-18 14:20:00,19155.0,19185.0,19075.0,19100.0,14.0,1339200.0,276.0
2017-10-18 14:25:00,19100.0,19120.0,19100.0,19120.0,2.0,191200.0,276.0
2017-10-18 14:30:00,19120.0,19145.0,19075.0,19075.0,12.0,1146950.0,286.0
2017-10-18 14:35:00,19075.0,19075.0,19075.0,19075.0,0.0,0.0,286.0
2017-10-18 14:40:00,19075.0,19120.0,19050.0,19120.0,10.0,954450.0,292.0
2017-10-18 14:45:00,19120.0,19120.0,19120.0,19120.0,0.0,0.0,292.0
2017-10-18 14:50:00,19120.0,19120.0,19120.0,19120.0,0.0,0.0,292.0
2017-10-18 14:55:00,19120.0,19120.0,19120.0,19120.0,0.0,0.0,292.0
2017-10-18 21:00:00,19305.0,19305.0,19305.0,19305.0,0.0,0.0,292.0
2017-10-18 21:05:00,19145.0,19145.0,19140.0,19140.0,6.0,574250.0,292.0
2017-10-18 21:10:00,19020.0,19020.0,19020.0,19020.0,2.0,190200.0,292.0
2017-10-18 21:15:00,19115.0,19130.0,19115.0,19130.0,6.0,573750.0,296.0
2017-10-18 21:20:00,19130.0,19130.0,19130.0,19130.0,0.0,0.0,296.0
2017-10-18 21:25:00,19130.0,19130.0,19130.0,19130.0,0.0,0.0,296.0
2017-10-18 21:30:00,19130.0,19130.0,19130.0,19130.0,0.0,0.0,296.0
2017-10-18 21:35:00,19130.0,19145.0,19130.0,19145.0,6.0,574350.0,296.0
2017-10-18 21:40:00,19145.0,19145.0,19145.0,19145.0,0.0,0.0,296.0
2017-10-18 21:45:00,19145.0,19200.0,19145.0,19200.0,2.0,192000.0,296.0
2017-10-18 21:50:00,19200.0,19200.0,19200.0,19200.0,0.0,0.0,296.0
2017-10-18 21:55:00,19205.0,19285.0,19195.0,19285.0,6.0,576850.0,296.0
2017-10-18 22:00:00,19285.0,19285.0,19285.0,19285.0,0.0,0.0,296.0
2017-10-18 22:05:00,19285.0,19285.0,19285.0,19285.0,0.0,0.0,296.0
2017-10-18 22:10:00,19285.0,19285.0,19285.0,19285.0,0.0,0.0,296.0
2017-10-18 22:15:00,19285.0,19285.0,19285.0,19285.0,0.0,0.0,296.0
2017-10-18 22:20:00,19285.0,19285.0,19285.0,19285.0,0.0,0.0,296.0
2017-10-18 22:25:00,19285.0,19285.0,19285.0,19285.0,0.0,0.0,296.0
2017-10-18 22:30:00,19285.0,19285.0,19285.0,19285.0,0.0,0.0,296.0
2017-10-18 22:35:00,19285.0,19285.0,19285.0,19285.0,0.0,0.0,296.0
2017-10-18 22:40:00,19285.0,19285.0,19285.0,19285.0,0.0,0.0,296.0
2017-10-18 22:45:00,19200.0,19200.0,19200.0,19200.0,2.0,192000.0,296.0
2017-10-18 22:50:00,19200.0,19200.0,19200.0,19200.0,0.0,0.0,296.0
2017-10-18 22:55:00,19200.0,19200.0,19200.0,19200.0,0.0,0.0,296.0
2017-10-18 23:00:00,19200.0,19200.0,19200.0,19200.0,0.0,0.0,296.0
2017-10-18 23:05:00,19200.0,19200.0,19200.0,19200.0,0.0,0.0,296.0
2017-10-18 23:10:00,19200.0,19200.0,19200.0,19200.0,0.0,0.0,296.0
2017-10-18 23:15:00,19265.0,19490.0,19260.0,19280.0,14.0,1352150.0,304.0
2017-10-18 23:20:00,19280.0,19395.0,19280.0,19290.0,44.0,4246950.0,330.0
2017-10-18 23:25:00,19310.0,19310.0,19310.0,19310.0,18.0,1737900.0,340.0
2017-10-18 23:30:00,19310.0,19310.0,19310.0,19310.0,0.0,0.0,340.0
2017-10-18 23:35:00,19310.0,19310.0,19310.0,19310.0,0.0,0.0,340.0
2017-10-18 23:40:00,19310.0,19310.0,19310.0,19310.0,0.0,0.0,340.0
2017-10-18 23:45:00,19310.0,19390.0,19310.0,19390.0,8.0,774300.0,348.0
2017-10-18 23:50:00,19390.0,19480.0,19360.0,19480.0,16.0,1553150.0,364.0
2017-10-18 23:55:00,19480.0,19480.0,19415.0,19415.0,2.0,194150.0,364.0
2017-10-19 00:00:00,19415.0,19415.0,19415.0,19415.0,0.0,0.0,364.0
2017-10-19 00:05:00,19415.0,19415.0,19415.0,19415.0,0.0,0.0,364.0
2017-10-19 00:10:00,19415.0,19415.0,19415.0,19415.0,0.0,0.0,364.0
2017-10-19 00:15:00,19415.0,19415.0,19415.0,19415.0,0.0,0.0,364.0
2017-10-19 00:20:00,19415.0,19415.0,19415.0,19415.0,0.0,0.0,364.0
2017-10-19 00:25:00,19415.0,19415.0,19415.0,19415.0,0.0,0.0,364.0
2017-10-19 00:30:00,19415.0,19415.0,19415.0,19415.0,0.0,0.0,364.0
2017-10-19 00:35:00,19415.0,19415.0,19415.0,19415.0,0.0,0.0,364.0
2017-10-19 00:40:00,19415.0,19415.0,19415.0,19415.0,0.0,0.0,364.0
2017-10-19 00:45:00,19415.0,19415.0,19415.0,19415.0,0.0,0.0,364.0
2017-10-19 00:50:00,19415.0,19415.0,19415.0,19415.0,0.0,0.0,364.0
2017-10-19 00:55:00,19415.0,19415.0,19415.0,19415.0,0.0,0.0,364.0
2017-10-19 09:00:00,19415.0,19415.0,19270.0,19270.0,2.0,192700.0,364.0
2017-10-19 09:05:00,19270.0,19270.0,19270.0,19270.0,0.0,0.0,364.0
2017-10-19 09:10:00,19320.0,19320.0,19305.0,19305.0,6.0,579300.0,360.0
2017-10-19 09:15:00,19305.0,19305.0,19305.0,19305.0,0.0,0.0,360.0
2017-10-19 09:20:00,19305.0,19305.0,19305.0,19305.0,0.0,0.0,360.0
2017-10-19 09:25:00,19305.0,19305.0,19305.0,19305.0,0.0,0.0,360.0
2017-10-19 09:30:00,19305.0,19305.0,19305.0,19305.0,0.0,0.0,360.0
2017-10-19 09:35:00,19305.0,19305.0,19305.0,19305.0,0.0,0.0,360.0
2017-10-19 09:40:00,19305.0,19305.0,19145.0,19200.0,16.0,1532150.0,374.0
2017-10-19 09:45:00,19200.0,19205.0,19200.0,19200.0,12.0,1152050.0,376.0
2017-10-19 09:50:00,19200.0,19200.0,19200.0,19200.0,0.0,0.0,376.0
2017-10-19 09:55:00,19200.0,19200.0,19200.0,19200.0,0.0,0.0,376.0
2017-10-19 10:00:00,19200.0,19240.0,19200.0,19240.0,2.0,192400.0,376.0
2017-10-19 10:05:00,19240.0,19240.0,19240.0,19240.0,0.0,0.0,376.0
2017-10-19 10:10:00,19240.0,19240.0,19190.0,19190.0,4.0,383800.0,380.0
2017-10-19 10:30:00,19190.0,19190.0,19190.0,19190.0,0.0,0.0,380.0
2017-10-19 10:35:00,19190.0,19190.0,19190.0,19190.0,0.0,0.0,380.0
2017-10-19 10:40:00,19190.0,19190.0,19190.0,19190.0,0.0,0.0,380.0
2017-10-19 10:45:00,19200.0,19200.0,19200.0,19200.0,2.0,192000.0,378.0
2017-10-19 10:50:00,19200.0,19200.0,19200.0,19200.0,2.0,192000.0,376.0
2017-10-19 10:55:00,19200.0,19200.0,19200.0,19200.0,0.0,0.0,376.0
2017-10-19 11:00:00,19200.0,19200.0,19200.0,19200.0,0.0,0.0,376.0
2017-10-19 11:05:00,19200.0,19200.0,19200.0,19200.0,0.0,0.0,376.0
2017-10-19 11:10:00,19200.0,19200.0,19200.0,19200.0,0.0,0.0,376.0
2017-10-19 11:15:00,19200.0,19200.0,19200.0,19200.0,0.0,0.0,376.0
2017-10-19 11:20:00,19200.0,19225.0,19200.0,19225.0,2.0,192250.0,374.0
2017-10-19 11:25:00,19225.0,19225.0,19225.0,19225.0,0.0,0.0,374.0
2017-10-19 13:30:00,19225.0,19225.0,19225.0,19225.0,0.0,0.0,374.0
2017-10-19 13:35:00,19225.0,19225.0,19225.0,19225.0,0.0,0.0,374.0
2017-10-19 13:40:00,19225.0,19225.0,19225.0,19225.0,0.0,0.0,374.0
2017-10-19 13:45:00,19225.0,19225.0,19225.0,19225.0,0.0,0.0,374.0
2017-10-19 13:50:00,19225.0,19225.0,19225.0,19225.0,0.0,0.0,374.0
2017-10-19 13:55:00,19225.0,19225.0,19225.0,19225.0,0.0,0.0,374.0
2017-10-19 14:00:00,19225.0,19225.0,19225.0,19225.0,0.0,0.0,374.0
2017-10-19 14:05:00,19225.0,19225.0,19150.0,19150.0,2.0,191500.0,372.0
2017-10-19 14:10:00,19150.0,19150.0,19150.0,19150.0,0.0,0.0,372.0
2017-10-19 14:15:00,19150.0,19150.0,19150.0,19150.0,0.0,0.0,372.0
2017-10-19 14:20:00,19150.0,19150.0,19150.0,19150.0,0.0,0.0,372.0
2017-10-19 14:25:00,19150.0,19150.0,19150.0,19150.0,0.0,0.0,372.0
2017-10-19 14:30:00,19150.0,19150.0,19150.0,19150.0,0.0,0.0,372.0
2017-10-19 14:35:00,19150.0,19150.0,19150.0,19150.0,0.0,0.0,372.0
2017-10-19 14:40:00,19150.0,19150.0,19150.0,19150.0,0.0,0.0,372.0
2017-10-19 14:45:00,19150.0,19150.0,19150.0,19150.0,0.0,0.0,372.0
2017-10-19 14:50:00,19150.0,19150.0,19150.0,19150.0,0.0,0.0,372.0
2017-10-19 14:55:00,19150.0,19150.0,19150.0,19150.0,0.0,0.0,372.0
2017-10-19 21:00:00,19265.0,19265.0,18995.0,18995.0,2.0,189950.0,370.0
2017-10-19 21:05:00,18995.0,19030.0,18980.0,18980.0,4.0,380100.0,372.0
2017-10-19 21:10:00,18980.0,18980.0,18980.0,18980.0,0.0,0.0,372.0
2017-10-19 21:15:00,18980.0,18980.0,18980.0,18980.0,0.0,0.0,372.0
2017-10-19 21:20:00,18980.0,18980.0,18950.0,18950.0,4.0,379050.0,372.0
2017-10-19 21:25:00,18940.0,19210.0,18890.0,18890.0,14.0,1330950.0,384.0
2017-10-19 21:30:00,18930.0,19150.0,18920.0,18920.0,44.0,4176000.0,410.0
2017-10-19 21:35:00,18920.0,18920.0,18885.0,18885.0,4.0,377700.0,410.0
2017-10-19 21:40:00,18885.0,18905.0,18885.0,18900.0,10.0,945100.0,414.0
2017-10-19 21:45:00,18885.0,18885.0,18885.0,18885.0,2.0,188850.0,414.0
2017-10-19 21:50:00,18885.0,18910.0,18885.0,18910.0,2.0,189100.0,414.0
2017-10-19 21:55:00,18910.0,18910.0,18880.0,18880.0,4.0,377600.0,414.0
2017-10-19 22:00:00,18880.0,18880.0,18880.0,18880.0,0.0,0.0,414.0
2017-10-19 22:05:00,18880.0,18880.0,18880.0,18880.0,0.0,0.0,414.0
2017-10-19 22:10:00,18905.0,18905.0,18905.0,18905.0,8.0,756200.0,408.0
2017-10-19 22:15:00,18905.0,18940.0,18905.0,18940.0,2.0,189400.0,410.0
2017-10-19 22:20:00,18940.0,18940.0,18940.0,18940.0,0.0,0.0,410.0
2017-10-19 22:25:00,18940.0,18940.0,18940.0,18940.0,0.0,0.0,410.0
2017-10-19 22:30:00,18940.0,19025.0,18940.0,18980.0,4.0,380050.0,412.0
2017-10-19 22:35:00,18980.0,18980.0,18980.0,18980.0,8.0,759200.0,408.0
2017-10-19 22:40:00,18980.0,18980.0,18980.0,18980.0,4.0,379600.0,408.0
2017-10-19 22:45:00,18980.0,18980.0,18980.0,18980.0,0.0,0.0,408.0
2017-10-19 22:50:00,18980.0,19040.0,18980.0,19040.0,4.0,380750.0,404.0
2017-10-19 22:55:00,19040.0,19040.0,19040.0,19040.0,0.0,0.0,404.0
2017-10-19 23:00:00,19040.0,19040.0,19040.0,19040.0,0.0,0.0,404.0
2017-10-19 23:05:00,19040.0,19040.0,19040.0,19040.0,0.0,0.0,404.0
2017-10-19 23:10:00,19040.0,19040.0,19040.0,19040.0,0.0,0.0,404.0
2017-10-19 23:15:00,19040.0,19040.0,19040.0,19040.0,0.0,0.0,404.0
2017-10-19 23:20:00,19040.0,19040.0,19040.0,19040.0,0.0,0.0,404.0
2017-10-19 23:25:00,19040.0,19045.0,19040.0,19045.0,2.0,190450.0,402.0
2017-10-19 23:30:00,19045.0,19045.0,19045.0,19045.0,0.0,0.0,402.0
2017-10-19 23:35:00,19045.0,19045.0,19045.0,19045.0,0.0,0.0,402.0
2017-10-19 23:40:00,19045.0,19045.0,19045.0,19045.0,0.0,0.0,402.0
2017-10-19 23:45:00,19045.0,19045.0,19045.0,19045.0,0.0,0.0,402.0
2017-10-19 23:50:00,19045.0,19045.0,19045.0,19045.0,0.0,0.0,402.0
2017-10-19 23:55:00,19045.0,19045.0,19045.0,19045.0,0.0,0.0,402.0
2017-10-20 00:00:00,19045.0,19045.0,19045.0,19045.0,0.0,0.0,402.0
2017-10-20 00:05:00,19045.0,19045.0,19045.0,19045.0,0.0,0.0,402.0
2017-10-20 00:10:00,19045.0,19045.0,19045.0,19045.0,0.0,0.0,402.0
2017-10-20 00:15:00,19045.0,19045.0,19045.0,19045.0,0.0,0.0,402.0
2017-10-20 00:20:00,19045.0,19045.0,19045.0,19045.0,0.0,0.0,402.0
2017-10-20 00:25:00,19045.0,19045.0,19045.0,19045.0,0.0,0.0,402.0
2017-10-20 00:30:00,19045.0,19045.0,19045.0,19045.0,0.0,0.0,402.0
2017-10-20 00:35:00,19045.0,19045.0,19045.0,19045.0,0.0,0.0,402.0
2017-10-20 00:40:00,19045.0,19045.0,19045.0,19045.0,0.0,0.0,402.0
2017-10-20 00:45:00,19045.0,19045.0,19045.0,19045.0,0.0,0.0,402.0
2017-10-20 00:50:00,19045.0,19045.0,19045.0,19045.0,0.0,0.0,402.0
2017-10-20 00:55:00,19045.0,19045.0,19045.0,19045.0,0.0,0.0,402.0
2017-10-20 09:00:00,19045.0,19045.0,19045.0,19045.0,0.0,0.0,402.0
2017-10-20 09:05:00,19045.0,19045.0,19045.0,19045.0,0.0,0.0,402.0
2017-10-20 09:10:00,19045.0,19045.0,19045.0,19045.0,0.0,0.0,402.0
2017-10-20 09:15:00,19045.0,19045.0,18980.0,18980.0,2.0,189800.0,402.0
2017-10-20 09:20:00,18980.0,18980.0,18920.0,18920.0,10.0,946000.0,406.0
2017-10-20 09:25:00,18920.0,18920.0,18920.0,18920.0,0.0,0.0,406.0
2017-10-20 09:30:00,19000.0,19000.0,19000.0,19000.0,2.0,190000.0,408.0
2017-10-20 09:35:00,19000.0,19000.0,19000.0,19000.0,0.0,0.0,408.0
2017-10-20 09:40:00,19000.0,19000.0,19000.0,19000.0,0.0,0.0,408.0
2017-10-20 09:45:00,19000.0,19000.0,19000.0,19000.0,2.0,190000.0,410.0
2017-10-20 09:50:00,19000.0,19000.0,19000.0,19000.0,0.0,0.0,410.0
2017-10-20 09:55:00,19000.0,19000.0,19000.0,19000.0,0.0,0.0,410.0
2017-10-20 10:00:00,19000.0,19000.0,19000.0,19000.0,0.0,0.0,410.0
2017-10-20 10:05:00,19000.0,19000.0,19000.0,19000.0,0.0,0.0,410.0
2017-10-20 10:10:00,19000.0,19000.0,19000.0,19000.0,0.0,0.0,410.0
2017-10-20 10:30:00,19000.0,19095.0,19000.0,19095.0,6.0,572200.0,408.0
2017-10-20 10:35:00,19095.0,19095.0,19095.0,19095.0,0.0,0.0,408.0
2017-10-20 10:40:00,19095.0,19095.0,19095.0,19095.0,0.0,0.0,408.0
2017-10-20 10:45:00,19045.0,19045.0,19045.0,19045.0,2.0,190450.0,408.0
2017-10-20 10:50:00,19045.0,19100.0,19045.0,19100.0,4.0,382000.0,412.0
2017-10-20 10:55:00,19145.0,19145.0,19145.0,19145.0,2.0,191450.0,410.0
2017-10-20 11:00:00,19145.0,19145.0,19145.0,19145.0,0.0,0.0,410.0
2017-10-20 11:05:00,19075.0,19140.0,19075.0,19140.0,6.0,573550.0,410.0
2017-10-20 11:10:00,19140.0,19240.0,19140.0,19235.0,8.0,767750.0,414.0
2017-10-20 11:15:00,19235.0,19240.0,19215.0,19240.0,8.0,769100.0,414.0
2017-10-20 11:20:00,19240.0,19240.0,19240.0,19240.0,0.0,0.0,414.0
2017-10-20 11:25:00,19240.0,19240.0,19240.0,19240.0,0.0,0.0,414.0
2017-10-20 13:30:00,19240.0,19240.0,19240.0,19240.0,0.0,0.0,414.0
2017-10-20 13:35:00,19240.0,19240.0,19240.0,19240.0,0.0,0.0,414.0
2017-10-20 13:40:00,19240.0,19240.0,19240.0,19240.0,0.0,0.0,414.0
2017-10-20 13:45:00,19240.0,19240.0,19240.0,19240.0,0.0,0.0,414.0
2017-10-20 13:50:00,19240.0,19240.0,19240.0,19240.0,0.0,0.0,414.0
2017-10-20 13:55:00,19240.0,19250.0,19240.0,19250.0,2.0,192500.0,414.0
2017-10-20 14:00:00,19250.0,19250.0,19250.0,19250.0,0.0,0.0,414.0
2017-10-20 14:05:00,19250.0,19250.0,19250.0,19250.0,0.0,0.0,414.0
2017-10-20 14:10:00,19250.0,19250.0,19250.0,19250.0,0.0,0.0,414.0
2017-10-20 14:15:00,19250.0,19250.0,19250.0,19250.0,0.0,0.0,414.0
2017-10-20 14:20:00,19250.0,19250.0,19250.0,19250.0,0.0,0.0,414.0
2017-10-20 14:25:00,19250.0,19250.0,19250.0,19250.0,0.0,0.0,414.0
2017-10-20 14:30:00,19250.0,19250.0,19245.0,19245.0,2.0,192450.0,416.0
2017-10-20 14:35:00,19245.0,19245.0,19245.0,19245.0,0.0,0.0,416.0
2017-10-20 14:40:00,19245.0,19245.0,19150.0,19150.0,2.0,191500.0,414.0
2017-10-20 14:45:00,19150.0,19190.0,19150.0,19190.0,2.0,191900.0,412.0
2017-10-20 14:50:00,19190.0,19190.0,19190.0,19190.0,0.0,0.0,412.0
2017-10-20 14:55:00,19190.0,19190.0,19190.0,19190.0,0.0,0.0,412.0
2017-10-20 21:00:00,19010.0,19070.0,19010.0,19070.0,6.0,572100.0,412.0
2017-10-20 21:05:00,19070.0,19140.0,19070.0,19140.0,2.0,191400.0,414.0
2017-10-20 21:10:00,19135.0,19135.0,19135.0,19135.0,2.0,191350.0,414.0
2017-10-20 21:15:00,19135.0,19135.0,19135.0,19135.0,0.0,0.0,414.0
2017-10-20 21:20:00,19135.0,19135.0,19135.0,19135.0,0.0,0.0,414.0
2017-10-20 21:25:00,19135.0,19135.0,19135.0,19135.0,0.0,0.0,414.0
2017-10-20 21:30:00,19135.0,19135.0,19135.0,19135.0,0.0,0.0,414.0
2017-10-20 21:35:00,19135.0,19135.0,19135.0,19135.0,0.0,0.0,414.0
2017-10-20 21:40:00,19135.0,19135.0,19135.0,19135.0,0.0,0.0,414.0
2017-10-20 21:45:00,19135.0,19135.0,19135.0,19135.0,0.0,0.0,414.0
2017-10-20 21:50:00,19135.0,19135.0,19135.0,19135.0,0.0,0.0,414.0
2017-10-20 21:55:00,19135.0,19135.0,19135.0,19135.0,0.0,0.0,414.0
2017-10-20 22:00:00,19135.0,19135.0,19135.0,19135.0,2.0,191350.0,414.0
2017-10-20 22:05:00,19135.0,19135.0,19135.0,19135.0,0.0,0.0,414.0
2017-10-20 22:10:00,19135.0,19135.0,19135.0,19135.0,0.0,0.0,414.0
2017-10-20 22:15:00,19135.0,19135.0,19135.0,19135.0,0.0,0.0,414.0
2017-10-20 22:20:00,19135.0,19135.0,19135.0,19135.0,0.0,0.0,414.0
2017-10-20 22:25:00,19135.0,19135.0,19135.0,19135.0,0.0,0.0,414.0
2017-10-20 22:30:00,19135.0,19135.0,19135.0,19135.0,0.0,0.0,414.0
2017-10-20 22:35:00,19135.0,19135.0,19085.0,19085.0,2.0,190850.0,416.0
2017-10-20 22:40:00,19085.0,19085.0,19085.0,19085.0,0.0,0.0,416.0
2017-10-20 22:45:00,19085.0,19085.0,19085.0,19085.0,0.0,0.0,416.0
2017-10-20 22:50:00,19085.0,19085.0,19085.0,19085.0,0.0,0.0,416.0
2017-10-20 22:55:00,19085.0,19085.0,19085.0,19085.0,0.0,0.0,416.0
2017-10-20 23:00:00,19085.0,19085.0,19085.0,19085.0,0.0,0.0,416.0
2017-10-20 23:05:00,18970.0,18970.0,18970.0,18970.0,2.0,189700.0,414.0
2017-10-20 23:10:00,18970.0,18970.0,18970.0,18970.0,0.0,0.0,414.0
2017-10-20 23:15:00,18970.0,18970.0,18925.0,18925.0,2.0,189250.0,414.0
2017-10-20 23:20:00,18925.0,18925.0,18925.0,18925.0,0.0,0.0,414.0
2017-10-20 23:25:00,18925.0,18925.0,18925.0,18925.0,0.0,0.0,414.0
2017-10-20 23:30:00,18955.0,18955.0,18955.0,18955.0,2.0,189550.0,412.0
2017-10-20 23:35:00,18955.0,18955.0,18955.0,18955.0,0.0,0.0,412.0
2017-10-20 23:40:00,18955.0,18955.0,18955.0,18955.0,0.0,0.0,412.0
2017-10-20 23:45:00,18955.0,18955.0,18955.0,18955.0,0.0,0.0,412.0
2017-10-20 23:50:00,18955.0,18955.0,18955.0,18955.0,0.0,0.0,412.0
2017-10-20 23:55:00,18955.0,18955.0,18955.0,18955.0,0.0,0.0,412.0
2017-10-21 00:00:00,18955.0,18955.0,18955.0,18955.0,0.0,0.0,412.0
2017-10-21 00:05:00,18955.0,18955.0,18955.0,18955.0,0.0,0.0,412.0
2017-10-21 00:10:00,18955.0,18955.0,18955.0,18955.0,0.0,0.0,412.0
2017-10-21 00:15:00,18955.0,18955.0,18955.0,18955.0,0.0,0.0,412.0
2017-10-21 00:20:00,18955.0,18955.0,18955.0,18955.0,0.0,0.0,412.0
2017-10-21 00:25:00,18955.0,18955.0,18955.0,18955.0,0.0,0.0,412.0
2017-10-21 00:30:00,18955.0,18955.0,18955.0,18955.0,0.0,0.0,412.0
2017-10-21 00:35:00,18955.0,18955.0,18955.0,18955.0,0.0,0.0,412.0
2017-10-21 00:40:00,18955.0,18955.0,18955.0,18955.0,0.0,0.0,412.0
2017-10-21 00:45:00,18955.0,18955.0,18955.0,18955.0,0.0,0.0,412.0
2017-10-21 00:50:00,18955.0,18955.0,18955.0,18955.0,0.0,0.0,412.0
2017-10-21 00:55:00,18955.0,18955.0,18955.0,18955.0,0.0,0.0,412.0
2017-10-23 09:00:00,18955.0,18955.0,18955.0,18955.0,0.0,0.0,412.0
2017-10-23 09:05:00,18955.0,18955.0,18955.0,18955.0,0.0,0.0,412.0
2017-10-23 09:10:00,18955.0,18955.0,18955.0,18955.0,0.0,0.0,412.0
2017-10-23 09:15:00,18955.0,18955.0,18955.0,18955.0,0.0,0.0,412.0
2017-10-23 09:20:00,18955.0,18955.0,18955.0,18955.0,0.0,0.0,412.0
2017-10-23 09:25:00,18955.0,18955.0,18955.0,18955.0,0.0,0.0,412.0
2017-10-23 09:30:00,18955.0,18955.0,18955.0,18955.0,0.0,0.0,412.0
2017-10-23 09:35:00,18955.0,19120.0,18955.0,19120.0,2.0,191200.0,414.0
2017-10-23 09:40:00,19120.0,19120.0,19120.0,19120.0,0.0,0.0,414.0
2017-10-23 09:45:00,19120.0,19120.0,19120.0,19120.0,0.0,0.0,414.0
2017-10-23 09:50:00,19120.0,19120.0,19120.0,19120.0,0.0,0.0,414.0
2017-10-23 09:55:00,19080.0,19080.0,19080.0,19080.0,2.0,190800.0,412.0
2017-10-23 10:00:00,19080.0,19080.0,19080.0,19080.0,0.0,0.0,412.0
2017-10-23 10:05:00,19080.0,19080.0,19080.0,19080.0,0.0,0.0,412.0
2017-10-23 10:10:00,19080.0,19080.0,19080.0,19080.0,0.0,0.0,412.0
2017-10-23 10:30:00,19080.0,19080.0,19080.0,19080.0,0.0,0.0,412.0
2017-10-23 10:35:00,19080.0,19080.0,19080.0,19080.0,2.0,190800.0,414.0
2017-10-23 10:40:00,19080.0,19080.0,19080.0,19080.0,0.0,0.0,414.0
2017-10-23 10:45:00,19080.0,19080.0,19080.0,19080.0,0.0,0.0,414.0
2017-10-23 10:50:00,19080.0,19080.0,19080.0,19080.0,0.0,0.0,414.0
2017-10-23 10:55:00,19080.0,19080.0,19080.0,19080.0,0.0,0.0,414.0
2017-10-23 11:00:00,19080.0,19080.0,19080.0,19080.0,0.0,0.0,414.0
2017-10-23 11:05:00,19080.0,19080.0,19080.0,19080.0,0.0,0.0,414.0
2017-10-23 11:10:00,19080.0,19080.0,19080.0,19080.0,0.0,0.0,414.0
2017-10-23 11:15:00,19080.0,19105.0,18960.0,19105.0,8.0,761300.0,416.0
2017-10-23 11:20:00,19105.0,19105.0,19105.0,19105.0,0.0,0.0,416.0
2017-10-23 11:25:00,19105.0,19105.0,19105.0,19105.0,0.0,0.0,416.0
2017-10-23 13:30:00,19105.0,19105.0,19105.0,19105.0,0.0,0.0,416.0
2017-10-23 13:35:00,19105.0,19105.0,19105.0,19105.0,0.0,0.0,416.0
2017-10-23 13:40:00,19105.0,19105.0,19105.0,19105.0,0.0,0.0,416.0
2017-10-23 13:45:00,19105.0,19105.0,19105.0,19105.0,0.0,0.0,416.0
2017-10-23 13:50:00,19105.0,19105.0,19105.0,19105.0,0.0,0.0,416.0
2017-10-23 13:55:00,19105.0,19105.0,19105.0,19105.0,0.0,0.0,416.0
2017-10-23 14:00:00,19105.0,19105.0,19105.0,19105.0,0.0,0.0,416.0
2017-10-23 14:05:00,19005.0,19005.0,19005.0,19005.0,2.0,190050.0,418.0
2017-10-23 14:10:00,19150.0,19165.0,19150.0,19165.0,4.0,383150.0,418.0
2017-10-23 14:15:00,19165.0,19165.0,19165.0,19165.0,2.0,191650.0,418.0
2017-10-23 14:20:00,19165.0,19165.0,19165.0,19165.0,0.0,0.0,418.0
2017-10-23 14:25:00,19165.0,19165.0,19165.0,19165.0,0.0,0.0,418.0
2017-10-23 14:30:00,19165.0,19165.0,19165.0,19165.0,0.0,0.0,418.0
2017-10-23 14:35:00,19165.0,19165.0,19165.0,19165.0,0.0,0.0,418.0
2017-10-23 14:40:00,19165.0,19165.0,19165.0,19165.0,0.0,0.0,418.0
2017-10-23 14:45:00,19165.0,19165.0,19165.0,19165.0,0.0,0.0,418.0
2017-10-23 14:50:00,19165.0,19165.0,19165.0,19165.0,0.0,0.0,418.0
2017-10-23 14:55:00,19165.0,19165.0,19165.0,19165.0,0.0,0.0,418.0
2017-10-23 21:00:00,19065.0,19065.0,19065.0,19065.0,0.0,0.0,418.0
2017-10-23 21:05:00,19065.0,19065.0,19065.0,19065.0,0.0,0.0,418.0
2017-10-23 21:10:00,19125.0,19125.0,19125.0,19125.0,2.0,191250.0,418.0
2017-10-23 21:15:00,19125.0,19125.0,19125.0,19125.0,0.0,0.0,418.0
2017-10-23 21:20:00,19125.0,19125.0,19125.0,19125.0,0.0,0.0,418.0
2017-10-23 21:25:00,19195.0,19195.0,19195.0,19195.0,4.0,383900.0,418.0
2017-10-23 21:30:00,19195.0,19195.0,19195.0,19195.0,0.0,0.0,418.0
2017-10-23 21:35:00,19195.0,19195.0,19195.0,19195.0,0.0,0.0,418.0
2017-10-23 21:40:00,19195.0,19195.0,19195.0,19195.0,0.0,0.0,418.0
2017-10-23 21:45:00,19195.0,19195.0,19195.0,19195.0,0.0,0.0,418.0
2017-10-23 21:50:00,19195.0,19195.0,19195.0,19195.0,0.0,0.0,418.0
2017-10-23 21:55:00,19195.0,19195.0,19195.0,19195.0,0.0,0.0,418.0
2017-10-23 22:00:00,19195.0,19195.0,19195.0,19195.0,0.0,0.0,418.0
2017-10-23 22:05:00,19195.0,19270.0,19195.0,19270.0,2.0,192700.0,416.0
2017-10-23 22:10:00,19270.0,19270.0,19270.0,19270.0,0.0,0.0,416.0
2017-10-23 22:15:00,19270.0,19270.0,19270.0,19270.0,0.0,0.0,416.0
2017-10-23 22:20:00,19270.0,19270.0,19270.0,19270.0,0.0,0.0,416.0
2017-10-23 22:25:00,19270.0,19270.0,19270.0,19270.0,0.0,0.0,416.0
2017-10-23 22:30:00,19270.0,19270.0,19270.0,19270.0,0.0,0.0,416.0
2017-10-23 22:35:00,19270.0,19280.0,19270.0,19280.0,2.0,192800.0,416.0
2017-10-23 22:40:00,19280.0,19280.0,19280.0,19280.0,0.0,0.0,416.0
2017-10-23 22:45:00,19280.0,19280.0,19280.0,19280.0,0.0,0.0,416.0
2017-10-23 22:50:00,19280.0,19280.0,19280.0,19280.0,0.0,0.0,416.0
2017-10-23 22:55:00,19280.0,19280.0,19280.0,19280.0,0.0,0.0,416.0
2017-10-23 23:00:00,19280.0,19280.0,19280.0,19280.0,0.0,0.0,416.0
2017-10-23 23:05:00,19280.0,19280.0,19280.0,19280.0,0.0,0.0,416.0
2017-10-23 23:10:00,19280.0,19280.0,19280.0,19280.0,0.0,0.0,416.0
2017-10-23 23:15:00,19280.0,19280.0,19280.0,19280.0,0.0,0.0,416.0
2017-10-23 23:20:00,19280.0,19280.0,19280.0,19280.0,0.0,0.0,416.0
2017-10-23 23:25:00,19280.0,19280.0,19280.0,19280.0,0.0,0.0,416.0
2017-10-23 23:30:00,19280.0,19280.0,19280.0,19280.0,0.0,0.0,416.0
2017-10-23 23:35:00,19280.0,19280.0,19280.0,19280.0,0.0,0.0,416.0
2017-10-23 23:40:00,19280.0,19280.0,19280.0,19280.0,0.0,0.0,416.0
2017-10-23 23:45:00,19280.0,19280.0,19280.0,19280.0,0.0,0.0,416.0
2017-10-23 23:50:00,19280.0,19280.0,19280.0,19280.0,0.0,0.0,416.0
2017-10-23 23:55:00,19280.0,19280.0,19280.0,19280.0,0.0,0.0,416.0
2017-10-24 00:00:00,19280.0,19280.0,19280.0,19280.0,0.0,0.0,416.0
2017-10-24 00:05:00,19280.0,19280.0,19280.0,19280.0,0.0,0.0,416.0
2017-10-24 00:10:00,19280.0,19280.0,19280.0,19280.0,0.0,0.0,416.0
2017-10-24 00:15:00,19280.0,19280.0,19280.0,19280.0,0.0,0.0,416.0
2017-10-24 00:20:00,19280.0,19280.0,19280.0,19280.0,0.0,0.0,416.0
2017-10-24 00:25:00,19280.0,19280.0,19280.0,19280.0,0.0,0.0,416.0
2017-10-24 00:30:00,19280.0,19280.0,19280.0,19280.0,0.0,0.0,416.0
2017-10-24 00:35:00,19280.0,19280.0,19280.0,19280.0,0.0,0.0,416.0
2017-10-24 00:40:00,19280.0,19280.0,19280.0,19280.0,0.0,0.0,416.0
2017-10-24 00:45:00,19280.0,19280.0,19280.0,19280.0,0.0,0.0,416.0
2017-10-24 00:50:00,19280.0,19280.0,19280.0,19280.0,0.0,0.0,416.0
2017-10-24 00:55:00,19280.0,19280.0,19280.0,19280.0,0.0,0.0,416.0
2017-10-24 09:00:00,19280.0,19280.0,19280.0,19280.0,0.0,0.0,416.0
2017-10-24 09:05:00,19280.0,19280.0,19280.0,19280.0,0.0,0.0,416.0
2017-10-24 09:10:00,19280.0,19280.0,19280.0,19280.0,0.0,0.0,416.0
2017-10-24 09:15:00,19280.0,19330.0,19280.0,19330.0,6.0,579900.0,416.0
2017-10-24 09:20:00,19330.0,19330.0,19310.0,19310.0,2.0,193100.0,416.0
2017-10-24 09:25:00,19310.0,19310.0,19310.0,19310.0,0.0,0.0,416.0
2017-10-24 09:30:00,19310.0,19310.0,19310.0,19310.0,0.0,0.0,416.0
2017-10-24 09:35:00,19310.0,19310.0,19310.0,19310.0,0.0,0.0,416.0
2017-10-24 09:40:00,19310.0,19310.0,19310.0,19310.0,0.0,0.0,416.0
2017-10-24 09:45:00,19310.0,19310.0,19310.0,19310.0,0.0,0.0,416.0
2017-10-24 09:50:00,19310.0,19310.0,19310.0,19310.0,0.0,0.0,416.0
2017-10-24 09:55:00,19310.0,19310.0,19310.0,19310.0,0.0,0.0,416.0
2017-10-24 10:00:00,19310.0,19310.0,19310.0,19310.0,0.0,0.0,416.0
2017-10-24 10:05:00,19310.0,19385.0,19310.0,19385.0,2.0,193850.0,416.0
2017-10-24 10:10:00,19385.0,19385.0,19385.0,19385.0,0.0,0.0,416.0
2017-10-24 10:30:00,19385.0,19385.0,19385.0,19385.0,0.0,0.0,416.0
2017-10-24 10:35:00,19385.0,19390.0,19385.0,19390.0,2.0,193900.0,418.0
2017-10-24 10:40:00,19390.0,19390.0,19390.0,19390.0,0.0,0.0,418.0
2017-10-24 10:45:00,19390.0,19390.0,19390.0,19390.0,0.0,0.0,418.0
2017-10-24 10:50:00,19390.0,19390.0,19390.0,19390.0,0.0,0.0,418.0
2017-10-24 10:55:00,19390.0,19390.0,19390.0,19390.0,0.0,0.0,418.0
2017-10-24 11:00:00,19390.0,19390.0,19390.0,19390.0,0.0,0.0,418.0
2017-10-24 11:05:00,19390.0,19390.0,19390.0,19390.0,0.0,0.0,418.0
2017-10-24 11:10:00,19390.0,19390.0,19390.0,19390.0,0.0,0.0,418.0
2017-10-24 11:15:00,19390.0,19390.0,19390.0,19390.0,0.0,0.0,418.0
2017-10-24 11:20:00,19390.0,19390.0,19390.0,19390.0,0.0,0.0,418.0
2017-10-24 11:25:00,19390.0,19390.0,19390.0,19390.0,0.0,0.0,418.0
2017-10-24 13:30:00,19390.0,19390.0,19390.0,19390.0,0.0,0.0,418.0
2017-10-24 13:35:00,19390.0,19390.0,19390.0,19390.0,0.0,0.0,418.0
2017-10-24 13:40:00,19390.0,19390.0,19390.0,19390.0,0.0,0.0,418.0
2017-10-24 13:45:00,19390.0,19390.0,19390.0,19390.0,0.0,0.0,418.0
2017-10-24 13:50:00,19390.0,19390.0,19390.0,19390.0,0.0,0.0,418.0
2017-10-24 13:55:00,19390.0,19390.0,19390.0,19390.0,0.0,0.0,418.0
2017-10-24 14:00:00,19390.0,19390.0,19390.0,19390.0,0.0,0.0,418.0
2017-10-24 14:05:00,19390.0,19390.0,19390.0,19390.0,0.0,0.0,418.0
2017-10-24 14:10:00,19390.0,19390.0,19390.0,19390.0,0.0,0.0,418.0
2017-10-24 14:15:00,19390.0,19390.0,19390.0,19390.0,0.0,0.0,418.0
2017-10-24 14:20:00,19390.0,19390.0,19390.0,19390.0,0.0,0.0,418.0
2017-10-24 14:25:00,19390.0,19390.0,19390.0,19390.0,0.0,0.0,418.0
2017-10-24 14:30:00,19390.0,19390.0,19390.0,19390.0,0.0,0.0,418.0
2017-10-24 14:35:00,19390.0,19390.0,19390.0,19390.0,0.0,0.0,418.0
2017-10-24 14:40:00,19390.0,19390.0,19390.0,19390.0,0.0,0.0,418.0
2017-10-24 14:45:00,19390.0,19390.0,19390.0,19390.0,0.0,0.0,418.0
2017-10-24 14:50:00,19390.0,19390.0,19390.0,19390.0,0.0,0.0,418.0
2017-10-24 14:55:00,19390.0,19390.0,19390.0,19390.0,0.0,0.0,418.0
2017-10-24 21:00:00,19285.0,19285.0,19285.0,19285.0,0.0,0.0,418.0
2017-10-24 21:05:00,19285.0,19285.0,19285.0,19285.0,0.0,0.0,418.0
2017-10-24 21:10:00,19285.0,19285.0,19285.0,19285.0,0.0,0.0,418.0
2017-10-24 21:15:00,19285.0,19285.0,19285.0,19285.0,0.0,0.0,418.0
2017-10-24 21:20:00,19285.0,19285.0,19285.0,19285.0,0.0,0.0,418.0
2017-10-24 21:25:00,19285.0,19285.0,19285.0,19285.0,0.0,0.0,418.0
2017-10-24 21:30:00,19120.0,19120.0,19120.0,19120.0,2.0,191200.0,420.0
2017-10-24 21:35:00,19120.0,19120.0,19120.0,19120.0,0.0,0.0,420.0
2017-10-24 21:40:00,19120.0,19120.0,19120.0,19120.0,0.0,0.0,420.0
2017-10-24 21:45:00,19120.0,19120.0,19120.0,19120.0,0.0,0.0,420.0
2017-10-24 21:50:00,19120.0,19120.0,19120.0,19120.0,0.0,0.0,420.0
2017-10-24 21:55:00,19120.0,19120.0,19120.0,19120.0,0.0,0.0,420.0
2017-10-24 22:00:00,19120.0,19120.0,19120.0,19120.0,0.0,0.0,420.0
2017-10-24 22:05:00,19120.0,19120.0,19120.0,19120.0,0.0,0.0,420.0
2017-10-24 22:10:00,19120.0,19120.0,19120.0,19120.0,0.0,0.0,420.0
2017-10-24 22:15:00,19120.0,19120.0,19120.0,19120.0,0.0,0.0,420.0
2017-10-24 22:20:00,19120.0,19120.0,19120.0,19120.0,0.0,0.0,420.0
2017-10-24 22:25:00,19120.0,19120.0,19120.0,19120.0,0.0,0.0,420.0
2017-10-24 22:30:00,19120.0,19120.0,19120.0,19120.0,0.0,0.0,420.0
2017-10-24 22:35:00,19120.0,19120.0,19120.0,19120.0,0.0,0.0,420.0
2017-10-24 22:40:00,19120.0,19120.0,19120.0,19120.0,0.0,0.0,420.0
2017-10-24 22:45:00,19120.0,19120.0,19120.0,19120.0,0.0,0.0,420.0
2017-10-24 22:50:00,19120.0,19120.0,19120.0,19120.0,0.0,0.0,420.0
2017-10-24 22:55:00,19120.0,19120.0,19120.0,19120.0,0.0,0.0,420.0
2017-10-24 23:00:00,19120.0,19120.0,19120.0,19120.0,0.0,0.0,420.0
2017-10-24 23:05:00,19120.0,19120.0,19120.0,19120.0,0.0,0.0,420.0
2017-10-24 23:10:00,19120.0,19150.0,19120.0,19150.0,2.0,191500.0,420.0
2017-10-24 23:15:00,19125.0,19125.0,19125.0,19125.0,2.0,191250.0,420.0
2017-10-24 23:20:00,19125.0,19125.0,19125.0,19125.0,0.0,0.0,420.0
2017-10-24 23:25:00,19125.0,19125.0,19125.0,19125.0,0.0,0.0,420.0
2017-10-24 23:30:00,19125.0,19125.0,19125.0,19125.0,0.0,0.0,420.0
2017-10-24 23:35:00,19125.0,19125.0,19125.0,19125.0,0.0,0.0,420.0
2017-10-24 23:40:00,19125.0,19125.0,19125.0,19125.0,0.0,0.0,420.0
2017-10-24 23:45:00,19125.0,19125.0,19125.0,19125.0,0.0,0.0,420.0
2017-10-24 23:50:00,19125.0,19125.0,19125.0,19125.0,0.0,0.0,420.0
2017-10-24 23:55:00,19125.0,19125.0,19125.0,19125.0,0.0,0.0,420.0
2017-10-25 00:00:00,19125.0,19125.0,19125.0,19125.0,0.0,0.0,420.0
2017-10-25 00:05:00,19125.0,19125.0,19125.0,19125.0,0.0,0.0,420.0
2017-10-25 00:10:00,19125.0,19125.0,19125.0,19125.0,0.0,0.0,420.0
2017-10-25 00:15:00,19125.0,19125.0,19125.0,19125.0,0.0,0.0,420.0
2017-10-25 00:20:00,19125.0,19125.0,19125.0,19125.0,0.0,0.0,420.0
2017-10-25 00:25:00,19125.0,19125.0,19125.0,19125.0,0.0,0.0,420.0
2017-10-25 00:30:00,19125.0,19125.0,19125.0,19125.0,0.0,0.0,420.0
2017-10-25 00:35:00,19125.0,19125.0,19125.0,19125.0,0.0,0.0,420.0
2017-10-25 00:40:00,19125.0,19125.0,19125.0,19125.0,0.0,0.0,420.0
2017-10-25 00:45:00,19125.0,19125.0,19125.0,19125.0,0.0,0.0,420.0
2017-10-25 00:50:00,19125.0,19125.0,19125.0,19125.0,0.0,0.0,420.0
2017-10-25 00:55:00,19125.0,19125.0,19125.0,19125.0,0.0,0.0,420.0
2017-10-25 09:00:00,19125.0,19125.0,19125.0,19125.0,0.0,0.0,420.0
2017-10-25 09:05:00,19125.0,19125.0,19125.0,19125.0,0.0,0.0,420.0
2017-10-25 09:10:00,19125.0,19125.0,19125.0,19125.0,0.0,0.0,420.0
2017-10-25 09:15:00,19125.0,19125.0,19125.0,19125.0,0.0,0.0,420.0
2017-10-25 09:20:00,19125.0,19125.0,19125.0,19125.0,0.0,0.0,420.0
2017-10-25 09:25:00,19125.0,19125.0,19125.0,19125.0,0.0,0.0,420.0
2017-10-25 09:30:00,19125.0,19125.0,19125.0,19125.0,0.0,0.0,420.0
2017-10-25 09:35:00,19125.0,19125.0,19125.0,19125.0,0.0,0.0,420.0
2017-10-25 09:40:00,19125.0,19125.0,19125.0,19125.0,0.0,0.0,420.0
2017-10-25 09:45:00,19125.0,19125.0,19125.0,19125.0,0.0,0.0,420.0
2017-10-25 09:50:00,19125.0,19125.0,19125.0,19125.0,0.0,0.0,420.0
2017-10-25 09:55:00,19125.0,19125.0,19125.0,19125.0,0.0,0.0,420.0
2017-10-25 10:00:00,19125.0,19125.0,19125.0,19125.0,0.0,0.0,420.0
2017-10-25 10:05:00,19125.0,19125.0,19125.0,19125.0,0.0,0.0,420.0
2017-10-25 10:10:00,19125.0,19125.0,19125.0,19125.0,0.0,0.0,420.0
2017-10-25 10:30:00,19125.0,19125.0,19125.0,19125.0,0.0,0.0,420.0
2017-10-25 10:35:00,19125.0,19125.0,19125.0,19125.0,0.0,0.0,420.0
2017-10-25 10:40:00,19125.0,19125.0,19125.0,19125.0,0.0,0.0,420.0
2017-10-25 10:45:00,19125.0,19125.0,19125.0,19125.0,0.0,0.0,420.0
2017-10-25 10:50:00,19125.0,19125.0,19125.0,19125.0,0.0,0.0,420.0
2017-10-25 10:55:00,19125.0,19125.0,19125.0,19125.0,0.0,0.0,420.0
2017-10-25 11:00:00,19125.0,19125.0,19125.0,19125.0,0.0,0.0,420.0
2017-10-25 11:05:00,19125.0,19125.0,19125.0,19125.0,2.0,191250.0,420.0
2017-10-25 11:10:00,19125.0,19125.0,19125.0,19125.0,0.0,0.0,420.0
2017-10-25 11:15:00,19125.0,19125.0,19125.0,19125.0,0.0,0.0,420.0
2017-10-25 11:20:00,19120.0,19120.0,19120.0,19120.0,2.0,191200.0,420.0
2017-10-25 11:25:00,19120.0,19120.0,19120.0,19120.0,0.0,0.0,420.0
2017-10-25 13:30:00,19120.0,19120.0,19120.0,19120.0,0.0,0.0,420.0
2017-10-25 13:35:00,19000.0,19090.0,19000.0,19090.0,6.0,571800.0,416.0
2017-10-25 13:40:00,19090.0,19090.0,19090.0,19090.0,0.0,0.0,416.0
2017-10-25 13:45:00,19090.0,19090.0,19040.0,19040.0,2.0,190400.0,416.0
2017-10-25 13:50:00,19040.0,19040.0,19040.0,19040.0,0.0,0.0,416.0
2017-10-25 13:55:00,19040.0,19040.0,19040.0,19040.0,0.0,0.0,416.0
2017-10-25 14:00:00,19040.0,19100.0,19040.0,19100.0,2.0,191000.0,416.0
2017-10-25 14:05:00,19100.0,19100.0,19100.0,19100.0,0.0,0.0,416.0
2017-10-25 14:10:00,19100.0,19100.0,19100.0,19100.0,0.0,0.0,416.0
2017-10-25 14:15:00,19100.0,19100.0,19100.0,19100.0,0.0,0.0,416.0
2017-10-25 14:20:00,19100.0,19100.0,19100.0,19100.0,0.0,0.0,416.0
2017-10-25 14:25:00,19100.0,19100.0,19100.0,19100.0,0.0,0.0,416.0
2017-10-25 14:30:00,19100.0,19100.0,19100.0,19100.0,0.0,0.0,416.0
2017-10-25 14:35:00,19100.0,19100.0,19100.0,19100.0,0.0,0.0,416.0
2017-10-25 14:40:00,19100.0,19100.0,19100.0,19100.0,0.0,0.0,416.0
2017-10-25 14:45:00,19100.0,19100.0,19100.0,19100.0,0.0,0.0,416.0
2017-10-25 14:50:00,19100.0,19100.0,19100.0,19100.0,0.0,0.0,416.0
2017-10-25 14:55:00,19100.0,19100.0,18960.0,18960.0,2.0,189600.0,418.0
2017-10-25 21:00:00,19080.0,19080.0,19080.0,19080.0,0.0,0.0,418.0
2017-10-25 21:05:00,19080.0,19080.0,19080.0,19080.0,0.0,0.0,418.0
2017-10-25 21:10:00,19080.0,19080.0,19080.0,19080.0,0.0,0.0,418.0
2017-10-25 21:15:00,19080.0,19080.0,19080.0,19080.0,0.0,0.0,418.0
2017-10-25 21:20:00,19080.0,19080.0,19080.0,19080.0,0.0,0.0,418.0
2017-10-25 21:25:00,19080.0,19080.0,19080.0,19080.0,0.0,0.0,418.0
2017-10-25 21:30:00,19080.0,19080.0,19080.0,19080.0,0.0,0.0,418.0
2017-10-25 21:35:00,19080.0,19080.0,19080.0,19080.0,0.0,0.0,418.0
2017-10-25 21:40:00,19080.0,19080.0,19080.0,19080.0,0.0,0.0,418.0
2017-10-25 21:45:00,19080.0,19080.0,19080.0,19080.0,0.0,0.0,418.0
2017-10-25 21:50:00,19080.0,19080.0,19080.0,19080.0,0.0,0.0,418.0
2017-10-25 21:55:00,19080.0,19080.0,19080.0,19080.0,0.0,0.0,418.0
2017-10-25 22:00:00,19080.0,19080.0,19080.0,19080.0,0.0,0.0,418.0
2017-10-25 22:05:00,19080.0,19080.0,19080.0,19080.0,0.0,0.0,418.0
2017-10-25 22:10:00,19080.0,19080.0,19080.0,19080.0,0.0,0.0,418.0
2017-10-25 22:15:00,19080.0,19080.0,19080.0,19080.0,0.0,0.0,418.0
2017-10-25 22:20:00,19080.0,19080.0,19080.0,19080.0,0.0,0.0,418.0
2017-10-25 22:25:00,19080.0,19080.0,19080.0,19080.0,0.0,0.0,418.0
2017-10-25 22:30:00,19080.0,19080.0,19080.0,19080.0,0.0,0.0,418.0
2017-10-25 22:35:00,19080.0,19080.0,19080.0,19080.0,0.0,0.0,418.0
2017-10-25 22:40:00,19080.0,19080.0,19080.0,19080.0,0.0,0.0,418.0
2017-10-25 22:45:00,19080.0,19080.0,19080.0,19080.0,0.0,0.0,418.0
2017-10-25 22:50:00,19080.0,19080.0,19080.0,19080.0,0.0,0.0,418.0
2017-10-25 22:55:00,19080.0,19080.0,19080.0,19080.0,0.0,0.0,418.0
2017-10-25 23:00:00,19080.0,19080.0,19080.0,19080.0,0.0,0.0,418.0
2017-10-25 23:05:00,19080.0,19080.0,19080.0,19080.0,0.0,0.0,418.0
2017-10-25 23:10:00,19080.0,19080.0,19080.0,19080.0,0.0,0.0,418.0
2017-10-25 23:15:00,19080.0,19080.0,19080.0,19080.0,0.0,0.0,418.0
2017-10-25 23:20:00,19080.0,19080.0,19080.0,19080.0,0.0,0.0,418.0
2017-10-25 23:25:00,19080.0,19080.0,19080.0,19080.0,0.0,0.0,418.0
2017-10-25 23:30:00,19080.0,19080.0,19080.0,19080.0,0.0,0.0,418.0
2017-10-25 23:35:00,19080.0,19080.0,19080.0,19080.0,0.0,0.0,418.0
2017-10-25 23:40:00,19080.0,19080.0,19080.0,19080.0,0.0,0.0,418.0
2017-10-25 23:45:00,19080.0,19080.0,19080.0,19080.0,0.0,0.0,418.0
2017-10-25 23:50:00,19080.0,19080.0,19080.0,19080.0,0.0,0.0,418.0
2017-10-25 23:55:00,19080.0,19080.0,19080.0,19080.0,0.0,0.0,418.0
2017-10-26 00:00:00,19080.0,19080.0,19080.0,19080.0,0.0,0.0,418.0
2017-10-26 00:05:00,19080.0,19080.0,19080.0,19080.0,0.0,0.0,418.0
2017-10-26 00:10:00,19080.0,19080.0,19080.0,19080.0,0.0,0.0,418.0
2017-10-26 00:15:00,19080.0,19080.0,19080.0,19080.0,0.0,0.0,418.0
2017-10-26 00:20:00,19080.0,19080.0,19080.0,19080.0,0.0,0.0,418.0
2017-10-26 00:25:00,19080.0,19080.0,19080.0,19080.0,0.0,0.0,418.0
2017-10-26 00:30:00,19080.0,19080.0,19080.0,19080.0,0.0,0.0,418.0
2017-10-26 00:35:00,19080.0,19080.0,19080.0,19080.0,0.0,0.0,418.0
2017-10-26 00:40:00,19080.0,19080.0,19080.0,19080.0,0.0,0.0,418.0
2017-10-26 00:45:00,19080.0,19080.0,19080.0,19080.0,0.0,0.0,418.0
2017-10-26 00:50:00,19080.0,19080.0,19080.0,19080.0,0.0,0.0,418.0
2017-10-26 00:55:00,19080.0,19080.0,19080.0,19080.0,0.0,0.0,418.0
2017-10-26 09:00:00,19080.0,19080.0,19080.0,19080.0,0.0,0.0,418.0
2017-10-26 09:05:00,19080.0,19080.0,19080.0,19080.0,0.0,0.0,418.0
2017-10-26 09:10:00,19080.0,19080.0,19080.0,19080.0,0.0,0.0,418.0
2017-10-26 09:15:00,19080.0,19280.0,19080.0,19280.0,2.0,192800.0,420.0
2017-10-26 09:20:00,19280.0,19280.0,19280.0,19280.0,0.0,0.0,420.0
2017-10-26 09:25:00,19280.0,19280.0,19280.0,19280.0,0.0,0.0,420.0
2017-10-26 09:30:00,19265.0,19265.0,19265.0,19265.0,2.0,192650.0,420.0
2017-10-26 09:35:00,19265.0,19265.0,19265.0,19265.0,0.0,0.0,420.0
2017-10-26 09:40:00,19265.0,19265.0,19265.0,19265.0,0.0,0.0,420.0
2017-10-26 09:45:00,19265.0,19265.0,19265.0,19265.0,0.0,0.0,420.0
2017-10-26 09:50:00,19265.0,19265.0,19265.0,19265.0,0.0,0.0,420.0
2017-10-26 09:55:00,19265.0,19265.0,19265.0,19265.0,0.0,0.0,420.0
2017-10-26 10:00:00,19265.0,19265.0,19265.0,19265.0,0.0,0.0,420.0
2017-10-26 10:05:00,19265.0,19265.0,19265.0,19265.0,0.0,0.0,420.0
2017-10-26 10:10:00,19265.0,19265.0,19265.0,19265.0,0.0,0.0,420.0
2017-10-26 10:30:00,19265.0,19265.0,19265.0,19265.0,0.0,0.0,420.0
2017-10-26 10:35:00,19265.0,19265.0,19265.0,19265.0,0.0,0.0,420.0
2017-10-26 10:40:00,19265.0,19265.0,19265.0,19265.0,0.0,0.0,420.0
2017-10-26 10:45:00,19265.0,19265.0,19265.0,19265.0,0.0,0.0,420.0
2017-10-26 10:50:00,19265.0,19265.0,19265.0,19265.0,0.0,0.0,420.0
2017-10-26 10:55:00,19265.0,19265.0,19265.0,19265.0,0.0,0.0,420.0
2017-10-26 11:00:00,19265.0,19265.0,19265.0,19265.0,0.0,0.0,420.0
2017-10-26 11:05:00,19265.0,19265.0,19265.0,19265.0,0.0,0.0,420.0
2017-10-26 11:10:00,19265.0,19265.0,19265.0,19265.0,0.0,0.0,420.0
2017-10-26 11:15:00,19265.0,19265.0,19265.0,19265.0,0.0,0.0,420.0
2017-10-26 11:20:00,19265.0,19265.0,19265.0,19265.0,0.0,0.0,420.0
2017-10-26 11:25:00,19265.0,19265.0,19265.0,19265.0,0.0,0.0,420.0
2017-10-26 13:30:00,19265.0,19265.0,19265.0,19265.0,0.0,0.0,420.0
2017-10-26 13:35:00,19265.0,19265.0,19265.0,19265.0,0.0,0.0,420.0
2017-10-26 13:40:00,19265.0,19265.0,19160.0,19160.0,2.0,191600.0,420.0
2017-10-26 13:45:00,19160.0,19160.0,19160.0,19160.0,0.0,0.0,420.0
2017-10-26 13:50:00,19160.0,19160.0,19160.0,19160.0,0.0,0.0,420.0
2017-10-26 13:55:00,19160.0,19160.0,19160.0,19160.0,0.0,0.0,420.0
2017-10-26 14:00:00,19160.0,19160.0,19160.0,19160.0,0.0,0.0,420.0
2017-10-26 14:05:00,19160.0,19160.0,19160.0,19160.0,0.0,0.0,420.0
2017-10-26 14:10:00,19160.0,19160.0,19160.0,19160.0,0.0,0.0,420.0
2017-10-26 14:15:00,19160.0,19160.0,19160.0,19160.0,0.0,0.0,420.0
2017-10-26 14:20:00,19160.0,19160.0,19160.0,19160.0,0.0,0.0,420.0
2017-10-26 14:25:00,19160.0,19160.0,19160.0,19160.0,0.0,0.0,420.0
2017-10-26 14:30:00,19160.0,19160.0,19160.0,19160.0,0.0,0.0,420.0
2017-10-26 14:35:00,19160.0,19160.0,19160.0,19160.0,0.0,0.0,420.0
2017-10-26 14:40:00,19160.0,19160.0,19160.0,19160.0,0.0,0.0,420.0
2017-10-26 14:45:00,19160.0,19160.0,19160.0,19160.0,0.0,0.0,420.0
2017-10-26 14:50:00,19160.0,19160.0,19160.0,19160.0,0.0,0.0,420.0
2017-10-26 14:55:00,19160.0,19160.0,18965.0,18965.0,40.0,3793050.0,460.0
2017-10-26 21:00:00,19000.0,19000.0,19000.0,19000.0,0.0,0.0,460.0
2017-10-26 21:05:00,19000.0,19060.0,19000.0,19060.0,4.0,381150.0,456.0
2017-10-26 21:10:00,19060.0,19060.0,19060.0,19060.0,0.0,0.0,456.0
2017-10-26 21:15:00,19060.0,19060.0,19060.0,19060.0,0.0,0.0,456.0
2017-10-26 21:20:00,19060.0,19060.0,19060.0,19060.0,0.0,0.0,456.0
2017-10-26 21:25:00,19060.0,19060.0,19060.0,19060.0,0.0,0.0,456.0
2017-10-26 21:30:00,19060.0,19060.0,19030.0,19030.0,4.0,380600.0,452.0
2017-10-26 21:35:00,19030.0,19030.0,19030.0,19030.0,2.0,190300.0,450.0
2017-10-26 21:40:00,19030.0,19030.0,19030.0,19030.0,0.0,0.0,450.0
2017-10-26 21:45:00,18930.0,18930.0,18930.0,18930.0,2.0,189300.0,448.0
2017-10-26 21:50:00,18930.0,18960.0,18930.0,18960.0,6.0,568800.0,442.0
2017-10-26 21:55:00,18960.0,18960.0,18960.0,18960.0,0.0,0.0,442.0
2017-10-26 22:00:00,18960.0,18960.0,18960.0,18960.0,0.0,0.0,442.0
2017-10-26 22:05:00,18960.0,18960.0,18960.0,18960.0,0.0,0.0,442.0
2017-10-26 22:10:00,18960.0,18960.0,18960.0,18960.0,0.0,0.0,442.0
2017-10-26 22:15:00,18960.0,18960.0,18960.0,18960.0,0.0,0.0,442.0
2017-10-26 22:20:00,18960.0,18960.0,18960.0,18960.0,0.0,0.0,442.0
2017-10-26 22:25:00,18960.0,18960.0,18960.0,18960.0,0.0,0.0,442.0
2017-10-26 22:30:00,18960.0,18960.0,18960.0,18960.0,0.0,0.0,442.0
2017-10-26 22:35:00,18960.0,18960.0,18960.0,18960.0,0.0,0.0,442.0
2017-10-26 22:40:00,18960.0,18960.0,18960.0,18960.0,0.0,0.0,442.0
2017-10-26 22:45:00,18960.0,18960.0,18960.0,18960.0,0.0,0.0,442.0
2017-10-26 22:50:00,18960.0,18960.0,18960.0,18960.0,0.0,0.0,442.0
2017-10-26 22:55:00,18960.0,18960.0,18960.0,18960.0,0.0,0.0,442.0
2017-10-26 23:00:00,18960.0,18960.0,18960.0,18960.0,0.0,0.0,442.0
2017-10-26 23:05:00,18960.0,18960.0,18960.0,18960.0,0.0,0.0,442.0
2017-10-26 23:10:00,18960.0,18960.0,18960.0,18960.0,0.0,0.0,442.0
2017-10-26 23:15:00,18960.0,18960.0,18960.0,18960.0,0.0,0.0,442.0
2017-10-26 23:20:00,18960.0,18960.0,18960.0,18960.0,0.0,0.0,442.0
2017-10-26 23:25:00,19130.0,19130.0,19130.0,19130.0,2.0,191300.0,440.0
2017-10-26 23:30:00,19130.0,19130.0,19130.0,19130.0,0.0,0.0,440.0
2017-10-26 23:35:00,19130.0,19130.0,19130.0,19130.0,0.0,0.0,440.0
2017-10-26 23:40:00,19130.0,19130.0,19130.0,19130.0,0.0,0.0,440.0
2017-10-26 23:45:00,19130.0,19130.0,19130.0,19130.0,0.0,0.0,440.0
2017-10-26 23:50:00,19130.0,19130.0,19130.0,19130.0,0.0,0.0,440.0
2017-10-26 23:55:00,19130.0,19130.0,19130.0,19130.0,0.0,0.0,440.0
2017-10-27 00:00:00,19130.0,19130.0,19130.0,19130.0,0.0,0.0,440.0
2017-10-27 00:05:00,19130.0,19130.0,19130.0,19130.0,0.0,0.0,440.0
2017-10-27 00:10:00,19130.0,19130.0,19130.0,19130.0,0.0,0.0,440.0
2017-10-27 00:15:00,19130.0,19130.0,19130.0,19130.0,0.0,0.0,440.0
2017-10-27 00:20:00,19130.0,19130.0,19130.0,19130.0,0.0,0.0,440.0
2017-10-27 00:25:00,19130.0,19130.0,19130.0,19130.0,0.0,0.0,440.0
2017-10-27 00:30:00,19130.0,19130.0,19130.0,19130.0,0.0,0.0,440.0
2017-10-27 00:35:00,19130.0,19130.0,19130.0,19130.0,0.0,0.0,440.0
2017-10-27 00:40:00,19130.0,19130.0,19130.0,19130.0,0.0,0.0,440.0
2017-10-27 00:45:00,19130.0,19130.0,19130.0,19130.0,0.0,0.0,440.0
2017-10-27 00:50:00,19130.0,19130.0,19130.0,19130.0,0.0,0.0,440.0
2017-10-27 00:55:00,19130.0,19130.0,19130.0,19130.0,0.0,0.0,440.0
2017-10-27 09:00:00,19130.0,19130.0,19030.0,19030.0,2.0,190300.0,440.0
2017-10-27 09:05:00,19030.0,19030.0,19030.0,19030.0,4.0,380600.0,440.0
2017-10-27 09:10:00,19030.0,19030.0,19030.0,19030.0,0.0,0.0,440.0
2017-10-27 09:15:00,19030.0,19030.0,19030.0,19030.0,0.0,0.0,440.0
2017-10-27 09:20:00,19050.0,19050.0,19050.0,19050.0,28.0,2667000.0,440.0
2017-10-27 09:25:00,19030.0,19030.0,18970.0,18980.0,12.0,1139550.0,442.0
2017-10-27 09:30:00,18980.0,18980.0,18980.0,18980.0,0.0,0.0,442.0
2017-10-27 09:35:00,18980.0,18980.0,18980.0,18980.0,0.0,0.0,442.0
2017-10-27 09:40:00,18980.0,18980.0,18880.0,18880.0,4.0,377600.0,444.0
2017-10-27 09:45:00,18880.0,18880.0,18800.0,18800.0,4.0,376600.0,444.0
2017-10-27 09:50:00,18800.0,18800.0,18800.0,18800.0,0.0,0.0,444.0
2017-10-27 09:55:00,18685.0,18685.0,18625.0,18630.0,14.0,1304450.0,446.0
2017-10-27 10:00:00,18660.0,18665.0,18660.0,18665.0,10.0,933150.0,438.0
2017-10-27 10:05:00,18665.0,18665.0,18665.0,18665.0,0.0,0.0,438.0
2017-10-27 10:10:00,18665.0,18715.0,18665.0,18715.0,4.0,374300.0,438.0
2017-10-27 10:30:00,18715.0,18715.0,18715.0,18715.0,0.0,0.0,438.0
2017-10-27 10:35:00,18715.0,18715.0,18715.0,18715.0,0.0,0.0,438.0
2017-10-27 10:40:00,18715.0,18715.0,18715.0,18715.0,0.0,0.0,438.0
2017-10-27 10:45:00,18715.0,18715.0,18715.0,18715.0,0.0,0.0,438.0
2017-10-27 10:50:00,18715.0,18715.0,18710.0,18710.0,2.0,187100.0,438.0
2017-10-27 10:55:00,18715.0,18720.0,18715.0,18720.0,12.0,1123150.0,430.0
2017-10-27 11:00:00,18720.0,18720.0,18700.0,18700.0,4.0,374000.0,430.0
2017-10-27 11:05:00,18700.0,18700.0,18700.0,18700.0,0.0,0.0,430.0
2017-10-27 11:10:00,18700.0,18785.0,18700.0,18785.0,2.0,187850.0,430.0
2017-10-27 11:15:00,18785.0,18785.0,18785.0,18785.0,0.0,0.0,430.0
2017-10-27 11:20:00,18785.0,18785.0,18785.0,18785.0,0.0,0.0,430.0
2017-10-27 11:25:00,18785.0,18785.0,18720.0,18720.0,2.0,187200.0,430.0
2017-10-27 13:30:00,18720.0,18720.0,18600.0,18600.0,4.0,372000.0,430.0
2017-10-27 13:35:00,18600.0,18600.0,18600.0,18600.0,0.0,0.0,430.0
2017-10-27 13:40:00,18600.0,18600.0,18600.0,18600.0,0.0,0.0,430.0
2017-10-27 13:45:00,18600.0,18600.0,18600.0,18600.0,0.0,0.0,430.0
2017-10-27 13:50:00,18600.0,18600.0,18600.0,18600.0,0.0,0.0,430.0
2017-10-27 13:55:00,18600.0,18600.0,18600.0,18600.0,0.0,0.0,430.0
2017-10-27 14:00:00,18600.0,18600.0,18600.0,18600.0,0.0,0.0,430.0
2017-10-27 14:05:00,18600.0,18600.0,18600.0,18600.0,0.0,0.0,430.0
2017-10-27 14:10:00,18600.0,18600.0,18600.0,18600.0,0.0,0.0,430.0
2017-10-27 14:15:00,18600.0,18600.0,18600.0,18600.0,0.0,0.0,430.0
2017-10-27 14:20:00,18600.0,18600.0,18600.0,18600.0,0.0,0.0,430.0
2017-10-27 14:25:00,18600.0,18600.0,18580.0,18580.0,4.0,371600.0,434.0
2017-10-27 14:30:00,18580.0,18580.0,18560.0,18560.0,4.0,371200.0,434.0
2017-10-27 14:35:00,18560.0,18560.0,18560.0,18560.0,0.0,0.0,434.0
2017-10-27 14:40:00,18560.0,18560.0,18560.0,18560.0,0.0,0.0,434.0
2017-10-27 14:45:00,18560.0,18560.0,18540.0,18540.0,8.0,741600.0,442.0
2017-10-27 14:50:00,18540.0,18540.0,18540.0,18540.0,0.0,0.0,442.0
2017-10-27 14:55:00,18540.0,18625.0,18540.0,18625.0,4.0,372500.0,438.0
2017-10-27 21:00:00,18825.0,18825.0,18825.0,18825.0,0.0,0.0,438.0
2017-10-27 21:05:00,18825.0,18825.0,18825.0,18825.0,0.0,0.0,438.0
2017-10-27 21:10:00,18825.0,18825.0,18630.0,18630.0,4.0,372600.0,434.0
2017-10-27 21:15:00,18630.0,18630.0,18630.0,18630.0,0.0,0.0,434.0
2017-10-27 21:20:00,18630.0,18630.0,18630.0,18630.0,0.0,0.0,434.0
2017-10-27 21:25:00,18630.0,18630.0,18630.0,18630.0,0.0,0.0,434.0
2017-10-27 21:30:00,18630.0,18630.0,18630.0,18630.0,0.0,0.0,434.0
2017-10-27 21:35:00,18630.0,18630.0,18575.0,18575.0,2.0,185750.0,434.0
2017-10-27 21:40:00,18575.0,18575.0,18575.0,18575.0,0.0,0.0,434.0
2017-10-27 21:45:00,18575.0,18575.0,18575.0,18575.0,0.0,0.0,434.0
2017-10-27 21:50:00,18575.0,18575.0,18575.0,18575.0,0.0,0.0,434.0
2017-10-27 21:55:00,18575.0,18575.0,18575.0,18575.0,0.0,0.0,434.0
2017-10-27 22:00:00,18575.0,18575.0,18575.0,18575.0,0.0,0.0,434.0
2017-10-27 22:05:00,18575.0,18575.0,18575.0,18575.0,0.0,0.0,434.0
2017-10-27 22:10:00,18575.0,18650.0,18575.0,18650.0,2.0,186500.0,434.0
2017-10-27 22:15:00,18650.0,18650.0,18650.0,18650.0,0.0,0.0,434.0
2017-10-27 22:20:00,18650.0,18650.0,18650.0,18650.0,8.0,746000.0,440.0
2017-10-27 22:25:00,18520.0,18520.0,18495.0,18495.0,4.0,370150.0,440.0
2017-10-27 22:30:00,18495.0,18495.0,18495.0,18495.0,0.0,0.0,440.0
2017-10-27 22:35:00,18495.0,18495.0,18495.0,18495.0,0.0,0.0,440.0
2017-10-27 22:40:00,18495.0,18540.0,18495.0,18540.0,2.0,185400.0,440.0
2017-10-27 22:45:00,18540.0,18540.0,18540.0,18540.0,0.0,0.0,440.0
2017-10-27 22:50:00,18540.0,18540.0,18490.0,18490.0,4.0,369800.0,440.0
2017-10-27 22:55:00,18490.0,18490.0,18490.0,18490.0,0.0,0.0,440.0
2017-10-27 23:00:00,18490.0,18490.0,18490.0,18490.0,0.0,0.0,440.0
2017-10-27 23:05:00,18490.0,18490.0,18490.0,18490.0,0.0,0.0,440.0
2017-10-27 23:10:00,18570.0,18570.0,18570.0,18570.0,2.0,185700.0,442.0
2017-10-27 23:15:00,18570.0,18570.0,18570.0,18570.0,0.0,0.0,442.0
2017-10-27 23:20:00,18570.0,18570.0,18570.0,18570.0,0.0,0.0,442.0
2017-10-27 23:25:00,18570.0,18570.0,18570.0,18570.0,0.0,0.0,442.0
2017-10-27 23:30:00,18570.0,18570.0,18570.0,18570.0,0.0,0.0,442.0
2017-10-27 23:35:00,18570.0,18570.0,18570.0,18570.0,0.0,0.0,442.0
2017-10-27 23:40:00,18570.0,18570.0,18570.0,18570.0,0.0,0.0,442.0
2017-10-27 23:45:00,18570.0,18570.0,18570.0,18570.0,0.0,0.0,442.0
2017-10-27 23:50:00,18570.0,18570.0,18570.0,18570.0,0.0,0.0,442.0
2017-10-27 23:55:00,18570.0,18570.0,18570.0,18570.0,0.0,0.0,442.0
2017-10-28 00:00:00,18570.0,18570.0,18570.0,18570.0,0.0,0.0,442.0
2017-10-28 00:05:00,18570.0,18570.0,18570.0,18570.0,0.0,0.0,442.0
2017-10-28 00:10:00,18570.0,18570.0,18570.0,18570.0,0.0,0.0,442.0
2017-10-28 00:15:00,18570.0,18570.0,18570.0,18570.0,0.0,0.0,442.0
2017-10-28 00:20:00,18570.0,18570.0,18570.0,18570.0,0.0,0.0,442.0
2017-10-28 00:25:00,18570.0,18570.0,18570.0,18570.0,0.0,0.0,442.0
2017-10-28 00:30:00,18570.0,18570.0,18570.0,18570.0,0.0,0.0,442.0
2017-10-28 00:35:00,18570.0,18570.0,18570.0,18570.0,0.0,0.0,442.0
2017-10-28 00:40:00,18570.0,18570.0,18570.0,18570.0,0.0,0.0,442.0
2017-10-28 00:45:00,18570.0,18570.0,18570.0,18570.0,0.0,0.0,442.0
2017-10-28 00:50:00,18570.0,18570.0,18570.0,18570.0,0.0,0.0,442.0
2017-10-28 00:55:00,18570.0,18570.0,18570.0,18570.0,0.0,0.0,442.0
2017-10-30 09:00:00,18570.0,18570.0,18570.0,18570.0,0.0,0.0,442.0
2017-10-30 09:05:00,18570.0,18570.0,18570.0,18570.0,0.0,0.0,442.0
2017-10-30 09:10:00,18570.0,18570.0,18570.0,18570.0,0.0,0.0,442.0
2017-10-30 09:15:00,18570.0,18570.0,18570.0,18570.0,0.0,0.0,442.0
2017-10-30 09:20:00,18570.0,18570.0,18570.0,18570.0,0.0,0.0,442.0
2017-10-30 09:25:00,18570.0,18570.0,18570.0,18570.0,0.0,0.0,442.0
2017-10-30 09:30:00,18570.0,18570.0,18570.0,18570.0,4.0,371400.0,438.0
2017-10-30 09:35:00,18570.0,18570.0,18570.0,18570.0,0.0,0.0,438.0
2017-10-30 09:40:00,18570.0,18570.0,18570.0,18570.0,0.0,0.0,438.0
2017-10-30 09:45:00,18570.0,18570.0,18570.0,18570.0,0.0,0.0,438.0
2017-10-30 09:50:00,18570.0,18570.0,18570.0,18570.0,0.0,0.0,438.0
2017-10-30 09:55:00,18570.0,18570.0,18570.0,18570.0,0.0,0.0,438.0
2017-10-30 10:00:00,18570.0,18570.0,18570.0,18570.0,0.0,0.0,438.0
2017-10-30 10:05:00,18570.0,18570.0,18570.0,18570.0,0.0,0.0,438.0
2017-10-30 10:10:00,18570.0,18570.0,18485.0,18485.0,4.0,369700.0,442.0
2017-10-30 10:30:00,18485.0,18485.0,18485.0,18485.0,0.0,0.0,442.0
2017-10-30 10:35:00,18485.0,18485.0,18480.0,18480.0,4.0,369600.0,442.0
2017-10-30 10:40:00,18480.0,18480.0,18480.0,18480.0,0.0,0.0,442.0
2017-10-30 10:45:00,18480.0,18480.0,18440.0,18440.0,4.0,368800.0,442.0
2017-10-30 10:50:00,18440.0,18440.0,18440.0,18440.0,0.0,0.0,442.0
2017-10-30 10:55:00,18440.0,18440.0,18440.0,18440.0,0.0,0.0,442.0
2017-10-30 11:00:00,18420.0,18425.0,18420.0,18425.0,6.0,552650.0,444.0
2017-10-30 11:05:00,18425.0,18450.0,18380.0,18380.0,4.0,368300.0,444.0
2017-10-30 11:10:00,18380.0,18380.0,18380.0,18380.0,0.0,0.0,444.0
2017-10-30 11:15:00,18380.0,18380.0,18380.0,18380.0,0.0,0.0,444.0
2017-10-30 11:20:00,18380.0,18380.0,18380.0,18380.0,0.0,0.0,444.0
2017-10-30 11:25:00,18380.0,18380.0,18380.0,18380.0,0.0,0.0,444.0
2017-10-30 13:30:00,18380.0,18405.0,18380.0,18405.0,2.0,184050.0,446.0
2017-10-30 13:35:00,18405.0,18405.0,18405.0,18405.0,0.0,0.0,446.0
2017-10-30 13:40:00,18405.0,18405.0,18340.0,18340.0,2.0,183400.0,448.0
2017-10-30 13:45:00,18340.0,18340.0,18340.0,18340.0,0.0,0.0,448.0
2017-10-30 13:50:00,18340.0,18340.0,18340.0,18340.0,2.0,183400.0,446.0
2017-10-30 13:55:00,18340.0,18340.0,18340.0,18340.0,0.0,0.0,446.0
2017-10-30 14:00:00,18340.0,18340.0,18340.0,18340.0,0.0,0.0,446.0
2017-10-30 14:05:00,18340.0,18340.0,18340.0,18340.0,0.0,0.0,446.0
2017-10-30 14:10:00,18340.0,18340.0,18340.0,18340.0,0.0,0.0,446.0
2017-10-30 14:15:00,18340.0,18340.0,18340.0,18340.0,0.0,0.0,446.0
2017-10-30 14:20:00,18340.0,18340.0,18340.0,18340.0,0.0,0.0,446.0
2017-10-30 14:25:00,18340.0,18340.0,18340.0,18340.0,0.0,0.0,446.0
2017-10-30 14:30:00,18340.0,18340.0,18340.0,18340.0,0.0,0.0,446.0
2017-10-30 14:35:00,18340.0,18340.0,18340.0,18340.0,0.0,0.0,446.0
2017-10-30 14:40:00,18340.0,18340.0,18340.0,18340.0,0.0,0.0,446.0
2017-10-30 14:45:00,18340.0,18340.0,18340.0,18340.0,0.0,0.0,446.0
2017-10-30 14:50:00,18340.0,18340.0,18340.0,18340.0,0.0,0.0,446.0
2017-10-30 14:55:00,18340.0,18340.0,18340.0,18340.0,0.0,0.0,446.0
2017-10-30 21:00:00,18510.0,18510.0,18350.0,18350.0,2.0,183500.0,448.0
2017-10-30 21:05:00,18350.0,18380.0,18350.0,18375.0,12.0,1102550.0,440.0
2017-10-30 21:10:00,18370.0,18370.0,18370.0,18370.0,2.0,183700.0,440.0
2017-10-30 21:15:00,18370.0,18370.0,18370.0,18370.0,0.0,0.0,440.0
2017-10-30 21:20:00,18370.0,18370.0,18370.0,18370.0,0.0,0.0,440.0
2017-10-30 21:25:00,18370.0,18370.0,18370.0,18370.0,0.0,0.0,440.0
2017-10-30 21:30:00,18370.0,18370.0,18370.0,18370.0,0.0,0.0,440.0
2017-10-30 21:35:00,18370.0,18370.0,18370.0,18370.0,0.0,0.0,440.0
2017-10-30 21:40:00,18370.0,18370.0,18305.0,18305.0,2.0,183050.0,440.0
2017-10-30 21:45:00,18320.0,18320.0,18320.0,18320.0,2.0,183200.0,442.0
2017-10-30 21:50:00,18320.0,18320.0,18305.0,18305.0,2.0,183050.0,442.0
2017-10-30 21:55:00,18305.0,18320.0,18305.0,18320.0,4.0,366400.0,446.0
2017-10-30 22:00:00,18325.0,18325.0,18300.0,18300.0,8.0,732250.0,448.0
2017-10-30 22:05:00,18300.0,18305.0,18300.0,18305.0,4.0,366100.0,452.0
2017-10-30 22:10:00,18305.0,18320.0,18305.0,18320.0,8.0,732800.0,452.0
2017-10-30 22:15:00,18320.0,18320.0,18300.0,18300.0,2.0,183000.0,454.0
2017-10-30 22:20:00,18300.0,18320.0,18295.0,18295.0,6.0,549100.0,454.0
2017-10-30 22:25:00,18295.0,18300.0,18295.0,18300.0,2.0,183000.0,452.0
2017-10-30 22:30:00,18300.0,18305.0,18300.0,18305.0,2.0,183050.0,454.0
2017-10-30 22:35:00,18305.0,18320.0,18305.0,18320.0,2.0,183200.0,454.0
2017-10-30 22:40:00,18320.0,18320.0,18290.0,18300.0,4.0,365900.0,452.0
2017-10-30 22:45:00,18300.0,18320.0,18300.0,18320.0,2.0,183200.0,454.0
2017-10-30 22:50:00,18320.0,18320.0,18300.0,18300.0,2.0,183000.0,454.0
2017-10-30 22:55:00,18300.0,18300.0,18300.0,18300.0,0.0,0.0,454.0
2017-10-30 23:00:00,18330.0,18330.0,18330.0,18330.0,2.0,183300.0,452.0
2017-10-30 23:05:00,18330.0,18330.0,18330.0,18330.0,0.0,0.0,452.0
2017-10-30 23:10:00,18330.0,18330.0,18330.0,18330.0,0.0,0.0,452.0
2017-10-30 23:15:00,18330.0,18330.0,18330.0,18330.0,0.0,0.0,452.0
2017-10-30 23:20:00,18330.0,18330.0,18330.0,18330.0,0.0,0.0,452.0
2017-10-30 23:25:00,18330.0,18330.0,18330.0,18330.0,0.0,0.0,452.0
2017-10-30 23:30:00,18330.0,18330.0,18300.0,18320.0,16.0,1464800.0,462.0
2017-10-30 23:35:00,18320.0,18320.0,18320.0,18320.0,0.0,0.0,462.0
2017-10-30 23:40:00,18320.0,18320.0,18320.0,18320.0,0.0,0.0,462.0
2017-10-30 23:45:00,18320.0,18320.0,18320.0,18320.0,0.0,0.0,462.0
2017-10-30 23:50:00,18320.0,18320.0,18320.0,18320.0,0.0,0.0,462.0
2017-10-30 23:55:00,18320.0,18320.0,18320.0,18320.0,0.0,0.0,462.0
2017-10-31 00:00:00,18320.0,18320.0,18320.0,18320.0,0.0,0.0,462.0
2017-10-31 00:05:00,18320.0,18320.0,18320.0,18320.0,0.0,0.0,462.0
2017-10-31 00:10:00,18320.0,18320.0,18320.0,18320.0,0.0,0.0,462.0
2017-10-31 00:15:00,18320.0,18320.0,18320.0,18320.0,0.0,0.0,462.0
2017-10-31 00:20:00,18320.0,18320.0,18320.0,18320.0,0.0,0.0,462.0
2017-10-31 00:25:00,18320.0,18320.0,18320.0,18320.0,0.0,0.0,462.0
2017-10-31 00:30:00,18320.0,18320.0,18320.0,18320.0,0.0,0.0,462.0
2017-10-31 00:35:00,18320.0,18320.0,18320.0,18320.0,0.0,0.0,462.0
2017-10-31 00:40:00,18320.0,18320.0,18320.0,18320.0,0.0,0.0,462.0
2017-10-31 00:45:00,18320.0,18320.0,18320.0,18320.0,0.0,0.0,462.0
2017-10-31 00:50:00,18320.0,18320.0,18320.0,18320.0,0.0,0.0,462.0
2017-10-31 00:55:00,18320.0,18320.0,18320.0,18320.0,0.0,0.0,462.0
2017-10-31 09:00:00,18320.0,18320.0,18320.0,18320.0,0.0,0.0,462.0
2017-10-31 09:05:00,18330.0,18330.0,18315.0,18315.0,10.0,916350.0,452.0
2017-10-31 09:10:00,18315.0,18315.0,18315.0,18315.0,0.0,0.0,452.0
2017-10-31 09:15:00,18315.0,18315.0,18315.0,18315.0,0.0,0.0,452.0
2017-10-31 09:20:00,18315.0,18335.0,18315.0,18335.0,2.0,183350.0,454.0
2017-10-31 09:25:00,18335.0,18495.0,18335.0,18495.0,14.0,1291150.0,450.0
2017-10-31 09:30:00,18495.0,18500.0,18495.0,18500.0,2.0,185000.0,450.0
2017-10-31 09:35:00,18500.0,18500.0,18500.0,18500.0,0.0,0.0,450.0
2017-10-31 09:40:00,18500.0,18500.0,18500.0,18500.0,0.0,0.0,450.0
2017-10-31 09:45:00,18500.0,18515.0,18500.0,18515.0,2.0,185150.0,450.0
2017-10-31 09:50:00,18510.0,18510.0,18510.0,18510.0,4.0,370200.0,454.0
2017-10-31 09:55:00,18510.0,18510.0,18510.0,18510.0,0.0,0.0,454.0
2017-10-31 10:00:00,18510.0,18510.0,18500.0,18500.0,2.0,185000.0,456.0
2017-10-31 10:05:00,18500.0,18500.0,18500.0,18500.0,0.0,0.0,456.0
2017-10-31 10:10:00,18500.0,18500.0,18500.0,18500.0,0.0,0.0,456.0
2017-10-31 10:30:00,18500.0,18500.0,18500.0,18500.0,0.0,0.0,456.0
2017-10-31 10:35:00,18500.0,18500.0,18500.0,18500.0,0.0,0.0,456.0
2017-10-31 10:40:00,18500.0,18500.0,18500.0,18500.0,0.0,0.0,456.0
2017-10-31 10:45:00,18500.0,18500.0,18500.0,18500.0,0.0,0.0,456.0
2017-10-31 10:50:00,18500.0,18500.0,18500.0,18500.0,0.0,0.0,456.0
2017-10-31 10:55:00,18500.0,18500.0,18420.0,18420.0,6.0,553500.0,458.0
2017-10-31 11:00:00,18420.0,18455.0,18420.0,18455.0,2.0,184550.0,460.0
2017-10-31 11:05:00,18455.0,18455.0,18455.0,18455.0,0.0,0.0,460.0
2017-10-31 11:10:00,18455.0,18455.0,18455.0,18455.0,0.0,0.0,460.0
2017-10-31 11:15:00,18455.0,18455.0,18455.0,18455.0,0.0,0.0,460.0
2017-10-31 11:20:00,18455.0,18455.0,18455.0,18455.0,0.0,0.0,460.0
2017-10-31 11:25:00,18455.0,18455.0,18455.0,18455.0,0.0,0.0,460.0
2017-10-31 13:30:00,18455.0,18535.0,18455.0,18535.0,2.0,185350.0,460.0
2017-10-31 13:35:00,18535.0,18535.0,18535.0,18535.0,0.0,0.0,460.0
2017-10-31 13:40:00,18535.0,18535.0,18535.0,18535.0,0.0,0.0,460.0
2017-10-31 13:45:00,18535.0,18535.0,18495.0,18495.0,2.0,184950.0,460.0
2017-10-31 13:50:00,18495.0,18495.0,18495.0,18495.0,0.0,0.0,460.0
2017-10-31 13:55:00,18495.0,18495.0,18495.0,18495.0,0.0,0.0,460.0
2017-10-31 14:00:00,18495.0,18495.0,18495.0,18495.0,0.0,0.0,460.0
2017-10-31 14:05:00,18495.0,18540.0,18495.0,18540.0,2.0,185400.0,458.0
2017-10-31 14:10:00,18540.0,18585.0,18540.0,18585.0,6.0,557200.0,456.0
2017-10-31 14:15:00,18585.0,18600.0,18585.0,18600.0,4.0,372000.0,452.0
2017-10-31 14:20:00,18600.0,18600.0,18600.0,18600.0,0.0,0.0,452.0
2017-10-31 14:25:00,18600.0,18600.0,18600.0,18600.0,0.0,0.0,452.0
2017-10-31 14:30:00,18600.0,18605.0,18600.0,18605.0,2.0,186050.0,454.0
2017-10-31 14:35:00,18605.0,18640.0,18605.0,18640.0,2.0,186400.0,452.0
2017-10-31 14:40:00,18640.0,18640.0,18640.0,18640.0,0.0,0.0,452.0
2017-10-31 14:45:00,18640.0,18730.0,18640.0,18730.0,2.0,187300.0,454.0
2017-10-31 14:50:00,18730.0,18730.0,18730.0,18730.0,4.0,374600.0,458.0
2017-10-31 14:55:00,18730.0,18730.0,18730.0,18730.0,0.0,0.0,458.0
2017-10-31 21:00:00,18395.0,18395.0,18395.0,18395.0,0.0,0.0,458.0
2017-10-31 21:05:00,18395.0,18395.0,18395.0,18395.0,0.0,0.0,458.0
2017-10-31 21:10:00,18395.0,18395.0,18395.0,18395.0,0.0,0.0,458.0
2017-10-31 21:15:00,18395.0,18395.0,18395.0,18395.0,0.0,0.0,458.0
2017-10-31 21:20:00,18395.0,18395.0,18395.0,18395.0,0.0,0.0,458.0
2017-10-31 21:25:00,18395.0,18395.0,18395.0,18395.0,0.0,0.0,458.0
2017-10-31 21:30:00,18395.0,18395.0,18395.0,18395.0,0.0,0.0,458.0
2017-10-31 21:35:00,18395.0,18395.0,18395.0,18395.0,0.0,0.0,458.0
2017-10-31 21:40:00,18395.0,18395.0,18395.0,18395.0,0.0,0.0,458.0
2017-10-31 21:45:00,18395.0,18395.0,18395.0,18395.0,0.0,0.0,458.0
2017-10-31 21:50:00,18395.0,18395.0,18395.0,18395.0,0.0,0.0,458.0
2017-10-31 21:55:00,18395.0,18395.0,18395.0,18395.0,0.0,0.0,458.0
2017-10-31 22:00:00,18395.0,18395.0,18395.0,18395.0,0.0,0.0,458.0
2017-10-31 22:05:00,18395.0,18395.0,18395.0,18395.0,0.0,0.0,458.0
2017-10-31 22:10:00,18395.0,18395.0,18395.0,18395.0,0.0,0.0,458.0
2017-10-31 22:15:00,18395.0,18395.0,18395.0,18395.0,0.0,0.0,458.0
2017-10-31 22:20:00,18395.0,18395.0,18395.0,18395.0,0.0,0.0,458.0
2017-10-31 22:25:00,18395.0,18560.0,18395.0,18560.0,4.0,371200.0,454.0
2017-10-31 22:30:00,18560.0,18560.0,18560.0,18560.0,0.0,0.0,454.0
2017-10-31 22:35:00,18560.0,18560.0,18560.0,18560.0,0.0,0.0,454.0
2017-10-31 22:40:00,18560.0,18560.0,18560.0,18560.0,0.0,0.0,454.0
2017-10-31 22:45:00,18560.0,18560.0,18560.0,18560.0,0.0,0.0,454.0
2017-10-31 22:50:00,18560.0,18560.0,18560.0,18560.0,0.0,0.0,454.0
2017-10-31 22:55:00,18560.0,18560.0,18560.0,18560.0,0.0,0.0,454.0
2017-10-31 23:00:00,18560.0,18560.0,18560.0,18560.0,0.0,0.0,454.0
2017-10-31 23:05:00,18560.0,18560.0,18560.0,18560.0,0.0,0.0,454.0
2017-10-31 23:10:00,18560.0,18560.0,18560.0,18560.0,0.0,0.0,454.0
2017-10-31 23:15:00,18560.0,18560.0,18560.0,18560.0,0.0,0.0,454.0
2017-10-31 23:20:00,18560.0,18560.0,18560.0,18560.0,0.0,0.0,454.0
2017-10-31 23:25:00,18560.0,18560.0,18560.0,18560.0,0.0,0.0,454.0
2017-10-31 23:30:00,18560.0,18560.0,18560.0,18560.0,0.0,0.0,454.0
2017-10-31 23:35:00,18560.0,18560.0,18560.0,18560.0,0.0,0.0,454.0
2017-10-31 23:40:00,18560.0,18560.0,18560.0,18560.0,0.0,0.0,454.0
2017-10-31 23:45:00,18560.0,18560.0,18560.0,18560.0,0.0,0.0,454.0
2017-10-31 23:50:00,18560.0,18560.0,18560.0,18560.0,0.0,0.0,454.0
2017-10-31 23:55:00,18560.0,18560.0,18560.0,18560.0,0.0,0.0,454.0
2017-11-01 00:00:00,18560.0,18560.0,18560.0,18560.0,0.0,0.0,454.0
2017-11-01 00:05:00,18560.0,18560.0,18560.0,18560.0,0.0,0.0,454.0
2017-11-01 00:10:00,18560.0,18560.0,18560.0,18560.0,0.0,0.0,454.0
2017-11-01 00:15:00,18560.0,18560.0,18560.0,18560.0,0.0,0.0,454.0
2017-11-01 00:20:00,18560.0,18560.0,18560.0,18560.0,0.0,0.0,454.0
2017-11-01 00:25:00,18560.0,18560.0,18560.0,18560.0,0.0,0.0,454.0
2017-11-01 00:30:00,18560.0,18560.0,18560.0,18560.0,0.0,0.0,454.0
2017-11-01 00:35:00,18560.0,18560.0,18560.0,18560.0,0.0,0.0,454.0
2017-11-01 00:40:00,18560.0,18560.0,18560.0,18560.0,0.0,0.0,454.0
2017-11-01 00:45:00,18560.0,18560.0,18560.0,18560.0,0.0,0.0,454.0
2017-11-01 00:50:00,18560.0,18560.0,18560.0,18560.0,0.0,0.0,454.0
2017-11-01 00:55:00,18560.0,18560.0,18560.0,18560.0,0.0,0.0,454.0
2017-11-01 09:00:00,18560.0,18895.0,18560.0,18895.0,2.0,188950.0,456.0
2017-11-01 09:05:00,18895.0,18895.0,18830.0,18830.0,2.0,188300.0,458.0
2017-11-01 09:10:00,18830.0,19015.0,18830.0,19015.0,2.0,190150.0,458.0
2017-11-01 09:15:00,19015.0,19030.0,19015.0,19025.0,6.0,570800.0,456.0
2017-11-01 09:20:00,19025.0,19025.0,19000.0,19000.0,2.0,190000.0,456.0
2017-11-01 09:25:00,19000.0,19000.0,19000.0,19000.0,0.0,0.0,456.0
2017-11-01 09:30:00,19000.0,19000.0,19000.0,19000.0,0.0,0.0,456.0
2017-11-01 09:35:00,18935.0,18935.0,18935.0,18935.0,2.0,189350.0,454.0
2017-11-01 09:40:00,18935.0,18935.0,18935.0,18935.0,0.0,0.0,454.0
2017-11-01 09:45:00,18935.0,18935.0,18935.0,18935.0,0.0,0.0,454.0
2017-11-01 09:50:00,18935.0,18935.0,18935.0,18935.0,0.0,0.0,454.0
2017-11-01 09:55:00,18935.0,18935.0,18935.0,18935.0,0.0,0.0,454.0
2017-11-01 10:00:00,18935.0,18935.0,18935.0,18935.0,0.0,0.0,454.0
2017-11-01 10:05:00,18935.0,18935.0,18935.0,18935.0,0.0,0.0,454.0
2017-11-01 10:10:00,18935.0,18935.0,18935.0,18935.0,0.0,0.0,454.0
2017-11-01 10:30:00,18935.0,18985.0,18935.0,18985.0,6.0,569550.0,458.0
2017-11-01 10:35:00,18945.0,18945.0,18945.0,18945.0,4.0,378900.0,454.0
2017-11-01 10:40:00,18945.0,18945.0,18945.0,18945.0,0.0,0.0,454.0
2017-11-01 10:45:00,18945.0,18945.0,18945.0,18945.0,0.0,0.0,454.0
2017-11-01 10:50:00,18945.0,18945.0,18945.0,18945.0,0.0,0.0,454.0
2017-11-01 10:55:00,18945.0,18945.0,18945.0,18945.0,0.0,0.0,454.0
2017-11-01 11:00:00,18945.0,18945.0,18890.0,18890.0,2.0,188900.0,454.0
2017-11-01 11:05:00,18890.0,18890.0,18890.0,18890.0,0.0,0.0,454.0
2017-11-01 11:10:00,18890.0,18905.0,18890.0,18905.0,4.0,378100.0,452.0
2017-11-01 11:15:00,18905.0,18905.0,18905.0,18905.0,0.0,0.0,452.0
2017-11-01 11:20:00,18905.0,18905.0,18860.0,18860.0,4.0,377200.0,452.0
2017-11-01 11:25:00,18815.0,18815.0,18800.0,18800.0,4.0,376150.0,456.0
2017-11-01 13:30:00,18800.0,18840.0,18800.0,18840.0,4.0,376800.0,456.0
2017-11-01 13:35:00,18840.0,18840.0,18840.0,18840.0,0.0,0.0,456.0
2017-11-01 13:40:00,18840.0,18840.0,18840.0,18840.0,0.0,0.0,456.0
2017-11-01 13:45:00,18840.0,18840.0,18835.0,18835.0,4.0,376700.0,458.0
2017-11-01 13:50:00,18835.0,18835.0,18835.0,18835.0,0.0,0.0,458.0
2017-11-01 13:55:00,18835.0,18835.0,18835.0,18835.0,0.0,0.0,458.0
2017-11-01 14:00:00,18835.0,18835.0,18835.0,18835.0,0.0,0.0,458.0
2017-11-01 14:05:00,18835.0,18835.0,18835.0,18835.0,0.0,0.0,458.0
2017-11-01 14:10:00,18835.0,18835.0,18835.0,18835.0,0.0,0.0,458.0
2017-11-01 14:15:00,18835.0,18835.0,18835.0,18835.0,0.0,0.0,458.0
2017-11-01 14:20:00,18835.0,18835.0,18780.0,18780.0,2.0,187800.0,458.0
2017-11-01 14:25:00,18780.0,18780.0,18740.0,18740.0,4.0,374850.0,456.0
2017-11-01 14:30:00,18740.0,18740.0,18740.0,18740.0,0.0,0.0,456.0
2017-11-01 14:35:00,18740.0,18740.0,18740.0,18740.0,0.0,0.0,456.0
2017-11-01 14:40:00,18740.0,18740.0,18740.0,18740.0,0.0,0.0,456.0
2017-11-01 14:45:00,18740.0,18740.0,18740.0,18740.0,0.0,0.0,456.0
2017-11-01 14:50:00,18740.0,18740.0,18740.0,18740.0,0.0,0.0,456.0
2017-11-01 14:55:00,18740.0,18740.0,18740.0,18740.0,0.0,0.0,456.0
2017-11-01 21:00:00,18870.0,18870.0,18695.0,18695.0,2.0,186950.0,456.0
2017-11-01 21:05:00,18695.0,18770.0,18695.0,18770.0,2.0,187700.0,456.0
2017-11-01 21:10:00,18770.0,18770.0,18770.0,18770.0,0.0,0.0,456.0
2017-11-01 21:15:00,18770.0,18770.0,18600.0,18600.0,4.0,372900.0,456.0
2017-11-01 21:20:00,18680.0,18680.0,18680.0,18680.0,2.0,186800.0,456.0
2017-11-01 21:25:00,18680.0,18680.0,18680.0,18680.0,0.0,0.0,456.0
2017-11-01 21:30:00,18640.0,18640.0,18640.0,18640.0,2.0,186400.0,456.0
2017-11-01 21:35:00,18640.0,18640.0,18640.0,18640.0,0.0,0.0,456.0
2017-11-01 21:40:00,18640.0,18725.0,18640.0,18725.0,4.0,374500.0,456.0
2017-11-01 21:45:00,18725.0,18725.0,18725.0,18725.0,0.0,0.0,456.0
2017-11-01 21:50:00,18725.0,18725.0,18725.0,18725.0,0.0,0.0,456.0
2017-11-01 21:55:00,18725.0,18750.0,18725.0,18750.0,2.0,187500.0,456.0
2017-11-01 22:00:00,18750.0,18750.0,18750.0,18750.0,0.0,0.0,456.0
2017-11-01 22:05:00,18750.0,18755.0,18750.0,18755.0,2.0,187550.0,454.0
2017-11-01 22:10:00,18755.0,18755.0,18725.0,18725.0,2.0,187250.0,454.0
2017-11-01 22:15:00,18770.0,18800.0,18770.0,18800.0,4.0,375700.0,454.0
2017-11-01 22:20:00,18800.0,18800.0,18800.0,18800.0,4.0,376000.0,454.0
2017-11-01 22:25:00,18800.0,18800.0,18800.0,18800.0,0.0,0.0,454.0
2017-11-01 22:30:00,18800.0,18800.0,18800.0,18800.0,0.0,0.0,454.0
2017-11-01 22:35:00,18800.0,18800.0,18800.0,18800.0,0.0,0.0,454.0
2017-11-01 22:40:00,18800.0,18800.0,18800.0,18800.0,0.0,0.0,454.0
2017-11-01 22:45:00,18800.0,18800.0,18800.0,18800.0,0.0,0.0,454.0
2017-11-01 22:50:00,18800.0,18800.0,18800.0,18800.0,0.0,0.0,454.0
2017-11-01 22:55:00,18800.0,18800.0,18800.0,18800.0,0.0,0.0,454.0
2017-11-01 23:00:00,18800.0,18800.0,18800.0,18800.0,0.0,0.0,454.0
2017-11-01 23:05:00,18800.0,18800.0,18800.0,18800.0,0.0,0.0,454.0
2017-11-01 23:10:00,18800.0,18800.0,18800.0,18800.0,0.0,0.0,454.0
2017-11-01 23:15:00,18800.0,18845.0,18800.0,18845.0,2.0,188450.0,456.0
2017-11-01 23:20:00,18845.0,18845.0,18845.0,18845.0,0.0,0.0,456.0
2017-11-01 23:25:00,18845.0,18845.0,18845.0,18845.0,0.0,0.0,456.0
2017-11-01 23:30:00,18845.0,18845.0,18845.0,18845.0,0.0,0.0,456.0
2017-11-01 23:35:00,18845.0,18845.0,18845.0,18845.0,0.0,0.0,456.0
2017-11-01 23:40:00,18845.0,18845.0,18845.0,18845.0,0.0,0.0,456.0
2017-11-01 23:45:00,18845.0,18845.0,18845.0,18845.0,0.0,0.0,456.0
2017-11-01 23:50:00,18845.0,18845.0,18845.0,18845.0,0.0,0.0,456.0
2017-11-01 23:55:00,18845.0,18845.0,18845.0,18845.0,0.0,0.0,456.0
2017-11-02 00:00:00,18845.0,18845.0,18845.0,18845.0,0.0,0.0,456.0
2017-11-02 00:05:00,18845.0,18845.0,18845.0,18845.0,0.0,0.0,456.0
2017-11-02 00:10:00,18845.0,18845.0,18845.0,18845.0,0.0,0.0,456.0
2017-11-02 00:15:00,18870.0,18870.0,18870.0,18870.0,2.0,188700.0,458.0
2017-11-02 00:20:00,18870.0,18870.0,18870.0,18870.0,0.0,0.0,458.0
2017-11-02 00:25:00,18870.0,18870.0,18870.0,18870.0,0.0,0.0,458.0
2017-11-02 00:30:00,18870.0,18870.0,18870.0,18870.0,0.0,0.0,458.0
2017-11-02 00:35:00,18870.0,18870.0,18870.0,18870.0,0.0,0.0,458.0
2017-11-02 00:40:00,18870.0,18870.0,18870.0,18870.0,0.0,0.0,458.0
2017-11-02 00:45:00,18870.0,18870.0,18870.0,18870.0,0.0,0.0,458.0
2017-11-02 00:50:00,18870.0,18870.0,18870.0,18870.0,0.0,0.0,458.0
2017-11-02 00:55:00,18870.0,18870.0,18870.0,18870.0,0.0,0.0,458.0
2017-11-02 09:00:00,18870.0,18880.0,18870.0,18880.0,4.0,377600.0,462.0
2017-11-02 09:05:00,18880.0,18880.0,18880.0,18880.0,0.0,0.0,462.0
2017-11-02 09:10:00,18880.0,18880.0,18770.0,18770.0,2.0,187700.0,462.0
2017-11-02 09:15:00,18770.0,18770.0,18770.0,18770.0,0.0,0.0,462.0
2017-11-02 09:20:00,18770.0,18770.0,18770.0,18770.0,0.0,0.0,462.0
2017-11-02 09:25:00,18770.0,18770.0,18770.0,18770.0,0.0,0.0,462.0
2017-11-02 09:30:00,18770.0,18770.0,18770.0,18770.0,0.0,0.0,462.0
2017-11-02 09:35:00,18770.0,18770.0,18770.0,18770.0,0.0,0.0,462.0
2017-11-02 09:40:00,18770.0,18770.0,18770.0,18770.0,0.0,0.0,462.0
2017-11-02 09:45:00,18770.0,18770.0,18770.0,18770.0,0.0,0.0,462.0
2017-11-02 09:50:00,18770.0,18770.0,18770.0,18770.0,0.0,0.0,462.0
2017-11-02 09:55:00,18770.0,18770.0,18770.0,18770.0,0.0,0.0,462.0
2017-11-02 10:00:00,18770.0,18770.0,18770.0,18770.0,0.0,0.0,462.0
2017-11-02 10:05:00,18770.0,18770.0,18770.0,18770.0,0.0,0.0,462.0
2017-11-02 10:10:00,18770.0,18770.0,18770.0,18770.0,0.0,0.0,462.0
2017-11-02 10:30:00,18770.0,18770.0,18770.0,18770.0,0.0,0.0,462.0
2017-11-02 10:35:00,18770.0,18770.0,18770.0,18770.0,0.0,0.0,462.0
2017-11-02 10:40:00,18770.0,18770.0,18770.0,18770.0,0.0,0.0,462.0
2017-11-02 10:45:00,18770.0,18770.0,18770.0,18770.0,0.0,0.0,462.0
2017-11-02 10:50:00,18770.0,18770.0,18770.0,18770.0,0.0,0.0,462.0
2017-11-02 10:55:00,18770.0,18770.0,18770.0,18770.0,0.0,0.0,462.0
2017-11-02 11:00:00,18770.0,18770.0,18770.0,18770.0,0.0,0.0,462.0
2017-11-02 11:05:00,18770.0,18770.0,18770.0,18770.0,0.0,0.0,462.0
2017-11-02 11:10:00,18770.0,18770.0,18770.0,18770.0,0.0,0.0,462.0
2017-11-02 11:15:00,18770.0,18770.0,18770.0,18770.0,0.0,0.0,462.0
2017-11-02 11:20:00,18770.0,18770.0,18770.0,18770.0,0.0,0.0,462.0
2017-11-02 11:25:00,18770.0,18770.0,18770.0,18770.0,0.0,0.0,462.0
2017-11-02 13:30:00,18770.0,18820.0,18770.0,18820.0,8.0,752600.0,462.0
2017-11-02 13:35:00,18820.0,18820.0,18820.0,18820.0,0.0,0.0,462.0
2017-11-02 13:40:00,18820.0,18820.0,18820.0,18820.0,0.0,0.0,462.0
2017-11-02 13:45:00,18820.0,18825.0,18770.0,18825.0,4.0,375950.0,462.0
2017-11-02 13:50:00,18825.0,18825.0,18825.0,18825.0,0.0,0.0,462.0
2017-11-02 13:55:00,18850.0,18885.0,18850.0,18885.0,6.0,566150.0,460.0
2017-11-02 14:00:00,18885.0,18885.0,18885.0,18885.0,0.0,0.0,460.0
2017-11-02 14:05:00,18890.0,18890.0,18890.0,18890.0,2.0,188900.0,462.0
2017-11-02 14:10:00,18890.0,18890.0,18835.0,18835.0,2.0,188350.0,462.0
2017-11-02 14:15:00,18835.0,18835.0,18835.0,18835.0,0.0,0.0,462.0
2017-11-02 14:20:00,18835.0,18835.0,18835.0,18835.0,0.0,0.0,462.0
2017-11-02 14:25:00,18835.0,18835.0,18835.0,18835.0,0.0,0.0,462.0
2017-11-02 14:30:00,18835.0,18835.0,18835.0,18835.0,0.0,0.0,462.0
2017-11-02 14:35:00,18835.0,18835.0,18835.0,18835.0,0.0,0.0,462.0
2017-11-02 14:40:00,18835.0,18835.0,18835.0,18835.0,0.0,0.0,462.0
2017-11-02 14:45:00,18835.0,18835.0,18835.0,18835.0,0.0,0.0,462.0
2017-11-02 14:50:00,18835.0,18835.0,18835.0,18835.0,0.0,0.0,462.0
2017-11-02 14:55:00,18835.0,18835.0,18835.0,18835.0,0.0,0.0,462.0
2017-11-02 21:00:00,18785.0,18785.0,18785.0,18785.0,0.0,0.0,462.0
2017-11-02 21:05:00,18785.0,18865.0,18785.0,18865.0,2.0,188650.0,460.0
2017-11-02 21:10:00,18865.0,18865.0,18800.0,18800.0,2.0,188000.0,462.0
2017-11-02 21:15:00,18800.0,18800.0,18800.0,18800.0,2.0,188000.0,464.0
2017-11-02 21:20:00,18800.0,18800.0,18800.0,18800.0,0.0,0.0,464.0
2017-11-02 21:25:00,18800.0,18800.0,18800.0,18800.0,0.0,0.0,464.0
2017-11-02 21:30:00,18800.0,18800.0,18800.0,18800.0,0.0,0.0,464.0
2017-11-02 21:35:00,18800.0,18800.0,18800.0,18800.0,0.0,0.0,464.0
2017-11-02 21:40:00,18800.0,18800.0,18800.0,18800.0,0.0,0.0,464.0
2017-11-02 21:45:00,18800.0,18800.0,18800.0,18800.0,2.0,188000.0,464.0
2017-11-02 21:50:00,18800.0,18800.0,18800.0,18800.0,0.0,0.0,464.0
2017-11-02 21:55:00,18800.0,18800.0,18800.0,18800.0,0.0,0.0,464.0
2017-11-02 22:00:00,18800.0,18800.0,18800.0,18800.0,0.0,0.0,464.0
2017-11-02 22:05:00,18800.0,18800.0,18800.0,18800.0,0.0,0.0,464.0
2017-11-02 22:10:00,18800.0,18800.0,18800.0,18800.0,0.0,0.0,464.0
2017-11-02 22:15:00,18800.0,18870.0,18800.0,18870.0,2.0,188700.0,464.0
2017-11-02 22:20:00,18870.0,18870.0,18870.0,18870.0,0.0,0.0,464.0
2017-11-02 22:25:00,18870.0,18870.0,18870.0,18870.0,0.0,0.0,464.0
2017-11-02 22:30:00,18870.0,18870.0,18870.0,18870.0,0.0,0.0,464.0
2017-11-02 22:35:00,18870.0,18870.0,18870.0,18870.0,0.0,0.0,464.0
2017-11-02 22:40:00,18870.0,18870.0,18870.0,18870.0,0.0,0.0,464.0
2017-11-02 22:45:00,18870.0,18870.0,18870.0,18870.0,0.0,0.0,464.0
2017-11-02 22:50:00,18870.0,18870.0,18870.0,18870.0,0.0,0.0,464.0
2017-11-02 22:55:00,18870.0,18870.0,18870.0,18870.0,0.0,0.0,464.0
2017-11-02 23:00:00,18870.0,18870.0,18870.0,18870.0,0.0,0.0,464.0
2017-11-02 23:05:00,18870.0,18870.0,18870.0,18870.0,0.0,0.0,464.0
2017-11-02 23:10:00,18870.0,18870.0,18870.0,18870.0,0.0,0.0,464.0
2017-11-02 23:15:00,18870.0,18870.0,18870.0,18870.0,0.0,0.0,464.0
2017-11-02 23:20:00,18870.0,18870.0,18815.0,18815.0,4.0,376300.0,468.0
2017-11-02 23:25:00,18815.0,18815.0,18760.0,18760.0,4.0,375200.0,464.0
2017-11-02 23:30:00,18760.0,18760.0,18760.0,18760.0,0.0,0.0,464.0
2017-11-02 23:35:00,18760.0,18760.0,18760.0,18760.0,0.0,0.0,464.0
2017-11-02 23:40:00,18760.0,18760.0,18760.0,18760.0,0.0,0.0,464.0
2017-11-02 23:45:00,18760.0,18760.0,18760.0,18760.0,0.0,0.0,464.0
2017-11-02 23:50:00,18760.0,18760.0,18760.0,18760.0,0.0,0.0,464.0
2017-11-02 23:55:00,18760.0,18760.0,18760.0,18760.0,0.0,0.0,464.0
2017-11-03 00:00:00,18760.0,18760.0,18760.0,18760.0,0.0,0.0,464.0
2017-11-03 00:05:00,18760.0,18760.0,18760.0,18760.0,0.0,0.0,464.0
2017-11-03 00:10:00,18760.0,18760.0,18760.0,18760.0,0.0,0.0,464.0
2017-11-03 00:15:00,18760.0,18760.0,18760.0,18760.0,0.0,0.0,464.0
2017-11-03 00:20:00,18760.0,18760.0,18760.0,18760.0,0.0,0.0,464.0
2017-11-03 00:25:00,18760.0,18760.0,18760.0,18760.0,0.0,0.0,464.0
2017-11-03 00:30:00,18760.0,18760.0,18760.0,18760.0,0.0,0.0,464.0
2017-11-03 00:35:00,18760.0,18760.0,18760.0,18760.0,0.0,0.0,464.0
2017-11-03 00:40:00,18760.0,18760.0,18760.0,18760.0,0.0,0.0,464.0
2017-11-03 00:45:00,18760.0,18760.0,18760.0,18760.0,0.0,0.0,464.0
2017-11-03 00:50:00,18760.0,18760.0,18760.0,18760.0,0.0,0.0,464.0
2017-11-03 00:55:00,18760.0,18760.0,18760.0,18760.0,0.0,0.0,464.0
2017-11-03 09:00:00,18760.0,18760.0,18760.0,18760.0,0.0,0.0,464.0
2017-11-03 09:05:00,18760.0,18760.0,18760.0,18760.0,0.0,0.0,464.0
2017-11-03 09:10:00,18760.0,18760.0,18760.0,18760.0,0.0,0.0,464.0
2017-11-03 09:15:00,18760.0,18760.0,18760.0,18760.0,0.0,0.0,464.0
2017-11-03 09:20:00,18760.0,18760.0,18760.0,18760.0,0.0,0.0,464.0
2017-11-03 09:25:00,18760.0,18760.0,18760.0,18760.0,0.0,0.0,464.0
2017-11-03 09:30:00,18760.0,18760.0,18760.0,18760.0,0.0,0.0,464.0
2017-11-03 09:35:00,18760.0,18760.0,18760.0,18760.0,0.0,0.0,464.0
2017-11-03 09:40:00,18760.0,18785.0,18760.0,18785.0,2.0,187850.0,464.0
2017-11-03 09:45:00,18785.0,18785.0,18785.0,18785.0,0.0,0.0,464.0
2017-11-03 09:50:00,18785.0,18785.0,18785.0,18785.0,0.0,0.0,464.0
2017-11-03 09:55:00,18785.0,18785.0,18785.0,18785.0,0.0,0.0,464.0
2017-11-03 10:00:00,18785.0,18785.0,18785.0,18785.0,0.0,0.0,464.0
2017-11-03 10:05:00,18785.0,18785.0,18785.0,18785.0,0.0,0.0,464.0
2017-11-03 10:10:00,18785.0,18785.0,18785.0,18785.0,0.0,0.0,464.0
2017-11-03 10:30:00,18785.0,18785.0,18785.0,18785.0,0.0,0.0,464.0
2017-11-03 10:35:00,18785.0,18785.0,18785.0,18785.0,0.0,0.0,464.0
2017-11-03 10:40:00,18785.0,18785.0,18785.0,18785.0,0.0,0.0,464.0
2017-11-03 10:45:00,18785.0,18785.0,18785.0,18785.0,0.0,0.0,464.0
2017-11-03 10:50:00,18785.0,18785.0,18785.0,18785.0,0.0,0.0,464.0
2017-11-03 10:55:00,18785.0,18785.0,18785.0,18785.0,0.0,0.0,464.0
2017-11-03 11:00:00,18785.0,18785.0,18785.0,18785.0,0.0,0.0,464.0
2017-11-03 11:05:00,18785.0,18785.0,18785.0,18785.0,0.0,0.0,464.0
2017-11-03 11:10:00,18785.0,18785.0,18785.0,18785.0,0.0,0.0,464.0
2017-11-03 11:15:00,18785.0,18785.0,18785.0,18785.0,0.0,0.0,464.0
2017-11-03 11:20:00,18785.0,18785.0,18785.0,18785.0,0.0,0.0,464.0
2017-11-03 11:25:00,18785.0,18785.0,18785.0,18785.0,0.0,0.0,464.0
2017-11-03 13:30:00,18785.0,18785.0,18735.0,18735.0,8.0,749400.0,466.0
2017-11-03 13:35:00,18735.0,18735.0,18735.0,18735.0,4.0,374700.0,470.0
2017-11-03 13:40:00,18735.0,18735.0,18735.0,18735.0,0.0,0.0,470.0
2017-11-03 13:45:00,18735.0,18735.0,18735.0,18735.0,0.0,0.0,470.0
2017-11-03 13:50:00,18735.0,18735.0,18735.0,18735.0,0.0,0.0,470.0
2017-11-03 13:55:00,18735.0,18735.0,18735.0,18735.0,0.0,0.0,470.0
2017-11-03 14:00:00,18735.0,18735.0,18735.0,18735.0,0.0,0.0,470.0
2017-11-03 14:05:00,18735.0,18735.0,18735.0,18735.0,0.0,0.0,470.0
2017-11-03 14:10:00,18735.0,18735.0,18735.0,18735.0,0.0,0.0,470.0
2017-11-03 14:15:00,18735.0,18735.0,18735.0,18735.0,0.0,0.0,470.0
2017-11-03 14:20:00,18735.0,18735.0,18640.0,18640.0,2.0,186400.0,472.0
2017-11-03 14:25:00,18640.0,18640.0,18640.0,18640.0,0.0,0.0,472.0
2017-11-03 14:30:00,18640.0,18640.0,18640.0,18640.0,0.0,0.0,472.0
2017-11-03 14:35:00,18640.0,18640.0,18640.0,18640.0,0.0,0.0,472.0
2017-11-03 14:40:00,18640.0,18640.0,18640.0,18640.0,0.0,0.0,472.0
2017-11-03 14:45:00,18640.0,18640.0,18640.0,18640.0,0.0,0.0,472.0
2017-11-03 14:50:00,18640.0,18640.0,18640.0,18640.0,0.0,0.0,472.0
2017-11-03 14:55:00,18640.0,18640.0,18640.0,18640.0,0.0,0.0,472.0
2017-11-03 21:00:00,18770.0,18770.0,18770.0,18770.0,0.0,0.0,472.0
2017-11-03 21:05:00,18770.0,18820.0,18760.0,18820.0,6.0,563500.0,474.0
2017-11-03 21:10:00,18820.0,18820.0,18760.0,18760.0,4.0,375800.0,472.0
2017-11-03 21:15:00,18760.0,18820.0,18760.0,18820.0,4.0,376400.0,468.0
2017-11-03 21:20:00,18820.0,18820.0,18820.0,18820.0,0.0,0.0,468.0
2017-11-03 21:25:00,18820.0,18820.0,18820.0,18820.0,0.0,0.0,468.0
2017-11-03 21:30:00,18820.0,18820.0,18805.0,18805.0,2.0,188050.0,470.0
2017-11-03 21:35:00,18805.0,18805.0,18805.0,18805.0,0.0,0.0,470.0
2017-11-03 21:40:00,18805.0,18805.0,18795.0,18795.0,2.0,187950.0,470.0
2017-11-03 21:45:00,18795.0,18795.0,18775.0,18775.0,2.0,187750.0,472.0
2017-11-03 21:50:00,18775.0,18775.0,18775.0,18775.0,0.0,0.0,472.0
2017-11-03 21:55:00,18775.0,18775.0,18775.0,18775.0,0.0,0.0,472.0
2017-11-03 22:00:00,18775.0,18775.0,18775.0,18775.0,0.0,0.0,472.0
2017-11-03 22:05:00,18775.0,18775.0,18775.0,18775.0,0.0,0.0,472.0
2017-11-03 22:10:00,18775.0,18775.0,18775.0,18775.0,0.0,0.0,472.0
2017-11-03 22:15:00,18775.0,18775.0,18775.0,18775.0,0.0,0.0,472.0
2017-11-03 22:20:00,18775.0,18775.0,18775.0,18775.0,0.0,0.0,472.0
2017-11-03 22:25:00,18775.0,18775.0,18775.0,18775.0,0.0,0.0,472.0
2017-11-03 22:30:00,18775.0,18775.0,18775.0,18775.0,0.0,0.0,472.0
2017-11-03 22:35:00,18775.0,18775.0,18775.0,18775.0,0.0,0.0,472.0
2017-11-03 22:40:00,18775.0,18775.0,18775.0,18775.0,0.0,0.0,472.0
2017-11-03 22:45:00,18775.0,18775.0,18775.0,18775.0,0.0,0.0,472.0
2017-11-03 22:50:00,18775.0,18775.0,18760.0,18760.0,2.0,187600.0,474.0
2017-11-03 22:55:00,18760.0,18760.0,18760.0,18760.0,0.0,0.0,474.0
2017-11-03 23:00:00,18760.0,18760.0,18760.0,18760.0,0.0,0.0,474.0
2017-11-03 23:05:00,18760.0,18760.0,18760.0,18760.0,0.0,0.0,474.0
2017-11-03 23:10:00,18760.0,18760.0,18760.0,18760.0,0.0,0.0,474.0
2017-11-03 23:15:00,18760.0,18760.0,18760.0,18760.0,0.0,0.0,474.0
2017-11-03 23:20:00,18760.0,18760.0,18760.0,18760.0,0.0,0.0,474.0
2017-11-03 23:25:00,18760.0,18760.0,18760.0,18760.0,0.0,0.0,474.0
2017-11-03 23:30:00,18760.0,18760.0,18760.0,18760.0,0.0,0.0,474.0
2017-11-03 23:35:00,18760.0,18760.0,18760.0,18760.0,0.0,0.0,474.0
2017-11-03 23:40:00,18760.0,18760.0,18760.0,18760.0,0.0,0.0,474.0
2017-11-03 23:45:00,18760.0,18760.0,18760.0,18760.0,0.0,0.0,474.0
2017-11-03 23:50:00,18760.0,18760.0,18760.0,18760.0,0.0,0.0,474.0
2017-11-03 23:55:00,18760.0,18760.0,18760.0,18760.0,0.0,0.0,474.0
2017-11-04 00:00:00,18760.0,18760.0,18760.0,18760.0,0.0,0.0,474.0
2017-11-04 00:05:00,18760.0,18760.0,18760.0,18760.0,0.0,0.0,474.0
2017-11-04 00:10:00,18760.0,18760.0,18760.0,18760.0,0.0,0.0,474.0
2017-11-04 00:15:00,18760.0,18760.0,18760.0,18760.0,0.0,0.0,474.0
2017-11-04 00:20:00,18760.0,18760.0,18760.0,18760.0,0.0,0.0,474.0
2017-11-04 00:25:00,18760.0,18760.0,18760.0,18760.0,0.0,0.0,474.0
2017-11-04 00:30:00,18760.0,18760.0,18760.0,18760.0,0.0,0.0,474.0
2017-11-04 00:35:00,18760.0,18760.0,18760.0,18760.0,0.0,0.0,474.0
2017-11-04 00:40:00,18760.0,18760.0,18760.0,18760.0,0.0,0.0,474.0
2017-11-04 00:45:00,18760.0,18760.0,18760.0,18760.0,0.0,0.0,474.0
2017-11-04 00:50:00,18760.0,18760.0,18760.0,18760.0,0.0,0.0,474.0
2017-11-04 00:55:00,18760.0,18760.0,18760.0,18760.0,0.0,0.0,474.0
2017-11-06 09:00:00,18760.0,18760.0,18700.0,18760.0,16.0,1496950.0,474.0
2017-11-06 09:05:00,18760.0,18780.0,18760.0,18780.0,4.0,375600.0,478.0
2017-11-06 09:10:00,18790.0,18795.0,18790.0,18795.0,4.0,375850.0,476.0
2017-11-06 09:15:00,18885.0,18885.0,18885.0,18885.0,10.0,944250.0,476.0
2017-11-06 09:20:00,18885.0,18885.0,18835.0,18835.0,4.0,376700.0,472.0
2017-11-06 09:25:00,18835.0,18835.0,18835.0,18835.0,0.0,0.0,472.0
2017-11-06 09:30:00,18835.0,18835.0,18835.0,18835.0,0.0,0.0,472.0
2017-11-06 09:35:00,18835.0,18835.0,18835.0,18835.0,0.0,0.0,472.0
2017-11-06 09:40:00,18835.0,18835.0,18835.0,18835.0,0.0,0.0,472.0
2017-11-06 09:45:00,18835.0,18835.0,18835.0,18835.0,0.0,0.0,472.0
2017-11-06 09:50:00,18835.0,18865.0,18835.0,18865.0,2.0,188650.0,472.0
2017-11-06 09:55:00,18865.0,18865.0,18865.0,18865.0,0.0,0.0,472.0
2017-11-06 10:00:00,18865.0,18865.0,18865.0,18865.0,0.0,0.0,472.0
2017-11-06 10:05:00,18865.0,18865.0,18865.0,18865.0,0.0,0.0,472.0
2017-11-06 10:10:00,18865.0,18865.0,18865.0,18865.0,0.0,0.0,472.0
2017-11-06 10:30:00,18865.0,18865.0,18850.0,18850.0,2.0,188500.0,472.0
2017-11-06 10:35:00,18850.0,18850.0,18850.0,18850.0,0.0,0.0,472.0
2017-11-06 10:40:00,18850.0,18850.0,18850.0,18850.0,0.0,0.0,472.0
2017-11-06 10:45:00,18850.0,18860.0,18850.0,18860.0,2.0,188600.0,472.0
2017-11-06 10:50:00,18860.0,18860.0,18860.0,18860.0,0.0,0.0,472.0
2017-11-06 10:55:00,18860.0,18860.0,18860.0,18860.0,0.0,0.0,472.0
2017-11-06 11:00:00,18860.0,18860.0,18860.0,18860.0,0.0,0.0,472.0
2017-11-06 11:05:00,18860.0,18860.0,18860.0,18860.0,0.0,0.0,472.0
2017-11-06 11:10:00,18860.0,18900.0,18860.0,18900.0,2.0,189000.0,470.0
2017-11-06 11:15:00,18900.0,18900.0,18900.0,18900.0,0.0,0.0,470.0
2017-11-06 11:20:00,18900.0,19000.0,18900.0,19000.0,4.0,380000.0,470.0
2017-11-06 11:25:00,19000.0,19000.0,19000.0,19000.0,0.0,0.0,470.0
2017-11-06 13:30:00,19000.0,19000.0,19000.0,19000.0,0.0,0.0,470.0
2017-11-06 13:35:00,18970.0,18970.0,18970.0,18970.0,2.0,189700.0,468.0
2017-11-06 13:40:00,18970.0,18970.0,18970.0,18970.0,0.0,0.0,468.0
2017-11-06 13:45:00,18970.0,18970.0,18970.0,18970.0,0.0,0.0,468.0
2017-11-06 13:50:00,18970.0,18970.0,18970.0,18970.0,0.0,0.0,468.0
2017-11-06 13:55:00,18970.0,18970.0,18970.0,18970.0,0.0,0.0,468.0
2017-11-06 14:00:00,18970.0,18970.0,18970.0,18970.0,0.0,0.0,468.0
2017-11-06 14:05:00,18970.0,18970.0,18970.0,18970.0,0.0,0.0,468.0
2017-11-06 14:10:00,18970.0,18970.0,18970.0,18970.0,0.0,0.0,468.0
2017-11-06 14:15:00,18970.0,18970.0,18970.0,18970.0,0.0,0.0,468.0
2017-11-06 14:20:00,18970.0,18970.0,18970.0,18970.0,0.0,0.0,468.0
2017-11-06 14:25:00,18970.0,18970.0,18970.0,18970.0,0.0,0.0,468.0
2017-11-06 14:30:00,18970.0,18970.0,18970.0,18970.0,0.0,0.0,468.0
2017-11-06 14:35:00,18970.0,18970.0,18970.0,18970.0,0.0,0.0,468.0
2017-11-06 14:40:00,18970.0,18970.0,18950.0,18950.0,2.0,189500.0,470.0
2017-11-06 14:45:00,18950.0,18950.0,18950.0,18950.0,0.0,0.0,470.0
2017-11-06 14:50:00,18950.0,18950.0,18950.0,18950.0,0.0,0.0,470.0
2017-11-06 14:55:00,18950.0,18950.0,18950.0,18950.0,0.0,0.0,470.0
2017-11-06 21:00:00,18815.0,18815.0,18815.0,18815.0,0.0,0.0,470.0
2017-11-06 21:05:00,18815.0,19080.0,18815.0,19080.0,2.0,190800.0,468.0
2017-11-06 21:10:00,19080.0,19080.0,19080.0,19080.0,2.0,190800.0,468.0
2017-11-06 21:15:00,19080.0,19080.0,19070.0,19070.0,2.0,190700.0,468.0
2017-11-06 21:20:00,19070.0,19070.0,19070.0,19070.0,0.0,0.0,468.0
2017-11-06 21:25:00,19070.0,19070.0,19070.0,19070.0,0.0,0.0,468.0
2017-11-06 21:30:00,19050.0,19050.0,19050.0,19050.0,2.0,190500.0,466.0
2017-11-06 21:35:00,19050.0,19100.0,19050.0,19095.0,4.0,381950.0,468.0
2017-11-06 21:40:00,19095.0,19110.0,19095.0,19110.0,2.0,191100.0,466.0
2017-11-06 21:45:00,19110.0,19110.0,19110.0,19110.0,2.0,191100.0,466.0
2017-11-06 21:50:00,19110.0,19110.0,19110.0,19110.0,0.0,0.0,466.0
2017-11-06 21:55:00,19110.0,19110.0,19110.0,19110.0,0.0,0.0,466.0
2017-11-06 22:00:00,19110.0,19165.0,19110.0,19125.0,4.0,382900.0,464.0
2017-11-06 22:05:00,19125.0,19150.0,19125.0,19150.0,6.0,574500.0,468.0
2017-11-06 22:10:00,19150.0,19150.0,19150.0,19150.0,0.0,0.0,468.0
2017-11-06 22:15:00,19150.0,19150.0,19140.0,19140.0,6.0,574400.0,470.0
2017-11-06 22:20:00,19140.0,19140.0,19140.0,19140.0,0.0,0.0,470.0
2017-11-06 22:25:00,19140.0,19140.0,19140.0,19140.0,0.0,0.0,470.0
2017-11-06 22:30:00,19140.0,19140.0,19140.0,19140.0,0.0,0.0,470.0
2017-11-06 22:35:00,19140.0,19165.0,19140.0,19145.0,4.0,383100.0,472.0
2017-11-06 22:40:00,19145.0,19145.0,19145.0,19145.0,0.0,0.0,472.0
2017-11-06 22:45:00,19145.0,19160.0,19145.0,19160.0,4.0,383100.0,474.0
2017-11-06 22:50:00,19160.0,19165.0,19160.0,19165.0,2.0,191650.0,476.0
2017-11-06 22:55:00,19165.0,19165.0,19130.0,19130.0,2.0,191300.0,478.0
2017-11-06 23:00:00,19130.0,19130.0,19130.0,19130.0,0.0,0.0,478.0
2017-11-06 23:05:00,19130.0,19130.0,19130.0,19130.0,0.0,0.0,478.0
2017-11-06 23:10:00,19130.0,19130.0,19130.0,19130.0,0.0,0.0,478.0
2017-11-06 23:15:00,19130.0,19130.0,19130.0,19130.0,0.0,0.0,478.0
2017-11-06 23:20:00,19130.0,19130.0,19130.0,19130.0,0.0,0.0,478.0
2017-11-06 23:25:00,19130.0,19130.0,19130.0,19130.0,0.0,0.0,478.0
2017-11-06 23:30:00,19130.0,19130.0,19130.0,19130.0,0.0,0.0,478.0
2017-11-06 23:35:00,19130.0,19130.0,19130.0,19130.0,0.0,0.0,478.0
2017-11-06 23:40:00,19130.0,19130.0,19130.0,19130.0,0.0,0.0,478.0
2017-11-06 23:45:00,19130.0,19130.0,19130.0,19130.0,0.0,0.0,478.0
2017-11-06 23:50:00,19130.0,19130.0,19130.0,19130.0,0.0,0.0,478.0
2017-11-06 23:55:00,19130.0,19130.0,19130.0,19130.0,0.0,0.0,478.0
2017-11-07 00:00:00,19130.0,19130.0,19130.0,19130.0,0.0,0.0,478.0
2017-11-07 00:05:00,19130.0,19130.0,19130.0,19130.0,0.0,0.0,478.0
2017-11-07 00:10:00,19130.0,19130.0,19130.0,19130.0,0.0,0.0,478.0
2017-11-07 00:15:00,19130.0,19130.0,19130.0,19130.0,0.0,0.0,478.0
2017-11-07 00:20:00,19130.0,19130.0,19130.0,19130.0,0.0,0.0,478.0
2017-11-07 00:25:00,19130.0,19130.0,19130.0,19130.0,2.0,191300.0,478.0
2017-11-07 00:30:00,19130.0,19130.0,19130.0,19130.0,0.0,0.0,478.0
2017-11-07 00:35:00,19130.0,19130.0,19130.0,19130.0,0.0,0.0,478.0
2017-11-07 00:40:00,19130.0,19130.0,19130.0,19130.0,0.0,0.0,478.0
2017-11-07 00:45:00,19130.0,19130.0,19130.0,19130.0,0.0,0.0,478.0
2017-11-07 00:50:00,19130.0,19130.0,19130.0,19130.0,0.0,0.0,478.0
2017-11-07 00:55:00,19130.0,19130.0,19130.0,19130.0,0.0,0.0,478.0
2017-11-07 09:00:00,19130.0,19130.0,19130.0,19130.0,0.0,0.0,478.0
2017-11-07 09:05:00,19130.0,19130.0,19130.0,19130.0,0.0,0.0,478.0
2017-11-07 09:10:00,19130.0,19130.0,19005.0,19005.0,4.0,380800.0,478.0
2017-11-07 09:15:00,19005.0,19005.0,19005.0,19005.0,2.0,190050.0,478.0
2017-11-07 09:20:00,19005.0,19005.0,19005.0,19005.0,0.0,0.0,478.0
2017-11-07 09:25:00,19005.0,19005.0,19005.0,19005.0,0.0,0.0,478.0
2017-11-07 09:30:00,19005.0,19005.0,19005.0,19005.0,0.0,0.0,478.0
2017-11-07 09:35:00,19005.0,19005.0,19005.0,19005.0,0.0,0.0,478.0
2017-11-07 09:40:00,19005.0,19005.0,19005.0,19005.0,0.0,0.0,478.0
2017-11-07 09:45:00,19005.0,19005.0,19005.0,19005.0,0.0,0.0,478.0
2017-11-07 09:50:00,19005.0,19005.0,19005.0,19005.0,0.0,0.0,478.0
2017-11-07 09:55:00,19005.0,19005.0,19005.0,19005.0,0.0,0.0,478.0
2017-11-07 10:00:00,19005.0,19005.0,19005.0,19005.0,0.0,0.0,478.0
2017-11-07 10:05:00,19005.0,19005.0,19005.0,19005.0,0.0,0.0,478.0
2017-11-07 10:10:00,19005.0,19005.0,19005.0,19005.0,0.0,0.0,478.0
2017-11-07 10:30:00,19005.0,19005.0,19005.0,19005.0,0.0,0.0,478.0
2017-11-07 10:35:00,19005.0,19005.0,19005.0,19005.0,0.0,0.0,478.0
2017-11-07 10:40:00,19005.0,19005.0,19005.0,19005.0,0.0,0.0,478.0
2017-11-07 10:45:00,19005.0,19005.0,19005.0,19005.0,0.0,0.0,478.0
2017-11-07 10:50:00,19005.0,19005.0,19005.0,19005.0,0.0,0.0,478.0
2017-11-07 10:55:00,19005.0,19005.0,19005.0,19005.0,0.0,0.0,478.0
2017-11-07 11:00:00,19005.0,19005.0,19005.0,19005.0,0.0,0.0,478.0
2017-11-07 11:05:00,19005.0,19005.0,19005.0,19005.0,0.0,0.0,478.0
2017-11-07 11:10:00,19005.0,19005.0,19005.0,19005.0,0.0,0.0,478.0
2017-11-07 11:15:00,19005.0,19005.0,18940.0,18940.0,2.0,189400.0,480.0
2017-11-07 11:20:00,18940.0,18940.0,18885.0,18885.0,8.0,755950.0,486.0
2017-11-07 11:25:00,18885.0,18885.0,18885.0,18885.0,0.0,0.0,486.0
2017-11-07 13:30:00,18885.0,18885.0,18885.0,18885.0,0.0,0.0,486.0
2017-11-07 13:35:00,18885.0,18920.0,18885.0,18920.0,6.0,567600.0,482.0
2017-11-07 13:40:00,18920.0,18920.0,18920.0,18920.0,0.0,0.0,482.0
2017-11-07 13:45:00,18920.0,18920.0,18905.0,18905.0,2.0,189050.0,484.0
2017-11-07 13:50:00,18905.0,18905.0,18905.0,18905.0,0.0,0.0,484.0
2017-11-07 13:55:00,18905.0,18915.0,18905.0,18915.0,2.0,189150.0,486.0
2017-11-07 14:00:00,18915.0,18915.0,18915.0,18915.0,0.0,0.0,486.0
2017-11-07 14:05:00,18915.0,18915.0,18915.0,18915.0,0.0,0.0,486.0
2017-11-07 14:10:00,18915.0,18915.0,18915.0,18915.0,0.0,0.0,486.0
2017-11-07 14:15:00,18915.0,18915.0,18915.0,18915.0,0.0,0.0,486.0
2017-11-07 14:20:00,18950.0,18950.0,18905.0,18905.0,4.0,378550.0,484.0
2017-11-07 14:25:00,18905.0,18905.0,18905.0,18905.0,0.0,0.0,484.0
2017-11-07 14:30:00,18905.0,18905.0,18905.0,18905.0,0.0,0.0,484.0
2017-11-07 14:35:00,18905.0,18905.0,18905.0,18905.0,0.0,0.0,484.0
2017-11-07 14:40:00,18905.0,18905.0,18905.0,18905.0,0.0,0.0,484.0
2017-11-07 14:45:00,18905.0,18905.0,18905.0,18905.0,0.0,0.0,484.0
2017-11-07 14:50:00,18905.0,18905.0,18905.0,18905.0,0.0,0.0,484.0
2017-11-07 14:55:00,18905.0,18905.0,18905.0,18905.0,0.0,0.0,484.0
2017-11-07 21:00:00,19050.0,19050.0,19050.0,19050.0,0.0,0.0,484.0
2017-11-07 21:05:00,19050.0,19095.0,18990.0,18990.0,4.0,380850.0,486.0
2017-11-07 21:10:00,18990.0,18990.0,18990.0,18990.0,0.0,0.0,486.0
2017-11-07 21:15:00,18990.0,18990.0,18990.0,18990.0,0.0,0.0,486.0
2017-11-07 21:20:00,18990.0,18990.0,18990.0,18990.0,0.0,0.0,486.0
2017-11-07 21:25:00,18990.0,19030.0,18990.0,19030.0,2.0,190300.0,486.0
2017-11-07 21:30:00,19030.0,19030.0,18970.0,18970.0,2.0,189700.0,486.0
2017-11-07 21:35:00,18970.0,18970.0,18970.0,18970.0,0.0,0.0,486.0
2017-11-07 21:40:00,18970.0,18970.0,18970.0,18970.0,0.0,0.0,486.0
2017-11-07 21:45:00,18970.0,19015.0,18970.0,19015.0,2.0,190150.0,486.0
2017-11-07 21:50:00,18995.0,19020.0,18955.0,19020.0,6.0,569700.0,488.0
2017-11-07 21:55:00,19020.0,19020.0,19020.0,19020.0,0.0,0.0,488.0
2017-11-07 22:00:00,19020.0,19020.0,18910.0,18980.0,6.0,568150.0,486.0
2017-11-07 22:05:00,18980.0,18980.0,18980.0,18980.0,0.0,0.0,486.0
2017-11-07 22:10:00,18980.0,18980.0,18980.0,18980.0,0.0,0.0,486.0
2017-11-07 22:15:00,18980.0,18980.0,18980.0,18980.0,0.0,0.0,486.0
2017-11-07 22:20:00,18980.0,18980.0,18980.0,18980.0,0.0,0.0,486.0
2017-11-07 22:25:00,18980.0,18980.0,18980.0,18980.0,0.0,0.0,486.0
2017-11-07 22:30:00,18980.0,18980.0,18950.0,18950.0,2.0,189500.0,488.0
2017-11-07 22:35:00,18950.0,18970.0,18950.0,18970.0,2.0,189700.0,490.0
2017-11-07 22:40:00,18970.0,18970.0,18970.0,18970.0,0.0,0.0,490.0
2017-11-07 22:45:00,18970.0,18970.0,18970.0,18970.0,0.0,0.0,490.0
2017-11-07 22:50:00,18970.0,18970.0,18970.0,18970.0,0.0,0.0,490.0
2017-11-07 22:55:00,18970.0,18970.0,18970.0,18970.0,0.0,0.0,490.0
2017-11-07 23:00:00,18970.0,18970.0,18970.0,18970.0,0.0,0.0,490.0
2017-11-07 23:05:00,18970.0,18970.0,18970.0,18970.0,0.0,0.0,490.0
2017-11-07 23:10:00,18970.0,18970.0,18970.0,18970.0,0.0,0.0,490.0
2017-11-07 23:15:00,18970.0,18970.0,18970.0,18970.0,0.0,0.0,490.0
2017-11-07 23:20:00,18970.0,18970.0,18970.0,18970.0,0.0,0.0,490.0
2017-11-07 23:25:00,18970.0,18970.0,18970.0,18970.0,0.0,0.0,490.0
2017-11-07 23:30:00,18970.0,18970.0,18970.0,18970.0,0.0,0.0,490.0
2017-11-07 23:35:00,18970.0,18970.0,18970.0,18970.0,0.0,0.0,490.0
2017-11-07 23:40:00,18970.0,18970.0,18970.0,18970.0,0.0,0.0,490.0
2017-11-07 23:45:00,18970.0,18970.0,18970.0,18970.0,0.0,0.0,490.0
2017-11-07 23:50:00,18970.0,18970.0,18970.0,18970.0,0.0,0.0,490.0
2017-11-07 23:55:00,18970.0,18970.0,18970.0,18970.0,0.0,0.0,490.0
2017-11-08 00:00:00,18970.0,18970.0,18970.0,18970.0,0.0,0.0,490.0
2017-11-08 00:05:00,18970.0,18970.0,18970.0,18970.0,0.0,0.0,490.0
2017-11-08 00:10:00,18970.0,18970.0,18970.0,18970.0,0.0,0.0,490.0
2017-11-08 00:15:00,18970.0,18970.0,18970.0,18970.0,0.0,0.0,490.0
2017-11-08 00:20:00,18970.0,18970.0,18970.0,18970.0,0.0,0.0,490.0
2017-11-08 00:25:00,18970.0,18970.0,18970.0,18970.0,0.0,0.0,490.0
2017-11-08 00:30:00,18970.0,18970.0,18970.0,18970.0,0.0,0.0,490.0
2017-11-08 00:35:00,18970.0,18970.0,18970.0,18970.0,0.0,0.0,490.0
2017-11-08 00:40:00,18970.0,18970.0,18970.0,18970.0,0.0,0.0,490.0
2017-11-08 00:45:00,18970.0,18970.0,18970.0,18970.0,0.0,0.0,490.0
2017-11-08 00:50:00,18970.0,18970.0,18970.0,18970.0,0.0,0.0,490.0
2017-11-08 00:55:00,18970.0,18970.0,18970.0,18970.0,0.0,0.0,490.0
2017-11-08 09:00:00,18970.0,18970.0,18970.0,18970.0,0.0,0.0,490.0
2017-11-08 09:05:00,18970.0,18970.0,18970.0,18970.0,0.0,0.0,490.0
2017-11-08 09:10:00,18970.0,18970.0,18970.0,18970.0,0.0,0.0,490.0
2017-11-08 09:15:00,18970.0,18970.0,18970.0,18970.0,0.0,0.0,490.0
2017-11-08 09:20:00,18970.0,18970.0,18970.0,18970.0,0.0,0.0,490.0
2017-11-08 09:25:00,18970.0,18970.0,18970.0,18970.0,0.0,0.0,490.0
2017-11-08 09:30:00,18970.0,18970.0,18970.0,18970.0,0.0,0.0,490.0
2017-11-08 09:35:00,18970.0,18970.0,18970.0,18970.0,0.0,0.0,490.0
2017-11-08 09:40:00,18970.0,18970.0,18970.0,18970.0,0.0,0.0,490.0
2017-11-08 09:45:00,18970.0,18970.0,18970.0,18970.0,0.0,0.0,490.0
2017-11-08 09:50:00,18970.0,18970.0,18970.0,18970.0,0.0,0.0,490.0
2017-11-08 09:55:00,18970.0,18970.0,18970.0,18970.0,0.0,0.0,490.0
2017-11-08 10:00:00,18970.0,18970.0,18970.0,18970.0,0.0,0.0,490.0
2017-11-08 10:05:00,18970.0,18970.0,18970.0,18970.0,0.0,0.0,490.0
2017-11-08 10:10:00,18970.0,18970.0,18970.0,18970.0,0.0,0.0,490.0
2017-11-08 10:30:00,18970.0,19075.0,18970.0,19075.0,2.0,190750.0,490.0
2017-11-08 10:35:00,19075.0,19075.0,19075.0,19075.0,0.0,0.0,490.0
2017-11-08 10:40:00,19075.0,19075.0,19075.0,19075.0,0.0,0.0,490.0
2017-11-08 10:45:00,19075.0,19075.0,19075.0,19075.0,0.0,0.0,490.0
2017-11-08 10:50:00,19075.0,19075.0,19075.0,19075.0,0.0,0.0,490.0
2017-11-08 10:55:00,19075.0,19075.0,19075.0,19075.0,0.0,0.0,490.0
2017-11-08 11:00:00,19075.0,19075.0,19075.0,19075.0,0.0,0.0,490.0
2017-11-08 11:05:00,19075.0,19075.0,19075.0,19075.0,0.0,0.0,490.0
2017-11-08 11:10:00,19075.0,19075.0,19075.0,19075.0,0.0,0.0,490.0
2017-11-08 11:15:00,19075.0,19075.0,19075.0,19075.0,0.0,0.0,490.0
2017-11-08 11:20:00,19075.0,19075.0,19075.0,19075.0,0.0,0.0,490.0
2017-11-08 11:25:00,19075.0,19075.0,19075.0,19075.0,0.0,0.0,490.0
2017-11-08 13:30:00,19075.0,19075.0,19075.0,19075.0,0.0,0.0,490.0
2017-11-08 13:35:00,19075.0,19075.0,18890.0,18890.0,2.0,188900.0,490.0
2017-11-08 13:40:00,18845.0,18845.0,18845.0,18845.0,8.0,753800.0,486.0
2017-11-08 13:45:00,18845.0,18845.0,18785.0,18785.0,4.0,375700.0,486.0
2017-11-08 13:50:00,18785.0,18785.0,18785.0,18785.0,0.0,0.0,486.0
2017-11-08 13:55:00,18785.0,18785.0,18785.0,18785.0,0.0,0.0,486.0
2017-11-08 14:00:00,18785.0,18785.0,18785.0,18785.0,0.0,0.0,486.0
2017-11-08 14:05:00,18785.0,18785.0,18785.0,18785.0,0.0,0.0,486.0
2017-11-08 14:10:00,18785.0,18785.0,18785.0,18785.0,0.0,0.0,486.0
2017-11-08 14:15:00,18785.0,18785.0,18785.0,18785.0,0.0,0.0,486.0
2017-11-08 14:20:00,18785.0,18785.0,18785.0,18785.0,0.0,0.0,486.0
2017-11-08 14:25:00,18785.0,18785.0,18785.0,18785.0,0.0,0.0,486.0
2017-11-08 14:30:00,18785.0,18785.0,18785.0,18785.0,0.0,0.0,486.0
2017-11-08 14:35:00,18785.0,18860.0,18785.0,18860.0,4.0,377200.0,482.0
2017-11-08 14:40:00,18860.0,18860.0,18860.0,18860.0,0.0,0.0,482.0
2017-11-08 14:45:00,18860.0,18860.0,18860.0,18860.0,0.0,0.0,482.0
2017-11-08 14:50:00,18860.0,18860.0,18810.0,18810.0,2.0,188100.0,482.0
2017-11-08 14:55:00,18810.0,18810.0,18810.0,18810.0,0.0,0.0,482.0
2017-11-08 21:00:00,18925.0,18925.0,18925.0,18925.0,0.0,0.0,482.0
2017-11-08 21:05:00,18925.0,18975.0,18925.0,18975.0,2.0,189750.0,482.0
2017-11-08 21:10:00,18975.0,18975.0,18975.0,18975.0,4.0,379500.0,478.0
2017-11-08 21:15:00,18975.0,18980.0,18975.0,18980.0,2.0,189800.0,478.0
2017-11-08 21:20:00,18980.0,18980.0,18980.0,18980.0,0.0,0.0,478.0
2017-11-08 21:25:00,18980.0,18980.0,18980.0,18980.0,0.0,0.0,478.0
2017-11-08 21:30:00,18980.0,18980.0,18980.0,18980.0,0.0,0.0,478.0
2017-11-08 21:35:00,18980.0,18980.0,18980.0,18980.0,0.0,0.0,478.0
2017-11-08 21:40:00,18980.0,18980.0,18980.0,18980.0,0.0,0.0,478.0
2017-11-08 21:45:00,18980.0,18980.0,18980.0,18980.0,0.0,0.0,478.0
2017-11-08 21:50:00,18980.0,19000.0,18980.0,19000.0,2.0,190000.0,480.0
2017-11-08 21:55:00,19000.0,19000.0,19000.0,19000.0,0.0,0.0,480.0
2017-11-08 22:00:00,19000.0,19000.0,18960.0,18960.0,2.0,189600.0,480.0
2017-11-08 22:05:00,18960.0,18965.0,18960.0,18965.0,2.0,189650.0,482.0
2017-11-08 22:10:00,18965.0,18965.0,18965.0,18965.0,0.0,0.0,482.0
2017-11-08 22:15:00,18965.0,18965.0,18965.0,18965.0,0.0,0.0,482.0
2017-11-08 22:20:00,18965.0,19010.0,18965.0,19010.0,2.0,190100.0,480.0
2017-11-08 22:25:00,19010.0,19010.0,19010.0,19010.0,0.0,0.0,480.0
2017-11-08 22:30:00,19010.0,19010.0,19010.0,19010.0,0.0,0.0,480.0
2017-11-08 22:35:00,19010.0,19010.0,19010.0,19010.0,0.0,0.0,480.0
2017-11-08 22:40:00,19010.0,19010.0,19010.0,19010.0,0.0,0.0,480.0
2017-11-08 22:45:00,19010.0,19010.0,19010.0,19010.0,0.0,0.0,480.0
2017-11-08 22:50:00,19010.0,19010.0,19010.0,19010.0,0.0,0.0,480.0
2017-11-08 22:55:00,19010.0,19010.0,19010.0,19010.0,0.0,0.0,480.0
2017-11-08 23:00:00,19010.0,19055.0,19010.0,19055.0,4.0,381100.0,482.0
2017-11-08 23:05:00,19055.0,19055.0,19055.0,19055.0,0.0,0.0,482.0
2017-11-08 23:10:00,19055.0,19055.0,19055.0,19055.0,0.0,0.0,482.0
2017-11-08 23:15:00,19055.0,19090.0,19055.0,19090.0,2.0,190900.0,482.0
2017-11-08 23:20:00,19090.0,19090.0,19090.0,19090.0,0.0,0.0,482.0
2017-11-08 23:25:00,19090.0,19090.0,19090.0,19090.0,0.0,0.0,482.0
2017-11-08 23:30:00,19090.0,19145.0,19090.0,19145.0,2.0,191450.0,482.0
2017-11-08 23:35:00,19145.0,19145.0,19145.0,19145.0,0.0,0.0,482.0
2017-11-08 23:40:00,19145.0,19145.0,19145.0,19145.0,0.0,0.0,482.0
2017-11-08 23:45:00,19145.0,19145.0,19145.0,19145.0,0.0,0.0,482.0
2017-11-08 23:50:00,19145.0,19145.0,19145.0,19145.0,0.0,0.0,482.0
2017-11-08 23:55:00,19145.0,19145.0,19145.0,19145.0,0.0,0.0,482.0
2017-11-09 00:00:00,19145.0,19145.0,19145.0,19145.0,0.0,0.0,482.0
2017-11-09 00:05:00,19145.0,19145.0,19145.0,19145.0,0.0,0.0,482.0
2017-11-09 00:10:00,19145.0,19145.0,19145.0,19145.0,0.0,0.0,482.0
2017-11-09 00:15:00,19145.0,19145.0,19145.0,19145.0,0.0,0.0,482.0
2017-11-09 00:20:00,19145.0,19145.0,19145.0,19145.0,0.0,0.0,482.0
2017-11-09 00:25:00,19145.0,19145.0,19145.0,19145.0,0.0,0.0,482.0
2017-11-09 00:30:00,19145.0,19145.0,19145.0,19145.0,0.0,0.0,482.0
2017-11-09 00:35:00,19145.0,19145.0,19145.0,19145.0,0.0,0.0,482.0
2017-11-09 00:40:00,19145.0,19145.0,19145.0,19145.0,0.0,0.0,482.0
2017-11-09 00:45:00,19145.0,19145.0,19145.0,19145.0,0.0,0.0,482.0
2017-11-09 00:50:00,19145.0,19145.0,19145.0,19145.0,0.0,0.0,482.0
2017-11-09 00:55:00,19145.0,19145.0,19145.0,19145.0,0.0,0.0,482.0
2017-11-09 09:00:00,19145.0,19145.0,19145.0,19145.0,0.0,0.0,482.0
2017-11-09 09:05:00,19145.0,19145.0,19145.0,19145.0,0.0,0.0,482.0
2017-11-09 09:10:00,19145.0,19145.0,19145.0,19145.0,0.0,0.0,482.0
2017-11-09 09:15:00,19145.0,19145.0,19035.0,19035.0,2.0,190350.0,482.0
2017-11-09 09:20:00,19035.0,19035.0,19035.0,19035.0,0.0,0.0,482.0
2017-11-09 09:25:00,19035.0,19035.0,19035.0,19035.0,0.0,0.0,482.0
2017-11-09 09:30:00,19035.0,19035.0,19035.0,19035.0,0.0,0.0,482.0
2017-11-09 09:35:00,19035.0,19035.0,19035.0,19035.0,0.0,0.0,482.0
2017-11-09 09:40:00,19035.0,19035.0,19035.0,19035.0,0.0,0.0,482.0
2017-11-09 09:45:00,19035.0,19035.0,19035.0,19035.0,0.0,0.0,482.0
2017-11-09 09:50:00,19035.0,19035.0,19035.0,19035.0,0.0,0.0,482.0
2017-11-09 09:55:00,19035.0,19035.0,19035.0,19035.0,0.0,0.0,482.0
2017-11-09 10:00:00,19035.0,19035.0,19020.0,19020.0,2.0,190200.0,480.0
2017-11-09 10:05:00,19020.0,19020.0,19020.0,19020.0,0.0,0.0,480.0
2017-11-09 10:10:00,19020.0,19020.0,19020.0,19020.0,0.0,0.0,480.0
2017-11-09 10:30:00,19020.0,19020.0,19020.0,19020.0,0.0,0.0,480.0
2017-11-09 10:35:00,19020.0,19020.0,19020.0,19020.0,0.0,0.0,480.0
2017-11-09 10:40:00,19020.0,19020.0,19020.0,19020.0,0.0,0.0,480.0
2017-11-09 10:45:00,19020.0,19040.0,19020.0,19040.0,2.0,190400.0,480.0
2017-11-09 10:50:00,19015.0,19020.0,19015.0,19020.0,4.0,380350.0,484.0
2017-11-09 10:55:00,19020.0,19020.0,19020.0,19020.0,0.0,0.0,484.0
2017-11-09 11:00:00,19020.0,19020.0,19020.0,19020.0,0.0,0.0,484.0
2017-11-09 11:05:00,19020.0,19020.0,19000.0,19000.0,2.0,190000.0,484.0
2017-11-09 11:10:00,19000.0,19000.0,19000.0,19000.0,0.0,0.0,484.0
2017-11-09 11:15:00,19000.0,19000.0,19000.0,19000.0,0.0,0.0,484.0
2017-11-09 11:20:00,19000.0,19000.0,18945.0,18945.0,2.0,189450.0,484.0
2017-11-09 11:25:00,18945.0,18945.0,18945.0,18945.0,0.0,0.0,484.0
2017-11-09 13:30:00,18945.0,18945.0,18945.0,18945.0,0.0,0.0,484.0
2017-11-09 13:35:00,18945.0,18945.0,18905.0,18905.0,2.0,189050.0,482.0
2017-11-09 13:40:00,18905.0,18905.0,18905.0,18905.0,0.0,0.0,482.0
2017-11-09 13:45:00,18905.0,18905.0,18905.0,18905.0,0.0,0.0,482.0
2017-11-09 13:50:00,18905.0,18905.0,18905.0,18905.0,0.0,0.0,482.0
2017-11-09 13:55:00,18905.0,18905.0,18905.0,18905.0,0.0,0.0,482.0
2017-11-09 14:00:00,18905.0,18905.0,18905.0,18905.0,0.0,0.0,482.0
2017-11-09 14:05:00,18905.0,18905.0,18900.0,18900.0,2.0,189000.0,484.0
2017-11-09 14:10:00,18900.0,18900.0,18900.0,18900.0,0.0,0.0,484.0
2017-11-09 14:15:00,18900.0,18900.0,18900.0,18900.0,2.0,189000.0,484.0
2017-11-09 14:20:00,18900.0,18905.0,18900.0,18905.0,2.0,189050.0,486.0
2017-11-09 14:25:00,18905.0,18905.0,18905.0,18905.0,0.0,0.0,486.0
2017-11-09 14:30:00,18905.0,18905.0,18905.0,18905.0,0.0,0.0,486.0
2017-11-09 14:35:00,18905.0,18905.0,18905.0,18905.0,0.0,0.0,486.0
2017-11-09 14:40:00,18905.0,18905.0,18905.0,18905.0,0.0,0.0,486.0
2017-11-09 14:45:00,18905.0,18905.0,18905.0,18905.0,0.0,0.0,486.0
2017-11-09 14:50:00,18905.0,18905.0,18905.0,18905.0,0.0,0.0,486.0
2017-11-09 14:55:00,18905.0,18905.0,18905.0,18905.0,0.0,0.0,486.0
2017-11-09 21:00:00,18990.0,19025.0,18990.0,19025.0,2.0,190250.0,484.0
2017-11-09 21:05:00,19025.0,19050.0,19025.0,19050.0,2.0,190500.0,486.0
2017-11-09 21:10:00,19050.0,19080.0,19050.0,19080.0,2.0,190800.0,488.0
2017-11-09 21:15:00,19080.0,19080.0,19080.0,19080.0,0.0,0.0,488.0
2017-11-09 21:20:00,19080.0,19080.0,19080.0,19080.0,0.0,0.0,488.0
2017-11-09 21:25:00,19080.0,19080.0,19080.0,19080.0,0.0,0.0,488.0
2017-11-09 21:30:00,19080.0,19080.0,19080.0,19080.0,0.0,0.0,488.0
2017-11-09 21:35:00,19080.0,19080.0,19005.0,19005.0,2.0,190050.0,490.0
2017-11-09 21:40:00,19005.0,19010.0,19005.0,19010.0,2.0,190100.0,490.0
2017-11-09 21:45:00,19010.0,19010.0,19010.0,19010.0,0.0,0.0,490.0
2017-11-09 21:50:00,19010.0,19010.0,19010.0,19010.0,0.0,0.0,490.0
2017-11-09 21:55:00,19010.0,19010.0,19010.0,19010.0,0.0,0.0,490.0
2017-11-09 22:00:00,19010.0,19010.0,19010.0,19010.0,0.0,0.0,490.0
2017-11-09 22:05:00,19010.0,19010.0,19010.0,19010.0,0.0,0.0,490.0
2017-11-09 22:10:00,19010.0,19010.0,19010.0,19010.0,0.0,0.0,490.0
2017-11-09 22:15:00,19010.0,19010.0,19010.0,19010.0,0.0,0.0,490.0
2017-11-09 22:20:00,19010.0,19010.0,19010.0,19010.0,0.0,0.0,490.0
2017-11-09 22:25:00,19010.0,19015.0,19010.0,19015.0,4.0,380300.0,490.0
2017-11-09 22:30:00,19015.0,19015.0,19015.0,19015.0,0.0,0.0,490.0
2017-11-09 22:35:00,19015.0,19015.0,19015.0,19015.0,0.0,0.0,490.0
2017-11-09 22:40:00,19015.0,19015.0,19015.0,19015.0,0.0,0.0,490.0
2017-11-09 22:45:00,19015.0,19015.0,19015.0,19015.0,0.0,0.0,490.0
2017-11-09 22:50:00,19015.0,19015.0,19015.0,19015.0,0.0,0.0,490.0
2017-11-09 22:55:00,19015.0,19015.0,19015.0,19015.0,0.0,0.0,490.0
2017-11-09 23:00:00,19015.0,19020.0,19015.0,19020.0,2.0,190200.0,488.0
2017-11-09 23:05:00,19020.0,19080.0,19020.0,19080.0,4.0,381550.0,486.0
2017-11-09 23:10:00,19080.0,19080.0,19080.0,19080.0,0.0,0.0,486.0
2017-11-09 23:15:00,19080.0,19080.0,19080.0,19080.0,0.0,0.0,486.0
2017-11-09 23:20:00,19080.0,19080.0,19080.0,19080.0,0.0,0.0,486.0
2017-11-09 23:25:00,19080.0,19080.0,19080.0,19080.0,0.0,0.0,486.0
2017-11-09 23:30:00,19080.0,19080.0,19080.0,19080.0,0.0,0.0,486.0
2017-11-09 23:35:00,19080.0,19080.0,19080.0,19080.0,0.0,0.0,486.0
2017-11-09 23:40:00,19080.0,19080.0,19080.0,19080.0,0.0,0.0,486.0
2017-11-09 23:45:00,19080.0,19080.0,19080.0,19080.0,0.0,0.0,486.0
2017-11-09 23:50:00,19080.0,19080.0,19080.0,19080.0,0.0,0.0,486.0
2017-11-09 23:55:00,19080.0,19080.0,19070.0,19070.0,2.0,190700.0,486.0
2017-11-10 00:00:00,19070.0,19070.0,19070.0,19070.0,0.0,0.0,486.0
2017-11-10 00:05:00,19070.0,19070.0,19070.0,19070.0,0.0,0.0,486.0
2017-11-10 00:10:00,19070.0,19070.0,19070.0,19070.0,0.0,0.0,486.0
2017-11-10 00:15:00,19070.0,19070.0,19070.0,19070.0,0.0,0.0,486.0
2017-11-10 00:20:00,19070.0,19070.0,19070.0,19070.0,0.0,0.0,486.0
2017-11-10 00:25:00,19070.0,19070.0,19070.0,19070.0,0.0,0.0,486.0
2017-11-10 00:30:00,19070.0,19070.0,19070.0,19070.0,0.0,0.0,486.0
2017-11-10 00:35:00,19070.0,19070.0,19070.0,19070.0,0.0,0.0,486.0
2017-11-10 00:40:00,19070.0,19070.0,19070.0,19070.0,0.0,0.0,486.0
2017-11-10 00:45:00,19070.0,19070.0,19070.0,19070.0,0.0,0.0,486.0
2017-11-10 00:50:00,19070.0,19070.0,19070.0,19070.0,0.0,0.0,486.0
2017-11-10 00:55:00,19070.0,19070.0,19070.0,19070.0,0.0,0.0,486.0
2017-11-10 09:00:00,19070.0,19070.0,19070.0,19070.0,0.0,0.0,486.0
2017-11-10 09:05:00,19130.0,19130.0,19130.0,19130.0,2.0,191300.0,484.0
2017-11-10 09:10:00,19130.0,19375.0,19130.0,19375.0,4.0,386400.0,484.0
2017-11-10 09:15:00,19375.0,19375.0,19300.0,19300.0,2.0,193000.0,482.0
2017-11-10 09:20:00,19300.0,19300.0,19300.0,19300.0,0.0,0.0,482.0
2017-11-10 09:25:00,19300.0,19305.0,19300.0,19305.0,2.0,193050.0,482.0
2017-11-10 09:30:00,19305.0,19305.0,19305.0,19305.0,0.0,0.0,482.0
2017-11-10 09:35:00,19380.0,19380.0,19380.0,19380.0,4.0,387600.0,482.0
2017-11-10 09:40:00,19380.0,19380.0,19380.0,19380.0,2.0,193800.0,484.0
2017-11-10 09:45:00,19380.0,19380.0,19380.0,19380.0,2.0,193800.0,486.0
2017-11-10 09:50:00,19380.0,19380.0,19380.0,19380.0,0.0,0.0,486.0
2017-11-10 09:55:00,19380.0,19380.0,19380.0,19380.0,0.0,0.0,486.0
2017-11-10 10:00:00,19380.0,19380.0,19380.0,19380.0,0.0,0.0,486.0
2017-11-10 10:05:00,19380.0,19380.0,19380.0,19380.0,0.0,0.0,486.0
2017-11-10 10:10:00,19380.0,19380.0,19380.0,19380.0,0.0,0.0,486.0
2017-11-10 10:30:00,19380.0,19380.0,19380.0,19380.0,0.0,0.0,486.0
2017-11-10 10:35:00,19380.0,19380.0,19380.0,19380.0,0.0,0.0,486.0
2017-11-10 10:40:00,19380.0,19380.0,19380.0,19380.0,0.0,0.0,486.0
2017-11-10 10:45:00,19380.0,19380.0,19380.0,19380.0,0.0,0.0,486.0
2017-11-10 10:50:00,19380.0,19380.0,19380.0,19380.0,0.0,0.0,486.0
2017-11-10 10:55:00,19380.0,19380.0,19380.0,19380.0,0.0,0.0,486.0
2017-11-10 11:00:00,19380.0,19380.0,19380.0,19380.0,0.0,0.0,486.0
2017-11-10 11:05:00,19380.0,19380.0,19380.0,19380.0,0.0,0.0,486.0
2017-11-10 11:10:00,19380.0,19380.0,19380.0,19380.0,0.0,0.0,486.0
2017-11-10 11:15:00,19380.0,19380.0,19380.0,19380.0,0.0,0.0,486.0
2017-11-10 11:20:00,19380.0,19380.0,19380.0,19380.0,0.0,0.0,486.0
2017-11-10 11:25:00,19380.0,19380.0,19375.0,19375.0,2.0,193750.0,488.0
2017-11-10 13:30:00,19375.0,19375.0,19375.0,19375.0,0.0,0.0,488.0
2017-11-10 13:35:00,19375.0,19390.0,19375.0,19390.0,2.0,193900.0,488.0
2017-11-10 13:40:00,19390.0,19390.0,19390.0,19390.0,0.0,0.0,488.0
2017-11-10 13:45:00,19390.0,19390.0,19350.0,19350.0,2.0,193500.0,488.0
2017-11-10 13:50:00,19350.0,19395.0,19350.0,19395.0,2.0,193950.0,490.0
2017-11-10 13:55:00,19395.0,19395.0,19395.0,19395.0,4.0,387900.0,490.0
2017-11-10 14:00:00,19395.0,19395.0,19395.0,19395.0,0.0,0.0,490.0
2017-11-10 14:05:00,19395.0,19395.0,19395.0,19395.0,0.0,0.0,490.0
2017-11-10 14:10:00,19395.0,19395.0,19350.0,19350.0,4.0,387000.0,494.0
2017-11-10 14:15:00,19350.0,19350.0,19350.0,19350.0,0.0,0.0,494.0
2017-11-10 14:20:00,19350.0,19350.0,19350.0,19350.0,0.0,0.0,494.0
2017-11-10 14:25:00,19350.0,19350.0,19350.0,19350.0,0.0,0.0,494.0
2017-11-10 14:30:00,19350.0,19400.0,19350.0,19400.0,2.0,194000.0,494.0
2017-11-10 14:35:00,19400.0,19400.0,19400.0,19400.0,0.0,0.0,494.0
2017-11-10 14:40:00,19400.0,19400.0,19400.0,19400.0,0.0,0.0,494.0
2017-11-10 14:45:00,19400.0,19400.0,19400.0,19400.0,0.0,0.0,494.0
2017-11-10 14:50:00,19400.0,19400.0,19400.0,19400.0,2.0,194000.0,494.0
2017-11-10 14:55:00,19400.0,19400.0,19400.0,19400.0,0.0,0.0,494.0
2017-11-10 21:00:00,19235.0,19235.0,19235.0,19235.0,0.0,0.0,494.0
2017-11-10 21:05:00,19235.0,19235.0,19235.0,19235.0,0.0,0.0,494.0
2017-11-10 21:10:00,19235.0,19235.0,19235.0,19235.0,0.0,0.0,494.0
2017-11-10 21:15:00,19235.0,19235.0,19235.0,19235.0,0.0,0.0,494.0
2017-11-10 21:20:00,19415.0,19415.0,19415.0,19415.0,2.0,194150.0,494.0
2017-11-10 21:25:00,19415.0,19415.0,19415.0,19415.0,0.0,0.0,494.0
2017-11-10 21:30:00,19415.0,19415.0,19415.0,19415.0,0.0,0.0,494.0
2017-11-10 21:35:00,19415.0,19415.0,19415.0,19415.0,0.0,0.0,494.0
2017-11-10 21:40:00,19415.0,19415.0,19415.0,19415.0,0.0,0.0,494.0
2017-11-10 21:45:00,19415.0,19415.0,19415.0,19415.0,0.0,0.0,494.0
2017-11-10 21:50:00,19415.0,19415.0,19400.0,19400.0,2.0,194000.0,494.0
2017-11-10 21:55:00,19400.0,19400.0,19400.0,19400.0,0.0,0.0,494.0
2017-11-10 22:00:00,19400.0,19400.0,19400.0,19400.0,0.0,0.0,494.0
2017-11-10 22:05:00,19400.0,19400.0,19400.0,19400.0,0.0,0.0,494.0
2017-11-10 22:10:00,19400.0,19400.0,19400.0,19400.0,0.0,0.0,494.0
2017-11-10 22:15:00,19400.0,19400.0,19400.0,19400.0,0.0,0.0,494.0
2017-11-10 22:20:00,19400.0,19400.0,19400.0,19400.0,0.0,0.0,494.0
2017-11-10 22:25:00,19400.0,19400.0,19400.0,19400.0,0.0,0.0,494.0
2017-11-10 22:30:00,19400.0,19425.0,19400.0,19425.0,4.0,388500.0,490.0
2017-11-10 22:35:00,19425.0,19425.0,19425.0,19425.0,0.0,0.0,490.0
2017-11-10 22:40:00,19425.0,19425.0,19425.0,19425.0,0.0,0.0,490.0
2017-11-10 22:45:00,19425.0,19425.0,19425.0,19425.0,0.0,0.0,490.0
2017-11-10 22:50:00,19425.0,19440.0,19425.0,19440.0,4.0,388800.0,486.0
2017-11-10 22:55:00,19440.0,19440.0,19440.0,19440.0,0.0,0.0,486.0
2017-11-10 23:00:00,19440.0,19440.0,19440.0,19440.0,0.0,0.0,486.0
2017-11-10 23:05:00,19365.0,19365.0,19365.0,19365.0,2.0,193650.0,488.0
2017-11-10 23:10:00,19365.0,19365.0,19365.0,19365.0,0.0,0.0,488.0
2017-11-10 23:15:00,19365.0,19365.0,19365.0,19365.0,0.0,0.0,488.0
2017-11-10 23:20:00,19365.0,19365.0,19365.0,19365.0,0.0,0.0,488.0
2017-11-10 23:25:00,19365.0,19365.0,19365.0,19365.0,0.0,0.0,488.0
2017-11-10 23:30:00,19365.0,19365.0,19365.0,19365.0,0.0,0.0,488.0
2017-11-10 23:35:00,19365.0,19365.0,19365.0,19365.0,0.0,0.0,488.0
2017-11-10 23:40:00,19365.0,19365.0,19365.0,19365.0,0.0,0.0,488.0
2017-11-10 23:45:00,19365.0,19365.0,19365.0,19365.0,0.0,0.0,488.0
2017-11-10 23:50:00,19365.0,19365.0,19365.0,19365.0,0.0,0.0,488.0
2017-11-10 23:55:00,19365.0,19365.0,19365.0,19365.0,0.0,0.0,488.0
2017-11-11 00:00:00,19365.0,19365.0,19365.0,19365.0,0.0,0.0,488.0
2017-11-11 00:05:00,19365.0,19365.0,19365.0,19365.0,0.0,0.0,488.0
2017-11-11 00:10:00,19365.0,19365.0,19365.0,19365.0,0.0,0.0,488.0
2017-11-11 00:15:00,19365.0,19365.0,19365.0,19365.0,0.0,0.0,488.0
2017-11-11 00:20:00,19365.0,19365.0,19365.0,19365.0,0.0,0.0,488.0
2017-11-11 00:25:00,19365.0,19365.0,19365.0,19365.0,0.0,0.0,488.0
2017-11-11 00:30:00,19365.0,19365.0,19365.0,19365.0,0.0,0.0,488.0
2017-11-11 00:35:00,19365.0,19365.0,19365.0,19365.0,0.0,0.0,488.0
2017-11-11 00:40:00,19365.0,19365.0,19365.0,19365.0,0.0,0.0,488.0
2017-11-11 00:45:00,19365.0,19365.0,19365.0,19365.0,0.0,0.0,488.0
2017-11-11 00:50:00,19365.0,19365.0,19365.0,19365.0,0.0,0.0,488.0
2017-11-11 00:55:00,19365.0,19365.0,19365.0,19365.0,0.0,0.0,488.0
2017-11-13 09:00:00,19345.0,19345.0,19295.0,19300.0,10.0,966150.0,486.0
2017-11-13 09:05:00,19300.0,19300.0,19300.0,19300.0,0.0,0.0,486.0
2017-11-13 09:10:00,19300.0,19300.0,19300.0,19300.0,0.0,0.0,486.0
2017-11-13 09:15:00,19300.0,19300.0,19300.0,19300.0,0.0,0.0,486.0
2017-11-13 09:20:00,19300.0,19400.0,19300.0,19400.0,20.0,1940000.0,486.0
2017-11-13 09:25:00,19400.0,19400.0,19345.0,19345.0,2.0,193450.0,486.0
2017-11-13 09:30:00,19345.0,19345.0,19345.0,19345.0,0.0,0.0,486.0
2017-11-13 09:35:00,19345.0,19345.0,19345.0,19345.0,0.0,0.0,486.0
2017-11-13 09:40:00,19345.0,19345.0,19345.0,19345.0,0.0,0.0,486.0
2017-11-13 09:45:00,19345.0,19345.0,19345.0,19345.0,0.0,0.0,486.0
2017-11-13 09:50:00,19345.0,19365.0,19345.0,19365.0,2.0,193650.0,484.0
2017-11-13 09:55:00,19365.0,19365.0,19365.0,19365.0,0.0,0.0,484.0
2017-11-13 10:00:00,19365.0,19365.0,19365.0,19365.0,0.0,0.0,484.0
2017-11-13 10:05:00,19365.0,19365.0,19365.0,19365.0,0.0,0.0,484.0
2017-11-13 10:10:00,19365.0,19365.0,19365.0,19365.0,0.0,0.0,484.0
2017-11-13 10:30:00,19365.0,19365.0,19365.0,19365.0,0.0,0.0,484.0
2017-11-13 10:35:00,19365.0,19365.0,19365.0,19365.0,0.0,0.0,484.0
2017-11-13 10:40:00,19365.0,19365.0,19365.0,19365.0,0.0,0.0,484.0
2017-11-13 10:45:00,19365.0,19365.0,19365.0,19365.0,0.0,0.0,484.0
2017-11-13 10:50:00,19365.0,19365.0,19365.0,19365.0,0.0,0.0,484.0
2017-11-13 10:55:00,19365.0,19365.0,19365.0,19365.0,0.0,0.0,484.0
2017-11-13 11:00:00,19365.0,19365.0,19365.0,19365.0,0.0,0.0,484.0
2017-11-13 11:05:00,19365.0,19365.0,19365.0,19365.0,0.0,0.0,484.0
2017-11-13 11:10:00,19365.0,19365.0,19365.0,19365.0,0.0,0.0,484.0
2017-11-13 11:15:00,19365.0,19365.0,19365.0,19365.0,0.0,0.0,484.0
2017-11-13 11:20:00,19365.0,19365.0,19365.0,19365.0,0.0,0.0,484.0
2017-11-13 11:25:00,19365.0,19365.0,19365.0,19365.0,2.0,193650.0,484.0
2017-11-13 13:30:00,19365.0,19365.0,19365.0,19365.0,8.0,774600.0,492.0
2017-11-13 13:35:00,19365.0,19365.0,19365.0,19365.0,0.0,0.0,492.0
2017-11-13 13:40:00,19365.0,19365.0,19365.0,19365.0,0.0,0.0,492.0
2017-11-13 13:45:00,19365.0,19390.0,19365.0,19390.0,8.0,775600.0,490.0
2017-11-13 13:50:00,19390.0,19390.0,19390.0,19390.0,0.0,0.0,490.0
2017-11-13 13:55:00,19390.0,19390.0,19390.0,19390.0,0.0,0.0,490.0
2017-11-13 14:00:00,19390.0,19390.0,19365.0,19365.0,4.0,387300.0,490.0
2017-11-13 14:05:00,19365.0,19365.0,19365.0,19365.0,0.0,0.0,490.0
2017-11-13 14:10:00,19350.0,19350.0,19350.0,19350.0,6.0,580500.0,496.0
2017-11-13 14:15:00,19350.0,19350.0,19350.0,19350.0,0.0,0.0,496.0
2017-11-13 14:20:00,19350.0,19350.0,19350.0,19350.0,0.0,0.0,496.0
2017-11-13 14:25:00,19350.0,19350.0,19350.0,19350.0,0.0,0.0,496.0
2017-11-13 14:30:00,19350.0,19350.0,19350.0,19350.0,0.0,0.0,496.0
2017-11-13 14:35:00,19350.0,19350.0,19350.0,19350.0,0.0,0.0,496.0
2017-11-13 14:40:00,19350.0,19350.0,19275.0,19350.0,4.0,386250.0,496.0
2017-11-13 14:45:00,19350.0,19350.0,19350.0,19350.0,0.0,0.0,496.0
2017-11-13 14:50:00,19350.0,19350.0,19350.0,19350.0,0.0,0.0,496.0
2017-11-13 14:55:00,19350.0,19350.0,19350.0,19350.0,2.0,193500.0,498.0
2017-11-13 21:00:00,19160.0,19220.0,19160.0,19220.0,4.0,383800.0,496.0
2017-11-13 21:05:00,19220.0,19220.0,19220.0,19220.0,0.0,0.0,496.0
2017-11-13 21:10:00,19220.0,19220.0,19160.0,19160.0,2.0,191600.0,496.0
2017-11-13 21:15:00,19160.0,19160.0,19160.0,19160.0,0.0,0.0,496.0
2017-11-13 21:20:00,19160.0,19160.0,19160.0,19160.0,0.0,0.0,496.0
2017-11-13 21:25:00,19160.0,19160.0,19160.0,19160.0,0.0,0.0,496.0
2017-11-13 21:30:00,19160.0,19160.0,19160.0,19160.0,0.0,0.0,496.0
2017-11-13 21:35:00,19160.0,19160.0,19160.0,19160.0,0.0,0.0,496.0
2017-11-13 21:40:00,19160.0,19160.0,19160.0,19160.0,0.0,0.0,496.0
2017-11-13 21:45:00,19160.0,19215.0,19160.0,19215.0,2.0,192150.0,496.0
2017-11-13 21:50:00,19215.0,19215.0,19215.0,19215.0,10.0,960750.0,486.0
2017-11-13 21:55:00,19215.0,19235.0,19215.0,19235.0,6.0,577050.0,486.0
2017-11-13 22:00:00,19250.0,19275.0,19250.0,19275.0,8.0,770500.0,486.0
2017-11-13 22:05:00,19275.0,19275.0,19275.0,19275.0,0.0,0.0,486.0
2017-11-13 22:10:00,19275.0,19280.0,19275.0,19280.0,2.0,192800.0,486.0
2017-11-13 22:15:00,19280.0,19280.0,19280.0,19280.0,0.0,0.0,486.0
2017-11-13 22:20:00,19280.0,19280.0,19280.0,19280.0,0.0,0.0,486.0
2017-11-13 22:25:00,19280.0,19280.0,19280.0,19280.0,0.0,0.0,486.0
2017-11-13 22:30:00,19280.0,19280.0,19280.0,19280.0,0.0,0.0,486.0
2017-11-13 22:35:00,19280.0,19280.0,19280.0,19280.0,0.0,0.0,486.0
2017-11-13 22:40:00,19280.0,19280.0,19280.0,19280.0,0.0,0.0,486.0
2017-11-13 22:45:00,19280.0,19280.0,19280.0,19280.0,0.0,0.0,486.0
2017-11-13 22:50:00,19280.0,19280.0,19280.0,19280.0,0.0,0.0,486.0
2017-11-13 22:55:00,19280.0,19280.0,19280.0,19280.0,0.0,0.0,486.0
2017-11-13 23:00:00,19280.0,19280.0,19280.0,19280.0,0.0,0.0,486.0
2017-11-13 23:05:00,19280.0,19345.0,19275.0,19275.0,12.0,1158600.0,486.0
2017-11-13 23:10:00,19275.0,19275.0,19275.0,19275.0,0.0,0.0,486.0
2017-11-13 23:15:00,19275.0,19275.0,19275.0,19275.0,0.0,0.0,486.0
2017-11-13 23:20:00,19275.0,19315.0,19275.0,19315.0,2.0,193150.0,484.0
2017-11-13 23:25:00,19315.0,19315.0,19290.0,19290.0,2.0,192900.0,484.0
2017-11-13 23:30:00,19290.0,19335.0,19280.0,19280.0,4.0,386150.0,482.0
2017-11-13 23:35:00,19280.0,19280.0,19280.0,19280.0,0.0,0.0,482.0
2017-11-13 23:40:00,19280.0,19280.0,19280.0,19280.0,0.0,0.0,482.0
2017-11-13 23:45:00,19280.0,19280.0,19280.0,19280.0,0.0,0.0,482.0
2017-11-13 23:50:00,19280.0,19380.0,19280.0,19380.0,2.0,193800.0,482.0
2017-11-13 23:55:00,19380.0,19380.0,19380.0,19380.0,0.0,0.0,482.0
2017-11-14 00:00:00,19380.0,19380.0,19380.0,19380.0,0.0,0.0,482.0
2017-11-14 00:05:00,19380.0,19380.0,19380.0,19380.0,0.0,0.0,482.0
2017-11-14 00:10:00,19380.0,19380.0,19380.0,19380.0,0.0,0.0,482.0
2017-11-14 00:15:00,19380.0,19380.0,19380.0,19380.0,0.0,0.0,482.0
2017-11-14 00:20:00,19380.0,19380.0,19380.0,19380.0,0.0,0.0,482.0
2017-11-14 00:25:00,19380.0,19380.0,19380.0,19380.0,0.0,0.0,482.0
2017-11-14 00:30:00,19380.0,19380.0,19380.0,19380.0,0.0,0.0,482.0
2017-11-14 00:35:00,19380.0,19380.0,19380.0,19380.0,0.0,0.0,482.0
2017-11-14 00:40:00,19380.0,19380.0,19380.0,19380.0,0.0,0.0,482.0
2017-11-14 00:45:00,19380.0,19380.0,19380.0,19380.0,0.0,0.0,482.0
2017-11-14 00:50:00,19380.0,19380.0,19380.0,19380.0,0.0,0.0,482.0
2017-11-14 00:55:00,19380.0,19380.0,19380.0,19380.0,0.0,0.0,482.0
2017-11-14 09:00:00,19380.0,19380.0,19380.0,19380.0,0.0,0.0,482.0
2017-11-14 09:05:00,19380.0,19380.0,19380.0,19380.0,0.0,0.0,482.0
2017-11-14 09:10:00,19380.0,19380.0,19380.0,19380.0,0.0,0.0,482.0
2017-11-14 09:15:00,19380.0,19380.0,19380.0,19380.0,0.0,0.0,482.0
2017-11-14 09:20:00,19380.0,19380.0,19380.0,19380.0,0.0,0.0,482.0
2017-11-14 09:25:00,19380.0,19380.0,19380.0,19380.0,0.0,0.0,482.0
2017-11-14 09:30:00,19380.0,19380.0,19315.0,19335.0,10.0,966550.0,480.0
2017-11-14 09:35:00,19335.0,19335.0,19335.0,19335.0,0.0,0.0,480.0
2017-11-14 09:40:00,19335.0,19335.0,19335.0,19335.0,0.0,0.0,480.0
2017-11-14 09:45:00,19350.0,19350.0,19350.0,19350.0,2.0,193500.0,480.0
2017-11-14 09:50:00,19350.0,19360.0,19350.0,19360.0,4.0,387100.0,480.0
2017-11-14 09:55:00,19360.0,19360.0,19360.0,19360.0,0.0,0.0,480.0
2017-11-14 10:00:00,19345.0,19345.0,19345.0,19345.0,2.0,193450.0,480.0
2017-11-14 10:05:00,19345.0,19345.0,19345.0,19345.0,0.0,0.0,480.0
2017-11-14 10:10:00,19345.0,19345.0,19345.0,19345.0,0.0,0.0,480.0
2017-11-14 10:30:00,19345.0,19345.0,19345.0,19345.0,0.0,0.0,480.0
2017-11-14 10:35:00,19345.0,19345.0,19275.0,19275.0,8.0,771250.0,480.0
2017-11-14 10:40:00,19275.0,19275.0,19270.0,19270.0,2.0,192700.0,478.0
2017-11-14 10:45:00,19270.0,19270.0,19270.0,19270.0,0.0,0.0,478.0
2017-11-14 10:50:00,19270.0,19270.0,19270.0,19270.0,0.0,0.0,478.0
2017-11-14 10:55:00,19270.0,19270.0,19270.0,19270.0,0.0,0.0,478.0
2017-11-14 11:00:00,19270.0,19270.0,19270.0,19270.0,0.0,0.0,478.0
2017-11-14 11:05:00,19270.0,19270.0,19270.0,19270.0,0.0,0.0,478.0
2017-11-14 11:10:00,19270.0,19270.0,19270.0,19270.0,0.0,0.0,478.0
2017-11-14 11:15:00,19270.0,19270.0,19270.0,19270.0,0.0,0.0,478.0
2017-11-14 11:20:00,19280.0,19280.0,19280.0,19280.0,4.0,385600.0,482.0
2017-11-14 11:25:00,19280.0,19280.0,19280.0,19280.0,0.0,0.0,482.0
2017-11-14 13:30:00,19280.0,19280.0,19280.0,19280.0,0.0,0.0,482.0
2017-11-14 13:35:00,19280.0,19280.0,19280.0,19280.0,0.0,0.0,482.0
2017-11-14 13:40:00,19280.0,19280.0,19280.0,19280.0,0.0,0.0,482.0
2017-11-14 13:45:00,19280.0,19280.0,19250.0,19250.0,2.0,192500.0,480.0
2017-11-14 13:50:00,19250.0,19250.0,19195.0,19195.0,2.0,191950.0,482.0
2017-11-14 13:55:00,19155.0,19180.0,19155.0,19180.0,4.0,383350.0,480.0
2017-11-14 14:00:00,19165.0,19165.0,19165.0,19165.0,8.0,766600.0,488.0
2017-11-14 14:05:00,19165.0,19165.0,19165.0,19165.0,0.0,0.0,488.0
2017-11-14 14:10:00,19165.0,19165.0,19165.0,19165.0,0.0,0.0,488.0
2017-11-14 14:15:00,19165.0,19165.0,19165.0,19165.0,0.0,0.0,488.0
2017-11-14 14:20:00,19165.0,19165.0,19165.0,19165.0,0.0,0.0,488.0
2017-11-14 14:25:00,19165.0,19165.0,19165.0,19165.0,0.0,0.0,488.0
2017-11-14 14:30:00,19165.0,19165.0,19165.0,19165.0,0.0,0.0,488.0
2017-11-14 14:35:00,19165.0,19165.0,19165.0,19165.0,0.0,0.0,488.0
2017-11-14 14:40:00,19165.0,19165.0,19165.0,19165.0,0.0,0.0,488.0
2017-11-14 14:45:00,19165.0,19165.0,19165.0,19165.0,0.0,0.0,488.0
2017-11-14 14:50:00,19165.0,19165.0,19165.0,19165.0,0.0,0.0,488.0
2017-11-14 14:55:00,19165.0,19165.0,19165.0,19165.0,0.0,0.0,488.0
2017-11-14 21:00:00,19265.0,19265.0,19265.0,19265.0,0.0,0.0,488.0
2017-11-14 21:05:00,19265.0,19265.0,19185.0,19185.0,2.0,191850.0,488.0
2017-11-14 21:10:00,19185.0,19185.0,19185.0,19185.0,0.0,0.0,488.0
2017-11-14 21:15:00,19185.0,19185.0,19185.0,19185.0,0.0,0.0,488.0
2017-11-14 21:20:00,19185.0,19185.0,19185.0,19185.0,0.0,0.0,488.0
2017-11-14 21:25:00,19185.0,19185.0,19185.0,19185.0,0.0,0.0,488.0
2017-11-14 21:30:00,19185.0,19185.0,19185.0,19185.0,0.0,0.0,488.0
2017-11-14 21:35:00,19185.0,19185.0,19185.0,19185.0,0.0,0.0,488.0
2017-11-14 21:40:00,19185.0,19185.0,19185.0,19185.0,0.0,0.0,488.0
2017-11-14 21:45:00,19185.0,19185.0,19185.0,19185.0,0.0,0.0,488.0
2017-11-14 21:50:00,19185.0,19185.0,19185.0,19185.0,0.0,0.0,488.0
2017-11-14 21:55:00,19185.0,19185.0,19185.0,19185.0,0.0,0.0,488.0
2017-11-14 22:00:00,19185.0,19185.0,19185.0,19185.0,0.0,0.0,488.0
2017-11-14 22:05:00,19185.0,19185.0,19185.0,19185.0,0.0,0.0,488.0
2017-11-14 22:10:00,19185.0,19185.0,19185.0,19185.0,0.0,0.0,488.0
2017-11-14 22:15:00,19185.0,19185.0,19185.0,19185.0,0.0,0.0,488.0
2017-11-14 22:20:00,19185.0,19185.0,19185.0,19185.0,0.0,0.0,488.0
2017-11-14 22:25:00,19185.0,19185.0,19185.0,19185.0,0.0,0.0,488.0
2017-11-14 22:30:00,19185.0,19185.0,19185.0,19185.0,0.0,0.0,488.0
2017-11-14 22:35:00,19185.0,19185.0,19185.0,19185.0,0.0,0.0,488.0
2017-11-14 22:40:00,19185.0,19185.0,19120.0,19120.0,2.0,191200.0,490.0
2017-11-14 22:45:00,19050.0,19050.0,19050.0,19050.0,4.0,381000.0,492.0
2017-11-14 22:50:00,19050.0,19050.0,18965.0,18965.0,6.0,569500.0,492.0
2017-11-14 22:55:00,18965.0,18965.0,18965.0,18965.0,0.0,0.0,492.0
2017-11-14 23:00:00,18965.0,18965.0,18800.0,18800.0,4.0,376500.0,490.0
2017-11-14 23:05:00,18800.0,18800.0,18800.0,18800.0,0.0,0.0,490.0
2017-11-14 23:10:00,18800.0,18800.0,18770.0,18770.0,2.0,187700.0,490.0
2017-11-14 23:15:00,18770.0,18805.0,18770.0,18805.0,2.0,188050.0,490.0
2017-11-14 23:20:00,18805.0,18815.0,18805.0,18815.0,2.0,188150.0,488.0
2017-11-14 23:25:00,18815.0,18870.0,18815.0,18870.0,4.0,377300.0,488.0
2017-11-14 23:30:00,18870.0,18870.0,18870.0,18870.0,0.0,0.0,488.0
2017-11-14 23:35:00,18870.0,18870.0,18870.0,18870.0,0.0,0.0,488.0
2017-11-14 23:40:00,18870.0,18870.0,18870.0,18870.0,0.0,0.0,488.0
2017-11-14 23:45:00,18870.0,18870.0,18870.0,18870.0,0.0,0.0,488.0
2017-11-14 23:50:00,18870.0,18870.0,18870.0,18870.0,0.0,0.0,488.0
2017-11-14 23:55:00,18870.0,18870.0,18870.0,18870.0,0.0,0.0,488.0
2017-11-15 00:00:00,18870.0,18870.0,18870.0,18870.0,0.0,0.0,488.0
2017-11-15 00:05:00,18870.0,18870.0,18870.0,18870.0,0.0,0.0,488.0
2017-11-15 00:10:00,18870.0,18870.0,18870.0,18870.0,0.0,0.0,488.0
2017-11-15 00:15:00,18870.0,18870.0,18870.0,18870.0,0.0,0.0,488.0
2017-11-15 00:20:00,18870.0,18870.0,18870.0,18870.0,0.0,0.0,488.0
2017-11-15 00:25:00,18870.0,18870.0,18870.0,18870.0,0.0,0.0,488.0
2017-11-15 00:30:00,18870.0,18870.0,18870.0,18870.0,0.0,0.0,488.0
2017-11-15 00:35:00,18870.0,18870.0,18870.0,18870.0,0.0,0.0,488.0
2017-11-15 00:40:00,18870.0,18870.0,18870.0,18870.0,0.0,0.0,488.0
2017-11-15 00:45:00,18870.0,18870.0,18870.0,18870.0,0.0,0.0,488.0
2017-11-15 00:50:00,18870.0,18870.0,18870.0,18870.0,0.0,0.0,488.0
2017-11-15 00:55:00,18870.0,18870.0,18850.0,18850.0,2.0,188500.0,490.0
2017-11-15 09:00:00,18850.0,18850.0,18850.0,18850.0,0.0,0.0,490.0
2017-11-15 09:05:00,18850.0,18850.0,18710.0,18710.0,6.0,562200.0,494.0
2017-11-15 09:10:00,18710.0,18745.0,18710.0,18745.0,6.0,562000.0,490.0
2017-11-15 09:15:00,18740.0,18740.0,18740.0,18740.0,18.0,1686600.0,488.0
2017-11-15 09:20:00,18740.0,18740.0,18740.0,18740.0,0.0,0.0,488.0
2017-11-15 09:25:00,18770.0,18770.0,18660.0,18660.0,6.0,560950.0,494.0
2017-11-15 09:30:00,18660.0,18745.0,18660.0,18745.0,2.0,187450.0,492.0
2017-11-15 09:35:00,18725.0,18725.0,18725.0,18725.0,2.0,187250.0,492.0
2017-11-15 09:40:00,18725.0,18725.0,18725.0,18725.0,0.0,0.0,492.0
2017-11-15 09:45:00,18725.0,18735.0,18725.0,18735.0,2.0,187350.0,492.0
2017-11-15 09:50:00,18735.0,18735.0,18735.0,18735.0,0.0,0.0,492.0
2017-11-15 09:55:00,18735.0,18850.0,18735.0,18850.0,2.0,188500.0,490.0
2017-11-15 10:00:00,18850.0,18850.0,18850.0,18850.0,0.0,0.0,490.0
2017-11-15 10:05:00,18850.0,18850.0,18850.0,18850.0,0.0,0.0,490.0
2017-11-15 10:10:00,18850.0,18850.0,18850.0,18850.0,0.0,0.0,490.0
2017-11-15 10:30:00,18850.0,18850.0,18735.0,18735.0,4.0,374700.0,486.0
2017-11-15 10:35:00,18735.0,18735.0,18735.0,18735.0,0.0,0.0,486.0
2017-11-15 10:40:00,18735.0,18735.0,18735.0,18735.0,0.0,0.0,486.0
2017-11-15 10:45:00,18735.0,18735.0,18735.0,18735.0,0.0,0.0,486.0
2017-11-15 10:50:00,18735.0,18735.0,18735.0,18735.0,0.0,0.0,486.0
2017-11-15 10:55:00,18735.0,18735.0,18735.0,18735.0,0.0,0.0,486.0
2017-11-15 11:00:00,18735.0,18735.0,18735.0,18735.0,0.0,0.0,486.0
2017-11-15 11:05:00,18735.0,18735.0,18735.0,18735.0,0.0,0.0,486.0
2017-11-15 11:10:00,18745.0,18745.0,18745.0,18745.0,4.0,374900.0,488.0
2017-11-15 11:15:00,18745.0,18745.0,18745.0,18745.0,0.0,0.0,488.0
2017-11-15 11:20:00,18745.0,18745.0,18745.0,18745.0,0.0,0.0,488.0
2017-11-15 11:25:00,18745.0,18745.0,18745.0,18745.0,0.0,0.0,488.0
2017-11-15 13:30:00,18745.0,18745.0,18745.0,18745.0,0.0,0.0,488.0
2017-11-15 13:35:00,18745.0,18790.0,18745.0,18790.0,4.0,375800.0,492.0
2017-11-15 13:40:00,18790.0,18790.0,18790.0,18790.0,0.0,0.0,492.0
2017-11-15 13:45:00,18790.0,18790.0,18790.0,18790.0,0.0,0.0,492.0
2017-11-15 13:50:00,18790.0,18790.0,18790.0,18790.0,0.0,0.0,492.0
2017-11-15 13:55:00,18790.0,18790.0,18790.0,18790.0,0.0,0.0,492.0
2017-11-15 14:00:00,18790.0,18790.0,18790.0,18790.0,0.0,0.0,492.0
2017-11-15 14:05:00,18790.0,18790.0,18790.0,18790.0,0.0,0.0,492.0
2017-11-15 14:10:00,18790.0,18790.0,18790.0,18790.0,0.0,0.0,492.0
2017-11-15 14:15:00,18790.0,18790.0,18790.0,18790.0,0.0,0.0,492.0
2017-11-15 14:20:00,18805.0,18805.0,18805.0,18805.0,4.0,376100.0,496.0
2017-11-15 14:25:00,18805.0,18885.0,18805.0,18885.0,4.0,377200.0,494.0
2017-11-15 14:30:00,18885.0,18885.0,18885.0,18885.0,0.0,0.0,494.0
2017-11-15 14:35:00,18885.0,18885.0,18885.0,18885.0,0.0,0.0,494.0
2017-11-15 14:40:00,18885.0,18885.0,18885.0,18885.0,0.0,0.0,494.0
2017-11-15 14:45:00,18885.0,18885.0,18885.0,18885.0,0.0,0.0,494.0
2017-11-15 14:50:00,18745.0,18745.0,18745.0,18745.0,4.0,374900.0,496.0
2017-11-15 14:55:00,18745.0,18745.0,18745.0,18745.0,0.0,0.0,496.0
2017-11-15 21:00:00,18805.0,18805.0,18805.0,18805.0,0.0,0.0,496.0
2017-11-15 21:05:00,18805.0,18805.0,18805.0,18805.0,0.0,0.0,496.0
2017-11-15 21:10:00,18805.0,18805.0,18805.0,18805.0,0.0,0.0,496.0
2017-11-15 21:15:00,18805.0,18805.0,18650.0,18650.0,2.0,186500.0,498.0
2017-11-15 21:20:00,18650.0,18650.0,18640.0,18640.0,6.0,559300.0,498.0
2017-11-15 21:25:00,18640.0,18640.0,18530.0,18530.0,4.0,371100.0,500.0
2017-11-15 21:30:00,18530.0,18530.0,18530.0,18530.0,0.0,0.0,500.0
2017-11-15 21:35:00,18530.0,18530.0,18530.0,18530.0,0.0,0.0,500.0
2017-11-15 21:40:00,18530.0,18530.0,18530.0,18530.0,0.0,0.0,500.0
2017-11-15 21:45:00,18530.0,18530.0,18530.0,18530.0,0.0,0.0,500.0
2017-11-15 21:50:00,18530.0,18585.0,18530.0,18585.0,2.0,185850.0,502.0
2017-11-15 21:55:00,18585.0,18585.0,18585.0,18585.0,0.0,0.0,502.0
2017-11-15 22:00:00,18585.0,18585.0,18585.0,18585.0,0.0,0.0,502.0
2017-11-15 22:05:00,18540.0,18550.0,18540.0,18550.0,10.0,927100.0,508.0
2017-11-15 22:10:00,18550.0,18550.0,18550.0,18550.0,0.0,0.0,508.0
2017-11-15 22:15:00,18550.0,18550.0,18550.0,18550.0,0.0,0.0,508.0
2017-11-15 22:20:00,18550.0,18555.0,18550.0,18555.0,4.0,371100.0,508.0
2017-11-15 22:25:00,18555.0,18570.0,18555.0,18570.0,2.0,185700.0,508.0
2017-11-15 22:30:00,18570.0,18575.0,18570.0,18575.0,4.0,371500.0,506.0
2017-11-15 22:35:00,18575.0,18575.0,18575.0,18575.0,0.0,0.0,506.0
2017-11-15 22:40:00,18575.0,18575.0,18575.0,18575.0,0.0,0.0,506.0
2017-11-15 22:45:00,18575.0,18575.0,18540.0,18540.0,2.0,185400.0,508.0
2017-11-15 22:50:00,18540.0,18575.0,18540.0,18575.0,4.0,371450.0,510.0
2017-11-15 22:55:00,18575.0,18575.0,18575.0,18575.0,0.0,0.0,510.0
2017-11-15 23:00:00,18575.0,18575.0,18575.0,18575.0,0.0,0.0,510.0
2017-11-15 23:05:00,18575.0,18575.0,18575.0,18575.0,0.0,0.0,510.0
2017-11-15 23:10:00,18565.0,18565.0,18565.0,18565.0,2.0,185650.0,508.0
2017-11-15 23:15:00,18565.0,18565.0,18560.0,18560.0,2.0,185600.0,506.0
2017-11-15 23:20:00,18560.0,18560.0,18560.0,18560.0,2.0,185600.0,506.0
2017-11-15 23:25:00,18560.0,18560.0,18560.0,18560.0,0.0,0.0,506.0
2017-11-15 23:30:00,18560.0,18575.0,18560.0,18575.0,10.0,928750.0,506.0
2017-11-15 23:35:00,18575.0,18575.0,18575.0,18575.0,0.0,0.0,506.0
2017-11-15 23:40:00,18575.0,18575.0,18575.0,18575.0,0.0,0.0,506.0
2017-11-15 23:45:00,18575.0,18575.0,18575.0,18575.0,0.0,0.0,506.0
2017-11-15 23:50:00,18575.0,18575.0,18575.0,18575.0,0.0,0.0,506.0
2017-11-15 23:55:00,18575.0,18575.0,18575.0,18575.0,0.0,0.0,506.0
2017-11-16 00:00:00,18630.0,18630.0,18630.0,18630.0,2.0,186300.0,504.0
2017-11-16 00:05:00,18630.0,18630.0,18630.0,18630.0,0.0,0.0,504.0
2017-11-16 00:10:00,18630.0,18630.0,18630.0,18630.0,0.0,0.0,504.0
2017-11-16 00:15:00,18630.0,18630.0,18630.0,18630.0,0.0,0.0,504.0
2017-11-16 00:20:00,18630.0,18630.0,18630.0,18630.0,0.0,0.0,504.0
2017-11-16 00:25:00,18630.0,18630.0,18605.0,18605.0,2.0,186050.0,504.0
2017-11-16 00:30:00,18605.0,18605.0,18605.0,18605.0,0.0,0.0,504.0
2017-11-16 00:35:00,18605.0,18605.0,18605.0,18605.0,0.0,0.0,504.0
2017-11-16 00:40:00,18605.0,18605.0,18605.0,18605.0,0.0,0.0,504.0
2017-11-16 00:45:00,18605.0,18605.0,18605.0,18605.0,0.0,0.0,504.0
2017-11-16 00:50:00,18605.0,18605.0,18605.0,18605.0,0.0,0.0,504.0
2017-11-16 00:55:00,18605.0,18605.0,18605.0,18605.0,0.0,0.0,504.0
2017-11-16 09:00:00,18605.0,18625.0,18605.0,18625.0,2.0,186250.0,504.0
2017-11-16 09:05:00,18625.0,18625.0,18625.0,18625.0,0.0,0.0,504.0
2017-11-16 09:10:00,18625.0,18625.0,18625.0,18625.0,0.0,0.0,504.0
2017-11-16 09:15:00,18625.0,18625.0,18625.0,18625.0,0.0,0.0,504.0
2017-11-16 09:20:00,18625.0,18625.0,18530.0,18530.0,4.0,370800.0,506.0
2017-11-16 09:25:00,18530.0,18530.0,18515.0,18515.0,2.0,185150.0,508.0
2017-11-16 09:30:00,18515.0,18515.0,18515.0,18515.0,0.0,0.0,508.0
2017-11-16 09:35:00,18515.0,18515.0,18515.0,18515.0,0.0,0.0,508.0
2017-11-16 09:40:00,18515.0,18515.0,18515.0,18515.0,0.0,0.0,508.0
2017-11-16 09:45:00,18515.0,18515.0,18515.0,18515.0,0.0,0.0,508.0
2017-11-16 09:50:00,18515.0,18515.0,18515.0,18515.0,0.0,0.0,508.0
2017-11-16 09:55:00,18515.0,18515.0,18515.0,18515.0,0.0,0.0,508.0
2017-11-16 10:00:00,18515.0,18515.0,18515.0,18515.0,0.0,0.0,508.0
2017-11-16 10:05:00,18515.0,18515.0,18515.0,18515.0,0.0,0.0,508.0
2017-11-16 10:10:00,18515.0,18515.0,18495.0,18495.0,6.0,554850.0,506.0
2017-11-16 10:30:00,18490.0,18490.0,18490.0,18490.0,2.0,184900.0,508.0
2017-11-16 10:35:00,18490.0,18490.0,18490.0,18490.0,0.0,0.0,508.0
2017-11-16 10:40:00,18490.0,18495.0,18490.0,18495.0,2.0,184950.0,508.0
2017-11-16 10:45:00,18495.0,18495.0,18495.0,18495.0,0.0,0.0,508.0
2017-11-16 10:50:00,18495.0,18495.0,18495.0,18495.0,0.0,0.0,508.0
2017-11-16 10:55:00,18495.0,18515.0,18495.0,18515.0,2.0,185150.0,506.0
2017-11-16 11:00:00,18500.0,18500.0,18450.0,18450.0,16.0,1478400.0,502.0
2017-11-16 11:05:00,18450.0,18450.0,18450.0,18450.0,0.0,0.0,502.0
2017-11-16 11:10:00,18450.0,18450.0,18450.0,18450.0,0.0,0.0,502.0
2017-11-16 11:15:00,18450.0,18450.0,18450.0,18450.0,0.0,0.0,502.0
2017-11-16 11:20:00,18450.0,18450.0,18450.0,18450.0,0.0,0.0,502.0
2017-11-16 11:25:00,18450.0,18450.0,18450.0,18450.0,0.0,0.0,502.0
2017-11-16 13:30:00,18545.0,18600.0,18545.0,18600.0,4.0,371450.0,502.0
2017-11-16 13:35:00,18600.0,18600.0,18600.0,18600.0,0.0,0.0,502.0
2017-11-16 13:40:00,18600.0,18600.0,18600.0,18600.0,0.0,0.0,502.0
2017-11-16 13:45:00,18600.0,18600.0,18600.0,18600.0,0.0,0.0,502.0
2017-11-16 13:50:00,18600.0,18600.0,18600.0,18600.0,0.0,0.0,502.0
2017-11-16 13:55:00,18600.0,18600.0,18600.0,18600.0,0.0,0.0,502.0
2017-11-16 14:00:00,18600.0,18600.0,18600.0,18600.0,0.0,0.0,502.0
2017-11-16 14:05:00,18600.0,18600.0,18600.0,18600.0,0.0,0.0,502.0
2017-11-16 14:10:00,18600.0,18600.0,18535.0,18535.0,2.0,185350.0,504.0
2017-11-16 14:15:00,18535.0,18535.0,18535.0,18535.0,0.0,0.0,504.0
2017-11-16 14:20:00,18535.0,18535.0,18535.0,18535.0,0.0,0.0,504.0
2017-11-16 14:25:00,18535.0,18535.0,18535.0,18535.0,0.0,0.0,504.0
2017-11-16 14:30:00,18535.0,18535.0,18535.0,18535.0,0.0,0.0,504.0
2017-11-16 14:35:00,18535.0,18535.0,18535.0,18535.0,0.0,0.0,504.0
2017-11-16 14:40:00,18535.0,18535.0,18535.0,18535.0,0.0,0.0,504.0
2017-11-16 14:45:00,18535.0,18535.0,18535.0,18535.0,0.0,0.0,504.0
2017-11-16 14:50:00,18545.0,18545.0,18545.0,18545.0,4.0,370900.0,508.0
2017-11-16 14:55:00,18545.0,18595.0,18545.0,18595.0,2.0,185950.0,508.0
2017-11-16 21:00:00,18550.0,18550.0,18550.0,18550.0,0.0,0.0,508.0
2017-11-16 21:05:00,18550.0,18550.0,18550.0,18550.0,0.0,0.0,508.0
2017-11-16 21:10:00,18550.0,18595.0,18550.0,18595.0,2.0,185950.0,508.0
2017-11-16 21:15:00,18600.0,18600.0,18600.0,18600.0,2.0,186000.0,508.0
2017-11-16 21:20:00,18600.0,18600.0,18600.0,18600.0,0.0,0.0,508.0
2017-11-16 21:25:00,18600.0,18600.0,18600.0,18600.0,0.0,0.0,508.0
2017-11-16 21:30:00,18600.0,18600.0,18600.0,18600.0,0.0,0.0,508.0
2017-11-16 21:35:00,18600.0,18600.0,18600.0,18600.0,0.0,0.0,508.0
2017-11-16 21:40:00,18600.0,18600.0,18600.0,18600.0,0.0,0.0,508.0
2017-11-16 21:45:00,18600.0,18600.0,18600.0,18600.0,0.0,0.0,508.0
2017-11-16 21:50:00,18600.0,18600.0,18600.0,18600.0,0.0,0.0,508.0
2017-11-16 21:55:00,18600.0,18615.0,18600.0,18615.0,2.0,186150.0,508.0
2017-11-16 22:00:00,18615.0,18615.0,18610.0,18610.0,2.0,186100.0,510.0
2017-11-16 22:05:00,18610.0,18610.0,18610.0,18610.0,0.0,0.0,510.0
2017-11-16 22:10:00,18610.0,18610.0,18610.0,18610.0,0.0,0.0,510.0
2017-11-16 22:15:00,18610.0,18610.0,18610.0,18610.0,0.0,0.0,510.0
2017-11-16 22:20:00,18610.0,18610.0,18610.0,18610.0,0.0,0.0,510.0
2017-11-16 22:25:00,18610.0,18610.0,18610.0,18610.0,0.0,0.0,510.0
2017-11-16 22:30:00,18610.0,18610.0,18610.0,18610.0,0.0,0.0,510.0
2017-11-16 22:35:00,18610.0,18610.0,18610.0,18610.0,0.0,0.0,510.0
2017-11-16 22:40:00,18610.0,18610.0,18610.0,18610.0,0.0,0.0,510.0
2017-11-16 22:45:00,18610.0,18610.0,18560.0,18560.0,2.0,185600.0,510.0
2017-11-16 22:50:00,18560.0,18560.0,18560.0,18560.0,2.0,185600.0,510.0
2017-11-16 22:55:00,18560.0,18560.0,18560.0,18560.0,0.0,0.0,510.0
2017-11-16 23:00:00,18560.0,18560.0,18560.0,18560.0,0.0,0.0,510.0
2017-11-16 23:05:00,18560.0,18560.0,18560.0,18560.0,0.0,0.0,510.0
2017-11-16 23:10:00,18560.0,18560.0,18560.0,18560.0,0.0,0.0,510.0
2017-11-16 23:15:00,18560.0,18560.0,18560.0,18560.0,0.0,0.0,510.0
2017-11-16 23:20:00,18560.0,18560.0,18560.0,18560.0,0.0,0.0,510.0
2017-11-16 23:25:00,18560.0,18560.0,18560.0,18560.0,0.0,0.0,510.0
2017-11-16 23:30:00,18560.0,18560.0,18560.0,18560.0,0.0,0.0,510.0
2017-11-16 23:35:00,18560.0,18560.0,18560.0,18560.0,0.0,0.0,510.0
2017-11-16 23:40:00,18560.0,18560.0,18560.0,18560.0,0.0,0.0,510.0
2017-11-16 23:45:00,18560.0,18560.0,18560.0,18560.0,0.0,0.0,510.0
2017-11-16 23:50:00,18560.0,18560.0,18560.0,18560.0,0.0,0.0,510.0
2017-11-16 23:55:00,18560.0,18560.0,18560.0,18560.0,0.0,0.0,510.0
2017-11-17 00:00:00,18560.0,18560.0,18560.0,18560.0,0.0,0.0,510.0
2017-11-17 00:05:00,18560.0,18560.0,18560.0,18560.0,0.0,0.0,510.0
2017-11-17 00:10:00,18560.0,18560.0,18560.0,18560.0,0.0,0.0,510.0
2017-11-17 00:15:00,18560.0,18560.0,18560.0,18560.0,0.0,0.0,510.0
2017-11-17 00:20:00,18560.0,18560.0,18560.0,18560.0,0.0,0.0,510.0
2017-11-17 00:25:00,18560.0,18560.0,18560.0,18560.0,0.0,0.0,510.0
2017-11-17 00:30:00,18560.0,18560.0,18560.0,18560.0,0.0,0.0,510.0
2017-11-17 00:35:00,18560.0,18560.0,18560.0,18560.0,0.0,0.0,510.0
2017-11-17 00:40:00,18560.0,18560.0,18355.0,18420.0,8.0,736100.0,510.0
2017-11-17 00:45:00,18420.0,18420.0,18420.0,18420.0,0.0,0.0,510.0
2017-11-17 00:50:00,18420.0,18420.0,18420.0,18420.0,0.0,0.0,510.0
2017-11-17 00:55:00,18420.0,18420.0,18420.0,18420.0,0.0,0.0,510.0
2017-11-17 09:00:00,18420.0,18420.0,18420.0,18420.0,2.0,184200.0,510.0
2017-11-17 09:05:00,18420.0,18420.0,18420.0,18420.0,0.0,0.0,510.0
2017-11-17 09:10:00,18420.0,18420.0,18420.0,18420.0,0.0,0.0,510.0
2017-11-17 09:15:00,18420.0,18420.0,18415.0,18415.0,2.0,184150.0,510.0
2017-11-17 09:20:00,18425.0,18425.0,18425.0,18425.0,2.0,184250.0,510.0
2017-11-17 09:25:00,18425.0,18425.0,18425.0,18425.0,0.0,0.0,510.0
2017-11-17 09:30:00,18425.0,18425.0,18425.0,18425.0,0.0,0.0,510.0
2017-11-17 09:35:00,18425.0,18425.0,18425.0,18425.0,0.0,0.0,510.0
2017-11-17 09:40:00,18425.0,18425.0,18425.0,18425.0,0.0,0.0,510.0
2017-11-17 09:45:00,18425.0,18425.0,18380.0,18380.0,2.0,183800.0,510.0
2017-11-17 09:50:00,18380.0,18380.0,18380.0,18380.0,0.0,0.0,510.0
2017-11-17 09:55:00,18380.0,18380.0,18380.0,18380.0,2.0,183800.0,508.0
2017-11-17 10:00:00,18365.0,18365.0,18365.0,18365.0,2.0,183650.0,510.0
2017-11-17 10:05:00,18365.0,18365.0,18365.0,18365.0,0.0,0.0,510.0
2017-11-17 10:10:00,18365.0,18405.0,18365.0,18405.0,2.0,184050.0,512.0
2017-11-17 10:30:00,18405.0,18405.0,18405.0,18405.0,4.0,368100.0,516.0
2017-11-17 10:35:00,18405.0,18420.0,18405.0,18420.0,6.0,552600.0,512.0
2017-11-17 10:40:00,18420.0,18420.0,18420.0,18420.0,0.0,0.0,512.0
2017-11-17 10:45:00,18420.0,18420.0,18420.0,18420.0,0.0,0.0,512.0
2017-11-17 10:50:00,18420.0,18420.0,18420.0,18420.0,0.0,0.0,512.0
2017-11-17 10:55:00,18420.0,18420.0,18420.0,18420.0,0.0,0.0,512.0
2017-11-17 11:00:00,18420.0,18520.0,18420.0,18480.0,4.0,370000.0,514.0
2017-11-17 11:05:00,18480.0,18480.0,18460.0,18460.0,2.0,184600.0,514.0
2017-11-17 11:10:00,18460.0,18460.0,18460.0,18460.0,0.0,0.0,514.0
2017-11-17 11:15:00,18460.0,18460.0,18460.0,18460.0,0.0,0.0,514.0
2017-11-17 11:20:00,18460.0,18460.0,18460.0,18460.0,0.0,0.0,514.0
2017-11-17 11:25:00,18460.0,18460.0,18460.0,18460.0,0.0,0.0,514.0
2017-11-17 13:30:00,18460.0,18460.0,18460.0,18460.0,0.0,0.0,514.0
2017-11-17 13:35:00,18460.0,18460.0,18460.0,18460.0,0.0,0.0,514.0
2017-11-17 13:40:00,18460.0,18495.0,18460.0,18495.0,2.0,184950.0,514.0
2017-11-17 13:45:00,18495.0,18495.0,18495.0,18495.0,0.0,0.0,514.0
2017-11-17 13:50:00,18495.0,18495.0,18495.0,18495.0,0.0,0.0,514.0
2017-11-17 13:55:00,18495.0,18495.0,18495.0,18495.0,0.0,0.0,514.0
2017-11-17 14:00:00,18495.0,18495.0,18495.0,18495.0,0.0,0.0,514.0
2017-11-17 14:05:00,18495.0,18495.0,18495.0,18495.0,0.0,0.0,514.0
2017-11-17 14:10:00,18495.0,18495.0,18495.0,18495.0,0.0,0.0,514.0
2017-11-17 14:15:00,18495.0,18495.0,18495.0,18495.0,0.0,0.0,514.0
2017-11-17 14:20:00,18495.0,18495.0,18495.0,18495.0,0.0,0.0,514.0
2017-11-17 14:25:00,18495.0,18495.0,18495.0,18495.0,0.0,0.0,514.0
2017-11-17 14:30:00,18495.0,18495.0,18495.0,18495.0,0.0,0.0,514.0
2017-11-17 14:35:00,18495.0,18495.0,18495.0,18495.0,0.0,0.0,514.0
2017-11-17 14:40:00,18495.0,18495.0,18495.0,18495.0,0.0,0.0,514.0
2017-11-17 14:45:00,18425.0,18425.0,18425.0,18425.0,2.0,184250.0,512.0
2017-11-17 14:50:00,18425.0,18450.0,18425.0,18450.0,2.0,184500.0,514.0
2017-11-17 14:55:00,18450.0,18450.0,18450.0,18450.0,0.0,0.0,514.0
2017-11-17 21:00:00,18455.0,18455.0,18455.0,18455.0,0.0,0.0,514.0
2017-11-17 21:05:00,18455.0,18455.0,18455.0,18455.0,0.0,0.0,514.0
2017-11-17 21:10:00,18455.0,18455.0,18455.0,18455.0,0.0,0.0,514.0
2017-11-17 21:15:00,18455.0,18455.0,18455.0,18455.0,0.0,0.0,514.0
2017-11-17 21:20:00,18455.0,18455.0,18455.0,18455.0,0.0,0.0,514.0
2017-11-17 21:25:00,18455.0,18455.0,18455.0,18455.0,0.0,0.0,514.0
2017-11-17 21:30:00,18455.0,18455.0,18455.0,18455.0,0.0,0.0,514.0
2017-11-17 21:35:00,18455.0,18455.0,18455.0,18455.0,0.0,0.0,514.0
2017-11-17 21:40:00,18455.0,18455.0,18455.0,18455.0,0.0,0.0,514.0
2017-11-17 21:45:00,18455.0,18455.0,18455.0,18455.0,0.0,0.0,514.0
2017-11-17 21:50:00,18400.0,18400.0,18400.0,18400.0,2.0,184000.0,514.0
2017-11-17 21:55:00,18400.0,18400.0,18400.0,18400.0,0.0,0.0,514.0
2017-11-17 22:00:00,18400.0,18400.0,18400.0,18400.0,0.0,0.0,514.0
2017-11-17 22:05:00,18400.0,18400.0,18400.0,18400.0,0.0,0.0,514.0
2017-11-17 22:10:00,18400.0,18460.0,18400.0,18460.0,2.0,184600.0,516.0
2017-11-17 22:15:00,18460.0,18475.0,18460.0,18475.0,2.0,184750.0,516.0
2017-11-17 22:20:00,18475.0,18475.0,18475.0,18475.0,0.0,0.0,516.0
2017-11-17 22:25:00,18475.0,18475.0,18475.0,18475.0,0.0,0.0,516.0
2017-11-17 22:30:00,18475.0,18520.0,18475.0,18520.0,6.0,555400.0,522.0
2017-11-17 22:35:00,18520.0,18555.0,18520.0,18555.0,2.0,185550.0,524.0
2017-11-17 22:40:00,18555.0,18555.0,18555.0,18555.0,2.0,185550.0,526.0
2017-11-17 22:45:00,18555.0,18555.0,18555.0,18555.0,0.0,0.0,526.0
2017-11-17 22:50:00,18555.0,18555.0,18555.0,18555.0,0.0,0.0,526.0
2017-11-17 22:55:00,18555.0,18555.0,18555.0,18555.0,0.0,0.0,526.0
2017-11-17 23:00:00,18555.0,18555.0,18555.0,18555.0,0.0,0.0,526.0
2017-11-17 23:05:00,18555.0,18555.0,18555.0,18555.0,0.0,0.0,526.0
2017-11-17 23:10:00,18555.0,18555.0,18555.0,18555.0,0.0,0.0,526.0
2017-11-17 23:15:00,18555.0,18555.0,18555.0,18555.0,0.0,0.0,526.0
2017-11-17 23:20:00,18555.0,18555.0,18555.0,18555.0,0.0,0.0,526.0
2017-11-17 23:25:00,18555.0,18555.0,18555.0,18555.0,0.0,0.0,526.0
2017-11-17 23:30:00,18555.0,18555.0,18555.0,18555.0,0.0,0.0,526.0
2017-11-17 23:35:00,18555.0,18555.0,18555.0,18555.0,0.0,0.0,526.0
2017-11-17 23:40:00,18555.0,18555.0,18555.0,18555.0,0.0,0.0,526.0
2017-11-17 23:45:00,18555.0,18555.0,18555.0,18555.0,0.0,0.0,526.0
2017-11-17 23:50:00,18555.0,18555.0,18555.0,18555.0,0.0,0.0,526.0
2017-11-17 23:55:00,18555.0,18555.0,18555.0,18555.0,0.0,0.0,526.0
2017-11-18 00:00:00,18555.0,18555.0,18555.0,18555.0,0.0,0.0,526.0
2017-11-18 00:05:00,18555.0,18555.0,18555.0,18555.0,0.0,0.0,526.0
2017-11-18 00:10:00,18555.0,18555.0,18555.0,18555.0,0.0,0.0,526.0
2017-11-18 00:15:00,18555.0,18555.0,18555.0,18555.0,0.0,0.0,526.0
2017-11-18 00:20:00,18555.0,18555.0,18555.0,18555.0,0.0,0.0,526.0
2017-11-18 00:25:00,18555.0,18555.0,18555.0,18555.0,0.0,0.0,526.0
2017-11-18 00:30:00,18555.0,18555.0,18555.0,18555.0,0.0,0.0,526.0
2017-11-18 00:35:00,18555.0,18555.0,18555.0,18555.0,0.0,0.0,526.0
2017-11-18 00:40:00,18555.0,18555.0,18555.0,18555.0,0.0,0.0,526.0
2017-11-18 00:45:00,18555.0,18555.0,18555.0,18555.0,0.0,0.0,526.0
2017-11-18 00:50:00,18555.0,18555.0,18555.0,18555.0,0.0,0.0,526.0
2017-11-18 00:55:00,18555.0,18555.0,18555.0,18555.0,0.0,0.0,526.0
2017-11-20 09:00:00,18555.0,18555.0,18555.0,18555.0,0.0,0.0,526.0
2017-11-20 09:05:00,18555.0,18555.0,18555.0,18555.0,0.0,0.0,526.0
2017-11-20 09:10:00,18555.0,18555.0,18555.0,18555.0,0.0,0.0,526.0
2017-11-20 09:15:00,18555.0,18555.0,18555.0,18555.0,0.0,0.0,526.0
2017-11-20 09:20:00,18555.0,18555.0,18555.0,18555.0,0.0,0.0,526.0
2017-11-20 09:25:00,18555.0,18555.0,18555.0,18555.0,0.0,0.0,526.0
2017-11-20 09:30:00,18555.0,18555.0,18555.0,18555.0,0.0,0.0,526.0
2017-11-20 09:35:00,18555.0,18690.0,18555.0,18690.0,4.0,373600.0,524.0
2017-11-20 09:40:00,18690.0,18690.0,18665.0,18665.0,4.0,373300.0,520.0
2017-11-20 09:45:00,18665.0,18665.0,18665.0,18665.0,0.0,0.0,520.0
2017-11-20 09:50:00,18665.0,18665.0,18665.0,18665.0,0.0,0.0,520.0
2017-11-20 09:55:00,18665.0,18665.0,18665.0,18665.0,0.0,0.0,520.0
2017-11-20 10:00:00,18665.0,18700.0,18665.0,18700.0,2.0,187000.0,520.0
2017-11-20 10:05:00,18700.0,18700.0,18700.0,18700.0,2.0,187000.0,520.0
2017-11-20 10:10:00,18700.0,18725.0,18700.0,18725.0,2.0,187250.0,522.0
2017-11-20 10:30:00,18725.0,18725.0,18725.0,18725.0,0.0,0.0,522.0
2017-11-20 10:35:00,18725.0,18725.0,18700.0,18700.0,2.0,187000.0,522.0
2017-11-20 10:40:00,18700.0,18700.0,18700.0,18700.0,0.0,0.0,522.0
2017-11-20 10:45:00,18700.0,18700.0,18700.0,18700.0,0.0,0.0,522.0
2017-11-20 10:50:00,18700.0,18730.0,18700.0,18730.0,2.0,187300.0,522.0
2017-11-20 10:55:00,18730.0,18730.0,18730.0,18730.0,0.0,0.0,522.0
2017-11-20 11:00:00,18730.0,18730.0,18730.0,18730.0,0.0,0.0,522.0
2017-11-20 11:05:00,18730.0,18730.0,18700.0,18700.0,14.0,1309000.0,534.0
2017-11-20 11:10:00,18700.0,18700.0,18645.0,18675.0,4.0,373200.0,534.0
2017-11-20 11:15:00,18675.0,18700.0,18675.0,18700.0,10.0,935000.0,534.0
2017-11-20 11:20:00,18700.0,18700.0,18700.0,18700.0,0.0,0.0,534.0
2017-11-20 11:25:00,18700.0,18700.0,18700.0,18700.0,0.0,0.0,534.0
2017-11-20 13:30:00,18700.0,18700.0,18670.0,18670.0,2.0,186700.0,532.0
2017-11-20 13:35:00,18670.0,18670.0,18670.0,18670.0,0.0,0.0,532.0
2017-11-20 13:40:00,18670.0,18670.0,18670.0,18670.0,0.0,0.0,532.0
2017-11-20 13:45:00,18670.0,18690.0,18625.0,18690.0,4.0,373150.0,532.0
2017-11-20 13:50:00,18690.0,18690.0,18690.0,18690.0,0.0,0.0,532.0
2017-11-20 13:55:00,18690.0,18690.0,18690.0,18690.0,0.0,0.0,532.0
2017-11-20 14:00:00,18690.0,18690.0,18690.0,18690.0,0.0,0.0,532.0
2017-11-20 14:05:00,18690.0,18690.0,18690.0,18690.0,0.0,0.0,532.0
2017-11-20 14:10:00,18690.0,18690.0,18690.0,18690.0,0.0,0.0,532.0
2017-11-20 14:15:00,18690.0,18690.0,18690.0,18690.0,0.0,0.0,532.0
2017-11-20 14:20:00,18690.0,18690.0,18690.0,18690.0,0.0,0.0,532.0
2017-11-20 14:25:00,18650.0,18650.0,18630.0,18630.0,4.0,372800.0,534.0
2017-11-20 14:30:00,18630.0,18640.0,18630.0,18640.0,14.0,1304800.0,534.0
2017-11-20 14:35:00,18635.0,18635.0,18635.0,18635.0,2.0,186350.0,536.0
2017-11-20 14:40:00,18635.0,18635.0,18635.0,18635.0,0.0,0.0,536.0
2017-11-20 14:45:00,18635.0,18655.0,18635.0,18655.0,14.0,1305000.0,536.0
2017-11-20 14:50:00,18655.0,18655.0,18655.0,18655.0,0.0,0.0,536.0
2017-11-20 14:55:00,18655.0,18655.0,18655.0,18655.0,0.0,0.0,536.0
2017-11-20 21:00:00,18640.0,18640.0,18640.0,18640.0,0.0,0.0,536.0
2017-11-20 21:05:00,18640.0,18640.0,18640.0,18640.0,0.0,0.0,536.0
2017-11-20 21:10:00,18640.0,18640.0,18640.0,18640.0,0.0,0.0,536.0
2017-11-20 21:15:00,18695.0,18695.0,18695.0,18695.0,2.0,186950.0,538.0
2017-11-20 21:20:00,18695.0,18695.0,18695.0,18695.0,0.0,0.0,538.0
2017-11-20 21:25:00,18695.0,18695.0,18695.0,18695.0,0.0,0.0,538.0
2017-11-20 21:30:00,18695.0,18695.0,18695.0,18695.0,0.0,0.0,538.0
2017-11-20 21:35:00,18695.0,18695.0,18695.0,18695.0,0.0,0.0,538.0
2017-11-20 21:40:00,18695.0,18770.0,18695.0,18770.0,2.0,187700.0,540.0
2017-11-20 21:45:00,18770.0,18770.0,18770.0,18770.0,0.0,0.0,540.0
2017-11-20 21:50:00,18770.0,18770.0,18770.0,18770.0,0.0,0.0,540.0
2017-11-20 21:55:00,18545.0,18545.0,18485.0,18525.0,12.0,1111400.0,538.0
2017-11-20 22:00:00,18525.0,18525.0,18495.0,18495.0,6.0,555450.0,542.0
2017-11-20 22:05:00,18560.0,18560.0,18560.0,18560.0,6.0,556800.0,544.0
2017-11-20 22:10:00,18560.0,18560.0,18560.0,18560.0,0.0,0.0,544.0
2017-11-20 22:15:00,18560.0,18560.0,18560.0,18560.0,0.0,0.0,544.0
2017-11-20 22:20:00,18560.0,18560.0,18560.0,18560.0,0.0,0.0,544.0
2017-11-20 22:25:00,18560.0,18560.0,18560.0,18560.0,0.0,0.0,544.0
2017-11-20 22:30:00,18560.0,18560.0,18560.0,18560.0,0.0,0.0,544.0
2017-11-20 22:35:00,18560.0,18565.0,18560.0,18565.0,2.0,185650.0,542.0
2017-11-20 22:40:00,18565.0,18565.0,18565.0,18565.0,0.0,0.0,542.0
2017-11-20 22:45:00,18565.0,18565.0,18565.0,18565.0,0.0,0.0,542.0
2017-11-20 22:50:00,18565.0,18660.0,18565.0,18660.0,2.0,186600.0,544.0
2017-11-20 22:55:00,18660.0,18660.0,18660.0,18660.0,0.0,0.0,544.0
2017-11-20 23:00:00,18660.0,18660.0,18660.0,18660.0,0.0,0.0,544.0
2017-11-20 23:05:00,18660.0,18660.0,18660.0,18660.0,0.0,0.0,544.0
2017-11-20 23:10:00,18660.0,18660.0,18660.0,18660.0,0.0,0.0,544.0
2017-11-20 23:15:00,18660.0,18660.0,18660.0,18660.0,0.0,0.0,544.0
2017-11-20 23:20:00,18660.0,18660.0,18660.0,18660.0,0.0,0.0,544.0
2017-11-20 23:25:00,18660.0,18660.0,18660.0,18660.0,0.0,0.0,544.0
2017-11-20 23:30:00,18660.0,18745.0,18660.0,18745.0,2.0,187450.0,544.0
2017-11-20 23:35:00,18745.0,18745.0,18745.0,18745.0,0.0,0.0,544.0
2017-11-20 23:40:00,18745.0,18745.0,18745.0,18745.0,0.0,0.0,544.0
2017-11-20 23:45:00,18745.0,18745.0,18745.0,18745.0,0.0,0.0,544.0
2017-11-20 23:50:00,18745.0,18745.0,18745.0,18745.0,0.0,0.0,544.0
2017-11-20 23:55:00,18745.0,18745.0,18745.0,18745.0,0.0,0.0,544.0
2017-11-21 00:00:00,18745.0,18745.0,18745.0,18745.0,0.0,0.0,544.0
2017-11-21 00:05:00,18745.0,18745.0,18745.0,18745.0,0.0,0.0,544.0
2017-11-21 00:10:00,18745.0,18745.0,18745.0,18745.0,0.0,0.0,544.0
2017-11-21 00:15:00,18745.0,18745.0,18745.0,18745.0,0.0,0.0,544.0
2017-11-21 00:20:00,18745.0,18745.0,18745.0,18745.0,0.0,0.0,544.0
2017-11-21 00:25:00,18745.0,18745.0,18745.0,18745.0,0.0,0.0,544.0
2017-11-21 00:30:00,18745.0,18745.0,18745.0,18745.0,0.0,0.0,544.0
2017-11-21 00:35:00,18745.0,18745.0,18745.0,18745.0,0.0,0.0,544.0
2017-11-21 00:40:00,18745.0,18745.0,18745.0,18745.0,0.0,0.0,544.0
2017-11-21 00:45:00,18745.0,18745.0,18745.0,18745.0,0.0,0.0,544.0
2017-11-21 00:50:00,18745.0,18745.0,18745.0,18745.0,0.0,0.0,544.0
2017-11-21 00:55:00,18745.0,18745.0,18745.0,18745.0,0.0,0.0,544.0
2017-11-21 09:00:00,18745.0,18745.0,18745.0,18745.0,0.0,0.0,544.0
2017-11-21 09:05:00,18735.0,18735.0,18735.0,18735.0,2.0,187350.0,544.0
2017-11-21 09:10:00,18735.0,18735.0,18735.0,18735.0,0.0,0.0,544.0
2017-11-21 09:15:00,18735.0,18735.0,18735.0,18735.0,0.0,0.0,544.0
2017-11-21 09:20:00,18735.0,18735.0,18735.0,18735.0,0.0,0.0,544.0
2017-11-21 09:25:00,18735.0,18735.0,18735.0,18735.0,0.0,0.0,544.0
2017-11-21 09:30:00,18735.0,18735.0,18735.0,18735.0,0.0,0.0,544.0
2017-11-21 09:35:00,18735.0,18735.0,18735.0,18735.0,0.0,0.0,544.0
2017-11-21 09:40:00,18735.0,18735.0,18735.0,18735.0,0.0,0.0,544.0
2017-11-21 09:45:00,18735.0,18735.0,18735.0,18735.0,0.0,0.0,544.0
2017-11-21 09:50:00,18735.0,18735.0,18735.0,18735.0,0.0,0.0,544.0
2017-11-21 09:55:00,18735.0,18735.0,18735.0,18735.0,0.0,0.0,544.0
2017-11-21 10:00:00,18735.0,18735.0,18735.0,18735.0,0.0,0.0,544.0
2017-11-21 10:05:00,18735.0,18735.0,18735.0,18735.0,0.0,0.0,544.0
2017-11-21 10:10:00,18735.0,18735.0,18735.0,18735.0,0.0,0.0,544.0
2017-11-21 10:30:00,18735.0,18735.0,18735.0,18735.0,0.0,0.0,544.0
2017-11-21 10:35:00,18735.0,18735.0,18735.0,18735.0,0.0,0.0,544.0
2017-11-21 10:40:00,18735.0,18735.0,18735.0,18735.0,0.0,0.0,544.0
2017-11-21 10:45:00,18735.0,18735.0,18735.0,18735.0,0.0,0.0,544.0
2017-11-21 10:50:00,18735.0,18735.0,18735.0,18735.0,0.0,0.0,544.0
2017-11-21 10:55:00,18735.0,18735.0,18735.0,18735.0,0.0,0.0,544.0
2017-11-21 11:00:00,18735.0,18735.0,18735.0,18735.0,0.0,0.0,544.0
2017-11-21 11:05:00,18735.0,18735.0,18600.0,18600.0,2.0,186000.0,544.0
2017-11-21 11:10:00,18605.0,18605.0,18605.0,18605.0,2.0,186050.0,544.0
2017-11-21 11:15:00,18605.0,18605.0,18605.0,18605.0,0.0,0.0,544.0
2017-11-21 11:20:00,18605.0,18605.0,18605.0,18605.0,0.0,0.0,544.0
2017-11-21 11:25:00,18605.0,18605.0,18605.0,18605.0,0.0,0.0,544.0
2017-11-21 13:30:00,18605.0,18605.0,18605.0,18605.0,0.0,0.0,544.0
2017-11-21 13:35:00,18605.0,18605.0,18605.0,18605.0,0.0,0.0,544.0
2017-11-21 13:40:00,18605.0,18605.0,18605.0,18605.0,0.0,0.0,544.0
2017-11-21 13:45:00,18605.0,18605.0,18605.0,18605.0,0.0,0.0,544.0
2017-11-21 13:50:00,18605.0,18605.0,18605.0,18605.0,0.0,0.0,544.0
2017-11-21 13:55:00,18605.0,18605.0,18605.0,18605.0,0.0,0.0,544.0
2017-11-21 14:00:00,18605.0,18605.0,18605.0,18605.0,0.0,0.0,544.0
2017-11-21 14:05:00,18605.0,18605.0,18605.0,18605.0,0.0,0.0,544.0
2017-11-21 14:10:00,18605.0,18605.0,18605.0,18605.0,0.0,0.0,544.0
2017-11-21 14:15:00,18605.0,18605.0,18605.0,18605.0,0.0,0.0,544.0
2017-11-21 14:20:00,18605.0,18605.0,18605.0,18605.0,0.0,0.0,544.0
2017-11-21 14:25:00,18605.0,18605.0,18605.0,18605.0,0.0,0.0,544.0
2017-11-21 14:30:00,18605.0,18605.0,18605.0,18605.0,0.0,0.0,544.0
2017-11-21 14:35:00,18605.0,18605.0,18605.0,18605.0,0.0,0.0,544.0
2017-11-21 14:40:00,18605.0,18605.0,18605.0,18605.0,0.0,0.0,544.0
2017-11-21 14:45:00,18605.0,18605.0,18605.0,18605.0,0.0,0.0,544.0
2017-11-21 14:50:00,18605.0,18605.0,18605.0,18605.0,0.0,0.0,544.0
2017-11-21 14:55:00,18605.0,18605.0,18605.0,18605.0,0.0,0.0,544.0
2017-11-21 21:00:00,18585.0,18750.0,18585.0,18750.0,6.0,562400.0,542.0
2017-11-21 21:05:00,18750.0,18785.0,18750.0,18785.0,2.0,187850.0,544.0
2017-11-21 21:10:00,18785.0,18785.0,18785.0,18785.0,0.0,0.0,544.0
2017-11-21 21:15:00,18785.0,18810.0,18785.0,18810.0,8.0,752400.0,548.0
2017-11-21 21:20:00,18800.0,18805.0,18800.0,18805.0,12.0,1128100.0,542.0
2017-11-21 21:25:00,18805.0,18805.0,18805.0,18805.0,0.0,0.0,542.0
2017-11-21 21:30:00,18805.0,18805.0,18805.0,18805.0,0.0,0.0,542.0
2017-11-21 21:35:00,18805.0,18805.0,18805.0,18805.0,0.0,0.0,542.0
2017-11-21 21:40:00,18805.0,18805.0,18805.0,18805.0,0.0,0.0,542.0
2017-11-21 21:45:00,18805.0,18805.0,18805.0,18805.0,0.0,0.0,542.0
2017-11-21 21:50:00,18805.0,18805.0,18805.0,18805.0,0.0,0.0,542.0
2017-11-21 21:55:00,18805.0,18805.0,18805.0,18805.0,0.0,0.0,542.0
2017-11-21 22:00:00,18805.0,18805.0,18805.0,18805.0,0.0,0.0,542.0
2017-11-21 22:05:00,18805.0,18805.0,18805.0,18805.0,0.0,0.0,542.0
2017-11-21 22:10:00,18805.0,18805.0,18805.0,18805.0,0.0,0.0,542.0
2017-11-21 22:15:00,18805.0,18805.0,18805.0,18805.0,0.0,0.0,542.0
2017-11-21 22:20:00,18805.0,18805.0,18770.0,18770.0,2.0,187700.0,540.0
2017-11-21 22:25:00,18770.0,18815.0,18770.0,18815.0,2.0,188150.0,542.0
2017-11-21 22:30:00,18815.0,18815.0,18815.0,18815.0,0.0,0.0,542.0
2017-11-21 22:35:00,18815.0,18815.0,18815.0,18815.0,0.0,0.0,542.0
2017-11-21 22:40:00,18815.0,18815.0,18815.0,18815.0,0.0,0.0,542.0
2017-11-21 22:45:00,18815.0,18825.0,18815.0,18825.0,2.0,188250.0,540.0
2017-11-21 22:50:00,18825.0,18915.0,18825.0,18840.0,8.0,755100.0,542.0
2017-11-21 22:55:00,18840.0,18840.0,18840.0,18840.0,2.0,188400.0,542.0
2017-11-21 23:00:00,18840.0,18840.0,18840.0,18840.0,0.0,0.0,542.0
2017-11-21 23:05:00,18840.0,18840.0,18840.0,18840.0,0.0,0.0,542.0
2017-11-21 23:10:00,18840.0,18840.0,18840.0,18840.0,0.0,0.0,542.0
2017-11-21 23:15:00,18840.0,18840.0,18840.0,18840.0,0.0,0.0,542.0
2017-11-21 23:20:00,18840.0,18840.0,18840.0,18840.0,0.0,0.0,542.0
2017-11-21 23:25:00,18840.0,18840.0,18840.0,18840.0,0.0,0.0,542.0
2017-11-21 23:30:00,18840.0,18900.0,18840.0,18900.0,2.0,189000.0,540.0
2017-11-21 23:35:00,18900.0,18900.0,18900.0,18900.0,0.0,0.0,540.0
2017-11-21 23:40:00,18900.0,18900.0,18900.0,18900.0,0.0,0.0,540.0
2017-11-21 23:45:00,18900.0,18900.0,18900.0,18900.0,0.0,0.0,540.0
2017-11-21 23:50:00,18900.0,18900.0,18900.0,18900.0,0.0,0.0,540.0
2017-11-21 23:55:00,18900.0,18900.0,18900.0,18900.0,2.0,189000.0,540.0
2017-11-22 00:00:00,18900.0,18900.0,18900.0,18900.0,0.0,0.0,540.0
2017-11-22 00:05:00,18900.0,18900.0,18900.0,18900.0,0.0,0.0,540.0
2017-11-22 00:10:00,18900.0,18900.0,18900.0,18900.0,0.0,0.0,540.0
2017-11-22 00:15:00,18900.0,18900.0,18900.0,18900.0,0.0,0.0,540.0
2017-11-22 00:20:00,18900.0,18900.0,18900.0,18900.0,0.0,0.0,540.0
2017-11-22 00:25:00,18900.0,18900.0,18900.0,18900.0,0.0,0.0,540.0
2017-11-22 00:30:00,18900.0,18900.0,18900.0,18900.0,0.0,0.0,540.0
2017-11-22 00:35:00,18900.0,18900.0,18900.0,18900.0,0.0,0.0,540.0
2017-11-22 00:40:00,18900.0,18900.0,18900.0,18900.0,0.0,0.0,540.0
2017-11-22 00:45:00,18900.0,18900.0,18900.0,18900.0,0.0,0.0,540.0
2017-11-22 00:50:00,18900.0,18900.0,18900.0,18900.0,0.0,0.0,540.0
2017-11-22 00:55:00,18900.0,18900.0,18900.0,18900.0,0.0,0.0,540.0
2017-11-22 09:00:00,18900.0,18900.0,18900.0,18900.0,0.0,0.0,540.0
2017-11-22 09:05:00,18900.0,18900.0,18900.0,18900.0,0.0,0.0,540.0
2017-11-22 09:10:00,18900.0,19040.0,18900.0,19040.0,10.0,950200.0,550.0
2017-11-22 09:15:00,19040.0,19040.0,19040.0,19040.0,0.0,0.0,550.0
2017-11-22 09:20:00,19040.0,19040.0,19040.0,19040.0,0.0,0.0,550.0
2017-11-22 09:25:00,19040.0,19040.0,18950.0,18950.0,4.0,379000.0,550.0
2017-11-22 09:30:00,18950.0,18950.0,18950.0,18950.0,0.0,0.0,550.0
2017-11-22 09:35:00,18950.0,18950.0,18950.0,18950.0,0.0,0.0,550.0
2017-11-22 09:40:00,18950.0,18950.0,18950.0,18950.0,0.0,0.0,550.0
2017-11-22 09:45:00,18950.0,18950.0,18950.0,18950.0,0.0,0.0,550.0
2017-11-22 09:50:00,18950.0,18950.0,18900.0,18900.0,2.0,189000.0,550.0
2017-11-22 09:55:00,18900.0,18910.0,18900.0,18910.0,2.0,189100.0,552.0
2017-11-22 10:00:00,18910.0,18910.0,18910.0,18910.0,0.0,0.0,552.0
2017-11-22 10:05:00,18910.0,18910.0,18910.0,18910.0,0.0,0.0,552.0
2017-11-22 10:10:00,18910.0,18910.0,18910.0,18910.0,0.0,0.0,552.0
2017-11-22 10:30:00,18910.0,18910.0,18885.0,18885.0,4.0,377750.0,554.0
2017-11-22 10:35:00,18885.0,18885.0,18885.0,18885.0,0.0,0.0,554.0
2017-11-22 10:40:00,18885.0,18885.0,18885.0,18885.0,0.0,0.0,554.0
2017-11-22 10:45:00,18885.0,18885.0,18885.0,18885.0,0.0,0.0,554.0
2017-11-22 10:50:00,18885.0,18885.0,18870.0,18870.0,8.0,754800.0,554.0
2017-11-22 10:55:00,18870.0,18870.0,18870.0,18870.0,0.0,0.0,554.0
2017-11-22 11:00:00,18870.0,18870.0,18870.0,18870.0,0.0,0.0,554.0
2017-11-22 11:05:00,18870.0,18870.0,18870.0,18870.0,0.0,0.0,554.0
2017-11-22 11:10:00,18870.0,18870.0,18870.0,18870.0,0.0,0.0,554.0
2017-11-22 11:15:00,18870.0,18870.0,18870.0,18870.0,0.0,0.0,554.0
2017-11-22 11:20:00,18870.0,18870.0,18870.0,18870.0,0.0,0.0,554.0
2017-11-22 11:25:00,18870.0,18870.0,18870.0,18870.0,0.0,0.0,554.0
2017-11-22 13:30:00,18870.0,18870.0,18870.0,18870.0,0.0,0.0,554.0
2017-11-22 13:35:00,18870.0,18870.0,18870.0,18870.0,0.0,0.0,554.0
2017-11-22 13:40:00,18940.0,18945.0,18940.0,18945.0,14.0,1325950.0,544.0
2017-11-22 13:45:00,18945.0,18945.0,18945.0,18945.0,0.0,0.0,544.0
2017-11-22 13:50:00,18945.0,18945.0,18945.0,18945.0,0.0,0.0,544.0
2017-11-22 13:55:00,18945.0,18945.0,18945.0,18945.0,0.0,0.0,544.0
2017-11-22 14:00:00,18945.0,18945.0,18945.0,18945.0,0.0,0.0,544.0
2017-11-22 14:05:00,18945.0,18945.0,18945.0,18945.0,0.0,0.0,544.0
2017-11-22 14:10:00,18945.0,18945.0,18945.0,18945.0,0.0,0.0,544.0
2017-11-22 14:15:00,18945.0,18945.0,18945.0,18945.0,0.0,0.0,544.0
2017-11-22 14:20:00,18945.0,18945.0,18945.0,18945.0,0.0,0.0,544.0
2017-11-22 14:25:00,18945.0,18950.0,18945.0,18950.0,2.0,189500.0,542.0
2017-11-22 14:30:00,18950.0,18950.0,18950.0,18950.0,0.0,0.0,542.0
2017-11-22 14:35:00,18950.0,18950.0,18950.0,18950.0,0.0,0.0,542.0
2017-11-22 14:40:00,18950.0,18950.0,18950.0,18950.0,0.0,0.0,542.0
2017-11-22 14:45:00,18950.0,18950.0,18950.0,18950.0,0.0,0.0,542.0
2017-11-22 14:50:00,18950.0,18980.0,18950.0,18980.0,2.0,189800.0,542.0
2017-11-22 14:55:00,18980.0,18980.0,18980.0,18980.0,0.0,0.0,542.0
2017-11-22 21:00:00,18875.0,18880.0,18875.0,18880.0,2.0,188800.0,540.0
2017-11-22 21:05:00,18880.0,18890.0,18880.0,18885.0,6.0,566600.0,542.0
2017-11-22 21:10:00,18880.0,18880.0,18825.0,18880.0,18.0,1697400.0,528.0
2017-11-22 21:15:00,18880.0,18880.0,18880.0,18880.0,0.0,0.0,528.0
2017-11-22 21:20:00,18880.0,18880.0,18880.0,18880.0,0.0,0.0,528.0
2017-11-22 21:25:00,18880.0,18880.0,18880.0,18880.0,0.0,0.0,528.0
2017-11-22 21:30:00,18920.0,18920.0,18920.0,18920.0,118.0,11162800.0,578.0
2017-11-22 21:35:00,18915.0,18915.0,18910.0,18910.0,22.0,2080150.0,590.0
2017-11-22 21:40:00,18910.0,18910.0,18910.0,18910.0,0.0,0.0,590.0
2017-11-22 21:45:00,18910.0,18910.0,18910.0,18910.0,0.0,0.0,590.0
2017-11-22 21:50:00,18910.0,18910.0,18910.0,18910.0,0.0,0.0,590.0
2017-11-22 21:55:00,18910.0,18925.0,18910.0,18925.0,56.0,5297650.0,642.0
2017-11-22 22:00:00,18925.0,18925.0,18925.0,18925.0,0.0,0.0,642.0
2017-11-22 22:05:00,18925.0,18925.0,18925.0,18925.0,0.0,0.0,642.0
2017-11-22 22:10:00,18925.0,18925.0,18925.0,18925.0,0.0,0.0,642.0
2017-11-22 22:15:00,18925.0,18925.0,18925.0,18925.0,0.0,0.0,642.0
2017-11-22 22:20:00,18925.0,18925.0,18925.0,18925.0,0.0,0.0,642.0
2017-11-22 22:25:00,18925.0,18925.0,18925.0,18925.0,0.0,0.0,642.0
2017-11-22 22:30:00,18925.0,18925.0,18925.0,18925.0,0.0,0.0,642.0
2017-11-22 22:35:00,18925.0,18925.0,18925.0,18925.0,0.0,0.0,642.0
2017-11-22 22:40:00,18925.0,18925.0,18925.0,18925.0,0.0,0.0,642.0
2017-11-22 22:45:00,18925.0,18925.0,18925.0,18925.0,0.0,0.0,642.0
2017-11-22 22:50:00,18925.0,18925.0,18925.0,18925.0,0.0,0.0,642.0
2017-11-22 22:55:00,18925.0,18925.0,18925.0,18925.0,0.0,0.0,642.0
2017-11-22 23:00:00,18925.0,18925.0,18880.0,18880.0,2.0,188800.0,644.0
2017-11-22 23:05:00,18840.0,18840.0,18840.0,18840.0,2.0,188400.0,644.0
2017-11-22 23:10:00,18840.0,18840.0,18840.0,18840.0,0.0,0.0,644.0
2017-11-22 23:15:00,18840.0,18840.0,18840.0,18840.0,0.0,0.0,644.0
2017-11-22 23:20:00,18840.0,18840.0,18840.0,18840.0,0.0,0.0,644.0
2017-11-22 23:25:00,18840.0,18840.0,18840.0,18840.0,0.0,0.0,644.0
2017-11-22 23:30:00,18840.0,18840.0,18840.0,18840.0,0.0,0.0,644.0
2017-11-22 23:35:00,18840.0,18840.0,18840.0,18840.0,0.0,0.0,644.0
2017-11-22 23:40:00,18840.0,18840.0,18840.0,18840.0,0.0,0.0,644.0
2017-11-22 23:45:00,18840.0,18840.0,18840.0,18840.0,0.0,0.0,644.0
2017-11-22 23:50:00,18840.0,18840.0,18840.0,18840.0,0.0,0.0,644.0
2017-11-22 23:55:00,18840.0,18840.0,18840.0,18840.0,0.0,0.0,644.0
2017-11-23 00:00:00,18840.0,18840.0,18840.0,18840.0,0.0,0.0,644.0
2017-11-23 00:05:00,18840.0,18840.0,18840.0,18840.0,0.0,0.0,644.0
2017-11-23 00:10:00,18840.0,18840.0,18840.0,18840.0,0.0,0.0,644.0
2017-11-23 00:15:00,18840.0,18840.0,18840.0,18840.0,0.0,0.0,644.0
2017-11-23 00:20:00,18880.0,18880.0,18880.0,18880.0,4.0,377600.0,646.0
2017-11-23 00:25:00,18880.0,18880.0,18880.0,18880.0,0.0,0.0,646.0
2017-11-23 00:30:00,18880.0,18880.0,18880.0,18880.0,0.0,0.0,646.0
2017-11-23 00:35:00,18880.0,18880.0,18865.0,18865.0,2.0,188650.0,646.0
2017-11-23 00:40:00,18840.0,18840.0,18840.0,18840.0,2.0,188400.0,648.0
2017-11-23 00:45:00,18840.0,18840.0,18780.0,18780.0,32.0,3009200.0,672.0
2017-11-23 00:50:00,18780.0,18780.0,18760.0,18760.0,6.0,562800.0,666.0
2017-11-23 00:55:00,18760.0,18815.0,18760.0,18815.0,2.0,188150.0,666.0
2017-11-23 09:00:00,18815.0,18815.0,18745.0,18745.0,10.0,940050.0,666.0
2017-11-23 09:05:00,18740.0,18740.0,18740.0,18740.0,4.0,374800.0,662.0
2017-11-23 09:10:00,18740.0,18740.0,18535.0,18535.0,10.0,929150.0,664.0
2017-11-23 09:15:00,18595.0,18630.0,18595.0,18630.0,8.0,744450.0,656.0
2017-11-23 09:20:00,18570.0,18570.0,18570.0,18570.0,6.0,557100.0,656.0
2017-11-23 09:25:00,18615.0,18615.0,18615.0,18615.0,6.0,558450.0,650.0
2017-11-23 09:30:00,18615.0,18615.0,18600.0,18600.0,4.0,372000.0,652.0
2017-11-23 09:35:00,18600.0,18600.0,18600.0,18600.0,0.0,0.0,652.0
2017-11-23 09:40:00,18600.0,18600.0,18600.0,18600.0,0.0,0.0,652.0
2017-11-23 09:45:00,18600.0,18650.0,18600.0,18650.0,2.0,186500.0,654.0
2017-11-23 09:50:00,18650.0,18650.0,18610.0,18610.0,2.0,186100.0,656.0
2017-11-23 09:55:00,18610.0,18610.0,18610.0,18610.0,0.0,0.0,656.0
2017-11-23 10:00:00,18640.0,18640.0,18625.0,18625.0,6.0,558900.0,662.0
2017-11-23 10:05:00,18625.0,18625.0,18625.0,18625.0,0.0,0.0,662.0
2017-11-23 10:10:00,18625.0,18625.0,18620.0,18620.0,2.0,186200.0,662.0
2017-11-23 10:30:00,18620.0,18620.0,18620.0,18620.0,0.0,0.0,662.0
2017-11-23 10:35:00,18620.0,18620.0,18605.0,18605.0,2.0,186050.0,664.0
2017-11-23 10:40:00,18605.0,18605.0,18600.0,18600.0,10.0,930000.0,668.0
2017-11-23 10:45:00,18600.0,18600.0,18600.0,18600.0,2.0,186000.0,668.0
2017-11-23 10:50:00,18600.0,18600.0,18600.0,18600.0,0.0,0.0,668.0
2017-11-23 10:55:00,18600.0,18630.0,18600.0,18630.0,2.0,186300.0,668.0
2017-11-23 11:00:00,18630.0,18630.0,18630.0,18630.0,0.0,0.0,668.0
2017-11-23 11:05:00,18630.0,18630.0,18630.0,18630.0,0.0,0.0,668.0
2017-11-23 11:10:00,18630.0,18630.0,18630.0,18630.0,0.0,0.0,668.0
2017-11-23 11:15:00,18630.0,18630.0,18630.0,18630.0,0.0,0.0,668.0
2017-11-23 11:20:00,18630.0,18630.0,18630.0,18630.0,0.0,0.0,668.0
2017-11-23 11:25:00,18675.0,18675.0,18675.0,18675.0,2.0,186750.0,668.0
2017-11-23 13:30:00,18675.0,18675.0,18675.0,18675.0,0.0,0.0,668.0
2017-11-23 13:35:00,18645.0,18645.0,18645.0,18645.0,2.0,186450.0,670.0
2017-11-23 13:40:00,18645.0,18645.0,18565.0,18565.0,6.0,557600.0,676.0
2017-11-23 13:45:00,18565.0,18565.0,18565.0,18565.0,0.0,0.0,676.0
2017-11-23 13:50:00,18565.0,18565.0,18565.0,18565.0,0.0,0.0,676.0
2017-11-23 13:55:00,18565.0,18565.0,18545.0,18550.0,6.0,556600.0,676.0
2017-11-23 14:00:00,18550.0,18550.0,18500.0,18500.0,24.0,2221800.0,666.0
2017-11-23 14:05:00,18500.0,18500.0,18500.0,18500.0,0.0,0.0,666.0
2017-11-23 14:10:00,18500.0,18500.0,18500.0,18500.0,0.0,0.0,666.0
2017-11-23 14:15:00,18500.0,18500.0,18500.0,18500.0,0.0,0.0,666.0
2017-11-23 14:20:00,18500.0,18500.0,18500.0,18500.0,0.0,0.0,666.0
2017-11-23 14:25:00,18500.0,18500.0,18500.0,18500.0,0.0,0.0,666.0
2017-11-23 14:30:00,18500.0,18500.0,18470.0,18470.0,12.0,1108200.0,656.0
2017-11-23 14:35:00,18470.0,18470.0,18470.0,18470.0,0.0,0.0,656.0
2017-11-23 14:40:00,18470.0,18470.0,18465.0,18465.0,10.0,923250.0,662.0
2017-11-23 14:45:00,18465.0,18465.0,18465.0,18465.0,2.0,184650.0,664.0
2017-11-23 14:50:00,18480.0,18495.0,18480.0,18495.0,4.0,369750.0,666.0
2017-11-23 14:55:00,18495.0,18495.0,18385.0,18385.0,4.0,368050.0,666.0
2017-11-23 21:00:00,18780.0,18780.0,18365.0,18440.0,8.0,735650.0,662.0
2017-11-23 21:05:00,18440.0,18440.0,18440.0,18440.0,0.0,0.0,662.0
2017-11-23 21:10:00,18440.0,18440.0,18440.0,18440.0,0.0,0.0,662.0
2017-11-23 21:15:00,18440.0,18440.0,18440.0,18440.0,0.0,0.0,662.0
2017-11-23 21:20:00,18440.0,18440.0,18440.0,18440.0,0.0,0.0,662.0
2017-11-23 21:25:00,18440.0,18475.0,18440.0,18475.0,2.0,184750.0,664.0
2017-11-23 21:30:00,18475.0,18475.0,18445.0,18445.0,10.0,922250.0,668.0
2017-11-23 21:35:00,18445.0,18445.0,18445.0,18445.0,0.0,0.0,668.0
2017-11-23 21:40:00,18445.0,18445.0,18445.0,18445.0,0.0,0.0,668.0
2017-11-23 21:45:00,18510.0,18510.0,18490.0,18490.0,4.0,370000.0,668.0
2017-11-23 21:50:00,18490.0,18490.0,18470.0,18470.0,12.0,1108400.0,658.0
2017-11-23 21:55:00,18470.0,18490.0,18470.0,18490.0,6.0,554700.0,654.0
2017-11-23 22:00:00,18490.0,18490.0,18490.0,18490.0,0.0,0.0,654.0
2017-11-23 22:05:00,18490.0,18490.0,18490.0,18490.0,2.0,184900.0,654.0
2017-11-23 22:10:00,18490.0,18490.0,18490.0,18490.0,0.0,0.0,654.0
2017-11-23 22:15:00,18490.0,18490.0,18490.0,18490.0,0.0,0.0,654.0
2017-11-23 22:20:00,18490.0,18490.0,18490.0,18490.0,0.0,0.0,654.0
2017-11-23 22:25:00,18490.0,18490.0,18490.0,18490.0,0.0,0.0,654.0
2017-11-23 22:30:00,18490.0,18490.0,18490.0,18490.0,0.0,0.0,654.0
2017-11-23 22:35:00,18490.0,18490.0,18490.0,18490.0,0.0,0.0,654.0
2017-11-23 22:40:00,18490.0,18575.0,18490.0,18575.0,2.0,185750.0,652.0
2017-11-23 22:45:00,18575.0,18575.0,18575.0,18575.0,0.0,0.0,652.0
2017-11-23 22:50:00,18575.0,18575.0,18575.0,18575.0,0.0,0.0,652.0
2017-11-23 22:55:00,18575.0,18575.0,18575.0,18575.0,0.0,0.0,652.0
2017-11-23 23:00:00,18575.0,18575.0,18575.0,18575.0,0.0,0.0,652.0
2017-11-23 23:05:00,18575.0,18575.0,18575.0,18575.0,0.0,0.0,652.0
2017-11-23 23:10:00,18575.0,18575.0,18575.0,18575.0,0.0,0.0,652.0
2017-11-23 23:15:00,18575.0,18575.0,18575.0,18575.0,0.0,0.0,652.0
2017-11-23 23:20:00,18575.0,18575.0,18485.0,18485.0,2.0,184850.0,652.0
2017-11-23 23:25:00,18485.0,18485.0,18485.0,18485.0,0.0,0.0,652.0
2017-11-23 23:30:00,18485.0,18485.0,18485.0,18485.0,0.0,0.0,652.0
2017-11-23 23:35:00,18485.0,18485.0,18450.0,18450.0,4.0,369000.0,654.0
2017-11-23 23:40:00,18450.0,18450.0,18450.0,18450.0,0.0,0.0,654.0
2017-11-23 23:45:00,18450.0,18510.0,18450.0,18510.0,2.0,185100.0,654.0
2017-11-23 23:50:00,18510.0,18510.0,18510.0,18510.0,0.0,0.0,654.0
2017-11-23 23:55:00,18510.0,18510.0,18510.0,18510.0,0.0,0.0,654.0
2017-11-24 00:00:00,18510.0,18510.0,18510.0,18510.0,0.0,0.0,654.0
2017-11-24 00:05:00,18510.0,18510.0,18510.0,18510.0,0.0,0.0,654.0
2017-11-24 00:10:00,18510.0,18510.0,18510.0,18510.0,0.0,0.0,654.0
2017-11-24 00:15:00,18510.0,18510.0,18510.0,18510.0,0.0,0.0,654.0
2017-11-24 00:20:00,18510.0,18510.0,18510.0,18510.0,0.0,0.0,654.0
2017-11-24 00:25:00,18510.0,18510.0,18510.0,18510.0,0.0,0.0,654.0
2017-11-24 00:30:00,18510.0,18510.0,18510.0,18510.0,0.0,0.0,654.0
2017-11-24 00:35:00,18510.0,18510.0,18510.0,18510.0,0.0,0.0,654.0
2017-11-24 00:40:00,18510.0,18510.0,18510.0,18510.0,0.0,0.0,654.0
2017-11-24 00:45:00,18510.0,18510.0,18510.0,18510.0,0.0,0.0,654.0
2017-11-24 00:50:00,18510.0,18510.0,18510.0,18510.0,0.0,0.0,654.0
2017-11-24 00:55:00,18510.0,18510.0,18510.0,18510.0,0.0,0.0,654.0
2017-11-24 09:00:00,18510.0,18510.0,18510.0,18510.0,0.0,0.0,654.0
2017-11-24 09:05:00,18510.0,18510.0,18510.0,18510.0,0.0,0.0,654.0
2017-11-24 09:10:00,18510.0,18510.0,18510.0,18510.0,0.0,0.0,654.0
2017-11-24 09:15:00,18565.0,18565.0,18520.0,18520.0,4.0,370850.0,654.0
2017-11-24 09:20:00,18520.0,18575.0,18520.0,18575.0,8.0,742100.0,660.0
2017-11-24 09:25:00,18515.0,18515.0,18515.0,18515.0,2.0,185150.0,658.0
2017-11-24 09:30:00,18515.0,18585.0,18515.0,18585.0,8.0,742750.0,666.0
2017-11-24 09:35:00,18585.0,18585.0,18585.0,18585.0,0.0,0.0,666.0
2017-11-24 09:40:00,18585.0,18585.0,18585.0,18585.0,0.0,0.0,666.0
2017-11-24 09:45:00,18585.0,18585.0,18585.0,18585.0,0.0,0.0,666.0
2017-11-24 09:50:00,18585.0,18585.0,18585.0,18585.0,0.0,0.0,666.0
2017-11-24 09:55:00,18585.0,18585.0,18560.0,18560.0,2.0,185600.0,668.0
2017-11-24 10:00:00,18560.0,18560.0,18560.0,18560.0,0.0,0.0,668.0
2017-11-24 10:05:00,18560.0,18560.0,18560.0,18560.0,0.0,0.0,668.0
2017-11-24 10:10:00,18560.0,18560.0,18560.0,18560.0,0.0,0.0,668.0
2017-11-24 10:30:00,18560.0,18560.0,18560.0,18560.0,0.0,0.0,668.0
2017-11-24 10:35:00,18560.0,18560.0,18560.0,18560.0,0.0,0.0,668.0
2017-11-24 10:40:00,18540.0,18540.0,18540.0,18540.0,2.0,185400.0,668.0
2017-11-24 10:45:00,18540.0,18540.0,18540.0,18540.0,0.0,0.0,668.0
2017-11-24 10:50:00,18540.0,18540.0,18540.0,18540.0,0.0,0.0,668.0
2017-11-24 10:55:00,18540.0,18540.0,18540.0,18540.0,0.0,0.0,668.0
2017-11-24 11:00:00,18500.0,18500.0,18500.0,18500.0,2.0,185000.0,666.0
2017-11-24 11:05:00,18500.0,18500.0,18500.0,18500.0,0.0,0.0,666.0
2017-11-24 11:10:00,18500.0,18500.0,18500.0,18500.0,0.0,0.0,666.0
2017-11-24 11:15:00,18500.0,18500.0,18500.0,18500.0,0.0,0.0,666.0
2017-11-24 11:20:00,18500.0,18500.0,18500.0,18500.0,0.0,0.0,666.0
2017-11-24 11:25:00,18500.0,18500.0,18500.0,18500.0,0.0,0.0,666.0
2017-11-24 13:30:00,18500.0,18500.0,18500.0,18500.0,0.0,0.0,666.0
2017-11-24 13:35:00,18500.0,18555.0,18500.0,18555.0,2.0,185550.0,664.0
2017-11-24 13:40:00,18555.0,18555.0,18555.0,18555.0,0.0,0.0,664.0
2017-11-24 13:45:00,18555.0,18610.0,18555.0,18610.0,2.0,186100.0,664.0
2017-11-24 13:50:00,18635.0,18635.0,18635.0,18635.0,2.0,186350.0,664.0
2017-11-24 13:55:00,18635.0,18635.0,18630.0,18630.0,2.0,186300.0,664.0
2017-11-24 14:00:00,18630.0,18630.0,18630.0,18630.0,0.0,0.0,664.0
2017-11-24 14:05:00,18630.0,18630.0,18630.0,18630.0,0.0,0.0,664.0
2017-11-24 14:10:00,18600.0,18600.0,18600.0,18600.0,20.0,1860000.0,664.0
2017-11-24 14:15:00,18670.0,18700.0,18630.0,18630.0,12.0,1119850.0,664.0
2017-11-24 14:20:00,18630.0,18630.0,18630.0,18630.0,0.0,0.0,664.0
2017-11-24 14:25:00,18630.0,18630.0,18630.0,18630.0,0.0,0.0,664.0
2017-11-24 14:30:00,18630.0,18630.0,18630.0,18630.0,0.0,0.0,664.0
2017-11-24 14:35:00,18630.0,18630.0,18630.0,18630.0,0.0,0.0,664.0
2017-11-24 14:40:00,18630.0,18630.0,18630.0,18630.0,0.0,0.0,664.0
2017-11-24 14:45:00,18625.0,18625.0,18615.0,18625.0,6.0,558650.0,662.0
2017-11-24 14:50:00,18625.0,18625.0,18625.0,18625.0,0.0,0.0,662.0
2017-11-24 14:55:00,18625.0,18625.0,18625.0,18625.0,0.0,0.0,662.0
2017-11-24 21:00:00,18535.0,18665.0,18535.0,18665.0,2.0,186650.0,664.0
2017-11-24 21:05:00,18740.0,18855.0,18735.0,18735.0,20.0,1876100.0,678.0
2017-11-24 21:10:00,18735.0,18735.0,18735.0,18735.0,0.0,0.0,678.0
2017-11-24 21:15:00,18735.0,18735.0,18730.0,18730.0,2.0,187300.0,678.0
2017-11-24 21:20:00,18730.0,18730.0,18730.0,18730.0,0.0,0.0,678.0
2017-11-24 21:25:00,18730.0,18730.0,18715.0,18715.0,2.0,187150.0,676.0
2017-11-24 21:30:00,18715.0,18715.0,18715.0,18715.0,0.0,0.0,676.0
2017-11-24 21:35:00,18715.0,18715.0,18705.0,18705.0,2.0,187050.0,674.0
2017-11-24 21:40:00,18705.0,18705.0,18705.0,18705.0,0.0,0.0,674.0
2017-11-24 21:45:00,18705.0,18705.0,18705.0,18705.0,2.0,187050.0,672.0
2017-11-24 21:50:00,18705.0,18705.0,18705.0,18705.0,0.0,0.0,672.0
2017-11-24 21:55:00,18705.0,18705.0,18705.0,18705.0,0.0,0.0,672.0
2017-11-24 22:00:00,18705.0,18705.0,18705.0,18705.0,0.0,0.0,672.0
2017-11-24 22:05:00,18705.0,18705.0,18705.0,18705.0,0.0,0.0,672.0
2017-11-24 22:10:00,18705.0,18835.0,18705.0,18795.0,12.0,1126450.0,682.0
2017-11-24 22:15:00,18795.0,18795.0,18795.0,18795.0,0.0,0.0,682.0
2017-11-24 22:20:00,18795.0,18820.0,18735.0,18820.0,10.0,938850.0,686.0
2017-11-24 22:25:00,18820.0,18820.0,18820.0,18820.0,0.0,0.0,686.0
2017-11-24 22:30:00,18820.0,18820.0,18820.0,18820.0,0.0,0.0,686.0
2017-11-24 22:35:00,18820.0,18820.0,18820.0,18820.0,0.0,0.0,686.0
2017-11-24 22:40:00,18820.0,18820.0,18820.0,18820.0,0.0,0.0,686.0
2017-11-24 22:45:00,18820.0,18820.0,18820.0,18820.0,0.0,0.0,686.0
2017-11-24 22:50:00,18820.0,18820.0,18760.0,18760.0,2.0,187600.0,684.0
2017-11-24 22:55:00,18730.0,18730.0,18720.0,18720.0,16.0,1498000.0,690.0
2017-11-24 23:00:00,18720.0,18720.0,18720.0,18720.0,0.0,0.0,690.0
2017-11-24 23:05:00,18720.0,18720.0,18720.0,18720.0,0.0,0.0,690.0
2017-11-24 23:10:00,18720.0,18720.0,18720.0,18720.0,0.0,0.0,690.0
2017-11-24 23:15:00,18720.0,18720.0,18720.0,18720.0,0.0,0.0,690.0
2017-11-24 23:20:00,18725.0,18725.0,18725.0,18725.0,20.0,1872500.0,708.0
2017-11-24 23:25:00,18725.0,18725.0,18725.0,18725.0,0.0,0.0,708.0
2017-11-24 23:30:00,18725.0,18745.0,18725.0,18745.0,4.0,374900.0,704.0
2017-11-24 23:35:00,18745.0,18745.0,18735.0,18735.0,16.0,1498800.0,714.0
2017-11-24 23:40:00,18735.0,18735.0,18720.0,18720.0,2.0,187200.0,712.0
2017-11-24 23:45:00,18740.0,18790.0,18740.0,18790.0,8.0,751000.0,716.0
2017-11-24 23:50:00,18790.0,18790.0,18790.0,18790.0,0.0,0.0,716.0
2017-11-24 23:55:00,18790.0,18790.0,18790.0,18790.0,0.0,0.0,716.0
2017-11-25 00:00:00,18790.0,18790.0,18790.0,18790.0,0.0,0.0,716.0
2017-11-25 00:05:00,18790.0,18790.0,18790.0,18790.0,0.0,0.0,716.0
2017-11-25 00:10:00,18790.0,18790.0,18790.0,18790.0,0.0,0.0,716.0
2017-11-25 00:15:00,18790.0,18790.0,18790.0,18790.0,0.0,0.0,716.0
2017-11-25 00:20:00,18790.0,18790.0,18790.0,18790.0,0.0,0.0,716.0
2017-11-25 00:25:00,18790.0,18790.0,18790.0,18790.0,0.0,0.0,716.0
2017-11-25 00:30:00,18790.0,18790.0,18790.0,18790.0,0.0,0.0,716.0
2017-11-25 00:35:00,18790.0,18790.0,18790.0,18790.0,0.0,0.0,716.0
2017-11-25 00:40:00,18790.0,18790.0,18790.0,18790.0,0.0,0.0,716.0
2017-11-25 00:45:00,18790.0,18790.0,18790.0,18790.0,0.0,0.0,716.0
2017-11-25 00:50:00,18790.0,18790.0,18790.0,18790.0,0.0,0.0,716.0
2017-11-25 00:55:00,18790.0,18790.0,18790.0,18790.0,0.0,0.0,716.0
2017-11-27 09:00:00,18790.0,18790.0,18790.0,18790.0,0.0,0.0,716.0
2017-11-27 09:05:00,18790.0,18790.0,18730.0,18785.0,26.0,2436050.0,740.0
2017-11-27 09:10:00,18715.0,18770.0,18680.0,18690.0,40.0,3743300.0,770.0
2017-11-27 09:15:00,18690.0,18690.0,18690.0,18690.0,0.0,0.0,770.0
2017-11-27 09:20:00,18690.0,18705.0,18690.0,18705.0,8.0,748050.0,774.0
2017-11-27 09:25:00,18695.0,18695.0,18695.0,18695.0,4.0,373900.0,774.0
2017-11-27 09:30:00,18695.0,18695.0,18695.0,18695.0,0.0,0.0,774.0
2017-11-27 09:35:00,18695.0,18750.0,18695.0,18750.0,16.0,1496800.0,788.0
2017-11-27 09:40:00,18750.0,18750.0,18750.0,18750.0,0.0,0.0,788.0
2017-11-27 09:45:00,18750.0,18750.0,18715.0,18715.0,8.0,748600.0,794.0
2017-11-27 09:50:00,18715.0,18715.0,18715.0,18715.0,0.0,0.0,794.0
2017-11-27 09:55:00,18715.0,18715.0,18715.0,18715.0,0.0,0.0,794.0
2017-11-27 10:00:00,18715.0,18715.0,18700.0,18700.0,8.0,748000.0,794.0
2017-11-27 10:05:00,18700.0,18700.0,18700.0,18700.0,0.0,0.0,794.0
2017-11-27 10:10:00,18700.0,18700.0,18700.0,18700.0,0.0,0.0,794.0
2017-11-27 10:30:00,18700.0,18700.0,18700.0,18700.0,0.0,0.0,794.0
2017-11-27 10:35:00,18700.0,18815.0,18700.0,18785.0,60.0,5625900.0,850.0
2017-11-27 10:40:00,18785.0,18785.0,18720.0,18720.0,2.0,187200.0,850.0
2017-11-27 10:45:00,18720.0,18720.0,18720.0,18720.0,0.0,0.0,850.0
2017-11-27 10:50:00,18720.0,18740.0,18700.0,18700.0,28.0,2619000.0,858.0
2017-11-27 10:55:00,18700.0,18700.0,18635.0,18635.0,16.0,1492750.0,858.0
2017-11-27 11:00:00,18635.0,18700.0,18635.0,18700.0,6.0,560750.0,856.0
2017-11-27 11:05:00,18700.0,18700.0,18700.0,18700.0,0.0,0.0,856.0
2017-11-27 11:10:00,18665.0,18680.0,18665.0,18680.0,4.0,373450.0,856.0
2017-11-27 11:15:00,18680.0,18685.0,18675.0,18685.0,8.0,747200.0,864.0
2017-11-27 11:20:00,18675.0,18680.0,18610.0,18620.0,30.0,2797000.0,884.0
2017-11-27 11:25:00,18620.0,18620.0,18605.0,18605.0,2.0,186050.0,884.0
2017-11-27 13:30:00,18605.0,18605.0,18605.0,18605.0,0.0,0.0,884.0
2017-11-27 13:35:00,18530.0,18530.0,18450.0,18470.0,112.0,10357350.0,974.0
2017-11-27 13:40:00,18470.0,18470.0,18445.0,18445.0,14.0,1291200.0,982.0
2017-11-27 13:45:00,18445.0,18445.0,18435.0,18435.0,2.0,184350.0,984.0
2017-11-27 13:50:00,18435.0,18450.0,18410.0,18450.0,22.0,2027450.0,992.0
2017-11-27 13:55:00,18450.0,18450.0,18450.0,18450.0,0.0,0.0,992.0
2017-11-27 14:00:00,18415.0,18445.0,18415.0,18445.0,6.0,552750.0,996.0
2017-11-27 14:05:00,18415.0,18450.0,18415.0,18450.0,6.0,553100.0,996.0
2017-11-27 14:10:00,18425.0,18425.0,18425.0,18425.0,4.0,368500.0,996.0
2017-11-27 14:15:00,18425.0,18425.0,18425.0,18425.0,0.0,0.0,996.0
2017-11-27 14:20:00,18425.0,18425.0,18425.0,18425.0,0.0,0.0,996.0
2017-11-27 14:25:00,18425.0,18425.0,18425.0,18425.0,0.0,0.0,996.0
2017-11-27 14:30:00,18425.0,18430.0,18425.0,18430.0,2.0,184300.0,996.0
2017-11-27 14:35:00,18430.0,18430.0,18415.0,18415.0,8.0,737050.0,996.0
2017-11-27 14:40:00,18415.0,18415.0,18415.0,18415.0,0.0,0.0,996.0
2017-11-27 14:45:00,18415.0,18415.0,18415.0,18415.0,2.0,184150.0,998.0
2017-11-27 14:50:00,18415.0,18415.0,18415.0,18415.0,0.0,0.0,998.0
2017-11-27 14:55:00,18415.0,18415.0,18415.0,18415.0,0.0,0.0,998.0
2017-11-27 21:00:00,18410.0,18410.0,18410.0,18410.0,2.0,184100.0,998.0
2017-11-27 21:05:00,18410.0,18410.0,18410.0,18410.0,0.0,0.0,998.0
2017-11-27 21:10:00,18410.0,18475.0,18410.0,18475.0,8.0,738950.0,1004.0
2017-11-27 21:15:00,18475.0,18475.0,18475.0,18475.0,4.0,369500.0,1002.0
2017-11-27 21:20:00,18475.0,18475.0,18475.0,18475.0,0.0,0.0,1002.0
2017-11-27 21:25:00,18475.0,18475.0,18475.0,18475.0,0.0,0.0,1002.0
2017-11-27 21:30:00,18475.0,18550.0,18475.0,18540.0,6.0,556400.0,1000.0
2017-11-27 21:35:00,18540.0,18540.0,18495.0,18495.0,2.0,184950.0,1000.0
2017-11-27 21:40:00,18495.0,18495.0,18495.0,18495.0,2.0,184950.0,1000.0
2017-11-27 21:45:00,18495.0,18495.0,18485.0,18485.0,6.0,554750.0,1002.0
2017-11-27 21:50:00,18485.0,18535.0,18485.0,18535.0,2.0,185350.0,1000.0
2017-11-27 21:55:00,18535.0,18535.0,18535.0,18535.0,0.0,0.0,1000.0
2017-11-27 22:00:00,18535.0,18535.0,18535.0,18535.0,0.0,0.0,1000.0
2017-11-27 22:05:00,18535.0,18570.0,18495.0,18570.0,56.0,5180150.0,1052.0
2017-11-27 22:10:00,18495.0,18545.0,18495.0,18520.0,78.0,7214700.0,1126.0
2017-11-27 22:15:00,18520.0,18545.0,18520.0,18545.0,10.0,926600.0,1124.0
2017-11-27 22:20:00,18520.0,18520.0,18520.0,18520.0,2.0,185200.0,1124.0
2017-11-27 22:25:00,18520.0,18530.0,18520.0,18530.0,2.0,185300.0,1124.0
2017-11-27 22:30:00,18530.0,18545.0,18525.0,18540.0,12.0,1112400.0,1130.0
2017-11-27 22:35:00,18540.0,18540.0,18505.0,18505.0,8.0,741100.0,1130.0
2017-11-27 22:40:00,18505.0,18530.0,18505.0,18520.0,6.0,555700.0,1130.0
2017-11-27 22:45:00,18520.0,18520.0,18520.0,18520.0,0.0,0.0,1130.0
2017-11-27 22:50:00,18520.0,18520.0,18520.0,18520.0,0.0,0.0,1130.0
2017-11-27 22:55:00,18520.0,18520.0,18520.0,18520.0,0.0,0.0,1130.0
2017-11-27 23:00:00,18520.0,18520.0,18520.0,18520.0,0.0,0.0,1130.0
2017-11-27 23:05:00,18520.0,18570.0,18520.0,18570.0,2.0,185700.0,1130.0
2017-11-27 23:10:00,18570.0,18570.0,18570.0,18570.0,0.0,0.0,1130.0
2017-11-27 23:15:00,18570.0,18570.0,18540.0,18545.0,6.0,556300.0,1124.0
2017-11-27 23:20:00,18545.0,18545.0,18545.0,18545.0,0.0,0.0,1124.0
2017-11-27 23:25:00,18545.0,18545.0,18545.0,18545.0,0.0,0.0,1124.0
2017-11-27 23:30:00,18545.0,18545.0,18545.0,18545.0,0.0,0.0,1124.0
2017-11-27 23:35:00,18545.0,18545.0,18545.0,18545.0,6.0,556350.0,1118.0
2017-11-27 23:40:00,18545.0,18545.0,18545.0,18545.0,0.0,0.0,1118.0
2017-11-27 23:45:00,18545.0,18545.0,18545.0,18545.0,0.0,0.0,1118.0
2017-11-27 23:50:00,18545.0,18545.0,18545.0,18545.0,0.0,0.0,1118.0
2017-11-27 23:55:00,18545.0,18565.0,18545.0,18565.0,2.0,185650.0,1118.0
2017-11-28 00:00:00,18565.0,18565.0,18565.0,18565.0,0.0,0.0,1118.0
2017-11-28 00:05:00,18565.0,18565.0,18565.0,18565.0,0.0,0.0,1118.0
2017-11-28 00:10:00,18565.0,18565.0,18565.0,18565.0,0.0,0.0,1118.0
2017-11-28 00:15:00,18565.0,18565.0,18565.0,18565.0,0.0,0.0,1118.0
2017-11-28 00:20:00,18565.0,18565.0,18565.0,18565.0,0.0,0.0,1118.0
2017-11-28 00:25:00,18565.0,18565.0,18560.0,18560.0,2.0,185600.0,1118.0
2017-11-28 00:30:00,18560.0,18560.0,18550.0,18550.0,2.0,185500.0,1120.0
2017-11-28 00:35:00,18550.0,18550.0,18550.0,18550.0,0.0,0.0,1120.0
2017-11-28 00:40:00,18550.0,18550.0,18550.0,18550.0,0.0,0.0,1120.0
2017-11-28 00:45:00,18550.0,18550.0,18550.0,18550.0,0.0,0.0,1120.0
2017-11-28 00:50:00,18550.0,18550.0,18550.0,18550.0,0.0,0.0,1120.0
2017-11-28 00:55:00,18550.0,18550.0,18550.0,18550.0,0.0,0.0,1120.0
2017-11-28 09:00:00,18550.0,18550.0,18550.0,18550.0,0.0,0.0,1120.0
2017-11-28 09:05:00,18550.0,18550.0,18550.0,18550.0,0.0,0.0,1120.0
2017-11-28 09:10:00,18550.0,18550.0,18460.0,18460.0,4.0,369400.0,1122.0
2017-11-28 09:15:00,18460.0,18460.0,18445.0,18445.0,4.0,368900.0,1122.0
2017-11-28 09:20:00,18445.0,18445.0,18445.0,18445.0,0.0,0.0,1122.0
2017-11-28 09:25:00,18445.0,18510.0,18445.0,18510.0,2.0,185100.0,1120.0
2017-11-28 09:30:00,18510.0,18510.0,18510.0,18510.0,0.0,0.0,1120.0
2017-11-28 09:35:00,18510.0,18510.0,18510.0,18510.0,0.0,0.0,1120.0
2017-11-28 09:40:00,18510.0,18510.0,18510.0,18510.0,0.0,0.0,1120.0
2017-11-28 09:45:00,18510.0,18510.0,18510.0,18510.0,0.0,0.0,1120.0
2017-11-28 09:50:00,18510.0,18510.0,18455.0,18455.0,2.0,184550.0,1120.0
2017-11-28 09:55:00,18455.0,18455.0,18455.0,18455.0,0.0,0.0,1120.0
2017-11-28 10:00:00,18455.0,18455.0,18420.0,18420.0,8.0,736900.0,1120.0
2017-11-28 10:05:00,18420.0,18450.0,18420.0,18450.0,2.0,184500.0,1120.0
2017-11-28 10:10:00,18450.0,18450.0,18450.0,18450.0,0.0,0.0,1120.0
2017-11-28 10:30:00,18450.0,18470.0,18450.0,18470.0,4.0,369400.0,1120.0
2017-11-28 10:35:00,18470.0,18470.0,18470.0,18470.0,0.0,0.0,1120.0
2017-11-28 10:40:00,18470.0,18470.0,18470.0,18470.0,0.0,0.0,1120.0
2017-11-28 10:45:00,18470.0,18470.0,18425.0,18450.0,6.0,553150.0,1120.0
2017-11-28 10:50:00,18435.0,18435.0,18435.0,18435.0,2.0,184350.0,1120.0
2017-11-28 10:55:00,18435.0,18460.0,18435.0,18460.0,4.0,368950.0,1118.0
2017-11-28 11:00:00,18460.0,18460.0,18400.0,18400.0,6.0,552100.0,1120.0
2017-11-28 11:05:00,18350.0,18370.0,18160.0,18370.0,26.0,2377600.0,1114.0
2017-11-28 11:10:00,18345.0,18355.0,18345.0,18355.0,4.0,367000.0,1116.0
2017-11-28 11:15:00,18355.0,18355.0,18355.0,18355.0,0.0,0.0,1116.0
2017-11-28 11:20:00,18355.0,18370.0,18325.0,18365.0,22.0,2017800.0,1126.0
2017-11-28 11:25:00,18390.0,18390.0,18365.0,18365.0,32.0,2939900.0,1136.0
2017-11-28 13:30:00,18365.0,18400.0,18365.0,18400.0,2.0,184000.0,1136.0
2017-11-28 13:35:00,18400.0,18465.0,18400.0,18440.0,8.0,738200.0,1130.0
2017-11-28 13:40:00,18440.0,18440.0,18420.0,18420.0,2.0,184200.0,1132.0
2017-11-28 13:45:00,18420.0,18420.0,18420.0,18420.0,0.0,0.0,1132.0
2017-11-28 13:50:00,18400.0,18400.0,18375.0,18390.0,12.0,1103450.0,1132.0
2017-11-28 13:55:00,18390.0,18390.0,18375.0,18375.0,4.0,367500.0,1130.0
2017-11-28 14:00:00,18375.0,18375.0,18355.0,18355.0,2.0,183550.0,1132.0
2017-11-28 14:05:00,18330.0,18330.0,18330.0,18330.0,4.0,366600.0,1136.0
2017-11-28 14:10:00,18330.0,18330.0,18330.0,18330.0,0.0,0.0,1136.0
2017-11-28 14:15:00,18330.0,18395.0,18330.0,18395.0,4.0,367900.0,1136.0
2017-11-28 14:20:00,18395.0,18425.0,18395.0,18425.0,4.0,368200.0,1136.0
2017-11-28 14:25:00,18425.0,18425.0,18425.0,18425.0,2.0,184250.0,1134.0
2017-11-28 14:30:00,18430.0,18465.0,18430.0,18435.0,10.0,922500.0,1132.0
2017-11-28 14:35:00,18435.0,18460.0,18435.0,18450.0,8.0,738100.0,1124.0
2017-11-28 14:40:00,18450.0,18450.0,18450.0,18450.0,0.0,0.0,1124.0
2017-11-28 14:45:00,18450.0,18450.0,18450.0,18450.0,0.0,0.0,1124.0
2017-11-28 14:50:00,18450.0,18450.0,18450.0,18450.0,4.0,369000.0,1120.0
2017-11-28 14:55:00,18450.0,18480.0,18450.0,18480.0,4.0,369300.0,1118.0
2017-11-28 21:00:00,18450.0,18470.0,18450.0,18470.0,4.0,369200.0,1120.0
2017-11-28 21:05:00,18470.0,18490.0,18470.0,18480.0,4.0,369700.0,1118.0
2017-11-28 21:10:00,18480.0,18480.0,18480.0,18480.0,0.0,0.0,1118.0
2017-11-28 21:15:00,18435.0,18435.0,18350.0,18350.0,6.0,551950.0,1120.0
2017-11-28 21:20:00,18350.0,18350.0,18315.0,18315.0,6.0,549650.0,1120.0
2017-11-28 21:25:00,18315.0,18365.0,18315.0,18365.0,8.0,733400.0,1118.0
2017-11-28 21:30:00,18365.0,18365.0,18365.0,18365.0,0.0,0.0,1118.0
2017-11-28 21:35:00,18365.0,18365.0,18360.0,18360.0,2.0,183600.0,1118.0
2017-11-28 21:40:00,18360.0,18360.0,18360.0,18360.0,0.0,0.0,1118.0
2017-11-28 21:45:00,18360.0,18360.0,18360.0,18360.0,2.0,183600.0,1118.0
2017-11-28 21:50:00,18360.0,18360.0,18360.0,18360.0,0.0,0.0,1118.0
2017-11-28 21:55:00,18360.0,18360.0,18360.0,18360.0,0.0,0.0,1118.0
2017-11-28 22:00:00,18360.0,18360.0,18360.0,18360.0,0.0,0.0,1118.0
2017-11-28 22:05:00,18360.0,18360.0,18360.0,18360.0,0.0,0.0,1118.0
2017-11-28 22:10:00,18390.0,18395.0,18315.0,18320.0,20.0,1835400.0,1118.0
2017-11-28 22:15:00,18320.0,18320.0,18295.0,18295.0,2.0,182950.0,1116.0
2017-11-28 22:20:00,18295.0,18350.0,18295.0,18350.0,8.0,733150.0,1120.0
2017-11-28 22:25:00,18350.0,18350.0,18350.0,18350.0,2.0,183500.0,1118.0
2017-11-28 22:30:00,18325.0,18325.0,18305.0,18305.0,6.0,549350.0,1120.0
2017-11-28 22:35:00,18305.0,18325.0,18305.0,18325.0,4.0,366500.0,1118.0
2017-11-28 22:40:00,18325.0,18325.0,18325.0,18325.0,0.0,0.0,1118.0
2017-11-28 22:45:00,18325.0,18325.0,18325.0,18325.0,0.0,0.0,1118.0
2017-11-28 22:50:00,18315.0,18315.0,18290.0,18290.0,10.0,915500.0,1110.0
2017-11-28 22:55:00,18290.0,18290.0,18290.0,18290.0,0.0,0.0,1110.0
2017-11-28 23:00:00,18290.0,18310.0,18290.0,18310.0,14.0,1281100.0,1124.0
2017-11-28 23:05:00,18310.0,18310.0,18310.0,18310.0,4.0,366200.0,1128.0
2017-11-28 23:10:00,18310.0,18320.0,18310.0,18320.0,2.0,183200.0,1130.0
2017-11-28 23:15:00,18320.0,18325.0,18320.0,18325.0,6.0,549750.0,1126.0
2017-11-28 23:20:00,18325.0,18335.0,18325.0,18335.0,2.0,183350.0,1124.0
2017-11-28 23:25:00,18335.0,18335.0,18335.0,18335.0,0.0,0.0,1124.0
2017-11-28 23:30:00,18335.0,18335.0,18335.0,18335.0,0.0,0.0,1124.0
2017-11-28 23:35:00,18335.0,18335.0,18335.0,18335.0,0.0,0.0,1124.0
2017-11-28 23:40:00,18335.0,18335.0,18335.0,18335.0,0.0,0.0,1124.0
2017-11-28 23:45:00,18335.0,18335.0,18330.0,18330.0,6.0,549900.0,1124.0
2017-11-28 23:50:00,18330.0,18345.0,18330.0,18345.0,10.0,917250.0,1128.0
2017-11-28 23:55:00,18345.0,18345.0,18345.0,18345.0,0.0,0.0,1128.0
2017-11-29 00:00:00,18345.0,18345.0,18345.0,18345.0,0.0,0.0,1128.0
2017-11-29 00:05:00,18345.0,18345.0,18345.0,18345.0,0.0,0.0,1128.0
2017-11-29 00:10:00,18345.0,18345.0,18345.0,18345.0,0.0,0.0,1128.0
2017-11-29 00:15:00,18345.0,18345.0,18345.0,18345.0,0.0,0.0,1128.0
2017-11-29 00:20:00,18345.0,18345.0,18345.0,18345.0,0.0,0.0,1128.0
2017-11-29 00:25:00,18345.0,18345.0,18345.0,18345.0,0.0,0.0,1128.0
2017-11-29 00:30:00,18345.0,18345.0,18345.0,18345.0,0.0,0.0,1128.0
2017-11-29 00:35:00,18345.0,18345.0,18345.0,18345.0,0.0,0.0,1128.0
2017-11-29 00:40:00,18345.0,18345.0,18345.0,18345.0,0.0,0.0,1128.0
2017-11-29 00:45:00,18345.0,18345.0,18345.0,18345.0,0.0,0.0,1128.0
2017-11-29 00:50:00,18345.0,18345.0,18345.0,18345.0,0.0,0.0,1128.0
2017-11-29 00:55:00,18345.0,18345.0,18345.0,18345.0,0.0,0.0,1128.0
2017-11-29 09:00:00,18250.0,18300.0,18235.0,18300.0,12.0,1096050.0,1122.0
2017-11-29 09:05:00,18210.0,18290.0,18210.0,18290.0,16.0,1460150.0,1132.0
2017-11-29 09:10:00,18290.0,18340.0,18290.0,18310.0,24.0,2197900.0,1134.0
2017-11-29 09:15:00,18310.0,18310.0,18310.0,18310.0,0.0,0.0,1134.0
2017-11-29 09:20:00,18310.0,18345.0,18310.0,18345.0,2.0,183450.0,1132.0
2017-11-29 09:25:00,18390.0,18390.0,18365.0,18390.0,6.0,551450.0,1132.0
2017-11-29 09:30:00,18390.0,18390.0,18390.0,18390.0,0.0,0.0,1132.0
2017-11-29 09:35:00,18390.0,18390.0,18390.0,18390.0,0.0,0.0,1132.0
2017-11-29 09:40:00,18390.0,18400.0,18390.0,18400.0,4.0,368000.0,1130.0
2017-11-29 09:45:00,18400.0,18400.0,18370.0,18370.0,2.0,183700.0,1132.0
2017-11-29 09:50:00,18370.0,18400.0,18370.0,18400.0,2.0,184000.0,1130.0
2017-11-29 09:55:00,18400.0,18400.0,18400.0,18400.0,0.0,0.0,1130.0
2017-11-29 10:00:00,18400.0,18400.0,18400.0,18400.0,0.0,0.0,1130.0
2017-11-29 10:05:00,18400.0,18400.0,18400.0,18400.0,0.0,0.0,1130.0
2017-11-29 10:10:00,18400.0,18400.0,18400.0,18400.0,0.0,0.0,1130.0
2017-11-29 10:30:00,18400.0,18400.0,18400.0,18400.0,0.0,0.0,1130.0
2017-11-29 10:35:00,18400.0,18400.0,18400.0,18400.0,0.0,0.0,1130.0
2017-11-29 10:40:00,18400.0,18400.0,18400.0,18400.0,0.0,0.0,1130.0
2017-11-29 10:45:00,18400.0,18400.0,18350.0,18350.0,4.0,367000.0,1130.0
2017-11-29 10:50:00,18350.0,18350.0,18350.0,18350.0,4.0,367000.0,1126.0
2017-11-29 10:55:00,18350.0,18350.0,18345.0,18345.0,2.0,183450.0,1124.0
2017-11-29 11:00:00,18345.0,18345.0,18345.0,18345.0,0.0,0.0,1124.0
2017-11-29 11:05:00,18345.0,18415.0,18345.0,18415.0,2.0,184150.0,1124.0
2017-11-29 11:10:00,18415.0,18415.0,18415.0,18415.0,0.0,0.0,1124.0
2017-11-29 11:15:00,18415.0,18415.0,18415.0,18415.0,0.0,0.0,1124.0
2017-11-29 11:20:00,18415.0,18415.0,18415.0,18415.0,0.0,0.0,1124.0
2017-11-29 11:25:00,18415.0,18415.0,18415.0,18415.0,0.0,0.0,1124.0
2017-11-29 13:30:00,18415.0,18450.0,18415.0,18450.0,2.0,184500.0,1124.0
2017-11-29 13:35:00,18450.0,18490.0,18450.0,18490.0,2.0,184900.0,1122.0
2017-11-29 13:40:00,18490.0,18490.0,18490.0,18490.0,0.0,0.0,1122.0
2017-11-29 13:45:00,18490.0,18490.0,18490.0,18490.0,0.0,0.0,1122.0
2017-11-29 13:50:00,18490.0,18490.0,18490.0,18490.0,0.0,0.0,1122.0
2017-11-29 13:55:00,18490.0,18490.0,18490.0,18490.0,0.0,0.0,1122.0
2017-11-29 14:00:00,18490.0,18490.0,18490.0,18490.0,0.0,0.0,1122.0
2017-11-29 14:05:00,18490.0,18490.0,18490.0,18490.0,0.0,0.0,1122.0
2017-11-29 14:10:00,18420.0,18420.0,18390.0,18420.0,6.0,552300.0,1122.0
2017-11-29 14:15:00,18420.0,18420.0,18420.0,18420.0,2.0,184200.0,1124.0
2017-11-29 14:20:00,18420.0,18420.0,18380.0,18380.0,2.0,183800.0,1122.0
2017-11-29 14:25:00,18380.0,18380.0,18380.0,18380.0,0.0,0.0,1122.0
2017-11-29 14:30:00,18380.0,18380.0,18380.0,18380.0,0.0,0.0,1122.0
2017-11-29 14:35:00,18380.0,18380.0,18380.0,18380.0,0.0,0.0,1122.0
2017-11-29 14:40:00,18380.0,18380.0,18360.0,18360.0,6.0,550800.0,1126.0
2017-11-29 14:45:00,18360.0,18360.0,18360.0,18360.0,0.0,0.0,1126.0
2017-11-29 14:50:00,18360.0,18360.0,18360.0,18360.0,0.0,0.0,1126.0
2017-11-29 14:55:00,18360.0,18360.0,18360.0,18360.0,0.0,0.0,1126.0
2017-11-29 21:00:00,18335.0,18335.0,18335.0,18335.0,0.0,0.0,1126.0
2017-11-29 21:05:00,18335.0,18335.0,18335.0,18335.0,0.0,0.0,1126.0
2017-11-29 21:10:00,18335.0,18335.0,18335.0,18335.0,2.0,183350.0,1126.0
2017-11-29 21:15:00,18335.0,18390.0,18335.0,18390.0,2.0,183900.0,1126.0
2017-11-29 21:20:00,18390.0,18390.0,18390.0,18390.0,0.0,0.0,1126.0
2017-11-29 21:25:00,18390.0,18390.0,18390.0,18390.0,0.0,0.0,1126.0
2017-11-29 21:30:00,18390.0,18390.0,18390.0,18390.0,0.0,0.0,1126.0
2017-11-29 21:35:00,18390.0,18390.0,18390.0,18390.0,0.0,0.0,1126.0
2017-11-29 21:40:00,18390.0,18390.0,18360.0,18360.0,2.0,183600.0,1128.0
2017-11-29 21:45:00,18360.0,18360.0,18360.0,18360.0,0.0,0.0,1128.0
2017-11-29 21:50:00,18360.0,18360.0,18360.0,18360.0,0.0,0.0,1128.0
2017-11-29 21:55:00,18360.0,18360.0,18330.0,18330.0,2.0,183300.0,1130.0
2017-11-29 22:00:00,18330.0,18330.0,18330.0,18330.0,0.0,0.0,1130.0
2017-11-29 22:05:00,18330.0,18330.0,18300.0,18300.0,2.0,183000.0,1132.0
2017-11-29 22:10:00,18300.0,18300.0,18300.0,18300.0,0.0,0.0,1132.0
2017-11-29 22:15:00,18310.0,18310.0,18305.0,18305.0,4.0,366150.0,1130.0
2017-11-29 22:20:00,18305.0,18305.0,18305.0,18305.0,0.0,0.0,1130.0
2017-11-29 22:25:00,18305.0,18305.0,18305.0,18305.0,0.0,0.0,1130.0
2017-11-29 22:30:00,18305.0,18305.0,18300.0,18300.0,2.0,183000.0,1130.0
2017-11-29 22:35:00,18300.0,18350.0,18300.0,18350.0,2.0,183500.0,1130.0
2017-11-29 22:40:00,18355.0,18380.0,18350.0,18380.0,8.0,734350.0,1124.0
2017-11-29 22:45:00,18380.0,18380.0,18375.0,18375.0,8.0,735000.0,1124.0
2017-11-29 22:50:00,18375.0,18375.0,18375.0,18375.0,0.0,0.0,1124.0
2017-11-29 22:55:00,18375.0,18400.0,18375.0,18395.0,6.0,551700.0,1122.0
2017-11-29 23:00:00,18395.0,18395.0,18395.0,18395.0,0.0,0.0,1122.0
2017-11-29 23:05:00,18385.0,18395.0,18385.0,18395.0,10.0,919550.0,1112.0
2017-11-29 23:10:00,18395.0,18395.0,18385.0,18385.0,4.0,367750.0,1114.0
2017-11-29 23:15:00,18385.0,18385.0,18380.0,18380.0,2.0,183800.0,1116.0
2017-11-29 23:20:00,18380.0,18380.0,18380.0,18380.0,0.0,0.0,1116.0
2017-11-29 23:25:00,18380.0,18390.0,18380.0,18390.0,2.0,183900.0,1116.0
2017-11-29 23:30:00,18390.0,18390.0,18390.0,18390.0,0.0,0.0,1116.0
2017-11-29 23:35:00,18390.0,18390.0,18390.0,18390.0,0.0,0.0,1116.0
2017-11-29 23:40:00,18390.0,18390.0,18390.0,18390.0,0.0,0.0,1116.0
2017-11-29 23:45:00,18390.0,18390.0,18390.0,18390.0,0.0,0.0,1116.0
2017-11-29 23:50:00,18390.0,18390.0,18390.0,18390.0,0.0,0.0,1116.0
2017-11-29 23:55:00,18390.0,18390.0,18390.0,18390.0,0.0,0.0,1116.0
2017-11-30 00:00:00,18390.0,18390.0,18390.0,18390.0,0.0,0.0,1116.0
2017-11-30 00:05:00,18390.0,18390.0,18390.0,18390.0,0.0,0.0,1116.0
2017-11-30 00:10:00,18390.0,18390.0,18390.0,18390.0,0.0,0.0,1116.0
2017-11-30 00:15:00,18390.0,18390.0,18390.0,18390.0,0.0,0.0,1116.0
2017-11-30 00:20:00,18390.0,18390.0,18390.0,18390.0,0.0,0.0,1116.0
2017-11-30 00:25:00,18390.0,18390.0,18390.0,18390.0,0.0,0.0,1116.0
2017-11-30 00:30:00,18390.0,18390.0,18390.0,18390.0,0.0,0.0,1116.0
2017-11-30 00:35:00,18390.0,18400.0,18390.0,18400.0,2.0,184000.0,1118.0
2017-11-30 00:40:00,18400.0,18400.0,18400.0,18400.0,0.0,0.0,1118.0
2017-11-30 00:45:00,18400.0,18400.0,18400.0,18400.0,0.0,0.0,1118.0
2017-11-30 00:50:00,18400.0,18400.0,18400.0,18400.0,0.0,0.0,1118.0
2017-11-30 00:55:00,18400.0,18400.0,18400.0,18400.0,0.0,0.0,1118.0
2017-11-30 09:00:00,18400.0,18400.0,18400.0,18400.0,0.0,0.0,1118.0
2017-11-30 09:05:00,18400.0,18400.0,18400.0,18400.0,0.0,0.0,1118.0
2017-11-30 09:10:00,18415.0,18415.0,18415.0,18415.0,6.0,552450.0,1124.0
2017-11-30 09:15:00,18350.0,18350.0,18320.0,18320.0,4.0,366700.0,1122.0
2017-11-30 09:20:00,18320.0,18320.0,18320.0,18320.0,0.0,0.0,1122.0
2017-11-30 09:25:00,18320.0,18320.0,18320.0,18320.0,0.0,0.0,1122.0
2017-11-30 09:30:00,18320.0,18335.0,18320.0,18330.0,4.0,366650.0,1122.0
2017-11-30 09:35:00,18320.0,18320.0,18320.0,18320.0,8.0,732800.0,1122.0
2017-11-30 09:40:00,18320.0,18320.0,18320.0,18320.0,0.0,0.0,1122.0
2017-11-30 09:45:00,18320.0,18320.0,18300.0,18300.0,10.0,915000.0,1112.0
2017-11-30 09:50:00,18320.0,18340.0,18320.0,18320.0,10.0,916400.0,1112.0
2017-11-30 09:55:00,18320.0,18320.0,18320.0,18320.0,0.0,0.0,1112.0
2017-11-30 10:00:00,18320.0,18320.0,18320.0,18320.0,0.0,0.0,1112.0
2017-11-30 10:05:00,18320.0,18320.0,18290.0,18290.0,2.0,182900.0,1112.0
2017-11-30 10:10:00,18300.0,18300.0,18290.0,18290.0,14.0,1280600.0,1106.0
2017-11-30 10:30:00,18315.0,18315.0,18290.0,18310.0,8.0,732050.0,1102.0
2017-11-30 10:35:00,18310.0,18310.0,18310.0,18310.0,0.0,0.0,1102.0
2017-11-30 10:40:00,18310.0,18320.0,18310.0,18315.0,4.0,366350.0,1106.0
2017-11-30 10:45:00,18320.0,18320.0,18320.0,18320.0,6.0,549600.0,1106.0
2017-11-30 10:50:00,18320.0,18320.0,18320.0,18320.0,0.0,0.0,1106.0
2017-11-30 10:55:00,18320.0,18320.0,18320.0,18320.0,10.0,916000.0,1114.0
2017-11-30 11:00:00,18320.0,18320.0,18320.0,18320.0,4.0,366400.0,1116.0
2017-11-30 11:05:00,18320.0,18320.0,18320.0,18320.0,0.0,0.0,1116.0
2017-11-30 11:10:00,18320.0,18320.0,18320.0,18320.0,0.0,0.0,1116.0
2017-11-30 11:15:00,18290.0,18290.0,18290.0,18290.0,6.0,548700.0,1110.0
2017-11-30 11:20:00,18290.0,18290.0,18290.0,18290.0,0.0,0.0,1110.0
2017-11-30 11:25:00,18290.0,18290.0,18290.0,18290.0,0.0,0.0,1110.0
2017-11-30 13:30:00,18290.0,18290.0,18290.0,18290.0,0.0,0.0,1110.0
2017-11-30 13:35:00,18290.0,18290.0,18290.0,18290.0,0.0,0.0,1110.0
2017-11-30 13:40:00,18290.0,18295.0,18290.0,18295.0,2.0,182950.0,1112.0
2017-11-30 13:45:00,18295.0,18295.0,18295.0,18295.0,0.0,0.0,1112.0
2017-11-30 13:50:00,18295.0,18355.0,18295.0,18355.0,10.0,917750.0,1106.0
2017-11-30 13:55:00,18355.0,18355.0,18355.0,18355.0,0.0,0.0,1106.0
2017-11-30 14:00:00,18355.0,18355.0,18325.0,18325.0,2.0,183250.0,1104.0
2017-11-30 14:05:00,18325.0,18325.0,18325.0,18325.0,0.0,0.0,1104.0
2017-11-30 14:10:00,18325.0,18350.0,18325.0,18350.0,4.0,367000.0,1102.0
2017-11-30 14:15:00,18350.0,18350.0,18350.0,18350.0,0.0,0.0,1102.0
2017-11-30 14:20:00,18350.0,18350.0,18320.0,18320.0,2.0,183200.0,1104.0
2017-11-30 14:25:00,18320.0,18320.0,18320.0,18320.0,0.0,0.0,1104.0
2017-11-30 14:30:00,18320.0,18410.0,18320.0,18410.0,2.0,184100.0,1106.0
2017-11-30 14:35:00,18410.0,18410.0,18390.0,18390.0,2.0,183900.0,1104.0
2017-11-30 14:40:00,18390.0,18390.0,18390.0,18390.0,0.0,0.0,1104.0
2017-11-30 14:45:00,18390.0,18390.0,18390.0,18390.0,0.0,0.0,1104.0
2017-11-30 14:50:00,18390.0,18430.0,18390.0,18430.0,2.0,184300.0,1102.0
2017-11-30 14:55:00,18430.0,18495.0,18340.0,18340.0,4.0,368350.0,1102.0
2017-11-30 21:00:00,18695.0,18695.0,18520.0,18575.0,16.0,1490250.0,1104.0
2017-11-30 21:05:00,18575.0,18585.0,18570.0,18585.0,8.0,743250.0,1110.0
2017-11-30 21:10:00,18610.0,18610.0,18570.0,18570.0,8.0,743600.0,1112.0
2017-11-30 21:15:00,18570.0,18570.0,18570.0,18570.0,0.0,0.0,1112.0
2017-11-30 21:20:00,18540.0,18540.0,18500.0,18500.0,10.0,926600.0,1108.0
2017-11-30 21:25:00,18500.0,18500.0,18500.0,18500.0,0.0,0.0,1108.0
2017-11-30 21:30:00,18500.0,18500.0,18500.0,18500.0,0.0,0.0,1108.0
2017-11-30 21:35:00,18500.0,18500.0,18500.0,18500.0,0.0,0.0,1108.0
2017-11-30 21:40:00,18500.0,18500.0,18500.0,18500.0,0.0,0.0,1108.0
2017-11-30 21:45:00,18500.0,18500.0,18500.0,18500.0,0.0,0.0,1108.0
2017-11-30 21:50:00,18500.0,18500.0,18500.0,18500.0,0.0,0.0,1108.0
2017-11-30 21:55:00,18500.0,18500.0,18500.0,18500.0,0.0,0.0,1108.0
2017-11-30 22:00:00,18500.0,18500.0,18500.0,18500.0,0.0,0.0,1108.0
2017-11-30 22:05:00,18500.0,18595.0,18500.0,18570.0,26.0,2416550.0,1090.0
2017-11-30 22:10:00,18570.0,18570.0,18570.0,18570.0,0.0,0.0,1090.0
2017-11-30 22:15:00,18570.0,18570.0,18565.0,18565.0,2.0,185650.0,1090.0
2017-11-30 22:20:00,18565.0,18565.0,18565.0,18565.0,0.0,0.0,1090.0
2017-11-30 22:25:00,18565.0,18565.0,18560.0,18560.0,6.0,556800.0,1090.0
2017-11-30 22:30:00,18560.0,18560.0,18560.0,18560.0,0.0,0.0,1090.0
2017-11-30 22:35:00,18560.0,18560.0,18560.0,18560.0,0.0,0.0,1090.0
2017-11-30 22:40:00,18560.0,18560.0,18560.0,18560.0,0.0,0.0,1090.0
2017-11-30 22:45:00,18560.0,18560.0,18560.0,18560.0,0.0,0.0,1090.0
2017-11-30 22:50:00,18560.0,18570.0,18560.0,18570.0,2.0,185700.0,1092.0
2017-11-30 22:55:00,18570.0,18610.0,18570.0,18610.0,2.0,186100.0,1090.0
2017-11-30 23:00:00,18610.0,18610.0,18610.0,18610.0,0.0,0.0,1090.0
2017-11-30 23:05:00,18610.0,18610.0,18595.0,18595.0,2.0,185950.0,1088.0
2017-11-30 23:10:00,18595.0,18595.0,18595.0,18595.0,0.0,0.0,1088.0
2017-11-30 23:15:00,18595.0,18595.0,18595.0,18595.0,0.0,0.0,1088.0
2017-11-30 23:20:00,18595.0,18595.0,18595.0,18595.0,0.0,0.0,1088.0
2017-11-30 23:25:00,18595.0,18595.0,18595.0,18595.0,0.0,0.0,1088.0
2017-11-30 23:30:00,18595.0,18645.0,18595.0,18640.0,4.0,372850.0,1084.0
2017-11-30 23:35:00,18640.0,18640.0,18640.0,18640.0,8.0,745600.0,1084.0
2017-11-30 23:40:00,18640.0,18640.0,18610.0,18610.0,14.0,1302700.0,1092.0
2017-11-30 23:45:00,18610.0,18610.0,18610.0,18610.0,0.0,0.0,1092.0
2017-11-30 23:50:00,18610.0,18610.0,18610.0,18610.0,0.0,0.0,1092.0
2017-11-30 23:55:00,18610.0,18610.0,18610.0,18610.0,0.0,0.0,1092.0
2017-12-01 00:00:00,18610.0,18610.0,18610.0,18610.0,0.0,0.0,1092.0
2017-12-01 00:05:00,18610.0,18610.0,18610.0,18610.0,0.0,0.0,1092.0
2017-12-01 00:10:00,18610.0,18610.0,18610.0,18610.0,0.0,0.0,1092.0
2017-12-01 00:15:00,18610.0,18610.0,18610.0,18610.0,0.0,0.0,1092.0
2017-12-01 00:20:00,18610.0,18610.0,18610.0,18610.0,0.0,0.0,1092.0
2017-12-01 00:25:00,18610.0,18610.0,18610.0,18610.0,0.0,0.0,1092.0
2017-12-01 00:30:00,18610.0,18610.0,18610.0,18610.0,0.0,0.0,1092.0
2017-12-01 00:35:00,18610.0,18610.0,18610.0,18610.0,0.0,0.0,1092.0
2017-12-01 00:40:00,18610.0,18610.0,18610.0,18610.0,0.0,0.0,1092.0
2017-12-01 00:45:00,18500.0,18500.0,18500.0,18500.0,2.0,185000.0,1092.0
2017-12-01 00:50:00,18500.0,18500.0,18500.0,18500.0,0.0,0.0,1092.0
2017-12-01 00:55:00,18500.0,18500.0,18500.0,18500.0,0.0,0.0,1092.0
2017-12-01 09:00:00,18500.0,18525.0,18500.0,18525.0,2.0,185250.0,1092.0
2017-12-01 09:05:00,18525.0,18525.0,18525.0,18525.0,0.0,0.0,1092.0
2017-12-01 09:10:00,18525.0,18525.0,18525.0,18525.0,0.0,0.0,1092.0
2017-12-01 09:15:00,18525.0,18585.0,18525.0,18585.0,4.0,371650.0,1094.0
2017-12-01 09:20:00,18585.0,18585.0,18585.0,18585.0,0.0,0.0,1094.0
2017-12-01 09:25:00,18585.0,18585.0,18570.0,18570.0,2.0,185700.0,1092.0
2017-12-01 09:30:00,18570.0,18570.0,18545.0,18545.0,2.0,185450.0,1090.0
2017-12-01 09:35:00,18545.0,18545.0,18545.0,18545.0,0.0,0.0,1090.0
2017-12-01 09:40:00,18545.0,18590.0,18545.0,18585.0,8.0,743450.0,1088.0
2017-12-01 09:45:00,18585.0,18585.0,18560.0,18560.0,2.0,185600.0,1086.0
2017-12-01 09:50:00,18560.0,18560.0,18560.0,18560.0,0.0,0.0,1086.0
2017-12-01 09:55:00,18560.0,18560.0,18560.0,18560.0,0.0,0.0,1086.0
2017-12-01 10:00:00,18560.0,18560.0,18560.0,18560.0,0.0,0.0,1086.0
2017-12-01 10:05:00,18560.0,18635.0,18560.0,18635.0,14.0,1302900.0,1090.0
2017-12-01 10:10:00,18635.0,18635.0,18635.0,18635.0,0.0,0.0,1090.0
2017-12-01 10:30:00,18635.0,18635.0,18600.0,18600.0,6.0,558050.0,1090.0
2017-12-01 10:35:00,18600.0,18600.0,18600.0,18600.0,0.0,0.0,1090.0
2017-12-01 10:40:00,18600.0,18600.0,18600.0,18600.0,0.0,0.0,1090.0
2017-12-01 10:45:00,18600.0,18620.0,18600.0,18620.0,4.0,372400.0,1090.0
2017-12-01 10:50:00,18620.0,18620.0,18620.0,18620.0,0.0,0.0,1090.0
2017-12-01 10:55:00,18620.0,18620.0,18570.0,18570.0,6.0,557100.0,1090.0
2017-12-01 11:00:00,18570.0,18570.0,18570.0,18570.0,0.0,0.0,1090.0
2017-12-01 11:05:00,18570.0,18640.0,18570.0,18640.0,6.0,558800.0,1092.0
2017-12-01 11:10:00,18640.0,18640.0,18640.0,18640.0,0.0,0.0,1092.0
2017-12-01 11:15:00,18595.0,18595.0,18595.0,18595.0,2.0,185950.0,1094.0
2017-12-01 11:20:00,18595.0,18595.0,18570.0,18570.0,2.0,185700.0,1094.0
2017-12-01 11:25:00,18570.0,18570.0,18550.0,18555.0,44.0,4082900.0,1084.0
2017-12-01 13:30:00,18555.0,18555.0,18555.0,18555.0,0.0,0.0,1084.0
2017-12-01 13:35:00,18555.0,18555.0,18555.0,18555.0,0.0,0.0,1084.0
2017-12-01 13:40:00,18635.0,18635.0,18635.0,18635.0,8.0,745400.0,1082.0
2017-12-01 13:45:00,18635.0,18635.0,18635.0,18635.0,0.0,0.0,1082.0
2017-12-01 13:50:00,18635.0,18635.0,18635.0,18635.0,0.0,0.0,1082.0
2017-12-01 13:55:00,18635.0,18635.0,18630.0,18630.0,6.0,558900.0,1082.0
2017-12-01 14:00:00,18630.0,18630.0,18630.0,18630.0,0.0,0.0,1082.0
2017-12-01 14:05:00,18630.0,18630.0,18630.0,18630.0,0.0,0.0,1082.0
2017-12-01 14:10:00,18630.0,18630.0,18630.0,18630.0,0.0,0.0,1082.0
2017-12-01 14:15:00,18630.0,18630.0,18630.0,18630.0,0.0,0.0,1082.0
2017-12-01 14:20:00,18630.0,18630.0,18630.0,18630.0,0.0,0.0,1082.0
2017-12-01 14:25:00,18630.0,18630.0,18630.0,18630.0,0.0,0.0,1082.0
2017-12-01 14:30:00,18625.0,18630.0,18625.0,18630.0,6.0,558800.0,1080.0
2017-12-01 14:35:00,18630.0,18630.0,18630.0,18630.0,0.0,0.0,1080.0
2017-12-01 14:40:00,18630.0,18645.0,18630.0,18645.0,2.0,186450.0,1082.0
2017-12-01 14:45:00,18645.0,18660.0,18645.0,18660.0,8.0,746300.0,1082.0
2017-12-01 14:50:00,18660.0,18660.0,18660.0,18660.0,0.0,0.0,1082.0
2017-12-01 14:55:00,18660.0,18660.0,18660.0,18660.0,0.0,0.0,1082.0
2017-12-01 21:00:00,18590.0,18590.0,18590.0,18590.0,0.0,0.0,1082.0
2017-12-01 21:05:00,18870.0,18895.0,18870.0,18870.0,6.0,566350.0,1078.0
2017-12-01 21:10:00,18930.0,19000.0,18895.0,18965.0,28.0,2655850.0,1080.0
2017-12-01 21:15:00,18965.0,18965.0,18940.0,18940.0,2.0,189400.0,1082.0
2017-12-01 21:20:00,18940.0,18940.0,18935.0,18935.0,4.0,378700.0,1082.0
2017-12-01 21:25:00,18935.0,18935.0,18895.0,18895.0,38.0,3595450.0,1060.0
2017-12-01 21:30:00,18895.0,18895.0,18895.0,18895.0,0.0,0.0,1060.0
2017-12-01 21:35:00,18895.0,18895.0,18895.0,18895.0,0.0,0.0,1060.0
2017-12-01 21:40:00,18895.0,18895.0,18895.0,18895.0,0.0,0.0,1060.0
2017-12-01 21:45:00,18895.0,18895.0,18855.0,18855.0,4.0,377100.0,1058.0
2017-12-01 21:50:00,18855.0,18855.0,18825.0,18845.0,4.0,376700.0,1058.0
2017-12-01 21:55:00,18845.0,18845.0,18845.0,18845.0,0.0,0.0,1058.0
2017-12-01 22:00:00,18845.0,18845.0,18845.0,18845.0,0.0,0.0,1058.0
2017-12-01 22:05:00,18845.0,18845.0,18845.0,18845.0,0.0,0.0,1058.0
2017-12-01 22:10:00,18845.0,18845.0,18845.0,18845.0,0.0,0.0,1058.0
2017-12-01 22:15:00,18845.0,18845.0,18845.0,18845.0,0.0,0.0,1058.0
2017-12-01 22:20:00,18845.0,18845.0,18845.0,18845.0,0.0,0.0,1058.0
2017-12-01 22:25:00,18845.0,18845.0,18825.0,18825.0,2.0,188250.0,1056.0
2017-12-01 22:30:00,18825.0,18825.0,18815.0,18815.0,6.0,564450.0,1056.0
2017-12-01 22:35:00,18815.0,18815.0,18815.0,18815.0,4.0,376300.0,1060.0
2017-12-01 22:40:00,18815.0,18815.0,18815.0,18815.0,0.0,0.0,1060.0
2017-12-01 22:45:00,18815.0,18815.0,18815.0,18815.0,0.0,0.0,1060.0
2017-12-01 22:50:00,18815.0,18865.0,18815.0,18865.0,10.0,942150.0,1066.0
2017-12-01 22:55:00,18865.0,18865.0,18865.0,18865.0,0.0,0.0,1066.0
2017-12-01 23:00:00,18865.0,18870.0,18865.0,18870.0,12.0,1132200.0,1062.0
2017-12-01 23:05:00,18870.0,18870.0,18870.0,18870.0,0.0,0.0,1062.0
2017-12-01 23:10:00,18890.0,18890.0,18890.0,18890.0,24.0,2266800.0,1076.0
2017-12-01 23:15:00,18890.0,18900.0,18890.0,18900.0,2.0,189000.0,1078.0
2017-12-01 23:20:00,18900.0,18910.0,18900.0,18910.0,2.0,189100.0,1078.0
2017-12-01 23:25:00,18910.0,18910.0,18910.0,18910.0,0.0,0.0,1078.0
2017-12-01 23:30:00,18920.0,19020.0,18920.0,19020.0,82.0,7769900.0,1146.0
2017-12-01 23:35:00,19020.0,19020.0,19005.0,19005.0,2.0,190050.0,1144.0
2017-12-01 23:40:00,19005.0,19190.0,19005.0,19060.0,8.0,763950.0,1142.0
2017-12-01 23:45:00,19060.0,19115.0,19060.0,19115.0,4.0,382300.0,1144.0
2017-12-01 23:50:00,19115.0,19210.0,19115.0,19210.0,2.0,192100.0,1146.0
2017-12-01 23:55:00,19225.0,19225.0,19160.0,19160.0,8.0,767300.0,1142.0
2017-12-02 00:00:00,19195.0,19230.0,19195.0,19230.0,8.0,768500.0,1142.0
2017-12-02 00:05:00,19230.0,19230.0,19230.0,19230.0,0.0,0.0,1142.0
2017-12-02 00:10:00,19230.0,19230.0,19230.0,19230.0,0.0,0.0,1142.0
2017-12-02 00:15:00,19230.0,19230.0,19230.0,19230.0,0.0,0.0,1142.0
2017-12-02 00:20:00,19230.0,19230.0,19230.0,19230.0,0.0,0.0,1142.0
2017-12-02 00:25:00,19230.0,19230.0,19230.0,19230.0,0.0,0.0,1142.0
2017-12-02 00:30:00,19230.0,19230.0,19230.0,19230.0,0.0,0.0,1142.0
2017-12-02 00:35:00,19230.0,19230.0,19230.0,19230.0,0.0,0.0,1142.0
2017-12-02 00:40:00,19230.0,19230.0,19230.0,19230.0,0.0,0.0,1142.0
2017-12-02 00:45:00,19155.0,19155.0,19155.0,19155.0,2.0,191550.0,1142.0
2017-12-02 00:50:00,19190.0,19190.0,19190.0,19190.0,2.0,191900.0,1142.0
2017-12-02 00:55:00,19190.0,19190.0,19190.0,19190.0,0.0,0.0,1142.0
2017-12-04 09:00:00,19275.0,19280.0,19200.0,19210.0,12.0,1154000.0,1152.0
2017-12-04 09:05:00,19210.0,19250.0,19210.0,19250.0,8.0,769100.0,1160.0
2017-12-04 09:10:00,19250.0,19250.0,19220.0,19220.0,8.0,768800.0,1166.0
2017-12-04 09:15:00,19220.0,19255.0,19220.0,19255.0,14.0,1347250.0,1164.0
2017-12-04 09:20:00,19255.0,19255.0,19190.0,19190.0,16.0,1535800.0,1156.0
2017-12-04 09:25:00,19180.0,19180.0,19175.0,19175.0,26.0,2492900.0,1162.0
2017-12-04 09:30:00,19185.0,19185.0,19170.0,19170.0,10.0,958750.0,1154.0
2017-12-04 09:35:00,19170.0,19210.0,19170.0,19210.0,6.0,575900.0,1154.0
2017-12-04 09:40:00,19210.0,19220.0,19160.0,19160.0,20.0,1917800.0,1166.0
2017-12-04 09:45:00,19160.0,19160.0,19160.0,19160.0,0.0,0.0,1166.0
2017-12-04 09:50:00,19160.0,19170.0,19160.0,19165.0,10.0,958400.0,1166.0
2017-12-04 09:55:00,19165.0,19165.0,19160.0,19160.0,2.0,191600.0,1166.0
2017-12-04 10:00:00,19165.0,19165.0,19165.0,19165.0,4.0,383300.0,1170.0
2017-12-04 10:05:00,19165.0,19165.0,19095.0,19095.0,4.0,382450.0,1170.0
2017-12-04 10:10:00,19095.0,19130.0,19095.0,19130.0,2.0,191300.0,1170.0
2017-12-04 10:30:00,19130.0,19130.0,19130.0,19130.0,0.0,0.0,1170.0
2017-12-04 10:35:00,19130.0,19130.0,19050.0,19050.0,2.0,190500.0,1170.0
2017-12-04 10:40:00,19050.0,19050.0,19050.0,19050.0,0.0,0.0,1170.0
2017-12-04 10:45:00,19050.0,19080.0,19050.0,19080.0,2.0,190800.0,1170.0
2017-12-04 10:50:00,19080.0,19080.0,19080.0,19080.0,0.0,0.0,1170.0
2017-12-04 10:55:00,19080.0,19080.0,19080.0,19080.0,0.0,0.0,1170.0
2017-12-04 11:00:00,19080.0,19080.0,19080.0,19080.0,2.0,190800.0,1170.0
2017-12-04 11:05:00,19080.0,19080.0,19080.0,19080.0,0.0,0.0,1170.0
2017-12-04 11:10:00,19100.0,19100.0,19100.0,19100.0,2.0,191000.0,1170.0
2017-12-04 11:15:00,19100.0,19100.0,19065.0,19065.0,8.0,763050.0,1170.0
2017-12-04 11:20:00,19065.0,19065.0,19065.0,19065.0,2.0,190650.0,1168.0
2017-12-04 11:25:00,19065.0,19065.0,19065.0,19065.0,0.0,0.0,1168.0
2017-12-04 13:30:00,19065.0,19125.0,19065.0,19125.0,4.0,382400.0,1170.0
2017-12-04 13:35:00,19125.0,19125.0,19100.0,19100.0,2.0,191000.0,1170.0
2017-12-04 13:40:00,19100.0,19135.0,19100.0,19135.0,6.0,574050.0,1170.0
2017-12-04 13:45:00,19135.0,19135.0,19130.0,19130.0,2.0,191300.0,1172.0
2017-12-04 13:50:00,19130.0,19130.0,19130.0,19130.0,0.0,0.0,1172.0
2017-12-04 13:55:00,19130.0,19130.0,19130.0,19130.0,0.0,0.0,1172.0
2017-12-04 14:00:00,19130.0,19130.0,19130.0,19130.0,2.0,191300.0,1170.0
2017-12-04 14:05:00,19130.0,19130.0,19130.0,19130.0,0.0,0.0,1170.0
2017-12-04 14:10:00,19130.0,19130.0,19130.0,19130.0,0.0,0.0,1170.0
2017-12-04 14:15:00,19050.0,19065.0,19050.0,19050.0,10.0,952750.0,1174.0
2017-12-04 14:20:00,19050.0,19055.0,19050.0,19050.0,10.0,952550.0,1182.0
2017-12-04 14:25:00,19045.0,19045.0,19045.0,19045.0,4.0,380900.0,1186.0
2017-12-04 14:30:00,19040.0,19040.0,19040.0,19040.0,30.0,2856000.0,1186.0
2017-12-04 14:35:00,19040.0,19040.0,19025.0,19025.0,2.0,190250.0,1188.0
2017-12-04 14:40:00,19025.0,19040.0,19025.0,19040.0,8.0,761500.0,1188.0
2017-12-04 14:45:00,19040.0,19040.0,19020.0,19020.0,4.0,380450.0,1186.0
2017-12-04 14:50:00,19015.0,19015.0,19005.0,19005.0,6.0,570250.0,1190.0
2017-12-04 14:55:00,19005.0,19005.0,18995.0,18995.0,2.0,189950.0,1192.0
2017-12-04 21:00:00,19040.0,19060.0,19040.0,19060.0,2.0,190600.0,1190.0
2017-12-04 21:05:00,19060.0,19060.0,19060.0,19060.0,0.0,0.0,1190.0
2017-12-04 21:10:00,19060.0,19060.0,19060.0,19060.0,0.0,0.0,1190.0
2017-12-04 21:15:00,19080.0,19090.0,19080.0,19090.0,4.0,381700.0,1188.0
2017-12-04 21:20:00,19120.0,19125.0,19095.0,19095.0,10.0,955450.0,1186.0
2017-12-04 21:25:00,19095.0,19115.0,19095.0,19115.0,2.0,191150.0,1186.0
2017-12-04 21:30:00,19115.0,19115.0,19115.0,19115.0,0.0,0.0,1186.0
2017-12-04 21:35:00,19115.0,19115.0,19115.0,19115.0,0.0,0.0,1186.0
2017-12-04 21:40:00,19120.0,19120.0,19120.0,19120.0,2.0,191200.0,1184.0
2017-12-04 21:45:00,19085.0,19085.0,19085.0,19085.0,10.0,954250.0,1192.0
2017-12-04 21:50:00,19050.0,19060.0,19050.0,19060.0,8.0,762300.0,1188.0
2017-12-04 21:55:00,19060.0,19060.0,19060.0,19060.0,0.0,0.0,1188.0
2017-12-04 22:00:00,19060.0,19060.0,19045.0,19045.0,2.0,190450.0,1186.0
2017-12-04 22:05:00,19045.0,19045.0,19045.0,19045.0,2.0,190450.0,1188.0
2017-12-04 22:10:00,19065.0,19090.0,19065.0,19090.0,26.0,2479200.0,1194.0
2017-12-04 22:15:00,19090.0,19090.0,19090.0,19090.0,0.0,0.0,1194.0
2017-12-04 22:20:00,19090.0,19090.0,19090.0,19090.0,0.0,0.0,1194.0
2017-12-04 22:25:00,19090.0,19090.0,19090.0,19090.0,0.0,0.0,1194.0
2017-12-04 22:30:00,19090.0,19095.0,19055.0,19055.0,4.0,381500.0,1194.0
2017-12-04 22:35:00,19055.0,19055.0,19055.0,19055.0,0.0,0.0,1194.0
2017-12-04 22:40:00,19055.0,19075.0,19055.0,19075.0,4.0,381500.0,1198.0
2017-12-04 22:45:00,19075.0,19075.0,19070.0,19070.0,4.0,381400.0,1194.0
2017-12-04 22:50:00,19070.0,19070.0,19070.0,19070.0,0.0,0.0,1194.0
2017-12-04 22:55:00,19070.0,19070.0,19070.0,19070.0,0.0,0.0,1194.0
2017-12-04 23:00:00,19070.0,19070.0,19070.0,19070.0,0.0,0.0,1194.0
2017-12-04 23:05:00,19070.0,19070.0,19070.0,19070.0,0.0,0.0,1194.0
2017-12-04 23:10:00,19070.0,19070.0,19070.0,19070.0,0.0,0.0,1194.0
2017-12-04 23:15:00,19070.0,19070.0,19070.0,19070.0,2.0,190700.0,1194.0
2017-12-04 23:20:00,19070.0,19070.0,19060.0,19060.0,2.0,190600.0,1194.0
2017-12-04 23:25:00,19050.0,19050.0,19050.0,19050.0,2.0,190500.0,1192.0
2017-12-04 23:30:00,19050.0,19050.0,19000.0,19000.0,36.0,3420450.0,1218.0
2017-12-04 23:35:00,19000.0,19000.0,18975.0,18975.0,2.0,189750.0,1216.0
2017-12-04 23:40:00,19015.0,19015.0,18980.0,18980.0,6.0,570100.0,1218.0
2017-12-04 23:45:00,18980.0,18985.0,18980.0,18985.0,2.0,189850.0,1216.0
2017-12-04 23:50:00,18985.0,19035.0,18960.0,19035.0,16.0,1519650.0,1222.0
2017-12-04 23:55:00,19035.0,19035.0,18990.0,19005.0,8.0,760050.0,1220.0
2017-12-05 00:00:00,19005.0,19005.0,19005.0,19005.0,0.0,0.0,1220.0
2017-12-05 00:05:00,19005.0,19005.0,19005.0,19005.0,0.0,0.0,1220.0
2017-12-05 00:10:00,19005.0,19005.0,19000.0,19000.0,2.0,190000.0,1220.0
2017-12-05 00:15:00,19000.0,19000.0,19000.0,19000.0,0.0,0.0,1220.0
2017-12-05 00:20:00,19000.0,19000.0,19000.0,19000.0,0.0,0.0,1220.0
2017-12-05 00:25:00,19000.0,19000.0,19000.0,19000.0,0.0,0.0,1220.0
2017-12-05 00:30:00,19030.0,19030.0,19030.0,19030.0,4.0,380600.0,1222.0
2017-12-05 00:35:00,19030.0,19030.0,19030.0,19030.0,0.0,0.0,1222.0
2017-12-05 00:40:00,19030.0,19030.0,19030.0,19030.0,0.0,0.0,1222.0
2017-12-05 00:45:00,19030.0,19030.0,19030.0,19030.0,0.0,0.0,1222.0
2017-12-05 00:50:00,19030.0,19030.0,18985.0,18985.0,2.0,189850.0,1222.0
2017-12-05 00:55:00,18985.0,18985.0,18955.0,18955.0,8.0,758200.0,1230.0
2017-12-05 09:00:00,18900.0,18995.0,18900.0,18990.0,12.0,1137750.0,1238.0
2017-12-05 09:05:00,18990.0,18990.0,18960.0,18960.0,4.0,379200.0,1238.0
2017-12-05 09:10:00,18960.0,18960.0,18960.0,18960.0,2.0,189600.0,1238.0
2017-12-05 09:15:00,18960.0,18980.0,18960.0,18980.0,2.0,189800.0,1240.0
2017-12-05 09:20:00,18980.0,18980.0,18980.0,18980.0,0.0,0.0,1240.0
2017-12-05 09:25:00,18970.0,18975.0,18970.0,18975.0,4.0,379450.0,1240.0
2017-12-05 09:30:00,18995.0,18995.0,18995.0,18995.0,2.0,189950.0,1238.0
2017-12-05 09:35:00,19060.0,19060.0,19035.0,19035.0,8.0,761850.0,1236.0
2017-12-05 09:40:00,19035.0,19035.0,19035.0,19035.0,0.0,0.0,1236.0
2017-12-05 09:45:00,19035.0,19035.0,19035.0,19035.0,0.0,0.0,1236.0
2017-12-05 09:50:00,19035.0,19050.0,19035.0,19050.0,2.0,190500.0,1236.0
2017-12-05 09:55:00,19050.0,19065.0,19050.0,19065.0,6.0,571800.0,1234.0
2017-12-05 10:00:00,19065.0,19065.0,19065.0,19065.0,0.0,0.0,1234.0
2017-12-05 10:05:00,19065.0,19065.0,19065.0,19065.0,0.0,0.0,1234.0
2017-12-05 10:10:00,19065.0,19065.0,19020.0,19020.0,6.0,570600.0,1234.0
2017-12-05 10:30:00,19020.0,19020.0,19020.0,19020.0,0.0,0.0,1234.0
2017-12-05 10:35:00,19020.0,19020.0,19020.0,19020.0,0.0,0.0,1234.0
2017-12-05 10:40:00,19020.0,19020.0,18995.0,18995.0,4.0,380000.0,1232.0
2017-12-05 10:45:00,18995.0,18995.0,18975.0,18975.0,4.0,379500.0,1234.0
2017-12-05 10:50:00,19035.0,19035.0,19000.0,19010.0,8.0,760750.0,1236.0
2017-12-05 10:55:00,19010.0,19010.0,19010.0,19010.0,0.0,0.0,1236.0
2017-12-05 11:00:00,19010.0,19030.0,19010.0,19030.0,4.0,380600.0,1234.0
2017-12-05 11:05:00,19030.0,19045.0,19030.0,19045.0,8.0,761800.0,1242.0
2017-12-05 11:10:00,19045.0,19045.0,19020.0,19020.0,14.0,1331400.0,1256.0
2017-12-05 11:15:00,19025.0,19025.0,19025.0,19025.0,8.0,761000.0,1256.0
2017-12-05 11:20:00,19025.0,19025.0,19025.0,19025.0,0.0,0.0,1256.0
2017-12-05 11:25:00,19025.0,19025.0,19025.0,19025.0,0.0,0.0,1256.0
2017-12-05 13:30:00,19025.0,19060.0,19025.0,19060.0,10.0,952800.0,1256.0
2017-12-05 13:35:00,19065.0,19160.0,19065.0,19125.0,8.0,764150.0,1252.0
2017-12-05 13:40:00,19125.0,19125.0,19125.0,19125.0,0.0,0.0,1252.0
2017-12-05 13:45:00,19125.0,19125.0,19105.0,19105.0,2.0,191050.0,1252.0
2017-12-05 13:50:00,19105.0,19105.0,19090.0,19100.0,8.0,763900.0,1252.0
2017-12-05 13:55:00,19100.0,19100.0,19100.0,19100.0,0.0,0.0,1252.0
2017-12-05 14:00:00,19100.0,19100.0,19050.0,19050.0,4.0,381000.0,1248.0
2017-12-05 14:05:00,19050.0,19050.0,18955.0,18955.0,14.0,1328900.0,1248.0
2017-12-05 14:10:00,18955.0,18955.0,18940.0,18940.0,4.0,378800.0,1248.0
2017-12-05 14:15:00,18940.0,18955.0,18860.0,18860.0,6.0,567550.0,1250.0
2017-12-05 14:20:00,18860.0,18960.0,18860.0,18960.0,8.0,758400.0,1256.0
2017-12-05 14:25:00,18960.0,18960.0,18930.0,18930.0,2.0,189300.0,1254.0
2017-12-05 14:30:00,18940.0,18970.0,18940.0,18970.0,6.0,568600.0,1250.0
2017-12-05 14:35:00,18970.0,18970.0,18935.0,18935.0,2.0,189350.0,1250.0
2017-12-05 14:40:00,18935.0,18935.0,18935.0,18935.0,0.0,0.0,1250.0
2017-12-05 14:45:00,18935.0,18935.0,18935.0,18935.0,0.0,0.0,1250.0
2017-12-05 14:50:00,18935.0,18935.0,18935.0,18935.0,0.0,0.0,1250.0
2017-12-05 14:55:00,18935.0,18935.0,18935.0,18935.0,0.0,0.0,1250.0
2017-12-05 21:00:00,19000.0,19000.0,19000.0,19000.0,2.0,190000.0,1252.0
2017-12-05 21:05:00,18920.0,18980.0,18920.0,18980.0,32.0,3029400.0,1256.0
2017-12-05 21:10:00,18985.0,18985.0,18985.0,18985.0,4.0,379700.0,1260.0
2017-12-05 21:15:00,18985.0,18985.0,18850.0,18850.0,8.0,754800.0,1260.0
2017-12-05 21:20:00,18765.0,18785.0,18760.0,18760.0,12.0,1126400.0,1262.0
2017-12-05 21:25:00,18750.0,18770.0,18750.0,18770.0,10.0,937900.0,1256.0
2017-12-05 21:30:00,18780.0,18780.0,18780.0,18780.0,2.0,187800.0,1254.0
2017-12-05 21:35:00,18780.0,18800.0,18780.0,18800.0,28.0,2632000.0,1228.0
2017-12-05 21:40:00,18800.0,18810.0,18800.0,18810.0,4.0,376150.0,1228.0
2017-12-05 21:45:00,18810.0,18810.0,18810.0,18810.0,4.0,376200.0,1232.0
2017-12-05 21:50:00,18810.0,18810.0,18805.0,18805.0,2.0,188050.0,1234.0
2017-12-05 21:55:00,18800.0,18800.0,18780.0,18780.0,82.0,7707400.0,1190.0
2017-12-05 22:00:00,18760.0,18760.0,18745.0,18745.0,8.0,749950.0,1188.0
2017-12-05 22:05:00,18780.0,18780.0,18780.0,18780.0,2.0,187800.0,1188.0
2017-12-05 22:10:00,18780.0,18780.0,18700.0,18700.0,16.0,1496650.0,1184.0
2017-12-05 22:15:00,18700.0,18715.0,18700.0,18705.0,18.0,1683750.0,1174.0
2017-12-05 22:20:00,18705.0,18705.0,18640.0,18640.0,16.0,1491500.0,1168.0
2017-12-05 22:25:00,18640.0,18650.0,18640.0,18640.0,42.0,3914550.0,1146.0
2017-12-05 22:30:00,18640.0,18650.0,18615.0,18615.0,58.0,5404500.0,1134.0
2017-12-05 22:35:00,18615.0,18695.0,18615.0,18645.0,8.0,746350.0,1132.0
2017-12-05 22:40:00,18645.0,18645.0,18645.0,18645.0,0.0,0.0,1132.0
2017-12-05 22:45:00,18645.0,18645.0,18645.0,18645.0,0.0,0.0,1132.0
2017-12-05 22:50:00,18645.0,18695.0,18645.0,18655.0,14.0,1306450.0,1132.0
2017-12-05 22:55:00,18655.0,18730.0,18655.0,18730.0,8.0,747700.0,1134.0
2017-12-05 23:00:00,18730.0,18740.0,18730.0,18740.0,2.0,187400.0,1134.0
2017-12-05 23:05:00,18740.0,18740.0,18715.0,18715.0,2.0,187150.0,1134.0
2017-12-05 23:10:00,18715.0,18715.0,18715.0,18715.0,0.0,0.0,1134.0
2017-12-05 23:15:00,18715.0,18760.0,18715.0,18760.0,14.0,1312400.0,1130.0
2017-12-05 23:20:00,18760.0,18760.0,18760.0,18760.0,6.0,562800.0,1130.0
2017-12-05 23:25:00,18760.0,18760.0,18760.0,18760.0,0.0,0.0,1130.0
2017-12-05 23:30:00,18760.0,18760.0,18760.0,18760.0,0.0,0.0,1130.0
2017-12-05 23:35:00,18760.0,18760.0,18760.0,18760.0,0.0,0.0,1130.0
2017-12-05 23:40:00,18760.0,18760.0,18760.0,18760.0,0.0,0.0,1130.0
2017-12-05 23:45:00,18760.0,18760.0,18760.0,18760.0,0.0,0.0,1130.0
2017-12-05 23:50:00,18760.0,18760.0,18760.0,18760.0,0.0,0.0,1130.0
2017-12-05 23:55:00,18760.0,18760.0,18760.0,18760.0,0.0,0.0,1130.0
2017-12-06 00:00:00,18760.0,18760.0,18760.0,18760.0,0.0,0.0,1130.0
2017-12-06 00:05:00,18760.0,18760.0,18760.0,18760.0,0.0,0.0,1130.0
2017-12-06 00:10:00,18760.0,18760.0,18760.0,18760.0,0.0,0.0,1130.0
2017-12-06 00:15:00,18760.0,18760.0,18760.0,18760.0,0.0,0.0,1130.0
2017-12-06 00:20:00,18760.0,18760.0,18760.0,18760.0,0.0,0.0,1130.0
2017-12-06 00:25:00,18760.0,18760.0,18760.0,18760.0,0.0,0.0,1130.0
2017-12-06 00:30:00,18760.0,18760.0,18760.0,18760.0,0.0,0.0,1130.0
2017-12-06 00:35:00,18760.0,18760.0,18750.0,18750.0,6.0,562500.0,1130.0
2017-12-06 00:40:00,18750.0,18750.0,18750.0,18750.0,0.0,0.0,1130.0
2017-12-06 00:45:00,18750.0,18750.0,18750.0,18750.0,0.0,0.0,1130.0
2017-12-06 00:50:00,18750.0,18750.0,18750.0,18750.0,0.0,0.0,1130.0
2017-12-06 00:55:00,18750.0,18915.0,18750.0,18805.0,10.0,942900.0,1126.0
2017-12-06 09:00:00,18805.0,18805.0,18700.0,18725.0,6.0,562150.0,1126.0
2017-12-06 09:05:00,18725.0,18725.0,18725.0,18725.0,0.0,0.0,1126.0
2017-12-06 09:10:00,18725.0,18725.0,18725.0,18725.0,0.0,0.0,1126.0
2017-12-06 09:15:00,18725.0,18725.0,18665.0,18670.0,16.0,1494150.0,1132.0
2017-12-06 09:20:00,18665.0,18680.0,18665.0,18680.0,6.0,560100.0,1136.0
2017-12-06 09:25:00,18765.0,18765.0,18710.0,18710.0,4.0,374750.0,1136.0
2017-12-06 09:30:00,18710.0,18710.0,18710.0,18710.0,0.0,0.0,1136.0
2017-12-06 09:35:00,18710.0,18760.0,18710.0,18760.0,2.0,187600.0,1136.0
2017-12-06 09:40:00,18760.0,18765.0,18760.0,18765.0,4.0,375250.0,1136.0
2017-12-06 09:45:00,18745.0,18745.0,18740.0,18740.0,6.0,562250.0,1130.0
2017-12-06 09:50:00,18740.0,18740.0,18740.0,18740.0,0.0,0.0,1130.0
2017-12-06 09:55:00,18740.0,18740.0,18740.0,18740.0,0.0,0.0,1130.0
2017-12-06 10:00:00,18740.0,18740.0,18690.0,18690.0,4.0,373900.0,1130.0
2017-12-06 10:05:00,18705.0,18705.0,18705.0,18705.0,10.0,935250.0,1140.0
2017-12-06 10:10:00,18705.0,18705.0,18695.0,18695.0,2.0,186950.0,1138.0
2017-12-06 10:30:00,18695.0,18785.0,18680.0,18680.0,6.0,562500.0,1142.0
2017-12-06 10:35:00,18680.0,18695.0,18680.0,18695.0,4.0,373900.0,1140.0
2017-12-06 10:40:00,18695.0,18695.0,18695.0,18695.0,0.0,0.0,1140.0
2017-12-06 10:45:00,18695.0,18695.0,18650.0,18650.0,2.0,186500.0,1138.0
2017-12-06 10:50:00,18650.0,18670.0,18635.0,18670.0,6.0,559400.0,1140.0
2017-12-06 10:55:00,18670.0,18720.0,18665.0,18720.0,14.0,1308300.0,1140.0
2017-12-06 11:00:00,18720.0,18720.0,18670.0,18670.0,2.0,186700.0,1140.0
2017-12-06 11:05:00,18675.0,18675.0,18675.0,18675.0,6.0,560250.0,1144.0
2017-12-06 11:10:00,18675.0,18690.0,18675.0,18690.0,4.0,373650.0,1146.0
2017-12-06 11:15:00,18690.0,18690.0,18690.0,18690.0,4.0,373800.0,1144.0
2017-12-06 11:20:00,18690.0,18690.0,18690.0,18690.0,0.0,0.0,1144.0
2017-12-06 11:25:00,18740.0,18740.0,18740.0,18740.0,6.0,562150.0,1146.0
2017-12-06 13:30:00,18740.0,18785.0,18740.0,18785.0,2.0,187850.0,1146.0
2017-12-06 13:35:00,18790.0,18790.0,18790.0,18790.0,2.0,187900.0,1148.0
2017-12-06 13:40:00,18790.0,18790.0,18790.0,18790.0,0.0,0.0,1148.0
2017-12-06 13:45:00,18790.0,18790.0,18790.0,18790.0,0.0,0.0,1148.0
2017-12-06 13:50:00,18725.0,18725.0,18710.0,18710.0,8.0,748550.0,1150.0
2017-12-06 13:55:00,18710.0,18710.0,18710.0,18710.0,4.0,374200.0,1152.0
2017-12-06 14:00:00,18710.0,18710.0,18710.0,18710.0,0.0,0.0,1152.0
2017-12-06 14:05:00,18710.0,18710.0,18710.0,18710.0,4.0,374200.0,1156.0
2017-12-06 14:10:00,18710.0,18710.0,18710.0,18710.0,0.0,0.0,1156.0
2017-12-06 14:15:00,18710.0,18710.0,18710.0,18710.0,0.0,0.0,1156.0
2017-12-06 14:20:00,18710.0,18710.0,18710.0,18710.0,0.0,0.0,1156.0
2017-12-06 14:25:00,18710.0,18780.0,18710.0,18780.0,2.0,187800.0,1154.0
2017-12-06 14:30:00,18780.0,18780.0,18780.0,18780.0,0.0,0.0,1154.0
2017-12-06 14:35:00,18780.0,18800.0,18780.0,18800.0,2.0,188000.0,1152.0
2017-12-06 14:40:00,18800.0,18800.0,18800.0,18800.0,0.0,0.0,1152.0
2017-12-06 14:45:00,18800.0,18800.0,18790.0,18790.0,12.0,1127450.0,1158.0
2017-12-06 14:50:00,18790.0,18820.0,18790.0,18815.0,14.0,1317100.0,1164.0
2017-12-06 14:55:00,18815.0,18820.0,18805.0,18820.0,6.0,564450.0,1164.0
2017-12-06 21:00:00,18740.0,18870.0,18740.0,18870.0,4.0,377400.0,1166.0
2017-12-06 21:05:00,18860.0,18860.0,18840.0,18855.0,12.0,1131250.0,1166.0
2017-12-06 21:10:00,18830.0,18830.0,18830.0,18830.0,2.0,188300.0,1166.0
2017-12-06 21:15:00,18830.0,18830.0,18775.0,18800.0,4.0,375750.0,1164.0
2017-12-06 21:20:00,18785.0,18795.0,18785.0,18795.0,12.0,1127300.0,1160.0
2017-12-06 21:25:00,18795.0,18800.0,18790.0,18790.0,10.0,939600.0,1156.0
2017-12-06 21:30:00,18790.0,18790.0,18790.0,18790.0,0.0,0.0,1156.0
2017-12-06 21:35:00,18790.0,18860.0,18790.0,18860.0,2.0,188600.0,1156.0
2017-12-06 21:40:00,18860.0,18895.0,18860.0,18895.0,4.0,377750.0,1156.0
2017-12-06 21:45:00,18905.0,18905.0,18900.0,18905.0,10.0,945150.0,1152.0
2017-12-06 21:50:00,18905.0,18905.0,18890.0,18895.0,12.0,1133450.0,1154.0
2017-12-06 21:55:00,18895.0,18895.0,18895.0,18895.0,2.0,188950.0,1156.0
2017-12-06 22:00:00,18895.0,18895.0,18880.0,18880.0,2.0,188800.0,1156.0
2017-12-06 22:05:00,18880.0,18880.0,18880.0,18880.0,2.0,188800.0,1158.0
2017-12-06 22:10:00,18835.0,18835.0,18835.0,18835.0,4.0,376700.0,1154.0
2017-12-06 22:15:00,18855.0,18860.0,18855.0,18860.0,6.0,565700.0,1152.0
2017-12-06 22:20:00,18860.0,18860.0,18830.0,18830.0,2.0,188300.0,1150.0
2017-12-06 22:25:00,18775.0,18835.0,18775.0,18825.0,8.0,752100.0,1150.0
2017-12-06 22:30:00,18825.0,18825.0,18810.0,18810.0,2.0,188100.0,1152.0
2017-12-06 22:35:00,18810.0,18810.0,18790.0,18810.0,4.0,376000.0,1150.0
2017-12-06 22:40:00,18810.0,18830.0,18810.0,18825.0,8.0,753100.0,1154.0
2017-12-06 22:45:00,18825.0,18825.0,18820.0,18820.0,6.0,564700.0,1156.0
2017-12-06 22:50:00,18820.0,18825.0,18810.0,18810.0,4.0,376350.0,1154.0
2017-12-06 22:55:00,18810.0,18810.0,18790.0,18790.0,4.0,375950.0,1156.0
2017-12-06 23:00:00,18790.0,18790.0,18775.0,18775.0,4.0,375650.0,1154.0
2017-12-06 23:05:00,18775.0,18775.0,18775.0,18775.0,0.0,0.0,1154.0
2017-12-06 23:10:00,18775.0,18800.0,18775.0,18800.0,4.0,376000.0,1154.0
2017-12-06 23:15:00,18800.0,18820.0,18800.0,18820.0,2.0,188200.0,1152.0
2017-12-06 23:20:00,18820.0,18820.0,18820.0,18820.0,0.0,0.0,1152.0
2017-12-06 23:25:00,18820.0,18820.0,18810.0,18810.0,2.0,188100.0,1152.0
2017-12-06 23:30:00,18810.0,18810.0,18810.0,18810.0,0.0,0.0,1152.0
2017-12-06 23:35:00,18810.0,18830.0,18810.0,18830.0,4.0,376450.0,1148.0
2017-12-06 23:40:00,18830.0,18830.0,18830.0,18830.0,0.0,0.0,1148.0
2017-12-06 23:45:00,18830.0,18830.0,18830.0,18830.0,0.0,0.0,1148.0
2017-12-06 23:50:00,18830.0,18830.0,18820.0,18820.0,2.0,188200.0,1150.0
2017-12-06 23:55:00,18820.0,18820.0,18820.0,18820.0,2.0,188200.0,1148.0
2017-12-07 00:00:00,18820.0,18820.0,18820.0,18820.0,0.0,0.0,1148.0
2017-12-07 00:05:00,18820.0,18820.0,18810.0,18810.0,2.0,188100.0,1150.0
2017-12-07 00:10:00,18810.0,18810.0,18810.0,18810.0,0.0,0.0,1150.0
2017-12-07 00:15:00,18810.0,18810.0,18810.0,18810.0,2.0,188100.0,1152.0
2017-12-07 00:20:00,18810.0,18810.0,18810.0,18810.0,0.0,0.0,1152.0
2017-12-07 00:25:00,18810.0,18810.0,18795.0,18795.0,2.0,187950.0,1152.0
2017-12-07 00:30:00,18795.0,18805.0,18795.0,18805.0,2.0,188050.0,1152.0
2017-12-07 00:35:00,18805.0,18805.0,18795.0,18795.0,2.0,187950.0,1154.0
2017-12-07 00:40:00,18795.0,18800.0,18795.0,18800.0,2.0,188000.0,1154.0
2017-12-07 00:45:00,18800.0,18800.0,18800.0,18800.0,0.0,0.0,1154.0
2017-12-07 00:50:00,18800.0,18875.0,18800.0,18875.0,6.0,565900.0,1154.0
2017-12-07 00:55:00,18875.0,18875.0,18875.0,18875.0,0.0,0.0,1154.0
2017-12-07 09:00:00,18875.0,18875.0,18875.0,18875.0,0.0,0.0,1154.0
2017-12-07 09:05:00,18875.0,18875.0,18850.0,18850.0,2.0,188500.0,1156.0
2017-12-07 09:10:00,18850.0,18855.0,18830.0,18835.0,12.0,1130200.0,1162.0
2017-12-07 09:15:00,18850.0,18870.0,18850.0,18870.0,8.0,754200.0,1160.0
2017-12-07 09:20:00,18870.0,18870.0,18870.0,18870.0,0.0,0.0,1160.0
2017-12-07 09:25:00,18870.0,18870.0,18850.0,18850.0,2.0,188500.0,1160.0
2017-12-07 09:30:00,18860.0,18885.0,18860.0,18885.0,20.0,1887650.0,1160.0
2017-12-07 09:35:00,18885.0,18885.0,18860.0,18860.0,4.0,377200.0,1162.0
2017-12-07 09:40:00,18860.0,18870.0,18860.0,18870.0,6.0,566100.0,1166.0
2017-12-07 09:45:00,18870.0,18870.0,18865.0,18865.0,2.0,188650.0,1164.0
2017-12-07 09:50:00,18865.0,18865.0,18865.0,18865.0,0.0,0.0,1164.0
2017-12-07 09:55:00,18865.0,18865.0,18830.0,18830.0,8.0,753200.0,1166.0
2017-12-07 10:00:00,18805.0,18825.0,18805.0,18825.0,8.0,752600.0,1160.0
2017-12-07 10:05:00,18865.0,18880.0,18825.0,18825.0,10.0,942250.0,1156.0
2017-12-07 10:10:00,18825.0,18825.0,18825.0,18825.0,0.0,0.0,1156.0
2017-12-07 10:30:00,18825.0,18825.0,18825.0,18825.0,0.0,0.0,1156.0
2017-12-07 10:35:00,18825.0,18825.0,18825.0,18825.0,0.0,0.0,1156.0
2017-12-07 10:40:00,18825.0,18845.0,18825.0,18845.0,2.0,188450.0,1156.0
2017-12-07 10:45:00,18845.0,18885.0,18845.0,18880.0,6.0,566300.0,1156.0
2017-12-07 10:50:00,18885.0,18885.0,18860.0,18860.0,14.0,1321550.0,1150.0
2017-12-07 10:55:00,18880.0,18880.0,18865.0,18865.0,6.0,566250.0,1152.0
2017-12-07 11:00:00,18850.0,18855.0,18835.0,18855.0,6.0,565400.0,1152.0
2017-12-07 11:05:00,18855.0,18855.0,18855.0,18855.0,0.0,0.0,1152.0
2017-12-07 11:10:00,18855.0,18855.0,18855.0,18855.0,2.0,188550.0,1152.0
2017-12-07 11:15:00,18855.0,18855.0,18835.0,18835.0,2.0,188350.0,1152.0
2017-12-07 11:20:00,18835.0,18835.0,18820.0,18830.0,60.0,5649450.0,1182.0
2017-12-07 11:25:00,18830.0,18860.0,18815.0,18855.0,48.0,4520200.0,1202.0
2017-12-07 13:30:00,18805.0,18895.0,18805.0,18895.0,4.0,377000.0,1204.0
2017-12-07 13:35:00,18895.0,18895.0,18810.0,18810.0,2.0,188100.0,1202.0
2017-12-07 13:40:00,18800.0,18800.0,18700.0,18700.0,12.0,1124000.0,1202.0
2017-12-07 13:45:00,18700.0,18720.0,18700.0,18720.0,8.0,748800.0,1196.0
2017-12-07 13:50:00,18665.0,18665.0,18655.0,18655.0,4.0,373200.0,1196.0
2017-12-07 13:55:00,18655.0,18655.0,18655.0,18655.0,0.0,0.0,1196.0
2017-12-07 14:00:00,18720.0,18760.0,18665.0,18755.0,14.0,1310400.0,1194.0
2017-12-07 14:05:00,18755.0,18760.0,18720.0,18755.0,8.0,749900.0,1194.0
2017-12-07 14:10:00,18755.0,18755.0,18740.0,18740.0,2.0,187400.0,1194.0
2017-12-07 14:15:00,18755.0,18755.0,18755.0,18755.0,2.0,187550.0,1194.0
2017-12-07 14:20:00,18755.0,18755.0,18755.0,18755.0,0.0,0.0,1194.0
2017-12-07 14:25:00,18790.0,18800.0,18780.0,18780.0,10.0,939550.0,1198.0
2017-12-07 14:30:00,18760.0,18760.0,18675.0,18740.0,8.0,749350.0,1194.0
2017-12-07 14:35:00,18740.0,18765.0,18740.0,18765.0,6.0,562750.0,1196.0
2017-12-07 14:40:00,18765.0,18765.0,18690.0,18690.0,6.0,561500.0,1190.0
2017-12-07 14:45:00,18700.0,18700.0,18630.0,18630.0,14.0,1307150.0,1190.0
2017-12-07 14:50:00,18630.0,18675.0,18615.0,18675.0,18.0,1679050.0,1182.0
2017-12-07 14:55:00,18675.0,18700.0,18675.0,18700.0,2.0,187000.0,1182.0
2017-12-07 21:00:00,18810.0,18810.0,18810.0,18810.0,0.0,0.0,1182.0
2017-12-07 21:05:00,18810.0,18945.0,18810.0,18870.0,14.0,1321450.0,1178.0
2017-12-07 21:10:00,18870.0,18870.0,18870.0,18870.0,2.0,188700.0,1180.0
2017-12-07 21:15:00,18870.0,18870.0,18870.0,18870.0,0.0,0.0,1180.0
2017-12-07 21:20:00,18845.0,18845.0,18845.0,18845.0,2.0,188450.0,1178.0
2017-12-07 21:25:00,18845.0,18845.0,18800.0,18815.0,4.0,376150.0,1180.0
2017-12-07 21:30:00,18815.0,18830.0,18815.0,18830.0,2.0,188300.0,1178.0
2017-12-07 21:35:00,18810.0,18850.0,18810.0,18850.0,8.0,753400.0,1180.0
2017-12-07 21:40:00,18845.0,18845.0,18845.0,18845.0,2.0,188450.0,1180.0
2017-12-07 21:45:00,18840.0,18845.0,18840.0,18845.0,8.0,753700.0,1182.0
2017-12-07 21:50:00,18845.0,18850.0,18845.0,18850.0,2.0,188500.0,1182.0
2017-12-07 21:55:00,18850.0,18870.0,18850.0,18870.0,6.0,566000.0,1184.0
2017-12-07 22:00:00,18870.0,18870.0,18865.0,18865.0,4.0,377300.0,1182.0
2017-12-07 22:05:00,18865.0,18865.0,18860.0,18860.0,6.0,565800.0,1182.0
2017-12-07 22:10:00,18860.0,18860.0,18840.0,18840.0,2.0,188400.0,1180.0
2017-12-07 22:15:00,18840.0,18840.0,18840.0,18840.0,0.0,0.0,1180.0
2017-12-07 22:20:00,18840.0,18840.0,18830.0,18830.0,6.0,564900.0,1182.0
2017-12-07 22:25:00,18830.0,18835.0,18830.0,18835.0,2.0,188350.0,1182.0
2017-12-07 22:30:00,18835.0,18840.0,18835.0,18840.0,4.0,376750.0,1178.0
2017-12-07 22:35:00,18840.0,18840.0,18830.0,18830.0,2.0,188300.0,1180.0
2017-12-07 22:40:00,18830.0,18830.0,18830.0,18830.0,0.0,0.0,1180.0
2017-12-07 22:45:00,18830.0,18830.0,18830.0,18830.0,0.0,0.0,1180.0
2017-12-07 22:50:00,18830.0,18830.0,18825.0,18825.0,2.0,188250.0,1178.0
2017-12-07 22:55:00,18825.0,18825.0,18825.0,18825.0,0.0,0.0,1178.0
2017-12-07 23:00:00,18825.0,18825.0,18800.0,18800.0,8.0,752350.0,1180.0
2017-12-07 23:05:00,18755.0,18755.0,18740.0,18740.0,12.0,1124650.0,1182.0
2017-12-07 23:10:00,18740.0,18780.0,18740.0,18780.0,4.0,375450.0,1182.0
2017-12-07 23:15:00,18780.0,18780.0,18770.0,18770.0,2.0,187700.0,1180.0
2017-12-07 23:20:00,18770.0,18770.0,18770.0,18770.0,0.0,0.0,1180.0
2017-12-07 23:25:00,18770.0,18770.0,18770.0,18770.0,0.0,0.0,1180.0
2017-12-07 23:30:00,18705.0,18705.0,18705.0,18705.0,2.0,187050.0,1180.0
2017-12-07 23:35:00,18730.0,18755.0,18730.0,18755.0,4.0,374850.0,1180.0
2017-12-07 23:40:00,18755.0,18755.0,18755.0,18755.0,0.0,0.0,1180.0
2017-12-07 23:45:00,18755.0,18755.0,18705.0,18705.0,2.0,187050.0,1180.0
2017-12-07 23:50:00,18705.0,18720.0,18705.0,18720.0,2.0,187200.0,1178.0
2017-12-07 23:55:00,18720.0,18720.0,18720.0,18720.0,0.0,0.0,1178.0
2017-12-08 00:00:00,18720.0,18720.0,18720.0,18720.0,0.0,0.0,1178.0
2017-12-08 00:05:00,18720.0,18720.0,18720.0,18720.0,0.0,0.0,1178.0
2017-12-08 00:10:00,18720.0,18720.0,18630.0,18630.0,2.0,186300.0,1180.0
2017-12-08 00:15:00,18630.0,18630.0,18630.0,18630.0,0.0,0.0,1180.0
2017-12-08 00:20:00,18630.0,18630.0,18630.0,18630.0,0.0,0.0,1180.0
2017-12-08 00:25:00,18630.0,18665.0,18630.0,18665.0,2.0,186650.0,1178.0
2017-12-08 00:30:00,18665.0,18665.0,18645.0,18645.0,2.0,186450.0,1178.0
2017-12-08 00:35:00,18645.0,18645.0,18645.0,18645.0,0.0,0.0,1178.0
2017-12-08 00:40:00,18645.0,18645.0,18645.0,18645.0,0.0,0.0,1178.0
2017-12-08 00:45:00,18750.0,18750.0,18750.0,18750.0,2.0,187500.0,1180.0
2017-12-08 00:50:00,18670.0,18670.0,18600.0,18600.0,6.0,558800.0,1180.0
2017-12-08 00:55:00,18595.0,18595.0,18595.0,18595.0,4.0,371900.0,1180.0
2017-12-08 09:00:00,18595.0,18595.0,18500.0,18545.0,26.0,2407900.0,1176.0
2017-12-08 09:05:00,18545.0,18545.0,18510.0,18535.0,10.0,926300.0,1182.0
2017-12-08 09:10:00,18510.0,18510.0,18480.0,18495.0,16.0,1479900.0,1180.0
2017-12-08 09:15:00,18510.0,18510.0,18500.0,18500.0,12.0,1110100.0,1182.0
2017-12-08 09:20:00,18500.0,18500.0,18500.0,18500.0,2.0,185000.0,1184.0
2017-12-08 09:25:00,18450.0,18460.0,18450.0,18460.0,4.0,369100.0,1182.0
2017-12-08 09:30:00,18460.0,18465.0,18460.0,18465.0,8.0,738500.0,1188.0
2017-12-08 09:35:00,18465.0,18465.0,18420.0,18420.0,4.0,368700.0,1190.0
2017-12-08 09:40:00,18460.0,18535.0,18460.0,18500.0,10.0,924850.0,1190.0
2017-12-08 09:45:00,18500.0,18505.0,18490.0,18505.0,12.0,1109550.0,1190.0
2017-12-08 09:50:00,18505.0,18545.0,18505.0,18530.0,22.0,2039150.0,1190.0
2017-12-08 09:55:00,18555.0,18560.0,18555.0,18560.0,10.0,927850.0,1184.0
2017-12-08 10:00:00,18580.0,18580.0,18530.0,18530.0,12.0,1112600.0,1178.0
2017-12-08 10:05:00,18460.0,18625.0,18460.0,18595.0,24.0,2226750.0,1188.0
2017-12-08 10:10:00,18590.0,18595.0,18565.0,18565.0,16.0,1485850.0,1198.0
2017-12-08 10:30:00,18565.0,18595.0,18565.0,18585.0,14.0,1300950.0,1196.0
2017-12-08 10:35:00,18585.0,18585.0,18565.0,18565.0,32.0,2972800.0,1220.0
2017-12-08 10:40:00,18565.0,18565.0,18565.0,18565.0,0.0,0.0,1220.0
2017-12-08 10:45:00,18565.0,18565.0,18565.0,18565.0,0.0,0.0,1220.0
2017-12-08 10:50:00,18565.0,18565.0,18560.0,18560.0,6.0,556800.0,1220.0
2017-12-08 10:55:00,18560.0,18560.0,18560.0,18560.0,0.0,0.0,1220.0
2017-12-08 11:00:00,18560.0,18560.0,18560.0,18560.0,0.0,0.0,1220.0
2017-12-08 11:05:00,18560.0,18620.0,18560.0,18620.0,2.0,186200.0,1220.0
2017-12-08 11:10:00,18620.0,18620.0,18610.0,18610.0,4.0,372300.0,1222.0
2017-12-08 11:15:00,18630.0,18630.0,18615.0,18615.0,4.0,372450.0,1222.0
2017-12-08 11:20:00,18615.0,18615.0,18605.0,18605.0,2.0,186050.0,1224.0
2017-12-08 11:25:00,18625.0,18720.0,18625.0,18655.0,16.0,1492700.0,1220.0
2017-12-08 13:30:00,18655.0,18700.0,18655.0,18700.0,12.0,1121800.0,1218.0
2017-12-08 13:35:00,18700.0,18700.0,18700.0,18700.0,0.0,0.0,1218.0
2017-12-08 13:40:00,18700.0,18710.0,18700.0,18710.0,8.0,748400.0,1216.0
2017-12-08 13:45:00,18710.0,18715.0,18710.0,18715.0,2.0,187150.0,1216.0
2017-12-08 13:50:00,18715.0,18715.0,18685.0,18685.0,8.0,747400.0,1220.0
2017-12-08 13:55:00,18685.0,18685.0,18685.0,18685.0,0.0,0.0,1220.0
2017-12-08 14:00:00,18685.0,18690.0,18675.0,18690.0,4.0,373650.0,1220.0
2017-12-08 14:05:00,18690.0,18710.0,18680.0,18680.0,14.0,1308550.0,1218.0
2017-12-08 14:10:00,18680.0,18690.0,18680.0,18690.0,8.0,747500.0,1226.0
2017-12-08 14:15:00,18680.0,18680.0,18570.0,18625.0,36.0,3356150.0,1250.0
2017-12-08 14:20:00,18660.0,18660.0,18605.0,18635.0,82.0,7637150.0,1240.0
2017-12-08 14:25:00,18635.0,18635.0,18625.0,18625.0,6.0,558850.0,1240.0
2017-12-08 14:30:00,18625.0,18655.0,18625.0,18655.0,6.0,559650.0,1246.0
2017-12-08 14:35:00,18635.0,18655.0,18635.0,18650.0,18.0,1678200.0,1258.0
2017-12-08 14:40:00,18650.0,18650.0,18600.0,18600.0,12.0,1117600.0,1262.0
2017-12-08 14:45:00,18605.0,18625.0,18600.0,18605.0,18.0,1674900.0,1264.0
2017-12-08 14:50:00,18600.0,18600.0,18545.0,18570.0,38.0,3527650.0,1260.0
2017-12-08 14:55:00,18570.0,18575.0,18500.0,18520.0,30.0,2780850.0,1268.0
2017-12-08 21:00:00,18360.0,18445.0,18360.0,18435.0,10.0,920850.0,1272.0
2017-12-08 21:05:00,18450.0,18475.0,18450.0,18470.0,12.0,1108150.0,1270.0
2017-12-08 21:10:00,18470.0,18470.0,18400.0,18400.0,12.0,1105450.0,1266.0
2017-12-08 21:15:00,18400.0,18400.0,18385.0,18385.0,2.0,183850.0,1266.0
2017-12-08 21:20:00,18385.0,18385.0,18380.0,18380.0,4.0,367600.0,1266.0
2017-12-08 21:25:00,18380.0,18405.0,18380.0,18405.0,2.0,184050.0,1266.0
2017-12-08 21:30:00,18405.0,18405.0,18395.0,18395.0,4.0,367900.0,1266.0
2017-12-08 21:35:00,18395.0,18455.0,18395.0,18455.0,20.0,1844900.0,1282.0
2017-12-08 21:40:00,18470.0,18480.0,18445.0,18445.0,24.0,2215000.0,1278.0
2017-12-08 21:45:00,18490.0,18490.0,18490.0,18490.0,2.0,184900.0,1276.0
2017-12-08 21:50:00,18490.0,18500.0,18490.0,18500.0,14.0,1294750.0,1276.0
2017-12-08 21:55:00,18500.0,18500.0,18500.0,18500.0,0.0,0.0,1276.0
2017-12-08 22:00:00,18500.0,18500.0,18490.0,18490.0,2.0,184900.0,1276.0
2017-12-08 22:05:00,18495.0,18520.0,18495.0,18495.0,16.0,1480550.0,1276.0
2017-12-08 22:10:00,18490.0,18490.0,18490.0,18490.0,2.0,184900.0,1276.0
2017-12-08 22:15:00,18490.0,18490.0,18485.0,18485.0,2.0,184850.0,1276.0
2017-12-08 22:20:00,18485.0,18485.0,18455.0,18470.0,6.0,553900.0,1276.0
2017-12-08 22:25:00,18470.0,18470.0,18445.0,18445.0,2.0,184450.0,1278.0
2017-12-08 22:30:00,18445.0,18480.0,18445.0,18480.0,4.0,369600.0,1278.0
2017-12-08 22:35:00,18480.0,18480.0,18480.0,18480.0,0.0,0.0,1278.0
2017-12-08 22:40:00,18540.0,18540.0,18525.0,18525.0,6.0,556000.0,1276.0
2017-12-08 22:45:00,18525.0,18525.0,18525.0,18525.0,2.0,185250.0,1276.0
2017-12-08 22:50:00,18525.0,18525.0,18520.0,18520.0,2.0,185200.0,1276.0
2017-12-08 22:55:00,18520.0,18520.0,18520.0,18520.0,0.0,0.0,1276.0
2017-12-08 23:00:00,18520.0,18520.0,18520.0,18520.0,0.0,0.0,1276.0
2017-12-08 23:05:00,18520.0,18520.0,18470.0,18470.0,8.0,738800.0,1276.0
2017-12-08 23:10:00,18470.0,18470.0,18455.0,18455.0,2.0,184550.0,1274.0
2017-12-08 23:15:00,18455.0,18475.0,18455.0,18475.0,2.0,184750.0,1274.0
2017-12-08 23:20:00,18475.0,18485.0,18475.0,18485.0,2.0,184850.0,1276.0
2017-12-08 23:25:00,18485.0,18500.0,18485.0,18500.0,2.0,185000.0,1276.0
2017-12-08 23:30:00,18480.0,18480.0,18480.0,18480.0,2.0,184800.0,1278.0
2017-12-08 23:35:00,18480.0,18490.0,18480.0,18485.0,4.0,369750.0,1276.0
2017-12-08 23:40:00,18485.0,18495.0,18485.0,18495.0,4.0,369900.0,1278.0
2017-12-08 23:45:00,18495.0,18495.0,18495.0,18495.0,0.0,0.0,1278.0
2017-12-08 23:50:00,18495.0,18495.0,18495.0,18495.0,0.0,0.0,1278.0
2017-12-08 23:55:00,18465.0,18470.0,18465.0,18470.0,4.0,369350.0,1276.0
2017-12-09 00:00:00,18470.0,18470.0,18470.0,18470.0,0.0,0.0,1276.0
2017-12-09 00:05:00,18465.0,18465.0,18465.0,18465.0,2.0,184650.0,1276.0
2017-12-09 00:10:00,18465.0,18470.0,18465.0,18470.0,2.0,184700.0,1276.0
2017-12-09 00:15:00,18470.0,18470.0,18470.0,18470.0,0.0,0.0,1276.0
2017-12-09 00:20:00,18470.0,18470.0,18470.0,18470.0,0.0,0.0,1276.0
2017-12-09 00:25:00,18470.0,18470.0,18470.0,18470.0,0.0,0.0,1276.0
2017-12-09 00:30:00,18470.0,18470.0,18470.0,18470.0,0.0,0.0,1276.0
2017-12-09 00:35:00,18470.0,18470.0,18470.0,18470.0,0.0,0.0,1276.0
2017-12-09 00:40:00,18470.0,18470.0,18470.0,18470.0,0.0,0.0,1276.0
2017-12-09 00:45:00,18470.0,18470.0,18470.0,18470.0,0.0,0.0,1276.0
2017-12-09 00:50:00,18470.0,18550.0,18470.0,18550.0,2.0,185500.0,1276.0
2017-12-09 00:55:00,18550.0,18550.0,18550.0,18550.0,0.0,0.0,1276.0
2017-12-11 09:00:00,18550.0,18550.0,18550.0,18550.0,0.0,0.0,1276.0
2017-12-11 09:05:00,18550.0,18560.0,18550.0,18560.0,4.0,371100.0,1274.0
2017-12-11 09:10:00,18560.0,18645.0,18485.0,18565.0,14.0,1300100.0,1272.0
2017-12-11 09:15:00,18565.0,18585.0,18565.0,18585.0,6.0,557500.0,1274.0
2017-12-11 09:20:00,18575.0,18575.0,18570.0,18570.0,8.0,742850.0,1266.0
2017-12-11 09:25:00,18570.0,18570.0,18570.0,18570.0,0.0,0.0,1266.0
2017-12-11 09:30:00,18645.0,18645.0,18635.0,18635.0,4.0,372800.0,1270.0
2017-12-11 09:35:00,18635.0,18635.0,18620.0,18620.0,2.0,186200.0,1272.0
2017-12-11 09:40:00,18620.0,18620.0,18600.0,18600.0,2.0,186000.0,1272.0
2017-12-11 09:45:00,18600.0,18600.0,18565.0,18565.0,4.0,371450.0,1274.0
2017-12-11 09:50:00,18565.0,18565.0,18550.0,18550.0,6.0,556800.0,1276.0
2017-12-11 09:55:00,18550.0,18550.0,18550.0,18550.0,0.0,0.0,1276.0
2017-12-11 10:00:00,18555.0,18555.0,18555.0,18555.0,10.0,927750.0,1278.0
2017-12-11 10:05:00,18555.0,18555.0,18545.0,18545.0,2.0,185450.0,1278.0
2017-12-11 10:10:00,18545.0,18545.0,18545.0,18545.0,0.0,0.0,1278.0
2017-12-11 10:30:00,18545.0,18545.0,18465.0,18470.0,6.0,554000.0,1282.0
2017-12-11 10:35:00,18470.0,18470.0,18440.0,18440.0,4.0,368950.0,1280.0
2017-12-11 10:40:00,18440.0,18440.0,18415.0,18415.0,22.0,2026550.0,1290.0
2017-12-11 10:45:00,18415.0,18435.0,18400.0,18410.0,14.0,1289250.0,1286.0
2017-12-11 10:50:00,18410.0,18410.0,18410.0,18410.0,0.0,0.0,1286.0
2017-12-11 10:55:00,18410.0,18420.0,18410.0,18420.0,14.0,1289100.0,1292.0
2017-12-11 11:00:00,18420.0,18440.0,18420.0,18440.0,2.0,184400.0,1292.0
2017-12-11 11:05:00,18440.0,18455.0,18440.0,18455.0,2.0,184550.0,1290.0
2017-12-11 11:10:00,18455.0,18455.0,18445.0,18445.0,2.0,184450.0,1290.0
2017-12-11 11:15:00,18445.0,18455.0,18415.0,18415.0,6.0,553250.0,1290.0
2017-12-11 11:20:00,18415.0,18455.0,18415.0,18455.0,2.0,184550.0,1290.0
2017-12-11 11:25:00,18455.0,18475.0,18455.0,18475.0,8.0,739000.0,1290.0
2017-12-11 13:30:00,18480.0,18480.0,18480.0,18480.0,2.0,184800.0,1290.0
2017-12-11 13:35:00,18480.0,18480.0,18480.0,18480.0,0.0,0.0,1290.0
2017-12-11 13:40:00,18480.0,18480.0,18450.0,18450.0,2.0,184500.0,1290.0
2017-12-11 13:45:00,18450.0,18455.0,18450.0,18455.0,12.0,1107300.0,1298.0
2017-12-11 13:50:00,18455.0,18475.0,18455.0,18475.0,4.0,369350.0,1294.0
2017-12-11 13:55:00,18490.0,18490.0,18490.0,18490.0,2.0,184900.0,1294.0
2017-12-11 14:00:00,18500.0,18520.0,18495.0,18515.0,16.0,1480700.0,1294.0
2017-12-11 14:05:00,18510.0,18525.0,18510.0,18515.0,14.0,1296200.0,1292.0
2017-12-11 14:10:00,18515.0,18515.0,18515.0,18515.0,0.0,0.0,1292.0
2017-12-11 14:15:00,18530.0,18540.0,18510.0,18510.0,10.0,926250.0,1292.0
2017-12-11 14:20:00,18510.0,18510.0,18510.0,18510.0,0.0,0.0,1292.0
2017-12-11 14:25:00,18510.0,18510.0,18510.0,18510.0,4.0,370200.0,1294.0
2017-12-11 14:30:00,18500.0,18500.0,18490.0,18490.0,10.0,924750.0,1290.0
2017-12-11 14:35:00,18490.0,18495.0,18480.0,18495.0,14.0,1294000.0,1300.0
2017-12-11 14:40:00,18495.0,18495.0,18495.0,18495.0,2.0,184950.0,1300.0
2017-12-11 14:45:00,18495.0,18495.0,18460.0,18460.0,4.0,369200.0,1298.0
2017-12-11 14:50:00,18490.0,18490.0,18490.0,18490.0,2.0,184900.0,1298.0
2017-12-11 14:55:00,18485.0,18485.0,18485.0,18485.0,2.0,184850.0,1300.0
2017-12-11 21:00:00,18480.0,18700.0,18480.0,18655.0,62.0,5781850.0,1296.0
2017-12-11 21:05:00,18655.0,18655.0,18615.0,18615.0,4.0,372700.0,1294.0
2017-12-11 21:10:00,18615.0,18615.0,18590.0,18615.0,10.0,930500.0,1302.0
2017-12-11 21:15:00,18615.0,18615.0,18615.0,18615.0,0.0,0.0,1302.0
2017-12-11 21:20:00,18585.0,18605.0,18575.0,18590.0,8.0,743550.0,1302.0
2017-12-11 21:25:00,18590.0,18600.0,18590.0,18600.0,4.0,372000.0,1302.0
2017-12-11 21:30:00,18590.0,18605.0,18590.0,18605.0,10.0,930100.0,1304.0
2017-12-11 21:35:00,18605.0,18605.0,18585.0,18585.0,6.0,557850.0,1302.0
2017-12-11 21:40:00,18585.0,18585.0,18540.0,18565.0,24.0,2227500.0,1312.0
2017-12-11 21:45:00,18565.0,18570.0,18565.0,18570.0,2.0,185700.0,1312.0
2017-12-11 21:50:00,18570.0,18620.0,18570.0,18615.0,6.0,558300.0,1312.0
2017-12-11 21:55:00,18605.0,18605.0,18595.0,18600.0,8.0,744000.0,1308.0
2017-12-11 22:00:00,18600.0,18620.0,18600.0,18610.0,8.0,744500.0,1306.0
2017-12-11 22:05:00,18610.0,18610.0,18605.0,18610.0,14.0,1302550.0,1302.0
2017-12-11 22:10:00,18605.0,18605.0,18605.0,18605.0,2.0,186050.0,1302.0
2017-12-11 22:15:00,18605.0,18605.0,18605.0,18605.0,0.0,0.0,1302.0
2017-12-11 22:20:00,18595.0,18600.0,18595.0,18595.0,16.0,1487650.0,1308.0
2017-12-11 22:25:00,18590.0,18590.0,18580.0,18580.0,8.0,743450.0,1314.0
2017-12-11 22:30:00,18580.0,18580.0,18570.0,18570.0,2.0,185700.0,1314.0
2017-12-11 22:35:00,18570.0,18570.0,18555.0,18555.0,2.0,185550.0,1316.0
2017-12-11 22:40:00,18575.0,18585.0,18575.0,18585.0,6.0,557350.0,1318.0
2017-12-11 22:45:00,18585.0,18585.0,18585.0,18585.0,2.0,185850.0,1320.0
2017-12-11 22:50:00,18585.0,18585.0,18585.0,18585.0,0.0,0.0,1320.0
2017-12-11 22:55:00,18585.0,18640.0,18585.0,18620.0,8.0,745000.0,1314.0
2017-12-11 23:00:00,18615.0,18675.0,18610.0,18675.0,10.0,931400.0,1312.0
2017-12-11 23:05:00,18660.0,18660.0,18650.0,18650.0,4.0,373100.0,1314.0
2017-12-11 23:10:00,18660.0,18675.0,18660.0,18675.0,10.0,933250.0,1312.0
2017-12-11 23:15:00,18675.0,18680.0,18675.0,18680.0,8.0,747100.0,1314.0
2017-12-11 23:20:00,18680.0,18700.0,18680.0,18700.0,14.0,1309000.0,1318.0
2017-12-11 23:25:00,18700.0,18750.0,18700.0,18740.0,12.0,1124000.0,1320.0
2017-12-11 23:30:00,18740.0,18775.0,18740.0,18760.0,16.0,1500850.0,1326.0
2017-12-11 23:35:00,18765.0,18835.0,18765.0,18810.0,18.0,1692250.0,1336.0
2017-12-11 23:40:00,18835.0,18845.0,18815.0,18845.0,20.0,1883250.0,1326.0
2017-12-11 23:45:00,18845.0,18875.0,18845.0,18870.0,10.0,943200.0,1324.0
2017-12-11 23:50:00,18870.0,18870.0,18845.0,18855.0,8.0,753900.0,1326.0
2017-12-11 23:55:00,18845.0,18885.0,18845.0,18885.0,6.0,565950.0,1326.0
2017-12-12 00:00:00,18885.0,18885.0,18885.0,18885.0,2.0,188850.0,1326.0
2017-12-12 00:05:00,18885.0,18885.0,18885.0,18885.0,0.0,0.0,1326.0
2017-12-12 00:10:00,18885.0,18945.0,18885.0,18920.0,8.0,756950.0,1328.0
2017-12-12 00:15:00,18920.0,18920.0,18905.0,18905.0,2.0,189050.0,1328.0
2017-12-12 00:20:00,18905.0,18905.0,18905.0,18905.0,0.0,0.0,1328.0
2017-12-12 00:25:00,18905.0,18905.0,18905.0,18905.0,0.0,0.0,1328.0
2017-12-12 00:30:00,18905.0,18905.0,18860.0,18860.0,2.0,188600.0,1328.0
2017-12-12 00:35:00,18860.0,18860.0,18860.0,18860.0,0.0,0.0,1328.0
2017-12-12 00:40:00,18860.0,18880.0,18860.0,18880.0,2.0,188800.0,1328.0
2017-12-12 00:45:00,18880.0,18880.0,18880.0,18880.0,0.0,0.0,1328.0
2017-12-12 00:50:00,18880.0,18880.0,18880.0,18880.0,0.0,0.0,1328.0
2017-12-12 00:55:00,18880.0,18895.0,18880.0,18895.0,2.0,188950.0,1326.0
2017-12-12 09:00:00,18895.0,18895.0,18825.0,18825.0,4.0,376650.0,1326.0
2017-12-12 09:05:00,18840.0,18845.0,18835.0,18845.0,6.0,565200.0,1330.0
2017-12-12 09:10:00,18835.0,18835.0,18820.0,18820.0,28.0,2635200.0,1342.0
2017-12-12 09:15:00,18835.0,18835.0,18835.0,18835.0,2.0,188350.0,1340.0
2017-12-12 09:20:00,18825.0,18835.0,18815.0,18815.0,10.0,941200.0,1344.0
2017-12-12 09:25:00,18815.0,18845.0,18815.0,18845.0,6.0,565050.0,1350.0
2017-12-12 09:30:00,18845.0,18860.0,18840.0,18860.0,24.0,2262000.0,1366.0
2017-12-12 09:35:00,18875.0,18875.0,18840.0,18840.0,26.0,2451750.0,1368.0
2017-12-12 09:40:00,18840.0,18840.0,18840.0,18840.0,8.0,753600.0,1376.0
2017-12-12 09:45:00,18840.0,18840.0,18840.0,18840.0,0.0,0.0,1376.0
2017-12-12 09:50:00,18840.0,18865.0,18840.0,18865.0,2.0,188650.0,1376.0
2017-12-12 09:55:00,18880.0,18880.0,18880.0,18880.0,2.0,188800.0,1378.0
2017-12-12 10:00:00,18890.0,18890.0,18890.0,18890.0,4.0,377800.0,1378.0
2017-12-12 10:05:00,18840.0,18840.0,18840.0,18840.0,2.0,188400.0,1378.0
2017-12-12 10:10:00,18870.0,18875.0,18835.0,18835.0,12.0,1131150.0,1372.0
2017-12-12 10:30:00,18835.0,18890.0,18835.0,18890.0,4.0,377550.0,1370.0
2017-12-12 10:35:00,18890.0,19000.0,18825.0,18865.0,44.0,4150150.0,1378.0
2017-12-12 10:40:00,18880.0,18885.0,18850.0,18850.0,12.0,1132600.0,1372.0
2017-12-12 10:45:00,18850.0,18850.0,18840.0,18840.0,2.0,188400.0,1372.0
2017-12-12 10:50:00,18825.0,18825.0,18815.0,18825.0,14.0,1317550.0,1374.0
2017-12-12 10:55:00,18825.0,18825.0,18810.0,18810.0,8.0,752400.0,1368.0
2017-12-12 11:00:00,18825.0,18825.0,18820.0,18820.0,10.0,941050.0,1374.0
2017-12-12 11:05:00,18820.0,18820.0,18805.0,18805.0,2.0,188050.0,1374.0
2017-12-12 11:10:00,18805.0,18805.0,18805.0,18805.0,0.0,0.0,1374.0
2017-12-12 11:15:00,18805.0,18805.0,18805.0,18805.0,0.0,0.0,1374.0
2017-12-12 11:20:00,18805.0,18850.0,18805.0,18850.0,2.0,188500.0,1376.0
2017-12-12 11:25:00,18850.0,18850.0,18850.0,18850.0,0.0,0.0,1376.0
2017-12-12 13:30:00,18850.0,18850.0,18850.0,18850.0,0.0,0.0,1376.0
2017-12-12 13:35:00,18850.0,18850.0,18850.0,18850.0,0.0,0.0,1376.0
2017-12-12 13:40:00,18850.0,18895.0,18850.0,18895.0,4.0,377900.0,1376.0
2017-12-12 13:45:00,18895.0,18895.0,18895.0,18895.0,0.0,0.0,1376.0
2017-12-12 13:50:00,18895.0,18895.0,18895.0,18895.0,0.0,0.0,1376.0
2017-12-12 13:55:00,18895.0,18895.0,18895.0,18895.0,0.0,0.0,1376.0
2017-12-12 14:00:00,18895.0,18990.0,18895.0,18990.0,10.0,948800.0,1374.0
2017-12-12 14:05:00,18990.0,18990.0,18930.0,18930.0,6.0,568250.0,1376.0
2017-12-12 14:10:00,18930.0,18965.0,18930.0,18965.0,2.0,189650.0,1378.0
2017-12-12 14:15:00,18930.0,18930.0,18900.0,18900.0,16.0,1512700.0,1374.0
2017-12-12 14:20:00,18900.0,18925.0,18880.0,18925.0,44.0,4159200.0,1382.0
2017-12-12 14:25:00,18900.0,18920.0,18900.0,18915.0,22.0,2079950.0,1392.0
2017-12-12 14:30:00,18915.0,18920.0,18915.0,18920.0,30.0,2837750.0,1416.0
2017-12-12 14:35:00,18920.0,18925.0,18920.0,18925.0,34.0,3217250.0,1448.0
2017-12-12 14:40:00,18935.0,18960.0,18935.0,18960.0,36.0,3409300.0,1484.0
2017-12-12 14:45:00,18965.0,18965.0,18965.0,18965.0,6.0,568950.0,1484.0
2017-12-12 14:50:00,18960.0,18960.0,18905.0,18935.0,20.0,1893100.0,1468.0
2017-12-12 14:55:00,18935.0,18975.0,18935.0,18975.0,10.0,947850.0,1470.0
2017-12-12 21:00:00,18795.0,19080.0,18795.0,18985.0,44.0,4187700.0,1484.0
2017-12-12 21:05:00,19020.0,19045.0,19020.0,19030.0,34.0,3234950.0,1508.0
2017-12-12 21:10:00,19030.0,19030.0,19030.0,19030.0,0.0,0.0,1508.0
2017-12-12 21:15:00,19030.0,19080.0,19030.0,19080.0,2.0,190800.0,1506.0
2017-12-12 21:20:00,19030.0,19030.0,19005.0,19020.0,12.0,1141200.0,1508.0
2017-12-12 21:25:00,19030.0,19030.0,19010.0,19010.0,10.0,951000.0,1510.0
2017-12-12 21:30:00,19005.0,19030.0,19005.0,19010.0,24.0,2282500.0,1512.0
2017-12-12 21:35:00,19010.0,19020.0,19010.0,19020.0,4.0,380400.0,1512.0
2017-12-12 21:40:00,19020.0,19020.0,19020.0,19020.0,2.0,190200.0,1510.0
2017-12-12 21:45:00,19025.0,19030.0,19025.0,19025.0,8.0,761050.0,1508.0
2017-12-12 21:50:00,19025.0,19025.0,19005.0,19005.0,8.0,760300.0,1506.0
2017-12-12 21:55:00,19005.0,19005.0,18915.0,18915.0,6.0,569150.0,1506.0
2017-12-12 22:00:00,18915.0,18915.0,18915.0,18915.0,0.0,0.0,1506.0
2017-12-12 22:05:00,18915.0,18915.0,18900.0,18900.0,8.0,756350.0,1508.0
2017-12-12 22:10:00,18900.0,18930.0,18900.0,18930.0,6.0,567800.0,1510.0
2017-12-12 22:15:00,18930.0,18945.0,18910.0,18945.0,4.0,378550.0,1508.0
2017-12-12 22:20:00,18945.0,18960.0,18945.0,18960.0,6.0,568500.0,1508.0
2017-12-12 22:25:00,18960.0,18960.0,18955.0,18955.0,2.0,189550.0,1508.0
2017-12-12 22:30:00,18955.0,18955.0,18905.0,18905.0,2.0,189050.0,1508.0
2017-12-12 22:35:00,18955.0,18955.0,18955.0,18955.0,12.0,1137300.0,1516.0
2017-12-12 22:40:00,18955.0,18955.0,18945.0,18945.0,2.0,189450.0,1516.0
2017-12-12 22:45:00,18935.0,18940.0,18935.0,18940.0,4.0,378750.0,1516.0
2017-12-12 22:50:00,18940.0,18940.0,18940.0,18940.0,2.0,189400.0,1516.0
2017-12-12 22:55:00,19035.0,19035.0,18935.0,18935.0,4.0,379700.0,1516.0
2017-12-12 23:00:00,18935.0,19020.0,18935.0,19020.0,2.0,190200.0,1518.0
2017-12-12 23:05:00,19020.0,19020.0,19020.0,19020.0,0.0,0.0,1518.0
2017-12-12 23:10:00,18980.0,18985.0,18980.0,18985.0,4.0,379650.0,1516.0
2017-12-12 23:15:00,18980.0,19000.0,18980.0,19000.0,4.0,379800.0,1516.0
2017-12-12 23:20:00,19000.0,19050.0,19000.0,19050.0,4.0,380950.0,1516.0
2017-12-12 23:25:00,19050.0,19050.0,19050.0,19050.0,0.0,0.0,1516.0
2017-12-12 23:30:00,19050.0,19050.0,18995.0,18995.0,4.0,379900.0,1512.0
2017-12-12 23:35:00,18995.0,19005.0,18995.0,18995.0,6.0,569950.0,1514.0
2017-12-12 23:40:00,18995.0,18995.0,18995.0,18995.0,0.0,0.0,1514.0
2017-12-12 23:45:00,18995.0,18995.0,18950.0,18950.0,2.0,189500.0,1512.0
2017-12-12 23:50:00,18950.0,18950.0,18950.0,18950.0,0.0,0.0,1512.0
2017-12-12 23:55:00,18950.0,18950.0,18950.0,18950.0,0.0,0.0,1512.0
2017-12-13 00:00:00,18950.0,18950.0,18950.0,18950.0,0.0,0.0,1512.0
2017-12-13 00:05:00,18950.0,18950.0,18950.0,18950.0,0.0,0.0,1512.0
2017-12-13 00:10:00,18950.0,19010.0,18950.0,19010.0,4.0,380150.0,1516.0
2017-12-13 00:15:00,19010.0,19010.0,19010.0,19010.0,0.0,0.0,1516.0
2017-12-13 00:20:00,19010.0,19025.0,19010.0,19025.0,2.0,190250.0,1516.0
2017-12-13 00:25:00,19045.0,19045.0,19045.0,19045.0,2.0,190450.0,1516.0
2017-12-13 00:30:00,19045.0,19050.0,19045.0,19050.0,4.0,380950.0,1516.0
2017-12-13 00:35:00,19050.0,19050.0,19050.0,19050.0,2.0,190500.0,1516.0
2017-12-13 00:40:00,19050.0,19050.0,19050.0,19050.0,0.0,0.0,1516.0
2017-12-13 00:45:00,19050.0,19050.0,19050.0,19050.0,0.0,0.0,1516.0
2017-12-13 00:50:00,19050.0,19055.0,19050.0,19055.0,2.0,190550.0,1518.0
2017-12-13 00:55:00,19055.0,19055.0,19050.0,19050.0,2.0,190500.0,1518.0
2017-12-13 09:00:00,19050.0,19050.0,19050.0,19050.0,0.0,0.0,1518.0
2017-12-13 09:05:00,19050.0,19050.0,19050.0,19050.0,0.0,0.0,1518.0
2017-12-13 09:10:00,19075.0,19080.0,19075.0,19080.0,4.0,381550.0,1518.0
2017-12-13 09:15:00,19080.0,19080.0,19075.0,19075.0,2.0,190750.0,1518.0
2017-12-13 09:20:00,19015.0,19030.0,19010.0,19015.0,12.0,1141100.0,1518.0
2017-12-13 09:25:00,19025.0,19035.0,19020.0,19020.0,8.0,761050.0,1518.0
2017-12-13 09:30:00,19000.0,19015.0,18970.0,19015.0,10.0,949950.0,1518.0
2017-12-13 09:35:00,19100.0,19100.0,19030.0,19030.0,6.0,571750.0,1518.0
2017-12-13 09:40:00,19030.0,19050.0,19030.0,19050.0,2.0,190500.0,1516.0
2017-12-13 09:45:00,19050.0,19050.0,19050.0,19050.0,0.0,0.0,1516.0
2017-12-13 09:50:00,19050.0,19055.0,19050.0,19055.0,2.0,190550.0,1518.0
2017-12-13 09:55:00,19055.0,19055.0,19055.0,19055.0,0.0,0.0,1518.0
2017-12-13 10:00:00,19055.0,19055.0,19055.0,19055.0,0.0,0.0,1518.0
2017-12-13 10:05:00,19055.0,19055.0,19055.0,19055.0,2.0,190550.0,1520.0
2017-12-13 10:10:00,19055.0,19085.0,19055.0,19085.0,4.0,381400.0,1522.0
2017-12-13 10:30:00,19085.0,19085.0,19065.0,19065.0,2.0,190650.0,1522.0
2017-12-13 10:35:00,19055.0,19055.0,19055.0,19055.0,8.0,762200.0,1524.0
2017-12-13 10:40:00,19055.0,19055.0,19055.0,19055.0,0.0,0.0,1524.0
2017-12-13 10:45:00,19055.0,19055.0,19045.0,19045.0,2.0,190450.0,1524.0
2017-12-13 10:50:00,19045.0,19045.0,19045.0,19045.0,0.0,0.0,1524.0
2017-12-13 10:55:00,19045.0,19045.0,18980.0,18980.0,36.0,3420050.0,1528.0
2017-12-13 11:00:00,18980.0,18980.0,18980.0,18980.0,4.0,379600.0,1530.0
2017-12-13 11:05:00,18980.0,18980.0,18975.0,18975.0,10.0,948750.0,1532.0
2017-12-13 11:10:00,18975.0,18975.0,18950.0,18960.0,18.0,1705950.0,1542.0
2017-12-13 11:15:00,18960.0,18965.0,18960.0,18965.0,2.0,189650.0,1540.0
2017-12-13 11:20:00,18965.0,18965.0,18965.0,18965.0,12.0,1137900.0,1538.0
2017-12-13 11:25:00,18965.0,18970.0,18965.0,18970.0,2.0,189700.0,1540.0
2017-12-13 13:30:00,18970.0,19000.0,18970.0,19000.0,2.0,190000.0,1540.0
2017-12-13 13:35:00,19040.0,19075.0,19040.0,19070.0,8.0,762550.0,1536.0
2017-12-13 13:40:00,19090.0,19105.0,19090.0,19105.0,14.0,1336900.0,1544.0
2017-12-13 13:45:00,19105.0,19105.0,19075.0,19075.0,14.0,1336400.0,1542.0
2017-12-13 13:50:00,19080.0,19080.0,19080.0,19080.0,2.0,190800.0,1542.0
2017-12-13 13:55:00,19070.0,19070.0,19000.0,19000.0,10.0,951850.0,1540.0
2017-12-13 14:00:00,19020.0,19025.0,19020.0,19025.0,8.0,760850.0,1536.0
2017-12-13 14:05:00,19025.0,19025.0,19025.0,19025.0,2.0,190250.0,1538.0
2017-12-13 14:10:00,19025.0,19025.0,19025.0,19025.0,4.0,380500.0,1540.0
2017-12-13 14:15:00,19045.0,19065.0,19045.0,19065.0,4.0,381100.0,1542.0
2017-12-13 14:20:00,19065.0,19065.0,19040.0,19040.0,2.0,190400.0,1540.0
2017-12-13 14:25:00,19040.0,19050.0,19035.0,19050.0,8.0,761850.0,1544.0
2017-12-13 14:30:00,19050.0,19050.0,19040.0,19040.0,2.0,190400.0,1542.0
2017-12-13 14:35:00,19040.0,19040.0,19040.0,19040.0,0.0,0.0,1542.0
2017-12-13 14:40:00,19040.0,19050.0,19040.0,19050.0,4.0,381000.0,1546.0
2017-12-13 14:45:00,19050.0,19050.0,19050.0,19050.0,2.0,190500.0,1548.0
2017-12-13 14:50:00,19050.0,19050.0,19050.0,19050.0,0.0,0.0,1548.0
2017-12-13 14:55:00,19050.0,19090.0,19050.0,19090.0,10.0,953700.0,1550.0
2017-12-13 21:00:00,19190.0,19190.0,19070.0,19070.0,8.0,764650.0,1550.0
2017-12-13 21:05:00,19070.0,19075.0,19060.0,19075.0,10.0,953350.0,1550.0
2017-12-13 21:10:00,19075.0,19105.0,19075.0,19105.0,12.0,1145200.0,1554.0
2017-12-13 21:15:00,19105.0,19105.0,19100.0,19100.0,6.0,573000.0,1556.0
2017-12-13 21:20:00,19100.0,19100.0,19095.0,19095.0,8.0,763900.0,1560.0
2017-12-13 21:25:00,19095.0,19095.0,19060.0,19060.0,6.0,571800.0,1564.0
2017-12-13 21:30:00,19060.0,19085.0,19060.0,19070.0,10.0,954100.0,1572.0
2017-12-13 21:35:00,19070.0,19070.0,19070.0,19070.0,2.0,190700.0,1572.0
2017-12-13 21:40:00,19070.0,19070.0,19060.0,19060.0,2.0,190600.0,1574.0
2017-12-13 21:45:00,19030.0,19060.0,19030.0,19030.0,10.0,952200.0,1570.0
2017-12-13 21:50:00,19030.0,19030.0,19025.0,19025.0,2.0,190250.0,1570.0
2017-12-13 21:55:00,19005.0,19005.0,19005.0,19005.0,6.0,570200.0,1570.0
2017-12-13 22:00:00,19005.0,19025.0,19005.0,19025.0,8.0,760700.0,1568.0
2017-12-13 22:05:00,19025.0,19025.0,19025.0,19025.0,0.0,0.0,1568.0
2017-12-13 22:10:00,19025.0,19025.0,19025.0,19025.0,0.0,0.0,1568.0
2017-12-13 22:15:00,19000.0,19000.0,19000.0,19000.0,2.0,190000.0,1566.0
2017-12-13 22:20:00,19000.0,19000.0,19000.0,19000.0,2.0,190000.0,1564.0
2017-12-13 22:25:00,19000.0,19020.0,19000.0,19020.0,44.0,4184300.0,1602.0
2017-12-13 22:30:00,19020.0,19025.0,19020.0,19025.0,2.0,190250.0,1602.0
2017-12-13 22:35:00,19025.0,19025.0,19020.0,19020.0,2.0,190200.0,1602.0
2017-12-13 22:40:00,19020.0,19020.0,19020.0,19020.0,0.0,0.0,1602.0
2017-12-13 22:45:00,19020.0,19020.0,19000.0,19000.0,4.0,380000.0,1598.0
2017-12-13 22:50:00,19000.0,19005.0,19000.0,19005.0,4.0,380100.0,1602.0
2017-12-13 22:55:00,19005.0,19005.0,19005.0,19005.0,4.0,380100.0,1600.0
2017-12-13 23:00:00,19005.0,19005.0,19005.0,19005.0,0.0,0.0,1600.0
2017-12-13 23:05:00,19005.0,19020.0,19005.0,19020.0,2.0,190200.0,1600.0
2017-12-13 23:10:00,19020.0,19020.0,19020.0,19020.0,0.0,0.0,1600.0
2017-12-13 23:15:00,19020.0,19020.0,19015.0,19015.0,6.0,570450.0,1604.0
2017-12-13 23:20:00,19015.0,19015.0,19015.0,19015.0,0.0,0.0,1604.0
2017-12-13 23:25:00,19015.0,19015.0,19015.0,19015.0,0.0,0.0,1604.0
2017-12-13 23:30:00,19015.0,19015.0,19000.0,19000.0,28.0,2660000.0,1606.0
2017-12-13 23:35:00,19000.0,19005.0,18965.0,18995.0,12.0,1138700.0,1596.0
2017-12-13 23:40:00,18995.0,18995.0,18995.0,18995.0,0.0,0.0,1596.0
2017-12-13 23:45:00,18995.0,18995.0,18995.0,18995.0,0.0,0.0,1596.0
2017-12-13 23:50:00,18995.0,18995.0,18995.0,18995.0,0.0,0.0,1596.0
2017-12-13 23:55:00,18995.0,18995.0,18995.0,18995.0,2.0,189950.0,1598.0
2017-12-14 00:00:00,18990.0,18990.0,18990.0,18990.0,8.0,759600.0,1594.0
2017-12-14 00:05:00,18990.0,18990.0,18990.0,18990.0,8.0,759600.0,1596.0
2017-12-14 00:10:00,18990.0,18990.0,18990.0,18990.0,0.0,0.0,1596.0
2017-12-14 00:15:00,18990.0,18990.0,18990.0,18990.0,0.0,0.0,1596.0
2017-12-14 00:20:00,18990.0,19015.0,18990.0,19015.0,4.0,380300.0,1598.0
2017-12-14 00:25:00,18995.0,19020.0,18995.0,19020.0,8.0,760250.0,1596.0
2017-12-14 00:30:00,19020.0,19020.0,19020.0,19020.0,0.0,0.0,1596.0
2017-12-14 00:35:00,19020.0,19020.0,19020.0,19020.0,0.0,0.0,1596.0
2017-12-14 00:40:00,19020.0,19020.0,19020.0,19020.0,0.0,0.0,1596.0
2017-12-14 00:45:00,19020.0,19020.0,18995.0,18995.0,2.0,189950.0,1594.0
2017-12-14 00:50:00,18995.0,19035.0,18995.0,19035.0,8.0,761400.0,1602.0
2017-12-14 00:55:00,19035.0,19035.0,19035.0,19035.0,0.0,0.0,1602.0
2017-12-14 09:00:00,19035.0,19070.0,19035.0,19070.0,4.0,381400.0,1602.0
2017-12-14 09:05:00,19070.0,19070.0,19015.0,19015.0,2.0,190150.0,1604.0
2017-12-14 09:10:00,19015.0,19040.0,19015.0,19040.0,4.0,380600.0,1604.0
2017-12-14 09:15:00,19040.0,19040.0,19040.0,19040.0,0.0,0.0,1604.0
2017-12-14 09:20:00,19040.0,19040.0,19040.0,19040.0,0.0,0.0,1604.0
2017-12-14 09:25:00,19030.0,19030.0,19030.0,19030.0,4.0,380600.0,1606.0
2017-12-14 09:30:00,19030.0,19030.0,19030.0,19030.0,0.0,0.0,1606.0
2017-12-14 09:35:00,19030.0,19030.0,19030.0,19030.0,0.0,0.0,1606.0
2017-12-14 09:40:00,19030.0,19070.0,19030.0,19070.0,2.0,190700.0,1604.0
2017-12-14 09:45:00,19070.0,19070.0,19070.0,19070.0,2.0,190700.0,1606.0
2017-12-14 09:50:00,19070.0,19070.0,19070.0,19070.0,0.0,0.0,1606.0
2017-12-14 09:55:00,19070.0,19070.0,19070.0,19070.0,0.0,0.0,1606.0
2017-12-14 10:00:00,19070.0,19070.0,19070.0,19070.0,0.0,0.0,1606.0
2017-12-14 10:05:00,19070.0,19070.0,19070.0,19070.0,0.0,0.0,1606.0
2017-12-14 10:10:00,19070.0,19100.0,19070.0,19100.0,6.0,573000.0,1612.0
2017-12-14 10:30:00,19100.0,19100.0,19100.0,19100.0,0.0,0.0,1612.0
2017-12-14 10:35:00,19100.0,19100.0,19090.0,19090.0,2.0,190900.0,1610.0
2017-12-14 10:40:00,19090.0,19090.0,19085.0,19085.0,2.0,190850.0,1608.0
2017-12-14 10:45:00,19085.0,19085.0,19085.0,19085.0,8.0,763400.0,1602.0
2017-12-14 10:50:00,19085.0,19085.0,19075.0,19075.0,8.0,763050.0,1602.0
2017-12-14 10:55:00,19075.0,19075.0,19075.0,19075.0,2.0,190750.0,1604.0
2017-12-14 11:00:00,19050.0,19050.0,19050.0,19050.0,4.0,381050.0,1602.0
2017-12-14 11:05:00,19035.0,19040.0,19030.0,19040.0,14.0,1332600.0,1604.0
2017-12-14 11:10:00,19040.0,19040.0,19040.0,19040.0,0.0,0.0,1604.0
2017-12-14 11:15:00,19025.0,19025.0,19025.0,19025.0,4.0,380500.0,1604.0
2017-12-14 11:20:00,19025.0,19025.0,18985.0,18985.0,2.0,189850.0,1602.0
2017-12-14 11:25:00,18990.0,18995.0,18980.0,18980.0,10.0,949500.0,1598.0
2017-12-14 13:30:00,19055.0,19055.0,18905.0,18945.0,22.0,2085150.0,1600.0
2017-12-14 13:35:00,18945.0,18945.0,18945.0,18945.0,2.0,189450.0,1602.0
2017-12-14 13:40:00,18945.0,18945.0,18945.0,18945.0,0.0,0.0,1602.0
2017-12-14 13:45:00,18945.0,18945.0,18945.0,18945.0,0.0,0.0,1602.0
2017-12-14 13:50:00,18945.0,18945.0,18945.0,18945.0,0.0,0.0,1602.0
2017-12-14 13:55:00,18945.0,18975.0,18945.0,18975.0,2.0,189750.0,1604.0
2017-12-14 14:00:00,18975.0,18975.0,18975.0,18975.0,0.0,0.0,1604.0
2017-12-14 14:05:00,18975.0,18975.0,18940.0,18940.0,2.0,189400.0,1604.0
2017-12-14 14:10:00,18940.0,18940.0,18940.0,18940.0,0.0,0.0,1604.0
2017-12-14 14:15:00,18940.0,18940.0,18935.0,18935.0,2.0,189350.0,1604.0
2017-12-14 14:20:00,18935.0,18935.0,18935.0,18935.0,2.0,189350.0,1606.0
2017-12-14 14:25:00,18935.0,18935.0,18905.0,18905.0,12.0,1135300.0,1616.0
2017-12-14 14:30:00,18905.0,18905.0,18905.0,18905.0,0.0,0.0,1616.0
2017-12-14 14:35:00,18905.0,18910.0,18905.0,18910.0,10.0,945400.0,1610.0
2017-12-14 14:40:00,18910.0,18910.0,18910.0,18910.0,0.0,0.0,1610.0
2017-12-14 14:45:00,18945.0,18945.0,18915.0,18915.0,4.0,378600.0,1608.0
2017-12-14 14:50:00,18915.0,18915.0,18915.0,18915.0,0.0,0.0,1608.0
2017-12-14 14:55:00,18915.0,18970.0,18905.0,18905.0,12.0,1134950.0,1612.0
2017-12-14 21:00:00,18870.0,18885.0,18805.0,18885.0,10.0,942100.0,1610.0
2017-12-14 21:05:00,18885.0,18885.0,18855.0,18865.0,10.0,942950.0,1612.0
2017-12-14 21:10:00,18865.0,18880.0,18855.0,18880.0,28.0,2640600.0,1622.0
2017-12-14 21:15:00,18880.0,18880.0,18865.0,18865.0,2.0,188650.0,1624.0
2017-12-14 21:20:00,18865.0,18865.0,18865.0,18865.0,0.0,0.0,1624.0
2017-12-14 21:25:00,18865.0,18865.0,18860.0,18860.0,2.0,188600.0,1624.0
2017-12-14 21:30:00,18860.0,18860.0,18855.0,18855.0,2.0,188550.0,1624.0
2017-12-14 21:35:00,18855.0,18875.0,18855.0,18875.0,2.0,188750.0,1624.0
2017-12-14 21:40:00,18875.0,18875.0,18875.0,18875.0,2.0,188750.0,1624.0
2017-12-14 21:45:00,18875.0,18875.0,18855.0,18865.0,4.0,377200.0,1628.0
2017-12-14 21:50:00,18865.0,18865.0,18865.0,18865.0,0.0,0.0,1628.0
2017-12-14 21:55:00,18865.0,18865.0,18865.0,18865.0,0.0,0.0,1628.0
2017-12-14 22:00:00,18865.0,18885.0,18865.0,18885.0,6.0,566250.0,1628.0
2017-12-14 22:05:00,18885.0,18885.0,18870.0,18870.0,4.0,377400.0,1628.0
2017-12-14 22:10:00,18870.0,18870.0,18865.0,18865.0,2.0,188650.0,1626.0
2017-12-14 22:15:00,18865.0,18985.0,18865.0,18950.0,6.0,569200.0,1628.0
2017-12-14 22:20:00,18950.0,18950.0,18940.0,18950.0,6.0,568300.0,1632.0
2017-12-14 22:25:00,18950.0,18950.0,18950.0,18950.0,0.0,0.0,1632.0
2017-12-14 22:30:00,18950.0,18950.0,18950.0,18950.0,0.0,0.0,1632.0
2017-12-14 22:35:00,18950.0,18950.0,18945.0,18945.0,6.0,568350.0,1628.0
2017-12-14 22:40:00,18945.0,18945.0,18945.0,18945.0,0.0,0.0,1628.0
2017-12-14 22:45:00,18950.0,18955.0,18950.0,18955.0,14.0,1326550.0,1628.0
2017-12-14 22:50:00,18955.0,18955.0,18950.0,18950.0,8.0,758000.0,1636.0
2017-12-14 22:55:00,18950.0,18950.0,18945.0,18945.0,4.0,378950.0,1636.0
2017-12-14 23:00:00,18945.0,18950.0,18945.0,18950.0,2.0,189500.0,1636.0
2017-12-14 23:05:00,18950.0,18950.0,18950.0,18950.0,0.0,0.0,1636.0
2017-12-14 23:10:00,18950.0,18950.0,18950.0,18950.0,0.0,0.0,1636.0
2017-12-14 23:15:00,18950.0,18950.0,18950.0,18950.0,0.0,0.0,1636.0
2017-12-14 23:20:00,18950.0,18950.0,18950.0,18950.0,0.0,0.0,1636.0
2017-12-14 23:25:00,18950.0,18950.0,18950.0,18950.0,0.0,0.0,1636.0
2017-12-14 23:30:00,18950.0,18950.0,18950.0,18950.0,0.0,0.0,1636.0
2017-12-14 23:35:00,18950.0,18950.0,18950.0,18950.0,0.0,0.0,1636.0
2017-12-14 23:40:00,18950.0,18950.0,18950.0,18950.0,0.0,0.0,1636.0
2017-12-14 23:45:00,18950.0,18950.0,18950.0,18950.0,0.0,0.0,1636.0
2017-12-14 23:50:00,18950.0,18950.0,18950.0,18950.0,0.0,0.0,1636.0
2017-12-14 23:55:00,18950.0,18950.0,18950.0,18950.0,0.0,0.0,1636.0
2017-12-15 00:00:00,18950.0,18950.0,18950.0,18950.0,0.0,0.0,1636.0
2017-12-15 00:05:00,18950.0,18950.0,18950.0,18950.0,0.0,0.0,1636.0
2017-12-15 00:10:00,18950.0,18950.0,18950.0,18950.0,0.0,0.0,1636.0
2017-12-15 00:15:00,18950.0,18950.0,18950.0,18950.0,0.0,0.0,1636.0
2017-12-15 00:20:00,18950.0,18950.0,18950.0,18950.0,0.0,0.0,1636.0
2017-12-15 00:25:00,18950.0,18975.0,18950.0,18975.0,2.0,189750.0,1636.0
2017-12-15 00:30:00,18975.0,18975.0,18975.0,18975.0,0.0,0.0,1636.0
2017-12-15 00:35:00,18975.0,18975.0,18975.0,18975.0,0.0,0.0,1636.0
2017-12-15 00:40:00,18975.0,18975.0,18975.0,18975.0,0.0,0.0,1636.0
2017-12-15 00:45:00,18975.0,18975.0,18975.0,18975.0,0.0,0.0,1636.0
2017-12-15 00:50:00,18975.0,18975.0,18975.0,18975.0,0.0,0.0,1636.0
2017-12-15 00:55:00,18975.0,18975.0,18975.0,18975.0,2.0,189750.0,1636.0
2017-12-15 09:00:00,18975.0,18975.0,18975.0,18975.0,0.0,0.0,1636.0
2017-12-15 09:05:00,18935.0,19035.0,18935.0,19035.0,18.0,1710000.0,1634.0
2017-12-15 09:10:00,18985.0,19015.0,18985.0,19015.0,10.0,949600.0,1636.0
2017-12-15 09:15:00,18995.0,19000.0,18990.0,18990.0,20.0,1899300.0,1636.0
2017-12-15 09:20:00,19000.0,19000.0,18990.0,18990.0,30.0,2848600.0,1628.0
2017-12-15 09:25:00,18990.0,18990.0,18990.0,18990.0,0.0,0.0,1628.0
2017-12-15 09:30:00,18990.0,18990.0,18975.0,18985.0,20.0,1898350.0,1634.0
2017-12-15 09:35:00,18985.0,18985.0,18985.0,18985.0,0.0,0.0,1634.0
2017-12-15 09:40:00,18985.0,18985.0,18970.0,18980.0,28.0,2657000.0,1644.0
2017-12-15 09:45:00,18980.0,18980.0,18980.0,18980.0,0.0,0.0,1644.0
2017-12-15 09:50:00,18980.0,18990.0,18980.0,18990.0,2.0,189900.0,1644.0
2017-12-15 09:55:00,18930.0,18985.0,18930.0,18980.0,8.0,758500.0,1642.0
2017-12-15 10:00:00,18980.0,18980.0,18975.0,18980.0,6.0,569300.0,1640.0
2017-12-15 10:05:00,18970.0,18975.0,18965.0,18965.0,10.0,948450.0,1638.0
2017-12-15 10:10:00,18965.0,18965.0,18955.0,18955.0,2.0,189550.0,1638.0
2017-12-15 10:30:00,18955.0,18955.0,18935.0,18935.0,2.0,189350.0,1638.0
2017-12-15 10:35:00,18930.0,18930.0,18930.0,18930.0,2.0,189300.0,1638.0
2017-12-15 10:40:00,18905.0,18915.0,18905.0,18915.0,12.0,1134700.0,1644.0
2017-12-15 10:45:00,18915.0,18915.0,18915.0,18915.0,0.0,0.0,1644.0
2017-12-15 10:50:00,18915.0,18920.0,18915.0,18920.0,2.0,189200.0,1642.0
2017-12-15 10:55:00,18920.0,18920.0,18920.0,18920.0,0.0,0.0,1642.0
2017-12-15 11:00:00,18920.0,18920.0,18920.0,18920.0,8.0,756800.0,1644.0
2017-12-15 11:05:00,18920.0,18920.0,18920.0,18920.0,0.0,0.0,1644.0
2017-12-15 11:10:00,18920.0,18920.0,18920.0,18920.0,0.0,0.0,1644.0
2017-12-15 11:15:00,18920.0,18920.0,18920.0,18920.0,0.0,0.0,1644.0
2017-12-15 11:20:00,18945.0,18945.0,18945.0,18945.0,2.0,189450.0,1642.0
2017-12-15 11:25:00,18945.0,18945.0,18945.0,18945.0,2.0,189450.0,1640.0
2017-12-15 13:30:00,18910.0,18920.0,18910.0,18920.0,6.0,567500.0,1642.0
2017-12-15 13:35:00,18920.0,18925.0,18920.0,18925.0,8.0,757000.0,1642.0
2017-12-15 13:40:00,18925.0,18950.0,18925.0,18950.0,10.0,947300.0,1648.0
2017-12-15 13:45:00,18950.0,18950.0,18950.0,18950.0,2.0,189500.0,1648.0
2017-12-15 13:50:00,18965.0,18965.0,18965.0,18965.0,6.0,568950.0,1652.0
2017-12-15 13:55:00,18955.0,18955.0,18955.0,18955.0,2.0,189550.0,1652.0
2017-12-15 14:00:00,18955.0,18955.0,18945.0,18945.0,6.0,568400.0,1656.0
2017-12-15 14:05:00,18945.0,18955.0,18945.0,18955.0,2.0,189550.0,1656.0
2017-12-15 14:10:00,18955.0,18955.0,18955.0,18955.0,0.0,0.0,1656.0
2017-12-15 14:15:00,18955.0,18955.0,18955.0,18955.0,0.0,0.0,1656.0
2017-12-15 14:20:00,18955.0,18955.0,18955.0,18955.0,0.0,0.0,1656.0
2017-12-15 14:25:00,18955.0,18960.0,18955.0,18960.0,2.0,189600.0,1656.0
2017-12-15 14:30:00,18960.0,18960.0,18960.0,18960.0,0.0,0.0,1656.0
2017-12-15 14:35:00,18960.0,18960.0,18960.0,18960.0,0.0,0.0,1656.0
2017-12-15 14:40:00,18960.0,18960.0,18930.0,18930.0,14.0,1325100.0,1656.0
2017-12-15 14:45:00,18930.0,18945.0,18900.0,18945.0,28.0,2647200.0,1654.0
2017-12-15 14:50:00,18935.0,18935.0,18935.0,18935.0,2.0,189350.0,1654.0
2017-12-15 14:55:00,18935.0,19000.0,18930.0,18980.0,18.0,1707600.0,1644.0
2017-12-15 21:00:00,18940.0,19015.0,18940.0,19010.0,20.0,1900500.0,1654.0
2017-12-15 21:05:00,19010.0,19010.0,19010.0,19010.0,0.0,0.0,1654.0
2017-12-15 21:10:00,18960.0,18990.0,18960.0,18970.0,26.0,2466500.0,1668.0
2017-12-15 21:15:00,18970.0,18975.0,18970.0,18975.0,6.0,569200.0,1668.0
2017-12-15 21:20:00,18970.0,18985.0,18950.0,18985.0,16.0,1517600.0,1672.0
2017-12-15 21:25:00,18990.0,19000.0,18990.0,19000.0,4.0,379900.0,1670.0
2017-12-15 21:30:00,19000.0,19005.0,19000.0,19005.0,8.0,760200.0,1672.0
2017-12-15 21:35:00,19005.0,19005.0,19000.0,19000.0,4.0,380000.0,1668.0
2017-12-15 21:40:00,19000.0,19000.0,18995.0,18995.0,4.0,379900.0,1668.0
2017-12-15 21:45:00,18995.0,18995.0,18995.0,18995.0,0.0,0.0,1668.0
2017-12-15 21:50:00,18995.0,18995.0,18995.0,18995.0,0.0,0.0,1668.0
2017-12-15 21:55:00,19005.0,19005.0,19005.0,19005.0,4.0,380100.0,1664.0
2017-12-15 22:00:00,19005.0,19010.0,19000.0,19000.0,20.0,1900600.0,1666.0
2017-12-15 22:05:00,19000.0,19000.0,18990.0,18990.0,8.0,759650.0,1672.0
2017-12-15 22:10:00,18990.0,18990.0,18990.0,18990.0,0.0,0.0,1672.0
2017-12-15 22:15:00,19025.0,19025.0,19025.0,19025.0,2.0,190250.0,1670.0
2017-12-15 22:20:00,19025.0,19025.0,19025.0,19025.0,0.0,0.0,1670.0
2017-12-15 22:25:00,19025.0,19030.0,19000.0,19000.0,6.0,570400.0,1670.0
2017-12-15 22:30:00,19000.0,19020.0,19000.0,19020.0,4.0,380350.0,1668.0
2017-12-15 22:35:00,19020.0,19020.0,19020.0,19020.0,0.0,0.0,1668.0
2017-12-15 22:40:00,19020.0,19055.0,19020.0,19055.0,4.0,381100.0,1670.0
2017-12-15 22:45:00,19055.0,19055.0,19040.0,19040.0,2.0,190400.0,1670.0
2017-12-15 22:50:00,19035.0,19035.0,18995.0,18995.0,6.0,570450.0,1666.0
2017-12-15 22:55:00,18995.0,19060.0,18995.0,19060.0,6.0,571700.0,1664.0
2017-12-15 23:00:00,19060.0,19065.0,19050.0,19050.0,14.0,1334250.0,1654.0
2017-12-15 23:05:00,19050.0,19050.0,19050.0,19050.0,2.0,190500.0,1656.0
2017-12-15 23:10:00,19050.0,19080.0,19050.0,19080.0,2.0,190800.0,1656.0
2017-12-15 23:15:00,19080.0,19100.0,19080.0,19100.0,4.0,381900.0,1656.0
2017-12-15 23:20:00,19100.0,19100.0,19100.0,19100.0,0.0,0.0,1656.0
2017-12-15 23:25:00,19100.0,19120.0,19100.0,19120.0,2.0,191200.0,1656.0
2017-12-15 23:30:00,19120.0,19125.0,19120.0,19125.0,2.0,191250.0,1654.0
2017-12-15 23:35:00,19125.0,19125.0,19125.0,19125.0,0.0,0.0,1654.0
2017-12-15 23:40:00,19125.0,19165.0,19125.0,19145.0,4.0,383100.0,1658.0
2017-12-15 23:45:00,19120.0,19120.0,19110.0,19110.0,8.0,764600.0,1658.0
2017-12-15 23:50:00,19110.0,19115.0,19110.0,19115.0,2.0,191150.0,1660.0
2017-12-15 23:55:00,19115.0,19115.0,19115.0,19115.0,0.0,0.0,1660.0
2017-12-16 00:00:00,19115.0,19115.0,19110.0,19110.0,2.0,191100.0,1660.0
2017-12-16 00:05:00,19125.0,19145.0,19125.0,19145.0,4.0,382700.0,1662.0
2017-12-16 00:10:00,19145.0,19145.0,19145.0,19145.0,0.0,0.0,1662.0
2017-12-16 00:15:00,19145.0,19145.0,19145.0,19145.0,0.0,0.0,1662.0
2017-12-16 00:20:00,19145.0,19145.0,19145.0,19145.0,0.0,0.0,1662.0
2017-12-16 00:25:00,19130.0,19130.0,19130.0,19130.0,2.0,191300.0,1660.0
2017-12-16 00:30:00,19130.0,19130.0,19130.0,19130.0,0.0,0.0,1660.0
2017-12-16 00:35:00,19130.0,19130.0,19130.0,19130.0,0.0,0.0,1660.0
2017-12-16 00:40:00,19130.0,19155.0,19130.0,19155.0,2.0,191550.0,1658.0
2017-12-16 00:45:00,19155.0,19155.0,19155.0,19155.0,0.0,0.0,1658.0
2017-12-16 00:50:00,19155.0,19155.0,19155.0,19155.0,0.0,0.0,1658.0
2017-12-16 00:55:00,19155.0,19175.0,19155.0,19175.0,2.0,191750.0,1656.0
2017-12-18 09:00:00,19180.0,19180.0,19150.0,19150.0,12.0,1149300.0,1652.0
2017-12-18 09:05:00,19175.0,19180.0,19175.0,19180.0,6.0,575350.0,1652.0
2017-12-18 09:10:00,19180.0,19180.0,19180.0,19180.0,0.0,0.0,1652.0
2017-12-18 09:15:00,19205.0,19230.0,19205.0,19210.0,16.0,1537550.0,1660.0
2017-12-18 09:20:00,19220.0,19270.0,19220.0,19270.0,28.0,2693450.0,1664.0
2017-12-18 09:25:00,19270.0,19325.0,19270.0,19310.0,10.0,964850.0,1662.0
2017-12-18 09:30:00,19305.0,19305.0,19300.0,19300.0,6.0,579100.0,1664.0
2017-12-18 09:35:00,19300.0,19300.0,19275.0,19275.0,2.0,192750.0,1664.0
2017-12-18 09:40:00,19280.0,19280.0,19280.0,19280.0,4.0,385600.0,1664.0
2017-12-18 09:45:00,19300.0,19320.0,19300.0,19320.0,14.0,1351200.0,1668.0
2017-12-18 09:50:00,19305.0,19305.0,19260.0,19290.0,8.0,771150.0,1672.0
2017-12-18 09:55:00,19290.0,19290.0,19285.0,19285.0,8.0,771400.0,1678.0
2017-12-18 10:00:00,19285.0,19305.0,19285.0,19305.0,4.0,385950.0,1678.0
2017-12-18 10:05:00,19305.0,19305.0,19240.0,19280.0,14.0,1348300.0,1690.0
2017-12-18 10:10:00,19265.0,19275.0,19245.0,19245.0,12.0,1155850.0,1682.0
2017-12-18 10:30:00,19245.0,19245.0,19200.0,19200.0,22.0,2112650.0,1688.0
2017-12-18 10:35:00,19185.0,19185.0,19130.0,19130.0,12.0,1150350.0,1690.0
2017-12-18 10:40:00,19130.0,19130.0,19115.0,19115.0,2.0,191150.0,1690.0
2017-12-18 10:45:00,19110.0,19135.0,19110.0,19135.0,10.0,955950.0,1690.0
2017-12-18 10:50:00,19130.0,19130.0,19045.0,19045.0,28.0,2672700.0,1686.0
2017-12-18 10:55:00,19035.0,19035.0,19035.0,19035.0,2.0,190350.0,1686.0
2017-12-18 11:00:00,19075.0,19075.0,19075.0,19075.0,6.0,572250.0,1686.0
2017-12-18 11:05:00,19075.0,19080.0,19075.0,19080.0,2.0,190800.0,1686.0
2017-12-18 11:10:00,19080.0,19100.0,19080.0,19100.0,12.0,1145750.0,1684.0
2017-12-18 11:15:00,19095.0,19095.0,19095.0,19095.0,2.0,190950.0,1684.0
2017-12-18 11:20:00,19095.0,19095.0,19095.0,19095.0,0.0,0.0,1684.0
2017-12-18 11:25:00,19095.0,19095.0,19095.0,19095.0,0.0,0.0,1684.0
2017-12-18 13:30:00,19095.0,19095.0,19090.0,19090.0,10.0,954600.0,1684.0
2017-12-18 13:35:00,19090.0,19090.0,19070.0,19070.0,6.0,572350.0,1686.0
2017-12-18 13:40:00,19070.0,19085.0,19070.0,19085.0,8.0,763000.0,1688.0
2017-12-18 13:45:00,19085.0,19085.0,19085.0,19085.0,0.0,0.0,1688.0
2017-12-18 13:50:00,19100.0,19100.0,19085.0,19085.0,4.0,381850.0,1688.0
2017-12-18 13:55:00,19085.0,19085.0,19065.0,19065.0,4.0,381300.0,1688.0
2017-12-18 14:00:00,19065.0,19065.0,19065.0,19065.0,0.0,0.0,1688.0
2017-12-18 14:05:00,19065.0,19105.0,19065.0,19105.0,2.0,191050.0,1688.0
2017-12-18 14:10:00,19115.0,19140.0,19115.0,19140.0,10.0,956700.0,1688.0
2017-12-18 14:15:00,19140.0,19140.0,19140.0,19140.0,4.0,382800.0,1686.0
2017-12-18 14:20:00,19140.0,19165.0,19140.0,19165.0,4.0,383300.0,1684.0
2017-12-18 14:25:00,19165.0,19165.0,19155.0,19155.0,4.0,383100.0,1686.0
2017-12-18 14:30:00,19155.0,19155.0,19155.0,19155.0,2.0,191550.0,1686.0
2017-12-18 14:35:00,19165.0,19165.0,19165.0,19165.0,6.0,574950.0,1686.0
2017-12-18 14:40:00,19165.0,19165.0,19150.0,19155.0,8.0,766100.0,1686.0
2017-12-18 14:45:00,19155.0,19180.0,19155.0,19180.0,8.0,767200.0,1690.0
2017-12-18 14:50:00,19195.0,19200.0,19195.0,19195.0,16.0,1535750.0,1694.0
2017-12-18 14:55:00,19195.0,19195.0,19190.0,19190.0,10.0,959500.0,1696.0
2017-12-18 21:00:00,19380.0,19380.0,19340.0,19345.0,32.0,3097800.0,1696.0
2017-12-18 21:05:00,19315.0,19320.0,19295.0,19295.0,12.0,1158300.0,1696.0
2017-12-18 21:10:00,19300.0,19300.0,19300.0,19300.0,4.0,386000.0,1700.0
2017-12-18 21:15:00,19300.0,19310.0,19300.0,19310.0,4.0,386200.0,1700.0
2017-12-18 21:20:00,19310.0,19310.0,19295.0,19305.0,14.0,1351100.0,1692.0
2017-12-18 21:25:00,19305.0,19315.0,19305.0,19315.0,2.0,193150.0,1690.0
2017-12-18 21:30:00,19315.0,19315.0,19280.0,19280.0,20.0,1930450.0,1706.0
2017-12-18 21:35:00,19235.0,19250.0,19235.0,19250.0,28.0,2694100.0,1696.0
2017-12-18 21:40:00,19250.0,19250.0,19250.0,19250.0,0.0,0.0,1696.0
2017-12-18 21:45:00,19255.0,19255.0,19255.0,19255.0,6.0,577650.0,1692.0
2017-12-18 21:50:00,19255.0,19255.0,19240.0,19255.0,12.0,1155100.0,1700.0
2017-12-18 21:55:00,19260.0,19275.0,19260.0,19275.0,4.0,385350.0,1702.0
2017-12-18 22:00:00,19275.0,19285.0,19275.0,19285.0,2.0,192850.0,1702.0
2017-12-18 22:05:00,19285.0,19285.0,19285.0,19285.0,4.0,385700.0,1700.0
2017-12-18 22:10:00,19285.0,19285.0,19280.0,19280.0,6.0,578500.0,1702.0
2017-12-18 22:15:00,19260.0,19260.0,19250.0,19260.0,8.0,770250.0,1700.0
2017-12-18 22:20:00,19260.0,19260.0,19260.0,19260.0,0.0,0.0,1700.0
2017-12-18 22:25:00,19260.0,19275.0,19260.0,19275.0,2.0,192750.0,1700.0
2017-12-18 22:30:00,19275.0,19290.0,19270.0,19290.0,4.0,385600.0,1696.0
2017-12-18 22:35:00,19290.0,19290.0,19290.0,19290.0,6.0,578700.0,1700.0
2017-12-18 22:40:00,19295.0,19295.0,19280.0,19280.0,6.0,578550.0,1698.0
2017-12-18 22:45:00,19280.0,19280.0,19280.0,19280.0,0.0,0.0,1698.0
2017-12-18 22:50:00,19280.0,19280.0,19280.0,19280.0,0.0,0.0,1698.0
2017-12-18 22:55:00,19280.0,19280.0,19280.0,19280.0,0.0,0.0,1698.0
2017-12-18 23:00:00,19280.0,19300.0,19280.0,19300.0,6.0,578800.0,1700.0
2017-12-18 23:05:00,19300.0,19300.0,19300.0,19300.0,6.0,579000.0,1700.0
2017-12-18 23:10:00,19300.0,19315.0,19300.0,19315.0,6.0,579450.0,1700.0
2017-12-18 23:15:00,19315.0,19315.0,19315.0,19315.0,0.0,0.0,1700.0
2017-12-18 23:20:00,19315.0,19315.0,19315.0,19315.0,0.0,0.0,1700.0
2017-12-18 23:25:00,19315.0,19315.0,19315.0,19315.0,0.0,0.0,1700.0
2017-12-18 23:30:00,19315.0,19315.0,19310.0,19310.0,22.0,2124200.0,1714.0
2017-12-18 23:35:00,19310.0,19310.0,19295.0,19295.0,2.0,192950.0,1712.0
2017-12-18 23:40:00,19295.0,19295.0,19295.0,19295.0,8.0,771800.0,1712.0
2017-12-18 23:45:00,19295.0,19320.0,19295.0,19320.0,2.0,193200.0,1712.0
2017-12-18 23:50:00,19320.0,19320.0,19320.0,19320.0,0.0,0.0,1712.0
2017-12-18 23:55:00,19320.0,19320.0,19320.0,19320.0,4.0,386400.0,1712.0
2017-12-19 00:00:00,19320.0,19320.0,19320.0,19320.0,0.0,0.0,1712.0
2017-12-19 00:05:00,19320.0,19320.0,19320.0,19320.0,0.0,0.0,1712.0
2017-12-19 00:10:00,19320.0,19320.0,19320.0,19320.0,0.0,0.0,1712.0
2017-12-19 00:15:00,19320.0,19320.0,19320.0,19320.0,0.0,0.0,1712.0
2017-12-19 00:20:00,19320.0,19320.0,19295.0,19295.0,4.0,385900.0,1712.0
2017-12-19 00:25:00,19295.0,19320.0,19295.0,19320.0,4.0,386400.0,1710.0
2017-12-19 00:30:00,19320.0,19320.0,19320.0,19320.0,0.0,0.0,1710.0
2017-12-19 00:35:00,19320.0,19320.0,19320.0,19320.0,0.0,0.0,1710.0
2017-12-19 00:40:00,19320.0,19320.0,19320.0,19320.0,0.0,0.0,1710.0
2017-12-19 00:45:00,19320.0,19350.0,19320.0,19350.0,4.0,386900.0,1708.0
2017-12-19 00:50:00,19350.0,19350.0,19350.0,19350.0,0.0,0.0,1708.0
2017-12-19 00:55:00,19350.0,19350.0,19350.0,19350.0,0.0,0.0,1708.0
2017-12-19 09:00:00,19350.0,19350.0,19350.0,19350.0,0.0,0.0,1708.0
2017-12-19 09:05:00,19295.0,19295.0,19295.0,19295.0,2.0,192950.0,1710.0
2017-12-19 09:10:00,19295.0,19295.0,19295.0,19295.0,0.0,0.0,1710.0
2017-12-19 09:15:00,19260.0,19285.0,19260.0,19285.0,4.0,385450.0,1712.0
2017-12-19 09:20:00,19280.0,19285.0,19280.0,19285.0,4.0,385650.0,1710.0
2017-12-19 09:25:00,19285.0,19285.0,19285.0,19285.0,0.0,0.0,1710.0
2017-12-19 09:30:00,19285.0,19305.0,19285.0,19305.0,2.0,193050.0,1710.0
2017-12-19 09:35:00,19305.0,19305.0,19300.0,19300.0,2.0,193000.0,1710.0
2017-12-19 09:40:00,19320.0,19325.0,19320.0,19325.0,4.0,386450.0,1712.0
2017-12-19 09:45:00,19345.0,19345.0,19320.0,19335.0,16.0,1546450.0,1722.0
2017-12-19 09:50:00,19335.0,19340.0,19330.0,19330.0,16.0,1547100.0,1728.0
2017-12-19 09:55:00,19330.0,19330.0,19330.0,19330.0,0.0,0.0,1728.0
2017-12-19 10:00:00,19350.0,19350.0,19350.0,19350.0,2.0,193500.0,1726.0
2017-12-19 10:05:00,19350.0,19350.0,19335.0,19335.0,10.0,967350.0,1718.0
2017-12-19 10:10:00,19340.0,19340.0,19340.0,19340.0,2.0,193400.0,1720.0
2017-12-19 10:30:00,19340.0,19340.0,19340.0,19340.0,0.0,0.0,1720.0
2017-12-19 10:35:00,19340.0,19340.0,19340.0,19340.0,0.0,0.0,1720.0
2017-12-19 10:40:00,19340.0,19340.0,19300.0,19310.0,10.0,965750.0,1720.0
2017-12-19 10:45:00,19310.0,19310.0,19310.0,19310.0,0.0,0.0,1720.0
2017-12-19 10:50:00,19270.0,19300.0,19270.0,19300.0,6.0,578400.0,1720.0
2017-12-19 10:55:00,19300.0,19300.0,19300.0,19300.0,0.0,0.0,1720.0
2017-12-19 11:00:00,19300.0,19300.0,19300.0,19300.0,0.0,0.0,1720.0
2017-12-19 11:05:00,19300.0,19300.0,19300.0,19300.0,0.0,0.0,1720.0
2017-12-19 11:10:00,19300.0,19300.0,19300.0,19300.0,0.0,0.0,1720.0
2017-12-19 11:15:00,19300.0,19310.0,19295.0,19295.0,6.0,579000.0,1720.0
2017-12-19 11:20:00,19285.0,19285.0,19285.0,19285.0,2.0,192850.0,1722.0
2017-12-19 11:25:00,19285.0,19285.0,19285.0,19285.0,0.0,0.0,1722.0
2017-12-19 13:30:00,19265.0,19265.0,19265.0,19265.0,4.0,385300.0,1720.0
2017-12-19 13:35:00,19260.0,19265.0,19260.0,19260.0,10.0,963050.0,1720.0
2017-12-19 13:40:00,19225.0,19225.0,19215.0,19215.0,6.0,576550.0,1722.0
2017-12-19 13:45:00,19215.0,19215.0,19215.0,19215.0,0.0,0.0,1722.0
2017-12-19 13:50:00,19215.0,19215.0,19215.0,19215.0,0.0,0.0,1722.0
2017-12-19 13:55:00,19215.0,19215.0,19215.0,19215.0,0.0,0.0,1722.0
2017-12-19 14:00:00,19215.0,19215.0,19175.0,19175.0,4.0,383500.0,1726.0
2017-12-19 14:05:00,19155.0,19200.0,19155.0,19200.0,4.0,383550.0,1726.0
2017-12-19 14:10:00,19200.0,19200.0,19200.0,19200.0,0.0,0.0,1726.0
2017-12-19 14:15:00,19200.0,19200.0,19200.0,19200.0,0.0,0.0,1726.0
2017-12-19 14:20:00,19200.0,19200.0,19200.0,19200.0,0.0,0.0,1726.0
2017-12-19 14:25:00,19200.0,19200.0,19200.0,19200.0,0.0,0.0,1726.0
2017-12-19 14:30:00,19200.0,19200.0,19190.0,19190.0,2.0,191900.0,1726.0
2017-12-19 14:35:00,19180.0,19180.0,19170.0,19170.0,6.0,575300.0,1726.0
2017-12-19 14:40:00,19170.0,19170.0,19170.0,19170.0,0.0,0.0,1726.0
2017-12-19 14:45:00,19170.0,19170.0,19150.0,19150.0,2.0,191500.0,1728.0
2017-12-19 14:50:00,19150.0,19150.0,19150.0,19150.0,2.0,191500.0,1726.0
2017-12-19 14:55:00,19150.0,19150.0,19150.0,19150.0,2.0,191500.0,1726.0
2017-12-19 21:00:00,19290.0,19290.0,19190.0,19190.0,2.0,191900.0,1726.0
2017-12-19 21:05:00,19190.0,19190.0,19160.0,19165.0,24.0,2300150.0,1734.0
2017-12-19 21:10:00,19165.0,19180.0,19165.0,19170.0,4.0,383500.0,1732.0
2017-12-19 21:15:00,19170.0,19190.0,19170.0,19190.0,4.0,383800.0,1730.0
2017-12-19 21:20:00,19190.0,19190.0,19180.0,19180.0,6.0,575400.0,1728.0
2017-12-19 21:25:00,19180.0,19195.0,19180.0,19195.0,4.0,383800.0,1726.0
2017-12-19 21:30:00,19195.0,19195.0,19195.0,19195.0,0.0,0.0,1726.0
2017-12-19 21:35:00,19170.0,19190.0,19170.0,19190.0,4.0,383600.0,1726.0
2017-12-19 21:40:00,19190.0,19235.0,19190.0,19215.0,4.0,384500.0,1730.0
2017-12-19 21:45:00,19195.0,19195.0,19195.0,19195.0,2.0,191950.0,1728.0
2017-12-19 21:50:00,19195.0,19195.0,19195.0,19195.0,0.0,0.0,1728.0
2017-12-19 21:55:00,19195.0,19195.0,19195.0,19195.0,0.0,0.0,1728.0
2017-12-19 22:00:00,19195.0,19195.0,19195.0,19195.0,0.0,0.0,1728.0
2017-12-19 22:05:00,19195.0,19215.0,19195.0,19210.0,6.0,576400.0,1730.0
2017-12-19 22:10:00,19210.0,19210.0,19210.0,19210.0,0.0,0.0,1730.0
2017-12-19 22:15:00,19210.0,19210.0,19210.0,19210.0,2.0,192100.0,1730.0
2017-12-19 22:20:00,19210.0,19210.0,19210.0,19210.0,0.0,0.0,1730.0
2017-12-19 22:25:00,19210.0,19210.0,19210.0,19210.0,0.0,0.0,1730.0
2017-12-19 22:30:00,19210.0,19210.0,19180.0,19180.0,6.0,575450.0,1734.0
2017-12-19 22:35:00,19180.0,19190.0,19180.0,19185.0,12.0,1151100.0,1740.0
2017-12-19 22:40:00,19185.0,19185.0,19180.0,19180.0,2.0,191800.0,1740.0
2017-12-19 22:45:00,19180.0,19180.0,19180.0,19180.0,18.0,1726200.0,1748.0
2017-12-19 22:50:00,19180.0,19180.0,19180.0,19180.0,0.0,0.0,1748.0
2017-12-19 22:55:00,19180.0,19180.0,19180.0,19180.0,0.0,0.0,1748.0
2017-12-19 23:00:00,19180.0,19180.0,19180.0,19180.0,0.0,0.0,1748.0
2017-12-19 23:05:00,19195.0,19195.0,19195.0,19195.0,2.0,191950.0,1750.0
2017-12-19 23:10:00,19195.0,19195.0,19170.0,19170.0,32.0,3068600.0,1774.0
2017-12-19 23:15:00,19170.0,19170.0,19170.0,19170.0,0.0,0.0,1774.0
2017-12-19 23:20:00,19170.0,19170.0,19170.0,19170.0,0.0,0.0,1774.0
2017-12-19 23:25:00,19170.0,19185.0,19170.0,19185.0,2.0,191850.0,1776.0
2017-12-19 23:30:00,19185.0,19185.0,19185.0,19185.0,0.0,0.0,1776.0
2017-12-19 23:35:00,19185.0,19185.0,19185.0,19185.0,0.0,0.0,1776.0
2017-12-19 23:40:00,19295.0,19295.0,19295.0,19295.0,6.0,578850.0,1776.0
2017-12-19 23:45:00,19295.0,19295.0,19295.0,19295.0,0.0,0.0,1776.0
2017-12-19 23:50:00,19280.0,19280.0,19280.0,19280.0,4.0,385700.0,1778.0
2017-12-19 23:55:00,19280.0,19280.0,19280.0,19280.0,0.0,0.0,1778.0
2017-12-20 00:00:00,19280.0,19280.0,19280.0,19280.0,0.0,0.0,1778.0
2017-12-20 00:05:00,19280.0,19280.0,19280.0,19280.0,0.0,0.0,1778.0
2017-12-20 00:10:00,19280.0,19280.0,19280.0,19280.0,0.0,0.0,1778.0
2017-12-20 00:15:00,19280.0,19280.0,19280.0,19280.0,0.0,0.0,1778.0
2017-12-20 00:20:00,19280.0,19280.0,19280.0,19280.0,0.0,0.0,1778.0
2017-12-20 00:25:00,19280.0,19280.0,19280.0,19280.0,0.0,0.0,1778.0
2017-12-20 00:30:00,19280.0,19280.0,19280.0,19280.0,0.0,0.0,1778.0
2017-12-20 00:35:00,19280.0,19280.0,19280.0,19280.0,0.0,0.0,1778.0
2017-12-20 00:40:00,19280.0,19280.0,19280.0,19280.0,0.0,0.0,1778.0
2017-12-20 00:45:00,19280.0,19280.0,19280.0,19280.0,0.0,0.0,1778.0
2017-12-20 00:50:00,19280.0,19280.0,19280.0,19280.0,0.0,0.0,1778.0
2017-12-20 00:55:00,19280.0,19280.0,19280.0,19280.0,0.0,0.0,1778.0
2017-12-20 09:00:00,19280.0,19280.0,19270.0,19270.0,2.0,192700.0,1780.0
2017-12-20 09:05:00,19255.0,19255.0,19200.0,19215.0,16.0,1538950.0,1778.0
2017-12-20 09:10:00,19240.0,19240.0,19205.0,19205.0,26.0,2497600.0,1772.0
2017-12-20 09:15:00,19205.0,19205.0,19200.0,19200.0,12.0,1152050.0,1774.0
2017-12-20 09:20:00,19200.0,19200.0,19200.0,19200.0,0.0,0.0,1774.0
2017-12-20 09:25:00,19220.0,19220.0,19220.0,19220.0,2.0,192200.0,1772.0
2017-12-20 09:30:00,19220.0,19245.0,19220.0,19245.0,6.0,577350.0,1768.0
2017-12-20 09:35:00,19245.0,19245.0,19245.0,19245.0,2.0,192450.0,1768.0
2017-12-20 09:40:00,19245.0,19245.0,19230.0,19230.0,2.0,192300.0,1768.0
2017-12-20 09:45:00,19230.0,19230.0,19230.0,19230.0,0.0,0.0,1768.0
2017-12-20 09:50:00,19230.0,19265.0,19230.0,19260.0,32.0,3081700.0,1764.0
2017-12-20 09:55:00,19260.0,19300.0,19260.0,19300.0,28.0,2698200.0,1750.0
2017-12-20 10:00:00,19300.0,19300.0,19290.0,19290.0,4.0,385800.0,1748.0
2017-12-20 10:05:00,19290.0,19290.0,19290.0,19290.0,0.0,0.0,1748.0
2017-12-20 10:10:00,19290.0,19290.0,19290.0,19290.0,0.0,0.0,1748.0
2017-12-20 10:30:00,19290.0,19290.0,19290.0,19290.0,0.0,0.0,1748.0
2017-12-20 10:35:00,19290.0,19290.0,19270.0,19270.0,2.0,192700.0,1746.0
2017-12-20 10:40:00,19270.0,19270.0,19270.0,19270.0,0.0,0.0,1746.0
2017-12-20 10:45:00,19270.0,19280.0,19270.0,19280.0,2.0,192800.0,1746.0
2017-12-20 10:50:00,19280.0,19280.0,19280.0,19280.0,0.0,0.0,1746.0
2017-12-20 10:55:00,19280.0,19300.0,19280.0,19300.0,2.0,193000.0,1746.0
2017-12-20 11:00:00,19300.0,19300.0,19300.0,19300.0,0.0,0.0,1746.0
2017-12-20 11:05:00,19300.0,19300.0,19300.0,19300.0,4.0,386000.0,1748.0
2017-12-20 11:10:00,19300.0,19300.0,19300.0,19300.0,0.0,0.0,1748.0
2017-12-20 11:15:00,19290.0,19290.0,19290.0,19290.0,4.0,385800.0,1750.0
2017-12-20 11:20:00,19290.0,19320.0,19290.0,19320.0,8.0,772250.0,1748.0
2017-12-20 11:25:00,19320.0,19325.0,19305.0,19305.0,6.0,579450.0,1748.0
2017-12-20 13:30:00,19300.0,19345.0,19300.0,19330.0,6.0,579750.0,1748.0
2017-12-20 13:35:00,19345.0,19355.0,19335.0,19335.0,8.0,773900.0,1746.0
2017-12-20 13:40:00,19335.0,19335.0,19320.0,19320.0,4.0,386400.0,1746.0
2017-12-20 13:45:00,19320.0,19320.0,19290.0,19290.0,16.0,1544150.0,1746.0
2017-12-20 13:50:00,19320.0,19335.0,19305.0,19310.0,12.0,1159050.0,1750.0
2017-12-20 13:55:00,19310.0,19310.0,19310.0,19310.0,4.0,386200.0,1748.0
2017-12-20 14:00:00,19305.0,19305.0,19305.0,19305.0,2.0,193050.0,1750.0
2017-12-20 14:05:00,19305.0,19305.0,19305.0,19305.0,0.0,0.0,1750.0
2017-12-20 14:10:00,19305.0,19305.0,19300.0,19300.0,2.0,193000.0,1750.0
2017-12-20 14:15:00,19300.0,19300.0,19285.0,19285.0,4.0,385750.0,1750.0
2017-12-20 14:20:00,19285.0,19285.0,19280.0,19280.0,12.0,1156800.0,1742.0
2017-12-20 14:25:00,19280.0,19280.0,19245.0,19265.0,46.0,4427550.0,1732.0
2017-12-20 14:30:00,19310.0,19310.0,19245.0,19250.0,10.0,963400.0,1728.0
2017-12-20 14:35:00,19250.0,19250.0,19250.0,19250.0,0.0,0.0,1728.0
2017-12-20 14:40:00,19250.0,19265.0,19250.0,19265.0,2.0,192650.0,1728.0
2017-12-20 14:45:00,19265.0,19265.0,19265.0,19265.0,0.0,0.0,1728.0
2017-12-20 14:50:00,19270.0,19270.0,19270.0,19270.0,2.0,192700.0,1728.0
2017-12-20 14:55:00,19270.0,19275.0,19260.0,19275.0,8.0,770650.0,1728.0
2017-12-20 21:00:00,19240.0,19240.0,19230.0,19230.0,2.0,192300.0,1730.0
2017-12-20 21:05:00,19230.0,19230.0,19195.0,19195.0,6.0,576150.0,1732.0
2017-12-20 21:10:00,19195.0,19195.0,19190.0,19190.0,6.0,575800.0,1734.0
2017-12-20 21:15:00,19190.0,19220.0,19190.0,19220.0,12.0,1152450.0,1734.0
2017-12-20 21:20:00,19220.0,19220.0,19220.0,19220.0,2.0,192200.0,1736.0
2017-12-20 21:25:00,19220.0,19230.0,19220.0,19230.0,2.0,192300.0,1736.0
2017-12-20 21:30:00,19230.0,19230.0,19225.0,19225.0,2.0,192250.0,1736.0
2017-12-20 21:35:00,19230.0,19235.0,19230.0,19235.0,4.0,384650.0,1738.0
2017-12-20 21:40:00,19235.0,19270.0,19235.0,19270.0,10.0,963100.0,1732.0
2017-12-20 21:45:00,19270.0,19270.0,19260.0,19265.0,6.0,577950.0,1732.0
2017-12-20 21:50:00,19265.0,19265.0,19265.0,19265.0,0.0,0.0,1732.0
2017-12-20 21:55:00,19265.0,19265.0,19265.0,19265.0,0.0,0.0,1732.0
2017-12-20 22:00:00,19265.0,19265.0,19250.0,19250.0,2.0,192500.0,1734.0
2017-12-20 22:05:00,19250.0,19250.0,19220.0,19220.0,2.0,192200.0,1732.0
2017-12-20 22:10:00,19220.0,19220.0,19220.0,19220.0,2.0,192200.0,1732.0
2017-12-20 22:15:00,19220.0,19220.0,19215.0,19215.0,2.0,192150.0,1734.0
2017-12-20 22:20:00,19215.0,19215.0,19215.0,19215.0,0.0,0.0,1734.0
2017-12-20 22:25:00,19215.0,19215.0,19215.0,19215.0,2.0,192150.0,1734.0
2017-12-20 22:30:00,19215.0,19220.0,19215.0,19220.0,2.0,192200.0,1736.0
2017-12-20 22:35:00,19220.0,19220.0,19220.0,19220.0,8.0,768800.0,1742.0
2017-12-20 22:40:00,19220.0,19220.0,19215.0,19215.0,2.0,192150.0,1742.0
2017-12-20 22:45:00,19215.0,19215.0,19215.0,19215.0,0.0,0.0,1742.0
2017-12-20 22:50:00,19230.0,19245.0,19230.0,19245.0,6.0,577200.0,1744.0
2017-12-20 22:55:00,19245.0,19245.0,19245.0,19245.0,0.0,0.0,1744.0
2017-12-20 23:00:00,19245.0,19245.0,19180.0,19180.0,28.0,2685600.0,1762.0
2017-12-20 23:05:00,19180.0,19180.0,19140.0,19145.0,4.0,382850.0,1760.0
2017-12-20 23:10:00,19145.0,19145.0,19145.0,19145.0,0.0,0.0,1760.0
2017-12-20 23:15:00,19145.0,19145.0,19145.0,19145.0,0.0,0.0,1760.0
2017-12-20 23:20:00,19145.0,19150.0,19145.0,19150.0,12.0,1148850.0,1766.0
2017-12-20 23:25:00,19150.0,19150.0,19090.0,19090.0,8.0,764550.0,1772.0
2017-12-20 23:30:00,19090.0,19090.0,19035.0,19075.0,14.0,1334500.0,1768.0
2017-12-20 23:35:00,19035.0,19045.0,19035.0,19045.0,4.0,380800.0,1770.0
2017-12-20 23:40:00,19055.0,19075.0,19055.0,19075.0,6.0,571950.0,1770.0
2017-12-20 23:45:00,19075.0,19095.0,19075.0,19095.0,4.0,381900.0,1768.0
2017-12-20 23:50:00,19095.0,19095.0,19095.0,19095.0,0.0,0.0,1768.0
2017-12-20 23:55:00,19070.0,19070.0,19070.0,19070.0,2.0,190700.0,1768.0
2017-12-21 00:00:00,19070.0,19070.0,19045.0,19045.0,4.0,380950.0,1770.0
2017-12-21 00:05:00,19045.0,19060.0,19045.0,19060.0,2.0,190600.0,1770.0
2017-12-21 00:10:00,19060.0,19060.0,19045.0,19045.0,2.0,190450.0,1768.0
2017-12-21 00:15:00,19045.0,19050.0,19045.0,19050.0,2.0,190500.0,1768.0
2017-12-21 00:20:00,19050.0,19050.0,19050.0,19050.0,0.0,0.0,1768.0
2017-12-21 00:25:00,19050.0,19050.0,19050.0,19050.0,0.0,0.0,1768.0
2017-12-21 00:30:00,19120.0,19120.0,19120.0,19120.0,2.0,191200.0,1768.0
2017-12-21 00:35:00,19120.0,19120.0,19105.0,19105.0,2.0,191050.0,1768.0
2017-12-21 00:40:00,19105.0,19115.0,19105.0,19115.0,2.0,191150.0,1768.0
2017-12-21 00:45:00,19115.0,19115.0,19115.0,19115.0,0.0,0.0,1768.0
2017-12-21 00:50:00,19115.0,19115.0,19115.0,19115.0,0.0,0.0,1768.0
2017-12-21 00:55:00,19115.0,19115.0,19115.0,19115.0,0.0,0.0,1768.0
2017-12-21 09:00:00,19115.0,19115.0,19075.0,19075.0,2.0,190750.0,1768.0
2017-12-21 09:05:00,19075.0,19075.0,19040.0,19040.0,10.0,952150.0,1772.0
2017-12-21 09:10:00,19040.0,19040.0,19035.0,19035.0,8.0,761450.0,1772.0
2017-12-21 09:15:00,19035.0,19035.0,18950.0,18955.0,26.0,2465150.0,1776.0
2017-12-21 09:20:00,18900.0,18960.0,18835.0,18960.0,34.0,3210650.0,1790.0
2017-12-21 09:25:00,18960.0,18995.0,18960.0,18995.0,12.0,1137950.0,1786.0
2017-12-21 09:30:00,19000.0,19000.0,19000.0,19000.0,2.0,190000.0,1786.0
2017-12-21 09:35:00,19000.0,19010.0,19000.0,19010.0,2.0,190100.0,1784.0
2017-12-21 09:40:00,18970.0,18970.0,18965.0,18965.0,12.0,1138150.0,1790.0
2017-12-21 09:45:00,18965.0,18965.0,18965.0,18965.0,4.0,379300.0,1788.0
2017-12-21 09:50:00,18960.0,18960.0,18940.0,18940.0,4.0,379000.0,1788.0
2017-12-21 09:55:00,18940.0,18960.0,18940.0,18960.0,2.0,189600.0,1786.0
2017-12-21 10:00:00,18960.0,18960.0,18960.0,18960.0,2.0,189600.0,1786.0
2017-12-21 10:05:00,18960.0,18960.0,18960.0,18960.0,0.0,0.0,1786.0
2017-12-21 10:10:00,18960.0,18975.0,18960.0,18975.0,2.0,189750.0,1788.0
2017-12-21 10:30:00,18975.0,18975.0,18975.0,18975.0,0.0,0.0,1788.0
2017-12-21 10:35:00,18975.0,18975.0,18975.0,18975.0,0.0,0.0,1788.0
2017-12-21 10:40:00,18970.0,18970.0,18970.0,18970.0,4.0,379400.0,1786.0
2017-12-21 10:45:00,18965.0,18965.0,18965.0,18965.0,2.0,189650.0,1786.0
2017-12-21 10:50:00,18965.0,18965.0,18960.0,18960.0,2.0,189600.0,1786.0
2017-12-21 10:55:00,18960.0,18960.0,18960.0,18960.0,2.0,189600.0,1784.0
2017-12-21 11:00:00,18960.0,18960.0,18960.0,18960.0,0.0,0.0,1784.0
2017-12-21 11:05:00,18960.0,18965.0,18960.0,18965.0,4.0,379300.0,1782.0
2017-12-21 11:10:00,18965.0,18965.0,18965.0,18965.0,0.0,0.0,1782.0
2017-12-21 11:15:00,18965.0,18965.0,18950.0,18950.0,2.0,189500.0,1780.0
2017-12-21 11:20:00,18950.0,18950.0,18950.0,18950.0,0.0,0.0,1780.0
2017-12-21 11:25:00,18950.0,18950.0,18950.0,18950.0,2.0,189500.0,1780.0
2017-12-21 13:30:00,18950.0,19005.0,18950.0,19005.0,2.0,190050.0,1782.0
2017-12-21 13:35:00,18995.0,19045.0,18990.0,19045.0,20.0,1902400.0,1780.0
2017-12-21 13:40:00,19045.0,19045.0,19020.0,19020.0,2.0,190200.0,1780.0
2017-12-21 13:45:00,19020.0,19055.0,19020.0,19055.0,6.0,571300.0,1784.0
2017-12-21 13:50:00,19050.0,19055.0,19035.0,19055.0,10.0,952350.0,1780.0
2017-12-21 13:55:00,19055.0,19055.0,19035.0,19035.0,10.0,951950.0,1780.0
2017-12-21 14:00:00,19035.0,19035.0,19000.0,19000.0,22.0,2091750.0,1770.0
2017-12-21 14:05:00,19000.0,19005.0,19000.0,19000.0,10.0,950100.0,1772.0
2017-12-21 14:10:00,19000.0,19000.0,19000.0,19000.0,0.0,0.0,1772.0
2017-12-21 14:15:00,19000.0,19000.0,19000.0,19000.0,0.0,0.0,1772.0
2017-12-21 14:20:00,19030.0,19030.0,19030.0,19030.0,2.0,190300.0,1770.0
2017-12-21 14:25:00,19030.0,19030.0,19030.0,19030.0,0.0,0.0,1770.0
2017-12-21 14:30:00,19030.0,19030.0,19030.0,19030.0,0.0,0.0,1770.0
2017-12-21 14:35:00,19030.0,19040.0,19030.0,19040.0,2.0,190400.0,1772.0
2017-12-21 14:40:00,19040.0,19040.0,19030.0,19030.0,2.0,190300.0,1772.0
2017-12-21 14:45:00,19030.0,19050.0,19030.0,19050.0,4.0,380900.0,1770.0
2017-12-21 14:50:00,19050.0,19050.0,19045.0,19045.0,2.0,190450.0,1770.0
2017-12-21 14:55:00,19045.0,19045.0,19045.0,19045.0,0.0,0.0,1770.0
2017-12-21 21:00:00,19000.0,19040.0,18995.0,18995.0,10.0,950850.0,1774.0
2017-12-21 21:05:00,18995.0,18995.0,18995.0,18995.0,0.0,0.0,1774.0
2017-12-21 21:10:00,18995.0,19000.0,18995.0,19000.0,2.0,190000.0,1774.0
2017-12-21 21:15:00,19000.0,19000.0,18985.0,18985.0,4.0,379850.0,1774.0
2017-12-21 21:20:00,18985.0,18985.0,18970.0,18970.0,2.0,189700.0,1774.0
2017-12-21 21:25:00,18970.0,18970.0,18965.0,18965.0,2.0,189650.0,1772.0
2017-12-21 21:30:00,18965.0,18965.0,18965.0,18965.0,2.0,189650.0,1774.0
2017-12-21 21:35:00,18965.0,18965.0,18965.0,18965.0,2.0,189650.0,1772.0
2017-12-21 21:40:00,18965.0,18965.0,18900.0,18905.0,30.0,2836700.0,1786.0
2017-12-21 21:45:00,18905.0,18905.0,18905.0,18905.0,0.0,0.0,1786.0
2017-12-21 21:50:00,18905.0,18905.0,18900.0,18900.0,4.0,378000.0,1786.0
2017-12-21 21:55:00,18885.0,18885.0,18885.0,18885.0,2.0,188850.0,1786.0
2017-12-21 22:00:00,18900.0,18900.0,18880.0,18880.0,10.0,944400.0,1788.0
2017-12-21 22:05:00,18890.0,18895.0,18890.0,18895.0,8.0,755650.0,1788.0
2017-12-21 22:10:00,18895.0,18900.0,18895.0,18900.0,2.0,189000.0,1790.0
2017-12-21 22:15:00,18900.0,18900.0,18900.0,18900.0,0.0,0.0,1790.0
2017-12-21 22:20:00,18900.0,18915.0,18900.0,18915.0,6.0,567300.0,1792.0
2017-12-21 22:25:00,18915.0,18915.0,18915.0,18915.0,2.0,189150.0,1790.0
2017-12-21 22:30:00,18930.0,18945.0,18915.0,18915.0,14.0,1325300.0,1782.0
2017-12-21 22:35:00,18915.0,18920.0,18915.0,18920.0,2.0,189200.0,1782.0
2017-12-21 22:40:00,18920.0,18970.0,18920.0,18955.0,16.0,1516150.0,1780.0
2017-12-21 22:45:00,18950.0,18950.0,18940.0,18940.0,6.0,568400.0,1778.0
2017-12-21 22:50:00,18940.0,18945.0,18940.0,18945.0,2.0,189450.0,1778.0
2017-12-21 22:55:00,18945.0,18970.0,18920.0,18920.0,4.0,378900.0,1778.0
2017-12-21 23:00:00,18920.0,18920.0,18920.0,18920.0,0.0,0.0,1778.0
2017-12-21 23:05:00,18950.0,19000.0,18950.0,18970.0,22.0,2086900.0,1782.0
2017-12-21 23:10:00,18970.0,18990.0,18965.0,18990.0,6.0,569250.0,1782.0
2017-12-21 23:15:00,18990.0,18990.0,18950.0,18950.0,2.0,189500.0,1782.0
2017-12-21 23:20:00,18950.0,18950.0,18950.0,18950.0,0.0,0.0,1782.0
2017-12-21 23:25:00,18950.0,18950.0,18950.0,18950.0,0.0,0.0,1782.0
2017-12-21 23:30:00,18950.0,19000.0,18950.0,19000.0,6.0,570000.0,1780.0
2017-12-21 23:35:00,19000.0,19000.0,18975.0,18975.0,2.0,189750.0,1778.0
2017-12-21 23:40:00,18975.0,18975.0,18975.0,18975.0,2.0,189750.0,1776.0
2017-12-21 23:45:00,18975.0,18975.0,18975.0,18975.0,2.0,189750.0,1776.0
2017-12-21 23:50:00,18975.0,18975.0,18975.0,18975.0,0.0,0.0,1776.0
2017-12-21 23:55:00,18975.0,18975.0,18960.0,18960.0,4.0,379200.0,1774.0
2017-12-22 00:00:00,18960.0,18960.0,18960.0,18960.0,0.0,0.0,1774.0
2017-12-22 00:05:00,18960.0,18960.0,18905.0,18905.0,6.0,567700.0,1774.0
2017-12-22 00:10:00,18980.0,18980.0,18980.0,18980.0,4.0,379600.0,1772.0
2017-12-22 00:15:00,18980.0,18980.0,18980.0,18980.0,0.0,0.0,1772.0
2017-12-22 00:20:00,18980.0,18980.0,18980.0,18980.0,0.0,0.0,1772.0
2017-12-22 00:25:00,18980.0,18980.0,18980.0,18980.0,0.0,0.0,1772.0
2017-12-22 00:30:00,18980.0,18980.0,18980.0,18980.0,0.0,0.0,1772.0
2017-12-22 00:35:00,18980.0,18980.0,18980.0,18980.0,0.0,0.0,1772.0
2017-12-22 00:40:00,18980.0,18980.0,18980.0,18980.0,2.0,189800.0,1772.0
2017-12-22 00:45:00,18980.0,18980.0,18980.0,18980.0,0.0,0.0,1772.0
2017-12-22 00:50:00,18980.0,18980.0,18980.0,18980.0,0.0,0.0,1772.0
2017-12-22 00:55:00,19000.0,19000.0,18995.0,18995.0,4.0,379950.0,1772.0
2017-12-22 09:00:00,18995.0,19000.0,18995.0,19000.0,6.0,569900.0,1770.0
2017-12-22 09:05:00,19000.0,19000.0,18995.0,18995.0,2.0,189950.0,1772.0
2017-12-22 09:10:00,18995.0,18995.0,18995.0,18995.0,0.0,0.0,1772.0
2017-12-22 09:15:00,18995.0,18995.0,18960.0,18960.0,6.0,569300.0,1770.0
2017-12-22 09:20:00,18960.0,18960.0,18960.0,18960.0,2.0,189600.0,1768.0
2017-12-22 09:25:00,18960.0,18960.0,18960.0,18960.0,0.0,0.0,1768.0
2017-12-22 09:30:00,18960.0,18980.0,18960.0,18980.0,2.0,189800.0,1770.0
2017-12-22 09:35:00,18980.0,18980.0,18980.0,18980.0,0.0,0.0,1770.0
2017-12-22 09:40:00,18980.0,18980.0,18980.0,18980.0,2.0,189800.0,1772.0
2017-12-22 09:45:00,18980.0,18980.0,18980.0,18980.0,10.0,949000.0,1774.0
2017-12-22 09:50:00,18980.0,18980.0,18945.0,18970.0,14.0,1327650.0,1778.0
2017-12-22 09:55:00,18945.0,18945.0,18940.0,18945.0,8.0,757700.0,1780.0
2017-12-22 10:00:00,18945.0,18945.0,18930.0,18930.0,2.0,189300.0,1780.0
2017-12-22 10:05:00,18910.0,18910.0,18910.0,18910.0,10.0,945500.0,1784.0
2017-12-22 10:10:00,18910.0,18925.0,18910.0,18925.0,2.0,189250.0,1784.0
2017-12-22 10:30:00,18925.0,18930.0,18925.0,18930.0,4.0,378600.0,1780.0
2017-12-22 10:35:00,18930.0,18930.0,18930.0,18930.0,0.0,0.0,1780.0
2017-12-22 10:40:00,18930.0,18930.0,18930.0,18930.0,0.0,0.0,1780.0
2017-12-22 10:45:00,18930.0,18930.0,18930.0,18930.0,0.0,0.0,1780.0
2017-12-22 10:50:00,18930.0,18945.0,18930.0,18945.0,2.0,189450.0,1778.0
2017-12-22 10:55:00,18945.0,18945.0,18915.0,18915.0,4.0,378400.0,1776.0
2017-12-22 11:00:00,18910.0,18920.0,18910.0,18920.0,22.0,2080200.0,1798.0
2017-12-22 11:05:00,18920.0,18920.0,18920.0,18920.0,0.0,0.0,1798.0
2017-12-22 11:10:00,18920.0,18920.0,18920.0,18920.0,2.0,189200.0,1798.0
2017-12-22 11:15:00,18920.0,18940.0,18920.0,18940.0,6.0,568200.0,1794.0
2017-12-22 11:20:00,18940.0,18955.0,18940.0,18955.0,2.0,189550.0,1794.0
2017-12-22 11:25:00,18955.0,18955.0,18955.0,18955.0,0.0,0.0,1794.0
2017-12-22 13:30:00,18975.0,18990.0,18960.0,18960.0,8.0,759000.0,1796.0
2017-12-22 13:35:00,18960.0,18960.0,18940.0,18940.0,4.0,378850.0,1798.0
2017-12-22 13:40:00,18940.0,18940.0,18940.0,18940.0,0.0,0.0,1798.0
2017-12-22 13:45:00,18940.0,18945.0,18940.0,18945.0,2.0,189450.0,1800.0
2017-12-22 13:50:00,18945.0,18945.0,18945.0,18945.0,0.0,0.0,1800.0
2017-12-22 13:55:00,18945.0,18945.0,18945.0,18945.0,0.0,0.0,1800.0
2017-12-22 14:00:00,18945.0,18955.0,18945.0,18955.0,2.0,189550.0,1798.0
2017-12-22 14:05:00,18955.0,19000.0,18955.0,19000.0,2.0,190000.0,1798.0
2017-12-22 14:10:00,19000.0,19000.0,18995.0,18995.0,4.0,379900.0,1796.0
2017-12-22 14:15:00,18995.0,18995.0,18995.0,18995.0,0.0,0.0,1796.0
2017-12-22 14:20:00,18995.0,18995.0,18955.0,18955.0,2.0,189550.0,1796.0
2017-12-22 14:25:00,18955.0,18955.0,18955.0,18955.0,0.0,0.0,1796.0
2017-12-22 14:30:00,18950.0,18975.0,18915.0,18915.0,10.0,947600.0,1798.0
2017-12-22 14:35:00,18915.0,18915.0,18915.0,18915.0,0.0,0.0,1798.0
2017-12-22 14:40:00,18915.0,18980.0,18915.0,18970.0,4.0,379500.0,1798.0
2017-12-22 14:45:00,18970.0,18970.0,18970.0,18970.0,0.0,0.0,1798.0
2017-12-22 14:50:00,19000.0,19000.0,19000.0,19000.0,2.0,190000.0,1796.0
2017-12-22 14:55:00,19040.0,19090.0,19040.0,19090.0,10.0,952750.0,1794.0
2017-12-22 21:00:00,18950.0,19040.0,18950.0,19040.0,4.0,380800.0,1792.0
2017-12-22 21:05:00,19030.0,19030.0,19020.0,19020.0,6.0,570700.0,1792.0
2017-12-22 21:10:00,19020.0,19075.0,19020.0,19075.0,6.0,571850.0,1794.0
2017-12-22 21:15:00,19055.0,19055.0,19050.0,19050.0,6.0,571600.0,1790.0
2017-12-22 21:20:00,19050.0,19050.0,19050.0,19050.0,0.0,0.0,1790.0
2017-12-22 21:25:00,19050.0,19050.0,19050.0,19050.0,2.0,190500.0,1790.0
2017-12-22 21:30:00,19050.0,19050.0,19050.0,19050.0,2.0,190500.0,1790.0
2017-12-22 21:35:00,19050.0,19050.0,19050.0,19050.0,0.0,0.0,1790.0
2017-12-22 21:40:00,19050.0,19050.0,19050.0,19050.0,10.0,952500.0,1800.0
2017-12-22 21:45:00,19050.0,19050.0,19050.0,19050.0,0.0,0.0,1800.0
2017-12-22 21:50:00,19050.0,19050.0,19050.0,19050.0,0.0,0.0,1800.0
2017-12-22 21:55:00,19050.0,19050.0,19050.0,19050.0,0.0,0.0,1800.0
2017-12-22 22:00:00,19050.0,19110.0,19050.0,19110.0,2.0,191100.0,1800.0
2017-12-22 22:05:00,19110.0,19110.0,19105.0,19105.0,10.0,955250.0,1806.0
2017-12-22 22:10:00,19105.0,19125.0,19080.0,19080.0,50.0,4774200.0,1826.0
2017-12-22 22:15:00,19060.0,19060.0,19035.0,19040.0,12.0,1142700.0,1832.0
2017-12-22 22:20:00,19040.0,19040.0,19035.0,19035.0,2.0,190350.0,1830.0
2017-12-22 22:25:00,19010.0,19010.0,19000.0,19000.0,10.0,950300.0,1832.0
2017-12-22 22:30:00,19000.0,19000.0,18910.0,18980.0,18.0,1706600.0,1826.0
2017-12-22 22:35:00,18965.0,18995.0,18965.0,18995.0,14.0,1329000.0,1818.0
2017-12-22 22:40:00,18995.0,18995.0,18965.0,18965.0,2.0,189650.0,1820.0
2017-12-22 22:45:00,18965.0,18980.0,18965.0,18980.0,8.0,759150.0,1820.0
2017-12-22 22:50:00,18980.0,18980.0,18975.0,18975.0,4.0,379550.0,1820.0
2017-12-22 22:55:00,18975.0,18975.0,18975.0,18975.0,2.0,189750.0,1820.0
2017-12-22 23:00:00,18975.0,18975.0,18960.0,18960.0,4.0,379200.0,1820.0
2017-12-22 23:05:00,18960.0,18960.0,18960.0,18960.0,2.0,189600.0,1820.0
2017-12-22 23:10:00,18960.0,18960.0,18960.0,18960.0,10.0,948000.0,1820.0
2017-12-22 23:15:00,18960.0,18960.0,18960.0,18960.0,0.0,0.0,1820.0
2017-12-22 23:20:00,18960.0,18960.0,18960.0,18960.0,4.0,379200.0,1822.0
2017-12-22 23:25:00,18960.0,18960.0,18950.0,18950.0,2.0,189500.0,1820.0
2017-12-22 23:30:00,18950.0,18950.0,18950.0,18950.0,0.0,0.0,1820.0
2017-12-22 23:35:00,18950.0,18975.0,18950.0,18975.0,2.0,189750.0,1822.0
2017-12-22 23:40:00,18975.0,18975.0,18975.0,18975.0,0.0,0.0,1822.0
2017-12-22 23:45:00,18975.0,18975.0,18975.0,18975.0,0.0,0.0,1822.0
2017-12-22 23:50:00,18975.0,19015.0,18975.0,19015.0,2.0,190150.0,1820.0
2017-12-22 23:55:00,19015.0,19015.0,19015.0,19015.0,0.0,0.0,1820.0
2017-12-23 00:00:00,19015.0,19020.0,19015.0,19020.0,2.0,190200.0,1818.0
2017-12-23 00:05:00,19020.0,19045.0,19020.0,19045.0,4.0,380800.0,1816.0
2017-12-23 00:10:00,19045.0,19045.0,19045.0,19045.0,0.0,0.0,1816.0
2017-12-23 00:15:00,19045.0,19045.0,19040.0,19045.0,4.0,380850.0,1816.0
2017-12-23 00:20:00,19045.0,19050.0,19045.0,19050.0,2.0,190500.0,1816.0
2017-12-23 00:25:00,19050.0,19050.0,19050.0,19050.0,2.0,190500.0,1816.0
2017-12-23 00:30:00,19050.0,19055.0,19050.0,19055.0,2.0,190550.0,1814.0
2017-12-23 00:35:00,19055.0,19055.0,19055.0,19055.0,0.0,0.0,1814.0
2017-12-23 00:40:00,19055.0,19055.0,19050.0,19050.0,2.0,190500.0,1814.0
2017-12-23 00:45:00,19060.0,19060.0,19060.0,19060.0,2.0,190600.0,1812.0
2017-12-23 00:50:00,19060.0,19060.0,19060.0,19060.0,0.0,0.0,1812.0
2017-12-23 00:55:00,19060.0,19060.0,19060.0,19060.0,0.0,0.0,1812.0
2017-12-25 09:00:00,19065.0,19065.0,19030.0,19030.0,16.0,1523350.0,1824.0
2017-12-25 09:05:00,19030.0,19030.0,19030.0,19030.0,0.0,0.0,1824.0
2017-12-25 09:10:00,19145.0,19150.0,19075.0,19075.0,12.0,1146550.0,1826.0
2017-12-25 09:15:00,19130.0,19130.0,19110.0,19130.0,6.0,573700.0,1826.0
2017-12-25 09:20:00,19130.0,19130.0,19110.0,19110.0,2.0,191100.0,1828.0
2017-12-25 09:25:00,19110.0,19110.0,19085.0,19085.0,2.0,190850.0,1828.0
2017-12-25 09:30:00,19085.0,19085.0,19085.0,19085.0,0.0,0.0,1828.0
2017-12-25 09:35:00,19085.0,19090.0,19085.0,19090.0,2.0,190900.0,1826.0
2017-12-25 09:40:00,19090.0,19090.0,19090.0,19090.0,0.0,0.0,1826.0
2017-12-25 09:45:00,19090.0,19090.0,19090.0,19090.0,0.0,0.0,1826.0
2017-12-25 09:50:00,19090.0,19090.0,19090.0,19090.0,0.0,0.0,1826.0
2017-12-25 09:55:00,19090.0,19105.0,19090.0,19105.0,4.0,382050.0,1828.0
2017-12-25 10:00:00,19105.0,19105.0,19085.0,19085.0,4.0,381900.0,1830.0
2017-12-25 10:05:00,19085.0,19085.0,19085.0,19085.0,0.0,0.0,1830.0
2017-12-25 10:10:00,19085.0,19085.0,19085.0,19085.0,0.0,0.0,1830.0
2017-12-25 10:30:00,19085.0,19085.0,19085.0,19085.0,0.0,0.0,1830.0
2017-12-25 10:35:00,19085.0,19085.0,19060.0,19085.0,16.0,1525400.0,1836.0
2017-12-25 10:40:00,19065.0,19070.0,19035.0,19070.0,14.0,1334000.0,1842.0
2017-12-25 10:45:00,19070.0,19075.0,19070.0,19075.0,4.0,381500.0,1842.0
2017-12-25 10:50:00,19070.0,19070.0,19060.0,19060.0,6.0,571900.0,1846.0
2017-12-25 10:55:00,19070.0,19075.0,19070.0,19070.0,10.0,953550.0,1848.0
2017-12-25 11:00:00,19070.0,19070.0,19070.0,19070.0,20.0,1907000.0,1866.0
2017-12-25 11:05:00,19070.0,19070.0,19055.0,19070.0,22.0,2096850.0,1878.0
2017-12-25 11:10:00,19070.0,19070.0,19065.0,19065.0,10.0,953450.0,1888.0
2017-12-25 11:15:00,19065.0,19065.0,19065.0,19065.0,0.0,0.0,1888.0
2017-12-25 11:20:00,19065.0,19075.0,19065.0,19075.0,2.0,190750.0,1888.0
2017-12-25 11:25:00,19075.0,19075.0,19065.0,19065.0,2.0,190650.0,1888.0
2017-12-25 13:30:00,19065.0,19065.0,19030.0,19030.0,16.0,1522800.0,1900.0
2017-12-25 13:35:00,19030.0,19055.0,19030.0,19030.0,22.0,2093550.0,1904.0
2017-12-25 13:40:00,19035.0,19035.0,19030.0,19030.0,6.0,570950.0,1904.0
2017-12-25 13:45:00,19030.0,19040.0,19030.0,19040.0,16.0,1523100.0,1892.0
2017-12-25 13:50:00,19040.0,19040.0,19040.0,19040.0,6.0,571200.0,1892.0
2017-12-25 13:55:00,19040.0,19050.0,19040.0,19045.0,4.0,380950.0,1890.0
2017-12-25 14:00:00,19045.0,19050.0,19045.0,19050.0,10.0,952450.0,1886.0
2017-12-25 14:05:00,19050.0,19050.0,19035.0,19035.0,34.0,3237750.0,1880.0
2017-12-25 14:10:00,19015.0,19015.0,19015.0,19015.0,4.0,380300.0,1880.0
2017-12-25 14:15:00,19015.0,19015.0,19000.0,19000.0,2.0,190000.0,1882.0
2017-12-25 14:20:00,19000.0,19000.0,19000.0,19000.0,2.0,190000.0,1884.0
2017-12-25 14:25:00,19000.0,19000.0,19000.0,19000.0,0.0,0.0,1884.0
2017-12-25 14:30:00,19000.0,19000.0,18995.0,19000.0,8.0,759950.0,1886.0
2017-12-25 14:35:00,19000.0,19020.0,19000.0,19020.0,2.0,190200.0,1884.0
2017-12-25 14:40:00,19020.0,19020.0,18960.0,19005.0,52.0,4939500.0,1892.0
2017-12-25 14:45:00,18980.0,18990.0,18975.0,18975.0,8.0,759250.0,1890.0
2017-12-25 14:50:00,18975.0,19005.0,18975.0,19005.0,2.0,190050.0,1890.0
2017-12-25 14:55:00,19000.0,19000.0,19000.0,19000.0,2.0,190000.0,1888.0
2017-12-25 21:00:00,19040.0,19050.0,19015.0,19015.0,8.0,761600.0,1888.0
2017-12-25 21:05:00,19020.0,19025.0,19020.0,19025.0,4.0,380450.0,1890.0
2017-12-25 21:10:00,19025.0,19025.0,19000.0,19000.0,2.0,190000.0,1890.0
2017-12-25 21:15:00,19015.0,19020.0,19015.0,19020.0,4.0,380350.0,1888.0
2017-12-25 21:20:00,19020.0,19020.0,19020.0,19020.0,0.0,0.0,1888.0
2017-12-25 21:25:00,19020.0,19020.0,19020.0,19020.0,0.0,0.0,1888.0
2017-12-25 21:30:00,19020.0,19020.0,19020.0,19020.0,0.0,0.0,1888.0
2017-12-25 21:35:00,19020.0,19020.0,19020.0,19020.0,0.0,0.0,1888.0
2017-12-25 21:40:00,19020.0,19020.0,19020.0,19020.0,0.0,0.0,1888.0
2017-12-25 21:45:00,19020.0,19020.0,19020.0,19020.0,0.0,0.0,1888.0
2017-12-25 21:50:00,19020.0,19020.0,19020.0,19020.0,0.0,0.0,1888.0
2017-12-25 21:55:00,19010.0,19010.0,19010.0,19010.0,4.0,380200.0,1886.0
2017-12-25 22:00:00,19010.0,19010.0,19010.0,19010.0,0.0,0.0,1886.0
2017-12-25 22:05:00,19010.0,19030.0,19010.0,19030.0,2.0,190300.0,1886.0
2017-12-25 22:10:00,19030.0,19030.0,19030.0,19030.0,0.0,0.0,1886.0
2017-12-25 22:15:00,19030.0,19030.0,19030.0,19030.0,0.0,0.0,1886.0
2017-12-25 22:20:00,19030.0,19030.0,19030.0,19030.0,0.0,0.0,1886.0
2017-12-25 22:25:00,19030.0,19030.0,19030.0,19030.0,0.0,0.0,1886.0
2017-12-25 22:30:00,19030.0,19030.0,19030.0,19030.0,0.0,0.0,1886.0
2017-12-25 22:35:00,19030.0,19065.0,19030.0,19065.0,2.0,190650.0,1886.0
2017-12-25 22:40:00,19065.0,19085.0,19065.0,19085.0,4.0,381700.0,1888.0
2017-12-25 22:45:00,19085.0,19085.0,19070.0,19070.0,2.0,190700.0,1888.0
2017-12-25 22:50:00,19065.0,19065.0,19065.0,19065.0,2.0,190650.0,1890.0
2017-12-25 22:55:00,19065.0,19065.0,19065.0,19065.0,0.0,0.0,1890.0
2017-12-25 23:00:00,19065.0,19065.0,19065.0,19065.0,0.0,0.0,1890.0
2017-12-25 23:05:00,19065.0,19065.0,19065.0,19065.0,0.0,0.0,1890.0
2017-12-25 23:10:00,19065.0,19080.0,19065.0,19080.0,2.0,190800.0,1892.0
2017-12-25 23:15:00,19080.0,19080.0,19080.0,19080.0,0.0,0.0,1892.0
2017-12-25 23:20:00,19080.0,19080.0,19080.0,19080.0,0.0,0.0,1892.0
2017-12-25 23:25:00,19080.0,19080.0,19080.0,19080.0,0.0,0.0,1892.0
2017-12-25 23:30:00,19080.0,19080.0,19080.0,19080.0,0.0,0.0,1892.0
2017-12-25 23:35:00,19080.0,19080.0,19080.0,19080.0,0.0,0.0,1892.0
2017-12-25 23:40:00,19080.0,19080.0,19080.0,19080.0,0.0,0.0,1892.0
2017-12-25 23:45:00,19080.0,19080.0,19080.0,19080.0,0.0,0.0,1892.0
2017-12-25 23:50:00,19080.0,19080.0,19040.0,19040.0,2.0,190400.0,1890.0
2017-12-25 23:55:00,19040.0,19040.0,19040.0,19040.0,0.0,0.0,1890.0
2017-12-26 00:00:00,19015.0,19015.0,18970.0,18970.0,12.0,1140100.0,1886.0
2017-12-26 00:05:00,18970.0,18970.0,18970.0,18970.0,0.0,0.0,1886.0
2017-12-26 00:10:00,18970.0,18990.0,18970.0,18990.0,2.0,189900.0,1888.0
2017-12-26 00:15:00,18990.0,18990.0,18990.0,18990.0,0.0,0.0,1888.0
2017-12-26 00:20:00,18990.0,18990.0,18990.0,18990.0,0.0,0.0,1888.0
2017-12-26 00:25:00,18990.0,18990.0,18990.0,18990.0,0.0,0.0,1888.0
2017-12-26 00:30:00,18990.0,18990.0,18990.0,18990.0,0.0,0.0,1888.0
2017-12-26 00:35:00,18990.0,18990.0,18990.0,18990.0,0.0,0.0,1888.0
2017-12-26 00:40:00,18990.0,18990.0,18990.0,18990.0,0.0,0.0,1888.0
2017-12-26 00:45:00,18990.0,18990.0,18990.0,18990.0,0.0,0.0,1888.0
2017-12-26 00:50:00,18990.0,18990.0,18990.0,18990.0,0.0,0.0,1888.0
2017-12-26 00:55:00,18990.0,18990.0,18990.0,18990.0,0.0,0.0,1888.0
2017-12-26 09:00:00,18990.0,18990.0,18990.0,18990.0,0.0,0.0,1888.0
2017-12-26 09:05:00,18990.0,18990.0,18990.0,18990.0,0.0,0.0,1888.0
2017-12-26 09:10:00,18955.0,18955.0,18885.0,18925.0,18.0,1703250.0,1886.0
2017-12-26 09:15:00,18925.0,18930.0,18925.0,18930.0,2.0,189300.0,1886.0
2017-12-26 09:20:00,18930.0,18930.0,18930.0,18930.0,0.0,0.0,1886.0
2017-12-26 09:25:00,18930.0,18930.0,18910.0,18910.0,8.0,756400.0,1890.0
2017-12-26 09:30:00,18910.0,18910.0,18910.0,18910.0,0.0,0.0,1890.0
2017-12-26 09:35:00,18910.0,18910.0,18910.0,18910.0,0.0,0.0,1890.0
2017-12-26 09:40:00,18910.0,18910.0,18910.0,18910.0,0.0,0.0,1890.0
2017-12-26 09:45:00,18910.0,18910.0,18910.0,18910.0,0.0,0.0,1890.0
2017-12-26 09:50:00,18910.0,18910.0,18910.0,18910.0,0.0,0.0,1890.0
2017-12-26 09:55:00,18910.0,18960.0,18910.0,18955.0,4.0,379150.0,1892.0
2017-12-26 10:00:00,18955.0,18955.0,18920.0,18920.0,12.0,1135450.0,1894.0
2017-12-26 10:05:00,18915.0,18920.0,18910.0,18915.0,44.0,4160650.0,1904.0
2017-12-26 10:10:00,18910.0,18910.0,18850.0,18850.0,80.0,7562850.0,1922.0
2017-12-26 10:30:00,18860.0,18870.0,18860.0,18870.0,20.0,1886100.0,1938.0
2017-12-26 10:35:00,18870.0,18870.0,18865.0,18865.0,2.0,188650.0,1940.0
2017-12-26 10:40:00,18865.0,18880.0,18865.0,18880.0,10.0,944000.0,1932.0
2017-12-26 10:45:00,18880.0,18880.0,18880.0,18880.0,0.0,0.0,1932.0
2017-12-26 10:50:00,18885.0,18885.0,18885.0,18885.0,2.0,188850.0,1930.0
2017-12-26 10:55:00,18885.0,18890.0,18885.0,18890.0,2.0,188900.0,1932.0
2017-12-26 11:00:00,18890.0,18890.0,18890.0,18890.0,0.0,0.0,1932.0
2017-12-26 11:05:00,18890.0,18890.0,18890.0,18890.0,0.0,0.0,1932.0
2017-12-26 11:10:00,18890.0,18890.0,18890.0,18890.0,0.0,0.0,1932.0
2017-12-26 11:15:00,18890.0,18895.0,18890.0,18895.0,2.0,188950.0,1932.0
2017-12-26 11:20:00,18895.0,18895.0,18895.0,18895.0,0.0,0.0,1932.0
2017-12-26 11:25:00,18895.0,18895.0,18890.0,18890.0,4.0,377800.0,1934.0
2017-12-26 13:30:00,18890.0,18975.0,18890.0,18940.0,12.0,1136150.0,1932.0
2017-12-26 13:35:00,18940.0,18940.0,18940.0,18940.0,0.0,0.0,1932.0
2017-12-26 13:40:00,18940.0,18940.0,18930.0,18930.0,2.0,189300.0,1934.0
2017-12-26 13:45:00,18930.0,18930.0,18930.0,18930.0,0.0,0.0,1934.0
2017-12-26 13:50:00,18930.0,18930.0,18930.0,18930.0,0.0,0.0,1934.0
2017-12-26 13:55:00,18930.0,18945.0,18930.0,18945.0,2.0,189450.0,1932.0
2017-12-26 14:00:00,18935.0,18935.0,18935.0,18935.0,2.0,189350.0,1932.0
2017-12-26 14:05:00,18935.0,18935.0,18935.0,18935.0,0.0,0.0,1932.0
2017-12-26 14:10:00,18925.0,18925.0,18925.0,18925.0,4.0,378500.0,1934.0
2017-12-26 14:15:00,18925.0,18935.0,18925.0,18935.0,2.0,189350.0,1932.0
2017-12-26 14:20:00,18935.0,18935.0,18935.0,18935.0,0.0,0.0,1932.0
2017-12-26 14:25:00,18965.0,19015.0,18965.0,18970.0,12.0,1139000.0,1928.0
2017-12-26 14:30:00,18970.0,18970.0,18970.0,18970.0,2.0,189700.0,1926.0
2017-12-26 14:35:00,18965.0,18970.0,18965.0,18970.0,6.0,569050.0,1922.0
2017-12-26 14:40:00,18970.0,19040.0,18970.0,19025.0,12.0,1140850.0,1918.0
2017-12-26 14:45:00,19025.0,19025.0,18995.0,18995.0,2.0,189950.0,1916.0
2017-12-26 14:50:00,18995.0,18995.0,18995.0,18995.0,0.0,0.0,1916.0
2017-12-26 14:55:00,18995.0,18995.0,18975.0,18975.0,6.0,569650.0,1914.0
2017-12-26 21:00:00,18935.0,18935.0,18935.0,18935.0,0.0,0.0,1914.0
2017-12-26 21:05:00,18935.0,18935.0,18935.0,18935.0,0.0,0.0,1914.0
2017-12-26 21:10:00,18935.0,19010.0,18935.0,19010.0,26.0,2469450.0,1918.0
2017-12-26 21:15:00,18995.0,19010.0,18990.0,18990.0,18.0,1710050.0,1924.0
2017-12-26 21:20:00,18990.0,18990.0,18985.0,18985.0,6.0,569550.0,1918.0
2017-12-26 21:25:00,18950.0,18950.0,18920.0,18925.0,10.0,946950.0,1912.0
2017-12-26 21:30:00,18925.0,18925.0,18920.0,18920.0,2.0,189200.0,1912.0
2017-12-26 21:35:00,18920.0,18920.0,18915.0,18915.0,4.0,378300.0,1916.0
2017-12-26 21:40:00,18915.0,18915.0,18910.0,18910.0,2.0,189100.0,1916.0
2017-12-26 21:45:00,18910.0,18910.0,18910.0,18910.0,0.0,0.0,1916.0
2017-12-26 21:50:00,18910.0,18910.0,18910.0,18910.0,2.0,189100.0,1916.0
2017-12-26 21:55:00,18910.0,18910.0,18910.0,18910.0,0.0,0.0,1916.0
2017-12-26 22:00:00,18910.0,18960.0,18910.0,18925.0,4.0,378850.0,1914.0
2017-12-26 22:05:00,18925.0,18925.0,18925.0,18925.0,0.0,0.0,1914.0
2017-12-26 22:10:00,18925.0,18925.0,18925.0,18925.0,0.0,0.0,1914.0
2017-12-26 22:15:00,18925.0,18925.0,18920.0,18920.0,2.0,189200.0,1916.0
2017-12-26 22:20:00,18920.0,18920.0,18920.0,18920.0,0.0,0.0,1916.0
2017-12-26 22:25:00,18920.0,18920.0,18915.0,18915.0,2.0,189150.0,1918.0
2017-12-26 22:30:00,18915.0,18915.0,18915.0,18915.0,0.0,0.0,1918.0
2017-12-26 22:35:00,18910.0,18915.0,18910.0,18915.0,4.0,378250.0,1916.0
2017-12-26 22:40:00,18915.0,18915.0,18915.0,18915.0,6.0,567450.0,1918.0
2017-12-26 22:45:00,18920.0,18920.0,18905.0,18905.0,4.0,378250.0,1922.0
2017-12-26 22:50:00,18900.0,18900.0,18895.0,18895.0,4.0,377950.0,1922.0
2017-12-26 22:55:00,18895.0,18915.0,18895.0,18915.0,2.0,189150.0,1924.0
2017-12-26 23:00:00,18915.0,18920.0,18915.0,18920.0,2.0,189200.0,1924.0
2017-12-26 23:05:00,18920.0,18920.0,18920.0,18920.0,0.0,0.0,1924.0
2017-12-26 23:10:00,18920.0,18920.0,18920.0,18920.0,0.0,0.0,1924.0
2017-12-26 23:15:00,18920.0,18920.0,18920.0,18920.0,0.0,0.0,1924.0
2017-12-26 23:20:00,18920.0,18920.0,18920.0,18920.0,0.0,0.0,1924.0
2017-12-26 23:25:00,18920.0,18920.0,18905.0,18905.0,2.0,189050.0,1926.0
2017-12-26 23:30:00,18910.0,18915.0,18910.0,18915.0,4.0,378250.0,1926.0
2017-12-26 23:35:00,18915.0,18915.0,18915.0,18915.0,0.0,0.0,1926.0
2017-12-26 23:40:00,18915.0,18915.0,18915.0,18915.0,0.0,0.0,1926.0
2017-12-26 23:45:00,18915.0,18915.0,18915.0,18915.0,0.0,0.0,1926.0
2017-12-26 23:50:00,18915.0,18915.0,18915.0,18915.0,0.0,0.0,1926.0
2017-12-26 23:55:00,18915.0,18915.0,18915.0,18915.0,0.0,0.0,1926.0
2017-12-27 00:00:00,18900.0,18900.0,18900.0,18900.0,2.0,189000.0,1926.0
2017-12-27 00:05:00,18900.0,18900.0,18900.0,18900.0,0.0,0.0,1926.0
2017-12-27 00:10:00,18900.0,18900.0,18900.0,18900.0,0.0,0.0,1926.0
2017-12-27 00:15:00,18900.0,18900.0,18900.0,18900.0,0.0,0.0,1926.0
2017-12-27 00:20:00,18900.0,18900.0,18900.0,18900.0,0.0,0.0,1926.0
2017-12-27 00:25:00,18900.0,18900.0,18900.0,18900.0,0.0,0.0,1926.0
2017-12-27 00:30:00,18900.0,18900.0,18900.0,18900.0,0.0,0.0,1926.0
2017-12-27 00:35:00,18900.0,18900.0,18900.0,18900.0,0.0,0.0,1926.0
2017-12-27 00:40:00,18900.0,18900.0,18900.0,18900.0,0.0,0.0,1926.0
2017-12-27 00:45:00,18900.0,18900.0,18900.0,18900.0,0.0,0.0,1926.0
2017-12-27 00:50:00,18900.0,18900.0,18900.0,18900.0,0.0,0.0,1926.0
2017-12-27 00:55:00,18900.0,18900.0,18900.0,18900.0,0.0,0.0,1926.0
2017-12-27 09:00:00,18855.0,18855.0,18855.0,18855.0,2.0,188550.0,1926.0
2017-12-27 09:05:00,18855.0,18960.0,18855.0,18960.0,6.0,568550.0,1922.0
2017-12-27 09:10:00,18960.0,18975.0,18960.0,18975.0,8.0,758850.0,1924.0
2017-12-27 09:15:00,18975.0,18975.0,18905.0,18905.0,12.0,1134300.0,1932.0
2017-12-27 09:20:00,18905.0,18920.0,18905.0,18920.0,2.0,189200.0,1932.0
2017-12-27 09:25:00,18920.0,18920.0,18920.0,18920.0,0.0,0.0,1932.0
2017-12-27 09:30:00,18920.0,18920.0,18920.0,18920.0,0.0,0.0,1932.0
2017-12-27 09:35:00,18920.0,18920.0,18920.0,18920.0,0.0,0.0,1932.0
2017-12-27 09:40:00,18920.0,18920.0,18920.0,18920.0,0.0,0.0,1932.0
2017-12-27 09:45:00,18920.0,18920.0,18920.0,18920.0,0.0,0.0,1932.0
2017-12-27 09:50:00,18920.0,18920.0,18920.0,18920.0,0.0,0.0,1932.0
2017-12-27 09:55:00,18920.0,18920.0,18920.0,18920.0,0.0,0.0,1932.0
2017-12-27 10:00:00,18920.0,18975.0,18920.0,18975.0,8.0,759000.0,1928.0
2017-12-27 10:05:00,18975.0,18975.0,18920.0,18920.0,6.0,567600.0,1932.0
2017-12-27 10:10:00,18920.0,18920.0,18920.0,18920.0,0.0,0.0,1932.0
2017-12-27 10:30:00,18920.0,18930.0,18920.0,18930.0,10.0,946200.0,1928.0
2017-12-27 10:35:00,18930.0,18930.0,18930.0,18930.0,0.0,0.0,1928.0
2017-12-27 10:40:00,18930.0,18930.0,18930.0,18930.0,0.0,0.0,1928.0
2017-12-27 10:45:00,18930.0,18940.0,18930.0,18940.0,2.0,189400.0,1928.0
2017-12-27 10:50:00,18940.0,18940.0,18940.0,18940.0,0.0,0.0,1928.0
2017-12-27 10:55:00,18940.0,18975.0,18940.0,18975.0,2.0,189750.0,1928.0
2017-12-27 11:00:00,18975.0,18975.0,18955.0,18955.0,2.0,189550.0,1928.0
2017-12-27 11:05:00,18955.0,19005.0,18955.0,19005.0,2.0,190050.0,1928.0
2017-12-27 11:10:00,19005.0,19005.0,19005.0,19005.0,0.0,0.0,1928.0
2017-12-27 11:15:00,19005.0,19005.0,19005.0,19005.0,0.0,0.0,1928.0
2017-12-27 11:20:00,18970.0,18970.0,18970.0,18970.0,2.0,189700.0,1928.0
2017-12-27 11:25:00,18975.0,18990.0,18975.0,18990.0,4.0,379650.0,1930.0
2017-12-27 13:30:00,18990.0,18990.0,18955.0,18955.0,2.0,189550.0,1930.0
2017-12-27 13:35:00,18955.0,18955.0,18955.0,18955.0,0.0,0.0,1930.0
2017-12-27 13:40:00,18955.0,18995.0,18955.0,18995.0,10.0,949750.0,1932.0
2017-12-27 13:45:00,18995.0,18995.0,18995.0,18995.0,0.0,0.0,1932.0
2017-12-27 13:50:00,18995.0,18995.0,18995.0,18995.0,0.0,0.0,1932.0
2017-12-27 13:55:00,18995.0,18995.0,18995.0,18995.0,0.0,0.0,1932.0
2017-12-27 14:00:00,18995.0,19000.0,18995.0,19000.0,2.0,190000.0,1932.0
2017-12-27 14:05:00,19000.0,19000.0,19000.0,19000.0,0.0,0.0,1932.0
2017-12-27 14:10:00,19000.0,19000.0,19000.0,19000.0,0.0,0.0,1932.0
2017-12-27 14:15:00,19000.0,19000.0,19000.0,19000.0,0.0,0.0,1932.0
2017-12-27 14:20:00,19000.0,19005.0,18995.0,18995.0,10.0,949850.0,1940.0
2017-12-27 14:25:00,18995.0,18995.0,18995.0,18995.0,0.0,0.0,1940.0
2017-12-27 14:30:00,18995.0,18995.0,18995.0,18995.0,0.0,0.0,1940.0
2017-12-27 14:35:00,18995.0,18995.0,18995.0,18995.0,0.0,0.0,1940.0
2017-12-27 14:40:00,18995.0,18995.0,18995.0,18995.0,0.0,0.0,1940.0
2017-12-27 14:45:00,18995.0,18995.0,18995.0,18995.0,0.0,0.0,1940.0
2017-12-27 14:50:00,18995.0,18995.0,18960.0,18980.0,6.0,569000.0,1938.0
2017-12-27 14:55:00,18980.0,18980.0,18980.0,18980.0,2.0,189800.0,1938.0
2017-12-27 21:00:00,18995.0,19080.0,18995.0,19005.0,52.0,4942400.0,1948.0
2017-12-27 21:05:00,19005.0,19020.0,19005.0,19015.0,10.0,950850.0,1954.0
2017-12-27 21:10:00,19015.0,19020.0,19015.0,19020.0,66.0,6276500.0,1958.0
2017-12-27 21:15:00,19020.0,19020.0,19020.0,19020.0,12.0,1141200.0,1958.0
2017-12-27 21:20:00,19020.0,19020.0,19015.0,19015.0,10.0,950750.0,1952.0
2017-12-27 21:25:00,19015.0,19020.0,19015.0,19020.0,16.0,1521600.0,1962.0
2017-12-27 21:30:00,19020.0,19045.0,19020.0,19045.0,16.0,1522300.0,1956.0
2017-12-27 21:35:00,19045.0,19055.0,19045.0,19050.0,56.0,5334200.0,1948.0
2017-12-27 21:40:00,19050.0,19050.0,19050.0,19050.0,20.0,1905000.0,1948.0
2017-12-27 21:45:00,19055.0,19075.0,19055.0,19075.0,40.0,3812450.0,1952.0
2017-12-27 21:50:00,19065.0,19065.0,19065.0,19065.0,12.0,1143900.0,1952.0
2017-12-27 21:55:00,19045.0,19050.0,19045.0,19050.0,12.0,1142950.0,1952.0
2017-12-27 22:00:00,19050.0,19065.0,19050.0,19065.0,8.0,762600.0,1958.0
2017-12-27 22:05:00,19065.0,19085.0,19060.0,19070.0,14.0,1334950.0,1968.0
2017-12-27 22:10:00,19070.0,19090.0,19070.0,19090.0,12.0,1145400.0,1978.0
2017-12-27 22:15:00,19090.0,19115.0,19090.0,19115.0,2.0,191150.0,1978.0
2017-12-27 22:20:00,19100.0,19105.0,19100.0,19100.0,18.0,1719050.0,1992.0
2017-12-27 22:25:00,19100.0,19115.0,19100.0,19100.0,10.0,955600.0,2002.0
2017-12-27 22:30:00,19100.0,19100.0,19100.0,19100.0,8.0,764000.0,2006.0
2017-12-27 22:35:00,19100.0,19100.0,19100.0,19100.0,0.0,0.0,2006.0
2017-12-27 22:40:00,19100.0,19130.0,19100.0,19130.0,18.0,1721350.0,2000.0
2017-12-27 22:45:00,19130.0,19130.0,19130.0,19130.0,0.0,0.0,2000.0
2017-12-27 22:50:00,19130.0,19130.0,19120.0,19120.0,2.0,191200.0,2002.0
2017-12-27 22:55:00,19120.0,19120.0,19120.0,19120.0,0.0,0.0,2002.0
2017-12-27 23:00:00,19120.0,19130.0,19120.0,19130.0,2.0,191300.0,2000.0
2017-12-27 23:05:00,19130.0,19130.0,19130.0,19130.0,0.0,0.0,2000.0
2017-12-27 23:10:00,19110.0,19110.0,19105.0,19105.0,4.0,382150.0,1998.0
2017-12-27 23:15:00,19105.0,19105.0,19105.0,19105.0,0.0,0.0,1998.0
2017-12-27 23:20:00,19105.0,19105.0,19100.0,19100.0,2.0,191000.0,1996.0
2017-12-27 23:25:00,19100.0,19105.0,19100.0,19105.0,2.0,191050.0,1996.0
2017-12-27 23:30:00,19105.0,19105.0,19105.0,19105.0,0.0,0.0,1996.0
2017-12-27 23:35:00,19105.0,19105.0,19105.0,19105.0,0.0,0.0,1996.0
2017-12-27 23:40:00,19105.0,19105.0,19105.0,19105.0,0.0,0.0,1996.0
2017-12-27 23:45:00,19105.0,19130.0,19105.0,19130.0,14.0,1339050.0,1994.0
2017-12-27 23:50:00,19130.0,19130.0,19130.0,19130.0,0.0,0.0,1994.0
2017-12-27 23:55:00,19130.0,19130.0,19125.0,19125.0,12.0,1147600.0,2006.0
2017-12-28 00:00:00,19125.0,19125.0,19125.0,19125.0,0.0,0.0,2006.0
2017-12-28 00:05:00,19125.0,19150.0,19125.0,19150.0,12.0,1149000.0,1994.0
2017-12-28 00:10:00,19150.0,19165.0,19150.0,19165.0,4.0,383250.0,1994.0
2017-12-28 00:15:00,19165.0,19165.0,19165.0,19165.0,0.0,0.0,1994.0
2017-12-28 00:20:00,19165.0,19165.0,19165.0,19165.0,0.0,0.0,1994.0
2017-12-28 00:25:00,19165.0,19165.0,19165.0,19165.0,0.0,0.0,1994.0
2017-12-28 00:30:00,19165.0,19170.0,19165.0,19170.0,4.0,383400.0,1992.0
2017-12-28 00:35:00,19170.0,19170.0,19155.0,19155.0,2.0,191550.0,1992.0
2017-12-28 00:40:00,19155.0,19155.0,19155.0,19155.0,0.0,0.0,1992.0
2017-12-28 00:45:00,19155.0,19155.0,19155.0,19155.0,0.0,0.0,1992.0
2017-12-28 00:50:00,19155.0,19155.0,19155.0,19155.0,0.0,0.0,1992.0
2017-12-28 00:55:00,19155.0,19155.0,19155.0,19155.0,0.0,0.0,1992.0
2017-12-28 09:00:00,19155.0,19155.0,19105.0,19105.0,10.0,955750.0,1992.0
2017-12-28 09:05:00,19105.0,19120.0,19100.0,19110.0,34.0,3248450.0,2008.0
2017-12-28 09:10:00,19105.0,19110.0,19100.0,19100.0,22.0,2101250.0,2026.0
2017-12-28 09:15:00,19100.0,19120.0,19100.0,19110.0,10.0,955400.0,2030.0
2017-12-28 09:20:00,19110.0,19120.0,19110.0,19110.0,20.0,1911200.0,2048.0
2017-12-28 09:25:00,19110.0,19110.0,19100.0,19100.0,2.0,191000.0,2050.0
2017-12-28 09:30:00,19100.0,19100.0,19100.0,19100.0,0.0,0.0,2050.0
2017-12-28 09:35:00,19100.0,19120.0,19100.0,19120.0,6.0,573400.0,2054.0
2017-12-28 09:40:00,19110.0,19125.0,19110.0,19110.0,20.0,1911300.0,2074.0
2017-12-28 09:45:00,19110.0,19110.0,19095.0,19095.0,6.0,573150.0,2078.0
2017-12-28 09:50:00,19095.0,19095.0,19050.0,19050.0,4.0,381300.0,2078.0
2017-12-28 09:55:00,19050.0,19055.0,19035.0,19035.0,12.0,1142900.0,2074.0
2017-12-28 10:00:00,19055.0,19055.0,19055.0,19055.0,2.0,190550.0,2072.0
2017-12-28 10:05:00,19055.0,19055.0,19055.0,19055.0,0.0,0.0,2072.0
2017-12-28 10:10:00,19055.0,19080.0,19055.0,19080.0,6.0,572400.0,2068.0
2017-12-28 10:30:00,19090.0,19090.0,19090.0,19090.0,2.0,190900.0,2068.0
2017-12-28 10:35:00,19090.0,19105.0,19090.0,19105.0,6.0,573100.0,2064.0
2017-12-28 10:40:00,19105.0,19115.0,19105.0,19115.0,34.0,3248850.0,2064.0
2017-12-28 10:45:00,19115.0,19120.0,19115.0,19120.0,20.0,1912000.0,2064.0
2017-12-28 10:50:00,19120.0,19120.0,19120.0,19120.0,22.0,2103200.0,2062.0
2017-12-28 10:55:00,19120.0,19120.0,19120.0,19120.0,0.0,0.0,2062.0
2017-12-28 11:00:00,19120.0,19135.0,19120.0,19135.0,2.0,191350.0,2062.0
2017-12-28 11:05:00,19135.0,19135.0,19135.0,19135.0,0.0,0.0,2062.0
2017-12-28 11:10:00,19135.0,19135.0,19135.0,19135.0,0.0,0.0,2062.0
2017-12-28 11:15:00,19135.0,19135.0,19135.0,19135.0,0.0,0.0,2062.0
2017-12-28 11:20:00,19135.0,19135.0,19135.0,19135.0,0.0,0.0,2062.0
2017-12-28 11:25:00,19135.0,19135.0,19135.0,19135.0,0.0,0.0,2062.0
2017-12-28 13:30:00,19150.0,19200.0,19150.0,19160.0,18.0,1724600.0,2072.0
2017-12-28 13:35:00,19160.0,19190.0,19160.0,19190.0,6.0,575700.0,2076.0
2017-12-28 13:40:00,19190.0,19190.0,19170.0,19170.0,4.0,383500.0,2076.0
2017-12-28 13:45:00,19180.0,19180.0,19170.0,19170.0,4.0,383500.0,2076.0
2017-12-28 13:50:00,19170.0,19170.0,19150.0,19150.0,4.0,383150.0,2080.0
2017-12-28 13:55:00,19150.0,19190.0,19150.0,19190.0,12.0,1149700.0,2076.0
2017-12-28 14:00:00,19190.0,19190.0,19175.0,19190.0,18.0,1726800.0,2072.0
2017-12-28 14:05:00,19190.0,19190.0,19175.0,19185.0,44.0,4221600.0,2060.0
2017-12-28 14:10:00,19195.0,19250.0,19195.0,19215.0,16.0,1537200.0,2060.0
2017-12-28 14:15:00,19215.0,19215.0,19200.0,19200.0,4.0,384000.0,2056.0
2017-12-28 14:20:00,19200.0,19205.0,19190.0,19205.0,16.0,1535650.0,2056.0
2017-12-28 14:25:00,19190.0,19215.0,19190.0,19210.0,6.0,576150.0,2056.0
2017-12-28 14:30:00,19205.0,19210.0,19200.0,19200.0,6.0,576150.0,2060.0
2017-12-28 14:35:00,19200.0,19200.0,19185.0,19185.0,2.0,191850.0,2060.0
2017-12-28 14:40:00,19185.0,19200.0,19185.0,19200.0,4.0,384000.0,2062.0
2017-12-28 14:45:00,19200.0,19200.0,19185.0,19185.0,4.0,383700.0,2064.0
2017-12-28 14:50:00,19185.0,19185.0,19185.0,19185.0,0.0,0.0,2064.0
2017-12-28 14:55:00,19185.0,19185.0,19185.0,19185.0,0.0,0.0,2064.0
2017-12-28 21:00:00,19095.0,19095.0,19095.0,19095.0,0.0,0.0,2064.0
2017-12-28 21:05:00,19095.0,19095.0,19095.0,19095.0,0.0,0.0,2064.0
2017-12-28 21:10:00,19085.0,19085.0,19085.0,19085.0,2.0,190850.0,2066.0
2017-12-28 21:15:00,19105.0,19120.0,19105.0,19120.0,4.0,382250.0,2064.0
2017-12-28 21:20:00,19120.0,19120.0,19120.0,19120.0,0.0,0.0,2064.0
2017-12-28 21:25:00,19120.0,19160.0,19120.0,19160.0,22.0,2107550.0,2044.0
2017-12-28 21:30:00,19160.0,19160.0,19160.0,19160.0,30.0,2874000.0,2038.0
2017-12-28 21:35:00,19160.0,19160.0,19150.0,19150.0,12.0,1149450.0,2046.0
2017-12-28 21:40:00,19150.0,19150.0,19135.0,19135.0,6.0,574150.0,2050.0
2017-12-28 21:45:00,19135.0,19135.0,19135.0,19135.0,0.0,0.0,2050.0
2017-12-28 21:50:00,19135.0,19135.0,19135.0,19135.0,0.0,0.0,2050.0
2017-12-28 21:55:00,19135.0,19135.0,19135.0,19135.0,0.0,0.0,2050.0
2017-12-28 22:00:00,19135.0,19150.0,19135.0,19150.0,12.0,1149000.0,2060.0
2017-12-28 22:05:00,19150.0,19150.0,19135.0,19135.0,2.0,191350.0,2062.0
2017-12-28 22:10:00,19135.0,19135.0,19135.0,19135.0,6.0,574050.0,2068.0
2017-12-28 22:15:00,19135.0,19135.0,19135.0,19135.0,8.0,765400.0,2076.0
2017-12-28 22:20:00,19135.0,19135.0,19135.0,19135.0,0.0,0.0,2076.0
2017-12-28 22:25:00,19135.0,19135.0,19135.0,19135.0,0.0,0.0,2076.0
2017-12-28 22:30:00,19135.0,19135.0,19135.0,19135.0,0.0,0.0,2076.0
2017-12-28 22:35:00,19120.0,19120.0,19090.0,19090.0,8.0,764200.0,2074.0
2017-12-28 22:40:00,19100.0,19140.0,19100.0,19120.0,8.0,764600.0,2074.0
2017-12-28 22:45:00,19120.0,19120.0,19090.0,19095.0,8.0,763800.0,2076.0
2017-12-28 22:50:00,19095.0,19095.0,19085.0,19085.0,4.0,381750.0,2078.0
2017-12-28 22:55:00,19085.0,19085.0,19085.0,19085.0,0.0,0.0,2078.0
2017-12-28 23:00:00,19085.0,19085.0,19085.0,19085.0,0.0,0.0,2078.0
2017-12-28 23:05:00,19085.0,19115.0,19085.0,19115.0,2.0,191150.0,2078.0
2017-12-28 23:10:00,19115.0,19115.0,19115.0,19115.0,0.0,0.0,2078.0
2017-12-28 23:15:00,19115.0,19115.0,19115.0,19115.0,0.0,0.0,2078.0
2017-12-28 23:20:00,19115.0,19145.0,19115.0,19145.0,58.0,5552000.0,2116.0
2017-12-28 23:25:00,19145.0,19145.0,19145.0,19145.0,0.0,0.0,2116.0
2017-12-28 23:30:00,19145.0,19150.0,19145.0,19150.0,2.0,191500.0,2116.0
2017-12-28 23:35:00,19150.0,19150.0,19150.0,19150.0,0.0,0.0,2116.0
2017-12-28 23:40:00,19150.0,19150.0,19150.0,19150.0,0.0,0.0,2116.0
2017-12-28 23:45:00,19155.0,19155.0,19155.0,19155.0,2.0,191550.0,2116.0
2017-12-28 23:50:00,19155.0,19170.0,19155.0,19170.0,22.0,2108700.0,2138.0
2017-12-28 23:55:00,19170.0,19170.0,19160.0,19160.0,2.0,191600.0,2138.0
2017-12-29 00:00:00,19175.0,19175.0,19160.0,19165.0,6.0,575000.0,2138.0
2017-12-29 00:05:00,19165.0,19165.0,19165.0,19165.0,2.0,191650.0,2136.0
2017-12-29 00:10:00,19165.0,19165.0,19165.0,19165.0,0.0,0.0,2136.0
2017-12-29 00:15:00,19165.0,19165.0,19165.0,19165.0,0.0,0.0,2136.0
2017-12-29 00:20:00,19165.0,19165.0,19165.0,19165.0,0.0,0.0,2136.0
2017-12-29 00:25:00,19165.0,19165.0,19165.0,19165.0,0.0,0.0,2136.0
2017-12-29 00:30:00,19195.0,19195.0,19195.0,19195.0,2.0,191950.0,2134.0
2017-12-29 00:35:00,19195.0,19195.0,19195.0,19195.0,0.0,0.0,2134.0
2017-12-29 00:40:00,19155.0,19155.0,19155.0,19155.0,62.0,5938050.0,2100.0
2017-12-29 00:45:00,19155.0,19155.0,19150.0,19150.0,4.0,383050.0,2102.0
2017-12-29 00:50:00,19150.0,19155.0,19150.0,19155.0,4.0,383100.0,2100.0
2017-12-29 00:55:00,19155.0,19155.0,19155.0,19155.0,10.0,957750.0,2100.0
2017-12-29 09:00:00,19160.0,19165.0,19145.0,19145.0,14.0,1341100.0,2104.0
2017-12-29 09:05:00,19145.0,19155.0,19145.0,19155.0,6.0,574450.0,2104.0
2017-12-29 09:10:00,19155.0,19155.0,19155.0,19155.0,0.0,0.0,2104.0
2017-12-29 09:15:00,19155.0,19155.0,19155.0,19155.0,0.0,0.0,2104.0
2017-12-29 09:20:00,19155.0,19155.0,19155.0,19155.0,0.0,0.0,2104.0
2017-12-29 09:25:00,19155.0,19155.0,19155.0,19155.0,0.0,0.0,2104.0
2017-12-29 09:30:00,19155.0,19155.0,19140.0,19140.0,2.0,191400.0,2104.0
2017-12-29 09:35:00,19120.0,19145.0,19120.0,19145.0,4.0,382650.0,2108.0
2017-12-29 09:40:00,19145.0,19145.0,19145.0,19145.0,0.0,0.0,2108.0
2017-12-29 09:45:00,19145.0,19160.0,19145.0,19160.0,2.0,191600.0,2110.0
2017-12-29 09:50:00,19160.0,19160.0,19160.0,19160.0,0.0,0.0,2110.0
2017-12-29 09:55:00,19160.0,19190.0,19160.0,19185.0,6.0,575500.0,2116.0
2017-12-29 10:00:00,19180.0,19185.0,19145.0,19185.0,96.0,9199600.0,2122.0
2017-12-29 10:05:00,19185.0,19185.0,19185.0,19185.0,0.0,0.0,2122.0
2017-12-29 10:10:00,19185.0,19185.0,19185.0,19185.0,0.0,0.0,2122.0
2017-12-29 10:30:00,19185.0,19185.0,19185.0,19185.0,0.0,0.0,2122.0
2017-12-29 10:35:00,19185.0,19185.0,19185.0,19185.0,0.0,0.0,2122.0
2017-12-29 10:40:00,19185.0,19185.0,19150.0,19150.0,8.0,766000.0,2128.0
2017-12-29 10:45:00,19150.0,19150.0,19120.0,19150.0,16.0,1531700.0,2128.0
2017-12-29 10:50:00,19150.0,19150.0,19135.0,19150.0,16.0,1531500.0,2128.0
2017-12-29 10:55:00,19150.0,19150.0,19150.0,19150.0,2.0,191500.0,2128.0
2017-12-29 11:00:00,19150.0,19150.0,19140.0,19140.0,4.0,382800.0,2128.0
2017-12-29 11:05:00,19140.0,19140.0,19135.0,19135.0,4.0,382750.0,2130.0
2017-12-29 11:10:00,19135.0,19135.0,19135.0,19135.0,2.0,191350.0,2132.0
2017-12-29 11:15:00,19135.0,19135.0,19120.0,19120.0,4.0,382500.0,2130.0
2017-12-29 11:20:00,19120.0,19120.0,19120.0,19120.0,0.0,0.0,2130.0
2017-12-29 11:25:00,19115.0,19115.0,19115.0,19115.0,2.0,191150.0,2130.0
2017-12-29 13:30:00,19115.0,19145.0,19115.0,19140.0,14.0,1339600.0,2124.0
2017-12-29 13:35:00,19130.0,19140.0,19130.0,19140.0,12.0,1148000.0,2124.0
2017-12-29 13:40:00,19150.0,19165.0,19150.0,19165.0,20.0,1916200.0,2124.0
2017-12-29 13:45:00,19155.0,19160.0,19155.0,19160.0,16.0,1532750.0,2124.0
2017-12-29 13:50:00,19160.0,19160.0,19160.0,19160.0,0.0,0.0,2124.0
2017-12-29 13:55:00,19160.0,19160.0,19160.0,19160.0,0.0,0.0,2124.0
2017-12-29 14:00:00,19160.0,19160.0,19160.0,19160.0,0.0,0.0,2124.0
2017-12-29 14:05:00,19160.0,19160.0,19135.0,19135.0,2.0,191350.0,2124.0
2017-12-29 14:10:00,19135.0,19135.0,19130.0,19130.0,30.0,2869750.0,2132.0
2017-12-29 14:15:00,19130.0,19130.0,19130.0,19130.0,0.0,0.0,2132.0
2017-12-29 14:20:00,19130.0,19170.0,19130.0,19170.0,18.0,1723250.0,2130.0
2017-12-29 14:25:00,19160.0,19160.0,19115.0,19120.0,12.0,1148750.0,2126.0
2017-12-29 14:30:00,19120.0,19140.0,19120.0,19140.0,26.0,2487350.0,2102.0
2017-12-29 14:35:00,19140.0,19140.0,19140.0,19140.0,0.0,0.0,2102.0
2017-12-29 14:40:00,19140.0,19160.0,19140.0,19160.0,2.0,191600.0,2104.0
2017-12-29 14:45:00,19160.0,19160.0,19135.0,19160.0,8.0,766150.0,2102.0
2017-12-29 14:50:00,19160.0,19160.0,19160.0,19160.0,2.0,191600.0,2102.0
2017-12-29 14:55:00,19160.0,19180.0,19160.0,19180.0,18.0,1725800.0,2102.0
2018-01-02 09:00:00,19150.0,19150.0,19055.0,19110.0,10.0,955350.0,2098.0
2018-01-02 09:05:00,19110.0,19150.0,19110.0,19150.0,8.0,765100.0,2092.0
2018-01-02 09:10:00,19150.0,19160.0,19150.0,19150.0,6.0,574650.0,2094.0
2018-01-02 09:15:00,19125.0,19125.0,19100.0,19100.0,6.0,573450.0,2094.0
2018-01-02 09:20:00,19100.0,19100.0,19095.0,19095.0,2.0,190950.0,2096.0
2018-01-02 09:25:00,19095.0,19115.0,19095.0,19115.0,2.0,191150.0,2096.0
2018-01-02 09:30:00,19115.0,19115.0,19085.0,19090.0,4.0,381750.0,2100.0
2018-01-02 09:35:00,19090.0,19090.0,19070.0,19070.0,4.0,381400.0,2102.0
2018-01-02 09:40:00,19115.0,19115.0,19070.0,19070.0,4.0,381850.0,2102.0
2018-01-02 09:45:00,19070.0,19070.0,19050.0,19050.0,2.0,190500.0,2104.0
2018-01-02 09:50:00,19050.0,19050.0,19000.0,19000.0,6.0,570250.0,2104.0
2018-01-02 09:55:00,19000.0,19000.0,19000.0,19000.0,0.0,0.0,2104.0
2018-01-02 10:00:00,19000.0,19025.0,19000.0,19025.0,10.0,950450.0,2102.0
2018-01-02 10:05:00,19000.0,19000.0,18980.0,18985.0,14.0,1329500.0,2114.0
2018-01-02 10:10:00,18970.0,18980.0,18930.0,18935.0,30.0,2844850.0,2118.0
2018-01-02 10:30:00,18935.0,18960.0,18930.0,18960.0,6.0,568200.0,2114.0
2018-01-02 10:35:00,18960.0,18960.0,18960.0,18960.0,0.0,0.0,2114.0
2018-01-02 10:40:00,18960.0,18995.0,18960.0,18960.0,6.0,569150.0,2114.0
2018-01-02 10:45:00,18970.0,18970.0,18970.0,18970.0,2.0,189700.0,2112.0
2018-01-02 10:50:00,18970.0,18990.0,18970.0,18990.0,4.0,379800.0,2114.0
2018-01-02 10:55:00,18990.0,18990.0,18985.0,18990.0,6.0,569650.0,2112.0
2018-01-02 11:00:00,18995.0,19000.0,18975.0,19000.0,8.0,759450.0,2114.0
2018-01-02 11:05:00,19000.0,19000.0,18965.0,18970.0,16.0,1517300.0,2126.0
2018-01-02 11:10:00,18960.0,18960.0,18950.0,18950.0,16.0,1516300.0,2126.0
2018-01-02 11:15:00,18935.0,18935.0,18930.0,18935.0,6.0,568000.0,2128.0
2018-01-02 11:20:00,18935.0,18935.0,18930.0,18930.0,4.0,378600.0,2128.0
2018-01-02 11:25:00,18930.0,18985.0,18930.0,18985.0,10.0,948650.0,2124.0
2018-01-02 13:30:00,18985.0,18985.0,18975.0,18975.0,6.0,569350.0,2124.0
2018-01-02 13:35:00,18975.0,18975.0,18975.0,18975.0,2.0,189750.0,2122.0
2018-01-02 13:40:00,18970.0,18970.0,18970.0,18970.0,2.0,189700.0,2122.0
2018-01-02 13:45:00,18970.0,18970.0,18970.0,18970.0,0.0,0.0,2122.0
2018-01-02 13:50:00,18970.0,18970.0,18970.0,18970.0,0.0,0.0,2122.0
2018-01-02 13:55:00,18970.0,18970.0,18970.0,18970.0,0.0,0.0,2122.0
2018-01-02 14:00:00,18970.0,18970.0,18970.0,18970.0,0.0,0.0,2122.0
2018-01-02 14:05:00,18950.0,18950.0,18950.0,18950.0,2.0,189500.0,2122.0
2018-01-02 14:10:00,18950.0,18950.0,18950.0,18950.0,0.0,0.0,2122.0
2018-01-02 14:15:00,18950.0,18990.0,18950.0,18990.0,4.0,379800.0,2118.0
2018-01-02 14:20:00,18990.0,18990.0,18985.0,18985.0,8.0,759500.0,2120.0
2018-01-02 14:25:00,19000.0,19000.0,19000.0,19000.0,16.0,1520000.0,2128.0
2018-01-02 14:30:00,19000.0,19055.0,19000.0,19055.0,4.0,380550.0,2130.0
2018-01-02 14:35:00,19055.0,19055.0,19010.0,19010.0,2.0,190100.0,2130.0
2018-01-02 14:40:00,19010.0,19020.0,19010.0,19020.0,4.0,380400.0,2128.0
2018-01-02 14:45:00,19020.0,19020.0,19020.0,19020.0,0.0,0.0,2128.0
2018-01-02 14:50:00,19020.0,19040.0,19020.0,19040.0,2.0,190400.0,2130.0
2018-01-02 14:55:00,19040.0,19050.0,19035.0,19035.0,10.0,951900.0,2130.0
2018-01-02 21:00:00,19200.0,19270.0,19180.0,19190.0,24.0,2306550.0,2124.0
2018-01-02 21:05:00,19190.0,19190.0,19155.0,19160.0,28.0,2682250.0,2142.0
2018-01-02 21:10:00,19160.0,19160.0,19160.0,19160.0,0.0,0.0,2142.0
2018-01-02 21:15:00,19160.0,19210.0,19160.0,19210.0,4.0,384100.0,2140.0
2018-01-02 21:20:00,19210.0,19210.0,19165.0,19165.0,18.0,1726400.0,2142.0
2018-01-02 21:25:00,19165.0,19165.0,19165.0,19165.0,0.0,0.0,2142.0
2018-01-02 21:30:00,19165.0,19165.0,19165.0,19165.0,0.0,0.0,2142.0
2018-01-02 21:35:00,19150.0,19150.0,19150.0,19150.0,6.0,574500.0,2142.0
2018-01-02 21:40:00,19150.0,19150.0,19150.0,19150.0,2.0,191500.0,2140.0
2018-01-02 21:45:00,19150.0,19150.0,19135.0,19135.0,4.0,382700.0,2140.0
2018-01-02 21:50:00,19150.0,19150.0,19150.0,19150.0,2.0,191500.0,2138.0
2018-01-02 21:55:00,19150.0,19150.0,19150.0,19150.0,0.0,0.0,2138.0
2018-01-02 22:00:00,19150.0,19165.0,19150.0,19165.0,2.0,191650.0,2136.0
2018-01-02 22:05:00,19165.0,19200.0,19165.0,19200.0,32.0,3070550.0,2126.0
2018-01-02 22:10:00,19195.0,19195.0,19195.0,19195.0,4.0,383900.0,2130.0
2018-01-02 22:15:00,19200.0,19200.0,19175.0,19175.0,8.0,767750.0,2130.0
2018-01-02 22:20:00,19175.0,19200.0,19175.0,19180.0,44.0,4222800.0,2120.0
2018-01-02 22:25:00,19180.0,19205.0,19180.0,19185.0,4.0,383900.0,2120.0
2018-01-02 22:30:00,19185.0,19250.0,19165.0,19200.0,32.0,3073650.0,2124.0
2018-01-02 22:35:00,19175.0,19175.0,19175.0,19175.0,2.0,191750.0,2124.0
2018-01-02 22:40:00,19175.0,19175.0,19170.0,19170.0,2.0,191700.0,2122.0
2018-01-02 22:45:00,19170.0,19170.0,19170.0,19170.0,0.0,0.0,2122.0
2018-01-02 22:50:00,19170.0,19170.0,19170.0,19170.0,0.0,0.0,2122.0
2018-01-02 22:55:00,19170.0,19195.0,19170.0,19195.0,2.0,191950.0,2120.0
2018-01-02 23:00:00,19195.0,19195.0,19195.0,19195.0,0.0,0.0,2120.0
2018-01-02 23:05:00,19195.0,19195.0,19195.0,19195.0,0.0,0.0,2120.0
2018-01-02 23:10:00,19195.0,19195.0,19195.0,19195.0,0.0,0.0,2120.0
2018-01-02 23:15:00,19195.0,19195.0,19195.0,19195.0,2.0,191950.0,2120.0
2018-01-02 23:20:00,19225.0,19240.0,19225.0,19240.0,14.0,1346100.0,2128.0
2018-01-02 23:25:00,19245.0,19250.0,19240.0,19240.0,10.0,962300.0,2130.0
2018-01-02 23:30:00,19240.0,19240.0,19240.0,19240.0,0.0,0.0,2130.0
2018-01-02 23:35:00,19215.0,19215.0,19210.0,19210.0,6.0,576350.0,2130.0
2018-01-02 23:40:00,19210.0,19215.0,19210.0,19215.0,2.0,192150.0,2130.0
2018-01-02 23:45:00,19215.0,19215.0,19215.0,19215.0,0.0,0.0,2130.0
2018-01-02 23:50:00,19215.0,19215.0,19215.0,19215.0,0.0,0.0,2130.0
2018-01-02 23:55:00,19215.0,19215.0,19215.0,19215.0,0.0,0.0,2130.0
2018-01-03 00:00:00,19215.0,19215.0,19215.0,19215.0,0.0,0.0,2130.0
2018-01-03 00:05:00,19215.0,19215.0,19215.0,19215.0,0.0,0.0,2130.0
2018-01-03 00:10:00,19215.0,19215.0,19215.0,19215.0,0.0,0.0,2130.0
2018-01-03 00:15:00,19215.0,19215.0,19215.0,19215.0,0.0,0.0,2130.0
2018-01-03 00:20:00,19215.0,19215.0,19215.0,19215.0,0.0,0.0,2130.0
2018-01-03 00:25:00,19215.0,19215.0,19215.0,19215.0,0.0,0.0,2130.0
2018-01-03 00:30:00,19215.0,19215.0,19215.0,19215.0,0.0,0.0,2130.0
2018-01-03 00:35:00,19215.0,19215.0,19215.0,19215.0,0.0,0.0,2130.0
2018-01-03 00:40:00,19215.0,19215.0,19215.0,19215.0,0.0,0.0,2130.0
2018-01-03 00:45:00,19215.0,19215.0,19215.0,19215.0,0.0,0.0,2130.0
2018-01-03 00:50:00,19215.0,19215.0,19215.0,19215.0,0.0,0.0,2130.0
2018-01-03 00:55:00,19215.0,19245.0,19215.0,19245.0,2.0,192450.0,2132.0
2018-01-03 09:00:00,19195.0,19200.0,19160.0,19200.0,18.0,1726400.0,2120.0
2018-01-03 09:05:00,19210.0,19220.0,19205.0,19210.0,26.0,2497650.0,2132.0
2018-01-03 09:10:00,19210.0,19245.0,19205.0,19245.0,24.0,2306700.0,2148.0
2018-01-03 09:15:00,19245.0,19245.0,19225.0,19225.0,4.0,384700.0,2148.0
2018-01-03 09:20:00,19225.0,19225.0,19200.0,19200.0,8.0,768000.0,2148.0
2018-01-03 09:25:00,19230.0,19250.0,19230.0,19250.0,14.0,1347150.0,2156.0
2018-01-03 09:30:00,19255.0,19255.0,19255.0,19255.0,2.0,192550.0,2158.0
2018-01-03 09:35:00,19255.0,19260.0,19255.0,19260.0,8.0,770350.0,2164.0
2018-01-03 09:40:00,19260.0,19270.0,19255.0,19270.0,28.0,2697650.0,2180.0
2018-01-03 09:45:00,19280.0,19280.0,19275.0,19280.0,26.0,2506250.0,2204.0
2018-01-03 09:50:00,19280.0,19290.0,19280.0,19290.0,6.0,578500.0,2206.0
2018-01-03 09:55:00,19285.0,19285.0,19280.0,19285.0,10.0,964200.0,2202.0
2018-01-03 10:00:00,19285.0,19300.0,19285.0,19290.0,46.0,4438650.0,2230.0
2018-01-03 10:05:00,19320.0,19335.0,19295.0,19310.0,62.0,5987100.0,2238.0
2018-01-03 10:10:00,19320.0,19325.0,19310.0,19310.0,14.0,1352000.0,2242.0
2018-01-03 10:30:00,19310.0,19310.0,19285.0,19285.0,12.0,1158150.0,2244.0
2018-01-03 10:35:00,19280.0,19280.0,19270.0,19275.0,114.0,10984950.0,2326.0
2018-01-03 10:40:00,19275.0,19275.0,19275.0,19275.0,4.0,385500.0,2326.0
2018-01-03 10:45:00,19270.0,19275.0,19260.0,19275.0,28.0,2697950.0,2330.0
2018-01-03 10:50:00,19275.0,19275.0,19275.0,19275.0,2.0,192750.0,2330.0
2018-01-03 10:55:00,19275.0,19275.0,19270.0,19270.0,22.0,2119750.0,2332.0
2018-01-03 11:00:00,19270.0,19270.0,19260.0,19270.0,6.0,577900.0,2338.0
2018-01-03 11:05:00,19270.0,19270.0,19270.0,19270.0,0.0,0.0,2338.0
2018-01-03 11:10:00,19270.0,19270.0,19260.0,19260.0,6.0,577800.0,2340.0
2018-01-03 11:15:00,19260.0,19260.0,19260.0,19260.0,0.0,0.0,2340.0
2018-01-03 11:20:00,19260.0,19260.0,19260.0,19260.0,0.0,0.0,2340.0
2018-01-03 11:25:00,19260.0,19260.0,19260.0,19260.0,0.0,0.0,2340.0
2018-01-03 13:30:00,19280.0,19295.0,19280.0,19295.0,26.0,2506950.0,2348.0
2018-01-03 13:35:00,19290.0,19290.0,19290.0,19290.0,2.0,192900.0,2348.0
2018-01-03 13:40:00,19290.0,19315.0,19290.0,19315.0,16.0,1544150.0,2360.0
2018-01-03 13:45:00,19315.0,19315.0,19315.0,19315.0,0.0,0.0,2360.0
2018-01-03 13:50:00,19315.0,19320.0,19315.0,19320.0,4.0,386350.0,2364.0
2018-01-03 13:55:00,19320.0,19320.0,19320.0,19320.0,0.0,0.0,2364.0
2018-01-03 14:00:00,19320.0,19325.0,19315.0,19325.0,4.0,386400.0,2364.0
2018-01-03 14:05:00,19320.0,19320.0,19320.0,19320.0,2.0,193200.0,2362.0
2018-01-03 14:10:00,19320.0,19320.0,19320.0,19320.0,0.0,0.0,2362.0
2018-01-03 14:15:00,19320.0,19320.0,19290.0,19290.0,2.0,192900.0,2362.0
2018-01-03 14:20:00,19285.0,19315.0,19285.0,19315.0,12.0,1157500.0,2364.0
2018-01-03 14:25:00,19315.0,19315.0,19310.0,19310.0,4.0,386200.0,2366.0
2018-01-03 14:30:00,19310.0,19310.0,19310.0,19310.0,0.0,0.0,2366.0
2018-01-03 14:35:00,19315.0,19315.0,19315.0,19315.0,4.0,386300.0,2368.0
2018-01-03 14:40:00,19315.0,19315.0,19300.0,19305.0,12.0,1158050.0,2374.0
2018-01-03 14:45:00,19305.0,19305.0,19280.0,19295.0,4.0,385750.0,2372.0
2018-01-03 14:50:00,19295.0,19310.0,19295.0,19310.0,26.0,2509650.0,2378.0
2018-01-03 14:55:00,19310.0,19350.0,19310.0,19335.0,16.0,1547000.0,2382.0
2018-01-03 21:00:00,19250.0,19340.0,19250.0,19340.0,4.0,386800.0,2386.0
2018-01-03 21:05:00,19300.0,19300.0,19260.0,19260.0,24.0,2312800.0,2390.0
2018-01-03 21:10:00,19265.0,19280.0,19260.0,19280.0,18.0,1734250.0,2388.0
2018-01-03 21:15:00,19280.0,19280.0,19280.0,19280.0,0.0,0.0,2388.0
2018-01-03 21:20:00,19280.0,19280.0,19280.0,19280.0,0.0,0.0,2388.0
2018-01-03 21:25:00,19280.0,19280.0,19280.0,19280.0,0.0,0.0,2388.0
2018-01-03 21:30:00,19280.0,19280.0,19280.0,19280.0,0.0,0.0,2388.0
2018-01-03 21:35:00,19280.0,19280.0,19280.0,19280.0,0.0,0.0,2388.0
2018-01-03 21:40:00,19280.0,19280.0,19280.0,19280.0,0.0,0.0,2388.0
2018-01-03 21:45:00,19280.0,19285.0,19275.0,19285.0,4.0,385600.0,2390.0
2018-01-03 21:50:00,19285.0,19285.0,19285.0,19285.0,0.0,0.0,2390.0
2018-01-03 21:55:00,19285.0,19285.0,19250.0,19250.0,4.0,385000.0,2392.0
2018-01-03 22:00:00,19250.0,19250.0,19250.0,19250.0,0.0,0.0,2392.0
2018-01-03 22:05:00,19250.0,19250.0,19250.0,19250.0,0.0,0.0,2392.0
2018-01-03 22:10:00,19250.0,19275.0,19250.0,19275.0,4.0,385450.0,2390.0
2018-01-03 22:15:00,19275.0,19275.0,19275.0,19275.0,0.0,0.0,2390.0
2018-01-03 22:20:00,19275.0,19275.0,19275.0,19275.0,0.0,0.0,2390.0
2018-01-03 22:25:00,19275.0,19305.0,19275.0,19305.0,2.0,193050.0,2390.0
2018-01-03 22:30:00,19310.0,19310.0,19310.0,19310.0,2.0,193100.0,2388.0
2018-01-03 22:35:00,19310.0,19310.0,19310.0,19310.0,0.0,0.0,2388.0
2018-01-03 22:40:00,19310.0,19310.0,19280.0,19280.0,2.0,192800.0,2388.0
2018-01-03 22:45:00,19280.0,19280.0,19255.0,19255.0,4.0,385150.0,2384.0
2018-01-03 22:50:00,19255.0,19255.0,19255.0,19255.0,2.0,192550.0,2382.0
2018-01-03 22:55:00,19255.0,19255.0,19255.0,19255.0,0.0,0.0,2382.0
2018-01-03 23:00:00,19255.0,19255.0,19255.0,19255.0,0.0,0.0,2382.0
2018-01-03 23:05:00,19255.0,19255.0,19235.0,19235.0,8.0,769400.0,2376.0
2018-01-03 23:10:00,19235.0,19245.0,19235.0,19235.0,10.0,961950.0,2370.0
2018-01-03 23:15:00,19235.0,19255.0,19235.0,19255.0,6.0,577550.0,2374.0
2018-01-03 23:20:00,19255.0,19255.0,19255.0,19255.0,0.0,0.0,2374.0
2018-01-03 23:25:00,19255.0,19255.0,19245.0,19245.0,2.0,192450.0,2374.0
2018-01-03 23:30:00,19205.0,19205.0,19200.0,19200.0,14.0,1344150.0,2372.0
2018-01-03 23:35:00,19200.0,19200.0,19200.0,19200.0,0.0,0.0,2372.0
2018-01-03 23:40:00,19200.0,19200.0,19200.0,19200.0,0.0,0.0,2372.0
2018-01-03 23:45:00,19200.0,19200.0,19200.0,19200.0,0.0,0.0,2372.0
2018-01-03 23:50:00,19200.0,19200.0,19200.0,19200.0,0.0,0.0,2372.0
2018-01-03 23:55:00,19245.0,19245.0,19245.0,19245.0,2.0,192450.0,2372.0
2018-01-04 00:00:00,19245.0,19245.0,19220.0,19230.0,4.0,384500.0,2376.0
2018-01-04 00:05:00,19245.0,19250.0,19245.0,19250.0,6.0,577450.0,2378.0
2018-01-04 00:10:00,19250.0,19265.0,19250.0,19265.0,2.0,192650.0,2376.0
2018-01-04 00:15:00,19265.0,19265.0,19265.0,19265.0,2.0,192650.0,2376.0
2018-01-04 00:20:00,19265.0,19265.0,19265.0,19265.0,0.0,0.0,2376.0
2018-01-04 00:25:00,19265.0,19265.0,19265.0,19265.0,0.0,0.0,2376.0
2018-01-04 00:30:00,19265.0,19275.0,19265.0,19275.0,2.0,192750.0,2378.0
2018-01-04 00:35:00,19275.0,19280.0,19275.0,19280.0,2.0,192800.0,2378.0
2018-01-04 00:40:00,19280.0,19280.0,19280.0,19280.0,0.0,0.0,2378.0
2018-01-04 00:45:00,19280.0,19280.0,19280.0,19280.0,0.0,0.0,2378.0
2018-01-04 00:50:00,19280.0,19280.0,19280.0,19280.0,0.0,0.0,2378.0
2018-01-04 00:55:00,19280.0,19280.0,19280.0,19280.0,0.0,0.0,2378.0
2018-01-04 09:00:00,19280.0,19280.0,19280.0,19280.0,0.0,0.0,2378.0
2018-01-04 09:05:00,19280.0,19280.0,19245.0,19245.0,2.0,192450.0,2378.0
2018-01-04 09:10:00,19250.0,19250.0,19250.0,19250.0,4.0,385000.0,2380.0
2018-01-04 09:15:00,19250.0,19260.0,19240.0,19240.0,20.0,1924950.0,2378.0
2018-01-04 09:20:00,19240.0,19240.0,19240.0,19240.0,0.0,0.0,2378.0
2018-01-04 09:25:00,19240.0,19240.0,19240.0,19240.0,2.0,192400.0,2378.0
2018-01-04 09:30:00,19240.0,19240.0,19240.0,19240.0,6.0,577200.0,2376.0
2018-01-04 09:35:00,19240.0,19240.0,19240.0,19240.0,0.0,0.0,2376.0
2018-01-04 09:40:00,19255.0,19255.0,19245.0,19245.0,6.0,577550.0,2372.0
2018-01-04 09:45:00,19245.0,19260.0,19245.0,19260.0,24.0,2311100.0,2366.0
2018-01-04 09:50:00,19260.0,19260.0,19260.0,19260.0,0.0,0.0,2366.0
2018-01-04 09:55:00,19260.0,19280.0,19250.0,19280.0,6.0,578100.0,2364.0
2018-01-04 10:00:00,19280.0,19280.0,19280.0,19280.0,0.0,0.0,2364.0
2018-01-04 10:05:00,19280.0,19295.0,19270.0,19295.0,10.0,964200.0,2366.0
2018-01-04 10:10:00,19295.0,19295.0,19295.0,19295.0,0.0,0.0,2366.0
2018-01-04 10:30:00,19285.0,19285.0,19285.0,19285.0,4.0,385700.0,2364.0
2018-01-04 10:35:00,19285.0,19285.0,19285.0,19285.0,0.0,0.0,2364.0
2018-01-04 10:40:00,19285.0,19290.0,19285.0,19290.0,2.0,192900.0,2366.0
2018-01-04 10:45:00,19300.0,19300.0,19300.0,19300.0,6.0,579000.0,2362.0
2018-01-04 10:50:00,19300.0,19300.0,19270.0,19270.0,2.0,192700.0,2360.0
2018-01-04 10:55:00,19270.0,19270.0,19270.0,19270.0,0.0,0.0,2360.0
2018-01-04 11:00:00,19270.0,19270.0,19270.0,19270.0,0.0,0.0,2360.0
2018-01-04 11:05:00,19270.0,19270.0,19270.0,19270.0,0.0,0.0,2360.0
2018-01-04 11:10:00,19270.0,19285.0,19270.0,19285.0,4.0,385600.0,2362.0
2018-01-04 11:15:00,19285.0,19285.0,19285.0,19285.0,0.0,0.0,2362.0
2018-01-04 11:20:00,19310.0,19315.0,19310.0,19315.0,6.0,579400.0,2358.0
2018-01-04 11:25:00,19315.0,19315.0,19310.0,19310.0,2.0,193100.0,2358.0
2018-01-04 13:30:00,19330.0,19390.0,19330.0,19390.0,68.0,6586500.0,2358.0
2018-01-04 13:35:00,19400.0,19420.0,19400.0,19420.0,38.0,3687250.0,2358.0
2018-01-04 13:40:00,19420.0,19435.0,19420.0,19430.0,6.0,582950.0,2358.0
2018-01-04 13:45:00,19430.0,19450.0,19430.0,19450.0,22.0,2138700.0,2360.0
2018-01-04 13:50:00,19450.0,19480.0,19450.0,19475.0,24.0,2336650.0,2360.0
2018-01-04 13:55:00,19495.0,19495.0,19475.0,19475.0,10.0,974300.0,2360.0
2018-01-04 14:00:00,19475.0,19475.0,19470.0,19470.0,12.0,1168450.0,2360.0
2018-01-04 14:05:00,19470.0,19480.0,19455.0,19480.0,42.0,4090000.0,2340.0
2018-01-04 14:10:00,19485.0,19485.0,19460.0,19470.0,32.0,3116700.0,2330.0
2018-01-04 14:15:00,19455.0,19470.0,19455.0,19465.0,20.0,1945950.0,2322.0
2018-01-04 14:20:00,19480.0,19490.0,19480.0,19480.0,44.0,4285950.0,2344.0
2018-01-04 14:25:00,19480.0,19480.0,19475.0,19475.0,20.0,1947750.0,2342.0
2018-01-04 14:30:00,19480.0,19500.0,19475.0,19500.0,16.0,1558700.0,2350.0
2018-01-04 14:35:00,19480.0,19480.0,19475.0,19480.0,8.0,779150.0,2350.0
2018-01-04 14:40:00,19480.0,19495.0,19480.0,19495.0,14.0,1364450.0,2350.0
2018-01-04 14:45:00,19495.0,19495.0,19480.0,19480.0,2.0,194800.0,2348.0
2018-01-04 14:50:00,19465.0,19465.0,19450.0,19450.0,32.0,3113050.0,2338.0
2018-01-04 14:55:00,19450.0,19455.0,19450.0,19455.0,6.0,583600.0,2338.0
2018-01-04 21:00:00,19380.0,19470.0,19380.0,19460.0,20.0,1946350.0,2356.0
2018-01-04 21:05:00,19460.0,19460.0,19440.0,19460.0,14.0,1361550.0,2358.0
2018-01-04 21:10:00,19465.0,19465.0,19445.0,19455.0,10.0,972800.0,2358.0
2018-01-04 21:15:00,19450.0,19450.0,19420.0,19420.0,10.0,971900.0,2360.0
2018-01-04 21:20:00,19410.0,19420.0,19405.0,19420.0,14.0,1358750.0,2346.0
2018-01-04 21:25:00,19430.0,19430.0,19420.0,19430.0,8.0,777000.0,2348.0
2018-01-04 21:30:00,19430.0,19430.0,19430.0,19430.0,0.0,0.0,2348.0
2018-01-04 21:35:00,19430.0,19430.0,19430.0,19430.0,0.0,0.0,2348.0
2018-01-04 21:40:00,19430.0,19430.0,19415.0,19415.0,6.0,582750.0,2350.0
2018-01-04 21:45:00,19415.0,19435.0,19415.0,19435.0,6.0,583050.0,2346.0
2018-01-04 21:50:00,19435.0,19440.0,19435.0,19440.0,4.0,388800.0,2350.0
2018-01-04 21:55:00,19440.0,19440.0,19420.0,19420.0,22.0,2136200.0,2340.0
2018-01-04 22:00:00,19420.0,19420.0,19405.0,19405.0,12.0,1165000.0,2330.0
2018-01-04 22:05:00,19405.0,19405.0,19405.0,19405.0,2.0,194050.0,2330.0
2018-01-04 22:10:00,19405.0,19415.0,19405.0,19415.0,4.0,388300.0,2334.0
2018-01-04 22:15:00,19415.0,19415.0,19415.0,19415.0,0.0,0.0,2334.0
2018-01-04 22:20:00,19415.0,19430.0,19415.0,19430.0,2.0,194300.0,2332.0
2018-01-04 22:25:00,19430.0,19430.0,19430.0,19430.0,0.0,0.0,2332.0
2018-01-04 22:30:00,19430.0,19430.0,19410.0,19410.0,2.0,194100.0,2330.0
2018-01-04 22:35:00,19410.0,19410.0,19410.0,19410.0,2.0,194100.0,2330.0
2018-01-04 22:40:00,19410.0,19410.0,19405.0,19405.0,4.0,388100.0,2334.0
2018-01-04 22:45:00,19405.0,19405.0,19400.0,19400.0,4.0,388050.0,2332.0
2018-01-04 22:50:00,19400.0,19420.0,19400.0,19420.0,2.0,194200.0,2332.0
2018-01-04 22:55:00,19420.0,19420.0,19420.0,19420.0,0.0,0.0,2332.0
2018-01-04 23:00:00,19420.0,19420.0,19420.0,19420.0,0.0,0.0,2332.0
2018-01-04 23:05:00,19420.0,19420.0,19420.0,19420.0,0.0,0.0,2332.0
2018-01-04 23:10:00,19420.0,19420.0,19390.0,19390.0,10.0,969500.0,2328.0
2018-01-04 23:15:00,19370.0,19370.0,19370.0,19370.0,6.0,581100.0,2324.0
2018-01-04 23:20:00,19370.0,19370.0,19360.0,19360.0,2.0,193600.0,2324.0
2018-01-04 23:25:00,19360.0,19360.0,19360.0,19360.0,0.0,0.0,2324.0
2018-01-04 23:30:00,19360.0,19360.0,19360.0,19360.0,0.0,0.0,2324.0
2018-01-04 23:35:00,19360.0,19360.0,19360.0,19360.0,0.0,0.0,2324.0
2018-01-04 23:40:00,19360.0,19360.0,19360.0,19360.0,0.0,0.0,2324.0
2018-01-04 23:45:00,19380.0,19385.0,19380.0,19385.0,4.0,387650.0,2328.0
2018-01-04 23:50:00,19385.0,19385.0,19385.0,19385.0,0.0,0.0,2328.0
2018-01-04 23:55:00,19385.0,19385.0,19385.0,19385.0,0.0,0.0,2328.0
2018-01-05 00:00:00,19385.0,19385.0,19385.0,19385.0,0.0,0.0,2328.0
2018-01-05 00:05:00,19385.0,19385.0,19385.0,19385.0,0.0,0.0,2328.0
2018-01-05 00:10:00,19385.0,19385.0,19385.0,19385.0,0.0,0.0,2328.0
2018-01-05 00:15:00,19385.0,19385.0,19385.0,19385.0,0.0,0.0,2328.0
2018-01-05 00:20:00,19385.0,19385.0,19385.0,19385.0,0.0,0.0,2328.0
2018-01-05 00:25:00,19385.0,19385.0,19385.0,19385.0,0.0,0.0,2328.0
2018-01-05 00:30:00,19385.0,19385.0,19385.0,19385.0,0.0,0.0,2328.0
2018-01-05 00:35:00,19385.0,19385.0,19385.0,19385.0,0.0,0.0,2328.0
2018-01-05 00:40:00,19385.0,19385.0,19385.0,19385.0,0.0,0.0,2328.0
2018-01-05 00:45:00,19385.0,19385.0,19385.0,19385.0,0.0,0.0,2328.0
2018-01-05 00:50:00,19385.0,19385.0,19385.0,19385.0,0.0,0.0,2328.0
2018-01-05 00:55:00,19385.0,19385.0,19385.0,19385.0,0.0,0.0,2328.0
2018-01-05 09:00:00,19385.0,19385.0,19385.0,19385.0,0.0,0.0,2328.0
2018-01-05 09:05:00,19385.0,19405.0,19385.0,19405.0,4.0,388100.0,2330.0
2018-01-05 09:10:00,19405.0,19405.0,19405.0,19405.0,0.0,0.0,2330.0
2018-01-05 09:15:00,19405.0,19405.0,19400.0,19400.0,8.0,776150.0,2328.0
2018-01-05 09:20:00,19400.0,19400.0,19400.0,19400.0,0.0,0.0,2328.0
2018-01-05 09:25:00,19390.0,19390.0,19390.0,19390.0,4.0,387800.0,2324.0
2018-01-05 09:30:00,19390.0,19430.0,19390.0,19430.0,4.0,388600.0,2324.0
2018-01-05 09:35:00,19430.0,19430.0,19430.0,19430.0,0.0,0.0,2324.0
2018-01-05 09:40:00,19430.0,19430.0,19430.0,19430.0,0.0,0.0,2324.0
2018-01-05 09:45:00,19430.0,19430.0,19430.0,19430.0,0.0,0.0,2324.0
2018-01-05 09:50:00,19430.0,19430.0,19430.0,19430.0,0.0,0.0,2324.0
2018-01-05 09:55:00,19430.0,19430.0,19420.0,19420.0,2.0,194200.0,2324.0
2018-01-05 10:00:00,19420.0,19420.0,19420.0,19420.0,0.0,0.0,2324.0
2018-01-05 10:05:00,19420.0,19420.0,19420.0,19420.0,0.0,0.0,2324.0
2018-01-05 10:10:00,19430.0,19430.0,19390.0,19390.0,4.0,388200.0,2326.0
2018-01-05 10:30:00,19390.0,19390.0,19390.0,19390.0,0.0,0.0,2326.0
2018-01-05 10:35:00,19390.0,19390.0,19390.0,19390.0,0.0,0.0,2326.0
2018-01-05 10:40:00,19390.0,19390.0,19390.0,19390.0,0.0,0.0,2326.0
2018-01-05 10:45:00,19395.0,19400.0,19395.0,19400.0,10.0,969850.0,2334.0
2018-01-05 10:50:00,19400.0,19400.0,19400.0,19400.0,0.0,0.0,2334.0
2018-01-05 10:55:00,19400.0,19430.0,19400.0,19430.0,2.0,194300.0,2332.0
2018-01-05 11:00:00,19430.0,19430.0,19430.0,19430.0,2.0,194300.0,2332.0
2018-01-05 11:05:00,19430.0,19430.0,19430.0,19430.0,0.0,0.0,2332.0
2018-01-05 11:10:00,19430.0,19430.0,19430.0,19430.0,0.0,0.0,2332.0
2018-01-05 11:15:00,19430.0,19430.0,19430.0,19430.0,0.0,0.0,2332.0
2018-01-05 11:20:00,19430.0,19430.0,19430.0,19430.0,0.0,0.0,2332.0
2018-01-05 11:25:00,19430.0,19430.0,19395.0,19395.0,2.0,193950.0,2332.0
2018-01-05 13:30:00,19395.0,19395.0,19395.0,19395.0,0.0,0.0,2332.0
2018-01-05 13:35:00,19395.0,19395.0,19395.0,19395.0,0.0,0.0,2332.0
2018-01-05 13:40:00,19395.0,19395.0,19385.0,19385.0,2.0,193850.0,2330.0
2018-01-05 13:45:00,19380.0,19380.0,19350.0,19350.0,16.0,1549250.0,2318.0
2018-01-05 13:50:00,19350.0,19355.0,19350.0,19355.0,4.0,387050.0,2318.0
2018-01-05 13:55:00,19355.0,19355.0,19350.0,19350.0,2.0,193500.0,2318.0
2018-01-05 14:00:00,19350.0,19350.0,19345.0,19345.0,4.0,386900.0,2314.0
2018-01-05 14:05:00,19375.0,19375.0,19375.0,19375.0,2.0,193750.0,2316.0
2018-01-05 14:10:00,19390.0,19390.0,19390.0,19390.0,2.0,193900.0,2318.0
2018-01-05 14:15:00,19400.0,19415.0,19400.0,19415.0,4.0,388150.0,2316.0
2018-01-05 14:20:00,19415.0,19415.0,19410.0,19410.0,2.0,194100.0,2316.0
2018-01-05 14:25:00,19420.0,19440.0,19420.0,19440.0,6.0,582950.0,2314.0
2018-01-05 14:30:00,19440.0,19450.0,19440.0,19450.0,6.0,583300.0,2316.0
2018-01-05 14:35:00,19450.0,19450.0,19450.0,19450.0,4.0,389000.0,2316.0
2018-01-05 14:40:00,19450.0,19450.0,19450.0,19450.0,4.0,389000.0,2314.0
2018-01-05 14:45:00,19450.0,19495.0,19450.0,19495.0,10.0,974350.0,2320.0
2018-01-05 14:50:00,19495.0,19495.0,19485.0,19495.0,6.0,584750.0,2322.0
2018-01-05 14:55:00,19495.0,19495.0,19495.0,19495.0,10.0,974750.0,2328.0
2018-01-05 21:00:00,19460.0,19460.0,19460.0,19460.0,2.0,194600.0,2328.0
2018-01-05 21:05:00,19460.0,19470.0,19460.0,19470.0,2.0,194700.0,2326.0
2018-01-05 21:10:00,19470.0,19495.0,19470.0,19495.0,4.0,389900.0,2328.0
2018-01-05 21:15:00,19470.0,19490.0,19465.0,19480.0,48.0,4673000.0,2332.0
2018-01-05 21:20:00,19480.0,19485.0,19470.0,19470.0,10.0,973650.0,2326.0
2018-01-05 21:25:00,19490.0,19490.0,19440.0,19445.0,24.0,2334650.0,2312.0
2018-01-05 21:30:00,19445.0,19445.0,19440.0,19440.0,4.0,388850.0,2312.0
2018-01-05 21:35:00,19440.0,19470.0,19440.0,19470.0,10.0,973500.0,2310.0
2018-01-05 21:40:00,19470.0,19470.0,19465.0,19465.0,4.0,389350.0,2310.0
2018-01-05 21:45:00,19465.0,19465.0,19465.0,19465.0,0.0,0.0,2310.0
2018-01-05 21:50:00,19465.0,19465.0,19465.0,19465.0,20.0,1946500.0,2318.0
2018-01-05 21:55:00,19465.0,19465.0,19465.0,19465.0,0.0,0.0,2318.0
2018-01-05 22:00:00,19465.0,19465.0,19465.0,19465.0,0.0,0.0,2318.0
2018-01-05 22:05:00,19465.0,19465.0,19445.0,19445.0,6.0,583400.0,2314.0
2018-01-05 22:10:00,19445.0,19445.0,19400.0,19400.0,8.0,776900.0,2312.0
2018-01-05 22:15:00,19400.0,19445.0,19400.0,19405.0,4.0,388500.0,2312.0
2018-01-05 22:20:00,19405.0,19450.0,19405.0,19450.0,2.0,194500.0,2310.0
2018-01-05 22:25:00,19450.0,19455.0,19450.0,19455.0,4.0,389100.0,2314.0
2018-01-05 22:30:00,19455.0,19455.0,19455.0,19455.0,0.0,0.0,2314.0
2018-01-05 22:35:00,19455.0,19455.0,19455.0,19455.0,0.0,0.0,2314.0
2018-01-05 22:40:00,19455.0,19455.0,19455.0,19455.0,0.0,0.0,2314.0
2018-01-05 22:45:00,19455.0,19455.0,19455.0,19455.0,0.0,0.0,2314.0
2018-01-05 22:50:00,19455.0,19455.0,19455.0,19455.0,0.0,0.0,2314.0
2018-01-05 22:55:00,19455.0,19455.0,19455.0,19455.0,0.0,0.0,2314.0
2018-01-05 23:00:00,19455.0,19455.0,19455.0,19455.0,0.0,0.0,2314.0
2018-01-05 23:05:00,19455.0,19455.0,19455.0,19455.0,0.0,0.0,2314.0
2018-01-05 23:10:00,19455.0,19455.0,19455.0,19455.0,0.0,0.0,2314.0
2018-01-05 23:15:00,19455.0,19455.0,19455.0,19455.0,14.0,1361850.0,2318.0
2018-01-05 23:20:00,19455.0,19455.0,19455.0,19455.0,2.0,194550.0,2318.0
2018-01-05 23:25:00,19455.0,19455.0,19455.0,19455.0,2.0,194550.0,2320.0
2018-01-05 23:30:00,19455.0,19525.0,19455.0,19525.0,22.0,2145250.0,2330.0
2018-01-05 23:35:00,19525.0,19525.0,19525.0,19525.0,0.0,0.0,2330.0
2018-01-05 23:40:00,19525.0,19525.0,19525.0,19525.0,0.0,0.0,2330.0
2018-01-05 23:45:00,19525.0,19525.0,19500.0,19500.0,2.0,195000.0,2330.0
2018-01-05 23:50:00,19500.0,19500.0,19500.0,19500.0,0.0,0.0,2330.0
2018-01-05 23:55:00,19500.0,19500.0,19435.0,19435.0,2.0,194350.0,2330.0
2018-01-06 00:00:00,19435.0,19435.0,19420.0,19420.0,4.0,388400.0,2332.0
2018-01-06 00:05:00,19420.0,19420.0,19420.0,19420.0,2.0,194200.0,2330.0
2018-01-06 00:10:00,19420.0,19420.0,19420.0,19420.0,0.0,0.0,2330.0
2018-01-06 00:15:00,19420.0,19420.0,19420.0,19420.0,0.0,0.0,2330.0
2018-01-06 00:20:00,19420.0,19420.0,19420.0,19420.0,0.0,0.0,2330.0
2018-01-06 00:25:00,19420.0,19420.0,19400.0,19400.0,2.0,194000.0,2330.0
2018-01-06 00:30:00,19360.0,19360.0,19360.0,19360.0,2.0,193600.0,2328.0
2018-01-06 00:35:00,19360.0,19360.0,19360.0,19360.0,0.0,0.0,2328.0
2018-01-06 00:40:00,19360.0,19380.0,19360.0,19380.0,34.0,3293950.0,2296.0
2018-01-06 00:45:00,19380.0,19380.0,19380.0,19380.0,0.0,0.0,2296.0
2018-01-06 00:50:00,19390.0,19390.0,19390.0,19390.0,8.0,775600.0,2296.0
2018-01-06 00:55:00,19350.0,19350.0,19350.0,19350.0,4.0,387000.0,2300.0
2018-01-08 09:00:00,19335.0,19375.0,19305.0,19350.0,58.0,5614100.0,2250.0
2018-01-08 09:05:00,19350.0,19380.0,19330.0,19380.0,12.0,1162000.0,2248.0
2018-01-08 09:10:00,19380.0,19380.0,19380.0,19380.0,0.0,0.0,2248.0
2018-01-08 09:15:00,19380.0,19380.0,19380.0,19380.0,0.0,0.0,2248.0
2018-01-08 09:20:00,19380.0,19380.0,19380.0,19380.0,4.0,387600.0,2248.0
2018-01-08 09:25:00,19380.0,19380.0,19335.0,19340.0,4.0,386750.0,2244.0
2018-01-08 09:30:00,19340.0,19340.0,19340.0,19340.0,0.0,0.0,2244.0
2018-01-08 09:35:00,19340.0,19340.0,19340.0,19340.0,0.0,0.0,2244.0
2018-01-08 09:40:00,19340.0,19340.0,19340.0,19340.0,4.0,386800.0,2242.0
2018-01-08 09:45:00,19340.0,19350.0,19340.0,19350.0,4.0,387000.0,2244.0
2018-01-08 09:50:00,19350.0,19350.0,19350.0,19350.0,0.0,0.0,2244.0
2018-01-08 09:55:00,19360.0,19375.0,19340.0,19340.0,6.0,580750.0,2244.0
2018-01-08 10:00:00,19340.0,19345.0,19340.0,19345.0,6.0,580350.0,2244.0
2018-01-08 10:05:00,19345.0,19345.0,19345.0,19345.0,0.0,0.0,2244.0
2018-01-08 10:10:00,19345.0,19345.0,19345.0,19345.0,0.0,0.0,2244.0
2018-01-08 10:30:00,19345.0,19345.0,19345.0,19345.0,0.0,0.0,2244.0
2018-01-08 10:35:00,19345.0,19345.0,19345.0,19345.0,0.0,0.0,2244.0
2018-01-08 10:40:00,19345.0,19345.0,19345.0,19345.0,0.0,0.0,2244.0
2018-01-08 10:45:00,19345.0,19345.0,19345.0,19345.0,0.0,0.0,2244.0
2018-01-08 10:50:00,19345.0,19345.0,19345.0,19345.0,0.0,0.0,2244.0
2018-01-08 10:55:00,19345.0,19345.0,19345.0,19345.0,0.0,0.0,2244.0
2018-01-08 11:00:00,19345.0,19345.0,19345.0,19345.0,0.0,0.0,2244.0
2018-01-08 11:05:00,19360.0,19360.0,19360.0,19360.0,14.0,1355200.0,2250.0
2018-01-08 11:10:00,19360.0,19360.0,19360.0,19360.0,8.0,774400.0,2252.0
2018-01-08 11:15:00,19360.0,19360.0,19360.0,19360.0,0.0,0.0,2252.0
2018-01-08 11:20:00,19365.0,19365.0,19360.0,19360.0,4.0,387250.0,2252.0
2018-01-08 11:25:00,19365.0,19365.0,19365.0,19365.0,4.0,387300.0,2254.0
2018-01-08 13:30:00,19365.0,19365.0,19355.0,19355.0,12.0,1161800.0,2256.0
2018-01-08 13:35:00,19355.0,19360.0,19355.0,19360.0,2.0,193600.0,2254.0
2018-01-08 13:40:00,19360.0,19360.0,19360.0,19360.0,0.0,0.0,2254.0
2018-01-08 13:45:00,19360.0,19360.0,19360.0,19360.0,0.0,0.0,2254.0
2018-01-08 13:50:00,19360.0,19360.0,19360.0,19360.0,0.0,0.0,2254.0
2018-01-08 13:55:00,19360.0,19360.0,19360.0,19360.0,0.0,0.0,2254.0
2018-01-08 14:00:00,19360.0,19360.0,19360.0,19360.0,0.0,0.0,2254.0
2018-01-08 14:05:00,19360.0,19360.0,19350.0,19350.0,2.0,193500.0,2254.0
2018-01-08 14:10:00,19350.0,19350.0,19350.0,19350.0,0.0,0.0,2254.0
2018-01-08 14:15:00,19350.0,19350.0,19350.0,19350.0,0.0,0.0,2254.0
2018-01-08 14:20:00,19350.0,19350.0,19350.0,19350.0,0.0,0.0,2254.0
2018-01-08 14:25:00,19350.0,19370.0,19350.0,19370.0,2.0,193700.0,2256.0
2018-01-08 14:30:00,19370.0,19395.0,19370.0,19395.0,2.0,193950.0,2256.0
2018-01-08 14:35:00,19395.0,19400.0,19395.0,19400.0,4.0,388000.0,2254.0
2018-01-08 14:40:00,19400.0,19400.0,19400.0,19400.0,0.0,0.0,2254.0
2018-01-08 14:45:00,19400.0,19400.0,19370.0,19370.0,2.0,193700.0,2254.0
2018-01-08 14:50:00,19370.0,19370.0,19370.0,19370.0,0.0,0.0,2254.0
2018-01-08 14:55:00,19370.0,19370.0,19370.0,19370.0,0.0,0.0,2254.0
2018-01-08 21:00:00,19410.0,19410.0,19320.0,19320.0,14.0,1352850.0,2254.0
2018-01-08 21:05:00,19325.0,19330.0,19320.0,19330.0,14.0,1352850.0,2252.0
2018-01-08 21:10:00,19330.0,19335.0,19330.0,19335.0,34.0,3286600.0,2278.0
2018-01-08 21:15:00,19375.0,19375.0,19375.0,19375.0,2.0,193750.0,2278.0
2018-01-08 21:20:00,19375.0,19390.0,19375.0,19390.0,6.0,581700.0,2280.0
2018-01-08 21:25:00,19390.0,19390.0,19390.0,19390.0,0.0,0.0,2280.0
2018-01-08 21:30:00,19390.0,19390.0,19350.0,19350.0,4.0,387000.0,2278.0
2018-01-08 21:35:00,19350.0,19350.0,19350.0,19350.0,0.0,0.0,2278.0
2018-01-08 21:40:00,19350.0,19350.0,19350.0,19350.0,0.0,0.0,2278.0
2018-01-08 21:45:00,19350.0,19350.0,19350.0,19350.0,0.0,0.0,2278.0
2018-01-08 21:50:00,19350.0,19350.0,19350.0,19350.0,0.0,0.0,2278.0
2018-01-08 21:55:00,19350.0,19375.0,19350.0,19375.0,10.0,968750.0,2272.0
2018-01-08 22:00:00,19375.0,19380.0,19375.0,19380.0,2.0,193800.0,2272.0
2018-01-08 22:05:00,19380.0,19380.0,19370.0,19370.0,6.0,581100.0,2274.0
2018-01-08 22:10:00,19370.0,19370.0,19370.0,19370.0,14.0,1355900.0,2276.0
2018-01-08 22:15:00,19370.0,19370.0,19370.0,19370.0,0.0,0.0,2276.0
2018-01-08 22:20:00,19370.0,19370.0,19370.0,19370.0,0.0,0.0,2276.0
2018-01-08 22:25:00,19370.0,19390.0,19370.0,19390.0,34.0,3296300.0,2284.0
2018-01-08 22:30:00,19390.0,19450.0,19390.0,19450.0,2.0,194500.0,2282.0
2018-01-08 22:35:00,19450.0,19450.0,19410.0,19410.0,8.0,776800.0,2282.0
2018-01-08 22:40:00,19410.0,19410.0,19390.0,19390.0,24.0,2329000.0,2306.0
2018-01-08 22:45:00,19390.0,19415.0,19390.0,19415.0,2.0,194150.0,2308.0
2018-01-08 22:50:00,19415.0,19415.0,19415.0,19415.0,0.0,0.0,2308.0
2018-01-08 22:55:00,19415.0,19415.0,19415.0,19415.0,0.0,0.0,2308.0
2018-01-08 23:00:00,19415.0,19415.0,19415.0,19415.0,0.0,0.0,2308.0
2018-01-08 23:05:00,19415.0,19415.0,19415.0,19415.0,0.0,0.0,2308.0
2018-01-08 23:10:00,19415.0,19415.0,19415.0,19415.0,0.0,0.0,2308.0
2018-01-08 23:15:00,19415.0,19415.0,19415.0,19415.0,0.0,0.0,2308.0
2018-01-08 23:20:00,19415.0,19415.0,19415.0,19415.0,0.0,0.0,2308.0
2018-01-08 23:25:00,19415.0,19415.0,19415.0,19415.0,0.0,0.0,2308.0
2018-01-08 23:30:00,19415.0,19415.0,19415.0,19415.0,2.0,194150.0,2306.0
2018-01-08 23:35:00,19415.0,19415.0,19415.0,19415.0,6.0,582450.0,2302.0
2018-01-08 23:40:00,19415.0,19450.0,19415.0,19450.0,8.0,777650.0,2304.0
2018-01-08 23:45:00,19450.0,19455.0,19450.0,19455.0,2.0,194550.0,2304.0
2018-01-08 23:50:00,19455.0,19455.0,19455.0,19455.0,0.0,0.0,2304.0
2018-01-08 23:55:00,19455.0,19465.0,19455.0,19465.0,2.0,194650.0,2306.0
2018-01-09 00:00:00,19465.0,19470.0,19465.0,19470.0,2.0,194700.0,2308.0
2018-01-09 00:05:00,19470.0,19470.0,19455.0,19455.0,2.0,194550.0,2306.0
2018-01-09 00:10:00,19455.0,19455.0,19455.0,19455.0,0.0,0.0,2306.0
2018-01-09 00:15:00,19455.0,19455.0,19420.0,19420.0,2.0,194200.0,2304.0
2018-01-09 00:20:00,19420.0,19420.0,19420.0,19420.0,0.0,0.0,2304.0
2018-01-09 00:25:00,19420.0,19420.0,19420.0,19420.0,0.0,0.0,2304.0
2018-01-09 00:30:00,19420.0,19470.0,19420.0,19470.0,2.0,194700.0,2304.0
2018-01-09 00:35:00,19470.0,19470.0,19470.0,19470.0,0.0,0.0,2304.0
2018-01-09 00:40:00,19470.0,19470.0,19450.0,19450.0,2.0,194500.0,2306.0
2018-01-09 00:45:00,19450.0,19450.0,19450.0,19450.0,0.0,0.0,2306.0
2018-01-09 00:50:00,19450.0,19600.0,19450.0,19600.0,8.0,782700.0,2310.0
2018-01-09 00:55:00,19600.0,19600.0,19600.0,19600.0,0.0,0.0,2310.0
2018-01-09 09:00:00,19600.0,19600.0,19470.0,19545.0,56.0,5462700.0,2342.0
2018-01-09 09:05:00,19545.0,19560.0,19545.0,19560.0,6.0,586550.0,2348.0
2018-01-09 09:10:00,19580.0,19580.0,19555.0,19555.0,46.0,4498000.0,2390.0
2018-01-09 09:15:00,19555.0,19565.0,19550.0,19550.0,22.0,2151100.0,2386.0
2018-01-09 09:20:00,19555.0,19555.0,19525.0,19525.0,8.0,781850.0,2386.0
2018-01-09 09:25:00,19525.0,19525.0,19525.0,19525.0,0.0,0.0,2386.0
2018-01-09 09:30:00,19525.0,19565.0,19525.0,19565.0,2.0,195650.0,2386.0
2018-01-09 09:35:00,19565.0,19565.0,19540.0,19540.0,2.0,195400.0,2384.0
2018-01-09 09:40:00,19540.0,19540.0,19540.0,19540.0,0.0,0.0,2384.0
2018-01-09 09:45:00,19540.0,19540.0,19540.0,19540.0,4.0,390800.0,2384.0
2018-01-09 09:50:00,19540.0,19540.0,19540.0,19540.0,0.0,0.0,2384.0
2018-01-09 09:55:00,19540.0,19540.0,19540.0,19540.0,2.0,195400.0,2384.0
2018-01-09 10:00:00,19540.0,19575.0,19540.0,19575.0,8.0,782950.0,2390.0
2018-01-09 10:05:00,19575.0,19595.0,19575.0,19595.0,4.0,391750.0,2392.0
2018-01-09 10:10:00,19595.0,19595.0,19595.0,19595.0,0.0,0.0,2392.0
2018-01-09 10:30:00,19595.0,19595.0,19595.0,19595.0,0.0,0.0,2392.0
2018-01-09 10:35:00,19595.0,19595.0,19555.0,19570.0,4.0,391250.0,2392.0
2018-01-09 10:40:00,19570.0,19570.0,19570.0,19570.0,0.0,0.0,2392.0
2018-01-09 10:45:00,19570.0,19570.0,19570.0,19570.0,0.0,0.0,2392.0
2018-01-09 10:50:00,19570.0,19570.0,19570.0,19570.0,0.0,0.0,2392.0
2018-01-09 10:55:00,19570.0,19570.0,19570.0,19570.0,0.0,0.0,2392.0
2018-01-09 11:00:00,19570.0,19570.0,19570.0,19570.0,0.0,0.0,2392.0
2018-01-09 11:05:00,19560.0,19575.0,19560.0,19575.0,4.0,391350.0,2392.0
2018-01-09 11:10:00,19575.0,19575.0,19570.0,19570.0,2.0,195700.0,2390.0
2018-01-09 11:15:00,19570.0,19570.0,19570.0,19570.0,0.0,0.0,2390.0
2018-01-09 11:20:00,19570.0,19570.0,19570.0,19570.0,0.0,0.0,2390.0
2018-01-09 11:25:00,19570.0,19570.0,19570.0,19570.0,0.0,0.0,2390.0
2018-01-09 13:30:00,19570.0,19570.0,19570.0,19570.0,0.0,0.0,2390.0
2018-01-09 13:35:00,19570.0,19570.0,19560.0,19560.0,2.0,195600.0,2392.0
2018-01-09 13:40:00,19560.0,19560.0,19560.0,19560.0,0.0,0.0,2392.0
2018-01-09 13:45:00,19560.0,19560.0,19560.0,19560.0,0.0,0.0,2392.0
2018-01-09 13:50:00,19560.0,19600.0,19560.0,19600.0,16.0,1567300.0,2408.0
2018-01-09 13:55:00,19600.0,19600.0,19600.0,19600.0,0.0,0.0,2408.0
2018-01-09 14:00:00,19600.0,19600.0,19585.0,19585.0,2.0,195850.0,2408.0
2018-01-09 14:05:00,19585.0,19585.0,19585.0,19585.0,0.0,0.0,2408.0
2018-01-09 14:10:00,19585.0,19585.0,19585.0,19585.0,0.0,0.0,2408.0
2018-01-09 14:15:00,19585.0,19585.0,19585.0,19585.0,0.0,0.0,2408.0
2018-01-09 14:20:00,19585.0,19585.0,19585.0,19585.0,0.0,0.0,2408.0
2018-01-09 14:25:00,19585.0,19585.0,19580.0,19580.0,4.0,391600.0,2408.0
2018-01-09 14:30:00,19595.0,19600.0,19580.0,19580.0,10.0,979750.0,2412.0
2018-01-09 14:35:00,19575.0,19580.0,19575.0,19580.0,48.0,4698250.0,2460.0
2018-01-09 14:40:00,19580.0,19580.0,19580.0,19580.0,2.0,195800.0,2462.0
2018-01-09 14:45:00,19580.0,19580.0,19580.0,19580.0,0.0,0.0,2462.0
2018-01-09 14:50:00,19580.0,19580.0,19580.0,19580.0,2.0,195800.0,2464.0
2018-01-09 14:55:00,19580.0,19580.0,19560.0,19560.0,4.0,391250.0,2464.0
2018-01-09 21:00:00,19625.0,19625.0,19565.0,19580.0,26.0,2547300.0,2476.0
2018-01-09 21:05:00,19580.0,19595.0,19580.0,19595.0,2.0,195950.0,2478.0
2018-01-09 21:10:00,19590.0,19650.0,19590.0,19650.0,56.0,5494950.0,2520.0
2018-01-09 21:15:00,19650.0,19650.0,19610.0,19630.0,16.0,1569750.0,2530.0
2018-01-09 21:20:00,19630.0,19635.0,19630.0,19635.0,2.0,196350.0,2532.0
2018-01-09 21:25:00,19635.0,19635.0,19620.0,19620.0,2.0,196200.0,2532.0
2018-01-09 21:30:00,19635.0,19665.0,19615.0,19665.0,38.0,3731600.0,2546.0
2018-01-09 21:35:00,19665.0,19665.0,19605.0,19605.0,4.0,392150.0,2546.0
2018-01-09 21:40:00,19605.0,19605.0,19605.0,19605.0,0.0,0.0,2546.0
2018-01-09 21:45:00,19605.0,19660.0,19605.0,19660.0,22.0,2158850.0,2554.0
2018-01-09 21:50:00,19595.0,19600.0,19595.0,19600.0,6.0,587950.0,2556.0
2018-01-09 21:55:00,19600.0,19625.0,19600.0,19625.0,4.0,392250.0,2558.0
2018-01-09 22:00:00,19615.0,19615.0,19610.0,19610.0,4.0,392250.0,2560.0
2018-01-09 22:05:00,19610.0,19610.0,19610.0,19610.0,0.0,0.0,2560.0
2018-01-09 22:10:00,19610.0,19610.0,19610.0,19610.0,0.0,0.0,2560.0
2018-01-09 22:15:00,19610.0,19610.0,19595.0,19595.0,4.0,391900.0,2558.0
2018-01-09 22:20:00,19595.0,19595.0,19525.0,19535.0,18.0,1758550.0,2554.0
2018-01-09 22:25:00,19535.0,19580.0,19535.0,19580.0,8.0,783200.0,2562.0
2018-01-09 22:30:00,19590.0,19590.0,19560.0,19560.0,28.0,2739700.0,2582.0
2018-01-09 22:35:00,19560.0,19570.0,19560.0,19570.0,2.0,195700.0,2584.0
2018-01-09 22:40:00,19565.0,19565.0,19565.0,19565.0,2.0,195650.0,2586.0
2018-01-09 22:45:00,19565.0,19565.0,19565.0,19565.0,0.0,0.0,2586.0
2018-01-09 22:50:00,19565.0,19565.0,19565.0,19565.0,0.0,0.0,2586.0
2018-01-09 22:55:00,19565.0,19565.0,19550.0,19560.0,8.0,782300.0,2590.0
2018-01-09 23:00:00,19560.0,19560.0,19550.0,19550.0,12.0,1173000.0,2580.0
2018-01-09 23:05:00,19550.0,19550.0,19540.0,19540.0,18.0,1759150.0,2570.0
2018-01-09 23:10:00,19540.0,19540.0,19500.0,19500.0,12.0,1170500.0,2562.0
2018-01-09 23:15:00,19500.0,19500.0,19480.0,19480.0,10.0,974800.0,2560.0
2018-01-09 23:20:00,19480.0,19480.0,19480.0,19480.0,0.0,0.0,2560.0
2018-01-09 23:25:00,19480.0,19480.0,19480.0,19480.0,0.0,0.0,2560.0
2018-01-09 23:30:00,19480.0,19480.0,19480.0,19480.0,0.0,0.0,2560.0
2018-01-09 23:35:00,19480.0,19480.0,19460.0,19460.0,2.0,194600.0,2560.0
2018-01-09 23:40:00,19460.0,19460.0,19460.0,19460.0,0.0,0.0,2560.0
2018-01-09 23:45:00,19460.0,19460.0,19460.0,19460.0,0.0,0.0,2560.0
2018-01-09 23:50:00,19495.0,19495.0,19495.0,19495.0,28.0,2729300.0,2576.0
2018-01-09 23:55:00,19495.0,19495.0,19495.0,19495.0,0.0,0.0,2576.0
2018-01-10 00:00:00,19495.0,19495.0,19495.0,19495.0,0.0,0.0,2576.0
2018-01-10 00:05:00,19495.0,19495.0,19495.0,19495.0,0.0,0.0,2576.0
2018-01-10 00:10:00,19495.0,19495.0,19495.0,19495.0,0.0,0.0,2576.0
2018-01-10 00:15:00,19495.0,19495.0,19495.0,19495.0,0.0,0.0,2576.0
2018-01-10 00:20:00,19495.0,19495.0,19495.0,19495.0,0.0,0.0,2576.0
2018-01-10 00:25:00,19495.0,19495.0,19495.0,19495.0,0.0,0.0,2576.0
2018-01-10 00:30:00,19495.0,19500.0,19495.0,19500.0,4.0,390000.0,2576.0
2018-01-10 00:35:00,19500.0,19500.0,19500.0,19500.0,0.0,0.0,2576.0
2018-01-10 00:40:00,19500.0,19500.0,19460.0,19460.0,6.0,583800.0,2572.0
2018-01-10 00:45:00,19460.0,19460.0,19425.0,19425.0,2.0,194250.0,2570.0
2018-01-10 00:50:00,19405.0,19405.0,19300.0,19300.0,32.0,3100850.0,2564.0
2018-01-10 00:55:00,19300.0,19300.0,19300.0,19300.0,0.0,0.0,2564.0
2018-01-10 09:00:00,19330.0,19385.0,19330.0,19385.0,8.0,774100.0,2560.0
2018-01-10 09:05:00,19385.0,19390.0,19355.0,19375.0,14.0,1356650.0,2560.0
2018-01-10 09:10:00,19375.0,19380.0,19375.0,19380.0,2.0,193800.0,2558.0
2018-01-10 09:15:00,19380.0,19380.0,19380.0,19380.0,0.0,0.0,2558.0
2018-01-10 09:20:00,19380.0,19380.0,19375.0,19375.0,4.0,387500.0,2558.0
2018-01-10 09:25:00,19375.0,19375.0,19375.0,19375.0,0.0,0.0,2558.0
2018-01-10 09:30:00,19375.0,19375.0,19375.0,19375.0,0.0,0.0,2558.0
2018-01-10 09:35:00,19375.0,19400.0,19375.0,19400.0,2.0,194000.0,2556.0
2018-01-10 09:40:00,19400.0,19400.0,19400.0,19400.0,0.0,0.0,2556.0
2018-01-10 09:45:00,19400.0,19430.0,19400.0,19430.0,2.0,194300.0,2556.0
2018-01-10 09:50:00,19430.0,19430.0,19430.0,19430.0,2.0,194300.0,2558.0
2018-01-10 09:55:00,19430.0,19430.0,19430.0,19430.0,0.0,0.0,2558.0
2018-01-10 10:00:00,19430.0,19430.0,19430.0,19430.0,0.0,0.0,2558.0
2018-01-10 10:05:00,19430.0,19430.0,19430.0,19430.0,0.0,0.0,2558.0
2018-01-10 10:10:00,19430.0,19430.0,19430.0,19430.0,0.0,0.0,2558.0
2018-01-10 10:30:00,19450.0,19455.0,19450.0,19455.0,4.0,389050.0,2556.0
2018-01-10 10:35:00,19455.0,19460.0,19455.0,19460.0,2.0,194600.0,2556.0
2018-01-10 10:40:00,19460.0,19460.0,19460.0,19460.0,0.0,0.0,2556.0
2018-01-10 10:45:00,19460.0,19460.0,19460.0,19460.0,0.0,0.0,2556.0
2018-01-10 10:50:00,19460.0,19470.0,19460.0,19470.0,2.0,194700.0,2556.0
2018-01-10 10:55:00,19455.0,19455.0,19450.0,19450.0,8.0,778150.0,2560.0
2018-01-10 11:00:00,19450.0,19450.0,19450.0,19450.0,0.0,0.0,2560.0
2018-01-10 11:05:00,19450.0,19470.0,19450.0,19470.0,12.0,1168150.0,2568.0
2018-01-10 11:10:00,19470.0,19475.0,19460.0,19460.0,6.0,583950.0,2566.0
2018-01-10 11:15:00,19460.0,19460.0,19460.0,19460.0,0.0,0.0,2566.0
2018-01-10 11:20:00,19460.0,19460.0,19460.0,19460.0,0.0,0.0,2566.0
2018-01-10 11:25:00,19460.0,19465.0,19460.0,19465.0,2.0,194650.0,2568.0
2018-01-10 13:30:00,19465.0,19465.0,19440.0,19440.0,2.0,194400.0,2568.0
2018-01-10 13:35:00,19475.0,19475.0,19475.0,19475.0,2.0,194750.0,2570.0
2018-01-10 13:40:00,19475.0,19475.0,19475.0,19475.0,0.0,0.0,2570.0
2018-01-10 13:45:00,19475.0,19475.0,19475.0,19475.0,0.0,0.0,2570.0
2018-01-10 13:50:00,19475.0,19475.0,19460.0,19460.0,2.0,194600.0,2568.0
2018-01-10 13:55:00,19450.0,19450.0,19425.0,19425.0,4.0,388750.0,2568.0
2018-01-10 14:00:00,19425.0,19425.0,19425.0,19425.0,0.0,0.0,2568.0
2018-01-10 14:05:00,19425.0,19425.0,19425.0,19425.0,0.0,0.0,2568.0
2018-01-10 14:10:00,19425.0,19425.0,19425.0,19425.0,0.0,0.0,2568.0
2018-01-10 14:15:00,19425.0,19440.0,19425.0,19440.0,12.0,1166200.0,2574.0
2018-01-10 14:20:00,19440.0,19440.0,19430.0,19430.0,2.0,194300.0,2574.0
2018-01-10 14:25:00,19430.0,19430.0,19430.0,19430.0,0.0,0.0,2574.0
2018-01-10 14:30:00,19430.0,19430.0,19425.0,19425.0,2.0,194250.0,2574.0
2018-01-10 14:35:00,19415.0,19415.0,19415.0,19415.0,2.0,194150.0,2572.0
2018-01-10 14:40:00,19415.0,19415.0,19415.0,19415.0,0.0,0.0,2572.0
2018-01-10 14:45:00,19425.0,19425.0,19425.0,19425.0,4.0,388500.0,2576.0
2018-01-10 14:50:00,19425.0,19425.0,19425.0,19425.0,0.0,0.0,2576.0
2018-01-10 14:55:00,19425.0,19430.0,19425.0,19430.0,2.0,194300.0,2574.0
2018-01-10 21:00:00,19510.0,19510.0,19465.0,19465.0,12.0,1169500.0,2578.0
2018-01-10 21:05:00,19470.0,19470.0,19470.0,19470.0,2.0,194700.0,2578.0
2018-01-10 21:10:00,19465.0,19470.0,19460.0,19470.0,10.0,973150.0,2578.0
2018-01-10 21:15:00,19460.0,19460.0,19440.0,19440.0,26.0,2527400.0,2564.0
2018-01-10 21:20:00,19440.0,19445.0,19440.0,19445.0,2.0,194450.0,2562.0
2018-01-10 21:25:00,19455.0,19455.0,19455.0,19455.0,2.0,194550.0,2560.0
2018-01-10 21:30:00,19455.0,19455.0,19455.0,19455.0,0.0,0.0,2560.0
2018-01-10 21:35:00,19455.0,19455.0,19455.0,19455.0,0.0,0.0,2560.0
2018-01-10 21:40:00,19455.0,19455.0,19455.0,19455.0,0.0,0.0,2560.0
2018-01-10 21:45:00,19410.0,19420.0,19410.0,19420.0,8.0,776500.0,2556.0
2018-01-10 21:50:00,19420.0,19425.0,19420.0,19425.0,2.0,194250.0,2556.0
2018-01-10 21:55:00,19425.0,19425.0,19425.0,19425.0,0.0,0.0,2556.0
2018-01-10 22:00:00,19425.0,19425.0,19425.0,19425.0,0.0,0.0,2556.0
2018-01-10 22:05:00,19425.0,19425.0,19410.0,19410.0,2.0,194100.0,2554.0
2018-01-10 22:10:00,19410.0,19410.0,19410.0,19410.0,0.0,0.0,2554.0
2018-01-10 22:15:00,19410.0,19425.0,19410.0,19425.0,2.0,194250.0,2556.0
2018-01-10 22:20:00,19420.0,19420.0,19420.0,19420.0,2.0,194200.0,2556.0
2018-01-10 22:25:00,19420.0,19420.0,19420.0,19420.0,0.0,0.0,2556.0
2018-01-10 22:30:00,19420.0,19420.0,19420.0,19420.0,0.0,0.0,2556.0
2018-01-10 22:35:00,19420.0,19420.0,19420.0,19420.0,2.0,194200.0,2558.0
2018-01-10 22:40:00,19420.0,19420.0,19420.0,19420.0,0.0,0.0,2558.0
2018-01-10 22:45:00,19420.0,19430.0,19420.0,19430.0,2.0,194300.0,2558.0
2018-01-10 22:50:00,19430.0,19430.0,19430.0,19430.0,0.0,0.0,2558.0
2018-01-10 22:55:00,19430.0,19430.0,19430.0,19430.0,0.0,0.0,2558.0
2018-01-10 23:00:00,19430.0,19430.0,19430.0,19430.0,0.0,0.0,2558.0
2018-01-10 23:05:00,19430.0,19430.0,19430.0,19430.0,0.0,0.0,2558.0
2018-01-10 23:10:00,19420.0,19420.0,19420.0,19420.0,2.0,194200.0,2558.0
2018-01-10 23:15:00,19420.0,19420.0,19420.0,19420.0,0.0,0.0,2558.0
2018-01-10 23:20:00,19420.0,19420.0,19420.0,19420.0,0.0,0.0,2558.0
2018-01-10 23:25:00,19420.0,19420.0,19420.0,19420.0,0.0,0.0,2558.0
2018-01-10 23:30:00,19420.0,19420.0,19420.0,19420.0,0.0,0.0,2558.0
2018-01-10 23:35:00,19420.0,19420.0,19420.0,19420.0,0.0,0.0,2558.0
2018-01-10 23:40:00,19420.0,19420.0,19420.0,19420.0,0.0,0.0,2558.0
2018-01-10 23:45:00,19420.0,19420.0,19420.0,19420.0,0.0,0.0,2558.0
2018-01-10 23:50:00,19420.0,19420.0,19420.0,19420.0,0.0,0.0,2558.0
2018-01-10 23:55:00,19420.0,19420.0,19420.0,19420.0,0.0,0.0,2558.0
2018-01-11 00:00:00,19410.0,19410.0,19410.0,19410.0,2.0,194100.0,2556.0
2018-01-11 00:05:00,19410.0,19410.0,19410.0,19410.0,0.0,0.0,2556.0
2018-01-11 00:10:00,19410.0,19410.0,19410.0,19410.0,0.0,0.0,2556.0
2018-01-11 00:15:00,19410.0,19410.0,19410.0,19410.0,0.0,0.0,2556.0
2018-01-11 00:20:00,19410.0,19410.0,19410.0,19410.0,0.0,0.0,2556.0
2018-01-11 00:25:00,19410.0,19410.0,19410.0,19410.0,0.0,0.0,2556.0
2018-01-11 00:30:00,19410.0,19410.0,19410.0,19410.0,0.0,0.0,2556.0
2018-01-11 00:35:00,19410.0,19410.0,19410.0,19410.0,0.0,0.0,2556.0
2018-01-11 00:40:00,19410.0,19410.0,19360.0,19360.0,2.0,193600.0,2558.0
2018-01-11 00:45:00,19360.0,19370.0,19360.0,19370.0,4.0,387400.0,2560.0
2018-01-11 00:50:00,19370.0,19370.0,19370.0,19370.0,0.0,0.0,2560.0
2018-01-11 00:55:00,19370.0,19425.0,19370.0,19425.0,2.0,194250.0,2560.0
2018-01-11 09:00:00,19425.0,19425.0,19425.0,19425.0,0.0,0.0,2560.0
2018-01-11 09:05:00,19400.0,19400.0,19400.0,19400.0,2.0,194000.0,2560.0
2018-01-11 09:10:00,19400.0,19400.0,19385.0,19385.0,2.0,193850.0,2560.0
2018-01-11 09:15:00,19385.0,19385.0,19380.0,19380.0,2.0,193800.0,2562.0
2018-01-11 09:20:00,19380.0,19380.0,19360.0,19360.0,2.0,193600.0,2564.0
2018-01-11 09:25:00,19360.0,19370.0,19355.0,19355.0,6.0,580850.0,2566.0
2018-01-11 09:30:00,19380.0,19435.0,19375.0,19375.0,6.0,581900.0,2564.0
2018-01-11 09:35:00,19375.0,19375.0,19375.0,19375.0,0.0,0.0,2564.0
2018-01-11 09:40:00,19375.0,19375.0,19370.0,19370.0,8.0,774800.0,2568.0
2018-01-11 09:45:00,19370.0,19385.0,19370.0,19385.0,26.0,2519600.0,2550.0
2018-01-11 09:50:00,19385.0,19390.0,19385.0,19385.0,12.0,1163200.0,2540.0
2018-01-11 09:55:00,19385.0,19385.0,19385.0,19385.0,0.0,0.0,2540.0
2018-01-11 10:00:00,19385.0,19385.0,19385.0,19385.0,0.0,0.0,2540.0
2018-01-11 10:05:00,19385.0,19385.0,19385.0,19385.0,0.0,0.0,2540.0
2018-01-11 10:10:00,19390.0,19390.0,19390.0,19390.0,18.0,1745100.0,2540.0
2018-01-11 10:30:00,19390.0,19390.0,19370.0,19370.0,34.0,3293700.0,2538.0
2018-01-11 10:35:00,19370.0,19370.0,19370.0,19370.0,0.0,0.0,2538.0
2018-01-11 10:40:00,19370.0,19370.0,19370.0,19370.0,0.0,0.0,2538.0
2018-01-11 10:45:00,19400.0,19400.0,19400.0,19400.0,6.0,582000.0,2536.0
2018-01-11 10:50:00,19380.0,19380.0,19380.0,19380.0,2.0,193800.0,2536.0
2018-01-11 10:55:00,19380.0,19380.0,19380.0,19380.0,0.0,0.0,2536.0
2018-01-11 11:00:00,19390.0,19395.0,19390.0,19395.0,32.0,3102950.0,2520.0
2018-01-11 11:05:00,19395.0,19395.0,19390.0,19390.0,2.0,193900.0,2520.0
2018-01-11 11:10:00,19390.0,19390.0,19390.0,19390.0,0.0,0.0,2520.0
2018-01-11 11:15:00,19390.0,19390.0,19390.0,19390.0,4.0,387800.0,2524.0
2018-01-11 11:20:00,19390.0,19405.0,19390.0,19405.0,2.0,194050.0,2526.0
2018-01-11 11:25:00,19405.0,19405.0,19405.0,19405.0,0.0,0.0,2526.0
2018-01-11 13:30:00,19405.0,19405.0,19360.0,19395.0,28.0,2714100.0,2540.0
2018-01-11 13:35:00,19370.0,19370.0,19370.0,19370.0,6.0,581100.0,2540.0
2018-01-11 13:40:00,19370.0,19380.0,19350.0,19380.0,14.0,1356300.0,2530.0
2018-01-11 13:45:00,19380.0,19380.0,19380.0,19380.0,0.0,0.0,2530.0
2018-01-11 13:50:00,19380.0,19400.0,19370.0,19385.0,10.0,969300.0,2526.0
2018-01-11 13:55:00,19385.0,19385.0,19385.0,19385.0,0.0,0.0,2526.0
2018-01-11 14:00:00,19385.0,19385.0,19375.0,19375.0,4.0,387600.0,2524.0
2018-01-11 14:05:00,19375.0,19385.0,19375.0,19385.0,2.0,193850.0,2522.0
2018-01-11 14:10:00,19400.0,19400.0,19400.0,19400.0,6.0,582000.0,2516.0
2018-01-11 14:15:00,19400.0,19400.0,19400.0,19400.0,20.0,1940000.0,2530.0
2018-01-11 14:20:00,19400.0,19400.0,19400.0,19400.0,0.0,0.0,2530.0
2018-01-11 14:25:00,19400.0,19400.0,19400.0,19400.0,0.0,0.0,2530.0
2018-01-11 14:30:00,19400.0,19420.0,19400.0,19420.0,4.0,388400.0,2530.0
2018-01-11 14:35:00,19420.0,19420.0,19420.0,19420.0,0.0,0.0,2530.0
2018-01-11 14:40:00,19420.0,19420.0,19420.0,19420.0,0.0,0.0,2530.0
2018-01-11 14:45:00,19420.0,19420.0,19420.0,19420.0,0.0,0.0,2530.0
2018-01-11 14:50:00,19415.0,19415.0,19415.0,19415.0,4.0,388300.0,2530.0
2018-01-11 14:55:00,19415.0,19415.0,19415.0,19415.0,0.0,0.0,2530.0
2018-01-11 21:00:00,19420.0,19440.0,19415.0,19430.0,26.0,2526150.0,2516.0
2018-01-11 21:05:00,19430.0,19430.0,19430.0,19430.0,2.0,194300.0,2518.0
2018-01-11 21:10:00,19430.0,19430.0,19430.0,19430.0,0.0,0.0,2518.0
2018-01-11 21:15:00,19430.0,19430.0,19430.0,19430.0,0.0,0.0,2518.0
2018-01-11 21:20:00,19430.0,19430.0,19430.0,19430.0,2.0,194300.0,2516.0
2018-01-11 21:25:00,19430.0,19430.0,19425.0,19425.0,2.0,194250.0,2516.0
2018-01-11 21:30:00,19425.0,19425.0,19425.0,19425.0,0.0,0.0,2516.0
2018-01-11 21:35:00,19425.0,19425.0,19425.0,19425.0,2.0,194250.0,2516.0
2018-01-11 21:40:00,19425.0,19425.0,19420.0,19420.0,2.0,194200.0,2514.0
2018-01-11 21:45:00,19415.0,19415.0,19410.0,19410.0,8.0,776500.0,2514.0
2018-01-11 21:50:00,19410.0,19410.0,19410.0,19410.0,2.0,194100.0,2514.0
2018-01-11 21:55:00,19410.0,19410.0,19400.0,19400.0,2.0,194000.0,2516.0
2018-01-11 22:00:00,19400.0,19400.0,19400.0,19400.0,0.0,0.0,2516.0
2018-01-11 22:05:00,19400.0,19400.0,19400.0,19400.0,0.0,0.0,2516.0
2018-01-11 22:10:00,19400.0,19400.0,19400.0,19400.0,2.0,194000.0,2516.0
2018-01-11 22:15:00,19400.0,19400.0,19400.0,19400.0,0.0,0.0,2516.0
2018-01-11 22:20:00,19400.0,19400.0,19400.0,19400.0,22.0,2134000.0,2524.0
2018-01-11 22:25:00,19400.0,19400.0,19400.0,19400.0,2.0,194000.0,2522.0
2018-01-11 22:30:00,19400.0,19400.0,19360.0,19360.0,22.0,2129600.0,2526.0
2018-01-11 22:35:00,19360.0,19360.0,19360.0,19360.0,0.0,0.0,2526.0
2018-01-11 22:40:00,19360.0,19360.0,19360.0,19360.0,0.0,0.0,2526.0
2018-01-11 22:45:00,19360.0,19360.0,19360.0,19360.0,0.0,0.0,2526.0
2018-01-11 22:50:00,19360.0,19360.0,19330.0,19330.0,16.0,1547850.0,2516.0
2018-01-11 22:55:00,19330.0,19330.0,19330.0,19330.0,0.0,0.0,2516.0
2018-01-11 23:00:00,19330.0,19350.0,19330.0,19350.0,20.0,1934600.0,2510.0
2018-01-11 23:05:00,19350.0,19350.0,19340.0,19340.0,4.0,386800.0,2510.0
2018-01-11 23:10:00,19320.0,19320.0,19300.0,19300.0,6.0,579200.0,2512.0
2018-01-11 23:15:00,19255.0,19255.0,19200.0,19245.0,64.0,6155100.0,2492.0
2018-01-11 23:20:00,19195.0,19245.0,19195.0,19245.0,22.0,2115550.0,2480.0
2018-01-11 23:25:00,19245.0,19265.0,19245.0,19265.0,6.0,577600.0,2484.0
2018-01-11 23:30:00,19265.0,19265.0,19265.0,19265.0,0.0,0.0,2484.0
2018-01-11 23:35:00,19265.0,19270.0,19265.0,19270.0,4.0,385350.0,2482.0
2018-01-11 23:40:00,19270.0,19270.0,19270.0,19270.0,0.0,0.0,2482.0
2018-01-11 23:45:00,19300.0,19300.0,19280.0,19280.0,12.0,1157600.0,2480.0
2018-01-11 23:50:00,19280.0,19280.0,19280.0,19280.0,0.0,0.0,2480.0
2018-01-11 23:55:00,19280.0,19280.0,19280.0,19280.0,2.0,192800.0,2482.0
2018-01-12 00:00:00,19280.0,19280.0,19280.0,19280.0,0.0,0.0,2482.0
2018-01-12 00:05:00,19280.0,19280.0,19280.0,19280.0,0.0,0.0,2482.0
2018-01-12 00:10:00,19280.0,19280.0,19280.0,19280.0,0.0,0.0,2482.0
2018-01-12 00:15:00,19280.0,19280.0,19280.0,19280.0,0.0,0.0,2482.0
2018-01-12 00:20:00,19280.0,19280.0,19280.0,19280.0,0.0,0.0,2482.0
2018-01-12 00:25:00,19310.0,19310.0,19305.0,19305.0,4.0,386150.0,2482.0
2018-01-12 00:30:00,19305.0,19305.0,19305.0,19305.0,0.0,0.0,2482.0
2018-01-12 00:35:00,19305.0,19305.0,19305.0,19305.0,2.0,193050.0,2482.0
2018-01-12 00:40:00,19305.0,19305.0,19305.0,19305.0,0.0,0.0,2482.0
2018-01-12 00:45:00,19305.0,19310.0,19305.0,19310.0,4.0,386200.0,2482.0
2018-01-12 00:50:00,19310.0,19320.0,19310.0,19320.0,2.0,193200.0,2482.0
2018-01-12 00:55:00,19320.0,19380.0,19320.0,19380.0,12.0,1161200.0,2480.0
2018-01-12 09:00:00,19300.0,19345.0,19300.0,19325.0,18.0,1738350.0,2482.0
2018-01-12 09:05:00,19325.0,19325.0,19325.0,19325.0,8.0,773000.0,2488.0
2018-01-12 09:10:00,19325.0,19325.0,19320.0,19320.0,2.0,193200.0,2486.0
2018-01-12 09:15:00,19335.0,19335.0,19325.0,19325.0,8.0,773100.0,2486.0
2018-01-12 09:20:00,19325.0,19325.0,19325.0,19325.0,0.0,0.0,2486.0
2018-01-12 09:25:00,19325.0,19325.0,19325.0,19325.0,0.0,0.0,2486.0
2018-01-12 09:30:00,19325.0,19325.0,19325.0,19325.0,0.0,0.0,2486.0
2018-01-12 09:35:00,19325.0,19325.0,19300.0,19300.0,8.0,772000.0,2486.0
2018-01-12 09:40:00,19300.0,19300.0,19295.0,19295.0,4.0,385900.0,2486.0
2018-01-12 09:45:00,19295.0,19295.0,19295.0,19295.0,0.0,0.0,2486.0
2018-01-12 09:50:00,19295.0,19295.0,19295.0,19295.0,0.0,0.0,2486.0
2018-01-12 09:55:00,19295.0,19295.0,19295.0,19295.0,0.0,0.0,2486.0
2018-01-12 10:00:00,19295.0,19295.0,19295.0,19295.0,0.0,0.0,2486.0
2018-01-12 10:05:00,19295.0,19305.0,19285.0,19305.0,18.0,1736550.0,2474.0
2018-01-12 10:10:00,19305.0,19305.0,19300.0,19300.0,48.0,4633000.0,2466.0
2018-01-12 10:30:00,19290.0,19320.0,19290.0,19300.0,54.0,5213250.0,2448.0
2018-01-12 10:35:00,19300.0,19320.0,19300.0,19305.0,36.0,3475850.0,2432.0
2018-01-12 10:40:00,19305.0,19310.0,19300.0,19310.0,8.0,772200.0,2430.0
2018-01-12 10:45:00,19310.0,19310.0,19305.0,19305.0,2.0,193050.0,2430.0
2018-01-12 10:50:00,19300.0,19300.0,19295.0,19295.0,12.0,1157750.0,2434.0
2018-01-12 10:55:00,19295.0,19305.0,19295.0,19305.0,6.0,579050.0,2432.0
2018-01-12 11:00:00,19305.0,19305.0,19305.0,19305.0,0.0,0.0,2432.0
2018-01-12 11:05:00,19305.0,19305.0,19305.0,19305.0,0.0,0.0,2432.0
2018-01-12 11:10:00,19305.0,19305.0,19275.0,19275.0,6.0,578450.0,2438.0
2018-01-12 11:15:00,19275.0,19275.0,19275.0,19275.0,0.0,0.0,2438.0
2018-01-12 11:20:00,19290.0,19295.0,19280.0,19280.0,18.0,1736200.0,2436.0
2018-01-12 11:25:00,19280.0,19280.0,19280.0,19280.0,12.0,1156800.0,2428.0
2018-01-12 13:30:00,19280.0,19280.0,19275.0,19275.0,2.0,192750.0,2426.0
2018-01-12 13:35:00,19275.0,19275.0,19275.0,19275.0,2.0,192750.0,2426.0
2018-01-12 13:40:00,19275.0,19275.0,19255.0,19260.0,4.0,385150.0,2426.0
2018-01-12 13:45:00,19260.0,19260.0,19260.0,19260.0,0.0,0.0,2426.0
2018-01-12 13:50:00,19270.0,19270.0,19250.0,19260.0,22.0,2118900.0,2424.0
2018-01-12 13:55:00,19260.0,19270.0,19250.0,19250.0,18.0,1733400.0,2424.0
2018-01-12 14:00:00,19250.0,19260.0,19240.0,19240.0,32.0,3079150.0,2440.0
2018-01-12 14:05:00,19235.0,19235.0,19220.0,19220.0,6.0,576800.0,2442.0
2018-01-12 14:10:00,19220.0,19220.0,19220.0,19220.0,0.0,0.0,2442.0
2018-01-12 14:15:00,19290.0,19290.0,19290.0,19290.0,144.0,13888800.0,2426.0
2018-01-12 14:20:00,19290.0,19300.0,19290.0,19295.0,14.0,1350800.0,2430.0
2018-01-12 14:25:00,19295.0,19295.0,19290.0,19295.0,40.0,3858100.0,2426.0
2018-01-12 14:30:00,19290.0,19290.0,19290.0,19290.0,4.0,385800.0,2426.0
2018-01-12 14:35:00,19290.0,19290.0,19290.0,19290.0,0.0,0.0,2426.0
2018-01-12 14:40:00,19295.0,19315.0,19295.0,19300.0,22.0,2122750.0,2408.0
2018-01-12 14:45:00,19300.0,19300.0,19290.0,19290.0,16.0,1543200.0,2404.0
2018-01-12 14:50:00,19290.0,19290.0,19290.0,19290.0,0.0,0.0,2404.0
2018-01-12 14:55:00,19290.0,19295.0,19290.0,19295.0,4.0,385850.0,2400.0
2018-01-12 21:00:00,19200.0,19205.0,19125.0,19135.0,128.0,12259750.0,2356.0
2018-01-12 21:05:00,19130.0,19180.0,19125.0,19160.0,56.0,5362850.0,2348.0
2018-01-12 21:10:00,19180.0,19180.0,19155.0,19165.0,30.0,2875000.0,2348.0
2018-01-12 21:15:00,19165.0,19195.0,19165.0,19175.0,36.0,3453250.0,2358.0
2018-01-12 21:20:00,19200.0,19200.0,19180.0,19190.0,102.0,9782900.0,2452.0
2018-01-12 21:25:00,19180.0,19205.0,19175.0,19195.0,18.0,1727100.0,2458.0
2018-01-12 21:30:00,19185.0,19185.0,19150.0,19150.0,50.0,4792800.0,2458.0
2018-01-12 21:35:00,19160.0,19190.0,19160.0,19180.0,58.0,5562150.0,2482.0
2018-01-12 21:40:00,19185.0,19190.0,19150.0,19155.0,114.0,10925950.0,2530.0
2018-01-12 21:45:00,19155.0,19165.0,19155.0,19160.0,60.0,5747850.0,2586.0
2018-01-12 21:50:00,19175.0,19185.0,19160.0,19160.0,44.0,4216050.0,2612.0
2018-01-12 21:55:00,19160.0,19165.0,19150.0,19150.0,54.0,5172850.0,2636.0
2018-01-12 22:00:00,19155.0,19155.0,19150.0,19155.0,62.0,5937950.0,2692.0
2018-01-12 22:05:00,19180.0,19180.0,19180.0,19180.0,6.0,575300.0,2690.0
2018-01-12 22:10:00,19180.0,19195.0,19180.0,19195.0,26.0,2494950.0,2708.0
2018-01-12 22:15:00,19185.0,19215.0,19185.0,19210.0,8.0,768000.0,2710.0
2018-01-12 22:20:00,19195.0,19200.0,19180.0,19180.0,10.0,959550.0,2710.0
2018-01-12 22:25:00,19180.0,19220.0,19180.0,19205.0,18.0,1729200.0,2714.0
2018-01-12 22:30:00,19210.0,19210.0,19200.0,19200.0,4.0,384100.0,2718.0
2018-01-12 22:35:00,19200.0,19210.0,19200.0,19210.0,2.0,192100.0,2718.0
2018-01-12 22:40:00,19210.0,19210.0,19210.0,19210.0,0.0,0.0,2718.0
2018-01-12 22:45:00,19210.0,19215.0,19210.0,19215.0,2.0,192150.0,2718.0
2018-01-12 22:50:00,19215.0,19230.0,19215.0,19230.0,10.0,961350.0,2714.0
2018-01-12 22:55:00,19230.0,19230.0,19230.0,19230.0,0.0,0.0,2714.0
2018-01-12 23:00:00,19220.0,19220.0,19220.0,19220.0,2.0,192200.0,2714.0
2018-01-12 23:05:00,19220.0,19220.0,19165.0,19190.0,62.0,5947150.0,2698.0
2018-01-12 23:10:00,19190.0,19190.0,19190.0,19190.0,0.0,0.0,2698.0
2018-01-12 23:15:00,19190.0,19190.0,19190.0,19190.0,0.0,0.0,2698.0
2018-01-12 23:20:00,19190.0,19190.0,19190.0,19190.0,0.0,0.0,2698.0
2018-01-12 23:25:00,19150.0,19150.0,19150.0,19150.0,16.0,1532000.0,2686.0
2018-01-12 23:30:00,19150.0,19150.0,19125.0,19125.0,10.0,956650.0,2680.0
2018-01-12 23:35:00,19125.0,19155.0,19125.0,19155.0,2.0,191550.0,2680.0
2018-01-12 23:40:00,19155.0,19155.0,19120.0,19120.0,2.0,191200.0,2680.0
2018-01-12 23:45:00,19120.0,19120.0,19100.0,19105.0,10.0,955250.0,2680.0
2018-01-12 23:50:00,19100.0,19100.0,19100.0,19100.0,6.0,573000.0,2678.0
2018-01-12 23:55:00,19100.0,19100.0,19100.0,19100.0,6.0,573000.0,2678.0
2018-01-13 00:00:00,19100.0,19100.0,19100.0,19100.0,0.0,0.0,2678.0
2018-01-13 00:05:00,19100.0,19100.0,19100.0,19100.0,0.0,0.0,2678.0
2018-01-13 00:10:00,19100.0,19100.0,19100.0,19100.0,0.0,0.0,2678.0
2018-01-13 00:15:00,19100.0,19100.0,19100.0,19100.0,0.0,0.0,2678.0
2018-01-13 00:20:00,19100.0,19100.0,19100.0,19100.0,0.0,0.0,2678.0
2018-01-13 00:25:00,19100.0,19100.0,19100.0,19100.0,0.0,0.0,2678.0
2018-01-13 00:30:00,19100.0,19100.0,19100.0,19100.0,0.0,0.0,2678.0
2018-01-13 00:35:00,19100.0,19100.0,19100.0,19100.0,0.0,0.0,2678.0
2018-01-13 00:40:00,19100.0,19100.0,19100.0,19100.0,0.0,0.0,2678.0
2018-01-13 00:45:00,19100.0,19100.0,19100.0,19100.0,0.0,0.0,2678.0
2018-01-13 00:50:00,19100.0,19100.0,19100.0,19100.0,2.0,191000.0,2680.0
2018-01-13 00:55:00,19100.0,19100.0,19100.0,19100.0,2.0,191000.0,2682.0
2018-01-15 09:00:00,19135.0,19145.0,19130.0,19145.0,16.0,1531250.0,2682.0
2018-01-15 09:05:00,19145.0,19170.0,19145.0,19170.0,10.0,958300.0,2686.0
2018-01-15 09:10:00,19180.0,19200.0,19180.0,19200.0,12.0,1151500.0,2686.0
2018-01-15 09:15:00,19200.0,19200.0,19190.0,19190.0,8.0,767700.0,2682.0
2018-01-15 09:20:00,19195.0,19200.0,19170.0,19170.0,12.0,1151500.0,2682.0
2018-01-15 09:25:00,19170.0,19170.0,19170.0,19170.0,0.0,0.0,2682.0
2018-01-15 09:30:00,19170.0,19195.0,19170.0,19195.0,2.0,191950.0,2684.0
2018-01-15 09:35:00,19195.0,19205.0,19190.0,19190.0,14.0,1343650.0,2692.0
2018-01-15 09:40:00,19195.0,19200.0,19180.0,19180.0,32.0,3070900.0,2692.0
2018-01-15 09:45:00,19175.0,19180.0,19175.0,19175.0,18.0,1726050.0,2694.0
2018-01-15 09:50:00,19175.0,19175.0,19170.0,19170.0,4.0,383450.0,2690.0
2018-01-15 09:55:00,19150.0,19170.0,19145.0,19170.0,12.0,1149700.0,2690.0
2018-01-15 10:00:00,19165.0,19165.0,19165.0,19165.0,2.0,191650.0,2690.0
2018-01-15 10:05:00,19165.0,19165.0,19165.0,19165.0,0.0,0.0,2690.0
2018-01-15 10:10:00,19165.0,19165.0,19165.0,19165.0,0.0,0.0,2690.0
2018-01-15 10:30:00,19165.0,19175.0,19160.0,19175.0,52.0,4981950.0,2688.0
2018-01-15 10:35:00,19175.0,19175.0,19175.0,19175.0,0.0,0.0,2688.0
2018-01-15 10:40:00,19190.0,19200.0,19190.0,19200.0,4.0,383900.0,2686.0
2018-01-15 10:45:00,19200.0,19200.0,19200.0,19200.0,0.0,0.0,2686.0
2018-01-15 10:50:00,19200.0,19200.0,19170.0,19170.0,2.0,191700.0,2686.0
2018-01-15 10:55:00,19170.0,19170.0,19170.0,19170.0,0.0,0.0,2686.0
2018-01-15 11:00:00,19170.0,19170.0,19170.0,19170.0,2.0,191700.0,2688.0
2018-01-15 11:05:00,19170.0,19170.0,19170.0,19170.0,0.0,0.0,2688.0
2018-01-15 11:10:00,19170.0,19170.0,19170.0,19170.0,0.0,0.0,2688.0
2018-01-15 11:15:00,19170.0,19170.0,19170.0,19170.0,0.0,0.0,2688.0
2018-01-15 11:20:00,19170.0,19170.0,19170.0,19170.0,0.0,0.0,2688.0
2018-01-15 11:25:00,19190.0,19200.0,19190.0,19200.0,4.0,383900.0,2692.0
2018-01-15 13:30:00,19205.0,19240.0,19160.0,19230.0,74.0,7101000.0,2720.0
2018-01-15 13:35:00,19230.0,19230.0,19230.0,19230.0,0.0,0.0,2720.0
2018-01-15 13:40:00,19230.0,19230.0,19230.0,19230.0,0.0,0.0,2720.0
2018-01-15 13:45:00,19230.0,19230.0,19230.0,19230.0,0.0,0.0,2720.0
2018-01-15 13:50:00,19240.0,19240.0,19240.0,19240.0,2.0,192400.0,2720.0
2018-01-15 13:55:00,19240.0,19240.0,19235.0,19235.0,2.0,192350.0,2720.0
2018-01-15 14:00:00,19235.0,19235.0,19235.0,19235.0,0.0,0.0,2720.0
2018-01-15 14:05:00,19235.0,19235.0,19225.0,19225.0,4.0,384550.0,2718.0
2018-01-15 14:10:00,19225.0,19250.0,19225.0,19240.0,4.0,384900.0,2720.0
2018-01-15 14:15:00,19240.0,19240.0,19240.0,19240.0,0.0,0.0,2720.0
2018-01-15 14:20:00,19250.0,19250.0,19245.0,19245.0,10.0,962350.0,2722.0
2018-01-15 14:25:00,19245.0,19245.0,19205.0,19205.0,6.0,576250.0,2722.0
2018-01-15 14:30:00,19205.0,19230.0,19205.0,19230.0,2.0,192300.0,2720.0
2018-01-15 14:35:00,19230.0,19240.0,19230.0,19240.0,2.0,192400.0,2722.0
2018-01-15 14:40:00,19240.0,19250.0,19240.0,19250.0,2.0,192500.0,2722.0
2018-01-15 14:45:00,19250.0,19250.0,19250.0,19250.0,0.0,0.0,2722.0
2018-01-15 14:50:00,19250.0,19260.0,19235.0,19235.0,14.0,1347250.0,2720.0
2018-01-15 14:55:00,19235.0,19245.0,19225.0,19235.0,16.0,1538750.0,2710.0
2018-01-15 21:00:00,19255.0,19255.0,19160.0,19250.0,34.0,3269450.0,2706.0
2018-01-15 21:05:00,19250.0,19250.0,19220.0,19225.0,12.0,1153800.0,2708.0
2018-01-15 21:10:00,19225.0,19225.0,19225.0,19225.0,0.0,0.0,2708.0
2018-01-15 21:15:00,19225.0,19235.0,19225.0,19230.0,4.0,384650.0,2708.0
2018-01-15 21:20:00,19230.0,19230.0,19230.0,19230.0,0.0,0.0,2708.0
2018-01-15 21:25:00,19240.0,19240.0,19220.0,19220.0,8.0,769100.0,2710.0
2018-01-15 21:30:00,19220.0,19230.0,19220.0,19230.0,2.0,192300.0,2710.0
2018-01-15 21:35:00,19230.0,19230.0,19230.0,19230.0,0.0,0.0,2710.0
2018-01-15 21:40:00,19230.0,19230.0,19230.0,19230.0,0.0,0.0,2710.0
2018-01-15 21:45:00,19230.0,19230.0,19225.0,19225.0,6.0,576800.0,2712.0
2018-01-15 21:50:00,19220.0,19220.0,19220.0,19220.0,2.0,192200.0,2714.0
2018-01-15 21:55:00,19220.0,19220.0,19215.0,19215.0,2.0,192150.0,2716.0
2018-01-15 22:00:00,19215.0,19215.0,19215.0,19215.0,2.0,192150.0,2716.0
2018-01-15 22:05:00,19215.0,19215.0,19215.0,19215.0,0.0,0.0,2716.0
2018-01-15 22:10:00,19215.0,19215.0,19200.0,19200.0,10.0,960000.0,2724.0
2018-01-15 22:15:00,19205.0,19205.0,19190.0,19190.0,10.0,959750.0,2722.0
2018-01-15 22:20:00,19200.0,19200.0,19200.0,19200.0,2.0,192000.0,2720.0
2018-01-15 22:25:00,19210.0,19210.0,19210.0,19210.0,2.0,192100.0,2722.0
2018-01-15 22:30:00,19210.0,19210.0,19210.0,19210.0,0.0,0.0,2722.0
2018-01-15 22:35:00,19210.0,19210.0,19210.0,19210.0,0.0,0.0,2722.0
2018-01-15 22:40:00,19210.0,19210.0,19210.0,19210.0,0.0,0.0,2722.0
2018-01-15 22:45:00,19210.0,19225.0,19210.0,19215.0,8.0,768900.0,2716.0
2018-01-15 22:50:00,19215.0,19215.0,19215.0,19215.0,0.0,0.0,2716.0
2018-01-15 22:55:00,19215.0,19215.0,19215.0,19215.0,0.0,0.0,2716.0
2018-01-15 23:00:00,19215.0,19215.0,19215.0,19215.0,0.0,0.0,2716.0
2018-01-15 23:05:00,19215.0,19215.0,19215.0,19215.0,0.0,0.0,2716.0
2018-01-15 23:10:00,19215.0,19215.0,19215.0,19215.0,0.0,0.0,2716.0
2018-01-15 23:15:00,19215.0,19215.0,19215.0,19215.0,0.0,0.0,2716.0
2018-01-15 23:20:00,19215.0,19215.0,19215.0,19215.0,0.0,0.0,2716.0
2018-01-15 23:25:00,19215.0,19215.0,19215.0,19215.0,0.0,0.0,2716.0
2018-01-15 23:30:00,19240.0,19240.0,19240.0,19240.0,2.0,192400.0,2716.0
2018-01-15 23:35:00,19240.0,19240.0,19240.0,19240.0,0.0,0.0,2716.0
2018-01-15 23:40:00,19240.0,19240.0,19240.0,19240.0,0.0,0.0,2716.0
2018-01-15 23:45:00,19240.0,19240.0,19240.0,19240.0,0.0,0.0,2716.0
2018-01-15 23:50:00,19240.0,19240.0,19240.0,19240.0,0.0,0.0,2716.0
2018-01-15 23:55:00,19240.0,19240.0,19240.0,19240.0,0.0,0.0,2716.0
2018-01-16 00:00:00,19240.0,19240.0,19240.0,19240.0,0.0,0.0,2716.0
2018-01-16 00:05:00,19240.0,19240.0,19240.0,19240.0,0.0,0.0,2716.0
2018-01-16 00:10:00,19240.0,19240.0,19240.0,19240.0,0.0,0.0,2716.0
2018-01-16 00:15:00,19240.0,19240.0,19240.0,19240.0,0.0,0.0,2716.0
2018-01-16 00:20:00,19240.0,19240.0,19230.0,19235.0,12.0,1154050.0,2722.0
2018-01-16 00:25:00,19235.0,19235.0,19235.0,19235.0,0.0,0.0,2722.0
2018-01-16 00:30:00,19235.0,19235.0,19235.0,19235.0,0.0,0.0,2722.0
2018-01-16 00:35:00,19235.0,19235.0,19235.0,19235.0,0.0,0.0,2722.0
2018-01-16 00:40:00,19235.0,19235.0,19235.0,19235.0,0.0,0.0,2722.0
2018-01-16 00:45:00,19235.0,19235.0,19235.0,19235.0,0.0,0.0,2722.0
2018-01-16 00:50:00,19235.0,19235.0,19235.0,19235.0,0.0,0.0,2722.0
2018-01-16 00:55:00,19235.0,19245.0,19235.0,19245.0,2.0,192450.0,2722.0
2018-01-16 09:00:00,19245.0,19245.0,19200.0,19200.0,4.0,384150.0,2724.0
2018-01-16 09:05:00,19200.0,19200.0,19185.0,19190.0,6.0,575700.0,2726.0
2018-01-16 09:10:00,19165.0,19165.0,19165.0,19165.0,2.0,191650.0,2726.0
2018-01-16 09:15:00,19165.0,19165.0,19165.0,19165.0,0.0,0.0,2726.0
2018-01-16 09:20:00,19165.0,19165.0,19165.0,19165.0,2.0,191650.0,2724.0
2018-01-16 09:25:00,19165.0,19170.0,19150.0,19160.0,12.0,1149550.0,2722.0
2018-01-16 09:30:00,19160.0,19165.0,19160.0,19165.0,4.0,383250.0,2722.0
2018-01-16 09:35:00,19155.0,19155.0,19135.0,19135.0,4.0,382900.0,2722.0
2018-01-16 09:40:00,19135.0,19135.0,19135.0,19135.0,2.0,191350.0,2722.0
2018-01-16 09:45:00,19135.0,19135.0,19135.0,19135.0,0.0,0.0,2722.0
2018-01-16 09:50:00,19135.0,19135.0,19110.0,19110.0,4.0,382350.0,2726.0
2018-01-16 09:55:00,19100.0,19130.0,19100.0,19130.0,18.0,1719450.0,2724.0
2018-01-16 10:00:00,19115.0,19115.0,19080.0,19090.0,28.0,2673000.0,2730.0
2018-01-16 10:05:00,19070.0,19090.0,19070.0,19075.0,8.0,763100.0,2730.0
2018-01-16 10:10:00,19085.0,19095.0,19080.0,19080.0,8.0,763450.0,2732.0
2018-01-16 10:30:00,19095.0,19095.0,19085.0,19085.0,18.0,1718200.0,2742.0
2018-01-16 10:35:00,19080.0,19105.0,19080.0,19105.0,104.0,9928950.0,2732.0
2018-01-16 10:40:00,19105.0,19105.0,19095.0,19095.0,4.0,382000.0,2732.0
2018-01-16 10:45:00,19095.0,19095.0,19095.0,19095.0,0.0,0.0,2732.0
2018-01-16 10:50:00,19095.0,19095.0,19095.0,19095.0,0.0,0.0,2732.0
2018-01-16 10:55:00,19095.0,19095.0,19080.0,19080.0,2.0,190800.0,2734.0
2018-01-16 11:00:00,19075.0,19075.0,19055.0,19060.0,108.0,10299800.0,2728.0
2018-01-16 11:05:00,19055.0,19055.0,19035.0,19050.0,22.0,2095350.0,2734.0
2018-01-16 11:10:00,19060.0,19060.0,19060.0,19060.0,2.0,190600.0,2736.0
2018-01-16 11:15:00,19060.0,19060.0,19060.0,19060.0,0.0,0.0,2736.0
2018-01-16 11:20:00,19070.0,19070.0,19045.0,19045.0,38.0,3622800.0,2724.0
2018-01-16 11:25:00,19045.0,19055.0,19040.0,19055.0,4.0,380950.0,2722.0
2018-01-16 13:30:00,19060.0,19065.0,19060.0,19060.0,10.0,953100.0,2732.0
2018-01-16 13:35:00,19060.0,19060.0,19045.0,19045.0,2.0,190450.0,2730.0
2018-01-16 13:40:00,19045.0,19045.0,19040.0,19045.0,6.0,571250.0,2728.0
2018-01-16 13:45:00,19030.0,19030.0,19005.0,19030.0,16.0,1521550.0,2732.0
2018-01-16 13:50:00,19025.0,19050.0,19020.0,19050.0,28.0,2665450.0,2726.0
2018-01-16 13:55:00,19050.0,19050.0,19040.0,19040.0,46.0,4380250.0,2734.0
2018-01-16 14:00:00,19040.0,19040.0,18975.0,18980.0,60.0,5695350.0,2744.0
2018-01-16 14:05:00,18970.0,18970.0,18810.0,18945.0,198.0,18675300.0,2782.0
2018-01-16 14:10:00,18945.0,18965.0,18930.0,18945.0,10.0,947250.0,2780.0
2018-01-16 14:15:00,18945.0,18945.0,18940.0,18940.0,16.0,1515450.0,2774.0
2018-01-16 14:20:00,18925.0,18940.0,18920.0,18940.0,14.0,1325250.0,2768.0
2018-01-16 14:25:00,18940.0,18940.0,18935.0,18940.0,40.0,3787950.0,2792.0
2018-01-16 14:30:00,18930.0,18965.0,18920.0,18965.0,30.0,2841250.0,2802.0
2018-01-16 14:35:00,18965.0,18970.0,18935.0,18970.0,22.0,2084650.0,2800.0
2018-01-16 14:40:00,18985.0,18990.0,18970.0,18970.0,56.0,5313000.0,2838.0
2018-01-16 14:45:00,18955.0,18955.0,18925.0,18945.0,20.0,1894350.0,2850.0
2018-01-16 14:50:00,18930.0,19125.0,18900.0,18940.0,136.0,12916250.0,2840.0
2018-01-16 14:55:00,18940.0,18965.0,18900.0,18900.0,44.0,4166400.0,2840.0
2018-01-16 21:00:00,18845.0,18940.0,18845.0,18940.0,40.0,3781800.0,2848.0
2018-01-16 21:05:00,18940.0,18980.0,18900.0,18910.0,36.0,3404250.0,2858.0
2018-01-16 21:10:00,18905.0,18905.0,18905.0,18905.0,2.0,189050.0,2858.0
2018-01-16 21:15:00,18905.0,18905.0,18870.0,18870.0,4.0,377450.0,2862.0
2018-01-16 21:20:00,18870.0,18875.0,18870.0,18875.0,10.0,943550.0,2860.0
2018-01-16 21:25:00,18875.0,18880.0,18875.0,18880.0,6.0,566400.0,2856.0
2018-01-16 21:30:00,18880.0,18880.0,18875.0,18875.0,6.0,566300.0,2858.0
2018-01-16 21:35:00,18875.0,18890.0,18875.0,18890.0,18.0,1699300.0,2864.0
2018-01-16 21:40:00,18890.0,18910.0,18885.0,18910.0,8.0,756100.0,2866.0
2018-01-16 21:45:00,18910.0,18910.0,18885.0,18885.0,2.0,188850.0,2868.0
2018-01-16 21:50:00,18880.0,18880.0,18880.0,18880.0,4.0,377600.0,2872.0
2018-01-16 21:55:00,18880.0,18885.0,18880.0,18885.0,2.0,188850.0,2872.0
2018-01-16 22:00:00,18885.0,18890.0,18880.0,18890.0,20.0,1888900.0,2886.0
2018-01-16 22:05:00,18890.0,18890.0,18890.0,18890.0,0.0,0.0,2886.0
2018-01-16 22:10:00,18890.0,18890.0,18870.0,18890.0,8.0,755300.0,2884.0
2018-01-16 22:15:00,18890.0,18890.0,18890.0,18890.0,0.0,0.0,2884.0
2018-01-16 22:20:00,18890.0,18935.0,18890.0,18935.0,4.0,378650.0,2886.0
2018-01-16 22:25:00,18940.0,18975.0,18940.0,18970.0,60.0,5689400.0,2910.0
2018-01-16 22:30:00,18970.0,18970.0,18970.0,18970.0,0.0,0.0,2910.0
2018-01-16 22:35:00,18980.0,18980.0,18970.0,18970.0,14.0,1328300.0,2904.0
2018-01-16 22:40:00,18970.0,18970.0,18970.0,18970.0,16.0,1517600.0,2896.0
2018-01-16 22:45:00,18970.0,18970.0,18970.0,18970.0,8.0,758800.0,2890.0
2018-01-16 22:50:00,18970.0,18970.0,18965.0,18965.0,8.0,758750.0,2884.0
2018-01-16 22:55:00,18970.0,18985.0,18965.0,18985.0,16.0,1517650.0,2880.0
2018-01-16 23:00:00,18985.0,18985.0,18985.0,18985.0,0.0,0.0,2880.0
2018-01-16 23:05:00,18985.0,18985.0,18985.0,18985.0,0.0,0.0,2880.0
2018-01-16 23:10:00,18985.0,18985.0,18985.0,18985.0,0.0,0.0,2880.0
2018-01-16 23:15:00,18985.0,19010.0,18975.0,19010.0,10.0,949850.0,2880.0
2018-01-16 23:20:00,19010.0,19010.0,19010.0,19010.0,0.0,0.0,2880.0
2018-01-16 23:25:00,19010.0,19010.0,19010.0,19010.0,0.0,0.0,2880.0
2018-01-16 23:30:00,19010.0,19010.0,18970.0,18970.0,2.0,189700.0,2882.0
2018-01-16 23:35:00,18970.0,18970.0,18970.0,18970.0,0.0,0.0,2882.0
2018-01-16 23:40:00,18970.0,19000.0,18970.0,19000.0,4.0,379950.0,2880.0
2018-01-16 23:45:00,19000.0,19000.0,19000.0,19000.0,0.0,0.0,2880.0
2018-01-16 23:50:00,19000.0,19000.0,19000.0,19000.0,0.0,0.0,2880.0
2018-01-16 23:55:00,19000.0,19020.0,19000.0,19020.0,2.0,190200.0,2878.0
2018-01-17 00:00:00,19020.0,19020.0,19020.0,19020.0,0.0,0.0,2878.0
2018-01-17 00:05:00,18990.0,18990.0,18990.0,18990.0,2.0,189900.0,2880.0
2018-01-17 00:10:00,18990.0,18990.0,18990.0,18990.0,0.0,0.0,2880.0
2018-01-17 00:15:00,18990.0,18990.0,18990.0,18990.0,0.0,0.0,2880.0
2018-01-17 00:20:00,18990.0,18990.0,18990.0,18990.0,0.0,0.0,2880.0
2018-01-17 00:25:00,18990.0,19050.0,18990.0,19050.0,6.0,571450.0,2882.0
2018-01-17 00:30:00,19050.0,19050.0,19050.0,19050.0,0.0,0.0,2882.0
2018-01-17 00:35:00,19050.0,19050.0,19050.0,19050.0,0.0,0.0,2882.0
2018-01-17 00:40:00,19050.0,19050.0,19050.0,19050.0,0.0,0.0,2882.0
2018-01-17 00:45:00,19050.0,19050.0,19050.0,19050.0,0.0,0.0,2882.0
2018-01-17 00:50:00,19050.0,19050.0,19050.0,19050.0,0.0,0.0,2882.0
2018-01-17 00:55:00,19050.0,19050.0,19050.0,19050.0,0.0,0.0,2882.0
2018-01-17 09:00:00,19050.0,19050.0,19050.0,19050.0,0.0,0.0,2882.0
2018-01-17 09:05:00,19070.0,19110.0,19070.0,19110.0,24.0,2291200.0,2886.0
2018-01-17 09:10:00,19110.0,19110.0,19075.0,19075.0,6.0,572750.0,2886.0
2018-01-17 09:15:00,19075.0,19100.0,19075.0,19100.0,6.0,572700.0,2880.0
2018-01-17 09:20:00,19130.0,19150.0,19130.0,19150.0,20.0,1913800.0,2876.0
2018-01-17 09:25:00,19150.0,19150.0,19125.0,19135.0,30.0,2870150.0,2888.0
2018-01-17 09:30:00,19135.0,19150.0,19115.0,19150.0,26.0,2487900.0,2890.0
2018-01-17 09:35:00,19140.0,19150.0,19140.0,19140.0,38.0,3637150.0,2902.0
2018-01-17 09:40:00,19140.0,19140.0,19140.0,19140.0,0.0,0.0,2902.0
2018-01-17 09:45:00,19145.0,19145.0,19125.0,19125.0,48.0,4593850.0,2902.0
2018-01-17 09:50:00,19130.0,19145.0,19130.0,19145.0,8.0,765650.0,2902.0
2018-01-17 09:55:00,19145.0,19145.0,19145.0,19145.0,0.0,0.0,2902.0
2018-01-17 10:00:00,19165.0,19200.0,19160.0,19195.0,26.0,2493400.0,2900.0
2018-01-17 10:05:00,19195.0,19195.0,19175.0,19175.0,6.0,575450.0,2902.0
2018-01-17 10:10:00,19140.0,19140.0,19125.0,19130.0,12.0,1147950.0,2906.0
2018-01-17 10:30:00,19130.0,19155.0,19130.0,19150.0,16.0,1532050.0,2908.0
2018-01-17 10:35:00,19155.0,19170.0,19150.0,19170.0,26.0,2490950.0,2922.0
2018-01-17 10:40:00,19175.0,19185.0,19165.0,19175.0,62.0,5945150.0,2950.0
2018-01-17 10:45:00,19175.0,19180.0,19175.0,19180.0,4.0,383600.0,2952.0
2018-01-17 10:50:00,19180.0,19180.0,19165.0,19165.0,10.0,958650.0,2956.0
2018-01-17 10:55:00,19165.0,19165.0,19160.0,19160.0,6.0,574800.0,2952.0
2018-01-17 11:00:00,19160.0,19160.0,19160.0,19160.0,0.0,0.0,2952.0
2018-01-17 11:05:00,19160.0,19160.0,19145.0,19145.0,4.0,382900.0,2948.0
2018-01-17 11:10:00,19145.0,19145.0,19145.0,19145.0,0.0,0.0,2948.0
2018-01-17 11:15:00,19145.0,19150.0,19145.0,19150.0,14.0,1340450.0,2950.0
2018-01-17 11:20:00,19150.0,19155.0,19150.0,19155.0,14.0,1340800.0,2964.0
2018-01-17 11:25:00,19155.0,19165.0,19155.0,19165.0,2.0,191650.0,2964.0
2018-01-17 13:30:00,19170.0,19170.0,19150.0,19160.0,10.0,957950.0,2968.0
2018-01-17 13:35:00,19160.0,19160.0,19140.0,19145.0,20.0,1914650.0,2976.0
2018-01-17 13:40:00,19145.0,19150.0,19135.0,19140.0,186.0,17802300.0,3086.0
2018-01-17 13:45:00,19145.0,19145.0,19140.0,19140.0,12.0,1148450.0,3088.0
2018-01-17 13:50:00,19140.0,19140.0,19130.0,19130.0,12.0,1148200.0,3086.0
2018-01-17 13:55:00,19130.0,19150.0,19130.0,19135.0,26.0,2487600.0,3088.0
2018-01-17 14:00:00,19135.0,19145.0,19135.0,19145.0,18.0,1722550.0,3096.0
2018-01-17 14:05:00,19150.0,19150.0,19140.0,19140.0,12.0,1148750.0,3098.0
2018-01-17 14:10:00,19140.0,19140.0,19125.0,19125.0,26.0,2487450.0,3104.0
2018-01-17 14:15:00,19130.0,19140.0,19100.0,19125.0,44.0,4206350.0,3120.0
2018-01-17 14:20:00,19130.0,19140.0,19120.0,19140.0,42.0,4016250.0,3150.0
2018-01-17 14:25:00,19135.0,19175.0,19135.0,19175.0,12.0,1149100.0,3154.0
2018-01-17 14:30:00,19175.0,19200.0,19175.0,19200.0,54.0,5181350.0,3180.0
2018-01-17 14:35:00,19190.0,19205.0,19155.0,19155.0,84.0,8057500.0,3226.0
2018-01-17 14:40:00,19150.0,19160.0,19125.0,19150.0,86.0,8232150.0,3282.0
2018-01-17 14:45:00,19145.0,19160.0,19140.0,19140.0,14.0,1340400.0,3284.0
2018-01-17 14:50:00,19140.0,19185.0,19140.0,19175.0,4.0,383600.0,3284.0
2018-01-17 14:55:00,19165.0,19195.0,19165.0,19165.0,12.0,1150900.0,3288.0
2018-01-17 21:00:00,19100.0,19145.0,19100.0,19135.0,10.0,956800.0,3290.0
2018-01-17 21:05:00,19135.0,19135.0,19135.0,19135.0,8.0,765400.0,3296.0
2018-01-17 21:10:00,19135.0,19135.0,19125.0,19135.0,6.0,573900.0,3298.0
2018-01-17 21:15:00,19135.0,19140.0,19135.0,19140.0,4.0,382750.0,3300.0
2018-01-17 21:20:00,19130.0,19145.0,19130.0,19145.0,24.0,2296200.0,3318.0
2018-01-17 21:25:00,19120.0,19130.0,19120.0,19120.0,16.0,1529900.0,3318.0
2018-01-17 21:30:00,19130.0,19130.0,19130.0,19130.0,20.0,1913000.0,3336.0
2018-01-17 21:35:00,19150.0,19155.0,19150.0,19150.0,42.0,4021550.0,3316.0
2018-01-17 21:40:00,19150.0,19150.0,19140.0,19140.0,68.0,6509950.0,3354.0
2018-01-17 21:45:00,19140.0,19165.0,19120.0,19165.0,28.0,2679400.0,3362.0
2018-01-17 21:50:00,19165.0,19165.0,19160.0,19160.0,4.0,383200.0,3362.0
2018-01-17 21:55:00,19165.0,19165.0,19165.0,19165.0,4.0,383300.0,3362.0
2018-01-17 22:00:00,19165.0,19165.0,19165.0,19165.0,0.0,0.0,3362.0
2018-01-17 22:05:00,19165.0,19165.0,19165.0,19165.0,0.0,0.0,3362.0
2018-01-17 22:10:00,19165.0,19165.0,19135.0,19135.0,30.0,2871950.0,3378.0
2018-01-17 22:15:00,19130.0,19140.0,19120.0,19140.0,46.0,4399350.0,3408.0
2018-01-17 22:20:00,19140.0,19140.0,19105.0,19105.0,28.0,2675450.0,3422.0
2018-01-17 22:25:00,19110.0,19135.0,19110.0,19135.0,6.0,573800.0,3426.0
2018-01-17 22:30:00,19130.0,19130.0,19110.0,19120.0,6.0,573600.0,3430.0
2018-01-17 22:35:00,19120.0,19120.0,19095.0,19115.0,50.0,4776300.0,3412.0
2018-01-17 22:40:00,19115.0,19115.0,19100.0,19100.0,4.0,382100.0,3412.0
2018-01-17 22:45:00,19120.0,19125.0,19070.0,19070.0,10.0,954950.0,3410.0
2018-01-17 22:50:00,19070.0,19095.0,19070.0,19095.0,44.0,4199900.0,3366.0
2018-01-17 22:55:00,19095.0,19095.0,19095.0,19095.0,0.0,0.0,3366.0
2018-01-17 23:00:00,19090.0,19090.0,19070.0,19070.0,8.0,763000.0,3366.0
2018-01-17 23:05:00,19070.0,19070.0,19070.0,19070.0,0.0,0.0,3366.0
2018-01-17 23:10:00,19070.0,19070.0,19070.0,19070.0,0.0,0.0,3366.0
2018-01-17 23:15:00,19070.0,19110.0,19070.0,19110.0,4.0,382100.0,3370.0
2018-01-17 23:20:00,19110.0,19110.0,19110.0,19110.0,2.0,191100.0,3372.0
2018-01-17 23:25:00,19090.0,19090.0,19075.0,19085.0,16.0,1527000.0,3388.0
2018-01-17 23:30:00,19085.0,19085.0,19070.0,19070.0,2.0,190700.0,3388.0
2018-01-17 23:35:00,19070.0,19070.0,19070.0,19070.0,0.0,0.0,3388.0
2018-01-17 23:40:00,19070.0,19070.0,19070.0,19070.0,0.0,0.0,3388.0
2018-01-17 23:45:00,19070.0,19070.0,19070.0,19070.0,0.0,0.0,3388.0
2018-01-17 23:50:00,19070.0,19070.0,19070.0,19070.0,0.0,0.0,3388.0
2018-01-17 23:55:00,19070.0,19070.0,19070.0,19070.0,0.0,0.0,3388.0
2018-01-18 00:00:00,19070.0,19070.0,19070.0,19070.0,0.0,0.0,3388.0
2018-01-18 00:05:00,19070.0,19070.0,19070.0,19070.0,0.0,0.0,3388.0
2018-01-18 00:10:00,19070.0,19070.0,19070.0,19070.0,0.0,0.0,3388.0
2018-01-18 00:15:00,19070.0,19070.0,19070.0,19070.0,2.0,190700.0,3386.0
2018-01-18 00:20:00,19070.0,19070.0,19070.0,19070.0,0.0,0.0,3386.0
2018-01-18 00:25:00,19070.0,19070.0,19070.0,19070.0,0.0,0.0,3386.0
2018-01-18 00:30:00,19070.0,19070.0,19070.0,19070.0,0.0,0.0,3386.0
2018-01-18 00:35:00,19070.0,19070.0,19070.0,19070.0,0.0,0.0,3386.0
2018-01-18 00:40:00,19070.0,19070.0,19070.0,19070.0,0.0,0.0,3386.0
2018-01-18 00:45:00,19070.0,19070.0,19070.0,19070.0,0.0,0.0,3386.0
2018-01-18 00:50:00,19070.0,19070.0,19070.0,19070.0,0.0,0.0,3386.0
2018-01-18 00:55:00,19070.0,19070.0,19070.0,19070.0,0.0,0.0,3386.0
2018-01-18 09:00:00,19145.0,19150.0,19145.0,19145.0,12.0,1148750.0,3394.0
2018-01-18 09:05:00,19150.0,19200.0,19150.0,19200.0,14.0,1342650.0,3398.0
2018-01-18 09:10:00,19210.0,19210.0,19175.0,19185.0,34.0,3261250.0,3424.0
2018-01-18 09:15:00,19200.0,19200.0,19170.0,19170.0,14.0,1342700.0,3434.0
2018-01-18 09:20:00,19170.0,19170.0,19170.0,19170.0,8.0,766800.0,3440.0
2018-01-18 09:25:00,19200.0,19200.0,19185.0,19200.0,60.0,5759150.0,3484.0
2018-01-18 09:30:00,19200.0,19240.0,19200.0,19200.0,12.0,1152600.0,3488.0
2018-01-18 09:35:00,19200.0,19200.0,19200.0,19200.0,0.0,0.0,3488.0
2018-01-18 09:40:00,19200.0,19200.0,19200.0,19200.0,0.0,0.0,3488.0
2018-01-18 09:45:00,19210.0,19210.0,19195.0,19195.0,4.0,384050.0,3488.0
2018-01-18 09:50:00,19195.0,19195.0,19195.0,19195.0,0.0,0.0,3488.0
2018-01-18 09:55:00,19195.0,19205.0,19195.0,19205.0,10.0,960250.0,3484.0
2018-01-18 10:00:00,19205.0,19215.0,19205.0,19210.0,40.0,3841950.0,3486.0
2018-01-18 10:05:00,19205.0,19215.0,19205.0,19215.0,16.0,1537100.0,3486.0
2018-01-18 10:10:00,19215.0,19215.0,19215.0,19215.0,0.0,0.0,3486.0
2018-01-18 10:30:00,19215.0,19215.0,19215.0,19215.0,0.0,0.0,3486.0
2018-01-18 10:35:00,19215.0,19225.0,19215.0,19225.0,6.0,576750.0,3486.0
2018-01-18 10:40:00,19225.0,19225.0,19225.0,19225.0,0.0,0.0,3486.0
2018-01-18 10:45:00,19225.0,19230.0,19220.0,19220.0,62.0,5958300.0,3510.0
2018-01-18 10:50:00,19220.0,19220.0,19210.0,19210.0,6.0,576350.0,3512.0
2018-01-18 10:55:00,19215.0,19220.0,19215.0,19220.0,14.0,1345350.0,3518.0
2018-01-18 11:00:00,19220.0,19230.0,19215.0,19215.0,16.0,1537650.0,3528.0
2018-01-18 11:05:00,19220.0,19225.0,19220.0,19220.0,136.0,13069650.0,3558.0
2018-01-18 11:10:00,19220.0,19220.0,19215.0,19215.0,8.0,768600.0,3558.0
2018-01-18 11:15:00,19215.0,19215.0,19215.0,19215.0,0.0,0.0,3558.0
2018-01-18 11:20:00,19215.0,19235.0,19215.0,19225.0,14.0,1346150.0,3564.0
2018-01-18 11:25:00,19225.0,19235.0,19225.0,19230.0,122.0,11728500.0,3672.0
2018-01-18 13:30:00,19230.0,19280.0,19230.0,19270.0,24.0,2309900.0,3678.0
2018-01-18 13:35:00,19270.0,19270.0,19270.0,19270.0,4.0,385400.0,3682.0
2018-01-18 13:40:00,19250.0,19280.0,19250.0,19280.0,24.0,2312000.0,3684.0
2018-01-18 13:45:00,19280.0,19290.0,19270.0,19270.0,142.0,13687600.0,3640.0
2018-01-18 13:50:00,19270.0,19270.0,19270.0,19270.0,8.0,770800.0,3640.0
2018-01-18 13:55:00,19275.0,19280.0,19245.0,19270.0,278.0,26781000.0,3660.0
2018-01-18 14:00:00,19270.0,19275.0,19260.0,19260.0,136.0,13099500.0,3720.0
2018-01-18 14:05:00,19260.0,19265.0,19250.0,19265.0,134.0,12905200.0,3774.0
2018-01-18 14:10:00,19265.0,19265.0,19265.0,19265.0,0.0,0.0,3774.0
2018-01-18 14:15:00,19260.0,19260.0,19255.0,19255.0,4.0,385150.0,3774.0
2018-01-18 14:20:00,19255.0,19255.0,19240.0,19240.0,26.0,2501250.0,3758.0
2018-01-18 14:25:00,19240.0,19240.0,19240.0,19240.0,10.0,962000.0,3748.0
2018-01-18 14:30:00,19240.0,19250.0,19240.0,19250.0,10.0,962100.0,3750.0
2018-01-18 14:35:00,19250.0,19250.0,19225.0,19250.0,78.0,7501400.0,3732.0
2018-01-18 14:40:00,19250.0,19260.0,19250.0,19260.0,6.0,577700.0,3730.0
2018-01-18 14:45:00,19260.0,19265.0,19260.0,19265.0,2.0,192650.0,3728.0
2018-01-18 14:50:00,19265.0,19265.0,19235.0,19250.0,126.0,12124750.0,3748.0
2018-01-18 14:55:00,19240.0,19250.0,19225.0,19240.0,148.0,14234500.0,3738.0
2018-01-18 21:00:00,19265.0,19380.0,19265.0,19335.0,84.0,8127700.0,3714.0
2018-01-18 21:05:00,19310.0,19330.0,19310.0,19330.0,20.0,1932550.0,3720.0
2018-01-18 21:10:00,19325.0,19360.0,19325.0,19330.0,52.0,5027350.0,3752.0
2018-01-18 21:15:00,19330.0,19340.0,19330.0,19340.0,22.0,2126400.0,3772.0
2018-01-18 21:20:00,19340.0,19360.0,19340.0,19360.0,18.0,1742250.0,3776.0
2018-01-18 21:25:00,19360.0,19380.0,19360.0,19375.0,22.0,2130700.0,3774.0
2018-01-18 21:30:00,19395.0,19395.0,19380.0,19380.0,66.0,6399050.0,3752.0
2018-01-18 21:35:00,19380.0,19385.0,19365.0,19365.0,12.0,1162400.0,3748.0
2018-01-18 21:40:00,19365.0,19380.0,19365.0,19365.0,4.0,387450.0,3750.0
2018-01-18 21:45:00,19365.0,19375.0,19360.0,19360.0,4.0,387350.0,3750.0
2018-01-18 21:50:00,19360.0,19360.0,19340.0,19340.0,8.0,773650.0,3758.0
2018-01-18 21:55:00,19340.0,19350.0,19340.0,19350.0,4.0,387000.0,3756.0
2018-01-18 22:00:00,19350.0,19360.0,19345.0,19345.0,16.0,1548500.0,3744.0
2018-01-18 22:05:00,19355.0,19355.0,19355.0,19355.0,2.0,193550.0,3742.0
2018-01-18 22:10:00,19320.0,19345.0,19315.0,19345.0,16.0,1546400.0,3738.0
2018-01-18 22:15:00,19340.0,19360.0,19340.0,19355.0,126.0,12190400.0,3780.0
2018-01-18 22:20:00,19355.0,19355.0,19330.0,19330.0,16.0,1546350.0,3776.0
2018-01-18 22:25:00,19330.0,19335.0,19310.0,19335.0,22.0,2125100.0,3780.0
2018-01-18 22:30:00,19335.0,19335.0,19315.0,19315.0,10.0,965900.0,3784.0
2018-01-18 22:35:00,19315.0,19330.0,19315.0,19330.0,16.0,1545500.0,3784.0
2018-01-18 22:40:00,19330.0,19330.0,19330.0,19330.0,0.0,0.0,3784.0
2018-01-18 22:45:00,19330.0,19330.0,19330.0,19330.0,0.0,0.0,3784.0
2018-01-18 22:50:00,19330.0,19330.0,19330.0,19330.0,0.0,0.0,3784.0
2018-01-18 22:55:00,19330.0,19355.0,19330.0,19355.0,10.0,967450.0,3786.0
2018-01-18 23:00:00,19355.0,19355.0,19355.0,19355.0,0.0,0.0,3786.0
2018-01-18 23:05:00,19355.0,19365.0,19350.0,19365.0,10.0,967750.0,3788.0
2018-01-18 23:10:00,19365.0,19365.0,19365.0,19365.0,0.0,0.0,3788.0
2018-01-18 23:15:00,19360.0,19375.0,19360.0,19375.0,18.0,1742650.0,3792.0
2018-01-18 23:20:00,19375.0,19395.0,19370.0,19395.0,28.0,2714500.0,3802.0
2018-01-18 23:25:00,19390.0,19395.0,19390.0,19390.0,8.0,775650.0,3808.0
2018-01-18 23:30:00,19390.0,19395.0,19390.0,19395.0,2.0,193950.0,3808.0
2018-01-18 23:35:00,19395.0,19400.0,19390.0,19390.0,20.0,1939600.0,3826.0
2018-01-18 23:40:00,19390.0,19390.0,19390.0,19390.0,0.0,0.0,3826.0
2018-01-18 23:45:00,19390.0,19390.0,19375.0,19375.0,4.0,387550.0,3828.0
2018-01-18 23:50:00,19375.0,19390.0,19375.0,19390.0,2.0,193900.0,3828.0
2018-01-18 23:55:00,19390.0,19390.0,19385.0,19385.0,6.0,581650.0,3830.0
2018-01-19 00:00:00,19385.0,19385.0,19385.0,19385.0,0.0,0.0,3830.0
2018-01-19 00:05:00,19385.0,19385.0,19385.0,19385.0,0.0,0.0,3830.0
2018-01-19 00:10:00,19385.0,19390.0,19385.0,19390.0,2.0,193900.0,3832.0
2018-01-19 00:15:00,19390.0,19390.0,19390.0,19390.0,0.0,0.0,3832.0
2018-01-19 00:20:00,19390.0,19390.0,19390.0,19390.0,0.0,0.0,3832.0
2018-01-19 00:25:00,19390.0,19390.0,19390.0,19390.0,0.0,0.0,3832.0
2018-01-19 00:30:00,19390.0,19390.0,19390.0,19390.0,0.0,0.0,3832.0
2018-01-19 00:35:00,19390.0,19390.0,19390.0,19390.0,0.0,0.0,3832.0
2018-01-19 00:40:00,19390.0,19390.0,19390.0,19390.0,0.0,0.0,3832.0
2018-01-19 00:45:00,19390.0,19390.0,19390.0,19390.0,0.0,0.0,3832.0
2018-01-19 00:50:00,19390.0,19400.0,19390.0,19400.0,88.0,8536000.0,3914.0
2018-01-19 00:55:00,19400.0,19400.0,19400.0,19400.0,0.0,0.0,3914.0
2018-01-19 09:00:00,19400.0,19405.0,19375.0,19400.0,30.0,2908250.0,3912.0
2018-01-19 09:05:00,19400.0,19400.0,19390.0,19390.0,6.0,581700.0,3910.0
2018-01-19 09:10:00,19390.0,19390.0,19370.0,19390.0,18.0,1744300.0,3916.0
2018-01-19 09:15:00,19390.0,19390.0,19390.0,19390.0,30.0,2908500.0,3900.0
2018-01-19 09:20:00,19385.0,19435.0,19385.0,19415.0,84.0,8153900.0,3920.0
2018-01-19 09:25:00,19415.0,19420.0,19415.0,19420.0,28.0,2718800.0,3948.0
2018-01-19 09:30:00,19425.0,19455.0,19425.0,19450.0,38.0,3695100.0,3968.0
2018-01-19 09:35:00,19445.0,19445.0,19435.0,19435.0,8.0,777600.0,3968.0
2018-01-19 09:40:00,19435.0,19440.0,19425.0,19425.0,10.0,971650.0,3976.0
2018-01-19 09:45:00,19420.0,19420.0,19410.0,19415.0,38.0,3688650.0,4002.0
2018-01-19 09:50:00,19415.0,19415.0,19410.0,19410.0,8.0,776400.0,4010.0
2018-01-19 09:55:00,19410.0,19430.0,19410.0,19430.0,4.0,388600.0,4012.0
2018-01-19 10:00:00,19430.0,19430.0,19425.0,19425.0,4.0,388550.0,4014.0
2018-01-19 10:05:00,19425.0,19425.0,19415.0,19415.0,42.0,4077700.0,4014.0
2018-01-19 10:10:00,19415.0,19415.0,19385.0,19385.0,30.0,2910800.0,4012.0
2018-01-19 10:30:00,19385.0,19405.0,19385.0,19405.0,4.0,388050.0,4012.0
2018-01-19 10:35:00,19405.0,19415.0,19400.0,19415.0,10.0,970400.0,4014.0
2018-01-19 10:40:00,19415.0,19425.0,19415.0,19415.0,56.0,5437700.0,4020.0
2018-01-19 10:45:00,19425.0,19425.0,19415.0,19425.0,22.0,2136300.0,4022.0
2018-01-19 10:50:00,19430.0,19435.0,19430.0,19435.0,14.0,1360200.0,4018.0
2018-01-19 10:55:00,19435.0,19445.0,19435.0,19445.0,12.0,1166200.0,4018.0
2018-01-19 11:00:00,19435.0,19455.0,19435.0,19455.0,8.0,777800.0,4020.0
2018-01-19 11:05:00,19455.0,19455.0,19450.0,19450.0,12.0,1167000.0,4032.0
2018-01-19 11:10:00,19450.0,19455.0,19450.0,19450.0,14.0,1361600.0,4042.0
2018-01-19 11:15:00,19445.0,19450.0,19445.0,19445.0,22.0,2139400.0,4048.0
2018-01-19 11:20:00,19445.0,19450.0,19445.0,19450.0,62.0,6029350.0,4110.0
2018-01-19 11:25:00,19450.0,19485.0,19450.0,19480.0,60.0,5841850.0,4134.0
2018-01-19 13:30:00,19490.0,19495.0,19435.0,19450.0,118.0,11480200.0,4224.0
2018-01-19 13:35:00,19450.0,19450.0,19440.0,19450.0,42.0,4083700.0,4244.0
2018-01-19 13:40:00,19450.0,19485.0,19445.0,19485.0,42.0,4086250.0,4258.0
2018-01-19 13:45:00,19485.0,19485.0,19465.0,19470.0,74.0,7202700.0,4330.0
2018-01-19 13:50:00,19475.0,19480.0,19470.0,19470.0,18.0,1752750.0,4344.0
2018-01-19 13:55:00,19475.0,19495.0,19470.0,19490.0,56.0,5454550.0,4396.0
2018-01-19 14:00:00,19490.0,19495.0,19475.0,19475.0,10.0,974450.0,4394.0
2018-01-19 14:05:00,19475.0,19490.0,19475.0,19490.0,2.0,194900.0,4392.0
2018-01-19 14:10:00,19480.0,19495.0,19480.0,19495.0,6.0,584550.0,4398.0
2018-01-19 14:15:00,19500.0,19500.0,19495.0,19495.0,20.0,1949850.0,4404.0
2018-01-19 14:20:00,19495.0,19495.0,19480.0,19480.0,6.0,584500.0,4408.0
2018-01-19 14:25:00,19480.0,19490.0,19475.0,19485.0,56.0,5455900.0,4400.0
2018-01-19 14:30:00,19480.0,19480.0,19460.0,19465.0,50.0,4868000.0,4432.0
2018-01-19 14:35:00,19465.0,19480.0,19465.0,19465.0,20.0,1946850.0,4442.0
2018-01-19 14:40:00,19465.0,19500.0,19465.0,19500.0,72.0,7018750.0,4436.0
2018-01-19 14:45:00,19505.0,19520.0,19505.0,19520.0,88.0,8584700.0,4466.0
2018-01-19 14:50:00,19520.0,19530.0,19515.0,19530.0,10.0,976200.0,4462.0
2018-01-19 14:55:00,19530.0,19530.0,19500.0,19510.0,30.0,2927950.0,4464.0
2018-01-19 21:00:00,19510.0,19510.0,19420.0,19420.0,58.0,5641850.0,4476.0
2018-01-19 21:05:00,19420.0,19420.0,19385.0,19420.0,16.0,1552600.0,4474.0
2018-01-19 21:10:00,19420.0,19420.0,19395.0,19395.0,64.0,6211350.0,4476.0
2018-01-19 21:15:00,19395.0,19420.0,19395.0,19405.0,8.0,776650.0,4478.0
2018-01-19 21:20:00,19405.0,19415.0,19405.0,19415.0,14.0,1358700.0,4482.0
2018-01-19 21:25:00,19415.0,19430.0,19415.0,19415.0,8.0,776850.0,4484.0
2018-01-19 21:30:00,19415.0,19415.0,19415.0,19415.0,0.0,0.0,4484.0
2018-01-19 21:35:00,19415.0,19420.0,19415.0,19420.0,2.0,194200.0,4484.0
2018-01-19 21:40:00,19420.0,19455.0,19420.0,19455.0,2.0,194550.0,4486.0
2018-01-19 21:45:00,19455.0,19460.0,19440.0,19440.0,6.0,583500.0,4488.0
2018-01-19 21:50:00,19440.0,19440.0,19440.0,19440.0,0.0,0.0,4488.0
2018-01-19 21:55:00,19440.0,19440.0,19415.0,19415.0,6.0,582850.0,4486.0
2018-01-19 22:00:00,19415.0,19415.0,19415.0,19415.0,0.0,0.0,4486.0
2018-01-19 22:05:00,19415.0,19415.0,19415.0,19415.0,0.0,0.0,4486.0
2018-01-19 22:10:00,19415.0,19425.0,19410.0,19410.0,8.0,776700.0,4486.0
2018-01-19 22:15:00,19410.0,19410.0,19410.0,19410.0,0.0,0.0,4486.0
2018-01-19 22:20:00,19430.0,19430.0,19425.0,19425.0,14.0,1359950.0,4492.0
2018-01-19 22:25:00,19425.0,19450.0,19425.0,19450.0,132.0,12833200.0,4474.0
2018-01-19 22:30:00,19455.0,19465.0,19445.0,19465.0,84.0,8172250.0,4480.0
2018-01-19 22:35:00,19465.0,19465.0,19445.0,19460.0,28.0,2722900.0,4478.0
2018-01-19 22:40:00,19460.0,19470.0,19460.0,19460.0,10.0,973300.0,4476.0
2018-01-19 22:45:00,19460.0,19460.0,19460.0,19460.0,0.0,0.0,4476.0
2018-01-19 22:50:00,19460.0,19460.0,19460.0,19460.0,0.0,0.0,4476.0
2018-01-19 22:55:00,19460.0,19460.0,19460.0,19460.0,0.0,0.0,4476.0
2018-01-19 23:00:00,19425.0,19425.0,19405.0,19405.0,14.0,1359250.0,4480.0
2018-01-19 23:05:00,19405.0,19405.0,19405.0,19405.0,0.0,0.0,4480.0
2018-01-19 23:10:00,19405.0,19420.0,19405.0,19420.0,8.0,776800.0,4484.0
2018-01-19 23:15:00,19405.0,19405.0,19400.0,19400.0,10.0,970100.0,4476.0
2018-01-19 23:20:00,19400.0,19415.0,19400.0,19415.0,4.0,388300.0,4476.0
2018-01-19 23:25:00,19415.0,19415.0,19415.0,19415.0,2.0,194150.0,4476.0
2018-01-19 23:30:00,19405.0,19405.0,19395.0,19400.0,28.0,2716250.0,4452.0
2018-01-19 23:35:00,19400.0,19400.0,19370.0,19375.0,58.0,5620050.0,4426.0
2018-01-19 23:40:00,19370.0,19370.0,19370.0,19370.0,48.0,4648800.0,4400.0
2018-01-19 23:45:00,19380.0,19380.0,19380.0,19380.0,2.0,193800.0,4400.0
2018-01-19 23:50:00,19380.0,19380.0,19380.0,19380.0,0.0,0.0,4400.0
2018-01-19 23:55:00,19380.0,19380.0,19380.0,19380.0,0.0,0.0,4400.0
2018-01-20 00:00:00,19380.0,19385.0,19380.0,19380.0,20.0,1938050.0,4396.0
2018-01-20 00:05:00,19380.0,19380.0,19375.0,19375.0,8.0,775150.0,4394.0
2018-01-20 00:10:00,19375.0,19375.0,19375.0,19375.0,0.0,0.0,4394.0
2018-01-20 00:15:00,19375.0,19405.0,19375.0,19405.0,2.0,194050.0,4392.0
2018-01-20 00:20:00,19405.0,19405.0,19405.0,19405.0,0.0,0.0,4392.0
2018-01-20 00:25:00,19405.0,19405.0,19405.0,19405.0,0.0,0.0,4392.0
2018-01-20 00:30:00,19405.0,19405.0,19405.0,19405.0,0.0,0.0,4392.0
2018-01-20 00:35:00,19405.0,19405.0,19405.0,19405.0,0.0,0.0,4392.0
2018-01-20 00:40:00,19405.0,19405.0,19405.0,19405.0,4.0,388100.0,4390.0
2018-01-20 00:45:00,19405.0,19405.0,19405.0,19405.0,0.0,0.0,4390.0
2018-01-20 00:50:00,19405.0,19405.0,19390.0,19390.0,8.0,775600.0,4390.0
2018-01-20 00:55:00,19390.0,19390.0,19365.0,19380.0,46.0,4457450.0,4382.0
2018-01-22 09:00:00,19400.0,19400.0,19360.0,19365.0,68.0,6587000.0,4414.0
2018-01-22 09:05:00,19370.0,19385.0,19370.0,19375.0,10.0,968900.0,4412.0
2018-01-22 09:10:00,19375.0,19375.0,19350.0,19350.0,18.0,1741850.0,4414.0
2018-01-22 09:15:00,19350.0,19350.0,19330.0,19330.0,36.0,3480950.0,4408.0
2018-01-22 09:20:00,19315.0,19330.0,19300.0,19310.0,130.0,12553050.0,4454.0
2018-01-22 09:25:00,19310.0,19310.0,19285.0,19300.0,78.0,7526250.0,4484.0
2018-01-22 09:30:00,19300.0,19350.0,19295.0,19325.0,208.0,20094650.0,4648.0
2018-01-22 09:35:00,19320.0,19360.0,19315.0,19350.0,80.0,7728350.0,4720.0
2018-01-22 09:40:00,19355.0,19355.0,19345.0,19345.0,48.0,4643900.0,4750.0
2018-01-22 09:45:00,19340.0,19340.0,19320.0,19320.0,86.0,8312550.0,4832.0
2018-01-22 09:50:00,19305.0,19310.0,19300.0,19310.0,24.0,2316700.0,4834.0
2018-01-22 09:55:00,19300.0,19305.0,19300.0,19300.0,12.0,1158100.0,4842.0
2018-01-22 10:00:00,19300.0,19305.0,19295.0,19295.0,24.0,2316000.0,4852.0
2018-01-22 10:05:00,19295.0,19295.0,19280.0,19280.0,12.0,1156850.0,4852.0
2018-01-22 10:10:00,19295.0,19315.0,19295.0,19315.0,16.0,1544800.0,4856.0
2018-01-22 10:30:00,19325.0,19325.0,19320.0,19320.0,14.0,1352550.0,4858.0
2018-01-22 10:35:00,19320.0,19320.0,19320.0,19320.0,0.0,0.0,4858.0
2018-01-22 10:40:00,19320.0,19320.0,19315.0,19320.0,10.0,965950.0,4856.0
2018-01-22 10:45:00,19320.0,19320.0,19320.0,19320.0,0.0,0.0,4856.0
2018-01-22 10:50:00,19320.0,19320.0,19320.0,19320.0,0.0,0.0,4856.0
2018-01-22 10:55:00,19320.0,19320.0,19320.0,19320.0,0.0,0.0,4856.0
2018-01-22 11:00:00,19315.0,19320.0,19315.0,19315.0,8.0,772650.0,4854.0
2018-01-22 11:05:00,19315.0,19315.0,19305.0,19315.0,4.0,386200.0,4854.0
2018-01-22 11:10:00,19315.0,19325.0,19315.0,19325.0,4.0,386450.0,4850.0
2018-01-22 11:15:00,19325.0,19325.0,19325.0,19325.0,2.0,193250.0,4850.0
2018-01-22 11:20:00,19325.0,19325.0,19320.0,19320.0,4.0,386400.0,4850.0
2018-01-22 11:25:00,19320.0,19320.0,19310.0,19320.0,4.0,386300.0,4848.0
2018-01-22 13:30:00,19320.0,19340.0,19320.0,19340.0,12.0,1159850.0,4850.0
2018-01-22 13:35:00,19340.0,19375.0,19340.0,19375.0,6.0,581100.0,4848.0
2018-01-22 13:40:00,19375.0,19375.0,19365.0,19375.0,28.0,2711350.0,4860.0
2018-01-22 13:45:00,19375.0,19385.0,19375.0,19385.0,4.0,387600.0,4862.0
2018-01-22 13:50:00,19385.0,19385.0,19385.0,19385.0,0.0,0.0,4862.0
2018-01-22 13:55:00,19385.0,19390.0,19380.0,19380.0,14.0,1356900.0,4860.0
2018-01-22 14:00:00,19380.0,19400.0,19380.0,19400.0,8.0,775700.0,4860.0
2018-01-22 14:05:00,19400.0,19400.0,19400.0,19400.0,0.0,0.0,4860.0
2018-01-22 14:10:00,19400.0,19400.0,19400.0,19400.0,0.0,0.0,4860.0
2018-01-22 14:15:00,19400.0,19400.0,19400.0,19400.0,0.0,0.0,4860.0
2018-01-22 14:20:00,19400.0,19400.0,19400.0,19400.0,0.0,0.0,4860.0
2018-01-22 14:25:00,19400.0,19405.0,19390.0,19405.0,58.0,5623250.0,4840.0
2018-01-22 14:30:00,19405.0,19440.0,19405.0,19440.0,8.0,776800.0,4842.0
2018-01-22 14:35:00,19440.0,19440.0,19430.0,19430.0,22.0,2137600.0,4864.0
2018-01-22 14:40:00,19430.0,19440.0,19430.0,19440.0,4.0,388700.0,4866.0
2018-01-22 14:45:00,19440.0,19440.0,19440.0,19440.0,0.0,0.0,4866.0
2018-01-22 14:50:00,19450.0,19460.0,19450.0,19460.0,10.0,972900.0,4870.0
2018-01-22 14:55:00,19460.0,19460.0,19455.0,19455.0,4.0,389150.0,4874.0
2018-01-22 21:00:00,19460.0,19460.0,19435.0,19440.0,10.0,972500.0,4876.0
2018-01-22 21:05:00,19440.0,19455.0,19430.0,19430.0,14.0,1361250.0,4878.0
2018-01-22 21:10:00,19430.0,19430.0,19425.0,19430.0,4.0,388550.0,4882.0
2018-01-22 21:15:00,19430.0,19435.0,19405.0,19405.0,76.0,7378400.0,4946.0
2018-01-22 21:20:00,19410.0,19410.0,19400.0,19410.0,112.0,10866100.0,5052.0
2018-01-22 21:25:00,19410.0,19425.0,19410.0,19420.0,68.0,6603800.0,5118.0
2018-01-22 21:30:00,19420.0,19420.0,19405.0,19405.0,50.0,4852250.0,5168.0
2018-01-22 21:35:00,19430.0,19430.0,19425.0,19425.0,4.0,388550.0,5168.0
2018-01-22 21:40:00,19425.0,19425.0,19425.0,19425.0,0.0,0.0,5168.0
2018-01-22 21:45:00,19425.0,19435.0,19425.0,19435.0,2.0,194350.0,5170.0
2018-01-22 21:50:00,19435.0,19435.0,19410.0,19410.0,4.0,388200.0,5170.0
2018-01-22 21:55:00,19410.0,19420.0,19410.0,19420.0,2.0,194200.0,5172.0
2018-01-22 22:00:00,19420.0,19420.0,19420.0,19420.0,0.0,0.0,5172.0
2018-01-22 22:05:00,19420.0,19420.0,19420.0,19420.0,0.0,0.0,5172.0
2018-01-22 22:10:00,19420.0,19420.0,19395.0,19405.0,16.0,1552400.0,5172.0
2018-01-22 22:15:00,19405.0,19420.0,19405.0,19415.0,6.0,582400.0,5176.0
2018-01-22 22:20:00,19420.0,19420.0,19410.0,19420.0,28.0,2718150.0,5200.0
2018-01-22 22:25:00,19420.0,19420.0,19410.0,19410.0,6.0,582350.0,5198.0
2018-01-22 22:30:00,19410.0,19410.0,19390.0,19390.0,10.0,969950.0,5196.0
2018-01-22 22:35:00,19380.0,19400.0,19380.0,19395.0,8.0,775750.0,5202.0
2018-01-22 22:40:00,19395.0,19395.0,19395.0,19395.0,0.0,0.0,5202.0
2018-01-22 22:45:00,19395.0,19395.0,19395.0,19395.0,0.0,0.0,5202.0
2018-01-22 22:50:00,19400.0,19410.0,19400.0,19410.0,16.0,1552100.0,5202.0
2018-01-22 22:55:00,19410.0,19410.0,19400.0,19400.0,6.0,582000.0,5206.0
2018-01-22 23:00:00,19410.0,19450.0,19410.0,19450.0,22.0,2139050.0,5212.0
2018-01-22 23:05:00,19450.0,19450.0,19435.0,19435.0,2.0,194350.0,5210.0
2018-01-22 23:10:00,19435.0,19435.0,19435.0,19435.0,0.0,0.0,5210.0
2018-01-22 23:15:00,19435.0,19440.0,19435.0,19440.0,2.0,194400.0,5210.0
2018-01-22 23:20:00,19440.0,19440.0,19430.0,19440.0,4.0,388700.0,5210.0
2018-01-22 23:25:00,19440.0,19440.0,19440.0,19440.0,0.0,0.0,5210.0
2018-01-22 23:30:00,19440.0,19440.0,19440.0,19440.0,0.0,0.0,5210.0
2018-01-22 23:35:00,19440.0,19440.0,19440.0,19440.0,0.0,0.0,5210.0
2018-01-22 23:40:00,19440.0,19440.0,19440.0,19440.0,0.0,0.0,5210.0
2018-01-22 23:45:00,19450.0,19470.0,19450.0,19470.0,14.0,1362000.0,5224.0
2018-01-22 23:50:00,19470.0,19470.0,19450.0,19450.0,12.0,1168000.0,5216.0
2018-01-22 23:55:00,19450.0,19450.0,19450.0,19450.0,0.0,0.0,5216.0
2018-01-23 00:00:00,19450.0,19450.0,19450.0,19450.0,2.0,194500.0,5218.0
2018-01-23 00:05:00,19455.0,19455.0,19455.0,19455.0,2.0,194550.0,5218.0
2018-01-23 00:10:00,19455.0,19455.0,19455.0,19455.0,0.0,0.0,5218.0
2018-01-23 00:15:00,19455.0,19455.0,19455.0,19455.0,0.0,0.0,5218.0
2018-01-23 00:20:00,19455.0,19455.0,19455.0,19455.0,0.0,0.0,5218.0
2018-01-23 00:25:00,19455.0,19485.0,19320.0,19465.0,72.0,6992550.0,5212.0
2018-01-23 00:30:00,19465.0,19490.0,19465.0,19490.0,8.0,779550.0,5212.0
2018-01-23 00:35:00,19490.0,19490.0,19490.0,19490.0,6.0,584700.0,5212.0
2018-01-23 00:40:00,19490.0,19495.0,19490.0,19495.0,8.0,779800.0,5204.0
2018-01-23 00:45:00,19500.0,19500.0,19500.0,19500.0,10.0,975000.0,5212.0
2018-01-23 00:50:00,19500.0,19500.0,19500.0,19500.0,0.0,0.0,5212.0
2018-01-23 00:55:00,19500.0,19520.0,19500.0,19520.0,12.0,1170200.0,5212.0
2018-01-23 09:00:00,19495.0,19495.0,19480.0,19490.0,22.0,2144000.0,5214.0
2018-01-23 09:05:00,19485.0,19485.0,19450.0,19460.0,22.0,2141250.0,5220.0
2018-01-23 09:10:00,19460.0,19460.0,19460.0,19460.0,10.0,973000.0,5222.0
2018-01-23 09:15:00,19465.0,19475.0,19460.0,19475.0,100.0,9732000.0,5254.0
2018-01-23 09:20:00,19475.0,19475.0,19475.0,19475.0,8.0,779000.0,5258.0
2018-01-23 09:25:00,19475.0,19490.0,19475.0,19490.0,56.0,5453250.0,5292.0
2018-01-23 09:30:00,19500.0,19500.0,19495.0,19495.0,10.0,974800.0,5300.0
2018-01-23 09:35:00,19485.0,19485.0,19485.0,19485.0,2.0,194850.0,5302.0
2018-01-23 09:40:00,19485.0,19490.0,19485.0,19490.0,2.0,194900.0,5302.0
2018-01-23 09:45:00,19490.0,19490.0,19490.0,19490.0,0.0,0.0,5302.0
2018-01-23 09:50:00,19490.0,19490.0,19490.0,19490.0,0.0,0.0,5302.0
2018-01-23 09:55:00,19485.0,19485.0,19485.0,19485.0,12.0,1169100.0,5310.0
2018-01-23 10:00:00,19485.0,19485.0,19485.0,19485.0,2.0,194850.0,5308.0
2018-01-23 10:05:00,19485.0,19485.0,19485.0,19485.0,0.0,0.0,5308.0
2018-01-23 10:10:00,19485.0,19485.0,19485.0,19485.0,0.0,0.0,5308.0
2018-01-23 10:30:00,19485.0,19485.0,19480.0,19480.0,6.0,584400.0,5314.0
2018-01-23 10:35:00,19480.0,19480.0,19480.0,19480.0,4.0,389600.0,5318.0
2018-01-23 10:40:00,19475.0,19475.0,19470.0,19470.0,4.0,389450.0,5320.0
2018-01-23 10:45:00,19470.0,19480.0,19470.0,19480.0,8.0,779050.0,5322.0
2018-01-23 10:50:00,19480.0,19515.0,19480.0,19515.0,58.0,5656600.0,5374.0
2018-01-23 10:55:00,19515.0,19520.0,19505.0,19510.0,74.0,7220950.0,5428.0
2018-01-23 11:00:00,19510.0,19510.0,19505.0,19510.0,54.0,5267450.0,5474.0
2018-01-23 11:05:00,19510.0,19515.0,19510.0,19515.0,6.0,585400.0,5474.0
2018-01-23 11:10:00,19520.0,19520.0,19500.0,19500.0,94.0,9167050.0,5492.0
2018-01-23 11:15:00,19505.0,19515.0,19490.0,19490.0,36.0,3510500.0,5500.0
2018-01-23 11:20:00,19485.0,19485.0,19480.0,19480.0,8.0,779250.0,5500.0
2018-01-23 11:25:00,19480.0,19495.0,19480.0,19495.0,2.0,194950.0,5498.0
2018-01-23 13:30:00,19485.0,19485.0,19450.0,19450.0,46.0,4478650.0,5514.0
2018-01-23 13:35:00,19440.0,19440.0,19430.0,19430.0,20.0,1943350.0,5522.0
2018-01-23 13:40:00,19430.0,19465.0,19430.0,19465.0,36.0,3499600.0,5540.0
2018-01-23 13:45:00,19465.0,19465.0,19450.0,19455.0,12.0,1167450.0,5546.0
2018-01-23 13:50:00,19460.0,19460.0,19455.0,19460.0,8.0,778300.0,5552.0
2018-01-23 13:55:00,19465.0,19465.0,19450.0,19455.0,16.0,1556200.0,5562.0
2018-01-23 14:00:00,19455.0,19485.0,19455.0,19485.0,20.0,1947700.0,5576.0
2018-01-23 14:05:00,19485.0,19530.0,19485.0,19530.0,40.0,3902100.0,5584.0
2018-01-23 14:10:00,19550.0,19560.0,19530.0,19550.0,82.0,8014800.0,5610.0
2018-01-23 14:15:00,19555.0,19600.0,19555.0,19600.0,46.0,4504900.0,5630.0
2018-01-23 14:20:00,19600.0,19625.0,19590.0,19605.0,64.0,6272750.0,5632.0
2018-01-23 14:25:00,19605.0,19660.0,19570.0,19630.0,90.0,8831400.0,5700.0
2018-01-23 14:30:00,19625.0,19685.0,19625.0,19670.0,94.0,9236200.0,5746.0
2018-01-23 14:35:00,19670.0,19670.0,19645.0,19645.0,16.0,1572150.0,5746.0
2018-01-23 14:40:00,19655.0,19675.0,19640.0,19675.0,30.0,2947800.0,5758.0
2018-01-23 14:45:00,19670.0,19690.0,19670.0,19680.0,70.0,6888150.0,5752.0
2018-01-23 14:50:00,19690.0,19720.0,19690.0,19720.0,50.0,4925000.0,5776.0
2018-01-23 14:55:00,19710.0,19725.0,19680.0,19680.0,82.0,8079500.0,5804.0
2018-01-23 21:00:00,19580.0,19700.0,19580.0,19685.0,102.0,10022100.0,5784.0
2018-01-23 21:05:00,19685.0,19685.0,19660.0,19665.0,72.0,7079800.0,5794.0
2018-01-23 21:10:00,19670.0,19685.0,19665.0,19685.0,30.0,2950550.0,5818.0
2018-01-23 21:15:00,19675.0,19675.0,19605.0,19605.0,34.0,3338650.0,5832.0
2018-01-23 21:20:00,19605.0,19610.0,19600.0,19610.0,46.0,4510050.0,5814.0
2018-01-23 21:25:00,19610.0,19630.0,19610.0,19625.0,30.0,2943050.0,5808.0
2018-01-23 21:30:00,19625.0,19640.0,19625.0,19640.0,2.0,196400.0,5808.0
2018-01-23 21:35:00,19650.0,19655.0,19635.0,19635.0,14.0,1374800.0,5808.0
2018-01-23 21:40:00,19635.0,19635.0,19635.0,19635.0,0.0,0.0,5808.0
2018-01-23 21:45:00,19635.0,19635.0,19635.0,19635.0,0.0,0.0,5808.0
2018-01-23 21:50:00,19635.0,19635.0,19635.0,19635.0,0.0,0.0,5808.0
2018-01-23 21:55:00,19635.0,19635.0,19635.0,19635.0,0.0,0.0,5808.0
2018-01-23 22:00:00,19635.0,19635.0,19605.0,19605.0,16.0,1569400.0,5808.0
2018-01-23 22:05:00,19600.0,19625.0,19600.0,19605.0,24.0,2353150.0,5796.0
2018-01-23 22:10:00,19605.0,19605.0,19605.0,19605.0,2.0,196050.0,5798.0
2018-01-23 22:15:00,19605.0,19605.0,19605.0,19605.0,2.0,196050.0,5798.0
2018-01-23 22:20:00,19590.0,19625.0,19590.0,19625.0,24.0,2353600.0,5802.0
2018-01-23 22:25:00,19600.0,19600.0,19595.0,19595.0,26.0,2547400.0,5782.0
2018-01-23 22:30:00,19595.0,19605.0,19590.0,19600.0,168.0,16463600.0,5824.0
2018-01-23 22:35:00,19605.0,19605.0,19600.0,19600.0,10.0,980200.0,5826.0
2018-01-23 22:40:00,19600.0,19605.0,19600.0,19605.0,34.0,3332850.0,5856.0
2018-01-23 22:45:00,19605.0,19605.0,19600.0,19605.0,48.0,4704950.0,5902.0
2018-01-23 22:50:00,19595.0,19605.0,19595.0,19605.0,6.0,588050.0,5904.0
2018-01-23 22:55:00,19605.0,19610.0,19590.0,19600.0,22.0,2155900.0,5894.0
2018-01-23 23:00:00,19600.0,19600.0,19600.0,19600.0,0.0,0.0,5894.0
2018-01-23 23:05:00,19600.0,19600.0,19600.0,19600.0,0.0,0.0,5894.0
2018-01-23 23:10:00,19580.0,19580.0,19580.0,19580.0,2.0,195800.0,5892.0
2018-01-23 23:15:00,19580.0,19605.0,19580.0,19605.0,6.0,588100.0,5896.0
2018-01-23 23:20:00,19600.0,19600.0,19600.0,19600.0,4.0,392000.0,5894.0
2018-01-23 23:25:00,19600.0,19605.0,19600.0,19600.0,10.0,980050.0,5892.0
2018-01-23 23:30:00,19600.0,19620.0,19600.0,19620.0,4.0,392350.0,5892.0
2018-01-23 23:35:00,19620.0,19620.0,19605.0,19605.0,20.0,1960500.0,5912.0
2018-01-23 23:40:00,19600.0,19605.0,19600.0,19605.0,22.0,2156500.0,5918.0
2018-01-23 23:45:00,19605.0,19605.0,19605.0,19605.0,0.0,0.0,5918.0
2018-01-23 23:50:00,19605.0,19605.0,19605.0,19605.0,2.0,196050.0,5918.0
2018-01-23 23:55:00,19605.0,19605.0,19605.0,19605.0,0.0,0.0,5918.0
2018-01-24 00:00:00,19605.0,19630.0,19605.0,19630.0,4.0,392600.0,5916.0
2018-01-24 00:05:00,19630.0,19655.0,19630.0,19655.0,6.0,589500.0,5912.0
2018-01-24 00:10:00,19655.0,19655.0,19655.0,19655.0,2.0,196550.0,5910.0
2018-01-24 00:15:00,19655.0,19655.0,19655.0,19655.0,0.0,0.0,5910.0
2018-01-24 00:20:00,19655.0,19655.0,19655.0,19655.0,0.0,0.0,5910.0
2018-01-24 00:25:00,19655.0,19655.0,19655.0,19655.0,0.0,0.0,5910.0
2018-01-24 00:30:00,19655.0,19655.0,19655.0,19655.0,0.0,0.0,5910.0
2018-01-24 00:35:00,19655.0,19655.0,19655.0,19655.0,0.0,0.0,5910.0
2018-01-24 00:40:00,19655.0,19655.0,19655.0,19655.0,0.0,0.0,5910.0
2018-01-24 00:45:00,19655.0,19655.0,19655.0,19655.0,0.0,0.0,5910.0
2018-01-24 00:50:00,19655.0,19655.0,19610.0,19610.0,4.0,392200.0,5910.0
2018-01-24 00:55:00,19605.0,19605.0,19605.0,19605.0,2.0,196050.0,5912.0
2018-01-24 09:00:00,19605.0,19630.0,19605.0,19625.0,6.0,588800.0,5910.0
2018-01-24 09:05:00,19625.0,19625.0,19625.0,19625.0,0.0,0.0,5910.0
2018-01-24 09:10:00,19625.0,19660.0,19625.0,19660.0,12.0,1179100.0,5906.0
2018-01-24 09:15:00,19660.0,19660.0,19645.0,19645.0,8.0,785950.0,5912.0
2018-01-24 09:20:00,19645.0,19655.0,19635.0,19655.0,16.0,1572200.0,5926.0
2018-01-24 09:25:00,19655.0,19655.0,19655.0,19655.0,0.0,0.0,5926.0
2018-01-24 09:30:00,19655.0,19655.0,19635.0,19635.0,32.0,3142000.0,5958.0
2018-01-24 09:35:00,19655.0,19655.0,19655.0,19655.0,6.0,589500.0,5956.0
2018-01-24 09:40:00,19655.0,19655.0,19635.0,19640.0,16.0,1571050.0,5962.0
2018-01-24 09:45:00,19640.0,19640.0,19640.0,19640.0,0.0,0.0,5962.0
2018-01-24 09:50:00,19640.0,19640.0,19640.0,19640.0,4.0,392800.0,5960.0
2018-01-24 09:55:00,19640.0,19640.0,19630.0,19630.0,6.0,589050.0,5958.0
2018-01-24 10:00:00,19630.0,19630.0,19620.0,19620.0,18.0,1765800.0,5966.0
2018-01-24 10:05:00,19620.0,19620.0,19620.0,19620.0,2.0,196200.0,5966.0
2018-01-24 10:10:00,19620.0,19620.0,19620.0,19620.0,6.0,588600.0,5964.0
2018-01-24 10:30:00,19620.0,19640.0,19620.0,19630.0,66.0,6476200.0,6006.0
2018-01-24 10:35:00,19630.0,19630.0,19600.0,19615.0,10.0,980850.0,6010.0
2018-01-24 10:40:00,19620.0,19620.0,19615.0,19615.0,6.0,588550.0,6010.0
2018-01-24 10:45:00,19615.0,19630.0,19615.0,19630.0,10.0,981200.0,6014.0
2018-01-24 10:50:00,19630.0,19635.0,19630.0,19630.0,4.0,392650.0,6014.0
2018-01-24 10:55:00,19630.0,19630.0,19625.0,19625.0,2.0,196250.0,6014.0
2018-01-24 11:00:00,19625.0,19625.0,19625.0,19625.0,0.0,0.0,6014.0
2018-01-24 11:05:00,19625.0,19645.0,19625.0,19645.0,4.0,392900.0,6016.0
2018-01-24 11:10:00,19645.0,19645.0,19630.0,19630.0,14.0,1375000.0,6020.0
2018-01-24 11:15:00,19630.0,19630.0,19630.0,19630.0,0.0,0.0,6020.0
2018-01-24 11:20:00,19630.0,19630.0,19630.0,19630.0,0.0,0.0,6020.0
2018-01-24 11:25:00,19630.0,19635.0,19630.0,19635.0,4.0,392650.0,6018.0
2018-01-24 13:30:00,19625.0,19645.0,19625.0,19630.0,6.0,589000.0,6014.0
2018-01-24 13:35:00,19620.0,19620.0,19620.0,19620.0,6.0,588600.0,6016.0
2018-01-24 13:40:00,19620.0,19620.0,19605.0,19615.0,6.0,588250.0,6016.0
2018-01-24 13:45:00,19615.0,19630.0,19615.0,19630.0,8.0,785200.0,6018.0
2018-01-24 13:50:00,19630.0,19635.0,19625.0,19635.0,4.0,392600.0,6018.0
2018-01-24 13:55:00,19625.0,19645.0,19625.0,19645.0,68.0,6677300.0,6026.0
2018-01-24 14:00:00,19645.0,19655.0,19645.0,19655.0,40.0,3930050.0,6036.0
2018-01-24 14:05:00,19655.0,19670.0,19655.0,19670.0,4.0,393400.0,6038.0
2018-01-24 14:10:00,19665.0,19665.0,19645.0,19645.0,20.0,1965200.0,6042.0
2018-01-24 14:15:00,19645.0,19645.0,19625.0,19625.0,2.0,196250.0,6044.0
2018-01-24 14:20:00,19625.0,19630.0,19605.0,19605.0,12.0,1177400.0,6054.0
2018-01-24 14:25:00,19615.0,19635.0,19615.0,19615.0,44.0,4317350.0,6072.0
2018-01-24 14:30:00,19610.0,19615.0,19600.0,19600.0,20.0,1960600.0,6086.0
2018-01-24 14:35:00,19600.0,19605.0,19570.0,19585.0,16.0,1567450.0,6100.0
2018-01-24 14:40:00,19580.0,19580.0,19545.0,19545.0,26.0,2542550.0,6102.0
2018-01-24 14:45:00,19550.0,19560.0,19500.0,19510.0,46.0,4490750.0,6108.0
2018-01-24 14:50:00,19510.0,19525.0,19495.0,19525.0,36.0,3511700.0,6102.0
2018-01-24 14:55:00,19520.0,19520.0,19510.0,19520.0,12.0,1171100.0,6100.0
2018-01-24 21:00:00,19555.0,19575.0,19550.0,19565.0,14.0,1369500.0,6098.0
2018-01-24 21:05:00,19580.0,19615.0,19580.0,19610.0,72.0,7058850.0,6130.0
2018-01-24 21:10:00,19610.0,19615.0,19580.0,19580.0,96.0,9404850.0,6166.0
2018-01-24 21:15:00,19580.0,19600.0,19580.0,19600.0,76.0,7442100.0,6216.0
2018-01-24 21:20:00,19605.0,19615.0,19600.0,19600.0,72.0,7058900.0,6244.0
2018-01-24 21:25:00,19595.0,19615.0,19585.0,19610.0,102.0,9997550.0,6306.0
2018-01-24 21:30:00,19600.0,19615.0,19590.0,19605.0,104.0,10194400.0,6350.0
2018-01-24 21:35:00,19605.0,19615.0,19595.0,19595.0,72.0,7060900.0,6398.0
2018-01-24 21:40:00,19595.0,19595.0,19595.0,19595.0,0.0,0.0,6398.0
2018-01-24 21:45:00,19605.0,19640.0,19605.0,19640.0,12.0,1177600.0,6402.0
2018-01-24 21:50:00,19650.0,19650.0,19650.0,19650.0,4.0,393000.0,6404.0
2018-01-24 21:55:00,19650.0,19650.0,19650.0,19650.0,0.0,0.0,6404.0
2018-01-24 22:00:00,19650.0,19650.0,19625.0,19630.0,24.0,2355300.0,6414.0
2018-01-24 22:05:00,19620.0,19635.0,19620.0,19635.0,12.0,1177750.0,6418.0
2018-01-24 22:10:00,19640.0,19640.0,19620.0,19620.0,36.0,3533650.0,6404.0
2018-01-24 22:15:00,19625.0,19645.0,19615.0,19645.0,66.0,6475700.0,6394.0
2018-01-24 22:20:00,19645.0,19650.0,19640.0,19650.0,74.0,7269450.0,6426.0
2018-01-24 22:25:00,19650.0,19650.0,19635.0,19635.0,74.0,7268650.0,6452.0
2018-01-24 22:30:00,19635.0,19635.0,19630.0,19635.0,4.0,392650.0,6454.0
2018-01-24 22:35:00,19635.0,19635.0,19630.0,19635.0,30.0,2945150.0,6470.0
2018-01-24 22:40:00,19640.0,19645.0,19640.0,19640.0,46.0,4517550.0,6484.0
2018-01-24 22:45:00,19640.0,19645.0,19635.0,19635.0,30.0,2946000.0,6488.0
2018-01-24 22:50:00,19635.0,19640.0,19630.0,19640.0,10.0,981700.0,6484.0
2018-01-24 22:55:00,19640.0,19685.0,19640.0,19675.0,130.0,12784950.0,6478.0
2018-01-24 23:00:00,19675.0,19705.0,19665.0,19700.0,190.0,18709350.0,6552.0
2018-01-24 23:05:00,19710.0,19715.0,19675.0,19680.0,150.0,14772000.0,6594.0
2018-01-24 23:10:00,19680.0,19685.0,19665.0,19675.0,204.0,20071100.0,6754.0
2018-01-24 23:15:00,19675.0,19675.0,19670.0,19670.0,2.0,196700.0,6754.0
2018-01-24 23:20:00,19670.0,19675.0,19665.0,19675.0,74.0,7278050.0,6790.0
2018-01-24 23:25:00,19665.0,19670.0,19665.0,19670.0,6.0,590050.0,6790.0
2018-01-24 23:30:00,19670.0,19670.0,19670.0,19670.0,2.0,196700.0,6790.0
2018-01-24 23:35:00,19675.0,19690.0,19675.0,19690.0,18.0,1771700.0,6790.0
2018-01-24 23:40:00,19690.0,19710.0,19690.0,19690.0,34.0,3348700.0,6802.0
2018-01-24 23:45:00,19690.0,19705.0,19690.0,19700.0,42.0,4136850.0,6820.0
2018-01-24 23:50:00,19700.0,19715.0,19700.0,19700.0,144.0,14187250.0,6900.0
2018-01-24 23:55:00,19695.0,19695.0,19695.0,19695.0,10.0,984750.0,6904.0
2018-01-25 00:00:00,19695.0,19700.0,19695.0,19700.0,16.0,1575900.0,6908.0
2018-01-25 00:05:00,19700.0,19700.0,19700.0,19700.0,0.0,0.0,6908.0
2018-01-25 00:10:00,19700.0,19715.0,19700.0,19715.0,4.0,394150.0,6910.0
2018-01-25 00:15:00,19710.0,19730.0,19710.0,19730.0,56.0,5523300.0,6944.0
2018-01-25 00:20:00,19745.0,19800.0,19745.0,19775.0,60.0,5934350.0,6938.0
2018-01-25 00:25:00,19775.0,19790.0,19770.0,19790.0,8.0,791300.0,6936.0
2018-01-25 00:30:00,19775.0,19790.0,19765.0,19790.0,18.0,1780450.0,6934.0
2018-01-25 00:35:00,19790.0,19790.0,19755.0,19755.0,6.0,593050.0,6938.0
2018-01-25 00:40:00,19755.0,19755.0,19755.0,19755.0,0.0,0.0,6938.0
2018-01-25 00:45:00,19755.0,19755.0,19755.0,19755.0,0.0,0.0,6938.0
2018-01-25 00:50:00,19755.0,19755.0,19755.0,19755.0,0.0,0.0,6938.0
2018-01-25 00:55:00,19755.0,19770.0,19700.0,19770.0,12.0,1183900.0,6944.0
2018-01-25 09:00:00,19675.0,19685.0,19655.0,19680.0,56.0,5506600.0,6972.0
2018-01-25 09:05:00,19685.0,19690.0,19675.0,19675.0,58.0,5708800.0,6968.0
2018-01-25 09:10:00,19675.0,19680.0,19660.0,19660.0,22.0,2164100.0,6974.0
2018-01-25 09:15:00,19640.0,19640.0,19595.0,19595.0,68.0,6668050.0,6964.0
2018-01-25 09:20:00,19595.0,19620.0,19595.0,19615.0,26.0,2549250.0,6974.0
2018-01-25 09:25:00,19595.0,19595.0,19555.0,19560.0,72.0,7044250.0,6982.0
2018-01-25 09:30:00,19560.0,19585.0,19560.0,19585.0,38.0,3718700.0,6978.0
2018-01-25 09:35:00,19585.0,19585.0,19535.0,19540.0,82.0,8021900.0,6988.0
2018-01-25 09:40:00,19545.0,19560.0,19545.0,19550.0,58.0,5669600.0,7006.0
2018-01-25 09:45:00,19545.0,19555.0,19520.0,19545.0,68.0,6643550.0,7006.0
2018-01-25 09:50:00,19545.0,19550.0,19530.0,19545.0,84.0,8207150.0,7022.0
2018-01-25 09:55:00,19550.0,19560.0,19545.0,19550.0,56.0,5473750.0,7036.0
2018-01-25 10:00:00,19555.0,19565.0,19545.0,19545.0,74.0,7236000.0,7054.0
2018-01-25 10:05:00,19540.0,19540.0,19510.0,19525.0,72.0,7027700.0,7054.0
2018-01-25 10:10:00,19530.0,19540.0,19525.0,19530.0,70.0,6835400.0,7064.0
2018-01-25 10:30:00,19525.0,19525.0,19505.0,19510.0,32.0,3121650.0,7070.0
2018-01-25 10:35:00,19525.0,19540.0,19525.0,19540.0,30.0,2930200.0,7068.0
2018-01-25 10:40:00,19540.0,19545.0,19535.0,19545.0,26.0,2540150.0,7076.0
2018-01-25 10:45:00,19550.0,19600.0,19550.0,19590.0,44.0,4307750.0,7070.0
2018-01-25 10:50:00,19590.0,19590.0,19575.0,19575.0,14.0,1370800.0,7070.0
2018-01-25 10:55:00,19580.0,19580.0,19575.0,19580.0,8.0,783150.0,7074.0
2018-01-25 11:00:00,19580.0,19580.0,19580.0,19580.0,22.0,2153800.0,7076.0
2018-01-25 11:05:00,19580.0,19595.0,19580.0,19595.0,20.0,1959150.0,7074.0
2018-01-25 11:10:00,19595.0,19605.0,19595.0,19600.0,16.0,1568050.0,7076.0
2018-01-25 11:15:00,19595.0,19645.0,19595.0,19635.0,38.0,3728400.0,7064.0
2018-01-25 11:20:00,19630.0,19635.0,19615.0,19620.0,28.0,2747050.0,7068.0
2018-01-25 11:25:00,19600.0,19610.0,19600.0,19610.0,22.0,2156550.0,7060.0
2018-01-25 13:30:00,19635.0,19640.0,19590.0,19590.0,40.0,3924950.0,7068.0
2018-01-25 13:35:00,19580.0,19580.0,19570.0,19575.0,36.0,3523500.0,7086.0
2018-01-25 13:40:00,19575.0,19630.0,19575.0,19620.0,34.0,3330750.0,7086.0
2018-01-25 13:45:00,19620.0,19630.0,19620.0,19620.0,52.0,5103100.0,7102.0
2018-01-25 13:50:00,19610.0,19615.0,19610.0,19615.0,8.0,784450.0,7102.0
2018-01-25 13:55:00,19615.0,19640.0,19610.0,19630.0,56.0,5496800.0,7110.0
2018-01-25 14:00:00,19635.0,19635.0,19625.0,19625.0,28.0,2748300.0,7124.0
2018-01-25 14:05:00,19625.0,19625.0,19605.0,19605.0,16.0,1568400.0,7114.0
2018-01-25 14:10:00,19600.0,19600.0,19550.0,19570.0,172.0,16832300.0,7194.0
2018-01-25 14:15:00,19565.0,19585.0,19560.0,19580.0,76.0,7437250.0,7224.0
2018-01-25 14:20:00,19595.0,19600.0,19595.0,19600.0,46.0,4507600.0,7266.0
2018-01-25 14:25:00,19615.0,19650.0,19615.0,19650.0,42.0,4125000.0,7272.0
2018-01-25 14:30:00,19635.0,19650.0,19610.0,19635.0,30.0,2944150.0,7284.0
2018-01-25 14:35:00,19635.0,19655.0,19625.0,19630.0,300.0,29453050.0,7430.0
2018-01-25 14:40:00,19625.0,19635.0,19625.0,19635.0,58.0,5693500.0,7452.0
2018-01-25 14:45:00,19635.0,19645.0,19615.0,19625.0,58.0,5694100.0,7470.0
2018-01-25 14:50:00,19615.0,19625.0,19600.0,19615.0,212.0,20794850.0,7566.0
2018-01-25 14:55:00,19620.0,19670.0,19600.0,19665.0,120.0,11776650.0,7594.0
2018-01-25 21:00:00,19505.0,19580.0,19505.0,19545.0,122.0,11930550.0,7588.0
2018-01-25 21:05:00,19550.0,19550.0,19530.0,19530.0,70.0,6841600.0,7576.0
2018-01-25 21:10:00,19510.0,19590.0,19510.0,19580.0,86.0,8407700.0,7594.0
2018-01-25 21:15:00,19580.0,19610.0,19580.0,19595.0,32.0,3135550.0,7596.0
2018-01-25 21:20:00,19595.0,19595.0,19570.0,19575.0,44.0,4308300.0,7594.0
2018-01-25 21:25:00,19575.0,19575.0,19550.0,19550.0,26.0,2542050.0,7608.0
2018-01-25 21:30:00,19555.0,19560.0,19555.0,19560.0,46.0,4497800.0,7628.0
2018-01-25 21:35:00,19570.0,19595.0,19570.0,19590.0,186.0,18213450.0,7696.0
2018-01-25 21:40:00,19590.0,19590.0,19570.0,19570.0,68.0,6655700.0,7664.0
2018-01-25 21:45:00,19565.0,19580.0,19560.0,19575.0,122.0,11937300.0,7656.0
2018-01-25 21:50:00,19575.0,19580.0,19560.0,19560.0,154.0,15070900.0,7718.0
2018-01-25 21:55:00,19560.0,19570.0,19560.0,19570.0,18.0,1760950.0,7718.0
2018-01-25 22:00:00,19575.0,19590.0,19575.0,19585.0,18.0,1762850.0,7722.0
2018-01-25 22:05:00,19585.0,19585.0,19565.0,19570.0,28.0,2739750.0,7724.0
2018-01-25 22:10:00,19565.0,19570.0,19555.0,19570.0,40.0,3912250.0,7726.0
2018-01-25 22:15:00,19565.0,19565.0,19540.0,19540.0,36.0,3518950.0,7724.0
2018-01-25 22:20:00,19540.0,19555.0,19540.0,19540.0,24.0,2345550.0,7716.0
2018-01-25 22:25:00,19545.0,19550.0,19540.0,19550.0,92.0,8989500.0,7736.0
2018-01-25 22:30:00,19545.0,19545.0,19525.0,19530.0,96.0,9377050.0,7742.0
2018-01-25 22:35:00,19525.0,19525.0,19510.0,19515.0,36.0,3513450.0,7748.0
2018-01-25 22:40:00,19510.0,19510.0,19490.0,19500.0,100.0,9750350.0,7758.0
2018-01-25 22:45:00,19495.0,19510.0,19495.0,19510.0,24.0,2340300.0,7766.0
2018-01-25 22:50:00,19505.0,19545.0,19505.0,19525.0,70.0,6833850.0,7776.0
2018-01-25 22:55:00,19525.0,19525.0,19520.0,19525.0,10.0,976200.0,7772.0
2018-01-25 23:00:00,19520.0,19520.0,19520.0,19520.0,14.0,1366400.0,7776.0
2018-01-25 23:05:00,19520.0,19530.0,19520.0,19530.0,12.0,1171600.0,7782.0
2018-01-25 23:10:00,19530.0,19530.0,19515.0,19520.0,36.0,3512900.0,7754.0
2018-01-25 23:15:00,19520.0,19535.0,19520.0,19535.0,16.0,1562250.0,7754.0
2018-01-25 23:20:00,19540.0,19540.0,19535.0,19535.0,12.0,1172300.0,7758.0
2018-01-25 23:25:00,19535.0,19535.0,19525.0,19525.0,8.0,781100.0,7762.0
2018-01-25 23:30:00,19520.0,19525.0,19485.0,19490.0,50.0,4875650.0,7768.0
2018-01-25 23:35:00,19495.0,19500.0,19495.0,19500.0,6.0,584950.0,7768.0
2018-01-25 23:40:00,19500.0,19505.0,19495.0,19505.0,6.0,585000.0,7772.0
2018-01-25 23:45:00,19505.0,19520.0,19500.0,19510.0,22.0,2145950.0,7776.0
2018-01-25 23:50:00,19510.0,19510.0,19510.0,19510.0,0.0,0.0,7776.0
2018-01-25 23:55:00,19510.0,19515.0,19510.0,19515.0,8.0,780550.0,7774.0
2018-01-26 00:00:00,19520.0,19520.0,19520.0,19520.0,2.0,195200.0,7774.0
2018-01-26 00:05:00,19520.0,19520.0,19520.0,19520.0,0.0,0.0,7774.0
2018-01-26 00:10:00,19520.0,19520.0,19520.0,19520.0,0.0,0.0,7774.0
2018-01-26 00:15:00,19520.0,19520.0,19500.0,19500.0,2.0,195000.0,7774.0
2018-01-26 00:20:00,19490.0,19490.0,19490.0,19490.0,2.0,194900.0,7772.0
2018-01-26 00:25:00,19490.0,19500.0,19490.0,19500.0,2.0,195000.0,7772.0
2018-01-26 00:30:00,19500.0,19500.0,19460.0,19475.0,18.0,1752750.0,7772.0
2018-01-26 00:35:00,19475.0,19475.0,19475.0,19475.0,6.0,584250.0,7766.0
2018-01-26 00:40:00,19475.0,19475.0,19475.0,19475.0,0.0,0.0,7766.0
2018-01-26 00:45:00,19475.0,19475.0,19475.0,19475.0,0.0,0.0,7766.0
2018-01-26 00:50:00,19475.0,19475.0,19475.0,19475.0,0.0,0.0,7766.0
2018-01-26 00:55:00,19475.0,19475.0,19475.0,19475.0,0.0,0.0,7766.0
2018-01-26 09:00:00,19475.0,19490.0,19445.0,19490.0,84.0,8171650.0,7778.0
2018-01-26 09:05:00,19470.0,19475.0,19435.0,19445.0,78.0,7590450.0,7780.0
2018-01-26 09:10:00,19445.0,19465.0,19445.0,19460.0,46.0,4474150.0,7782.0
2018-01-26 09:15:00,19455.0,19455.0,19425.0,19435.0,32.0,3110050.0,7772.0
2018-01-26 09:20:00,19440.0,19450.0,19430.0,19435.0,18.0,1749300.0,7772.0
2018-01-26 09:25:00,19435.0,19445.0,19435.0,19440.0,46.0,4471500.0,7800.0
2018-01-26 09:30:00,19440.0,19450.0,19440.0,19450.0,28.0,2722300.0,7808.0
2018-01-26 09:35:00,19450.0,19450.0,19430.0,19430.0,48.0,4666300.0,7810.0
2018-01-26 09:40:00,19430.0,19430.0,19430.0,19430.0,0.0,0.0,7810.0
2018-01-26 09:45:00,19425.0,19430.0,19415.0,19415.0,24.0,2330450.0,7822.0
2018-01-26 09:50:00,19415.0,19425.0,19415.0,19425.0,14.0,1359750.0,7830.0
2018-01-26 09:55:00,19425.0,19430.0,19405.0,19410.0,54.0,5240150.0,7824.0
2018-01-26 10:00:00,19430.0,19430.0,19395.0,19410.0,96.0,9315300.0,7840.0
2018-01-26 10:05:00,19415.0,19415.0,19400.0,19410.0,54.0,5238800.0,7866.0
2018-01-26 10:10:00,19405.0,19410.0,19395.0,19395.0,48.0,4656150.0,7860.0
2018-01-26 10:30:00,19395.0,19400.0,19395.0,19395.0,12.0,1163900.0,7866.0
2018-01-26 10:35:00,19395.0,19435.0,19395.0,19435.0,14.0,1359650.0,7862.0
2018-01-26 10:40:00,19435.0,19465.0,19435.0,19460.0,120.0,11663900.0,7804.0
2018-01-26 10:45:00,19460.0,19460.0,19440.0,19440.0,64.0,6222850.0,7788.0
2018-01-26 10:50:00,19445.0,19450.0,19445.0,19450.0,28.0,2722600.0,7780.0
2018-01-26 10:55:00,19445.0,19480.0,19445.0,19480.0,32.0,3113550.0,7770.0
2018-01-26 11:00:00,19480.0,19480.0,19460.0,19460.0,2.0,194600.0,7772.0
2018-01-26 11:05:00,19460.0,19460.0,19460.0,19460.0,0.0,0.0,7772.0
2018-01-26 11:10:00,19460.0,19460.0,19460.0,19460.0,0.0,0.0,7772.0
2018-01-26 11:15:00,19460.0,19470.0,19460.0,19460.0,8.0,778550.0,7778.0
2018-01-26 11:20:00,19460.0,19465.0,19460.0,19465.0,10.0,973200.0,7778.0
2018-01-26 11:25:00,19465.0,19465.0,19455.0,19455.0,8.0,778500.0,7776.0
2018-01-26 13:30:00,19465.0,19485.0,19465.0,19485.0,10.0,973900.0,7774.0
2018-01-26 13:35:00,19485.0,19500.0,19475.0,19495.0,56.0,5455050.0,7798.0
2018-01-26 13:40:00,19495.0,19520.0,19495.0,19505.0,22.0,2146700.0,7798.0
2018-01-26 13:45:00,19505.0,19505.0,19490.0,19490.0,2.0,194900.0,7800.0
2018-01-26 13:50:00,19490.0,19490.0,19490.0,19490.0,0.0,0.0,7800.0
2018-01-26 13:55:00,19490.0,19490.0,19490.0,19490.0,0.0,0.0,7800.0
2018-01-26 14:00:00,19490.0,19495.0,19490.0,19495.0,2.0,194950.0,7802.0
2018-01-26 14:05:00,19495.0,19495.0,19495.0,19495.0,0.0,0.0,7802.0
2018-01-26 14:10:00,19495.0,19495.0,19495.0,19495.0,0.0,0.0,7802.0
2018-01-26 14:15:00,19470.0,19480.0,19470.0,19480.0,4.0,389500.0,7800.0
2018-01-26 14:20:00,19480.0,19480.0,19480.0,19480.0,0.0,0.0,7800.0
2018-01-26 14:25:00,19480.0,19480.0,19480.0,19480.0,0.0,0.0,7800.0
2018-01-26 14:30:00,19480.0,19480.0,19450.0,19450.0,14.0,1362300.0,7802.0
2018-01-26 14:35:00,19450.0,19450.0,19450.0,19450.0,8.0,778000.0,7808.0
2018-01-26 14:40:00,19450.0,19465.0,19450.0,19465.0,8.0,778400.0,7802.0
2018-01-26 14:45:00,19465.0,19495.0,19465.0,19495.0,8.0,779700.0,7798.0
2018-01-26 14:50:00,19495.0,19495.0,19495.0,19495.0,0.0,0.0,7798.0
2018-01-26 14:55:00,19495.0,19495.0,19465.0,19465.0,6.0,583950.0,7792.0
2018-01-26 21:00:00,19540.0,19560.0,19520.0,19520.0,46.0,4491550.0,7804.0
2018-01-26 21:05:00,19520.0,19520.0,19480.0,19480.0,38.0,3703400.0,7804.0
2018-01-26 21:10:00,19485.0,19485.0,19455.0,19460.0,66.0,6424000.0,7808.0
2018-01-26 21:15:00,19460.0,19480.0,19460.0,19475.0,12.0,1168650.0,7806.0
2018-01-26 21:20:00,19475.0,19495.0,19475.0,19495.0,12.0,1169600.0,7804.0
2018-01-26 21:25:00,19495.0,19530.0,19495.0,19525.0,156.0,15221900.0,7782.0
2018-01-26 21:30:00,19525.0,19525.0,19510.0,19510.0,12.0,1170600.0,7788.0
2018-01-26 21:35:00,19510.0,19515.0,19510.0,19515.0,34.0,3316750.0,7806.0
2018-01-26 21:40:00,19515.0,19520.0,19515.0,19520.0,24.0,2342150.0,7818.0
2018-01-26 21:45:00,19520.0,19520.0,19500.0,19500.0,24.0,2341500.0,7824.0
2018-01-26 21:50:00,19500.0,19505.0,19490.0,19500.0,26.0,2534300.0,7822.0
2018-01-26 21:55:00,19505.0,19505.0,19490.0,19490.0,14.0,1364850.0,7828.0
2018-01-26 22:00:00,19480.0,19485.0,19475.0,19475.0,24.0,2337500.0,7836.0
2018-01-26 22:05:00,19465.0,19465.0,19465.0,19465.0,6.0,583950.0,7836.0
2018-01-26 22:10:00,19465.0,19470.0,19465.0,19470.0,10.0,973500.0,7842.0
2018-01-26 22:15:00,19465.0,19465.0,19460.0,19460.0,6.0,583900.0,7842.0
2018-01-26 22:20:00,19460.0,19460.0,19460.0,19460.0,0.0,0.0,7842.0
2018-01-26 22:25:00,19460.0,19460.0,19460.0,19460.0,10.0,973000.0,7844.0
2018-01-26 22:30:00,19460.0,19470.0,19460.0,19470.0,8.0,778650.0,7846.0
2018-01-26 22:35:00,19470.0,19475.0,19465.0,19475.0,24.0,2336250.0,7844.0
2018-01-26 22:40:00,19470.0,19500.0,19470.0,19500.0,20.0,1948300.0,7848.0
2018-01-26 22:45:00,19505.0,19510.0,19505.0,19510.0,22.0,2145800.0,7846.0
2018-01-26 22:50:00,19515.0,19525.0,19515.0,19520.0,18.0,1756650.0,7850.0
2018-01-26 22:55:00,19520.0,19520.0,19510.0,19510.0,6.0,585350.0,7850.0
2018-01-26 23:00:00,19515.0,19515.0,19495.0,19495.0,28.0,2730400.0,7858.0
2018-01-26 23:05:00,19500.0,19505.0,19500.0,19500.0,20.0,1950050.0,7860.0
2018-01-26 23:10:00,19500.0,19500.0,19500.0,19500.0,0.0,0.0,7860.0
2018-01-26 23:15:00,19500.0,19500.0,19495.0,19495.0,2.0,194950.0,7860.0
2018-01-26 23:20:00,19495.0,19510.0,19495.0,19495.0,18.0,1755100.0,7860.0
2018-01-26 23:25:00,19495.0,19495.0,19485.0,19485.0,12.0,1169100.0,7856.0
2018-01-26 23:30:00,19490.0,19490.0,19480.0,19485.0,14.0,1363850.0,7858.0
2018-01-26 23:35:00,19485.0,19505.0,19485.0,19505.0,12.0,1169800.0,7862.0
2018-01-26 23:40:00,19505.0,19505.0,19500.0,19500.0,6.0,585000.0,7866.0
2018-01-26 23:45:00,19500.0,19500.0,19495.0,19495.0,2.0,194950.0,7866.0
2018-01-26 23:50:00,19495.0,19505.0,19495.0,19505.0,4.0,390050.0,7866.0
2018-01-26 23:55:00,19505.0,19505.0,19485.0,19500.0,18.0,1754400.0,7862.0
2018-01-27 00:00:00,19500.0,19500.0,19500.0,19500.0,0.0,0.0,7862.0
2018-01-27 00:05:00,19500.0,19500.0,19500.0,19500.0,0.0,0.0,7862.0
2018-01-27 00:10:00,19500.0,19500.0,19500.0,19500.0,0.0,0.0,7862.0
2018-01-27 00:15:00,19500.0,19500.0,19500.0,19500.0,0.0,0.0,7862.0
2018-01-27 00:20:00,19500.0,19500.0,19500.0,19500.0,0.0,0.0,7862.0
2018-01-27 00:25:00,19500.0,19500.0,19500.0,19500.0,0.0,0.0,7862.0
2018-01-27 00:30:00,19520.0,19520.0,19520.0,19520.0,2.0,195200.0,7862.0
2018-01-27 00:35:00,19520.0,19520.0,19520.0,19520.0,0.0,0.0,7862.0
2018-01-27 00:40:00,19520.0,19520.0,19520.0,19520.0,0.0,0.0,7862.0
2018-01-27 00:45:00,19520.0,19520.0,19520.0,19520.0,0.0,0.0,7862.0
2018-01-27 00:50:00,19520.0,19520.0,19520.0,19520.0,0.0,0.0,7862.0
2018-01-27 00:55:00,19520.0,19520.0,19520.0,19520.0,0.0,0.0,7862.0
2018-01-29 09:00:00,19520.0,19560.0,19515.0,19550.0,46.0,4495050.0,7844.0
2018-01-29 09:05:00,19555.0,19685.0,19555.0,19685.0,156.0,15319000.0,7848.0
2018-01-29 09:10:00,19675.0,19690.0,19650.0,19690.0,132.0,12978800.0,7868.0
2018-01-29 09:15:00,19700.0,19700.0,19640.0,19645.0,116.0,11407400.0,7866.0
2018-01-29 09:20:00,19640.0,19665.0,19630.0,19665.0,50.0,4910100.0,7872.0
2018-01-29 09:25:00,19670.0,19740.0,19670.0,19730.0,100.0,9856000.0,7876.0
2018-01-29 09:30:00,19720.0,19740.0,19685.0,19685.0,56.0,5522100.0,7864.0
2018-01-29 09:35:00,19695.0,19695.0,19675.0,19685.0,48.0,4723150.0,7886.0
2018-01-29 09:40:00,19695.0,19745.0,19690.0,19740.0,134.0,13213550.0,7948.0
2018-01-29 09:45:00,19740.0,19760.0,19735.0,19735.0,112.0,11062050.0,7942.0
2018-01-29 09:50:00,19735.0,19735.0,19700.0,19705.0,44.0,4335500.0,7968.0
2018-01-29 09:55:00,19700.0,19730.0,19700.0,19715.0,82.0,8084700.0,7994.0
2018-01-29 10:00:00,19720.0,19725.0,19720.0,19720.0,98.0,9663250.0,8060.0
2018-01-29 10:05:00,19715.0,19730.0,19700.0,19705.0,48.0,4732450.0,8084.0
2018-01-29 10:10:00,19705.0,19715.0,19685.0,19690.0,92.0,9060900.0,8130.0
2018-01-29 10:30:00,19685.0,19720.0,19685.0,19700.0,62.0,6107000.0,8138.0
2018-01-29 10:35:00,19700.0,19705.0,19690.0,19690.0,10.0,984900.0,8136.0
2018-01-29 10:40:00,19690.0,19705.0,19675.0,19705.0,18.0,1772550.0,8128.0
2018-01-29 10:45:00,19710.0,19710.0,19710.0,19710.0,4.0,394200.0,8130.0
2018-01-29 10:50:00,19705.0,19705.0,19700.0,19700.0,8.0,788050.0,8126.0
2018-01-29 10:55:00,19700.0,19705.0,19690.0,19690.0,8.0,788000.0,8128.0
2018-01-29 11:00:00,19690.0,19705.0,19690.0,19705.0,2.0,197050.0,8128.0
2018-01-29 11:05:00,19705.0,19705.0,19705.0,19705.0,0.0,0.0,8128.0
2018-01-29 11:10:00,19705.0,19715.0,19705.0,19715.0,4.0,394300.0,8126.0
2018-01-29 11:15:00,19715.0,19715.0,19715.0,19715.0,4.0,394300.0,8126.0
2018-01-29 11:20:00,19710.0,19710.0,19705.0,19710.0,16.0,1576650.0,8122.0
2018-01-29 11:25:00,19710.0,19715.0,19705.0,19715.0,22.0,2168350.0,8122.0
2018-01-29 13:30:00,19720.0,19720.0,19660.0,19660.0,32.0,3150600.0,8130.0
2018-01-29 13:35:00,19660.0,19675.0,19655.0,19675.0,6.0,590000.0,8128.0
2018-01-29 13:40:00,19670.0,19680.0,19670.0,19680.0,14.0,1377150.0,8128.0
2018-01-29 13:45:00,19710.0,19760.0,19710.0,19760.0,48.0,4737250.0,8134.0
2018-01-29 13:50:00,19770.0,19770.0,19740.0,19745.0,86.0,8496750.0,8132.0
2018-01-29 13:55:00,19745.0,19760.0,19745.0,19755.0,4.0,395150.0,8132.0
2018-01-29 14:00:00,19760.0,19760.0,19735.0,19735.0,18.0,1777450.0,8130.0
2018-01-29 14:05:00,19740.0,19740.0,19720.0,19725.0,16.0,1578100.0,8134.0
2018-01-29 14:10:00,19715.0,19720.0,19700.0,19720.0,20.0,1971050.0,8136.0
2018-01-29 14:15:00,19725.0,19740.0,19725.0,19740.0,4.0,394650.0,8136.0
2018-01-29 14:20:00,19740.0,19745.0,19730.0,19745.0,20.0,1973600.0,8134.0
2018-01-29 14:25:00,19750.0,19750.0,19735.0,19740.0,64.0,6317350.0,8168.0
2018-01-29 14:30:00,19735.0,19755.0,19735.0,19750.0,32.0,3159700.0,8178.0
2018-01-29 14:35:00,19750.0,19770.0,19750.0,19770.0,6.0,592700.0,8184.0
2018-01-29 14:40:00,19760.0,19765.0,19745.0,19755.0,48.0,4742250.0,8218.0
2018-01-29 14:45:00,19765.0,19815.0,19760.0,19760.0,136.0,13452950.0,8292.0
2018-01-29 14:50:00,19765.0,19795.0,19755.0,19755.0,52.0,5144700.0,8302.0
2018-01-29 14:55:00,19750.0,19750.0,19710.0,19725.0,60.0,5921650.0,8288.0
2018-01-29 21:00:00,19725.0,19755.0,19680.0,19685.0,74.0,7299650.0,8292.0
2018-01-29 21:05:00,19670.0,19685.0,19665.0,19670.0,78.0,7674900.0,8304.0
2018-01-29 21:10:00,19665.0,19680.0,19660.0,19675.0,32.0,3147500.0,8310.0
2018-01-29 21:15:00,19670.0,19705.0,19670.0,19680.0,72.0,7085750.0,8294.0
2018-01-29 21:20:00,19685.0,19700.0,19685.0,19685.0,128.0,12601800.0,8228.0
2018-01-29 21:25:00,19685.0,19685.0,19665.0,19670.0,196.0,19281850.0,8196.0
2018-01-29 21:30:00,19670.0,19675.0,19650.0,19655.0,122.0,11994550.0,8184.0
2018-01-29 21:35:00,19655.0,19655.0,19640.0,19650.0,92.0,9037950.0,8176.0
2018-01-29 21:40:00,19650.0,19650.0,19625.0,19630.0,44.0,4319900.0,8180.0
2018-01-29 21:45:00,19630.0,19630.0,19595.0,19600.0,100.0,9805450.0,8206.0
2018-01-29 21:50:00,19600.0,19600.0,19580.0,19590.0,64.0,6268650.0,8206.0
2018-01-29 21:55:00,19595.0,19640.0,19595.0,19630.0,24.0,2355000.0,8204.0
2018-01-29 22:00:00,19615.0,19615.0,19600.0,19605.0,30.0,2941200.0,8206.0
2018-01-29 22:05:00,19600.0,19625.0,19595.0,19620.0,24.0,2352350.0,8206.0
2018-01-29 22:10:00,19620.0,19620.0,19610.0,19620.0,46.0,4511750.0,8222.0
2018-01-29 22:15:00,19610.0,19615.0,19610.0,19610.0,18.0,1765050.0,8224.0
2018-01-29 22:20:00,19610.0,19610.0,19605.0,19610.0,14.0,1372600.0,8224.0
2018-01-29 22:25:00,19610.0,19620.0,19610.0,19615.0,10.0,980800.0,8228.0
2018-01-29 22:30:00,19615.0,19615.0,19605.0,19605.0,2.0,196050.0,8228.0
2018-01-29 22:35:00,19605.0,19620.0,19605.0,19620.0,14.0,1372900.0,8228.0
2018-01-29 22:40:00,19620.0,19620.0,19620.0,19620.0,4.0,392400.0,8226.0
2018-01-29 22:45:00,19625.0,19625.0,19620.0,19620.0,6.0,588700.0,8226.0
2018-01-29 22:50:00,19620.0,19620.0,19605.0,19605.0,4.0,392150.0,8224.0
2018-01-29 22:55:00,19605.0,19605.0,19580.0,19580.0,6.0,587500.0,8218.0
2018-01-29 23:00:00,19575.0,19600.0,19575.0,19580.0,34.0,3328100.0,8194.0
2018-01-29 23:05:00,19580.0,19600.0,19580.0,19600.0,2.0,196000.0,8194.0
2018-01-29 23:10:00,19605.0,19605.0,19595.0,19595.0,6.0,588000.0,8194.0
2018-01-29 23:15:00,19595.0,19595.0,19595.0,19595.0,0.0,0.0,8194.0
2018-01-29 23:20:00,19595.0,19595.0,19595.0,19595.0,0.0,0.0,8194.0
2018-01-29 23:25:00,19595.0,19595.0,19595.0,19595.0,0.0,0.0,8194.0
2018-01-29 23:30:00,19595.0,19620.0,19595.0,19615.0,4.0,392350.0,8196.0
2018-01-29 23:35:00,19615.0,19615.0,19615.0,19615.0,0.0,0.0,8196.0
2018-01-29 23:40:00,19615.0,19615.0,19615.0,19615.0,0.0,0.0,8196.0
2018-01-29 23:45:00,19615.0,19615.0,19580.0,19580.0,2.0,195800.0,8198.0
2018-01-29 23:50:00,19580.0,19580.0,19530.0,19535.0,64.0,6255700.0,8192.0
2018-01-29 23:55:00,19535.0,19535.0,19530.0,19535.0,28.0,2734250.0,8206.0
2018-01-30 00:00:00,19535.0,19535.0,19530.0,19530.0,2.0,195300.0,8206.0
2018-01-30 00:05:00,19535.0,19540.0,19530.0,19540.0,24.0,2344200.0,8210.0
2018-01-30 00:10:00,19540.0,19545.0,19535.0,19535.0,12.0,1172300.0,8202.0
2018-01-30 00:15:00,19535.0,19535.0,19535.0,19535.0,0.0,0.0,8202.0
2018-01-30 00:20:00,19535.0,19570.0,19535.0,19550.0,16.0,1564700.0,8206.0
2018-01-30 00:25:00,19550.0,19550.0,19550.0,19550.0,0.0,0.0,8206.0
2018-01-30 00:30:00,19550.0,19550.0,19550.0,19550.0,0.0,0.0,8206.0
2018-01-30 00:35:00,19550.0,19550.0,19535.0,19535.0,10.0,976900.0,8200.0
2018-01-30 00:40:00,19515.0,19515.0,19500.0,19500.0,20.0,1950150.0,8202.0
2018-01-30 00:45:00,19500.0,19505.0,19500.0,19505.0,4.0,390050.0,8202.0
2018-01-30 00:50:00,19505.0,19505.0,19465.0,19465.0,8.0,778800.0,8204.0
2018-01-30 00:55:00,19465.0,19540.0,19465.0,19540.0,12.0,1171550.0,8208.0
2018-01-30 09:00:00,19550.0,19565.0,19500.0,19560.0,86.0,8399600.0,8202.0
2018-01-30 09:05:00,19560.0,19585.0,19560.0,19575.0,98.0,9589000.0,8200.0
2018-01-30 09:10:00,19575.0,19585.0,19565.0,19565.0,28.0,2741150.0,8202.0
2018-01-30 09:15:00,19565.0,19580.0,19565.0,19580.0,10.0,979000.0,8202.0
2018-01-30 09:20:00,19580.0,19600.0,19570.0,19590.0,24.0,2350700.0,8200.0
2018-01-30 09:25:00,19600.0,19605.0,19600.0,19600.0,42.0,4116500.0,8190.0
2018-01-30 09:30:00,19605.0,19630.0,19605.0,19615.0,34.0,3335500.0,8192.0
2018-01-30 09:35:00,19615.0,19620.0,19610.0,19610.0,20.0,1961400.0,8186.0
2018-01-30 09:40:00,19605.0,19625.0,19605.0,19625.0,32.0,3138050.0,8182.0
2018-01-30 09:45:00,19615.0,19640.0,19615.0,19640.0,22.0,2159200.0,8190.0
2018-01-30 09:50:00,19635.0,19650.0,19635.0,19640.0,46.0,4517700.0,8188.0
2018-01-30 09:55:00,19645.0,19645.0,19635.0,19635.0,48.0,4713900.0,8200.0
2018-01-30 10:00:00,19635.0,19650.0,19635.0,19640.0,50.0,4911050.0,8208.0
2018-01-30 10:05:00,19640.0,19640.0,19635.0,19635.0,16.0,1570800.0,8208.0
2018-01-30 10:10:00,19635.0,19635.0,19630.0,19630.0,12.0,1178050.0,8202.0
2018-01-30 10:30:00,19640.0,19645.0,19635.0,19645.0,70.0,6874050.0,8218.0
2018-01-30 10:35:00,19645.0,19645.0,19640.0,19645.0,44.0,4321700.0,8244.0
2018-01-30 10:40:00,19645.0,19645.0,19640.0,19640.0,32.0,3142500.0,8268.0
2018-01-30 10:45:00,19640.0,19640.0,19635.0,19635.0,38.0,3731400.0,8286.0
2018-01-30 10:50:00,19635.0,19635.0,19630.0,19635.0,12.0,1178050.0,8280.0
2018-01-30 10:55:00,19635.0,19635.0,19630.0,19630.0,22.0,2159300.0,8268.0
2018-01-30 11:00:00,19630.0,19635.0,19630.0,19635.0,4.0,392700.0,8268.0
2018-01-30 11:05:00,19630.0,19630.0,19540.0,19540.0,144.0,14093800.0,8296.0
2018-01-30 11:10:00,19535.0,19560.0,19535.0,19550.0,218.0,21304200.0,8354.0
2018-01-30 11:15:00,19550.0,19555.0,19495.0,19500.0,198.0,19324400.0,8374.0
2018-01-30 11:20:00,19500.0,19530.0,19500.0,19530.0,42.0,4099000.0,8368.0
2018-01-30 11:25:00,19530.0,19530.0,19515.0,19515.0,18.0,1756850.0,8366.0
2018-01-30 13:30:00,19510.0,19510.0,19485.0,19485.0,112.0,10919700.0,8374.0
2018-01-30 13:35:00,19480.0,19490.0,19480.0,19490.0,48.0,4676150.0,8374.0
2018-01-30 13:40:00,19490.0,19510.0,19485.0,19505.0,44.0,4289200.0,8376.0
2018-01-30 13:45:00,19470.0,19485.0,19470.0,19475.0,72.0,7012000.0,8366.0
2018-01-30 13:50:00,19475.0,19495.0,19475.0,19495.0,6.0,584650.0,8368.0
2018-01-30 13:55:00,19495.0,19495.0,19480.0,19485.0,12.0,1169150.0,8370.0
2018-01-30 14:00:00,19480.0,19500.0,19480.0,19495.0,36.0,3508750.0,8372.0
2018-01-30 14:05:00,19495.0,19510.0,19490.0,19510.0,12.0,1170100.0,8370.0
2018-01-30 14:10:00,19505.0,19510.0,19495.0,19510.0,32.0,3120250.0,8366.0
2018-01-30 14:15:00,19510.0,19525.0,19500.0,19505.0,28.0,2731600.0,8366.0
2018-01-30 14:20:00,19500.0,19500.0,19470.0,19490.0,180.0,17536200.0,8470.0
2018-01-30 14:25:00,19490.0,19510.0,19490.0,19510.0,64.0,6238350.0,8496.0
2018-01-30 14:30:00,19510.0,19530.0,19510.0,19520.0,22.0,2146900.0,8494.0
2018-01-30 14:35:00,19520.0,19520.0,19490.0,19495.0,14.0,1364950.0,8498.0
2018-01-30 14:40:00,19490.0,19500.0,19480.0,19490.0,72.0,7015550.0,8498.0
2018-01-30 14:45:00,19495.0,19495.0,19480.0,19480.0,30.0,2923050.0,8500.0
2018-01-30 14:50:00,19470.0,19480.0,19470.0,19475.0,54.0,5257450.0,8500.0
2018-01-30 14:55:00,19480.0,19495.0,19475.0,19475.0,18.0,1753750.0,8494.0
2018-01-30 21:00:00,19540.0,19600.0,19540.0,19555.0,42.0,4110600.0,8500.0
2018-01-30 21:05:00,19555.0,19555.0,19545.0,19545.0,28.0,2737150.0,8502.0
2018-01-30 21:10:00,19545.0,19545.0,19495.0,19520.0,48.0,4683950.0,8500.0
2018-01-30 21:15:00,19525.0,19550.0,19525.0,19545.0,20.0,1953600.0,8502.0
2018-01-30 21:20:00,19550.0,19555.0,19535.0,19545.0,26.0,2541050.0,8498.0
2018-01-30 21:25:00,19545.0,19545.0,19525.0,19525.0,22.0,2148500.0,8504.0
2018-01-30 21:30:00,19520.0,19525.0,19505.0,19515.0,44.0,4294000.0,8512.0
2018-01-30 21:35:00,19515.0,19525.0,19510.0,19510.0,30.0,2927800.0,8504.0
2018-01-30 21:40:00,19510.0,19515.0,19500.0,19510.0,36.0,3511550.0,8524.0
2018-01-30 21:45:00,19510.0,19510.0,19495.0,19500.0,12.0,1170100.0,8524.0
2018-01-30 21:50:00,19500.0,19500.0,19500.0,19500.0,2.0,195000.0,8524.0
2018-01-30 21:55:00,19500.0,19505.0,19500.0,19505.0,8.0,780050.0,8522.0
2018-01-30 22:00:00,19505.0,19515.0,19505.0,19505.0,8.0,780300.0,8522.0
2018-01-30 22:05:00,19500.0,19500.0,19500.0,19500.0,2.0,195000.0,8524.0
2018-01-30 22:10:00,19500.0,19510.0,19500.0,19510.0,4.0,390150.0,8522.0
2018-01-30 22:15:00,19510.0,19510.0,19505.0,19505.0,6.0,585250.0,8522.0
2018-01-30 22:20:00,19505.0,19505.0,19505.0,19505.0,0.0,0.0,8522.0
2018-01-30 22:25:00,19520.0,19525.0,19510.0,19510.0,14.0,1366400.0,8516.0
2018-01-30 22:30:00,19510.0,19510.0,19490.0,19490.0,2.0,194900.0,8516.0
2018-01-30 22:35:00,19490.0,19490.0,19490.0,19490.0,4.0,389800.0,8518.0
2018-01-30 22:40:00,19475.0,19485.0,19450.0,19485.0,20.0,1947250.0,8506.0
2018-01-30 22:45:00,19480.0,19480.0,19470.0,19475.0,8.0,779000.0,8508.0
2018-01-30 22:50:00,19475.0,19495.0,19475.0,19495.0,6.0,584800.0,8506.0
2018-01-30 22:55:00,19495.0,19495.0,19475.0,19480.0,12.0,1168750.0,8504.0
2018-01-30 23:00:00,19480.0,19480.0,19480.0,19480.0,2.0,194800.0,8506.0
2018-01-30 23:05:00,19485.0,19485.0,19465.0,19465.0,8.0,779100.0,8500.0
2018-01-30 23:10:00,19450.0,19460.0,19450.0,19460.0,16.0,1556200.0,8488.0
2018-01-30 23:15:00,19450.0,19450.0,19450.0,19450.0,4.0,389000.0,8486.0
2018-01-30 23:20:00,19455.0,19465.0,19450.0,19450.0,8.0,778300.0,8484.0
2018-01-30 23:25:00,19455.0,19455.0,19415.0,19425.0,10.0,971700.0,8478.0
2018-01-30 23:30:00,19425.0,19425.0,19425.0,19425.0,2.0,194250.0,8478.0
2018-01-30 23:35:00,19425.0,19425.0,19425.0,19425.0,0.0,0.0,8478.0
2018-01-30 23:40:00,19435.0,19440.0,19435.0,19440.0,6.0,583150.0,8476.0
2018-01-30 23:45:00,19440.0,19440.0,19440.0,19440.0,0.0,0.0,8476.0
2018-01-30 23:50:00,19440.0,19440.0,19440.0,19440.0,0.0,0.0,8476.0
2018-01-30 23:55:00,19430.0,19430.0,19430.0,19430.0,6.0,582900.0,8476.0
2018-01-31 00:00:00,19430.0,19430.0,19430.0,19430.0,6.0,582900.0,8470.0
2018-01-31 00:05:00,19430.0,19430.0,19430.0,19430.0,0.0,0.0,8470.0
2018-01-31 00:10:00,19430.0,19430.0,19430.0,19430.0,0.0,0.0,8470.0
2018-01-31 00:15:00,19430.0,19430.0,19420.0,19420.0,4.0,388400.0,8466.0
2018-01-31 00:20:00,19435.0,19450.0,19435.0,19445.0,12.0,1166650.0,8468.0
2018-01-31 00:25:00,19445.0,19445.0,19445.0,19445.0,0.0,0.0,8468.0
2018-01-31 00:30:00,19445.0,19445.0,19445.0,19445.0,0.0,0.0,8468.0
2018-01-31 00:35:00,19445.0,19445.0,19445.0,19445.0,0.0,0.0,8468.0
2018-01-31 00:40:00,19445.0,19445.0,19445.0,19445.0,6.0,583350.0,8466.0
2018-01-31 00:45:00,19445.0,19445.0,19445.0,19445.0,0.0,0.0,8466.0
2018-01-31 00:50:00,19445.0,19445.0,19435.0,19435.0,2.0,194350.0,8466.0
2018-01-31 00:55:00,19435.0,19435.0,19435.0,19435.0,0.0,0.0,8466.0
2018-01-31 09:00:00,19465.0,19465.0,19445.0,19445.0,6.0,583700.0,8468.0
2018-01-31 09:05:00,19430.0,19480.0,19420.0,19475.0,58.0,5641550.0,8482.0
2018-01-31 09:10:00,19470.0,19470.0,19430.0,19440.0,12.0,1166900.0,8480.0
2018-01-31 09:15:00,19440.0,19440.0,19415.0,19415.0,12.0,1165750.0,8480.0
2018-01-31 09:20:00,19410.0,19410.0,19390.0,19390.0,30.0,2909400.0,8472.0
2018-01-31 09:25:00,19390.0,19400.0,19370.0,19380.0,16.0,1550400.0,8470.0
2018-01-31 09:30:00,19380.0,19405.0,19380.0,19405.0,18.0,1746250.0,8464.0
2018-01-31 09:35:00,19405.0,19405.0,19395.0,19395.0,2.0,193950.0,8464.0
2018-01-31 09:40:00,19400.0,19400.0,19400.0,19400.0,2.0,194000.0,8464.0
2018-01-31 09:45:00,19400.0,19400.0,19400.0,19400.0,0.0,0.0,8464.0
2018-01-31 09:50:00,19400.0,19400.0,19365.0,19375.0,26.0,2518550.0,8458.0
2018-01-31 09:55:00,19370.0,19370.0,19350.0,19360.0,36.0,3483500.0,8488.0
2018-01-31 10:00:00,19385.0,19390.0,19380.0,19390.0,14.0,1357150.0,8486.0
2018-01-31 10:05:00,19390.0,19395.0,19385.0,19390.0,16.0,1551200.0,8476.0
2018-01-31 10:10:00,19385.0,19400.0,19385.0,19400.0,12.0,1163700.0,8472.0
2018-01-31 10:30:00,19400.0,19400.0,19400.0,19400.0,4.0,388000.0,8468.0
2018-01-31 10:35:00,19400.0,19420.0,19400.0,19405.0,10.0,970700.0,8462.0
2018-01-31 10:40:00,19405.0,19405.0,19395.0,19395.0,28.0,2716000.0,8460.0
2018-01-31 10:45:00,19400.0,19410.0,19400.0,19410.0,26.0,2523000.0,8468.0
2018-01-31 10:50:00,19400.0,19400.0,19400.0,19400.0,4.0,388000.0,8468.0
2018-01-31 10:55:00,19400.0,19405.0,19395.0,19405.0,14.0,1358250.0,8468.0
2018-01-31 11:00:00,19405.0,19415.0,19405.0,19415.0,22.0,2135250.0,8474.0
2018-01-31 11:05:00,19415.0,19440.0,19415.0,19430.0,32.0,3107900.0,8470.0
2018-01-31 11:10:00,19435.0,19465.0,19435.0,19455.0,10.0,972500.0,8476.0
2018-01-31 11:15:00,19455.0,19460.0,19455.0,19455.0,4.0,389150.0,8478.0
2018-01-31 11:20:00,19445.0,19445.0,19440.0,19440.0,30.0,2916600.0,8482.0
2018-01-31 11:25:00,19425.0,19445.0,19410.0,19445.0,18.0,1748100.0,8480.0
2018-01-31 13:30:00,19455.0,19455.0,19440.0,19455.0,22.0,2139900.0,8480.0
2018-01-31 13:35:00,19445.0,19465.0,19440.0,19440.0,60.0,5835850.0,8464.0
2018-01-31 13:40:00,19440.0,19440.0,19405.0,19415.0,80.0,7768000.0,8440.0
2018-01-31 13:45:00,19425.0,19425.0,19405.0,19405.0,24.0,2330600.0,8428.0
2018-01-31 13:50:00,19410.0,19415.0,19410.0,19415.0,8.0,776550.0,8428.0
2018-01-31 13:55:00,19415.0,19420.0,19405.0,19405.0,8.0,776550.0,8420.0
2018-01-31 14:00:00,19405.0,19420.0,19405.0,19420.0,6.0,582600.0,8420.0
2018-01-31 14:05:00,19420.0,19420.0,19405.0,19405.0,22.0,2134750.0,8416.0
2018-01-31 14:10:00,19405.0,19405.0,19405.0,19405.0,0.0,0.0,8416.0
2018-01-31 14:15:00,19405.0,19405.0,19395.0,19400.0,14.0,1357800.0,8424.0
2018-01-31 14:20:00,19410.0,19410.0,19410.0,19410.0,8.0,776400.0,8418.0
2018-01-31 14:25:00,19410.0,19435.0,19410.0,19435.0,106.0,10298600.0,8388.0
2018-01-31 14:30:00,19425.0,19440.0,19420.0,19425.0,54.0,5247050.0,8374.0
2018-01-31 14:35:00,19435.0,19460.0,19435.0,19450.0,62.0,6029050.0,8396.0
2018-01-31 14:40:00,19460.0,19470.0,19450.0,19465.0,132.0,12841650.0,8514.0
2018-01-31 14:45:00,19465.0,19465.0,19440.0,19460.0,138.0,13422000.0,8556.0
2018-01-31 14:50:00,19460.0,19460.0,19420.0,19420.0,104.0,10109400.0,8530.0
2018-01-31 14:55:00,19430.0,19435.0,19400.0,19400.0,24.0,2330500.0,8542.0
2018-01-31 21:00:00,19450.0,19475.0,19435.0,19460.0,126.0,12259400.0,8520.0
2018-01-31 21:05:00,19460.0,19460.0,19425.0,19440.0,54.0,5250000.0,8526.0
2018-01-31 21:10:00,19440.0,19455.0,19425.0,19425.0,36.0,3498850.0,8524.0
2018-01-31 21:15:00,19425.0,19455.0,19425.0,19445.0,84.0,8166000.0,8542.0
2018-01-31 21:20:00,19445.0,19445.0,19440.0,19440.0,20.0,1944100.0,8554.0
2018-01-31 21:25:00,19440.0,19440.0,19420.0,19425.0,14.0,1359650.0,8544.0
2018-01-31 21:30:00,19420.0,19420.0,19420.0,19420.0,10.0,971000.0,8548.0
2018-01-31 21:35:00,19420.0,19420.0,19420.0,19420.0,0.0,0.0,8548.0
2018-01-31 21:40:00,19420.0,19420.0,19420.0,19420.0,30.0,2913000.0,8546.0
2018-01-31 21:45:00,19430.0,19465.0,19430.0,19465.0,8.0,777950.0,8546.0
2018-01-31 21:50:00,19465.0,19500.0,19465.0,19500.0,14.0,1364150.0,8548.0
2018-01-31 21:55:00,19505.0,19505.0,19470.0,19475.0,20.0,1948900.0,8548.0
2018-01-31 22:00:00,19480.0,19480.0,19465.0,19465.0,4.0,389450.0,8546.0
2018-01-31 22:05:00,19465.0,19470.0,19460.0,19460.0,8.0,778600.0,8548.0
2018-01-31 22:10:00,19465.0,19465.0,19465.0,19465.0,2.0,194650.0,8548.0
2018-01-31 22:15:00,19465.0,19465.0,19465.0,19465.0,0.0,0.0,8548.0
2018-01-31 22:20:00,19445.0,19445.0,19445.0,19445.0,12.0,1166700.0,8538.0
2018-01-31 22:25:00,19445.0,19445.0,19435.0,19435.0,6.0,583150.0,8534.0
2018-01-31 22:30:00,19435.0,19440.0,19435.0,19440.0,2.0,194400.0,8532.0
2018-01-31 22:35:00,19440.0,19440.0,19440.0,19440.0,0.0,0.0,8532.0
2018-01-31 22:40:00,19440.0,19440.0,19430.0,19430.0,4.0,388700.0,8536.0
2018-01-31 22:45:00,19430.0,19430.0,19415.0,19415.0,6.0,582750.0,8542.0
2018-01-31 22:50:00,19425.0,19425.0,19420.0,19420.0,6.0,582650.0,8538.0
2018-01-31 22:55:00,19420.0,19425.0,19420.0,19425.0,4.0,388500.0,8536.0
2018-01-31 23:00:00,19430.0,19435.0,19430.0,19430.0,94.0,9132950.0,8482.0
2018-01-31 23:05:00,19430.0,19430.0,19425.0,19425.0,18.0,1748650.0,8474.0
2018-01-31 23:10:00,19430.0,19430.0,19400.0,19405.0,62.0,6018400.0,8474.0
2018-01-31 23:15:00,19400.0,19410.0,19380.0,19410.0,44.0,4265700.0,8468.0
2018-01-31 23:20:00,19410.0,19410.0,19410.0,19410.0,2.0,194100.0,8468.0
2018-01-31 23:25:00,19410.0,19410.0,19410.0,19410.0,2.0,194100.0,8470.0
2018-01-31 23:30:00,19410.0,19410.0,19410.0,19410.0,2.0,194100.0,8468.0
2018-01-31 23:35:00,19410.0,19410.0,19410.0,19410.0,0.0,0.0,8468.0
2018-01-31 23:40:00,19410.0,19410.0,19410.0,19410.0,0.0,0.0,8468.0
2018-01-31 23:45:00,19410.0,19420.0,19410.0,19420.0,2.0,194200.0,8468.0
2018-01-31 23:50:00,19420.0,19420.0,19420.0,19420.0,0.0,0.0,8468.0
2018-01-31 23:55:00,19420.0,19420.0,19420.0,19420.0,0.0,0.0,8468.0
2018-02-01 00:00:00,19420.0,19420.0,19420.0,19420.0,0.0,0.0,8468.0
2018-02-01 00:05:00,19420.0,19420.0,19420.0,19420.0,0.0,0.0,8468.0
2018-02-01 00:10:00,19420.0,19420.0,19420.0,19420.0,0.0,0.0,8468.0
2018-02-01 00:15:00,19420.0,19420.0,19420.0,19420.0,0.0,0.0,8468.0
2018-02-01 00:20:00,19420.0,19420.0,19420.0,19420.0,0.0,0.0,8468.0
2018-02-01 00:25:00,19420.0,19420.0,19420.0,19420.0,0.0,0.0,8468.0
2018-02-01 00:30:00,19420.0,19420.0,19420.0,19420.0,0.0,0.0,8468.0
2018-02-01 00:35:00,19420.0,19420.0,19420.0,19420.0,0.0,0.0,8468.0
2018-02-01 00:40:00,19420.0,19420.0,19420.0,19420.0,0.0,0.0,8468.0
2018-02-01 00:45:00,19420.0,19420.0,19420.0,19420.0,0.0,0.0,8468.0
2018-02-01 00:50:00,19420.0,19420.0,19400.0,19400.0,10.0,970050.0,8468.0
2018-02-01 00:55:00,19400.0,19400.0,19400.0,19400.0,0.0,0.0,8468.0
2018-02-01 09:00:00,19400.0,19440.0,19400.0,19435.0,102.0,9906500.0,8490.0
2018-02-01 09:05:00,19465.0,19470.0,19445.0,19445.0,30.0,2917300.0,8504.0
2018-02-01 09:10:00,19445.0,19465.0,19430.0,19465.0,72.0,6998600.0,8476.0
2018-02-01 09:15:00,19465.0,19465.0,19465.0,19465.0,0.0,0.0,8476.0
2018-02-01 09:20:00,19465.0,19465.0,19450.0,19450.0,2.0,194500.0,8476.0
2018-02-01 09:25:00,19450.0,19465.0,19450.0,19460.0,6.0,583900.0,8476.0
2018-02-01 09:30:00,19460.0,19460.0,19460.0,19460.0,0.0,0.0,8476.0
2018-02-01 09:35:00,19460.0,19470.0,19460.0,19470.0,4.0,389300.0,8478.0
2018-02-01 09:40:00,19470.0,19470.0,19470.0,19470.0,2.0,194700.0,8478.0
2018-02-01 09:45:00,19470.0,19470.0,19460.0,19465.0,32.0,3113650.0,8468.0
2018-02-01 09:50:00,19465.0,19475.0,19465.0,19475.0,2.0,194750.0,8468.0
2018-02-01 09:55:00,19500.0,19520.0,19500.0,19500.0,16.0,1560950.0,8462.0
2018-02-01 10:00:00,19500.0,19500.0,19500.0,19500.0,0.0,0.0,8462.0
2018-02-01 10:05:00,19500.0,19500.0,19485.0,19485.0,2.0,194850.0,8462.0
2018-02-01 10:10:00,19485.0,19500.0,19485.0,19500.0,10.0,975000.0,8458.0
2018-02-01 10:30:00,19495.0,19525.0,19495.0,19525.0,24.0,2342400.0,8464.0
2018-02-01 10:35:00,19525.0,19525.0,19505.0,19505.0,4.0,390150.0,8466.0
2018-02-01 10:40:00,19505.0,19505.0,19480.0,19480.0,4.0,389750.0,8466.0
2018-02-01 10:45:00,19480.0,19480.0,19480.0,19480.0,0.0,0.0,8466.0
2018-02-01 10:50:00,19480.0,19480.0,19465.0,19465.0,12.0,1167900.0,8468.0
2018-02-01 10:55:00,19465.0,19465.0,19465.0,19465.0,0.0,0.0,8468.0
2018-02-01 11:00:00,19480.0,19480.0,19480.0,19480.0,6.0,584400.0,8470.0
2018-02-01 11:05:00,19480.0,19480.0,19465.0,19475.0,12.0,1168150.0,8470.0
2018-02-01 11:10:00,19475.0,19475.0,19475.0,19475.0,0.0,0.0,8470.0
2018-02-01 11:15:00,19500.0,19500.0,19495.0,19495.0,20.0,1949750.0,8478.0
2018-02-01 11:20:00,19495.0,19500.0,19495.0,19500.0,2.0,195000.0,8480.0
2018-02-01 11:25:00,19500.0,19500.0,19490.0,19490.0,4.0,389850.0,8480.0
2018-02-01 13:30:00,19485.0,19485.0,19460.0,19475.0,14.0,1362850.0,8476.0
2018-02-01 13:35:00,19475.0,19485.0,19465.0,19465.0,90.0,8764700.0,8486.0
2018-02-01 13:40:00,19465.0,19470.0,19450.0,19465.0,14.0,1362300.0,8484.0
2018-02-01 13:45:00,19475.0,19475.0,19440.0,19440.0,14.0,1361950.0,8488.0
2018-02-01 13:50:00,19440.0,19470.0,19435.0,19470.0,36.0,3500800.0,8490.0
2018-02-01 13:55:00,19470.0,19500.0,19470.0,19490.0,78.0,7600750.0,8458.0
2018-02-01 14:00:00,19525.0,19550.0,19525.0,19540.0,26.0,2540200.0,8470.0
2018-02-01 14:05:00,19540.0,19545.0,19530.0,19545.0,8.0,781550.0,8470.0
2018-02-01 14:10:00,19545.0,19550.0,19540.0,19540.0,26.0,2540750.0,8486.0
2018-02-01 14:15:00,19540.0,19600.0,19540.0,19590.0,74.0,7245300.0,8532.0
2018-02-01 14:20:00,19585.0,19590.0,19565.0,19590.0,40.0,3914650.0,8554.0
2018-02-01 14:25:00,19590.0,19605.0,19580.0,19590.0,204.0,19985150.0,8558.0
2018-02-01 14:30:00,19590.0,19625.0,19580.0,19585.0,70.0,6856250.0,8598.0
2018-02-01 14:35:00,19585.0,19590.0,19575.0,19580.0,180.0,17625100.0,8722.0
2018-02-01 14:40:00,19585.0,19585.0,19560.0,19565.0,106.0,10374900.0,8810.0
2018-02-01 14:45:00,19565.0,19595.0,19565.0,19590.0,48.0,4698500.0,8816.0
2018-02-01 14:50:00,19590.0,19590.0,19580.0,19580.0,24.0,2349700.0,8826.0
2018-02-01 14:55:00,19580.0,19580.0,19555.0,19555.0,6.0,586850.0,8828.0
2018-02-01 21:00:00,19620.0,19725.0,19620.0,19700.0,156.0,15365500.0,8856.0
2018-02-01 21:05:00,19700.0,19730.0,19690.0,19720.0,44.0,4336900.0,8860.0
2018-02-01 21:10:00,19720.0,19755.0,19720.0,19725.0,140.0,13817350.0,8944.0
2018-02-01 21:15:00,19725.0,19740.0,19715.0,19715.0,114.0,11242750.0,9046.0
2018-02-01 21:20:00,19720.0,19720.0,19680.0,19680.0,68.0,6698600.0,9052.0
2018-02-01 21:25:00,19685.0,19690.0,19670.0,19670.0,10.0,983850.0,9052.0
2018-02-01 21:30:00,19680.0,19685.0,19670.0,19685.0,12.0,1180600.0,9054.0
2018-02-01 21:35:00,19675.0,19690.0,19665.0,19690.0,44.0,4328300.0,9090.0
2018-02-01 21:40:00,19690.0,19720.0,19680.0,19720.0,54.0,5315450.0,9128.0
2018-02-01 21:45:00,19695.0,19695.0,19675.0,19675.0,38.0,3739300.0,9142.0
2018-02-01 21:50:00,19670.0,19680.0,19665.0,19670.0,18.0,1770350.0,9146.0
2018-02-01 21:55:00,19670.0,19680.0,19670.0,19670.0,16.0,1574050.0,9160.0
2018-02-01 22:00:00,19670.0,19675.0,19640.0,19650.0,58.0,5698900.0,9204.0
2018-02-01 22:05:00,19650.0,19650.0,19620.0,19620.0,42.0,4122600.0,9224.0
2018-02-01 22:10:00,19625.0,19625.0,19615.0,19625.0,24.0,2354300.0,9222.0
2018-02-01 22:15:00,19630.0,19635.0,19630.0,19635.0,20.0,1963350.0,9228.0
2018-02-01 22:20:00,19640.0,19640.0,19635.0,19635.0,4.0,392750.0,9230.0
2018-02-01 22:25:00,19640.0,19650.0,19640.0,19650.0,20.0,1964450.0,9232.0
2018-02-01 22:30:00,19650.0,19650.0,19630.0,19630.0,6.0,588900.0,9230.0
2018-02-01 22:35:00,19630.0,19655.0,19630.0,19655.0,26.0,2554600.0,9250.0
2018-02-01 22:40:00,19660.0,19675.0,19660.0,19665.0,14.0,1376400.0,9258.0
2018-02-01 22:45:00,19665.0,19665.0,19650.0,19650.0,16.0,1572450.0,9256.0
2018-02-01 22:50:00,19685.0,19685.0,19665.0,19665.0,16.0,1574000.0,9262.0
2018-02-01 22:55:00,19665.0,19665.0,19645.0,19645.0,2.0,196450.0,9264.0
2018-02-01 23:00:00,19645.0,19645.0,19635.0,19635.0,2.0,196350.0,9264.0
2018-02-01 23:05:00,19635.0,19635.0,19635.0,19635.0,0.0,0.0,9264.0
2018-02-01 23:10:00,19635.0,19640.0,19630.0,19640.0,6.0,589050.0,9266.0
2018-02-01 23:15:00,19630.0,19635.0,19625.0,19635.0,8.0,785250.0,9268.0
2018-02-01 23:20:00,19635.0,19635.0,19635.0,19635.0,0.0,0.0,9268.0
2018-02-01 23:25:00,19635.0,19635.0,19635.0,19635.0,0.0,0.0,9268.0
2018-02-01 23:30:00,19635.0,19665.0,19635.0,19665.0,10.0,983250.0,9270.0
2018-02-01 23:35:00,19665.0,19665.0,19665.0,19665.0,4.0,393300.0,9274.0
2018-02-01 23:40:00,19670.0,19670.0,19665.0,19670.0,12.0,1180100.0,9280.0
2018-02-01 23:45:00,19670.0,19690.0,19670.0,19670.0,36.0,3542300.0,9288.0
2018-02-01 23:50:00,19665.0,19665.0,19665.0,19665.0,4.0,393300.0,9292.0
2018-02-01 23:55:00,19665.0,19675.0,19665.0,19675.0,18.0,1770200.0,9310.0
2018-02-02 00:00:00,19670.0,19670.0,19665.0,19665.0,6.0,590050.0,9314.0
2018-02-02 00:05:00,19665.0,19665.0,19660.0,19660.0,2.0,196600.0,9312.0
2018-02-02 00:10:00,19660.0,19660.0,19660.0,19660.0,8.0,786400.0,9318.0
2018-02-02 00:15:00,19660.0,19710.0,19660.0,19705.0,110.0,10839100.0,9338.0
2018-02-02 00:20:00,19705.0,19705.0,19700.0,19705.0,6.0,591050.0,9340.0
2018-02-02 00:25:00,19705.0,19705.0,19685.0,19685.0,10.0,985050.0,9346.0
2018-02-02 00:30:00,19680.0,19705.0,19675.0,19705.0,10.0,984450.0,9346.0
2018-02-02 00:35:00,19705.0,19705.0,19705.0,19705.0,0.0,0.0,9346.0
2018-02-02 00:40:00,19705.0,19710.0,19705.0,19710.0,4.0,394150.0,9348.0
2018-02-02 00:45:00,19710.0,19720.0,19710.0,19720.0,4.0,394400.0,9348.0
2018-02-02 00:50:00,19720.0,19720.0,19710.0,19710.0,10.0,985750.0,9354.0
2018-02-02 00:55:00,19710.0,19710.0,19645.0,19645.0,4.0,393100.0,9354.0
2018-02-02 09:00:00,19675.0,19700.0,19675.0,19685.0,30.0,2952200.0,9346.0
2018-02-02 09:05:00,19700.0,19700.0,19645.0,19660.0,18.0,1771300.0,9340.0
2018-02-02 09:10:00,19660.0,19685.0,19650.0,19685.0,38.0,3736950.0,9350.0
2018-02-02 09:15:00,19685.0,19700.0,19685.0,19700.0,32.0,3151750.0,9356.0
2018-02-02 09:20:00,19700.0,19715.0,19700.0,19710.0,38.0,3744000.0,9368.0
2018-02-02 09:25:00,19715.0,19715.0,19680.0,19680.0,38.0,3744000.0,9396.0
2018-02-02 09:30:00,19680.0,19705.0,19680.0,19705.0,4.0,394050.0,9396.0
2018-02-02 09:35:00,19705.0,19705.0,19670.0,19690.0,14.0,1378450.0,9398.0
2018-02-02 09:40:00,19690.0,19695.0,19680.0,19680.0,24.0,2361900.0,9416.0
2018-02-02 09:45:00,19680.0,19685.0,19680.0,19685.0,22.0,2164850.0,9428.0
2018-02-02 09:50:00,19690.0,19700.0,19675.0,19675.0,26.0,2559950.0,9442.0
2018-02-02 09:55:00,19675.0,19675.0,19665.0,19665.0,12.0,1180400.0,9442.0
2018-02-02 10:00:00,19665.0,19665.0,19660.0,19665.0,10.0,983050.0,9444.0
2018-02-02 10:05:00,19665.0,19665.0,19645.0,19645.0,14.0,1375350.0,9452.0
2018-02-02 10:10:00,19645.0,19650.0,19645.0,19645.0,12.0,1178800.0,9458.0
2018-02-02 10:30:00,19650.0,19660.0,19640.0,19645.0,20.0,1965050.0,9466.0
2018-02-02 10:35:00,19650.0,19650.0,19645.0,19645.0,4.0,392950.0,9464.0
2018-02-02 10:40:00,19645.0,19645.0,19625.0,19625.0,8.0,785200.0,9466.0
2018-02-02 10:45:00,19625.0,19630.0,19625.0,19630.0,22.0,2158800.0,9480.0
2018-02-02 10:50:00,19630.0,19630.0,19610.0,19615.0,34.0,3335850.0,9504.0
2018-02-02 10:55:00,19610.0,19615.0,19600.0,19610.0,316.0,30979750.0,9674.0
2018-02-02 11:00:00,19605.0,19615.0,19600.0,19600.0,196.0,19213650.0,9786.0
2018-02-02 11:05:00,19580.0,19600.0,19580.0,19600.0,76.0,7442100.0,9810.0
2018-02-02 11:10:00,19585.0,19585.0,19580.0,19580.0,80.0,7832900.0,9862.0
2018-02-02 11:15:00,19580.0,19605.0,19580.0,19605.0,34.0,3331950.0,9862.0
2018-02-02 11:20:00,19605.0,19605.0,19600.0,19600.0,2.0,196000.0,9860.0
2018-02-02 11:25:00,19600.0,19620.0,19600.0,19620.0,6.0,588400.0,9862.0
2018-02-02 13:30:00,19600.0,19630.0,19600.0,19630.0,10.0,980650.0,9858.0
2018-02-02 13:35:00,19630.0,19655.0,19630.0,19655.0,10.0,982150.0,9856.0
2018-02-02 13:40:00,19655.0,19660.0,19650.0,19655.0,8.0,786150.0,9854.0
2018-02-02 13:45:00,19655.0,19655.0,19635.0,19645.0,22.0,2160350.0,9840.0
2018-02-02 13:50:00,19645.0,19675.0,19640.0,19675.0,20.0,1966250.0,9830.0
2018-02-02 13:55:00,19695.0,19695.0,19680.0,19680.0,6.0,590550.0,9830.0
2018-02-02 14:00:00,19680.0,19680.0,19680.0,19680.0,0.0,0.0,9830.0
2018-02-02 14:05:00,19665.0,19680.0,19665.0,19665.0,34.0,3344300.0,9824.0
2018-02-02 14:10:00,19665.0,19665.0,19665.0,19665.0,0.0,0.0,9824.0
2018-02-02 14:15:00,19665.0,19680.0,19665.0,19680.0,4.0,393500.0,9824.0
2018-02-02 14:20:00,19675.0,19675.0,19655.0,19655.0,8.0,786650.0,9828.0
2018-02-02 14:25:00,19665.0,19670.0,19650.0,19670.0,12.0,1179750.0,9826.0
2018-02-02 14:30:00,19670.0,19675.0,19665.0,19675.0,24.0,2360650.0,9816.0
2018-02-02 14:35:00,19675.0,19675.0,19665.0,19670.0,22.0,2163750.0,9826.0
2018-02-02 14:40:00,19670.0,19670.0,19660.0,19660.0,2.0,196600.0,9824.0
2018-02-02 14:45:00,19660.0,19660.0,19645.0,19645.0,2.0,196450.0,9822.0
2018-02-02 14:50:00,19645.0,19645.0,19640.0,19640.0,16.0,1571200.0,9812.0
2018-02-02 14:55:00,19635.0,19640.0,19635.0,19640.0,8.0,785550.0,9810.0
2018-02-02 21:00:00,19565.0,19610.0,19555.0,19610.0,24.0,2349700.0,9816.0
2018-02-02 21:05:00,19600.0,19610.0,19580.0,19600.0,40.0,3919600.0,9818.0
2018-02-02 21:10:00,19610.0,19615.0,19605.0,19615.0,10.0,980500.0,9818.0
2018-02-02 21:15:00,19615.0,19620.0,19595.0,19620.0,10.0,980300.0,9814.0
2018-02-02 21:20:00,19620.0,19640.0,19620.0,19635.0,8.0,785550.0,9814.0
2018-02-02 21:25:00,19650.0,19650.0,19650.0,19650.0,2.0,196500.0,9814.0
2018-02-02 21:30:00,19640.0,19640.0,19610.0,19620.0,10.0,981300.0,9812.0
2018-02-02 21:35:00,19620.0,19620.0,19620.0,19620.0,2.0,196200.0,9812.0
2018-02-02 21:40:00,19620.0,19620.0,19615.0,19615.0,8.0,784700.0,9808.0
2018-02-02 21:45:00,19615.0,19615.0,19615.0,19615.0,0.0,0.0,9808.0
2018-02-02 21:50:00,19615.0,19625.0,19615.0,19625.0,2.0,196250.0,9810.0
2018-02-02 21:55:00,19625.0,19625.0,19615.0,19625.0,6.0,588550.0,9806.0
2018-02-02 22:00:00,19625.0,19625.0,19620.0,19620.0,6.0,588650.0,9806.0
2018-02-02 22:05:00,19620.0,19620.0,19610.0,19610.0,4.0,392200.0,9806.0
2018-02-02 22:10:00,19600.0,19605.0,19595.0,19605.0,6.0,588000.0,9806.0
2018-02-02 22:15:00,19605.0,19605.0,19605.0,19605.0,0.0,0.0,9806.0
2018-02-02 22:20:00,19605.0,19605.0,19605.0,19605.0,0.0,0.0,9806.0
2018-02-02 22:25:00,19605.0,19650.0,19605.0,19640.0,26.0,2553450.0,9808.0
2018-02-02 22:30:00,19635.0,19645.0,19635.0,19645.0,8.0,785500.0,9808.0
2018-02-02 22:35:00,19645.0,19645.0,19630.0,19630.0,4.0,392700.0,9806.0
2018-02-02 22:40:00,19630.0,19635.0,19620.0,19620.0,44.0,4316550.0,9822.0
2018-02-02 22:45:00,19620.0,19630.0,19620.0,19630.0,26.0,2551450.0,9838.0
2018-02-02 22:50:00,19630.0,19630.0,19620.0,19620.0,4.0,392400.0,9838.0
2018-02-02 22:55:00,19615.0,19615.0,19600.0,19615.0,28.0,2744750.0,9844.0
2018-02-02 23:00:00,19600.0,19605.0,19530.0,19530.0,218.0,21340300.0,9964.0
2018-02-02 23:05:00,19535.0,19535.0,19480.0,19510.0,108.0,10537650.0,9984.0
2018-02-02 23:10:00,19520.0,19530.0,19495.0,19515.0,28.0,2731950.0,9980.0
2018-02-02 23:15:00,19515.0,19520.0,19490.0,19520.0,30.0,2926650.0,9986.0
2018-02-02 23:20:00,19520.0,19540.0,19520.0,19535.0,8.0,781500.0,9982.0
2018-02-02 23:25:00,19535.0,19535.0,19535.0,19535.0,0.0,0.0,9982.0
2018-02-02 23:30:00,19535.0,19545.0,19535.0,19545.0,8.0,781650.0,9984.0
2018-02-02 23:35:00,19545.0,19545.0,19500.0,19500.0,18.0,1756100.0,9986.0
2018-02-02 23:40:00,19500.0,19500.0,19470.0,19470.0,18.0,1753750.0,9990.0
2018-02-02 23:45:00,19475.0,19500.0,19470.0,19500.0,58.0,5647550.0,9980.0
2018-02-02 23:50:00,19500.0,19500.0,19500.0,19500.0,2.0,195000.0,9978.0
2018-02-02 23:55:00,19500.0,19500.0,19485.0,19495.0,10.0,974500.0,9978.0
2018-02-03 00:00:00,19495.0,19500.0,19490.0,19500.0,12.0,1169700.0,9980.0
2018-02-03 00:05:00,19520.0,19550.0,19520.0,19550.0,50.0,4885850.0,9950.0
2018-02-03 00:10:00,19550.0,19550.0,19540.0,19540.0,4.0,390850.0,9950.0
2018-02-03 00:15:00,19540.0,19545.0,19540.0,19545.0,4.0,390850.0,9948.0
2018-02-03 00:20:00,19545.0,19545.0,19525.0,19525.0,2.0,195250.0,9948.0
2018-02-03 00:25:00,19525.0,19525.0,19525.0,19525.0,0.0,0.0,9948.0
2018-02-03 00:30:00,19525.0,19550.0,19525.0,19550.0,2.0,195500.0,9946.0
2018-02-03 00:35:00,19550.0,19550.0,19550.0,19550.0,0.0,0.0,9946.0
2018-02-03 00:40:00,19550.0,19550.0,19550.0,19550.0,0.0,0.0,9946.0
2018-02-03 00:45:00,19550.0,19550.0,19550.0,19550.0,0.0,0.0,9946.0
2018-02-03 00:50:00,19550.0,19620.0,19550.0,19620.0,22.0,2156300.0,9942.0
2018-02-03 00:55:00,19620.0,19620.0,19620.0,19620.0,0.0,0.0,9942.0
2018-02-05 09:00:00,19680.0,19690.0,19625.0,19645.0,62.0,6091100.0,9966.0
2018-02-05 09:05:00,19650.0,19655.0,19645.0,19650.0,52.0,5109300.0,9974.0
2018-02-05 09:10:00,19655.0,19660.0,19610.0,19625.0,68.0,6678250.0,9972.0
2018-02-05 09:15:00,19625.0,19625.0,19570.0,19575.0,44.0,4309650.0,9984.0
2018-02-05 09:20:00,19575.0,19575.0,19550.0,19565.0,8.0,782550.0,9982.0
2018-02-05 09:25:00,19555.0,19560.0,19550.0,19555.0,14.0,1368950.0,9978.0
2018-02-05 09:30:00,19555.0,19580.0,19555.0,19555.0,26.0,2543900.0,9982.0
2018-02-05 09:35:00,19555.0,19570.0,19550.0,19570.0,98.0,9585000.0,10026.0
2018-02-05 09:40:00,19570.0,19595.0,19570.0,19595.0,40.0,3916400.0,10048.0
2018-02-05 09:45:00,19585.0,19585.0,19580.0,19580.0,10.0,979050.0,10052.0
2018-02-05 09:50:00,19580.0,19580.0,19535.0,19535.0,8.0,782200.0,10050.0
2018-02-05 09:55:00,19535.0,19575.0,19535.0,19575.0,38.0,3715250.0,10068.0
2018-02-05 10:00:00,19580.0,19590.0,19555.0,19565.0,50.0,4891850.0,10098.0
2018-02-05 10:05:00,19570.0,19585.0,19555.0,19585.0,94.0,9200000.0,10116.0
2018-02-05 10:10:00,19585.0,19595.0,19575.0,19575.0,50.0,4898000.0,10146.0
2018-02-05 10:30:00,19600.0,19600.0,19570.0,19580.0,52.0,5092000.0,10174.0
2018-02-05 10:35:00,19575.0,19575.0,19575.0,19575.0,18.0,1761750.0,10176.0
2018-02-05 10:40:00,19575.0,19580.0,19565.0,19565.0,138.0,13504400.0,10264.0
2018-02-05 10:45:00,19570.0,19570.0,19500.0,19500.0,40.0,3904150.0,10276.0
2018-02-05 10:50:00,19495.0,19550.0,19495.0,19550.0,62.0,6054400.0,10324.0
2018-02-05 10:55:00,19550.0,19560.0,19550.0,19555.0,16.0,1564450.0,10330.0
2018-02-05 11:00:00,19555.0,19555.0,19545.0,19545.0,52.0,5083350.0,10332.0
2018-02-05 11:05:00,19540.0,19550.0,19520.0,19520.0,48.0,4689650.0,10350.0
2018-02-05 11:10:00,19520.0,19530.0,19520.0,19525.0,40.0,3905200.0,10338.0
2018-02-05 11:15:00,19520.0,19520.0,19495.0,19505.0,60.0,5852350.0,10354.0
2018-02-05 11:20:00,19505.0,19510.0,19460.0,19495.0,190.0,18526250.0,10462.0
2018-02-05 11:25:00,19495.0,19510.0,19495.0,19505.0,16.0,1560400.0,10474.0
2018-02-05 13:30:00,19520.0,19525.0,19510.0,19520.0,80.0,7807150.0,10532.0
2018-02-05 13:35:00,19515.0,19515.0,19465.0,19490.0,88.0,8578700.0,10608.0
2018-02-05 13:40:00,19495.0,19495.0,19490.0,19495.0,52.0,5067950.0,10652.0
2018-02-05 13:45:00,19495.0,19495.0,19480.0,19480.0,16.0,1559250.0,10660.0
2018-02-05 13:50:00,19500.0,19515.0,19500.0,19505.0,90.0,8776250.0,10714.0
2018-02-05 13:55:00,19510.0,19520.0,19505.0,19520.0,52.0,5073600.0,10740.0
2018-02-05 14:00:00,19510.0,19515.0,19500.0,19500.0,56.0,5460450.0,10756.0
2018-02-05 14:05:00,19505.0,19510.0,19505.0,19510.0,10.0,975450.0,10754.0
2018-02-05 14:10:00,19510.0,19510.0,19490.0,19490.0,18.0,1754600.0,10754.0
2018-02-05 14:15:00,19490.0,19510.0,19490.0,19510.0,86.0,8385150.0,10774.0
2018-02-05 14:20:00,19510.0,19510.0,19495.0,19495.0,16.0,1560100.0,10778.0
2018-02-05 14:25:00,19490.0,19510.0,19485.0,19490.0,76.0,7406850.0,10764.0
2018-02-05 14:30:00,19490.0,19500.0,19490.0,19490.0,28.0,2728950.0,10782.0
2018-02-05 14:35:00,19485.0,19490.0,19470.0,19480.0,62.0,6040950.0,10814.0
2018-02-05 14:40:00,19480.0,19500.0,19480.0,19495.0,14.0,1364450.0,10816.0
2018-02-05 14:45:00,19495.0,19500.0,19490.0,19500.0,70.0,6824600.0,10842.0
2018-02-05 14:50:00,19500.0,19510.0,19500.0,19505.0,16.0,1560200.0,10848.0
2018-02-05 14:55:00,19505.0,19510.0,19490.0,19510.0,16.0,1560000.0,10850.0
2018-02-05 21:00:00,19505.0,19505.0,19410.0,19450.0,40.0,3890950.0,10850.0
2018-02-05 21:05:00,19470.0,19505.0,19460.0,19505.0,20.0,1947400.0,10844.0
2018-02-05 21:10:00,19510.0,19515.0,19490.0,19500.0,50.0,4875350.0,10858.0
2018-02-05 21:15:00,19500.0,19510.0,19495.0,19495.0,28.0,2730450.0,10858.0
2018-02-05 21:20:00,19495.0,19510.0,19495.0,19500.0,8.0,780050.0,10858.0
2018-02-05 21:25:00,19500.0,19500.0,19500.0,19500.0,0.0,0.0,10858.0
2018-02-05 21:30:00,19500.0,19500.0,19495.0,19495.0,2.0,194950.0,10858.0
2018-02-05 21:35:00,19495.0,19495.0,19480.0,19485.0,18.0,1753800.0,10862.0
2018-02-05 21:40:00,19485.0,19485.0,19485.0,19485.0,2.0,194850.0,10862.0
2018-02-05 21:45:00,19485.0,19510.0,19485.0,19495.0,4.0,390050.0,10862.0
2018-02-05 21:50:00,19495.0,19505.0,19495.0,19505.0,4.0,390050.0,10864.0
2018-02-05 21:55:00,19510.0,19530.0,19510.0,19515.0,54.0,5272250.0,10860.0
2018-02-05 22:00:00,19550.0,19550.0,19515.0,19515.0,14.0,1367150.0,10866.0
2018-02-05 22:05:00,19515.0,19515.0,19515.0,19515.0,2.0,195150.0,10864.0
2018-02-05 22:10:00,19540.0,19540.0,19525.0,19525.0,4.0,390650.0,10866.0
2018-02-05 22:15:00,19540.0,19540.0,19505.0,19520.0,12.0,1171250.0,10860.0
2018-02-05 22:20:00,19520.0,19520.0,19520.0,19520.0,0.0,0.0,10860.0
2018-02-05 22:25:00,19515.0,19525.0,19515.0,19525.0,8.0,780800.0,10858.0
2018-02-05 22:30:00,19525.0,19535.0,19525.0,19535.0,6.0,585950.0,10856.0
2018-02-05 22:35:00,19535.0,19535.0,19535.0,19535.0,0.0,0.0,10856.0
2018-02-05 22:40:00,19540.0,19540.0,19530.0,19530.0,6.0,586000.0,10852.0
2018-02-05 22:45:00,19530.0,19535.0,19530.0,19535.0,2.0,195350.0,10854.0
2018-02-05 22:50:00,19535.0,19535.0,19535.0,19535.0,2.0,195350.0,10852.0
2018-02-05 22:55:00,19535.0,19535.0,19525.0,19525.0,6.0,585950.0,10856.0
2018-02-05 23:00:00,19505.0,19510.0,19505.0,19510.0,6.0,585250.0,10858.0
2018-02-05 23:05:00,19540.0,19590.0,19540.0,19585.0,24.0,2349000.0,10856.0
2018-02-05 23:10:00,19585.0,19590.0,19565.0,19575.0,14.0,1370200.0,10860.0
2018-02-05 23:15:00,19575.0,19575.0,19555.0,19555.0,4.0,391100.0,10856.0
2018-02-05 23:20:00,19555.0,19580.0,19555.0,19580.0,6.0,587350.0,10852.0
2018-02-05 23:25:00,19585.0,19600.0,19580.0,19600.0,12.0,1175350.0,10850.0
2018-02-05 23:30:00,19600.0,19600.0,19570.0,19570.0,46.0,4506950.0,10838.0
2018-02-05 23:35:00,19570.0,19570.0,19570.0,19570.0,0.0,0.0,10838.0
2018-02-05 23:40:00,19570.0,19570.0,19530.0,19530.0,10.0,977500.0,10840.0
2018-02-05 23:45:00,19545.0,19560.0,19545.0,19560.0,6.0,586650.0,10842.0
2018-02-05 23:50:00,19560.0,19560.0,19560.0,19560.0,2.0,195600.0,10842.0
2018-02-05 23:55:00,19560.0,19560.0,19560.0,19560.0,0.0,0.0,10842.0
2018-02-06 00:00:00,19560.0,19565.0,19560.0,19565.0,2.0,195650.0,10840.0
2018-02-06 00:05:00,19565.0,19565.0,19565.0,19565.0,0.0,0.0,10840.0
2018-02-06 00:10:00,19565.0,19565.0,19565.0,19565.0,0.0,0.0,10840.0
2018-02-06 00:15:00,19565.0,19580.0,19565.0,19570.0,6.0,587250.0,10842.0
2018-02-06 00:20:00,19570.0,19580.0,19570.0,19580.0,2.0,195800.0,10840.0
2018-02-06 00:25:00,19580.0,19580.0,19580.0,19580.0,0.0,0.0,10840.0
2018-02-06 00:30:00,19580.0,19580.0,19580.0,19580.0,0.0,0.0,10840.0
2018-02-06 00:35:00,19580.0,19580.0,19570.0,19570.0,2.0,195700.0,10842.0
2018-02-06 00:40:00,19570.0,19570.0,19480.0,19520.0,20.0,1951450.0,10838.0
2018-02-06 00:45:00,19515.0,19515.0,19515.0,19515.0,2.0,195150.0,10838.0
2018-02-06 00:50:00,19515.0,19515.0,19515.0,19515.0,0.0,0.0,10838.0
2018-02-06 00:55:00,19515.0,19530.0,19495.0,19530.0,4.0,390250.0,10836.0
2018-02-06 09:00:00,19510.0,19510.0,19420.0,19420.0,192.0,18661000.0,10902.0
2018-02-06 09:05:00,19435.0,19440.0,19410.0,19410.0,26.0,2524850.0,10894.0
2018-02-06 09:10:00,19420.0,19440.0,19420.0,19425.0,64.0,6216650.0,10906.0
2018-02-06 09:15:00,19405.0,19410.0,19400.0,19400.0,60.0,5821600.0,10864.0
2018-02-06 09:20:00,19415.0,19430.0,19415.0,19430.0,8.0,776750.0,10860.0
2018-02-06 09:25:00,19430.0,19430.0,19410.0,19410.0,2.0,194100.0,10858.0
2018-02-06 09:30:00,19410.0,19410.0,19410.0,19410.0,0.0,0.0,10858.0
2018-02-06 09:35:00,19410.0,19415.0,19400.0,19400.0,44.0,4269600.0,10874.0
2018-02-06 09:40:00,19400.0,19400.0,19400.0,19400.0,4.0,388000.0,10874.0
2018-02-06 09:45:00,19400.0,19410.0,19400.0,19410.0,58.0,5628700.0,10900.0
2018-02-06 09:50:00,19410.0,19420.0,19410.0,19415.0,30.0,2912150.0,10922.0
2018-02-06 09:55:00,19415.0,19415.0,19385.0,19400.0,84.0,8147800.0,10960.0
2018-02-06 10:00:00,19400.0,19405.0,19400.0,19405.0,28.0,2716150.0,10970.0
2018-02-06 10:05:00,19405.0,19415.0,19400.0,19415.0,24.0,2328300.0,10980.0
2018-02-06 10:10:00,19415.0,19420.0,19415.0,19420.0,2.0,194200.0,10980.0
2018-02-06 10:30:00,19420.0,19420.0,19415.0,19415.0,2.0,194150.0,10982.0
2018-02-06 10:35:00,19415.0,19440.0,19415.0,19430.0,22.0,2136200.0,10996.0
2018-02-06 10:40:00,19430.0,19430.0,19410.0,19410.0,24.0,2330800.0,11014.0
2018-02-06 10:45:00,19410.0,19420.0,19410.0,19420.0,20.0,1942000.0,11024.0
2018-02-06 10:50:00,19420.0,19440.0,19420.0,19440.0,8.0,777400.0,11026.0
2018-02-06 10:55:00,19445.0,19450.0,19440.0,19440.0,28.0,2722150.0,11030.0
2018-02-06 11:00:00,19440.0,19460.0,19440.0,19455.0,10.0,972850.0,11026.0
2018-02-06 11:05:00,19455.0,19455.0,19455.0,19455.0,0.0,0.0,11026.0
2018-02-06 11:10:00,19455.0,19470.0,19455.0,19470.0,4.0,389300.0,11028.0
2018-02-06 11:15:00,19465.0,19465.0,19460.0,19460.0,16.0,1557150.0,11038.0
2018-02-06 11:20:00,19460.0,19490.0,19460.0,19480.0,10.0,974000.0,11042.0
2018-02-06 11:25:00,19480.0,19480.0,19480.0,19480.0,0.0,0.0,11042.0
2018-02-06 13:30:00,19475.0,19475.0,19455.0,19455.0,30.0,2920250.0,11034.0
2018-02-06 13:35:00,19440.0,19440.0,19435.0,19435.0,6.0,583100.0,11038.0
2018-02-06 13:40:00,19450.0,19455.0,19450.0,19455.0,4.0,389050.0,11036.0
2018-02-06 13:45:00,19450.0,19450.0,19435.0,19435.0,18.0,1750250.0,11032.0
2018-02-06 13:50:00,19435.0,19435.0,19425.0,19425.0,6.0,582850.0,11028.0
2018-02-06 13:55:00,19440.0,19450.0,19440.0,19450.0,28.0,2722050.0,11044.0
2018-02-06 14:00:00,19455.0,19460.0,19445.0,19450.0,62.0,6030950.0,11080.0
2018-02-06 14:05:00,19450.0,19455.0,19450.0,19450.0,26.0,2528550.0,11096.0
2018-02-06 14:10:00,19450.0,19465.0,19450.0,19465.0,10.0,973150.0,11100.0
2018-02-06 14:15:00,19465.0,19470.0,19460.0,19460.0,42.0,4086950.0,11122.0
2018-02-06 14:20:00,19460.0,19460.0,19445.0,19445.0,2.0,194450.0,11124.0
2018-02-06 14:25:00,19430.0,19430.0,19425.0,19425.0,34.0,3303000.0,11144.0
2018-02-06 14:30:00,19425.0,19440.0,19420.0,19420.0,8.0,777400.0,11150.0
2018-02-06 14:35:00,19420.0,19425.0,19420.0,19420.0,22.0,2136550.0,11160.0
2018-02-06 14:40:00,19420.0,19430.0,19420.0,19430.0,4.0,388550.0,11160.0
2018-02-06 14:45:00,19425.0,19470.0,19425.0,19455.0,32.0,3110950.0,11166.0
2018-02-06 14:50:00,19465.0,19465.0,19455.0,19455.0,26.0,2529500.0,11176.0
2018-02-06 14:55:00,19455.0,19490.0,19440.0,19440.0,18.0,1752000.0,11184.0
2018-02-06 21:00:00,19360.0,19360.0,19300.0,19310.0,242.0,23379950.0,11264.0
2018-02-06 21:05:00,19310.0,19320.0,19250.0,19260.0,124.0,11957450.0,11274.0
2018-02-06 21:10:00,19250.0,19265.0,19245.0,19260.0,44.0,4236150.0,11282.0
2018-02-06 21:15:00,19260.0,19270.0,19260.0,19270.0,20.0,1926600.0,11294.0
2018-02-06 21:20:00,19280.0,19280.0,19270.0,19275.0,12.0,1156500.0,11290.0
2018-02-06 21:25:00,19275.0,19295.0,19275.0,19295.0,4.0,385900.0,11288.0
2018-02-06 21:30:00,19295.0,19295.0,19280.0,19280.0,2.0,192800.0,11288.0
2018-02-06 21:35:00,19285.0,19285.0,19270.0,19280.0,18.0,1735200.0,11292.0
2018-02-06 21:40:00,19280.0,19285.0,19270.0,19285.0,18.0,1734750.0,11296.0
2018-02-06 21:45:00,19280.0,19285.0,19280.0,19280.0,10.0,964100.0,11294.0
2018-02-06 21:50:00,19275.0,19290.0,19275.0,19290.0,22.0,2121050.0,11298.0
2018-02-06 21:55:00,19290.0,19310.0,19285.0,19285.0,52.0,5017200.0,11298.0
2018-02-06 22:00:00,19280.0,19295.0,19280.0,19285.0,64.0,6171600.0,11322.0
2018-02-06 22:05:00,19285.0,19285.0,19265.0,19270.0,78.0,7517050.0,11308.0
2018-02-06 22:10:00,19285.0,19285.0,19280.0,19280.0,6.0,578500.0,11308.0
2018-02-06 22:15:00,19290.0,19320.0,19290.0,19300.0,58.0,5600450.0,11310.0
2018-02-06 22:20:00,19300.0,19305.0,19295.0,19305.0,36.0,3474800.0,11306.0
2018-02-06 22:25:00,19260.0,19275.0,19260.0,19270.0,20.0,1926550.0,11310.0
2018-02-06 22:30:00,19270.0,19285.0,19260.0,19285.0,22.0,2120200.0,11318.0
2018-02-06 22:35:00,19285.0,19300.0,19275.0,19300.0,26.0,2507550.0,11322.0
2018-02-06 22:40:00,19300.0,19300.0,19290.0,19290.0,6.0,578700.0,11322.0
2018-02-06 22:45:00,19295.0,19315.0,19295.0,19315.0,30.0,2895250.0,11328.0
2018-02-06 22:50:00,19315.0,19325.0,19310.0,19315.0,14.0,1352300.0,11332.0
2018-02-06 22:55:00,19315.0,19330.0,19300.0,19300.0,8.0,772700.0,11334.0
2018-02-06 23:00:00,19300.0,19315.0,19300.0,19315.0,2.0,193150.0,11334.0
2018-02-06 23:05:00,19315.0,19330.0,19315.0,19320.0,6.0,579800.0,11334.0
2018-02-06 23:10:00,19325.0,19325.0,19305.0,19305.0,10.0,965850.0,11334.0
2018-02-06 23:15:00,19300.0,19310.0,19300.0,19310.0,8.0,772250.0,11332.0
2018-02-06 23:20:00,19310.0,19310.0,19280.0,19295.0,10.0,964500.0,11328.0
2018-02-06 23:25:00,19295.0,19300.0,19290.0,19300.0,6.0,578850.0,11330.0
2018-02-06 23:30:00,19285.0,19290.0,19285.0,19290.0,6.0,578650.0,11326.0
2018-02-06 23:35:00,19290.0,19290.0,19290.0,19290.0,0.0,0.0,11326.0
2018-02-06 23:40:00,19315.0,19325.0,19315.0,19325.0,4.0,386400.0,11326.0
2018-02-06 23:45:00,19335.0,19335.0,19335.0,19335.0,2.0,193350.0,11324.0
2018-02-06 23:50:00,19335.0,19335.0,19335.0,19335.0,0.0,0.0,11324.0
2018-02-06 23:55:00,19335.0,19335.0,19335.0,19335.0,0.0,0.0,11324.0
2018-02-07 00:00:00,19335.0,19335.0,19325.0,19325.0,2.0,193250.0,11326.0
2018-02-07 00:05:00,19325.0,19325.0,19325.0,19325.0,0.0,0.0,11326.0
2018-02-07 00:10:00,19325.0,19325.0,19325.0,19325.0,0.0,0.0,11326.0
2018-02-07 00:15:00,19325.0,19325.0,19325.0,19325.0,0.0,0.0,11326.0
2018-02-07 00:20:00,19325.0,19325.0,19310.0,19310.0,12.0,1158650.0,11314.0
2018-02-07 00:25:00,19305.0,19310.0,19305.0,19310.0,22.0,2124050.0,11302.0
2018-02-07 00:30:00,19310.0,19310.0,19310.0,19310.0,0.0,0.0,11302.0
2018-02-07 00:35:00,19310.0,19310.0,19295.0,19295.0,2.0,192950.0,11304.0
2018-02-07 00:40:00,19295.0,19295.0,19285.0,19290.0,4.0,385750.0,11304.0
2018-02-07 00:45:00,19285.0,19285.0,19285.0,19285.0,2.0,192850.0,11304.0
2018-02-07 00:50:00,19285.0,19350.0,19285.0,19350.0,16.0,1545250.0,11312.0
2018-02-07 00:55:00,19350.0,19355.0,19345.0,19345.0,4.0,387000.0,11312.0
2018-02-07 09:00:00,19380.0,19380.0,19325.0,19325.0,30.0,2900900.0,11302.0
2018-02-07 09:05:00,19330.0,19335.0,19320.0,19335.0,10.0,966400.0,11300.0
2018-02-07 09:10:00,19355.0,19375.0,19345.0,19375.0,38.0,3676650.0,11278.0
2018-02-07 09:15:00,19375.0,19375.0,19365.0,19365.0,8.0,774700.0,11282.0
2018-02-07 09:20:00,19365.0,19375.0,19365.0,19370.0,66.0,6392500.0,11256.0
2018-02-07 09:25:00,19370.0,19370.0,19360.0,19360.0,4.0,387300.0,11258.0
2018-02-07 09:30:00,19360.0,19360.0,19335.0,19335.0,32.0,3094100.0,11250.0
2018-02-07 09:35:00,19335.0,19345.0,19325.0,19330.0,108.0,10442500.0,11222.0
2018-02-07 09:40:00,19330.0,19330.0,19305.0,19330.0,304.0,29364650.0,11278.0
2018-02-07 09:45:00,19330.0,19330.0,19310.0,19315.0,108.0,10430750.0,11246.0
2018-02-07 09:50:00,19325.0,19330.0,19315.0,19315.0,34.0,3285450.0,11242.0
2018-02-07 09:55:00,19315.0,19335.0,19315.0,19320.0,10.0,966250.0,11242.0
2018-02-07 10:00:00,19300.0,19315.0,19300.0,19305.0,60.0,5792350.0,11260.0
2018-02-07 10:05:00,19300.0,19310.0,19295.0,19295.0,104.0,10036050.0,11334.0
2018-02-07 10:10:00,19290.0,19300.0,19285.0,19285.0,122.0,11766250.0,11350.0
2018-02-07 10:30:00,19285.0,19285.0,19255.0,19270.0,90.0,8670650.0,11356.0
2018-02-07 10:35:00,19270.0,19275.0,19260.0,19275.0,12.0,1156050.0,11356.0
2018-02-07 10:40:00,19285.0,19290.0,19275.0,19275.0,100.0,9641550.0,11328.0
2018-02-07 10:45:00,19275.0,19280.0,19275.0,19280.0,16.0,1542400.0,11322.0
2018-02-07 10:50:00,19275.0,19275.0,19275.0,19275.0,4.0,385500.0,11324.0
2018-02-07 10:55:00,19275.0,19275.0,19240.0,19245.0,34.0,3273550.0,11330.0
2018-02-07 11:00:00,19245.0,19270.0,19245.0,19270.0,38.0,3660250.0,11324.0
2018-02-07 11:05:00,19270.0,19285.0,19270.0,19285.0,14.0,1349600.0,11332.0
2018-02-07 11:10:00,19260.0,19260.0,19245.0,19245.0,30.0,2888600.0,11316.0
2018-02-07 11:15:00,19245.0,19250.0,19240.0,19250.0,12.0,1154800.0,11316.0
2018-02-07 11:20:00,19250.0,19250.0,19235.0,19245.0,14.0,1346900.0,11314.0
2018-02-07 11:25:00,19245.0,19255.0,19245.0,19245.0,10.0,962450.0,11314.0
2018-02-07 13:30:00,19245.0,19245.0,19205.0,19205.0,256.0,24596500.0,11416.0
2018-02-07 13:35:00,19200.0,19210.0,19195.0,19210.0,48.0,4607600.0,11446.0
2018-02-07 13:40:00,19210.0,19210.0,19200.0,19200.0,84.0,8065300.0,11522.0
2018-02-07 13:45:00,19200.0,19205.0,19180.0,19185.0,48.0,4607300.0,11518.0
2018-02-07 13:50:00,19180.0,19185.0,19165.0,19180.0,28.0,2684750.0,11524.0
2018-02-07 13:55:00,19185.0,19195.0,19185.0,19190.0,38.0,3646300.0,11526.0
2018-02-07 14:00:00,19190.0,19190.0,19185.0,19185.0,4.0,383700.0,11528.0
2018-02-07 14:05:00,19185.0,19185.0,19175.0,19175.0,4.0,383500.0,11524.0
2018-02-07 14:10:00,19170.0,19170.0,19155.0,19155.0,12.0,1149950.0,11516.0
2018-02-07 14:15:00,19160.0,19170.0,19140.0,19170.0,72.0,6896300.0,11500.0
2018-02-07 14:20:00,19170.0,19175.0,19170.0,19175.0,8.0,766850.0,11502.0
2018-02-07 14:25:00,19175.0,19180.0,19170.0,19170.0,4.0,383500.0,11498.0
2018-02-07 14:30:00,19170.0,19170.0,19160.0,19160.0,18.0,1724750.0,11512.0
2018-02-07 14:35:00,19160.0,19160.0,19130.0,19130.0,20.0,1913650.0,11498.0
2018-02-07 14:40:00,19130.0,19155.0,19130.0,19155.0,6.0,574550.0,11498.0
2018-02-07 14:45:00,19145.0,19160.0,19145.0,19160.0,6.0,574650.0,11498.0
2018-02-07 14:50:00,19170.0,19220.0,19170.0,19210.0,72.0,6912400.0,11506.0
2018-02-07 14:55:00,19170.0,19210.0,19170.0,19175.0,302.0,28969400.0,11646.0
2018-02-07 21:00:00,19150.0,19185.0,19110.0,19175.0,56.0,5364650.0,11614.0
2018-02-07 21:05:00,19165.0,19215.0,19165.0,19210.0,334.0,32048450.0,11470.0
2018-02-07 21:10:00,19210.0,19210.0,19195.0,19195.0,18.0,1728150.0,11466.0
2018-02-07 21:15:00,19185.0,19215.0,19185.0,19215.0,76.0,7299000.0,11502.0
2018-02-07 21:20:00,19215.0,19245.0,19200.0,19200.0,60.0,5768600.0,11476.0
2018-02-07 21:25:00,19200.0,19220.0,19195.0,19200.0,134.0,12870100.0,11502.0
2018-02-07 21:30:00,19220.0,19225.0,19220.0,19220.0,52.0,4998200.0,11504.0
2018-02-07 21:35:00,19205.0,19205.0,19185.0,19205.0,142.0,13628200.0,11546.0
2018-02-07 21:40:00,19200.0,19205.0,19170.0,19170.0,44.0,4221700.0,11536.0
2018-02-07 21:45:00,19155.0,19175.0,19135.0,19150.0,234.0,22408300.0,11504.0
2018-02-07 21:50:00,19140.0,19150.0,19135.0,19140.0,34.0,3254050.0,11500.0
2018-02-07 21:55:00,19140.0,19140.0,19125.0,19135.0,58.0,5548150.0,11504.0
2018-02-07 22:00:00,19135.0,19155.0,19130.0,19150.0,136.0,13017900.0,11472.0
2018-02-07 22:05:00,19150.0,19150.0,19145.0,19145.0,12.0,1148850.0,11478.0
2018-02-07 22:10:00,19150.0,19155.0,19145.0,19145.0,38.0,3638750.0,11502.0
2018-02-07 22:15:00,19135.0,19140.0,19135.0,19140.0,18.0,1722250.0,11508.0
2018-02-07 22:20:00,19140.0,19145.0,19140.0,19145.0,18.0,1723000.0,11520.0
2018-02-07 22:25:00,19145.0,19145.0,19140.0,19140.0,10.0,957000.0,11518.0
2018-02-07 22:30:00,19135.0,19135.0,19075.0,19115.0,138.0,13190150.0,11522.0
2018-02-07 22:35:00,19110.0,19120.0,19110.0,19110.0,64.0,6116600.0,11514.0
2018-02-07 22:40:00,19115.0,19140.0,19115.0,19140.0,64.0,6121400.0,11524.0
2018-02-07 22:45:00,19145.0,19155.0,19130.0,19130.0,64.0,6122400.0,11486.0
2018-02-07 22:50:00,19120.0,19135.0,19115.0,19115.0,150.0,14341700.0,11448.0
2018-02-07 22:55:00,19115.0,19115.0,19100.0,19115.0,136.0,12993700.0,11362.0
2018-02-07 23:00:00,19105.0,19130.0,19105.0,19110.0,28.0,2676150.0,11362.0
2018-02-07 23:05:00,19100.0,19115.0,19100.0,19115.0,62.0,5923300.0,11368.0
2018-02-07 23:10:00,19120.0,19125.0,19110.0,19110.0,10.0,955850.0,11370.0
2018-02-07 23:15:00,19110.0,19110.0,19110.0,19110.0,18.0,1719900.0,11358.0
2018-02-07 23:20:00,19110.0,19110.0,19110.0,19110.0,0.0,0.0,11358.0
2018-02-07 23:25:00,19110.0,19110.0,19100.0,19100.0,26.0,2483000.0,11374.0
2018-02-07 23:30:00,19100.0,19100.0,19095.0,19095.0,8.0,763950.0,11372.0
2018-02-07 23:35:00,19095.0,19095.0,19095.0,19095.0,0.0,0.0,11372.0
2018-02-07 23:40:00,19095.0,19095.0,19095.0,19095.0,0.0,0.0,11372.0
2018-02-07 23:45:00,19095.0,19130.0,19095.0,19130.0,20.0,1911950.0,11382.0
2018-02-07 23:50:00,19130.0,19130.0,19120.0,19120.0,4.0,382500.0,11382.0
2018-02-07 23:55:00,19100.0,19105.0,19100.0,19105.0,10.0,955200.0,11382.0
2018-02-08 00:00:00,19105.0,19110.0,19105.0,19110.0,4.0,382150.0,11384.0
2018-02-08 00:05:00,19110.0,19115.0,19110.0,19115.0,2.0,191150.0,11382.0
2018-02-08 00:10:00,19115.0,19115.0,19100.0,19100.0,8.0,764300.0,11388.0
2018-02-08 00:15:00,19100.0,19100.0,19045.0,19050.0,22.0,2097300.0,11392.0
2018-02-08 00:20:00,19040.0,19040.0,19030.0,19030.0,14.0,1332600.0,11402.0
2018-02-08 00:25:00,19045.0,19055.0,19030.0,19055.0,30.0,2855450.0,11400.0
2018-02-08 00:30:00,19030.0,19030.0,19005.0,19015.0,28.0,2662700.0,11398.0
2018-02-08 00:35:00,19015.0,19015.0,19005.0,19005.0,34.0,3231550.0,11416.0
2018-02-08 00:40:00,19005.0,19020.0,19005.0,19020.0,4.0,380250.0,11418.0
2018-02-08 00:45:00,19060.0,19065.0,19050.0,19050.0,68.0,6480350.0,11404.0
2018-02-08 00:50:00,19050.0,19050.0,19040.0,19040.0,2.0,190400.0,11406.0
2018-02-08 00:55:00,19025.0,19025.0,19005.0,19005.0,36.0,3423300.0,11406.0
2018-02-08 09:00:00,19015.0,19040.0,19010.0,19030.0,36.0,3423900.0,11402.0
2018-02-08 09:05:00,19030.0,19050.0,19020.0,19040.0,76.0,7234550.0,11370.0
2018-02-08 09:10:00,19030.0,19050.0,19025.0,19050.0,94.0,8949700.0,11342.0
2018-02-08 09:15:00,19050.0,19065.0,19045.0,19065.0,48.0,4573000.0,11324.0
2018-02-08 09:20:00,19070.0,19070.0,19055.0,19055.0,8.0,762400.0,11326.0
2018-02-08 09:25:00,19055.0,19060.0,19055.0,19060.0,22.0,2096250.0,11326.0
2018-02-08 09:30:00,19055.0,19060.0,19055.0,19055.0,38.0,3620500.0,11338.0
2018-02-08 09:35:00,19055.0,19060.0,19055.0,19060.0,8.0,762400.0,11346.0
2018-02-08 09:40:00,19060.0,19060.0,19060.0,19060.0,36.0,3430800.0,11328.0
2018-02-08 09:45:00,19060.0,19060.0,19055.0,19060.0,20.0,1905950.0,11332.0
2018-02-08 09:50:00,19060.0,19085.0,19060.0,19080.0,48.0,4578200.0,11310.0
2018-02-08 09:55:00,19080.0,19105.0,19075.0,19085.0,44.0,4199250.0,11296.0
2018-02-08 10:00:00,19085.0,19085.0,19070.0,19070.0,12.0,1144500.0,11298.0
2018-02-08 10:05:00,19070.0,19070.0,19070.0,19070.0,0.0,0.0,11298.0
2018-02-08 10:10:00,19070.0,19070.0,19060.0,19060.0,20.0,1906450.0,11302.0
2018-02-08 10:30:00,19060.0,19060.0,19045.0,19055.0,58.0,5525800.0,11308.0
2018-02-08 10:35:00,19060.0,19075.0,19060.0,19075.0,14.0,1334400.0,11310.0
2018-02-08 10:40:00,19065.0,19065.0,19065.0,19065.0,18.0,1715850.0,11326.0
2018-02-08 10:45:00,19075.0,19090.0,19075.0,19085.0,68.0,6487300.0,11360.0
2018-02-08 10:50:00,19085.0,19090.0,19075.0,19075.0,28.0,2672150.0,11384.0
2018-02-08 10:55:00,19075.0,19075.0,19070.0,19070.0,8.0,762950.0,11390.0
2018-02-08 11:00:00,19070.0,19090.0,19070.0,19090.0,84.0,8015450.0,11432.0
2018-02-08 11:05:00,19090.0,19100.0,19080.0,19080.0,80.0,7635750.0,11476.0
2018-02-08 11:10:00,19080.0,19085.0,19080.0,19085.0,4.0,381700.0,11476.0
2018-02-08 11:15:00,19085.0,19095.0,19080.0,19080.0,170.0,16226950.0,11422.0
2018-02-08 11:20:00,19080.0,19080.0,19065.0,19070.0,46.0,4387100.0,11454.0
2018-02-08 11:25:00,19070.0,19070.0,19065.0,19070.0,36.0,3432500.0,11486.0
2018-02-08 13:30:00,19070.0,19075.0,19060.0,19075.0,30.0,2860650.0,11486.0
2018-02-08 13:35:00,19070.0,19130.0,19070.0,19125.0,48.0,4585600.0,11486.0
2018-02-08 13:40:00,19130.0,19135.0,19120.0,19120.0,18.0,1721450.0,11496.0
2018-02-08 13:45:00,19120.0,19125.0,19115.0,19115.0,22.0,2103400.0,11512.0
2018-02-08 13:50:00,19115.0,19115.0,19095.0,19100.0,28.0,2674250.0,11518.0
2018-02-08 13:55:00,19110.0,19135.0,19110.0,19130.0,40.0,3824450.0,11532.0
2018-02-08 14:00:00,19120.0,19120.0,19110.0,19110.0,20.0,1911700.0,11540.0
2018-02-08 14:05:00,19110.0,19110.0,19100.0,19100.0,2.0,191000.0,11540.0
2018-02-08 14:10:00,19080.0,19090.0,19065.0,19090.0,70.0,6677800.0,11564.0
2018-02-08 14:15:00,19070.0,19075.0,19060.0,19065.0,66.0,6292850.0,11540.0
2018-02-08 14:20:00,19050.0,19050.0,19040.0,19040.0,20.0,1904100.0,11536.0
2018-02-08 14:25:00,19045.0,19055.0,19045.0,19055.0,6.0,571500.0,11540.0
2018-02-08 14:30:00,19055.0,19060.0,19035.0,19040.0,34.0,3237650.0,11524.0
2018-02-08 14:35:00,19040.0,19050.0,19040.0,19045.0,48.0,4571000.0,11552.0
2018-02-08 14:40:00,19050.0,19065.0,19035.0,19035.0,14.0,1333300.0,11548.0
2018-02-08 14:45:00,19035.0,19060.0,19035.0,19060.0,6.0,571800.0,11552.0
2018-02-08 14:50:00,19060.0,19060.0,19040.0,19040.0,10.0,952050.0,11544.0
2018-02-08 14:55:00,19045.0,19075.0,19045.0,19060.0,24.0,2286800.0,11546.0
2018-02-08 21:00:00,19230.0,19230.0,19065.0,19080.0,230.0,21970450.0,11560.0
2018-02-08 21:05:00,19080.0,19120.0,19080.0,19115.0,30.0,2866400.0,11552.0
2018-02-08 21:10:00,19110.0,19110.0,19085.0,19085.0,38.0,3626850.0,11564.0
2018-02-08 21:15:00,19085.0,19090.0,19085.0,19085.0,18.0,1717750.0,11560.0
2018-02-08 21:20:00,19085.0,19095.0,19085.0,19095.0,8.0,763600.0,11562.0
2018-02-08 21:25:00,19075.0,19110.0,19075.0,19110.0,38.0,3628250.0,11570.0
2018-02-08 21:30:00,19100.0,19120.0,19100.0,19120.0,20.0,1911000.0,11576.0
2018-02-08 21:35:00,19125.0,19135.0,19125.0,19130.0,90.0,8608600.0,11584.0
2018-02-08 21:40:00,19135.0,19135.0,19125.0,19130.0,44.0,4209200.0,11582.0
2018-02-08 21:45:00,19135.0,19150.0,19120.0,19135.0,62.0,5931450.0,11592.0
2018-02-08 21:50:00,19135.0,19180.0,19135.0,19150.0,28.0,2683350.0,11584.0
2018-02-08 21:55:00,19155.0,19185.0,19155.0,19170.0,20.0,1917450.0,11576.0
2018-02-08 22:00:00,19190.0,19190.0,19170.0,19175.0,24.0,2301300.0,11576.0
2018-02-08 22:05:00,19175.0,19175.0,19155.0,19160.0,4.0,383150.0,11576.0
2018-02-08 22:10:00,19160.0,19160.0,19155.0,19155.0,8.0,766250.0,11576.0
2018-02-08 22:15:00,19160.0,19160.0,19155.0,19155.0,18.0,1724200.0,11592.0
2018-02-08 22:20:00,19155.0,19155.0,19155.0,19155.0,0.0,0.0,11592.0
2018-02-08 22:25:00,19155.0,19155.0,19155.0,19155.0,12.0,1149300.0,11592.0
2018-02-08 22:30:00,19155.0,19155.0,19150.0,19150.0,8.0,766000.0,11594.0
2018-02-08 22:35:00,19150.0,19150.0,19150.0,19150.0,38.0,3638500.0,11616.0
2018-02-08 22:40:00,19145.0,19145.0,19125.0,19145.0,32.0,3062400.0,11638.0
2018-02-08 22:45:00,19145.0,19145.0,19140.0,19145.0,8.0,765650.0,11638.0
2018-02-08 22:50:00,19155.0,19155.0,19115.0,19115.0,134.0,12811500.0,11696.0
2018-02-08 22:55:00,19115.0,19120.0,19115.0,19120.0,2.0,191200.0,11696.0
2018-02-08 23:00:00,19105.0,19105.0,19060.0,19060.0,30.0,2861400.0,11706.0
2018-02-08 23:05:00,19060.0,19065.0,19050.0,19050.0,34.0,3240200.0,11710.0
2018-02-08 23:10:00,19060.0,19060.0,19025.0,19035.0,126.0,11990700.0,11772.0
2018-02-08 23:15:00,19035.0,19055.0,19035.0,19055.0,6.0,571650.0,11774.0
2018-02-08 23:20:00,19055.0,19055.0,19030.0,19045.0,8.0,761550.0,11776.0
2018-02-08 23:25:00,19045.0,19070.0,19045.0,19060.0,18.0,1715450.0,11772.0
2018-02-08 23:30:00,19060.0,19060.0,19050.0,19050.0,6.0,571500.0,11776.0
2018-02-08 23:35:00,19050.0,19050.0,19050.0,19050.0,2.0,190500.0,11778.0
2018-02-08 23:40:00,19050.0,19050.0,19050.0,19050.0,0.0,0.0,11778.0
2018-02-08 23:45:00,19040.0,19040.0,19030.0,19035.0,14.0,1332450.0,11788.0
2018-02-08 23:50:00,19035.0,19035.0,19000.0,19000.0,94.0,8934300.0,11846.0
2018-02-08 23:55:00,18980.0,19015.0,18965.0,18995.0,124.0,11765300.0,11876.0
2018-02-09 00:00:00,18995.0,19015.0,18995.0,19015.0,2.0,190150.0,11876.0
2018-02-09 00:05:00,19035.0,19035.0,19015.0,19015.0,4.0,380500.0,11874.0
2018-02-09 00:10:00,19015.0,19040.0,19015.0,19040.0,2.0,190400.0,11876.0
2018-02-09 00:15:00,19040.0,19040.0,19015.0,19015.0,2.0,190150.0,11876.0
2018-02-09 00:20:00,19015.0,19015.0,19010.0,19010.0,2.0,190100.0,11876.0
2018-02-09 00:25:00,19015.0,19030.0,19015.0,19030.0,16.0,1522000.0,11866.0
2018-02-09 00:30:00,19030.0,19030.0,19030.0,19030.0,0.0,0.0,11866.0
2018-02-09 00:35:00,19025.0,19025.0,19025.0,19025.0,4.0,380500.0,11868.0
2018-02-09 00:40:00,19025.0,19050.0,19025.0,19045.0,10.0,952200.0,11868.0
2018-02-09 00:45:00,19045.0,19045.0,19045.0,19045.0,0.0,0.0,11868.0
2018-02-09 00:50:00,19045.0,19135.0,19045.0,19135.0,8.0,764550.0,11870.0
2018-02-09 00:55:00,19130.0,19130.0,19105.0,19105.0,6.0,573500.0,11866.0
2018-02-09 09:00:00,19095.0,19100.0,19055.0,19080.0,34.0,3243900.0,11856.0
2018-02-09 09:05:00,19075.0,19090.0,19035.0,19075.0,52.0,4957300.0,11844.0
2018-02-09 09:10:00,19080.0,19145.0,19080.0,19140.0,24.0,2294700.0,11830.0
2018-02-09 09:15:00,19140.0,19140.0,19100.0,19100.0,4.0,382050.0,11830.0
2018-02-09 09:20:00,19100.0,19120.0,19100.0,19115.0,8.0,764700.0,11830.0
2018-02-09 09:25:00,19115.0,19125.0,19110.0,19115.0,74.0,7073700.0,11854.0
2018-02-09 09:30:00,19115.0,19115.0,19095.0,19095.0,10.0,955050.0,11846.0
2018-02-09 09:35:00,19090.0,19095.0,19085.0,19090.0,18.0,1717900.0,11850.0
2018-02-09 09:40:00,19090.0,19105.0,19090.0,19105.0,30.0,2864750.0,11860.0
2018-02-09 09:45:00,19105.0,19135.0,19105.0,19135.0,16.0,1530750.0,11860.0
2018-02-09 09:50:00,19130.0,19150.0,19130.0,19135.0,20.0,1913650.0,11858.0
2018-02-09 09:55:00,19135.0,19135.0,19130.0,19130.0,6.0,573900.0,11852.0
2018-02-09 10:00:00,19130.0,19130.0,19120.0,19120.0,2.0,191200.0,11852.0
2018-02-09 10:05:00,19110.0,19110.0,19080.0,19110.0,112.0,10694350.0,11904.0
2018-02-09 10:10:00,19110.0,19110.0,19085.0,19090.0,4.0,381750.0,11904.0
2018-02-09 10:30:00,19090.0,19090.0,19065.0,19065.0,50.0,4771000.0,11906.0
2018-02-09 10:35:00,19075.0,19095.0,19055.0,19060.0,28.0,2671700.0,11888.0
2018-02-09 10:40:00,19060.0,19065.0,19060.0,19065.0,4.0,381300.0,11890.0
2018-02-09 10:45:00,19065.0,19065.0,19050.0,19050.0,40.0,3812250.0,11898.0
2018-02-09 10:50:00,19050.0,19070.0,19050.0,19070.0,12.0,1143250.0,11892.0
2018-02-09 10:55:00,19080.0,19080.0,19065.0,19065.0,4.0,381450.0,11894.0
2018-02-09 11:00:00,19065.0,19065.0,19060.0,19065.0,22.0,2097100.0,11898.0
2018-02-09 11:05:00,19065.0,19070.0,19065.0,19070.0,16.0,1525450.0,11884.0
2018-02-09 11:10:00,19070.0,19075.0,19070.0,19070.0,4.0,381450.0,11886.0
2018-02-09 11:15:00,19070.0,19070.0,19070.0,19070.0,4.0,381400.0,11888.0
2018-02-09 11:20:00,19065.0,19080.0,19065.0,19070.0,52.0,4960000.0,11876.0
2018-02-09 11:25:00,19080.0,19085.0,19080.0,19085.0,34.0,3243650.0,11864.0
2018-02-09 13:30:00,19080.0,19085.0,19065.0,19065.0,58.0,5531250.0,11836.0
2018-02-09 13:35:00,19060.0,19060.0,19020.0,19020.0,82.0,7805200.0,11824.0
2018-02-09 13:40:00,19020.0,19020.0,19020.0,19020.0,2.0,190200.0,11826.0
2018-02-09 13:45:00,19020.0,19045.0,19020.0,19040.0,10.0,952100.0,11820.0
2018-02-09 13:50:00,19040.0,19040.0,19025.0,19030.0,10.0,951500.0,11820.0
2018-02-09 13:55:00,19030.0,19040.0,19020.0,19040.0,16.0,1522250.0,11816.0
2018-02-09 14:00:00,19040.0,19040.0,19020.0,19020.0,10.0,951350.0,11814.0
2018-02-09 14:05:00,19015.0,19020.0,19015.0,19020.0,12.0,1141150.0,11818.0
2018-02-09 14:10:00,19015.0,19025.0,19015.0,19020.0,14.0,1331450.0,11814.0
2018-02-09 14:15:00,19025.0,19025.0,19015.0,19015.0,30.0,2853050.0,11822.0
2018-02-09 14:20:00,19015.0,19015.0,19015.0,19015.0,12.0,1140900.0,11820.0
2018-02-09 14:25:00,19015.0,19020.0,19015.0,19020.0,4.0,380400.0,11824.0
2018-02-09 14:30:00,19025.0,19025.0,19010.0,19010.0,24.0,2281550.0,11808.0
2018-02-09 14:35:00,19030.0,19030.0,19005.0,19010.0,36.0,3422850.0,11804.0
2018-02-09 14:40:00,19010.0,19015.0,19000.0,19010.0,28.0,2661150.0,11798.0
2018-02-09 14:45:00,19005.0,19030.0,19005.0,19030.0,20.0,1901500.0,11796.0
2018-02-09 14:50:00,19030.0,19060.0,19030.0,19055.0,36.0,3426600.0,11792.0
2018-02-09 14:55:00,19060.0,19060.0,19040.0,19040.0,32.0,3048650.0,11794.0
2018-02-09 21:00:00,19050.0,19100.0,19050.0,19070.0,108.0,10300150.0,11804.0
2018-02-09 21:05:00,19075.0,19130.0,19075.0,19125.0,30.0,2866300.0,11800.0
2018-02-09 21:10:00,19125.0,19140.0,19115.0,19125.0,78.0,7459600.0,11824.0
2018-02-09 21:15:00,19120.0,19120.0,19085.0,19085.0,28.0,2675450.0,11814.0
2018-02-09 21:20:00,19095.0,19140.0,19095.0,19120.0,48.0,4588500.0,11824.0
2018-02-09 21:25:00,19115.0,19145.0,19105.0,19145.0,24.0,2294250.0,11834.0
2018-02-09 21:30:00,19120.0,19145.0,19120.0,19145.0,14.0,1339300.0,11840.0
2018-02-09 21:35:00,19135.0,19135.0,19125.0,19125.0,52.0,4973050.0,11848.0
2018-02-09 21:40:00,19125.0,19125.0,19120.0,19125.0,8.0,764900.0,11848.0
2018-02-09 21:45:00,19125.0,19140.0,19115.0,19135.0,94.0,8992300.0,11896.0
2018-02-09 21:50:00,19135.0,19135.0,19115.0,19115.0,12.0,1147250.0,11890.0
2018-02-09 21:55:00,19115.0,19115.0,19105.0,19115.0,8.0,764350.0,11888.0
2018-02-09 22:00:00,19115.0,19115.0,19075.0,19075.0,44.0,4200500.0,11908.0
2018-02-09 22:05:00,19075.0,19095.0,19070.0,19085.0,20.0,1908100.0,11908.0
2018-02-09 22:10:00,19085.0,19085.0,19085.0,19085.0,0.0,0.0,11908.0
2018-02-09 22:15:00,19080.0,19095.0,19080.0,19095.0,6.0,572650.0,11906.0
2018-02-09 22:20:00,19095.0,19120.0,19095.0,19120.0,8.0,764700.0,11914.0
2018-02-09 22:25:00,19120.0,19120.0,19115.0,19115.0,28.0,2676600.0,11918.0
2018-02-09 22:30:00,19110.0,19140.0,19110.0,19125.0,32.0,3059500.0,11930.0
2018-02-09 22:35:00,19125.0,19125.0,19090.0,19090.0,18.0,1718900.0,11928.0
2018-02-09 22:40:00,19090.0,19095.0,19085.0,19090.0,8.0,763600.0,11928.0
2018-02-09 22:45:00,19090.0,19090.0,19090.0,19090.0,2.0,190900.0,11930.0
2018-02-09 22:50:00,19075.0,19080.0,19075.0,19080.0,12.0,1144700.0,11936.0
2018-02-09 22:55:00,19080.0,19100.0,19080.0,19100.0,10.0,954800.0,11940.0
2018-02-09 23:00:00,19050.0,19055.0,19035.0,19035.0,36.0,3427550.0,11942.0
2018-02-09 23:05:00,19045.0,19060.0,19025.0,19045.0,146.0,13898150.0,12028.0
2018-02-09 23:10:00,19045.0,19045.0,19030.0,19045.0,16.0,1523050.0,12030.0
2018-02-09 23:15:00,19045.0,19050.0,19045.0,19050.0,4.0,380950.0,12026.0
2018-02-09 23:20:00,19050.0,19050.0,19025.0,19025.0,4.0,380550.0,12028.0
2018-02-09 23:25:00,19030.0,19040.0,19030.0,19040.0,4.0,380700.0,12028.0
2018-02-09 23:30:00,19040.0,19040.0,19020.0,19020.0,8.0,760950.0,12034.0
2018-02-09 23:35:00,19020.0,19025.0,19020.0,19025.0,10.0,951100.0,12038.0
2018-02-09 23:40:00,19030.0,19070.0,19030.0,19070.0,12.0,1143150.0,12038.0
2018-02-09 23:45:00,19070.0,19090.0,19065.0,19080.0,24.0,2289600.0,12038.0
2018-02-09 23:50:00,19080.0,19080.0,19080.0,19080.0,2.0,190800.0,12036.0
2018-02-09 23:55:00,19050.0,19050.0,19005.0,19005.0,36.0,3423700.0,12040.0
2018-02-10 00:00:00,19015.0,19045.0,19015.0,19045.0,20.0,1903100.0,12038.0
2018-02-10 00:05:00,19055.0,19055.0,19055.0,19055.0,2.0,190550.0,12040.0
2018-02-10 00:10:00,19035.0,19035.0,19035.0,19035.0,2.0,190350.0,12040.0
2018-02-10 00:15:00,19040.0,19040.0,19035.0,19035.0,24.0,2284600.0,12046.0
2018-02-10 00:20:00,19035.0,19035.0,19035.0,19035.0,8.0,761400.0,12048.0
2018-02-10 00:25:00,19035.0,19070.0,19035.0,19070.0,6.0,571950.0,12044.0
2018-02-10 00:30:00,19095.0,19095.0,19085.0,19085.0,14.0,1336500.0,12042.0
2018-02-10 00:35:00,19105.0,19110.0,19085.0,19085.0,18.0,1719150.0,12032.0
2018-02-10 00:40:00,19110.0,19110.0,19080.0,19080.0,6.0,573000.0,12032.0
2018-02-10 00:45:00,19075.0,19075.0,19075.0,19075.0,2.0,190750.0,12030.0
2018-02-10 00:50:00,19075.0,19075.0,19075.0,19075.0,0.0,0.0,12030.0
2018-02-10 00:55:00,19075.0,19100.0,19075.0,19100.0,2.0,191000.0,12032.0
2018-02-12 09:00:00,19050.0,19150.0,19050.0,19120.0,114.0,10899200.0,11994.0
2018-02-12 09:05:00,19120.0,19130.0,19110.0,19120.0,118.0,11275600.0,11924.0
2018-02-12 09:10:00,19120.0,19130.0,19115.0,19120.0,68.0,6501700.0,11922.0
2018-02-12 09:15:00,19120.0,19120.0,19100.0,19100.0,46.0,4395150.0,11926.0
2018-02-12 09:20:00,19100.0,19100.0,19065.0,19065.0,48.0,4578400.0,11960.0
2018-02-12 09:25:00,19070.0,19070.0,19050.0,19055.0,44.0,4191450.0,11964.0
2018-02-12 09:30:00,19055.0,19055.0,19050.0,19055.0,10.0,952550.0,11962.0
2018-02-12 09:35:00,19055.0,19060.0,19050.0,19050.0,32.0,3048300.0,11952.0
2018-02-12 09:40:00,19050.0,19080.0,19050.0,19065.0,30.0,2860100.0,11966.0
2018-02-12 09:45:00,19065.0,19070.0,19055.0,19060.0,130.0,12391250.0,11938.0
2018-02-12 09:50:00,19060.0,19060.0,19055.0,19060.0,32.0,3049500.0,11938.0
2018-02-12 09:55:00,19070.0,19070.0,19060.0,19060.0,30.0,2860000.0,11948.0
2018-02-12 10:00:00,19055.0,19060.0,19050.0,19055.0,78.0,7432300.0,12012.0
2018-02-12 10:05:00,19055.0,19075.0,19055.0,19070.0,66.0,6291800.0,12004.0
2018-02-12 10:10:00,19065.0,19075.0,19055.0,19055.0,112.0,10675000.0,12006.0
2018-02-12 10:30:00,19075.0,19080.0,19055.0,19055.0,16.0,1525650.0,12008.0
2018-02-12 10:35:00,19055.0,19065.0,19055.0,19065.0,78.0,7432350.0,12024.0
2018-02-12 10:40:00,19060.0,19115.0,19060.0,19100.0,114.0,10880300.0,12080.0
2018-02-12 10:45:00,19100.0,19120.0,19090.0,19110.0,98.0,9365150.0,12122.0
2018-02-12 10:50:00,19110.0,19110.0,19095.0,19095.0,14.0,1336750.0,12130.0
2018-02-12 10:55:00,19095.0,19100.0,19080.0,19085.0,26.0,2481850.0,12142.0
2018-02-12 11:00:00,19085.0,19085.0,19065.0,19065.0,50.0,4768750.0,12142.0
2018-02-12 11:05:00,19075.0,19080.0,19075.0,19075.0,10.0,953900.0,12142.0
2018-02-12 11:10:00,19075.0,19090.0,19075.0,19090.0,4.0,381800.0,12144.0
2018-02-12 11:15:00,19105.0,19110.0,19105.0,19105.0,34.0,3248000.0,12166.0
2018-02-12 11:20:00,19105.0,19115.0,19100.0,19115.0,22.0,2102500.0,12182.0
2018-02-12 11:25:00,19115.0,19115.0,19115.0,19115.0,0.0,0.0,12182.0
2018-02-12 13:30:00,19110.0,19110.0,19080.0,19085.0,206.0,19675050.0,12156.0
2018-02-12 13:35:00,19080.0,19080.0,19040.0,19040.0,166.0,15819550.0,12236.0
2018-02-12 13:40:00,19040.0,19045.0,19040.0,19045.0,30.0,2856500.0,12254.0
2018-02-12 13:45:00,19040.0,19050.0,19035.0,19050.0,104.0,9899900.0,12278.0
2018-02-12 13:50:00,19040.0,19040.0,19040.0,19040.0,24.0,2284800.0,12294.0
2018-02-12 13:55:00,19040.0,19055.0,19040.0,19055.0,32.0,3048450.0,12310.0
2018-02-12 14:00:00,19055.0,19060.0,19055.0,19055.0,20.0,1905650.0,12306.0
2018-02-12 14:05:00,19065.0,19065.0,19055.0,19055.0,46.0,4383600.0,12316.0
2018-02-12 14:10:00,19055.0,19055.0,19050.0,19050.0,20.0,1905000.0,12332.0
2018-02-12 14:15:00,19050.0,19050.0,19040.0,19040.0,66.0,6284200.0,12362.0
2018-02-12 14:20:00,19040.0,19060.0,19040.0,19060.0,126.0,12004000.0,12340.0
2018-02-12 14:25:00,19050.0,19060.0,19050.0,19060.0,30.0,2857800.0,12354.0
2018-02-12 14:30:00,19070.0,19070.0,19060.0,19065.0,56.0,5338600.0,12360.0
2018-02-12 14:35:00,19070.0,19085.0,19070.0,19075.0,56.0,5341500.0,12356.0
2018-02-12 14:40:00,19075.0,19075.0,19070.0,19070.0,28.0,2670350.0,12358.0
2018-02-12 14:45:00,19070.0,19115.0,19065.0,19095.0,74.0,7056800.0,12404.0
2018-02-12 14:50:00,19080.0,19085.0,19045.0,19060.0,178.0,16962900.0,12350.0
2018-02-12 14:55:00,19050.0,19065.0,19040.0,19040.0,308.0,29339600.0,12354.0
2018-02-12 21:00:00,19000.0,19025.0,18965.0,19010.0,98.0,9306500.0,12336.0
2018-02-12 21:05:00,19010.0,19010.0,18990.0,19000.0,76.0,7220350.0,12394.0
2018-02-12 21:10:00,19000.0,19005.0,18990.0,18990.0,52.0,4938950.0,12406.0
2018-02-12 21:15:00,19000.0,19040.0,18995.0,19020.0,46.0,4373450.0,12408.0
2018-02-12 21:20:00,19025.0,19025.0,19020.0,19025.0,62.0,5897300.0,12390.0
2018-02-12 21:25:00,19020.0,19020.0,19005.0,19010.0,6.0,570350.0,12390.0
2018-02-12 21:30:00,19010.0,19010.0,18995.0,19000.0,14.0,1329800.0,12392.0
2018-02-12 21:35:00,19000.0,19000.0,18975.0,18980.0,12.0,1138750.0,12394.0
2018-02-12 21:40:00,18980.0,18980.0,18975.0,18980.0,14.0,1328500.0,12392.0
2018-02-12 21:45:00,18985.0,19010.0,18985.0,19010.0,86.0,8172200.0,12412.0
2018-02-12 21:50:00,19020.0,19020.0,18990.0,18990.0,20.0,1899900.0,12408.0
2018-02-12 21:55:00,18990.0,19010.0,18990.0,19005.0,12.0,1140300.0,12412.0
2018-02-12 22:00:00,19000.0,19005.0,18980.0,18985.0,18.0,1709200.0,12406.0
2018-02-12 22:05:00,18990.0,19000.0,18990.0,19000.0,10.0,949800.0,12406.0
2018-02-12 22:10:00,18990.0,19005.0,18990.0,19005.0,12.0,1140150.0,12408.0
2018-02-12 22:15:00,19005.0,19010.0,19005.0,19010.0,26.0,2471150.0,12400.0
2018-02-12 22:20:00,19015.0,19025.0,19010.0,19010.0,80.0,7605900.0,12372.0
2018-02-12 22:25:00,19020.0,19020.0,19005.0,19015.0,78.0,7416350.0,12354.0
2018-02-12 22:30:00,19015.0,19025.0,19015.0,19025.0,4.0,380400.0,12354.0
2018-02-12 22:35:00,19030.0,19030.0,19020.0,19030.0,22.0,2092600.0,12364.0
2018-02-12 22:40:00,19030.0,19030.0,19020.0,19020.0,12.0,1141500.0,12362.0
2018-02-12 22:45:00,19020.0,19020.0,19010.0,19015.0,48.0,4563300.0,12368.0
2018-02-12 22:50:00,19010.0,19015.0,19010.0,19015.0,10.0,950700.0,12364.0
2018-02-12 22:55:00,19015.0,19020.0,19010.0,19020.0,6.0,570500.0,12362.0
2018-02-12 23:00:00,19020.0,19020.0,19010.0,19010.0,8.0,760400.0,12360.0
2018-02-12 23:05:00,19010.0,19010.0,18995.0,18995.0,4.0,380000.0,12358.0
2018-02-12 23:10:00,18995.0,18995.0,18990.0,18990.0,22.0,2088900.0,12358.0
2018-02-12 23:15:00,18990.0,18990.0,18990.0,18990.0,2.0,189900.0,12358.0
2018-02-12 23:20:00,18990.0,18990.0,18990.0,18990.0,0.0,0.0,12358.0
2018-02-12 23:25:00,18990.0,18995.0,18990.0,18995.0,2.0,189950.0,12358.0
2018-02-12 23:30:00,18995.0,18995.0,18995.0,18995.0,0.0,0.0,12358.0
2018-02-12 23:35:00,18995.0,18995.0,18995.0,18995.0,2.0,189950.0,12356.0
2018-02-12 23:40:00,18995.0,18995.0,18995.0,18995.0,0.0,0.0,12356.0
2018-02-12 23:45:00,18995.0,18995.0,18995.0,18995.0,0.0,0.0,12356.0
2018-02-12 23:50:00,18995.0,19000.0,18995.0,19000.0,2.0,190000.0,12358.0
2018-02-12 23:55:00,19000.0,19000.0,19000.0,19000.0,4.0,380000.0,12358.0
2018-02-13 00:00:00,19000.0,19000.0,18990.0,18990.0,44.0,4178350.0,12364.0
2018-02-13 00:05:00,18990.0,18990.0,18990.0,18990.0,0.0,0.0,12364.0
2018-02-13 00:10:00,18990.0,18990.0,18990.0,18990.0,0.0,0.0,12364.0
2018-02-13 00:15:00,18990.0,18995.0,18990.0,18995.0,2.0,189950.0,12364.0
2018-02-13 00:20:00,18995.0,18995.0,18995.0,18995.0,0.0,0.0,12364.0
2018-02-13 00:25:00,18995.0,18995.0,18995.0,18995.0,0.0,0.0,12364.0
2018-02-13 00:30:00,18995.0,19010.0,18995.0,19010.0,2.0,190100.0,12364.0
2018-02-13 00:35:00,19010.0,19010.0,19010.0,19010.0,2.0,190100.0,12364.0
2018-02-13 00:40:00,19010.0,19010.0,19010.0,19010.0,0.0,0.0,12364.0
2018-02-13 00:45:00,19010.0,19010.0,19010.0,19010.0,0.0,0.0,12364.0
2018-02-13 00:50:00,19010.0,19010.0,19010.0,19010.0,0.0,0.0,12364.0
2018-02-13 00:55:00,19010.0,19020.0,19010.0,19020.0,12.0,1140900.0,12364.0
2018-02-13 09:00:00,19005.0,19005.0,18975.0,18975.0,128.0,12160500.0,12390.0
2018-02-13 09:05:00,18980.0,19000.0,18980.0,18990.0,78.0,7406950.0,12420.0
2018-02-13 09:10:00,18985.0,18990.0,18975.0,18980.0,94.0,8920050.0,12454.0
2018-02-13 09:15:00,18985.0,18985.0,18970.0,18980.0,12.0,1138750.0,12456.0
2018-02-13 09:20:00,18975.0,18975.0,18920.0,18930.0,62.0,5873300.0,12454.0
2018-02-13 09:25:00,18940.0,18950.0,18935.0,18950.0,20.0,1894250.0,12460.0
2018-02-13 09:30:00,18935.0,18995.0,18935.0,18990.0,102.0,9677300.0,12484.0
2018-02-13 09:35:00,18965.0,18965.0,18960.0,18960.0,6.0,568850.0,12484.0
2018-02-13 09:40:00,18970.0,18970.0,18945.0,18945.0,14.0,1327100.0,12480.0
2018-02-13 09:45:00,18945.0,18970.0,18940.0,18955.0,18.0,1706200.0,12480.0
2018-02-13 09:50:00,18950.0,18955.0,18945.0,18950.0,12.0,1137100.0,12478.0
2018-02-13 09:55:00,18950.0,18955.0,18950.0,18955.0,6.0,568600.0,12478.0
2018-02-13 10:00:00,18955.0,18965.0,18950.0,18950.0,24.0,2274300.0,12496.0
2018-02-13 10:05:00,18950.0,18960.0,18950.0,18960.0,8.0,758300.0,12498.0
2018-02-13 10:10:00,18950.0,18950.0,18940.0,18950.0,8.0,757900.0,12496.0
2018-02-13 10:30:00,18940.0,18960.0,18925.0,18945.0,56.0,5303800.0,12524.0
2018-02-13 10:35:00,18945.0,18945.0,18945.0,18945.0,2.0,189450.0,12524.0
2018-02-13 10:40:00,18935.0,18935.0,18925.0,18925.0,26.0,2460700.0,12532.0
2018-02-13 10:45:00,18925.0,18925.0,18925.0,18925.0,4.0,378500.0,12528.0
2018-02-13 10:50:00,18935.0,18945.0,18925.0,18940.0,22.0,2083150.0,12528.0
2018-02-13 10:55:00,18945.0,18945.0,18920.0,18930.0,18.0,1703750.0,12530.0
2018-02-13 11:00:00,18925.0,18930.0,18925.0,18930.0,4.0,378550.0,12532.0
2018-02-13 11:05:00,18930.0,18945.0,18930.0,18935.0,4.0,378800.0,12536.0
2018-02-13 11:10:00,18935.0,18940.0,18930.0,18930.0,18.0,1704150.0,12538.0
2018-02-13 11:15:00,18940.0,18950.0,18940.0,18950.0,28.0,2652150.0,12550.0
2018-02-13 11:20:00,18950.0,18950.0,18945.0,18950.0,14.0,1326450.0,12556.0
2018-02-13 11:25:00,18950.0,18950.0,18935.0,18935.0,60.0,5684300.0,12570.0
2018-02-13 13:30:00,18940.0,18960.0,18935.0,18945.0,110.0,10421000.0,12556.0
2018-02-13 13:35:00,18950.0,18960.0,18940.0,18960.0,76.0,7200450.0,12552.0
2018-02-13 13:40:00,18970.0,18970.0,18970.0,18970.0,4.0,379400.0,12552.0
2018-02-13 13:45:00,18960.0,18980.0,18955.0,18955.0,40.0,3792700.0,12548.0
2018-02-13 13:50:00,18955.0,18965.0,18950.0,18950.0,38.0,3601650.0,12554.0
2018-02-13 13:55:00,18950.0,18955.0,18950.0,18955.0,12.0,1137100.0,12560.0
2018-02-13 14:00:00,18955.0,19000.0,18950.0,18980.0,202.0,19167050.0,12682.0
2018-02-13 14:05:00,18995.0,18995.0,18965.0,18970.0,68.0,6455950.0,12686.0
2018-02-13 14:10:00,18975.0,18995.0,18975.0,18990.0,70.0,6643850.0,12670.0
2018-02-13 14:15:00,18990.0,18995.0,18990.0,18990.0,54.0,5127400.0,12666.0
2018-02-13 14:20:00,18990.0,19020.0,18990.0,19010.0,22.0,2091000.0,12660.0
2018-02-13 14:25:00,19010.0,19015.0,19005.0,19010.0,8.0,760450.0,12666.0
2018-02-13 14:30:00,19020.0,19045.0,19005.0,19045.0,60.0,5707600.0,12684.0
2018-02-13 14:35:00,19040.0,19045.0,19030.0,19030.0,102.0,9711000.0,12682.0
2018-02-13 14:40:00,19030.0,19050.0,19030.0,19040.0,24.0,2285100.0,12680.0
2018-02-13 14:45:00,19055.0,19055.0,19045.0,19045.0,30.0,2857100.0,12686.0
2018-02-13 14:50:00,19045.0,19045.0,19030.0,19035.0,44.0,4188150.0,12686.0
2018-02-13 14:55:00,19035.0,19040.0,19030.0,19030.0,32.0,3045750.0,12670.0
2018-02-13 21:00:00,19025.0,19070.0,19015.0,19015.0,74.0,7040550.0,12656.0
2018-02-13 21:05:00,19015.0,19025.0,19015.0,19015.0,72.0,6847050.0,12674.0
2018-02-13 21:10:00,19025.0,19035.0,19015.0,19030.0,28.0,2664050.0,12676.0
2018-02-13 21:15:00,19030.0,19035.0,19025.0,19035.0,38.0,3615650.0,12682.0
2018-02-13 21:20:00,19035.0,19040.0,19035.0,19040.0,2.0,190400.0,12682.0
2018-02-13 21:25:00,19035.0,19050.0,19035.0,19050.0,42.0,3999400.0,12692.0
2018-02-13 21:30:00,19050.0,19050.0,19045.0,19050.0,4.0,380950.0,12694.0
2018-02-13 21:35:00,19050.0,19055.0,19050.0,19050.0,12.0,1143050.0,12690.0
2018-02-13 21:40:00,19050.0,19050.0,19040.0,19050.0,16.0,1523400.0,12690.0
2018-02-13 21:45:00,19050.0,19100.0,19045.0,19095.0,106.0,10109650.0,12684.0
2018-02-13 21:50:00,19100.0,19125.0,19090.0,19100.0,66.0,6301500.0,12694.0
2018-02-13 21:55:00,19105.0,19105.0,19080.0,19080.0,40.0,3818050.0,12708.0
2018-02-13 22:00:00,19080.0,19085.0,19080.0,19085.0,14.0,1335700.0,12710.0
2018-02-13 22:05:00,19085.0,19090.0,19080.0,19080.0,4.0,381700.0,12710.0
2018-02-13 22:10:00,19080.0,19080.0,19080.0,19080.0,22.0,2098800.0,12710.0
2018-02-13 22:15:00,19080.0,19095.0,19080.0,19095.0,8.0,763500.0,12706.0
2018-02-13 22:20:00,19095.0,19095.0,19080.0,19085.0,16.0,1526850.0,12706.0
2018-02-13 22:25:00,19085.0,19085.0,19085.0,19085.0,8.0,763400.0,12710.0
2018-02-13 22:30:00,19085.0,19100.0,19085.0,19100.0,10.0,954600.0,12714.0
2018-02-13 22:35:00,19105.0,19105.0,19100.0,19100.0,8.0,764050.0,12718.0
2018-02-13 22:40:00,19100.0,19120.0,19100.0,19120.0,4.0,382350.0,12716.0
2018-02-13 22:45:00,19130.0,19130.0,19115.0,19115.0,8.0,764950.0,12712.0
2018-02-13 22:50:00,19115.0,19125.0,19115.0,19125.0,10.0,955950.0,12716.0
2018-02-13 22:55:00,19125.0,19125.0,19120.0,19125.0,4.0,382450.0,12718.0
2018-02-13 23:00:00,19130.0,19165.0,19130.0,19160.0,26.0,2489050.0,12708.0
2018-02-13 23:05:00,19160.0,19165.0,19160.0,19165.0,10.0,958150.0,12702.0
2018-02-13 23:10:00,19165.0,19180.0,19165.0,19180.0,26.0,2492900.0,12698.0
2018-02-13 23:15:00,19170.0,19180.0,19160.0,19160.0,74.0,7092900.0,12694.0
2018-02-13 23:20:00,19150.0,19180.0,19150.0,19180.0,56.0,5365200.0,12684.0
2018-02-13 23:25:00,19175.0,19185.0,19165.0,19180.0,58.0,5562600.0,12668.0
2018-02-13 23:30:00,19180.0,19180.0,19160.0,19160.0,10.0,958450.0,12668.0
2018-02-13 23:35:00,19160.0,19160.0,19160.0,19160.0,0.0,0.0,12668.0
2018-02-13 23:40:00,19160.0,19160.0,19160.0,19160.0,0.0,0.0,12668.0
2018-02-13 23:45:00,19160.0,19160.0,19155.0,19155.0,18.0,1724050.0,12658.0
2018-02-13 23:50:00,19155.0,19170.0,19155.0,19170.0,14.0,1341900.0,12654.0
2018-02-13 23:55:00,19170.0,19170.0,19170.0,19170.0,0.0,0.0,12654.0
2018-02-14 00:00:00,19170.0,19170.0,19135.0,19135.0,126.0,12061600.0,12710.0
2018-02-14 00:05:00,19135.0,19135.0,19135.0,19135.0,0.0,0.0,12710.0
2018-02-14 00:10:00,19140.0,19140.0,19140.0,19140.0,2.0,191400.0,12710.0
2018-02-14 00:15:00,19140.0,19150.0,19140.0,19150.0,2.0,191500.0,12710.0
2018-02-14 00:20:00,19150.0,19150.0,19150.0,19150.0,0.0,0.0,12710.0
2018-02-14 00:25:00,19150.0,19185.0,19150.0,19185.0,12.0,1150600.0,12704.0
2018-02-14 00:30:00,19190.0,19250.0,19190.0,19225.0,58.0,5574000.0,12694.0
2018-02-14 00:35:00,19225.0,19225.0,19225.0,19225.0,0.0,0.0,12694.0
2018-02-14 00:40:00,19225.0,19225.0,19210.0,19210.0,2.0,192100.0,12692.0
2018-02-14 00:45:00,19210.0,19210.0,19210.0,19210.0,0.0,0.0,12692.0
2018-02-14 00:50:00,19210.0,19265.0,19210.0,19265.0,16.0,1540450.0,12688.0
2018-02-14 00:55:00,19265.0,19265.0,19235.0,19250.0,18.0,1732050.0,12680.0
2018-02-14 09:00:00,19235.0,19235.0,19185.0,19195.0,86.0,8256650.0,12682.0
2018-02-14 09:05:00,19190.0,19200.0,19180.0,19195.0,206.0,19773600.0,12578.0
2018-02-14 09:10:00,19200.0,19200.0,19185.0,19190.0,324.0,31102700.0,12408.0
2018-02-14 09:15:00,19200.0,19205.0,19185.0,19205.0,66.0,6333000.0,12400.0
2018-02-14 09:20:00,19200.0,19220.0,19200.0,19205.0,32.0,3073850.0,12414.0
2018-02-14 09:25:00,19210.0,19210.0,19200.0,19200.0,4.0,384100.0,12414.0
2018-02-14 09:30:00,19200.0,19215.0,19200.0,19210.0,24.0,2304550.0,12406.0
2018-02-14 09:35:00,19215.0,19225.0,19210.0,19210.0,16.0,1537050.0,12408.0
2018-02-14 09:40:00,19210.0,19225.0,19185.0,19225.0,28.0,2688650.0,12406.0
2018-02-14 09:45:00,19210.0,19265.0,19210.0,19260.0,38.0,3657600.0,12406.0
2018-02-14 09:50:00,19260.0,19260.0,19240.0,19240.0,50.0,4813450.0,12414.0
2018-02-14 09:55:00,19240.0,19250.0,19240.0,19250.0,36.0,3464850.0,12414.0
2018-02-14 10:00:00,19250.0,19250.0,19250.0,19250.0,18.0,1732500.0,12414.0
2018-02-14 10:05:00,19250.0,19250.0,19240.0,19245.0,16.0,1539350.0,12422.0
2018-02-14 10:10:00,19235.0,19250.0,19190.0,19200.0,186.0,17872600.0,12418.0
2018-02-14 10:30:00,19205.0,19245.0,19190.0,19230.0,106.0,10184800.0,12448.0
2018-02-14 10:35:00,19235.0,19235.0,19205.0,19225.0,24.0,2306900.0,12446.0
2018-02-14 10:40:00,19235.0,19250.0,19235.0,19250.0,8.0,769650.0,12442.0
2018-02-14 10:45:00,19250.0,19250.0,19230.0,19230.0,6.0,577100.0,12440.0
2018-02-14 10:50:00,19240.0,19240.0,19210.0,19225.0,28.0,2691750.0,12432.0
2018-02-14 10:55:00,19245.0,19260.0,19240.0,19250.0,176.0,16939200.0,12500.0
2018-02-14 11:00:00,19245.0,19250.0,19245.0,19250.0,36.0,3464600.0,12496.0
2018-02-14 11:05:00,19250.0,19250.0,19250.0,19250.0,4.0,385000.0,12498.0
2018-02-14 11:10:00,19235.0,19260.0,19235.0,19260.0,14.0,1347450.0,12492.0
2018-02-14 11:15:00,19260.0,19260.0,19245.0,19250.0,8.0,769850.0,12484.0
2018-02-14 11:20:00,19250.0,19265.0,19250.0,19265.0,2.0,192650.0,12484.0
2018-02-14 11:25:00,19265.0,19265.0,19250.0,19250.0,26.0,2502800.0,12496.0
2018-02-14 13:30:00,19240.0,19255.0,19230.0,19255.0,12.0,1154350.0,12498.0
2018-02-14 13:35:00,19255.0,19265.0,19255.0,19265.0,16.0,1541200.0,12498.0
2018-02-14 13:40:00,19260.0,19280.0,19260.0,19280.0,26.0,2505150.0,12496.0
2018-02-14 13:45:00,19275.0,19280.0,19260.0,19260.0,22.0,2119200.0,12492.0
2018-02-14 13:50:00,19265.0,19270.0,19265.0,19270.0,12.0,1156050.0,12482.0
2018-02-14 13:55:00,19270.0,19270.0,19265.0,19270.0,36.0,3468400.0,12496.0
2018-02-14 14:00:00,19270.0,19270.0,19270.0,19270.0,0.0,0.0,12496.0
2018-02-14 14:05:00,19270.0,19275.0,19265.0,19265.0,46.0,4431900.0,12498.0
2018-02-14 14:10:00,19265.0,19280.0,19265.0,19280.0,18.0,1734900.0,12490.0
2018-02-14 14:15:00,19285.0,19300.0,19280.0,19290.0,134.0,12924050.0,12548.0
2018-02-14 14:20:00,19290.0,19290.0,19285.0,19290.0,74.0,7137250.0,12600.0
2018-02-14 14:25:00,19290.0,19290.0,19280.0,19280.0,20.0,1928300.0,12610.0
2018-02-14 14:30:00,19280.0,19295.0,19280.0,19285.0,14.0,1350050.0,12604.0
2018-02-14 14:35:00,19295.0,19325.0,19295.0,19300.0,110.0,10615300.0,12656.0
2018-02-14 14:40:00,19300.0,19300.0,19280.0,19295.0,32.0,3086000.0,12668.0
2018-02-14 14:45:00,19295.0,19305.0,19295.0,19305.0,14.0,1351050.0,12676.0
2018-02-14 14:50:00,19310.0,19315.0,19305.0,19310.0,22.0,2124150.0,12678.0
2018-02-14 14:55:00,19310.0,19325.0,19290.0,19290.0,14.0,1351150.0,12676.0
2018-02-22 09:00:00,19290.0,19290.0,19205.0,19235.0,230.0,22140850.0,12726.0
2018-02-22 09:05:00,19235.0,19250.0,19190.0,19205.0,154.0,14790800.0,12808.0
2018-02-22 09:10:00,19220.0,19230.0,19215.0,19220.0,78.0,7494800.0,12780.0
2018-02-22 09:15:00,19215.0,19215.0,19190.0,19200.0,148.0,14211500.0,12814.0
2018-02-22 09:20:00,19200.0,19205.0,19180.0,19180.0,26.0,2494900.0,12820.0
2018-02-22 09:25:00,19180.0,19180.0,19165.0,19165.0,16.0,1533550.0,12826.0
2018-02-22 09:30:00,19180.0,19210.0,19160.0,19160.0,84.0,8055900.0,12874.0
2018-02-22 09:35:00,19165.0,19175.0,19140.0,19140.0,126.0,12067500.0,12908.0
2018-02-22 09:40:00,19140.0,19170.0,19130.0,19130.0,158.0,15127650.0,12908.0
2018-02-22 09:45:00,19135.0,19135.0,19115.0,19120.0,52.0,4971500.0,12910.0
2018-02-22 09:50:00,19120.0,19150.0,19120.0,19150.0,62.0,5932800.0,12926.0
2018-02-22 09:55:00,19150.0,19170.0,19135.0,19160.0,142.0,13595200.0,12962.0
2018-02-22 10:00:00,19160.0,19175.0,19145.0,19155.0,92.0,8809800.0,12980.0
2018-02-22 10:05:00,19160.0,19175.0,19140.0,19170.0,74.0,7088750.0,12994.0
2018-02-22 10:10:00,19160.0,19180.0,19155.0,19175.0,38.0,3640850.0,12996.0
2018-02-22 10:30:00,19175.0,19180.0,19115.0,19120.0,112.0,10721650.0,13042.0
2018-02-22 10:35:00,19130.0,19155.0,19125.0,19155.0,142.0,13589150.0,13072.0
2018-02-22 10:40:00,19145.0,19165.0,19135.0,19160.0,100.0,9574200.0,13126.0
2018-02-22 10:45:00,19165.0,19165.0,19145.0,19160.0,54.0,5172100.0,13166.0
2018-02-22 10:50:00,19165.0,19175.0,19155.0,19160.0,64.0,6131050.0,13204.0
2018-02-22 10:55:00,19160.0,19185.0,19155.0,19175.0,30.0,2875900.0,13196.0
2018-02-22 11:00:00,19175.0,19185.0,19175.0,19180.0,36.0,3452700.0,13218.0
2018-02-22 11:05:00,19185.0,19190.0,19185.0,19190.0,68.0,6524100.0,13274.0
2018-02-22 11:10:00,19190.0,19190.0,19165.0,19165.0,10.0,958400.0,13274.0
2018-02-22 11:15:00,19170.0,19180.0,19170.0,19180.0,36.0,3451500.0,13268.0
2018-02-22 11:20:00,19180.0,19180.0,19170.0,19170.0,24.0,2300400.0,13254.0
2018-02-22 11:25:00,19180.0,19185.0,19175.0,19185.0,28.0,2685100.0,13262.0
2018-02-22 13:30:00,19185.0,19195.0,19175.0,19195.0,22.0,2110150.0,13256.0
2018-02-22 13:35:00,19175.0,19195.0,19175.0,19195.0,4.0,383700.0,13256.0
2018-02-22 13:40:00,19180.0,19190.0,19180.0,19190.0,16.0,1534950.0,13260.0
2018-02-22 13:45:00,19185.0,19200.0,19185.0,19200.0,10.0,959600.0,13256.0
2018-02-22 13:50:00,19195.0,19195.0,19185.0,19185.0,38.0,3646200.0,13240.0
2018-02-22 13:55:00,19180.0,19190.0,19180.0,19190.0,8.0,767300.0,13244.0
2018-02-22 14:00:00,19190.0,19190.0,19190.0,19190.0,0.0,0.0,13244.0
2018-02-22 14:05:00,19190.0,19190.0,19190.0,19190.0,2.0,191900.0,13246.0
2018-02-22 14:10:00,19190.0,19205.0,19190.0,19195.0,10.0,960000.0,13240.0
2018-02-22 14:15:00,19200.0,19210.0,19195.0,19210.0,38.0,3648950.0,13238.0
2018-02-22 14:20:00,19220.0,19230.0,19215.0,19230.0,20.0,1922400.0,13232.0
2018-02-22 14:25:00,19225.0,19225.0,19220.0,19220.0,74.0,7112850.0,13230.0
2018-02-22 14:30:00,19215.0,19215.0,19205.0,19215.0,100.0,9604150.0,13254.0
2018-02-22 14:35:00,19215.0,19235.0,19210.0,19215.0,60.0,5764950.0,13264.0
2018-02-22 14:40:00,19220.0,19225.0,19215.0,19225.0,28.0,2690800.0,13260.0
2018-02-22 14:45:00,19225.0,19240.0,19220.0,19235.0,74.0,7117200.0,13238.0
2018-02-22 14:50:00,19230.0,19230.0,19230.0,19230.0,22.0,2115300.0,13246.0
2018-02-22 14:55:00,19230.0,19235.0,19215.0,19215.0,66.0,6346400.0,13230.0
2018-02-22 21:00:00,19215.0,19245.0,19205.0,19245.0,158.0,15193650.0,13272.0
2018-02-22 21:05:00,19250.0,19295.0,19240.0,19280.0,98.0,9444500.0,13280.0
2018-02-22 21:10:00,19300.0,19300.0,19275.0,19275.0,22.0,2120950.0,13284.0
2018-02-22 21:15:00,19280.0,19315.0,19280.0,19315.0,40.0,3858650.0,13304.0
2018-02-22 21:20:00,19320.0,19345.0,19300.0,19310.0,62.0,5989750.0,13318.0
2018-02-22 21:25:00,19310.0,19340.0,19300.0,19340.0,176.0,16988550.0,13400.0
2018-02-22 21:30:00,19340.0,19380.0,19340.0,19350.0,148.0,14321850.0,13440.0
2018-02-22 21:35:00,19345.0,19360.0,19340.0,19355.0,160.0,15480100.0,13450.0
2018-02-22 21:40:00,19380.0,19380.0,19355.0,19370.0,116.0,11232800.0,13458.0
2018-02-22 21:45:00,19365.0,19370.0,19360.0,19365.0,50.0,4841500.0,13450.0
2018-02-22 21:50:00,19370.0,19370.0,19370.0,19370.0,12.0,1162200.0,13456.0
2018-02-22 21:55:00,19370.0,19380.0,19335.0,19340.0,62.0,5999400.0,13476.0
2018-02-22 22:00:00,19340.0,19340.0,19320.0,19335.0,98.0,9473250.0,13516.0
2018-02-22 22:05:00,19335.0,19355.0,19335.0,19355.0,52.0,5030050.0,13516.0
2018-02-22 22:10:00,19350.0,19355.0,19340.0,19340.0,72.0,6963850.0,13518.0
2018-02-22 22:15:00,19335.0,19335.0,19300.0,19300.0,64.0,6180500.0,13518.0
2018-02-22 22:20:00,19305.0,19305.0,19305.0,19305.0,16.0,1544400.0,13514.0
2018-02-22 22:25:00,19305.0,19315.0,19305.0,19305.0,18.0,1737750.0,13524.0
2018-02-22 22:30:00,19305.0,19315.0,19300.0,19305.0,24.0,2317100.0,13524.0
2018-02-22 22:35:00,19320.0,19320.0,19320.0,19320.0,20.0,1932000.0,13522.0
2018-02-22 22:40:00,19320.0,19325.0,19310.0,19320.0,30.0,2897850.0,13546.0
2018-02-22 22:45:00,19320.0,19320.0,19310.0,19310.0,18.0,1738450.0,13552.0
2018-02-22 22:50:00,19315.0,19315.0,19305.0,19310.0,10.0,965600.0,13554.0
2018-02-22 22:55:00,19310.0,19325.0,19310.0,19310.0,36.0,3476750.0,13566.0
2018-02-22 23:00:00,19320.0,19330.0,19315.0,19330.0,24.0,2318600.0,13574.0
2018-02-22 23:05:00,19335.0,19335.0,19330.0,19330.0,32.0,3093100.0,13602.0
2018-02-22 23:10:00,19335.0,19335.0,19330.0,19330.0,4.0,386650.0,13604.0
2018-02-22 23:15:00,19330.0,19335.0,19330.0,19335.0,10.0,966650.0,13610.0
2018-02-22 23:20:00,19330.0,19340.0,19330.0,19340.0,34.0,3286600.0,13614.0
2018-02-22 23:25:00,19340.0,19345.0,19330.0,19345.0,8.0,773500.0,13610.0
2018-02-22 23:30:00,19340.0,19340.0,19330.0,19330.0,44.0,4253550.0,13600.0
2018-02-22 23:35:00,19320.0,19330.0,19320.0,19330.0,12.0,1159400.0,13592.0
2018-02-22 23:40:00,19330.0,19335.0,19325.0,19325.0,120.0,11597300.0,13666.0
2018-02-22 23:45:00,19330.0,19345.0,19330.0,19335.0,58.0,5607750.0,13706.0
2018-02-22 23:50:00,19330.0,19330.0,19315.0,19315.0,10.0,965900.0,13708.0
2018-02-22 23:55:00,19315.0,19315.0,19280.0,19300.0,24.0,2315350.0,13718.0
2018-02-23 00:00:00,19300.0,19300.0,19295.0,19295.0,6.0,578900.0,13718.0
2018-02-23 00:05:00,19295.0,19305.0,19295.0,19305.0,4.0,386050.0,13716.0
2018-02-23 00:10:00,19305.0,19305.0,19300.0,19300.0,8.0,772100.0,13716.0
2018-02-23 00:15:00,19305.0,19315.0,19305.0,19315.0,8.0,772400.0,13712.0
2018-02-23 00:20:00,19315.0,19325.0,19315.0,19325.0,10.0,966050.0,13714.0
2018-02-23 00:25:00,19335.0,19335.0,19325.0,19325.0,12.0,1159800.0,13712.0
2018-02-23 00:30:00,19320.0,19320.0,19320.0,19320.0,6.0,579650.0,13710.0
2018-02-23 00:35:00,19320.0,19340.0,19320.0,19340.0,6.0,580000.0,13712.0
2018-02-23 00:40:00,19340.0,19340.0,19340.0,19340.0,2.0,193400.0,13714.0
2018-02-23 00:45:00,19340.0,19360.0,19340.0,19360.0,16.0,1548500.0,13714.0
2018-02-23 00:50:00,19355.0,19370.0,19320.0,19320.0,56.0,5416300.0,13720.0
2018-02-23 00:55:00,19320.0,19340.0,19310.0,19340.0,26.0,2512700.0,13714.0
2018-02-23 09:00:00,19310.0,19315.0,19275.0,19280.0,184.0,17741100.0,13816.0
2018-02-23 09:05:00,19275.0,19290.0,19255.0,19260.0,188.0,18114600.0,13944.0
2018-02-23 09:10:00,19260.0,19260.0,19235.0,19235.0,320.0,30789750.0,14158.0
2018-02-23 09:15:00,19235.0,19265.0,19235.0,19265.0,20.0,1925600.0,14156.0
2018-02-23 09:20:00,19265.0,19300.0,19260.0,19295.0,94.0,9061850.0,14212.0
2018-02-23 09:25:00,19290.0,19300.0,19290.0,19295.0,76.0,7333050.0,14270.0
2018-02-23 09:30:00,19295.0,19295.0,19280.0,19285.0,24.0,2314950.0,14274.0
2018-02-23 09:35:00,19290.0,19300.0,19285.0,19300.0,26.0,2508250.0,14284.0
2018-02-23 09:40:00,19300.0,19315.0,19300.0,19315.0,30.0,2895300.0,14294.0
2018-02-23 09:45:00,19310.0,19310.0,19300.0,19305.0,22.0,2123650.0,14310.0
2018-02-23 09:50:00,19305.0,19320.0,19300.0,19300.0,106.0,10230150.0,14390.0
2018-02-23 09:55:00,19300.0,19300.0,19295.0,19295.0,30.0,2894800.0,14416.0
2018-02-23 10:00:00,19300.0,19300.0,19280.0,19280.0,28.0,2700950.0,14430.0
2018-02-23 10:05:00,19280.0,19280.0,19280.0,19280.0,0.0,0.0,14430.0
2018-02-23 10:10:00,19280.0,19285.0,19270.0,19270.0,14.0,1349500.0,14434.0
2018-02-23 10:30:00,19275.0,19285.0,19270.0,19285.0,32.0,3084000.0,14440.0
2018-02-23 10:35:00,19280.0,19285.0,19280.0,19285.0,6.0,578500.0,14440.0
2018-02-23 10:40:00,19290.0,19290.0,19285.0,19290.0,50.0,4822300.0,14414.0
2018-02-23 10:45:00,19290.0,19295.0,19285.0,19295.0,156.0,15049950.0,14336.0
2018-02-23 10:50:00,19295.0,19305.0,19285.0,19300.0,184.0,17754400.0,14316.0
2018-02-23 10:55:00,19300.0,19310.0,19300.0,19305.0,64.0,6179000.0,14318.0
2018-02-23 11:00:00,19310.0,19340.0,19310.0,19340.0,74.0,7151700.0,14262.0
2018-02-23 11:05:00,19325.0,19325.0,19285.0,19285.0,224.0,21629400.0,14406.0
2018-02-23 11:10:00,19325.0,19325.0,19285.0,19285.0,156.0,15063050.0,14432.0
2018-02-23 11:15:00,19285.0,19290.0,19285.0,19290.0,6.0,578650.0,14432.0
2018-02-23 11:20:00,19290.0,19295.0,19290.0,19295.0,8.0,771800.0,14434.0
2018-02-23 11:25:00,19280.0,19320.0,19270.0,19320.0,82.0,7912350.0,14444.0
2018-02-23 13:30:00,19325.0,19335.0,19315.0,19325.0,56.0,5410750.0,14466.0
2018-02-23 13:35:00,19325.0,19340.0,19320.0,19340.0,22.0,2126100.0,14462.0
2018-02-23 13:40:00,19340.0,19345.0,19325.0,19335.0,118.0,11408850.0,14514.0
2018-02-23 13:45:00,19335.0,19345.0,19320.0,19345.0,56.0,5411950.0,14544.0
2018-02-23 13:50:00,19335.0,19340.0,19330.0,19335.0,72.0,6960500.0,14608.0
2018-02-23 13:55:00,19335.0,19345.0,19330.0,19345.0,142.0,13731500.0,14662.0
2018-02-23 14:00:00,19350.0,19350.0,19340.0,19345.0,56.0,5417300.0,14686.0
2018-02-23 14:05:00,19345.0,19345.0,19335.0,19340.0,28.0,2707300.0,14710.0
2018-02-23 14:10:00,19335.0,19355.0,19335.0,19355.0,86.0,8316700.0,14762.0
2018-02-23 14:15:00,19360.0,19365.0,19345.0,19350.0,38.0,3677500.0,14782.0
2018-02-23 14:20:00,19350.0,19360.0,19340.0,19345.0,32.0,3095550.0,14794.0
2018-02-23 14:25:00,19340.0,19350.0,19340.0,19340.0,30.0,2901850.0,14808.0
2018-02-23 14:30:00,19340.0,19345.0,19325.0,19345.0,62.0,5994550.0,14838.0
2018-02-23 14:35:00,19345.0,19350.0,19330.0,19345.0,28.0,2707550.0,14844.0
2018-02-23 14:40:00,19345.0,19345.0,19325.0,19325.0,110.0,10632800.0,14860.0
2018-02-23 14:45:00,19320.0,19320.0,19315.0,19320.0,48.0,4636550.0,14868.0
2018-02-23 14:50:00,19320.0,19325.0,19310.0,19325.0,100.0,9660250.0,14820.0
2018-02-23 14:55:00,19325.0,19325.0,19305.0,19305.0,78.0,7532950.0,14830.0
2018-02-23 21:00:00,19260.0,19290.0,19250.0,19260.0,56.0,5395250.0,14838.0
2018-02-23 21:05:00,19260.0,19285.0,19260.0,19285.0,76.0,7324150.0,14850.0
2018-02-23 21:10:00,19280.0,19285.0,19270.0,19280.0,118.0,11373150.0,14914.0
2018-02-23 21:15:00,19280.0,19280.0,19260.0,19265.0,240.0,23124550.0,14942.0
2018-02-23 21:20:00,19265.0,19275.0,19245.0,19255.0,272.0,26191750.0,15012.0
2018-02-23 21:25:00,19255.0,19255.0,19230.0,19230.0,138.0,13278000.0,15068.0
2018-02-23 21:30:00,19230.0,19255.0,19230.0,19255.0,88.0,8469950.0,15102.0
2018-02-23 21:35:00,19255.0,19255.0,19240.0,19245.0,42.0,4042200.0,15122.0
2018-02-23 21:40:00,19250.0,19260.0,19250.0,19255.0,150.0,14440950.0,15218.0
2018-02-23 21:45:00,19255.0,19265.0,19250.0,19255.0,168.0,16175600.0,15224.0
2018-02-23 21:50:00,19260.0,19260.0,19245.0,19245.0,44.0,4236050.0,15226.0
2018-02-23 21:55:00,19245.0,19250.0,19245.0,19245.0,14.0,1347200.0,15226.0
2018-02-23 22:00:00,19240.0,19265.0,19240.0,19265.0,190.0,18291000.0,15170.0
2018-02-23 22:05:00,19270.0,19285.0,19265.0,19275.0,212.0,20433050.0,15096.0
2018-02-23 22:10:00,19275.0,19285.0,19275.0,19280.0,56.0,5398050.0,15110.0
2018-02-23 22:15:00,19275.0,19275.0,19270.0,19270.0,6.0,578200.0,15108.0
2018-02-23 22:20:00,19265.0,19265.0,19260.0,19260.0,74.0,7127400.0,15136.0
2018-02-23 22:25:00,19265.0,19265.0,19265.0,19265.0,50.0,4816250.0,15126.0
2018-02-23 22:30:00,19265.0,19265.0,19255.0,19260.0,20.0,1925800.0,15124.0
2018-02-23 22:35:00,19260.0,19260.0,19255.0,19255.0,8.0,770200.0,15126.0
2018-02-23 22:40:00,19255.0,19260.0,19255.0,19260.0,46.0,4429800.0,15146.0
2018-02-23 22:45:00,19255.0,19255.0,19240.0,19245.0,56.0,5389050.0,15160.0
2018-02-23 22:50:00,19250.0,19250.0,19240.0,19245.0,18.0,1731800.0,15166.0
2018-02-23 22:55:00,19245.0,19250.0,19235.0,19250.0,18.0,1732050.0,15172.0
2018-02-23 23:00:00,19250.0,19250.0,19230.0,19240.0,70.0,6731600.0,15184.0
2018-02-23 23:05:00,19240.0,19240.0,19230.0,19235.0,10.0,961700.0,15180.0
2018-02-23 23:10:00,19235.0,19235.0,19225.0,19235.0,32.0,3076800.0,15182.0
2018-02-23 23:15:00,19235.0,19235.0,19235.0,19235.0,0.0,0.0,15182.0
2018-02-23 23:20:00,19235.0,19245.0,19235.0,19240.0,24.0,2309250.0,15168.0
2018-02-23 23:25:00,19250.0,19260.0,19250.0,19250.0,26.0,2503550.0,15150.0
2018-02-23 23:30:00,19250.0,19265.0,19250.0,19265.0,10.0,963200.0,15150.0
2018-02-23 23:35:00,19265.0,19265.0,19265.0,19265.0,4.0,385300.0,15148.0
2018-02-23 23:40:00,19265.0,19265.0,19255.0,19255.0,52.0,5008450.0,15156.0
2018-02-23 23:45:00,19255.0,19255.0,19255.0,19255.0,2.0,192550.0,15156.0
2018-02-23 23:50:00,19255.0,19255.0,19255.0,19255.0,2.0,192550.0,15156.0
2018-02-23 23:55:00,19255.0,19255.0,19250.0,19250.0,8.0,770000.0,15152.0
2018-02-24 00:00:00,19250.0,19250.0,19250.0,19250.0,0.0,0.0,15152.0
2018-02-24 00:05:00,19250.0,19250.0,19250.0,19250.0,0.0,0.0,15152.0
2018-02-24 00:10:00,19245.0,19245.0,19235.0,19240.0,52.0,5001950.0,15132.0
2018-02-24 00:15:00,19245.0,19245.0,19245.0,19245.0,2.0,192450.0,15132.0
2018-02-24 00:20:00,19245.0,19245.0,19245.0,19245.0,0.0,0.0,15132.0
2018-02-24 00:25:00,19245.0,19245.0,19245.0,19245.0,2.0,192450.0,15132.0
2018-02-24 00:30:00,19245.0,19245.0,19245.0,19245.0,2.0,192450.0,15132.0
2018-02-24 00:35:00,19245.0,19245.0,19245.0,19245.0,4.0,384900.0,15132.0
2018-02-24 00:40:00,19245.0,19245.0,19230.0,19230.0,24.0,2307800.0,15126.0
2018-02-24 00:45:00,19230.0,19235.0,19225.0,19225.0,54.0,5191050.0,15122.0
2018-02-24 00:50:00,19225.0,19235.0,19225.0,19235.0,52.0,5000550.0,15114.0
2018-02-24 00:55:00,19240.0,19250.0,19225.0,19225.0,68.0,6542350.0,15086.0
2018-02-26 09:00:00,19235.0,19290.0,19235.0,19285.0,282.0,27177550.0,15182.0
2018-02-26 09:05:00,19290.0,19300.0,19285.0,19300.0,198.0,19103100.0,15218.0
2018-02-26 09:10:00,19300.0,19315.0,19300.0,19305.0,148.0,14288350.0,15294.0
2018-02-26 09:15:00,19310.0,19310.0,19295.0,19300.0,36.0,3474200.0,15314.0
2018-02-26 09:20:00,19300.0,19300.0,19250.0,19270.0,28.0,2698400.0,15320.0
2018-02-26 09:25:00,19255.0,19255.0,19225.0,19225.0,72.0,6925250.0,15308.0
2018-02-26 09:30:00,19210.0,19285.0,19185.0,19270.0,158.0,15203650.0,15314.0
2018-02-26 09:35:00,19270.0,19270.0,19245.0,19265.0,48.0,4623450.0,15324.0
2018-02-26 09:40:00,19245.0,19260.0,19240.0,19260.0,94.0,9047650.0,15350.0
2018-02-26 09:45:00,19260.0,19265.0,19245.0,19245.0,48.0,4622500.0,15346.0
2018-02-26 09:50:00,19240.0,19255.0,19240.0,19255.0,110.0,10586850.0,15358.0
2018-02-26 09:55:00,19255.0,19260.0,19255.0,19255.0,18.0,1733050.0,15360.0
2018-02-26 10:00:00,19255.0,19270.0,19255.0,19270.0,72.0,6936350.0,15378.0
2018-02-26 10:05:00,19270.0,19270.0,19260.0,19260.0,28.0,2697150.0,15390.0
2018-02-26 10:10:00,19260.0,19265.0,19250.0,19265.0,50.0,4814850.0,15408.0
2018-02-26 10:30:00,19265.0,19270.0,19265.0,19265.0,8.0,770700.0,15408.0
2018-02-26 10:35:00,19265.0,19270.0,19265.0,19270.0,18.0,1734300.0,15410.0
2018-02-26 10:40:00,19270.0,19305.0,19265.0,19305.0,90.0,8675100.0,15426.0
2018-02-26 10:45:00,19310.0,19325.0,19310.0,19320.0,210.0,20284350.0,15390.0
2018-02-26 10:50:00,19320.0,19355.0,19320.0,19330.0,82.0,7927900.0,15390.0
2018-02-26 10:55:00,19345.0,19345.0,19330.0,19330.0,20.0,1933450.0,15386.0
2018-02-26 11:00:00,19335.0,19355.0,19330.0,19355.0,10.0,967150.0,15386.0
2018-02-26 11:05:00,19355.0,19355.0,19335.0,19335.0,4.0,386700.0,15384.0
2018-02-26 11:10:00,19330.0,19345.0,19330.0,19345.0,22.0,2127100.0,15402.0
2018-02-26 11:15:00,19345.0,19345.0,19335.0,19345.0,12.0,1160350.0,15396.0
2018-02-26 11:20:00,19345.0,19350.0,19340.0,19345.0,36.0,3481850.0,15392.0
2018-02-26 11:25:00,19345.0,19360.0,19345.0,19350.0,44.0,4258450.0,15402.0
2018-02-26 13:30:00,19345.0,19385.0,19345.0,19370.0,236.0,22857450.0,15478.0
2018-02-26 13:35:00,19365.0,19375.0,19365.0,19370.0,34.0,3293100.0,15482.0
2018-02-26 13:40:00,19375.0,19380.0,19375.0,19375.0,42.0,4069250.0,15498.0
2018-02-26 13:45:00,19375.0,19385.0,19375.0,19380.0,64.0,6202350.0,15542.0
2018-02-26 13:50:00,19380.0,19385.0,19375.0,19375.0,10.0,969050.0,15544.0
2018-02-26 13:55:00,19375.0,19390.0,19375.0,19380.0,98.0,9497050.0,15566.0
2018-02-26 14:00:00,19380.0,19380.0,19380.0,19380.0,46.0,4457400.0,15592.0
2018-02-26 14:05:00,19385.0,19385.0,19375.0,19380.0,70.0,6783000.0,15620.0
2018-02-26 14:10:00,19380.0,19385.0,19380.0,19385.0,38.0,3682600.0,15612.0
2018-02-26 14:15:00,19385.0,19400.0,19385.0,19390.0,170.0,16484300.0,15660.0
2018-02-26 14:20:00,19390.0,19395.0,19370.0,19370.0,72.0,6976450.0,15656.0
2018-02-26 14:25:00,19370.0,19390.0,19365.0,19380.0,66.0,6394950.0,15678.0
2018-02-26 14:30:00,19370.0,19370.0,19365.0,19365.0,20.0,1936850.0,15680.0
2018-02-26 14:35:00,19365.0,19370.0,19365.0,19370.0,8.0,774700.0,15676.0
2018-02-26 14:40:00,19370.0,19380.0,19355.0,19355.0,38.0,3679300.0,15668.0
2018-02-26 14:45:00,19355.0,19375.0,19350.0,19360.0,190.0,18390700.0,15658.0
2018-02-26 14:50:00,19370.0,19370.0,19350.0,19370.0,120.0,11615400.0,15670.0
2018-02-26 14:55:00,19370.0,19380.0,19360.0,19370.0,178.0,17239750.0,15652.0
2018-02-26 21:00:00,19450.0,19470.0,19405.0,19455.0,524.0,50962200.0,15836.0
2018-02-26 21:05:00,19455.0,19500.0,19450.0,19450.0,608.0,59202550.0,16044.0
2018-02-26 21:10:00,19455.0,19485.0,19440.0,19440.0,376.0,36588050.0,16276.0
2018-02-26 21:15:00,19435.0,19465.0,19435.0,19450.0,274.0,26644800.0,16462.0
2018-02-26 21:20:00,19450.0,19460.0,19445.0,19455.0,220.0,21398800.0,16386.0
2018-02-26 21:25:00,19455.0,19455.0,19450.0,19450.0,62.0,6030250.0,16390.0
2018-02-26 21:30:00,19445.0,19450.0,19425.0,19435.0,192.0,18655500.0,16344.0
2018-02-26 21:35:00,19435.0,19445.0,19435.0,19440.0,28.0,2721900.0,16342.0
2018-02-26 21:40:00,19435.0,19435.0,19430.0,19430.0,18.0,1748950.0,16348.0
2018-02-26 21:45:00,19430.0,19435.0,19405.0,19410.0,208.0,20196750.0,16460.0
2018-02-26 21:50:00,19410.0,19420.0,19400.0,19415.0,42.0,4075550.0,16484.0
2018-02-26 21:55:00,19420.0,19420.0,19410.0,19415.0,40.0,3882700.0,16460.0
2018-02-26 22:00:00,19420.0,19440.0,19420.0,19430.0,72.0,6994300.0,16452.0
2018-02-26 22:05:00,19430.0,19430.0,19410.0,19410.0,12.0,1165000.0,16452.0
2018-02-26 22:10:00,19410.0,19420.0,19410.0,19420.0,26.0,2524200.0,16466.0
2018-02-26 22:15:00,19420.0,19430.0,19420.0,19430.0,10.0,971300.0,16472.0
2018-02-26 22:20:00,19415.0,19420.0,19405.0,19420.0,60.0,5824350.0,16506.0
2018-02-26 22:25:00,19420.0,19420.0,19410.0,19415.0,62.0,6018600.0,16520.0
2018-02-26 22:30:00,19415.0,19415.0,19385.0,19395.0,130.0,12606850.0,16480.0
2018-02-26 22:35:00,19390.0,19390.0,19375.0,19385.0,74.0,7171500.0,16502.0
2018-02-26 22:40:00,19375.0,19375.0,19350.0,19350.0,48.0,4647550.0,16502.0
2018-02-26 22:45:00,19365.0,19400.0,19365.0,19395.0,52.0,5040350.0,16472.0
2018-02-26 22:50:00,19400.0,19400.0,19395.0,19400.0,24.0,2327900.0,16476.0
2018-02-26 22:55:00,19400.0,19405.0,19395.0,19405.0,8.0,776050.0,16470.0
2018-02-26 23:00:00,19410.0,19410.0,19390.0,19390.0,6.0,581900.0,16470.0
2018-02-26 23:05:00,19390.0,19405.0,19385.0,19385.0,6.0,581850.0,16470.0
2018-02-26 23:10:00,19385.0,19390.0,19380.0,19390.0,14.0,1356850.0,16468.0
2018-02-26 23:15:00,19390.0,19390.0,19390.0,19390.0,0.0,0.0,16468.0
2018-02-26 23:20:00,19390.0,19405.0,19390.0,19405.0,20.0,1940250.0,16460.0
2018-02-26 23:25:00,19405.0,19405.0,19395.0,19395.0,10.0,969900.0,16460.0
2018-02-26 23:30:00,19400.0,19400.0,19400.0,19400.0,24.0,2328000.0,16466.0
2018-02-26 23:35:00,19400.0,19400.0,19390.0,19395.0,34.0,3296550.0,16482.0
2018-02-26 23:40:00,19395.0,19395.0,19380.0,19380.0,8.0,775200.0,16486.0
2018-02-26 23:45:00,19380.0,19390.0,19380.0,19385.0,16.0,1550900.0,16484.0
2018-02-26 23:50:00,19385.0,19385.0,19385.0,19385.0,2.0,193850.0,16484.0
2018-02-26 23:55:00,19385.0,19395.0,19385.0,19395.0,4.0,387900.0,16484.0
2018-02-27 00:00:00,19395.0,19405.0,19395.0,19405.0,10.0,970200.0,16486.0
2018-02-27 00:05:00,19405.0,19405.0,19400.0,19400.0,10.0,970000.0,16488.0
2018-02-27 00:10:00,19400.0,19405.0,19400.0,19405.0,2.0,194050.0,16486.0
2018-02-27 00:15:00,19405.0,19405.0,19405.0,19405.0,0.0,0.0,16486.0
2018-02-27 00:20:00,19405.0,19405.0,19405.0,19405.0,0.0,0.0,16486.0
2018-02-27 00:25:00,19395.0,19400.0,19395.0,19400.0,6.0,581950.0,16486.0
2018-02-27 00:30:00,19400.0,19415.0,19400.0,19415.0,36.0,3493450.0,16472.0
2018-02-27 00:35:00,19420.0,19430.0,19415.0,19430.0,10.0,971050.0,16474.0
2018-02-27 00:40:00,19430.0,19430.0,19430.0,19430.0,0.0,0.0,16474.0
2018-02-27 00:45:00,19430.0,19430.0,19410.0,19410.0,4.0,388200.0,16474.0
2018-02-27 00:50:00,19410.0,19410.0,19390.0,19395.0,8.0,775850.0,16472.0
2018-02-27 00:55:00,19395.0,19415.0,19395.0,19410.0,22.0,2134350.0,16458.0
2018-02-27 09:00:00,19420.0,19420.0,19395.0,19405.0,102.0,9897550.0,16500.0
2018-02-27 09:05:00,19410.0,19435.0,19405.0,19420.0,164.0,15923550.0,16570.0
2018-02-27 09:10:00,19410.0,19430.0,19410.0,19430.0,86.0,8349750.0,16612.0
2018-02-27 09:15:00,19425.0,19445.0,19425.0,19440.0,88.0,8553150.0,16624.0
2018-02-27 09:20:00,19450.0,19450.0,19435.0,19440.0,114.0,11081900.0,16690.0
2018-02-27 09:25:00,19440.0,19440.0,19410.0,19425.0,96.0,9324050.0,16718.0
2018-02-27 09:30:00,19415.0,19420.0,19390.0,19410.0,62.0,6016200.0,16726.0
2018-02-27 09:35:00,19410.0,19425.0,19410.0,19425.0,14.0,1359550.0,16726.0
2018-02-27 09:40:00,19425.0,19440.0,19425.0,19440.0,46.0,4468600.0,16744.0
2018-02-27 09:45:00,19435.0,19440.0,19430.0,19440.0,42.0,4081700.0,16766.0
2018-02-27 09:50:00,19440.0,19440.0,19425.0,19425.0,12.0,1165800.0,16768.0
2018-02-27 09:55:00,19410.0,19425.0,19410.0,19425.0,66.0,6406050.0,16822.0
2018-02-27 10:00:00,19430.0,19445.0,19430.0,19435.0,52.0,5053850.0,16834.0
2018-02-27 10:05:00,19445.0,19450.0,19445.0,19445.0,38.0,3695050.0,16852.0
2018-02-27 10:10:00,19445.0,19445.0,19435.0,19435.0,102.0,9915300.0,16866.0
2018-02-27 10:30:00,19435.0,19445.0,19410.0,19425.0,296.0,28746600.0,16954.0
2018-02-27 10:35:00,19425.0,19435.0,19425.0,19425.0,10.0,971450.0,16956.0
2018-02-27 10:40:00,19425.0,19425.0,19415.0,19415.0,16.0,1553450.0,16956.0
2018-02-27 10:45:00,19415.0,19415.0,19405.0,19415.0,50.0,4852600.0,16980.0
2018-02-27 10:50:00,19405.0,19420.0,19405.0,19420.0,28.0,2718300.0,16996.0
2018-02-27 10:55:00,19420.0,19420.0,19420.0,19420.0,2.0,194200.0,16998.0
2018-02-27 11:00:00,19425.0,19430.0,19425.0,19425.0,26.0,2525550.0,16998.0
2018-02-27 11:05:00,19430.0,19430.0,19420.0,19430.0,46.0,4467350.0,17004.0
2018-02-27 11:10:00,19425.0,19425.0,19400.0,19400.0,30.0,2911400.0,17006.0
2018-02-27 11:15:00,19400.0,19420.0,19400.0,19410.0,22.0,2135150.0,17010.0
2018-02-27 11:20:00,19415.0,19415.0,19405.0,19410.0,20.0,1941250.0,17008.0
2018-02-27 11:25:00,19415.0,19415.0,19405.0,19405.0,22.0,2135100.0,17022.0
2018-02-27 13:30:00,19405.0,19415.0,19390.0,19405.0,98.0,9508250.0,17042.0
2018-02-27 13:35:00,19405.0,19415.0,19395.0,19415.0,32.0,3104600.0,17056.0
2018-02-27 13:40:00,19420.0,19420.0,19410.0,19410.0,22.0,2136000.0,17062.0
2018-02-27 13:45:00,19410.0,19410.0,19410.0,19410.0,0.0,0.0,17062.0
2018-02-27 13:50:00,19410.0,19420.0,19410.0,19420.0,10.0,970950.0,17062.0
2018-02-27 13:55:00,19420.0,19445.0,19420.0,19440.0,18.0,1748450.0,17062.0
2018-02-27 14:00:00,19440.0,19450.0,19440.0,19445.0,10.0,972250.0,17060.0
2018-02-27 14:05:00,19450.0,19450.0,19440.0,19440.0,28.0,2722700.0,17072.0
2018-02-27 14:10:00,19445.0,19445.0,19445.0,19445.0,2.0,194450.0,17072.0
2018-02-27 14:15:00,19445.0,19445.0,19440.0,19440.0,2.0,194400.0,17070.0
2018-02-27 14:20:00,19445.0,19445.0,19430.0,19430.0,14.0,1360350.0,17066.0
2018-02-27 14:25:00,19430.0,19430.0,19415.0,19430.0,26.0,2525650.0,17078.0
2018-02-27 14:30:00,19430.0,19445.0,19430.0,19430.0,18.0,1749250.0,17082.0
2018-02-27 14:35:00,19430.0,19440.0,19425.0,19440.0,26.0,2526200.0,17070.0
2018-02-27 14:40:00,19440.0,19440.0,19425.0,19425.0,6.0,582850.0,17066.0
2018-02-27 14:45:00,19435.0,19435.0,19420.0,19430.0,50.0,4857050.0,17074.0
2018-02-27 14:50:00,19425.0,19425.0,19410.0,19410.0,40.0,3882950.0,17046.0
2018-02-27 14:55:00,19410.0,19425.0,19400.0,19420.0,154.0,14948150.0,17032.0
2018-02-27 21:00:00,19420.0,19420.0,19365.0,19370.0,270.0,26167500.0,17172.0
2018-02-27 21:05:00,19370.0,19380.0,19365.0,19380.0,182.0,17630200.0,17262.0
2018-02-27 21:10:00,19380.0,19385.0,19350.0,19360.0,434.0,42018300.0,17434.0
2018-02-27 21:15:00,19365.0,19365.0,19355.0,19365.0,144.0,13938950.0,17494.0
2018-02-27 21:20:00,19360.0,19375.0,19355.0,19375.0,166.0,16075100.0,17532.0
2018-02-27 21:25:00,19375.0,19400.0,19375.0,19390.0,216.0,20941250.0,17622.0
2018-02-27 21:30:00,19385.0,19400.0,19380.0,19390.0,258.0,25013950.0,17736.0
2018-02-27 21:35:00,19385.0,19400.0,19385.0,19395.0,106.0,10277850.0,17724.0
2018-02-27 21:40:00,19390.0,19395.0,19380.0,19385.0,48.0,4652750.0,17728.0
2018-02-27 21:45:00,19380.0,19390.0,19380.0,19390.0,94.0,9111100.0,17742.0
2018-02-27 21:50:00,19390.0,19390.0,19380.0,19385.0,62.0,6009900.0,17726.0
2018-02-27 21:55:00,19385.0,19385.0,19380.0,19380.0,6.0,581500.0,17730.0
2018-02-27 22:00:00,19390.0,19390.0,19385.0,19390.0,42.0,4071850.0,17740.0
2018-02-27 22:05:00,19385.0,19390.0,19385.0,19390.0,4.0,387750.0,17742.0
2018-02-27 22:10:00,19385.0,19390.0,19385.0,19390.0,128.0,12408800.0,17788.0
2018-02-27 22:15:00,19395.0,19395.0,19380.0,19380.0,114.0,11052300.0,17850.0
2018-02-27 22:20:00,19380.0,19385.0,19380.0,19385.0,6.0,581500.0,17852.0
2018-02-27 22:25:00,19380.0,19385.0,19380.0,19385.0,56.0,5427400.0,17854.0
2018-02-27 22:30:00,19385.0,19395.0,19380.0,19385.0,26.0,2520150.0,17866.0
2018-02-27 22:35:00,19390.0,19410.0,19390.0,19395.0,36.0,3491900.0,17874.0
2018-02-27 22:40:00,19390.0,19395.0,19385.0,19390.0,88.0,8531500.0,17928.0
2018-02-27 22:45:00,19390.0,19405.0,19380.0,19390.0,326.0,31615100.0,18078.0
2018-02-27 22:50:00,19390.0,19390.0,19380.0,19380.0,22.0,2132200.0,18090.0
2018-02-27 22:55:00,19385.0,19395.0,19370.0,19380.0,44.0,4263650.0,18092.0
2018-02-27 23:00:00,19380.0,19380.0,19360.0,19370.0,116.0,11234650.0,18120.0
2018-02-27 23:05:00,19370.0,19375.0,19370.0,19370.0,6.0,581150.0,18120.0
2018-02-27 23:10:00,19370.0,19375.0,19370.0,19370.0,34.0,3293050.0,18132.0
2018-02-27 23:15:00,19375.0,19375.0,19365.0,19370.0,34.0,3292950.0,18138.0
2018-02-27 23:20:00,19370.0,19380.0,19370.0,19370.0,28.0,2712200.0,18142.0
2018-02-27 23:25:00,19375.0,19380.0,19375.0,19380.0,14.0,1356400.0,18154.0
2018-02-27 23:30:00,19370.0,19380.0,19370.0,19375.0,24.0,2324950.0,18158.0
2018-02-27 23:35:00,19375.0,19375.0,19370.0,19370.0,14.0,1356050.0,18168.0
2018-02-27 23:40:00,19370.0,19380.0,19355.0,19355.0,80.0,7747600.0,18176.0
2018-02-27 23:45:00,19365.0,19365.0,19355.0,19355.0,12.0,1161750.0,18186.0
2018-02-27 23:50:00,19355.0,19355.0,19315.0,19315.0,48.0,4640050.0,18184.0
2018-02-27 23:55:00,19325.0,19350.0,19325.0,19345.0,34.0,3287500.0,18196.0
2018-02-28 00:00:00,19340.0,19340.0,19330.0,19330.0,42.0,4060600.0,18210.0
2018-02-28 00:05:00,19330.0,19345.0,19330.0,19335.0,8.0,773600.0,18208.0
2018-02-28 00:10:00,19335.0,19365.0,19335.0,19360.0,30.0,2904300.0,18218.0
2018-02-28 00:15:00,19360.0,19365.0,19350.0,19355.0,32.0,3097650.0,18222.0
2018-02-28 00:20:00,19370.0,19370.0,19355.0,19355.0,16.0,1549350.0,18230.0
2018-02-28 00:25:00,19350.0,19360.0,19335.0,19360.0,22.0,2128350.0,18228.0
2018-02-28 00:30:00,19365.0,19370.0,19365.0,19370.0,22.0,2130350.0,18220.0
2018-02-28 00:35:00,19360.0,19370.0,19360.0,19370.0,18.0,1743050.0,18224.0
2018-02-28 00:40:00,19360.0,19365.0,19355.0,19360.0,20.0,1936050.0,18228.0
2018-02-28 00:45:00,19360.0,19365.0,19360.0,19365.0,6.0,580850.0,18230.0
2018-02-28 00:50:00,19370.0,19370.0,19370.0,19370.0,10.0,968500.0,18236.0
2018-02-28 00:55:00,19370.0,19370.0,19360.0,19360.0,44.0,4261200.0,18196.0
2018-02-28 09:00:00,19365.0,19370.0,19290.0,19295.0,206.0,19910000.0,18250.0
2018-02-28 09:05:00,19290.0,19290.0,19275.0,19280.0,130.0,12533450.0,18290.0
2018-02-28 09:10:00,19280.0,19285.0,19275.0,19280.0,164.0,15809600.0,18342.0
2018-02-28 09:15:00,19280.0,19280.0,19265.0,19270.0,210.0,20232700.0,18438.0
2018-02-28 09:20:00,19270.0,19280.0,19260.0,19260.0,170.0,16380550.0,18492.0
2018-02-28 09:25:00,19260.0,19260.0,19235.0,19245.0,132.0,12706150.0,18558.0
2018-02-28 09:30:00,19250.0,19250.0,19215.0,19220.0,286.0,27502400.0,18662.0
2018-02-28 09:35:00,19220.0,19220.0,19195.0,19195.0,282.0,27077950.0,18740.0
2018-02-28 09:40:00,19195.0,19205.0,19190.0,19190.0,316.0,30334950.0,18878.0
2018-02-28 09:45:00,19190.0,19190.0,19175.0,19180.0,188.0,18031600.0,18952.0
2018-02-28 09:50:00,19185.0,19200.0,19180.0,19195.0,206.0,19767250.0,19030.0
2018-02-28 09:55:00,19200.0,19210.0,19195.0,19210.0,200.0,19202850.0,19130.0
2018-02-28 10:00:00,19210.0,19210.0,19200.0,19200.0,220.0,21125750.0,19264.0
2018-02-28 10:05:00,19195.0,19200.0,19165.0,19165.0,196.0,18802050.0,19312.0
2018-02-28 10:10:00,19165.0,19165.0,19140.0,19150.0,156.0,14938300.0,19388.0
2018-02-28 10:30:00,19150.0,19155.0,19140.0,19140.0,172.0,16464400.0,19478.0
2018-02-28 10:35:00,19140.0,19140.0,19115.0,19135.0,260.0,24868500.0,19584.0
2018-02-28 10:40:00,19135.0,19145.0,19130.0,19140.0,322.0,30809650.0,19680.0
2018-02-28 10:45:00,19135.0,19140.0,19110.0,19115.0,168.0,16063000.0,19738.0
2018-02-28 10:50:00,19115.0,19120.0,19090.0,19105.0,324.0,30949250.0,19902.0
2018-02-28 10:55:00,19100.0,19115.0,19095.0,19115.0,66.0,6305400.0,19882.0
2018-02-28 11:00:00,19115.0,19135.0,19115.0,19130.0,60.0,5738250.0,19864.0
2018-02-28 11:05:00,19130.0,19130.0,19125.0,19125.0,38.0,3634500.0,19878.0
2018-02-28 11:10:00,19125.0,19130.0,19120.0,19130.0,22.0,2104200.0,19868.0
2018-02-28 11:15:00,19120.0,19120.0,19105.0,19115.0,118.0,11276650.0,19938.0
2018-02-28 11:20:00,19115.0,19120.0,19110.0,19120.0,56.0,5352500.0,19968.0
2018-02-28 11:25:00,19125.0,19125.0,19115.0,19125.0,50.0,4780650.0,19988.0
2018-02-28 13:30:00,19120.0,19130.0,19120.0,19125.0,104.0,9945500.0,20018.0
2018-02-28 13:35:00,19125.0,19140.0,19125.0,19140.0,152.0,14540000.0,20092.0
2018-02-28 13:40:00,19140.0,19150.0,19130.0,19150.0,258.0,24689600.0,20092.0
2018-02-28 13:45:00,19150.0,19165.0,19145.0,19160.0,150.0,14363100.0,20152.0
2018-02-28 13:50:00,19165.0,19175.0,19155.0,19170.0,248.0,23763600.0,20250.0
2018-02-28 13:55:00,19170.0,19175.0,19160.0,19160.0,418.0,40061450.0,20448.0
2018-02-28 14:00:00,19160.0,19170.0,19155.0,19170.0,230.0,22040750.0,20512.0
2018-02-28 14:05:00,19170.0,19175.0,19165.0,19175.0,146.0,13996000.0,20538.0
2018-02-28 14:10:00,19170.0,19175.0,19150.0,19150.0,266.0,25484150.0,20664.0
2018-02-28 14:15:00,19150.0,19170.0,19150.0,19165.0,170.0,16285750.0,20662.0
2018-02-28 14:20:00,19165.0,19170.0,19155.0,19155.0,170.0,16287950.0,20690.0
2018-02-28 14:25:00,19155.0,19180.0,19150.0,19175.0,318.0,30470950.0,20790.0
2018-02-28 14:30:00,19180.0,19180.0,19170.0,19175.0,166.0,15914900.0,20804.0
2018-02-28 14:35:00,19180.0,19180.0,19170.0,19170.0,264.0,25307300.0,20744.0
2018-02-28 14:40:00,19170.0,19175.0,19165.0,19175.0,78.0,7476300.0,20746.0
2018-02-28 14:45:00,19175.0,19190.0,19170.0,19185.0,322.0,30878950.0,20660.0
2018-02-28 14:50:00,19185.0,19190.0,19175.0,19175.0,302.0,28966750.0,20616.0
2018-02-28 14:55:00,19180.0,19210.0,19175.0,19210.0,290.0,27825250.0,20528.0
2018-02-28 21:00:00,19175.0,19175.0,19130.0,19130.0,324.0,31022150.0,20614.0
2018-02-28 21:05:00,19135.0,19135.0,19095.0,19120.0,202.0,19303400.0,20668.0
2018-02-28 21:10:00,19120.0,19120.0,19110.0,19115.0,114.0,10896050.0,20676.0
2018-02-28 21:15:00,19115.0,19115.0,19090.0,19110.0,278.0,26558100.0,20734.0
2018-02-28 21:20:00,19110.0,19115.0,19105.0,19110.0,20.0,1911300.0,20720.0
2018-02-28 21:25:00,19105.0,19115.0,19100.0,19105.0,202.0,19297200.0,20732.0
2018-02-28 21:30:00,19110.0,19130.0,19110.0,19125.0,110.0,10514850.0,20718.0
2018-02-28 21:35:00,19125.0,19125.0,19120.0,19125.0,42.0,4015900.0,20706.0
2018-02-28 21:40:00,19120.0,19140.0,19120.0,19135.0,82.0,7844050.0,20736.0
2018-02-28 21:45:00,19140.0,19145.0,19130.0,19140.0,132.0,12631750.0,20692.0
2018-02-28 21:50:00,19135.0,19165.0,19135.0,19160.0,120.0,11489600.0,20676.0
2018-02-28 21:55:00,19155.0,19165.0,19150.0,19150.0,88.0,8429600.0,20666.0
2018-02-28 22:00:00,19145.0,19150.0,19140.0,19145.0,48.0,4595000.0,20656.0
2018-02-28 22:05:00,19145.0,19145.0,19135.0,19145.0,36.0,3445750.0,20664.0
2018-02-28 22:10:00,19140.0,19170.0,19140.0,19155.0,52.0,4981100.0,20648.0
2018-02-28 22:15:00,19165.0,19170.0,19145.0,19155.0,128.0,12259900.0,20682.0
2018-02-28 22:20:00,19160.0,19160.0,19155.0,19160.0,28.0,2682300.0,20690.0
2018-02-28 22:25:00,19145.0,19160.0,19145.0,19150.0,250.0,23943000.0,20842.0
2018-02-28 22:30:00,19155.0,19155.0,19145.0,19145.0,82.0,7851850.0,20886.0
2018-02-28 22:35:00,19145.0,19155.0,19135.0,19140.0,302.0,28908150.0,21018.0
2018-02-28 22:40:00,19140.0,19165.0,19140.0,19165.0,98.0,9383500.0,21082.0
2018-02-28 22:45:00,19165.0,19165.0,19130.0,19135.0,236.0,22584800.0,21196.0
2018-02-28 22:50:00,19135.0,19150.0,19135.0,19150.0,202.0,19331050.0,21192.0
2018-02-28 22:55:00,19150.0,19150.0,19150.0,19150.0,18.0,1723500.0,21194.0
2018-02-28 23:00:00,19150.0,19150.0,19145.0,19145.0,66.0,6318550.0,21212.0
2018-02-28 23:05:00,19150.0,19150.0,19130.0,19135.0,28.0,2679150.0,21204.0
2018-02-28 23:10:00,19135.0,19140.0,19120.0,19130.0,44.0,4208150.0,21212.0
2018-02-28 23:15:00,19120.0,19125.0,19100.0,19110.0,86.0,8217750.0,21210.0
2018-02-28 23:20:00,19110.0,19130.0,19110.0,19130.0,38.0,3632950.0,21222.0
2018-02-28 23:25:00,19125.0,19135.0,19125.0,19130.0,48.0,4591550.0,21236.0
2018-02-28 23:30:00,19125.0,19130.0,19120.0,19130.0,44.0,4207450.0,21246.0
2018-02-28 23:35:00,19135.0,19135.0,19130.0,19135.0,16.0,1530550.0,21242.0
2018-02-28 23:40:00,19135.0,19135.0,19135.0,19135.0,0.0,0.0,21242.0
2018-02-28 23:45:00,19140.0,19160.0,19140.0,19155.0,50.0,4787500.0,21234.0
2018-02-28 23:50:00,19145.0,19145.0,19130.0,19130.0,22.0,2104850.0,21232.0
2018-02-28 23:55:00,19130.0,19130.0,19130.0,19130.0,0.0,0.0,21232.0
2018-03-01 00:00:00,19130.0,19130.0,19130.0,19130.0,0.0,0.0,21232.0
2018-03-01 00:05:00,19135.0,19135.0,19130.0,19135.0,18.0,1721900.0,21220.0
2018-03-01 00:10:00,19135.0,19135.0,19100.0,19105.0,36.0,3440050.0,21224.0
2018-03-01 00:15:00,19100.0,19100.0,19080.0,19085.0,162.0,15461700.0,21324.0
2018-03-01 00:20:00,19075.0,19100.0,19075.0,19090.0,68.0,6490250.0,21320.0
2018-03-01 00:25:00,19085.0,19100.0,19085.0,19085.0,46.0,4390900.0,21328.0
2018-03-01 00:30:00,19085.0,19090.0,19085.0,19090.0,10.0,954400.0,21328.0
2018-03-01 00:35:00,19095.0,19100.0,19075.0,19075.0,60.0,5725850.0,21346.0
2018-03-01 00:40:00,19075.0,19100.0,19075.0,19090.0,58.0,5535100.0,21356.0
2018-03-01 00:45:00,19085.0,19095.0,19085.0,19090.0,52.0,4964300.0,21336.0
2018-03-01 00:50:00,19095.0,19100.0,19080.0,19100.0,106.0,10117700.0,21302.0
2018-03-01 00:55:00,19095.0,19120.0,19090.0,19115.0,148.0,14133350.0,21270.0
2018-03-01 09:00:00,19085.0,19105.0,19040.0,19050.0,452.0,43086350.0,21394.0
2018-03-01 09:05:00,19050.0,19105.0,19050.0,19100.0,190.0,18132850.0,21334.0
2018-03-01 09:10:00,19100.0,19100.0,19075.0,19080.0,554.0,52863800.0,21388.0
2018-03-01 09:15:00,19085.0,19110.0,19080.0,19095.0,384.0,36665850.0,21466.0
2018-03-01 09:20:00,19100.0,19140.0,19090.0,19095.0,248.0,23699950.0,21496.0
2018-03-01 09:25:00,19095.0,19105.0,19090.0,19095.0,282.0,26930700.0,21656.0
2018-03-01 09:30:00,19095.0,19100.0,19080.0,19095.0,230.0,21954050.0,21740.0
2018-03-01 09:35:00,19095.0,19095.0,19070.0,19070.0,192.0,18315100.0,21818.0
2018-03-01 09:40:00,19070.0,19080.0,19065.0,19075.0,342.0,32611950.0,21988.0
2018-03-01 09:45:00,19075.0,19110.0,19075.0,19100.0,206.0,19665400.0,21998.0
2018-03-01 09:50:00,19100.0,19110.0,19095.0,19100.0,200.0,19102550.0,22114.0
2018-03-01 09:55:00,19100.0,19110.0,19100.0,19110.0,80.0,7642350.0,22130.0
2018-03-01 10:00:00,19105.0,19120.0,19105.0,19110.0,102.0,9746800.0,22114.0
2018-03-01 10:05:00,19120.0,19120.0,19110.0,19110.0,98.0,9366400.0,22120.0
2018-03-01 10:10:00,19110.0,19115.0,19100.0,19100.0,52.0,4968250.0,22116.0
2018-03-01 10:30:00,19100.0,19105.0,19090.0,19095.0,180.0,17188350.0,22104.0
2018-03-01 10:35:00,19095.0,19095.0,19075.0,19080.0,176.0,16793150.0,22118.0
2018-03-01 10:40:00,19080.0,19095.0,19080.0,19090.0,128.0,12213700.0,22164.0
2018-03-01 10:45:00,19090.0,19090.0,19075.0,19080.0,106.0,10112250.0,22154.0
2018-03-01 10:50:00,19080.0,19080.0,19055.0,19060.0,468.0,44609650.0,21964.0
2018-03-01 10:55:00,19065.0,19065.0,19050.0,19050.0,74.0,7051100.0,21988.0
2018-03-01 11:00:00,19050.0,19070.0,19050.0,19070.0,188.0,17914250.0,21966.0
2018-03-01 11:05:00,19070.0,19070.0,19055.0,19060.0,80.0,7623300.0,21938.0
2018-03-01 11:10:00,19060.0,19065.0,19060.0,19065.0,16.0,1524900.0,21944.0
2018-03-01 11:15:00,19060.0,19065.0,19050.0,19050.0,70.0,6669000.0,21922.0
2018-03-01 11:20:00,19055.0,19070.0,19050.0,19070.0,64.0,6098950.0,21956.0
2018-03-01 11:25:00,19070.0,19095.0,19070.0,19085.0,308.0,29390650.0,21964.0
2018-03-01 13:30:00,19095.0,19095.0,19070.0,19075.0,302.0,28815750.0,21868.0
2018-03-01 13:35:00,19075.0,19075.0,19065.0,19065.0,38.0,3623050.0,21870.0
2018-03-01 13:40:00,19065.0,19070.0,19060.0,19070.0,68.0,6482850.0,21896.0
2018-03-01 13:45:00,19065.0,19075.0,19065.0,19065.0,44.0,4194800.0,21884.0
2018-03-01 13:50:00,19060.0,19070.0,19060.0,19065.0,76.0,7244500.0,21918.0
2018-03-01 13:55:00,19065.0,19070.0,19060.0,19065.0,36.0,3432200.0,21914.0
2018-03-01 14:00:00,19060.0,19060.0,19040.0,19045.0,310.0,29527750.0,22010.0
2018-03-01 14:05:00,19045.0,19050.0,19040.0,19045.0,58.0,5522800.0,22022.0
2018-03-01 14:10:00,19040.0,19045.0,19035.0,19040.0,68.0,6473350.0,22032.0
2018-03-01 14:15:00,19040.0,19065.0,19025.0,19065.0,146.0,13901750.0,22054.0
2018-03-01 14:20:00,19060.0,19060.0,19050.0,19050.0,58.0,5525350.0,22048.0
2018-03-01 14:25:00,19050.0,19055.0,19030.0,19035.0,142.0,13520200.0,22102.0
2018-03-01 14:30:00,19035.0,19050.0,19030.0,19035.0,212.0,20186200.0,22208.0
2018-03-01 14:35:00,19040.0,19050.0,19040.0,19045.0,122.0,11615750.0,22278.0
2018-03-01 14:40:00,19045.0,19055.0,19040.0,19050.0,262.0,24956800.0,22362.0
2018-03-01 14:45:00,19050.0,19060.0,19050.0,19050.0,104.0,9908100.0,22398.0
2018-03-01 14:50:00,19055.0,19075.0,19055.0,19075.0,170.0,16206100.0,22412.0
2018-03-01 14:55:00,19075.0,19090.0,19070.0,19090.0,362.0,34541250.0,22396.0
2018-03-01 21:00:00,18950.0,18950.0,18810.0,18920.0,1418.0,133847750.0,22450.0
2018-03-01 21:05:00,18925.0,18925.0,18905.0,18915.0,252.0,23828450.0,22478.0
2018-03-01 21:10:00,18910.0,18920.0,18900.0,18915.0,166.0,15696650.0,22508.0
2018-03-01 21:15:00,18910.0,18920.0,18905.0,18915.0,84.0,7944150.0,22528.0
2018-03-01 21:20:00,18910.0,18925.0,18910.0,18915.0,80.0,7566900.0,22528.0
2018-03-01 21:25:00,18920.0,18920.0,18910.0,18920.0,80.0,7566700.0,22562.0
2018-03-01 21:30:00,18915.0,18915.0,18905.0,18905.0,82.0,7753050.0,22586.0
2018-03-01 21:35:00,18900.0,18900.0,18890.0,18890.0,176.0,16628700.0,22656.0
2018-03-01 21:40:00,18890.0,18910.0,18890.0,18910.0,88.0,8315400.0,22650.0
2018-03-01 21:45:00,18915.0,18915.0,18910.0,18915.0,68.0,6430200.0,22646.0
2018-03-01 21:50:00,18915.0,18925.0,18910.0,18915.0,124.0,11728900.0,22622.0
2018-03-01 21:55:00,18920.0,18920.0,18895.0,18900.0,186.0,17586400.0,22658.0
2018-03-01 22:00:00,18900.0,18900.0,18875.0,18875.0,282.0,26627850.0,22864.0
2018-03-01 22:05:00,18875.0,18880.0,18870.0,18875.0,232.0,21895450.0,22944.0
2018-03-01 22:10:00,18870.0,18870.0,18865.0,18870.0,172.0,16225350.0,23010.0
2018-03-01 22:15:00,18870.0,18870.0,18860.0,18865.0,94.0,8866000.0,23032.0
2018-03-01 22:20:00,18860.0,18870.0,18860.0,18865.0,196.0,18486950.0,23102.0
2018-03-01 22:25:00,18860.0,18860.0,18835.0,18835.0,302.0,28467450.0,23216.0
2018-03-01 22:30:00,18835.0,18835.0,18780.0,18780.0,746.0,70139100.0,23516.0
2018-03-01 22:35:00,18775.0,18785.0,18770.0,18770.0,338.0,31733950.0,23588.0
2018-03-01 22:40:00,18770.0,18800.0,18765.0,18790.0,620.0,58236850.0,23498.0
2018-03-01 22:45:00,18790.0,18810.0,18785.0,18810.0,226.0,21244100.0,23386.0
2018-03-01 22:50:00,18810.0,18810.0,18800.0,18800.0,58.0,5453250.0,23368.0
2018-03-01 22:55:00,18800.0,18815.0,18795.0,18800.0,124.0,11657450.0,23386.0
2018-03-01 23:00:00,18800.0,18800.0,18780.0,18790.0,138.0,12964600.0,23392.0
2018-03-01 23:05:00,18795.0,18800.0,18790.0,18795.0,166.0,15602350.0,23450.0
2018-03-01 23:10:00,18800.0,18800.0,18785.0,18790.0,50.0,4698400.0,23456.0
2018-03-01 23:15:00,18795.0,18795.0,18775.0,18790.0,94.0,8830100.0,23456.0
2018-03-01 23:20:00,18785.0,18805.0,18780.0,18800.0,42.0,3946350.0,23460.0
2018-03-01 23:25:00,18795.0,18820.0,18790.0,18815.0,144.0,13541650.0,23438.0
2018-03-01 23:30:00,18820.0,18855.0,18820.0,18855.0,220.0,20725200.0,23394.0
2018-03-01 23:35:00,18850.0,18880.0,18850.0,18865.0,282.0,26601000.0,23374.0
2018-03-01 23:40:00,18870.0,18875.0,18860.0,18870.0,102.0,9622850.0,23398.0
2018-03-01 23:45:00,18865.0,18870.0,18840.0,18840.0,100.0,9428950.0,23378.0
2018-03-01 23:50:00,18845.0,18855.0,18830.0,18830.0,58.0,5466050.0,23392.0
2018-03-01 23:55:00,18830.0,18845.0,18830.0,18830.0,86.0,8098750.0,23424.0
2018-03-02 00:00:00,18825.0,18835.0,18820.0,18825.0,252.0,23719800.0,23536.0
2018-03-02 00:05:00,18820.0,18830.0,18815.0,18830.0,46.0,4328950.0,23538.0
2018-03-02 00:10:00,18825.0,18835.0,18820.0,18835.0,52.0,4894300.0,23512.0
2018-03-02 00:15:00,18830.0,18835.0,18830.0,18835.0,20.0,1883050.0,23514.0
2018-03-02 00:20:00,18835.0,18850.0,18835.0,18850.0,36.0,3392150.0,23522.0
2018-03-02 00:25:00,18845.0,18850.0,18840.0,18845.0,14.0,1319150.0,23518.0
2018-03-02 00:30:00,18845.0,18845.0,18825.0,18830.0,30.0,2824350.0,23524.0
2018-03-02 00:35:00,18825.0,18835.0,18820.0,18835.0,24.0,2259650.0,23522.0
2018-03-02 00:40:00,18840.0,18855.0,18840.0,18850.0,36.0,3392600.0,23528.0
2018-03-02 00:45:00,18850.0,18855.0,18825.0,18825.0,84.0,7912650.0,23536.0
2018-03-02 00:50:00,18835.0,18835.0,18810.0,18815.0,138.0,12987100.0,23578.0
2018-03-02 00:55:00,18810.0,18845.0,18810.0,18840.0,242.0,22784300.0,23502.0
2018-03-02 09:00:00,18840.0,18890.0,18825.0,18875.0,552.0,52070850.0,23466.0
2018-03-02 09:05:00,18875.0,18875.0,18840.0,18855.0,280.0,26408450.0,23484.0
2018-03-02 09:10:00,18855.0,18865.0,18850.0,18855.0,276.0,26024200.0,23626.0
2018-03-02 09:15:00,18860.0,18875.0,18860.0,18875.0,122.0,11508850.0,23632.0
2018-03-02 09:20:00,18875.0,18880.0,18870.0,18880.0,62.0,5851000.0,23610.0
2018-03-02 09:25:00,18875.0,18900.0,18870.0,18900.0,292.0,27571450.0,23508.0
2018-03-02 09:30:00,18895.0,18915.0,18895.0,18915.0,212.0,20040900.0,23476.0
2018-03-02 09:35:00,18915.0,18915.0,18895.0,18900.0,82.0,7750000.0,23446.0
2018-03-02 09:40:00,18900.0,18900.0,18885.0,18885.0,32.0,3022000.0,23434.0
2018-03-02 09:45:00,18885.0,18885.0,18865.0,18865.0,44.0,4152400.0,23422.0
2018-03-02 09:50:00,18865.0,18885.0,18860.0,18880.0,250.0,23589050.0,23402.0
2018-03-02 09:55:00,18875.0,18875.0,18860.0,18875.0,50.0,4716750.0,23404.0
2018-03-02 10:00:00,18870.0,18875.0,18835.0,18850.0,370.0,34886350.0,23350.0
2018-03-02 10:05:00,18850.0,18850.0,18825.0,18840.0,216.0,20346850.0,23364.0
2018-03-02 10:10:00,18845.0,18850.0,18840.0,18845.0,112.0,10553500.0,23424.0
2018-03-02 10:30:00,18855.0,18855.0,18825.0,18825.0,96.0,9037850.0,23474.0
2018-03-02 10:35:00,18825.0,18825.0,18815.0,18820.0,138.0,12984900.0,23466.0
2018-03-02 10:40:00,18820.0,18835.0,18815.0,18830.0,116.0,10920700.0,23496.0
2018-03-02 10:45:00,18830.0,18840.0,18825.0,18825.0,92.0,8664400.0,23514.0
2018-03-02 10:50:00,18830.0,18855.0,18830.0,18855.0,306.0,28829500.0,23550.0
2018-03-02 10:55:00,18855.0,18870.0,18855.0,18860.0,210.0,19804700.0,23650.0
2018-03-02 11:00:00,18860.0,18860.0,18855.0,18860.0,72.0,6789200.0,23632.0
2018-03-02 11:05:00,18860.0,18860.0,18850.0,18855.0,70.0,6599200.0,23620.0
2018-03-02 11:10:00,18850.0,18850.0,18830.0,18835.0,104.0,9798200.0,23594.0
2018-03-02 11:15:00,18830.0,18845.0,18820.0,18830.0,88.0,8284800.0,23618.0
2018-03-02 11:20:00,18830.0,18860.0,18830.0,18855.0,166.0,15647700.0,23550.0
2018-03-02 11:25:00,18855.0,18865.0,18825.0,18825.0,118.0,11114450.0,23576.0
2018-03-02 13:30:00,18820.0,18855.0,18820.0,18845.0,116.0,10925550.0,23582.0
2018-03-02 13:35:00,18850.0,18855.0,18850.0,18855.0,110.0,10369700.0,23560.0
2018-03-02 13:40:00,18855.0,18865.0,18850.0,18855.0,58.0,5468800.0,23558.0
2018-03-02 13:45:00,18855.0,18870.0,18855.0,18865.0,102.0,9620500.0,23604.0
2018-03-02 13:50:00,18865.0,18885.0,18865.0,18865.0,112.0,10570550.0,23606.0
2018-03-02 13:55:00,18870.0,18870.0,18855.0,18860.0,50.0,4715200.0,23620.0
2018-03-02 14:00:00,18860.0,18860.0,18855.0,18855.0,68.0,6411350.0,23668.0
2018-03-02 14:05:00,18855.0,18870.0,18855.0,18870.0,132.0,12448500.0,23746.0
2018-03-02 14:10:00,18870.0,18875.0,18870.0,18875.0,38.0,3585850.0,23750.0
2018-03-02 14:15:00,18875.0,18875.0,18860.0,18865.0,74.0,6980600.0,23746.0
2018-03-02 14:20:00,18865.0,18895.0,18865.0,18895.0,138.0,13028650.0,23746.0
2018-03-02 14:25:00,18895.0,18900.0,18870.0,18870.0,108.0,10195800.0,23720.0
2018-03-02 14:30:00,18875.0,18915.0,18875.0,18905.0,254.0,23989050.0,23742.0
2018-03-02 14:35:00,18910.0,18910.0,18900.0,18905.0,178.0,16825950.0,23750.0
2018-03-02 14:40:00,18905.0,18905.0,18890.0,18890.0,98.0,9259800.0,23750.0
2018-03-02 14:45:00,18890.0,18900.0,18885.0,18900.0,106.0,10013650.0,23720.0
2018-03-02 14:50:00,18900.0,18925.0,18900.0,18905.0,412.0,38964050.0,23598.0
2018-03-02 14:55:00,18905.0,18920.0,18885.0,18885.0,356.0,33656200.0,23488.0
2018-03-02 21:00:00,18850.0,18915.0,18850.0,18910.0,254.0,23981650.0,23504.0
2018-03-02 21:05:00,18910.0,18950.0,18910.0,18925.0,244.0,23088050.0,23546.0
2018-03-02 21:10:00,18925.0,18925.0,18905.0,18910.0,162.0,15320900.0,23530.0
2018-03-02 21:15:00,18915.0,18915.0,18900.0,18900.0,126.0,11910250.0,23588.0
2018-03-02 21:20:00,18900.0,18920.0,18900.0,18920.0,204.0,19292750.0,23642.0
2018-03-02 21:25:00,18920.0,18930.0,18910.0,18930.0,96.0,9079850.0,23684.0
2018-03-02 21:30:00,18930.0,18930.0,18920.0,18925.0,54.0,5110150.0,23712.0
2018-03-02 21:35:00,18920.0,18930.0,18920.0,18925.0,60.0,5677350.0,23734.0
2018-03-02 21:40:00,18925.0,18945.0,18925.0,18940.0,240.0,22724600.0,23646.0
2018-03-02 21:45:00,18940.0,18945.0,18935.0,18940.0,38.0,3598600.0,23626.0
2018-03-02 21:50:00,18935.0,18940.0,18930.0,18940.0,130.0,12308250.0,23616.0
2018-03-02 21:55:00,18940.0,18945.0,18940.0,18940.0,36.0,3409950.0,23614.0
2018-03-02 22:00:00,18940.0,18940.0,18915.0,18915.0,126.0,11925000.0,23666.0
2018-03-02 22:05:00,18915.0,18915.0,18905.0,18915.0,166.0,15695750.0,23722.0
2018-03-02 22:10:00,18915.0,18915.0,18900.0,18910.0,52.0,4915500.0,23744.0
2018-03-02 22:15:00,18910.0,18915.0,18905.0,18905.0,80.0,7563150.0,23770.0
2018-03-02 22:20:00,18905.0,18910.0,18875.0,18890.0,118.0,11145550.0,23784.0
2018-03-02 22:25:00,18895.0,18895.0,18885.0,18895.0,92.0,8688500.0,23760.0
2018-03-02 22:30:00,18885.0,18890.0,18860.0,18860.0,326.0,30765850.0,23846.0
2018-03-02 22:35:00,18865.0,18870.0,18850.0,18860.0,240.0,22631700.0,23788.0
2018-03-02 22:40:00,18855.0,18865.0,18850.0,18855.0,266.0,25079600.0,23746.0
2018-03-02 22:45:00,18855.0,18865.0,18855.0,18860.0,96.0,9051450.0,23700.0
2018-03-02 22:50:00,18860.0,18865.0,18855.0,18865.0,148.0,13956550.0,23648.0
2018-03-02 22:55:00,18860.0,18865.0,18860.0,18860.0,72.0,6789650.0,23610.0
2018-03-02 23:00:00,18855.0,18870.0,18855.0,18860.0,220.0,20743950.0,23578.0
2018-03-02 23:05:00,18860.0,18870.0,18855.0,18860.0,302.0,28481500.0,23556.0
2018-03-02 23:10:00,18860.0,18865.0,18825.0,18835.0,236.0,22238750.0,23636.0
2018-03-02 23:15:00,18835.0,18840.0,18805.0,18810.0,224.0,21081600.0,23688.0
2018-03-02 23:20:00,18815.0,18815.0,18805.0,18810.0,126.0,11851350.0,23726.0
2018-03-02 23:25:00,18810.0,18815.0,18770.0,18770.0,444.0,41714300.0,23974.0
2018-03-02 23:30:00,18775.0,18790.0,18775.0,18785.0,144.0,13522000.0,24020.0
2018-03-02 23:35:00,18790.0,18795.0,18785.0,18785.0,170.0,15971600.0,24028.0
2018-03-02 23:40:00,18790.0,18790.0,18765.0,18765.0,352.0,33044750.0,24232.0
2018-03-02 23:45:00,18770.0,18775.0,18750.0,18755.0,304.0,28517650.0,24286.0
2018-03-02 23:50:00,18755.0,18755.0,18720.0,18730.0,558.0,52276500.0,24500.0
2018-03-02 23:55:00,18735.0,18750.0,18735.0,18745.0,162.0,15180700.0,24550.0
2018-03-03 00:00:00,18745.0,18755.0,18745.0,18755.0,62.0,5812500.0,24572.0
2018-03-03 00:05:00,18760.0,18760.0,18745.0,18745.0,28.0,2625550.0,24582.0
2018-03-03 00:10:00,18750.0,18750.0,18745.0,18745.0,10.0,937300.0,24588.0
2018-03-03 00:15:00,18735.0,18750.0,18720.0,18730.0,82.0,7680450.0,24588.0
2018-03-03 00:20:00,18725.0,18730.0,18720.0,18730.0,68.0,6366200.0,24606.0
2018-03-03 00:25:00,18730.0,18765.0,18730.0,18765.0,130.0,12190150.0,24564.0
2018-03-03 00:30:00,18765.0,18775.0,18750.0,18750.0,114.0,10695500.0,24510.0
2018-03-03 00:35:00,18750.0,18760.0,18750.0,18760.0,18.0,1688100.0,24506.0
2018-03-03 00:40:00,18760.0,18775.0,18760.0,18770.0,20.0,1876800.0,24508.0
2018-03-03 00:45:00,18770.0,18770.0,18765.0,18765.0,14.0,1313750.0,24510.0
2018-03-03 00:50:00,18760.0,18785.0,18760.0,18780.0,84.0,7885550.0,24484.0
2018-03-03 00:55:00,18790.0,18790.0,18750.0,18755.0,162.0,15202750.0,24414.0
2018-03-05 09:00:00,18750.0,18810.0,18750.0,18805.0,728.0,68383600.0,24382.0
2018-03-05 09:05:00,18805.0,18835.0,18790.0,18820.0,222.0,20875150.0,24334.0
2018-03-05 09:10:00,18820.0,18840.0,18820.0,18820.0,180.0,16949900.0,24338.0
2018-03-05 09:15:00,18825.0,18830.0,18820.0,18825.0,320.0,30118450.0,24372.0
2018-03-05 09:20:00,18825.0,18830.0,18825.0,18830.0,114.0,10731000.0,24370.0
2018-03-05 09:25:00,18830.0,18830.0,18795.0,18795.0,286.0,26917700.0,24326.0
2018-03-05 09:30:00,18800.0,18825.0,18800.0,18815.0,226.0,21265000.0,24294.0
2018-03-05 09:35:00,18825.0,18830.0,18820.0,18825.0,298.0,28052500.0,24344.0
2018-03-05 09:40:00,18820.0,18830.0,18815.0,18820.0,162.0,15247600.0,24384.0
2018-03-05 09:45:00,18820.0,18825.0,18820.0,18825.0,76.0,7153150.0,24368.0
2018-03-05 09:50:00,18830.0,18845.0,18825.0,18825.0,62.0,5837850.0,24356.0
2018-03-05 09:55:00,18825.0,18835.0,18825.0,18835.0,74.0,6967800.0,24390.0
2018-03-05 10:00:00,18830.0,18835.0,18815.0,18815.0,140.0,13177600.0,24402.0
2018-03-05 10:05:00,18815.0,18815.0,18810.0,18815.0,40.0,3762500.0,24418.0
2018-03-05 10:10:00,18815.0,18815.0,18810.0,18810.0,38.0,3574300.0,24406.0
2018-03-05 10:30:00,18815.0,18815.0,18805.0,18810.0,56.0,5267000.0,24414.0
2018-03-05 10:35:00,18815.0,18815.0,18810.0,18815.0,32.0,3010100.0,24422.0
2018-03-05 10:40:00,18815.0,18820.0,18810.0,18820.0,60.0,5645050.0,24418.0
2018-03-05 10:45:00,18810.0,18835.0,18810.0,18835.0,112.0,10540700.0,24434.0
2018-03-05 10:50:00,18835.0,18840.0,18825.0,18825.0,22.0,2071600.0,24428.0
2018-03-05 10:55:00,18825.0,18835.0,18825.0,18830.0,24.0,2259850.0,24426.0
2018-03-05 11:00:00,18830.0,18840.0,18825.0,18840.0,74.0,6968600.0,24410.0
2018-03-05 11:05:00,18840.0,18865.0,18840.0,18860.0,222.0,20926150.0,24374.0
2018-03-05 11:10:00,18860.0,18865.0,18850.0,18850.0,38.0,3582800.0,24374.0
2018-03-05 11:15:00,18855.0,18860.0,18850.0,18860.0,128.0,12068550.0,24406.0
2018-03-05 11:20:00,18860.0,18860.0,18850.0,18855.0,64.0,6033550.0,24398.0
2018-03-05 11:25:00,18855.0,18870.0,18835.0,18835.0,324.0,30549700.0,24338.0
2018-03-05 13:30:00,18825.0,18835.0,18815.0,18815.0,216.0,20334750.0,24386.0
2018-03-05 13:35:00,18815.0,18825.0,18810.0,18820.0,100.0,9410450.0,24440.0
2018-03-05 13:40:00,18820.0,18830.0,18820.0,18830.0,52.0,4894600.0,24430.0
2018-03-05 13:45:00,18825.0,18850.0,18815.0,18845.0,176.0,16569500.0,24464.0
2018-03-05 13:50:00,18845.0,18870.0,18845.0,18870.0,130.0,12258400.0,24496.0
2018-03-05 13:55:00,18870.0,18880.0,18840.0,18850.0,176.0,16592850.0,24502.0
2018-03-05 14:00:00,18850.0,18850.0,18840.0,18850.0,122.0,11495650.0,24532.0
2018-03-05 14:05:00,18855.0,18870.0,18850.0,18860.0,84.0,7922550.0,24516.0
2018-03-05 14:10:00,18860.0,18865.0,18855.0,18855.0,58.0,5469700.0,24498.0
2018-03-05 14:15:00,18855.0,18855.0,18815.0,18825.0,322.0,30320000.0,24464.0
2018-03-05 14:20:00,18820.0,18820.0,18785.0,18785.0,334.0,31392000.0,24484.0
2018-03-05 14:25:00,18790.0,18815.0,18785.0,18810.0,196.0,18421650.0,24470.0
2018-03-05 14:30:00,18810.0,18810.0,18795.0,18800.0,62.0,5828200.0,24502.0
2018-03-05 14:35:00,18800.0,18800.0,18780.0,18780.0,282.0,26494950.0,24658.0
2018-03-05 14:40:00,18780.0,18795.0,18765.0,18765.0,216.0,20286200.0,24722.0
2018-03-05 14:45:00,18765.0,18770.0,18750.0,18760.0,308.0,28891950.0,24794.0
2018-03-05 14:50:00,18760.0,18770.0,18725.0,18725.0,406.0,38050850.0,24896.0
2018-03-05 14:55:00,18730.0,18745.0,18725.0,18725.0,428.0,40093800.0,24944.0
2018-03-05 21:00:00,18680.0,18680.0,18610.0,18650.0,624.0,58172550.0,24888.0
2018-03-05 21:05:00,18655.0,18670.0,18640.0,18665.0,726.0,67718950.0,24802.0
2018-03-05 21:10:00,18670.0,18685.0,18665.0,18670.0,222.0,20727550.0,24828.0
2018-03-05 21:15:00,18670.0,18670.0,18620.0,18620.0,462.0,43058500.0,25014.0
2018-03-05 21:20:00,18625.0,18630.0,18585.0,18620.0,760.0,70731300.0,25324.0
2018-03-05 21:25:00,18625.0,18675.0,18625.0,18655.0,766.0,71429900.0,25678.0
2018-03-05 21:30:00,18655.0,18680.0,18650.0,18675.0,500.0,46663700.0,25644.0
2018-03-05 21:35:00,18680.0,18680.0,18665.0,18665.0,142.0,13257350.0,25648.0
2018-03-05 21:40:00,18665.0,18665.0,18645.0,18650.0,102.0,9514200.0,25654.0
2018-03-05 21:45:00,18650.0,18650.0,18630.0,18645.0,84.0,7827900.0,25652.0
2018-03-05 21:50:00,18645.0,18660.0,18645.0,18660.0,60.0,5595400.0,25652.0
2018-03-05 21:55:00,18660.0,18660.0,18630.0,18630.0,108.0,10067550.0,25688.0
2018-03-05 22:00:00,18625.0,18625.0,18610.0,18620.0,188.0,17502150.0,25718.0
2018-03-05 22:05:00,18620.0,18620.0,18585.0,18610.0,442.0,41116150.0,25824.0
2018-03-05 22:10:00,18615.0,18625.0,18600.0,18605.0,130.0,12097850.0,25842.0
2018-03-05 22:15:00,18600.0,18610.0,18595.0,18610.0,258.0,23999350.0,25976.0
2018-03-05 22:20:00,18605.0,18615.0,18595.0,18605.0,286.0,26601350.0,26040.0
2018-03-05 22:25:00,18610.0,18610.0,18585.0,18595.0,184.0,17107350.0,26070.0
2018-03-05 22:30:00,18600.0,18605.0,18565.0,18565.0,220.0,20438500.0,26046.0
2018-03-05 22:35:00,18570.0,18605.0,18565.0,18595.0,380.0,35315850.0,26138.0
2018-03-05 22:40:00,18600.0,18605.0,18585.0,18595.0,156.0,14503750.0,26130.0
2018-03-05 22:45:00,18605.0,18630.0,18605.0,18630.0,226.0,21035550.0,26126.0
2018-03-05 22:50:00,18630.0,18635.0,18610.0,18610.0,84.0,7820650.0,26126.0
2018-03-05 22:55:00,18610.0,18610.0,18590.0,18600.0,166.0,15440600.0,26112.0
2018-03-05 23:00:00,18600.0,18605.0,18580.0,18605.0,168.0,15619050.0,26080.0
2018-03-05 23:05:00,18615.0,18615.0,18580.0,18585.0,92.0,8553600.0,26106.0
2018-03-05 23:10:00,18580.0,18595.0,18580.0,18590.0,284.0,26395650.0,26102.0
2018-03-05 23:15:00,18590.0,18595.0,18575.0,18585.0,254.0,23602500.0,26138.0
2018-03-05 23:20:00,18595.0,18630.0,18595.0,18625.0,168.0,15636600.0,26158.0
2018-03-05 23:25:00,18630.0,18655.0,18630.0,18655.0,298.0,27781450.0,26190.0
2018-03-05 23:30:00,18650.0,18685.0,18640.0,18660.0,234.0,21836150.0,26262.0
2018-03-05 23:35:00,18665.0,18675.0,18655.0,18655.0,76.0,7092150.0,26276.0
2018-03-05 23:40:00,18655.0,18665.0,18650.0,18660.0,34.0,3171750.0,26280.0
2018-03-05 23:45:00,18660.0,18660.0,18645.0,18650.0,60.0,5596700.0,26284.0
2018-03-05 23:50:00,18650.0,18650.0,18650.0,18650.0,16.0,1492000.0,26288.0
2018-03-05 23:55:00,18650.0,18660.0,18645.0,18655.0,100.0,9325900.0,26336.0
2018-03-06 00:00:00,18655.0,18680.0,18650.0,18680.0,216.0,20160700.0,26254.0
2018-03-06 00:05:00,18675.0,18695.0,18670.0,18685.0,94.0,8778850.0,26268.0
2018-03-06 00:10:00,18685.0,18695.0,18680.0,18680.0,152.0,14198850.0,26312.0
2018-03-06 00:15:00,18675.0,18680.0,18675.0,18675.0,58.0,5416050.0,26340.0
2018-03-06 00:20:00,18670.0,18675.0,18650.0,18665.0,130.0,12132500.0,26338.0
2018-03-06 00:25:00,18670.0,18695.0,18670.0,18690.0,36.0,3363450.0,26328.0
2018-03-06 00:30:00,18690.0,18710.0,18680.0,18695.0,138.0,12901100.0,26358.0
2018-03-06 00:35:00,18695.0,18695.0,18680.0,18680.0,26.0,2429400.0,26348.0
2018-03-06 00:40:00,18685.0,18690.0,18685.0,18690.0,14.0,1308250.0,26346.0
2018-03-06 00:45:00,18695.0,18695.0,18690.0,18690.0,40.0,3738350.0,26352.0
2018-03-06 00:50:00,18685.0,18695.0,18675.0,18675.0,60.0,5604850.0,26348.0
2018-03-06 00:55:00,18670.0,18700.0,18660.0,18660.0,242.0,22602350.0,26244.0
2018-03-06 09:00:00,18680.0,18700.0,18650.0,18675.0,462.0,43149850.0,26214.0
2018-03-06 09:05:00,18675.0,18680.0,18640.0,18650.0,136.0,12689150.0,26210.0
2018-03-06 09:10:00,18645.0,18670.0,18645.0,18660.0,160.0,14925650.0,26220.0
2018-03-06 09:15:00,18660.0,18660.0,18620.0,18630.0,272.0,25344100.0,26272.0
2018-03-06 09:20:00,18630.0,18630.0,18610.0,18610.0,188.0,17500300.0,26238.0
2018-03-06 09:25:00,18610.0,18620.0,18605.0,18615.0,140.0,13028050.0,26242.0
2018-03-06 09:30:00,18610.0,18610.0,18600.0,18600.0,124.0,11533750.0,26238.0
2018-03-06 09:35:00,18600.0,18600.0,18590.0,18600.0,116.0,10784700.0,26286.0
2018-03-06 09:40:00,18600.0,18615.0,18595.0,18615.0,94.0,8744400.0,26304.0
2018-03-06 09:45:00,18610.0,18610.0,18590.0,18590.0,120.0,11159650.0,26334.0
2018-03-06 09:50:00,18590.0,18590.0,18545.0,18545.0,180.0,16713950.0,26360.0
2018-03-06 09:55:00,18545.0,18555.0,18520.0,18530.0,344.0,31886800.0,26472.0
2018-03-06 10:00:00,18535.0,18535.0,18490.0,18505.0,408.0,37754400.0,26566.0
2018-03-06 10:05:00,18505.0,18515.0,18500.0,18505.0,156.0,14434600.0,26574.0
2018-03-06 10:10:00,18505.0,18540.0,18505.0,18530.0,238.0,22038900.0,26566.0
2018-03-06 10:30:00,18530.0,18560.0,18520.0,18550.0,146.0,13536250.0,26572.0
2018-03-06 10:35:00,18545.0,18555.0,18540.0,18550.0,66.0,6121800.0,26580.0
2018-03-06 10:40:00,18550.0,18565.0,18545.0,18560.0,68.0,6308050.0,26568.0
2018-03-06 10:45:00,18560.0,18560.0,18535.0,18535.0,68.0,6307300.0,26588.0
2018-03-06 10:50:00,18535.0,18560.0,18535.0,18545.0,62.0,5748800.0,26608.0
2018-03-06 10:55:00,18545.0,18545.0,18515.0,18515.0,204.0,18895350.0,26686.0
2018-03-06 11:00:00,18525.0,18525.0,18515.0,18520.0,104.0,9631050.0,26730.0
2018-03-06 11:05:00,18525.0,18525.0,18515.0,18515.0,60.0,5556200.0,26758.0
2018-03-06 11:10:00,18515.0,18515.0,18510.0,18515.0,58.0,5369250.0,26766.0
2018-03-06 11:15:00,18510.0,18520.0,18510.0,18515.0,46.0,4258000.0,26778.0
2018-03-06 11:20:00,18515.0,18520.0,18510.0,18520.0,132.0,12220550.0,26808.0
2018-03-06 11:25:00,18520.0,18550.0,18510.0,18540.0,176.0,16304600.0,26794.0
2018-03-06 13:30:00,18545.0,18570.0,18535.0,18550.0,196.0,18180750.0,26806.0
2018-03-06 13:35:00,18555.0,18570.0,18545.0,18550.0,162.0,15031650.0,26784.0
2018-03-06 13:40:00,18550.0,18560.0,18545.0,18555.0,82.0,7606150.0,26792.0
2018-03-06 13:45:00,18550.0,18585.0,18550.0,18570.0,116.0,10772050.0,26788.0
2018-03-06 13:50:00,18570.0,18585.0,18565.0,18585.0,148.0,13745550.0,26794.0
2018-03-06 13:55:00,18585.0,18610.0,18575.0,18585.0,212.0,19701950.0,26774.0
2018-03-06 14:00:00,18585.0,18615.0,18580.0,18610.0,172.0,15996350.0,26810.0
2018-03-06 14:05:00,18610.0,18625.0,18610.0,18625.0,308.0,28675350.0,26858.0
2018-03-06 14:10:00,18630.0,18630.0,18615.0,18625.0,142.0,13223550.0,26866.0
2018-03-06 14:15:00,18620.0,18660.0,18615.0,18655.0,312.0,29077950.0,26958.0
2018-03-06 14:20:00,18655.0,18660.0,18645.0,18655.0,200.0,18654000.0,27024.0
2018-03-06 14:25:00,18660.0,18665.0,18650.0,18650.0,140.0,13060100.0,27036.0
2018-03-06 14:30:00,18650.0,18650.0,18605.0,18620.0,134.0,12477600.0,27060.0
2018-03-06 14:35:00,18620.0,18625.0,18615.0,18615.0,90.0,8378800.0,27054.0
2018-03-06 14:40:00,18615.0,18635.0,18610.0,18635.0,98.0,9126450.0,27026.0
2018-03-06 14:45:00,18635.0,18635.0,18605.0,18615.0,268.0,24948750.0,26994.0
2018-03-06 14:50:00,18615.0,18640.0,18615.0,18635.0,176.0,16391650.0,26968.0
2018-03-06 14:55:00,18625.0,18630.0,18605.0,18615.0,380.0,35369200.0,26860.0
2018-03-06 21:00:00,18665.0,18700.0,18635.0,18645.0,562.0,52462900.0,26904.0
2018-03-06 21:05:00,18650.0,18665.0,18635.0,18635.0,250.0,23319300.0,26988.0
2018-03-06 21:10:00,18640.0,18640.0,18610.0,18620.0,166.0,15458500.0,27054.0
2018-03-06 21:15:00,18620.0,18635.0,18610.0,18620.0,154.0,14337350.0,27030.0
2018-03-06 21:20:00,18625.0,18660.0,18615.0,18645.0,524.0,48860100.0,27186.0
2018-03-06 21:25:00,18645.0,18645.0,18635.0,18635.0,224.0,20874400.0,27308.0
2018-03-06 21:30:00,18640.0,18640.0,18630.0,18640.0,146.0,13604600.0,27326.0
2018-03-06 21:35:00,18640.0,18645.0,18635.0,18645.0,106.0,9880150.0,27344.0
2018-03-06 21:40:00,18650.0,18655.0,18640.0,18655.0,92.0,8578500.0,27366.0
2018-03-06 21:45:00,18650.0,18650.0,18640.0,18645.0,60.0,5593150.0,27372.0
2018-03-06 21:50:00,18645.0,18645.0,18640.0,18645.0,28.0,2609900.0,27380.0
2018-03-06 21:55:00,18640.0,18650.0,18640.0,18645.0,56.0,5220450.0,27364.0
2018-03-06 22:00:00,18650.0,18655.0,18640.0,18650.0,60.0,5594950.0,27342.0
2018-03-06 22:05:00,18650.0,18655.0,18635.0,18655.0,60.0,5593200.0,27346.0
2018-03-06 22:10:00,18655.0,18655.0,18645.0,18650.0,54.0,5035150.0,27346.0
2018-03-06 22:15:00,18645.0,18670.0,18640.0,18670.0,162.0,15111200.0,27380.0
2018-03-06 22:20:00,18670.0,18700.0,18670.0,18685.0,506.0,47274500.0,27302.0
2018-03-06 22:25:00,18690.0,18690.0,18680.0,18685.0,96.0,8968950.0,27306.0
2018-03-06 22:30:00,18685.0,18685.0,18665.0,18670.0,82.0,7657750.0,27316.0
2018-03-06 22:35:00,18670.0,18675.0,18665.0,18670.0,48.0,4480950.0,27322.0
2018-03-06 22:40:00,18670.0,18670.0,18660.0,18665.0,74.0,6905850.0,27362.0
2018-03-06 22:45:00,18665.0,18665.0,18640.0,18650.0,110.0,10259150.0,27362.0
2018-03-06 22:50:00,18655.0,18655.0,18655.0,18655.0,4.0,373100.0,27362.0
2018-03-06 22:55:00,18660.0,18670.0,18650.0,18660.0,108.0,10077000.0,27370.0
2018-03-06 23:00:00,18655.0,18660.0,18635.0,18640.0,56.0,5220750.0,27366.0
2018-03-06 23:05:00,18635.0,18635.0,18615.0,18630.0,82.0,7636300.0,27392.0
2018-03-06 23:10:00,18630.0,18640.0,18630.0,18640.0,54.0,5031350.0,27406.0
2018-03-06 23:15:00,18635.0,18650.0,18630.0,18650.0,60.0,5593400.0,27438.0
2018-03-06 23:20:00,18655.0,18660.0,18650.0,18655.0,40.0,3730750.0,27426.0
2018-03-06 23:25:00,18665.0,18680.0,18665.0,18675.0,104.0,9710850.0,27404.0
2018-03-06 23:30:00,18675.0,18680.0,18665.0,18675.0,102.0,9522550.0,27386.0
2018-03-06 23:35:00,18675.0,18680.0,18665.0,18670.0,32.0,2988000.0,27390.0
2018-03-06 23:40:00,18665.0,18670.0,18665.0,18665.0,38.0,3546450.0,27372.0
2018-03-06 23:45:00,18665.0,18665.0,18645.0,18650.0,50.0,4663500.0,27378.0
2018-03-06 23:50:00,18650.0,18660.0,18650.0,18650.0,90.0,8393500.0,27390.0
2018-03-06 23:55:00,18650.0,18650.0,18630.0,18640.0,112.0,10437950.0,27382.0
2018-03-07 00:00:00,18640.0,18650.0,18635.0,18640.0,52.0,4846800.0,27408.0
2018-03-07 00:05:00,18645.0,18650.0,18645.0,18650.0,22.0,2051200.0,27408.0
2018-03-07 00:10:00,18645.0,18650.0,18635.0,18650.0,24.0,2237000.0,27418.0
2018-03-07 00:15:00,18655.0,18670.0,18650.0,18660.0,78.0,7277650.0,27440.0
2018-03-07 00:20:00,18655.0,18660.0,18635.0,18640.0,36.0,3356250.0,27444.0
2018-03-07 00:25:00,18640.0,18645.0,18640.0,18640.0,18.0,1677700.0,27442.0
2018-03-07 00:30:00,18645.0,18645.0,18645.0,18645.0,4.0,372900.0,27442.0
2018-03-07 00:35:00,18645.0,18650.0,18645.0,18650.0,4.0,372950.0,27444.0
2018-03-07 00:40:00,18645.0,18645.0,18645.0,18645.0,6.0,559350.0,27446.0
2018-03-07 00:45:00,18645.0,18650.0,18645.0,18650.0,14.0,1305400.0,27450.0
2018-03-07 00:50:00,18650.0,18665.0,18650.0,18665.0,64.0,5970700.0,27440.0
2018-03-07 00:55:00,18665.0,18675.0,18650.0,18675.0,122.0,11382000.0,27376.0
2018-03-07 09:00:00,18675.0,18675.0,18635.0,18660.0,234.0,21822900.0,27398.0
2018-03-07 09:05:00,18660.0,18675.0,18660.0,18660.0,188.0,17546050.0,27454.0
2018-03-07 09:10:00,18660.0,18660.0,18645.0,18655.0,158.0,14737450.0,27506.0
2018-03-07 09:15:00,18655.0,18680.0,18655.0,18680.0,134.0,12504950.0,27528.0
2018-03-07 09:20:00,18680.0,18690.0,18670.0,18680.0,254.0,23725750.0,27578.0
2018-03-07 09:25:00,18680.0,18685.0,18665.0,18670.0,334.0,31191800.0,27616.0
2018-03-07 09:30:00,18670.0,18735.0,18670.0,18730.0,648.0,60597000.0,27836.0
2018-03-07 09:35:00,18730.0,18740.0,18715.0,18720.0,856.0,80158950.0,27940.0
2018-03-07 09:40:00,18715.0,18730.0,18705.0,18725.0,272.0,25452600.0,27860.0
2018-03-07 09:45:00,18725.0,18725.0,18710.0,18710.0,250.0,23394550.0,27900.0
2018-03-07 09:50:00,18715.0,18725.0,18700.0,18700.0,186.0,17399550.0,27914.0
2018-03-07 09:55:00,18695.0,18700.0,18680.0,18700.0,200.0,18693950.0,27938.0
2018-03-07 10:00:00,18695.0,18695.0,18685.0,18690.0,134.0,12523800.0,27914.0
2018-03-07 10:05:00,18695.0,18700.0,18690.0,18695.0,120.0,11218500.0,27896.0
2018-03-07 10:10:00,18690.0,18695.0,18685.0,18690.0,104.0,9719200.0,27872.0
2018-03-07 10:30:00,18690.0,18695.0,18675.0,18675.0,88.0,8221800.0,27868.0
2018-03-07 10:35:00,18675.0,18705.0,18675.0,18705.0,198.0,18510250.0,27816.0
2018-03-07 10:40:00,18700.0,18705.0,18695.0,18700.0,58.0,5423000.0,27806.0
2018-03-07 10:45:00,18700.0,18705.0,18695.0,18695.0,108.0,10098550.0,27780.0
2018-03-07 10:50:00,18700.0,18710.0,18695.0,18700.0,142.0,13278900.0,27794.0
2018-03-07 10:55:00,18700.0,18720.0,18700.0,18720.0,72.0,6735650.0,27798.0
2018-03-07 11:00:00,18715.0,18720.0,18700.0,18705.0,134.0,12537150.0,27746.0
2018-03-07 11:05:00,18700.0,18705.0,18690.0,18705.0,52.0,4860900.0,27752.0
2018-03-07 11:10:00,18705.0,18715.0,18695.0,18695.0,80.0,7481600.0,27744.0
2018-03-07 11:15:00,18705.0,18720.0,18705.0,18710.0,54.0,5051700.0,27746.0
2018-03-07 11:20:00,18710.0,18710.0,18685.0,18700.0,146.0,13647700.0,27830.0
2018-03-07 11:25:00,18695.0,18695.0,18680.0,18690.0,114.0,10650900.0,27782.0
2018-03-07 13:30:00,18685.0,18700.0,18670.0,18675.0,192.0,17935050.0,27762.0
2018-03-07 13:35:00,18675.0,18675.0,18655.0,18655.0,214.0,19973300.0,27772.0
2018-03-07 13:40:00,18655.0,18680.0,18655.0,18665.0,146.0,13630000.0,27772.0
2018-03-07 13:45:00,18665.0,18670.0,18660.0,18660.0,132.0,12317900.0,27754.0
2018-03-07 13:50:00,18655.0,18660.0,18635.0,18660.0,222.0,20699700.0,27808.0
2018-03-07 13:55:00,18665.0,18670.0,18645.0,18645.0,176.0,16421100.0,27892.0
2018-03-07 14:00:00,18650.0,18665.0,18645.0,18655.0,240.0,22389600.0,27962.0
2018-03-07 14:05:00,18655.0,18660.0,18610.0,18610.0,300.0,27956350.0,28074.0
2018-03-07 14:10:00,18615.0,18650.0,18615.0,18640.0,302.0,28135350.0,28084.0
2018-03-07 14:15:00,18640.0,18650.0,18635.0,18650.0,182.0,16967100.0,28086.0
2018-03-07 14:20:00,18650.0,18650.0,18635.0,18640.0,66.0,6152150.0,28096.0
2018-03-07 14:25:00,18645.0,18665.0,18645.0,18665.0,172.0,16045800.0,28084.0
2018-03-07 14:30:00,18660.0,18695.0,18660.0,18670.0,372.0,34741300.0,28050.0
2018-03-07 14:35:00,18675.0,18700.0,18660.0,18695.0,260.0,24286500.0,28064.0
2018-03-07 14:40:00,18690.0,18690.0,18660.0,18665.0,106.0,9899150.0,28086.0
2018-03-07 14:45:00,18670.0,18680.0,18660.0,18670.0,154.0,14376150.0,28116.0
2018-03-07 14:50:00,18670.0,18680.0,18635.0,18645.0,250.0,23326300.0,28142.0
2018-03-07 14:55:00,18645.0,18660.0,18635.0,18650.0,456.0,42518900.0,28054.0
2018-03-07 21:00:00,18635.0,18675.0,18575.0,18575.0,630.0,58657400.0,28018.0
2018-03-07 21:05:00,18585.0,18595.0,18550.0,18570.0,286.0,26559450.0,28038.0
2018-03-07 21:10:00,18570.0,18600.0,18565.0,18590.0,184.0,17102550.0,28060.0
2018-03-07 21:15:00,18595.0,18610.0,18595.0,18600.0,156.0,14509550.0,28050.0
2018-03-07 21:20:00,18605.0,18625.0,18595.0,18620.0,192.0,17868450.0,27984.0
2018-03-07 21:25:00,18620.0,18620.0,18605.0,18605.0,62.0,5769850.0,27982.0
2018-03-07 21:30:00,18600.0,18615.0,18595.0,18605.0,132.0,12279800.0,28000.0
2018-03-07 21:35:00,18605.0,18615.0,18605.0,18610.0,18.0,1674950.0,28004.0
2018-03-07 21:40:00,18610.0,18625.0,18605.0,18620.0,70.0,6514850.0,28020.0
2018-03-07 21:45:00,18620.0,18650.0,18620.0,18635.0,202.0,18823450.0,27992.0
2018-03-07 21:50:00,18640.0,18650.0,18635.0,18650.0,100.0,9322250.0,27982.0
2018-03-07 21:55:00,18645.0,18645.0,18640.0,18640.0,44.0,4101250.0,27988.0
2018-03-07 22:00:00,18640.0,18640.0,18620.0,18625.0,54.0,5029600.0,27990.0
2018-03-07 22:05:00,18620.0,18625.0,18610.0,18615.0,160.0,14893950.0,28026.0
2018-03-07 22:10:00,18615.0,18620.0,18605.0,18610.0,302.0,28107850.0,27988.0
2018-03-07 22:15:00,18610.0,18620.0,18605.0,18620.0,30.0,2792200.0,28006.0
2018-03-07 22:20:00,18615.0,18615.0,18610.0,18615.0,40.0,3722850.0,28014.0
2018-03-07 22:25:00,18615.0,18615.0,18590.0,18590.0,60.0,5580700.0,28032.0
2018-03-07 22:30:00,18595.0,18605.0,18595.0,18605.0,46.0,4278350.0,28024.0
2018-03-07 22:35:00,18610.0,18635.0,18610.0,18625.0,148.0,13782750.0,27966.0
2018-03-07 22:40:00,18625.0,18625.0,18615.0,18615.0,24.0,2234100.0,27970.0
2018-03-07 22:45:00,18610.0,18615.0,18600.0,18600.0,54.0,5024150.0,27992.0
2018-03-07 22:50:00,18600.0,18600.0,18585.0,18600.0,50.0,4648800.0,28004.0
2018-03-07 22:55:00,18605.0,18605.0,18590.0,18590.0,50.0,4648950.0,28014.0
2018-03-07 23:00:00,18585.0,18595.0,18580.0,18585.0,166.0,15428000.0,28064.0
2018-03-07 23:05:00,18580.0,18585.0,18580.0,18585.0,32.0,2973150.0,28084.0
2018-03-07 23:10:00,18585.0,18600.0,18585.0,18590.0,198.0,18406900.0,28088.0
2018-03-07 23:15:00,18595.0,18595.0,18575.0,18580.0,88.0,8179200.0,28074.0
2018-03-07 23:20:00,18580.0,18585.0,18575.0,18580.0,20.0,1857900.0,28086.0
2018-03-07 23:25:00,18575.0,18585.0,18565.0,18575.0,126.0,11703200.0,28056.0
2018-03-07 23:30:00,18585.0,18585.0,18515.0,18515.0,730.0,67685550.0,28224.0
2018-03-07 23:35:00,18520.0,18535.0,18515.0,18535.0,228.0,21119550.0,28314.0
2018-03-07 23:40:00,18530.0,18530.0,18520.0,18520.0,60.0,5557350.0,28328.0
2018-03-07 23:45:00,18520.0,18525.0,18500.0,18500.0,342.0,31657700.0,28348.0
2018-03-07 23:50:00,18500.0,18530.0,18500.0,18525.0,258.0,23884650.0,28370.0
2018-03-07 23:55:00,18525.0,18525.0,18510.0,18520.0,134.0,12405000.0,28442.0
2018-03-08 00:00:00,18515.0,18520.0,18475.0,18490.0,122.0,11284350.0,28452.0
2018-03-08 00:05:00,18490.0,18510.0,18485.0,18505.0,188.0,17384600.0,28490.0
2018-03-08 00:10:00,18505.0,18505.0,18470.0,18470.0,122.0,11275450.0,28536.0
2018-03-08 00:15:00,18475.0,18475.0,18380.0,18390.0,576.0,53047200.0,28808.0
2018-03-08 00:20:00,18395.0,18395.0,18350.0,18350.0,462.0,42430250.0,28864.0
2018-03-08 00:25:00,18350.0,18385.0,18340.0,18370.0,484.0,44426250.0,28818.0
2018-03-08 00:30:00,18360.0,18400.0,18355.0,18400.0,338.0,31054200.0,28812.0
2018-03-08 00:35:00,18400.0,18400.0,18350.0,18365.0,372.0,34168950.0,28886.0
2018-03-08 00:40:00,18365.0,18370.0,18355.0,18360.0,82.0,7528950.0,28870.0
2018-03-08 00:45:00,18355.0,18365.0,18350.0,18365.0,86.0,7893450.0,28858.0
2018-03-08 00:50:00,18365.0,18370.0,18350.0,18350.0,194.0,17813850.0,28834.0
2018-03-08 00:55:00,18350.0,18365.0,18350.0,18350.0,296.0,27165000.0,28686.0
2018-03-08 09:00:00,18360.0,18415.0,18360.0,18400.0,838.0,77076750.0,28690.0
2018-03-08 09:05:00,18400.0,18445.0,18400.0,18440.0,468.0,43109300.0,28600.0
2018-03-08 09:10:00,18440.0,18445.0,18420.0,18425.0,408.0,37599750.0,28624.0
2018-03-08 09:15:00,18430.0,18475.0,18430.0,18470.0,248.0,22885450.0,28582.0
2018-03-08 09:20:00,18475.0,18495.0,18465.0,18470.0,334.0,30856200.0,28546.0
2018-03-08 09:25:00,18475.0,18475.0,18465.0,18470.0,156.0,14405400.0,28522.0
2018-03-08 09:30:00,18475.0,18480.0,18470.0,18480.0,136.0,12564500.0,28484.0
2018-03-08 09:35:00,18475.0,18480.0,18465.0,18470.0,198.0,18285450.0,28438.0
2018-03-08 09:40:00,18465.0,18470.0,18460.0,18465.0,102.0,9417500.0,28420.0
2018-03-08 09:45:00,18465.0,18480.0,18465.0,18470.0,114.0,10529250.0,28380.0
2018-03-08 09:50:00,18470.0,18470.0,18460.0,18470.0,44.0,4062400.0,28378.0
2018-03-08 09:55:00,18465.0,18475.0,18460.0,18475.0,290.0,26782100.0,28308.0
2018-03-08 10:00:00,18470.0,18500.0,18470.0,18490.0,340.0,31431000.0,28170.0
2018-03-08 10:05:00,18490.0,18490.0,18480.0,18480.0,188.0,17376650.0,28180.0
2018-03-08 10:10:00,18480.0,18485.0,18475.0,18485.0,140.0,12936750.0,28224.0
2018-03-08 10:30:00,18480.0,18530.0,18480.0,18525.0,502.0,46461600.0,28278.0
2018-03-08 10:35:00,18530.0,18540.0,18525.0,18530.0,334.0,30950700.0,28412.0
2018-03-08 10:40:00,18530.0,18535.0,18520.0,18525.0,288.0,26681650.0,28490.0
2018-03-08 10:45:00,18525.0,18540.0,18525.0,18535.0,116.0,10749550.0,28552.0
2018-03-08 10:50:00,18535.0,18565.0,18530.0,18555.0,286.0,26527800.0,28604.0
2018-03-08 10:55:00,18555.0,18560.0,18550.0,18550.0,284.0,26346250.0,28646.0
2018-03-08 11:00:00,18550.0,18550.0,18540.0,18540.0,126.0,11683200.0,28702.0
2018-03-08 11:05:00,18540.0,18545.0,18530.0,18535.0,184.0,17054100.0,28754.0
2018-03-08 11:10:00,18535.0,18540.0,18475.0,18490.0,396.0,36660600.0,28832.0
2018-03-08 11:15:00,18490.0,18500.0,18475.0,18500.0,192.0,17751650.0,28862.0
2018-03-08 11:20:00,18495.0,18505.0,18495.0,18505.0,148.0,13691400.0,28872.0
2018-03-08 11:25:00,18500.0,18500.0,18490.0,18490.0,118.0,10911450.0,28884.0
2018-03-08 13:30:00,18485.0,18485.0,18450.0,18455.0,456.0,42105100.0,28846.0
2018-03-08 13:35:00,18455.0,18455.0,18410.0,18415.0,560.0,51616450.0,28922.0
2018-03-08 13:40:00,18415.0,18425.0,18405.0,18420.0,402.0,37011000.0,28830.0
2018-03-08 13:45:00,18430.0,18465.0,18415.0,18445.0,486.0,44821800.0,28850.0
2018-03-08 13:50:00,18445.0,18460.0,18420.0,18435.0,248.0,22866700.0,28902.0
2018-03-08 13:55:00,18435.0,18445.0,18425.0,18440.0,186.0,17141300.0,28938.0
2018-03-08 14:00:00,18445.0,18480.0,18445.0,18460.0,234.0,21600100.0,29000.0
2018-03-08 14:05:00,18460.0,18505.0,18460.0,18505.0,258.0,23844450.0,29036.0
2018-03-08 14:10:00,18505.0,18505.0,18480.0,18495.0,228.0,21081700.0,29000.0
2018-03-08 14:15:00,18495.0,18500.0,18485.0,18485.0,644.0,59555050.0,28954.0
2018-03-08 14:20:00,18490.0,18490.0,18485.0,18490.0,226.0,20892750.0,28962.0
2018-03-08 14:25:00,18490.0,18505.0,18490.0,18490.0,280.0,25896550.0,28988.0
2018-03-08 14:30:00,18495.0,18500.0,18485.0,18490.0,368.0,34027450.0,29088.0
2018-03-08 14:35:00,18490.0,18495.0,18490.0,18495.0,82.0,7582050.0,29078.0
2018-03-08 14:40:00,18495.0,18500.0,18490.0,18490.0,248.0,22932750.0,29064.0
2018-03-08 14:45:00,18495.0,18500.0,18490.0,18490.0,132.0,12206050.0,29040.0
2018-03-08 14:50:00,18495.0,18500.0,18480.0,18485.0,306.0,28290800.0,29004.0
2018-03-08 14:55:00,18490.0,18495.0,18460.0,18495.0,918.0,84798100.0,28784.0
2018-03-08 21:00:00,18435.0,18475.0,18435.0,18465.0,288.0,26581050.0,28832.0
2018-03-08 21:05:00,18465.0,18500.0,18450.0,18475.0,438.0,40470400.0,28894.0
2018-03-08 21:10:00,18465.0,18470.0,18450.0,18455.0,314.0,28980850.0,28950.0
2018-03-08 21:15:00,18460.0,18460.0,18415.0,18425.0,566.0,52170000.0,29116.0
2018-03-08 21:20:00,18425.0,18445.0,18420.0,18435.0,232.0,21380050.0,29112.0
2018-03-08 21:25:00,18435.0,18445.0,18420.0,18430.0,252.0,23223250.0,29106.0
2018-03-08 21:30:00,18430.0,18455.0,18430.0,18450.0,196.0,18074300.0,29074.0
2018-03-08 21:35:00,18450.0,18460.0,18435.0,18445.0,92.0,8486250.0,29080.0
2018-03-08 21:40:00,18445.0,18445.0,18390.0,18395.0,1308.0,120420800.0,29326.0
2018-03-08 21:45:00,18400.0,18410.0,18380.0,18385.0,386.0,35502450.0,29298.0
2018-03-08 21:50:00,18385.0,18390.0,18375.0,18380.0,352.0,32353800.0,29312.0
2018-03-08 21:55:00,18385.0,18395.0,18370.0,18370.0,324.0,29779300.0,29334.0
2018-03-08 22:00:00,18365.0,18405.0,18365.0,18380.0,154.0,14163550.0,29322.0
2018-03-08 22:05:00,18380.0,18405.0,18375.0,18400.0,160.0,14714100.0,29328.0
2018-03-08 22:10:00,18395.0,18400.0,18390.0,18390.0,124.0,11404150.0,29326.0
2018-03-08 22:15:00,18385.0,18405.0,18380.0,18400.0,134.0,12322350.0,29322.0
2018-03-08 22:20:00,18400.0,18405.0,18390.0,18390.0,158.0,14532050.0,29288.0
2018-03-08 22:25:00,18390.0,18405.0,18390.0,18400.0,56.0,5151950.0,29258.0
2018-03-08 22:30:00,18395.0,18435.0,18395.0,18410.0,248.0,22833900.0,29278.0
2018-03-08 22:35:00,18415.0,18430.0,18410.0,18415.0,202.0,18603800.0,29322.0
2018-03-08 22:40:00,18415.0,18415.0,18400.0,18405.0,154.0,14174250.0,29382.0
2018-03-08 22:45:00,18400.0,18410.0,18395.0,18405.0,160.0,14720900.0,29406.0
2018-03-08 22:50:00,18405.0,18410.0,18390.0,18400.0,134.0,12328750.0,29452.0
2018-03-08 22:55:00,18400.0,18400.0,18350.0,18350.0,338.0,31054850.0,29494.0
2018-03-08 23:00:00,18350.0,18350.0,18320.0,18345.0,518.0,47485500.0,29632.0
2018-03-08 23:05:00,18350.0,18365.0,18340.0,18345.0,258.0,23677700.0,29570.0
2018-03-08 23:10:00,18340.0,18355.0,18335.0,18350.0,100.0,9173350.0,29560.0
2018-03-08 23:15:00,18350.0,18375.0,18350.0,18360.0,132.0,12119650.0,29512.0
2018-03-08 23:20:00,18360.0,18365.0,18345.0,18350.0,112.0,10276750.0,29536.0
2018-03-08 23:25:00,18345.0,18355.0,18340.0,18345.0,96.0,8807150.0,29594.0
2018-03-08 23:30:00,18345.0,18350.0,18325.0,18335.0,242.0,22187450.0,29654.0
2018-03-08 23:35:00,18335.0,18345.0,18310.0,18315.0,80.0,7331200.0,29668.0
2018-03-08 23:40:00,18310.0,18355.0,18310.0,18345.0,186.0,17048750.0,29690.0
2018-03-08 23:45:00,18345.0,18355.0,18345.0,18355.0,78.0,7157450.0,29704.0
2018-03-08 23:50:00,18355.0,18375.0,18350.0,18360.0,108.0,9915050.0,29698.0
2018-03-08 23:55:00,18360.0,18360.0,18350.0,18350.0,36.0,3303900.0,29694.0
2018-03-09 00:00:00,18350.0,18365.0,18345.0,18365.0,38.0,3487150.0,29688.0
2018-03-09 00:05:00,18365.0,18365.0,18345.0,18345.0,42.0,3854750.0,29704.0
2018-03-09 00:10:00,18345.0,18390.0,18345.0,18365.0,132.0,12123700.0,29720.0
2018-03-09 00:15:00,18365.0,18365.0,18330.0,18340.0,102.0,9356250.0,29778.0
2018-03-09 00:20:00,18340.0,18350.0,18335.0,18345.0,30.0,2750900.0,29786.0
2018-03-09 00:25:00,18350.0,18350.0,18340.0,18345.0,62.0,5687100.0,29768.0
2018-03-09 00:30:00,18340.0,18345.0,18335.0,18335.0,18.0,1650600.0,29770.0
2018-03-09 00:35:00,18340.0,18340.0,18335.0,18335.0,24.0,2200400.0,29772.0
2018-03-09 00:40:00,18335.0,18340.0,18335.0,18335.0,22.0,2017000.0,29768.0
2018-03-09 00:45:00,18340.0,18340.0,18340.0,18340.0,18.0,1650600.0,29762.0
2018-03-09 00:50:00,18335.0,18350.0,18330.0,18350.0,88.0,8068500.0,29752.0
2018-03-09 00:55:00,18345.0,18370.0,18340.0,18340.0,208.0,19087300.0,29632.0
2018-03-09 09:00:00,18350.0,18420.0,18350.0,18410.0,388.0,35689700.0,29642.0
2018-03-09 09:05:00,18400.0,18425.0,18390.0,18405.0,370.0,34049300.0,29608.0
2018-03-09 09:10:00,18405.0,18405.0,18390.0,18400.0,262.0,24105150.0,29622.0
2018-03-09 09:15:00,18405.0,18405.0,18380.0,18390.0,258.0,23731050.0,29602.0
2018-03-09 09:20:00,18395.0,18405.0,18390.0,18400.0,252.0,23181050.0,29682.0
2018-03-09 09:25:00,18400.0,18405.0,18395.0,18405.0,130.0,11960300.0,29740.0
2018-03-09 09:30:00,18400.0,18405.0,18380.0,18395.0,264.0,24279500.0,29808.0
2018-03-09 09:35:00,18395.0,18410.0,18395.0,18395.0,128.0,11775600.0,29826.0
2018-03-09 09:40:00,18395.0,18395.0,18365.0,18380.0,240.0,22058500.0,29946.0
2018-03-09 09:45:00,18375.0,18390.0,18375.0,18390.0,108.0,9925600.0,29954.0
2018-03-09 09:50:00,18385.0,18385.0,18370.0,18375.0,66.0,6064800.0,29950.0
2018-03-09 09:55:00,18375.0,18375.0,18360.0,18370.0,74.0,6795150.0,29972.0
2018-03-09 10:00:00,18370.0,18375.0,18365.0,18365.0,78.0,7163900.0,29962.0
2018-03-09 10:05:00,18365.0,18365.0,18345.0,18355.0,178.0,16333500.0,29934.0
2018-03-09 10:10:00,18355.0,18355.0,18330.0,18335.0,192.0,17611200.0,29962.0
2018-03-09 10:30:00,18335.0,18360.0,18320.0,18355.0,556.0,50985700.0,30018.0
2018-03-09 10:35:00,18350.0,18365.0,18330.0,18335.0,204.0,18715450.0,30068.0
2018-03-09 10:40:00,18325.0,18330.0,18300.0,18305.0,474.0,43403600.0,30146.0
2018-03-09 10:45:00,18300.0,18305.0,18225.0,18230.0,904.0,82559450.0,30264.0
2018-03-09 10:50:00,18230.0,18250.0,18220.0,18230.0,390.0,35546350.0,30310.0
2018-03-09 10:55:00,18230.0,18255.0,18225.0,18230.0,320.0,29177700.0,30344.0
2018-03-09 11:00:00,18225.0,18260.0,18200.0,18225.0,936.0,85289500.0,30480.0
2018-03-09 11:05:00,18225.0,18260.0,18210.0,18250.0,424.0,38655400.0,30486.0
2018-03-09 11:10:00,18250.0,18250.0,18215.0,18225.0,176.0,16039750.0,30460.0
2018-03-09 11:15:00,18225.0,18240.0,18215.0,18225.0,256.0,23331050.0,30406.0
2018-03-09 11:20:00,18220.0,18250.0,18220.0,18245.0,206.0,18780800.0,30424.0
2018-03-09 11:25:00,18245.0,18245.0,18225.0,18240.0,262.0,23890600.0,30426.0
2018-03-09 13:30:00,18230.0,18240.0,18215.0,18230.0,276.0,25159150.0,30466.0
2018-03-09 13:35:00,18230.0,18245.0,18225.0,18245.0,324.0,29540500.0,30512.0
2018-03-09 13:40:00,18245.0,18275.0,18245.0,18275.0,338.0,30862950.0,30518.0
2018-03-09 13:45:00,18270.0,18270.0,18245.0,18265.0,238.0,21730250.0,30584.0
2018-03-09 13:50:00,18265.0,18285.0,18230.0,18255.0,662.0,60441950.0,30632.0
2018-03-09 13:55:00,18255.0,18280.0,18250.0,18260.0,610.0,55701950.0,30754.0
2018-03-09 14:00:00,18260.0,18260.0,18250.0,18255.0,82.0,7484400.0,30770.0
2018-03-09 14:05:00,18255.0,18255.0,18230.0,18240.0,212.0,19335800.0,30896.0
2018-03-09 14:10:00,18240.0,18240.0,18220.0,18230.0,198.0,18046000.0,30936.0
2018-03-09 14:15:00,18235.0,18245.0,18230.0,18235.0,72.0,6565100.0,30950.0
2018-03-09 14:20:00,18240.0,18240.0,18220.0,18230.0,178.0,16226350.0,31038.0
2018-03-09 14:25:00,18225.0,18235.0,18215.0,18235.0,398.0,36258050.0,31122.0
2018-03-09 14:30:00,18235.0,18245.0,18225.0,18245.0,162.0,14770100.0,31134.0
2018-03-09 14:35:00,18245.0,18245.0,18225.0,18230.0,140.0,12761400.0,31150.0
2018-03-09 14:40:00,18235.0,18260.0,18230.0,18240.0,242.0,22072150.0,31174.0
2018-03-09 14:45:00,18240.0,18265.0,18225.0,18255.0,272.0,24813550.0,31208.0
2018-03-09 14:50:00,18260.0,18310.0,18255.0,18295.0,1094.0,99974050.0,31404.0
2018-03-09 14:55:00,18300.0,18380.0,18300.0,18355.0,1972.0,181005450.0,31802.0
2018-03-09 21:00:00,18350.0,18390.0,18340.0,18340.0,1132.0,103945800.0,31802.0
2018-03-09 21:05:00,18340.0,18350.0,18295.0,18330.0,564.0,51660950.0,31912.0
2018-03-09 21:10:00,18325.0,18330.0,18290.0,18310.0,488.0,44669500.0,31938.0
2018-03-09 21:15:00,18310.0,18320.0,18295.0,18300.0,272.0,24893300.0,31966.0
2018-03-09 21:20:00,18300.0,18305.0,18280.0,18295.0,550.0,50313100.0,31850.0
2018-03-09 21:25:00,18290.0,18310.0,18280.0,18305.0,448.0,40981150.0,32016.0
2018-03-09 21:30:00,18305.0,18335.0,18300.0,18325.0,480.0,43967900.0,31968.0
2018-03-09 21:35:00,18330.0,18365.0,18330.0,18345.0,496.0,45508950.0,31812.0
2018-03-09 21:40:00,18340.0,18360.0,18335.0,18350.0,290.0,26602450.0,31730.0
2018-03-09 21:45:00,18350.0,18360.0,18345.0,18355.0,210.0,19269100.0,31718.0
2018-03-09 21:50:00,18355.0,18365.0,18350.0,18355.0,98.0,8995100.0,31730.0
2018-03-09 21:55:00,18360.0,18365.0,18330.0,18335.0,358.0,32844550.0,31724.0
2018-03-09 22:00:00,18330.0,18330.0,18315.0,18320.0,460.0,42139400.0,31842.0
2018-03-09 22:05:00,18320.0,18320.0,18310.0,18315.0,106.0,9707450.0,31838.0
2018-03-09 22:10:00,18315.0,18335.0,18315.0,18330.0,114.0,10446400.0,31846.0
2018-03-09 22:15:00,18335.0,18370.0,18335.0,18370.0,224.0,20550050.0,31822.0
2018-03-09 22:20:00,18365.0,18380.0,18360.0,18375.0,348.0,31968250.0,31782.0
2018-03-09 22:25:00,18370.0,18380.0,18320.0,18330.0,446.0,40929000.0,31770.0
2018-03-09 22:30:00,18330.0,18340.0,18285.0,18290.0,386.0,35353200.0,31688.0
2018-03-09 22:35:00,18295.0,18310.0,18295.0,18300.0,290.0,26540700.0,31674.0
2018-03-09 22:40:00,18300.0,18355.0,18300.0,18340.0,378.0,34653750.0,31614.0
2018-03-09 22:45:00,18340.0,18360.0,18335.0,18355.0,226.0,20732850.0,31596.0
2018-03-09 22:50:00,18355.0,18395.0,18355.0,18380.0,556.0,51096950.0,31528.0
2018-03-09 22:55:00,18380.0,18400.0,18370.0,18395.0,548.0,50372500.0,31644.0
2018-03-09 23:00:00,18395.0,18400.0,18370.0,18370.0,254.0,23340600.0,31606.0
2018-03-09 23:05:00,18370.0,18375.0,18360.0,18360.0,96.0,8815800.0,31608.0
2018-03-09 23:10:00,18360.0,18365.0,18350.0,18365.0,102.0,9362500.0,31632.0
2018-03-09 23:15:00,18365.0,18385.0,18365.0,18380.0,208.0,19109950.0,31708.0
2018-03-09 23:20:00,18380.0,18450.0,18375.0,18435.0,454.0,41793750.0,31688.0
2018-03-09 23:25:00,18435.0,18440.0,18400.0,18400.0,234.0,21560050.0,31714.0
2018-03-09 23:30:00,18405.0,18415.0,18400.0,18405.0,158.0,14539900.0,31730.0
2018-03-09 23:35:00,18400.0,18410.0,18380.0,18400.0,202.0,18578400.0,31662.0
2018-03-09 23:40:00,18395.0,18405.0,18395.0,18400.0,78.0,7175400.0,31684.0
2018-03-09 23:45:00,18400.0,18400.0,18390.0,18400.0,110.0,10118400.0,31740.0
2018-03-09 23:50:00,18400.0,18420.0,18400.0,18400.0,162.0,14912500.0,31670.0
2018-03-09 23:55:00,18400.0,18410.0,18400.0,18405.0,40.0,3680450.0,31676.0
2018-03-10 00:00:00,18410.0,18420.0,18410.0,18410.0,88.0,8101100.0,31724.0
2018-03-10 00:05:00,18410.0,18415.0,18405.0,18415.0,62.0,5707200.0,31742.0
2018-03-10 00:10:00,18415.0,18415.0,18405.0,18405.0,48.0,4417900.0,31756.0
2018-03-10 00:15:00,18405.0,18425.0,18405.0,18420.0,130.0,11972150.0,31760.0
2018-03-10 00:20:00,18425.0,18480.0,18425.0,18480.0,398.0,36731500.0,31690.0
2018-03-10 00:25:00,18480.0,18485.0,18450.0,18465.0,146.0,13482000.0,31686.0
2018-03-10 00:30:00,18465.0,18485.0,18465.0,18475.0,376.0,34732100.0,31552.0
2018-03-10 00:35:00,18470.0,18475.0,18465.0,18465.0,26.0,2401000.0,31544.0
2018-03-10 00:40:00,18465.0,18475.0,18445.0,18475.0,130.0,11996950.0,31514.0
2018-03-10 00:45:00,18480.0,18485.0,18465.0,18475.0,54.0,4988350.0,31506.0
2018-03-10 00:50:00,18485.0,18490.0,18470.0,18480.0,150.0,13859300.0,31500.0
2018-03-10 00:55:00,18485.0,18495.0,18470.0,18490.0,290.0,26804400.0,31364.0
2018-03-12 09:00:00,18495.0,18520.0,18440.0,18455.0,1026.0,94867300.0,31242.0
2018-03-12 09:05:00,18460.0,18470.0,18440.0,18460.0,388.0,35807050.0,31304.0
2018-03-12 09:10:00,18460.0,18460.0,18420.0,18420.0,256.0,23608350.0,31326.0
2018-03-12 09:15:00,18425.0,18465.0,18405.0,18415.0,436.0,40194300.0,31252.0
2018-03-12 09:20:00,18415.0,18430.0,18405.0,18425.0,294.0,27076450.0,31214.0
2018-03-12 09:25:00,18420.0,18435.0,18390.0,18410.0,414.0,38119600.0,31214.0
2018-03-12 09:30:00,18410.0,18425.0,18360.0,18375.0,480.0,44129100.0,31228.0
2018-03-12 09:35:00,18375.0,18390.0,18370.0,18385.0,134.0,12315600.0,31268.0
2018-03-12 09:40:00,18380.0,18410.0,18375.0,18395.0,250.0,22991950.0,31276.0
2018-03-12 09:45:00,18395.0,18430.0,18390.0,18400.0,270.0,24850850.0,31308.0
2018-03-12 09:50:00,18400.0,18410.0,18385.0,18405.0,208.0,19130450.0,31262.0
2018-03-12 09:55:00,18400.0,18425.0,18400.0,18405.0,102.0,9392700.0,31244.0
2018-03-12 10:00:00,18410.0,18420.0,18390.0,18400.0,168.0,15460900.0,31292.0
2018-03-12 10:05:00,18395.0,18400.0,18390.0,18400.0,160.0,14715700.0,31330.0
2018-03-12 10:10:00,18405.0,18425.0,18405.0,18415.0,204.0,18785250.0,31328.0
2018-03-12 10:30:00,18415.0,18435.0,18405.0,18435.0,248.0,22843800.0,31326.0
2018-03-12 10:35:00,18440.0,18440.0,18425.0,18430.0,370.0,34099850.0,31368.0
2018-03-12 10:40:00,18430.0,18435.0,18395.0,18435.0,398.0,36645000.0,31422.0
2018-03-12 10:45:00,18435.0,18455.0,18420.0,18440.0,342.0,31536600.0,31360.0
2018-03-12 10:50:00,18440.0,18460.0,18420.0,18450.0,322.0,29690100.0,31430.0
2018-03-12 10:55:00,18455.0,18460.0,18440.0,18440.0,96.0,8854150.0,31432.0
2018-03-12 11:00:00,18440.0,18440.0,18425.0,18425.0,196.0,18065750.0,31454.0
2018-03-12 11:05:00,18430.0,18430.0,18415.0,18425.0,254.0,23398950.0,31452.0
2018-03-12 11:10:00,18430.0,18445.0,18425.0,18445.0,424.0,39088150.0,31462.0
2018-03-12 11:15:00,18440.0,18440.0,18415.0,18415.0,164.0,15111750.0,31470.0
2018-03-12 11:20:00,18425.0,18435.0,18405.0,18430.0,470.0,43291750.0,31484.0
2018-03-12 11:25:00,18425.0,18430.0,18420.0,18430.0,128.0,11791850.0,31458.0
2018-03-12 13:30:00,18430.0,18450.0,18420.0,18430.0,638.0,58821850.0,31420.0
2018-03-12 13:35:00,18430.0,18445.0,18430.0,18440.0,248.0,22862750.0,31460.0
2018-03-12 13:40:00,18440.0,18450.0,18440.0,18450.0,166.0,15309850.0,31464.0
2018-03-12 13:45:00,18445.0,18455.0,18425.0,18430.0,426.0,39280700.0,31498.0
2018-03-12 13:50:00,18435.0,18455.0,18425.0,18450.0,408.0,37623600.0,31342.0
2018-03-12 13:55:00,18450.0,18485.0,18450.0,18485.0,634.0,58559200.0,31234.0
2018-03-12 14:00:00,18485.0,18490.0,18460.0,18460.0,502.0,46382650.0,31296.0
2018-03-12 14:05:00,18460.0,18475.0,18455.0,18460.0,250.0,23076300.0,31332.0
2018-03-12 14:10:00,18465.0,18470.0,18430.0,18440.0,254.0,23439350.0,31270.0
2018-03-12 14:15:00,18435.0,18460.0,18405.0,18425.0,534.0,49213300.0,31208.0
2018-03-12 14:20:00,18430.0,18445.0,18415.0,18415.0,128.0,11794350.0,31198.0
2018-03-12 14:25:00,18425.0,18465.0,18425.0,18430.0,232.0,21396300.0,31182.0
2018-03-12 14:30:00,18430.0,18430.0,18410.0,18415.0,348.0,32049800.0,31122.0
2018-03-12 14:35:00,18420.0,18430.0,18410.0,18425.0,156.0,14370000.0,31158.0
2018-03-12 14:40:00,18420.0,18420.0,18400.0,18405.0,416.0,38285900.0,31152.0
2018-03-12 14:45:00,18410.0,18410.0,18375.0,18375.0,622.0,57182150.0,31074.0
2018-03-12 14:50:00,18375.0,18375.0,18350.0,18350.0,550.0,50483650.0,31026.0
2018-03-12 14:55:00,18355.0,18360.0,18325.0,18350.0,760.0,69684150.0,30964.0
2018-03-12 21:00:00,18285.0,18315.0,18185.0,18200.0,1436.0,131109150.0,31098.0
2018-03-12 21:05:00,18195.0,18240.0,18195.0,18220.0,810.0,73792750.0,31212.0
2018-03-12 21:10:00,18220.0,18235.0,18195.0,18205.0,722.0,65745150.0,31234.0
2018-03-12 21:15:00,18205.0,18255.0,18200.0,18250.0,642.0,58519500.0,31090.0
2018-03-12 21:20:00,18245.0,18260.0,18235.0,18240.0,350.0,31932800.0,31036.0
2018-03-12 21:25:00,18240.0,18250.0,18235.0,18245.0,200.0,18242750.0,31012.0
2018-03-12 21:30:00,18240.0,18245.0,18220.0,18245.0,322.0,29351750.0,31096.0
2018-03-12 21:35:00,18245.0,18255.0,18220.0,18225.0,184.0,16778200.0,31140.0
2018-03-12 21:40:00,18220.0,18230.0,18210.0,18225.0,324.0,29511050.0,31190.0
2018-03-12 21:45:00,18225.0,18225.0,18210.0,18210.0,242.0,22041100.0,31282.0
2018-03-12 21:50:00,18215.0,18220.0,18115.0,18135.0,1050.0,95350850.0,31524.0
2018-03-12 21:55:00,18135.0,18155.0,18115.0,18125.0,732.0,66372850.0,31656.0
2018-03-12 22:00:00,18120.0,18130.0,18105.0,18120.0,904.0,81886100.0,31888.0
2018-03-12 22:05:00,18120.0,18135.0,18095.0,18110.0,758.0,68651550.0,32142.0
2018-03-12 22:10:00,18105.0,18150.0,18090.0,18145.0,664.0,60144150.0,32208.0
2018-03-12 22:15:00,18140.0,18140.0,18120.0,18140.0,176.0,15954900.0,32254.0
2018-03-12 22:20:00,18135.0,18135.0,18105.0,18105.0,194.0,17573400.0,32308.0
2018-03-12 22:25:00,18105.0,18115.0,18095.0,18110.0,328.0,29690800.0,32450.0
2018-03-12 22:30:00,18115.0,18135.0,18105.0,18130.0,314.0,28447600.0,32502.0
2018-03-12 22:35:00,18130.0,18135.0,18115.0,18125.0,210.0,19028250.0,32526.0
2018-03-12 22:40:00,18125.0,18145.0,18120.0,18140.0,284.0,25753500.0,32462.0
2018-03-12 22:45:00,18140.0,18145.0,18090.0,18115.0,530.0,47997950.0,32448.0
2018-03-12 22:50:00,18110.0,18140.0,18110.0,18140.0,164.0,14860800.0,32466.0
2018-03-12 22:55:00,18140.0,18160.0,18130.0,18155.0,348.0,31568450.0,32366.0
2018-03-12 23:00:00,18150.0,18190.0,18150.0,18175.0,670.0,60902700.0,32260.0
2018-03-12 23:05:00,18170.0,18170.0,18135.0,18155.0,304.0,27592350.0,32234.0
2018-03-12 23:10:00,18150.0,18155.0,18145.0,18145.0,48.0,4355800.0,32228.0
2018-03-12 23:15:00,18140.0,18140.0,18125.0,18140.0,160.0,14504300.0,32244.0
2018-03-12 23:20:00,18140.0,18140.0,18125.0,18130.0,88.0,7976500.0,32300.0
2018-03-12 23:25:00,18125.0,18130.0,18115.0,18125.0,172.0,15584850.0,32292.0
2018-03-12 23:30:00,18125.0,18145.0,18125.0,18135.0,146.0,13237650.0,32314.0
2018-03-12 23:35:00,18130.0,18135.0,18110.0,18120.0,82.0,7429650.0,32334.0
2018-03-12 23:40:00,18120.0,18135.0,18115.0,18115.0,94.0,8519200.0,32354.0
2018-03-12 23:45:00,18120.0,18130.0,18120.0,18125.0,46.0,4168150.0,32376.0
2018-03-12 23:50:00,18120.0,18125.0,18115.0,18115.0,56.0,5073600.0,32378.0
2018-03-12 23:55:00,18120.0,18125.0,18115.0,18120.0,78.0,7066450.0,32390.0
2018-03-13 00:00:00,18120.0,18120.0,18110.0,18110.0,110.0,9964350.0,32422.0
2018-03-13 00:05:00,18110.0,18115.0,18105.0,18115.0,84.0,7606450.0,32452.0
2018-03-13 00:10:00,18110.0,18110.0,18050.0,18090.0,670.0,60559150.0,32728.0
2018-03-13 00:15:00,18085.0,18110.0,18075.0,18100.0,224.0,20262200.0,32682.0
2018-03-13 00:20:00,18100.0,18115.0,18100.0,18110.0,252.0,22814400.0,32586.0
2018-03-13 00:25:00,18110.0,18130.0,18110.0,18115.0,186.0,16852150.0,32508.0
2018-03-13 00:30:00,18110.0,18115.0,18100.0,18100.0,90.0,8148100.0,32532.0
2018-03-13 00:35:00,18100.0,18105.0,18100.0,18105.0,24.0,2172100.0,32546.0
2018-03-13 00:40:00,18105.0,18120.0,18105.0,18110.0,102.0,9239250.0,32574.0
2018-03-13 00:45:00,18115.0,18115.0,18110.0,18110.0,60.0,5433500.0,32584.0
2018-03-13 00:50:00,18115.0,18165.0,18110.0,18155.0,102.0,9250900.0,32562.0
2018-03-13 00:55:00,18150.0,18165.0,18115.0,18115.0,380.0,34446400.0,32414.0
2018-03-13 09:00:00,18115.0,18195.0,18115.0,18175.0,972.0,88303150.0,32370.0
2018-03-13 09:05:00,18180.0,18195.0,18175.0,18180.0,254.0,23094100.0,32328.0
2018-03-13 09:10:00,18180.0,18200.0,18180.0,18195.0,334.0,30382400.0,32402.0
2018-03-13 09:15:00,18200.0,18200.0,18185.0,18200.0,174.0,15829550.0,32454.0
2018-03-13 09:20:00,18200.0,18200.0,18190.0,18195.0,414.0,37663900.0,32540.0
2018-03-13 09:25:00,18195.0,18195.0,18155.0,18160.0,308.0,27988150.0,32584.0
2018-03-13 09:30:00,18160.0,18185.0,18145.0,18185.0,298.0,27056700.0,32598.0
2018-03-13 09:35:00,18180.0,18180.0,18160.0,18175.0,388.0,35252600.0,32718.0
2018-03-13 09:40:00,18175.0,18185.0,18170.0,18180.0,156.0,14178700.0,32750.0
2018-03-13 09:45:00,18180.0,18180.0,18160.0,18175.0,128.0,11629400.0,32822.0
2018-03-13 09:50:00,18175.0,18180.0,18155.0,18155.0,118.0,10717900.0,32878.0
2018-03-13 09:55:00,18155.0,18170.0,18150.0,18155.0,274.0,24881750.0,32982.0
2018-03-13 10:00:00,18155.0,18160.0,18150.0,18155.0,158.0,14343000.0,33060.0
2018-03-13 10:05:00,18155.0,18170.0,18155.0,18165.0,102.0,9263550.0,33108.0
2018-03-13 10:10:00,18165.0,18175.0,18155.0,18160.0,154.0,13986350.0,33120.0
2018-03-13 10:30:00,18165.0,18165.0,18155.0,18155.0,120.0,10896050.0,33150.0
2018-03-13 10:35:00,18150.0,18150.0,18115.0,18130.0,412.0,37352600.0,33292.0
2018-03-13 10:40:00,18130.0,18145.0,18125.0,18130.0,152.0,13779900.0,33318.0
2018-03-13 10:45:00,18130.0,18150.0,18130.0,18130.0,128.0,11607650.0,33342.0
2018-03-13 10:50:00,18125.0,18130.0,18115.0,18120.0,242.0,21930450.0,33382.0
2018-03-13 10:55:00,18125.0,18145.0,18120.0,18145.0,194.0,17588800.0,33404.0
2018-03-13 11:00:00,18145.0,18145.0,18130.0,18140.0,76.0,6891550.0,33396.0
2018-03-13 11:05:00,18140.0,18140.0,18120.0,18130.0,200.0,18129700.0,33392.0
2018-03-13 11:10:00,18125.0,18130.0,18105.0,18105.0,296.0,26812200.0,33504.0
2018-03-13 11:15:00,18110.0,18110.0,18095.0,18110.0,284.0,25708900.0,33568.0
2018-03-13 11:20:00,18110.0,18125.0,18105.0,18115.0,160.0,14491750.0,33586.0
2018-03-13 11:25:00,18120.0,18130.0,18110.0,18125.0,322.0,29176800.0,33586.0
2018-03-13 13:30:00,18115.0,18120.0,18105.0,18120.0,320.0,28980600.0,33560.0
2018-03-13 13:35:00,18120.0,18135.0,18115.0,18120.0,400.0,36252850.0,33602.0
2018-03-13 13:40:00,18125.0,18125.0,18110.0,18115.0,142.0,12860150.0,33612.0
2018-03-13 13:45:00,18120.0,18140.0,18115.0,18125.0,208.0,18854200.0,33638.0
2018-03-13 13:50:00,18125.0,18130.0,18120.0,18125.0,134.0,12143250.0,33646.0
2018-03-13 13:55:00,18125.0,18130.0,18115.0,18130.0,148.0,13413650.0,33682.0
2018-03-13 14:00:00,18125.0,18135.0,18110.0,18130.0,278.0,25191550.0,33712.0
2018-03-13 14:05:00,18130.0,18140.0,18125.0,18130.0,212.0,19218000.0,33700.0
2018-03-13 14:10:00,18130.0,18135.0,18120.0,18125.0,88.0,7976050.0,33678.0
2018-03-13 14:15:00,18125.0,18145.0,18120.0,18140.0,114.0,10338300.0,33630.0
2018-03-13 14:20:00,18140.0,18160.0,18115.0,18125.0,716.0,64924650.0,33680.0
2018-03-13 14:25:00,18130.0,18145.0,18110.0,18145.0,228.0,20663400.0,33716.0
2018-03-13 14:30:00,18140.0,18155.0,18135.0,18150.0,268.0,24314250.0,33760.0
2018-03-13 14:35:00,18155.0,18165.0,18150.0,18155.0,288.0,26144100.0,33782.0
2018-03-13 14:40:00,18155.0,18155.0,18140.0,18145.0,242.0,21960100.0,33858.0
2018-03-13 14:45:00,18145.0,18150.0,18100.0,18100.0,1078.0,97701000.0,34238.0
2018-03-13 14:50:00,18105.0,18130.0,18100.0,18120.0,500.0,45285350.0,34286.0
2018-03-13 14:55:00,18120.0,18125.0,18110.0,18120.0,594.0,53808550.0,34210.0
2018-03-13 21:00:00,18405.0,18405.0,18325.0,18340.0,3530.0,323993150.0,34646.0
2018-03-13 21:05:00,18335.0,18345.0,18310.0,18320.0,1930.0,176842750.0,34436.0
2018-03-13 21:10:00,18325.0,18330.0,18305.0,18320.0,734.0,67225700.0,34226.0
2018-03-13 21:15:00,18320.0,18320.0,18290.0,18305.0,714.0,65347850.0,34216.0
2018-03-13 21:20:00,18305.0,18305.0,18290.0,18295.0,506.0,46291100.0,34160.0
2018-03-13 21:25:00,18295.0,18295.0,18275.0,18280.0,376.0,34377100.0,34200.0
2018-03-13 21:30:00,18280.0,18305.0,18280.0,18305.0,316.0,28906300.0,34204.0
2018-03-13 21:35:00,18305.0,18310.0,18295.0,18300.0,362.0,33127650.0,34138.0
2018-03-13 21:40:00,18300.0,18310.0,18295.0,18300.0,362.0,33122650.0,34036.0
2018-03-13 21:45:00,18300.0,18300.0,18290.0,18300.0,182.0,16650050.0,34038.0
2018-03-13 21:50:00,18305.0,18320.0,18305.0,18310.0,182.0,16664000.0,34010.0
2018-03-13 21:55:00,18310.0,18325.0,18310.0,18320.0,290.0,26560100.0,33988.0
2018-03-13 22:00:00,18320.0,18320.0,18305.0,18310.0,116.0,10619300.0,33966.0
2018-03-13 22:05:00,18310.0,18315.0,18300.0,18305.0,122.0,11166500.0,33908.0
2018-03-13 22:10:00,18305.0,18305.0,18290.0,18295.0,122.0,11160400.0,33898.0
2018-03-13 22:15:00,18295.0,18295.0,18255.0,18260.0,732.0,66874950.0,33914.0
2018-03-13 22:20:00,18265.0,18290.0,18255.0,18290.0,278.0,25389500.0,33896.0
2018-03-13 22:25:00,18290.0,18295.0,18280.0,18285.0,208.0,19018500.0,33856.0
2018-03-13 22:30:00,18280.0,18280.0,18255.0,18275.0,242.0,22106200.0,33850.0
2018-03-13 22:35:00,18270.0,18280.0,18270.0,18280.0,62.0,5665150.0,33834.0
2018-03-13 22:40:00,18280.0,18280.0,18245.0,18280.0,410.0,37431300.0,33852.0
2018-03-13 22:45:00,18280.0,18280.0,18255.0,18265.0,328.0,29966100.0,33842.0
2018-03-13 22:50:00,18265.0,18270.0,18255.0,18255.0,198.0,18078700.0,33936.0
2018-03-13 22:55:00,18260.0,18300.0,18260.0,18265.0,396.0,36199500.0,33892.0
2018-03-13 23:00:00,18265.0,18285.0,18265.0,18275.0,160.0,14621600.0,33904.0
2018-03-13 23:05:00,18275.0,18285.0,18265.0,18265.0,66.0,6030800.0,33900.0
2018-03-13 23:10:00,18265.0,18275.0,18265.0,18265.0,110.0,10047300.0,33864.0
2018-03-13 23:15:00,18270.0,18270.0,18255.0,18270.0,210.0,19174500.0,33856.0
2018-03-13 23:20:00,18265.0,18275.0,18265.0,18270.0,74.0,6759850.0,33858.0
2018-03-13 23:25:00,18270.0,18275.0,18265.0,18275.0,34.0,3105750.0,33872.0
2018-03-13 23:30:00,18275.0,18290.0,18275.0,18275.0,172.0,15724100.0,33816.0
2018-03-13 23:35:00,18275.0,18280.0,18270.0,18275.0,50.0,4568550.0,33824.0
2018-03-13 23:40:00,18275.0,18280.0,18270.0,18275.0,38.0,3472300.0,33808.0
2018-03-13 23:45:00,18270.0,18290.0,18270.0,18290.0,48.0,4387450.0,33808.0
2018-03-13 23:50:00,18290.0,18290.0,18270.0,18275.0,52.0,4753100.0,33804.0
2018-03-13 23:55:00,18275.0,18275.0,18260.0,18265.0,88.0,8037450.0,33810.0
2018-03-14 00:00:00,18265.0,18270.0,18260.0,18265.0,74.0,6757750.0,33806.0
2018-03-14 00:05:00,18265.0,18265.0,18260.0,18265.0,44.0,4018250.0,33800.0
2018-03-14 00:10:00,18270.0,18270.0,18260.0,18260.0,128.0,11689000.0,33792.0
2018-03-14 00:15:00,18260.0,18265.0,18260.0,18265.0,84.0,7670300.0,33786.0
2018-03-14 00:20:00,18260.0,18280.0,18255.0,18280.0,306.0,27948050.0,33748.0
2018-03-14 00:25:00,18280.0,18285.0,18265.0,18270.0,62.0,5665750.0,33754.0
2018-03-14 00:30:00,18275.0,18310.0,18270.0,18305.0,404.0,36956950.0,33746.0
2018-03-14 00:35:00,18300.0,18305.0,18285.0,18285.0,148.0,13539200.0,33752.0
2018-03-14 00:40:00,18290.0,18305.0,18290.0,18305.0,138.0,12626750.0,33762.0
2018-03-14 00:45:00,18310.0,18310.0,18290.0,18295.0,102.0,9330750.0,33732.0
2018-03-14 00:50:00,18295.0,18305.0,18275.0,18280.0,252.0,23049500.0,33698.0
2018-03-14 00:55:00,18270.0,18300.0,18270.0,18285.0,294.0,26878400.0,33616.0
2018-03-14 09:00:00,18290.0,18320.0,18265.0,18295.0,910.0,83213550.0,33866.0
2018-03-14 09:05:00,18290.0,18320.0,18285.0,18295.0,640.0,58557100.0,33898.0
2018-03-14 09:10:00,18300.0,18300.0,18285.0,18290.0,320.0,29268150.0,33882.0
2018-03-14 09:15:00,18290.0,18320.0,18290.0,18315.0,490.0,44848600.0,34038.0
2018-03-14 09:20:00,18315.0,18330.0,18305.0,18325.0,562.0,51472300.0,34166.0
2018-03-14 09:25:00,18325.0,18335.0,18315.0,18315.0,324.0,29686450.0,34220.0
2018-03-14 09:30:00,18315.0,18330.0,18315.0,18320.0,428.0,39213300.0,34292.0
2018-03-14 09:35:00,18325.0,18330.0,18315.0,18320.0,300.0,27486650.0,34390.0
2018-03-14 09:40:00,18325.0,18330.0,18315.0,18325.0,336.0,30783250.0,34436.0
2018-03-14 09:45:00,18325.0,18335.0,18320.0,18325.0,462.0,42338100.0,34486.0
2018-03-14 09:50:00,18330.0,18340.0,18320.0,18330.0,410.0,37578650.0,34618.0
2018-03-14 09:55:00,18335.0,18340.0,18315.0,18315.0,428.0,39211750.0,34472.0
2018-03-14 10:00:00,18315.0,18340.0,18315.0,18330.0,342.0,31340200.0,34436.0
2018-03-14 10:05:00,18330.0,18345.0,18325.0,18340.0,302.0,27685350.0,34436.0
2018-03-14 10:10:00,18335.0,18335.0,18320.0,18325.0,370.0,33908400.0,34466.0
2018-03-14 10:30:00,18330.0,18350.0,18325.0,18340.0,420.0,38512500.0,34596.0
2018-03-14 10:35:00,18335.0,18355.0,18335.0,18350.0,256.0,23487750.0,34646.0
2018-03-14 10:40:00,18350.0,18360.0,18345.0,18355.0,208.0,19089900.0,34680.0
2018-03-14 10:45:00,18355.0,18360.0,18340.0,18340.0,224.0,20551150.0,34732.0
2018-03-14 10:50:00,18340.0,18365.0,18340.0,18345.0,334.0,30651800.0,34778.0
2018-03-14 10:55:00,18345.0,18350.0,18345.0,18345.0,56.0,5137100.0,34778.0
2018-03-14 11:00:00,18345.0,18360.0,18345.0,18355.0,122.0,11196100.0,34762.0
2018-03-14 11:05:00,18350.0,18375.0,18350.0,18370.0,270.0,24791600.0,34780.0
2018-03-14 11:10:00,18375.0,18415.0,18375.0,18395.0,1146.0,105400600.0,34714.0
2018-03-14 11:15:00,18390.0,18400.0,18375.0,18385.0,378.0,34748250.0,34676.0
2018-03-14 11:20:00,18385.0,18405.0,18385.0,18400.0,408.0,37528550.0,34662.0
2018-03-14 11:25:00,18400.0,18415.0,18385.0,18405.0,676.0,62193550.0,34566.0
2018-03-14 13:30:00,18400.0,18415.0,18390.0,18415.0,562.0,51713600.0,34546.0
2018-03-14 13:35:00,18415.0,18415.0,18385.0,18385.0,612.0,56305150.0,34682.0
2018-03-14 13:40:00,18390.0,18390.0,18370.0,18375.0,924.0,84919150.0,34724.0
2018-03-14 13:45:00,18370.0,18390.0,18365.0,18375.0,922.0,84729150.0,34668.0
2018-03-14 13:50:00,18375.0,18390.0,18375.0,18390.0,456.0,41911800.0,34718.0
2018-03-14 13:55:00,18395.0,18395.0,18375.0,18375.0,418.0,38428850.0,34684.0
2018-03-14 14:00:00,18375.0,18380.0,18365.0,18375.0,196.0,18005750.0,34684.0
2018-03-14 14:05:00,18370.0,18380.0,18370.0,18375.0,178.0,16353700.0,34706.0
2018-03-14 14:10:00,18375.0,18380.0,18370.0,18370.0,324.0,29769550.0,34694.0
2018-03-14 14:15:00,18370.0,18375.0,18360.0,18365.0,244.0,22405100.0,34712.0
2018-03-14 14:20:00,18360.0,18370.0,18350.0,18365.0,270.0,24788400.0,34632.0
2018-03-14 14:25:00,18365.0,18375.0,18360.0,18360.0,218.0,20018000.0,34604.0
2018-03-14 14:30:00,18360.0,18375.0,18360.0,18360.0,92.0,8449150.0,34586.0
2018-03-14 14:35:00,18365.0,18370.0,18360.0,18365.0,256.0,23507900.0,34632.0
2018-03-14 14:40:00,18360.0,18370.0,18355.0,18360.0,642.0,58943200.0,34634.0
2018-03-14 14:45:00,18360.0,18385.0,18355.0,18375.0,400.0,36746800.0,34614.0
2018-03-14 14:50:00,18375.0,18390.0,18375.0,18385.0,944.0,86770900.0,34496.0
2018-03-14 14:55:00,18385.0,18395.0,18375.0,18385.0,664.0,61039600.0,34524.0
2018-03-14 21:00:00,18500.0,18510.0,18440.0,18470.0,4646.0,429101700.0,36232.0
2018-03-14 21:05:00,18475.0,18475.0,18440.0,18455.0,1158.0,106864100.0,36246.0
2018-03-14 21:10:00,18455.0,18480.0,18455.0,18465.0,728.0,67227400.0,36274.0
2018-03-14 21:15:00,18465.0,18500.0,18465.0,18495.0,1022.0,94450750.0,36396.0
2018-03-14 21:20:00,18495.0,18510.0,18480.0,18490.0,1512.0,139828950.0,36394.0
2018-03-14 21:25:00,18490.0,18500.0,18485.0,18495.0,512.0,47343850.0,36464.0
2018-03-14 21:30:00,18500.0,18510.0,18495.0,18505.0,1090.0,100850050.0,36816.0
2018-03-14 21:35:00,18505.0,18535.0,18500.0,18525.0,1982.0,183552150.0,37326.0
2018-03-14 21:40:00,18530.0,18535.0,18515.0,18525.0,732.0,67790200.0,37478.0
2018-03-14 21:45:00,18525.0,18565.0,18520.0,18560.0,1814.0,168252100.0,37770.0
2018-03-14 21:50:00,18565.0,18605.0,18565.0,18580.0,2082.0,193503700.0,38246.0
2018-03-14 21:55:00,18580.0,18590.0,18550.0,18550.0,1256.0,116623750.0,38488.0
2018-03-14 22:00:00,18555.0,18555.0,18530.0,18540.0,1022.0,94754600.0,38290.0
2018-03-14 22:05:00,18540.0,18555.0,18540.0,18540.0,488.0,45254250.0,38304.0
2018-03-14 22:10:00,18540.0,18555.0,18535.0,18555.0,848.0,78641500.0,38412.0
2018-03-14 22:15:00,18560.0,18560.0,18520.0,18525.0,918.0,85059300.0,38516.0
2018-03-14 22:20:00,18525.0,18535.0,18520.0,18530.0,468.0,43355800.0,38522.0
2018-03-14 22:25:00,18525.0,18525.0,18505.0,18515.0,820.0,75908300.0,38608.0
2018-03-14 22:30:00,18510.0,18520.0,18500.0,18500.0,726.0,67192350.0,38644.0
2018-03-14 22:35:00,18500.0,18500.0,18455.0,18485.0,1504.0,138967900.0,38538.0
2018-03-14 22:40:00,18485.0,18505.0,18480.0,18505.0,1056.0,97617800.0,38806.0
2018-03-14 22:45:00,18500.0,18520.0,18495.0,18520.0,490.0,45344000.0,38842.0
2018-03-14 22:50:00,18515.0,18515.0,18495.0,18495.0,428.0,39593450.0,38906.0
2018-03-14 22:55:00,18495.0,18505.0,18495.0,18495.0,242.0,22383650.0,38940.0
2018-03-14 23:00:00,18495.0,18505.0,18495.0,18500.0,214.0,19793750.0,38858.0
2018-03-14 23:05:00,18500.0,18505.0,18495.0,18495.0,206.0,19053050.0,38796.0
2018-03-14 23:10:00,18495.0,18510.0,18495.0,18510.0,194.0,17949500.0,38814.0
2018-03-14 23:15:00,18505.0,18510.0,18480.0,18480.0,694.0,64184250.0,38734.0
2018-03-14 23:20:00,18480.0,18480.0,18450.0,18450.0,1364.0,125921200.0,38950.0
2018-03-14 23:25:00,18450.0,18500.0,18450.0,18490.0,710.0,65585800.0,38966.0
2018-03-14 23:30:00,18495.0,18495.0,18480.0,18480.0,278.0,25701350.0,38986.0
2018-03-14 23:35:00,18485.0,18485.0,18460.0,18470.0,240.0,22172700.0,39034.0
2018-03-14 23:40:00,18465.0,18470.0,18450.0,18470.0,220.0,20308850.0,39094.0
2018-03-14 23:45:00,18470.0,18475.0,18450.0,18455.0,172.0,15878700.0,39118.0
2018-03-14 23:50:00,18460.0,18465.0,18455.0,18455.0,212.0,19567250.0,39126.0
2018-03-14 23:55:00,18450.0,18450.0,18430.0,18445.0,522.0,48133950.0,39124.0
2018-03-15 00:00:00,18455.0,18455.0,18440.0,18440.0,202.0,18633850.0,39114.0
2018-03-15 00:05:00,18445.0,18455.0,18445.0,18455.0,162.0,14945800.0,39112.0
2018-03-15 00:10:00,18450.0,18475.0,18445.0,18455.0,242.0,22336950.0,39072.0
2018-03-15 00:15:00,18460.0,18470.0,18455.0,18470.0,100.0,9232200.0,39072.0
2018-03-15 00:20:00,18470.0,18470.0,18445.0,18455.0,250.0,23067350.0,39086.0
2018-03-15 00:25:00,18455.0,18460.0,18455.0,18455.0,88.0,8121150.0,39062.0
2018-03-15 00:30:00,18460.0,18460.0,18450.0,18455.0,148.0,13655250.0,39044.0
2018-03-15 00:35:00,18455.0,18470.0,18455.0,18460.0,152.0,14030750.0,39024.0
2018-03-15 00:40:00,18460.0,18460.0,18445.0,18445.0,76.0,7011700.0,38994.0
2018-03-15 00:45:00,18440.0,18455.0,18440.0,18445.0,192.0,17708450.0,39028.0
2018-03-15 00:50:00,18440.0,18445.0,18440.0,18445.0,100.0,9220250.0,39048.0
2018-03-15 00:55:00,18445.0,18450.0,18415.0,18440.0,438.0,40368900.0,38878.0
2018-03-15 09:00:00,18415.0,18430.0,18370.0,18415.0,1892.0,174092100.0,38970.0
2018-03-15 09:05:00,18415.0,18445.0,18405.0,18445.0,898.0,82749450.0,39064.0
2018-03-15 09:10:00,18440.0,18465.0,18440.0,18445.0,654.0,60324850.0,39222.0
2018-03-15 09:15:00,18440.0,18480.0,18440.0,18475.0,476.0,43924650.0,39208.0
2018-03-15 09:20:00,18480.0,18480.0,18460.0,18465.0,572.0,52822250.0,39164.0
2018-03-15 09:25:00,18470.0,18475.0,18455.0,18455.0,338.0,31210000.0,39110.0
2018-03-15 09:30:00,18460.0,18495.0,18460.0,18490.0,826.0,76332350.0,39270.0
2018-03-15 09:35:00,18490.0,18500.0,18485.0,18495.0,696.0,64360350.0,39322.0
2018-03-15 09:40:00,18495.0,18505.0,18485.0,18490.0,370.0,34218550.0,39394.0
2018-03-15 09:45:00,18495.0,18495.0,18480.0,18490.0,272.0,25145300.0,39418.0
2018-03-15 09:50:00,18490.0,18490.0,18485.0,18490.0,142.0,13127200.0,39424.0
2018-03-15 09:55:00,18485.0,18495.0,18470.0,18470.0,330.0,30493050.0,39476.0
2018-03-15 10:00:00,18475.0,18500.0,18475.0,18495.0,360.0,33277300.0,39430.0
2018-03-15 10:05:00,18490.0,18495.0,18485.0,18485.0,128.0,11834100.0,39440.0
2018-03-15 10:10:00,18480.0,18490.0,18460.0,18470.0,296.0,27344450.0,39542.0
2018-03-15 10:30:00,18470.0,18475.0,18450.0,18465.0,504.0,46527300.0,39754.0
2018-03-15 10:35:00,18455.0,18485.0,18455.0,18475.0,726.0,67048850.0,39868.0
2018-03-15 10:40:00,18480.0,18495.0,18475.0,18485.0,468.0,43251250.0,39964.0
2018-03-15 10:45:00,18485.0,18530.0,18480.0,18525.0,512.0,47378850.0,40016.0
2018-03-15 10:50:00,18525.0,18530.0,18510.0,18520.0,284.0,26297400.0,40100.0
2018-03-15 10:55:00,18520.0,18525.0,18500.0,18505.0,296.0,27400700.0,40060.0
2018-03-15 11:00:00,18505.0,18545.0,18505.0,18540.0,654.0,60583450.0,40280.0
2018-03-15 11:05:00,18540.0,18550.0,18535.0,18540.0,868.0,80479600.0,40692.0
2018-03-15 11:10:00,18545.0,18545.0,18535.0,18540.0,476.0,44130900.0,40914.0
2018-03-15 11:15:00,18545.0,18550.0,18540.0,18545.0,248.0,22995750.0,40986.0
2018-03-15 11:20:00,18550.0,18550.0,18540.0,18540.0,228.0,21137200.0,40894.0
2018-03-15 11:25:00,18540.0,18545.0,18510.0,18510.0,456.0,42247050.0,40910.0
2018-03-15 13:30:00,18505.0,18535.0,18495.0,18500.0,1210.0,112002250.0,41148.0
2018-03-15 13:35:00,18495.0,18495.0,18465.0,18480.0,702.0,64859600.0,41138.0
2018-03-15 13:40:00,18480.0,18485.0,18470.0,18475.0,350.0,32330400.0,41188.0
2018-03-15 13:45:00,18475.0,18500.0,18475.0,18495.0,410.0,37913800.0,41218.0
2018-03-15 13:50:00,18495.0,18495.0,18485.0,18490.0,206.0,19043500.0,41228.0
2018-03-15 13:55:00,18490.0,18500.0,18490.0,18500.0,342.0,31626450.0,41336.0
2018-03-15 14:00:00,18500.0,18535.0,18500.0,18515.0,496.0,45930000.0,41410.0
2018-03-15 14:05:00,18515.0,18520.0,18510.0,18515.0,400.0,37030150.0,41458.0
2018-03-15 14:10:00,18520.0,18545.0,18520.0,18520.0,748.0,69309750.0,41394.0
2018-03-15 14:15:00,18520.0,18535.0,18505.0,18510.0,546.0,50562850.0,41234.0
2018-03-15 14:20:00,18510.0,18510.0,18480.0,18490.0,438.0,40502650.0,41140.0
2018-03-15 14:25:00,18485.0,18490.0,18455.0,18465.0,782.0,72217950.0,40936.0
2018-03-15 14:30:00,18460.0,18490.0,18455.0,18480.0,524.0,48400550.0,40744.0
2018-03-15 14:35:00,18480.0,18480.0,18465.0,18480.0,260.0,24017800.0,40794.0
2018-03-15 14:40:00,18485.0,18495.0,18465.0,18475.0,382.0,35298900.0,40792.0
2018-03-15 14:45:00,18475.0,18490.0,18465.0,18470.0,460.0,42497350.0,40816.0
2018-03-15 14:50:00,18470.0,18490.0,18455.0,18490.0,808.0,74613050.0,41020.0
2018-03-15 14:55:00,18490.0,18505.0,18460.0,18460.0,774.0,71513500.0,40774.0
2018-03-15 21:00:00,18435.0,18450.0,18390.0,18410.0,2244.0,206672650.0,40980.0
2018-03-15 21:05:00,18415.0,18440.0,18395.0,18420.0,1454.0,133904700.0,41146.0
2018-03-15 21:10:00,18420.0,18440.0,18410.0,18435.0,1308.0,120533100.0,40896.0
2018-03-15 21:15:00,18440.0,18440.0,18420.0,18430.0,668.0,61556200.0,40894.0
2018-03-15 21:20:00,18425.0,18430.0,18420.0,18425.0,786.0,72405700.0,40798.0
2018-03-15 21:25:00,18420.0,18430.0,18400.0,18400.0,732.0,67392200.0,40968.0
2018-03-15 21:30:00,18400.0,18415.0,18400.0,18410.0,484.0,44548300.0,40864.0
2018-03-15 21:35:00,18410.0,18410.0,18375.0,18385.0,1456.0,133908400.0,41318.0
2018-03-15 21:40:00,18385.0,18410.0,18380.0,18405.0,1420.0,130605200.0,41210.0
2018-03-15 21:45:00,18405.0,18415.0,18400.0,18415.0,822.0,75663900.0,41282.0
2018-03-15 21:50:00,18415.0,18430.0,18410.0,18425.0,394.0,36283750.0,41182.0
2018-03-15 21:55:00,18425.0,18430.0,18415.0,18420.0,234.0,21555800.0,41170.0
2018-03-15 22:00:00,18425.0,18430.0,18410.0,18410.0,342.0,31497100.0,41232.0
2018-03-15 22:05:00,18410.0,18415.0,18390.0,18405.0,466.0,42883050.0,41312.0
2018-03-15 22:10:00,18400.0,18415.0,18400.0,18410.0,318.0,29269900.0,41368.0
2018-03-15 22:15:00,18410.0,18410.0,18395.0,18410.0,316.0,29079250.0,41378.0
2018-03-15 22:20:00,18410.0,18440.0,18405.0,18440.0,474.0,43658850.0,41370.0
2018-03-15 22:25:00,18440.0,18460.0,18430.0,18445.0,642.0,59210800.0,41362.0
2018-03-15 22:30:00,18445.0,18450.0,18425.0,18430.0,390.0,35955250.0,41334.0
2018-03-15 22:35:00,18430.0,18440.0,18425.0,18430.0,304.0,28018300.0,41358.0
2018-03-15 22:40:00,18430.0,18445.0,18430.0,18430.0,282.0,25993550.0,41368.0
2018-03-15 22:45:00,18430.0,18430.0,18415.0,18425.0,358.0,32972950.0,41432.0
2018-03-15 22:50:00,18430.0,18435.0,18420.0,18435.0,274.0,25244800.0,41438.0
2018-03-15 22:55:00,18435.0,18435.0,18430.0,18435.0,106.0,9769350.0,41446.0
2018-03-15 23:00:00,18435.0,18440.0,18420.0,18425.0,336.0,30965100.0,41532.0
2018-03-15 23:05:00,18420.0,18440.0,18415.0,18440.0,310.0,28559600.0,41470.0
2018-03-15 23:10:00,18440.0,18445.0,18435.0,18445.0,234.0,21576750.0,41478.0
2018-03-15 23:15:00,18440.0,18470.0,18435.0,18440.0,560.0,51660900.0,41536.0
2018-03-15 23:20:00,18440.0,18450.0,18440.0,18440.0,152.0,14017500.0,41566.0
2018-03-15 23:25:00,18440.0,18440.0,18435.0,18440.0,144.0,13275150.0,41538.0
2018-03-15 23:30:00,18435.0,18435.0,18415.0,18420.0,330.0,30402150.0,41548.0
2018-03-15 23:35:00,18430.0,18445.0,18430.0,18435.0,352.0,32452300.0,41598.0
2018-03-15 23:40:00,18430.0,18435.0,18430.0,18435.0,66.0,6082700.0,41604.0
2018-03-15 23:45:00,18435.0,18435.0,18425.0,18425.0,78.0,7186900.0,41574.0
2018-03-15 23:50:00,18430.0,18430.0,18415.0,18425.0,108.0,9949150.0,41600.0
2018-03-15 23:55:00,18420.0,18430.0,18420.0,18420.0,164.0,15108600.0,41590.0
2018-03-16 00:00:00,18420.0,18445.0,18415.0,18440.0,216.0,19901150.0,41596.0
2018-03-16 00:05:00,18440.0,18440.0,18425.0,18430.0,134.0,12348600.0,41604.0
2018-03-16 00:10:00,18430.0,18435.0,18430.0,18435.0,36.0,3317550.0,41610.0
2018-03-16 00:15:00,18435.0,18520.0,18435.0,18515.0,736.0,67992750.0,41536.0
2018-03-16 00:20:00,18515.0,18520.0,18490.0,18505.0,668.0,61806350.0,41612.0
2018-03-16 00:25:00,18510.0,18530.0,18510.0,18510.0,400.0,37034750.0,41642.0
2018-03-16 00:30:00,18510.0,18520.0,18485.0,18490.0,344.0,31825800.0,41716.0
2018-03-16 00:35:00,18490.0,18500.0,18485.0,18485.0,90.0,8323350.0,41708.0
2018-03-16 00:40:00,18485.0,18500.0,18485.0,18500.0,84.0,7767400.0,41694.0
2018-03-16 00:45:00,18500.0,18510.0,18495.0,18505.0,170.0,15727400.0,41660.0
2018-03-16 00:50:00,18505.0,18525.0,18505.0,18515.0,332.0,30731200.0,41642.0
2018-03-16 00:55:00,18510.0,18510.0,18485.0,18500.0,484.0,44771850.0,41438.0
2018-03-16 09:00:00,18485.0,18485.0,18450.0,18475.0,1610.0,148678200.0,41698.0
2018-03-16 09:05:00,18470.0,18495.0,18460.0,18485.0,720.0,66518150.0,42004.0
2018-03-16 09:10:00,18485.0,18490.0,18455.0,18465.0,784.0,72401000.0,41950.0
2018-03-16 09:15:00,18470.0,18480.0,18460.0,18475.0,304.0,28073800.0,41966.0
2018-03-16 09:20:00,18475.0,18500.0,18470.0,18490.0,354.0,32721550.0,42028.0
2018-03-16 09:25:00,18485.0,18495.0,18475.0,18475.0,246.0,22738150.0,42056.0
2018-03-16 09:30:00,18480.0,18515.0,18480.0,18510.0,698.0,64572750.0,42018.0
2018-03-16 09:35:00,18515.0,18515.0,18505.0,18510.0,222.0,20545700.0,42040.0
2018-03-16 09:40:00,18510.0,18520.0,18505.0,18510.0,330.0,30546350.0,42086.0
2018-03-16 09:45:00,18510.0,18515.0,18500.0,18510.0,402.0,37202000.0,42114.0
2018-03-16 09:50:00,18515.0,18540.0,18515.0,18530.0,960.0,88930500.0,42226.0
2018-03-16 09:55:00,18525.0,18530.0,18505.0,18505.0,290.0,26854650.0,42276.0
2018-03-16 10:00:00,18505.0,18525.0,18505.0,18520.0,498.0,46100350.0,42266.0
2018-03-16 10:05:00,18520.0,18520.0,18500.0,18500.0,356.0,32952250.0,42234.0
2018-03-16 10:10:00,18500.0,18520.0,18500.0,18510.0,420.0,38872400.0,42150.0
2018-03-16 10:30:00,18510.0,18515.0,18505.0,18505.0,332.0,30727450.0,42148.0
2018-03-16 10:35:00,18510.0,18510.0,18500.0,18505.0,314.0,29052350.0,42064.0
2018-03-16 10:40:00,18510.0,18520.0,18505.0,18505.0,356.0,32951400.0,42202.0
2018-03-16 10:45:00,18505.0,18510.0,18495.0,18500.0,508.0,46999250.0,42274.0
2018-03-16 10:50:00,18495.0,18505.0,18490.0,18490.0,580.0,53641900.0,42302.0
2018-03-16 10:55:00,18495.0,18500.0,18490.0,18495.0,270.0,24968450.0,42324.0
2018-03-16 11:00:00,18495.0,18500.0,18480.0,18485.0,302.0,27924550.0,42390.0
2018-03-16 11:05:00,18485.0,18505.0,18485.0,18500.0,588.0,54378650.0,42284.0
2018-03-16 11:10:00,18500.0,18505.0,18495.0,18505.0,210.0,19425750.0,42314.0
2018-03-16 11:15:00,18495.0,18505.0,18490.0,18490.0,498.0,46059100.0,42400.0
2018-03-16 11:20:00,18485.0,18510.0,18480.0,18500.0,1428.0,132097000.0,42214.0
2018-03-16 11:25:00,18505.0,18510.0,18490.0,18495.0,450.0,41614950.0,42132.0
2018-03-16 13:30:00,18495.0,18530.0,18495.0,18520.0,878.0,81279900.0,42296.0
2018-03-16 13:35:00,18525.0,18540.0,18525.0,18535.0,668.0,61899050.0,42416.0
2018-03-16 13:40:00,18540.0,18550.0,18530.0,18545.0,1306.0,121060450.0,42504.0
2018-03-16 13:45:00,18545.0,18550.0,18540.0,18545.0,562.0,52108650.0,42570.0
2018-03-16 13:50:00,18545.0,18565.0,18540.0,18540.0,706.0,65487300.0,42576.0
2018-03-16 13:55:00,18540.0,18560.0,18540.0,18550.0,994.0,92200500.0,42814.0
2018-03-16 14:00:00,18545.0,18550.0,18530.0,18540.0,340.0,31519450.0,42750.0
2018-03-16 14:05:00,18540.0,18545.0,18525.0,18535.0,530.0,49119000.0,42740.0
2018-03-16 14:10:00,18535.0,18550.0,18535.0,18540.0,630.0,58409050.0,42484.0
2018-03-16 14:15:00,18545.0,18550.0,18535.0,18550.0,314.0,29109650.0,42440.0
2018-03-16 14:20:00,18550.0,18575.0,18540.0,18565.0,568.0,52696050.0,42484.0
2018-03-16 14:25:00,18565.0,18565.0,18550.0,18555.0,670.0,62160950.0,42314.0
2018-03-16 14:30:00,18555.0,18560.0,18540.0,18540.0,464.0,43038250.0,42330.0
2018-03-16 14:35:00,18540.0,18555.0,18540.0,18550.0,402.0,37281650.0,42286.0
2018-03-16 14:40:00,18555.0,18570.0,18550.0,18570.0,714.0,66255150.0,42298.0
2018-03-16 14:45:00,18570.0,18570.0,18545.0,18550.0,660.0,61233500.0,42182.0
2018-03-16 14:50:00,18550.0,18555.0,18530.0,18545.0,828.0,76765150.0,42138.0
2018-03-16 14:55:00,18540.0,18550.0,18525.0,18550.0,1036.0,96024800.0,41954.0
2018-03-16 21:00:00,18540.0,18625.0,18540.0,18610.0,2620.0,243419750.0,41934.0
2018-03-16 21:05:00,18610.0,18615.0,18555.0,18560.0,908.0,84332000.0,41976.0
2018-03-16 21:10:00,18560.0,18570.0,18550.0,18555.0,614.0,56983600.0,42026.0
2018-03-16 21:15:00,18555.0,18575.0,18550.0,18570.0,344.0,31931250.0,42110.0
2018-03-16 21:20:00,18570.0,18590.0,18565.0,18585.0,948.0,88052100.0,42124.0
2018-03-16 21:25:00,18585.0,18595.0,18565.0,18565.0,546.0,50722350.0,42126.0
2018-03-16 21:30:00,18570.0,18580.0,18560.0,18570.0,372.0,34542150.0,42120.0
2018-03-16 21:35:00,18570.0,18570.0,18550.0,18555.0,412.0,38230050.0,42104.0
2018-03-16 21:40:00,18560.0,18570.0,18550.0,18560.0,292.0,27097800.0,42092.0
2018-03-16 21:45:00,18565.0,18575.0,18560.0,18560.0,190.0,17638400.0,42100.0
2018-03-16 21:50:00,18560.0,18560.0,18535.0,18540.0,312.0,28936400.0,42120.0
2018-03-16 21:55:00,18540.0,18550.0,18535.0,18545.0,348.0,32266050.0,42118.0
2018-03-16 22:00:00,18550.0,18550.0,18510.0,18515.0,524.0,48553550.0,42090.0
2018-03-16 22:05:00,18515.0,18520.0,18450.0,18475.0,1846.0,170539350.0,42040.0
2018-03-16 22:10:00,18475.0,18495.0,18475.0,18490.0,530.0,48981450.0,42072.0
2018-03-16 22:15:00,18485.0,18500.0,18480.0,18495.0,304.0,28106750.0,42086.0
2018-03-16 22:20:00,18490.0,18515.0,18490.0,18510.0,498.0,46080950.0,42228.0
2018-03-16 22:25:00,18515.0,18535.0,18515.0,18520.0,644.0,59639300.0,42030.0
2018-03-16 22:30:00,18520.0,18520.0,18490.0,18490.0,398.0,36827200.0,41876.0
2018-03-16 22:35:00,18490.0,18515.0,18480.0,18515.0,438.0,40506800.0,41898.0
2018-03-16 22:40:00,18515.0,18520.0,18505.0,18510.0,254.0,23511450.0,41898.0
2018-03-16 22:45:00,18510.0,18510.0,18495.0,18500.0,220.0,20350900.0,41862.0
2018-03-16 22:50:00,18495.0,18510.0,18485.0,18510.0,274.0,25338550.0,41896.0
2018-03-16 22:55:00,18510.0,18515.0,18480.0,18480.0,378.0,34956750.0,41872.0
2018-03-16 23:00:00,18485.0,18485.0,18465.0,18480.0,704.0,65034650.0,41802.0
2018-03-16 23:05:00,18485.0,18515.0,18475.0,18505.0,454.0,41972250.0,41852.0
2018-03-16 23:10:00,18500.0,18500.0,18470.0,18470.0,232.0,21449450.0,41840.0
2018-03-16 23:15:00,18470.0,18510.0,18450.0,18505.0,902.0,83369550.0,42058.0
2018-03-16 23:20:00,18510.0,18520.0,18500.0,18520.0,240.0,22212050.0,42008.0
2018-03-16 23:25:00,18515.0,18545.0,18505.0,18525.0,640.0,59289050.0,41968.0
2018-03-16 23:30:00,18525.0,18530.0,18510.0,18515.0,316.0,29259450.0,42010.0
2018-03-16 23:35:00,18515.0,18525.0,18515.0,18520.0,222.0,20556750.0,42066.0
2018-03-16 23:40:00,18520.0,18545.0,18515.0,18545.0,276.0,25564700.0,42072.0
2018-03-16 23:45:00,18540.0,18560.0,18530.0,18550.0,688.0,63799350.0,41994.0
2018-03-16 23:50:00,18555.0,18565.0,18540.0,18545.0,616.0,57141850.0,42060.0
2018-03-16 23:55:00,18540.0,18555.0,18535.0,18540.0,294.0,27254250.0,42160.0
2018-03-17 00:00:00,18540.0,18540.0,18530.0,18530.0,74.0,6858200.0,42138.0
2018-03-17 00:05:00,18530.0,18550.0,18530.0,18540.0,196.0,18170100.0,42134.0
2018-03-17 00:10:00,18545.0,18550.0,18540.0,18545.0,66.0,6119850.0,42142.0
2018-03-17 00:15:00,18545.0,18545.0,18535.0,18535.0,38.0,3522550.0,42152.0
2018-03-17 00:20:00,18535.0,18545.0,18535.0,18545.0,62.0,5746750.0,42138.0
2018-03-17 00:25:00,18535.0,18545.0,18535.0,18545.0,86.0,7974050.0,42094.0
2018-03-17 00:30:00,18540.0,18545.0,18535.0,18545.0,138.0,12794950.0,42058.0
2018-03-17 00:35:00,18545.0,18555.0,18545.0,18550.0,176.0,16322600.0,42084.0
2018-03-17 00:40:00,18550.0,18550.0,18535.0,18535.0,82.0,7600550.0,42104.0
2018-03-17 00:45:00,18540.0,18540.0,18525.0,18525.0,148.0,13714400.0,42116.0
2018-03-17 00:50:00,18525.0,18525.0,18495.0,18510.0,910.0,84200400.0,42030.0
2018-03-17 00:55:00,18515.0,18540.0,18500.0,18540.0,438.0,40537250.0,41882.0
2018-03-19 09:00:00,18515.0,18520.0,18445.0,18470.0,2152.0,198754050.0,41996.0
2018-03-19 09:05:00,18475.0,18500.0,18455.0,18485.0,1118.0,103257150.0,41860.0
2018-03-19 09:10:00,18485.0,18485.0,18400.0,18400.0,1606.0,147960750.0,41646.0
2018-03-19 09:15:00,18405.0,18435.0,18400.0,18425.0,1116.0,102756350.0,41960.0
2018-03-19 09:20:00,18425.0,18430.0,18380.0,18385.0,694.0,63855450.0,42084.0
2018-03-19 09:25:00,18385.0,18435.0,18380.0,18435.0,678.0,62400550.0,42160.0
2018-03-19 09:30:00,18430.0,18430.0,18410.0,18425.0,256.0,23583550.0,42194.0
2018-03-19 09:35:00,18430.0,18460.0,18425.0,18460.0,374.0,34482150.0,42192.0
2018-03-19 09:40:00,18460.0,18465.0,18455.0,18455.0,346.0,31933200.0,42244.0
2018-03-19 09:45:00,18460.0,18465.0,18455.0,18460.0,264.0,24364650.0,42280.0
2018-03-19 09:50:00,18460.0,18480.0,18450.0,18480.0,410.0,37851400.0,42374.0
2018-03-19 09:55:00,18480.0,18480.0,18455.0,18465.0,336.0,31023000.0,42434.0
2018-03-19 10:00:00,18470.0,18480.0,18460.0,18475.0,296.0,27339850.0,42542.0
2018-03-19 10:05:00,18470.0,18475.0,18445.0,18445.0,246.0,22704850.0,42538.0
2018-03-19 10:10:00,18445.0,18455.0,18440.0,18445.0,204.0,18816050.0,42512.0
2018-03-19 10:30:00,18445.0,18445.0,18425.0,18445.0,404.0,37244300.0,42484.0
2018-03-19 10:35:00,18445.0,18450.0,18430.0,18435.0,348.0,32080250.0,42448.0
2018-03-19 10:40:00,18435.0,18450.0,18430.0,18450.0,280.0,25813250.0,42506.0
2018-03-19 10:45:00,18450.0,18460.0,18450.0,18455.0,138.0,12733900.0,42464.0
2018-03-19 10:50:00,18455.0,18455.0,18435.0,18440.0,238.0,21948000.0,42494.0
2018-03-19 10:55:00,18435.0,18440.0,18430.0,18440.0,246.0,22676500.0,42460.0
2018-03-19 11:00:00,18440.0,18465.0,18435.0,18450.0,260.0,23985300.0,42414.0
2018-03-19 11:05:00,18455.0,18470.0,18445.0,18465.0,298.0,27501500.0,42342.0
2018-03-19 11:10:00,18470.0,18475.0,18460.0,18460.0,284.0,26223800.0,42264.0
2018-03-19 11:15:00,18465.0,18475.0,18455.0,18465.0,460.0,42468550.0,42170.0
2018-03-19 11:20:00,18465.0,18475.0,18465.0,18475.0,124.0,11450550.0,42144.0
2018-03-19 11:25:00,18470.0,18480.0,18455.0,18455.0,178.0,16437250.0,42106.0
2018-03-19 13:30:00,18450.0,18450.0,18385.0,18390.0,1358.0,125076900.0,42130.0
2018-03-19 13:35:00,18395.0,18410.0,18385.0,18410.0,494.0,45439750.0,42374.0
2018-03-19 13:40:00,18410.0,18410.0,18365.0,18385.0,1134.0,104230650.0,42532.0
2018-03-19 13:45:00,18380.0,18390.0,18380.0,18380.0,298.0,27394800.0,42470.0
2018-03-19 13:50:00,18380.0,18385.0,18350.0,18370.0,1234.0,113291850.0,42556.0
2018-03-19 13:55:00,18370.0,18375.0,18350.0,18375.0,712.0,65360400.0,42622.0
2018-03-19 14:00:00,18375.0,18380.0,18365.0,18375.0,392.0,36010700.0,42682.0
2018-03-19 14:05:00,18375.0,18380.0,18345.0,18355.0,438.0,40204750.0,42764.0
2018-03-19 14:10:00,18350.0,18360.0,18350.0,18355.0,316.0,28996200.0,42872.0
2018-03-19 14:15:00,18350.0,18355.0,18340.0,18345.0,528.0,48435550.0,42812.0
2018-03-19 14:20:00,18345.0,18350.0,18325.0,18345.0,594.0,54463800.0,42734.0
2018-03-19 14:25:00,18345.0,18345.0,18335.0,18335.0,272.0,24942850.0,42748.0
2018-03-19 14:30:00,18340.0,18340.0,18315.0,18320.0,484.0,44343300.0,42868.0
2018-03-19 14:35:00,18320.0,18325.0,18305.0,18320.0,960.0,87903550.0,42952.0
2018-03-19 14:40:00,18315.0,18340.0,18310.0,18330.0,942.0,86303050.0,43056.0
2018-03-19 14:45:00,18330.0,18355.0,18325.0,18345.0,752.0,68938700.0,43058.0
2018-03-19 14:50:00,18340.0,18360.0,18330.0,18350.0,522.0,47881550.0,43176.0
2018-03-19 14:55:00,18345.0,18350.0,18335.0,18345.0,1214.0,111348250.0,43090.0
2018-03-19 21:00:00,18330.0,18360.0,18310.0,18355.0,1246.0,114278200.0,43212.0
2018-03-19 21:05:00,18360.0,18360.0,18315.0,18345.0,672.0,61613150.0,43206.0
2018-03-19 21:10:00,18345.0,18345.0,18325.0,18345.0,392.0,35941150.0,43264.0
2018-03-19 21:15:00,18350.0,18395.0,18350.0,18355.0,942.0,86517850.0,43168.0
2018-03-19 21:20:00,18355.0,18390.0,18355.0,18385.0,814.0,74788300.0,43108.0
2018-03-19 21:25:00,18380.0,18435.0,18380.0,18430.0,1178.0,108459150.0,42958.0
2018-03-19 21:30:00,18425.0,18435.0,18415.0,18415.0,648.0,59684400.0,43008.0
2018-03-19 21:35:00,18415.0,18415.0,18375.0,18390.0,586.0,53893700.0,43032.0
2018-03-19 21:40:00,18390.0,18390.0,18370.0,18370.0,218.0,20034900.0,42978.0
2018-03-19 21:45:00,18370.0,18390.0,18360.0,18385.0,398.0,36565150.0,42900.0
2018-03-19 21:50:00,18385.0,18395.0,18380.0,18390.0,242.0,22250100.0,42894.0
2018-03-19 21:55:00,18390.0,18405.0,18375.0,18405.0,400.0,36783050.0,42854.0
2018-03-19 22:00:00,18395.0,18395.0,18385.0,18390.0,238.0,21882200.0,42852.0
2018-03-19 22:05:00,18380.0,18390.0,18375.0,18385.0,256.0,23531300.0,42850.0
2018-03-19 22:10:00,18385.0,18435.0,18380.0,18420.0,1000.0,92050450.0,42844.0
2018-03-19 22:15:00,18425.0,18435.0,18415.0,18420.0,690.0,63566300.0,42910.0
2018-03-19 22:20:00,18420.0,18420.0,18400.0,18410.0,256.0,23564050.0,42942.0
2018-03-19 22:25:00,18405.0,18420.0,18405.0,18405.0,318.0,29275700.0,42970.0
2018-03-19 22:30:00,18410.0,18410.0,18405.0,18405.0,108.0,9940150.0,42948.0
2018-03-19 22:35:00,18400.0,18415.0,18400.0,18405.0,246.0,22639500.0,42952.0
2018-03-19 22:40:00,18405.0,18415.0,18395.0,18410.0,326.0,30001450.0,42916.0
2018-03-19 22:45:00,18410.0,18415.0,18395.0,18405.0,310.0,28524600.0,42900.0
2018-03-19 22:50:00,18405.0,18410.0,18390.0,18390.0,372.0,34228050.0,42890.0
2018-03-19 22:55:00,18390.0,18400.0,18380.0,18380.0,432.0,39728150.0,42822.0
2018-03-19 23:00:00,18380.0,18415.0,18365.0,18405.0,616.0,56640600.0,42862.0
2018-03-19 23:05:00,18405.0,18410.0,18385.0,18395.0,386.0,35501550.0,42884.0
2018-03-19 23:10:00,18390.0,18395.0,18375.0,18390.0,242.0,22248450.0,42846.0
2018-03-19 23:15:00,18385.0,18390.0,18380.0,18390.0,94.0,8640650.0,42842.0
2018-03-19 23:20:00,18385.0,18400.0,18380.0,18385.0,262.0,24088000.0,42854.0
2018-03-19 23:25:00,18380.0,18395.0,18375.0,18385.0,206.0,18938550.0,42934.0
2018-03-19 23:30:00,18385.0,18385.0,18355.0,18370.0,334.0,30674100.0,43008.0
2018-03-19 23:35:00,18370.0,18375.0,18360.0,18365.0,272.0,24979350.0,43008.0
2018-03-19 23:40:00,18365.0,18385.0,18360.0,18375.0,222.0,20396650.0,43008.0
2018-03-19 23:45:00,18375.0,18395.0,18375.0,18385.0,222.0,20408950.0,43054.0
2018-03-19 23:50:00,18380.0,18395.0,18375.0,18390.0,168.0,15441550.0,43088.0
2018-03-19 23:55:00,18390.0,18390.0,18385.0,18385.0,48.0,4413150.0,43078.0
2018-03-20 00:00:00,18385.0,18410.0,18385.0,18410.0,346.0,31828850.0,43126.0
2018-03-20 00:05:00,18415.0,18425.0,18405.0,18415.0,574.0,52853150.0,43246.0
2018-03-20 00:10:00,18415.0,18445.0,18415.0,18430.0,638.0,58802700.0,43382.0
2018-03-20 00:15:00,18420.0,18430.0,18410.0,18420.0,252.0,23213050.0,43382.0
2018-03-20 00:20:00,18425.0,18435.0,18415.0,18415.0,144.0,13265400.0,43454.0
2018-03-20 00:25:00,18415.0,18420.0,18410.0,18420.0,54.0,4971650.0,43466.0
2018-03-20 00:30:00,18415.0,18425.0,18415.0,18420.0,156.0,14367700.0,43478.0
2018-03-20 00:35:00,18420.0,18435.0,18405.0,18410.0,188.0,17316750.0,43484.0
2018-03-20 00:40:00,18410.0,18415.0,18400.0,18400.0,52.0,4785900.0,43478.0
2018-03-20 00:45:00,18400.0,18410.0,18400.0,18410.0,36.0,3312900.0,43462.0
2018-03-20 00:50:00,18410.0,18410.0,18395.0,18400.0,116.0,10673350.0,43466.0
2018-03-20 00:55:00,18400.0,18420.0,18395.0,18415.0,348.0,32030300.0,43268.0
2018-03-20 09:00:00,18400.0,18435.0,18390.0,18425.0,762.0,70163550.0,43312.0
2018-03-20 09:05:00,18425.0,18445.0,18420.0,18445.0,686.0,63217250.0,43534.0
2018-03-20 09:10:00,18440.0,18440.0,18415.0,18420.0,340.0,31322700.0,43528.0
2018-03-20 09:15:00,18415.0,18415.0,18390.0,18400.0,446.0,41044100.0,43592.0
2018-03-20 09:20:00,18395.0,18400.0,18385.0,18390.0,298.0,27403250.0,43598.0
2018-03-20 09:25:00,18385.0,18390.0,18345.0,18390.0,990.0,90926400.0,43648.0
2018-03-20 09:30:00,18385.0,18395.0,18380.0,18385.0,218.0,20042350.0,43654.0
2018-03-20 09:35:00,18380.0,18385.0,18370.0,18370.0,310.0,28482500.0,43658.0
2018-03-20 09:40:00,18375.0,18380.0,18360.0,18375.0,462.0,42436900.0,43604.0
2018-03-20 09:45:00,18375.0,18380.0,18370.0,18375.0,146.0,13414500.0,43570.0
2018-03-20 09:50:00,18375.0,18375.0,18340.0,18345.0,306.0,28085650.0,43506.0
2018-03-20 09:55:00,18345.0,18355.0,18340.0,18350.0,208.0,19080700.0,43508.0
2018-03-20 10:00:00,18345.0,18345.0,18315.0,18330.0,620.0,56827550.0,43550.0
2018-03-20 10:05:00,18325.0,18340.0,18325.0,18325.0,276.0,25295400.0,43522.0
2018-03-20 10:10:00,18325.0,18340.0,18315.0,18330.0,636.0,58283350.0,43500.0
2018-03-20 10:30:00,18320.0,18335.0,18320.0,18335.0,680.0,62319800.0,43668.0
2018-03-20 10:35:00,18335.0,18345.0,18335.0,18340.0,234.0,21456150.0,43674.0
2018-03-20 10:40:00,18340.0,18350.0,18340.0,18345.0,154.0,14125550.0,43646.0
2018-03-20 10:45:00,18340.0,18345.0,18335.0,18340.0,250.0,22922900.0,43658.0
2018-03-20 10:50:00,18345.0,18345.0,18310.0,18315.0,402.0,36843950.0,43648.0
2018-03-20 10:55:00,18315.0,18320.0,18285.0,18285.0,778.0,71200200.0,43824.0
2018-03-20 11:00:00,18285.0,18305.0,18265.0,18305.0,858.0,78445950.0,43676.0
2018-03-20 11:05:00,18310.0,18315.0,18295.0,18300.0,424.0,38808750.0,43590.0
2018-03-20 11:10:00,18295.0,18295.0,18260.0,18260.0,680.0,62125000.0,43652.0
2018-03-20 11:15:00,18260.0,18290.0,18250.0,18270.0,1064.0,97177950.0,43668.0
2018-03-20 11:20:00,18270.0,18295.0,18260.0,18285.0,478.0,43684250.0,43544.0
2018-03-20 11:25:00,18290.0,18305.0,18250.0,18280.0,1046.0,95586650.0,43260.0
2018-03-20 13:30:00,18290.0,18340.0,18290.0,18310.0,1122.0,102755600.0,43220.0
2018-03-20 13:35:00,18315.0,18340.0,18295.0,18340.0,802.0,73450500.0,42960.0
2018-03-20 13:40:00,18345.0,18360.0,18300.0,18315.0,706.0,64702700.0,42770.0
2018-03-20 13:45:00,18315.0,18325.0,18295.0,18300.0,404.0,36987850.0,42706.0
2018-03-20 13:50:00,18300.0,18305.0,18285.0,18290.0,238.0,21768350.0,42666.0
2018-03-20 13:55:00,18295.0,18300.0,18265.0,18275.0,300.0,27418700.0,42686.0
2018-03-20 14:00:00,18275.0,18275.0,18255.0,18275.0,464.0,42369950.0,42700.0
2018-03-20 14:05:00,18275.0,18320.0,18275.0,18310.0,780.0,71350300.0,42346.0
2018-03-20 14:10:00,18310.0,18335.0,18295.0,18315.0,958.0,87725950.0,42448.0
2018-03-20 14:15:00,18310.0,18330.0,18305.0,18315.0,648.0,59356800.0,42350.0
2018-03-20 14:20:00,18315.0,18340.0,18315.0,18330.0,520.0,47650750.0,42252.0
2018-03-20 14:25:00,18335.0,18350.0,18320.0,18345.0,416.0,38139450.0,42254.0
2018-03-20 14:30:00,18340.0,18345.0,18320.0,18335.0,452.0,41442250.0,42374.0
2018-03-20 14:35:00,18325.0,18340.0,18315.0,18335.0,394.0,36105750.0,42340.0
2018-03-20 14:40:00,18335.0,18345.0,18325.0,18340.0,332.0,30433850.0,42310.0
2018-03-20 14:45:00,18345.0,18350.0,18320.0,18320.0,584.0,53550150.0,42348.0
2018-03-20 14:50:00,18315.0,18330.0,18315.0,18320.0,488.0,44703200.0,42364.0
2018-03-20 14:55:00,18320.0,18335.0,18315.0,18325.0,658.0,60291250.0,42092.0
2018-03-20 21:00:00,18380.0,18380.0,18280.0,18295.0,1430.0,130979800.0,42336.0
2018-03-20 21:05:00,18300.0,18305.0,18210.0,18225.0,1870.0,170613750.0,42776.0
2018-03-20 21:10:00,18220.0,18235.0,18175.0,18190.0,1662.0,151338950.0,43078.0
2018-03-20 21:15:00,18185.0,18205.0,18170.0,18190.0,1354.0,123126350.0,43294.0
2018-03-20 21:20:00,18190.0,18225.0,18180.0,18220.0,1230.0,111999550.0,43612.0
2018-03-20 21:25:00,18220.0,18245.0,18205.0,18240.0,582.0,53030850.0,43698.0
2018-03-20 21:30:00,18240.0,18245.0,18170.0,18190.0,1124.0,102291600.0,43910.0
2018-03-20 21:35:00,18190.0,18210.0,18175.0,18210.0,714.0,64941800.0,43850.0
2018-03-20 21:40:00,18210.0,18220.0,18195.0,18195.0,336.0,30587650.0,43890.0
2018-03-20 21:45:00,18200.0,18215.0,18150.0,18165.0,1176.0,106864150.0,44014.0
2018-03-20 21:50:00,18170.0,18210.0,18170.0,18190.0,460.0,41838450.0,43980.0
2018-03-20 21:55:00,18185.0,18200.0,18185.0,18190.0,144.0,13099450.0,43996.0
2018-03-20 22:00:00,18185.0,18225.0,18185.0,18220.0,902.0,82098400.0,44266.0
2018-03-20 22:05:00,18220.0,18230.0,18220.0,18225.0,362.0,32985550.0,44314.0
2018-03-20 22:10:00,18220.0,18225.0,18215.0,18225.0,304.0,27697900.0,44390.0
2018-03-20 22:15:00,18225.0,18245.0,18225.0,18235.0,840.0,76590500.0,44300.0
2018-03-20 22:20:00,18230.0,18235.0,18205.0,18220.0,352.0,32062450.0,44256.0
2018-03-20 22:25:00,18215.0,18235.0,18210.0,18220.0,220.0,20043150.0,44242.0
2018-03-20 22:30:00,18220.0,18235.0,18220.0,18230.0,232.0,21145200.0,44254.0
2018-03-20 22:35:00,18230.0,18240.0,18220.0,18235.0,384.0,35002350.0,44206.0
2018-03-20 22:40:00,18235.0,18240.0,18225.0,18230.0,104.0,9481000.0,44216.0
2018-03-20 22:45:00,18230.0,18270.0,18230.0,18250.0,1128.0,102918950.0,44412.0
2018-03-20 22:50:00,18250.0,18250.0,18210.0,18220.0,516.0,47027050.0,44420.0
2018-03-20 22:55:00,18215.0,18235.0,18210.0,18235.0,180.0,16399550.0,44418.0
2018-03-20 23:00:00,18230.0,18235.0,18220.0,18225.0,238.0,21692600.0,44490.0
2018-03-20 23:05:00,18220.0,18240.0,18215.0,18230.0,328.0,29886950.0,44478.0
2018-03-20 23:10:00,18230.0,18285.0,18220.0,18260.0,908.0,82899900.0,44550.0
2018-03-20 23:15:00,18265.0,18265.0,18240.0,18255.0,276.0,25191200.0,44506.0
2018-03-20 23:20:00,18255.0,18265.0,18235.0,18235.0,244.0,22263600.0,44506.0
2018-03-20 23:25:00,18245.0,18245.0,18230.0,18230.0,264.0,24069650.0,44530.0
2018-03-20 23:30:00,18230.0,18240.0,18225.0,18225.0,246.0,22428800.0,44554.0
2018-03-20 23:35:00,18230.0,18235.0,18220.0,18220.0,236.0,21506350.0,44612.0
2018-03-20 23:40:00,18220.0,18235.0,18220.0,18230.0,100.0,9114250.0,44614.0
2018-03-20 23:45:00,18240.0,18240.0,18195.0,18215.0,380.0,34603350.0,44668.0
2018-03-20 23:50:00,18215.0,18215.0,18205.0,18215.0,72.0,6555900.0,44678.0
2018-03-20 23:55:00,18210.0,18215.0,18205.0,18215.0,106.0,9651050.0,44682.0
2018-03-21 00:00:00,18210.0,18225.0,18210.0,18220.0,70.0,6377000.0,44684.0
2018-03-21 00:05:00,18225.0,18240.0,18225.0,18235.0,120.0,10939300.0,44670.0
2018-03-21 00:10:00,18235.0,18250.0,18220.0,18245.0,260.0,23706450.0,44638.0
2018-03-21 00:15:00,18250.0,18250.0,18230.0,18240.0,108.0,9849850.0,44622.0
2018-03-21 00:20:00,18235.0,18235.0,18220.0,18225.0,136.0,12395000.0,44590.0
2018-03-21 00:25:00,18225.0,18235.0,18225.0,18235.0,42.0,3828050.0,44570.0
2018-03-21 00:30:00,18230.0,18240.0,18230.0,18230.0,44.0,4011400.0,44590.0
2018-03-21 00:35:00,18230.0,18235.0,18230.0,18235.0,8.0,729300.0,44588.0
2018-03-21 00:40:00,18230.0,18230.0,18225.0,18230.0,32.0,2916400.0,44590.0
2018-03-21 00:45:00,18230.0,18235.0,18225.0,18225.0,40.0,3645750.0,44582.0
2018-03-21 00:50:00,18220.0,18255.0,18220.0,18250.0,134.0,12220400.0,44566.0
2018-03-21 00:55:00,18255.0,18255.0,18235.0,18255.0,544.0,49634850.0,44388.0
2018-03-21 09:00:00,18245.0,18300.0,18230.0,18275.0,1612.0,147263050.0,44252.0
2018-03-21 09:05:00,18275.0,18275.0,18250.0,18260.0,492.0,44923150.0,44222.0
2018-03-21 09:10:00,18260.0,18275.0,18255.0,18275.0,406.0,37082500.0,44334.0
2018-03-21 09:15:00,18280.0,18300.0,18265.0,18290.0,736.0,67268850.0,44572.0
2018-03-21 09:20:00,18290.0,18305.0,18280.0,18290.0,676.0,61827950.0,44626.0
2018-03-21 09:25:00,18295.0,18315.0,18280.0,18295.0,486.0,44461500.0,44646.0
2018-03-21 09:30:00,18295.0,18375.0,18275.0,18370.0,1872.0,171590700.0,44994.0
2018-03-21 09:35:00,18370.0,18420.0,18365.0,18400.0,2348.0,215954850.0,45404.0
2018-03-21 09:40:00,18400.0,18405.0,18350.0,18350.0,1222.0,112260100.0,45354.0
2018-03-21 09:45:00,18355.0,18375.0,18340.0,18350.0,764.0,70132600.0,45234.0
2018-03-21 09:50:00,18350.0,18390.0,18330.0,18385.0,974.0,89403450.0,45272.0
2018-03-21 09:55:00,18390.0,18390.0,18350.0,18350.0,430.0,39488650.0,45320.0
2018-03-21 10:00:00,18355.0,18395.0,18350.0,18380.0,496.0,45574300.0,45332.0
2018-03-21 10:05:00,18380.0,18415.0,18380.0,18415.0,666.0,61255050.0,45502.0
2018-03-21 10:10:00,18415.0,18415.0,18365.0,18370.0,772.0,70971050.0,45704.0
2018-03-21 10:30:00,18375.0,18395.0,18370.0,18380.0,454.0,41735050.0,45764.0
2018-03-21 10:35:00,18385.0,18390.0,18380.0,18390.0,226.0,20777500.0,45812.0
2018-03-21 10:40:00,18385.0,18395.0,18365.0,18375.0,574.0,52742750.0,45870.0
2018-03-21 10:45:00,18375.0,18385.0,18365.0,18375.0,654.0,60087800.0,45984.0
2018-03-21 10:50:00,18375.0,18390.0,18370.0,18380.0,384.0,35289300.0,46058.0
2018-03-21 10:55:00,18380.0,18380.0,18370.0,18370.0,192.0,17640400.0,46062.0
2018-03-21 11:00:00,18375.0,18380.0,18365.0,18370.0,238.0,21864450.0,46054.0
2018-03-21 11:05:00,18370.0,18375.0,18330.0,18335.0,730.0,66968600.0,45894.0
2018-03-21 11:10:00,18335.0,18350.0,18325.0,18345.0,550.0,50418450.0,45894.0
2018-03-21 11:15:00,18345.0,18360.0,18345.0,18350.0,308.0,28258400.0,45978.0
2018-03-21 11:20:00,18350.0,18355.0,18335.0,18350.0,212.0,19445550.0,45928.0
2018-03-21 11:25:00,18345.0,18345.0,18325.0,18330.0,846.0,77540600.0,45588.0
2018-03-21 13:30:00,18330.0,18330.0,18300.0,18300.0,1134.0,103814600.0,45608.0
2018-03-21 13:35:00,18300.0,18325.0,18300.0,18305.0,510.0,46691500.0,45530.0
2018-03-21 13:40:00,18305.0,18330.0,18305.0,18310.0,356.0,32603600.0,45426.0
2018-03-21 13:45:00,18310.0,18325.0,18305.0,18315.0,408.0,37361650.0,45390.0
2018-03-21 13:50:00,18315.0,18315.0,18290.0,18305.0,928.0,84919650.0,45422.0
2018-03-21 13:55:00,18310.0,18345.0,18305.0,18335.0,374.0,34265850.0,45420.0
2018-03-21 14:00:00,18335.0,18345.0,18330.0,18330.0,282.0,25857700.0,45468.0
2018-03-21 14:05:00,18330.0,18335.0,18315.0,18325.0,534.0,48930500.0,45652.0
2018-03-21 14:10:00,18320.0,18335.0,18315.0,18330.0,444.0,40684500.0,45790.0
2018-03-21 14:15:00,18335.0,18370.0,18330.0,18365.0,506.0,46423100.0,45826.0
2018-03-21 14:20:00,18370.0,18380.0,18360.0,18360.0,596.0,54747850.0,46028.0
2018-03-21 14:25:00,18365.0,18370.0,18350.0,18355.0,258.0,23687100.0,46068.0
2018-03-21 14:30:00,18360.0,18370.0,18360.0,18370.0,282.0,25896800.0,46112.0
2018-03-21 14:35:00,18375.0,18375.0,18340.0,18345.0,364.0,33407150.0,46170.0
2018-03-21 14:40:00,18345.0,18350.0,18335.0,18340.0,340.0,31181150.0,46156.0
2018-03-21 14:45:00,18340.0,18350.0,18330.0,18330.0,432.0,39614650.0,46156.0
2018-03-21 14:50:00,18335.0,18355.0,18335.0,18345.0,964.0,88418500.0,46010.0
2018-03-21 14:55:00,18350.0,18355.0,18325.0,18355.0,854.0,78293850.0,45806.0
2018-03-21 21:00:00,18450.0,18450.0,18390.0,18430.0,2330.0,214522900.0,46196.0
2018-03-21 21:05:00,18425.0,18480.0,18405.0,18450.0,2918.0,269081450.0,47390.0
2018-03-21 21:10:00,18450.0,18455.0,18440.0,18445.0,1450.0,133767150.0,47860.0
2018-03-21 21:15:00,18445.0,18455.0,18420.0,18420.0,706.0,65096050.0,47844.0
2018-03-21 21:20:00,18420.0,18480.0,18420.0,18475.0,848.0,78255600.0,47966.0
2018-03-21 21:25:00,18480.0,18510.0,18475.0,18510.0,1696.0,156841500.0,48508.0
2018-03-21 21:30:00,18510.0,18530.0,18500.0,18505.0,1302.0,120517600.0,48450.0
2018-03-21 21:35:00,18505.0,18535.0,18500.0,18535.0,790.0,73138950.0,48568.0
2018-03-21 21:40:00,18540.0,18560.0,18535.0,18555.0,2028.0,188098400.0,48974.0
2018-03-21 21:45:00,18550.0,18585.0,18540.0,18560.0,1544.0,143284250.0,49420.0
2018-03-21 21:50:00,18560.0,18560.0,18530.0,18550.0,1726.0,160048600.0,49908.0
2018-03-21 21:55:00,18545.0,18550.0,18535.0,18540.0,344.0,31893750.0,49864.0
2018-03-21 22:00:00,18540.0,18545.0,18515.0,18535.0,560.0,51876250.0,49854.0
2018-03-21 22:05:00,18540.0,18540.0,18520.0,18530.0,332.0,30751050.0,49856.0
2018-03-21 22:10:00,18530.0,18575.0,18520.0,18545.0,896.0,83063100.0,50086.0
2018-03-21 22:15:00,18540.0,18550.0,18530.0,18535.0,300.0,27809650.0,50112.0
2018-03-21 22:20:00,18540.0,18540.0,18520.0,18525.0,336.0,31130800.0,50134.0
2018-03-21 22:25:00,18525.0,18535.0,18515.0,18520.0,374.0,34642450.0,50154.0
2018-03-21 22:30:00,18525.0,18545.0,18520.0,18545.0,416.0,38549350.0,50146.0
2018-03-21 22:35:00,18540.0,18540.0,18535.0,18535.0,184.0,17054700.0,50146.0
2018-03-21 22:40:00,18535.0,18540.0,18520.0,18525.0,486.0,45026450.0,50202.0
2018-03-21 22:45:00,18520.0,18530.0,18505.0,18525.0,442.0,40922350.0,50162.0
2018-03-21 22:50:00,18530.0,18540.0,18520.0,18530.0,252.0,23349350.0,50150.0
2018-03-21 22:55:00,18525.0,18535.0,18520.0,18530.0,276.0,25567500.0,50146.0
2018-03-21 23:00:00,18535.0,18535.0,18520.0,18520.0,286.0,26492300.0,50172.0
2018-03-21 23:05:00,18520.0,18530.0,18515.0,18530.0,166.0,15376000.0,50198.0
2018-03-21 23:10:00,18525.0,18540.0,18520.0,18540.0,226.0,20938850.0,50176.0
2018-03-21 23:15:00,18540.0,18550.0,18525.0,18530.0,282.0,26142450.0,50172.0
2018-03-21 23:20:00,18530.0,18545.0,18525.0,18545.0,182.0,16868900.0,50160.0
2018-03-21 23:25:00,18545.0,18585.0,18545.0,18575.0,944.0,87634300.0,50290.0
2018-03-21 23:30:00,18580.0,18600.0,18570.0,18595.0,1040.0,96637850.0,50468.0
2018-03-21 23:35:00,18600.0,18750.0,18595.0,18745.0,5352.0,500281250.0,50702.0
2018-03-21 23:40:00,18745.0,18755.0,18690.0,18705.0,1404.0,131337350.0,50678.0
2018-03-21 23:45:00,18710.0,18710.0,18675.0,18685.0,1284.0,119984700.0,50774.0
2018-03-21 23:50:00,18680.0,18695.0,18665.0,18665.0,672.0,62775350.0,50870.0
2018-03-21 23:55:00,18665.0,18705.0,18665.0,18685.0,730.0,68214400.0,51008.0
2018-03-22 00:00:00,18685.0,18700.0,18685.0,18690.0,374.0,34957200.0,51022.0
2018-03-22 00:05:00,18690.0,18725.0,18690.0,18715.0,1298.0,121447800.0,51554.0
2018-03-22 00:10:00,18715.0,18740.0,18710.0,18725.0,828.0,77512250.0,51730.0
2018-03-22 00:15:00,18725.0,18760.0,18715.0,18725.0,1308.0,122560700.0,51828.0
2018-03-22 00:20:00,18725.0,18740.0,18720.0,18720.0,364.0,34087450.0,51784.0
2018-03-22 00:25:00,18720.0,18725.0,18710.0,18725.0,570.0,53347600.0,51614.0
2018-03-22 00:30:00,18725.0,18730.0,18720.0,18725.0,338.0,31640750.0,51650.0
2018-03-22 00:35:00,18725.0,18725.0,18715.0,18720.0,214.0,20031750.0,51668.0
2018-03-22 00:40:00,18725.0,18740.0,18725.0,18735.0,190.0,17793750.0,51612.0
2018-03-22 00:45:00,18735.0,18735.0,18685.0,18705.0,442.0,41342350.0,51510.0
2018-03-22 00:50:00,18705.0,18730.0,18705.0,18710.0,350.0,32755400.0,51398.0
2018-03-22 00:55:00,18710.0,18735.0,18710.0,18725.0,472.0,44182650.0,51206.0
2018-03-22 09:00:00,18720.0,18735.0,18665.0,18665.0,1964.0,183580500.0,51102.0
2018-03-22 09:05:00,18665.0,18685.0,18650.0,18675.0,1954.0,182400300.0,50912.0
2018-03-22 09:10:00,18680.0,18685.0,18630.0,18635.0,986.0,91954450.0,50838.0
2018-03-22 09:15:00,18640.0,18660.0,18630.0,18655.0,908.0,84656550.0,50706.0
2018-03-22 09:20:00,18655.0,18675.0,18645.0,18660.0,1152.0,107475750.0,50396.0
2018-03-22 09:25:00,18660.0,18690.0,18650.0,18680.0,826.0,77117350.0,50626.0
2018-03-22 09:30:00,18680.0,18680.0,18660.0,18670.0,446.0,41637450.0,50650.0
2018-03-22 09:35:00,18670.0,18675.0,18660.0,18665.0,388.0,36213250.0,50792.0
2018-03-22 09:40:00,18665.0,18670.0,18655.0,18665.0,248.0,23143100.0,50794.0
2018-03-22 09:45:00,18665.0,18685.0,18660.0,18670.0,398.0,37155550.0,50786.0
2018-03-22 09:50:00,18665.0,18675.0,18650.0,18660.0,312.0,29114400.0,50880.0
2018-03-22 09:55:00,18665.0,18670.0,18635.0,18670.0,514.0,47940250.0,50870.0
2018-03-22 10:00:00,18670.0,18675.0,18660.0,18675.0,310.0,28935800.0,50876.0
2018-03-22 10:05:00,18670.0,18680.0,18665.0,18675.0,284.0,26515050.0,50910.0
2018-03-22 10:10:00,18675.0,18680.0,18670.0,18675.0,144.0,13445500.0,50928.0
2018-03-22 10:30:00,18680.0,18680.0,18660.0,18660.0,580.0,54156150.0,50980.0
2018-03-22 10:35:00,18665.0,18665.0,18650.0,18660.0,384.0,35823000.0,50974.0
2018-03-22 10:40:00,18660.0,18670.0,18655.0,18660.0,372.0,34713500.0,51030.0
2018-03-22 10:45:00,18660.0,18680.0,18655.0,18680.0,396.0,36967400.0,51088.0
2018-03-22 10:50:00,18680.0,18680.0,18670.0,18670.0,410.0,38284600.0,51184.0
2018-03-22 10:55:00,18675.0,18680.0,18655.0,18670.0,384.0,35840500.0,51124.0
2018-03-22 11:00:00,18675.0,18680.0,18665.0,18670.0,334.0,31186400.0,51190.0
2018-03-22 11:05:00,18670.0,18670.0,18640.0,18640.0,644.0,60063850.0,51302.0
2018-03-22 11:10:00,18645.0,18665.0,18640.0,18665.0,354.0,33020000.0,51370.0
2018-03-22 11:15:00,18665.0,18675.0,18640.0,18655.0,412.0,38427650.0,51490.0
2018-03-22 11:20:00,18655.0,18670.0,18650.0,18660.0,310.0,28928600.0,51480.0
2018-03-22 11:25:00,18665.0,18680.0,18660.0,18680.0,188.0,17548250.0,51444.0
2018-03-22 13:30:00,18680.0,18685.0,18665.0,18680.0,908.0,84797100.0,51668.0
2018-03-22 13:35:00,18680.0,18700.0,18675.0,18700.0,788.0,73627500.0,51850.0
2018-03-22 13:40:00,18700.0,18765.0,18695.0,18750.0,2236.0,209414600.0,52302.0
2018-03-22 13:45:00,18750.0,18795.0,18745.0,18755.0,2888.0,271074650.0,52642.0
2018-03-22 13:50:00,18755.0,18765.0,18750.0,18755.0,830.0,77837450.0,52954.0
2018-03-22 13:55:00,18755.0,18770.0,18750.0,18770.0,794.0,74466100.0,53252.0
2018-03-22 14:00:00,18770.0,18800.0,18760.0,18795.0,1444.0,135580100.0,53742.0
2018-03-22 14:05:00,18795.0,18870.0,18795.0,18830.0,4640.0,436902450.0,55304.0
2018-03-22 14:10:00,18830.0,18870.0,18825.0,18840.0,2322.0,218833900.0,55558.0
2018-03-22 14:15:00,18840.0,18890.0,18840.0,18870.0,2554.0,240963600.0,56146.0
2018-03-22 14:20:00,18870.0,18875.0,18855.0,18870.0,1670.0,157534600.0,56722.0
2018-03-22 14:25:00,18870.0,18880.0,18850.0,18875.0,1678.0,158275600.0,56890.0
2018-03-22 14:30:00,18870.0,18920.0,18865.0,18880.0,3486.0,329349800.0,57226.0
2018-03-22 14:35:00,18880.0,18885.0,18845.0,18855.0,3290.0,310260850.0,57226.0
2018-03-22 14:40:00,18855.0,18870.0,18840.0,18845.0,896.0,84462700.0,57296.0
2018-03-22 14:45:00,18845.0,18865.0,18840.0,18860.0,986.0,92951650.0,57260.0
2018-03-22 14:50:00,18855.0,18860.0,18815.0,18815.0,1464.0,137897300.0,56746.0
2018-03-22 14:55:00,18825.0,18860.0,18805.0,18855.0,2092.0,196847600.0,55834.0
2018-03-22 21:00:00,18700.0,18785.0,18690.0,18780.0,5162.0,483252750.0,56128.0
2018-03-22 21:05:00,18775.0,18800.0,18705.0,18715.0,3182.0,298492950.0,56662.0
2018-03-22 21:10:00,18715.0,18770.0,18710.0,18740.0,1800.0,168654300.0,57020.0
2018-03-22 21:15:00,18740.0,18780.0,18740.0,18770.0,1498.0,140574250.0,57522.0
2018-03-22 21:20:00,18770.0,18770.0,18760.0,18765.0,536.0,50292350.0,57484.0
2018-03-22 21:25:00,18770.0,18785.0,18765.0,18770.0,714.0,67026600.0,57598.0
2018-03-22 21:30:00,18770.0,18770.0,18740.0,18745.0,1390.0,130324350.0,57720.0
2018-03-22 21:35:00,18740.0,18760.0,18740.0,18750.0,622.0,58313850.0,57788.0
2018-03-22 21:40:00,18750.0,18755.0,18740.0,18750.0,510.0,47806150.0,57846.0
2018-03-22 21:45:00,18750.0,18765.0,18745.0,18760.0,860.0,80655750.0,58116.0
2018-03-22 21:50:00,18755.0,18760.0,18735.0,18740.0,320.0,29991550.0,58100.0
2018-03-22 21:55:00,18745.0,18750.0,18735.0,18735.0,424.0,39736200.0,58010.0
2018-03-22 22:00:00,18730.0,18735.0,18700.0,18715.0,1360.0,127306650.0,57594.0
2018-03-22 22:05:00,18715.0,18720.0,18680.0,18695.0,1366.0,127725900.0,57252.0
2018-03-22 22:10:00,18695.0,18715.0,18690.0,18710.0,574.0,53675700.0,57138.0
2018-03-22 22:15:00,18710.0,18720.0,18695.0,18705.0,578.0,54055900.0,57108.0
2018-03-22 22:20:00,18705.0,18710.0,18690.0,18695.0,394.0,36834350.0,57040.0
2018-03-22 22:25:00,18690.0,18720.0,18690.0,18710.0,526.0,49198150.0,57038.0
2018-03-22 22:30:00,18710.0,18710.0,18665.0,18680.0,932.0,87067450.0,57014.0
2018-03-22 22:35:00,18680.0,18685.0,18665.0,18680.0,728.0,67969650.0,56804.0
2018-03-22 22:40:00,18680.0,18685.0,18665.0,18665.0,586.0,54720350.0,56882.0
2018-03-22 22:45:00,18665.0,18710.0,18660.0,18705.0,848.0,79211250.0,57014.0
2018-03-22 22:50:00,18700.0,18705.0,18680.0,18690.0,454.0,42431900.0,57084.0
2018-03-22 22:55:00,18695.0,18725.0,18695.0,18710.0,560.0,52384650.0,57134.0
2018-03-22 23:00:00,18700.0,18710.0,18685.0,18690.0,418.0,39073750.0,57180.0
2018-03-22 23:05:00,18690.0,18690.0,18650.0,18655.0,1316.0,122797350.0,57270.0
2018-03-22 23:10:00,18650.0,18665.0,18645.0,18660.0,864.0,80588500.0,57388.0
2018-03-22 23:15:00,18660.0,18660.0,18625.0,18625.0,1110.0,103470600.0,57558.0
2018-03-22 23:20:00,18630.0,18630.0,18590.0,18615.0,1882.0,175107200.0,57178.0
2018-03-22 23:25:00,18605.0,18635.0,18605.0,18610.0,744.0,69265800.0,57086.0
2018-03-22 23:30:00,18615.0,18615.0,18540.0,18545.0,2344.0,217501150.0,57170.0
2018-03-22 23:35:00,18550.0,18575.0,18545.0,18570.0,818.0,75924250.0,57150.0
2018-03-22 23:40:00,18565.0,18610.0,18565.0,18605.0,842.0,78238750.0,56990.0
2018-03-22 23:45:00,18600.0,18610.0,18585.0,18585.0,562.0,52249400.0,57046.0
2018-03-22 23:50:00,18580.0,18590.0,18575.0,18590.0,368.0,34188700.0,57132.0
2018-03-22 23:55:00,18590.0,18605.0,18585.0,18585.0,346.0,32172800.0,57124.0
2018-03-23 00:00:00,18585.0,18590.0,18580.0,18585.0,208.0,19329150.0,57142.0
2018-03-23 00:05:00,18585.0,18605.0,18585.0,18590.0,362.0,33656700.0,57164.0
2018-03-23 00:10:00,18590.0,18590.0,18555.0,18570.0,348.0,32313200.0,57182.0
2018-03-23 00:15:00,18570.0,18625.0,18565.0,18615.0,536.0,49822100.0,57210.0
2018-03-23 00:20:00,18615.0,18615.0,18590.0,18605.0,402.0,37384250.0,57266.0
2018-03-23 00:25:00,18605.0,18620.0,18600.0,18610.0,234.0,21775350.0,57318.0
2018-03-23 00:30:00,18610.0,18640.0,18610.0,18620.0,464.0,43211000.0,57318.0
2018-03-23 00:35:00,18625.0,18625.0,18610.0,18625.0,154.0,14335550.0,57300.0
2018-03-23 00:40:00,18620.0,18645.0,18615.0,18630.0,266.0,24778000.0,57332.0
2018-03-23 00:45:00,18625.0,18630.0,18615.0,18625.0,162.0,15085950.0,57274.0
2018-03-23 00:50:00,18625.0,18645.0,18625.0,18645.0,168.0,15652650.0,57288.0
2018-03-23 00:55:00,18640.0,18645.0,18630.0,18635.0,432.0,40255200.0,57052.0
2018-03-23 09:00:00,18645.0,18645.0,18565.0,18570.0,2606.0,242300100.0,56854.0
2018-03-23 09:05:00,18565.0,18575.0,18520.0,18535.0,2910.0,269786650.0,56700.0
2018-03-23 09:10:00,18535.0,18540.0,18460.0,18530.0,3396.0,314099650.0,56246.0
2018-03-23 09:15:00,18525.0,18560.0,18490.0,18505.0,1334.0,123579300.0,56034.0
2018-03-23 09:20:00,18510.0,18525.0,18475.0,18485.0,1476.0,136542050.0,55796.0
2018-03-23 09:25:00,18485.0,18490.0,18405.0,18405.0,1868.0,172283600.0,55552.0
2018-03-23 09:30:00,18410.0,18460.0,18285.0,18460.0,6462.0,593302100.0,53984.0
2018-03-23 09:35:00,18460.0,18490.0,18405.0,18470.0,1746.0,161016500.0,53938.0
2018-03-23 09:40:00,18465.0,18465.0,18420.0,18425.0,684.0,63067800.0,53982.0
2018-03-23 09:45:00,18420.0,18475.0,18415.0,18465.0,782.0,72141750.0,54002.0
2018-03-23 09:50:00,18465.0,18560.0,18455.0,18520.0,2338.0,216428450.0,53608.0
2018-03-23 09:55:00,18520.0,18595.0,18520.0,18550.0,1962.0,182127050.0,53440.0
2018-03-23 10:00:00,18550.0,18580.0,18520.0,18570.0,1080.0,100152500.0,53232.0
2018-03-23 10:05:00,18570.0,18575.0,18555.0,18555.0,694.0,64430000.0,53134.0
2018-03-23 10:10:00,18555.0,18565.0,18540.0,18540.0,690.0,64014800.0,53302.0
2018-03-23 10:30:00,18540.0,18540.0,18495.0,18505.0,878.0,81275950.0,53268.0
2018-03-23 10:35:00,18500.0,18545.0,18470.0,18525.0,1050.0,97135350.0,53134.0
2018-03-23 10:40:00,18525.0,18535.0,18485.0,18510.0,938.0,86789450.0,53068.0
2018-03-23 10:45:00,18510.0,18525.0,18485.0,18515.0,940.0,86972500.0,52978.0
2018-03-23 10:50:00,18515.0,18550.0,18500.0,18535.0,1002.0,92835550.0,53000.0
2018-03-23 10:55:00,18530.0,18550.0,18520.0,18535.0,524.0,48563750.0,52894.0
2018-03-23 11:00:00,18535.0,18550.0,18525.0,18535.0,732.0,67828150.0,52702.0
2018-03-23 11:05:00,18530.0,18530.0,18520.0,18525.0,292.0,27045550.0,52658.0
2018-03-23 11:10:00,18530.0,18530.0,18490.0,18505.0,614.0,56835150.0,52520.0
2018-03-23 11:15:00,18505.0,18520.0,18495.0,18505.0,414.0,38306450.0,52506.0
2018-03-23 11:20:00,18510.0,18515.0,18495.0,18500.0,326.0,30164000.0,52396.0
2018-03-23 11:25:00,18500.0,18525.0,18500.0,18515.0,444.0,41095400.0,52300.0
2018-03-23 13:30:00,18500.0,18500.0,18435.0,18450.0,1272.0,117396500.0,52000.0
2018-03-23 13:35:00,18445.0,18445.0,18410.0,18415.0,978.0,90098600.0,52070.0
2018-03-23 13:40:00,18410.0,18430.0,18385.0,18425.0,910.0,83732400.0,52192.0
2018-03-23 13:45:00,18425.0,18430.0,18405.0,18410.0,306.0,28183050.0,52164.0
2018-03-23 13:50:00,18410.0,18415.0,18400.0,18415.0,336.0,30929800.0,52068.0
2018-03-23 13:55:00,18415.0,18425.0,18380.0,18385.0,778.0,71594350.0,51776.0
2018-03-23 14:00:00,18380.0,18420.0,18380.0,18405.0,542.0,49872150.0,51708.0
2018-03-23 14:05:00,18410.0,18410.0,18375.0,18380.0,762.0,70048650.0,51540.0
2018-03-23 14:10:00,18385.0,18410.0,18365.0,18375.0,1146.0,105334600.0,51304.0
2018-03-23 14:15:00,18375.0,18395.0,18360.0,18380.0,700.0,64309500.0,51134.0
2018-03-23 14:20:00,18380.0,18440.0,18370.0,18415.0,1454.0,133836100.0,50884.0
2018-03-23 14:25:00,18410.0,18430.0,18395.0,18415.0,700.0,64447200.0,50886.0
2018-03-23 14:30:00,18420.0,18455.0,18415.0,18425.0,812.0,74837250.0,50860.0
2018-03-23 14:35:00,18430.0,18435.0,18410.0,18435.0,466.0,42921600.0,50884.0
2018-03-23 14:40:00,18435.0,18450.0,18420.0,18440.0,464.0,42766650.0,50860.0
2018-03-23 14:45:00,18440.0,18440.0,18415.0,18430.0,862.0,79407350.0,50592.0
2018-03-23 14:50:00,18435.0,18450.0,18425.0,18430.0,924.0,85174850.0,50496.0
2018-03-23 14:55:00,18430.0,18450.0,18425.0,18435.0,1022.0,94228250.0,50446.0
2018-03-23 21:00:00,18435.0,18485.0,18365.0,18375.0,2412.0,222208700.0,50462.0
2018-03-23 21:05:00,18380.0,18395.0,18340.0,18380.0,1512.0,138888000.0,50542.0
2018-03-23 21:10:00,18375.0,18410.0,18360.0,18410.0,1224.0,112478850.0,50594.0
2018-03-23 21:15:00,18415.0,18440.0,18390.0,18405.0,1282.0,118037300.0,50638.0
2018-03-23 21:20:00,18410.0,18420.0,18395.0,18395.0,710.0,65359900.0,50718.0
2018-03-23 21:25:00,18400.0,18415.0,18390.0,18395.0,362.0,33305000.0,50706.0
2018-03-23 21:30:00,18390.0,18410.0,18390.0,18395.0,464.0,42685250.0,50718.0
2018-03-23 21:35:00,18395.0,18400.0,18385.0,18395.0,420.0,38625300.0,50648.0
2018-03-23 21:40:00,18395.0,18410.0,18385.0,18395.0,530.0,48756050.0,50602.0
2018-03-23 21:45:00,18390.0,18410.0,18370.0,18410.0,618.0,56827650.0,50518.0
2018-03-23 21:50:00,18405.0,18425.0,18395.0,18420.0,576.0,53030700.0,50478.0
2018-03-23 21:55:00,18420.0,18455.0,18410.0,18420.0,476.0,43866750.0,50506.0
2018-03-23 22:00:00,18420.0,18490.0,18420.0,18470.0,1242.0,114647400.0,50410.0
2018-03-23 22:05:00,18470.0,18515.0,18460.0,18490.0,1150.0,106313700.0,50162.0
2018-03-23 22:10:00,18485.0,18490.0,18455.0,18470.0,298.0,27523650.0,50176.0
2018-03-23 22:15:00,18470.0,18480.0,18445.0,18445.0,266.0,24549600.0,50186.0
2018-03-23 22:20:00,18445.0,18475.0,18445.0,18475.0,248.0,22887200.0,50216.0
2018-03-23 22:25:00,18470.0,18485.0,18450.0,18460.0,378.0,34895800.0,50270.0
2018-03-23 22:30:00,18455.0,18470.0,18445.0,18465.0,234.0,21590750.0,50290.0
2018-03-23 22:35:00,18465.0,18465.0,18445.0,18445.0,266.0,24546700.0,50270.0
2018-03-23 22:40:00,18445.0,18515.0,18440.0,18515.0,820.0,75772600.0,50400.0
2018-03-23 22:45:00,18515.0,18545.0,18495.0,18535.0,1116.0,103339750.0,50608.0
2018-03-23 22:50:00,18540.0,18550.0,18525.0,18540.0,1242.0,115134700.0,50710.0
2018-03-23 22:55:00,18540.0,18540.0,18490.0,18505.0,596.0,55169450.0,50658.0
2018-03-23 23:00:00,18505.0,18535.0,18505.0,18525.0,426.0,39454550.0,50658.0
2018-03-23 23:05:00,18525.0,18535.0,18490.0,18495.0,406.0,37592150.0,50744.0
2018-03-23 23:10:00,18495.0,18505.0,18480.0,18490.0,454.0,41973500.0,50706.0
2018-03-23 23:15:00,18490.0,18495.0,18465.0,18490.0,352.0,32524600.0,50706.0
2018-03-23 23:20:00,18495.0,18500.0,18485.0,18485.0,186.0,17198350.0,50712.0
2018-03-23 23:25:00,18485.0,18500.0,18485.0,18485.0,214.0,19786700.0,50732.0
2018-03-23 23:30:00,18485.0,18485.0,18435.0,18440.0,1016.0,93767750.0,50718.0
2018-03-23 23:35:00,18440.0,18450.0,18435.0,18445.0,392.0,36150800.0,50738.0
2018-03-23 23:40:00,18445.0,18450.0,18435.0,18440.0,370.0,34118700.0,50778.0
2018-03-23 23:45:00,18445.0,18450.0,18435.0,18445.0,222.0,20474400.0,50704.0
2018-03-23 23:50:00,18445.0,18450.0,18410.0,18430.0,888.0,81847950.0,50482.0
2018-03-23 23:55:00,18435.0,18440.0,18435.0,18440.0,144.0,13274150.0,50518.0
2018-03-24 00:00:00,18440.0,18450.0,18425.0,18450.0,398.0,36693350.0,50480.0
2018-03-24 00:05:00,18450.0,18450.0,18410.0,18430.0,472.0,43508300.0,50396.0
2018-03-24 00:10:00,18430.0,18430.0,18410.0,18410.0,160.0,14733350.0,50404.0
2018-03-24 00:15:00,18415.0,18420.0,18405.0,18420.0,220.0,20254050.0,50424.0
2018-03-24 00:20:00,18415.0,18415.0,18405.0,18415.0,194.0,17860050.0,50406.0
2018-03-24 00:25:00,18415.0,18440.0,18415.0,18440.0,430.0,39633200.0,50344.0
2018-03-24 00:30:00,18440.0,18440.0,18385.0,18405.0,514.0,47299050.0,50354.0
2018-03-24 00:35:00,18405.0,18405.0,18385.0,18390.0,264.0,24280150.0,50308.0
2018-03-24 00:40:00,18395.0,18405.0,18390.0,18400.0,234.0,21520350.0,50360.0
2018-03-24 00:45:00,18395.0,18430.0,18395.0,18410.0,232.0,21361950.0,50328.0
2018-03-24 00:50:00,18410.0,18415.0,18400.0,18415.0,120.0,11045250.0,50322.0
2018-03-24 00:55:00,18415.0,18445.0,18405.0,18430.0,362.0,33347800.0,50140.0
2018-03-26 09:00:00,18450.0,18535.0,18430.0,18455.0,3390.0,313217150.0,49954.0
2018-03-26 09:05:00,18460.0,18485.0,18430.0,18440.0,1006.0,92818100.0,50012.0
2018-03-26 09:10:00,18440.0,18485.0,18430.0,18460.0,900.0,83074350.0,49998.0
2018-03-26 09:15:00,18465.0,18470.0,18410.0,18410.0,914.0,84246150.0,50116.0
2018-03-26 09:20:00,18410.0,18430.0,18400.0,18420.0,898.0,82692500.0,50128.0
2018-03-26 09:25:00,18425.0,18430.0,18350.0,18385.0,1414.0,130021400.0,50226.0
2018-03-26 09:30:00,18390.0,18425.0,18340.0,18390.0,1556.0,143018800.0,50156.0
2018-03-26 09:35:00,18390.0,18410.0,18370.0,18380.0,730.0,67128050.0,50004.0
2018-03-26 09:40:00,18380.0,18390.0,18350.0,18360.0,614.0,56400100.0,49918.0
2018-03-26 09:45:00,18365.0,18395.0,18355.0,18395.0,468.0,42999250.0,49884.0
2018-03-26 09:50:00,18390.0,18395.0,18370.0,18395.0,438.0,40259800.0,49900.0
2018-03-26 09:55:00,18390.0,18440.0,18380.0,18440.0,780.0,71815100.0,49730.0
2018-03-26 10:00:00,18445.0,18450.0,18400.0,18400.0,1152.0,106205450.0,49386.0
2018-03-26 10:05:00,18405.0,18430.0,18405.0,18420.0,366.0,33703500.0,49412.0
2018-03-26 10:10:00,18420.0,18425.0,18400.0,18415.0,346.0,31851000.0,49436.0
2018-03-26 10:30:00,18415.0,18435.0,18400.0,18435.0,306.0,28175550.0,49526.0
2018-03-26 10:35:00,18430.0,18430.0,18375.0,18400.0,840.0,77253300.0,49400.0
2018-03-26 10:40:00,18395.0,18415.0,18375.0,18405.0,532.0,48927750.0,49396.0
2018-03-26 10:45:00,18400.0,18400.0,18380.0,18390.0,504.0,46340900.0,49310.0
2018-03-26 10:50:00,18385.0,18385.0,18360.0,18370.0,486.0,44649550.0,49302.0
2018-03-26 10:55:00,18375.0,18390.0,18370.0,18380.0,488.0,44837550.0,49268.0
2018-03-26 11:00:00,18375.0,18395.0,18355.0,18365.0,718.0,65980000.0,49220.0
2018-03-26 11:05:00,18365.0,18380.0,18345.0,18375.0,638.0,58567250.0,49308.0
2018-03-26 11:10:00,18375.0,18385.0,18350.0,18380.0,756.0,69424150.0,49288.0
2018-03-26 11:15:00,18380.0,18390.0,18350.0,18380.0,680.0,62461900.0,49204.0
2018-03-26 11:20:00,18380.0,18385.0,18330.0,18335.0,1876.0,172121200.0,49160.0
2018-03-26 11:25:00,18335.0,18360.0,18305.0,18345.0,1654.0,151547850.0,49140.0
2018-03-26 13:30:00,18335.0,18335.0,18290.0,18310.0,1876.0,171770050.0,49188.0
2018-03-26 13:35:00,18310.0,18330.0,18300.0,18330.0,722.0,66137000.0,49092.0
2018-03-26 13:40:00,18330.0,18390.0,18315.0,18370.0,1236.0,113414150.0,48808.0
2018-03-26 13:45:00,18365.0,18390.0,18360.0,18380.0,864.0,79375900.0,48734.0
2018-03-26 13:50:00,18385.0,18405.0,18370.0,18380.0,918.0,84403150.0,48484.0
2018-03-26 13:55:00,18375.0,18380.0,18355.0,18355.0,514.0,47208700.0,48488.0
2018-03-26 14:00:00,18355.0,18375.0,18355.0,18370.0,394.0,36176250.0,48528.0
2018-03-26 14:05:00,18370.0,18375.0,18355.0,18355.0,268.0,24608600.0,48526.0
2018-03-26 14:10:00,18350.0,18380.0,18350.0,18370.0,298.0,27361650.0,48618.0
2018-03-26 14:15:00,18365.0,18375.0,18345.0,18365.0,642.0,58924950.0,48610.0
2018-03-26 14:20:00,18365.0,18390.0,18360.0,18390.0,358.0,32893250.0,48476.0
2018-03-26 14:25:00,18390.0,18395.0,18370.0,18380.0,428.0,39332800.0,48330.0
2018-03-26 14:30:00,18385.0,18420.0,18380.0,18415.0,1378.0,126788750.0,48564.0
2018-03-26 14:35:00,18415.0,18415.0,18385.0,18395.0,472.0,43427100.0,48552.0
2018-03-26 14:40:00,18395.0,18395.0,18375.0,18380.0,404.0,37137700.0,48500.0
2018-03-26 14:45:00,18385.0,18405.0,18380.0,18405.0,354.0,32560100.0,48480.0
2018-03-26 14:50:00,18400.0,18415.0,18390.0,18400.0,462.0,42506900.0,48510.0
2018-03-26 14:55:00,18400.0,18415.0,18395.0,18405.0,760.0,69933650.0,48474.0
2018-03-26 21:00:00,18475.0,18495.0,18435.0,18445.0,2340.0,216085350.0,48852.0
2018-03-26 21:05:00,18450.0,18580.0,18450.0,18545.0,3482.0,322281100.0,49092.0
2018-03-26 21:10:00,18545.0,18560.0,18490.0,18510.0,2120.0,196298600.0,48742.0
2018-03-26 21:15:00,18510.0,18510.0,18480.0,18505.0,756.0,69911200.0,48744.0
2018-03-26 21:20:00,18505.0,18510.0,18500.0,18500.0,462.0,42740500.0,48724.0
2018-03-26 21:25:00,18500.0,18505.0,18495.0,18505.0,292.0,27012100.0,48786.0
2018-03-26 21:30:00,18510.0,18510.0,18485.0,18505.0,622.0,57522050.0,48716.0
2018-03-26 21:35:00,18500.0,18500.0,18460.0,18475.0,1076.0,99415250.0,48252.0
2018-03-26 21:40:00,18475.0,18520.0,18470.0,18510.0,754.0,69750450.0,48330.0
2018-03-26 21:45:00,18510.0,18570.0,18510.0,18550.0,1348.0,124969700.0,48594.0
2018-03-26 21:50:00,18555.0,18570.0,18535.0,18560.0,938.0,87008550.0,48882.0
2018-03-26 21:55:00,18560.0,18565.0,18530.0,18535.0,592.0,54901500.0,48908.0
2018-03-26 22:00:00,18535.0,18545.0,18505.0,18530.0,450.0,41681000.0,48794.0
2018-03-26 22:05:00,18530.0,18545.0,18530.0,18545.0,368.0,34110600.0,48876.0
2018-03-26 22:10:00,18545.0,18550.0,18535.0,18545.0,190.0,17615850.0,48860.0
2018-03-26 22:15:00,18545.0,18550.0,18535.0,18540.0,164.0,15204800.0,48870.0
2018-03-26 22:20:00,18535.0,18535.0,18505.0,18515.0,752.0,69626800.0,48590.0
2018-03-26 22:25:00,18510.0,18520.0,18490.0,18515.0,436.0,40340150.0,48510.0
2018-03-26 22:30:00,18515.0,18530.0,18510.0,18520.0,200.0,18521600.0,48502.0
2018-03-26 22:35:00,18520.0,18525.0,18510.0,18520.0,214.0,19813000.0,48564.0
2018-03-26 22:40:00,18520.0,18535.0,18515.0,18535.0,320.0,29644200.0,48534.0
2018-03-26 22:45:00,18535.0,18535.0,18515.0,18530.0,384.0,35572550.0,48480.0
2018-03-26 22:50:00,18525.0,18545.0,18525.0,18535.0,250.0,23170700.0,48498.0
2018-03-26 22:55:00,18535.0,18535.0,18520.0,18525.0,210.0,19455150.0,48548.0
2018-03-26 23:00:00,18530.0,18545.0,18530.0,18545.0,180.0,16681400.0,48610.0
2018-03-26 23:05:00,18545.0,18550.0,18520.0,18525.0,402.0,37256500.0,48636.0
2018-03-26 23:10:00,18520.0,18530.0,18440.0,18455.0,2142.0,197873300.0,47990.0
2018-03-26 23:15:00,18455.0,18470.0,18445.0,18450.0,718.0,66260250.0,47920.0
2018-03-26 23:20:00,18450.0,18475.0,18440.0,18450.0,886.0,81760900.0,47752.0
2018-03-26 23:25:00,18450.0,18460.0,18450.0,18450.0,532.0,49087950.0,47648.0
2018-03-26 23:30:00,18455.0,18455.0,18395.0,18400.0,2102.0,193528000.0,47448.0
2018-03-26 23:35:00,18400.0,18425.0,18395.0,18425.0,624.0,57447400.0,47400.0
2018-03-26 23:40:00,18425.0,18445.0,18420.0,18435.0,340.0,31338400.0,47400.0
2018-03-26 23:45:00,18435.0,18440.0,18430.0,18435.0,136.0,12535200.0,47390.0
2018-03-26 23:50:00,18430.0,18480.0,18430.0,18475.0,680.0,62762250.0,47236.0
2018-03-26 23:55:00,18475.0,18475.0,18450.0,18460.0,348.0,32121400.0,47212.0
2018-03-27 00:00:00,18460.0,18470.0,18455.0,18465.0,346.0,31941550.0,47118.0
2018-03-27 00:05:00,18465.0,18480.0,18460.0,18475.0,284.0,26229850.0,47096.0
2018-03-27 00:10:00,18470.0,18480.0,18470.0,18475.0,120.0,11086800.0,47122.0
2018-03-27 00:15:00,18480.0,18480.0,18455.0,18465.0,252.0,23266500.0,47116.0
2018-03-27 00:20:00,18465.0,18475.0,18465.0,18475.0,78.0,7202850.0,47114.0
2018-03-27 00:25:00,18470.0,18475.0,18460.0,18475.0,140.0,12927400.0,47096.0
2018-03-27 00:30:00,18475.0,18475.0,18455.0,18460.0,94.0,8677850.0,47078.0
2018-03-27 00:35:00,18460.0,18470.0,18460.0,18470.0,66.0,6093450.0,47056.0
2018-03-27 00:40:00,18470.0,18470.0,18440.0,18440.0,204.0,18827800.0,47026.0
2018-03-27 00:45:00,18440.0,18450.0,18440.0,18440.0,92.0,8483850.0,47022.0
2018-03-27 00:50:00,18440.0,18455.0,18440.0,18450.0,62.0,5719500.0,46986.0
2018-03-27 00:55:00,18455.0,18455.0,18440.0,18455.0,266.0,24538100.0,46846.0
2018-03-27 09:00:00,18450.0,18550.0,18450.0,18495.0,2692.0,249123850.0,46972.0
2018-03-27 09:05:00,18500.0,18540.0,18475.0,18540.0,1198.0,110856750.0,46988.0
2018-03-27 09:10:00,18540.0,18545.0,18515.0,18525.0,682.0,63190050.0,47060.0
2018-03-27 09:15:00,18530.0,18530.0,18505.0,18525.0,432.0,39999850.0,47064.0
2018-03-27 09:20:00,18525.0,18560.0,18510.0,18555.0,1006.0,93212700.0,47374.0
2018-03-27 09:25:00,18550.0,18560.0,18540.0,18555.0,1070.0,99247800.0,47724.0
2018-03-27 09:30:00,18555.0,18560.0,18540.0,18555.0,566.0,52492900.0,47828.0
2018-03-27 09:35:00,18550.0,18580.0,18550.0,18570.0,920.0,85412450.0,48126.0
2018-03-27 09:40:00,18565.0,18575.0,18560.0,18570.0,472.0,43817000.0,48226.0
2018-03-27 09:45:00,18570.0,18590.0,18570.0,18590.0,1266.0,117618150.0,48456.0
2018-03-27 09:50:00,18590.0,18600.0,18585.0,18590.0,976.0,90738200.0,48780.0
2018-03-27 09:55:00,18595.0,18605.0,18575.0,18585.0,922.0,85724150.0,48872.0
2018-03-27 10:00:00,18580.0,18595.0,18565.0,18565.0,930.0,86380150.0,48950.0
2018-03-27 10:05:00,18565.0,18595.0,18555.0,18585.0,488.0,45338100.0,48990.0
2018-03-27 10:10:00,18585.0,18590.0,18575.0,18580.0,302.0,28062200.0,49030.0
2018-03-27 10:30:00,18580.0,18615.0,18580.0,18615.0,810.0,75334800.0,49292.0
2018-03-27 10:35:00,18615.0,18620.0,18600.0,18615.0,498.0,46335350.0,49458.0
2018-03-27 10:40:00,18620.0,18650.0,18605.0,18640.0,1416.0,131921500.0,49892.0
2018-03-27 10:45:00,18645.0,18645.0,18615.0,18615.0,424.0,39491200.0,49984.0
2018-03-27 10:50:00,18615.0,18620.0,18600.0,18605.0,406.0,37769100.0,49992.0
2018-03-27 10:55:00,18610.0,18620.0,18605.0,18615.0,228.0,21218100.0,50058.0
2018-03-27 11:00:00,18615.0,18625.0,18615.0,18625.0,148.0,13778600.0,50050.0
2018-03-27 11:05:00,18625.0,18650.0,18625.0,18650.0,496.0,46218700.0,50232.0
2018-03-27 11:10:00,18650.0,18665.0,18635.0,18655.0,1066.0,99403900.0,50440.0
2018-03-27 11:15:00,18655.0,18655.0,18640.0,18645.0,312.0,29090300.0,50480.0
2018-03-27 11:20:00,18645.0,18660.0,18640.0,18645.0,508.0,47368400.0,50592.0
2018-03-27 11:25:00,18645.0,18655.0,18630.0,18645.0,316.0,29457600.0,50594.0
2018-03-27 13:30:00,18640.0,18655.0,18620.0,18630.0,788.0,73421850.0,50594.0
2018-03-27 13:35:00,18630.0,18635.0,18580.0,18595.0,884.0,82213500.0,50522.0
2018-03-27 13:40:00,18590.0,18610.0,18585.0,18590.0,466.0,43331700.0,50554.0
2018-03-27 13:45:00,18590.0,18600.0,18590.0,18600.0,384.0,35700800.0,50558.0
2018-03-27 13:50:00,18595.0,18605.0,18585.0,18590.0,572.0,53182350.0,50576.0
2018-03-27 13:55:00,18590.0,18595.0,18580.0,18585.0,732.0,68030700.0,50642.0
2018-03-27 14:00:00,18585.0,18590.0,18580.0,18590.0,360.0,33452050.0,50588.0
2018-03-27 14:05:00,18595.0,18600.0,18585.0,18595.0,426.0,39605300.0,50582.0
2018-03-27 14:10:00,18590.0,18600.0,18590.0,18590.0,142.0,13202600.0,50606.0
2018-03-27 14:15:00,18590.0,18600.0,18585.0,18590.0,632.0,58751950.0,50498.0
2018-03-27 14:20:00,18590.0,18590.0,18575.0,18585.0,472.0,43847450.0,50332.0
2018-03-27 14:25:00,18575.0,18585.0,18570.0,18580.0,436.0,40498000.0,50274.0
2018-03-27 14:30:00,18585.0,18590.0,18585.0,18590.0,290.0,26953000.0,50292.0
2018-03-27 14:35:00,18590.0,18595.0,18585.0,18595.0,352.0,32719850.0,50340.0
2018-03-27 14:40:00,18590.0,18595.0,18580.0,18580.0,538.0,49995450.0,50268.0
2018-03-27 14:45:00,18580.0,18595.0,18580.0,18590.0,288.0,26765800.0,50224.0
2018-03-27 14:50:00,18590.0,18595.0,18580.0,18580.0,764.0,71000850.0,50020.0
2018-03-27 14:55:00,18580.0,18585.0,18560.0,18570.0,1134.0,105300850.0,49756.0
2018-03-27 21:00:00,18555.0,18625.0,18535.0,18555.0,2036.0,189069600.0,49706.0
2018-03-27 21:05:00,18555.0,18585.0,18545.0,18585.0,840.0,77946600.0,49634.0
2018-03-27 21:10:00,18580.0,18590.0,18560.0,18580.0,592.0,54985050.0,49568.0
2018-03-27 21:15:00,18580.0,18595.0,18575.0,18580.0,454.0,42184500.0,49556.0
2018-03-27 21:20:00,18575.0,18580.0,18545.0,18550.0,716.0,66446550.0,49512.0
2018-03-27 21:25:00,18550.0,18555.0,18540.0,18555.0,396.0,36727850.0,49540.0
2018-03-27 21:30:00,18555.0,18555.0,18530.0,18530.0,798.0,73985950.0,49592.0
2018-03-27 21:35:00,18530.0,18545.0,18530.0,18545.0,274.0,25400250.0,49560.0
2018-03-27 21:40:00,18545.0,18550.0,18535.0,18545.0,384.0,35602450.0,49562.0
2018-03-27 21:45:00,18545.0,18570.0,18540.0,18545.0,676.0,62711300.0,49624.0
2018-03-27 21:50:00,18545.0,18560.0,18545.0,18555.0,300.0,27828800.0,49652.0
2018-03-27 21:55:00,18555.0,18570.0,18550.0,18555.0,320.0,29694600.0,49654.0
2018-03-27 22:00:00,18560.0,18560.0,18490.0,18515.0,1418.0,131280700.0,49404.0
2018-03-27 22:05:00,18510.0,18535.0,18510.0,18530.0,524.0,48532500.0,49370.0
2018-03-27 22:10:00,18530.0,18545.0,18525.0,18545.0,412.0,38180350.0,49358.0
2018-03-27 22:15:00,18545.0,18565.0,18530.0,18550.0,660.0,61208050.0,49454.0
2018-03-27 22:20:00,18550.0,18550.0,18530.0,18535.0,532.0,49314250.0,49524.0
2018-03-27 22:25:00,18535.0,18550.0,18530.0,18545.0,268.0,24846050.0,49562.0
2018-03-27 22:30:00,18550.0,18550.0,18535.0,18540.0,406.0,37639250.0,49612.0
2018-03-27 22:35:00,18545.0,18555.0,18540.0,18550.0,328.0,30419000.0,49642.0
2018-03-27 22:40:00,18550.0,18570.0,18545.0,18565.0,470.0,43613600.0,49662.0
2018-03-27 22:45:00,18565.0,18595.0,18565.0,18585.0,860.0,79902400.0,49672.0
2018-03-27 22:50:00,18585.0,18585.0,18575.0,18575.0,356.0,33067650.0,49674.0
2018-03-27 22:55:00,18575.0,18580.0,18565.0,18565.0,502.0,46614750.0,49762.0
2018-03-27 23:00:00,18565.0,18570.0,18555.0,18565.0,316.0,29334050.0,49742.0
2018-03-27 23:05:00,18555.0,18565.0,18550.0,18555.0,346.0,32102650.0,49722.0
2018-03-27 23:10:00,18555.0,18555.0,18520.0,18530.0,1248.0,115652600.0,49860.0
2018-03-27 23:15:00,18535.0,18550.0,18535.0,18545.0,286.0,26512950.0,49818.0
2018-03-27 23:20:00,18545.0,18575.0,18535.0,18565.0,616.0,57159300.0,49694.0
2018-03-27 23:25:00,18560.0,18590.0,18555.0,18575.0,582.0,54059550.0,49812.0
2018-03-27 23:30:00,18580.0,18610.0,18580.0,18585.0,932.0,86660550.0,50242.0
2018-03-27 23:35:00,18585.0,18595.0,18580.0,18585.0,218.0,20260050.0,50232.0
2018-03-27 23:40:00,18580.0,18605.0,18580.0,18600.0,230.0,21381650.0,50316.0
2018-03-27 23:45:00,18600.0,18600.0,18590.0,18590.0,254.0,23615750.0,50288.0
2018-03-27 23:50:00,18595.0,18635.0,18590.0,18630.0,778.0,72410400.0,50238.0
2018-03-27 23:55:00,18625.0,18630.0,18615.0,18630.0,280.0,26071000.0,50282.0
2018-03-28 00:00:00,18625.0,18625.0,18600.0,18615.0,360.0,33499050.0,50200.0
2018-03-28 00:05:00,18620.0,18630.0,18615.0,18620.0,252.0,23465250.0,50240.0
2018-03-28 00:10:00,18620.0,18625.0,18615.0,18620.0,178.0,16572600.0,50224.0
2018-03-28 00:15:00,18625.0,18640.0,18620.0,18625.0,390.0,36330500.0,50224.0
2018-03-28 00:20:00,18625.0,18625.0,18610.0,18620.0,202.0,18804050.0,50162.0
2018-03-28 00:25:00,18625.0,18630.0,18605.0,18615.0,226.0,21033850.0,50100.0
2018-03-28 00:30:00,18610.0,18620.0,18610.0,18615.0,92.0,8561600.0,50044.0
2018-03-28 00:35:00,18615.0,18620.0,18615.0,18615.0,72.0,6701450.0,50024.0
2018-03-28 00:40:00,18615.0,18650.0,18615.0,18650.0,560.0,52179200.0,50084.0
2018-03-28 00:45:00,18645.0,18665.0,18645.0,18655.0,520.0,48507250.0,50210.0
2018-03-28 00:50:00,18655.0,18660.0,18645.0,18650.0,134.0,12497650.0,50224.0
2018-03-28 00:55:00,18650.0,18665.0,18645.0,18655.0,414.0,38614200.0,50028.0
2018-03-28 09:00:00,18635.0,18635.0,18590.0,18595.0,2254.0,209733750.0,49930.0
2018-03-28 09:05:00,18590.0,18600.0,18565.0,18595.0,1260.0,117094900.0,49958.0
2018-03-28 09:10:00,18595.0,18600.0,18580.0,18590.0,490.0,45543650.0,50010.0
2018-03-28 09:15:00,18590.0,18600.0,18570.0,18575.0,822.0,76384200.0,50014.0
2018-03-28 09:20:00,18575.0,18590.0,18575.0,18580.0,638.0,59278950.0,49850.0
2018-03-28 09:25:00,18580.0,18590.0,18570.0,18590.0,658.0,61129150.0,49632.0
2018-03-28 09:30:00,18590.0,18630.0,18590.0,18610.0,1310.0,121882500.0,49642.0
2018-03-28 09:35:00,18615.0,18645.0,18615.0,18635.0,1468.0,136726950.0,49648.0
2018-03-28 09:40:00,18635.0,18675.0,18630.0,18650.0,2130.0,198648550.0,49974.0
2018-03-28 09:45:00,18655.0,18695.0,18645.0,18670.0,1326.0,123812750.0,50314.0
2018-03-28 09:50:00,18670.0,18710.0,18670.0,18710.0,2104.0,196702900.0,50610.0
2018-03-28 09:55:00,18710.0,18730.0,18705.0,18710.0,1300.0,121658400.0,50818.0
2018-03-28 10:00:00,18710.0,18710.0,18690.0,18695.0,742.0,69378550.0,50732.0
2018-03-28 10:05:00,18690.0,18710.0,18685.0,18710.0,676.0,63184950.0,50678.0
2018-03-28 10:10:00,18710.0,18715.0,18695.0,18700.0,460.0,43016200.0,50622.0
2018-03-28 10:30:00,18695.0,18710.0,18695.0,18695.0,596.0,55720300.0,50632.0
2018-03-28 10:35:00,18695.0,18700.0,18680.0,18685.0,508.0,47470850.0,50666.0
2018-03-28 10:40:00,18685.0,18700.0,18685.0,18690.0,192.0,17944250.0,50674.0
2018-03-28 10:45:00,18690.0,18695.0,18685.0,18690.0,256.0,23920250.0,50658.0
2018-03-28 10:50:00,18690.0,18705.0,18685.0,18685.0,444.0,41500900.0,50768.0
2018-03-28 10:55:00,18685.0,18690.0,18675.0,18685.0,408.0,38110400.0,50774.0
2018-03-28 11:00:00,18685.0,18690.0,18675.0,18685.0,270.0,25221350.0,50814.0
2018-03-28 11:05:00,18680.0,18680.0,18660.0,18660.0,498.0,46490350.0,50920.0
2018-03-28 11:10:00,18660.0,18670.0,18655.0,18660.0,430.0,40120750.0,51056.0
2018-03-28 11:15:00,18665.0,18670.0,18625.0,18640.0,1018.0,94910950.0,50950.0
2018-03-28 11:20:00,18640.0,18650.0,18635.0,18650.0,240.0,22374700.0,50922.0
2018-03-28 11:25:00,18650.0,18660.0,18635.0,18660.0,432.0,40283050.0,50914.0
2018-03-28 13:30:00,18650.0,18650.0,18610.0,18615.0,1198.0,111571650.0,51054.0
2018-03-28 13:35:00,18615.0,18625.0,18590.0,18625.0,1276.0,118721450.0,51022.0
2018-03-28 13:40:00,18630.0,18635.0,18610.0,18620.0,446.0,41531250.0,51066.0
2018-03-28 13:45:00,18620.0,18640.0,18620.0,18635.0,340.0,31662800.0,51090.0
2018-03-28 13:50:00,18630.0,18645.0,18625.0,18625.0,298.0,27762750.0,51176.0
2018-03-28 13:55:00,18630.0,18640.0,18620.0,18630.0,422.0,39308450.0,51298.0
2018-03-28 14:00:00,18635.0,18640.0,18630.0,18635.0,256.0,23851700.0,51356.0
2018-03-28 14:05:00,18635.0,18640.0,18620.0,18635.0,270.0,25153350.0,51324.0
2018-03-28 14:10:00,18635.0,18645.0,18625.0,18630.0,530.0,49379650.0,51224.0
2018-03-28 14:15:00,18630.0,18630.0,18620.0,18630.0,340.0,31664800.0,51188.0
2018-03-28 14:20:00,18630.0,18630.0,18620.0,18625.0,276.0,25699050.0,51092.0
2018-03-28 14:25:00,18625.0,18655.0,18615.0,18645.0,936.0,87232800.0,50920.0
2018-03-28 14:30:00,18645.0,18655.0,18640.0,18645.0,548.0,51092350.0,51100.0
2018-03-28 14:35:00,18640.0,18640.0,18600.0,18615.0,754.0,70184800.0,51070.0
2018-03-28 14:40:00,18610.0,18635.0,18605.0,18630.0,598.0,55664100.0,51032.0
2018-03-28 14:45:00,18635.0,18635.0,18605.0,18610.0,644.0,59948400.0,50832.0
2018-03-28 14:50:00,18610.0,18655.0,18610.0,18635.0,1528.0,142415400.0,51208.0
2018-03-28 14:55:00,18630.0,18650.0,18625.0,18645.0,842.0,78470750.0,50968.0
2018-03-28 21:00:00,18645.0,18665.0,18580.0,18595.0,2552.0,237609950.0,50850.0
2018-03-28 21:05:00,18590.0,18655.0,18585.0,18635.0,1652.0,153848200.0,50990.0
2018-03-28 21:10:00,18630.0,18645.0,18620.0,18625.0,756.0,70410250.0,51060.0
2018-03-28 21:15:00,18620.0,18640.0,18620.0,18635.0,514.0,47878550.0,51104.0
2018-03-28 21:20:00,18640.0,18650.0,18605.0,18610.0,910.0,84766350.0,51130.0
2018-03-28 21:25:00,18615.0,18625.0,18605.0,18615.0,832.0,77445250.0,51212.0
2018-03-28 21:30:00,18615.0,18625.0,18600.0,18615.0,666.0,61992400.0,51252.0
2018-03-28 21:35:00,18620.0,18630.0,18605.0,18605.0,910.0,84698750.0,51238.0
2018-03-28 21:40:00,18605.0,18610.0,18550.0,18570.0,1854.0,172192250.0,50958.0
2018-03-28 21:45:00,18570.0,18580.0,18560.0,18580.0,756.0,70194850.0,51144.0
2018-03-28 21:50:00,18580.0,18600.0,18575.0,18590.0,530.0,49253050.0,51172.0
2018-03-28 21:55:00,18590.0,18600.0,18575.0,18585.0,602.0,55943800.0,51008.0
2018-03-28 22:00:00,18590.0,18615.0,18590.0,18605.0,562.0,52269950.0,51014.0
2018-03-28 22:05:00,18605.0,18635.0,18600.0,18630.0,658.0,61254700.0,51004.0
2018-03-28 22:10:00,18630.0,18640.0,18620.0,18625.0,514.0,47878000.0,51080.0
2018-03-28 22:15:00,18620.0,18620.0,18610.0,18615.0,290.0,26993200.0,51106.0
2018-03-28 22:20:00,18615.0,18640.0,18615.0,18620.0,344.0,32039800.0,51122.0
2018-03-28 22:25:00,18620.0,18630.0,18615.0,18625.0,292.0,27187200.0,51092.0
2018-03-28 22:30:00,18625.0,18640.0,18620.0,18630.0,702.0,65375850.0,51082.0
2018-03-28 22:35:00,18630.0,18635.0,18615.0,18635.0,236.0,21972600.0,51056.0
2018-03-28 22:40:00,18630.0,18630.0,18595.0,18610.0,416.0,38713250.0,51052.0
2018-03-28 22:45:00,18610.0,18625.0,18605.0,18620.0,252.0,23455650.0,51076.0
2018-03-28 22:50:00,18615.0,18625.0,18610.0,18620.0,252.0,23457000.0,51116.0
2018-03-28 22:55:00,18615.0,18625.0,18610.0,18625.0,148.0,13776800.0,51104.0
2018-03-28 23:00:00,18625.0,18640.0,18620.0,18625.0,390.0,36330400.0,51178.0
2018-03-28 23:05:00,18630.0,18665.0,18630.0,18660.0,1316.0,122717000.0,51476.0
2018-03-28 23:10:00,18660.0,18680.0,18655.0,18655.0,864.0,80646850.0,51676.0
2018-03-28 23:15:00,18655.0,18670.0,18645.0,18670.0,544.0,50741200.0,51680.0
2018-03-28 23:20:00,18670.0,18675.0,18655.0,18665.0,362.0,33782500.0,51718.0
2018-03-28 23:25:00,18665.0,18690.0,18650.0,18680.0,740.0,69096300.0,51888.0
2018-03-28 23:30:00,18680.0,18680.0,18660.0,18665.0,398.0,37153100.0,52024.0
2018-03-28 23:35:00,18670.0,18680.0,18660.0,18660.0,282.0,26322900.0,52058.0
2018-03-28 23:40:00,18660.0,18680.0,18660.0,18670.0,252.0,23524100.0,52084.0
2018-03-28 23:45:00,18670.0,18675.0,18665.0,18670.0,172.0,16055050.0,52060.0
2018-03-28 23:50:00,18675.0,18695.0,18675.0,18695.0,754.0,70450650.0,52106.0
2018-03-28 23:55:00,18690.0,18690.0,18680.0,18685.0,414.0,38674050.0,52140.0
2018-03-29 00:00:00,18685.0,18685.0,18670.0,18675.0,188.0,17554900.0,52118.0
2018-03-29 00:05:00,18675.0,18680.0,18670.0,18675.0,184.0,17179350.0,52066.0
2018-03-29 00:10:00,18680.0,18680.0,18665.0,18675.0,354.0,33051050.0,51998.0
2018-03-29 00:15:00,18670.0,18680.0,18665.0,18680.0,190.0,17739150.0,51984.0
2018-03-29 00:20:00,18680.0,18685.0,18670.0,18685.0,204.0,19050500.0,51968.0
2018-03-29 00:25:00,18685.0,18695.0,18680.0,18685.0,178.0,16632750.0,51968.0
2018-03-29 00:30:00,18695.0,18695.0,18675.0,18675.0,116.0,10837550.0,51934.0
2018-03-29 00:35:00,18680.0,18685.0,18675.0,18675.0,174.0,16250600.0,51952.0
2018-03-29 00:40:00,18670.0,18675.0,18670.0,18670.0,166.0,15497600.0,51914.0
2018-03-29 00:45:00,18675.0,18675.0,18665.0,18665.0,172.0,16054850.0,51834.0
2018-03-29 00:50:00,18665.0,18665.0,18650.0,18660.0,330.0,30779050.0,51712.0
2018-03-29 00:55:00,18660.0,18675.0,18645.0,18660.0,408.0,38056650.0,51510.0
2018-03-29 09:00:00,18645.0,18660.0,18640.0,18650.0,1136.0,105926250.0,51562.0
2018-03-29 09:05:00,18660.0,18690.0,18650.0,18675.0,1058.0,98770500.0,51892.0
2018-03-29 09:10:00,18675.0,18675.0,18635.0,18645.0,904.0,84270150.0,51714.0
2018-03-29 09:15:00,18645.0,18650.0,18630.0,18640.0,664.0,61879500.0,51666.0
2018-03-29 09:20:00,18640.0,18660.0,18635.0,18655.0,478.0,44566150.0,51696.0
2018-03-29 09:25:00,18650.0,18660.0,18630.0,18645.0,926.0,86331950.0,51418.0
2018-03-29 09:30:00,18645.0,18645.0,18620.0,18640.0,596.0,55528150.0,51372.0
2018-03-29 09:35:00,18645.0,18645.0,18630.0,18640.0,334.0,31122550.0,51294.0
2018-03-29 09:40:00,18640.0,18645.0,18620.0,18645.0,434.0,40434550.0,51244.0
2018-03-29 09:45:00,18650.0,18650.0,18635.0,18635.0,224.0,20875050.0,51202.0
2018-03-29 09:50:00,18635.0,18635.0,18620.0,18625.0,550.0,51225400.0,51172.0
2018-03-29 09:55:00,18625.0,18625.0,18620.0,18625.0,620.0,57730650.0,51162.0
2018-03-29 10:00:00,18625.0,18635.0,18620.0,18635.0,400.0,37254200.0,51214.0
2018-03-29 10:05:00,18635.0,18640.0,18630.0,18635.0,120.0,11180550.0,51178.0
2018-03-29 10:10:00,18635.0,18635.0,18630.0,18630.0,190.0,17702550.0,51192.0
2018-03-29 10:30:00,18635.0,18640.0,18630.0,18640.0,336.0,31310750.0,51218.0
2018-03-29 10:35:00,18645.0,18655.0,18645.0,18655.0,302.0,28163150.0,51334.0
2018-03-29 10:40:00,18660.0,18665.0,18650.0,18655.0,388.0,36194150.0,51388.0
2018-03-29 10:45:00,18655.0,18675.0,18655.0,18670.0,538.0,50210950.0,51436.0
2018-03-29 10:50:00,18665.0,18680.0,18665.0,18675.0,508.0,47429750.0,51540.0
2018-03-29 10:55:00,18675.0,18685.0,18670.0,18675.0,354.0,33062100.0,51604.0
2018-03-29 11:00:00,18675.0,18685.0,18665.0,18670.0,402.0,37544950.0,51778.0
2018-03-29 11:05:00,18675.0,18685.0,18665.0,18685.0,424.0,39588350.0,51842.0
2018-03-29 11:10:00,18680.0,18685.0,18665.0,18665.0,248.0,23158750.0,51898.0
2018-03-29 11:15:00,18665.0,18685.0,18660.0,18685.0,420.0,39217050.0,52014.0
2018-03-29 11:20:00,18685.0,18715.0,18685.0,18695.0,1194.0,111633400.0,52148.0
2018-03-29 11:25:00,18700.0,18700.0,18685.0,18690.0,380.0,35516200.0,52240.0
2018-03-29 13:30:00,18695.0,18710.0,18685.0,18685.0,626.0,58519650.0,52360.0
2018-03-29 13:35:00,18680.0,18685.0,18655.0,18670.0,788.0,73554750.0,52148.0
2018-03-29 13:40:00,18675.0,18695.0,18675.0,18695.0,322.0,30080550.0,52106.0
2018-03-29 13:45:00,18695.0,18720.0,18695.0,18700.0,874.0,81746300.0,52060.0
2018-03-29 13:50:00,18705.0,18705.0,18680.0,18695.0,442.0,41311500.0,51998.0
2018-03-29 13:55:00,18695.0,18715.0,18690.0,18690.0,1224.0,114436350.0,51678.0
2018-03-29 14:00:00,18685.0,18745.0,18685.0,18740.0,2078.0,194439650.0,51994.0
2018-03-29 14:05:00,18735.0,18780.0,18735.0,18745.0,2348.0,220191100.0,52102.0
2018-03-29 14:10:00,18745.0,18750.0,18715.0,18725.0,762.0,71367150.0,52084.0
2018-03-29 14:15:00,18725.0,18735.0,18715.0,18715.0,576.0,53922500.0,52068.0
2018-03-29 14:20:00,18715.0,18720.0,18690.0,18695.0,648.0,60603550.0,51948.0
2018-03-29 14:25:00,18695.0,18705.0,18690.0,18705.0,738.0,68985900.0,52152.0
2018-03-29 14:30:00,18705.0,18730.0,18705.0,18725.0,1150.0,107624900.0,52532.0
2018-03-29 14:35:00,18725.0,18725.0,18695.0,18695.0,356.0,33302050.0,52454.0
2018-03-29 14:40:00,18700.0,18720.0,18695.0,18710.0,352.0,32931850.0,52484.0
2018-03-29 14:45:00,18710.0,18720.0,18710.0,18715.0,306.0,28631750.0,52470.0
2018-03-29 14:50:00,18715.0,18740.0,18710.0,18735.0,628.0,58804200.0,52496.0
2018-03-29 14:55:00,18730.0,18740.0,18715.0,18735.0,846.0,79202600.0,52214.0
2018-03-29 21:00:00,18735.0,18750.0,18670.0,18700.0,1328.0,124205550.0,52190.0
2018-03-29 21:05:00,18705.0,18705.0,18670.0,18685.0,828.0,77351150.0,52142.0
2018-03-29 21:10:00,18685.0,18690.0,18680.0,18685.0,252.0,23542250.0,52138.0
2018-03-29 21:15:00,18690.0,18705.0,18690.0,18705.0,348.0,32528400.0,52084.0
2018-03-29 21:20:00,18705.0,18720.0,18695.0,18700.0,512.0,47893000.0,52142.0
2018-03-29 21:25:00,18700.0,18715.0,18685.0,18710.0,856.0,80035800.0,52218.0
2018-03-29 21:30:00,18710.0,18730.0,18700.0,18705.0,538.0,50348200.0,52316.0
2018-03-29 21:35:00,18705.0,18710.0,18690.0,18695.0,288.0,26928000.0,52298.0
2018-03-29 21:40:00,18695.0,18715.0,18690.0,18705.0,352.0,32920650.0,52402.0
2018-03-29 21:45:00,18705.0,18710.0,18700.0,18705.0,174.0,16275450.0,52404.0
2018-03-29 21:50:00,18705.0,18730.0,18695.0,18720.0,658.0,61555850.0,52450.0
2018-03-29 21:55:00,18720.0,18730.0,18715.0,18725.0,480.0,44932900.0,52638.0
2018-03-29 22:00:00,18725.0,18730.0,18680.0,18700.0,840.0,78538650.0,52416.0
2018-03-29 22:05:00,18700.0,18705.0,18690.0,18690.0,156.0,14583050.0,52394.0
2018-03-29 22:10:00,18695.0,18705.0,18695.0,18705.0,196.0,18323100.0,52362.0
2018-03-29 22:15:00,18700.0,18705.0,18690.0,18700.0,206.0,19260000.0,52366.0
2018-03-29 22:20:00,18700.0,18705.0,18685.0,18700.0,352.0,32902750.0,52358.0
2018-03-29 22:25:00,18695.0,18700.0,18695.0,18700.0,78.0,7291800.0,52340.0
2018-03-29 22:30:00,18700.0,18700.0,18660.0,18665.0,618.0,57723000.0,52402.0
2018-03-29 22:35:00,18665.0,18680.0,18655.0,18675.0,894.0,83444100.0,52586.0
2018-03-29 22:40:00,18680.0,18685.0,18670.0,18680.0,322.0,30069750.0,52576.0
2018-03-29 22:45:00,18680.0,18690.0,18675.0,18685.0,280.0,26157150.0,52628.0
2018-03-29 22:50:00,18690.0,18700.0,18685.0,18690.0,220.0,20562050.0,52664.0
2018-03-29 22:55:00,18685.0,18690.0,18680.0,18680.0,192.0,17938600.0,52682.0
2018-03-29 23:00:00,18680.0,18690.0,18670.0,18680.0,474.0,44273300.0,52712.0
2018-03-29 23:05:00,18680.0,18695.0,18675.0,18695.0,356.0,33264150.0,52766.0
2018-03-29 23:10:00,18695.0,18695.0,18685.0,18695.0,112.0,10466800.0,52754.0
2018-03-29 23:15:00,18690.0,18695.0,18675.0,18685.0,336.0,31388350.0,52752.0
2018-03-29 23:20:00,18685.0,18685.0,18615.0,18615.0,972.0,90653100.0,52814.0
2018-03-29 23:25:00,18615.0,18635.0,18605.0,18620.0,1252.0,116573950.0,52900.0
2018-03-29 23:30:00,18615.0,18620.0,18585.0,18610.0,1292.0,120152450.0,52884.0
2018-03-29 23:35:00,18615.0,18615.0,18595.0,18595.0,436.0,40557350.0,52866.0
2018-03-29 23:40:00,18600.0,18600.0,18565.0,18580.0,976.0,90650350.0,52834.0
2018-03-29 23:45:00,18585.0,18615.0,18580.0,18615.0,576.0,53556350.0,52718.0
2018-03-29 23:50:00,18615.0,18635.0,18600.0,18625.0,916.0,85288250.0,52732.0
2018-03-29 23:55:00,18625.0,18625.0,18620.0,18620.0,260.0,24209250.0,52716.0
2018-03-30 00:00:00,18615.0,18635.0,18615.0,18625.0,274.0,25518600.0,52756.0
2018-03-30 00:05:00,18630.0,18650.0,18630.0,18630.0,298.0,27770050.0,52744.0
2018-03-30 00:10:00,18630.0,18645.0,18630.0,18630.0,150.0,13977550.0,52764.0
2018-03-30 00:15:00,18630.0,18640.0,18625.0,18630.0,146.0,13601400.0,52762.0
2018-03-30 00:20:00,18635.0,18645.0,18630.0,18635.0,142.0,13232050.0,52760.0
2018-03-30 00:25:00,18635.0,18640.0,18635.0,18635.0,70.0,6523700.0,52754.0
2018-03-30 00:30:00,18635.0,18650.0,18635.0,18650.0,100.0,9320300.0,52758.0
2018-03-30 00:35:00,18650.0,18650.0,18645.0,18645.0,126.0,11747550.0,52762.0
2018-03-30 00:40:00,18650.0,18650.0,18640.0,18640.0,140.0,13053050.0,52726.0
2018-03-30 00:45:00,18640.0,18645.0,18640.0,18640.0,104.0,9693350.0,52694.0
2018-03-30 00:50:00,18645.0,18655.0,18645.0,18650.0,60.0,5594500.0,52690.0
2018-03-30 00:55:00,18650.0,18650.0,18635.0,18640.0,238.0,22185250.0,52574.0
2018-03-30 09:00:00,18645.0,18670.0,18630.0,18640.0,1378.0,128486200.0,52586.0
2018-03-30 09:05:00,18635.0,18645.0,18625.0,18640.0,596.0,55525850.0,52484.0
2018-03-30 09:10:00,18635.0,18645.0,18620.0,18630.0,728.0,67802950.0,52404.0
2018-03-30 09:15:00,18630.0,18640.0,18620.0,18640.0,486.0,45265550.0,52338.0
2018-03-30 09:20:00,18640.0,18645.0,18630.0,18640.0,280.0,26090250.0,52358.0
2018-03-30 09:25:00,18640.0,18640.0,18635.0,18635.0,86.0,8013300.0,52368.0
2018-03-30 09:30:00,18640.0,18645.0,18630.0,18640.0,380.0,35415050.0,52336.0
2018-03-30 09:35:00,18640.0,18640.0,18630.0,18635.0,208.0,19380350.0,52346.0
2018-03-30 09:40:00,18640.0,18645.0,18635.0,18640.0,76.0,7083200.0,52336.0
2018-03-30 09:45:00,18640.0,18650.0,18640.0,18645.0,258.0,24049300.0,52240.0
2018-03-30 09:50:00,18650.0,18650.0,18640.0,18650.0,102.0,9509700.0,52232.0
2018-03-30 09:55:00,18650.0,18675.0,18650.0,18670.0,570.0,53196700.0,52164.0
2018-03-30 10:00:00,18675.0,18685.0,18665.0,18665.0,372.0,34740000.0,52276.0
2018-03-30 10:05:00,18670.0,18670.0,18660.0,18665.0,208.0,19413550.0,52328.0
2018-03-30 10:10:00,18670.0,18675.0,18650.0,18655.0,198.0,18476600.0,52362.0
2018-03-30 10:30:00,18655.0,18665.0,18650.0,18665.0,282.0,26305400.0,52398.0
2018-03-30 10:35:00,18665.0,18675.0,18660.0,18670.0,138.0,12879750.0,52424.0
2018-03-30 10:40:00,18670.0,18685.0,18670.0,18670.0,290.0,27081350.0,52464.0
2018-03-30 10:45:00,18675.0,18675.0,18655.0,18660.0,248.0,23143850.0,52580.0
2018-03-30 10:50:00,18665.0,18675.0,18665.0,18675.0,212.0,19791450.0,52634.0
2018-03-30 10:55:00,18680.0,18720.0,18675.0,18715.0,594.0,55534800.0,52746.0
2018-03-30 11:00:00,18715.0,18740.0,18705.0,18710.0,764.0,71529700.0,52780.0
2018-03-30 11:05:00,18715.0,18715.0,18700.0,18710.0,282.0,26378900.0,52832.0
2018-03-30 11:10:00,18710.0,18710.0,18705.0,18705.0,152.0,14219350.0,52890.0
2018-03-30 11:15:00,18705.0,18725.0,18705.0,18725.0,346.0,32377850.0,52998.0
2018-03-30 11:20:00,18720.0,18725.0,18705.0,18710.0,292.0,27323550.0,52986.0
2018-03-30 11:25:00,18715.0,18725.0,18705.0,18720.0,232.0,21711100.0,52954.0
2018-03-30 13:30:00,18715.0,18765.0,18715.0,18755.0,1486.0,139264450.0,53322.0
2018-03-30 13:35:00,18755.0,18755.0,18740.0,18750.0,736.0,68986800.0,53534.0
2018-03-30 13:40:00,18750.0,18770.0,18745.0,18765.0,666.0,62461600.0,53462.0
2018-03-30 13:45:00,18765.0,18805.0,18765.0,18795.0,1346.0,126426150.0,53528.0
2018-03-30 13:50:00,18795.0,18800.0,18775.0,18780.0,522.0,49034300.0,53494.0
2018-03-30 13:55:00,18785.0,18800.0,18785.0,18790.0,718.0,67462200.0,53568.0
2018-03-30 14:00:00,18790.0,18800.0,18785.0,18790.0,380.0,35704850.0,53602.0
2018-03-30 14:05:00,18790.0,18800.0,18780.0,18780.0,848.0,79668950.0,53534.0
2018-03-30 14:10:00,18775.0,18785.0,18750.0,18780.0,504.0,47297050.0,53418.0
2018-03-30 14:15:00,18780.0,18805.0,18780.0,18800.0,752.0,70674450.0,53642.0
2018-03-30 14:20:00,18800.0,18830.0,18800.0,18805.0,1302.0,122478000.0,53684.0
2018-03-30 14:25:00,18800.0,18820.0,18800.0,18815.0,450.0,42323100.0,53616.0
2018-03-30 14:30:00,18815.0,18840.0,18810.0,18830.0,1012.0,95258750.0,53712.0
2018-03-30 14:35:00,18835.0,18845.0,18815.0,18840.0,1126.0,106029100.0,53800.0
2018-03-30 14:40:00,18840.0,18870.0,18825.0,18840.0,1676.0,157955250.0,53976.0
2018-03-30 14:45:00,18835.0,18850.0,18835.0,18835.0,626.0,58974450.0,54062.0
2018-03-30 14:50:00,18830.0,18845.0,18820.0,18845.0,786.0,74009450.0,54162.0
2018-03-30 14:55:00,18845.0,18850.0,18825.0,18825.0,1062.0,100017500.0,53932.0
2018-03-30 21:00:00,18815.0,18895.0,18800.0,18880.0,2350.0,221590350.0,53928.0
2018-03-30 21:05:00,18890.0,18950.0,18890.0,18890.0,2484.0,235020900.0,53922.0
2018-03-30 21:10:00,18895.0,18915.0,18870.0,18880.0,856.0,80859200.0,53978.0
2018-03-30 21:15:00,18880.0,18910.0,18880.0,18900.0,590.0,55750900.0,54076.0
2018-03-30 21:20:00,18895.0,18905.0,18840.0,18850.0,1148.0,108337200.0,54362.0
2018-03-30 21:25:00,18850.0,18865.0,18845.0,18860.0,314.0,29600950.0,54364.0
2018-03-30 21:30:00,18855.0,18870.0,18855.0,18865.0,188.0,17730150.0,54342.0
2018-03-30 21:35:00,18865.0,18870.0,18860.0,18865.0,150.0,14148200.0,54330.0
2018-03-30 21:40:00,18870.0,18875.0,18865.0,18870.0,190.0,17926300.0,54350.0
2018-03-30 21:45:00,18875.0,18890.0,18875.0,18875.0,332.0,31342050.0,54414.0
2018-03-30 21:50:00,18870.0,18870.0,18860.0,18865.0,190.0,17923000.0,54386.0
2018-03-30 21:55:00,18870.0,18875.0,18870.0,18870.0,166.0,15662650.0,54330.0
2018-03-30 22:00:00,18875.0,18885.0,18870.0,18880.0,164.0,15481150.0,54348.0
2018-03-30 22:05:00,18880.0,18885.0,18875.0,18885.0,90.0,8495600.0,54350.0
2018-03-30 22:10:00,18880.0,18885.0,18880.0,18880.0,136.0,12839000.0,54414.0
2018-03-30 22:15:00,18880.0,18900.0,18880.0,18895.0,156.0,14734000.0,54438.0
2018-03-30 22:20:00,18890.0,18900.0,18875.0,18890.0,400.0,37772200.0,54486.0
2018-03-30 22:25:00,18895.0,18900.0,18890.0,18900.0,212.0,20030050.0,54546.0
2018-03-30 22:30:00,18900.0,18920.0,18890.0,18890.0,452.0,42722000.0,54616.0
2018-03-30 22:35:00,18890.0,18900.0,18890.0,18890.0,94.0,8880150.0,54602.0
2018-03-30 22:40:00,18890.0,18895.0,18875.0,18880.0,236.0,22282300.0,54522.0
2018-03-30 22:45:00,18880.0,18890.0,18875.0,18880.0,188.0,17748250.0,54522.0
2018-03-30 22:50:00,18885.0,18895.0,18885.0,18895.0,106.0,10011950.0,54550.0
2018-03-30 22:55:00,18895.0,18905.0,18885.0,18885.0,194.0,18328400.0,54576.0
2018-03-30 23:00:00,18885.0,18890.0,18875.0,18875.0,180.0,16993500.0,54608.0
2018-03-30 23:05:00,18875.0,18885.0,18875.0,18880.0,298.0,28135050.0,54688.0
2018-03-30 23:10:00,18885.0,18920.0,18880.0,18920.0,666.0,62901900.0,54912.0
2018-03-30 23:15:00,18920.0,18920.0,18880.0,18900.0,404.0,38175150.0,54896.0
2018-03-30 23:20:00,18900.0,18925.0,18890.0,18920.0,492.0,46535100.0,54976.0
2018-03-30 23:25:00,18920.0,18980.0,18920.0,18975.0,1670.0,158253550.0,55182.0
2018-03-30 23:30:00,18975.0,18980.0,18955.0,18965.0,774.0,73396050.0,55124.0
2018-03-30 23:35:00,18965.0,19025.0,18960.0,18995.0,1418.0,134726350.0,55038.0
2018-03-30 23:40:00,18995.0,19010.0,18970.0,19000.0,574.0,54498750.0,54800.0
2018-03-30 23:45:00,19000.0,19010.0,18980.0,19010.0,410.0,38939700.0,54690.0
2018-03-30 23:50:00,19010.0,19080.0,19005.0,19060.0,1514.0,144195800.0,54794.0
2018-03-30 23:55:00,19060.0,19065.0,19020.0,19060.0,734.0,69890100.0,54734.0
2018-03-31 00:00:00,19060.0,19080.0,19040.0,19045.0,806.0,76826700.0,54840.0
2018-03-31 00:05:00,19050.0,19050.0,19035.0,19035.0,186.0,17705600.0,54846.0
2018-03-31 00:10:00,19040.0,19060.0,19035.0,19035.0,186.0,17710550.0,54854.0
2018-03-31 00:15:00,19035.0,19060.0,19030.0,19055.0,140.0,13330750.0,54852.0
2018-03-31 00:20:00,19050.0,19065.0,19050.0,19065.0,88.0,8384000.0,54858.0
2018-03-31 00:25:00,19070.0,19075.0,19045.0,19050.0,218.0,20772950.0,54862.0
2018-03-31 00:30:00,19050.0,19055.0,19005.0,19020.0,500.0,47573600.0,54742.0
2018-03-31 00:35:00,19020.0,19045.0,19020.0,19040.0,198.0,18846500.0,54756.0
2018-03-31 00:40:00,19040.0,19055.0,19040.0,19055.0,226.0,21528250.0,54770.0
2018-03-31 00:45:00,19055.0,19060.0,19045.0,19055.0,148.0,14099050.0,54784.0
2018-03-31 00:50:00,19050.0,19060.0,19045.0,19055.0,138.0,13147250.0,54774.0
2018-03-31 00:55:00,19055.0,19105.0,19050.0,19100.0,916.0,87368000.0,54696.0
2018-04-02 09:00:00,19100.0,19105.0,18915.0,18925.0,3894.0,369745800.0,54160.0
2018-04-02 09:05:00,18930.0,18930.0,18835.0,18860.0,3502.0,330491800.0,53660.0
2018-04-02 09:10:00,18860.0,18900.0,18845.0,18875.0,1262.0,119082000.0,53570.0
2018-04-02 09:15:00,18880.0,18930.0,18880.0,18925.0,878.0,83018350.0,53760.0
2018-04-02 09:20:00,18920.0,18930.0,18905.0,18920.0,732.0,69233250.0,53972.0
2018-04-02 09:25:00,18920.0,18950.0,18920.0,18945.0,1000.0,94680650.0,54196.0
2018-04-02 09:30:00,18945.0,18995.0,18945.0,18985.0,1142.0,108353350.0,54534.0
2018-04-02 09:35:00,18990.0,18990.0,18960.0,18970.0,926.0,87846850.0,54784.0
2018-04-02 09:40:00,18970.0,18985.0,18955.0,18955.0,848.0,80436750.0,55004.0
2018-04-02 09:45:00,18955.0,18960.0,18945.0,18955.0,322.0,30513700.0,54978.0
2018-04-02 09:50:00,18955.0,18955.0,18945.0,18945.0,368.0,34867550.0,54898.0
2018-04-02 09:55:00,18945.0,18950.0,18930.0,18930.0,412.0,39014300.0,54900.0
2018-04-02 10:00:00,18935.0,18960.0,18935.0,18960.0,428.0,40546250.0,54850.0
2018-04-02 10:05:00,18955.0,18955.0,18915.0,18915.0,656.0,62109050.0,54956.0
2018-04-02 10:10:00,18920.0,18935.0,18870.0,18890.0,980.0,92662250.0,55012.0
2018-04-02 10:30:00,18895.0,18895.0,18855.0,18860.0,1154.0,108913200.0,54854.0
2018-04-02 10:35:00,18860.0,18865.0,18840.0,18865.0,442.0,41669000.0,54758.0
2018-04-02 10:40:00,18870.0,18880.0,18860.0,18870.0,452.0,42644300.0,54686.0
2018-04-02 10:45:00,18865.0,18870.0,18850.0,18870.0,382.0,36018900.0,54642.0
2018-04-02 10:50:00,18875.0,18890.0,18825.0,18835.0,812.0,76534400.0,54652.0
2018-04-02 10:55:00,18835.0,18865.0,18835.0,18850.0,426.0,40146150.0,54598.0
2018-04-02 11:00:00,18845.0,18875.0,18845.0,18860.0,522.0,49224350.0,54488.0
2018-04-02 11:05:00,18855.0,18855.0,18820.0,18830.0,650.0,61203550.0,54478.0
2018-04-02 11:10:00,18830.0,18845.0,18810.0,18840.0,734.0,69088200.0,54466.0
2018-04-02 11:15:00,18840.0,18850.0,18840.0,18845.0,300.0,28265900.0,54418.0
2018-04-02 11:20:00,18850.0,18855.0,18835.0,18850.0,260.0,24501950.0,54366.0
2018-04-02 11:25:00,18845.0,18845.0,18820.0,18825.0,302.0,28439400.0,54290.0
2018-04-02 13:30:00,18825.0,18830.0,18800.0,18815.0,1306.0,122841700.0,54310.0
2018-04-02 13:35:00,18820.0,18870.0,18820.0,18865.0,734.0,69169200.0,54398.0
2018-04-02 13:40:00,18875.0,18875.0,18860.0,18875.0,338.0,31890100.0,54480.0
2018-04-02 13:45:00,18870.0,18905.0,18870.0,18880.0,838.0,79130200.0,54586.0
2018-04-02 13:50:00,18880.0,18880.0,18860.0,18870.0,166.0,15663200.0,54598.0
2018-04-02 13:55:00,18870.0,18880.0,18855.0,18880.0,298.0,28109900.0,54594.0
2018-04-02 14:00:00,18880.0,18890.0,18875.0,18880.0,328.0,30963850.0,54548.0
2018-04-02 14:05:00,18875.0,18875.0,18845.0,18860.0,268.0,25267650.0,54594.0
2018-04-02 14:10:00,18855.0,18860.0,18845.0,18860.0,136.0,12818800.0,54606.0
2018-04-02 14:15:00,18860.0,18860.0,18830.0,18840.0,368.0,34668550.0,54526.0
2018-04-02 14:20:00,18845.0,18850.0,18830.0,18845.0,206.0,19407300.0,54522.0
2018-04-02 14:25:00,18840.0,18860.0,18835.0,18860.0,316.0,29778350.0,54466.0
2018-04-02 14:30:00,18860.0,18890.0,18845.0,18890.0,610.0,57538200.0,54250.0
2018-04-02 14:35:00,18890.0,18895.0,18885.0,18885.0,424.0,40045000.0,54070.0
2018-04-02 14:40:00,18880.0,18890.0,18875.0,18885.0,348.0,32853550.0,53962.0
2018-04-02 14:45:00,18885.0,18885.0,18875.0,18880.0,218.0,20580950.0,53910.0
2018-04-02 14:50:00,18875.0,18880.0,18855.0,18860.0,420.0,39630000.0,53876.0
2018-04-02 14:55:00,18860.0,18895.0,18855.0,18895.0,754.0,71149250.0,53680.0
2018-04-02 21:00:00,18845.0,18880.0,18820.0,18825.0,986.0,92935300.0,53762.0
2018-04-02 21:05:00,18830.0,18850.0,18825.0,18835.0,502.0,47282650.0,53858.0
2018-04-02 21:10:00,18835.0,18840.0,18825.0,18825.0,136.0,12806900.0,53882.0
2018-04-02 21:15:00,18830.0,18830.0,18805.0,18825.0,504.0,47412850.0,53964.0
2018-04-02 21:20:00,18820.0,18825.0,18815.0,18825.0,278.0,26161300.0,53956.0
2018-04-02 21:25:00,18825.0,18840.0,18820.0,18840.0,728.0,68531300.0,54198.0
2018-04-02 21:30:00,18840.0,18870.0,18830.0,18830.0,514.0,48440950.0,54236.0
2018-04-02 21:35:00,18830.0,18850.0,18820.0,18850.0,584.0,54993700.0,54188.0
2018-04-02 21:40:00,18850.0,18860.0,18845.0,18850.0,320.0,30164250.0,54218.0
2018-04-02 21:45:00,18845.0,18850.0,18835.0,18845.0,128.0,12059500.0,54190.0
2018-04-02 21:50:00,18845.0,18865.0,18845.0,18855.0,110.0,10371400.0,54166.0
2018-04-02 21:55:00,18855.0,18865.0,18850.0,18850.0,152.0,14332200.0,54166.0
2018-04-02 22:00:00,18850.0,18855.0,18840.0,18855.0,86.0,8104050.0,54150.0
2018-04-02 22:05:00,18855.0,18855.0,18825.0,18825.0,250.0,23548300.0,54166.0
2018-04-02 22:10:00,18820.0,18825.0,18795.0,18825.0,916.0,86144600.0,54314.0
2018-04-02 22:15:00,18830.0,18855.0,18815.0,18825.0,502.0,47265050.0,54408.0
2018-04-02 22:20:00,18830.0,18855.0,18825.0,18850.0,510.0,48044500.0,54362.0
2018-04-02 22:25:00,18850.0,18850.0,18840.0,18845.0,270.0,25444500.0,54292.0
2018-04-02 22:30:00,18845.0,18850.0,18840.0,18845.0,98.0,9234050.0,54284.0
2018-04-02 22:35:00,18845.0,18870.0,18840.0,18860.0,506.0,47713650.0,54242.0
2018-04-02 22:40:00,18860.0,18870.0,18855.0,18865.0,254.0,23957000.0,54208.0
2018-04-02 22:45:00,18865.0,18865.0,18850.0,18855.0,172.0,16217750.0,54200.0
2018-04-02 22:50:00,18855.0,18855.0,18845.0,18845.0,156.0,14703550.0,54180.0
2018-04-02 22:55:00,18845.0,18860.0,18840.0,18860.0,264.0,24880650.0,54146.0
2018-04-02 23:00:00,18865.0,18865.0,18845.0,18850.0,102.0,9616050.0,54140.0
2018-04-02 23:05:00,18850.0,18855.0,18845.0,18855.0,68.0,6409500.0,54140.0
2018-04-02 23:10:00,18855.0,18900.0,18855.0,18890.0,856.0,80829050.0,54296.0
2018-04-02 23:15:00,18895.0,18895.0,18870.0,18875.0,566.0,53431850.0,54452.0
2018-04-02 23:20:00,18870.0,18880.0,18870.0,18875.0,134.0,12645100.0,54476.0
2018-04-02 23:25:00,18880.0,18885.0,18860.0,18865.0,344.0,32469250.0,54396.0
2018-04-02 23:30:00,18865.0,18875.0,18865.0,18870.0,200.0,18871100.0,54336.0
2018-04-02 23:35:00,18870.0,18870.0,18855.0,18865.0,108.0,10184800.0,54370.0
2018-04-02 23:40:00,18865.0,18865.0,18835.0,18845.0,322.0,30342800.0,54354.0
2018-04-02 23:45:00,18845.0,18850.0,18830.0,18840.0,226.0,21287350.0,54308.0
2018-04-02 23:50:00,18840.0,18840.0,18830.0,18840.0,58.0,5463050.0,54300.0
2018-04-02 23:55:00,18840.0,18845.0,18830.0,18845.0,132.0,12432300.0,54292.0
2018-04-03 00:00:00,18840.0,18850.0,18835.0,18840.0,164.0,15450700.0,54302.0
2018-04-03 00:05:00,18840.0,18845.0,18820.0,18830.0,120.0,11298950.0,54266.0
2018-04-03 00:10:00,18830.0,18840.0,18830.0,18835.0,106.0,9984050.0,54268.0
2018-04-03 00:15:00,18830.0,18830.0,18815.0,18820.0,114.0,10727800.0,54240.0
2018-04-03 00:20:00,18820.0,18830.0,18820.0,18820.0,36.0,3388500.0,54244.0
2018-04-03 00:25:00,18820.0,18830.0,18820.0,18830.0,16.0,1505900.0,54240.0
2018-04-03 00:30:00,18825.0,18830.0,18820.0,18825.0,64.0,6024600.0,54236.0
2018-04-03 00:35:00,18825.0,18830.0,18820.0,18825.0,54.0,5082900.0,54234.0
2018-04-03 00:40:00,18825.0,18825.0,18805.0,18815.0,90.0,8465850.0,54234.0
2018-04-03 00:45:00,18810.0,18825.0,18810.0,18820.0,240.0,22581250.0,54262.0
2018-04-03 00:50:00,18820.0,18825.0,18820.0,18825.0,152.0,14304600.0,54280.0
2018-04-03 00:55:00,18825.0,18835.0,18810.0,18815.0,222.0,20892950.0,54184.0
2018-04-03 09:00:00,18805.0,18855.0,18800.0,18845.0,950.0,89463550.0,54270.0
2018-04-03 09:05:00,18840.0,18840.0,18825.0,18835.0,692.0,65166850.0,54290.0
2018-04-03 09:10:00,18835.0,18870.0,18825.0,18825.0,758.0,71456450.0,54202.0
2018-04-03 09:15:00,18830.0,18835.0,18810.0,18815.0,620.0,58350050.0,54338.0
2018-04-03 09:20:00,18820.0,18820.0,18730.0,18745.0,2056.0,192799150.0,53874.0
2018-04-03 09:25:00,18745.0,18765.0,18730.0,18760.0,1284.0,120337550.0,53744.0
2018-04-03 09:30:00,18755.0,18800.0,18750.0,18770.0,1126.0,105737700.0,53682.0
2018-04-03 09:35:00,18770.0,18770.0,18745.0,18750.0,460.0,43142750.0,53654.0
2018-04-03 09:40:00,18745.0,18750.0,18715.0,18740.0,936.0,87665850.0,53736.0
2018-04-03 09:45:00,18740.0,18750.0,18725.0,18730.0,712.0,66720800.0,53868.0
2018-04-03 09:50:00,18735.0,18750.0,18725.0,18745.0,634.0,59400500.0,53814.0
2018-04-03 09:55:00,18745.0,18750.0,18735.0,18740.0,412.0,38602800.0,53812.0
2018-04-03 10:00:00,18740.0,18740.0,18705.0,18720.0,980.0,91723800.0,53698.0
2018-04-03 10:05:00,18720.0,18720.0,18710.0,18715.0,342.0,32000050.0,53728.0
2018-04-03 10:10:00,18720.0,18725.0,18715.0,18725.0,228.0,21343400.0,53712.0
2018-04-03 10:30:00,18725.0,18740.0,18720.0,18735.0,386.0,36149800.0,53654.0
2018-04-03 10:35:00,18735.0,18740.0,18720.0,18720.0,400.0,37461300.0,53626.0
2018-04-03 10:40:00,18725.0,18730.0,18720.0,18730.0,296.0,27712150.0,53530.0
2018-04-03 10:45:00,18730.0,18750.0,18725.0,18740.0,332.0,31102950.0,53438.0
2018-04-03 10:50:00,18745.0,18770.0,18730.0,18735.0,896.0,83969700.0,53256.0
2018-04-03 10:55:00,18740.0,18760.0,18735.0,18750.0,236.0,22123850.0,53244.0
2018-04-03 11:00:00,18745.0,18745.0,18720.0,18720.0,466.0,43648100.0,53266.0
2018-04-03 11:05:00,18720.0,18730.0,18705.0,18710.0,378.0,35376000.0,53258.0
2018-04-03 11:10:00,18705.0,18720.0,18690.0,18720.0,484.0,45267600.0,53174.0
2018-04-03 11:15:00,18715.0,18720.0,18705.0,18720.0,300.0,28068150.0,53136.0
2018-04-03 11:20:00,18715.0,18730.0,18710.0,18730.0,186.0,17409650.0,53072.0
2018-04-03 11:25:00,18730.0,18745.0,18720.0,18740.0,350.0,32783850.0,52976.0
2018-04-03 13:30:00,18725.0,18725.0,18655.0,18670.0,1508.0,140933200.0,52684.0
2018-04-03 13:35:00,18670.0,18680.0,18645.0,18650.0,1032.0,96282750.0,52480.0
2018-04-03 13:40:00,18650.0,18690.0,18650.0,18665.0,922.0,86075700.0,52222.0
2018-04-03 13:45:00,18665.0,18690.0,18660.0,18685.0,730.0,68163500.0,52234.0
2018-04-03 13:50:00,18690.0,18700.0,18685.0,18690.0,552.0,51585900.0,52294.0
2018-04-03 13:55:00,18690.0,18695.0,18685.0,18690.0,96.0,8972300.0,52278.0
2018-04-03 14:00:00,18685.0,18695.0,18675.0,18695.0,300.0,28024900.0,52226.0
2018-04-03 14:05:00,18690.0,18695.0,18685.0,18695.0,304.0,28409500.0,52214.0
2018-04-03 14:10:00,18695.0,18700.0,18685.0,18695.0,520.0,48597800.0,52214.0
2018-04-03 14:15:00,18695.0,18730.0,18680.0,18720.0,746.0,69742550.0,52018.0
2018-04-03 14:20:00,18720.0,18740.0,18710.0,18710.0,810.0,75817350.0,52080.0
2018-04-03 14:25:00,18705.0,18730.0,18700.0,18725.0,536.0,50137100.0,52084.0
2018-04-03 14:30:00,18725.0,18730.0,18715.0,18715.0,572.0,53540100.0,52030.0
2018-04-03 14:35:00,18710.0,18715.0,18700.0,18705.0,366.0,34239750.0,52002.0
2018-04-03 14:40:00,18700.0,18705.0,18675.0,18680.0,478.0,44663300.0,52108.0
2018-04-03 14:45:00,18680.0,18685.0,18670.0,18675.0,420.0,39226150.0,52158.0
2018-04-03 14:50:00,18680.0,18690.0,18665.0,18675.0,552.0,51539500.0,52076.0
2018-04-03 14:55:00,18680.0,18710.0,18675.0,18705.0,886.0,82804650.0,51850.0
2018-04-03 21:00:00,18770.0,18770.0,18680.0,18730.0,1528.0,143025250.0,51950.0
2018-04-03 21:05:00,18730.0,18760.0,18720.0,18730.0,1330.0,124591400.0,51666.0
2018-04-03 21:10:00,18720.0,18735.0,18705.0,18725.0,624.0,58403750.0,51648.0
2018-04-03 21:15:00,18725.0,18735.0,18710.0,18730.0,794.0,74332850.0,51702.0
2018-04-03 21:20:00,18735.0,18740.0,18725.0,18735.0,638.0,59755800.0,51662.0
2018-04-03 21:25:00,18735.0,18755.0,18735.0,18750.0,514.0,48161000.0,51484.0
2018-04-03 21:30:00,18750.0,18755.0,18735.0,18745.0,452.0,42362500.0,51526.0
2018-04-03 21:35:00,18745.0,18750.0,18740.0,18740.0,370.0,34683000.0,51538.0
2018-04-03 21:40:00,18745.0,18765.0,18745.0,18750.0,420.0,39380500.0,51490.0
2018-04-03 21:45:00,18750.0,18765.0,18745.0,18755.0,470.0,44080750.0,51424.0
2018-04-03 21:50:00,18750.0,18750.0,18720.0,18735.0,656.0,61451700.0,51358.0
2018-04-03 21:55:00,18730.0,18735.0,18720.0,18720.0,202.0,18915350.0,51344.0
2018-04-03 22:00:00,18720.0,18725.0,18705.0,18720.0,272.0,25456350.0,51334.0
2018-04-03 22:05:00,18720.0,18735.0,18715.0,18725.0,378.0,35395150.0,51268.0
2018-04-03 22:10:00,18725.0,18725.0,18700.0,18710.0,486.0,45472100.0,51174.0
2018-04-03 22:15:00,18710.0,18730.0,18710.0,18715.0,244.0,22835750.0,51108.0
2018-04-03 22:20:00,18715.0,18720.0,18705.0,18710.0,310.0,28999700.0,51014.0
2018-04-03 22:25:00,18710.0,18715.0,18685.0,18715.0,520.0,48618850.0,50974.0
2018-04-03 22:30:00,18715.0,18725.0,18705.0,18705.0,424.0,39673300.0,50906.0
2018-04-03 22:35:00,18705.0,18715.0,18685.0,18695.0,450.0,42067750.0,50814.0
2018-04-03 22:40:00,18695.0,18695.0,18670.0,18670.0,332.0,31013400.0,50846.0
2018-04-03 22:45:00,18675.0,18680.0,18665.0,18670.0,564.0,52654400.0,50782.0
2018-04-03 22:50:00,18675.0,18680.0,18660.0,18665.0,578.0,53954100.0,50792.0
2018-04-03 22:55:00,18665.0,18680.0,18655.0,18680.0,730.0,68124100.0,50860.0
2018-04-03 23:00:00,18680.0,18685.0,18665.0,18680.0,492.0,45943600.0,50794.0
2018-04-03 23:05:00,18680.0,18680.0,18675.0,18680.0,140.0,13075650.0,50794.0
2018-04-03 23:10:00,18680.0,18680.0,18655.0,18660.0,210.0,19600800.0,50788.0
2018-04-03 23:15:00,18660.0,18685.0,18655.0,18685.0,302.0,28190300.0,50716.0
2018-04-03 23:20:00,18685.0,18685.0,18660.0,18675.0,140.0,13071650.0,50748.0
2018-04-03 23:25:00,18675.0,18690.0,18665.0,18685.0,256.0,23913550.0,50696.0
2018-04-03 23:30:00,18685.0,18685.0,18665.0,18680.0,190.0,17743000.0,50722.0
2018-04-03 23:35:00,18680.0,18685.0,18670.0,18675.0,98.0,9151150.0,50734.0
2018-04-03 23:40:00,18680.0,18680.0,18670.0,18675.0,126.0,11766600.0,50732.0
2018-04-03 23:45:00,18675.0,18675.0,18665.0,18675.0,82.0,7654900.0,50732.0
2018-04-03 23:50:00,18675.0,18690.0,18665.0,18690.0,118.0,11019650.0,50724.0
2018-04-03 23:55:00,18690.0,18690.0,18670.0,18675.0,172.0,16063250.0,50736.0
2018-04-04 00:00:00,18675.0,18695.0,18675.0,18695.0,222.0,20740550.0,50808.0
2018-04-04 00:05:00,18695.0,18700.0,18690.0,18700.0,146.0,13646900.0,50778.0
2018-04-04 00:10:00,18695.0,18700.0,18680.0,18680.0,172.0,16072050.0,50814.0
2018-04-04 00:15:00,18680.0,18685.0,18680.0,18685.0,10.0,934200.0,50810.0
2018-04-04 00:20:00,18685.0,18685.0,18675.0,18680.0,184.0,17184100.0,50838.0
2018-04-04 00:25:00,18675.0,18680.0,18675.0,18680.0,36.0,3362300.0,50812.0
2018-04-04 00:30:00,18680.0,18690.0,18680.0,18685.0,88.0,8222100.0,50790.0
2018-04-04 00:35:00,18690.0,18695.0,18685.0,18690.0,38.0,3551050.0,50798.0
2018-04-04 00:40:00,18690.0,18690.0,18685.0,18690.0,38.0,3551050.0,50778.0
2018-04-04 00:45:00,18690.0,18690.0,18680.0,18685.0,80.0,7473050.0,50778.0
2018-04-04 00:50:00,18685.0,18690.0,18680.0,18690.0,62.0,5791850.0,50788.0
2018-04-04 00:55:00,18685.0,18700.0,18680.0,18695.0,162.0,15140650.0,50682.0
2018-04-04 09:00:00,18690.0,18715.0,18625.0,18640.0,1828.0,170667750.0,50590.0
2018-04-04 09:05:00,18635.0,18650.0,18630.0,18635.0,920.0,85747050.0,50594.0
2018-04-04 09:10:00,18635.0,18670.0,18635.0,18655.0,522.0,48684950.0,50588.0
2018-04-04 09:15:00,18660.0,18690.0,18660.0,18680.0,458.0,42768550.0,50594.0
2018-04-04 09:20:00,18685.0,18690.0,18655.0,18660.0,580.0,54148400.0,50524.0
2018-04-04 09:25:00,18660.0,18675.0,18660.0,18675.0,204.0,19043100.0,50502.0
2018-04-04 09:30:00,18675.0,18690.0,18645.0,18665.0,462.0,43114100.0,50362.0
2018-04-04 09:35:00,18665.0,18675.0,18640.0,18640.0,694.0,64747150.0,50238.0
2018-04-04 09:40:00,18640.0,18655.0,18640.0,18645.0,424.0,39529950.0,50124.0
2018-04-04 09:45:00,18645.0,18660.0,18645.0,18660.0,210.0,19585950.0,50100.0
2018-04-04 09:50:00,18665.0,18680.0,18660.0,18680.0,456.0,42563900.0,50114.0
2018-04-04 09:55:00,18680.0,18680.0,18670.0,18675.0,230.0,21479150.0,50086.0
2018-04-04 10:00:00,18675.0,18680.0,18665.0,18675.0,184.0,17179500.0,50092.0
2018-04-04 10:05:00,18675.0,18680.0,18660.0,18670.0,254.0,23708600.0,50094.0
2018-04-04 10:10:00,18670.0,18675.0,18665.0,18670.0,300.0,28006050.0,50076.0
2018-04-04 10:30:00,18670.0,18685.0,18665.0,18675.0,504.0,47067950.0,50064.0
2018-04-04 10:35:00,18680.0,18695.0,18680.0,18695.0,446.0,41668850.0,50124.0
2018-04-04 10:40:00,18690.0,18695.0,18660.0,18660.0,842.0,78600900.0,50202.0
2018-04-04 10:45:00,18665.0,18680.0,18655.0,18670.0,570.0,53208500.0,50150.0
2018-04-04 10:50:00,18670.0,18675.0,18665.0,18675.0,232.0,21660000.0,50128.0
2018-04-04 10:55:00,18675.0,18680.0,18670.0,18675.0,136.0,12699000.0,50146.0
2018-04-04 11:00:00,18680.0,18690.0,18670.0,18690.0,198.0,18494050.0,50134.0
2018-04-04 11:05:00,18690.0,18690.0,18665.0,18675.0,402.0,37546450.0,50028.0
2018-04-04 11:10:00,18675.0,18680.0,18670.0,18675.0,172.0,16060850.0,50024.0
2018-04-04 11:15:00,18675.0,18675.0,18670.0,18670.0,56.0,5228650.0,50010.0
2018-04-04 11:20:00,18675.0,18675.0,18660.0,18675.0,222.0,20722900.0,50020.0
2018-04-04 11:25:00,18680.0,18695.0,18680.0,18690.0,426.0,39808400.0,49810.0
2018-04-04 13:30:00,18685.0,18700.0,18680.0,18690.0,822.0,76820500.0,49572.0
2018-04-04 13:35:00,18690.0,18690.0,18675.0,18680.0,340.0,31758150.0,49536.0
2018-04-04 13:40:00,18680.0,18685.0,18670.0,18675.0,184.0,17182200.0,49526.0
2018-04-04 13:45:00,18675.0,18690.0,18670.0,18685.0,362.0,33808700.0,49484.0
2018-04-04 13:50:00,18685.0,18685.0,18665.0,18670.0,610.0,56959150.0,49356.0
2018-04-04 13:55:00,18670.0,18675.0,18655.0,18660.0,532.0,49643600.0,49284.0
2018-04-04 14:00:00,18660.0,18660.0,18650.0,18655.0,292.0,27238400.0,49292.0
2018-04-04 14:05:00,18655.0,18665.0,18655.0,18655.0,176.0,16420500.0,49256.0
2018-04-04 14:10:00,18655.0,18680.0,18645.0,18670.0,642.0,59891250.0,49170.0
2018-04-04 14:15:00,18670.0,18670.0,18650.0,18665.0,254.0,23698400.0,49180.0
2018-04-04 14:20:00,18665.0,18670.0,18645.0,18645.0,244.0,22755500.0,49138.0
2018-04-04 14:25:00,18645.0,18660.0,18640.0,18650.0,406.0,37853450.0,49064.0
2018-04-04 14:30:00,18650.0,18660.0,18645.0,18655.0,244.0,22756400.0,49000.0
2018-04-04 14:35:00,18655.0,18665.0,18645.0,18665.0,220.0,20519300.0,48934.0
2018-04-04 14:40:00,18665.0,18665.0,18650.0,18660.0,578.0,53922050.0,48908.0
2018-04-04 14:45:00,18655.0,18670.0,18650.0,18660.0,584.0,54493700.0,48962.0
2018-04-04 14:50:00,18655.0,18655.0,18615.0,18635.0,1258.0,117239150.0,48484.0
2018-04-04 14:55:00,18635.0,18650.0,18625.0,18640.0,832.0,77527500.0,48154.0
2018-04-09 09:00:00,18690.0,18700.0,18590.0,18620.0,3166.0,294842200.0,48376.0
2018-04-09 09:05:00,18615.0,18735.0,18590.0,18725.0,2348.0,219128750.0,48568.0
2018-04-09 09:10:00,18720.0,18725.0,18680.0,18690.0,1096.0,102476850.0,48640.0
2018-04-09 09:15:00,18685.0,18690.0,18645.0,18650.0,918.0,85685000.0,48702.0
2018-04-09 09:20:00,18650.0,18650.0,18620.0,18640.0,478.0,44549300.0,48744.0
2018-04-09 09:25:00,18645.0,18655.0,18620.0,18645.0,526.0,49019000.0,48796.0
2018-04-09 09:30:00,18645.0,18645.0,18625.0,18640.0,566.0,52736200.0,48934.0
2018-04-09 09:35:00,18640.0,18645.0,18595.0,18595.0,794.0,73915550.0,49044.0
2018-04-09 09:40:00,18590.0,18590.0,18520.0,18545.0,2020.0,187330650.0,48726.0
2018-04-09 09:45:00,18545.0,18550.0,18520.0,18540.0,816.0,75631950.0,48726.0
2018-04-09 09:50:00,18540.0,18555.0,18530.0,18535.0,408.0,37823400.0,48670.0
2018-04-09 09:55:00,18535.0,18535.0,18510.0,18515.0,904.0,83734700.0,48458.0
2018-04-09 10:00:00,18515.0,18515.0,18470.0,18485.0,1408.0,130173650.0,48258.0
2018-04-09 10:05:00,18480.0,18480.0,18460.0,18460.0,430.0,39721050.0,48270.0
2018-04-09 10:10:00,18465.0,18505.0,18435.0,18485.0,1444.0,133321250.0,48112.0
2018-04-09 10:30:00,18480.0,18490.0,18465.0,18480.0,604.0,55797550.0,48082.0
2018-04-09 10:35:00,18475.0,18500.0,18470.0,18495.0,506.0,46773250.0,48124.0
2018-04-09 10:40:00,18495.0,18515.0,18480.0,18480.0,364.0,33657650.0,48094.0
2018-04-09 10:45:00,18480.0,18490.0,18475.0,18490.0,194.0,17928150.0,48056.0
2018-04-09 10:50:00,18495.0,18520.0,18490.0,18505.0,328.0,30344850.0,48008.0
2018-04-09 10:55:00,18500.0,18505.0,18485.0,18485.0,222.0,20529550.0,47956.0
2018-04-09 11:00:00,18490.0,18500.0,18480.0,18490.0,910.0,84125550.0,47958.0
2018-04-09 11:05:00,18490.0,18500.0,18490.0,18500.0,298.0,27556350.0,47940.0
2018-04-09 11:10:00,18495.0,18500.0,18485.0,18500.0,276.0,25518200.0,47968.0
2018-04-09 11:15:00,18500.0,18505.0,18495.0,18505.0,284.0,26272250.0,48106.0
2018-04-09 11:20:00,18505.0,18515.0,18500.0,18500.0,354.0,32756650.0,48162.0
2018-04-09 11:25:00,18505.0,18510.0,18475.0,18475.0,370.0,34213750.0,48122.0
2018-04-09 13:30:00,18490.0,18555.0,18490.0,18515.0,1538.0,142433600.0,47918.0
2018-04-09 13:35:00,18515.0,18530.0,18495.0,18520.0,786.0,72741100.0,47758.0
2018-04-09 13:40:00,18525.0,18525.0,18505.0,18520.0,616.0,57025450.0,47684.0
2018-04-09 13:45:00,18515.0,18525.0,18510.0,18515.0,408.0,37771150.0,47686.0
2018-04-09 13:50:00,18515.0,18520.0,18495.0,18495.0,608.0,56263950.0,47732.0
2018-04-09 13:55:00,18490.0,18495.0,18475.0,18475.0,280.0,25882700.0,47754.0
2018-04-09 14:00:00,18480.0,18515.0,18475.0,18505.0,658.0,60855900.0,47910.0
2018-04-09 14:05:00,18505.0,18510.0,18490.0,18510.0,454.0,41995250.0,48014.0
2018-04-09 14:10:00,18505.0,18530.0,18505.0,18515.0,350.0,32408000.0,48076.0
2018-04-09 14:15:00,18520.0,18530.0,18515.0,18530.0,204.0,18895700.0,48104.0
2018-04-09 14:20:00,18530.0,18530.0,18505.0,18520.0,436.0,40359300.0,48144.0
2018-04-09 14:25:00,18515.0,18520.0,18510.0,18520.0,348.0,32212950.0,48210.0
2018-04-09 14:30:00,18515.0,18540.0,18515.0,18540.0,356.0,32979900.0,48254.0
2018-04-09 14:35:00,18540.0,18555.0,18540.0,18545.0,348.0,32273450.0,48298.0
2018-04-09 14:40:00,18545.0,18545.0,18510.0,18520.0,654.0,60588550.0,48172.0
2018-04-09 14:45:00,18515.0,18520.0,18490.0,18505.0,776.0,71785050.0,48016.0
2018-04-09 14:50:00,18500.0,18540.0,18495.0,18520.0,1070.0,99064800.0,47540.0
2018-04-09 14:55:00,18520.0,18555.0,18515.0,18555.0,892.0,82694450.0,47228.0
2018-04-09 21:00:00,18605.0,18605.0,18505.0,18520.0,1394.0,129179350.0,47382.0
2018-04-09 21:05:00,18515.0,18525.0,18470.0,18475.0,778.0,71946700.0,47284.0
2018-04-09 21:10:00,18480.0,18500.0,18475.0,18490.0,750.0,69316350.0,47140.0
2018-04-09 21:15:00,18490.0,18495.0,18455.0,18465.0,926.0,85519850.0,47134.0
2018-04-09 21:20:00,18470.0,18510.0,18465.0,18495.0,700.0,64727300.0,47188.0
2018-04-09 21:25:00,18495.0,18495.0,18475.0,18480.0,368.0,34019750.0,47214.0
2018-04-09 21:30:00,18480.0,18480.0,18460.0,18470.0,278.0,25673450.0,47258.0
2018-04-09 21:35:00,18475.0,18485.0,18465.0,18475.0,390.0,36028350.0,47268.0
2018-04-09 21:40:00,18475.0,18475.0,18460.0,18460.0,344.0,31759100.0,47284.0
2018-04-09 21:45:00,18460.0,18465.0,18425.0,18450.0,930.0,85780950.0,47184.0
2018-04-09 21:50:00,18455.0,18465.0,18450.0,18450.0,468.0,43184200.0,47300.0
2018-04-09 21:55:00,18450.0,18470.0,18450.0,18465.0,226.0,20858250.0,47370.0
2018-04-09 22:00:00,18465.0,18480.0,18465.0,18470.0,270.0,24938000.0,47374.0
2018-04-09 22:05:00,18465.0,18470.0,18455.0,18460.0,226.0,20862850.0,47298.0
2018-04-09 22:10:00,18465.0,18490.0,18465.0,18470.0,304.0,28083200.0,47286.0
2018-04-09 22:15:00,18470.0,18480.0,18470.0,18475.0,188.0,17367900.0,47294.0
2018-04-09 22:20:00,18475.0,18475.0,18455.0,18470.0,196.0,18096550.0,47334.0
2018-04-09 22:25:00,18470.0,18475.0,18460.0,18470.0,176.0,16250950.0,47374.0
2018-04-09 22:30:00,18475.0,18480.0,18465.0,18475.0,164.0,15149650.0,47374.0
2018-04-09 22:35:00,18480.0,18485.0,18470.0,18470.0,154.0,14225600.0,47366.0
2018-04-09 22:40:00,18470.0,18475.0,18470.0,18475.0,74.0,6834950.0,47366.0
2018-04-09 22:45:00,18480.0,18485.0,18470.0,18480.0,134.0,12380050.0,47362.0
2018-04-09 22:50:00,18480.0,18485.0,18475.0,18480.0,128.0,11827850.0,47354.0
2018-04-09 22:55:00,18480.0,18485.0,18475.0,18485.0,112.0,10348150.0,47332.0
2018-04-09 23:00:00,18485.0,18510.0,18480.0,18500.0,530.0,49015200.0,47304.0
2018-04-09 23:05:00,18495.0,18495.0,18485.0,18495.0,158.0,14608750.0,47272.0
2018-04-09 23:10:00,18500.0,18500.0,18485.0,18495.0,78.0,7211300.0,47274.0
2018-04-09 23:15:00,18500.0,18510.0,18485.0,18500.0,460.0,42546200.0,47366.0
2018-04-09 23:20:00,18500.0,18530.0,18490.0,18505.0,1122.0,103847050.0,47380.0
2018-04-09 23:25:00,18505.0,18510.0,18495.0,18500.0,526.0,48659900.0,47508.0
2018-04-09 23:30:00,18505.0,18505.0,18490.0,18490.0,190.0,17572200.0,47536.0
2018-04-09 23:35:00,18490.0,18490.0,18475.0,18480.0,214.0,19775950.0,47478.0
2018-04-09 23:40:00,18480.0,18480.0,18480.0,18480.0,50.0,4620000.0,47464.0
2018-04-09 23:45:00,18480.0,18500.0,18480.0,18495.0,156.0,14423250.0,47440.0
2018-04-09 23:50:00,18495.0,18500.0,18490.0,18500.0,52.0,4808800.0,47438.0
2018-04-09 23:55:00,18495.0,18495.0,18470.0,18480.0,188.0,17373900.0,47424.0
2018-04-10 00:00:00,18485.0,18485.0,18470.0,18475.0,146.0,13489000.0,47382.0
2018-04-10 00:05:00,18475.0,18495.0,18470.0,18495.0,136.0,12571850.0,47380.0
2018-04-10 00:10:00,18490.0,18495.0,18490.0,18495.0,96.0,8875900.0,47380.0
2018-04-10 00:15:00,18495.0,18500.0,18485.0,18490.0,70.0,6473300.0,47378.0
2018-04-10 00:20:00,18490.0,18490.0,18485.0,18485.0,16.0,1478800.0,47378.0
2018-04-10 00:25:00,18485.0,18485.0,18475.0,18480.0,98.0,9054750.0,47394.0
2018-04-10 00:30:00,18475.0,18485.0,18450.0,18475.0,352.0,32497500.0,47358.0
2018-04-10 00:35:00,18475.0,18485.0,18475.0,18480.0,88.0,8132550.0,47348.0
2018-04-10 00:40:00,18480.0,18490.0,18470.0,18485.0,140.0,12935750.0,47360.0
2018-04-10 00:45:00,18485.0,18485.0,18475.0,18485.0,88.0,8132550.0,47326.0
2018-04-10 00:50:00,18480.0,18490.0,18475.0,18490.0,100.0,9241650.0,47336.0
2018-04-10 00:55:00,18490.0,18525.0,18480.0,18480.0,310.0,28657850.0,47194.0
2018-04-10 09:00:00,18520.0,18520.0,18455.0,18485.0,1408.0,130085950.0,47306.0
2018-04-10 09:05:00,18480.0,18505.0,18450.0,18490.0,2324.0,214758250.0,46662.0
2018-04-10 09:10:00,18485.0,18485.0,18435.0,18445.0,2164.0,199735500.0,46334.0
2018-04-10 09:15:00,18445.0,18465.0,18420.0,18460.0,1052.0,97005700.0,46276.0
2018-04-10 09:20:00,18460.0,18485.0,18460.0,18465.0,590.0,54497400.0,46278.0
2018-04-10 09:25:00,18465.0,18480.0,18460.0,18470.0,370.0,34175100.0,46262.0
2018-04-10 09:30:00,18475.0,18475.0,18465.0,18465.0,204.0,18841200.0,46216.0
2018-04-10 09:35:00,18465.0,18480.0,18465.0,18470.0,370.0,34179850.0,46098.0
2018-04-10 09:40:00,18470.0,18480.0,18470.0,18470.0,206.0,19027650.0,46074.0
2018-04-10 09:45:00,18470.0,18475.0,18455.0,18455.0,276.0,25483350.0,46040.0
2018-04-10 09:50:00,18460.0,18460.0,18445.0,18450.0,282.0,26016650.0,46006.0
2018-04-10 09:55:00,18445.0,18450.0,18410.0,18420.0,1076.0,99123800.0,45948.0
2018-04-10 10:00:00,18415.0,18420.0,18410.0,18420.0,336.0,30939500.0,45956.0
2018-04-10 10:05:00,18415.0,18425.0,18410.0,18415.0,364.0,33517200.0,45938.0
2018-04-10 10:10:00,18410.0,18430.0,18410.0,18425.0,312.0,28739800.0,45890.0
2018-04-10 10:30:00,18430.0,18435.0,18405.0,18405.0,778.0,71638000.0,45986.0
2018-04-10 10:35:00,18405.0,18410.0,18380.0,18390.0,932.0,85721000.0,46114.0
2018-04-10 10:40:00,18390.0,18410.0,18390.0,18405.0,362.0,33303850.0,46158.0
2018-04-10 10:45:00,18405.0,18415.0,18400.0,18410.0,220.0,20249150.0,46180.0
2018-04-10 10:50:00,18415.0,18455.0,18415.0,18445.0,822.0,75786650.0,46276.0
2018-04-10 10:55:00,18450.0,18450.0,18430.0,18430.0,332.0,30606700.0,46256.0
2018-04-10 11:00:00,18430.0,18430.0,18410.0,18430.0,390.0,35918250.0,46196.0
2018-04-10 11:05:00,18420.0,18435.0,18420.0,18435.0,454.0,41830100.0,46140.0
2018-04-10 11:10:00,18435.0,18440.0,18425.0,18435.0,282.0,25988700.0,46190.0
2018-04-10 11:15:00,18430.0,18430.0,18405.0,18420.0,920.0,84721700.0,45866.0
2018-04-10 11:20:00,18425.0,18440.0,18425.0,18440.0,144.0,13271000.0,45852.0
2018-04-10 11:25:00,18440.0,18440.0,18420.0,18430.0,240.0,22116600.0,45770.0
2018-04-10 13:30:00,18445.0,18495.0,18435.0,18470.0,1654.0,152749750.0,45614.0
2018-04-10 13:35:00,18475.0,18475.0,18450.0,18455.0,694.0,64056300.0,45628.0
2018-04-10 13:40:00,18455.0,18470.0,18450.0,18470.0,274.0,25288300.0,45612.0
2018-04-10 13:45:00,18470.0,18470.0,18450.0,18465.0,218.0,20121350.0,45576.0
2018-04-10 13:50:00,18460.0,18470.0,18450.0,18465.0,280.0,25847050.0,45420.0
2018-04-10 13:55:00,18465.0,18475.0,18460.0,18475.0,240.0,22160350.0,45326.0
2018-04-10 14:00:00,18475.0,18490.0,18465.0,18480.0,436.0,40278100.0,45186.0
2018-04-10 14:05:00,18480.0,18490.0,18470.0,18475.0,596.0,55065600.0,45050.0
2018-04-10 14:10:00,18480.0,18480.0,18465.0,18470.0,346.0,31953350.0,44970.0
2018-04-10 14:15:00,18465.0,18475.0,18450.0,18460.0,660.0,60923700.0,44772.0
2018-04-10 14:20:00,18455.0,18465.0,18455.0,18460.0,254.0,23443500.0,44672.0
2018-04-10 14:25:00,18455.0,18460.0,18450.0,18460.0,242.0,22333500.0,44556.0
2018-04-10 14:30:00,18455.0,18470.0,18440.0,18440.0,378.0,34877150.0,44474.0
2018-04-10 14:35:00,18440.0,18440.0,18420.0,18430.0,528.0,48659400.0,44500.0
2018-04-10 14:40:00,18435.0,18435.0,18415.0,18425.0,422.0,38881700.0,44494.0
2018-04-10 14:45:00,18430.0,18440.0,18430.0,18435.0,212.0,19540450.0,44494.0
2018-04-10 14:50:00,18435.0,18455.0,18430.0,18455.0,520.0,47936450.0,44258.0
2018-04-10 14:55:00,18455.0,18495.0,18440.0,18490.0,994.0,91783300.0,43980.0
2018-04-10 21:00:00,18490.0,18520.0,18475.0,18480.0,1386.0,128190200.0,43996.0
2018-04-10 21:05:00,18475.0,18505.0,18470.0,18495.0,724.0,66931200.0,43996.0
2018-04-10 21:10:00,18495.0,18515.0,18485.0,18515.0,414.0,38303250.0,44030.0
2018-04-10 21:15:00,18515.0,18515.0,18495.0,18505.0,308.0,28500900.0,44022.0
2018-04-10 21:20:00,18510.0,18540.0,18505.0,18520.0,492.0,45562000.0,43938.0
2018-04-10 21:25:00,18515.0,18540.0,18505.0,18525.0,324.0,30004600.0,43926.0
2018-04-10 21:30:00,18530.0,18545.0,18520.0,18520.0,430.0,39851450.0,43938.0
2018-04-10 21:35:00,18520.0,18530.0,18510.0,18520.0,252.0,23333400.0,43932.0
2018-04-10 21:40:00,18525.0,18530.0,18510.0,18520.0,204.0,18889550.0,43948.0
2018-04-10 21:45:00,18520.0,18520.0,18510.0,18520.0,112.0,10369550.0,43944.0
2018-04-10 21:50:00,18525.0,18535.0,18515.0,18515.0,330.0,30563100.0,43870.0
2018-04-10 21:55:00,18520.0,18525.0,18510.0,18515.0,98.0,9073150.0,43870.0
2018-04-10 22:00:00,18510.0,18520.0,18495.0,18505.0,228.0,21093000.0,43820.0
2018-04-10 22:05:00,18505.0,18510.0,18500.0,18505.0,148.0,13695500.0,43840.0
2018-04-10 22:10:00,18505.0,18510.0,18495.0,18500.0,188.0,17392550.0,43854.0
2018-04-10 22:15:00,18500.0,18505.0,18495.0,18500.0,52.0,4810050.0,43850.0
2018-04-10 22:20:00,18505.0,18520.0,18500.0,18510.0,182.0,16843500.0,43836.0
2018-04-10 22:25:00,18510.0,18515.0,18500.0,18510.0,140.0,12955800.0,43834.0
2018-04-10 22:30:00,18510.0,18510.0,18485.0,18490.0,250.0,23119000.0,43818.0
2018-04-10 22:35:00,18490.0,18490.0,18470.0,18480.0,310.0,28643450.0,43782.0
2018-04-10 22:40:00,18480.0,18490.0,18455.0,18490.0,296.0,27336400.0,43844.0
2018-04-10 22:45:00,18490.0,18495.0,18480.0,18485.0,154.0,14234200.0,43882.0
2018-04-10 22:50:00,18490.0,18500.0,18490.0,18490.0,190.0,17568600.0,43874.0
2018-04-10 22:55:00,18490.0,18495.0,18480.0,18490.0,108.0,9983550.0,43842.0
2018-04-10 23:00:00,18490.0,18495.0,18480.0,18480.0,82.0,7580550.0,43832.0
2018-04-10 23:05:00,18480.0,18485.0,18470.0,18485.0,126.0,11639500.0,43864.0
2018-04-10 23:10:00,18485.0,18485.0,18450.0,18460.0,296.0,27326350.0,43942.0
2018-04-10 23:15:00,18460.0,18470.0,18455.0,18460.0,72.0,6646550.0,43966.0
2018-04-10 23:20:00,18465.0,18485.0,18455.0,18485.0,238.0,21977100.0,43934.0
2018-04-10 23:25:00,18490.0,18490.0,18475.0,18485.0,206.0,19037950.0,43900.0
2018-04-10 23:30:00,18485.0,18485.0,18470.0,18475.0,84.0,7759850.0,43926.0
2018-04-10 23:35:00,18475.0,18480.0,18470.0,18480.0,80.0,7390550.0,43922.0
2018-04-10 23:40:00,18480.0,18490.0,18475.0,18490.0,176.0,16266050.0,43914.0
2018-04-10 23:45:00,18495.0,18500.0,18480.0,18485.0,164.0,15162350.0,43908.0
2018-04-10 23:50:00,18490.0,18495.0,18480.0,18485.0,100.0,9244400.0,43922.0
2018-04-10 23:55:00,18490.0,18495.0,18490.0,18495.0,22.0,2034350.0,43918.0
2018-04-11 00:00:00,18500.0,18520.0,18500.0,18520.0,478.0,44236200.0,43960.0
2018-04-11 00:05:00,18520.0,18520.0,18515.0,18515.0,124.0,11480100.0,43954.0
2018-04-11 00:10:00,18520.0,18545.0,18520.0,18545.0,514.0,47636900.0,43826.0
2018-04-11 00:15:00,18535.0,18560.0,18535.0,18540.0,512.0,47487000.0,43714.0
2018-04-11 00:20:00,18545.0,18545.0,18530.0,18535.0,134.0,12418950.0,43722.0
2018-04-11 00:25:00,18530.0,18540.0,18525.0,18530.0,98.0,9079900.0,43722.0
2018-04-11 00:30:00,18530.0,18530.0,18520.0,18525.0,86.0,7966000.0,43742.0
2018-04-11 00:35:00,18520.0,18530.0,18520.0,18530.0,8.0,741100.0,43738.0
2018-04-11 00:40:00,18525.0,18525.0,18520.0,18520.0,70.0,6482600.0,43716.0
2018-04-11 00:45:00,18515.0,18525.0,18505.0,18520.0,108.0,9998300.0,43724.0
2018-04-11 00:50:00,18520.0,18520.0,18510.0,18520.0,70.0,6480450.0,43694.0
2018-04-11 00:55:00,18515.0,18520.0,18500.0,18520.0,164.0,15178450.0,43624.0
2018-04-11 09:00:00,18520.0,18535.0,18485.0,18535.0,584.0,54043800.0,43578.0
2018-04-11 09:05:00,18540.0,18580.0,18525.0,18555.0,990.0,91852350.0,43648.0
2018-04-11 09:10:00,18560.0,18595.0,18555.0,18575.0,640.0,59448800.0,43584.0
2018-04-11 09:15:00,18575.0,18595.0,18560.0,18565.0,478.0,44408200.0,43636.0
2018-04-11 09:20:00,18560.0,18565.0,18550.0,18560.0,244.0,22640500.0,43616.0
2018-04-11 09:25:00,18555.0,18565.0,18540.0,18550.0,204.0,18925000.0,43586.0
2018-04-11 09:30:00,18545.0,18545.0,18520.0,18530.0,202.0,18717150.0,43632.0
2018-04-11 09:35:00,18530.0,18550.0,18530.0,18540.0,336.0,31144750.0,43606.0
2018-04-11 09:40:00,18545.0,18555.0,18540.0,18550.0,208.0,19288900.0,43578.0
2018-04-11 09:45:00,18550.0,18555.0,18525.0,18525.0,336.0,31146600.0,43554.0
2018-04-11 09:50:00,18525.0,18540.0,18520.0,18535.0,156.0,14453100.0,43548.0
2018-04-11 09:55:00,18535.0,18535.0,18515.0,18515.0,288.0,26675800.0,43518.0
2018-04-11 10:00:00,18515.0,18530.0,18515.0,18520.0,200.0,18520100.0,43520.0
2018-04-11 10:05:00,18525.0,18525.0,18490.0,18500.0,412.0,38119050.0,43418.0
2018-04-11 10:10:00,18505.0,18510.0,18490.0,18495.0,186.0,17205650.0,43450.0
2018-04-11 10:30:00,18485.0,18495.0,18470.0,18495.0,616.0,56926600.0,43468.0
2018-04-11 10:35:00,18490.0,18515.0,18490.0,18495.0,228.0,21089150.0,43470.0
2018-04-11 10:40:00,18500.0,18500.0,18490.0,18490.0,92.0,8508050.0,43460.0
2018-04-11 10:45:00,18490.0,18490.0,18480.0,18490.0,136.0,12570600.0,43468.0
2018-04-11 10:50:00,18485.0,18490.0,18470.0,18475.0,276.0,25500900.0,43534.0
2018-04-11 10:55:00,18470.0,18475.0,18460.0,18470.0,242.0,22344350.0,43484.0
2018-04-11 11:00:00,18470.0,18480.0,18465.0,18465.0,334.0,30845050.0,43402.0
2018-04-11 11:05:00,18460.0,18465.0,18450.0,18455.0,746.0,68843850.0,43274.0
2018-04-11 11:10:00,18460.0,18465.0,18455.0,18460.0,380.0,35073050.0,43258.0
2018-04-11 11:15:00,18455.0,18490.0,18455.0,18475.0,386.0,35653700.0,43270.0
2018-04-11 11:20:00,18480.0,18485.0,18470.0,18480.0,202.0,18662450.0,43232.0
2018-04-11 11:25:00,18475.0,18480.0,18460.0,18465.0,146.0,13480300.0,43186.0
2018-04-11 13:30:00,18460.0,18495.0,18460.0,18465.0,756.0,69820650.0,43254.0
2018-04-11 13:35:00,18465.0,18465.0,18435.0,18435.0,822.0,75815450.0,43390.0
2018-04-11 13:40:00,18440.0,18460.0,18435.0,18460.0,468.0,43176350.0,43346.0
2018-04-11 13:45:00,18455.0,18485.0,18455.0,18480.0,276.0,25490550.0,43332.0
2018-04-11 13:50:00,18480.0,18480.0,18460.0,18460.0,134.0,12376100.0,43300.0
2018-04-11 13:55:00,18460.0,18480.0,18460.0,18475.0,86.0,7942150.0,43292.0
2018-04-11 14:00:00,18475.0,18480.0,18450.0,18450.0,260.0,24002850.0,43266.0
2018-04-11 14:05:00,18455.0,18485.0,18450.0,18480.0,202.0,18651200.0,43212.0
2018-04-11 14:10:00,18480.0,18485.0,18465.0,18465.0,110.0,10160900.0,43192.0
2018-04-11 14:15:00,18460.0,18470.0,18455.0,18470.0,386.0,35628400.0,43098.0
2018-04-11 14:20:00,18470.0,18470.0,18445.0,18445.0,722.0,66622600.0,42792.0
2018-04-11 14:25:00,18450.0,18465.0,18450.0,18460.0,158.0,14579550.0,42776.0
2018-04-11 14:30:00,18460.0,18490.0,18455.0,18485.0,268.0,24752500.0,42760.0
2018-04-11 14:35:00,18485.0,18485.0,18465.0,18475.0,266.0,24571050.0,42730.0
2018-04-11 14:40:00,18475.0,18490.0,18475.0,18480.0,314.0,29017300.0,42724.0
2018-04-11 14:45:00,18480.0,18485.0,18470.0,18480.0,134.0,12379750.0,42714.0
2018-04-11 14:50:00,18470.0,18485.0,18470.0,18485.0,284.0,26236050.0,42624.0
2018-04-11 14:55:00,18485.0,18510.0,18480.0,18485.0,674.0,62328950.0,42434.0
2018-04-11 21:00:00,18515.0,18515.0,18430.0,18445.0,1236.0,114029450.0,42562.0
2018-04-11 21:05:00,18445.0,18465.0,18440.0,18445.0,736.0,67908300.0,42662.0
2018-04-11 21:10:00,18445.0,18455.0,18440.0,18450.0,600.0,55350900.0,42698.0
2018-04-11 21:15:00,18455.0,18460.0,18425.0,18450.0,1322.0,121876450.0,42794.0
2018-04-11 21:20:00,18445.0,18460.0,18430.0,18435.0,624.0,57549200.0,42828.0
2018-04-11 21:25:00,18440.0,18445.0,18425.0,18430.0,776.0,71524200.0,42762.0
2018-04-11 21:30:00,18425.0,18435.0,18425.0,18430.0,274.0,25247650.0,42722.0
2018-04-11 21:35:00,18425.0,18435.0,18415.0,18430.0,428.0,39432100.0,42714.0
2018-04-11 21:40:00,18425.0,18435.0,18420.0,18435.0,316.0,29118600.0,42656.0
2018-04-11 21:45:00,18440.0,18450.0,18430.0,18445.0,220.0,20284350.0,42598.0
2018-04-11 21:50:00,18445.0,18450.0,18430.0,18435.0,188.0,17334350.0,42546.0
2018-04-11 21:55:00,18435.0,18450.0,18420.0,18425.0,276.0,25433700.0,42564.0
2018-04-11 22:00:00,18430.0,18450.0,18430.0,18440.0,212.0,19546800.0,42526.0
2018-04-11 22:05:00,18440.0,18445.0,18440.0,18445.0,64.0,5902300.0,42526.0
2018-04-11 22:10:00,18445.0,18445.0,18425.0,18435.0,196.0,18066200.0,42490.0
2018-04-11 22:15:00,18440.0,18460.0,18435.0,18455.0,558.0,51464700.0,42508.0
2018-04-11 22:20:00,18455.0,18470.0,18455.0,18460.0,312.0,28798400.0,42584.0
2018-04-11 22:25:00,18460.0,18495.0,18455.0,18485.0,356.0,32887450.0,42686.0
2018-04-11 22:30:00,18490.0,18495.0,18485.0,18490.0,352.0,32545250.0,42774.0
2018-04-11 22:35:00,18495.0,18510.0,18485.0,18505.0,578.0,53463100.0,42790.0
2018-04-11 22:40:00,18505.0,18520.0,18500.0,18510.0,550.0,50905500.0,42988.0
2018-04-11 22:45:00,18515.0,18525.0,18500.0,18505.0,406.0,37579950.0,43022.0
2018-04-11 22:50:00,18500.0,18525.0,18500.0,18515.0,274.0,25365250.0,42984.0
2018-04-11 22:55:00,18510.0,18530.0,18505.0,18510.0,718.0,66490350.0,42774.0
2018-04-11 23:00:00,18510.0,18535.0,18510.0,18535.0,334.0,30941050.0,42794.0
2018-04-11 23:05:00,18540.0,18555.0,18530.0,18555.0,490.0,45421800.0,42804.0
2018-04-11 23:10:00,18550.0,18550.0,18535.0,18540.0,432.0,40055650.0,42820.0
2018-04-11 23:15:00,18540.0,18545.0,18535.0,18540.0,198.0,18354850.0,42824.0
2018-04-11 23:20:00,18540.0,18545.0,18535.0,18540.0,94.0,8713850.0,42818.0
2018-04-11 23:25:00,18535.0,18550.0,18535.0,18540.0,188.0,17430450.0,42778.0
2018-04-11 23:30:00,18535.0,18540.0,18525.0,18535.0,346.0,32063300.0,42742.0
2018-04-11 23:35:00,18535.0,18540.0,18530.0,18540.0,68.0,6302100.0,42764.0
2018-04-11 23:40:00,18545.0,18570.0,18540.0,18565.0,588.0,54556750.0,42760.0
2018-04-11 23:45:00,18565.0,18575.0,18555.0,18575.0,462.0,42894400.0,42740.0
2018-04-11 23:50:00,18570.0,18575.0,18565.0,18575.0,174.0,16154900.0,42728.0
2018-04-11 23:55:00,18570.0,18590.0,18565.0,18585.0,612.0,56860650.0,42774.0
2018-04-12 00:00:00,18585.0,18590.0,18580.0,18580.0,150.0,13936800.0,42730.0
2018-04-12 00:05:00,18575.0,18595.0,18575.0,18575.0,296.0,27509250.0,42730.0
2018-04-12 00:10:00,18575.0,18580.0,18570.0,18575.0,80.0,7429300.0,42718.0
2018-04-12 00:15:00,18575.0,18575.0,18545.0,18550.0,450.0,41763700.0,42530.0
2018-04-12 00:20:00,18545.0,18555.0,18540.0,18555.0,206.0,19102500.0,42476.0
2018-04-12 00:25:00,18555.0,18565.0,18545.0,18550.0,202.0,18740000.0,42422.0
2018-04-12 00:30:00,18545.0,18560.0,18545.0,18555.0,92.0,8535000.0,42418.0
2018-04-12 00:35:00,18560.0,18560.0,18550.0,18550.0,36.0,3340050.0,42402.0
2018-04-12 00:40:00,18550.0,18560.0,18550.0,18560.0,48.0,4452450.0,42392.0
2018-04-12 00:45:00,18560.0,18560.0,18555.0,18555.0,32.0,2968650.0,42386.0
2018-04-12 00:50:00,18555.0,18560.0,18555.0,18555.0,58.0,5381500.0,42396.0
2018-04-12 00:55:00,18560.0,18580.0,18555.0,18565.0,292.0,27109700.0,42276.0
2018-04-12 09:00:00,18560.0,18585.0,18545.0,18555.0,636.0,59024050.0,42296.0
2018-04-12 09:05:00,18560.0,18570.0,18545.0,18545.0,288.0,26724450.0,42240.0
2018-04-12 09:10:00,18545.0,18545.0,18515.0,18530.0,522.0,48366250.0,42150.0
2018-04-12 09:15:00,18530.0,18545.0,18520.0,18540.0,852.0,78953550.0,42082.0
2018-04-12 09:20:00,18540.0,18550.0,18520.0,18545.0,684.0,63381150.0,42148.0
2018-04-12 09:25:00,18545.0,18595.0,18545.0,18585.0,1074.0,99698350.0,42310.0
2018-04-12 09:30:00,18580.0,18645.0,18565.0,18635.0,1984.0,184567400.0,42612.0
2018-04-12 09:35:00,18635.0,18645.0,18580.0,18580.0,1854.0,172682600.0,42868.0
2018-04-12 09:40:00,18585.0,18615.0,18580.0,18600.0,1634.0,151950450.0,43044.0
2018-04-12 09:45:00,18605.0,18605.0,18565.0,18590.0,1216.0,113038500.0,43006.0
2018-04-12 09:50:00,18590.0,18640.0,18590.0,18600.0,1684.0,156782050.0,42856.0
2018-04-12 09:55:00,18605.0,18625.0,18590.0,18615.0,558.0,51910550.0,42836.0
2018-04-12 10:00:00,18610.0,18625.0,18545.0,18555.0,1070.0,99450250.0,42784.0
2018-04-12 10:05:00,18555.0,18565.0,18525.0,18550.0,1950.0,180812950.0,42462.0
2018-04-12 10:10:00,18550.0,18570.0,18540.0,18555.0,572.0,53067550.0,42484.0
2018-04-12 10:30:00,18560.0,18560.0,18495.0,18520.0,1396.0,129295850.0,42406.0
2018-04-12 10:35:00,18525.0,18535.0,18525.0,18525.0,476.0,44100700.0,42408.0
2018-04-12 10:40:00,18525.0,18545.0,18525.0,18535.0,284.0,26318150.0,42384.0
2018-04-12 10:45:00,18535.0,18540.0,18530.0,18535.0,428.0,39666550.0,42484.0
2018-04-12 10:50:00,18535.0,18570.0,18530.0,18565.0,458.0,42481300.0,42506.0
2018-04-12 10:55:00,18570.0,18590.0,18570.0,18585.0,720.0,66881600.0,42620.0
2018-04-12 11:00:00,18590.0,18600.0,18560.0,18575.0,1156.0,107425050.0,42842.0
2018-04-12 11:05:00,18570.0,18580.0,18570.0,18580.0,302.0,28049450.0,42834.0
2018-04-12 11:10:00,18585.0,18585.0,18565.0,18570.0,562.0,52192400.0,42880.0
2018-04-12 11:15:00,18575.0,18575.0,18550.0,18565.0,530.0,49204500.0,42890.0
2018-04-12 11:20:00,18560.0,18570.0,18550.0,18570.0,400.0,37124000.0,42774.0
2018-04-12 11:25:00,18560.0,18560.0,18530.0,18545.0,568.0,52673200.0,42798.0
2018-04-12 13:30:00,18540.0,18540.0,18350.0,18385.0,4154.0,382954000.0,42582.0
2018-04-12 13:35:00,18385.0,18450.0,18370.0,18440.0,3358.0,309180000.0,42982.0
2018-04-12 13:40:00,18440.0,18480.0,18430.0,18455.0,892.0,82323400.0,42862.0
2018-04-12 13:45:00,18455.0,18495.0,18455.0,18475.0,918.0,84800950.0,42836.0
2018-04-12 13:50:00,18475.0,18490.0,18460.0,18465.0,548.0,50617500.0,42904.0
2018-04-12 13:55:00,18460.0,18465.0,18455.0,18465.0,346.0,31936300.0,42916.0
2018-04-12 14:00:00,18460.0,18475.0,18455.0,18470.0,680.0,62773700.0,42782.0
2018-04-12 14:05:00,18465.0,18470.0,18455.0,18465.0,274.0,25293750.0,42716.0
2018-04-12 14:10:00,18465.0,18465.0,18440.0,18455.0,654.0,60340450.0,42580.0
2018-04-12 14:15:00,18450.0,18460.0,18440.0,18440.0,500.0,46120150.0,42472.0
2018-04-12 14:20:00,18440.0,18460.0,18440.0,18460.0,390.0,35973800.0,42358.0
2018-04-12 14:25:00,18460.0,18520.0,18455.0,18505.0,968.0,89506900.0,42184.0
2018-04-12 14:30:00,18505.0,18515.0,18485.0,18505.0,532.0,49209950.0,42188.0
2018-04-12 14:35:00,18505.0,18525.0,18505.0,18510.0,364.0,33700450.0,42130.0
2018-04-12 14:40:00,18510.0,18520.0,18495.0,18500.0,374.0,34619950.0,42072.0
2018-04-12 14:45:00,18500.0,18500.0,18480.0,18490.0,272.0,25146250.0,42048.0
2018-04-12 14:50:00,18490.0,18495.0,18465.0,18470.0,396.0,36580900.0,41944.0
2018-04-12 14:55:00,18465.0,18500.0,18465.0,18475.0,746.0,68943550.0,41718.0
2018-04-12 21:00:00,18375.0,18375.0,18255.0,18335.0,4256.0,389474500.0,42008.0
2018-04-12 21:05:00,18325.0,18380.0,18320.0,18380.0,1240.0,113785250.0,42016.0
2018-04-12 21:10:00,18375.0,18375.0,18305.0,18315.0,1384.0,126861350.0,41864.0
2018-04-12 21:15:00,18315.0,18355.0,18305.0,18340.0,1014.0,92957250.0,41990.0
2018-04-12 21:20:00,18340.0,18345.0,18320.0,18335.0,402.0,36850150.0,41988.0
2018-04-12 21:25:00,18335.0,18345.0,18320.0,18335.0,620.0,56836450.0,41936.0
2018-04-12 21:30:00,18340.0,18340.0,18325.0,18325.0,362.0,33179350.0,41918.0
2018-04-12 21:35:00,18325.0,18340.0,18320.0,18330.0,174.0,15947600.0,41924.0
2018-04-12 21:40:00,18335.0,18345.0,18330.0,18340.0,248.0,22735950.0,41906.0
2018-04-12 21:45:00,18340.0,18360.0,18335.0,18350.0,300.0,27520850.0,41936.0
2018-04-12 21:50:00,18350.0,18360.0,18335.0,18335.0,258.0,23665750.0,41934.0
2018-04-12 21:55:00,18330.0,18355.0,18325.0,18335.0,460.0,42175950.0,41902.0
2018-04-12 22:00:00,18335.0,18340.0,18315.0,18320.0,566.0,51858500.0,41922.0
2018-04-12 22:05:00,18315.0,18325.0,18290.0,18310.0,820.0,75055400.0,41946.0
2018-04-12 22:10:00,18315.0,18320.0,18270.0,18285.0,1060.0,96910850.0,41822.0
2018-04-12 22:15:00,18285.0,18300.0,18280.0,18295.0,398.0,36392200.0,41866.0
2018-04-12 22:20:00,18300.0,18320.0,18300.0,18320.0,352.0,32232950.0,41818.0
2018-04-12 22:25:00,18320.0,18335.0,18310.0,18330.0,614.0,56245750.0,41818.0
2018-04-12 22:30:00,18330.0,18345.0,18325.0,18340.0,554.0,50791450.0,41780.0
2018-04-12 22:35:00,18340.0,18345.0,18325.0,18325.0,140.0,12832850.0,41770.0
2018-04-12 22:40:00,18325.0,18330.0,18295.0,18295.0,348.0,31864200.0,41700.0
2018-04-12 22:45:00,18300.0,18325.0,18300.0,18315.0,422.0,38633450.0,41646.0
2018-04-12 22:50:00,18310.0,18315.0,18300.0,18310.0,328.0,30027150.0,41576.0
2018-04-12 22:55:00,18310.0,18315.0,18280.0,18280.0,880.0,80497150.0,41510.0
2018-04-12 23:00:00,18280.0,18300.0,18270.0,18295.0,506.0,46269950.0,41336.0
2018-04-12 23:05:00,18295.0,18295.0,18260.0,18275.0,546.0,49897850.0,41266.0
2018-04-12 23:10:00,18270.0,18270.0,18215.0,18220.0,1452.0,132408750.0,41382.0
2018-04-12 23:15:00,18220.0,18230.0,18180.0,18195.0,1224.0,111435450.0,41254.0
2018-04-12 23:20:00,18190.0,18200.0,18170.0,18195.0,872.0,79310950.0,41200.0
2018-04-12 23:25:00,18200.0,18225.0,18195.0,18215.0,964.0,87774450.0,41048.0
2018-04-12 23:30:00,18215.0,18215.0,18180.0,18185.0,556.0,50577600.0,40966.0
2018-04-12 23:35:00,18190.0,18205.0,18185.0,18195.0,236.0,21469700.0,40908.0
2018-04-12 23:40:00,18195.0,18205.0,18190.0,18195.0,384.0,34938450.0,40802.0
2018-04-12 23:45:00,18200.0,18205.0,18200.0,18200.0,244.0,22205700.0,40732.0
2018-04-12 23:50:00,18200.0,18205.0,18185.0,18205.0,318.0,28930050.0,40720.0
2018-04-12 23:55:00,18205.0,18215.0,18195.0,18200.0,252.0,22942050.0,40646.0
2018-04-13 00:00:00,18195.0,18210.0,18195.0,18205.0,188.0,17109050.0,40614.0
2018-04-13 00:05:00,18205.0,18205.0,18185.0,18195.0,318.0,28929500.0,40454.0
2018-04-13 00:10:00,18195.0,18200.0,18190.0,18190.0,230.0,20922400.0,40390.0
2018-04-13 00:15:00,18185.0,18185.0,18115.0,18125.0,1400.0,126983550.0,40604.0
2018-04-13 00:20:00,18125.0,18170.0,18125.0,18160.0,272.0,24680100.0,40600.0
2018-04-13 00:25:00,18155.0,18155.0,18150.0,18150.0,106.0,9620850.0,40590.0
2018-04-13 00:30:00,18155.0,18180.0,18145.0,18165.0,370.0,33604300.0,40590.0
2018-04-13 00:35:00,18160.0,18210.0,18160.0,18195.0,360.0,32721250.0,40462.0
2018-04-13 00:40:00,18205.0,18210.0,18190.0,18195.0,298.0,27119350.0,40386.0
2018-04-13 00:45:00,18195.0,18205.0,18190.0,18190.0,118.0,10737250.0,40386.0
2018-04-13 00:50:00,18190.0,18195.0,18185.0,18190.0,126.0,11460650.0,40314.0
2018-04-13 00:55:00,18210.0,18225.0,18190.0,18200.0,470.0,42781950.0,40128.0
2018-04-13 09:00:00,18200.0,18275.0,18200.0,18255.0,2942.0,268380200.0,40112.0
2018-04-13 09:05:00,18250.0,18280.0,18250.0,18270.0,872.0,79657350.0,39940.0
2018-04-13 09:10:00,18275.0,18275.0,18220.0,18235.0,826.0,75337600.0,39932.0
2018-04-13 09:15:00,18235.0,18245.0,18210.0,18245.0,694.0,63229050.0,39900.0
2018-04-13 09:20:00,18245.0,18255.0,18235.0,18240.0,498.0,45428750.0,39950.0
2018-04-13 09:25:00,18240.0,18260.0,18240.0,18260.0,538.0,49090250.0,39974.0
2018-04-13 09:30:00,18255.0,18265.0,18230.0,18240.0,610.0,55660400.0,40112.0
2018-04-13 09:35:00,18240.0,18320.0,18240.0,18295.0,1380.0,126095350.0,40172.0
2018-04-13 09:40:00,18295.0,18295.0,18270.0,18290.0,622.0,56853250.0,40232.0
2018-04-13 09:45:00,18290.0,18290.0,18265.0,18275.0,404.0,36910400.0,40266.0
2018-04-13 09:50:00,18270.0,18320.0,18265.0,18305.0,964.0,88183150.0,40458.0
2018-04-13 09:55:00,18305.0,18365.0,18300.0,18335.0,1422.0,130379000.0,40674.0
2018-04-13 10:00:00,18335.0,18340.0,18310.0,18310.0,430.0,39386850.0,40638.0
2018-04-13 10:05:00,18315.0,18320.0,18295.0,18295.0,424.0,38811200.0,40606.0
2018-04-13 10:10:00,18295.0,18300.0,18270.0,18275.0,392.0,35839750.0,40536.0
2018-04-13 10:30:00,18280.0,18295.0,18275.0,18295.0,524.0,47900600.0,40594.0
2018-04-13 10:35:00,18295.0,18300.0,18270.0,18270.0,270.0,24679200.0,40592.0
2018-04-13 10:40:00,18275.0,18305.0,18270.0,18290.0,294.0,26887350.0,40534.0
2018-04-13 10:45:00,18290.0,18310.0,18285.0,18285.0,184.0,16829950.0,40540.0
2018-04-13 10:50:00,18290.0,18290.0,18270.0,18275.0,270.0,24675300.0,40466.0
2018-04-13 10:55:00,18275.0,18280.0,18270.0,18270.0,260.0,23755500.0,40494.0
2018-04-13 11:00:00,18265.0,18295.0,18265.0,18285.0,322.0,29436150.0,40488.0
2018-04-13 11:05:00,18285.0,18290.0,18275.0,18280.0,348.0,31811200.0,40370.0
2018-04-13 11:10:00,18275.0,18285.0,18275.0,18280.0,312.0,28516400.0,40272.0
2018-04-13 11:15:00,18280.0,18310.0,18280.0,18290.0,734.0,67144150.0,40210.0
2018-04-13 11:20:00,18295.0,18310.0,18290.0,18305.0,264.0,24150800.0,40168.0
2018-04-13 11:25:00,18305.0,18340.0,18305.0,18325.0,714.0,65432200.0,40206.0
2018-04-13 13:30:00,18320.0,18330.0,18300.0,18315.0,756.0,69226200.0,40240.0
2018-04-13 13:35:00,18320.0,18355.0,18315.0,18350.0,548.0,50235050.0,40154.0
2018-04-13 13:40:00,18350.0,18355.0,18330.0,18335.0,302.0,27697950.0,40122.0
2018-04-13 13:45:00,18335.0,18345.0,18325.0,18330.0,382.0,35019500.0,40048.0
2018-04-13 13:50:00,18325.0,18350.0,18320.0,18340.0,396.0,36304750.0,39968.0
2018-04-13 13:55:00,18340.0,18345.0,18300.0,18300.0,362.0,33162300.0,40016.0
2018-04-13 14:00:00,18300.0,18330.0,18290.0,18315.0,592.0,54211550.0,39990.0
2018-04-13 14:05:00,18315.0,18320.0,18310.0,18320.0,392.0,35899100.0,40026.0
2018-04-13 14:10:00,18320.0,18345.0,18320.0,18340.0,270.0,24750900.0,40022.0
2018-04-13 14:15:00,18350.0,18350.0,18330.0,18340.0,286.0,26227150.0,40040.0
2018-04-13 14:20:00,18335.0,18340.0,18330.0,18340.0,148.0,13568800.0,40030.0
2018-04-13 14:25:00,18340.0,18350.0,18335.0,18340.0,142.0,13022300.0,40008.0
2018-04-13 14:30:00,18335.0,18350.0,18325.0,18340.0,230.0,21089250.0,40022.0
2018-04-13 14:35:00,18345.0,18350.0,18335.0,18335.0,232.0,21278350.0,40042.0
2018-04-13 14:40:00,18335.0,18340.0,18310.0,18310.0,284.0,26028600.0,40066.0
2018-04-13 14:45:00,18310.0,18320.0,18295.0,18305.0,572.0,52346150.0,39942.0
2018-04-13 14:50:00,18305.0,18350.0,18305.0,18345.0,688.0,63052600.0,39850.0
2018-04-13 14:55:00,18350.0,18380.0,18335.0,18365.0,872.0,80030050.0,39844.0
2018-04-13 21:00:00,18300.0,18320.0,18275.0,18295.0,1188.0,108664000.0,39748.0
2018-04-13 21:05:00,18290.0,18325.0,18290.0,18305.0,594.0,54374100.0,39698.0
2018-04-13 21:10:00,18310.0,18320.0,18245.0,18255.0,1392.0,127153500.0,39712.0
2018-04-13 21:15:00,18255.0,18255.0,18235.0,18250.0,1030.0,93955100.0,39734.0
2018-04-13 21:20:00,18245.0,18260.0,18240.0,18250.0,634.0,57853900.0,39556.0
2018-04-13 21:25:00,18250.0,18260.0,18240.0,18245.0,536.0,48911000.0,39422.0
2018-04-13 21:30:00,18240.0,18250.0,18240.0,18240.0,344.0,31375900.0,39388.0
2018-04-13 21:35:00,18245.0,18255.0,18245.0,18245.0,244.0,22261900.0,39354.0
2018-04-13 21:40:00,18245.0,18255.0,18235.0,18245.0,732.0,66761400.0,39340.0
2018-04-13 21:45:00,18245.0,18250.0,18240.0,18240.0,236.0,21525900.0,39330.0
2018-04-13 21:50:00,18240.0,18255.0,18235.0,18250.0,100.0,9123350.0,39334.0
2018-04-13 21:55:00,18245.0,18285.0,18245.0,18275.0,422.0,38542400.0,39256.0
2018-04-13 22:00:00,18270.0,18300.0,18270.0,18275.0,428.0,39132050.0,39192.0
2018-04-13 22:05:00,18270.0,18275.0,18245.0,18250.0,316.0,28841000.0,39174.0
2018-04-13 22:10:00,18255.0,18260.0,18250.0,18260.0,208.0,18986400.0,39216.0
2018-04-13 22:15:00,18260.0,18265.0,18250.0,18260.0,198.0,18074750.0,39168.0
2018-04-13 22:20:00,18255.0,18255.0,18220.0,18235.0,838.0,76404700.0,39070.0
2018-04-13 22:25:00,18230.0,18230.0,18200.0,18205.0,1006.0,91624850.0,39110.0
2018-04-13 22:30:00,18210.0,18225.0,18205.0,18225.0,260.0,23684050.0,39056.0
2018-04-13 22:35:00,18225.0,18240.0,18225.0,18225.0,352.0,32083600.0,38932.0
2018-04-13 22:40:00,18225.0,18230.0,18215.0,18215.0,238.0,21688500.0,38852.0
2018-04-13 22:45:00,18215.0,18220.0,18140.0,18145.0,1286.0,116875900.0,38796.0
2018-04-13 22:50:00,18135.0,18150.0,18095.0,18115.0,1956.0,177259900.0,38754.0
2018-04-13 22:55:00,18115.0,18115.0,18070.0,18100.0,1104.0,99864950.0,38844.0
2018-04-13 23:00:00,18090.0,18130.0,18075.0,18125.0,1308.0,118380000.0,38672.0
2018-04-13 23:05:00,18120.0,18150.0,18120.0,18145.0,1098.0,99585900.0,38552.0
2018-04-13 23:10:00,18145.0,18170.0,18140.0,18145.0,674.0,61180600.0,38526.0
2018-04-13 23:15:00,18145.0,18150.0,18130.0,18145.0,286.0,25945700.0,38482.0
2018-04-13 23:20:00,18140.0,18190.0,18135.0,18175.0,504.0,45782300.0,38458.0
2018-04-13 23:25:00,18170.0,18195.0,18165.0,18185.0,592.0,53814800.0,38348.0
2018-04-13 23:30:00,18190.0,18200.0,18175.0,18180.0,552.0,50196950.0,38334.0
2018-04-13 23:35:00,18185.0,18185.0,18175.0,18180.0,170.0,15454450.0,38314.0
2018-04-13 23:40:00,18175.0,18180.0,18160.0,18175.0,238.0,21620400.0,38344.0
2018-04-13 23:45:00,18175.0,18175.0,18160.0,18170.0,252.0,22890200.0,38280.0
2018-04-13 23:50:00,18165.0,18190.0,18165.0,18190.0,238.0,21634700.0,38302.0
2018-04-13 23:55:00,18195.0,18195.0,18170.0,18175.0,138.0,12544300.0,38290.0
2018-04-14 00:00:00,18175.0,18195.0,18175.0,18190.0,120.0,10912000.0,38306.0
2018-04-14 00:05:00,18195.0,18200.0,18190.0,18200.0,132.0,12009200.0,38296.0
2018-04-14 00:10:00,18195.0,18205.0,18190.0,18195.0,194.0,17653650.0,38336.0
2018-04-14 00:15:00,18195.0,18195.0,18175.0,18180.0,130.0,11818850.0,38324.0
2018-04-14 00:20:00,18180.0,18190.0,18180.0,18185.0,72.0,6547400.0,38300.0
2018-04-14 00:25:00,18185.0,18190.0,18185.0,18190.0,12.0,1091300.0,38300.0
2018-04-14 00:30:00,18195.0,18205.0,18195.0,18195.0,142.0,12920750.0,38236.0
2018-04-14 00:35:00,18190.0,18195.0,18185.0,18190.0,60.0,5456450.0,38228.0
2018-04-14 00:40:00,18190.0,18190.0,18165.0,18175.0,322.0,29258950.0,38094.0
2018-04-14 00:45:00,18170.0,18170.0,18150.0,18150.0,364.0,33047500.0,37896.0
2018-04-14 00:50:00,18150.0,18170.0,18150.0,18170.0,144.0,13075800.0,37866.0
2018-04-14 00:55:00,18175.0,18210.0,18165.0,18190.0,600.0,54572700.0,37600.0
2018-04-16 09:00:00,18165.0,18195.0,18085.0,18130.0,2230.0,202280600.0,37488.0
2018-04-16 09:05:00,18125.0,18130.0,18035.0,18090.0,2630.0,237509250.0,37562.0
2018-04-16 09:10:00,18095.0,18120.0,18085.0,18110.0,1106.0,100096650.0,37466.0
2018-04-16 09:15:00,18105.0,18175.0,18105.0,18145.0,1254.0,113769950.0,37424.0
2018-04-16 09:20:00,18145.0,18145.0,18110.0,18135.0,778.0,70515650.0,37478.0
2018-04-16 09:25:00,18130.0,18145.0,18130.0,18145.0,452.0,40996100.0,37552.0
2018-04-16 09:30:00,18145.0,18160.0,18135.0,18135.0,410.0,37201300.0,37598.0
2018-04-16 09:35:00,18140.0,18150.0,18125.0,18125.0,370.0,33549150.0,37678.0
2018-04-16 09:40:00,18125.0,18150.0,18120.0,18145.0,272.0,24659800.0,37710.0
2018-04-16 09:45:00,18145.0,18180.0,18145.0,18165.0,796.0,72295450.0,37548.0
2018-04-16 09:50:00,18165.0,18215.0,18160.0,18170.0,738.0,67134850.0,37480.0
2018-04-16 09:55:00,18165.0,18185.0,18150.0,18170.0,340.0,30883900.0,37470.0
2018-04-16 10:00:00,18170.0,18180.0,18135.0,18135.0,442.0,40130150.0,37524.0
2018-04-16 10:05:00,18135.0,18160.0,18135.0,18140.0,308.0,27944350.0,37526.0
2018-04-16 10:10:00,18135.0,18145.0,18130.0,18140.0,212.0,19226500.0,37472.0
2018-04-16 10:30:00,18145.0,18160.0,18130.0,18160.0,528.0,47900500.0,37466.0
2018-04-16 10:35:00,18155.0,18170.0,18155.0,18170.0,412.0,37410250.0,37472.0
2018-04-16 10:40:00,18170.0,18200.0,18170.0,18185.0,530.0,48195000.0,37372.0
2018-04-16 10:45:00,18190.0,18220.0,18190.0,18210.0,746.0,67891800.0,37496.0
2018-04-16 10:50:00,18210.0,18210.0,18195.0,18205.0,224.0,20385600.0,37432.0
2018-04-16 10:55:00,18205.0,18225.0,18205.0,18225.0,298.0,27140500.0,37358.0
2018-04-16 11:00:00,18220.0,18245.0,18215.0,18240.0,840.0,76587450.0,37042.0
2018-04-16 11:05:00,18245.0,18245.0,18210.0,18230.0,712.0,64872400.0,36716.0
2018-04-16 11:10:00,18230.0,18235.0,18215.0,18215.0,274.0,24963300.0,36582.0
2018-04-16 11:15:00,18215.0,18215.0,18205.0,18205.0,560.0,50985850.0,36528.0
2018-04-16 11:20:00,18205.0,18225.0,18195.0,18225.0,698.0,63532800.0,36486.0
2018-04-16 11:25:00,18225.0,18230.0,18210.0,18215.0,204.0,18584750.0,36446.0
2018-04-16 13:30:00,18205.0,18215.0,18185.0,18215.0,918.0,83514300.0,36234.0
2018-04-16 13:35:00,18210.0,18220.0,18205.0,18220.0,496.0,45170300.0,36302.0
2018-04-16 13:40:00,18220.0,18230.0,18205.0,18210.0,286.0,26052350.0,36170.0
2018-04-16 13:45:00,18210.0,18225.0,18210.0,18210.0,322.0,29331300.0,36074.0
2018-04-16 13:50:00,18205.0,18240.0,18205.0,18220.0,358.0,32611250.0,36020.0
2018-04-16 13:55:00,18220.0,18225.0,18200.0,18210.0,460.0,41891900.0,35858.0
2018-04-16 14:00:00,18210.0,18270.0,18205.0,18240.0,750.0,68427700.0,35894.0
2018-04-16 14:05:00,18245.0,18250.0,18225.0,18250.0,266.0,24252050.0,35826.0
2018-04-16 14:10:00,18245.0,18260.0,18230.0,18235.0,626.0,57098150.0,35762.0
2018-04-16 14:15:00,18235.0,18240.0,18235.0,18235.0,192.0,17505850.0,35700.0
2018-04-16 14:20:00,18235.0,18275.0,18235.0,18260.0,486.0,44369050.0,35792.0
2018-04-16 14:25:00,18260.0,18300.0,18260.0,18300.0,872.0,79723650.0,36116.0
2018-04-16 14:30:00,18295.0,18310.0,18280.0,18310.0,650.0,59456950.0,36076.0
2018-04-16 14:35:00,18310.0,18340.0,18305.0,18330.0,866.0,79327900.0,35904.0
2018-04-16 14:40:00,18325.0,18345.0,18325.0,18335.0,480.0,44000050.0,35712.0
2018-04-16 14:45:00,18330.0,18345.0,18330.0,18340.0,374.0,34294100.0,35738.0
2018-04-16 14:50:00,18340.0,18340.0,18315.0,18335.0,866.0,79363450.0,35582.0
2018-04-16 14:55:00,18335.0,18350.0,18300.0,18350.0,1258.0,115242950.0,35032.0
2018-04-16 21:00:00,18320.0,18535.0,18320.0,18470.0,3474.0,320582250.0,34666.0
2018-04-16 21:05:00,18475.0,18510.0,18475.0,18475.0,936.0,86537650.0,34522.0
2018-04-16 21:10:00,18475.0,18495.0,18475.0,18495.0,526.0,48622400.0,34486.0
2018-04-16 21:15:00,18490.0,18495.0,18480.0,18485.0,456.0,42152700.0,34492.0
2018-04-16 21:20:00,18490.0,18510.0,18485.0,18505.0,394.0,36438500.0,34474.0
2018-04-16 21:25:00,18495.0,18525.0,18495.0,18500.0,450.0,41646900.0,34510.0
2018-04-16 21:30:00,18495.0,18550.0,18490.0,18540.0,500.0,46325650.0,34440.0
2018-04-16 21:35:00,18535.0,18535.0,18495.0,18495.0,496.0,45922500.0,34316.0
2018-04-16 21:40:00,18505.0,18515.0,18455.0,18510.0,452.0,41794400.0,34364.0
2018-04-16 21:45:00,18500.0,18515.0,18500.0,18515.0,180.0,16655350.0,34426.0
2018-04-16 21:50:00,18515.0,18515.0,18480.0,18490.0,154.0,14245050.0,34432.0
2018-04-16 21:55:00,18495.0,18500.0,18465.0,18470.0,352.0,32541750.0,34334.0
2018-04-16 22:00:00,18465.0,18500.0,18465.0,18480.0,198.0,18301200.0,34360.0
2018-04-16 22:05:00,18480.0,18490.0,18470.0,18480.0,194.0,17927050.0,34318.0
2018-04-16 22:10:00,18480.0,18490.0,18480.0,18480.0,74.0,6839100.0,34316.0
2018-04-16 22:15:00,18480.0,18515.0,18480.0,18515.0,332.0,30702200.0,34272.0
2018-04-16 22:20:00,18510.0,18515.0,18490.0,18495.0,238.0,22015800.0,34260.0
2018-04-16 22:25:00,18495.0,18530.0,18495.0,18525.0,358.0,33141300.0,34228.0
2018-04-16 22:30:00,18525.0,18535.0,18515.0,18535.0,408.0,37785750.0,34104.0
2018-04-16 22:35:00,18540.0,18545.0,18510.0,18535.0,162.0,15005100.0,34086.0
2018-04-16 22:40:00,18530.0,18545.0,18530.0,18530.0,152.0,14086800.0,34064.0
2018-04-16 22:45:00,18535.0,18535.0,18530.0,18535.0,204.0,18903950.0,33998.0
2018-04-16 22:50:00,18530.0,18535.0,18520.0,18525.0,152.0,14082500.0,34030.0
2018-04-16 22:55:00,18530.0,18530.0,18520.0,18520.0,190.0,17600350.0,34030.0
2018-04-16 23:00:00,18525.0,18535.0,18515.0,18525.0,310.0,28708750.0,34108.0
2018-04-16 23:05:00,18525.0,18530.0,18520.0,18525.0,86.0,7965450.0,34106.0
2018-04-16 23:10:00,18530.0,18530.0,18515.0,18515.0,206.0,19078700.0,34070.0
2018-04-16 23:15:00,18520.0,18530.0,18520.0,18525.0,86.0,7965150.0,34072.0
2018-04-16 23:20:00,18525.0,18530.0,18515.0,18525.0,188.0,17410900.0,34084.0
2018-04-16 23:25:00,18525.0,18525.0,18515.0,18515.0,144.0,13334850.0,34094.0
2018-04-16 23:30:00,18515.0,18525.0,18485.0,18490.0,370.0,34239800.0,34032.0
2018-04-16 23:35:00,18490.0,18525.0,18490.0,18525.0,336.0,31092750.0,33920.0
2018-04-16 23:40:00,18520.0,18550.0,18515.0,18540.0,280.0,25942750.0,33924.0
2018-04-16 23:45:00,18545.0,18560.0,18535.0,18560.0,224.0,20768600.0,33810.0
2018-04-16 23:50:00,18560.0,18580.0,18535.0,18550.0,244.0,22649200.0,33768.0
2018-04-16 23:55:00,18545.0,18545.0,18530.0,18530.0,66.0,6117350.0,33760.0
2018-04-17 00:00:00,18525.0,18545.0,18525.0,18535.0,84.0,7784400.0,33764.0
2018-04-17 00:05:00,18540.0,18540.0,18540.0,18540.0,24.0,2224800.0,33760.0
2018-04-17 00:10:00,18540.0,18540.0,18525.0,18525.0,40.0,3707350.0,33760.0
2018-04-17 00:15:00,18525.0,18535.0,18525.0,18535.0,18.0,1668050.0,33754.0
2018-04-17 00:20:00,18530.0,18530.0,18525.0,18530.0,22.0,2038000.0,33742.0
2018-04-17 00:25:00,18525.0,18535.0,18520.0,18525.0,32.0,2964250.0,33738.0
2018-04-17 00:30:00,18525.0,18525.0,18515.0,18520.0,84.0,7778500.0,33706.0
2018-04-17 00:35:00,18525.0,18540.0,18525.0,18540.0,28.0,2594600.0,33714.0
2018-04-17 00:40:00,18540.0,18540.0,18535.0,18535.0,16.0,1483050.0,33714.0
2018-04-17 00:45:00,18540.0,18540.0,18530.0,18535.0,16.0,1482800.0,33706.0
2018-04-17 00:50:00,18540.0,18540.0,18505.0,18510.0,52.0,4816450.0,33714.0
2018-04-17 00:55:00,18510.0,18550.0,18505.0,18520.0,266.0,24645850.0,33630.0
2018-04-17 09:00:00,18500.0,18520.0,18425.0,18470.0,1308.0,120804550.0,33576.0
2018-04-17 09:05:00,18470.0,18520.0,18470.0,18500.0,946.0,87450550.0,33284.0
2018-04-17 09:10:00,18500.0,18500.0,18440.0,18455.0,646.0,59648600.0,33132.0
2018-04-17 09:15:00,18460.0,18500.0,18460.0,18480.0,430.0,39734450.0,32990.0
2018-04-17 09:20:00,18480.0,18485.0,18435.0,18450.0,626.0,57780600.0,32648.0
2018-04-17 09:25:00,18450.0,18450.0,18380.0,18395.0,908.0,83594700.0,32330.0
2018-04-17 09:30:00,18405.0,18410.0,18350.0,18375.0,726.0,66748700.0,31856.0
2018-04-17 09:35:00,18365.0,18375.0,18320.0,18360.0,1244.0,114127050.0,31334.0
2018-04-17 09:40:00,18355.0,18370.0,18355.0,18355.0,430.0,39477050.0,31162.0
2018-04-17 09:45:00,18360.0,18375.0,18355.0,18365.0,174.0,15976200.0,31116.0
2018-04-17 09:50:00,18360.0,18375.0,18355.0,18375.0,194.0,17815250.0,31020.0
2018-04-17 09:55:00,18375.0,18395.0,18375.0,18385.0,144.0,13235850.0,30994.0
2018-04-17 10:00:00,18385.0,18385.0,18360.0,18380.0,292.0,26825250.0,30852.0
2018-04-17 10:05:00,18380.0,18380.0,18365.0,18375.0,164.0,15064850.0,30808.0
2018-04-17 10:10:00,18375.0,18400.0,18375.0,18395.0,198.0,18202850.0,30806.0
2018-04-17 10:30:00,18395.0,18415.0,18380.0,18405.0,710.0,65292800.0,30460.0
2018-04-17 10:35:00,18405.0,18405.0,18385.0,18395.0,384.0,35312650.0,30354.0
2018-04-17 10:40:00,18400.0,18415.0,18395.0,18405.0,234.0,21534050.0,30376.0
2018-04-17 10:45:00,18405.0,18405.0,18390.0,18395.0,202.0,18583150.0,30376.0
2018-04-17 10:50:00,18390.0,18395.0,18380.0,18395.0,174.0,15997650.0,30368.0
2018-04-17 10:55:00,18390.0,18405.0,18385.0,18400.0,238.0,21884900.0,30388.0
2018-04-17 11:00:00,18395.0,18430.0,18395.0,18425.0,334.0,30744600.0,30450.0
2018-04-17 11:05:00,18420.0,18430.0,18405.0,18415.0,184.0,16941650.0,30450.0
2018-04-17 11:10:00,18410.0,18410.0,18395.0,18400.0,124.0,11409350.0,30468.0
2018-04-17 11:15:00,18405.0,18405.0,18390.0,18390.0,194.0,17841600.0,30480.0
2018-04-17 11:20:00,18395.0,18400.0,18395.0,18395.0,104.0,9565650.0,30504.0
2018-04-17 11:25:00,18390.0,18395.0,18385.0,18395.0,128.0,11769600.0,30478.0
2018-04-17 13:30:00,18410.0,18415.0,18350.0,18370.0,422.0,38795000.0,30486.0
2018-04-17 13:35:00,18370.0,18380.0,18350.0,18355.0,262.0,24051750.0,30498.0
2018-04-17 13:40:00,18355.0,18355.0,18335.0,18340.0,276.0,25315650.0,30456.0
2018-04-17 13:45:00,18340.0,18340.0,18330.0,18335.0,214.0,19620700.0,30392.0
2018-04-17 13:50:00,18330.0,18350.0,18330.0,18350.0,106.0,9720300.0,30394.0
2018-04-17 13:55:00,18350.0,18350.0,18330.0,18335.0,200.0,18338750.0,30312.0
2018-04-17 14:00:00,18335.0,18355.0,18335.0,18350.0,256.0,23481550.0,30276.0
2018-04-17 14:05:00,18350.0,18360.0,18350.0,18350.0,84.0,7708850.0,30260.0
2018-04-17 14:10:00,18350.0,18350.0,18340.0,18340.0,248.0,22748050.0,30336.0
2018-04-17 14:15:00,18345.0,18345.0,18305.0,18320.0,242.0,22172900.0,30316.0
2018-04-17 14:20:00,18325.0,18340.0,18325.0,18340.0,168.0,15396850.0,30348.0
2018-04-17 14:25:00,18345.0,18350.0,18335.0,18335.0,52.0,4768950.0,30326.0
2018-04-17 14:30:00,18340.0,18345.0,18335.0,18340.0,200.0,18339250.0,30358.0
2018-04-17 14:35:00,18335.0,18335.0,18325.0,18330.0,182.0,16681050.0,30446.0
2018-04-17 14:40:00,18325.0,18340.0,18325.0,18330.0,356.0,32629450.0,30312.0
2018-04-17 14:45:00,18330.0,18380.0,18330.0,18375.0,424.0,38897900.0,30176.0
2018-04-17 14:50:00,18380.0,18395.0,18360.0,18395.0,332.0,30510150.0,30034.0
2018-04-17 14:55:00,18390.0,18400.0,18380.0,18395.0,392.0,36042350.0,29894.0
2018-04-17 21:00:00,18325.0,18365.0,18300.0,18350.0,970.0,88921650.0,29770.0
2018-04-17 21:05:00,18345.0,18380.0,18340.0,18365.0,776.0,71232400.0,29708.0
2018-04-17 21:10:00,18370.0,18375.0,18340.0,18350.0,320.0,29366450.0,29636.0
2018-04-17 21:15:00,18355.0,18355.0,18345.0,18355.0,148.0,13580250.0,29616.0
2018-04-17 21:20:00,18355.0,18425.0,18355.0,18415.0,478.0,43961950.0,29558.0
2018-04-17 21:25:00,18415.0,18475.0,18415.0,18435.0,656.0,60528350.0,29388.0
2018-04-17 21:30:00,18430.0,18445.0,18415.0,18440.0,180.0,16585700.0,29346.0
2018-04-17 21:35:00,18445.0,18475.0,18440.0,18445.0,366.0,33774550.0,29420.0
2018-04-17 21:40:00,18450.0,18460.0,18430.0,18435.0,222.0,20469750.0,29342.0
2018-04-17 21:45:00,18430.0,18445.0,18410.0,18420.0,340.0,31330450.0,29176.0
2018-04-17 21:50:00,18415.0,18435.0,18400.0,18400.0,292.0,26882000.0,29016.0
2018-04-17 21:55:00,18400.0,18420.0,18395.0,18415.0,174.0,16011750.0,28960.0
2018-04-17 22:00:00,18415.0,18430.0,18415.0,18425.0,62.0,5710900.0,28944.0
2018-04-17 22:05:00,18420.0,18430.0,18410.0,18430.0,114.0,10499350.0,28924.0
2018-04-17 22:10:00,18435.0,18445.0,18430.0,18430.0,164.0,15118100.0,28892.0
2018-04-17 22:15:00,18430.0,18430.0,18395.0,18405.0,120.0,11050150.0,28906.0
2018-04-17 22:20:00,18395.0,18400.0,18375.0,18385.0,240.0,22065700.0,28892.0
2018-04-17 22:25:00,18385.0,18395.0,18380.0,18385.0,114.0,10479800.0,28874.0
2018-04-17 22:30:00,18380.0,18385.0,18360.0,18385.0,96.0,8820450.0,28862.0
2018-04-17 22:35:00,18385.0,18390.0,18385.0,18390.0,84.0,7722600.0,28840.0
2018-04-17 22:40:00,18390.0,18395.0,18375.0,18375.0,80.0,7353750.0,28800.0
2018-04-17 22:45:00,18380.0,18385.0,18380.0,18380.0,58.0,5331200.0,28770.0
2018-04-17 22:50:00,18385.0,18430.0,18385.0,18410.0,182.0,16755500.0,28744.0
2018-04-17 22:55:00,18415.0,18415.0,18400.0,18400.0,96.0,8836450.0,28732.0
2018-04-17 23:00:00,18425.0,18430.0,18415.0,18430.0,102.0,9396450.0,28714.0
2018-04-17 23:05:00,18430.0,18435.0,18425.0,18435.0,86.0,7924950.0,28664.0
2018-04-17 23:10:00,18435.0,18435.0,18425.0,18425.0,42.0,3870150.0,28660.0
2018-04-17 23:15:00,18440.0,18450.0,18435.0,18445.0,114.0,10511450.0,28658.0
2018-04-17 23:20:00,18440.0,18465.0,18435.0,18440.0,288.0,26566800.0,28732.0
2018-04-17 23:25:00,18440.0,18475.0,18440.0,18460.0,378.0,34894300.0,28656.0
2018-04-17 23:30:00,18465.0,18480.0,18460.0,18465.0,164.0,15146100.0,28664.0
2018-04-17 23:35:00,18465.0,18485.0,18460.0,18475.0,108.0,9975550.0,28666.0
2018-04-17 23:40:00,18465.0,18465.0,18455.0,18460.0,40.0,3692300.0,28676.0
2018-04-17 23:45:00,18460.0,18470.0,18460.0,18465.0,50.0,4616250.0,28672.0
2018-04-17 23:50:00,18465.0,18475.0,18440.0,18465.0,156.0,14397250.0,28682.0
2018-04-17 23:55:00,18460.0,18460.0,18450.0,18460.0,34.0,3137500.0,28682.0
2018-04-18 00:00:00,18455.0,18460.0,18445.0,18460.0,70.0,6459200.0,28668.0
2018-04-18 00:05:00,18465.0,18465.0,18465.0,18465.0,6.0,553950.0,28672.0
2018-04-18 00:10:00,18465.0,18465.0,18460.0,18465.0,26.0,2400000.0,28662.0
2018-04-18 00:15:00,18465.0,18465.0,18460.0,18460.0,14.0,1292300.0,28668.0
2018-04-18 00:20:00,18460.0,18465.0,18460.0,18465.0,26.0,2400250.0,28662.0
2018-04-18 00:25:00,18460.0,18460.0,18455.0,18460.0,22.0,2030300.0,28658.0
2018-04-18 00:30:00,18460.0,18465.0,18460.0,18465.0,12.0,1107900.0,28648.0
2018-04-18 00:35:00,18465.0,18465.0,18465.0,18465.0,0.0,0.0,28648.0
2018-04-18 00:40:00,18465.0,18480.0,18465.0,18480.0,82.0,7575800.0,28638.0
2018-04-18 00:45:00,18480.0,18480.0,18470.0,18475.0,18.0,1662550.0,28642.0
2018-04-18 00:50:00,18480.0,18485.0,18465.0,18465.0,30.0,2771800.0,28632.0
2018-04-18 00:55:00,18460.0,18470.0,18455.0,18460.0,86.0,7938350.0,28624.0
2018-04-18 09:00:00,18465.0,18495.0,18415.0,18430.0,768.0,70896100.0,28390.0
2018-04-18 09:05:00,18430.0,18455.0,18390.0,18400.0,682.0,62799450.0,28126.0
2018-04-18 09:10:00,18400.0,18420.0,18390.0,18395.0,312.0,28706700.0,27994.0
2018-04-18 09:15:00,18395.0,18400.0,18380.0,18385.0,228.0,20966050.0,27908.0
2018-04-18 09:20:00,18390.0,18400.0,18385.0,18390.0,192.0,17658100.0,27860.0
2018-04-18 09:25:00,18395.0,18415.0,18385.0,18410.0,210.0,19317400.0,27850.0
2018-04-18 09:30:00,18415.0,18415.0,18395.0,18395.0,128.0,11778850.0,27820.0
2018-04-18 09:35:00,18400.0,18400.0,18385.0,18390.0,144.0,13240500.0,27772.0
2018-04-18 09:40:00,18385.0,18385.0,18340.0,18355.0,384.0,35254300.0,27706.0
2018-04-18 09:45:00,18355.0,18365.0,18320.0,18325.0,462.0,42374600.0,27532.0
2018-04-18 09:50:00,18325.0,18325.0,18315.0,18325.0,188.0,17220400.0,27486.0
2018-04-18 09:55:00,18320.0,18325.0,18285.0,18300.0,568.0,51974000.0,27296.0
2018-04-18 10:00:00,18295.0,18320.0,18275.0,18275.0,302.0,27629900.0,27200.0
2018-04-18 10:05:00,18280.0,18310.0,18260.0,18295.0,436.0,39842250.0,27234.0
2018-04-18 10:10:00,18290.0,18290.0,18270.0,18285.0,268.0,24495700.0,27318.0
2018-04-18 10:30:00,18285.0,18310.0,18275.0,18305.0,422.0,38586100.0,27232.0
2018-04-18 10:35:00,18300.0,18300.0,18285.0,18285.0,252.0,23045000.0,27168.0
2018-04-18 10:40:00,18290.0,18295.0,18280.0,18295.0,400.0,36571350.0,27116.0
2018-04-18 10:45:00,18290.0,18315.0,18290.0,18310.0,168.0,15375500.0,27102.0
2018-04-18 10:50:00,18315.0,18325.0,18310.0,18325.0,92.0,8426950.0,27104.0
2018-04-18 10:55:00,18330.0,18345.0,18320.0,18340.0,132.0,12100050.0,27122.0
2018-04-18 11:00:00,18350.0,18350.0,18305.0,18305.0,130.0,11914450.0,27104.0
2018-04-18 11:05:00,18305.0,18315.0,18300.0,18300.0,236.0,21602100.0,27088.0
2018-04-18 11:10:00,18305.0,18330.0,18305.0,18315.0,40.0,3664300.0,27086.0
2018-04-18 11:15:00,18315.0,18315.0,18290.0,18295.0,190.0,17386150.0,27088.0
2018-04-18 11:20:00,18295.0,18315.0,18290.0,18305.0,106.0,9701200.0,27078.0
2018-04-18 11:25:00,18305.0,18305.0,18290.0,18305.0,58.0,5306750.0,27062.0
2018-04-18 13:30:00,18315.0,18350.0,18310.0,18335.0,324.0,29690300.0,27006.0
2018-04-18 13:35:00,18335.0,18335.0,18320.0,18325.0,46.0,4215100.0,27012.0
2018-04-18 13:40:00,18330.0,18355.0,18330.0,18350.0,154.0,14127350.0,27018.0
2018-04-18 13:45:00,18350.0,18350.0,18330.0,18345.0,112.0,10270700.0,26976.0
2018-04-18 13:50:00,18345.0,18345.0,18335.0,18335.0,22.0,2017250.0,26964.0
2018-04-18 13:55:00,18340.0,18380.0,18340.0,18360.0,156.0,14325150.0,26918.0
2018-04-18 14:00:00,18360.0,18365.0,18355.0,18360.0,62.0,5691550.0,26900.0
2018-04-18 14:05:00,18355.0,18415.0,18355.0,18405.0,330.0,30349950.0,26982.0
2018-04-18 14:10:00,18415.0,18415.0,18395.0,18400.0,142.0,13067150.0,26942.0
2018-04-18 14:15:00,18400.0,18405.0,18385.0,18395.0,288.0,26489850.0,26856.0
2018-04-18 14:20:00,18395.0,18405.0,18380.0,18400.0,88.0,8092850.0,26850.0
2018-04-18 14:25:00,18395.0,18415.0,18385.0,18405.0,128.0,11775800.0,26826.0
2018-04-18 14:30:00,18410.0,18440.0,18400.0,18410.0,156.0,14367450.0,26818.0
2018-04-18 14:35:00,18415.0,18425.0,18400.0,18415.0,140.0,12890000.0,26800.0
2018-04-18 14:40:00,18420.0,18420.0,18390.0,18390.0,80.0,7362200.0,26806.0
2018-04-18 14:45:00,18385.0,18400.0,18385.0,18390.0,134.0,12320550.0,26802.0
2018-04-18 14:50:00,18390.0,18405.0,18390.0,18395.0,138.0,12693100.0,26770.0
2018-04-18 14:55:00,18390.0,18410.0,18360.0,18380.0,426.0,39166700.0,26534.0
2018-04-18 21:00:00,18560.0,18645.0,18520.0,18580.0,1802.0,167552200.0,26272.0
2018-04-18 21:05:00,18580.0,18645.0,18575.0,18630.0,1306.0,121588850.0,26086.0
2018-04-18 21:10:00,18625.0,18635.0,18615.0,18620.0,354.0,32968450.0,26008.0
2018-04-18 21:15:00,18625.0,18685.0,18610.0,18680.0,792.0,73887500.0,25890.0
2018-04-18 21:20:00,18680.0,18685.0,18620.0,18635.0,612.0,57076750.0,25686.0
2018-04-18 21:25:00,18640.0,18640.0,18610.0,18615.0,210.0,19561650.0,25704.0
2018-04-18 21:30:00,18620.0,18635.0,18610.0,18620.0,252.0,23466900.0,25604.0
2018-04-18 21:35:00,18620.0,18620.0,18580.0,18585.0,282.0,26221900.0,25474.0
2018-04-18 21:40:00,18585.0,18590.0,18560.0,18575.0,222.0,20623600.0,25438.0
2018-04-18 21:45:00,18580.0,18600.0,18580.0,18600.0,146.0,13570850.0,25450.0
2018-04-18 21:50:00,18605.0,18610.0,18580.0,18580.0,158.0,14693200.0,25418.0
2018-04-18 21:55:00,18585.0,18585.0,18555.0,18570.0,140.0,12997600.0,25424.0
2018-04-18 22:00:00,18565.0,18575.0,18565.0,18570.0,86.0,7985550.0,25400.0
2018-04-18 22:05:00,18570.0,18575.0,18565.0,18575.0,74.0,6871050.0,25366.0
2018-04-18 22:10:00,18575.0,18575.0,18555.0,18560.0,54.0,5013600.0,25366.0
2018-04-18 22:15:00,18565.0,18580.0,18550.0,18575.0,182.0,16897050.0,25324.0
2018-04-18 22:20:00,18575.0,18580.0,18570.0,18575.0,58.0,5386400.0,25298.0
2018-04-18 22:25:00,18575.0,18575.0,18570.0,18570.0,52.0,4828450.0,25260.0
2018-04-18 22:30:00,18570.0,18580.0,18560.0,18570.0,170.0,15779350.0,25214.0
2018-04-18 22:35:00,18560.0,18575.0,18560.0,18565.0,50.0,4641900.0,25214.0
2018-04-18 22:40:00,18570.0,18585.0,18565.0,18580.0,78.0,7244600.0,25204.0
2018-04-18 22:45:00,18580.0,18580.0,18570.0,18580.0,54.0,5016250.0,25196.0
2018-04-18 22:50:00,18585.0,18585.0,18580.0,18580.0,42.0,3902750.0,25184.0
2018-04-18 22:55:00,18580.0,18610.0,18580.0,18610.0,100.0,9299350.0,25158.0
2018-04-18 23:00:00,18610.0,18630.0,18605.0,18615.0,150.0,13964000.0,25106.0
2018-04-18 23:05:00,18610.0,18620.0,18605.0,18620.0,86.0,8004900.0,25078.0
2018-04-18 23:10:00,18620.0,18625.0,18610.0,18610.0,96.0,8938050.0,25066.0
2018-04-18 23:15:00,18610.0,18610.0,18585.0,18595.0,46.0,4276350.0,25054.0
2018-04-18 23:20:00,18590.0,18595.0,18585.0,18590.0,118.0,10968150.0,24988.0
2018-04-18 23:25:00,18595.0,18640.0,18595.0,18625.0,106.0,9867700.0,25010.0
2018-04-18 23:30:00,18625.0,18625.0,18605.0,18615.0,54.0,5025850.0,25018.0
2018-04-18 23:35:00,18610.0,18610.0,18585.0,18590.0,68.0,6323850.0,25008.0
2018-04-18 23:40:00,18595.0,18605.0,18590.0,18605.0,54.0,5021100.0,25020.0
2018-04-18 23:45:00,18595.0,18600.0,18595.0,18600.0,6.0,557900.0,25016.0
2018-04-18 23:50:00,18600.0,18615.0,18590.0,18590.0,96.0,8928900.0,24990.0
2018-04-18 23:55:00,18590.0,18590.0,18570.0,18580.0,98.0,9103200.0,24948.0
2018-04-19 00:00:00,18580.0,18580.0,18570.0,18575.0,72.0,6687100.0,24910.0
2018-04-19 00:05:00,18575.0,18575.0,18570.0,18570.0,34.0,3157050.0,24896.0
2018-04-19 00:10:00,18575.0,18585.0,18575.0,18585.0,28.0,2601000.0,24884.0
2018-04-19 00:15:00,18585.0,18585.0,18575.0,18575.0,8.0,743000.0,24886.0
2018-04-19 00:20:00,18585.0,18590.0,18585.0,18585.0,18.0,1672750.0,24880.0
2018-04-19 00:25:00,18585.0,18590.0,18585.0,18590.0,4.0,371800.0,24880.0
2018-04-19 00:30:00,18590.0,18590.0,18590.0,18590.0,10.0,929500.0,24880.0
2018-04-19 00:35:00,18590.0,18590.0,18585.0,18590.0,10.0,929300.0,24876.0
2018-04-19 00:40:00,18590.0,18590.0,18585.0,18585.0,6.0,557550.0,24876.0
2018-04-19 00:45:00,18585.0,18585.0,18580.0,18585.0,12.0,1115000.0,24872.0
2018-04-19 00:50:00,18585.0,18585.0,18580.0,18585.0,6.0,557450.0,24870.0
2018-04-19 00:55:00,18575.0,18575.0,18560.0,18560.0,84.0,7796300.0,24796.0
2018-04-19 09:00:00,18565.0,18570.0,18515.0,18520.0,860.0,79708300.0,24806.0
2018-04-19 09:05:00,18525.0,18545.0,18520.0,18530.0,322.0,29839400.0,24686.0
2018-04-19 09:10:00,18530.0,18560.0,18520.0,18545.0,232.0,21504400.0,24628.0
2018-04-19 09:15:00,18535.0,18555.0,18535.0,18540.0,206.0,19103550.0,24518.0
2018-04-19 09:20:00,18540.0,18550.0,18535.0,18540.0,120.0,11123050.0,24460.0
2018-04-19 09:25:00,18540.0,18540.0,18525.0,18525.0,106.0,9824850.0,24424.0
2018-04-19 09:30:00,18525.0,18545.0,18525.0,18535.0,80.0,7413550.0,24378.0
2018-04-19 09:35:00,18535.0,18540.0,18520.0,18535.0,92.0,8524150.0,24360.0
2018-04-19 09:40:00,18540.0,18540.0,18525.0,18525.0,114.0,10561750.0,24346.0
2018-04-19 09:45:00,18525.0,18540.0,18525.0,18535.0,98.0,9080400.0,24350.0
2018-04-19 09:50:00,18530.0,18540.0,18525.0,18540.0,58.0,5374000.0,24344.0
2018-04-19 09:55:00,18540.0,18555.0,18535.0,18555.0,48.0,4449750.0,24332.0
2018-04-19 10:00:00,18560.0,18565.0,18555.0,18565.0,42.0,3897950.0,24336.0
2018-04-19 10:05:00,18565.0,18570.0,18565.0,18570.0,90.0,8355350.0,24342.0
2018-04-19 10:10:00,18570.0,18585.0,18560.0,18560.0,60.0,5571700.0,24326.0
2018-04-19 10:30:00,18565.0,18565.0,18545.0,18555.0,292.0,27092650.0,24426.0
2018-04-19 10:35:00,18550.0,18550.0,18525.0,18525.0,188.0,17423250.0,24408.0
2018-04-19 10:40:00,18525.0,18540.0,18525.0,18535.0,104.0,9635950.0,24388.0
2018-04-19 10:45:00,18530.0,18545.0,18530.0,18545.0,82.0,7600500.0,24342.0
2018-04-19 10:50:00,18545.0,18555.0,18545.0,18545.0,156.0,14467200.0,24244.0
2018-04-19 10:55:00,18545.0,18545.0,18530.0,18540.0,100.0,9267250.0,24234.0
2018-04-19 11:00:00,18540.0,18565.0,18540.0,18540.0,164.0,15212250.0,24324.0
2018-04-19 11:05:00,18540.0,18560.0,18540.0,18540.0,82.0,7604350.0,24298.0
2018-04-19 11:10:00,18540.0,18540.0,18525.0,18525.0,140.0,12971450.0,24280.0
2018-04-19 11:15:00,18530.0,18530.0,18520.0,18525.0,130.0,12043050.0,24294.0
2018-04-19 11:20:00,18525.0,18535.0,18525.0,18530.0,72.0,6670750.0,24294.0
2018-04-19 11:25:00,18525.0,18530.0,18505.0,18515.0,412.0,38153850.0,24220.0
2018-04-19 13:30:00,18540.0,18595.0,18535.0,18535.0,688.0,63842050.0,24088.0
2018-04-19 13:35:00,18535.0,18535.0,18505.0,18510.0,394.0,36480600.0,23990.0
2018-04-19 13:40:00,18510.0,18530.0,18500.0,18530.0,272.0,25175950.0,23902.0
2018-04-19 13:45:00,18525.0,18530.0,18505.0,18520.0,390.0,36109750.0,23810.0
2018-04-19 13:50:00,18520.0,18555.0,18520.0,18530.0,158.0,14645100.0,23780.0
2018-04-19 13:55:00,18525.0,18525.0,18500.0,18510.0,146.0,13513500.0,23720.0
2018-04-19 14:00:00,18510.0,18535.0,18505.0,18520.0,86.0,7963750.0,23690.0
2018-04-19 14:05:00,18525.0,18550.0,18525.0,18545.0,88.0,8157850.0,23670.0
2018-04-19 14:10:00,18540.0,18545.0,18530.0,18535.0,86.0,7971400.0,23660.0
2018-04-19 14:15:00,18525.0,18545.0,18520.0,18520.0,70.0,6486250.0,23648.0
2018-04-19 14:20:00,18515.0,18520.0,18500.0,18505.0,108.0,9994450.0,23648.0
2018-04-19 14:25:00,18510.0,18530.0,18505.0,18515.0,90.0,8331950.0,23612.0
2018-04-19 14:30:00,18510.0,18535.0,18510.0,18520.0,46.0,4260200.0,23610.0
2018-04-19 14:35:00,18525.0,18545.0,18520.0,18540.0,154.0,14268700.0,23536.0
2018-04-19 14:40:00,18535.0,18545.0,18530.0,18530.0,44.0,4077900.0,23538.0
2018-04-19 14:45:00,18535.0,18535.0,18520.0,18525.0,126.0,11672350.0,23468.0
2018-04-19 14:50:00,18520.0,18530.0,18490.0,18490.0,208.0,19246500.0,23394.0
2018-04-19 14:55:00,18490.0,18515.0,18450.0,18510.0,458.0,42335850.0,23158.0
2018-04-19 21:00:00,18435.0,18435.0,18360.0,18395.0,536.0,49303950.0,23144.0
2018-04-19 21:05:00,18390.0,18395.0,18335.0,18365.0,370.0,33986050.0,23126.0
2018-04-19 21:10:00,18370.0,18375.0,18335.0,18365.0,204.0,18727950.0,23120.0
2018-04-19 21:15:00,18370.0,18380.0,18355.0,18375.0,196.0,17998850.0,23054.0
2018-04-19 21:20:00,18370.0,18400.0,18365.0,18390.0,154.0,14156900.0,23086.0
2018-04-19 21:25:00,18385.0,18410.0,18385.0,18390.0,116.0,10669750.0,23094.0
2018-04-19 21:30:00,18395.0,18400.0,18365.0,18365.0,138.0,12686400.0,23078.0
2018-04-19 21:35:00,18375.0,18395.0,18360.0,18365.0,142.0,13046650.0,23084.0
2018-04-19 21:40:00,18365.0,18375.0,18360.0,18370.0,124.0,11386600.0,23082.0
2018-04-19 21:45:00,18375.0,18395.0,18370.0,18395.0,188.0,17279550.0,23070.0
2018-04-19 21:50:00,18395.0,18395.0,18365.0,18380.0,78.0,7169250.0,23070.0
2018-04-19 21:55:00,18385.0,18390.0,18375.0,18390.0,48.0,4412050.0,23080.0
2018-04-19 22:00:00,18385.0,18390.0,18370.0,18380.0,80.0,7350900.0,23094.0
2018-04-19 22:05:00,18375.0,18440.0,18375.0,18420.0,414.0,38105400.0,23126.0
2018-04-19 22:10:00,18425.0,18440.0,18410.0,18435.0,108.0,9948800.0,23108.0
2018-04-19 22:15:00,18430.0,18440.0,18415.0,18425.0,202.0,18611550.0,23072.0
2018-04-19 22:20:00,18420.0,18425.0,18400.0,18415.0,108.0,9943900.0,23096.0
2018-04-19 22:25:00,18415.0,18435.0,18415.0,18425.0,128.0,11791650.0,23116.0
2018-04-19 22:30:00,18425.0,18475.0,18425.0,18450.0,182.0,16789450.0,23140.0
2018-04-19 22:35:00,18455.0,18460.0,18435.0,18435.0,78.0,7194700.0,23134.0
2018-04-19 22:40:00,18435.0,18445.0,18405.0,18435.0,150.0,13824050.0,23110.0
2018-04-19 22:45:00,18430.0,18430.0,18410.0,18415.0,52.0,4788600.0,23110.0
2018-04-19 22:50:00,18405.0,18425.0,18395.0,18425.0,50.0,4602500.0,23112.0
2018-04-19 22:55:00,18425.0,18435.0,18415.0,18430.0,88.0,8108150.0,23124.0
2018-04-19 23:00:00,18430.0,18460.0,18430.0,18460.0,94.0,8672250.0,23138.0
2018-04-19 23:05:00,18460.0,18490.0,18460.0,18475.0,104.0,9608200.0,23130.0
2018-04-19 23:10:00,18470.0,18480.0,18455.0,18460.0,50.0,4616150.0,23118.0
2018-04-19 23:15:00,18460.0,18465.0,18455.0,18465.0,30.0,2769100.0,23130.0
2018-04-19 23:20:00,18460.0,18460.0,18440.0,18455.0,70.0,6457900.0,23112.0
2018-04-19 23:25:00,18450.0,18470.0,18450.0,18465.0,82.0,7568950.0,23148.0
2018-04-19 23:30:00,18465.0,18465.0,18450.0,18450.0,22.0,2029850.0,23154.0
2018-04-19 23:35:00,18440.0,18450.0,18410.0,18430.0,190.0,17509350.0,23156.0
2018-04-19 23:40:00,18430.0,18430.0,18405.0,18415.0,112.0,10312000.0,23186.0
2018-04-19 23:45:00,18415.0,18440.0,18415.0,18440.0,42.0,3869850.0,23180.0
2018-04-19 23:50:00,18440.0,18450.0,18435.0,18450.0,36.0,3319650.0,23176.0
2018-04-19 23:55:00,18455.0,18465.0,18445.0,18460.0,106.0,9783600.0,23144.0
2018-04-20 00:00:00,18455.0,18465.0,18455.0,18460.0,44.0,4061250.0,23158.0
2018-04-20 00:05:00,18460.0,18460.0,18435.0,18435.0,56.0,5163800.0,23154.0
2018-04-20 00:10:00,18430.0,18445.0,18420.0,18445.0,84.0,7741100.0,23188.0
2018-04-20 00:15:00,18445.0,18445.0,18440.0,18440.0,8.0,737750.0,23186.0
2018-04-20 00:20:00,18440.0,18445.0,18440.0,18445.0,10.0,922200.0,23184.0
2018-04-20 00:25:00,18445.0,18445.0,18445.0,18445.0,4.0,368900.0,23184.0
2018-04-20 00:30:00,18435.0,18440.0,18435.0,18435.0,24.0,2212400.0,23174.0
2018-04-20 00:35:00,18435.0,18440.0,18435.0,18440.0,6.0,553150.0,23172.0
2018-04-20 00:40:00,18440.0,18445.0,18440.0,18440.0,8.0,737650.0,23164.0
2018-04-20 00:45:00,18440.0,18450.0,18440.0,18450.0,26.0,2397800.0,23164.0
2018-04-20 00:50:00,18450.0,18450.0,18450.0,18450.0,2.0,184500.0,23164.0
2018-04-20 00:55:00,18445.0,18455.0,18440.0,18455.0,28.0,2582900.0,23156.0
2018-04-20 09:00:00,18445.0,18460.0,18415.0,18420.0,610.0,56209200.0,22834.0
2018-04-20 09:05:00,18420.0,18460.0,18415.0,18450.0,442.0,40734700.0,22644.0
2018-04-20 09:10:00,18450.0,18450.0,18430.0,18445.0,194.0,17887400.0,22542.0
2018-04-20 09:15:00,18445.0,18465.0,18440.0,18440.0,180.0,16608750.0,22524.0
2018-04-20 09:20:00,18435.0,18440.0,18410.0,18420.0,52.0,4789750.0,22510.0
2018-04-20 09:25:00,18420.0,18425.0,18415.0,18425.0,22.0,2025850.0,22500.0
2018-04-20 09:30:00,18425.0,18425.0,18395.0,18410.0,100.0,9204000.0,22482.0
2018-04-20 09:35:00,18415.0,18425.0,18410.0,18425.0,66.0,6077500.0,22480.0
2018-04-20 09:40:00,18425.0,18430.0,18415.0,18430.0,28.0,2578850.0,22478.0
2018-04-20 09:45:00,18430.0,18450.0,18430.0,18440.0,18.0,1659550.0,22476.0
2018-04-20 09:50:00,18440.0,18455.0,18435.0,18455.0,16.0,1475500.0,22472.0
2018-04-20 09:55:00,18450.0,18450.0,18440.0,18440.0,50.0,4611300.0,22464.0
2018-04-20 10:00:00,18440.0,18440.0,18440.0,18440.0,8.0,737600.0,22462.0
2018-04-20 10:05:00,18440.0,18440.0,18435.0,18440.0,24.0,2212550.0,22456.0
2018-04-20 10:10:00,18440.0,18445.0,18435.0,18435.0,52.0,4795100.0,22426.0
2018-04-20 10:30:00,18435.0,18455.0,18435.0,18455.0,26.0,2397600.0,22426.0
2018-04-20 10:35:00,18460.0,18460.0,18450.0,18460.0,46.0,4245400.0,22404.0
2018-04-20 10:40:00,18450.0,18455.0,18445.0,18455.0,56.0,5165800.0,22402.0
2018-04-20 10:45:00,18450.0,18465.0,18445.0,18455.0,66.0,6090750.0,22382.0
2018-04-20 10:50:00,18460.0,18465.0,18455.0,18460.0,40.0,3691850.0,22366.0
2018-04-20 10:55:00,18460.0,18470.0,18450.0,18450.0,84.0,7752550.0,22330.0
2018-04-20 11:00:00,18460.0,18470.0,18455.0,18455.0,68.0,6276750.0,22306.0
2018-04-20 11:05:00,18460.0,18465.0,18455.0,18465.0,20.0,1845950.0,22300.0
2018-04-20 11:10:00,18465.0,18470.0,18455.0,18460.0,16.0,1476900.0,22292.0
2018-04-20 11:15:00,18455.0,18465.0,18455.0,18465.0,22.0,2030650.0,22282.0
2018-04-20 11:20:00,18460.0,18465.0,18455.0,18460.0,66.0,6092250.0,22258.0
2018-04-20 11:25:00,18455.0,18460.0,18440.0,18440.0,182.0,16789550.0,22180.0
2018-04-20 13:30:00,18430.0,18465.0,18415.0,18460.0,202.0,18626150.0,22140.0
2018-04-20 13:35:00,18460.0,18460.0,18410.0,18415.0,278.0,25624450.0,22032.0
2018-04-20 13:40:00,18415.0,18430.0,18410.0,18420.0,70.0,6447050.0,21998.0
2018-04-20 13:45:00,18420.0,18420.0,18415.0,18420.0,48.0,4420250.0,21982.0
2018-04-20 13:50:00,18425.0,18435.0,18425.0,18435.0,24.0,2211100.0,21968.0
2018-04-20 13:55:00,18435.0,18445.0,18435.0,18435.0,32.0,2949950.0,21964.0
2018-04-20 14:00:00,18440.0,18445.0,18425.0,18430.0,120.0,11060100.0,21922.0
2018-04-20 14:05:00,18425.0,18445.0,18425.0,18435.0,136.0,12536250.0,21856.0
2018-04-20 14:10:00,18430.0,18435.0,18425.0,18430.0,54.0,4976150.0,21828.0
2018-04-20 14:15:00,18430.0,18430.0,18420.0,18430.0,104.0,9580650.0,21770.0
2018-04-20 14:20:00,18435.0,18450.0,18425.0,18440.0,114.0,10509550.0,21748.0
2018-04-20 14:25:00,18440.0,18440.0,18415.0,18435.0,564.0,51954900.0,22112.0
2018-04-20 14:30:00,18430.0,18450.0,18425.0,18445.0,74.0,6822800.0,22092.0
2018-04-20 14:35:00,18450.0,18470.0,18450.0,18455.0,90.0,8307600.0,22074.0
2018-04-20 14:40:00,18455.0,18490.0,18455.0,18480.0,86.0,7941250.0,22064.0
2018-04-20 14:45:00,18490.0,18490.0,18470.0,18470.0,40.0,3695300.0,22060.0
2018-04-20 14:50:00,18470.0,18490.0,18460.0,18490.0,80.0,7391300.0,22048.0
2018-04-20 14:55:00,18485.0,18495.0,18475.0,18475.0,104.0,9613150.0,22044.0
2018-04-20 21:00:00,18565.0,18590.0,18515.0,18535.0,328.0,30406550.0,22074.0
2018-04-20 21:05:00,18530.0,18545.0,18510.0,18535.0,204.0,18902200.0,21990.0
2018-04-20 21:10:00,18535.0,18535.0,18500.0,18515.0,52.0,4814450.0,21978.0
2018-04-20 21:15:00,18510.0,18530.0,18505.0,18520.0,118.0,10924400.0,21970.0
2018-04-20 21:20:00,18515.0,18520.0,18495.0,18500.0,72.0,6661800.0,21944.0
2018-04-20 21:25:00,18500.0,18505.0,18500.0,18500.0,16.0,1480250.0,21940.0
2018-04-20 21:30:00,18510.0,18510.0,18500.0,18505.0,36.0,3330900.0,21920.0
2018-04-20 21:35:00,18510.0,18515.0,18500.0,18510.0,62.0,5737350.0,21906.0
2018-04-20 21:40:00,18510.0,18510.0,18510.0,18510.0,6.0,555300.0,21906.0
2018-04-20 21:45:00,18510.0,18515.0,18495.0,18495.0,44.0,4070700.0,21900.0
2018-04-20 21:50:00,18495.0,18510.0,18490.0,18505.0,152.0,14058300.0,21818.0
2018-04-20 21:55:00,18505.0,18505.0,18480.0,18490.0,56.0,5176750.0,21790.0
2018-04-20 22:00:00,18485.0,18495.0,18485.0,18495.0,36.0,3328300.0,21780.0
2018-04-20 22:05:00,18495.0,18505.0,18490.0,18495.0,108.0,9987350.0,21724.0
2018-04-20 22:10:00,18495.0,18500.0,18495.0,18495.0,54.0,4993750.0,21710.0
2018-04-20 22:15:00,18495.0,18495.0,18490.0,18490.0,48.0,4437700.0,21698.0
2018-04-20 22:20:00,18485.0,18490.0,18485.0,18490.0,40.0,3697550.0,21684.0
2018-04-20 22:25:00,18490.0,18490.0,18475.0,18475.0,90.0,8315650.0,21690.0
2018-04-20 22:30:00,18485.0,18485.0,18430.0,18460.0,148.0,13660850.0,21666.0
2018-04-20 22:35:00,18455.0,18455.0,18440.0,18455.0,56.0,5165700.0,21638.0
2018-04-20 22:40:00,18455.0,18455.0,18435.0,18450.0,90.0,8301400.0,21618.0
2018-04-20 22:45:00,18455.0,18470.0,18450.0,18450.0,152.0,14027300.0,21574.0
2018-04-20 22:50:00,18450.0,18450.0,18435.0,18435.0,122.0,11250400.0,21538.0
2018-04-20 22:55:00,18435.0,18435.0,18430.0,18435.0,66.0,6083300.0,21516.0
2018-04-20 23:00:00,18435.0,18435.0,18425.0,18435.0,98.0,9029500.0,21468.0
2018-04-20 23:05:00,18430.0,18435.0,18425.0,18425.0,84.0,7740800.0,21422.0
2018-04-20 23:10:00,18425.0,18435.0,18425.0,18435.0,10.0,921550.0,21416.0
2018-04-20 23:15:00,18435.0,18440.0,18435.0,18440.0,18.0,1659500.0,21414.0
2018-04-20 23:20:00,18440.0,18445.0,18430.0,18440.0,26.0,2396850.0,21410.0
2018-04-20 23:25:00,18440.0,18450.0,18440.0,18450.0,50.0,4610700.0,21394.0
2018-04-20 23:30:00,18450.0,18455.0,18450.0,18455.0,66.0,6088700.0,21394.0
2018-04-20 23:35:00,18455.0,18470.0,18455.0,18465.0,38.0,3507600.0,21390.0
2018-04-20 23:40:00,18465.0,18480.0,18465.0,18470.0,80.0,7390150.0,21346.0
2018-04-20 23:45:00,18475.0,18475.0,18460.0,18465.0,18.0,1661900.0,21352.0
2018-04-20 23:50:00,18465.0,18515.0,18460.0,18515.0,132.0,12201400.0,21332.0
2018-04-20 23:55:00,18505.0,18505.0,18480.0,18490.0,42.0,3883050.0,21320.0
2018-04-21 00:00:00,18480.0,18480.0,18455.0,18460.0,46.0,4247650.0,21322.0
2018-04-21 00:05:00,18460.0,18460.0,18455.0,18455.0,10.0,922800.0,21326.0
2018-04-21 00:10:00,18455.0,18460.0,18455.0,18460.0,8.0,738400.0,21320.0
2018-04-21 00:15:00,18460.0,18470.0,18460.0,18470.0,2.0,184700.0,21318.0
2018-04-21 00:20:00,18470.0,18470.0,18470.0,18470.0,0.0,0.0,21318.0
2018-04-21 00:25:00,18470.0,18470.0,18465.0,18465.0,6.0,553950.0,21314.0
2018-04-21 00:30:00,18465.0,18465.0,18460.0,18460.0,4.0,369200.0,21316.0
2018-04-21 00:35:00,18460.0,18460.0,18440.0,18440.0,14.0,1291750.0,21308.0
2018-04-21 00:40:00,18440.0,18445.0,18440.0,18445.0,12.0,1106650.0,21310.0
2018-04-21 00:45:00,18455.0,18455.0,18450.0,18455.0,22.0,2029750.0,21298.0
2018-04-21 00:50:00,18455.0,18460.0,18455.0,18460.0,6.0,553800.0,21298.0
2018-04-21 00:55:00,18460.0,18490.0,18460.0,18475.0,52.0,4803600.0,21280.0
2018-04-23 09:00:00,18480.0,18510.0,18465.0,18505.0,96.0,8875200.0,21278.0
2018-04-23 09:05:00,18490.0,18500.0,18480.0,18485.0,196.0,18124500.0,21232.0
2018-04-23 09:10:00,18485.0,18500.0,18480.0,18495.0,156.0,14424750.0,21182.0
2018-04-23 09:15:00,18500.0,18510.0,18490.0,18510.0,112.0,10360450.0,21144.0
2018-04-23 09:20:00,18505.0,18515.0,18490.0,18490.0,116.0,10732050.0,21134.0
2018-04-23 09:25:00,18495.0,18515.0,18490.0,18515.0,82.0,7587500.0,21122.0
2018-04-23 09:30:00,18515.0,18515.0,18505.0,18505.0,80.0,7405400.0,21106.0
2018-04-23 09:35:00,18505.0,18520.0,18505.0,18520.0,126.0,11664600.0,21064.0
2018-04-23 09:40:00,18520.0,18540.0,18515.0,18525.0,100.0,9264650.0,21052.0
2018-04-23 09:45:00,18525.0,18530.0,18510.0,18530.0,600.0,55567650.0,20970.0
2018-04-23 09:50:00,18530.0,18540.0,18515.0,18515.0,304.0,28158550.0,20918.0
2018-04-23 09:55:00,18515.0,18520.0,18485.0,18490.0,314.0,29048100.0,20816.0
2018-04-23 10:00:00,18495.0,18495.0,18485.0,18485.0,58.0,5363050.0,20764.0
2018-04-23 10:05:00,18490.0,18500.0,18485.0,18500.0,54.0,4992600.0,20742.0
2018-04-23 10:10:00,18495.0,18505.0,18490.0,18500.0,72.0,6659800.0,20716.0
2018-04-23 10:30:00,18500.0,18510.0,18500.0,18500.0,34.0,3145950.0,20698.0
2018-04-23 10:35:00,18500.0,18510.0,18500.0,18510.0,14.0,1295500.0,20684.0
2018-04-23 10:40:00,18515.0,18520.0,18510.0,18515.0,32.0,2962250.0,20684.0
2018-04-23 10:45:00,18510.0,18520.0,18510.0,18520.0,44.0,4073150.0,20660.0
2018-04-23 10:50:00,18525.0,18535.0,18510.0,18535.0,166.0,15375400.0,20526.0
2018-04-23 10:55:00,18535.0,18545.0,18530.0,18530.0,20.0,1854050.0,20524.0
2018-04-23 11:00:00,18530.0,18530.0,18530.0,18530.0,4.0,370600.0,20524.0
2018-04-23 11:05:00,18530.0,18540.0,18530.0,18540.0,54.0,5004600.0,20494.0
2018-04-23 11:10:00,18545.0,18545.0,18525.0,18530.0,36.0,3336450.0,20474.0
2018-04-23 11:15:00,18530.0,18555.0,18530.0,18555.0,94.0,8718250.0,20444.0
2018-04-23 11:20:00,18555.0,18570.0,18540.0,18550.0,122.0,11318750.0,20468.0
2018-04-23 11:25:00,18555.0,18560.0,18545.0,18545.0,60.0,5566150.0,20446.0
2018-04-23 13:30:00,18555.0,18565.0,18530.0,18545.0,90.0,8348700.0,20436.0
2018-04-23 13:35:00,18540.0,18545.0,18530.0,18530.0,60.0,5560850.0,20420.0
2018-04-23 13:40:00,18530.0,18540.0,18520.0,18540.0,96.0,8893750.0,20360.0
2018-04-23 13:45:00,18540.0,18545.0,18540.0,18540.0,38.0,3522850.0,20330.0
2018-04-23 13:50:00,18535.0,18550.0,18535.0,18545.0,52.0,4821300.0,20310.0
2018-04-23 13:55:00,18545.0,18545.0,18540.0,18540.0,52.0,4821400.0,20274.0
2018-04-23 14:00:00,18545.0,18555.0,18545.0,18545.0,168.0,15580450.0,20150.0
2018-04-23 14:05:00,18545.0,18550.0,18540.0,18545.0,88.0,8158900.0,20078.0
2018-04-23 14:10:00,18550.0,18555.0,18540.0,18540.0,284.0,26341000.0,19816.0
2018-04-23 14:15:00,18555.0,18555.0,18535.0,18540.0,116.0,10754000.0,19774.0
2018-04-23 14:20:00,18540.0,18550.0,18540.0,18540.0,112.0,10384300.0,19678.0
2018-04-23 14:25:00,18545.0,18560.0,18545.0,18555.0,52.0,4823500.0,19648.0
2018-04-23 14:30:00,18550.0,18570.0,18550.0,18555.0,78.0,7237350.0,19614.0
2018-04-23 14:35:00,18560.0,18565.0,18550.0,18550.0,90.0,8349000.0,19544.0
2018-04-23 14:40:00,18555.0,18560.0,18545.0,18545.0,58.0,5380200.0,19492.0
2018-04-23 14:45:00,18545.0,18555.0,18540.0,18540.0,152.0,14096800.0,19382.0
2018-04-23 14:50:00,18545.0,18555.0,18535.0,18540.0,170.0,15760050.0,19284.0
2018-04-23 14:55:00,18540.0,18570.0,18540.0,18565.0,58.0,5379800.0,19242.0
2018-04-23 21:00:00,18415.0,18495.0,18380.0,18475.0,822.0,75707400.0,19062.0
2018-04-23 21:05:00,18475.0,18510.0,18475.0,18500.0,280.0,25896550.0,19048.0
2018-04-23 21:10:00,18495.0,18520.0,18495.0,18510.0,308.0,28501400.0,18916.0
2018-04-23 21:15:00,18510.0,18525.0,18510.0,18525.0,238.0,22035150.0,18814.0
2018-04-23 21:20:00,18525.0,18525.0,18500.0,18505.0,374.0,34615200.0,18650.0
2018-04-23 21:25:00,18500.0,18520.0,18500.0,18505.0,286.0,26464150.0,18568.0
2018-04-23 21:30:00,18515.0,18515.0,18505.0,18515.0,182.0,16843900.0,18592.0
2018-04-23 21:35:00,18515.0,18515.0,18490.0,18500.0,312.0,28863150.0,18532.0
2018-04-23 21:40:00,18505.0,18505.0,18495.0,18500.0,174.0,16093600.0,18438.0
2018-04-23 21:45:00,18505.0,18505.0,18485.0,18495.0,176.0,16276250.0,18322.0
2018-04-23 21:50:00,18495.0,18505.0,18490.0,18505.0,42.0,3884800.0,18312.0
2018-04-23 21:55:00,18500.0,18520.0,18495.0,18500.0,130.0,12027000.0,18260.0
2018-04-23 22:00:00,18505.0,18510.0,18500.0,18500.0,88.0,8142300.0,18232.0
2018-04-23 22:05:00,18505.0,18510.0,18495.0,18510.0,60.0,5551600.0,18222.0
2018-04-23 22:10:00,18510.0,18520.0,18500.0,18505.0,28.0,2591400.0,18226.0
2018-04-23 22:15:00,18510.0,18510.0,18500.0,18505.0,38.0,3516100.0,18208.0
2018-04-23 22:20:00,18505.0,18505.0,18495.0,18495.0,78.0,7215300.0,18194.0
2018-04-23 22:25:00,18505.0,18505.0,18500.0,18500.0,20.0,1850200.0,18198.0
2018-04-23 22:30:00,18500.0,18500.0,18475.0,18490.0,68.0,6285450.0,18182.0
2018-04-23 22:35:00,18500.0,18500.0,18485.0,18490.0,16.0,1479650.0,18188.0
2018-04-23 22:40:00,18495.0,18495.0,18495.0,18495.0,4.0,369900.0,18186.0
2018-04-23 22:45:00,18505.0,18515.0,18495.0,18495.0,70.0,6476450.0,18164.0
2018-04-23 22:50:00,18495.0,18500.0,18490.0,18500.0,28.0,2589750.0,18156.0
2018-04-23 22:55:00,18505.0,18520.0,18495.0,18510.0,74.0,6848450.0,18154.0
2018-04-23 23:00:00,18515.0,18520.0,18510.0,18520.0,28.0,2592100.0,18158.0
2018-04-23 23:05:00,18515.0,18520.0,18500.0,18500.0,26.0,2406050.0,18156.0
2018-04-23 23:10:00,18500.0,18520.0,18500.0,18510.0,42.0,3887100.0,18164.0
2018-04-23 23:15:00,18510.0,18515.0,18510.0,18515.0,14.0,1295850.0,18166.0
2018-04-23 23:20:00,18505.0,18515.0,18495.0,18495.0,94.0,8695900.0,18164.0
2018-04-23 23:25:00,18495.0,18505.0,18495.0,18500.0,36.0,3329850.0,18158.0
2018-04-23 23:30:00,18505.0,18510.0,18500.0,18505.0,40.0,3701000.0,18164.0
2018-04-23 23:35:00,18500.0,18510.0,18500.0,18500.0,18.0,1665250.0,18164.0
2018-04-23 23:40:00,18500.0,18500.0,18495.0,18500.0,10.0,924850.0,18160.0
2018-04-23 23:45:00,18500.0,18500.0,18495.0,18495.0,14.0,1294850.0,18160.0
2018-04-23 23:50:00,18495.0,18505.0,18495.0,18500.0,40.0,3700000.0,18158.0
2018-04-23 23:55:00,18495.0,18495.0,18490.0,18495.0,14.0,1294550.0,18154.0
2018-04-24 00:00:00,18495.0,18500.0,18495.0,18500.0,8.0,739900.0,18154.0
2018-04-24 00:05:00,18500.0,18500.0,18495.0,18495.0,8.0,739900.0,18146.0
2018-04-24 00:10:00,18495.0,18495.0,18495.0,18495.0,0.0,0.0,18146.0
2018-04-24 00:15:00,18495.0,18495.0,18495.0,18495.0,0.0,0.0,18146.0
2018-04-24 00:20:00,18495.0,18495.0,18495.0,18495.0,0.0,0.0,18146.0
2018-04-24 00:25:00,18495.0,18495.0,18495.0,18495.0,0.0,0.0,18146.0
2018-04-24 00:30:00,18495.0,18495.0,18495.0,18495.0,0.0,0.0,18146.0
2018-04-24 00:35:00,18495.0,18495.0,18495.0,18495.0,0.0,0.0,18146.0
2018-04-24 00:40:00,18495.0,18495.0,18495.0,18495.0,0.0,0.0,18146.0
2018-04-24 00:45:00,18490.0,18500.0,18490.0,18500.0,4.0,369900.0,18142.0
2018-04-24 00:50:00,18500.0,18500.0,18500.0,18500.0,0.0,0.0,18142.0
2018-04-24 00:55:00,18500.0,18515.0,18490.0,18490.0,34.0,3145300.0,18122.0
2018-04-24 09:00:00,18485.0,18515.0,18485.0,18505.0,66.0,6105750.0,18090.0
2018-04-24 09:05:00,18505.0,18515.0,18495.0,18505.0,70.0,6476550.0,18070.0
2018-04-24 09:10:00,18510.0,18515.0,18505.0,18510.0,52.0,4812950.0,18060.0
2018-04-24 09:15:00,18510.0,18515.0,18500.0,18505.0,58.0,5367850.0,18050.0
2018-04-24 09:20:00,18510.0,18510.0,18500.0,18500.0,50.0,4626050.0,18040.0
2018-04-24 09:25:00,18500.0,18505.0,18500.0,18500.0,28.0,2590250.0,18028.0
2018-04-24 09:30:00,18495.0,18500.0,18490.0,18490.0,28.0,2589250.0,18032.0
2018-04-24 09:35:00,18490.0,18505.0,18485.0,18495.0,26.0,2404250.0,18020.0
2018-04-24 09:40:00,18495.0,18500.0,18495.0,18500.0,6.0,554900.0,18026.0
2018-04-24 09:45:00,18500.0,18505.0,18495.0,18505.0,14.0,1295150.0,18020.0
2018-04-24 09:50:00,18505.0,18510.0,18495.0,18505.0,48.0,4440750.0,18012.0
2018-04-24 09:55:00,18505.0,18515.0,18500.0,18505.0,56.0,5182000.0,17980.0
2018-04-24 10:00:00,18505.0,18505.0,18505.0,18505.0,0.0,0.0,17980.0
2018-04-24 10:05:00,18505.0,18505.0,18505.0,18505.0,20.0,1850500.0,17964.0
2018-04-24 10:10:00,18505.0,18510.0,18500.0,18500.0,32.0,2960950.0,17946.0
2018-04-24 10:30:00,18510.0,18515.0,18505.0,18515.0,160.0,14806300.0,17904.0
2018-04-24 10:35:00,18510.0,18510.0,18500.0,18505.0,98.0,9068000.0,17894.0
2018-04-24 10:40:00,18510.0,18515.0,18510.0,18510.0,54.0,4997850.0,17878.0
2018-04-24 10:45:00,18510.0,18510.0,18505.0,18510.0,20.0,1850950.0,17868.0
2018-04-24 10:50:00,18510.0,18515.0,18505.0,18510.0,60.0,5553000.0,17842.0
2018-04-24 10:55:00,18510.0,18520.0,18510.0,18515.0,44.0,4073650.0,17842.0
2018-04-24 11:00:00,18515.0,18515.0,18515.0,18515.0,4.0,370300.0,17846.0
2018-04-24 11:05:00,18515.0,18530.0,18515.0,18520.0,116.0,10746200.0,17762.0
2018-04-24 11:10:00,18515.0,18525.0,18515.0,18520.0,16.0,1481350.0,17750.0
2018-04-24 11:15:00,18520.0,18530.0,18520.0,18530.0,52.0,4816150.0,17742.0
2018-04-24 11:20:00,18530.0,18530.0,18520.0,18520.0,38.0,3519300.0,17722.0
2018-04-24 11:25:00,18525.0,18540.0,18520.0,18520.0,30.0,2779150.0,17710.0
2018-04-24 13:30:00,18530.0,18550.0,18530.0,18545.0,160.0,14833900.0,17748.0
2018-04-24 13:35:00,18545.0,18550.0,18540.0,18550.0,94.0,8714650.0,17752.0
2018-04-24 13:40:00,18545.0,18545.0,18530.0,18530.0,78.0,7230550.0,17706.0
2018-04-24 13:45:00,18545.0,18545.0,18540.0,18540.0,24.0,2225300.0,17694.0
2018-04-24 13:50:00,18540.0,18550.0,18540.0,18545.0,42.0,3893750.0,17702.0
2018-04-24 13:55:00,18545.0,18550.0,18540.0,18540.0,134.0,12426800.0,17692.0
2018-04-24 14:00:00,18545.0,18545.0,18535.0,18535.0,112.0,10381000.0,17634.0
2018-04-24 14:05:00,18535.0,18545.0,18535.0,18535.0,80.0,7414200.0,17568.0
2018-04-24 14:10:00,18540.0,18540.0,18535.0,18540.0,28.0,2595250.0,17546.0
2018-04-24 14:15:00,18545.0,18545.0,18535.0,18535.0,36.0,3337400.0,17550.0
2018-04-24 14:20:00,18540.0,18545.0,18535.0,18545.0,54.0,5005950.0,17552.0
2018-04-24 14:25:00,18545.0,18545.0,18535.0,18535.0,52.0,4819600.0,17538.0
2018-04-24 14:30:00,18545.0,18545.0,18545.0,18545.0,8.0,741800.0,17538.0
2018-04-24 14:35:00,18540.0,18550.0,18525.0,18525.0,70.0,6491300.0,17526.0
2018-04-24 14:40:00,18525.0,18540.0,18525.0,18525.0,64.0,5931050.0,17496.0
2018-04-24 14:45:00,18525.0,18535.0,18520.0,18535.0,42.0,3890650.0,17474.0
2018-04-24 14:50:00,18530.0,18535.0,18515.0,18525.0,38.0,3519650.0,17452.0
2018-04-24 14:55:00,18520.0,18530.0,18515.0,18530.0,76.0,7039500.0,17416.0
2018-04-24 21:00:00,18630.0,18630.0,18525.0,18555.0,232.0,21529100.0,17326.0
2018-04-24 21:05:00,18550.0,18560.0,18540.0,18555.0,128.0,11873750.0,17278.0
2018-04-24 21:10:00,18555.0,18560.0,18550.0,18550.0,82.0,7607000.0,17236.0
2018-04-24 21:15:00,18545.0,18560.0,18540.0,18560.0,138.0,12798750.0,17166.0
2018-04-24 21:20:00,18555.0,18560.0,18540.0,18545.0,122.0,11314850.0,17114.0
2018-04-24 21:25:00,18545.0,18545.0,18535.0,18540.0,28.0,2595650.0,17106.0
2018-04-24 21:30:00,18540.0,18540.0,18530.0,18540.0,94.0,8710900.0,17036.0
2018-04-24 21:35:00,18535.0,18540.0,18530.0,18530.0,54.0,5004250.0,17032.0
2018-04-24 21:40:00,18530.0,18545.0,18530.0,18540.0,62.0,5747900.0,16986.0
2018-04-24 21:45:00,18540.0,18550.0,18540.0,18550.0,32.0,2967200.0,16972.0
2018-04-24 21:50:00,18550.0,18555.0,18550.0,18550.0,34.0,3153750.0,16954.0
2018-04-24 21:55:00,18550.0,18555.0,18545.0,18550.0,28.0,2597400.0,16954.0
2018-04-24 22:00:00,18550.0,18555.0,18535.0,18545.0,60.0,5564650.0,16918.0
2018-04-24 22:05:00,18545.0,18550.0,18540.0,18545.0,106.0,9830200.0,16864.0
2018-04-24 22:10:00,18550.0,18550.0,18545.0,18550.0,38.0,3524350.0,16830.0
2018-04-24 22:15:00,18550.0,18550.0,18535.0,18540.0,70.0,6490100.0,16798.0
2018-04-24 22:20:00,18540.0,18540.0,18530.0,18535.0,20.0,1853200.0,16792.0
2018-04-24 22:25:00,18530.0,18540.0,18530.0,18530.0,90.0,8340800.0,16760.0
2018-04-24 22:30:00,18540.0,18540.0,18535.0,18535.0,16.0,1482850.0,16756.0
2018-04-24 22:35:00,18530.0,18535.0,18525.0,18525.0,72.0,6670350.0,16722.0
2018-04-24 22:40:00,18520.0,18525.0,18510.0,18510.0,108.0,9998600.0,16622.0
2018-04-24 22:45:00,18515.0,18520.0,18510.0,18520.0,44.0,4072500.0,16582.0
2018-04-24 22:50:00,18520.0,18535.0,18520.0,18530.0,14.0,1297150.0,16584.0
2018-04-24 22:55:00,18530.0,18540.0,18530.0,18530.0,4.0,370700.0,16580.0
2018-04-24 23:00:00,18530.0,18535.0,18525.0,18535.0,20.0,1852750.0,16570.0
2018-04-24 23:05:00,18530.0,18530.0,18520.0,18525.0,12.0,1111450.0,16574.0
2018-04-24 23:10:00,18525.0,18525.0,18525.0,18525.0,0.0,0.0,16574.0
2018-04-24 23:15:00,18525.0,18525.0,18500.0,18525.0,94.0,8698900.0,16552.0
2018-04-24 23:20:00,18525.0,18525.0,18510.0,18515.0,12.0,1111050.0,16542.0
2018-04-24 23:25:00,18510.0,18515.0,18480.0,18485.0,370.0,34209500.0,16296.0
2018-04-24 23:30:00,18490.0,18505.0,18480.0,18500.0,70.0,6470400.0,16262.0
2018-04-24 23:35:00,18490.0,18510.0,18485.0,18495.0,46.0,4253550.0,16226.0
2018-04-24 23:40:00,18495.0,18495.0,18495.0,18495.0,0.0,0.0,16226.0
2018-04-24 23:45:00,18505.0,18505.0,18485.0,18485.0,14.0,1294550.0,16224.0
2018-04-24 23:50:00,18485.0,18485.0,18450.0,18455.0,166.0,15320900.0,16220.0
2018-04-24 23:55:00,18460.0,18470.0,18460.0,18465.0,14.0,1292500.0,16218.0
2018-04-25 00:00:00,18465.0,18475.0,18465.0,18475.0,16.0,1477450.0,16216.0
2018-04-25 00:05:00,18475.0,18475.0,18470.0,18470.0,36.0,3324900.0,16220.0
2018-04-25 00:10:00,18470.0,18475.0,18470.0,18475.0,6.0,554250.0,16224.0
2018-04-25 00:15:00,18475.0,18480.0,18475.0,18480.0,2.0,184800.0,16222.0
2018-04-25 00:20:00,18480.0,18485.0,18480.0,18485.0,2.0,184850.0,16220.0
2018-04-25 00:25:00,18485.0,18485.0,18475.0,18475.0,8.0,739100.0,16218.0
2018-04-25 00:30:00,18475.0,18485.0,18475.0,18485.0,16.0,1478800.0,16222.0
2018-04-25 00:35:00,18485.0,18485.0,18470.0,18475.0,12.0,1108250.0,16228.0
2018-04-25 00:40:00,18475.0,18475.0,18475.0,18475.0,12.0,1108500.0,16234.0
2018-04-25 00:45:00,18475.0,18490.0,18475.0,18490.0,8.0,739500.0,16234.0
2018-04-25 00:50:00,18490.0,18490.0,18490.0,18490.0,36.0,3328200.0,16224.0
2018-04-25 00:55:00,18490.0,18560.0,18475.0,18560.0,224.0,20739850.0,16154.0
2018-04-25 09:00:00,18520.0,18535.0,18490.0,18520.0,264.0,24427700.0,16082.0
2018-04-25 09:05:00,18530.0,18535.0,18520.0,18520.0,122.0,11301100.0,16060.0
2018-04-25 09:10:00,18520.0,18545.0,18520.0,18535.0,114.0,10564100.0,16012.0
2018-04-25 09:15:00,18540.0,18540.0,18525.0,18525.0,72.0,6671400.0,15988.0
2018-04-25 09:20:00,18525.0,18530.0,18520.0,18520.0,50.0,4630650.0,15962.0
2018-04-25 09:25:00,18520.0,18530.0,18515.0,18515.0,34.0,3148600.0,15950.0
2018-04-25 09:30:00,18520.0,18525.0,18520.0,18525.0,14.0,1296450.0,15942.0
2018-04-25 09:35:00,18525.0,18525.0,18515.0,18520.0,10.0,926000.0,15936.0
2018-04-25 09:40:00,18520.0,18520.0,18515.0,18515.0,46.0,4258650.0,15890.0
2018-04-25 09:45:00,18515.0,18525.0,18515.0,18520.0,80.0,7406200.0,15818.0
2018-04-25 09:50:00,18515.0,18520.0,18515.0,18520.0,52.0,4814750.0,15778.0
2018-04-25 09:55:00,18515.0,18515.0,18500.0,18510.0,162.0,14991050.0,15632.0
2018-04-25 10:00:00,18510.0,18510.0,18500.0,18500.0,46.0,4255100.0,15598.0
2018-04-25 10:05:00,18500.0,18505.0,18495.0,18495.0,60.0,5550200.0,15576.0
2018-04-25 10:10:00,18495.0,18505.0,18495.0,18500.0,10.0,925200.0,15568.0
2018-04-25 10:30:00,18495.0,18510.0,18490.0,18495.0,34.0,3145200.0,15558.0
2018-04-25 10:35:00,18495.0,18495.0,18465.0,18465.0,136.0,12564450.0,15456.0
2018-04-25 10:40:00,18470.0,18485.0,18470.0,18485.0,18.0,1662650.0,15446.0
2018-04-25 10:45:00,18480.0,18515.0,18480.0,18490.0,284.0,26268900.0,15220.0
2018-04-25 10:50:00,18500.0,18520.0,18490.0,18510.0,354.0,32757700.0,14980.0
2018-04-25 10:55:00,18505.0,18515.0,18505.0,18505.0,52.0,4812050.0,14936.0
2018-04-25 11:00:00,18505.0,18505.0,18495.0,18500.0,100.0,9250700.0,14864.0
2018-04-25 11:05:00,18500.0,18500.0,18495.0,18495.0,4.0,369950.0,14860.0
2018-04-25 11:10:00,18495.0,18500.0,18495.0,18500.0,58.0,5364700.0,14820.0
2018-04-25 11:15:00,18500.0,18500.0,18480.0,18490.0,72.0,6653250.0,14768.0
2018-04-25 11:20:00,18495.0,18495.0,18490.0,18490.0,44.0,4068150.0,14738.0
2018-04-25 11:25:00,18490.0,18490.0,18480.0,18480.0,32.0,2957450.0,14708.0
2018-04-25 13:30:00,18475.0,18485.0,18475.0,18485.0,28.0,2587550.0,14698.0
2018-04-25 13:35:00,18485.0,18490.0,18465.0,18470.0,186.0,17188350.0,14562.0
2018-04-25 13:40:00,18470.0,18480.0,18465.0,18475.0,48.0,4433850.0,14554.0
2018-04-25 13:45:00,18470.0,18470.0,18455.0,18455.0,146.0,13477200.0,14462.0
2018-04-25 13:50:00,18455.0,18465.0,18455.0,18465.0,78.0,7201000.0,14394.0
2018-04-25 13:55:00,18465.0,18475.0,18455.0,18465.0,82.0,7571450.0,14322.0
2018-04-25 14:00:00,18460.0,18465.0,18460.0,18460.0,64.0,5907250.0,14274.0
2018-04-25 14:05:00,18470.0,18470.0,18460.0,18460.0,16.0,1476850.0,14262.0
2018-04-25 14:10:00,18455.0,18455.0,18450.0,18455.0,94.0,8672000.0,14192.0
2018-04-25 14:15:00,18455.0,18455.0,18440.0,18450.0,14.0,1291200.0,14184.0
2018-04-25 14:20:00,18450.0,18455.0,18450.0,18455.0,42.0,3874850.0,14166.0
2018-04-25 14:25:00,18455.0,18455.0,18445.0,18445.0,56.0,5166050.0,14138.0
2018-04-25 14:30:00,18450.0,18450.0,18440.0,18440.0,80.0,7377250.0,14080.0
2018-04-25 14:35:00,18440.0,18445.0,18435.0,18435.0,112.0,10324900.0,13992.0
2018-04-25 14:40:00,18440.0,18440.0,18420.0,18425.0,76.0,7002650.0,13940.0
2018-04-25 14:45:00,18420.0,18425.0,18410.0,18420.0,190.0,17494200.0,13792.0
2018-04-25 14:50:00,18420.0,18430.0,18410.0,18420.0,188.0,17311950.0,13624.0
2018-04-25 14:55:00,18415.0,18430.0,18405.0,18405.0,182.0,16753350.0,13474.0
2018-04-25 21:00:00,18420.0,18425.0,18405.0,18425.0,16.0,1473450.0,13468.0
2018-04-25 21:05:00,18425.0,18425.0,18420.0,18420.0,28.0,2578850.0,13462.0
2018-04-25 21:10:00,18440.0,18440.0,18410.0,18410.0,418.0,38511000.0,13144.0
2018-04-25 21:15:00,18410.0,18420.0,18400.0,18400.0,274.0,25216450.0,12956.0
2018-04-25 21:20:00,18400.0,18415.0,18395.0,18395.0,90.0,8281150.0,12896.0
2018-04-25 21:25:00,18405.0,18410.0,18395.0,18410.0,114.0,10490900.0,12830.0
2018-04-25 21:30:00,18405.0,18425.0,18405.0,18415.0,92.0,8471250.0,12776.0
2018-04-25 21:35:00,18425.0,18425.0,18380.0,18380.0,146.0,13434550.0,12670.0
2018-04-25 21:40:00,18395.0,18395.0,18370.0,18380.0,136.0,12498700.0,12564.0
2018-04-25 21:45:00,18380.0,18385.0,18365.0,18380.0,64.0,5880800.0,12530.0
2018-04-25 21:50:00,18370.0,18380.0,18365.0,18380.0,32.0,2939300.0,12504.0
2018-04-25 21:55:00,18380.0,18380.0,18380.0,18380.0,0.0,0.0,12504.0
2018-04-25 22:00:00,18375.0,18390.0,18375.0,18390.0,8.0,735250.0,12504.0
2018-04-25 22:05:00,18395.0,18410.0,18395.0,18400.0,30.0,2760200.0,12488.0
2018-04-25 22:10:00,18400.0,18400.0,18395.0,18400.0,14.0,1287850.0,12478.0
2018-04-25 22:15:00,18400.0,18405.0,18390.0,18405.0,14.0,1287700.0,12474.0
2018-04-25 22:20:00,18405.0,18420.0,18405.0,18420.0,80.0,7364300.0,12400.0
2018-04-25 22:25:00,18425.0,18430.0,18400.0,18430.0,56.0,5157200.0,12374.0
2018-04-25 22:30:00,18430.0,18430.0,18430.0,18430.0,0.0,0.0,12374.0
2018-04-25 22:35:00,18405.0,18410.0,18400.0,18410.0,16.0,1472600.0,12368.0
2018-04-25 22:40:00,18405.0,18405.0,18400.0,18405.0,12.0,1104250.0,12370.0
2018-04-25 22:45:00,18400.0,18400.0,18385.0,18385.0,8.0,735850.0,12368.0
2018-04-25 22:50:00,18380.0,18380.0,18370.0,18370.0,10.0,918900.0,12366.0
2018-04-25 22:55:00,18370.0,18370.0,18350.0,18355.0,36.0,3304750.0,12364.0
2018-04-25 23:00:00,18370.0,18380.0,18360.0,18360.0,22.0,2020500.0,12354.0
2018-04-25 23:05:00,18355.0,18355.0,18325.0,18325.0,312.0,28620450.0,12104.0
2018-04-25 23:10:00,18335.0,18340.0,18320.0,18320.0,78.0,7147000.0,12046.0
2018-04-25 23:15:00,18340.0,18345.0,18320.0,18320.0,112.0,10262100.0,12014.0
2018-04-25 23:20:00,18320.0,18345.0,18310.0,18345.0,118.0,10807350.0,11928.0
2018-04-25 23:25:00,18355.0,18360.0,18325.0,18360.0,10.0,917350.0,11924.0
2018-04-25 23:30:00,18360.0,18370.0,18360.0,18370.0,12.0,1102200.0,11922.0
2018-04-25 23:35:00,18370.0,18370.0,18370.0,18370.0,0.0,0.0,11922.0
2018-04-25 23:40:00,18370.0,18370.0,18350.0,18350.0,24.0,2202000.0,11906.0
2018-04-25 23:45:00,18350.0,18350.0,18350.0,18350.0,0.0,0.0,11906.0
2018-04-25 23:50:00,18350.0,18395.0,18350.0,18395.0,62.0,5695200.0,11906.0
2018-04-25 23:55:00,18390.0,18405.0,18375.0,18375.0,14.0,1287000.0,11900.0
2018-04-26 00:00:00,18375.0,18390.0,18375.0,18390.0,4.0,367800.0,11898.0
2018-04-26 00:05:00,18385.0,18385.0,18385.0,18385.0,2.0,183850.0,11896.0
2018-04-26 00:10:00,18385.0,18385.0,18385.0,18385.0,0.0,0.0,11896.0
2018-04-26 00:15:00,18385.0,18385.0,18385.0,18385.0,0.0,0.0,11896.0
2018-04-26 00:20:00,18385.0,18385.0,18385.0,18385.0,0.0,0.0,11896.0
2018-04-26 00:25:00,18385.0,18385.0,18385.0,18385.0,0.0,0.0,11896.0
2018-04-26 00:30:00,18395.0,18420.0,18385.0,18415.0,74.0,6810200.0,11830.0
2018-04-26 00:35:00,18415.0,18420.0,18415.0,18420.0,14.0,1289200.0,11816.0
2018-04-26 00:40:00,18420.0,18420.0,18390.0,18390.0,2.0,183900.0,11816.0
2018-04-26 00:45:00,18390.0,18390.0,18390.0,18390.0,0.0,0.0,11816.0
2018-04-26 00:50:00,18390.0,18390.0,18385.0,18385.0,2.0,183850.0,11816.0
2018-04-26 00:55:00,18385.0,18385.0,18385.0,18385.0,6.0,551550.0,11812.0
2018-04-26 09:00:00,18380.0,18420.0,18375.0,18420.0,112.0,10308350.0,11764.0
2018-04-26 09:05:00,18420.0,18435.0,18405.0,18415.0,294.0,27073700.0,11588.0
2018-04-26 09:10:00,18425.0,18430.0,18405.0,18430.0,304.0,27992500.0,11330.0
2018-04-26 09:15:00,18420.0,18445.0,18420.0,18445.0,62.0,5713600.0,11338.0
2018-04-26 09:20:00,18445.0,18455.0,18445.0,18455.0,10.0,922600.0,11334.0
2018-04-26 09:25:00,18455.0,18475.0,18455.0,18465.0,98.0,9047950.0,11268.0
2018-04-26 09:30:00,18460.0,18485.0,18460.0,18465.0,104.0,9606050.0,11192.0
2018-04-26 09:35:00,18465.0,18475.0,18460.0,18460.0,58.0,5355450.0,11150.0
2018-04-26 09:40:00,18460.0,18460.0,18450.0,18450.0,150.0,13840600.0,11006.0
2018-04-26 09:45:00,18435.0,18435.0,18405.0,18405.0,116.0,10684200.0,10990.0
2018-04-26 09:50:00,18405.0,18420.0,18395.0,18405.0,50.0,4601900.0,10972.0
2018-04-26 09:55:00,18405.0,18415.0,18400.0,18415.0,90.0,8284250.0,10966.0
2018-04-26 10:00:00,18420.0,18420.0,18410.0,18410.0,30.0,2762900.0,10946.0
2018-04-26 10:05:00,18410.0,18410.0,18405.0,18405.0,28.0,2576700.0,10930.0
2018-04-26 10:10:00,18405.0,18405.0,18375.0,18395.0,80.0,7357100.0,10874.0
2018-04-26 10:30:00,18395.0,18395.0,18380.0,18385.0,36.0,3309000.0,10862.0
2018-04-26 10:35:00,18390.0,18410.0,18390.0,18410.0,70.0,6437550.0,10818.0
2018-04-26 10:40:00,18400.0,18420.0,18400.0,18420.0,34.0,3128750.0,10786.0
2018-04-26 10:45:00,18425.0,18425.0,18410.0,18410.0,34.0,3131100.0,10768.0
2018-04-26 10:50:00,18410.0,18420.0,18410.0,18420.0,90.0,8285500.0,10734.0
2018-04-26 10:55:00,18415.0,18415.0,18395.0,18395.0,14.0,1288550.0,10722.0
2018-04-26 11:00:00,18395.0,18395.0,18385.0,18390.0,20.0,1838950.0,10714.0
2018-04-26 11:05:00,18395.0,18395.0,18395.0,18395.0,34.0,3127150.0,10686.0
2018-04-26 11:10:00,18390.0,18390.0,18390.0,18390.0,14.0,1287300.0,10678.0
2018-04-26 11:15:00,18390.0,18405.0,18390.0,18390.0,24.0,2207450.0,10674.0
2018-04-26 11:20:00,18390.0,18395.0,18390.0,18395.0,20.0,1839300.0,10680.0
2018-04-26 11:25:00,18415.0,18450.0,18415.0,18445.0,124.0,11432700.0,10584.0
2018-04-26 13:30:00,18435.0,18435.0,18385.0,18385.0,78.0,7172900.0,10554.0
2018-04-26 13:35:00,18380.0,18390.0,18380.0,18380.0,340.0,31253350.0,10440.0
2018-04-26 13:40:00,18380.0,18390.0,18375.0,18375.0,788.0,72434800.0,10286.0
2018-04-26 13:45:00,18375.0,18385.0,18375.0,18385.0,2.0,183850.0,10286.0
2018-04-26 13:50:00,18385.0,18400.0,18385.0,18400.0,2.0,184000.0,10284.0
2018-04-26 13:55:00,18400.0,18400.0,18385.0,18385.0,16.0,1471000.0,10272.0
2018-04-26 14:00:00,18385.0,18410.0,18385.0,18410.0,12.0,1104550.0,10276.0
2018-04-26 14:05:00,18405.0,18405.0,18395.0,18395.0,6.0,552050.0,10270.0
2018-04-26 14:10:00,18395.0,18410.0,18390.0,18410.0,28.0,2575200.0,10246.0
2018-04-26 14:15:00,18410.0,18410.0,18410.0,18410.0,2.0,184100.0,10246.0
2018-04-26 14:20:00,18410.0,18415.0,18400.0,18400.0,36.0,3314050.0,10226.0
2018-04-26 14:25:00,18400.0,18400.0,18400.0,18400.0,0.0,0.0,10226.0
2018-04-26 14:30:00,18400.0,18400.0,18390.0,18390.0,26.0,2391800.0,10204.0
2018-04-26 14:35:00,18400.0,18415.0,18400.0,18415.0,4.0,368150.0,10204.0
2018-04-26 14:40:00,18415.0,18415.0,18400.0,18400.0,6.0,552050.0,10200.0
2018-04-26 14:45:00,18400.0,18415.0,18400.0,18415.0,16.0,1472300.0,10198.0
2018-04-26 14:50:00,18415.0,18430.0,18415.0,18425.0,26.0,2395000.0,10186.0
2018-04-26 14:55:00,18430.0,18430.0,18410.0,18420.0,44.0,4053100.0,10158.0
2018-04-26 21:00:00,18340.0,18430.0,18340.0,18410.0,30.0,2759750.0,10160.0
2018-04-26 21:05:00,18410.0,18410.0,18400.0,18410.0,6.0,552150.0,10160.0
2018-04-26 21:10:00,18410.0,18420.0,18410.0,18420.0,22.0,2025700.0,10160.0
2018-04-26 21:15:00,18420.0,18445.0,18420.0,18425.0,8.0,737450.0,10160.0
2018-04-26 21:20:00,18440.0,18440.0,18430.0,18440.0,6.0,553100.0,10158.0
2018-04-26 21:25:00,18440.0,18440.0,18440.0,18440.0,0.0,0.0,10158.0
2018-04-26 21:30:00,18460.0,18465.0,18445.0,18455.0,26.0,2399650.0,10140.0
2018-04-26 21:35:00,18455.0,18470.0,18425.0,18425.0,56.0,5169350.0,10112.0
2018-04-26 21:40:00,18445.0,18450.0,18425.0,18440.0,18.0,1659700.0,10102.0
2018-04-26 21:45:00,18455.0,18455.0,18420.0,18420.0,8.0,737350.0,10098.0
2018-04-26 21:50:00,18420.0,18420.0,18420.0,18420.0,0.0,0.0,10098.0
2018-04-26 21:55:00,18420.0,18440.0,18420.0,18440.0,2.0,184400.0,10098.0
2018-04-26 22:00:00,18445.0,18450.0,18440.0,18450.0,18.0,1659750.0,10080.0
2018-04-26 22:05:00,18450.0,18450.0,18450.0,18450.0,0.0,0.0,10080.0
2018-04-26 22:10:00,18450.0,18450.0,18450.0,18450.0,0.0,0.0,10080.0
2018-04-26 22:15:00,18425.0,18425.0,18425.0,18425.0,4.0,368500.0,10078.0
2018-04-26 22:20:00,18415.0,18425.0,18410.0,18425.0,32.0,2947100.0,10050.0
2018-04-26 22:25:00,18415.0,18425.0,18415.0,18425.0,16.0,1473800.0,10038.0
2018-04-26 22:30:00,18420.0,18420.0,18405.0,18405.0,52.0,4786100.0,9996.0
2018-04-26 22:35:00,18405.0,18405.0,18405.0,18405.0,0.0,0.0,9996.0
2018-04-26 22:40:00,18415.0,18425.0,18415.0,18425.0,8.0,736700.0,9996.0
2018-04-26 22:45:00,18410.0,18450.0,18410.0,18450.0,16.0,1474250.0,9992.0
2018-04-26 22:50:00,18450.0,18455.0,18450.0,18455.0,8.0,738050.0,9990.0
2018-04-26 22:55:00,18460.0,18460.0,18425.0,18455.0,14.0,1291750.0,9986.0
2018-04-26 23:00:00,18455.0,18455.0,18455.0,18455.0,0.0,0.0,9986.0
2018-04-26 23:05:00,18455.0,18455.0,18450.0,18450.0,2.0,184500.0,9984.0
2018-04-26 23:10:00,18450.0,18450.0,18450.0,18450.0,4.0,369000.0,9984.0
2018-04-26 23:15:00,18450.0,18450.0,18425.0,18425.0,6.0,552750.0,9984.0
2018-04-26 23:20:00,18405.0,18430.0,18405.0,18430.0,14.0,1289100.0,9974.0
2018-04-26 23:25:00,18430.0,18440.0,18430.0,18440.0,2.0,184400.0,9972.0
2018-04-26 23:30:00,18440.0,18440.0,18415.0,18415.0,8.0,737100.0,9968.0
2018-04-26 23:35:00,18415.0,18420.0,18415.0,18420.0,10.0,921000.0,9962.0
2018-04-26 23:40:00,18415.0,18420.0,18410.0,18420.0,30.0,2762700.0,9940.0
2018-04-26 23:45:00,18420.0,18420.0,18400.0,18415.0,16.0,1472900.0,9938.0
2018-04-26 23:50:00,18415.0,18440.0,18415.0,18440.0,6.0,552700.0,9936.0
2018-04-26 23:55:00,18440.0,18440.0,18440.0,18440.0,0.0,0.0,9936.0
2018-04-27 00:00:00,18440.0,18440.0,18435.0,18435.0,2.0,184350.0,9936.0
2018-04-27 00:05:00,18435.0,18435.0,18435.0,18435.0,0.0,0.0,9936.0
2018-04-27 00:10:00,18435.0,18435.0,18435.0,18435.0,0.0,0.0,9936.0
2018-04-27 00:15:00,18435.0,18435.0,18435.0,18435.0,0.0,0.0,9936.0
2018-04-27 00:20:00,18435.0,18435.0,18435.0,18435.0,0.0,0.0,9936.0
2018-04-27 00:25:00,18435.0,18435.0,18435.0,18435.0,0.0,0.0,9936.0
2018-04-27 00:30:00,18435.0,18435.0,18435.0,18435.0,0.0,0.0,9936.0
2018-04-27 00:35:00,18455.0,18455.0,18455.0,18455.0,4.0,369100.0,9938.0
2018-04-27 00:40:00,18455.0,18455.0,18455.0,18455.0,0.0,0.0,9938.0
2018-04-27 00:45:00,18455.0,18455.0,18455.0,18455.0,0.0,0.0,9938.0
2018-04-27 00:50:00,18455.0,18455.0,18455.0,18455.0,0.0,0.0,9938.0
2018-04-27 00:55:00,18455.0,18455.0,18425.0,18425.0,6.0,552750.0,9932.0
2018-04-27 09:00:00,18435.0,18435.0,18425.0,18435.0,48.0,4423250.0,9896.0
2018-04-27 09:05:00,18430.0,18430.0,18425.0,18430.0,84.0,7740300.0,9884.0
2018-04-27 09:10:00,18430.0,18430.0,18415.0,18415.0,200.0,18420300.0,9786.0
2018-04-27 09:15:00,18430.0,18430.0,18410.0,18420.0,44.0,4052000.0,9760.0
2018-04-27 09:20:00,18420.0,18425.0,18405.0,18410.0,84.0,7732200.0,9680.0
2018-04-27 09:25:00,18410.0,18425.0,18405.0,18425.0,24.0,2209500.0,9662.0
2018-04-27 09:30:00,18425.0,18430.0,18425.0,18430.0,20.0,1843000.0,9656.0
2018-04-27 09:35:00,18430.0,18430.0,18420.0,18420.0,54.0,4973400.0,9606.0
2018-04-27 09:40:00,18420.0,18420.0,18410.0,18410.0,66.0,6075550.0,9544.0
2018-04-27 09:45:00,18410.0,18420.0,18410.0,18420.0,44.0,4051800.0,9510.0
2018-04-27 09:50:00,18420.0,18425.0,18415.0,18425.0,60.0,5526100.0,9502.0
2018-04-27 09:55:00,18420.0,18425.0,18415.0,18425.0,84.0,7734900.0,9432.0
2018-04-27 10:00:00,18420.0,18425.0,18415.0,18420.0,324.0,29833450.0,9338.0
2018-04-27 10:05:00,18420.0,18420.0,18420.0,18420.0,0.0,0.0,9338.0
2018-04-27 10:10:00,18430.0,18435.0,18425.0,18425.0,42.0,3870850.0,9304.0
2018-04-27 10:30:00,18425.0,18440.0,18420.0,18440.0,196.0,18056650.0,9172.0
2018-04-27 10:35:00,18450.0,18450.0,18430.0,18435.0,170.0,15670650.0,9022.0
2018-04-27 10:40:00,18435.0,18440.0,18435.0,18435.0,236.0,21756850.0,8818.0
2018-04-27 10:45:00,18435.0,18440.0,18435.0,18440.0,162.0,14934800.0,8722.0
2018-04-27 10:50:00,18440.0,18440.0,18430.0,18430.0,194.0,17882800.0,8560.0
2018-04-27 10:55:00,18430.0,18430.0,18420.0,18430.0,72.0,6633500.0,8500.0
2018-04-27 11:00:00,18430.0,18430.0,18430.0,18430.0,50.0,4607500.0,8450.0
2018-04-27 11:05:00,18430.0,18435.0,18410.0,18410.0,92.0,8470600.0,8394.0
2018-04-27 11:10:00,18425.0,18435.0,18405.0,18420.0,84.0,7737350.0,8314.0
2018-04-27 11:15:00,18435.0,18450.0,18435.0,18450.0,138.0,12728700.0,8200.0
2018-04-27 11:20:00,18450.0,18450.0,18445.0,18445.0,64.0,5902650.0,8136.0
2018-04-27 11:25:00,18450.0,18465.0,18450.0,18465.0,26.0,2399550.0,8130.0
2018-04-27 13:30:00,18480.0,18480.0,18465.0,18465.0,46.0,4249650.0,8116.0
2018-04-27 13:35:00,18460.0,18460.0,18460.0,18460.0,18.0,1661400.0,8134.0
2018-04-27 13:40:00,18460.0,18460.0,18460.0,18460.0,94.0,8676200.0,8126.0
2018-04-27 13:45:00,18460.0,18470.0,18450.0,18470.0,50.0,4614850.0,8104.0
2018-04-27 13:50:00,18470.0,18480.0,18470.0,18480.0,26.0,2402400.0,8102.0
2018-04-27 13:55:00,18480.0,18485.0,18445.0,18485.0,32.0,2956900.0,8078.0
2018-04-27 14:00:00,18490.0,18520.0,18465.0,18495.0,98.0,9060850.0,8012.0
2018-04-27 14:05:00,18500.0,18505.0,18475.0,18505.0,88.0,8139400.0,7970.0
2018-04-27 14:10:00,18510.0,18520.0,18495.0,18500.0,182.0,16849300.0,7924.0
2018-04-27 14:15:00,18495.0,18515.0,18495.0,18515.0,72.0,6661900.0,7910.0
2018-04-27 14:20:00,18515.0,18520.0,18515.0,18520.0,80.0,7408000.0,7840.0
2018-04-27 14:25:00,18520.0,18520.0,18520.0,18520.0,52.0,4815200.0,7788.0
2018-04-27 14:30:00,18530.0,18545.0,18530.0,18540.0,154.0,14273650.0,7652.0
2018-04-27 14:35:00,18540.0,18575.0,18540.0,18555.0,110.0,10207700.0,7544.0
2018-04-27 14:40:00,18575.0,18575.0,18550.0,18550.0,150.0,13926000.0,7404.0
2018-04-27 14:45:00,18550.0,18560.0,18550.0,18550.0,68.0,6307850.0,7336.0
2018-04-27 14:50:00,18550.0,18550.0,18510.0,18510.0,16.0,1482800.0,7320.0
2018-04-27 14:55:00,18510.0,18550.0,18495.0,18495.0,4.0,370450.0,7318.0
2018-05-02 09:00:00,18450.0,18450.0,18450.0,18450.0,0.0,0.0,7318.0
2018-05-02 09:05:00,18450.0,18450.0,18450.0,18450.0,0.0,0.0,7318.0
2018-05-02 09:10:00,18450.0,18450.0,18450.0,18450.0,0.0,0.0,7318.0
2018-05-02 09:15:00,18450.0,18450.0,18450.0,18450.0,0.0,0.0,7318.0
2018-05-02 09:20:00,18450.0,18450.0,18450.0,18450.0,0.0,0.0,7318.0
2018-05-02 09:25:00,18450.0,18450.0,18450.0,18450.0,0.0,0.0,7318.0
2018-05-02 09:30:00,18520.0,18530.0,18520.0,18530.0,40.0,3704750.0,7318.0
2018-05-02 09:35:00,18535.0,18550.0,18535.0,18550.0,30.0,2781750.0,7318.0
2018-05-02 09:40:00,18550.0,18580.0,18550.0,18580.0,30.0,2787000.0,7318.0
2018-05-02 09:45:00,18590.0,18590.0,18590.0,18590.0,60.0,5577000.0,7288.0
2018-05-02 09:50:00,18590.0,18605.0,18590.0,18605.0,40.0,3720750.0,7288.0
2018-05-02 09:55:00,18605.0,18630.0,18605.0,18605.0,30.0,2793250.0,7288.0
2018-05-02 10:00:00,18605.0,18620.0,18605.0,18605.0,40.0,3722000.0,7248.0
2018-05-02 10:05:00,18605.0,18605.0,18605.0,18605.0,10.0,930250.0,7238.0
2018-05-02 10:10:00,18605.0,18605.0,18605.0,18605.0,0.0,0.0,7238.0
2018-05-02 10:30:00,18605.0,18605.0,18605.0,18605.0,18.0,1674450.0,7220.0
2018-05-02 10:35:00,18605.0,18605.0,18605.0,18605.0,0.0,0.0,7220.0
2018-05-02 10:40:00,18605.0,18605.0,18590.0,18595.0,40.0,3718500.0,7220.0
2018-05-02 10:45:00,18595.0,18595.0,18595.0,18595.0,0.0,0.0,7220.0
2018-05-02 10:50:00,18595.0,18660.0,18595.0,18660.0,180.0,16782000.0,7160.0
2018-05-02 10:55:00,18660.0,18660.0,18630.0,18630.0,100.0,9328500.0,7070.0
2018-05-02 11:00:00,18660.0,18665.0,18660.0,18665.0,80.0,7464250.0,7010.0
2018-05-02 11:05:00,18665.0,18685.0,18660.0,18660.0,150.0,14005250.0,6970.0
2018-05-02 11:10:00,18660.0,18660.0,18660.0,18660.0,0.0,0.0,6970.0
2018-05-02 11:15:00,18680.0,18680.0,18680.0,18680.0,20.0,1868000.0,6950.0
2018-05-02 11:20:00,18690.0,18700.0,18690.0,18700.0,120.0,11216500.0,6880.0
2018-05-02 11:25:00,18700.0,18705.0,18685.0,18705.0,30.0,2804750.0,6870.0
2018-05-02 13:30:00,18675.0,18675.0,18675.0,18675.0,10.0,933750.0,6860.0
2018-05-02 13:35:00,18675.0,18675.0,18675.0,18675.0,0.0,0.0,6860.0
2018-05-02 13:40:00,18675.0,18705.0,18675.0,18705.0,10.0,935250.0,6870.0
2018-05-02 13:45:00,18705.0,18705.0,18705.0,18705.0,30.0,2805750.0,6870.0
2018-05-02 13:50:00,18705.0,18705.0,18705.0,18705.0,0.0,0.0,6870.0
2018-05-02 13:55:00,18710.0,18710.0,18710.0,18710.0,10.0,935500.0,6870.0
2018-05-02 14:00:00,18705.0,18705.0,18705.0,18705.0,10.0,935250.0,6860.0
2018-05-02 14:05:00,18705.0,18705.0,18705.0,18705.0,20.0,1870500.0,6850.0
2018-05-02 14:10:00,18700.0,18700.0,18700.0,18700.0,20.0,1870000.0,6830.0
2018-05-02 14:15:00,18700.0,18700.0,18700.0,18700.0,0.0,0.0,6830.0
2018-05-02 14:20:00,18700.0,18700.0,18700.0,18700.0,0.0,0.0,6830.0
2018-05-02 14:25:00,18700.0,18700.0,18700.0,18700.0,0.0,0.0,6830.0
2018-05-02 14:30:00,18660.0,18660.0,18660.0,18660.0,10.0,933000.0,6820.0
2018-05-02 14:35:00,18660.0,18690.0,18660.0,18690.0,20.0,1869000.0,6820.0
2018-05-02 14:40:00,18690.0,18690.0,18690.0,18690.0,20.0,1869000.0,6820.0
2018-05-02 14:45:00,18690.0,18720.0,18690.0,18720.0,110.0,10288250.0,6770.0
2018-05-02 14:50:00,18720.0,18740.0,18720.0,18740.0,140.0,13112000.0,6670.0
2018-05-02 14:55:00,18740.0,18740.0,18700.0,18700.0,10.0,935000.0,6670.0
2018-05-02 21:00:00,18660.0,18755.0,18660.0,18750.0,100.0,9370500.0,6660.0
2018-05-02 21:05:00,18745.0,18750.0,18720.0,18720.0,50.0,4685750.0,6630.0
2018-05-02 21:10:00,18720.0,18720.0,18720.0,18720.0,120.0,11232000.0,6510.0
2018-05-02 21:15:00,18720.0,18720.0,18720.0,18720.0,0.0,0.0,6510.0
2018-05-02 21:20:00,18720.0,18725.0,18720.0,18725.0,10.0,936250.0,6510.0
2018-05-02 21:25:00,18725.0,18725.0,18725.0,18725.0,0.0,0.0,6510.0
2018-05-02 21:30:00,18725.0,18725.0,18710.0,18710.0,80.0,7488500.0,6430.0
2018-05-02 21:35:00,18710.0,18715.0,18710.0,18715.0,110.0,10290750.0,6320.0
2018-05-02 21:40:00,18715.0,18715.0,18710.0,18710.0,160.0,14968750.0,6160.0
2018-05-02 21:45:00,18710.0,18710.0,18710.0,18710.0,100.0,9355000.0,6090.0
2018-05-02 21:50:00,18710.0,18710.0,18710.0,18710.0,20.0,1871000.0,6090.0
2018-05-02 21:55:00,18710.0,18710.0,18710.0,18710.0,0.0,0.0,6090.0
2018-05-02 22:00:00,18710.0,18710.0,18710.0,18710.0,0.0,0.0,6090.0
2018-05-02 22:05:00,18710.0,18710.0,18710.0,18710.0,0.0,0.0,6090.0
2018-05-02 22:10:00,18710.0,18710.0,18710.0,18710.0,0.0,0.0,6090.0
2018-05-02 22:15:00,18710.0,18710.0,18710.0,18710.0,0.0,0.0,6090.0
2018-05-02 22:20:00,18710.0,18710.0,18710.0,18710.0,0.0,0.0,6090.0
2018-05-02 22:25:00,18710.0,18710.0,18710.0,18710.0,0.0,0.0,6090.0
2018-05-02 22:30:00,18710.0,18710.0,18710.0,18710.0,0.0,0.0,6090.0
2018-05-02 22:35:00,18710.0,18710.0,18710.0,18710.0,0.0,0.0,6090.0
2018-05-02 22:40:00,18710.0,18710.0,18710.0,18710.0,0.0,0.0,6090.0
2018-05-02 22:45:00,18710.0,18710.0,18710.0,18710.0,0.0,0.0,6090.0
2018-05-02 22:50:00,18710.0,18710.0,18710.0,18710.0,0.0,0.0,6090.0
2018-05-02 22:55:00,18710.0,18710.0,18710.0,18710.0,0.0,0.0,6090.0
2018-05-02 23:00:00,18710.0,18710.0,18710.0,18710.0,0.0,0.0,6090.0
2018-05-02 23:05:00,18710.0,18710.0,18710.0,18710.0,0.0,0.0,6090.0
2018-05-02 23:10:00,18710.0,18710.0,18710.0,18710.0,0.0,0.0,6090.0
2018-05-02 23:15:00,18710.0,18710.0,18710.0,18710.0,0.0,0.0,6090.0
2018-05-02 23:20:00,18710.0,18710.0,18710.0,18710.0,0.0,0.0,6090.0
2018-05-02 23:25:00,18710.0,18710.0,18710.0,18710.0,0.0,0.0,6090.0
2018-05-02 23:30:00,18710.0,18710.0,18710.0,18710.0,0.0,0.0,6090.0
2018-05-02 23:35:00,18710.0,18710.0,18710.0,18710.0,0.0,0.0,6090.0
2018-05-02 23:40:00,18710.0,18710.0,18710.0,18710.0,0.0,0.0,6090.0
2018-05-02 23:45:00,18710.0,18710.0,18710.0,18710.0,0.0,0.0,6090.0
2018-05-02 23:50:00,18710.0,18710.0,18710.0,18710.0,0.0,0.0,6090.0
2018-05-02 23:55:00,18710.0,18710.0,18710.0,18710.0,0.0,0.0,6090.0
2018-05-03 00:00:00,18710.0,18710.0,18710.0,18710.0,0.0,0.0,6090.0
2018-05-03 00:05:00,18710.0,18710.0,18710.0,18710.0,0.0,0.0,6090.0
2018-05-03 00:10:00,18710.0,18710.0,18650.0,18650.0,20.0,1865000.0,6070.0
2018-05-03 00:15:00,18650.0,18650.0,18650.0,18650.0,0.0,0.0,6070.0
2018-05-03 00:20:00,18650.0,18650.0,18650.0,18650.0,0.0,0.0,6070.0
2018-05-03 00:25:00,18650.0,18650.0,18650.0,18650.0,0.0,0.0,6070.0
2018-05-03 00:30:00,18650.0,18650.0,18650.0,18650.0,0.0,0.0,6070.0
2018-05-03 00:35:00,18650.0,18650.0,18650.0,18650.0,0.0,0.0,6070.0
2018-05-03 00:40:00,18650.0,18650.0,18650.0,18650.0,0.0,0.0,6070.0
2018-05-03 00:45:00,18650.0,18650.0,18650.0,18650.0,0.0,0.0,6070.0
2018-05-03 00:50:00,18650.0,18650.0,18650.0,18650.0,0.0,0.0,6070.0
2018-05-03 00:55:00,18650.0,18650.0,18650.0,18650.0,0.0,0.0,6070.0
2018-05-03 09:00:00,18655.0,18655.0,18650.0,18650.0,40.0,3730500.0,6090.0
2018-05-03 09:05:00,18650.0,18665.0,18650.0,18655.0,40.0,3731750.0,6070.0
2018-05-03 09:10:00,18655.0,18655.0,18655.0,18655.0,0.0,0.0,6070.0
2018-05-03 09:15:00,18655.0,18655.0,18655.0,18655.0,0.0,0.0,6070.0
2018-05-03 09:20:00,18655.0,18655.0,18650.0,18650.0,20.0,1865250.0,6060.0
2018-05-03 09:25:00,18650.0,18650.0,18620.0,18620.0,40.0,3727000.0,6040.0
2018-05-03 09:30:00,18645.0,18645.0,18620.0,18635.0,70.0,6520000.0,5990.0
2018-05-03 09:35:00,18635.0,18635.0,18625.0,18625.0,20.0,1862750.0,5980.0
2018-05-03 09:40:00,18625.0,18655.0,18625.0,18655.0,70.0,6528500.0,5920.0
2018-05-03 09:45:00,18655.0,18655.0,18655.0,18655.0,0.0,0.0,5920.0
2018-05-03 09:50:00,18655.0,18670.0,18655.0,18670.0,40.0,3734000.0,5880.0
2018-05-03 09:55:00,18670.0,18680.0,18650.0,18680.0,80.0,7469250.0,5870.0
2018-05-03 10:00:00,18680.0,18680.0,18645.0,18660.0,20.0,1865250.0,5860.0
2018-05-03 10:05:00,18660.0,18660.0,18640.0,18640.0,30.0,2796000.0,5860.0
2018-05-03 10:10:00,18635.0,18640.0,18615.0,18640.0,280.0,26080500.0,5860.0
2018-05-03 10:30:00,18640.0,18650.0,18640.0,18650.0,10.0,932500.0,5860.0
2018-05-03 10:35:00,18650.0,18650.0,18650.0,18650.0,0.0,0.0,5860.0
2018-05-03 10:40:00,18650.0,18650.0,18650.0,18650.0,0.0,0.0,5860.0
2018-05-03 10:45:00,18650.0,18650.0,18650.0,18650.0,0.0,0.0,5860.0
2018-05-03 10:50:00,18650.0,18650.0,18650.0,18650.0,0.0,0.0,5860.0
2018-05-03 10:55:00,18650.0,18650.0,18650.0,18650.0,0.0,0.0,5860.0
2018-05-03 11:00:00,18650.0,18650.0,18650.0,18650.0,0.0,0.0,5860.0
2018-05-03 11:05:00,18650.0,18650.0,18650.0,18650.0,20.0,1865000.0,5880.0
2018-05-03 11:10:00,18650.0,18650.0,18650.0,18650.0,0.0,0.0,5880.0
2018-05-03 11:15:00,18650.0,18650.0,18650.0,18650.0,0.0,0.0,5880.0
2018-05-03 11:20:00,18650.0,18650.0,18650.0,18650.0,0.0,0.0,5880.0
2018-05-03 11:25:00,18650.0,18650.0,18650.0,18650.0,0.0,0.0,5880.0
2018-05-03 13:30:00,18650.0,18650.0,18650.0,18650.0,0.0,0.0,5880.0
2018-05-03 13:35:00,18650.0,18660.0,18650.0,18660.0,10.0,933000.0,5880.0
2018-05-03 13:40:00,18660.0,18690.0,18660.0,18690.0,40.0,3737000.0,5860.0
2018-05-03 13:45:00,18690.0,18690.0,18690.0,18690.0,60.0,5607000.0,5830.0
2018-05-03 13:50:00,18690.0,18690.0,18690.0,18690.0,10.0,934500.0,5820.0
2018-05-03 13:55:00,18690.0,18690.0,18690.0,18690.0,0.0,0.0,5820.0
2018-05-03 14:00:00,18690.0,18690.0,18690.0,18690.0,0.0,0.0,5820.0
2018-05-03 14:05:00,18690.0,18690.0,18690.0,18690.0,0.0,0.0,5820.0
2018-05-03 14:10:00,18690.0,18690.0,18690.0,18690.0,0.0,0.0,5820.0
2018-05-03 14:15:00,18690.0,18690.0,18690.0,18690.0,0.0,0.0,5820.0
2018-05-03 14:20:00,18690.0,18690.0,18690.0,18690.0,0.0,0.0,5820.0
2018-05-03 14:25:00,18690.0,18690.0,18690.0,18690.0,0.0,0.0,5820.0
2018-05-03 14:30:00,18690.0,18690.0,18690.0,18690.0,0.0,0.0,5820.0
2018-05-03 14:35:00,18690.0,18690.0,18690.0,18690.0,0.0,0.0,5820.0
2018-05-03 14:40:00,18690.0,18690.0,18690.0,18690.0,0.0,0.0,5820.0
2018-05-03 14:45:00,18690.0,18690.0,18690.0,18690.0,0.0,0.0,5820.0
2018-05-03 14:50:00,18650.0,18650.0,18650.0,18650.0,10.0,932500.0,5820.0
2018-05-03 14:55:00,18650.0,18680.0,18650.0,18680.0,10.0,934000.0,5820.0
2018-05-03 21:00:00,19590.0,19590.0,18700.0,18700.0,20.0,1914500.0,5830.0
2018-05-03 21:05:00,18700.0,18700.0,18700.0,18700.0,0.0,0.0,5830.0
2018-05-03 21:10:00,18700.0,18700.0,18650.0,18650.0,30.0,2799500.0,5800.0
2018-05-03 21:15:00,18650.0,18650.0,18650.0,18650.0,0.0,0.0,5800.0
2018-05-03 21:20:00,18650.0,18650.0,18650.0,18650.0,0.0,0.0,5800.0
2018-05-03 21:25:00,18650.0,18650.0,18650.0,18650.0,0.0,0.0,5800.0
2018-05-03 21:30:00,18650.0,18650.0,18650.0,18650.0,0.0,0.0,5800.0
2018-05-03 21:35:00,18700.0,18700.0,18700.0,18700.0,20.0,1870000.0,5800.0
2018-05-03 21:40:00,18700.0,18700.0,18700.0,18700.0,0.0,0.0,5800.0
2018-05-03 21:45:00,18700.0,18710.0,18700.0,18710.0,40.0,3741500.0,5800.0
2018-05-03 21:50:00,18710.0,18710.0,18705.0,18705.0,10.0,935250.0,5800.0
2018-05-03 21:55:00,18705.0,18705.0,18705.0,18705.0,0.0,0.0,5800.0
2018-05-03 22:00:00,18705.0,18705.0,18705.0,18705.0,0.0,0.0,5800.0
2018-05-03 22:05:00,18700.0,18705.0,18700.0,18705.0,20.0,1870250.0,5800.0
2018-05-03 22:10:00,18705.0,18705.0,18695.0,18695.0,10.0,934750.0,5790.0
2018-05-03 22:15:00,18695.0,18695.0,18695.0,18695.0,0.0,0.0,5790.0
2018-05-03 22:20:00,18695.0,18695.0,18695.0,18695.0,0.0,0.0,5790.0
2018-05-03 22:25:00,18695.0,18695.0,18690.0,18690.0,10.0,934500.0,5780.0
2018-05-03 22:30:00,18690.0,18690.0,18675.0,18675.0,20.0,1867500.0,5760.0
2018-05-03 22:35:00,18660.0,18660.0,18650.0,18650.0,50.0,4664500.0,5710.0
2018-05-03 22:40:00,18650.0,18650.0,18650.0,18650.0,0.0,0.0,5710.0
2018-05-03 22:45:00,18650.0,18650.0,18650.0,18650.0,0.0,0.0,5710.0
2018-05-03 22:50:00,18650.0,18650.0,18650.0,18650.0,0.0,0.0,5710.0
2018-05-03 22:55:00,18650.0,18650.0,18650.0,18650.0,0.0,0.0,5710.0
2018-05-03 23:00:00,18650.0,18650.0,18650.0,18650.0,0.0,0.0,5710.0
2018-05-03 23:05:00,18650.0,18650.0,18650.0,18650.0,0.0,0.0,5710.0
2018-05-03 23:10:00,18650.0,18650.0,18650.0,18650.0,0.0,0.0,5710.0
2018-05-03 23:15:00,18650.0,18650.0,18650.0,18650.0,0.0,0.0,5710.0
2018-05-03 23:20:00,18650.0,18650.0,18650.0,18650.0,0.0,0.0,5710.0
2018-05-03 23:25:00,18650.0,18650.0,18650.0,18650.0,0.0,0.0,5710.0
2018-05-03 23:30:00,18650.0,18650.0,18650.0,18650.0,0.0,0.0,5710.0
2018-05-03 23:35:00,18650.0,18650.0,18650.0,18650.0,0.0,0.0,5710.0
2018-05-03 23:40:00,18650.0,18650.0,18650.0,18650.0,0.0,0.0,5710.0
2018-05-03 23:45:00,18650.0,18650.0,18650.0,18650.0,0.0,0.0,5710.0
2018-05-03 23:50:00,18650.0,18650.0,18650.0,18650.0,0.0,0.0,5710.0
2018-05-03 23:55:00,18650.0,18650.0,18650.0,18650.0,0.0,0.0,5710.0
2018-05-04 00:00:00,18650.0,18650.0,18650.0,18650.0,0.0,0.0,5710.0
2018-05-04 00:05:00,18650.0,18650.0,18650.0,18650.0,0.0,0.0,5710.0
2018-05-04 00:10:00,18650.0,18650.0,18650.0,18650.0,0.0,0.0,5710.0
2018-05-04 00:15:00,18650.0,18650.0,18650.0,18650.0,0.0,0.0,5710.0
2018-05-04 00:20:00,18650.0,18650.0,18650.0,18650.0,0.0,0.0,5710.0
2018-05-04 00:25:00,18650.0,18650.0,18650.0,18650.0,0.0,0.0,5710.0
2018-05-04 00:30:00,18650.0,18650.0,18650.0,18650.0,0.0,0.0,5710.0
2018-05-04 00:35:00,18650.0,18655.0,18650.0,18655.0,10.0,932750.0,5700.0
2018-05-04 00:40:00,18655.0,18655.0,18655.0,18655.0,0.0,0.0,5700.0
2018-05-04 00:45:00,18710.0,18715.0,18710.0,18715.0,20.0,1871250.0,5720.0
2018-05-04 00:50:00,18715.0,18715.0,18715.0,18715.0,0.0,0.0,5720.0
2018-05-04 00:55:00,18715.0,18715.0,18715.0,18715.0,0.0,0.0,5720.0
2018-05-04 09:00:00,18715.0,18725.0,18715.0,18725.0,50.0,4680250.0,5720.0
2018-05-04 09:05:00,18730.0,18730.0,18725.0,18730.0,50.0,4682250.0,5720.0
2018-05-04 09:10:00,18730.0,18730.0,18725.0,18725.0,100.0,9362500.0,5620.0
2018-05-04 09:15:00,18730.0,18730.0,18730.0,18730.0,60.0,5619000.0,5570.0
2018-05-04 09:20:00,18730.0,18730.0,18730.0,18730.0,10.0,936500.0,5560.0
2018-05-04 09:25:00,18730.0,18735.0,18715.0,18735.0,110.0,10300250.0,5480.0
2018-05-04 09:30:00,18740.0,18740.0,18740.0,18740.0,20.0,1874000.0,5480.0
2018-05-04 09:35:00,18740.0,18740.0,18740.0,18740.0,0.0,0.0,5480.0
2018-05-04 09:40:00,18740.0,18740.0,18740.0,18740.0,0.0,0.0,5480.0
2018-05-04 09:45:00,18740.0,18740.0,18740.0,18740.0,0.0,0.0,5480.0
2018-05-04 09:50:00,18740.0,18740.0,18740.0,18740.0,0.0,0.0,5480.0
2018-05-04 09:55:00,18715.0,18725.0,18710.0,18710.0,70.0,6550250.0,5430.0
2018-05-04 10:00:00,18700.0,18700.0,18665.0,18675.0,250.0,23348000.0,5270.0
2018-05-04 10:05:00,18655.0,18670.0,18655.0,18670.0,20.0,1866250.0,5260.0
2018-05-04 10:10:00,18680.0,18680.0,18670.0,18675.0,70.0,6536750.0,5220.0
2018-05-04 10:30:00,18660.0,18680.0,18650.0,18680.0,80.0,7465250.0,5150.0
2018-05-04 10:35:00,18680.0,18680.0,18680.0,18680.0,0.0,0.0,5150.0
2018-05-04 10:40:00,18680.0,18680.0,18680.0,18680.0,0.0,0.0,5150.0
2018-05-04 10:45:00,18680.0,18680.0,18680.0,18680.0,0.0,0.0,5150.0
2018-05-04 10:50:00,18680.0,18680.0,18680.0,18680.0,0.0,0.0,5150.0
2018-05-04 10:55:00,18680.0,18680.0,18680.0,18680.0,0.0,0.0,5150.0
2018-05-04 11:00:00,18650.0,18650.0,18650.0,18650.0,10.0,932500.0,5140.0
2018-05-04 11:05:00,18650.0,18650.0,18650.0,18650.0,0.0,0.0,5140.0
2018-05-04 11:10:00,18650.0,18650.0,18650.0,18650.0,0.0,0.0,5140.0
2018-05-04 11:15:00,18650.0,18650.0,18650.0,18650.0,0.0,0.0,5140.0
2018-05-04 11:20:00,18650.0,18650.0,18650.0,18650.0,0.0,0.0,5140.0
2018-05-04 11:25:00,18650.0,18650.0,18650.0,18650.0,0.0,0.0,5140.0
2018-05-04 13:30:00,18650.0,18650.0,18650.0,18650.0,0.0,0.0,5140.0
2018-05-04 13:35:00,18650.0,18650.0,18650.0,18650.0,0.0,0.0,5140.0
2018-05-04 13:40:00,18650.0,18650.0,18650.0,18650.0,0.0,0.0,5140.0
2018-05-04 13:45:00,18650.0,18660.0,18650.0,18655.0,40.0,3731500.0,5100.0
2018-05-04 13:50:00,18655.0,18655.0,18655.0,18655.0,20.0,1865500.0,5080.0
2018-05-04 13:55:00,18650.0,18650.0,18650.0,18650.0,10.0,932500.0,5070.0
2018-05-04 14:00:00,18650.0,18660.0,18650.0,18660.0,30.0,2799000.0,5040.0
2018-05-04 14:05:00,18660.0,18660.0,18660.0,18660.0,30.0,2799000.0,5010.0
2018-05-04 14:10:00,18660.0,18660.0,18650.0,18650.0,40.0,3731000.0,4970.0
2018-05-04 14:15:00,18650.0,18650.0,18650.0,18650.0,0.0,0.0,4970.0
2018-05-04 14:20:00,18650.0,18650.0,18650.0,18650.0,0.0,0.0,4970.0
2018-05-04 14:25:00,18650.0,18650.0,18650.0,18650.0,0.0,0.0,4970.0
2018-05-04 14:30:00,18650.0,18650.0,18650.0,18650.0,0.0,0.0,4970.0
2018-05-04 14:35:00,18670.0,18670.0,18670.0,18670.0,20.0,1867000.0,4950.0
2018-05-04 14:40:00,18670.0,18670.0,18670.0,18670.0,0.0,0.0,4950.0
2018-05-04 14:45:00,18670.0,18700.0,18670.0,18700.0,40.0,3738250.0,4950.0
2018-05-04 14:50:00,18700.0,18700.0,18700.0,18700.0,0.0,0.0,4950.0
2018-05-04 14:55:00,18700.0,18700.0,18700.0,18700.0,0.0,0.0,4950.0
2018-05-04 21:00:00,18695.0,18695.0,18695.0,18695.0,0.0,0.0,4950.0
2018-05-04 21:05:00,18695.0,18695.0,18695.0,18695.0,0.0,0.0,4950.0
2018-05-04 21:10:00,18695.0,18695.0,18695.0,18695.0,0.0,0.0,4950.0
2018-05-04 21:15:00,18695.0,18695.0,18695.0,18695.0,20.0,1869500.0,4950.0
2018-05-04 21:20:00,18695.0,18695.0,18695.0,18695.0,0.0,0.0,4950.0
2018-05-04 21:25:00,18695.0,18695.0,18695.0,18695.0,0.0,0.0,4950.0
2018-05-04 21:30:00,18695.0,18710.0,18695.0,18710.0,30.0,2805500.0,4950.0
2018-05-04 21:35:00,18710.0,18710.0,18710.0,18710.0,0.0,0.0,4950.0
2018-05-04 21:40:00,18710.0,18710.0,18710.0,18710.0,0.0,0.0,4950.0
2018-05-04 21:45:00,18710.0,18730.0,18710.0,18730.0,170.0,15916500.0,4950.0
2018-05-04 21:50:00,18730.0,18730.0,18730.0,18730.0,0.0,0.0,4950.0
2018-05-04 21:55:00,18730.0,18730.0,18730.0,18730.0,0.0,0.0,4950.0
2018-05-04 22:00:00,18730.0,18730.0,18730.0,18730.0,0.0,0.0,4950.0
2018-05-04 22:05:00,18730.0,18730.0,18730.0,18730.0,0.0,0.0,4950.0
2018-05-04 22:10:00,18730.0,18730.0,18710.0,18710.0,30.0,2806500.0,4950.0
2018-05-04 22:15:00,18710.0,18710.0,18710.0,18710.0,0.0,0.0,4950.0
2018-05-04 22:20:00,18710.0,18710.0,18710.0,18710.0,0.0,0.0,4950.0
2018-05-04 22:25:00,18710.0,18710.0,18710.0,18710.0,0.0,0.0,4950.0
2018-05-04 22:30:00,18710.0,18710.0,18710.0,18710.0,0.0,0.0,4950.0
2018-05-04 22:35:00,18710.0,18710.0,18710.0,18710.0,0.0,0.0,4950.0
2018-05-04 22:40:00,18710.0,18735.0,18710.0,18735.0,50.0,4682750.0,4970.0
2018-05-04 22:45:00,18735.0,18735.0,18735.0,18735.0,0.0,0.0,4970.0
2018-05-04 22:50:00,18735.0,18735.0,18730.0,18730.0,20.0,1873000.0,4960.0
2018-05-04 22:55:00,18730.0,18730.0,18730.0,18730.0,0.0,0.0,4960.0
2018-05-04 23:00:00,18730.0,18730.0,18730.0,18730.0,0.0,0.0,4960.0
2018-05-04 23:05:00,18730.0,18730.0,18730.0,18730.0,0.0,0.0,4960.0
2018-05-04 23:10:00,18730.0,18730.0,18730.0,18730.0,0.0,0.0,4960.0
2018-05-04 23:15:00,18730.0,18730.0,18730.0,18730.0,0.0,0.0,4960.0
2018-05-04 23:20:00,18730.0,18730.0,18730.0,18730.0,0.0,0.0,4960.0
2018-05-04 23:25:00,18730.0,18730.0,18730.0,18730.0,0.0,0.0,4960.0
2018-05-04 23:30:00,18730.0,18730.0,18730.0,18730.0,0.0,0.0,4960.0
2018-05-04 23:35:00,18730.0,18730.0,18730.0,18730.0,0.0,0.0,4960.0
2018-05-04 23:40:00,18730.0,18730.0,18730.0,18730.0,0.0,0.0,4960.0
2018-05-04 23:45:00,18730.0,18730.0,18730.0,18730.0,0.0,0.0,4960.0
2018-05-04 23:50:00,18730.0,18730.0,18730.0,18730.0,0.0,0.0,4960.0
2018-05-04 23:55:00,18730.0,18730.0,18730.0,18730.0,0.0,0.0,4960.0
2018-05-05 00:00:00,18730.0,18730.0,18730.0,18730.0,0.0,0.0,4960.0
2018-05-05 00:05:00,18730.0,18730.0,18730.0,18730.0,0.0,0.0,4960.0
2018-05-05 00:10:00,18730.0,18730.0,18730.0,18730.0,0.0,0.0,4960.0
2018-05-05 00:15:00,18730.0,18730.0,18730.0,18730.0,0.0,0.0,4960.0
2018-05-05 00:20:00,18730.0,18730.0,18730.0,18730.0,0.0,0.0,4960.0
2018-05-05 00:25:00,18730.0,18730.0,18730.0,18730.0,0.0,0.0,4960.0
2018-05-05 00:30:00,18730.0,18730.0,18730.0,18730.0,0.0,0.0,4960.0
2018-05-05 00:35:00,18730.0,18730.0,18730.0,18730.0,0.0,0.0,4960.0
2018-05-05 00:40:00,18730.0,18730.0,18730.0,18730.0,0.0,0.0,4960.0
2018-05-05 00:45:00,18730.0,18730.0,18730.0,18730.0,0.0,0.0,4960.0
2018-05-05 00:50:00,18730.0,18730.0,18730.0,18730.0,0.0,0.0,4960.0
2018-05-05 00:55:00,18730.0,18730.0,18730.0,18730.0,0.0,0.0,4960.0
2018-05-07 09:00:00,18730.0,18850.0,18730.0,18850.0,60.0,5655000.0,4990.0
2018-05-07 09:05:00,18850.0,18850.0,18780.0,18780.0,10.0,939000.0,4980.0
2018-05-07 09:10:00,18780.0,18850.0,18780.0,18850.0,90.0,8469000.0,4900.0
2018-05-07 09:15:00,18850.0,18920.0,18850.0,18920.0,140.0,13229500.0,4760.0
2018-05-07 09:20:00,18920.0,18920.0,18920.0,18920.0,10.0,946000.0,4750.0
2018-05-07 09:25:00,19040.0,19040.0,18970.0,18970.0,60.0,5705000.0,4720.0
2018-05-07 09:30:00,18970.0,18970.0,18970.0,18970.0,0.0,0.0,4720.0
2018-05-07 09:35:00,18965.0,18965.0,18965.0,18965.0,10.0,948250.0,4710.0
2018-05-07 09:40:00,18965.0,18965.0,18965.0,18965.0,0.0,0.0,4710.0
2018-05-07 09:45:00,18965.0,18965.0,18965.0,18965.0,0.0,0.0,4710.0
2018-05-07 09:50:00,18965.0,18965.0,18955.0,18960.0,30.0,2843500.0,4680.0
2018-05-07 09:55:00,18960.0,18980.0,18960.0,18980.0,90.0,8539500.0,4620.0
2018-05-07 10:00:00,18980.0,19000.0,18980.0,19000.0,20.0,1899750.0,4630.0
2018-05-07 10:05:00,19000.0,19020.0,19000.0,19020.0,120.0,11409000.0,4570.0
2018-05-07 10:10:00,19020.0,19020.0,19020.0,19020.0,0.0,0.0,4570.0
2018-05-07 10:30:00,19020.0,19080.0,19020.0,19080.0,20.0,1908000.0,4550.0
2018-05-07 10:35:00,19080.0,19080.0,19080.0,19080.0,0.0,0.0,4550.0
2018-05-07 10:40:00,19080.0,19080.0,19080.0,19080.0,0.0,0.0,4550.0
2018-05-07 10:45:00,19080.0,19080.0,19050.0,19050.0,70.0,6667500.0,4490.0
2018-05-07 10:50:00,19050.0,19075.0,19050.0,19075.0,40.0,3814250.0,4450.0
2018-05-07 10:55:00,19075.0,19075.0,19075.0,19075.0,0.0,0.0,4450.0
2018-05-07 11:00:00,19075.0,19075.0,19075.0,19075.0,0.0,0.0,4450.0
2018-05-07 11:05:00,19075.0,19075.0,19050.0,19050.0,10.0,952500.0,4450.0
2018-05-07 11:10:00,19050.0,19050.0,19050.0,19050.0,0.0,0.0,4450.0
2018-05-07 11:15:00,19050.0,19065.0,19050.0,19065.0,10.0,953250.0,4450.0
2018-05-07 11:20:00,19065.0,19065.0,19065.0,19065.0,0.0,0.0,4450.0
2018-05-07 11:25:00,19065.0,19065.0,19065.0,19065.0,0.0,0.0,4450.0
2018-05-07 13:30:00,19065.0,19065.0,19065.0,19065.0,0.0,0.0,4450.0
2018-05-07 13:35:00,19030.0,19030.0,19030.0,19030.0,20.0,1903000.0,4460.0
2018-05-07 13:40:00,19030.0,19030.0,19030.0,19030.0,0.0,0.0,4460.0
2018-05-07 13:45:00,19030.0,19030.0,19030.0,19030.0,10.0,951500.0,4460.0
2018-05-07 13:50:00,19030.0,19030.0,19025.0,19025.0,20.0,1902500.0,4460.0
2018-05-07 13:55:00,19025.0,19025.0,19025.0,19025.0,10.0,951250.0,4460.0
2018-05-07 14:00:00,19025.0,19025.0,19025.0,19025.0,0.0,0.0,4460.0
2018-05-07 14:05:00,19025.0,19055.0,19025.0,19055.0,30.0,2858250.0,4430.0
2018-05-07 14:10:00,19055.0,19055.0,19025.0,19025.0,10.0,951250.0,4430.0
2018-05-07 14:15:00,19025.0,19025.0,19025.0,19025.0,10.0,951250.0,4430.0
2018-05-07 14:20:00,19025.0,19025.0,19025.0,19025.0,0.0,0.0,4430.0
2018-05-07 14:25:00,19025.0,19050.0,19025.0,19050.0,20.0,1905000.0,4430.0
2018-05-07 14:30:00,19050.0,19050.0,19050.0,19050.0,0.0,0.0,4430.0
2018-05-07 14:35:00,19050.0,19050.0,19050.0,19050.0,10.0,952500.0,4430.0
2018-05-07 14:40:00,19050.0,19070.0,19050.0,19070.0,10.0,953500.0,4420.0
2018-05-07 14:45:00,19070.0,19070.0,19070.0,19070.0,0.0,0.0,4420.0
2018-05-07 14:50:00,19070.0,19070.0,19070.0,19070.0,0.0,0.0,4420.0
2018-05-07 14:55:00,19070.0,19070.0,19070.0,19070.0,0.0,0.0,4420.0
2018-05-07 21:00:00,18905.0,18905.0,18905.0,18905.0,0.0,0.0,4420.0
2018-05-07 21:05:00,18905.0,18905.0,18905.0,18905.0,0.0,0.0,4420.0
2018-05-07 21:10:00,18905.0,18905.0,18905.0,18905.0,0.0,0.0,4420.0
2018-05-07 21:15:00,18905.0,19100.0,18905.0,19100.0,40.0,3820000.0,4420.0
2018-05-07 21:20:00,19100.0,19100.0,19100.0,19100.0,0.0,0.0,4420.0
2018-05-07 21:25:00,19100.0,19100.0,19100.0,19100.0,0.0,0.0,4420.0
2018-05-07 21:30:00,19100.0,19105.0,19085.0,19105.0,50.0,4773250.0,4410.0
2018-05-07 21:35:00,19085.0,19105.0,19085.0,19105.0,20.0,1909500.0,4400.0
2018-05-07 21:40:00,19105.0,19105.0,19105.0,19105.0,0.0,0.0,4400.0
2018-05-07 21:45:00,19105.0,19105.0,19105.0,19105.0,0.0,0.0,4400.0
2018-05-07 21:50:00,19105.0,19105.0,19095.0,19100.0,30.0,2864750.0,4370.0
2018-05-07 21:55:00,19100.0,19100.0,19100.0,19100.0,10.0,955000.0,4370.0
2018-05-07 22:00:00,19100.0,19100.0,19100.0,19100.0,0.0,0.0,4370.0
2018-05-07 22:05:00,19100.0,19100.0,19095.0,19095.0,20.0,1909500.0,4370.0
2018-05-07 22:10:00,19095.0,19095.0,19095.0,19095.0,0.0,0.0,4370.0
2018-05-07 22:15:00,19090.0,19100.0,19090.0,19100.0,20.0,1909500.0,4370.0
2018-05-07 22:20:00,19100.0,19100.0,19100.0,19100.0,0.0,0.0,4370.0
2018-05-07 22:25:00,19100.0,19100.0,19100.0,19100.0,0.0,0.0,4370.0
2018-05-07 22:30:00,19100.0,19100.0,19100.0,19100.0,0.0,0.0,4370.0
2018-05-07 22:35:00,19090.0,19090.0,19090.0,19090.0,10.0,954500.0,4370.0
2018-05-07 22:40:00,19090.0,19090.0,19090.0,19090.0,0.0,0.0,4370.0
2018-05-07 22:45:00,19090.0,19090.0,19090.0,19090.0,0.0,0.0,4370.0
2018-05-07 22:50:00,19090.0,19100.0,19090.0,19100.0,20.0,1909750.0,4370.0
2018-05-07 22:55:00,19100.0,19100.0,19100.0,19100.0,0.0,0.0,4370.0
2018-05-07 23:00:00,19100.0,19100.0,19100.0,19100.0,0.0,0.0,4370.0
2018-05-07 23:05:00,19100.0,19105.0,19100.0,19105.0,10.0,955250.0,4370.0
2018-05-07 23:10:00,19110.0,19110.0,19110.0,19110.0,10.0,955500.0,4370.0
2018-05-07 23:15:00,19110.0,19110.0,19110.0,19110.0,0.0,0.0,4370.0
2018-05-07 23:20:00,19110.0,19110.0,19110.0,19110.0,0.0,0.0,4370.0
2018-05-07 23:25:00,19110.0,19110.0,19105.0,19105.0,10.0,955250.0,4370.0
2018-05-07 23:30:00,19105.0,19110.0,19105.0,19110.0,10.0,955500.0,4370.0
2018-05-07 23:35:00,19110.0,19110.0,19110.0,19110.0,0.0,0.0,4370.0
2018-05-07 23:40:00,19110.0,19110.0,19110.0,19110.0,0.0,0.0,4370.0
2018-05-07 23:45:00,19110.0,19110.0,19110.0,19110.0,0.0,0.0,4370.0
2018-05-07 23:50:00,19110.0,19110.0,19110.0,19110.0,0.0,0.0,4370.0
2018-05-07 23:55:00,19110.0,19110.0,19110.0,19110.0,0.0,0.0,4370.0
2018-05-08 00:00:00,19110.0,19110.0,19110.0,19110.0,0.0,0.0,4370.0
2018-05-08 00:05:00,19110.0,19110.0,19110.0,19110.0,0.0,0.0,4370.0
2018-05-08 00:10:00,19110.0,19110.0,19110.0,19110.0,0.0,0.0,4370.0
2018-05-08 00:15:00,19110.0,19110.0,19110.0,19110.0,0.0,0.0,4370.0
2018-05-08 00:20:00,19110.0,19110.0,19110.0,19110.0,0.0,0.0,4370.0
2018-05-08 00:25:00,19110.0,19110.0,19110.0,19110.0,0.0,0.0,4370.0
2018-05-08 00:30:00,19110.0,19110.0,19110.0,19110.0,0.0,0.0,4370.0
2018-05-08 00:35:00,19110.0,19110.0,19110.0,19110.0,0.0,0.0,4370.0
2018-05-08 00:40:00,19110.0,19110.0,19110.0,19110.0,0.0,0.0,4370.0
2018-05-08 00:45:00,19100.0,19100.0,19100.0,19100.0,10.0,955000.0,4370.0
2018-05-08 00:50:00,19100.0,19100.0,19100.0,19100.0,0.0,0.0,4370.0
2018-05-08 00:55:00,19100.0,19100.0,19095.0,19095.0,10.0,954750.0,4370.0
2018-05-08 09:00:00,19095.0,19100.0,19095.0,19100.0,90.0,8594000.0,4320.0
2018-05-08 09:05:00,19100.0,19120.0,19100.0,19120.0,20.0,1912000.0,4300.0
2018-05-08 09:10:00,19120.0,19140.0,19120.0,19140.0,10.0,957000.0,4290.0
2018-05-08 09:15:00,19140.0,19140.0,19140.0,19140.0,10.0,957000.0,4280.0
2018-05-08 09:20:00,19140.0,19140.0,19135.0,19140.0,100.0,9569500.0,4260.0
2018-05-08 09:25:00,19145.0,19150.0,19145.0,19150.0,130.0,12445500.0,4210.0
2018-05-08 09:30:00,19150.0,19150.0,19150.0,19150.0,30.0,2872500.0,4210.0
2018-05-08 09:35:00,19150.0,19150.0,19150.0,19150.0,0.0,0.0,4210.0
2018-05-08 09:40:00,19150.0,19150.0,19120.0,19120.0,10.0,956000.0,4200.0
2018-05-08 09:45:00,19120.0,19120.0,19120.0,19120.0,0.0,0.0,4200.0
2018-05-08 09:50:00,19120.0,19130.0,19120.0,19130.0,10.0,956500.0,4190.0
2018-05-08 09:55:00,19130.0,19130.0,19130.0,19130.0,0.0,0.0,4190.0
2018-05-08 10:00:00,19130.0,19130.0,19130.0,19130.0,40.0,3826000.0,4190.0
2018-05-08 10:05:00,19130.0,19130.0,19130.0,19130.0,0.0,0.0,4190.0
2018-05-08 10:10:00,19130.0,19130.0,19130.0,19130.0,0.0,0.0,4190.0
2018-05-08 10:30:00,19110.0,19115.0,19100.0,19100.0,110.0,10507750.0,4170.0
2018-05-08 10:35:00,19100.0,19100.0,19100.0,19100.0,0.0,0.0,4170.0
2018-05-08 10:40:00,19110.0,19110.0,19110.0,19110.0,10.0,955500.0,4160.0
2018-05-08 10:45:00,19110.0,19110.0,19110.0,19110.0,0.0,0.0,4160.0
2018-05-08 10:50:00,19110.0,19110.0,19110.0,19110.0,0.0,0.0,4160.0
2018-05-08 10:55:00,19110.0,19110.0,19110.0,19110.0,0.0,0.0,4160.0
2018-05-08 11:00:00,19110.0,19110.0,19110.0,19110.0,0.0,0.0,4160.0
2018-05-08 11:05:00,19110.0,19150.0,19110.0,19150.0,40.0,3830000.0,4120.0
2018-05-08 11:10:00,19150.0,19175.0,19150.0,19175.0,40.0,3835000.0,4120.0
2018-05-08 11:15:00,19175.0,19175.0,19175.0,19175.0,0.0,0.0,4120.0
2018-05-08 11:20:00,19175.0,19175.0,19175.0,19175.0,0.0,0.0,4120.0
2018-05-08 11:25:00,19175.0,19175.0,19175.0,19175.0,0.0,0.0,4120.0
2018-05-08 13:30:00,19175.0,19175.0,19175.0,19175.0,0.0,0.0,4120.0
2018-05-08 13:35:00,19175.0,19175.0,19175.0,19175.0,0.0,0.0,4120.0
2018-05-08 13:40:00,19175.0,19175.0,19175.0,19175.0,0.0,0.0,4120.0
2018-05-08 13:45:00,19175.0,19175.0,19175.0,19175.0,0.0,0.0,4120.0
2018-05-08 13:50:00,19175.0,19175.0,19175.0,19175.0,0.0,0.0,4120.0
2018-05-08 13:55:00,19175.0,19175.0,19175.0,19175.0,0.0,0.0,4120.0
2018-05-08 14:00:00,19175.0,19175.0,19175.0,19175.0,0.0,0.0,4120.0
2018-05-08 14:05:00,19175.0,19175.0,19175.0,19175.0,0.0,0.0,4120.0
2018-05-08 14:10:00,19175.0,19175.0,19175.0,19175.0,0.0,0.0,4120.0
2018-05-08 14:15:00,19175.0,19175.0,19175.0,19175.0,0.0,0.0,4120.0
2018-05-08 14:20:00,19175.0,19175.0,19120.0,19120.0,20.0,1912000.0,4100.0
2018-05-08 14:25:00,19120.0,19120.0,19120.0,19120.0,20.0,1912000.0,4090.0
2018-05-08 14:30:00,19120.0,19120.0,19120.0,19120.0,0.0,0.0,4090.0
2018-05-08 14:35:00,19120.0,19120.0,19120.0,19120.0,0.0,0.0,4090.0
2018-05-08 14:40:00,19120.0,19120.0,19120.0,19120.0,0.0,0.0,4090.0
2018-05-08 14:45:00,19120.0,19120.0,19120.0,19120.0,0.0,0.0,4090.0
2018-05-08 14:50:00,19120.0,19120.0,19120.0,19120.0,0.0,0.0,4090.0
2018-05-08 14:55:00,19120.0,19120.0,19120.0,19120.0,0.0,0.0,4090.0
2018-05-08 21:00:00,19120.0,19120.0,19120.0,19120.0,0.0,0.0,4090.0
2018-05-08 21:05:00,19120.0,19120.0,19120.0,19120.0,0.0,0.0,4090.0
2018-05-08 21:10:00,19120.0,19120.0,19120.0,19120.0,0.0,0.0,4090.0
2018-05-08 21:15:00,19120.0,19120.0,19120.0,19120.0,0.0,0.0,4090.0
2018-05-08 21:20:00,19120.0,19120.0,19120.0,19120.0,0.0,0.0,4090.0
2018-05-08 21:25:00,19120.0,19120.0,19120.0,19120.0,0.0,0.0,4090.0
2018-05-08 21:30:00,19120.0,19120.0,19120.0,19120.0,0.0,0.0,4090.0
2018-05-08 21:35:00,19100.0,19100.0,19075.0,19075.0,120.0,11455250.0,3980.0
2018-05-08 21:40:00,19070.0,19070.0,19065.0,19065.0,20.0,1906750.0,3960.0
2018-05-08 21:45:00,19065.0,19065.0,19065.0,19065.0,0.0,0.0,3960.0
2018-05-08 21:50:00,19065.0,19065.0,19065.0,19065.0,0.0,0.0,3960.0
2018-05-08 21:55:00,19065.0,19065.0,19065.0,19065.0,0.0,0.0,3960.0
2018-05-08 22:00:00,19050.0,19050.0,19050.0,19050.0,20.0,1905000.0,3940.0
2018-05-08 22:05:00,19050.0,19050.0,19050.0,19050.0,0.0,0.0,3940.0
2018-05-08 22:10:00,19050.0,19050.0,19050.0,19050.0,0.0,0.0,3940.0
2018-05-08 22:15:00,19050.0,19050.0,19050.0,19050.0,0.0,0.0,3940.0
2018-05-08 22:20:00,19050.0,19050.0,19050.0,19050.0,0.0,0.0,3940.0
2018-05-08 22:25:00,19050.0,19050.0,19050.0,19050.0,0.0,0.0,3940.0
2018-05-08 22:30:00,19050.0,19050.0,19050.0,19050.0,20.0,1905000.0,3920.0
2018-05-08 22:35:00,19050.0,19050.0,19040.0,19040.0,30.0,2856750.0,3890.0
2018-05-08 22:40:00,19040.0,19040.0,19040.0,19040.0,0.0,0.0,3890.0
2018-05-08 22:45:00,19040.0,19040.0,19040.0,19040.0,0.0,0.0,3890.0
2018-05-08 22:50:00,19040.0,19040.0,19040.0,19040.0,0.0,0.0,3890.0
2018-05-08 22:55:00,19040.0,19040.0,19040.0,19040.0,0.0,0.0,3890.0
2018-05-08 23:00:00,19040.0,19040.0,19040.0,19040.0,0.0,0.0,3890.0
2018-05-08 23:05:00,19040.0,19040.0,19030.0,19030.0,20.0,1903250.0,3870.0
2018-05-08 23:10:00,19030.0,19030.0,19020.0,19020.0,20.0,1902250.0,3850.0
2018-05-08 23:15:00,19020.0,19020.0,19000.0,19000.0,60.0,5700750.0,3790.0
2018-05-08 23:20:00,19000.0,19000.0,19000.0,19000.0,0.0,0.0,3790.0
2018-05-08 23:25:00,19000.0,19000.0,19000.0,19000.0,0.0,0.0,3790.0
2018-05-08 23:30:00,19000.0,19000.0,18995.0,18995.0,10.0,949750.0,3780.0
2018-05-08 23:35:00,18990.0,18990.0,18975.0,18975.0,40.0,3796500.0,3740.0
2018-05-08 23:40:00,18975.0,18975.0,18970.0,18970.0,10.0,948500.0,3730.0
2018-05-08 23:45:00,18970.0,18970.0,18970.0,18970.0,0.0,0.0,3730.0
2018-05-08 23:50:00,18970.0,18970.0,18970.0,18970.0,0.0,0.0,3730.0
2018-05-08 23:55:00,18970.0,18970.0,18970.0,18970.0,0.0,0.0,3730.0
2018-05-09 00:00:00,18970.0,18970.0,18970.0,18970.0,30.0,2845500.0,3730.0
2018-05-09 00:05:00,18970.0,18970.0,18970.0,18970.0,0.0,0.0,3730.0
2018-05-09 00:10:00,18970.0,18970.0,18970.0,18970.0,0.0,0.0,3730.0
2018-05-09 00:15:00,18970.0,18970.0,18970.0,18970.0,0.0,0.0,3730.0
2018-05-09 00:20:00,18970.0,18970.0,18970.0,18970.0,0.0,0.0,3730.0
2018-05-09 00:25:00,18970.0,18970.0,18970.0,18970.0,0.0,0.0,3730.0
2018-05-09 00:30:00,18970.0,18970.0,18970.0,18970.0,0.0,0.0,3730.0
2018-05-09 00:35:00,18970.0,18970.0,18970.0,18970.0,0.0,0.0,3730.0
2018-05-09 00:40:00,18970.0,18970.0,18970.0,18970.0,0.0,0.0,3730.0
2018-05-09 00:45:00,18970.0,18970.0,18970.0,18970.0,0.0,0.0,3730.0
2018-05-09 00:50:00,18970.0,18970.0,18970.0,18970.0,0.0,0.0,3730.0
2018-05-09 00:55:00,18970.0,18970.0,18970.0,18970.0,0.0,0.0,3730.0
2018-05-09 09:00:00,18970.0,18970.0,18970.0,18970.0,0.0,0.0,3730.0
2018-05-09 09:05:00,18970.0,18970.0,18970.0,18970.0,0.0,0.0,3730.0
2018-05-09 09:10:00,19000.0,19000.0,19000.0,19000.0,30.0,2850000.0,3710.0
2018-05-09 09:15:00,19000.0,19090.0,19000.0,19090.0,60.0,5727000.0,3650.0
2018-05-09 09:20:00,19090.0,19090.0,19090.0,19090.0,0.0,0.0,3650.0
2018-05-09 09:25:00,19090.0,19090.0,19090.0,19090.0,30.0,2863500.0,3630.0
2018-05-09 09:30:00,19090.0,19090.0,19090.0,19090.0,0.0,0.0,3630.0
2018-05-09 09:35:00,19090.0,19090.0,19090.0,19090.0,0.0,0.0,3630.0
2018-05-09 09:40:00,19090.0,19090.0,19070.0,19090.0,40.0,3815750.0,3590.0
2018-05-09 09:45:00,19090.0,19100.0,19090.0,19100.0,20.0,1910000.0,3570.0
2018-05-09 09:50:00,19120.0,19140.0,19120.0,19140.0,80.0,7652500.0,3500.0
2018-05-09 09:55:00,19140.0,19140.0,19130.0,19130.0,10.0,956500.0,3490.0
2018-05-09 10:00:00,19130.0,19130.0,19120.0,19120.0,30.0,2868000.0,3460.0
2018-05-09 10:05:00,19120.0,19120.0,19120.0,19120.0,0.0,0.0,3460.0
2018-05-09 10:10:00,19120.0,19120.0,19120.0,19120.0,0.0,0.0,3460.0
2018-05-09 10:30:00,19120.0,19130.0,19110.0,19110.0,80.0,7646000.0,3380.0
2018-05-09 10:35:00,19110.0,19110.0,19110.0,19110.0,0.0,0.0,3380.0
2018-05-09 10:40:00,19110.0,19110.0,19110.0,19110.0,0.0,0.0,3380.0
2018-05-09 10:45:00,19110.0,19110.0,19110.0,19110.0,0.0,0.0,3380.0
2018-05-09 10:50:00,19110.0,19110.0,19110.0,19110.0,20.0,1911000.0,3360.0
2018-05-09 10:55:00,19110.0,19110.0,19110.0,19110.0,0.0,0.0,3360.0
2018-05-09 11:00:00,19110.0,19110.0,19110.0,19110.0,0.0,0.0,3360.0
2018-05-09 11:05:00,19110.0,19110.0,19110.0,19110.0,0.0,0.0,3360.0
2018-05-09 11:10:00,19100.0,19100.0,19100.0,19100.0,10.0,955000.0,3350.0
2018-05-09 11:15:00,19100.0,19100.0,19100.0,19100.0,20.0,1910000.0,3350.0
2018-05-09 11:20:00,19100.0,19130.0,19100.0,19130.0,20.0,1913000.0,3330.0
2018-05-09 11:25:00,19130.0,19130.0,19130.0,19130.0,0.0,0.0,3330.0
2018-05-09 13:30:00,19140.0,19150.0,19140.0,19150.0,80.0,7658500.0,3250.0
2018-05-09 13:35:00,19150.0,19150.0,19150.0,19150.0,0.0,0.0,3250.0
2018-05-09 13:40:00,19150.0,19150.0,19150.0,19150.0,0.0,0.0,3250.0
2018-05-09 13:45:00,19150.0,19150.0,19150.0,19150.0,0.0,0.0,3250.0
2018-05-09 13:50:00,19150.0,19150.0,19150.0,19150.0,0.0,0.0,3250.0
2018-05-09 13:55:00,19150.0,19150.0,19150.0,19150.0,0.0,0.0,3250.0
2018-05-09 14:00:00,19150.0,19150.0,19150.0,19150.0,0.0,0.0,3250.0
2018-05-09 14:05:00,19150.0,19150.0,19150.0,19150.0,0.0,0.0,3250.0
2018-05-09 14:10:00,19150.0,19150.0,19150.0,19150.0,0.0,0.0,3250.0
2018-05-09 14:15:00,19150.0,19150.0,19150.0,19150.0,0.0,0.0,3250.0
2018-05-09 14:20:00,19150.0,19150.0,19150.0,19150.0,0.0,0.0,3250.0
2018-05-09 14:25:00,19150.0,19150.0,19150.0,19150.0,0.0,0.0,3250.0
2018-05-09 14:30:00,19150.0,19150.0,19150.0,19150.0,0.0,0.0,3250.0
2018-05-09 14:35:00,19150.0,19150.0,19150.0,19150.0,0.0,0.0,3250.0
2018-05-09 14:40:00,19150.0,19150.0,19150.0,19150.0,0.0,0.0,3250.0
2018-05-09 14:45:00,19150.0,19150.0,19150.0,19150.0,0.0,0.0,3250.0
2018-05-09 14:50:00,19150.0,19150.0,19150.0,19150.0,90.0,8617500.0,2700.0
2018-05-09 14:55:00,19150.0,19150.0,19150.0,19150.0,0.0,0.0,2700.0
2018-05-09 21:00:00,19080.0,19080.0,19080.0,19080.0,0.0,0.0,2700.0
2018-05-09 21:05:00,19080.0,19080.0,19080.0,19080.0,0.0,0.0,2700.0
2018-05-09 21:10:00,19080.0,19150.0,19080.0,19150.0,10.0,957500.0,2690.0
2018-05-09 21:15:00,19150.0,19150.0,19150.0,19150.0,0.0,0.0,2690.0
2018-05-09 21:20:00,19150.0,19150.0,19150.0,19150.0,0.0,0.0,2690.0
2018-05-09 21:25:00,19150.0,19150.0,19150.0,19150.0,0.0,0.0,2690.0
2018-05-09 21:30:00,19150.0,19150.0,19150.0,19150.0,0.0,0.0,2690.0
2018-05-09 21:35:00,19150.0,19150.0,19150.0,19150.0,0.0,0.0,2690.0
2018-05-09 21:40:00,19150.0,19150.0,19150.0,19150.0,0.0,0.0,2690.0
2018-05-09 21:45:00,19150.0,19150.0,19150.0,19150.0,0.0,0.0,2690.0
2018-05-09 21:50:00,19150.0,19150.0,19150.0,19150.0,0.0,0.0,2690.0
2018-05-09 21:55:00,19150.0,19150.0,19150.0,19150.0,0.0,0.0,2690.0
2018-05-09 22:00:00,19150.0,19150.0,19150.0,19150.0,0.0,0.0,2690.0
2018-05-09 22:05:00,19150.0,19150.0,19150.0,19150.0,0.0,0.0,2690.0
2018-05-09 22:10:00,19150.0,19150.0,19150.0,19150.0,0.0,0.0,2690.0
2018-05-09 22:15:00,19150.0,19150.0,19150.0,19150.0,0.0,0.0,2690.0
2018-05-09 22:20:00,19150.0,19150.0,19150.0,19150.0,0.0,0.0,2690.0
2018-05-09 22:25:00,19150.0,19150.0,19150.0,19150.0,0.0,0.0,2690.0
2018-05-09 22:30:00,19150.0,19150.0,19150.0,19150.0,0.0,0.0,2690.0
2018-05-09 22:35:00,19150.0,19150.0,19150.0,19150.0,0.0,0.0,2690.0
2018-05-09 22:40:00,19150.0,19150.0,19150.0,19150.0,0.0,0.0,2690.0
2018-05-09 22:45:00,19150.0,19150.0,19150.0,19150.0,0.0,0.0,2690.0
2018-05-09 22:50:00,19150.0,19150.0,19150.0,19150.0,0.0,0.0,2690.0
2018-05-09 22:55:00,19150.0,19150.0,19150.0,19150.0,0.0,0.0,2690.0
2018-05-09 23:00:00,19150.0,19150.0,19150.0,19150.0,0.0,0.0,2690.0
2018-05-09 23:05:00,19150.0,19150.0,19150.0,19150.0,0.0,0.0,2690.0
2018-05-09 23:10:00,19150.0,19150.0,19150.0,19150.0,0.0,0.0,2690.0
2018-05-09 23:15:00,19150.0,19150.0,19150.0,19150.0,0.0,0.0,2690.0
2018-05-09 23:20:00,19150.0,19150.0,19150.0,19150.0,0.0,0.0,2690.0
2018-05-09 23:25:00,19150.0,19150.0,19150.0,19150.0,0.0,0.0,2690.0
2018-05-09 23:30:00,19150.0,19150.0,19150.0,19150.0,0.0,0.0,2690.0
2018-05-09 23:35:00,19150.0,19150.0,19150.0,19150.0,0.0,0.0,2690.0
2018-05-09 23:40:00,19150.0,19150.0,19150.0,19150.0,0.0,0.0,2690.0
2018-05-09 23:45:00,19150.0,19200.0,19150.0,19200.0,10.0,960000.0,2690.0
2018-05-09 23:50:00,19200.0,19200.0,19200.0,19200.0,0.0,0.0,2690.0
2018-05-09 23:55:00,19200.0,19200.0,19200.0,19200.0,0.0,0.0,2690.0
2018-05-10 00:00:00,19200.0,19200.0,19200.0,19200.0,0.0,0.0,2690.0
2018-05-10 00:05:00,19200.0,19200.0,19200.0,19200.0,0.0,0.0,2690.0
2018-05-10 00:10:00,19200.0,19200.0,19200.0,19200.0,0.0,0.0,2690.0
2018-05-10 00:15:00,19200.0,19200.0,19200.0,19200.0,0.0,0.0,2690.0
2018-05-10 00:20:00,19200.0,19200.0,19200.0,19200.0,0.0,0.0,2690.0
2018-05-10 00:25:00,19200.0,19200.0,19200.0,19200.0,0.0,0.0,2690.0
2018-05-10 00:30:00,19200.0,19200.0,19200.0,19200.0,0.0,0.0,2690.0
2018-05-10 00:35:00,19200.0,19200.0,19200.0,19200.0,0.0,0.0,2690.0
2018-05-10 00:40:00,19200.0,19200.0,19200.0,19200.0,0.0,0.0,2690.0
2018-05-10 00:45:00,19200.0,19200.0,19200.0,19200.0,0.0,0.0,2690.0
2018-05-10 00:50:00,19200.0,19200.0,19200.0,19200.0,0.0,0.0,2690.0
2018-05-10 00:55:00,19200.0,19200.0,19200.0,19200.0,0.0,0.0,2690.0
2018-05-10 09:00:00,19200.0,19200.0,19200.0,19200.0,0.0,0.0,2690.0
2018-05-10 09:05:00,19200.0,19200.0,19200.0,19200.0,0.0,0.0,2690.0
2018-05-10 09:10:00,19200.0,19200.0,19080.0,19080.0,10.0,954000.0,2690.0
2018-05-10 09:15:00,19080.0,19080.0,19080.0,19080.0,0.0,0.0,2690.0
2018-05-10 09:20:00,19080.0,19080.0,19080.0,19080.0,0.0,0.0,2690.0
2018-05-10 09:25:00,19080.0,19080.0,19080.0,19080.0,0.0,0.0,2690.0
2018-05-10 09:30:00,19080.0,19080.0,19080.0,19080.0,0.0,0.0,2690.0
2018-05-10 09:35:00,19080.0,19100.0,19080.0,19100.0,10.0,955000.0,2680.0
2018-05-10 09:40:00,19100.0,19110.0,19100.0,19110.0,10.0,955500.0,2670.0
2018-05-10 09:45:00,19110.0,19110.0,19110.0,19110.0,0.0,0.0,2670.0
2018-05-10 09:50:00,19110.0,19110.0,19110.0,19110.0,0.0,0.0,2670.0
2018-05-10 09:55:00,19110.0,19110.0,19110.0,19110.0,0.0,0.0,2670.0
2018-05-10 10:00:00,19110.0,19110.0,19110.0,19110.0,30.0,2866500.0,2640.0
2018-05-10 10:05:00,19085.0,19085.0,19085.0,19085.0,10.0,954250.0,2640.0
2018-05-10 10:10:00,19110.0,19110.0,19090.0,19090.0,20.0,1910000.0,2640.0
2018-05-10 10:30:00,19120.0,19120.0,19120.0,19120.0,20.0,1912000.0,2640.0
2018-05-10 10:35:00,19120.0,19120.0,19110.0,19110.0,10.0,955500.0,2640.0
2018-05-10 10:40:00,19110.0,19110.0,19090.0,19090.0,10.0,954500.0,2640.0
2018-05-10 10:45:00,19090.0,19090.0,19090.0,19090.0,10.0,954500.0,2640.0
2018-05-10 10:50:00,19090.0,19110.0,19090.0,19090.0,70.0,6683500.0,2640.0
2018-05-10 10:55:00,19090.0,19090.0,19090.0,19090.0,10.0,954500.0,2640.0
2018-05-10 11:00:00,19090.0,19090.0,19090.0,19090.0,10.0,954500.0,2640.0
2018-05-10 11:05:00,19090.0,19090.0,19090.0,19090.0,10.0,954500.0,2640.0
2018-05-10 11:10:00,19100.0,19100.0,19100.0,19100.0,20.0,1910000.0,2640.0
2018-05-10 11:15:00,19100.0,19100.0,19100.0,19100.0,40.0,3820000.0,2640.0
2018-05-10 11:20:00,19100.0,19100.0,19100.0,19100.0,60.0,5730000.0,2590.0
2018-05-10 11:25:00,19100.0,19110.0,19100.0,19110.0,70.0,6687500.0,2550.0
2018-05-10 13:30:00,19110.0,19110.0,19110.0,19110.0,0.0,0.0,2550.0
2018-05-10 13:35:00,19100.0,19100.0,19100.0,19100.0,70.0,6685000.0,2550.0
2018-05-10 13:40:00,19100.0,19100.0,19100.0,19100.0,40.0,3820000.0,2510.0
2018-05-10 13:45:00,19100.0,19100.0,19100.0,19100.0,0.0,0.0,2510.0
2018-05-10 13:50:00,19100.0,19100.0,19100.0,19100.0,0.0,0.0,2510.0
2018-05-10 13:55:00,19100.0,19100.0,19100.0,19100.0,0.0,0.0,2510.0
2018-05-10 14:00:00,19100.0,19100.0,19100.0,19100.0,0.0,0.0,2510.0
2018-05-10 14:05:00,19100.0,19105.0,19100.0,19105.0,190.0,18149750.0,2320.0
2018-05-10 14:10:00,19105.0,19110.0,19105.0,19110.0,20.0,1911000.0,2320.0
2018-05-10 14:15:00,19110.0,19110.0,19110.0,19110.0,0.0,0.0,2320.0
2018-05-10 14:20:00,19110.0,19115.0,19110.0,19115.0,20.0,1911500.0,2320.0
2018-05-10 14:25:00,19120.0,19120.0,19120.0,19120.0,20.0,1912000.0,2300.0
2018-05-10 14:30:00,19120.0,19120.0,19120.0,19120.0,0.0,0.0,2300.0
2018-05-10 14:35:00,19120.0,19120.0,19115.0,19115.0,20.0,1911500.0,2280.0
2018-05-10 14:40:00,19115.0,19115.0,19115.0,19115.0,0.0,0.0,2280.0
2018-05-10 14:45:00,19115.0,19115.0,19115.0,19115.0,0.0,0.0,2280.0
2018-05-10 14:50:00,19100.0,19100.0,19100.0,19100.0,100.0,9550000.0,2180.0
2018-05-10 14:55:00,19100.0,19110.0,19100.0,19110.0,40.0,3822000.0,2180.0
2018-05-10 21:00:00,19100.0,19100.0,19100.0,19100.0,0.0,0.0,2180.0
2018-05-10 21:05:00,19100.0,19100.0,19100.0,19100.0,0.0,0.0,2180.0
2018-05-10 21:10:00,19100.0,19100.0,19100.0,19100.0,0.0,0.0,2180.0
2018-05-10 21:15:00,19100.0,19100.0,19100.0,19100.0,60.0,5730000.0,2120.0
2018-05-10 21:20:00,19100.0,19100.0,19100.0,19100.0,0.0,0.0,2120.0
2018-05-10 21:25:00,19100.0,19100.0,19100.0,19100.0,0.0,0.0,2120.0
2018-05-10 21:30:00,19100.0,19100.0,19100.0,19100.0,0.0,0.0,2120.0
2018-05-10 21:35:00,19100.0,19100.0,19100.0,19100.0,0.0,0.0,2120.0
2018-05-10 21:40:00,19100.0,19100.0,19100.0,19100.0,0.0,0.0,2120.0
2018-05-10 21:45:00,19100.0,19100.0,19100.0,19100.0,0.0,0.0,2120.0
2018-05-10 21:50:00,19100.0,19100.0,19100.0,19100.0,0.0,0.0,2120.0
2018-05-10 21:55:00,19100.0,19100.0,19100.0,19100.0,0.0,0.0,2120.0
2018-05-10 22:00:00,19100.0,19100.0,19100.0,19100.0,0.0,0.0,2120.0
2018-05-10 22:05:00,19100.0,19100.0,19100.0,19100.0,0.0,0.0,2120.0
2018-05-10 22:10:00,19100.0,19100.0,19100.0,19100.0,0.0,0.0,2120.0
2018-05-10 22:15:00,19100.0,19100.0,19100.0,19100.0,0.0,0.0,2120.0
2018-05-10 22:20:00,19100.0,19100.0,19100.0,19100.0,0.0,0.0,2120.0
2018-05-10 22:25:00,19100.0,19100.0,19100.0,19100.0,0.0,0.0,2120.0
2018-05-10 22:30:00,19100.0,19375.0,19100.0,19375.0,20.0,1937500.0,2130.0
2018-05-10 22:35:00,19375.0,19375.0,19375.0,19375.0,0.0,0.0,2130.0
2018-05-10 22:40:00,19375.0,19375.0,19375.0,19375.0,0.0,0.0,2130.0
2018-05-10 22:45:00,19375.0,19375.0,19375.0,19375.0,0.0,0.0,2130.0
2018-05-10 22:50:00,19375.0,19375.0,19375.0,19375.0,0.0,0.0,2130.0
2018-05-10 22:55:00,19375.0,19375.0,19375.0,19375.0,0.0,0.0,2130.0
2018-05-10 23:00:00,19375.0,19375.0,19375.0,19375.0,0.0,0.0,2130.0
2018-05-10 23:05:00,19375.0,19375.0,19375.0,19375.0,0.0,0.0,2130.0
2018-05-10 23:10:00,19375.0,19375.0,19375.0,19375.0,0.0,0.0,2130.0
2018-05-10 23:15:00,19375.0,19375.0,19375.0,19375.0,0.0,0.0,2130.0
2018-05-10 23:20:00,19375.0,19375.0,19375.0,19375.0,0.0,0.0,2130.0
2018-05-10 23:25:00,19375.0,19375.0,19375.0,19375.0,0.0,0.0,2130.0
2018-05-10 23:30:00,19375.0,19375.0,19375.0,19375.0,0.0,0.0,2130.0
2018-05-10 23:35:00,19375.0,19375.0,19375.0,19375.0,0.0,0.0,2130.0
2018-05-10 23:40:00,19375.0,19375.0,19375.0,19375.0,0.0,0.0,2130.0
2018-05-10 23:45:00,19375.0,19375.0,19375.0,19375.0,0.0,0.0,2130.0
2018-05-10 23:50:00,19375.0,19375.0,19375.0,19375.0,0.0,0.0,2130.0
2018-05-10 23:55:00,19375.0,19375.0,19375.0,19375.0,0.0,0.0,2130.0
2018-05-11 00:00:00,19375.0,19375.0,19375.0,19375.0,0.0,0.0,2130.0
2018-05-11 00:05:00,19375.0,19375.0,19375.0,19375.0,0.0,0.0,2130.0
2018-05-11 00:10:00,19375.0,19375.0,19375.0,19375.0,0.0,0.0,2130.0
2018-05-11 00:15:00,19375.0,19375.0,19375.0,19375.0,0.0,0.0,2130.0
2018-05-11 00:20:00,19375.0,19375.0,19375.0,19375.0,0.0,0.0,2130.0
2018-05-11 00:25:00,19375.0,19375.0,19375.0,19375.0,0.0,0.0,2130.0
2018-05-11 00:30:00,19375.0,19375.0,19375.0,19375.0,0.0,0.0,2130.0
2018-05-11 00:35:00,19375.0,19375.0,19375.0,19375.0,0.0,0.0,2130.0
2018-05-11 00:40:00,19375.0,19375.0,19375.0,19375.0,0.0,0.0,2130.0
2018-05-11 00:45:00,19375.0,19375.0,19375.0,19375.0,0.0,0.0,2130.0
2018-05-11 00:50:00,19375.0,19375.0,19375.0,19375.0,0.0,0.0,2130.0
2018-05-11 00:55:00,19375.0,19375.0,19375.0,19375.0,0.0,0.0,2130.0
2018-05-11 09:00:00,19375.0,19375.0,19375.0,19375.0,0.0,0.0,2130.0
2018-05-11 09:05:00,19375.0,19375.0,19375.0,19375.0,0.0,0.0,2130.0
2018-05-11 09:10:00,19375.0,19375.0,19375.0,19375.0,0.0,0.0,2130.0
2018-05-11 09:15:00,19375.0,19375.0,19375.0,19375.0,0.0,0.0,2130.0
2018-05-11 09:20:00,19375.0,19375.0,19375.0,19375.0,10.0,968750.0,2120.0
2018-05-11 09:25:00,19375.0,19375.0,19310.0,19310.0,10.0,965500.0,2110.0
2018-05-11 09:30:00,19310.0,19310.0,19310.0,19310.0,0.0,0.0,2110.0
2018-05-11 09:35:00,19310.0,19310.0,19310.0,19310.0,0.0,0.0,2110.0
2018-05-11 09:40:00,19310.0,19310.0,19310.0,19310.0,0.0,0.0,2110.0
2018-05-11 09:45:00,19310.0,19310.0,19310.0,19310.0,0.0,0.0,2110.0
2018-05-11 09:50:00,19310.0,19310.0,19310.0,19310.0,0.0,0.0,2110.0
2018-05-11 09:55:00,19310.0,19310.0,19310.0,19310.0,0.0,0.0,2110.0
2018-05-11 10:00:00,19310.0,19310.0,19310.0,19310.0,0.0,0.0,2110.0
2018-05-11 10:05:00,19310.0,19310.0,19310.0,19310.0,0.0,0.0,2110.0
2018-05-11 10:10:00,19310.0,19310.0,19310.0,19310.0,0.0,0.0,2110.0
2018-05-11 10:30:00,19310.0,19310.0,19305.0,19310.0,20.0,1930750.0,2100.0
2018-05-11 10:35:00,19310.0,19310.0,19310.0,19310.0,10.0,965500.0,2090.0
2018-05-11 10:40:00,19310.0,19310.0,19310.0,19310.0,0.0,0.0,2090.0
2018-05-11 10:45:00,19310.0,19310.0,19310.0,19310.0,0.0,0.0,2090.0
2018-05-11 10:50:00,19310.0,19310.0,19310.0,19310.0,0.0,0.0,2090.0
2018-05-11 10:55:00,19310.0,19310.0,19310.0,19310.0,0.0,0.0,2090.0
2018-05-11 11:00:00,19310.0,19310.0,19310.0,19310.0,0.0,0.0,2090.0
2018-05-11 11:05:00,19310.0,19310.0,19310.0,19310.0,0.0,0.0,2090.0
2018-05-11 11:10:00,19310.0,19310.0,19310.0,19310.0,0.0,0.0,2090.0
2018-05-11 11:15:00,19310.0,19310.0,19310.0,19310.0,0.0,0.0,2090.0
2018-05-11 11:20:00,19310.0,19310.0,19310.0,19310.0,0.0,0.0,2090.0
2018-05-11 11:25:00,19310.0,19310.0,19310.0,19310.0,0.0,0.0,2090.0
2018-05-11 13:30:00,19230.0,19250.0,19230.0,19250.0,50.0,4808500.0,2040.0
2018-05-11 13:35:00,19250.0,19250.0,19250.0,19250.0,0.0,0.0,2040.0
2018-05-11 13:40:00,19250.0,19250.0,19250.0,19250.0,40.0,3850000.0,2000.0
2018-05-11 13:45:00,19250.0,19250.0,19250.0,19250.0,40.0,3850000.0,1960.0
2018-05-11 13:50:00,19250.0,19250.0,19250.0,19250.0,10.0,962500.0,1950.0
2018-05-11 13:55:00,19250.0,19250.0,19250.0,19250.0,30.0,2887500.0,1920.0
2018-05-11 14:00:00,19250.0,19280.0,19250.0,19280.0,40.0,3856000.0,1920.0
2018-05-11 14:05:00,19280.0,19300.0,19280.0,19300.0,60.0,5789500.0,1930.0
2018-05-11 14:10:00,19310.0,19310.0,19310.0,19310.0,10.0,965500.0,1930.0
2018-05-11 14:15:00,19310.0,19310.0,19310.0,19310.0,50.0,4827500.0,1930.0
2018-05-11 14:20:00,19310.0,19310.0,19310.0,19310.0,40.0,3862000.0,1930.0
2018-05-11 14:25:00,19310.0,19310.0,19310.0,19310.0,20.0,1931000.0,1930.0
2018-05-11 14:30:00,19310.0,19310.0,19310.0,19310.0,20.0,1931000.0,1930.0
2018-05-11 14:35:00,19310.0,19310.0,19310.0,19310.0,20.0,1931000.0,1930.0
2018-05-11 14:40:00,19310.0,19310.0,19310.0,19310.0,0.0,0.0,1930.0
2018-05-11 14:45:00,19310.0,19310.0,19310.0,19310.0,0.0,0.0,1930.0
2018-05-11 14:50:00,19310.0,19310.0,19310.0,19310.0,0.0,0.0,1930.0
2018-05-11 14:55:00,19310.0,19310.0,19310.0,19310.0,0.0,0.0,1930.0
2018-05-11 21:00:00,19265.0,19265.0,19265.0,19265.0,0.0,0.0,1930.0
2018-05-11 21:05:00,19265.0,19265.0,19265.0,19265.0,0.0,0.0,1930.0
2018-05-11 21:10:00,19265.0,19410.0,19265.0,19410.0,40.0,3882000.0,1890.0
2018-05-11 21:15:00,19410.0,19410.0,19410.0,19410.0,10.0,970500.0,1890.0
2018-05-11 21:20:00,19410.0,19410.0,19410.0,19410.0,0.0,0.0,1890.0
2018-05-11 21:25:00,19410.0,19410.0,19410.0,19410.0,0.0,0.0,1890.0
2018-05-11 21:30:00,19410.0,19410.0,19410.0,19410.0,0.0,0.0,1890.0
2018-05-11 21:35:00,19410.0,19410.0,19410.0,19410.0,0.0,0.0,1890.0
2018-05-11 21:40:00,19410.0,19410.0,19410.0,19410.0,0.0,0.0,1890.0
2018-05-11 21:45:00,19410.0,19410.0,19410.0,19410.0,0.0,0.0,1890.0
2018-05-11 21:50:00,19410.0,19410.0,19410.0,19410.0,0.0,0.0,1890.0
2018-05-11 21:55:00,19410.0,19410.0,19410.0,19410.0,0.0,0.0,1890.0
2018-05-11 22:00:00,19410.0,19410.0,19410.0,19410.0,0.0,0.0,1890.0
2018-05-11 22:05:00,19410.0,19410.0,19410.0,19410.0,0.0,0.0,1890.0
2018-05-11 22:10:00,19410.0,19410.0,19410.0,19410.0,0.0,0.0,1890.0
2018-05-11 22:15:00,19410.0,19410.0,19410.0,19410.0,0.0,0.0,1890.0
2018-05-11 22:20:00,19410.0,19410.0,19410.0,19410.0,0.0,0.0,1890.0
2018-05-11 22:25:00,19410.0,19410.0,19410.0,19410.0,0.0,0.0,1890.0
2018-05-11 22:30:00,19410.0,19410.0,19410.0,19410.0,0.0,0.0,1890.0
2018-05-11 22:35:00,19410.0,19410.0,19410.0,19410.0,0.0,0.0,1890.0
2018-05-11 22:40:00,19410.0,19410.0,19410.0,19410.0,0.0,0.0,1890.0
2018-05-11 22:45:00,19410.0,19410.0,19410.0,19410.0,0.0,0.0,1890.0
2018-05-11 22:50:00,19410.0,19410.0,19410.0,19410.0,0.0,0.0,1890.0
2018-05-11 22:55:00,19410.0,19410.0,19410.0,19410.0,0.0,0.0,1890.0
2018-05-11 23:00:00,19410.0,19410.0,19410.0,19410.0,0.0,0.0,1890.0
2018-05-11 23:05:00,19410.0,19410.0,19410.0,19410.0,0.0,0.0,1890.0
2018-05-11 23:10:00,19410.0,19410.0,19410.0,19410.0,0.0,0.0,1890.0
2018-05-11 23:15:00,19410.0,19410.0,19410.0,19410.0,0.0,0.0,1890.0
2018-05-11 23:20:00,19410.0,19410.0,19410.0,19410.0,0.0,0.0,1890.0
2018-05-11 23:25:00,19410.0,19410.0,19410.0,19410.0,0.0,0.0,1890.0
2018-05-11 23:30:00,19410.0,19410.0,19410.0,19410.0,0.0,0.0,1890.0
2018-05-11 23:35:00,19410.0,19410.0,19410.0,19410.0,0.0,0.0,1890.0
2018-05-11 23:40:00,19410.0,19410.0,19410.0,19410.0,0.0,0.0,1890.0
2018-05-11 23:45:00,19410.0,19410.0,19410.0,19410.0,0.0,0.0,1890.0
2018-05-11 23:50:00,19410.0,19410.0,19410.0,19410.0,0.0,0.0,1890.0
2018-05-11 23:55:00,19410.0,19410.0,19410.0,19410.0,0.0,0.0,1890.0
2018-05-12 00:00:00,19410.0,19410.0,19410.0,19410.0,0.0,0.0,1890.0
2018-05-12 00:05:00,19410.0,19410.0,19410.0,19410.0,0.0,0.0,1890.0
2018-05-12 00:10:00,19410.0,19410.0,19410.0,19410.0,0.0,0.0,1890.0
2018-05-12 00:15:00,19410.0,19410.0,19410.0,19410.0,0.0,0.0,1890.0
2018-05-12 00:20:00,19410.0,19410.0,19410.0,19410.0,0.0,0.0,1890.0
2018-05-12 00:25:00,19410.0,19410.0,19410.0,19410.0,0.0,0.0,1890.0
2018-05-12 00:30:00,19410.0,19410.0,19410.0,19410.0,0.0,0.0,1890.0
2018-05-12 00:35:00,19410.0,19410.0,19410.0,19410.0,0.0,0.0,1890.0
2018-05-12 00:40:00,19410.0,19410.0,19410.0,19410.0,0.0,0.0,1890.0
2018-05-12 00:45:00,19410.0,19410.0,19410.0,19410.0,0.0,0.0,1890.0
2018-05-12 00:50:00,19410.0,19410.0,19410.0,19410.0,0.0,0.0,1890.0
2018-05-12 00:55:00,19410.0,19410.0,19410.0,19410.0,0.0,0.0,1890.0
2018-05-14 09:00:00,19450.0,19450.0,19450.0,19450.0,40.0,3890000.0,1850.0
2018-05-14 09:05:00,19450.0,19450.0,19450.0,19450.0,10.0,972500.0,1850.0
2018-05-14 09:10:00,19450.0,19450.0,19450.0,19450.0,0.0,0.0,1850.0
2018-05-14 09:15:00,19450.0,19450.0,19450.0,19450.0,0.0,0.0,1850.0
2018-05-14 09:20:00,19550.0,19600.0,19550.0,19600.0,100.0,9787500.0,1860.0
2018-05-14 09:25:00,19600.0,19600.0,19600.0,19600.0,0.0,0.0,1860.0
2018-05-14 09:30:00,19600.0,19600.0,19600.0,19600.0,0.0,0.0,1860.0
2018-05-14 09:35:00,19600.0,19600.0,19600.0,19600.0,0.0,0.0,1860.0
2018-05-14 09:40:00,19600.0,19600.0,19600.0,19600.0,0.0,0.0,1860.0
2018-05-14 09:45:00,19600.0,19600.0,19600.0,19600.0,0.0,0.0,1860.0
2018-05-14 09:50:00,19600.0,19600.0,19600.0,19600.0,0.0,0.0,1860.0
2018-05-14 09:55:00,19600.0,19630.0,19600.0,19630.0,100.0,9812500.0,1960.0
2018-05-14 10:00:00,19630.0,19630.0,19630.0,19630.0,0.0,0.0,1960.0
2018-05-14 10:05:00,19630.0,19640.0,19630.0,19640.0,40.0,3928000.0,2000.0
2018-05-14 10:10:00,19640.0,19650.0,19640.0,19650.0,130.0,12768000.0,2130.0
2018-05-14 10:30:00,19650.0,19650.0,19650.0,19650.0,0.0,0.0,2130.0
2018-05-14 10:35:00,19650.0,19650.0,19650.0,19650.0,0.0,0.0,2130.0
2018-05-14 10:40:00,19650.0,19650.0,19650.0,19650.0,0.0,0.0,2130.0
2018-05-14 10:45:00,19650.0,19650.0,19650.0,19650.0,0.0,0.0,2130.0
2018-05-14 10:50:00,19650.0,19650.0,19650.0,19650.0,0.0,0.0,2130.0
2018-05-14 10:55:00,19650.0,19650.0,19650.0,19650.0,0.0,0.0,2130.0
2018-05-14 11:00:00,19650.0,19650.0,19650.0,19650.0,0.0,0.0,2130.0
2018-05-14 11:05:00,19650.0,19650.0,19650.0,19650.0,0.0,0.0,2130.0
2018-05-14 11:10:00,19650.0,19650.0,19650.0,19650.0,0.0,0.0,2130.0
2018-05-14 11:15:00,19650.0,19650.0,19600.0,19600.0,20.0,1960000.0,2130.0
2018-05-14 11:20:00,19600.0,19600.0,19600.0,19600.0,0.0,0.0,2130.0
2018-05-14 11:25:00,19600.0,19600.0,19600.0,19600.0,0.0,0.0,2130.0
2018-05-14 13:30:00,19600.0,19600.0,19600.0,19600.0,0.0,0.0,2130.0
2018-05-14 13:35:00,19600.0,19600.0,19600.0,19600.0,0.0,0.0,2130.0
2018-05-14 13:40:00,19600.0,19600.0,19600.0,19600.0,0.0,0.0,2130.0
2018-05-14 13:45:00,19600.0,19600.0,19600.0,19600.0,0.0,0.0,2130.0
2018-05-14 13:50:00,19600.0,19600.0,19600.0,19600.0,0.0,0.0,2130.0
2018-05-14 13:55:00,19600.0,19600.0,19600.0,19600.0,0.0,0.0,2130.0
2018-05-14 14:00:00,19600.0,19600.0,19600.0,19600.0,0.0,0.0,2130.0
2018-05-14 14:05:00,19600.0,19600.0,19600.0,19600.0,0.0,0.0,2130.0
2018-05-14 14:10:00,19600.0,19600.0,19600.0,19600.0,0.0,0.0,2130.0
2018-05-14 14:15:00,19600.0,19600.0,19600.0,19600.0,0.0,0.0,2130.0
2018-05-14 14:20:00,19600.0,19600.0,19600.0,19600.0,0.0,0.0,2130.0
2018-05-14 14:25:00,19600.0,19600.0,19600.0,19600.0,20.0,1960000.0,2150.0
2018-05-14 14:30:00,19600.0,19600.0,19600.0,19600.0,0.0,0.0,2150.0
2018-05-14 14:35:00,19600.0,19600.0,19600.0,19600.0,0.0,0.0,2150.0
2018-05-14 14:40:00,19600.0,19600.0,19600.0,19600.0,0.0,0.0,2150.0
2018-05-14 14:45:00,19600.0,19600.0,19600.0,19600.0,0.0,0.0,2150.0
2018-05-14 14:50:00,19600.0,19600.0,19600.0,19600.0,0.0,0.0,2150.0
2018-05-14 14:55:00,19600.0,19600.0,19600.0,19600.0,0.0,0.0,2150.0
2018-05-14 21:00:00,19580.0,19580.0,19580.0,19580.0,0.0,0.0,2150.0
2018-05-14 21:05:00,19580.0,19580.0,19580.0,19580.0,0.0,0.0,2150.0
2018-05-14 21:10:00,18755.0,19400.0,18755.0,19400.0,20.0,1907750.0,2150.0
2018-05-14 21:15:00,19400.0,19400.0,19400.0,19400.0,0.0,0.0,2150.0
2018-05-14 21:20:00,19400.0,19400.0,19400.0,19400.0,0.0,0.0,2150.0
2018-05-14 21:25:00,19400.0,19400.0,19400.0,19400.0,0.0,0.0,2150.0
2018-05-14 21:30:00,19400.0,19400.0,19400.0,19400.0,0.0,0.0,2150.0
2018-05-14 21:35:00,19400.0,19400.0,19400.0,19400.0,0.0,0.0,2150.0
2018-05-14 21:40:00,19400.0,19400.0,19400.0,19400.0,0.0,0.0,2150.0
2018-05-14 21:45:00,19400.0,19400.0,19400.0,19400.0,0.0,0.0,2150.0
2018-05-14 21:50:00,19400.0,19400.0,19400.0,19400.0,0.0,0.0,2150.0
2018-05-14 21:55:00,19400.0,19400.0,19400.0,19400.0,0.0,0.0,2150.0
2018-05-14 22:00:00,19400.0,19400.0,19400.0,19400.0,0.0,0.0,2150.0
2018-05-14 22:05:00,19400.0,19400.0,19400.0,19400.0,0.0,0.0,2150.0
2018-05-14 22:10:00,19400.0,19400.0,19400.0,19400.0,0.0,0.0,2150.0
2018-05-14 22:15:00,19400.0,19400.0,19400.0,19400.0,0.0,0.0,2150.0
2018-05-14 22:20:00,19400.0,19400.0,19400.0,19400.0,0.0,0.0,2150.0
2018-05-14 22:25:00,19400.0,19400.0,19400.0,19400.0,0.0,0.0,2150.0
2018-05-14 22:30:00,19400.0,19400.0,19400.0,19400.0,0.0,0.0,2150.0
2018-05-14 22:35:00,19400.0,19400.0,19400.0,19400.0,0.0,0.0,2150.0
2018-05-14 22:40:00,19400.0,19400.0,19400.0,19400.0,0.0,0.0,2150.0
2018-05-14 22:45:00,19400.0,19400.0,19400.0,19400.0,0.0,0.0,2150.0
2018-05-14 22:50:00,19400.0,19400.0,19400.0,19400.0,0.0,0.0,2150.0
2018-05-14 22:55:00,19400.0,19400.0,19400.0,19400.0,0.0,0.0,2150.0
2018-05-14 23:00:00,19400.0,19400.0,19400.0,19400.0,0.0,0.0,2150.0
2018-05-14 23:05:00,19400.0,19400.0,19400.0,19400.0,0.0,0.0,2150.0
2018-05-14 23:10:00,19400.0,19400.0,19400.0,19400.0,0.0,0.0,2150.0
2018-05-14 23:15:00,19400.0,19400.0,19400.0,19400.0,0.0,0.0,2150.0
2018-05-14 23:20:00,19400.0,19400.0,19400.0,19400.0,0.0,0.0,2150.0
2018-05-14 23:25:00,19400.0,19400.0,19400.0,19400.0,0.0,0.0,2150.0
2018-05-14 23:30:00,19400.0,19400.0,19400.0,19400.0,0.0,0.0,2150.0
2018-05-14 23:35:00,19400.0,19400.0,19400.0,19400.0,0.0,0.0,2150.0
2018-05-14 23:40:00,19400.0,19400.0,19400.0,19400.0,0.0,0.0,2150.0
2018-05-14 23:45:00,19400.0,19400.0,19400.0,19400.0,0.0,0.0,2150.0
2018-05-14 23:50:00,19400.0,19400.0,19400.0,19400.0,0.0,0.0,2150.0
2018-05-14 23:55:00,19400.0,19400.0,19400.0,19400.0,0.0,0.0,2150.0
2018-05-15 00:00:00,19400.0,19400.0,19400.0,19400.0,0.0,0.0,2150.0
2018-05-15 00:05:00,19400.0,19400.0,19400.0,19400.0,0.0,0.0,2150.0
2018-05-15 00:10:00,19400.0,19400.0,19400.0,19400.0,0.0,0.0,2150.0
2018-05-15 00:15:00,19400.0,19400.0,19400.0,19400.0,0.0,0.0,2150.0
2018-05-15 00:20:00,19400.0,19400.0,19400.0,19400.0,0.0,0.0,2150.0
2018-05-15 00:25:00,19400.0,19400.0,19400.0,19400.0,0.0,0.0,2150.0
2018-05-15 00:30:00,19400.0,19400.0,19400.0,19400.0,0.0,0.0,2150.0
2018-05-15 00:35:00,19400.0,19400.0,19400.0,19400.0,0.0,0.0,2150.0
2018-05-15 00:40:00,19400.0,19400.0,19400.0,19400.0,0.0,0.0,2150.0
2018-05-15 00:45:00,19400.0,19400.0,19400.0,19400.0,0.0,0.0,2150.0
2018-05-15 00:50:00,19400.0,19400.0,19400.0,19400.0,0.0,0.0,2150.0
2018-05-15 00:55:00,19400.0,19400.0,19400.0,19400.0,0.0,0.0,2150.0
2018-05-15 09:00:00,19400.0,19400.0,19400.0,19400.0,0.0,0.0,2150.0
2018-05-15 09:05:00,19400.0,19400.0,19400.0,19400.0,0.0,0.0,2150.0
2018-05-15 09:10:00,19400.0,19400.0,19400.0,19400.0,0.0,0.0,2150.0
2018-05-15 09:15:00,19400.0,19400.0,19400.0,19400.0,0.0,0.0,2150.0
2018-05-15 09:20:00,19400.0,19400.0,19400.0,19400.0,0.0,0.0,2150.0
2018-05-15 09:25:00,19400.0,19405.0,19400.0,19400.0,20.0,1940250.0,2160.0
2018-05-15 09:30:00,19400.0,19400.0,19400.0,19400.0,0.0,0.0,2160.0
2018-05-15 09:35:00,19400.0,19400.0,19400.0,19400.0,0.0,0.0,2160.0
2018-05-15 09:40:00,19400.0,19400.0,19400.0,19400.0,0.0,0.0,2160.0
2018-05-15 09:45:00,19400.0,19400.0,19400.0,19400.0,0.0,0.0,2160.0
2018-05-15 09:50:00,19400.0,19400.0,19400.0,19400.0,0.0,0.0,2160.0
2018-05-15 09:55:00,19400.0,19400.0,19400.0,19400.0,0.0,0.0,2160.0
2018-05-15 10:00:00,19400.0,19400.0,19400.0,19400.0,0.0,0.0,2160.0
2018-05-15 10:05:00,19400.0,19400.0,19400.0,19400.0,0.0,0.0,2160.0
2018-05-15 10:10:00,19400.0,19400.0,19400.0,19400.0,0.0,0.0,2160.0
2018-05-15 10:30:00,19400.0,19400.0,19400.0,19400.0,0.0,0.0,2160.0
2018-05-15 10:35:00,19400.0,19400.0,19400.0,19400.0,0.0,0.0,2160.0
2018-05-15 10:40:00,19400.0,19400.0,19400.0,19400.0,0.0,0.0,2160.0
2018-05-15 10:45:00,19400.0,19400.0,19400.0,19400.0,0.0,0.0,2160.0
2018-05-15 10:50:00,19400.0,19400.0,19400.0,19400.0,0.0,0.0,2160.0
2018-05-15 10:55:00,19400.0,19500.0,19400.0,19500.0,40.0,3900000.0,2200.0
2018-05-15 11:00:00,19500.0,19500.0,19500.0,19500.0,0.0,0.0,2200.0
2018-05-15 11:05:00,19500.0,19500.0,19500.0,19500.0,0.0,0.0,2200.0
2018-05-15 11:10:00,19500.0,19500.0,19450.0,19450.0,20.0,1945000.0,2220.0
2018-05-15 11:15:00,19450.0,19500.0,19450.0,19500.0,40.0,3900000.0,2260.0
2018-05-15 11:20:00,19500.0,19500.0,19500.0,19500.0,0.0,0.0,2260.0
2018-05-15 11:25:00,19500.0,19500.0,19500.0,19500.0,0.0,0.0,2260.0
2018-05-15 13:30:00,19500.0,19500.0,19500.0,19500.0,0.0,0.0,2260.0
2018-05-15 13:35:00,19500.0,19500.0,19500.0,19500.0,20.0,1950000.0,2280.0
2018-05-15 13:40:00,19500.0,19500.0,19500.0,19500.0,0.0,0.0,2280.0
2018-05-15 13:45:00,19500.0,19500.0,19500.0,19500.0,0.0,0.0,2280.0
2018-05-15 13:50:00,19500.0,19500.0,19500.0,19500.0,0.0,0.0,2280.0
2018-05-15 13:55:00,19500.0,19500.0,19500.0,19500.0,0.0,0.0,2280.0
2018-05-15 14:00:00,19500.0,19500.0,19500.0,19500.0,0.0,0.0,2280.0
2018-05-15 14:05:00,19500.0,19500.0,19500.0,19500.0,0.0,0.0,2280.0
2018-05-15 14:10:00,19500.0,19500.0,19500.0,19500.0,0.0,0.0,2280.0
2018-05-15 14:15:00,19500.0,19500.0,19500.0,19500.0,0.0,0.0,2280.0
2018-05-15 14:20:00,19500.0,19500.0,19500.0,19500.0,0.0,0.0,2280.0
2018-05-15 14:25:00,19500.0,19500.0,19500.0,19500.0,0.0,0.0,2280.0
2018-05-15 14:30:00,19500.0,19500.0,19500.0,19500.0,0.0,0.0,2280.0
2018-05-15 14:35:00,19500.0,19500.0,19500.0,19500.0,0.0,0.0,2280.0
2018-05-15 14:40:00,19500.0,19500.0,19500.0,19500.0,0.0,0.0,2280.0
2018-05-15 14:45:00,19500.0,19500.0,19500.0,19500.0,0.0,0.0,2280.0
2018-05-15 14:50:00,19500.0,19500.0,19500.0,19500.0,0.0,0.0,2280.0
2018-05-15 14:55:00,19500.0,19500.0,19500.0,19500.0,0.0,0.0,2280.0
