datetime,open,high,low,close,volume,money,open_interest
2017-08-14 21:00:00,1398.0,1398.0,1398.0,1398.0,0.0,0.0,0.0
2017-08-14 21:05:00,1398.0,1398.0,1398.0,1398.0,0.0,0.0,0.0
2017-08-14 21:10:00,1398.0,1398.0,1398.0,1398.0,0.0,0.0,0.0
2017-08-14 21:15:00,1398.0,1398.0,1398.0,1398.0,0.0,0.0,0.0
2017-08-14 21:20:00,1398.0,1398.0,1398.0,1398.0,0.0,0.0,0.0
2017-08-14 21:25:00,1398.0,1398.0,1398.0,1398.0,0.0,0.0,0.0
2017-08-14 21:30:00,1398.0,1398.0,1398.0,1398.0,0.0,0.0,0.0
2017-08-14 21:35:00,1398.0,1398.0,1398.0,1398.0,0.0,0.0,0.0
2017-08-14 21:40:00,1398.0,1398.0,1398.0,1398.0,0.0,0.0,0.0
2017-08-14 21:45:00,1398.0,1398.0,1398.0,1398.0,0.0,0.0,0.0
2017-08-14 21:50:00,1398.0,1398.0,1398.0,1398.0,0.0,0.0,0.0
2017-08-14 21:55:00,1398.0,1398.0,1398.0,1398.0,0.0,0.0,0.0
2017-08-14 22:00:00,1398.0,1398.0,1398.0,1398.0,0.0,0.0,0.0
2017-08-14 22:05:00,1398.0,1398.0,1398.0,1398.0,0.0,0.0,0.0
2017-08-14 22:10:00,1398.0,1398.0,1398.0,1398.0,0.0,0.0,0.0
2017-08-14 22:15:00,1398.0,1398.0,1398.0,1398.0,0.0,0.0,0.0
2017-08-14 22:20:00,1398.0,1398.0,1398.0,1398.0,0.0,0.0,0.0
2017-08-14 22:25:00,1398.0,1398.0,1398.0,1398.0,0.0,0.0,0.0
2017-08-14 22:30:00,1398.0,1398.0,1398.0,1398.0,0.0,0.0,0.0
2017-08-14 22:35:00,1398.0,1398.0,1398.0,1398.0,0.0,0.0,0.0
2017-08-14 22:40:00,1398.0,1398.0,1398.0,1398.0,0.0,0.0,0.0
2017-08-14 22:45:00,1398.0,1398.0,1398.0,1398.0,0.0,0.0,0.0
2017-08-14 22:50:00,1398.0,1398.0,1398.0,1398.0,0.0,0.0,0.0
2017-08-14 22:55:00,1398.0,1398.0,1398.0,1398.0,0.0,0.0,0.0
2017-08-14 23:00:00,1398.0,1398.0,1398.0,1398.0,0.0,0.0,0.0
2017-08-14 23:05:00,1398.0,1398.0,1398.0,1398.0,0.0,0.0,0.0
2017-08-14 23:10:00,1398.0,1398.0,1398.0,1398.0,0.0,0.0,0.0
2017-08-14 23:15:00,1398.0,1398.0,1398.0,1398.0,0.0,0.0,0.0
2017-08-14 23:20:00,1398.0,1398.0,1398.0,1398.0,0.0,0.0,0.0
2017-08-14 23:25:00,1398.0,1398.0,1398.0,1398.0,0.0,0.0,0.0
2017-08-15 09:00:00,1398.0,1398.0,1398.0,1398.0,0.0,0.0,0.0
2017-08-15 09:05:00,1398.0,1398.0,1398.0,1398.0,0.0,0.0,0.0
2017-08-15 09:10:00,1398.0,1398.0,1398.0,1398.0,0.0,0.0,0.0
2017-08-15 09:15:00,1398.0,1398.0,1398.0,1398.0,0.0,0.0,0.0
2017-08-15 09:20:00,1398.0,1398.0,1398.0,1398.0,0.0,0.0,0.0
2017-08-15 09:25:00,1398.0,1398.0,1398.0,1398.0,0.0,0.0,0.0
2017-08-15 09:30:00,1398.0,1398.0,1398.0,1398.0,0.0,0.0,0.0
2017-08-15 09:35:00,1398.0,1398.0,1398.0,1398.0,0.0,0.0,0.0
2017-08-15 09:40:00,1398.0,1398.0,1398.0,1398.0,0.0,0.0,0.0
2017-08-15 09:45:00,1398.0,1398.0,1398.0,1398.0,0.0,0.0,0.0
2017-08-15 09:50:00,1398.0,1398.0,1398.0,1398.0,0.0,0.0,0.0
2017-08-15 09:55:00,1398.0,1398.0,1398.0,1398.0,0.0,0.0,0.0
2017-08-15 10:00:00,1398.0,1398.0,1398.0,1398.0,0.0,0.0,0.0
2017-08-15 10:05:00,1398.0,1398.0,1398.0,1398.0,0.0,0.0,0.0
2017-08-15 10:10:00,1398.0,1398.0,1398.0,1398.0,0.0,0.0,0.0
2017-08-15 10:30:00,1398.0,1398.0,1398.0,1398.0,0.0,0.0,0.0
2017-08-15 10:35:00,1398.0,1398.0,1398.0,1398.0,0.0,0.0,0.0
2017-08-15 10:40:00,1398.0,1398.0,1398.0,1398.0,0.0,0.0,0.0
2017-08-15 10:45:00,1398.0,1398.0,1398.0,1398.0,0.0,0.0,0.0
2017-08-15 10:50:00,1398.0,1398.0,1398.0,1398.0,0.0,0.0,0.0
2017-08-15 10:55:00,1398.0,1398.0,1398.0,1398.0,0.0,0.0,0.0
2017-08-15 11:00:00,1398.0,1398.0,1398.0,1398.0,0.0,0.0,0.0
2017-08-15 11:05:00,1398.0,1398.0,1398.0,1398.0,0.0,0.0,0.0
2017-08-15 11:10:00,1398.0,1398.0,1398.0,1398.0,0.0,0.0,0.0
2017-08-15 11:15:00,1398.0,1398.0,1398.0,1398.0,0.0,0.0,0.0
2017-08-15 11:20:00,1398.0,1398.0,1398.0,1398.0,0.0,0.0,0.0
2017-08-15 11:25:00,1398.0,1398.0,1398.0,1398.0,0.0,0.0,0.0
2017-08-15 13:30:00,1398.0,1398.0,1398.0,1398.0,0.0,0.0,0.0
2017-08-15 13:35:00,1398.0,1398.0,1398.0,1398.0,0.0,0.0,0.0
2017-08-15 13:40:00,1398.0,1398.0,1398.0,1398.0,0.0,0.0,0.0
2017-08-15 13:45:00,1398.0,1398.0,1398.0,1398.0,0.0,0.0,0.0
2017-08-15 13:50:00,1398.0,1398.0,1398.0,1398.0,0.0,0.0,0.0
2017-08-15 13:55:00,1398.0,1398.0,1398.0,1398.0,0.0,0.0,0.0
2017-08-15 14:00:00,1398.0,1398.0,1398.0,1398.0,0.0,0.0,0.0
2017-08-15 14:05:00,1398.0,1398.0,1398.0,1398.0,0.0,0.0,0.0
2017-08-15 14:10:00,1398.0,1398.0,1398.0,1398.0,0.0,0.0,0.0
2017-08-15 14:15:00,1398.0,1398.0,1398.0,1398.0,0.0,0.0,0.0
2017-08-15 14:20:00,1398.0,1398.0,1398.0,1398.0,0.0,0.0,0.0
2017-08-15 14:25:00,1398.0,1398.0,1398.0,1398.0,0.0,0.0,0.0
2017-08-15 14:30:00,1398.0,1398.0,1398.0,1398.0,0.0,0.0,0.0
2017-08-15 14:35:00,1398.0,1398.0,1398.0,1398.0,0.0,0.0,0.0
2017-08-15 14:40:00,1398.0,1398.0,1398.0,1398.0,0.0,0.0,0.0
2017-08-15 14:45:00,1398.0,1398.0,1398.0,1398.0,0.0,0.0,0.0
2017-08-15 14:50:00,1398.0,1398.0,1398.0,1398.0,0.0,0.0,0.0
2017-08-15 14:55:00,1398.0,1398.0,1398.0,1398.0,0.0,0.0,0.0
2017-08-15 21:00:00,1398.0,1398.0,1398.0,1398.0,0.0,0.0,0.0
2017-08-15 21:05:00,1398.0,1398.0,1398.0,1398.0,0.0,0.0,0.0
2017-08-15 21:10:00,1398.0,1398.0,1398.0,1398.0,0.0,0.0,0.0
2017-08-15 21:15:00,1398.0,1398.0,1398.0,1398.0,0.0,0.0,0.0
2017-08-15 21:20:00,1398.0,1398.0,1398.0,1398.0,0.0,0.0,0.0
2017-08-15 21:25:00,1398.0,1398.0,1398.0,1398.0,0.0,0.0,0.0
2017-08-15 21:30:00,1398.0,1398.0,1398.0,1398.0,0.0,0.0,0.0
2017-08-15 21:35:00,1398.0,1398.0,1398.0,1398.0,0.0,0.0,0.0
2017-08-15 21:40:00,1398.0,1398.0,1398.0,1398.0,0.0,0.0,0.0
2017-08-15 21:45:00,1398.0,1398.0,1398.0,1398.0,0.0,0.0,0.0
2017-08-15 21:50:00,1398.0,1398.0,1398.0,1398.0,0.0,0.0,0.0
2017-08-15 21:55:00,1398.0,1398.0,1398.0,1398.0,0.0,0.0,0.0
2017-08-15 22:00:00,1398.0,1398.0,1398.0,1398.0,0.0,0.0,0.0
2017-08-15 22:05:00,1398.0,1398.0,1398.0,1398.0,0.0,0.0,0.0
2017-08-15 22:10:00,1398.0,1398.0,1398.0,1398.0,0.0,0.0,0.0
2017-08-15 22:15:00,1398.0,1398.0,1398.0,1398.0,0.0,0.0,0.0
2017-08-15 22:20:00,1398.0,1398.0,1398.0,1398.0,0.0,0.0,0.0
2017-08-15 22:25:00,1398.0,1398.0,1398.0,1398.0,0.0,0.0,0.0
2017-08-15 22:30:00,1398.0,1398.0,1398.0,1398.0,0.0,0.0,0.0
2017-08-15 22:35:00,1398.0,1398.0,1398.0,1398.0,0.0,0.0,0.0
2017-08-15 22:40:00,1398.0,1398.0,1398.0,1398.0,0.0,0.0,0.0
2017-08-15 22:45:00,1398.0,1398.0,1398.0,1398.0,0.0,0.0,0.0
2017-08-15 22:50:00,1398.0,1398.0,1398.0,1398.0,0.0,0.0,0.0
2017-08-15 22:55:00,1398.0,1398.0,1398.0,1398.0,0.0,0.0,0.0
2017-08-15 23:00:00,1398.0,1398.0,1398.0,1398.0,0.0,0.0,0.0
2017-08-15 23:05:00,1398.0,1398.0,1398.0,1398.0,0.0,0.0,0.0
2017-08-15 23:10:00,1398.0,1398.0,1398.0,1398.0,0.0,0.0,0.0
2017-08-15 23:15:00,1398.0,1398.0,1398.0,1398.0,0.0,0.0,0.0
2017-08-15 23:20:00,1398.0,1398.0,1398.0,1398.0,0.0,0.0,0.0
2017-08-15 23:25:00,1398.0,1398.0,1398.0,1398.0,0.0,0.0,0.0
2017-08-16 09:00:00,1398.0,1398.0,1398.0,1398.0,0.0,0.0,0.0
2017-08-16 09:05:00,1398.0,1398.0,1398.0,1398.0,0.0,0.0,0.0
2017-08-16 09:10:00,1398.0,1398.0,1398.0,1398.0,0.0,0.0,0.0
2017-08-16 09:15:00,1398.0,1398.0,1398.0,1398.0,0.0,0.0,0.0
2017-08-16 09:20:00,1398.0,1398.0,1398.0,1398.0,0.0,0.0,0.0
2017-08-16 09:25:00,1398.0,1398.0,1398.0,1398.0,0.0,0.0,0.0
2017-08-16 09:30:00,1398.0,1398.0,1398.0,1398.0,0.0,0.0,0.0
2017-08-16 09:35:00,1398.0,1398.0,1398.0,1398.0,0.0,0.0,0.0
2017-08-16 09:40:00,1398.0,1398.0,1398.0,1398.0,0.0,0.0,0.0
2017-08-16 09:45:00,1398.0,1398.0,1398.0,1398.0,0.0,0.0,0.0
2017-08-16 09:50:00,1398.0,1398.0,1398.0,1398.0,0.0,0.0,0.0
2017-08-16 09:55:00,1398.0,1398.0,1398.0,1398.0,0.0,0.0,0.0
2017-08-16 10:00:00,1398.0,1398.0,1398.0,1398.0,0.0,0.0,0.0
2017-08-16 10:05:00,1398.0,1398.0,1398.0,1398.0,0.0,0.0,0.0
2017-08-16 10:10:00,1398.0,1398.0,1398.0,1398.0,0.0,0.0,0.0
2017-08-16 10:30:00,1398.0,1398.0,1398.0,1398.0,0.0,0.0,0.0
2017-08-16 10:35:00,1398.0,1398.0,1398.0,1398.0,0.0,0.0,0.0
2017-08-16 10:40:00,1398.0,1398.0,1398.0,1398.0,0.0,0.0,0.0
2017-08-16 10:45:00,1398.0,1398.0,1398.0,1398.0,0.0,0.0,0.0
2017-08-16 10:50:00,1398.0,1398.0,1398.0,1398.0,0.0,0.0,0.0
2017-08-16 10:55:00,1398.0,1398.0,1398.0,1398.0,0.0,0.0,0.0
2017-08-16 11:00:00,1398.0,1398.0,1398.0,1398.0,0.0,0.0,0.0
2017-08-16 11:05:00,1398.0,1398.0,1398.0,1398.0,0.0,0.0,0.0
2017-08-16 11:10:00,1398.0,1398.0,1398.0,1398.0,0.0,0.0,0.0
2017-08-16 11:15:00,1398.0,1398.0,1398.0,1398.0,0.0,0.0,0.0
2017-08-16 11:20:00,1398.0,1398.0,1398.0,1398.0,0.0,0.0,0.0
2017-08-16 11:25:00,1398.0,1398.0,1398.0,1398.0,0.0,0.0,0.0
2017-08-16 13:30:00,1398.0,1398.0,1398.0,1398.0,0.0,0.0,0.0
2017-08-16 13:35:00,1398.0,1398.0,1398.0,1398.0,0.0,0.0,0.0
2017-08-16 13:40:00,1398.0,1398.0,1398.0,1398.0,0.0,0.0,0.0
2017-08-16 13:45:00,1398.0,1398.0,1398.0,1398.0,0.0,0.0,0.0
2017-08-16 13:50:00,1398.0,1398.0,1398.0,1398.0,0.0,0.0,0.0
2017-08-16 13:55:00,1398.0,1398.0,1398.0,1398.0,0.0,0.0,0.0
2017-08-16 14:00:00,1398.0,1398.0,1398.0,1398.0,0.0,0.0,0.0
2017-08-16 14:05:00,1398.0,1398.0,1398.0,1398.0,0.0,0.0,0.0
2017-08-16 14:10:00,1398.0,1398.0,1398.0,1398.0,0.0,0.0,0.0
2017-08-16 14:15:00,1398.0,1398.0,1398.0,1398.0,0.0,0.0,0.0
2017-08-16 14:20:00,1398.0,1398.0,1398.0,1398.0,0.0,0.0,0.0
2017-08-16 14:25:00,1398.0,1398.0,1398.0,1398.0,0.0,0.0,0.0
2017-08-16 14:30:00,1398.0,1398.0,1398.0,1398.0,0.0,0.0,0.0
2017-08-16 14:35:00,1398.0,1398.0,1398.0,1398.0,0.0,0.0,0.0
2017-08-16 14:40:00,1398.0,1398.0,1398.0,1398.0,0.0,0.0,0.0
2017-08-16 14:45:00,1398.0,1398.0,1398.0,1398.0,0.0,0.0,0.0
2017-08-16 14:50:00,1398.0,1398.0,1398.0,1398.0,0.0,0.0,0.0
2017-08-16 14:55:00,1398.0,1398.0,1398.0,1398.0,0.0,0.0,0.0
2017-08-16 21:00:00,1398.0,1398.0,1398.0,1398.0,0.0,0.0,0.0
2017-08-16 21:05:00,1398.0,1398.0,1398.0,1398.0,0.0,0.0,0.0
2017-08-16 21:10:00,1398.0,1398.0,1398.0,1398.0,0.0,0.0,0.0
2017-08-16 21:15:00,1398.0,1398.0,1398.0,1398.0,0.0,0.0,0.0
2017-08-16 21:20:00,1398.0,1398.0,1398.0,1398.0,0.0,0.0,0.0
2017-08-16 21:25:00,1398.0,1398.0,1398.0,1398.0,0.0,0.0,0.0
2017-08-16 21:30:00,1398.0,1398.0,1398.0,1398.0,0.0,0.0,0.0
2017-08-16 21:35:00,1398.0,1398.0,1398.0,1398.0,0.0,0.0,0.0
2017-08-16 21:40:00,1398.0,1398.0,1398.0,1398.0,0.0,0.0,0.0
2017-08-16 21:45:00,1398.0,1398.0,1398.0,1398.0,0.0,0.0,0.0
2017-08-16 21:50:00,1398.0,1398.0,1398.0,1398.0,0.0,0.0,0.0
2017-08-16 21:55:00,1398.0,1398.0,1398.0,1398.0,0.0,0.0,0.0
2017-08-16 22:00:00,1398.0,1398.0,1398.0,1398.0,0.0,0.0,0.0
2017-08-16 22:05:00,1398.0,1398.0,1398.0,1398.0,0.0,0.0,0.0
2017-08-16 22:10:00,1398.0,1398.0,1398.0,1398.0,0.0,0.0,0.0
2017-08-16 22:15:00,1398.0,1398.0,1398.0,1398.0,0.0,0.0,0.0
2017-08-16 22:20:00,1398.0,1398.0,1398.0,1398.0,0.0,0.0,0.0
2017-08-16 22:25:00,1398.0,1398.0,1398.0,1398.0,0.0,0.0,0.0
2017-08-16 22:30:00,1398.0,1398.0,1398.0,1398.0,0.0,0.0,0.0
2017-08-16 22:35:00,1398.0,1398.0,1398.0,1398.0,0.0,0.0,0.0
2017-08-16 22:40:00,1398.0,1398.0,1398.0,1398.0,0.0,0.0,0.0
2017-08-16 22:45:00,1398.0,1398.0,1398.0,1398.0,0.0,0.0,0.0
2017-08-16 22:50:00,1398.0,1398.0,1398.0,1398.0,0.0,0.0,0.0
2017-08-16 22:55:00,1398.0,1398.0,1398.0,1398.0,0.0,0.0,0.0
2017-08-16 23:00:00,1398.0,1398.0,1398.0,1398.0,0.0,0.0,0.0
2017-08-16 23:05:00,1398.0,1398.0,1398.0,1398.0,0.0,0.0,0.0
2017-08-16 23:10:00,1398.0,1398.0,1398.0,1398.0,0.0,0.0,0.0
2017-08-16 23:15:00,1398.0,1398.0,1398.0,1398.0,0.0,0.0,0.0
2017-08-16 23:20:00,1398.0,1398.0,1398.0,1398.0,0.0,0.0,0.0
2017-08-16 23:25:00,1398.0,1398.0,1398.0,1398.0,0.0,0.0,0.0
2017-08-17 09:00:00,1398.0,1398.0,1398.0,1398.0,0.0,0.0,0.0
2017-08-17 09:05:00,1398.0,1398.0,1398.0,1398.0,0.0,0.0,0.0
2017-08-17 09:10:00,1398.0,1398.0,1398.0,1398.0,0.0,0.0,0.0
2017-08-17 09:15:00,1398.0,1398.0,1398.0,1398.0,0.0,0.0,0.0
2017-08-17 09:20:00,1398.0,1398.0,1398.0,1398.0,0.0,0.0,0.0
2017-08-17 09:25:00,1398.0,1398.0,1398.0,1398.0,0.0,0.0,0.0
2017-08-17 09:30:00,1398.0,1398.0,1398.0,1398.0,0.0,0.0,0.0
2017-08-17 09:35:00,1398.0,1398.0,1398.0,1398.0,0.0,0.0,0.0
2017-08-17 09:40:00,1398.0,1398.0,1398.0,1398.0,0.0,0.0,0.0
2017-08-17 09:45:00,1398.0,1398.0,1398.0,1398.0,0.0,0.0,0.0
2017-08-17 09:50:00,1398.0,1398.0,1398.0,1398.0,0.0,0.0,0.0
2017-08-17 09:55:00,1398.0,1398.0,1398.0,1398.0,0.0,0.0,0.0
2017-08-17 10:00:00,1398.0,1398.0,1398.0,1398.0,0.0,0.0,0.0
2017-08-17 10:05:00,1398.0,1398.0,1398.0,1398.0,0.0,0.0,0.0
2017-08-17 10:10:00,1398.0,1398.0,1398.0,1398.0,0.0,0.0,0.0
2017-08-17 10:30:00,1398.0,1398.0,1398.0,1398.0,0.0,0.0,0.0
2017-08-17 10:35:00,1398.0,1398.0,1398.0,1398.0,0.0,0.0,0.0
2017-08-17 10:40:00,1398.0,1398.0,1398.0,1398.0,0.0,0.0,0.0
2017-08-17 10:45:00,1398.0,1398.0,1398.0,1398.0,0.0,0.0,0.0
2017-08-17 10:50:00,1398.0,1398.0,1398.0,1398.0,0.0,0.0,0.0
2017-08-17 10:55:00,1398.0,1398.0,1398.0,1398.0,0.0,0.0,0.0
2017-08-17 11:00:00,1398.0,1398.0,1398.0,1398.0,0.0,0.0,0.0
2017-08-17 11:05:00,1398.0,1398.0,1398.0,1398.0,0.0,0.0,0.0
2017-08-17 11:10:00,1398.0,1398.0,1398.0,1398.0,0.0,0.0,0.0
2017-08-17 11:15:00,1398.0,1398.0,1398.0,1398.0,0.0,0.0,0.0
2017-08-17 11:20:00,1398.0,1398.0,1398.0,1398.0,0.0,0.0,0.0
2017-08-17 11:25:00,1398.0,1398.0,1398.0,1398.0,0.0,0.0,0.0
2017-08-17 13:30:00,1398.0,1398.0,1398.0,1398.0,0.0,0.0,0.0
2017-08-17 13:35:00,1398.0,1398.0,1398.0,1398.0,0.0,0.0,0.0
2017-08-17 13:40:00,1398.0,1398.0,1398.0,1398.0,0.0,0.0,0.0
2017-08-17 13:45:00,1398.0,1398.0,1398.0,1398.0,0.0,0.0,0.0
2017-08-17 13:50:00,1398.0,1398.0,1398.0,1398.0,0.0,0.0,0.0
2017-08-17 13:55:00,1398.0,1398.0,1398.0,1398.0,0.0,0.0,0.0
2017-08-17 14:00:00,1398.0,1398.0,1398.0,1398.0,0.0,0.0,0.0
2017-08-17 14:05:00,1398.0,1398.0,1398.0,1398.0,0.0,0.0,0.0
2017-08-17 14:10:00,1398.0,1398.0,1398.0,1398.0,0.0,0.0,0.0
2017-08-17 14:15:00,1398.0,1398.0,1398.0,1398.0,0.0,0.0,0.0
2017-08-17 14:20:00,1398.0,1398.0,1398.0,1398.0,0.0,0.0,0.0
2017-08-17 14:25:00,1398.0,1398.0,1398.0,1398.0,0.0,0.0,0.0
2017-08-17 14:30:00,1398.0,1398.0,1398.0,1398.0,0.0,0.0,0.0
2017-08-17 14:35:00,1398.0,1398.0,1398.0,1398.0,0.0,0.0,0.0
2017-08-17 14:40:00,1398.0,1398.0,1398.0,1398.0,0.0,0.0,0.0
2017-08-17 14:45:00,1398.0,1398.0,1398.0,1398.0,0.0,0.0,0.0
2017-08-17 14:50:00,1398.0,1398.0,1398.0,1398.0,0.0,0.0,0.0
2017-08-17 14:55:00,1398.0,1398.0,1398.0,1398.0,0.0,0.0,0.0
2017-08-17 21:00:00,1398.0,1398.0,1398.0,1398.0,0.0,0.0,0.0
2017-08-17 21:05:00,1398.0,1398.0,1398.0,1398.0,0.0,0.0,0.0
2017-08-17 21:10:00,1398.0,1398.0,1398.0,1398.0,0.0,0.0,0.0
2017-08-17 21:15:00,1398.0,1398.0,1398.0,1398.0,0.0,0.0,0.0
2017-08-17 21:20:00,1398.0,1398.0,1398.0,1398.0,0.0,0.0,0.0
2017-08-17 21:25:00,1398.0,1398.0,1398.0,1398.0,0.0,0.0,0.0
2017-08-17 21:30:00,1398.0,1398.0,1398.0,1398.0,0.0,0.0,0.0
2017-08-17 21:35:00,1398.0,1398.0,1398.0,1398.0,0.0,0.0,0.0
2017-08-17 21:40:00,1398.0,1398.0,1398.0,1398.0,0.0,0.0,0.0
2017-08-17 21:45:00,1398.0,1398.0,1398.0,1398.0,0.0,0.0,0.0
2017-08-17 21:50:00,1398.0,1398.0,1398.0,1398.0,0.0,0.0,0.0
2017-08-17 21:55:00,1398.0,1398.0,1398.0,1398.0,0.0,0.0,0.0
2017-08-17 22:00:00,1398.0,1398.0,1398.0,1398.0,0.0,0.0,0.0
2017-08-17 22:05:00,1398.0,1398.0,1398.0,1398.0,0.0,0.0,0.0
2017-08-17 22:10:00,1398.0,1398.0,1398.0,1398.0,0.0,0.0,0.0
2017-08-17 22:15:00,1398.0,1398.0,1398.0,1398.0,0.0,0.0,0.0
2017-08-17 22:20:00,1398.0,1398.0,1398.0,1398.0,0.0,0.0,0.0
2017-08-17 22:25:00,1398.0,1398.0,1398.0,1398.0,0.0,0.0,0.0
2017-08-17 22:30:00,1398.0,1398.0,1398.0,1398.0,0.0,0.0,0.0
2017-08-17 22:35:00,1398.0,1398.0,1398.0,1398.0,0.0,0.0,0.0
2017-08-17 22:40:00,1398.0,1398.0,1398.0,1398.0,0.0,0.0,0.0
2017-08-17 22:45:00,1398.0,1398.0,1398.0,1398.0,0.0,0.0,0.0
2017-08-17 22:50:00,1398.0,1398.0,1398.0,1398.0,0.0,0.0,0.0
2017-08-17 22:55:00,1398.0,1398.0,1398.0,1398.0,0.0,0.0,0.0
2017-08-17 23:00:00,1398.0,1398.0,1398.0,1398.0,0.0,0.0,0.0
2017-08-17 23:05:00,1398.0,1398.0,1398.0,1398.0,0.0,0.0,0.0
2017-08-17 23:10:00,1398.0,1398.0,1398.0,1398.0,0.0,0.0,0.0
2017-08-17 23:15:00,1398.0,1398.0,1398.0,1398.0,0.0,0.0,0.0
2017-08-17 23:20:00,1398.0,1398.0,1398.0,1398.0,0.0,0.0,0.0
2017-08-17 23:25:00,1398.0,1398.0,1398.0,1398.0,0.0,0.0,0.0
2017-08-18 09:00:00,1398.0,1398.0,1398.0,1398.0,0.0,0.0,0.0
2017-08-18 09:05:00,1398.0,1398.0,1398.0,1398.0,0.0,0.0,0.0
2017-08-18 09:10:00,1398.0,1398.0,1398.0,1398.0,0.0,0.0,0.0
2017-08-18 09:15:00,1398.0,1398.0,1398.0,1398.0,0.0,0.0,0.0
2017-08-18 09:20:00,1398.0,1398.0,1398.0,1398.0,0.0,0.0,0.0
2017-08-18 09:25:00,1398.0,1398.0,1398.0,1398.0,0.0,0.0,0.0
2017-08-18 09:30:00,1398.0,1398.0,1398.0,1398.0,0.0,0.0,0.0
2017-08-18 09:35:00,1398.0,1398.0,1398.0,1398.0,0.0,0.0,0.0
2017-08-18 09:40:00,1398.0,1398.0,1398.0,1398.0,0.0,0.0,0.0
2017-08-18 09:45:00,1398.0,1398.0,1398.0,1398.0,0.0,0.0,0.0
2017-08-18 09:50:00,1398.0,1398.0,1398.0,1398.0,0.0,0.0,0.0
2017-08-18 09:55:00,1398.0,1398.0,1398.0,1398.0,0.0,0.0,0.0
2017-08-18 10:00:00,1398.0,1398.0,1398.0,1398.0,0.0,0.0,0.0
2017-08-18 10:05:00,1398.0,1398.0,1398.0,1398.0,0.0,0.0,0.0
2017-08-18 10:10:00,1398.0,1398.0,1398.0,1398.0,0.0,0.0,0.0
2017-08-18 10:30:00,1398.0,1398.0,1398.0,1398.0,0.0,0.0,0.0
2017-08-18 10:35:00,1398.0,1398.0,1398.0,1398.0,0.0,0.0,0.0
2017-08-18 10:40:00,1398.0,1398.0,1398.0,1398.0,0.0,0.0,0.0
2017-08-18 10:45:00,1398.0,1398.0,1398.0,1398.0,0.0,0.0,0.0
2017-08-18 10:50:00,1398.0,1398.0,1398.0,1398.0,0.0,0.0,0.0
2017-08-18 10:55:00,1398.0,1398.0,1398.0,1398.0,0.0,0.0,0.0
2017-08-18 11:00:00,1398.0,1398.0,1398.0,1398.0,0.0,0.0,0.0
2017-08-18 11:05:00,1398.0,1398.0,1398.0,1398.0,0.0,0.0,0.0
2017-08-18 11:10:00,1398.0,1398.0,1398.0,1398.0,0.0,0.0,0.0
2017-08-18 11:15:00,1398.0,1398.0,1398.0,1398.0,0.0,0.0,0.0
2017-08-18 11:20:00,1398.0,1398.0,1398.0,1398.0,0.0,0.0,0.0
2017-08-18 11:25:00,1398.0,1398.0,1398.0,1398.0,0.0,0.0,0.0
2017-08-18 13:30:00,1398.0,1398.0,1398.0,1398.0,0.0,0.0,0.0
2017-08-18 13:35:00,1398.0,1398.0,1398.0,1398.0,0.0,0.0,0.0
2017-08-18 13:40:00,1398.0,1398.0,1398.0,1398.0,0.0,0.0,0.0
2017-08-18 13:45:00,1398.0,1398.0,1398.0,1398.0,0.0,0.0,0.0
2017-08-18 13:50:00,1398.0,1398.0,1398.0,1398.0,0.0,0.0,0.0
2017-08-18 13:55:00,1398.0,1398.0,1398.0,1398.0,0.0,0.0,0.0
2017-08-18 14:00:00,1398.0,1398.0,1398.0,1398.0,0.0,0.0,0.0
2017-08-18 14:05:00,1398.0,1398.0,1398.0,1398.0,0.0,0.0,0.0
2017-08-18 14:10:00,1398.0,1398.0,1398.0,1398.0,0.0,0.0,0.0
2017-08-18 14:15:00,1398.0,1398.0,1398.0,1398.0,0.0,0.0,0.0
2017-08-18 14:20:00,1398.0,1398.0,1398.0,1398.0,0.0,0.0,0.0
2017-08-18 14:25:00,1398.0,1398.0,1398.0,1398.0,0.0,0.0,0.0
2017-08-18 14:30:00,1398.0,1398.0,1398.0,1398.0,0.0,0.0,0.0
2017-08-18 14:35:00,1398.0,1398.0,1398.0,1398.0,0.0,0.0,0.0
2017-08-18 14:40:00,1398.0,1398.0,1398.0,1398.0,0.0,0.0,0.0
2017-08-18 14:45:00,1398.0,1398.0,1398.0,1398.0,0.0,0.0,0.0
2017-08-18 14:50:00,1398.0,1398.0,1398.0,1398.0,0.0,0.0,0.0
2017-08-18 14:55:00,1398.0,1398.0,1398.0,1398.0,0.0,0.0,0.0
2017-08-18 21:00:00,1399.0,1399.0,1399.0,1399.0,0.0,0.0,0.0
2017-08-18 21:05:00,1399.0,1399.0,1399.0,1399.0,0.0,0.0,0.0
2017-08-18 21:10:00,1399.0,1399.0,1399.0,1399.0,0.0,0.0,0.0
2017-08-18 21:15:00,1399.0,1399.0,1399.0,1399.0,0.0,0.0,0.0
2017-08-18 21:20:00,1399.0,1399.0,1399.0,1399.0,0.0,0.0,0.0
2017-08-18 21:25:00,1399.0,1399.0,1399.0,1399.0,0.0,0.0,0.0
2017-08-18 21:30:00,1399.0,1399.0,1399.0,1399.0,0.0,0.0,0.0
2017-08-18 21:35:00,1399.0,1399.0,1399.0,1399.0,0.0,0.0,0.0
2017-08-18 21:40:00,1399.0,1399.0,1399.0,1399.0,0.0,0.0,0.0
2017-08-18 21:45:00,1399.0,1399.0,1399.0,1399.0,0.0,0.0,0.0
2017-08-18 21:50:00,1399.0,1399.0,1399.0,1399.0,0.0,0.0,0.0
2017-08-18 21:55:00,1399.0,1399.0,1399.0,1399.0,0.0,0.0,0.0
2017-08-18 22:00:00,1399.0,1399.0,1399.0,1399.0,0.0,0.0,0.0
2017-08-18 22:05:00,1399.0,1399.0,1399.0,1399.0,0.0,0.0,0.0
2017-08-18 22:10:00,1399.0,1399.0,1399.0,1399.0,0.0,0.0,0.0
2017-08-18 22:15:00,1399.0,1399.0,1399.0,1399.0,0.0,0.0,0.0
2017-08-18 22:20:00,1399.0,1399.0,1399.0,1399.0,0.0,0.0,0.0
2017-08-18 22:25:00,1399.0,1399.0,1399.0,1399.0,0.0,0.0,0.0
2017-08-18 22:30:00,1399.0,1399.0,1399.0,1399.0,0.0,0.0,0.0
2017-08-18 22:35:00,1399.0,1399.0,1399.0,1399.0,0.0,0.0,0.0
2017-08-18 22:40:00,1399.0,1399.0,1399.0,1399.0,0.0,0.0,0.0
2017-08-18 22:45:00,1399.0,1399.0,1399.0,1399.0,0.0,0.0,0.0
2017-08-18 22:50:00,1399.0,1399.0,1399.0,1399.0,0.0,0.0,0.0
2017-08-18 22:55:00,1399.0,1399.0,1399.0,1399.0,0.0,0.0,0.0
2017-08-18 23:00:00,1399.0,1399.0,1399.0,1399.0,0.0,0.0,0.0
2017-08-18 23:05:00,1399.0,1399.0,1399.0,1399.0,0.0,0.0,0.0
2017-08-18 23:10:00,1399.0,1399.0,1399.0,1399.0,0.0,0.0,0.0
2017-08-18 23:15:00,1399.0,1399.0,1399.0,1399.0,0.0,0.0,0.0
2017-08-18 23:20:00,1399.0,1399.0,1399.0,1399.0,0.0,0.0,0.0
2017-08-18 23:25:00,1399.0,1399.0,1399.0,1399.0,0.0,0.0,0.0
2017-08-21 09:00:00,1399.0,1399.0,1399.0,1399.0,0.0,0.0,0.0
2017-08-21 09:05:00,1399.0,1399.0,1399.0,1399.0,0.0,0.0,0.0
2017-08-21 09:10:00,1399.0,1399.0,1399.0,1399.0,0.0,0.0,0.0
2017-08-21 09:15:00,1399.0,1399.0,1399.0,1399.0,0.0,0.0,0.0
2017-08-21 09:20:00,1399.0,1399.0,1399.0,1399.0,0.0,0.0,0.0
2017-08-21 09:25:00,1399.0,1399.0,1399.0,1399.0,0.0,0.0,0.0
2017-08-21 09:30:00,1399.0,1399.0,1399.0,1399.0,0.0,0.0,0.0
2017-08-21 09:35:00,1399.0,1399.0,1399.0,1399.0,0.0,0.0,0.0
2017-08-21 09:40:00,1399.0,1399.0,1399.0,1399.0,0.0,0.0,0.0
2017-08-21 09:45:00,1399.0,1399.0,1399.0,1399.0,0.0,0.0,0.0
2017-08-21 09:50:00,1399.0,1399.0,1399.0,1399.0,0.0,0.0,0.0
2017-08-21 09:55:00,1399.0,1399.0,1399.0,1399.0,0.0,0.0,0.0
2017-08-21 10:00:00,1399.0,1399.0,1399.0,1399.0,0.0,0.0,0.0
2017-08-21 10:05:00,1399.0,1399.0,1399.0,1399.0,0.0,0.0,0.0
2017-08-21 10:10:00,1399.0,1399.0,1399.0,1399.0,0.0,0.0,0.0
2017-08-21 10:30:00,1399.0,1399.0,1399.0,1399.0,0.0,0.0,0.0
2017-08-21 10:35:00,1399.0,1399.0,1399.0,1399.0,0.0,0.0,0.0
2017-08-21 10:40:00,1399.0,1399.0,1399.0,1399.0,0.0,0.0,0.0
2017-08-21 10:45:00,1399.0,1399.0,1399.0,1399.0,0.0,0.0,0.0
2017-08-21 10:50:00,1399.0,1399.0,1399.0,1399.0,0.0,0.0,0.0
2017-08-21 10:55:00,1399.0,1399.0,1399.0,1399.0,0.0,0.0,0.0
2017-08-21 11:00:00,1399.0,1399.0,1399.0,1399.0,0.0,0.0,0.0
2017-08-21 11:05:00,1399.0,1399.0,1399.0,1399.0,0.0,0.0,0.0
2017-08-21 11:10:00,1399.0,1399.0,1399.0,1399.0,0.0,0.0,0.0
2017-08-21 11:15:00,1399.0,1399.0,1399.0,1399.0,0.0,0.0,0.0
2017-08-21 11:20:00,1399.0,1399.0,1399.0,1399.0,0.0,0.0,0.0
2017-08-21 11:25:00,1399.0,1399.0,1399.0,1399.0,0.0,0.0,0.0
2017-08-21 13:30:00,1399.0,1399.0,1399.0,1399.0,0.0,0.0,0.0
2017-08-21 13:35:00,1399.0,1399.0,1399.0,1399.0,0.0,0.0,0.0
2017-08-21 13:40:00,1399.0,1399.0,1399.0,1399.0,0.0,0.0,0.0
2017-08-21 13:45:00,1399.0,1399.0,1399.0,1399.0,0.0,0.0,0.0
2017-08-21 13:50:00,1399.0,1399.0,1399.0,1399.0,0.0,0.0,0.0
2017-08-21 13:55:00,1399.0,1399.0,1399.0,1399.0,0.0,0.0,0.0
2017-08-21 14:00:00,1399.0,1399.0,1399.0,1399.0,0.0,0.0,0.0
2017-08-21 14:05:00,1399.0,1399.0,1399.0,1399.0,0.0,0.0,0.0
2017-08-21 14:10:00,1399.0,1399.0,1399.0,1399.0,0.0,0.0,0.0
2017-08-21 14:15:00,1399.0,1399.0,1399.0,1399.0,0.0,0.0,0.0
2017-08-21 14:20:00,1399.0,1399.0,1399.0,1399.0,0.0,0.0,0.0
2017-08-21 14:25:00,1399.0,1399.0,1399.0,1399.0,0.0,0.0,0.0
2017-08-21 14:30:00,1399.0,1399.0,1399.0,1399.0,0.0,0.0,0.0
2017-08-21 14:35:00,1399.0,1399.0,1399.0,1399.0,0.0,0.0,0.0
2017-08-21 14:40:00,1399.0,1399.0,1399.0,1399.0,0.0,0.0,0.0
2017-08-21 14:45:00,1399.0,1399.0,1399.0,1399.0,0.0,0.0,0.0
2017-08-21 14:50:00,1399.0,1399.0,1399.0,1399.0,0.0,0.0,0.0
2017-08-21 14:55:00,1399.0,1399.0,1399.0,1399.0,0.0,0.0,0.0
2017-08-21 21:00:00,1409.0,1409.0,1409.0,1409.0,0.0,0.0,0.0
2017-08-21 21:05:00,1409.0,1409.0,1409.0,1409.0,0.0,0.0,0.0
2017-08-21 21:10:00,1409.0,1409.0,1409.0,1409.0,0.0,0.0,0.0
2017-08-21 21:15:00,1409.0,1409.0,1409.0,1409.0,0.0,0.0,0.0
2017-08-21 21:20:00,1409.0,1409.0,1409.0,1409.0,0.0,0.0,0.0
2017-08-21 21:25:00,1409.0,1409.0,1409.0,1409.0,0.0,0.0,0.0
2017-08-21 21:30:00,1409.0,1409.0,1409.0,1409.0,0.0,0.0,0.0
2017-08-21 21:35:00,1409.0,1409.0,1409.0,1409.0,0.0,0.0,0.0
2017-08-21 21:40:00,1409.0,1409.0,1409.0,1409.0,0.0,0.0,0.0
2017-08-21 21:45:00,1409.0,1409.0,1409.0,1409.0,0.0,0.0,0.0
2017-08-21 21:50:00,1409.0,1409.0,1409.0,1409.0,0.0,0.0,0.0
2017-08-21 21:55:00,1409.0,1409.0,1409.0,1409.0,0.0,0.0,0.0
2017-08-21 22:00:00,1409.0,1409.0,1409.0,1409.0,0.0,0.0,0.0
2017-08-21 22:05:00,1409.0,1409.0,1409.0,1409.0,0.0,0.0,0.0
2017-08-21 22:10:00,1409.0,1409.0,1409.0,1409.0,0.0,0.0,0.0
2017-08-21 22:15:00,1409.0,1409.0,1409.0,1409.0,0.0,0.0,0.0
2017-08-21 22:20:00,1409.0,1409.0,1409.0,1409.0,0.0,0.0,0.0
2017-08-21 22:25:00,1409.0,1409.0,1409.0,1409.0,0.0,0.0,0.0
2017-08-21 22:30:00,1409.0,1409.0,1409.0,1409.0,0.0,0.0,0.0
2017-08-21 22:35:00,1409.0,1409.0,1409.0,1409.0,0.0,0.0,0.0
2017-08-21 22:40:00,1409.0,1409.0,1409.0,1409.0,0.0,0.0,0.0
2017-08-21 22:45:00,1409.0,1409.0,1409.0,1409.0,0.0,0.0,0.0
2017-08-21 22:50:00,1409.0,1409.0,1409.0,1409.0,0.0,0.0,0.0
2017-08-21 22:55:00,1409.0,1409.0,1409.0,1409.0,0.0,0.0,0.0
2017-08-21 23:00:00,1409.0,1409.0,1409.0,1409.0,0.0,0.0,0.0
2017-08-21 23:05:00,1409.0,1409.0,1409.0,1409.0,0.0,0.0,0.0
2017-08-21 23:10:00,1409.0,1409.0,1409.0,1409.0,0.0,0.0,0.0
2017-08-21 23:15:00,1409.0,1409.0,1409.0,1409.0,0.0,0.0,0.0
2017-08-21 23:20:00,1409.0,1409.0,1409.0,1409.0,0.0,0.0,0.0
2017-08-21 23:25:00,1409.0,1409.0,1409.0,1409.0,0.0,0.0,0.0
2017-08-22 09:00:00,1409.0,1409.0,1409.0,1409.0,0.0,0.0,0.0
2017-08-22 09:05:00,1409.0,1409.0,1409.0,1409.0,0.0,0.0,0.0
2017-08-22 09:10:00,1409.0,1409.0,1409.0,1409.0,0.0,0.0,0.0
2017-08-22 09:15:00,1409.0,1409.0,1409.0,1409.0,0.0,0.0,0.0
2017-08-22 09:20:00,1409.0,1409.0,1409.0,1409.0,0.0,0.0,0.0
2017-08-22 09:25:00,1409.0,1409.0,1409.0,1409.0,0.0,0.0,0.0
2017-08-22 09:30:00,1409.0,1409.0,1409.0,1409.0,0.0,0.0,0.0
2017-08-22 09:35:00,1409.0,1409.0,1409.0,1409.0,0.0,0.0,0.0
2017-08-22 09:40:00,1409.0,1409.0,1409.0,1409.0,0.0,0.0,0.0
2017-08-22 09:45:00,1409.0,1409.0,1409.0,1409.0,0.0,0.0,0.0
2017-08-22 09:50:00,1409.0,1409.0,1409.0,1409.0,0.0,0.0,0.0
2017-08-22 09:55:00,1409.0,1409.0,1409.0,1409.0,0.0,0.0,0.0
2017-08-22 10:00:00,1409.0,1409.0,1409.0,1409.0,0.0,0.0,0.0
2017-08-22 10:05:00,1409.0,1409.0,1409.0,1409.0,0.0,0.0,0.0
2017-08-22 10:10:00,1409.0,1409.0,1409.0,1409.0,0.0,0.0,0.0
2017-08-22 10:30:00,1409.0,1409.0,1409.0,1409.0,0.0,0.0,0.0
2017-08-22 10:35:00,1409.0,1409.0,1409.0,1409.0,0.0,0.0,0.0
2017-08-22 10:40:00,1409.0,1409.0,1409.0,1409.0,0.0,0.0,0.0
2017-08-22 10:45:00,1409.0,1409.0,1409.0,1409.0,0.0,0.0,0.0
2017-08-22 10:50:00,1409.0,1409.0,1409.0,1409.0,0.0,0.0,0.0
2017-08-22 10:55:00,1409.0,1409.0,1409.0,1409.0,0.0,0.0,0.0
2017-08-22 11:00:00,1409.0,1409.0,1409.0,1409.0,0.0,0.0,0.0
2017-08-22 11:05:00,1409.0,1409.0,1409.0,1409.0,0.0,0.0,0.0
2017-08-22 11:10:00,1409.0,1409.0,1409.0,1409.0,0.0,0.0,0.0
2017-08-22 11:15:00,1409.0,1409.0,1409.0,1409.0,0.0,0.0,0.0
2017-08-22 11:20:00,1409.0,1409.0,1409.0,1409.0,0.0,0.0,0.0
2017-08-22 11:25:00,1409.0,1409.0,1409.0,1409.0,0.0,0.0,0.0
2017-08-22 13:30:00,1409.0,1409.0,1409.0,1409.0,0.0,0.0,0.0
2017-08-22 13:35:00,1409.0,1409.0,1409.0,1409.0,0.0,0.0,0.0
2017-08-22 13:40:00,1409.0,1409.0,1409.0,1409.0,0.0,0.0,0.0
2017-08-22 13:45:00,1409.0,1409.0,1409.0,1409.0,0.0,0.0,0.0
2017-08-22 13:50:00,1409.0,1409.0,1409.0,1409.0,0.0,0.0,0.0
2017-08-22 13:55:00,1409.0,1409.0,1409.0,1409.0,0.0,0.0,0.0
2017-08-22 14:00:00,1409.0,1409.0,1409.0,1409.0,0.0,0.0,0.0
2017-08-22 14:05:00,1409.0,1409.0,1409.0,1409.0,0.0,0.0,0.0
2017-08-22 14:10:00,1409.0,1409.0,1409.0,1409.0,0.0,0.0,0.0
2017-08-22 14:15:00,1409.0,1409.0,1409.0,1409.0,0.0,0.0,0.0
2017-08-22 14:20:00,1409.0,1409.0,1409.0,1409.0,0.0,0.0,0.0
2017-08-22 14:25:00,1409.0,1409.0,1409.0,1409.0,0.0,0.0,0.0
2017-08-22 14:30:00,1409.0,1409.0,1409.0,1409.0,0.0,0.0,0.0
2017-08-22 14:35:00,1409.0,1409.0,1409.0,1409.0,0.0,0.0,0.0
2017-08-22 14:40:00,1409.0,1409.0,1409.0,1409.0,0.0,0.0,0.0
2017-08-22 14:45:00,1409.0,1409.0,1409.0,1409.0,0.0,0.0,0.0
2017-08-22 14:50:00,1409.0,1409.0,1409.0,1409.0,0.0,0.0,0.0
2017-08-22 14:55:00,1409.0,1409.0,1409.0,1409.0,0.0,0.0,0.0
2017-08-22 21:00:00,1409.0,1409.0,1409.0,1409.0,0.0,0.0,0.0
2017-08-22 21:05:00,1409.0,1409.0,1409.0,1409.0,0.0,0.0,0.0
2017-08-22 21:10:00,1409.0,1409.0,1409.0,1409.0,0.0,0.0,0.0
2017-08-22 21:15:00,1409.0,1409.0,1409.0,1409.0,0.0,0.0,0.0
2017-08-22 21:20:00,1409.0,1409.0,1409.0,1409.0,0.0,0.0,0.0
2017-08-22 21:25:00,1409.0,1409.0,1409.0,1409.0,0.0,0.0,0.0
2017-08-22 21:30:00,1409.0,1409.0,1409.0,1409.0,0.0,0.0,0.0
2017-08-22 21:35:00,1409.0,1409.0,1409.0,1409.0,0.0,0.0,0.0
2017-08-22 21:40:00,1409.0,1409.0,1409.0,1409.0,0.0,0.0,0.0
2017-08-22 21:45:00,1409.0,1409.0,1409.0,1409.0,0.0,0.0,0.0
2017-08-22 21:50:00,1409.0,1409.0,1409.0,1409.0,0.0,0.0,0.0
2017-08-22 21:55:00,1409.0,1409.0,1409.0,1409.0,0.0,0.0,0.0
2017-08-22 22:00:00,1409.0,1409.0,1409.0,1409.0,0.0,0.0,0.0
2017-08-22 22:05:00,1409.0,1409.0,1409.0,1409.0,0.0,0.0,0.0
2017-08-22 22:10:00,1409.0,1409.0,1409.0,1409.0,0.0,0.0,0.0
2017-08-22 22:15:00,1409.0,1409.0,1409.0,1409.0,0.0,0.0,0.0
2017-08-22 22:20:00,1409.0,1409.0,1409.0,1409.0,0.0,0.0,0.0
2017-08-22 22:25:00,1409.0,1409.0,1409.0,1409.0,0.0,0.0,0.0
2017-08-22 22:30:00,1409.0,1409.0,1409.0,1409.0,0.0,0.0,0.0
2017-08-22 22:35:00,1409.0,1409.0,1409.0,1409.0,0.0,0.0,0.0
2017-08-22 22:40:00,1409.0,1409.0,1409.0,1409.0,0.0,0.0,0.0
2017-08-22 22:45:00,1409.0,1409.0,1409.0,1409.0,0.0,0.0,0.0
2017-08-22 22:50:00,1409.0,1409.0,1409.0,1409.0,0.0,0.0,0.0
2017-08-22 22:55:00,1409.0,1409.0,1409.0,1409.0,0.0,0.0,0.0
2017-08-22 23:00:00,1409.0,1409.0,1409.0,1409.0,0.0,0.0,0.0
2017-08-22 23:05:00,1409.0,1409.0,1409.0,1409.0,0.0,0.0,0.0
2017-08-22 23:10:00,1409.0,1409.0,1409.0,1409.0,0.0,0.0,0.0
2017-08-22 23:15:00,1409.0,1409.0,1409.0,1409.0,0.0,0.0,0.0
2017-08-22 23:20:00,1409.0,1409.0,1409.0,1409.0,0.0,0.0,0.0
2017-08-22 23:25:00,1409.0,1409.0,1409.0,1409.0,0.0,0.0,0.0
2017-08-23 09:00:00,1409.0,1409.0,1409.0,1409.0,0.0,0.0,0.0
2017-08-23 09:05:00,1409.0,1409.0,1409.0,1409.0,0.0,0.0,0.0
2017-08-23 09:10:00,1409.0,1409.0,1409.0,1409.0,0.0,0.0,0.0
2017-08-23 09:15:00,1409.0,1409.0,1409.0,1409.0,0.0,0.0,0.0
2017-08-23 09:20:00,1409.0,1409.0,1409.0,1409.0,0.0,0.0,0.0
2017-08-23 09:25:00,1409.0,1409.0,1409.0,1409.0,0.0,0.0,0.0
2017-08-23 09:30:00,1409.0,1409.0,1409.0,1409.0,0.0,0.0,0.0
2017-08-23 09:35:00,1409.0,1409.0,1409.0,1409.0,0.0,0.0,0.0
2017-08-23 09:40:00,1409.0,1409.0,1409.0,1409.0,0.0,0.0,0.0
2017-08-23 09:45:00,1409.0,1409.0,1409.0,1409.0,0.0,0.0,0.0
2017-08-23 09:50:00,1409.0,1409.0,1409.0,1409.0,0.0,0.0,0.0
2017-08-23 09:55:00,1409.0,1409.0,1409.0,1409.0,0.0,0.0,0.0
2017-08-23 10:00:00,1409.0,1409.0,1409.0,1409.0,0.0,0.0,0.0
2017-08-23 10:05:00,1409.0,1409.0,1409.0,1409.0,0.0,0.0,0.0
2017-08-23 10:10:00,1409.0,1409.0,1409.0,1409.0,0.0,0.0,0.0
2017-08-23 10:30:00,1409.0,1409.0,1409.0,1409.0,0.0,0.0,0.0
2017-08-23 10:35:00,1409.0,1409.0,1409.0,1409.0,0.0,0.0,0.0
2017-08-23 10:40:00,1409.0,1409.0,1409.0,1409.0,0.0,0.0,0.0
2017-08-23 10:45:00,1409.0,1409.0,1409.0,1409.0,0.0,0.0,0.0
2017-08-23 10:50:00,1409.0,1409.0,1409.0,1409.0,0.0,0.0,0.0
2017-08-23 10:55:00,1409.0,1409.0,1409.0,1409.0,0.0,0.0,0.0
2017-08-23 11:00:00,1409.0,1409.0,1409.0,1409.0,0.0,0.0,0.0
2017-08-23 11:05:00,1409.0,1409.0,1409.0,1409.0,0.0,0.0,0.0
2017-08-23 11:10:00,1409.0,1409.0,1409.0,1409.0,0.0,0.0,0.0
2017-08-23 11:15:00,1409.0,1409.0,1409.0,1409.0,0.0,0.0,0.0
2017-08-23 11:20:00,1409.0,1409.0,1409.0,1409.0,0.0,0.0,0.0
2017-08-23 11:25:00,1409.0,1409.0,1409.0,1409.0,0.0,0.0,0.0
2017-08-23 13:30:00,1409.0,1409.0,1409.0,1409.0,0.0,0.0,0.0
2017-08-23 13:35:00,1409.0,1409.0,1409.0,1409.0,0.0,0.0,0.0
2017-08-23 13:40:00,1409.0,1409.0,1409.0,1409.0,0.0,0.0,0.0
2017-08-23 13:45:00,1409.0,1409.0,1409.0,1409.0,0.0,0.0,0.0
2017-08-23 13:50:00,1409.0,1409.0,1409.0,1409.0,0.0,0.0,0.0
2017-08-23 13:55:00,1409.0,1409.0,1409.0,1409.0,0.0,0.0,0.0
2017-08-23 14:00:00,1409.0,1409.0,1409.0,1409.0,0.0,0.0,0.0
2017-08-23 14:05:00,1409.0,1409.0,1409.0,1409.0,0.0,0.0,0.0
2017-08-23 14:10:00,1409.0,1409.0,1409.0,1409.0,0.0,0.0,0.0
2017-08-23 14:15:00,1409.0,1409.0,1409.0,1409.0,0.0,0.0,0.0
2017-08-23 14:20:00,1409.0,1409.0,1409.0,1409.0,0.0,0.0,0.0
2017-08-23 14:25:00,1409.0,1409.0,1409.0,1409.0,0.0,0.0,0.0
2017-08-23 14:30:00,1409.0,1409.0,1409.0,1409.0,0.0,0.0,0.0
2017-08-23 14:35:00,1409.0,1409.0,1409.0,1409.0,0.0,0.0,0.0
2017-08-23 14:40:00,1409.0,1409.0,1409.0,1409.0,0.0,0.0,0.0
2017-08-23 14:45:00,1409.0,1409.0,1409.0,1409.0,0.0,0.0,0.0
2017-08-23 14:50:00,1409.0,1409.0,1409.0,1409.0,0.0,0.0,0.0
2017-08-23 14:55:00,1409.0,1409.0,1409.0,1409.0,0.0,0.0,0.0
2017-08-23 21:00:00,1409.0,1409.0,1409.0,1409.0,0.0,0.0,0.0
2017-08-23 21:05:00,1409.0,1409.0,1409.0,1409.0,0.0,0.0,0.0
2017-08-23 21:10:00,1409.0,1409.0,1409.0,1409.0,0.0,0.0,0.0
2017-08-23 21:15:00,1409.0,1409.0,1409.0,1409.0,0.0,0.0,0.0
2017-08-23 21:20:00,1409.0,1409.0,1409.0,1409.0,0.0,0.0,0.0
2017-08-23 21:25:00,1409.0,1409.0,1409.0,1409.0,0.0,0.0,0.0
2017-08-23 21:30:00,1409.0,1409.0,1409.0,1409.0,0.0,0.0,0.0
2017-08-23 21:35:00,1409.0,1409.0,1409.0,1409.0,0.0,0.0,0.0
2017-08-23 21:40:00,1409.0,1409.0,1409.0,1409.0,0.0,0.0,0.0
2017-08-23 21:45:00,1409.0,1409.0,1409.0,1409.0,0.0,0.0,0.0
2017-08-23 21:50:00,1409.0,1409.0,1409.0,1409.0,0.0,0.0,0.0
2017-08-23 21:55:00,1409.0,1409.0,1409.0,1409.0,0.0,0.0,0.0
2017-08-23 22:00:00,1409.0,1409.0,1409.0,1409.0,0.0,0.0,0.0
2017-08-23 22:05:00,1409.0,1409.0,1409.0,1409.0,0.0,0.0,0.0
2017-08-23 22:10:00,1409.0,1409.0,1409.0,1409.0,0.0,0.0,0.0
2017-08-23 22:15:00,1409.0,1409.0,1409.0,1409.0,0.0,0.0,0.0
2017-08-23 22:20:00,1409.0,1409.0,1409.0,1409.0,0.0,0.0,0.0
2017-08-23 22:25:00,1409.0,1409.0,1409.0,1409.0,0.0,0.0,0.0
2017-08-23 22:30:00,1409.0,1409.0,1409.0,1409.0,0.0,0.0,0.0
2017-08-23 22:35:00,1409.0,1409.0,1409.0,1409.0,0.0,0.0,0.0
2017-08-23 22:40:00,1409.0,1409.0,1409.0,1409.0,0.0,0.0,0.0
2017-08-23 22:45:00,1409.0,1409.0,1409.0,1409.0,0.0,0.0,0.0
2017-08-23 22:50:00,1409.0,1409.0,1409.0,1409.0,0.0,0.0,0.0
2017-08-23 22:55:00,1409.0,1409.0,1409.0,1409.0,0.0,0.0,0.0
2017-08-23 23:00:00,1409.0,1409.0,1409.0,1409.0,0.0,0.0,0.0
2017-08-23 23:05:00,1409.0,1409.0,1409.0,1409.0,0.0,0.0,0.0
2017-08-23 23:10:00,1409.0,1409.0,1409.0,1409.0,0.0,0.0,0.0
2017-08-23 23:15:00,1409.0,1409.0,1409.0,1409.0,0.0,0.0,0.0
2017-08-23 23:20:00,1409.0,1409.0,1409.0,1409.0,0.0,0.0,0.0
2017-08-23 23:25:00,1409.0,1409.0,1409.0,1409.0,0.0,0.0,0.0
2017-08-24 09:00:00,1409.0,1409.0,1409.0,1409.0,0.0,0.0,0.0
2017-08-24 09:05:00,1409.0,1409.0,1409.0,1409.0,0.0,0.0,0.0
2017-08-24 09:10:00,1409.0,1409.0,1409.0,1409.0,0.0,0.0,0.0
2017-08-24 09:15:00,1409.0,1409.0,1409.0,1409.0,0.0,0.0,0.0
2017-08-24 09:20:00,1409.0,1409.0,1409.0,1409.0,0.0,0.0,0.0
2017-08-24 09:25:00,1409.0,1409.0,1409.0,1409.0,0.0,0.0,0.0
2017-08-24 09:30:00,1409.0,1409.0,1409.0,1409.0,0.0,0.0,0.0
2017-08-24 09:35:00,1409.0,1409.0,1409.0,1409.0,0.0,0.0,0.0
2017-08-24 09:40:00,1409.0,1409.0,1409.0,1409.0,0.0,0.0,0.0
2017-08-24 09:45:00,1409.0,1409.0,1409.0,1409.0,0.0,0.0,0.0
2017-08-24 09:50:00,1409.0,1409.0,1409.0,1409.0,0.0,0.0,0.0
2017-08-24 09:55:00,1409.0,1409.0,1409.0,1409.0,0.0,0.0,0.0
2017-08-24 10:00:00,1409.0,1409.0,1409.0,1409.0,0.0,0.0,0.0
2017-08-24 10:05:00,1409.0,1409.0,1409.0,1409.0,0.0,0.0,0.0
2017-08-24 10:10:00,1409.0,1409.0,1409.0,1409.0,0.0,0.0,0.0
2017-08-24 10:30:00,1409.0,1409.0,1409.0,1409.0,0.0,0.0,0.0
2017-08-24 10:35:00,1409.0,1409.0,1409.0,1409.0,0.0,0.0,0.0
2017-08-24 10:40:00,1409.0,1409.0,1409.0,1409.0,0.0,0.0,0.0
2017-08-24 10:45:00,1409.0,1409.0,1409.0,1409.0,0.0,0.0,0.0
2017-08-24 10:50:00,1409.0,1409.0,1409.0,1409.0,0.0,0.0,0.0
2017-08-24 10:55:00,1409.0,1409.0,1409.0,1409.0,0.0,0.0,0.0
2017-08-24 11:00:00,1409.0,1409.0,1409.0,1409.0,0.0,0.0,0.0
2017-08-24 11:05:00,1409.0,1409.0,1409.0,1409.0,0.0,0.0,0.0
2017-08-24 11:10:00,1409.0,1409.0,1409.0,1409.0,0.0,0.0,0.0
2017-08-24 11:15:00,1409.0,1409.0,1409.0,1409.0,0.0,0.0,0.0
2017-08-24 11:20:00,1409.0,1409.0,1409.0,1409.0,0.0,0.0,0.0
2017-08-24 11:25:00,1409.0,1409.0,1409.0,1409.0,0.0,0.0,0.0
2017-08-24 13:30:00,1409.0,1409.0,1409.0,1409.0,0.0,0.0,0.0
2017-08-24 13:35:00,1409.0,1409.0,1409.0,1409.0,0.0,0.0,0.0
2017-08-24 13:40:00,1409.0,1409.0,1409.0,1409.0,0.0,0.0,0.0
2017-08-24 13:45:00,1409.0,1409.0,1409.0,1409.0,0.0,0.0,0.0
2017-08-24 13:50:00,1409.0,1409.0,1409.0,1409.0,0.0,0.0,0.0
2017-08-24 13:55:00,1409.0,1409.0,1409.0,1409.0,0.0,0.0,0.0
2017-08-24 14:00:00,1409.0,1409.0,1409.0,1409.0,0.0,0.0,0.0
2017-08-24 14:05:00,1409.0,1409.0,1409.0,1409.0,0.0,0.0,0.0
2017-08-24 14:10:00,1409.0,1409.0,1409.0,1409.0,0.0,0.0,0.0
2017-08-24 14:15:00,1409.0,1409.0,1409.0,1409.0,0.0,0.0,0.0
2017-08-24 14:20:00,1409.0,1409.0,1409.0,1409.0,0.0,0.0,0.0
2017-08-24 14:25:00,1409.0,1409.0,1409.0,1409.0,0.0,0.0,0.0
2017-08-24 14:30:00,1409.0,1409.0,1409.0,1409.0,0.0,0.0,0.0
2017-08-24 14:35:00,1409.0,1409.0,1409.0,1409.0,0.0,0.0,0.0
2017-08-24 14:40:00,1409.0,1409.0,1409.0,1409.0,0.0,0.0,0.0
2017-08-24 14:45:00,1409.0,1409.0,1409.0,1409.0,0.0,0.0,0.0
2017-08-24 14:50:00,1409.0,1409.0,1409.0,1409.0,0.0,0.0,0.0
2017-08-24 14:55:00,1409.0,1409.0,1409.0,1409.0,0.0,0.0,0.0
2017-08-24 21:00:00,1413.0,1413.0,1413.0,1413.0,0.0,0.0,0.0
2017-08-24 21:05:00,1413.0,1413.0,1413.0,1413.0,0.0,0.0,0.0
2017-08-24 21:10:00,1413.0,1413.0,1413.0,1413.0,0.0,0.0,0.0
2017-08-24 21:15:00,1413.0,1413.0,1413.0,1413.0,0.0,0.0,0.0
2017-08-24 21:20:00,1413.0,1413.0,1413.0,1413.0,0.0,0.0,0.0
2017-08-24 21:25:00,1413.0,1413.0,1413.0,1413.0,0.0,0.0,0.0
2017-08-24 21:30:00,1413.0,1413.0,1413.0,1413.0,0.0,0.0,0.0
2017-08-24 21:35:00,1413.0,1413.0,1413.0,1413.0,0.0,0.0,0.0
2017-08-24 21:40:00,1413.0,1413.0,1413.0,1413.0,0.0,0.0,0.0
2017-08-24 21:45:00,1413.0,1413.0,1413.0,1413.0,0.0,0.0,0.0
2017-08-24 21:50:00,1413.0,1413.0,1413.0,1413.0,0.0,0.0,0.0
2017-08-24 21:55:00,1413.0,1413.0,1413.0,1413.0,0.0,0.0,0.0
2017-08-24 22:00:00,1413.0,1413.0,1413.0,1413.0,0.0,0.0,0.0
2017-08-24 22:05:00,1413.0,1413.0,1413.0,1413.0,0.0,0.0,0.0
2017-08-24 22:10:00,1413.0,1413.0,1413.0,1413.0,0.0,0.0,0.0
2017-08-24 22:15:00,1413.0,1413.0,1413.0,1413.0,0.0,0.0,0.0
2017-08-24 22:20:00,1413.0,1413.0,1413.0,1413.0,0.0,0.0,0.0
2017-08-24 22:25:00,1413.0,1413.0,1413.0,1413.0,0.0,0.0,0.0
2017-08-24 22:30:00,1413.0,1413.0,1413.0,1413.0,0.0,0.0,0.0
2017-08-24 22:35:00,1413.0,1413.0,1413.0,1413.0,0.0,0.0,0.0
2017-08-24 22:40:00,1413.0,1413.0,1413.0,1413.0,0.0,0.0,0.0
2017-08-24 22:45:00,1413.0,1413.0,1413.0,1413.0,0.0,0.0,0.0
2017-08-24 22:50:00,1413.0,1413.0,1413.0,1413.0,0.0,0.0,0.0
2017-08-24 22:55:00,1413.0,1413.0,1413.0,1413.0,0.0,0.0,0.0
2017-08-24 23:00:00,1413.0,1413.0,1413.0,1413.0,0.0,0.0,0.0
2017-08-24 23:05:00,1413.0,1413.0,1413.0,1413.0,0.0,0.0,0.0
2017-08-24 23:10:00,1413.0,1413.0,1413.0,1413.0,0.0,0.0,0.0
2017-08-24 23:15:00,1413.0,1413.0,1413.0,1413.0,0.0,0.0,0.0
2017-08-24 23:20:00,1413.0,1413.0,1413.0,1413.0,0.0,0.0,0.0
2017-08-24 23:25:00,1413.0,1413.0,1413.0,1413.0,0.0,0.0,0.0
2017-08-25 09:00:00,1413.0,1413.0,1413.0,1413.0,0.0,0.0,0.0
2017-08-25 09:05:00,1413.0,1413.0,1413.0,1413.0,0.0,0.0,0.0
2017-08-25 09:10:00,1413.0,1413.0,1413.0,1413.0,0.0,0.0,0.0
2017-08-25 09:15:00,1413.0,1413.0,1413.0,1413.0,0.0,0.0,0.0
2017-08-25 09:20:00,1413.0,1413.0,1413.0,1413.0,0.0,0.0,0.0
2017-08-25 09:25:00,1413.0,1413.0,1413.0,1413.0,0.0,0.0,0.0
2017-08-25 09:30:00,1413.0,1413.0,1413.0,1413.0,0.0,0.0,0.0
2017-08-25 09:35:00,1413.0,1413.0,1413.0,1413.0,0.0,0.0,0.0
2017-08-25 09:40:00,1413.0,1413.0,1413.0,1413.0,0.0,0.0,0.0
2017-08-25 09:45:00,1413.0,1413.0,1413.0,1413.0,0.0,0.0,0.0
2017-08-25 09:50:00,1413.0,1413.0,1413.0,1413.0,0.0,0.0,0.0
2017-08-25 09:55:00,1413.0,1413.0,1413.0,1413.0,0.0,0.0,0.0
2017-08-25 10:00:00,1413.0,1413.0,1413.0,1413.0,0.0,0.0,0.0
2017-08-25 10:05:00,1413.0,1413.0,1413.0,1413.0,0.0,0.0,0.0
2017-08-25 10:10:00,1413.0,1413.0,1413.0,1413.0,0.0,0.0,0.0
2017-08-25 10:30:00,1413.0,1413.0,1413.0,1413.0,0.0,0.0,0.0
2017-08-25 10:35:00,1413.0,1413.0,1413.0,1413.0,0.0,0.0,0.0
2017-08-25 10:40:00,1413.0,1413.0,1413.0,1413.0,0.0,0.0,0.0
2017-08-25 10:45:00,1413.0,1413.0,1413.0,1413.0,0.0,0.0,0.0
2017-08-25 10:50:00,1413.0,1413.0,1413.0,1413.0,0.0,0.0,0.0
2017-08-25 10:55:00,1413.0,1413.0,1413.0,1413.0,0.0,0.0,0.0
2017-08-25 11:00:00,1413.0,1413.0,1413.0,1413.0,0.0,0.0,0.0
2017-08-25 11:05:00,1413.0,1413.0,1413.0,1413.0,0.0,0.0,0.0
2017-08-25 11:10:00,1413.0,1413.0,1413.0,1413.0,0.0,0.0,0.0
2017-08-25 11:15:00,1413.0,1413.0,1413.0,1413.0,0.0,0.0,0.0
2017-08-25 11:20:00,1413.0,1413.0,1413.0,1413.0,0.0,0.0,0.0
2017-08-25 11:25:00,1413.0,1413.0,1413.0,1413.0,0.0,0.0,0.0
2017-08-25 13:30:00,1413.0,1413.0,1413.0,1413.0,0.0,0.0,0.0
2017-08-25 13:35:00,1413.0,1413.0,1413.0,1413.0,0.0,0.0,0.0
2017-08-25 13:40:00,1413.0,1413.0,1413.0,1413.0,0.0,0.0,0.0
2017-08-25 13:45:00,1413.0,1413.0,1413.0,1413.0,0.0,0.0,0.0
2017-08-25 13:50:00,1413.0,1413.0,1413.0,1413.0,0.0,0.0,0.0
2017-08-25 13:55:00,1413.0,1413.0,1413.0,1413.0,0.0,0.0,0.0
2017-08-25 14:00:00,1413.0,1413.0,1413.0,1413.0,0.0,0.0,0.0
2017-08-25 14:05:00,1413.0,1413.0,1413.0,1413.0,0.0,0.0,0.0
2017-08-25 14:10:00,1413.0,1413.0,1413.0,1413.0,0.0,0.0,0.0
2017-08-25 14:15:00,1413.0,1413.0,1413.0,1413.0,0.0,0.0,0.0
2017-08-25 14:20:00,1413.0,1413.0,1413.0,1413.0,0.0,0.0,0.0
2017-08-25 14:25:00,1413.0,1413.0,1413.0,1413.0,0.0,0.0,0.0
2017-08-25 14:30:00,1413.0,1413.0,1413.0,1413.0,0.0,0.0,0.0
2017-08-25 14:35:00,1413.0,1413.0,1413.0,1413.0,0.0,0.0,0.0
2017-08-25 14:40:00,1413.0,1413.0,1413.0,1413.0,0.0,0.0,0.0
2017-08-25 14:45:00,1413.0,1413.0,1413.0,1413.0,0.0,0.0,0.0
2017-08-25 14:50:00,1413.0,1413.0,1413.0,1413.0,0.0,0.0,0.0
2017-08-25 14:55:00,1413.0,1413.0,1413.0,1413.0,0.0,0.0,0.0
2017-08-25 21:00:00,1413.0,1413.0,1413.0,1413.0,0.0,0.0,0.0
2017-08-25 21:05:00,1413.0,1413.0,1413.0,1413.0,0.0,0.0,0.0
2017-08-25 21:10:00,1413.0,1413.0,1413.0,1413.0,0.0,0.0,0.0
2017-08-25 21:15:00,1413.0,1413.0,1413.0,1413.0,0.0,0.0,0.0
2017-08-25 21:20:00,1413.0,1413.0,1413.0,1413.0,0.0,0.0,0.0
2017-08-25 21:25:00,1413.0,1413.0,1413.0,1413.0,0.0,0.0,0.0
2017-08-25 21:30:00,1413.0,1413.0,1413.0,1413.0,0.0,0.0,0.0
2017-08-25 21:35:00,1413.0,1413.0,1413.0,1413.0,0.0,0.0,0.0
2017-08-25 21:40:00,1413.0,1413.0,1413.0,1413.0,0.0,0.0,0.0
2017-08-25 21:45:00,1413.0,1413.0,1413.0,1413.0,0.0,0.0,0.0
2017-08-25 21:50:00,1413.0,1413.0,1413.0,1413.0,0.0,0.0,0.0
2017-08-25 21:55:00,1413.0,1413.0,1413.0,1413.0,0.0,0.0,0.0
2017-08-25 22:00:00,1413.0,1413.0,1413.0,1413.0,0.0,0.0,0.0
2017-08-25 22:05:00,1413.0,1413.0,1413.0,1413.0,0.0,0.0,0.0
2017-08-25 22:10:00,1413.0,1413.0,1413.0,1413.0,0.0,0.0,0.0
2017-08-25 22:15:00,1413.0,1413.0,1413.0,1413.0,0.0,0.0,0.0
2017-08-25 22:20:00,1413.0,1413.0,1413.0,1413.0,0.0,0.0,0.0
2017-08-25 22:25:00,1413.0,1413.0,1413.0,1413.0,0.0,0.0,0.0
2017-08-25 22:30:00,1413.0,1413.0,1413.0,1413.0,0.0,0.0,0.0
2017-08-25 22:35:00,1413.0,1413.0,1413.0,1413.0,0.0,0.0,0.0
2017-08-25 22:40:00,1413.0,1413.0,1413.0,1413.0,0.0,0.0,0.0
2017-08-25 22:45:00,1413.0,1413.0,1413.0,1413.0,0.0,0.0,0.0
2017-08-25 22:50:00,1413.0,1413.0,1413.0,1413.0,0.0,0.0,0.0
2017-08-25 22:55:00,1413.0,1413.0,1413.0,1413.0,0.0,0.0,0.0
2017-08-25 23:00:00,1413.0,1413.0,1413.0,1413.0,0.0,0.0,0.0
2017-08-25 23:05:00,1413.0,1413.0,1413.0,1413.0,0.0,0.0,0.0
2017-08-25 23:10:00,1413.0,1413.0,1413.0,1413.0,0.0,0.0,0.0
2017-08-25 23:15:00,1413.0,1413.0,1413.0,1413.0,0.0,0.0,0.0
2017-08-25 23:20:00,1413.0,1413.0,1413.0,1413.0,0.0,0.0,0.0
2017-08-25 23:25:00,1413.0,1413.0,1413.0,1413.0,0.0,0.0,0.0
2017-08-28 09:00:00,1413.0,1413.0,1413.0,1413.0,0.0,0.0,0.0
2017-08-28 09:05:00,1413.0,1413.0,1413.0,1413.0,0.0,0.0,0.0
2017-08-28 09:10:00,1413.0,1413.0,1413.0,1413.0,0.0,0.0,0.0
2017-08-28 09:15:00,1413.0,1413.0,1413.0,1413.0,0.0,0.0,0.0
2017-08-28 09:20:00,1413.0,1413.0,1413.0,1413.0,0.0,0.0,0.0
2017-08-28 09:25:00,1413.0,1413.0,1413.0,1413.0,0.0,0.0,0.0
2017-08-28 09:30:00,1413.0,1413.0,1413.0,1413.0,0.0,0.0,0.0
2017-08-28 09:35:00,1413.0,1413.0,1413.0,1413.0,0.0,0.0,0.0
2017-08-28 09:40:00,1413.0,1413.0,1413.0,1413.0,0.0,0.0,0.0
2017-08-28 09:45:00,1413.0,1413.0,1413.0,1413.0,0.0,0.0,0.0
2017-08-28 09:50:00,1413.0,1413.0,1413.0,1413.0,0.0,0.0,0.0
2017-08-28 09:55:00,1413.0,1413.0,1413.0,1413.0,0.0,0.0,0.0
2017-08-28 10:00:00,1413.0,1413.0,1413.0,1413.0,0.0,0.0,0.0
2017-08-28 10:05:00,1413.0,1413.0,1413.0,1413.0,0.0,0.0,0.0
2017-08-28 10:10:00,1413.0,1413.0,1413.0,1413.0,0.0,0.0,0.0
2017-08-28 10:30:00,1413.0,1413.0,1413.0,1413.0,0.0,0.0,0.0
2017-08-28 10:35:00,1413.0,1413.0,1413.0,1413.0,0.0,0.0,0.0
2017-08-28 10:40:00,1413.0,1413.0,1413.0,1413.0,0.0,0.0,0.0
2017-08-28 10:45:00,1413.0,1413.0,1413.0,1413.0,0.0,0.0,0.0
2017-08-28 10:50:00,1413.0,1413.0,1413.0,1413.0,0.0,0.0,0.0
2017-08-28 10:55:00,1413.0,1413.0,1413.0,1413.0,0.0,0.0,0.0
2017-08-28 11:00:00,1413.0,1413.0,1413.0,1413.0,0.0,0.0,0.0
2017-08-28 11:05:00,1413.0,1413.0,1413.0,1413.0,0.0,0.0,0.0
2017-08-28 11:10:00,1413.0,1413.0,1413.0,1413.0,0.0,0.0,0.0
2017-08-28 11:15:00,1413.0,1413.0,1413.0,1413.0,0.0,0.0,0.0
2017-08-28 11:20:00,1413.0,1413.0,1413.0,1413.0,0.0,0.0,0.0
2017-08-28 11:25:00,1413.0,1413.0,1413.0,1413.0,0.0,0.0,0.0
2017-08-28 13:30:00,1413.0,1413.0,1413.0,1413.0,0.0,0.0,0.0
2017-08-28 13:35:00,1413.0,1413.0,1413.0,1413.0,0.0,0.0,0.0
2017-08-28 13:40:00,1413.0,1413.0,1413.0,1413.0,0.0,0.0,0.0
2017-08-28 13:45:00,1413.0,1413.0,1413.0,1413.0,0.0,0.0,0.0
2017-08-28 13:50:00,1413.0,1413.0,1413.0,1413.0,0.0,0.0,0.0
2017-08-28 13:55:00,1413.0,1413.0,1413.0,1413.0,0.0,0.0,0.0
2017-08-28 14:00:00,1413.0,1413.0,1413.0,1413.0,0.0,0.0,0.0
2017-08-28 14:05:00,1413.0,1413.0,1413.0,1413.0,0.0,0.0,0.0
2017-08-28 14:10:00,1413.0,1413.0,1413.0,1413.0,0.0,0.0,0.0
2017-08-28 14:15:00,1413.0,1413.0,1413.0,1413.0,0.0,0.0,0.0
2017-08-28 14:20:00,1413.0,1413.0,1413.0,1413.0,0.0,0.0,0.0
2017-08-28 14:25:00,1413.0,1413.0,1413.0,1413.0,0.0,0.0,0.0
2017-08-28 14:30:00,1413.0,1413.0,1413.0,1413.0,0.0,0.0,0.0
2017-08-28 14:35:00,1413.0,1413.0,1413.0,1413.0,0.0,0.0,0.0
2017-08-28 14:40:00,1413.0,1413.0,1413.0,1413.0,0.0,0.0,0.0
2017-08-28 14:45:00,1413.0,1413.0,1413.0,1413.0,0.0,0.0,0.0
2017-08-28 14:50:00,1413.0,1413.0,1413.0,1413.0,0.0,0.0,0.0
2017-08-28 14:55:00,1413.0,1413.0,1413.0,1413.0,0.0,0.0,0.0
2017-08-28 21:00:00,1413.0,1413.0,1413.0,1413.0,0.0,0.0,0.0
2017-08-28 21:05:00,1413.0,1413.0,1413.0,1413.0,0.0,0.0,0.0
2017-08-28 21:10:00,1413.0,1413.0,1413.0,1413.0,0.0,0.0,0.0
2017-08-28 21:15:00,1413.0,1413.0,1413.0,1413.0,0.0,0.0,0.0
2017-08-28 21:20:00,1413.0,1413.0,1413.0,1413.0,0.0,0.0,0.0
2017-08-28 21:25:00,1413.0,1413.0,1413.0,1413.0,0.0,0.0,0.0
2017-08-28 21:30:00,1413.0,1413.0,1413.0,1413.0,0.0,0.0,0.0
2017-08-28 21:35:00,1413.0,1413.0,1413.0,1413.0,0.0,0.0,0.0
2017-08-28 21:40:00,1413.0,1413.0,1413.0,1413.0,0.0,0.0,0.0
2017-08-28 21:45:00,1413.0,1413.0,1413.0,1413.0,0.0,0.0,0.0
2017-08-28 21:50:00,1413.0,1413.0,1413.0,1413.0,0.0,0.0,0.0
2017-08-28 21:55:00,1413.0,1413.0,1413.0,1413.0,0.0,0.0,0.0
2017-08-28 22:00:00,1413.0,1413.0,1413.0,1413.0,0.0,0.0,0.0
2017-08-28 22:05:00,1413.0,1413.0,1413.0,1413.0,0.0,0.0,0.0
2017-08-28 22:10:00,1413.0,1413.0,1413.0,1413.0,0.0,0.0,0.0
2017-08-28 22:15:00,1413.0,1413.0,1413.0,1413.0,0.0,0.0,0.0
2017-08-28 22:20:00,1413.0,1413.0,1413.0,1413.0,0.0,0.0,0.0
2017-08-28 22:25:00,1413.0,1413.0,1413.0,1413.0,0.0,0.0,0.0
2017-08-28 22:30:00,1413.0,1413.0,1413.0,1413.0,0.0,0.0,0.0
2017-08-28 22:35:00,1413.0,1413.0,1413.0,1413.0,0.0,0.0,0.0
2017-08-28 22:40:00,1413.0,1413.0,1413.0,1413.0,0.0,0.0,0.0
2017-08-28 22:45:00,1413.0,1413.0,1413.0,1413.0,0.0,0.0,0.0
2017-08-28 22:50:00,1413.0,1413.0,1413.0,1413.0,0.0,0.0,0.0
2017-08-28 22:55:00,1413.0,1413.0,1413.0,1413.0,0.0,0.0,0.0
2017-08-28 23:00:00,1413.0,1413.0,1413.0,1413.0,0.0,0.0,0.0
2017-08-28 23:05:00,1413.0,1413.0,1413.0,1413.0,0.0,0.0,0.0
2017-08-28 23:10:00,1413.0,1413.0,1413.0,1413.0,0.0,0.0,0.0
2017-08-28 23:15:00,1413.0,1413.0,1413.0,1413.0,0.0,0.0,0.0
2017-08-28 23:20:00,1413.0,1413.0,1413.0,1413.0,0.0,0.0,0.0
2017-08-28 23:25:00,1413.0,1413.0,1413.0,1413.0,0.0,0.0,0.0
2017-08-29 09:00:00,1413.0,1413.0,1413.0,1413.0,0.0,0.0,0.0
2017-08-29 09:05:00,1413.0,1413.0,1413.0,1413.0,0.0,0.0,0.0
2017-08-29 09:10:00,1413.0,1413.0,1413.0,1413.0,0.0,0.0,0.0
2017-08-29 09:15:00,1413.0,1413.0,1413.0,1413.0,0.0,0.0,0.0
2017-08-29 09:20:00,1413.0,1413.0,1413.0,1413.0,0.0,0.0,0.0
2017-08-29 09:25:00,1413.0,1413.0,1413.0,1413.0,0.0,0.0,0.0
2017-08-29 09:30:00,1413.0,1413.0,1413.0,1413.0,0.0,0.0,0.0
2017-08-29 09:35:00,1413.0,1413.0,1413.0,1413.0,0.0,0.0,0.0
2017-08-29 09:40:00,1413.0,1413.0,1413.0,1413.0,0.0,0.0,0.0
2017-08-29 09:45:00,1413.0,1413.0,1413.0,1413.0,0.0,0.0,0.0
2017-08-29 09:50:00,1413.0,1413.0,1413.0,1413.0,0.0,0.0,0.0
2017-08-29 09:55:00,1413.0,1413.0,1413.0,1413.0,0.0,0.0,0.0
2017-08-29 10:00:00,1413.0,1413.0,1413.0,1413.0,0.0,0.0,0.0
2017-08-29 10:05:00,1413.0,1413.0,1413.0,1413.0,0.0,0.0,0.0
2017-08-29 10:10:00,1413.0,1413.0,1413.0,1413.0,0.0,0.0,0.0
2017-08-29 10:30:00,1413.0,1413.0,1413.0,1413.0,0.0,0.0,0.0
2017-08-29 10:35:00,1413.0,1413.0,1413.0,1413.0,0.0,0.0,0.0
2017-08-29 10:40:00,1413.0,1413.0,1413.0,1413.0,0.0,0.0,0.0
2017-08-29 10:45:00,1413.0,1413.0,1413.0,1413.0,0.0,0.0,0.0
2017-08-29 10:50:00,1413.0,1413.0,1413.0,1413.0,0.0,0.0,0.0
2017-08-29 10:55:00,1413.0,1413.0,1413.0,1413.0,0.0,0.0,0.0
2017-08-29 11:00:00,1413.0,1413.0,1413.0,1413.0,0.0,0.0,0.0
2017-08-29 11:05:00,1413.0,1413.0,1413.0,1413.0,0.0,0.0,0.0
2017-08-29 11:10:00,1413.0,1413.0,1413.0,1413.0,0.0,0.0,0.0
2017-08-29 11:15:00,1413.0,1413.0,1413.0,1413.0,0.0,0.0,0.0
2017-08-29 11:20:00,1413.0,1413.0,1413.0,1413.0,0.0,0.0,0.0
2017-08-29 11:25:00,1413.0,1413.0,1413.0,1413.0,0.0,0.0,0.0
2017-08-29 13:30:00,1413.0,1413.0,1413.0,1413.0,0.0,0.0,0.0
2017-08-29 13:35:00,1413.0,1413.0,1413.0,1413.0,0.0,0.0,0.0
2017-08-29 13:40:00,1413.0,1413.0,1413.0,1413.0,0.0,0.0,0.0
2017-08-29 13:45:00,1413.0,1413.0,1413.0,1413.0,0.0,0.0,0.0
2017-08-29 13:50:00,1413.0,1413.0,1413.0,1413.0,0.0,0.0,0.0
2017-08-29 13:55:00,1413.0,1413.0,1413.0,1413.0,0.0,0.0,0.0
2017-08-29 14:00:00,1413.0,1413.0,1413.0,1413.0,0.0,0.0,0.0
2017-08-29 14:05:00,1413.0,1413.0,1413.0,1413.0,0.0,0.0,0.0
2017-08-29 14:10:00,1413.0,1413.0,1413.0,1413.0,0.0,0.0,0.0
2017-08-29 14:15:00,1413.0,1413.0,1413.0,1413.0,0.0,0.0,0.0
2017-08-29 14:20:00,1413.0,1413.0,1413.0,1413.0,0.0,0.0,0.0
2017-08-29 14:25:00,1413.0,1413.0,1413.0,1413.0,0.0,0.0,0.0
2017-08-29 14:30:00,1413.0,1413.0,1413.0,1413.0,0.0,0.0,0.0
2017-08-29 14:35:00,1413.0,1413.0,1413.0,1413.0,0.0,0.0,0.0
2017-08-29 14:40:00,1413.0,1413.0,1413.0,1413.0,0.0,0.0,0.0
2017-08-29 14:45:00,1413.0,1413.0,1413.0,1413.0,0.0,0.0,0.0
2017-08-29 14:50:00,1413.0,1413.0,1413.0,1413.0,0.0,0.0,0.0
2017-08-29 14:55:00,1413.0,1413.0,1413.0,1413.0,0.0,0.0,0.0
2017-08-29 21:00:00,1413.0,1413.0,1413.0,1413.0,0.0,0.0,0.0
2017-08-29 21:05:00,1413.0,1413.0,1413.0,1413.0,0.0,0.0,0.0
2017-08-29 21:10:00,1413.0,1413.0,1413.0,1413.0,0.0,0.0,0.0
2017-08-29 21:15:00,1413.0,1413.0,1413.0,1413.0,0.0,0.0,0.0
2017-08-29 21:20:00,1413.0,1413.0,1413.0,1413.0,0.0,0.0,0.0
2017-08-29 21:25:00,1413.0,1413.0,1413.0,1413.0,0.0,0.0,0.0
2017-08-29 21:30:00,1413.0,1413.0,1413.0,1413.0,0.0,0.0,0.0
2017-08-29 21:35:00,1413.0,1413.0,1413.0,1413.0,0.0,0.0,0.0
2017-08-29 21:40:00,1413.0,1413.0,1413.0,1413.0,0.0,0.0,0.0
2017-08-29 21:45:00,1413.0,1413.0,1413.0,1413.0,0.0,0.0,0.0
2017-08-29 21:50:00,1413.0,1413.0,1413.0,1413.0,0.0,0.0,0.0
2017-08-29 21:55:00,1413.0,1413.0,1413.0,1413.0,0.0,0.0,0.0
2017-08-29 22:00:00,1413.0,1413.0,1413.0,1413.0,0.0,0.0,0.0
2017-08-29 22:05:00,1413.0,1413.0,1413.0,1413.0,0.0,0.0,0.0
2017-08-29 22:10:00,1413.0,1413.0,1413.0,1413.0,0.0,0.0,0.0
2017-08-29 22:15:00,1413.0,1413.0,1413.0,1413.0,0.0,0.0,0.0
2017-08-29 22:20:00,1413.0,1413.0,1413.0,1413.0,0.0,0.0,0.0
2017-08-29 22:25:00,1413.0,1413.0,1413.0,1413.0,0.0,0.0,0.0
2017-08-29 22:30:00,1413.0,1413.0,1413.0,1413.0,0.0,0.0,0.0
2017-08-29 22:35:00,1413.0,1413.0,1413.0,1413.0,0.0,0.0,0.0
2017-08-29 22:40:00,1413.0,1413.0,1413.0,1413.0,0.0,0.0,0.0
2017-08-29 22:45:00,1413.0,1413.0,1413.0,1413.0,0.0,0.0,0.0
2017-08-29 22:50:00,1413.0,1413.0,1413.0,1413.0,0.0,0.0,0.0
2017-08-29 22:55:00,1413.0,1413.0,1413.0,1413.0,0.0,0.0,0.0
2017-08-29 23:00:00,1413.0,1413.0,1413.0,1413.0,0.0,0.0,0.0
2017-08-29 23:05:00,1413.0,1413.0,1413.0,1413.0,0.0,0.0,0.0
2017-08-29 23:10:00,1413.0,1413.0,1413.0,1413.0,0.0,0.0,0.0
2017-08-29 23:15:00,1413.0,1413.0,1413.0,1413.0,0.0,0.0,0.0
2017-08-29 23:20:00,1413.0,1413.0,1413.0,1413.0,0.0,0.0,0.0
2017-08-29 23:25:00,1413.0,1413.0,1413.0,1413.0,0.0,0.0,0.0
2017-08-30 09:00:00,1413.0,1413.0,1413.0,1413.0,0.0,0.0,0.0
2017-08-30 09:05:00,1413.0,1413.0,1413.0,1413.0,0.0,0.0,0.0
2017-08-30 09:10:00,1413.0,1413.0,1413.0,1413.0,0.0,0.0,0.0
2017-08-30 09:15:00,1413.0,1413.0,1413.0,1413.0,0.0,0.0,0.0
2017-08-30 09:20:00,1413.0,1413.0,1413.0,1413.0,0.0,0.0,0.0
2017-08-30 09:25:00,1413.0,1413.0,1413.0,1413.0,0.0,0.0,0.0
2017-08-30 09:30:00,1413.0,1413.0,1413.0,1413.0,0.0,0.0,0.0
2017-08-30 09:35:00,1413.0,1413.0,1413.0,1413.0,0.0,0.0,0.0
2017-08-30 09:40:00,1413.0,1413.0,1413.0,1413.0,0.0,0.0,0.0
2017-08-30 09:45:00,1413.0,1413.0,1413.0,1413.0,0.0,0.0,0.0
2017-08-30 09:50:00,1413.0,1413.0,1413.0,1413.0,0.0,0.0,0.0
2017-08-30 09:55:00,1413.0,1413.0,1413.0,1413.0,0.0,0.0,0.0
2017-08-30 10:00:00,1386.0,1386.0,1386.0,1386.0,2.0,55440.0,2.0
2017-08-30 10:05:00,1386.0,1386.0,1386.0,1386.0,0.0,0.0,2.0
2017-08-30 10:10:00,1386.0,1386.0,1386.0,1386.0,0.0,0.0,2.0
2017-08-30 10:30:00,1386.0,1386.0,1386.0,1386.0,0.0,0.0,2.0
2017-08-30 10:35:00,1386.0,1386.0,1386.0,1386.0,0.0,0.0,2.0
2017-08-30 10:40:00,1386.0,1386.0,1386.0,1386.0,0.0,0.0,2.0
2017-08-30 10:45:00,1386.0,1386.0,1386.0,1386.0,0.0,0.0,2.0
2017-08-30 10:50:00,1386.0,1386.0,1386.0,1386.0,0.0,0.0,2.0
2017-08-30 10:55:00,1386.0,1386.0,1386.0,1386.0,0.0,0.0,2.0
2017-08-30 11:00:00,1386.0,1386.0,1386.0,1386.0,0.0,0.0,2.0
2017-08-30 11:05:00,1386.0,1386.0,1386.0,1386.0,0.0,0.0,2.0
2017-08-30 11:10:00,1386.0,1386.0,1386.0,1386.0,0.0,0.0,2.0
2017-08-30 11:15:00,1386.0,1386.0,1386.0,1386.0,0.0,0.0,2.0
2017-08-30 11:20:00,1386.0,1386.0,1386.0,1386.0,0.0,0.0,2.0
2017-08-30 11:25:00,1386.0,1386.0,1386.0,1386.0,0.0,0.0,2.0
2017-08-30 13:30:00,1386.0,1386.0,1386.0,1386.0,0.0,0.0,2.0
2017-08-30 13:35:00,1386.0,1386.0,1386.0,1386.0,0.0,0.0,2.0
2017-08-30 13:40:00,1386.0,1386.0,1386.0,1386.0,0.0,0.0,2.0
2017-08-30 13:45:00,1386.0,1386.0,1386.0,1386.0,0.0,0.0,2.0
2017-08-30 13:50:00,1386.0,1386.0,1386.0,1386.0,0.0,0.0,2.0
2017-08-30 13:55:00,1386.0,1386.0,1386.0,1386.0,0.0,0.0,2.0
2017-08-30 14:00:00,1386.0,1386.0,1386.0,1386.0,0.0,0.0,2.0
2017-08-30 14:05:00,1386.0,1386.0,1386.0,1386.0,0.0,0.0,2.0
2017-08-30 14:10:00,1386.0,1386.0,1386.0,1386.0,0.0,0.0,2.0
2017-08-30 14:15:00,1386.0,1386.0,1386.0,1386.0,0.0,0.0,2.0
2017-08-30 14:20:00,1386.0,1386.0,1386.0,1386.0,0.0,0.0,2.0
2017-08-30 14:25:00,1386.0,1386.0,1386.0,1386.0,0.0,0.0,2.0
2017-08-30 14:30:00,1386.0,1386.0,1386.0,1386.0,0.0,0.0,2.0
2017-08-30 14:35:00,1386.0,1386.0,1386.0,1386.0,0.0,0.0,2.0
2017-08-30 14:40:00,1386.0,1386.0,1386.0,1386.0,0.0,0.0,2.0
2017-08-30 14:45:00,1386.0,1386.0,1386.0,1386.0,0.0,0.0,2.0
2017-08-30 14:50:00,1386.0,1386.0,1386.0,1386.0,0.0,0.0,2.0
2017-08-30 14:55:00,1386.0,1386.0,1386.0,1386.0,0.0,0.0,2.0
2017-08-30 21:00:00,1386.0,1386.0,1386.0,1386.0,0.0,0.0,2.0
2017-08-30 21:05:00,1386.0,1386.0,1386.0,1386.0,0.0,0.0,2.0
2017-08-30 21:10:00,1386.0,1386.0,1386.0,1386.0,0.0,0.0,2.0
2017-08-30 21:15:00,1386.0,1386.0,1386.0,1386.0,0.0,0.0,2.0
2017-08-30 21:20:00,1386.0,1386.0,1386.0,1386.0,0.0,0.0,2.0
2017-08-30 21:25:00,1386.0,1386.0,1386.0,1386.0,0.0,0.0,2.0
2017-08-30 21:30:00,1386.0,1386.0,1386.0,1386.0,0.0,0.0,2.0
2017-08-30 21:35:00,1386.0,1386.0,1386.0,1386.0,0.0,0.0,2.0
2017-08-30 21:40:00,1386.0,1386.0,1386.0,1386.0,0.0,0.0,2.0
2017-08-30 21:45:00,1386.0,1386.0,1386.0,1386.0,0.0,0.0,2.0
2017-08-30 21:50:00,1386.0,1386.0,1386.0,1386.0,0.0,0.0,2.0
2017-08-30 21:55:00,1386.0,1386.0,1386.0,1386.0,0.0,0.0,2.0
2017-08-30 22:00:00,1386.0,1386.0,1386.0,1386.0,0.0,0.0,2.0
2017-08-30 22:05:00,1386.0,1386.0,1386.0,1386.0,0.0,0.0,2.0
2017-08-30 22:10:00,1386.0,1386.0,1386.0,1386.0,0.0,0.0,2.0
2017-08-30 22:15:00,1386.0,1386.0,1386.0,1386.0,0.0,0.0,2.0
2017-08-30 22:20:00,1386.0,1386.0,1386.0,1386.0,0.0,0.0,2.0
2017-08-30 22:25:00,1386.0,1386.0,1386.0,1386.0,0.0,0.0,2.0
2017-08-30 22:30:00,1386.0,1386.0,1386.0,1386.0,0.0,0.0,2.0
2017-08-30 22:35:00,1386.0,1386.0,1386.0,1386.0,0.0,0.0,2.0
2017-08-30 22:40:00,1386.0,1386.0,1386.0,1386.0,0.0,0.0,2.0
2017-08-30 22:45:00,1386.0,1386.0,1386.0,1386.0,0.0,0.0,2.0
2017-08-30 22:50:00,1386.0,1386.0,1386.0,1386.0,0.0,0.0,2.0
2017-08-30 22:55:00,1386.0,1386.0,1386.0,1386.0,0.0,0.0,2.0
2017-08-30 23:00:00,1386.0,1386.0,1386.0,1386.0,0.0,0.0,2.0
2017-08-30 23:05:00,1386.0,1386.0,1386.0,1386.0,0.0,0.0,2.0
2017-08-30 23:10:00,1386.0,1386.0,1386.0,1386.0,0.0,0.0,2.0
2017-08-30 23:15:00,1386.0,1386.0,1386.0,1386.0,0.0,0.0,2.0
2017-08-30 23:20:00,1386.0,1386.0,1386.0,1386.0,0.0,0.0,2.0
2017-08-30 23:25:00,1386.0,1386.0,1386.0,1386.0,0.0,0.0,2.0
2017-08-31 09:00:00,1386.0,1386.0,1386.0,1386.0,0.0,0.0,2.0
2017-08-31 09:05:00,1386.0,1386.0,1386.0,1386.0,0.0,0.0,2.0
2017-08-31 09:10:00,1386.0,1386.0,1386.0,1386.0,0.0,0.0,2.0
2017-08-31 09:15:00,1386.0,1386.0,1386.0,1386.0,0.0,0.0,2.0
2017-08-31 09:20:00,1386.0,1386.0,1386.0,1386.0,0.0,0.0,2.0
2017-08-31 09:25:00,1386.0,1386.0,1386.0,1386.0,0.0,0.0,2.0
2017-08-31 09:30:00,1386.0,1386.0,1386.0,1386.0,0.0,0.0,2.0
2017-08-31 09:35:00,1386.0,1386.0,1386.0,1386.0,0.0,0.0,2.0
2017-08-31 09:40:00,1386.0,1386.0,1386.0,1386.0,0.0,0.0,2.0
2017-08-31 09:45:00,1386.0,1386.0,1386.0,1386.0,0.0,0.0,2.0
2017-08-31 09:50:00,1386.0,1386.0,1386.0,1386.0,0.0,0.0,2.0
2017-08-31 09:55:00,1386.0,1386.0,1386.0,1386.0,0.0,0.0,2.0
2017-08-31 10:00:00,1386.0,1386.0,1386.0,1386.0,0.0,0.0,2.0
2017-08-31 10:05:00,1386.0,1386.0,1386.0,1386.0,0.0,0.0,2.0
2017-08-31 10:10:00,1386.0,1386.0,1386.0,1386.0,0.0,0.0,2.0
2017-08-31 10:30:00,1386.0,1386.0,1386.0,1386.0,0.0,0.0,2.0
2017-08-31 10:35:00,1386.0,1386.0,1386.0,1386.0,0.0,0.0,2.0
2017-08-31 10:40:00,1386.0,1386.0,1386.0,1386.0,0.0,0.0,2.0
2017-08-31 10:45:00,1386.0,1386.0,1386.0,1386.0,0.0,0.0,2.0
2017-08-31 10:50:00,1386.0,1386.0,1386.0,1386.0,0.0,0.0,2.0
2017-08-31 10:55:00,1386.0,1386.0,1386.0,1386.0,0.0,0.0,2.0
2017-08-31 11:00:00,1386.0,1386.0,1386.0,1386.0,0.0,0.0,2.0
2017-08-31 11:05:00,1386.0,1386.0,1386.0,1386.0,0.0,0.0,2.0
2017-08-31 11:10:00,1386.0,1386.0,1386.0,1386.0,0.0,0.0,2.0
2017-08-31 11:15:00,1386.0,1386.0,1386.0,1386.0,0.0,0.0,2.0
2017-08-31 11:20:00,1386.0,1386.0,1386.0,1386.0,0.0,0.0,2.0
2017-08-31 11:25:00,1386.0,1386.0,1386.0,1386.0,0.0,0.0,2.0
2017-08-31 13:30:00,1386.0,1386.0,1386.0,1386.0,0.0,0.0,2.0
2017-08-31 13:35:00,1386.0,1386.0,1386.0,1386.0,0.0,0.0,2.0
2017-08-31 13:40:00,1386.0,1386.0,1386.0,1386.0,0.0,0.0,2.0
2017-08-31 13:45:00,1386.0,1386.0,1386.0,1386.0,0.0,0.0,2.0
2017-08-31 13:50:00,1386.0,1386.0,1386.0,1386.0,0.0,0.0,2.0
2017-08-31 13:55:00,1386.0,1386.0,1386.0,1386.0,0.0,0.0,2.0
2017-08-31 14:00:00,1386.0,1386.0,1386.0,1386.0,0.0,0.0,2.0
2017-08-31 14:05:00,1386.0,1386.0,1386.0,1386.0,0.0,0.0,2.0
2017-08-31 14:10:00,1386.0,1386.0,1386.0,1386.0,0.0,0.0,2.0
2017-08-31 14:15:00,1386.0,1386.0,1386.0,1386.0,0.0,0.0,2.0
2017-08-31 14:20:00,1386.0,1386.0,1386.0,1386.0,0.0,0.0,2.0
2017-08-31 14:25:00,1386.0,1386.0,1386.0,1386.0,0.0,0.0,2.0
2017-08-31 14:30:00,1386.0,1386.0,1386.0,1386.0,0.0,0.0,2.0
2017-08-31 14:35:00,1386.0,1386.0,1386.0,1386.0,0.0,0.0,2.0
2017-08-31 14:40:00,1386.0,1386.0,1386.0,1386.0,0.0,0.0,2.0
2017-08-31 14:45:00,1386.0,1386.0,1386.0,1386.0,0.0,0.0,2.0
2017-08-31 14:50:00,1386.0,1386.0,1386.0,1386.0,0.0,0.0,2.0
2017-08-31 14:55:00,1386.0,1386.0,1386.0,1386.0,0.0,0.0,2.0
2017-08-31 21:00:00,1386.0,1386.0,1386.0,1386.0,0.0,0.0,2.0
2017-08-31 21:05:00,1386.0,1386.0,1386.0,1386.0,0.0,0.0,2.0
2017-08-31 21:10:00,1386.0,1386.0,1386.0,1386.0,0.0,0.0,2.0
2017-08-31 21:15:00,1386.0,1386.0,1386.0,1386.0,0.0,0.0,2.0
2017-08-31 21:20:00,1386.0,1386.0,1386.0,1386.0,0.0,0.0,2.0
2017-08-31 21:25:00,1386.0,1386.0,1386.0,1386.0,0.0,0.0,2.0
2017-08-31 21:30:00,1386.0,1386.0,1386.0,1386.0,0.0,0.0,2.0
2017-08-31 21:35:00,1386.0,1386.0,1386.0,1386.0,0.0,0.0,2.0
2017-08-31 21:40:00,1386.0,1386.0,1386.0,1386.0,0.0,0.0,2.0
2017-08-31 21:45:00,1386.0,1386.0,1386.0,1386.0,0.0,0.0,2.0
2017-08-31 21:50:00,1386.0,1386.0,1386.0,1386.0,0.0,0.0,2.0
2017-08-31 21:55:00,1386.0,1386.0,1386.0,1386.0,0.0,0.0,2.0
2017-08-31 22:00:00,1386.0,1386.0,1386.0,1386.0,0.0,0.0,2.0
2017-08-31 22:05:00,1386.0,1386.0,1386.0,1386.0,0.0,0.0,2.0
2017-08-31 22:10:00,1386.0,1386.0,1386.0,1386.0,0.0,0.0,2.0
2017-08-31 22:15:00,1386.0,1386.0,1386.0,1386.0,0.0,0.0,2.0
2017-08-31 22:20:00,1386.0,1386.0,1386.0,1386.0,0.0,0.0,2.0
2017-08-31 22:25:00,1386.0,1386.0,1386.0,1386.0,0.0,0.0,2.0
2017-08-31 22:30:00,1386.0,1386.0,1386.0,1386.0,0.0,0.0,2.0
2017-08-31 22:35:00,1386.0,1386.0,1386.0,1386.0,0.0,0.0,2.0
2017-08-31 22:40:00,1386.0,1386.0,1386.0,1386.0,0.0,0.0,2.0
2017-08-31 22:45:00,1386.0,1386.0,1386.0,1386.0,0.0,0.0,2.0
2017-08-31 22:50:00,1386.0,1386.0,1386.0,1386.0,0.0,0.0,2.0
2017-08-31 22:55:00,1386.0,1386.0,1386.0,1386.0,0.0,0.0,2.0
2017-08-31 23:00:00,1386.0,1386.0,1386.0,1386.0,0.0,0.0,2.0
2017-08-31 23:05:00,1386.0,1386.0,1386.0,1386.0,0.0,0.0,2.0
2017-08-31 23:10:00,1386.0,1386.0,1386.0,1386.0,0.0,0.0,2.0
2017-08-31 23:15:00,1386.0,1386.0,1386.0,1386.0,0.0,0.0,2.0
2017-08-31 23:20:00,1386.0,1386.0,1386.0,1386.0,0.0,0.0,2.0
2017-08-31 23:25:00,1386.0,1386.0,1386.0,1386.0,0.0,0.0,2.0
2017-09-01 09:00:00,1386.0,1386.0,1386.0,1386.0,0.0,0.0,2.0
2017-09-01 09:05:00,1386.0,1386.0,1386.0,1386.0,0.0,0.0,2.0
2017-09-01 09:10:00,1386.0,1386.0,1386.0,1386.0,0.0,0.0,2.0
2017-09-01 09:15:00,1386.0,1386.0,1386.0,1386.0,0.0,0.0,2.0
2017-09-01 09:20:00,1386.0,1386.0,1386.0,1386.0,0.0,0.0,2.0
2017-09-01 09:25:00,1386.0,1386.0,1386.0,1386.0,0.0,0.0,2.0
2017-09-01 09:30:00,1386.0,1386.0,1386.0,1386.0,0.0,0.0,2.0
2017-09-01 09:35:00,1386.0,1386.0,1386.0,1386.0,0.0,0.0,2.0
2017-09-01 09:40:00,1386.0,1386.0,1386.0,1386.0,0.0,0.0,2.0
2017-09-01 09:45:00,1386.0,1386.0,1386.0,1386.0,0.0,0.0,2.0
2017-09-01 09:50:00,1386.0,1386.0,1386.0,1386.0,0.0,0.0,2.0
2017-09-01 09:55:00,1386.0,1386.0,1386.0,1386.0,0.0,0.0,2.0
2017-09-01 10:00:00,1386.0,1386.0,1386.0,1386.0,0.0,0.0,2.0
2017-09-01 10:05:00,1386.0,1386.0,1386.0,1386.0,0.0,0.0,2.0
2017-09-01 10:10:00,1386.0,1386.0,1386.0,1386.0,0.0,0.0,2.0
2017-09-01 10:30:00,1386.0,1386.0,1386.0,1386.0,0.0,0.0,2.0
2017-09-01 10:35:00,1386.0,1386.0,1386.0,1386.0,0.0,0.0,2.0
2017-09-01 10:40:00,1386.0,1386.0,1386.0,1386.0,0.0,0.0,2.0
2017-09-01 10:45:00,1386.0,1386.0,1386.0,1386.0,0.0,0.0,2.0
2017-09-01 10:50:00,1386.0,1386.0,1386.0,1386.0,0.0,0.0,2.0
2017-09-01 10:55:00,1386.0,1386.0,1386.0,1386.0,0.0,0.0,2.0
2017-09-01 11:00:00,1386.0,1386.0,1386.0,1386.0,0.0,0.0,2.0
2017-09-01 11:05:00,1386.0,1386.0,1386.0,1386.0,0.0,0.0,2.0
2017-09-01 11:10:00,1386.0,1386.0,1386.0,1386.0,0.0,0.0,2.0
2017-09-01 11:15:00,1386.0,1386.0,1386.0,1386.0,0.0,0.0,2.0
2017-09-01 11:20:00,1386.0,1386.0,1386.0,1386.0,0.0,0.0,2.0
2017-09-01 11:25:00,1386.0,1386.0,1386.0,1386.0,0.0,0.0,2.0
2017-09-01 13:30:00,1386.0,1386.0,1386.0,1386.0,0.0,0.0,2.0
2017-09-01 13:35:00,1386.0,1386.0,1386.0,1386.0,0.0,0.0,2.0
2017-09-01 13:40:00,1386.0,1386.0,1386.0,1386.0,0.0,0.0,2.0
2017-09-01 13:45:00,1386.0,1386.0,1386.0,1386.0,0.0,0.0,2.0
2017-09-01 13:50:00,1386.0,1386.0,1386.0,1386.0,0.0,0.0,2.0
2017-09-01 13:55:00,1386.0,1386.0,1386.0,1386.0,0.0,0.0,2.0
2017-09-01 14:00:00,1386.0,1386.0,1386.0,1386.0,0.0,0.0,2.0
2017-09-01 14:05:00,1386.0,1386.0,1386.0,1386.0,0.0,0.0,2.0
2017-09-01 14:10:00,1386.0,1386.0,1386.0,1386.0,0.0,0.0,2.0
2017-09-01 14:15:00,1386.0,1386.0,1386.0,1386.0,0.0,0.0,2.0
2017-09-01 14:20:00,1386.0,1386.0,1386.0,1386.0,0.0,0.0,2.0
2017-09-01 14:25:00,1386.0,1386.0,1386.0,1386.0,0.0,0.0,2.0
2017-09-01 14:30:00,1386.0,1386.0,1386.0,1386.0,0.0,0.0,2.0
2017-09-01 14:35:00,1386.0,1386.0,1386.0,1386.0,0.0,0.0,2.0
2017-09-01 14:40:00,1386.0,1386.0,1386.0,1386.0,0.0,0.0,2.0
2017-09-01 14:45:00,1386.0,1386.0,1386.0,1386.0,0.0,0.0,2.0
2017-09-01 14:50:00,1386.0,1386.0,1386.0,1386.0,0.0,0.0,2.0
2017-09-01 14:55:00,1386.0,1386.0,1386.0,1386.0,0.0,0.0,2.0
2017-09-01 21:00:00,1386.0,1386.0,1386.0,1386.0,0.0,0.0,2.0
2017-09-01 21:05:00,1386.0,1386.0,1386.0,1386.0,0.0,0.0,2.0
2017-09-01 21:10:00,1386.0,1386.0,1386.0,1386.0,0.0,0.0,2.0
2017-09-01 21:15:00,1386.0,1386.0,1386.0,1386.0,0.0,0.0,2.0
2017-09-01 21:20:00,1386.0,1386.0,1386.0,1386.0,0.0,0.0,2.0
2017-09-01 21:25:00,1386.0,1386.0,1386.0,1386.0,0.0,0.0,2.0
2017-09-01 21:30:00,1386.0,1386.0,1386.0,1386.0,0.0,0.0,2.0
2017-09-01 21:35:00,1386.0,1386.0,1386.0,1386.0,0.0,0.0,2.0
2017-09-01 21:40:00,1386.0,1386.0,1386.0,1386.0,0.0,0.0,2.0
2017-09-01 21:45:00,1386.0,1386.0,1386.0,1386.0,0.0,0.0,2.0
2017-09-01 21:50:00,1386.0,1386.0,1386.0,1386.0,0.0,0.0,2.0
2017-09-01 21:55:00,1386.0,1386.0,1386.0,1386.0,0.0,0.0,2.0
2017-09-01 22:00:00,1386.0,1386.0,1386.0,1386.0,0.0,0.0,2.0
2017-09-01 22:05:00,1386.0,1386.0,1386.0,1386.0,0.0,0.0,2.0
2017-09-01 22:10:00,1386.0,1386.0,1386.0,1386.0,0.0,0.0,2.0
2017-09-01 22:15:00,1386.0,1386.0,1386.0,1386.0,0.0,0.0,2.0
2017-09-01 22:20:00,1386.0,1386.0,1386.0,1386.0,0.0,0.0,2.0
2017-09-01 22:25:00,1386.0,1386.0,1386.0,1386.0,0.0,0.0,2.0
2017-09-01 22:30:00,1386.0,1386.0,1386.0,1386.0,0.0,0.0,2.0
2017-09-01 22:35:00,1386.0,1386.0,1386.0,1386.0,0.0,0.0,2.0
2017-09-01 22:40:00,1386.0,1386.0,1386.0,1386.0,0.0,0.0,2.0
2017-09-01 22:45:00,1386.0,1386.0,1386.0,1386.0,0.0,0.0,2.0
2017-09-01 22:50:00,1386.0,1386.0,1386.0,1386.0,0.0,0.0,2.0
2017-09-01 22:55:00,1386.0,1386.0,1386.0,1386.0,0.0,0.0,2.0
2017-09-01 23:00:00,1386.0,1386.0,1386.0,1386.0,0.0,0.0,2.0
2017-09-01 23:05:00,1386.0,1386.0,1386.0,1386.0,0.0,0.0,2.0
2017-09-01 23:10:00,1386.0,1386.0,1386.0,1386.0,0.0,0.0,2.0
2017-09-01 23:15:00,1386.0,1386.0,1386.0,1386.0,0.0,0.0,2.0
2017-09-01 23:20:00,1386.0,1386.0,1386.0,1386.0,0.0,0.0,2.0
2017-09-01 23:25:00,1386.0,1386.0,1386.0,1386.0,0.0,0.0,2.0
2017-09-04 09:00:00,1386.0,1386.0,1386.0,1386.0,0.0,0.0,2.0
2017-09-04 09:05:00,1386.0,1386.0,1386.0,1386.0,0.0,0.0,2.0
2017-09-04 09:10:00,1386.0,1386.0,1386.0,1386.0,0.0,0.0,2.0
2017-09-04 09:15:00,1386.0,1386.0,1386.0,1386.0,0.0,0.0,2.0
2017-09-04 09:20:00,1386.0,1386.0,1386.0,1386.0,0.0,0.0,2.0
2017-09-04 09:25:00,1386.0,1386.0,1386.0,1386.0,0.0,0.0,2.0
2017-09-04 09:30:00,1386.0,1386.0,1386.0,1386.0,0.0,0.0,2.0
2017-09-04 09:35:00,1386.0,1386.0,1386.0,1386.0,0.0,0.0,2.0
2017-09-04 09:40:00,1386.0,1386.0,1386.0,1386.0,0.0,0.0,2.0
2017-09-04 09:45:00,1386.0,1386.0,1386.0,1386.0,0.0,0.0,2.0
2017-09-04 09:50:00,1386.0,1386.0,1386.0,1386.0,0.0,0.0,2.0
2017-09-04 09:55:00,1386.0,1386.0,1386.0,1386.0,0.0,0.0,2.0
2017-09-04 10:00:00,1386.0,1386.0,1386.0,1386.0,0.0,0.0,2.0
2017-09-04 10:05:00,1386.0,1386.0,1386.0,1386.0,0.0,0.0,2.0
2017-09-04 10:10:00,1386.0,1386.0,1386.0,1386.0,0.0,0.0,2.0
2017-09-04 10:30:00,1386.0,1386.0,1386.0,1386.0,0.0,0.0,2.0
2017-09-04 10:35:00,1386.0,1386.0,1386.0,1386.0,0.0,0.0,2.0
2017-09-04 10:40:00,1386.0,1386.0,1386.0,1386.0,0.0,0.0,2.0
2017-09-04 10:45:00,1386.0,1386.0,1386.0,1386.0,0.0,0.0,2.0
2017-09-04 10:50:00,1386.0,1386.0,1386.0,1386.0,0.0,0.0,2.0
2017-09-04 10:55:00,1386.0,1386.0,1386.0,1386.0,0.0,0.0,2.0
2017-09-04 11:00:00,1386.0,1386.0,1386.0,1386.0,0.0,0.0,2.0
2017-09-04 11:05:00,1386.0,1386.0,1386.0,1386.0,0.0,0.0,2.0
2017-09-04 11:10:00,1386.0,1386.0,1386.0,1386.0,0.0,0.0,2.0
2017-09-04 11:15:00,1386.0,1386.0,1386.0,1386.0,0.0,0.0,2.0
2017-09-04 11:20:00,1386.0,1386.0,1386.0,1386.0,0.0,0.0,2.0
2017-09-04 11:25:00,1386.0,1386.0,1386.0,1386.0,0.0,0.0,2.0
2017-09-04 13:30:00,1386.0,1386.0,1386.0,1386.0,0.0,0.0,2.0
2017-09-04 13:35:00,1386.0,1386.0,1386.0,1386.0,0.0,0.0,2.0
2017-09-04 13:40:00,1386.0,1386.0,1386.0,1386.0,0.0,0.0,2.0
2017-09-04 13:45:00,1386.0,1386.0,1386.0,1386.0,0.0,0.0,2.0
2017-09-04 13:50:00,1386.0,1386.0,1386.0,1386.0,0.0,0.0,2.0
2017-09-04 13:55:00,1386.0,1386.0,1386.0,1386.0,0.0,0.0,2.0
2017-09-04 14:00:00,1386.0,1386.0,1386.0,1386.0,0.0,0.0,2.0
2017-09-04 14:05:00,1386.0,1386.0,1386.0,1386.0,0.0,0.0,2.0
2017-09-04 14:10:00,1386.0,1386.0,1386.0,1386.0,0.0,0.0,2.0
2017-09-04 14:15:00,1386.0,1386.0,1386.0,1386.0,0.0,0.0,2.0
2017-09-04 14:20:00,1386.0,1386.0,1386.0,1386.0,0.0,0.0,2.0
2017-09-04 14:25:00,1386.0,1386.0,1386.0,1386.0,0.0,0.0,2.0
2017-09-04 14:30:00,1386.0,1386.0,1386.0,1386.0,0.0,0.0,2.0
2017-09-04 14:35:00,1386.0,1386.0,1386.0,1386.0,0.0,0.0,2.0
2017-09-04 14:40:00,1386.0,1386.0,1386.0,1386.0,0.0,0.0,2.0
2017-09-04 14:45:00,1386.0,1386.0,1386.0,1386.0,0.0,0.0,2.0
2017-09-04 14:50:00,1386.0,1386.0,1386.0,1386.0,0.0,0.0,2.0
2017-09-04 14:55:00,1386.0,1386.0,1386.0,1386.0,0.0,0.0,2.0
2017-09-04 21:00:00,1386.0,1386.0,1386.0,1386.0,0.0,0.0,2.0
2017-09-04 21:05:00,1386.0,1386.0,1386.0,1386.0,0.0,0.0,2.0
2017-09-04 21:10:00,1386.0,1386.0,1386.0,1386.0,0.0,0.0,2.0
2017-09-04 21:15:00,1386.0,1386.0,1386.0,1386.0,0.0,0.0,2.0
2017-09-04 21:20:00,1386.0,1386.0,1386.0,1386.0,0.0,0.0,2.0
2017-09-04 21:25:00,1386.0,1386.0,1386.0,1386.0,0.0,0.0,2.0
2017-09-04 21:30:00,1386.0,1386.0,1386.0,1386.0,0.0,0.0,2.0
2017-09-04 21:35:00,1386.0,1386.0,1386.0,1386.0,0.0,0.0,2.0
2017-09-04 21:40:00,1386.0,1386.0,1386.0,1386.0,0.0,0.0,2.0
2017-09-04 21:45:00,1386.0,1386.0,1386.0,1386.0,0.0,0.0,2.0
2017-09-04 21:50:00,1386.0,1386.0,1386.0,1386.0,0.0,0.0,2.0
2017-09-04 21:55:00,1386.0,1386.0,1386.0,1386.0,0.0,0.0,2.0
2017-09-04 22:00:00,1386.0,1386.0,1386.0,1386.0,0.0,0.0,2.0
2017-09-04 22:05:00,1386.0,1386.0,1386.0,1386.0,0.0,0.0,2.0
2017-09-04 22:10:00,1386.0,1386.0,1386.0,1386.0,0.0,0.0,2.0
2017-09-04 22:15:00,1386.0,1386.0,1386.0,1386.0,0.0,0.0,2.0
2017-09-04 22:20:00,1386.0,1386.0,1386.0,1386.0,0.0,0.0,2.0
2017-09-04 22:25:00,1386.0,1386.0,1386.0,1386.0,0.0,0.0,2.0
2017-09-04 22:30:00,1386.0,1386.0,1386.0,1386.0,0.0,0.0,2.0
2017-09-04 22:35:00,1386.0,1386.0,1386.0,1386.0,0.0,0.0,2.0
2017-09-04 22:40:00,1386.0,1386.0,1386.0,1386.0,0.0,0.0,2.0
2017-09-04 22:45:00,1386.0,1386.0,1386.0,1386.0,0.0,0.0,2.0
2017-09-04 22:50:00,1386.0,1386.0,1386.0,1386.0,0.0,0.0,2.0
2017-09-04 22:55:00,1386.0,1386.0,1386.0,1386.0,0.0,0.0,2.0
2017-09-04 23:00:00,1386.0,1386.0,1386.0,1386.0,0.0,0.0,2.0
2017-09-04 23:05:00,1386.0,1386.0,1386.0,1386.0,0.0,0.0,2.0
2017-09-04 23:10:00,1386.0,1386.0,1386.0,1386.0,0.0,0.0,2.0
2017-09-04 23:15:00,1386.0,1386.0,1386.0,1386.0,0.0,0.0,2.0
2017-09-04 23:20:00,1386.0,1386.0,1386.0,1386.0,0.0,0.0,2.0
2017-09-04 23:25:00,1386.0,1386.0,1386.0,1386.0,0.0,0.0,2.0
2017-09-05 09:00:00,1386.0,1386.0,1386.0,1386.0,0.0,0.0,2.0
2017-09-05 09:05:00,1386.0,1386.0,1386.0,1386.0,0.0,0.0,2.0
2017-09-05 09:10:00,1386.0,1386.0,1386.0,1386.0,0.0,0.0,2.0
2017-09-05 09:15:00,1386.0,1386.0,1386.0,1386.0,0.0,0.0,2.0
2017-09-05 09:20:00,1386.0,1386.0,1386.0,1386.0,0.0,0.0,2.0
2017-09-05 09:25:00,1386.0,1386.0,1386.0,1386.0,0.0,0.0,2.0
2017-09-05 09:30:00,1386.0,1386.0,1386.0,1386.0,0.0,0.0,2.0
2017-09-05 09:35:00,1386.0,1386.0,1386.0,1386.0,0.0,0.0,2.0
2017-09-05 09:40:00,1386.0,1386.0,1386.0,1386.0,0.0,0.0,2.0
2017-09-05 09:45:00,1386.0,1386.0,1386.0,1386.0,0.0,0.0,2.0
2017-09-05 09:50:00,1386.0,1386.0,1386.0,1386.0,0.0,0.0,2.0
2017-09-05 09:55:00,1386.0,1386.0,1386.0,1386.0,0.0,0.0,2.0
2017-09-05 10:00:00,1386.0,1386.0,1386.0,1386.0,0.0,0.0,2.0
2017-09-05 10:05:00,1386.0,1386.0,1386.0,1386.0,0.0,0.0,2.0
2017-09-05 10:10:00,1386.0,1386.0,1386.0,1386.0,0.0,0.0,2.0
2017-09-05 10:30:00,1386.0,1386.0,1386.0,1386.0,0.0,0.0,2.0
2017-09-05 10:35:00,1386.0,1386.0,1386.0,1386.0,0.0,0.0,2.0
2017-09-05 10:40:00,1386.0,1386.0,1386.0,1386.0,0.0,0.0,2.0
2017-09-05 10:45:00,1386.0,1386.0,1386.0,1386.0,0.0,0.0,2.0
2017-09-05 10:50:00,1386.0,1386.0,1386.0,1386.0,0.0,0.0,2.0
2017-09-05 10:55:00,1386.0,1386.0,1386.0,1386.0,0.0,0.0,2.0
2017-09-05 11:00:00,1386.0,1386.0,1386.0,1386.0,0.0,0.0,2.0
2017-09-05 11:05:00,1386.0,1386.0,1386.0,1386.0,0.0,0.0,2.0
2017-09-05 11:10:00,1386.0,1386.0,1386.0,1386.0,0.0,0.0,2.0
2017-09-05 11:15:00,1386.0,1386.0,1386.0,1386.0,0.0,0.0,2.0
2017-09-05 11:20:00,1386.0,1386.0,1386.0,1386.0,0.0,0.0,2.0
2017-09-05 11:25:00,1386.0,1386.0,1386.0,1386.0,0.0,0.0,2.0
2017-09-05 13:30:00,1386.0,1386.0,1386.0,1386.0,0.0,0.0,2.0
2017-09-05 13:35:00,1386.0,1386.0,1386.0,1386.0,0.0,0.0,2.0
2017-09-05 13:40:00,1386.0,1386.0,1386.0,1386.0,0.0,0.0,2.0
2017-09-05 13:45:00,1386.0,1386.0,1386.0,1386.0,0.0,0.0,2.0
2017-09-05 13:50:00,1386.0,1386.0,1386.0,1386.0,0.0,0.0,2.0
2017-09-05 13:55:00,1386.0,1386.0,1386.0,1386.0,0.0,0.0,2.0
2017-09-05 14:00:00,1386.0,1386.0,1386.0,1386.0,0.0,0.0,2.0
2017-09-05 14:05:00,1386.0,1386.0,1386.0,1386.0,0.0,0.0,2.0
2017-09-05 14:10:00,1386.0,1386.0,1386.0,1386.0,0.0,0.0,2.0
2017-09-05 14:15:00,1386.0,1386.0,1386.0,1386.0,0.0,0.0,2.0
2017-09-05 14:20:00,1386.0,1386.0,1386.0,1386.0,0.0,0.0,2.0
2017-09-05 14:25:00,1386.0,1386.0,1386.0,1386.0,0.0,0.0,2.0
2017-09-05 14:30:00,1386.0,1386.0,1386.0,1386.0,0.0,0.0,2.0
2017-09-05 14:35:00,1386.0,1386.0,1386.0,1386.0,0.0,0.0,2.0
2017-09-05 14:40:00,1386.0,1386.0,1386.0,1386.0,0.0,0.0,2.0
2017-09-05 14:45:00,1386.0,1386.0,1386.0,1386.0,0.0,0.0,2.0
2017-09-05 14:50:00,1386.0,1386.0,1386.0,1386.0,0.0,0.0,2.0
2017-09-05 14:55:00,1386.0,1386.0,1386.0,1386.0,0.0,0.0,2.0
2017-09-05 21:00:00,1386.0,1386.0,1386.0,1386.0,0.0,0.0,2.0
2017-09-05 21:05:00,1386.0,1386.0,1386.0,1386.0,0.0,0.0,2.0
2017-09-05 21:10:00,1386.0,1386.0,1386.0,1386.0,0.0,0.0,2.0
2017-09-05 21:15:00,1386.0,1386.0,1386.0,1386.0,0.0,0.0,2.0
2017-09-05 21:20:00,1386.0,1386.0,1386.0,1386.0,0.0,0.0,2.0
2017-09-05 21:25:00,1386.0,1386.0,1386.0,1386.0,0.0,0.0,2.0
2017-09-05 21:30:00,1386.0,1386.0,1386.0,1386.0,0.0,0.0,2.0
2017-09-05 21:35:00,1386.0,1386.0,1386.0,1386.0,0.0,0.0,2.0
2017-09-05 21:40:00,1386.0,1386.0,1386.0,1386.0,0.0,0.0,2.0
2017-09-05 21:45:00,1386.0,1386.0,1386.0,1386.0,0.0,0.0,2.0
2017-09-05 21:50:00,1386.0,1386.0,1386.0,1386.0,0.0,0.0,2.0
2017-09-05 21:55:00,1386.0,1386.0,1386.0,1386.0,0.0,0.0,2.0
2017-09-05 22:00:00,1386.0,1386.0,1386.0,1386.0,0.0,0.0,2.0
2017-09-05 22:05:00,1386.0,1386.0,1386.0,1386.0,0.0,0.0,2.0
2017-09-05 22:10:00,1386.0,1386.0,1386.0,1386.0,0.0,0.0,2.0
2017-09-05 22:15:00,1386.0,1386.0,1386.0,1386.0,0.0,0.0,2.0
2017-09-05 22:20:00,1386.0,1386.0,1386.0,1386.0,0.0,0.0,2.0
2017-09-05 22:25:00,1386.0,1386.0,1386.0,1386.0,0.0,0.0,2.0
2017-09-05 22:30:00,1386.0,1386.0,1386.0,1386.0,0.0,0.0,2.0
2017-09-05 22:35:00,1386.0,1386.0,1386.0,1386.0,0.0,0.0,2.0
2017-09-05 22:40:00,1386.0,1386.0,1386.0,1386.0,0.0,0.0,2.0
2017-09-05 22:45:00,1386.0,1386.0,1386.0,1386.0,0.0,0.0,2.0
2017-09-05 22:50:00,1386.0,1386.0,1386.0,1386.0,0.0,0.0,2.0
2017-09-05 22:55:00,1386.0,1386.0,1386.0,1386.0,0.0,0.0,2.0
2017-09-05 23:00:00,1386.0,1386.0,1386.0,1386.0,0.0,0.0,2.0
2017-09-05 23:05:00,1386.0,1386.0,1386.0,1386.0,0.0,0.0,2.0
2017-09-05 23:10:00,1386.0,1386.0,1386.0,1386.0,0.0,0.0,2.0
2017-09-05 23:15:00,1386.0,1386.0,1386.0,1386.0,0.0,0.0,2.0
2017-09-05 23:20:00,1386.0,1386.0,1386.0,1386.0,0.0,0.0,2.0
2017-09-05 23:25:00,1386.0,1386.0,1386.0,1386.0,0.0,0.0,2.0
2017-09-06 09:00:00,1386.0,1386.0,1386.0,1386.0,0.0,0.0,2.0
2017-09-06 09:05:00,1386.0,1386.0,1386.0,1386.0,0.0,0.0,2.0
2017-09-06 09:10:00,1386.0,1386.0,1386.0,1386.0,0.0,0.0,2.0
2017-09-06 09:15:00,1386.0,1386.0,1386.0,1386.0,0.0,0.0,2.0
2017-09-06 09:20:00,1386.0,1386.0,1386.0,1386.0,0.0,0.0,2.0
2017-09-06 09:25:00,1386.0,1386.0,1386.0,1386.0,0.0,0.0,2.0
2017-09-06 09:30:00,1386.0,1386.0,1386.0,1386.0,0.0,0.0,2.0
2017-09-06 09:35:00,1386.0,1386.0,1386.0,1386.0,0.0,0.0,2.0
2017-09-06 09:40:00,1386.0,1386.0,1386.0,1386.0,0.0,0.0,2.0
2017-09-06 09:45:00,1386.0,1386.0,1386.0,1386.0,0.0,0.0,2.0
2017-09-06 09:50:00,1386.0,1386.0,1386.0,1386.0,0.0,0.0,2.0
2017-09-06 09:55:00,1386.0,1386.0,1386.0,1386.0,0.0,0.0,2.0
2017-09-06 10:00:00,1386.0,1386.0,1386.0,1386.0,0.0,0.0,2.0
2017-09-06 10:05:00,1386.0,1386.0,1386.0,1386.0,0.0,0.0,2.0
2017-09-06 10:10:00,1386.0,1386.0,1386.0,1386.0,0.0,0.0,2.0
2017-09-06 10:30:00,1386.0,1386.0,1386.0,1386.0,0.0,0.0,2.0
2017-09-06 10:35:00,1386.0,1386.0,1386.0,1386.0,0.0,0.0,2.0
2017-09-06 10:40:00,1386.0,1386.0,1386.0,1386.0,0.0,0.0,2.0
2017-09-06 10:45:00,1386.0,1386.0,1386.0,1386.0,0.0,0.0,2.0
2017-09-06 10:50:00,1386.0,1386.0,1386.0,1386.0,0.0,0.0,2.0
2017-09-06 10:55:00,1386.0,1386.0,1386.0,1386.0,0.0,0.0,2.0
2017-09-06 11:00:00,1386.0,1386.0,1386.0,1386.0,0.0,0.0,2.0
2017-09-06 11:05:00,1386.0,1386.0,1386.0,1386.0,0.0,0.0,2.0
2017-09-06 11:10:00,1386.0,1386.0,1386.0,1386.0,0.0,0.0,2.0
2017-09-06 11:15:00,1386.0,1386.0,1386.0,1386.0,0.0,0.0,2.0
2017-09-06 11:20:00,1386.0,1386.0,1386.0,1386.0,0.0,0.0,2.0
2017-09-06 11:25:00,1386.0,1386.0,1386.0,1386.0,0.0,0.0,2.0
2017-09-06 13:30:00,1386.0,1386.0,1386.0,1386.0,0.0,0.0,2.0
2017-09-06 13:35:00,1386.0,1386.0,1386.0,1386.0,0.0,0.0,2.0
2017-09-06 13:40:00,1386.0,1386.0,1386.0,1386.0,0.0,0.0,2.0
2017-09-06 13:45:00,1386.0,1386.0,1386.0,1386.0,0.0,0.0,2.0
2017-09-06 13:50:00,1386.0,1386.0,1386.0,1386.0,0.0,0.0,2.0
2017-09-06 13:55:00,1386.0,1386.0,1386.0,1386.0,0.0,0.0,2.0
2017-09-06 14:00:00,1386.0,1386.0,1386.0,1386.0,0.0,0.0,2.0
2017-09-06 14:05:00,1386.0,1386.0,1386.0,1386.0,0.0,0.0,2.0
2017-09-06 14:10:00,1386.0,1386.0,1386.0,1386.0,0.0,0.0,2.0
2017-09-06 14:15:00,1386.0,1386.0,1386.0,1386.0,0.0,0.0,2.0
2017-09-06 14:20:00,1386.0,1386.0,1386.0,1386.0,0.0,0.0,2.0
2017-09-06 14:25:00,1386.0,1386.0,1386.0,1386.0,0.0,0.0,2.0
2017-09-06 14:30:00,1386.0,1386.0,1386.0,1386.0,0.0,0.0,2.0
2017-09-06 14:35:00,1386.0,1386.0,1386.0,1386.0,0.0,0.0,2.0
2017-09-06 14:40:00,1386.0,1386.0,1386.0,1386.0,0.0,0.0,2.0
2017-09-06 14:45:00,1386.0,1386.0,1386.0,1386.0,0.0,0.0,2.0
2017-09-06 14:50:00,1386.0,1386.0,1386.0,1386.0,0.0,0.0,2.0
2017-09-06 14:55:00,1386.0,1386.0,1386.0,1386.0,0.0,0.0,2.0
2017-09-06 21:00:00,1385.0,1385.0,1385.0,1385.0,0.0,0.0,2.0
2017-09-06 21:05:00,1385.0,1385.0,1385.0,1385.0,0.0,0.0,2.0
2017-09-06 21:10:00,1385.0,1385.0,1385.0,1385.0,0.0,0.0,2.0
2017-09-06 21:15:00,1385.0,1385.0,1385.0,1385.0,0.0,0.0,2.0
2017-09-06 21:20:00,1385.0,1385.0,1385.0,1385.0,0.0,0.0,2.0
2017-09-06 21:25:00,1385.0,1385.0,1385.0,1385.0,0.0,0.0,2.0
2017-09-06 21:30:00,1385.0,1385.0,1385.0,1385.0,0.0,0.0,2.0
2017-09-06 21:35:00,1385.0,1385.0,1385.0,1385.0,0.0,0.0,2.0
2017-09-06 21:40:00,1385.0,1385.0,1385.0,1385.0,0.0,0.0,2.0
2017-09-06 21:45:00,1385.0,1385.0,1385.0,1385.0,0.0,0.0,2.0
2017-09-06 21:50:00,1385.0,1385.0,1385.0,1385.0,0.0,0.0,2.0
2017-09-06 21:55:00,1385.0,1385.0,1385.0,1385.0,0.0,0.0,2.0
2017-09-06 22:00:00,1385.0,1385.0,1385.0,1385.0,0.0,0.0,2.0
2017-09-06 22:05:00,1385.0,1385.0,1385.0,1385.0,0.0,0.0,2.0
2017-09-06 22:10:00,1385.0,1385.0,1385.0,1385.0,0.0,0.0,2.0
2017-09-06 22:15:00,1385.0,1385.0,1385.0,1385.0,0.0,0.0,2.0
2017-09-06 22:20:00,1385.0,1385.0,1385.0,1385.0,0.0,0.0,2.0
2017-09-06 22:25:00,1385.0,1385.0,1385.0,1385.0,0.0,0.0,2.0
2017-09-06 22:30:00,1385.0,1385.0,1385.0,1385.0,0.0,0.0,2.0
2017-09-06 22:35:00,1385.0,1385.0,1385.0,1385.0,0.0,0.0,2.0
2017-09-06 22:40:00,1385.0,1385.0,1385.0,1385.0,0.0,0.0,2.0
2017-09-06 22:45:00,1385.0,1385.0,1385.0,1385.0,0.0,0.0,2.0
2017-09-06 22:50:00,1385.0,1385.0,1385.0,1385.0,0.0,0.0,2.0
2017-09-06 22:55:00,1385.0,1385.0,1385.0,1385.0,0.0,0.0,2.0
2017-09-06 23:00:00,1385.0,1385.0,1385.0,1385.0,0.0,0.0,2.0
2017-09-06 23:05:00,1385.0,1385.0,1385.0,1385.0,0.0,0.0,2.0
2017-09-06 23:10:00,1385.0,1385.0,1385.0,1385.0,0.0,0.0,2.0
2017-09-06 23:15:00,1385.0,1385.0,1385.0,1385.0,0.0,0.0,2.0
2017-09-06 23:20:00,1385.0,1385.0,1385.0,1385.0,0.0,0.0,2.0
2017-09-06 23:25:00,1385.0,1385.0,1385.0,1385.0,0.0,0.0,2.0
2017-09-07 09:00:00,1385.0,1385.0,1385.0,1385.0,0.0,0.0,2.0
2017-09-07 09:05:00,1385.0,1385.0,1385.0,1385.0,0.0,0.0,2.0
2017-09-07 09:10:00,1385.0,1385.0,1385.0,1385.0,0.0,0.0,2.0
2017-09-07 09:15:00,1385.0,1385.0,1385.0,1385.0,0.0,0.0,2.0
2017-09-07 09:20:00,1385.0,1385.0,1385.0,1385.0,0.0,0.0,2.0
2017-09-07 09:25:00,1385.0,1385.0,1385.0,1385.0,0.0,0.0,2.0
2017-09-07 09:30:00,1385.0,1385.0,1385.0,1385.0,0.0,0.0,2.0
2017-09-07 09:35:00,1385.0,1385.0,1385.0,1385.0,0.0,0.0,2.0
2017-09-07 09:40:00,1385.0,1385.0,1385.0,1385.0,0.0,0.0,2.0
2017-09-07 09:45:00,1385.0,1385.0,1385.0,1385.0,0.0,0.0,2.0
2017-09-07 09:50:00,1385.0,1385.0,1385.0,1385.0,0.0,0.0,2.0
2017-09-07 09:55:00,1385.0,1385.0,1385.0,1385.0,0.0,0.0,2.0
2017-09-07 10:00:00,1385.0,1385.0,1385.0,1385.0,0.0,0.0,2.0
2017-09-07 10:05:00,1385.0,1385.0,1385.0,1385.0,0.0,0.0,2.0
2017-09-07 10:10:00,1385.0,1385.0,1385.0,1385.0,0.0,0.0,2.0
2017-09-07 10:30:00,1385.0,1385.0,1385.0,1385.0,0.0,0.0,2.0
2017-09-07 10:35:00,1385.0,1385.0,1385.0,1385.0,0.0,0.0,2.0
2017-09-07 10:40:00,1385.0,1385.0,1385.0,1385.0,0.0,0.0,2.0
2017-09-07 10:45:00,1385.0,1385.0,1385.0,1385.0,0.0,0.0,2.0
2017-09-07 10:50:00,1385.0,1385.0,1385.0,1385.0,0.0,0.0,2.0
2017-09-07 10:55:00,1385.0,1385.0,1385.0,1385.0,0.0,0.0,2.0
2017-09-07 11:00:00,1385.0,1385.0,1385.0,1385.0,0.0,0.0,2.0
2017-09-07 11:05:00,1385.0,1385.0,1385.0,1385.0,0.0,0.0,2.0
2017-09-07 11:10:00,1385.0,1385.0,1385.0,1385.0,0.0,0.0,2.0
2017-09-07 11:15:00,1385.0,1385.0,1385.0,1385.0,0.0,0.0,2.0
2017-09-07 11:20:00,1385.0,1385.0,1385.0,1385.0,0.0,0.0,2.0
2017-09-07 11:25:00,1385.0,1385.0,1385.0,1385.0,0.0,0.0,2.0
2017-09-07 13:30:00,1385.0,1385.0,1385.0,1385.0,0.0,0.0,2.0
2017-09-07 13:35:00,1385.0,1385.0,1385.0,1385.0,0.0,0.0,2.0
2017-09-07 13:40:00,1385.0,1385.0,1385.0,1385.0,0.0,0.0,2.0
2017-09-07 13:45:00,1385.0,1385.0,1385.0,1385.0,0.0,0.0,2.0
2017-09-07 13:50:00,1385.0,1385.0,1385.0,1385.0,0.0,0.0,2.0
2017-09-07 13:55:00,1385.0,1385.0,1385.0,1385.0,0.0,0.0,2.0
2017-09-07 14:00:00,1385.0,1385.0,1385.0,1385.0,0.0,0.0,2.0
2017-09-07 14:05:00,1385.0,1385.0,1385.0,1385.0,0.0,0.0,2.0
2017-09-07 14:10:00,1385.0,1385.0,1385.0,1385.0,0.0,0.0,2.0
2017-09-07 14:15:00,1385.0,1385.0,1385.0,1385.0,0.0,0.0,2.0
2017-09-07 14:20:00,1385.0,1385.0,1385.0,1385.0,0.0,0.0,2.0
2017-09-07 14:25:00,1385.0,1385.0,1385.0,1385.0,0.0,0.0,2.0
2017-09-07 14:30:00,1385.0,1385.0,1385.0,1385.0,0.0,0.0,2.0
2017-09-07 14:35:00,1385.0,1385.0,1385.0,1385.0,0.0,0.0,2.0
2017-09-07 14:40:00,1385.0,1385.0,1385.0,1385.0,0.0,0.0,2.0
2017-09-07 14:45:00,1385.0,1385.0,1385.0,1385.0,0.0,0.0,2.0
2017-09-07 14:50:00,1385.0,1385.0,1385.0,1385.0,0.0,0.0,2.0
2017-09-07 14:55:00,1385.0,1385.0,1385.0,1385.0,0.0,0.0,2.0
2017-09-07 21:00:00,1368.0,1368.0,1368.0,1368.0,0.0,0.0,2.0
2017-09-07 21:05:00,1368.0,1368.0,1368.0,1368.0,0.0,0.0,2.0
2017-09-07 21:10:00,1368.0,1368.0,1368.0,1368.0,0.0,0.0,2.0
2017-09-07 21:15:00,1368.0,1368.0,1368.0,1368.0,0.0,0.0,2.0
2017-09-07 21:20:00,1368.0,1368.0,1366.0,1366.0,2.0,54640.0,2.0
2017-09-07 21:25:00,1366.0,1366.0,1366.0,1366.0,0.0,0.0,2.0
2017-09-07 21:30:00,1366.0,1366.0,1366.0,1366.0,0.0,0.0,2.0
2017-09-07 21:35:00,1366.0,1366.0,1366.0,1366.0,0.0,0.0,2.0
2017-09-07 21:40:00,1366.0,1366.0,1366.0,1366.0,0.0,0.0,2.0
2017-09-07 21:45:00,1366.0,1366.0,1366.0,1366.0,0.0,0.0,2.0
2017-09-07 21:50:00,1366.0,1366.0,1366.0,1366.0,0.0,0.0,2.0
2017-09-07 21:55:00,1366.0,1366.0,1366.0,1366.0,0.0,0.0,2.0
2017-09-07 22:00:00,1366.0,1366.0,1366.0,1366.0,0.0,0.0,2.0
2017-09-07 22:05:00,1366.0,1366.0,1366.0,1366.0,0.0,0.0,2.0
2017-09-07 22:10:00,1366.0,1366.0,1366.0,1366.0,0.0,0.0,2.0
2017-09-07 22:15:00,1366.0,1366.0,1366.0,1366.0,0.0,0.0,2.0
2017-09-07 22:20:00,1366.0,1366.0,1366.0,1366.0,0.0,0.0,2.0
2017-09-07 22:25:00,1366.0,1366.0,1366.0,1366.0,0.0,0.0,2.0
2017-09-07 22:30:00,1366.0,1366.0,1366.0,1366.0,0.0,0.0,2.0
2017-09-07 22:35:00,1366.0,1366.0,1366.0,1366.0,0.0,0.0,2.0
2017-09-07 22:40:00,1366.0,1366.0,1366.0,1366.0,0.0,0.0,2.0
2017-09-07 22:45:00,1366.0,1366.0,1366.0,1366.0,0.0,0.0,2.0
2017-09-07 22:50:00,1366.0,1366.0,1366.0,1366.0,0.0,0.0,2.0
2017-09-07 22:55:00,1366.0,1366.0,1366.0,1366.0,0.0,0.0,2.0
2017-09-07 23:00:00,1366.0,1366.0,1366.0,1366.0,0.0,0.0,2.0
2017-09-07 23:05:00,1366.0,1366.0,1366.0,1366.0,0.0,0.0,2.0
2017-09-07 23:10:00,1366.0,1366.0,1366.0,1366.0,0.0,0.0,2.0
2017-09-07 23:15:00,1366.0,1366.0,1366.0,1366.0,0.0,0.0,2.0
2017-09-07 23:20:00,1366.0,1366.0,1366.0,1366.0,0.0,0.0,2.0
2017-09-07 23:25:00,1366.0,1366.0,1366.0,1366.0,0.0,0.0,2.0
2017-09-08 09:00:00,1366.0,1366.0,1366.0,1366.0,0.0,0.0,2.0
2017-09-08 09:05:00,1366.0,1366.0,1366.0,1366.0,0.0,0.0,2.0
2017-09-08 09:10:00,1366.0,1366.0,1366.0,1366.0,0.0,0.0,2.0
2017-09-08 09:15:00,1366.0,1366.0,1366.0,1366.0,0.0,0.0,2.0
2017-09-08 09:20:00,1366.0,1366.0,1366.0,1366.0,0.0,0.0,2.0
2017-09-08 09:25:00,1366.0,1366.0,1366.0,1366.0,0.0,0.0,2.0
2017-09-08 09:30:00,1366.0,1366.0,1366.0,1366.0,0.0,0.0,2.0
2017-09-08 09:35:00,1366.0,1366.0,1366.0,1366.0,0.0,0.0,2.0
2017-09-08 09:40:00,1366.0,1366.0,1366.0,1366.0,0.0,0.0,2.0
2017-09-08 09:45:00,1366.0,1366.0,1366.0,1366.0,0.0,0.0,2.0
2017-09-08 09:50:00,1366.0,1366.0,1366.0,1366.0,0.0,0.0,2.0
2017-09-08 09:55:00,1366.0,1366.0,1366.0,1366.0,0.0,0.0,2.0
2017-09-08 10:00:00,1366.0,1366.0,1366.0,1366.0,0.0,0.0,2.0
2017-09-08 10:05:00,1366.0,1366.0,1366.0,1366.0,0.0,0.0,2.0
2017-09-08 10:10:00,1366.0,1366.0,1366.0,1366.0,0.0,0.0,2.0
2017-09-08 10:30:00,1366.0,1366.0,1366.0,1366.0,0.0,0.0,2.0
2017-09-08 10:35:00,1366.0,1374.0,1366.0,1374.0,2.0,54960.0,4.0
2017-09-08 10:40:00,1374.0,1374.0,1374.0,1374.0,0.0,0.0,4.0
2017-09-08 10:45:00,1374.0,1374.0,1374.0,1374.0,0.0,0.0,4.0
2017-09-08 10:50:00,1374.0,1374.0,1374.0,1374.0,0.0,0.0,4.0
2017-09-08 10:55:00,1374.0,1374.0,1374.0,1374.0,0.0,0.0,4.0
2017-09-08 11:00:00,1374.0,1374.0,1374.0,1374.0,0.0,0.0,4.0
2017-09-08 11:05:00,1374.0,1374.0,1374.0,1374.0,0.0,0.0,4.0
2017-09-08 11:10:00,1374.0,1374.0,1374.0,1374.0,0.0,0.0,4.0
2017-09-08 11:15:00,1374.0,1374.0,1374.0,1374.0,0.0,0.0,4.0
2017-09-08 11:20:00,1374.0,1374.0,1374.0,1374.0,0.0,0.0,4.0
2017-09-08 11:25:00,1374.0,1374.0,1374.0,1374.0,0.0,0.0,4.0
2017-09-08 13:30:00,1374.0,1374.0,1374.0,1374.0,0.0,0.0,4.0
2017-09-08 13:35:00,1374.0,1374.0,1374.0,1374.0,0.0,0.0,4.0
2017-09-08 13:40:00,1374.0,1374.0,1374.0,1374.0,0.0,0.0,4.0
2017-09-08 13:45:00,1374.0,1374.0,1374.0,1374.0,0.0,0.0,4.0
2017-09-08 13:50:00,1374.0,1374.0,1374.0,1374.0,0.0,0.0,4.0
2017-09-08 13:55:00,1374.0,1374.0,1374.0,1374.0,0.0,0.0,4.0
2017-09-08 14:00:00,1374.0,1374.0,1374.0,1374.0,0.0,0.0,4.0
2017-09-08 14:05:00,1374.0,1374.0,1374.0,1374.0,0.0,0.0,4.0
2017-09-08 14:10:00,1374.0,1374.0,1374.0,1374.0,0.0,0.0,4.0
2017-09-08 14:15:00,1374.0,1374.0,1374.0,1374.0,0.0,0.0,4.0
2017-09-08 14:20:00,1374.0,1374.0,1374.0,1374.0,0.0,0.0,4.0
2017-09-08 14:25:00,1374.0,1374.0,1374.0,1374.0,0.0,0.0,4.0
2017-09-08 14:30:00,1374.0,1374.0,1374.0,1374.0,0.0,0.0,4.0
2017-09-08 14:35:00,1374.0,1374.0,1374.0,1374.0,0.0,0.0,4.0
2017-09-08 14:40:00,1374.0,1374.0,1374.0,1374.0,0.0,0.0,4.0
2017-09-08 14:45:00,1374.0,1374.0,1374.0,1374.0,0.0,0.0,4.0
2017-09-08 14:50:00,1374.0,1374.0,1374.0,1374.0,0.0,0.0,4.0
2017-09-08 14:55:00,1374.0,1374.0,1374.0,1374.0,0.0,0.0,4.0
2017-09-08 21:00:00,1370.0,1370.0,1370.0,1370.0,0.0,0.0,4.0
2017-09-08 21:05:00,1370.0,1370.0,1370.0,1370.0,0.0,0.0,4.0
2017-09-08 21:10:00,1370.0,1370.0,1370.0,1370.0,0.0,0.0,4.0
2017-09-08 21:15:00,1370.0,1370.0,1370.0,1370.0,0.0,0.0,4.0
2017-09-08 21:20:00,1370.0,1370.0,1370.0,1370.0,0.0,0.0,4.0
2017-09-08 21:25:00,1370.0,1370.0,1370.0,1370.0,0.0,0.0,4.0
2017-09-08 21:30:00,1370.0,1370.0,1370.0,1370.0,0.0,0.0,4.0
2017-09-08 21:35:00,1370.0,1370.0,1370.0,1370.0,0.0,0.0,4.0
2017-09-08 21:40:00,1370.0,1370.0,1370.0,1370.0,0.0,0.0,4.0
2017-09-08 21:45:00,1370.0,1370.0,1370.0,1370.0,0.0,0.0,4.0
2017-09-08 21:50:00,1370.0,1370.0,1370.0,1370.0,0.0,0.0,4.0
2017-09-08 21:55:00,1370.0,1370.0,1370.0,1370.0,0.0,0.0,4.0
2017-09-08 22:00:00,1370.0,1370.0,1370.0,1370.0,0.0,0.0,4.0
2017-09-08 22:05:00,1370.0,1370.0,1370.0,1370.0,0.0,0.0,4.0
2017-09-08 22:10:00,1370.0,1370.0,1370.0,1370.0,0.0,0.0,4.0
2017-09-08 22:15:00,1370.0,1370.0,1370.0,1370.0,0.0,0.0,4.0
2017-09-08 22:20:00,1370.0,1370.0,1370.0,1370.0,0.0,0.0,4.0
2017-09-08 22:25:00,1370.0,1370.0,1370.0,1370.0,0.0,0.0,4.0
2017-09-08 22:30:00,1370.0,1370.0,1370.0,1370.0,0.0,0.0,4.0
2017-09-08 22:35:00,1370.0,1370.0,1370.0,1370.0,0.0,0.0,4.0
2017-09-08 22:40:00,1370.0,1370.0,1370.0,1370.0,0.0,0.0,4.0
2017-09-08 22:45:00,1370.0,1370.0,1370.0,1370.0,0.0,0.0,4.0
2017-09-08 22:50:00,1370.0,1370.0,1370.0,1370.0,0.0,0.0,4.0
2017-09-08 22:55:00,1370.0,1370.0,1370.0,1370.0,0.0,0.0,4.0
2017-09-08 23:00:00,1370.0,1370.0,1370.0,1370.0,0.0,0.0,4.0
2017-09-08 23:05:00,1370.0,1370.0,1370.0,1370.0,0.0,0.0,4.0
2017-09-08 23:10:00,1370.0,1370.0,1370.0,1370.0,0.0,0.0,4.0
2017-09-08 23:15:00,1370.0,1370.0,1370.0,1370.0,0.0,0.0,4.0
2017-09-08 23:20:00,1370.0,1370.0,1370.0,1370.0,0.0,0.0,4.0
2017-09-08 23:25:00,1370.0,1370.0,1370.0,1370.0,0.0,0.0,4.0
2017-09-11 09:00:00,1370.0,1370.0,1370.0,1370.0,0.0,0.0,4.0
2017-09-11 09:05:00,1370.0,1370.0,1370.0,1370.0,0.0,0.0,4.0
2017-09-11 09:10:00,1370.0,1370.0,1370.0,1370.0,0.0,0.0,4.0
2017-09-11 09:15:00,1370.0,1370.0,1370.0,1370.0,0.0,0.0,4.0
2017-09-11 09:20:00,1370.0,1370.0,1370.0,1370.0,0.0,0.0,4.0
2017-09-11 09:25:00,1370.0,1370.0,1370.0,1370.0,0.0,0.0,4.0
2017-09-11 09:30:00,1370.0,1370.0,1370.0,1370.0,0.0,0.0,4.0
2017-09-11 09:35:00,1370.0,1370.0,1370.0,1370.0,0.0,0.0,4.0
2017-09-11 09:40:00,1370.0,1370.0,1370.0,1370.0,0.0,0.0,4.0
2017-09-11 09:45:00,1370.0,1370.0,1370.0,1370.0,0.0,0.0,4.0
2017-09-11 09:50:00,1370.0,1370.0,1370.0,1370.0,0.0,0.0,4.0
2017-09-11 09:55:00,1370.0,1370.0,1370.0,1370.0,0.0,0.0,4.0
2017-09-11 10:00:00,1370.0,1370.0,1370.0,1370.0,0.0,0.0,4.0
2017-09-11 10:05:00,1370.0,1370.0,1370.0,1370.0,0.0,0.0,4.0
2017-09-11 10:10:00,1370.0,1370.0,1370.0,1370.0,0.0,0.0,4.0
2017-09-11 10:30:00,1370.0,1370.0,1370.0,1370.0,0.0,0.0,4.0
2017-09-11 10:35:00,1370.0,1370.0,1370.0,1370.0,0.0,0.0,4.0
2017-09-11 10:40:00,1370.0,1370.0,1370.0,1370.0,0.0,0.0,4.0
2017-09-11 10:45:00,1370.0,1370.0,1370.0,1370.0,0.0,0.0,4.0
2017-09-11 10:50:00,1370.0,1370.0,1370.0,1370.0,0.0,0.0,4.0
2017-09-11 10:55:00,1370.0,1370.0,1370.0,1370.0,0.0,0.0,4.0
2017-09-11 11:00:00,1370.0,1370.0,1370.0,1370.0,0.0,0.0,4.0
2017-09-11 11:05:00,1370.0,1370.0,1370.0,1370.0,0.0,0.0,4.0
2017-09-11 11:10:00,1370.0,1370.0,1370.0,1370.0,0.0,0.0,4.0
2017-09-11 11:15:00,1370.0,1370.0,1370.0,1370.0,0.0,0.0,4.0
2017-09-11 11:20:00,1370.0,1370.0,1370.0,1370.0,0.0,0.0,4.0
2017-09-11 11:25:00,1370.0,1370.0,1370.0,1370.0,0.0,0.0,4.0
2017-09-11 13:30:00,1370.0,1370.0,1370.0,1370.0,0.0,0.0,4.0
2017-09-11 13:35:00,1370.0,1370.0,1370.0,1370.0,0.0,0.0,4.0
2017-09-11 13:40:00,1370.0,1370.0,1370.0,1370.0,0.0,0.0,4.0
2017-09-11 13:45:00,1370.0,1370.0,1370.0,1370.0,0.0,0.0,4.0
2017-09-11 13:50:00,1370.0,1370.0,1370.0,1370.0,0.0,0.0,4.0
2017-09-11 13:55:00,1370.0,1370.0,1370.0,1370.0,0.0,0.0,4.0
2017-09-11 14:00:00,1370.0,1370.0,1370.0,1370.0,0.0,0.0,4.0
2017-09-11 14:05:00,1370.0,1370.0,1370.0,1370.0,0.0,0.0,4.0
2017-09-11 14:10:00,1370.0,1370.0,1370.0,1370.0,0.0,0.0,4.0
2017-09-11 14:15:00,1370.0,1370.0,1370.0,1370.0,0.0,0.0,4.0
2017-09-11 14:20:00,1370.0,1370.0,1370.0,1370.0,0.0,0.0,4.0
2017-09-11 14:25:00,1370.0,1370.0,1370.0,1370.0,0.0,0.0,4.0
2017-09-11 14:30:00,1370.0,1370.0,1370.0,1370.0,0.0,0.0,4.0
2017-09-11 14:35:00,1370.0,1370.0,1370.0,1370.0,0.0,0.0,4.0
2017-09-11 14:40:00,1370.0,1370.0,1370.0,1370.0,0.0,0.0,4.0
2017-09-11 14:45:00,1370.0,1370.0,1370.0,1370.0,0.0,0.0,4.0
2017-09-11 14:50:00,1370.0,1370.0,1370.0,1370.0,0.0,0.0,4.0
2017-09-11 14:55:00,1370.0,1370.0,1370.0,1370.0,0.0,0.0,4.0
2017-09-11 21:00:00,1370.0,1370.0,1370.0,1370.0,0.0,0.0,4.0
2017-09-11 21:05:00,1370.0,1370.0,1370.0,1370.0,0.0,0.0,4.0
2017-09-11 21:10:00,1370.0,1370.0,1370.0,1370.0,0.0,0.0,4.0
2017-09-11 21:15:00,1370.0,1370.0,1370.0,1370.0,0.0,0.0,4.0
2017-09-11 21:20:00,1370.0,1370.0,1370.0,1370.0,0.0,0.0,4.0
2017-09-11 21:25:00,1370.0,1370.0,1370.0,1370.0,0.0,0.0,4.0
2017-09-11 21:30:00,1370.0,1370.0,1370.0,1370.0,0.0,0.0,4.0
2017-09-11 21:35:00,1370.0,1370.0,1370.0,1370.0,0.0,0.0,4.0
2017-09-11 21:40:00,1370.0,1370.0,1370.0,1370.0,0.0,0.0,4.0
2017-09-11 21:45:00,1370.0,1370.0,1370.0,1370.0,0.0,0.0,4.0
2017-09-11 21:50:00,1370.0,1370.0,1370.0,1370.0,0.0,0.0,4.0
2017-09-11 21:55:00,1370.0,1370.0,1370.0,1370.0,0.0,0.0,4.0
2017-09-11 22:00:00,1370.0,1370.0,1370.0,1370.0,0.0,0.0,4.0
2017-09-11 22:05:00,1370.0,1370.0,1370.0,1370.0,0.0,0.0,4.0
2017-09-11 22:10:00,1370.0,1370.0,1370.0,1370.0,0.0,0.0,4.0
2017-09-11 22:15:00,1370.0,1370.0,1370.0,1370.0,0.0,0.0,4.0
2017-09-11 22:20:00,1370.0,1370.0,1370.0,1370.0,0.0,0.0,4.0
2017-09-11 22:25:00,1370.0,1370.0,1370.0,1370.0,0.0,0.0,4.0
2017-09-11 22:30:00,1370.0,1370.0,1370.0,1370.0,0.0,0.0,4.0
2017-09-11 22:35:00,1370.0,1370.0,1370.0,1370.0,0.0,0.0,4.0
2017-09-11 22:40:00,1370.0,1370.0,1370.0,1370.0,0.0,0.0,4.0
2017-09-11 22:45:00,1370.0,1370.0,1370.0,1370.0,0.0,0.0,4.0
2017-09-11 22:50:00,1370.0,1370.0,1370.0,1370.0,0.0,0.0,4.0
2017-09-11 22:55:00,1370.0,1370.0,1370.0,1370.0,0.0,0.0,4.0
2017-09-11 23:00:00,1370.0,1370.0,1370.0,1370.0,0.0,0.0,4.0
2017-09-11 23:05:00,1370.0,1370.0,1370.0,1370.0,0.0,0.0,4.0
2017-09-11 23:10:00,1370.0,1370.0,1370.0,1370.0,0.0,0.0,4.0
2017-09-11 23:15:00,1370.0,1370.0,1370.0,1370.0,0.0,0.0,4.0
2017-09-11 23:20:00,1370.0,1370.0,1370.0,1370.0,0.0,0.0,4.0
2017-09-11 23:25:00,1370.0,1370.0,1370.0,1370.0,0.0,0.0,4.0
2017-09-12 09:00:00,1370.0,1370.0,1370.0,1370.0,0.0,0.0,4.0
2017-09-12 09:05:00,1370.0,1370.0,1370.0,1370.0,0.0,0.0,4.0
2017-09-12 09:10:00,1370.0,1370.0,1370.0,1370.0,0.0,0.0,4.0
2017-09-12 09:15:00,1370.0,1370.0,1370.0,1370.0,0.0,0.0,4.0
2017-09-12 09:20:00,1370.0,1370.0,1370.0,1370.0,0.0,0.0,4.0
2017-09-12 09:25:00,1370.0,1370.0,1370.0,1370.0,0.0,0.0,4.0
2017-09-12 09:30:00,1370.0,1370.0,1370.0,1370.0,0.0,0.0,4.0
2017-09-12 09:35:00,1370.0,1370.0,1370.0,1370.0,0.0,0.0,4.0
2017-09-12 09:40:00,1370.0,1370.0,1370.0,1370.0,0.0,0.0,4.0
2017-09-12 09:45:00,1370.0,1370.0,1370.0,1370.0,0.0,0.0,4.0
2017-09-12 09:50:00,1370.0,1370.0,1370.0,1370.0,0.0,0.0,4.0
2017-09-12 09:55:00,1370.0,1370.0,1370.0,1370.0,0.0,0.0,4.0
2017-09-12 10:00:00,1370.0,1370.0,1370.0,1370.0,0.0,0.0,4.0
2017-09-12 10:05:00,1370.0,1370.0,1370.0,1370.0,0.0,0.0,4.0
2017-09-12 10:10:00,1370.0,1370.0,1370.0,1370.0,0.0,0.0,4.0
2017-09-12 10:30:00,1370.0,1370.0,1370.0,1370.0,0.0,0.0,4.0
2017-09-12 10:35:00,1370.0,1370.0,1370.0,1370.0,0.0,0.0,4.0
2017-09-12 10:40:00,1370.0,1370.0,1370.0,1370.0,0.0,0.0,4.0
2017-09-12 10:45:00,1370.0,1370.0,1370.0,1370.0,0.0,0.0,4.0
2017-09-12 10:50:00,1370.0,1370.0,1370.0,1370.0,0.0,0.0,4.0
2017-09-12 10:55:00,1370.0,1370.0,1370.0,1370.0,0.0,0.0,4.0
2017-09-12 11:00:00,1370.0,1370.0,1370.0,1370.0,0.0,0.0,4.0
2017-09-12 11:05:00,1370.0,1370.0,1370.0,1370.0,0.0,0.0,4.0
2017-09-12 11:10:00,1370.0,1370.0,1370.0,1370.0,0.0,0.0,4.0
2017-09-12 11:15:00,1370.0,1370.0,1370.0,1370.0,0.0,0.0,4.0
2017-09-12 11:20:00,1370.0,1370.0,1370.0,1370.0,0.0,0.0,4.0
2017-09-12 11:25:00,1370.0,1370.0,1370.0,1370.0,0.0,0.0,4.0
2017-09-12 13:30:00,1370.0,1370.0,1370.0,1370.0,0.0,0.0,4.0
2017-09-12 13:35:00,1370.0,1370.0,1370.0,1370.0,0.0,0.0,4.0
2017-09-12 13:40:00,1370.0,1370.0,1370.0,1370.0,0.0,0.0,4.0
2017-09-12 13:45:00,1370.0,1370.0,1370.0,1370.0,0.0,0.0,4.0
2017-09-12 13:50:00,1370.0,1370.0,1370.0,1370.0,0.0,0.0,4.0
2017-09-12 13:55:00,1370.0,1370.0,1370.0,1370.0,0.0,0.0,4.0
2017-09-12 14:00:00,1370.0,1370.0,1370.0,1370.0,0.0,0.0,4.0
2017-09-12 14:05:00,1370.0,1370.0,1370.0,1370.0,0.0,0.0,4.0
2017-09-12 14:10:00,1370.0,1370.0,1370.0,1370.0,0.0,0.0,4.0
2017-09-12 14:15:00,1370.0,1370.0,1370.0,1370.0,0.0,0.0,4.0
2017-09-12 14:20:00,1370.0,1370.0,1370.0,1370.0,0.0,0.0,4.0
2017-09-12 14:25:00,1370.0,1370.0,1370.0,1370.0,0.0,0.0,4.0
2017-09-12 14:30:00,1370.0,1370.0,1370.0,1370.0,0.0,0.0,4.0
2017-09-12 14:35:00,1370.0,1370.0,1370.0,1370.0,0.0,0.0,4.0
2017-09-12 14:40:00,1370.0,1370.0,1370.0,1370.0,0.0,0.0,4.0
2017-09-12 14:45:00,1370.0,1370.0,1370.0,1370.0,0.0,0.0,4.0
2017-09-12 14:50:00,1370.0,1370.0,1370.0,1370.0,0.0,0.0,4.0
2017-09-12 14:55:00,1370.0,1370.0,1370.0,1370.0,0.0,0.0,4.0
2017-09-12 21:00:00,1370.0,1370.0,1370.0,1370.0,0.0,0.0,4.0
2017-09-12 21:05:00,1370.0,1370.0,1370.0,1370.0,0.0,0.0,4.0
2017-09-12 21:10:00,1370.0,1370.0,1370.0,1370.0,0.0,0.0,4.0
2017-09-12 21:15:00,1370.0,1370.0,1370.0,1370.0,0.0,0.0,4.0
2017-09-12 21:20:00,1370.0,1370.0,1370.0,1370.0,0.0,0.0,4.0
2017-09-12 21:25:00,1370.0,1370.0,1370.0,1370.0,0.0,0.0,4.0
2017-09-12 21:30:00,1370.0,1370.0,1370.0,1370.0,0.0,0.0,4.0
2017-09-12 21:35:00,1370.0,1370.0,1370.0,1370.0,0.0,0.0,4.0
2017-09-12 21:40:00,1370.0,1370.0,1370.0,1370.0,0.0,0.0,4.0
2017-09-12 21:45:00,1370.0,1370.0,1370.0,1370.0,0.0,0.0,4.0
2017-09-12 21:50:00,1370.0,1370.0,1370.0,1370.0,0.0,0.0,4.0
2017-09-12 21:55:00,1370.0,1370.0,1370.0,1370.0,0.0,0.0,4.0
2017-09-12 22:00:00,1370.0,1370.0,1370.0,1370.0,0.0,0.0,4.0
2017-09-12 22:05:00,1370.0,1370.0,1370.0,1370.0,0.0,0.0,4.0
2017-09-12 22:10:00,1370.0,1370.0,1370.0,1370.0,0.0,0.0,4.0
2017-09-12 22:15:00,1370.0,1370.0,1370.0,1370.0,0.0,0.0,4.0
2017-09-12 22:20:00,1370.0,1370.0,1370.0,1370.0,0.0,0.0,4.0
2017-09-12 22:25:00,1370.0,1370.0,1370.0,1370.0,0.0,0.0,4.0
2017-09-12 22:30:00,1370.0,1370.0,1370.0,1370.0,0.0,0.0,4.0
2017-09-12 22:35:00,1370.0,1370.0,1370.0,1370.0,0.0,0.0,4.0
2017-09-12 22:40:00,1370.0,1370.0,1370.0,1370.0,0.0,0.0,4.0
2017-09-12 22:45:00,1370.0,1370.0,1370.0,1370.0,0.0,0.0,4.0
2017-09-12 22:50:00,1370.0,1370.0,1370.0,1370.0,0.0,0.0,4.0
2017-09-12 22:55:00,1370.0,1370.0,1370.0,1370.0,0.0,0.0,4.0
2017-09-12 23:00:00,1370.0,1370.0,1370.0,1370.0,0.0,0.0,4.0
2017-09-12 23:05:00,1370.0,1370.0,1370.0,1370.0,0.0,0.0,4.0
2017-09-12 23:10:00,1370.0,1370.0,1370.0,1370.0,0.0,0.0,4.0
2017-09-12 23:15:00,1370.0,1370.0,1370.0,1370.0,0.0,0.0,4.0
2017-09-12 23:20:00,1370.0,1370.0,1370.0,1370.0,0.0,0.0,4.0
2017-09-12 23:25:00,1370.0,1370.0,1370.0,1370.0,0.0,0.0,4.0
2017-09-13 09:00:00,1370.0,1370.0,1370.0,1370.0,0.0,0.0,4.0
2017-09-13 09:05:00,1370.0,1370.0,1370.0,1370.0,0.0,0.0,4.0
2017-09-13 09:10:00,1370.0,1370.0,1370.0,1370.0,0.0,0.0,4.0
2017-09-13 09:15:00,1370.0,1370.0,1370.0,1370.0,0.0,0.0,4.0
2017-09-13 09:20:00,1370.0,1370.0,1370.0,1370.0,0.0,0.0,4.0
2017-09-13 09:25:00,1370.0,1370.0,1370.0,1370.0,0.0,0.0,4.0
2017-09-13 09:30:00,1370.0,1370.0,1370.0,1370.0,0.0,0.0,4.0
2017-09-13 09:35:00,1370.0,1370.0,1370.0,1370.0,0.0,0.0,4.0
2017-09-13 09:40:00,1370.0,1370.0,1370.0,1370.0,0.0,0.0,4.0
2017-09-13 09:45:00,1370.0,1370.0,1370.0,1370.0,0.0,0.0,4.0
2017-09-13 09:50:00,1370.0,1370.0,1370.0,1370.0,0.0,0.0,4.0
2017-09-13 09:55:00,1370.0,1370.0,1370.0,1370.0,0.0,0.0,4.0
2017-09-13 10:00:00,1370.0,1370.0,1370.0,1370.0,0.0,0.0,4.0
2017-09-13 10:05:00,1370.0,1370.0,1370.0,1370.0,0.0,0.0,4.0
2017-09-13 10:10:00,1370.0,1370.0,1370.0,1370.0,0.0,0.0,4.0
2017-09-13 10:30:00,1370.0,1370.0,1370.0,1370.0,0.0,0.0,4.0
2017-09-13 10:35:00,1370.0,1370.0,1370.0,1370.0,0.0,0.0,4.0
2017-09-13 10:40:00,1370.0,1370.0,1370.0,1370.0,0.0,0.0,4.0
2017-09-13 10:45:00,1370.0,1370.0,1370.0,1370.0,0.0,0.0,4.0
2017-09-13 10:50:00,1370.0,1370.0,1370.0,1370.0,0.0,0.0,4.0
2017-09-13 10:55:00,1370.0,1370.0,1370.0,1370.0,0.0,0.0,4.0
2017-09-13 11:00:00,1370.0,1370.0,1370.0,1370.0,0.0,0.0,4.0
2017-09-13 11:05:00,1370.0,1370.0,1370.0,1370.0,0.0,0.0,4.0
2017-09-13 11:10:00,1370.0,1370.0,1370.0,1370.0,0.0,0.0,4.0
2017-09-13 11:15:00,1370.0,1370.0,1370.0,1370.0,0.0,0.0,4.0
2017-09-13 11:20:00,1370.0,1370.0,1370.0,1370.0,0.0,0.0,4.0
2017-09-13 11:25:00,1370.0,1370.0,1370.0,1370.0,0.0,0.0,4.0
2017-09-13 13:30:00,1370.0,1370.0,1370.0,1370.0,0.0,0.0,4.0
2017-09-13 13:35:00,1370.0,1370.0,1370.0,1370.0,0.0,0.0,4.0
2017-09-13 13:40:00,1370.0,1370.0,1370.0,1370.0,0.0,0.0,4.0
2017-09-13 13:45:00,1370.0,1370.0,1370.0,1370.0,0.0,0.0,4.0
2017-09-13 13:50:00,1370.0,1370.0,1370.0,1370.0,0.0,0.0,4.0
2017-09-13 13:55:00,1370.0,1370.0,1370.0,1370.0,0.0,0.0,4.0
2017-09-13 14:00:00,1370.0,1370.0,1370.0,1370.0,0.0,0.0,4.0
2017-09-13 14:05:00,1370.0,1370.0,1370.0,1370.0,0.0,0.0,4.0
2017-09-13 14:10:00,1370.0,1370.0,1370.0,1370.0,0.0,0.0,4.0
2017-09-13 14:15:00,1370.0,1370.0,1370.0,1370.0,0.0,0.0,4.0
2017-09-13 14:20:00,1370.0,1370.0,1370.0,1370.0,0.0,0.0,4.0
2017-09-13 14:25:00,1370.0,1370.0,1370.0,1370.0,0.0,0.0,4.0
2017-09-13 14:30:00,1370.0,1370.0,1370.0,1370.0,0.0,0.0,4.0
2017-09-13 14:35:00,1370.0,1370.0,1370.0,1370.0,0.0,0.0,4.0
2017-09-13 14:40:00,1370.0,1370.0,1370.0,1370.0,0.0,0.0,4.0
2017-09-13 14:45:00,1370.0,1370.0,1370.0,1370.0,0.0,0.0,4.0
2017-09-13 14:50:00,1370.0,1370.0,1370.0,1370.0,0.0,0.0,4.0
2017-09-13 14:55:00,1370.0,1370.0,1370.0,1370.0,0.0,0.0,4.0
2017-09-13 21:00:00,1370.0,1370.0,1370.0,1370.0,0.0,0.0,4.0
2017-09-13 21:05:00,1370.0,1370.0,1370.0,1370.0,0.0,0.0,4.0
2017-09-13 21:10:00,1370.0,1370.0,1370.0,1370.0,0.0,0.0,4.0
2017-09-13 21:15:00,1370.0,1370.0,1370.0,1370.0,0.0,0.0,4.0
2017-09-13 21:20:00,1370.0,1370.0,1370.0,1370.0,0.0,0.0,4.0
2017-09-13 21:25:00,1370.0,1370.0,1370.0,1370.0,0.0,0.0,4.0
2017-09-13 21:30:00,1370.0,1370.0,1370.0,1370.0,0.0,0.0,4.0
2017-09-13 21:35:00,1370.0,1370.0,1370.0,1370.0,0.0,0.0,4.0
2017-09-13 21:40:00,1370.0,1370.0,1370.0,1370.0,0.0,0.0,4.0
2017-09-13 21:45:00,1370.0,1370.0,1370.0,1370.0,0.0,0.0,4.0
2017-09-13 21:50:00,1370.0,1370.0,1370.0,1370.0,0.0,0.0,4.0
2017-09-13 21:55:00,1370.0,1370.0,1370.0,1370.0,0.0,0.0,4.0
2017-09-13 22:00:00,1370.0,1370.0,1370.0,1370.0,0.0,0.0,4.0
2017-09-13 22:05:00,1370.0,1370.0,1370.0,1370.0,0.0,0.0,4.0
2017-09-13 22:10:00,1370.0,1370.0,1370.0,1370.0,0.0,0.0,4.0
2017-09-13 22:15:00,1370.0,1370.0,1370.0,1370.0,0.0,0.0,4.0
2017-09-13 22:20:00,1370.0,1370.0,1370.0,1370.0,0.0,0.0,4.0
2017-09-13 22:25:00,1370.0,1370.0,1370.0,1370.0,0.0,0.0,4.0
2017-09-13 22:30:00,1370.0,1370.0,1370.0,1370.0,0.0,0.0,4.0
2017-09-13 22:35:00,1370.0,1370.0,1370.0,1370.0,0.0,0.0,4.0
2017-09-13 22:40:00,1370.0,1370.0,1370.0,1370.0,0.0,0.0,4.0
2017-09-13 22:45:00,1370.0,1370.0,1370.0,1370.0,0.0,0.0,4.0
2017-09-13 22:50:00,1370.0,1370.0,1370.0,1370.0,0.0,0.0,4.0
2017-09-13 22:55:00,1370.0,1370.0,1370.0,1370.0,0.0,0.0,4.0
2017-09-13 23:00:00,1370.0,1370.0,1370.0,1370.0,0.0,0.0,4.0
2017-09-13 23:05:00,1370.0,1370.0,1370.0,1370.0,0.0,0.0,4.0
2017-09-13 23:10:00,1370.0,1370.0,1370.0,1370.0,0.0,0.0,4.0
2017-09-13 23:15:00,1370.0,1370.0,1370.0,1370.0,0.0,0.0,4.0
2017-09-13 23:20:00,1370.0,1370.0,1370.0,1370.0,0.0,0.0,4.0
2017-09-13 23:25:00,1370.0,1370.0,1370.0,1370.0,0.0,0.0,4.0
2017-09-14 09:00:00,1370.0,1370.0,1370.0,1370.0,0.0,0.0,4.0
2017-09-14 09:05:00,1370.0,1370.0,1370.0,1370.0,0.0,0.0,4.0
2017-09-14 09:10:00,1370.0,1370.0,1370.0,1370.0,0.0,0.0,4.0
2017-09-14 09:15:00,1370.0,1370.0,1370.0,1370.0,0.0,0.0,4.0
2017-09-14 09:20:00,1370.0,1370.0,1370.0,1370.0,0.0,0.0,4.0
2017-09-14 09:25:00,1370.0,1370.0,1370.0,1370.0,0.0,0.0,4.0
2017-09-14 09:30:00,1370.0,1370.0,1370.0,1370.0,0.0,0.0,4.0
2017-09-14 09:35:00,1370.0,1370.0,1370.0,1370.0,0.0,0.0,4.0
2017-09-14 09:40:00,1370.0,1370.0,1370.0,1370.0,0.0,0.0,4.0
2017-09-14 09:45:00,1370.0,1370.0,1370.0,1370.0,0.0,0.0,4.0
2017-09-14 09:50:00,1370.0,1370.0,1370.0,1370.0,0.0,0.0,4.0
2017-09-14 09:55:00,1370.0,1370.0,1370.0,1370.0,0.0,0.0,4.0
2017-09-14 10:00:00,1370.0,1370.0,1370.0,1370.0,0.0,0.0,4.0
2017-09-14 10:05:00,1370.0,1370.0,1370.0,1370.0,0.0,0.0,4.0
2017-09-14 10:10:00,1370.0,1370.0,1370.0,1370.0,0.0,0.0,4.0
2017-09-14 10:30:00,1370.0,1370.0,1370.0,1370.0,0.0,0.0,4.0
2017-09-14 10:35:00,1370.0,1370.0,1370.0,1370.0,0.0,0.0,4.0
2017-09-14 10:40:00,1370.0,1370.0,1370.0,1370.0,0.0,0.0,4.0
2017-09-14 10:45:00,1370.0,1370.0,1370.0,1370.0,0.0,0.0,4.0
2017-09-14 10:50:00,1370.0,1370.0,1370.0,1370.0,0.0,0.0,4.0
2017-09-14 10:55:00,1370.0,1370.0,1370.0,1370.0,0.0,0.0,4.0
2017-09-14 11:00:00,1370.0,1370.0,1370.0,1370.0,0.0,0.0,4.0
2017-09-14 11:05:00,1370.0,1370.0,1370.0,1370.0,0.0,0.0,4.0
2017-09-14 11:10:00,1370.0,1370.0,1370.0,1370.0,0.0,0.0,4.0
2017-09-14 11:15:00,1370.0,1370.0,1370.0,1370.0,0.0,0.0,4.0
2017-09-14 11:20:00,1370.0,1370.0,1370.0,1370.0,0.0,0.0,4.0
2017-09-14 11:25:00,1370.0,1370.0,1370.0,1370.0,0.0,0.0,4.0
2017-09-14 13:30:00,1370.0,1370.0,1370.0,1370.0,0.0,0.0,4.0
2017-09-14 13:35:00,1370.0,1370.0,1370.0,1370.0,0.0,0.0,4.0
2017-09-14 13:40:00,1370.0,1370.0,1370.0,1370.0,0.0,0.0,4.0
2017-09-14 13:45:00,1370.0,1370.0,1370.0,1370.0,0.0,0.0,4.0
2017-09-14 13:50:00,1370.0,1370.0,1370.0,1370.0,0.0,0.0,4.0
2017-09-14 13:55:00,1370.0,1370.0,1370.0,1370.0,0.0,0.0,4.0
2017-09-14 14:00:00,1370.0,1370.0,1370.0,1370.0,0.0,0.0,4.0
2017-09-14 14:05:00,1370.0,1370.0,1370.0,1370.0,0.0,0.0,4.0
2017-09-14 14:10:00,1370.0,1370.0,1370.0,1370.0,0.0,0.0,4.0
2017-09-14 14:15:00,1370.0,1370.0,1370.0,1370.0,0.0,0.0,4.0
2017-09-14 14:20:00,1370.0,1370.0,1370.0,1370.0,0.0,0.0,4.0
2017-09-14 14:25:00,1370.0,1370.0,1370.0,1370.0,0.0,0.0,4.0
2017-09-14 14:30:00,1370.0,1370.0,1370.0,1370.0,0.0,0.0,4.0
2017-09-14 14:35:00,1370.0,1370.0,1370.0,1370.0,0.0,0.0,4.0
2017-09-14 14:40:00,1370.0,1370.0,1370.0,1370.0,0.0,0.0,4.0
2017-09-14 14:45:00,1370.0,1370.0,1370.0,1370.0,0.0,0.0,4.0
2017-09-14 14:50:00,1370.0,1370.0,1370.0,1370.0,0.0,0.0,4.0
2017-09-14 14:55:00,1370.0,1370.0,1370.0,1370.0,0.0,0.0,4.0
2017-09-14 21:00:00,1370.0,1370.0,1370.0,1370.0,0.0,0.0,4.0
2017-09-14 21:05:00,1370.0,1370.0,1370.0,1370.0,0.0,0.0,4.0
2017-09-14 21:10:00,1370.0,1370.0,1370.0,1370.0,0.0,0.0,4.0
2017-09-14 21:15:00,1370.0,1370.0,1370.0,1370.0,0.0,0.0,4.0
2017-09-14 21:20:00,1370.0,1370.0,1370.0,1370.0,0.0,0.0,4.0
2017-09-14 21:25:00,1370.0,1370.0,1370.0,1370.0,0.0,0.0,4.0
2017-09-14 21:30:00,1370.0,1370.0,1370.0,1370.0,0.0,0.0,4.0
2017-09-14 21:35:00,1370.0,1370.0,1370.0,1370.0,0.0,0.0,4.0
2017-09-14 21:40:00,1370.0,1370.0,1370.0,1370.0,0.0,0.0,4.0
2017-09-14 21:45:00,1370.0,1370.0,1370.0,1370.0,0.0,0.0,4.0
2017-09-14 21:50:00,1370.0,1370.0,1370.0,1370.0,0.0,0.0,4.0
2017-09-14 21:55:00,1370.0,1370.0,1370.0,1370.0,0.0,0.0,4.0
2017-09-14 22:00:00,1370.0,1370.0,1370.0,1370.0,0.0,0.0,4.0
2017-09-14 22:05:00,1370.0,1370.0,1370.0,1370.0,0.0,0.0,4.0
2017-09-14 22:10:00,1370.0,1370.0,1370.0,1370.0,0.0,0.0,4.0
2017-09-14 22:15:00,1370.0,1370.0,1370.0,1370.0,0.0,0.0,4.0
2017-09-14 22:20:00,1370.0,1370.0,1370.0,1370.0,0.0,0.0,4.0
2017-09-14 22:25:00,1370.0,1370.0,1370.0,1370.0,0.0,0.0,4.0
2017-09-14 22:30:00,1370.0,1370.0,1370.0,1370.0,0.0,0.0,4.0
2017-09-14 22:35:00,1370.0,1370.0,1370.0,1370.0,0.0,0.0,4.0
2017-09-14 22:40:00,1370.0,1370.0,1370.0,1370.0,0.0,0.0,4.0
2017-09-14 22:45:00,1370.0,1370.0,1370.0,1370.0,0.0,0.0,4.0
2017-09-14 22:50:00,1370.0,1370.0,1370.0,1370.0,0.0,0.0,4.0
2017-09-14 22:55:00,1370.0,1370.0,1370.0,1370.0,0.0,0.0,4.0
2017-09-14 23:00:00,1370.0,1370.0,1370.0,1370.0,0.0,0.0,4.0
2017-09-14 23:05:00,1370.0,1370.0,1370.0,1370.0,0.0,0.0,4.0
2017-09-14 23:10:00,1370.0,1370.0,1370.0,1370.0,0.0,0.0,4.0
2017-09-14 23:15:00,1370.0,1370.0,1370.0,1370.0,0.0,0.0,4.0
2017-09-14 23:20:00,1370.0,1370.0,1370.0,1370.0,0.0,0.0,4.0
2017-09-14 23:25:00,1370.0,1370.0,1370.0,1370.0,0.0,0.0,4.0
2017-09-15 09:00:00,1370.0,1370.0,1370.0,1370.0,0.0,0.0,4.0
2017-09-15 09:05:00,1370.0,1370.0,1370.0,1370.0,0.0,0.0,4.0
2017-09-15 09:10:00,1370.0,1370.0,1370.0,1370.0,0.0,0.0,4.0
2017-09-15 09:15:00,1370.0,1370.0,1370.0,1370.0,0.0,0.0,4.0
2017-09-15 09:20:00,1370.0,1370.0,1370.0,1370.0,0.0,0.0,4.0
2017-09-15 09:25:00,1370.0,1370.0,1370.0,1370.0,0.0,0.0,4.0
2017-09-15 09:30:00,1370.0,1370.0,1370.0,1370.0,0.0,0.0,4.0
2017-09-15 09:35:00,1370.0,1370.0,1370.0,1370.0,0.0,0.0,4.0
2017-09-15 09:40:00,1370.0,1370.0,1370.0,1370.0,0.0,0.0,4.0
2017-09-15 09:45:00,1370.0,1370.0,1370.0,1370.0,0.0,0.0,4.0
2017-09-15 09:50:00,1370.0,1370.0,1370.0,1370.0,0.0,0.0,4.0
2017-09-15 09:55:00,1370.0,1370.0,1370.0,1370.0,0.0,0.0,4.0
2017-09-15 10:00:00,1370.0,1370.0,1370.0,1370.0,0.0,0.0,4.0
2017-09-15 10:05:00,1370.0,1370.0,1370.0,1370.0,0.0,0.0,4.0
2017-09-15 10:10:00,1370.0,1370.0,1370.0,1370.0,0.0,0.0,4.0
2017-09-15 10:30:00,1370.0,1370.0,1370.0,1370.0,0.0,0.0,4.0
2017-09-15 10:35:00,1370.0,1370.0,1370.0,1370.0,0.0,0.0,4.0
2017-09-15 10:40:00,1370.0,1370.0,1370.0,1370.0,0.0,0.0,4.0
2017-09-15 10:45:00,1370.0,1370.0,1370.0,1370.0,0.0,0.0,4.0
2017-09-15 10:50:00,1370.0,1370.0,1370.0,1370.0,0.0,0.0,4.0
2017-09-15 10:55:00,1370.0,1370.0,1370.0,1370.0,0.0,0.0,4.0
2017-09-15 11:00:00,1370.0,1370.0,1370.0,1370.0,0.0,0.0,4.0
2017-09-15 11:05:00,1370.0,1370.0,1370.0,1370.0,0.0,0.0,4.0
2017-09-15 11:10:00,1370.0,1370.0,1370.0,1370.0,0.0,0.0,4.0
2017-09-15 11:15:00,1370.0,1370.0,1370.0,1370.0,0.0,0.0,4.0
2017-09-15 11:20:00,1370.0,1370.0,1370.0,1370.0,0.0,0.0,4.0
2017-09-15 11:25:00,1370.0,1370.0,1370.0,1370.0,0.0,0.0,4.0
2017-09-15 13:30:00,1370.0,1370.0,1370.0,1370.0,0.0,0.0,4.0
2017-09-15 13:35:00,1370.0,1370.0,1370.0,1370.0,0.0,0.0,4.0
2017-09-15 13:40:00,1370.0,1370.0,1370.0,1370.0,0.0,0.0,4.0
2017-09-15 13:45:00,1370.0,1370.0,1370.0,1370.0,0.0,0.0,4.0
2017-09-15 13:50:00,1370.0,1370.0,1370.0,1370.0,0.0,0.0,4.0
2017-09-15 13:55:00,1370.0,1370.0,1370.0,1370.0,0.0,0.0,4.0
2017-09-15 14:00:00,1370.0,1370.0,1370.0,1370.0,0.0,0.0,4.0
2017-09-15 14:05:00,1370.0,1370.0,1370.0,1370.0,0.0,0.0,4.0
2017-09-15 14:10:00,1370.0,1370.0,1370.0,1370.0,0.0,0.0,4.0
2017-09-15 14:15:00,1370.0,1370.0,1370.0,1370.0,0.0,0.0,4.0
2017-09-15 14:20:00,1370.0,1370.0,1370.0,1370.0,0.0,0.0,4.0
2017-09-15 14:25:00,1370.0,1370.0,1370.0,1370.0,0.0,0.0,4.0
2017-09-15 14:30:00,1370.0,1370.0,1370.0,1370.0,0.0,0.0,4.0
2017-09-15 14:35:00,1370.0,1370.0,1370.0,1370.0,0.0,0.0,4.0
2017-09-15 14:40:00,1370.0,1370.0,1370.0,1370.0,0.0,0.0,4.0
2017-09-15 14:45:00,1370.0,1370.0,1370.0,1370.0,0.0,0.0,4.0
2017-09-15 14:50:00,1370.0,1370.0,1370.0,1370.0,0.0,0.0,4.0
2017-09-15 14:55:00,1370.0,1370.0,1370.0,1370.0,0.0,0.0,4.0
2017-09-15 21:00:00,1353.0,1353.0,1353.0,1353.0,0.0,0.0,4.0
2017-09-15 21:05:00,1353.0,1353.0,1353.0,1353.0,0.0,0.0,4.0
2017-09-15 21:10:00,1353.0,1353.0,1353.0,1353.0,0.0,0.0,4.0
2017-09-15 21:15:00,1353.0,1353.0,1353.0,1353.0,0.0,0.0,4.0
2017-09-15 21:20:00,1353.0,1353.0,1353.0,1353.0,0.0,0.0,4.0
2017-09-15 21:25:00,1353.0,1353.0,1353.0,1353.0,0.0,0.0,4.0
2017-09-15 21:30:00,1353.0,1353.0,1353.0,1353.0,0.0,0.0,4.0
2017-09-15 21:35:00,1353.0,1353.0,1353.0,1353.0,0.0,0.0,4.0
2017-09-15 21:40:00,1353.0,1353.0,1353.0,1353.0,0.0,0.0,4.0
2017-09-15 21:45:00,1353.0,1353.0,1353.0,1353.0,0.0,0.0,4.0
2017-09-15 21:50:00,1353.0,1353.0,1353.0,1353.0,0.0,0.0,4.0
2017-09-15 21:55:00,1353.0,1353.0,1353.0,1353.0,0.0,0.0,4.0
2017-09-15 22:00:00,1353.0,1353.0,1353.0,1353.0,0.0,0.0,4.0
2017-09-15 22:05:00,1353.0,1353.0,1353.0,1353.0,0.0,0.0,4.0
2017-09-15 22:10:00,1353.0,1353.0,1353.0,1353.0,0.0,0.0,4.0
2017-09-15 22:15:00,1353.0,1353.0,1353.0,1353.0,0.0,0.0,4.0
2017-09-15 22:20:00,1353.0,1353.0,1353.0,1353.0,0.0,0.0,4.0
2017-09-15 22:25:00,1353.0,1353.0,1353.0,1353.0,0.0,0.0,4.0
2017-09-15 22:30:00,1353.0,1353.0,1343.0,1343.0,2.0,53720.0,4.0
2017-09-15 22:35:00,1343.0,1343.0,1343.0,1343.0,0.0,0.0,4.0
2017-09-15 22:40:00,1343.0,1343.0,1343.0,1343.0,0.0,0.0,4.0
2017-09-15 22:45:00,1343.0,1343.0,1343.0,1343.0,0.0,0.0,4.0
2017-09-15 22:50:00,1343.0,1343.0,1343.0,1343.0,0.0,0.0,4.0
2017-09-15 22:55:00,1343.0,1343.0,1343.0,1343.0,0.0,0.0,4.0
2017-09-15 23:00:00,1343.0,1343.0,1343.0,1343.0,0.0,0.0,4.0
2017-09-15 23:05:00,1343.0,1343.0,1343.0,1343.0,0.0,0.0,4.0
2017-09-15 23:10:00,1343.0,1343.0,1343.0,1343.0,0.0,0.0,4.0
2017-09-15 23:15:00,1343.0,1343.0,1343.0,1343.0,0.0,0.0,4.0
2017-09-15 23:20:00,1343.0,1343.0,1343.0,1343.0,0.0,0.0,4.0
2017-09-15 23:25:00,1343.0,1343.0,1343.0,1343.0,0.0,0.0,4.0
2017-09-18 09:00:00,1343.0,1343.0,1343.0,1343.0,0.0,0.0,4.0
2017-09-18 09:05:00,1343.0,1343.0,1343.0,1343.0,0.0,0.0,4.0
2017-09-18 09:10:00,1343.0,1343.0,1343.0,1343.0,0.0,0.0,4.0
2017-09-18 09:15:00,1343.0,1343.0,1343.0,1343.0,0.0,0.0,4.0
2017-09-18 09:20:00,1343.0,1343.0,1343.0,1343.0,0.0,0.0,4.0
2017-09-18 09:25:00,1343.0,1343.0,1343.0,1343.0,0.0,0.0,4.0
2017-09-18 09:30:00,1343.0,1343.0,1343.0,1343.0,0.0,0.0,4.0
2017-09-18 09:35:00,1343.0,1343.0,1343.0,1343.0,0.0,0.0,4.0
2017-09-18 09:40:00,1343.0,1343.0,1343.0,1343.0,0.0,0.0,4.0
2017-09-18 09:45:00,1343.0,1343.0,1343.0,1343.0,0.0,0.0,4.0
2017-09-18 09:50:00,1343.0,1343.0,1343.0,1343.0,0.0,0.0,4.0
2017-09-18 09:55:00,1343.0,1343.0,1343.0,1343.0,0.0,0.0,4.0
2017-09-18 10:00:00,1343.0,1343.0,1343.0,1343.0,0.0,0.0,4.0
2017-09-18 10:05:00,1343.0,1343.0,1343.0,1343.0,0.0,0.0,4.0
2017-09-18 10:10:00,1343.0,1343.0,1343.0,1343.0,0.0,0.0,4.0
2017-09-18 10:30:00,1343.0,1343.0,1343.0,1343.0,0.0,0.0,4.0
2017-09-18 10:35:00,1343.0,1343.0,1343.0,1343.0,0.0,0.0,4.0
2017-09-18 10:40:00,1343.0,1343.0,1343.0,1343.0,0.0,0.0,4.0
2017-09-18 10:45:00,1343.0,1343.0,1343.0,1343.0,0.0,0.0,4.0
2017-09-18 10:50:00,1343.0,1343.0,1343.0,1343.0,0.0,0.0,4.0
2017-09-18 10:55:00,1343.0,1343.0,1343.0,1343.0,0.0,0.0,4.0
2017-09-18 11:00:00,1343.0,1343.0,1343.0,1343.0,0.0,0.0,4.0
2017-09-18 11:05:00,1343.0,1343.0,1343.0,1343.0,0.0,0.0,4.0
2017-09-18 11:10:00,1343.0,1343.0,1343.0,1343.0,0.0,0.0,4.0
2017-09-18 11:15:00,1343.0,1343.0,1343.0,1343.0,0.0,0.0,4.0
2017-09-18 11:20:00,1343.0,1343.0,1343.0,1343.0,0.0,0.0,4.0
2017-09-18 11:25:00,1343.0,1343.0,1343.0,1343.0,0.0,0.0,4.0
2017-09-18 13:30:00,1343.0,1343.0,1343.0,1343.0,0.0,0.0,4.0
2017-09-18 13:35:00,1343.0,1343.0,1343.0,1343.0,0.0,0.0,4.0
2017-09-18 13:40:00,1343.0,1343.0,1343.0,1343.0,0.0,0.0,4.0
2017-09-18 13:45:00,1343.0,1343.0,1343.0,1343.0,0.0,0.0,4.0
2017-09-18 13:50:00,1343.0,1343.0,1343.0,1343.0,0.0,0.0,4.0
2017-09-18 13:55:00,1343.0,1343.0,1343.0,1343.0,0.0,0.0,4.0
2017-09-18 14:00:00,1343.0,1343.0,1343.0,1343.0,0.0,0.0,4.0
2017-09-18 14:05:00,1343.0,1343.0,1343.0,1343.0,0.0,0.0,4.0
2017-09-18 14:10:00,1343.0,1343.0,1343.0,1343.0,0.0,0.0,4.0
2017-09-18 14:15:00,1343.0,1343.0,1343.0,1343.0,0.0,0.0,4.0
2017-09-18 14:20:00,1343.0,1343.0,1343.0,1343.0,0.0,0.0,4.0
2017-09-18 14:25:00,1343.0,1343.0,1343.0,1343.0,0.0,0.0,4.0
2017-09-18 14:30:00,1343.0,1343.0,1343.0,1343.0,0.0,0.0,4.0
2017-09-18 14:35:00,1343.0,1343.0,1343.0,1343.0,0.0,0.0,4.0
2017-09-18 14:40:00,1343.0,1343.0,1343.0,1343.0,0.0,0.0,4.0
2017-09-18 14:45:00,1343.0,1343.0,1343.0,1343.0,0.0,0.0,4.0
2017-09-18 14:50:00,1343.0,1343.0,1343.0,1343.0,0.0,0.0,4.0
2017-09-18 14:55:00,1343.0,1343.0,1343.0,1343.0,0.0,0.0,4.0
2017-09-18 21:00:00,1343.0,1343.0,1343.0,1343.0,0.0,0.0,4.0
2017-09-18 21:05:00,1343.0,1343.0,1343.0,1343.0,0.0,0.0,4.0
2017-09-18 21:10:00,1343.0,1343.0,1343.0,1343.0,0.0,0.0,4.0
2017-09-18 21:15:00,1343.0,1343.0,1343.0,1343.0,0.0,0.0,4.0
2017-09-18 21:20:00,1343.0,1343.0,1343.0,1343.0,0.0,0.0,4.0
2017-09-18 21:25:00,1343.0,1343.0,1343.0,1343.0,0.0,0.0,4.0
2017-09-18 21:30:00,1343.0,1343.0,1343.0,1343.0,0.0,0.0,4.0
2017-09-18 21:35:00,1343.0,1343.0,1343.0,1343.0,0.0,0.0,4.0
2017-09-18 21:40:00,1343.0,1343.0,1343.0,1343.0,0.0,0.0,4.0
2017-09-18 21:45:00,1343.0,1343.0,1343.0,1343.0,0.0,0.0,4.0
2017-09-18 21:50:00,1343.0,1343.0,1343.0,1343.0,0.0,0.0,4.0
2017-09-18 21:55:00,1343.0,1343.0,1343.0,1343.0,0.0,0.0,4.0
2017-09-18 22:00:00,1343.0,1343.0,1343.0,1343.0,0.0,0.0,4.0
2017-09-18 22:05:00,1343.0,1343.0,1343.0,1343.0,0.0,0.0,4.0
2017-09-18 22:10:00,1343.0,1343.0,1343.0,1343.0,0.0,0.0,4.0
2017-09-18 22:15:00,1343.0,1343.0,1343.0,1343.0,0.0,0.0,4.0
2017-09-18 22:20:00,1343.0,1343.0,1343.0,1343.0,0.0,0.0,4.0
2017-09-18 22:25:00,1343.0,1343.0,1343.0,1343.0,0.0,0.0,4.0
2017-09-18 22:30:00,1343.0,1343.0,1343.0,1343.0,0.0,0.0,4.0
2017-09-18 22:35:00,1343.0,1343.0,1343.0,1343.0,0.0,0.0,4.0
2017-09-18 22:40:00,1343.0,1343.0,1343.0,1343.0,0.0,0.0,4.0
2017-09-18 22:45:00,1343.0,1343.0,1343.0,1343.0,0.0,0.0,4.0
2017-09-18 22:50:00,1343.0,1343.0,1343.0,1343.0,0.0,0.0,4.0
2017-09-18 22:55:00,1343.0,1343.0,1343.0,1343.0,0.0,0.0,4.0
2017-09-18 23:00:00,1343.0,1343.0,1343.0,1343.0,0.0,0.0,4.0
2017-09-18 23:05:00,1343.0,1343.0,1343.0,1343.0,0.0,0.0,4.0
2017-09-18 23:10:00,1343.0,1343.0,1343.0,1343.0,0.0,0.0,4.0
2017-09-18 23:15:00,1343.0,1343.0,1343.0,1343.0,0.0,0.0,4.0
2017-09-18 23:20:00,1343.0,1343.0,1343.0,1343.0,0.0,0.0,4.0
2017-09-18 23:25:00,1343.0,1343.0,1343.0,1343.0,0.0,0.0,4.0
2017-09-19 09:00:00,1343.0,1343.0,1343.0,1343.0,0.0,0.0,4.0
2017-09-19 09:05:00,1343.0,1343.0,1343.0,1343.0,0.0,0.0,4.0
2017-09-19 09:10:00,1343.0,1343.0,1343.0,1343.0,0.0,0.0,4.0
2017-09-19 09:15:00,1343.0,1343.0,1343.0,1343.0,0.0,0.0,4.0
2017-09-19 09:20:00,1343.0,1343.0,1343.0,1343.0,0.0,0.0,4.0
2017-09-19 09:25:00,1343.0,1343.0,1343.0,1343.0,0.0,0.0,4.0
2017-09-19 09:30:00,1343.0,1343.0,1343.0,1343.0,0.0,0.0,4.0
2017-09-19 09:35:00,1343.0,1343.0,1343.0,1343.0,0.0,0.0,4.0
2017-09-19 09:40:00,1343.0,1343.0,1343.0,1343.0,0.0,0.0,4.0
2017-09-19 09:45:00,1343.0,1343.0,1343.0,1343.0,0.0,0.0,4.0
2017-09-19 09:50:00,1343.0,1343.0,1343.0,1343.0,0.0,0.0,4.0
2017-09-19 09:55:00,1343.0,1343.0,1343.0,1343.0,0.0,0.0,4.0
2017-09-19 10:00:00,1343.0,1343.0,1343.0,1343.0,0.0,0.0,4.0
2017-09-19 10:05:00,1343.0,1343.0,1343.0,1343.0,0.0,0.0,4.0
2017-09-19 10:10:00,1343.0,1343.0,1343.0,1343.0,0.0,0.0,4.0
2017-09-19 10:30:00,1343.0,1343.0,1343.0,1343.0,0.0,0.0,4.0
2017-09-19 10:35:00,1343.0,1343.0,1343.0,1343.0,0.0,0.0,4.0
2017-09-19 10:40:00,1343.0,1343.0,1343.0,1343.0,0.0,0.0,4.0
2017-09-19 10:45:00,1343.0,1343.0,1343.0,1343.0,0.0,0.0,4.0
2017-09-19 10:50:00,1343.0,1343.0,1343.0,1343.0,0.0,0.0,4.0
2017-09-19 10:55:00,1343.0,1343.0,1343.0,1343.0,0.0,0.0,4.0
2017-09-19 11:00:00,1343.0,1343.0,1343.0,1343.0,0.0,0.0,4.0
2017-09-19 11:05:00,1343.0,1343.0,1343.0,1343.0,0.0,0.0,4.0
2017-09-19 11:10:00,1343.0,1343.0,1343.0,1343.0,0.0,0.0,4.0
2017-09-19 11:15:00,1343.0,1343.0,1343.0,1343.0,0.0,0.0,4.0
2017-09-19 11:20:00,1343.0,1343.0,1343.0,1343.0,0.0,0.0,4.0
2017-09-19 11:25:00,1343.0,1343.0,1343.0,1343.0,0.0,0.0,4.0
2017-09-19 13:30:00,1343.0,1343.0,1343.0,1343.0,0.0,0.0,4.0
2017-09-19 13:35:00,1343.0,1343.0,1343.0,1343.0,0.0,0.0,4.0
2017-09-19 13:40:00,1343.0,1343.0,1343.0,1343.0,0.0,0.0,4.0
2017-09-19 13:45:00,1343.0,1343.0,1343.0,1343.0,0.0,0.0,4.0
2017-09-19 13:50:00,1343.0,1343.0,1343.0,1343.0,0.0,0.0,4.0
2017-09-19 13:55:00,1343.0,1343.0,1343.0,1343.0,0.0,0.0,4.0
2017-09-19 14:00:00,1343.0,1343.0,1343.0,1343.0,0.0,0.0,4.0
2017-09-19 14:05:00,1343.0,1343.0,1343.0,1343.0,0.0,0.0,4.0
2017-09-19 14:10:00,1343.0,1343.0,1343.0,1343.0,0.0,0.0,4.0
2017-09-19 14:15:00,1343.0,1343.0,1343.0,1343.0,0.0,0.0,4.0
2017-09-19 14:20:00,1343.0,1343.0,1343.0,1343.0,0.0,0.0,4.0
2017-09-19 14:25:00,1343.0,1343.0,1343.0,1343.0,0.0,0.0,4.0
2017-09-19 14:30:00,1343.0,1343.0,1343.0,1343.0,0.0,0.0,4.0
2017-09-19 14:35:00,1343.0,1343.0,1343.0,1343.0,0.0,0.0,4.0
2017-09-19 14:40:00,1343.0,1343.0,1343.0,1343.0,0.0,0.0,4.0
2017-09-19 14:45:00,1343.0,1343.0,1343.0,1343.0,0.0,0.0,4.0
2017-09-19 14:50:00,1343.0,1343.0,1343.0,1343.0,0.0,0.0,4.0
2017-09-19 14:55:00,1343.0,1343.0,1343.0,1343.0,0.0,0.0,4.0
2017-09-19 21:00:00,1323.0,1323.0,1323.0,1323.0,0.0,0.0,4.0
2017-09-19 21:05:00,1323.0,1323.0,1323.0,1323.0,0.0,0.0,4.0
2017-09-19 21:10:00,1323.0,1323.0,1323.0,1323.0,0.0,0.0,4.0
2017-09-19 21:15:00,1323.0,1323.0,1323.0,1323.0,0.0,0.0,4.0
2017-09-19 21:20:00,1323.0,1323.0,1323.0,1323.0,0.0,0.0,4.0
2017-09-19 21:25:00,1323.0,1323.0,1323.0,1323.0,0.0,0.0,4.0
2017-09-19 21:30:00,1323.0,1323.0,1323.0,1323.0,0.0,0.0,4.0
2017-09-19 21:35:00,1323.0,1323.0,1323.0,1323.0,0.0,0.0,4.0
2017-09-19 21:40:00,1323.0,1323.0,1323.0,1323.0,0.0,0.0,4.0
2017-09-19 21:45:00,1323.0,1323.0,1323.0,1323.0,0.0,0.0,4.0
2017-09-19 21:50:00,1323.0,1323.0,1323.0,1323.0,0.0,0.0,4.0
2017-09-19 21:55:00,1323.0,1323.0,1323.0,1323.0,0.0,0.0,4.0
2017-09-19 22:00:00,1323.0,1323.0,1323.0,1323.0,0.0,0.0,4.0
2017-09-19 22:05:00,1323.0,1323.0,1323.0,1323.0,0.0,0.0,4.0
2017-09-19 22:10:00,1323.0,1323.0,1323.0,1323.0,0.0,0.0,4.0
2017-09-19 22:15:00,1323.0,1323.0,1323.0,1323.0,0.0,0.0,4.0
2017-09-19 22:20:00,1323.0,1323.0,1323.0,1323.0,0.0,0.0,4.0
2017-09-19 22:25:00,1323.0,1323.0,1323.0,1323.0,0.0,0.0,4.0
2017-09-19 22:30:00,1323.0,1323.0,1323.0,1323.0,0.0,0.0,4.0
2017-09-19 22:35:00,1323.0,1323.0,1323.0,1323.0,0.0,0.0,4.0
2017-09-19 22:40:00,1323.0,1323.0,1323.0,1323.0,0.0,0.0,4.0
2017-09-19 22:45:00,1323.0,1323.0,1323.0,1323.0,0.0,0.0,4.0
2017-09-19 22:50:00,1323.0,1323.0,1323.0,1323.0,0.0,0.0,4.0
2017-09-19 22:55:00,1323.0,1323.0,1323.0,1323.0,0.0,0.0,4.0
2017-09-19 23:00:00,1323.0,1323.0,1323.0,1323.0,0.0,0.0,4.0
2017-09-19 23:05:00,1323.0,1323.0,1323.0,1323.0,0.0,0.0,4.0
2017-09-19 23:10:00,1323.0,1323.0,1323.0,1323.0,0.0,0.0,4.0
2017-09-19 23:15:00,1323.0,1323.0,1323.0,1323.0,0.0,0.0,4.0
2017-09-19 23:20:00,1323.0,1323.0,1323.0,1323.0,0.0,0.0,4.0
2017-09-19 23:25:00,1323.0,1323.0,1323.0,1323.0,0.0,0.0,4.0
2017-09-20 09:00:00,1323.0,1323.0,1323.0,1323.0,0.0,0.0,4.0
2017-09-20 09:05:00,1323.0,1323.0,1323.0,1323.0,0.0,0.0,4.0
2017-09-20 09:10:00,1323.0,1323.0,1323.0,1323.0,0.0,0.0,4.0
2017-09-20 09:15:00,1323.0,1323.0,1323.0,1323.0,0.0,0.0,4.0
2017-09-20 09:20:00,1323.0,1323.0,1323.0,1323.0,0.0,0.0,4.0
2017-09-20 09:25:00,1323.0,1323.0,1323.0,1323.0,0.0,0.0,4.0
2017-09-20 09:30:00,1323.0,1323.0,1323.0,1323.0,0.0,0.0,4.0
2017-09-20 09:35:00,1323.0,1323.0,1323.0,1323.0,0.0,0.0,4.0
2017-09-20 09:40:00,1323.0,1323.0,1323.0,1323.0,0.0,0.0,4.0
2017-09-20 09:45:00,1323.0,1323.0,1323.0,1323.0,0.0,0.0,4.0
2017-09-20 09:50:00,1323.0,1323.0,1323.0,1323.0,0.0,0.0,4.0
2017-09-20 09:55:00,1323.0,1323.0,1323.0,1323.0,0.0,0.0,4.0
2017-09-20 10:00:00,1323.0,1323.0,1323.0,1323.0,0.0,0.0,4.0
2017-09-20 10:05:00,1323.0,1323.0,1323.0,1323.0,0.0,0.0,4.0
2017-09-20 10:10:00,1323.0,1323.0,1323.0,1323.0,0.0,0.0,4.0
2017-09-20 10:30:00,1323.0,1323.0,1323.0,1323.0,0.0,0.0,4.0
2017-09-20 10:35:00,1323.0,1323.0,1323.0,1323.0,0.0,0.0,4.0
2017-09-20 10:40:00,1323.0,1323.0,1323.0,1323.0,0.0,0.0,4.0
2017-09-20 10:45:00,1323.0,1323.0,1323.0,1323.0,0.0,0.0,4.0
2017-09-20 10:50:00,1323.0,1323.0,1323.0,1323.0,0.0,0.0,4.0
2017-09-20 10:55:00,1323.0,1323.0,1323.0,1323.0,0.0,0.0,4.0
2017-09-20 11:00:00,1323.0,1323.0,1323.0,1323.0,0.0,0.0,4.0
2017-09-20 11:05:00,1323.0,1323.0,1323.0,1323.0,0.0,0.0,4.0
2017-09-20 11:10:00,1323.0,1323.0,1323.0,1323.0,0.0,0.0,4.0
2017-09-20 11:15:00,1323.0,1323.0,1323.0,1323.0,0.0,0.0,4.0
2017-09-20 11:20:00,1323.0,1323.0,1323.0,1323.0,0.0,0.0,4.0
2017-09-20 11:25:00,1323.0,1323.0,1323.0,1323.0,0.0,0.0,4.0
2017-09-20 13:30:00,1323.0,1323.0,1323.0,1323.0,0.0,0.0,4.0
2017-09-20 13:35:00,1323.0,1323.0,1323.0,1323.0,0.0,0.0,4.0
2017-09-20 13:40:00,1323.0,1323.0,1323.0,1323.0,0.0,0.0,4.0
2017-09-20 13:45:00,1323.0,1323.0,1323.0,1323.0,0.0,0.0,4.0
2017-09-20 13:50:00,1323.0,1323.0,1323.0,1323.0,0.0,0.0,4.0
2017-09-20 13:55:00,1323.0,1323.0,1323.0,1323.0,0.0,0.0,4.0
2017-09-20 14:00:00,1323.0,1323.0,1323.0,1323.0,0.0,0.0,4.0
2017-09-20 14:05:00,1323.0,1323.0,1323.0,1323.0,0.0,0.0,4.0
2017-09-20 14:10:00,1323.0,1323.0,1323.0,1323.0,0.0,0.0,4.0
2017-09-20 14:15:00,1323.0,1323.0,1323.0,1323.0,0.0,0.0,4.0
2017-09-20 14:20:00,1323.0,1323.0,1323.0,1323.0,0.0,0.0,4.0
2017-09-20 14:25:00,1323.0,1323.0,1323.0,1323.0,0.0,0.0,4.0
2017-09-20 14:30:00,1323.0,1323.0,1323.0,1323.0,0.0,0.0,4.0
2017-09-20 14:35:00,1323.0,1323.0,1323.0,1323.0,0.0,0.0,4.0
2017-09-20 14:40:00,1323.0,1323.0,1323.0,1323.0,0.0,0.0,4.0
2017-09-20 14:45:00,1323.0,1323.0,1323.0,1323.0,0.0,0.0,4.0
2017-09-20 14:50:00,1323.0,1323.0,1323.0,1323.0,0.0,0.0,4.0
2017-09-20 14:55:00,1323.0,1323.0,1323.0,1323.0,0.0,0.0,4.0
2017-09-20 21:00:00,1323.0,1323.0,1323.0,1323.0,0.0,0.0,4.0
2017-09-20 21:05:00,1323.0,1323.0,1323.0,1323.0,0.0,0.0,4.0
2017-09-20 21:10:00,1323.0,1323.0,1323.0,1323.0,0.0,0.0,4.0
2017-09-20 21:15:00,1323.0,1323.0,1323.0,1323.0,0.0,0.0,4.0
2017-09-20 21:20:00,1323.0,1323.0,1323.0,1323.0,0.0,0.0,4.0
2017-09-20 21:25:00,1323.0,1323.0,1323.0,1323.0,0.0,0.0,4.0
2017-09-20 21:30:00,1323.0,1323.0,1323.0,1323.0,0.0,0.0,4.0
2017-09-20 21:35:00,1323.0,1323.0,1323.0,1323.0,0.0,0.0,4.0
2017-09-20 21:40:00,1323.0,1323.0,1323.0,1323.0,0.0,0.0,4.0
2017-09-20 21:45:00,1323.0,1323.0,1323.0,1323.0,0.0,0.0,4.0
2017-09-20 21:50:00,1329.0,1329.0,1329.0,1329.0,2.0,53160.0,6.0
2017-09-20 21:55:00,1329.0,1329.0,1329.0,1329.0,0.0,0.0,6.0
2017-09-20 22:00:00,1329.0,1329.0,1329.0,1329.0,0.0,0.0,6.0
2017-09-20 22:05:00,1329.0,1329.0,1329.0,1329.0,0.0,0.0,6.0
2017-09-20 22:10:00,1329.0,1329.0,1329.0,1329.0,0.0,0.0,6.0
2017-09-20 22:15:00,1329.0,1329.0,1329.0,1329.0,0.0,0.0,6.0
2017-09-20 22:20:00,1329.0,1329.0,1329.0,1329.0,0.0,0.0,6.0
2017-09-20 22:25:00,1329.0,1329.0,1329.0,1329.0,0.0,0.0,6.0
2017-09-20 22:30:00,1329.0,1329.0,1329.0,1329.0,0.0,0.0,6.0
2017-09-20 22:35:00,1329.0,1329.0,1329.0,1329.0,0.0,0.0,6.0
2017-09-20 22:40:00,1329.0,1329.0,1329.0,1329.0,0.0,0.0,6.0
2017-09-20 22:45:00,1329.0,1329.0,1329.0,1329.0,0.0,0.0,6.0
2017-09-20 22:50:00,1329.0,1329.0,1329.0,1329.0,0.0,0.0,6.0
2017-09-20 22:55:00,1329.0,1329.0,1329.0,1329.0,0.0,0.0,6.0
2017-09-20 23:00:00,1329.0,1329.0,1329.0,1329.0,0.0,0.0,6.0
2017-09-20 23:05:00,1329.0,1329.0,1329.0,1329.0,0.0,0.0,6.0
2017-09-20 23:10:00,1329.0,1329.0,1329.0,1329.0,0.0,0.0,6.0
2017-09-20 23:15:00,1329.0,1329.0,1329.0,1329.0,0.0,0.0,6.0
2017-09-20 23:20:00,1329.0,1329.0,1329.0,1329.0,0.0,0.0,6.0
2017-09-20 23:25:00,1329.0,1329.0,1329.0,1329.0,0.0,0.0,6.0
2017-09-21 09:00:00,1329.0,1329.0,1329.0,1329.0,0.0,0.0,6.0
2017-09-21 09:05:00,1329.0,1329.0,1329.0,1329.0,0.0,0.0,6.0
2017-09-21 09:10:00,1329.0,1329.0,1329.0,1329.0,0.0,0.0,6.0
2017-09-21 09:15:00,1329.0,1329.0,1329.0,1329.0,0.0,0.0,6.0
2017-09-21 09:20:00,1329.0,1329.0,1329.0,1329.0,0.0,0.0,6.0
2017-09-21 09:25:00,1329.0,1329.0,1329.0,1329.0,0.0,0.0,6.0
2017-09-21 09:30:00,1329.0,1329.0,1329.0,1329.0,0.0,0.0,6.0
2017-09-21 09:35:00,1329.0,1329.0,1329.0,1329.0,0.0,0.0,6.0
2017-09-21 09:40:00,1329.0,1329.0,1329.0,1329.0,0.0,0.0,6.0
2017-09-21 09:45:00,1329.0,1329.0,1329.0,1329.0,0.0,0.0,6.0
2017-09-21 09:50:00,1329.0,1329.0,1329.0,1329.0,0.0,0.0,6.0
2017-09-21 09:55:00,1329.0,1329.0,1329.0,1329.0,0.0,0.0,6.0
2017-09-21 10:00:00,1329.0,1329.0,1329.0,1329.0,0.0,0.0,6.0
2017-09-21 10:05:00,1329.0,1329.0,1329.0,1329.0,0.0,0.0,6.0
2017-09-21 10:10:00,1329.0,1329.0,1329.0,1329.0,0.0,0.0,6.0
2017-09-21 10:30:00,1329.0,1329.0,1329.0,1329.0,0.0,0.0,6.0
2017-09-21 10:35:00,1329.0,1329.0,1329.0,1329.0,0.0,0.0,6.0
2017-09-21 10:40:00,1329.0,1329.0,1329.0,1329.0,0.0,0.0,6.0
2017-09-21 10:45:00,1329.0,1329.0,1329.0,1329.0,0.0,0.0,6.0
2017-09-21 10:50:00,1329.0,1329.0,1329.0,1329.0,0.0,0.0,6.0
2017-09-21 10:55:00,1329.0,1329.0,1329.0,1329.0,0.0,0.0,6.0
2017-09-21 11:00:00,1329.0,1329.0,1329.0,1329.0,0.0,0.0,6.0
2017-09-21 11:05:00,1329.0,1329.0,1329.0,1329.0,0.0,0.0,6.0
2017-09-21 11:10:00,1329.0,1329.0,1329.0,1329.0,0.0,0.0,6.0
2017-09-21 11:15:00,1329.0,1329.0,1329.0,1329.0,0.0,0.0,6.0
2017-09-21 11:20:00,1329.0,1329.0,1329.0,1329.0,0.0,0.0,6.0
2017-09-21 11:25:00,1329.0,1329.0,1329.0,1329.0,0.0,0.0,6.0
2017-09-21 13:30:00,1329.0,1329.0,1329.0,1329.0,0.0,0.0,6.0
2017-09-21 13:35:00,1329.0,1329.0,1329.0,1329.0,0.0,0.0,6.0
2017-09-21 13:40:00,1329.0,1329.0,1329.0,1329.0,0.0,0.0,6.0
2017-09-21 13:45:00,1329.0,1329.0,1329.0,1329.0,0.0,0.0,6.0
2017-09-21 13:50:00,1329.0,1329.0,1329.0,1329.0,0.0,0.0,6.0
2017-09-21 13:55:00,1329.0,1329.0,1329.0,1329.0,0.0,0.0,6.0
2017-09-21 14:00:00,1329.0,1329.0,1329.0,1329.0,0.0,0.0,6.0
2017-09-21 14:05:00,1329.0,1329.0,1329.0,1329.0,0.0,0.0,6.0
2017-09-21 14:10:00,1329.0,1329.0,1329.0,1329.0,0.0,0.0,6.0
2017-09-21 14:15:00,1329.0,1329.0,1329.0,1329.0,0.0,0.0,6.0
2017-09-21 14:20:00,1329.0,1329.0,1329.0,1329.0,0.0,0.0,6.0
2017-09-21 14:25:00,1329.0,1329.0,1329.0,1329.0,0.0,0.0,6.0
2017-09-21 14:30:00,1329.0,1329.0,1329.0,1329.0,0.0,0.0,6.0
2017-09-21 14:35:00,1329.0,1329.0,1329.0,1329.0,0.0,0.0,6.0
2017-09-21 14:40:00,1329.0,1329.0,1329.0,1329.0,0.0,0.0,6.0
2017-09-21 14:45:00,1329.0,1329.0,1329.0,1329.0,0.0,0.0,6.0
2017-09-21 14:50:00,1329.0,1329.0,1329.0,1329.0,0.0,0.0,6.0
2017-09-21 14:55:00,1329.0,1329.0,1329.0,1329.0,0.0,0.0,6.0
2017-09-21 21:00:00,1329.0,1329.0,1329.0,1329.0,0.0,0.0,6.0
2017-09-21 21:05:00,1329.0,1329.0,1329.0,1329.0,0.0,0.0,6.0
2017-09-21 21:10:00,1329.0,1329.0,1329.0,1329.0,0.0,0.0,6.0
2017-09-21 21:15:00,1329.0,1329.0,1329.0,1329.0,0.0,0.0,6.0
2017-09-21 21:20:00,1329.0,1329.0,1329.0,1329.0,0.0,0.0,6.0
2017-09-21 21:25:00,1329.0,1329.0,1329.0,1329.0,0.0,0.0,6.0
2017-09-21 21:30:00,1329.0,1329.0,1329.0,1329.0,0.0,0.0,6.0
2017-09-21 21:35:00,1329.0,1329.0,1329.0,1329.0,0.0,0.0,6.0
2017-09-21 21:40:00,1329.0,1329.0,1329.0,1329.0,0.0,0.0,6.0
2017-09-21 21:45:00,1329.0,1329.0,1329.0,1329.0,0.0,0.0,6.0
2017-09-21 21:50:00,1329.0,1329.0,1329.0,1329.0,0.0,0.0,6.0
2017-09-21 21:55:00,1329.0,1329.0,1329.0,1329.0,0.0,0.0,6.0
2017-09-21 22:00:00,1329.0,1329.0,1329.0,1329.0,0.0,0.0,6.0
2017-09-21 22:05:00,1329.0,1329.0,1329.0,1329.0,0.0,0.0,6.0
2017-09-21 22:10:00,1329.0,1329.0,1329.0,1329.0,0.0,0.0,6.0
2017-09-21 22:15:00,1329.0,1329.0,1329.0,1329.0,0.0,0.0,6.0
2017-09-21 22:20:00,1329.0,1329.0,1329.0,1329.0,0.0,0.0,6.0
2017-09-21 22:25:00,1329.0,1329.0,1329.0,1329.0,0.0,0.0,6.0
2017-09-21 22:30:00,1329.0,1329.0,1329.0,1329.0,0.0,0.0,6.0
2017-09-21 22:35:00,1329.0,1329.0,1329.0,1329.0,0.0,0.0,6.0
2017-09-21 22:40:00,1329.0,1329.0,1329.0,1329.0,0.0,0.0,6.0
2017-09-21 22:45:00,1329.0,1329.0,1329.0,1329.0,0.0,0.0,6.0
2017-09-21 22:50:00,1329.0,1329.0,1329.0,1329.0,0.0,0.0,6.0
2017-09-21 22:55:00,1329.0,1329.0,1329.0,1329.0,0.0,0.0,6.0
2017-09-21 23:00:00,1329.0,1329.0,1329.0,1329.0,0.0,0.0,6.0
2017-09-21 23:05:00,1329.0,1329.0,1329.0,1329.0,0.0,0.0,6.0
2017-09-21 23:10:00,1329.0,1329.0,1329.0,1329.0,0.0,0.0,6.0
2017-09-21 23:15:00,1329.0,1329.0,1329.0,1329.0,0.0,0.0,6.0
2017-09-21 23:20:00,1329.0,1329.0,1329.0,1329.0,0.0,0.0,6.0
2017-09-21 23:25:00,1329.0,1329.0,1329.0,1329.0,0.0,0.0,6.0
2017-09-22 09:00:00,1329.0,1329.0,1329.0,1329.0,0.0,0.0,6.0
2017-09-22 09:05:00,1329.0,1329.0,1329.0,1329.0,0.0,0.0,6.0
2017-09-22 09:10:00,1329.0,1329.0,1329.0,1329.0,0.0,0.0,6.0
2017-09-22 09:15:00,1329.0,1329.0,1329.0,1329.0,0.0,0.0,6.0
2017-09-22 09:20:00,1329.0,1329.0,1329.0,1329.0,0.0,0.0,6.0
2017-09-22 09:25:00,1329.0,1329.0,1329.0,1329.0,0.0,0.0,6.0
2017-09-22 09:30:00,1329.0,1329.0,1329.0,1329.0,0.0,0.0,6.0
2017-09-22 09:35:00,1329.0,1329.0,1329.0,1329.0,0.0,0.0,6.0
2017-09-22 09:40:00,1329.0,1329.0,1329.0,1329.0,0.0,0.0,6.0
2017-09-22 09:45:00,1329.0,1329.0,1329.0,1329.0,0.0,0.0,6.0
2017-09-22 09:50:00,1329.0,1329.0,1329.0,1329.0,0.0,0.0,6.0
2017-09-22 09:55:00,1329.0,1329.0,1329.0,1329.0,0.0,0.0,6.0
2017-09-22 10:00:00,1329.0,1329.0,1329.0,1329.0,0.0,0.0,6.0
2017-09-22 10:05:00,1329.0,1329.0,1329.0,1329.0,0.0,0.0,6.0
2017-09-22 10:10:00,1329.0,1329.0,1329.0,1329.0,0.0,0.0,6.0
2017-09-22 10:30:00,1329.0,1329.0,1329.0,1329.0,0.0,0.0,6.0
2017-09-22 10:35:00,1329.0,1329.0,1329.0,1329.0,0.0,0.0,6.0
2017-09-22 10:40:00,1329.0,1329.0,1329.0,1329.0,0.0,0.0,6.0
2017-09-22 10:45:00,1329.0,1329.0,1329.0,1329.0,0.0,0.0,6.0
2017-09-22 10:50:00,1329.0,1329.0,1329.0,1329.0,0.0,0.0,6.0
2017-09-22 10:55:00,1329.0,1329.0,1329.0,1329.0,0.0,0.0,6.0
2017-09-22 11:00:00,1329.0,1329.0,1329.0,1329.0,0.0,0.0,6.0
2017-09-22 11:05:00,1329.0,1329.0,1329.0,1329.0,0.0,0.0,6.0
2017-09-22 11:10:00,1329.0,1329.0,1329.0,1329.0,0.0,0.0,6.0
2017-09-22 11:15:00,1329.0,1329.0,1329.0,1329.0,0.0,0.0,6.0
2017-09-22 11:20:00,1329.0,1329.0,1329.0,1329.0,0.0,0.0,6.0
2017-09-22 11:25:00,1329.0,1329.0,1329.0,1329.0,0.0,0.0,6.0
2017-09-22 13:30:00,1329.0,1329.0,1329.0,1329.0,0.0,0.0,6.0
2017-09-22 13:35:00,1329.0,1329.0,1329.0,1329.0,0.0,0.0,6.0
2017-09-22 13:40:00,1329.0,1329.0,1329.0,1329.0,0.0,0.0,6.0
2017-09-22 13:45:00,1329.0,1329.0,1329.0,1329.0,0.0,0.0,6.0
2017-09-22 13:50:00,1329.0,1329.0,1329.0,1329.0,0.0,0.0,6.0
2017-09-22 13:55:00,1329.0,1329.0,1329.0,1329.0,0.0,0.0,6.0
2017-09-22 14:00:00,1329.0,1329.0,1329.0,1329.0,0.0,0.0,6.0
2017-09-22 14:05:00,1329.0,1329.0,1329.0,1329.0,0.0,0.0,6.0
2017-09-22 14:10:00,1329.0,1329.0,1329.0,1329.0,0.0,0.0,6.0
2017-09-22 14:15:00,1329.0,1329.0,1329.0,1329.0,0.0,0.0,6.0
2017-09-22 14:20:00,1329.0,1329.0,1329.0,1329.0,0.0,0.0,6.0
2017-09-22 14:25:00,1329.0,1329.0,1329.0,1329.0,0.0,0.0,6.0
2017-09-22 14:30:00,1329.0,1329.0,1329.0,1329.0,0.0,0.0,6.0
2017-09-22 14:35:00,1329.0,1329.0,1329.0,1329.0,0.0,0.0,6.0
2017-09-22 14:40:00,1329.0,1329.0,1329.0,1329.0,0.0,0.0,6.0
2017-09-22 14:45:00,1329.0,1329.0,1329.0,1329.0,0.0,0.0,6.0
2017-09-22 14:50:00,1329.0,1329.0,1329.0,1329.0,0.0,0.0,6.0
2017-09-22 14:55:00,1329.0,1329.0,1329.0,1329.0,0.0,0.0,6.0
2017-09-22 21:00:00,1326.0,1326.0,1326.0,1326.0,0.0,0.0,6.0
2017-09-22 21:05:00,1326.0,1326.0,1326.0,1326.0,0.0,0.0,6.0
2017-09-22 21:10:00,1326.0,1326.0,1326.0,1326.0,0.0,0.0,6.0
2017-09-22 21:15:00,1326.0,1326.0,1326.0,1326.0,0.0,0.0,6.0
2017-09-22 21:20:00,1326.0,1326.0,1326.0,1326.0,0.0,0.0,6.0
2017-09-22 21:25:00,1326.0,1326.0,1326.0,1326.0,0.0,0.0,6.0
2017-09-22 21:30:00,1326.0,1326.0,1326.0,1326.0,0.0,0.0,6.0
2017-09-22 21:35:00,1326.0,1326.0,1326.0,1326.0,0.0,0.0,6.0
2017-09-22 21:40:00,1326.0,1326.0,1326.0,1326.0,0.0,0.0,6.0
2017-09-22 21:45:00,1326.0,1326.0,1326.0,1326.0,0.0,0.0,6.0
2017-09-22 21:50:00,1326.0,1326.0,1326.0,1326.0,0.0,0.0,6.0
2017-09-22 21:55:00,1326.0,1326.0,1326.0,1326.0,0.0,0.0,6.0
2017-09-22 22:00:00,1326.0,1326.0,1326.0,1326.0,0.0,0.0,6.0
2017-09-22 22:05:00,1326.0,1326.0,1326.0,1326.0,0.0,0.0,6.0
2017-09-22 22:10:00,1326.0,1326.0,1326.0,1326.0,0.0,0.0,6.0
2017-09-22 22:15:00,1326.0,1326.0,1326.0,1326.0,0.0,0.0,6.0
2017-09-22 22:20:00,1326.0,1326.0,1326.0,1326.0,0.0,0.0,6.0
2017-09-22 22:25:00,1326.0,1326.0,1326.0,1326.0,0.0,0.0,6.0
2017-09-22 22:30:00,1326.0,1326.0,1326.0,1326.0,0.0,0.0,6.0
2017-09-22 22:35:00,1326.0,1326.0,1326.0,1326.0,0.0,0.0,6.0
2017-09-22 22:40:00,1326.0,1326.0,1326.0,1326.0,0.0,0.0,6.0
2017-09-22 22:45:00,1326.0,1326.0,1326.0,1326.0,0.0,0.0,6.0
2017-09-22 22:50:00,1326.0,1326.0,1326.0,1326.0,0.0,0.0,6.0
2017-09-22 22:55:00,1326.0,1326.0,1326.0,1326.0,0.0,0.0,6.0
2017-09-22 23:00:00,1326.0,1326.0,1326.0,1326.0,0.0,0.0,6.0
2017-09-22 23:05:00,1326.0,1326.0,1326.0,1326.0,0.0,0.0,6.0
2017-09-22 23:10:00,1326.0,1326.0,1326.0,1326.0,0.0,0.0,6.0
2017-09-22 23:15:00,1326.0,1326.0,1326.0,1326.0,0.0,0.0,6.0
2017-09-22 23:20:00,1326.0,1326.0,1326.0,1326.0,0.0,0.0,6.0
2017-09-22 23:25:00,1326.0,1326.0,1326.0,1326.0,0.0,0.0,6.0
2017-09-25 09:00:00,1326.0,1326.0,1326.0,1326.0,0.0,0.0,6.0
2017-09-25 09:05:00,1326.0,1326.0,1326.0,1326.0,0.0,0.0,6.0
2017-09-25 09:10:00,1326.0,1326.0,1326.0,1326.0,0.0,0.0,6.0
2017-09-25 09:15:00,1326.0,1326.0,1326.0,1326.0,0.0,0.0,6.0
2017-09-25 09:20:00,1326.0,1326.0,1326.0,1326.0,0.0,0.0,6.0
2017-09-25 09:25:00,1326.0,1326.0,1326.0,1326.0,0.0,0.0,6.0
2017-09-25 09:30:00,1326.0,1326.0,1326.0,1326.0,0.0,0.0,6.0
2017-09-25 09:35:00,1326.0,1326.0,1326.0,1326.0,0.0,0.0,6.0
2017-09-25 09:40:00,1326.0,1326.0,1326.0,1326.0,0.0,0.0,6.0
2017-09-25 09:45:00,1326.0,1326.0,1326.0,1326.0,0.0,0.0,6.0
2017-09-25 09:50:00,1326.0,1326.0,1326.0,1326.0,0.0,0.0,6.0
2017-09-25 09:55:00,1326.0,1326.0,1326.0,1326.0,0.0,0.0,6.0
2017-09-25 10:00:00,1326.0,1326.0,1326.0,1326.0,0.0,0.0,6.0
2017-09-25 10:05:00,1326.0,1326.0,1326.0,1326.0,0.0,0.0,6.0
2017-09-25 10:10:00,1326.0,1326.0,1326.0,1326.0,0.0,0.0,6.0
2017-09-25 10:30:00,1326.0,1326.0,1326.0,1326.0,0.0,0.0,6.0
2017-09-25 10:35:00,1326.0,1326.0,1326.0,1326.0,0.0,0.0,6.0
2017-09-25 10:40:00,1326.0,1326.0,1326.0,1326.0,0.0,0.0,6.0
2017-09-25 10:45:00,1326.0,1326.0,1326.0,1326.0,0.0,0.0,6.0
2017-09-25 10:50:00,1326.0,1326.0,1326.0,1326.0,0.0,0.0,6.0
2017-09-25 10:55:00,1326.0,1326.0,1326.0,1326.0,0.0,0.0,6.0
2017-09-25 11:00:00,1326.0,1326.0,1326.0,1326.0,0.0,0.0,6.0
2017-09-25 11:05:00,1326.0,1326.0,1326.0,1326.0,0.0,0.0,6.0
2017-09-25 11:10:00,1326.0,1326.0,1326.0,1326.0,0.0,0.0,6.0
2017-09-25 11:15:00,1326.0,1326.0,1326.0,1326.0,0.0,0.0,6.0
2017-09-25 11:20:00,1326.0,1326.0,1326.0,1326.0,0.0,0.0,6.0
2017-09-25 11:25:00,1326.0,1326.0,1326.0,1326.0,0.0,0.0,6.0
2017-09-25 13:30:00,1326.0,1326.0,1326.0,1326.0,0.0,0.0,6.0
2017-09-25 13:35:00,1326.0,1326.0,1326.0,1326.0,0.0,0.0,6.0
2017-09-25 13:40:00,1326.0,1326.0,1326.0,1326.0,0.0,0.0,6.0
2017-09-25 13:45:00,1326.0,1326.0,1326.0,1326.0,0.0,0.0,6.0
2017-09-25 13:50:00,1326.0,1326.0,1326.0,1326.0,0.0,0.0,6.0
2017-09-25 13:55:00,1326.0,1326.0,1326.0,1326.0,0.0,0.0,6.0
2017-09-25 14:00:00,1326.0,1326.0,1326.0,1326.0,0.0,0.0,6.0
2017-09-25 14:05:00,1326.0,1326.0,1326.0,1326.0,0.0,0.0,6.0
2017-09-25 14:10:00,1326.0,1326.0,1326.0,1326.0,0.0,0.0,6.0
2017-09-25 14:15:00,1326.0,1326.0,1326.0,1326.0,0.0,0.0,6.0
2017-09-25 14:20:00,1326.0,1326.0,1326.0,1326.0,0.0,0.0,6.0
2017-09-25 14:25:00,1326.0,1326.0,1326.0,1326.0,0.0,0.0,6.0
2017-09-25 14:30:00,1326.0,1326.0,1326.0,1326.0,0.0,0.0,6.0
2017-09-25 14:35:00,1326.0,1326.0,1326.0,1326.0,0.0,0.0,6.0
2017-09-25 14:40:00,1326.0,1326.0,1326.0,1326.0,0.0,0.0,6.0
2017-09-25 14:45:00,1326.0,1326.0,1326.0,1326.0,0.0,0.0,6.0
2017-09-25 14:50:00,1326.0,1326.0,1326.0,1326.0,0.0,0.0,6.0
2017-09-25 14:55:00,1326.0,1326.0,1326.0,1326.0,0.0,0.0,6.0
2017-09-25 21:00:00,1326.0,1326.0,1326.0,1326.0,0.0,0.0,6.0
2017-09-25 21:05:00,1326.0,1326.0,1326.0,1326.0,0.0,0.0,6.0
2017-09-25 21:10:00,1326.0,1326.0,1326.0,1326.0,0.0,0.0,6.0
2017-09-25 21:15:00,1326.0,1326.0,1326.0,1326.0,0.0,0.0,6.0
2017-09-25 21:20:00,1326.0,1326.0,1326.0,1326.0,0.0,0.0,6.0
2017-09-25 21:25:00,1326.0,1326.0,1326.0,1326.0,0.0,0.0,6.0
2017-09-25 21:30:00,1326.0,1326.0,1326.0,1326.0,0.0,0.0,6.0
2017-09-25 21:35:00,1326.0,1326.0,1326.0,1326.0,0.0,0.0,6.0
2017-09-25 21:40:00,1326.0,1326.0,1326.0,1326.0,0.0,0.0,6.0
2017-09-25 21:45:00,1326.0,1326.0,1326.0,1326.0,0.0,0.0,6.0
2017-09-25 21:50:00,1326.0,1326.0,1326.0,1326.0,0.0,0.0,6.0
2017-09-25 21:55:00,1326.0,1326.0,1326.0,1326.0,0.0,0.0,6.0
2017-09-25 22:00:00,1326.0,1326.0,1326.0,1326.0,0.0,0.0,6.0
2017-09-25 22:05:00,1326.0,1326.0,1326.0,1326.0,0.0,0.0,6.0
2017-09-25 22:10:00,1326.0,1326.0,1326.0,1326.0,0.0,0.0,6.0
2017-09-25 22:15:00,1326.0,1326.0,1326.0,1326.0,0.0,0.0,6.0
2017-09-25 22:20:00,1326.0,1326.0,1326.0,1326.0,0.0,0.0,6.0
2017-09-25 22:25:00,1326.0,1326.0,1326.0,1326.0,0.0,0.0,6.0
2017-09-25 22:30:00,1326.0,1326.0,1326.0,1326.0,0.0,0.0,6.0
2017-09-25 22:35:00,1326.0,1326.0,1326.0,1326.0,0.0,0.0,6.0
2017-09-25 22:40:00,1326.0,1326.0,1326.0,1326.0,0.0,0.0,6.0
2017-09-25 22:45:00,1326.0,1326.0,1326.0,1326.0,0.0,0.0,6.0
2017-09-25 22:50:00,1326.0,1326.0,1326.0,1326.0,0.0,0.0,6.0
2017-09-25 22:55:00,1326.0,1326.0,1326.0,1326.0,0.0,0.0,6.0
2017-09-25 23:00:00,1326.0,1326.0,1326.0,1326.0,0.0,0.0,6.0
2017-09-25 23:05:00,1326.0,1326.0,1326.0,1326.0,0.0,0.0,6.0
2017-09-25 23:10:00,1326.0,1326.0,1326.0,1326.0,0.0,0.0,6.0
2017-09-25 23:15:00,1326.0,1326.0,1326.0,1326.0,0.0,0.0,6.0
2017-09-25 23:20:00,1326.0,1326.0,1326.0,1326.0,0.0,0.0,6.0
2017-09-25 23:25:00,1326.0,1326.0,1326.0,1326.0,0.0,0.0,6.0
2017-09-26 09:00:00,1326.0,1326.0,1326.0,1326.0,0.0,0.0,6.0
2017-09-26 09:05:00,1326.0,1326.0,1326.0,1326.0,0.0,0.0,6.0
2017-09-26 09:10:00,1326.0,1326.0,1326.0,1326.0,0.0,0.0,6.0
2017-09-26 09:15:00,1326.0,1326.0,1326.0,1326.0,0.0,0.0,6.0
2017-09-26 09:20:00,1326.0,1326.0,1326.0,1326.0,0.0,0.0,6.0
2017-09-26 09:25:00,1326.0,1326.0,1326.0,1326.0,0.0,0.0,6.0
2017-09-26 09:30:00,1326.0,1326.0,1326.0,1326.0,0.0,0.0,6.0
2017-09-26 09:35:00,1326.0,1326.0,1326.0,1326.0,0.0,0.0,6.0
2017-09-26 09:40:00,1326.0,1326.0,1326.0,1326.0,0.0,0.0,6.0
2017-09-26 09:45:00,1326.0,1326.0,1326.0,1326.0,0.0,0.0,6.0
2017-09-26 09:50:00,1326.0,1326.0,1326.0,1326.0,0.0,0.0,6.0
2017-09-26 09:55:00,1326.0,1326.0,1326.0,1326.0,0.0,0.0,6.0
2017-09-26 10:00:00,1326.0,1326.0,1326.0,1326.0,0.0,0.0,6.0
2017-09-26 10:05:00,1326.0,1326.0,1326.0,1326.0,0.0,0.0,6.0
2017-09-26 10:10:00,1326.0,1326.0,1326.0,1326.0,0.0,0.0,6.0
2017-09-26 10:30:00,1326.0,1326.0,1326.0,1326.0,0.0,0.0,6.0
2017-09-26 10:35:00,1326.0,1326.0,1326.0,1326.0,0.0,0.0,6.0
2017-09-26 10:40:00,1326.0,1326.0,1326.0,1326.0,0.0,0.0,6.0
2017-09-26 10:45:00,1326.0,1326.0,1326.0,1326.0,0.0,0.0,6.0
2017-09-26 10:50:00,1326.0,1326.0,1326.0,1326.0,0.0,0.0,6.0
2017-09-26 10:55:00,1326.0,1326.0,1326.0,1326.0,0.0,0.0,6.0
2017-09-26 11:00:00,1326.0,1326.0,1326.0,1326.0,0.0,0.0,6.0
2017-09-26 11:05:00,1326.0,1326.0,1326.0,1326.0,0.0,0.0,6.0
2017-09-26 11:10:00,1326.0,1326.0,1326.0,1326.0,0.0,0.0,6.0
2017-09-26 11:15:00,1326.0,1326.0,1326.0,1326.0,0.0,0.0,6.0
2017-09-26 11:20:00,1326.0,1326.0,1326.0,1326.0,0.0,0.0,6.0
2017-09-26 11:25:00,1326.0,1326.0,1326.0,1326.0,0.0,0.0,6.0
2017-09-26 13:30:00,1326.0,1326.0,1326.0,1326.0,0.0,0.0,6.0
2017-09-26 13:35:00,1326.0,1326.0,1326.0,1326.0,0.0,0.0,6.0
2017-09-26 13:40:00,1326.0,1326.0,1326.0,1326.0,0.0,0.0,6.0
2017-09-26 13:45:00,1326.0,1326.0,1326.0,1326.0,0.0,0.0,6.0
2017-09-26 13:50:00,1326.0,1326.0,1326.0,1326.0,0.0,0.0,6.0
2017-09-26 13:55:00,1326.0,1326.0,1326.0,1326.0,0.0,0.0,6.0
2017-09-26 14:00:00,1326.0,1326.0,1326.0,1326.0,0.0,0.0,6.0
2017-09-26 14:05:00,1326.0,1326.0,1326.0,1326.0,0.0,0.0,6.0
2017-09-26 14:10:00,1326.0,1326.0,1326.0,1326.0,0.0,0.0,6.0
2017-09-26 14:15:00,1326.0,1326.0,1326.0,1326.0,0.0,0.0,6.0
2017-09-26 14:20:00,1326.0,1326.0,1326.0,1326.0,0.0,0.0,6.0
2017-09-26 14:25:00,1326.0,1326.0,1326.0,1326.0,0.0,0.0,6.0
2017-09-26 14:30:00,1326.0,1326.0,1326.0,1326.0,0.0,0.0,6.0
2017-09-26 14:35:00,1326.0,1326.0,1326.0,1326.0,0.0,0.0,6.0
2017-09-26 14:40:00,1326.0,1326.0,1326.0,1326.0,0.0,0.0,6.0
2017-09-26 14:45:00,1326.0,1326.0,1326.0,1326.0,0.0,0.0,6.0
2017-09-26 14:50:00,1326.0,1326.0,1326.0,1326.0,0.0,0.0,6.0
2017-09-26 14:55:00,1326.0,1326.0,1326.0,1326.0,0.0,0.0,6.0
2017-09-26 21:00:00,1299.0,1299.0,1299.0,1299.0,0.0,0.0,6.0
2017-09-26 21:05:00,1294.0,1294.0,1294.0,1294.0,2.0,51760.0,6.0
2017-09-26 21:10:00,1294.0,1294.0,1294.0,1294.0,0.0,0.0,6.0
2017-09-26 21:15:00,1294.0,1294.0,1294.0,1294.0,0.0,0.0,6.0
2017-09-26 21:20:00,1294.0,1294.0,1294.0,1294.0,0.0,0.0,6.0
2017-09-26 21:25:00,1294.0,1294.0,1294.0,1294.0,0.0,0.0,6.0
2017-09-26 21:30:00,1294.0,1294.0,1294.0,1294.0,0.0,0.0,6.0
2017-09-26 21:35:00,1294.0,1294.0,1294.0,1294.0,0.0,0.0,6.0
2017-09-26 21:40:00,1294.0,1294.0,1294.0,1294.0,0.0,0.0,6.0
2017-09-26 21:45:00,1294.0,1294.0,1294.0,1294.0,0.0,0.0,6.0
2017-09-26 21:50:00,1294.0,1294.0,1294.0,1294.0,0.0,0.0,6.0
2017-09-26 21:55:00,1294.0,1294.0,1294.0,1294.0,0.0,0.0,6.0
2017-09-26 22:00:00,1294.0,1294.0,1294.0,1294.0,0.0,0.0,6.0
2017-09-26 22:05:00,1294.0,1294.0,1294.0,1294.0,0.0,0.0,6.0
2017-09-26 22:10:00,1294.0,1294.0,1294.0,1294.0,0.0,0.0,6.0
2017-09-26 22:15:00,1294.0,1294.0,1294.0,1294.0,0.0,0.0,6.0
2017-09-26 22:20:00,1294.0,1294.0,1294.0,1294.0,0.0,0.0,6.0
2017-09-26 22:25:00,1294.0,1294.0,1294.0,1294.0,0.0,0.0,6.0
2017-09-26 22:30:00,1294.0,1294.0,1294.0,1294.0,0.0,0.0,6.0
2017-09-26 22:35:00,1294.0,1294.0,1294.0,1294.0,0.0,0.0,6.0
2017-09-26 22:40:00,1294.0,1294.0,1294.0,1294.0,0.0,0.0,6.0
2017-09-26 22:45:00,1294.0,1294.0,1294.0,1294.0,0.0,0.0,6.0
2017-09-26 22:50:00,1294.0,1294.0,1294.0,1294.0,0.0,0.0,6.0
2017-09-26 22:55:00,1294.0,1294.0,1294.0,1294.0,0.0,0.0,6.0
2017-09-26 23:00:00,1294.0,1294.0,1294.0,1294.0,0.0,0.0,6.0
2017-09-26 23:05:00,1294.0,1294.0,1294.0,1294.0,0.0,0.0,6.0
2017-09-26 23:10:00,1294.0,1294.0,1294.0,1294.0,0.0,0.0,6.0
2017-09-26 23:15:00,1294.0,1294.0,1294.0,1294.0,0.0,0.0,6.0
2017-09-26 23:20:00,1294.0,1294.0,1294.0,1294.0,0.0,0.0,6.0
2017-09-26 23:25:00,1294.0,1294.0,1294.0,1294.0,0.0,0.0,6.0
2017-09-27 09:00:00,1294.0,1294.0,1294.0,1294.0,0.0,0.0,6.0
2017-09-27 09:05:00,1294.0,1294.0,1294.0,1294.0,0.0,0.0,6.0
2017-09-27 09:10:00,1294.0,1294.0,1294.0,1294.0,0.0,0.0,6.0
2017-09-27 09:15:00,1294.0,1294.0,1294.0,1294.0,0.0,0.0,6.0
2017-09-27 09:20:00,1294.0,1294.0,1294.0,1294.0,0.0,0.0,6.0
2017-09-27 09:25:00,1294.0,1294.0,1294.0,1294.0,0.0,0.0,6.0
2017-09-27 09:30:00,1294.0,1294.0,1294.0,1294.0,0.0,0.0,6.0
2017-09-27 09:35:00,1294.0,1294.0,1294.0,1294.0,0.0,0.0,6.0
2017-09-27 09:40:00,1294.0,1294.0,1294.0,1294.0,0.0,0.0,6.0
2017-09-27 09:45:00,1294.0,1294.0,1294.0,1294.0,0.0,0.0,6.0
2017-09-27 09:50:00,1294.0,1294.0,1294.0,1294.0,0.0,0.0,6.0
2017-09-27 09:55:00,1294.0,1294.0,1294.0,1294.0,0.0,0.0,6.0
2017-09-27 10:00:00,1294.0,1294.0,1294.0,1294.0,0.0,0.0,6.0
2017-09-27 10:05:00,1294.0,1294.0,1294.0,1294.0,0.0,0.0,6.0
2017-09-27 10:10:00,1294.0,1294.0,1294.0,1294.0,0.0,0.0,6.0
2017-09-27 10:30:00,1294.0,1294.0,1294.0,1294.0,0.0,0.0,6.0
2017-09-27 10:35:00,1294.0,1294.0,1294.0,1294.0,0.0,0.0,6.0
2017-09-27 10:40:00,1294.0,1294.0,1294.0,1294.0,0.0,0.0,6.0
2017-09-27 10:45:00,1294.0,1294.0,1294.0,1294.0,0.0,0.0,6.0
2017-09-27 10:50:00,1294.0,1294.0,1294.0,1294.0,0.0,0.0,6.0
2017-09-27 10:55:00,1294.0,1294.0,1294.0,1294.0,0.0,0.0,6.0
2017-09-27 11:00:00,1294.0,1294.0,1294.0,1294.0,0.0,0.0,6.0
2017-09-27 11:05:00,1294.0,1294.0,1294.0,1294.0,0.0,0.0,6.0
2017-09-27 11:10:00,1294.0,1294.0,1294.0,1294.0,0.0,0.0,6.0
2017-09-27 11:15:00,1294.0,1294.0,1294.0,1294.0,0.0,0.0,6.0
2017-09-27 11:20:00,1294.0,1294.0,1294.0,1294.0,0.0,0.0,6.0
2017-09-27 11:25:00,1294.0,1294.0,1294.0,1294.0,0.0,0.0,6.0
2017-09-27 13:30:00,1294.0,1294.0,1294.0,1294.0,0.0,0.0,6.0
2017-09-27 13:35:00,1294.0,1294.0,1294.0,1294.0,0.0,0.0,6.0
2017-09-27 13:40:00,1294.0,1294.0,1294.0,1294.0,0.0,0.0,6.0
2017-09-27 13:45:00,1294.0,1294.0,1294.0,1294.0,0.0,0.0,6.0
2017-09-27 13:50:00,1294.0,1294.0,1294.0,1294.0,0.0,0.0,6.0
2017-09-27 13:55:00,1294.0,1294.0,1294.0,1294.0,0.0,0.0,6.0
2017-09-27 14:00:00,1294.0,1294.0,1294.0,1294.0,0.0,0.0,6.0
2017-09-27 14:05:00,1294.0,1294.0,1294.0,1294.0,0.0,0.0,6.0
2017-09-27 14:10:00,1294.0,1294.0,1294.0,1294.0,0.0,0.0,6.0
2017-09-27 14:15:00,1294.0,1294.0,1294.0,1294.0,0.0,0.0,6.0
2017-09-27 14:20:00,1294.0,1294.0,1294.0,1294.0,0.0,0.0,6.0
2017-09-27 14:25:00,1294.0,1294.0,1294.0,1294.0,0.0,0.0,6.0
2017-09-27 14:30:00,1294.0,1294.0,1294.0,1294.0,0.0,0.0,6.0
2017-09-27 14:35:00,1294.0,1294.0,1294.0,1294.0,0.0,0.0,6.0
2017-09-27 14:40:00,1294.0,1294.0,1294.0,1294.0,0.0,0.0,6.0
2017-09-27 14:45:00,1294.0,1294.0,1294.0,1294.0,0.0,0.0,6.0
2017-09-27 14:50:00,1294.0,1294.0,1294.0,1294.0,0.0,0.0,6.0
2017-09-27 14:55:00,1294.0,1294.0,1294.0,1294.0,0.0,0.0,6.0
2017-09-27 21:00:00,1294.0,1294.0,1294.0,1294.0,0.0,0.0,6.0
2017-09-27 21:05:00,1294.0,1294.0,1294.0,1294.0,0.0,0.0,6.0
2017-09-27 21:10:00,1294.0,1294.0,1294.0,1294.0,0.0,0.0,6.0
2017-09-27 21:15:00,1294.0,1294.0,1294.0,1294.0,0.0,0.0,6.0
2017-09-27 21:20:00,1294.0,1294.0,1294.0,1294.0,0.0,0.0,6.0
2017-09-27 21:25:00,1294.0,1294.0,1294.0,1294.0,0.0,0.0,6.0
2017-09-27 21:30:00,1294.0,1294.0,1294.0,1294.0,0.0,0.0,6.0
2017-09-27 21:35:00,1294.0,1294.0,1294.0,1294.0,0.0,0.0,6.0
2017-09-27 21:40:00,1294.0,1294.0,1294.0,1294.0,0.0,0.0,6.0
2017-09-27 21:45:00,1294.0,1294.0,1294.0,1294.0,0.0,0.0,6.0
2017-09-27 21:50:00,1294.0,1294.0,1294.0,1294.0,0.0,0.0,6.0
2017-09-27 21:55:00,1294.0,1294.0,1294.0,1294.0,0.0,0.0,6.0
2017-09-27 22:00:00,1294.0,1294.0,1294.0,1294.0,0.0,0.0,6.0
2017-09-27 22:05:00,1294.0,1294.0,1294.0,1294.0,0.0,0.0,6.0
2017-09-27 22:10:00,1294.0,1294.0,1294.0,1294.0,0.0,0.0,6.0
2017-09-27 22:15:00,1294.0,1294.0,1294.0,1294.0,0.0,0.0,6.0
2017-09-27 22:20:00,1294.0,1294.0,1294.0,1294.0,0.0,0.0,6.0
2017-09-27 22:25:00,1294.0,1294.0,1294.0,1294.0,0.0,0.0,6.0
2017-09-27 22:30:00,1294.0,1294.0,1294.0,1294.0,0.0,0.0,6.0
2017-09-27 22:35:00,1294.0,1294.0,1294.0,1294.0,0.0,0.0,6.0
2017-09-27 22:40:00,1294.0,1294.0,1294.0,1294.0,0.0,0.0,6.0
2017-09-27 22:45:00,1294.0,1294.0,1294.0,1294.0,0.0,0.0,6.0
2017-09-27 22:50:00,1294.0,1294.0,1294.0,1294.0,0.0,0.0,6.0
2017-09-27 22:55:00,1294.0,1294.0,1294.0,1294.0,0.0,0.0,6.0
2017-09-27 23:00:00,1294.0,1294.0,1294.0,1294.0,0.0,0.0,6.0
2017-09-27 23:05:00,1294.0,1294.0,1294.0,1294.0,0.0,0.0,6.0
2017-09-27 23:10:00,1294.0,1294.0,1294.0,1294.0,0.0,0.0,6.0
2017-09-27 23:15:00,1294.0,1294.0,1294.0,1294.0,0.0,0.0,6.0
2017-09-27 23:20:00,1294.0,1294.0,1294.0,1294.0,0.0,0.0,6.0
2017-09-27 23:25:00,1294.0,1294.0,1294.0,1294.0,0.0,0.0,6.0
2017-09-28 09:00:00,1294.0,1294.0,1294.0,1294.0,0.0,0.0,6.0
2017-09-28 09:05:00,1294.0,1294.0,1294.0,1294.0,0.0,0.0,6.0
2017-09-28 09:10:00,1294.0,1294.0,1294.0,1294.0,0.0,0.0,6.0
2017-09-28 09:15:00,1294.0,1294.0,1294.0,1294.0,0.0,0.0,6.0
2017-09-28 09:20:00,1294.0,1294.0,1294.0,1294.0,0.0,0.0,6.0
2017-09-28 09:25:00,1294.0,1294.0,1294.0,1294.0,0.0,0.0,6.0
2017-09-28 09:30:00,1294.0,1294.0,1294.0,1294.0,0.0,0.0,6.0
2017-09-28 09:35:00,1294.0,1294.0,1294.0,1294.0,0.0,0.0,6.0
2017-09-28 09:40:00,1294.0,1294.0,1294.0,1294.0,0.0,0.0,6.0
2017-09-28 09:45:00,1294.0,1294.0,1294.0,1294.0,0.0,0.0,6.0
2017-09-28 09:50:00,1294.0,1294.0,1294.0,1294.0,0.0,0.0,6.0
2017-09-28 09:55:00,1294.0,1294.0,1294.0,1294.0,0.0,0.0,6.0
2017-09-28 10:00:00,1294.0,1294.0,1294.0,1294.0,0.0,0.0,6.0
2017-09-28 10:05:00,1294.0,1294.0,1294.0,1294.0,0.0,0.0,6.0
2017-09-28 10:10:00,1294.0,1294.0,1294.0,1294.0,0.0,0.0,6.0
2017-09-28 10:30:00,1294.0,1294.0,1294.0,1294.0,0.0,0.0,6.0
2017-09-28 10:35:00,1294.0,1294.0,1294.0,1294.0,0.0,0.0,6.0
2017-09-28 10:40:00,1294.0,1294.0,1294.0,1294.0,0.0,0.0,6.0
2017-09-28 10:45:00,1294.0,1294.0,1294.0,1294.0,0.0,0.0,6.0
2017-09-28 10:50:00,1294.0,1294.0,1294.0,1294.0,0.0,0.0,6.0
2017-09-28 10:55:00,1294.0,1294.0,1294.0,1294.0,0.0,0.0,6.0
2017-09-28 11:00:00,1294.0,1294.0,1294.0,1294.0,0.0,0.0,6.0
2017-09-28 11:05:00,1294.0,1294.0,1294.0,1294.0,0.0,0.0,6.0
2017-09-28 11:10:00,1294.0,1294.0,1294.0,1294.0,0.0,0.0,6.0
2017-09-28 11:15:00,1294.0,1294.0,1294.0,1294.0,0.0,0.0,6.0
2017-09-28 11:20:00,1294.0,1294.0,1294.0,1294.0,0.0,0.0,6.0
2017-09-28 11:25:00,1294.0,1294.0,1294.0,1294.0,0.0,0.0,6.0
2017-09-28 13:30:00,1294.0,1294.0,1294.0,1294.0,0.0,0.0,6.0
2017-09-28 13:35:00,1294.0,1294.0,1294.0,1294.0,0.0,0.0,6.0
2017-09-28 13:40:00,1294.0,1294.0,1294.0,1294.0,0.0,0.0,6.0
2017-09-28 13:45:00,1294.0,1294.0,1294.0,1294.0,0.0,0.0,6.0
2017-09-28 13:50:00,1294.0,1294.0,1294.0,1294.0,0.0,0.0,6.0
2017-09-28 13:55:00,1294.0,1294.0,1294.0,1294.0,0.0,0.0,6.0
2017-09-28 14:00:00,1294.0,1294.0,1294.0,1294.0,0.0,0.0,6.0
2017-09-28 14:05:00,1294.0,1294.0,1294.0,1294.0,0.0,0.0,6.0
2017-09-28 14:10:00,1294.0,1294.0,1294.0,1294.0,0.0,0.0,6.0
2017-09-28 14:15:00,1294.0,1294.0,1294.0,1294.0,0.0,0.0,6.0
2017-09-28 14:20:00,1294.0,1294.0,1294.0,1294.0,0.0,0.0,6.0
2017-09-28 14:25:00,1294.0,1294.0,1294.0,1294.0,0.0,0.0,6.0
2017-09-28 14:30:00,1294.0,1294.0,1294.0,1294.0,0.0,0.0,6.0
2017-09-28 14:35:00,1294.0,1294.0,1294.0,1294.0,0.0,0.0,6.0
2017-09-28 14:40:00,1294.0,1294.0,1294.0,1294.0,0.0,0.0,6.0
2017-09-28 14:45:00,1294.0,1294.0,1294.0,1294.0,0.0,0.0,6.0
2017-09-28 14:50:00,1294.0,1294.0,1294.0,1294.0,0.0,0.0,6.0
2017-09-28 14:55:00,1294.0,1294.0,1294.0,1294.0,0.0,0.0,6.0
2017-09-28 21:00:00,1294.0,1294.0,1294.0,1294.0,0.0,0.0,6.0
2017-09-28 21:05:00,1294.0,1294.0,1294.0,1294.0,0.0,0.0,6.0
2017-09-28 21:10:00,1294.0,1294.0,1294.0,1294.0,0.0,0.0,6.0
2017-09-28 21:15:00,1294.0,1294.0,1294.0,1294.0,0.0,0.0,6.0
2017-09-28 21:20:00,1294.0,1294.0,1294.0,1294.0,0.0,0.0,6.0
2017-09-28 21:25:00,1294.0,1294.0,1294.0,1294.0,0.0,0.0,6.0
2017-09-28 21:30:00,1294.0,1294.0,1294.0,1294.0,0.0,0.0,6.0
2017-09-28 21:35:00,1294.0,1294.0,1294.0,1294.0,0.0,0.0,6.0
2017-09-28 21:40:00,1294.0,1294.0,1294.0,1294.0,0.0,0.0,6.0
2017-09-28 21:45:00,1294.0,1294.0,1294.0,1294.0,0.0,0.0,6.0
2017-09-28 21:50:00,1294.0,1294.0,1294.0,1294.0,0.0,0.0,6.0
2017-09-28 21:55:00,1294.0,1294.0,1294.0,1294.0,0.0,0.0,6.0
2017-09-28 22:00:00,1294.0,1294.0,1294.0,1294.0,0.0,0.0,6.0
2017-09-28 22:05:00,1294.0,1294.0,1294.0,1294.0,0.0,0.0,6.0
2017-09-28 22:10:00,1294.0,1294.0,1294.0,1294.0,0.0,0.0,6.0
2017-09-28 22:15:00,1294.0,1294.0,1294.0,1294.0,0.0,0.0,6.0
2017-09-28 22:20:00,1294.0,1294.0,1294.0,1294.0,0.0,0.0,6.0
2017-09-28 22:25:00,1294.0,1294.0,1294.0,1294.0,0.0,0.0,6.0
2017-09-28 22:30:00,1294.0,1294.0,1294.0,1294.0,0.0,0.0,6.0
2017-09-28 22:35:00,1294.0,1294.0,1294.0,1294.0,0.0,0.0,6.0
2017-09-28 22:40:00,1294.0,1294.0,1294.0,1294.0,0.0,0.0,6.0
2017-09-28 22:45:00,1294.0,1294.0,1294.0,1294.0,0.0,0.0,6.0
2017-09-28 22:50:00,1294.0,1294.0,1294.0,1294.0,0.0,0.0,6.0
2017-09-28 22:55:00,1294.0,1294.0,1294.0,1294.0,0.0,0.0,6.0
2017-09-28 23:00:00,1294.0,1294.0,1294.0,1294.0,0.0,0.0,6.0
2017-09-28 23:05:00,1294.0,1294.0,1294.0,1294.0,0.0,0.0,6.0
2017-09-28 23:10:00,1294.0,1294.0,1294.0,1294.0,0.0,0.0,6.0
2017-09-28 23:15:00,1294.0,1294.0,1294.0,1294.0,0.0,0.0,6.0
2017-09-28 23:20:00,1294.0,1294.0,1294.0,1294.0,0.0,0.0,6.0
2017-09-28 23:25:00,1294.0,1294.0,1294.0,1294.0,0.0,0.0,6.0
2017-09-29 09:00:00,1294.0,1294.0,1294.0,1294.0,0.0,0.0,6.0
2017-09-29 09:05:00,1294.0,1294.0,1294.0,1294.0,0.0,0.0,6.0
2017-09-29 09:10:00,1294.0,1294.0,1294.0,1294.0,0.0,0.0,6.0
2017-09-29 09:15:00,1294.0,1294.0,1294.0,1294.0,0.0,0.0,6.0
2017-09-29 09:20:00,1294.0,1294.0,1294.0,1294.0,0.0,0.0,6.0
2017-09-29 09:25:00,1294.0,1294.0,1294.0,1294.0,0.0,0.0,6.0
2017-09-29 09:30:00,1294.0,1294.0,1294.0,1294.0,0.0,0.0,6.0
2017-09-29 09:35:00,1294.0,1294.0,1294.0,1294.0,0.0,0.0,6.0
2017-09-29 09:40:00,1294.0,1294.0,1294.0,1294.0,0.0,0.0,6.0
2017-09-29 09:45:00,1294.0,1294.0,1294.0,1294.0,0.0,0.0,6.0
2017-09-29 09:50:00,1294.0,1294.0,1294.0,1294.0,0.0,0.0,6.0
2017-09-29 09:55:00,1294.0,1294.0,1294.0,1294.0,0.0,0.0,6.0
2017-09-29 10:00:00,1294.0,1294.0,1294.0,1294.0,0.0,0.0,6.0
2017-09-29 10:05:00,1294.0,1294.0,1294.0,1294.0,0.0,0.0,6.0
2017-09-29 10:10:00,1294.0,1294.0,1294.0,1294.0,0.0,0.0,6.0
2017-09-29 10:30:00,1294.0,1294.0,1294.0,1294.0,0.0,0.0,6.0
2017-09-29 10:35:00,1294.0,1294.0,1294.0,1294.0,0.0,0.0,6.0
2017-09-29 10:40:00,1294.0,1294.0,1294.0,1294.0,0.0,0.0,6.0
2017-09-29 10:45:00,1294.0,1294.0,1294.0,1294.0,0.0,0.0,6.0
2017-09-29 10:50:00,1294.0,1294.0,1294.0,1294.0,0.0,0.0,6.0
2017-09-29 10:55:00,1294.0,1294.0,1294.0,1294.0,0.0,0.0,6.0
2017-09-29 11:00:00,1294.0,1294.0,1294.0,1294.0,0.0,0.0,6.0
2017-09-29 11:05:00,1294.0,1294.0,1294.0,1294.0,0.0,0.0,6.0
2017-09-29 11:10:00,1294.0,1294.0,1294.0,1294.0,0.0,0.0,6.0
2017-09-29 11:15:00,1294.0,1294.0,1294.0,1294.0,0.0,0.0,6.0
2017-09-29 11:20:00,1294.0,1294.0,1294.0,1294.0,0.0,0.0,6.0
2017-09-29 11:25:00,1294.0,1294.0,1294.0,1294.0,0.0,0.0,6.0
2017-09-29 13:30:00,1294.0,1294.0,1294.0,1294.0,0.0,0.0,6.0
2017-09-29 13:35:00,1294.0,1294.0,1294.0,1294.0,0.0,0.0,6.0
2017-09-29 13:40:00,1294.0,1294.0,1294.0,1294.0,0.0,0.0,6.0
2017-09-29 13:45:00,1294.0,1294.0,1294.0,1294.0,0.0,0.0,6.0
2017-09-29 13:50:00,1294.0,1294.0,1294.0,1294.0,0.0,0.0,6.0
2017-09-29 13:55:00,1294.0,1294.0,1294.0,1294.0,0.0,0.0,6.0
2017-09-29 14:00:00,1294.0,1294.0,1294.0,1294.0,0.0,0.0,6.0
2017-09-29 14:05:00,1294.0,1294.0,1294.0,1294.0,0.0,0.0,6.0
2017-09-29 14:10:00,1294.0,1294.0,1294.0,1294.0,0.0,0.0,6.0
2017-09-29 14:15:00,1294.0,1294.0,1294.0,1294.0,0.0,0.0,6.0
2017-09-29 14:20:00,1294.0,1294.0,1294.0,1294.0,0.0,0.0,6.0
2017-09-29 14:25:00,1294.0,1294.0,1294.0,1294.0,0.0,0.0,6.0
2017-09-29 14:30:00,1294.0,1294.0,1294.0,1294.0,0.0,0.0,6.0
2017-09-29 14:35:00,1294.0,1294.0,1294.0,1294.0,0.0,0.0,6.0
2017-09-29 14:40:00,1294.0,1294.0,1294.0,1294.0,0.0,0.0,6.0
2017-09-29 14:45:00,1294.0,1294.0,1294.0,1294.0,0.0,0.0,6.0
2017-09-29 14:50:00,1294.0,1294.0,1294.0,1294.0,0.0,0.0,6.0
2017-09-29 14:55:00,1294.0,1294.0,1294.0,1294.0,0.0,0.0,6.0
2017-10-09 09:00:00,1292.0,1292.0,1292.0,1292.0,0.0,0.0,6.0
2017-10-09 09:05:00,1292.0,1292.0,1292.0,1292.0,0.0,0.0,6.0
2017-10-09 09:10:00,1292.0,1292.0,1292.0,1292.0,0.0,0.0,6.0
2017-10-09 09:15:00,1292.0,1292.0,1292.0,1292.0,0.0,0.0,6.0
2017-10-09 09:20:00,1292.0,1292.0,1292.0,1292.0,0.0,0.0,6.0
2017-10-09 09:25:00,1292.0,1292.0,1292.0,1292.0,0.0,0.0,6.0
2017-10-09 09:30:00,1292.0,1292.0,1292.0,1292.0,0.0,0.0,6.0
2017-10-09 09:35:00,1292.0,1292.0,1292.0,1292.0,0.0,0.0,6.0
2017-10-09 09:40:00,1292.0,1292.0,1292.0,1292.0,0.0,0.0,6.0
2017-10-09 09:45:00,1292.0,1292.0,1292.0,1292.0,0.0,0.0,6.0
2017-10-09 09:50:00,1292.0,1292.0,1292.0,1292.0,0.0,0.0,6.0
2017-10-09 09:55:00,1292.0,1292.0,1292.0,1292.0,0.0,0.0,6.0
2017-10-09 10:00:00,1292.0,1292.0,1292.0,1292.0,0.0,0.0,6.0
2017-10-09 10:05:00,1292.0,1292.0,1292.0,1292.0,0.0,0.0,6.0
2017-10-09 10:10:00,1292.0,1292.0,1292.0,1292.0,0.0,0.0,6.0
2017-10-09 10:30:00,1292.0,1292.0,1292.0,1292.0,0.0,0.0,6.0
2017-10-09 10:35:00,1292.0,1292.0,1292.0,1292.0,0.0,0.0,6.0
2017-10-09 10:40:00,1292.0,1292.0,1292.0,1292.0,0.0,0.0,6.0
2017-10-09 10:45:00,1292.0,1292.0,1292.0,1292.0,0.0,0.0,6.0
2017-10-09 10:50:00,1292.0,1292.0,1292.0,1292.0,0.0,0.0,6.0
2017-10-09 10:55:00,1292.0,1292.0,1292.0,1292.0,0.0,0.0,6.0
2017-10-09 11:00:00,1292.0,1292.0,1292.0,1292.0,0.0,0.0,6.0
2017-10-09 11:05:00,1292.0,1292.0,1292.0,1292.0,0.0,0.0,6.0
2017-10-09 11:10:00,1292.0,1292.0,1292.0,1292.0,0.0,0.0,6.0
2017-10-09 11:15:00,1292.0,1292.0,1292.0,1292.0,0.0,0.0,6.0
2017-10-09 11:20:00,1292.0,1292.0,1292.0,1292.0,0.0,0.0,6.0
2017-10-09 11:25:00,1292.0,1292.0,1292.0,1292.0,0.0,0.0,6.0
2017-10-09 13:30:00,1292.0,1292.0,1292.0,1292.0,0.0,0.0,6.0
2017-10-09 13:35:00,1292.0,1292.0,1292.0,1292.0,0.0,0.0,6.0
2017-10-09 13:40:00,1292.0,1292.0,1292.0,1292.0,0.0,0.0,6.0
2017-10-09 13:45:00,1292.0,1292.0,1292.0,1292.0,0.0,0.0,6.0
2017-10-09 13:50:00,1292.0,1292.0,1292.0,1292.0,0.0,0.0,6.0
2017-10-09 13:55:00,1292.0,1292.0,1292.0,1292.0,0.0,0.0,6.0
2017-10-09 14:00:00,1292.0,1292.0,1292.0,1292.0,0.0,0.0,6.0
2017-10-09 14:05:00,1292.0,1292.0,1292.0,1292.0,0.0,0.0,6.0
2017-10-09 14:10:00,1292.0,1292.0,1292.0,1292.0,0.0,0.0,6.0
2017-10-09 14:15:00,1292.0,1292.0,1292.0,1292.0,0.0,0.0,6.0
2017-10-09 14:20:00,1292.0,1292.0,1292.0,1292.0,0.0,0.0,6.0
2017-10-09 14:25:00,1292.0,1292.0,1292.0,1292.0,0.0,0.0,6.0
2017-10-09 14:30:00,1292.0,1292.0,1292.0,1292.0,0.0,0.0,6.0
2017-10-09 14:35:00,1292.0,1292.0,1292.0,1292.0,0.0,0.0,6.0
2017-10-09 14:40:00,1292.0,1292.0,1292.0,1292.0,0.0,0.0,6.0
2017-10-09 14:45:00,1292.0,1292.0,1292.0,1292.0,0.0,0.0,6.0
2017-10-09 14:50:00,1292.0,1292.0,1292.0,1292.0,0.0,0.0,6.0
2017-10-09 14:55:00,1292.0,1292.0,1292.0,1292.0,0.0,0.0,6.0
2017-10-09 21:00:00,1283.0,1283.0,1283.0,1283.0,0.0,0.0,6.0
2017-10-09 21:05:00,1283.0,1283.0,1283.0,1283.0,0.0,0.0,6.0
2017-10-09 21:10:00,1283.0,1283.0,1283.0,1283.0,0.0,0.0,6.0
2017-10-09 21:15:00,1283.0,1283.0,1283.0,1283.0,0.0,0.0,6.0
2017-10-09 21:20:00,1283.0,1283.0,1283.0,1283.0,0.0,0.0,6.0
2017-10-09 21:25:00,1283.0,1283.0,1283.0,1283.0,0.0,0.0,6.0
2017-10-09 21:30:00,1283.0,1283.0,1283.0,1283.0,0.0,0.0,6.0
2017-10-09 21:35:00,1283.0,1283.0,1283.0,1283.0,0.0,0.0,6.0
2017-10-09 21:40:00,1283.0,1283.0,1283.0,1283.0,0.0,0.0,6.0
2017-10-09 21:45:00,1283.0,1283.0,1283.0,1283.0,0.0,0.0,6.0
2017-10-09 21:50:00,1283.0,1283.0,1283.0,1283.0,0.0,0.0,6.0
2017-10-09 21:55:00,1283.0,1283.0,1283.0,1283.0,0.0,0.0,6.0
2017-10-09 22:00:00,1283.0,1283.0,1283.0,1283.0,0.0,0.0,6.0
2017-10-09 22:05:00,1283.0,1283.0,1283.0,1283.0,0.0,0.0,6.0
2017-10-09 22:10:00,1283.0,1283.0,1283.0,1283.0,0.0,0.0,6.0
2017-10-09 22:15:00,1283.0,1283.0,1283.0,1283.0,0.0,0.0,6.0
2017-10-09 22:20:00,1283.0,1283.0,1283.0,1283.0,0.0,0.0,6.0
2017-10-09 22:25:00,1283.0,1283.0,1283.0,1283.0,0.0,0.0,6.0
2017-10-09 22:30:00,1283.0,1283.0,1283.0,1283.0,0.0,0.0,6.0
2017-10-09 22:35:00,1283.0,1283.0,1283.0,1283.0,0.0,0.0,6.0
2017-10-09 22:40:00,1283.0,1283.0,1283.0,1283.0,0.0,0.0,6.0
2017-10-09 22:45:00,1283.0,1283.0,1283.0,1283.0,0.0,0.0,6.0
2017-10-09 22:50:00,1283.0,1283.0,1283.0,1283.0,0.0,0.0,6.0
2017-10-09 22:55:00,1283.0,1283.0,1283.0,1283.0,0.0,0.0,6.0
2017-10-09 23:00:00,1283.0,1283.0,1283.0,1283.0,0.0,0.0,6.0
2017-10-09 23:05:00,1283.0,1283.0,1283.0,1283.0,0.0,0.0,6.0
2017-10-09 23:10:00,1283.0,1283.0,1283.0,1283.0,0.0,0.0,6.0
2017-10-09 23:15:00,1283.0,1283.0,1283.0,1283.0,0.0,0.0,6.0
2017-10-09 23:20:00,1283.0,1283.0,1283.0,1283.0,0.0,0.0,6.0
2017-10-09 23:25:00,1283.0,1283.0,1283.0,1283.0,0.0,0.0,6.0
2017-10-10 09:00:00,1283.0,1283.0,1283.0,1283.0,0.0,0.0,6.0
2017-10-10 09:05:00,1283.0,1283.0,1283.0,1283.0,0.0,0.0,6.0
2017-10-10 09:10:00,1283.0,1283.0,1283.0,1283.0,0.0,0.0,6.0
2017-10-10 09:15:00,1283.0,1283.0,1283.0,1283.0,0.0,0.0,6.0
2017-10-10 09:20:00,1283.0,1283.0,1283.0,1283.0,0.0,0.0,6.0
2017-10-10 09:25:00,1283.0,1283.0,1283.0,1283.0,0.0,0.0,6.0
2017-10-10 09:30:00,1283.0,1283.0,1283.0,1283.0,0.0,0.0,6.0
2017-10-10 09:35:00,1283.0,1283.0,1283.0,1283.0,0.0,0.0,6.0
2017-10-10 09:40:00,1283.0,1283.0,1283.0,1283.0,0.0,0.0,6.0
2017-10-10 09:45:00,1283.0,1283.0,1283.0,1283.0,0.0,0.0,6.0
2017-10-10 09:50:00,1283.0,1283.0,1283.0,1283.0,0.0,0.0,6.0
2017-10-10 09:55:00,1283.0,1283.0,1283.0,1283.0,0.0,0.0,6.0
2017-10-10 10:00:00,1283.0,1283.0,1283.0,1283.0,0.0,0.0,6.0
2017-10-10 10:05:00,1283.0,1283.0,1283.0,1283.0,0.0,0.0,6.0
2017-10-10 10:10:00,1283.0,1283.0,1283.0,1283.0,0.0,0.0,6.0
2017-10-10 10:30:00,1283.0,1283.0,1283.0,1283.0,0.0,0.0,6.0
2017-10-10 10:35:00,1283.0,1283.0,1283.0,1283.0,0.0,0.0,6.0
2017-10-10 10:40:00,1283.0,1283.0,1283.0,1283.0,0.0,0.0,6.0
2017-10-10 10:45:00,1283.0,1283.0,1283.0,1283.0,0.0,0.0,6.0
2017-10-10 10:50:00,1283.0,1283.0,1283.0,1283.0,0.0,0.0,6.0
2017-10-10 10:55:00,1283.0,1283.0,1283.0,1283.0,0.0,0.0,6.0
2017-10-10 11:00:00,1283.0,1283.0,1283.0,1283.0,0.0,0.0,6.0
2017-10-10 11:05:00,1283.0,1283.0,1283.0,1283.0,0.0,0.0,6.0
2017-10-10 11:10:00,1283.0,1283.0,1283.0,1283.0,0.0,0.0,6.0
2017-10-10 11:15:00,1283.0,1283.0,1283.0,1283.0,0.0,0.0,6.0
2017-10-10 11:20:00,1283.0,1283.0,1283.0,1283.0,0.0,0.0,6.0
2017-10-10 11:25:00,1283.0,1283.0,1283.0,1283.0,0.0,0.0,6.0
2017-10-10 13:30:00,1283.0,1283.0,1283.0,1283.0,0.0,0.0,6.0
2017-10-10 13:35:00,1283.0,1283.0,1283.0,1283.0,0.0,0.0,6.0
2017-10-10 13:40:00,1283.0,1283.0,1283.0,1283.0,0.0,0.0,6.0
2017-10-10 13:45:00,1283.0,1283.0,1283.0,1283.0,0.0,0.0,6.0
2017-10-10 13:50:00,1283.0,1283.0,1283.0,1283.0,0.0,0.0,6.0
2017-10-10 13:55:00,1283.0,1310.0,1283.0,1310.0,2.0,52400.0,6.0
2017-10-10 14:00:00,1310.0,1310.0,1310.0,1310.0,0.0,0.0,6.0
2017-10-10 14:05:00,1310.0,1310.0,1310.0,1310.0,0.0,0.0,6.0
2017-10-10 14:10:00,1310.0,1310.0,1310.0,1310.0,0.0,0.0,6.0
2017-10-10 14:15:00,1310.0,1310.0,1310.0,1310.0,0.0,0.0,6.0
2017-10-10 14:20:00,1310.0,1310.0,1310.0,1310.0,0.0,0.0,6.0
2017-10-10 14:25:00,1310.0,1310.0,1310.0,1310.0,0.0,0.0,6.0
2017-10-10 14:30:00,1310.0,1310.0,1310.0,1310.0,0.0,0.0,6.0
2017-10-10 14:35:00,1310.0,1310.0,1310.0,1310.0,0.0,0.0,6.0
2017-10-10 14:40:00,1310.0,1310.0,1310.0,1310.0,0.0,0.0,6.0
2017-10-10 14:45:00,1310.0,1310.0,1310.0,1310.0,0.0,0.0,6.0
2017-10-10 14:50:00,1310.0,1310.0,1310.0,1310.0,0.0,0.0,6.0
2017-10-10 14:55:00,1310.0,1310.0,1310.0,1310.0,0.0,0.0,6.0
2017-10-10 21:00:00,1310.0,1310.0,1310.0,1310.0,0.0,0.0,6.0
2017-10-10 21:05:00,1310.0,1310.0,1310.0,1310.0,0.0,0.0,6.0
2017-10-10 21:10:00,1310.0,1310.0,1310.0,1310.0,0.0,0.0,6.0
2017-10-10 21:15:00,1310.0,1310.0,1310.0,1310.0,0.0,0.0,6.0
2017-10-10 21:20:00,1310.0,1310.0,1310.0,1310.0,0.0,0.0,6.0
2017-10-10 21:25:00,1310.0,1310.0,1310.0,1310.0,0.0,0.0,6.0
2017-10-10 21:30:00,1310.0,1310.0,1310.0,1310.0,0.0,0.0,6.0
2017-10-10 21:35:00,1310.0,1310.0,1310.0,1310.0,0.0,0.0,6.0
2017-10-10 21:40:00,1310.0,1310.0,1310.0,1310.0,0.0,0.0,6.0
2017-10-10 21:45:00,1310.0,1310.0,1310.0,1310.0,0.0,0.0,6.0
2017-10-10 21:50:00,1310.0,1310.0,1310.0,1310.0,0.0,0.0,6.0
2017-10-10 21:55:00,1310.0,1310.0,1310.0,1310.0,0.0,0.0,6.0
2017-10-10 22:00:00,1310.0,1310.0,1310.0,1310.0,0.0,0.0,6.0
2017-10-10 22:05:00,1310.0,1310.0,1310.0,1310.0,0.0,0.0,6.0
2017-10-10 22:10:00,1310.0,1310.0,1310.0,1310.0,0.0,0.0,6.0
2017-10-10 22:15:00,1310.0,1310.0,1310.0,1310.0,0.0,0.0,6.0
2017-10-10 22:20:00,1310.0,1310.0,1310.0,1310.0,0.0,0.0,6.0
2017-10-10 22:25:00,1310.0,1310.0,1310.0,1310.0,0.0,0.0,6.0
2017-10-10 22:30:00,1310.0,1310.0,1310.0,1310.0,0.0,0.0,6.0
2017-10-10 22:35:00,1310.0,1310.0,1310.0,1310.0,0.0,0.0,6.0
2017-10-10 22:40:00,1310.0,1310.0,1310.0,1310.0,0.0,0.0,6.0
2017-10-10 22:45:00,1310.0,1310.0,1310.0,1310.0,0.0,0.0,6.0
2017-10-10 22:50:00,1310.0,1310.0,1310.0,1310.0,0.0,0.0,6.0
2017-10-10 22:55:00,1310.0,1310.0,1310.0,1310.0,0.0,0.0,6.0
2017-10-10 23:00:00,1310.0,1310.0,1310.0,1310.0,0.0,0.0,6.0
2017-10-10 23:05:00,1310.0,1310.0,1310.0,1310.0,0.0,0.0,6.0
2017-10-10 23:10:00,1310.0,1310.0,1310.0,1310.0,0.0,0.0,6.0
2017-10-10 23:15:00,1310.0,1310.0,1310.0,1310.0,0.0,0.0,6.0
2017-10-10 23:20:00,1310.0,1310.0,1310.0,1310.0,0.0,0.0,6.0
2017-10-10 23:25:00,1310.0,1310.0,1310.0,1310.0,0.0,0.0,6.0
2017-10-11 09:00:00,1310.0,1310.0,1310.0,1310.0,0.0,0.0,6.0
2017-10-11 09:05:00,1310.0,1310.0,1310.0,1310.0,0.0,0.0,6.0
2017-10-11 09:10:00,1310.0,1310.0,1310.0,1310.0,0.0,0.0,6.0
2017-10-11 09:15:00,1310.0,1310.0,1310.0,1310.0,0.0,0.0,6.0
2017-10-11 09:20:00,1310.0,1310.0,1310.0,1310.0,0.0,0.0,6.0
2017-10-11 09:25:00,1310.0,1310.0,1310.0,1310.0,0.0,0.0,6.0
2017-10-11 09:30:00,1310.0,1310.0,1310.0,1310.0,0.0,0.0,6.0
2017-10-11 09:35:00,1310.0,1310.0,1310.0,1310.0,0.0,0.0,6.0
2017-10-11 09:40:00,1310.0,1310.0,1310.0,1310.0,0.0,0.0,6.0
2017-10-11 09:45:00,1310.0,1310.0,1310.0,1310.0,0.0,0.0,6.0
2017-10-11 09:50:00,1310.0,1310.0,1310.0,1310.0,0.0,0.0,6.0
2017-10-11 09:55:00,1310.0,1310.0,1310.0,1310.0,0.0,0.0,6.0
2017-10-11 10:00:00,1310.0,1310.0,1310.0,1310.0,0.0,0.0,6.0
2017-10-11 10:05:00,1310.0,1310.0,1310.0,1310.0,0.0,0.0,6.0
2017-10-11 10:10:00,1310.0,1310.0,1310.0,1310.0,0.0,0.0,6.0
2017-10-11 10:30:00,1310.0,1310.0,1310.0,1310.0,0.0,0.0,6.0
2017-10-11 10:35:00,1310.0,1310.0,1310.0,1310.0,0.0,0.0,6.0
2017-10-11 10:40:00,1310.0,1310.0,1310.0,1310.0,0.0,0.0,6.0
2017-10-11 10:45:00,1310.0,1310.0,1310.0,1310.0,0.0,0.0,6.0
2017-10-11 10:50:00,1310.0,1310.0,1310.0,1310.0,0.0,0.0,6.0
2017-10-11 10:55:00,1310.0,1310.0,1310.0,1310.0,0.0,0.0,6.0
2017-10-11 11:00:00,1310.0,1310.0,1310.0,1310.0,0.0,0.0,6.0
2017-10-11 11:05:00,1310.0,1310.0,1310.0,1310.0,0.0,0.0,6.0
2017-10-11 11:10:00,1310.0,1310.0,1310.0,1310.0,0.0,0.0,6.0
2017-10-11 11:15:00,1310.0,1310.0,1310.0,1310.0,0.0,0.0,6.0
2017-10-11 11:20:00,1310.0,1310.0,1310.0,1310.0,0.0,0.0,6.0
2017-10-11 11:25:00,1310.0,1310.0,1310.0,1310.0,0.0,0.0,6.0
2017-10-11 13:30:00,1310.0,1310.0,1310.0,1310.0,0.0,0.0,6.0
2017-10-11 13:35:00,1310.0,1310.0,1310.0,1310.0,0.0,0.0,6.0
2017-10-11 13:40:00,1310.0,1310.0,1310.0,1310.0,0.0,0.0,6.0
2017-10-11 13:45:00,1310.0,1310.0,1310.0,1310.0,0.0,0.0,6.0
2017-10-11 13:50:00,1310.0,1310.0,1310.0,1310.0,0.0,0.0,6.0
2017-10-11 13:55:00,1310.0,1310.0,1310.0,1310.0,0.0,0.0,6.0
2017-10-11 14:00:00,1310.0,1310.0,1310.0,1310.0,0.0,0.0,6.0
2017-10-11 14:05:00,1310.0,1310.0,1310.0,1310.0,0.0,0.0,6.0
2017-10-11 14:10:00,1310.0,1310.0,1310.0,1310.0,0.0,0.0,6.0
2017-10-11 14:15:00,1310.0,1310.0,1310.0,1310.0,0.0,0.0,6.0
2017-10-11 14:20:00,1310.0,1310.0,1310.0,1310.0,0.0,0.0,6.0
2017-10-11 14:25:00,1310.0,1310.0,1310.0,1310.0,0.0,0.0,6.0
2017-10-11 14:30:00,1310.0,1310.0,1310.0,1310.0,0.0,0.0,6.0
2017-10-11 14:35:00,1310.0,1310.0,1310.0,1310.0,0.0,0.0,6.0
2017-10-11 14:40:00,1310.0,1310.0,1310.0,1310.0,0.0,0.0,6.0
2017-10-11 14:45:00,1310.0,1310.0,1310.0,1310.0,0.0,0.0,6.0
2017-10-11 14:50:00,1310.0,1310.0,1310.0,1310.0,0.0,0.0,6.0
2017-10-11 14:55:00,1310.0,1310.0,1310.0,1310.0,0.0,0.0,6.0
2017-10-11 21:00:00,1310.0,1310.0,1310.0,1310.0,0.0,0.0,6.0
2017-10-11 21:05:00,1310.0,1310.0,1310.0,1310.0,0.0,0.0,6.0
2017-10-11 21:10:00,1310.0,1310.0,1310.0,1310.0,0.0,0.0,6.0
2017-10-11 21:15:00,1310.0,1310.0,1310.0,1310.0,0.0,0.0,6.0
2017-10-11 21:20:00,1310.0,1310.0,1310.0,1310.0,0.0,0.0,6.0
2017-10-11 21:25:00,1310.0,1310.0,1310.0,1310.0,0.0,0.0,6.0
2017-10-11 21:30:00,1310.0,1310.0,1310.0,1310.0,0.0,0.0,6.0
2017-10-11 21:35:00,1310.0,1310.0,1310.0,1310.0,0.0,0.0,6.0
2017-10-11 21:40:00,1310.0,1310.0,1310.0,1310.0,0.0,0.0,6.0
2017-10-11 21:45:00,1310.0,1310.0,1310.0,1310.0,0.0,0.0,6.0
2017-10-11 21:50:00,1310.0,1310.0,1310.0,1310.0,0.0,0.0,6.0
2017-10-11 21:55:00,1310.0,1310.0,1310.0,1310.0,0.0,0.0,6.0
2017-10-11 22:00:00,1310.0,1310.0,1310.0,1310.0,0.0,0.0,6.0
2017-10-11 22:05:00,1310.0,1310.0,1310.0,1310.0,0.0,0.0,6.0
2017-10-11 22:10:00,1310.0,1310.0,1310.0,1310.0,0.0,0.0,6.0
2017-10-11 22:15:00,1310.0,1310.0,1310.0,1310.0,0.0,0.0,6.0
2017-10-11 22:20:00,1310.0,1310.0,1310.0,1310.0,0.0,0.0,6.0
2017-10-11 22:25:00,1310.0,1310.0,1310.0,1310.0,0.0,0.0,6.0
2017-10-11 22:30:00,1310.0,1310.0,1310.0,1310.0,0.0,0.0,6.0
2017-10-11 22:35:00,1310.0,1310.0,1310.0,1310.0,0.0,0.0,6.0
2017-10-11 22:40:00,1310.0,1310.0,1310.0,1310.0,0.0,0.0,6.0
2017-10-11 22:45:00,1310.0,1310.0,1310.0,1310.0,0.0,0.0,6.0
2017-10-11 22:50:00,1310.0,1310.0,1310.0,1310.0,0.0,0.0,6.0
2017-10-11 22:55:00,1310.0,1310.0,1310.0,1310.0,0.0,0.0,6.0
2017-10-11 23:00:00,1310.0,1310.0,1310.0,1310.0,0.0,0.0,6.0
2017-10-11 23:05:00,1310.0,1310.0,1310.0,1310.0,0.0,0.0,6.0
2017-10-11 23:10:00,1310.0,1310.0,1310.0,1310.0,0.0,0.0,6.0
2017-10-11 23:15:00,1310.0,1310.0,1310.0,1310.0,0.0,0.0,6.0
2017-10-11 23:20:00,1310.0,1310.0,1310.0,1310.0,0.0,0.0,6.0
2017-10-11 23:25:00,1310.0,1310.0,1310.0,1310.0,0.0,0.0,6.0
2017-10-12 09:00:00,1310.0,1310.0,1310.0,1310.0,0.0,0.0,6.0
2017-10-12 09:05:00,1310.0,1310.0,1310.0,1310.0,0.0,0.0,6.0
2017-10-12 09:10:00,1310.0,1310.0,1310.0,1310.0,0.0,0.0,6.0
2017-10-12 09:15:00,1310.0,1310.0,1310.0,1310.0,0.0,0.0,6.0
2017-10-12 09:20:00,1310.0,1310.0,1310.0,1310.0,2.0,52400.0,6.0
2017-10-12 09:25:00,1310.0,1310.0,1310.0,1310.0,0.0,0.0,6.0
2017-10-12 09:30:00,1310.0,1310.0,1310.0,1310.0,0.0,0.0,6.0
2017-10-12 09:35:00,1310.0,1310.0,1310.0,1310.0,0.0,0.0,6.0
2017-10-12 09:40:00,1310.0,1310.0,1310.0,1310.0,0.0,0.0,6.0
2017-10-12 09:45:00,1310.0,1310.0,1310.0,1310.0,0.0,0.0,6.0
2017-10-12 09:50:00,1310.0,1310.0,1310.0,1310.0,0.0,0.0,6.0
2017-10-12 09:55:00,1310.0,1310.0,1310.0,1310.0,0.0,0.0,6.0
2017-10-12 10:00:00,1310.0,1310.0,1310.0,1310.0,0.0,0.0,6.0
2017-10-12 10:05:00,1310.0,1310.0,1310.0,1310.0,0.0,0.0,6.0
2017-10-12 10:10:00,1310.0,1310.0,1310.0,1310.0,0.0,0.0,6.0
2017-10-12 10:30:00,1310.0,1310.0,1310.0,1310.0,0.0,0.0,6.0
2017-10-12 10:35:00,1310.0,1310.0,1310.0,1310.0,0.0,0.0,6.0
2017-10-12 10:40:00,1310.0,1310.0,1310.0,1310.0,0.0,0.0,6.0
2017-10-12 10:45:00,1310.0,1310.0,1310.0,1310.0,0.0,0.0,6.0
2017-10-12 10:50:00,1310.0,1310.0,1310.0,1310.0,0.0,0.0,6.0
2017-10-12 10:55:00,1310.0,1310.0,1310.0,1310.0,0.0,0.0,6.0
2017-10-12 11:00:00,1310.0,1310.0,1310.0,1310.0,0.0,0.0,6.0
2017-10-12 11:05:00,1310.0,1310.0,1310.0,1310.0,0.0,0.0,6.0
2017-10-12 11:10:00,1310.0,1310.0,1310.0,1310.0,0.0,0.0,6.0
2017-10-12 11:15:00,1310.0,1310.0,1310.0,1310.0,0.0,0.0,6.0
2017-10-12 11:20:00,1310.0,1310.0,1310.0,1310.0,0.0,0.0,6.0
2017-10-12 11:25:00,1310.0,1310.0,1310.0,1310.0,0.0,0.0,6.0
2017-10-12 13:30:00,1310.0,1310.0,1310.0,1310.0,0.0,0.0,6.0
2017-10-12 13:35:00,1310.0,1310.0,1310.0,1310.0,0.0,0.0,6.0
2017-10-12 13:40:00,1310.0,1310.0,1310.0,1310.0,0.0,0.0,6.0
2017-10-12 13:45:00,1310.0,1310.0,1310.0,1310.0,0.0,0.0,6.0
2017-10-12 13:50:00,1310.0,1310.0,1310.0,1310.0,0.0,0.0,6.0
2017-10-12 13:55:00,1310.0,1310.0,1310.0,1310.0,0.0,0.0,6.0
2017-10-12 14:00:00,1310.0,1310.0,1310.0,1310.0,0.0,0.0,6.0
2017-10-12 14:05:00,1310.0,1310.0,1310.0,1310.0,0.0,0.0,6.0
2017-10-12 14:10:00,1310.0,1310.0,1310.0,1310.0,0.0,0.0,6.0
2017-10-12 14:15:00,1310.0,1310.0,1310.0,1310.0,0.0,0.0,6.0
2017-10-12 14:20:00,1310.0,1310.0,1310.0,1310.0,0.0,0.0,6.0
2017-10-12 14:25:00,1310.0,1310.0,1310.0,1310.0,0.0,0.0,6.0
2017-10-12 14:30:00,1310.0,1310.0,1310.0,1310.0,0.0,0.0,6.0
2017-10-12 14:35:00,1310.0,1310.0,1310.0,1310.0,0.0,0.0,6.0
2017-10-12 14:40:00,1310.0,1310.0,1310.0,1310.0,0.0,0.0,6.0
2017-10-12 14:45:00,1310.0,1310.0,1310.0,1310.0,0.0,0.0,6.0
2017-10-12 14:50:00,1310.0,1310.0,1310.0,1310.0,0.0,0.0,6.0
2017-10-12 14:55:00,1310.0,1310.0,1310.0,1310.0,0.0,0.0,6.0
2017-10-12 21:00:00,1310.0,1310.0,1310.0,1310.0,0.0,0.0,6.0
2017-10-12 21:05:00,1310.0,1310.0,1310.0,1310.0,0.0,0.0,6.0
2017-10-12 21:10:00,1310.0,1310.0,1310.0,1310.0,0.0,0.0,6.0
2017-10-12 21:15:00,1310.0,1310.0,1310.0,1310.0,0.0,0.0,6.0
2017-10-12 21:20:00,1310.0,1310.0,1310.0,1310.0,0.0,0.0,6.0
2017-10-12 21:25:00,1310.0,1310.0,1310.0,1310.0,0.0,0.0,6.0
2017-10-12 21:30:00,1310.0,1310.0,1310.0,1310.0,0.0,0.0,6.0
2017-10-12 21:35:00,1310.0,1310.0,1310.0,1310.0,0.0,0.0,6.0
2017-10-12 21:40:00,1310.0,1310.0,1310.0,1310.0,0.0,0.0,6.0
2017-10-12 21:45:00,1310.0,1310.0,1310.0,1310.0,0.0,0.0,6.0
2017-10-12 21:50:00,1310.0,1310.0,1310.0,1310.0,0.0,0.0,6.0
2017-10-12 21:55:00,1310.0,1310.0,1310.0,1310.0,0.0,0.0,6.0
2017-10-12 22:00:00,1310.0,1310.0,1310.0,1310.0,0.0,0.0,6.0
2017-10-12 22:05:00,1310.0,1310.0,1310.0,1310.0,0.0,0.0,6.0
2017-10-12 22:10:00,1310.0,1310.0,1310.0,1310.0,0.0,0.0,6.0
2017-10-12 22:15:00,1310.0,1310.0,1310.0,1310.0,0.0,0.0,6.0
2017-10-12 22:20:00,1310.0,1310.0,1310.0,1310.0,0.0,0.0,6.0
2017-10-12 22:25:00,1310.0,1310.0,1310.0,1310.0,0.0,0.0,6.0
2017-10-12 22:30:00,1310.0,1310.0,1310.0,1310.0,0.0,0.0,6.0
2017-10-12 22:35:00,1310.0,1310.0,1310.0,1310.0,0.0,0.0,6.0
2017-10-12 22:40:00,1310.0,1310.0,1310.0,1310.0,0.0,0.0,6.0
2017-10-12 22:45:00,1310.0,1310.0,1310.0,1310.0,0.0,0.0,6.0
2017-10-12 22:50:00,1310.0,1310.0,1310.0,1310.0,0.0,0.0,6.0
2017-10-12 22:55:00,1310.0,1310.0,1310.0,1310.0,0.0,0.0,6.0
2017-10-12 23:00:00,1310.0,1310.0,1310.0,1310.0,0.0,0.0,6.0
2017-10-12 23:05:00,1310.0,1310.0,1310.0,1310.0,0.0,0.0,6.0
2017-10-12 23:10:00,1310.0,1310.0,1310.0,1310.0,0.0,0.0,6.0
2017-10-12 23:15:00,1310.0,1310.0,1310.0,1310.0,0.0,0.0,6.0
2017-10-12 23:20:00,1310.0,1310.0,1310.0,1310.0,0.0,0.0,6.0
2017-10-12 23:25:00,1310.0,1310.0,1310.0,1310.0,0.0,0.0,6.0
2017-10-13 09:00:00,1310.0,1310.0,1310.0,1310.0,0.0,0.0,6.0
2017-10-13 09:05:00,1310.0,1310.0,1310.0,1310.0,0.0,0.0,6.0
2017-10-13 09:10:00,1310.0,1310.0,1310.0,1310.0,0.0,0.0,6.0
2017-10-13 09:15:00,1310.0,1310.0,1310.0,1310.0,0.0,0.0,6.0
2017-10-13 09:20:00,1310.0,1310.0,1310.0,1310.0,0.0,0.0,6.0
2017-10-13 09:25:00,1310.0,1310.0,1310.0,1310.0,0.0,0.0,6.0
2017-10-13 09:30:00,1310.0,1310.0,1310.0,1310.0,0.0,0.0,6.0
2017-10-13 09:35:00,1310.0,1310.0,1310.0,1310.0,0.0,0.0,6.0
2017-10-13 09:40:00,1310.0,1310.0,1310.0,1310.0,0.0,0.0,6.0
2017-10-13 09:45:00,1310.0,1310.0,1310.0,1310.0,0.0,0.0,6.0
2017-10-13 09:50:00,1310.0,1310.0,1310.0,1310.0,0.0,0.0,6.0
2017-10-13 09:55:00,1310.0,1310.0,1310.0,1310.0,0.0,0.0,6.0
2017-10-13 10:00:00,1310.0,1310.0,1310.0,1310.0,0.0,0.0,6.0
2017-10-13 10:05:00,1310.0,1310.0,1310.0,1310.0,0.0,0.0,6.0
2017-10-13 10:10:00,1310.0,1310.0,1310.0,1310.0,0.0,0.0,6.0
2017-10-13 10:30:00,1310.0,1310.0,1310.0,1310.0,0.0,0.0,6.0
2017-10-13 10:35:00,1310.0,1310.0,1310.0,1310.0,0.0,0.0,6.0
2017-10-13 10:40:00,1310.0,1310.0,1310.0,1310.0,0.0,0.0,6.0
2017-10-13 10:45:00,1310.0,1310.0,1310.0,1310.0,0.0,0.0,6.0
2017-10-13 10:50:00,1310.0,1310.0,1310.0,1310.0,0.0,0.0,6.0
2017-10-13 10:55:00,1310.0,1310.0,1310.0,1310.0,0.0,0.0,6.0
2017-10-13 11:00:00,1310.0,1310.0,1310.0,1310.0,0.0,0.0,6.0
2017-10-13 11:05:00,1310.0,1310.0,1310.0,1310.0,0.0,0.0,6.0
2017-10-13 11:10:00,1310.0,1310.0,1310.0,1310.0,0.0,0.0,6.0
2017-10-13 11:15:00,1310.0,1310.0,1310.0,1310.0,0.0,0.0,6.0
2017-10-13 11:20:00,1310.0,1310.0,1310.0,1310.0,0.0,0.0,6.0
2017-10-13 11:25:00,1310.0,1310.0,1310.0,1310.0,0.0,0.0,6.0
2017-10-13 13:30:00,1310.0,1310.0,1310.0,1310.0,0.0,0.0,6.0
2017-10-13 13:35:00,1310.0,1310.0,1310.0,1310.0,0.0,0.0,6.0
2017-10-13 13:40:00,1310.0,1310.0,1310.0,1310.0,0.0,0.0,6.0
2017-10-13 13:45:00,1310.0,1310.0,1310.0,1310.0,0.0,0.0,6.0
2017-10-13 13:50:00,1310.0,1310.0,1310.0,1310.0,0.0,0.0,6.0
2017-10-13 13:55:00,1310.0,1310.0,1310.0,1310.0,0.0,0.0,6.0
2017-10-13 14:00:00,1310.0,1310.0,1310.0,1310.0,0.0,0.0,6.0
2017-10-13 14:05:00,1310.0,1310.0,1310.0,1310.0,0.0,0.0,6.0
2017-10-13 14:10:00,1310.0,1310.0,1310.0,1310.0,0.0,0.0,6.0
2017-10-13 14:15:00,1310.0,1310.0,1310.0,1310.0,0.0,0.0,6.0
2017-10-13 14:20:00,1310.0,1310.0,1310.0,1310.0,0.0,0.0,6.0
2017-10-13 14:25:00,1310.0,1310.0,1310.0,1310.0,0.0,0.0,6.0
2017-10-13 14:30:00,1310.0,1310.0,1310.0,1310.0,0.0,0.0,6.0
2017-10-13 14:35:00,1310.0,1310.0,1310.0,1310.0,0.0,0.0,6.0
2017-10-13 14:40:00,1310.0,1310.0,1310.0,1310.0,0.0,0.0,6.0
2017-10-13 14:45:00,1310.0,1310.0,1310.0,1310.0,0.0,0.0,6.0
2017-10-13 14:50:00,1310.0,1310.0,1310.0,1310.0,0.0,0.0,6.0
2017-10-13 14:55:00,1310.0,1310.0,1310.0,1310.0,0.0,0.0,6.0
2017-10-13 21:00:00,1323.0,1323.0,1323.0,1323.0,0.0,0.0,6.0
2017-10-13 21:05:00,1323.0,1323.0,1323.0,1323.0,0.0,0.0,6.0
2017-10-13 21:10:00,1323.0,1323.0,1323.0,1323.0,0.0,0.0,6.0
2017-10-13 21:15:00,1323.0,1323.0,1323.0,1323.0,0.0,0.0,6.0
2017-10-13 21:20:00,1323.0,1323.0,1323.0,1323.0,0.0,0.0,6.0
2017-10-13 21:25:00,1323.0,1323.0,1323.0,1323.0,0.0,0.0,6.0
2017-10-13 21:30:00,1323.0,1323.0,1323.0,1323.0,0.0,0.0,6.0
2017-10-13 21:35:00,1323.0,1323.0,1323.0,1323.0,0.0,0.0,6.0
2017-10-13 21:40:00,1323.0,1323.0,1323.0,1323.0,0.0,0.0,6.0
2017-10-13 21:45:00,1323.0,1323.0,1323.0,1323.0,0.0,0.0,6.0
2017-10-13 21:50:00,1323.0,1323.0,1323.0,1323.0,0.0,0.0,6.0
2017-10-13 21:55:00,1323.0,1323.0,1323.0,1323.0,0.0,0.0,6.0
2017-10-13 22:00:00,1323.0,1323.0,1323.0,1323.0,0.0,0.0,6.0
2017-10-13 22:05:00,1323.0,1323.0,1323.0,1323.0,0.0,0.0,6.0
2017-10-13 22:10:00,1323.0,1323.0,1323.0,1323.0,0.0,0.0,6.0
2017-10-13 22:15:00,1323.0,1323.0,1323.0,1323.0,0.0,0.0,6.0
2017-10-13 22:20:00,1323.0,1323.0,1323.0,1323.0,0.0,0.0,6.0
2017-10-13 22:25:00,1323.0,1331.0,1323.0,1331.0,2.0,53240.0,6.0
2017-10-13 22:30:00,1331.0,1331.0,1331.0,1331.0,0.0,0.0,6.0
2017-10-13 22:35:00,1331.0,1331.0,1331.0,1331.0,0.0,0.0,6.0
2017-10-13 22:40:00,1331.0,1331.0,1331.0,1331.0,0.0,0.0,6.0
2017-10-13 22:45:00,1331.0,1331.0,1331.0,1331.0,0.0,0.0,6.0
2017-10-13 22:50:00,1331.0,1331.0,1331.0,1331.0,0.0,0.0,6.0
2017-10-13 22:55:00,1331.0,1331.0,1331.0,1331.0,0.0,0.0,6.0
2017-10-13 23:00:00,1331.0,1331.0,1331.0,1331.0,0.0,0.0,6.0
2017-10-13 23:05:00,1331.0,1331.0,1331.0,1331.0,0.0,0.0,6.0
2017-10-13 23:10:00,1331.0,1331.0,1331.0,1331.0,0.0,0.0,6.0
2017-10-13 23:15:00,1331.0,1331.0,1331.0,1331.0,0.0,0.0,6.0
2017-10-13 23:20:00,1331.0,1331.0,1331.0,1331.0,0.0,0.0,6.0
2017-10-13 23:25:00,1331.0,1331.0,1331.0,1331.0,0.0,0.0,6.0
2017-10-16 09:00:00,1331.0,1331.0,1331.0,1331.0,0.0,0.0,6.0
2017-10-16 09:05:00,1331.0,1331.0,1331.0,1331.0,0.0,0.0,6.0
2017-10-16 09:10:00,1331.0,1331.0,1331.0,1331.0,0.0,0.0,6.0
2017-10-16 09:15:00,1331.0,1331.0,1331.0,1331.0,0.0,0.0,6.0
2017-10-16 09:20:00,1331.0,1331.0,1331.0,1331.0,0.0,0.0,6.0
2017-10-16 09:25:00,1331.0,1331.0,1331.0,1331.0,0.0,0.0,6.0
2017-10-16 09:30:00,1331.0,1331.0,1331.0,1331.0,0.0,0.0,6.0
2017-10-16 09:35:00,1331.0,1331.0,1331.0,1331.0,0.0,0.0,6.0
2017-10-16 09:40:00,1331.0,1331.0,1331.0,1331.0,0.0,0.0,6.0
2017-10-16 09:45:00,1331.0,1331.0,1331.0,1331.0,0.0,0.0,6.0
2017-10-16 09:50:00,1331.0,1331.0,1331.0,1331.0,0.0,0.0,6.0
2017-10-16 09:55:00,1331.0,1331.0,1331.0,1331.0,0.0,0.0,6.0
2017-10-16 10:00:00,1331.0,1331.0,1331.0,1331.0,0.0,0.0,6.0
2017-10-16 10:05:00,1331.0,1331.0,1331.0,1331.0,0.0,0.0,6.0
2017-10-16 10:10:00,1331.0,1331.0,1331.0,1331.0,0.0,0.0,6.0
2017-10-16 10:30:00,1331.0,1331.0,1331.0,1331.0,0.0,0.0,6.0
2017-10-16 10:35:00,1331.0,1331.0,1331.0,1331.0,0.0,0.0,6.0
2017-10-16 10:40:00,1331.0,1331.0,1331.0,1331.0,0.0,0.0,6.0
2017-10-16 10:45:00,1331.0,1331.0,1331.0,1331.0,0.0,0.0,6.0
2017-10-16 10:50:00,1331.0,1331.0,1331.0,1331.0,0.0,0.0,6.0
2017-10-16 10:55:00,1331.0,1331.0,1331.0,1331.0,0.0,0.0,6.0
2017-10-16 11:00:00,1331.0,1331.0,1331.0,1331.0,0.0,0.0,6.0
2017-10-16 11:05:00,1331.0,1331.0,1331.0,1331.0,0.0,0.0,6.0
2017-10-16 11:10:00,1331.0,1331.0,1331.0,1331.0,0.0,0.0,6.0
2017-10-16 11:15:00,1331.0,1331.0,1331.0,1331.0,0.0,0.0,6.0
2017-10-16 11:20:00,1331.0,1331.0,1331.0,1331.0,0.0,0.0,6.0
2017-10-16 11:25:00,1331.0,1331.0,1331.0,1331.0,0.0,0.0,6.0
2017-10-16 13:30:00,1331.0,1331.0,1331.0,1331.0,0.0,0.0,6.0
2017-10-16 13:35:00,1331.0,1331.0,1331.0,1331.0,0.0,0.0,6.0
2017-10-16 13:40:00,1331.0,1331.0,1331.0,1331.0,0.0,0.0,6.0
2017-10-16 13:45:00,1331.0,1331.0,1331.0,1331.0,0.0,0.0,6.0
2017-10-16 13:50:00,1331.0,1331.0,1331.0,1331.0,0.0,0.0,6.0
2017-10-16 13:55:00,1331.0,1331.0,1331.0,1331.0,0.0,0.0,6.0
2017-10-16 14:00:00,1331.0,1331.0,1331.0,1331.0,0.0,0.0,6.0
2017-10-16 14:05:00,1331.0,1331.0,1331.0,1331.0,0.0,0.0,6.0
2017-10-16 14:10:00,1331.0,1331.0,1331.0,1331.0,0.0,0.0,6.0
2017-10-16 14:15:00,1331.0,1331.0,1331.0,1331.0,0.0,0.0,6.0
2017-10-16 14:20:00,1331.0,1331.0,1331.0,1331.0,0.0,0.0,6.0
2017-10-16 14:25:00,1331.0,1331.0,1331.0,1331.0,0.0,0.0,6.0
2017-10-16 14:30:00,1331.0,1331.0,1331.0,1331.0,0.0,0.0,6.0
2017-10-16 14:35:00,1331.0,1331.0,1331.0,1331.0,0.0,0.0,6.0
2017-10-16 14:40:00,1331.0,1331.0,1331.0,1331.0,0.0,0.0,6.0
2017-10-16 14:45:00,1331.0,1331.0,1331.0,1331.0,0.0,0.0,6.0
2017-10-16 14:50:00,1331.0,1331.0,1331.0,1331.0,0.0,0.0,6.0
2017-10-16 14:55:00,1331.0,1331.0,1331.0,1331.0,0.0,0.0,6.0
2017-10-16 21:00:00,1331.0,1331.0,1331.0,1331.0,0.0,0.0,6.0
2017-10-16 21:05:00,1331.0,1331.0,1331.0,1331.0,0.0,0.0,6.0
2017-10-16 21:10:00,1331.0,1331.0,1331.0,1331.0,0.0,0.0,6.0
2017-10-16 21:15:00,1331.0,1331.0,1331.0,1331.0,0.0,0.0,6.0
2017-10-16 21:20:00,1331.0,1331.0,1331.0,1331.0,0.0,0.0,6.0
2017-10-16 21:25:00,1331.0,1331.0,1331.0,1331.0,0.0,0.0,6.0
2017-10-16 21:30:00,1331.0,1331.0,1331.0,1331.0,0.0,0.0,6.0
2017-10-16 21:35:00,1331.0,1331.0,1331.0,1331.0,0.0,0.0,6.0
2017-10-16 21:40:00,1331.0,1331.0,1331.0,1331.0,0.0,0.0,6.0
2017-10-16 21:45:00,1331.0,1331.0,1331.0,1331.0,0.0,0.0,6.0
2017-10-16 21:50:00,1331.0,1331.0,1331.0,1331.0,0.0,0.0,6.0
2017-10-16 21:55:00,1331.0,1331.0,1331.0,1331.0,0.0,0.0,6.0
2017-10-16 22:00:00,1331.0,1331.0,1331.0,1331.0,0.0,0.0,6.0
2017-10-16 22:05:00,1331.0,1331.0,1331.0,1331.0,0.0,0.0,6.0
2017-10-16 22:10:00,1331.0,1331.0,1331.0,1331.0,0.0,0.0,6.0
2017-10-16 22:15:00,1331.0,1331.0,1331.0,1331.0,0.0,0.0,6.0
2017-10-16 22:20:00,1331.0,1331.0,1331.0,1331.0,0.0,0.0,6.0
2017-10-16 22:25:00,1331.0,1331.0,1331.0,1331.0,0.0,0.0,6.0
2017-10-16 22:30:00,1331.0,1331.0,1331.0,1331.0,0.0,0.0,6.0
2017-10-16 22:35:00,1331.0,1331.0,1331.0,1331.0,0.0,0.0,6.0
2017-10-16 22:40:00,1331.0,1331.0,1331.0,1331.0,0.0,0.0,6.0
2017-10-16 22:45:00,1331.0,1331.0,1331.0,1331.0,0.0,0.0,6.0
2017-10-16 22:50:00,1331.0,1331.0,1331.0,1331.0,0.0,0.0,6.0
2017-10-16 22:55:00,1331.0,1331.0,1331.0,1331.0,0.0,0.0,6.0
2017-10-16 23:00:00,1331.0,1331.0,1331.0,1331.0,0.0,0.0,6.0
2017-10-16 23:05:00,1331.0,1331.0,1331.0,1331.0,0.0,0.0,6.0
2017-10-16 23:10:00,1331.0,1331.0,1331.0,1331.0,0.0,0.0,6.0
2017-10-16 23:15:00,1331.0,1331.0,1331.0,1331.0,0.0,0.0,6.0
2017-10-16 23:20:00,1331.0,1331.0,1331.0,1331.0,0.0,0.0,6.0
2017-10-16 23:25:00,1331.0,1331.0,1331.0,1331.0,0.0,0.0,6.0
2017-10-17 09:00:00,1331.0,1331.0,1331.0,1331.0,0.0,0.0,6.0
2017-10-17 09:05:00,1331.0,1331.0,1331.0,1331.0,0.0,0.0,6.0
2017-10-17 09:10:00,1331.0,1331.0,1331.0,1331.0,0.0,0.0,6.0
2017-10-17 09:15:00,1331.0,1331.0,1331.0,1331.0,0.0,0.0,6.0
2017-10-17 09:20:00,1331.0,1331.0,1331.0,1331.0,0.0,0.0,6.0
2017-10-17 09:25:00,1331.0,1331.0,1331.0,1331.0,0.0,0.0,6.0
2017-10-17 09:30:00,1331.0,1331.0,1331.0,1331.0,0.0,0.0,6.0
2017-10-17 09:35:00,1331.0,1331.0,1331.0,1331.0,0.0,0.0,6.0
2017-10-17 09:40:00,1331.0,1331.0,1331.0,1331.0,0.0,0.0,6.0
2017-10-17 09:45:00,1331.0,1331.0,1331.0,1331.0,0.0,0.0,6.0
2017-10-17 09:50:00,1331.0,1331.0,1331.0,1331.0,0.0,0.0,6.0
2017-10-17 09:55:00,1331.0,1331.0,1331.0,1331.0,0.0,0.0,6.0
2017-10-17 10:00:00,1331.0,1331.0,1331.0,1331.0,0.0,0.0,6.0
2017-10-17 10:05:00,1331.0,1331.0,1331.0,1331.0,0.0,0.0,6.0
2017-10-17 10:10:00,1331.0,1331.0,1331.0,1331.0,0.0,0.0,6.0
2017-10-17 10:30:00,1331.0,1331.0,1331.0,1331.0,0.0,0.0,6.0
2017-10-17 10:35:00,1331.0,1331.0,1331.0,1331.0,0.0,0.0,6.0
2017-10-17 10:40:00,1331.0,1331.0,1331.0,1331.0,0.0,0.0,6.0
2017-10-17 10:45:00,1331.0,1331.0,1331.0,1331.0,0.0,0.0,6.0
2017-10-17 10:50:00,1331.0,1331.0,1331.0,1331.0,0.0,0.0,6.0
2017-10-17 10:55:00,1331.0,1331.0,1331.0,1331.0,0.0,0.0,6.0
2017-10-17 11:00:00,1331.0,1331.0,1331.0,1331.0,0.0,0.0,6.0
2017-10-17 11:05:00,1331.0,1331.0,1331.0,1331.0,0.0,0.0,6.0
2017-10-17 11:10:00,1331.0,1331.0,1331.0,1331.0,0.0,0.0,6.0
2017-10-17 11:15:00,1331.0,1331.0,1331.0,1331.0,0.0,0.0,6.0
2017-10-17 11:20:00,1331.0,1331.0,1331.0,1331.0,0.0,0.0,6.0
2017-10-17 11:25:00,1331.0,1331.0,1331.0,1331.0,0.0,0.0,6.0
2017-10-17 13:30:00,1331.0,1331.0,1331.0,1331.0,0.0,0.0,6.0
2017-10-17 13:35:00,1331.0,1331.0,1331.0,1331.0,0.0,0.0,6.0
2017-10-17 13:40:00,1331.0,1331.0,1331.0,1331.0,0.0,0.0,6.0
2017-10-17 13:45:00,1331.0,1331.0,1331.0,1331.0,0.0,0.0,6.0
2017-10-17 13:50:00,1331.0,1331.0,1331.0,1331.0,0.0,0.0,6.0
2017-10-17 13:55:00,1331.0,1331.0,1331.0,1331.0,0.0,0.0,6.0
2017-10-17 14:00:00,1331.0,1331.0,1331.0,1331.0,0.0,0.0,6.0
2017-10-17 14:05:00,1331.0,1331.0,1331.0,1331.0,0.0,0.0,6.0
2017-10-17 14:10:00,1331.0,1331.0,1331.0,1331.0,0.0,0.0,6.0
2017-10-17 14:15:00,1331.0,1331.0,1331.0,1331.0,0.0,0.0,6.0
2017-10-17 14:20:00,1331.0,1331.0,1331.0,1331.0,0.0,0.0,6.0
2017-10-17 14:25:00,1331.0,1331.0,1331.0,1331.0,0.0,0.0,6.0
2017-10-17 14:30:00,1331.0,1331.0,1331.0,1331.0,0.0,0.0,6.0
2017-10-17 14:35:00,1331.0,1331.0,1331.0,1331.0,0.0,0.0,6.0
2017-10-17 14:40:00,1331.0,1331.0,1331.0,1331.0,0.0,0.0,6.0
2017-10-17 14:45:00,1331.0,1331.0,1331.0,1331.0,0.0,0.0,6.0
2017-10-17 14:50:00,1331.0,1331.0,1331.0,1331.0,0.0,0.0,6.0
2017-10-17 14:55:00,1331.0,1331.0,1331.0,1331.0,0.0,0.0,6.0
2017-10-17 21:00:00,1331.0,1331.0,1331.0,1331.0,0.0,0.0,6.0
2017-10-17 21:05:00,1331.0,1331.0,1331.0,1331.0,0.0,0.0,6.0
2017-10-17 21:10:00,1331.0,1331.0,1331.0,1331.0,0.0,0.0,6.0
2017-10-17 21:15:00,1331.0,1331.0,1331.0,1331.0,0.0,0.0,6.0
2017-10-17 21:20:00,1331.0,1331.0,1331.0,1331.0,0.0,0.0,6.0
2017-10-17 21:25:00,1331.0,1331.0,1331.0,1331.0,0.0,0.0,6.0
2017-10-17 21:30:00,1331.0,1331.0,1331.0,1331.0,0.0,0.0,6.0
2017-10-17 21:35:00,1331.0,1331.0,1331.0,1331.0,0.0,0.0,6.0
2017-10-17 21:40:00,1331.0,1331.0,1331.0,1331.0,0.0,0.0,6.0
2017-10-17 21:45:00,1331.0,1331.0,1331.0,1331.0,0.0,0.0,6.0
2017-10-17 21:50:00,1331.0,1331.0,1331.0,1331.0,0.0,0.0,6.0
2017-10-17 21:55:00,1331.0,1331.0,1331.0,1331.0,0.0,0.0,6.0
2017-10-17 22:00:00,1331.0,1331.0,1331.0,1331.0,0.0,0.0,6.0
2017-10-17 22:05:00,1331.0,1331.0,1331.0,1331.0,0.0,0.0,6.0
2017-10-17 22:10:00,1331.0,1331.0,1331.0,1331.0,0.0,0.0,6.0
2017-10-17 22:15:00,1331.0,1331.0,1331.0,1331.0,0.0,0.0,6.0
2017-10-17 22:20:00,1331.0,1331.0,1331.0,1331.0,0.0,0.0,6.0
2017-10-17 22:25:00,1331.0,1331.0,1331.0,1331.0,0.0,0.0,6.0
2017-10-17 22:30:00,1331.0,1331.0,1331.0,1331.0,0.0,0.0,6.0
2017-10-17 22:35:00,1331.0,1331.0,1331.0,1331.0,0.0,0.0,6.0
2017-10-17 22:40:00,1331.0,1331.0,1331.0,1331.0,0.0,0.0,6.0
2017-10-17 22:45:00,1331.0,1331.0,1331.0,1331.0,0.0,0.0,6.0
2017-10-17 22:50:00,1331.0,1331.0,1331.0,1331.0,0.0,0.0,6.0
2017-10-17 22:55:00,1331.0,1331.0,1331.0,1331.0,0.0,0.0,6.0
2017-10-17 23:00:00,1331.0,1331.0,1331.0,1331.0,0.0,0.0,6.0
2017-10-17 23:05:00,1331.0,1331.0,1331.0,1331.0,0.0,0.0,6.0
2017-10-17 23:10:00,1331.0,1331.0,1331.0,1331.0,0.0,0.0,6.0
2017-10-17 23:15:00,1331.0,1331.0,1331.0,1331.0,0.0,0.0,6.0
2017-10-17 23:20:00,1331.0,1331.0,1331.0,1331.0,0.0,0.0,6.0
2017-10-17 23:25:00,1331.0,1331.0,1331.0,1331.0,0.0,0.0,6.0
2017-10-18 09:00:00,1331.0,1331.0,1331.0,1331.0,0.0,0.0,6.0
2017-10-18 09:05:00,1331.0,1331.0,1331.0,1331.0,0.0,0.0,6.0
2017-10-18 09:10:00,1331.0,1331.0,1331.0,1331.0,0.0,0.0,6.0
2017-10-18 09:15:00,1331.0,1331.0,1331.0,1331.0,0.0,0.0,6.0
2017-10-18 09:20:00,1331.0,1331.0,1331.0,1331.0,0.0,0.0,6.0
2017-10-18 09:25:00,1331.0,1331.0,1331.0,1331.0,0.0,0.0,6.0
2017-10-18 09:30:00,1331.0,1331.0,1331.0,1331.0,0.0,0.0,6.0
2017-10-18 09:35:00,1331.0,1331.0,1331.0,1331.0,0.0,0.0,6.0
2017-10-18 09:40:00,1331.0,1331.0,1331.0,1331.0,0.0,0.0,6.0
2017-10-18 09:45:00,1331.0,1331.0,1331.0,1331.0,0.0,0.0,6.0
2017-10-18 09:50:00,1331.0,1331.0,1331.0,1331.0,0.0,0.0,6.0
2017-10-18 09:55:00,1331.0,1331.0,1331.0,1331.0,0.0,0.0,6.0
2017-10-18 10:00:00,1331.0,1331.0,1331.0,1331.0,0.0,0.0,6.0
2017-10-18 10:05:00,1331.0,1331.0,1331.0,1331.0,0.0,0.0,6.0
2017-10-18 10:10:00,1331.0,1331.0,1331.0,1331.0,0.0,0.0,6.0
2017-10-18 10:30:00,1331.0,1331.0,1331.0,1331.0,0.0,0.0,6.0
2017-10-18 10:35:00,1331.0,1331.0,1331.0,1331.0,0.0,0.0,6.0
2017-10-18 10:40:00,1331.0,1331.0,1331.0,1331.0,0.0,0.0,6.0
2017-10-18 10:45:00,1331.0,1331.0,1331.0,1331.0,0.0,0.0,6.0
2017-10-18 10:50:00,1331.0,1331.0,1331.0,1331.0,0.0,0.0,6.0
2017-10-18 10:55:00,1331.0,1331.0,1331.0,1331.0,0.0,0.0,6.0
2017-10-18 11:00:00,1331.0,1331.0,1331.0,1331.0,0.0,0.0,6.0
2017-10-18 11:05:00,1331.0,1331.0,1331.0,1331.0,0.0,0.0,6.0
2017-10-18 11:10:00,1331.0,1331.0,1331.0,1331.0,0.0,0.0,6.0
2017-10-18 11:15:00,1331.0,1331.0,1331.0,1331.0,0.0,0.0,6.0
2017-10-18 11:20:00,1331.0,1331.0,1331.0,1331.0,0.0,0.0,6.0
2017-10-18 11:25:00,1331.0,1331.0,1331.0,1331.0,0.0,0.0,6.0
2017-10-18 13:30:00,1331.0,1331.0,1331.0,1331.0,0.0,0.0,6.0
2017-10-18 13:35:00,1331.0,1331.0,1331.0,1331.0,0.0,0.0,6.0
2017-10-18 13:40:00,1331.0,1331.0,1331.0,1331.0,0.0,0.0,6.0
2017-10-18 13:45:00,1331.0,1331.0,1331.0,1331.0,0.0,0.0,6.0
2017-10-18 13:50:00,1331.0,1331.0,1331.0,1331.0,0.0,0.0,6.0
2017-10-18 13:55:00,1331.0,1331.0,1331.0,1331.0,0.0,0.0,6.0
2017-10-18 14:00:00,1331.0,1331.0,1331.0,1331.0,0.0,0.0,6.0
2017-10-18 14:05:00,1331.0,1331.0,1331.0,1331.0,0.0,0.0,6.0
2017-10-18 14:10:00,1331.0,1331.0,1331.0,1331.0,0.0,0.0,6.0
2017-10-18 14:15:00,1331.0,1331.0,1331.0,1331.0,0.0,0.0,6.0
2017-10-18 14:20:00,1331.0,1331.0,1331.0,1331.0,0.0,0.0,6.0
2017-10-18 14:25:00,1331.0,1331.0,1331.0,1331.0,0.0,0.0,6.0
2017-10-18 14:30:00,1331.0,1331.0,1331.0,1331.0,0.0,0.0,6.0
2017-10-18 14:35:00,1331.0,1331.0,1331.0,1331.0,0.0,0.0,6.0
2017-10-18 14:40:00,1331.0,1331.0,1331.0,1331.0,0.0,0.0,6.0
2017-10-18 14:45:00,1331.0,1331.0,1331.0,1331.0,0.0,0.0,6.0
2017-10-18 14:50:00,1331.0,1331.0,1331.0,1331.0,0.0,0.0,6.0
2017-10-18 14:55:00,1331.0,1331.0,1331.0,1331.0,0.0,0.0,6.0
2017-10-18 21:00:00,1331.0,1331.0,1331.0,1331.0,0.0,0.0,6.0
2017-10-18 21:05:00,1331.0,1331.0,1331.0,1331.0,0.0,0.0,6.0
2017-10-18 21:10:00,1331.0,1331.0,1331.0,1331.0,0.0,0.0,6.0
2017-10-18 21:15:00,1331.0,1331.0,1331.0,1331.0,0.0,0.0,6.0
2017-10-18 21:20:00,1331.0,1331.0,1331.0,1331.0,0.0,0.0,6.0
2017-10-18 21:25:00,1331.0,1331.0,1331.0,1331.0,0.0,0.0,6.0
2017-10-18 21:30:00,1331.0,1331.0,1331.0,1331.0,0.0,0.0,6.0
2017-10-18 21:35:00,1331.0,1331.0,1331.0,1331.0,0.0,0.0,6.0
2017-10-18 21:40:00,1331.0,1331.0,1331.0,1331.0,0.0,0.0,6.0
2017-10-18 21:45:00,1331.0,1331.0,1331.0,1331.0,0.0,0.0,6.0
2017-10-18 21:50:00,1331.0,1331.0,1331.0,1331.0,0.0,0.0,6.0
2017-10-18 21:55:00,1331.0,1331.0,1331.0,1331.0,0.0,0.0,6.0
2017-10-18 22:00:00,1331.0,1331.0,1331.0,1331.0,0.0,0.0,6.0
2017-10-18 22:05:00,1331.0,1331.0,1331.0,1331.0,0.0,0.0,6.0
2017-10-18 22:10:00,1331.0,1331.0,1331.0,1331.0,0.0,0.0,6.0
2017-10-18 22:15:00,1331.0,1331.0,1331.0,1331.0,0.0,0.0,6.0
2017-10-18 22:20:00,1331.0,1331.0,1331.0,1331.0,0.0,0.0,6.0
2017-10-18 22:25:00,1331.0,1331.0,1331.0,1331.0,0.0,0.0,6.0
2017-10-18 22:30:00,1331.0,1331.0,1331.0,1331.0,0.0,0.0,6.0
2017-10-18 22:35:00,1331.0,1331.0,1331.0,1331.0,0.0,0.0,6.0
2017-10-18 22:40:00,1331.0,1331.0,1331.0,1331.0,0.0,0.0,6.0
2017-10-18 22:45:00,1331.0,1331.0,1331.0,1331.0,0.0,0.0,6.0
2017-10-18 22:50:00,1331.0,1331.0,1331.0,1331.0,0.0,0.0,6.0
2017-10-18 22:55:00,1331.0,1331.0,1331.0,1331.0,0.0,0.0,6.0
2017-10-18 23:00:00,1331.0,1331.0,1331.0,1331.0,0.0,0.0,6.0
2017-10-18 23:05:00,1331.0,1331.0,1331.0,1331.0,0.0,0.0,6.0
2017-10-18 23:10:00,1331.0,1331.0,1331.0,1331.0,0.0,0.0,6.0
2017-10-18 23:15:00,1331.0,1331.0,1331.0,1331.0,0.0,0.0,6.0
2017-10-18 23:20:00,1331.0,1331.0,1331.0,1331.0,0.0,0.0,6.0
2017-10-18 23:25:00,1331.0,1331.0,1331.0,1331.0,0.0,0.0,6.0
2017-10-19 09:00:00,1331.0,1331.0,1331.0,1331.0,0.0,0.0,6.0
2017-10-19 09:05:00,1331.0,1331.0,1331.0,1331.0,0.0,0.0,6.0
2017-10-19 09:10:00,1331.0,1331.0,1331.0,1331.0,0.0,0.0,6.0
2017-10-19 09:15:00,1331.0,1331.0,1331.0,1331.0,0.0,0.0,6.0
2017-10-19 09:20:00,1331.0,1331.0,1331.0,1331.0,0.0,0.0,6.0
2017-10-19 09:25:00,1331.0,1331.0,1331.0,1331.0,0.0,0.0,6.0
2017-10-19 09:30:00,1331.0,1331.0,1331.0,1331.0,0.0,0.0,6.0
2017-10-19 09:35:00,1331.0,1331.0,1331.0,1331.0,0.0,0.0,6.0
2017-10-19 09:40:00,1331.0,1331.0,1331.0,1331.0,0.0,0.0,6.0
2017-10-19 09:45:00,1331.0,1331.0,1331.0,1331.0,0.0,0.0,6.0
2017-10-19 09:50:00,1331.0,1331.0,1331.0,1331.0,0.0,0.0,6.0
2017-10-19 09:55:00,1331.0,1331.0,1331.0,1331.0,0.0,0.0,6.0
2017-10-19 10:00:00,1331.0,1331.0,1331.0,1331.0,0.0,0.0,6.0
2017-10-19 10:05:00,1331.0,1331.0,1331.0,1331.0,0.0,0.0,6.0
2017-10-19 10:10:00,1331.0,1331.0,1331.0,1331.0,0.0,0.0,6.0
2017-10-19 10:30:00,1331.0,1331.0,1331.0,1331.0,0.0,0.0,6.0
2017-10-19 10:35:00,1331.0,1331.0,1331.0,1331.0,0.0,0.0,6.0
2017-10-19 10:40:00,1331.0,1331.0,1331.0,1331.0,0.0,0.0,6.0
2017-10-19 10:45:00,1331.0,1331.0,1331.0,1331.0,0.0,0.0,6.0
2017-10-19 10:50:00,1331.0,1331.0,1331.0,1331.0,0.0,0.0,6.0
2017-10-19 10:55:00,1331.0,1331.0,1331.0,1331.0,0.0,0.0,6.0
2017-10-19 11:00:00,1331.0,1331.0,1331.0,1331.0,0.0,0.0,6.0
2017-10-19 11:05:00,1331.0,1331.0,1331.0,1331.0,0.0,0.0,6.0
2017-10-19 11:10:00,1331.0,1331.0,1331.0,1331.0,0.0,0.0,6.0
2017-10-19 11:15:00,1331.0,1331.0,1331.0,1331.0,0.0,0.0,6.0
2017-10-19 11:20:00,1331.0,1331.0,1331.0,1331.0,0.0,0.0,6.0
2017-10-19 11:25:00,1331.0,1331.0,1331.0,1331.0,0.0,0.0,6.0
2017-10-19 13:30:00,1331.0,1331.0,1331.0,1331.0,0.0,0.0,6.0
2017-10-19 13:35:00,1331.0,1331.0,1331.0,1331.0,0.0,0.0,6.0
2017-10-19 13:40:00,1331.0,1331.0,1331.0,1331.0,0.0,0.0,6.0
2017-10-19 13:45:00,1331.0,1331.0,1331.0,1331.0,0.0,0.0,6.0
2017-10-19 13:50:00,1331.0,1331.0,1331.0,1331.0,0.0,0.0,6.0
2017-10-19 13:55:00,1331.0,1331.0,1331.0,1331.0,0.0,0.0,6.0
2017-10-19 14:00:00,1331.0,1331.0,1331.0,1331.0,0.0,0.0,6.0
2017-10-19 14:05:00,1331.0,1331.0,1331.0,1331.0,0.0,0.0,6.0
2017-10-19 14:10:00,1331.0,1331.0,1331.0,1331.0,0.0,0.0,6.0
2017-10-19 14:15:00,1331.0,1331.0,1331.0,1331.0,0.0,0.0,6.0
2017-10-19 14:20:00,1331.0,1331.0,1331.0,1331.0,0.0,0.0,6.0
2017-10-19 14:25:00,1331.0,1331.0,1331.0,1331.0,0.0,0.0,6.0
2017-10-19 14:30:00,1331.0,1331.0,1331.0,1331.0,0.0,0.0,6.0
2017-10-19 14:35:00,1331.0,1331.0,1331.0,1331.0,0.0,0.0,6.0
2017-10-19 14:40:00,1331.0,1331.0,1331.0,1331.0,0.0,0.0,6.0
2017-10-19 14:45:00,1331.0,1331.0,1331.0,1331.0,0.0,0.0,6.0
2017-10-19 14:50:00,1331.0,1331.0,1331.0,1331.0,0.0,0.0,6.0
2017-10-19 14:55:00,1331.0,1331.0,1331.0,1331.0,0.0,0.0,6.0
2017-10-19 21:00:00,1326.0,1326.0,1326.0,1326.0,0.0,0.0,6.0
2017-10-19 21:05:00,1326.0,1326.0,1326.0,1326.0,0.0,0.0,6.0
2017-10-19 21:10:00,1326.0,1326.0,1326.0,1326.0,0.0,0.0,6.0
2017-10-19 21:15:00,1326.0,1326.0,1326.0,1326.0,0.0,0.0,6.0
2017-10-19 21:20:00,1326.0,1326.0,1326.0,1326.0,0.0,0.0,6.0
2017-10-19 21:25:00,1326.0,1326.0,1326.0,1326.0,0.0,0.0,6.0
2017-10-19 21:30:00,1326.0,1326.0,1326.0,1326.0,0.0,0.0,6.0
2017-10-19 21:35:00,1326.0,1326.0,1326.0,1326.0,0.0,0.0,6.0
2017-10-19 21:40:00,1326.0,1326.0,1326.0,1326.0,0.0,0.0,6.0
2017-10-19 21:45:00,1326.0,1326.0,1326.0,1326.0,0.0,0.0,6.0
2017-10-19 21:50:00,1326.0,1326.0,1326.0,1326.0,0.0,0.0,6.0
2017-10-19 21:55:00,1326.0,1326.0,1326.0,1326.0,0.0,0.0,6.0
2017-10-19 22:00:00,1326.0,1326.0,1326.0,1326.0,0.0,0.0,6.0
2017-10-19 22:05:00,1326.0,1326.0,1326.0,1326.0,0.0,0.0,6.0
2017-10-19 22:10:00,1326.0,1326.0,1326.0,1326.0,0.0,0.0,6.0
2017-10-19 22:15:00,1326.0,1326.0,1326.0,1326.0,0.0,0.0,6.0
2017-10-19 22:20:00,1326.0,1326.0,1326.0,1326.0,0.0,0.0,6.0
2017-10-19 22:25:00,1326.0,1326.0,1326.0,1326.0,0.0,0.0,6.0
2017-10-19 22:30:00,1326.0,1326.0,1326.0,1326.0,0.0,0.0,6.0
2017-10-19 22:35:00,1326.0,1326.0,1326.0,1326.0,0.0,0.0,6.0
2017-10-19 22:40:00,1326.0,1326.0,1326.0,1326.0,0.0,0.0,6.0
2017-10-19 22:45:00,1326.0,1326.0,1326.0,1326.0,0.0,0.0,6.0
2017-10-19 22:50:00,1326.0,1326.0,1326.0,1326.0,0.0,0.0,6.0
2017-10-19 22:55:00,1326.0,1326.0,1326.0,1326.0,0.0,0.0,6.0
2017-10-19 23:00:00,1326.0,1326.0,1326.0,1326.0,0.0,0.0,6.0
2017-10-19 23:05:00,1326.0,1326.0,1326.0,1326.0,0.0,0.0,6.0
2017-10-19 23:10:00,1326.0,1326.0,1326.0,1326.0,0.0,0.0,6.0
2017-10-19 23:15:00,1326.0,1326.0,1326.0,1326.0,0.0,0.0,6.0
2017-10-19 23:20:00,1326.0,1326.0,1326.0,1326.0,0.0,0.0,6.0
2017-10-19 23:25:00,1326.0,1326.0,1326.0,1326.0,0.0,0.0,6.0
2017-10-20 09:00:00,1326.0,1326.0,1326.0,1326.0,0.0,0.0,6.0
2017-10-20 09:05:00,1326.0,1326.0,1326.0,1326.0,0.0,0.0,6.0
2017-10-20 09:10:00,1326.0,1326.0,1326.0,1326.0,0.0,0.0,6.0
2017-10-20 09:15:00,1326.0,1326.0,1326.0,1326.0,0.0,0.0,6.0
2017-10-20 09:20:00,1326.0,1326.0,1326.0,1326.0,0.0,0.0,6.0
2017-10-20 09:25:00,1326.0,1326.0,1326.0,1326.0,0.0,0.0,6.0
2017-10-20 09:30:00,1326.0,1326.0,1326.0,1326.0,0.0,0.0,6.0
2017-10-20 09:35:00,1326.0,1326.0,1326.0,1326.0,0.0,0.0,6.0
2017-10-20 09:40:00,1326.0,1326.0,1326.0,1326.0,0.0,0.0,6.0
2017-10-20 09:45:00,1326.0,1326.0,1326.0,1326.0,0.0,0.0,6.0
2017-10-20 09:50:00,1326.0,1326.0,1326.0,1326.0,0.0,0.0,6.0
2017-10-20 09:55:00,1326.0,1326.0,1326.0,1326.0,0.0,0.0,6.0
2017-10-20 10:00:00,1326.0,1326.0,1326.0,1326.0,0.0,0.0,6.0
2017-10-20 10:05:00,1326.0,1326.0,1326.0,1326.0,0.0,0.0,6.0
2017-10-20 10:10:00,1326.0,1326.0,1326.0,1326.0,0.0,0.0,6.0
2017-10-20 10:30:00,1326.0,1326.0,1326.0,1326.0,0.0,0.0,6.0
2017-10-20 10:35:00,1326.0,1326.0,1326.0,1326.0,0.0,0.0,6.0
2017-10-20 10:40:00,1326.0,1326.0,1326.0,1326.0,0.0,0.0,6.0
2017-10-20 10:45:00,1326.0,1326.0,1326.0,1326.0,0.0,0.0,6.0
2017-10-20 10:50:00,1326.0,1326.0,1326.0,1326.0,0.0,0.0,6.0
2017-10-20 10:55:00,1326.0,1326.0,1326.0,1326.0,0.0,0.0,6.0
2017-10-20 11:00:00,1326.0,1326.0,1326.0,1326.0,0.0,0.0,6.0
2017-10-20 11:05:00,1326.0,1326.0,1326.0,1326.0,0.0,0.0,6.0
2017-10-20 11:10:00,1326.0,1326.0,1326.0,1326.0,0.0,0.0,6.0
2017-10-20 11:15:00,1326.0,1326.0,1326.0,1326.0,0.0,0.0,6.0
2017-10-20 11:20:00,1326.0,1326.0,1326.0,1326.0,0.0,0.0,6.0
2017-10-20 11:25:00,1326.0,1326.0,1326.0,1326.0,0.0,0.0,6.0
2017-10-20 13:30:00,1326.0,1340.0,1326.0,1340.0,2.0,53600.0,8.0
2017-10-20 13:35:00,1340.0,1340.0,1340.0,1340.0,0.0,0.0,8.0
2017-10-20 13:40:00,1340.0,1340.0,1340.0,1340.0,0.0,0.0,8.0
2017-10-20 13:45:00,1340.0,1340.0,1340.0,1340.0,0.0,0.0,8.0
2017-10-20 13:50:00,1340.0,1340.0,1340.0,1340.0,0.0,0.0,8.0
2017-10-20 13:55:00,1340.0,1340.0,1340.0,1340.0,0.0,0.0,8.0
2017-10-20 14:00:00,1340.0,1340.0,1340.0,1340.0,0.0,0.0,8.0
2017-10-20 14:05:00,1340.0,1340.0,1340.0,1340.0,0.0,0.0,8.0
2017-10-20 14:10:00,1340.0,1340.0,1340.0,1340.0,0.0,0.0,8.0
2017-10-20 14:15:00,1340.0,1340.0,1340.0,1340.0,0.0,0.0,8.0
2017-10-20 14:20:00,1340.0,1340.0,1340.0,1340.0,0.0,0.0,8.0
2017-10-20 14:25:00,1340.0,1340.0,1340.0,1340.0,0.0,0.0,8.0
2017-10-20 14:30:00,1340.0,1340.0,1340.0,1340.0,0.0,0.0,8.0
2017-10-20 14:35:00,1340.0,1340.0,1340.0,1340.0,0.0,0.0,8.0
2017-10-20 14:40:00,1340.0,1340.0,1340.0,1340.0,0.0,0.0,8.0
2017-10-20 14:45:00,1340.0,1340.0,1340.0,1340.0,0.0,0.0,8.0
2017-10-20 14:50:00,1340.0,1340.0,1340.0,1340.0,0.0,0.0,8.0
2017-10-20 14:55:00,1340.0,1340.0,1340.0,1340.0,0.0,0.0,8.0
2017-10-20 21:00:00,1340.0,1340.0,1340.0,1340.0,0.0,0.0,8.0
2017-10-20 21:05:00,1340.0,1340.0,1340.0,1340.0,0.0,0.0,8.0
2017-10-20 21:10:00,1344.0,1344.0,1344.0,1344.0,2.0,53760.0,6.0
2017-10-20 21:15:00,1344.0,1344.0,1344.0,1344.0,0.0,0.0,6.0
2017-10-20 21:20:00,1344.0,1344.0,1344.0,1344.0,0.0,0.0,6.0
2017-10-20 21:25:00,1344.0,1344.0,1344.0,1344.0,0.0,0.0,6.0
2017-10-20 21:30:00,1344.0,1344.0,1344.0,1344.0,0.0,0.0,6.0
2017-10-20 21:35:00,1344.0,1344.0,1344.0,1344.0,0.0,0.0,6.0
2017-10-20 21:40:00,1344.0,1344.0,1344.0,1344.0,0.0,0.0,6.0
2017-10-20 21:45:00,1344.0,1344.0,1344.0,1344.0,0.0,0.0,6.0
2017-10-20 21:50:00,1344.0,1344.0,1344.0,1344.0,0.0,0.0,6.0
2017-10-20 21:55:00,1344.0,1344.0,1344.0,1344.0,0.0,0.0,6.0
2017-10-20 22:00:00,1344.0,1344.0,1344.0,1344.0,0.0,0.0,6.0
2017-10-20 22:05:00,1344.0,1344.0,1344.0,1344.0,0.0,0.0,6.0
2017-10-20 22:10:00,1344.0,1344.0,1344.0,1344.0,0.0,0.0,6.0
2017-10-20 22:15:00,1344.0,1344.0,1344.0,1344.0,0.0,0.0,6.0
2017-10-20 22:20:00,1344.0,1344.0,1344.0,1344.0,0.0,0.0,6.0
2017-10-20 22:25:00,1344.0,1344.0,1344.0,1344.0,0.0,0.0,6.0
2017-10-20 22:30:00,1344.0,1344.0,1344.0,1344.0,0.0,0.0,6.0
2017-10-20 22:35:00,1344.0,1344.0,1344.0,1344.0,0.0,0.0,6.0
2017-10-20 22:40:00,1344.0,1344.0,1344.0,1344.0,0.0,0.0,6.0
2017-10-20 22:45:00,1344.0,1344.0,1344.0,1344.0,0.0,0.0,6.0
2017-10-20 22:50:00,1344.0,1344.0,1344.0,1344.0,0.0,0.0,6.0
2017-10-20 22:55:00,1344.0,1344.0,1344.0,1344.0,0.0,0.0,6.0
2017-10-20 23:00:00,1344.0,1344.0,1344.0,1344.0,0.0,0.0,6.0
2017-10-20 23:05:00,1344.0,1344.0,1344.0,1344.0,0.0,0.0,6.0
2017-10-20 23:10:00,1344.0,1344.0,1344.0,1344.0,0.0,0.0,6.0
2017-10-20 23:15:00,1344.0,1344.0,1344.0,1344.0,0.0,0.0,6.0
2017-10-20 23:20:00,1344.0,1344.0,1344.0,1344.0,0.0,0.0,6.0
2017-10-20 23:25:00,1344.0,1344.0,1344.0,1344.0,0.0,0.0,6.0
2017-10-23 09:00:00,1344.0,1344.0,1344.0,1344.0,0.0,0.0,6.0
2017-10-23 09:05:00,1344.0,1344.0,1344.0,1344.0,0.0,0.0,6.0
2017-10-23 09:10:00,1344.0,1344.0,1344.0,1344.0,0.0,0.0,6.0
2017-10-23 09:15:00,1344.0,1344.0,1344.0,1344.0,0.0,0.0,6.0
2017-10-23 09:20:00,1344.0,1344.0,1344.0,1344.0,0.0,0.0,6.0
2017-10-23 09:25:00,1344.0,1344.0,1344.0,1344.0,0.0,0.0,6.0
2017-10-23 09:30:00,1344.0,1344.0,1344.0,1344.0,0.0,0.0,6.0
2017-10-23 09:35:00,1344.0,1344.0,1344.0,1344.0,0.0,0.0,6.0
2017-10-23 09:40:00,1344.0,1344.0,1344.0,1344.0,0.0,0.0,6.0
2017-10-23 09:45:00,1344.0,1344.0,1344.0,1344.0,0.0,0.0,6.0
2017-10-23 09:50:00,1344.0,1344.0,1344.0,1344.0,0.0,0.0,6.0
2017-10-23 09:55:00,1344.0,1344.0,1344.0,1344.0,0.0,0.0,6.0
2017-10-23 10:00:00,1344.0,1344.0,1344.0,1344.0,0.0,0.0,6.0
2017-10-23 10:05:00,1344.0,1344.0,1344.0,1344.0,0.0,0.0,6.0
2017-10-23 10:10:00,1344.0,1344.0,1344.0,1344.0,0.0,0.0,6.0
2017-10-23 10:30:00,1344.0,1344.0,1344.0,1344.0,0.0,0.0,6.0
2017-10-23 10:35:00,1344.0,1344.0,1323.0,1323.0,2.0,52960.0,6.0
2017-10-23 10:40:00,1323.0,1323.0,1323.0,1323.0,0.0,0.0,6.0
2017-10-23 10:45:00,1323.0,1323.0,1323.0,1323.0,0.0,0.0,6.0
2017-10-23 10:50:00,1323.0,1323.0,1323.0,1323.0,0.0,0.0,6.0
2017-10-23 10:55:00,1323.0,1323.0,1323.0,1323.0,0.0,0.0,6.0
2017-10-23 11:00:00,1323.0,1323.0,1323.0,1323.0,0.0,0.0,6.0
2017-10-23 11:05:00,1323.0,1323.0,1323.0,1323.0,0.0,0.0,6.0
2017-10-23 11:10:00,1323.0,1323.0,1323.0,1323.0,0.0,0.0,6.0
2017-10-23 11:15:00,1323.0,1323.0,1323.0,1323.0,0.0,0.0,6.0
2017-10-23 11:20:00,1323.0,1323.0,1323.0,1323.0,0.0,0.0,6.0
2017-10-23 11:25:00,1323.0,1323.0,1323.0,1323.0,0.0,0.0,6.0
2017-10-23 13:30:00,1323.0,1323.0,1323.0,1323.0,0.0,0.0,6.0
2017-10-23 13:35:00,1323.0,1323.0,1323.0,1323.0,0.0,0.0,6.0
2017-10-23 13:40:00,1323.0,1323.0,1323.0,1323.0,0.0,0.0,6.0
2017-10-23 13:45:00,1323.0,1323.0,1323.0,1323.0,0.0,0.0,6.0
2017-10-23 13:50:00,1323.0,1323.0,1323.0,1323.0,0.0,0.0,6.0
2017-10-23 13:55:00,1323.0,1323.0,1323.0,1323.0,0.0,0.0,6.0
2017-10-23 14:00:00,1323.0,1323.0,1323.0,1323.0,0.0,0.0,6.0
2017-10-23 14:05:00,1323.0,1323.0,1323.0,1323.0,0.0,0.0,6.0
2017-10-23 14:10:00,1323.0,1323.0,1323.0,1323.0,0.0,0.0,6.0
2017-10-23 14:15:00,1323.0,1323.0,1323.0,1323.0,0.0,0.0,6.0
2017-10-23 14:20:00,1323.0,1323.0,1323.0,1323.0,0.0,0.0,6.0
2017-10-23 14:25:00,1323.0,1323.0,1323.0,1323.0,0.0,0.0,6.0
2017-10-23 14:30:00,1323.0,1323.0,1323.0,1323.0,0.0,0.0,6.0
2017-10-23 14:35:00,1323.0,1323.0,1323.0,1323.0,0.0,0.0,6.0
2017-10-23 14:40:00,1323.0,1323.0,1323.0,1323.0,0.0,0.0,6.0
2017-10-23 14:45:00,1323.0,1323.0,1323.0,1323.0,0.0,0.0,6.0
2017-10-23 14:50:00,1323.0,1323.0,1323.0,1323.0,0.0,0.0,6.0
2017-10-23 14:55:00,1323.0,1323.0,1323.0,1323.0,0.0,0.0,6.0
2017-10-23 21:00:00,1334.0,1334.0,1334.0,1334.0,0.0,0.0,6.0
2017-10-23 21:05:00,1334.0,1334.0,1334.0,1334.0,0.0,0.0,6.0
2017-10-23 21:10:00,1334.0,1334.0,1334.0,1334.0,0.0,0.0,6.0
2017-10-23 21:15:00,1334.0,1334.0,1334.0,1334.0,0.0,0.0,6.0
2017-10-23 21:20:00,1334.0,1334.0,1334.0,1334.0,0.0,0.0,6.0
2017-10-23 21:25:00,1334.0,1334.0,1334.0,1334.0,0.0,0.0,6.0
2017-10-23 21:30:00,1334.0,1334.0,1334.0,1334.0,0.0,0.0,6.0
2017-10-23 21:35:00,1334.0,1334.0,1334.0,1334.0,0.0,0.0,6.0
2017-10-23 21:40:00,1334.0,1334.0,1334.0,1334.0,0.0,0.0,6.0
2017-10-23 21:45:00,1334.0,1334.0,1334.0,1334.0,0.0,0.0,6.0
2017-10-23 21:50:00,1334.0,1334.0,1334.0,1334.0,0.0,0.0,6.0
2017-10-23 21:55:00,1334.0,1334.0,1334.0,1334.0,0.0,0.0,6.0
2017-10-23 22:00:00,1334.0,1334.0,1334.0,1334.0,0.0,0.0,6.0
2017-10-23 22:05:00,1334.0,1334.0,1334.0,1334.0,0.0,0.0,6.0
2017-10-23 22:10:00,1334.0,1334.0,1334.0,1334.0,0.0,0.0,6.0
2017-10-23 22:15:00,1334.0,1334.0,1334.0,1334.0,0.0,0.0,6.0
2017-10-23 22:20:00,1334.0,1334.0,1334.0,1334.0,0.0,0.0,6.0
2017-10-23 22:25:00,1334.0,1334.0,1334.0,1334.0,0.0,0.0,6.0
2017-10-23 22:30:00,1334.0,1334.0,1334.0,1334.0,0.0,0.0,6.0
2017-10-23 22:35:00,1334.0,1334.0,1334.0,1334.0,0.0,0.0,6.0
2017-10-23 22:40:00,1334.0,1334.0,1334.0,1334.0,0.0,0.0,6.0
2017-10-23 22:45:00,1334.0,1334.0,1334.0,1334.0,0.0,0.0,6.0
2017-10-23 22:50:00,1334.0,1334.0,1334.0,1334.0,0.0,0.0,6.0
2017-10-23 22:55:00,1334.0,1334.0,1334.0,1334.0,0.0,0.0,6.0
2017-10-23 23:00:00,1334.0,1334.0,1334.0,1334.0,0.0,0.0,6.0
2017-10-23 23:05:00,1334.0,1334.0,1334.0,1334.0,0.0,0.0,6.0
2017-10-23 23:10:00,1334.0,1334.0,1334.0,1334.0,0.0,0.0,6.0
2017-10-23 23:15:00,1334.0,1334.0,1334.0,1334.0,0.0,0.0,6.0
2017-10-23 23:20:00,1334.0,1334.0,1334.0,1334.0,0.0,0.0,6.0
2017-10-23 23:25:00,1334.0,1334.0,1334.0,1334.0,0.0,0.0,6.0
2017-10-24 09:00:00,1334.0,1334.0,1334.0,1334.0,0.0,0.0,6.0
2017-10-24 09:05:00,1334.0,1334.0,1334.0,1334.0,0.0,0.0,6.0
2017-10-24 09:10:00,1334.0,1334.0,1334.0,1334.0,0.0,0.0,6.0
2017-10-24 09:15:00,1334.0,1334.0,1334.0,1334.0,0.0,0.0,6.0
2017-10-24 09:20:00,1334.0,1334.0,1334.0,1334.0,0.0,0.0,6.0
2017-10-24 09:25:00,1334.0,1334.0,1334.0,1334.0,0.0,0.0,6.0
2017-10-24 09:30:00,1334.0,1334.0,1334.0,1334.0,0.0,0.0,6.0
2017-10-24 09:35:00,1334.0,1334.0,1334.0,1334.0,0.0,0.0,6.0
2017-10-24 09:40:00,1334.0,1334.0,1334.0,1334.0,0.0,0.0,6.0
2017-10-24 09:45:00,1334.0,1334.0,1334.0,1334.0,0.0,0.0,6.0
2017-10-24 09:50:00,1334.0,1334.0,1334.0,1334.0,0.0,0.0,6.0
2017-10-24 09:55:00,1334.0,1334.0,1334.0,1334.0,0.0,0.0,6.0
2017-10-24 10:00:00,1334.0,1334.0,1334.0,1334.0,0.0,0.0,6.0
2017-10-24 10:05:00,1334.0,1334.0,1334.0,1334.0,0.0,0.0,6.0
2017-10-24 10:10:00,1334.0,1334.0,1334.0,1334.0,0.0,0.0,6.0
2017-10-24 10:30:00,1334.0,1334.0,1334.0,1334.0,0.0,0.0,6.0
2017-10-24 10:35:00,1334.0,1334.0,1334.0,1334.0,0.0,0.0,6.0
2017-10-24 10:40:00,1334.0,1334.0,1334.0,1334.0,0.0,0.0,6.0
2017-10-24 10:45:00,1334.0,1334.0,1334.0,1334.0,0.0,0.0,6.0
2017-10-24 10:50:00,1334.0,1334.0,1334.0,1334.0,0.0,0.0,6.0
2017-10-24 10:55:00,1334.0,1334.0,1334.0,1334.0,0.0,0.0,6.0
2017-10-24 11:00:00,1334.0,1334.0,1334.0,1334.0,0.0,0.0,6.0
2017-10-24 11:05:00,1334.0,1334.0,1334.0,1334.0,0.0,0.0,6.0
2017-10-24 11:10:00,1334.0,1334.0,1334.0,1334.0,0.0,0.0,6.0
2017-10-24 11:15:00,1334.0,1334.0,1334.0,1334.0,0.0,0.0,6.0
2017-10-24 11:20:00,1334.0,1334.0,1334.0,1334.0,0.0,0.0,6.0
2017-10-24 11:25:00,1334.0,1334.0,1334.0,1334.0,0.0,0.0,6.0
2017-10-24 13:30:00,1334.0,1334.0,1334.0,1334.0,0.0,0.0,6.0
2017-10-24 13:35:00,1334.0,1334.0,1334.0,1334.0,0.0,0.0,6.0
2017-10-24 13:40:00,1334.0,1334.0,1334.0,1334.0,0.0,0.0,6.0
2017-10-24 13:45:00,1334.0,1334.0,1334.0,1334.0,0.0,0.0,6.0
2017-10-24 13:50:00,1334.0,1334.0,1334.0,1334.0,0.0,0.0,6.0
2017-10-24 13:55:00,1334.0,1334.0,1334.0,1334.0,0.0,0.0,6.0
2017-10-24 14:00:00,1334.0,1334.0,1334.0,1334.0,0.0,0.0,6.0
2017-10-24 14:05:00,1334.0,1334.0,1334.0,1334.0,0.0,0.0,6.0
2017-10-24 14:10:00,1334.0,1334.0,1334.0,1334.0,0.0,0.0,6.0
2017-10-24 14:15:00,1334.0,1334.0,1334.0,1334.0,0.0,0.0,6.0
2017-10-24 14:20:00,1334.0,1334.0,1334.0,1334.0,0.0,0.0,6.0
2017-10-24 14:25:00,1334.0,1334.0,1334.0,1334.0,0.0,0.0,6.0
2017-10-24 14:30:00,1334.0,1334.0,1334.0,1334.0,0.0,0.0,6.0
2017-10-24 14:35:00,1334.0,1334.0,1334.0,1334.0,0.0,0.0,6.0
2017-10-24 14:40:00,1334.0,1334.0,1334.0,1334.0,0.0,0.0,6.0
2017-10-24 14:45:00,1334.0,1334.0,1334.0,1334.0,0.0,0.0,6.0
2017-10-24 14:50:00,1334.0,1334.0,1334.0,1334.0,0.0,0.0,6.0
2017-10-24 14:55:00,1334.0,1334.0,1334.0,1334.0,0.0,0.0,6.0
2017-10-24 21:00:00,1329.0,1329.0,1329.0,1329.0,0.0,0.0,6.0
2017-10-24 21:05:00,1329.0,1329.0,1329.0,1329.0,0.0,0.0,6.0
2017-10-24 21:10:00,1329.0,1329.0,1329.0,1329.0,0.0,0.0,6.0
2017-10-24 21:15:00,1329.0,1329.0,1329.0,1329.0,0.0,0.0,6.0
2017-10-24 21:20:00,1329.0,1329.0,1329.0,1329.0,0.0,0.0,6.0
2017-10-24 21:25:00,1329.0,1329.0,1329.0,1329.0,0.0,0.0,6.0
2017-10-24 21:30:00,1329.0,1329.0,1329.0,1329.0,0.0,0.0,6.0
2017-10-24 21:35:00,1329.0,1329.0,1329.0,1329.0,0.0,0.0,6.0
2017-10-24 21:40:00,1329.0,1329.0,1329.0,1329.0,0.0,0.0,6.0
2017-10-24 21:45:00,1329.0,1329.0,1329.0,1329.0,0.0,0.0,6.0
2017-10-24 21:50:00,1329.0,1329.0,1329.0,1329.0,0.0,0.0,6.0
2017-10-24 21:55:00,1329.0,1329.0,1329.0,1329.0,0.0,0.0,6.0
2017-10-24 22:00:00,1329.0,1329.0,1329.0,1329.0,0.0,0.0,6.0
2017-10-24 22:05:00,1329.0,1329.0,1329.0,1329.0,0.0,0.0,6.0
2017-10-24 22:10:00,1329.0,1329.0,1329.0,1329.0,0.0,0.0,6.0
2017-10-24 22:15:00,1327.0,1327.0,1327.0,1327.0,2.0,53080.0,6.0
2017-10-24 22:20:00,1327.0,1327.0,1327.0,1327.0,0.0,0.0,6.0
2017-10-24 22:25:00,1327.0,1327.0,1327.0,1327.0,0.0,0.0,6.0
2017-10-24 22:30:00,1327.0,1327.0,1327.0,1327.0,0.0,0.0,6.0
2017-10-24 22:35:00,1327.0,1327.0,1327.0,1327.0,0.0,0.0,6.0
2017-10-24 22:40:00,1327.0,1327.0,1327.0,1327.0,0.0,0.0,6.0
2017-10-24 22:45:00,1327.0,1327.0,1327.0,1327.0,0.0,0.0,6.0
2017-10-24 22:50:00,1327.0,1327.0,1327.0,1327.0,0.0,0.0,6.0
2017-10-24 22:55:00,1327.0,1327.0,1327.0,1327.0,0.0,0.0,6.0
2017-10-24 23:00:00,1327.0,1327.0,1327.0,1327.0,0.0,0.0,6.0
2017-10-24 23:05:00,1327.0,1327.0,1327.0,1327.0,0.0,0.0,6.0
2017-10-24 23:10:00,1327.0,1327.0,1327.0,1327.0,0.0,0.0,6.0
2017-10-24 23:15:00,1327.0,1327.0,1327.0,1327.0,0.0,0.0,6.0
2017-10-24 23:20:00,1327.0,1327.0,1327.0,1327.0,0.0,0.0,6.0
2017-10-24 23:25:00,1327.0,1327.0,1327.0,1327.0,0.0,0.0,6.0
2017-10-25 09:00:00,1327.0,1327.0,1327.0,1327.0,0.0,0.0,6.0
2017-10-25 09:05:00,1327.0,1327.0,1327.0,1327.0,0.0,0.0,6.0
2017-10-25 09:10:00,1327.0,1327.0,1327.0,1327.0,0.0,0.0,6.0
2017-10-25 09:15:00,1327.0,1327.0,1327.0,1327.0,0.0,0.0,6.0
2017-10-25 09:20:00,1327.0,1327.0,1327.0,1327.0,0.0,0.0,6.0
2017-10-25 09:25:00,1327.0,1327.0,1327.0,1327.0,0.0,0.0,6.0
2017-10-25 09:30:00,1327.0,1327.0,1327.0,1327.0,0.0,0.0,6.0
2017-10-25 09:35:00,1327.0,1327.0,1327.0,1327.0,0.0,0.0,6.0
2017-10-25 09:40:00,1327.0,1327.0,1327.0,1327.0,0.0,0.0,6.0
2017-10-25 09:45:00,1327.0,1327.0,1327.0,1327.0,0.0,0.0,6.0
2017-10-25 09:50:00,1327.0,1327.0,1327.0,1327.0,0.0,0.0,6.0
2017-10-25 09:55:00,1327.0,1327.0,1327.0,1327.0,0.0,0.0,6.0
2017-10-25 10:00:00,1327.0,1327.0,1327.0,1327.0,0.0,0.0,6.0
2017-10-25 10:05:00,1327.0,1327.0,1327.0,1327.0,0.0,0.0,6.0
2017-10-25 10:10:00,1327.0,1327.0,1327.0,1327.0,0.0,0.0,6.0
2017-10-25 10:30:00,1327.0,1327.0,1327.0,1327.0,0.0,0.0,6.0
2017-10-25 10:35:00,1327.0,1327.0,1327.0,1327.0,0.0,0.0,6.0
2017-10-25 10:40:00,1327.0,1327.0,1327.0,1327.0,0.0,0.0,6.0
2017-10-25 10:45:00,1327.0,1327.0,1327.0,1327.0,0.0,0.0,6.0
2017-10-25 10:50:00,1327.0,1327.0,1327.0,1327.0,0.0,0.0,6.0
2017-10-25 10:55:00,1327.0,1327.0,1327.0,1327.0,0.0,0.0,6.0
2017-10-25 11:00:00,1327.0,1327.0,1327.0,1327.0,0.0,0.0,6.0
2017-10-25 11:05:00,1327.0,1327.0,1327.0,1327.0,0.0,0.0,6.0
2017-10-25 11:10:00,1327.0,1327.0,1327.0,1327.0,0.0,0.0,6.0
2017-10-25 11:15:00,1327.0,1327.0,1327.0,1327.0,0.0,0.0,6.0
2017-10-25 11:20:00,1327.0,1327.0,1327.0,1327.0,0.0,0.0,6.0
2017-10-25 11:25:00,1327.0,1327.0,1327.0,1327.0,0.0,0.0,6.0
2017-10-25 13:30:00,1327.0,1327.0,1327.0,1327.0,0.0,0.0,6.0
2017-10-25 13:35:00,1327.0,1327.0,1327.0,1327.0,0.0,0.0,6.0
2017-10-25 13:40:00,1327.0,1327.0,1327.0,1327.0,0.0,0.0,6.0
2017-10-25 13:45:00,1327.0,1327.0,1327.0,1327.0,0.0,0.0,6.0
2017-10-25 13:50:00,1327.0,1327.0,1327.0,1327.0,0.0,0.0,6.0
2017-10-25 13:55:00,1327.0,1327.0,1327.0,1327.0,0.0,0.0,6.0
2017-10-25 14:00:00,1327.0,1327.0,1327.0,1327.0,0.0,0.0,6.0
2017-10-25 14:05:00,1327.0,1327.0,1327.0,1327.0,0.0,0.0,6.0
2017-10-25 14:10:00,1327.0,1327.0,1327.0,1327.0,0.0,0.0,6.0
2017-10-25 14:15:00,1327.0,1327.0,1327.0,1327.0,0.0,0.0,6.0
2017-10-25 14:20:00,1327.0,1327.0,1327.0,1327.0,0.0,0.0,6.0
2017-10-25 14:25:00,1327.0,1327.0,1327.0,1327.0,0.0,0.0,6.0
2017-10-25 14:30:00,1327.0,1327.0,1327.0,1327.0,0.0,0.0,6.0
2017-10-25 14:35:00,1327.0,1327.0,1327.0,1327.0,0.0,0.0,6.0
2017-10-25 14:40:00,1327.0,1327.0,1327.0,1327.0,0.0,0.0,6.0
2017-10-25 14:45:00,1327.0,1327.0,1327.0,1327.0,0.0,0.0,6.0
2017-10-25 14:50:00,1327.0,1327.0,1327.0,1327.0,0.0,0.0,6.0
2017-10-25 14:55:00,1327.0,1327.0,1327.0,1327.0,0.0,0.0,6.0
2017-10-25 21:00:00,1327.0,1327.0,1327.0,1327.0,0.0,0.0,6.0
2017-10-25 21:05:00,1327.0,1327.0,1327.0,1327.0,0.0,0.0,6.0
2017-10-25 21:10:00,1327.0,1327.0,1327.0,1327.0,0.0,0.0,6.0
2017-10-25 21:15:00,1327.0,1327.0,1327.0,1327.0,0.0,0.0,6.0
2017-10-25 21:20:00,1327.0,1327.0,1327.0,1327.0,0.0,0.0,6.0
2017-10-25 21:25:00,1327.0,1327.0,1327.0,1327.0,0.0,0.0,6.0
2017-10-25 21:30:00,1327.0,1327.0,1327.0,1327.0,0.0,0.0,6.0
2017-10-25 21:35:00,1327.0,1327.0,1327.0,1327.0,0.0,0.0,6.0
2017-10-25 21:40:00,1327.0,1327.0,1327.0,1327.0,0.0,0.0,6.0
2017-10-25 21:45:00,1327.0,1327.0,1327.0,1327.0,0.0,0.0,6.0
2017-10-25 21:50:00,1327.0,1327.0,1327.0,1327.0,0.0,0.0,6.0
2017-10-25 21:55:00,1327.0,1327.0,1327.0,1327.0,0.0,0.0,6.0
2017-10-25 22:00:00,1327.0,1327.0,1327.0,1327.0,0.0,0.0,6.0
2017-10-25 22:05:00,1327.0,1327.0,1327.0,1327.0,0.0,0.0,6.0
2017-10-25 22:10:00,1327.0,1327.0,1327.0,1327.0,0.0,0.0,6.0
2017-10-25 22:15:00,1327.0,1327.0,1327.0,1327.0,0.0,0.0,6.0
2017-10-25 22:20:00,1327.0,1327.0,1327.0,1327.0,0.0,0.0,6.0
2017-10-25 22:25:00,1327.0,1327.0,1327.0,1327.0,0.0,0.0,6.0
2017-10-25 22:30:00,1327.0,1327.0,1327.0,1327.0,0.0,0.0,6.0
2017-10-25 22:35:00,1327.0,1327.0,1327.0,1327.0,0.0,0.0,6.0
2017-10-25 22:40:00,1327.0,1327.0,1327.0,1327.0,0.0,0.0,6.0
2017-10-25 22:45:00,1327.0,1327.0,1327.0,1327.0,0.0,0.0,6.0
2017-10-25 22:50:00,1327.0,1327.0,1327.0,1327.0,0.0,0.0,6.0
2017-10-25 22:55:00,1327.0,1327.0,1327.0,1327.0,0.0,0.0,6.0
2017-10-25 23:00:00,1327.0,1327.0,1327.0,1327.0,0.0,0.0,6.0
2017-10-25 23:05:00,1327.0,1327.0,1327.0,1327.0,0.0,0.0,6.0
2017-10-25 23:10:00,1327.0,1327.0,1327.0,1327.0,0.0,0.0,6.0
2017-10-25 23:15:00,1327.0,1327.0,1327.0,1327.0,0.0,0.0,6.0
2017-10-25 23:20:00,1327.0,1327.0,1327.0,1327.0,0.0,0.0,6.0
2017-10-25 23:25:00,1327.0,1327.0,1327.0,1327.0,0.0,0.0,6.0
2017-10-26 09:00:00,1327.0,1327.0,1327.0,1327.0,0.0,0.0,6.0
2017-10-26 09:05:00,1327.0,1327.0,1327.0,1327.0,0.0,0.0,6.0
2017-10-26 09:10:00,1327.0,1327.0,1327.0,1327.0,0.0,0.0,6.0
2017-10-26 09:15:00,1327.0,1327.0,1327.0,1327.0,0.0,0.0,6.0
2017-10-26 09:20:00,1327.0,1327.0,1327.0,1327.0,0.0,0.0,6.0
2017-10-26 09:25:00,1327.0,1327.0,1327.0,1327.0,0.0,0.0,6.0
2017-10-26 09:30:00,1327.0,1327.0,1327.0,1327.0,0.0,0.0,6.0
2017-10-26 09:35:00,1327.0,1327.0,1327.0,1327.0,0.0,0.0,6.0
2017-10-26 09:40:00,1327.0,1327.0,1327.0,1327.0,0.0,0.0,6.0
2017-10-26 09:45:00,1327.0,1327.0,1327.0,1327.0,0.0,0.0,6.0
2017-10-26 09:50:00,1327.0,1327.0,1327.0,1327.0,0.0,0.0,6.0
2017-10-26 09:55:00,1327.0,1327.0,1327.0,1327.0,0.0,0.0,6.0
2017-10-26 10:00:00,1327.0,1327.0,1327.0,1327.0,0.0,0.0,6.0
2017-10-26 10:05:00,1327.0,1327.0,1327.0,1327.0,0.0,0.0,6.0
2017-10-26 10:10:00,1327.0,1327.0,1327.0,1327.0,0.0,0.0,6.0
2017-10-26 10:30:00,1327.0,1327.0,1327.0,1327.0,0.0,0.0,6.0
2017-10-26 10:35:00,1327.0,1327.0,1327.0,1327.0,0.0,0.0,6.0
2017-10-26 10:40:00,1327.0,1327.0,1327.0,1327.0,0.0,0.0,6.0
2017-10-26 10:45:00,1327.0,1327.0,1327.0,1327.0,0.0,0.0,6.0
2017-10-26 10:50:00,1327.0,1327.0,1327.0,1327.0,0.0,0.0,6.0
2017-10-26 10:55:00,1327.0,1327.0,1327.0,1327.0,0.0,0.0,6.0
2017-10-26 11:00:00,1327.0,1327.0,1327.0,1327.0,0.0,0.0,6.0
2017-10-26 11:05:00,1327.0,1327.0,1327.0,1327.0,0.0,0.0,6.0
2017-10-26 11:10:00,1327.0,1327.0,1327.0,1327.0,0.0,0.0,6.0
2017-10-26 11:15:00,1327.0,1327.0,1327.0,1327.0,0.0,0.0,6.0
2017-10-26 11:20:00,1327.0,1327.0,1327.0,1327.0,0.0,0.0,6.0
2017-10-26 11:25:00,1327.0,1327.0,1327.0,1327.0,0.0,0.0,6.0
2017-10-26 13:30:00,1327.0,1327.0,1327.0,1327.0,0.0,0.0,6.0
2017-10-26 13:35:00,1327.0,1327.0,1327.0,1327.0,0.0,0.0,6.0
2017-10-26 13:40:00,1327.0,1327.0,1327.0,1327.0,0.0,0.0,6.0
2017-10-26 13:45:00,1327.0,1327.0,1327.0,1327.0,0.0,0.0,6.0
2017-10-26 13:50:00,1327.0,1327.0,1327.0,1327.0,0.0,0.0,6.0
2017-10-26 13:55:00,1327.0,1327.0,1327.0,1327.0,0.0,0.0,6.0
2017-10-26 14:00:00,1327.0,1327.0,1327.0,1327.0,0.0,0.0,6.0
2017-10-26 14:05:00,1327.0,1327.0,1327.0,1327.0,0.0,0.0,6.0
2017-10-26 14:10:00,1327.0,1327.0,1327.0,1327.0,0.0,0.0,6.0
2017-10-26 14:15:00,1327.0,1327.0,1327.0,1327.0,0.0,0.0,6.0
2017-10-26 14:20:00,1327.0,1327.0,1327.0,1327.0,0.0,0.0,6.0
2017-10-26 14:25:00,1327.0,1327.0,1327.0,1327.0,0.0,0.0,6.0
2017-10-26 14:30:00,1327.0,1327.0,1327.0,1327.0,0.0,0.0,6.0
2017-10-26 14:35:00,1327.0,1327.0,1327.0,1327.0,0.0,0.0,6.0
2017-10-26 14:40:00,1327.0,1327.0,1327.0,1327.0,0.0,0.0,6.0
2017-10-26 14:45:00,1327.0,1327.0,1327.0,1327.0,0.0,0.0,6.0
2017-10-26 14:50:00,1327.0,1327.0,1327.0,1327.0,0.0,0.0,6.0
2017-10-26 14:55:00,1327.0,1327.0,1327.0,1327.0,0.0,0.0,6.0
2017-10-26 21:00:00,1310.0,1310.0,1310.0,1310.0,0.0,0.0,6.0
2017-10-26 21:05:00,1310.0,1310.0,1310.0,1310.0,0.0,0.0,6.0
2017-10-26 21:10:00,1310.0,1310.0,1310.0,1310.0,0.0,0.0,6.0
2017-10-26 21:15:00,1310.0,1310.0,1310.0,1310.0,0.0,0.0,6.0
2017-10-26 21:20:00,1310.0,1310.0,1310.0,1310.0,0.0,0.0,6.0
2017-10-26 21:25:00,1310.0,1310.0,1310.0,1310.0,0.0,0.0,6.0
2017-10-26 21:30:00,1310.0,1310.0,1310.0,1310.0,0.0,0.0,6.0
2017-10-26 21:35:00,1310.0,1310.0,1310.0,1310.0,0.0,0.0,6.0
2017-10-26 21:40:00,1310.0,1310.0,1310.0,1310.0,0.0,0.0,6.0
2017-10-26 21:45:00,1310.0,1310.0,1310.0,1310.0,0.0,0.0,6.0
2017-10-26 21:50:00,1310.0,1310.0,1310.0,1310.0,0.0,0.0,6.0
2017-10-26 21:55:00,1310.0,1310.0,1310.0,1310.0,0.0,0.0,6.0
2017-10-26 22:00:00,1310.0,1310.0,1310.0,1310.0,0.0,0.0,6.0
2017-10-26 22:05:00,1310.0,1310.0,1310.0,1310.0,0.0,0.0,6.0
2017-10-26 22:10:00,1310.0,1310.0,1310.0,1310.0,0.0,0.0,6.0
2017-10-26 22:15:00,1310.0,1310.0,1310.0,1310.0,0.0,0.0,6.0
2017-10-26 22:20:00,1310.0,1310.0,1310.0,1310.0,0.0,0.0,6.0
2017-10-26 22:25:00,1310.0,1310.0,1310.0,1310.0,0.0,0.0,6.0
2017-10-26 22:30:00,1310.0,1310.0,1310.0,1310.0,0.0,0.0,6.0
2017-10-26 22:35:00,1310.0,1310.0,1310.0,1310.0,0.0,0.0,6.0
2017-10-26 22:40:00,1310.0,1310.0,1310.0,1310.0,0.0,0.0,6.0
2017-10-26 22:45:00,1310.0,1310.0,1310.0,1310.0,0.0,0.0,6.0
2017-10-26 22:50:00,1310.0,1310.0,1310.0,1310.0,0.0,0.0,6.0
2017-10-26 22:55:00,1310.0,1310.0,1310.0,1310.0,0.0,0.0,6.0
2017-10-26 23:00:00,1310.0,1310.0,1310.0,1310.0,0.0,0.0,6.0
2017-10-26 23:05:00,1310.0,1310.0,1310.0,1310.0,0.0,0.0,6.0
2017-10-26 23:10:00,1310.0,1310.0,1310.0,1310.0,0.0,0.0,6.0
2017-10-26 23:15:00,1310.0,1310.0,1310.0,1310.0,0.0,0.0,6.0
2017-10-26 23:20:00,1310.0,1310.0,1310.0,1310.0,0.0,0.0,6.0
2017-10-26 23:25:00,1310.0,1310.0,1310.0,1310.0,0.0,0.0,6.0
2017-10-27 09:00:00,1310.0,1310.0,1310.0,1310.0,0.0,0.0,6.0
2017-10-27 09:05:00,1310.0,1310.0,1310.0,1310.0,0.0,0.0,6.0
2017-10-27 09:10:00,1310.0,1310.0,1310.0,1310.0,0.0,0.0,6.0
2017-10-27 09:15:00,1310.0,1310.0,1310.0,1310.0,0.0,0.0,6.0
2017-10-27 09:20:00,1310.0,1310.0,1310.0,1310.0,0.0,0.0,6.0
2017-10-27 09:25:00,1310.0,1310.0,1310.0,1310.0,0.0,0.0,6.0
2017-10-27 09:30:00,1310.0,1310.0,1310.0,1310.0,0.0,0.0,6.0
2017-10-27 09:35:00,1310.0,1310.0,1310.0,1310.0,0.0,0.0,6.0
2017-10-27 09:40:00,1310.0,1310.0,1310.0,1310.0,0.0,0.0,6.0
2017-10-27 09:45:00,1310.0,1310.0,1310.0,1310.0,0.0,0.0,6.0
2017-10-27 09:50:00,1310.0,1310.0,1310.0,1310.0,0.0,0.0,6.0
2017-10-27 09:55:00,1310.0,1310.0,1310.0,1310.0,0.0,0.0,6.0
2017-10-27 10:00:00,1310.0,1310.0,1310.0,1310.0,0.0,0.0,6.0
2017-10-27 10:05:00,1310.0,1310.0,1310.0,1310.0,0.0,0.0,6.0
2017-10-27 10:10:00,1310.0,1310.0,1310.0,1310.0,0.0,0.0,6.0
2017-10-27 10:30:00,1310.0,1310.0,1310.0,1310.0,0.0,0.0,6.0
2017-10-27 10:35:00,1310.0,1310.0,1310.0,1310.0,0.0,0.0,6.0
2017-10-27 10:40:00,1310.0,1310.0,1288.0,1288.0,2.0,51520.0,8.0
2017-10-27 10:45:00,1288.0,1288.0,1288.0,1288.0,0.0,0.0,8.0
2017-10-27 10:50:00,1288.0,1288.0,1288.0,1288.0,0.0,0.0,8.0
2017-10-27 10:55:00,1288.0,1288.0,1288.0,1288.0,0.0,0.0,8.0
2017-10-27 11:00:00,1288.0,1288.0,1288.0,1288.0,0.0,0.0,8.0
2017-10-27 11:05:00,1288.0,1288.0,1288.0,1288.0,0.0,0.0,8.0
2017-10-27 11:10:00,1288.0,1288.0,1288.0,1288.0,0.0,0.0,8.0
2017-10-27 11:15:00,1288.0,1288.0,1288.0,1288.0,0.0,0.0,8.0
2017-10-27 11:20:00,1288.0,1288.0,1288.0,1288.0,0.0,0.0,8.0
2017-10-27 11:25:00,1288.0,1288.0,1288.0,1288.0,0.0,0.0,8.0
2017-10-27 13:30:00,1288.0,1288.0,1288.0,1288.0,0.0,0.0,8.0
2017-10-27 13:35:00,1288.0,1288.0,1288.0,1288.0,0.0,0.0,8.0
2017-10-27 13:40:00,1288.0,1288.0,1288.0,1288.0,0.0,0.0,8.0
2017-10-27 13:45:00,1288.0,1288.0,1288.0,1288.0,0.0,0.0,8.0
2017-10-27 13:50:00,1288.0,1288.0,1288.0,1288.0,0.0,0.0,8.0
2017-10-27 13:55:00,1288.0,1288.0,1288.0,1288.0,0.0,0.0,8.0
2017-10-27 14:00:00,1288.0,1288.0,1288.0,1288.0,0.0,0.0,8.0
2017-10-27 14:05:00,1288.0,1288.0,1288.0,1288.0,0.0,0.0,8.0
2017-10-27 14:10:00,1288.0,1288.0,1288.0,1288.0,0.0,0.0,8.0
2017-10-27 14:15:00,1288.0,1288.0,1288.0,1288.0,0.0,0.0,8.0
2017-10-27 14:20:00,1288.0,1288.0,1288.0,1288.0,0.0,0.0,8.0
2017-10-27 14:25:00,1288.0,1288.0,1288.0,1288.0,0.0,0.0,8.0
2017-10-27 14:30:00,1288.0,1288.0,1288.0,1288.0,0.0,0.0,8.0
2017-10-27 14:35:00,1288.0,1288.0,1288.0,1288.0,0.0,0.0,8.0
2017-10-27 14:40:00,1288.0,1288.0,1288.0,1288.0,0.0,0.0,8.0
2017-10-27 14:45:00,1288.0,1288.0,1288.0,1288.0,0.0,0.0,8.0
2017-10-27 14:50:00,1288.0,1288.0,1288.0,1288.0,0.0,0.0,8.0
2017-10-27 14:55:00,1288.0,1288.0,1288.0,1288.0,0.0,0.0,8.0
2017-10-27 21:00:00,1288.0,1288.0,1288.0,1288.0,0.0,0.0,8.0
2017-10-27 21:05:00,1288.0,1288.0,1288.0,1288.0,0.0,0.0,8.0
2017-10-27 21:10:00,1288.0,1288.0,1288.0,1288.0,0.0,0.0,8.0
2017-10-27 21:15:00,1288.0,1288.0,1288.0,1288.0,0.0,0.0,8.0
2017-10-27 21:20:00,1300.0,1300.0,1300.0,1300.0,2.0,52000.0,6.0
2017-10-27 21:25:00,1300.0,1300.0,1300.0,1300.0,0.0,0.0,6.0
2017-10-27 21:30:00,1300.0,1300.0,1300.0,1300.0,0.0,0.0,6.0
2017-10-27 21:35:00,1300.0,1300.0,1300.0,1300.0,0.0,0.0,6.0
2017-10-27 21:40:00,1300.0,1300.0,1300.0,1300.0,0.0,0.0,6.0
2017-10-27 21:45:00,1300.0,1300.0,1300.0,1300.0,0.0,0.0,6.0
2017-10-27 21:50:00,1300.0,1300.0,1300.0,1300.0,0.0,0.0,6.0
2017-10-27 21:55:00,1300.0,1300.0,1300.0,1300.0,0.0,0.0,6.0
2017-10-27 22:00:00,1300.0,1300.0,1300.0,1300.0,0.0,0.0,6.0
2017-10-27 22:05:00,1300.0,1300.0,1300.0,1300.0,0.0,0.0,6.0
2017-10-27 22:10:00,1300.0,1300.0,1300.0,1300.0,0.0,0.0,6.0
2017-10-27 22:15:00,1300.0,1300.0,1300.0,1300.0,0.0,0.0,6.0
2017-10-27 22:20:00,1300.0,1300.0,1300.0,1300.0,0.0,0.0,6.0
2017-10-27 22:25:00,1300.0,1300.0,1300.0,1300.0,0.0,0.0,6.0
2017-10-27 22:30:00,1300.0,1300.0,1300.0,1300.0,0.0,0.0,6.0
2017-10-27 22:35:00,1300.0,1300.0,1300.0,1300.0,0.0,0.0,6.0
2017-10-27 22:40:00,1300.0,1300.0,1300.0,1300.0,0.0,0.0,6.0
2017-10-27 22:45:00,1300.0,1300.0,1300.0,1300.0,0.0,0.0,6.0
2017-10-27 22:50:00,1300.0,1300.0,1300.0,1300.0,0.0,0.0,6.0
2017-10-27 22:55:00,1300.0,1300.0,1300.0,1300.0,0.0,0.0,6.0
2017-10-27 23:00:00,1300.0,1300.0,1300.0,1300.0,0.0,0.0,6.0
2017-10-27 23:05:00,1300.0,1300.0,1300.0,1300.0,0.0,0.0,6.0
2017-10-27 23:10:00,1300.0,1300.0,1300.0,1300.0,0.0,0.0,6.0
2017-10-27 23:15:00,1300.0,1300.0,1300.0,1300.0,0.0,0.0,6.0
2017-10-27 23:20:00,1300.0,1300.0,1300.0,1300.0,0.0,0.0,6.0
2017-10-27 23:25:00,1300.0,1300.0,1300.0,1300.0,0.0,0.0,6.0
2017-10-30 09:00:00,1300.0,1300.0,1300.0,1300.0,0.0,0.0,6.0
2017-10-30 09:05:00,1300.0,1300.0,1300.0,1300.0,0.0,0.0,6.0
2017-10-30 09:10:00,1300.0,1300.0,1300.0,1300.0,0.0,0.0,6.0
2017-10-30 09:15:00,1300.0,1300.0,1300.0,1300.0,0.0,0.0,6.0
2017-10-30 09:20:00,1300.0,1300.0,1300.0,1300.0,0.0,0.0,6.0
2017-10-30 09:25:00,1300.0,1300.0,1300.0,1300.0,0.0,0.0,6.0
2017-10-30 09:30:00,1300.0,1300.0,1300.0,1300.0,0.0,0.0,6.0
2017-10-30 09:35:00,1300.0,1300.0,1300.0,1300.0,0.0,0.0,6.0
2017-10-30 09:40:00,1300.0,1300.0,1300.0,1300.0,0.0,0.0,6.0
2017-10-30 09:45:00,1300.0,1300.0,1300.0,1300.0,0.0,0.0,6.0
2017-10-30 09:50:00,1300.0,1300.0,1300.0,1300.0,0.0,0.0,6.0
2017-10-30 09:55:00,1300.0,1300.0,1300.0,1300.0,0.0,0.0,6.0
2017-10-30 10:00:00,1300.0,1300.0,1300.0,1300.0,0.0,0.0,6.0
2017-10-30 10:05:00,1300.0,1300.0,1300.0,1300.0,0.0,0.0,6.0
2017-10-30 10:10:00,1300.0,1300.0,1300.0,1300.0,0.0,0.0,6.0
2017-10-30 10:30:00,1300.0,1300.0,1300.0,1300.0,0.0,0.0,6.0
2017-10-30 10:35:00,1300.0,1300.0,1300.0,1300.0,0.0,0.0,6.0
2017-10-30 10:40:00,1300.0,1300.0,1300.0,1300.0,0.0,0.0,6.0
2017-10-30 10:45:00,1300.0,1300.0,1300.0,1300.0,0.0,0.0,6.0
2017-10-30 10:50:00,1300.0,1300.0,1300.0,1300.0,0.0,0.0,6.0
2017-10-30 10:55:00,1300.0,1300.0,1300.0,1300.0,0.0,0.0,6.0
2017-10-30 11:00:00,1300.0,1300.0,1300.0,1300.0,0.0,0.0,6.0
2017-10-30 11:05:00,1300.0,1300.0,1300.0,1300.0,0.0,0.0,6.0
2017-10-30 11:10:00,1300.0,1300.0,1300.0,1300.0,0.0,0.0,6.0
2017-10-30 11:15:00,1300.0,1300.0,1300.0,1300.0,0.0,0.0,6.0
2017-10-30 11:20:00,1300.0,1300.0,1300.0,1300.0,0.0,0.0,6.0
2017-10-30 11:25:00,1300.0,1300.0,1300.0,1300.0,0.0,0.0,6.0
2017-10-30 13:30:00,1300.0,1300.0,1300.0,1300.0,0.0,0.0,6.0
2017-10-30 13:35:00,1300.0,1300.0,1300.0,1300.0,0.0,0.0,6.0
2017-10-30 13:40:00,1300.0,1300.0,1300.0,1300.0,0.0,0.0,6.0
2017-10-30 13:45:00,1300.0,1300.0,1300.0,1300.0,0.0,0.0,6.0
2017-10-30 13:50:00,1300.0,1300.0,1300.0,1300.0,0.0,0.0,6.0
2017-10-30 13:55:00,1300.0,1300.0,1300.0,1300.0,0.0,0.0,6.0
2017-10-30 14:00:00,1300.0,1300.0,1300.0,1300.0,0.0,0.0,6.0
2017-10-30 14:05:00,1300.0,1300.0,1300.0,1300.0,0.0,0.0,6.0
2017-10-30 14:10:00,1300.0,1300.0,1300.0,1300.0,0.0,0.0,6.0
2017-10-30 14:15:00,1300.0,1300.0,1300.0,1300.0,0.0,0.0,6.0
2017-10-30 14:20:00,1300.0,1300.0,1300.0,1300.0,0.0,0.0,6.0
2017-10-30 14:25:00,1300.0,1300.0,1300.0,1300.0,0.0,0.0,6.0
2017-10-30 14:30:00,1300.0,1300.0,1300.0,1300.0,0.0,0.0,6.0
2017-10-30 14:35:00,1300.0,1300.0,1300.0,1300.0,0.0,0.0,6.0
2017-10-30 14:40:00,1300.0,1300.0,1300.0,1300.0,0.0,0.0,6.0
2017-10-30 14:45:00,1300.0,1300.0,1300.0,1300.0,0.0,0.0,6.0
2017-10-30 14:50:00,1300.0,1300.0,1300.0,1300.0,0.0,0.0,6.0
2017-10-30 14:55:00,1300.0,1300.0,1300.0,1300.0,0.0,0.0,6.0
2017-10-30 21:00:00,1300.0,1300.0,1300.0,1300.0,0.0,0.0,6.0
2017-10-30 21:05:00,1300.0,1300.0,1300.0,1300.0,0.0,0.0,6.0
2017-10-30 21:10:00,1300.0,1300.0,1300.0,1300.0,0.0,0.0,6.0
2017-10-30 21:15:00,1300.0,1300.0,1300.0,1300.0,0.0,0.0,6.0
2017-10-30 21:20:00,1300.0,1300.0,1300.0,1300.0,0.0,0.0,6.0
2017-10-30 21:25:00,1300.0,1300.0,1300.0,1300.0,0.0,0.0,6.0
2017-10-30 21:30:00,1300.0,1300.0,1300.0,1300.0,0.0,0.0,6.0
2017-10-30 21:35:00,1300.0,1300.0,1300.0,1300.0,0.0,0.0,6.0
2017-10-30 21:40:00,1300.0,1300.0,1300.0,1300.0,0.0,0.0,6.0
2017-10-30 21:45:00,1300.0,1300.0,1300.0,1300.0,0.0,0.0,6.0
2017-10-30 21:50:00,1300.0,1300.0,1300.0,1300.0,0.0,0.0,6.0
2017-10-30 21:55:00,1300.0,1300.0,1300.0,1300.0,0.0,0.0,6.0
2017-10-30 22:00:00,1300.0,1300.0,1300.0,1300.0,0.0,0.0,6.0
2017-10-30 22:05:00,1300.0,1300.0,1300.0,1300.0,0.0,0.0,6.0
2017-10-30 22:10:00,1300.0,1300.0,1300.0,1300.0,0.0,0.0,6.0
2017-10-30 22:15:00,1300.0,1300.0,1300.0,1300.0,0.0,0.0,6.0
2017-10-30 22:20:00,1300.0,1300.0,1300.0,1300.0,0.0,0.0,6.0
2017-10-30 22:25:00,1300.0,1300.0,1300.0,1300.0,0.0,0.0,6.0
2017-10-30 22:30:00,1300.0,1300.0,1300.0,1300.0,0.0,0.0,6.0
2017-10-30 22:35:00,1300.0,1300.0,1300.0,1300.0,0.0,0.0,6.0
2017-10-30 22:40:00,1300.0,1300.0,1300.0,1300.0,0.0,0.0,6.0
2017-10-30 22:45:00,1300.0,1300.0,1300.0,1300.0,0.0,0.0,6.0
2017-10-30 22:50:00,1300.0,1300.0,1300.0,1300.0,0.0,0.0,6.0
2017-10-30 22:55:00,1300.0,1300.0,1300.0,1300.0,0.0,0.0,6.0
2017-10-30 23:00:00,1300.0,1300.0,1300.0,1300.0,0.0,0.0,6.0
2017-10-30 23:05:00,1300.0,1300.0,1300.0,1300.0,0.0,0.0,6.0
2017-10-30 23:10:00,1300.0,1300.0,1300.0,1300.0,0.0,0.0,6.0
2017-10-30 23:15:00,1300.0,1300.0,1300.0,1300.0,0.0,0.0,6.0
2017-10-30 23:20:00,1300.0,1300.0,1300.0,1300.0,0.0,0.0,6.0
2017-10-30 23:25:00,1300.0,1300.0,1300.0,1300.0,0.0,0.0,6.0
2017-10-31 09:00:00,1300.0,1300.0,1300.0,1300.0,0.0,0.0,6.0
2017-10-31 09:05:00,1300.0,1300.0,1300.0,1300.0,0.0,0.0,6.0
2017-10-31 09:10:00,1300.0,1300.0,1300.0,1300.0,0.0,0.0,6.0
2017-10-31 09:15:00,1300.0,1300.0,1300.0,1300.0,0.0,0.0,6.0
2017-10-31 09:20:00,1300.0,1300.0,1300.0,1300.0,0.0,0.0,6.0
2017-10-31 09:25:00,1300.0,1300.0,1300.0,1300.0,0.0,0.0,6.0
2017-10-31 09:30:00,1300.0,1300.0,1300.0,1300.0,0.0,0.0,6.0
2017-10-31 09:35:00,1300.0,1300.0,1300.0,1300.0,0.0,0.0,6.0
2017-10-31 09:40:00,1300.0,1300.0,1300.0,1300.0,0.0,0.0,6.0
2017-10-31 09:45:00,1300.0,1300.0,1300.0,1300.0,0.0,0.0,6.0
2017-10-31 09:50:00,1300.0,1300.0,1300.0,1300.0,0.0,0.0,6.0
2017-10-31 09:55:00,1300.0,1300.0,1300.0,1300.0,0.0,0.0,6.0
2017-10-31 10:00:00,1300.0,1300.0,1300.0,1300.0,0.0,0.0,6.0
2017-10-31 10:05:00,1300.0,1300.0,1300.0,1300.0,0.0,0.0,6.0
2017-10-31 10:10:00,1300.0,1300.0,1300.0,1300.0,0.0,0.0,6.0
2017-10-31 10:30:00,1300.0,1300.0,1300.0,1300.0,0.0,0.0,6.0
2017-10-31 10:35:00,1300.0,1300.0,1300.0,1300.0,0.0,0.0,6.0
2017-10-31 10:40:00,1300.0,1300.0,1300.0,1300.0,0.0,0.0,6.0
2017-10-31 10:45:00,1300.0,1300.0,1300.0,1300.0,0.0,0.0,6.0
2017-10-31 10:50:00,1300.0,1300.0,1300.0,1300.0,0.0,0.0,6.0
2017-10-31 10:55:00,1300.0,1300.0,1300.0,1300.0,0.0,0.0,6.0
2017-10-31 11:00:00,1300.0,1300.0,1300.0,1300.0,0.0,0.0,6.0
2017-10-31 11:05:00,1300.0,1300.0,1300.0,1300.0,0.0,0.0,6.0
2017-10-31 11:10:00,1300.0,1300.0,1300.0,1300.0,0.0,0.0,6.0
2017-10-31 11:15:00,1300.0,1300.0,1300.0,1300.0,0.0,0.0,6.0
2017-10-31 11:20:00,1300.0,1300.0,1300.0,1300.0,0.0,0.0,6.0
2017-10-31 11:25:00,1300.0,1300.0,1300.0,1300.0,0.0,0.0,6.0
2017-10-31 13:30:00,1300.0,1300.0,1300.0,1300.0,0.0,0.0,6.0
2017-10-31 13:35:00,1300.0,1300.0,1300.0,1300.0,0.0,0.0,6.0
2017-10-31 13:40:00,1300.0,1300.0,1300.0,1300.0,0.0,0.0,6.0
2017-10-31 13:45:00,1300.0,1300.0,1300.0,1300.0,0.0,0.0,6.0
2017-10-31 13:50:00,1300.0,1300.0,1300.0,1300.0,0.0,0.0,6.0
2017-10-31 13:55:00,1300.0,1300.0,1300.0,1300.0,0.0,0.0,6.0
2017-10-31 14:00:00,1300.0,1300.0,1300.0,1300.0,0.0,0.0,6.0
2017-10-31 14:05:00,1300.0,1300.0,1300.0,1300.0,0.0,0.0,6.0
2017-10-31 14:10:00,1300.0,1300.0,1300.0,1300.0,0.0,0.0,6.0
2017-10-31 14:15:00,1300.0,1300.0,1300.0,1300.0,0.0,0.0,6.0
2017-10-31 14:20:00,1300.0,1300.0,1300.0,1300.0,0.0,0.0,6.0
2017-10-31 14:25:00,1300.0,1300.0,1300.0,1300.0,0.0,0.0,6.0
2017-10-31 14:30:00,1300.0,1300.0,1300.0,1300.0,0.0,0.0,6.0
2017-10-31 14:35:00,1300.0,1300.0,1300.0,1300.0,0.0,0.0,6.0
2017-10-31 14:40:00,1300.0,1300.0,1300.0,1300.0,0.0,0.0,6.0
2017-10-31 14:45:00,1300.0,1300.0,1300.0,1300.0,0.0,0.0,6.0
2017-10-31 14:50:00,1300.0,1300.0,1300.0,1300.0,0.0,0.0,6.0
2017-10-31 14:55:00,1300.0,1300.0,1300.0,1300.0,0.0,0.0,6.0
2017-10-31 21:00:00,1288.0,1288.0,1288.0,1288.0,0.0,0.0,6.0
2017-10-31 21:05:00,1288.0,1288.0,1288.0,1288.0,0.0,0.0,6.0
2017-10-31 21:10:00,1288.0,1288.0,1288.0,1288.0,0.0,0.0,6.0
2017-10-31 21:15:00,1288.0,1288.0,1288.0,1288.0,0.0,0.0,6.0
2017-10-31 21:20:00,1288.0,1288.0,1288.0,1288.0,0.0,0.0,6.0
2017-10-31 21:25:00,1288.0,1288.0,1288.0,1288.0,0.0,0.0,6.0
2017-10-31 21:30:00,1288.0,1288.0,1288.0,1288.0,0.0,0.0,6.0
2017-10-31 21:35:00,1288.0,1288.0,1288.0,1288.0,0.0,0.0,6.0
2017-10-31 21:40:00,1288.0,1288.0,1288.0,1288.0,0.0,0.0,6.0
2017-10-31 21:45:00,1288.0,1288.0,1288.0,1288.0,0.0,0.0,6.0
2017-10-31 21:50:00,1288.0,1288.0,1288.0,1288.0,0.0,0.0,6.0
2017-10-31 21:55:00,1288.0,1288.0,1288.0,1288.0,0.0,0.0,6.0
2017-10-31 22:00:00,1288.0,1288.0,1288.0,1288.0,0.0,0.0,6.0
2017-10-31 22:05:00,1288.0,1288.0,1288.0,1288.0,0.0,0.0,6.0
2017-10-31 22:10:00,1288.0,1288.0,1288.0,1288.0,0.0,0.0,6.0
2017-10-31 22:15:00,1288.0,1288.0,1288.0,1288.0,0.0,0.0,6.0
2017-10-31 22:20:00,1288.0,1288.0,1288.0,1288.0,0.0,0.0,6.0
2017-10-31 22:25:00,1288.0,1288.0,1288.0,1288.0,0.0,0.0,6.0
2017-10-31 22:30:00,1288.0,1288.0,1288.0,1288.0,0.0,0.0,6.0
2017-10-31 22:35:00,1288.0,1288.0,1288.0,1288.0,0.0,0.0,6.0
2017-10-31 22:40:00,1288.0,1288.0,1288.0,1288.0,0.0,0.0,6.0
2017-10-31 22:45:00,1288.0,1288.0,1288.0,1288.0,0.0,0.0,6.0
2017-10-31 22:50:00,1288.0,1288.0,1288.0,1288.0,0.0,0.0,6.0
2017-10-31 22:55:00,1288.0,1288.0,1288.0,1288.0,0.0,0.0,6.0
2017-10-31 23:00:00,1288.0,1288.0,1288.0,1288.0,0.0,0.0,6.0
2017-10-31 23:05:00,1288.0,1288.0,1288.0,1288.0,0.0,0.0,6.0
2017-10-31 23:10:00,1288.0,1288.0,1288.0,1288.0,0.0,0.0,6.0
2017-10-31 23:15:00,1288.0,1288.0,1288.0,1288.0,0.0,0.0,6.0
2017-10-31 23:20:00,1288.0,1288.0,1288.0,1288.0,0.0,0.0,6.0
2017-10-31 23:25:00,1288.0,1288.0,1288.0,1288.0,0.0,0.0,6.0
2017-11-01 09:00:00,1288.0,1288.0,1288.0,1288.0,0.0,0.0,6.0
2017-11-01 09:05:00,1288.0,1288.0,1288.0,1288.0,0.0,0.0,6.0
2017-11-01 09:10:00,1288.0,1288.0,1288.0,1288.0,0.0,0.0,6.0
2017-11-01 09:15:00,1288.0,1288.0,1288.0,1288.0,0.0,0.0,6.0
2017-11-01 09:20:00,1288.0,1288.0,1288.0,1288.0,0.0,0.0,6.0
2017-11-01 09:25:00,1288.0,1288.0,1288.0,1288.0,0.0,0.0,6.0
2017-11-01 09:30:00,1288.0,1288.0,1288.0,1288.0,0.0,0.0,6.0
2017-11-01 09:35:00,1288.0,1288.0,1288.0,1288.0,0.0,0.0,6.0
2017-11-01 09:40:00,1288.0,1288.0,1288.0,1288.0,0.0,0.0,6.0
2017-11-01 09:45:00,1288.0,1288.0,1288.0,1288.0,0.0,0.0,6.0
2017-11-01 09:50:00,1288.0,1288.0,1288.0,1288.0,0.0,0.0,6.0
2017-11-01 09:55:00,1288.0,1288.0,1288.0,1288.0,0.0,0.0,6.0
2017-11-01 10:00:00,1288.0,1288.0,1288.0,1288.0,0.0,0.0,6.0
2017-11-01 10:05:00,1288.0,1288.0,1288.0,1288.0,0.0,0.0,6.0
2017-11-01 10:10:00,1288.0,1288.0,1288.0,1288.0,0.0,0.0,6.0
2017-11-01 10:30:00,1288.0,1288.0,1288.0,1288.0,0.0,0.0,6.0
2017-11-01 10:35:00,1288.0,1288.0,1288.0,1288.0,0.0,0.0,6.0
2017-11-01 10:40:00,1288.0,1288.0,1288.0,1288.0,0.0,0.0,6.0
2017-11-01 10:45:00,1288.0,1288.0,1288.0,1288.0,0.0,0.0,6.0
2017-11-01 10:50:00,1288.0,1288.0,1288.0,1288.0,0.0,0.0,6.0
2017-11-01 10:55:00,1288.0,1288.0,1288.0,1288.0,0.0,0.0,6.0
2017-11-01 11:00:00,1288.0,1288.0,1288.0,1288.0,0.0,0.0,6.0
2017-11-01 11:05:00,1288.0,1288.0,1288.0,1288.0,0.0,0.0,6.0
2017-11-01 11:10:00,1288.0,1288.0,1288.0,1288.0,0.0,0.0,6.0
2017-11-01 11:15:00,1288.0,1288.0,1288.0,1288.0,0.0,0.0,6.0
2017-11-01 11:20:00,1288.0,1288.0,1288.0,1288.0,0.0,0.0,6.0
2017-11-01 11:25:00,1288.0,1288.0,1288.0,1288.0,0.0,0.0,6.0
2017-11-01 13:30:00,1288.0,1288.0,1288.0,1288.0,0.0,0.0,6.0
2017-11-01 13:35:00,1288.0,1288.0,1288.0,1288.0,0.0,0.0,6.0
2017-11-01 13:40:00,1288.0,1288.0,1288.0,1288.0,0.0,0.0,6.0
2017-11-01 13:45:00,1288.0,1288.0,1288.0,1288.0,0.0,0.0,6.0
2017-11-01 13:50:00,1288.0,1288.0,1288.0,1288.0,0.0,0.0,6.0
2017-11-01 13:55:00,1288.0,1288.0,1288.0,1288.0,0.0,0.0,6.0
2017-11-01 14:00:00,1288.0,1288.0,1288.0,1288.0,0.0,0.0,6.0
2017-11-01 14:05:00,1288.0,1288.0,1288.0,1288.0,0.0,0.0,6.0
2017-11-01 14:10:00,1288.0,1288.0,1288.0,1288.0,0.0,0.0,6.0
2017-11-01 14:15:00,1288.0,1288.0,1288.0,1288.0,0.0,0.0,6.0
2017-11-01 14:20:00,1288.0,1288.0,1288.0,1288.0,0.0,0.0,6.0
2017-11-01 14:25:00,1288.0,1288.0,1288.0,1288.0,0.0,0.0,6.0
2017-11-01 14:30:00,1288.0,1288.0,1288.0,1288.0,0.0,0.0,6.0
2017-11-01 14:35:00,1288.0,1288.0,1288.0,1288.0,0.0,0.0,6.0
2017-11-01 14:40:00,1288.0,1288.0,1288.0,1288.0,0.0,0.0,6.0
2017-11-01 14:45:00,1288.0,1288.0,1288.0,1288.0,0.0,0.0,6.0
2017-11-01 14:50:00,1288.0,1288.0,1288.0,1288.0,0.0,0.0,6.0
2017-11-01 14:55:00,1288.0,1288.0,1288.0,1288.0,0.0,0.0,6.0
2017-11-01 21:00:00,1288.0,1288.0,1288.0,1288.0,0.0,0.0,6.0
2017-11-01 21:05:00,1288.0,1288.0,1288.0,1288.0,0.0,0.0,6.0
2017-11-01 21:10:00,1288.0,1288.0,1288.0,1288.0,0.0,0.0,6.0
2017-11-01 21:15:00,1288.0,1288.0,1288.0,1288.0,0.0,0.0,6.0
2017-11-01 21:20:00,1288.0,1288.0,1288.0,1288.0,0.0,0.0,6.0
2017-11-01 21:25:00,1288.0,1288.0,1288.0,1288.0,0.0,0.0,6.0
2017-11-01 21:30:00,1288.0,1305.0,1288.0,1305.0,2.0,52200.0,8.0
2017-11-01 21:35:00,1305.0,1305.0,1305.0,1305.0,0.0,0.0,8.0
2017-11-01 21:40:00,1305.0,1305.0,1305.0,1305.0,0.0,0.0,8.0
2017-11-01 21:45:00,1305.0,1305.0,1305.0,1305.0,0.0,0.0,8.0
2017-11-01 21:50:00,1305.0,1305.0,1305.0,1305.0,0.0,0.0,8.0
2017-11-01 21:55:00,1305.0,1305.0,1305.0,1305.0,0.0,0.0,8.0
2017-11-01 22:00:00,1305.0,1305.0,1305.0,1305.0,0.0,0.0,8.0
2017-11-01 22:05:00,1305.0,1305.0,1305.0,1305.0,0.0,0.0,8.0
2017-11-01 22:10:00,1305.0,1305.0,1305.0,1305.0,0.0,0.0,8.0
2017-11-01 22:15:00,1305.0,1305.0,1305.0,1305.0,0.0,0.0,8.0
2017-11-01 22:20:00,1305.0,1305.0,1305.0,1305.0,0.0,0.0,8.0
2017-11-01 22:25:00,1305.0,1305.0,1305.0,1305.0,0.0,0.0,8.0
2017-11-01 22:30:00,1305.0,1305.0,1305.0,1305.0,0.0,0.0,8.0
2017-11-01 22:35:00,1305.0,1305.0,1305.0,1305.0,0.0,0.0,8.0
2017-11-01 22:40:00,1305.0,1305.0,1305.0,1305.0,0.0,0.0,8.0
2017-11-01 22:45:00,1305.0,1305.0,1305.0,1305.0,0.0,0.0,8.0
2017-11-01 22:50:00,1305.0,1305.0,1305.0,1305.0,0.0,0.0,8.0
2017-11-01 22:55:00,1305.0,1305.0,1305.0,1305.0,0.0,0.0,8.0
2017-11-01 23:00:00,1305.0,1305.0,1305.0,1305.0,0.0,0.0,8.0
2017-11-01 23:05:00,1305.0,1305.0,1305.0,1305.0,0.0,0.0,8.0
2017-11-01 23:10:00,1305.0,1305.0,1305.0,1305.0,0.0,0.0,8.0
2017-11-01 23:15:00,1305.0,1305.0,1305.0,1305.0,0.0,0.0,8.0
2017-11-01 23:20:00,1305.0,1305.0,1305.0,1305.0,0.0,0.0,8.0
2017-11-01 23:25:00,1305.0,1305.0,1305.0,1305.0,0.0,0.0,8.0
2017-11-02 09:00:00,1305.0,1305.0,1305.0,1305.0,0.0,0.0,8.0
2017-11-02 09:05:00,1305.0,1305.0,1305.0,1305.0,0.0,0.0,8.0
2017-11-02 09:10:00,1305.0,1305.0,1305.0,1305.0,0.0,0.0,8.0
2017-11-02 09:15:00,1305.0,1305.0,1305.0,1305.0,0.0,0.0,8.0
2017-11-02 09:20:00,1305.0,1305.0,1305.0,1305.0,0.0,0.0,8.0
2017-11-02 09:25:00,1305.0,1305.0,1305.0,1305.0,0.0,0.0,8.0
2017-11-02 09:30:00,1305.0,1305.0,1305.0,1305.0,0.0,0.0,8.0
2017-11-02 09:35:00,1305.0,1305.0,1305.0,1305.0,0.0,0.0,8.0
2017-11-02 09:40:00,1305.0,1305.0,1305.0,1305.0,0.0,0.0,8.0
2017-11-02 09:45:00,1305.0,1305.0,1305.0,1305.0,0.0,0.0,8.0
2017-11-02 09:50:00,1305.0,1305.0,1305.0,1305.0,0.0,0.0,8.0
2017-11-02 09:55:00,1305.0,1305.0,1305.0,1305.0,0.0,0.0,8.0
2017-11-02 10:00:00,1305.0,1305.0,1305.0,1305.0,0.0,0.0,8.0
2017-11-02 10:05:00,1305.0,1305.0,1305.0,1305.0,0.0,0.0,8.0
2017-11-02 10:10:00,1305.0,1305.0,1305.0,1305.0,0.0,0.0,8.0
2017-11-02 10:30:00,1305.0,1305.0,1305.0,1305.0,0.0,0.0,8.0
2017-11-02 10:35:00,1305.0,1305.0,1305.0,1305.0,0.0,0.0,8.0
2017-11-02 10:40:00,1305.0,1305.0,1305.0,1305.0,0.0,0.0,8.0
2017-11-02 10:45:00,1305.0,1305.0,1305.0,1305.0,0.0,0.0,8.0
2017-11-02 10:50:00,1305.0,1305.0,1305.0,1305.0,0.0,0.0,8.0
2017-11-02 10:55:00,1305.0,1305.0,1305.0,1305.0,0.0,0.0,8.0
2017-11-02 11:00:00,1305.0,1305.0,1305.0,1305.0,0.0,0.0,8.0
2017-11-02 11:05:00,1305.0,1305.0,1305.0,1305.0,0.0,0.0,8.0
2017-11-02 11:10:00,1305.0,1305.0,1305.0,1305.0,0.0,0.0,8.0
2017-11-02 11:15:00,1305.0,1305.0,1305.0,1305.0,0.0,0.0,8.0
2017-11-02 11:20:00,1305.0,1305.0,1305.0,1305.0,0.0,0.0,8.0
2017-11-02 11:25:00,1305.0,1305.0,1305.0,1305.0,0.0,0.0,8.0
2017-11-02 13:30:00,1305.0,1305.0,1305.0,1305.0,0.0,0.0,8.0
2017-11-02 13:35:00,1305.0,1305.0,1305.0,1305.0,0.0,0.0,8.0
2017-11-02 13:40:00,1305.0,1305.0,1305.0,1305.0,0.0,0.0,8.0
2017-11-02 13:45:00,1305.0,1305.0,1305.0,1305.0,0.0,0.0,8.0
2017-11-02 13:50:00,1305.0,1305.0,1305.0,1305.0,0.0,0.0,8.0
2017-11-02 13:55:00,1305.0,1305.0,1305.0,1305.0,0.0,0.0,8.0
2017-11-02 14:00:00,1305.0,1305.0,1305.0,1305.0,0.0,0.0,8.0
2017-11-02 14:05:00,1305.0,1305.0,1305.0,1305.0,0.0,0.0,8.0
2017-11-02 14:10:00,1305.0,1305.0,1305.0,1305.0,0.0,0.0,8.0
2017-11-02 14:15:00,1305.0,1305.0,1305.0,1305.0,0.0,0.0,8.0
2017-11-02 14:20:00,1305.0,1305.0,1305.0,1305.0,0.0,0.0,8.0
2017-11-02 14:25:00,1305.0,1305.0,1305.0,1305.0,0.0,0.0,8.0
2017-11-02 14:30:00,1305.0,1305.0,1305.0,1305.0,0.0,0.0,8.0
2017-11-02 14:35:00,1305.0,1305.0,1305.0,1305.0,0.0,0.0,8.0
2017-11-02 14:40:00,1305.0,1305.0,1305.0,1305.0,0.0,0.0,8.0
2017-11-02 14:45:00,1305.0,1305.0,1305.0,1305.0,0.0,0.0,8.0
2017-11-02 14:50:00,1305.0,1305.0,1305.0,1305.0,0.0,0.0,8.0
2017-11-02 14:55:00,1305.0,1305.0,1305.0,1305.0,0.0,0.0,8.0
2017-11-02 21:00:00,1305.0,1305.0,1305.0,1305.0,0.0,0.0,8.0
2017-11-02 21:05:00,1305.0,1305.0,1305.0,1305.0,0.0,0.0,8.0
2017-11-02 21:10:00,1305.0,1305.0,1305.0,1305.0,0.0,0.0,8.0
2017-11-02 21:15:00,1305.0,1305.0,1305.0,1305.0,0.0,0.0,8.0
2017-11-02 21:20:00,1305.0,1305.0,1305.0,1305.0,0.0,0.0,8.0
2017-11-02 21:25:00,1305.0,1305.0,1305.0,1305.0,0.0,0.0,8.0
2017-11-02 21:30:00,1305.0,1305.0,1305.0,1305.0,0.0,0.0,8.0
2017-11-02 21:35:00,1305.0,1305.0,1305.0,1305.0,0.0,0.0,8.0
2017-11-02 21:40:00,1305.0,1305.0,1305.0,1305.0,0.0,0.0,8.0
2017-11-02 21:45:00,1305.0,1305.0,1305.0,1305.0,0.0,0.0,8.0
2017-11-02 21:50:00,1305.0,1305.0,1305.0,1305.0,0.0,0.0,8.0
2017-11-02 21:55:00,1305.0,1305.0,1305.0,1305.0,0.0,0.0,8.0
2017-11-02 22:00:00,1305.0,1305.0,1305.0,1305.0,0.0,0.0,8.0
2017-11-02 22:05:00,1305.0,1305.0,1305.0,1305.0,0.0,0.0,8.0
2017-11-02 22:10:00,1305.0,1305.0,1305.0,1305.0,0.0,0.0,8.0
2017-11-02 22:15:00,1305.0,1305.0,1305.0,1305.0,0.0,0.0,8.0
2017-11-02 22:20:00,1305.0,1305.0,1305.0,1305.0,0.0,0.0,8.0
2017-11-02 22:25:00,1305.0,1305.0,1305.0,1305.0,0.0,0.0,8.0
2017-11-02 22:30:00,1305.0,1305.0,1305.0,1305.0,0.0,0.0,8.0
2017-11-02 22:35:00,1305.0,1305.0,1305.0,1305.0,0.0,0.0,8.0
2017-11-02 22:40:00,1305.0,1305.0,1305.0,1305.0,0.0,0.0,8.0
2017-11-02 22:45:00,1305.0,1305.0,1305.0,1305.0,0.0,0.0,8.0
2017-11-02 22:50:00,1305.0,1305.0,1305.0,1305.0,0.0,0.0,8.0
2017-11-02 22:55:00,1305.0,1305.0,1305.0,1305.0,0.0,0.0,8.0
2017-11-02 23:00:00,1305.0,1305.0,1305.0,1305.0,0.0,0.0,8.0
2017-11-02 23:05:00,1305.0,1305.0,1305.0,1305.0,0.0,0.0,8.0
2017-11-02 23:10:00,1305.0,1305.0,1305.0,1305.0,0.0,0.0,8.0
2017-11-02 23:15:00,1305.0,1305.0,1305.0,1305.0,0.0,0.0,8.0
2017-11-02 23:20:00,1305.0,1305.0,1305.0,1305.0,0.0,0.0,8.0
2017-11-02 23:25:00,1305.0,1305.0,1305.0,1305.0,0.0,0.0,8.0
2017-11-03 09:00:00,1305.0,1305.0,1305.0,1305.0,0.0,0.0,8.0
2017-11-03 09:05:00,1305.0,1305.0,1305.0,1305.0,0.0,0.0,8.0
2017-11-03 09:10:00,1305.0,1305.0,1305.0,1305.0,0.0,0.0,8.0
2017-11-03 09:15:00,1305.0,1305.0,1305.0,1305.0,0.0,0.0,8.0
2017-11-03 09:20:00,1305.0,1305.0,1305.0,1305.0,0.0,0.0,8.0
2017-11-03 09:25:00,1305.0,1305.0,1305.0,1305.0,0.0,0.0,8.0
2017-11-03 09:30:00,1305.0,1305.0,1305.0,1305.0,0.0,0.0,8.0
2017-11-03 09:35:00,1305.0,1305.0,1305.0,1305.0,0.0,0.0,8.0
2017-11-03 09:40:00,1305.0,1305.0,1305.0,1305.0,0.0,0.0,8.0
2017-11-03 09:45:00,1305.0,1305.0,1305.0,1305.0,0.0,0.0,8.0
2017-11-03 09:50:00,1305.0,1305.0,1305.0,1305.0,0.0,0.0,8.0
2017-11-03 09:55:00,1305.0,1305.0,1305.0,1305.0,0.0,0.0,8.0
2017-11-03 10:00:00,1305.0,1305.0,1305.0,1305.0,0.0,0.0,8.0
2017-11-03 10:05:00,1305.0,1305.0,1305.0,1305.0,0.0,0.0,8.0
2017-11-03 10:10:00,1305.0,1305.0,1305.0,1305.0,0.0,0.0,8.0
2017-11-03 10:30:00,1305.0,1305.0,1305.0,1305.0,0.0,0.0,8.0
2017-11-03 10:35:00,1305.0,1305.0,1305.0,1305.0,0.0,0.0,8.0
2017-11-03 10:40:00,1305.0,1305.0,1305.0,1305.0,0.0,0.0,8.0
2017-11-03 10:45:00,1305.0,1305.0,1305.0,1305.0,0.0,0.0,8.0
2017-11-03 10:50:00,1305.0,1305.0,1305.0,1305.0,0.0,0.0,8.0
2017-11-03 10:55:00,1305.0,1305.0,1305.0,1305.0,0.0,0.0,8.0
2017-11-03 11:00:00,1305.0,1305.0,1305.0,1305.0,0.0,0.0,8.0
2017-11-03 11:05:00,1305.0,1305.0,1305.0,1305.0,0.0,0.0,8.0
2017-11-03 11:10:00,1305.0,1305.0,1305.0,1305.0,0.0,0.0,8.0
2017-11-03 11:15:00,1305.0,1305.0,1305.0,1305.0,0.0,0.0,8.0
2017-11-03 11:20:00,1305.0,1305.0,1305.0,1305.0,0.0,0.0,8.0
2017-11-03 11:25:00,1305.0,1305.0,1305.0,1305.0,0.0,0.0,8.0
2017-11-03 13:30:00,1305.0,1305.0,1305.0,1305.0,0.0,0.0,8.0
2017-11-03 13:35:00,1305.0,1305.0,1305.0,1305.0,0.0,0.0,8.0
2017-11-03 13:40:00,1305.0,1305.0,1305.0,1305.0,0.0,0.0,8.0
2017-11-03 13:45:00,1305.0,1305.0,1305.0,1305.0,0.0,0.0,8.0
2017-11-03 13:50:00,1305.0,1305.0,1305.0,1305.0,0.0,0.0,8.0
2017-11-03 13:55:00,1305.0,1305.0,1305.0,1305.0,0.0,0.0,8.0
2017-11-03 14:00:00,1305.0,1305.0,1305.0,1305.0,0.0,0.0,8.0
2017-11-03 14:05:00,1305.0,1305.0,1305.0,1305.0,0.0,0.0,8.0
2017-11-03 14:10:00,1305.0,1305.0,1305.0,1305.0,0.0,0.0,8.0
2017-11-03 14:15:00,1305.0,1305.0,1305.0,1305.0,0.0,0.0,8.0
2017-11-03 14:20:00,1305.0,1305.0,1305.0,1305.0,0.0,0.0,8.0
2017-11-03 14:25:00,1305.0,1305.0,1305.0,1305.0,0.0,0.0,8.0
2017-11-03 14:30:00,1305.0,1305.0,1305.0,1305.0,0.0,0.0,8.0
2017-11-03 14:35:00,1305.0,1305.0,1305.0,1305.0,0.0,0.0,8.0
2017-11-03 14:40:00,1305.0,1305.0,1305.0,1305.0,0.0,0.0,8.0
2017-11-03 14:45:00,1305.0,1305.0,1305.0,1305.0,0.0,0.0,8.0
2017-11-03 14:50:00,1305.0,1305.0,1305.0,1305.0,0.0,0.0,8.0
2017-11-03 14:55:00,1305.0,1305.0,1305.0,1305.0,0.0,0.0,8.0
2017-11-03 21:00:00,1305.0,1305.0,1305.0,1305.0,0.0,0.0,8.0
2017-11-03 21:05:00,1305.0,1305.0,1305.0,1305.0,0.0,0.0,8.0
2017-11-03 21:10:00,1305.0,1305.0,1305.0,1305.0,0.0,0.0,8.0
2017-11-03 21:15:00,1305.0,1305.0,1305.0,1305.0,0.0,0.0,8.0
2017-11-03 21:20:00,1305.0,1305.0,1305.0,1305.0,0.0,0.0,8.0
2017-11-03 21:25:00,1305.0,1305.0,1305.0,1305.0,0.0,0.0,8.0
2017-11-03 21:30:00,1305.0,1305.0,1305.0,1305.0,0.0,0.0,8.0
2017-11-03 21:35:00,1305.0,1305.0,1305.0,1305.0,0.0,0.0,8.0
2017-11-03 21:40:00,1305.0,1305.0,1305.0,1305.0,0.0,0.0,8.0
2017-11-03 21:45:00,1305.0,1305.0,1305.0,1305.0,0.0,0.0,8.0
2017-11-03 21:50:00,1305.0,1305.0,1305.0,1305.0,0.0,0.0,8.0
2017-11-03 21:55:00,1305.0,1305.0,1305.0,1305.0,0.0,0.0,8.0
2017-11-03 22:00:00,1305.0,1305.0,1305.0,1305.0,0.0,0.0,8.0
2017-11-03 22:05:00,1305.0,1305.0,1305.0,1305.0,0.0,0.0,8.0
2017-11-03 22:10:00,1305.0,1305.0,1305.0,1305.0,0.0,0.0,8.0
2017-11-03 22:15:00,1305.0,1305.0,1305.0,1305.0,0.0,0.0,8.0
2017-11-03 22:20:00,1305.0,1305.0,1305.0,1305.0,0.0,0.0,8.0
2017-11-03 22:25:00,1305.0,1305.0,1305.0,1305.0,0.0,0.0,8.0
2017-11-03 22:30:00,1305.0,1305.0,1305.0,1305.0,0.0,0.0,8.0
2017-11-03 22:35:00,1305.0,1305.0,1305.0,1305.0,0.0,0.0,8.0
2017-11-03 22:40:00,1305.0,1305.0,1305.0,1305.0,0.0,0.0,8.0
2017-11-03 22:45:00,1305.0,1305.0,1305.0,1305.0,0.0,0.0,8.0
2017-11-03 22:50:00,1305.0,1305.0,1305.0,1305.0,0.0,0.0,8.0
2017-11-03 22:55:00,1305.0,1305.0,1305.0,1305.0,0.0,0.0,8.0
2017-11-03 23:00:00,1305.0,1305.0,1305.0,1305.0,0.0,0.0,8.0
2017-11-03 23:05:00,1305.0,1305.0,1305.0,1305.0,0.0,0.0,8.0
2017-11-03 23:10:00,1305.0,1305.0,1305.0,1305.0,0.0,0.0,8.0
2017-11-03 23:15:00,1305.0,1305.0,1305.0,1305.0,0.0,0.0,8.0
2017-11-03 23:20:00,1305.0,1305.0,1305.0,1305.0,0.0,0.0,8.0
2017-11-03 23:25:00,1305.0,1305.0,1305.0,1305.0,0.0,0.0,8.0
2017-11-06 09:00:00,1305.0,1305.0,1305.0,1305.0,0.0,0.0,8.0
2017-11-06 09:05:00,1305.0,1305.0,1305.0,1305.0,0.0,0.0,8.0
2017-11-06 09:10:00,1305.0,1305.0,1305.0,1305.0,0.0,0.0,8.0
2017-11-06 09:15:00,1305.0,1305.0,1305.0,1305.0,0.0,0.0,8.0
2017-11-06 09:20:00,1305.0,1305.0,1305.0,1305.0,0.0,0.0,8.0
2017-11-06 09:25:00,1305.0,1305.0,1305.0,1305.0,0.0,0.0,8.0
2017-11-06 09:30:00,1305.0,1305.0,1305.0,1305.0,0.0,0.0,8.0
2017-11-06 09:35:00,1305.0,1305.0,1305.0,1305.0,0.0,0.0,8.0
2017-11-06 09:40:00,1305.0,1305.0,1305.0,1305.0,0.0,0.0,8.0
2017-11-06 09:45:00,1305.0,1305.0,1305.0,1305.0,0.0,0.0,8.0
2017-11-06 09:50:00,1305.0,1305.0,1305.0,1305.0,0.0,0.0,8.0
2017-11-06 09:55:00,1305.0,1305.0,1305.0,1305.0,0.0,0.0,8.0
2017-11-06 10:00:00,1305.0,1305.0,1305.0,1305.0,0.0,0.0,8.0
2017-11-06 10:05:00,1305.0,1305.0,1305.0,1305.0,0.0,0.0,8.0
2017-11-06 10:10:00,1305.0,1305.0,1305.0,1305.0,0.0,0.0,8.0
2017-11-06 10:30:00,1305.0,1305.0,1305.0,1305.0,0.0,0.0,8.0
2017-11-06 10:35:00,1305.0,1305.0,1305.0,1305.0,0.0,0.0,8.0
2017-11-06 10:40:00,1305.0,1305.0,1305.0,1305.0,0.0,0.0,8.0
2017-11-06 10:45:00,1305.0,1305.0,1305.0,1305.0,0.0,0.0,8.0
2017-11-06 10:50:00,1305.0,1309.0,1305.0,1309.0,2.0,52360.0,8.0
2017-11-06 10:55:00,1309.0,1309.0,1309.0,1309.0,0.0,0.0,8.0
2017-11-06 11:00:00,1309.0,1309.0,1309.0,1309.0,0.0,0.0,8.0
2017-11-06 11:05:00,1309.0,1309.0,1309.0,1309.0,0.0,0.0,8.0
2017-11-06 11:10:00,1309.0,1309.0,1309.0,1309.0,0.0,0.0,8.0
2017-11-06 11:15:00,1309.0,1309.0,1309.0,1309.0,0.0,0.0,8.0
2017-11-06 11:20:00,1309.0,1309.0,1309.0,1309.0,0.0,0.0,8.0
2017-11-06 11:25:00,1309.0,1309.0,1309.0,1309.0,0.0,0.0,8.0
2017-11-06 13:30:00,1309.0,1309.0,1309.0,1309.0,0.0,0.0,8.0
2017-11-06 13:35:00,1309.0,1309.0,1309.0,1309.0,0.0,0.0,8.0
2017-11-06 13:40:00,1309.0,1309.0,1309.0,1309.0,0.0,0.0,8.0
2017-11-06 13:45:00,1309.0,1309.0,1309.0,1309.0,0.0,0.0,8.0
2017-11-06 13:50:00,1309.0,1309.0,1309.0,1309.0,0.0,0.0,8.0
2017-11-06 13:55:00,1309.0,1309.0,1309.0,1309.0,0.0,0.0,8.0
2017-11-06 14:00:00,1309.0,1309.0,1309.0,1309.0,0.0,0.0,8.0
2017-11-06 14:05:00,1309.0,1309.0,1309.0,1309.0,0.0,0.0,8.0
2017-11-06 14:10:00,1309.0,1309.0,1309.0,1309.0,0.0,0.0,8.0
2017-11-06 14:15:00,1309.0,1309.0,1309.0,1309.0,0.0,0.0,8.0
2017-11-06 14:20:00,1309.0,1309.0,1309.0,1309.0,0.0,0.0,8.0
2017-11-06 14:25:00,1309.0,1309.0,1309.0,1309.0,0.0,0.0,8.0
2017-11-06 14:30:00,1309.0,1309.0,1309.0,1309.0,0.0,0.0,8.0
2017-11-06 14:35:00,1309.0,1309.0,1309.0,1309.0,0.0,0.0,8.0
2017-11-06 14:40:00,1309.0,1309.0,1309.0,1309.0,0.0,0.0,8.0
2017-11-06 14:45:00,1309.0,1309.0,1309.0,1309.0,0.0,0.0,8.0
2017-11-06 14:50:00,1309.0,1309.0,1309.0,1309.0,0.0,0.0,8.0
2017-11-06 14:55:00,1309.0,1309.0,1309.0,1309.0,0.0,0.0,8.0
2017-11-06 21:00:00,1309.0,1309.0,1309.0,1309.0,0.0,0.0,8.0
2017-11-06 21:05:00,1309.0,1309.0,1309.0,1309.0,0.0,0.0,8.0
2017-11-06 21:10:00,1309.0,1309.0,1309.0,1309.0,0.0,0.0,8.0
2017-11-06 21:15:00,1309.0,1309.0,1309.0,1309.0,0.0,0.0,8.0
2017-11-06 21:20:00,1309.0,1309.0,1309.0,1309.0,0.0,0.0,8.0
2017-11-06 21:25:00,1309.0,1309.0,1309.0,1309.0,0.0,0.0,8.0
2017-11-06 21:30:00,1309.0,1309.0,1309.0,1309.0,0.0,0.0,8.0
2017-11-06 21:35:00,1309.0,1309.0,1309.0,1309.0,0.0,0.0,8.0
2017-11-06 21:40:00,1309.0,1309.0,1309.0,1309.0,0.0,0.0,8.0
2017-11-06 21:45:00,1309.0,1309.0,1309.0,1309.0,0.0,0.0,8.0
2017-11-06 21:50:00,1309.0,1309.0,1309.0,1309.0,0.0,0.0,8.0
2017-11-06 21:55:00,1309.0,1309.0,1309.0,1309.0,0.0,0.0,8.0
2017-11-06 22:00:00,1309.0,1309.0,1309.0,1309.0,0.0,0.0,8.0
2017-11-06 22:05:00,1309.0,1309.0,1309.0,1309.0,0.0,0.0,8.0
2017-11-06 22:10:00,1309.0,1309.0,1309.0,1309.0,0.0,0.0,8.0
2017-11-06 22:15:00,1309.0,1309.0,1309.0,1309.0,0.0,0.0,8.0
2017-11-06 22:20:00,1309.0,1309.0,1309.0,1309.0,0.0,0.0,8.0
2017-11-06 22:25:00,1309.0,1309.0,1309.0,1309.0,0.0,0.0,8.0
2017-11-06 22:30:00,1309.0,1309.0,1309.0,1309.0,0.0,0.0,8.0
2017-11-06 22:35:00,1309.0,1309.0,1309.0,1309.0,0.0,0.0,8.0
2017-11-06 22:40:00,1309.0,1309.0,1309.0,1309.0,0.0,0.0,8.0
2017-11-06 22:45:00,1309.0,1309.0,1309.0,1309.0,0.0,0.0,8.0
2017-11-06 22:50:00,1309.0,1309.0,1309.0,1309.0,0.0,0.0,8.0
2017-11-06 22:55:00,1309.0,1309.0,1309.0,1309.0,0.0,0.0,8.0
2017-11-06 23:00:00,1309.0,1309.0,1309.0,1309.0,0.0,0.0,8.0
2017-11-06 23:05:00,1309.0,1309.0,1309.0,1309.0,0.0,0.0,8.0
2017-11-06 23:10:00,1309.0,1309.0,1309.0,1309.0,0.0,0.0,8.0
2017-11-06 23:15:00,1309.0,1309.0,1309.0,1309.0,0.0,0.0,8.0
2017-11-06 23:20:00,1309.0,1309.0,1309.0,1309.0,0.0,0.0,8.0
2017-11-06 23:25:00,1309.0,1309.0,1309.0,1309.0,0.0,0.0,8.0
2017-11-07 09:00:00,1309.0,1309.0,1309.0,1309.0,0.0,0.0,8.0
2017-11-07 09:05:00,1309.0,1309.0,1309.0,1309.0,0.0,0.0,8.0
2017-11-07 09:10:00,1309.0,1309.0,1309.0,1309.0,0.0,0.0,8.0
2017-11-07 09:15:00,1309.0,1309.0,1309.0,1309.0,0.0,0.0,8.0
2017-11-07 09:20:00,1309.0,1309.0,1309.0,1309.0,0.0,0.0,8.0
2017-11-07 09:25:00,1309.0,1309.0,1309.0,1309.0,0.0,0.0,8.0
2017-11-07 09:30:00,1309.0,1309.0,1309.0,1309.0,0.0,0.0,8.0
2017-11-07 09:35:00,1309.0,1309.0,1309.0,1309.0,0.0,0.0,8.0
2017-11-07 09:40:00,1309.0,1309.0,1309.0,1309.0,0.0,0.0,8.0
2017-11-07 09:45:00,1309.0,1309.0,1309.0,1309.0,0.0,0.0,8.0
2017-11-07 09:50:00,1309.0,1309.0,1309.0,1309.0,0.0,0.0,8.0
2017-11-07 09:55:00,1309.0,1309.0,1309.0,1309.0,0.0,0.0,8.0
2017-11-07 10:00:00,1309.0,1309.0,1309.0,1309.0,0.0,0.0,8.0
2017-11-07 10:05:00,1309.0,1309.0,1309.0,1309.0,0.0,0.0,8.0
2017-11-07 10:10:00,1309.0,1309.0,1309.0,1309.0,0.0,0.0,8.0
2017-11-07 10:30:00,1309.0,1309.0,1309.0,1309.0,0.0,0.0,8.0
2017-11-07 10:35:00,1309.0,1309.0,1309.0,1309.0,0.0,0.0,8.0
2017-11-07 10:40:00,1309.0,1309.0,1309.0,1309.0,0.0,0.0,8.0
2017-11-07 10:45:00,1309.0,1309.0,1309.0,1309.0,0.0,0.0,8.0
2017-11-07 10:50:00,1309.0,1309.0,1309.0,1309.0,0.0,0.0,8.0
2017-11-07 10:55:00,1309.0,1309.0,1309.0,1309.0,0.0,0.0,8.0
2017-11-07 11:00:00,1309.0,1309.0,1309.0,1309.0,0.0,0.0,8.0
2017-11-07 11:05:00,1309.0,1309.0,1309.0,1309.0,0.0,0.0,8.0
2017-11-07 11:10:00,1309.0,1309.0,1309.0,1309.0,0.0,0.0,8.0
2017-11-07 11:15:00,1309.0,1309.0,1309.0,1309.0,0.0,0.0,8.0
2017-11-07 11:20:00,1309.0,1309.0,1309.0,1309.0,0.0,0.0,8.0
2017-11-07 11:25:00,1309.0,1309.0,1309.0,1309.0,0.0,0.0,8.0
2017-11-07 13:30:00,1309.0,1309.0,1309.0,1309.0,0.0,0.0,8.0
2017-11-07 13:35:00,1309.0,1309.0,1309.0,1309.0,0.0,0.0,8.0
2017-11-07 13:40:00,1309.0,1309.0,1309.0,1309.0,0.0,0.0,8.0
2017-11-07 13:45:00,1309.0,1309.0,1309.0,1309.0,0.0,0.0,8.0
2017-11-07 13:50:00,1309.0,1309.0,1309.0,1309.0,0.0,0.0,8.0
2017-11-07 13:55:00,1309.0,1309.0,1309.0,1309.0,0.0,0.0,8.0
2017-11-07 14:00:00,1309.0,1309.0,1309.0,1309.0,0.0,0.0,8.0
2017-11-07 14:05:00,1309.0,1309.0,1309.0,1309.0,0.0,0.0,8.0
2017-11-07 14:10:00,1309.0,1309.0,1309.0,1309.0,0.0,0.0,8.0
2017-11-07 14:15:00,1309.0,1309.0,1309.0,1309.0,0.0,0.0,8.0
2017-11-07 14:20:00,1309.0,1309.0,1309.0,1309.0,0.0,0.0,8.0
2017-11-07 14:25:00,1309.0,1309.0,1309.0,1309.0,0.0,0.0,8.0
2017-11-07 14:30:00,1309.0,1309.0,1309.0,1309.0,0.0,0.0,8.0
2017-11-07 14:35:00,1309.0,1309.0,1309.0,1309.0,0.0,0.0,8.0
2017-11-07 14:40:00,1309.0,1309.0,1309.0,1309.0,0.0,0.0,8.0
2017-11-07 14:45:00,1309.0,1309.0,1309.0,1309.0,0.0,0.0,8.0
2017-11-07 14:50:00,1309.0,1309.0,1309.0,1309.0,0.0,0.0,8.0
2017-11-07 14:55:00,1309.0,1309.0,1309.0,1309.0,0.0,0.0,8.0
2017-11-07 21:00:00,1324.0,1324.0,1324.0,1324.0,0.0,0.0,8.0
2017-11-07 21:05:00,1324.0,1324.0,1324.0,1324.0,0.0,0.0,8.0
2017-11-07 21:10:00,1324.0,1324.0,1324.0,1324.0,0.0,0.0,8.0
2017-11-07 21:15:00,1324.0,1324.0,1324.0,1324.0,0.0,0.0,8.0
2017-11-07 21:20:00,1324.0,1324.0,1324.0,1324.0,0.0,0.0,8.0
2017-11-07 21:25:00,1324.0,1324.0,1324.0,1324.0,0.0,0.0,8.0
2017-11-07 21:30:00,1324.0,1324.0,1324.0,1324.0,0.0,0.0,8.0
2017-11-07 21:35:00,1324.0,1324.0,1324.0,1324.0,0.0,0.0,8.0
2017-11-07 21:40:00,1324.0,1324.0,1324.0,1324.0,0.0,0.0,8.0
2017-11-07 21:45:00,1324.0,1324.0,1324.0,1324.0,0.0,0.0,8.0
2017-11-07 21:50:00,1324.0,1324.0,1324.0,1324.0,0.0,0.0,8.0
2017-11-07 21:55:00,1324.0,1324.0,1324.0,1324.0,0.0,0.0,8.0
2017-11-07 22:00:00,1324.0,1324.0,1324.0,1324.0,0.0,0.0,8.0
2017-11-07 22:05:00,1324.0,1324.0,1324.0,1324.0,0.0,0.0,8.0
2017-11-07 22:10:00,1324.0,1324.0,1324.0,1324.0,0.0,0.0,8.0
2017-11-07 22:15:00,1324.0,1324.0,1324.0,1324.0,0.0,0.0,8.0
2017-11-07 22:20:00,1324.0,1324.0,1324.0,1324.0,0.0,0.0,8.0
2017-11-07 22:25:00,1324.0,1324.0,1324.0,1324.0,0.0,0.0,8.0
2017-11-07 22:30:00,1324.0,1324.0,1324.0,1324.0,0.0,0.0,8.0
2017-11-07 22:35:00,1324.0,1324.0,1324.0,1324.0,0.0,0.0,8.0
2017-11-07 22:40:00,1324.0,1324.0,1324.0,1324.0,0.0,0.0,8.0
2017-11-07 22:45:00,1324.0,1324.0,1324.0,1324.0,0.0,0.0,8.0
2017-11-07 22:50:00,1324.0,1324.0,1324.0,1324.0,0.0,0.0,8.0
2017-11-07 22:55:00,1324.0,1324.0,1324.0,1324.0,0.0,0.0,8.0
2017-11-07 23:00:00,1324.0,1324.0,1324.0,1324.0,0.0,0.0,8.0
2017-11-07 23:05:00,1324.0,1324.0,1324.0,1324.0,0.0,0.0,8.0
2017-11-07 23:10:00,1324.0,1324.0,1324.0,1324.0,0.0,0.0,8.0
2017-11-07 23:15:00,1324.0,1324.0,1324.0,1324.0,0.0,0.0,8.0
2017-11-07 23:20:00,1324.0,1324.0,1324.0,1324.0,0.0,0.0,8.0
2017-11-07 23:25:00,1324.0,1324.0,1324.0,1324.0,0.0,0.0,8.0
2017-11-08 09:00:00,1324.0,1324.0,1324.0,1324.0,0.0,0.0,8.0
2017-11-08 09:05:00,1324.0,1324.0,1324.0,1324.0,0.0,0.0,8.0
2017-11-08 09:10:00,1324.0,1324.0,1324.0,1324.0,0.0,0.0,8.0
2017-11-08 09:15:00,1324.0,1324.0,1324.0,1324.0,0.0,0.0,8.0
2017-11-08 09:20:00,1324.0,1324.0,1324.0,1324.0,0.0,0.0,8.0
2017-11-08 09:25:00,1324.0,1324.0,1324.0,1324.0,0.0,0.0,8.0
2017-11-08 09:30:00,1324.0,1324.0,1324.0,1324.0,0.0,0.0,8.0
2017-11-08 09:35:00,1324.0,1324.0,1324.0,1324.0,0.0,0.0,8.0
2017-11-08 09:40:00,1324.0,1324.0,1324.0,1324.0,0.0,0.0,8.0
2017-11-08 09:45:00,1324.0,1324.0,1324.0,1324.0,0.0,0.0,8.0
2017-11-08 09:50:00,1324.0,1324.0,1324.0,1324.0,0.0,0.0,8.0
2017-11-08 09:55:00,1324.0,1324.0,1324.0,1324.0,0.0,0.0,8.0
2017-11-08 10:00:00,1324.0,1324.0,1324.0,1324.0,0.0,0.0,8.0
2017-11-08 10:05:00,1324.0,1324.0,1324.0,1324.0,0.0,0.0,8.0
2017-11-08 10:10:00,1324.0,1324.0,1324.0,1324.0,0.0,0.0,8.0
2017-11-08 10:30:00,1324.0,1324.0,1324.0,1324.0,0.0,0.0,8.0
2017-11-08 10:35:00,1324.0,1324.0,1324.0,1324.0,0.0,0.0,8.0
2017-11-08 10:40:00,1324.0,1324.0,1324.0,1324.0,0.0,0.0,8.0
2017-11-08 10:45:00,1324.0,1324.0,1324.0,1324.0,0.0,0.0,8.0
2017-11-08 10:50:00,1324.0,1324.0,1324.0,1324.0,0.0,0.0,8.0
2017-11-08 10:55:00,1324.0,1324.0,1324.0,1324.0,0.0,0.0,8.0
2017-11-08 11:00:00,1324.0,1324.0,1324.0,1324.0,0.0,0.0,8.0
2017-11-08 11:05:00,1324.0,1324.0,1324.0,1324.0,0.0,0.0,8.0
2017-11-08 11:10:00,1324.0,1324.0,1324.0,1324.0,0.0,0.0,8.0
2017-11-08 11:15:00,1324.0,1324.0,1324.0,1324.0,0.0,0.0,8.0
2017-11-08 11:20:00,1324.0,1324.0,1324.0,1324.0,0.0,0.0,8.0
2017-11-08 11:25:00,1324.0,1324.0,1324.0,1324.0,0.0,0.0,8.0
2017-11-08 13:30:00,1324.0,1332.0,1324.0,1332.0,2.0,53280.0,6.0
2017-11-08 13:35:00,1332.0,1332.0,1332.0,1332.0,0.0,0.0,6.0
2017-11-08 13:40:00,1332.0,1332.0,1332.0,1332.0,0.0,0.0,6.0
2017-11-08 13:45:00,1332.0,1332.0,1332.0,1332.0,0.0,0.0,6.0
2017-11-08 13:50:00,1332.0,1332.0,1332.0,1332.0,0.0,0.0,6.0
2017-11-08 13:55:00,1332.0,1332.0,1332.0,1332.0,0.0,0.0,6.0
2017-11-08 14:00:00,1332.0,1332.0,1332.0,1332.0,0.0,0.0,6.0
2017-11-08 14:05:00,1332.0,1332.0,1332.0,1332.0,0.0,0.0,6.0
2017-11-08 14:10:00,1332.0,1332.0,1332.0,1332.0,0.0,0.0,6.0
2017-11-08 14:15:00,1332.0,1332.0,1332.0,1332.0,0.0,0.0,6.0
2017-11-08 14:20:00,1332.0,1332.0,1332.0,1332.0,0.0,0.0,6.0
2017-11-08 14:25:00,1332.0,1332.0,1332.0,1332.0,0.0,0.0,6.0
2017-11-08 14:30:00,1332.0,1332.0,1332.0,1332.0,0.0,0.0,6.0
2017-11-08 14:35:00,1332.0,1332.0,1332.0,1332.0,0.0,0.0,6.0
2017-11-08 14:40:00,1332.0,1332.0,1332.0,1332.0,2.0,53280.0,6.0
2017-11-08 14:45:00,1332.0,1332.0,1332.0,1332.0,0.0,0.0,6.0
2017-11-08 14:50:00,1332.0,1332.0,1332.0,1332.0,0.0,0.0,6.0
2017-11-08 14:55:00,1332.0,1332.0,1332.0,1332.0,0.0,0.0,6.0
2017-11-08 21:00:00,1332.0,1332.0,1332.0,1332.0,0.0,0.0,6.0
2017-11-08 21:05:00,1332.0,1332.0,1332.0,1332.0,0.0,0.0,6.0
2017-11-08 21:10:00,1332.0,1332.0,1332.0,1332.0,0.0,0.0,6.0
2017-11-08 21:15:00,1332.0,1332.0,1332.0,1332.0,0.0,0.0,6.0
2017-11-08 21:20:00,1332.0,1332.0,1332.0,1332.0,0.0,0.0,6.0
2017-11-08 21:25:00,1332.0,1332.0,1332.0,1332.0,0.0,0.0,6.0
2017-11-08 21:30:00,1332.0,1332.0,1332.0,1332.0,0.0,0.0,6.0
2017-11-08 21:35:00,1332.0,1332.0,1332.0,1332.0,0.0,0.0,6.0
2017-11-08 21:40:00,1332.0,1332.0,1332.0,1332.0,0.0,0.0,6.0
2017-11-08 21:45:00,1332.0,1332.0,1332.0,1332.0,0.0,0.0,6.0
2017-11-08 21:50:00,1332.0,1332.0,1332.0,1332.0,0.0,0.0,6.0
2017-11-08 21:55:00,1332.0,1332.0,1332.0,1332.0,0.0,0.0,6.0
2017-11-08 22:00:00,1332.0,1332.0,1332.0,1332.0,0.0,0.0,6.0
2017-11-08 22:05:00,1332.0,1332.0,1332.0,1332.0,0.0,0.0,6.0
2017-11-08 22:10:00,1332.0,1332.0,1332.0,1332.0,0.0,0.0,6.0
2017-11-08 22:15:00,1332.0,1332.0,1332.0,1332.0,0.0,0.0,6.0
2017-11-08 22:20:00,1332.0,1332.0,1332.0,1332.0,0.0,0.0,6.0
2017-11-08 22:25:00,1332.0,1332.0,1332.0,1332.0,0.0,0.0,6.0
2017-11-08 22:30:00,1332.0,1332.0,1332.0,1332.0,0.0,0.0,6.0
2017-11-08 22:35:00,1332.0,1332.0,1332.0,1332.0,0.0,0.0,6.0
2017-11-08 22:40:00,1332.0,1332.0,1332.0,1332.0,0.0,0.0,6.0
2017-11-08 22:45:00,1332.0,1332.0,1332.0,1332.0,0.0,0.0,6.0
2017-11-08 22:50:00,1332.0,1332.0,1332.0,1332.0,0.0,0.0,6.0
2017-11-08 22:55:00,1332.0,1332.0,1332.0,1332.0,0.0,0.0,6.0
2017-11-08 23:00:00,1332.0,1332.0,1332.0,1332.0,0.0,0.0,6.0
2017-11-08 23:05:00,1332.0,1332.0,1332.0,1332.0,0.0,0.0,6.0
2017-11-08 23:10:00,1332.0,1332.0,1332.0,1332.0,0.0,0.0,6.0
2017-11-08 23:15:00,1332.0,1332.0,1332.0,1332.0,0.0,0.0,6.0
2017-11-08 23:20:00,1332.0,1332.0,1332.0,1332.0,0.0,0.0,6.0
2017-11-08 23:25:00,1332.0,1332.0,1332.0,1332.0,0.0,0.0,6.0
2017-11-09 09:00:00,1332.0,1332.0,1332.0,1332.0,0.0,0.0,6.0
2017-11-09 09:05:00,1332.0,1332.0,1332.0,1332.0,0.0,0.0,6.0
2017-11-09 09:10:00,1332.0,1332.0,1332.0,1332.0,0.0,0.0,6.0
2017-11-09 09:15:00,1332.0,1332.0,1332.0,1332.0,0.0,0.0,6.0
2017-11-09 09:20:00,1332.0,1332.0,1332.0,1332.0,0.0,0.0,6.0
2017-11-09 09:25:00,1332.0,1332.0,1332.0,1332.0,0.0,0.0,6.0
2017-11-09 09:30:00,1332.0,1332.0,1332.0,1332.0,0.0,0.0,6.0
2017-11-09 09:35:00,1332.0,1332.0,1332.0,1332.0,0.0,0.0,6.0
2017-11-09 09:40:00,1332.0,1332.0,1332.0,1332.0,0.0,0.0,6.0
2017-11-09 09:45:00,1332.0,1332.0,1332.0,1332.0,0.0,0.0,6.0
2017-11-09 09:50:00,1332.0,1332.0,1332.0,1332.0,0.0,0.0,6.0
2017-11-09 09:55:00,1332.0,1332.0,1332.0,1332.0,0.0,0.0,6.0
2017-11-09 10:00:00,1332.0,1332.0,1332.0,1332.0,0.0,0.0,6.0
2017-11-09 10:05:00,1332.0,1332.0,1332.0,1332.0,0.0,0.0,6.0
2017-11-09 10:10:00,1332.0,1332.0,1332.0,1332.0,0.0,0.0,6.0
2017-11-09 10:30:00,1332.0,1340.0,1332.0,1340.0,2.0,53600.0,6.0
2017-11-09 10:35:00,1340.0,1340.0,1340.0,1340.0,0.0,0.0,6.0
2017-11-09 10:40:00,1340.0,1340.0,1340.0,1340.0,0.0,0.0,6.0
2017-11-09 10:45:00,1340.0,1340.0,1340.0,1340.0,0.0,0.0,6.0
2017-11-09 10:50:00,1340.0,1340.0,1340.0,1340.0,0.0,0.0,6.0
2017-11-09 10:55:00,1340.0,1340.0,1340.0,1340.0,0.0,0.0,6.0
2017-11-09 11:00:00,1340.0,1340.0,1340.0,1340.0,0.0,0.0,6.0
2017-11-09 11:05:00,1340.0,1340.0,1340.0,1340.0,0.0,0.0,6.0
2017-11-09 11:10:00,1340.0,1340.0,1340.0,1340.0,0.0,0.0,6.0
2017-11-09 11:15:00,1340.0,1340.0,1340.0,1340.0,0.0,0.0,6.0
2017-11-09 11:20:00,1340.0,1340.0,1340.0,1340.0,0.0,0.0,6.0
2017-11-09 11:25:00,1340.0,1340.0,1340.0,1340.0,0.0,0.0,6.0
2017-11-09 13:30:00,1340.0,1340.0,1340.0,1340.0,0.0,0.0,6.0
2017-11-09 13:35:00,1340.0,1340.0,1340.0,1340.0,0.0,0.0,6.0
2017-11-09 13:40:00,1340.0,1340.0,1340.0,1340.0,0.0,0.0,6.0
2017-11-09 13:45:00,1340.0,1340.0,1340.0,1340.0,0.0,0.0,6.0
2017-11-09 13:50:00,1340.0,1340.0,1340.0,1340.0,0.0,0.0,6.0
2017-11-09 13:55:00,1340.0,1340.0,1340.0,1340.0,0.0,0.0,6.0
2017-11-09 14:00:00,1340.0,1340.0,1340.0,1340.0,0.0,0.0,6.0
2017-11-09 14:05:00,1340.0,1340.0,1340.0,1340.0,0.0,0.0,6.0
2017-11-09 14:10:00,1340.0,1340.0,1340.0,1340.0,0.0,0.0,6.0
2017-11-09 14:15:00,1340.0,1340.0,1340.0,1340.0,0.0,0.0,6.0
2017-11-09 14:20:00,1340.0,1340.0,1340.0,1340.0,0.0,0.0,6.0
2017-11-09 14:25:00,1340.0,1340.0,1340.0,1340.0,0.0,0.0,6.0
2017-11-09 14:30:00,1340.0,1340.0,1340.0,1340.0,0.0,0.0,6.0
2017-11-09 14:35:00,1340.0,1340.0,1340.0,1340.0,0.0,0.0,6.0
2017-11-09 14:40:00,1340.0,1340.0,1340.0,1340.0,0.0,0.0,6.0
2017-11-09 14:45:00,1340.0,1340.0,1340.0,1340.0,0.0,0.0,6.0
2017-11-09 14:50:00,1340.0,1340.0,1340.0,1340.0,0.0,0.0,6.0
2017-11-09 14:55:00,1340.0,1340.0,1340.0,1340.0,0.0,0.0,6.0
2017-11-09 21:00:00,1340.0,1340.0,1340.0,1340.0,0.0,0.0,6.0
2017-11-09 21:05:00,1340.0,1340.0,1340.0,1340.0,0.0,0.0,6.0
2017-11-09 21:10:00,1340.0,1340.0,1340.0,1340.0,0.0,0.0,6.0
2017-11-09 21:15:00,1340.0,1340.0,1340.0,1340.0,0.0,0.0,6.0
2017-11-09 21:20:00,1340.0,1340.0,1340.0,1340.0,0.0,0.0,6.0
2017-11-09 21:25:00,1340.0,1340.0,1340.0,1340.0,0.0,0.0,6.0
2017-11-09 21:30:00,1340.0,1340.0,1340.0,1340.0,0.0,0.0,6.0
2017-11-09 21:35:00,1340.0,1340.0,1340.0,1340.0,0.0,0.0,6.0
2017-11-09 21:40:00,1340.0,1340.0,1340.0,1340.0,0.0,0.0,6.0
2017-11-09 21:45:00,1340.0,1340.0,1340.0,1340.0,0.0,0.0,6.0
2017-11-09 21:50:00,1340.0,1340.0,1340.0,1340.0,0.0,0.0,6.0
2017-11-09 21:55:00,1340.0,1340.0,1340.0,1340.0,0.0,0.0,6.0
2017-11-09 22:00:00,1340.0,1340.0,1340.0,1340.0,0.0,0.0,6.0
2017-11-09 22:05:00,1340.0,1340.0,1340.0,1340.0,0.0,0.0,6.0
2017-11-09 22:10:00,1340.0,1340.0,1340.0,1340.0,0.0,0.0,6.0
2017-11-09 22:15:00,1340.0,1340.0,1340.0,1340.0,0.0,0.0,6.0
2017-11-09 22:20:00,1340.0,1340.0,1340.0,1340.0,0.0,0.0,6.0
2017-11-09 22:25:00,1340.0,1340.0,1340.0,1340.0,0.0,0.0,6.0
2017-11-09 22:30:00,1340.0,1340.0,1340.0,1340.0,0.0,0.0,6.0
2017-11-09 22:35:00,1340.0,1340.0,1340.0,1340.0,0.0,0.0,6.0
2017-11-09 22:40:00,1340.0,1340.0,1340.0,1340.0,0.0,0.0,6.0
2017-11-09 22:45:00,1340.0,1340.0,1340.0,1340.0,0.0,0.0,6.0
2017-11-09 22:50:00,1340.0,1340.0,1340.0,1340.0,0.0,0.0,6.0
2017-11-09 22:55:00,1340.0,1340.0,1340.0,1340.0,0.0,0.0,6.0
2017-11-09 23:00:00,1340.0,1340.0,1340.0,1340.0,0.0,0.0,6.0
2017-11-09 23:05:00,1340.0,1340.0,1340.0,1340.0,0.0,0.0,6.0
2017-11-09 23:10:00,1340.0,1340.0,1340.0,1340.0,0.0,0.0,6.0
2017-11-09 23:15:00,1340.0,1340.0,1340.0,1340.0,0.0,0.0,6.0
2017-11-09 23:20:00,1340.0,1340.0,1340.0,1340.0,0.0,0.0,6.0
2017-11-09 23:25:00,1340.0,1340.0,1340.0,1340.0,0.0,0.0,6.0
2017-11-10 09:00:00,1340.0,1340.0,1340.0,1340.0,0.0,0.0,6.0
2017-11-10 09:05:00,1340.0,1340.0,1340.0,1340.0,0.0,0.0,6.0
2017-11-10 09:10:00,1340.0,1340.0,1340.0,1340.0,0.0,0.0,6.0
2017-11-10 09:15:00,1340.0,1340.0,1340.0,1340.0,0.0,0.0,6.0
2017-11-10 09:20:00,1340.0,1340.0,1340.0,1340.0,0.0,0.0,6.0
2017-11-10 09:25:00,1340.0,1340.0,1340.0,1340.0,0.0,0.0,6.0
2017-11-10 09:30:00,1340.0,1340.0,1340.0,1340.0,0.0,0.0,6.0
2017-11-10 09:35:00,1340.0,1340.0,1340.0,1340.0,0.0,0.0,6.0
2017-11-10 09:40:00,1340.0,1340.0,1340.0,1340.0,0.0,0.0,6.0
2017-11-10 09:45:00,1340.0,1340.0,1340.0,1340.0,0.0,0.0,6.0
2017-11-10 09:50:00,1340.0,1340.0,1340.0,1340.0,0.0,0.0,6.0
2017-11-10 09:55:00,1340.0,1340.0,1340.0,1340.0,0.0,0.0,6.0
2017-11-10 10:00:00,1340.0,1340.0,1340.0,1340.0,0.0,0.0,6.0
2017-11-10 10:05:00,1340.0,1340.0,1340.0,1340.0,0.0,0.0,6.0
2017-11-10 10:10:00,1340.0,1340.0,1340.0,1340.0,0.0,0.0,6.0
2017-11-10 10:30:00,1340.0,1340.0,1340.0,1340.0,0.0,0.0,6.0
2017-11-10 10:35:00,1340.0,1340.0,1340.0,1340.0,0.0,0.0,6.0
2017-11-10 10:40:00,1340.0,1340.0,1340.0,1340.0,0.0,0.0,6.0
2017-11-10 10:45:00,1340.0,1340.0,1340.0,1340.0,0.0,0.0,6.0
2017-11-10 10:50:00,1340.0,1340.0,1340.0,1340.0,0.0,0.0,6.0
2017-11-10 10:55:00,1340.0,1340.0,1340.0,1340.0,0.0,0.0,6.0
2017-11-10 11:00:00,1340.0,1340.0,1340.0,1340.0,0.0,0.0,6.0
2017-11-10 11:05:00,1340.0,1340.0,1340.0,1340.0,0.0,0.0,6.0
2017-11-10 11:10:00,1340.0,1340.0,1340.0,1340.0,0.0,0.0,6.0
2017-11-10 11:15:00,1340.0,1340.0,1340.0,1340.0,0.0,0.0,6.0
2017-11-10 11:20:00,1340.0,1340.0,1340.0,1340.0,0.0,0.0,6.0
2017-11-10 11:25:00,1340.0,1340.0,1340.0,1340.0,0.0,0.0,6.0
2017-11-10 13:30:00,1340.0,1388.0,1340.0,1388.0,2.0,55520.0,8.0
2017-11-10 13:35:00,1388.0,1388.0,1388.0,1388.0,0.0,0.0,8.0
2017-11-10 13:40:00,1388.0,1388.0,1388.0,1388.0,0.0,0.0,8.0
2017-11-10 13:45:00,1388.0,1388.0,1388.0,1388.0,0.0,0.0,8.0
2017-11-10 13:50:00,1388.0,1388.0,1388.0,1388.0,0.0,0.0,8.0
2017-11-10 13:55:00,1388.0,1388.0,1388.0,1388.0,0.0,0.0,8.0
2017-11-10 14:00:00,1388.0,1388.0,1388.0,1388.0,0.0,0.0,8.0
2017-11-10 14:05:00,1388.0,1388.0,1388.0,1388.0,0.0,0.0,8.0
2017-11-10 14:10:00,1388.0,1388.0,1388.0,1388.0,0.0,0.0,8.0
2017-11-10 14:15:00,1388.0,1388.0,1388.0,1388.0,0.0,0.0,8.0
2017-11-10 14:20:00,1388.0,1388.0,1388.0,1388.0,0.0,0.0,8.0
2017-11-10 14:25:00,1388.0,1388.0,1388.0,1388.0,0.0,0.0,8.0
2017-11-10 14:30:00,1388.0,1388.0,1388.0,1388.0,0.0,0.0,8.0
2017-11-10 14:35:00,1388.0,1388.0,1388.0,1388.0,0.0,0.0,8.0
2017-11-10 14:40:00,1388.0,1388.0,1388.0,1388.0,0.0,0.0,8.0
2017-11-10 14:45:00,1388.0,1388.0,1388.0,1388.0,0.0,0.0,8.0
2017-11-10 14:50:00,1388.0,1388.0,1388.0,1388.0,0.0,0.0,8.0
2017-11-10 14:55:00,1388.0,1388.0,1388.0,1388.0,0.0,0.0,8.0
2017-11-10 21:00:00,1388.0,1388.0,1388.0,1388.0,0.0,0.0,8.0
2017-11-10 21:05:00,1388.0,1388.0,1388.0,1388.0,0.0,0.0,8.0
2017-11-10 21:10:00,1388.0,1388.0,1388.0,1388.0,0.0,0.0,8.0
2017-11-10 21:15:00,1388.0,1388.0,1388.0,1388.0,0.0,0.0,8.0
2017-11-10 21:20:00,1388.0,1388.0,1388.0,1388.0,0.0,0.0,8.0
2017-11-10 21:25:00,1388.0,1388.0,1388.0,1388.0,0.0,0.0,8.0
2017-11-10 21:30:00,1388.0,1388.0,1388.0,1388.0,0.0,0.0,8.0
2017-11-10 21:35:00,1388.0,1388.0,1388.0,1388.0,0.0,0.0,8.0
2017-11-10 21:40:00,1388.0,1388.0,1388.0,1388.0,0.0,0.0,8.0
2017-11-10 21:45:00,1388.0,1388.0,1388.0,1388.0,0.0,0.0,8.0
2017-11-10 21:50:00,1388.0,1388.0,1388.0,1388.0,0.0,0.0,8.0
2017-11-10 21:55:00,1388.0,1388.0,1388.0,1388.0,0.0,0.0,8.0
2017-11-10 22:00:00,1388.0,1388.0,1388.0,1388.0,0.0,0.0,8.0
2017-11-10 22:05:00,1388.0,1388.0,1388.0,1388.0,0.0,0.0,8.0
2017-11-10 22:10:00,1388.0,1388.0,1388.0,1388.0,0.0,0.0,8.0
2017-11-10 22:15:00,1388.0,1388.0,1388.0,1388.0,0.0,0.0,8.0
2017-11-10 22:20:00,1388.0,1388.0,1388.0,1388.0,0.0,0.0,8.0
2017-11-10 22:25:00,1388.0,1388.0,1388.0,1388.0,0.0,0.0,8.0
2017-11-10 22:30:00,1388.0,1388.0,1388.0,1388.0,0.0,0.0,8.0
2017-11-10 22:35:00,1388.0,1388.0,1388.0,1388.0,0.0,0.0,8.0
2017-11-10 22:40:00,1388.0,1388.0,1388.0,1388.0,0.0,0.0,8.0
2017-11-10 22:45:00,1388.0,1388.0,1388.0,1388.0,0.0,0.0,8.0
2017-11-10 22:50:00,1388.0,1388.0,1388.0,1388.0,0.0,0.0,8.0
2017-11-10 22:55:00,1388.0,1388.0,1388.0,1388.0,0.0,0.0,8.0
2017-11-10 23:00:00,1388.0,1388.0,1388.0,1388.0,0.0,0.0,8.0
2017-11-10 23:05:00,1388.0,1388.0,1388.0,1388.0,0.0,0.0,8.0
2017-11-10 23:10:00,1388.0,1388.0,1388.0,1388.0,0.0,0.0,8.0
2017-11-10 23:15:00,1388.0,1388.0,1388.0,1388.0,0.0,0.0,8.0
2017-11-10 23:20:00,1388.0,1388.0,1388.0,1388.0,0.0,0.0,8.0
2017-11-10 23:25:00,1388.0,1388.0,1388.0,1388.0,0.0,0.0,8.0
2017-11-13 09:00:00,1388.0,1388.0,1388.0,1388.0,0.0,0.0,8.0
2017-11-13 09:05:00,1388.0,1388.0,1388.0,1388.0,0.0,0.0,8.0
2017-11-13 09:10:00,1388.0,1388.0,1388.0,1388.0,0.0,0.0,8.0
2017-11-13 09:15:00,1388.0,1388.0,1388.0,1388.0,0.0,0.0,8.0
2017-11-13 09:20:00,1388.0,1388.0,1388.0,1388.0,0.0,0.0,8.0
2017-11-13 09:25:00,1388.0,1388.0,1388.0,1388.0,0.0,0.0,8.0
2017-11-13 09:30:00,1388.0,1388.0,1388.0,1388.0,0.0,0.0,8.0
2017-11-13 09:35:00,1388.0,1388.0,1388.0,1388.0,0.0,0.0,8.0
2017-11-13 09:40:00,1388.0,1388.0,1388.0,1388.0,0.0,0.0,8.0
2017-11-13 09:45:00,1388.0,1388.0,1388.0,1388.0,0.0,0.0,8.0
2017-11-13 09:50:00,1388.0,1388.0,1388.0,1388.0,0.0,0.0,8.0
2017-11-13 09:55:00,1388.0,1388.0,1388.0,1388.0,0.0,0.0,8.0
2017-11-13 10:00:00,1388.0,1388.0,1388.0,1388.0,0.0,0.0,8.0
2017-11-13 10:05:00,1388.0,1388.0,1388.0,1388.0,0.0,0.0,8.0
2017-11-13 10:10:00,1388.0,1388.0,1388.0,1388.0,0.0,0.0,8.0
2017-11-13 10:30:00,1388.0,1388.0,1388.0,1388.0,0.0,0.0,8.0
2017-11-13 10:35:00,1388.0,1388.0,1388.0,1388.0,0.0,0.0,8.0
2017-11-13 10:40:00,1388.0,1388.0,1388.0,1388.0,0.0,0.0,8.0
2017-11-13 10:45:00,1388.0,1388.0,1388.0,1388.0,0.0,0.0,8.0
2017-11-13 10:50:00,1388.0,1388.0,1388.0,1388.0,0.0,0.0,8.0
2017-11-13 10:55:00,1388.0,1388.0,1388.0,1388.0,0.0,0.0,8.0
2017-11-13 11:00:00,1388.0,1388.0,1388.0,1388.0,0.0,0.0,8.0
2017-11-13 11:05:00,1388.0,1388.0,1388.0,1388.0,0.0,0.0,8.0
2017-11-13 11:10:00,1388.0,1388.0,1388.0,1388.0,0.0,0.0,8.0
2017-11-13 11:15:00,1388.0,1388.0,1388.0,1388.0,0.0,0.0,8.0
2017-11-13 11:20:00,1388.0,1388.0,1388.0,1388.0,0.0,0.0,8.0
2017-11-13 11:25:00,1388.0,1388.0,1388.0,1388.0,0.0,0.0,8.0
2017-11-13 13:30:00,1388.0,1388.0,1388.0,1388.0,0.0,0.0,8.0
2017-11-13 13:35:00,1388.0,1388.0,1388.0,1388.0,0.0,0.0,8.0
2017-11-13 13:40:00,1388.0,1388.0,1388.0,1388.0,0.0,0.0,8.0
2017-11-13 13:45:00,1388.0,1388.0,1388.0,1388.0,0.0,0.0,8.0
2017-11-13 13:50:00,1388.0,1388.0,1388.0,1388.0,0.0,0.0,8.0
2017-11-13 13:55:00,1388.0,1388.0,1388.0,1388.0,0.0,0.0,8.0
2017-11-13 14:00:00,1388.0,1388.0,1388.0,1388.0,0.0,0.0,8.0
2017-11-13 14:05:00,1388.0,1388.0,1388.0,1388.0,0.0,0.0,8.0
2017-11-13 14:10:00,1388.0,1388.0,1388.0,1388.0,0.0,0.0,8.0
2017-11-13 14:15:00,1388.0,1388.0,1388.0,1388.0,0.0,0.0,8.0
2017-11-13 14:20:00,1388.0,1388.0,1388.0,1388.0,0.0,0.0,8.0
2017-11-13 14:25:00,1388.0,1388.0,1388.0,1388.0,0.0,0.0,8.0
2017-11-13 14:30:00,1388.0,1388.0,1388.0,1388.0,0.0,0.0,8.0
2017-11-13 14:35:00,1388.0,1388.0,1388.0,1388.0,0.0,0.0,8.0
2017-11-13 14:40:00,1388.0,1388.0,1388.0,1388.0,0.0,0.0,8.0
2017-11-13 14:45:00,1388.0,1388.0,1388.0,1388.0,0.0,0.0,8.0
2017-11-13 14:50:00,1388.0,1388.0,1388.0,1388.0,0.0,0.0,8.0
2017-11-13 14:55:00,1388.0,1388.0,1388.0,1388.0,0.0,0.0,8.0
2017-11-13 21:00:00,1385.0,1385.0,1385.0,1385.0,0.0,0.0,8.0
2017-11-13 21:05:00,1385.0,1385.0,1385.0,1385.0,0.0,0.0,8.0
2017-11-13 21:10:00,1385.0,1385.0,1385.0,1385.0,0.0,0.0,8.0
2017-11-13 21:15:00,1385.0,1385.0,1385.0,1385.0,0.0,0.0,8.0
2017-11-13 21:20:00,1385.0,1385.0,1385.0,1385.0,0.0,0.0,8.0
2017-11-13 21:25:00,1385.0,1385.0,1385.0,1385.0,0.0,0.0,8.0
2017-11-13 21:30:00,1385.0,1385.0,1385.0,1385.0,0.0,0.0,8.0
2017-11-13 21:35:00,1385.0,1385.0,1385.0,1385.0,0.0,0.0,8.0
2017-11-13 21:40:00,1385.0,1385.0,1385.0,1385.0,0.0,0.0,8.0
2017-11-13 21:45:00,1385.0,1385.0,1385.0,1385.0,0.0,0.0,8.0
2017-11-13 21:50:00,1385.0,1385.0,1385.0,1385.0,0.0,0.0,8.0
2017-11-13 21:55:00,1385.0,1385.0,1385.0,1385.0,0.0,0.0,8.0
2017-11-13 22:00:00,1385.0,1385.0,1385.0,1385.0,0.0,0.0,8.0
2017-11-13 22:05:00,1385.0,1385.0,1385.0,1385.0,0.0,0.0,8.0
2017-11-13 22:10:00,1385.0,1385.0,1385.0,1385.0,0.0,0.0,8.0
2017-11-13 22:15:00,1385.0,1385.0,1385.0,1385.0,0.0,0.0,8.0
2017-11-13 22:20:00,1385.0,1385.0,1385.0,1385.0,0.0,0.0,8.0
2017-11-13 22:25:00,1385.0,1385.0,1385.0,1385.0,0.0,0.0,8.0
2017-11-13 22:30:00,1385.0,1385.0,1385.0,1385.0,0.0,0.0,8.0
2017-11-13 22:35:00,1385.0,1385.0,1385.0,1385.0,0.0,0.0,8.0
2017-11-13 22:40:00,1385.0,1385.0,1385.0,1385.0,0.0,0.0,8.0
2017-11-13 22:45:00,1385.0,1385.0,1385.0,1385.0,0.0,0.0,8.0
2017-11-13 22:50:00,1385.0,1385.0,1385.0,1385.0,0.0,0.0,8.0
2017-11-13 22:55:00,1385.0,1385.0,1385.0,1385.0,0.0,0.0,8.0
2017-11-13 23:00:00,1385.0,1385.0,1385.0,1385.0,0.0,0.0,8.0
2017-11-13 23:05:00,1385.0,1385.0,1385.0,1385.0,0.0,0.0,8.0
2017-11-13 23:10:00,1385.0,1385.0,1385.0,1385.0,0.0,0.0,8.0
2017-11-13 23:15:00,1385.0,1385.0,1385.0,1385.0,0.0,0.0,8.0
2017-11-13 23:20:00,1385.0,1385.0,1385.0,1385.0,0.0,0.0,8.0
2017-11-13 23:25:00,1385.0,1385.0,1385.0,1385.0,0.0,0.0,8.0
2017-11-14 09:00:00,1385.0,1385.0,1385.0,1385.0,0.0,0.0,8.0
2017-11-14 09:05:00,1385.0,1385.0,1385.0,1385.0,0.0,0.0,8.0
2017-11-14 09:10:00,1385.0,1385.0,1385.0,1385.0,0.0,0.0,8.0
2017-11-14 09:15:00,1385.0,1385.0,1385.0,1385.0,0.0,0.0,8.0
2017-11-14 09:20:00,1385.0,1385.0,1385.0,1385.0,0.0,0.0,8.0
2017-11-14 09:25:00,1385.0,1385.0,1385.0,1385.0,0.0,0.0,8.0
2017-11-14 09:30:00,1385.0,1385.0,1385.0,1385.0,0.0,0.0,8.0
2017-11-14 09:35:00,1385.0,1385.0,1385.0,1385.0,0.0,0.0,8.0
2017-11-14 09:40:00,1385.0,1385.0,1385.0,1385.0,0.0,0.0,8.0
2017-11-14 09:45:00,1385.0,1388.0,1385.0,1388.0,2.0,55520.0,6.0
2017-11-14 09:50:00,1388.0,1388.0,1388.0,1388.0,0.0,0.0,6.0
2017-11-14 09:55:00,1388.0,1388.0,1388.0,1388.0,0.0,0.0,6.0
2017-11-14 10:00:00,1388.0,1388.0,1388.0,1388.0,0.0,0.0,6.0
2017-11-14 10:05:00,1388.0,1388.0,1388.0,1388.0,0.0,0.0,6.0
2017-11-14 10:10:00,1388.0,1388.0,1388.0,1388.0,0.0,0.0,6.0
2017-11-14 10:30:00,1388.0,1388.0,1388.0,1388.0,0.0,0.0,6.0
2017-11-14 10:35:00,1388.0,1388.0,1388.0,1388.0,0.0,0.0,6.0
2017-11-14 10:40:00,1388.0,1388.0,1388.0,1388.0,0.0,0.0,6.0
2017-11-14 10:45:00,1388.0,1388.0,1388.0,1388.0,0.0,0.0,6.0
2017-11-14 10:50:00,1388.0,1388.0,1388.0,1388.0,0.0,0.0,6.0
2017-11-14 10:55:00,1388.0,1388.0,1388.0,1388.0,0.0,0.0,6.0
2017-11-14 11:00:00,1388.0,1388.0,1388.0,1388.0,0.0,0.0,6.0
2017-11-14 11:05:00,1388.0,1388.0,1388.0,1388.0,0.0,0.0,6.0
2017-11-14 11:10:00,1388.0,1388.0,1388.0,1388.0,0.0,0.0,6.0
2017-11-14 11:15:00,1388.0,1388.0,1388.0,1388.0,0.0,0.0,6.0
2017-11-14 11:20:00,1388.0,1388.0,1388.0,1388.0,0.0,0.0,6.0
2017-11-14 11:25:00,1388.0,1388.0,1388.0,1388.0,0.0,0.0,6.0
2017-11-14 13:30:00,1388.0,1388.0,1388.0,1388.0,0.0,0.0,6.0
2017-11-14 13:35:00,1388.0,1388.0,1388.0,1388.0,0.0,0.0,6.0
2017-11-14 13:40:00,1388.0,1388.0,1388.0,1388.0,0.0,0.0,6.0
2017-11-14 13:45:00,1388.0,1388.0,1388.0,1388.0,0.0,0.0,6.0
2017-11-14 13:50:00,1388.0,1388.0,1388.0,1388.0,0.0,0.0,6.0
2017-11-14 13:55:00,1388.0,1388.0,1388.0,1388.0,0.0,0.0,6.0
2017-11-14 14:00:00,1388.0,1388.0,1388.0,1388.0,0.0,0.0,6.0
2017-11-14 14:05:00,1388.0,1388.0,1388.0,1388.0,0.0,0.0,6.0
2017-11-14 14:10:00,1388.0,1388.0,1388.0,1388.0,0.0,0.0,6.0
2017-11-14 14:15:00,1388.0,1388.0,1388.0,1388.0,0.0,0.0,6.0
2017-11-14 14:20:00,1388.0,1388.0,1388.0,1388.0,0.0,0.0,6.0
2017-11-14 14:25:00,1388.0,1388.0,1388.0,1388.0,0.0,0.0,6.0
2017-11-14 14:30:00,1388.0,1388.0,1388.0,1388.0,0.0,0.0,6.0
2017-11-14 14:35:00,1388.0,1388.0,1388.0,1388.0,0.0,0.0,6.0
2017-11-14 14:40:00,1388.0,1388.0,1388.0,1388.0,0.0,0.0,6.0
2017-11-14 14:45:00,1388.0,1388.0,1388.0,1388.0,0.0,0.0,6.0
2017-11-14 14:50:00,1388.0,1388.0,1388.0,1388.0,0.0,0.0,6.0
2017-11-14 14:55:00,1388.0,1388.0,1388.0,1388.0,0.0,0.0,6.0
2017-11-14 21:00:00,1388.0,1388.0,1388.0,1388.0,0.0,0.0,6.0
2017-11-14 21:05:00,1388.0,1388.0,1388.0,1388.0,0.0,0.0,6.0
2017-11-14 21:10:00,1388.0,1388.0,1388.0,1388.0,0.0,0.0,6.0
2017-11-14 21:15:00,1388.0,1388.0,1388.0,1388.0,0.0,0.0,6.0
2017-11-14 21:20:00,1388.0,1388.0,1388.0,1388.0,0.0,0.0,6.0
2017-11-14 21:25:00,1388.0,1388.0,1388.0,1388.0,0.0,0.0,6.0
2017-11-14 21:30:00,1388.0,1388.0,1388.0,1388.0,0.0,0.0,6.0
2017-11-14 21:35:00,1388.0,1388.0,1388.0,1388.0,0.0,0.0,6.0
2017-11-14 21:40:00,1388.0,1388.0,1388.0,1388.0,0.0,0.0,6.0
2017-11-14 21:45:00,1388.0,1388.0,1388.0,1388.0,0.0,0.0,6.0
2017-11-14 21:50:00,1388.0,1388.0,1388.0,1388.0,0.0,0.0,6.0
2017-11-14 21:55:00,1388.0,1388.0,1388.0,1388.0,0.0,0.0,6.0
2017-11-14 22:00:00,1388.0,1388.0,1388.0,1388.0,0.0,0.0,6.0
2017-11-14 22:05:00,1388.0,1388.0,1388.0,1388.0,0.0,0.0,6.0
2017-11-14 22:10:00,1388.0,1388.0,1388.0,1388.0,0.0,0.0,6.0
2017-11-14 22:15:00,1388.0,1388.0,1388.0,1388.0,0.0,0.0,6.0
2017-11-14 22:20:00,1388.0,1388.0,1388.0,1388.0,0.0,0.0,6.0
2017-11-14 22:25:00,1388.0,1388.0,1388.0,1388.0,0.0,0.0,6.0
2017-11-14 22:30:00,1388.0,1388.0,1388.0,1388.0,0.0,0.0,6.0
2017-11-14 22:35:00,1388.0,1388.0,1388.0,1388.0,0.0,0.0,6.0
2017-11-14 22:40:00,1388.0,1388.0,1388.0,1388.0,0.0,0.0,6.0
2017-11-14 22:45:00,1388.0,1388.0,1388.0,1388.0,0.0,0.0,6.0
2017-11-14 22:50:00,1388.0,1388.0,1388.0,1388.0,0.0,0.0,6.0
2017-11-14 22:55:00,1388.0,1388.0,1388.0,1388.0,0.0,0.0,6.0
2017-11-14 23:00:00,1388.0,1388.0,1388.0,1388.0,0.0,0.0,6.0
2017-11-14 23:05:00,1388.0,1388.0,1388.0,1388.0,0.0,0.0,6.0
2017-11-14 23:10:00,1388.0,1388.0,1388.0,1388.0,0.0,0.0,6.0
2017-11-14 23:15:00,1388.0,1388.0,1388.0,1388.0,0.0,0.0,6.0
2017-11-14 23:20:00,1388.0,1388.0,1388.0,1388.0,0.0,0.0,6.0
2017-11-14 23:25:00,1388.0,1388.0,1388.0,1388.0,0.0,0.0,6.0
2017-11-15 09:00:00,1388.0,1388.0,1388.0,1388.0,0.0,0.0,6.0
2017-11-15 09:05:00,1388.0,1388.0,1388.0,1388.0,0.0,0.0,6.0
2017-11-15 09:10:00,1388.0,1388.0,1388.0,1388.0,0.0,0.0,6.0
2017-11-15 09:15:00,1388.0,1388.0,1388.0,1388.0,0.0,0.0,6.0
2017-11-15 09:20:00,1388.0,1388.0,1388.0,1388.0,0.0,0.0,6.0
2017-11-15 09:25:00,1388.0,1388.0,1388.0,1388.0,0.0,0.0,6.0
2017-11-15 09:30:00,1388.0,1388.0,1388.0,1388.0,0.0,0.0,6.0
2017-11-15 09:35:00,1388.0,1388.0,1388.0,1388.0,0.0,0.0,6.0
2017-11-15 09:40:00,1388.0,1388.0,1388.0,1388.0,0.0,0.0,6.0
2017-11-15 09:45:00,1388.0,1388.0,1388.0,1388.0,0.0,0.0,6.0
2017-11-15 09:50:00,1388.0,1388.0,1388.0,1388.0,0.0,0.0,6.0
2017-11-15 09:55:00,1388.0,1388.0,1388.0,1388.0,0.0,0.0,6.0
2017-11-15 10:00:00,1388.0,1388.0,1388.0,1388.0,0.0,0.0,6.0
2017-11-15 10:05:00,1388.0,1388.0,1388.0,1388.0,0.0,0.0,6.0
2017-11-15 10:10:00,1388.0,1388.0,1388.0,1388.0,0.0,0.0,6.0
2017-11-15 10:30:00,1388.0,1388.0,1388.0,1388.0,0.0,0.0,6.0
2017-11-15 10:35:00,1388.0,1388.0,1388.0,1388.0,0.0,0.0,6.0
2017-11-15 10:40:00,1388.0,1388.0,1388.0,1388.0,0.0,0.0,6.0
2017-11-15 10:45:00,1388.0,1388.0,1388.0,1388.0,0.0,0.0,6.0
2017-11-15 10:50:00,1388.0,1388.0,1388.0,1388.0,0.0,0.0,6.0
2017-11-15 10:55:00,1388.0,1388.0,1388.0,1388.0,0.0,0.0,6.0
2017-11-15 11:00:00,1388.0,1388.0,1388.0,1388.0,0.0,0.0,6.0
2017-11-15 11:05:00,1388.0,1388.0,1388.0,1388.0,0.0,0.0,6.0
2017-11-15 11:10:00,1388.0,1388.0,1388.0,1388.0,0.0,0.0,6.0
2017-11-15 11:15:00,1388.0,1388.0,1388.0,1388.0,0.0,0.0,6.0
2017-11-15 11:20:00,1388.0,1388.0,1388.0,1388.0,0.0,0.0,6.0
2017-11-15 11:25:00,1388.0,1388.0,1388.0,1388.0,0.0,0.0,6.0
2017-11-15 13:30:00,1388.0,1388.0,1388.0,1388.0,0.0,0.0,6.0
2017-11-15 13:35:00,1388.0,1388.0,1388.0,1388.0,0.0,0.0,6.0
2017-11-15 13:40:00,1388.0,1388.0,1388.0,1388.0,0.0,0.0,6.0
2017-11-15 13:45:00,1388.0,1388.0,1388.0,1388.0,0.0,0.0,6.0
2017-11-15 13:50:00,1388.0,1388.0,1388.0,1388.0,0.0,0.0,6.0
2017-11-15 13:55:00,1388.0,1388.0,1388.0,1388.0,0.0,0.0,6.0
2017-11-15 14:00:00,1388.0,1388.0,1388.0,1388.0,0.0,0.0,6.0
2017-11-15 14:05:00,1388.0,1388.0,1388.0,1388.0,0.0,0.0,6.0
2017-11-15 14:10:00,1388.0,1388.0,1388.0,1388.0,0.0,0.0,6.0
2017-11-15 14:15:00,1388.0,1388.0,1388.0,1388.0,0.0,0.0,6.0
2017-11-15 14:20:00,1388.0,1388.0,1388.0,1388.0,0.0,0.0,6.0
2017-11-15 14:25:00,1388.0,1388.0,1388.0,1388.0,0.0,0.0,6.0
2017-11-15 14:30:00,1388.0,1388.0,1388.0,1388.0,0.0,0.0,6.0
2017-11-15 14:35:00,1388.0,1388.0,1388.0,1388.0,0.0,0.0,6.0
2017-11-15 14:40:00,1388.0,1388.0,1388.0,1388.0,0.0,0.0,6.0
2017-11-15 14:45:00,1388.0,1388.0,1388.0,1388.0,0.0,0.0,6.0
2017-11-15 14:50:00,1388.0,1388.0,1388.0,1388.0,0.0,0.0,6.0
2017-11-15 14:55:00,1388.0,1388.0,1388.0,1388.0,0.0,0.0,6.0
2017-11-15 21:00:00,1375.0,1375.0,1375.0,1375.0,0.0,0.0,6.0
2017-11-15 21:05:00,1375.0,1375.0,1375.0,1375.0,0.0,0.0,6.0
2017-11-15 21:10:00,1375.0,1375.0,1375.0,1375.0,0.0,0.0,6.0
2017-11-15 21:15:00,1375.0,1375.0,1375.0,1375.0,0.0,0.0,6.0
2017-11-15 21:20:00,1375.0,1375.0,1375.0,1375.0,0.0,0.0,6.0
2017-11-15 21:25:00,1375.0,1375.0,1375.0,1375.0,0.0,0.0,6.0
2017-11-15 21:30:00,1375.0,1375.0,1375.0,1375.0,0.0,0.0,6.0
2017-11-15 21:35:00,1375.0,1375.0,1375.0,1375.0,0.0,0.0,6.0
2017-11-15 21:40:00,1375.0,1375.0,1375.0,1375.0,0.0,0.0,6.0
2017-11-15 21:45:00,1375.0,1375.0,1375.0,1375.0,0.0,0.0,6.0
2017-11-15 21:50:00,1375.0,1375.0,1375.0,1375.0,0.0,0.0,6.0
2017-11-15 21:55:00,1375.0,1375.0,1375.0,1375.0,0.0,0.0,6.0
2017-11-15 22:00:00,1375.0,1375.0,1375.0,1375.0,0.0,0.0,6.0
2017-11-15 22:05:00,1375.0,1375.0,1375.0,1375.0,0.0,0.0,6.0
2017-11-15 22:10:00,1375.0,1375.0,1375.0,1375.0,0.0,0.0,6.0
2017-11-15 22:15:00,1375.0,1375.0,1375.0,1375.0,0.0,0.0,6.0
2017-11-15 22:20:00,1375.0,1375.0,1375.0,1375.0,0.0,0.0,6.0
2017-11-15 22:25:00,1375.0,1375.0,1375.0,1375.0,0.0,0.0,6.0
2017-11-15 22:30:00,1375.0,1375.0,1375.0,1375.0,0.0,0.0,6.0
2017-11-15 22:35:00,1375.0,1375.0,1375.0,1375.0,0.0,0.0,6.0
2017-11-15 22:40:00,1375.0,1375.0,1375.0,1375.0,0.0,0.0,6.0
2017-11-15 22:45:00,1375.0,1375.0,1375.0,1375.0,0.0,0.0,6.0
2017-11-15 22:50:00,1375.0,1375.0,1375.0,1375.0,0.0,0.0,6.0
2017-11-15 22:55:00,1375.0,1375.0,1375.0,1375.0,0.0,0.0,6.0
2017-11-15 23:00:00,1375.0,1375.0,1375.0,1375.0,0.0,0.0,6.0
2017-11-15 23:05:00,1375.0,1375.0,1375.0,1375.0,0.0,0.0,6.0
2017-11-15 23:10:00,1375.0,1375.0,1375.0,1375.0,0.0,0.0,6.0
2017-11-15 23:15:00,1375.0,1375.0,1375.0,1375.0,0.0,0.0,6.0
2017-11-15 23:20:00,1375.0,1375.0,1375.0,1375.0,0.0,0.0,6.0
2017-11-15 23:25:00,1375.0,1375.0,1375.0,1375.0,0.0,0.0,6.0
2017-11-16 09:00:00,1375.0,1375.0,1375.0,1375.0,0.0,0.0,6.0
2017-11-16 09:05:00,1375.0,1375.0,1375.0,1375.0,0.0,0.0,6.0
2017-11-16 09:10:00,1375.0,1375.0,1375.0,1375.0,0.0,0.0,6.0
2017-11-16 09:15:00,1375.0,1375.0,1375.0,1375.0,0.0,0.0,6.0
2017-11-16 09:20:00,1375.0,1375.0,1375.0,1375.0,0.0,0.0,6.0
2017-11-16 09:25:00,1375.0,1375.0,1375.0,1375.0,0.0,0.0,6.0
2017-11-16 09:30:00,1375.0,1375.0,1375.0,1375.0,0.0,0.0,6.0
2017-11-16 09:35:00,1375.0,1375.0,1375.0,1375.0,0.0,0.0,6.0
2017-11-16 09:40:00,1375.0,1375.0,1375.0,1375.0,0.0,0.0,6.0
2017-11-16 09:45:00,1375.0,1375.0,1375.0,1375.0,0.0,0.0,6.0
2017-11-16 09:50:00,1375.0,1375.0,1375.0,1375.0,0.0,0.0,6.0
2017-11-16 09:55:00,1375.0,1375.0,1375.0,1375.0,0.0,0.0,6.0
2017-11-16 10:00:00,1375.0,1375.0,1375.0,1375.0,0.0,0.0,6.0
2017-11-16 10:05:00,1375.0,1375.0,1375.0,1375.0,0.0,0.0,6.0
2017-11-16 10:10:00,1375.0,1375.0,1375.0,1375.0,0.0,0.0,6.0
2017-11-16 10:30:00,1375.0,1375.0,1375.0,1375.0,0.0,0.0,6.0
2017-11-16 10:35:00,1375.0,1375.0,1375.0,1375.0,0.0,0.0,6.0
2017-11-16 10:40:00,1375.0,1375.0,1375.0,1375.0,0.0,0.0,6.0
2017-11-16 10:45:00,1375.0,1375.0,1375.0,1375.0,0.0,0.0,6.0
2017-11-16 10:50:00,1375.0,1375.0,1375.0,1375.0,0.0,0.0,6.0
2017-11-16 10:55:00,1375.0,1375.0,1375.0,1375.0,0.0,0.0,6.0
2017-11-16 11:00:00,1375.0,1375.0,1375.0,1375.0,0.0,0.0,6.0
2017-11-16 11:05:00,1375.0,1375.0,1375.0,1375.0,0.0,0.0,6.0
2017-11-16 11:10:00,1375.0,1375.0,1375.0,1375.0,0.0,0.0,6.0
2017-11-16 11:15:00,1375.0,1375.0,1375.0,1375.0,0.0,0.0,6.0
2017-11-16 11:20:00,1375.0,1375.0,1375.0,1375.0,0.0,0.0,6.0
2017-11-16 11:25:00,1375.0,1375.0,1375.0,1375.0,0.0,0.0,6.0
2017-11-16 13:30:00,1375.0,1375.0,1375.0,1375.0,0.0,0.0,6.0
2017-11-16 13:35:00,1375.0,1375.0,1375.0,1375.0,0.0,0.0,6.0
2017-11-16 13:40:00,1375.0,1375.0,1375.0,1375.0,0.0,0.0,6.0
2017-11-16 13:45:00,1375.0,1375.0,1375.0,1375.0,0.0,0.0,6.0
2017-11-16 13:50:00,1375.0,1375.0,1375.0,1375.0,0.0,0.0,6.0
2017-11-16 13:55:00,1375.0,1375.0,1375.0,1375.0,0.0,0.0,6.0
2017-11-16 14:00:00,1375.0,1375.0,1375.0,1375.0,0.0,0.0,6.0
2017-11-16 14:05:00,1375.0,1375.0,1375.0,1375.0,0.0,0.0,6.0
2017-11-16 14:10:00,1375.0,1375.0,1375.0,1375.0,0.0,0.0,6.0
2017-11-16 14:15:00,1375.0,1375.0,1375.0,1375.0,0.0,0.0,6.0
2017-11-16 14:20:00,1375.0,1375.0,1375.0,1375.0,0.0,0.0,6.0
2017-11-16 14:25:00,1375.0,1375.0,1375.0,1375.0,0.0,0.0,6.0
2017-11-16 14:30:00,1375.0,1375.0,1375.0,1375.0,0.0,0.0,6.0
2017-11-16 14:35:00,1375.0,1375.0,1375.0,1375.0,0.0,0.0,6.0
2017-11-16 14:40:00,1375.0,1375.0,1375.0,1375.0,0.0,0.0,6.0
2017-11-16 14:45:00,1375.0,1375.0,1375.0,1375.0,0.0,0.0,6.0
2017-11-16 14:50:00,1375.0,1375.0,1375.0,1375.0,0.0,0.0,6.0
2017-11-16 14:55:00,1375.0,1375.0,1375.0,1375.0,0.0,0.0,6.0
2017-11-16 21:00:00,1375.0,1375.0,1375.0,1375.0,0.0,0.0,6.0
2017-11-16 21:05:00,1375.0,1375.0,1375.0,1375.0,0.0,0.0,6.0
2017-11-16 21:10:00,1375.0,1375.0,1375.0,1375.0,0.0,0.0,6.0
2017-11-16 21:15:00,1375.0,1375.0,1375.0,1375.0,0.0,0.0,6.0
2017-11-16 21:20:00,1375.0,1375.0,1375.0,1375.0,0.0,0.0,6.0
2017-11-16 21:25:00,1375.0,1375.0,1375.0,1375.0,0.0,0.0,6.0
2017-11-16 21:30:00,1375.0,1375.0,1375.0,1375.0,0.0,0.0,6.0
2017-11-16 21:35:00,1375.0,1375.0,1375.0,1375.0,0.0,0.0,6.0
2017-11-16 21:40:00,1375.0,1375.0,1375.0,1375.0,0.0,0.0,6.0
2017-11-16 21:45:00,1375.0,1375.0,1375.0,1375.0,0.0,0.0,6.0
2017-11-16 21:50:00,1375.0,1375.0,1375.0,1375.0,0.0,0.0,6.0
2017-11-16 21:55:00,1375.0,1375.0,1375.0,1375.0,0.0,0.0,6.0
2017-11-16 22:00:00,1375.0,1375.0,1375.0,1375.0,0.0,0.0,6.0
2017-11-16 22:05:00,1375.0,1375.0,1375.0,1375.0,0.0,0.0,6.0
2017-11-16 22:10:00,1375.0,1375.0,1375.0,1375.0,0.0,0.0,6.0
2017-11-16 22:15:00,1375.0,1375.0,1375.0,1375.0,0.0,0.0,6.0
2017-11-16 22:20:00,1375.0,1375.0,1375.0,1375.0,0.0,0.0,6.0
2017-11-16 22:25:00,1375.0,1375.0,1375.0,1375.0,0.0,0.0,6.0
2017-11-16 22:30:00,1375.0,1375.0,1375.0,1375.0,0.0,0.0,6.0
2017-11-16 22:35:00,1375.0,1375.0,1375.0,1375.0,0.0,0.0,6.0
2017-11-16 22:40:00,1375.0,1375.0,1375.0,1375.0,0.0,0.0,6.0
2017-11-16 22:45:00,1375.0,1375.0,1375.0,1375.0,0.0,0.0,6.0
2017-11-16 22:50:00,1375.0,1375.0,1375.0,1375.0,0.0,0.0,6.0
2017-11-16 22:55:00,1375.0,1375.0,1375.0,1375.0,0.0,0.0,6.0
2017-11-16 23:00:00,1375.0,1375.0,1375.0,1375.0,0.0,0.0,6.0
2017-11-16 23:05:00,1375.0,1375.0,1375.0,1375.0,0.0,0.0,6.0
2017-11-16 23:10:00,1375.0,1375.0,1375.0,1375.0,0.0,0.0,6.0
2017-11-16 23:15:00,1375.0,1375.0,1375.0,1375.0,0.0,0.0,6.0
2017-11-16 23:20:00,1375.0,1375.0,1375.0,1375.0,0.0,0.0,6.0
2017-11-16 23:25:00,1375.0,1375.0,1375.0,1375.0,0.0,0.0,6.0
2017-11-17 09:00:00,1380.0,1380.0,1380.0,1380.0,2.0,55200.0,6.0
2017-11-17 09:05:00,1380.0,1380.0,1380.0,1380.0,0.0,0.0,6.0
2017-11-17 09:10:00,1380.0,1380.0,1380.0,1380.0,0.0,0.0,6.0
2017-11-17 09:15:00,1380.0,1380.0,1380.0,1380.0,0.0,0.0,6.0
2017-11-17 09:20:00,1380.0,1380.0,1380.0,1380.0,0.0,0.0,6.0
2017-11-17 09:25:00,1380.0,1380.0,1380.0,1380.0,0.0,0.0,6.0
2017-11-17 09:30:00,1380.0,1380.0,1380.0,1380.0,0.0,0.0,6.0
2017-11-17 09:35:00,1380.0,1380.0,1380.0,1380.0,0.0,0.0,6.0
2017-11-17 09:40:00,1380.0,1380.0,1380.0,1380.0,0.0,0.0,6.0
2017-11-17 09:45:00,1380.0,1380.0,1380.0,1380.0,0.0,0.0,6.0
2017-11-17 09:50:00,1380.0,1380.0,1380.0,1380.0,0.0,0.0,6.0
2017-11-17 09:55:00,1380.0,1380.0,1380.0,1380.0,0.0,0.0,6.0
2017-11-17 10:00:00,1380.0,1380.0,1380.0,1380.0,0.0,0.0,6.0
2017-11-17 10:05:00,1380.0,1380.0,1380.0,1380.0,0.0,0.0,6.0
2017-11-17 10:10:00,1380.0,1380.0,1380.0,1380.0,0.0,0.0,6.0
2017-11-17 10:30:00,1380.0,1380.0,1380.0,1380.0,0.0,0.0,6.0
2017-11-17 10:35:00,1380.0,1380.0,1380.0,1380.0,0.0,0.0,6.0
2017-11-17 10:40:00,1380.0,1380.0,1380.0,1380.0,0.0,0.0,6.0
2017-11-17 10:45:00,1380.0,1380.0,1380.0,1380.0,0.0,0.0,6.0
2017-11-17 10:50:00,1380.0,1380.0,1380.0,1380.0,0.0,0.0,6.0
2017-11-17 10:55:00,1380.0,1380.0,1380.0,1380.0,0.0,0.0,6.0
2017-11-17 11:00:00,1380.0,1380.0,1380.0,1380.0,0.0,0.0,6.0
2017-11-17 11:05:00,1380.0,1380.0,1380.0,1380.0,0.0,0.0,6.0
2017-11-17 11:10:00,1380.0,1380.0,1380.0,1380.0,0.0,0.0,6.0
2017-11-17 11:15:00,1380.0,1380.0,1380.0,1380.0,0.0,0.0,6.0
2017-11-17 11:20:00,1380.0,1380.0,1380.0,1380.0,0.0,0.0,6.0
2017-11-17 11:25:00,1380.0,1380.0,1380.0,1380.0,0.0,0.0,6.0
2017-11-17 13:30:00,1380.0,1380.0,1380.0,1380.0,0.0,0.0,6.0
2017-11-17 13:35:00,1380.0,1380.0,1380.0,1380.0,0.0,0.0,6.0
2017-11-17 13:40:00,1380.0,1380.0,1380.0,1380.0,0.0,0.0,6.0
2017-11-17 13:45:00,1380.0,1380.0,1380.0,1380.0,0.0,0.0,6.0
2017-11-17 13:50:00,1380.0,1380.0,1380.0,1380.0,0.0,0.0,6.0
2017-11-17 13:55:00,1380.0,1380.0,1380.0,1380.0,0.0,0.0,6.0
2017-11-17 14:00:00,1380.0,1380.0,1380.0,1380.0,0.0,0.0,6.0
2017-11-17 14:05:00,1380.0,1380.0,1380.0,1380.0,0.0,0.0,6.0
2017-11-17 14:10:00,1380.0,1380.0,1380.0,1380.0,0.0,0.0,6.0
2017-11-17 14:15:00,1380.0,1380.0,1380.0,1380.0,0.0,0.0,6.0
2017-11-17 14:20:00,1380.0,1380.0,1380.0,1380.0,0.0,0.0,6.0
2017-11-17 14:25:00,1380.0,1380.0,1380.0,1380.0,0.0,0.0,6.0
2017-11-17 14:30:00,1380.0,1380.0,1380.0,1380.0,0.0,0.0,6.0
2017-11-17 14:35:00,1380.0,1380.0,1380.0,1380.0,0.0,0.0,6.0
2017-11-17 14:40:00,1380.0,1380.0,1380.0,1380.0,0.0,0.0,6.0
2017-11-17 14:45:00,1380.0,1380.0,1380.0,1380.0,0.0,0.0,6.0
2017-11-17 14:50:00,1380.0,1380.0,1380.0,1380.0,0.0,0.0,6.0
2017-11-17 14:55:00,1380.0,1380.0,1380.0,1380.0,0.0,0.0,6.0
2017-11-17 21:00:00,1380.0,1380.0,1380.0,1380.0,0.0,0.0,6.0
2017-11-17 21:05:00,1380.0,1380.0,1380.0,1380.0,0.0,0.0,6.0
2017-11-17 21:10:00,1380.0,1380.0,1380.0,1380.0,0.0,0.0,6.0
2017-11-17 21:15:00,1380.0,1380.0,1380.0,1380.0,0.0,0.0,6.0
2017-11-17 21:20:00,1380.0,1380.0,1380.0,1380.0,0.0,0.0,6.0
2017-11-17 21:25:00,1380.0,1380.0,1380.0,1380.0,0.0,0.0,6.0
2017-11-17 21:30:00,1380.0,1380.0,1380.0,1380.0,0.0,0.0,6.0
2017-11-17 21:35:00,1380.0,1380.0,1380.0,1380.0,0.0,0.0,6.0
2017-11-17 21:40:00,1380.0,1380.0,1380.0,1380.0,0.0,0.0,6.0
2017-11-17 21:45:00,1380.0,1380.0,1380.0,1380.0,0.0,0.0,6.0
2017-11-17 21:50:00,1380.0,1380.0,1380.0,1380.0,0.0,0.0,6.0
2017-11-17 21:55:00,1380.0,1380.0,1380.0,1380.0,0.0,0.0,6.0
2017-11-17 22:00:00,1380.0,1380.0,1380.0,1380.0,0.0,0.0,6.0
2017-11-17 22:05:00,1380.0,1380.0,1380.0,1380.0,0.0,0.0,6.0
2017-11-17 22:10:00,1380.0,1380.0,1380.0,1380.0,0.0,0.0,6.0
2017-11-17 22:15:00,1380.0,1380.0,1380.0,1380.0,0.0,0.0,6.0
2017-11-17 22:20:00,1380.0,1380.0,1380.0,1380.0,0.0,0.0,6.0
2017-11-17 22:25:00,1380.0,1380.0,1380.0,1380.0,0.0,0.0,6.0
2017-11-17 22:30:00,1380.0,1380.0,1380.0,1380.0,0.0,0.0,6.0
2017-11-17 22:35:00,1380.0,1380.0,1380.0,1380.0,0.0,0.0,6.0
2017-11-17 22:40:00,1380.0,1380.0,1380.0,1380.0,0.0,0.0,6.0
2017-11-17 22:45:00,1380.0,1380.0,1380.0,1380.0,0.0,0.0,6.0
2017-11-17 22:50:00,1380.0,1380.0,1380.0,1380.0,0.0,0.0,6.0
2017-11-17 22:55:00,1380.0,1380.0,1380.0,1380.0,0.0,0.0,6.0
2017-11-17 23:00:00,1380.0,1380.0,1380.0,1380.0,0.0,0.0,6.0
2017-11-17 23:05:00,1380.0,1380.0,1380.0,1380.0,0.0,0.0,6.0
2017-11-17 23:10:00,1380.0,1380.0,1380.0,1380.0,0.0,0.0,6.0
2017-11-17 23:15:00,1380.0,1380.0,1380.0,1380.0,0.0,0.0,6.0
2017-11-17 23:20:00,1380.0,1380.0,1380.0,1380.0,0.0,0.0,6.0
2017-11-17 23:25:00,1380.0,1380.0,1380.0,1380.0,0.0,0.0,6.0
2017-11-20 09:00:00,1380.0,1380.0,1380.0,1380.0,0.0,0.0,6.0
2017-11-20 09:05:00,1380.0,1380.0,1380.0,1380.0,0.0,0.0,6.0
2017-11-20 09:10:00,1380.0,1380.0,1380.0,1380.0,0.0,0.0,6.0
2017-11-20 09:15:00,1380.0,1380.0,1380.0,1380.0,0.0,0.0,6.0
2017-11-20 09:20:00,1380.0,1380.0,1380.0,1380.0,0.0,0.0,6.0
2017-11-20 09:25:00,1380.0,1380.0,1380.0,1380.0,0.0,0.0,6.0
2017-11-20 09:30:00,1380.0,1380.0,1380.0,1380.0,0.0,0.0,6.0
2017-11-20 09:35:00,1380.0,1380.0,1380.0,1380.0,0.0,0.0,6.0
2017-11-20 09:40:00,1380.0,1380.0,1380.0,1380.0,0.0,0.0,6.0
2017-11-20 09:45:00,1380.0,1380.0,1380.0,1380.0,0.0,0.0,6.0
2017-11-20 09:50:00,1380.0,1380.0,1380.0,1380.0,0.0,0.0,6.0
2017-11-20 09:55:00,1380.0,1380.0,1380.0,1380.0,0.0,0.0,6.0
2017-11-20 10:00:00,1380.0,1380.0,1380.0,1380.0,0.0,0.0,6.0
2017-11-20 10:05:00,1380.0,1380.0,1380.0,1380.0,0.0,0.0,6.0
2017-11-20 10:10:00,1380.0,1380.0,1380.0,1380.0,0.0,0.0,6.0
2017-11-20 10:30:00,1380.0,1380.0,1380.0,1380.0,0.0,0.0,6.0
2017-11-20 10:35:00,1380.0,1380.0,1380.0,1380.0,0.0,0.0,6.0
2017-11-20 10:40:00,1380.0,1380.0,1380.0,1380.0,0.0,0.0,6.0
2017-11-20 10:45:00,1380.0,1380.0,1380.0,1380.0,0.0,0.0,6.0
2017-11-20 10:50:00,1380.0,1380.0,1380.0,1380.0,0.0,0.0,6.0
2017-11-20 10:55:00,1380.0,1380.0,1380.0,1380.0,0.0,0.0,6.0
2017-11-20 11:00:00,1380.0,1380.0,1380.0,1380.0,0.0,0.0,6.0
2017-11-20 11:05:00,1380.0,1380.0,1380.0,1380.0,0.0,0.0,6.0
2017-11-20 11:10:00,1380.0,1380.0,1380.0,1380.0,0.0,0.0,6.0
2017-11-20 11:15:00,1380.0,1380.0,1380.0,1380.0,0.0,0.0,6.0
2017-11-20 11:20:00,1380.0,1386.0,1380.0,1386.0,2.0,55440.0,6.0
2017-11-20 11:25:00,1386.0,1386.0,1386.0,1386.0,0.0,0.0,6.0
2017-11-20 13:30:00,1386.0,1386.0,1381.0,1381.0,2.0,55280.0,8.0
2017-11-20 13:35:00,1381.0,1381.0,1381.0,1381.0,0.0,0.0,8.0
2017-11-20 13:40:00,1381.0,1381.0,1381.0,1381.0,0.0,0.0,8.0
2017-11-20 13:45:00,1381.0,1381.0,1381.0,1381.0,0.0,0.0,8.0
2017-11-20 13:50:00,1381.0,1381.0,1381.0,1381.0,0.0,0.0,8.0
2017-11-20 13:55:00,1381.0,1381.0,1381.0,1381.0,0.0,0.0,8.0
2017-11-20 14:00:00,1406.0,1406.0,1406.0,1406.0,2.0,56200.0,6.0
2017-11-20 14:05:00,1406.0,1406.0,1406.0,1406.0,0.0,0.0,6.0
2017-11-20 14:10:00,1406.0,1406.0,1406.0,1406.0,0.0,0.0,6.0
2017-11-20 14:15:00,1406.0,1406.0,1406.0,1406.0,0.0,0.0,6.0
2017-11-20 14:20:00,1406.0,1406.0,1406.0,1406.0,0.0,0.0,6.0
2017-11-20 14:25:00,1406.0,1406.0,1406.0,1406.0,0.0,0.0,6.0
2017-11-20 14:30:00,1406.0,1406.0,1406.0,1406.0,0.0,0.0,6.0
2017-11-20 14:35:00,1406.0,1406.0,1406.0,1406.0,0.0,0.0,6.0
2017-11-20 14:40:00,1406.0,1406.0,1406.0,1406.0,0.0,0.0,6.0
2017-11-20 14:45:00,1406.0,1406.0,1406.0,1406.0,0.0,0.0,6.0
2017-11-20 14:50:00,1406.0,1406.0,1406.0,1406.0,0.0,0.0,6.0
2017-11-20 14:55:00,1406.0,1406.0,1406.0,1406.0,0.0,0.0,6.0
2017-11-20 21:00:00,1391.0,1391.0,1391.0,1391.0,0.0,0.0,6.0
2017-11-20 21:05:00,1391.0,1391.0,1391.0,1391.0,0.0,0.0,6.0
2017-11-20 21:10:00,1391.0,1391.0,1391.0,1391.0,0.0,0.0,6.0
2017-11-20 21:15:00,1391.0,1391.0,1391.0,1391.0,0.0,0.0,6.0
2017-11-20 21:20:00,1391.0,1391.0,1391.0,1391.0,0.0,0.0,6.0
2017-11-20 21:25:00,1391.0,1391.0,1391.0,1391.0,0.0,0.0,6.0
2017-11-20 21:30:00,1391.0,1391.0,1391.0,1391.0,0.0,0.0,6.0
2017-11-20 21:35:00,1391.0,1391.0,1391.0,1391.0,0.0,0.0,6.0
2017-11-20 21:40:00,1391.0,1391.0,1391.0,1391.0,0.0,0.0,6.0
2017-11-20 21:45:00,1391.0,1391.0,1391.0,1391.0,0.0,0.0,6.0
2017-11-20 21:50:00,1391.0,1391.0,1391.0,1391.0,0.0,0.0,6.0
2017-11-20 21:55:00,1391.0,1391.0,1391.0,1391.0,0.0,0.0,6.0
2017-11-20 22:00:00,1391.0,1391.0,1391.0,1391.0,0.0,0.0,6.0
2017-11-20 22:05:00,1391.0,1391.0,1391.0,1391.0,0.0,0.0,6.0
2017-11-20 22:10:00,1391.0,1391.0,1391.0,1391.0,0.0,0.0,6.0
2017-11-20 22:15:00,1391.0,1391.0,1391.0,1391.0,0.0,0.0,6.0
2017-11-20 22:20:00,1391.0,1391.0,1391.0,1391.0,0.0,0.0,6.0
2017-11-20 22:25:00,1391.0,1391.0,1391.0,1391.0,0.0,0.0,6.0
2017-11-20 22:30:00,1391.0,1391.0,1391.0,1391.0,0.0,0.0,6.0
2017-11-20 22:35:00,1391.0,1391.0,1391.0,1391.0,0.0,0.0,6.0
2017-11-20 22:40:00,1391.0,1391.0,1391.0,1391.0,0.0,0.0,6.0
2017-11-20 22:45:00,1391.0,1391.0,1391.0,1391.0,0.0,0.0,6.0
2017-11-20 22:50:00,1391.0,1391.0,1391.0,1391.0,0.0,0.0,6.0
2017-11-20 22:55:00,1391.0,1391.0,1391.0,1391.0,0.0,0.0,6.0
2017-11-20 23:00:00,1391.0,1391.0,1391.0,1391.0,0.0,0.0,6.0
2017-11-20 23:05:00,1391.0,1391.0,1391.0,1391.0,0.0,0.0,6.0
2017-11-20 23:10:00,1391.0,1391.0,1391.0,1391.0,0.0,0.0,6.0
2017-11-20 23:15:00,1391.0,1391.0,1391.0,1391.0,0.0,0.0,6.0
2017-11-20 23:20:00,1391.0,1391.0,1391.0,1391.0,0.0,0.0,6.0
2017-11-20 23:25:00,1391.0,1391.0,1391.0,1391.0,0.0,0.0,6.0
2017-11-21 09:00:00,1391.0,1391.0,1391.0,1391.0,0.0,0.0,6.0
2017-11-21 09:05:00,1391.0,1391.0,1391.0,1391.0,0.0,0.0,6.0
2017-11-21 09:10:00,1391.0,1391.0,1391.0,1391.0,0.0,0.0,6.0
2017-11-21 09:15:00,1391.0,1391.0,1391.0,1391.0,0.0,0.0,6.0
2017-11-21 09:20:00,1391.0,1391.0,1391.0,1391.0,0.0,0.0,6.0
2017-11-21 09:25:00,1391.0,1391.0,1391.0,1391.0,0.0,0.0,6.0
2017-11-21 09:30:00,1391.0,1391.0,1391.0,1391.0,0.0,0.0,6.0
2017-11-21 09:35:00,1391.0,1391.0,1391.0,1391.0,0.0,0.0,6.0
2017-11-21 09:40:00,1391.0,1391.0,1391.0,1391.0,0.0,0.0,6.0
2017-11-21 09:45:00,1391.0,1391.0,1391.0,1391.0,0.0,0.0,6.0
2017-11-21 09:50:00,1391.0,1391.0,1391.0,1391.0,0.0,0.0,6.0
2017-11-21 09:55:00,1391.0,1391.0,1391.0,1391.0,0.0,0.0,6.0
2017-11-21 10:00:00,1391.0,1391.0,1391.0,1391.0,0.0,0.0,6.0
2017-11-21 10:05:00,1391.0,1391.0,1391.0,1391.0,0.0,0.0,6.0
2017-11-21 10:10:00,1391.0,1391.0,1391.0,1391.0,0.0,0.0,6.0
2017-11-21 10:30:00,1391.0,1391.0,1391.0,1391.0,0.0,0.0,6.0
2017-11-21 10:35:00,1391.0,1391.0,1391.0,1391.0,0.0,0.0,6.0
2017-11-21 10:40:00,1391.0,1391.0,1391.0,1391.0,0.0,0.0,6.0
2017-11-21 10:45:00,1391.0,1391.0,1391.0,1391.0,0.0,0.0,6.0
2017-11-21 10:50:00,1391.0,1391.0,1391.0,1391.0,0.0,0.0,6.0
2017-11-21 10:55:00,1391.0,1391.0,1391.0,1391.0,0.0,0.0,6.0
2017-11-21 11:00:00,1391.0,1391.0,1391.0,1391.0,0.0,0.0,6.0
2017-11-21 11:05:00,1391.0,1391.0,1391.0,1391.0,0.0,0.0,6.0
2017-11-21 11:10:00,1391.0,1391.0,1391.0,1391.0,0.0,0.0,6.0
2017-11-21 11:15:00,1391.0,1391.0,1391.0,1391.0,0.0,0.0,6.0
2017-11-21 11:20:00,1391.0,1391.0,1391.0,1391.0,0.0,0.0,6.0
2017-11-21 11:25:00,1391.0,1391.0,1391.0,1391.0,0.0,0.0,6.0
2017-11-21 13:30:00,1391.0,1391.0,1391.0,1391.0,0.0,0.0,6.0
2017-11-21 13:35:00,1391.0,1391.0,1391.0,1391.0,0.0,0.0,6.0
2017-11-21 13:40:00,1391.0,1391.0,1391.0,1391.0,0.0,0.0,6.0
2017-11-21 13:45:00,1391.0,1391.0,1391.0,1391.0,0.0,0.0,6.0
2017-11-21 13:50:00,1391.0,1391.0,1391.0,1391.0,0.0,0.0,6.0
2017-11-21 13:55:00,1391.0,1391.0,1391.0,1391.0,0.0,0.0,6.0
2017-11-21 14:00:00,1391.0,1391.0,1391.0,1391.0,0.0,0.0,6.0
2017-11-21 14:05:00,1391.0,1391.0,1391.0,1391.0,0.0,0.0,6.0
2017-11-21 14:10:00,1391.0,1391.0,1391.0,1391.0,0.0,0.0,6.0
2017-11-21 14:15:00,1391.0,1391.0,1391.0,1391.0,0.0,0.0,6.0
2017-11-21 14:20:00,1391.0,1391.0,1391.0,1391.0,0.0,0.0,6.0
2017-11-21 14:25:00,1391.0,1391.0,1391.0,1391.0,0.0,0.0,6.0
2017-11-21 14:30:00,1391.0,1391.0,1391.0,1391.0,0.0,0.0,6.0
2017-11-21 14:35:00,1391.0,1391.0,1391.0,1391.0,0.0,0.0,6.0
2017-11-21 14:40:00,1391.0,1391.0,1391.0,1391.0,0.0,0.0,6.0
2017-11-21 14:45:00,1391.0,1391.0,1391.0,1391.0,0.0,0.0,6.0
2017-11-21 14:50:00,1391.0,1391.0,1391.0,1391.0,0.0,0.0,6.0
2017-11-21 14:55:00,1391.0,1391.0,1391.0,1391.0,0.0,0.0,6.0
2017-11-21 21:00:00,1422.0,1422.0,1422.0,1422.0,0.0,0.0,6.0
2017-11-21 21:05:00,1422.0,1422.0,1422.0,1422.0,0.0,0.0,6.0
2017-11-21 21:10:00,1422.0,1422.0,1422.0,1422.0,0.0,0.0,6.0
2017-11-21 21:15:00,1422.0,1422.0,1422.0,1422.0,0.0,0.0,6.0
2017-11-21 21:20:00,1422.0,1422.0,1422.0,1422.0,0.0,0.0,6.0
2017-11-21 21:25:00,1422.0,1422.0,1422.0,1422.0,0.0,0.0,6.0
2017-11-21 21:30:00,1422.0,1422.0,1422.0,1422.0,0.0,0.0,6.0
2017-11-21 21:35:00,1422.0,1422.0,1422.0,1422.0,0.0,0.0,6.0
2017-11-21 21:40:00,1422.0,1422.0,1422.0,1422.0,0.0,0.0,6.0
2017-11-21 21:45:00,1422.0,1422.0,1422.0,1422.0,0.0,0.0,6.0
2017-11-21 21:50:00,1422.0,1422.0,1422.0,1422.0,0.0,0.0,6.0
2017-11-21 21:55:00,1422.0,1422.0,1422.0,1422.0,0.0,0.0,6.0
2017-11-21 22:00:00,1422.0,1422.0,1422.0,1422.0,0.0,0.0,6.0
2017-11-21 22:05:00,1422.0,1422.0,1422.0,1422.0,0.0,0.0,6.0
2017-11-21 22:10:00,1422.0,1422.0,1422.0,1422.0,0.0,0.0,6.0
2017-11-21 22:15:00,1422.0,1422.0,1422.0,1422.0,0.0,0.0,6.0
2017-11-21 22:20:00,1422.0,1422.0,1422.0,1422.0,0.0,0.0,6.0
2017-11-21 22:25:00,1422.0,1422.0,1422.0,1422.0,0.0,0.0,6.0
2017-11-21 22:30:00,1422.0,1422.0,1422.0,1422.0,0.0,0.0,6.0
2017-11-21 22:35:00,1422.0,1422.0,1422.0,1422.0,0.0,0.0,6.0
2017-11-21 22:40:00,1422.0,1422.0,1422.0,1422.0,0.0,0.0,6.0
2017-11-21 22:45:00,1422.0,1422.0,1422.0,1422.0,0.0,0.0,6.0
2017-11-21 22:50:00,1422.0,1422.0,1422.0,1422.0,0.0,0.0,6.0
2017-11-21 22:55:00,1422.0,1422.0,1422.0,1422.0,0.0,0.0,6.0
2017-11-21 23:00:00,1422.0,1422.0,1422.0,1422.0,0.0,0.0,6.0
2017-11-21 23:05:00,1422.0,1422.0,1422.0,1422.0,0.0,0.0,6.0
2017-11-21 23:10:00,1422.0,1422.0,1422.0,1422.0,0.0,0.0,6.0
2017-11-21 23:15:00,1422.0,1422.0,1422.0,1422.0,0.0,0.0,6.0
2017-11-21 23:20:00,1422.0,1422.0,1422.0,1422.0,0.0,0.0,6.0
2017-11-21 23:25:00,1422.0,1422.0,1422.0,1422.0,0.0,0.0,6.0
2017-11-22 09:00:00,1422.0,1422.0,1422.0,1422.0,0.0,0.0,6.0
2017-11-22 09:05:00,1422.0,1422.0,1422.0,1422.0,0.0,0.0,6.0
2017-11-22 09:10:00,1422.0,1422.0,1422.0,1422.0,0.0,0.0,6.0
2017-11-22 09:15:00,1422.0,1422.0,1422.0,1422.0,0.0,0.0,6.0
2017-11-22 09:20:00,1422.0,1422.0,1422.0,1422.0,0.0,0.0,6.0
2017-11-22 09:25:00,1422.0,1422.0,1422.0,1422.0,0.0,0.0,6.0
2017-11-22 09:30:00,1422.0,1422.0,1422.0,1422.0,0.0,0.0,6.0
2017-11-22 09:35:00,1422.0,1422.0,1422.0,1422.0,0.0,0.0,6.0
2017-11-22 09:40:00,1422.0,1422.0,1422.0,1422.0,0.0,0.0,6.0
2017-11-22 09:45:00,1422.0,1422.0,1422.0,1422.0,0.0,0.0,6.0
2017-11-22 09:50:00,1422.0,1422.0,1422.0,1422.0,0.0,0.0,6.0
2017-11-22 09:55:00,1422.0,1422.0,1422.0,1422.0,0.0,0.0,6.0
2017-11-22 10:00:00,1422.0,1422.0,1422.0,1422.0,0.0,0.0,6.0
2017-11-22 10:05:00,1422.0,1422.0,1422.0,1422.0,0.0,0.0,6.0
2017-11-22 10:10:00,1422.0,1422.0,1422.0,1422.0,0.0,0.0,6.0
2017-11-22 10:30:00,1422.0,1422.0,1422.0,1422.0,0.0,0.0,6.0
2017-11-22 10:35:00,1422.0,1422.0,1422.0,1422.0,0.0,0.0,6.0
2017-11-22 10:40:00,1422.0,1422.0,1422.0,1422.0,0.0,0.0,6.0
2017-11-22 10:45:00,1422.0,1422.0,1422.0,1422.0,0.0,0.0,6.0
2017-11-22 10:50:00,1422.0,1422.0,1422.0,1422.0,0.0,0.0,6.0
2017-11-22 10:55:00,1422.0,1422.0,1422.0,1422.0,0.0,0.0,6.0
2017-11-22 11:00:00,1422.0,1422.0,1422.0,1422.0,0.0,0.0,6.0
2017-11-22 11:05:00,1422.0,1422.0,1422.0,1422.0,0.0,0.0,6.0
2017-11-22 11:10:00,1422.0,1422.0,1422.0,1422.0,0.0,0.0,6.0
2017-11-22 11:15:00,1422.0,1422.0,1422.0,1422.0,0.0,0.0,6.0
2017-11-22 11:20:00,1422.0,1422.0,1422.0,1422.0,0.0,0.0,6.0
2017-11-22 11:25:00,1422.0,1422.0,1422.0,1422.0,0.0,0.0,6.0
2017-11-22 13:30:00,1422.0,1422.0,1422.0,1422.0,0.0,0.0,6.0
2017-11-22 13:35:00,1422.0,1422.0,1422.0,1422.0,0.0,0.0,6.0
2017-11-22 13:40:00,1422.0,1422.0,1422.0,1422.0,0.0,0.0,6.0
2017-11-22 13:45:00,1422.0,1422.0,1422.0,1422.0,0.0,0.0,6.0
2017-11-22 13:50:00,1422.0,1422.0,1422.0,1422.0,0.0,0.0,6.0
2017-11-22 13:55:00,1422.0,1422.0,1422.0,1422.0,0.0,0.0,6.0
2017-11-22 14:00:00,1422.0,1422.0,1422.0,1422.0,0.0,0.0,6.0
2017-11-22 14:05:00,1422.0,1422.0,1422.0,1422.0,0.0,0.0,6.0
2017-11-22 14:10:00,1422.0,1422.0,1422.0,1422.0,0.0,0.0,6.0
2017-11-22 14:15:00,1422.0,1422.0,1422.0,1422.0,0.0,0.0,6.0
2017-11-22 14:20:00,1422.0,1422.0,1422.0,1422.0,0.0,0.0,6.0
2017-11-22 14:25:00,1422.0,1422.0,1422.0,1422.0,0.0,0.0,6.0
2017-11-22 14:30:00,1422.0,1422.0,1422.0,1422.0,0.0,0.0,6.0
2017-11-22 14:35:00,1422.0,1422.0,1422.0,1422.0,0.0,0.0,6.0
2017-11-22 14:40:00,1422.0,1422.0,1422.0,1422.0,0.0,0.0,6.0
2017-11-22 14:45:00,1422.0,1422.0,1422.0,1422.0,0.0,0.0,6.0
2017-11-22 14:50:00,1422.0,1422.0,1422.0,1422.0,0.0,0.0,6.0
2017-11-22 14:55:00,1422.0,1422.0,1422.0,1422.0,0.0,0.0,6.0
2017-11-22 21:00:00,1424.0,1424.0,1424.0,1424.0,0.0,0.0,6.0
2017-11-22 21:05:00,1424.0,1424.0,1424.0,1424.0,0.0,0.0,6.0
2017-11-22 21:10:00,1424.0,1424.0,1424.0,1424.0,0.0,0.0,6.0
2017-11-22 21:15:00,1424.0,1424.0,1424.0,1424.0,0.0,0.0,6.0
2017-11-22 21:20:00,1424.0,1424.0,1424.0,1424.0,0.0,0.0,6.0
2017-11-22 21:25:00,1424.0,1424.0,1424.0,1424.0,0.0,0.0,6.0
2017-11-22 21:30:00,1424.0,1424.0,1424.0,1424.0,0.0,0.0,6.0
2017-11-22 21:35:00,1424.0,1424.0,1424.0,1424.0,0.0,0.0,6.0
2017-11-22 21:40:00,1424.0,1424.0,1424.0,1424.0,0.0,0.0,6.0
2017-11-22 21:45:00,1424.0,1424.0,1424.0,1424.0,0.0,0.0,6.0
2017-11-22 21:50:00,1424.0,1424.0,1424.0,1424.0,0.0,0.0,6.0
2017-11-22 21:55:00,1424.0,1424.0,1424.0,1424.0,0.0,0.0,6.0
2017-11-22 22:00:00,1424.0,1424.0,1424.0,1424.0,0.0,0.0,6.0
2017-11-22 22:05:00,1424.0,1424.0,1424.0,1424.0,0.0,0.0,6.0
2017-11-22 22:10:00,1424.0,1424.0,1424.0,1424.0,0.0,0.0,6.0
2017-11-22 22:15:00,1424.0,1424.0,1424.0,1424.0,0.0,0.0,6.0
2017-11-22 22:20:00,1424.0,1424.0,1424.0,1424.0,0.0,0.0,6.0
2017-11-22 22:25:00,1424.0,1424.0,1424.0,1424.0,0.0,0.0,6.0
2017-11-22 22:30:00,1424.0,1424.0,1424.0,1424.0,0.0,0.0,6.0
2017-11-22 22:35:00,1424.0,1424.0,1424.0,1424.0,0.0,0.0,6.0
2017-11-22 22:40:00,1424.0,1424.0,1424.0,1424.0,0.0,0.0,6.0
2017-11-22 22:45:00,1424.0,1424.0,1424.0,1424.0,0.0,0.0,6.0
2017-11-22 22:50:00,1424.0,1424.0,1424.0,1424.0,0.0,0.0,6.0
2017-11-22 22:55:00,1424.0,1424.0,1424.0,1424.0,0.0,0.0,6.0
2017-11-22 23:00:00,1424.0,1424.0,1424.0,1424.0,0.0,0.0,6.0
2017-11-22 23:05:00,1424.0,1424.0,1424.0,1424.0,0.0,0.0,6.0
2017-11-22 23:10:00,1424.0,1424.0,1424.0,1424.0,0.0,0.0,6.0
2017-11-22 23:15:00,1424.0,1424.0,1424.0,1424.0,0.0,0.0,6.0
2017-11-22 23:20:00,1424.0,1424.0,1424.0,1424.0,0.0,0.0,6.0
2017-11-22 23:25:00,1424.0,1424.0,1424.0,1424.0,0.0,0.0,6.0
2017-11-23 09:00:00,1424.0,1424.0,1424.0,1424.0,0.0,0.0,6.0
2017-11-23 09:05:00,1424.0,1424.0,1424.0,1424.0,0.0,0.0,6.0
2017-11-23 09:10:00,1424.0,1424.0,1424.0,1424.0,0.0,0.0,6.0
2017-11-23 09:15:00,1433.0,1433.0,1433.0,1433.0,2.0,57320.0,6.0
2017-11-23 09:20:00,1433.0,1433.0,1433.0,1433.0,0.0,0.0,6.0
2017-11-23 09:25:00,1433.0,1433.0,1433.0,1433.0,0.0,0.0,6.0
2017-11-23 09:30:00,1433.0,1433.0,1433.0,1433.0,0.0,0.0,6.0
2017-11-23 09:35:00,1433.0,1433.0,1433.0,1433.0,0.0,0.0,6.0
2017-11-23 09:40:00,1433.0,1433.0,1433.0,1433.0,0.0,0.0,6.0
2017-11-23 09:45:00,1433.0,1433.0,1433.0,1433.0,0.0,0.0,6.0
2017-11-23 09:50:00,1433.0,1433.0,1433.0,1433.0,0.0,0.0,6.0
2017-11-23 09:55:00,1433.0,1433.0,1433.0,1433.0,0.0,0.0,6.0
2017-11-23 10:00:00,1433.0,1433.0,1433.0,1433.0,0.0,0.0,6.0
2017-11-23 10:05:00,1433.0,1433.0,1433.0,1433.0,0.0,0.0,6.0
2017-11-23 10:10:00,1433.0,1433.0,1433.0,1433.0,0.0,0.0,6.0
2017-11-23 10:30:00,1433.0,1433.0,1433.0,1433.0,0.0,0.0,6.0
2017-11-23 10:35:00,1433.0,1433.0,1433.0,1433.0,0.0,0.0,6.0
2017-11-23 10:40:00,1433.0,1433.0,1433.0,1433.0,0.0,0.0,6.0
2017-11-23 10:45:00,1433.0,1433.0,1433.0,1433.0,0.0,0.0,6.0
2017-11-23 10:50:00,1433.0,1433.0,1433.0,1433.0,0.0,0.0,6.0
2017-11-23 10:55:00,1433.0,1433.0,1433.0,1433.0,0.0,0.0,6.0
2017-11-23 11:00:00,1433.0,1433.0,1433.0,1433.0,0.0,0.0,6.0
2017-11-23 11:05:00,1433.0,1433.0,1433.0,1433.0,0.0,0.0,6.0
2017-11-23 11:10:00,1433.0,1433.0,1433.0,1433.0,0.0,0.0,6.0
2017-11-23 11:15:00,1433.0,1433.0,1433.0,1433.0,0.0,0.0,6.0
2017-11-23 11:20:00,1433.0,1433.0,1433.0,1433.0,0.0,0.0,6.0
2017-11-23 11:25:00,1433.0,1433.0,1433.0,1433.0,0.0,0.0,6.0
2017-11-23 13:30:00,1433.0,1433.0,1433.0,1433.0,0.0,0.0,6.0
2017-11-23 13:35:00,1433.0,1433.0,1433.0,1433.0,0.0,0.0,6.0
2017-11-23 13:40:00,1433.0,1433.0,1433.0,1433.0,0.0,0.0,6.0
2017-11-23 13:45:00,1433.0,1433.0,1433.0,1433.0,0.0,0.0,6.0
2017-11-23 13:50:00,1433.0,1433.0,1433.0,1433.0,0.0,0.0,6.0
2017-11-23 13:55:00,1433.0,1433.0,1433.0,1433.0,0.0,0.0,6.0
2017-11-23 14:00:00,1433.0,1433.0,1433.0,1433.0,0.0,0.0,6.0
2017-11-23 14:05:00,1433.0,1433.0,1433.0,1433.0,0.0,0.0,6.0
2017-11-23 14:10:00,1433.0,1433.0,1433.0,1433.0,0.0,0.0,6.0
2017-11-23 14:15:00,1433.0,1433.0,1433.0,1433.0,0.0,0.0,6.0
2017-11-23 14:20:00,1433.0,1433.0,1433.0,1433.0,0.0,0.0,6.0
2017-11-23 14:25:00,1433.0,1433.0,1433.0,1433.0,0.0,0.0,6.0
2017-11-23 14:30:00,1433.0,1433.0,1433.0,1433.0,0.0,0.0,6.0
2017-11-23 14:35:00,1433.0,1433.0,1433.0,1433.0,0.0,0.0,6.0
2017-11-23 14:40:00,1433.0,1433.0,1433.0,1433.0,0.0,0.0,6.0
2017-11-23 14:45:00,1433.0,1433.0,1433.0,1433.0,0.0,0.0,6.0
2017-11-23 14:50:00,1433.0,1433.0,1433.0,1433.0,0.0,0.0,6.0
2017-11-23 14:55:00,1433.0,1433.0,1433.0,1433.0,0.0,0.0,6.0
2017-11-23 21:00:00,1433.0,1433.0,1433.0,1433.0,0.0,0.0,6.0
2017-11-23 21:05:00,1433.0,1433.0,1433.0,1433.0,0.0,0.0,6.0
2017-11-23 21:10:00,1433.0,1433.0,1433.0,1433.0,0.0,0.0,6.0
2017-11-23 21:15:00,1433.0,1433.0,1433.0,1433.0,0.0,0.0,6.0
2017-11-23 21:20:00,1433.0,1433.0,1433.0,1433.0,0.0,0.0,6.0
2017-11-23 21:25:00,1433.0,1433.0,1433.0,1433.0,0.0,0.0,6.0
2017-11-23 21:30:00,1433.0,1433.0,1433.0,1433.0,0.0,0.0,6.0
2017-11-23 21:35:00,1433.0,1433.0,1433.0,1433.0,0.0,0.0,6.0
2017-11-23 21:40:00,1433.0,1433.0,1433.0,1433.0,0.0,0.0,6.0
2017-11-23 21:45:00,1433.0,1433.0,1433.0,1433.0,0.0,0.0,6.0
2017-11-23 21:50:00,1433.0,1433.0,1433.0,1433.0,0.0,0.0,6.0
2017-11-23 21:55:00,1433.0,1433.0,1433.0,1433.0,0.0,0.0,6.0
2017-11-23 22:00:00,1433.0,1433.0,1433.0,1433.0,0.0,0.0,6.0
2017-11-23 22:05:00,1433.0,1433.0,1433.0,1433.0,0.0,0.0,6.0
2017-11-23 22:10:00,1433.0,1433.0,1433.0,1433.0,0.0,0.0,6.0
2017-11-23 22:15:00,1433.0,1433.0,1433.0,1433.0,0.0,0.0,6.0
2017-11-23 22:20:00,1433.0,1433.0,1433.0,1433.0,0.0,0.0,6.0
2017-11-23 22:25:00,1433.0,1433.0,1433.0,1433.0,0.0,0.0,6.0
2017-11-23 22:30:00,1433.0,1433.0,1433.0,1433.0,0.0,0.0,6.0
2017-11-23 22:35:00,1433.0,1433.0,1433.0,1433.0,0.0,0.0,6.0
2017-11-23 22:40:00,1433.0,1433.0,1433.0,1433.0,0.0,0.0,6.0
2017-11-23 22:45:00,1433.0,1433.0,1433.0,1433.0,0.0,0.0,6.0
2017-11-23 22:50:00,1433.0,1433.0,1433.0,1433.0,0.0,0.0,6.0
2017-11-23 22:55:00,1433.0,1433.0,1433.0,1433.0,0.0,0.0,6.0
2017-11-23 23:00:00,1433.0,1433.0,1433.0,1433.0,0.0,0.0,6.0
2017-11-23 23:05:00,1433.0,1433.0,1433.0,1433.0,0.0,0.0,6.0
2017-11-23 23:10:00,1433.0,1433.0,1433.0,1433.0,0.0,0.0,6.0
2017-11-23 23:15:00,1433.0,1433.0,1433.0,1433.0,0.0,0.0,6.0
2017-11-23 23:20:00,1433.0,1433.0,1433.0,1433.0,0.0,0.0,6.0
2017-11-23 23:25:00,1433.0,1433.0,1433.0,1433.0,0.0,0.0,6.0
2017-11-24 09:00:00,1433.0,1433.0,1433.0,1433.0,0.0,0.0,6.0
2017-11-24 09:05:00,1433.0,1433.0,1433.0,1433.0,0.0,0.0,6.0
2017-11-24 09:10:00,1433.0,1433.0,1433.0,1433.0,0.0,0.0,6.0
2017-11-24 09:15:00,1433.0,1433.0,1433.0,1433.0,0.0,0.0,6.0
2017-11-24 09:20:00,1433.0,1433.0,1433.0,1433.0,0.0,0.0,6.0
2017-11-24 09:25:00,1433.0,1433.0,1433.0,1433.0,0.0,0.0,6.0
2017-11-24 09:30:00,1433.0,1433.0,1433.0,1433.0,0.0,0.0,6.0
2017-11-24 09:35:00,1433.0,1433.0,1433.0,1433.0,0.0,0.0,6.0
2017-11-24 09:40:00,1433.0,1433.0,1433.0,1433.0,0.0,0.0,6.0
2017-11-24 09:45:00,1433.0,1433.0,1433.0,1433.0,0.0,0.0,6.0
2017-11-24 09:50:00,1433.0,1433.0,1433.0,1433.0,0.0,0.0,6.0
2017-11-24 09:55:00,1433.0,1433.0,1433.0,1433.0,0.0,0.0,6.0
2017-11-24 10:00:00,1433.0,1433.0,1433.0,1433.0,0.0,0.0,6.0
2017-11-24 10:05:00,1433.0,1433.0,1433.0,1433.0,0.0,0.0,6.0
2017-11-24 10:10:00,1433.0,1433.0,1433.0,1433.0,0.0,0.0,6.0
2017-11-24 10:30:00,1433.0,1433.0,1433.0,1433.0,0.0,0.0,6.0
2017-11-24 10:35:00,1433.0,1433.0,1433.0,1433.0,0.0,0.0,6.0
2017-11-24 10:40:00,1433.0,1433.0,1433.0,1433.0,0.0,0.0,6.0
2017-11-24 10:45:00,1433.0,1433.0,1433.0,1433.0,0.0,0.0,6.0
2017-11-24 10:50:00,1433.0,1433.0,1433.0,1433.0,0.0,0.0,6.0
2017-11-24 10:55:00,1433.0,1433.0,1433.0,1433.0,0.0,0.0,6.0
2017-11-24 11:00:00,1433.0,1433.0,1433.0,1433.0,0.0,0.0,6.0
2017-11-24 11:05:00,1433.0,1433.0,1433.0,1433.0,0.0,0.0,6.0
2017-11-24 11:10:00,1433.0,1433.0,1433.0,1433.0,0.0,0.0,6.0
2017-11-24 11:15:00,1433.0,1433.0,1433.0,1433.0,0.0,0.0,6.0
2017-11-24 11:20:00,1433.0,1433.0,1433.0,1433.0,0.0,0.0,6.0
2017-11-24 11:25:00,1433.0,1433.0,1433.0,1433.0,0.0,0.0,6.0
2017-11-24 13:30:00,1433.0,1433.0,1433.0,1433.0,0.0,0.0,6.0
2017-11-24 13:35:00,1433.0,1433.0,1433.0,1433.0,0.0,0.0,6.0
2017-11-24 13:40:00,1433.0,1433.0,1433.0,1433.0,0.0,0.0,6.0
2017-11-24 13:45:00,1433.0,1433.0,1433.0,1433.0,0.0,0.0,6.0
2017-11-24 13:50:00,1433.0,1433.0,1433.0,1433.0,0.0,0.0,6.0
2017-11-24 13:55:00,1433.0,1433.0,1433.0,1433.0,0.0,0.0,6.0
2017-11-24 14:00:00,1433.0,1433.0,1433.0,1433.0,0.0,0.0,6.0
2017-11-24 14:05:00,1433.0,1433.0,1433.0,1433.0,0.0,0.0,6.0
2017-11-24 14:10:00,1433.0,1433.0,1433.0,1433.0,0.0,0.0,6.0
2017-11-24 14:15:00,1433.0,1433.0,1433.0,1433.0,0.0,0.0,6.0
2017-11-24 14:20:00,1433.0,1433.0,1433.0,1433.0,0.0,0.0,6.0
2017-11-24 14:25:00,1433.0,1433.0,1433.0,1433.0,0.0,0.0,6.0
2017-11-24 14:30:00,1433.0,1433.0,1433.0,1433.0,0.0,0.0,6.0
2017-11-24 14:35:00,1433.0,1433.0,1433.0,1433.0,0.0,0.0,6.0
2017-11-24 14:40:00,1433.0,1433.0,1433.0,1433.0,0.0,0.0,6.0
2017-11-24 14:45:00,1433.0,1433.0,1433.0,1433.0,0.0,0.0,6.0
2017-11-24 14:50:00,1433.0,1433.0,1433.0,1433.0,0.0,0.0,6.0
2017-11-24 14:55:00,1433.0,1433.0,1433.0,1433.0,0.0,0.0,6.0
2017-11-24 21:00:00,1441.0,1441.0,1441.0,1441.0,0.0,0.0,6.0
2017-11-24 21:05:00,1441.0,1441.0,1441.0,1441.0,0.0,0.0,6.0
2017-11-24 21:10:00,1441.0,1441.0,1441.0,1441.0,0.0,0.0,6.0
2017-11-24 21:15:00,1441.0,1441.0,1441.0,1441.0,0.0,0.0,6.0
2017-11-24 21:20:00,1441.0,1441.0,1441.0,1441.0,0.0,0.0,6.0
2017-11-24 21:25:00,1441.0,1441.0,1441.0,1441.0,0.0,0.0,6.0
2017-11-24 21:30:00,1441.0,1441.0,1441.0,1441.0,0.0,0.0,6.0
2017-11-24 21:35:00,1441.0,1441.0,1441.0,1441.0,0.0,0.0,6.0
2017-11-24 21:40:00,1441.0,1441.0,1441.0,1441.0,0.0,0.0,6.0
2017-11-24 21:45:00,1441.0,1441.0,1441.0,1441.0,0.0,0.0,6.0
2017-11-24 21:50:00,1441.0,1441.0,1441.0,1441.0,0.0,0.0,6.0
2017-11-24 21:55:00,1441.0,1441.0,1441.0,1441.0,0.0,0.0,6.0
2017-11-24 22:00:00,1441.0,1441.0,1441.0,1441.0,0.0,0.0,6.0
2017-11-24 22:05:00,1441.0,1441.0,1441.0,1441.0,0.0,0.0,6.0
2017-11-24 22:10:00,1441.0,1441.0,1441.0,1441.0,0.0,0.0,6.0
2017-11-24 22:15:00,1441.0,1441.0,1441.0,1441.0,0.0,0.0,6.0
2017-11-24 22:20:00,1441.0,1441.0,1441.0,1441.0,0.0,0.0,6.0
2017-11-24 22:25:00,1441.0,1441.0,1441.0,1441.0,0.0,0.0,6.0
2017-11-24 22:30:00,1441.0,1441.0,1441.0,1441.0,0.0,0.0,6.0
2017-11-24 22:35:00,1441.0,1441.0,1441.0,1441.0,0.0,0.0,6.0
2017-11-24 22:40:00,1441.0,1441.0,1441.0,1441.0,0.0,0.0,6.0
2017-11-24 22:45:00,1441.0,1441.0,1441.0,1441.0,0.0,0.0,6.0
2017-11-24 22:50:00,1441.0,1441.0,1441.0,1441.0,0.0,0.0,6.0
2017-11-24 22:55:00,1441.0,1441.0,1441.0,1441.0,0.0,0.0,6.0
2017-11-24 23:00:00,1441.0,1441.0,1441.0,1441.0,0.0,0.0,6.0
2017-11-24 23:05:00,1441.0,1441.0,1441.0,1441.0,0.0,0.0,6.0
2017-11-24 23:10:00,1441.0,1441.0,1441.0,1441.0,0.0,0.0,6.0
2017-11-24 23:15:00,1441.0,1441.0,1441.0,1441.0,0.0,0.0,6.0
2017-11-24 23:20:00,1441.0,1441.0,1441.0,1441.0,0.0,0.0,6.0
2017-11-24 23:25:00,1461.0,1461.0,1461.0,1461.0,2.0,58440.0,6.0
2017-11-27 09:00:00,1461.0,1461.0,1461.0,1461.0,0.0,0.0,6.0
2017-11-27 09:05:00,1461.0,1461.0,1461.0,1461.0,0.0,0.0,6.0
2017-11-27 09:10:00,1461.0,1461.0,1461.0,1461.0,0.0,0.0,6.0
2017-11-27 09:15:00,1461.0,1461.0,1461.0,1461.0,0.0,0.0,6.0
2017-11-27 09:20:00,1461.0,1461.0,1461.0,1461.0,0.0,0.0,6.0
2017-11-27 09:25:00,1461.0,1461.0,1461.0,1461.0,0.0,0.0,6.0
2017-11-27 09:30:00,1461.0,1461.0,1461.0,1461.0,0.0,0.0,6.0
2017-11-27 09:35:00,1461.0,1461.0,1461.0,1461.0,0.0,0.0,6.0
2017-11-27 09:40:00,1461.0,1461.0,1461.0,1461.0,0.0,0.0,6.0
2017-11-27 09:45:00,1461.0,1461.0,1461.0,1461.0,0.0,0.0,6.0
2017-11-27 09:50:00,1461.0,1461.0,1461.0,1461.0,0.0,0.0,6.0
2017-11-27 09:55:00,1461.0,1461.0,1461.0,1461.0,0.0,0.0,6.0
2017-11-27 10:00:00,1461.0,1461.0,1461.0,1461.0,0.0,0.0,6.0
2017-11-27 10:05:00,1461.0,1461.0,1461.0,1461.0,0.0,0.0,6.0
2017-11-27 10:10:00,1461.0,1461.0,1461.0,1461.0,0.0,0.0,6.0
2017-11-27 10:30:00,1461.0,1461.0,1461.0,1461.0,0.0,0.0,6.0
2017-11-27 10:35:00,1461.0,1461.0,1461.0,1461.0,0.0,0.0,6.0
2017-11-27 10:40:00,1461.0,1461.0,1461.0,1461.0,0.0,0.0,6.0
2017-11-27 10:45:00,1461.0,1461.0,1461.0,1461.0,0.0,0.0,6.0
2017-11-27 10:50:00,1461.0,1461.0,1461.0,1461.0,0.0,0.0,6.0
2017-11-27 10:55:00,1461.0,1461.0,1461.0,1461.0,0.0,0.0,6.0
2017-11-27 11:00:00,1461.0,1461.0,1461.0,1461.0,0.0,0.0,6.0
2017-11-27 11:05:00,1461.0,1461.0,1461.0,1461.0,0.0,0.0,6.0
2017-11-27 11:10:00,1461.0,1468.0,1461.0,1468.0,2.0,58760.0,6.0
2017-11-27 11:15:00,1468.0,1468.0,1468.0,1468.0,0.0,0.0,6.0
2017-11-27 11:20:00,1468.0,1468.0,1468.0,1468.0,0.0,0.0,6.0
2017-11-27 11:25:00,1468.0,1468.0,1468.0,1468.0,0.0,0.0,6.0
2017-11-27 13:30:00,1468.0,1468.0,1468.0,1468.0,0.0,0.0,6.0
2017-11-27 13:35:00,1468.0,1468.0,1468.0,1468.0,0.0,0.0,6.0
2017-11-27 13:40:00,1468.0,1468.0,1468.0,1468.0,0.0,0.0,6.0
2017-11-27 13:45:00,1468.0,1468.0,1468.0,1468.0,0.0,0.0,6.0
2017-11-27 13:50:00,1468.0,1468.0,1468.0,1468.0,0.0,0.0,6.0
2017-11-27 13:55:00,1468.0,1468.0,1468.0,1468.0,0.0,0.0,6.0
2017-11-27 14:00:00,1468.0,1468.0,1468.0,1468.0,0.0,0.0,6.0
2017-11-27 14:05:00,1468.0,1468.0,1468.0,1468.0,0.0,0.0,6.0
2017-11-27 14:10:00,1468.0,1468.0,1459.0,1459.0,2.0,58360.0,8.0
2017-11-27 14:15:00,1459.0,1459.0,1459.0,1459.0,0.0,0.0,8.0
2017-11-27 14:20:00,1459.0,1459.0,1459.0,1459.0,0.0,0.0,8.0
2017-11-27 14:25:00,1459.0,1459.0,1459.0,1459.0,0.0,0.0,8.0
2017-11-27 14:30:00,1459.0,1459.0,1459.0,1459.0,0.0,0.0,8.0
2017-11-27 14:35:00,1459.0,1459.0,1459.0,1459.0,0.0,0.0,8.0
2017-11-27 14:40:00,1459.0,1459.0,1459.0,1459.0,0.0,0.0,8.0
2017-11-27 14:45:00,1459.0,1459.0,1459.0,1459.0,0.0,0.0,8.0
2017-11-27 14:50:00,1459.0,1459.0,1459.0,1459.0,0.0,0.0,8.0
2017-11-27 14:55:00,1459.0,1459.0,1459.0,1459.0,0.0,0.0,8.0
2017-11-27 21:00:00,1463.0,1463.0,1463.0,1463.0,0.0,0.0,8.0
2017-11-27 21:05:00,1463.0,1463.0,1463.0,1463.0,0.0,0.0,8.0
2017-11-27 21:10:00,1463.0,1463.0,1463.0,1463.0,0.0,0.0,8.0
2017-11-27 21:15:00,1463.0,1463.0,1463.0,1463.0,0.0,0.0,8.0
2017-11-27 21:20:00,1463.0,1463.0,1463.0,1463.0,0.0,0.0,8.0
2017-11-27 21:25:00,1463.0,1463.0,1463.0,1463.0,0.0,0.0,8.0
2017-11-27 21:30:00,1463.0,1463.0,1463.0,1463.0,0.0,0.0,8.0
2017-11-27 21:35:00,1463.0,1463.0,1463.0,1463.0,0.0,0.0,8.0
2017-11-27 21:40:00,1463.0,1463.0,1463.0,1463.0,0.0,0.0,8.0
2017-11-27 21:45:00,1463.0,1463.0,1463.0,1463.0,0.0,0.0,8.0
2017-11-27 21:50:00,1463.0,1463.0,1463.0,1463.0,0.0,0.0,8.0
2017-11-27 21:55:00,1463.0,1463.0,1463.0,1463.0,0.0,0.0,8.0
2017-11-27 22:00:00,1463.0,1463.0,1463.0,1463.0,0.0,0.0,8.0
2017-11-27 22:05:00,1463.0,1463.0,1463.0,1463.0,0.0,0.0,8.0
2017-11-27 22:10:00,1463.0,1463.0,1463.0,1463.0,0.0,0.0,8.0
2017-11-27 22:15:00,1463.0,1463.0,1463.0,1463.0,0.0,0.0,8.0
2017-11-27 22:20:00,1463.0,1463.0,1463.0,1463.0,0.0,0.0,8.0
2017-11-27 22:25:00,1463.0,1463.0,1463.0,1463.0,0.0,0.0,8.0
2017-11-27 22:30:00,1463.0,1463.0,1463.0,1463.0,0.0,0.0,8.0
2017-11-27 22:35:00,1463.0,1463.0,1463.0,1463.0,0.0,0.0,8.0
2017-11-27 22:40:00,1463.0,1463.0,1463.0,1463.0,0.0,0.0,8.0
2017-11-27 22:45:00,1463.0,1463.0,1463.0,1463.0,0.0,0.0,8.0
2017-11-27 22:50:00,1463.0,1463.0,1463.0,1463.0,0.0,0.0,8.0
2017-11-27 22:55:00,1463.0,1463.0,1463.0,1463.0,0.0,0.0,8.0
2017-11-27 23:00:00,1463.0,1463.0,1463.0,1463.0,0.0,0.0,8.0
2017-11-27 23:05:00,1463.0,1463.0,1463.0,1463.0,0.0,0.0,8.0
2017-11-27 23:10:00,1463.0,1463.0,1463.0,1463.0,0.0,0.0,8.0
2017-11-27 23:15:00,1463.0,1463.0,1463.0,1463.0,0.0,0.0,8.0
2017-11-27 23:20:00,1463.0,1463.0,1463.0,1463.0,0.0,0.0,8.0
2017-11-27 23:25:00,1463.0,1463.0,1463.0,1463.0,0.0,0.0,8.0
2017-11-28 09:00:00,1463.0,1463.0,1463.0,1463.0,0.0,0.0,8.0
2017-11-28 09:05:00,1463.0,1463.0,1463.0,1463.0,0.0,0.0,8.0
2017-11-28 09:10:00,1463.0,1463.0,1463.0,1463.0,0.0,0.0,8.0
2017-11-28 09:15:00,1463.0,1463.0,1463.0,1463.0,0.0,0.0,8.0
2017-11-28 09:20:00,1463.0,1463.0,1463.0,1463.0,0.0,0.0,8.0
2017-11-28 09:25:00,1463.0,1463.0,1463.0,1463.0,0.0,0.0,8.0
2017-11-28 09:30:00,1463.0,1463.0,1463.0,1463.0,0.0,0.0,8.0
2017-11-28 09:35:00,1463.0,1463.0,1463.0,1463.0,0.0,0.0,8.0
2017-11-28 09:40:00,1463.0,1463.0,1463.0,1463.0,0.0,0.0,8.0
2017-11-28 09:45:00,1463.0,1463.0,1463.0,1463.0,0.0,0.0,8.0
2017-11-28 09:50:00,1463.0,1463.0,1463.0,1463.0,0.0,0.0,8.0
2017-11-28 09:55:00,1463.0,1463.0,1463.0,1463.0,0.0,0.0,8.0
2017-11-28 10:00:00,1463.0,1463.0,1463.0,1463.0,0.0,0.0,8.0
2017-11-28 10:05:00,1463.0,1463.0,1463.0,1463.0,0.0,0.0,8.0
2017-11-28 10:10:00,1463.0,1463.0,1463.0,1463.0,0.0,0.0,8.0
2017-11-28 10:30:00,1463.0,1463.0,1463.0,1463.0,0.0,0.0,8.0
2017-11-28 10:35:00,1463.0,1463.0,1463.0,1463.0,0.0,0.0,8.0
2017-11-28 10:40:00,1463.0,1463.0,1463.0,1463.0,0.0,0.0,8.0
2017-11-28 10:45:00,1463.0,1463.0,1463.0,1463.0,0.0,0.0,8.0
2017-11-28 10:50:00,1463.0,1463.0,1463.0,1463.0,0.0,0.0,8.0
2017-11-28 10:55:00,1463.0,1463.0,1463.0,1463.0,0.0,0.0,8.0
2017-11-28 11:00:00,1463.0,1463.0,1463.0,1463.0,0.0,0.0,8.0
2017-11-28 11:05:00,1463.0,1463.0,1463.0,1463.0,0.0,0.0,8.0
2017-11-28 11:10:00,1463.0,1463.0,1463.0,1463.0,0.0,0.0,8.0
2017-11-28 11:15:00,1463.0,1463.0,1463.0,1463.0,0.0,0.0,8.0
2017-11-28 11:20:00,1463.0,1463.0,1463.0,1463.0,0.0,0.0,8.0
2017-11-28 11:25:00,1463.0,1463.0,1463.0,1463.0,0.0,0.0,8.0
2017-11-28 13:30:00,1463.0,1463.0,1463.0,1463.0,0.0,0.0,8.0
2017-11-28 13:35:00,1463.0,1463.0,1463.0,1463.0,0.0,0.0,8.0
2017-11-28 13:40:00,1463.0,1463.0,1463.0,1463.0,0.0,0.0,8.0
2017-11-28 13:45:00,1463.0,1463.0,1463.0,1463.0,0.0,0.0,8.0
2017-11-28 13:50:00,1463.0,1463.0,1463.0,1463.0,0.0,0.0,8.0
2017-11-28 13:55:00,1463.0,1463.0,1463.0,1463.0,0.0,0.0,8.0
2017-11-28 14:00:00,1463.0,1463.0,1463.0,1463.0,0.0,0.0,8.0
2017-11-28 14:05:00,1463.0,1463.0,1463.0,1463.0,0.0,0.0,8.0
2017-11-28 14:10:00,1463.0,1463.0,1463.0,1463.0,0.0,0.0,8.0
2017-11-28 14:15:00,1463.0,1463.0,1463.0,1463.0,0.0,0.0,8.0
2017-11-28 14:20:00,1463.0,1463.0,1463.0,1463.0,0.0,0.0,8.0
2017-11-28 14:25:00,1463.0,1463.0,1463.0,1463.0,0.0,0.0,8.0
2017-11-28 14:30:00,1463.0,1463.0,1463.0,1463.0,0.0,0.0,8.0
2017-11-28 14:35:00,1463.0,1463.0,1463.0,1463.0,0.0,0.0,8.0
2017-11-28 14:40:00,1463.0,1463.0,1463.0,1463.0,0.0,0.0,8.0
2017-11-28 14:45:00,1463.0,1463.0,1463.0,1463.0,0.0,0.0,8.0
2017-11-28 14:50:00,1463.0,1463.0,1463.0,1463.0,0.0,0.0,8.0
2017-11-28 14:55:00,1463.0,1463.0,1463.0,1463.0,0.0,0.0,8.0
2017-11-28 21:00:00,1450.0,1450.0,1450.0,1450.0,0.0,0.0,8.0
2017-11-28 21:05:00,1450.0,1450.0,1450.0,1450.0,0.0,0.0,8.0
2017-11-28 21:10:00,1450.0,1450.0,1450.0,1450.0,0.0,0.0,8.0
2017-11-28 21:15:00,1450.0,1450.0,1450.0,1450.0,0.0,0.0,8.0
2017-11-28 21:20:00,1450.0,1450.0,1450.0,1450.0,0.0,0.0,8.0
2017-11-28 21:25:00,1450.0,1450.0,1450.0,1450.0,0.0,0.0,8.0
2017-11-28 21:30:00,1450.0,1450.0,1450.0,1450.0,0.0,0.0,8.0
2017-11-28 21:35:00,1450.0,1450.0,1450.0,1450.0,0.0,0.0,8.0
2017-11-28 21:40:00,1450.0,1450.0,1450.0,1450.0,0.0,0.0,8.0
2017-11-28 21:45:00,1450.0,1450.0,1450.0,1450.0,0.0,0.0,8.0
2017-11-28 21:50:00,1450.0,1450.0,1450.0,1450.0,0.0,0.0,8.0
2017-11-28 21:55:00,1450.0,1460.0,1450.0,1460.0,2.0,58400.0,6.0
2017-11-28 22:00:00,1460.0,1460.0,1460.0,1460.0,0.0,0.0,6.0
2017-11-28 22:05:00,1460.0,1460.0,1460.0,1460.0,0.0,0.0,6.0
2017-11-28 22:10:00,1460.0,1460.0,1460.0,1460.0,0.0,0.0,6.0
2017-11-28 22:15:00,1460.0,1460.0,1460.0,1460.0,0.0,0.0,6.0
2017-11-28 22:20:00,1460.0,1460.0,1460.0,1460.0,0.0,0.0,6.0
2017-11-28 22:25:00,1460.0,1460.0,1460.0,1460.0,0.0,0.0,6.0
2017-11-28 22:30:00,1460.0,1460.0,1460.0,1460.0,0.0,0.0,6.0
2017-11-28 22:35:00,1460.0,1460.0,1460.0,1460.0,0.0,0.0,6.0
2017-11-28 22:40:00,1460.0,1460.0,1460.0,1460.0,0.0,0.0,6.0
2017-11-28 22:45:00,1460.0,1460.0,1460.0,1460.0,0.0,0.0,6.0
2017-11-28 22:50:00,1460.0,1460.0,1460.0,1460.0,0.0,0.0,6.0
2017-11-28 22:55:00,1460.0,1460.0,1460.0,1460.0,0.0,0.0,6.0
2017-11-28 23:00:00,1460.0,1460.0,1460.0,1460.0,0.0,0.0,6.0
2017-11-28 23:05:00,1460.0,1460.0,1460.0,1460.0,0.0,0.0,6.0
2017-11-28 23:10:00,1460.0,1460.0,1460.0,1460.0,0.0,0.0,6.0
2017-11-28 23:15:00,1460.0,1460.0,1460.0,1460.0,0.0,0.0,6.0
2017-11-28 23:20:00,1460.0,1460.0,1460.0,1460.0,0.0,0.0,6.0
2017-11-28 23:25:00,1460.0,1460.0,1460.0,1460.0,0.0,0.0,6.0
2017-11-29 09:00:00,1460.0,1460.0,1460.0,1460.0,0.0,0.0,6.0
2017-11-29 09:05:00,1460.0,1460.0,1460.0,1460.0,0.0,0.0,6.0
2017-11-29 09:10:00,1460.0,1460.0,1460.0,1460.0,0.0,0.0,6.0
2017-11-29 09:15:00,1460.0,1460.0,1460.0,1460.0,0.0,0.0,6.0
2017-11-29 09:20:00,1460.0,1460.0,1460.0,1460.0,0.0,0.0,6.0
2017-11-29 09:25:00,1460.0,1460.0,1460.0,1460.0,0.0,0.0,6.0
2017-11-29 09:30:00,1460.0,1460.0,1460.0,1460.0,0.0,0.0,6.0
2017-11-29 09:35:00,1460.0,1460.0,1460.0,1460.0,0.0,0.0,6.0
2017-11-29 09:40:00,1460.0,1460.0,1460.0,1460.0,0.0,0.0,6.0
2017-11-29 09:45:00,1460.0,1460.0,1460.0,1460.0,0.0,0.0,6.0
2017-11-29 09:50:00,1460.0,1460.0,1460.0,1460.0,0.0,0.0,6.0
2017-11-29 09:55:00,1460.0,1460.0,1460.0,1460.0,0.0,0.0,6.0
2017-11-29 10:00:00,1460.0,1460.0,1460.0,1460.0,0.0,0.0,6.0
2017-11-29 10:05:00,1460.0,1460.0,1460.0,1460.0,0.0,0.0,6.0
2017-11-29 10:10:00,1460.0,1460.0,1460.0,1460.0,0.0,0.0,6.0
2017-11-29 10:30:00,1460.0,1460.0,1460.0,1460.0,0.0,0.0,6.0
2017-11-29 10:35:00,1460.0,1460.0,1460.0,1460.0,0.0,0.0,6.0
2017-11-29 10:40:00,1460.0,1460.0,1460.0,1460.0,0.0,0.0,6.0
2017-11-29 10:45:00,1460.0,1460.0,1460.0,1460.0,0.0,0.0,6.0
2017-11-29 10:50:00,1460.0,1460.0,1460.0,1460.0,0.0,0.0,6.0
2017-11-29 10:55:00,1460.0,1460.0,1460.0,1460.0,0.0,0.0,6.0
2017-11-29 11:00:00,1460.0,1460.0,1460.0,1460.0,0.0,0.0,6.0
2017-11-29 11:05:00,1460.0,1460.0,1460.0,1460.0,0.0,0.0,6.0
2017-11-29 11:10:00,1460.0,1460.0,1460.0,1460.0,0.0,0.0,6.0
2017-11-29 11:15:00,1460.0,1460.0,1460.0,1460.0,0.0,0.0,6.0
2017-11-29 11:20:00,1460.0,1460.0,1460.0,1460.0,0.0,0.0,6.0
2017-11-29 11:25:00,1460.0,1460.0,1460.0,1460.0,0.0,0.0,6.0
2017-11-29 13:30:00,1460.0,1460.0,1460.0,1460.0,0.0,0.0,6.0
2017-11-29 13:35:00,1460.0,1460.0,1460.0,1460.0,0.0,0.0,6.0
2017-11-29 13:40:00,1460.0,1460.0,1460.0,1460.0,0.0,0.0,6.0
2017-11-29 13:45:00,1460.0,1460.0,1460.0,1460.0,0.0,0.0,6.0
2017-11-29 13:50:00,1460.0,1460.0,1460.0,1460.0,0.0,0.0,6.0
2017-11-29 13:55:00,1460.0,1460.0,1460.0,1460.0,0.0,0.0,6.0
2017-11-29 14:00:00,1460.0,1460.0,1460.0,1460.0,0.0,0.0,6.0
2017-11-29 14:05:00,1460.0,1460.0,1460.0,1460.0,0.0,0.0,6.0
2017-11-29 14:10:00,1460.0,1460.0,1460.0,1460.0,0.0,0.0,6.0
2017-11-29 14:15:00,1460.0,1460.0,1460.0,1460.0,0.0,0.0,6.0
2017-11-29 14:20:00,1460.0,1460.0,1460.0,1460.0,0.0,0.0,6.0
2017-11-29 14:25:00,1460.0,1464.0,1460.0,1464.0,2.0,58560.0,8.0
2017-11-29 14:30:00,1464.0,1464.0,1464.0,1464.0,0.0,0.0,8.0
2017-11-29 14:35:00,1464.0,1464.0,1464.0,1464.0,0.0,0.0,8.0
2017-11-29 14:40:00,1464.0,1464.0,1464.0,1464.0,0.0,0.0,8.0
2017-11-29 14:45:00,1464.0,1464.0,1464.0,1464.0,0.0,0.0,8.0
2017-11-29 14:50:00,1464.0,1464.0,1464.0,1464.0,0.0,0.0,8.0
2017-11-29 14:55:00,1464.0,1464.0,1464.0,1464.0,0.0,0.0,8.0
2017-11-29 21:00:00,1462.0,1462.0,1462.0,1462.0,0.0,0.0,8.0
2017-11-29 21:05:00,1462.0,1462.0,1462.0,1462.0,0.0,0.0,8.0
2017-11-29 21:10:00,1462.0,1462.0,1462.0,1462.0,0.0,0.0,8.0
2017-11-29 21:15:00,1462.0,1462.0,1462.0,1462.0,0.0,0.0,8.0
2017-11-29 21:20:00,1462.0,1462.0,1462.0,1462.0,0.0,0.0,8.0
2017-11-29 21:25:00,1462.0,1462.0,1462.0,1462.0,0.0,0.0,8.0
2017-11-29 21:30:00,1462.0,1462.0,1462.0,1462.0,0.0,0.0,8.0
2017-11-29 21:35:00,1462.0,1462.0,1462.0,1462.0,0.0,0.0,8.0
2017-11-29 21:40:00,1462.0,1462.0,1462.0,1462.0,0.0,0.0,8.0
2017-11-29 21:45:00,1462.0,1462.0,1462.0,1462.0,0.0,0.0,8.0
2017-11-29 21:50:00,1462.0,1462.0,1462.0,1462.0,0.0,0.0,8.0
2017-11-29 21:55:00,1462.0,1462.0,1462.0,1462.0,0.0,0.0,8.0
2017-11-29 22:00:00,1462.0,1462.0,1462.0,1462.0,0.0,0.0,8.0
2017-11-29 22:05:00,1462.0,1462.0,1462.0,1462.0,0.0,0.0,8.0
2017-11-29 22:10:00,1462.0,1462.0,1462.0,1462.0,0.0,0.0,8.0
2017-11-29 22:15:00,1462.0,1462.0,1462.0,1462.0,0.0,0.0,8.0
2017-11-29 22:20:00,1462.0,1462.0,1462.0,1462.0,0.0,0.0,8.0
2017-11-29 22:25:00,1462.0,1462.0,1462.0,1462.0,0.0,0.0,8.0
2017-11-29 22:30:00,1462.0,1462.0,1462.0,1462.0,0.0,0.0,8.0
2017-11-29 22:35:00,1462.0,1462.0,1462.0,1462.0,0.0,0.0,8.0
2017-11-29 22:40:00,1462.0,1462.0,1462.0,1462.0,0.0,0.0,8.0
2017-11-29 22:45:00,1462.0,1462.0,1462.0,1462.0,0.0,0.0,8.0
2017-11-29 22:50:00,1462.0,1462.0,1462.0,1462.0,0.0,0.0,8.0
2017-11-29 22:55:00,1462.0,1462.0,1462.0,1462.0,0.0,0.0,8.0
2017-11-29 23:00:00,1462.0,1462.0,1462.0,1462.0,0.0,0.0,8.0
2017-11-29 23:05:00,1462.0,1462.0,1462.0,1462.0,0.0,0.0,8.0
2017-11-29 23:10:00,1462.0,1462.0,1462.0,1462.0,0.0,0.0,8.0
2017-11-29 23:15:00,1462.0,1462.0,1462.0,1462.0,0.0,0.0,8.0
2017-11-29 23:20:00,1462.0,1462.0,1462.0,1462.0,0.0,0.0,8.0
2017-11-29 23:25:00,1462.0,1462.0,1462.0,1462.0,0.0,0.0,8.0
2017-11-30 09:00:00,1462.0,1462.0,1462.0,1462.0,0.0,0.0,8.0
2017-11-30 09:05:00,1462.0,1462.0,1462.0,1462.0,0.0,0.0,8.0
2017-11-30 09:10:00,1462.0,1462.0,1462.0,1462.0,0.0,0.0,8.0
2017-11-30 09:15:00,1462.0,1462.0,1462.0,1462.0,0.0,0.0,8.0
2017-11-30 09:20:00,1462.0,1462.0,1462.0,1462.0,0.0,0.0,8.0
2017-11-30 09:25:00,1462.0,1462.0,1462.0,1462.0,0.0,0.0,8.0
2017-11-30 09:30:00,1462.0,1462.0,1462.0,1462.0,0.0,0.0,8.0
2017-11-30 09:35:00,1462.0,1462.0,1462.0,1462.0,0.0,0.0,8.0
2017-11-30 09:40:00,1462.0,1462.0,1462.0,1462.0,0.0,0.0,8.0
2017-11-30 09:45:00,1462.0,1462.0,1462.0,1462.0,0.0,0.0,8.0
2017-11-30 09:50:00,1462.0,1462.0,1462.0,1462.0,0.0,0.0,8.0
2017-11-30 09:55:00,1462.0,1462.0,1462.0,1462.0,0.0,0.0,8.0
2017-11-30 10:00:00,1462.0,1462.0,1462.0,1462.0,0.0,0.0,8.0
2017-11-30 10:05:00,1462.0,1462.0,1462.0,1462.0,0.0,0.0,8.0
2017-11-30 10:10:00,1462.0,1462.0,1462.0,1462.0,0.0,0.0,8.0
2017-11-30 10:30:00,1462.0,1462.0,1462.0,1462.0,0.0,0.0,8.0
2017-11-30 10:35:00,1462.0,1462.0,1462.0,1462.0,0.0,0.0,8.0
2017-11-30 10:40:00,1462.0,1462.0,1462.0,1462.0,0.0,0.0,8.0
2017-11-30 10:45:00,1462.0,1462.0,1462.0,1462.0,0.0,0.0,8.0
2017-11-30 10:50:00,1462.0,1462.0,1462.0,1462.0,0.0,0.0,8.0
2017-11-30 10:55:00,1462.0,1462.0,1462.0,1462.0,0.0,0.0,8.0
2017-11-30 11:00:00,1462.0,1462.0,1462.0,1462.0,0.0,0.0,8.0
2017-11-30 11:05:00,1462.0,1462.0,1462.0,1462.0,0.0,0.0,8.0
2017-11-30 11:10:00,1462.0,1462.0,1462.0,1462.0,0.0,0.0,8.0
2017-11-30 11:15:00,1462.0,1462.0,1462.0,1462.0,0.0,0.0,8.0
2017-11-30 11:20:00,1462.0,1462.0,1462.0,1462.0,0.0,0.0,8.0
2017-11-30 11:25:00,1462.0,1462.0,1462.0,1462.0,0.0,0.0,8.0
2017-11-30 13:30:00,1462.0,1462.0,1462.0,1462.0,0.0,0.0,8.0
2017-11-30 13:35:00,1462.0,1462.0,1462.0,1462.0,0.0,0.0,8.0
2017-11-30 13:40:00,1462.0,1462.0,1462.0,1462.0,0.0,0.0,8.0
2017-11-30 13:45:00,1462.0,1462.0,1462.0,1462.0,0.0,0.0,8.0
2017-11-30 13:50:00,1462.0,1462.0,1462.0,1462.0,0.0,0.0,8.0
2017-11-30 13:55:00,1462.0,1462.0,1462.0,1462.0,0.0,0.0,8.0
2017-11-30 14:00:00,1462.0,1462.0,1462.0,1462.0,0.0,0.0,8.0
2017-11-30 14:05:00,1462.0,1462.0,1462.0,1462.0,0.0,0.0,8.0
2017-11-30 14:10:00,1462.0,1462.0,1462.0,1462.0,0.0,0.0,8.0
2017-11-30 14:15:00,1462.0,1462.0,1462.0,1462.0,0.0,0.0,8.0
2017-11-30 14:20:00,1462.0,1462.0,1462.0,1462.0,0.0,0.0,8.0
2017-11-30 14:25:00,1462.0,1462.0,1462.0,1462.0,0.0,0.0,8.0
2017-11-30 14:30:00,1462.0,1462.0,1462.0,1462.0,0.0,0.0,8.0
2017-11-30 14:35:00,1462.0,1462.0,1462.0,1462.0,0.0,0.0,8.0
2017-11-30 14:40:00,1462.0,1462.0,1462.0,1462.0,0.0,0.0,8.0
2017-11-30 14:45:00,1462.0,1462.0,1462.0,1462.0,0.0,0.0,8.0
2017-11-30 14:50:00,1462.0,1462.0,1462.0,1462.0,0.0,0.0,8.0
2017-11-30 14:55:00,1462.0,1462.0,1462.0,1462.0,0.0,0.0,8.0
2017-11-30 21:00:00,1462.0,1462.0,1462.0,1462.0,0.0,0.0,8.0
2017-11-30 21:05:00,1462.0,1462.0,1462.0,1462.0,0.0,0.0,8.0
2017-11-30 21:10:00,1462.0,1462.0,1462.0,1462.0,0.0,0.0,8.0
2017-11-30 21:15:00,1462.0,1462.0,1462.0,1462.0,0.0,0.0,8.0
2017-11-30 21:20:00,1462.0,1462.0,1462.0,1462.0,0.0,0.0,8.0
2017-11-30 21:25:00,1462.0,1462.0,1462.0,1462.0,0.0,0.0,8.0
2017-11-30 21:30:00,1462.0,1462.0,1462.0,1462.0,0.0,0.0,8.0
2017-11-30 21:35:00,1462.0,1462.0,1462.0,1462.0,0.0,0.0,8.0
2017-11-30 21:40:00,1462.0,1462.0,1462.0,1462.0,0.0,0.0,8.0
2017-11-30 21:45:00,1462.0,1462.0,1462.0,1462.0,0.0,0.0,8.0
2017-11-30 21:50:00,1462.0,1462.0,1462.0,1462.0,0.0,0.0,8.0
2017-11-30 21:55:00,1462.0,1462.0,1462.0,1462.0,0.0,0.0,8.0
2017-11-30 22:00:00,1462.0,1462.0,1462.0,1462.0,0.0,0.0,8.0
2017-11-30 22:05:00,1462.0,1462.0,1462.0,1462.0,0.0,0.0,8.0
2017-11-30 22:10:00,1462.0,1462.0,1462.0,1462.0,0.0,0.0,8.0
2017-11-30 22:15:00,1462.0,1462.0,1462.0,1462.0,0.0,0.0,8.0
2017-11-30 22:20:00,1462.0,1462.0,1462.0,1462.0,0.0,0.0,8.0
2017-11-30 22:25:00,1462.0,1462.0,1462.0,1462.0,0.0,0.0,8.0
2017-11-30 22:30:00,1462.0,1462.0,1462.0,1462.0,0.0,0.0,8.0
2017-11-30 22:35:00,1462.0,1462.0,1462.0,1462.0,0.0,0.0,8.0
2017-11-30 22:40:00,1462.0,1462.0,1462.0,1462.0,0.0,0.0,8.0
2017-11-30 22:45:00,1462.0,1462.0,1462.0,1462.0,0.0,0.0,8.0
2017-11-30 22:50:00,1462.0,1462.0,1462.0,1462.0,0.0,0.0,8.0
2017-11-30 22:55:00,1462.0,1462.0,1462.0,1462.0,0.0,0.0,8.0
2017-11-30 23:00:00,1462.0,1462.0,1462.0,1462.0,0.0,0.0,8.0
2017-11-30 23:05:00,1462.0,1462.0,1462.0,1462.0,0.0,0.0,8.0
2017-11-30 23:10:00,1462.0,1462.0,1462.0,1462.0,0.0,0.0,8.0
2017-11-30 23:15:00,1462.0,1462.0,1462.0,1462.0,0.0,0.0,8.0
2017-11-30 23:20:00,1462.0,1462.0,1462.0,1462.0,0.0,0.0,8.0
2017-11-30 23:25:00,1462.0,1462.0,1462.0,1462.0,0.0,0.0,8.0
2017-12-01 09:00:00,1462.0,1462.0,1462.0,1462.0,0.0,0.0,8.0
2017-12-01 09:05:00,1462.0,1462.0,1462.0,1462.0,0.0,0.0,8.0
2017-12-01 09:10:00,1462.0,1462.0,1462.0,1462.0,0.0,0.0,8.0
2017-12-01 09:15:00,1462.0,1462.0,1462.0,1462.0,0.0,0.0,8.0
2017-12-01 09:20:00,1462.0,1462.0,1462.0,1462.0,0.0,0.0,8.0
2017-12-01 09:25:00,1462.0,1462.0,1462.0,1462.0,0.0,0.0,8.0
2017-12-01 09:30:00,1462.0,1462.0,1462.0,1462.0,0.0,0.0,8.0
2017-12-01 09:35:00,1462.0,1462.0,1462.0,1462.0,0.0,0.0,8.0
2017-12-01 09:40:00,1462.0,1462.0,1462.0,1462.0,0.0,0.0,8.0
2017-12-01 09:45:00,1462.0,1462.0,1462.0,1462.0,0.0,0.0,8.0
2017-12-01 09:50:00,1462.0,1462.0,1462.0,1462.0,0.0,0.0,8.0
2017-12-01 09:55:00,1462.0,1462.0,1462.0,1462.0,0.0,0.0,8.0
2017-12-01 10:00:00,1462.0,1462.0,1462.0,1462.0,0.0,0.0,8.0
2017-12-01 10:05:00,1462.0,1462.0,1462.0,1462.0,0.0,0.0,8.0
2017-12-01 10:10:00,1462.0,1462.0,1462.0,1462.0,0.0,0.0,8.0
2017-12-01 10:30:00,1462.0,1462.0,1462.0,1462.0,0.0,0.0,8.0
2017-12-01 10:35:00,1462.0,1462.0,1462.0,1462.0,0.0,0.0,8.0
2017-12-01 10:40:00,1462.0,1462.0,1462.0,1462.0,0.0,0.0,8.0
2017-12-01 10:45:00,1462.0,1462.0,1462.0,1462.0,0.0,0.0,8.0
2017-12-01 10:50:00,1462.0,1462.0,1462.0,1462.0,0.0,0.0,8.0
2017-12-01 10:55:00,1462.0,1462.0,1462.0,1462.0,0.0,0.0,8.0
2017-12-01 11:00:00,1462.0,1462.0,1462.0,1462.0,0.0,0.0,8.0
2017-12-01 11:05:00,1462.0,1462.0,1462.0,1462.0,0.0,0.0,8.0
2017-12-01 11:10:00,1462.0,1462.0,1462.0,1462.0,0.0,0.0,8.0
2017-12-01 11:15:00,1462.0,1462.0,1462.0,1462.0,0.0,0.0,8.0
2017-12-01 11:20:00,1462.0,1462.0,1462.0,1462.0,0.0,0.0,8.0
2017-12-01 11:25:00,1462.0,1462.0,1462.0,1462.0,0.0,0.0,8.0
2017-12-01 13:30:00,1462.0,1462.0,1462.0,1462.0,0.0,0.0,8.0
2017-12-01 13:35:00,1462.0,1462.0,1462.0,1462.0,0.0,0.0,8.0
2017-12-01 13:40:00,1462.0,1462.0,1462.0,1462.0,0.0,0.0,8.0
2017-12-01 13:45:00,1462.0,1462.0,1462.0,1462.0,0.0,0.0,8.0
2017-12-01 13:50:00,1462.0,1462.0,1462.0,1462.0,0.0,0.0,8.0
2017-12-01 13:55:00,1462.0,1462.0,1462.0,1462.0,0.0,0.0,8.0
2017-12-01 14:00:00,1462.0,1462.0,1462.0,1462.0,0.0,0.0,8.0
2017-12-01 14:05:00,1462.0,1462.0,1462.0,1462.0,0.0,0.0,8.0
2017-12-01 14:10:00,1462.0,1462.0,1462.0,1462.0,0.0,0.0,8.0
2017-12-01 14:15:00,1462.0,1462.0,1462.0,1462.0,0.0,0.0,8.0
2017-12-01 14:20:00,1462.0,1462.0,1462.0,1462.0,0.0,0.0,8.0
2017-12-01 14:25:00,1462.0,1462.0,1462.0,1462.0,0.0,0.0,8.0
2017-12-01 14:30:00,1462.0,1462.0,1462.0,1462.0,0.0,0.0,8.0
2017-12-01 14:35:00,1462.0,1462.0,1462.0,1462.0,0.0,0.0,8.0
2017-12-01 14:40:00,1462.0,1462.0,1462.0,1462.0,0.0,0.0,8.0
2017-12-01 14:45:00,1462.0,1462.0,1462.0,1462.0,0.0,0.0,8.0
2017-12-01 14:50:00,1462.0,1462.0,1462.0,1462.0,0.0,0.0,8.0
2017-12-01 14:55:00,1462.0,1462.0,1462.0,1462.0,0.0,0.0,8.0
2017-12-01 21:00:00,1469.0,1469.0,1469.0,1469.0,0.0,0.0,8.0
2017-12-01 21:05:00,1469.0,1469.0,1469.0,1469.0,0.0,0.0,8.0
2017-12-01 21:10:00,1469.0,1469.0,1469.0,1469.0,0.0,0.0,8.0
2017-12-01 21:15:00,1469.0,1469.0,1469.0,1469.0,0.0,0.0,8.0
2017-12-01 21:20:00,1469.0,1469.0,1469.0,1469.0,0.0,0.0,8.0
2017-12-01 21:25:00,1469.0,1469.0,1469.0,1469.0,0.0,0.0,8.0
2017-12-01 21:30:00,1469.0,1469.0,1469.0,1469.0,0.0,0.0,8.0
2017-12-01 21:35:00,1469.0,1469.0,1469.0,1469.0,0.0,0.0,8.0
2017-12-01 21:40:00,1469.0,1469.0,1469.0,1469.0,0.0,0.0,8.0
2017-12-01 21:45:00,1469.0,1469.0,1469.0,1469.0,0.0,0.0,8.0
2017-12-01 21:50:00,1469.0,1469.0,1469.0,1469.0,0.0,0.0,8.0
2017-12-01 21:55:00,1469.0,1469.0,1469.0,1469.0,0.0,0.0,8.0
2017-12-01 22:00:00,1469.0,1469.0,1469.0,1469.0,0.0,0.0,8.0
2017-12-01 22:05:00,1469.0,1469.0,1469.0,1469.0,0.0,0.0,8.0
2017-12-01 22:10:00,1469.0,1469.0,1469.0,1469.0,0.0,0.0,8.0
2017-12-01 22:15:00,1469.0,1469.0,1469.0,1469.0,0.0,0.0,8.0
2017-12-01 22:20:00,1469.0,1469.0,1469.0,1469.0,0.0,0.0,8.0
2017-12-01 22:25:00,1469.0,1469.0,1469.0,1469.0,0.0,0.0,8.0
2017-12-01 22:30:00,1469.0,1469.0,1469.0,1469.0,0.0,0.0,8.0
2017-12-01 22:35:00,1469.0,1469.0,1469.0,1469.0,0.0,0.0,8.0
2017-12-01 22:40:00,1469.0,1469.0,1469.0,1469.0,0.0,0.0,8.0
2017-12-01 22:45:00,1469.0,1469.0,1469.0,1469.0,0.0,0.0,8.0
2017-12-01 22:50:00,1469.0,1469.0,1469.0,1469.0,0.0,0.0,8.0
2017-12-01 22:55:00,1469.0,1469.0,1469.0,1469.0,0.0,0.0,8.0
2017-12-01 23:00:00,1469.0,1469.0,1469.0,1469.0,0.0,0.0,8.0
2017-12-01 23:05:00,1469.0,1469.0,1469.0,1469.0,0.0,0.0,8.0
2017-12-01 23:10:00,1469.0,1469.0,1469.0,1469.0,0.0,0.0,8.0
2017-12-01 23:15:00,1469.0,1469.0,1469.0,1469.0,0.0,0.0,8.0
2017-12-01 23:20:00,1469.0,1469.0,1469.0,1469.0,0.0,0.0,8.0
2017-12-01 23:25:00,1469.0,1469.0,1469.0,1469.0,0.0,0.0,8.0
2017-12-04 09:00:00,1469.0,1507.0,1469.0,1507.0,2.0,60280.0,6.0
2017-12-04 09:05:00,1507.0,1507.0,1507.0,1507.0,0.0,0.0,6.0
2017-12-04 09:10:00,1507.0,1507.0,1507.0,1507.0,0.0,0.0,6.0
2017-12-04 09:15:00,1507.0,1507.0,1507.0,1507.0,0.0,0.0,6.0
2017-12-04 09:20:00,1507.0,1507.0,1507.0,1507.0,0.0,0.0,6.0
2017-12-04 09:25:00,1507.0,1507.0,1507.0,1507.0,0.0,0.0,6.0
2017-12-04 09:30:00,1507.0,1507.0,1507.0,1507.0,0.0,0.0,6.0
2017-12-04 09:35:00,1507.0,1507.0,1507.0,1507.0,0.0,0.0,6.0
2017-12-04 09:40:00,1507.0,1507.0,1507.0,1507.0,0.0,0.0,6.0
2017-12-04 09:45:00,1507.0,1507.0,1507.0,1507.0,0.0,0.0,6.0
2017-12-04 09:50:00,1507.0,1507.0,1507.0,1507.0,0.0,0.0,6.0
2017-12-04 09:55:00,1507.0,1507.0,1507.0,1507.0,0.0,0.0,6.0
2017-12-04 10:00:00,1507.0,1507.0,1507.0,1507.0,0.0,0.0,6.0
2017-12-04 10:05:00,1507.0,1507.0,1507.0,1507.0,0.0,0.0,6.0
2017-12-04 10:10:00,1507.0,1507.0,1507.0,1507.0,0.0,0.0,6.0
2017-12-04 10:30:00,1507.0,1507.0,1507.0,1507.0,0.0,0.0,6.0
2017-12-04 10:35:00,1507.0,1507.0,1507.0,1507.0,0.0,0.0,6.0
2017-12-04 10:40:00,1507.0,1507.0,1507.0,1507.0,0.0,0.0,6.0
2017-12-04 10:45:00,1507.0,1507.0,1507.0,1507.0,0.0,0.0,6.0
2017-12-04 10:50:00,1507.0,1507.0,1507.0,1507.0,0.0,0.0,6.0
2017-12-04 10:55:00,1507.0,1507.0,1507.0,1507.0,0.0,0.0,6.0
2017-12-04 11:00:00,1507.0,1507.0,1507.0,1507.0,0.0,0.0,6.0
2017-12-04 11:05:00,1507.0,1507.0,1507.0,1507.0,0.0,0.0,6.0
2017-12-04 11:10:00,1507.0,1507.0,1507.0,1507.0,0.0,0.0,6.0
2017-12-04 11:15:00,1507.0,1507.0,1507.0,1507.0,0.0,0.0,6.0
2017-12-04 11:20:00,1507.0,1507.0,1507.0,1507.0,0.0,0.0,6.0
2017-12-04 11:25:00,1507.0,1507.0,1507.0,1507.0,0.0,0.0,6.0
2017-12-04 13:30:00,1507.0,1507.0,1503.0,1503.0,2.0,60120.0,6.0
2017-12-04 13:35:00,1503.0,1503.0,1503.0,1503.0,0.0,0.0,6.0
2017-12-04 13:40:00,1503.0,1503.0,1503.0,1503.0,0.0,0.0,6.0
2017-12-04 13:45:00,1503.0,1503.0,1503.0,1503.0,0.0,0.0,6.0
2017-12-04 13:50:00,1503.0,1503.0,1503.0,1503.0,0.0,0.0,6.0
2017-12-04 13:55:00,1503.0,1503.0,1503.0,1503.0,0.0,0.0,6.0
2017-12-04 14:00:00,1503.0,1503.0,1503.0,1503.0,0.0,0.0,6.0
2017-12-04 14:05:00,1503.0,1503.0,1503.0,1503.0,0.0,0.0,6.0
2017-12-04 14:10:00,1503.0,1503.0,1503.0,1503.0,0.0,0.0,6.0
2017-12-04 14:15:00,1503.0,1503.0,1501.0,1501.0,2.0,60080.0,8.0
2017-12-04 14:20:00,1501.0,1501.0,1501.0,1501.0,0.0,0.0,8.0
2017-12-04 14:25:00,1501.0,1501.0,1501.0,1501.0,0.0,0.0,8.0
2017-12-04 14:30:00,1501.0,1501.0,1501.0,1501.0,0.0,0.0,8.0
2017-12-04 14:35:00,1501.0,1501.0,1501.0,1501.0,0.0,0.0,8.0
2017-12-04 14:40:00,1501.0,1501.0,1501.0,1501.0,0.0,0.0,8.0
2017-12-04 14:45:00,1501.0,1501.0,1501.0,1501.0,0.0,0.0,8.0
2017-12-04 14:50:00,1501.0,1501.0,1501.0,1501.0,0.0,0.0,8.0
2017-12-04 14:55:00,1501.0,1501.0,1501.0,1501.0,0.0,0.0,8.0
2017-12-04 21:00:00,1504.0,1504.0,1504.0,1504.0,0.0,0.0,8.0
2017-12-04 21:05:00,1504.0,1504.0,1504.0,1504.0,0.0,0.0,8.0
2017-12-04 21:10:00,1504.0,1504.0,1504.0,1504.0,0.0,0.0,8.0
2017-12-04 21:15:00,1504.0,1504.0,1504.0,1504.0,0.0,0.0,8.0
2017-12-04 21:20:00,1504.0,1504.0,1504.0,1504.0,0.0,0.0,8.0
2017-12-04 21:25:00,1504.0,1504.0,1504.0,1504.0,0.0,0.0,8.0
2017-12-04 21:30:00,1504.0,1504.0,1504.0,1504.0,0.0,0.0,8.0
2017-12-04 21:35:00,1504.0,1504.0,1504.0,1504.0,0.0,0.0,8.0
2017-12-04 21:40:00,1504.0,1504.0,1504.0,1504.0,0.0,0.0,8.0
2017-12-04 21:45:00,1504.0,1504.0,1504.0,1504.0,0.0,0.0,8.0
2017-12-04 21:50:00,1504.0,1504.0,1504.0,1504.0,0.0,0.0,8.0
2017-12-04 21:55:00,1504.0,1504.0,1504.0,1504.0,0.0,0.0,8.0
2017-12-04 22:00:00,1504.0,1504.0,1504.0,1504.0,0.0,0.0,8.0
2017-12-04 22:05:00,1504.0,1504.0,1504.0,1504.0,0.0,0.0,8.0
2017-12-04 22:10:00,1504.0,1504.0,1504.0,1504.0,0.0,0.0,8.0
2017-12-04 22:15:00,1504.0,1504.0,1504.0,1504.0,0.0,0.0,8.0
2017-12-04 22:20:00,1504.0,1504.0,1504.0,1504.0,0.0,0.0,8.0
2017-12-04 22:25:00,1504.0,1504.0,1504.0,1504.0,0.0,0.0,8.0
2017-12-04 22:30:00,1504.0,1504.0,1504.0,1504.0,0.0,0.0,8.0
2017-12-04 22:35:00,1504.0,1504.0,1504.0,1504.0,0.0,0.0,8.0
2017-12-04 22:40:00,1504.0,1504.0,1504.0,1504.0,0.0,0.0,8.0
2017-12-04 22:45:00,1504.0,1504.0,1504.0,1504.0,0.0,0.0,8.0
2017-12-04 22:50:00,1504.0,1504.0,1504.0,1504.0,0.0,0.0,8.0
2017-12-04 22:55:00,1504.0,1504.0,1504.0,1504.0,0.0,0.0,8.0
2017-12-04 23:00:00,1504.0,1504.0,1504.0,1504.0,0.0,0.0,8.0
2017-12-04 23:05:00,1504.0,1504.0,1504.0,1504.0,0.0,0.0,8.0
2017-12-04 23:10:00,1504.0,1504.0,1504.0,1504.0,0.0,0.0,8.0
2017-12-04 23:15:00,1504.0,1504.0,1504.0,1504.0,0.0,0.0,8.0
2017-12-04 23:20:00,1504.0,1504.0,1504.0,1504.0,0.0,0.0,8.0
2017-12-04 23:25:00,1504.0,1504.0,1504.0,1504.0,0.0,0.0,8.0
2017-12-05 09:00:00,1504.0,1504.0,1504.0,1504.0,0.0,0.0,8.0
2017-12-05 09:05:00,1504.0,1504.0,1504.0,1504.0,0.0,0.0,8.0
2017-12-05 09:10:00,1504.0,1504.0,1504.0,1504.0,0.0,0.0,8.0
2017-12-05 09:15:00,1504.0,1504.0,1504.0,1504.0,0.0,0.0,8.0
2017-12-05 09:20:00,1504.0,1504.0,1504.0,1504.0,0.0,0.0,8.0
2017-12-05 09:25:00,1504.0,1504.0,1504.0,1504.0,0.0,0.0,8.0
2017-12-05 09:30:00,1504.0,1504.0,1504.0,1504.0,0.0,0.0,8.0
2017-12-05 09:35:00,1504.0,1504.0,1504.0,1504.0,0.0,0.0,8.0
2017-12-05 09:40:00,1504.0,1504.0,1504.0,1504.0,0.0,0.0,8.0
2017-12-05 09:45:00,1504.0,1504.0,1504.0,1504.0,0.0,0.0,8.0
2017-12-05 09:50:00,1504.0,1504.0,1504.0,1504.0,0.0,0.0,8.0
2017-12-05 09:55:00,1504.0,1504.0,1504.0,1504.0,0.0,0.0,8.0
2017-12-05 10:00:00,1504.0,1504.0,1504.0,1504.0,0.0,0.0,8.0
2017-12-05 10:05:00,1504.0,1504.0,1504.0,1504.0,0.0,0.0,8.0
2017-12-05 10:10:00,1504.0,1504.0,1504.0,1504.0,0.0,0.0,8.0
2017-12-05 10:30:00,1504.0,1504.0,1504.0,1504.0,0.0,0.0,8.0
2017-12-05 10:35:00,1504.0,1504.0,1504.0,1504.0,0.0,0.0,8.0
2017-12-05 10:40:00,1504.0,1504.0,1504.0,1504.0,0.0,0.0,8.0
2017-12-05 10:45:00,1504.0,1504.0,1504.0,1504.0,0.0,0.0,8.0
2017-12-05 10:50:00,1504.0,1504.0,1504.0,1504.0,0.0,0.0,8.0
2017-12-05 10:55:00,1504.0,1504.0,1504.0,1504.0,0.0,0.0,8.0
2017-12-05 11:00:00,1504.0,1504.0,1504.0,1504.0,0.0,0.0,8.0
2017-12-05 11:05:00,1504.0,1504.0,1504.0,1504.0,0.0,0.0,8.0
2017-12-05 11:10:00,1504.0,1504.0,1504.0,1504.0,0.0,0.0,8.0
2017-12-05 11:15:00,1504.0,1504.0,1504.0,1504.0,0.0,0.0,8.0
2017-12-05 11:20:00,1504.0,1504.0,1504.0,1504.0,0.0,0.0,8.0
2017-12-05 11:25:00,1504.0,1504.0,1504.0,1504.0,0.0,0.0,8.0
2017-12-05 13:30:00,1504.0,1504.0,1504.0,1504.0,0.0,0.0,8.0
2017-12-05 13:35:00,1504.0,1504.0,1504.0,1504.0,0.0,0.0,8.0
2017-12-05 13:40:00,1504.0,1504.0,1504.0,1504.0,0.0,0.0,8.0
2017-12-05 13:45:00,1504.0,1504.0,1504.0,1504.0,0.0,0.0,8.0
2017-12-05 13:50:00,1504.0,1504.0,1504.0,1504.0,0.0,0.0,8.0
2017-12-05 13:55:00,1504.0,1504.0,1504.0,1504.0,0.0,0.0,8.0
2017-12-05 14:00:00,1504.0,1504.0,1504.0,1504.0,0.0,0.0,8.0
2017-12-05 14:05:00,1504.0,1504.0,1504.0,1504.0,0.0,0.0,8.0
2017-12-05 14:10:00,1504.0,1504.0,1504.0,1504.0,0.0,0.0,8.0
2017-12-05 14:15:00,1504.0,1504.0,1504.0,1504.0,0.0,0.0,8.0
2017-12-05 14:20:00,1504.0,1504.0,1504.0,1504.0,0.0,0.0,8.0
2017-12-05 14:25:00,1504.0,1504.0,1504.0,1504.0,0.0,0.0,8.0
2017-12-05 14:30:00,1504.0,1504.0,1504.0,1504.0,0.0,0.0,8.0
2017-12-05 14:35:00,1504.0,1504.0,1504.0,1504.0,0.0,0.0,8.0
2017-12-05 14:40:00,1504.0,1504.0,1504.0,1504.0,0.0,0.0,8.0
2017-12-05 14:45:00,1504.0,1504.0,1504.0,1504.0,0.0,0.0,8.0
2017-12-05 14:50:00,1504.0,1504.0,1504.0,1504.0,0.0,0.0,8.0
2017-12-05 14:55:00,1504.0,1504.0,1504.0,1504.0,0.0,0.0,8.0
2017-12-05 21:00:00,1499.0,1499.0,1499.0,1499.0,0.0,0.0,8.0
2017-12-05 21:05:00,1499.0,1499.0,1499.0,1499.0,0.0,0.0,8.0
2017-12-05 21:10:00,1499.0,1499.0,1499.0,1499.0,0.0,0.0,8.0
2017-12-05 21:15:00,1499.0,1499.0,1499.0,1499.0,0.0,0.0,8.0
2017-12-05 21:20:00,1499.0,1499.0,1499.0,1499.0,0.0,0.0,8.0
2017-12-05 21:25:00,1499.0,1499.0,1499.0,1499.0,0.0,0.0,8.0
2017-12-05 21:30:00,1499.0,1499.0,1499.0,1499.0,0.0,0.0,8.0
2017-12-05 21:35:00,1499.0,1499.0,1499.0,1499.0,0.0,0.0,8.0
2017-12-05 21:40:00,1499.0,1499.0,1499.0,1499.0,0.0,0.0,8.0
2017-12-05 21:45:00,1499.0,1499.0,1499.0,1499.0,0.0,0.0,8.0
2017-12-05 21:50:00,1499.0,1499.0,1499.0,1499.0,0.0,0.0,8.0
2017-12-05 21:55:00,1499.0,1499.0,1499.0,1499.0,0.0,0.0,8.0
2017-12-05 22:00:00,1499.0,1499.0,1499.0,1499.0,0.0,0.0,8.0
2017-12-05 22:05:00,1499.0,1499.0,1499.0,1499.0,0.0,0.0,8.0
2017-12-05 22:10:00,1499.0,1499.0,1499.0,1499.0,0.0,0.0,8.0
2017-12-05 22:15:00,1499.0,1499.0,1499.0,1499.0,0.0,0.0,8.0
2017-12-05 22:20:00,1499.0,1499.0,1499.0,1499.0,0.0,0.0,8.0
2017-12-05 22:25:00,1499.0,1499.0,1499.0,1499.0,0.0,0.0,8.0
2017-12-05 22:30:00,1499.0,1499.0,1499.0,1499.0,0.0,0.0,8.0
2017-12-05 22:35:00,1499.0,1499.0,1499.0,1499.0,0.0,0.0,8.0
2017-12-05 22:40:00,1499.0,1499.0,1499.0,1499.0,0.0,0.0,8.0
2017-12-05 22:45:00,1499.0,1499.0,1499.0,1499.0,0.0,0.0,8.0
2017-12-05 22:50:00,1499.0,1499.0,1499.0,1499.0,0.0,0.0,8.0
2017-12-05 22:55:00,1499.0,1499.0,1499.0,1499.0,0.0,0.0,8.0
2017-12-05 23:00:00,1499.0,1499.0,1499.0,1499.0,0.0,0.0,8.0
2017-12-05 23:05:00,1499.0,1499.0,1499.0,1499.0,0.0,0.0,8.0
2017-12-05 23:10:00,1499.0,1499.0,1499.0,1499.0,0.0,0.0,8.0
2017-12-05 23:15:00,1499.0,1499.0,1499.0,1499.0,0.0,0.0,8.0
2017-12-05 23:20:00,1499.0,1499.0,1499.0,1499.0,0.0,0.0,8.0
2017-12-05 23:25:00,1499.0,1499.0,1499.0,1499.0,0.0,0.0,8.0
2017-12-06 09:00:00,1499.0,1499.0,1499.0,1499.0,0.0,0.0,8.0
2017-12-06 09:05:00,1499.0,1499.0,1499.0,1499.0,0.0,0.0,8.0
2017-12-06 09:10:00,1499.0,1499.0,1499.0,1499.0,0.0,0.0,8.0
2017-12-06 09:15:00,1499.0,1499.0,1499.0,1499.0,0.0,0.0,8.0
2017-12-06 09:20:00,1499.0,1499.0,1499.0,1499.0,0.0,0.0,8.0
2017-12-06 09:25:00,1499.0,1499.0,1499.0,1499.0,0.0,0.0,8.0
2017-12-06 09:30:00,1499.0,1499.0,1499.0,1499.0,0.0,0.0,8.0
2017-12-06 09:35:00,1499.0,1499.0,1499.0,1499.0,0.0,0.0,8.0
2017-12-06 09:40:00,1499.0,1499.0,1499.0,1499.0,0.0,0.0,8.0
2017-12-06 09:45:00,1499.0,1499.0,1499.0,1499.0,0.0,0.0,8.0
2017-12-06 09:50:00,1499.0,1499.0,1499.0,1499.0,0.0,0.0,8.0
2017-12-06 09:55:00,1499.0,1499.0,1499.0,1499.0,0.0,0.0,8.0
2017-12-06 10:00:00,1499.0,1499.0,1499.0,1499.0,0.0,0.0,8.0
2017-12-06 10:05:00,1499.0,1499.0,1499.0,1499.0,0.0,0.0,8.0
2017-12-06 10:10:00,1499.0,1499.0,1499.0,1499.0,2.0,59960.0,6.0
2017-12-06 10:30:00,1499.0,1499.0,1499.0,1499.0,0.0,0.0,6.0
2017-12-06 10:35:00,1499.0,1499.0,1499.0,1499.0,0.0,0.0,6.0
2017-12-06 10:40:00,1499.0,1499.0,1499.0,1499.0,0.0,0.0,6.0
2017-12-06 10:45:00,1499.0,1499.0,1499.0,1499.0,0.0,0.0,6.0
2017-12-06 10:50:00,1499.0,1499.0,1499.0,1499.0,0.0,0.0,6.0
2017-12-06 10:55:00,1499.0,1499.0,1499.0,1499.0,0.0,0.0,6.0
2017-12-06 11:00:00,1499.0,1499.0,1499.0,1499.0,0.0,0.0,6.0
2017-12-06 11:05:00,1499.0,1499.0,1499.0,1499.0,0.0,0.0,6.0
2017-12-06 11:10:00,1499.0,1499.0,1499.0,1499.0,0.0,0.0,6.0
2017-12-06 11:15:00,1499.0,1499.0,1499.0,1499.0,0.0,0.0,6.0
2017-12-06 11:20:00,1499.0,1499.0,1499.0,1499.0,0.0,0.0,6.0
2017-12-06 11:25:00,1499.0,1499.0,1499.0,1499.0,0.0,0.0,6.0
2017-12-06 13:30:00,1499.0,1499.0,1499.0,1499.0,0.0,0.0,6.0
2017-12-06 13:35:00,1499.0,1499.0,1499.0,1499.0,0.0,0.0,6.0
2017-12-06 13:40:00,1499.0,1499.0,1499.0,1499.0,0.0,0.0,6.0
2017-12-06 13:45:00,1499.0,1499.0,1499.0,1499.0,0.0,0.0,6.0
2017-12-06 13:50:00,1499.0,1499.0,1499.0,1499.0,0.0,0.0,6.0
2017-12-06 13:55:00,1499.0,1499.0,1499.0,1499.0,0.0,0.0,6.0
2017-12-06 14:00:00,1499.0,1499.0,1499.0,1499.0,0.0,0.0,6.0
2017-12-06 14:05:00,1499.0,1499.0,1499.0,1499.0,0.0,0.0,6.0
2017-12-06 14:10:00,1499.0,1499.0,1499.0,1499.0,0.0,0.0,6.0
2017-12-06 14:15:00,1499.0,1499.0,1499.0,1499.0,0.0,0.0,6.0
2017-12-06 14:20:00,1499.0,1499.0,1499.0,1499.0,0.0,0.0,6.0
2017-12-06 14:25:00,1499.0,1499.0,1499.0,1499.0,0.0,0.0,6.0
2017-12-06 14:30:00,1499.0,1499.0,1499.0,1499.0,0.0,0.0,6.0
2017-12-06 14:35:00,1499.0,1499.0,1499.0,1499.0,0.0,0.0,6.0
2017-12-06 14:40:00,1499.0,1499.0,1499.0,1499.0,0.0,0.0,6.0
2017-12-06 14:45:00,1499.0,1499.0,1499.0,1499.0,0.0,0.0,6.0
2017-12-06 14:50:00,1499.0,1499.0,1499.0,1499.0,0.0,0.0,6.0
2017-12-06 14:55:00,1499.0,1499.0,1499.0,1499.0,0.0,0.0,6.0
2017-12-06 21:00:00,1499.0,1499.0,1499.0,1499.0,0.0,0.0,6.0
2017-12-06 21:05:00,1499.0,1499.0,1499.0,1499.0,0.0,0.0,6.0
2017-12-06 21:10:00,1499.0,1499.0,1499.0,1499.0,0.0,0.0,6.0
2017-12-06 21:15:00,1499.0,1499.0,1499.0,1499.0,0.0,0.0,6.0
2017-12-06 21:20:00,1499.0,1499.0,1499.0,1499.0,0.0,0.0,6.0
2017-12-06 21:25:00,1499.0,1499.0,1499.0,1499.0,0.0,0.0,6.0
2017-12-06 21:30:00,1499.0,1499.0,1499.0,1499.0,0.0,0.0,6.0
2017-12-06 21:35:00,1499.0,1499.0,1499.0,1499.0,0.0,0.0,6.0
2017-12-06 21:40:00,1499.0,1499.0,1499.0,1499.0,0.0,0.0,6.0
2017-12-06 21:45:00,1499.0,1499.0,1499.0,1499.0,0.0,0.0,6.0
2017-12-06 21:50:00,1499.0,1499.0,1499.0,1499.0,0.0,0.0,6.0
2017-12-06 21:55:00,1499.0,1499.0,1499.0,1499.0,0.0,0.0,6.0
2017-12-06 22:00:00,1499.0,1499.0,1499.0,1499.0,0.0,0.0,6.0
2017-12-06 22:05:00,1499.0,1499.0,1499.0,1499.0,0.0,0.0,6.0
2017-12-06 22:10:00,1499.0,1499.0,1499.0,1499.0,0.0,0.0,6.0
2017-12-06 22:15:00,1499.0,1499.0,1499.0,1499.0,0.0,0.0,6.0
2017-12-06 22:20:00,1499.0,1499.0,1499.0,1499.0,0.0,0.0,6.0
2017-12-06 22:25:00,1499.0,1499.0,1499.0,1499.0,0.0,0.0,6.0
2017-12-06 22:30:00,1499.0,1499.0,1499.0,1499.0,0.0,0.0,6.0
2017-12-06 22:35:00,1499.0,1499.0,1499.0,1499.0,0.0,0.0,6.0
2017-12-06 22:40:00,1499.0,1499.0,1499.0,1499.0,0.0,0.0,6.0
2017-12-06 22:45:00,1499.0,1499.0,1499.0,1499.0,0.0,0.0,6.0
2017-12-06 22:50:00,1499.0,1499.0,1499.0,1499.0,0.0,0.0,6.0
2017-12-06 22:55:00,1499.0,1499.0,1499.0,1499.0,0.0,0.0,6.0
2017-12-06 23:00:00,1499.0,1499.0,1499.0,1499.0,0.0,0.0,6.0
2017-12-06 23:05:00,1499.0,1499.0,1499.0,1499.0,0.0,0.0,6.0
2017-12-06 23:10:00,1499.0,1499.0,1499.0,1499.0,0.0,0.0,6.0
2017-12-06 23:15:00,1499.0,1499.0,1499.0,1499.0,0.0,0.0,6.0
2017-12-06 23:20:00,1499.0,1499.0,1499.0,1499.0,0.0,0.0,6.0
2017-12-06 23:25:00,1499.0,1499.0,1499.0,1499.0,0.0,0.0,6.0
2017-12-07 09:00:00,1499.0,1499.0,1499.0,1499.0,0.0,0.0,6.0
2017-12-07 09:05:00,1499.0,1499.0,1499.0,1499.0,0.0,0.0,6.0
2017-12-07 09:10:00,1499.0,1499.0,1499.0,1499.0,0.0,0.0,6.0
2017-12-07 09:15:00,1499.0,1499.0,1499.0,1499.0,0.0,0.0,6.0
2017-12-07 09:20:00,1499.0,1499.0,1499.0,1499.0,0.0,0.0,6.0
2017-12-07 09:25:00,1499.0,1499.0,1499.0,1499.0,0.0,0.0,6.0
2017-12-07 09:30:00,1499.0,1499.0,1499.0,1499.0,0.0,0.0,6.0
2017-12-07 09:35:00,1499.0,1499.0,1499.0,1499.0,0.0,0.0,6.0
2017-12-07 09:40:00,1499.0,1499.0,1499.0,1499.0,0.0,0.0,6.0
2017-12-07 09:45:00,1499.0,1499.0,1499.0,1499.0,0.0,0.0,6.0
2017-12-07 09:50:00,1499.0,1499.0,1499.0,1499.0,0.0,0.0,6.0
2017-12-07 09:55:00,1499.0,1499.0,1499.0,1499.0,0.0,0.0,6.0
2017-12-07 10:00:00,1499.0,1499.0,1499.0,1499.0,0.0,0.0,6.0
2017-12-07 10:05:00,1499.0,1499.0,1499.0,1499.0,0.0,0.0,6.0
2017-12-07 10:10:00,1499.0,1499.0,1499.0,1499.0,0.0,0.0,6.0
2017-12-07 10:30:00,1499.0,1499.0,1499.0,1499.0,0.0,0.0,6.0
2017-12-07 10:35:00,1499.0,1499.0,1499.0,1499.0,0.0,0.0,6.0
2017-12-07 10:40:00,1499.0,1499.0,1499.0,1499.0,0.0,0.0,6.0
2017-12-07 10:45:00,1499.0,1499.0,1499.0,1499.0,0.0,0.0,6.0
2017-12-07 10:50:00,1499.0,1499.0,1499.0,1499.0,0.0,0.0,6.0
2017-12-07 10:55:00,1499.0,1499.0,1499.0,1499.0,0.0,0.0,6.0
2017-12-07 11:00:00,1499.0,1499.0,1499.0,1499.0,0.0,0.0,6.0
2017-12-07 11:05:00,1499.0,1499.0,1499.0,1499.0,0.0,0.0,6.0
2017-12-07 11:10:00,1499.0,1499.0,1499.0,1499.0,0.0,0.0,6.0
2017-12-07 11:15:00,1499.0,1499.0,1499.0,1499.0,0.0,0.0,6.0
2017-12-07 11:20:00,1499.0,1499.0,1499.0,1499.0,0.0,0.0,6.0
2017-12-07 11:25:00,1499.0,1499.0,1499.0,1499.0,0.0,0.0,6.0
2017-12-07 13:30:00,1499.0,1499.0,1499.0,1499.0,0.0,0.0,6.0
2017-12-07 13:35:00,1499.0,1499.0,1499.0,1499.0,0.0,0.0,6.0
2017-12-07 13:40:00,1499.0,1499.0,1499.0,1499.0,0.0,0.0,6.0
2017-12-07 13:45:00,1499.0,1499.0,1499.0,1499.0,0.0,0.0,6.0
2017-12-07 13:50:00,1499.0,1499.0,1499.0,1499.0,0.0,0.0,6.0
2017-12-07 13:55:00,1499.0,1499.0,1499.0,1499.0,0.0,0.0,6.0
2017-12-07 14:00:00,1499.0,1499.0,1499.0,1499.0,0.0,0.0,6.0
2017-12-07 14:05:00,1499.0,1499.0,1499.0,1499.0,0.0,0.0,6.0
2017-12-07 14:10:00,1499.0,1499.0,1499.0,1499.0,0.0,0.0,6.0
2017-12-07 14:15:00,1499.0,1499.0,1499.0,1499.0,0.0,0.0,6.0
2017-12-07 14:20:00,1499.0,1499.0,1499.0,1499.0,0.0,0.0,6.0
2017-12-07 14:25:00,1499.0,1499.0,1499.0,1499.0,0.0,0.0,6.0
2017-12-07 14:30:00,1499.0,1499.0,1499.0,1499.0,0.0,0.0,6.0
2017-12-07 14:35:00,1499.0,1499.0,1499.0,1499.0,0.0,0.0,6.0
2017-12-07 14:40:00,1499.0,1499.0,1499.0,1499.0,0.0,0.0,6.0
2017-12-07 14:45:00,1499.0,1499.0,1499.0,1499.0,0.0,0.0,6.0
2017-12-07 14:50:00,1499.0,1499.0,1499.0,1499.0,0.0,0.0,6.0
2017-12-07 14:55:00,1499.0,1499.0,1499.0,1499.0,0.0,0.0,6.0
2017-12-07 21:00:00,1464.0,1464.0,1464.0,1464.0,0.0,0.0,6.0
2017-12-07 21:05:00,1464.0,1464.0,1464.0,1464.0,0.0,0.0,6.0
2017-12-07 21:10:00,1464.0,1464.0,1464.0,1464.0,0.0,0.0,6.0
2017-12-07 21:15:00,1464.0,1464.0,1464.0,1464.0,0.0,0.0,6.0
2017-12-07 21:20:00,1464.0,1464.0,1464.0,1464.0,0.0,0.0,6.0
2017-12-07 21:25:00,1464.0,1464.0,1464.0,1464.0,0.0,0.0,6.0
2017-12-07 21:30:00,1464.0,1464.0,1464.0,1464.0,0.0,0.0,6.0
2017-12-07 21:35:00,1464.0,1464.0,1464.0,1464.0,0.0,0.0,6.0
2017-12-07 21:40:00,1464.0,1464.0,1464.0,1464.0,0.0,0.0,6.0
2017-12-07 21:45:00,1464.0,1464.0,1464.0,1464.0,0.0,0.0,6.0
2017-12-07 21:50:00,1464.0,1464.0,1464.0,1464.0,0.0,0.0,6.0
2017-12-07 21:55:00,1464.0,1464.0,1464.0,1464.0,0.0,0.0,6.0
2017-12-07 22:00:00,1464.0,1464.0,1464.0,1464.0,0.0,0.0,6.0
2017-12-07 22:05:00,1464.0,1464.0,1464.0,1464.0,0.0,0.0,6.0
2017-12-07 22:10:00,1464.0,1464.0,1464.0,1464.0,0.0,0.0,6.0
2017-12-07 22:15:00,1464.0,1464.0,1464.0,1464.0,0.0,0.0,6.0
2017-12-07 22:20:00,1464.0,1464.0,1464.0,1464.0,0.0,0.0,6.0
2017-12-07 22:25:00,1464.0,1464.0,1464.0,1464.0,0.0,0.0,6.0
2017-12-07 22:30:00,1464.0,1464.0,1464.0,1464.0,0.0,0.0,6.0
2017-12-07 22:35:00,1464.0,1464.0,1464.0,1464.0,0.0,0.0,6.0
2017-12-07 22:40:00,1464.0,1464.0,1464.0,1464.0,0.0,0.0,6.0
2017-12-07 22:45:00,1464.0,1464.0,1464.0,1464.0,0.0,0.0,6.0
2017-12-07 22:50:00,1464.0,1464.0,1464.0,1464.0,0.0,0.0,6.0
2017-12-07 22:55:00,1464.0,1464.0,1464.0,1464.0,0.0,0.0,6.0
2017-12-07 23:00:00,1464.0,1464.0,1464.0,1464.0,0.0,0.0,6.0
2017-12-07 23:05:00,1464.0,1464.0,1464.0,1464.0,0.0,0.0,6.0
2017-12-07 23:10:00,1464.0,1464.0,1464.0,1464.0,0.0,0.0,6.0
2017-12-07 23:15:00,1464.0,1464.0,1464.0,1464.0,0.0,0.0,6.0
2017-12-07 23:20:00,1464.0,1464.0,1464.0,1464.0,0.0,0.0,6.0
2017-12-07 23:25:00,1464.0,1464.0,1464.0,1464.0,0.0,0.0,6.0
2017-12-08 09:00:00,1464.0,1464.0,1464.0,1464.0,0.0,0.0,6.0
2017-12-08 09:05:00,1464.0,1464.0,1464.0,1464.0,0.0,0.0,6.0
2017-12-08 09:10:00,1464.0,1464.0,1464.0,1464.0,0.0,0.0,6.0
2017-12-08 09:15:00,1464.0,1464.0,1464.0,1464.0,0.0,0.0,6.0
2017-12-08 09:20:00,1464.0,1464.0,1464.0,1464.0,0.0,0.0,6.0
2017-12-08 09:25:00,1464.0,1464.0,1464.0,1464.0,0.0,0.0,6.0
2017-12-08 09:30:00,1464.0,1464.0,1464.0,1464.0,0.0,0.0,6.0
2017-12-08 09:35:00,1464.0,1464.0,1464.0,1464.0,0.0,0.0,6.0
2017-12-08 09:40:00,1464.0,1464.0,1464.0,1464.0,0.0,0.0,6.0
2017-12-08 09:45:00,1464.0,1464.0,1464.0,1464.0,0.0,0.0,6.0
2017-12-08 09:50:00,1464.0,1464.0,1464.0,1464.0,0.0,0.0,6.0
2017-12-08 09:55:00,1464.0,1464.0,1464.0,1464.0,0.0,0.0,6.0
2017-12-08 10:00:00,1464.0,1464.0,1464.0,1464.0,0.0,0.0,6.0
2017-12-08 10:05:00,1464.0,1464.0,1464.0,1464.0,0.0,0.0,6.0
2017-12-08 10:10:00,1464.0,1464.0,1464.0,1464.0,0.0,0.0,6.0
2017-12-08 10:30:00,1464.0,1464.0,1464.0,1464.0,0.0,0.0,6.0
2017-12-08 10:35:00,1464.0,1464.0,1464.0,1464.0,0.0,0.0,6.0
2017-12-08 10:40:00,1464.0,1464.0,1464.0,1464.0,0.0,0.0,6.0
2017-12-08 10:45:00,1464.0,1464.0,1464.0,1464.0,0.0,0.0,6.0
2017-12-08 10:50:00,1464.0,1464.0,1464.0,1464.0,0.0,0.0,6.0
2017-12-08 10:55:00,1464.0,1464.0,1464.0,1464.0,0.0,0.0,6.0
2017-12-08 11:00:00,1464.0,1464.0,1464.0,1464.0,0.0,0.0,6.0
2017-12-08 11:05:00,1464.0,1464.0,1464.0,1464.0,0.0,0.0,6.0
2017-12-08 11:10:00,1464.0,1464.0,1464.0,1464.0,0.0,0.0,6.0
2017-12-08 11:15:00,1464.0,1464.0,1464.0,1464.0,0.0,0.0,6.0
2017-12-08 11:20:00,1464.0,1464.0,1464.0,1464.0,0.0,0.0,6.0
2017-12-08 11:25:00,1464.0,1464.0,1464.0,1464.0,0.0,0.0,6.0
2017-12-08 13:30:00,1464.0,1464.0,1464.0,1464.0,0.0,0.0,6.0
2017-12-08 13:35:00,1464.0,1464.0,1464.0,1464.0,0.0,0.0,6.0
2017-12-08 13:40:00,1464.0,1464.0,1464.0,1464.0,0.0,0.0,6.0
2017-12-08 13:45:00,1464.0,1464.0,1464.0,1464.0,0.0,0.0,6.0
2017-12-08 13:50:00,1464.0,1464.0,1464.0,1464.0,0.0,0.0,6.0
2017-12-08 13:55:00,1464.0,1464.0,1464.0,1464.0,0.0,0.0,6.0
2017-12-08 14:00:00,1464.0,1464.0,1464.0,1464.0,0.0,0.0,6.0
2017-12-08 14:05:00,1464.0,1464.0,1464.0,1464.0,0.0,0.0,6.0
2017-12-08 14:10:00,1464.0,1464.0,1464.0,1464.0,0.0,0.0,6.0
2017-12-08 14:15:00,1464.0,1464.0,1464.0,1464.0,0.0,0.0,6.0
2017-12-08 14:20:00,1464.0,1464.0,1464.0,1464.0,0.0,0.0,6.0
2017-12-08 14:25:00,1464.0,1464.0,1464.0,1464.0,0.0,0.0,6.0
2017-12-08 14:30:00,1464.0,1464.0,1464.0,1464.0,0.0,0.0,6.0
2017-12-08 14:35:00,1464.0,1464.0,1464.0,1464.0,0.0,0.0,6.0
2017-12-08 14:40:00,1464.0,1464.0,1464.0,1464.0,0.0,0.0,6.0
2017-12-08 14:45:00,1464.0,1464.0,1464.0,1464.0,0.0,0.0,6.0
2017-12-08 14:50:00,1464.0,1464.0,1464.0,1464.0,0.0,0.0,6.0
2017-12-08 14:55:00,1464.0,1464.0,1464.0,1464.0,0.0,0.0,6.0
2017-12-08 21:00:00,1464.0,1464.0,1464.0,1464.0,0.0,0.0,6.0
2017-12-08 21:05:00,1464.0,1464.0,1464.0,1464.0,0.0,0.0,6.0
2017-12-08 21:10:00,1464.0,1464.0,1464.0,1464.0,0.0,0.0,6.0
2017-12-08 21:15:00,1464.0,1464.0,1464.0,1464.0,0.0,0.0,6.0
2017-12-08 21:20:00,1464.0,1464.0,1464.0,1464.0,0.0,0.0,6.0
2017-12-08 21:25:00,1464.0,1464.0,1464.0,1464.0,0.0,0.0,6.0
2017-12-08 21:30:00,1464.0,1464.0,1464.0,1464.0,0.0,0.0,6.0
2017-12-08 21:35:00,1464.0,1464.0,1464.0,1464.0,0.0,0.0,6.0
2017-12-08 21:40:00,1464.0,1464.0,1464.0,1464.0,0.0,0.0,6.0
2017-12-08 21:45:00,1464.0,1464.0,1464.0,1464.0,0.0,0.0,6.0
2017-12-08 21:50:00,1464.0,1464.0,1464.0,1464.0,0.0,0.0,6.0
2017-12-08 21:55:00,1464.0,1464.0,1464.0,1464.0,0.0,0.0,6.0
2017-12-08 22:00:00,1464.0,1464.0,1464.0,1464.0,0.0,0.0,6.0
2017-12-08 22:05:00,1464.0,1464.0,1464.0,1464.0,0.0,0.0,6.0
2017-12-08 22:10:00,1464.0,1464.0,1464.0,1464.0,0.0,0.0,6.0
2017-12-08 22:15:00,1464.0,1464.0,1464.0,1464.0,0.0,0.0,6.0
2017-12-08 22:20:00,1464.0,1464.0,1464.0,1464.0,0.0,0.0,6.0
2017-12-08 22:25:00,1464.0,1464.0,1464.0,1464.0,0.0,0.0,6.0
2017-12-08 22:30:00,1464.0,1464.0,1464.0,1464.0,0.0,0.0,6.0
2017-12-08 22:35:00,1464.0,1464.0,1464.0,1464.0,0.0,0.0,6.0
2017-12-08 22:40:00,1464.0,1464.0,1464.0,1464.0,0.0,0.0,6.0
2017-12-08 22:45:00,1464.0,1464.0,1464.0,1464.0,0.0,0.0,6.0
2017-12-08 22:50:00,1464.0,1464.0,1464.0,1464.0,0.0,0.0,6.0
2017-12-08 22:55:00,1464.0,1464.0,1464.0,1464.0,0.0,0.0,6.0
2017-12-08 23:00:00,1464.0,1464.0,1464.0,1464.0,0.0,0.0,6.0
2017-12-08 23:05:00,1464.0,1464.0,1464.0,1464.0,0.0,0.0,6.0
2017-12-08 23:10:00,1464.0,1464.0,1464.0,1464.0,0.0,0.0,6.0
2017-12-08 23:15:00,1464.0,1464.0,1464.0,1464.0,0.0,0.0,6.0
2017-12-08 23:20:00,1464.0,1464.0,1464.0,1464.0,0.0,0.0,6.0
2017-12-08 23:25:00,1464.0,1464.0,1464.0,1464.0,0.0,0.0,6.0
2017-12-11 09:00:00,1464.0,1464.0,1464.0,1464.0,0.0,0.0,6.0
2017-12-11 09:05:00,1464.0,1464.0,1464.0,1464.0,0.0,0.0,6.0
2017-12-11 09:10:00,1464.0,1464.0,1464.0,1464.0,0.0,0.0,6.0
2017-12-11 09:15:00,1464.0,1472.0,1464.0,1472.0,2.0,58880.0,6.0
2017-12-11 09:20:00,1472.0,1472.0,1472.0,1472.0,0.0,0.0,6.0
2017-12-11 09:25:00,1472.0,1472.0,1472.0,1472.0,0.0,0.0,6.0
2017-12-11 09:30:00,1472.0,1472.0,1472.0,1472.0,0.0,0.0,6.0
2017-12-11 09:35:00,1472.0,1472.0,1472.0,1472.0,0.0,0.0,6.0
2017-12-11 09:40:00,1472.0,1472.0,1472.0,1472.0,0.0,0.0,6.0
2017-12-11 09:45:00,1472.0,1472.0,1472.0,1472.0,0.0,0.0,6.0
2017-12-11 09:50:00,1472.0,1472.0,1472.0,1472.0,0.0,0.0,6.0
2017-12-11 09:55:00,1472.0,1472.0,1472.0,1472.0,0.0,0.0,6.0
2017-12-11 10:00:00,1472.0,1472.0,1472.0,1472.0,0.0,0.0,6.0
2017-12-11 10:05:00,1472.0,1472.0,1472.0,1472.0,0.0,0.0,6.0
2017-12-11 10:10:00,1472.0,1472.0,1472.0,1472.0,0.0,0.0,6.0
2017-12-11 10:30:00,1472.0,1472.0,1472.0,1472.0,0.0,0.0,6.0
2017-12-11 10:35:00,1472.0,1472.0,1472.0,1472.0,0.0,0.0,6.0
2017-12-11 10:40:00,1472.0,1472.0,1472.0,1472.0,0.0,0.0,6.0
2017-12-11 10:45:00,1472.0,1472.0,1472.0,1472.0,0.0,0.0,6.0
2017-12-11 10:50:00,1472.0,1472.0,1472.0,1472.0,0.0,0.0,6.0
2017-12-11 10:55:00,1472.0,1472.0,1472.0,1472.0,0.0,0.0,6.0
2017-12-11 11:00:00,1472.0,1472.0,1472.0,1472.0,0.0,0.0,6.0
2017-12-11 11:05:00,1472.0,1472.0,1472.0,1472.0,0.0,0.0,6.0
2017-12-11 11:10:00,1472.0,1472.0,1472.0,1472.0,0.0,0.0,6.0
2017-12-11 11:15:00,1472.0,1472.0,1472.0,1472.0,0.0,0.0,6.0
2017-12-11 11:20:00,1472.0,1472.0,1472.0,1472.0,0.0,0.0,6.0
2017-12-11 11:25:00,1472.0,1472.0,1472.0,1472.0,0.0,0.0,6.0
2017-12-11 13:30:00,1472.0,1472.0,1472.0,1472.0,0.0,0.0,6.0
2017-12-11 13:35:00,1472.0,1472.0,1472.0,1472.0,0.0,0.0,6.0
2017-12-11 13:40:00,1472.0,1472.0,1472.0,1472.0,0.0,0.0,6.0
2017-12-11 13:45:00,1472.0,1472.0,1472.0,1472.0,0.0,0.0,6.0
2017-12-11 13:50:00,1472.0,1472.0,1472.0,1472.0,2.0,58880.0,6.0
2017-12-11 13:55:00,1472.0,1472.0,1472.0,1472.0,0.0,0.0,6.0
2017-12-11 14:00:00,1472.0,1472.0,1472.0,1472.0,0.0,0.0,6.0
2017-12-11 14:05:00,1472.0,1472.0,1472.0,1472.0,0.0,0.0,6.0
2017-12-11 14:10:00,1472.0,1472.0,1472.0,1472.0,0.0,0.0,6.0
2017-12-11 14:15:00,1472.0,1472.0,1472.0,1472.0,0.0,0.0,6.0
2017-12-11 14:20:00,1472.0,1472.0,1472.0,1472.0,0.0,0.0,6.0
2017-12-11 14:25:00,1472.0,1472.0,1472.0,1472.0,0.0,0.0,6.0
2017-12-11 14:30:00,1472.0,1472.0,1472.0,1472.0,0.0,0.0,6.0
2017-12-11 14:35:00,1472.0,1472.0,1472.0,1472.0,0.0,0.0,6.0
2017-12-11 14:40:00,1472.0,1472.0,1472.0,1472.0,0.0,0.0,6.0
2017-12-11 14:45:00,1472.0,1472.0,1472.0,1472.0,0.0,0.0,6.0
2017-12-11 14:50:00,1472.0,1472.0,1472.0,1472.0,0.0,0.0,6.0
2017-12-11 14:55:00,1472.0,1472.0,1472.0,1472.0,0.0,0.0,6.0
2017-12-11 21:00:00,1472.0,1472.0,1472.0,1472.0,0.0,0.0,6.0
2017-12-11 21:05:00,1472.0,1472.0,1472.0,1472.0,0.0,0.0,6.0
2017-12-11 21:10:00,1472.0,1472.0,1472.0,1472.0,0.0,0.0,6.0
2017-12-11 21:15:00,1472.0,1472.0,1472.0,1472.0,0.0,0.0,6.0
2017-12-11 21:20:00,1472.0,1472.0,1472.0,1472.0,0.0,0.0,6.0
2017-12-11 21:25:00,1472.0,1472.0,1472.0,1472.0,0.0,0.0,6.0
2017-12-11 21:30:00,1472.0,1472.0,1472.0,1472.0,0.0,0.0,6.0
2017-12-11 21:35:00,1472.0,1472.0,1472.0,1472.0,0.0,0.0,6.0
2017-12-11 21:40:00,1472.0,1472.0,1472.0,1472.0,0.0,0.0,6.0
2017-12-11 21:45:00,1472.0,1472.0,1472.0,1472.0,0.0,0.0,6.0
2017-12-11 21:50:00,1472.0,1472.0,1472.0,1472.0,0.0,0.0,6.0
2017-12-11 21:55:00,1472.0,1472.0,1472.0,1472.0,0.0,0.0,6.0
2017-12-11 22:00:00,1472.0,1472.0,1472.0,1472.0,0.0,0.0,6.0
2017-12-11 22:05:00,1472.0,1472.0,1472.0,1472.0,0.0,0.0,6.0
2017-12-11 22:10:00,1472.0,1472.0,1472.0,1472.0,0.0,0.0,6.0
2017-12-11 22:15:00,1472.0,1472.0,1472.0,1472.0,0.0,0.0,6.0
2017-12-11 22:20:00,1472.0,1472.0,1472.0,1472.0,0.0,0.0,6.0
2017-12-11 22:25:00,1472.0,1472.0,1472.0,1472.0,0.0,0.0,6.0
2017-12-11 22:30:00,1472.0,1472.0,1472.0,1472.0,0.0,0.0,6.0
2017-12-11 22:35:00,1472.0,1472.0,1472.0,1472.0,0.0,0.0,6.0
2017-12-11 22:40:00,1472.0,1472.0,1472.0,1472.0,0.0,0.0,6.0
2017-12-11 22:45:00,1472.0,1472.0,1472.0,1472.0,0.0,0.0,6.0
2017-12-11 22:50:00,1472.0,1472.0,1472.0,1472.0,0.0,0.0,6.0
2017-12-11 22:55:00,1472.0,1472.0,1472.0,1472.0,0.0,0.0,6.0
2017-12-11 23:00:00,1472.0,1472.0,1472.0,1472.0,0.0,0.0,6.0
2017-12-11 23:05:00,1472.0,1472.0,1472.0,1472.0,0.0,0.0,6.0
2017-12-11 23:10:00,1472.0,1472.0,1472.0,1472.0,0.0,0.0,6.0
2017-12-11 23:15:00,1472.0,1472.0,1472.0,1472.0,0.0,0.0,6.0
2017-12-11 23:20:00,1472.0,1472.0,1472.0,1472.0,0.0,0.0,6.0
2017-12-11 23:25:00,1472.0,1472.0,1472.0,1472.0,0.0,0.0,6.0
2017-12-12 09:00:00,1472.0,1472.0,1472.0,1472.0,0.0,0.0,6.0
2017-12-12 09:05:00,1472.0,1472.0,1472.0,1472.0,0.0,0.0,6.0
2017-12-12 09:10:00,1472.0,1472.0,1472.0,1472.0,0.0,0.0,6.0
2017-12-12 09:15:00,1472.0,1472.0,1472.0,1472.0,0.0,0.0,6.0
2017-12-12 09:20:00,1472.0,1472.0,1472.0,1472.0,0.0,0.0,6.0
2017-12-12 09:25:00,1472.0,1472.0,1472.0,1472.0,0.0,0.0,6.0
2017-12-12 09:30:00,1472.0,1472.0,1472.0,1472.0,0.0,0.0,6.0
2017-12-12 09:35:00,1472.0,1472.0,1472.0,1472.0,0.0,0.0,6.0
2017-12-12 09:40:00,1472.0,1472.0,1472.0,1472.0,0.0,0.0,6.0
2017-12-12 09:45:00,1472.0,1472.0,1472.0,1472.0,0.0,0.0,6.0
2017-12-12 09:50:00,1472.0,1472.0,1472.0,1472.0,0.0,0.0,6.0
2017-12-12 09:55:00,1472.0,1472.0,1472.0,1472.0,0.0,0.0,6.0
2017-12-12 10:00:00,1472.0,1472.0,1472.0,1472.0,0.0,0.0,6.0
2017-12-12 10:05:00,1472.0,1472.0,1472.0,1472.0,0.0,0.0,6.0
2017-12-12 10:10:00,1472.0,1472.0,1472.0,1472.0,0.0,0.0,6.0
2017-12-12 10:30:00,1472.0,1472.0,1472.0,1472.0,0.0,0.0,6.0
2017-12-12 10:35:00,1472.0,1472.0,1472.0,1472.0,0.0,0.0,6.0
2017-12-12 10:40:00,1472.0,1472.0,1472.0,1472.0,0.0,0.0,6.0
2017-12-12 10:45:00,1472.0,1472.0,1472.0,1472.0,0.0,0.0,6.0
2017-12-12 10:50:00,1472.0,1472.0,1472.0,1472.0,0.0,0.0,6.0
2017-12-12 10:55:00,1472.0,1472.0,1472.0,1472.0,0.0,0.0,6.0
2017-12-12 11:00:00,1472.0,1472.0,1472.0,1472.0,0.0,0.0,6.0
2017-12-12 11:05:00,1472.0,1472.0,1472.0,1472.0,0.0,0.0,6.0
2017-12-12 11:10:00,1472.0,1472.0,1472.0,1472.0,0.0,0.0,6.0
2017-12-12 11:15:00,1472.0,1472.0,1472.0,1472.0,0.0,0.0,6.0
2017-12-12 11:20:00,1472.0,1472.0,1472.0,1472.0,0.0,0.0,6.0
2017-12-12 11:25:00,1472.0,1472.0,1472.0,1472.0,0.0,0.0,6.0
2017-12-12 13:30:00,1472.0,1472.0,1472.0,1472.0,0.0,0.0,6.0
2017-12-12 13:35:00,1472.0,1472.0,1472.0,1472.0,0.0,0.0,6.0
2017-12-12 13:40:00,1472.0,1472.0,1472.0,1472.0,0.0,0.0,6.0
2017-12-12 13:45:00,1472.0,1472.0,1472.0,1472.0,0.0,0.0,6.0
2017-12-12 13:50:00,1472.0,1472.0,1472.0,1472.0,0.0,0.0,6.0
2017-12-12 13:55:00,1472.0,1472.0,1472.0,1472.0,0.0,0.0,6.0
2017-12-12 14:00:00,1472.0,1472.0,1472.0,1472.0,0.0,0.0,6.0
2017-12-12 14:05:00,1472.0,1472.0,1472.0,1472.0,0.0,0.0,6.0
2017-12-12 14:10:00,1472.0,1472.0,1472.0,1472.0,0.0,0.0,6.0
2017-12-12 14:15:00,1472.0,1472.0,1472.0,1472.0,0.0,0.0,6.0
2017-12-12 14:20:00,1472.0,1472.0,1472.0,1472.0,0.0,0.0,6.0
2017-12-12 14:25:00,1472.0,1472.0,1472.0,1472.0,0.0,0.0,6.0
2017-12-12 14:30:00,1472.0,1472.0,1472.0,1472.0,0.0,0.0,6.0
2017-12-12 14:35:00,1472.0,1472.0,1472.0,1472.0,0.0,0.0,6.0
2017-12-12 14:40:00,1472.0,1472.0,1472.0,1472.0,0.0,0.0,6.0
2017-12-12 14:45:00,1472.0,1472.0,1472.0,1472.0,0.0,0.0,6.0
2017-12-12 14:50:00,1472.0,1472.0,1472.0,1472.0,0.0,0.0,6.0
2017-12-12 14:55:00,1472.0,1472.0,1472.0,1472.0,0.0,0.0,6.0
2017-12-12 21:00:00,1465.0,1465.0,1465.0,1465.0,0.0,0.0,6.0
2017-12-12 21:05:00,1465.0,1465.0,1465.0,1465.0,0.0,0.0,6.0
2017-12-12 21:10:00,1465.0,1465.0,1465.0,1465.0,0.0,0.0,6.0
2017-12-12 21:15:00,1465.0,1465.0,1465.0,1465.0,0.0,0.0,6.0
2017-12-12 21:20:00,1465.0,1465.0,1465.0,1465.0,0.0,0.0,6.0
2017-12-12 21:25:00,1465.0,1465.0,1465.0,1465.0,0.0,0.0,6.0
2017-12-12 21:30:00,1465.0,1465.0,1465.0,1465.0,0.0,0.0,6.0
2017-12-12 21:35:00,1465.0,1465.0,1465.0,1465.0,0.0,0.0,6.0
2017-12-12 21:40:00,1465.0,1465.0,1465.0,1465.0,0.0,0.0,6.0
2017-12-12 21:45:00,1465.0,1465.0,1465.0,1465.0,0.0,0.0,6.0
2017-12-12 21:50:00,1465.0,1465.0,1465.0,1465.0,0.0,0.0,6.0
2017-12-12 21:55:00,1465.0,1465.0,1465.0,1465.0,0.0,0.0,6.0
2017-12-12 22:00:00,1465.0,1465.0,1465.0,1465.0,0.0,0.0,6.0
2017-12-12 22:05:00,1465.0,1465.0,1465.0,1465.0,0.0,0.0,6.0
2017-12-12 22:10:00,1465.0,1465.0,1465.0,1465.0,0.0,0.0,6.0
2017-12-12 22:15:00,1465.0,1465.0,1465.0,1465.0,0.0,0.0,6.0
2017-12-12 22:20:00,1465.0,1465.0,1465.0,1465.0,0.0,0.0,6.0
2017-12-12 22:25:00,1465.0,1483.0,1465.0,1483.0,2.0,59320.0,6.0
2017-12-12 22:30:00,1483.0,1483.0,1483.0,1483.0,0.0,0.0,6.0
2017-12-12 22:35:00,1483.0,1483.0,1483.0,1483.0,0.0,0.0,6.0
2017-12-12 22:40:00,1483.0,1483.0,1483.0,1483.0,0.0,0.0,6.0
2017-12-12 22:45:00,1483.0,1483.0,1483.0,1483.0,0.0,0.0,6.0
2017-12-12 22:50:00,1483.0,1483.0,1483.0,1483.0,0.0,0.0,6.0
2017-12-12 22:55:00,1483.0,1483.0,1483.0,1483.0,0.0,0.0,6.0
2017-12-12 23:00:00,1483.0,1483.0,1483.0,1483.0,0.0,0.0,6.0
2017-12-12 23:05:00,1483.0,1483.0,1483.0,1483.0,0.0,0.0,6.0
2017-12-12 23:10:00,1483.0,1483.0,1483.0,1483.0,0.0,0.0,6.0
2017-12-12 23:15:00,1483.0,1483.0,1483.0,1483.0,0.0,0.0,6.0
2017-12-12 23:20:00,1483.0,1483.0,1483.0,1483.0,0.0,0.0,6.0
2017-12-12 23:25:00,1483.0,1483.0,1483.0,1483.0,0.0,0.0,6.0
2017-12-13 09:00:00,1483.0,1483.0,1483.0,1483.0,0.0,0.0,6.0
2017-12-13 09:05:00,1483.0,1483.0,1483.0,1483.0,0.0,0.0,6.0
2017-12-13 09:10:00,1483.0,1483.0,1483.0,1483.0,0.0,0.0,6.0
2017-12-13 09:15:00,1483.0,1483.0,1483.0,1483.0,0.0,0.0,6.0
2017-12-13 09:20:00,1483.0,1483.0,1483.0,1483.0,0.0,0.0,6.0
2017-12-13 09:25:00,1483.0,1483.0,1483.0,1483.0,0.0,0.0,6.0
2017-12-13 09:30:00,1483.0,1483.0,1483.0,1483.0,0.0,0.0,6.0
2017-12-13 09:35:00,1483.0,1483.0,1483.0,1483.0,0.0,0.0,6.0
2017-12-13 09:40:00,1483.0,1483.0,1483.0,1483.0,0.0,0.0,6.0
2017-12-13 09:45:00,1483.0,1483.0,1483.0,1483.0,0.0,0.0,6.0
2017-12-13 09:50:00,1483.0,1483.0,1483.0,1483.0,0.0,0.0,6.0
2017-12-13 09:55:00,1483.0,1483.0,1483.0,1483.0,0.0,0.0,6.0
2017-12-13 10:00:00,1483.0,1483.0,1483.0,1483.0,0.0,0.0,6.0
2017-12-13 10:05:00,1483.0,1483.0,1483.0,1483.0,0.0,0.0,6.0
2017-12-13 10:10:00,1483.0,1483.0,1483.0,1483.0,0.0,0.0,6.0
2017-12-13 10:30:00,1483.0,1483.0,1483.0,1483.0,0.0,0.0,6.0
2017-12-13 10:35:00,1483.0,1483.0,1483.0,1483.0,0.0,0.0,6.0
2017-12-13 10:40:00,1483.0,1483.0,1483.0,1483.0,0.0,0.0,6.0
2017-12-13 10:45:00,1483.0,1483.0,1483.0,1483.0,0.0,0.0,6.0
2017-12-13 10:50:00,1483.0,1483.0,1483.0,1483.0,0.0,0.0,6.0
2017-12-13 10:55:00,1483.0,1483.0,1483.0,1483.0,0.0,0.0,6.0
2017-12-13 11:00:00,1483.0,1483.0,1483.0,1483.0,0.0,0.0,6.0
2017-12-13 11:05:00,1483.0,1483.0,1483.0,1483.0,0.0,0.0,6.0
2017-12-13 11:10:00,1483.0,1483.0,1483.0,1483.0,0.0,0.0,6.0
2017-12-13 11:15:00,1483.0,1483.0,1483.0,1483.0,0.0,0.0,6.0
2017-12-13 11:20:00,1483.0,1483.0,1483.0,1483.0,0.0,0.0,6.0
2017-12-13 11:25:00,1483.0,1483.0,1483.0,1483.0,0.0,0.0,6.0
2017-12-13 13:30:00,1483.0,1483.0,1483.0,1483.0,0.0,0.0,6.0
2017-12-13 13:35:00,1483.0,1483.0,1483.0,1483.0,0.0,0.0,6.0
2017-12-13 13:40:00,1483.0,1483.0,1483.0,1483.0,0.0,0.0,6.0
2017-12-13 13:45:00,1483.0,1483.0,1483.0,1483.0,0.0,0.0,6.0
2017-12-13 13:50:00,1483.0,1483.0,1483.0,1483.0,0.0,0.0,6.0
2017-12-13 13:55:00,1483.0,1483.0,1483.0,1483.0,0.0,0.0,6.0
2017-12-13 14:00:00,1483.0,1483.0,1483.0,1483.0,0.0,0.0,6.0
2017-12-13 14:05:00,1483.0,1483.0,1483.0,1483.0,0.0,0.0,6.0
2017-12-13 14:10:00,1483.0,1483.0,1483.0,1483.0,0.0,0.0,6.0
2017-12-13 14:15:00,1483.0,1483.0,1483.0,1483.0,0.0,0.0,6.0
2017-12-13 14:20:00,1483.0,1483.0,1483.0,1483.0,0.0,0.0,6.0
2017-12-13 14:25:00,1483.0,1483.0,1483.0,1483.0,0.0,0.0,6.0
2017-12-13 14:30:00,1483.0,1483.0,1483.0,1483.0,0.0,0.0,6.0
2017-12-13 14:35:00,1483.0,1483.0,1483.0,1483.0,0.0,0.0,6.0
2017-12-13 14:40:00,1483.0,1483.0,1483.0,1483.0,0.0,0.0,6.0
2017-12-13 14:45:00,1483.0,1483.0,1483.0,1483.0,0.0,0.0,6.0
2017-12-13 14:50:00,1483.0,1483.0,1483.0,1483.0,0.0,0.0,6.0
2017-12-13 14:55:00,1483.0,1483.0,1483.0,1483.0,0.0,0.0,6.0
2017-12-13 21:00:00,1483.0,1483.0,1483.0,1483.0,0.0,0.0,6.0
2017-12-13 21:05:00,1483.0,1483.0,1483.0,1483.0,0.0,0.0,6.0
2017-12-13 21:10:00,1483.0,1483.0,1483.0,1483.0,0.0,0.0,6.0
2017-12-13 21:15:00,1483.0,1483.0,1483.0,1483.0,0.0,0.0,6.0
2017-12-13 21:20:00,1483.0,1483.0,1483.0,1483.0,0.0,0.0,6.0
2017-12-13 21:25:00,1483.0,1483.0,1483.0,1483.0,0.0,0.0,6.0
2017-12-13 21:30:00,1483.0,1483.0,1483.0,1483.0,0.0,0.0,6.0
2017-12-13 21:35:00,1483.0,1483.0,1483.0,1483.0,0.0,0.0,6.0
2017-12-13 21:40:00,1483.0,1483.0,1483.0,1483.0,0.0,0.0,6.0
2017-12-13 21:45:00,1483.0,1486.0,1483.0,1486.0,6.0,178200.0,8.0
2017-12-13 21:50:00,1486.0,1486.0,1486.0,1486.0,0.0,0.0,8.0
2017-12-13 21:55:00,1486.0,1486.0,1486.0,1486.0,0.0,0.0,8.0
2017-12-13 22:00:00,1486.0,1486.0,1486.0,1486.0,0.0,0.0,8.0
2017-12-13 22:05:00,1486.0,1486.0,1486.0,1486.0,0.0,0.0,8.0
2017-12-13 22:10:00,1486.0,1486.0,1486.0,1486.0,0.0,0.0,8.0
2017-12-13 22:15:00,1486.0,1486.0,1486.0,1486.0,0.0,0.0,8.0
2017-12-13 22:20:00,1486.0,1486.0,1486.0,1486.0,0.0,0.0,8.0
2017-12-13 22:25:00,1486.0,1486.0,1486.0,1486.0,0.0,0.0,8.0
2017-12-13 22:30:00,1486.0,1486.0,1486.0,1486.0,0.0,0.0,8.0
2017-12-13 22:35:00,1486.0,1486.0,1486.0,1486.0,0.0,0.0,8.0
2017-12-13 22:40:00,1486.0,1486.0,1486.0,1486.0,0.0,0.0,8.0
2017-12-13 22:45:00,1486.0,1486.0,1486.0,1486.0,0.0,0.0,8.0
2017-12-13 22:50:00,1486.0,1486.0,1486.0,1486.0,0.0,0.0,8.0
2017-12-13 22:55:00,1486.0,1486.0,1486.0,1486.0,0.0,0.0,8.0
2017-12-13 23:00:00,1486.0,1486.0,1486.0,1486.0,0.0,0.0,8.0
2017-12-13 23:05:00,1486.0,1486.0,1486.0,1486.0,0.0,0.0,8.0
2017-12-13 23:10:00,1486.0,1486.0,1486.0,1486.0,0.0,0.0,8.0
2017-12-13 23:15:00,1486.0,1486.0,1486.0,1486.0,0.0,0.0,8.0
2017-12-13 23:20:00,1486.0,1486.0,1486.0,1486.0,0.0,0.0,8.0
2017-12-13 23:25:00,1486.0,1486.0,1486.0,1486.0,0.0,0.0,8.0
2017-12-14 09:00:00,1486.0,1486.0,1486.0,1486.0,0.0,0.0,8.0
2017-12-14 09:05:00,1486.0,1486.0,1486.0,1486.0,0.0,0.0,8.0
2017-12-14 09:10:00,1486.0,1486.0,1480.0,1480.0,2.0,59240.0,10.0
2017-12-14 09:15:00,1480.0,1480.0,1480.0,1480.0,0.0,0.0,10.0
2017-12-14 09:20:00,1480.0,1480.0,1480.0,1480.0,0.0,0.0,10.0
2017-12-14 09:25:00,1480.0,1480.0,1480.0,1480.0,0.0,0.0,10.0
2017-12-14 09:30:00,1480.0,1480.0,1480.0,1480.0,0.0,0.0,10.0
2017-12-14 09:35:00,1480.0,1480.0,1480.0,1480.0,0.0,0.0,10.0
2017-12-14 09:40:00,1480.0,1480.0,1480.0,1480.0,0.0,0.0,10.0
2017-12-14 09:45:00,1480.0,1480.0,1480.0,1480.0,0.0,0.0,10.0
2017-12-14 09:50:00,1480.0,1480.0,1480.0,1480.0,0.0,0.0,10.0
2017-12-14 09:55:00,1480.0,1480.0,1480.0,1480.0,0.0,0.0,10.0
2017-12-14 10:00:00,1480.0,1480.0,1480.0,1480.0,0.0,0.0,10.0
2017-12-14 10:05:00,1480.0,1480.0,1480.0,1480.0,0.0,0.0,10.0
2017-12-14 10:10:00,1480.0,1480.0,1480.0,1480.0,0.0,0.0,10.0
2017-12-14 10:30:00,1480.0,1480.0,1480.0,1480.0,0.0,0.0,10.0
2017-12-14 10:35:00,1480.0,1480.0,1480.0,1480.0,0.0,0.0,10.0
2017-12-14 10:40:00,1480.0,1480.0,1480.0,1480.0,0.0,0.0,10.0
2017-12-14 10:45:00,1480.0,1480.0,1480.0,1480.0,0.0,0.0,10.0
2017-12-14 10:50:00,1480.0,1480.0,1480.0,1480.0,0.0,0.0,10.0
2017-12-14 10:55:00,1480.0,1480.0,1480.0,1480.0,0.0,0.0,10.0
2017-12-14 11:00:00,1480.0,1480.0,1480.0,1480.0,0.0,0.0,10.0
2017-12-14 11:05:00,1480.0,1480.0,1480.0,1480.0,0.0,0.0,10.0
2017-12-14 11:10:00,1480.0,1480.0,1480.0,1480.0,0.0,0.0,10.0
2017-12-14 11:15:00,1480.0,1480.0,1480.0,1480.0,0.0,0.0,10.0
2017-12-14 11:20:00,1480.0,1480.0,1480.0,1480.0,0.0,0.0,10.0
2017-12-14 11:25:00,1480.0,1480.0,1480.0,1480.0,0.0,0.0,10.0
2017-12-14 13:30:00,1480.0,1480.0,1468.0,1468.0,2.0,58560.0,12.0
2017-12-14 13:35:00,1465.0,1465.0,1465.0,1465.0,2.0,58720.0,14.0
2017-12-14 13:40:00,1465.0,1465.0,1465.0,1465.0,0.0,0.0,14.0
2017-12-14 13:45:00,1465.0,1465.0,1465.0,1465.0,0.0,0.0,14.0
2017-12-14 13:50:00,1465.0,1465.0,1465.0,1465.0,0.0,0.0,14.0
2017-12-14 13:55:00,1465.0,1465.0,1465.0,1465.0,0.0,0.0,14.0
2017-12-14 14:00:00,1465.0,1465.0,1465.0,1465.0,0.0,0.0,14.0
2017-12-14 14:05:00,1465.0,1465.0,1465.0,1465.0,0.0,0.0,14.0
2017-12-14 14:10:00,1465.0,1465.0,1465.0,1465.0,0.0,0.0,14.0
2017-12-14 14:15:00,1465.0,1465.0,1465.0,1465.0,0.0,0.0,14.0
2017-12-14 14:20:00,1465.0,1465.0,1465.0,1465.0,0.0,0.0,14.0
2017-12-14 14:25:00,1465.0,1465.0,1465.0,1465.0,0.0,0.0,14.0
2017-12-14 14:30:00,1465.0,1465.0,1465.0,1465.0,0.0,0.0,14.0
2017-12-14 14:35:00,1465.0,1465.0,1465.0,1465.0,0.0,0.0,14.0
2017-12-14 14:40:00,1465.0,1465.0,1465.0,1465.0,0.0,0.0,14.0
2017-12-14 14:45:00,1465.0,1465.0,1465.0,1465.0,0.0,0.0,14.0
2017-12-14 14:50:00,1465.0,1465.0,1465.0,1465.0,0.0,0.0,14.0
2017-12-14 14:55:00,1465.0,1465.0,1455.0,1455.0,2.0,58280.0,14.0
2017-12-14 21:00:00,1475.0,1475.0,1475.0,1475.0,0.0,0.0,14.0
2017-12-14 21:05:00,1475.0,1475.0,1475.0,1475.0,0.0,0.0,14.0
2017-12-14 21:10:00,1475.0,1475.0,1475.0,1475.0,0.0,0.0,14.0
2017-12-14 21:15:00,1475.0,1475.0,1475.0,1475.0,0.0,0.0,14.0
2017-12-14 21:20:00,1475.0,1475.0,1475.0,1475.0,0.0,0.0,14.0
2017-12-14 21:25:00,1475.0,1475.0,1475.0,1475.0,0.0,0.0,14.0
2017-12-14 21:30:00,1475.0,1475.0,1475.0,1475.0,0.0,0.0,14.0
2017-12-14 21:35:00,1475.0,1475.0,1475.0,1475.0,0.0,0.0,14.0
2017-12-14 21:40:00,1475.0,1475.0,1475.0,1475.0,0.0,0.0,14.0
2017-12-14 21:45:00,1475.0,1475.0,1475.0,1475.0,0.0,0.0,14.0
2017-12-14 21:50:00,1475.0,1475.0,1475.0,1475.0,0.0,0.0,14.0
2017-12-14 21:55:00,1475.0,1475.0,1475.0,1475.0,0.0,0.0,14.0
2017-12-14 22:00:00,1475.0,1475.0,1475.0,1475.0,0.0,0.0,14.0
2017-12-14 22:05:00,1475.0,1475.0,1475.0,1475.0,0.0,0.0,14.0
2017-12-14 22:10:00,1475.0,1475.0,1475.0,1475.0,0.0,0.0,14.0
2017-12-14 22:15:00,1475.0,1475.0,1475.0,1475.0,0.0,0.0,14.0
2017-12-14 22:20:00,1475.0,1475.0,1475.0,1475.0,0.0,0.0,14.0
2017-12-14 22:25:00,1475.0,1475.0,1475.0,1475.0,0.0,0.0,14.0
2017-12-14 22:30:00,1475.0,1475.0,1475.0,1475.0,0.0,0.0,14.0
2017-12-14 22:35:00,1475.0,1475.0,1475.0,1475.0,0.0,0.0,14.0
2017-12-14 22:40:00,1475.0,1475.0,1475.0,1475.0,0.0,0.0,14.0
2017-12-14 22:45:00,1475.0,1475.0,1475.0,1475.0,0.0,0.0,14.0
2017-12-14 22:50:00,1475.0,1475.0,1475.0,1475.0,0.0,0.0,14.0
2017-12-14 22:55:00,1475.0,1475.0,1475.0,1475.0,0.0,0.0,14.0
2017-12-14 23:00:00,1475.0,1475.0,1475.0,1475.0,0.0,0.0,14.0
2017-12-14 23:05:00,1475.0,1475.0,1475.0,1475.0,0.0,0.0,14.0
2017-12-14 23:10:00,1475.0,1475.0,1475.0,1475.0,0.0,0.0,14.0
2017-12-14 23:15:00,1475.0,1475.0,1475.0,1475.0,0.0,0.0,14.0
2017-12-14 23:20:00,1475.0,1475.0,1475.0,1475.0,0.0,0.0,14.0
2017-12-14 23:25:00,1475.0,1475.0,1475.0,1475.0,0.0,0.0,14.0
2017-12-15 09:00:00,1475.0,1475.0,1475.0,1475.0,0.0,0.0,14.0
2017-12-15 09:05:00,1475.0,1475.0,1475.0,1475.0,0.0,0.0,14.0
2017-12-15 09:10:00,1475.0,1475.0,1475.0,1475.0,0.0,0.0,14.0
2017-12-15 09:15:00,1475.0,1475.0,1475.0,1475.0,0.0,0.0,14.0
2017-12-15 09:20:00,1475.0,1475.0,1475.0,1475.0,0.0,0.0,14.0
2017-12-15 09:25:00,1475.0,1475.0,1475.0,1475.0,0.0,0.0,14.0
2017-12-15 09:30:00,1475.0,1475.0,1475.0,1475.0,0.0,0.0,14.0
2017-12-15 09:35:00,1475.0,1475.0,1475.0,1475.0,0.0,0.0,14.0
2017-12-15 09:40:00,1475.0,1475.0,1475.0,1475.0,0.0,0.0,14.0
2017-12-15 09:45:00,1475.0,1475.0,1475.0,1475.0,0.0,0.0,14.0
2017-12-15 09:50:00,1475.0,1475.0,1475.0,1475.0,0.0,0.0,14.0
2017-12-15 09:55:00,1475.0,1475.0,1475.0,1475.0,0.0,0.0,14.0
2017-12-15 10:00:00,1475.0,1475.0,1475.0,1475.0,0.0,0.0,14.0
2017-12-15 10:05:00,1475.0,1475.0,1475.0,1475.0,0.0,0.0,14.0
2017-12-15 10:10:00,1475.0,1475.0,1475.0,1475.0,0.0,0.0,14.0
2017-12-15 10:30:00,1475.0,1475.0,1475.0,1475.0,0.0,0.0,14.0
2017-12-15 10:35:00,1475.0,1475.0,1475.0,1475.0,0.0,0.0,14.0
2017-12-15 10:40:00,1475.0,1475.0,1475.0,1475.0,0.0,0.0,14.0
2017-12-15 10:45:00,1475.0,1475.0,1475.0,1475.0,0.0,0.0,14.0
2017-12-15 10:50:00,1475.0,1475.0,1475.0,1475.0,0.0,0.0,14.0
2017-12-15 10:55:00,1475.0,1475.0,1475.0,1475.0,0.0,0.0,14.0
2017-12-15 11:00:00,1475.0,1475.0,1475.0,1475.0,0.0,0.0,14.0
2017-12-15 11:05:00,1475.0,1475.0,1475.0,1475.0,0.0,0.0,14.0
2017-12-15 11:10:00,1475.0,1475.0,1475.0,1475.0,0.0,0.0,14.0
2017-12-15 11:15:00,1475.0,1475.0,1475.0,1475.0,0.0,0.0,14.0
2017-12-15 11:20:00,1475.0,1475.0,1475.0,1475.0,0.0,0.0,14.0
2017-12-15 11:25:00,1475.0,1475.0,1475.0,1475.0,0.0,0.0,14.0
2017-12-15 13:30:00,1475.0,1475.0,1475.0,1475.0,0.0,0.0,14.0
2017-12-15 13:35:00,1475.0,1475.0,1475.0,1475.0,0.0,0.0,14.0
2017-12-15 13:40:00,1475.0,1475.0,1475.0,1475.0,0.0,0.0,14.0
2017-12-15 13:45:00,1475.0,1475.0,1475.0,1475.0,0.0,0.0,14.0
2017-12-15 13:50:00,1475.0,1475.0,1475.0,1475.0,0.0,0.0,14.0
2017-12-15 13:55:00,1475.0,1475.0,1475.0,1475.0,0.0,0.0,14.0
2017-12-15 14:00:00,1475.0,1475.0,1475.0,1475.0,0.0,0.0,14.0
2017-12-15 14:05:00,1475.0,1475.0,1475.0,1475.0,0.0,0.0,14.0
2017-12-15 14:10:00,1475.0,1475.0,1475.0,1475.0,0.0,0.0,14.0
2017-12-15 14:15:00,1475.0,1475.0,1475.0,1475.0,0.0,0.0,14.0
2017-12-15 14:20:00,1475.0,1475.0,1475.0,1475.0,0.0,0.0,14.0
2017-12-15 14:25:00,1475.0,1475.0,1475.0,1475.0,0.0,0.0,14.0
2017-12-15 14:30:00,1475.0,1475.0,1475.0,1475.0,0.0,0.0,14.0
2017-12-15 14:35:00,1475.0,1475.0,1475.0,1475.0,0.0,0.0,14.0
2017-12-15 14:40:00,1475.0,1475.0,1475.0,1475.0,0.0,0.0,14.0
2017-12-15 14:45:00,1475.0,1475.0,1475.0,1475.0,0.0,0.0,14.0
2017-12-15 14:50:00,1475.0,1475.0,1475.0,1475.0,0.0,0.0,14.0
2017-12-15 14:55:00,1475.0,1475.0,1475.0,1475.0,0.0,0.0,14.0
2017-12-15 21:00:00,1475.0,1475.0,1475.0,1475.0,0.0,0.0,14.0
2017-12-15 21:05:00,1475.0,1475.0,1475.0,1475.0,0.0,0.0,14.0
2017-12-15 21:10:00,1475.0,1475.0,1475.0,1475.0,0.0,0.0,14.0
2017-12-15 21:15:00,1475.0,1475.0,1475.0,1475.0,0.0,0.0,14.0
2017-12-15 21:20:00,1475.0,1475.0,1475.0,1475.0,0.0,0.0,14.0
2017-12-15 21:25:00,1475.0,1475.0,1475.0,1475.0,0.0,0.0,14.0
2017-12-15 21:30:00,1475.0,1475.0,1475.0,1475.0,0.0,0.0,14.0
2017-12-15 21:35:00,1475.0,1475.0,1475.0,1475.0,0.0,0.0,14.0
2017-12-15 21:40:00,1475.0,1475.0,1475.0,1475.0,0.0,0.0,14.0
2017-12-15 21:45:00,1475.0,1475.0,1475.0,1475.0,0.0,0.0,14.0
2017-12-15 21:50:00,1475.0,1475.0,1475.0,1475.0,0.0,0.0,14.0
2017-12-15 21:55:00,1475.0,1475.0,1475.0,1475.0,0.0,0.0,14.0
2017-12-15 22:00:00,1475.0,1475.0,1475.0,1475.0,0.0,0.0,14.0
2017-12-15 22:05:00,1475.0,1475.0,1475.0,1475.0,0.0,0.0,14.0
2017-12-15 22:10:00,1475.0,1475.0,1475.0,1475.0,0.0,0.0,14.0
2017-12-15 22:15:00,1475.0,1475.0,1475.0,1475.0,0.0,0.0,14.0
2017-12-15 22:20:00,1475.0,1475.0,1475.0,1475.0,0.0,0.0,14.0
2017-12-15 22:25:00,1475.0,1475.0,1475.0,1475.0,0.0,0.0,14.0
2017-12-15 22:30:00,1475.0,1475.0,1475.0,1475.0,0.0,0.0,14.0
2017-12-15 22:35:00,1475.0,1475.0,1475.0,1475.0,0.0,0.0,14.0
2017-12-15 22:40:00,1475.0,1475.0,1475.0,1475.0,0.0,0.0,14.0
2017-12-15 22:45:00,1475.0,1475.0,1475.0,1475.0,0.0,0.0,14.0
2017-12-15 22:50:00,1475.0,1475.0,1475.0,1475.0,0.0,0.0,14.0
2017-12-15 22:55:00,1475.0,1475.0,1475.0,1475.0,0.0,0.0,14.0
2017-12-15 23:00:00,1475.0,1475.0,1475.0,1475.0,0.0,0.0,14.0
2017-12-15 23:05:00,1475.0,1475.0,1475.0,1475.0,0.0,0.0,14.0
2017-12-15 23:10:00,1475.0,1475.0,1475.0,1475.0,0.0,0.0,14.0
2017-12-15 23:15:00,1475.0,1475.0,1475.0,1475.0,0.0,0.0,14.0
2017-12-15 23:20:00,1475.0,1475.0,1475.0,1475.0,0.0,0.0,14.0
2017-12-15 23:25:00,1475.0,1475.0,1475.0,1475.0,0.0,0.0,14.0
2017-12-18 09:00:00,1475.0,1475.0,1475.0,1475.0,0.0,0.0,14.0
2017-12-18 09:05:00,1475.0,1475.0,1475.0,1475.0,0.0,0.0,14.0
2017-12-18 09:10:00,1475.0,1475.0,1475.0,1475.0,0.0,0.0,14.0
2017-12-18 09:15:00,1475.0,1475.0,1475.0,1475.0,0.0,0.0,14.0
2017-12-18 09:20:00,1475.0,1475.0,1475.0,1475.0,0.0,0.0,14.0
2017-12-18 09:25:00,1475.0,1475.0,1475.0,1475.0,0.0,0.0,14.0
2017-12-18 09:30:00,1475.0,1475.0,1475.0,1475.0,0.0,0.0,14.0
2017-12-18 09:35:00,1475.0,1475.0,1475.0,1475.0,0.0,0.0,14.0
2017-12-18 09:40:00,1475.0,1475.0,1475.0,1475.0,0.0,0.0,14.0
2017-12-18 09:45:00,1475.0,1475.0,1475.0,1475.0,0.0,0.0,14.0
2017-12-18 09:50:00,1475.0,1475.0,1475.0,1475.0,0.0,0.0,14.0
2017-12-18 09:55:00,1475.0,1475.0,1475.0,1475.0,0.0,0.0,14.0
2017-12-18 10:00:00,1475.0,1475.0,1475.0,1475.0,0.0,0.0,14.0
2017-12-18 10:05:00,1475.0,1475.0,1475.0,1475.0,0.0,0.0,14.0
2017-12-18 10:10:00,1475.0,1475.0,1475.0,1475.0,0.0,0.0,14.0
2017-12-18 10:30:00,1475.0,1475.0,1475.0,1475.0,0.0,0.0,14.0
2017-12-18 10:35:00,1475.0,1475.0,1475.0,1475.0,0.0,0.0,14.0
2017-12-18 10:40:00,1475.0,1475.0,1475.0,1475.0,0.0,0.0,14.0
2017-12-18 10:45:00,1475.0,1475.0,1475.0,1475.0,0.0,0.0,14.0
2017-12-18 10:50:00,1475.0,1475.0,1475.0,1475.0,0.0,0.0,14.0
2017-12-18 10:55:00,1475.0,1475.0,1475.0,1475.0,0.0,0.0,14.0
2017-12-18 11:00:00,1475.0,1475.0,1475.0,1475.0,0.0,0.0,14.0
2017-12-18 11:05:00,1475.0,1475.0,1475.0,1475.0,0.0,0.0,14.0
2017-12-18 11:10:00,1475.0,1475.0,1475.0,1475.0,0.0,0.0,14.0
2017-12-18 11:15:00,1475.0,1475.0,1475.0,1475.0,0.0,0.0,14.0
2017-12-18 11:20:00,1475.0,1475.0,1475.0,1475.0,0.0,0.0,14.0
2017-12-18 11:25:00,1475.0,1475.0,1475.0,1475.0,0.0,0.0,14.0
2017-12-18 13:30:00,1475.0,1475.0,1475.0,1475.0,0.0,0.0,14.0
2017-12-18 13:35:00,1475.0,1475.0,1475.0,1475.0,0.0,0.0,14.0
2017-12-18 13:40:00,1475.0,1475.0,1475.0,1475.0,0.0,0.0,14.0
2017-12-18 13:45:00,1475.0,1475.0,1475.0,1475.0,0.0,0.0,14.0
2017-12-18 13:50:00,1475.0,1475.0,1475.0,1475.0,0.0,0.0,14.0
2017-12-18 13:55:00,1475.0,1475.0,1475.0,1475.0,0.0,0.0,14.0
2017-12-18 14:00:00,1475.0,1475.0,1475.0,1475.0,0.0,0.0,14.0
2017-12-18 14:05:00,1475.0,1475.0,1475.0,1475.0,0.0,0.0,14.0
2017-12-18 14:10:00,1494.0,1494.0,1494.0,1494.0,2.0,59760.0,12.0
2017-12-18 14:15:00,1494.0,1494.0,1494.0,1494.0,0.0,0.0,12.0
2017-12-18 14:20:00,1494.0,1494.0,1494.0,1494.0,0.0,0.0,12.0
2017-12-18 14:25:00,1494.0,1494.0,1494.0,1494.0,0.0,0.0,12.0
2017-12-18 14:30:00,1492.0,1492.0,1492.0,1492.0,2.0,59680.0,10.0
2017-12-18 14:35:00,1492.0,1492.0,1492.0,1492.0,0.0,0.0,10.0
2017-12-18 14:40:00,1492.0,1492.0,1492.0,1492.0,0.0,0.0,10.0
2017-12-18 14:45:00,1492.0,1492.0,1492.0,1492.0,0.0,0.0,10.0
2017-12-18 14:50:00,1492.0,1492.0,1492.0,1492.0,0.0,0.0,10.0
2017-12-18 14:55:00,1492.0,1492.0,1492.0,1492.0,0.0,0.0,10.0
2017-12-18 21:00:00,1493.0,1493.0,1493.0,1493.0,0.0,0.0,10.0
2017-12-18 21:05:00,1493.0,1493.0,1493.0,1493.0,0.0,0.0,10.0
2017-12-18 21:10:00,1493.0,1493.0,1493.0,1493.0,0.0,0.0,10.0
2017-12-18 21:15:00,1493.0,1493.0,1493.0,1493.0,0.0,0.0,10.0
2017-12-18 21:20:00,1493.0,1493.0,1493.0,1493.0,0.0,0.0,10.0
2017-12-18 21:25:00,1493.0,1493.0,1493.0,1493.0,0.0,0.0,10.0
2017-12-18 21:30:00,1493.0,1493.0,1493.0,1493.0,0.0,0.0,10.0
2017-12-18 21:35:00,1493.0,1493.0,1493.0,1493.0,0.0,0.0,10.0
2017-12-18 21:40:00,1493.0,1493.0,1493.0,1493.0,0.0,0.0,10.0
2017-12-18 21:45:00,1493.0,1493.0,1493.0,1493.0,0.0,0.0,10.0
2017-12-18 21:50:00,1493.0,1493.0,1493.0,1493.0,0.0,0.0,10.0
2017-12-18 21:55:00,1493.0,1493.0,1493.0,1493.0,0.0,0.0,10.0
2017-12-18 22:00:00,1493.0,1493.0,1493.0,1493.0,0.0,0.0,10.0
2017-12-18 22:05:00,1493.0,1493.0,1493.0,1493.0,0.0,0.0,10.0
2017-12-18 22:10:00,1493.0,1493.0,1493.0,1493.0,0.0,0.0,10.0
2017-12-18 22:15:00,1493.0,1493.0,1493.0,1493.0,0.0,0.0,10.0
2017-12-18 22:20:00,1493.0,1493.0,1493.0,1493.0,0.0,0.0,10.0
2017-12-18 22:25:00,1493.0,1493.0,1493.0,1493.0,0.0,0.0,10.0
2017-12-18 22:30:00,1493.0,1493.0,1493.0,1493.0,0.0,0.0,10.0
2017-12-18 22:35:00,1493.0,1493.0,1493.0,1493.0,0.0,0.0,10.0
2017-12-18 22:40:00,1493.0,1493.0,1493.0,1493.0,0.0,0.0,10.0
2017-12-18 22:45:00,1493.0,1493.0,1493.0,1493.0,0.0,0.0,10.0
2017-12-18 22:50:00,1493.0,1493.0,1493.0,1493.0,0.0,0.0,10.0
2017-12-18 22:55:00,1493.0,1493.0,1493.0,1493.0,0.0,0.0,10.0
2017-12-18 23:00:00,1493.0,1493.0,1493.0,1493.0,0.0,0.0,10.0
2017-12-18 23:05:00,1493.0,1493.0,1493.0,1493.0,0.0,0.0,10.0
2017-12-18 23:10:00,1493.0,1493.0,1493.0,1493.0,0.0,0.0,10.0
2017-12-18 23:15:00,1493.0,1493.0,1493.0,1493.0,0.0,0.0,10.0
2017-12-18 23:20:00,1493.0,1493.0,1493.0,1493.0,0.0,0.0,10.0
2017-12-18 23:25:00,1493.0,1493.0,1493.0,1493.0,0.0,0.0,10.0
2017-12-19 09:00:00,1493.0,1493.0,1493.0,1493.0,0.0,0.0,10.0
2017-12-19 09:05:00,1493.0,1493.0,1488.0,1490.0,4.0,119120.0,6.0
2017-12-19 09:10:00,1490.0,1492.0,1490.0,1492.0,2.0,59680.0,6.0
2017-12-19 09:15:00,1492.0,1492.0,1492.0,1492.0,0.0,0.0,6.0
2017-12-19 09:20:00,1492.0,1492.0,1492.0,1492.0,0.0,0.0,6.0
2017-12-19 09:25:00,1492.0,1492.0,1492.0,1492.0,0.0,0.0,6.0
2017-12-19 09:30:00,1492.0,1492.0,1492.0,1492.0,0.0,0.0,6.0
2017-12-19 09:35:00,1492.0,1492.0,1492.0,1492.0,0.0,0.0,6.0
2017-12-19 09:40:00,1492.0,1492.0,1492.0,1492.0,0.0,0.0,6.0
2017-12-19 09:45:00,1492.0,1492.0,1492.0,1492.0,0.0,0.0,6.0
2017-12-19 09:50:00,1492.0,1492.0,1492.0,1492.0,0.0,0.0,6.0
2017-12-19 09:55:00,1492.0,1492.0,1492.0,1492.0,0.0,0.0,6.0
2017-12-19 10:00:00,1492.0,1492.0,1492.0,1492.0,0.0,0.0,6.0
2017-12-19 10:05:00,1492.0,1492.0,1492.0,1492.0,0.0,0.0,6.0
2017-12-19 10:10:00,1492.0,1492.0,1492.0,1492.0,0.0,0.0,6.0
2017-12-19 10:30:00,1492.0,1492.0,1492.0,1492.0,0.0,0.0,6.0
2017-12-19 10:35:00,1492.0,1492.0,1492.0,1492.0,0.0,0.0,6.0
2017-12-19 10:40:00,1492.0,1492.0,1492.0,1492.0,0.0,0.0,6.0
2017-12-19 10:45:00,1492.0,1492.0,1492.0,1492.0,0.0,0.0,6.0
2017-12-19 10:50:00,1492.0,1492.0,1492.0,1492.0,0.0,0.0,6.0
2017-12-19 10:55:00,1492.0,1492.0,1492.0,1492.0,0.0,0.0,6.0
2017-12-19 11:00:00,1492.0,1492.0,1492.0,1492.0,0.0,0.0,6.0
2017-12-19 11:05:00,1492.0,1492.0,1492.0,1492.0,0.0,0.0,6.0
2017-12-19 11:10:00,1492.0,1492.0,1492.0,1492.0,0.0,0.0,6.0
2017-12-19 11:15:00,1492.0,1492.0,1492.0,1492.0,0.0,0.0,6.0
2017-12-19 11:20:00,1492.0,1492.0,1492.0,1492.0,0.0,0.0,6.0
2017-12-19 11:25:00,1492.0,1492.0,1492.0,1492.0,0.0,0.0,6.0
2017-12-19 13:30:00,1492.0,1492.0,1492.0,1492.0,0.0,0.0,6.0
2017-12-19 13:35:00,1492.0,1492.0,1492.0,1492.0,0.0,0.0,6.0
2017-12-19 13:40:00,1492.0,1492.0,1492.0,1492.0,0.0,0.0,6.0
2017-12-19 13:45:00,1492.0,1492.0,1492.0,1492.0,0.0,0.0,6.0
2017-12-19 13:50:00,1492.0,1492.0,1492.0,1492.0,0.0,0.0,6.0
2017-12-19 13:55:00,1492.0,1492.0,1492.0,1492.0,0.0,0.0,6.0
2017-12-19 14:00:00,1492.0,1492.0,1492.0,1492.0,0.0,0.0,6.0
2017-12-19 14:05:00,1492.0,1492.0,1492.0,1492.0,0.0,0.0,6.0
2017-12-19 14:10:00,1492.0,1492.0,1492.0,1492.0,0.0,0.0,6.0
2017-12-19 14:15:00,1492.0,1492.0,1492.0,1492.0,0.0,0.0,6.0
2017-12-19 14:20:00,1492.0,1492.0,1492.0,1492.0,0.0,0.0,6.0
2017-12-19 14:25:00,1492.0,1492.0,1492.0,1492.0,0.0,0.0,6.0
2017-12-19 14:30:00,1492.0,1492.0,1492.0,1492.0,0.0,0.0,6.0
2017-12-19 14:35:00,1492.0,1492.0,1492.0,1492.0,0.0,0.0,6.0
2017-12-19 14:40:00,1492.0,1492.0,1492.0,1492.0,0.0,0.0,6.0
2017-12-19 14:45:00,1492.0,1492.0,1492.0,1492.0,0.0,0.0,6.0
2017-12-19 14:50:00,1492.0,1492.0,1492.0,1492.0,0.0,0.0,6.0
2017-12-19 14:55:00,1492.0,1492.0,1492.0,1492.0,0.0,0.0,6.0
2017-12-19 21:00:00,1490.0,1490.0,1490.0,1490.0,0.0,0.0,6.0
2017-12-19 21:05:00,1490.0,1490.0,1490.0,1490.0,0.0,0.0,6.0
2017-12-19 21:10:00,1490.0,1490.0,1490.0,1490.0,0.0,0.0,6.0
2017-12-19 21:15:00,1490.0,1490.0,1490.0,1490.0,0.0,0.0,6.0
2017-12-19 21:20:00,1490.0,1490.0,1490.0,1490.0,0.0,0.0,6.0
2017-12-19 21:25:00,1490.0,1490.0,1490.0,1490.0,0.0,0.0,6.0
2017-12-19 21:30:00,1490.0,1490.0,1490.0,1490.0,0.0,0.0,6.0
2017-12-19 21:35:00,1490.0,1490.0,1490.0,1490.0,0.0,0.0,6.0
2017-12-19 21:40:00,1490.0,1490.0,1490.0,1490.0,0.0,0.0,6.0
2017-12-19 21:45:00,1490.0,1490.0,1490.0,1490.0,0.0,0.0,6.0
2017-12-19 21:50:00,1490.0,1490.0,1490.0,1490.0,0.0,0.0,6.0
2017-12-19 21:55:00,1490.0,1490.0,1490.0,1490.0,0.0,0.0,6.0
2017-12-19 22:00:00,1490.0,1490.0,1490.0,1490.0,0.0,0.0,6.0
2017-12-19 22:05:00,1490.0,1490.0,1490.0,1490.0,0.0,0.0,6.0
2017-12-19 22:10:00,1490.0,1490.0,1490.0,1490.0,0.0,0.0,6.0
2017-12-19 22:15:00,1490.0,1490.0,1490.0,1490.0,0.0,0.0,6.0
2017-12-19 22:20:00,1490.0,1490.0,1490.0,1490.0,0.0,0.0,6.0
2017-12-19 22:25:00,1490.0,1490.0,1490.0,1490.0,0.0,0.0,6.0
2017-12-19 22:30:00,1490.0,1490.0,1490.0,1490.0,0.0,0.0,6.0
2017-12-19 22:35:00,1490.0,1490.0,1490.0,1490.0,0.0,0.0,6.0
2017-12-19 22:40:00,1490.0,1490.0,1490.0,1490.0,0.0,0.0,6.0
2017-12-19 22:45:00,1490.0,1490.0,1490.0,1490.0,0.0,0.0,6.0
2017-12-19 22:50:00,1490.0,1490.0,1490.0,1490.0,0.0,0.0,6.0
2017-12-19 22:55:00,1490.0,1490.0,1490.0,1490.0,0.0,0.0,6.0
2017-12-19 23:00:00,1490.0,1490.0,1490.0,1490.0,0.0,0.0,6.0
2017-12-19 23:05:00,1490.0,1490.0,1490.0,1490.0,0.0,0.0,6.0
2017-12-19 23:10:00,1490.0,1490.0,1490.0,1490.0,0.0,0.0,6.0
2017-12-19 23:15:00,1490.0,1490.0,1490.0,1490.0,0.0,0.0,6.0
2017-12-19 23:20:00,1490.0,1490.0,1490.0,1490.0,0.0,0.0,6.0
2017-12-19 23:25:00,1490.0,1490.0,1490.0,1490.0,0.0,0.0,6.0
2017-12-20 09:00:00,1490.0,1490.0,1490.0,1490.0,0.0,0.0,6.0
2017-12-20 09:05:00,1490.0,1490.0,1490.0,1490.0,0.0,0.0,6.0
2017-12-20 09:10:00,1490.0,1490.0,1490.0,1490.0,0.0,0.0,6.0
2017-12-20 09:15:00,1490.0,1490.0,1490.0,1490.0,0.0,0.0,6.0
2017-12-20 09:20:00,1490.0,1490.0,1490.0,1490.0,0.0,0.0,6.0
2017-12-20 09:25:00,1490.0,1490.0,1490.0,1490.0,0.0,0.0,6.0
2017-12-20 09:30:00,1490.0,1490.0,1490.0,1490.0,0.0,0.0,6.0
2017-12-20 09:35:00,1490.0,1490.0,1490.0,1490.0,0.0,0.0,6.0
2017-12-20 09:40:00,1490.0,1490.0,1490.0,1490.0,0.0,0.0,6.0
2017-12-20 09:45:00,1490.0,1490.0,1490.0,1490.0,0.0,0.0,6.0
2017-12-20 09:50:00,1490.0,1490.0,1490.0,1490.0,0.0,0.0,6.0
2017-12-20 09:55:00,1490.0,1490.0,1490.0,1490.0,0.0,0.0,6.0
2017-12-20 10:00:00,1490.0,1490.0,1490.0,1490.0,0.0,0.0,6.0
2017-12-20 10:05:00,1490.0,1490.0,1490.0,1490.0,0.0,0.0,6.0
2017-12-20 10:10:00,1490.0,1490.0,1490.0,1490.0,0.0,0.0,6.0
2017-12-20 10:30:00,1490.0,1490.0,1490.0,1490.0,0.0,0.0,6.0
2017-12-20 10:35:00,1490.0,1490.0,1490.0,1490.0,0.0,0.0,6.0
2017-12-20 10:40:00,1490.0,1490.0,1490.0,1490.0,0.0,0.0,6.0
2017-12-20 10:45:00,1490.0,1490.0,1490.0,1490.0,0.0,0.0,6.0
2017-12-20 10:50:00,1490.0,1490.0,1490.0,1490.0,0.0,0.0,6.0
2017-12-20 10:55:00,1490.0,1490.0,1490.0,1490.0,0.0,0.0,6.0
2017-12-20 11:00:00,1490.0,1490.0,1490.0,1490.0,0.0,0.0,6.0
2017-12-20 11:05:00,1490.0,1490.0,1490.0,1490.0,0.0,0.0,6.0
2017-12-20 11:10:00,1490.0,1490.0,1490.0,1490.0,0.0,0.0,6.0
2017-12-20 11:15:00,1490.0,1490.0,1490.0,1490.0,0.0,0.0,6.0
2017-12-20 11:20:00,1490.0,1490.0,1490.0,1490.0,0.0,0.0,6.0
2017-12-20 11:25:00,1490.0,1490.0,1490.0,1490.0,0.0,0.0,6.0
2017-12-20 13:30:00,1490.0,1490.0,1490.0,1490.0,0.0,0.0,6.0
2017-12-20 13:35:00,1490.0,1490.0,1490.0,1490.0,0.0,0.0,6.0
2017-12-20 13:40:00,1490.0,1490.0,1490.0,1490.0,0.0,0.0,6.0
2017-12-20 13:45:00,1490.0,1490.0,1490.0,1490.0,0.0,0.0,6.0
2017-12-20 13:50:00,1490.0,1490.0,1490.0,1490.0,0.0,0.0,6.0
2017-12-20 13:55:00,1490.0,1490.0,1490.0,1490.0,0.0,0.0,6.0
2017-12-20 14:00:00,1490.0,1490.0,1490.0,1490.0,0.0,0.0,6.0
2017-12-20 14:05:00,1490.0,1490.0,1490.0,1490.0,0.0,0.0,6.0
2017-12-20 14:10:00,1490.0,1490.0,1490.0,1490.0,0.0,0.0,6.0
2017-12-20 14:15:00,1490.0,1490.0,1490.0,1490.0,0.0,0.0,6.0
2017-12-20 14:20:00,1490.0,1490.0,1490.0,1490.0,0.0,0.0,6.0
2017-12-20 14:25:00,1490.0,1490.0,1490.0,1490.0,0.0,0.0,6.0
2017-12-20 14:30:00,1490.0,1490.0,1490.0,1490.0,0.0,0.0,6.0
2017-12-20 14:35:00,1490.0,1490.0,1490.0,1490.0,0.0,0.0,6.0
2017-12-20 14:40:00,1490.0,1490.0,1490.0,1490.0,0.0,0.0,6.0
2017-12-20 14:45:00,1490.0,1490.0,1490.0,1490.0,0.0,0.0,6.0
2017-12-20 14:50:00,1490.0,1490.0,1490.0,1490.0,0.0,0.0,6.0
2017-12-20 14:55:00,1490.0,1490.0,1490.0,1490.0,0.0,0.0,6.0
2017-12-20 21:00:00,1490.0,1490.0,1490.0,1490.0,0.0,0.0,6.0
2017-12-20 21:05:00,1490.0,1490.0,1490.0,1490.0,0.0,0.0,6.0
2017-12-20 21:10:00,1490.0,1490.0,1490.0,1490.0,0.0,0.0,6.0
2017-12-20 21:15:00,1490.0,1490.0,1490.0,1490.0,0.0,0.0,6.0
2017-12-20 21:20:00,1490.0,1490.0,1490.0,1490.0,0.0,0.0,6.0
2017-12-20 21:25:00,1490.0,1490.0,1490.0,1490.0,0.0,0.0,6.0
2017-12-20 21:30:00,1490.0,1490.0,1490.0,1490.0,0.0,0.0,6.0
2017-12-20 21:35:00,1490.0,1490.0,1490.0,1490.0,0.0,0.0,6.0
2017-12-20 21:40:00,1490.0,1490.0,1490.0,1490.0,0.0,0.0,6.0
2017-12-20 21:45:00,1490.0,1490.0,1490.0,1490.0,0.0,0.0,6.0
2017-12-20 21:50:00,1490.0,1490.0,1490.0,1490.0,0.0,0.0,6.0
2017-12-20 21:55:00,1490.0,1490.0,1490.0,1490.0,0.0,0.0,6.0
2017-12-20 22:00:00,1490.0,1490.0,1490.0,1490.0,0.0,0.0,6.0
2017-12-20 22:05:00,1490.0,1490.0,1490.0,1490.0,0.0,0.0,6.0
2017-12-20 22:10:00,1490.0,1490.0,1490.0,1490.0,0.0,0.0,6.0
2017-12-20 22:15:00,1490.0,1490.0,1490.0,1490.0,0.0,0.0,6.0
2017-12-20 22:20:00,1490.0,1490.0,1490.0,1490.0,0.0,0.0,6.0
2017-12-20 22:25:00,1490.0,1490.0,1490.0,1490.0,0.0,0.0,6.0
2017-12-20 22:30:00,1490.0,1490.0,1490.0,1490.0,0.0,0.0,6.0
2017-12-20 22:35:00,1490.0,1490.0,1490.0,1490.0,0.0,0.0,6.0
2017-12-20 22:40:00,1490.0,1490.0,1490.0,1490.0,0.0,0.0,6.0
2017-12-20 22:45:00,1490.0,1490.0,1490.0,1490.0,0.0,0.0,6.0
2017-12-20 22:50:00,1490.0,1490.0,1490.0,1490.0,0.0,0.0,6.0
2017-12-20 22:55:00,1490.0,1490.0,1490.0,1490.0,0.0,0.0,6.0
2017-12-20 23:00:00,1490.0,1490.0,1490.0,1490.0,0.0,0.0,6.0
2017-12-20 23:05:00,1490.0,1490.0,1490.0,1490.0,0.0,0.0,6.0
2017-12-20 23:10:00,1490.0,1490.0,1490.0,1490.0,0.0,0.0,6.0
2017-12-20 23:15:00,1490.0,1490.0,1490.0,1490.0,0.0,0.0,6.0
2017-12-20 23:20:00,1490.0,1490.0,1490.0,1490.0,0.0,0.0,6.0
2017-12-20 23:25:00,1490.0,1490.0,1490.0,1490.0,0.0,0.0,6.0
2017-12-21 09:00:00,1490.0,1490.0,1490.0,1490.0,0.0,0.0,6.0
2017-12-21 09:05:00,1490.0,1490.0,1490.0,1490.0,0.0,0.0,6.0
2017-12-21 09:10:00,1490.0,1490.0,1490.0,1490.0,0.0,0.0,6.0
2017-12-21 09:15:00,1490.0,1490.0,1490.0,1490.0,0.0,0.0,6.0
2017-12-21 09:20:00,1490.0,1490.0,1490.0,1490.0,0.0,0.0,6.0
2017-12-21 09:25:00,1490.0,1490.0,1490.0,1490.0,0.0,0.0,6.0
2017-12-21 09:30:00,1490.0,1490.0,1490.0,1490.0,0.0,0.0,6.0
2017-12-21 09:35:00,1490.0,1490.0,1490.0,1490.0,0.0,0.0,6.0
2017-12-21 09:40:00,1490.0,1490.0,1490.0,1490.0,0.0,0.0,6.0
2017-12-21 09:45:00,1490.0,1490.0,1490.0,1490.0,0.0,0.0,6.0
2017-12-21 09:50:00,1490.0,1490.0,1490.0,1490.0,0.0,0.0,6.0
2017-12-21 09:55:00,1490.0,1490.0,1490.0,1490.0,0.0,0.0,6.0
2017-12-21 10:00:00,1490.0,1490.0,1490.0,1490.0,0.0,0.0,6.0
2017-12-21 10:05:00,1490.0,1490.0,1490.0,1490.0,0.0,0.0,6.0
2017-12-21 10:10:00,1490.0,1490.0,1490.0,1490.0,0.0,0.0,6.0
2017-12-21 10:30:00,1490.0,1490.0,1490.0,1490.0,0.0,0.0,6.0
2017-12-21 10:35:00,1490.0,1490.0,1490.0,1490.0,0.0,0.0,6.0
2017-12-21 10:40:00,1490.0,1490.0,1490.0,1490.0,0.0,0.0,6.0
2017-12-21 10:45:00,1490.0,1490.0,1490.0,1490.0,0.0,0.0,6.0
2017-12-21 10:50:00,1490.0,1490.0,1490.0,1490.0,0.0,0.0,6.0
2017-12-21 10:55:00,1490.0,1490.0,1490.0,1490.0,0.0,0.0,6.0
2017-12-21 11:00:00,1490.0,1490.0,1490.0,1490.0,0.0,0.0,6.0
2017-12-21 11:05:00,1490.0,1490.0,1490.0,1490.0,0.0,0.0,6.0
2017-12-21 11:10:00,1490.0,1490.0,1490.0,1490.0,0.0,0.0,6.0
2017-12-21 11:15:00,1490.0,1490.0,1490.0,1490.0,0.0,0.0,6.0
2017-12-21 11:20:00,1490.0,1490.0,1490.0,1490.0,0.0,0.0,6.0
2017-12-21 11:25:00,1490.0,1490.0,1490.0,1490.0,0.0,0.0,6.0
2017-12-21 13:30:00,1490.0,1490.0,1490.0,1490.0,0.0,0.0,6.0
2017-12-21 13:35:00,1490.0,1490.0,1490.0,1490.0,0.0,0.0,6.0
2017-12-21 13:40:00,1490.0,1490.0,1490.0,1490.0,0.0,0.0,6.0
2017-12-21 13:45:00,1490.0,1490.0,1490.0,1490.0,0.0,0.0,6.0
2017-12-21 13:50:00,1490.0,1490.0,1490.0,1490.0,0.0,0.0,6.0
2017-12-21 13:55:00,1490.0,1490.0,1490.0,1490.0,0.0,0.0,6.0
2017-12-21 14:00:00,1490.0,1490.0,1490.0,1490.0,0.0,0.0,6.0
2017-12-21 14:05:00,1490.0,1490.0,1490.0,1490.0,0.0,0.0,6.0
2017-12-21 14:10:00,1490.0,1490.0,1490.0,1490.0,0.0,0.0,6.0
2017-12-21 14:15:00,1490.0,1490.0,1490.0,1490.0,0.0,0.0,6.0
2017-12-21 14:20:00,1490.0,1490.0,1490.0,1490.0,0.0,0.0,6.0
2017-12-21 14:25:00,1490.0,1490.0,1490.0,1490.0,0.0,0.0,6.0
2017-12-21 14:30:00,1490.0,1490.0,1490.0,1490.0,0.0,0.0,6.0
2017-12-21 14:35:00,1490.0,1490.0,1490.0,1490.0,0.0,0.0,6.0
2017-12-21 14:40:00,1490.0,1490.0,1490.0,1490.0,0.0,0.0,6.0
2017-12-21 14:45:00,1490.0,1490.0,1490.0,1490.0,0.0,0.0,6.0
2017-12-21 14:50:00,1490.0,1490.0,1490.0,1490.0,0.0,0.0,6.0
2017-12-21 14:55:00,1490.0,1490.0,1490.0,1490.0,0.0,0.0,6.0
2017-12-21 21:00:00,1490.0,1490.0,1490.0,1490.0,0.0,0.0,6.0
2017-12-21 21:05:00,1490.0,1490.0,1490.0,1490.0,0.0,0.0,6.0
2017-12-21 21:10:00,1490.0,1490.0,1490.0,1490.0,0.0,0.0,6.0
2017-12-21 21:15:00,1490.0,1490.0,1490.0,1490.0,0.0,0.0,6.0
2017-12-21 21:20:00,1490.0,1490.0,1490.0,1490.0,0.0,0.0,6.0
2017-12-21 21:25:00,1490.0,1490.0,1490.0,1490.0,0.0,0.0,6.0
2017-12-21 21:30:00,1490.0,1490.0,1490.0,1490.0,0.0,0.0,6.0
2017-12-21 21:35:00,1490.0,1490.0,1490.0,1490.0,0.0,0.0,6.0
2017-12-21 21:40:00,1490.0,1490.0,1490.0,1490.0,0.0,0.0,6.0
2017-12-21 21:45:00,1490.0,1490.0,1490.0,1490.0,0.0,0.0,6.0
2017-12-21 21:50:00,1490.0,1490.0,1490.0,1490.0,0.0,0.0,6.0
2017-12-21 21:55:00,1490.0,1490.0,1490.0,1490.0,0.0,0.0,6.0
2017-12-21 22:00:00,1490.0,1490.0,1490.0,1490.0,0.0,0.0,6.0
2017-12-21 22:05:00,1490.0,1490.0,1490.0,1490.0,0.0,0.0,6.0
2017-12-21 22:10:00,1490.0,1490.0,1490.0,1490.0,0.0,0.0,6.0
2017-12-21 22:15:00,1490.0,1490.0,1490.0,1490.0,0.0,0.0,6.0
2017-12-21 22:20:00,1490.0,1490.0,1490.0,1490.0,0.0,0.0,6.0
2017-12-21 22:25:00,1490.0,1490.0,1490.0,1490.0,0.0,0.0,6.0
2017-12-21 22:30:00,1490.0,1490.0,1490.0,1490.0,0.0,0.0,6.0
2017-12-21 22:35:00,1490.0,1490.0,1490.0,1490.0,0.0,0.0,6.0
2017-12-21 22:40:00,1490.0,1490.0,1490.0,1490.0,0.0,0.0,6.0
2017-12-21 22:45:00,1490.0,1490.0,1490.0,1490.0,0.0,0.0,6.0
2017-12-21 22:50:00,1490.0,1490.0,1490.0,1490.0,0.0,0.0,6.0
2017-12-21 22:55:00,1490.0,1490.0,1490.0,1490.0,0.0,0.0,6.0
2017-12-21 23:00:00,1490.0,1490.0,1490.0,1490.0,0.0,0.0,6.0
2017-12-21 23:05:00,1490.0,1490.0,1490.0,1490.0,0.0,0.0,6.0
2017-12-21 23:10:00,1490.0,1490.0,1490.0,1490.0,0.0,0.0,6.0
2017-12-21 23:15:00,1490.0,1490.0,1490.0,1490.0,0.0,0.0,6.0
2017-12-21 23:20:00,1490.0,1490.0,1490.0,1490.0,0.0,0.0,6.0
2017-12-21 23:25:00,1490.0,1490.0,1490.0,1490.0,0.0,0.0,6.0
2017-12-22 09:00:00,1490.0,1490.0,1490.0,1490.0,0.0,0.0,6.0
2017-12-22 09:05:00,1490.0,1490.0,1490.0,1490.0,0.0,0.0,6.0
2017-12-22 09:10:00,1490.0,1490.0,1490.0,1490.0,0.0,0.0,6.0
2017-12-22 09:15:00,1490.0,1490.0,1490.0,1490.0,0.0,0.0,6.0
2017-12-22 09:20:00,1490.0,1490.0,1490.0,1490.0,0.0,0.0,6.0
2017-12-22 09:25:00,1490.0,1490.0,1490.0,1490.0,0.0,0.0,6.0
2017-12-22 09:30:00,1490.0,1490.0,1490.0,1490.0,0.0,0.0,6.0
2017-12-22 09:35:00,1490.0,1490.0,1490.0,1490.0,0.0,0.0,6.0
2017-12-22 09:40:00,1490.0,1490.0,1490.0,1490.0,0.0,0.0,6.0
2017-12-22 09:45:00,1490.0,1490.0,1490.0,1490.0,0.0,0.0,6.0
2017-12-22 09:50:00,1490.0,1490.0,1490.0,1490.0,0.0,0.0,6.0
2017-12-22 09:55:00,1490.0,1490.0,1490.0,1490.0,0.0,0.0,6.0
2017-12-22 10:00:00,1490.0,1490.0,1490.0,1490.0,0.0,0.0,6.0
2017-12-22 10:05:00,1490.0,1490.0,1490.0,1490.0,0.0,0.0,6.0
2017-12-22 10:10:00,1490.0,1490.0,1490.0,1490.0,0.0,0.0,6.0
2017-12-22 10:30:00,1490.0,1490.0,1490.0,1490.0,0.0,0.0,6.0
2017-12-22 10:35:00,1490.0,1490.0,1490.0,1490.0,0.0,0.0,6.0
2017-12-22 10:40:00,1490.0,1490.0,1490.0,1490.0,0.0,0.0,6.0
2017-12-22 10:45:00,1490.0,1490.0,1490.0,1490.0,0.0,0.0,6.0
2017-12-22 10:50:00,1490.0,1490.0,1490.0,1490.0,0.0,0.0,6.0
2017-12-22 10:55:00,1490.0,1490.0,1490.0,1490.0,0.0,0.0,6.0
2017-12-22 11:00:00,1490.0,1490.0,1490.0,1490.0,0.0,0.0,6.0
2017-12-22 11:05:00,1490.0,1490.0,1490.0,1490.0,0.0,0.0,6.0
2017-12-22 11:10:00,1490.0,1490.0,1490.0,1490.0,0.0,0.0,6.0
2017-12-22 11:15:00,1490.0,1490.0,1490.0,1490.0,0.0,0.0,6.0
2017-12-22 11:20:00,1490.0,1490.0,1490.0,1490.0,0.0,0.0,6.0
2017-12-22 11:25:00,1490.0,1490.0,1490.0,1490.0,0.0,0.0,6.0
2017-12-22 13:30:00,1490.0,1490.0,1490.0,1490.0,0.0,0.0,6.0
2017-12-22 13:35:00,1490.0,1490.0,1490.0,1490.0,0.0,0.0,6.0
2017-12-22 13:40:00,1490.0,1490.0,1490.0,1490.0,0.0,0.0,6.0
2017-12-22 13:45:00,1490.0,1490.0,1490.0,1490.0,0.0,0.0,6.0
2017-12-22 13:50:00,1490.0,1490.0,1490.0,1490.0,0.0,0.0,6.0
2017-12-22 13:55:00,1490.0,1490.0,1490.0,1490.0,0.0,0.0,6.0
2017-12-22 14:00:00,1490.0,1490.0,1490.0,1490.0,0.0,0.0,6.0
2017-12-22 14:05:00,1490.0,1490.0,1490.0,1490.0,0.0,0.0,6.0
2017-12-22 14:10:00,1490.0,1490.0,1490.0,1490.0,0.0,0.0,6.0
2017-12-22 14:15:00,1490.0,1490.0,1490.0,1490.0,0.0,0.0,6.0
2017-12-22 14:20:00,1490.0,1490.0,1490.0,1490.0,0.0,0.0,6.0
2017-12-22 14:25:00,1490.0,1490.0,1490.0,1490.0,0.0,0.0,6.0
2017-12-22 14:30:00,1490.0,1490.0,1490.0,1490.0,0.0,0.0,6.0
2017-12-22 14:35:00,1490.0,1490.0,1490.0,1490.0,0.0,0.0,6.0
2017-12-22 14:40:00,1490.0,1490.0,1490.0,1490.0,0.0,0.0,6.0
2017-12-22 14:45:00,1490.0,1490.0,1490.0,1490.0,0.0,0.0,6.0
2017-12-22 14:50:00,1490.0,1490.0,1490.0,1490.0,0.0,0.0,6.0
2017-12-22 14:55:00,1490.0,1490.0,1490.0,1490.0,0.0,0.0,6.0
2017-12-22 21:00:00,1502.0,1502.0,1502.0,1502.0,0.0,0.0,6.0
2017-12-22 21:05:00,1502.0,1502.0,1502.0,1502.0,0.0,0.0,6.0
2017-12-22 21:10:00,1502.0,1502.0,1502.0,1502.0,0.0,0.0,6.0
2017-12-22 21:15:00,1502.0,1502.0,1502.0,1502.0,0.0,0.0,6.0
2017-12-22 21:20:00,1502.0,1502.0,1502.0,1502.0,0.0,0.0,6.0
2017-12-22 21:25:00,1502.0,1502.0,1502.0,1502.0,0.0,0.0,6.0
2017-12-22 21:30:00,1502.0,1502.0,1502.0,1502.0,0.0,0.0,6.0
2017-12-22 21:35:00,1502.0,1502.0,1502.0,1502.0,0.0,0.0,6.0
2017-12-22 21:40:00,1502.0,1502.0,1502.0,1502.0,0.0,0.0,6.0
2017-12-22 21:45:00,1502.0,1502.0,1502.0,1502.0,0.0,0.0,6.0
2017-12-22 21:50:00,1502.0,1502.0,1502.0,1502.0,0.0,0.0,6.0
2017-12-22 21:55:00,1502.0,1502.0,1502.0,1502.0,0.0,0.0,6.0
2017-12-22 22:00:00,1502.0,1502.0,1502.0,1502.0,0.0,0.0,6.0
2017-12-22 22:05:00,1502.0,1502.0,1502.0,1502.0,0.0,0.0,6.0
2017-12-22 22:10:00,1502.0,1502.0,1502.0,1502.0,0.0,0.0,6.0
2017-12-22 22:15:00,1502.0,1502.0,1502.0,1502.0,0.0,0.0,6.0
2017-12-22 22:20:00,1502.0,1502.0,1502.0,1502.0,0.0,0.0,6.0
2017-12-22 22:25:00,1502.0,1502.0,1502.0,1502.0,0.0,0.0,6.0
2017-12-22 22:30:00,1502.0,1502.0,1502.0,1502.0,0.0,0.0,6.0
2017-12-22 22:35:00,1502.0,1502.0,1502.0,1502.0,0.0,0.0,6.0
2017-12-22 22:40:00,1502.0,1502.0,1502.0,1502.0,0.0,0.0,6.0
2017-12-22 22:45:00,1502.0,1502.0,1502.0,1502.0,0.0,0.0,6.0
2017-12-22 22:50:00,1502.0,1502.0,1502.0,1502.0,0.0,0.0,6.0
2017-12-22 22:55:00,1502.0,1502.0,1502.0,1502.0,0.0,0.0,6.0
2017-12-22 23:00:00,1502.0,1502.0,1502.0,1502.0,0.0,0.0,6.0
2017-12-22 23:05:00,1502.0,1502.0,1502.0,1502.0,0.0,0.0,6.0
2017-12-22 23:10:00,1502.0,1502.0,1502.0,1502.0,0.0,0.0,6.0
2017-12-22 23:15:00,1502.0,1502.0,1502.0,1502.0,0.0,0.0,6.0
2017-12-22 23:20:00,1502.0,1502.0,1502.0,1502.0,0.0,0.0,6.0
2017-12-22 23:25:00,1502.0,1502.0,1502.0,1502.0,0.0,0.0,6.0
2017-12-25 09:00:00,1502.0,1502.0,1502.0,1502.0,0.0,0.0,6.0
2017-12-25 09:05:00,1502.0,1502.0,1502.0,1502.0,0.0,0.0,6.0
2017-12-25 09:10:00,1502.0,1502.0,1502.0,1502.0,0.0,0.0,6.0
2017-12-25 09:15:00,1502.0,1502.0,1502.0,1502.0,0.0,0.0,6.0
2017-12-25 09:20:00,1502.0,1502.0,1502.0,1502.0,0.0,0.0,6.0
2017-12-25 09:25:00,1502.0,1502.0,1502.0,1502.0,0.0,0.0,6.0
2017-12-25 09:30:00,1502.0,1502.0,1502.0,1502.0,0.0,0.0,6.0
2017-12-25 09:35:00,1502.0,1502.0,1502.0,1502.0,0.0,0.0,6.0
2017-12-25 09:40:00,1502.0,1502.0,1502.0,1502.0,0.0,0.0,6.0
2017-12-25 09:45:00,1502.0,1502.0,1502.0,1502.0,0.0,0.0,6.0
2017-12-25 09:50:00,1502.0,1502.0,1502.0,1502.0,0.0,0.0,6.0
2017-12-25 09:55:00,1502.0,1502.0,1502.0,1502.0,0.0,0.0,6.0
2017-12-25 10:00:00,1502.0,1502.0,1502.0,1502.0,0.0,0.0,6.0
2017-12-25 10:05:00,1502.0,1502.0,1502.0,1502.0,0.0,0.0,6.0
2017-12-25 10:10:00,1502.0,1502.0,1502.0,1502.0,0.0,0.0,6.0
2017-12-25 10:30:00,1502.0,1502.0,1502.0,1502.0,0.0,0.0,6.0
2017-12-25 10:35:00,1502.0,1502.0,1502.0,1502.0,0.0,0.0,6.0
2017-12-25 10:40:00,1502.0,1502.0,1502.0,1502.0,0.0,0.0,6.0
2017-12-25 10:45:00,1502.0,1502.0,1502.0,1502.0,0.0,0.0,6.0
2017-12-25 10:50:00,1502.0,1502.0,1502.0,1502.0,0.0,0.0,6.0
2017-12-25 10:55:00,1502.0,1502.0,1502.0,1502.0,0.0,0.0,6.0
2017-12-25 11:00:00,1502.0,1502.0,1502.0,1502.0,0.0,0.0,6.0
2017-12-25 11:05:00,1502.0,1502.0,1502.0,1502.0,0.0,0.0,6.0
2017-12-25 11:10:00,1502.0,1502.0,1502.0,1502.0,0.0,0.0,6.0
2017-12-25 11:15:00,1502.0,1502.0,1502.0,1502.0,0.0,0.0,6.0
2017-12-25 11:20:00,1502.0,1502.0,1502.0,1502.0,0.0,0.0,6.0
2017-12-25 11:25:00,1502.0,1502.0,1502.0,1502.0,0.0,0.0,6.0
2017-12-25 13:30:00,1502.0,1502.0,1502.0,1502.0,0.0,0.0,6.0
2017-12-25 13:35:00,1502.0,1502.0,1502.0,1502.0,0.0,0.0,6.0
2017-12-25 13:40:00,1502.0,1502.0,1502.0,1502.0,0.0,0.0,6.0
2017-12-25 13:45:00,1502.0,1502.0,1502.0,1502.0,0.0,0.0,6.0
2017-12-25 13:50:00,1502.0,1502.0,1502.0,1502.0,0.0,0.0,6.0
2017-12-25 13:55:00,1502.0,1502.0,1502.0,1502.0,0.0,0.0,6.0
2017-12-25 14:00:00,1502.0,1502.0,1502.0,1502.0,0.0,0.0,6.0
2017-12-25 14:05:00,1502.0,1502.0,1502.0,1502.0,0.0,0.0,6.0
2017-12-25 14:10:00,1502.0,1502.0,1502.0,1502.0,0.0,0.0,6.0
2017-12-25 14:15:00,1502.0,1502.0,1502.0,1502.0,0.0,0.0,6.0
2017-12-25 14:20:00,1502.0,1502.0,1502.0,1502.0,0.0,0.0,6.0
2017-12-25 14:25:00,1502.0,1502.0,1502.0,1502.0,0.0,0.0,6.0
2017-12-25 14:30:00,1502.0,1502.0,1502.0,1502.0,0.0,0.0,6.0
2017-12-25 14:35:00,1502.0,1502.0,1502.0,1502.0,0.0,0.0,6.0
2017-12-25 14:40:00,1502.0,1502.0,1502.0,1502.0,0.0,0.0,6.0
2017-12-25 14:45:00,1502.0,1502.0,1502.0,1502.0,0.0,0.0,6.0
2017-12-25 14:50:00,1502.0,1502.0,1502.0,1502.0,0.0,0.0,6.0
2017-12-25 14:55:00,1502.0,1502.0,1502.0,1502.0,0.0,0.0,6.0
2017-12-25 21:00:00,1495.0,1495.0,1495.0,1495.0,0.0,0.0,6.0
2017-12-25 21:05:00,1495.0,1495.0,1495.0,1495.0,0.0,0.0,6.0
2017-12-25 21:10:00,1495.0,1495.0,1495.0,1495.0,0.0,0.0,6.0
2017-12-25 21:15:00,1495.0,1495.0,1495.0,1495.0,0.0,0.0,6.0
2017-12-25 21:20:00,1495.0,1495.0,1495.0,1495.0,0.0,0.0,6.0
2017-12-25 21:25:00,1495.0,1495.0,1495.0,1495.0,0.0,0.0,6.0
2017-12-25 21:30:00,1495.0,1495.0,1495.0,1495.0,0.0,0.0,6.0
2017-12-25 21:35:00,1495.0,1495.0,1495.0,1495.0,0.0,0.0,6.0
2017-12-25 21:40:00,1495.0,1495.0,1495.0,1495.0,0.0,0.0,6.0
2017-12-25 21:45:00,1495.0,1495.0,1495.0,1495.0,0.0,0.0,6.0
2017-12-25 21:50:00,1495.0,1495.0,1495.0,1495.0,0.0,0.0,6.0
2017-12-25 21:55:00,1495.0,1495.0,1495.0,1495.0,0.0,0.0,6.0
2017-12-25 22:00:00,1495.0,1495.0,1495.0,1495.0,0.0,0.0,6.0
2017-12-25 22:05:00,1495.0,1495.0,1495.0,1495.0,0.0,0.0,6.0
2017-12-25 22:10:00,1495.0,1495.0,1495.0,1495.0,0.0,0.0,6.0
2017-12-25 22:15:00,1495.0,1495.0,1495.0,1495.0,0.0,0.0,6.0
2017-12-25 22:20:00,1495.0,1495.0,1495.0,1495.0,0.0,0.0,6.0
2017-12-25 22:25:00,1495.0,1495.0,1495.0,1495.0,0.0,0.0,6.0
2017-12-25 22:30:00,1495.0,1495.0,1495.0,1495.0,0.0,0.0,6.0
2017-12-25 22:35:00,1495.0,1495.0,1495.0,1495.0,0.0,0.0,6.0
2017-12-25 22:40:00,1495.0,1495.0,1495.0,1495.0,0.0,0.0,6.0
2017-12-25 22:45:00,1495.0,1495.0,1495.0,1495.0,0.0,0.0,6.0
2017-12-25 22:50:00,1495.0,1495.0,1495.0,1495.0,0.0,0.0,6.0
2017-12-25 22:55:00,1495.0,1495.0,1495.0,1495.0,0.0,0.0,6.0
2017-12-25 23:00:00,1495.0,1495.0,1495.0,1495.0,0.0,0.0,6.0
2017-12-25 23:05:00,1495.0,1495.0,1495.0,1495.0,0.0,0.0,6.0
2017-12-25 23:10:00,1495.0,1495.0,1495.0,1495.0,0.0,0.0,6.0
2017-12-25 23:15:00,1495.0,1495.0,1495.0,1495.0,0.0,0.0,6.0
2017-12-25 23:20:00,1495.0,1495.0,1495.0,1495.0,0.0,0.0,6.0
2017-12-25 23:25:00,1495.0,1495.0,1495.0,1495.0,0.0,0.0,6.0
2017-12-26 09:00:00,1495.0,1495.0,1495.0,1495.0,0.0,0.0,6.0
2017-12-26 09:05:00,1495.0,1495.0,1495.0,1495.0,0.0,0.0,6.0
2017-12-26 09:10:00,1495.0,1495.0,1495.0,1495.0,0.0,0.0,6.0
2017-12-26 09:15:00,1495.0,1495.0,1495.0,1495.0,0.0,0.0,6.0
2017-12-26 09:20:00,1495.0,1495.0,1495.0,1495.0,0.0,0.0,6.0
2017-12-26 09:25:00,1495.0,1495.0,1495.0,1495.0,0.0,0.0,6.0
2017-12-26 09:30:00,1495.0,1495.0,1495.0,1495.0,0.0,0.0,6.0
2017-12-26 09:35:00,1495.0,1495.0,1495.0,1495.0,0.0,0.0,6.0
2017-12-26 09:40:00,1495.0,1495.0,1495.0,1495.0,0.0,0.0,6.0
2017-12-26 09:45:00,1495.0,1495.0,1495.0,1495.0,0.0,0.0,6.0
2017-12-26 09:50:00,1495.0,1495.0,1495.0,1495.0,0.0,0.0,6.0
2017-12-26 09:55:00,1495.0,1495.0,1495.0,1495.0,0.0,0.0,6.0
2017-12-26 10:00:00,1495.0,1495.0,1495.0,1495.0,0.0,0.0,6.0
2017-12-26 10:05:00,1495.0,1495.0,1495.0,1495.0,0.0,0.0,6.0
2017-12-26 10:10:00,1495.0,1495.0,1495.0,1495.0,0.0,0.0,6.0
2017-12-26 10:30:00,1495.0,1495.0,1495.0,1495.0,0.0,0.0,6.0
2017-12-26 10:35:00,1495.0,1495.0,1495.0,1495.0,0.0,0.0,6.0
2017-12-26 10:40:00,1495.0,1495.0,1495.0,1495.0,0.0,0.0,6.0
2017-12-26 10:45:00,1495.0,1495.0,1495.0,1495.0,0.0,0.0,6.0
2017-12-26 10:50:00,1495.0,1495.0,1495.0,1495.0,0.0,0.0,6.0
2017-12-26 10:55:00,1495.0,1495.0,1495.0,1495.0,0.0,0.0,6.0
2017-12-26 11:00:00,1495.0,1495.0,1495.0,1495.0,0.0,0.0,6.0
2017-12-26 11:05:00,1495.0,1495.0,1495.0,1495.0,0.0,0.0,6.0
2017-12-26 11:10:00,1495.0,1495.0,1495.0,1495.0,0.0,0.0,6.0
2017-12-26 11:15:00,1495.0,1495.0,1495.0,1495.0,0.0,0.0,6.0
2017-12-26 11:20:00,1495.0,1495.0,1495.0,1495.0,0.0,0.0,6.0
2017-12-26 11:25:00,1495.0,1495.0,1495.0,1495.0,0.0,0.0,6.0
2017-12-26 13:30:00,1495.0,1495.0,1495.0,1495.0,0.0,0.0,6.0
2017-12-26 13:35:00,1495.0,1495.0,1495.0,1495.0,0.0,0.0,6.0
2017-12-26 13:40:00,1495.0,1495.0,1495.0,1495.0,0.0,0.0,6.0
2017-12-26 13:45:00,1495.0,1495.0,1495.0,1495.0,0.0,0.0,6.0
2017-12-26 13:50:00,1495.0,1495.0,1495.0,1495.0,0.0,0.0,6.0
2017-12-26 13:55:00,1495.0,1495.0,1495.0,1495.0,0.0,0.0,6.0
2017-12-26 14:00:00,1495.0,1495.0,1495.0,1495.0,0.0,0.0,6.0
2017-12-26 14:05:00,1495.0,1495.0,1495.0,1495.0,0.0,0.0,6.0
2017-12-26 14:10:00,1495.0,1495.0,1495.0,1495.0,0.0,0.0,6.0
2017-12-26 14:15:00,1495.0,1495.0,1495.0,1495.0,0.0,0.0,6.0
2017-12-26 14:20:00,1495.0,1495.0,1495.0,1495.0,0.0,0.0,6.0
2017-12-26 14:25:00,1495.0,1495.0,1495.0,1495.0,0.0,0.0,6.0
2017-12-26 14:30:00,1495.0,1495.0,1495.0,1495.0,0.0,0.0,6.0
2017-12-26 14:35:00,1495.0,1495.0,1495.0,1495.0,0.0,0.0,6.0
2017-12-26 14:40:00,1495.0,1495.0,1495.0,1495.0,0.0,0.0,6.0
2017-12-26 14:45:00,1495.0,1495.0,1495.0,1495.0,0.0,0.0,6.0
2017-12-26 14:50:00,1495.0,1495.0,1495.0,1495.0,0.0,0.0,6.0
2017-12-26 14:55:00,1495.0,1495.0,1495.0,1495.0,0.0,0.0,6.0
2017-12-26 21:00:00,1493.0,1493.0,1493.0,1493.0,0.0,0.0,6.0
2017-12-26 21:05:00,1493.0,1493.0,1493.0,1493.0,0.0,0.0,6.0
2017-12-26 21:10:00,1493.0,1493.0,1493.0,1493.0,0.0,0.0,6.0
2017-12-26 21:15:00,1493.0,1493.0,1493.0,1493.0,0.0,0.0,6.0
2017-12-26 21:20:00,1493.0,1493.0,1493.0,1493.0,0.0,0.0,6.0
2017-12-26 21:25:00,1493.0,1493.0,1493.0,1493.0,0.0,0.0,6.0
2017-12-26 21:30:00,1493.0,1493.0,1493.0,1493.0,0.0,0.0,6.0
2017-12-26 21:35:00,1493.0,1493.0,1493.0,1493.0,0.0,0.0,6.0
2017-12-26 21:40:00,1493.0,1493.0,1493.0,1493.0,0.0,0.0,6.0
2017-12-26 21:45:00,1493.0,1493.0,1493.0,1493.0,0.0,0.0,6.0
2017-12-26 21:50:00,1493.0,1493.0,1493.0,1493.0,0.0,0.0,6.0
2017-12-26 21:55:00,1493.0,1493.0,1493.0,1493.0,0.0,0.0,6.0
2017-12-26 22:00:00,1493.0,1493.0,1493.0,1493.0,0.0,0.0,6.0
2017-12-26 22:05:00,1493.0,1493.0,1493.0,1493.0,0.0,0.0,6.0
2017-12-26 22:10:00,1493.0,1493.0,1493.0,1493.0,0.0,0.0,6.0
2017-12-26 22:15:00,1493.0,1493.0,1493.0,1493.0,0.0,0.0,6.0
2017-12-26 22:20:00,1493.0,1493.0,1493.0,1493.0,0.0,0.0,6.0
2017-12-26 22:25:00,1493.0,1493.0,1493.0,1493.0,0.0,0.0,6.0
2017-12-26 22:30:00,1493.0,1493.0,1493.0,1493.0,0.0,0.0,6.0
2017-12-26 22:35:00,1493.0,1493.0,1493.0,1493.0,0.0,0.0,6.0
2017-12-26 22:40:00,1493.0,1493.0,1490.0,1490.0,2.0,59600.0,8.0
2017-12-26 22:45:00,1490.0,1490.0,1490.0,1490.0,0.0,0.0,8.0
2017-12-26 22:50:00,1490.0,1490.0,1490.0,1490.0,0.0,0.0,8.0
2017-12-26 22:55:00,1490.0,1490.0,1490.0,1490.0,0.0,0.0,8.0
2017-12-26 23:00:00,1490.0,1490.0,1490.0,1490.0,0.0,0.0,8.0
2017-12-26 23:05:00,1490.0,1490.0,1490.0,1490.0,0.0,0.0,8.0
2017-12-26 23:10:00,1490.0,1490.0,1490.0,1490.0,0.0,0.0,8.0
2017-12-26 23:15:00,1490.0,1490.0,1490.0,1490.0,0.0,0.0,8.0
2017-12-26 23:20:00,1490.0,1490.0,1490.0,1490.0,0.0,0.0,8.0
2017-12-26 23:25:00,1490.0,1490.0,1490.0,1490.0,0.0,0.0,8.0
2017-12-27 09:00:00,1490.0,1490.0,1490.0,1490.0,0.0,0.0,8.0
2017-12-27 09:05:00,1490.0,1490.0,1490.0,1490.0,0.0,0.0,8.0
2017-12-27 09:10:00,1490.0,1490.0,1490.0,1490.0,0.0,0.0,8.0
2017-12-27 09:15:00,1490.0,1490.0,1490.0,1490.0,0.0,0.0,8.0
2017-12-27 09:20:00,1490.0,1490.0,1490.0,1490.0,0.0,0.0,8.0
2017-12-27 09:25:00,1490.0,1490.0,1490.0,1490.0,0.0,0.0,8.0
2017-12-27 09:30:00,1490.0,1490.0,1490.0,1490.0,0.0,0.0,8.0
2017-12-27 09:35:00,1490.0,1490.0,1490.0,1490.0,0.0,0.0,8.0
2017-12-27 09:40:00,1490.0,1490.0,1490.0,1490.0,0.0,0.0,8.0
2017-12-27 09:45:00,1490.0,1490.0,1490.0,1490.0,0.0,0.0,8.0
2017-12-27 09:50:00,1490.0,1490.0,1490.0,1490.0,0.0,0.0,8.0
2017-12-27 09:55:00,1490.0,1490.0,1490.0,1490.0,0.0,0.0,8.0
2017-12-27 10:00:00,1490.0,1490.0,1490.0,1490.0,0.0,0.0,8.0
2017-12-27 10:05:00,1490.0,1490.0,1490.0,1490.0,0.0,0.0,8.0
2017-12-27 10:10:00,1490.0,1490.0,1490.0,1490.0,0.0,0.0,8.0
2017-12-27 10:30:00,1490.0,1490.0,1490.0,1490.0,0.0,0.0,8.0
2017-12-27 10:35:00,1490.0,1490.0,1490.0,1490.0,0.0,0.0,8.0
2017-12-27 10:40:00,1490.0,1490.0,1490.0,1490.0,0.0,0.0,8.0
2017-12-27 10:45:00,1490.0,1490.0,1490.0,1490.0,0.0,0.0,8.0
2017-12-27 10:50:00,1488.0,1488.0,1488.0,1488.0,2.0,59520.0,10.0
2017-12-27 10:55:00,1488.0,1488.0,1488.0,1488.0,0.0,0.0,10.0
2017-12-27 11:00:00,1488.0,1488.0,1488.0,1488.0,0.0,0.0,10.0
2017-12-27 11:05:00,1488.0,1488.0,1488.0,1488.0,0.0,0.0,10.0
2017-12-27 11:10:00,1488.0,1488.0,1488.0,1488.0,0.0,0.0,10.0
2017-12-27 11:15:00,1488.0,1488.0,1488.0,1488.0,0.0,0.0,10.0
2017-12-27 11:20:00,1488.0,1488.0,1488.0,1488.0,0.0,0.0,10.0
2017-12-27 11:25:00,1488.0,1488.0,1488.0,1488.0,0.0,0.0,10.0
2017-12-27 13:30:00,1488.0,1488.0,1488.0,1488.0,0.0,0.0,10.0
2017-12-27 13:35:00,1488.0,1488.0,1488.0,1488.0,0.0,0.0,10.0
2017-12-27 13:40:00,1488.0,1488.0,1488.0,1488.0,0.0,0.0,10.0
2017-12-27 13:45:00,1488.0,1488.0,1488.0,1488.0,0.0,0.0,10.0
2017-12-27 13:50:00,1488.0,1488.0,1488.0,1488.0,0.0,0.0,10.0
2017-12-27 13:55:00,1488.0,1488.0,1488.0,1488.0,0.0,0.0,10.0
2017-12-27 14:00:00,1488.0,1488.0,1488.0,1488.0,0.0,0.0,10.0
2017-12-27 14:05:00,1488.0,1488.0,1488.0,1488.0,0.0,0.0,10.0
2017-12-27 14:10:00,1488.0,1488.0,1488.0,1488.0,0.0,0.0,10.0
2017-12-27 14:15:00,1488.0,1488.0,1488.0,1488.0,0.0,0.0,10.0
2017-12-27 14:20:00,1488.0,1488.0,1488.0,1488.0,0.0,0.0,10.0
2017-12-27 14:25:00,1488.0,1488.0,1488.0,1488.0,0.0,0.0,10.0
2017-12-27 14:30:00,1488.0,1488.0,1488.0,1488.0,0.0,0.0,10.0
2017-12-27 14:35:00,1488.0,1488.0,1488.0,1488.0,0.0,0.0,10.0
2017-12-27 14:40:00,1488.0,1488.0,1488.0,1488.0,0.0,0.0,10.0
2017-12-27 14:45:00,1488.0,1488.0,1488.0,1488.0,0.0,0.0,10.0
2017-12-27 14:50:00,1488.0,1488.0,1488.0,1488.0,0.0,0.0,10.0
2017-12-27 14:55:00,1488.0,1488.0,1488.0,1488.0,0.0,0.0,10.0
2017-12-27 21:00:00,1489.0,1489.0,1489.0,1489.0,0.0,0.0,10.0
2017-12-27 21:05:00,1489.0,1489.0,1489.0,1489.0,0.0,0.0,10.0
2017-12-27 21:10:00,1489.0,1489.0,1489.0,1489.0,0.0,0.0,10.0
2017-12-27 21:15:00,1489.0,1489.0,1489.0,1489.0,0.0,0.0,10.0
2017-12-27 21:20:00,1489.0,1489.0,1489.0,1489.0,0.0,0.0,10.0
2017-12-27 21:25:00,1489.0,1489.0,1489.0,1489.0,0.0,0.0,10.0
2017-12-27 21:30:00,1489.0,1489.0,1489.0,1489.0,0.0,0.0,10.0
2017-12-27 21:35:00,1489.0,1489.0,1489.0,1489.0,0.0,0.0,10.0
2017-12-27 21:40:00,1489.0,1489.0,1489.0,1489.0,0.0,0.0,10.0
2017-12-27 21:45:00,1489.0,1489.0,1478.0,1478.0,2.0,59120.0,12.0
2017-12-27 21:50:00,1478.0,1478.0,1478.0,1478.0,0.0,0.0,12.0
2017-12-27 21:55:00,1478.0,1478.0,1478.0,1478.0,0.0,0.0,12.0
2017-12-27 22:00:00,1478.0,1478.0,1478.0,1478.0,0.0,0.0,12.0
2017-12-27 22:05:00,1478.0,1478.0,1478.0,1478.0,0.0,0.0,12.0
2017-12-27 22:10:00,1478.0,1478.0,1478.0,1478.0,0.0,0.0,12.0
2017-12-27 22:15:00,1478.0,1478.0,1478.0,1478.0,0.0,0.0,12.0
2017-12-27 22:20:00,1478.0,1478.0,1478.0,1478.0,0.0,0.0,12.0
2017-12-27 22:25:00,1478.0,1478.0,1478.0,1478.0,0.0,0.0,12.0
2017-12-27 22:30:00,1478.0,1478.0,1478.0,1478.0,0.0,0.0,12.0
2017-12-27 22:35:00,1478.0,1478.0,1478.0,1478.0,0.0,0.0,12.0
2017-12-27 22:40:00,1478.0,1478.0,1478.0,1478.0,0.0,0.0,12.0
2017-12-27 22:45:00,1478.0,1478.0,1478.0,1478.0,0.0,0.0,12.0
2017-12-27 22:50:00,1478.0,1478.0,1478.0,1478.0,0.0,0.0,12.0
2017-12-27 22:55:00,1478.0,1478.0,1478.0,1478.0,0.0,0.0,12.0
2017-12-27 23:00:00,1478.0,1478.0,1478.0,1478.0,0.0,0.0,12.0
2017-12-27 23:05:00,1478.0,1478.0,1478.0,1478.0,0.0,0.0,12.0
2017-12-27 23:10:00,1478.0,1478.0,1478.0,1478.0,0.0,0.0,12.0
2017-12-27 23:15:00,1478.0,1478.0,1478.0,1478.0,0.0,0.0,12.0
2017-12-27 23:20:00,1478.0,1478.0,1478.0,1478.0,0.0,0.0,12.0
2017-12-27 23:25:00,1478.0,1478.0,1478.0,1478.0,0.0,0.0,12.0
2017-12-28 09:00:00,1478.0,1478.0,1478.0,1478.0,0.0,0.0,12.0
2017-12-28 09:05:00,1478.0,1478.0,1478.0,1478.0,0.0,0.0,12.0
2017-12-28 09:10:00,1478.0,1478.0,1478.0,1478.0,0.0,0.0,12.0
2017-12-28 09:15:00,1478.0,1478.0,1478.0,1478.0,0.0,0.0,12.0
2017-12-28 09:20:00,1478.0,1478.0,1478.0,1478.0,0.0,0.0,12.0
2017-12-28 09:25:00,1478.0,1478.0,1478.0,1478.0,0.0,0.0,12.0
2017-12-28 09:30:00,1478.0,1478.0,1478.0,1478.0,0.0,0.0,12.0
2017-12-28 09:35:00,1478.0,1478.0,1478.0,1478.0,0.0,0.0,12.0
2017-12-28 09:40:00,1478.0,1478.0,1478.0,1478.0,0.0,0.0,12.0
2017-12-28 09:45:00,1478.0,1478.0,1478.0,1478.0,0.0,0.0,12.0
2017-12-28 09:50:00,1478.0,1478.0,1478.0,1478.0,0.0,0.0,12.0
2017-12-28 09:55:00,1478.0,1478.0,1478.0,1478.0,0.0,0.0,12.0
2017-12-28 10:00:00,1478.0,1478.0,1478.0,1478.0,0.0,0.0,12.0
2017-12-28 10:05:00,1478.0,1478.0,1478.0,1478.0,0.0,0.0,12.0
2017-12-28 10:10:00,1478.0,1478.0,1478.0,1478.0,0.0,0.0,12.0
2017-12-28 10:30:00,1478.0,1478.0,1478.0,1478.0,0.0,0.0,12.0
2017-12-28 10:35:00,1478.0,1478.0,1478.0,1478.0,0.0,0.0,12.0
2017-12-28 10:40:00,1478.0,1478.0,1478.0,1478.0,0.0,0.0,12.0
2017-12-28 10:45:00,1478.0,1478.0,1478.0,1478.0,0.0,0.0,12.0
2017-12-28 10:50:00,1478.0,1478.0,1478.0,1478.0,0.0,0.0,12.0
2017-12-28 10:55:00,1478.0,1478.0,1478.0,1478.0,0.0,0.0,12.0
2017-12-28 11:00:00,1478.0,1478.0,1478.0,1478.0,0.0,0.0,12.0
2017-12-28 11:05:00,1478.0,1478.0,1478.0,1478.0,0.0,0.0,12.0
2017-12-28 11:10:00,1478.0,1478.0,1478.0,1478.0,0.0,0.0,12.0
2017-12-28 11:15:00,1478.0,1478.0,1478.0,1478.0,0.0,0.0,12.0
2017-12-28 11:20:00,1478.0,1478.0,1478.0,1478.0,0.0,0.0,12.0
2017-12-28 11:25:00,1478.0,1478.0,1478.0,1478.0,0.0,0.0,12.0
2017-12-28 13:30:00,1478.0,1478.0,1478.0,1478.0,0.0,0.0,12.0
2017-12-28 13:35:00,1478.0,1478.0,1478.0,1478.0,0.0,0.0,12.0
2017-12-28 13:40:00,1478.0,1478.0,1478.0,1478.0,0.0,0.0,12.0
2017-12-28 13:45:00,1478.0,1478.0,1478.0,1478.0,0.0,0.0,12.0
2017-12-28 13:50:00,1478.0,1478.0,1478.0,1478.0,0.0,0.0,12.0
2017-12-28 13:55:00,1478.0,1478.0,1478.0,1478.0,0.0,0.0,12.0
2017-12-28 14:00:00,1478.0,1478.0,1478.0,1478.0,0.0,0.0,12.0
2017-12-28 14:05:00,1478.0,1478.0,1478.0,1478.0,0.0,0.0,12.0
2017-12-28 14:10:00,1478.0,1478.0,1478.0,1478.0,0.0,0.0,12.0
2017-12-28 14:15:00,1478.0,1478.0,1478.0,1478.0,0.0,0.0,12.0
2017-12-28 14:20:00,1478.0,1478.0,1478.0,1478.0,0.0,0.0,12.0
2017-12-28 14:25:00,1478.0,1478.0,1478.0,1478.0,0.0,0.0,12.0
2017-12-28 14:30:00,1478.0,1478.0,1478.0,1478.0,0.0,0.0,12.0
2017-12-28 14:35:00,1478.0,1478.0,1478.0,1478.0,0.0,0.0,12.0
2017-12-28 14:40:00,1478.0,1478.0,1478.0,1478.0,0.0,0.0,12.0
2017-12-28 14:45:00,1478.0,1478.0,1478.0,1478.0,0.0,0.0,12.0
2017-12-28 14:50:00,1478.0,1478.0,1478.0,1478.0,0.0,0.0,12.0
2017-12-28 14:55:00,1478.0,1478.0,1478.0,1478.0,0.0,0.0,12.0
2017-12-28 21:00:00,1478.0,1478.0,1478.0,1478.0,0.0,0.0,12.0
2017-12-28 21:05:00,1478.0,1478.0,1478.0,1478.0,0.0,0.0,12.0
2017-12-28 21:10:00,1478.0,1478.0,1478.0,1478.0,0.0,0.0,12.0
2017-12-28 21:15:00,1478.0,1478.0,1478.0,1478.0,0.0,0.0,12.0
2017-12-28 21:20:00,1478.0,1478.0,1478.0,1478.0,0.0,0.0,12.0
2017-12-28 21:25:00,1478.0,1478.0,1478.0,1478.0,0.0,0.0,12.0
2017-12-28 21:30:00,1478.0,1478.0,1478.0,1478.0,0.0,0.0,12.0
2017-12-28 21:35:00,1478.0,1478.0,1478.0,1478.0,0.0,0.0,12.0
2017-12-28 21:40:00,1478.0,1478.0,1476.0,1476.0,2.0,59040.0,14.0
2017-12-28 21:45:00,1476.0,1476.0,1476.0,1476.0,0.0,0.0,14.0
2017-12-28 21:50:00,1476.0,1476.0,1476.0,1476.0,0.0,0.0,14.0
2017-12-28 21:55:00,1476.0,1476.0,1476.0,1476.0,0.0,0.0,14.0
2017-12-28 22:00:00,1476.0,1476.0,1476.0,1476.0,0.0,0.0,14.0
2017-12-28 22:05:00,1476.0,1476.0,1476.0,1476.0,0.0,0.0,14.0
2017-12-28 22:10:00,1476.0,1476.0,1476.0,1476.0,0.0,0.0,14.0
2017-12-28 22:15:00,1476.0,1476.0,1476.0,1476.0,0.0,0.0,14.0
2017-12-28 22:20:00,1476.0,1476.0,1476.0,1476.0,0.0,0.0,14.0
2017-12-28 22:25:00,1476.0,1476.0,1476.0,1476.0,0.0,0.0,14.0
2017-12-28 22:30:00,1476.0,1476.0,1476.0,1476.0,0.0,0.0,14.0
2017-12-28 22:35:00,1476.0,1476.0,1476.0,1476.0,0.0,0.0,14.0
2017-12-28 22:40:00,1476.0,1476.0,1476.0,1476.0,0.0,0.0,14.0
2017-12-28 22:45:00,1476.0,1476.0,1476.0,1476.0,0.0,0.0,14.0
2017-12-28 22:50:00,1476.0,1476.0,1476.0,1476.0,0.0,0.0,14.0
2017-12-28 22:55:00,1476.0,1476.0,1476.0,1476.0,0.0,0.0,14.0
2017-12-28 23:00:00,1476.0,1476.0,1476.0,1476.0,0.0,0.0,14.0
2017-12-28 23:05:00,1476.0,1476.0,1476.0,1476.0,0.0,0.0,14.0
2017-12-28 23:10:00,1476.0,1476.0,1476.0,1476.0,0.0,0.0,14.0
2017-12-28 23:15:00,1476.0,1476.0,1476.0,1476.0,0.0,0.0,14.0
2017-12-28 23:20:00,1476.0,1476.0,1476.0,1476.0,0.0,0.0,14.0
2017-12-28 23:25:00,1476.0,1476.0,1476.0,1476.0,0.0,0.0,14.0
2017-12-29 09:00:00,1476.0,1476.0,1476.0,1476.0,0.0,0.0,14.0
2017-12-29 09:05:00,1476.0,1476.0,1476.0,1476.0,0.0,0.0,14.0
2017-12-29 09:10:00,1476.0,1476.0,1476.0,1476.0,0.0,0.0,14.0
2017-12-29 09:15:00,1476.0,1476.0,1476.0,1476.0,0.0,0.0,14.0
2017-12-29 09:20:00,1476.0,1476.0,1476.0,1476.0,0.0,0.0,14.0
2017-12-29 09:25:00,1476.0,1476.0,1476.0,1476.0,0.0,0.0,14.0
2017-12-29 09:30:00,1476.0,1476.0,1476.0,1476.0,0.0,0.0,14.0
2017-12-29 09:35:00,1476.0,1476.0,1476.0,1476.0,0.0,0.0,14.0
2017-12-29 09:40:00,1476.0,1476.0,1476.0,1476.0,0.0,0.0,14.0
2017-12-29 09:45:00,1476.0,1476.0,1476.0,1476.0,0.0,0.0,14.0
2017-12-29 09:50:00,1476.0,1476.0,1476.0,1476.0,0.0,0.0,14.0
2017-12-29 09:55:00,1476.0,1476.0,1476.0,1476.0,0.0,0.0,14.0
2017-12-29 10:00:00,1476.0,1476.0,1476.0,1476.0,0.0,0.0,14.0
2017-12-29 10:05:00,1476.0,1476.0,1476.0,1476.0,0.0,0.0,14.0
2017-12-29 10:10:00,1476.0,1476.0,1476.0,1476.0,0.0,0.0,14.0
2017-12-29 10:30:00,1476.0,1476.0,1476.0,1476.0,0.0,0.0,14.0
2017-12-29 10:35:00,1476.0,1476.0,1476.0,1476.0,0.0,0.0,14.0
2017-12-29 10:40:00,1476.0,1476.0,1476.0,1476.0,0.0,0.0,14.0
2017-12-29 10:45:00,1476.0,1476.0,1476.0,1476.0,0.0,0.0,14.0
2017-12-29 10:50:00,1476.0,1476.0,1476.0,1476.0,0.0,0.0,14.0
2017-12-29 10:55:00,1476.0,1476.0,1476.0,1476.0,0.0,0.0,14.0
2017-12-29 11:00:00,1476.0,1476.0,1476.0,1476.0,0.0,0.0,14.0
2017-12-29 11:05:00,1476.0,1476.0,1476.0,1476.0,0.0,0.0,14.0
2017-12-29 11:10:00,1476.0,1476.0,1476.0,1476.0,0.0,0.0,14.0
2017-12-29 11:15:00,1476.0,1476.0,1476.0,1476.0,0.0,0.0,14.0
2017-12-29 11:20:00,1476.0,1476.0,1476.0,1476.0,0.0,0.0,14.0
2017-12-29 11:25:00,1476.0,1476.0,1476.0,1476.0,0.0,0.0,14.0
2017-12-29 13:30:00,1476.0,1476.0,1476.0,1476.0,0.0,0.0,14.0
2017-12-29 13:35:00,1476.0,1476.0,1476.0,1476.0,0.0,0.0,14.0
2017-12-29 13:40:00,1476.0,1476.0,1476.0,1476.0,0.0,0.0,14.0
2017-12-29 13:45:00,1476.0,1476.0,1476.0,1476.0,0.0,0.0,14.0
2017-12-29 13:50:00,1476.0,1476.0,1476.0,1476.0,0.0,0.0,14.0
2017-12-29 13:55:00,1476.0,1476.0,1476.0,1476.0,0.0,0.0,14.0
2017-12-29 14:00:00,1476.0,1476.0,1476.0,1476.0,0.0,0.0,14.0
2017-12-29 14:05:00,1476.0,1476.0,1476.0,1476.0,0.0,0.0,14.0
2017-12-29 14:10:00,1476.0,1476.0,1476.0,1476.0,0.0,0.0,14.0
2017-12-29 14:15:00,1476.0,1476.0,1476.0,1476.0,0.0,0.0,14.0
2017-12-29 14:20:00,1476.0,1476.0,1476.0,1476.0,0.0,0.0,14.0
2017-12-29 14:25:00,1476.0,1476.0,1476.0,1476.0,0.0,0.0,14.0
2017-12-29 14:30:00,1476.0,1476.0,1476.0,1476.0,0.0,0.0,14.0
2017-12-29 14:35:00,1476.0,1476.0,1476.0,1476.0,0.0,0.0,14.0
2017-12-29 14:40:00,1476.0,1476.0,1476.0,1476.0,0.0,0.0,14.0
2017-12-29 14:45:00,1476.0,1476.0,1476.0,1476.0,0.0,0.0,14.0
2017-12-29 14:50:00,1476.0,1476.0,1476.0,1476.0,0.0,0.0,14.0
2017-12-29 14:55:00,1476.0,1476.0,1476.0,1476.0,0.0,0.0,14.0
2018-01-02 09:00:00,1476.0,1476.0,1476.0,1476.0,0.0,0.0,14.0
2018-01-02 09:05:00,1476.0,1476.0,1476.0,1476.0,0.0,0.0,14.0
2018-01-02 09:10:00,1476.0,1476.0,1476.0,1476.0,0.0,0.0,14.0
2018-01-02 09:15:00,1476.0,1476.0,1476.0,1476.0,0.0,0.0,14.0
2018-01-02 09:20:00,1476.0,1476.0,1476.0,1476.0,0.0,0.0,14.0
2018-01-02 09:25:00,1476.0,1476.0,1476.0,1476.0,0.0,0.0,14.0
2018-01-02 09:30:00,1470.0,1470.0,1470.0,1470.0,2.0,58800.0,16.0
2018-01-02 09:35:00,1470.0,1470.0,1470.0,1470.0,0.0,0.0,16.0
2018-01-02 09:40:00,1470.0,1470.0,1470.0,1470.0,0.0,0.0,16.0
2018-01-02 09:45:00,1470.0,1470.0,1470.0,1470.0,0.0,0.0,16.0
2018-01-02 09:50:00,1470.0,1470.0,1470.0,1470.0,0.0,0.0,16.0
2018-01-02 09:55:00,1470.0,1470.0,1470.0,1470.0,0.0,0.0,16.0
2018-01-02 10:00:00,1470.0,1470.0,1470.0,1470.0,0.0,0.0,16.0
2018-01-02 10:05:00,1470.0,1470.0,1470.0,1470.0,0.0,0.0,16.0
2018-01-02 10:10:00,1470.0,1470.0,1470.0,1470.0,0.0,0.0,16.0
2018-01-02 10:30:00,1470.0,1470.0,1470.0,1470.0,0.0,0.0,16.0
2018-01-02 10:35:00,1470.0,1470.0,1470.0,1470.0,0.0,0.0,16.0
2018-01-02 10:40:00,1470.0,1470.0,1470.0,1470.0,0.0,0.0,16.0
2018-01-02 10:45:00,1470.0,1470.0,1470.0,1470.0,0.0,0.0,16.0
2018-01-02 10:50:00,1470.0,1470.0,1470.0,1470.0,0.0,0.0,16.0
2018-01-02 10:55:00,1470.0,1470.0,1470.0,1470.0,0.0,0.0,16.0
2018-01-02 11:00:00,1470.0,1470.0,1470.0,1470.0,0.0,0.0,16.0
2018-01-02 11:05:00,1470.0,1470.0,1470.0,1470.0,0.0,0.0,16.0
2018-01-02 11:10:00,1470.0,1470.0,1470.0,1470.0,0.0,0.0,16.0
2018-01-02 11:15:00,1470.0,1470.0,1470.0,1470.0,0.0,0.0,16.0
2018-01-02 11:20:00,1470.0,1470.0,1470.0,1470.0,0.0,0.0,16.0
2018-01-02 11:25:00,1470.0,1470.0,1470.0,1470.0,0.0,0.0,16.0
2018-01-02 13:30:00,1470.0,1470.0,1470.0,1470.0,0.0,0.0,16.0
2018-01-02 13:35:00,1470.0,1470.0,1470.0,1470.0,0.0,0.0,16.0
2018-01-02 13:40:00,1470.0,1470.0,1470.0,1470.0,0.0,0.0,16.0
2018-01-02 13:45:00,1470.0,1470.0,1470.0,1470.0,0.0,0.0,16.0
2018-01-02 13:50:00,1470.0,1470.0,1470.0,1470.0,0.0,0.0,16.0
2018-01-02 13:55:00,1470.0,1470.0,1470.0,1470.0,0.0,0.0,16.0
2018-01-02 14:00:00,1470.0,1470.0,1470.0,1470.0,0.0,0.0,16.0
2018-01-02 14:05:00,1470.0,1470.0,1470.0,1470.0,0.0,0.0,16.0
2018-01-02 14:10:00,1470.0,1470.0,1470.0,1470.0,0.0,0.0,16.0
2018-01-02 14:15:00,1470.0,1470.0,1470.0,1470.0,0.0,0.0,16.0
2018-01-02 14:20:00,1470.0,1470.0,1470.0,1470.0,0.0,0.0,16.0
2018-01-02 14:25:00,1470.0,1470.0,1470.0,1470.0,0.0,0.0,16.0
2018-01-02 14:30:00,1470.0,1470.0,1470.0,1470.0,0.0,0.0,16.0
2018-01-02 14:35:00,1470.0,1470.0,1470.0,1470.0,0.0,0.0,16.0
2018-01-02 14:40:00,1470.0,1470.0,1470.0,1470.0,0.0,0.0,16.0
2018-01-02 14:45:00,1470.0,1470.0,1470.0,1470.0,0.0,0.0,16.0
2018-01-02 14:50:00,1470.0,1470.0,1470.0,1470.0,0.0,0.0,16.0
2018-01-02 14:55:00,1470.0,1470.0,1470.0,1470.0,0.0,0.0,16.0
2018-01-02 21:00:00,1470.0,1470.0,1470.0,1470.0,0.0,0.0,16.0
2018-01-02 21:05:00,1470.0,1470.0,1470.0,1470.0,0.0,0.0,16.0
2018-01-02 21:10:00,1470.0,1470.0,1470.0,1470.0,0.0,0.0,16.0
2018-01-02 21:15:00,1470.0,1470.0,1470.0,1470.0,0.0,0.0,16.0
2018-01-02 21:20:00,1470.0,1470.0,1470.0,1470.0,0.0,0.0,16.0
2018-01-02 21:25:00,1470.0,1470.0,1470.0,1470.0,0.0,0.0,16.0
2018-01-02 21:30:00,1470.0,1470.0,1470.0,1470.0,0.0,0.0,16.0
2018-01-02 21:35:00,1470.0,1470.0,1470.0,1470.0,0.0,0.0,16.0
2018-01-02 21:40:00,1470.0,1470.0,1470.0,1470.0,0.0,0.0,16.0
2018-01-02 21:45:00,1470.0,1470.0,1470.0,1470.0,0.0,0.0,16.0
2018-01-02 21:50:00,1470.0,1470.0,1470.0,1470.0,0.0,0.0,16.0
2018-01-02 21:55:00,1470.0,1470.0,1470.0,1470.0,0.0,0.0,16.0
2018-01-02 22:00:00,1470.0,1470.0,1470.0,1470.0,0.0,0.0,16.0
2018-01-02 22:05:00,1470.0,1470.0,1470.0,1470.0,0.0,0.0,16.0
2018-01-02 22:10:00,1470.0,1470.0,1470.0,1470.0,0.0,0.0,16.0
2018-01-02 22:15:00,1470.0,1470.0,1470.0,1470.0,0.0,0.0,16.0
2018-01-02 22:20:00,1470.0,1470.0,1470.0,1470.0,0.0,0.0,16.0
2018-01-02 22:25:00,1470.0,1470.0,1470.0,1470.0,0.0,0.0,16.0
2018-01-02 22:30:00,1470.0,1470.0,1470.0,1470.0,0.0,0.0,16.0
2018-01-02 22:35:00,1470.0,1470.0,1470.0,1470.0,0.0,0.0,16.0
2018-01-02 22:40:00,1470.0,1470.0,1470.0,1470.0,0.0,0.0,16.0
2018-01-02 22:45:00,1470.0,1470.0,1470.0,1470.0,0.0,0.0,16.0
2018-01-02 22:50:00,1470.0,1470.0,1470.0,1470.0,0.0,0.0,16.0
2018-01-02 22:55:00,1470.0,1470.0,1470.0,1470.0,0.0,0.0,16.0
2018-01-02 23:00:00,1470.0,1470.0,1470.0,1470.0,0.0,0.0,16.0
2018-01-02 23:05:00,1470.0,1470.0,1470.0,1470.0,0.0,0.0,16.0
2018-01-02 23:10:00,1470.0,1470.0,1470.0,1470.0,0.0,0.0,16.0
2018-01-02 23:15:00,1470.0,1470.0,1470.0,1470.0,0.0,0.0,16.0
2018-01-02 23:20:00,1470.0,1470.0,1470.0,1470.0,0.0,0.0,16.0
2018-01-02 23:25:00,1470.0,1470.0,1470.0,1470.0,0.0,0.0,16.0
2018-01-03 09:00:00,1470.0,1470.0,1470.0,1470.0,0.0,0.0,16.0
2018-01-03 09:05:00,1470.0,1470.0,1470.0,1470.0,0.0,0.0,16.0
2018-01-03 09:10:00,1470.0,1472.0,1470.0,1472.0,2.0,58880.0,18.0
2018-01-03 09:15:00,1472.0,1472.0,1472.0,1472.0,0.0,0.0,18.0
2018-01-03 09:20:00,1472.0,1472.0,1472.0,1472.0,0.0,0.0,18.0
2018-01-03 09:25:00,1472.0,1472.0,1472.0,1472.0,0.0,0.0,18.0
2018-01-03 09:30:00,1472.0,1472.0,1472.0,1472.0,0.0,0.0,18.0
2018-01-03 09:35:00,1472.0,1472.0,1472.0,1472.0,0.0,0.0,18.0
2018-01-03 09:40:00,1472.0,1472.0,1472.0,1472.0,0.0,0.0,18.0
2018-01-03 09:45:00,1472.0,1472.0,1472.0,1472.0,0.0,0.0,18.0
2018-01-03 09:50:00,1472.0,1472.0,1472.0,1472.0,0.0,0.0,18.0
2018-01-03 09:55:00,1472.0,1472.0,1472.0,1472.0,0.0,0.0,18.0
2018-01-03 10:00:00,1472.0,1472.0,1472.0,1472.0,0.0,0.0,18.0
2018-01-03 10:05:00,1472.0,1472.0,1472.0,1472.0,0.0,0.0,18.0
2018-01-03 10:10:00,1472.0,1472.0,1472.0,1472.0,0.0,0.0,18.0
2018-01-03 10:30:00,1472.0,1472.0,1472.0,1472.0,0.0,0.0,18.0
2018-01-03 10:35:00,1472.0,1472.0,1472.0,1472.0,0.0,0.0,18.0
2018-01-03 10:40:00,1472.0,1472.0,1472.0,1472.0,0.0,0.0,18.0
2018-01-03 10:45:00,1472.0,1472.0,1472.0,1472.0,0.0,0.0,18.0
2018-01-03 10:50:00,1472.0,1472.0,1472.0,1472.0,0.0,0.0,18.0
2018-01-03 10:55:00,1472.0,1472.0,1472.0,1472.0,0.0,0.0,18.0
2018-01-03 11:00:00,1472.0,1472.0,1472.0,1472.0,0.0,0.0,18.0
2018-01-03 11:05:00,1472.0,1472.0,1472.0,1472.0,0.0,0.0,18.0
2018-01-03 11:10:00,1472.0,1472.0,1472.0,1472.0,0.0,0.0,18.0
2018-01-03 11:15:00,1472.0,1472.0,1472.0,1472.0,0.0,0.0,18.0
2018-01-03 11:20:00,1472.0,1472.0,1472.0,1472.0,0.0,0.0,18.0
2018-01-03 11:25:00,1472.0,1472.0,1472.0,1472.0,0.0,0.0,18.0
2018-01-03 13:30:00,1472.0,1472.0,1472.0,1472.0,0.0,0.0,18.0
2018-01-03 13:35:00,1472.0,1472.0,1472.0,1472.0,0.0,0.0,18.0
2018-01-03 13:40:00,1472.0,1472.0,1472.0,1472.0,0.0,0.0,18.0
2018-01-03 13:45:00,1472.0,1472.0,1472.0,1472.0,0.0,0.0,18.0
2018-01-03 13:50:00,1472.0,1472.0,1472.0,1472.0,0.0,0.0,18.0
2018-01-03 13:55:00,1472.0,1472.0,1472.0,1472.0,0.0,0.0,18.0
2018-01-03 14:00:00,1472.0,1472.0,1472.0,1472.0,0.0,0.0,18.0
2018-01-03 14:05:00,1472.0,1472.0,1472.0,1472.0,0.0,0.0,18.0
2018-01-03 14:10:00,1472.0,1472.0,1472.0,1472.0,0.0,0.0,18.0
2018-01-03 14:15:00,1472.0,1472.0,1472.0,1472.0,0.0,0.0,18.0
2018-01-03 14:20:00,1472.0,1472.0,1472.0,1472.0,0.0,0.0,18.0
2018-01-03 14:25:00,1472.0,1472.0,1472.0,1472.0,0.0,0.0,18.0
2018-01-03 14:30:00,1472.0,1472.0,1472.0,1472.0,0.0,0.0,18.0
2018-01-03 14:35:00,1472.0,1472.0,1472.0,1472.0,0.0,0.0,18.0
2018-01-03 14:40:00,1472.0,1472.0,1472.0,1472.0,0.0,0.0,18.0
2018-01-03 14:45:00,1472.0,1472.0,1472.0,1472.0,0.0,0.0,18.0
2018-01-03 14:50:00,1472.0,1472.0,1472.0,1472.0,0.0,0.0,18.0
2018-01-03 14:55:00,1472.0,1472.0,1472.0,1472.0,0.0,0.0,18.0
2018-01-03 21:00:00,1472.0,1472.0,1472.0,1472.0,0.0,0.0,18.0
2018-01-03 21:05:00,1472.0,1472.0,1472.0,1472.0,0.0,0.0,18.0
2018-01-03 21:10:00,1472.0,1472.0,1472.0,1472.0,0.0,0.0,18.0
2018-01-03 21:15:00,1472.0,1472.0,1472.0,1472.0,0.0,0.0,18.0
2018-01-03 21:20:00,1472.0,1472.0,1472.0,1472.0,0.0,0.0,18.0
2018-01-03 21:25:00,1472.0,1472.0,1472.0,1472.0,0.0,0.0,18.0
2018-01-03 21:30:00,1472.0,1472.0,1472.0,1472.0,0.0,0.0,18.0
2018-01-03 21:35:00,1472.0,1472.0,1472.0,1472.0,0.0,0.0,18.0
2018-01-03 21:40:00,1472.0,1472.0,1472.0,1472.0,0.0,0.0,18.0
2018-01-03 21:45:00,1472.0,1472.0,1472.0,1472.0,0.0,0.0,18.0
2018-01-03 21:50:00,1472.0,1472.0,1472.0,1472.0,0.0,0.0,18.0
2018-01-03 21:55:00,1472.0,1472.0,1472.0,1472.0,0.0,0.0,18.0
2018-01-03 22:00:00,1472.0,1472.0,1472.0,1472.0,0.0,0.0,18.0
2018-01-03 22:05:00,1472.0,1472.0,1472.0,1472.0,0.0,0.0,18.0
2018-01-03 22:10:00,1472.0,1472.0,1472.0,1472.0,0.0,0.0,18.0
2018-01-03 22:15:00,1472.0,1472.0,1472.0,1472.0,0.0,0.0,18.0
2018-01-03 22:20:00,1472.0,1472.0,1472.0,1472.0,0.0,0.0,18.0
2018-01-03 22:25:00,1472.0,1472.0,1472.0,1472.0,0.0,0.0,18.0
2018-01-03 22:30:00,1472.0,1472.0,1472.0,1472.0,0.0,0.0,18.0
2018-01-03 22:35:00,1472.0,1472.0,1472.0,1472.0,0.0,0.0,18.0
2018-01-03 22:40:00,1472.0,1472.0,1472.0,1472.0,0.0,0.0,18.0
2018-01-03 22:45:00,1472.0,1472.0,1472.0,1472.0,0.0,0.0,18.0
2018-01-03 22:50:00,1472.0,1472.0,1472.0,1472.0,0.0,0.0,18.0
2018-01-03 22:55:00,1472.0,1472.0,1472.0,1472.0,0.0,0.0,18.0
2018-01-03 23:00:00,1472.0,1472.0,1472.0,1472.0,0.0,0.0,18.0
2018-01-03 23:05:00,1472.0,1472.0,1472.0,1472.0,0.0,0.0,18.0
2018-01-03 23:10:00,1472.0,1472.0,1472.0,1472.0,0.0,0.0,18.0
2018-01-03 23:15:00,1472.0,1472.0,1472.0,1472.0,0.0,0.0,18.0
2018-01-03 23:20:00,1472.0,1472.0,1472.0,1472.0,0.0,0.0,18.0
2018-01-03 23:25:00,1472.0,1472.0,1472.0,1472.0,0.0,0.0,18.0
2018-01-04 09:00:00,1472.0,1472.0,1472.0,1472.0,0.0,0.0,18.0
2018-01-04 09:05:00,1472.0,1472.0,1472.0,1472.0,0.0,0.0,18.0
2018-01-04 09:10:00,1472.0,1472.0,1472.0,1472.0,0.0,0.0,18.0
2018-01-04 09:15:00,1472.0,1472.0,1472.0,1472.0,0.0,0.0,18.0
2018-01-04 09:20:00,1472.0,1472.0,1472.0,1472.0,0.0,0.0,18.0
2018-01-04 09:25:00,1472.0,1472.0,1472.0,1472.0,0.0,0.0,18.0
2018-01-04 09:30:00,1472.0,1472.0,1472.0,1472.0,0.0,0.0,18.0
2018-01-04 09:35:00,1472.0,1472.0,1472.0,1472.0,0.0,0.0,18.0
2018-01-04 09:40:00,1472.0,1472.0,1472.0,1472.0,0.0,0.0,18.0
2018-01-04 09:45:00,1472.0,1472.0,1472.0,1472.0,0.0,0.0,18.0
2018-01-04 09:50:00,1472.0,1472.0,1472.0,1472.0,0.0,0.0,18.0
2018-01-04 09:55:00,1472.0,1472.0,1472.0,1472.0,0.0,0.0,18.0
2018-01-04 10:00:00,1472.0,1472.0,1472.0,1472.0,0.0,0.0,18.0
2018-01-04 10:05:00,1472.0,1472.0,1472.0,1472.0,0.0,0.0,18.0
2018-01-04 10:10:00,1472.0,1472.0,1472.0,1472.0,0.0,0.0,18.0
2018-01-04 10:30:00,1472.0,1472.0,1472.0,1472.0,0.0,0.0,18.0
2018-01-04 10:35:00,1472.0,1472.0,1472.0,1472.0,0.0,0.0,18.0
2018-01-04 10:40:00,1472.0,1472.0,1472.0,1472.0,0.0,0.0,18.0
2018-01-04 10:45:00,1472.0,1472.0,1472.0,1472.0,0.0,0.0,18.0
2018-01-04 10:50:00,1472.0,1472.0,1472.0,1472.0,0.0,0.0,18.0
2018-01-04 10:55:00,1472.0,1472.0,1472.0,1472.0,0.0,0.0,18.0
2018-01-04 11:00:00,1472.0,1472.0,1472.0,1472.0,0.0,0.0,18.0
2018-01-04 11:05:00,1472.0,1472.0,1472.0,1472.0,0.0,0.0,18.0
2018-01-04 11:10:00,1472.0,1472.0,1472.0,1472.0,0.0,0.0,18.0
2018-01-04 11:15:00,1472.0,1472.0,1472.0,1472.0,0.0,0.0,18.0
2018-01-04 11:20:00,1472.0,1472.0,1472.0,1472.0,0.0,0.0,18.0
2018-01-04 11:25:00,1472.0,1472.0,1472.0,1472.0,0.0,0.0,18.0
2018-01-04 13:30:00,1472.0,1472.0,1472.0,1472.0,0.0,0.0,18.0
2018-01-04 13:35:00,1472.0,1472.0,1472.0,1472.0,0.0,0.0,18.0
2018-01-04 13:40:00,1472.0,1472.0,1472.0,1472.0,0.0,0.0,18.0
2018-01-04 13:45:00,1472.0,1472.0,1472.0,1472.0,0.0,0.0,18.0
2018-01-04 13:50:00,1472.0,1472.0,1472.0,1472.0,0.0,0.0,18.0
2018-01-04 13:55:00,1472.0,1472.0,1472.0,1472.0,0.0,0.0,18.0
2018-01-04 14:00:00,1472.0,1472.0,1472.0,1472.0,0.0,0.0,18.0
2018-01-04 14:05:00,1472.0,1472.0,1472.0,1472.0,0.0,0.0,18.0
2018-01-04 14:10:00,1472.0,1472.0,1472.0,1472.0,0.0,0.0,18.0
2018-01-04 14:15:00,1472.0,1472.0,1472.0,1472.0,0.0,0.0,18.0
2018-01-04 14:20:00,1472.0,1472.0,1472.0,1472.0,0.0,0.0,18.0
2018-01-04 14:25:00,1472.0,1472.0,1472.0,1472.0,0.0,0.0,18.0
2018-01-04 14:30:00,1472.0,1472.0,1472.0,1472.0,0.0,0.0,18.0
2018-01-04 14:35:00,1472.0,1472.0,1472.0,1472.0,0.0,0.0,18.0
2018-01-04 14:40:00,1472.0,1472.0,1472.0,1472.0,0.0,0.0,18.0
2018-01-04 14:45:00,1472.0,1472.0,1472.0,1472.0,0.0,0.0,18.0
2018-01-04 14:50:00,1472.0,1472.0,1472.0,1472.0,0.0,0.0,18.0
2018-01-04 14:55:00,1472.0,1472.0,1472.0,1472.0,0.0,0.0,18.0
2018-01-04 21:00:00,1478.0,1478.0,1478.0,1478.0,0.0,0.0,18.0
2018-01-04 21:05:00,1478.0,1478.0,1478.0,1478.0,0.0,0.0,18.0
2018-01-04 21:10:00,1478.0,1478.0,1478.0,1478.0,0.0,0.0,18.0
2018-01-04 21:15:00,1478.0,1478.0,1478.0,1478.0,0.0,0.0,18.0
2018-01-04 21:20:00,1478.0,1478.0,1478.0,1478.0,0.0,0.0,18.0
2018-01-04 21:25:00,1478.0,1478.0,1478.0,1478.0,0.0,0.0,18.0
2018-01-04 21:30:00,1478.0,1478.0,1478.0,1478.0,0.0,0.0,18.0
2018-01-04 21:35:00,1478.0,1478.0,1478.0,1478.0,0.0,0.0,18.0
2018-01-04 21:40:00,1478.0,1478.0,1478.0,1478.0,0.0,0.0,18.0
2018-01-04 21:45:00,1478.0,1478.0,1478.0,1478.0,0.0,0.0,18.0
2018-01-04 21:50:00,1478.0,1478.0,1478.0,1478.0,0.0,0.0,18.0
2018-01-04 21:55:00,1478.0,1478.0,1478.0,1478.0,0.0,0.0,18.0
2018-01-04 22:00:00,1478.0,1478.0,1478.0,1478.0,0.0,0.0,18.0
2018-01-04 22:05:00,1478.0,1478.0,1478.0,1478.0,0.0,0.0,18.0
2018-01-04 22:10:00,1478.0,1478.0,1478.0,1478.0,0.0,0.0,18.0
2018-01-04 22:15:00,1478.0,1478.0,1478.0,1478.0,0.0,0.0,18.0
2018-01-04 22:20:00,1478.0,1478.0,1478.0,1478.0,0.0,0.0,18.0
2018-01-04 22:25:00,1478.0,1478.0,1478.0,1478.0,0.0,0.0,18.0
2018-01-04 22:30:00,1478.0,1478.0,1478.0,1478.0,0.0,0.0,18.0
2018-01-04 22:35:00,1478.0,1478.0,1478.0,1478.0,0.0,0.0,18.0
2018-01-04 22:40:00,1478.0,1478.0,1478.0,1478.0,0.0,0.0,18.0
2018-01-04 22:45:00,1478.0,1478.0,1478.0,1478.0,0.0,0.0,18.0
2018-01-04 22:50:00,1478.0,1478.0,1478.0,1478.0,0.0,0.0,18.0
2018-01-04 22:55:00,1478.0,1478.0,1478.0,1478.0,0.0,0.0,18.0
2018-01-04 23:00:00,1478.0,1478.0,1478.0,1478.0,0.0,0.0,18.0
2018-01-04 23:05:00,1478.0,1478.0,1478.0,1478.0,0.0,0.0,18.0
2018-01-04 23:10:00,1478.0,1478.0,1478.0,1478.0,0.0,0.0,18.0
2018-01-04 23:15:00,1478.0,1478.0,1478.0,1478.0,0.0,0.0,18.0
2018-01-04 23:20:00,1478.0,1478.0,1478.0,1478.0,0.0,0.0,18.0
2018-01-04 23:25:00,1478.0,1478.0,1478.0,1478.0,0.0,0.0,18.0
2018-01-05 09:00:00,1478.0,1478.0,1478.0,1478.0,0.0,0.0,18.0
2018-01-05 09:05:00,1478.0,1478.0,1478.0,1478.0,0.0,0.0,18.0
2018-01-05 09:10:00,1478.0,1478.0,1478.0,1478.0,0.0,0.0,18.0
2018-01-05 09:15:00,1478.0,1478.0,1478.0,1478.0,0.0,0.0,18.0
2018-01-05 09:20:00,1478.0,1478.0,1478.0,1478.0,0.0,0.0,18.0
2018-01-05 09:25:00,1478.0,1478.0,1478.0,1478.0,0.0,0.0,18.0
2018-01-05 09:30:00,1478.0,1478.0,1478.0,1478.0,0.0,0.0,18.0
2018-01-05 09:35:00,1478.0,1478.0,1478.0,1478.0,0.0,0.0,18.0
2018-01-05 09:40:00,1478.0,1478.0,1478.0,1478.0,0.0,0.0,18.0
2018-01-05 09:45:00,1478.0,1478.0,1478.0,1478.0,0.0,0.0,18.0
2018-01-05 09:50:00,1478.0,1478.0,1478.0,1478.0,0.0,0.0,18.0
2018-01-05 09:55:00,1478.0,1478.0,1478.0,1478.0,0.0,0.0,18.0
2018-01-05 10:00:00,1478.0,1478.0,1478.0,1478.0,0.0,0.0,18.0
2018-01-05 10:05:00,1478.0,1478.0,1478.0,1478.0,0.0,0.0,18.0
2018-01-05 10:10:00,1478.0,1478.0,1478.0,1478.0,0.0,0.0,18.0
2018-01-05 10:30:00,1478.0,1478.0,1478.0,1478.0,0.0,0.0,18.0
2018-01-05 10:35:00,1478.0,1478.0,1478.0,1478.0,0.0,0.0,18.0
2018-01-05 10:40:00,1478.0,1478.0,1478.0,1478.0,0.0,0.0,18.0
2018-01-05 10:45:00,1478.0,1478.0,1478.0,1478.0,0.0,0.0,18.0
2018-01-05 10:50:00,1478.0,1478.0,1478.0,1478.0,0.0,0.0,18.0
2018-01-05 10:55:00,1478.0,1478.0,1478.0,1478.0,0.0,0.0,18.0
2018-01-05 11:00:00,1478.0,1478.0,1478.0,1478.0,0.0,0.0,18.0
2018-01-05 11:05:00,1478.0,1478.0,1478.0,1478.0,0.0,0.0,18.0
2018-01-05 11:10:00,1478.0,1478.0,1478.0,1478.0,0.0,0.0,18.0
2018-01-05 11:15:00,1478.0,1478.0,1478.0,1478.0,0.0,0.0,18.0
2018-01-05 11:20:00,1478.0,1478.0,1478.0,1478.0,0.0,0.0,18.0
2018-01-05 11:25:00,1478.0,1478.0,1478.0,1478.0,0.0,0.0,18.0
2018-01-05 13:30:00,1478.0,1478.0,1478.0,1478.0,0.0,0.0,18.0
2018-01-05 13:35:00,1478.0,1478.0,1478.0,1478.0,0.0,0.0,18.0
2018-01-05 13:40:00,1478.0,1478.0,1474.0,1474.0,2.0,58960.0,20.0
2018-01-05 13:45:00,1467.0,1467.0,1467.0,1467.0,2.0,58720.0,18.0
2018-01-05 13:50:00,1467.0,1467.0,1467.0,1467.0,0.0,0.0,18.0
2018-01-05 13:55:00,1467.0,1467.0,1467.0,1467.0,0.0,0.0,18.0
2018-01-05 14:00:00,1467.0,1467.0,1467.0,1467.0,0.0,0.0,18.0
2018-01-05 14:05:00,1467.0,1467.0,1467.0,1467.0,0.0,0.0,18.0
2018-01-05 14:10:00,1467.0,1467.0,1467.0,1467.0,0.0,0.0,18.0
2018-01-05 14:15:00,1467.0,1467.0,1467.0,1467.0,0.0,0.0,18.0
2018-01-05 14:20:00,1467.0,1467.0,1467.0,1467.0,0.0,0.0,18.0
2018-01-05 14:25:00,1467.0,1467.0,1467.0,1467.0,0.0,0.0,18.0
2018-01-05 14:30:00,1467.0,1467.0,1467.0,1467.0,0.0,0.0,18.0
2018-01-05 14:35:00,1467.0,1467.0,1467.0,1467.0,0.0,0.0,18.0
2018-01-05 14:40:00,1467.0,1467.0,1467.0,1467.0,0.0,0.0,18.0
2018-01-05 14:45:00,1467.0,1482.0,1467.0,1482.0,4.0,118480.0,22.0
2018-01-05 14:50:00,1482.0,1482.0,1482.0,1482.0,0.0,0.0,22.0
2018-01-05 14:55:00,1482.0,1482.0,1482.0,1482.0,0.0,0.0,22.0
2018-01-05 21:00:00,1476.0,1476.0,1476.0,1476.0,0.0,0.0,22.0
2018-01-05 21:05:00,1476.0,1476.0,1476.0,1476.0,0.0,0.0,22.0
2018-01-05 21:10:00,1476.0,1476.0,1476.0,1476.0,0.0,0.0,22.0
2018-01-05 21:15:00,1476.0,1476.0,1476.0,1476.0,0.0,0.0,22.0
2018-01-05 21:20:00,1476.0,1476.0,1476.0,1476.0,0.0,0.0,22.0
2018-01-05 21:25:00,1476.0,1476.0,1476.0,1476.0,0.0,0.0,22.0
2018-01-05 21:30:00,1476.0,1476.0,1476.0,1476.0,0.0,0.0,22.0
2018-01-05 21:35:00,1476.0,1476.0,1476.0,1476.0,0.0,0.0,22.0
2018-01-05 21:40:00,1476.0,1476.0,1476.0,1476.0,0.0,0.0,22.0
2018-01-05 21:45:00,1476.0,1476.0,1476.0,1476.0,0.0,0.0,22.0
2018-01-05 21:50:00,1476.0,1476.0,1476.0,1476.0,0.0,0.0,22.0
2018-01-05 21:55:00,1476.0,1476.0,1476.0,1476.0,0.0,0.0,22.0
2018-01-05 22:00:00,1476.0,1476.0,1476.0,1476.0,0.0,0.0,22.0
2018-01-05 22:05:00,1476.0,1476.0,1476.0,1476.0,0.0,0.0,22.0
2018-01-05 22:10:00,1476.0,1476.0,1476.0,1476.0,0.0,0.0,22.0
2018-01-05 22:15:00,1476.0,1476.0,1476.0,1476.0,0.0,0.0,22.0
2018-01-05 22:20:00,1476.0,1476.0,1476.0,1476.0,0.0,0.0,22.0
2018-01-05 22:25:00,1476.0,1476.0,1476.0,1476.0,0.0,0.0,22.0
2018-01-05 22:30:00,1476.0,1476.0,1476.0,1476.0,0.0,0.0,22.0
2018-01-05 22:35:00,1476.0,1476.0,1476.0,1476.0,0.0,0.0,22.0
2018-01-05 22:40:00,1476.0,1476.0,1476.0,1476.0,0.0,0.0,22.0
2018-01-05 22:45:00,1476.0,1476.0,1476.0,1476.0,0.0,0.0,22.0
2018-01-05 22:50:00,1476.0,1476.0,1476.0,1476.0,0.0,0.0,22.0
2018-01-05 22:55:00,1476.0,1476.0,1476.0,1476.0,0.0,0.0,22.0
2018-01-05 23:00:00,1476.0,1476.0,1476.0,1476.0,0.0,0.0,22.0
2018-01-05 23:05:00,1476.0,1476.0,1476.0,1476.0,0.0,0.0,22.0
2018-01-05 23:10:00,1476.0,1476.0,1476.0,1476.0,0.0,0.0,22.0
2018-01-05 23:15:00,1476.0,1476.0,1476.0,1476.0,0.0,0.0,22.0
2018-01-05 23:20:00,1476.0,1476.0,1476.0,1476.0,0.0,0.0,22.0
2018-01-05 23:25:00,1476.0,1476.0,1476.0,1476.0,0.0,0.0,22.0
2018-01-08 09:00:00,1476.0,1476.0,1476.0,1476.0,0.0,0.0,22.0
2018-01-08 09:05:00,1476.0,1476.0,1476.0,1476.0,0.0,0.0,22.0
2018-01-08 09:10:00,1476.0,1476.0,1476.0,1476.0,0.0,0.0,22.0
2018-01-08 09:15:00,1476.0,1476.0,1476.0,1476.0,0.0,0.0,22.0
2018-01-08 09:20:00,1476.0,1476.0,1476.0,1476.0,0.0,0.0,22.0
2018-01-08 09:25:00,1476.0,1476.0,1476.0,1476.0,0.0,0.0,22.0
2018-01-08 09:30:00,1476.0,1476.0,1476.0,1476.0,0.0,0.0,22.0
2018-01-08 09:35:00,1476.0,1476.0,1476.0,1476.0,0.0,0.0,22.0
2018-01-08 09:40:00,1476.0,1476.0,1476.0,1476.0,0.0,0.0,22.0
2018-01-08 09:45:00,1476.0,1476.0,1476.0,1476.0,0.0,0.0,22.0
2018-01-08 09:50:00,1476.0,1476.0,1476.0,1476.0,0.0,0.0,22.0
2018-01-08 09:55:00,1476.0,1476.0,1476.0,1476.0,0.0,0.0,22.0
2018-01-08 10:00:00,1476.0,1476.0,1476.0,1476.0,0.0,0.0,22.0
2018-01-08 10:05:00,1476.0,1476.0,1476.0,1476.0,0.0,0.0,22.0
2018-01-08 10:10:00,1476.0,1476.0,1476.0,1476.0,0.0,0.0,22.0
2018-01-08 10:30:00,1476.0,1476.0,1476.0,1476.0,0.0,0.0,22.0
2018-01-08 10:35:00,1476.0,1476.0,1476.0,1476.0,0.0,0.0,22.0
2018-01-08 10:40:00,1476.0,1476.0,1476.0,1476.0,0.0,0.0,22.0
2018-01-08 10:45:00,1476.0,1476.0,1476.0,1476.0,0.0,0.0,22.0
2018-01-08 10:50:00,1476.0,1476.0,1476.0,1476.0,0.0,0.0,22.0
2018-01-08 10:55:00,1476.0,1476.0,1476.0,1476.0,0.0,0.0,22.0
2018-01-08 11:00:00,1476.0,1476.0,1476.0,1476.0,0.0,0.0,22.0
2018-01-08 11:05:00,1476.0,1476.0,1476.0,1476.0,0.0,0.0,22.0
2018-01-08 11:10:00,1476.0,1476.0,1476.0,1476.0,0.0,0.0,22.0
2018-01-08 11:15:00,1476.0,1476.0,1476.0,1476.0,0.0,0.0,22.0
2018-01-08 11:20:00,1476.0,1476.0,1476.0,1476.0,0.0,0.0,22.0
2018-01-08 11:25:00,1476.0,1476.0,1476.0,1476.0,0.0,0.0,22.0
2018-01-08 13:30:00,1476.0,1476.0,1476.0,1476.0,0.0,0.0,22.0
2018-01-08 13:35:00,1476.0,1476.0,1476.0,1476.0,0.0,0.0,22.0
2018-01-08 13:40:00,1476.0,1476.0,1476.0,1476.0,0.0,0.0,22.0
2018-01-08 13:45:00,1476.0,1476.0,1476.0,1476.0,0.0,0.0,22.0
2018-01-08 13:50:00,1476.0,1476.0,1476.0,1476.0,0.0,0.0,22.0
2018-01-08 13:55:00,1476.0,1476.0,1476.0,1476.0,0.0,0.0,22.0
2018-01-08 14:00:00,1476.0,1476.0,1476.0,1476.0,0.0,0.0,22.0
2018-01-08 14:05:00,1476.0,1476.0,1476.0,1476.0,0.0,0.0,22.0
2018-01-08 14:10:00,1476.0,1476.0,1476.0,1476.0,0.0,0.0,22.0
2018-01-08 14:15:00,1476.0,1476.0,1476.0,1476.0,0.0,0.0,22.0
2018-01-08 14:20:00,1476.0,1476.0,1476.0,1476.0,0.0,0.0,22.0
2018-01-08 14:25:00,1476.0,1476.0,1476.0,1476.0,0.0,0.0,22.0
2018-01-08 14:30:00,1476.0,1476.0,1476.0,1476.0,0.0,0.0,22.0
2018-01-08 14:35:00,1476.0,1476.0,1476.0,1476.0,0.0,0.0,22.0
2018-01-08 14:40:00,1476.0,1500.0,1476.0,1500.0,4.0,120000.0,18.0
2018-01-08 14:45:00,1500.0,1500.0,1500.0,1500.0,6.0,180000.0,14.0
2018-01-08 14:50:00,1500.0,1500.0,1500.0,1500.0,2.0,60000.0,12.0
2018-01-08 14:55:00,1500.0,1500.0,1500.0,1500.0,0.0,0.0,12.0
2018-01-08 21:00:00,1500.0,1500.0,1500.0,1500.0,0.0,0.0,12.0
2018-01-08 21:05:00,1500.0,1500.0,1500.0,1500.0,0.0,0.0,12.0
2018-01-08 21:10:00,1500.0,1500.0,1500.0,1500.0,0.0,0.0,12.0
2018-01-08 21:15:00,1500.0,1500.0,1500.0,1500.0,0.0,0.0,12.0
2018-01-08 21:20:00,1500.0,1500.0,1500.0,1500.0,0.0,0.0,12.0
2018-01-08 21:25:00,1500.0,1500.0,1500.0,1500.0,0.0,0.0,12.0
2018-01-08 21:30:00,1500.0,1500.0,1500.0,1500.0,0.0,0.0,12.0
2018-01-08 21:35:00,1500.0,1500.0,1500.0,1500.0,0.0,0.0,12.0
2018-01-08 21:40:00,1500.0,1500.0,1500.0,1500.0,0.0,0.0,12.0
2018-01-08 21:45:00,1500.0,1500.0,1500.0,1500.0,0.0,0.0,12.0
2018-01-08 21:50:00,1500.0,1500.0,1500.0,1500.0,0.0,0.0,12.0
2018-01-08 21:55:00,1500.0,1500.0,1500.0,1500.0,0.0,0.0,12.0
2018-01-08 22:00:00,1500.0,1500.0,1500.0,1500.0,0.0,0.0,12.0
2018-01-08 22:05:00,1500.0,1500.0,1500.0,1500.0,0.0,0.0,12.0
2018-01-08 22:10:00,1500.0,1500.0,1500.0,1500.0,0.0,0.0,12.0
2018-01-08 22:15:00,1500.0,1500.0,1500.0,1500.0,0.0,0.0,12.0
2018-01-08 22:20:00,1500.0,1500.0,1500.0,1500.0,0.0,0.0,12.0
2018-01-08 22:25:00,1500.0,1500.0,1500.0,1500.0,0.0,0.0,12.0
2018-01-08 22:30:00,1500.0,1500.0,1500.0,1500.0,0.0,0.0,12.0
2018-01-08 22:35:00,1500.0,1500.0,1500.0,1500.0,0.0,0.0,12.0
2018-01-08 22:40:00,1500.0,1500.0,1500.0,1500.0,0.0,0.0,12.0
2018-01-08 22:45:00,1500.0,1500.0,1500.0,1500.0,0.0,0.0,12.0
2018-01-08 22:50:00,1500.0,1500.0,1500.0,1500.0,0.0,0.0,12.0
2018-01-08 22:55:00,1500.0,1500.0,1500.0,1500.0,0.0,0.0,12.0
2018-01-08 23:00:00,1500.0,1500.0,1500.0,1500.0,0.0,0.0,12.0
2018-01-08 23:05:00,1500.0,1500.0,1500.0,1500.0,0.0,0.0,12.0
2018-01-08 23:10:00,1500.0,1500.0,1500.0,1500.0,0.0,0.0,12.0
2018-01-08 23:15:00,1500.0,1500.0,1500.0,1500.0,0.0,0.0,12.0
2018-01-08 23:20:00,1500.0,1500.0,1500.0,1500.0,0.0,0.0,12.0
2018-01-08 23:25:00,1500.0,1500.0,1500.0,1500.0,0.0,0.0,12.0
2018-01-09 09:00:00,1500.0,1500.0,1500.0,1500.0,0.0,0.0,12.0
2018-01-09 09:05:00,1500.0,1500.0,1500.0,1500.0,0.0,0.0,12.0
2018-01-09 09:10:00,1500.0,1500.0,1500.0,1500.0,0.0,0.0,12.0
2018-01-09 09:15:00,1500.0,1500.0,1500.0,1500.0,0.0,0.0,12.0
2018-01-09 09:20:00,1500.0,1500.0,1500.0,1500.0,0.0,0.0,12.0
2018-01-09 09:25:00,1500.0,1500.0,1500.0,1500.0,0.0,0.0,12.0
2018-01-09 09:30:00,1500.0,1500.0,1500.0,1500.0,0.0,0.0,12.0
2018-01-09 09:35:00,1500.0,1500.0,1500.0,1500.0,0.0,0.0,12.0
2018-01-09 09:40:00,1500.0,1500.0,1500.0,1500.0,0.0,0.0,12.0
2018-01-09 09:45:00,1500.0,1500.0,1500.0,1500.0,0.0,0.0,12.0
2018-01-09 09:50:00,1500.0,1500.0,1500.0,1500.0,0.0,0.0,12.0
2018-01-09 09:55:00,1500.0,1500.0,1500.0,1500.0,0.0,0.0,12.0
2018-01-09 10:00:00,1500.0,1500.0,1500.0,1500.0,0.0,0.0,12.0
2018-01-09 10:05:00,1500.0,1500.0,1500.0,1500.0,0.0,0.0,12.0
2018-01-09 10:10:00,1500.0,1500.0,1500.0,1500.0,0.0,0.0,12.0
2018-01-09 10:30:00,1500.0,1500.0,1500.0,1500.0,0.0,0.0,12.0
2018-01-09 10:35:00,1500.0,1500.0,1500.0,1500.0,0.0,0.0,12.0
2018-01-09 10:40:00,1500.0,1500.0,1500.0,1500.0,0.0,0.0,12.0
2018-01-09 10:45:00,1500.0,1500.0,1500.0,1500.0,0.0,0.0,12.0
2018-01-09 10:50:00,1500.0,1500.0,1500.0,1500.0,0.0,0.0,12.0
2018-01-09 10:55:00,1500.0,1500.0,1500.0,1500.0,0.0,0.0,12.0
2018-01-09 11:00:00,1500.0,1500.0,1500.0,1500.0,0.0,0.0,12.0
2018-01-09 11:05:00,1500.0,1500.0,1500.0,1500.0,0.0,0.0,12.0
2018-01-09 11:10:00,1500.0,1500.0,1500.0,1500.0,0.0,0.0,12.0
2018-01-09 11:15:00,1500.0,1500.0,1500.0,1500.0,0.0,0.0,12.0
2018-01-09 11:20:00,1500.0,1500.0,1500.0,1500.0,0.0,0.0,12.0
2018-01-09 11:25:00,1500.0,1500.0,1500.0,1500.0,0.0,0.0,12.0
2018-01-09 13:30:00,1500.0,1500.0,1500.0,1500.0,0.0,0.0,12.0
2018-01-09 13:35:00,1500.0,1500.0,1500.0,1500.0,0.0,0.0,12.0
2018-01-09 13:40:00,1500.0,1500.0,1500.0,1500.0,0.0,0.0,12.0
2018-01-09 13:45:00,1500.0,1500.0,1500.0,1500.0,0.0,0.0,12.0
2018-01-09 13:50:00,1500.0,1500.0,1500.0,1500.0,0.0,0.0,12.0
2018-01-09 13:55:00,1500.0,1500.0,1500.0,1500.0,0.0,0.0,12.0
2018-01-09 14:00:00,1500.0,1500.0,1500.0,1500.0,0.0,0.0,12.0
2018-01-09 14:05:00,1500.0,1500.0,1500.0,1500.0,0.0,0.0,12.0
2018-01-09 14:10:00,1500.0,1500.0,1500.0,1500.0,0.0,0.0,12.0
2018-01-09 14:15:00,1500.0,1500.0,1500.0,1500.0,0.0,0.0,12.0
2018-01-09 14:20:00,1500.0,1500.0,1500.0,1500.0,0.0,0.0,12.0
2018-01-09 14:25:00,1500.0,1500.0,1500.0,1500.0,0.0,0.0,12.0
2018-01-09 14:30:00,1500.0,1500.0,1500.0,1500.0,0.0,0.0,12.0
2018-01-09 14:35:00,1500.0,1500.0,1500.0,1500.0,0.0,0.0,12.0
2018-01-09 14:40:00,1500.0,1500.0,1500.0,1500.0,0.0,0.0,12.0
2018-01-09 14:45:00,1500.0,1500.0,1500.0,1500.0,0.0,0.0,12.0
2018-01-09 14:50:00,1500.0,1500.0,1500.0,1500.0,0.0,0.0,12.0
2018-01-09 14:55:00,1500.0,1500.0,1500.0,1500.0,0.0,0.0,12.0
2018-01-09 21:00:00,1510.0,1510.0,1505.0,1505.0,2.0,60200.0,10.0
2018-01-09 21:05:00,1505.0,1505.0,1505.0,1505.0,0.0,0.0,10.0
2018-01-09 21:10:00,1505.0,1505.0,1505.0,1505.0,0.0,0.0,10.0
2018-01-09 21:15:00,1505.0,1505.0,1505.0,1505.0,0.0,0.0,10.0
2018-01-09 21:20:00,1505.0,1505.0,1505.0,1505.0,0.0,0.0,10.0
2018-01-09 21:25:00,1505.0,1505.0,1505.0,1505.0,0.0,0.0,10.0
2018-01-09 21:30:00,1505.0,1505.0,1505.0,1505.0,2.0,60200.0,10.0
2018-01-09 21:35:00,1505.0,1505.0,1505.0,1505.0,0.0,0.0,10.0
2018-01-09 21:40:00,1505.0,1505.0,1505.0,1505.0,0.0,0.0,10.0
2018-01-09 21:45:00,1505.0,1505.0,1505.0,1505.0,0.0,0.0,10.0
2018-01-09 21:50:00,1505.0,1505.0,1505.0,1505.0,0.0,0.0,10.0
2018-01-09 21:55:00,1505.0,1505.0,1505.0,1505.0,0.0,0.0,10.0
2018-01-09 22:00:00,1505.0,1505.0,1505.0,1505.0,0.0,0.0,10.0
2018-01-09 22:05:00,1505.0,1505.0,1505.0,1505.0,0.0,0.0,10.0
2018-01-09 22:10:00,1505.0,1505.0,1505.0,1505.0,0.0,0.0,10.0
2018-01-09 22:15:00,1505.0,1505.0,1505.0,1505.0,0.0,0.0,10.0
2018-01-09 22:20:00,1505.0,1505.0,1505.0,1505.0,0.0,0.0,10.0
2018-01-09 22:25:00,1505.0,1505.0,1505.0,1505.0,0.0,0.0,10.0
2018-01-09 22:30:00,1505.0,1505.0,1505.0,1505.0,0.0,0.0,10.0
2018-01-09 22:35:00,1505.0,1505.0,1505.0,1505.0,0.0,0.0,10.0
2018-01-09 22:40:00,1505.0,1505.0,1505.0,1505.0,0.0,0.0,10.0
2018-01-09 22:45:00,1505.0,1505.0,1505.0,1505.0,0.0,0.0,10.0
2018-01-09 22:50:00,1505.0,1505.0,1505.0,1505.0,0.0,0.0,10.0
2018-01-09 22:55:00,1505.0,1505.0,1505.0,1505.0,0.0,0.0,10.0
2018-01-09 23:00:00,1505.0,1505.0,1505.0,1505.0,0.0,0.0,10.0
2018-01-09 23:05:00,1505.0,1505.0,1505.0,1505.0,0.0,0.0,10.0
2018-01-09 23:10:00,1505.0,1505.0,1505.0,1505.0,0.0,0.0,10.0
2018-01-09 23:15:00,1505.0,1505.0,1505.0,1505.0,0.0,0.0,10.0
2018-01-09 23:20:00,1505.0,1505.0,1505.0,1505.0,0.0,0.0,10.0
2018-01-09 23:25:00,1505.0,1505.0,1505.0,1505.0,0.0,0.0,10.0
2018-01-10 09:00:00,1505.0,1505.0,1505.0,1505.0,0.0,0.0,10.0
2018-01-10 09:05:00,1505.0,1505.0,1505.0,1505.0,0.0,0.0,10.0
2018-01-10 09:10:00,1505.0,1505.0,1505.0,1505.0,0.0,0.0,10.0
2018-01-10 09:15:00,1505.0,1505.0,1505.0,1505.0,0.0,0.0,10.0
2018-01-10 09:20:00,1505.0,1505.0,1505.0,1505.0,0.0,0.0,10.0
2018-01-10 09:25:00,1505.0,1505.0,1505.0,1505.0,0.0,0.0,10.0
2018-01-10 09:30:00,1505.0,1505.0,1505.0,1505.0,0.0,0.0,10.0
2018-01-10 09:35:00,1505.0,1505.0,1505.0,1505.0,0.0,0.0,10.0
2018-01-10 09:40:00,1505.0,1505.0,1505.0,1505.0,0.0,0.0,10.0
2018-01-10 09:45:00,1505.0,1505.0,1505.0,1505.0,0.0,0.0,10.0
2018-01-10 09:50:00,1505.0,1505.0,1505.0,1505.0,0.0,0.0,10.0
2018-01-10 09:55:00,1505.0,1505.0,1505.0,1505.0,0.0,0.0,10.0
2018-01-10 10:00:00,1505.0,1505.0,1505.0,1505.0,0.0,0.0,10.0
2018-01-10 10:05:00,1505.0,1505.0,1505.0,1505.0,0.0,0.0,10.0
2018-01-10 10:10:00,1505.0,1505.0,1505.0,1505.0,0.0,0.0,10.0
2018-01-10 10:30:00,1505.0,1505.0,1505.0,1505.0,0.0,0.0,10.0
2018-01-10 10:35:00,1505.0,1505.0,1505.0,1505.0,0.0,0.0,10.0
2018-01-10 10:40:00,1505.0,1505.0,1505.0,1505.0,0.0,0.0,10.0
2018-01-10 10:45:00,1505.0,1505.0,1505.0,1505.0,0.0,0.0,10.0
2018-01-10 10:50:00,1505.0,1505.0,1505.0,1505.0,0.0,0.0,10.0
2018-01-10 10:55:00,1505.0,1505.0,1505.0,1505.0,0.0,0.0,10.0
2018-01-10 11:00:00,1505.0,1505.0,1505.0,1505.0,0.0,0.0,10.0
2018-01-10 11:05:00,1505.0,1505.0,1505.0,1505.0,0.0,0.0,10.0
2018-01-10 11:10:00,1505.0,1505.0,1505.0,1505.0,0.0,0.0,10.0
2018-01-10 11:15:00,1505.0,1505.0,1505.0,1505.0,0.0,0.0,10.0
2018-01-10 11:20:00,1505.0,1505.0,1505.0,1505.0,0.0,0.0,10.0
2018-01-10 11:25:00,1505.0,1505.0,1505.0,1505.0,0.0,0.0,10.0
2018-01-10 13:30:00,1505.0,1505.0,1505.0,1505.0,0.0,0.0,10.0
2018-01-10 13:35:00,1505.0,1505.0,1505.0,1505.0,0.0,0.0,10.0
2018-01-10 13:40:00,1505.0,1505.0,1505.0,1505.0,0.0,0.0,10.0
2018-01-10 13:45:00,1505.0,1505.0,1505.0,1505.0,0.0,0.0,10.0
2018-01-10 13:50:00,1505.0,1505.0,1505.0,1505.0,0.0,0.0,10.0
2018-01-10 13:55:00,1505.0,1505.0,1505.0,1505.0,0.0,0.0,10.0
2018-01-10 14:00:00,1505.0,1505.0,1505.0,1505.0,0.0,0.0,10.0
2018-01-10 14:05:00,1505.0,1505.0,1505.0,1505.0,0.0,0.0,10.0
2018-01-10 14:10:00,1505.0,1505.0,1505.0,1505.0,0.0,0.0,10.0
2018-01-10 14:15:00,1505.0,1505.0,1505.0,1505.0,0.0,0.0,10.0
2018-01-10 14:20:00,1505.0,1505.0,1505.0,1505.0,0.0,0.0,10.0
2018-01-10 14:25:00,1505.0,1505.0,1505.0,1505.0,0.0,0.0,10.0
2018-01-10 14:30:00,1505.0,1505.0,1505.0,1505.0,0.0,0.0,10.0
2018-01-10 14:35:00,1505.0,1505.0,1505.0,1505.0,0.0,0.0,10.0
2018-01-10 14:40:00,1505.0,1505.0,1505.0,1505.0,0.0,0.0,10.0
2018-01-10 14:45:00,1505.0,1505.0,1505.0,1505.0,0.0,0.0,10.0
2018-01-10 14:50:00,1505.0,1505.0,1505.0,1505.0,0.0,0.0,10.0
2018-01-10 14:55:00,1505.0,1505.0,1505.0,1505.0,0.0,0.0,10.0
2018-01-10 21:00:00,1505.0,1505.0,1505.0,1505.0,0.0,0.0,10.0
2018-01-10 21:05:00,1505.0,1505.0,1505.0,1505.0,0.0,0.0,10.0
2018-01-10 21:10:00,1505.0,1505.0,1505.0,1505.0,0.0,0.0,10.0
2018-01-10 21:15:00,1505.0,1505.0,1505.0,1505.0,0.0,0.0,10.0
2018-01-10 21:20:00,1505.0,1505.0,1505.0,1505.0,0.0,0.0,10.0
2018-01-10 21:25:00,1505.0,1505.0,1505.0,1505.0,0.0,0.0,10.0
2018-01-10 21:30:00,1505.0,1505.0,1505.0,1505.0,0.0,0.0,10.0
2018-01-10 21:35:00,1505.0,1505.0,1505.0,1505.0,0.0,0.0,10.0
2018-01-10 21:40:00,1505.0,1505.0,1505.0,1505.0,0.0,0.0,10.0
2018-01-10 21:45:00,1505.0,1505.0,1505.0,1505.0,0.0,0.0,10.0
2018-01-10 21:50:00,1505.0,1505.0,1505.0,1505.0,0.0,0.0,10.0
2018-01-10 21:55:00,1505.0,1505.0,1505.0,1505.0,0.0,0.0,10.0
2018-01-10 22:00:00,1505.0,1505.0,1505.0,1505.0,0.0,0.0,10.0
2018-01-10 22:05:00,1505.0,1505.0,1505.0,1505.0,0.0,0.0,10.0
2018-01-10 22:10:00,1505.0,1505.0,1505.0,1505.0,0.0,0.0,10.0
2018-01-10 22:15:00,1505.0,1505.0,1505.0,1505.0,0.0,0.0,10.0
2018-01-10 22:20:00,1505.0,1505.0,1505.0,1505.0,0.0,0.0,10.0
2018-01-10 22:25:00,1505.0,1505.0,1505.0,1505.0,0.0,0.0,10.0
2018-01-10 22:30:00,1505.0,1505.0,1505.0,1505.0,0.0,0.0,10.0
2018-01-10 22:35:00,1505.0,1505.0,1505.0,1505.0,0.0,0.0,10.0
2018-01-10 22:40:00,1505.0,1505.0,1505.0,1505.0,0.0,0.0,10.0
2018-01-10 22:45:00,1505.0,1505.0,1505.0,1505.0,0.0,0.0,10.0
2018-01-10 22:50:00,1505.0,1505.0,1505.0,1505.0,0.0,0.0,10.0
2018-01-10 22:55:00,1505.0,1505.0,1505.0,1505.0,0.0,0.0,10.0
2018-01-10 23:00:00,1505.0,1505.0,1505.0,1505.0,0.0,0.0,10.0
2018-01-10 23:05:00,1505.0,1505.0,1505.0,1505.0,0.0,0.0,10.0
2018-01-10 23:10:00,1505.0,1505.0,1505.0,1505.0,0.0,0.0,10.0
2018-01-10 23:15:00,1505.0,1505.0,1505.0,1505.0,0.0,0.0,10.0
2018-01-10 23:20:00,1505.0,1505.0,1505.0,1505.0,0.0,0.0,10.0
2018-01-10 23:25:00,1505.0,1505.0,1505.0,1505.0,0.0,0.0,10.0
2018-01-11 09:00:00,1505.0,1505.0,1505.0,1505.0,0.0,0.0,10.0
2018-01-11 09:05:00,1505.0,1505.0,1505.0,1505.0,0.0,0.0,10.0
2018-01-11 09:10:00,1505.0,1505.0,1505.0,1505.0,0.0,0.0,10.0
2018-01-11 09:15:00,1505.0,1505.0,1505.0,1505.0,0.0,0.0,10.0
2018-01-11 09:20:00,1505.0,1505.0,1505.0,1505.0,0.0,0.0,10.0
2018-01-11 09:25:00,1505.0,1505.0,1505.0,1505.0,0.0,0.0,10.0
2018-01-11 09:30:00,1505.0,1505.0,1505.0,1505.0,0.0,0.0,10.0
2018-01-11 09:35:00,1505.0,1505.0,1505.0,1505.0,0.0,0.0,10.0
2018-01-11 09:40:00,1505.0,1505.0,1505.0,1505.0,0.0,0.0,10.0
2018-01-11 09:45:00,1505.0,1505.0,1505.0,1505.0,0.0,0.0,10.0
2018-01-11 09:50:00,1505.0,1505.0,1505.0,1505.0,0.0,0.0,10.0
2018-01-11 09:55:00,1505.0,1505.0,1505.0,1505.0,0.0,0.0,10.0
2018-01-11 10:00:00,1505.0,1505.0,1505.0,1505.0,0.0,0.0,10.0
2018-01-11 10:05:00,1505.0,1505.0,1505.0,1505.0,0.0,0.0,10.0
2018-01-11 10:10:00,1505.0,1505.0,1505.0,1505.0,0.0,0.0,10.0
2018-01-11 10:30:00,1505.0,1505.0,1505.0,1505.0,0.0,0.0,10.0
2018-01-11 10:35:00,1505.0,1505.0,1505.0,1505.0,0.0,0.0,10.0
2018-01-11 10:40:00,1505.0,1505.0,1505.0,1505.0,0.0,0.0,10.0
2018-01-11 10:45:00,1505.0,1505.0,1505.0,1505.0,0.0,0.0,10.0
2018-01-11 10:50:00,1505.0,1505.0,1505.0,1505.0,0.0,0.0,10.0
2018-01-11 10:55:00,1505.0,1505.0,1505.0,1505.0,0.0,0.0,10.0
2018-01-11 11:00:00,1505.0,1505.0,1505.0,1505.0,0.0,0.0,10.0
2018-01-11 11:05:00,1505.0,1505.0,1505.0,1505.0,0.0,0.0,10.0
2018-01-11 11:10:00,1505.0,1505.0,1486.0,1486.0,2.0,59440.0,12.0
2018-01-11 11:15:00,1486.0,1486.0,1486.0,1486.0,0.0,0.0,12.0
2018-01-11 11:20:00,1486.0,1486.0,1486.0,1486.0,0.0,0.0,12.0
2018-01-11 11:25:00,1486.0,1486.0,1486.0,1486.0,0.0,0.0,12.0
2018-01-11 13:30:00,1486.0,1486.0,1486.0,1486.0,0.0,0.0,12.0
2018-01-11 13:35:00,1486.0,1486.0,1486.0,1486.0,0.0,0.0,12.0
2018-01-11 13:40:00,1486.0,1486.0,1486.0,1486.0,0.0,0.0,12.0
2018-01-11 13:45:00,1486.0,1486.0,1486.0,1486.0,0.0,0.0,12.0
2018-01-11 13:50:00,1486.0,1486.0,1486.0,1486.0,0.0,0.0,12.0
2018-01-11 13:55:00,1486.0,1486.0,1486.0,1486.0,0.0,0.0,12.0
2018-01-11 14:00:00,1486.0,1486.0,1486.0,1486.0,0.0,0.0,12.0
2018-01-11 14:05:00,1486.0,1486.0,1486.0,1486.0,0.0,0.0,12.0
2018-01-11 14:10:00,1486.0,1486.0,1486.0,1486.0,0.0,0.0,12.0
2018-01-11 14:15:00,1486.0,1486.0,1486.0,1486.0,0.0,0.0,12.0
2018-01-11 14:20:00,1486.0,1486.0,1486.0,1486.0,0.0,0.0,12.0
2018-01-11 14:25:00,1486.0,1486.0,1486.0,1486.0,0.0,0.0,12.0
2018-01-11 14:30:00,1486.0,1486.0,1486.0,1486.0,0.0,0.0,12.0
2018-01-11 14:35:00,1486.0,1486.0,1486.0,1486.0,0.0,0.0,12.0
2018-01-11 14:40:00,1486.0,1486.0,1486.0,1486.0,0.0,0.0,12.0
2018-01-11 14:45:00,1486.0,1486.0,1486.0,1486.0,0.0,0.0,12.0
2018-01-11 14:50:00,1486.0,1486.0,1486.0,1486.0,0.0,0.0,12.0
2018-01-11 14:55:00,1486.0,1486.0,1486.0,1486.0,0.0,0.0,12.0
2018-01-11 21:00:00,1486.0,1486.0,1486.0,1486.0,0.0,0.0,12.0
2018-01-11 21:05:00,1486.0,1486.0,1486.0,1486.0,0.0,0.0,12.0
2018-01-11 21:10:00,1486.0,1486.0,1486.0,1486.0,0.0,0.0,12.0
2018-01-11 21:15:00,1486.0,1486.0,1486.0,1486.0,0.0,0.0,12.0
2018-01-11 21:20:00,1486.0,1486.0,1486.0,1486.0,0.0,0.0,12.0
2018-01-11 21:25:00,1486.0,1486.0,1486.0,1486.0,0.0,0.0,12.0
2018-01-11 21:30:00,1486.0,1486.0,1486.0,1486.0,0.0,0.0,12.0
2018-01-11 21:35:00,1486.0,1486.0,1486.0,1486.0,0.0,0.0,12.0
2018-01-11 21:40:00,1486.0,1486.0,1486.0,1486.0,0.0,0.0,12.0
2018-01-11 21:45:00,1486.0,1486.0,1486.0,1486.0,0.0,0.0,12.0
2018-01-11 21:50:00,1486.0,1486.0,1486.0,1486.0,0.0,0.0,12.0
2018-01-11 21:55:00,1486.0,1486.0,1486.0,1486.0,0.0,0.0,12.0
2018-01-11 22:00:00,1486.0,1486.0,1486.0,1486.0,0.0,0.0,12.0
2018-01-11 22:05:00,1486.0,1486.0,1486.0,1486.0,0.0,0.0,12.0
2018-01-11 22:10:00,1486.0,1486.0,1486.0,1486.0,0.0,0.0,12.0
2018-01-11 22:15:00,1486.0,1486.0,1486.0,1486.0,0.0,0.0,12.0
2018-01-11 22:20:00,1486.0,1486.0,1486.0,1486.0,0.0,0.0,12.0
2018-01-11 22:25:00,1486.0,1486.0,1486.0,1486.0,0.0,0.0,12.0
2018-01-11 22:30:00,1486.0,1486.0,1486.0,1486.0,0.0,0.0,12.0
2018-01-11 22:35:00,1486.0,1486.0,1486.0,1486.0,0.0,0.0,12.0
2018-01-11 22:40:00,1486.0,1486.0,1486.0,1486.0,0.0,0.0,12.0
2018-01-11 22:45:00,1486.0,1486.0,1486.0,1486.0,0.0,0.0,12.0
2018-01-11 22:50:00,1486.0,1486.0,1486.0,1486.0,0.0,0.0,12.0
2018-01-11 22:55:00,1486.0,1486.0,1486.0,1486.0,0.0,0.0,12.0
2018-01-11 23:00:00,1486.0,1486.0,1486.0,1486.0,0.0,0.0,12.0
2018-01-11 23:05:00,1486.0,1486.0,1486.0,1486.0,0.0,0.0,12.0
2018-01-11 23:10:00,1486.0,1486.0,1486.0,1486.0,0.0,0.0,12.0
2018-01-11 23:15:00,1486.0,1486.0,1486.0,1486.0,0.0,0.0,12.0
2018-01-11 23:20:00,1486.0,1486.0,1486.0,1486.0,0.0,0.0,12.0
2018-01-11 23:25:00,1486.0,1486.0,1486.0,1486.0,0.0,0.0,12.0
2018-01-12 09:00:00,1486.0,1486.0,1486.0,1486.0,0.0,0.0,12.0
2018-01-12 09:05:00,1486.0,1486.0,1486.0,1486.0,0.0,0.0,12.0
2018-01-12 09:10:00,1486.0,1486.0,1486.0,1486.0,0.0,0.0,12.0
2018-01-12 09:15:00,1486.0,1486.0,1486.0,1486.0,0.0,0.0,12.0
2018-01-12 09:20:00,1486.0,1486.0,1486.0,1486.0,0.0,0.0,12.0
2018-01-12 09:25:00,1486.0,1486.0,1486.0,1486.0,0.0,0.0,12.0
2018-01-12 09:30:00,1486.0,1486.0,1486.0,1486.0,0.0,0.0,12.0
2018-01-12 09:35:00,1486.0,1486.0,1486.0,1486.0,0.0,0.0,12.0
2018-01-12 09:40:00,1486.0,1486.0,1486.0,1486.0,0.0,0.0,12.0
2018-01-12 09:45:00,1486.0,1486.0,1486.0,1486.0,0.0,0.0,12.0
2018-01-12 09:50:00,1486.0,1486.0,1486.0,1486.0,0.0,0.0,12.0
2018-01-12 09:55:00,1486.0,1486.0,1486.0,1486.0,0.0,0.0,12.0
2018-01-12 10:00:00,1486.0,1486.0,1486.0,1486.0,0.0,0.0,12.0
2018-01-12 10:05:00,1486.0,1486.0,1486.0,1486.0,0.0,0.0,12.0
2018-01-12 10:10:00,1486.0,1486.0,1486.0,1486.0,0.0,0.0,12.0
2018-01-12 10:30:00,1486.0,1486.0,1486.0,1486.0,0.0,0.0,12.0
2018-01-12 10:35:00,1486.0,1486.0,1486.0,1486.0,0.0,0.0,12.0
2018-01-12 10:40:00,1486.0,1486.0,1486.0,1486.0,0.0,0.0,12.0
2018-01-12 10:45:00,1486.0,1486.0,1486.0,1486.0,0.0,0.0,12.0
2018-01-12 10:50:00,1486.0,1486.0,1486.0,1486.0,0.0,0.0,12.0
2018-01-12 10:55:00,1486.0,1486.0,1486.0,1486.0,0.0,0.0,12.0
2018-01-12 11:00:00,1486.0,1486.0,1486.0,1486.0,0.0,0.0,12.0
2018-01-12 11:05:00,1486.0,1486.0,1486.0,1486.0,0.0,0.0,12.0
2018-01-12 11:10:00,1486.0,1486.0,1486.0,1486.0,0.0,0.0,12.0
2018-01-12 11:15:00,1486.0,1486.0,1486.0,1486.0,0.0,0.0,12.0
2018-01-12 11:20:00,1486.0,1486.0,1486.0,1486.0,0.0,0.0,12.0
2018-01-12 11:25:00,1486.0,1486.0,1486.0,1486.0,0.0,0.0,12.0
2018-01-12 13:30:00,1486.0,1486.0,1486.0,1486.0,0.0,0.0,12.0
2018-01-12 13:35:00,1486.0,1486.0,1486.0,1486.0,0.0,0.0,12.0
2018-01-12 13:40:00,1486.0,1486.0,1486.0,1486.0,0.0,0.0,12.0
2018-01-12 13:45:00,1486.0,1486.0,1486.0,1486.0,0.0,0.0,12.0
2018-01-12 13:50:00,1486.0,1486.0,1486.0,1486.0,0.0,0.0,12.0
2018-01-12 13:55:00,1486.0,1486.0,1486.0,1486.0,0.0,0.0,12.0
2018-01-12 14:00:00,1486.0,1486.0,1486.0,1486.0,0.0,0.0,12.0
2018-01-12 14:05:00,1486.0,1486.0,1486.0,1486.0,0.0,0.0,12.0
2018-01-12 14:10:00,1486.0,1486.0,1486.0,1486.0,0.0,0.0,12.0
2018-01-12 14:15:00,1486.0,1486.0,1486.0,1486.0,0.0,0.0,12.0
2018-01-12 14:20:00,1486.0,1486.0,1486.0,1486.0,0.0,0.0,12.0
2018-01-12 14:25:00,1486.0,1486.0,1486.0,1486.0,0.0,0.0,12.0
2018-01-12 14:30:00,1486.0,1486.0,1486.0,1486.0,0.0,0.0,12.0
2018-01-12 14:35:00,1486.0,1486.0,1486.0,1486.0,0.0,0.0,12.0
2018-01-12 14:40:00,1486.0,1486.0,1486.0,1486.0,0.0,0.0,12.0
2018-01-12 14:45:00,1486.0,1486.0,1486.0,1486.0,0.0,0.0,12.0
2018-01-12 14:50:00,1486.0,1486.0,1486.0,1486.0,0.0,0.0,12.0
2018-01-12 14:55:00,1486.0,1486.0,1486.0,1486.0,0.0,0.0,12.0
2018-01-12 21:00:00,1489.0,1489.0,1489.0,1489.0,0.0,0.0,12.0
2018-01-12 21:05:00,1489.0,1489.0,1489.0,1489.0,0.0,0.0,12.0
2018-01-12 21:10:00,1489.0,1489.0,1489.0,1489.0,0.0,0.0,12.0
2018-01-12 21:15:00,1489.0,1489.0,1489.0,1489.0,0.0,0.0,12.0
2018-01-12 21:20:00,1489.0,1489.0,1489.0,1489.0,0.0,0.0,12.0
2018-01-12 21:25:00,1489.0,1489.0,1489.0,1489.0,0.0,0.0,12.0
2018-01-12 21:30:00,1489.0,1489.0,1489.0,1489.0,0.0,0.0,12.0
2018-01-12 21:35:00,1489.0,1489.0,1489.0,1489.0,0.0,0.0,12.0
2018-01-12 21:40:00,1489.0,1489.0,1489.0,1489.0,0.0,0.0,12.0
2018-01-12 21:45:00,1489.0,1489.0,1489.0,1489.0,0.0,0.0,12.0
2018-01-12 21:50:00,1489.0,1489.0,1489.0,1489.0,0.0,0.0,12.0
2018-01-12 21:55:00,1489.0,1489.0,1489.0,1489.0,0.0,0.0,12.0
2018-01-12 22:00:00,1489.0,1489.0,1489.0,1489.0,0.0,0.0,12.0
2018-01-12 22:05:00,1489.0,1489.0,1489.0,1489.0,0.0,0.0,12.0
2018-01-12 22:10:00,1489.0,1489.0,1489.0,1489.0,0.0,0.0,12.0
2018-01-12 22:15:00,1489.0,1489.0,1489.0,1489.0,0.0,0.0,12.0
2018-01-12 22:20:00,1489.0,1489.0,1489.0,1489.0,0.0,0.0,12.0
2018-01-12 22:25:00,1489.0,1489.0,1489.0,1489.0,0.0,0.0,12.0
2018-01-12 22:30:00,1489.0,1489.0,1489.0,1489.0,0.0,0.0,12.0
2018-01-12 22:35:00,1489.0,1489.0,1489.0,1489.0,0.0,0.0,12.0
2018-01-12 22:40:00,1489.0,1489.0,1489.0,1489.0,0.0,0.0,12.0
2018-01-12 22:45:00,1489.0,1489.0,1489.0,1489.0,0.0,0.0,12.0
2018-01-12 22:50:00,1489.0,1489.0,1489.0,1489.0,0.0,0.0,12.0
2018-01-12 22:55:00,1489.0,1489.0,1489.0,1489.0,0.0,0.0,12.0
2018-01-12 23:00:00,1489.0,1489.0,1489.0,1489.0,0.0,0.0,12.0
2018-01-12 23:05:00,1489.0,1489.0,1489.0,1489.0,0.0,0.0,12.0
2018-01-12 23:10:00,1489.0,1489.0,1489.0,1489.0,0.0,0.0,12.0
2018-01-12 23:15:00,1489.0,1489.0,1489.0,1489.0,0.0,0.0,12.0
2018-01-12 23:20:00,1489.0,1489.0,1489.0,1489.0,0.0,0.0,12.0
2018-01-12 23:25:00,1489.0,1489.0,1489.0,1489.0,0.0,0.0,12.0
2018-01-15 09:00:00,1489.0,1489.0,1489.0,1489.0,0.0,0.0,12.0
2018-01-15 09:05:00,1489.0,1489.0,1489.0,1489.0,0.0,0.0,12.0
2018-01-15 09:10:00,1489.0,1489.0,1489.0,1489.0,0.0,0.0,12.0
2018-01-15 09:15:00,1489.0,1489.0,1489.0,1489.0,0.0,0.0,12.0
2018-01-15 09:20:00,1489.0,1489.0,1489.0,1489.0,0.0,0.0,12.0
2018-01-15 09:25:00,1489.0,1489.0,1489.0,1489.0,0.0,0.0,12.0
2018-01-15 09:30:00,1489.0,1489.0,1489.0,1489.0,0.0,0.0,12.0
2018-01-15 09:35:00,1489.0,1489.0,1489.0,1489.0,0.0,0.0,12.0
2018-01-15 09:40:00,1489.0,1489.0,1489.0,1489.0,0.0,0.0,12.0
2018-01-15 09:45:00,1489.0,1489.0,1489.0,1489.0,0.0,0.0,12.0
2018-01-15 09:50:00,1489.0,1489.0,1489.0,1489.0,0.0,0.0,12.0
2018-01-15 09:55:00,1489.0,1489.0,1489.0,1489.0,0.0,0.0,12.0
2018-01-15 10:00:00,1489.0,1489.0,1489.0,1489.0,0.0,0.0,12.0
2018-01-15 10:05:00,1489.0,1489.0,1489.0,1489.0,0.0,0.0,12.0
2018-01-15 10:10:00,1489.0,1489.0,1489.0,1489.0,0.0,0.0,12.0
2018-01-15 10:30:00,1489.0,1489.0,1489.0,1489.0,0.0,0.0,12.0
2018-01-15 10:35:00,1489.0,1489.0,1489.0,1489.0,0.0,0.0,12.0
2018-01-15 10:40:00,1489.0,1489.0,1489.0,1489.0,0.0,0.0,12.0
2018-01-15 10:45:00,1489.0,1489.0,1489.0,1489.0,0.0,0.0,12.0
2018-01-15 10:50:00,1489.0,1489.0,1489.0,1489.0,0.0,0.0,12.0
2018-01-15 10:55:00,1489.0,1489.0,1489.0,1489.0,0.0,0.0,12.0
2018-01-15 11:00:00,1489.0,1489.0,1489.0,1489.0,0.0,0.0,12.0
2018-01-15 11:05:00,1489.0,1489.0,1489.0,1489.0,0.0,0.0,12.0
2018-01-15 11:10:00,1489.0,1489.0,1489.0,1489.0,0.0,0.0,12.0
2018-01-15 11:15:00,1489.0,1489.0,1489.0,1489.0,0.0,0.0,12.0
2018-01-15 11:20:00,1489.0,1489.0,1489.0,1489.0,0.0,0.0,12.0
2018-01-15 11:25:00,1489.0,1489.0,1489.0,1489.0,0.0,0.0,12.0
2018-01-15 13:30:00,1489.0,1489.0,1489.0,1489.0,0.0,0.0,12.0
2018-01-15 13:35:00,1489.0,1489.0,1489.0,1489.0,0.0,0.0,12.0
2018-01-15 13:40:00,1489.0,1489.0,1489.0,1489.0,0.0,0.0,12.0
2018-01-15 13:45:00,1489.0,1489.0,1489.0,1489.0,0.0,0.0,12.0
2018-01-15 13:50:00,1489.0,1489.0,1489.0,1489.0,0.0,0.0,12.0
2018-01-15 13:55:00,1489.0,1489.0,1489.0,1489.0,0.0,0.0,12.0
2018-01-15 14:00:00,1489.0,1489.0,1489.0,1489.0,0.0,0.0,12.0
2018-01-15 14:05:00,1489.0,1489.0,1489.0,1489.0,0.0,0.0,12.0
2018-01-15 14:10:00,1489.0,1489.0,1489.0,1489.0,0.0,0.0,12.0
2018-01-15 14:15:00,1489.0,1489.0,1489.0,1489.0,0.0,0.0,12.0
2018-01-15 14:20:00,1489.0,1489.0,1489.0,1489.0,0.0,0.0,12.0
2018-01-15 14:25:00,1489.0,1489.0,1489.0,1489.0,0.0,0.0,12.0
2018-01-15 14:30:00,1489.0,1489.0,1489.0,1489.0,0.0,0.0,12.0
2018-01-15 14:35:00,1489.0,1489.0,1489.0,1489.0,0.0,0.0,12.0
2018-01-15 14:40:00,1489.0,1489.0,1489.0,1489.0,0.0,0.0,12.0
2018-01-15 14:45:00,1489.0,1489.0,1489.0,1489.0,0.0,0.0,12.0
2018-01-15 14:50:00,1489.0,1489.0,1489.0,1489.0,0.0,0.0,12.0
2018-01-15 14:55:00,1489.0,1489.0,1489.0,1489.0,0.0,0.0,12.0
2018-01-15 21:00:00,1489.0,1489.0,1489.0,1489.0,0.0,0.0,12.0
2018-01-15 21:05:00,1489.0,1489.0,1489.0,1489.0,0.0,0.0,12.0
2018-01-15 21:10:00,1489.0,1489.0,1489.0,1489.0,0.0,0.0,12.0
2018-01-15 21:15:00,1489.0,1489.0,1489.0,1489.0,0.0,0.0,12.0
2018-01-15 21:20:00,1489.0,1489.0,1489.0,1489.0,0.0,0.0,12.0
2018-01-15 21:25:00,1489.0,1489.0,1489.0,1489.0,0.0,0.0,12.0
2018-01-15 21:30:00,1489.0,1489.0,1489.0,1489.0,0.0,0.0,12.0
2018-01-15 21:35:00,1489.0,1489.0,1489.0,1489.0,0.0,0.0,12.0
2018-01-15 21:40:00,1489.0,1489.0,1489.0,1489.0,0.0,0.0,12.0
2018-01-15 21:45:00,1489.0,1489.0,1489.0,1489.0,0.0,0.0,12.0
2018-01-15 21:50:00,1489.0,1489.0,1489.0,1489.0,0.0,0.0,12.0
2018-01-15 21:55:00,1489.0,1489.0,1489.0,1489.0,0.0,0.0,12.0
2018-01-15 22:00:00,1489.0,1489.0,1489.0,1489.0,0.0,0.0,12.0
2018-01-15 22:05:00,1489.0,1489.0,1489.0,1489.0,0.0,0.0,12.0
2018-01-15 22:10:00,1489.0,1489.0,1489.0,1489.0,0.0,0.0,12.0
2018-01-15 22:15:00,1489.0,1489.0,1489.0,1489.0,0.0,0.0,12.0
2018-01-15 22:20:00,1489.0,1489.0,1489.0,1489.0,0.0,0.0,12.0
2018-01-15 22:25:00,1489.0,1489.0,1489.0,1489.0,0.0,0.0,12.0
2018-01-15 22:30:00,1489.0,1489.0,1489.0,1489.0,0.0,0.0,12.0
2018-01-15 22:35:00,1489.0,1489.0,1489.0,1489.0,0.0,0.0,12.0
2018-01-15 22:40:00,1489.0,1489.0,1489.0,1489.0,0.0,0.0,12.0
2018-01-15 22:45:00,1489.0,1489.0,1489.0,1489.0,0.0,0.0,12.0
2018-01-15 22:50:00,1489.0,1489.0,1489.0,1489.0,0.0,0.0,12.0
2018-01-15 22:55:00,1489.0,1489.0,1489.0,1489.0,0.0,0.0,12.0
2018-01-15 23:00:00,1489.0,1489.0,1489.0,1489.0,0.0,0.0,12.0
2018-01-15 23:05:00,1489.0,1489.0,1489.0,1489.0,0.0,0.0,12.0
2018-01-15 23:10:00,1489.0,1489.0,1489.0,1489.0,0.0,0.0,12.0
2018-01-15 23:15:00,1489.0,1489.0,1489.0,1489.0,0.0,0.0,12.0
2018-01-15 23:20:00,1489.0,1489.0,1489.0,1489.0,0.0,0.0,12.0
2018-01-15 23:25:00,1489.0,1489.0,1489.0,1489.0,0.0,0.0,12.0
2018-01-16 09:00:00,1489.0,1489.0,1489.0,1489.0,0.0,0.0,12.0
2018-01-16 09:05:00,1489.0,1489.0,1489.0,1489.0,0.0,0.0,12.0
2018-01-16 09:10:00,1489.0,1489.0,1489.0,1489.0,0.0,0.0,12.0
2018-01-16 09:15:00,1489.0,1489.0,1489.0,1489.0,0.0,0.0,12.0
2018-01-16 09:20:00,1489.0,1489.0,1489.0,1489.0,0.0,0.0,12.0
2018-01-16 09:25:00,1489.0,1489.0,1489.0,1489.0,0.0,0.0,12.0
2018-01-16 09:30:00,1489.0,1489.0,1489.0,1489.0,0.0,0.0,12.0
2018-01-16 09:35:00,1489.0,1489.0,1489.0,1489.0,0.0,0.0,12.0
2018-01-16 09:40:00,1489.0,1489.0,1489.0,1489.0,0.0,0.0,12.0
2018-01-16 09:45:00,1489.0,1489.0,1489.0,1489.0,0.0,0.0,12.0
2018-01-16 09:50:00,1489.0,1489.0,1489.0,1489.0,0.0,0.0,12.0
2018-01-16 09:55:00,1489.0,1489.0,1489.0,1489.0,0.0,0.0,12.0
2018-01-16 10:00:00,1489.0,1489.0,1489.0,1489.0,0.0,0.0,12.0
2018-01-16 10:05:00,1489.0,1489.0,1489.0,1489.0,0.0,0.0,12.0
2018-01-16 10:10:00,1489.0,1489.0,1489.0,1489.0,0.0,0.0,12.0
2018-01-16 10:30:00,1489.0,1489.0,1489.0,1489.0,0.0,0.0,12.0
2018-01-16 10:35:00,1489.0,1489.0,1489.0,1489.0,0.0,0.0,12.0
2018-01-16 10:40:00,1489.0,1489.0,1489.0,1489.0,0.0,0.0,12.0
2018-01-16 10:45:00,1489.0,1489.0,1489.0,1489.0,0.0,0.0,12.0
2018-01-16 10:50:00,1489.0,1489.0,1489.0,1489.0,0.0,0.0,12.0
2018-01-16 10:55:00,1489.0,1489.0,1489.0,1489.0,0.0,0.0,12.0
2018-01-16 11:00:00,1489.0,1489.0,1489.0,1489.0,0.0,0.0,12.0
2018-01-16 11:05:00,1489.0,1489.0,1489.0,1489.0,0.0,0.0,12.0
2018-01-16 11:10:00,1489.0,1489.0,1489.0,1489.0,0.0,0.0,12.0
2018-01-16 11:15:00,1489.0,1489.0,1489.0,1489.0,0.0,0.0,12.0
2018-01-16 11:20:00,1489.0,1489.0,1489.0,1489.0,0.0,0.0,12.0
2018-01-16 11:25:00,1489.0,1489.0,1480.0,1480.0,2.0,59200.0,14.0
2018-01-16 13:30:00,1480.0,1480.0,1480.0,1480.0,0.0,0.0,14.0
2018-01-16 13:35:00,1480.0,1480.0,1480.0,1480.0,0.0,0.0,14.0
2018-01-16 13:40:00,1480.0,1480.0,1480.0,1480.0,0.0,0.0,14.0
2018-01-16 13:45:00,1480.0,1480.0,1480.0,1480.0,0.0,0.0,14.0
2018-01-16 13:50:00,1480.0,1480.0,1479.0,1479.0,4.0,118280.0,16.0
2018-01-16 13:55:00,1479.0,1479.0,1479.0,1479.0,0.0,0.0,16.0
2018-01-16 14:00:00,1479.0,1479.0,1479.0,1479.0,0.0,0.0,16.0
2018-01-16 14:05:00,1479.0,1479.0,1479.0,1479.0,0.0,0.0,16.0
2018-01-16 14:10:00,1479.0,1479.0,1479.0,1479.0,0.0,0.0,16.0
2018-01-16 14:15:00,1479.0,1479.0,1479.0,1479.0,0.0,0.0,16.0
2018-01-16 14:20:00,1479.0,1479.0,1479.0,1479.0,0.0,0.0,16.0
2018-01-16 14:25:00,1479.0,1479.0,1479.0,1479.0,0.0,0.0,16.0
2018-01-16 14:30:00,1479.0,1479.0,1479.0,1479.0,0.0,0.0,16.0
2018-01-16 14:35:00,1479.0,1479.0,1479.0,1479.0,0.0,0.0,16.0
2018-01-16 14:40:00,1479.0,1479.0,1479.0,1479.0,0.0,0.0,16.0
2018-01-16 14:45:00,1479.0,1479.0,1479.0,1479.0,0.0,0.0,16.0
2018-01-16 14:50:00,1479.0,1479.0,1479.0,1479.0,0.0,0.0,16.0
2018-01-16 14:55:00,1479.0,1479.0,1479.0,1479.0,0.0,0.0,16.0
2018-01-16 21:00:00,1479.0,1479.0,1479.0,1479.0,0.0,0.0,16.0
2018-01-16 21:05:00,1479.0,1479.0,1479.0,1479.0,0.0,0.0,16.0
2018-01-16 21:10:00,1479.0,1479.0,1479.0,1479.0,0.0,0.0,16.0
2018-01-16 21:15:00,1479.0,1479.0,1479.0,1479.0,0.0,0.0,16.0
2018-01-16 21:20:00,1479.0,1479.0,1479.0,1479.0,0.0,0.0,16.0
2018-01-16 21:25:00,1479.0,1479.0,1479.0,1479.0,0.0,0.0,16.0
2018-01-16 21:30:00,1479.0,1479.0,1479.0,1479.0,0.0,0.0,16.0
2018-01-16 21:35:00,1479.0,1479.0,1479.0,1479.0,0.0,0.0,16.0
2018-01-16 21:40:00,1479.0,1479.0,1479.0,1479.0,0.0,0.0,16.0
2018-01-16 21:45:00,1479.0,1479.0,1479.0,1479.0,0.0,0.0,16.0
2018-01-16 21:50:00,1479.0,1479.0,1479.0,1479.0,0.0,0.0,16.0
2018-01-16 21:55:00,1479.0,1479.0,1479.0,1479.0,0.0,0.0,16.0
2018-01-16 22:00:00,1479.0,1479.0,1479.0,1479.0,0.0,0.0,16.0
2018-01-16 22:05:00,1479.0,1479.0,1479.0,1479.0,0.0,0.0,16.0
2018-01-16 22:10:00,1479.0,1479.0,1479.0,1479.0,0.0,0.0,16.0
2018-01-16 22:15:00,1479.0,1479.0,1479.0,1479.0,0.0,0.0,16.0
2018-01-16 22:20:00,1479.0,1479.0,1479.0,1479.0,0.0,0.0,16.0
2018-01-16 22:25:00,1479.0,1479.0,1479.0,1479.0,0.0,0.0,16.0
2018-01-16 22:30:00,1479.0,1479.0,1479.0,1479.0,0.0,0.0,16.0
2018-01-16 22:35:00,1479.0,1479.0,1479.0,1479.0,0.0,0.0,16.0
2018-01-16 22:40:00,1479.0,1479.0,1479.0,1479.0,0.0,0.0,16.0
2018-01-16 22:45:00,1479.0,1479.0,1479.0,1479.0,0.0,0.0,16.0
2018-01-16 22:50:00,1479.0,1479.0,1479.0,1479.0,0.0,0.0,16.0
2018-01-16 22:55:00,1479.0,1479.0,1479.0,1479.0,0.0,0.0,16.0
2018-01-16 23:00:00,1479.0,1479.0,1479.0,1479.0,0.0,0.0,16.0
2018-01-16 23:05:00,1479.0,1479.0,1479.0,1479.0,0.0,0.0,16.0
2018-01-16 23:10:00,1479.0,1479.0,1479.0,1479.0,0.0,0.0,16.0
2018-01-16 23:15:00,1479.0,1479.0,1479.0,1479.0,0.0,0.0,16.0
2018-01-16 23:20:00,1479.0,1479.0,1479.0,1479.0,0.0,0.0,16.0
2018-01-16 23:25:00,1479.0,1479.0,1479.0,1479.0,0.0,0.0,16.0
2018-01-17 09:00:00,1479.0,1479.0,1479.0,1479.0,0.0,0.0,16.0
2018-01-17 09:05:00,1479.0,1479.0,1479.0,1479.0,0.0,0.0,16.0
2018-01-17 09:10:00,1479.0,1479.0,1479.0,1479.0,0.0,0.0,16.0
2018-01-17 09:15:00,1479.0,1479.0,1479.0,1479.0,0.0,0.0,16.0
2018-01-17 09:20:00,1479.0,1479.0,1479.0,1479.0,0.0,0.0,16.0
2018-01-17 09:25:00,1479.0,1479.0,1479.0,1479.0,0.0,0.0,16.0
2018-01-17 09:30:00,1479.0,1479.0,1479.0,1479.0,0.0,0.0,16.0
2018-01-17 09:35:00,1479.0,1479.0,1479.0,1479.0,0.0,0.0,16.0
2018-01-17 09:40:00,1479.0,1479.0,1479.0,1479.0,0.0,0.0,16.0
2018-01-17 09:45:00,1479.0,1479.0,1479.0,1479.0,0.0,0.0,16.0
2018-01-17 09:50:00,1479.0,1479.0,1479.0,1479.0,0.0,0.0,16.0
2018-01-17 09:55:00,1479.0,1479.0,1479.0,1479.0,0.0,0.0,16.0
2018-01-17 10:00:00,1479.0,1479.0,1479.0,1479.0,0.0,0.0,16.0
2018-01-17 10:05:00,1479.0,1479.0,1479.0,1479.0,0.0,0.0,16.0
2018-01-17 10:10:00,1479.0,1479.0,1479.0,1479.0,0.0,0.0,16.0
2018-01-17 10:30:00,1479.0,1479.0,1479.0,1479.0,0.0,0.0,16.0
2018-01-17 10:35:00,1479.0,1479.0,1479.0,1479.0,0.0,0.0,16.0
2018-01-17 10:40:00,1479.0,1479.0,1479.0,1479.0,0.0,0.0,16.0
2018-01-17 10:45:00,1479.0,1479.0,1479.0,1479.0,0.0,0.0,16.0
2018-01-17 10:50:00,1479.0,1479.0,1479.0,1479.0,0.0,0.0,16.0
2018-01-17 10:55:00,1479.0,1479.0,1479.0,1479.0,0.0,0.0,16.0
2018-01-17 11:00:00,1479.0,1479.0,1479.0,1479.0,0.0,0.0,16.0
2018-01-17 11:05:00,1479.0,1479.0,1479.0,1479.0,0.0,0.0,16.0
2018-01-17 11:10:00,1479.0,1479.0,1479.0,1479.0,0.0,0.0,16.0
2018-01-17 11:15:00,1479.0,1479.0,1479.0,1479.0,0.0,0.0,16.0
2018-01-17 11:20:00,1479.0,1479.0,1479.0,1479.0,0.0,0.0,16.0
2018-01-17 11:25:00,1479.0,1479.0,1479.0,1479.0,0.0,0.0,16.0
2018-01-17 13:30:00,1479.0,1479.0,1479.0,1479.0,0.0,0.0,16.0
2018-01-17 13:35:00,1479.0,1479.0,1479.0,1479.0,0.0,0.0,16.0
2018-01-17 13:40:00,1479.0,1479.0,1479.0,1479.0,0.0,0.0,16.0
2018-01-17 13:45:00,1479.0,1479.0,1479.0,1479.0,0.0,0.0,16.0
2018-01-17 13:50:00,1479.0,1479.0,1479.0,1479.0,0.0,0.0,16.0
2018-01-17 13:55:00,1479.0,1479.0,1479.0,1479.0,0.0,0.0,16.0
2018-01-17 14:00:00,1479.0,1479.0,1479.0,1479.0,0.0,0.0,16.0
2018-01-17 14:05:00,1479.0,1479.0,1479.0,1479.0,0.0,0.0,16.0
2018-01-17 14:10:00,1479.0,1479.0,1479.0,1479.0,0.0,0.0,16.0
2018-01-17 14:15:00,1479.0,1479.0,1479.0,1479.0,0.0,0.0,16.0
2018-01-17 14:20:00,1479.0,1479.0,1479.0,1479.0,0.0,0.0,16.0
2018-01-17 14:25:00,1479.0,1479.0,1479.0,1479.0,0.0,0.0,16.0
2018-01-17 14:30:00,1479.0,1479.0,1479.0,1479.0,0.0,0.0,16.0
2018-01-17 14:35:00,1479.0,1479.0,1479.0,1479.0,0.0,0.0,16.0
2018-01-17 14:40:00,1479.0,1479.0,1479.0,1479.0,0.0,0.0,16.0
2018-01-17 14:45:00,1479.0,1479.0,1479.0,1479.0,0.0,0.0,16.0
2018-01-17 14:50:00,1479.0,1479.0,1479.0,1479.0,0.0,0.0,16.0
2018-01-17 14:55:00,1479.0,1479.0,1479.0,1479.0,0.0,0.0,16.0
2018-01-17 21:00:00,1479.0,1479.0,1479.0,1479.0,0.0,0.0,16.0
2018-01-17 21:05:00,1479.0,1479.0,1479.0,1479.0,0.0,0.0,16.0
2018-01-17 21:10:00,1479.0,1479.0,1479.0,1479.0,0.0,0.0,16.0
2018-01-17 21:15:00,1479.0,1479.0,1479.0,1479.0,0.0,0.0,16.0
2018-01-17 21:20:00,1479.0,1479.0,1479.0,1479.0,0.0,0.0,16.0
2018-01-17 21:25:00,1479.0,1479.0,1479.0,1479.0,0.0,0.0,16.0
2018-01-17 21:30:00,1479.0,1479.0,1479.0,1479.0,0.0,0.0,16.0
2018-01-17 21:35:00,1479.0,1479.0,1479.0,1479.0,0.0,0.0,16.0
2018-01-17 21:40:00,1479.0,1479.0,1479.0,1479.0,0.0,0.0,16.0
2018-01-17 21:45:00,1479.0,1479.0,1479.0,1479.0,0.0,0.0,16.0
2018-01-17 21:50:00,1479.0,1479.0,1479.0,1479.0,0.0,0.0,16.0
2018-01-17 21:55:00,1479.0,1479.0,1479.0,1479.0,0.0,0.0,16.0
2018-01-17 22:00:00,1479.0,1479.0,1479.0,1479.0,0.0,0.0,16.0
2018-01-17 22:05:00,1479.0,1479.0,1479.0,1479.0,0.0,0.0,16.0
2018-01-17 22:10:00,1479.0,1479.0,1479.0,1479.0,0.0,0.0,16.0
2018-01-17 22:15:00,1479.0,1479.0,1479.0,1479.0,0.0,0.0,16.0
2018-01-17 22:20:00,1479.0,1479.0,1479.0,1479.0,0.0,0.0,16.0
2018-01-17 22:25:00,1479.0,1479.0,1479.0,1479.0,0.0,0.0,16.0
2018-01-17 22:30:00,1479.0,1479.0,1479.0,1479.0,0.0,0.0,16.0
2018-01-17 22:35:00,1479.0,1479.0,1479.0,1479.0,0.0,0.0,16.0
2018-01-17 22:40:00,1479.0,1479.0,1479.0,1479.0,0.0,0.0,16.0
2018-01-17 22:45:00,1479.0,1479.0,1479.0,1479.0,0.0,0.0,16.0
2018-01-17 22:50:00,1479.0,1479.0,1479.0,1479.0,0.0,0.0,16.0
2018-01-17 22:55:00,1479.0,1479.0,1479.0,1479.0,0.0,0.0,16.0
2018-01-17 23:00:00,1479.0,1479.0,1479.0,1479.0,0.0,0.0,16.0
2018-01-17 23:05:00,1479.0,1479.0,1479.0,1479.0,0.0,0.0,16.0
2018-01-17 23:10:00,1479.0,1479.0,1479.0,1479.0,0.0,0.0,16.0
2018-01-17 23:15:00,1479.0,1479.0,1479.0,1479.0,0.0,0.0,16.0
2018-01-17 23:20:00,1479.0,1479.0,1479.0,1479.0,0.0,0.0,16.0
2018-01-17 23:25:00,1479.0,1479.0,1479.0,1479.0,0.0,0.0,16.0
2018-01-18 09:00:00,1479.0,1479.0,1479.0,1479.0,0.0,0.0,16.0
2018-01-18 09:05:00,1479.0,1479.0,1479.0,1479.0,0.0,0.0,16.0
2018-01-18 09:10:00,1479.0,1479.0,1479.0,1479.0,0.0,0.0,16.0
2018-01-18 09:15:00,1479.0,1479.0,1479.0,1479.0,0.0,0.0,16.0
2018-01-18 09:20:00,1479.0,1479.0,1479.0,1479.0,0.0,0.0,16.0
2018-01-18 09:25:00,1479.0,1479.0,1479.0,1479.0,0.0,0.0,16.0
2018-01-18 09:30:00,1479.0,1479.0,1479.0,1479.0,0.0,0.0,16.0
2018-01-18 09:35:00,1479.0,1479.0,1479.0,1479.0,0.0,0.0,16.0
2018-01-18 09:40:00,1479.0,1479.0,1479.0,1479.0,0.0,0.0,16.0
2018-01-18 09:45:00,1479.0,1479.0,1479.0,1479.0,0.0,0.0,16.0
2018-01-18 09:50:00,1479.0,1479.0,1479.0,1479.0,0.0,0.0,16.0
2018-01-18 09:55:00,1479.0,1479.0,1479.0,1479.0,0.0,0.0,16.0
2018-01-18 10:00:00,1479.0,1479.0,1479.0,1479.0,0.0,0.0,16.0
2018-01-18 10:05:00,1479.0,1479.0,1479.0,1479.0,0.0,0.0,16.0
2018-01-18 10:10:00,1479.0,1479.0,1479.0,1479.0,0.0,0.0,16.0
2018-01-18 10:30:00,1479.0,1479.0,1479.0,1479.0,0.0,0.0,16.0
2018-01-18 10:35:00,1479.0,1479.0,1479.0,1479.0,0.0,0.0,16.0
2018-01-18 10:40:00,1479.0,1479.0,1479.0,1479.0,0.0,0.0,16.0
2018-01-18 10:45:00,1479.0,1479.0,1479.0,1479.0,0.0,0.0,16.0
2018-01-18 10:50:00,1479.0,1479.0,1479.0,1479.0,0.0,0.0,16.0
2018-01-18 10:55:00,1479.0,1479.0,1479.0,1479.0,0.0,0.0,16.0
2018-01-18 11:00:00,1479.0,1479.0,1479.0,1479.0,0.0,0.0,16.0
2018-01-18 11:05:00,1479.0,1479.0,1479.0,1479.0,0.0,0.0,16.0
2018-01-18 11:10:00,1479.0,1479.0,1479.0,1479.0,0.0,0.0,16.0
2018-01-18 11:15:00,1479.0,1479.0,1479.0,1479.0,0.0,0.0,16.0
2018-01-18 11:20:00,1479.0,1479.0,1479.0,1479.0,0.0,0.0,16.0
2018-01-18 11:25:00,1479.0,1479.0,1479.0,1479.0,0.0,0.0,16.0
2018-01-18 13:30:00,1479.0,1479.0,1479.0,1479.0,0.0,0.0,16.0
2018-01-18 13:35:00,1479.0,1479.0,1479.0,1479.0,0.0,0.0,16.0
2018-01-18 13:40:00,1479.0,1495.0,1479.0,1495.0,2.0,59800.0,14.0
2018-01-18 13:45:00,1495.0,1495.0,1495.0,1495.0,0.0,0.0,14.0
2018-01-18 13:50:00,1495.0,1495.0,1495.0,1495.0,0.0,0.0,14.0
2018-01-18 13:55:00,1495.0,1495.0,1495.0,1495.0,0.0,0.0,14.0
2018-01-18 14:00:00,1495.0,1495.0,1495.0,1495.0,0.0,0.0,14.0
2018-01-18 14:05:00,1495.0,1495.0,1495.0,1495.0,0.0,0.0,14.0
2018-01-18 14:10:00,1495.0,1495.0,1495.0,1495.0,0.0,0.0,14.0
2018-01-18 14:15:00,1495.0,1495.0,1495.0,1495.0,0.0,0.0,14.0
2018-01-18 14:20:00,1495.0,1495.0,1495.0,1495.0,0.0,0.0,14.0
2018-01-18 14:25:00,1495.0,1495.0,1495.0,1495.0,0.0,0.0,14.0
2018-01-18 14:30:00,1495.0,1495.0,1495.0,1495.0,0.0,0.0,14.0
2018-01-18 14:35:00,1495.0,1495.0,1495.0,1495.0,0.0,0.0,14.0
2018-01-18 14:40:00,1495.0,1495.0,1495.0,1495.0,0.0,0.0,14.0
2018-01-18 14:45:00,1495.0,1495.0,1495.0,1495.0,0.0,0.0,14.0
2018-01-18 14:50:00,1495.0,1495.0,1495.0,1495.0,0.0,0.0,14.0
2018-01-18 14:55:00,1495.0,1495.0,1495.0,1495.0,0.0,0.0,14.0
2018-01-18 21:00:00,1495.0,1495.0,1495.0,1495.0,0.0,0.0,14.0
2018-01-18 21:05:00,1495.0,1495.0,1495.0,1495.0,0.0,0.0,14.0
2018-01-18 21:10:00,1495.0,1495.0,1495.0,1495.0,0.0,0.0,14.0
2018-01-18 21:15:00,1495.0,1495.0,1495.0,1495.0,0.0,0.0,14.0
2018-01-18 21:20:00,1495.0,1495.0,1495.0,1495.0,0.0,0.0,14.0
2018-01-18 21:25:00,1495.0,1495.0,1495.0,1495.0,0.0,0.0,14.0
2018-01-18 21:30:00,1495.0,1495.0,1495.0,1495.0,0.0,0.0,14.0
2018-01-18 21:35:00,1495.0,1495.0,1495.0,1495.0,0.0,0.0,14.0
2018-01-18 21:40:00,1495.0,1495.0,1495.0,1495.0,0.0,0.0,14.0
2018-01-18 21:45:00,1495.0,1495.0,1495.0,1495.0,0.0,0.0,14.0
2018-01-18 21:50:00,1495.0,1495.0,1495.0,1495.0,0.0,0.0,14.0
2018-01-18 21:55:00,1495.0,1495.0,1495.0,1495.0,0.0,0.0,14.0
2018-01-18 22:00:00,1495.0,1495.0,1495.0,1495.0,0.0,0.0,14.0
2018-01-18 22:05:00,1495.0,1495.0,1495.0,1495.0,0.0,0.0,14.0
2018-01-18 22:10:00,1495.0,1495.0,1495.0,1495.0,0.0,0.0,14.0
2018-01-18 22:15:00,1495.0,1495.0,1495.0,1495.0,0.0,0.0,14.0
2018-01-18 22:20:00,1495.0,1495.0,1495.0,1495.0,0.0,0.0,14.0
2018-01-18 22:25:00,1495.0,1495.0,1495.0,1495.0,0.0,0.0,14.0
2018-01-18 22:30:00,1495.0,1495.0,1495.0,1495.0,0.0,0.0,14.0
2018-01-18 22:35:00,1495.0,1495.0,1495.0,1495.0,0.0,0.0,14.0
2018-01-18 22:40:00,1495.0,1495.0,1495.0,1495.0,0.0,0.0,14.0
2018-01-18 22:45:00,1495.0,1495.0,1495.0,1495.0,0.0,0.0,14.0
2018-01-18 22:50:00,1495.0,1495.0,1495.0,1495.0,0.0,0.0,14.0
2018-01-18 22:55:00,1495.0,1495.0,1495.0,1495.0,0.0,0.0,14.0
2018-01-18 23:00:00,1495.0,1495.0,1495.0,1495.0,0.0,0.0,14.0
2018-01-18 23:05:00,1495.0,1495.0,1495.0,1495.0,0.0,0.0,14.0
2018-01-18 23:10:00,1495.0,1495.0,1495.0,1495.0,0.0,0.0,14.0
2018-01-18 23:15:00,1495.0,1495.0,1495.0,1495.0,0.0,0.0,14.0
2018-01-18 23:20:00,1495.0,1495.0,1495.0,1495.0,0.0,0.0,14.0
2018-01-18 23:25:00,1495.0,1495.0,1495.0,1495.0,0.0,0.0,14.0
2018-01-19 09:00:00,1495.0,1495.0,1495.0,1495.0,0.0,0.0,14.0
2018-01-19 09:05:00,1495.0,1495.0,1495.0,1495.0,0.0,0.0,14.0
2018-01-19 09:10:00,1495.0,1495.0,1495.0,1495.0,0.0,0.0,14.0
2018-01-19 09:15:00,1495.0,1495.0,1495.0,1495.0,0.0,0.0,14.0
2018-01-19 09:20:00,1495.0,1495.0,1495.0,1495.0,0.0,0.0,14.0
2018-01-19 09:25:00,1495.0,1495.0,1495.0,1495.0,0.0,0.0,14.0
2018-01-19 09:30:00,1495.0,1495.0,1495.0,1495.0,0.0,0.0,14.0
2018-01-19 09:35:00,1495.0,1495.0,1495.0,1495.0,0.0,0.0,14.0
2018-01-19 09:40:00,1495.0,1495.0,1495.0,1495.0,0.0,0.0,14.0
2018-01-19 09:45:00,1495.0,1495.0,1495.0,1495.0,0.0,0.0,14.0
2018-01-19 09:50:00,1495.0,1495.0,1495.0,1495.0,0.0,0.0,14.0
2018-01-19 09:55:00,1495.0,1495.0,1495.0,1495.0,0.0,0.0,14.0
2018-01-19 10:00:00,1495.0,1495.0,1495.0,1495.0,0.0,0.0,14.0
2018-01-19 10:05:00,1495.0,1495.0,1495.0,1495.0,0.0,0.0,14.0
2018-01-19 10:10:00,1495.0,1495.0,1495.0,1495.0,0.0,0.0,14.0
2018-01-19 10:30:00,1495.0,1495.0,1495.0,1495.0,0.0,0.0,14.0
2018-01-19 10:35:00,1495.0,1495.0,1495.0,1495.0,0.0,0.0,14.0
2018-01-19 10:40:00,1495.0,1495.0,1495.0,1495.0,0.0,0.0,14.0
2018-01-19 10:45:00,1495.0,1495.0,1495.0,1495.0,0.0,0.0,14.0
2018-01-19 10:50:00,1495.0,1495.0,1495.0,1495.0,0.0,0.0,14.0
2018-01-19 10:55:00,1495.0,1495.0,1495.0,1495.0,0.0,0.0,14.0
2018-01-19 11:00:00,1495.0,1495.0,1495.0,1495.0,0.0,0.0,14.0
2018-01-19 11:05:00,1495.0,1495.0,1495.0,1495.0,0.0,0.0,14.0
2018-01-19 11:10:00,1495.0,1495.0,1495.0,1495.0,0.0,0.0,14.0
2018-01-19 11:15:00,1495.0,1495.0,1495.0,1495.0,0.0,0.0,14.0
2018-01-19 11:20:00,1495.0,1495.0,1495.0,1495.0,0.0,0.0,14.0
2018-01-19 11:25:00,1495.0,1495.0,1495.0,1495.0,0.0,0.0,14.0
2018-01-19 13:30:00,1495.0,1495.0,1495.0,1495.0,0.0,0.0,14.0
2018-01-19 13:35:00,1495.0,1495.0,1495.0,1495.0,0.0,0.0,14.0
2018-01-19 13:40:00,1495.0,1495.0,1495.0,1495.0,0.0,0.0,14.0
2018-01-19 13:45:00,1495.0,1495.0,1495.0,1495.0,0.0,0.0,14.0
2018-01-19 13:50:00,1495.0,1495.0,1495.0,1495.0,0.0,0.0,14.0
2018-01-19 13:55:00,1495.0,1495.0,1495.0,1495.0,0.0,0.0,14.0
2018-01-19 14:00:00,1495.0,1495.0,1495.0,1495.0,0.0,0.0,14.0
2018-01-19 14:05:00,1495.0,1495.0,1495.0,1495.0,0.0,0.0,14.0
2018-01-19 14:10:00,1495.0,1495.0,1495.0,1495.0,0.0,0.0,14.0
2018-01-19 14:15:00,1495.0,1495.0,1495.0,1495.0,0.0,0.0,14.0
2018-01-19 14:20:00,1495.0,1495.0,1495.0,1495.0,0.0,0.0,14.0
2018-01-19 14:25:00,1495.0,1495.0,1495.0,1495.0,0.0,0.0,14.0
2018-01-19 14:30:00,1495.0,1495.0,1495.0,1495.0,0.0,0.0,14.0
2018-01-19 14:35:00,1495.0,1495.0,1495.0,1495.0,0.0,0.0,14.0
2018-01-19 14:40:00,1495.0,1495.0,1495.0,1495.0,0.0,0.0,14.0
2018-01-19 14:45:00,1495.0,1495.0,1495.0,1495.0,0.0,0.0,14.0
2018-01-19 14:50:00,1495.0,1495.0,1495.0,1495.0,0.0,0.0,14.0
2018-01-19 14:55:00,1495.0,1495.0,1495.0,1495.0,0.0,0.0,14.0
2018-01-19 21:00:00,1495.0,1495.0,1488.0,1489.0,6.0,178560.0,8.0
2018-01-19 21:05:00,1489.0,1489.0,1489.0,1489.0,0.0,0.0,8.0
2018-01-19 21:10:00,1489.0,1489.0,1489.0,1489.0,0.0,0.0,8.0
2018-01-19 21:15:00,1489.0,1489.0,1489.0,1489.0,0.0,0.0,8.0
2018-01-19 21:20:00,1489.0,1489.0,1489.0,1489.0,0.0,0.0,8.0
2018-01-19 21:25:00,1489.0,1489.0,1489.0,1489.0,0.0,0.0,8.0
2018-01-19 21:30:00,1489.0,1489.0,1489.0,1489.0,0.0,0.0,8.0
2018-01-19 21:35:00,1489.0,1489.0,1489.0,1489.0,0.0,0.0,8.0
2018-01-19 21:40:00,1489.0,1489.0,1489.0,1489.0,0.0,0.0,8.0
2018-01-19 21:45:00,1489.0,1489.0,1489.0,1489.0,0.0,0.0,8.0
2018-01-19 21:50:00,1489.0,1489.0,1489.0,1489.0,0.0,0.0,8.0
2018-01-19 21:55:00,1489.0,1489.0,1489.0,1489.0,0.0,0.0,8.0
2018-01-19 22:00:00,1489.0,1489.0,1489.0,1489.0,0.0,0.0,8.0
2018-01-19 22:05:00,1489.0,1489.0,1489.0,1489.0,0.0,0.0,8.0
2018-01-19 22:10:00,1489.0,1489.0,1489.0,1489.0,0.0,0.0,8.0
2018-01-19 22:15:00,1489.0,1489.0,1489.0,1489.0,0.0,0.0,8.0
2018-01-19 22:20:00,1489.0,1489.0,1489.0,1489.0,0.0,0.0,8.0
2018-01-19 22:25:00,1489.0,1489.0,1489.0,1489.0,0.0,0.0,8.0
2018-01-19 22:30:00,1489.0,1489.0,1489.0,1489.0,0.0,0.0,8.0
2018-01-19 22:35:00,1489.0,1489.0,1489.0,1489.0,0.0,0.0,8.0
2018-01-19 22:40:00,1489.0,1489.0,1489.0,1489.0,0.0,0.0,8.0
2018-01-19 22:45:00,1489.0,1489.0,1489.0,1489.0,0.0,0.0,8.0
2018-01-19 22:50:00,1489.0,1489.0,1489.0,1489.0,0.0,0.0,8.0
2018-01-19 22:55:00,1489.0,1489.0,1489.0,1489.0,0.0,0.0,8.0
2018-01-19 23:00:00,1489.0,1489.0,1489.0,1489.0,0.0,0.0,8.0
2018-01-19 23:05:00,1489.0,1489.0,1489.0,1489.0,0.0,0.0,8.0
2018-01-19 23:10:00,1489.0,1489.0,1489.0,1489.0,0.0,0.0,8.0
2018-01-19 23:15:00,1489.0,1489.0,1489.0,1489.0,0.0,0.0,8.0
2018-01-19 23:20:00,1489.0,1489.0,1489.0,1489.0,0.0,0.0,8.0
2018-01-19 23:25:00,1489.0,1489.0,1489.0,1489.0,0.0,0.0,8.0
2018-01-22 09:00:00,1489.0,1489.0,1489.0,1489.0,0.0,0.0,8.0
2018-01-22 09:05:00,1489.0,1489.0,1489.0,1489.0,0.0,0.0,8.0
2018-01-22 09:10:00,1489.0,1489.0,1489.0,1489.0,0.0,0.0,8.0
2018-01-22 09:15:00,1489.0,1489.0,1489.0,1489.0,0.0,0.0,8.0
2018-01-22 09:20:00,1489.0,1489.0,1489.0,1489.0,0.0,0.0,8.0
2018-01-22 09:25:00,1489.0,1489.0,1489.0,1489.0,0.0,0.0,8.0
2018-01-22 09:30:00,1489.0,1489.0,1489.0,1489.0,0.0,0.0,8.0
2018-01-22 09:35:00,1489.0,1489.0,1489.0,1489.0,0.0,0.0,8.0
2018-01-22 09:40:00,1489.0,1489.0,1489.0,1489.0,0.0,0.0,8.0
2018-01-22 09:45:00,1489.0,1489.0,1489.0,1489.0,0.0,0.0,8.0
2018-01-22 09:50:00,1489.0,1489.0,1489.0,1489.0,0.0,0.0,8.0
2018-01-22 09:55:00,1489.0,1489.0,1489.0,1489.0,0.0,0.0,8.0
2018-01-22 10:00:00,1489.0,1489.0,1489.0,1489.0,0.0,0.0,8.0
2018-01-22 10:05:00,1489.0,1489.0,1489.0,1489.0,0.0,0.0,8.0
2018-01-22 10:10:00,1489.0,1489.0,1489.0,1489.0,0.0,0.0,8.0
2018-01-22 10:30:00,1489.0,1489.0,1489.0,1489.0,0.0,0.0,8.0
2018-01-22 10:35:00,1489.0,1489.0,1489.0,1489.0,0.0,0.0,8.0
2018-01-22 10:40:00,1489.0,1489.0,1489.0,1489.0,0.0,0.0,8.0
2018-01-22 10:45:00,1489.0,1489.0,1489.0,1489.0,0.0,0.0,8.0
2018-01-22 10:50:00,1489.0,1489.0,1489.0,1489.0,0.0,0.0,8.0
2018-01-22 10:55:00,1489.0,1489.0,1489.0,1489.0,0.0,0.0,8.0
2018-01-22 11:00:00,1489.0,1489.0,1489.0,1489.0,0.0,0.0,8.0
2018-01-22 11:05:00,1489.0,1489.0,1489.0,1489.0,0.0,0.0,8.0
2018-01-22 11:10:00,1489.0,1489.0,1489.0,1489.0,0.0,0.0,8.0
2018-01-22 11:15:00,1489.0,1489.0,1489.0,1489.0,0.0,0.0,8.0
2018-01-22 11:20:00,1489.0,1489.0,1489.0,1489.0,0.0,0.0,8.0
2018-01-22 11:25:00,1489.0,1489.0,1489.0,1489.0,0.0,0.0,8.0
2018-01-22 13:30:00,1489.0,1489.0,1489.0,1489.0,0.0,0.0,8.0
2018-01-22 13:35:00,1489.0,1489.0,1489.0,1489.0,0.0,0.0,8.0
2018-01-22 13:40:00,1489.0,1489.0,1489.0,1489.0,0.0,0.0,8.0
2018-01-22 13:45:00,1489.0,1489.0,1489.0,1489.0,0.0,0.0,8.0
2018-01-22 13:50:00,1489.0,1489.0,1489.0,1489.0,0.0,0.0,8.0
2018-01-22 13:55:00,1489.0,1489.0,1489.0,1489.0,0.0,0.0,8.0
2018-01-22 14:00:00,1489.0,1489.0,1489.0,1489.0,0.0,0.0,8.0
2018-01-22 14:05:00,1489.0,1489.0,1489.0,1489.0,0.0,0.0,8.0
2018-01-22 14:10:00,1489.0,1489.0,1489.0,1489.0,0.0,0.0,8.0
2018-01-22 14:15:00,1489.0,1489.0,1489.0,1489.0,0.0,0.0,8.0
2018-01-22 14:20:00,1489.0,1489.0,1489.0,1489.0,0.0,0.0,8.0
2018-01-22 14:25:00,1489.0,1489.0,1489.0,1489.0,0.0,0.0,8.0
2018-01-22 14:30:00,1489.0,1489.0,1489.0,1489.0,0.0,0.0,8.0
2018-01-22 14:35:00,1489.0,1489.0,1489.0,1489.0,0.0,0.0,8.0
2018-01-22 14:40:00,1489.0,1489.0,1489.0,1489.0,0.0,0.0,8.0
2018-01-22 14:45:00,1489.0,1489.0,1489.0,1489.0,0.0,0.0,8.0
2018-01-22 14:50:00,1489.0,1489.0,1489.0,1489.0,0.0,0.0,8.0
2018-01-22 14:55:00,1489.0,1489.0,1489.0,1489.0,0.0,0.0,8.0
2018-01-22 21:00:00,1488.0,1488.0,1488.0,1488.0,0.0,0.0,8.0
2018-01-22 21:05:00,1488.0,1488.0,1488.0,1488.0,0.0,0.0,8.0
2018-01-22 21:10:00,1488.0,1488.0,1488.0,1488.0,0.0,0.0,8.0
2018-01-22 21:15:00,1488.0,1488.0,1488.0,1488.0,0.0,0.0,8.0
2018-01-22 21:20:00,1488.0,1488.0,1488.0,1488.0,0.0,0.0,8.0
2018-01-22 21:25:00,1488.0,1488.0,1488.0,1488.0,0.0,0.0,8.0
2018-01-22 21:30:00,1488.0,1488.0,1488.0,1488.0,0.0,0.0,8.0
2018-01-22 21:35:00,1488.0,1488.0,1488.0,1488.0,0.0,0.0,8.0
2018-01-22 21:40:00,1488.0,1488.0,1488.0,1488.0,0.0,0.0,8.0
2018-01-22 21:45:00,1488.0,1488.0,1488.0,1488.0,0.0,0.0,8.0
2018-01-22 21:50:00,1488.0,1488.0,1488.0,1488.0,0.0,0.0,8.0
2018-01-22 21:55:00,1488.0,1488.0,1488.0,1488.0,0.0,0.0,8.0
2018-01-22 22:00:00,1488.0,1488.0,1488.0,1488.0,0.0,0.0,8.0
2018-01-22 22:05:00,1488.0,1488.0,1488.0,1488.0,0.0,0.0,8.0
2018-01-22 22:10:00,1488.0,1488.0,1488.0,1488.0,0.0,0.0,8.0
2018-01-22 22:15:00,1488.0,1488.0,1488.0,1488.0,0.0,0.0,8.0
2018-01-22 22:20:00,1488.0,1488.0,1488.0,1488.0,0.0,0.0,8.0
2018-01-22 22:25:00,1488.0,1488.0,1488.0,1488.0,0.0,0.0,8.0
2018-01-22 22:30:00,1488.0,1488.0,1488.0,1488.0,0.0,0.0,8.0
2018-01-22 22:35:00,1488.0,1488.0,1488.0,1488.0,0.0,0.0,8.0
2018-01-22 22:40:00,1488.0,1488.0,1488.0,1488.0,0.0,0.0,8.0
2018-01-22 22:45:00,1488.0,1488.0,1488.0,1488.0,0.0,0.0,8.0
2018-01-22 22:50:00,1488.0,1488.0,1488.0,1488.0,0.0,0.0,8.0
2018-01-22 22:55:00,1488.0,1488.0,1488.0,1488.0,0.0,0.0,8.0
2018-01-22 23:00:00,1488.0,1488.0,1488.0,1488.0,0.0,0.0,8.0
2018-01-22 23:05:00,1488.0,1488.0,1488.0,1488.0,0.0,0.0,8.0
2018-01-22 23:10:00,1488.0,1488.0,1488.0,1488.0,0.0,0.0,8.0
2018-01-22 23:15:00,1488.0,1488.0,1488.0,1488.0,0.0,0.0,8.0
2018-01-22 23:20:00,1488.0,1488.0,1488.0,1488.0,0.0,0.0,8.0
2018-01-22 23:25:00,1488.0,1488.0,1488.0,1488.0,0.0,0.0,8.0
2018-01-23 09:00:00,1488.0,1488.0,1488.0,1488.0,0.0,0.0,8.0
2018-01-23 09:05:00,1488.0,1488.0,1488.0,1488.0,0.0,0.0,8.0
2018-01-23 09:10:00,1488.0,1488.0,1488.0,1488.0,0.0,0.0,8.0
2018-01-23 09:15:00,1488.0,1488.0,1488.0,1488.0,0.0,0.0,8.0
2018-01-23 09:20:00,1488.0,1488.0,1488.0,1488.0,0.0,0.0,8.0
2018-01-23 09:25:00,1488.0,1488.0,1488.0,1488.0,0.0,0.0,8.0
2018-01-23 09:30:00,1488.0,1488.0,1488.0,1488.0,0.0,0.0,8.0
2018-01-23 09:35:00,1488.0,1488.0,1488.0,1488.0,0.0,0.0,8.0
2018-01-23 09:40:00,1488.0,1488.0,1488.0,1488.0,0.0,0.0,8.0
2018-01-23 09:45:00,1488.0,1488.0,1488.0,1488.0,0.0,0.0,8.0
2018-01-23 09:50:00,1488.0,1488.0,1488.0,1488.0,0.0,0.0,8.0
2018-01-23 09:55:00,1488.0,1488.0,1488.0,1488.0,0.0,0.0,8.0
2018-01-23 10:00:00,1488.0,1488.0,1488.0,1488.0,0.0,0.0,8.0
2018-01-23 10:05:00,1488.0,1488.0,1488.0,1488.0,0.0,0.0,8.0
2018-01-23 10:10:00,1488.0,1488.0,1488.0,1488.0,0.0,0.0,8.0
2018-01-23 10:30:00,1488.0,1488.0,1488.0,1488.0,0.0,0.0,8.0
2018-01-23 10:35:00,1488.0,1488.0,1488.0,1488.0,0.0,0.0,8.0
2018-01-23 10:40:00,1488.0,1488.0,1488.0,1488.0,0.0,0.0,8.0
2018-01-23 10:45:00,1488.0,1488.0,1488.0,1488.0,0.0,0.0,8.0
2018-01-23 10:50:00,1488.0,1488.0,1488.0,1488.0,0.0,0.0,8.0
2018-01-23 10:55:00,1488.0,1488.0,1488.0,1488.0,0.0,0.0,8.0
2018-01-23 11:00:00,1488.0,1488.0,1488.0,1488.0,0.0,0.0,8.0
2018-01-23 11:05:00,1488.0,1488.0,1488.0,1488.0,0.0,0.0,8.0
2018-01-23 11:10:00,1488.0,1488.0,1488.0,1488.0,0.0,0.0,8.0
2018-01-23 11:15:00,1488.0,1488.0,1488.0,1488.0,0.0,0.0,8.0
2018-01-23 11:20:00,1488.0,1488.0,1488.0,1488.0,0.0,0.0,8.0
2018-01-23 11:25:00,1488.0,1488.0,1488.0,1488.0,0.0,0.0,8.0
2018-01-23 13:30:00,1488.0,1488.0,1488.0,1488.0,0.0,0.0,8.0
2018-01-23 13:35:00,1488.0,1488.0,1488.0,1488.0,0.0,0.0,8.0
2018-01-23 13:40:00,1488.0,1488.0,1488.0,1488.0,0.0,0.0,8.0
2018-01-23 13:45:00,1488.0,1488.0,1488.0,1488.0,0.0,0.0,8.0
2018-01-23 13:50:00,1488.0,1488.0,1488.0,1488.0,0.0,0.0,8.0
2018-01-23 13:55:00,1488.0,1488.0,1488.0,1488.0,0.0,0.0,8.0
2018-01-23 14:00:00,1488.0,1488.0,1488.0,1488.0,0.0,0.0,8.0
2018-01-23 14:05:00,1488.0,1488.0,1488.0,1488.0,0.0,0.0,8.0
2018-01-23 14:10:00,1488.0,1488.0,1488.0,1488.0,0.0,0.0,8.0
2018-01-23 14:15:00,1488.0,1488.0,1488.0,1488.0,0.0,0.0,8.0
2018-01-23 14:20:00,1488.0,1488.0,1488.0,1488.0,0.0,0.0,8.0
2018-01-23 14:25:00,1488.0,1488.0,1488.0,1488.0,0.0,0.0,8.0
2018-01-23 14:30:00,1488.0,1488.0,1488.0,1488.0,0.0,0.0,8.0
2018-01-23 14:35:00,1488.0,1488.0,1488.0,1488.0,0.0,0.0,8.0
2018-01-23 14:40:00,1488.0,1488.0,1488.0,1488.0,0.0,0.0,8.0
2018-01-23 14:45:00,1488.0,1488.0,1488.0,1488.0,0.0,0.0,8.0
2018-01-23 14:50:00,1488.0,1488.0,1488.0,1488.0,0.0,0.0,8.0
2018-01-23 14:55:00,1488.0,1488.0,1488.0,1488.0,0.0,0.0,8.0
2018-01-23 21:00:00,1488.0,1488.0,1488.0,1488.0,0.0,0.0,8.0
2018-01-23 21:05:00,1488.0,1488.0,1488.0,1488.0,0.0,0.0,8.0
2018-01-23 21:10:00,1488.0,1488.0,1488.0,1488.0,0.0,0.0,8.0
2018-01-23 21:15:00,1488.0,1488.0,1488.0,1488.0,0.0,0.0,8.0
2018-01-23 21:20:00,1488.0,1488.0,1488.0,1488.0,0.0,0.0,8.0
2018-01-23 21:25:00,1488.0,1488.0,1488.0,1488.0,0.0,0.0,8.0
2018-01-23 21:30:00,1488.0,1488.0,1488.0,1488.0,0.0,0.0,8.0
2018-01-23 21:35:00,1488.0,1488.0,1488.0,1488.0,0.0,0.0,8.0
2018-01-23 21:40:00,1488.0,1488.0,1488.0,1488.0,0.0,0.0,8.0
2018-01-23 21:45:00,1488.0,1488.0,1488.0,1488.0,0.0,0.0,8.0
2018-01-23 21:50:00,1488.0,1488.0,1488.0,1488.0,0.0,0.0,8.0
2018-01-23 21:55:00,1488.0,1488.0,1488.0,1488.0,0.0,0.0,8.0
2018-01-23 22:00:00,1488.0,1488.0,1488.0,1488.0,0.0,0.0,8.0
2018-01-23 22:05:00,1488.0,1488.0,1488.0,1488.0,0.0,0.0,8.0
2018-01-23 22:10:00,1488.0,1488.0,1488.0,1488.0,0.0,0.0,8.0
2018-01-23 22:15:00,1488.0,1488.0,1488.0,1488.0,0.0,0.0,8.0
2018-01-23 22:20:00,1488.0,1488.0,1488.0,1488.0,0.0,0.0,8.0
2018-01-23 22:25:00,1488.0,1488.0,1488.0,1488.0,0.0,0.0,8.0
2018-01-23 22:30:00,1488.0,1488.0,1488.0,1488.0,0.0,0.0,8.0
2018-01-23 22:35:00,1488.0,1488.0,1488.0,1488.0,0.0,0.0,8.0
2018-01-23 22:40:00,1488.0,1488.0,1488.0,1488.0,0.0,0.0,8.0
2018-01-23 22:45:00,1488.0,1488.0,1488.0,1488.0,0.0,0.0,8.0
2018-01-23 22:50:00,1488.0,1488.0,1488.0,1488.0,0.0,0.0,8.0
2018-01-23 22:55:00,1488.0,1488.0,1488.0,1488.0,0.0,0.0,8.0
2018-01-23 23:00:00,1488.0,1488.0,1488.0,1488.0,0.0,0.0,8.0
2018-01-23 23:05:00,1488.0,1488.0,1488.0,1488.0,0.0,0.0,8.0
2018-01-23 23:10:00,1488.0,1488.0,1488.0,1488.0,0.0,0.0,8.0
2018-01-23 23:15:00,1488.0,1488.0,1488.0,1488.0,0.0,0.0,8.0
2018-01-23 23:20:00,1488.0,1488.0,1488.0,1488.0,0.0,0.0,8.0
2018-01-23 23:25:00,1488.0,1488.0,1488.0,1488.0,0.0,0.0,8.0
2018-01-24 09:00:00,1488.0,1488.0,1488.0,1488.0,0.0,0.0,8.0
2018-01-24 09:05:00,1488.0,1488.0,1488.0,1488.0,0.0,0.0,8.0
2018-01-24 09:10:00,1488.0,1488.0,1488.0,1488.0,0.0,0.0,8.0
2018-01-24 09:15:00,1488.0,1488.0,1488.0,1488.0,0.0,0.0,8.0
2018-01-24 09:20:00,1488.0,1488.0,1488.0,1488.0,0.0,0.0,8.0
2018-01-24 09:25:00,1488.0,1488.0,1488.0,1488.0,0.0,0.0,8.0
2018-01-24 09:30:00,1488.0,1488.0,1488.0,1488.0,0.0,0.0,8.0
2018-01-24 09:35:00,1488.0,1488.0,1488.0,1488.0,0.0,0.0,8.0
2018-01-24 09:40:00,1488.0,1488.0,1488.0,1488.0,0.0,0.0,8.0
2018-01-24 09:45:00,1488.0,1488.0,1488.0,1488.0,0.0,0.0,8.0
2018-01-24 09:50:00,1488.0,1488.0,1488.0,1488.0,0.0,0.0,8.0
2018-01-24 09:55:00,1488.0,1488.0,1488.0,1488.0,0.0,0.0,8.0
2018-01-24 10:00:00,1488.0,1488.0,1488.0,1488.0,0.0,0.0,8.0
2018-01-24 10:05:00,1488.0,1488.0,1488.0,1488.0,0.0,0.0,8.0
2018-01-24 10:10:00,1488.0,1488.0,1488.0,1488.0,0.0,0.0,8.0
2018-01-24 10:30:00,1488.0,1488.0,1488.0,1488.0,0.0,0.0,8.0
2018-01-24 10:35:00,1488.0,1488.0,1488.0,1488.0,0.0,0.0,8.0
2018-01-24 10:40:00,1488.0,1488.0,1488.0,1488.0,0.0,0.0,8.0
2018-01-24 10:45:00,1488.0,1488.0,1488.0,1488.0,0.0,0.0,8.0
2018-01-24 10:50:00,1488.0,1488.0,1488.0,1488.0,0.0,0.0,8.0
2018-01-24 10:55:00,1488.0,1488.0,1488.0,1488.0,0.0,0.0,8.0
2018-01-24 11:00:00,1488.0,1488.0,1488.0,1488.0,0.0,0.0,8.0
2018-01-24 11:05:00,1488.0,1488.0,1488.0,1488.0,0.0,0.0,8.0
2018-01-24 11:10:00,1488.0,1488.0,1488.0,1488.0,0.0,0.0,8.0
2018-01-24 11:15:00,1488.0,1488.0,1488.0,1488.0,0.0,0.0,8.0
2018-01-24 11:20:00,1488.0,1488.0,1488.0,1488.0,0.0,0.0,8.0
2018-01-24 11:25:00,1488.0,1488.0,1488.0,1488.0,0.0,0.0,8.0
2018-01-24 13:30:00,1488.0,1488.0,1488.0,1488.0,0.0,0.0,8.0
2018-01-24 13:35:00,1488.0,1488.0,1488.0,1488.0,0.0,0.0,8.0
2018-01-24 13:40:00,1488.0,1488.0,1488.0,1488.0,0.0,0.0,8.0
2018-01-24 13:45:00,1488.0,1488.0,1488.0,1488.0,0.0,0.0,8.0
2018-01-24 13:50:00,1488.0,1488.0,1488.0,1488.0,0.0,0.0,8.0
2018-01-24 13:55:00,1488.0,1488.0,1488.0,1488.0,0.0,0.0,8.0
2018-01-24 14:00:00,1488.0,1488.0,1488.0,1488.0,0.0,0.0,8.0
2018-01-24 14:05:00,1488.0,1488.0,1488.0,1488.0,0.0,0.0,8.0
2018-01-24 14:10:00,1488.0,1488.0,1488.0,1488.0,0.0,0.0,8.0
2018-01-24 14:15:00,1488.0,1488.0,1488.0,1488.0,0.0,0.0,8.0
2018-01-24 14:20:00,1488.0,1488.0,1488.0,1488.0,0.0,0.0,8.0
2018-01-24 14:25:00,1488.0,1488.0,1480.0,1480.0,2.0,59200.0,10.0
2018-01-24 14:30:00,1480.0,1480.0,1480.0,1480.0,0.0,0.0,10.0
2018-01-24 14:35:00,1480.0,1480.0,1480.0,1480.0,0.0,0.0,10.0
2018-01-24 14:40:00,1480.0,1480.0,1480.0,1480.0,0.0,0.0,10.0
2018-01-24 14:45:00,1480.0,1480.0,1480.0,1480.0,0.0,0.0,10.0
2018-01-24 14:50:00,1480.0,1480.0,1480.0,1480.0,0.0,0.0,10.0
2018-01-24 14:55:00,1480.0,1480.0,1480.0,1480.0,0.0,0.0,10.0
2018-01-24 21:00:00,1480.0,1480.0,1480.0,1480.0,0.0,0.0,10.0
2018-01-24 21:05:00,1480.0,1480.0,1480.0,1480.0,0.0,0.0,10.0
2018-01-24 21:10:00,1480.0,1480.0,1480.0,1480.0,0.0,0.0,10.0
2018-01-24 21:15:00,1480.0,1480.0,1480.0,1480.0,0.0,0.0,10.0
2018-01-24 21:20:00,1480.0,1480.0,1480.0,1480.0,0.0,0.0,10.0
2018-01-24 21:25:00,1480.0,1495.0,1480.0,1495.0,2.0,59800.0,8.0
2018-01-24 21:30:00,1495.0,1497.0,1495.0,1497.0,2.0,59880.0,8.0
2018-01-24 21:35:00,1497.0,1497.0,1497.0,1497.0,0.0,0.0,8.0
2018-01-24 21:40:00,1497.0,1497.0,1497.0,1497.0,0.0,0.0,8.0
2018-01-24 21:45:00,1497.0,1497.0,1497.0,1497.0,0.0,0.0,8.0
2018-01-24 21:50:00,1497.0,1497.0,1497.0,1497.0,0.0,0.0,8.0
2018-01-24 21:55:00,1497.0,1497.0,1497.0,1497.0,0.0,0.0,8.0
2018-01-24 22:00:00,1497.0,1497.0,1497.0,1497.0,0.0,0.0,8.0
2018-01-24 22:05:00,1497.0,1497.0,1497.0,1497.0,0.0,0.0,8.0
2018-01-24 22:10:00,1497.0,1497.0,1497.0,1497.0,0.0,0.0,8.0
2018-01-24 22:15:00,1497.0,1497.0,1497.0,1497.0,0.0,0.0,8.0
2018-01-24 22:20:00,1497.0,1497.0,1497.0,1497.0,0.0,0.0,8.0
2018-01-24 22:25:00,1497.0,1497.0,1497.0,1497.0,0.0,0.0,8.0
2018-01-24 22:30:00,1497.0,1497.0,1497.0,1497.0,0.0,0.0,8.0
2018-01-24 22:35:00,1497.0,1497.0,1497.0,1497.0,0.0,0.0,8.0
2018-01-24 22:40:00,1497.0,1497.0,1497.0,1497.0,0.0,0.0,8.0
2018-01-24 22:45:00,1497.0,1497.0,1497.0,1497.0,0.0,0.0,8.0
2018-01-24 22:50:00,1497.0,1497.0,1497.0,1497.0,0.0,0.0,8.0
2018-01-24 22:55:00,1497.0,1497.0,1497.0,1497.0,0.0,0.0,8.0
2018-01-24 23:00:00,1497.0,1497.0,1497.0,1497.0,0.0,0.0,8.0
2018-01-24 23:05:00,1497.0,1497.0,1497.0,1497.0,0.0,0.0,8.0
2018-01-24 23:10:00,1497.0,1497.0,1497.0,1497.0,0.0,0.0,8.0
2018-01-24 23:15:00,1497.0,1497.0,1497.0,1497.0,0.0,0.0,8.0
2018-01-24 23:20:00,1497.0,1497.0,1497.0,1497.0,0.0,0.0,8.0
2018-01-24 23:25:00,1497.0,1497.0,1497.0,1497.0,0.0,0.0,8.0
2018-01-25 09:00:00,1497.0,1497.0,1497.0,1497.0,0.0,0.0,8.0
2018-01-25 09:05:00,1497.0,1497.0,1497.0,1497.0,0.0,0.0,8.0
2018-01-25 09:10:00,1497.0,1497.0,1497.0,1497.0,0.0,0.0,8.0
2018-01-25 09:15:00,1497.0,1497.0,1497.0,1497.0,0.0,0.0,8.0
2018-01-25 09:20:00,1497.0,1497.0,1496.0,1496.0,2.0,59840.0,8.0
2018-01-25 09:25:00,1496.0,1496.0,1496.0,1496.0,0.0,0.0,8.0
2018-01-25 09:30:00,1496.0,1496.0,1496.0,1496.0,0.0,0.0,8.0
2018-01-25 09:35:00,1496.0,1496.0,1496.0,1496.0,0.0,0.0,8.0
2018-01-25 09:40:00,1496.0,1496.0,1496.0,1496.0,0.0,0.0,8.0
2018-01-25 09:45:00,1496.0,1496.0,1496.0,1496.0,0.0,0.0,8.0
2018-01-25 09:50:00,1496.0,1496.0,1496.0,1496.0,0.0,0.0,8.0
2018-01-25 09:55:00,1496.0,1496.0,1496.0,1496.0,0.0,0.0,8.0
2018-01-25 10:00:00,1496.0,1496.0,1496.0,1496.0,0.0,0.0,8.0
2018-01-25 10:05:00,1496.0,1496.0,1496.0,1496.0,0.0,0.0,8.0
2018-01-25 10:10:00,1496.0,1496.0,1496.0,1496.0,0.0,0.0,8.0
2018-01-25 10:30:00,1496.0,1496.0,1496.0,1496.0,0.0,0.0,8.0
2018-01-25 10:35:00,1496.0,1496.0,1496.0,1496.0,0.0,0.0,8.0
2018-01-25 10:40:00,1496.0,1496.0,1496.0,1496.0,0.0,0.0,8.0
2018-01-25 10:45:00,1496.0,1496.0,1496.0,1496.0,0.0,0.0,8.0
2018-01-25 10:50:00,1496.0,1496.0,1496.0,1496.0,0.0,0.0,8.0
2018-01-25 10:55:00,1496.0,1496.0,1496.0,1496.0,0.0,0.0,8.0
2018-01-25 11:00:00,1496.0,1496.0,1496.0,1496.0,0.0,0.0,8.0
2018-01-25 11:05:00,1496.0,1496.0,1496.0,1496.0,0.0,0.0,8.0
2018-01-25 11:10:00,1496.0,1496.0,1496.0,1496.0,0.0,0.0,8.0
2018-01-25 11:15:00,1496.0,1496.0,1496.0,1496.0,0.0,0.0,8.0
2018-01-25 11:20:00,1496.0,1496.0,1496.0,1496.0,0.0,0.0,8.0
2018-01-25 11:25:00,1496.0,1496.0,1496.0,1496.0,0.0,0.0,8.0
2018-01-25 13:30:00,1496.0,1496.0,1496.0,1496.0,0.0,0.0,8.0
2018-01-25 13:35:00,1496.0,1496.0,1496.0,1496.0,0.0,0.0,8.0
2018-01-25 13:40:00,1496.0,1496.0,1496.0,1496.0,0.0,0.0,8.0
2018-01-25 13:45:00,1496.0,1496.0,1496.0,1496.0,0.0,0.0,8.0
2018-01-25 13:50:00,1496.0,1496.0,1496.0,1496.0,0.0,0.0,8.0
2018-01-25 13:55:00,1496.0,1496.0,1496.0,1496.0,0.0,0.0,8.0
2018-01-25 14:00:00,1496.0,1496.0,1496.0,1496.0,0.0,0.0,8.0
2018-01-25 14:05:00,1496.0,1496.0,1496.0,1496.0,0.0,0.0,8.0
2018-01-25 14:10:00,1496.0,1496.0,1496.0,1496.0,0.0,0.0,8.0
2018-01-25 14:15:00,1496.0,1496.0,1496.0,1496.0,0.0,0.0,8.0
2018-01-25 14:20:00,1496.0,1496.0,1496.0,1496.0,0.0,0.0,8.0
2018-01-25 14:25:00,1496.0,1496.0,1496.0,1496.0,0.0,0.0,8.0
2018-01-25 14:30:00,1496.0,1496.0,1496.0,1496.0,0.0,0.0,8.0
2018-01-25 14:35:00,1496.0,1496.0,1496.0,1496.0,0.0,0.0,8.0
2018-01-25 14:40:00,1496.0,1496.0,1496.0,1496.0,0.0,0.0,8.0
2018-01-25 14:45:00,1496.0,1496.0,1496.0,1496.0,0.0,0.0,8.0
2018-01-25 14:50:00,1496.0,1496.0,1496.0,1496.0,0.0,0.0,8.0
2018-01-25 14:55:00,1496.0,1496.0,1496.0,1496.0,0.0,0.0,8.0
2018-01-25 21:00:00,1496.0,1496.0,1496.0,1496.0,0.0,0.0,8.0
2018-01-25 21:05:00,1496.0,1496.0,1496.0,1496.0,0.0,0.0,8.0
2018-01-25 21:10:00,1496.0,1496.0,1496.0,1496.0,0.0,0.0,8.0
2018-01-25 21:15:00,1496.0,1496.0,1496.0,1496.0,0.0,0.0,8.0
2018-01-25 21:20:00,1496.0,1496.0,1496.0,1496.0,0.0,0.0,8.0
2018-01-25 21:25:00,1496.0,1496.0,1496.0,1496.0,0.0,0.0,8.0
2018-01-25 21:30:00,1496.0,1496.0,1496.0,1496.0,0.0,0.0,8.0
2018-01-25 21:35:00,1496.0,1496.0,1496.0,1496.0,0.0,0.0,8.0
2018-01-25 21:40:00,1496.0,1496.0,1496.0,1496.0,0.0,0.0,8.0
2018-01-25 21:45:00,1496.0,1496.0,1496.0,1496.0,0.0,0.0,8.0
2018-01-25 21:50:00,1496.0,1496.0,1496.0,1496.0,0.0,0.0,8.0
2018-01-25 21:55:00,1496.0,1496.0,1496.0,1496.0,0.0,0.0,8.0
2018-01-25 22:00:00,1496.0,1496.0,1496.0,1496.0,0.0,0.0,8.0
2018-01-25 22:05:00,1496.0,1496.0,1496.0,1496.0,0.0,0.0,8.0
2018-01-25 22:10:00,1496.0,1496.0,1496.0,1496.0,0.0,0.0,8.0
2018-01-25 22:15:00,1496.0,1496.0,1496.0,1496.0,0.0,0.0,8.0
2018-01-25 22:20:00,1496.0,1496.0,1496.0,1496.0,0.0,0.0,8.0
2018-01-25 22:25:00,1496.0,1496.0,1496.0,1496.0,0.0,0.0,8.0
2018-01-25 22:30:00,1496.0,1496.0,1496.0,1496.0,0.0,0.0,8.0
2018-01-25 22:35:00,1496.0,1496.0,1496.0,1496.0,0.0,0.0,8.0
2018-01-25 22:40:00,1496.0,1496.0,1496.0,1496.0,0.0,0.0,8.0
2018-01-25 22:45:00,1496.0,1496.0,1496.0,1496.0,0.0,0.0,8.0
2018-01-25 22:50:00,1496.0,1496.0,1496.0,1496.0,0.0,0.0,8.0
2018-01-25 22:55:00,1496.0,1496.0,1496.0,1496.0,0.0,0.0,8.0
2018-01-25 23:00:00,1496.0,1496.0,1496.0,1496.0,0.0,0.0,8.0
2018-01-25 23:05:00,1496.0,1496.0,1496.0,1496.0,0.0,0.0,8.0
2018-01-25 23:10:00,1496.0,1496.0,1496.0,1496.0,0.0,0.0,8.0
2018-01-25 23:15:00,1496.0,1496.0,1496.0,1496.0,0.0,0.0,8.0
2018-01-25 23:20:00,1496.0,1496.0,1496.0,1496.0,0.0,0.0,8.0
2018-01-25 23:25:00,1496.0,1496.0,1496.0,1496.0,0.0,0.0,8.0
2018-01-26 09:00:00,1496.0,1496.0,1496.0,1496.0,0.0,0.0,8.0
2018-01-26 09:05:00,1496.0,1496.0,1496.0,1496.0,0.0,0.0,8.0
2018-01-26 09:10:00,1496.0,1496.0,1496.0,1496.0,0.0,0.0,8.0
2018-01-26 09:15:00,1496.0,1496.0,1496.0,1496.0,0.0,0.0,8.0
2018-01-26 09:20:00,1496.0,1496.0,1496.0,1496.0,0.0,0.0,8.0
2018-01-26 09:25:00,1496.0,1496.0,1496.0,1496.0,0.0,0.0,8.0
2018-01-26 09:30:00,1496.0,1496.0,1496.0,1496.0,0.0,0.0,8.0
2018-01-26 09:35:00,1496.0,1496.0,1496.0,1496.0,0.0,0.0,8.0
2018-01-26 09:40:00,1496.0,1496.0,1496.0,1496.0,0.0,0.0,8.0
2018-01-26 09:45:00,1496.0,1496.0,1496.0,1496.0,0.0,0.0,8.0
2018-01-26 09:50:00,1496.0,1496.0,1496.0,1496.0,0.0,0.0,8.0
2018-01-26 09:55:00,1496.0,1496.0,1496.0,1496.0,0.0,0.0,8.0
2018-01-26 10:00:00,1496.0,1496.0,1496.0,1496.0,0.0,0.0,8.0
2018-01-26 10:05:00,1496.0,1496.0,1496.0,1496.0,0.0,0.0,8.0
2018-01-26 10:10:00,1496.0,1496.0,1496.0,1496.0,0.0,0.0,8.0
2018-01-26 10:30:00,1496.0,1496.0,1496.0,1496.0,0.0,0.0,8.0
2018-01-26 10:35:00,1496.0,1496.0,1496.0,1496.0,0.0,0.0,8.0
2018-01-26 10:40:00,1496.0,1496.0,1496.0,1496.0,0.0,0.0,8.0
2018-01-26 10:45:00,1496.0,1496.0,1496.0,1496.0,0.0,0.0,8.0
2018-01-26 10:50:00,1496.0,1496.0,1496.0,1496.0,0.0,0.0,8.0
2018-01-26 10:55:00,1496.0,1496.0,1496.0,1496.0,0.0,0.0,8.0
2018-01-26 11:00:00,1496.0,1496.0,1496.0,1496.0,0.0,0.0,8.0
2018-01-26 11:05:00,1496.0,1496.0,1496.0,1496.0,0.0,0.0,8.0
2018-01-26 11:10:00,1496.0,1496.0,1496.0,1496.0,0.0,0.0,8.0
2018-01-26 11:15:00,1496.0,1496.0,1496.0,1496.0,0.0,0.0,8.0
2018-01-26 11:20:00,1496.0,1496.0,1496.0,1496.0,0.0,0.0,8.0
2018-01-26 11:25:00,1496.0,1496.0,1496.0,1496.0,0.0,0.0,8.0
2018-01-26 13:30:00,1496.0,1496.0,1496.0,1496.0,0.0,0.0,8.0
2018-01-26 13:35:00,1496.0,1496.0,1496.0,1496.0,0.0,0.0,8.0
2018-01-26 13:40:00,1496.0,1496.0,1496.0,1496.0,0.0,0.0,8.0
2018-01-26 13:45:00,1496.0,1496.0,1496.0,1496.0,0.0,0.0,8.0
2018-01-26 13:50:00,1496.0,1496.0,1496.0,1496.0,0.0,0.0,8.0
2018-01-26 13:55:00,1496.0,1496.0,1496.0,1496.0,0.0,0.0,8.0
2018-01-26 14:00:00,1496.0,1496.0,1496.0,1496.0,0.0,0.0,8.0
2018-01-26 14:05:00,1496.0,1496.0,1496.0,1496.0,0.0,0.0,8.0
2018-01-26 14:10:00,1496.0,1496.0,1496.0,1496.0,0.0,0.0,8.0
2018-01-26 14:15:00,1496.0,1496.0,1496.0,1496.0,0.0,0.0,8.0
2018-01-26 14:20:00,1496.0,1496.0,1496.0,1496.0,0.0,0.0,8.0
2018-01-26 14:25:00,1496.0,1496.0,1496.0,1496.0,0.0,0.0,8.0
2018-01-26 14:30:00,1496.0,1496.0,1496.0,1496.0,0.0,0.0,8.0
2018-01-26 14:35:00,1496.0,1496.0,1496.0,1496.0,0.0,0.0,8.0
2018-01-26 14:40:00,1496.0,1496.0,1496.0,1496.0,0.0,0.0,8.0
2018-01-26 14:45:00,1496.0,1496.0,1496.0,1496.0,0.0,0.0,8.0
2018-01-26 14:50:00,1496.0,1496.0,1496.0,1496.0,0.0,0.0,8.0
2018-01-26 14:55:00,1496.0,1496.0,1496.0,1496.0,0.0,0.0,8.0
2018-01-26 21:00:00,1496.0,1496.0,1496.0,1496.0,0.0,0.0,8.0
2018-01-26 21:05:00,1496.0,1496.0,1496.0,1496.0,0.0,0.0,8.0
2018-01-26 21:10:00,1496.0,1496.0,1496.0,1496.0,0.0,0.0,8.0
2018-01-26 21:15:00,1496.0,1496.0,1496.0,1496.0,0.0,0.0,8.0
2018-01-26 21:20:00,1496.0,1496.0,1496.0,1496.0,0.0,0.0,8.0
2018-01-26 21:25:00,1496.0,1496.0,1496.0,1496.0,0.0,0.0,8.0
2018-01-26 21:30:00,1496.0,1496.0,1496.0,1496.0,0.0,0.0,8.0
2018-01-26 21:35:00,1496.0,1496.0,1496.0,1496.0,0.0,0.0,8.0
2018-01-26 21:40:00,1496.0,1496.0,1496.0,1496.0,0.0,0.0,8.0
2018-01-26 21:45:00,1496.0,1496.0,1496.0,1496.0,0.0,0.0,8.0
2018-01-26 21:50:00,1496.0,1496.0,1496.0,1496.0,0.0,0.0,8.0
2018-01-26 21:55:00,1496.0,1496.0,1496.0,1496.0,0.0,0.0,8.0
2018-01-26 22:00:00,1496.0,1496.0,1496.0,1496.0,0.0,0.0,8.0
2018-01-26 22:05:00,1496.0,1496.0,1496.0,1496.0,0.0,0.0,8.0
2018-01-26 22:10:00,1496.0,1496.0,1496.0,1496.0,0.0,0.0,8.0
2018-01-26 22:15:00,1496.0,1496.0,1496.0,1496.0,0.0,0.0,8.0
2018-01-26 22:20:00,1496.0,1496.0,1496.0,1496.0,0.0,0.0,8.0
2018-01-26 22:25:00,1496.0,1496.0,1496.0,1496.0,0.0,0.0,8.0
2018-01-26 22:30:00,1496.0,1496.0,1496.0,1496.0,0.0,0.0,8.0
2018-01-26 22:35:00,1496.0,1496.0,1496.0,1496.0,0.0,0.0,8.0
2018-01-26 22:40:00,1496.0,1496.0,1496.0,1496.0,0.0,0.0,8.0
2018-01-26 22:45:00,1496.0,1496.0,1496.0,1496.0,0.0,0.0,8.0
2018-01-26 22:50:00,1496.0,1496.0,1496.0,1496.0,0.0,0.0,8.0
2018-01-26 22:55:00,1496.0,1496.0,1496.0,1496.0,0.0,0.0,8.0
2018-01-26 23:00:00,1496.0,1496.0,1496.0,1496.0,0.0,0.0,8.0
2018-01-26 23:05:00,1496.0,1496.0,1496.0,1496.0,0.0,0.0,8.0
2018-01-26 23:10:00,1496.0,1496.0,1496.0,1496.0,0.0,0.0,8.0
2018-01-26 23:15:00,1496.0,1496.0,1496.0,1496.0,0.0,0.0,8.0
2018-01-26 23:20:00,1496.0,1496.0,1496.0,1496.0,0.0,0.0,8.0
2018-01-26 23:25:00,1496.0,1496.0,1496.0,1496.0,0.0,0.0,8.0
2018-01-29 09:00:00,1496.0,1496.0,1496.0,1496.0,0.0,0.0,8.0
2018-01-29 09:05:00,1496.0,1496.0,1496.0,1496.0,0.0,0.0,8.0
2018-01-29 09:10:00,1496.0,1496.0,1496.0,1496.0,0.0,0.0,8.0
2018-01-29 09:15:00,1496.0,1496.0,1496.0,1496.0,0.0,0.0,8.0
2018-01-29 09:20:00,1496.0,1496.0,1496.0,1496.0,0.0,0.0,8.0
2018-01-29 09:25:00,1496.0,1496.0,1496.0,1496.0,0.0,0.0,8.0
2018-01-29 09:30:00,1496.0,1496.0,1496.0,1496.0,0.0,0.0,8.0
2018-01-29 09:35:00,1496.0,1496.0,1496.0,1496.0,0.0,0.0,8.0
2018-01-29 09:40:00,1496.0,1496.0,1496.0,1496.0,0.0,0.0,8.0
2018-01-29 09:45:00,1496.0,1496.0,1496.0,1496.0,0.0,0.0,8.0
2018-01-29 09:50:00,1496.0,1496.0,1496.0,1496.0,0.0,0.0,8.0
2018-01-29 09:55:00,1496.0,1496.0,1496.0,1496.0,0.0,0.0,8.0
2018-01-29 10:00:00,1496.0,1496.0,1496.0,1496.0,0.0,0.0,8.0
2018-01-29 10:05:00,1496.0,1496.0,1496.0,1496.0,0.0,0.0,8.0
2018-01-29 10:10:00,1496.0,1496.0,1496.0,1496.0,0.0,0.0,8.0
2018-01-29 10:30:00,1496.0,1496.0,1496.0,1496.0,0.0,0.0,8.0
2018-01-29 10:35:00,1496.0,1496.0,1496.0,1496.0,0.0,0.0,8.0
2018-01-29 10:40:00,1496.0,1496.0,1496.0,1496.0,0.0,0.0,8.0
2018-01-29 10:45:00,1496.0,1496.0,1496.0,1496.0,0.0,0.0,8.0
2018-01-29 10:50:00,1496.0,1496.0,1496.0,1496.0,0.0,0.0,8.0
2018-01-29 10:55:00,1496.0,1496.0,1496.0,1496.0,0.0,0.0,8.0
2018-01-29 11:00:00,1496.0,1496.0,1496.0,1496.0,0.0,0.0,8.0
2018-01-29 11:05:00,1496.0,1496.0,1496.0,1496.0,0.0,0.0,8.0
2018-01-29 11:10:00,1496.0,1496.0,1496.0,1496.0,0.0,0.0,8.0
2018-01-29 11:15:00,1496.0,1496.0,1496.0,1496.0,0.0,0.0,8.0
2018-01-29 11:20:00,1496.0,1496.0,1496.0,1496.0,0.0,0.0,8.0
2018-01-29 11:25:00,1496.0,1496.0,1496.0,1496.0,0.0,0.0,8.0
2018-01-29 13:30:00,1496.0,1496.0,1496.0,1496.0,0.0,0.0,8.0
2018-01-29 13:35:00,1496.0,1496.0,1496.0,1496.0,0.0,0.0,8.0
2018-01-29 13:40:00,1496.0,1496.0,1496.0,1496.0,0.0,0.0,8.0
2018-01-29 13:45:00,1496.0,1496.0,1496.0,1496.0,0.0,0.0,8.0
2018-01-29 13:50:00,1496.0,1496.0,1496.0,1496.0,0.0,0.0,8.0
2018-01-29 13:55:00,1496.0,1496.0,1496.0,1496.0,0.0,0.0,8.0
2018-01-29 14:00:00,1496.0,1496.0,1496.0,1496.0,0.0,0.0,8.0
2018-01-29 14:05:00,1496.0,1496.0,1496.0,1496.0,0.0,0.0,8.0
2018-01-29 14:10:00,1496.0,1496.0,1496.0,1496.0,0.0,0.0,8.0
2018-01-29 14:15:00,1496.0,1496.0,1496.0,1496.0,0.0,0.0,8.0
2018-01-29 14:20:00,1496.0,1496.0,1496.0,1496.0,0.0,0.0,8.0
2018-01-29 14:25:00,1496.0,1496.0,1496.0,1496.0,0.0,0.0,8.0
2018-01-29 14:30:00,1496.0,1496.0,1496.0,1496.0,0.0,0.0,8.0
2018-01-29 14:35:00,1496.0,1496.0,1496.0,1496.0,0.0,0.0,8.0
2018-01-29 14:40:00,1496.0,1496.0,1496.0,1496.0,0.0,0.0,8.0
2018-01-29 14:45:00,1496.0,1496.0,1496.0,1496.0,0.0,0.0,8.0
2018-01-29 14:50:00,1496.0,1496.0,1496.0,1496.0,0.0,0.0,8.0
2018-01-29 14:55:00,1496.0,1496.0,1496.0,1496.0,0.0,0.0,8.0
2018-01-29 21:00:00,1517.0,1517.0,1517.0,1517.0,0.0,0.0,8.0
2018-01-29 21:05:00,1517.0,1517.0,1517.0,1517.0,0.0,0.0,8.0
2018-01-29 21:10:00,1517.0,1517.0,1517.0,1517.0,0.0,0.0,8.0
2018-01-29 21:15:00,1517.0,1517.0,1517.0,1517.0,0.0,0.0,8.0
2018-01-29 21:20:00,1517.0,1517.0,1517.0,1517.0,0.0,0.0,8.0
2018-01-29 21:25:00,1517.0,1517.0,1517.0,1517.0,0.0,0.0,8.0
2018-01-29 21:30:00,1517.0,1517.0,1517.0,1517.0,0.0,0.0,8.0
2018-01-29 21:35:00,1517.0,1517.0,1517.0,1517.0,0.0,0.0,8.0
2018-01-29 21:40:00,1517.0,1517.0,1517.0,1517.0,0.0,0.0,8.0
2018-01-29 21:45:00,1517.0,1517.0,1517.0,1517.0,0.0,0.0,8.0
2018-01-29 21:50:00,1517.0,1517.0,1517.0,1517.0,0.0,0.0,8.0
2018-01-29 21:55:00,1517.0,1517.0,1517.0,1517.0,0.0,0.0,8.0
2018-01-29 22:00:00,1517.0,1517.0,1517.0,1517.0,0.0,0.0,8.0
2018-01-29 22:05:00,1517.0,1517.0,1517.0,1517.0,0.0,0.0,8.0
2018-01-29 22:10:00,1517.0,1517.0,1517.0,1517.0,0.0,0.0,8.0
2018-01-29 22:15:00,1517.0,1517.0,1517.0,1517.0,0.0,0.0,8.0
2018-01-29 22:20:00,1517.0,1517.0,1517.0,1517.0,0.0,0.0,8.0
2018-01-29 22:25:00,1517.0,1517.0,1517.0,1517.0,0.0,0.0,8.0
2018-01-29 22:30:00,1517.0,1517.0,1517.0,1517.0,0.0,0.0,8.0
2018-01-29 22:35:00,1517.0,1517.0,1517.0,1517.0,0.0,0.0,8.0
2018-01-29 22:40:00,1517.0,1517.0,1517.0,1517.0,0.0,0.0,8.0
2018-01-29 22:45:00,1517.0,1517.0,1517.0,1517.0,0.0,0.0,8.0
2018-01-29 22:50:00,1517.0,1517.0,1517.0,1517.0,0.0,0.0,8.0
2018-01-29 22:55:00,1517.0,1517.0,1517.0,1517.0,0.0,0.0,8.0
2018-01-29 23:00:00,1517.0,1517.0,1517.0,1517.0,0.0,0.0,8.0
2018-01-29 23:05:00,1517.0,1517.0,1517.0,1517.0,0.0,0.0,8.0
2018-01-29 23:10:00,1517.0,1517.0,1517.0,1517.0,0.0,0.0,8.0
2018-01-29 23:15:00,1517.0,1517.0,1517.0,1517.0,0.0,0.0,8.0
2018-01-29 23:20:00,1517.0,1517.0,1517.0,1517.0,0.0,0.0,8.0
2018-01-29 23:25:00,1517.0,1517.0,1517.0,1517.0,0.0,0.0,8.0
2018-01-30 09:00:00,1517.0,1517.0,1517.0,1517.0,0.0,0.0,8.0
2018-01-30 09:05:00,1517.0,1517.0,1517.0,1517.0,0.0,0.0,8.0
2018-01-30 09:10:00,1517.0,1517.0,1517.0,1517.0,0.0,0.0,8.0
2018-01-30 09:15:00,1517.0,1517.0,1517.0,1517.0,0.0,0.0,8.0
2018-01-30 09:20:00,1517.0,1517.0,1517.0,1517.0,0.0,0.0,8.0
2018-01-30 09:25:00,1517.0,1517.0,1517.0,1517.0,0.0,0.0,8.0
2018-01-30 09:30:00,1517.0,1517.0,1517.0,1517.0,0.0,0.0,8.0
2018-01-30 09:35:00,1517.0,1517.0,1517.0,1517.0,0.0,0.0,8.0
2018-01-30 09:40:00,1517.0,1517.0,1517.0,1517.0,0.0,0.0,8.0
2018-01-30 09:45:00,1517.0,1517.0,1517.0,1517.0,0.0,0.0,8.0
2018-01-30 09:50:00,1517.0,1517.0,1517.0,1517.0,0.0,0.0,8.0
2018-01-30 09:55:00,1517.0,1517.0,1517.0,1517.0,0.0,0.0,8.0
2018-01-30 10:00:00,1517.0,1517.0,1517.0,1517.0,0.0,0.0,8.0
2018-01-30 10:05:00,1517.0,1517.0,1517.0,1517.0,0.0,0.0,8.0
2018-01-30 10:10:00,1517.0,1517.0,1517.0,1517.0,0.0,0.0,8.0
2018-01-30 10:30:00,1517.0,1517.0,1517.0,1517.0,0.0,0.0,8.0
2018-01-30 10:35:00,1517.0,1517.0,1517.0,1517.0,0.0,0.0,8.0
2018-01-30 10:40:00,1517.0,1517.0,1517.0,1517.0,0.0,0.0,8.0
2018-01-30 10:45:00,1517.0,1517.0,1517.0,1517.0,0.0,0.0,8.0
2018-01-30 10:50:00,1517.0,1517.0,1517.0,1517.0,0.0,0.0,8.0
2018-01-30 10:55:00,1517.0,1517.0,1517.0,1517.0,0.0,0.0,8.0
2018-01-30 11:00:00,1517.0,1517.0,1517.0,1517.0,0.0,0.0,8.0
2018-01-30 11:05:00,1517.0,1517.0,1517.0,1517.0,0.0,0.0,8.0
2018-01-30 11:10:00,1517.0,1517.0,1517.0,1517.0,0.0,0.0,8.0
2018-01-30 11:15:00,1517.0,1517.0,1517.0,1517.0,0.0,0.0,8.0
2018-01-30 11:20:00,1517.0,1517.0,1517.0,1517.0,0.0,0.0,8.0
2018-01-30 11:25:00,1517.0,1517.0,1517.0,1517.0,0.0,0.0,8.0
2018-01-30 13:30:00,1517.0,1517.0,1517.0,1517.0,0.0,0.0,8.0
2018-01-30 13:35:00,1517.0,1517.0,1517.0,1517.0,0.0,0.0,8.0
2018-01-30 13:40:00,1517.0,1517.0,1517.0,1517.0,0.0,0.0,8.0
2018-01-30 13:45:00,1517.0,1517.0,1517.0,1517.0,0.0,0.0,8.0
2018-01-30 13:50:00,1517.0,1517.0,1517.0,1517.0,0.0,0.0,8.0
2018-01-30 13:55:00,1517.0,1517.0,1517.0,1517.0,0.0,0.0,8.0
2018-01-30 14:00:00,1517.0,1517.0,1517.0,1517.0,0.0,0.0,8.0
2018-01-30 14:05:00,1517.0,1517.0,1517.0,1517.0,0.0,0.0,8.0
2018-01-30 14:10:00,1517.0,1517.0,1517.0,1517.0,0.0,0.0,8.0
2018-01-30 14:15:00,1517.0,1517.0,1517.0,1517.0,0.0,0.0,8.0
2018-01-30 14:20:00,1517.0,1517.0,1517.0,1517.0,0.0,0.0,8.0
2018-01-30 14:25:00,1517.0,1517.0,1517.0,1517.0,0.0,0.0,8.0
2018-01-30 14:30:00,1517.0,1517.0,1517.0,1517.0,0.0,0.0,8.0
2018-01-30 14:35:00,1517.0,1517.0,1517.0,1517.0,0.0,0.0,8.0
2018-01-30 14:40:00,1517.0,1517.0,1517.0,1517.0,0.0,0.0,8.0
2018-01-30 14:45:00,1517.0,1517.0,1517.0,1517.0,0.0,0.0,8.0
2018-01-30 14:50:00,1517.0,1517.0,1517.0,1517.0,0.0,0.0,8.0
2018-01-30 14:55:00,1517.0,1517.0,1517.0,1517.0,0.0,0.0,8.0
2018-01-30 21:00:00,1517.0,1517.0,1517.0,1517.0,0.0,0.0,8.0
2018-01-30 21:05:00,1517.0,1517.0,1517.0,1517.0,0.0,0.0,8.0
2018-01-30 21:10:00,1517.0,1517.0,1517.0,1517.0,0.0,0.0,8.0
2018-01-30 21:15:00,1517.0,1517.0,1517.0,1517.0,0.0,0.0,8.0
2018-01-30 21:20:00,1517.0,1517.0,1517.0,1517.0,0.0,0.0,8.0
2018-01-30 21:25:00,1517.0,1517.0,1517.0,1517.0,0.0,0.0,8.0
2018-01-30 21:30:00,1517.0,1517.0,1517.0,1517.0,0.0,0.0,8.0
2018-01-30 21:35:00,1517.0,1517.0,1517.0,1517.0,0.0,0.0,8.0
2018-01-30 21:40:00,1517.0,1517.0,1517.0,1517.0,0.0,0.0,8.0
2018-01-30 21:45:00,1517.0,1517.0,1517.0,1517.0,0.0,0.0,8.0
2018-01-30 21:50:00,1517.0,1517.0,1517.0,1517.0,0.0,0.0,8.0
2018-01-30 21:55:00,1517.0,1517.0,1517.0,1517.0,0.0,0.0,8.0
2018-01-30 22:00:00,1517.0,1517.0,1517.0,1517.0,0.0,0.0,8.0
2018-01-30 22:05:00,1517.0,1517.0,1517.0,1517.0,0.0,0.0,8.0
2018-01-30 22:10:00,1517.0,1517.0,1517.0,1517.0,0.0,0.0,8.0
2018-01-30 22:15:00,1517.0,1517.0,1517.0,1517.0,0.0,0.0,8.0
2018-01-30 22:20:00,1517.0,1517.0,1517.0,1517.0,0.0,0.0,8.0
2018-01-30 22:25:00,1517.0,1517.0,1517.0,1517.0,0.0,0.0,8.0
2018-01-30 22:30:00,1517.0,1517.0,1517.0,1517.0,0.0,0.0,8.0
2018-01-30 22:35:00,1517.0,1517.0,1517.0,1517.0,0.0,0.0,8.0
2018-01-30 22:40:00,1517.0,1517.0,1517.0,1517.0,0.0,0.0,8.0
2018-01-30 22:45:00,1517.0,1517.0,1517.0,1517.0,0.0,0.0,8.0
2018-01-30 22:50:00,1517.0,1517.0,1517.0,1517.0,0.0,0.0,8.0
2018-01-30 22:55:00,1517.0,1517.0,1517.0,1517.0,0.0,0.0,8.0
2018-01-30 23:00:00,1517.0,1517.0,1517.0,1517.0,0.0,0.0,8.0
2018-01-30 23:05:00,1517.0,1517.0,1517.0,1517.0,0.0,0.0,8.0
2018-01-30 23:10:00,1517.0,1517.0,1517.0,1517.0,0.0,0.0,8.0
2018-01-30 23:15:00,1517.0,1517.0,1517.0,1517.0,0.0,0.0,8.0
2018-01-30 23:20:00,1517.0,1517.0,1517.0,1517.0,0.0,0.0,8.0
2018-01-30 23:25:00,1517.0,1517.0,1517.0,1517.0,0.0,0.0,8.0
2018-01-31 09:00:00,1517.0,1517.0,1517.0,1517.0,0.0,0.0,8.0
2018-01-31 09:05:00,1517.0,1517.0,1517.0,1517.0,0.0,0.0,8.0
2018-01-31 09:10:00,1517.0,1517.0,1517.0,1517.0,0.0,0.0,8.0
2018-01-31 09:15:00,1517.0,1517.0,1517.0,1517.0,0.0,0.0,8.0
2018-01-31 09:20:00,1517.0,1517.0,1517.0,1517.0,0.0,0.0,8.0
2018-01-31 09:25:00,1517.0,1517.0,1517.0,1517.0,0.0,0.0,8.0
2018-01-31 09:30:00,1517.0,1517.0,1517.0,1517.0,0.0,0.0,8.0
2018-01-31 09:35:00,1517.0,1517.0,1517.0,1517.0,0.0,0.0,8.0
2018-01-31 09:40:00,1517.0,1517.0,1517.0,1517.0,0.0,0.0,8.0
2018-01-31 09:45:00,1517.0,1517.0,1517.0,1517.0,0.0,0.0,8.0
2018-01-31 09:50:00,1517.0,1517.0,1517.0,1517.0,0.0,0.0,8.0
2018-01-31 09:55:00,1517.0,1517.0,1517.0,1517.0,0.0,0.0,8.0
2018-01-31 10:00:00,1517.0,1517.0,1517.0,1517.0,0.0,0.0,8.0
2018-01-31 10:05:00,1517.0,1517.0,1517.0,1517.0,0.0,0.0,8.0
2018-01-31 10:10:00,1517.0,1517.0,1517.0,1517.0,0.0,0.0,8.0
2018-01-31 10:30:00,1517.0,1517.0,1517.0,1517.0,0.0,0.0,8.0
2018-01-31 10:35:00,1517.0,1517.0,1517.0,1517.0,0.0,0.0,8.0
2018-01-31 10:40:00,1517.0,1517.0,1517.0,1517.0,0.0,0.0,8.0
2018-01-31 10:45:00,1517.0,1517.0,1517.0,1517.0,0.0,0.0,8.0
2018-01-31 10:50:00,1517.0,1517.0,1517.0,1517.0,0.0,0.0,8.0
2018-01-31 10:55:00,1517.0,1517.0,1517.0,1517.0,0.0,0.0,8.0
2018-01-31 11:00:00,1517.0,1517.0,1517.0,1517.0,0.0,0.0,8.0
2018-01-31 11:05:00,1517.0,1517.0,1517.0,1517.0,0.0,0.0,8.0
2018-01-31 11:10:00,1517.0,1517.0,1517.0,1517.0,0.0,0.0,8.0
2018-01-31 11:15:00,1517.0,1517.0,1517.0,1517.0,0.0,0.0,8.0
2018-01-31 11:20:00,1517.0,1517.0,1517.0,1517.0,0.0,0.0,8.0
2018-01-31 11:25:00,1517.0,1517.0,1517.0,1517.0,0.0,0.0,8.0
2018-01-31 13:30:00,1517.0,1517.0,1517.0,1517.0,0.0,0.0,8.0
2018-01-31 13:35:00,1517.0,1517.0,1517.0,1517.0,0.0,0.0,8.0
2018-01-31 13:40:00,1517.0,1517.0,1517.0,1517.0,0.0,0.0,8.0
2018-01-31 13:45:00,1517.0,1517.0,1517.0,1517.0,0.0,0.0,8.0
2018-01-31 13:50:00,1517.0,1517.0,1517.0,1517.0,0.0,0.0,8.0
2018-01-31 13:55:00,1517.0,1517.0,1517.0,1517.0,0.0,0.0,8.0
2018-01-31 14:00:00,1517.0,1517.0,1517.0,1517.0,0.0,0.0,8.0
2018-01-31 14:05:00,1517.0,1517.0,1517.0,1517.0,0.0,0.0,8.0
2018-01-31 14:10:00,1517.0,1517.0,1517.0,1517.0,0.0,0.0,8.0
2018-01-31 14:15:00,1517.0,1517.0,1517.0,1517.0,0.0,0.0,8.0
2018-01-31 14:20:00,1517.0,1517.0,1517.0,1517.0,0.0,0.0,8.0
2018-01-31 14:25:00,1517.0,1517.0,1517.0,1517.0,0.0,0.0,8.0
2018-01-31 14:30:00,1517.0,1517.0,1517.0,1517.0,0.0,0.0,8.0
2018-01-31 14:35:00,1517.0,1517.0,1517.0,1517.0,0.0,0.0,8.0
2018-01-31 14:40:00,1517.0,1517.0,1517.0,1517.0,0.0,0.0,8.0
2018-01-31 14:45:00,1517.0,1517.0,1517.0,1517.0,0.0,0.0,8.0
2018-01-31 14:50:00,1517.0,1517.0,1517.0,1517.0,0.0,0.0,8.0
2018-01-31 14:55:00,1517.0,1517.0,1517.0,1517.0,0.0,0.0,8.0
2018-01-31 21:00:00,1509.0,1509.0,1509.0,1509.0,0.0,0.0,8.0
2018-01-31 21:05:00,1509.0,1509.0,1509.0,1509.0,0.0,0.0,8.0
2018-01-31 21:10:00,1509.0,1509.0,1509.0,1509.0,0.0,0.0,8.0
2018-01-31 21:15:00,1509.0,1509.0,1509.0,1509.0,0.0,0.0,8.0
2018-01-31 21:20:00,1509.0,1509.0,1509.0,1509.0,0.0,0.0,8.0
2018-01-31 21:25:00,1509.0,1509.0,1509.0,1509.0,0.0,0.0,8.0
2018-01-31 21:30:00,1509.0,1509.0,1509.0,1509.0,0.0,0.0,8.0
2018-01-31 21:35:00,1509.0,1509.0,1509.0,1509.0,0.0,0.0,8.0
2018-01-31 21:40:00,1509.0,1509.0,1509.0,1509.0,0.0,0.0,8.0
2018-01-31 21:45:00,1509.0,1509.0,1509.0,1509.0,0.0,0.0,8.0
2018-01-31 21:50:00,1509.0,1509.0,1509.0,1509.0,0.0,0.0,8.0
2018-01-31 21:55:00,1509.0,1509.0,1509.0,1509.0,0.0,0.0,8.0
2018-01-31 22:00:00,1509.0,1509.0,1509.0,1509.0,0.0,0.0,8.0
2018-01-31 22:05:00,1509.0,1509.0,1509.0,1509.0,0.0,0.0,8.0
2018-01-31 22:10:00,1509.0,1509.0,1509.0,1509.0,0.0,0.0,8.0
2018-01-31 22:15:00,1509.0,1509.0,1509.0,1509.0,0.0,0.0,8.0
2018-01-31 22:20:00,1509.0,1509.0,1509.0,1509.0,0.0,0.0,8.0
2018-01-31 22:25:00,1509.0,1509.0,1509.0,1509.0,0.0,0.0,8.0
2018-01-31 22:30:00,1509.0,1509.0,1509.0,1509.0,0.0,0.0,8.0
2018-01-31 22:35:00,1509.0,1509.0,1509.0,1509.0,0.0,0.0,8.0
2018-01-31 22:40:00,1509.0,1509.0,1509.0,1509.0,0.0,0.0,8.0
2018-01-31 22:45:00,1509.0,1509.0,1509.0,1509.0,0.0,0.0,8.0
2018-01-31 22:50:00,1509.0,1509.0,1509.0,1509.0,0.0,0.0,8.0
2018-01-31 22:55:00,1509.0,1509.0,1509.0,1509.0,0.0,0.0,8.0
2018-01-31 23:00:00,1509.0,1509.0,1509.0,1509.0,0.0,0.0,8.0
2018-01-31 23:05:00,1509.0,1509.0,1509.0,1509.0,0.0,0.0,8.0
2018-01-31 23:10:00,1509.0,1509.0,1509.0,1509.0,0.0,0.0,8.0
2018-01-31 23:15:00,1509.0,1509.0,1509.0,1509.0,0.0,0.0,8.0
2018-01-31 23:20:00,1509.0,1509.0,1509.0,1509.0,0.0,0.0,8.0
2018-01-31 23:25:00,1509.0,1509.0,1509.0,1509.0,0.0,0.0,8.0
2018-02-01 09:00:00,1509.0,1509.0,1509.0,1509.0,0.0,0.0,8.0
2018-02-01 09:05:00,1509.0,1509.0,1509.0,1509.0,0.0,0.0,8.0
2018-02-01 09:10:00,1509.0,1509.0,1509.0,1509.0,0.0,0.0,8.0
2018-02-01 09:15:00,1509.0,1509.0,1509.0,1509.0,0.0,0.0,8.0
2018-02-01 09:20:00,1509.0,1509.0,1509.0,1509.0,0.0,0.0,8.0
2018-02-01 09:25:00,1509.0,1509.0,1509.0,1509.0,0.0,0.0,8.0
2018-02-01 09:30:00,1509.0,1509.0,1509.0,1509.0,0.0,0.0,8.0
2018-02-01 09:35:00,1509.0,1509.0,1509.0,1509.0,0.0,0.0,8.0
2018-02-01 09:40:00,1509.0,1509.0,1509.0,1509.0,0.0,0.0,8.0
2018-02-01 09:45:00,1509.0,1509.0,1509.0,1509.0,0.0,0.0,8.0
2018-02-01 09:50:00,1509.0,1509.0,1509.0,1509.0,0.0,0.0,8.0
2018-02-01 09:55:00,1509.0,1509.0,1509.0,1509.0,0.0,0.0,8.0
2018-02-01 10:00:00,1509.0,1509.0,1509.0,1509.0,0.0,0.0,8.0
2018-02-01 10:05:00,1509.0,1509.0,1509.0,1509.0,0.0,0.0,8.0
2018-02-01 10:10:00,1509.0,1509.0,1509.0,1509.0,0.0,0.0,8.0
2018-02-01 10:30:00,1509.0,1509.0,1509.0,1509.0,0.0,0.0,8.0
2018-02-01 10:35:00,1509.0,1509.0,1509.0,1509.0,0.0,0.0,8.0
2018-02-01 10:40:00,1509.0,1509.0,1509.0,1509.0,0.0,0.0,8.0
2018-02-01 10:45:00,1509.0,1509.0,1509.0,1509.0,0.0,0.0,8.0
2018-02-01 10:50:00,1509.0,1509.0,1509.0,1509.0,0.0,0.0,8.0
2018-02-01 10:55:00,1509.0,1509.0,1509.0,1509.0,0.0,0.0,8.0
2018-02-01 11:00:00,1509.0,1509.0,1509.0,1509.0,0.0,0.0,8.0
2018-02-01 11:05:00,1509.0,1509.0,1509.0,1509.0,0.0,0.0,8.0
2018-02-01 11:10:00,1509.0,1509.0,1509.0,1509.0,0.0,0.0,8.0
2018-02-01 11:15:00,1509.0,1509.0,1509.0,1509.0,0.0,0.0,8.0
2018-02-01 11:20:00,1509.0,1509.0,1509.0,1509.0,0.0,0.0,8.0
2018-02-01 11:25:00,1509.0,1509.0,1509.0,1509.0,0.0,0.0,8.0
2018-02-01 13:30:00,1509.0,1509.0,1509.0,1509.0,0.0,0.0,8.0
2018-02-01 13:35:00,1509.0,1509.0,1509.0,1509.0,0.0,0.0,8.0
2018-02-01 13:40:00,1509.0,1509.0,1509.0,1509.0,0.0,0.0,8.0
2018-02-01 13:45:00,1509.0,1509.0,1509.0,1509.0,0.0,0.0,8.0
2018-02-01 13:50:00,1509.0,1509.0,1509.0,1509.0,0.0,0.0,8.0
2018-02-01 13:55:00,1509.0,1509.0,1509.0,1509.0,0.0,0.0,8.0
2018-02-01 14:00:00,1509.0,1509.0,1509.0,1509.0,0.0,0.0,8.0
2018-02-01 14:05:00,1509.0,1509.0,1509.0,1509.0,0.0,0.0,8.0
2018-02-01 14:10:00,1509.0,1509.0,1509.0,1509.0,0.0,0.0,8.0
2018-02-01 14:15:00,1509.0,1509.0,1509.0,1509.0,0.0,0.0,8.0
2018-02-01 14:20:00,1509.0,1509.0,1509.0,1509.0,0.0,0.0,8.0
2018-02-01 14:25:00,1509.0,1509.0,1509.0,1509.0,0.0,0.0,8.0
2018-02-01 14:30:00,1509.0,1509.0,1509.0,1509.0,0.0,0.0,8.0
2018-02-01 14:35:00,1509.0,1509.0,1509.0,1509.0,0.0,0.0,8.0
2018-02-01 14:40:00,1509.0,1509.0,1509.0,1509.0,0.0,0.0,8.0
2018-02-01 14:45:00,1509.0,1509.0,1509.0,1509.0,0.0,0.0,8.0
2018-02-01 14:50:00,1509.0,1509.0,1509.0,1509.0,0.0,0.0,8.0
2018-02-01 14:55:00,1509.0,1509.0,1509.0,1509.0,0.0,0.0,8.0
2018-02-01 21:00:00,1502.0,1502.0,1502.0,1502.0,0.0,0.0,8.0
2018-02-01 21:05:00,1502.0,1502.0,1502.0,1502.0,0.0,0.0,8.0
2018-02-01 21:10:00,1502.0,1502.0,1502.0,1502.0,0.0,0.0,8.0
2018-02-01 21:15:00,1502.0,1502.0,1502.0,1502.0,0.0,0.0,8.0
2018-02-01 21:20:00,1502.0,1502.0,1502.0,1502.0,0.0,0.0,8.0
2018-02-01 21:25:00,1502.0,1502.0,1502.0,1502.0,0.0,0.0,8.0
2018-02-01 21:30:00,1502.0,1502.0,1502.0,1502.0,0.0,0.0,8.0
2018-02-01 21:35:00,1502.0,1502.0,1502.0,1502.0,0.0,0.0,8.0
2018-02-01 21:40:00,1502.0,1502.0,1502.0,1502.0,0.0,0.0,8.0
2018-02-01 21:45:00,1502.0,1502.0,1502.0,1502.0,0.0,0.0,8.0
2018-02-01 21:50:00,1502.0,1502.0,1502.0,1502.0,0.0,0.0,8.0
2018-02-01 21:55:00,1502.0,1502.0,1502.0,1502.0,0.0,0.0,8.0
2018-02-01 22:00:00,1502.0,1502.0,1502.0,1502.0,0.0,0.0,8.0
2018-02-01 22:05:00,1502.0,1502.0,1502.0,1502.0,0.0,0.0,8.0
2018-02-01 22:10:00,1502.0,1502.0,1502.0,1502.0,0.0,0.0,8.0
2018-02-01 22:15:00,1502.0,1502.0,1502.0,1502.0,0.0,0.0,8.0
2018-02-01 22:20:00,1502.0,1502.0,1502.0,1502.0,0.0,0.0,8.0
2018-02-01 22:25:00,1502.0,1502.0,1502.0,1502.0,0.0,0.0,8.0
2018-02-01 22:30:00,1502.0,1502.0,1502.0,1502.0,0.0,0.0,8.0
2018-02-01 22:35:00,1502.0,1502.0,1502.0,1502.0,0.0,0.0,8.0
2018-02-01 22:40:00,1502.0,1502.0,1502.0,1502.0,0.0,0.0,8.0
2018-02-01 22:45:00,1502.0,1502.0,1502.0,1502.0,0.0,0.0,8.0
2018-02-01 22:50:00,1502.0,1502.0,1502.0,1502.0,0.0,0.0,8.0
2018-02-01 22:55:00,1502.0,1502.0,1502.0,1502.0,0.0,0.0,8.0
2018-02-01 23:00:00,1502.0,1502.0,1502.0,1502.0,0.0,0.0,8.0
2018-02-01 23:05:00,1502.0,1502.0,1502.0,1502.0,0.0,0.0,8.0
2018-02-01 23:10:00,1502.0,1502.0,1502.0,1502.0,0.0,0.0,8.0
2018-02-01 23:15:00,1502.0,1502.0,1502.0,1502.0,0.0,0.0,8.0
2018-02-01 23:20:00,1502.0,1502.0,1502.0,1502.0,0.0,0.0,8.0
2018-02-01 23:25:00,1502.0,1502.0,1502.0,1502.0,0.0,0.0,8.0
2018-02-02 09:00:00,1502.0,1502.0,1502.0,1502.0,0.0,0.0,8.0
2018-02-02 09:05:00,1502.0,1502.0,1502.0,1502.0,0.0,0.0,8.0
2018-02-02 09:10:00,1502.0,1502.0,1502.0,1502.0,0.0,0.0,8.0
2018-02-02 09:15:00,1502.0,1502.0,1502.0,1502.0,0.0,0.0,8.0
2018-02-02 09:20:00,1502.0,1502.0,1502.0,1502.0,0.0,0.0,8.0
2018-02-02 09:25:00,1502.0,1502.0,1502.0,1502.0,0.0,0.0,8.0
2018-02-02 09:30:00,1502.0,1502.0,1502.0,1502.0,0.0,0.0,8.0
2018-02-02 09:35:00,1502.0,1502.0,1502.0,1502.0,0.0,0.0,8.0
2018-02-02 09:40:00,1502.0,1502.0,1502.0,1502.0,0.0,0.0,8.0
2018-02-02 09:45:00,1502.0,1502.0,1502.0,1502.0,0.0,0.0,8.0
2018-02-02 09:50:00,1502.0,1502.0,1502.0,1502.0,0.0,0.0,8.0
2018-02-02 09:55:00,1502.0,1502.0,1502.0,1502.0,0.0,0.0,8.0
2018-02-02 10:00:00,1502.0,1502.0,1502.0,1502.0,0.0,0.0,8.0
2018-02-02 10:05:00,1502.0,1502.0,1502.0,1502.0,0.0,0.0,8.0
2018-02-02 10:10:00,1502.0,1502.0,1502.0,1502.0,0.0,0.0,8.0
2018-02-02 10:30:00,1502.0,1502.0,1502.0,1502.0,0.0,0.0,8.0
2018-02-02 10:35:00,1502.0,1502.0,1502.0,1502.0,0.0,0.0,8.0
2018-02-02 10:40:00,1502.0,1502.0,1502.0,1502.0,0.0,0.0,8.0
2018-02-02 10:45:00,1502.0,1502.0,1502.0,1502.0,0.0,0.0,8.0
2018-02-02 10:50:00,1502.0,1502.0,1502.0,1502.0,0.0,0.0,8.0
2018-02-02 10:55:00,1502.0,1502.0,1502.0,1502.0,0.0,0.0,8.0
2018-02-02 11:00:00,1502.0,1502.0,1502.0,1502.0,0.0,0.0,8.0
2018-02-02 11:05:00,1502.0,1502.0,1502.0,1502.0,0.0,0.0,8.0
2018-02-02 11:10:00,1502.0,1502.0,1502.0,1502.0,0.0,0.0,8.0
2018-02-02 11:15:00,1502.0,1502.0,1502.0,1502.0,0.0,0.0,8.0
2018-02-02 11:20:00,1502.0,1502.0,1502.0,1502.0,0.0,0.0,8.0
2018-02-02 11:25:00,1502.0,1502.0,1502.0,1502.0,0.0,0.0,8.0
2018-02-02 13:30:00,1502.0,1502.0,1502.0,1502.0,0.0,0.0,8.0
2018-02-02 13:35:00,1502.0,1502.0,1502.0,1502.0,0.0,0.0,8.0
2018-02-02 13:40:00,1502.0,1502.0,1502.0,1502.0,0.0,0.0,8.0
2018-02-02 13:45:00,1502.0,1502.0,1502.0,1502.0,0.0,0.0,8.0
2018-02-02 13:50:00,1502.0,1502.0,1502.0,1502.0,0.0,0.0,8.0
2018-02-02 13:55:00,1502.0,1502.0,1502.0,1502.0,0.0,0.0,8.0
2018-02-02 14:00:00,1502.0,1502.0,1502.0,1502.0,0.0,0.0,8.0
2018-02-02 14:05:00,1502.0,1502.0,1502.0,1502.0,0.0,0.0,8.0
2018-02-02 14:10:00,1502.0,1502.0,1502.0,1502.0,0.0,0.0,8.0
2018-02-02 14:15:00,1502.0,1502.0,1502.0,1502.0,0.0,0.0,8.0
2018-02-02 14:20:00,1502.0,1502.0,1502.0,1502.0,0.0,0.0,8.0
2018-02-02 14:25:00,1502.0,1502.0,1502.0,1502.0,0.0,0.0,8.0
2018-02-02 14:30:00,1502.0,1502.0,1502.0,1502.0,0.0,0.0,8.0
2018-02-02 14:35:00,1502.0,1502.0,1502.0,1502.0,0.0,0.0,8.0
2018-02-02 14:40:00,1502.0,1502.0,1502.0,1502.0,0.0,0.0,8.0
2018-02-02 14:45:00,1502.0,1502.0,1502.0,1502.0,0.0,0.0,8.0
2018-02-02 14:50:00,1502.0,1502.0,1502.0,1502.0,0.0,0.0,8.0
2018-02-02 14:55:00,1502.0,1502.0,1502.0,1502.0,0.0,0.0,8.0
2018-02-02 21:00:00,1512.0,1512.0,1512.0,1512.0,0.0,0.0,8.0
2018-02-02 21:05:00,1512.0,1512.0,1512.0,1512.0,0.0,0.0,8.0
2018-02-02 21:10:00,1512.0,1512.0,1512.0,1512.0,0.0,0.0,8.0
2018-02-02 21:15:00,1512.0,1512.0,1512.0,1512.0,0.0,0.0,8.0
2018-02-02 21:20:00,1512.0,1512.0,1512.0,1512.0,0.0,0.0,8.0
2018-02-02 21:25:00,1512.0,1512.0,1512.0,1512.0,0.0,0.0,8.0
2018-02-02 21:30:00,1512.0,1512.0,1512.0,1512.0,0.0,0.0,8.0
2018-02-02 21:35:00,1512.0,1512.0,1512.0,1512.0,0.0,0.0,8.0
2018-02-02 21:40:00,1512.0,1512.0,1512.0,1512.0,0.0,0.0,8.0
2018-02-02 21:45:00,1512.0,1512.0,1512.0,1512.0,0.0,0.0,8.0
2018-02-02 21:50:00,1512.0,1512.0,1512.0,1512.0,0.0,0.0,8.0
2018-02-02 21:55:00,1512.0,1512.0,1512.0,1512.0,0.0,0.0,8.0
2018-02-02 22:00:00,1512.0,1512.0,1512.0,1512.0,0.0,0.0,8.0
2018-02-02 22:05:00,1512.0,1512.0,1512.0,1512.0,0.0,0.0,8.0
2018-02-02 22:10:00,1512.0,1512.0,1512.0,1512.0,0.0,0.0,8.0
2018-02-02 22:15:00,1512.0,1512.0,1512.0,1512.0,0.0,0.0,8.0
2018-02-02 22:20:00,1512.0,1512.0,1512.0,1512.0,0.0,0.0,8.0
2018-02-02 22:25:00,1512.0,1512.0,1512.0,1512.0,0.0,0.0,8.0
2018-02-02 22:30:00,1512.0,1512.0,1512.0,1512.0,0.0,0.0,8.0
2018-02-02 22:35:00,1512.0,1512.0,1512.0,1512.0,0.0,0.0,8.0
2018-02-02 22:40:00,1512.0,1512.0,1512.0,1512.0,0.0,0.0,8.0
2018-02-02 22:45:00,1512.0,1512.0,1512.0,1512.0,0.0,0.0,8.0
2018-02-02 22:50:00,1512.0,1512.0,1512.0,1512.0,0.0,0.0,8.0
2018-02-02 22:55:00,1512.0,1512.0,1512.0,1512.0,0.0,0.0,8.0
2018-02-02 23:00:00,1512.0,1512.0,1512.0,1512.0,0.0,0.0,8.0
2018-02-02 23:05:00,1512.0,1512.0,1512.0,1512.0,0.0,0.0,8.0
2018-02-02 23:10:00,1512.0,1512.0,1512.0,1512.0,0.0,0.0,8.0
2018-02-02 23:15:00,1512.0,1512.0,1512.0,1512.0,0.0,0.0,8.0
2018-02-02 23:20:00,1512.0,1512.0,1512.0,1512.0,0.0,0.0,8.0
2018-02-02 23:25:00,1512.0,1512.0,1512.0,1512.0,0.0,0.0,8.0
2018-02-05 09:00:00,1512.0,1512.0,1512.0,1512.0,0.0,0.0,8.0
2018-02-05 09:05:00,1512.0,1512.0,1512.0,1512.0,0.0,0.0,8.0
2018-02-05 09:10:00,1512.0,1512.0,1512.0,1512.0,0.0,0.0,8.0
2018-02-05 09:15:00,1512.0,1512.0,1512.0,1512.0,0.0,0.0,8.0
2018-02-05 09:20:00,1512.0,1512.0,1512.0,1512.0,0.0,0.0,8.0
2018-02-05 09:25:00,1512.0,1512.0,1512.0,1512.0,0.0,0.0,8.0
2018-02-05 09:30:00,1512.0,1512.0,1512.0,1512.0,0.0,0.0,8.0
2018-02-05 09:35:00,1512.0,1512.0,1512.0,1512.0,0.0,0.0,8.0
2018-02-05 09:40:00,1512.0,1512.0,1512.0,1512.0,0.0,0.0,8.0
2018-02-05 09:45:00,1512.0,1512.0,1512.0,1512.0,0.0,0.0,8.0
2018-02-05 09:50:00,1512.0,1512.0,1512.0,1512.0,0.0,0.0,8.0
2018-02-05 09:55:00,1512.0,1512.0,1512.0,1512.0,0.0,0.0,8.0
2018-02-05 10:00:00,1512.0,1512.0,1512.0,1512.0,0.0,0.0,8.0
2018-02-05 10:05:00,1512.0,1512.0,1512.0,1512.0,0.0,0.0,8.0
2018-02-05 10:10:00,1512.0,1512.0,1512.0,1512.0,0.0,0.0,8.0
2018-02-05 10:30:00,1512.0,1512.0,1512.0,1512.0,0.0,0.0,8.0
2018-02-05 10:35:00,1512.0,1512.0,1512.0,1512.0,0.0,0.0,8.0
2018-02-05 10:40:00,1512.0,1512.0,1512.0,1512.0,0.0,0.0,8.0
2018-02-05 10:45:00,1512.0,1512.0,1512.0,1512.0,0.0,0.0,8.0
2018-02-05 10:50:00,1512.0,1512.0,1512.0,1512.0,0.0,0.0,8.0
2018-02-05 10:55:00,1512.0,1512.0,1512.0,1512.0,0.0,0.0,8.0
2018-02-05 11:00:00,1512.0,1512.0,1512.0,1512.0,0.0,0.0,8.0
2018-02-05 11:05:00,1512.0,1512.0,1512.0,1512.0,0.0,0.0,8.0
2018-02-05 11:10:00,1512.0,1512.0,1512.0,1512.0,0.0,0.0,8.0
2018-02-05 11:15:00,1512.0,1512.0,1512.0,1512.0,0.0,0.0,8.0
2018-02-05 11:20:00,1512.0,1512.0,1512.0,1512.0,0.0,0.0,8.0
2018-02-05 11:25:00,1512.0,1512.0,1512.0,1512.0,0.0,0.0,8.0
2018-02-05 13:30:00,1512.0,1512.0,1512.0,1512.0,0.0,0.0,8.0
2018-02-05 13:35:00,1512.0,1512.0,1512.0,1512.0,0.0,0.0,8.0
2018-02-05 13:40:00,1512.0,1512.0,1512.0,1512.0,0.0,0.0,8.0
2018-02-05 13:45:00,1512.0,1512.0,1512.0,1512.0,0.0,0.0,8.0
2018-02-05 13:50:00,1512.0,1512.0,1512.0,1512.0,0.0,0.0,8.0
2018-02-05 13:55:00,1512.0,1512.0,1512.0,1512.0,0.0,0.0,8.0
2018-02-05 14:00:00,1512.0,1512.0,1512.0,1512.0,0.0,0.0,8.0
2018-02-05 14:05:00,1512.0,1512.0,1512.0,1512.0,0.0,0.0,8.0
2018-02-05 14:10:00,1512.0,1512.0,1512.0,1512.0,0.0,0.0,8.0
2018-02-05 14:15:00,1512.0,1512.0,1512.0,1512.0,0.0,0.0,8.0
2018-02-05 14:20:00,1512.0,1512.0,1512.0,1512.0,0.0,0.0,8.0
2018-02-05 14:25:00,1512.0,1512.0,1512.0,1512.0,0.0,0.0,8.0
2018-02-05 14:30:00,1512.0,1512.0,1512.0,1512.0,0.0,0.0,8.0
2018-02-05 14:35:00,1512.0,1512.0,1512.0,1512.0,0.0,0.0,8.0
2018-02-05 14:40:00,1512.0,1512.0,1512.0,1512.0,0.0,0.0,8.0
2018-02-05 14:45:00,1512.0,1512.0,1512.0,1512.0,0.0,0.0,8.0
2018-02-05 14:50:00,1512.0,1512.0,1512.0,1512.0,0.0,0.0,8.0
2018-02-05 14:55:00,1512.0,1512.0,1512.0,1512.0,0.0,0.0,8.0
2018-02-05 21:00:00,1512.0,1512.0,1512.0,1512.0,0.0,0.0,8.0
2018-02-05 21:05:00,1512.0,1512.0,1512.0,1512.0,0.0,0.0,8.0
2018-02-05 21:10:00,1512.0,1512.0,1512.0,1512.0,0.0,0.0,8.0
2018-02-05 21:15:00,1512.0,1512.0,1512.0,1512.0,0.0,0.0,8.0
2018-02-05 21:20:00,1512.0,1512.0,1512.0,1512.0,0.0,0.0,8.0
2018-02-05 21:25:00,1512.0,1512.0,1512.0,1512.0,0.0,0.0,8.0
2018-02-05 21:30:00,1512.0,1512.0,1512.0,1512.0,0.0,0.0,8.0
2018-02-05 21:35:00,1512.0,1512.0,1512.0,1512.0,0.0,0.0,8.0
2018-02-05 21:40:00,1512.0,1512.0,1512.0,1512.0,0.0,0.0,8.0
2018-02-05 21:45:00,1512.0,1512.0,1512.0,1512.0,0.0,0.0,8.0
2018-02-05 21:50:00,1512.0,1512.0,1512.0,1512.0,0.0,0.0,8.0
2018-02-05 21:55:00,1512.0,1512.0,1512.0,1512.0,0.0,0.0,8.0
2018-02-05 22:00:00,1512.0,1512.0,1512.0,1512.0,0.0,0.0,8.0
2018-02-05 22:05:00,1512.0,1512.0,1512.0,1512.0,0.0,0.0,8.0
2018-02-05 22:10:00,1512.0,1512.0,1512.0,1512.0,0.0,0.0,8.0
2018-02-05 22:15:00,1512.0,1512.0,1512.0,1512.0,0.0,0.0,8.0
2018-02-05 22:20:00,1512.0,1512.0,1512.0,1512.0,0.0,0.0,8.0
2018-02-05 22:25:00,1512.0,1512.0,1512.0,1512.0,0.0,0.0,8.0
2018-02-05 22:30:00,1512.0,1512.0,1512.0,1512.0,0.0,0.0,8.0
2018-02-05 22:35:00,1512.0,1512.0,1512.0,1512.0,0.0,0.0,8.0
2018-02-05 22:40:00,1512.0,1512.0,1512.0,1512.0,0.0,0.0,8.0
2018-02-05 22:45:00,1512.0,1512.0,1512.0,1512.0,0.0,0.0,8.0
2018-02-05 22:50:00,1512.0,1512.0,1512.0,1512.0,0.0,0.0,8.0
2018-02-05 22:55:00,1512.0,1512.0,1512.0,1512.0,0.0,0.0,8.0
2018-02-05 23:00:00,1512.0,1512.0,1512.0,1512.0,0.0,0.0,8.0
2018-02-05 23:05:00,1512.0,1512.0,1512.0,1512.0,0.0,0.0,8.0
2018-02-05 23:10:00,1512.0,1512.0,1512.0,1512.0,0.0,0.0,8.0
2018-02-05 23:15:00,1512.0,1512.0,1512.0,1512.0,0.0,0.0,8.0
2018-02-05 23:20:00,1512.0,1512.0,1512.0,1512.0,0.0,0.0,8.0
2018-02-05 23:25:00,1512.0,1512.0,1512.0,1512.0,0.0,0.0,8.0
2018-02-06 09:00:00,1514.0,1514.0,1514.0,1514.0,2.0,60560.0,10.0
2018-02-06 09:05:00,1514.0,1514.0,1514.0,1514.0,0.0,0.0,10.0
2018-02-06 09:10:00,1514.0,1514.0,1514.0,1514.0,0.0,0.0,10.0
2018-02-06 09:15:00,1514.0,1514.0,1514.0,1514.0,0.0,0.0,10.0
2018-02-06 09:20:00,1514.0,1514.0,1514.0,1514.0,0.0,0.0,10.0
2018-02-06 09:25:00,1514.0,1514.0,1514.0,1514.0,0.0,0.0,10.0
2018-02-06 09:30:00,1514.0,1514.0,1514.0,1514.0,0.0,0.0,10.0
2018-02-06 09:35:00,1514.0,1514.0,1514.0,1514.0,0.0,0.0,10.0
2018-02-06 09:40:00,1514.0,1514.0,1514.0,1514.0,0.0,0.0,10.0
2018-02-06 09:45:00,1514.0,1514.0,1514.0,1514.0,0.0,0.0,10.0
2018-02-06 09:50:00,1514.0,1514.0,1514.0,1514.0,0.0,0.0,10.0
2018-02-06 09:55:00,1514.0,1514.0,1514.0,1514.0,0.0,0.0,10.0
2018-02-06 10:00:00,1514.0,1514.0,1514.0,1514.0,0.0,0.0,10.0
2018-02-06 10:05:00,1514.0,1514.0,1514.0,1514.0,0.0,0.0,10.0
2018-02-06 10:10:00,1514.0,1514.0,1514.0,1514.0,0.0,0.0,10.0
2018-02-06 10:30:00,1514.0,1514.0,1514.0,1514.0,0.0,0.0,10.0
2018-02-06 10:35:00,1514.0,1514.0,1514.0,1514.0,0.0,0.0,10.0
2018-02-06 10:40:00,1514.0,1514.0,1514.0,1514.0,0.0,0.0,10.0
2018-02-06 10:45:00,1514.0,1514.0,1514.0,1514.0,0.0,0.0,10.0
2018-02-06 10:50:00,1514.0,1514.0,1514.0,1514.0,0.0,0.0,10.0
2018-02-06 10:55:00,1514.0,1514.0,1514.0,1514.0,0.0,0.0,10.0
2018-02-06 11:00:00,1514.0,1514.0,1514.0,1514.0,0.0,0.0,10.0
2018-02-06 11:05:00,1514.0,1514.0,1514.0,1514.0,0.0,0.0,10.0
2018-02-06 11:10:00,1514.0,1514.0,1514.0,1514.0,0.0,0.0,10.0
2018-02-06 11:15:00,1514.0,1514.0,1514.0,1514.0,0.0,0.0,10.0
2018-02-06 11:20:00,1514.0,1514.0,1514.0,1514.0,0.0,0.0,10.0
2018-02-06 11:25:00,1514.0,1514.0,1514.0,1514.0,0.0,0.0,10.0
2018-02-06 13:30:00,1514.0,1514.0,1514.0,1514.0,0.0,0.0,10.0
2018-02-06 13:35:00,1514.0,1514.0,1514.0,1514.0,0.0,0.0,10.0
2018-02-06 13:40:00,1514.0,1514.0,1514.0,1514.0,0.0,0.0,10.0
2018-02-06 13:45:00,1514.0,1514.0,1514.0,1514.0,0.0,0.0,10.0
2018-02-06 13:50:00,1514.0,1514.0,1514.0,1514.0,0.0,0.0,10.0
2018-02-06 13:55:00,1514.0,1514.0,1514.0,1514.0,0.0,0.0,10.0
2018-02-06 14:00:00,1514.0,1514.0,1514.0,1514.0,0.0,0.0,10.0
2018-02-06 14:05:00,1514.0,1514.0,1514.0,1514.0,0.0,0.0,10.0
2018-02-06 14:10:00,1514.0,1514.0,1514.0,1514.0,0.0,0.0,10.0
2018-02-06 14:15:00,1514.0,1514.0,1514.0,1514.0,0.0,0.0,10.0
2018-02-06 14:20:00,1514.0,1514.0,1514.0,1514.0,0.0,0.0,10.0
2018-02-06 14:25:00,1514.0,1514.0,1514.0,1514.0,0.0,0.0,10.0
2018-02-06 14:30:00,1514.0,1514.0,1514.0,1514.0,0.0,0.0,10.0
2018-02-06 14:35:00,1514.0,1514.0,1514.0,1514.0,0.0,0.0,10.0
2018-02-06 14:40:00,1514.0,1514.0,1514.0,1514.0,0.0,0.0,10.0
2018-02-06 14:45:00,1514.0,1514.0,1514.0,1514.0,0.0,0.0,10.0
2018-02-06 14:50:00,1514.0,1514.0,1514.0,1514.0,0.0,0.0,10.0
2018-02-06 14:55:00,1514.0,1514.0,1514.0,1514.0,0.0,0.0,10.0
2018-02-06 21:00:00,1514.0,1514.0,1514.0,1514.0,0.0,0.0,10.0
2018-02-06 21:05:00,1514.0,1514.0,1514.0,1514.0,0.0,0.0,10.0
2018-02-06 21:10:00,1514.0,1514.0,1514.0,1514.0,0.0,0.0,10.0
2018-02-06 21:15:00,1514.0,1514.0,1514.0,1514.0,0.0,0.0,10.0
2018-02-06 21:20:00,1514.0,1514.0,1514.0,1514.0,0.0,0.0,10.0
2018-02-06 21:25:00,1514.0,1514.0,1514.0,1514.0,0.0,0.0,10.0
2018-02-06 21:30:00,1514.0,1514.0,1514.0,1514.0,0.0,0.0,10.0
2018-02-06 21:35:00,1514.0,1514.0,1514.0,1514.0,0.0,0.0,10.0
2018-02-06 21:40:00,1514.0,1514.0,1514.0,1514.0,0.0,0.0,10.0
2018-02-06 21:45:00,1514.0,1514.0,1514.0,1514.0,0.0,0.0,10.0
2018-02-06 21:50:00,1514.0,1514.0,1514.0,1514.0,0.0,0.0,10.0
2018-02-06 21:55:00,1514.0,1514.0,1514.0,1514.0,0.0,0.0,10.0
2018-02-06 22:00:00,1514.0,1514.0,1514.0,1514.0,0.0,0.0,10.0
2018-02-06 22:05:00,1514.0,1514.0,1514.0,1514.0,0.0,0.0,10.0
2018-02-06 22:10:00,1514.0,1514.0,1514.0,1514.0,0.0,0.0,10.0
2018-02-06 22:15:00,1514.0,1514.0,1514.0,1514.0,0.0,0.0,10.0
2018-02-06 22:20:00,1514.0,1514.0,1514.0,1514.0,0.0,0.0,10.0
2018-02-06 22:25:00,1514.0,1514.0,1514.0,1514.0,0.0,0.0,10.0
2018-02-06 22:30:00,1514.0,1514.0,1514.0,1514.0,0.0,0.0,10.0
2018-02-06 22:35:00,1514.0,1514.0,1514.0,1514.0,0.0,0.0,10.0
2018-02-06 22:40:00,1514.0,1514.0,1514.0,1514.0,0.0,0.0,10.0
2018-02-06 22:45:00,1514.0,1514.0,1514.0,1514.0,0.0,0.0,10.0
2018-02-06 22:50:00,1514.0,1514.0,1514.0,1514.0,0.0,0.0,10.0
2018-02-06 22:55:00,1514.0,1514.0,1514.0,1514.0,0.0,0.0,10.0
2018-02-06 23:00:00,1514.0,1514.0,1514.0,1514.0,0.0,0.0,10.0
2018-02-06 23:05:00,1514.0,1514.0,1514.0,1514.0,0.0,0.0,10.0
2018-02-06 23:10:00,1514.0,1514.0,1514.0,1514.0,0.0,0.0,10.0
2018-02-06 23:15:00,1514.0,1514.0,1514.0,1514.0,0.0,0.0,10.0
2018-02-06 23:20:00,1514.0,1514.0,1514.0,1514.0,0.0,0.0,10.0
2018-02-06 23:25:00,1514.0,1514.0,1514.0,1514.0,0.0,0.0,10.0
2018-02-07 09:00:00,1514.0,1514.0,1514.0,1514.0,0.0,0.0,10.0
2018-02-07 09:05:00,1514.0,1514.0,1514.0,1514.0,0.0,0.0,10.0
2018-02-07 09:10:00,1514.0,1514.0,1514.0,1514.0,0.0,0.0,10.0
2018-02-07 09:15:00,1514.0,1514.0,1514.0,1514.0,0.0,0.0,10.0
2018-02-07 09:20:00,1514.0,1514.0,1514.0,1514.0,0.0,0.0,10.0
2018-02-07 09:25:00,1514.0,1514.0,1514.0,1514.0,0.0,0.0,10.0
2018-02-07 09:30:00,1514.0,1514.0,1514.0,1514.0,0.0,0.0,10.0
2018-02-07 09:35:00,1514.0,1514.0,1514.0,1514.0,0.0,0.0,10.0
2018-02-07 09:40:00,1514.0,1514.0,1514.0,1514.0,0.0,0.0,10.0
2018-02-07 09:45:00,1514.0,1514.0,1514.0,1514.0,0.0,0.0,10.0
2018-02-07 09:50:00,1514.0,1514.0,1514.0,1514.0,0.0,0.0,10.0
2018-02-07 09:55:00,1514.0,1514.0,1514.0,1514.0,0.0,0.0,10.0
2018-02-07 10:00:00,1514.0,1514.0,1514.0,1514.0,0.0,0.0,10.0
2018-02-07 10:05:00,1514.0,1514.0,1514.0,1514.0,0.0,0.0,10.0
2018-02-07 10:10:00,1514.0,1514.0,1514.0,1514.0,0.0,0.0,10.0
2018-02-07 10:30:00,1514.0,1514.0,1514.0,1514.0,0.0,0.0,10.0
2018-02-07 10:35:00,1514.0,1514.0,1514.0,1514.0,0.0,0.0,10.0
2018-02-07 10:40:00,1514.0,1514.0,1514.0,1514.0,0.0,0.0,10.0
2018-02-07 10:45:00,1514.0,1514.0,1514.0,1514.0,0.0,0.0,10.0
2018-02-07 10:50:00,1514.0,1514.0,1514.0,1514.0,0.0,0.0,10.0
2018-02-07 10:55:00,1514.0,1514.0,1514.0,1514.0,0.0,0.0,10.0
2018-02-07 11:00:00,1514.0,1514.0,1514.0,1514.0,0.0,0.0,10.0
2018-02-07 11:05:00,1514.0,1514.0,1514.0,1514.0,0.0,0.0,10.0
2018-02-07 11:10:00,1514.0,1514.0,1514.0,1514.0,0.0,0.0,10.0
2018-02-07 11:15:00,1514.0,1514.0,1514.0,1514.0,0.0,0.0,10.0
2018-02-07 11:20:00,1514.0,1514.0,1514.0,1514.0,0.0,0.0,10.0
2018-02-07 11:25:00,1514.0,1514.0,1514.0,1514.0,0.0,0.0,10.0
2018-02-07 13:30:00,1514.0,1514.0,1514.0,1514.0,0.0,0.0,10.0
2018-02-07 13:35:00,1514.0,1514.0,1514.0,1514.0,0.0,0.0,10.0
2018-02-07 13:40:00,1514.0,1514.0,1514.0,1514.0,0.0,0.0,10.0
2018-02-07 13:45:00,1514.0,1514.0,1514.0,1514.0,0.0,0.0,10.0
2018-02-07 13:50:00,1514.0,1514.0,1514.0,1514.0,0.0,0.0,10.0
2018-02-07 13:55:00,1514.0,1514.0,1514.0,1514.0,0.0,0.0,10.0
2018-02-07 14:00:00,1514.0,1514.0,1514.0,1514.0,0.0,0.0,10.0
2018-02-07 14:05:00,1514.0,1514.0,1514.0,1514.0,0.0,0.0,10.0
2018-02-07 14:10:00,1514.0,1514.0,1514.0,1514.0,0.0,0.0,10.0
2018-02-07 14:15:00,1514.0,1514.0,1514.0,1514.0,0.0,0.0,10.0
2018-02-07 14:20:00,1514.0,1514.0,1514.0,1514.0,0.0,0.0,10.0
2018-02-07 14:25:00,1514.0,1514.0,1514.0,1514.0,0.0,0.0,10.0
2018-02-07 14:30:00,1514.0,1514.0,1514.0,1514.0,0.0,0.0,10.0
2018-02-07 14:35:00,1514.0,1514.0,1514.0,1514.0,0.0,0.0,10.0
2018-02-07 14:40:00,1514.0,1514.0,1514.0,1514.0,0.0,0.0,10.0
2018-02-07 14:45:00,1514.0,1514.0,1514.0,1514.0,0.0,0.0,10.0
2018-02-07 14:50:00,1514.0,1514.0,1514.0,1514.0,0.0,0.0,10.0
2018-02-07 14:55:00,1514.0,1514.0,1514.0,1514.0,0.0,0.0,10.0
2018-02-07 21:00:00,1514.0,1514.0,1514.0,1514.0,0.0,0.0,10.0
2018-02-07 21:05:00,1514.0,1514.0,1514.0,1514.0,0.0,0.0,10.0
2018-02-07 21:10:00,1514.0,1514.0,1514.0,1514.0,0.0,0.0,10.0
2018-02-07 21:15:00,1514.0,1514.0,1514.0,1514.0,0.0,0.0,10.0
2018-02-07 21:20:00,1514.0,1514.0,1514.0,1514.0,0.0,0.0,10.0
2018-02-07 21:25:00,1514.0,1514.0,1514.0,1514.0,0.0,0.0,10.0
2018-02-07 21:30:00,1514.0,1514.0,1514.0,1514.0,0.0,0.0,10.0
2018-02-07 21:35:00,1514.0,1514.0,1514.0,1514.0,0.0,0.0,10.0
2018-02-07 21:40:00,1514.0,1514.0,1514.0,1514.0,0.0,0.0,10.0
2018-02-07 21:45:00,1514.0,1514.0,1514.0,1514.0,0.0,0.0,10.0
2018-02-07 21:50:00,1514.0,1514.0,1514.0,1514.0,0.0,0.0,10.0
2018-02-07 21:55:00,1514.0,1514.0,1514.0,1514.0,0.0,0.0,10.0
2018-02-07 22:00:00,1514.0,1514.0,1514.0,1514.0,0.0,0.0,10.0
2018-02-07 22:05:00,1514.0,1514.0,1514.0,1514.0,0.0,0.0,10.0
2018-02-07 22:10:00,1514.0,1514.0,1514.0,1514.0,0.0,0.0,10.0
2018-02-07 22:15:00,1514.0,1514.0,1514.0,1514.0,0.0,0.0,10.0
2018-02-07 22:20:00,1514.0,1514.0,1514.0,1514.0,0.0,0.0,10.0
2018-02-07 22:25:00,1514.0,1514.0,1514.0,1514.0,0.0,0.0,10.0
2018-02-07 22:30:00,1514.0,1514.0,1514.0,1514.0,0.0,0.0,10.0
2018-02-07 22:35:00,1514.0,1514.0,1514.0,1514.0,0.0,0.0,10.0
2018-02-07 22:40:00,1514.0,1514.0,1514.0,1514.0,0.0,0.0,10.0
2018-02-07 22:45:00,1514.0,1514.0,1514.0,1514.0,0.0,0.0,10.0
2018-02-07 22:50:00,1514.0,1514.0,1514.0,1514.0,0.0,0.0,10.0
2018-02-07 22:55:00,1514.0,1514.0,1514.0,1514.0,0.0,0.0,10.0
2018-02-07 23:00:00,1514.0,1514.0,1514.0,1514.0,0.0,0.0,10.0
2018-02-07 23:05:00,1514.0,1514.0,1514.0,1514.0,0.0,0.0,10.0
2018-02-07 23:10:00,1514.0,1514.0,1514.0,1514.0,0.0,0.0,10.0
2018-02-07 23:15:00,1514.0,1514.0,1514.0,1514.0,0.0,0.0,10.0
2018-02-07 23:20:00,1514.0,1514.0,1514.0,1514.0,0.0,0.0,10.0
2018-02-07 23:25:00,1514.0,1514.0,1514.0,1514.0,0.0,0.0,10.0
2018-02-08 09:00:00,1514.0,1514.0,1514.0,1514.0,0.0,0.0,10.0
2018-02-08 09:05:00,1514.0,1514.0,1514.0,1514.0,0.0,0.0,10.0
2018-02-08 09:10:00,1514.0,1514.0,1514.0,1514.0,0.0,0.0,10.0
2018-02-08 09:15:00,1514.0,1514.0,1514.0,1514.0,0.0,0.0,10.0
2018-02-08 09:20:00,1514.0,1514.0,1514.0,1514.0,0.0,0.0,10.0
2018-02-08 09:25:00,1514.0,1514.0,1514.0,1514.0,0.0,0.0,10.0
2018-02-08 09:30:00,1514.0,1514.0,1514.0,1514.0,0.0,0.0,10.0
2018-02-08 09:35:00,1514.0,1514.0,1514.0,1514.0,0.0,0.0,10.0
2018-02-08 09:40:00,1514.0,1514.0,1514.0,1514.0,0.0,0.0,10.0
2018-02-08 09:45:00,1514.0,1514.0,1514.0,1514.0,0.0,0.0,10.0
2018-02-08 09:50:00,1514.0,1514.0,1514.0,1514.0,0.0,0.0,10.0
2018-02-08 09:55:00,1514.0,1514.0,1514.0,1514.0,0.0,0.0,10.0
2018-02-08 10:00:00,1514.0,1514.0,1514.0,1514.0,0.0,0.0,10.0
2018-02-08 10:05:00,1514.0,1514.0,1514.0,1514.0,0.0,0.0,10.0
2018-02-08 10:10:00,1514.0,1514.0,1514.0,1514.0,0.0,0.0,10.0
2018-02-08 10:30:00,1514.0,1514.0,1514.0,1514.0,0.0,0.0,10.0
2018-02-08 10:35:00,1514.0,1514.0,1514.0,1514.0,0.0,0.0,10.0
2018-02-08 10:40:00,1514.0,1514.0,1514.0,1514.0,0.0,0.0,10.0
2018-02-08 10:45:00,1514.0,1514.0,1514.0,1514.0,0.0,0.0,10.0
2018-02-08 10:50:00,1514.0,1514.0,1514.0,1514.0,0.0,0.0,10.0
2018-02-08 10:55:00,1514.0,1514.0,1514.0,1514.0,0.0,0.0,10.0
2018-02-08 11:00:00,1514.0,1514.0,1514.0,1514.0,0.0,0.0,10.0
2018-02-08 11:05:00,1514.0,1514.0,1514.0,1514.0,0.0,0.0,10.0
2018-02-08 11:10:00,1514.0,1514.0,1514.0,1514.0,0.0,0.0,10.0
2018-02-08 11:15:00,1514.0,1514.0,1514.0,1514.0,0.0,0.0,10.0
2018-02-08 11:20:00,1514.0,1514.0,1514.0,1514.0,0.0,0.0,10.0
2018-02-08 11:25:00,1514.0,1514.0,1514.0,1514.0,0.0,0.0,10.0
2018-02-08 13:30:00,1514.0,1514.0,1514.0,1514.0,0.0,0.0,10.0
2018-02-08 13:35:00,1514.0,1514.0,1514.0,1514.0,0.0,0.0,10.0
2018-02-08 13:40:00,1514.0,1514.0,1514.0,1514.0,0.0,0.0,10.0
2018-02-08 13:45:00,1514.0,1514.0,1514.0,1514.0,0.0,0.0,10.0
2018-02-08 13:50:00,1514.0,1514.0,1514.0,1514.0,0.0,0.0,10.0
2018-02-08 13:55:00,1514.0,1514.0,1514.0,1514.0,0.0,0.0,10.0
2018-02-08 14:00:00,1514.0,1514.0,1514.0,1514.0,0.0,0.0,10.0
2018-02-08 14:05:00,1514.0,1514.0,1514.0,1514.0,0.0,0.0,10.0
2018-02-08 14:10:00,1514.0,1514.0,1514.0,1514.0,0.0,0.0,10.0
2018-02-08 14:15:00,1514.0,1514.0,1514.0,1514.0,0.0,0.0,10.0
2018-02-08 14:20:00,1514.0,1514.0,1514.0,1514.0,0.0,0.0,10.0
2018-02-08 14:25:00,1514.0,1514.0,1514.0,1514.0,0.0,0.0,10.0
2018-02-08 14:30:00,1514.0,1514.0,1514.0,1514.0,0.0,0.0,10.0
2018-02-08 14:35:00,1514.0,1514.0,1514.0,1514.0,0.0,0.0,10.0
2018-02-08 14:40:00,1514.0,1514.0,1514.0,1514.0,0.0,0.0,10.0
2018-02-08 14:45:00,1514.0,1514.0,1514.0,1514.0,0.0,0.0,10.0
2018-02-08 14:50:00,1514.0,1514.0,1514.0,1514.0,0.0,0.0,10.0
2018-02-08 14:55:00,1514.0,1514.0,1514.0,1514.0,0.0,0.0,10.0
2018-02-08 21:00:00,1506.0,1506.0,1506.0,1506.0,0.0,0.0,10.0
2018-02-08 21:05:00,1506.0,1506.0,1506.0,1506.0,0.0,0.0,10.0
2018-02-08 21:10:00,1506.0,1506.0,1506.0,1506.0,0.0,0.0,10.0
2018-02-08 21:15:00,1506.0,1506.0,1506.0,1506.0,0.0,0.0,10.0
2018-02-08 21:20:00,1506.0,1506.0,1506.0,1506.0,0.0,0.0,10.0
2018-02-08 21:25:00,1506.0,1506.0,1506.0,1506.0,0.0,0.0,10.0
2018-02-08 21:30:00,1506.0,1506.0,1506.0,1506.0,0.0,0.0,10.0
2018-02-08 21:35:00,1506.0,1506.0,1506.0,1506.0,0.0,0.0,10.0
2018-02-08 21:40:00,1506.0,1506.0,1506.0,1506.0,0.0,0.0,10.0
2018-02-08 21:45:00,1506.0,1506.0,1506.0,1506.0,0.0,0.0,10.0
2018-02-08 21:50:00,1506.0,1506.0,1506.0,1506.0,0.0,0.0,10.0
2018-02-08 21:55:00,1506.0,1506.0,1506.0,1506.0,0.0,0.0,10.0
2018-02-08 22:00:00,1506.0,1506.0,1506.0,1506.0,0.0,0.0,10.0
2018-02-08 22:05:00,1506.0,1506.0,1506.0,1506.0,0.0,0.0,10.0
2018-02-08 22:10:00,1506.0,1506.0,1506.0,1506.0,0.0,0.0,10.0
2018-02-08 22:15:00,1506.0,1506.0,1506.0,1506.0,0.0,0.0,10.0
2018-02-08 22:20:00,1506.0,1506.0,1506.0,1506.0,0.0,0.0,10.0
2018-02-08 22:25:00,1506.0,1506.0,1506.0,1506.0,0.0,0.0,10.0
2018-02-08 22:30:00,1506.0,1506.0,1506.0,1506.0,0.0,0.0,10.0
2018-02-08 22:35:00,1506.0,1506.0,1506.0,1506.0,0.0,0.0,10.0
2018-02-08 22:40:00,1506.0,1506.0,1506.0,1506.0,0.0,0.0,10.0
2018-02-08 22:45:00,1506.0,1506.0,1506.0,1506.0,0.0,0.0,10.0
2018-02-08 22:50:00,1506.0,1506.0,1506.0,1506.0,0.0,0.0,10.0
2018-02-08 22:55:00,1506.0,1506.0,1506.0,1506.0,0.0,0.0,10.0
2018-02-08 23:00:00,1506.0,1506.0,1506.0,1506.0,0.0,0.0,10.0
2018-02-08 23:05:00,1506.0,1506.0,1506.0,1506.0,0.0,0.0,10.0
2018-02-08 23:10:00,1506.0,1506.0,1506.0,1506.0,0.0,0.0,10.0
2018-02-08 23:15:00,1506.0,1506.0,1506.0,1506.0,0.0,0.0,10.0
2018-02-08 23:20:00,1506.0,1506.0,1506.0,1506.0,0.0,0.0,10.0
2018-02-08 23:25:00,1506.0,1506.0,1506.0,1506.0,0.0,0.0,10.0
2018-02-09 09:00:00,1506.0,1506.0,1506.0,1506.0,0.0,0.0,10.0
2018-02-09 09:05:00,1506.0,1506.0,1506.0,1506.0,0.0,0.0,10.0
2018-02-09 09:10:00,1506.0,1506.0,1506.0,1506.0,0.0,0.0,10.0
2018-02-09 09:15:00,1506.0,1506.0,1506.0,1506.0,0.0,0.0,10.0
2018-02-09 09:20:00,1506.0,1506.0,1506.0,1506.0,0.0,0.0,10.0
2018-02-09 09:25:00,1506.0,1506.0,1506.0,1506.0,0.0,0.0,10.0
2018-02-09 09:30:00,1506.0,1506.0,1506.0,1506.0,0.0,0.0,10.0
2018-02-09 09:35:00,1506.0,1506.0,1506.0,1506.0,0.0,0.0,10.0
2018-02-09 09:40:00,1506.0,1506.0,1506.0,1506.0,0.0,0.0,10.0
2018-02-09 09:45:00,1506.0,1506.0,1506.0,1506.0,0.0,0.0,10.0
2018-02-09 09:50:00,1506.0,1506.0,1506.0,1506.0,0.0,0.0,10.0
2018-02-09 09:55:00,1506.0,1506.0,1506.0,1506.0,0.0,0.0,10.0
2018-02-09 10:00:00,1506.0,1506.0,1506.0,1506.0,0.0,0.0,10.0
2018-02-09 10:05:00,1506.0,1506.0,1506.0,1506.0,0.0,0.0,10.0
2018-02-09 10:10:00,1506.0,1506.0,1506.0,1506.0,0.0,0.0,10.0
2018-02-09 10:30:00,1506.0,1506.0,1506.0,1506.0,0.0,0.0,10.0
2018-02-09 10:35:00,1506.0,1506.0,1506.0,1506.0,0.0,0.0,10.0
2018-02-09 10:40:00,1506.0,1506.0,1506.0,1506.0,0.0,0.0,10.0
2018-02-09 10:45:00,1506.0,1506.0,1506.0,1506.0,0.0,0.0,10.0
2018-02-09 10:50:00,1506.0,1506.0,1506.0,1506.0,0.0,0.0,10.0
2018-02-09 10:55:00,1506.0,1506.0,1506.0,1506.0,0.0,0.0,10.0
2018-02-09 11:00:00,1506.0,1506.0,1506.0,1506.0,0.0,0.0,10.0
2018-02-09 11:05:00,1506.0,1506.0,1506.0,1506.0,0.0,0.0,10.0
2018-02-09 11:10:00,1506.0,1506.0,1506.0,1506.0,0.0,0.0,10.0
2018-02-09 11:15:00,1506.0,1506.0,1506.0,1506.0,0.0,0.0,10.0
2018-02-09 11:20:00,1506.0,1506.0,1506.0,1506.0,0.0,0.0,10.0
2018-02-09 11:25:00,1506.0,1506.0,1506.0,1506.0,0.0,0.0,10.0
2018-02-09 13:30:00,1506.0,1506.0,1506.0,1506.0,0.0,0.0,10.0
2018-02-09 13:35:00,1506.0,1506.0,1506.0,1506.0,0.0,0.0,10.0
2018-02-09 13:40:00,1506.0,1506.0,1506.0,1506.0,0.0,0.0,10.0
2018-02-09 13:45:00,1506.0,1506.0,1506.0,1506.0,0.0,0.0,10.0
2018-02-09 13:50:00,1506.0,1506.0,1506.0,1506.0,0.0,0.0,10.0
2018-02-09 13:55:00,1506.0,1506.0,1506.0,1506.0,0.0,0.0,10.0
2018-02-09 14:00:00,1506.0,1506.0,1506.0,1506.0,0.0,0.0,10.0
2018-02-09 14:05:00,1506.0,1506.0,1506.0,1506.0,0.0,0.0,10.0
2018-02-09 14:10:00,1506.0,1506.0,1506.0,1506.0,0.0,0.0,10.0
2018-02-09 14:15:00,1506.0,1506.0,1506.0,1506.0,0.0,0.0,10.0
2018-02-09 14:20:00,1506.0,1506.0,1506.0,1506.0,0.0,0.0,10.0
2018-02-09 14:25:00,1506.0,1506.0,1506.0,1506.0,0.0,0.0,10.0
2018-02-09 14:30:00,1506.0,1506.0,1506.0,1506.0,0.0,0.0,10.0
2018-02-09 14:35:00,1506.0,1506.0,1506.0,1506.0,0.0,0.0,10.0
2018-02-09 14:40:00,1506.0,1506.0,1494.0,1494.0,2.0,59760.0,10.0
2018-02-09 14:45:00,1494.0,1494.0,1494.0,1494.0,0.0,0.0,10.0
2018-02-09 14:50:00,1494.0,1494.0,1494.0,1494.0,0.0,0.0,10.0
2018-02-09 14:55:00,1494.0,1494.0,1494.0,1494.0,0.0,0.0,10.0
2018-02-09 21:00:00,1494.0,1494.0,1494.0,1494.0,0.0,0.0,10.0
2018-02-09 21:05:00,1494.0,1494.0,1494.0,1494.0,0.0,0.0,10.0
2018-02-09 21:10:00,1494.0,1494.0,1494.0,1494.0,0.0,0.0,10.0
2018-02-09 21:15:00,1494.0,1494.0,1494.0,1494.0,0.0,0.0,10.0
2018-02-09 21:20:00,1494.0,1494.0,1494.0,1494.0,0.0,0.0,10.0
2018-02-09 21:25:00,1494.0,1494.0,1494.0,1494.0,0.0,0.0,10.0
2018-02-09 21:30:00,1494.0,1494.0,1494.0,1494.0,0.0,0.0,10.0
2018-02-09 21:35:00,1494.0,1494.0,1494.0,1494.0,0.0,0.0,10.0
2018-02-09 21:40:00,1494.0,1494.0,1494.0,1494.0,0.0,0.0,10.0
2018-02-09 21:45:00,1494.0,1494.0,1494.0,1494.0,0.0,0.0,10.0
2018-02-09 21:50:00,1494.0,1494.0,1494.0,1494.0,0.0,0.0,10.0
2018-02-09 21:55:00,1494.0,1494.0,1494.0,1494.0,0.0,0.0,10.0
2018-02-09 22:00:00,1494.0,1494.0,1494.0,1494.0,0.0,0.0,10.0
2018-02-09 22:05:00,1494.0,1494.0,1494.0,1494.0,0.0,0.0,10.0
2018-02-09 22:10:00,1494.0,1494.0,1494.0,1494.0,0.0,0.0,10.0
2018-02-09 22:15:00,1494.0,1494.0,1494.0,1494.0,0.0,0.0,10.0
2018-02-09 22:20:00,1494.0,1494.0,1494.0,1494.0,0.0,0.0,10.0
2018-02-09 22:25:00,1494.0,1494.0,1494.0,1494.0,0.0,0.0,10.0
2018-02-09 22:30:00,1494.0,1494.0,1494.0,1494.0,0.0,0.0,10.0
2018-02-09 22:35:00,1494.0,1494.0,1494.0,1494.0,0.0,0.0,10.0
2018-02-09 22:40:00,1494.0,1494.0,1494.0,1494.0,0.0,0.0,10.0
2018-02-09 22:45:00,1494.0,1494.0,1494.0,1494.0,0.0,0.0,10.0
2018-02-09 22:50:00,1494.0,1494.0,1494.0,1494.0,0.0,0.0,10.0
2018-02-09 22:55:00,1494.0,1494.0,1494.0,1494.0,0.0,0.0,10.0
2018-02-09 23:00:00,1494.0,1494.0,1494.0,1494.0,0.0,0.0,10.0
2018-02-09 23:05:00,1494.0,1494.0,1494.0,1494.0,0.0,0.0,10.0
2018-02-09 23:10:00,1494.0,1494.0,1494.0,1494.0,0.0,0.0,10.0
2018-02-09 23:15:00,1494.0,1494.0,1494.0,1494.0,0.0,0.0,10.0
2018-02-09 23:20:00,1494.0,1494.0,1494.0,1494.0,0.0,0.0,10.0
2018-02-09 23:25:00,1494.0,1494.0,1494.0,1494.0,0.0,0.0,10.0
2018-02-12 09:00:00,1494.0,1494.0,1494.0,1494.0,0.0,0.0,10.0
2018-02-12 09:05:00,1494.0,1494.0,1494.0,1494.0,0.0,0.0,10.0
2018-02-12 09:10:00,1494.0,1494.0,1494.0,1494.0,0.0,0.0,10.0
2018-02-12 09:15:00,1494.0,1494.0,1494.0,1494.0,0.0,0.0,10.0
2018-02-12 09:20:00,1494.0,1494.0,1494.0,1494.0,0.0,0.0,10.0
2018-02-12 09:25:00,1494.0,1494.0,1494.0,1494.0,0.0,0.0,10.0
2018-02-12 09:30:00,1494.0,1494.0,1494.0,1494.0,0.0,0.0,10.0
2018-02-12 09:35:00,1494.0,1494.0,1494.0,1494.0,0.0,0.0,10.0
2018-02-12 09:40:00,1494.0,1494.0,1494.0,1494.0,0.0,0.0,10.0
2018-02-12 09:45:00,1494.0,1494.0,1494.0,1494.0,0.0,0.0,10.0
2018-02-12 09:50:00,1494.0,1494.0,1494.0,1494.0,0.0,0.0,10.0
2018-02-12 09:55:00,1494.0,1494.0,1494.0,1494.0,0.0,0.0,10.0
2018-02-12 10:00:00,1494.0,1494.0,1494.0,1494.0,0.0,0.0,10.0
2018-02-12 10:05:00,1494.0,1494.0,1494.0,1494.0,0.0,0.0,10.0
2018-02-12 10:10:00,1494.0,1494.0,1494.0,1494.0,0.0,0.0,10.0
2018-02-12 10:30:00,1494.0,1494.0,1494.0,1494.0,0.0,0.0,10.0
2018-02-12 10:35:00,1494.0,1494.0,1494.0,1494.0,0.0,0.0,10.0
2018-02-12 10:40:00,1494.0,1494.0,1494.0,1494.0,0.0,0.0,10.0
2018-02-12 10:45:00,1494.0,1494.0,1494.0,1494.0,0.0,0.0,10.0
2018-02-12 10:50:00,1494.0,1494.0,1494.0,1494.0,0.0,0.0,10.0
2018-02-12 10:55:00,1494.0,1494.0,1494.0,1494.0,0.0,0.0,10.0
2018-02-12 11:00:00,1494.0,1494.0,1494.0,1494.0,0.0,0.0,10.0
2018-02-12 11:05:00,1494.0,1494.0,1494.0,1494.0,0.0,0.0,10.0
2018-02-12 11:10:00,1494.0,1494.0,1494.0,1494.0,0.0,0.0,10.0
2018-02-12 11:15:00,1494.0,1494.0,1494.0,1494.0,0.0,0.0,10.0
2018-02-12 11:20:00,1494.0,1494.0,1494.0,1494.0,0.0,0.0,10.0
2018-02-12 11:25:00,1494.0,1494.0,1494.0,1494.0,0.0,0.0,10.0
2018-02-12 13:30:00,1494.0,1494.0,1494.0,1494.0,0.0,0.0,10.0
2018-02-12 13:35:00,1494.0,1494.0,1494.0,1494.0,0.0,0.0,10.0
2018-02-12 13:40:00,1494.0,1494.0,1494.0,1494.0,0.0,0.0,10.0
2018-02-12 13:45:00,1494.0,1494.0,1494.0,1494.0,0.0,0.0,10.0
2018-02-12 13:50:00,1494.0,1494.0,1494.0,1494.0,0.0,0.0,10.0
2018-02-12 13:55:00,1494.0,1494.0,1494.0,1494.0,0.0,0.0,10.0
2018-02-12 14:00:00,1494.0,1494.0,1494.0,1494.0,0.0,0.0,10.0
2018-02-12 14:05:00,1494.0,1494.0,1494.0,1494.0,0.0,0.0,10.0
2018-02-12 14:10:00,1494.0,1494.0,1494.0,1494.0,0.0,0.0,10.0
2018-02-12 14:15:00,1494.0,1494.0,1494.0,1494.0,0.0,0.0,10.0
2018-02-12 14:20:00,1494.0,1494.0,1494.0,1494.0,0.0,0.0,10.0
2018-02-12 14:25:00,1494.0,1494.0,1494.0,1494.0,0.0,0.0,10.0
2018-02-12 14:30:00,1494.0,1494.0,1494.0,1494.0,0.0,0.0,10.0
2018-02-12 14:35:00,1494.0,1494.0,1494.0,1494.0,0.0,0.0,10.0
2018-02-12 14:40:00,1494.0,1494.0,1494.0,1494.0,0.0,0.0,10.0
2018-02-12 14:45:00,1494.0,1494.0,1494.0,1494.0,0.0,0.0,10.0
2018-02-12 14:50:00,1494.0,1494.0,1494.0,1494.0,0.0,0.0,10.0
2018-02-12 14:55:00,1494.0,1494.0,1494.0,1494.0,0.0,0.0,10.0
2018-02-12 21:00:00,1479.0,1479.0,1479.0,1479.0,0.0,0.0,10.0
2018-02-12 21:05:00,1479.0,1479.0,1479.0,1479.0,0.0,0.0,10.0
2018-02-12 21:10:00,1479.0,1479.0,1479.0,1479.0,0.0,0.0,10.0
2018-02-12 21:15:00,1479.0,1479.0,1479.0,1479.0,0.0,0.0,10.0
2018-02-12 21:20:00,1479.0,1479.0,1479.0,1479.0,0.0,0.0,10.0
2018-02-12 21:25:00,1479.0,1479.0,1479.0,1479.0,0.0,0.0,10.0
2018-02-12 21:30:00,1479.0,1479.0,1479.0,1479.0,0.0,0.0,10.0
2018-02-12 21:35:00,1479.0,1479.0,1479.0,1479.0,0.0,0.0,10.0
2018-02-12 21:40:00,1479.0,1479.0,1479.0,1479.0,0.0,0.0,10.0
2018-02-12 21:45:00,1479.0,1479.0,1479.0,1479.0,0.0,0.0,10.0
2018-02-12 21:50:00,1479.0,1479.0,1479.0,1479.0,0.0,0.0,10.0
2018-02-12 21:55:00,1479.0,1479.0,1479.0,1479.0,0.0,0.0,10.0
2018-02-12 22:00:00,1479.0,1479.0,1479.0,1479.0,0.0,0.0,10.0
2018-02-12 22:05:00,1479.0,1479.0,1479.0,1479.0,0.0,0.0,10.0
2018-02-12 22:10:00,1479.0,1479.0,1479.0,1479.0,0.0,0.0,10.0
2018-02-12 22:15:00,1479.0,1479.0,1479.0,1479.0,0.0,0.0,10.0
2018-02-12 22:20:00,1479.0,1479.0,1479.0,1479.0,0.0,0.0,10.0
2018-02-12 22:25:00,1479.0,1479.0,1479.0,1479.0,0.0,0.0,10.0
2018-02-12 22:30:00,1479.0,1479.0,1479.0,1479.0,0.0,0.0,10.0
2018-02-12 22:35:00,1479.0,1479.0,1479.0,1479.0,0.0,0.0,10.0
2018-02-12 22:40:00,1479.0,1479.0,1479.0,1479.0,0.0,0.0,10.0
2018-02-12 22:45:00,1479.0,1479.0,1479.0,1479.0,0.0,0.0,10.0
2018-02-12 22:50:00,1479.0,1479.0,1479.0,1479.0,0.0,0.0,10.0
2018-02-12 22:55:00,1479.0,1479.0,1479.0,1479.0,0.0,0.0,10.0
2018-02-12 23:00:00,1479.0,1479.0,1479.0,1479.0,0.0,0.0,10.0
2018-02-12 23:05:00,1479.0,1479.0,1479.0,1479.0,0.0,0.0,10.0
2018-02-12 23:10:00,1479.0,1479.0,1479.0,1479.0,0.0,0.0,10.0
2018-02-12 23:15:00,1479.0,1479.0,1479.0,1479.0,0.0,0.0,10.0
2018-02-12 23:20:00,1479.0,1479.0,1479.0,1479.0,0.0,0.0,10.0
2018-02-12 23:25:00,1479.0,1479.0,1479.0,1479.0,0.0,0.0,10.0
2018-02-13 09:00:00,1479.0,1479.0,1479.0,1479.0,0.0,0.0,10.0
2018-02-13 09:05:00,1479.0,1479.0,1479.0,1479.0,0.0,0.0,10.0
2018-02-13 09:10:00,1479.0,1479.0,1479.0,1479.0,0.0,0.0,10.0
2018-02-13 09:15:00,1479.0,1479.0,1479.0,1479.0,0.0,0.0,10.0
2018-02-13 09:20:00,1479.0,1479.0,1479.0,1479.0,0.0,0.0,10.0
2018-02-13 09:25:00,1479.0,1479.0,1479.0,1479.0,0.0,0.0,10.0
2018-02-13 09:30:00,1479.0,1479.0,1479.0,1479.0,0.0,0.0,10.0
2018-02-13 09:35:00,1479.0,1479.0,1479.0,1479.0,0.0,0.0,10.0
2018-02-13 09:40:00,1479.0,1479.0,1479.0,1479.0,0.0,0.0,10.0
2018-02-13 09:45:00,1479.0,1479.0,1479.0,1479.0,0.0,0.0,10.0
2018-02-13 09:50:00,1479.0,1479.0,1479.0,1479.0,0.0,0.0,10.0
2018-02-13 09:55:00,1479.0,1479.0,1479.0,1479.0,0.0,0.0,10.0
2018-02-13 10:00:00,1479.0,1479.0,1479.0,1479.0,0.0,0.0,10.0
2018-02-13 10:05:00,1479.0,1479.0,1479.0,1479.0,0.0,0.0,10.0
2018-02-13 10:10:00,1479.0,1479.0,1479.0,1479.0,0.0,0.0,10.0
2018-02-13 10:30:00,1479.0,1479.0,1479.0,1479.0,0.0,0.0,10.0
2018-02-13 10:35:00,1479.0,1479.0,1479.0,1479.0,0.0,0.0,10.0
2018-02-13 10:40:00,1479.0,1479.0,1479.0,1479.0,0.0,0.0,10.0
2018-02-13 10:45:00,1479.0,1479.0,1479.0,1479.0,0.0,0.0,10.0
2018-02-13 10:50:00,1479.0,1479.0,1479.0,1479.0,0.0,0.0,10.0
2018-02-13 10:55:00,1479.0,1479.0,1479.0,1479.0,0.0,0.0,10.0
2018-02-13 11:00:00,1479.0,1479.0,1479.0,1479.0,0.0,0.0,10.0
2018-02-13 11:05:00,1479.0,1479.0,1479.0,1479.0,0.0,0.0,10.0
2018-02-13 11:10:00,1479.0,1479.0,1479.0,1479.0,0.0,0.0,10.0
2018-02-13 11:15:00,1479.0,1479.0,1479.0,1479.0,0.0,0.0,10.0
2018-02-13 11:20:00,1479.0,1479.0,1479.0,1479.0,0.0,0.0,10.0
2018-02-13 11:25:00,1479.0,1479.0,1479.0,1479.0,0.0,0.0,10.0
2018-02-13 13:30:00,1479.0,1479.0,1479.0,1479.0,0.0,0.0,10.0
2018-02-13 13:35:00,1479.0,1479.0,1479.0,1479.0,0.0,0.0,10.0
2018-02-13 13:40:00,1479.0,1479.0,1479.0,1479.0,0.0,0.0,10.0
2018-02-13 13:45:00,1479.0,1479.0,1479.0,1479.0,0.0,0.0,10.0
2018-02-13 13:50:00,1479.0,1479.0,1479.0,1479.0,0.0,0.0,10.0
2018-02-13 13:55:00,1479.0,1479.0,1479.0,1479.0,0.0,0.0,10.0
2018-02-13 14:00:00,1479.0,1479.0,1479.0,1479.0,0.0,0.0,10.0
2018-02-13 14:05:00,1479.0,1479.0,1479.0,1479.0,0.0,0.0,10.0
2018-02-13 14:10:00,1479.0,1479.0,1479.0,1479.0,0.0,0.0,10.0
2018-02-13 14:15:00,1479.0,1479.0,1479.0,1479.0,0.0,0.0,10.0
2018-02-13 14:20:00,1479.0,1479.0,1479.0,1479.0,0.0,0.0,10.0
2018-02-13 14:25:00,1479.0,1479.0,1479.0,1479.0,0.0,0.0,10.0
2018-02-13 14:30:00,1479.0,1479.0,1479.0,1479.0,0.0,0.0,10.0
2018-02-13 14:35:00,1479.0,1479.0,1479.0,1479.0,0.0,0.0,10.0
2018-02-13 14:40:00,1479.0,1479.0,1479.0,1479.0,0.0,0.0,10.0
2018-02-13 14:45:00,1479.0,1479.0,1479.0,1479.0,0.0,0.0,10.0
2018-02-13 14:50:00,1479.0,1479.0,1479.0,1479.0,0.0,0.0,10.0
2018-02-13 14:55:00,1479.0,1479.0,1479.0,1479.0,0.0,0.0,10.0
2018-02-13 21:00:00,1479.0,1479.0,1479.0,1479.0,0.0,0.0,10.0
2018-02-13 21:05:00,1479.0,1479.0,1479.0,1479.0,0.0,0.0,10.0
2018-02-13 21:10:00,1479.0,1479.0,1479.0,1479.0,0.0,0.0,10.0
2018-02-13 21:15:00,1479.0,1479.0,1479.0,1479.0,0.0,0.0,10.0
2018-02-13 21:20:00,1479.0,1479.0,1479.0,1479.0,0.0,0.0,10.0
2018-02-13 21:25:00,1479.0,1479.0,1479.0,1479.0,0.0,0.0,10.0
2018-02-13 21:30:00,1479.0,1479.0,1479.0,1479.0,0.0,0.0,10.0
2018-02-13 21:35:00,1479.0,1479.0,1479.0,1479.0,0.0,0.0,10.0
2018-02-13 21:40:00,1479.0,1479.0,1479.0,1479.0,0.0,0.0,10.0
2018-02-13 21:45:00,1479.0,1479.0,1479.0,1479.0,0.0,0.0,10.0
2018-02-13 21:50:00,1479.0,1479.0,1479.0,1479.0,0.0,0.0,10.0
2018-02-13 21:55:00,1479.0,1479.0,1479.0,1479.0,0.0,0.0,10.0
2018-02-13 22:00:00,1479.0,1479.0,1479.0,1479.0,0.0,0.0,10.0
2018-02-13 22:05:00,1479.0,1479.0,1479.0,1479.0,0.0,0.0,10.0
2018-02-13 22:10:00,1479.0,1479.0,1479.0,1479.0,0.0,0.0,10.0
2018-02-13 22:15:00,1479.0,1479.0,1479.0,1479.0,0.0,0.0,10.0
2018-02-13 22:20:00,1479.0,1479.0,1479.0,1479.0,0.0,0.0,10.0
2018-02-13 22:25:00,1479.0,1479.0,1479.0,1479.0,0.0,0.0,10.0
2018-02-13 22:30:00,1479.0,1479.0,1479.0,1479.0,0.0,0.0,10.0
2018-02-13 22:35:00,1479.0,1479.0,1479.0,1479.0,0.0,0.0,10.0
2018-02-13 22:40:00,1479.0,1479.0,1479.0,1479.0,0.0,0.0,10.0
2018-02-13 22:45:00,1479.0,1479.0,1479.0,1479.0,0.0,0.0,10.0
2018-02-13 22:50:00,1479.0,1479.0,1479.0,1479.0,0.0,0.0,10.0
2018-02-13 22:55:00,1479.0,1479.0,1479.0,1479.0,0.0,0.0,10.0
2018-02-13 23:00:00,1479.0,1479.0,1479.0,1479.0,0.0,0.0,10.0
2018-02-13 23:05:00,1479.0,1479.0,1479.0,1479.0,0.0,0.0,10.0
2018-02-13 23:10:00,1479.0,1479.0,1479.0,1479.0,0.0,0.0,10.0
2018-02-13 23:15:00,1479.0,1479.0,1479.0,1479.0,0.0,0.0,10.0
2018-02-13 23:20:00,1479.0,1479.0,1479.0,1479.0,0.0,0.0,10.0
2018-02-13 23:25:00,1479.0,1479.0,1479.0,1479.0,0.0,0.0,10.0
2018-02-14 09:00:00,1479.0,1479.0,1479.0,1479.0,0.0,0.0,10.0
2018-02-14 09:05:00,1479.0,1479.0,1479.0,1479.0,0.0,0.0,10.0
2018-02-14 09:10:00,1479.0,1479.0,1479.0,1479.0,0.0,0.0,10.0
2018-02-14 09:15:00,1479.0,1479.0,1479.0,1479.0,0.0,0.0,10.0
2018-02-14 09:20:00,1479.0,1479.0,1479.0,1479.0,0.0,0.0,10.0
2018-02-14 09:25:00,1479.0,1479.0,1479.0,1479.0,0.0,0.0,10.0
2018-02-14 09:30:00,1479.0,1479.0,1479.0,1479.0,0.0,0.0,10.0
2018-02-14 09:35:00,1479.0,1479.0,1479.0,1479.0,0.0,0.0,10.0
2018-02-14 09:40:00,1479.0,1479.0,1479.0,1479.0,0.0,0.0,10.0
2018-02-14 09:45:00,1479.0,1479.0,1479.0,1479.0,0.0,0.0,10.0
2018-02-14 09:50:00,1479.0,1479.0,1479.0,1479.0,0.0,0.0,10.0
2018-02-14 09:55:00,1479.0,1479.0,1479.0,1479.0,0.0,0.0,10.0
2018-02-14 10:00:00,1479.0,1479.0,1479.0,1479.0,0.0,0.0,10.0
2018-02-14 10:05:00,1479.0,1479.0,1479.0,1479.0,0.0,0.0,10.0
2018-02-14 10:10:00,1479.0,1479.0,1479.0,1479.0,0.0,0.0,10.0
2018-02-14 10:30:00,1479.0,1479.0,1479.0,1479.0,0.0,0.0,10.0
2018-02-14 10:35:00,1479.0,1479.0,1479.0,1479.0,0.0,0.0,10.0
2018-02-14 10:40:00,1479.0,1479.0,1479.0,1479.0,0.0,0.0,10.0
2018-02-14 10:45:00,1479.0,1479.0,1479.0,1479.0,0.0,0.0,10.0
2018-02-14 10:50:00,1479.0,1479.0,1479.0,1479.0,0.0,0.0,10.0
2018-02-14 10:55:00,1479.0,1479.0,1479.0,1479.0,0.0,0.0,10.0
2018-02-14 11:00:00,1479.0,1479.0,1479.0,1479.0,0.0,0.0,10.0
2018-02-14 11:05:00,1479.0,1479.0,1479.0,1479.0,0.0,0.0,10.0
2018-02-14 11:10:00,1479.0,1479.0,1479.0,1479.0,0.0,0.0,10.0
2018-02-14 11:15:00,1479.0,1479.0,1479.0,1479.0,0.0,0.0,10.0
2018-02-14 11:20:00,1479.0,1479.0,1479.0,1479.0,0.0,0.0,10.0
2018-02-14 11:25:00,1479.0,1479.0,1479.0,1479.0,0.0,0.0,10.0
2018-02-14 13:30:00,1479.0,1479.0,1479.0,1479.0,0.0,0.0,10.0
2018-02-14 13:35:00,1479.0,1479.0,1479.0,1479.0,0.0,0.0,10.0
2018-02-14 13:40:00,1479.0,1479.0,1479.0,1479.0,0.0,0.0,10.0
2018-02-14 13:45:00,1479.0,1479.0,1479.0,1479.0,0.0,0.0,10.0
2018-02-14 13:50:00,1479.0,1479.0,1479.0,1479.0,0.0,0.0,10.0
2018-02-14 13:55:00,1479.0,1479.0,1479.0,1479.0,0.0,0.0,10.0
2018-02-14 14:00:00,1479.0,1479.0,1479.0,1479.0,0.0,0.0,10.0
2018-02-14 14:05:00,1479.0,1479.0,1479.0,1479.0,0.0,0.0,10.0
2018-02-14 14:10:00,1479.0,1479.0,1479.0,1479.0,0.0,0.0,10.0
2018-02-14 14:15:00,1479.0,1479.0,1479.0,1479.0,0.0,0.0,10.0
2018-02-14 14:20:00,1479.0,1479.0,1479.0,1479.0,0.0,0.0,10.0
2018-02-14 14:25:00,1479.0,1479.0,1479.0,1479.0,0.0,0.0,10.0
2018-02-14 14:30:00,1479.0,1479.0,1479.0,1479.0,0.0,0.0,10.0
2018-02-14 14:35:00,1479.0,1479.0,1479.0,1479.0,0.0,0.0,10.0
2018-02-14 14:40:00,1479.0,1479.0,1479.0,1479.0,0.0,0.0,10.0
2018-02-14 14:45:00,1479.0,1479.0,1479.0,1479.0,0.0,0.0,10.0
2018-02-14 14:50:00,1479.0,1479.0,1479.0,1479.0,0.0,0.0,10.0
2018-02-14 14:55:00,1479.0,1479.0,1479.0,1479.0,0.0,0.0,10.0
2018-02-22 09:00:00,1492.0,1492.0,1492.0,1492.0,0.0,0.0,10.0
2018-02-22 09:05:00,1492.0,1492.0,1492.0,1492.0,0.0,0.0,10.0
2018-02-22 09:10:00,1492.0,1492.0,1492.0,1492.0,0.0,0.0,10.0
2018-02-22 09:15:00,1492.0,1492.0,1492.0,1492.0,0.0,0.0,10.0
2018-02-22 09:20:00,1492.0,1492.0,1492.0,1492.0,0.0,0.0,10.0
2018-02-22 09:25:00,1492.0,1492.0,1492.0,1492.0,0.0,0.0,10.0
2018-02-22 09:30:00,1492.0,1492.0,1492.0,1492.0,0.0,0.0,10.0
2018-02-22 09:35:00,1492.0,1492.0,1492.0,1492.0,0.0,0.0,10.0
2018-02-22 09:40:00,1492.0,1492.0,1492.0,1492.0,0.0,0.0,10.0
2018-02-22 09:45:00,1492.0,1492.0,1492.0,1492.0,0.0,0.0,10.0
2018-02-22 09:50:00,1492.0,1492.0,1492.0,1492.0,0.0,0.0,10.0
2018-02-22 09:55:00,1492.0,1492.0,1492.0,1492.0,0.0,0.0,10.0
2018-02-22 10:00:00,1492.0,1492.0,1492.0,1492.0,0.0,0.0,10.0
2018-02-22 10:05:00,1492.0,1492.0,1492.0,1492.0,0.0,0.0,10.0
2018-02-22 10:10:00,1492.0,1492.0,1492.0,1492.0,0.0,0.0,10.0
2018-02-22 10:30:00,1492.0,1492.0,1492.0,1492.0,0.0,0.0,10.0
2018-02-22 10:35:00,1492.0,1492.0,1492.0,1492.0,0.0,0.0,10.0
2018-02-22 10:40:00,1492.0,1492.0,1492.0,1492.0,0.0,0.0,10.0
2018-02-22 10:45:00,1492.0,1492.0,1492.0,1492.0,0.0,0.0,10.0
2018-02-22 10:50:00,1492.0,1492.0,1492.0,1492.0,0.0,0.0,10.0
2018-02-22 10:55:00,1492.0,1492.0,1492.0,1492.0,0.0,0.0,10.0
2018-02-22 11:00:00,1492.0,1492.0,1492.0,1492.0,0.0,0.0,10.0
2018-02-22 11:05:00,1492.0,1492.0,1492.0,1492.0,0.0,0.0,10.0
2018-02-22 11:10:00,1492.0,1492.0,1492.0,1492.0,0.0,0.0,10.0
2018-02-22 11:15:00,1492.0,1492.0,1492.0,1492.0,0.0,0.0,10.0
2018-02-22 11:20:00,1492.0,1492.0,1492.0,1492.0,0.0,0.0,10.0
2018-02-22 11:25:00,1492.0,1492.0,1492.0,1492.0,0.0,0.0,10.0
2018-02-22 13:30:00,1492.0,1492.0,1492.0,1492.0,0.0,0.0,10.0
2018-02-22 13:35:00,1492.0,1492.0,1492.0,1492.0,0.0,0.0,10.0
2018-02-22 13:40:00,1492.0,1492.0,1492.0,1492.0,0.0,0.0,10.0
2018-02-22 13:45:00,1492.0,1492.0,1492.0,1492.0,0.0,0.0,10.0
2018-02-22 13:50:00,1492.0,1492.0,1492.0,1492.0,0.0,0.0,10.0
2018-02-22 13:55:00,1492.0,1492.0,1492.0,1492.0,0.0,0.0,10.0
2018-02-22 14:00:00,1492.0,1492.0,1492.0,1492.0,0.0,0.0,10.0
2018-02-22 14:05:00,1492.0,1492.0,1492.0,1492.0,0.0,0.0,10.0
2018-02-22 14:10:00,1492.0,1492.0,1492.0,1492.0,0.0,0.0,10.0
2018-02-22 14:15:00,1492.0,1492.0,1492.0,1492.0,0.0,0.0,10.0
2018-02-22 14:20:00,1492.0,1492.0,1492.0,1492.0,0.0,0.0,10.0
2018-02-22 14:25:00,1492.0,1492.0,1492.0,1492.0,0.0,0.0,10.0
2018-02-22 14:30:00,1492.0,1492.0,1492.0,1492.0,0.0,0.0,10.0
2018-02-22 14:35:00,1492.0,1492.0,1492.0,1492.0,0.0,0.0,10.0
2018-02-22 14:40:00,1492.0,1492.0,1492.0,1492.0,0.0,0.0,10.0
2018-02-22 14:45:00,1492.0,1492.0,1492.0,1492.0,0.0,0.0,10.0
2018-02-22 14:50:00,1492.0,1492.0,1492.0,1492.0,0.0,0.0,10.0
2018-02-22 14:55:00,1492.0,1492.0,1492.0,1492.0,0.0,0.0,10.0
2018-02-22 21:00:00,1491.0,1491.0,1491.0,1491.0,0.0,0.0,10.0
2018-02-22 21:05:00,1491.0,1491.0,1491.0,1491.0,0.0,0.0,10.0
2018-02-22 21:10:00,1491.0,1491.0,1491.0,1491.0,0.0,0.0,10.0
2018-02-22 21:15:00,1491.0,1491.0,1491.0,1491.0,0.0,0.0,10.0
2018-02-22 21:20:00,1491.0,1491.0,1491.0,1491.0,0.0,0.0,10.0
2018-02-22 21:25:00,1491.0,1491.0,1491.0,1491.0,0.0,0.0,10.0
2018-02-22 21:30:00,1491.0,1491.0,1491.0,1491.0,0.0,0.0,10.0
2018-02-22 21:35:00,1491.0,1491.0,1491.0,1491.0,0.0,0.0,10.0
2018-02-22 21:40:00,1491.0,1491.0,1491.0,1491.0,0.0,0.0,10.0
2018-02-22 21:45:00,1491.0,1491.0,1491.0,1491.0,0.0,0.0,10.0
2018-02-22 21:50:00,1491.0,1491.0,1491.0,1491.0,0.0,0.0,10.0
2018-02-22 21:55:00,1491.0,1491.0,1491.0,1491.0,0.0,0.0,10.0
2018-02-22 22:00:00,1491.0,1491.0,1491.0,1491.0,0.0,0.0,10.0
2018-02-22 22:05:00,1491.0,1491.0,1491.0,1491.0,0.0,0.0,10.0
2018-02-22 22:10:00,1491.0,1491.0,1491.0,1491.0,0.0,0.0,10.0
2018-02-22 22:15:00,1491.0,1491.0,1491.0,1491.0,0.0,0.0,10.0
2018-02-22 22:20:00,1491.0,1491.0,1491.0,1491.0,0.0,0.0,10.0
2018-02-22 22:25:00,1491.0,1491.0,1491.0,1491.0,0.0,0.0,10.0
2018-02-22 22:30:00,1491.0,1491.0,1491.0,1491.0,0.0,0.0,10.0
2018-02-22 22:35:00,1491.0,1491.0,1491.0,1491.0,0.0,0.0,10.0
2018-02-22 22:40:00,1491.0,1491.0,1491.0,1491.0,0.0,0.0,10.0
2018-02-22 22:45:00,1491.0,1491.0,1491.0,1491.0,0.0,0.0,10.0
2018-02-22 22:50:00,1491.0,1491.0,1491.0,1491.0,0.0,0.0,10.0
2018-02-22 22:55:00,1491.0,1491.0,1491.0,1491.0,0.0,0.0,10.0
2018-02-22 23:00:00,1491.0,1491.0,1491.0,1491.0,0.0,0.0,10.0
2018-02-22 23:05:00,1491.0,1491.0,1491.0,1491.0,0.0,0.0,10.0
2018-02-22 23:10:00,1491.0,1491.0,1491.0,1491.0,0.0,0.0,10.0
2018-02-22 23:15:00,1491.0,1491.0,1491.0,1491.0,0.0,0.0,10.0
2018-02-22 23:20:00,1491.0,1491.0,1491.0,1491.0,0.0,0.0,10.0
2018-02-22 23:25:00,1491.0,1491.0,1491.0,1491.0,0.0,0.0,10.0
2018-02-23 09:00:00,1491.0,1491.0,1491.0,1491.0,0.0,0.0,10.0
2018-02-23 09:05:00,1491.0,1491.0,1491.0,1491.0,0.0,0.0,10.0
2018-02-23 09:10:00,1491.0,1491.0,1491.0,1491.0,0.0,0.0,10.0
2018-02-23 09:15:00,1491.0,1491.0,1491.0,1491.0,0.0,0.0,10.0
2018-02-23 09:20:00,1491.0,1491.0,1491.0,1491.0,0.0,0.0,10.0
2018-02-23 09:25:00,1491.0,1491.0,1491.0,1491.0,0.0,0.0,10.0
2018-02-23 09:30:00,1491.0,1491.0,1491.0,1491.0,0.0,0.0,10.0
2018-02-23 09:35:00,1491.0,1491.0,1491.0,1491.0,0.0,0.0,10.0
2018-02-23 09:40:00,1491.0,1491.0,1491.0,1491.0,0.0,0.0,10.0
2018-02-23 09:45:00,1491.0,1491.0,1491.0,1491.0,0.0,0.0,10.0
2018-02-23 09:50:00,1491.0,1491.0,1491.0,1491.0,0.0,0.0,10.0
2018-02-23 09:55:00,1491.0,1491.0,1491.0,1491.0,0.0,0.0,10.0
2018-02-23 10:00:00,1491.0,1491.0,1491.0,1491.0,0.0,0.0,10.0
2018-02-23 10:05:00,1491.0,1491.0,1491.0,1491.0,0.0,0.0,10.0
2018-02-23 10:10:00,1491.0,1491.0,1491.0,1491.0,0.0,0.0,10.0
2018-02-23 10:30:00,1491.0,1491.0,1491.0,1491.0,0.0,0.0,10.0
2018-02-23 10:35:00,1491.0,1491.0,1491.0,1491.0,0.0,0.0,10.0
2018-02-23 10:40:00,1491.0,1491.0,1491.0,1491.0,0.0,0.0,10.0
2018-02-23 10:45:00,1491.0,1491.0,1491.0,1491.0,0.0,0.0,10.0
2018-02-23 10:50:00,1491.0,1491.0,1491.0,1491.0,0.0,0.0,10.0
2018-02-23 10:55:00,1491.0,1491.0,1491.0,1491.0,0.0,0.0,10.0
2018-02-23 11:00:00,1491.0,1491.0,1491.0,1491.0,0.0,0.0,10.0
2018-02-23 11:05:00,1491.0,1491.0,1491.0,1491.0,0.0,0.0,10.0
2018-02-23 11:10:00,1491.0,1491.0,1491.0,1491.0,0.0,0.0,10.0
2018-02-23 11:15:00,1491.0,1491.0,1491.0,1491.0,0.0,0.0,10.0
2018-02-23 11:20:00,1491.0,1491.0,1491.0,1491.0,0.0,0.0,10.0
2018-02-23 11:25:00,1491.0,1491.0,1491.0,1491.0,0.0,0.0,10.0
2018-02-23 13:30:00,1491.0,1491.0,1491.0,1491.0,0.0,0.0,10.0
2018-02-23 13:35:00,1491.0,1491.0,1491.0,1491.0,0.0,0.0,10.0
2018-02-23 13:40:00,1491.0,1491.0,1491.0,1491.0,0.0,0.0,10.0
2018-02-23 13:45:00,1491.0,1491.0,1491.0,1491.0,0.0,0.0,10.0
2018-02-23 13:50:00,1491.0,1491.0,1491.0,1491.0,0.0,0.0,10.0
2018-02-23 13:55:00,1491.0,1491.0,1491.0,1491.0,0.0,0.0,10.0
2018-02-23 14:00:00,1491.0,1491.0,1491.0,1491.0,0.0,0.0,10.0
2018-02-23 14:05:00,1491.0,1491.0,1491.0,1491.0,0.0,0.0,10.0
2018-02-23 14:10:00,1491.0,1491.0,1491.0,1491.0,0.0,0.0,10.0
2018-02-23 14:15:00,1491.0,1491.0,1491.0,1491.0,0.0,0.0,10.0
2018-02-23 14:20:00,1491.0,1491.0,1491.0,1491.0,0.0,0.0,10.0
2018-02-23 14:25:00,1491.0,1491.0,1491.0,1491.0,0.0,0.0,10.0
2018-02-23 14:30:00,1491.0,1491.0,1491.0,1491.0,0.0,0.0,10.0
2018-02-23 14:35:00,1491.0,1491.0,1491.0,1491.0,0.0,0.0,10.0
2018-02-23 14:40:00,1491.0,1491.0,1491.0,1491.0,0.0,0.0,10.0
2018-02-23 14:45:00,1491.0,1491.0,1491.0,1491.0,0.0,0.0,10.0
2018-02-23 14:50:00,1491.0,1491.0,1491.0,1491.0,0.0,0.0,10.0
2018-02-23 14:55:00,1491.0,1491.0,1491.0,1491.0,0.0,0.0,10.0
2018-02-23 21:00:00,1508.0,1508.0,1508.0,1508.0,0.0,0.0,10.0
2018-02-23 21:05:00,1508.0,1508.0,1508.0,1508.0,0.0,0.0,10.0
2018-02-23 21:10:00,1508.0,1508.0,1508.0,1508.0,0.0,0.0,10.0
2018-02-23 21:15:00,1508.0,1508.0,1508.0,1508.0,0.0,0.0,10.0
2018-02-23 21:20:00,1508.0,1508.0,1508.0,1508.0,0.0,0.0,10.0
2018-02-23 21:25:00,1508.0,1508.0,1508.0,1508.0,0.0,0.0,10.0
2018-02-23 21:30:00,1508.0,1508.0,1508.0,1508.0,0.0,0.0,10.0
2018-02-23 21:35:00,1508.0,1508.0,1508.0,1508.0,0.0,0.0,10.0
2018-02-23 21:40:00,1508.0,1508.0,1508.0,1508.0,0.0,0.0,10.0
2018-02-23 21:45:00,1508.0,1508.0,1508.0,1508.0,0.0,0.0,10.0
2018-02-23 21:50:00,1508.0,1508.0,1508.0,1508.0,0.0,0.0,10.0
2018-02-23 21:55:00,1508.0,1508.0,1508.0,1508.0,0.0,0.0,10.0
2018-02-23 22:00:00,1508.0,1508.0,1508.0,1508.0,0.0,0.0,10.0
2018-02-23 22:05:00,1508.0,1508.0,1508.0,1508.0,0.0,0.0,10.0
2018-02-23 22:10:00,1508.0,1508.0,1508.0,1508.0,0.0,0.0,10.0
2018-02-23 22:15:00,1508.0,1508.0,1508.0,1508.0,0.0,0.0,10.0
2018-02-23 22:20:00,1508.0,1508.0,1508.0,1508.0,0.0,0.0,10.0
2018-02-23 22:25:00,1508.0,1508.0,1508.0,1508.0,0.0,0.0,10.0
2018-02-23 22:30:00,1508.0,1508.0,1508.0,1508.0,0.0,0.0,10.0
2018-02-23 22:35:00,1508.0,1508.0,1508.0,1508.0,0.0,0.0,10.0
2018-02-23 22:40:00,1508.0,1508.0,1508.0,1508.0,0.0,0.0,10.0
2018-02-23 22:45:00,1508.0,1508.0,1508.0,1508.0,0.0,0.0,10.0
2018-02-23 22:50:00,1508.0,1508.0,1508.0,1508.0,0.0,0.0,10.0
2018-02-23 22:55:00,1508.0,1508.0,1508.0,1508.0,0.0,0.0,10.0
2018-02-23 23:00:00,1508.0,1508.0,1508.0,1508.0,0.0,0.0,10.0
2018-02-23 23:05:00,1508.0,1508.0,1508.0,1508.0,0.0,0.0,10.0
2018-02-23 23:10:00,1508.0,1508.0,1508.0,1508.0,0.0,0.0,10.0
2018-02-23 23:15:00,1508.0,1508.0,1508.0,1508.0,0.0,0.0,10.0
2018-02-23 23:20:00,1508.0,1508.0,1508.0,1508.0,0.0,0.0,10.0
2018-02-23 23:25:00,1508.0,1508.0,1508.0,1508.0,0.0,0.0,10.0
2018-02-26 09:00:00,1508.0,1508.0,1508.0,1508.0,0.0,0.0,10.0
2018-02-26 09:05:00,1508.0,1508.0,1508.0,1508.0,0.0,0.0,10.0
2018-02-26 09:10:00,1508.0,1508.0,1508.0,1508.0,0.0,0.0,10.0
2018-02-26 09:15:00,1508.0,1508.0,1508.0,1508.0,0.0,0.0,10.0
2018-02-26 09:20:00,1508.0,1508.0,1508.0,1508.0,0.0,0.0,10.0
2018-02-26 09:25:00,1508.0,1508.0,1508.0,1508.0,0.0,0.0,10.0
2018-02-26 09:30:00,1508.0,1508.0,1508.0,1508.0,0.0,0.0,10.0
2018-02-26 09:35:00,1508.0,1508.0,1508.0,1508.0,0.0,0.0,10.0
2018-02-26 09:40:00,1508.0,1508.0,1508.0,1508.0,0.0,0.0,10.0
2018-02-26 09:45:00,1508.0,1508.0,1508.0,1508.0,0.0,0.0,10.0
2018-02-26 09:50:00,1508.0,1508.0,1508.0,1508.0,0.0,0.0,10.0
2018-02-26 09:55:00,1508.0,1508.0,1508.0,1508.0,0.0,0.0,10.0
2018-02-26 10:00:00,1508.0,1508.0,1508.0,1508.0,0.0,0.0,10.0
2018-02-26 10:05:00,1508.0,1508.0,1508.0,1508.0,0.0,0.0,10.0
2018-02-26 10:10:00,1508.0,1508.0,1508.0,1508.0,0.0,0.0,10.0
2018-02-26 10:30:00,1508.0,1508.0,1508.0,1508.0,0.0,0.0,10.0
2018-02-26 10:35:00,1508.0,1508.0,1508.0,1508.0,0.0,0.0,10.0
2018-02-26 10:40:00,1508.0,1508.0,1508.0,1508.0,0.0,0.0,10.0
2018-02-26 10:45:00,1508.0,1508.0,1508.0,1508.0,0.0,0.0,10.0
2018-02-26 10:50:00,1508.0,1508.0,1508.0,1508.0,0.0,0.0,10.0
2018-02-26 10:55:00,1508.0,1508.0,1508.0,1508.0,0.0,0.0,10.0
2018-02-26 11:00:00,1508.0,1508.0,1508.0,1508.0,0.0,0.0,10.0
2018-02-26 11:05:00,1508.0,1508.0,1508.0,1508.0,0.0,0.0,10.0
2018-02-26 11:10:00,1508.0,1508.0,1508.0,1508.0,0.0,0.0,10.0
2018-02-26 11:15:00,1508.0,1508.0,1508.0,1508.0,0.0,0.0,10.0
2018-02-26 11:20:00,1508.0,1508.0,1508.0,1508.0,0.0,0.0,10.0
2018-02-26 11:25:00,1508.0,1508.0,1508.0,1508.0,0.0,0.0,10.0
2018-02-26 13:30:00,1508.0,1508.0,1508.0,1508.0,0.0,0.0,10.0
2018-02-26 13:35:00,1508.0,1508.0,1508.0,1508.0,0.0,0.0,10.0
2018-02-26 13:40:00,1508.0,1508.0,1508.0,1508.0,0.0,0.0,10.0
2018-02-26 13:45:00,1508.0,1508.0,1508.0,1508.0,0.0,0.0,10.0
2018-02-26 13:50:00,1508.0,1508.0,1508.0,1508.0,0.0,0.0,10.0
2018-02-26 13:55:00,1508.0,1508.0,1508.0,1508.0,0.0,0.0,10.0
2018-02-26 14:00:00,1508.0,1508.0,1508.0,1508.0,0.0,0.0,10.0
2018-02-26 14:05:00,1508.0,1508.0,1508.0,1508.0,0.0,0.0,10.0
2018-02-26 14:10:00,1508.0,1508.0,1508.0,1508.0,0.0,0.0,10.0
2018-02-26 14:15:00,1508.0,1508.0,1508.0,1508.0,0.0,0.0,10.0
2018-02-26 14:20:00,1508.0,1508.0,1508.0,1508.0,0.0,0.0,10.0
2018-02-26 14:25:00,1508.0,1508.0,1508.0,1508.0,0.0,0.0,10.0
2018-02-26 14:30:00,1508.0,1508.0,1508.0,1508.0,0.0,0.0,10.0
2018-02-26 14:35:00,1508.0,1508.0,1508.0,1508.0,0.0,0.0,10.0
2018-02-26 14:40:00,1508.0,1508.0,1508.0,1508.0,0.0,0.0,10.0
2018-02-26 14:45:00,1508.0,1508.0,1508.0,1508.0,0.0,0.0,10.0
2018-02-26 14:50:00,1508.0,1508.0,1508.0,1508.0,0.0,0.0,10.0
2018-02-26 14:55:00,1508.0,1508.0,1508.0,1508.0,0.0,0.0,10.0
2018-02-26 21:00:00,1509.0,1509.0,1509.0,1509.0,0.0,0.0,10.0
2018-02-26 21:05:00,1509.0,1509.0,1509.0,1509.0,0.0,0.0,10.0
2018-02-26 21:10:00,1509.0,1509.0,1509.0,1509.0,0.0,0.0,10.0
2018-02-26 21:15:00,1509.0,1509.0,1509.0,1509.0,0.0,0.0,10.0
2018-02-26 21:20:00,1509.0,1509.0,1509.0,1509.0,0.0,0.0,10.0
2018-02-26 21:25:00,1509.0,1509.0,1509.0,1509.0,0.0,0.0,10.0
2018-02-26 21:30:00,1509.0,1509.0,1509.0,1509.0,0.0,0.0,10.0
2018-02-26 21:35:00,1509.0,1509.0,1509.0,1509.0,0.0,0.0,10.0
2018-02-26 21:40:00,1509.0,1509.0,1509.0,1509.0,0.0,0.0,10.0
2018-02-26 21:45:00,1509.0,1509.0,1509.0,1509.0,0.0,0.0,10.0
2018-02-26 21:50:00,1509.0,1509.0,1509.0,1509.0,0.0,0.0,10.0
2018-02-26 21:55:00,1509.0,1509.0,1509.0,1509.0,0.0,0.0,10.0
2018-02-26 22:00:00,1509.0,1509.0,1509.0,1509.0,0.0,0.0,10.0
2018-02-26 22:05:00,1509.0,1509.0,1509.0,1509.0,0.0,0.0,10.0
2018-02-26 22:10:00,1509.0,1509.0,1509.0,1509.0,0.0,0.0,10.0
2018-02-26 22:15:00,1509.0,1509.0,1509.0,1509.0,0.0,0.0,10.0
2018-02-26 22:20:00,1509.0,1509.0,1509.0,1509.0,0.0,0.0,10.0
2018-02-26 22:25:00,1509.0,1509.0,1509.0,1509.0,0.0,0.0,10.0
2018-02-26 22:30:00,1509.0,1509.0,1509.0,1509.0,0.0,0.0,10.0
2018-02-26 22:35:00,1509.0,1509.0,1509.0,1509.0,0.0,0.0,10.0
2018-02-26 22:40:00,1509.0,1509.0,1509.0,1509.0,0.0,0.0,10.0
2018-02-26 22:45:00,1509.0,1509.0,1509.0,1509.0,0.0,0.0,10.0
2018-02-26 22:50:00,1509.0,1509.0,1509.0,1509.0,0.0,0.0,10.0
2018-02-26 22:55:00,1509.0,1509.0,1509.0,1509.0,0.0,0.0,10.0
2018-02-26 23:00:00,1509.0,1509.0,1509.0,1509.0,0.0,0.0,10.0
2018-02-26 23:05:00,1509.0,1509.0,1509.0,1509.0,0.0,0.0,10.0
2018-02-26 23:10:00,1509.0,1509.0,1509.0,1509.0,0.0,0.0,10.0
2018-02-26 23:15:00,1509.0,1509.0,1509.0,1509.0,0.0,0.0,10.0
2018-02-26 23:20:00,1509.0,1509.0,1509.0,1509.0,0.0,0.0,10.0
2018-02-26 23:25:00,1509.0,1509.0,1509.0,1509.0,0.0,0.0,10.0
2018-02-27 09:00:00,1509.0,1509.0,1509.0,1509.0,0.0,0.0,10.0
2018-02-27 09:05:00,1509.0,1509.0,1509.0,1509.0,0.0,0.0,10.0
2018-02-27 09:10:00,1509.0,1509.0,1509.0,1509.0,0.0,0.0,10.0
2018-02-27 09:15:00,1509.0,1509.0,1509.0,1509.0,0.0,0.0,10.0
2018-02-27 09:20:00,1509.0,1509.0,1509.0,1509.0,0.0,0.0,10.0
2018-02-27 09:25:00,1509.0,1509.0,1509.0,1509.0,0.0,0.0,10.0
2018-02-27 09:30:00,1509.0,1509.0,1509.0,1509.0,0.0,0.0,10.0
2018-02-27 09:35:00,1509.0,1509.0,1509.0,1509.0,0.0,0.0,10.0
2018-02-27 09:40:00,1509.0,1509.0,1509.0,1509.0,0.0,0.0,10.0
2018-02-27 09:45:00,1509.0,1509.0,1509.0,1509.0,0.0,0.0,10.0
2018-02-27 09:50:00,1509.0,1509.0,1509.0,1509.0,0.0,0.0,10.0
2018-02-27 09:55:00,1509.0,1509.0,1509.0,1509.0,0.0,0.0,10.0
2018-02-27 10:00:00,1509.0,1509.0,1509.0,1509.0,0.0,0.0,10.0
2018-02-27 10:05:00,1509.0,1509.0,1509.0,1509.0,0.0,0.0,10.0
2018-02-27 10:10:00,1509.0,1509.0,1509.0,1509.0,0.0,0.0,10.0
2018-02-27 10:30:00,1509.0,1509.0,1509.0,1509.0,0.0,0.0,10.0
2018-02-27 10:35:00,1509.0,1509.0,1509.0,1509.0,0.0,0.0,10.0
2018-02-27 10:40:00,1509.0,1509.0,1509.0,1509.0,0.0,0.0,10.0
2018-02-27 10:45:00,1509.0,1509.0,1509.0,1509.0,0.0,0.0,10.0
2018-02-27 10:50:00,1509.0,1509.0,1509.0,1509.0,0.0,0.0,10.0
2018-02-27 10:55:00,1509.0,1509.0,1509.0,1509.0,0.0,0.0,10.0
2018-02-27 11:00:00,1509.0,1509.0,1509.0,1509.0,0.0,0.0,10.0
2018-02-27 11:05:00,1509.0,1509.0,1509.0,1509.0,0.0,0.0,10.0
2018-02-27 11:10:00,1509.0,1509.0,1509.0,1509.0,0.0,0.0,10.0
2018-02-27 11:15:00,1509.0,1509.0,1509.0,1509.0,0.0,0.0,10.0
2018-02-27 11:20:00,1509.0,1509.0,1509.0,1509.0,0.0,0.0,10.0
2018-02-27 11:25:00,1509.0,1509.0,1509.0,1509.0,0.0,0.0,10.0
2018-02-27 13:30:00,1509.0,1509.0,1509.0,1509.0,0.0,0.0,10.0
2018-02-27 13:35:00,1509.0,1509.0,1509.0,1509.0,0.0,0.0,10.0
2018-02-27 13:40:00,1509.0,1509.0,1509.0,1509.0,0.0,0.0,10.0
2018-02-27 13:45:00,1509.0,1509.0,1509.0,1509.0,0.0,0.0,10.0
2018-02-27 13:50:00,1509.0,1509.0,1509.0,1509.0,0.0,0.0,10.0
2018-02-27 13:55:00,1509.0,1509.0,1509.0,1509.0,0.0,0.0,10.0
2018-02-27 14:00:00,1509.0,1509.0,1509.0,1509.0,0.0,0.0,10.0
2018-02-27 14:05:00,1509.0,1509.0,1509.0,1509.0,0.0,0.0,10.0
2018-02-27 14:10:00,1509.0,1509.0,1509.0,1509.0,0.0,0.0,10.0
2018-02-27 14:15:00,1509.0,1509.0,1509.0,1509.0,0.0,0.0,10.0
2018-02-27 14:20:00,1509.0,1509.0,1509.0,1509.0,0.0,0.0,10.0
2018-02-27 14:25:00,1509.0,1509.0,1509.0,1509.0,0.0,0.0,10.0
2018-02-27 14:30:00,1509.0,1509.0,1509.0,1509.0,0.0,0.0,10.0
2018-02-27 14:35:00,1509.0,1509.0,1509.0,1509.0,0.0,0.0,10.0
2018-02-27 14:40:00,1509.0,1509.0,1509.0,1509.0,0.0,0.0,10.0
2018-02-27 14:45:00,1509.0,1509.0,1509.0,1509.0,0.0,0.0,10.0
2018-02-27 14:50:00,1509.0,1509.0,1509.0,1509.0,0.0,0.0,10.0
2018-02-27 14:55:00,1509.0,1509.0,1509.0,1509.0,0.0,0.0,10.0
2018-02-27 21:00:00,1509.0,1509.0,1509.0,1509.0,0.0,0.0,10.0
2018-02-27 21:05:00,1509.0,1509.0,1509.0,1509.0,0.0,0.0,10.0
2018-02-27 21:10:00,1509.0,1509.0,1509.0,1509.0,0.0,0.0,10.0
2018-02-27 21:15:00,1509.0,1509.0,1509.0,1509.0,0.0,0.0,10.0
2018-02-27 21:20:00,1509.0,1509.0,1509.0,1509.0,0.0,0.0,10.0
2018-02-27 21:25:00,1509.0,1509.0,1509.0,1509.0,0.0,0.0,10.0
2018-02-27 21:30:00,1509.0,1509.0,1509.0,1509.0,0.0,0.0,10.0
2018-02-27 21:35:00,1509.0,1509.0,1509.0,1509.0,0.0,0.0,10.0
2018-02-27 21:40:00,1509.0,1509.0,1509.0,1509.0,0.0,0.0,10.0
2018-02-27 21:45:00,1509.0,1509.0,1509.0,1509.0,0.0,0.0,10.0
2018-02-27 21:50:00,1509.0,1509.0,1509.0,1509.0,0.0,0.0,10.0
2018-02-27 21:55:00,1509.0,1509.0,1509.0,1509.0,0.0,0.0,10.0
2018-02-27 22:00:00,1509.0,1509.0,1509.0,1509.0,0.0,0.0,10.0
2018-02-27 22:05:00,1509.0,1509.0,1509.0,1509.0,0.0,0.0,10.0
2018-02-27 22:10:00,1509.0,1509.0,1509.0,1509.0,0.0,0.0,10.0
2018-02-27 22:15:00,1509.0,1509.0,1509.0,1509.0,0.0,0.0,10.0
2018-02-27 22:20:00,1509.0,1509.0,1509.0,1509.0,0.0,0.0,10.0
2018-02-27 22:25:00,1509.0,1509.0,1509.0,1509.0,0.0,0.0,10.0
2018-02-27 22:30:00,1509.0,1509.0,1509.0,1509.0,0.0,0.0,10.0
2018-02-27 22:35:00,1509.0,1509.0,1509.0,1509.0,0.0,0.0,10.0
2018-02-27 22:40:00,1509.0,1509.0,1509.0,1509.0,0.0,0.0,10.0
2018-02-27 22:45:00,1509.0,1509.0,1509.0,1509.0,0.0,0.0,10.0
2018-02-27 22:50:00,1509.0,1509.0,1509.0,1509.0,0.0,0.0,10.0
2018-02-27 22:55:00,1509.0,1509.0,1509.0,1509.0,0.0,0.0,10.0
2018-02-27 23:00:00,1509.0,1509.0,1509.0,1509.0,0.0,0.0,10.0
2018-02-27 23:05:00,1509.0,1509.0,1509.0,1509.0,0.0,0.0,10.0
2018-02-27 23:10:00,1509.0,1509.0,1509.0,1509.0,0.0,0.0,10.0
2018-02-27 23:15:00,1509.0,1509.0,1509.0,1509.0,0.0,0.0,10.0
2018-02-27 23:20:00,1509.0,1509.0,1509.0,1509.0,0.0,0.0,10.0
2018-02-27 23:25:00,1509.0,1509.0,1509.0,1509.0,0.0,0.0,10.0
2018-02-28 09:00:00,1509.0,1509.0,1509.0,1509.0,0.0,0.0,10.0
2018-02-28 09:05:00,1509.0,1509.0,1509.0,1509.0,0.0,0.0,10.0
2018-02-28 09:10:00,1509.0,1509.0,1509.0,1509.0,0.0,0.0,10.0
2018-02-28 09:15:00,1509.0,1509.0,1509.0,1509.0,0.0,0.0,10.0
2018-02-28 09:20:00,1509.0,1509.0,1509.0,1509.0,0.0,0.0,10.0
2018-02-28 09:25:00,1509.0,1509.0,1509.0,1509.0,0.0,0.0,10.0
2018-02-28 09:30:00,1509.0,1509.0,1509.0,1509.0,0.0,0.0,10.0
2018-02-28 09:35:00,1509.0,1509.0,1509.0,1509.0,0.0,0.0,10.0
2018-02-28 09:40:00,1509.0,1509.0,1509.0,1509.0,0.0,0.0,10.0
2018-02-28 09:45:00,1509.0,1509.0,1509.0,1509.0,0.0,0.0,10.0
2018-02-28 09:50:00,1509.0,1509.0,1509.0,1509.0,0.0,0.0,10.0
2018-02-28 09:55:00,1509.0,1509.0,1509.0,1509.0,0.0,0.0,10.0
2018-02-28 10:00:00,1509.0,1509.0,1509.0,1509.0,0.0,0.0,10.0
2018-02-28 10:05:00,1509.0,1509.0,1509.0,1509.0,0.0,0.0,10.0
2018-02-28 10:10:00,1509.0,1509.0,1509.0,1509.0,0.0,0.0,10.0
2018-02-28 10:30:00,1509.0,1509.0,1509.0,1509.0,0.0,0.0,10.0
2018-02-28 10:35:00,1509.0,1509.0,1509.0,1509.0,0.0,0.0,10.0
2018-02-28 10:40:00,1509.0,1509.0,1509.0,1509.0,0.0,0.0,10.0
2018-02-28 10:45:00,1509.0,1509.0,1509.0,1509.0,0.0,0.0,10.0
2018-02-28 10:50:00,1509.0,1509.0,1509.0,1509.0,0.0,0.0,10.0
2018-02-28 10:55:00,1509.0,1509.0,1509.0,1509.0,0.0,0.0,10.0
2018-02-28 11:00:00,1509.0,1509.0,1509.0,1509.0,0.0,0.0,10.0
2018-02-28 11:05:00,1509.0,1509.0,1509.0,1509.0,0.0,0.0,10.0
2018-02-28 11:10:00,1509.0,1509.0,1509.0,1509.0,0.0,0.0,10.0
2018-02-28 11:15:00,1509.0,1509.0,1509.0,1509.0,0.0,0.0,10.0
2018-02-28 11:20:00,1509.0,1509.0,1509.0,1509.0,0.0,0.0,10.0
2018-02-28 11:25:00,1509.0,1509.0,1509.0,1509.0,0.0,0.0,10.0
2018-02-28 13:30:00,1509.0,1509.0,1509.0,1509.0,0.0,0.0,10.0
2018-02-28 13:35:00,1509.0,1509.0,1509.0,1509.0,0.0,0.0,10.0
2018-02-28 13:40:00,1509.0,1509.0,1509.0,1509.0,0.0,0.0,10.0
2018-02-28 13:45:00,1509.0,1509.0,1509.0,1509.0,0.0,0.0,10.0
2018-02-28 13:50:00,1509.0,1509.0,1509.0,1509.0,0.0,0.0,10.0
2018-02-28 13:55:00,1509.0,1509.0,1509.0,1509.0,0.0,0.0,10.0
2018-02-28 14:00:00,1509.0,1509.0,1509.0,1509.0,0.0,0.0,10.0
2018-02-28 14:05:00,1509.0,1509.0,1509.0,1509.0,0.0,0.0,10.0
2018-02-28 14:10:00,1509.0,1509.0,1509.0,1509.0,0.0,0.0,10.0
2018-02-28 14:15:00,1509.0,1509.0,1509.0,1509.0,0.0,0.0,10.0
2018-02-28 14:20:00,1509.0,1509.0,1509.0,1509.0,0.0,0.0,10.0
2018-02-28 14:25:00,1509.0,1509.0,1509.0,1509.0,0.0,0.0,10.0
2018-02-28 14:30:00,1509.0,1509.0,1509.0,1509.0,0.0,0.0,10.0
2018-02-28 14:35:00,1509.0,1509.0,1509.0,1509.0,0.0,0.0,10.0
2018-02-28 14:40:00,1509.0,1509.0,1509.0,1509.0,0.0,0.0,10.0
2018-02-28 14:45:00,1509.0,1509.0,1509.0,1509.0,0.0,0.0,10.0
2018-02-28 14:50:00,1509.0,1509.0,1509.0,1509.0,0.0,0.0,10.0
2018-02-28 14:55:00,1509.0,1509.0,1509.0,1509.0,0.0,0.0,10.0
2018-02-28 21:00:00,1509.0,1509.0,1509.0,1509.0,0.0,0.0,10.0
2018-02-28 21:05:00,1509.0,1509.0,1509.0,1509.0,0.0,0.0,10.0
2018-02-28 21:10:00,1509.0,1509.0,1509.0,1509.0,0.0,0.0,10.0
2018-02-28 21:15:00,1509.0,1509.0,1509.0,1509.0,0.0,0.0,10.0
2018-02-28 21:20:00,1509.0,1509.0,1509.0,1509.0,0.0,0.0,10.0
2018-02-28 21:25:00,1509.0,1509.0,1509.0,1509.0,0.0,0.0,10.0
2018-02-28 21:30:00,1509.0,1509.0,1509.0,1509.0,0.0,0.0,10.0
2018-02-28 21:35:00,1509.0,1509.0,1509.0,1509.0,0.0,0.0,10.0
2018-02-28 21:40:00,1509.0,1509.0,1509.0,1509.0,0.0,0.0,10.0
2018-02-28 21:45:00,1509.0,1509.0,1509.0,1509.0,0.0,0.0,10.0
2018-02-28 21:50:00,1509.0,1509.0,1509.0,1509.0,0.0,0.0,10.0
2018-02-28 21:55:00,1509.0,1509.0,1509.0,1509.0,0.0,0.0,10.0
2018-02-28 22:00:00,1509.0,1509.0,1509.0,1509.0,0.0,0.0,10.0
2018-02-28 22:05:00,1509.0,1509.0,1509.0,1509.0,0.0,0.0,10.0
2018-02-28 22:10:00,1509.0,1509.0,1509.0,1509.0,0.0,0.0,10.0
2018-02-28 22:15:00,1509.0,1509.0,1509.0,1509.0,0.0,0.0,10.0
2018-02-28 22:20:00,1509.0,1509.0,1509.0,1509.0,0.0,0.0,10.0
2018-02-28 22:25:00,1509.0,1509.0,1509.0,1509.0,0.0,0.0,10.0
2018-02-28 22:30:00,1509.0,1509.0,1509.0,1509.0,0.0,0.0,10.0
2018-02-28 22:35:00,1509.0,1509.0,1509.0,1509.0,0.0,0.0,10.0
2018-02-28 22:40:00,1509.0,1509.0,1509.0,1509.0,0.0,0.0,10.0
2018-02-28 22:45:00,1509.0,1509.0,1509.0,1509.0,0.0,0.0,10.0
2018-02-28 22:50:00,1509.0,1509.0,1509.0,1509.0,0.0,0.0,10.0
2018-02-28 22:55:00,1509.0,1509.0,1509.0,1509.0,0.0,0.0,10.0
2018-02-28 23:00:00,1509.0,1509.0,1509.0,1509.0,0.0,0.0,10.0
2018-02-28 23:05:00,1509.0,1509.0,1509.0,1509.0,0.0,0.0,10.0
2018-02-28 23:10:00,1509.0,1509.0,1509.0,1509.0,0.0,0.0,10.0
2018-02-28 23:15:00,1509.0,1509.0,1509.0,1509.0,0.0,0.0,10.0
2018-02-28 23:20:00,1509.0,1509.0,1509.0,1509.0,0.0,0.0,10.0
2018-02-28 23:25:00,1509.0,1509.0,1509.0,1509.0,0.0,0.0,10.0
2018-03-01 09:00:00,1509.0,1509.0,1509.0,1509.0,0.0,0.0,10.0
2018-03-01 09:05:00,1509.0,1509.0,1509.0,1509.0,0.0,0.0,10.0
2018-03-01 09:10:00,1509.0,1509.0,1509.0,1509.0,0.0,0.0,10.0
2018-03-01 09:15:00,1509.0,1509.0,1509.0,1509.0,0.0,0.0,10.0
2018-03-01 09:20:00,1509.0,1509.0,1509.0,1509.0,0.0,0.0,10.0
2018-03-01 09:25:00,1509.0,1509.0,1509.0,1509.0,0.0,0.0,10.0
2018-03-01 09:30:00,1509.0,1509.0,1509.0,1509.0,0.0,0.0,10.0
2018-03-01 09:35:00,1509.0,1509.0,1509.0,1509.0,0.0,0.0,10.0
2018-03-01 09:40:00,1509.0,1509.0,1509.0,1509.0,0.0,0.0,10.0
2018-03-01 09:45:00,1509.0,1509.0,1509.0,1509.0,0.0,0.0,10.0
2018-03-01 09:50:00,1509.0,1509.0,1509.0,1509.0,0.0,0.0,10.0
2018-03-01 09:55:00,1509.0,1509.0,1509.0,1509.0,0.0,0.0,10.0
2018-03-01 10:00:00,1509.0,1509.0,1509.0,1509.0,0.0,0.0,10.0
2018-03-01 10:05:00,1509.0,1509.0,1509.0,1509.0,0.0,0.0,10.0
2018-03-01 10:10:00,1509.0,1509.0,1509.0,1509.0,0.0,0.0,10.0
2018-03-01 10:30:00,1509.0,1509.0,1509.0,1509.0,0.0,0.0,10.0
2018-03-01 10:35:00,1509.0,1509.0,1509.0,1509.0,0.0,0.0,10.0
2018-03-01 10:40:00,1509.0,1509.0,1509.0,1509.0,0.0,0.0,10.0
2018-03-01 10:45:00,1509.0,1509.0,1509.0,1509.0,0.0,0.0,10.0
2018-03-01 10:50:00,1509.0,1509.0,1509.0,1509.0,0.0,0.0,10.0
2018-03-01 10:55:00,1509.0,1509.0,1509.0,1509.0,0.0,0.0,10.0
2018-03-01 11:00:00,1509.0,1509.0,1509.0,1509.0,0.0,0.0,10.0
2018-03-01 11:05:00,1509.0,1509.0,1509.0,1509.0,0.0,0.0,10.0
2018-03-01 11:10:00,1509.0,1509.0,1509.0,1509.0,0.0,0.0,10.0
2018-03-01 11:15:00,1509.0,1509.0,1509.0,1509.0,0.0,0.0,10.0
2018-03-01 11:20:00,1509.0,1509.0,1509.0,1509.0,0.0,0.0,10.0
2018-03-01 11:25:00,1509.0,1509.0,1509.0,1509.0,0.0,0.0,10.0
2018-03-01 13:30:00,1509.0,1509.0,1509.0,1509.0,0.0,0.0,10.0
2018-03-01 13:35:00,1509.0,1509.0,1509.0,1509.0,0.0,0.0,10.0
2018-03-01 13:40:00,1509.0,1509.0,1509.0,1509.0,0.0,0.0,10.0
2018-03-01 13:45:00,1509.0,1509.0,1509.0,1509.0,0.0,0.0,10.0
2018-03-01 13:50:00,1509.0,1509.0,1509.0,1509.0,0.0,0.0,10.0
2018-03-01 13:55:00,1509.0,1509.0,1509.0,1509.0,0.0,0.0,10.0
2018-03-01 14:00:00,1509.0,1509.0,1509.0,1509.0,0.0,0.0,10.0
2018-03-01 14:05:00,1509.0,1509.0,1509.0,1509.0,0.0,0.0,10.0
2018-03-01 14:10:00,1509.0,1509.0,1509.0,1509.0,0.0,0.0,10.0
2018-03-01 14:15:00,1509.0,1509.0,1509.0,1509.0,0.0,0.0,10.0
2018-03-01 14:20:00,1509.0,1509.0,1509.0,1509.0,0.0,0.0,10.0
2018-03-01 14:25:00,1509.0,1509.0,1509.0,1509.0,0.0,0.0,10.0
2018-03-01 14:30:00,1509.0,1509.0,1509.0,1509.0,0.0,0.0,10.0
2018-03-01 14:35:00,1509.0,1509.0,1509.0,1509.0,0.0,0.0,10.0
2018-03-01 14:40:00,1509.0,1509.0,1509.0,1509.0,0.0,0.0,10.0
2018-03-01 14:45:00,1509.0,1509.0,1509.0,1509.0,0.0,0.0,10.0
2018-03-01 14:50:00,1509.0,1509.0,1509.0,1509.0,0.0,0.0,10.0
2018-03-01 14:55:00,1509.0,1509.0,1509.0,1509.0,0.0,0.0,10.0
2018-03-01 21:00:00,1511.0,1511.0,1511.0,1511.0,0.0,0.0,10.0
2018-03-01 21:05:00,1511.0,1511.0,1511.0,1511.0,0.0,0.0,10.0
2018-03-01 21:10:00,1511.0,1511.0,1511.0,1511.0,0.0,0.0,10.0
2018-03-01 21:15:00,1511.0,1511.0,1511.0,1511.0,0.0,0.0,10.0
2018-03-01 21:20:00,1511.0,1511.0,1511.0,1511.0,0.0,0.0,10.0
2018-03-01 21:25:00,1511.0,1511.0,1511.0,1511.0,0.0,0.0,10.0
2018-03-01 21:30:00,1511.0,1511.0,1511.0,1511.0,0.0,0.0,10.0
2018-03-01 21:35:00,1511.0,1511.0,1511.0,1511.0,0.0,0.0,10.0
2018-03-01 21:40:00,1511.0,1511.0,1511.0,1511.0,0.0,0.0,10.0
2018-03-01 21:45:00,1511.0,1511.0,1511.0,1511.0,0.0,0.0,10.0
2018-03-01 21:50:00,1511.0,1511.0,1511.0,1511.0,0.0,0.0,10.0
2018-03-01 21:55:00,1511.0,1511.0,1511.0,1511.0,0.0,0.0,10.0
2018-03-01 22:00:00,1511.0,1511.0,1511.0,1511.0,0.0,0.0,10.0
2018-03-01 22:05:00,1511.0,1511.0,1511.0,1511.0,0.0,0.0,10.0
2018-03-01 22:10:00,1511.0,1511.0,1511.0,1511.0,0.0,0.0,10.0
2018-03-01 22:15:00,1511.0,1511.0,1511.0,1511.0,0.0,0.0,10.0
2018-03-01 22:20:00,1511.0,1511.0,1511.0,1511.0,0.0,0.0,10.0
2018-03-01 22:25:00,1511.0,1511.0,1511.0,1511.0,0.0,0.0,10.0
2018-03-01 22:30:00,1511.0,1511.0,1511.0,1511.0,0.0,0.0,10.0
2018-03-01 22:35:00,1511.0,1511.0,1511.0,1511.0,0.0,0.0,10.0
2018-03-01 22:40:00,1511.0,1511.0,1511.0,1511.0,0.0,0.0,10.0
2018-03-01 22:45:00,1511.0,1511.0,1511.0,1511.0,0.0,0.0,10.0
2018-03-01 22:50:00,1511.0,1511.0,1511.0,1511.0,0.0,0.0,10.0
2018-03-01 22:55:00,1511.0,1511.0,1511.0,1511.0,0.0,0.0,10.0
2018-03-01 23:00:00,1511.0,1511.0,1511.0,1511.0,0.0,0.0,10.0
2018-03-01 23:05:00,1511.0,1511.0,1511.0,1511.0,0.0,0.0,10.0
2018-03-01 23:10:00,1511.0,1511.0,1511.0,1511.0,0.0,0.0,10.0
2018-03-01 23:15:00,1511.0,1511.0,1511.0,1511.0,0.0,0.0,10.0
2018-03-01 23:20:00,1511.0,1511.0,1511.0,1511.0,0.0,0.0,10.0
2018-03-01 23:25:00,1511.0,1511.0,1511.0,1511.0,0.0,0.0,10.0
2018-03-02 09:00:00,1511.0,1511.0,1511.0,1511.0,0.0,0.0,10.0
2018-03-02 09:05:00,1511.0,1511.0,1511.0,1511.0,0.0,0.0,10.0
2018-03-02 09:10:00,1511.0,1511.0,1511.0,1511.0,0.0,0.0,10.0
2018-03-02 09:15:00,1511.0,1511.0,1511.0,1511.0,0.0,0.0,10.0
2018-03-02 09:20:00,1511.0,1511.0,1511.0,1511.0,0.0,0.0,10.0
2018-03-02 09:25:00,1511.0,1511.0,1511.0,1511.0,0.0,0.0,10.0
2018-03-02 09:30:00,1511.0,1511.0,1511.0,1511.0,0.0,0.0,10.0
2018-03-02 09:35:00,1511.0,1511.0,1511.0,1511.0,0.0,0.0,10.0
2018-03-02 09:40:00,1511.0,1511.0,1511.0,1511.0,0.0,0.0,10.0
2018-03-02 09:45:00,1511.0,1511.0,1511.0,1511.0,0.0,0.0,10.0
2018-03-02 09:50:00,1511.0,1511.0,1511.0,1511.0,0.0,0.0,10.0
2018-03-02 09:55:00,1511.0,1511.0,1511.0,1511.0,0.0,0.0,10.0
2018-03-02 10:00:00,1511.0,1511.0,1511.0,1511.0,0.0,0.0,10.0
2018-03-02 10:05:00,1511.0,1511.0,1511.0,1511.0,0.0,0.0,10.0
2018-03-02 10:10:00,1511.0,1511.0,1511.0,1511.0,0.0,0.0,10.0
2018-03-02 10:30:00,1511.0,1511.0,1511.0,1511.0,0.0,0.0,10.0
2018-03-02 10:35:00,1511.0,1511.0,1511.0,1511.0,0.0,0.0,10.0
2018-03-02 10:40:00,1511.0,1511.0,1511.0,1511.0,0.0,0.0,10.0
2018-03-02 10:45:00,1511.0,1511.0,1511.0,1511.0,0.0,0.0,10.0
2018-03-02 10:50:00,1511.0,1511.0,1511.0,1511.0,0.0,0.0,10.0
2018-03-02 10:55:00,1511.0,1511.0,1511.0,1511.0,0.0,0.0,10.0
2018-03-02 11:00:00,1511.0,1511.0,1511.0,1511.0,0.0,0.0,10.0
2018-03-02 11:05:00,1511.0,1511.0,1511.0,1511.0,0.0,0.0,10.0
2018-03-02 11:10:00,1511.0,1511.0,1511.0,1511.0,0.0,0.0,10.0
2018-03-02 11:15:00,1511.0,1511.0,1511.0,1511.0,0.0,0.0,10.0
2018-03-02 11:20:00,1511.0,1511.0,1511.0,1511.0,0.0,0.0,10.0
2018-03-02 11:25:00,1511.0,1511.0,1511.0,1511.0,0.0,0.0,10.0
2018-03-02 13:30:00,1511.0,1511.0,1511.0,1511.0,0.0,0.0,10.0
2018-03-02 13:35:00,1511.0,1511.0,1511.0,1511.0,0.0,0.0,10.0
2018-03-02 13:40:00,1511.0,1511.0,1511.0,1511.0,0.0,0.0,10.0
2018-03-02 13:45:00,1511.0,1511.0,1511.0,1511.0,0.0,0.0,10.0
2018-03-02 13:50:00,1511.0,1511.0,1511.0,1511.0,0.0,0.0,10.0
2018-03-02 13:55:00,1511.0,1511.0,1511.0,1511.0,0.0,0.0,10.0
2018-03-02 14:00:00,1511.0,1511.0,1511.0,1511.0,0.0,0.0,10.0
2018-03-02 14:05:00,1511.0,1511.0,1511.0,1511.0,0.0,0.0,10.0
2018-03-02 14:10:00,1511.0,1511.0,1511.0,1511.0,0.0,0.0,10.0
2018-03-02 14:15:00,1511.0,1511.0,1511.0,1511.0,0.0,0.0,10.0
2018-03-02 14:20:00,1511.0,1511.0,1511.0,1511.0,0.0,0.0,10.0
2018-03-02 14:25:00,1511.0,1511.0,1511.0,1511.0,0.0,0.0,10.0
2018-03-02 14:30:00,1511.0,1511.0,1511.0,1511.0,0.0,0.0,10.0
2018-03-02 14:35:00,1511.0,1511.0,1511.0,1511.0,0.0,0.0,10.0
2018-03-02 14:40:00,1511.0,1511.0,1511.0,1511.0,0.0,0.0,10.0
2018-03-02 14:45:00,1511.0,1511.0,1511.0,1511.0,0.0,0.0,10.0
2018-03-02 14:50:00,1511.0,1511.0,1511.0,1511.0,0.0,0.0,10.0
2018-03-02 14:55:00,1511.0,1511.0,1511.0,1511.0,0.0,0.0,10.0
2018-03-02 21:00:00,1511.0,1511.0,1511.0,1511.0,0.0,0.0,10.0
2018-03-02 21:05:00,1511.0,1511.0,1511.0,1511.0,0.0,0.0,10.0
2018-03-02 21:10:00,1511.0,1511.0,1511.0,1511.0,0.0,0.0,10.0
2018-03-02 21:15:00,1511.0,1511.0,1511.0,1511.0,0.0,0.0,10.0
2018-03-02 21:20:00,1511.0,1511.0,1511.0,1511.0,0.0,0.0,10.0
2018-03-02 21:25:00,1511.0,1511.0,1511.0,1511.0,0.0,0.0,10.0
2018-03-02 21:30:00,1511.0,1511.0,1511.0,1511.0,0.0,0.0,10.0
2018-03-02 21:35:00,1511.0,1511.0,1511.0,1511.0,0.0,0.0,10.0
2018-03-02 21:40:00,1511.0,1511.0,1511.0,1511.0,0.0,0.0,10.0
2018-03-02 21:45:00,1511.0,1511.0,1511.0,1511.0,0.0,0.0,10.0
2018-03-02 21:50:00,1511.0,1511.0,1511.0,1511.0,0.0,0.0,10.0
2018-03-02 21:55:00,1511.0,1511.0,1511.0,1511.0,0.0,0.0,10.0
2018-03-02 22:00:00,1511.0,1511.0,1511.0,1511.0,0.0,0.0,10.0
2018-03-02 22:05:00,1511.0,1511.0,1511.0,1511.0,0.0,0.0,10.0
2018-03-02 22:10:00,1511.0,1511.0,1511.0,1511.0,0.0,0.0,10.0
2018-03-02 22:15:00,1511.0,1511.0,1511.0,1511.0,0.0,0.0,10.0
2018-03-02 22:20:00,1511.0,1511.0,1511.0,1511.0,0.0,0.0,10.0
2018-03-02 22:25:00,1511.0,1511.0,1511.0,1511.0,0.0,0.0,10.0
2018-03-02 22:30:00,1511.0,1511.0,1511.0,1511.0,0.0,0.0,10.0
2018-03-02 22:35:00,1511.0,1511.0,1511.0,1511.0,0.0,0.0,10.0
2018-03-02 22:40:00,1511.0,1511.0,1511.0,1511.0,0.0,0.0,10.0
2018-03-02 22:45:00,1511.0,1511.0,1511.0,1511.0,0.0,0.0,10.0
2018-03-02 22:50:00,1511.0,1511.0,1511.0,1511.0,0.0,0.0,10.0
2018-03-02 22:55:00,1511.0,1511.0,1511.0,1511.0,0.0,0.0,10.0
2018-03-02 23:00:00,1511.0,1511.0,1511.0,1511.0,0.0,0.0,10.0
2018-03-02 23:05:00,1511.0,1511.0,1511.0,1511.0,0.0,0.0,10.0
2018-03-02 23:10:00,1511.0,1511.0,1511.0,1511.0,0.0,0.0,10.0
2018-03-02 23:15:00,1511.0,1511.0,1511.0,1511.0,0.0,0.0,10.0
2018-03-02 23:20:00,1511.0,1511.0,1511.0,1511.0,0.0,0.0,10.0
2018-03-02 23:25:00,1511.0,1511.0,1511.0,1511.0,0.0,0.0,10.0
2018-03-05 09:00:00,1511.0,1511.0,1511.0,1511.0,0.0,0.0,10.0
2018-03-05 09:05:00,1511.0,1511.0,1511.0,1511.0,0.0,0.0,10.0
2018-03-05 09:10:00,1511.0,1511.0,1511.0,1511.0,0.0,0.0,10.0
2018-03-05 09:15:00,1511.0,1511.0,1511.0,1511.0,0.0,0.0,10.0
2018-03-05 09:20:00,1511.0,1511.0,1511.0,1511.0,0.0,0.0,10.0
2018-03-05 09:25:00,1511.0,1511.0,1511.0,1511.0,0.0,0.0,10.0
2018-03-05 09:30:00,1511.0,1511.0,1511.0,1511.0,0.0,0.0,10.0
2018-03-05 09:35:00,1511.0,1511.0,1511.0,1511.0,0.0,0.0,10.0
2018-03-05 09:40:00,1511.0,1511.0,1511.0,1511.0,0.0,0.0,10.0
2018-03-05 09:45:00,1511.0,1511.0,1511.0,1511.0,0.0,0.0,10.0
2018-03-05 09:50:00,1511.0,1511.0,1511.0,1511.0,0.0,0.0,10.0
2018-03-05 09:55:00,1511.0,1511.0,1511.0,1511.0,0.0,0.0,10.0
2018-03-05 10:00:00,1511.0,1511.0,1511.0,1511.0,0.0,0.0,10.0
2018-03-05 10:05:00,1511.0,1511.0,1511.0,1511.0,0.0,0.0,10.0
2018-03-05 10:10:00,1511.0,1511.0,1511.0,1511.0,0.0,0.0,10.0
2018-03-05 10:30:00,1511.0,1511.0,1511.0,1511.0,0.0,0.0,10.0
2018-03-05 10:35:00,1511.0,1511.0,1511.0,1511.0,0.0,0.0,10.0
2018-03-05 10:40:00,1511.0,1511.0,1511.0,1511.0,0.0,0.0,10.0
2018-03-05 10:45:00,1511.0,1511.0,1511.0,1511.0,0.0,0.0,10.0
2018-03-05 10:50:00,1511.0,1511.0,1511.0,1511.0,0.0,0.0,10.0
2018-03-05 10:55:00,1511.0,1511.0,1511.0,1511.0,0.0,0.0,10.0
2018-03-05 11:00:00,1511.0,1511.0,1511.0,1511.0,0.0,0.0,10.0
2018-03-05 11:05:00,1511.0,1511.0,1511.0,1511.0,0.0,0.0,10.0
2018-03-05 11:10:00,1511.0,1511.0,1511.0,1511.0,0.0,0.0,10.0
2018-03-05 11:15:00,1511.0,1511.0,1511.0,1511.0,0.0,0.0,10.0
2018-03-05 11:20:00,1511.0,1511.0,1511.0,1511.0,0.0,0.0,10.0
2018-03-05 11:25:00,1511.0,1511.0,1511.0,1511.0,0.0,0.0,10.0
2018-03-05 13:30:00,1511.0,1511.0,1511.0,1511.0,0.0,0.0,10.0
2018-03-05 13:35:00,1511.0,1511.0,1511.0,1511.0,0.0,0.0,10.0
2018-03-05 13:40:00,1511.0,1511.0,1511.0,1511.0,0.0,0.0,10.0
2018-03-05 13:45:00,1511.0,1511.0,1511.0,1511.0,0.0,0.0,10.0
2018-03-05 13:50:00,1511.0,1511.0,1511.0,1511.0,0.0,0.0,10.0
2018-03-05 13:55:00,1511.0,1511.0,1511.0,1511.0,0.0,0.0,10.0
2018-03-05 14:00:00,1511.0,1511.0,1511.0,1511.0,0.0,0.0,10.0
2018-03-05 14:05:00,1511.0,1511.0,1511.0,1511.0,0.0,0.0,10.0
2018-03-05 14:10:00,1511.0,1511.0,1511.0,1511.0,0.0,0.0,10.0
2018-03-05 14:15:00,1511.0,1511.0,1511.0,1511.0,0.0,0.0,10.0
2018-03-05 14:20:00,1511.0,1511.0,1511.0,1511.0,0.0,0.0,10.0
2018-03-05 14:25:00,1511.0,1511.0,1511.0,1511.0,0.0,0.0,10.0
2018-03-05 14:30:00,1511.0,1511.0,1511.0,1511.0,0.0,0.0,10.0
2018-03-05 14:35:00,1511.0,1511.0,1511.0,1511.0,0.0,0.0,10.0
2018-03-05 14:40:00,1511.0,1511.0,1511.0,1511.0,0.0,0.0,10.0
2018-03-05 14:45:00,1511.0,1511.0,1511.0,1511.0,0.0,0.0,10.0
2018-03-05 14:50:00,1511.0,1511.0,1511.0,1511.0,0.0,0.0,10.0
2018-03-05 14:55:00,1511.0,1511.0,1511.0,1511.0,0.0,0.0,10.0
2018-03-05 21:00:00,1506.0,1506.0,1506.0,1506.0,0.0,0.0,10.0
2018-03-05 21:05:00,1506.0,1506.0,1506.0,1506.0,0.0,0.0,10.0
2018-03-05 21:10:00,1506.0,1506.0,1506.0,1506.0,0.0,0.0,10.0
2018-03-05 21:15:00,1506.0,1506.0,1506.0,1506.0,0.0,0.0,10.0
2018-03-05 21:20:00,1506.0,1506.0,1506.0,1506.0,0.0,0.0,10.0
2018-03-05 21:25:00,1506.0,1506.0,1506.0,1506.0,0.0,0.0,10.0
2018-03-05 21:30:00,1506.0,1506.0,1506.0,1506.0,0.0,0.0,10.0
2018-03-05 21:35:00,1506.0,1506.0,1506.0,1506.0,0.0,0.0,10.0
2018-03-05 21:40:00,1506.0,1506.0,1506.0,1506.0,0.0,0.0,10.0
2018-03-05 21:45:00,1506.0,1506.0,1506.0,1506.0,0.0,0.0,10.0
2018-03-05 21:50:00,1506.0,1506.0,1506.0,1506.0,0.0,0.0,10.0
2018-03-05 21:55:00,1506.0,1506.0,1506.0,1506.0,0.0,0.0,10.0
2018-03-05 22:00:00,1506.0,1506.0,1506.0,1506.0,0.0,0.0,10.0
2018-03-05 22:05:00,1506.0,1506.0,1506.0,1506.0,0.0,0.0,10.0
2018-03-05 22:10:00,1506.0,1506.0,1506.0,1506.0,0.0,0.0,10.0
2018-03-05 22:15:00,1506.0,1506.0,1506.0,1506.0,0.0,0.0,10.0
2018-03-05 22:20:00,1506.0,1506.0,1506.0,1506.0,0.0,0.0,10.0
2018-03-05 22:25:00,1506.0,1506.0,1506.0,1506.0,0.0,0.0,10.0
2018-03-05 22:30:00,1506.0,1506.0,1506.0,1506.0,0.0,0.0,10.0
2018-03-05 22:35:00,1506.0,1506.0,1506.0,1506.0,0.0,0.0,10.0
2018-03-05 22:40:00,1506.0,1506.0,1506.0,1506.0,0.0,0.0,10.0
2018-03-05 22:45:00,1506.0,1506.0,1506.0,1506.0,0.0,0.0,10.0
2018-03-05 22:50:00,1506.0,1506.0,1506.0,1506.0,0.0,0.0,10.0
2018-03-05 22:55:00,1506.0,1506.0,1506.0,1506.0,0.0,0.0,10.0
2018-03-05 23:00:00,1506.0,1506.0,1506.0,1506.0,0.0,0.0,10.0
2018-03-05 23:05:00,1506.0,1506.0,1506.0,1506.0,0.0,0.0,10.0
2018-03-05 23:10:00,1506.0,1506.0,1506.0,1506.0,0.0,0.0,10.0
2018-03-05 23:15:00,1506.0,1506.0,1506.0,1506.0,0.0,0.0,10.0
2018-03-05 23:20:00,1506.0,1506.0,1506.0,1506.0,0.0,0.0,10.0
2018-03-05 23:25:00,1506.0,1506.0,1506.0,1506.0,0.0,0.0,10.0
2018-03-06 09:00:00,1506.0,1506.0,1506.0,1506.0,0.0,0.0,10.0
2018-03-06 09:05:00,1506.0,1506.0,1506.0,1506.0,0.0,0.0,10.0
2018-03-06 09:10:00,1506.0,1506.0,1506.0,1506.0,0.0,0.0,10.0
2018-03-06 09:15:00,1506.0,1506.0,1506.0,1506.0,0.0,0.0,10.0
2018-03-06 09:20:00,1506.0,1506.0,1506.0,1506.0,0.0,0.0,10.0
2018-03-06 09:25:00,1506.0,1506.0,1506.0,1506.0,0.0,0.0,10.0
2018-03-06 09:30:00,1506.0,1506.0,1506.0,1506.0,0.0,0.0,10.0
2018-03-06 09:35:00,1506.0,1506.0,1506.0,1506.0,0.0,0.0,10.0
2018-03-06 09:40:00,1506.0,1506.0,1506.0,1506.0,0.0,0.0,10.0
2018-03-06 09:45:00,1506.0,1506.0,1506.0,1506.0,0.0,0.0,10.0
2018-03-06 09:50:00,1506.0,1506.0,1506.0,1506.0,0.0,0.0,10.0
2018-03-06 09:55:00,1506.0,1506.0,1506.0,1506.0,0.0,0.0,10.0
2018-03-06 10:00:00,1506.0,1506.0,1506.0,1506.0,0.0,0.0,10.0
2018-03-06 10:05:00,1506.0,1506.0,1506.0,1506.0,0.0,0.0,10.0
2018-03-06 10:10:00,1506.0,1506.0,1506.0,1506.0,0.0,0.0,10.0
2018-03-06 10:30:00,1506.0,1506.0,1506.0,1506.0,0.0,0.0,10.0
2018-03-06 10:35:00,1506.0,1506.0,1506.0,1506.0,0.0,0.0,10.0
2018-03-06 10:40:00,1506.0,1506.0,1506.0,1506.0,0.0,0.0,10.0
2018-03-06 10:45:00,1506.0,1506.0,1506.0,1506.0,0.0,0.0,10.0
2018-03-06 10:50:00,1506.0,1506.0,1506.0,1506.0,0.0,0.0,10.0
2018-03-06 10:55:00,1506.0,1506.0,1506.0,1506.0,0.0,0.0,10.0
2018-03-06 11:00:00,1506.0,1506.0,1506.0,1506.0,0.0,0.0,10.0
2018-03-06 11:05:00,1506.0,1506.0,1506.0,1506.0,0.0,0.0,10.0
2018-03-06 11:10:00,1506.0,1506.0,1506.0,1506.0,0.0,0.0,10.0
2018-03-06 11:15:00,1506.0,1506.0,1506.0,1506.0,0.0,0.0,10.0
2018-03-06 11:20:00,1506.0,1506.0,1506.0,1506.0,0.0,0.0,10.0
2018-03-06 11:25:00,1506.0,1506.0,1506.0,1506.0,0.0,0.0,10.0
2018-03-06 13:30:00,1506.0,1506.0,1506.0,1506.0,0.0,0.0,10.0
2018-03-06 13:35:00,1506.0,1506.0,1506.0,1506.0,0.0,0.0,10.0
2018-03-06 13:40:00,1506.0,1506.0,1506.0,1506.0,0.0,0.0,10.0
2018-03-06 13:45:00,1506.0,1506.0,1506.0,1506.0,0.0,0.0,10.0
2018-03-06 13:50:00,1506.0,1506.0,1506.0,1506.0,0.0,0.0,10.0
2018-03-06 13:55:00,1506.0,1506.0,1506.0,1506.0,0.0,0.0,10.0
2018-03-06 14:00:00,1506.0,1506.0,1506.0,1506.0,0.0,0.0,10.0
2018-03-06 14:05:00,1506.0,1506.0,1506.0,1506.0,0.0,0.0,10.0
2018-03-06 14:10:00,1506.0,1506.0,1506.0,1506.0,0.0,0.0,10.0
2018-03-06 14:15:00,1506.0,1506.0,1506.0,1506.0,0.0,0.0,10.0
2018-03-06 14:20:00,1506.0,1506.0,1506.0,1506.0,0.0,0.0,10.0
2018-03-06 14:25:00,1506.0,1506.0,1506.0,1506.0,0.0,0.0,10.0
2018-03-06 14:30:00,1506.0,1506.0,1506.0,1506.0,0.0,0.0,10.0
2018-03-06 14:35:00,1506.0,1506.0,1506.0,1506.0,0.0,0.0,10.0
2018-03-06 14:40:00,1506.0,1506.0,1506.0,1506.0,0.0,0.0,10.0
2018-03-06 14:45:00,1506.0,1506.0,1506.0,1506.0,0.0,0.0,10.0
2018-03-06 14:50:00,1506.0,1506.0,1506.0,1506.0,0.0,0.0,10.0
2018-03-06 14:55:00,1506.0,1506.0,1506.0,1506.0,0.0,0.0,10.0
2018-03-06 21:00:00,1501.0,1501.0,1501.0,1501.0,0.0,0.0,10.0
2018-03-06 21:05:00,1501.0,1501.0,1501.0,1501.0,0.0,0.0,10.0
2018-03-06 21:10:00,1501.0,1501.0,1501.0,1501.0,0.0,0.0,10.0
2018-03-06 21:15:00,1501.0,1501.0,1501.0,1501.0,0.0,0.0,10.0
2018-03-06 21:20:00,1501.0,1501.0,1501.0,1501.0,0.0,0.0,10.0
2018-03-06 21:25:00,1501.0,1501.0,1501.0,1501.0,0.0,0.0,10.0
2018-03-06 21:30:00,1501.0,1501.0,1501.0,1501.0,0.0,0.0,10.0
2018-03-06 21:35:00,1501.0,1501.0,1501.0,1501.0,0.0,0.0,10.0
2018-03-06 21:40:00,1501.0,1501.0,1501.0,1501.0,0.0,0.0,10.0
2018-03-06 21:45:00,1501.0,1501.0,1501.0,1501.0,0.0,0.0,10.0
2018-03-06 21:50:00,1501.0,1501.0,1501.0,1501.0,0.0,0.0,10.0
2018-03-06 21:55:00,1501.0,1501.0,1501.0,1501.0,0.0,0.0,10.0
2018-03-06 22:00:00,1501.0,1501.0,1501.0,1501.0,0.0,0.0,10.0
2018-03-06 22:05:00,1501.0,1501.0,1501.0,1501.0,0.0,0.0,10.0
2018-03-06 22:10:00,1501.0,1501.0,1501.0,1501.0,0.0,0.0,10.0
2018-03-06 22:15:00,1501.0,1501.0,1501.0,1501.0,0.0,0.0,10.0
2018-03-06 22:20:00,1501.0,1501.0,1501.0,1501.0,0.0,0.0,10.0
2018-03-06 22:25:00,1501.0,1501.0,1501.0,1501.0,0.0,0.0,10.0
2018-03-06 22:30:00,1501.0,1501.0,1501.0,1501.0,0.0,0.0,10.0
2018-03-06 22:35:00,1501.0,1501.0,1501.0,1501.0,0.0,0.0,10.0
2018-03-06 22:40:00,1501.0,1501.0,1501.0,1501.0,0.0,0.0,10.0
2018-03-06 22:45:00,1501.0,1501.0,1501.0,1501.0,0.0,0.0,10.0
2018-03-06 22:50:00,1501.0,1501.0,1501.0,1501.0,0.0,0.0,10.0
2018-03-06 22:55:00,1501.0,1501.0,1501.0,1501.0,0.0,0.0,10.0
2018-03-06 23:00:00,1501.0,1501.0,1501.0,1501.0,0.0,0.0,10.0
2018-03-06 23:05:00,1501.0,1501.0,1501.0,1501.0,0.0,0.0,10.0
2018-03-06 23:10:00,1501.0,1501.0,1501.0,1501.0,0.0,0.0,10.0
2018-03-06 23:15:00,1501.0,1501.0,1501.0,1501.0,0.0,0.0,10.0
2018-03-06 23:20:00,1501.0,1501.0,1501.0,1501.0,0.0,0.0,10.0
2018-03-06 23:25:00,1501.0,1501.0,1501.0,1501.0,0.0,0.0,10.0
2018-03-07 09:00:00,1501.0,1501.0,1501.0,1501.0,0.0,0.0,10.0
2018-03-07 09:05:00,1501.0,1501.0,1501.0,1501.0,0.0,0.0,10.0
2018-03-07 09:10:00,1501.0,1501.0,1501.0,1501.0,0.0,0.0,10.0
2018-03-07 09:15:00,1501.0,1501.0,1501.0,1501.0,0.0,0.0,10.0
2018-03-07 09:20:00,1501.0,1501.0,1501.0,1501.0,0.0,0.0,10.0
2018-03-07 09:25:00,1501.0,1501.0,1501.0,1501.0,0.0,0.0,10.0
2018-03-07 09:30:00,1501.0,1501.0,1501.0,1501.0,0.0,0.0,10.0
2018-03-07 09:35:00,1501.0,1501.0,1501.0,1501.0,0.0,0.0,10.0
2018-03-07 09:40:00,1501.0,1501.0,1501.0,1501.0,0.0,0.0,10.0
2018-03-07 09:45:00,1501.0,1501.0,1501.0,1501.0,0.0,0.0,10.0
2018-03-07 09:50:00,1501.0,1501.0,1501.0,1501.0,0.0,0.0,10.0
2018-03-07 09:55:00,1501.0,1501.0,1501.0,1501.0,0.0,0.0,10.0
2018-03-07 10:00:00,1501.0,1501.0,1501.0,1501.0,0.0,0.0,10.0
2018-03-07 10:05:00,1501.0,1501.0,1501.0,1501.0,0.0,0.0,10.0
2018-03-07 10:10:00,1501.0,1501.0,1501.0,1501.0,0.0,0.0,10.0
2018-03-07 10:30:00,1501.0,1501.0,1501.0,1501.0,0.0,0.0,10.0
2018-03-07 10:35:00,1501.0,1501.0,1501.0,1501.0,0.0,0.0,10.0
2018-03-07 10:40:00,1501.0,1501.0,1501.0,1501.0,0.0,0.0,10.0
2018-03-07 10:45:00,1501.0,1501.0,1501.0,1501.0,0.0,0.0,10.0
2018-03-07 10:50:00,1501.0,1501.0,1501.0,1501.0,0.0,0.0,10.0
2018-03-07 10:55:00,1501.0,1501.0,1501.0,1501.0,0.0,0.0,10.0
2018-03-07 11:00:00,1501.0,1501.0,1501.0,1501.0,0.0,0.0,10.0
2018-03-07 11:05:00,1501.0,1501.0,1501.0,1501.0,0.0,0.0,10.0
2018-03-07 11:10:00,1501.0,1501.0,1501.0,1501.0,0.0,0.0,10.0
2018-03-07 11:15:00,1501.0,1501.0,1501.0,1501.0,0.0,0.0,10.0
2018-03-07 11:20:00,1501.0,1501.0,1501.0,1501.0,0.0,0.0,10.0
2018-03-07 11:25:00,1501.0,1501.0,1501.0,1501.0,0.0,0.0,10.0
2018-03-07 13:30:00,1501.0,1501.0,1501.0,1501.0,0.0,0.0,10.0
2018-03-07 13:35:00,1501.0,1501.0,1501.0,1501.0,0.0,0.0,10.0
2018-03-07 13:40:00,1501.0,1501.0,1501.0,1501.0,0.0,0.0,10.0
2018-03-07 13:45:00,1501.0,1501.0,1501.0,1501.0,0.0,0.0,10.0
2018-03-07 13:50:00,1501.0,1501.0,1501.0,1501.0,0.0,0.0,10.0
2018-03-07 13:55:00,1501.0,1501.0,1501.0,1501.0,0.0,0.0,10.0
2018-03-07 14:00:00,1501.0,1501.0,1501.0,1501.0,0.0,0.0,10.0
2018-03-07 14:05:00,1501.0,1501.0,1501.0,1501.0,0.0,0.0,10.0
2018-03-07 14:10:00,1501.0,1501.0,1501.0,1501.0,0.0,0.0,10.0
2018-03-07 14:15:00,1501.0,1501.0,1501.0,1501.0,0.0,0.0,10.0
2018-03-07 14:20:00,1501.0,1501.0,1501.0,1501.0,0.0,0.0,10.0
2018-03-07 14:25:00,1501.0,1501.0,1501.0,1501.0,0.0,0.0,10.0
2018-03-07 14:30:00,1501.0,1501.0,1501.0,1501.0,0.0,0.0,10.0
2018-03-07 14:35:00,1501.0,1501.0,1501.0,1501.0,0.0,0.0,10.0
2018-03-07 14:40:00,1501.0,1501.0,1501.0,1501.0,0.0,0.0,10.0
2018-03-07 14:45:00,1501.0,1501.0,1501.0,1501.0,0.0,0.0,10.0
2018-03-07 14:50:00,1501.0,1501.0,1501.0,1501.0,0.0,0.0,10.0
2018-03-07 14:55:00,1501.0,1501.0,1501.0,1501.0,0.0,0.0,10.0
2018-03-07 21:00:00,1499.0,1499.0,1499.0,1499.0,0.0,0.0,10.0
2018-03-07 21:05:00,1499.0,1499.0,1499.0,1499.0,0.0,0.0,10.0
2018-03-07 21:10:00,1499.0,1499.0,1499.0,1499.0,0.0,0.0,10.0
2018-03-07 21:15:00,1499.0,1499.0,1499.0,1499.0,0.0,0.0,10.0
2018-03-07 21:20:00,1499.0,1499.0,1499.0,1499.0,0.0,0.0,10.0
2018-03-07 21:25:00,1499.0,1499.0,1499.0,1499.0,0.0,0.0,10.0
2018-03-07 21:30:00,1499.0,1499.0,1499.0,1499.0,0.0,0.0,10.0
2018-03-07 21:35:00,1499.0,1499.0,1499.0,1499.0,0.0,0.0,10.0
2018-03-07 21:40:00,1499.0,1499.0,1499.0,1499.0,0.0,0.0,10.0
2018-03-07 21:45:00,1499.0,1499.0,1499.0,1499.0,0.0,0.0,10.0
2018-03-07 21:50:00,1499.0,1499.0,1499.0,1499.0,0.0,0.0,10.0
2018-03-07 21:55:00,1499.0,1499.0,1499.0,1499.0,0.0,0.0,10.0
2018-03-07 22:00:00,1499.0,1499.0,1499.0,1499.0,0.0,0.0,10.0
2018-03-07 22:05:00,1499.0,1499.0,1499.0,1499.0,0.0,0.0,10.0
2018-03-07 22:10:00,1499.0,1499.0,1499.0,1499.0,0.0,0.0,10.0
2018-03-07 22:15:00,1499.0,1499.0,1499.0,1499.0,0.0,0.0,10.0
2018-03-07 22:20:00,1499.0,1499.0,1499.0,1499.0,0.0,0.0,10.0
2018-03-07 22:25:00,1499.0,1499.0,1499.0,1499.0,0.0,0.0,10.0
2018-03-07 22:30:00,1499.0,1499.0,1499.0,1499.0,0.0,0.0,10.0
2018-03-07 22:35:00,1499.0,1499.0,1499.0,1499.0,0.0,0.0,10.0
2018-03-07 22:40:00,1499.0,1499.0,1499.0,1499.0,0.0,0.0,10.0
2018-03-07 22:45:00,1499.0,1499.0,1499.0,1499.0,0.0,0.0,10.0
2018-03-07 22:50:00,1499.0,1499.0,1499.0,1499.0,0.0,0.0,10.0
2018-03-07 22:55:00,1499.0,1499.0,1499.0,1499.0,0.0,0.0,10.0
2018-03-07 23:00:00,1499.0,1499.0,1499.0,1499.0,0.0,0.0,10.0
2018-03-07 23:05:00,1499.0,1499.0,1499.0,1499.0,0.0,0.0,10.0
2018-03-07 23:10:00,1499.0,1499.0,1499.0,1499.0,0.0,0.0,10.0
2018-03-07 23:15:00,1499.0,1499.0,1499.0,1499.0,0.0,0.0,10.0
2018-03-07 23:20:00,1499.0,1499.0,1499.0,1499.0,0.0,0.0,10.0
2018-03-07 23:25:00,1499.0,1499.0,1499.0,1499.0,0.0,0.0,10.0
2018-03-08 09:00:00,1499.0,1499.0,1499.0,1499.0,0.0,0.0,10.0
2018-03-08 09:05:00,1499.0,1499.0,1499.0,1499.0,0.0,0.0,10.0
2018-03-08 09:10:00,1499.0,1499.0,1499.0,1499.0,0.0,0.0,10.0
2018-03-08 09:15:00,1499.0,1499.0,1499.0,1499.0,0.0,0.0,10.0
2018-03-08 09:20:00,1499.0,1499.0,1499.0,1499.0,0.0,0.0,10.0
2018-03-08 09:25:00,1499.0,1499.0,1499.0,1499.0,0.0,0.0,10.0
2018-03-08 09:30:00,1499.0,1499.0,1499.0,1499.0,0.0,0.0,10.0
2018-03-08 09:35:00,1499.0,1499.0,1499.0,1499.0,0.0,0.0,10.0
2018-03-08 09:40:00,1499.0,1499.0,1499.0,1499.0,0.0,0.0,10.0
2018-03-08 09:45:00,1499.0,1499.0,1499.0,1499.0,0.0,0.0,10.0
2018-03-08 09:50:00,1499.0,1499.0,1499.0,1499.0,0.0,0.0,10.0
2018-03-08 09:55:00,1499.0,1499.0,1499.0,1499.0,0.0,0.0,10.0
2018-03-08 10:00:00,1499.0,1499.0,1499.0,1499.0,0.0,0.0,10.0
2018-03-08 10:05:00,1499.0,1499.0,1499.0,1499.0,0.0,0.0,10.0
2018-03-08 10:10:00,1499.0,1499.0,1499.0,1499.0,0.0,0.0,10.0
2018-03-08 10:30:00,1499.0,1499.0,1499.0,1499.0,0.0,0.0,10.0
2018-03-08 10:35:00,1499.0,1499.0,1499.0,1499.0,0.0,0.0,10.0
2018-03-08 10:40:00,1499.0,1499.0,1499.0,1499.0,0.0,0.0,10.0
2018-03-08 10:45:00,1499.0,1499.0,1499.0,1499.0,0.0,0.0,10.0
2018-03-08 10:50:00,1499.0,1499.0,1499.0,1499.0,0.0,0.0,10.0
2018-03-08 10:55:00,1499.0,1499.0,1499.0,1499.0,0.0,0.0,10.0
2018-03-08 11:00:00,1499.0,1499.0,1499.0,1499.0,0.0,0.0,10.0
2018-03-08 11:05:00,1499.0,1499.0,1499.0,1499.0,0.0,0.0,10.0
2018-03-08 11:10:00,1499.0,1499.0,1499.0,1499.0,0.0,0.0,10.0
2018-03-08 11:15:00,1499.0,1499.0,1499.0,1499.0,0.0,0.0,10.0
2018-03-08 11:20:00,1499.0,1499.0,1499.0,1499.0,0.0,0.0,10.0
2018-03-08 11:25:00,1499.0,1499.0,1499.0,1499.0,0.0,0.0,10.0
2018-03-08 13:30:00,1499.0,1499.0,1499.0,1499.0,0.0,0.0,10.0
2018-03-08 13:35:00,1499.0,1499.0,1499.0,1499.0,0.0,0.0,10.0
2018-03-08 13:40:00,1499.0,1499.0,1499.0,1499.0,0.0,0.0,10.0
2018-03-08 13:45:00,1499.0,1499.0,1499.0,1499.0,0.0,0.0,10.0
2018-03-08 13:50:00,1499.0,1499.0,1499.0,1499.0,0.0,0.0,10.0
2018-03-08 13:55:00,1499.0,1499.0,1499.0,1499.0,0.0,0.0,10.0
2018-03-08 14:00:00,1499.0,1499.0,1499.0,1499.0,0.0,0.0,10.0
2018-03-08 14:05:00,1499.0,1499.0,1499.0,1499.0,0.0,0.0,10.0
2018-03-08 14:10:00,1499.0,1499.0,1499.0,1499.0,0.0,0.0,10.0
2018-03-08 14:15:00,1499.0,1499.0,1499.0,1499.0,0.0,0.0,10.0
2018-03-08 14:20:00,1499.0,1499.0,1499.0,1499.0,0.0,0.0,10.0
2018-03-08 14:25:00,1499.0,1499.0,1499.0,1499.0,0.0,0.0,10.0
2018-03-08 14:30:00,1499.0,1499.0,1499.0,1499.0,0.0,0.0,10.0
2018-03-08 14:35:00,1499.0,1499.0,1499.0,1499.0,0.0,0.0,10.0
2018-03-08 14:40:00,1499.0,1499.0,1499.0,1499.0,0.0,0.0,10.0
2018-03-08 14:45:00,1499.0,1499.0,1499.0,1499.0,0.0,0.0,10.0
2018-03-08 14:50:00,1499.0,1499.0,1499.0,1499.0,0.0,0.0,10.0
2018-03-08 14:55:00,1499.0,1499.0,1499.0,1499.0,0.0,0.0,10.0
2018-03-08 21:00:00,1486.0,1486.0,1486.0,1486.0,0.0,0.0,10.0
2018-03-08 21:05:00,1486.0,1486.0,1486.0,1486.0,0.0,0.0,10.0
2018-03-08 21:10:00,1486.0,1486.0,1486.0,1486.0,0.0,0.0,10.0
2018-03-08 21:15:00,1486.0,1486.0,1486.0,1486.0,0.0,0.0,10.0
2018-03-08 21:20:00,1486.0,1486.0,1486.0,1486.0,0.0,0.0,10.0
2018-03-08 21:25:00,1486.0,1486.0,1486.0,1486.0,0.0,0.0,10.0
2018-03-08 21:30:00,1486.0,1486.0,1486.0,1486.0,0.0,0.0,10.0
2018-03-08 21:35:00,1486.0,1486.0,1486.0,1486.0,0.0,0.0,10.0
2018-03-08 21:40:00,1486.0,1486.0,1486.0,1486.0,0.0,0.0,10.0
2018-03-08 21:45:00,1486.0,1486.0,1486.0,1486.0,0.0,0.0,10.0
2018-03-08 21:50:00,1486.0,1486.0,1486.0,1486.0,0.0,0.0,10.0
2018-03-08 21:55:00,1486.0,1486.0,1486.0,1486.0,0.0,0.0,10.0
2018-03-08 22:00:00,1486.0,1486.0,1486.0,1486.0,0.0,0.0,10.0
2018-03-08 22:05:00,1486.0,1486.0,1486.0,1486.0,0.0,0.0,10.0
2018-03-08 22:10:00,1486.0,1486.0,1486.0,1486.0,0.0,0.0,10.0
2018-03-08 22:15:00,1486.0,1486.0,1486.0,1486.0,0.0,0.0,10.0
2018-03-08 22:20:00,1486.0,1486.0,1486.0,1486.0,0.0,0.0,10.0
2018-03-08 22:25:00,1486.0,1486.0,1486.0,1486.0,0.0,0.0,10.0
2018-03-08 22:30:00,1486.0,1486.0,1486.0,1486.0,0.0,0.0,10.0
2018-03-08 22:35:00,1486.0,1486.0,1486.0,1486.0,0.0,0.0,10.0
2018-03-08 22:40:00,1486.0,1486.0,1486.0,1486.0,0.0,0.0,10.0
2018-03-08 22:45:00,1486.0,1486.0,1486.0,1486.0,0.0,0.0,10.0
2018-03-08 22:50:00,1486.0,1486.0,1486.0,1486.0,0.0,0.0,10.0
2018-03-08 22:55:00,1486.0,1486.0,1486.0,1486.0,0.0,0.0,10.0
2018-03-08 23:00:00,1486.0,1486.0,1486.0,1486.0,0.0,0.0,10.0
2018-03-08 23:05:00,1486.0,1486.0,1486.0,1486.0,0.0,0.0,10.0
2018-03-08 23:10:00,1486.0,1486.0,1486.0,1486.0,0.0,0.0,10.0
2018-03-08 23:15:00,1486.0,1486.0,1486.0,1486.0,0.0,0.0,10.0
2018-03-08 23:20:00,1486.0,1486.0,1486.0,1486.0,0.0,0.0,10.0
2018-03-08 23:25:00,1486.0,1486.0,1486.0,1486.0,0.0,0.0,10.0
2018-03-09 09:00:00,1486.0,1486.0,1486.0,1486.0,0.0,0.0,10.0
2018-03-09 09:05:00,1486.0,1486.0,1486.0,1486.0,0.0,0.0,10.0
2018-03-09 09:10:00,1486.0,1486.0,1486.0,1486.0,0.0,0.0,10.0
2018-03-09 09:15:00,1486.0,1486.0,1486.0,1486.0,0.0,0.0,10.0
2018-03-09 09:20:00,1486.0,1486.0,1486.0,1486.0,0.0,0.0,10.0
2018-03-09 09:25:00,1486.0,1486.0,1486.0,1486.0,0.0,0.0,10.0
2018-03-09 09:30:00,1486.0,1486.0,1486.0,1486.0,0.0,0.0,10.0
2018-03-09 09:35:00,1486.0,1486.0,1486.0,1486.0,0.0,0.0,10.0
2018-03-09 09:40:00,1486.0,1486.0,1486.0,1486.0,0.0,0.0,10.0
2018-03-09 09:45:00,1486.0,1486.0,1486.0,1486.0,0.0,0.0,10.0
2018-03-09 09:50:00,1486.0,1486.0,1486.0,1486.0,0.0,0.0,10.0
2018-03-09 09:55:00,1486.0,1486.0,1486.0,1486.0,0.0,0.0,10.0
2018-03-09 10:00:00,1486.0,1486.0,1486.0,1486.0,0.0,0.0,10.0
2018-03-09 10:05:00,1486.0,1486.0,1486.0,1486.0,0.0,0.0,10.0
2018-03-09 10:10:00,1486.0,1486.0,1486.0,1486.0,0.0,0.0,10.0
2018-03-09 10:30:00,1486.0,1486.0,1486.0,1486.0,0.0,0.0,10.0
2018-03-09 10:35:00,1486.0,1486.0,1486.0,1486.0,0.0,0.0,10.0
2018-03-09 10:40:00,1486.0,1486.0,1486.0,1486.0,0.0,0.0,10.0
2018-03-09 10:45:00,1486.0,1486.0,1486.0,1486.0,0.0,0.0,10.0
2018-03-09 10:50:00,1486.0,1486.0,1486.0,1486.0,0.0,0.0,10.0
2018-03-09 10:55:00,1486.0,1486.0,1486.0,1486.0,0.0,0.0,10.0
2018-03-09 11:00:00,1486.0,1486.0,1486.0,1486.0,0.0,0.0,10.0
2018-03-09 11:05:00,1486.0,1486.0,1486.0,1486.0,0.0,0.0,10.0
2018-03-09 11:10:00,1486.0,1486.0,1486.0,1486.0,0.0,0.0,10.0
2018-03-09 11:15:00,1486.0,1486.0,1486.0,1486.0,0.0,0.0,10.0
2018-03-09 11:20:00,1486.0,1486.0,1486.0,1486.0,0.0,0.0,10.0
2018-03-09 11:25:00,1486.0,1486.0,1486.0,1486.0,0.0,0.0,10.0
2018-03-09 13:30:00,1463.0,1463.0,1458.0,1458.0,4.0,116880.0,6.0
2018-03-09 13:35:00,1458.0,1458.0,1458.0,1458.0,0.0,0.0,6.0
2018-03-09 13:40:00,1458.0,1458.0,1458.0,1458.0,0.0,0.0,6.0
2018-03-09 13:45:00,1458.0,1458.0,1458.0,1458.0,0.0,0.0,6.0
2018-03-09 13:50:00,1458.0,1458.0,1458.0,1458.0,0.0,0.0,6.0
2018-03-09 13:55:00,1458.0,1458.0,1458.0,1458.0,0.0,0.0,6.0
2018-03-09 14:00:00,1458.0,1458.0,1458.0,1458.0,0.0,0.0,6.0
2018-03-09 14:05:00,1458.0,1458.0,1458.0,1458.0,0.0,0.0,6.0
2018-03-09 14:10:00,1458.0,1458.0,1458.0,1458.0,0.0,0.0,6.0
2018-03-09 14:15:00,1458.0,1458.0,1458.0,1458.0,0.0,0.0,6.0
2018-03-09 14:20:00,1458.0,1458.0,1447.0,1447.0,2.0,57840.0,6.0
2018-03-09 14:25:00,1447.0,1447.0,1447.0,1447.0,0.0,0.0,6.0
2018-03-09 14:30:00,1447.0,1447.0,1447.0,1447.0,0.0,0.0,6.0
2018-03-09 14:35:00,1447.0,1447.0,1447.0,1447.0,0.0,0.0,6.0
2018-03-09 14:40:00,1447.0,1447.0,1442.0,1442.0,2.0,57760.0,6.0
2018-03-09 14:45:00,1442.0,1442.0,1442.0,1442.0,0.0,0.0,6.0
2018-03-09 14:50:00,1442.0,1442.0,1442.0,1442.0,0.0,0.0,6.0
2018-03-09 14:55:00,1442.0,1442.0,1442.0,1442.0,0.0,0.0,6.0
2018-03-09 21:00:00,1453.0,1453.0,1453.0,1453.0,0.0,0.0,6.0
2018-03-09 21:05:00,1453.0,1453.0,1453.0,1453.0,0.0,0.0,6.0
2018-03-09 21:10:00,1453.0,1453.0,1453.0,1453.0,0.0,0.0,6.0
2018-03-09 21:15:00,1453.0,1453.0,1453.0,1453.0,0.0,0.0,6.0
2018-03-09 21:20:00,1453.0,1453.0,1453.0,1453.0,0.0,0.0,6.0
2018-03-09 21:25:00,1453.0,1453.0,1453.0,1453.0,0.0,0.0,6.0
2018-03-09 21:30:00,1453.0,1453.0,1453.0,1453.0,0.0,0.0,6.0
2018-03-09 21:35:00,1453.0,1453.0,1453.0,1453.0,0.0,0.0,6.0
2018-03-09 21:40:00,1453.0,1453.0,1453.0,1453.0,0.0,0.0,6.0
2018-03-09 21:45:00,1453.0,1453.0,1453.0,1453.0,0.0,0.0,6.0
2018-03-09 21:50:00,1453.0,1453.0,1453.0,1453.0,0.0,0.0,6.0
2018-03-09 21:55:00,1453.0,1453.0,1453.0,1453.0,0.0,0.0,6.0
2018-03-09 22:00:00,1453.0,1453.0,1453.0,1453.0,0.0,0.0,6.0
2018-03-09 22:05:00,1453.0,1453.0,1453.0,1453.0,0.0,0.0,6.0
2018-03-09 22:10:00,1453.0,1453.0,1453.0,1453.0,0.0,0.0,6.0
2018-03-09 22:15:00,1453.0,1453.0,1453.0,1453.0,0.0,0.0,6.0
2018-03-09 22:20:00,1453.0,1453.0,1453.0,1453.0,0.0,0.0,6.0
2018-03-09 22:25:00,1453.0,1453.0,1453.0,1453.0,0.0,0.0,6.0
2018-03-09 22:30:00,1453.0,1453.0,1453.0,1453.0,0.0,0.0,6.0
2018-03-09 22:35:00,1453.0,1453.0,1453.0,1453.0,0.0,0.0,6.0
2018-03-09 22:40:00,1453.0,1453.0,1453.0,1453.0,0.0,0.0,6.0
2018-03-09 22:45:00,1453.0,1453.0,1453.0,1453.0,0.0,0.0,6.0
2018-03-09 22:50:00,1453.0,1453.0,1453.0,1453.0,0.0,0.0,6.0
2018-03-09 22:55:00,1453.0,1453.0,1453.0,1453.0,0.0,0.0,6.0
2018-03-09 23:00:00,1453.0,1453.0,1453.0,1453.0,0.0,0.0,6.0
2018-03-09 23:05:00,1453.0,1453.0,1453.0,1453.0,0.0,0.0,6.0
2018-03-09 23:10:00,1453.0,1453.0,1453.0,1453.0,0.0,0.0,6.0
2018-03-09 23:15:00,1453.0,1453.0,1453.0,1453.0,0.0,0.0,6.0
2018-03-09 23:20:00,1453.0,1453.0,1453.0,1453.0,0.0,0.0,6.0
2018-03-09 23:25:00,1453.0,1453.0,1453.0,1453.0,0.0,0.0,6.0
2018-03-12 09:00:00,1471.0,1471.0,1471.0,1471.0,2.0,58840.0,6.0
2018-03-12 09:05:00,1471.0,1471.0,1471.0,1471.0,0.0,0.0,6.0
2018-03-12 09:10:00,1471.0,1471.0,1471.0,1471.0,0.0,0.0,6.0
2018-03-12 09:15:00,1471.0,1471.0,1471.0,1471.0,0.0,0.0,6.0
2018-03-12 09:20:00,1471.0,1471.0,1471.0,1471.0,0.0,0.0,6.0
2018-03-12 09:25:00,1471.0,1471.0,1454.0,1454.0,2.0,58200.0,6.0
2018-03-12 09:30:00,1454.0,1454.0,1454.0,1454.0,0.0,0.0,6.0
2018-03-12 09:35:00,1454.0,1454.0,1454.0,1454.0,0.0,0.0,6.0
2018-03-12 09:40:00,1454.0,1454.0,1454.0,1454.0,0.0,0.0,6.0
2018-03-12 09:45:00,1454.0,1454.0,1454.0,1454.0,0.0,0.0,6.0
2018-03-12 09:50:00,1454.0,1454.0,1454.0,1454.0,0.0,0.0,6.0
2018-03-12 09:55:00,1454.0,1454.0,1454.0,1454.0,0.0,0.0,6.0
2018-03-12 10:00:00,1454.0,1454.0,1454.0,1454.0,0.0,0.0,6.0
2018-03-12 10:05:00,1454.0,1454.0,1454.0,1454.0,0.0,0.0,6.0
2018-03-12 10:10:00,1454.0,1454.0,1454.0,1454.0,0.0,0.0,6.0
2018-03-12 10:30:00,1454.0,1454.0,1454.0,1454.0,0.0,0.0,6.0
2018-03-12 10:35:00,1454.0,1454.0,1454.0,1454.0,0.0,0.0,6.0
2018-03-12 10:40:00,1454.0,1454.0,1454.0,1454.0,0.0,0.0,6.0
2018-03-12 10:45:00,1454.0,1454.0,1454.0,1454.0,0.0,0.0,6.0
2018-03-12 10:50:00,1454.0,1454.0,1454.0,1454.0,0.0,0.0,6.0
2018-03-12 10:55:00,1454.0,1454.0,1454.0,1454.0,0.0,0.0,6.0
2018-03-12 11:00:00,1454.0,1454.0,1454.0,1454.0,0.0,0.0,6.0
2018-03-12 11:05:00,1454.0,1454.0,1454.0,1454.0,0.0,0.0,6.0
2018-03-12 11:10:00,1454.0,1454.0,1454.0,1454.0,0.0,0.0,6.0
2018-03-12 11:15:00,1454.0,1454.0,1454.0,1454.0,0.0,0.0,6.0
2018-03-12 11:20:00,1454.0,1454.0,1454.0,1454.0,0.0,0.0,6.0
2018-03-12 11:25:00,1454.0,1454.0,1454.0,1454.0,0.0,0.0,6.0
2018-03-12 13:30:00,1454.0,1454.0,1454.0,1454.0,0.0,0.0,6.0
2018-03-12 13:35:00,1454.0,1454.0,1454.0,1454.0,0.0,0.0,6.0
2018-03-12 13:40:00,1454.0,1454.0,1454.0,1454.0,0.0,0.0,6.0
2018-03-12 13:45:00,1454.0,1454.0,1454.0,1454.0,0.0,0.0,6.0
2018-03-12 13:50:00,1454.0,1454.0,1454.0,1454.0,0.0,0.0,6.0
2018-03-12 13:55:00,1454.0,1454.0,1454.0,1454.0,0.0,0.0,6.0
2018-03-12 14:00:00,1454.0,1454.0,1454.0,1454.0,0.0,0.0,6.0
2018-03-12 14:05:00,1454.0,1454.0,1454.0,1454.0,0.0,0.0,6.0
2018-03-12 14:10:00,1454.0,1454.0,1454.0,1454.0,0.0,0.0,6.0
2018-03-12 14:15:00,1454.0,1454.0,1454.0,1454.0,0.0,0.0,6.0
2018-03-12 14:20:00,1454.0,1454.0,1454.0,1454.0,0.0,0.0,6.0
2018-03-12 14:25:00,1454.0,1454.0,1454.0,1454.0,0.0,0.0,6.0
2018-03-12 14:30:00,1454.0,1454.0,1454.0,1454.0,0.0,0.0,6.0
2018-03-12 14:35:00,1454.0,1454.0,1454.0,1454.0,0.0,0.0,6.0
2018-03-12 14:40:00,1454.0,1454.0,1454.0,1454.0,0.0,0.0,6.0
2018-03-12 14:45:00,1454.0,1454.0,1454.0,1454.0,0.0,0.0,6.0
2018-03-12 14:50:00,1454.0,1454.0,1454.0,1454.0,0.0,0.0,6.0
2018-03-12 14:55:00,1454.0,1454.0,1454.0,1454.0,0.0,0.0,6.0
2018-03-12 21:00:00,1463.0,1463.0,1463.0,1463.0,0.0,0.0,6.0
2018-03-12 21:05:00,1463.0,1463.0,1463.0,1463.0,0.0,0.0,6.0
2018-03-12 21:10:00,1463.0,1463.0,1463.0,1463.0,0.0,0.0,6.0
2018-03-12 21:15:00,1463.0,1463.0,1463.0,1463.0,0.0,0.0,6.0
2018-03-12 21:20:00,1463.0,1463.0,1463.0,1463.0,0.0,0.0,6.0
2018-03-12 21:25:00,1463.0,1463.0,1463.0,1463.0,0.0,0.0,6.0
2018-03-12 21:30:00,1463.0,1463.0,1463.0,1463.0,0.0,0.0,6.0
2018-03-12 21:35:00,1463.0,1463.0,1463.0,1463.0,0.0,0.0,6.0
2018-03-12 21:40:00,1463.0,1463.0,1463.0,1463.0,0.0,0.0,6.0
2018-03-12 21:45:00,1463.0,1463.0,1463.0,1463.0,0.0,0.0,6.0
2018-03-12 21:50:00,1463.0,1463.0,1463.0,1463.0,0.0,0.0,6.0
2018-03-12 21:55:00,1463.0,1463.0,1463.0,1463.0,0.0,0.0,6.0
2018-03-12 22:00:00,1463.0,1463.0,1463.0,1463.0,0.0,0.0,6.0
2018-03-12 22:05:00,1463.0,1463.0,1463.0,1463.0,0.0,0.0,6.0
2018-03-12 22:10:00,1463.0,1463.0,1463.0,1463.0,0.0,0.0,6.0
2018-03-12 22:15:00,1463.0,1463.0,1463.0,1463.0,0.0,0.0,6.0
2018-03-12 22:20:00,1463.0,1463.0,1463.0,1463.0,0.0,0.0,6.0
2018-03-12 22:25:00,1463.0,1463.0,1463.0,1463.0,0.0,0.0,6.0
2018-03-12 22:30:00,1463.0,1463.0,1463.0,1463.0,0.0,0.0,6.0
2018-03-12 22:35:00,1463.0,1463.0,1463.0,1463.0,0.0,0.0,6.0
2018-03-12 22:40:00,1463.0,1463.0,1463.0,1463.0,0.0,0.0,6.0
2018-03-12 22:45:00,1463.0,1463.0,1463.0,1463.0,0.0,0.0,6.0
2018-03-12 22:50:00,1463.0,1463.0,1463.0,1463.0,0.0,0.0,6.0
2018-03-12 22:55:00,1463.0,1463.0,1463.0,1463.0,0.0,0.0,6.0
2018-03-12 23:00:00,1463.0,1463.0,1463.0,1463.0,0.0,0.0,6.0
2018-03-12 23:05:00,1463.0,1463.0,1463.0,1463.0,0.0,0.0,6.0
2018-03-12 23:10:00,1463.0,1463.0,1463.0,1463.0,0.0,0.0,6.0
2018-03-12 23:15:00,1463.0,1463.0,1463.0,1463.0,0.0,0.0,6.0
2018-03-12 23:20:00,1463.0,1463.0,1463.0,1463.0,0.0,0.0,6.0
2018-03-12 23:25:00,1463.0,1463.0,1463.0,1463.0,0.0,0.0,6.0
2018-03-13 09:00:00,1463.0,1463.0,1449.0,1449.0,2.0,57960.0,6.0
2018-03-13 09:05:00,1449.0,1449.0,1449.0,1449.0,0.0,0.0,6.0
2018-03-13 09:10:00,1449.0,1449.0,1449.0,1449.0,0.0,0.0,6.0
2018-03-13 09:15:00,1452.0,1452.0,1452.0,1452.0,2.0,58120.0,4.0
2018-03-13 09:20:00,1452.0,1452.0,1452.0,1452.0,0.0,0.0,4.0
2018-03-13 09:25:00,1452.0,1452.0,1452.0,1452.0,0.0,0.0,4.0
2018-03-13 09:30:00,1452.0,1452.0,1452.0,1452.0,0.0,0.0,4.0
2018-03-13 09:35:00,1452.0,1452.0,1452.0,1452.0,0.0,0.0,4.0
2018-03-13 09:40:00,1452.0,1452.0,1452.0,1452.0,0.0,0.0,4.0
2018-03-13 09:45:00,1452.0,1452.0,1452.0,1452.0,0.0,0.0,4.0
2018-03-13 09:50:00,1452.0,1452.0,1452.0,1452.0,0.0,0.0,4.0
2018-03-13 09:55:00,1452.0,1452.0,1452.0,1452.0,0.0,0.0,4.0
2018-03-13 10:00:00,1452.0,1452.0,1452.0,1452.0,0.0,0.0,4.0
2018-03-13 10:05:00,1452.0,1452.0,1452.0,1452.0,0.0,0.0,4.0
2018-03-13 10:10:00,1452.0,1452.0,1452.0,1452.0,0.0,0.0,4.0
2018-03-13 10:30:00,1452.0,1452.0,1452.0,1452.0,0.0,0.0,4.0
2018-03-13 10:35:00,1452.0,1452.0,1452.0,1452.0,0.0,0.0,4.0
2018-03-13 10:40:00,1452.0,1452.0,1452.0,1452.0,0.0,0.0,4.0
2018-03-13 10:45:00,1452.0,1452.0,1452.0,1452.0,0.0,0.0,4.0
2018-03-13 10:50:00,1452.0,1452.0,1452.0,1452.0,0.0,0.0,4.0
2018-03-13 10:55:00,1452.0,1452.0,1452.0,1452.0,0.0,0.0,4.0
2018-03-13 11:00:00,1452.0,1452.0,1452.0,1452.0,0.0,0.0,4.0
2018-03-13 11:05:00,1452.0,1452.0,1452.0,1452.0,0.0,0.0,4.0
2018-03-13 11:10:00,1452.0,1452.0,1452.0,1452.0,0.0,0.0,4.0
2018-03-13 11:15:00,1452.0,1452.0,1452.0,1452.0,0.0,0.0,4.0
2018-03-13 11:20:00,1452.0,1452.0,1452.0,1452.0,0.0,0.0,4.0
2018-03-13 11:25:00,1452.0,1452.0,1452.0,1452.0,0.0,0.0,4.0
2018-03-13 13:30:00,1452.0,1452.0,1452.0,1452.0,0.0,0.0,4.0
2018-03-13 13:35:00,1452.0,1452.0,1452.0,1452.0,0.0,0.0,4.0
2018-03-13 13:40:00,1452.0,1452.0,1452.0,1452.0,0.0,0.0,4.0
2018-03-13 13:45:00,1452.0,1452.0,1452.0,1452.0,0.0,0.0,4.0
2018-03-13 13:50:00,1452.0,1452.0,1452.0,1452.0,0.0,0.0,4.0
2018-03-13 13:55:00,1452.0,1452.0,1452.0,1452.0,0.0,0.0,4.0
2018-03-13 14:00:00,1452.0,1452.0,1452.0,1452.0,0.0,0.0,4.0
2018-03-13 14:05:00,1452.0,1452.0,1452.0,1452.0,0.0,0.0,4.0
2018-03-13 14:10:00,1452.0,1452.0,1452.0,1452.0,0.0,0.0,4.0
2018-03-13 14:15:00,1452.0,1452.0,1452.0,1452.0,0.0,0.0,4.0
2018-03-13 14:20:00,1452.0,1452.0,1452.0,1452.0,0.0,0.0,4.0
2018-03-13 14:25:00,1452.0,1452.0,1452.0,1452.0,0.0,0.0,4.0
2018-03-13 14:30:00,1452.0,1452.0,1452.0,1452.0,0.0,0.0,4.0
2018-03-13 14:35:00,1452.0,1452.0,1452.0,1452.0,0.0,0.0,4.0
2018-03-13 14:40:00,1452.0,1452.0,1452.0,1452.0,0.0,0.0,4.0
2018-03-13 14:45:00,1452.0,1452.0,1452.0,1452.0,0.0,0.0,4.0
2018-03-13 14:50:00,1452.0,1452.0,1452.0,1452.0,0.0,0.0,4.0
2018-03-13 14:55:00,1452.0,1452.0,1452.0,1452.0,0.0,0.0,4.0
2018-03-13 21:00:00,1451.0,1451.0,1451.0,1451.0,0.0,0.0,4.0
2018-03-13 21:05:00,1451.0,1451.0,1451.0,1451.0,0.0,0.0,4.0
2018-03-13 21:10:00,1451.0,1451.0,1451.0,1451.0,0.0,0.0,4.0
2018-03-13 21:15:00,1451.0,1451.0,1451.0,1451.0,0.0,0.0,4.0
2018-03-13 21:20:00,1451.0,1451.0,1451.0,1451.0,0.0,0.0,4.0
2018-03-13 21:25:00,1451.0,1451.0,1451.0,1451.0,0.0,0.0,4.0
2018-03-13 21:30:00,1451.0,1451.0,1451.0,1451.0,0.0,0.0,4.0
2018-03-13 21:35:00,1451.0,1451.0,1451.0,1451.0,0.0,0.0,4.0
2018-03-13 21:40:00,1451.0,1451.0,1451.0,1451.0,0.0,0.0,4.0
2018-03-13 21:45:00,1451.0,1451.0,1451.0,1451.0,0.0,0.0,4.0
2018-03-13 21:50:00,1451.0,1451.0,1451.0,1451.0,0.0,0.0,4.0
2018-03-13 21:55:00,1451.0,1451.0,1451.0,1451.0,0.0,0.0,4.0
2018-03-13 22:00:00,1451.0,1451.0,1451.0,1451.0,0.0,0.0,4.0
2018-03-13 22:05:00,1451.0,1451.0,1451.0,1451.0,0.0,0.0,4.0
2018-03-13 22:10:00,1451.0,1451.0,1451.0,1451.0,0.0,0.0,4.0
2018-03-13 22:15:00,1451.0,1451.0,1451.0,1451.0,0.0,0.0,4.0
2018-03-13 22:20:00,1451.0,1451.0,1451.0,1451.0,0.0,0.0,4.0
2018-03-13 22:25:00,1451.0,1451.0,1451.0,1451.0,0.0,0.0,4.0
2018-03-13 22:30:00,1451.0,1451.0,1451.0,1451.0,0.0,0.0,4.0
2018-03-13 22:35:00,1451.0,1451.0,1451.0,1451.0,0.0,0.0,4.0
2018-03-13 22:40:00,1451.0,1451.0,1451.0,1451.0,0.0,0.0,4.0
2018-03-13 22:45:00,1451.0,1451.0,1451.0,1451.0,0.0,0.0,4.0
2018-03-13 22:50:00,1451.0,1451.0,1451.0,1451.0,0.0,0.0,4.0
2018-03-13 22:55:00,1451.0,1451.0,1451.0,1451.0,0.0,0.0,4.0
2018-03-13 23:00:00,1451.0,1451.0,1451.0,1451.0,0.0,0.0,4.0
2018-03-13 23:05:00,1451.0,1451.0,1451.0,1451.0,0.0,0.0,4.0
2018-03-13 23:10:00,1451.0,1451.0,1451.0,1451.0,0.0,0.0,4.0
2018-03-13 23:15:00,1451.0,1451.0,1451.0,1451.0,0.0,0.0,4.0
2018-03-13 23:20:00,1451.0,1451.0,1451.0,1451.0,0.0,0.0,4.0
2018-03-13 23:25:00,1451.0,1451.0,1451.0,1451.0,0.0,0.0,4.0
2018-03-14 09:00:00,1451.0,1451.0,1451.0,1451.0,0.0,0.0,4.0
2018-03-14 09:05:00,1451.0,1451.0,1451.0,1451.0,0.0,0.0,4.0
2018-03-14 09:10:00,1451.0,1451.0,1451.0,1451.0,0.0,0.0,4.0
2018-03-14 09:15:00,1451.0,1451.0,1451.0,1451.0,0.0,0.0,4.0
2018-03-14 09:20:00,1451.0,1451.0,1451.0,1451.0,0.0,0.0,4.0
2018-03-14 09:25:00,1451.0,1451.0,1451.0,1451.0,0.0,0.0,4.0
2018-03-14 09:30:00,1451.0,1451.0,1451.0,1451.0,0.0,0.0,4.0
2018-03-14 09:35:00,1451.0,1451.0,1451.0,1451.0,0.0,0.0,4.0
2018-03-14 09:40:00,1451.0,1451.0,1451.0,1451.0,0.0,0.0,4.0
2018-03-14 09:45:00,1451.0,1451.0,1451.0,1451.0,0.0,0.0,4.0
2018-03-14 09:50:00,1451.0,1451.0,1451.0,1451.0,0.0,0.0,4.0
2018-03-14 09:55:00,1451.0,1451.0,1451.0,1451.0,0.0,0.0,4.0
2018-03-14 10:00:00,1451.0,1451.0,1451.0,1451.0,0.0,0.0,4.0
2018-03-14 10:05:00,1451.0,1451.0,1451.0,1451.0,0.0,0.0,4.0
2018-03-14 10:10:00,1451.0,1451.0,1451.0,1451.0,0.0,0.0,4.0
2018-03-14 10:30:00,1451.0,1451.0,1451.0,1451.0,0.0,0.0,4.0
2018-03-14 10:35:00,1451.0,1451.0,1451.0,1451.0,0.0,0.0,4.0
2018-03-14 10:40:00,1451.0,1451.0,1451.0,1451.0,0.0,0.0,4.0
2018-03-14 10:45:00,1451.0,1451.0,1451.0,1451.0,0.0,0.0,4.0
2018-03-14 10:50:00,1451.0,1451.0,1451.0,1451.0,0.0,0.0,4.0
2018-03-14 10:55:00,1451.0,1451.0,1451.0,1451.0,0.0,0.0,4.0
2018-03-14 11:00:00,1451.0,1451.0,1451.0,1451.0,0.0,0.0,4.0
2018-03-14 11:05:00,1451.0,1451.0,1451.0,1451.0,0.0,0.0,4.0
2018-03-14 11:10:00,1451.0,1451.0,1451.0,1451.0,0.0,0.0,4.0
2018-03-14 11:15:00,1451.0,1451.0,1451.0,1451.0,0.0,0.0,4.0
2018-03-14 11:20:00,1451.0,1451.0,1451.0,1451.0,0.0,0.0,4.0
2018-03-14 11:25:00,1451.0,1451.0,1451.0,1451.0,0.0,0.0,4.0
2018-03-14 13:30:00,1451.0,1451.0,1451.0,1451.0,0.0,0.0,4.0
2018-03-14 13:35:00,1451.0,1451.0,1451.0,1451.0,0.0,0.0,4.0
2018-03-14 13:40:00,1451.0,1451.0,1451.0,1451.0,0.0,0.0,4.0
2018-03-14 13:45:00,1451.0,1451.0,1451.0,1451.0,0.0,0.0,4.0
2018-03-14 13:50:00,1451.0,1451.0,1451.0,1451.0,0.0,0.0,4.0
2018-03-14 13:55:00,1451.0,1451.0,1451.0,1451.0,0.0,0.0,4.0
2018-03-14 14:00:00,1451.0,1451.0,1451.0,1451.0,0.0,0.0,4.0
2018-03-14 14:05:00,1451.0,1451.0,1451.0,1451.0,0.0,0.0,4.0
2018-03-14 14:10:00,1451.0,1451.0,1451.0,1451.0,0.0,0.0,4.0
2018-03-14 14:15:00,1451.0,1451.0,1451.0,1451.0,0.0,0.0,4.0
2018-03-14 14:20:00,1451.0,1451.0,1451.0,1451.0,0.0,0.0,4.0
2018-03-14 14:25:00,1451.0,1451.0,1451.0,1451.0,0.0,0.0,4.0
2018-03-14 14:30:00,1451.0,1451.0,1451.0,1451.0,0.0,0.0,4.0
2018-03-14 14:35:00,1451.0,1451.0,1451.0,1451.0,0.0,0.0,4.0
2018-03-14 14:40:00,1451.0,1451.0,1451.0,1451.0,0.0,0.0,4.0
2018-03-14 14:45:00,1451.0,1451.0,1451.0,1451.0,0.0,0.0,4.0
2018-03-14 14:50:00,1451.0,1451.0,1451.0,1451.0,0.0,0.0,4.0
2018-03-14 14:55:00,1451.0,1451.0,1451.0,1451.0,0.0,0.0,4.0
2018-03-14 21:00:00,1447.0,1447.0,1447.0,1447.0,0.0,0.0,4.0
2018-03-14 21:05:00,1447.0,1447.0,1447.0,1447.0,0.0,0.0,4.0
2018-03-14 21:10:00,1447.0,1447.0,1447.0,1447.0,0.0,0.0,4.0
2018-03-14 21:15:00,1447.0,1447.0,1447.0,1447.0,0.0,0.0,4.0
2018-03-14 21:20:00,1447.0,1447.0,1447.0,1447.0,0.0,0.0,4.0
2018-03-14 21:25:00,1447.0,1447.0,1447.0,1447.0,0.0,0.0,4.0
2018-03-14 21:30:00,1447.0,1447.0,1447.0,1447.0,0.0,0.0,4.0
2018-03-14 21:35:00,1447.0,1447.0,1447.0,1447.0,0.0,0.0,4.0
2018-03-14 21:40:00,1447.0,1447.0,1447.0,1447.0,0.0,0.0,4.0
2018-03-14 21:45:00,1447.0,1447.0,1447.0,1447.0,0.0,0.0,4.0
2018-03-14 21:50:00,1447.0,1447.0,1447.0,1447.0,0.0,0.0,4.0
2018-03-14 21:55:00,1447.0,1447.0,1447.0,1447.0,0.0,0.0,4.0
2018-03-14 22:00:00,1447.0,1447.0,1447.0,1447.0,0.0,0.0,4.0
2018-03-14 22:05:00,1447.0,1447.0,1447.0,1447.0,0.0,0.0,4.0
2018-03-14 22:10:00,1447.0,1447.0,1447.0,1447.0,0.0,0.0,4.0
2018-03-14 22:15:00,1447.0,1447.0,1447.0,1447.0,0.0,0.0,4.0
2018-03-14 22:20:00,1447.0,1447.0,1447.0,1447.0,0.0,0.0,4.0
2018-03-14 22:25:00,1447.0,1447.0,1447.0,1447.0,0.0,0.0,4.0
2018-03-14 22:30:00,1447.0,1447.0,1447.0,1447.0,0.0,0.0,4.0
2018-03-14 22:35:00,1447.0,1447.0,1447.0,1447.0,0.0,0.0,4.0
2018-03-14 22:40:00,1447.0,1447.0,1447.0,1447.0,0.0,0.0,4.0
2018-03-14 22:45:00,1447.0,1447.0,1447.0,1447.0,0.0,0.0,4.0
2018-03-14 22:50:00,1447.0,1447.0,1447.0,1447.0,0.0,0.0,4.0
2018-03-14 22:55:00,1447.0,1447.0,1447.0,1447.0,0.0,0.0,4.0
2018-03-14 23:00:00,1447.0,1447.0,1447.0,1447.0,0.0,0.0,4.0
2018-03-14 23:05:00,1447.0,1447.0,1447.0,1447.0,0.0,0.0,4.0
2018-03-14 23:10:00,1447.0,1447.0,1447.0,1447.0,0.0,0.0,4.0
2018-03-14 23:15:00,1447.0,1447.0,1447.0,1447.0,0.0,0.0,4.0
2018-03-14 23:20:00,1447.0,1447.0,1447.0,1447.0,0.0,0.0,4.0
2018-03-14 23:25:00,1447.0,1447.0,1447.0,1447.0,0.0,0.0,4.0
2018-03-15 09:00:00,1447.0,1447.0,1447.0,1447.0,0.0,0.0,4.0
2018-03-15 09:05:00,1447.0,1447.0,1447.0,1447.0,0.0,0.0,4.0
2018-03-15 09:10:00,1447.0,1447.0,1447.0,1447.0,0.0,0.0,4.0
2018-03-15 09:15:00,1447.0,1447.0,1420.0,1420.0,2.0,56800.0,6.0
2018-03-15 09:20:00,1420.0,1420.0,1420.0,1420.0,0.0,0.0,6.0
2018-03-15 09:25:00,1420.0,1420.0,1420.0,1420.0,0.0,0.0,6.0
2018-03-15 09:30:00,1420.0,1420.0,1420.0,1420.0,0.0,0.0,6.0
2018-03-15 09:35:00,1420.0,1420.0,1420.0,1420.0,0.0,0.0,6.0
2018-03-15 09:40:00,1420.0,1420.0,1420.0,1420.0,0.0,0.0,6.0
2018-03-15 09:45:00,1420.0,1420.0,1420.0,1420.0,0.0,0.0,6.0
2018-03-15 09:50:00,1420.0,1420.0,1420.0,1420.0,0.0,0.0,6.0
2018-03-15 09:55:00,1420.0,1420.0,1420.0,1420.0,0.0,0.0,6.0
2018-03-15 10:00:00,1420.0,1420.0,1420.0,1420.0,0.0,0.0,6.0
2018-03-15 10:05:00,1420.0,1420.0,1420.0,1420.0,0.0,0.0,6.0
2018-03-15 10:10:00,1420.0,1420.0,1420.0,1420.0,0.0,0.0,6.0
2018-03-15 10:30:00,1420.0,1420.0,1420.0,1420.0,0.0,0.0,6.0
2018-03-15 10:35:00,1420.0,1420.0,1420.0,1420.0,0.0,0.0,6.0
2018-03-15 10:40:00,1420.0,1420.0,1420.0,1420.0,0.0,0.0,6.0
2018-03-15 10:45:00,1420.0,1420.0,1420.0,1420.0,0.0,0.0,6.0
2018-03-15 10:50:00,1420.0,1420.0,1420.0,1420.0,0.0,0.0,6.0
2018-03-15 10:55:00,1420.0,1420.0,1420.0,1420.0,0.0,0.0,6.0
2018-03-15 11:00:00,1420.0,1420.0,1420.0,1420.0,0.0,0.0,6.0
2018-03-15 11:05:00,1420.0,1420.0,1420.0,1420.0,0.0,0.0,6.0
2018-03-15 11:10:00,1420.0,1420.0,1420.0,1420.0,0.0,0.0,6.0
2018-03-15 11:15:00,1420.0,1420.0,1420.0,1420.0,0.0,0.0,6.0
2018-03-15 11:20:00,1420.0,1420.0,1420.0,1420.0,0.0,0.0,6.0
2018-03-15 11:25:00,1420.0,1420.0,1420.0,1420.0,0.0,0.0,6.0
2018-03-15 13:30:00,1420.0,1420.0,1420.0,1420.0,0.0,0.0,6.0
2018-03-15 13:35:00,1420.0,1420.0,1420.0,1420.0,0.0,0.0,6.0
2018-03-15 13:40:00,1420.0,1420.0,1420.0,1420.0,0.0,0.0,6.0
2018-03-15 13:45:00,1420.0,1420.0,1420.0,1420.0,0.0,0.0,6.0
2018-03-15 13:50:00,1420.0,1420.0,1417.0,1417.0,2.0,56720.0,8.0
2018-03-15 13:55:00,1417.0,1417.0,1417.0,1417.0,0.0,0.0,8.0
2018-03-15 14:00:00,1417.0,1417.0,1417.0,1417.0,0.0,0.0,8.0
2018-03-15 14:05:00,1417.0,1417.0,1417.0,1417.0,0.0,0.0,8.0
2018-03-15 14:10:00,1417.0,1417.0,1417.0,1417.0,0.0,0.0,8.0
2018-03-15 14:15:00,1417.0,1417.0,1417.0,1417.0,0.0,0.0,8.0
2018-03-15 14:20:00,1417.0,1417.0,1417.0,1417.0,0.0,0.0,8.0
2018-03-15 14:25:00,1417.0,1417.0,1417.0,1417.0,0.0,0.0,8.0
2018-03-15 14:30:00,1417.0,1417.0,1417.0,1417.0,0.0,0.0,8.0
2018-03-15 14:35:00,1417.0,1417.0,1417.0,1417.0,0.0,0.0,8.0
2018-03-15 14:40:00,1417.0,1417.0,1417.0,1417.0,0.0,0.0,8.0
2018-03-15 14:45:00,1417.0,1417.0,1417.0,1417.0,0.0,0.0,8.0
2018-03-15 14:50:00,1417.0,1417.0,1417.0,1417.0,0.0,0.0,8.0
2018-03-15 14:55:00,1417.0,1417.0,1417.0,1417.0,0.0,0.0,8.0
2018-03-15 21:00:00,1419.0,1419.0,1419.0,1419.0,0.0,0.0,8.0
2018-03-15 21:05:00,1419.0,1419.0,1419.0,1419.0,0.0,0.0,8.0
2018-03-15 21:10:00,1419.0,1419.0,1419.0,1419.0,0.0,0.0,8.0
2018-03-15 21:15:00,1419.0,1419.0,1419.0,1419.0,0.0,0.0,8.0
2018-03-15 21:20:00,1419.0,1419.0,1419.0,1419.0,0.0,0.0,8.0
2018-03-15 21:25:00,1419.0,1419.0,1419.0,1419.0,0.0,0.0,8.0
2018-03-15 21:30:00,1419.0,1419.0,1419.0,1419.0,0.0,0.0,8.0
2018-03-15 21:35:00,1419.0,1419.0,1419.0,1419.0,0.0,0.0,8.0
2018-03-15 21:40:00,1419.0,1419.0,1419.0,1419.0,0.0,0.0,8.0
2018-03-15 21:45:00,1419.0,1419.0,1419.0,1419.0,0.0,0.0,8.0
2018-03-15 21:50:00,1419.0,1419.0,1419.0,1419.0,0.0,0.0,8.0
2018-03-15 21:55:00,1419.0,1419.0,1419.0,1419.0,0.0,0.0,8.0
2018-03-15 22:00:00,1419.0,1419.0,1419.0,1419.0,0.0,0.0,8.0
2018-03-15 22:05:00,1419.0,1419.0,1419.0,1419.0,0.0,0.0,8.0
2018-03-15 22:10:00,1419.0,1419.0,1419.0,1419.0,0.0,0.0,8.0
2018-03-15 22:15:00,1419.0,1419.0,1419.0,1419.0,0.0,0.0,8.0
2018-03-15 22:20:00,1419.0,1419.0,1419.0,1419.0,0.0,0.0,8.0
2018-03-15 22:25:00,1419.0,1419.0,1419.0,1419.0,0.0,0.0,8.0
2018-03-15 22:30:00,1419.0,1419.0,1419.0,1419.0,0.0,0.0,8.0
2018-03-15 22:35:00,1419.0,1419.0,1419.0,1419.0,0.0,0.0,8.0
2018-03-15 22:40:00,1419.0,1419.0,1419.0,1419.0,0.0,0.0,8.0
2018-03-15 22:45:00,1419.0,1419.0,1419.0,1419.0,0.0,0.0,8.0
2018-03-15 22:50:00,1419.0,1419.0,1419.0,1419.0,0.0,0.0,8.0
2018-03-15 22:55:00,1419.0,1419.0,1419.0,1419.0,0.0,0.0,8.0
2018-03-15 23:00:00,1419.0,1419.0,1419.0,1419.0,0.0,0.0,8.0
2018-03-15 23:05:00,1419.0,1419.0,1419.0,1419.0,0.0,0.0,8.0
2018-03-15 23:10:00,1419.0,1419.0,1419.0,1419.0,0.0,0.0,8.0
2018-03-15 23:15:00,1419.0,1419.0,1419.0,1419.0,0.0,0.0,8.0
2018-03-15 23:20:00,1419.0,1419.0,1419.0,1419.0,0.0,0.0,8.0
2018-03-15 23:25:00,1419.0,1419.0,1419.0,1419.0,0.0,0.0,8.0
2018-03-16 09:00:00,1419.0,1419.0,1419.0,1419.0,0.0,0.0,8.0
2018-03-16 09:05:00,1419.0,1419.0,1419.0,1419.0,0.0,0.0,8.0
2018-03-16 09:10:00,1419.0,1419.0,1419.0,1419.0,0.0,0.0,8.0
2018-03-16 09:15:00,1419.0,1419.0,1419.0,1419.0,0.0,0.0,8.0
2018-03-16 09:20:00,1419.0,1419.0,1419.0,1419.0,0.0,0.0,8.0
2018-03-16 09:25:00,1419.0,1419.0,1419.0,1419.0,0.0,0.0,8.0
2018-03-16 09:30:00,1419.0,1419.0,1419.0,1419.0,0.0,0.0,8.0
2018-03-16 09:35:00,1419.0,1419.0,1419.0,1419.0,0.0,0.0,8.0
2018-03-16 09:40:00,1419.0,1419.0,1419.0,1419.0,0.0,0.0,8.0
2018-03-16 09:45:00,1419.0,1419.0,1419.0,1419.0,0.0,0.0,8.0
2018-03-16 09:50:00,1419.0,1419.0,1419.0,1419.0,0.0,0.0,8.0
2018-03-16 09:55:00,1419.0,1419.0,1419.0,1419.0,0.0,0.0,8.0
2018-03-16 10:00:00,1419.0,1419.0,1419.0,1419.0,0.0,0.0,8.0
2018-03-16 10:05:00,1419.0,1419.0,1419.0,1419.0,0.0,0.0,8.0
2018-03-16 10:10:00,1419.0,1419.0,1419.0,1419.0,0.0,0.0,8.0
2018-03-16 10:30:00,1419.0,1419.0,1419.0,1419.0,0.0,0.0,8.0
2018-03-16 10:35:00,1419.0,1419.0,1419.0,1419.0,0.0,0.0,8.0
2018-03-16 10:40:00,1419.0,1419.0,1419.0,1419.0,0.0,0.0,8.0
2018-03-16 10:45:00,1419.0,1419.0,1419.0,1419.0,0.0,0.0,8.0
2018-03-16 10:50:00,1419.0,1419.0,1419.0,1419.0,0.0,0.0,8.0
2018-03-16 10:55:00,1419.0,1419.0,1419.0,1419.0,0.0,0.0,8.0
2018-03-16 11:00:00,1428.0,1428.0,1428.0,1428.0,2.0,57120.0,8.0
2018-03-16 11:05:00,1428.0,1428.0,1428.0,1428.0,0.0,0.0,8.0
2018-03-16 11:10:00,1428.0,1428.0,1428.0,1428.0,0.0,0.0,8.0
2018-03-16 11:15:00,1428.0,1428.0,1428.0,1428.0,0.0,0.0,8.0
2018-03-16 11:20:00,1428.0,1428.0,1428.0,1428.0,0.0,0.0,8.0
2018-03-16 11:25:00,1428.0,1428.0,1428.0,1428.0,0.0,0.0,8.0
2018-03-16 13:30:00,1428.0,1432.0,1428.0,1432.0,6.0,171840.0,8.0
2018-03-16 13:35:00,1432.0,1432.0,1432.0,1432.0,0.0,0.0,8.0
2018-03-16 13:40:00,1432.0,1432.0,1432.0,1432.0,0.0,0.0,8.0
2018-03-16 13:45:00,1432.0,1432.0,1432.0,1432.0,0.0,0.0,8.0
2018-03-16 13:50:00,1432.0,1432.0,1432.0,1432.0,0.0,0.0,8.0
2018-03-16 13:55:00,1432.0,1432.0,1432.0,1432.0,0.0,0.0,8.0
2018-03-16 14:00:00,1432.0,1432.0,1432.0,1432.0,0.0,0.0,8.0
2018-03-16 14:05:00,1432.0,1432.0,1432.0,1432.0,0.0,0.0,8.0
2018-03-16 14:10:00,1432.0,1432.0,1432.0,1432.0,0.0,0.0,8.0
2018-03-16 14:15:00,1432.0,1432.0,1432.0,1432.0,0.0,0.0,8.0
2018-03-16 14:20:00,1432.0,1432.0,1432.0,1432.0,0.0,0.0,8.0
2018-03-16 14:25:00,1432.0,1432.0,1432.0,1432.0,0.0,0.0,8.0
2018-03-16 14:30:00,1432.0,1432.0,1432.0,1432.0,0.0,0.0,8.0
2018-03-16 14:35:00,1432.0,1432.0,1432.0,1432.0,0.0,0.0,8.0
2018-03-16 14:40:00,1432.0,1432.0,1432.0,1432.0,0.0,0.0,8.0
2018-03-16 14:45:00,1432.0,1432.0,1432.0,1432.0,0.0,0.0,8.0
2018-03-16 14:50:00,1432.0,1432.0,1432.0,1432.0,0.0,0.0,8.0
2018-03-16 14:55:00,1432.0,1432.0,1432.0,1432.0,0.0,0.0,8.0
2018-03-16 21:00:00,1431.0,1431.0,1431.0,1431.0,0.0,0.0,8.0
2018-03-16 21:05:00,1431.0,1431.0,1431.0,1431.0,0.0,0.0,8.0
2018-03-16 21:10:00,1431.0,1431.0,1431.0,1431.0,0.0,0.0,8.0
2018-03-16 21:15:00,1431.0,1431.0,1431.0,1431.0,0.0,0.0,8.0
2018-03-16 21:20:00,1431.0,1431.0,1431.0,1431.0,0.0,0.0,8.0
2018-03-16 21:25:00,1431.0,1431.0,1431.0,1431.0,0.0,0.0,8.0
2018-03-16 21:30:00,1431.0,1431.0,1431.0,1431.0,0.0,0.0,8.0
2018-03-16 21:35:00,1431.0,1431.0,1431.0,1431.0,0.0,0.0,8.0
2018-03-16 21:40:00,1431.0,1431.0,1431.0,1431.0,0.0,0.0,8.0
2018-03-16 21:45:00,1431.0,1431.0,1431.0,1431.0,0.0,0.0,8.0
2018-03-16 21:50:00,1431.0,1431.0,1431.0,1431.0,0.0,0.0,8.0
2018-03-16 21:55:00,1431.0,1431.0,1431.0,1431.0,0.0,0.0,8.0
2018-03-16 22:00:00,1431.0,1431.0,1431.0,1431.0,0.0,0.0,8.0
2018-03-16 22:05:00,1431.0,1431.0,1431.0,1431.0,0.0,0.0,8.0
2018-03-16 22:10:00,1431.0,1431.0,1431.0,1431.0,0.0,0.0,8.0
2018-03-16 22:15:00,1431.0,1434.0,1431.0,1434.0,2.0,57360.0,8.0
2018-03-16 22:20:00,1434.0,1434.0,1434.0,1434.0,0.0,0.0,8.0
2018-03-16 22:25:00,1434.0,1434.0,1434.0,1434.0,0.0,0.0,8.0
2018-03-16 22:30:00,1434.0,1434.0,1434.0,1434.0,0.0,0.0,8.0
2018-03-16 22:35:00,1434.0,1434.0,1434.0,1434.0,0.0,0.0,8.0
2018-03-16 22:40:00,1434.0,1434.0,1434.0,1434.0,0.0,0.0,8.0
2018-03-16 22:45:00,1434.0,1434.0,1434.0,1434.0,0.0,0.0,8.0
2018-03-16 22:50:00,1434.0,1434.0,1434.0,1434.0,0.0,0.0,8.0
2018-03-16 22:55:00,1434.0,1434.0,1434.0,1434.0,0.0,0.0,8.0
2018-03-16 23:00:00,1434.0,1434.0,1431.0,1431.0,2.0,57280.0,8.0
2018-03-16 23:05:00,1431.0,1431.0,1431.0,1431.0,0.0,0.0,8.0
2018-03-16 23:10:00,1431.0,1431.0,1431.0,1431.0,0.0,0.0,8.0
2018-03-16 23:15:00,1431.0,1431.0,1431.0,1431.0,0.0,0.0,8.0
2018-03-16 23:20:00,1431.0,1431.0,1431.0,1431.0,0.0,0.0,8.0
2018-03-16 23:25:00,1431.0,1431.0,1431.0,1431.0,0.0,0.0,8.0
2018-03-19 09:00:00,1431.0,1431.0,1431.0,1431.0,0.0,0.0,8.0
2018-03-19 09:05:00,1431.0,1431.0,1431.0,1431.0,0.0,0.0,8.0
2018-03-19 09:10:00,1431.0,1431.0,1431.0,1431.0,0.0,0.0,8.0
2018-03-19 09:15:00,1431.0,1431.0,1431.0,1431.0,0.0,0.0,8.0
2018-03-19 09:20:00,1431.0,1431.0,1431.0,1431.0,0.0,0.0,8.0
2018-03-19 09:25:00,1431.0,1431.0,1431.0,1431.0,0.0,0.0,8.0
2018-03-19 09:30:00,1431.0,1431.0,1431.0,1431.0,0.0,0.0,8.0
2018-03-19 09:35:00,1431.0,1431.0,1431.0,1431.0,0.0,0.0,8.0
2018-03-19 09:40:00,1431.0,1431.0,1431.0,1431.0,0.0,0.0,8.0
2018-03-19 09:45:00,1431.0,1431.0,1431.0,1431.0,0.0,0.0,8.0
2018-03-19 09:50:00,1431.0,1431.0,1431.0,1431.0,0.0,0.0,8.0
2018-03-19 09:55:00,1431.0,1431.0,1431.0,1431.0,0.0,0.0,8.0
2018-03-19 10:00:00,1431.0,1431.0,1431.0,1431.0,0.0,0.0,8.0
2018-03-19 10:05:00,1431.0,1431.0,1431.0,1431.0,0.0,0.0,8.0
2018-03-19 10:10:00,1431.0,1431.0,1431.0,1431.0,0.0,0.0,8.0
2018-03-19 10:30:00,1431.0,1431.0,1431.0,1431.0,0.0,0.0,8.0
2018-03-19 10:35:00,1431.0,1431.0,1431.0,1431.0,0.0,0.0,8.0
2018-03-19 10:40:00,1431.0,1431.0,1431.0,1431.0,0.0,0.0,8.0
2018-03-19 10:45:00,1431.0,1431.0,1423.0,1423.0,2.0,56840.0,10.0
2018-03-19 10:50:00,1423.0,1423.0,1423.0,1423.0,0.0,0.0,10.0
2018-03-19 10:55:00,1423.0,1423.0,1423.0,1423.0,0.0,0.0,10.0
2018-03-19 11:00:00,1423.0,1423.0,1423.0,1423.0,0.0,0.0,10.0
2018-03-19 11:05:00,1423.0,1423.0,1423.0,1423.0,0.0,0.0,10.0
2018-03-19 11:10:00,1423.0,1423.0,1423.0,1423.0,0.0,0.0,10.0
2018-03-19 11:15:00,1423.0,1423.0,1423.0,1423.0,0.0,0.0,10.0
2018-03-19 11:20:00,1423.0,1423.0,1423.0,1423.0,0.0,0.0,10.0
2018-03-19 11:25:00,1423.0,1423.0,1423.0,1423.0,0.0,0.0,10.0
2018-03-19 13:30:00,1423.0,1423.0,1423.0,1423.0,0.0,0.0,10.0
2018-03-19 13:35:00,1423.0,1423.0,1423.0,1423.0,0.0,0.0,10.0
2018-03-19 13:40:00,1423.0,1423.0,1423.0,1423.0,0.0,0.0,10.0
2018-03-19 13:45:00,1423.0,1423.0,1423.0,1423.0,0.0,0.0,10.0
2018-03-19 13:50:00,1423.0,1423.0,1423.0,1423.0,0.0,0.0,10.0
2018-03-19 13:55:00,1423.0,1423.0,1423.0,1423.0,0.0,0.0,10.0
2018-03-19 14:00:00,1423.0,1423.0,1423.0,1423.0,0.0,0.0,10.0
2018-03-19 14:05:00,1423.0,1423.0,1423.0,1423.0,0.0,0.0,10.0
2018-03-19 14:10:00,1423.0,1423.0,1423.0,1423.0,0.0,0.0,10.0
2018-03-19 14:15:00,1423.0,1423.0,1423.0,1423.0,0.0,0.0,10.0
2018-03-19 14:20:00,1423.0,1423.0,1423.0,1423.0,0.0,0.0,10.0
2018-03-19 14:25:00,1423.0,1423.0,1423.0,1423.0,0.0,0.0,10.0
2018-03-19 14:30:00,1437.0,1437.0,1437.0,1437.0,2.0,57480.0,12.0
2018-03-19 14:35:00,1437.0,1437.0,1437.0,1437.0,0.0,0.0,12.0
2018-03-19 14:40:00,1437.0,1437.0,1437.0,1437.0,0.0,0.0,12.0
2018-03-19 14:45:00,1437.0,1437.0,1437.0,1437.0,0.0,0.0,12.0
2018-03-19 14:50:00,1437.0,1437.0,1437.0,1437.0,0.0,0.0,12.0
2018-03-19 14:55:00,1437.0,1437.0,1437.0,1437.0,0.0,0.0,12.0
2018-03-19 21:00:00,1431.0,1431.0,1431.0,1431.0,0.0,0.0,12.0
2018-03-19 21:05:00,1431.0,1431.0,1431.0,1431.0,0.0,0.0,12.0
2018-03-19 21:10:00,1431.0,1431.0,1431.0,1431.0,0.0,0.0,12.0
2018-03-19 21:15:00,1431.0,1431.0,1431.0,1431.0,0.0,0.0,12.0
2018-03-19 21:20:00,1431.0,1431.0,1431.0,1431.0,0.0,0.0,12.0
2018-03-19 21:25:00,1431.0,1431.0,1431.0,1431.0,0.0,0.0,12.0
2018-03-19 21:30:00,1431.0,1431.0,1431.0,1431.0,0.0,0.0,12.0
2018-03-19 21:35:00,1437.0,1442.0,1437.0,1442.0,4.0,115200.0,14.0
2018-03-19 21:40:00,1442.0,1442.0,1442.0,1442.0,0.0,0.0,14.0
2018-03-19 21:45:00,1442.0,1442.0,1442.0,1442.0,0.0,0.0,14.0
2018-03-19 21:50:00,1442.0,1442.0,1442.0,1442.0,0.0,0.0,14.0
2018-03-19 21:55:00,1442.0,1442.0,1442.0,1442.0,0.0,0.0,14.0
2018-03-19 22:00:00,1442.0,1442.0,1442.0,1442.0,0.0,0.0,14.0
2018-03-19 22:05:00,1442.0,1442.0,1442.0,1442.0,0.0,0.0,14.0
2018-03-19 22:10:00,1442.0,1442.0,1442.0,1442.0,0.0,0.0,14.0
2018-03-19 22:15:00,1442.0,1442.0,1442.0,1442.0,0.0,0.0,14.0
2018-03-19 22:20:00,1442.0,1442.0,1442.0,1442.0,0.0,0.0,14.0
2018-03-19 22:25:00,1442.0,1442.0,1442.0,1442.0,0.0,0.0,14.0
2018-03-19 22:30:00,1442.0,1442.0,1442.0,1442.0,0.0,0.0,14.0
2018-03-19 22:35:00,1442.0,1442.0,1442.0,1442.0,0.0,0.0,14.0
2018-03-19 22:40:00,1442.0,1442.0,1442.0,1442.0,0.0,0.0,14.0
2018-03-19 22:45:00,1442.0,1442.0,1442.0,1442.0,0.0,0.0,14.0
2018-03-19 22:50:00,1442.0,1442.0,1442.0,1442.0,0.0,0.0,14.0
2018-03-19 22:55:00,1442.0,1442.0,1442.0,1442.0,0.0,0.0,14.0
2018-03-19 23:00:00,1442.0,1442.0,1442.0,1442.0,0.0,0.0,14.0
2018-03-19 23:05:00,1442.0,1442.0,1442.0,1442.0,0.0,0.0,14.0
2018-03-19 23:10:00,1442.0,1442.0,1442.0,1442.0,0.0,0.0,14.0
2018-03-19 23:15:00,1442.0,1442.0,1442.0,1442.0,0.0,0.0,14.0
2018-03-19 23:20:00,1442.0,1442.0,1442.0,1442.0,0.0,0.0,14.0
2018-03-19 23:25:00,1442.0,1442.0,1442.0,1442.0,0.0,0.0,14.0
2018-03-20 09:00:00,1442.0,1442.0,1442.0,1442.0,0.0,0.0,14.0
2018-03-20 09:05:00,1442.0,1442.0,1442.0,1442.0,0.0,0.0,14.0
2018-03-20 09:10:00,1442.0,1442.0,1442.0,1442.0,0.0,0.0,14.0
2018-03-20 09:15:00,1442.0,1442.0,1442.0,1442.0,0.0,0.0,14.0
2018-03-20 09:20:00,1442.0,1442.0,1442.0,1442.0,0.0,0.0,14.0
2018-03-20 09:25:00,1442.0,1442.0,1442.0,1442.0,0.0,0.0,14.0
2018-03-20 09:30:00,1442.0,1442.0,1442.0,1442.0,0.0,0.0,14.0
2018-03-20 09:35:00,1442.0,1442.0,1442.0,1442.0,0.0,0.0,14.0
2018-03-20 09:40:00,1442.0,1442.0,1442.0,1442.0,0.0,0.0,14.0
2018-03-20 09:45:00,1442.0,1442.0,1442.0,1442.0,0.0,0.0,14.0
2018-03-20 09:50:00,1442.0,1442.0,1442.0,1442.0,0.0,0.0,14.0
2018-03-20 09:55:00,1442.0,1442.0,1442.0,1442.0,0.0,0.0,14.0
2018-03-20 10:00:00,1442.0,1442.0,1442.0,1442.0,0.0,0.0,14.0
2018-03-20 10:05:00,1442.0,1442.0,1442.0,1442.0,0.0,0.0,14.0
2018-03-20 10:10:00,1442.0,1442.0,1442.0,1442.0,0.0,0.0,14.0
2018-03-20 10:30:00,1442.0,1442.0,1442.0,1442.0,0.0,0.0,14.0
2018-03-20 10:35:00,1442.0,1442.0,1442.0,1442.0,0.0,0.0,14.0
2018-03-20 10:40:00,1442.0,1442.0,1442.0,1442.0,0.0,0.0,14.0
2018-03-20 10:45:00,1442.0,1442.0,1442.0,1442.0,0.0,0.0,14.0
2018-03-20 10:50:00,1442.0,1442.0,1442.0,1442.0,0.0,0.0,14.0
2018-03-20 10:55:00,1442.0,1442.0,1442.0,1442.0,0.0,0.0,14.0
2018-03-20 11:00:00,1442.0,1442.0,1442.0,1442.0,0.0,0.0,14.0
2018-03-20 11:05:00,1442.0,1442.0,1442.0,1442.0,0.0,0.0,14.0
2018-03-20 11:10:00,1442.0,1442.0,1442.0,1442.0,0.0,0.0,14.0
2018-03-20 11:15:00,1442.0,1442.0,1442.0,1442.0,0.0,0.0,14.0
2018-03-20 11:20:00,1442.0,1442.0,1442.0,1442.0,0.0,0.0,14.0
2018-03-20 11:25:00,1442.0,1442.0,1422.0,1422.0,10.0,284360.0,22.0
2018-03-20 13:30:00,1422.0,1422.0,1422.0,1422.0,0.0,0.0,22.0
2018-03-20 13:35:00,1422.0,1422.0,1422.0,1422.0,0.0,0.0,22.0
2018-03-20 13:40:00,1422.0,1422.0,1422.0,1422.0,0.0,0.0,22.0
2018-03-20 13:45:00,1422.0,1422.0,1422.0,1422.0,0.0,0.0,22.0
2018-03-20 13:50:00,1422.0,1422.0,1422.0,1422.0,0.0,0.0,22.0
2018-03-20 13:55:00,1422.0,1422.0,1422.0,1422.0,0.0,0.0,22.0
2018-03-20 14:00:00,1422.0,1422.0,1422.0,1422.0,0.0,0.0,22.0
2018-03-20 14:05:00,1422.0,1422.0,1422.0,1422.0,0.0,0.0,22.0
2018-03-20 14:10:00,1422.0,1422.0,1422.0,1422.0,0.0,0.0,22.0
2018-03-20 14:15:00,1422.0,1422.0,1422.0,1422.0,0.0,0.0,22.0
2018-03-20 14:20:00,1422.0,1422.0,1422.0,1422.0,0.0,0.0,22.0
2018-03-20 14:25:00,1422.0,1422.0,1422.0,1422.0,0.0,0.0,22.0
2018-03-20 14:30:00,1422.0,1422.0,1422.0,1422.0,0.0,0.0,22.0
2018-03-20 14:35:00,1422.0,1422.0,1422.0,1422.0,0.0,0.0,22.0
2018-03-20 14:40:00,1422.0,1422.0,1422.0,1422.0,0.0,0.0,22.0
2018-03-20 14:45:00,1422.0,1422.0,1422.0,1422.0,0.0,0.0,22.0
2018-03-20 14:50:00,1422.0,1422.0,1422.0,1422.0,0.0,0.0,22.0
2018-03-20 14:55:00,1422.0,1422.0,1422.0,1422.0,0.0,0.0,22.0
2018-03-20 21:00:00,1427.0,1434.0,1427.0,1434.0,2.0,57360.0,20.0
2018-03-20 21:05:00,1434.0,1434.0,1434.0,1434.0,0.0,0.0,20.0
2018-03-20 21:10:00,1434.0,1434.0,1434.0,1434.0,0.0,0.0,20.0
2018-03-20 21:15:00,1434.0,1434.0,1434.0,1434.0,0.0,0.0,20.0
2018-03-20 21:20:00,1434.0,1434.0,1434.0,1434.0,0.0,0.0,20.0
2018-03-20 21:25:00,1434.0,1434.0,1434.0,1434.0,0.0,0.0,20.0
2018-03-20 21:30:00,1434.0,1434.0,1434.0,1434.0,0.0,0.0,20.0
2018-03-20 21:35:00,1434.0,1434.0,1434.0,1434.0,0.0,0.0,20.0
2018-03-20 21:40:00,1434.0,1434.0,1434.0,1434.0,0.0,0.0,20.0
2018-03-20 21:45:00,1434.0,1434.0,1434.0,1434.0,0.0,0.0,20.0
2018-03-20 21:50:00,1434.0,1434.0,1434.0,1434.0,0.0,0.0,20.0
2018-03-20 21:55:00,1434.0,1434.0,1434.0,1434.0,0.0,0.0,20.0
2018-03-20 22:00:00,1434.0,1434.0,1434.0,1434.0,0.0,0.0,20.0
2018-03-20 22:05:00,1434.0,1434.0,1434.0,1434.0,0.0,0.0,20.0
2018-03-20 22:10:00,1431.0,1432.0,1431.0,1432.0,10.0,286320.0,10.0
2018-03-20 22:15:00,1432.0,1432.0,1432.0,1432.0,0.0,0.0,10.0
2018-03-20 22:20:00,1432.0,1432.0,1432.0,1432.0,0.0,0.0,10.0
2018-03-20 22:25:00,1432.0,1432.0,1432.0,1432.0,0.0,0.0,10.0
2018-03-20 22:30:00,1432.0,1432.0,1432.0,1432.0,0.0,0.0,10.0
2018-03-20 22:35:00,1432.0,1432.0,1432.0,1432.0,0.0,0.0,10.0
2018-03-20 22:40:00,1432.0,1432.0,1432.0,1432.0,0.0,0.0,10.0
2018-03-20 22:45:00,1432.0,1432.0,1432.0,1432.0,0.0,0.0,10.0
2018-03-20 22:50:00,1432.0,1432.0,1432.0,1432.0,0.0,0.0,10.0
2018-03-20 22:55:00,1432.0,1432.0,1432.0,1432.0,0.0,0.0,10.0
2018-03-20 23:00:00,1432.0,1432.0,1432.0,1432.0,0.0,0.0,10.0
2018-03-20 23:05:00,1432.0,1432.0,1432.0,1432.0,0.0,0.0,10.0
2018-03-20 23:10:00,1432.0,1432.0,1432.0,1432.0,0.0,0.0,10.0
2018-03-20 23:15:00,1432.0,1432.0,1432.0,1432.0,0.0,0.0,10.0
2018-03-20 23:20:00,1432.0,1432.0,1432.0,1432.0,0.0,0.0,10.0
2018-03-20 23:25:00,1432.0,1432.0,1432.0,1432.0,0.0,0.0,10.0
2018-03-21 09:00:00,1432.0,1432.0,1432.0,1432.0,0.0,0.0,10.0
2018-03-21 09:05:00,1432.0,1432.0,1432.0,1432.0,0.0,0.0,10.0
2018-03-21 09:10:00,1432.0,1432.0,1432.0,1432.0,0.0,0.0,10.0
2018-03-21 09:15:00,1432.0,1432.0,1432.0,1432.0,0.0,0.0,10.0
2018-03-21 09:20:00,1432.0,1432.0,1432.0,1432.0,0.0,0.0,10.0
2018-03-21 09:25:00,1432.0,1432.0,1432.0,1432.0,0.0,0.0,10.0
2018-03-21 09:30:00,1432.0,1432.0,1432.0,1432.0,0.0,0.0,10.0
2018-03-21 09:35:00,1432.0,1432.0,1432.0,1432.0,0.0,0.0,10.0
2018-03-21 09:40:00,1432.0,1432.0,1432.0,1432.0,0.0,0.0,10.0
2018-03-21 09:45:00,1432.0,1432.0,1432.0,1432.0,0.0,0.0,10.0
2018-03-21 09:50:00,1432.0,1432.0,1432.0,1432.0,0.0,0.0,10.0
2018-03-21 09:55:00,1432.0,1432.0,1432.0,1432.0,0.0,0.0,10.0
2018-03-21 10:00:00,1432.0,1432.0,1432.0,1432.0,0.0,0.0,10.0
2018-03-21 10:05:00,1432.0,1432.0,1432.0,1432.0,0.0,0.0,10.0
2018-03-21 10:10:00,1432.0,1432.0,1432.0,1432.0,0.0,0.0,10.0
2018-03-21 10:30:00,1432.0,1432.0,1432.0,1432.0,0.0,0.0,10.0
2018-03-21 10:35:00,1432.0,1432.0,1432.0,1432.0,0.0,0.0,10.0
2018-03-21 10:40:00,1432.0,1432.0,1432.0,1432.0,0.0,0.0,10.0
2018-03-21 10:45:00,1432.0,1432.0,1432.0,1432.0,0.0,0.0,10.0
2018-03-21 10:50:00,1432.0,1432.0,1432.0,1432.0,0.0,0.0,10.0
2018-03-21 10:55:00,1432.0,1432.0,1432.0,1432.0,0.0,0.0,10.0
2018-03-21 11:00:00,1432.0,1432.0,1432.0,1432.0,0.0,0.0,10.0
2018-03-21 11:05:00,1432.0,1432.0,1432.0,1432.0,0.0,0.0,10.0
2018-03-21 11:10:00,1432.0,1432.0,1432.0,1432.0,0.0,0.0,10.0
2018-03-21 11:15:00,1432.0,1432.0,1432.0,1432.0,0.0,0.0,10.0
2018-03-21 11:20:00,1432.0,1432.0,1432.0,1432.0,0.0,0.0,10.0
2018-03-21 11:25:00,1432.0,1432.0,1432.0,1432.0,0.0,0.0,10.0
2018-03-21 13:30:00,1432.0,1432.0,1432.0,1432.0,0.0,0.0,10.0
2018-03-21 13:35:00,1432.0,1432.0,1432.0,1432.0,0.0,0.0,10.0
2018-03-21 13:40:00,1432.0,1432.0,1432.0,1432.0,0.0,0.0,10.0
2018-03-21 13:45:00,1432.0,1432.0,1432.0,1432.0,0.0,0.0,10.0
2018-03-21 13:50:00,1432.0,1432.0,1432.0,1432.0,0.0,0.0,10.0
2018-03-21 13:55:00,1432.0,1432.0,1432.0,1432.0,0.0,0.0,10.0
2018-03-21 14:00:00,1432.0,1432.0,1432.0,1432.0,0.0,0.0,10.0
2018-03-21 14:05:00,1432.0,1432.0,1432.0,1432.0,0.0,0.0,10.0
2018-03-21 14:10:00,1432.0,1432.0,1432.0,1432.0,0.0,0.0,10.0
2018-03-21 14:15:00,1432.0,1432.0,1432.0,1432.0,0.0,0.0,10.0
2018-03-21 14:20:00,1432.0,1432.0,1432.0,1432.0,0.0,0.0,10.0
2018-03-21 14:25:00,1432.0,1432.0,1432.0,1432.0,0.0,0.0,10.0
2018-03-21 14:30:00,1432.0,1432.0,1432.0,1432.0,0.0,0.0,10.0
2018-03-21 14:35:00,1432.0,1432.0,1432.0,1432.0,0.0,0.0,10.0
2018-03-21 14:40:00,1432.0,1432.0,1432.0,1432.0,0.0,0.0,10.0
2018-03-21 14:45:00,1432.0,1432.0,1432.0,1432.0,0.0,0.0,10.0
2018-03-21 14:50:00,1432.0,1432.0,1432.0,1432.0,0.0,0.0,10.0
2018-03-21 14:55:00,1432.0,1432.0,1432.0,1432.0,0.0,0.0,10.0
2018-03-21 21:00:00,1432.0,1432.0,1432.0,1432.0,0.0,0.0,10.0
2018-03-21 21:05:00,1432.0,1432.0,1432.0,1432.0,0.0,0.0,10.0
2018-03-21 21:10:00,1432.0,1432.0,1432.0,1432.0,0.0,0.0,10.0
2018-03-21 21:15:00,1432.0,1432.0,1432.0,1432.0,0.0,0.0,10.0
2018-03-21 21:20:00,1432.0,1432.0,1432.0,1432.0,0.0,0.0,10.0
2018-03-21 21:25:00,1432.0,1432.0,1432.0,1432.0,0.0,0.0,10.0
2018-03-21 21:30:00,1432.0,1432.0,1432.0,1432.0,0.0,0.0,10.0
2018-03-21 21:35:00,1432.0,1432.0,1432.0,1432.0,0.0,0.0,10.0
2018-03-21 21:40:00,1432.0,1432.0,1432.0,1432.0,0.0,0.0,10.0
2018-03-21 21:45:00,1432.0,1432.0,1432.0,1432.0,0.0,0.0,10.0
2018-03-21 21:50:00,1432.0,1432.0,1432.0,1432.0,0.0,0.0,10.0
2018-03-21 21:55:00,1432.0,1432.0,1432.0,1432.0,0.0,0.0,10.0
2018-03-21 22:00:00,1432.0,1432.0,1432.0,1432.0,0.0,0.0,10.0
2018-03-21 22:05:00,1432.0,1432.0,1432.0,1432.0,0.0,0.0,10.0
2018-03-21 22:10:00,1432.0,1432.0,1432.0,1432.0,0.0,0.0,10.0
2018-03-21 22:15:00,1432.0,1432.0,1432.0,1432.0,0.0,0.0,10.0
2018-03-21 22:20:00,1432.0,1432.0,1432.0,1432.0,0.0,0.0,10.0
2018-03-21 22:25:00,1432.0,1432.0,1432.0,1432.0,0.0,0.0,10.0
2018-03-21 22:30:00,1432.0,1432.0,1432.0,1432.0,0.0,0.0,10.0
2018-03-21 22:35:00,1432.0,1432.0,1432.0,1432.0,0.0,0.0,10.0
2018-03-21 22:40:00,1432.0,1432.0,1432.0,1432.0,0.0,0.0,10.0
2018-03-21 22:45:00,1432.0,1432.0,1432.0,1432.0,0.0,0.0,10.0
2018-03-21 22:50:00,1432.0,1432.0,1432.0,1432.0,0.0,0.0,10.0
2018-03-21 22:55:00,1432.0,1432.0,1432.0,1432.0,0.0,0.0,10.0
2018-03-21 23:00:00,1432.0,1432.0,1432.0,1432.0,0.0,0.0,10.0
2018-03-21 23:05:00,1432.0,1432.0,1432.0,1432.0,0.0,0.0,10.0
2018-03-21 23:10:00,1432.0,1432.0,1432.0,1432.0,0.0,0.0,10.0
2018-03-21 23:15:00,1432.0,1432.0,1432.0,1432.0,0.0,0.0,10.0
2018-03-21 23:20:00,1432.0,1432.0,1432.0,1432.0,0.0,0.0,10.0
2018-03-21 23:25:00,1432.0,1432.0,1432.0,1432.0,0.0,0.0,10.0
2018-03-22 09:00:00,1432.0,1432.0,1432.0,1432.0,0.0,0.0,10.0
2018-03-22 09:05:00,1432.0,1432.0,1432.0,1432.0,0.0,0.0,10.0
2018-03-22 09:10:00,1432.0,1432.0,1432.0,1432.0,0.0,0.0,10.0
2018-03-22 09:15:00,1432.0,1432.0,1432.0,1432.0,0.0,0.0,10.0
2018-03-22 09:20:00,1432.0,1432.0,1432.0,1432.0,0.0,0.0,10.0
2018-03-22 09:25:00,1432.0,1432.0,1432.0,1432.0,0.0,0.0,10.0
2018-03-22 09:30:00,1432.0,1432.0,1432.0,1432.0,0.0,0.0,10.0
2018-03-22 09:35:00,1432.0,1432.0,1432.0,1432.0,0.0,0.0,10.0
2018-03-22 09:40:00,1432.0,1432.0,1432.0,1432.0,0.0,0.0,10.0
2018-03-22 09:45:00,1432.0,1432.0,1432.0,1432.0,0.0,0.0,10.0
2018-03-22 09:50:00,1432.0,1432.0,1432.0,1432.0,0.0,0.0,10.0
2018-03-22 09:55:00,1432.0,1432.0,1432.0,1432.0,0.0,0.0,10.0
2018-03-22 10:00:00,1432.0,1432.0,1432.0,1432.0,0.0,0.0,10.0
2018-03-22 10:05:00,1432.0,1432.0,1432.0,1432.0,0.0,0.0,10.0
2018-03-22 10:10:00,1432.0,1432.0,1432.0,1432.0,0.0,0.0,10.0
2018-03-22 10:30:00,1432.0,1432.0,1432.0,1432.0,0.0,0.0,10.0
2018-03-22 10:35:00,1432.0,1432.0,1432.0,1432.0,0.0,0.0,10.0
2018-03-22 10:40:00,1432.0,1432.0,1432.0,1432.0,0.0,0.0,10.0
2018-03-22 10:45:00,1432.0,1432.0,1432.0,1432.0,0.0,0.0,10.0
2018-03-22 10:50:00,1432.0,1432.0,1432.0,1432.0,0.0,0.0,10.0
2018-03-22 10:55:00,1432.0,1432.0,1432.0,1432.0,0.0,0.0,10.0
2018-03-22 11:00:00,1432.0,1432.0,1432.0,1432.0,0.0,0.0,10.0
2018-03-22 11:05:00,1432.0,1432.0,1432.0,1432.0,0.0,0.0,10.0
2018-03-22 11:10:00,1432.0,1432.0,1432.0,1432.0,0.0,0.0,10.0
2018-03-22 11:15:00,1432.0,1432.0,1432.0,1432.0,0.0,0.0,10.0
2018-03-22 11:20:00,1432.0,1432.0,1432.0,1432.0,0.0,0.0,10.0
2018-03-22 11:25:00,1432.0,1432.0,1432.0,1432.0,0.0,0.0,10.0
2018-03-22 13:30:00,1432.0,1432.0,1432.0,1432.0,0.0,0.0,10.0
2018-03-22 13:35:00,1432.0,1432.0,1432.0,1432.0,0.0,0.0,10.0
2018-03-22 13:40:00,1432.0,1432.0,1432.0,1432.0,0.0,0.0,10.0
2018-03-22 13:45:00,1432.0,1432.0,1432.0,1432.0,0.0,0.0,10.0
2018-03-22 13:50:00,1432.0,1432.0,1432.0,1432.0,0.0,0.0,10.0
2018-03-22 13:55:00,1432.0,1432.0,1432.0,1432.0,0.0,0.0,10.0
2018-03-22 14:00:00,1432.0,1432.0,1432.0,1432.0,0.0,0.0,10.0
2018-03-22 14:05:00,1432.0,1432.0,1432.0,1432.0,0.0,0.0,10.0
2018-03-22 14:10:00,1432.0,1432.0,1432.0,1432.0,0.0,0.0,10.0
2018-03-22 14:15:00,1432.0,1432.0,1432.0,1432.0,0.0,0.0,10.0
2018-03-22 14:20:00,1432.0,1432.0,1432.0,1432.0,0.0,0.0,10.0
2018-03-22 14:25:00,1432.0,1432.0,1432.0,1432.0,0.0,0.0,10.0
2018-03-22 14:30:00,1432.0,1432.0,1432.0,1432.0,0.0,0.0,10.0
2018-03-22 14:35:00,1432.0,1432.0,1432.0,1432.0,0.0,0.0,10.0
2018-03-22 14:40:00,1432.0,1432.0,1432.0,1432.0,0.0,0.0,10.0
2018-03-22 14:45:00,1368.0,1368.0,1368.0,1368.0,4.0,109440.0,12.0
2018-03-22 14:50:00,1368.0,1368.0,1368.0,1368.0,0.0,0.0,12.0
2018-03-22 14:55:00,1368.0,1368.0,1368.0,1368.0,0.0,0.0,12.0
2018-03-22 21:00:00,1373.0,1373.0,1373.0,1373.0,2.0,54920.0,10.0
2018-03-22 21:05:00,1373.0,1373.0,1373.0,1373.0,0.0,0.0,10.0
2018-03-22 21:10:00,1373.0,1373.0,1373.0,1373.0,0.0,0.0,10.0
2018-03-22 21:15:00,1373.0,1373.0,1373.0,1373.0,0.0,0.0,10.0
2018-03-22 21:20:00,1373.0,1373.0,1373.0,1373.0,0.0,0.0,10.0
2018-03-22 21:25:00,1373.0,1373.0,1373.0,1373.0,0.0,0.0,10.0
2018-03-22 21:30:00,1373.0,1373.0,1373.0,1373.0,0.0,0.0,10.0
2018-03-22 21:35:00,1373.0,1373.0,1373.0,1373.0,0.0,0.0,10.0
2018-03-22 21:40:00,1373.0,1373.0,1373.0,1373.0,0.0,0.0,10.0
2018-03-22 21:45:00,1373.0,1373.0,1373.0,1373.0,0.0,0.0,10.0
2018-03-22 21:50:00,1373.0,1373.0,1373.0,1373.0,0.0,0.0,10.0
2018-03-22 21:55:00,1373.0,1373.0,1373.0,1373.0,0.0,0.0,10.0
2018-03-22 22:00:00,1373.0,1373.0,1373.0,1373.0,0.0,0.0,10.0
2018-03-22 22:05:00,1373.0,1373.0,1373.0,1373.0,0.0,0.0,10.0
2018-03-22 22:10:00,1373.0,1373.0,1373.0,1373.0,0.0,0.0,10.0
2018-03-22 22:15:00,1373.0,1373.0,1373.0,1373.0,0.0,0.0,10.0
2018-03-22 22:20:00,1373.0,1373.0,1373.0,1373.0,0.0,0.0,10.0
2018-03-22 22:25:00,1373.0,1373.0,1373.0,1373.0,0.0,0.0,10.0
2018-03-22 22:30:00,1373.0,1373.0,1373.0,1373.0,0.0,0.0,10.0
2018-03-22 22:35:00,1373.0,1373.0,1373.0,1373.0,0.0,0.0,10.0
2018-03-22 22:40:00,1373.0,1373.0,1373.0,1373.0,0.0,0.0,10.0
2018-03-22 22:45:00,1373.0,1373.0,1373.0,1373.0,0.0,0.0,10.0
2018-03-22 22:50:00,1373.0,1373.0,1373.0,1373.0,0.0,0.0,10.0
2018-03-22 22:55:00,1373.0,1373.0,1373.0,1373.0,0.0,0.0,10.0
2018-03-22 23:00:00,1373.0,1373.0,1373.0,1373.0,0.0,0.0,10.0
2018-03-22 23:05:00,1373.0,1377.0,1373.0,1377.0,2.0,55080.0,8.0
2018-03-22 23:10:00,1379.0,1379.0,1379.0,1379.0,2.0,55120.0,8.0
2018-03-22 23:15:00,1379.0,1379.0,1379.0,1379.0,0.0,0.0,8.0
2018-03-22 23:20:00,1379.0,1379.0,1379.0,1379.0,0.0,0.0,8.0
2018-03-22 23:25:00,1379.0,1379.0,1379.0,1379.0,0.0,0.0,8.0
2018-03-23 09:00:00,1379.0,1379.0,1357.0,1357.0,2.0,54400.0,8.0
2018-03-23 09:05:00,1357.0,1357.0,1357.0,1357.0,0.0,0.0,8.0
2018-03-23 09:10:00,1357.0,1357.0,1357.0,1357.0,0.0,0.0,8.0
2018-03-23 09:15:00,1357.0,1357.0,1357.0,1357.0,0.0,0.0,8.0
2018-03-23 09:20:00,1357.0,1357.0,1357.0,1357.0,0.0,0.0,8.0
2018-03-23 09:25:00,1357.0,1357.0,1357.0,1357.0,0.0,0.0,8.0
2018-03-23 09:30:00,1357.0,1357.0,1357.0,1357.0,0.0,0.0,8.0
2018-03-23 09:35:00,1357.0,1357.0,1357.0,1357.0,0.0,0.0,8.0
2018-03-23 09:40:00,1357.0,1357.0,1357.0,1357.0,0.0,0.0,8.0
2018-03-23 09:45:00,1357.0,1357.0,1357.0,1357.0,0.0,0.0,8.0
2018-03-23 09:50:00,1357.0,1357.0,1357.0,1357.0,0.0,0.0,8.0
2018-03-23 09:55:00,1357.0,1357.0,1357.0,1357.0,0.0,0.0,8.0
2018-03-23 10:00:00,1357.0,1357.0,1357.0,1357.0,0.0,0.0,8.0
2018-03-23 10:05:00,1357.0,1357.0,1357.0,1357.0,0.0,0.0,8.0
2018-03-23 10:10:00,1357.0,1357.0,1357.0,1357.0,0.0,0.0,8.0
2018-03-23 10:30:00,1357.0,1357.0,1357.0,1357.0,0.0,0.0,8.0
2018-03-23 10:35:00,1357.0,1357.0,1357.0,1357.0,0.0,0.0,8.0
2018-03-23 10:40:00,1357.0,1357.0,1357.0,1357.0,0.0,0.0,8.0
2018-03-23 10:45:00,1357.0,1357.0,1357.0,1357.0,0.0,0.0,8.0
2018-03-23 10:50:00,1357.0,1357.0,1357.0,1357.0,0.0,0.0,8.0
2018-03-23 10:55:00,1357.0,1357.0,1357.0,1357.0,0.0,0.0,8.0
2018-03-23 11:00:00,1357.0,1357.0,1357.0,1357.0,0.0,0.0,8.0
2018-03-23 11:05:00,1357.0,1357.0,1357.0,1357.0,0.0,0.0,8.0
2018-03-23 11:10:00,1357.0,1357.0,1357.0,1357.0,0.0,0.0,8.0
2018-03-23 11:15:00,1357.0,1357.0,1357.0,1357.0,0.0,0.0,8.0
2018-03-23 11:20:00,1357.0,1357.0,1357.0,1357.0,0.0,0.0,8.0
2018-03-23 11:25:00,1357.0,1357.0,1357.0,1357.0,0.0,0.0,8.0
2018-03-23 13:30:00,1357.0,1357.0,1357.0,1357.0,0.0,0.0,8.0
2018-03-23 13:35:00,1357.0,1357.0,1357.0,1357.0,0.0,0.0,8.0
2018-03-23 13:40:00,1357.0,1357.0,1357.0,1357.0,0.0,0.0,8.0
2018-03-23 13:45:00,1357.0,1357.0,1357.0,1357.0,0.0,0.0,8.0
2018-03-23 13:50:00,1357.0,1357.0,1357.0,1357.0,0.0,0.0,8.0
2018-03-23 13:55:00,1357.0,1357.0,1357.0,1357.0,0.0,0.0,8.0
2018-03-23 14:00:00,1357.0,1357.0,1357.0,1357.0,0.0,0.0,8.0
2018-03-23 14:05:00,1357.0,1357.0,1357.0,1357.0,0.0,0.0,8.0
2018-03-23 14:10:00,1357.0,1357.0,1357.0,1357.0,0.0,0.0,8.0
2018-03-23 14:15:00,1357.0,1357.0,1357.0,1357.0,0.0,0.0,8.0
2018-03-23 14:20:00,1357.0,1357.0,1357.0,1357.0,0.0,0.0,8.0
2018-03-23 14:25:00,1357.0,1357.0,1357.0,1357.0,0.0,0.0,8.0
2018-03-23 14:30:00,1357.0,1357.0,1357.0,1357.0,0.0,0.0,8.0
2018-03-23 14:35:00,1357.0,1357.0,1357.0,1357.0,0.0,0.0,8.0
2018-03-23 14:40:00,1357.0,1357.0,1357.0,1357.0,0.0,0.0,8.0
2018-03-23 14:45:00,1357.0,1357.0,1357.0,1357.0,0.0,0.0,8.0
2018-03-23 14:50:00,1357.0,1357.0,1357.0,1357.0,0.0,0.0,8.0
2018-03-23 14:55:00,1357.0,1357.0,1357.0,1357.0,0.0,0.0,8.0
2018-03-23 21:00:00,1372.0,1372.0,1372.0,1372.0,0.0,0.0,8.0
2018-03-23 21:05:00,1372.0,1372.0,1372.0,1372.0,0.0,0.0,8.0
2018-03-23 21:10:00,1372.0,1372.0,1372.0,1372.0,0.0,0.0,8.0
2018-03-23 21:15:00,1372.0,1372.0,1372.0,1372.0,0.0,0.0,8.0
2018-03-23 21:20:00,1372.0,1372.0,1372.0,1372.0,0.0,0.0,8.0
2018-03-23 21:25:00,1372.0,1372.0,1372.0,1372.0,0.0,0.0,8.0
2018-03-23 21:30:00,1372.0,1372.0,1372.0,1372.0,0.0,0.0,8.0
2018-03-23 21:35:00,1372.0,1372.0,1372.0,1372.0,0.0,0.0,8.0
2018-03-23 21:40:00,1372.0,1372.0,1372.0,1372.0,0.0,0.0,8.0
2018-03-23 21:45:00,1372.0,1372.0,1372.0,1372.0,0.0,0.0,8.0
2018-03-23 21:50:00,1372.0,1372.0,1372.0,1372.0,0.0,0.0,8.0
2018-03-23 21:55:00,1372.0,1372.0,1372.0,1372.0,0.0,0.0,8.0
2018-03-23 22:00:00,1372.0,1372.0,1372.0,1372.0,0.0,0.0,8.0
2018-03-23 22:05:00,1372.0,1372.0,1372.0,1372.0,0.0,0.0,8.0
2018-03-23 22:10:00,1372.0,1372.0,1372.0,1372.0,0.0,0.0,8.0
2018-03-23 22:15:00,1372.0,1372.0,1372.0,1372.0,0.0,0.0,8.0
2018-03-23 22:20:00,1372.0,1372.0,1372.0,1372.0,0.0,0.0,8.0
2018-03-23 22:25:00,1372.0,1372.0,1372.0,1372.0,0.0,0.0,8.0
2018-03-23 22:30:00,1372.0,1372.0,1372.0,1372.0,0.0,0.0,8.0
2018-03-23 22:35:00,1372.0,1372.0,1372.0,1372.0,0.0,0.0,8.0
2018-03-23 22:40:00,1372.0,1372.0,1372.0,1372.0,0.0,0.0,8.0
2018-03-23 22:45:00,1372.0,1372.0,1372.0,1372.0,0.0,0.0,8.0
2018-03-23 22:50:00,1372.0,1372.0,1372.0,1372.0,0.0,0.0,8.0
2018-03-23 22:55:00,1372.0,1372.0,1372.0,1372.0,0.0,0.0,8.0
2018-03-23 23:00:00,1372.0,1372.0,1372.0,1372.0,0.0,0.0,8.0
2018-03-23 23:05:00,1372.0,1372.0,1372.0,1372.0,0.0,0.0,8.0
2018-03-23 23:10:00,1372.0,1372.0,1372.0,1372.0,0.0,0.0,8.0
2018-03-23 23:15:00,1372.0,1372.0,1372.0,1372.0,0.0,0.0,8.0
2018-03-23 23:20:00,1372.0,1372.0,1372.0,1372.0,0.0,0.0,8.0
2018-03-23 23:25:00,1372.0,1372.0,1372.0,1372.0,0.0,0.0,8.0
2018-03-26 09:00:00,1372.0,1372.0,1372.0,1372.0,0.0,0.0,8.0
2018-03-26 09:05:00,1372.0,1372.0,1372.0,1372.0,0.0,0.0,8.0
2018-03-26 09:10:00,1372.0,1372.0,1372.0,1372.0,0.0,0.0,8.0
2018-03-26 09:15:00,1372.0,1372.0,1372.0,1372.0,0.0,0.0,8.0
2018-03-26 09:20:00,1372.0,1372.0,1372.0,1372.0,0.0,0.0,8.0
2018-03-26 09:25:00,1372.0,1372.0,1372.0,1372.0,0.0,0.0,8.0
2018-03-26 09:30:00,1372.0,1372.0,1372.0,1372.0,0.0,0.0,8.0
2018-03-26 09:35:00,1372.0,1372.0,1372.0,1372.0,0.0,0.0,8.0
2018-03-26 09:40:00,1372.0,1372.0,1372.0,1372.0,0.0,0.0,8.0
2018-03-26 09:45:00,1372.0,1372.0,1372.0,1372.0,0.0,0.0,8.0
2018-03-26 09:50:00,1372.0,1372.0,1372.0,1372.0,0.0,0.0,8.0
2018-03-26 09:55:00,1372.0,1372.0,1372.0,1372.0,0.0,0.0,8.0
2018-03-26 10:00:00,1372.0,1372.0,1372.0,1372.0,0.0,0.0,8.0
2018-03-26 10:05:00,1372.0,1372.0,1372.0,1372.0,0.0,0.0,8.0
2018-03-26 10:10:00,1372.0,1372.0,1372.0,1372.0,0.0,0.0,8.0
2018-03-26 10:30:00,1372.0,1372.0,1372.0,1372.0,0.0,0.0,8.0
2018-03-26 10:35:00,1372.0,1372.0,1372.0,1372.0,0.0,0.0,8.0
2018-03-26 10:40:00,1372.0,1372.0,1372.0,1372.0,0.0,0.0,8.0
2018-03-26 10:45:00,1372.0,1372.0,1372.0,1372.0,0.0,0.0,8.0
2018-03-26 10:50:00,1372.0,1372.0,1372.0,1372.0,0.0,0.0,8.0
2018-03-26 10:55:00,1372.0,1372.0,1372.0,1372.0,0.0,0.0,8.0
2018-03-26 11:00:00,1372.0,1372.0,1372.0,1372.0,0.0,0.0,8.0
2018-03-26 11:05:00,1372.0,1372.0,1372.0,1372.0,0.0,0.0,8.0
2018-03-26 11:10:00,1372.0,1372.0,1372.0,1372.0,0.0,0.0,8.0
2018-03-26 11:15:00,1372.0,1372.0,1372.0,1372.0,0.0,0.0,8.0
2018-03-26 11:20:00,1372.0,1372.0,1372.0,1372.0,0.0,0.0,8.0
2018-03-26 11:25:00,1372.0,1372.0,1372.0,1372.0,0.0,0.0,8.0
2018-03-26 13:30:00,1372.0,1372.0,1372.0,1372.0,0.0,0.0,8.0
2018-03-26 13:35:00,1372.0,1372.0,1372.0,1372.0,0.0,0.0,8.0
2018-03-26 13:40:00,1372.0,1372.0,1372.0,1372.0,0.0,0.0,8.0
2018-03-26 13:45:00,1372.0,1372.0,1372.0,1372.0,0.0,0.0,8.0
2018-03-26 13:50:00,1372.0,1372.0,1372.0,1372.0,0.0,0.0,8.0
2018-03-26 13:55:00,1372.0,1372.0,1372.0,1372.0,0.0,0.0,8.0
2018-03-26 14:00:00,1372.0,1372.0,1372.0,1372.0,0.0,0.0,8.0
2018-03-26 14:05:00,1372.0,1372.0,1372.0,1372.0,0.0,0.0,8.0
2018-03-26 14:10:00,1372.0,1372.0,1372.0,1372.0,0.0,0.0,8.0
2018-03-26 14:15:00,1372.0,1372.0,1372.0,1372.0,0.0,0.0,8.0
2018-03-26 14:20:00,1372.0,1372.0,1372.0,1372.0,0.0,0.0,8.0
2018-03-26 14:25:00,1372.0,1372.0,1372.0,1372.0,0.0,0.0,8.0
2018-03-26 14:30:00,1372.0,1372.0,1372.0,1372.0,0.0,0.0,8.0
2018-03-26 14:35:00,1372.0,1372.0,1372.0,1372.0,0.0,0.0,8.0
2018-03-26 14:40:00,1372.0,1372.0,1372.0,1372.0,0.0,0.0,8.0
2018-03-26 14:45:00,1372.0,1372.0,1372.0,1372.0,0.0,0.0,8.0
2018-03-26 14:50:00,1372.0,1372.0,1372.0,1372.0,0.0,0.0,8.0
2018-03-26 14:55:00,1372.0,1372.0,1372.0,1372.0,0.0,0.0,8.0
2018-03-26 21:00:00,1372.0,1372.0,1372.0,1372.0,0.0,0.0,8.0
2018-03-26 21:05:00,1372.0,1372.0,1372.0,1372.0,0.0,0.0,8.0
2018-03-26 21:10:00,1372.0,1372.0,1372.0,1372.0,0.0,0.0,8.0
2018-03-26 21:15:00,1372.0,1372.0,1372.0,1372.0,0.0,0.0,8.0
2018-03-26 21:20:00,1372.0,1372.0,1372.0,1372.0,0.0,0.0,8.0
2018-03-26 21:25:00,1372.0,1372.0,1372.0,1372.0,0.0,0.0,8.0
2018-03-26 21:30:00,1372.0,1372.0,1372.0,1372.0,0.0,0.0,8.0
2018-03-26 21:35:00,1372.0,1372.0,1372.0,1372.0,0.0,0.0,8.0
2018-03-26 21:40:00,1372.0,1372.0,1372.0,1372.0,0.0,0.0,8.0
2018-03-26 21:45:00,1372.0,1372.0,1372.0,1372.0,0.0,0.0,8.0
2018-03-26 21:50:00,1372.0,1372.0,1372.0,1372.0,0.0,0.0,8.0
2018-03-26 21:55:00,1372.0,1372.0,1372.0,1372.0,0.0,0.0,8.0
2018-03-26 22:00:00,1372.0,1372.0,1372.0,1372.0,0.0,0.0,8.0
2018-03-26 22:05:00,1372.0,1372.0,1372.0,1372.0,0.0,0.0,8.0
2018-03-26 22:10:00,1372.0,1372.0,1372.0,1372.0,0.0,0.0,8.0
2018-03-26 22:15:00,1372.0,1372.0,1372.0,1372.0,0.0,0.0,8.0
2018-03-26 22:20:00,1372.0,1372.0,1372.0,1372.0,0.0,0.0,8.0
2018-03-26 22:25:00,1372.0,1372.0,1372.0,1372.0,0.0,0.0,8.0
2018-03-26 22:30:00,1372.0,1372.0,1372.0,1372.0,0.0,0.0,8.0
2018-03-26 22:35:00,1372.0,1372.0,1372.0,1372.0,0.0,0.0,8.0
2018-03-26 22:40:00,1372.0,1372.0,1372.0,1372.0,0.0,0.0,8.0
2018-03-26 22:45:00,1372.0,1372.0,1372.0,1372.0,0.0,0.0,8.0
2018-03-26 22:50:00,1372.0,1372.0,1372.0,1372.0,0.0,0.0,8.0
2018-03-26 22:55:00,1372.0,1372.0,1372.0,1372.0,0.0,0.0,8.0
2018-03-26 23:00:00,1372.0,1372.0,1372.0,1372.0,0.0,0.0,8.0
2018-03-26 23:05:00,1372.0,1372.0,1372.0,1372.0,0.0,0.0,8.0
2018-03-26 23:10:00,1372.0,1372.0,1372.0,1372.0,0.0,0.0,8.0
2018-03-26 23:15:00,1372.0,1372.0,1372.0,1372.0,0.0,0.0,8.0
2018-03-26 23:20:00,1372.0,1372.0,1372.0,1372.0,0.0,0.0,8.0
2018-03-26 23:25:00,1372.0,1372.0,1372.0,1372.0,0.0,0.0,8.0
2018-03-27 09:00:00,1372.0,1372.0,1372.0,1372.0,0.0,0.0,8.0
2018-03-27 09:05:00,1372.0,1372.0,1372.0,1372.0,0.0,0.0,8.0
2018-03-27 09:10:00,1372.0,1372.0,1372.0,1372.0,0.0,0.0,8.0
2018-03-27 09:15:00,1372.0,1372.0,1372.0,1372.0,0.0,0.0,8.0
2018-03-27 09:20:00,1372.0,1372.0,1372.0,1372.0,0.0,0.0,8.0
2018-03-27 09:25:00,1372.0,1372.0,1372.0,1372.0,0.0,0.0,8.0
2018-03-27 09:30:00,1372.0,1372.0,1372.0,1372.0,0.0,0.0,8.0
2018-03-27 09:35:00,1372.0,1372.0,1372.0,1372.0,0.0,0.0,8.0
2018-03-27 09:40:00,1372.0,1372.0,1372.0,1372.0,0.0,0.0,8.0
2018-03-27 09:45:00,1372.0,1372.0,1372.0,1372.0,0.0,0.0,8.0
2018-03-27 09:50:00,1372.0,1372.0,1372.0,1372.0,0.0,0.0,8.0
2018-03-27 09:55:00,1372.0,1372.0,1372.0,1372.0,0.0,0.0,8.0
2018-03-27 10:00:00,1372.0,1372.0,1372.0,1372.0,0.0,0.0,8.0
2018-03-27 10:05:00,1372.0,1372.0,1372.0,1372.0,0.0,0.0,8.0
2018-03-27 10:10:00,1372.0,1372.0,1372.0,1372.0,0.0,0.0,8.0
2018-03-27 10:30:00,1372.0,1372.0,1372.0,1372.0,0.0,0.0,8.0
2018-03-27 10:35:00,1372.0,1372.0,1372.0,1372.0,0.0,0.0,8.0
2018-03-27 10:40:00,1372.0,1372.0,1372.0,1372.0,0.0,0.0,8.0
2018-03-27 10:45:00,1372.0,1372.0,1372.0,1372.0,0.0,0.0,8.0
2018-03-27 10:50:00,1372.0,1372.0,1372.0,1372.0,0.0,0.0,8.0
2018-03-27 10:55:00,1372.0,1372.0,1372.0,1372.0,0.0,0.0,8.0
2018-03-27 11:00:00,1372.0,1372.0,1372.0,1372.0,0.0,0.0,8.0
2018-03-27 11:05:00,1372.0,1372.0,1372.0,1372.0,0.0,0.0,8.0
2018-03-27 11:10:00,1372.0,1372.0,1372.0,1372.0,0.0,0.0,8.0
2018-03-27 11:15:00,1372.0,1372.0,1372.0,1372.0,0.0,0.0,8.0
2018-03-27 11:20:00,1372.0,1372.0,1372.0,1372.0,0.0,0.0,8.0
2018-03-27 11:25:00,1372.0,1372.0,1372.0,1372.0,0.0,0.0,8.0
2018-03-27 13:30:00,1372.0,1372.0,1372.0,1372.0,0.0,0.0,8.0
2018-03-27 13:35:00,1372.0,1372.0,1372.0,1372.0,0.0,0.0,8.0
2018-03-27 13:40:00,1372.0,1372.0,1372.0,1372.0,0.0,0.0,8.0
2018-03-27 13:45:00,1372.0,1372.0,1372.0,1372.0,0.0,0.0,8.0
2018-03-27 13:50:00,1372.0,1372.0,1372.0,1372.0,0.0,0.0,8.0
2018-03-27 13:55:00,1372.0,1372.0,1372.0,1372.0,0.0,0.0,8.0
2018-03-27 14:00:00,1372.0,1372.0,1372.0,1372.0,0.0,0.0,8.0
2018-03-27 14:05:00,1372.0,1372.0,1372.0,1372.0,0.0,0.0,8.0
2018-03-27 14:10:00,1372.0,1372.0,1372.0,1372.0,0.0,0.0,8.0
2018-03-27 14:15:00,1372.0,1372.0,1372.0,1372.0,0.0,0.0,8.0
2018-03-27 14:20:00,1372.0,1372.0,1372.0,1372.0,0.0,0.0,8.0
2018-03-27 14:25:00,1372.0,1372.0,1372.0,1372.0,0.0,0.0,8.0
2018-03-27 14:30:00,1372.0,1372.0,1372.0,1372.0,0.0,0.0,8.0
2018-03-27 14:35:00,1372.0,1372.0,1372.0,1372.0,0.0,0.0,8.0
2018-03-27 14:40:00,1372.0,1372.0,1372.0,1372.0,0.0,0.0,8.0
2018-03-27 14:45:00,1372.0,1372.0,1372.0,1372.0,0.0,0.0,8.0
2018-03-27 14:50:00,1372.0,1372.0,1372.0,1372.0,0.0,0.0,8.0
2018-03-27 14:55:00,1372.0,1372.0,1372.0,1372.0,0.0,0.0,8.0
2018-03-27 21:00:00,1364.0,1364.0,1364.0,1364.0,0.0,0.0,8.0
2018-03-27 21:05:00,1364.0,1364.0,1364.0,1364.0,0.0,0.0,8.0
2018-03-27 21:10:00,1364.0,1364.0,1364.0,1364.0,0.0,0.0,8.0
2018-03-27 21:15:00,1364.0,1364.0,1364.0,1364.0,0.0,0.0,8.0
2018-03-27 21:20:00,1364.0,1364.0,1364.0,1364.0,0.0,0.0,8.0
2018-03-27 21:25:00,1364.0,1364.0,1364.0,1364.0,0.0,0.0,8.0
2018-03-27 21:30:00,1364.0,1364.0,1364.0,1364.0,0.0,0.0,8.0
2018-03-27 21:35:00,1364.0,1364.0,1364.0,1364.0,0.0,0.0,8.0
2018-03-27 21:40:00,1364.0,1364.0,1364.0,1364.0,0.0,0.0,8.0
2018-03-27 21:45:00,1364.0,1364.0,1364.0,1364.0,0.0,0.0,8.0
2018-03-27 21:50:00,1364.0,1364.0,1364.0,1364.0,0.0,0.0,8.0
2018-03-27 21:55:00,1364.0,1364.0,1364.0,1364.0,0.0,0.0,8.0
2018-03-27 22:00:00,1364.0,1364.0,1364.0,1364.0,0.0,0.0,8.0
2018-03-27 22:05:00,1364.0,1364.0,1364.0,1364.0,0.0,0.0,8.0
2018-03-27 22:10:00,1364.0,1364.0,1364.0,1364.0,0.0,0.0,8.0
2018-03-27 22:15:00,1364.0,1364.0,1364.0,1364.0,0.0,0.0,8.0
2018-03-27 22:20:00,1364.0,1364.0,1364.0,1364.0,0.0,0.0,8.0
2018-03-27 22:25:00,1364.0,1364.0,1364.0,1364.0,0.0,0.0,8.0
2018-03-27 22:30:00,1364.0,1364.0,1364.0,1364.0,0.0,0.0,8.0
2018-03-27 22:35:00,1364.0,1364.0,1364.0,1364.0,0.0,0.0,8.0
2018-03-27 22:40:00,1364.0,1364.0,1364.0,1364.0,0.0,0.0,8.0
2018-03-27 22:45:00,1364.0,1364.0,1364.0,1364.0,0.0,0.0,8.0
2018-03-27 22:50:00,1364.0,1364.0,1364.0,1364.0,0.0,0.0,8.0
2018-03-27 22:55:00,1364.0,1364.0,1364.0,1364.0,0.0,0.0,8.0
2018-03-27 23:00:00,1364.0,1364.0,1364.0,1364.0,0.0,0.0,8.0
2018-03-27 23:05:00,1364.0,1364.0,1364.0,1364.0,0.0,0.0,8.0
2018-03-27 23:10:00,1364.0,1364.0,1364.0,1364.0,0.0,0.0,8.0
2018-03-27 23:15:00,1364.0,1364.0,1364.0,1364.0,0.0,0.0,8.0
2018-03-27 23:20:00,1364.0,1364.0,1364.0,1364.0,0.0,0.0,8.0
2018-03-27 23:25:00,1364.0,1364.0,1364.0,1364.0,0.0,0.0,8.0
2018-03-28 09:00:00,1364.0,1364.0,1364.0,1364.0,0.0,0.0,8.0
2018-03-28 09:05:00,1364.0,1364.0,1364.0,1364.0,0.0,0.0,8.0
2018-03-28 09:10:00,1364.0,1364.0,1364.0,1364.0,0.0,0.0,8.0
2018-03-28 09:15:00,1364.0,1364.0,1364.0,1364.0,0.0,0.0,8.0
2018-03-28 09:20:00,1364.0,1364.0,1364.0,1364.0,0.0,0.0,8.0
2018-03-28 09:25:00,1364.0,1364.0,1364.0,1364.0,0.0,0.0,8.0
2018-03-28 09:30:00,1364.0,1364.0,1364.0,1364.0,0.0,0.0,8.0
2018-03-28 09:35:00,1364.0,1364.0,1364.0,1364.0,0.0,0.0,8.0
2018-03-28 09:40:00,1364.0,1364.0,1364.0,1364.0,0.0,0.0,8.0
2018-03-28 09:45:00,1364.0,1364.0,1364.0,1364.0,0.0,0.0,8.0
2018-03-28 09:50:00,1364.0,1364.0,1364.0,1364.0,0.0,0.0,8.0
2018-03-28 09:55:00,1364.0,1364.0,1364.0,1364.0,0.0,0.0,8.0
2018-03-28 10:00:00,1364.0,1364.0,1364.0,1364.0,0.0,0.0,8.0
2018-03-28 10:05:00,1364.0,1364.0,1364.0,1364.0,0.0,0.0,8.0
2018-03-28 10:10:00,1364.0,1364.0,1364.0,1364.0,0.0,0.0,8.0
2018-03-28 10:30:00,1364.0,1364.0,1364.0,1364.0,0.0,0.0,8.0
2018-03-28 10:35:00,1364.0,1364.0,1364.0,1364.0,0.0,0.0,8.0
2018-03-28 10:40:00,1364.0,1364.0,1364.0,1364.0,0.0,0.0,8.0
2018-03-28 10:45:00,1364.0,1364.0,1364.0,1364.0,0.0,0.0,8.0
2018-03-28 10:50:00,1364.0,1364.0,1364.0,1364.0,0.0,0.0,8.0
2018-03-28 10:55:00,1364.0,1364.0,1364.0,1364.0,0.0,0.0,8.0
2018-03-28 11:00:00,1364.0,1364.0,1364.0,1364.0,0.0,0.0,8.0
2018-03-28 11:05:00,1364.0,1364.0,1364.0,1364.0,0.0,0.0,8.0
2018-03-28 11:10:00,1364.0,1364.0,1364.0,1364.0,0.0,0.0,8.0
2018-03-28 11:15:00,1364.0,1364.0,1364.0,1364.0,0.0,0.0,8.0
2018-03-28 11:20:00,1364.0,1364.0,1364.0,1364.0,0.0,0.0,8.0
2018-03-28 11:25:00,1364.0,1364.0,1364.0,1364.0,0.0,0.0,8.0
2018-03-28 13:30:00,1364.0,1364.0,1364.0,1364.0,0.0,0.0,8.0
2018-03-28 13:35:00,1364.0,1364.0,1364.0,1364.0,0.0,0.0,8.0
2018-03-28 13:40:00,1364.0,1364.0,1364.0,1364.0,0.0,0.0,8.0
2018-03-28 13:45:00,1364.0,1364.0,1364.0,1364.0,0.0,0.0,8.0
2018-03-28 13:50:00,1364.0,1364.0,1364.0,1364.0,0.0,0.0,8.0
2018-03-28 13:55:00,1364.0,1364.0,1364.0,1364.0,0.0,0.0,8.0
2018-03-28 14:00:00,1364.0,1364.0,1364.0,1364.0,0.0,0.0,8.0
2018-03-28 14:05:00,1364.0,1364.0,1364.0,1364.0,0.0,0.0,8.0
2018-03-28 14:10:00,1364.0,1364.0,1364.0,1364.0,0.0,0.0,8.0
2018-03-28 14:15:00,1364.0,1364.0,1364.0,1364.0,0.0,0.0,8.0
2018-03-28 14:20:00,1364.0,1364.0,1364.0,1364.0,0.0,0.0,8.0
2018-03-28 14:25:00,1364.0,1364.0,1364.0,1364.0,0.0,0.0,8.0
2018-03-28 14:30:00,1364.0,1364.0,1364.0,1364.0,0.0,0.0,8.0
2018-03-28 14:35:00,1364.0,1364.0,1364.0,1364.0,0.0,0.0,8.0
2018-03-28 14:40:00,1364.0,1364.0,1364.0,1364.0,0.0,0.0,8.0
2018-03-28 14:45:00,1364.0,1364.0,1364.0,1364.0,0.0,0.0,8.0
2018-03-28 14:50:00,1364.0,1364.0,1364.0,1364.0,0.0,0.0,8.0
2018-03-28 14:55:00,1364.0,1364.0,1364.0,1364.0,0.0,0.0,8.0
2018-03-28 21:00:00,1359.0,1359.0,1359.0,1359.0,0.0,0.0,8.0
2018-03-28 21:05:00,1359.0,1359.0,1359.0,1359.0,0.0,0.0,8.0
2018-03-28 21:10:00,1359.0,1359.0,1359.0,1359.0,0.0,0.0,8.0
2018-03-28 21:15:00,1359.0,1359.0,1359.0,1359.0,0.0,0.0,8.0
2018-03-28 21:20:00,1359.0,1359.0,1359.0,1359.0,0.0,0.0,8.0
2018-03-28 21:25:00,1359.0,1359.0,1359.0,1359.0,0.0,0.0,8.0
2018-03-28 21:30:00,1359.0,1359.0,1359.0,1359.0,0.0,0.0,8.0
2018-03-28 21:35:00,1359.0,1359.0,1359.0,1359.0,0.0,0.0,8.0
2018-03-28 21:40:00,1359.0,1359.0,1359.0,1359.0,0.0,0.0,8.0
2018-03-28 21:45:00,1359.0,1359.0,1359.0,1359.0,0.0,0.0,8.0
2018-03-28 21:50:00,1359.0,1359.0,1359.0,1359.0,0.0,0.0,8.0
2018-03-28 21:55:00,1359.0,1359.0,1359.0,1359.0,0.0,0.0,8.0
2018-03-28 22:00:00,1359.0,1359.0,1359.0,1359.0,0.0,0.0,8.0
2018-03-28 22:05:00,1359.0,1359.0,1359.0,1359.0,0.0,0.0,8.0
2018-03-28 22:10:00,1359.0,1359.0,1359.0,1359.0,0.0,0.0,8.0
2018-03-28 22:15:00,1359.0,1359.0,1359.0,1359.0,0.0,0.0,8.0
2018-03-28 22:20:00,1359.0,1359.0,1359.0,1359.0,0.0,0.0,8.0
2018-03-28 22:25:00,1359.0,1359.0,1359.0,1359.0,0.0,0.0,8.0
2018-03-28 22:30:00,1359.0,1359.0,1359.0,1359.0,0.0,0.0,8.0
2018-03-28 22:35:00,1359.0,1359.0,1359.0,1359.0,0.0,0.0,8.0
2018-03-28 22:40:00,1359.0,1359.0,1359.0,1359.0,0.0,0.0,8.0
2018-03-28 22:45:00,1359.0,1359.0,1359.0,1359.0,0.0,0.0,8.0
2018-03-28 22:50:00,1359.0,1359.0,1359.0,1359.0,0.0,0.0,8.0
2018-03-28 22:55:00,1359.0,1359.0,1359.0,1359.0,0.0,0.0,8.0
2018-03-28 23:00:00,1359.0,1359.0,1359.0,1359.0,0.0,0.0,8.0
2018-03-28 23:05:00,1359.0,1359.0,1359.0,1359.0,0.0,0.0,8.0
2018-03-28 23:10:00,1359.0,1359.0,1359.0,1359.0,0.0,0.0,8.0
2018-03-28 23:15:00,1359.0,1359.0,1359.0,1359.0,0.0,0.0,8.0
2018-03-28 23:20:00,1359.0,1359.0,1359.0,1359.0,0.0,0.0,8.0
2018-03-28 23:25:00,1359.0,1359.0,1359.0,1359.0,0.0,0.0,8.0
2018-03-29 09:00:00,1359.0,1359.0,1359.0,1359.0,0.0,0.0,8.0
2018-03-29 09:05:00,1359.0,1359.0,1359.0,1359.0,0.0,0.0,8.0
2018-03-29 09:10:00,1359.0,1359.0,1359.0,1359.0,0.0,0.0,8.0
2018-03-29 09:15:00,1359.0,1359.0,1359.0,1359.0,0.0,0.0,8.0
2018-03-29 09:20:00,1359.0,1359.0,1359.0,1359.0,0.0,0.0,8.0
2018-03-29 09:25:00,1359.0,1359.0,1359.0,1359.0,0.0,0.0,8.0
2018-03-29 09:30:00,1359.0,1359.0,1359.0,1359.0,0.0,0.0,8.0
2018-03-29 09:35:00,1359.0,1359.0,1359.0,1359.0,0.0,0.0,8.0
2018-03-29 09:40:00,1359.0,1359.0,1359.0,1359.0,0.0,0.0,8.0
2018-03-29 09:45:00,1359.0,1359.0,1359.0,1359.0,0.0,0.0,8.0
2018-03-29 09:50:00,1359.0,1359.0,1359.0,1359.0,0.0,0.0,8.0
2018-03-29 09:55:00,1359.0,1359.0,1359.0,1359.0,0.0,0.0,8.0
2018-03-29 10:00:00,1359.0,1359.0,1359.0,1359.0,0.0,0.0,8.0
2018-03-29 10:05:00,1359.0,1359.0,1359.0,1359.0,0.0,0.0,8.0
2018-03-29 10:10:00,1359.0,1359.0,1359.0,1359.0,0.0,0.0,8.0
2018-03-29 10:30:00,1359.0,1359.0,1359.0,1359.0,0.0,0.0,8.0
2018-03-29 10:35:00,1359.0,1359.0,1359.0,1359.0,0.0,0.0,8.0
2018-03-29 10:40:00,1359.0,1359.0,1359.0,1359.0,0.0,0.0,8.0
2018-03-29 10:45:00,1359.0,1359.0,1359.0,1359.0,0.0,0.0,8.0
2018-03-29 10:50:00,1359.0,1359.0,1359.0,1359.0,0.0,0.0,8.0
2018-03-29 10:55:00,1359.0,1359.0,1359.0,1359.0,0.0,0.0,8.0
2018-03-29 11:00:00,1359.0,1359.0,1359.0,1359.0,0.0,0.0,8.0
2018-03-29 11:05:00,1359.0,1359.0,1359.0,1359.0,0.0,0.0,8.0
2018-03-29 11:10:00,1359.0,1359.0,1359.0,1359.0,0.0,0.0,8.0
2018-03-29 11:15:00,1359.0,1359.0,1359.0,1359.0,0.0,0.0,8.0
2018-03-29 11:20:00,1359.0,1359.0,1359.0,1359.0,0.0,0.0,8.0
2018-03-29 11:25:00,1359.0,1359.0,1359.0,1359.0,0.0,0.0,8.0
2018-03-29 13:30:00,1359.0,1359.0,1359.0,1359.0,0.0,0.0,8.0
2018-03-29 13:35:00,1359.0,1359.0,1359.0,1359.0,0.0,0.0,8.0
2018-03-29 13:40:00,1359.0,1359.0,1359.0,1359.0,0.0,0.0,8.0
2018-03-29 13:45:00,1359.0,1359.0,1359.0,1359.0,0.0,0.0,8.0
2018-03-29 13:50:00,1359.0,1359.0,1359.0,1359.0,0.0,0.0,8.0
2018-03-29 13:55:00,1359.0,1359.0,1359.0,1359.0,0.0,0.0,8.0
2018-03-29 14:00:00,1359.0,1359.0,1359.0,1359.0,0.0,0.0,8.0
2018-03-29 14:05:00,1359.0,1359.0,1359.0,1359.0,0.0,0.0,8.0
2018-03-29 14:10:00,1359.0,1359.0,1359.0,1359.0,0.0,0.0,8.0
2018-03-29 14:15:00,1359.0,1359.0,1359.0,1359.0,0.0,0.0,8.0
2018-03-29 14:20:00,1359.0,1359.0,1359.0,1359.0,0.0,0.0,8.0
2018-03-29 14:25:00,1359.0,1359.0,1359.0,1359.0,0.0,0.0,8.0
2018-03-29 14:30:00,1359.0,1359.0,1359.0,1359.0,0.0,0.0,8.0
2018-03-29 14:35:00,1359.0,1359.0,1359.0,1359.0,0.0,0.0,8.0
2018-03-29 14:40:00,1359.0,1359.0,1359.0,1359.0,0.0,0.0,8.0
2018-03-29 14:45:00,1359.0,1359.0,1359.0,1359.0,0.0,0.0,8.0
2018-03-29 14:50:00,1359.0,1359.0,1359.0,1359.0,0.0,0.0,8.0
2018-03-29 14:55:00,1359.0,1359.0,1359.0,1359.0,0.0,0.0,8.0
2018-03-29 21:00:00,1366.0,1366.0,1366.0,1366.0,0.0,0.0,8.0
2018-03-29 21:05:00,1366.0,1366.0,1366.0,1366.0,0.0,0.0,8.0
2018-03-29 21:10:00,1366.0,1366.0,1366.0,1366.0,0.0,0.0,8.0
2018-03-29 21:15:00,1366.0,1366.0,1366.0,1366.0,0.0,0.0,8.0
2018-03-29 21:20:00,1366.0,1366.0,1366.0,1366.0,0.0,0.0,8.0
2018-03-29 21:25:00,1366.0,1366.0,1366.0,1366.0,0.0,0.0,8.0
2018-03-29 21:30:00,1366.0,1366.0,1366.0,1366.0,0.0,0.0,8.0
2018-03-29 21:35:00,1366.0,1366.0,1366.0,1366.0,0.0,0.0,8.0
2018-03-29 21:40:00,1366.0,1366.0,1366.0,1366.0,0.0,0.0,8.0
2018-03-29 21:45:00,1366.0,1366.0,1366.0,1366.0,0.0,0.0,8.0
2018-03-29 21:50:00,1366.0,1366.0,1366.0,1366.0,0.0,0.0,8.0
2018-03-29 21:55:00,1366.0,1366.0,1366.0,1366.0,0.0,0.0,8.0
2018-03-29 22:00:00,1366.0,1366.0,1366.0,1366.0,0.0,0.0,8.0
2018-03-29 22:05:00,1366.0,1366.0,1366.0,1366.0,0.0,0.0,8.0
2018-03-29 22:10:00,1366.0,1366.0,1366.0,1366.0,0.0,0.0,8.0
2018-03-29 22:15:00,1366.0,1366.0,1366.0,1366.0,0.0,0.0,8.0
2018-03-29 22:20:00,1366.0,1366.0,1366.0,1366.0,0.0,0.0,8.0
2018-03-29 22:25:00,1366.0,1366.0,1366.0,1366.0,0.0,0.0,8.0
2018-03-29 22:30:00,1366.0,1366.0,1366.0,1366.0,0.0,0.0,8.0
2018-03-29 22:35:00,1366.0,1366.0,1366.0,1366.0,0.0,0.0,8.0
2018-03-29 22:40:00,1366.0,1366.0,1366.0,1366.0,0.0,0.0,8.0
2018-03-29 22:45:00,1366.0,1366.0,1366.0,1366.0,0.0,0.0,8.0
2018-03-29 22:50:00,1366.0,1366.0,1366.0,1366.0,0.0,0.0,8.0
2018-03-29 22:55:00,1366.0,1366.0,1366.0,1366.0,0.0,0.0,8.0
2018-03-29 23:00:00,1366.0,1366.0,1366.0,1366.0,0.0,0.0,8.0
2018-03-29 23:05:00,1366.0,1366.0,1366.0,1366.0,0.0,0.0,8.0
2018-03-29 23:10:00,1366.0,1366.0,1366.0,1366.0,0.0,0.0,8.0
2018-03-29 23:15:00,1366.0,1366.0,1366.0,1366.0,0.0,0.0,8.0
2018-03-29 23:20:00,1366.0,1366.0,1366.0,1366.0,0.0,0.0,8.0
2018-03-29 23:25:00,1366.0,1366.0,1366.0,1366.0,0.0,0.0,8.0
2018-03-30 09:00:00,1366.0,1366.0,1366.0,1366.0,0.0,0.0,8.0
2018-03-30 09:05:00,1366.0,1366.0,1366.0,1366.0,0.0,0.0,8.0
2018-03-30 09:10:00,1366.0,1366.0,1366.0,1366.0,0.0,0.0,8.0
2018-03-30 09:15:00,1366.0,1366.0,1366.0,1366.0,0.0,0.0,8.0
2018-03-30 09:20:00,1366.0,1366.0,1366.0,1366.0,0.0,0.0,8.0
2018-03-30 09:25:00,1366.0,1366.0,1366.0,1366.0,0.0,0.0,8.0
2018-03-30 09:30:00,1366.0,1366.0,1366.0,1366.0,0.0,0.0,8.0
2018-03-30 09:35:00,1366.0,1366.0,1366.0,1366.0,0.0,0.0,8.0
2018-03-30 09:40:00,1366.0,1366.0,1366.0,1366.0,0.0,0.0,8.0
2018-03-30 09:45:00,1366.0,1366.0,1366.0,1366.0,0.0,0.0,8.0
2018-03-30 09:50:00,1366.0,1366.0,1366.0,1366.0,0.0,0.0,8.0
2018-03-30 09:55:00,1366.0,1366.0,1366.0,1366.0,0.0,0.0,8.0
2018-03-30 10:00:00,1366.0,1366.0,1366.0,1366.0,0.0,0.0,8.0
2018-03-30 10:05:00,1366.0,1366.0,1366.0,1366.0,0.0,0.0,8.0
2018-03-30 10:10:00,1366.0,1366.0,1366.0,1366.0,0.0,0.0,8.0
2018-03-30 10:30:00,1366.0,1366.0,1366.0,1366.0,0.0,0.0,8.0
2018-03-30 10:35:00,1366.0,1366.0,1366.0,1366.0,0.0,0.0,8.0
2018-03-30 10:40:00,1366.0,1366.0,1366.0,1366.0,0.0,0.0,8.0
2018-03-30 10:45:00,1366.0,1366.0,1366.0,1366.0,0.0,0.0,8.0
2018-03-30 10:50:00,1366.0,1366.0,1366.0,1366.0,0.0,0.0,8.0
2018-03-30 10:55:00,1366.0,1366.0,1366.0,1366.0,0.0,0.0,8.0
2018-03-30 11:00:00,1366.0,1366.0,1366.0,1366.0,0.0,0.0,8.0
2018-03-30 11:05:00,1366.0,1366.0,1366.0,1366.0,0.0,0.0,8.0
2018-03-30 11:10:00,1366.0,1366.0,1366.0,1366.0,0.0,0.0,8.0
2018-03-30 11:15:00,1366.0,1366.0,1366.0,1366.0,0.0,0.0,8.0
2018-03-30 11:20:00,1366.0,1366.0,1366.0,1366.0,0.0,0.0,8.0
2018-03-30 11:25:00,1366.0,1366.0,1366.0,1366.0,0.0,0.0,8.0
2018-03-30 13:30:00,1366.0,1366.0,1366.0,1366.0,0.0,0.0,8.0
2018-03-30 13:35:00,1366.0,1366.0,1366.0,1366.0,0.0,0.0,8.0
2018-03-30 13:40:00,1366.0,1366.0,1366.0,1366.0,0.0,0.0,8.0
2018-03-30 13:45:00,1366.0,1366.0,1366.0,1366.0,0.0,0.0,8.0
2018-03-30 13:50:00,1366.0,1366.0,1366.0,1366.0,0.0,0.0,8.0
2018-03-30 13:55:00,1366.0,1366.0,1366.0,1366.0,0.0,0.0,8.0
2018-03-30 14:00:00,1366.0,1366.0,1366.0,1366.0,0.0,0.0,8.0
2018-03-30 14:05:00,1366.0,1366.0,1366.0,1366.0,0.0,0.0,8.0
2018-03-30 14:10:00,1366.0,1366.0,1366.0,1366.0,0.0,0.0,8.0
2018-03-30 14:15:00,1366.0,1366.0,1366.0,1366.0,0.0,0.0,8.0
2018-03-30 14:20:00,1366.0,1366.0,1366.0,1366.0,0.0,0.0,8.0
2018-03-30 14:25:00,1366.0,1366.0,1366.0,1366.0,0.0,0.0,8.0
2018-03-30 14:30:00,1366.0,1366.0,1366.0,1366.0,0.0,0.0,8.0
2018-03-30 14:35:00,1366.0,1366.0,1366.0,1366.0,0.0,0.0,8.0
2018-03-30 14:40:00,1366.0,1366.0,1366.0,1366.0,0.0,0.0,8.0
2018-03-30 14:45:00,1366.0,1366.0,1366.0,1366.0,0.0,0.0,8.0
2018-03-30 14:50:00,1366.0,1366.0,1366.0,1366.0,0.0,0.0,8.0
2018-03-30 14:55:00,1366.0,1366.0,1366.0,1366.0,0.0,0.0,8.0
2018-03-30 21:00:00,1393.0,1393.0,1393.0,1393.0,0.0,0.0,8.0
2018-03-30 21:05:00,1393.0,1393.0,1393.0,1393.0,0.0,0.0,8.0
2018-03-30 21:10:00,1393.0,1393.0,1393.0,1393.0,2.0,55720.0,8.0
2018-03-30 21:15:00,1393.0,1393.0,1393.0,1393.0,0.0,0.0,8.0
2018-03-30 21:20:00,1393.0,1393.0,1393.0,1393.0,0.0,0.0,8.0
2018-03-30 21:25:00,1393.0,1393.0,1393.0,1393.0,0.0,0.0,8.0
2018-03-30 21:30:00,1393.0,1393.0,1393.0,1393.0,0.0,0.0,8.0
2018-03-30 21:35:00,1393.0,1393.0,1393.0,1393.0,0.0,0.0,8.0
2018-03-30 21:40:00,1393.0,1393.0,1393.0,1393.0,0.0,0.0,8.0
2018-03-30 21:45:00,1393.0,1393.0,1393.0,1393.0,0.0,0.0,8.0
2018-03-30 21:50:00,1393.0,1393.0,1393.0,1393.0,0.0,0.0,8.0
2018-03-30 21:55:00,1393.0,1393.0,1393.0,1393.0,0.0,0.0,8.0
2018-03-30 22:00:00,1393.0,1393.0,1393.0,1393.0,0.0,0.0,8.0
2018-03-30 22:05:00,1393.0,1393.0,1393.0,1393.0,0.0,0.0,8.0
2018-03-30 22:10:00,1393.0,1393.0,1393.0,1393.0,0.0,0.0,8.0
2018-03-30 22:15:00,1393.0,1393.0,1393.0,1393.0,0.0,0.0,8.0
2018-03-30 22:20:00,1393.0,1393.0,1393.0,1393.0,0.0,0.0,8.0
2018-03-30 22:25:00,1393.0,1393.0,1393.0,1393.0,0.0,0.0,8.0
2018-03-30 22:30:00,1393.0,1393.0,1393.0,1393.0,0.0,0.0,8.0
2018-03-30 22:35:00,1393.0,1393.0,1393.0,1393.0,0.0,0.0,8.0
2018-03-30 22:40:00,1393.0,1393.0,1393.0,1393.0,0.0,0.0,8.0
2018-03-30 22:45:00,1393.0,1393.0,1393.0,1393.0,0.0,0.0,8.0
2018-03-30 22:50:00,1393.0,1393.0,1393.0,1393.0,0.0,0.0,8.0
2018-03-30 22:55:00,1393.0,1393.0,1393.0,1393.0,0.0,0.0,8.0
2018-03-30 23:00:00,1393.0,1393.0,1393.0,1393.0,0.0,0.0,8.0
2018-03-30 23:05:00,1393.0,1393.0,1393.0,1393.0,0.0,0.0,8.0
2018-03-30 23:10:00,1393.0,1393.0,1393.0,1393.0,0.0,0.0,8.0
2018-03-30 23:15:00,1393.0,1393.0,1393.0,1393.0,0.0,0.0,8.0
2018-03-30 23:20:00,1393.0,1393.0,1393.0,1393.0,0.0,0.0,8.0
2018-03-30 23:25:00,1393.0,1393.0,1393.0,1393.0,0.0,0.0,8.0
2018-04-02 09:00:00,1393.0,1393.0,1393.0,1393.0,0.0,0.0,8.0
2018-04-02 09:05:00,1393.0,1393.0,1393.0,1393.0,0.0,0.0,8.0
2018-04-02 09:10:00,1393.0,1393.0,1393.0,1393.0,0.0,0.0,8.0
2018-04-02 09:15:00,1393.0,1393.0,1393.0,1393.0,0.0,0.0,8.0
2018-04-02 09:20:00,1393.0,1393.0,1393.0,1393.0,0.0,0.0,8.0
2018-04-02 09:25:00,1393.0,1393.0,1393.0,1393.0,0.0,0.0,8.0
2018-04-02 09:30:00,1393.0,1393.0,1393.0,1393.0,0.0,0.0,8.0
2018-04-02 09:35:00,1393.0,1393.0,1393.0,1393.0,0.0,0.0,8.0
2018-04-02 09:40:00,1393.0,1393.0,1393.0,1393.0,0.0,0.0,8.0
2018-04-02 09:45:00,1393.0,1393.0,1393.0,1393.0,0.0,0.0,8.0
2018-04-02 09:50:00,1393.0,1393.0,1374.0,1374.0,2.0,55000.0,8.0
2018-04-02 09:55:00,1374.0,1374.0,1374.0,1374.0,0.0,0.0,8.0
2018-04-02 10:00:00,1374.0,1374.0,1374.0,1374.0,0.0,0.0,8.0
2018-04-02 10:05:00,1374.0,1374.0,1374.0,1374.0,0.0,0.0,8.0
2018-04-02 10:10:00,1374.0,1374.0,1374.0,1374.0,0.0,0.0,8.0
2018-04-02 10:30:00,1374.0,1374.0,1374.0,1374.0,0.0,0.0,8.0
2018-04-02 10:35:00,1374.0,1374.0,1374.0,1374.0,0.0,0.0,8.0
2018-04-02 10:40:00,1374.0,1374.0,1374.0,1374.0,0.0,0.0,8.0
2018-04-02 10:45:00,1374.0,1374.0,1374.0,1374.0,0.0,0.0,8.0
2018-04-02 10:50:00,1374.0,1374.0,1374.0,1374.0,0.0,0.0,8.0
2018-04-02 10:55:00,1374.0,1374.0,1374.0,1374.0,0.0,0.0,8.0
2018-04-02 11:00:00,1374.0,1374.0,1374.0,1374.0,0.0,0.0,8.0
2018-04-02 11:05:00,1374.0,1374.0,1374.0,1374.0,0.0,0.0,8.0
2018-04-02 11:10:00,1374.0,1374.0,1374.0,1374.0,0.0,0.0,8.0
2018-04-02 11:15:00,1374.0,1374.0,1374.0,1374.0,0.0,0.0,8.0
2018-04-02 11:20:00,1374.0,1374.0,1374.0,1374.0,0.0,0.0,8.0
2018-04-02 11:25:00,1374.0,1374.0,1374.0,1374.0,0.0,0.0,8.0
2018-04-02 13:30:00,1374.0,1374.0,1374.0,1374.0,0.0,0.0,8.0
2018-04-02 13:35:00,1374.0,1374.0,1374.0,1374.0,0.0,0.0,8.0
2018-04-02 13:40:00,1374.0,1374.0,1374.0,1374.0,0.0,0.0,8.0
2018-04-02 13:45:00,1374.0,1374.0,1374.0,1374.0,0.0,0.0,8.0
2018-04-02 13:50:00,1374.0,1374.0,1374.0,1374.0,0.0,0.0,8.0
2018-04-02 13:55:00,1374.0,1374.0,1372.0,1373.0,4.0,109760.0,12.0
2018-04-02 14:00:00,1373.0,1373.0,1373.0,1373.0,0.0,0.0,12.0
2018-04-02 14:05:00,1373.0,1373.0,1373.0,1373.0,0.0,0.0,12.0
2018-04-02 14:10:00,1373.0,1373.0,1368.0,1368.0,2.0,54720.0,14.0
2018-04-02 14:15:00,1368.0,1368.0,1368.0,1368.0,0.0,0.0,14.0
2018-04-02 14:20:00,1368.0,1368.0,1368.0,1368.0,0.0,0.0,14.0
2018-04-02 14:25:00,1368.0,1368.0,1368.0,1368.0,0.0,0.0,14.0
2018-04-02 14:30:00,1368.0,1368.0,1368.0,1368.0,0.0,0.0,14.0
2018-04-02 14:35:00,1368.0,1368.0,1368.0,1368.0,0.0,0.0,14.0
2018-04-02 14:40:00,1368.0,1368.0,1368.0,1368.0,0.0,0.0,14.0
2018-04-02 14:45:00,1368.0,1368.0,1368.0,1368.0,0.0,0.0,14.0
2018-04-02 14:50:00,1368.0,1368.0,1368.0,1368.0,0.0,0.0,14.0
2018-04-02 14:55:00,1368.0,1368.0,1368.0,1368.0,0.0,0.0,14.0
2018-04-02 21:00:00,1378.0,1378.0,1378.0,1378.0,2.0,55120.0,16.0
2018-04-02 21:05:00,1378.0,1378.0,1378.0,1378.0,0.0,0.0,16.0
2018-04-02 21:10:00,1378.0,1378.0,1378.0,1378.0,0.0,0.0,16.0
2018-04-02 21:15:00,1378.0,1378.0,1378.0,1378.0,0.0,0.0,16.0
2018-04-02 21:20:00,1378.0,1378.0,1378.0,1378.0,0.0,0.0,16.0
2018-04-02 21:25:00,1378.0,1378.0,1378.0,1378.0,0.0,0.0,16.0
2018-04-02 21:30:00,1378.0,1378.0,1378.0,1378.0,0.0,0.0,16.0
2018-04-02 21:35:00,1378.0,1378.0,1378.0,1378.0,0.0,0.0,16.0
2018-04-02 21:40:00,1378.0,1378.0,1378.0,1378.0,0.0,0.0,16.0
2018-04-02 21:45:00,1378.0,1378.0,1378.0,1378.0,0.0,0.0,16.0
2018-04-02 21:50:00,1378.0,1378.0,1378.0,1378.0,0.0,0.0,16.0
2018-04-02 21:55:00,1378.0,1378.0,1378.0,1378.0,0.0,0.0,16.0
2018-04-02 22:00:00,1378.0,1378.0,1378.0,1378.0,0.0,0.0,16.0
2018-04-02 22:05:00,1378.0,1378.0,1378.0,1378.0,0.0,0.0,16.0
2018-04-02 22:10:00,1378.0,1378.0,1378.0,1378.0,0.0,0.0,16.0
2018-04-02 22:15:00,1378.0,1378.0,1378.0,1378.0,0.0,0.0,16.0
2018-04-02 22:20:00,1378.0,1378.0,1378.0,1378.0,0.0,0.0,16.0
2018-04-02 22:25:00,1378.0,1378.0,1378.0,1378.0,0.0,0.0,16.0
2018-04-02 22:30:00,1378.0,1378.0,1378.0,1378.0,0.0,0.0,16.0
2018-04-02 22:35:00,1378.0,1378.0,1378.0,1378.0,0.0,0.0,16.0
2018-04-02 22:40:00,1378.0,1378.0,1378.0,1378.0,0.0,0.0,16.0
2018-04-02 22:45:00,1378.0,1378.0,1378.0,1378.0,0.0,0.0,16.0
2018-04-02 22:50:00,1378.0,1378.0,1378.0,1378.0,0.0,0.0,16.0
2018-04-02 22:55:00,1378.0,1378.0,1378.0,1378.0,0.0,0.0,16.0
2018-04-02 23:00:00,1380.0,1381.0,1380.0,1381.0,4.0,110480.0,18.0
2018-04-02 23:05:00,1381.0,1381.0,1381.0,1381.0,0.0,0.0,18.0
2018-04-02 23:10:00,1381.0,1381.0,1381.0,1381.0,0.0,0.0,18.0
2018-04-02 23:15:00,1381.0,1381.0,1381.0,1381.0,0.0,0.0,18.0
2018-04-02 23:20:00,1381.0,1381.0,1381.0,1381.0,0.0,0.0,18.0
2018-04-02 23:25:00,1381.0,1381.0,1381.0,1381.0,0.0,0.0,18.0
2018-04-03 09:00:00,1381.0,1381.0,1381.0,1381.0,0.0,0.0,18.0
2018-04-03 09:05:00,1381.0,1381.0,1381.0,1381.0,0.0,0.0,18.0
2018-04-03 09:10:00,1381.0,1381.0,1381.0,1381.0,0.0,0.0,18.0
2018-04-03 09:15:00,1381.0,1381.0,1381.0,1381.0,0.0,0.0,18.0
2018-04-03 09:20:00,1381.0,1381.0,1381.0,1381.0,0.0,0.0,18.0
2018-04-03 09:25:00,1381.0,1381.0,1381.0,1381.0,0.0,0.0,18.0
2018-04-03 09:30:00,1381.0,1381.0,1381.0,1381.0,0.0,0.0,18.0
2018-04-03 09:35:00,1381.0,1381.0,1381.0,1381.0,0.0,0.0,18.0
2018-04-03 09:40:00,1381.0,1381.0,1381.0,1381.0,0.0,0.0,18.0
2018-04-03 09:45:00,1381.0,1381.0,1363.0,1369.0,8.0,218560.0,24.0
2018-04-03 09:50:00,1369.0,1374.0,1369.0,1374.0,4.0,109760.0,28.0
2018-04-03 09:55:00,1374.0,1374.0,1374.0,1374.0,0.0,0.0,28.0
2018-04-03 10:00:00,1374.0,1374.0,1374.0,1374.0,0.0,0.0,28.0
2018-04-03 10:05:00,1374.0,1374.0,1374.0,1374.0,0.0,0.0,28.0
2018-04-03 10:10:00,1374.0,1374.0,1374.0,1374.0,0.0,0.0,28.0
2018-04-03 10:30:00,1374.0,1374.0,1374.0,1374.0,0.0,0.0,28.0
2018-04-03 10:35:00,1363.0,1363.0,1363.0,1363.0,2.0,54480.0,26.0
2018-04-03 10:40:00,1363.0,1363.0,1363.0,1363.0,0.0,0.0,26.0
2018-04-03 10:45:00,1363.0,1363.0,1363.0,1363.0,0.0,0.0,26.0
2018-04-03 10:50:00,1363.0,1363.0,1363.0,1363.0,0.0,0.0,26.0
2018-04-03 10:55:00,1363.0,1363.0,1363.0,1363.0,0.0,0.0,26.0
2018-04-03 11:00:00,1363.0,1363.0,1363.0,1363.0,0.0,0.0,26.0
2018-04-03 11:05:00,1363.0,1363.0,1363.0,1363.0,0.0,0.0,26.0
2018-04-03 11:10:00,1363.0,1363.0,1363.0,1363.0,0.0,0.0,26.0
2018-04-03 11:15:00,1363.0,1363.0,1363.0,1363.0,0.0,0.0,26.0
2018-04-03 11:20:00,1363.0,1363.0,1363.0,1363.0,0.0,0.0,26.0
2018-04-03 11:25:00,1363.0,1363.0,1363.0,1363.0,0.0,0.0,26.0
2018-04-03 13:30:00,1363.0,1363.0,1363.0,1363.0,0.0,0.0,26.0
2018-04-03 13:35:00,1363.0,1363.0,1363.0,1363.0,0.0,0.0,26.0
2018-04-03 13:40:00,1363.0,1363.0,1363.0,1363.0,0.0,0.0,26.0
2018-04-03 13:45:00,1363.0,1363.0,1363.0,1363.0,0.0,0.0,26.0
2018-04-03 13:50:00,1363.0,1363.0,1363.0,1363.0,0.0,0.0,26.0
2018-04-03 13:55:00,1363.0,1363.0,1363.0,1363.0,0.0,0.0,26.0
2018-04-03 14:00:00,1363.0,1363.0,1363.0,1363.0,0.0,0.0,26.0
2018-04-03 14:05:00,1363.0,1363.0,1363.0,1363.0,0.0,0.0,26.0
2018-04-03 14:10:00,1363.0,1363.0,1363.0,1363.0,0.0,0.0,26.0
2018-04-03 14:15:00,1363.0,1363.0,1363.0,1363.0,0.0,0.0,26.0
2018-04-03 14:20:00,1363.0,1363.0,1363.0,1363.0,0.0,0.0,26.0
2018-04-03 14:25:00,1363.0,1363.0,1363.0,1363.0,0.0,0.0,26.0
2018-04-03 14:30:00,1363.0,1363.0,1363.0,1363.0,0.0,0.0,26.0
2018-04-03 14:35:00,1363.0,1363.0,1363.0,1363.0,0.0,0.0,26.0
2018-04-03 14:40:00,1363.0,1363.0,1363.0,1363.0,0.0,0.0,26.0
2018-04-03 14:45:00,1363.0,1363.0,1363.0,1363.0,0.0,0.0,26.0
2018-04-03 14:50:00,1363.0,1363.0,1363.0,1363.0,0.0,0.0,26.0
2018-04-03 14:55:00,1363.0,1363.0,1363.0,1363.0,0.0,0.0,26.0
2018-04-03 21:00:00,1371.0,1371.0,1371.0,1371.0,0.0,0.0,26.0
2018-04-03 21:05:00,1371.0,1371.0,1371.0,1371.0,0.0,0.0,26.0
2018-04-03 21:10:00,1371.0,1371.0,1371.0,1371.0,0.0,0.0,26.0
2018-04-03 21:15:00,1371.0,1371.0,1371.0,1371.0,0.0,0.0,26.0
2018-04-03 21:20:00,1371.0,1371.0,1371.0,1371.0,0.0,0.0,26.0
2018-04-03 21:25:00,1371.0,1371.0,1371.0,1371.0,0.0,0.0,26.0
2018-04-03 21:30:00,1371.0,1371.0,1371.0,1371.0,0.0,0.0,26.0
2018-04-03 21:35:00,1371.0,1371.0,1371.0,1371.0,0.0,0.0,26.0
2018-04-03 21:40:00,1371.0,1371.0,1371.0,1371.0,0.0,0.0,26.0
2018-04-03 21:45:00,1371.0,1371.0,1371.0,1371.0,0.0,0.0,26.0
2018-04-03 21:50:00,1371.0,1371.0,1371.0,1371.0,0.0,0.0,26.0
2018-04-03 21:55:00,1371.0,1371.0,1371.0,1371.0,0.0,0.0,26.0
2018-04-03 22:00:00,1371.0,1371.0,1371.0,1371.0,0.0,0.0,26.0
2018-04-03 22:05:00,1371.0,1371.0,1371.0,1371.0,0.0,0.0,26.0
2018-04-03 22:10:00,1371.0,1371.0,1371.0,1371.0,0.0,0.0,26.0
2018-04-03 22:15:00,1371.0,1371.0,1371.0,1371.0,0.0,0.0,26.0
2018-04-03 22:20:00,1371.0,1371.0,1371.0,1371.0,0.0,0.0,26.0
2018-04-03 22:25:00,1371.0,1371.0,1371.0,1371.0,0.0,0.0,26.0
2018-04-03 22:30:00,1371.0,1371.0,1371.0,1371.0,0.0,0.0,26.0
2018-04-03 22:35:00,1371.0,1371.0,1371.0,1371.0,0.0,0.0,26.0
2018-04-03 22:40:00,1371.0,1371.0,1371.0,1371.0,0.0,0.0,26.0
2018-04-03 22:45:00,1371.0,1371.0,1371.0,1371.0,0.0,0.0,26.0
2018-04-03 22:50:00,1371.0,1371.0,1371.0,1371.0,0.0,0.0,26.0
2018-04-03 22:55:00,1371.0,1371.0,1371.0,1371.0,0.0,0.0,26.0
2018-04-03 23:00:00,1371.0,1371.0,1371.0,1371.0,0.0,0.0,26.0
2018-04-03 23:05:00,1371.0,1371.0,1371.0,1371.0,0.0,0.0,26.0
2018-04-03 23:10:00,1371.0,1371.0,1371.0,1371.0,0.0,0.0,26.0
2018-04-03 23:15:00,1371.0,1371.0,1371.0,1371.0,0.0,0.0,26.0
2018-04-03 23:20:00,1371.0,1371.0,1371.0,1371.0,0.0,0.0,26.0
2018-04-03 23:25:00,1371.0,1371.0,1371.0,1371.0,0.0,0.0,26.0
2018-04-04 09:00:00,1371.0,1371.0,1371.0,1371.0,0.0,0.0,26.0
2018-04-04 09:05:00,1371.0,1371.0,1371.0,1371.0,0.0,0.0,26.0
2018-04-04 09:10:00,1371.0,1371.0,1371.0,1371.0,0.0,0.0,26.0
2018-04-04 09:15:00,1371.0,1371.0,1371.0,1371.0,0.0,0.0,26.0
2018-04-04 09:20:00,1371.0,1371.0,1371.0,1371.0,0.0,0.0,26.0
2018-04-04 09:25:00,1371.0,1371.0,1371.0,1371.0,0.0,0.0,26.0
2018-04-04 09:30:00,1371.0,1371.0,1371.0,1371.0,0.0,0.0,26.0
2018-04-04 09:35:00,1371.0,1371.0,1371.0,1371.0,0.0,0.0,26.0
2018-04-04 09:40:00,1371.0,1371.0,1371.0,1371.0,0.0,0.0,26.0
2018-04-04 09:45:00,1371.0,1371.0,1371.0,1371.0,0.0,0.0,26.0
2018-04-04 09:50:00,1371.0,1371.0,1371.0,1371.0,0.0,0.0,26.0
2018-04-04 09:55:00,1371.0,1371.0,1371.0,1371.0,0.0,0.0,26.0
2018-04-04 10:00:00,1371.0,1371.0,1371.0,1371.0,0.0,0.0,26.0
2018-04-04 10:05:00,1371.0,1371.0,1371.0,1371.0,0.0,0.0,26.0
2018-04-04 10:10:00,1371.0,1371.0,1371.0,1371.0,0.0,0.0,26.0
2018-04-04 10:30:00,1371.0,1371.0,1371.0,1371.0,0.0,0.0,26.0
2018-04-04 10:35:00,1371.0,1371.0,1371.0,1371.0,0.0,0.0,26.0
2018-04-04 10:40:00,1371.0,1371.0,1371.0,1371.0,0.0,0.0,26.0
2018-04-04 10:45:00,1371.0,1371.0,1371.0,1371.0,0.0,0.0,26.0
2018-04-04 10:50:00,1371.0,1371.0,1371.0,1371.0,0.0,0.0,26.0
2018-04-04 10:55:00,1371.0,1371.0,1371.0,1371.0,0.0,0.0,26.0
2018-04-04 11:00:00,1371.0,1371.0,1371.0,1371.0,0.0,0.0,26.0
2018-04-04 11:05:00,1371.0,1371.0,1371.0,1371.0,0.0,0.0,26.0
2018-04-04 11:10:00,1371.0,1371.0,1371.0,1371.0,0.0,0.0,26.0
2018-04-04 11:15:00,1371.0,1371.0,1371.0,1371.0,0.0,0.0,26.0
2018-04-04 11:20:00,1371.0,1371.0,1371.0,1371.0,0.0,0.0,26.0
2018-04-04 11:25:00,1371.0,1371.0,1371.0,1371.0,0.0,0.0,26.0
2018-04-04 13:30:00,1371.0,1371.0,1371.0,1371.0,0.0,0.0,26.0
2018-04-04 13:35:00,1371.0,1371.0,1371.0,1371.0,0.0,0.0,26.0
2018-04-04 13:40:00,1371.0,1371.0,1371.0,1371.0,0.0,0.0,26.0
2018-04-04 13:45:00,1371.0,1371.0,1371.0,1371.0,0.0,0.0,26.0
2018-04-04 13:50:00,1371.0,1371.0,1371.0,1371.0,0.0,0.0,26.0
2018-04-04 13:55:00,1371.0,1371.0,1371.0,1371.0,0.0,0.0,26.0
2018-04-04 14:00:00,1371.0,1371.0,1371.0,1371.0,0.0,0.0,26.0
2018-04-04 14:05:00,1371.0,1371.0,1371.0,1371.0,0.0,0.0,26.0
2018-04-04 14:10:00,1371.0,1371.0,1371.0,1371.0,0.0,0.0,26.0
2018-04-04 14:15:00,1371.0,1371.0,1371.0,1371.0,0.0,0.0,26.0
2018-04-04 14:20:00,1371.0,1371.0,1371.0,1371.0,0.0,0.0,26.0
2018-04-04 14:25:00,1371.0,1371.0,1371.0,1371.0,0.0,0.0,26.0
2018-04-04 14:30:00,1371.0,1371.0,1371.0,1371.0,0.0,0.0,26.0
2018-04-04 14:35:00,1371.0,1371.0,1371.0,1371.0,0.0,0.0,26.0
2018-04-04 14:40:00,1371.0,1371.0,1371.0,1371.0,0.0,0.0,26.0
2018-04-04 14:45:00,1371.0,1371.0,1371.0,1371.0,0.0,0.0,26.0
2018-04-04 14:50:00,1371.0,1371.0,1371.0,1371.0,0.0,0.0,26.0
2018-04-04 14:55:00,1371.0,1371.0,1371.0,1371.0,0.0,0.0,26.0
2018-04-09 09:00:00,1371.0,1371.0,1371.0,1371.0,0.0,0.0,26.0
2018-04-09 09:05:00,1371.0,1371.0,1371.0,1371.0,0.0,0.0,26.0
2018-04-09 09:10:00,1371.0,1371.0,1371.0,1371.0,0.0,0.0,26.0
2018-04-09 09:15:00,1371.0,1371.0,1371.0,1371.0,0.0,0.0,26.0
2018-04-09 09:20:00,1371.0,1371.0,1371.0,1371.0,0.0,0.0,26.0
2018-04-09 09:25:00,1371.0,1371.0,1371.0,1371.0,0.0,0.0,26.0
2018-04-09 09:30:00,1371.0,1371.0,1371.0,1371.0,0.0,0.0,26.0
2018-04-09 09:35:00,1371.0,1371.0,1371.0,1371.0,0.0,0.0,26.0
2018-04-09 09:40:00,1371.0,1371.0,1371.0,1371.0,0.0,0.0,26.0
2018-04-09 09:45:00,1371.0,1371.0,1371.0,1371.0,0.0,0.0,26.0
2018-04-09 09:50:00,1371.0,1371.0,1371.0,1371.0,0.0,0.0,26.0
2018-04-09 09:55:00,1371.0,1371.0,1371.0,1371.0,0.0,0.0,26.0
2018-04-09 10:00:00,1371.0,1371.0,1371.0,1371.0,0.0,0.0,26.0
2018-04-09 10:05:00,1371.0,1371.0,1371.0,1371.0,0.0,0.0,26.0
2018-04-09 10:10:00,1371.0,1371.0,1371.0,1371.0,0.0,0.0,26.0
2018-04-09 10:30:00,1371.0,1371.0,1371.0,1371.0,0.0,0.0,26.0
2018-04-09 10:35:00,1371.0,1371.0,1371.0,1371.0,0.0,0.0,26.0
2018-04-09 10:40:00,1371.0,1371.0,1371.0,1371.0,0.0,0.0,26.0
2018-04-09 10:45:00,1371.0,1371.0,1371.0,1371.0,0.0,0.0,26.0
2018-04-09 10:50:00,1371.0,1371.0,1371.0,1371.0,0.0,0.0,26.0
2018-04-09 10:55:00,1371.0,1371.0,1371.0,1371.0,0.0,0.0,26.0
2018-04-09 11:00:00,1371.0,1371.0,1371.0,1371.0,0.0,0.0,26.0
2018-04-09 11:05:00,1371.0,1371.0,1371.0,1371.0,0.0,0.0,26.0
2018-04-09 11:10:00,1371.0,1371.0,1371.0,1371.0,0.0,0.0,26.0
2018-04-09 11:15:00,1371.0,1371.0,1371.0,1371.0,0.0,0.0,26.0
2018-04-09 11:20:00,1371.0,1371.0,1371.0,1371.0,0.0,0.0,26.0
2018-04-09 11:25:00,1371.0,1371.0,1371.0,1371.0,0.0,0.0,26.0
2018-04-09 13:30:00,1371.0,1371.0,1371.0,1371.0,0.0,0.0,26.0
2018-04-09 13:35:00,1371.0,1371.0,1371.0,1371.0,0.0,0.0,26.0
2018-04-09 13:40:00,1371.0,1371.0,1371.0,1371.0,0.0,0.0,26.0
2018-04-09 13:45:00,1371.0,1371.0,1371.0,1371.0,0.0,0.0,26.0
2018-04-09 13:50:00,1371.0,1371.0,1371.0,1371.0,0.0,0.0,26.0
2018-04-09 13:55:00,1371.0,1371.0,1371.0,1371.0,0.0,0.0,26.0
2018-04-09 14:00:00,1371.0,1371.0,1371.0,1371.0,0.0,0.0,26.0
2018-04-09 14:05:00,1371.0,1371.0,1371.0,1371.0,0.0,0.0,26.0
2018-04-09 14:10:00,1371.0,1371.0,1371.0,1371.0,0.0,0.0,26.0
2018-04-09 14:15:00,1371.0,1371.0,1371.0,1371.0,0.0,0.0,26.0
2018-04-09 14:20:00,1371.0,1371.0,1371.0,1371.0,0.0,0.0,26.0
2018-04-09 14:25:00,1371.0,1371.0,1371.0,1371.0,0.0,0.0,26.0
2018-04-09 14:30:00,1371.0,1371.0,1371.0,1371.0,0.0,0.0,26.0
2018-04-09 14:35:00,1371.0,1371.0,1371.0,1371.0,0.0,0.0,26.0
2018-04-09 14:40:00,1371.0,1371.0,1371.0,1371.0,0.0,0.0,26.0
2018-04-09 14:45:00,1371.0,1371.0,1371.0,1371.0,0.0,0.0,26.0
2018-04-09 14:50:00,1371.0,1371.0,1371.0,1371.0,0.0,0.0,26.0
2018-04-09 14:55:00,1371.0,1371.0,1371.0,1371.0,0.0,0.0,26.0
2018-04-09 21:00:00,1371.0,1371.0,1371.0,1371.0,0.0,0.0,26.0
2018-04-09 21:05:00,1371.0,1371.0,1371.0,1371.0,0.0,0.0,26.0
2018-04-09 21:10:00,1371.0,1371.0,1371.0,1371.0,0.0,0.0,26.0
2018-04-09 21:15:00,1371.0,1371.0,1371.0,1371.0,0.0,0.0,26.0
2018-04-09 21:20:00,1371.0,1371.0,1371.0,1371.0,0.0,0.0,26.0
2018-04-09 21:25:00,1371.0,1371.0,1371.0,1371.0,0.0,0.0,26.0
2018-04-09 21:30:00,1371.0,1371.0,1371.0,1371.0,0.0,0.0,26.0
2018-04-09 21:35:00,1371.0,1371.0,1371.0,1371.0,0.0,0.0,26.0
2018-04-09 21:40:00,1371.0,1371.0,1371.0,1371.0,0.0,0.0,26.0
2018-04-09 21:45:00,1371.0,1371.0,1371.0,1371.0,0.0,0.0,26.0
2018-04-09 21:50:00,1371.0,1371.0,1371.0,1371.0,0.0,0.0,26.0
2018-04-09 21:55:00,1371.0,1371.0,1371.0,1371.0,0.0,0.0,26.0
2018-04-09 22:00:00,1371.0,1371.0,1371.0,1371.0,0.0,0.0,26.0
2018-04-09 22:05:00,1371.0,1371.0,1371.0,1371.0,0.0,0.0,26.0
2018-04-09 22:10:00,1371.0,1371.0,1371.0,1371.0,0.0,0.0,26.0
2018-04-09 22:15:00,1371.0,1371.0,1371.0,1371.0,0.0,0.0,26.0
2018-04-09 22:20:00,1371.0,1371.0,1371.0,1371.0,0.0,0.0,26.0
2018-04-09 22:25:00,1371.0,1371.0,1371.0,1371.0,0.0,0.0,26.0
2018-04-09 22:30:00,1371.0,1371.0,1371.0,1371.0,0.0,0.0,26.0
2018-04-09 22:35:00,1371.0,1371.0,1371.0,1371.0,0.0,0.0,26.0
2018-04-09 22:40:00,1371.0,1371.0,1371.0,1371.0,0.0,0.0,26.0
2018-04-09 22:45:00,1371.0,1371.0,1371.0,1371.0,0.0,0.0,26.0
2018-04-09 22:50:00,1371.0,1371.0,1371.0,1371.0,0.0,0.0,26.0
2018-04-09 22:55:00,1371.0,1371.0,1371.0,1371.0,0.0,0.0,26.0
2018-04-09 23:00:00,1371.0,1371.0,1371.0,1371.0,0.0,0.0,26.0
2018-04-09 23:05:00,1371.0,1371.0,1371.0,1371.0,0.0,0.0,26.0
2018-04-09 23:10:00,1371.0,1371.0,1371.0,1371.0,0.0,0.0,26.0
2018-04-09 23:15:00,1371.0,1371.0,1371.0,1371.0,0.0,0.0,26.0
2018-04-09 23:20:00,1371.0,1371.0,1371.0,1371.0,0.0,0.0,26.0
2018-04-09 23:25:00,1371.0,1371.0,1371.0,1371.0,0.0,0.0,26.0
2018-04-10 09:00:00,1371.0,1371.0,1371.0,1371.0,0.0,0.0,26.0
2018-04-10 09:05:00,1371.0,1371.0,1371.0,1371.0,0.0,0.0,26.0
2018-04-10 09:10:00,1371.0,1371.0,1371.0,1371.0,0.0,0.0,26.0
2018-04-10 09:15:00,1371.0,1371.0,1371.0,1371.0,0.0,0.0,26.0
2018-04-10 09:20:00,1371.0,1371.0,1371.0,1371.0,0.0,0.0,26.0
2018-04-10 09:25:00,1371.0,1371.0,1371.0,1371.0,0.0,0.0,26.0
2018-04-10 09:30:00,1371.0,1371.0,1371.0,1371.0,0.0,0.0,26.0
2018-04-10 09:35:00,1371.0,1371.0,1371.0,1371.0,0.0,0.0,26.0
2018-04-10 09:40:00,1371.0,1371.0,1371.0,1371.0,0.0,0.0,26.0
2018-04-10 09:45:00,1371.0,1371.0,1371.0,1371.0,0.0,0.0,26.0
2018-04-10 09:50:00,1371.0,1371.0,1371.0,1371.0,0.0,0.0,26.0
2018-04-10 09:55:00,1371.0,1371.0,1371.0,1371.0,0.0,0.0,26.0
2018-04-10 10:00:00,1371.0,1371.0,1371.0,1371.0,0.0,0.0,26.0
2018-04-10 10:05:00,1371.0,1371.0,1371.0,1371.0,0.0,0.0,26.0
2018-04-10 10:10:00,1371.0,1371.0,1371.0,1371.0,0.0,0.0,26.0
2018-04-10 10:30:00,1371.0,1371.0,1371.0,1371.0,0.0,0.0,26.0
2018-04-10 10:35:00,1371.0,1371.0,1371.0,1371.0,0.0,0.0,26.0
2018-04-10 10:40:00,1371.0,1371.0,1371.0,1371.0,0.0,0.0,26.0
2018-04-10 10:45:00,1371.0,1371.0,1371.0,1371.0,0.0,0.0,26.0
2018-04-10 10:50:00,1371.0,1371.0,1371.0,1371.0,0.0,0.0,26.0
2018-04-10 10:55:00,1371.0,1371.0,1371.0,1371.0,0.0,0.0,26.0
2018-04-10 11:00:00,1371.0,1371.0,1371.0,1371.0,0.0,0.0,26.0
2018-04-10 11:05:00,1371.0,1371.0,1371.0,1371.0,0.0,0.0,26.0
2018-04-10 11:10:00,1371.0,1371.0,1371.0,1371.0,0.0,0.0,26.0
2018-04-10 11:15:00,1371.0,1371.0,1371.0,1371.0,0.0,0.0,26.0
2018-04-10 11:20:00,1371.0,1371.0,1371.0,1371.0,0.0,0.0,26.0
2018-04-10 11:25:00,1371.0,1371.0,1371.0,1371.0,0.0,0.0,26.0
2018-04-10 13:30:00,1371.0,1371.0,1371.0,1371.0,0.0,0.0,26.0
2018-04-10 13:35:00,1371.0,1371.0,1371.0,1371.0,0.0,0.0,26.0
2018-04-10 13:40:00,1371.0,1371.0,1371.0,1371.0,0.0,0.0,26.0
2018-04-10 13:45:00,1371.0,1371.0,1371.0,1371.0,0.0,0.0,26.0
2018-04-10 13:50:00,1371.0,1371.0,1371.0,1371.0,0.0,0.0,26.0
2018-04-10 13:55:00,1371.0,1371.0,1371.0,1371.0,0.0,0.0,26.0
2018-04-10 14:00:00,1371.0,1371.0,1371.0,1371.0,0.0,0.0,26.0
2018-04-10 14:05:00,1371.0,1371.0,1371.0,1371.0,0.0,0.0,26.0
2018-04-10 14:10:00,1371.0,1371.0,1371.0,1371.0,0.0,0.0,26.0
2018-04-10 14:15:00,1371.0,1371.0,1371.0,1371.0,0.0,0.0,26.0
2018-04-10 14:20:00,1371.0,1371.0,1371.0,1371.0,0.0,0.0,26.0
2018-04-10 14:25:00,1371.0,1371.0,1371.0,1371.0,0.0,0.0,26.0
2018-04-10 14:30:00,1371.0,1371.0,1371.0,1371.0,0.0,0.0,26.0
2018-04-10 14:35:00,1371.0,1371.0,1371.0,1371.0,0.0,0.0,26.0
2018-04-10 14:40:00,1371.0,1371.0,1371.0,1371.0,0.0,0.0,26.0
2018-04-10 14:45:00,1371.0,1371.0,1371.0,1371.0,0.0,0.0,26.0
2018-04-10 14:50:00,1371.0,1371.0,1371.0,1371.0,0.0,0.0,26.0
2018-04-10 14:55:00,1371.0,1371.0,1371.0,1371.0,0.0,0.0,26.0
2018-04-10 21:00:00,1371.0,1371.0,1371.0,1371.0,0.0,0.0,26.0
2018-04-10 21:05:00,1371.0,1371.0,1371.0,1371.0,0.0,0.0,26.0
2018-04-10 21:10:00,1371.0,1371.0,1371.0,1371.0,0.0,0.0,26.0
2018-04-10 21:15:00,1371.0,1371.0,1371.0,1371.0,0.0,0.0,26.0
2018-04-10 21:20:00,1371.0,1371.0,1371.0,1371.0,0.0,0.0,26.0
2018-04-10 21:25:00,1371.0,1371.0,1371.0,1371.0,0.0,0.0,26.0
2018-04-10 21:30:00,1371.0,1371.0,1371.0,1371.0,0.0,0.0,26.0
2018-04-10 21:35:00,1371.0,1371.0,1371.0,1371.0,0.0,0.0,26.0
2018-04-10 21:40:00,1371.0,1371.0,1371.0,1371.0,0.0,0.0,26.0
2018-04-10 21:45:00,1371.0,1371.0,1371.0,1371.0,0.0,0.0,26.0
2018-04-10 21:50:00,1371.0,1371.0,1371.0,1371.0,0.0,0.0,26.0
2018-04-10 21:55:00,1371.0,1371.0,1371.0,1371.0,0.0,0.0,26.0
2018-04-10 22:00:00,1371.0,1371.0,1371.0,1371.0,0.0,0.0,26.0
2018-04-10 22:05:00,1371.0,1371.0,1371.0,1371.0,0.0,0.0,26.0
2018-04-10 22:10:00,1371.0,1371.0,1371.0,1371.0,0.0,0.0,26.0
2018-04-10 22:15:00,1371.0,1371.0,1371.0,1371.0,0.0,0.0,26.0
2018-04-10 22:20:00,1371.0,1371.0,1371.0,1371.0,0.0,0.0,26.0
2018-04-10 22:25:00,1371.0,1371.0,1371.0,1371.0,0.0,0.0,26.0
2018-04-10 22:30:00,1371.0,1371.0,1371.0,1371.0,0.0,0.0,26.0
2018-04-10 22:35:00,1371.0,1371.0,1371.0,1371.0,0.0,0.0,26.0
2018-04-10 22:40:00,1371.0,1371.0,1371.0,1371.0,0.0,0.0,26.0
2018-04-10 22:45:00,1371.0,1371.0,1371.0,1371.0,0.0,0.0,26.0
2018-04-10 22:50:00,1371.0,1371.0,1371.0,1371.0,0.0,0.0,26.0
2018-04-10 22:55:00,1371.0,1371.0,1371.0,1371.0,0.0,0.0,26.0
2018-04-10 23:00:00,1371.0,1371.0,1371.0,1371.0,0.0,0.0,26.0
2018-04-10 23:05:00,1371.0,1371.0,1371.0,1371.0,0.0,0.0,26.0
2018-04-10 23:10:00,1371.0,1371.0,1371.0,1371.0,0.0,0.0,26.0
2018-04-10 23:15:00,1371.0,1371.0,1371.0,1371.0,0.0,0.0,26.0
2018-04-10 23:20:00,1371.0,1371.0,1371.0,1371.0,0.0,0.0,26.0
2018-04-10 23:25:00,1371.0,1371.0,1371.0,1371.0,0.0,0.0,26.0
2018-04-11 09:00:00,1371.0,1371.0,1371.0,1371.0,0.0,0.0,26.0
2018-04-11 09:05:00,1371.0,1371.0,1371.0,1371.0,0.0,0.0,26.0
2018-04-11 09:10:00,1371.0,1371.0,1371.0,1371.0,0.0,0.0,26.0
2018-04-11 09:15:00,1371.0,1371.0,1371.0,1371.0,0.0,0.0,26.0
2018-04-11 09:20:00,1371.0,1371.0,1371.0,1371.0,0.0,0.0,26.0
2018-04-11 09:25:00,1371.0,1371.0,1371.0,1371.0,0.0,0.0,26.0
2018-04-11 09:30:00,1371.0,1371.0,1371.0,1371.0,0.0,0.0,26.0
2018-04-11 09:35:00,1371.0,1371.0,1371.0,1371.0,0.0,0.0,26.0
2018-04-11 09:40:00,1371.0,1371.0,1371.0,1371.0,0.0,0.0,26.0
2018-04-11 09:45:00,1371.0,1371.0,1371.0,1371.0,0.0,0.0,26.0
2018-04-11 09:50:00,1371.0,1371.0,1371.0,1371.0,0.0,0.0,26.0
2018-04-11 09:55:00,1371.0,1371.0,1371.0,1371.0,0.0,0.0,26.0
2018-04-11 10:00:00,1371.0,1371.0,1371.0,1371.0,0.0,0.0,26.0
2018-04-11 10:05:00,1371.0,1371.0,1371.0,1371.0,0.0,0.0,26.0
2018-04-11 10:10:00,1371.0,1371.0,1371.0,1371.0,0.0,0.0,26.0
2018-04-11 10:30:00,1371.0,1371.0,1371.0,1371.0,0.0,0.0,26.0
2018-04-11 10:35:00,1371.0,1371.0,1371.0,1371.0,0.0,0.0,26.0
2018-04-11 10:40:00,1371.0,1371.0,1371.0,1371.0,0.0,0.0,26.0
2018-04-11 10:45:00,1371.0,1371.0,1371.0,1371.0,0.0,0.0,26.0
2018-04-11 10:50:00,1371.0,1371.0,1371.0,1371.0,0.0,0.0,26.0
2018-04-11 10:55:00,1371.0,1371.0,1371.0,1371.0,0.0,0.0,26.0
2018-04-11 11:00:00,1371.0,1371.0,1371.0,1371.0,0.0,0.0,26.0
2018-04-11 11:05:00,1371.0,1371.0,1371.0,1371.0,0.0,0.0,26.0
2018-04-11 11:10:00,1371.0,1371.0,1371.0,1371.0,0.0,0.0,26.0
2018-04-11 11:15:00,1371.0,1371.0,1371.0,1371.0,0.0,0.0,26.0
2018-04-11 11:20:00,1371.0,1371.0,1371.0,1371.0,0.0,0.0,26.0
2018-04-11 11:25:00,1371.0,1371.0,1371.0,1371.0,0.0,0.0,26.0
2018-04-11 13:30:00,1371.0,1371.0,1371.0,1371.0,0.0,0.0,26.0
2018-04-11 13:35:00,1371.0,1371.0,1371.0,1371.0,0.0,0.0,26.0
2018-04-11 13:40:00,1371.0,1371.0,1371.0,1371.0,0.0,0.0,26.0
2018-04-11 13:45:00,1371.0,1371.0,1371.0,1371.0,0.0,0.0,26.0
2018-04-11 13:50:00,1371.0,1371.0,1371.0,1371.0,0.0,0.0,26.0
2018-04-11 13:55:00,1371.0,1371.0,1371.0,1371.0,0.0,0.0,26.0
2018-04-11 14:00:00,1371.0,1371.0,1371.0,1371.0,0.0,0.0,26.0
2018-04-11 14:05:00,1371.0,1371.0,1371.0,1371.0,0.0,0.0,26.0
2018-04-11 14:10:00,1371.0,1371.0,1361.0,1361.0,14.0,382480.0,12.0
2018-04-11 14:15:00,1361.0,1361.0,1361.0,1361.0,0.0,0.0,12.0
2018-04-11 14:20:00,1361.0,1361.0,1361.0,1361.0,0.0,0.0,12.0
2018-04-11 14:25:00,1361.0,1361.0,1361.0,1361.0,0.0,0.0,12.0
2018-04-11 14:30:00,1361.0,1361.0,1361.0,1361.0,0.0,0.0,12.0
2018-04-11 14:35:00,1361.0,1361.0,1361.0,1361.0,0.0,0.0,12.0
2018-04-11 14:40:00,1361.0,1361.0,1351.0,1351.0,2.0,54000.0,12.0
2018-04-11 14:45:00,1351.0,1365.0,1351.0,1365.0,2.0,54560.0,12.0
2018-04-11 14:50:00,1365.0,1365.0,1365.0,1365.0,0.0,0.0,12.0
2018-04-11 14:55:00,1365.0,1365.0,1365.0,1365.0,0.0,0.0,12.0
2018-04-11 21:00:00,1364.0,1364.0,1364.0,1364.0,0.0,0.0,12.0
2018-04-11 21:05:00,1364.0,1364.0,1364.0,1364.0,0.0,0.0,12.0
2018-04-11 21:10:00,1364.0,1364.0,1364.0,1364.0,0.0,0.0,12.0
2018-04-11 21:15:00,1364.0,1364.0,1364.0,1364.0,0.0,0.0,12.0
2018-04-11 21:20:00,1364.0,1367.0,1364.0,1367.0,2.0,54680.0,14.0
2018-04-11 21:25:00,1367.0,1367.0,1367.0,1367.0,0.0,0.0,14.0
2018-04-11 21:30:00,1367.0,1367.0,1367.0,1367.0,0.0,0.0,14.0
2018-04-11 21:35:00,1367.0,1367.0,1367.0,1367.0,0.0,0.0,14.0
2018-04-11 21:40:00,1367.0,1367.0,1367.0,1367.0,0.0,0.0,14.0
2018-04-11 21:45:00,1367.0,1370.0,1367.0,1370.0,4.0,109600.0,18.0
2018-04-11 21:50:00,1370.0,1370.0,1370.0,1370.0,0.0,0.0,18.0
2018-04-11 21:55:00,1370.0,1370.0,1370.0,1370.0,0.0,0.0,18.0
2018-04-11 22:00:00,1370.0,1370.0,1370.0,1370.0,0.0,0.0,18.0
2018-04-11 22:05:00,1370.0,1370.0,1370.0,1370.0,0.0,0.0,18.0
2018-04-11 22:10:00,1370.0,1370.0,1370.0,1370.0,0.0,0.0,18.0
2018-04-11 22:15:00,1370.0,1370.0,1370.0,1370.0,0.0,0.0,18.0
2018-04-11 22:20:00,1370.0,1370.0,1370.0,1370.0,0.0,0.0,18.0
2018-04-11 22:25:00,1370.0,1370.0,1370.0,1370.0,0.0,0.0,18.0
2018-04-11 22:30:00,1370.0,1370.0,1370.0,1370.0,0.0,0.0,18.0
2018-04-11 22:35:00,1370.0,1370.0,1370.0,1370.0,0.0,0.0,18.0
2018-04-11 22:40:00,1370.0,1370.0,1370.0,1370.0,0.0,0.0,18.0
2018-04-11 22:45:00,1370.0,1370.0,1370.0,1370.0,0.0,0.0,18.0
2018-04-11 22:50:00,1370.0,1370.0,1370.0,1370.0,0.0,0.0,18.0
2018-04-11 22:55:00,1370.0,1370.0,1370.0,1370.0,0.0,0.0,18.0
2018-04-11 23:00:00,1370.0,1370.0,1370.0,1370.0,0.0,0.0,18.0
2018-04-11 23:05:00,1370.0,1370.0,1370.0,1370.0,0.0,0.0,18.0
2018-04-11 23:10:00,1370.0,1370.0,1370.0,1370.0,0.0,0.0,18.0
2018-04-11 23:15:00,1370.0,1370.0,1370.0,1370.0,0.0,0.0,18.0
2018-04-11 23:20:00,1370.0,1370.0,1370.0,1370.0,0.0,0.0,18.0
2018-04-11 23:25:00,1370.0,1370.0,1370.0,1370.0,0.0,0.0,18.0
2018-04-12 09:00:00,1370.0,1370.0,1370.0,1370.0,0.0,0.0,18.0
2018-04-12 09:05:00,1370.0,1370.0,1370.0,1370.0,0.0,0.0,18.0
2018-04-12 09:10:00,1370.0,1370.0,1370.0,1370.0,0.0,0.0,18.0
2018-04-12 09:15:00,1370.0,1370.0,1370.0,1370.0,0.0,0.0,18.0
2018-04-12 09:20:00,1370.0,1370.0,1370.0,1370.0,0.0,0.0,18.0
2018-04-12 09:25:00,1370.0,1370.0,1370.0,1370.0,0.0,0.0,18.0
2018-04-12 09:30:00,1370.0,1370.0,1370.0,1370.0,0.0,0.0,18.0
2018-04-12 09:35:00,1370.0,1370.0,1370.0,1370.0,0.0,0.0,18.0
2018-04-12 09:40:00,1370.0,1370.0,1370.0,1370.0,0.0,0.0,18.0
2018-04-12 09:45:00,1370.0,1370.0,1370.0,1370.0,0.0,0.0,18.0
2018-04-12 09:50:00,1370.0,1370.0,1370.0,1370.0,0.0,0.0,18.0
2018-04-12 09:55:00,1370.0,1370.0,1370.0,1370.0,0.0,0.0,18.0
2018-04-12 10:00:00,1370.0,1370.0,1370.0,1370.0,0.0,0.0,18.0
2018-04-12 10:05:00,1370.0,1370.0,1370.0,1370.0,0.0,0.0,18.0
2018-04-12 10:10:00,1370.0,1370.0,1370.0,1370.0,0.0,0.0,18.0
2018-04-12 10:30:00,1370.0,1370.0,1370.0,1370.0,0.0,0.0,18.0
2018-04-12 10:35:00,1370.0,1370.0,1370.0,1370.0,0.0,0.0,18.0
2018-04-12 10:40:00,1370.0,1370.0,1370.0,1370.0,0.0,0.0,18.0
2018-04-12 10:45:00,1370.0,1370.0,1370.0,1370.0,0.0,0.0,18.0
2018-04-12 10:50:00,1370.0,1370.0,1370.0,1370.0,0.0,0.0,18.0
2018-04-12 10:55:00,1370.0,1370.0,1370.0,1370.0,0.0,0.0,18.0
2018-04-12 11:00:00,1370.0,1370.0,1370.0,1370.0,0.0,0.0,18.0
2018-04-12 11:05:00,1370.0,1370.0,1370.0,1370.0,0.0,0.0,18.0
2018-04-12 11:10:00,1370.0,1370.0,1370.0,1370.0,0.0,0.0,18.0
2018-04-12 11:15:00,1370.0,1370.0,1370.0,1370.0,0.0,0.0,18.0
2018-04-12 11:20:00,1370.0,1370.0,1370.0,1370.0,0.0,0.0,18.0
2018-04-12 11:25:00,1370.0,1370.0,1370.0,1370.0,0.0,0.0,18.0
2018-04-12 13:30:00,1370.0,1370.0,1370.0,1370.0,0.0,0.0,18.0
2018-04-12 13:35:00,1370.0,1370.0,1370.0,1370.0,0.0,0.0,18.0
2018-04-12 13:40:00,1370.0,1370.0,1370.0,1370.0,0.0,0.0,18.0
2018-04-12 13:45:00,1370.0,1370.0,1370.0,1370.0,0.0,0.0,18.0
2018-04-12 13:50:00,1370.0,1370.0,1370.0,1370.0,0.0,0.0,18.0
2018-04-12 13:55:00,1370.0,1370.0,1370.0,1370.0,0.0,0.0,18.0
2018-04-12 14:00:00,1370.0,1370.0,1370.0,1370.0,0.0,0.0,18.0
2018-04-12 14:05:00,1370.0,1370.0,1370.0,1370.0,0.0,0.0,18.0
2018-04-12 14:10:00,1370.0,1370.0,1370.0,1370.0,0.0,0.0,18.0
2018-04-12 14:15:00,1370.0,1370.0,1370.0,1370.0,0.0,0.0,18.0
2018-04-12 14:20:00,1370.0,1370.0,1370.0,1370.0,0.0,0.0,18.0
2018-04-12 14:25:00,1370.0,1370.0,1370.0,1370.0,0.0,0.0,18.0
2018-04-12 14:30:00,1370.0,1370.0,1370.0,1370.0,0.0,0.0,18.0
2018-04-12 14:35:00,1370.0,1370.0,1370.0,1370.0,0.0,0.0,18.0
2018-04-12 14:40:00,1370.0,1370.0,1370.0,1370.0,0.0,0.0,18.0
2018-04-12 14:45:00,1370.0,1370.0,1370.0,1370.0,0.0,0.0,18.0
2018-04-12 14:50:00,1370.0,1370.0,1370.0,1370.0,0.0,0.0,18.0
2018-04-12 14:55:00,1370.0,1370.0,1370.0,1370.0,0.0,0.0,18.0
2018-04-12 21:00:00,1369.0,1369.0,1369.0,1369.0,0.0,0.0,18.0
2018-04-12 21:05:00,1369.0,1369.0,1369.0,1369.0,0.0,0.0,18.0
2018-04-12 21:10:00,1369.0,1369.0,1369.0,1369.0,0.0,0.0,18.0
2018-04-12 21:15:00,1369.0,1369.0,1369.0,1369.0,0.0,0.0,18.0
2018-04-12 21:20:00,1369.0,1369.0,1369.0,1369.0,0.0,0.0,18.0
2018-04-12 21:25:00,1369.0,1369.0,1369.0,1369.0,0.0,0.0,18.0
2018-04-12 21:30:00,1369.0,1369.0,1369.0,1369.0,0.0,0.0,18.0
2018-04-12 21:35:00,1369.0,1369.0,1369.0,1369.0,0.0,0.0,18.0
2018-04-12 21:40:00,1369.0,1369.0,1369.0,1369.0,0.0,0.0,18.0
2018-04-12 21:45:00,1369.0,1369.0,1369.0,1369.0,0.0,0.0,18.0
2018-04-12 21:50:00,1369.0,1369.0,1369.0,1369.0,0.0,0.0,18.0
2018-04-12 21:55:00,1369.0,1369.0,1369.0,1369.0,0.0,0.0,18.0
2018-04-12 22:00:00,1369.0,1369.0,1369.0,1369.0,0.0,0.0,18.0
2018-04-12 22:05:00,1369.0,1369.0,1369.0,1369.0,0.0,0.0,18.0
2018-04-12 22:10:00,1369.0,1369.0,1369.0,1369.0,0.0,0.0,18.0
2018-04-12 22:15:00,1369.0,1369.0,1369.0,1369.0,0.0,0.0,18.0
2018-04-12 22:20:00,1369.0,1369.0,1369.0,1369.0,0.0,0.0,18.0
2018-04-12 22:25:00,1369.0,1369.0,1369.0,1369.0,0.0,0.0,18.0
2018-04-12 22:30:00,1369.0,1369.0,1369.0,1369.0,0.0,0.0,18.0
2018-04-12 22:35:00,1369.0,1369.0,1369.0,1369.0,0.0,0.0,18.0
2018-04-12 22:40:00,1369.0,1369.0,1369.0,1369.0,0.0,0.0,18.0
2018-04-12 22:45:00,1369.0,1369.0,1369.0,1369.0,0.0,0.0,18.0
2018-04-12 22:50:00,1369.0,1369.0,1369.0,1369.0,0.0,0.0,18.0
2018-04-12 22:55:00,1369.0,1369.0,1369.0,1369.0,0.0,0.0,18.0
2018-04-12 23:00:00,1369.0,1369.0,1369.0,1369.0,0.0,0.0,18.0
2018-04-12 23:05:00,1369.0,1369.0,1369.0,1369.0,0.0,0.0,18.0
2018-04-12 23:10:00,1369.0,1369.0,1369.0,1369.0,0.0,0.0,18.0
2018-04-12 23:15:00,1369.0,1369.0,1369.0,1369.0,0.0,0.0,18.0
2018-04-12 23:20:00,1369.0,1369.0,1369.0,1369.0,0.0,0.0,18.0
2018-04-12 23:25:00,1369.0,1369.0,1369.0,1369.0,0.0,0.0,18.0
2018-04-13 09:00:00,1369.0,1369.0,1369.0,1369.0,0.0,0.0,18.0
2018-04-13 09:05:00,1369.0,1369.0,1369.0,1369.0,0.0,0.0,18.0
2018-04-13 09:10:00,1369.0,1369.0,1369.0,1369.0,0.0,0.0,18.0
2018-04-13 09:15:00,1369.0,1369.0,1369.0,1369.0,0.0,0.0,18.0
2018-04-13 09:20:00,1369.0,1369.0,1369.0,1369.0,0.0,0.0,18.0
2018-04-13 09:25:00,1369.0,1369.0,1369.0,1369.0,0.0,0.0,18.0
2018-04-13 09:30:00,1369.0,1369.0,1369.0,1369.0,0.0,0.0,18.0
2018-04-13 09:35:00,1369.0,1369.0,1369.0,1369.0,0.0,0.0,18.0
2018-04-13 09:40:00,1369.0,1369.0,1369.0,1369.0,0.0,0.0,18.0
2018-04-13 09:45:00,1369.0,1369.0,1369.0,1369.0,0.0,0.0,18.0
2018-04-13 09:50:00,1369.0,1369.0,1369.0,1369.0,0.0,0.0,18.0
2018-04-13 09:55:00,1369.0,1369.0,1369.0,1369.0,0.0,0.0,18.0
2018-04-13 10:00:00,1369.0,1369.0,1369.0,1369.0,0.0,0.0,18.0
2018-04-13 10:05:00,1369.0,1369.0,1369.0,1369.0,0.0,0.0,18.0
2018-04-13 10:10:00,1369.0,1369.0,1369.0,1369.0,0.0,0.0,18.0
2018-04-13 10:30:00,1369.0,1369.0,1369.0,1369.0,0.0,0.0,18.0
2018-04-13 10:35:00,1369.0,1369.0,1369.0,1369.0,0.0,0.0,18.0
2018-04-13 10:40:00,1369.0,1369.0,1369.0,1369.0,0.0,0.0,18.0
2018-04-13 10:45:00,1369.0,1369.0,1369.0,1369.0,0.0,0.0,18.0
2018-04-13 10:50:00,1369.0,1369.0,1369.0,1369.0,0.0,0.0,18.0
2018-04-13 10:55:00,1369.0,1369.0,1369.0,1369.0,0.0,0.0,18.0
2018-04-13 11:00:00,1369.0,1369.0,1369.0,1369.0,0.0,0.0,18.0
2018-04-13 11:05:00,1369.0,1369.0,1369.0,1369.0,0.0,0.0,18.0
2018-04-13 11:10:00,1369.0,1369.0,1369.0,1369.0,0.0,0.0,18.0
2018-04-13 11:15:00,1369.0,1369.0,1369.0,1369.0,0.0,0.0,18.0
2018-04-13 11:20:00,1369.0,1369.0,1369.0,1369.0,0.0,0.0,18.0
2018-04-13 11:25:00,1369.0,1369.0,1369.0,1369.0,0.0,0.0,18.0
2018-04-13 13:30:00,1369.0,1369.0,1369.0,1369.0,0.0,0.0,18.0
2018-04-13 13:35:00,1369.0,1369.0,1369.0,1369.0,0.0,0.0,18.0
2018-04-13 13:40:00,1369.0,1369.0,1369.0,1369.0,0.0,0.0,18.0
2018-04-13 13:45:00,1369.0,1369.0,1369.0,1369.0,0.0,0.0,18.0
2018-04-13 13:50:00,1369.0,1369.0,1369.0,1369.0,0.0,0.0,18.0
2018-04-13 13:55:00,1369.0,1369.0,1369.0,1369.0,0.0,0.0,18.0
2018-04-13 14:00:00,1369.0,1369.0,1369.0,1369.0,0.0,0.0,18.0
2018-04-13 14:05:00,1369.0,1369.0,1369.0,1369.0,0.0,0.0,18.0
2018-04-13 14:10:00,1369.0,1369.0,1369.0,1369.0,0.0,0.0,18.0
2018-04-13 14:15:00,1369.0,1369.0,1369.0,1369.0,0.0,0.0,18.0
2018-04-13 14:20:00,1369.0,1369.0,1369.0,1369.0,0.0,0.0,18.0
2018-04-13 14:25:00,1369.0,1369.0,1369.0,1369.0,0.0,0.0,18.0
2018-04-13 14:30:00,1369.0,1369.0,1369.0,1369.0,0.0,0.0,18.0
2018-04-13 14:35:00,1369.0,1369.0,1369.0,1369.0,0.0,0.0,18.0
2018-04-13 14:40:00,1369.0,1369.0,1369.0,1369.0,0.0,0.0,18.0
2018-04-13 14:45:00,1369.0,1369.0,1369.0,1369.0,0.0,0.0,18.0
2018-04-13 14:50:00,1369.0,1369.0,1369.0,1369.0,0.0,0.0,18.0
2018-04-13 14:55:00,1369.0,1369.0,1369.0,1369.0,0.0,0.0,18.0
2018-04-13 21:00:00,1375.0,1375.0,1375.0,1375.0,0.0,0.0,18.0
2018-04-13 21:05:00,1375.0,1375.0,1375.0,1375.0,0.0,0.0,18.0
2018-04-13 21:10:00,1375.0,1375.0,1375.0,1375.0,0.0,0.0,18.0
2018-04-13 21:15:00,1375.0,1375.0,1375.0,1375.0,0.0,0.0,18.0
2018-04-13 21:20:00,1375.0,1375.0,1375.0,1375.0,0.0,0.0,18.0
2018-04-13 21:25:00,1375.0,1375.0,1375.0,1375.0,0.0,0.0,18.0
2018-04-13 21:30:00,1375.0,1375.0,1375.0,1375.0,0.0,0.0,18.0
2018-04-13 21:35:00,1375.0,1375.0,1375.0,1375.0,0.0,0.0,18.0
2018-04-13 21:40:00,1375.0,1375.0,1375.0,1375.0,0.0,0.0,18.0
2018-04-13 21:45:00,1375.0,1375.0,1375.0,1375.0,0.0,0.0,18.0
2018-04-13 21:50:00,1375.0,1375.0,1375.0,1375.0,0.0,0.0,18.0
2018-04-13 21:55:00,1375.0,1375.0,1375.0,1375.0,0.0,0.0,18.0
2018-04-13 22:00:00,1375.0,1375.0,1375.0,1375.0,0.0,0.0,18.0
2018-04-13 22:05:00,1375.0,1375.0,1375.0,1375.0,0.0,0.0,18.0
2018-04-13 22:10:00,1375.0,1375.0,1375.0,1375.0,0.0,0.0,18.0
2018-04-13 22:15:00,1375.0,1375.0,1375.0,1375.0,0.0,0.0,18.0
2018-04-13 22:20:00,1375.0,1375.0,1375.0,1375.0,0.0,0.0,18.0
2018-04-13 22:25:00,1375.0,1375.0,1375.0,1375.0,0.0,0.0,18.0
2018-04-13 22:30:00,1375.0,1375.0,1375.0,1375.0,0.0,0.0,18.0
2018-04-13 22:35:00,1375.0,1375.0,1375.0,1375.0,0.0,0.0,18.0
2018-04-13 22:40:00,1375.0,1375.0,1375.0,1375.0,0.0,0.0,18.0
2018-04-13 22:45:00,1375.0,1375.0,1375.0,1375.0,0.0,0.0,18.0
2018-04-13 22:50:00,1375.0,1375.0,1375.0,1375.0,0.0,0.0,18.0
2018-04-13 22:55:00,1375.0,1375.0,1375.0,1375.0,0.0,0.0,18.0
2018-04-13 23:00:00,1375.0,1375.0,1375.0,1375.0,0.0,0.0,18.0
2018-04-13 23:05:00,1375.0,1375.0,1375.0,1375.0,0.0,0.0,18.0
2018-04-13 23:10:00,1375.0,1375.0,1375.0,1375.0,0.0,0.0,18.0
2018-04-13 23:15:00,1375.0,1375.0,1375.0,1375.0,0.0,0.0,18.0
2018-04-13 23:20:00,1375.0,1375.0,1375.0,1375.0,0.0,0.0,18.0
2018-04-13 23:25:00,1375.0,1375.0,1375.0,1375.0,0.0,0.0,18.0
2018-04-16 09:00:00,1375.0,1375.0,1375.0,1375.0,0.0,0.0,18.0
2018-04-16 09:05:00,1375.0,1375.0,1375.0,1375.0,0.0,0.0,18.0
2018-04-16 09:10:00,1375.0,1375.0,1375.0,1375.0,0.0,0.0,18.0
2018-04-16 09:15:00,1375.0,1375.0,1375.0,1375.0,0.0,0.0,18.0
2018-04-16 09:20:00,1375.0,1375.0,1375.0,1375.0,0.0,0.0,18.0
2018-04-16 09:25:00,1375.0,1375.0,1375.0,1375.0,0.0,0.0,18.0
2018-04-16 09:30:00,1375.0,1375.0,1375.0,1375.0,0.0,0.0,18.0
2018-04-16 09:35:00,1375.0,1375.0,1375.0,1375.0,0.0,0.0,18.0
2018-04-16 09:40:00,1375.0,1375.0,1375.0,1375.0,0.0,0.0,18.0
2018-04-16 09:45:00,1375.0,1375.0,1375.0,1375.0,0.0,0.0,18.0
2018-04-16 09:50:00,1375.0,1375.0,1375.0,1375.0,0.0,0.0,18.0
2018-04-16 09:55:00,1375.0,1375.0,1375.0,1375.0,0.0,0.0,18.0
2018-04-16 10:00:00,1375.0,1375.0,1375.0,1375.0,0.0,0.0,18.0
2018-04-16 10:05:00,1375.0,1375.0,1375.0,1375.0,0.0,0.0,18.0
2018-04-16 10:10:00,1375.0,1375.0,1375.0,1375.0,0.0,0.0,18.0
2018-04-16 10:30:00,1375.0,1375.0,1375.0,1375.0,0.0,0.0,18.0
2018-04-16 10:35:00,1375.0,1375.0,1375.0,1375.0,0.0,0.0,18.0
2018-04-16 10:40:00,1375.0,1375.0,1375.0,1375.0,0.0,0.0,18.0
2018-04-16 10:45:00,1375.0,1375.0,1375.0,1375.0,0.0,0.0,18.0
2018-04-16 10:50:00,1375.0,1375.0,1375.0,1375.0,0.0,0.0,18.0
2018-04-16 10:55:00,1375.0,1375.0,1375.0,1375.0,0.0,0.0,18.0
2018-04-16 11:00:00,1375.0,1375.0,1375.0,1375.0,0.0,0.0,18.0
2018-04-16 11:05:00,1375.0,1375.0,1375.0,1375.0,0.0,0.0,18.0
2018-04-16 11:10:00,1375.0,1375.0,1375.0,1375.0,0.0,0.0,18.0
2018-04-16 11:15:00,1375.0,1375.0,1375.0,1375.0,0.0,0.0,18.0
2018-04-16 11:20:00,1375.0,1375.0,1375.0,1375.0,0.0,0.0,18.0
2018-04-16 11:25:00,1375.0,1375.0,1375.0,1375.0,0.0,0.0,18.0
2018-04-16 13:30:00,1375.0,1375.0,1375.0,1375.0,0.0,0.0,18.0
2018-04-16 13:35:00,1375.0,1375.0,1375.0,1375.0,0.0,0.0,18.0
2018-04-16 13:40:00,1375.0,1375.0,1375.0,1375.0,0.0,0.0,18.0
2018-04-16 13:45:00,1375.0,1375.0,1375.0,1375.0,0.0,0.0,18.0
2018-04-16 13:50:00,1375.0,1375.0,1375.0,1375.0,0.0,0.0,18.0
2018-04-16 13:55:00,1375.0,1375.0,1375.0,1375.0,0.0,0.0,18.0
2018-04-16 14:00:00,1375.0,1375.0,1375.0,1375.0,0.0,0.0,18.0
2018-04-16 14:05:00,1375.0,1375.0,1375.0,1375.0,0.0,0.0,18.0
2018-04-16 14:10:00,1375.0,1375.0,1375.0,1375.0,0.0,0.0,18.0
2018-04-16 14:15:00,1375.0,1375.0,1375.0,1375.0,0.0,0.0,18.0
2018-04-16 14:20:00,1375.0,1375.0,1375.0,1375.0,0.0,0.0,18.0
2018-04-16 14:25:00,1375.0,1375.0,1375.0,1375.0,0.0,0.0,18.0
2018-04-16 14:30:00,1375.0,1375.0,1375.0,1375.0,0.0,0.0,18.0
2018-04-16 14:35:00,1375.0,1375.0,1375.0,1375.0,0.0,0.0,18.0
2018-04-16 14:40:00,1375.0,1375.0,1375.0,1375.0,0.0,0.0,18.0
2018-04-16 14:45:00,1375.0,1375.0,1375.0,1375.0,0.0,0.0,18.0
2018-04-16 14:50:00,1375.0,1375.0,1375.0,1375.0,0.0,0.0,18.0
2018-04-16 14:55:00,1375.0,1375.0,1375.0,1375.0,0.0,0.0,18.0
2018-04-16 21:00:00,1370.0,1370.0,1370.0,1370.0,0.0,0.0,18.0
2018-04-16 21:05:00,1370.0,1370.0,1370.0,1370.0,0.0,0.0,18.0
2018-04-16 21:10:00,1370.0,1370.0,1370.0,1370.0,0.0,0.0,18.0
2018-04-16 21:15:00,1370.0,1370.0,1370.0,1370.0,0.0,0.0,18.0
2018-04-16 21:20:00,1370.0,1370.0,1370.0,1370.0,0.0,0.0,18.0
2018-04-16 21:25:00,1370.0,1370.0,1370.0,1370.0,0.0,0.0,18.0
2018-04-16 21:30:00,1370.0,1370.0,1370.0,1370.0,0.0,0.0,18.0
2018-04-16 21:35:00,1370.0,1370.0,1370.0,1370.0,0.0,0.0,18.0
2018-04-16 21:40:00,1370.0,1370.0,1370.0,1370.0,0.0,0.0,18.0
2018-04-16 21:45:00,1370.0,1370.0,1370.0,1370.0,0.0,0.0,18.0
2018-04-16 21:50:00,1370.0,1370.0,1370.0,1370.0,0.0,0.0,18.0
2018-04-16 21:55:00,1370.0,1370.0,1370.0,1370.0,0.0,0.0,18.0
2018-04-16 22:00:00,1370.0,1370.0,1370.0,1370.0,0.0,0.0,18.0
2018-04-16 22:05:00,1370.0,1370.0,1370.0,1370.0,0.0,0.0,18.0
2018-04-16 22:10:00,1370.0,1370.0,1370.0,1370.0,0.0,0.0,18.0
2018-04-16 22:15:00,1370.0,1370.0,1370.0,1370.0,0.0,0.0,18.0
2018-04-16 22:20:00,1370.0,1370.0,1370.0,1370.0,0.0,0.0,18.0
2018-04-16 22:25:00,1370.0,1370.0,1370.0,1370.0,0.0,0.0,18.0
2018-04-16 22:30:00,1370.0,1370.0,1370.0,1370.0,0.0,0.0,18.0
2018-04-16 22:35:00,1370.0,1370.0,1370.0,1370.0,0.0,0.0,18.0
2018-04-16 22:40:00,1370.0,1370.0,1370.0,1370.0,0.0,0.0,18.0
2018-04-16 22:45:00,1370.0,1370.0,1370.0,1370.0,0.0,0.0,18.0
2018-04-16 22:50:00,1370.0,1370.0,1370.0,1370.0,0.0,0.0,18.0
2018-04-16 22:55:00,1370.0,1370.0,1370.0,1370.0,0.0,0.0,18.0
2018-04-16 23:00:00,1370.0,1370.0,1370.0,1370.0,0.0,0.0,18.0
2018-04-16 23:05:00,1370.0,1370.0,1370.0,1370.0,0.0,0.0,18.0
2018-04-16 23:10:00,1370.0,1370.0,1370.0,1370.0,0.0,0.0,18.0
2018-04-16 23:15:00,1370.0,1370.0,1370.0,1370.0,0.0,0.0,18.0
2018-04-16 23:20:00,1370.0,1370.0,1370.0,1370.0,0.0,0.0,18.0
2018-04-16 23:25:00,1370.0,1370.0,1370.0,1370.0,0.0,0.0,18.0
2018-04-17 09:00:00,1370.0,1370.0,1370.0,1370.0,0.0,0.0,18.0
2018-04-17 09:05:00,1370.0,1370.0,1370.0,1370.0,0.0,0.0,18.0
2018-04-17 09:10:00,1370.0,1370.0,1370.0,1370.0,0.0,0.0,18.0
2018-04-17 09:15:00,1370.0,1370.0,1370.0,1370.0,0.0,0.0,18.0
2018-04-17 09:20:00,1370.0,1370.0,1370.0,1370.0,0.0,0.0,18.0
2018-04-17 09:25:00,1370.0,1370.0,1370.0,1370.0,0.0,0.0,18.0
2018-04-17 09:30:00,1370.0,1370.0,1370.0,1370.0,0.0,0.0,18.0
2018-04-17 09:35:00,1370.0,1370.0,1370.0,1370.0,0.0,0.0,18.0
2018-04-17 09:40:00,1370.0,1370.0,1370.0,1370.0,0.0,0.0,18.0
2018-04-17 09:45:00,1370.0,1370.0,1370.0,1370.0,0.0,0.0,18.0
2018-04-17 09:50:00,1370.0,1370.0,1370.0,1370.0,0.0,0.0,18.0
2018-04-17 09:55:00,1370.0,1370.0,1370.0,1370.0,0.0,0.0,18.0
2018-04-17 10:00:00,1370.0,1370.0,1370.0,1370.0,0.0,0.0,18.0
2018-04-17 10:05:00,1370.0,1370.0,1370.0,1370.0,0.0,0.0,18.0
2018-04-17 10:10:00,1370.0,1370.0,1370.0,1370.0,0.0,0.0,18.0
2018-04-17 10:30:00,1370.0,1370.0,1370.0,1370.0,0.0,0.0,18.0
2018-04-17 10:35:00,1370.0,1370.0,1370.0,1370.0,0.0,0.0,18.0
2018-04-17 10:40:00,1370.0,1370.0,1370.0,1370.0,0.0,0.0,18.0
2018-04-17 10:45:00,1370.0,1370.0,1370.0,1370.0,0.0,0.0,18.0
2018-04-17 10:50:00,1370.0,1370.0,1370.0,1370.0,0.0,0.0,18.0
2018-04-17 10:55:00,1370.0,1370.0,1370.0,1370.0,0.0,0.0,18.0
2018-04-17 11:00:00,1370.0,1370.0,1370.0,1370.0,0.0,0.0,18.0
2018-04-17 11:05:00,1370.0,1370.0,1370.0,1370.0,0.0,0.0,18.0
2018-04-17 11:10:00,1370.0,1370.0,1370.0,1370.0,0.0,0.0,18.0
2018-04-17 11:15:00,1370.0,1370.0,1370.0,1370.0,0.0,0.0,18.0
2018-04-17 11:20:00,1370.0,1370.0,1370.0,1370.0,0.0,0.0,18.0
2018-04-17 11:25:00,1370.0,1370.0,1370.0,1370.0,0.0,0.0,18.0
2018-04-17 13:30:00,1370.0,1370.0,1370.0,1370.0,0.0,0.0,18.0
2018-04-17 13:35:00,1370.0,1370.0,1370.0,1370.0,0.0,0.0,18.0
2018-04-17 13:40:00,1370.0,1370.0,1370.0,1370.0,0.0,0.0,18.0
2018-04-17 13:45:00,1370.0,1370.0,1370.0,1370.0,0.0,0.0,18.0
2018-04-17 13:50:00,1370.0,1370.0,1370.0,1370.0,0.0,0.0,18.0
2018-04-17 13:55:00,1370.0,1370.0,1370.0,1370.0,0.0,0.0,18.0
2018-04-17 14:00:00,1370.0,1370.0,1370.0,1370.0,0.0,0.0,18.0
2018-04-17 14:05:00,1370.0,1370.0,1370.0,1370.0,0.0,0.0,18.0
2018-04-17 14:10:00,1370.0,1370.0,1370.0,1370.0,0.0,0.0,18.0
2018-04-17 14:15:00,1370.0,1370.0,1370.0,1370.0,0.0,0.0,18.0
2018-04-17 14:20:00,1370.0,1370.0,1370.0,1370.0,0.0,0.0,18.0
2018-04-17 14:25:00,1370.0,1370.0,1370.0,1370.0,0.0,0.0,18.0
2018-04-17 14:30:00,1370.0,1370.0,1370.0,1370.0,0.0,0.0,18.0
2018-04-17 14:35:00,1370.0,1370.0,1370.0,1370.0,0.0,0.0,18.0
2018-04-17 14:40:00,1370.0,1370.0,1370.0,1370.0,0.0,0.0,18.0
2018-04-17 14:45:00,1370.0,1370.0,1370.0,1370.0,0.0,0.0,18.0
2018-04-17 14:50:00,1370.0,1370.0,1370.0,1370.0,0.0,0.0,18.0
2018-04-17 14:55:00,1370.0,1370.0,1370.0,1370.0,0.0,0.0,18.0
2018-04-17 21:00:00,1366.0,1366.0,1366.0,1366.0,0.0,0.0,18.0
2018-04-17 21:05:00,1366.0,1366.0,1366.0,1366.0,0.0,0.0,18.0
2018-04-17 21:10:00,1366.0,1366.0,1366.0,1366.0,0.0,0.0,18.0
2018-04-17 21:15:00,1366.0,1366.0,1366.0,1366.0,0.0,0.0,18.0
2018-04-17 21:20:00,1366.0,1366.0,1366.0,1366.0,0.0,0.0,18.0
2018-04-17 21:25:00,1366.0,1366.0,1366.0,1366.0,0.0,0.0,18.0
2018-04-17 21:30:00,1366.0,1366.0,1366.0,1366.0,0.0,0.0,18.0
2018-04-17 21:35:00,1366.0,1366.0,1366.0,1366.0,0.0,0.0,18.0
2018-04-17 21:40:00,1366.0,1366.0,1366.0,1366.0,0.0,0.0,18.0
2018-04-17 21:45:00,1366.0,1366.0,1366.0,1366.0,0.0,0.0,18.0
2018-04-17 21:50:00,1366.0,1366.0,1366.0,1366.0,0.0,0.0,18.0
2018-04-17 21:55:00,1366.0,1366.0,1366.0,1366.0,0.0,0.0,18.0
2018-04-17 22:00:00,1366.0,1366.0,1366.0,1366.0,0.0,0.0,18.0
2018-04-17 22:05:00,1366.0,1366.0,1366.0,1366.0,0.0,0.0,18.0
2018-04-17 22:10:00,1366.0,1366.0,1366.0,1366.0,0.0,0.0,18.0
2018-04-17 22:15:00,1366.0,1366.0,1366.0,1366.0,0.0,0.0,18.0
2018-04-17 22:20:00,1366.0,1366.0,1366.0,1366.0,0.0,0.0,18.0
2018-04-17 22:25:00,1366.0,1366.0,1366.0,1366.0,0.0,0.0,18.0
2018-04-17 22:30:00,1366.0,1366.0,1366.0,1366.0,0.0,0.0,18.0
2018-04-17 22:35:00,1366.0,1366.0,1366.0,1366.0,0.0,0.0,18.0
2018-04-17 22:40:00,1366.0,1366.0,1366.0,1366.0,0.0,0.0,18.0
2018-04-17 22:45:00,1366.0,1366.0,1366.0,1366.0,0.0,0.0,18.0
2018-04-17 22:50:00,1366.0,1366.0,1366.0,1366.0,0.0,0.0,18.0
2018-04-17 22:55:00,1366.0,1366.0,1366.0,1366.0,0.0,0.0,18.0
2018-04-17 23:00:00,1366.0,1366.0,1366.0,1366.0,0.0,0.0,18.0
2018-04-17 23:05:00,1366.0,1366.0,1366.0,1366.0,0.0,0.0,18.0
2018-04-17 23:10:00,1366.0,1366.0,1366.0,1366.0,0.0,0.0,18.0
2018-04-17 23:15:00,1366.0,1366.0,1366.0,1366.0,0.0,0.0,18.0
2018-04-17 23:20:00,1366.0,1366.0,1366.0,1366.0,0.0,0.0,18.0
2018-04-17 23:25:00,1366.0,1366.0,1366.0,1366.0,0.0,0.0,18.0
2018-04-18 09:00:00,1366.0,1366.0,1366.0,1366.0,0.0,0.0,18.0
2018-04-18 09:05:00,1366.0,1366.0,1366.0,1366.0,0.0,0.0,18.0
2018-04-18 09:10:00,1366.0,1366.0,1366.0,1366.0,0.0,0.0,18.0
2018-04-18 09:15:00,1366.0,1366.0,1366.0,1366.0,0.0,0.0,18.0
2018-04-18 09:20:00,1366.0,1366.0,1366.0,1366.0,0.0,0.0,18.0
2018-04-18 09:25:00,1366.0,1366.0,1366.0,1366.0,0.0,0.0,18.0
2018-04-18 09:30:00,1366.0,1366.0,1366.0,1366.0,0.0,0.0,18.0
2018-04-18 09:35:00,1366.0,1366.0,1366.0,1366.0,0.0,0.0,18.0
2018-04-18 09:40:00,1366.0,1366.0,1366.0,1366.0,0.0,0.0,18.0
2018-04-18 09:45:00,1366.0,1366.0,1366.0,1366.0,0.0,0.0,18.0
2018-04-18 09:50:00,1366.0,1366.0,1366.0,1366.0,0.0,0.0,18.0
2018-04-18 09:55:00,1366.0,1366.0,1366.0,1366.0,0.0,0.0,18.0
2018-04-18 10:00:00,1366.0,1366.0,1366.0,1366.0,0.0,0.0,18.0
2018-04-18 10:05:00,1366.0,1366.0,1366.0,1366.0,0.0,0.0,18.0
2018-04-18 10:10:00,1366.0,1366.0,1366.0,1366.0,0.0,0.0,18.0
2018-04-18 10:30:00,1366.0,1366.0,1366.0,1366.0,0.0,0.0,18.0
2018-04-18 10:35:00,1366.0,1366.0,1366.0,1366.0,0.0,0.0,18.0
2018-04-18 10:40:00,1366.0,1366.0,1366.0,1366.0,0.0,0.0,18.0
2018-04-18 10:45:00,1366.0,1366.0,1366.0,1366.0,0.0,0.0,18.0
2018-04-18 10:50:00,1366.0,1366.0,1366.0,1366.0,0.0,0.0,18.0
2018-04-18 10:55:00,1366.0,1366.0,1366.0,1366.0,0.0,0.0,18.0
2018-04-18 11:00:00,1366.0,1366.0,1366.0,1366.0,0.0,0.0,18.0
2018-04-18 11:05:00,1366.0,1366.0,1366.0,1366.0,0.0,0.0,18.0
2018-04-18 11:10:00,1366.0,1366.0,1366.0,1366.0,0.0,0.0,18.0
2018-04-18 11:15:00,1366.0,1366.0,1366.0,1366.0,0.0,0.0,18.0
2018-04-18 11:20:00,1366.0,1366.0,1366.0,1366.0,0.0,0.0,18.0
2018-04-18 11:25:00,1366.0,1366.0,1366.0,1366.0,0.0,0.0,18.0
2018-04-18 13:30:00,1366.0,1366.0,1366.0,1366.0,0.0,0.0,18.0
2018-04-18 13:35:00,1366.0,1366.0,1366.0,1366.0,0.0,0.0,18.0
2018-04-18 13:40:00,1366.0,1366.0,1366.0,1366.0,0.0,0.0,18.0
2018-04-18 13:45:00,1366.0,1366.0,1366.0,1366.0,0.0,0.0,18.0
2018-04-18 13:50:00,1366.0,1366.0,1366.0,1366.0,0.0,0.0,18.0
2018-04-18 13:55:00,1366.0,1366.0,1366.0,1366.0,0.0,0.0,18.0
2018-04-18 14:00:00,1366.0,1366.0,1366.0,1366.0,0.0,0.0,18.0
2018-04-18 14:05:00,1366.0,1366.0,1366.0,1366.0,0.0,0.0,18.0
2018-04-18 14:10:00,1366.0,1366.0,1366.0,1366.0,0.0,0.0,18.0
2018-04-18 14:15:00,1366.0,1366.0,1366.0,1366.0,0.0,0.0,18.0
2018-04-18 14:20:00,1366.0,1366.0,1366.0,1366.0,0.0,0.0,18.0
2018-04-18 14:25:00,1366.0,1366.0,1366.0,1366.0,0.0,0.0,18.0
2018-04-18 14:30:00,1366.0,1366.0,1366.0,1366.0,0.0,0.0,18.0
2018-04-18 14:35:00,1366.0,1366.0,1366.0,1366.0,0.0,0.0,18.0
2018-04-18 14:40:00,1366.0,1366.0,1366.0,1366.0,0.0,0.0,18.0
2018-04-18 14:45:00,1366.0,1366.0,1366.0,1366.0,0.0,0.0,18.0
2018-04-18 14:50:00,1366.0,1366.0,1366.0,1366.0,0.0,0.0,18.0
2018-04-18 14:55:00,1366.0,1366.0,1366.0,1366.0,0.0,0.0,18.0
2018-04-18 21:00:00,1384.0,1384.0,1384.0,1384.0,0.0,0.0,18.0
2018-04-18 21:05:00,1384.0,1384.0,1384.0,1384.0,0.0,0.0,18.0
2018-04-18 21:10:00,1384.0,1384.0,1384.0,1384.0,0.0,0.0,18.0
2018-04-18 21:15:00,1384.0,1384.0,1384.0,1384.0,0.0,0.0,18.0
2018-04-18 21:20:00,1384.0,1384.0,1384.0,1384.0,0.0,0.0,18.0
2018-04-18 21:25:00,1384.0,1384.0,1384.0,1384.0,0.0,0.0,18.0
2018-04-18 21:30:00,1384.0,1384.0,1384.0,1384.0,0.0,0.0,18.0
2018-04-18 21:35:00,1384.0,1384.0,1384.0,1384.0,0.0,0.0,18.0
2018-04-18 21:40:00,1384.0,1384.0,1384.0,1384.0,0.0,0.0,18.0
2018-04-18 21:45:00,1384.0,1384.0,1384.0,1384.0,0.0,0.0,18.0
2018-04-18 21:50:00,1384.0,1384.0,1384.0,1384.0,0.0,0.0,18.0
2018-04-18 21:55:00,1384.0,1384.0,1384.0,1384.0,0.0,0.0,18.0
2018-04-18 22:00:00,1384.0,1384.0,1384.0,1384.0,0.0,0.0,18.0
2018-04-18 22:05:00,1384.0,1384.0,1384.0,1384.0,0.0,0.0,18.0
2018-04-18 22:10:00,1384.0,1384.0,1384.0,1384.0,0.0,0.0,18.0
2018-04-18 22:15:00,1384.0,1384.0,1384.0,1384.0,0.0,0.0,18.0
2018-04-18 22:20:00,1384.0,1384.0,1384.0,1384.0,0.0,0.0,18.0
2018-04-18 22:25:00,1384.0,1384.0,1384.0,1384.0,0.0,0.0,18.0
2018-04-18 22:30:00,1384.0,1384.0,1384.0,1384.0,0.0,0.0,18.0
2018-04-18 22:35:00,1384.0,1386.0,1384.0,1386.0,8.0,221760.0,18.0
2018-04-18 22:40:00,1386.0,1393.0,1386.0,1393.0,12.0,333840.0,18.0
2018-04-18 22:45:00,1393.0,1393.0,1393.0,1393.0,0.0,0.0,18.0
2018-04-18 22:50:00,1393.0,1393.0,1393.0,1393.0,0.0,0.0,18.0
2018-04-18 22:55:00,1393.0,1393.0,1393.0,1393.0,0.0,0.0,18.0
2018-04-18 23:00:00,1393.0,1393.0,1393.0,1393.0,0.0,0.0,18.0
2018-04-18 23:05:00,1393.0,1393.0,1393.0,1393.0,0.0,0.0,18.0
2018-04-18 23:10:00,1393.0,1393.0,1393.0,1393.0,0.0,0.0,18.0
2018-04-18 23:15:00,1393.0,1393.0,1393.0,1393.0,0.0,0.0,18.0
2018-04-18 23:20:00,1393.0,1393.0,1393.0,1393.0,0.0,0.0,18.0
2018-04-18 23:25:00,1393.0,1393.0,1393.0,1393.0,0.0,0.0,18.0
2018-04-19 09:00:00,1393.0,1393.0,1393.0,1393.0,0.0,0.0,18.0
2018-04-19 09:05:00,1393.0,1393.0,1393.0,1393.0,0.0,0.0,18.0
2018-04-19 09:10:00,1393.0,1393.0,1393.0,1393.0,0.0,0.0,18.0
2018-04-19 09:15:00,1393.0,1393.0,1393.0,1393.0,0.0,0.0,18.0
2018-04-19 09:20:00,1393.0,1393.0,1393.0,1393.0,0.0,0.0,18.0
2018-04-19 09:25:00,1393.0,1393.0,1393.0,1393.0,0.0,0.0,18.0
2018-04-19 09:30:00,1393.0,1393.0,1393.0,1393.0,0.0,0.0,18.0
2018-04-19 09:35:00,1393.0,1393.0,1393.0,1393.0,0.0,0.0,18.0
2018-04-19 09:40:00,1393.0,1393.0,1393.0,1393.0,0.0,0.0,18.0
2018-04-19 09:45:00,1393.0,1393.0,1393.0,1393.0,0.0,0.0,18.0
2018-04-19 09:50:00,1393.0,1393.0,1393.0,1393.0,0.0,0.0,18.0
2018-04-19 09:55:00,1393.0,1393.0,1393.0,1393.0,0.0,0.0,18.0
2018-04-19 10:00:00,1393.0,1393.0,1393.0,1393.0,0.0,0.0,18.0
2018-04-19 10:05:00,1393.0,1393.0,1393.0,1393.0,0.0,0.0,18.0
2018-04-19 10:10:00,1393.0,1393.0,1393.0,1393.0,0.0,0.0,18.0
2018-04-19 10:30:00,1393.0,1393.0,1393.0,1393.0,0.0,0.0,18.0
2018-04-19 10:35:00,1393.0,1393.0,1393.0,1393.0,0.0,0.0,18.0
2018-04-19 10:40:00,1393.0,1393.0,1393.0,1393.0,0.0,0.0,18.0
2018-04-19 10:45:00,1393.0,1393.0,1393.0,1393.0,0.0,0.0,18.0
2018-04-19 10:50:00,1393.0,1393.0,1393.0,1393.0,0.0,0.0,18.0
2018-04-19 10:55:00,1393.0,1393.0,1393.0,1393.0,0.0,0.0,18.0
2018-04-19 11:00:00,1393.0,1393.0,1393.0,1393.0,0.0,0.0,18.0
2018-04-19 11:05:00,1393.0,1393.0,1393.0,1393.0,0.0,0.0,18.0
2018-04-19 11:10:00,1393.0,1393.0,1393.0,1393.0,0.0,0.0,18.0
2018-04-19 11:15:00,1393.0,1393.0,1393.0,1393.0,0.0,0.0,18.0
2018-04-19 11:20:00,1393.0,1393.0,1393.0,1393.0,0.0,0.0,18.0
2018-04-19 11:25:00,1393.0,1393.0,1393.0,1393.0,0.0,0.0,18.0
2018-04-19 13:30:00,1393.0,1393.0,1393.0,1393.0,0.0,0.0,18.0
2018-04-19 13:35:00,1393.0,1393.0,1393.0,1393.0,0.0,0.0,18.0
2018-04-19 13:40:00,1393.0,1393.0,1393.0,1393.0,0.0,0.0,18.0
2018-04-19 13:45:00,1393.0,1393.0,1393.0,1393.0,0.0,0.0,18.0
2018-04-19 13:50:00,1393.0,1393.0,1393.0,1393.0,0.0,0.0,18.0
2018-04-19 13:55:00,1393.0,1393.0,1393.0,1393.0,0.0,0.0,18.0
2018-04-19 14:00:00,1393.0,1393.0,1393.0,1393.0,0.0,0.0,18.0
2018-04-19 14:05:00,1393.0,1393.0,1393.0,1393.0,0.0,0.0,18.0
2018-04-19 14:10:00,1393.0,1393.0,1393.0,1393.0,0.0,0.0,18.0
2018-04-19 14:15:00,1393.0,1393.0,1393.0,1393.0,0.0,0.0,18.0
2018-04-19 14:20:00,1393.0,1393.0,1393.0,1393.0,0.0,0.0,18.0
2018-04-19 14:25:00,1393.0,1393.0,1393.0,1393.0,0.0,0.0,18.0
2018-04-19 14:30:00,1393.0,1393.0,1393.0,1393.0,0.0,0.0,18.0
2018-04-19 14:35:00,1393.0,1393.0,1393.0,1393.0,0.0,0.0,18.0
2018-04-19 14:40:00,1393.0,1393.0,1393.0,1393.0,0.0,0.0,18.0
2018-04-19 14:45:00,1393.0,1393.0,1393.0,1393.0,0.0,0.0,18.0
2018-04-19 14:50:00,1393.0,1393.0,1393.0,1393.0,0.0,0.0,18.0
2018-04-19 14:55:00,1393.0,1393.0,1393.0,1393.0,0.0,0.0,18.0
2018-04-19 21:00:00,1389.0,1389.0,1389.0,1389.0,0.0,0.0,18.0
2018-04-19 21:05:00,1389.0,1389.0,1389.0,1389.0,0.0,0.0,18.0
2018-04-19 21:10:00,1389.0,1389.0,1389.0,1389.0,0.0,0.0,18.0
2018-04-19 21:15:00,1389.0,1389.0,1389.0,1389.0,0.0,0.0,18.0
2018-04-19 21:20:00,1389.0,1389.0,1389.0,1389.0,0.0,0.0,18.0
2018-04-19 21:25:00,1389.0,1394.0,1389.0,1394.0,2.0,55760.0,16.0
2018-04-19 21:30:00,1394.0,1394.0,1394.0,1394.0,0.0,0.0,16.0
2018-04-19 21:35:00,1394.0,1394.0,1394.0,1394.0,0.0,0.0,16.0
2018-04-19 21:40:00,1394.0,1394.0,1394.0,1394.0,0.0,0.0,16.0
2018-04-19 21:45:00,1394.0,1394.0,1394.0,1394.0,0.0,0.0,16.0
2018-04-19 21:50:00,1394.0,1394.0,1394.0,1394.0,0.0,0.0,16.0
2018-04-19 21:55:00,1394.0,1394.0,1394.0,1394.0,0.0,0.0,16.0
2018-04-19 22:00:00,1394.0,1394.0,1394.0,1394.0,0.0,0.0,16.0
2018-04-19 22:05:00,1394.0,1394.0,1394.0,1394.0,0.0,0.0,16.0
2018-04-19 22:10:00,1394.0,1394.0,1394.0,1394.0,0.0,0.0,16.0
2018-04-19 22:15:00,1394.0,1394.0,1394.0,1394.0,0.0,0.0,16.0
2018-04-19 22:20:00,1394.0,1394.0,1394.0,1394.0,0.0,0.0,16.0
2018-04-19 22:25:00,1394.0,1394.0,1394.0,1394.0,0.0,0.0,16.0
2018-04-19 22:30:00,1394.0,1394.0,1394.0,1394.0,0.0,0.0,16.0
2018-04-19 22:35:00,1394.0,1394.0,1394.0,1394.0,0.0,0.0,16.0
2018-04-19 22:40:00,1394.0,1394.0,1394.0,1394.0,0.0,0.0,16.0
2018-04-19 22:45:00,1394.0,1394.0,1394.0,1394.0,0.0,0.0,16.0
2018-04-19 22:50:00,1394.0,1394.0,1394.0,1394.0,0.0,0.0,16.0
2018-04-19 22:55:00,1394.0,1394.0,1394.0,1394.0,0.0,0.0,16.0
2018-04-19 23:00:00,1394.0,1394.0,1394.0,1394.0,0.0,0.0,16.0
2018-04-19 23:05:00,1394.0,1394.0,1394.0,1394.0,0.0,0.0,16.0
2018-04-19 23:10:00,1394.0,1394.0,1394.0,1394.0,0.0,0.0,16.0
2018-04-19 23:15:00,1394.0,1394.0,1394.0,1394.0,0.0,0.0,16.0
2018-04-19 23:20:00,1394.0,1394.0,1394.0,1394.0,0.0,0.0,16.0
2018-04-19 23:25:00,1394.0,1394.0,1394.0,1394.0,0.0,0.0,16.0
2018-04-20 09:00:00,1394.0,1394.0,1394.0,1394.0,0.0,0.0,16.0
2018-04-20 09:05:00,1394.0,1394.0,1394.0,1394.0,0.0,0.0,16.0
2018-04-20 09:10:00,1394.0,1394.0,1394.0,1394.0,0.0,0.0,16.0
2018-04-20 09:15:00,1394.0,1394.0,1394.0,1394.0,0.0,0.0,16.0
2018-04-20 09:20:00,1394.0,1394.0,1394.0,1394.0,0.0,0.0,16.0
2018-04-20 09:25:00,1394.0,1394.0,1394.0,1394.0,0.0,0.0,16.0
2018-04-20 09:30:00,1394.0,1394.0,1394.0,1394.0,0.0,0.0,16.0
2018-04-20 09:35:00,1394.0,1394.0,1394.0,1394.0,0.0,0.0,16.0
2018-04-20 09:40:00,1394.0,1394.0,1394.0,1394.0,0.0,0.0,16.0
2018-04-20 09:45:00,1394.0,1394.0,1394.0,1394.0,0.0,0.0,16.0
2018-04-20 09:50:00,1394.0,1394.0,1394.0,1394.0,0.0,0.0,16.0
2018-04-20 09:55:00,1394.0,1394.0,1394.0,1394.0,0.0,0.0,16.0
2018-04-20 10:00:00,1394.0,1394.0,1394.0,1394.0,0.0,0.0,16.0
2018-04-20 10:05:00,1394.0,1394.0,1394.0,1394.0,0.0,0.0,16.0
2018-04-20 10:10:00,1394.0,1394.0,1394.0,1394.0,0.0,0.0,16.0
2018-04-20 10:30:00,1394.0,1394.0,1394.0,1394.0,0.0,0.0,16.0
2018-04-20 10:35:00,1394.0,1394.0,1394.0,1394.0,0.0,0.0,16.0
2018-04-20 10:40:00,1394.0,1394.0,1394.0,1394.0,0.0,0.0,16.0
2018-04-20 10:45:00,1394.0,1394.0,1394.0,1394.0,0.0,0.0,16.0
2018-04-20 10:50:00,1394.0,1394.0,1394.0,1394.0,0.0,0.0,16.0
2018-04-20 10:55:00,1394.0,1394.0,1394.0,1394.0,0.0,0.0,16.0
2018-04-20 11:00:00,1394.0,1394.0,1394.0,1394.0,0.0,0.0,16.0
2018-04-20 11:05:00,1394.0,1394.0,1394.0,1394.0,0.0,0.0,16.0
2018-04-20 11:10:00,1394.0,1394.0,1394.0,1394.0,0.0,0.0,16.0
2018-04-20 11:15:00,1394.0,1394.0,1394.0,1394.0,0.0,0.0,16.0
2018-04-20 11:20:00,1394.0,1394.0,1394.0,1394.0,0.0,0.0,16.0
2018-04-20 11:25:00,1394.0,1394.0,1394.0,1394.0,0.0,0.0,16.0
2018-04-20 13:30:00,1394.0,1394.0,1394.0,1394.0,0.0,0.0,16.0
2018-04-20 13:35:00,1394.0,1394.0,1394.0,1394.0,0.0,0.0,16.0
2018-04-20 13:40:00,1394.0,1394.0,1394.0,1394.0,0.0,0.0,16.0
2018-04-20 13:45:00,1394.0,1394.0,1394.0,1394.0,0.0,0.0,16.0
2018-04-20 13:50:00,1394.0,1394.0,1394.0,1394.0,0.0,0.0,16.0
2018-04-20 13:55:00,1394.0,1394.0,1394.0,1394.0,0.0,0.0,16.0
2018-04-20 14:00:00,1394.0,1394.0,1394.0,1394.0,0.0,0.0,16.0
2018-04-20 14:05:00,1394.0,1394.0,1394.0,1394.0,0.0,0.0,16.0
2018-04-20 14:10:00,1394.0,1394.0,1394.0,1394.0,0.0,0.0,16.0
2018-04-20 14:15:00,1394.0,1394.0,1394.0,1394.0,0.0,0.0,16.0
2018-04-20 14:20:00,1394.0,1394.0,1394.0,1394.0,0.0,0.0,16.0
2018-04-20 14:25:00,1394.0,1394.0,1394.0,1394.0,0.0,0.0,16.0
2018-04-20 14:30:00,1394.0,1394.0,1394.0,1394.0,0.0,0.0,16.0
2018-04-20 14:35:00,1394.0,1394.0,1394.0,1394.0,0.0,0.0,16.0
2018-04-20 14:40:00,1394.0,1394.0,1394.0,1394.0,0.0,0.0,16.0
2018-04-20 14:45:00,1394.0,1394.0,1394.0,1394.0,0.0,0.0,16.0
2018-04-20 14:50:00,1394.0,1394.0,1394.0,1394.0,0.0,0.0,16.0
2018-04-20 14:55:00,1394.0,1394.0,1394.0,1394.0,0.0,0.0,16.0
2018-04-20 21:00:00,1394.0,1394.0,1394.0,1394.0,0.0,0.0,16.0
2018-04-20 21:05:00,1394.0,1394.0,1394.0,1394.0,0.0,0.0,16.0
2018-04-20 21:10:00,1394.0,1394.0,1394.0,1394.0,0.0,0.0,16.0
2018-04-20 21:15:00,1394.0,1394.0,1394.0,1394.0,0.0,0.0,16.0
2018-04-20 21:20:00,1394.0,1394.0,1394.0,1394.0,0.0,0.0,16.0
2018-04-20 21:25:00,1394.0,1394.0,1394.0,1394.0,0.0,0.0,16.0
2018-04-20 21:30:00,1394.0,1394.0,1394.0,1394.0,0.0,0.0,16.0
2018-04-20 21:35:00,1394.0,1394.0,1394.0,1394.0,0.0,0.0,16.0
2018-04-20 21:40:00,1394.0,1394.0,1394.0,1394.0,0.0,0.0,16.0
2018-04-20 21:45:00,1394.0,1394.0,1394.0,1394.0,0.0,0.0,16.0
2018-04-20 21:50:00,1394.0,1394.0,1394.0,1394.0,0.0,0.0,16.0
2018-04-20 21:55:00,1394.0,1394.0,1394.0,1394.0,0.0,0.0,16.0
2018-04-20 22:00:00,1394.0,1394.0,1394.0,1394.0,0.0,0.0,16.0
2018-04-20 22:05:00,1394.0,1394.0,1394.0,1394.0,0.0,0.0,16.0
2018-04-20 22:10:00,1394.0,1394.0,1394.0,1394.0,0.0,0.0,16.0
2018-04-20 22:15:00,1394.0,1394.0,1394.0,1394.0,0.0,0.0,16.0
2018-04-20 22:20:00,1394.0,1394.0,1394.0,1394.0,0.0,0.0,16.0
2018-04-20 22:25:00,1394.0,1394.0,1394.0,1394.0,0.0,0.0,16.0
2018-04-20 22:30:00,1394.0,1394.0,1394.0,1394.0,0.0,0.0,16.0
2018-04-20 22:35:00,1394.0,1394.0,1394.0,1394.0,0.0,0.0,16.0
2018-04-20 22:40:00,1394.0,1394.0,1394.0,1394.0,0.0,0.0,16.0
2018-04-20 22:45:00,1394.0,1394.0,1394.0,1394.0,0.0,0.0,16.0
2018-04-20 22:50:00,1394.0,1394.0,1394.0,1394.0,0.0,0.0,16.0
2018-04-20 22:55:00,1394.0,1394.0,1394.0,1394.0,0.0,0.0,16.0
2018-04-20 23:00:00,1394.0,1394.0,1394.0,1394.0,0.0,0.0,16.0
2018-04-20 23:05:00,1394.0,1394.0,1394.0,1394.0,0.0,0.0,16.0
2018-04-20 23:10:00,1394.0,1394.0,1394.0,1394.0,0.0,0.0,16.0
2018-04-20 23:15:00,1394.0,1394.0,1394.0,1394.0,0.0,0.0,16.0
2018-04-20 23:20:00,1394.0,1394.0,1394.0,1394.0,0.0,0.0,16.0
2018-04-20 23:25:00,1394.0,1394.0,1394.0,1394.0,0.0,0.0,16.0
2018-04-23 09:00:00,1394.0,1394.0,1394.0,1394.0,0.0,0.0,16.0
2018-04-23 09:05:00,1394.0,1394.0,1394.0,1394.0,0.0,0.0,16.0
2018-04-23 09:10:00,1394.0,1394.0,1394.0,1394.0,0.0,0.0,16.0
2018-04-23 09:15:00,1394.0,1394.0,1394.0,1394.0,0.0,0.0,16.0
2018-04-23 09:20:00,1394.0,1394.0,1394.0,1394.0,0.0,0.0,16.0
2018-04-23 09:25:00,1394.0,1394.0,1394.0,1394.0,0.0,0.0,16.0
2018-04-23 09:30:00,1394.0,1394.0,1394.0,1394.0,0.0,0.0,16.0
2018-04-23 09:35:00,1394.0,1394.0,1394.0,1394.0,0.0,0.0,16.0
2018-04-23 09:40:00,1394.0,1394.0,1394.0,1394.0,0.0,0.0,16.0
2018-04-23 09:45:00,1394.0,1394.0,1394.0,1394.0,0.0,0.0,16.0
2018-04-23 09:50:00,1394.0,1394.0,1394.0,1394.0,0.0,0.0,16.0
2018-04-23 09:55:00,1394.0,1394.0,1394.0,1394.0,0.0,0.0,16.0
2018-04-23 10:00:00,1394.0,1394.0,1394.0,1394.0,0.0,0.0,16.0
2018-04-23 10:05:00,1394.0,1394.0,1394.0,1394.0,0.0,0.0,16.0
2018-04-23 10:10:00,1394.0,1394.0,1394.0,1394.0,0.0,0.0,16.0
2018-04-23 10:30:00,1394.0,1394.0,1394.0,1394.0,0.0,0.0,16.0
2018-04-23 10:35:00,1394.0,1394.0,1394.0,1394.0,0.0,0.0,16.0
2018-04-23 10:40:00,1394.0,1394.0,1394.0,1394.0,0.0,0.0,16.0
2018-04-23 10:45:00,1394.0,1394.0,1394.0,1394.0,0.0,0.0,16.0
2018-04-23 10:50:00,1394.0,1394.0,1394.0,1394.0,0.0,0.0,16.0
2018-04-23 10:55:00,1394.0,1394.0,1394.0,1394.0,0.0,0.0,16.0
2018-04-23 11:00:00,1394.0,1394.0,1394.0,1394.0,0.0,0.0,16.0
2018-04-23 11:05:00,1394.0,1394.0,1394.0,1394.0,0.0,0.0,16.0
2018-04-23 11:10:00,1394.0,1394.0,1394.0,1394.0,0.0,0.0,16.0
2018-04-23 11:15:00,1394.0,1394.0,1394.0,1394.0,0.0,0.0,16.0
2018-04-23 11:20:00,1402.0,1402.0,1402.0,1402.0,2.0,56080.0,18.0
2018-04-23 11:25:00,1402.0,1402.0,1402.0,1402.0,0.0,0.0,18.0
2018-04-23 13:30:00,1402.0,1402.0,1402.0,1402.0,0.0,0.0,18.0
2018-04-23 13:35:00,1402.0,1402.0,1402.0,1402.0,0.0,0.0,18.0
2018-04-23 13:40:00,1402.0,1402.0,1402.0,1402.0,0.0,0.0,18.0
2018-04-23 13:45:00,1402.0,1402.0,1402.0,1402.0,0.0,0.0,18.0
2018-04-23 13:50:00,1402.0,1402.0,1402.0,1402.0,0.0,0.0,18.0
2018-04-23 13:55:00,1402.0,1402.0,1402.0,1402.0,0.0,0.0,18.0
2018-04-23 14:00:00,1402.0,1402.0,1402.0,1402.0,0.0,0.0,18.0
2018-04-23 14:05:00,1402.0,1402.0,1402.0,1402.0,0.0,0.0,18.0
2018-04-23 14:10:00,1402.0,1402.0,1402.0,1402.0,0.0,0.0,18.0
2018-04-23 14:15:00,1402.0,1402.0,1402.0,1402.0,0.0,0.0,18.0
2018-04-23 14:20:00,1402.0,1402.0,1402.0,1402.0,0.0,0.0,18.0
2018-04-23 14:25:00,1402.0,1402.0,1402.0,1402.0,0.0,0.0,18.0
2018-04-23 14:30:00,1402.0,1402.0,1402.0,1402.0,0.0,0.0,18.0
2018-04-23 14:35:00,1402.0,1402.0,1402.0,1402.0,0.0,0.0,18.0
2018-04-23 14:40:00,1402.0,1402.0,1402.0,1402.0,0.0,0.0,18.0
2018-04-23 14:45:00,1402.0,1402.0,1402.0,1402.0,0.0,0.0,18.0
2018-04-23 14:50:00,1402.0,1402.0,1402.0,1402.0,0.0,0.0,18.0
2018-04-23 14:55:00,1402.0,1402.0,1402.0,1402.0,0.0,0.0,18.0
2018-04-23 21:00:00,1402.0,1402.0,1402.0,1402.0,0.0,0.0,18.0
2018-04-23 21:05:00,1402.0,1402.0,1402.0,1402.0,0.0,0.0,18.0
2018-04-23 21:10:00,1402.0,1402.0,1402.0,1402.0,0.0,0.0,18.0
2018-04-23 21:15:00,1402.0,1402.0,1402.0,1402.0,0.0,0.0,18.0
2018-04-23 21:20:00,1402.0,1402.0,1402.0,1402.0,0.0,0.0,18.0
2018-04-23 21:25:00,1402.0,1402.0,1402.0,1402.0,0.0,0.0,18.0
2018-04-23 21:30:00,1402.0,1402.0,1402.0,1402.0,0.0,0.0,18.0
2018-04-23 21:35:00,1402.0,1402.0,1402.0,1402.0,0.0,0.0,18.0
2018-04-23 21:40:00,1402.0,1402.0,1402.0,1402.0,0.0,0.0,18.0
2018-04-23 21:45:00,1402.0,1402.0,1402.0,1402.0,0.0,0.0,18.0
2018-04-23 21:50:00,1402.0,1402.0,1402.0,1402.0,0.0,0.0,18.0
2018-04-23 21:55:00,1402.0,1402.0,1402.0,1402.0,0.0,0.0,18.0
2018-04-23 22:00:00,1402.0,1402.0,1402.0,1402.0,0.0,0.0,18.0
2018-04-23 22:05:00,1402.0,1402.0,1402.0,1402.0,0.0,0.0,18.0
2018-04-23 22:10:00,1402.0,1402.0,1402.0,1402.0,0.0,0.0,18.0
2018-04-23 22:15:00,1402.0,1402.0,1402.0,1402.0,0.0,0.0,18.0
2018-04-23 22:20:00,1402.0,1402.0,1402.0,1402.0,0.0,0.0,18.0
2018-04-23 22:25:00,1402.0,1402.0,1402.0,1402.0,0.0,0.0,18.0
2018-04-23 22:30:00,1402.0,1402.0,1402.0,1402.0,0.0,0.0,18.0
2018-04-23 22:35:00,1402.0,1402.0,1402.0,1402.0,0.0,0.0,18.0
2018-04-23 22:40:00,1402.0,1402.0,1402.0,1402.0,0.0,0.0,18.0
2018-04-23 22:45:00,1402.0,1402.0,1402.0,1402.0,0.0,0.0,18.0
2018-04-23 22:50:00,1402.0,1402.0,1402.0,1402.0,0.0,0.0,18.0
2018-04-23 22:55:00,1402.0,1402.0,1402.0,1402.0,0.0,0.0,18.0
2018-04-23 23:00:00,1402.0,1402.0,1402.0,1402.0,0.0,0.0,18.0
2018-04-23 23:05:00,1402.0,1402.0,1402.0,1402.0,0.0,0.0,18.0
2018-04-23 23:10:00,1402.0,1402.0,1402.0,1402.0,0.0,0.0,18.0
2018-04-23 23:15:00,1402.0,1402.0,1402.0,1402.0,0.0,0.0,18.0
2018-04-23 23:20:00,1402.0,1402.0,1402.0,1402.0,0.0,0.0,18.0
2018-04-23 23:25:00,1402.0,1402.0,1402.0,1402.0,0.0,0.0,18.0
2018-04-24 09:00:00,1402.0,1402.0,1402.0,1402.0,0.0,0.0,18.0
2018-04-24 09:05:00,1402.0,1402.0,1402.0,1402.0,0.0,0.0,18.0
2018-04-24 09:10:00,1402.0,1402.0,1402.0,1402.0,0.0,0.0,18.0
2018-04-24 09:15:00,1402.0,1402.0,1402.0,1402.0,0.0,0.0,18.0
2018-04-24 09:20:00,1402.0,1402.0,1402.0,1402.0,0.0,0.0,18.0
2018-04-24 09:25:00,1402.0,1402.0,1402.0,1402.0,0.0,0.0,18.0
2018-04-24 09:30:00,1402.0,1402.0,1402.0,1402.0,0.0,0.0,18.0
2018-04-24 09:35:00,1402.0,1402.0,1402.0,1402.0,0.0,0.0,18.0
2018-04-24 09:40:00,1402.0,1402.0,1402.0,1402.0,0.0,0.0,18.0
2018-04-24 09:45:00,1402.0,1402.0,1402.0,1402.0,0.0,0.0,18.0
2018-04-24 09:50:00,1402.0,1402.0,1402.0,1402.0,0.0,0.0,18.0
2018-04-24 09:55:00,1402.0,1402.0,1402.0,1402.0,0.0,0.0,18.0
2018-04-24 10:00:00,1402.0,1402.0,1402.0,1402.0,0.0,0.0,18.0
2018-04-24 10:05:00,1402.0,1402.0,1402.0,1402.0,0.0,0.0,18.0
2018-04-24 10:10:00,1402.0,1402.0,1402.0,1402.0,0.0,0.0,18.0
2018-04-24 10:30:00,1402.0,1402.0,1402.0,1402.0,0.0,0.0,18.0
2018-04-24 10:35:00,1402.0,1402.0,1402.0,1402.0,0.0,0.0,18.0
2018-04-24 10:40:00,1402.0,1402.0,1402.0,1402.0,0.0,0.0,18.0
2018-04-24 10:45:00,1402.0,1402.0,1402.0,1402.0,0.0,0.0,18.0
2018-04-24 10:50:00,1402.0,1402.0,1402.0,1402.0,0.0,0.0,18.0
2018-04-24 10:55:00,1402.0,1402.0,1402.0,1402.0,0.0,0.0,18.0
2018-04-24 11:00:00,1402.0,1402.0,1402.0,1402.0,0.0,0.0,18.0
2018-04-24 11:05:00,1402.0,1402.0,1402.0,1402.0,0.0,0.0,18.0
2018-04-24 11:10:00,1402.0,1402.0,1402.0,1402.0,0.0,0.0,18.0
2018-04-24 11:15:00,1402.0,1402.0,1402.0,1402.0,0.0,0.0,18.0
2018-04-24 11:20:00,1402.0,1402.0,1402.0,1402.0,0.0,0.0,18.0
2018-04-24 11:25:00,1402.0,1402.0,1402.0,1402.0,0.0,0.0,18.0
2018-04-24 13:30:00,1402.0,1402.0,1402.0,1402.0,0.0,0.0,18.0
2018-04-24 13:35:00,1402.0,1402.0,1402.0,1402.0,0.0,0.0,18.0
2018-04-24 13:40:00,1402.0,1402.0,1402.0,1402.0,0.0,0.0,18.0
2018-04-24 13:45:00,1402.0,1402.0,1402.0,1402.0,0.0,0.0,18.0
2018-04-24 13:50:00,1402.0,1402.0,1402.0,1402.0,0.0,0.0,18.0
2018-04-24 13:55:00,1402.0,1402.0,1402.0,1402.0,0.0,0.0,18.0
2018-04-24 14:00:00,1402.0,1402.0,1402.0,1402.0,0.0,0.0,18.0
2018-04-24 14:05:00,1402.0,1402.0,1402.0,1402.0,0.0,0.0,18.0
2018-04-24 14:10:00,1402.0,1402.0,1402.0,1402.0,0.0,0.0,18.0
2018-04-24 14:15:00,1402.0,1402.0,1402.0,1402.0,0.0,0.0,18.0
2018-04-24 14:20:00,1402.0,1402.0,1402.0,1402.0,0.0,0.0,18.0
2018-04-24 14:25:00,1402.0,1407.0,1402.0,1407.0,2.0,56280.0,20.0
2018-04-24 14:30:00,1407.0,1407.0,1407.0,1407.0,0.0,0.0,20.0
2018-04-24 14:35:00,1407.0,1407.0,1407.0,1407.0,0.0,0.0,20.0
2018-04-24 14:40:00,1407.0,1407.0,1407.0,1407.0,0.0,0.0,20.0
2018-04-24 14:45:00,1407.0,1407.0,1407.0,1407.0,0.0,0.0,20.0
2018-04-24 14:50:00,1407.0,1407.0,1407.0,1407.0,0.0,0.0,20.0
2018-04-24 14:55:00,1407.0,1407.0,1407.0,1407.0,0.0,0.0,20.0
2018-04-24 21:00:00,1407.0,1407.0,1407.0,1407.0,0.0,0.0,20.0
2018-04-24 21:05:00,1407.0,1407.0,1407.0,1407.0,0.0,0.0,20.0
2018-04-24 21:10:00,1407.0,1407.0,1407.0,1407.0,0.0,0.0,20.0
2018-04-24 21:15:00,1407.0,1407.0,1407.0,1407.0,0.0,0.0,20.0
2018-04-24 21:20:00,1407.0,1407.0,1407.0,1407.0,0.0,0.0,20.0
2018-04-24 21:25:00,1407.0,1407.0,1407.0,1407.0,0.0,0.0,20.0
2018-04-24 21:30:00,1407.0,1407.0,1407.0,1407.0,0.0,0.0,20.0
2018-04-24 21:35:00,1407.0,1407.0,1407.0,1407.0,0.0,0.0,20.0
2018-04-24 21:40:00,1407.0,1407.0,1407.0,1407.0,0.0,0.0,20.0
2018-04-24 21:45:00,1407.0,1407.0,1407.0,1407.0,0.0,0.0,20.0
2018-04-24 21:50:00,1407.0,1407.0,1407.0,1407.0,0.0,0.0,20.0
2018-04-24 21:55:00,1407.0,1407.0,1407.0,1407.0,0.0,0.0,20.0
2018-04-24 22:00:00,1407.0,1407.0,1407.0,1407.0,0.0,0.0,20.0
2018-04-24 22:05:00,1407.0,1407.0,1407.0,1407.0,0.0,0.0,20.0
2018-04-24 22:10:00,1407.0,1407.0,1407.0,1407.0,0.0,0.0,20.0
2018-04-24 22:15:00,1407.0,1407.0,1407.0,1407.0,0.0,0.0,20.0
2018-04-24 22:20:00,1407.0,1407.0,1407.0,1407.0,0.0,0.0,20.0
2018-04-24 22:25:00,1407.0,1407.0,1407.0,1407.0,0.0,0.0,20.0
2018-04-24 22:30:00,1407.0,1407.0,1407.0,1407.0,0.0,0.0,20.0
2018-04-24 22:35:00,1407.0,1407.0,1407.0,1407.0,0.0,0.0,20.0
2018-04-24 22:40:00,1407.0,1407.0,1407.0,1407.0,0.0,0.0,20.0
2018-04-24 22:45:00,1407.0,1407.0,1407.0,1407.0,0.0,0.0,20.0
2018-04-24 22:50:00,1407.0,1407.0,1407.0,1407.0,0.0,0.0,20.0
2018-04-24 22:55:00,1407.0,1407.0,1407.0,1407.0,0.0,0.0,20.0
2018-04-24 23:00:00,1407.0,1407.0,1407.0,1407.0,0.0,0.0,20.0
2018-04-24 23:05:00,1407.0,1407.0,1407.0,1407.0,0.0,0.0,20.0
2018-04-24 23:10:00,1407.0,1407.0,1407.0,1407.0,0.0,0.0,20.0
2018-04-24 23:15:00,1407.0,1407.0,1407.0,1407.0,0.0,0.0,20.0
2018-04-24 23:20:00,1407.0,1407.0,1407.0,1407.0,0.0,0.0,20.0
2018-04-24 23:25:00,1407.0,1407.0,1405.0,1405.0,2.0,56200.0,22.0
2018-04-25 09:00:00,1405.0,1405.0,1405.0,1405.0,0.0,0.0,22.0
2018-04-25 09:05:00,1405.0,1405.0,1405.0,1405.0,0.0,0.0,22.0
2018-04-25 09:10:00,1405.0,1405.0,1405.0,1405.0,0.0,0.0,22.0
2018-04-25 09:15:00,1405.0,1405.0,1405.0,1405.0,0.0,0.0,22.0
2018-04-25 09:20:00,1405.0,1405.0,1405.0,1405.0,0.0,0.0,22.0
2018-04-25 09:25:00,1405.0,1405.0,1405.0,1405.0,0.0,0.0,22.0
2018-04-25 09:30:00,1405.0,1405.0,1405.0,1405.0,0.0,0.0,22.0
2018-04-25 09:35:00,1405.0,1405.0,1405.0,1405.0,0.0,0.0,22.0
2018-04-25 09:40:00,1405.0,1405.0,1396.0,1396.0,2.0,55880.0,20.0
2018-04-25 09:45:00,1396.0,1396.0,1396.0,1396.0,0.0,0.0,20.0
2018-04-25 09:50:00,1396.0,1396.0,1396.0,1396.0,0.0,0.0,20.0
2018-04-25 09:55:00,1396.0,1396.0,1396.0,1396.0,0.0,0.0,20.0
2018-04-25 10:00:00,1396.0,1396.0,1396.0,1396.0,0.0,0.0,20.0
2018-04-25 10:05:00,1396.0,1396.0,1396.0,1396.0,0.0,0.0,20.0
2018-04-25 10:10:00,1396.0,1396.0,1396.0,1396.0,0.0,0.0,20.0
2018-04-25 10:30:00,1396.0,1396.0,1396.0,1396.0,0.0,0.0,20.0
2018-04-25 10:35:00,1396.0,1396.0,1396.0,1396.0,0.0,0.0,20.0
2018-04-25 10:40:00,1396.0,1396.0,1396.0,1396.0,0.0,0.0,20.0
2018-04-25 10:45:00,1396.0,1396.0,1396.0,1396.0,0.0,0.0,20.0
2018-04-25 10:50:00,1396.0,1396.0,1396.0,1396.0,0.0,0.0,20.0
2018-04-25 10:55:00,1396.0,1396.0,1396.0,1396.0,0.0,0.0,20.0
2018-04-25 11:00:00,1396.0,1396.0,1396.0,1396.0,0.0,0.0,20.0
2018-04-25 11:05:00,1396.0,1396.0,1396.0,1396.0,0.0,0.0,20.0
2018-04-25 11:10:00,1396.0,1396.0,1396.0,1396.0,0.0,0.0,20.0
2018-04-25 11:15:00,1396.0,1396.0,1396.0,1396.0,0.0,0.0,20.0
2018-04-25 11:20:00,1396.0,1396.0,1396.0,1396.0,0.0,0.0,20.0
2018-04-25 11:25:00,1396.0,1396.0,1396.0,1396.0,0.0,0.0,20.0
2018-04-25 13:30:00,1396.0,1396.0,1396.0,1396.0,0.0,0.0,20.0
2018-04-25 13:35:00,1396.0,1396.0,1396.0,1396.0,0.0,0.0,20.0
2018-04-25 13:40:00,1396.0,1396.0,1396.0,1396.0,0.0,0.0,20.0
2018-04-25 13:45:00,1396.0,1396.0,1396.0,1396.0,0.0,0.0,20.0
2018-04-25 13:50:00,1396.0,1396.0,1396.0,1396.0,0.0,0.0,20.0
2018-04-25 13:55:00,1396.0,1396.0,1396.0,1396.0,0.0,0.0,20.0
2018-04-25 14:00:00,1396.0,1396.0,1396.0,1396.0,0.0,0.0,20.0
2018-04-25 14:05:00,1396.0,1396.0,1396.0,1396.0,0.0,0.0,20.0
2018-04-25 14:10:00,1396.0,1396.0,1396.0,1396.0,0.0,0.0,20.0
2018-04-25 14:15:00,1396.0,1396.0,1396.0,1396.0,0.0,0.0,20.0
2018-04-25 14:20:00,1396.0,1396.0,1396.0,1396.0,0.0,0.0,20.0
2018-04-25 14:25:00,1396.0,1396.0,1396.0,1396.0,0.0,0.0,20.0
2018-04-25 14:30:00,1396.0,1396.0,1396.0,1396.0,0.0,0.0,20.0
2018-04-25 14:35:00,1396.0,1396.0,1396.0,1396.0,0.0,0.0,20.0
2018-04-25 14:40:00,1396.0,1396.0,1396.0,1396.0,0.0,0.0,20.0
2018-04-25 14:45:00,1396.0,1396.0,1396.0,1396.0,0.0,0.0,20.0
2018-04-25 14:50:00,1396.0,1396.0,1396.0,1396.0,0.0,0.0,20.0
2018-04-25 14:55:00,1396.0,1396.0,1396.0,1396.0,0.0,0.0,20.0
2018-04-25 21:00:00,1388.0,1388.0,1388.0,1388.0,4.0,111040.0,20.0
2018-04-25 21:05:00,1388.0,1388.0,1388.0,1388.0,0.0,0.0,20.0
2018-04-25 21:10:00,1388.0,1388.0,1388.0,1388.0,0.0,0.0,20.0
2018-04-25 21:15:00,1388.0,1388.0,1388.0,1388.0,0.0,0.0,20.0
2018-04-25 21:20:00,1388.0,1388.0,1388.0,1388.0,0.0,0.0,20.0
2018-04-25 21:25:00,1388.0,1388.0,1388.0,1388.0,0.0,0.0,20.0
2018-04-25 21:30:00,1388.0,1388.0,1388.0,1388.0,0.0,0.0,20.0
2018-04-25 21:35:00,1388.0,1388.0,1388.0,1388.0,0.0,0.0,20.0
2018-04-25 21:40:00,1388.0,1388.0,1388.0,1388.0,0.0,0.0,20.0
2018-04-25 21:45:00,1388.0,1388.0,1388.0,1388.0,0.0,0.0,20.0
2018-04-25 21:50:00,1388.0,1388.0,1388.0,1388.0,0.0,0.0,20.0
2018-04-25 21:55:00,1388.0,1388.0,1388.0,1388.0,0.0,0.0,20.0
2018-04-25 22:00:00,1388.0,1388.0,1388.0,1388.0,0.0,0.0,20.0
2018-04-25 22:05:00,1388.0,1388.0,1388.0,1388.0,0.0,0.0,20.0
2018-04-25 22:10:00,1388.0,1388.0,1388.0,1388.0,0.0,0.0,20.0
2018-04-25 22:15:00,1388.0,1388.0,1388.0,1388.0,0.0,0.0,20.0
2018-04-25 22:20:00,1388.0,1388.0,1388.0,1388.0,0.0,0.0,20.0
2018-04-25 22:25:00,1388.0,1388.0,1388.0,1388.0,0.0,0.0,20.0
2018-04-25 22:30:00,1388.0,1388.0,1388.0,1388.0,0.0,0.0,20.0
2018-04-25 22:35:00,1388.0,1388.0,1388.0,1388.0,0.0,0.0,20.0
2018-04-25 22:40:00,1388.0,1388.0,1388.0,1388.0,0.0,0.0,20.0
2018-04-25 22:45:00,1388.0,1388.0,1388.0,1388.0,0.0,0.0,20.0
2018-04-25 22:50:00,1388.0,1388.0,1388.0,1388.0,0.0,0.0,20.0
2018-04-25 22:55:00,1388.0,1388.0,1388.0,1388.0,0.0,0.0,20.0
2018-04-25 23:00:00,1388.0,1388.0,1388.0,1388.0,0.0,0.0,20.0
2018-04-25 23:05:00,1388.0,1388.0,1388.0,1388.0,0.0,0.0,20.0
2018-04-25 23:10:00,1388.0,1388.0,1388.0,1388.0,0.0,0.0,20.0
2018-04-25 23:15:00,1388.0,1388.0,1388.0,1388.0,0.0,0.0,20.0
2018-04-25 23:20:00,1388.0,1388.0,1388.0,1388.0,0.0,0.0,20.0
2018-04-25 23:25:00,1388.0,1388.0,1388.0,1388.0,0.0,0.0,20.0
2018-04-26 09:00:00,1388.0,1396.0,1387.0,1387.0,8.0,222800.0,20.0
2018-04-26 09:05:00,1387.0,1387.0,1387.0,1387.0,0.0,0.0,20.0
2018-04-26 09:10:00,1387.0,1387.0,1387.0,1387.0,0.0,0.0,20.0
2018-04-26 09:15:00,1387.0,1387.0,1387.0,1387.0,0.0,0.0,20.0
2018-04-26 09:20:00,1387.0,1387.0,1387.0,1387.0,0.0,0.0,20.0
2018-04-26 09:25:00,1387.0,1387.0,1387.0,1387.0,0.0,0.0,20.0
2018-04-26 09:30:00,1387.0,1387.0,1387.0,1387.0,0.0,0.0,20.0
2018-04-26 09:35:00,1387.0,1387.0,1387.0,1387.0,0.0,0.0,20.0
2018-04-26 09:40:00,1387.0,1387.0,1387.0,1387.0,0.0,0.0,20.0
2018-04-26 09:45:00,1387.0,1387.0,1387.0,1387.0,0.0,0.0,20.0
2018-04-26 09:50:00,1387.0,1387.0,1387.0,1387.0,0.0,0.0,20.0
2018-04-26 09:55:00,1387.0,1387.0,1387.0,1387.0,0.0,0.0,20.0
2018-04-26 10:00:00,1387.0,1387.0,1387.0,1387.0,0.0,0.0,20.0
2018-04-26 10:05:00,1387.0,1387.0,1387.0,1387.0,0.0,0.0,20.0
2018-04-26 10:10:00,1387.0,1387.0,1387.0,1387.0,0.0,0.0,20.0
2018-04-26 10:30:00,1387.0,1387.0,1387.0,1387.0,0.0,0.0,20.0
2018-04-26 10:35:00,1387.0,1387.0,1387.0,1387.0,0.0,0.0,20.0
2018-04-26 10:40:00,1387.0,1387.0,1387.0,1387.0,0.0,0.0,20.0
2018-04-26 10:45:00,1387.0,1387.0,1387.0,1387.0,0.0,0.0,20.0
2018-04-26 10:50:00,1387.0,1387.0,1387.0,1387.0,0.0,0.0,20.0
2018-04-26 10:55:00,1387.0,1387.0,1387.0,1387.0,0.0,0.0,20.0
2018-04-26 11:00:00,1387.0,1387.0,1387.0,1387.0,0.0,0.0,20.0
2018-04-26 11:05:00,1387.0,1387.0,1387.0,1387.0,0.0,0.0,20.0
2018-04-26 11:10:00,1387.0,1387.0,1387.0,1387.0,0.0,0.0,20.0
2018-04-26 11:15:00,1387.0,1387.0,1387.0,1387.0,0.0,0.0,20.0
2018-04-26 11:20:00,1387.0,1387.0,1387.0,1387.0,0.0,0.0,20.0
2018-04-26 11:25:00,1387.0,1387.0,1387.0,1387.0,0.0,0.0,20.0
2018-04-26 13:30:00,1387.0,1387.0,1387.0,1387.0,0.0,0.0,20.0
2018-04-26 13:35:00,1387.0,1387.0,1387.0,1387.0,0.0,0.0,20.0
2018-04-26 13:40:00,1387.0,1387.0,1387.0,1387.0,0.0,0.0,20.0
2018-04-26 13:45:00,1387.0,1387.0,1387.0,1387.0,0.0,0.0,20.0
2018-04-26 13:50:00,1387.0,1387.0,1387.0,1387.0,0.0,0.0,20.0
2018-04-26 13:55:00,1387.0,1387.0,1387.0,1387.0,0.0,0.0,20.0
2018-04-26 14:00:00,1387.0,1387.0,1387.0,1387.0,0.0,0.0,20.0
2018-04-26 14:05:00,1387.0,1387.0,1387.0,1387.0,0.0,0.0,20.0
2018-04-26 14:10:00,1387.0,1387.0,1387.0,1387.0,0.0,0.0,20.0
2018-04-26 14:15:00,1387.0,1387.0,1387.0,1387.0,0.0,0.0,20.0
2018-04-26 14:20:00,1387.0,1387.0,1387.0,1387.0,0.0,0.0,20.0
2018-04-26 14:25:00,1387.0,1387.0,1387.0,1387.0,0.0,0.0,20.0
2018-04-26 14:30:00,1387.0,1387.0,1387.0,1387.0,0.0,0.0,20.0
2018-04-26 14:35:00,1387.0,1387.0,1387.0,1387.0,0.0,0.0,20.0
2018-04-26 14:40:00,1387.0,1387.0,1387.0,1387.0,0.0,0.0,20.0
2018-04-26 14:45:00,1387.0,1387.0,1387.0,1387.0,2.0,55360.0,20.0
2018-04-26 14:50:00,1387.0,1387.0,1387.0,1387.0,0.0,0.0,20.0
2018-04-26 14:55:00,1387.0,1387.0,1387.0,1387.0,0.0,0.0,20.0
2018-04-26 21:00:00,1390.0,1390.0,1390.0,1390.0,0.0,0.0,20.0
2018-04-26 21:05:00,1390.0,1390.0,1390.0,1390.0,0.0,0.0,20.0
2018-04-26 21:10:00,1390.0,1390.0,1390.0,1390.0,0.0,0.0,20.0
2018-04-26 21:15:00,1390.0,1390.0,1390.0,1390.0,0.0,0.0,20.0
2018-04-26 21:20:00,1390.0,1390.0,1390.0,1390.0,0.0,0.0,20.0
2018-04-26 21:25:00,1390.0,1396.0,1390.0,1396.0,4.0,111680.0,24.0
2018-04-26 21:30:00,1399.0,1401.0,1399.0,1401.0,8.0,224080.0,32.0
2018-04-26 21:35:00,1401.0,1401.0,1401.0,1401.0,0.0,0.0,32.0
2018-04-26 21:40:00,1401.0,1401.0,1401.0,1401.0,0.0,0.0,32.0
2018-04-26 21:45:00,1401.0,1401.0,1395.0,1395.0,2.0,55680.0,32.0
2018-04-26 21:50:00,1395.0,1395.0,1395.0,1395.0,0.0,0.0,32.0
2018-04-26 21:55:00,1394.0,1394.0,1394.0,1394.0,2.0,55920.0,34.0
2018-04-26 22:00:00,1394.0,1394.0,1394.0,1394.0,0.0,0.0,34.0
2018-04-26 22:05:00,1394.0,1394.0,1394.0,1394.0,0.0,0.0,34.0
2018-04-26 22:10:00,1394.0,1394.0,1394.0,1394.0,0.0,0.0,34.0
2018-04-26 22:15:00,1394.0,1394.0,1394.0,1394.0,0.0,0.0,34.0
2018-04-26 22:20:00,1394.0,1394.0,1394.0,1394.0,0.0,0.0,34.0
2018-04-26 22:25:00,1394.0,1394.0,1394.0,1394.0,0.0,0.0,34.0
2018-04-26 22:30:00,1394.0,1394.0,1394.0,1394.0,0.0,0.0,34.0
2018-04-26 22:35:00,1394.0,1394.0,1394.0,1394.0,0.0,0.0,34.0
2018-04-26 22:40:00,1394.0,1394.0,1394.0,1394.0,0.0,0.0,34.0
2018-04-26 22:45:00,1394.0,1394.0,1394.0,1394.0,0.0,0.0,34.0
2018-04-26 22:50:00,1394.0,1394.0,1394.0,1394.0,0.0,0.0,34.0
2018-04-26 22:55:00,1394.0,1394.0,1394.0,1394.0,0.0,0.0,34.0
2018-04-26 23:00:00,1394.0,1394.0,1394.0,1394.0,0.0,0.0,34.0
2018-04-26 23:05:00,1394.0,1394.0,1394.0,1394.0,0.0,0.0,34.0
2018-04-26 23:10:00,1394.0,1394.0,1394.0,1394.0,0.0,0.0,34.0
2018-04-26 23:15:00,1394.0,1394.0,1394.0,1394.0,0.0,0.0,34.0
2018-04-26 23:20:00,1394.0,1394.0,1394.0,1394.0,0.0,0.0,34.0
2018-04-26 23:25:00,1394.0,1394.0,1394.0,1394.0,0.0,0.0,34.0
2018-04-27 09:00:00,1394.0,1394.0,1394.0,1394.0,0.0,0.0,34.0
2018-04-27 09:05:00,1394.0,1394.0,1394.0,1394.0,0.0,0.0,34.0
2018-04-27 09:10:00,1394.0,1394.0,1394.0,1394.0,0.0,0.0,34.0
2018-04-27 09:15:00,1394.0,1397.0,1394.0,1397.0,2.0,55560.0,34.0
2018-04-27 09:20:00,1397.0,1397.0,1397.0,1397.0,0.0,0.0,34.0
2018-04-27 09:25:00,1397.0,1397.0,1397.0,1397.0,0.0,0.0,34.0
2018-04-27 09:30:00,1397.0,1397.0,1397.0,1397.0,0.0,0.0,34.0
2018-04-27 09:35:00,1397.0,1397.0,1397.0,1397.0,0.0,0.0,34.0
2018-04-27 09:40:00,1397.0,1397.0,1397.0,1397.0,0.0,0.0,34.0
2018-04-27 09:45:00,1397.0,1397.0,1397.0,1397.0,0.0,0.0,34.0
2018-04-27 09:50:00,1397.0,1397.0,1397.0,1397.0,0.0,0.0,34.0
2018-04-27 09:55:00,1397.0,1397.0,1397.0,1397.0,0.0,0.0,34.0
2018-04-27 10:00:00,1397.0,1397.0,1397.0,1397.0,0.0,0.0,34.0
2018-04-27 10:05:00,1397.0,1397.0,1397.0,1397.0,0.0,0.0,34.0
2018-04-27 10:10:00,1397.0,1397.0,1397.0,1397.0,0.0,0.0,34.0
2018-04-27 10:30:00,1397.0,1397.0,1397.0,1397.0,0.0,0.0,34.0
2018-04-27 10:35:00,1397.0,1397.0,1397.0,1397.0,0.0,0.0,34.0
2018-04-27 10:40:00,1397.0,1397.0,1397.0,1397.0,0.0,0.0,34.0
2018-04-27 10:45:00,1397.0,1397.0,1397.0,1397.0,0.0,0.0,34.0
2018-04-27 10:50:00,1397.0,1397.0,1397.0,1397.0,0.0,0.0,34.0
2018-04-27 10:55:00,1397.0,1397.0,1397.0,1397.0,0.0,0.0,34.0
2018-04-27 11:00:00,1397.0,1397.0,1397.0,1397.0,0.0,0.0,34.0
2018-04-27 11:05:00,1397.0,1397.0,1397.0,1397.0,0.0,0.0,34.0
2018-04-27 11:10:00,1397.0,1397.0,1397.0,1397.0,0.0,0.0,34.0
2018-04-27 11:15:00,1397.0,1397.0,1397.0,1397.0,0.0,0.0,34.0
2018-04-27 11:20:00,1397.0,1397.0,1397.0,1397.0,0.0,0.0,34.0
2018-04-27 11:25:00,1378.0,1378.0,1375.0,1375.0,14.0,386040.0,36.0
2018-04-27 13:30:00,1375.0,1375.0,1375.0,1375.0,0.0,0.0,36.0
2018-04-27 13:35:00,1375.0,1375.0,1375.0,1375.0,0.0,0.0,36.0
2018-04-27 13:40:00,1375.0,1375.0,1375.0,1375.0,0.0,0.0,36.0
2018-04-27 13:45:00,1375.0,1391.0,1375.0,1391.0,2.0,55560.0,36.0
2018-04-27 13:50:00,1391.0,1391.0,1391.0,1391.0,0.0,0.0,36.0
2018-04-27 13:55:00,1391.0,1391.0,1391.0,1391.0,0.0,0.0,36.0
2018-04-27 14:00:00,1391.0,1391.0,1391.0,1391.0,0.0,0.0,36.0
2018-04-27 14:05:00,1391.0,1391.0,1391.0,1391.0,0.0,0.0,36.0
2018-04-27 14:10:00,1391.0,1391.0,1391.0,1391.0,0.0,0.0,36.0
2018-04-27 14:15:00,1391.0,1391.0,1391.0,1391.0,0.0,0.0,36.0
2018-04-27 14:20:00,1391.0,1391.0,1391.0,1391.0,0.0,0.0,36.0
2018-04-27 14:25:00,1391.0,1391.0,1391.0,1391.0,0.0,0.0,36.0
2018-04-27 14:30:00,1391.0,1391.0,1374.0,1374.0,6.0,165080.0,36.0
2018-04-27 14:35:00,1374.0,1374.0,1374.0,1374.0,0.0,0.0,36.0
2018-04-27 14:40:00,1374.0,1374.0,1374.0,1374.0,0.0,0.0,36.0
2018-04-27 14:45:00,1374.0,1374.0,1374.0,1374.0,0.0,0.0,36.0
2018-04-27 14:50:00,1374.0,1374.0,1374.0,1374.0,0.0,0.0,36.0
2018-04-27 14:55:00,1374.0,1374.0,1374.0,1374.0,0.0,0.0,36.0
2018-05-02 09:00:00,1387.0,1387.0,1387.0,1387.0,0.0,0.0,36.0
2018-05-02 09:05:00,1387.0,1387.0,1387.0,1387.0,0.0,0.0,36.0
2018-05-02 09:10:00,1387.0,1387.0,1387.0,1387.0,0.0,0.0,36.0
2018-05-02 09:15:00,1387.0,1387.0,1387.0,1387.0,0.0,0.0,36.0
2018-05-02 09:20:00,1387.0,1387.0,1387.0,1387.0,0.0,0.0,36.0
2018-05-02 09:25:00,1387.0,1387.0,1387.0,1387.0,0.0,0.0,36.0
2018-05-02 09:30:00,1387.0,1387.0,1387.0,1387.0,0.0,0.0,36.0
2018-05-02 09:35:00,1387.0,1387.0,1387.0,1387.0,0.0,0.0,36.0
2018-05-02 09:40:00,1387.0,1387.0,1381.0,1381.0,4.0,110480.0,34.0
2018-05-02 09:45:00,1381.0,1381.0,1381.0,1381.0,0.0,0.0,34.0
2018-05-02 09:50:00,1381.0,1381.0,1381.0,1381.0,0.0,0.0,34.0
2018-05-02 09:55:00,1381.0,1381.0,1381.0,1381.0,2.0,55240.0,34.0
2018-05-02 10:00:00,1381.0,1381.0,1381.0,1381.0,0.0,0.0,34.0
2018-05-02 10:05:00,1381.0,1381.0,1381.0,1381.0,0.0,0.0,34.0
2018-05-02 10:10:00,1381.0,1381.0,1381.0,1381.0,0.0,0.0,34.0
2018-05-02 10:30:00,1381.0,1381.0,1381.0,1381.0,0.0,0.0,34.0
2018-05-02 10:35:00,1381.0,1381.0,1381.0,1381.0,0.0,0.0,34.0
2018-05-02 10:40:00,1381.0,1381.0,1369.0,1369.0,4.0,109480.0,34.0
2018-05-02 10:45:00,1369.0,1369.0,1369.0,1369.0,0.0,0.0,34.0
2018-05-02 10:50:00,1369.0,1369.0,1369.0,1369.0,0.0,0.0,34.0
2018-05-02 10:55:00,1369.0,1369.0,1369.0,1369.0,0.0,0.0,34.0
2018-05-02 11:00:00,1369.0,1369.0,1369.0,1369.0,0.0,0.0,34.0
2018-05-02 11:05:00,1369.0,1369.0,1369.0,1369.0,0.0,0.0,34.0
2018-05-02 11:10:00,1369.0,1369.0,1369.0,1369.0,0.0,0.0,34.0
2018-05-02 11:15:00,1369.0,1369.0,1369.0,1369.0,0.0,0.0,34.0
2018-05-02 11:20:00,1369.0,1369.0,1369.0,1369.0,0.0,0.0,34.0
2018-05-02 11:25:00,1369.0,1369.0,1369.0,1369.0,0.0,0.0,34.0
2018-05-02 13:30:00,1369.0,1381.0,1369.0,1381.0,4.0,110640.0,34.0
2018-05-02 13:35:00,1381.0,1385.0,1381.0,1385.0,6.0,166160.0,34.0
2018-05-02 13:40:00,1385.0,1402.0,1385.0,1402.0,6.0,168200.0,34.0
2018-05-02 13:45:00,1402.0,1402.0,1402.0,1402.0,0.0,0.0,34.0
2018-05-02 13:50:00,1402.0,1402.0,1402.0,1402.0,0.0,0.0,34.0
2018-05-02 13:55:00,1402.0,1402.0,1402.0,1402.0,0.0,0.0,34.0
2018-05-02 14:00:00,1402.0,1402.0,1402.0,1402.0,0.0,0.0,34.0
2018-05-02 14:05:00,1402.0,1402.0,1402.0,1402.0,0.0,0.0,34.0
2018-05-02 14:10:00,1402.0,1402.0,1402.0,1402.0,0.0,0.0,34.0
2018-05-02 14:15:00,1402.0,1402.0,1402.0,1402.0,0.0,0.0,34.0
2018-05-02 14:20:00,1402.0,1402.0,1402.0,1402.0,0.0,0.0,34.0
2018-05-02 14:25:00,1402.0,1402.0,1402.0,1402.0,0.0,0.0,34.0
2018-05-02 14:30:00,1402.0,1402.0,1402.0,1402.0,0.0,0.0,34.0
2018-05-02 14:35:00,1402.0,1402.0,1402.0,1402.0,0.0,0.0,34.0
2018-05-02 14:40:00,1402.0,1402.0,1402.0,1402.0,0.0,0.0,34.0
2018-05-02 14:45:00,1402.0,1402.0,1402.0,1402.0,0.0,0.0,34.0
2018-05-02 14:50:00,1402.0,1402.0,1402.0,1402.0,0.0,0.0,34.0
2018-05-02 14:55:00,1402.0,1402.0,1402.0,1402.0,0.0,0.0,34.0
2018-05-02 21:00:00,1385.0,1385.0,1385.0,1385.0,0.0,0.0,34.0
2018-05-02 21:05:00,1385.0,1385.0,1385.0,1385.0,0.0,0.0,34.0
2018-05-02 21:10:00,1385.0,1385.0,1385.0,1385.0,0.0,0.0,34.0
2018-05-02 21:15:00,1385.0,1385.0,1385.0,1385.0,0.0,0.0,34.0
2018-05-02 21:20:00,1385.0,1385.0,1385.0,1385.0,0.0,0.0,34.0
2018-05-02 21:25:00,1385.0,1385.0,1385.0,1385.0,0.0,0.0,34.0
2018-05-02 21:30:00,1385.0,1385.0,1385.0,1385.0,0.0,0.0,34.0
2018-05-02 21:35:00,1385.0,1385.0,1385.0,1385.0,0.0,0.0,34.0
2018-05-02 21:40:00,1385.0,1385.0,1385.0,1385.0,0.0,0.0,34.0
2018-05-02 21:45:00,1385.0,1385.0,1385.0,1385.0,0.0,0.0,34.0
2018-05-02 21:50:00,1385.0,1385.0,1385.0,1385.0,0.0,0.0,34.0
2018-05-02 21:55:00,1385.0,1385.0,1385.0,1385.0,0.0,0.0,34.0
2018-05-02 22:00:00,1385.0,1385.0,1385.0,1385.0,0.0,0.0,34.0
2018-05-02 22:05:00,1385.0,1385.0,1385.0,1385.0,0.0,0.0,34.0
2018-05-02 22:10:00,1385.0,1385.0,1385.0,1385.0,0.0,0.0,34.0
2018-05-02 22:15:00,1385.0,1385.0,1385.0,1385.0,0.0,0.0,34.0
2018-05-02 22:20:00,1385.0,1385.0,1385.0,1385.0,0.0,0.0,34.0
2018-05-02 22:25:00,1385.0,1385.0,1385.0,1385.0,0.0,0.0,34.0
2018-05-02 22:30:00,1385.0,1385.0,1385.0,1385.0,0.0,0.0,34.0
2018-05-02 22:35:00,1385.0,1385.0,1385.0,1385.0,0.0,0.0,34.0
2018-05-02 22:40:00,1385.0,1385.0,1385.0,1385.0,0.0,0.0,34.0
2018-05-02 22:45:00,1385.0,1385.0,1385.0,1385.0,0.0,0.0,34.0
2018-05-02 22:50:00,1385.0,1385.0,1385.0,1385.0,0.0,0.0,34.0
2018-05-02 22:55:00,1385.0,1385.0,1385.0,1385.0,0.0,0.0,34.0
2018-05-02 23:00:00,1385.0,1385.0,1385.0,1385.0,0.0,0.0,34.0
2018-05-02 23:05:00,1385.0,1385.0,1385.0,1385.0,0.0,0.0,34.0
2018-05-02 23:10:00,1385.0,1385.0,1385.0,1385.0,0.0,0.0,34.0
2018-05-02 23:15:00,1385.0,1385.0,1385.0,1385.0,0.0,0.0,34.0
2018-05-02 23:20:00,1385.0,1385.0,1385.0,1385.0,0.0,0.0,34.0
2018-05-02 23:25:00,1385.0,1385.0,1385.0,1385.0,0.0,0.0,34.0
2018-05-03 09:00:00,1385.0,1385.0,1385.0,1385.0,0.0,0.0,34.0
2018-05-03 09:05:00,1385.0,1385.0,1385.0,1385.0,0.0,0.0,34.0
2018-05-03 09:10:00,1385.0,1385.0,1385.0,1385.0,0.0,0.0,34.0
2018-05-03 09:15:00,1385.0,1385.0,1385.0,1385.0,0.0,0.0,34.0
2018-05-03 09:20:00,1385.0,1385.0,1385.0,1385.0,0.0,0.0,34.0
2018-05-03 09:25:00,1385.0,1385.0,1385.0,1385.0,0.0,0.0,34.0
2018-05-03 09:30:00,1385.0,1385.0,1385.0,1385.0,0.0,0.0,34.0
2018-05-03 09:35:00,1385.0,1385.0,1385.0,1385.0,0.0,0.0,34.0
2018-05-03 09:40:00,1385.0,1385.0,1385.0,1385.0,0.0,0.0,34.0
2018-05-03 09:45:00,1385.0,1385.0,1385.0,1385.0,0.0,0.0,34.0
2018-05-03 09:50:00,1385.0,1385.0,1385.0,1385.0,0.0,0.0,34.0
2018-05-03 09:55:00,1385.0,1385.0,1385.0,1385.0,0.0,0.0,34.0
2018-05-03 10:00:00,1385.0,1385.0,1385.0,1385.0,0.0,0.0,34.0
2018-05-03 10:05:00,1385.0,1385.0,1385.0,1385.0,0.0,0.0,34.0
2018-05-03 10:10:00,1385.0,1402.0,1385.0,1402.0,4.0,112160.0,34.0
2018-05-03 10:30:00,1402.0,1402.0,1402.0,1402.0,0.0,0.0,34.0
2018-05-03 10:35:00,1402.0,1402.0,1402.0,1402.0,0.0,0.0,34.0
2018-05-03 10:40:00,1402.0,1402.0,1402.0,1402.0,0.0,0.0,34.0
2018-05-03 10:45:00,1402.0,1402.0,1402.0,1402.0,0.0,0.0,34.0
2018-05-03 10:50:00,1402.0,1402.0,1402.0,1402.0,0.0,0.0,34.0
2018-05-03 10:55:00,1402.0,1402.0,1402.0,1402.0,0.0,0.0,34.0
2018-05-03 11:00:00,1402.0,1402.0,1402.0,1402.0,0.0,0.0,34.0
2018-05-03 11:05:00,1402.0,1402.0,1402.0,1402.0,0.0,0.0,34.0
2018-05-03 11:10:00,1402.0,1402.0,1402.0,1402.0,0.0,0.0,34.0
2018-05-03 11:15:00,1402.0,1402.0,1402.0,1402.0,0.0,0.0,34.0
2018-05-03 11:20:00,1402.0,1402.0,1402.0,1402.0,0.0,0.0,34.0
2018-05-03 11:25:00,1402.0,1402.0,1402.0,1402.0,0.0,0.0,34.0
2018-05-03 13:30:00,1402.0,1402.0,1402.0,1402.0,0.0,0.0,34.0
2018-05-03 13:35:00,1402.0,1402.0,1402.0,1402.0,0.0,0.0,34.0
2018-05-03 13:40:00,1402.0,1402.0,1402.0,1402.0,0.0,0.0,34.0
2018-05-03 13:45:00,1402.0,1402.0,1402.0,1402.0,0.0,0.0,34.0
2018-05-03 13:50:00,1402.0,1402.0,1402.0,1402.0,0.0,0.0,34.0
2018-05-03 13:55:00,1402.0,1402.0,1402.0,1402.0,0.0,0.0,34.0
2018-05-03 14:00:00,1402.0,1402.0,1402.0,1402.0,0.0,0.0,34.0
2018-05-03 14:05:00,1402.0,1402.0,1402.0,1402.0,0.0,0.0,34.0
2018-05-03 14:10:00,1402.0,1402.0,1402.0,1402.0,0.0,0.0,34.0
2018-05-03 14:15:00,1402.0,1402.0,1402.0,1402.0,0.0,0.0,34.0
2018-05-03 14:20:00,1402.0,1402.0,1402.0,1402.0,0.0,0.0,34.0
2018-05-03 14:25:00,1402.0,1402.0,1402.0,1402.0,0.0,0.0,34.0
2018-05-03 14:30:00,1402.0,1402.0,1402.0,1402.0,0.0,0.0,34.0
2018-05-03 14:35:00,1402.0,1402.0,1402.0,1402.0,0.0,0.0,34.0
2018-05-03 14:40:00,1402.0,1402.0,1402.0,1402.0,0.0,0.0,34.0
2018-05-03 14:45:00,1402.0,1402.0,1402.0,1402.0,0.0,0.0,34.0
2018-05-03 14:50:00,1402.0,1402.0,1402.0,1402.0,0.0,0.0,34.0
2018-05-03 14:55:00,1402.0,1402.0,1402.0,1402.0,0.0,0.0,34.0
2018-05-03 21:00:00,1402.0,1402.0,1402.0,1402.0,0.0,0.0,34.0
2018-05-03 21:05:00,1402.0,1402.0,1402.0,1402.0,0.0,0.0,34.0
2018-05-03 21:10:00,1402.0,1402.0,1402.0,1402.0,0.0,0.0,34.0
2018-05-03 21:15:00,1402.0,1402.0,1402.0,1402.0,0.0,0.0,34.0
2018-05-03 21:20:00,1402.0,1402.0,1402.0,1402.0,0.0,0.0,34.0
2018-05-03 21:25:00,1402.0,1402.0,1402.0,1402.0,0.0,0.0,34.0
2018-05-03 21:30:00,1402.0,1402.0,1402.0,1402.0,0.0,0.0,34.0
2018-05-03 21:35:00,1402.0,1402.0,1402.0,1402.0,0.0,0.0,34.0
2018-05-03 21:40:00,1402.0,1402.0,1402.0,1402.0,0.0,0.0,34.0
2018-05-03 21:45:00,1402.0,1402.0,1401.0,1401.0,2.0,56040.0,32.0
2018-05-03 21:50:00,1401.0,1401.0,1401.0,1401.0,0.0,0.0,32.0
2018-05-03 21:55:00,1401.0,1401.0,1401.0,1401.0,0.0,0.0,32.0
2018-05-03 22:00:00,1401.0,1401.0,1401.0,1401.0,0.0,0.0,32.0
2018-05-03 22:05:00,1401.0,1401.0,1401.0,1401.0,0.0,0.0,32.0
2018-05-03 22:10:00,1401.0,1401.0,1401.0,1401.0,0.0,0.0,32.0
2018-05-03 22:15:00,1401.0,1401.0,1401.0,1401.0,0.0,0.0,32.0
2018-05-03 22:20:00,1401.0,1401.0,1401.0,1401.0,0.0,0.0,32.0
2018-05-03 22:25:00,1401.0,1401.0,1401.0,1401.0,0.0,0.0,32.0
2018-05-03 22:30:00,1401.0,1401.0,1401.0,1401.0,0.0,0.0,32.0
2018-05-03 22:35:00,1401.0,1401.0,1401.0,1401.0,0.0,0.0,32.0
2018-05-03 22:40:00,1401.0,1401.0,1401.0,1401.0,0.0,0.0,32.0
2018-05-03 22:45:00,1401.0,1401.0,1401.0,1401.0,0.0,0.0,32.0
2018-05-03 22:50:00,1401.0,1401.0,1401.0,1401.0,0.0,0.0,32.0
2018-05-03 22:55:00,1401.0,1401.0,1401.0,1401.0,0.0,0.0,32.0
2018-05-03 23:00:00,1401.0,1401.0,1401.0,1401.0,0.0,0.0,32.0
2018-05-03 23:05:00,1401.0,1401.0,1401.0,1401.0,0.0,0.0,32.0
2018-05-03 23:10:00,1401.0,1401.0,1401.0,1401.0,0.0,0.0,32.0
2018-05-03 23:15:00,1401.0,1401.0,1401.0,1401.0,0.0,0.0,32.0
2018-05-03 23:20:00,1401.0,1401.0,1401.0,1401.0,0.0,0.0,32.0
2018-05-03 23:25:00,1401.0,1401.0,1401.0,1401.0,0.0,0.0,32.0
2018-05-04 09:00:00,1403.0,1403.0,1403.0,1403.0,2.0,56120.0,32.0
2018-05-04 09:05:00,1403.0,1403.0,1403.0,1403.0,0.0,0.0,32.0
2018-05-04 09:10:00,1403.0,1403.0,1403.0,1403.0,0.0,0.0,32.0
2018-05-04 09:15:00,1403.0,1403.0,1403.0,1403.0,0.0,0.0,32.0
2018-05-04 09:20:00,1403.0,1403.0,1403.0,1403.0,0.0,0.0,32.0
2018-05-04 09:25:00,1403.0,1403.0,1403.0,1403.0,0.0,0.0,32.0
2018-05-04 09:30:00,1403.0,1403.0,1403.0,1403.0,0.0,0.0,32.0
2018-05-04 09:35:00,1403.0,1403.0,1403.0,1403.0,0.0,0.0,32.0
2018-05-04 09:40:00,1403.0,1403.0,1403.0,1403.0,0.0,0.0,32.0
2018-05-04 09:45:00,1403.0,1403.0,1403.0,1403.0,0.0,0.0,32.0
2018-05-04 09:50:00,1403.0,1403.0,1403.0,1403.0,0.0,0.0,32.0
2018-05-04 09:55:00,1403.0,1403.0,1403.0,1403.0,0.0,0.0,32.0
2018-05-04 10:00:00,1403.0,1403.0,1403.0,1403.0,0.0,0.0,32.0
2018-05-04 10:05:00,1403.0,1403.0,1403.0,1403.0,0.0,0.0,32.0
2018-05-04 10:10:00,1403.0,1403.0,1403.0,1403.0,0.0,0.0,32.0
2018-05-04 10:30:00,1403.0,1403.0,1403.0,1403.0,0.0,0.0,32.0
2018-05-04 10:35:00,1403.0,1403.0,1403.0,1403.0,0.0,0.0,32.0
2018-05-04 10:40:00,1403.0,1403.0,1403.0,1403.0,0.0,0.0,32.0
2018-05-04 10:45:00,1403.0,1403.0,1403.0,1403.0,0.0,0.0,32.0
2018-05-04 10:50:00,1403.0,1403.0,1403.0,1403.0,0.0,0.0,32.0
2018-05-04 10:55:00,1403.0,1403.0,1403.0,1403.0,0.0,0.0,32.0
2018-05-04 11:00:00,1403.0,1403.0,1403.0,1403.0,0.0,0.0,32.0
2018-05-04 11:05:00,1403.0,1403.0,1403.0,1403.0,0.0,0.0,32.0
2018-05-04 11:10:00,1403.0,1403.0,1403.0,1403.0,0.0,0.0,32.0
2018-05-04 11:15:00,1403.0,1403.0,1403.0,1403.0,0.0,0.0,32.0
2018-05-04 11:20:00,1403.0,1403.0,1403.0,1403.0,0.0,0.0,32.0
2018-05-04 11:25:00,1403.0,1403.0,1403.0,1403.0,0.0,0.0,32.0
2018-05-04 13:30:00,1403.0,1403.0,1403.0,1403.0,0.0,0.0,32.0
2018-05-04 13:35:00,1403.0,1403.0,1403.0,1403.0,0.0,0.0,32.0
2018-05-04 13:40:00,1403.0,1403.0,1403.0,1403.0,0.0,0.0,32.0
2018-05-04 13:45:00,1403.0,1403.0,1403.0,1403.0,0.0,0.0,32.0
2018-05-04 13:50:00,1403.0,1403.0,1403.0,1403.0,0.0,0.0,32.0
2018-05-04 13:55:00,1403.0,1403.0,1403.0,1403.0,0.0,0.0,32.0
2018-05-04 14:00:00,1403.0,1403.0,1403.0,1403.0,0.0,0.0,32.0
2018-05-04 14:05:00,1403.0,1403.0,1403.0,1403.0,0.0,0.0,32.0
2018-05-04 14:10:00,1403.0,1403.0,1403.0,1403.0,0.0,0.0,32.0
2018-05-04 14:15:00,1403.0,1403.0,1403.0,1403.0,0.0,0.0,32.0
2018-05-04 14:20:00,1403.0,1403.0,1403.0,1403.0,0.0,0.0,32.0
2018-05-04 14:25:00,1403.0,1403.0,1403.0,1403.0,0.0,0.0,32.0
2018-05-04 14:30:00,1403.0,1403.0,1403.0,1403.0,0.0,0.0,32.0
2018-05-04 14:35:00,1403.0,1403.0,1403.0,1403.0,0.0,0.0,32.0
2018-05-04 14:40:00,1403.0,1403.0,1403.0,1403.0,0.0,0.0,32.0
2018-05-04 14:45:00,1403.0,1403.0,1393.0,1393.0,2.0,55720.0,32.0
2018-05-04 14:50:00,1393.0,1393.0,1393.0,1393.0,0.0,0.0,32.0
2018-05-04 14:55:00,1393.0,1393.0,1393.0,1393.0,0.0,0.0,32.0
2018-05-04 21:00:00,1399.0,1399.0,1399.0,1399.0,0.0,0.0,32.0
2018-05-04 21:05:00,1399.0,1399.0,1399.0,1399.0,0.0,0.0,32.0
2018-05-04 21:10:00,1399.0,1399.0,1399.0,1399.0,0.0,0.0,32.0
2018-05-04 21:15:00,1399.0,1399.0,1399.0,1399.0,0.0,0.0,32.0
2018-05-04 21:20:00,1399.0,1399.0,1399.0,1399.0,0.0,0.0,32.0
2018-05-04 21:25:00,1399.0,1399.0,1399.0,1399.0,0.0,0.0,32.0
2018-05-04 21:30:00,1399.0,1399.0,1399.0,1399.0,0.0,0.0,32.0
2018-05-04 21:35:00,1399.0,1399.0,1399.0,1399.0,0.0,0.0,32.0
2018-05-04 21:40:00,1399.0,1399.0,1399.0,1399.0,0.0,0.0,32.0
2018-05-04 21:45:00,1399.0,1399.0,1399.0,1399.0,0.0,0.0,32.0
2018-05-04 21:50:00,1399.0,1399.0,1399.0,1399.0,0.0,0.0,32.0
2018-05-04 21:55:00,1399.0,1399.0,1399.0,1399.0,0.0,0.0,32.0
2018-05-04 22:00:00,1399.0,1399.0,1399.0,1399.0,0.0,0.0,32.0
2018-05-04 22:05:00,1399.0,1399.0,1399.0,1399.0,0.0,0.0,32.0
2018-05-04 22:10:00,1399.0,1399.0,1399.0,1399.0,0.0,0.0,32.0
2018-05-04 22:15:00,1399.0,1399.0,1399.0,1399.0,0.0,0.0,32.0
2018-05-04 22:20:00,1399.0,1399.0,1399.0,1399.0,0.0,0.0,32.0
2018-05-04 22:25:00,1399.0,1399.0,1399.0,1399.0,0.0,0.0,32.0
2018-05-04 22:30:00,1399.0,1399.0,1399.0,1399.0,0.0,0.0,32.0
2018-05-04 22:35:00,1399.0,1399.0,1399.0,1399.0,0.0,0.0,32.0
2018-05-04 22:40:00,1399.0,1399.0,1399.0,1399.0,0.0,0.0,32.0
2018-05-04 22:45:00,1399.0,1399.0,1399.0,1399.0,0.0,0.0,32.0
2018-05-04 22:50:00,1399.0,1399.0,1399.0,1399.0,0.0,0.0,32.0
2018-05-04 22:55:00,1399.0,1399.0,1399.0,1399.0,0.0,0.0,32.0
2018-05-04 23:00:00,1399.0,1399.0,1399.0,1399.0,0.0,0.0,32.0
2018-05-04 23:05:00,1399.0,1399.0,1399.0,1399.0,0.0,0.0,32.0
2018-05-04 23:10:00,1399.0,1399.0,1399.0,1399.0,0.0,0.0,32.0
2018-05-04 23:15:00,1399.0,1399.0,1399.0,1399.0,0.0,0.0,32.0
2018-05-04 23:20:00,1399.0,1399.0,1399.0,1399.0,0.0,0.0,32.0
2018-05-04 23:25:00,1399.0,1399.0,1399.0,1399.0,0.0,0.0,32.0
2018-05-07 09:00:00,1399.0,1399.0,1399.0,1399.0,0.0,0.0,32.0
2018-05-07 09:05:00,1399.0,1399.0,1399.0,1399.0,0.0,0.0,32.0
2018-05-07 09:10:00,1399.0,1399.0,1399.0,1399.0,0.0,0.0,32.0
2018-05-07 09:15:00,1399.0,1399.0,1399.0,1399.0,0.0,0.0,32.0
2018-05-07 09:20:00,1399.0,1399.0,1399.0,1399.0,0.0,0.0,32.0
2018-05-07 09:25:00,1399.0,1399.0,1399.0,1399.0,0.0,0.0,32.0
2018-05-07 09:30:00,1399.0,1399.0,1399.0,1399.0,0.0,0.0,32.0
2018-05-07 09:35:00,1399.0,1399.0,1399.0,1399.0,0.0,0.0,32.0
2018-05-07 09:40:00,1399.0,1399.0,1399.0,1399.0,0.0,0.0,32.0
2018-05-07 09:45:00,1399.0,1399.0,1399.0,1399.0,0.0,0.0,32.0
2018-05-07 09:50:00,1399.0,1399.0,1399.0,1399.0,0.0,0.0,32.0
2018-05-07 09:55:00,1399.0,1399.0,1399.0,1399.0,0.0,0.0,32.0
2018-05-07 10:00:00,1399.0,1399.0,1399.0,1399.0,0.0,0.0,32.0
2018-05-07 10:05:00,1399.0,1399.0,1399.0,1399.0,0.0,0.0,32.0
2018-05-07 10:10:00,1399.0,1399.0,1399.0,1399.0,0.0,0.0,32.0
2018-05-07 10:30:00,1399.0,1399.0,1399.0,1399.0,0.0,0.0,32.0
2018-05-07 10:35:00,1399.0,1399.0,1399.0,1399.0,0.0,0.0,32.0
2018-05-07 10:40:00,1399.0,1399.0,1399.0,1399.0,0.0,0.0,32.0
2018-05-07 10:45:00,1399.0,1399.0,1399.0,1399.0,0.0,0.0,32.0
2018-05-07 10:50:00,1399.0,1399.0,1399.0,1399.0,0.0,0.0,32.0
2018-05-07 10:55:00,1399.0,1399.0,1399.0,1399.0,0.0,0.0,32.0
2018-05-07 11:00:00,1399.0,1399.0,1399.0,1399.0,0.0,0.0,32.0
2018-05-07 11:05:00,1399.0,1399.0,1399.0,1399.0,0.0,0.0,32.0
2018-05-07 11:10:00,1399.0,1399.0,1399.0,1399.0,0.0,0.0,32.0
2018-05-07 11:15:00,1399.0,1399.0,1399.0,1399.0,0.0,0.0,32.0
2018-05-07 11:20:00,1399.0,1399.0,1399.0,1399.0,0.0,0.0,32.0
2018-05-07 11:25:00,1399.0,1399.0,1399.0,1399.0,0.0,0.0,32.0
2018-05-07 13:30:00,1399.0,1399.0,1399.0,1399.0,0.0,0.0,32.0
2018-05-07 13:35:00,1399.0,1399.0,1399.0,1399.0,0.0,0.0,32.0
2018-05-07 13:40:00,1399.0,1399.0,1399.0,1399.0,0.0,0.0,32.0
2018-05-07 13:45:00,1399.0,1399.0,1399.0,1399.0,0.0,0.0,32.0
2018-05-07 13:50:00,1399.0,1399.0,1399.0,1399.0,0.0,0.0,32.0
2018-05-07 13:55:00,1399.0,1399.0,1399.0,1399.0,0.0,0.0,32.0
2018-05-07 14:00:00,1399.0,1399.0,1399.0,1399.0,0.0,0.0,32.0
2018-05-07 14:05:00,1399.0,1399.0,1399.0,1399.0,0.0,0.0,32.0
2018-05-07 14:10:00,1399.0,1399.0,1399.0,1399.0,0.0,0.0,32.0
2018-05-07 14:15:00,1399.0,1399.0,1399.0,1399.0,0.0,0.0,32.0
2018-05-07 14:20:00,1399.0,1399.0,1399.0,1399.0,0.0,0.0,32.0
2018-05-07 14:25:00,1399.0,1399.0,1399.0,1399.0,0.0,0.0,32.0
2018-05-07 14:30:00,1399.0,1399.0,1399.0,1399.0,0.0,0.0,32.0
2018-05-07 14:35:00,1399.0,1399.0,1399.0,1399.0,0.0,0.0,32.0
2018-05-07 14:40:00,1399.0,1399.0,1399.0,1399.0,0.0,0.0,32.0
2018-05-07 14:45:00,1399.0,1399.0,1399.0,1399.0,0.0,0.0,32.0
2018-05-07 14:50:00,1399.0,1399.0,1399.0,1399.0,0.0,0.0,32.0
2018-05-07 14:55:00,1399.0,1399.0,1399.0,1399.0,0.0,0.0,32.0
2018-05-07 21:00:00,1387.0,1430.0,1387.0,1430.0,32.0,897280.0,32.0
2018-05-07 21:05:00,1430.0,1430.0,1430.0,1430.0,0.0,0.0,32.0
2018-05-07 21:10:00,1430.0,1430.0,1430.0,1430.0,0.0,0.0,32.0
2018-05-07 21:15:00,1430.0,1430.0,1430.0,1430.0,0.0,0.0,32.0
2018-05-07 21:20:00,1430.0,1430.0,1430.0,1430.0,0.0,0.0,32.0
2018-05-07 21:25:00,1430.0,1430.0,1430.0,1430.0,0.0,0.0,32.0
2018-05-07 21:30:00,1430.0,1430.0,1430.0,1430.0,0.0,0.0,32.0
2018-05-07 21:35:00,1430.0,1430.0,1430.0,1430.0,0.0,0.0,32.0
2018-05-07 21:40:00,1430.0,1430.0,1430.0,1430.0,0.0,0.0,32.0
2018-05-07 21:45:00,1430.0,1430.0,1430.0,1430.0,0.0,0.0,32.0
2018-05-07 21:50:00,1430.0,1430.0,1430.0,1430.0,0.0,0.0,32.0
2018-05-07 21:55:00,1430.0,1430.0,1430.0,1430.0,0.0,0.0,32.0
2018-05-07 22:00:00,1430.0,1430.0,1430.0,1430.0,0.0,0.0,32.0
2018-05-07 22:05:00,1430.0,1430.0,1430.0,1430.0,0.0,0.0,32.0
2018-05-07 22:10:00,1430.0,1430.0,1430.0,1430.0,0.0,0.0,32.0
2018-05-07 22:15:00,1430.0,1430.0,1430.0,1430.0,0.0,0.0,32.0
2018-05-07 22:20:00,1430.0,1430.0,1430.0,1430.0,0.0,0.0,32.0
2018-05-07 22:25:00,1430.0,1430.0,1430.0,1430.0,0.0,0.0,32.0
2018-05-07 22:30:00,1430.0,1430.0,1430.0,1430.0,0.0,0.0,32.0
2018-05-07 22:35:00,1430.0,1430.0,1430.0,1430.0,0.0,0.0,32.0
2018-05-07 22:40:00,1430.0,1430.0,1430.0,1430.0,0.0,0.0,32.0
2018-05-07 22:45:00,1430.0,1430.0,1430.0,1430.0,0.0,0.0,32.0
2018-05-07 22:50:00,1430.0,1430.0,1430.0,1430.0,0.0,0.0,32.0
2018-05-07 22:55:00,1430.0,1430.0,1430.0,1430.0,0.0,0.0,32.0
2018-05-07 23:00:00,1430.0,1430.0,1430.0,1430.0,0.0,0.0,32.0
2018-05-07 23:05:00,1430.0,1430.0,1430.0,1430.0,0.0,0.0,32.0
2018-05-07 23:10:00,1430.0,1430.0,1430.0,1430.0,0.0,0.0,32.0
2018-05-07 23:15:00,1430.0,1430.0,1430.0,1430.0,0.0,0.0,32.0
2018-05-07 23:20:00,1430.0,1430.0,1430.0,1430.0,0.0,0.0,32.0
2018-05-07 23:25:00,1430.0,1430.0,1430.0,1430.0,0.0,0.0,32.0
2018-05-08 09:00:00,1430.0,1430.0,1430.0,1430.0,0.0,0.0,32.0
2018-05-08 09:05:00,1430.0,1430.0,1397.0,1397.0,2.0,56080.0,32.0
2018-05-08 09:10:00,1397.0,1397.0,1397.0,1397.0,0.0,0.0,32.0
2018-05-08 09:15:00,1397.0,1397.0,1397.0,1397.0,0.0,0.0,32.0
2018-05-08 09:20:00,1397.0,1397.0,1397.0,1397.0,0.0,0.0,32.0
2018-05-08 09:25:00,1397.0,1397.0,1397.0,1397.0,0.0,0.0,32.0
2018-05-08 09:30:00,1397.0,1397.0,1397.0,1397.0,0.0,0.0,32.0
2018-05-08 09:35:00,1397.0,1397.0,1397.0,1397.0,0.0,0.0,32.0
2018-05-08 09:40:00,1397.0,1397.0,1397.0,1397.0,0.0,0.0,32.0
2018-05-08 09:45:00,1397.0,1397.0,1397.0,1397.0,0.0,0.0,32.0
2018-05-08 09:50:00,1397.0,1397.0,1397.0,1397.0,0.0,0.0,32.0
2018-05-08 09:55:00,1397.0,1397.0,1397.0,1397.0,0.0,0.0,32.0
2018-05-08 10:00:00,1397.0,1397.0,1397.0,1397.0,0.0,0.0,32.0
2018-05-08 10:05:00,1397.0,1397.0,1397.0,1397.0,0.0,0.0,32.0
2018-05-08 10:10:00,1397.0,1397.0,1397.0,1397.0,0.0,0.0,32.0
2018-05-08 10:30:00,1397.0,1397.0,1397.0,1397.0,0.0,0.0,32.0
2018-05-08 10:35:00,1397.0,1397.0,1397.0,1397.0,0.0,0.0,32.0
2018-05-08 10:40:00,1397.0,1397.0,1397.0,1397.0,0.0,0.0,32.0
2018-05-08 10:45:00,1397.0,1397.0,1397.0,1397.0,0.0,0.0,32.0
2018-05-08 10:50:00,1397.0,1397.0,1397.0,1397.0,0.0,0.0,32.0
2018-05-08 10:55:00,1397.0,1397.0,1397.0,1397.0,0.0,0.0,32.0
2018-05-08 11:00:00,1397.0,1397.0,1397.0,1397.0,0.0,0.0,32.0
2018-05-08 11:05:00,1397.0,1397.0,1397.0,1397.0,0.0,0.0,32.0
2018-05-08 11:10:00,1397.0,1397.0,1397.0,1397.0,0.0,0.0,32.0
2018-05-08 11:15:00,1397.0,1397.0,1397.0,1397.0,0.0,0.0,32.0
2018-05-08 11:20:00,1397.0,1397.0,1397.0,1397.0,0.0,0.0,32.0
2018-05-08 11:25:00,1397.0,1397.0,1397.0,1397.0,0.0,0.0,32.0
2018-05-08 13:30:00,1397.0,1397.0,1397.0,1397.0,0.0,0.0,32.0
2018-05-08 13:35:00,1397.0,1397.0,1397.0,1397.0,0.0,0.0,32.0
2018-05-08 13:40:00,1397.0,1397.0,1397.0,1397.0,0.0,0.0,32.0
2018-05-08 13:45:00,1397.0,1397.0,1397.0,1397.0,0.0,0.0,32.0
2018-05-08 13:50:00,1397.0,1397.0,1397.0,1397.0,0.0,0.0,32.0
2018-05-08 13:55:00,1397.0,1397.0,1397.0,1397.0,0.0,0.0,32.0
2018-05-08 14:00:00,1397.0,1397.0,1397.0,1397.0,0.0,0.0,32.0
2018-05-08 14:05:00,1397.0,1397.0,1397.0,1397.0,0.0,0.0,32.0
2018-05-08 14:10:00,1397.0,1397.0,1397.0,1397.0,0.0,0.0,32.0
2018-05-08 14:15:00,1397.0,1397.0,1397.0,1397.0,0.0,0.0,32.0
2018-05-08 14:20:00,1397.0,1397.0,1397.0,1397.0,0.0,0.0,32.0
2018-05-08 14:25:00,1397.0,1397.0,1397.0,1397.0,0.0,0.0,32.0
2018-05-08 14:30:00,1397.0,1397.0,1397.0,1397.0,0.0,0.0,32.0
2018-05-08 14:35:00,1397.0,1397.0,1397.0,1397.0,0.0,0.0,32.0
2018-05-08 14:40:00,1397.0,1397.0,1397.0,1397.0,0.0,0.0,32.0
2018-05-08 14:45:00,1397.0,1397.0,1397.0,1397.0,0.0,0.0,32.0
2018-05-08 14:50:00,1397.0,1397.0,1397.0,1397.0,0.0,0.0,32.0
2018-05-08 14:55:00,1397.0,1401.0,1397.0,1401.0,2.0,56080.0,32.0
2018-05-08 21:00:00,1402.0,1402.0,1402.0,1402.0,0.0,0.0,32.0
2018-05-08 21:05:00,1402.0,1402.0,1402.0,1402.0,0.0,0.0,32.0
2018-05-08 21:10:00,1402.0,1402.0,1391.0,1391.0,2.0,55640.0,32.0
2018-05-08 21:15:00,1391.0,1391.0,1391.0,1391.0,0.0,0.0,32.0
2018-05-08 21:20:00,1391.0,1391.0,1391.0,1391.0,0.0,0.0,32.0
2018-05-08 21:25:00,1391.0,1391.0,1391.0,1391.0,0.0,0.0,32.0
2018-05-08 21:30:00,1391.0,1391.0,1391.0,1391.0,0.0,0.0,32.0
2018-05-08 21:35:00,1391.0,1391.0,1391.0,1391.0,0.0,0.0,32.0
2018-05-08 21:40:00,1391.0,1391.0,1391.0,1391.0,0.0,0.0,32.0
2018-05-08 21:45:00,1391.0,1391.0,1391.0,1391.0,0.0,0.0,32.0
2018-05-08 21:50:00,1391.0,1391.0,1391.0,1391.0,0.0,0.0,32.0
2018-05-08 21:55:00,1391.0,1391.0,1391.0,1391.0,0.0,0.0,32.0
2018-05-08 22:00:00,1391.0,1391.0,1391.0,1391.0,0.0,0.0,32.0
2018-05-08 22:05:00,1391.0,1391.0,1391.0,1391.0,0.0,0.0,32.0
2018-05-08 22:10:00,1383.0,1383.0,1383.0,1383.0,2.0,55320.0,32.0
2018-05-08 22:15:00,1383.0,1383.0,1383.0,1383.0,0.0,0.0,32.0
2018-05-08 22:20:00,1383.0,1383.0,1383.0,1383.0,0.0,0.0,32.0
2018-05-08 22:25:00,1383.0,1383.0,1383.0,1383.0,0.0,0.0,32.0
2018-05-08 22:30:00,1383.0,1383.0,1383.0,1383.0,0.0,0.0,32.0
2018-05-08 22:35:00,1383.0,1383.0,1383.0,1383.0,0.0,0.0,32.0
2018-05-08 22:40:00,1383.0,1383.0,1383.0,1383.0,0.0,0.0,32.0
2018-05-08 22:45:00,1383.0,1383.0,1383.0,1383.0,0.0,0.0,32.0
2018-05-08 22:50:00,1383.0,1383.0,1383.0,1383.0,0.0,0.0,32.0
2018-05-08 22:55:00,1383.0,1383.0,1383.0,1383.0,0.0,0.0,32.0
2018-05-08 23:00:00,1383.0,1383.0,1383.0,1383.0,0.0,0.0,32.0
2018-05-08 23:05:00,1383.0,1383.0,1383.0,1383.0,0.0,0.0,32.0
2018-05-08 23:10:00,1383.0,1383.0,1383.0,1383.0,0.0,0.0,32.0
2018-05-08 23:15:00,1383.0,1383.0,1383.0,1383.0,0.0,0.0,32.0
2018-05-08 23:20:00,1383.0,1383.0,1383.0,1383.0,0.0,0.0,32.0
2018-05-08 23:25:00,1383.0,1383.0,1383.0,1383.0,0.0,0.0,32.0
2018-05-09 09:00:00,1383.0,1383.0,1383.0,1383.0,0.0,0.0,32.0
2018-05-09 09:05:00,1383.0,1383.0,1383.0,1383.0,0.0,0.0,32.0
2018-05-09 09:10:00,1383.0,1383.0,1383.0,1383.0,0.0,0.0,32.0
2018-05-09 09:15:00,1383.0,1383.0,1383.0,1383.0,0.0,0.0,32.0
2018-05-09 09:20:00,1383.0,1383.0,1383.0,1383.0,0.0,0.0,32.0
2018-05-09 09:25:00,1383.0,1383.0,1383.0,1383.0,0.0,0.0,32.0
2018-05-09 09:30:00,1383.0,1383.0,1383.0,1383.0,0.0,0.0,32.0
2018-05-09 09:35:00,1383.0,1383.0,1383.0,1383.0,0.0,0.0,32.0
2018-05-09 09:40:00,1383.0,1383.0,1383.0,1383.0,0.0,0.0,32.0
2018-05-09 09:45:00,1383.0,1383.0,1383.0,1383.0,0.0,0.0,32.0
2018-05-09 09:50:00,1383.0,1383.0,1383.0,1383.0,0.0,0.0,32.0
2018-05-09 09:55:00,1383.0,1383.0,1383.0,1383.0,0.0,0.0,32.0
2018-05-09 10:00:00,1383.0,1383.0,1383.0,1383.0,0.0,0.0,32.0
2018-05-09 10:05:00,1383.0,1383.0,1383.0,1383.0,0.0,0.0,32.0
2018-05-09 10:10:00,1383.0,1383.0,1383.0,1383.0,0.0,0.0,32.0
2018-05-09 10:30:00,1383.0,1383.0,1383.0,1383.0,0.0,0.0,32.0
2018-05-09 10:35:00,1383.0,1383.0,1383.0,1383.0,0.0,0.0,32.0
2018-05-09 10:40:00,1383.0,1383.0,1383.0,1383.0,0.0,0.0,32.0
2018-05-09 10:45:00,1383.0,1383.0,1383.0,1383.0,0.0,0.0,32.0
2018-05-09 10:50:00,1383.0,1383.0,1383.0,1383.0,0.0,0.0,32.0
2018-05-09 10:55:00,1383.0,1383.0,1383.0,1383.0,0.0,0.0,32.0
2018-05-09 11:00:00,1383.0,1383.0,1383.0,1383.0,0.0,0.0,32.0
2018-05-09 11:05:00,1383.0,1383.0,1383.0,1383.0,0.0,0.0,32.0
2018-05-09 11:10:00,1383.0,1383.0,1383.0,1383.0,0.0,0.0,32.0
2018-05-09 11:15:00,1383.0,1383.0,1383.0,1383.0,0.0,0.0,32.0
2018-05-09 11:20:00,1383.0,1383.0,1383.0,1383.0,0.0,0.0,32.0
2018-05-09 11:25:00,1383.0,1383.0,1383.0,1383.0,0.0,0.0,32.0
2018-05-09 13:30:00,1383.0,1383.0,1373.0,1373.0,4.0,109840.0,36.0
2018-05-09 13:35:00,1373.0,1373.0,1373.0,1373.0,0.0,0.0,36.0
2018-05-09 13:40:00,1373.0,1377.0,1373.0,1377.0,4.0,110160.0,40.0
2018-05-09 13:45:00,1377.0,1377.0,1377.0,1377.0,0.0,0.0,40.0
2018-05-09 13:50:00,1377.0,1377.0,1377.0,1377.0,0.0,0.0,40.0
2018-05-09 13:55:00,1377.0,1377.0,1377.0,1377.0,0.0,0.0,40.0
2018-05-09 14:00:00,1377.0,1377.0,1377.0,1377.0,0.0,0.0,40.0
2018-05-09 14:05:00,1377.0,1377.0,1377.0,1377.0,0.0,0.0,40.0
2018-05-09 14:10:00,1377.0,1377.0,1377.0,1377.0,0.0,0.0,40.0
2018-05-09 14:15:00,1377.0,1377.0,1377.0,1377.0,0.0,0.0,40.0
2018-05-09 14:20:00,1377.0,1377.0,1377.0,1377.0,0.0,0.0,40.0
2018-05-09 14:25:00,1377.0,1385.0,1372.0,1372.0,4.0,110320.0,40.0
2018-05-09 14:30:00,1372.0,1372.0,1372.0,1372.0,0.0,0.0,40.0
2018-05-09 14:35:00,1372.0,1372.0,1372.0,1372.0,0.0,0.0,40.0
2018-05-09 14:40:00,1372.0,1372.0,1372.0,1372.0,0.0,0.0,40.0
2018-05-09 14:45:00,1372.0,1372.0,1372.0,1372.0,0.0,0.0,40.0
2018-05-09 14:50:00,1372.0,1372.0,1372.0,1372.0,0.0,0.0,40.0
2018-05-09 14:55:00,1372.0,1372.0,1372.0,1372.0,0.0,0.0,40.0
2018-05-09 21:00:00,1379.0,1379.0,1379.0,1379.0,0.0,0.0,40.0
2018-05-09 21:05:00,1379.0,1379.0,1379.0,1379.0,0.0,0.0,40.0
2018-05-09 21:10:00,1379.0,1379.0,1379.0,1379.0,0.0,0.0,40.0
2018-05-09 21:15:00,1379.0,1379.0,1379.0,1379.0,0.0,0.0,40.0
2018-05-09 21:20:00,1379.0,1379.0,1379.0,1379.0,0.0,0.0,40.0
2018-05-09 21:25:00,1379.0,1379.0,1379.0,1379.0,0.0,0.0,40.0
2018-05-09 21:30:00,1379.0,1379.0,1379.0,1379.0,0.0,0.0,40.0
2018-05-09 21:35:00,1379.0,1379.0,1379.0,1379.0,0.0,0.0,40.0
2018-05-09 21:40:00,1379.0,1379.0,1379.0,1379.0,0.0,0.0,40.0
2018-05-09 21:45:00,1379.0,1379.0,1379.0,1379.0,0.0,0.0,40.0
2018-05-09 21:50:00,1379.0,1379.0,1379.0,1379.0,0.0,0.0,40.0
2018-05-09 21:55:00,1379.0,1379.0,1379.0,1379.0,0.0,0.0,40.0
2018-05-09 22:00:00,1379.0,1379.0,1379.0,1379.0,0.0,0.0,40.0
2018-05-09 22:05:00,1379.0,1379.0,1379.0,1379.0,0.0,0.0,40.0
2018-05-09 22:10:00,1379.0,1379.0,1379.0,1379.0,0.0,0.0,40.0
2018-05-09 22:15:00,1379.0,1379.0,1379.0,1379.0,0.0,0.0,40.0
2018-05-09 22:20:00,1379.0,1379.0,1379.0,1379.0,0.0,0.0,40.0
2018-05-09 22:25:00,1379.0,1379.0,1379.0,1379.0,0.0,0.0,40.0
2018-05-09 22:30:00,1379.0,1379.0,1379.0,1379.0,0.0,0.0,40.0
2018-05-09 22:35:00,1379.0,1379.0,1379.0,1379.0,0.0,0.0,40.0
2018-05-09 22:40:00,1379.0,1379.0,1379.0,1379.0,0.0,0.0,40.0
2018-05-09 22:45:00,1379.0,1379.0,1379.0,1379.0,0.0,0.0,40.0
2018-05-09 22:50:00,1379.0,1379.0,1379.0,1379.0,0.0,0.0,40.0
2018-05-09 22:55:00,1379.0,1379.0,1379.0,1379.0,0.0,0.0,40.0
2018-05-09 23:00:00,1379.0,1379.0,1379.0,1379.0,0.0,0.0,40.0
2018-05-09 23:05:00,1379.0,1379.0,1379.0,1379.0,0.0,0.0,40.0
2018-05-09 23:10:00,1379.0,1379.0,1379.0,1379.0,0.0,0.0,40.0
2018-05-09 23:15:00,1379.0,1379.0,1379.0,1379.0,0.0,0.0,40.0
2018-05-09 23:20:00,1379.0,1379.0,1379.0,1379.0,0.0,0.0,40.0
2018-05-09 23:25:00,1379.0,1379.0,1379.0,1379.0,0.0,0.0,40.0
2018-05-10 09:00:00,1379.0,1379.0,1379.0,1379.0,0.0,0.0,40.0
2018-05-10 09:05:00,1379.0,1379.0,1379.0,1379.0,0.0,0.0,40.0
2018-05-10 09:10:00,1379.0,1379.0,1379.0,1379.0,0.0,0.0,40.0
2018-05-10 09:15:00,1379.0,1379.0,1379.0,1379.0,0.0,0.0,40.0
2018-05-10 09:20:00,1379.0,1379.0,1379.0,1379.0,0.0,0.0,40.0
2018-05-10 09:25:00,1379.0,1379.0,1379.0,1379.0,0.0,0.0,40.0
2018-05-10 09:30:00,1379.0,1379.0,1379.0,1379.0,0.0,0.0,40.0
2018-05-10 09:35:00,1379.0,1379.0,1379.0,1379.0,0.0,0.0,40.0
2018-05-10 09:40:00,1379.0,1379.0,1379.0,1379.0,0.0,0.0,40.0
2018-05-10 09:45:00,1379.0,1379.0,1379.0,1379.0,0.0,0.0,40.0
2018-05-10 09:50:00,1379.0,1379.0,1379.0,1379.0,0.0,0.0,40.0
2018-05-10 09:55:00,1379.0,1379.0,1379.0,1379.0,0.0,0.0,40.0
2018-05-10 10:00:00,1379.0,1379.0,1379.0,1379.0,0.0,0.0,40.0
2018-05-10 10:05:00,1379.0,1379.0,1379.0,1379.0,0.0,0.0,40.0
2018-05-10 10:10:00,1379.0,1379.0,1379.0,1379.0,0.0,0.0,40.0
2018-05-10 10:30:00,1379.0,1379.0,1379.0,1379.0,0.0,0.0,40.0
2018-05-10 10:35:00,1379.0,1379.0,1379.0,1379.0,0.0,0.0,40.0
2018-05-10 10:40:00,1379.0,1379.0,1379.0,1379.0,0.0,0.0,40.0
2018-05-10 10:45:00,1379.0,1379.0,1379.0,1379.0,0.0,0.0,40.0
2018-05-10 10:50:00,1379.0,1379.0,1379.0,1379.0,0.0,0.0,40.0
2018-05-10 10:55:00,1379.0,1379.0,1379.0,1379.0,0.0,0.0,40.0
2018-05-10 11:00:00,1379.0,1379.0,1379.0,1379.0,0.0,0.0,40.0
2018-05-10 11:05:00,1379.0,1379.0,1379.0,1379.0,0.0,0.0,40.0
2018-05-10 11:10:00,1379.0,1379.0,1379.0,1379.0,0.0,0.0,40.0
2018-05-10 11:15:00,1379.0,1379.0,1379.0,1379.0,0.0,0.0,40.0
2018-05-10 11:20:00,1379.0,1379.0,1379.0,1379.0,0.0,0.0,40.0
2018-05-10 11:25:00,1379.0,1379.0,1379.0,1379.0,0.0,0.0,40.0
2018-05-10 13:30:00,1379.0,1379.0,1379.0,1379.0,0.0,0.0,40.0
2018-05-10 13:35:00,1379.0,1379.0,1379.0,1379.0,0.0,0.0,40.0
2018-05-10 13:40:00,1379.0,1379.0,1379.0,1379.0,0.0,0.0,40.0
2018-05-10 13:45:00,1379.0,1379.0,1379.0,1379.0,0.0,0.0,40.0
2018-05-10 13:50:00,1379.0,1379.0,1379.0,1379.0,0.0,0.0,40.0
2018-05-10 13:55:00,1379.0,1379.0,1379.0,1379.0,0.0,0.0,40.0
2018-05-10 14:00:00,1379.0,1379.0,1379.0,1379.0,0.0,0.0,40.0
2018-05-10 14:05:00,1379.0,1379.0,1379.0,1379.0,0.0,0.0,40.0
2018-05-10 14:10:00,1379.0,1379.0,1379.0,1379.0,0.0,0.0,40.0
2018-05-10 14:15:00,1379.0,1379.0,1379.0,1379.0,0.0,0.0,40.0
2018-05-10 14:20:00,1379.0,1379.0,1379.0,1379.0,0.0,0.0,40.0
2018-05-10 14:25:00,1379.0,1379.0,1379.0,1379.0,0.0,0.0,40.0
2018-05-10 14:30:00,1379.0,1379.0,1379.0,1379.0,0.0,0.0,40.0
2018-05-10 14:35:00,1379.0,1379.0,1379.0,1379.0,0.0,0.0,40.0
2018-05-10 14:40:00,1379.0,1379.0,1379.0,1379.0,0.0,0.0,40.0
2018-05-10 14:45:00,1379.0,1379.0,1379.0,1379.0,0.0,0.0,40.0
2018-05-10 14:50:00,1379.0,1379.0,1379.0,1379.0,0.0,0.0,40.0
2018-05-10 14:55:00,1379.0,1379.0,1379.0,1379.0,0.0,0.0,40.0
2018-05-10 21:00:00,1379.0,1379.0,1379.0,1379.0,0.0,0.0,40.0
2018-05-10 21:05:00,1379.0,1379.0,1379.0,1379.0,0.0,0.0,40.0
2018-05-10 21:10:00,1379.0,1379.0,1379.0,1379.0,0.0,0.0,40.0
2018-05-10 21:15:00,1379.0,1379.0,1379.0,1379.0,0.0,0.0,40.0
2018-05-10 21:20:00,1379.0,1379.0,1379.0,1379.0,0.0,0.0,40.0
2018-05-10 21:25:00,1379.0,1379.0,1379.0,1379.0,0.0,0.0,40.0
2018-05-10 21:30:00,1379.0,1379.0,1379.0,1379.0,0.0,0.0,40.0
2018-05-10 21:35:00,1379.0,1379.0,1379.0,1379.0,0.0,0.0,40.0
2018-05-10 21:40:00,1379.0,1379.0,1379.0,1379.0,0.0,0.0,40.0
2018-05-10 21:45:00,1379.0,1379.0,1379.0,1379.0,0.0,0.0,40.0
2018-05-10 21:50:00,1379.0,1379.0,1379.0,1379.0,0.0,0.0,40.0
2018-05-10 21:55:00,1379.0,1379.0,1379.0,1379.0,0.0,0.0,40.0
2018-05-10 22:00:00,1379.0,1379.0,1379.0,1379.0,0.0,0.0,40.0
2018-05-10 22:05:00,1379.0,1379.0,1379.0,1379.0,0.0,0.0,40.0
2018-05-10 22:10:00,1379.0,1379.0,1379.0,1379.0,0.0,0.0,40.0
2018-05-10 22:15:00,1379.0,1379.0,1379.0,1379.0,0.0,0.0,40.0
2018-05-10 22:20:00,1379.0,1379.0,1379.0,1379.0,0.0,0.0,40.0
2018-05-10 22:25:00,1379.0,1379.0,1379.0,1379.0,0.0,0.0,40.0
2018-05-10 22:30:00,1379.0,1379.0,1379.0,1379.0,0.0,0.0,40.0
2018-05-10 22:35:00,1379.0,1379.0,1379.0,1379.0,0.0,0.0,40.0
2018-05-10 22:40:00,1379.0,1379.0,1379.0,1379.0,0.0,0.0,40.0
2018-05-10 22:45:00,1379.0,1379.0,1379.0,1379.0,0.0,0.0,40.0
2018-05-10 22:50:00,1379.0,1379.0,1379.0,1379.0,0.0,0.0,40.0
2018-05-10 22:55:00,1379.0,1379.0,1379.0,1379.0,0.0,0.0,40.0
2018-05-10 23:00:00,1379.0,1379.0,1379.0,1379.0,0.0,0.0,40.0
2018-05-10 23:05:00,1379.0,1379.0,1379.0,1379.0,0.0,0.0,40.0
2018-05-10 23:10:00,1379.0,1379.0,1379.0,1379.0,0.0,0.0,40.0
2018-05-10 23:15:00,1379.0,1379.0,1379.0,1379.0,0.0,0.0,40.0
2018-05-10 23:20:00,1379.0,1379.0,1379.0,1379.0,0.0,0.0,40.0
2018-05-10 23:25:00,1379.0,1379.0,1379.0,1379.0,0.0,0.0,40.0
2018-05-11 09:00:00,1379.0,1379.0,1379.0,1379.0,0.0,0.0,40.0
2018-05-11 09:05:00,1379.0,1379.0,1379.0,1379.0,0.0,0.0,40.0
2018-05-11 09:10:00,1379.0,1379.0,1379.0,1379.0,0.0,0.0,40.0
2018-05-11 09:15:00,1379.0,1379.0,1379.0,1379.0,0.0,0.0,40.0
2018-05-11 09:20:00,1379.0,1379.0,1379.0,1379.0,0.0,0.0,40.0
2018-05-11 09:25:00,1379.0,1379.0,1379.0,1379.0,0.0,0.0,40.0
2018-05-11 09:30:00,1379.0,1379.0,1379.0,1379.0,0.0,0.0,40.0
2018-05-11 09:35:00,1379.0,1379.0,1379.0,1379.0,0.0,0.0,40.0
2018-05-11 09:40:00,1379.0,1379.0,1379.0,1379.0,0.0,0.0,40.0
2018-05-11 09:45:00,1379.0,1379.0,1379.0,1379.0,0.0,0.0,40.0
2018-05-11 09:50:00,1379.0,1379.0,1379.0,1379.0,0.0,0.0,40.0
2018-05-11 09:55:00,1379.0,1379.0,1379.0,1379.0,0.0,0.0,40.0
2018-05-11 10:00:00,1379.0,1379.0,1379.0,1379.0,0.0,0.0,40.0
2018-05-11 10:05:00,1379.0,1379.0,1379.0,1379.0,0.0,0.0,40.0
2018-05-11 10:10:00,1379.0,1379.0,1379.0,1379.0,0.0,0.0,40.0
2018-05-11 10:30:00,1379.0,1379.0,1379.0,1379.0,0.0,0.0,40.0
2018-05-11 10:35:00,1379.0,1379.0,1379.0,1379.0,0.0,0.0,40.0
2018-05-11 10:40:00,1379.0,1379.0,1379.0,1379.0,0.0,0.0,40.0
2018-05-11 10:45:00,1379.0,1379.0,1379.0,1379.0,0.0,0.0,40.0
2018-05-11 10:50:00,1379.0,1379.0,1379.0,1379.0,0.0,0.0,40.0
2018-05-11 10:55:00,1379.0,1379.0,1379.0,1379.0,0.0,0.0,40.0
2018-05-11 11:00:00,1379.0,1379.0,1379.0,1379.0,0.0,0.0,40.0
2018-05-11 11:05:00,1379.0,1379.0,1379.0,1379.0,0.0,0.0,40.0
2018-05-11 11:10:00,1379.0,1379.0,1379.0,1379.0,0.0,0.0,40.0
2018-05-11 11:15:00,1379.0,1379.0,1379.0,1379.0,0.0,0.0,40.0
2018-05-11 11:20:00,1379.0,1379.0,1379.0,1379.0,0.0,0.0,40.0
2018-05-11 11:25:00,1379.0,1379.0,1379.0,1379.0,0.0,0.0,40.0
2018-05-11 13:30:00,1379.0,1379.0,1379.0,1379.0,0.0,0.0,40.0
2018-05-11 13:35:00,1379.0,1379.0,1379.0,1379.0,0.0,0.0,40.0
2018-05-11 13:40:00,1379.0,1379.0,1379.0,1379.0,0.0,0.0,40.0
2018-05-11 13:45:00,1379.0,1379.0,1379.0,1379.0,0.0,0.0,40.0
2018-05-11 13:50:00,1379.0,1379.0,1379.0,1379.0,0.0,0.0,40.0
2018-05-11 13:55:00,1379.0,1379.0,1379.0,1379.0,0.0,0.0,40.0
2018-05-11 14:00:00,1379.0,1379.0,1379.0,1379.0,0.0,0.0,40.0
2018-05-11 14:05:00,1379.0,1379.0,1379.0,1379.0,0.0,0.0,40.0
2018-05-11 14:10:00,1379.0,1379.0,1379.0,1379.0,0.0,0.0,40.0
2018-05-11 14:15:00,1379.0,1379.0,1379.0,1379.0,0.0,0.0,40.0
2018-05-11 14:20:00,1379.0,1379.0,1379.0,1379.0,0.0,0.0,40.0
2018-05-11 14:25:00,1379.0,1379.0,1379.0,1379.0,0.0,0.0,40.0
2018-05-11 14:30:00,1379.0,1379.0,1379.0,1379.0,0.0,0.0,40.0
2018-05-11 14:35:00,1379.0,1379.0,1379.0,1379.0,0.0,0.0,40.0
2018-05-11 14:40:00,1379.0,1379.0,1379.0,1379.0,0.0,0.0,40.0
2018-05-11 14:45:00,1379.0,1379.0,1379.0,1379.0,0.0,0.0,40.0
2018-05-11 14:50:00,1379.0,1379.0,1379.0,1379.0,0.0,0.0,40.0
2018-05-11 14:55:00,1379.0,1379.0,1379.0,1379.0,0.0,0.0,40.0
2018-05-11 21:00:00,1379.0,1379.0,1379.0,1379.0,0.0,0.0,40.0
2018-05-11 21:05:00,1379.0,1379.0,1379.0,1379.0,0.0,0.0,40.0
2018-05-11 21:10:00,1379.0,1379.0,1379.0,1379.0,0.0,0.0,40.0
2018-05-11 21:15:00,1379.0,1379.0,1379.0,1379.0,0.0,0.0,40.0
2018-05-11 21:20:00,1379.0,1379.0,1379.0,1379.0,0.0,0.0,40.0
2018-05-11 21:25:00,1379.0,1379.0,1379.0,1379.0,0.0,0.0,40.0
2018-05-11 21:30:00,1379.0,1379.0,1379.0,1379.0,0.0,0.0,40.0
2018-05-11 21:35:00,1379.0,1379.0,1379.0,1379.0,0.0,0.0,40.0
2018-05-11 21:40:00,1379.0,1379.0,1379.0,1379.0,0.0,0.0,40.0
2018-05-11 21:45:00,1379.0,1379.0,1379.0,1379.0,0.0,0.0,40.0
2018-05-11 21:50:00,1379.0,1379.0,1379.0,1379.0,0.0,0.0,40.0
2018-05-11 21:55:00,1379.0,1379.0,1379.0,1379.0,0.0,0.0,40.0
2018-05-11 22:00:00,1379.0,1379.0,1379.0,1379.0,0.0,0.0,40.0
2018-05-11 22:05:00,1379.0,1379.0,1379.0,1379.0,0.0,0.0,40.0
2018-05-11 22:10:00,1378.0,1378.0,1378.0,1378.0,2.0,55120.0,40.0
2018-05-11 22:15:00,1378.0,1378.0,1378.0,1378.0,0.0,0.0,40.0
2018-05-11 22:20:00,1378.0,1378.0,1378.0,1378.0,0.0,0.0,40.0
2018-05-11 22:25:00,1378.0,1378.0,1378.0,1378.0,0.0,0.0,40.0
2018-05-11 22:30:00,1378.0,1378.0,1378.0,1378.0,0.0,0.0,40.0
2018-05-11 22:35:00,1378.0,1378.0,1378.0,1378.0,0.0,0.0,40.0
2018-05-11 22:40:00,1378.0,1378.0,1378.0,1378.0,0.0,0.0,40.0
2018-05-11 22:45:00,1378.0,1378.0,1378.0,1378.0,0.0,0.0,40.0
2018-05-11 22:50:00,1378.0,1378.0,1378.0,1378.0,0.0,0.0,40.0
2018-05-11 22:55:00,1378.0,1378.0,1378.0,1378.0,0.0,0.0,40.0
2018-05-11 23:00:00,1378.0,1378.0,1378.0,1378.0,0.0,0.0,40.0
2018-05-11 23:05:00,1378.0,1378.0,1378.0,1378.0,0.0,0.0,40.0
2018-05-11 23:10:00,1389.0,1389.0,1389.0,1389.0,2.0,55600.0,40.0
2018-05-11 23:15:00,1389.0,1389.0,1389.0,1389.0,0.0,0.0,40.0
2018-05-11 23:20:00,1389.0,1389.0,1389.0,1389.0,0.0,0.0,40.0
2018-05-11 23:25:00,1389.0,1389.0,1389.0,1389.0,0.0,0.0,40.0
2018-05-14 09:00:00,1389.0,1389.0,1389.0,1389.0,0.0,0.0,40.0
2018-05-14 09:05:00,1389.0,1389.0,1389.0,1389.0,0.0,0.0,40.0
2018-05-14 09:10:00,1389.0,1389.0,1389.0,1389.0,0.0,0.0,40.0
2018-05-14 09:15:00,1389.0,1389.0,1389.0,1389.0,0.0,0.0,40.0
2018-05-14 09:20:00,1389.0,1389.0,1389.0,1389.0,0.0,0.0,40.0
2018-05-14 09:25:00,1389.0,1389.0,1389.0,1389.0,0.0,0.0,40.0
2018-05-14 09:30:00,1389.0,1389.0,1389.0,1389.0,0.0,0.0,40.0
2018-05-14 09:35:00,1389.0,1389.0,1389.0,1389.0,0.0,0.0,40.0
2018-05-14 09:40:00,1389.0,1389.0,1389.0,1389.0,0.0,0.0,40.0
2018-05-14 09:45:00,1389.0,1389.0,1389.0,1389.0,0.0,0.0,40.0
2018-05-14 09:50:00,1389.0,1389.0,1389.0,1389.0,0.0,0.0,40.0
2018-05-14 09:55:00,1389.0,1389.0,1389.0,1389.0,0.0,0.0,40.0
2018-05-14 10:00:00,1389.0,1389.0,1389.0,1389.0,0.0,0.0,40.0
2018-05-14 10:05:00,1389.0,1389.0,1389.0,1389.0,0.0,0.0,40.0
2018-05-14 10:10:00,1389.0,1389.0,1389.0,1389.0,0.0,0.0,40.0
2018-05-14 10:30:00,1389.0,1389.0,1389.0,1389.0,0.0,0.0,40.0
2018-05-14 10:35:00,1389.0,1389.0,1389.0,1389.0,0.0,0.0,40.0
2018-05-14 10:40:00,1389.0,1389.0,1389.0,1389.0,0.0,0.0,40.0
2018-05-14 10:45:00,1389.0,1389.0,1389.0,1389.0,0.0,0.0,40.0
2018-05-14 10:50:00,1389.0,1389.0,1389.0,1389.0,0.0,0.0,40.0
2018-05-14 10:55:00,1389.0,1389.0,1389.0,1389.0,0.0,0.0,40.0
2018-05-14 11:00:00,1389.0,1389.0,1389.0,1389.0,0.0,0.0,40.0
2018-05-14 11:05:00,1389.0,1389.0,1389.0,1389.0,0.0,0.0,40.0
2018-05-14 11:10:00,1389.0,1389.0,1389.0,1389.0,0.0,0.0,40.0
2018-05-14 11:15:00,1389.0,1389.0,1389.0,1389.0,0.0,0.0,40.0
2018-05-14 11:20:00,1389.0,1389.0,1389.0,1389.0,0.0,0.0,40.0
2018-05-14 11:25:00,1389.0,1389.0,1389.0,1389.0,0.0,0.0,40.0
2018-05-14 13:30:00,1389.0,1389.0,1389.0,1389.0,0.0,0.0,40.0
2018-05-14 13:35:00,1389.0,1389.0,1389.0,1389.0,0.0,0.0,40.0
2018-05-14 13:40:00,1389.0,1389.0,1389.0,1389.0,0.0,0.0,40.0
2018-05-14 13:45:00,1389.0,1389.0,1389.0,1389.0,0.0,0.0,40.0
2018-05-14 13:50:00,1389.0,1389.0,1389.0,1389.0,0.0,0.0,40.0
2018-05-14 13:55:00,1389.0,1389.0,1389.0,1389.0,0.0,0.0,40.0
2018-05-14 14:00:00,1389.0,1389.0,1389.0,1389.0,0.0,0.0,40.0
2018-05-14 14:05:00,1389.0,1389.0,1389.0,1389.0,0.0,0.0,40.0
2018-05-14 14:10:00,1389.0,1389.0,1389.0,1389.0,0.0,0.0,40.0
2018-05-14 14:15:00,1389.0,1389.0,1389.0,1389.0,0.0,0.0,40.0
2018-05-14 14:20:00,1389.0,1389.0,1389.0,1389.0,0.0,0.0,40.0
2018-05-14 14:25:00,1389.0,1389.0,1389.0,1389.0,0.0,0.0,40.0
2018-05-14 14:30:00,1389.0,1389.0,1389.0,1389.0,0.0,0.0,40.0
2018-05-14 14:35:00,1389.0,1389.0,1389.0,1389.0,0.0,0.0,40.0
2018-05-14 14:40:00,1389.0,1389.0,1389.0,1389.0,0.0,0.0,40.0
2018-05-14 14:45:00,1389.0,1389.0,1389.0,1389.0,0.0,0.0,40.0
2018-05-14 14:50:00,1389.0,1410.0,1389.0,1410.0,4.0,112800.0,44.0
2018-05-14 14:55:00,1410.0,1410.0,1410.0,1410.0,0.0,0.0,44.0
2018-05-14 21:00:00,1397.0,1397.0,1397.0,1397.0,0.0,0.0,44.0
2018-05-14 21:05:00,1397.0,1397.0,1397.0,1397.0,0.0,0.0,44.0
2018-05-14 21:10:00,1397.0,1397.0,1397.0,1397.0,0.0,0.0,44.0
2018-05-14 21:15:00,1397.0,1397.0,1397.0,1397.0,0.0,0.0,44.0
2018-05-14 21:20:00,1397.0,1397.0,1397.0,1397.0,0.0,0.0,44.0
2018-05-14 21:25:00,1397.0,1397.0,1397.0,1397.0,0.0,0.0,44.0
2018-05-14 21:30:00,1397.0,1397.0,1397.0,1397.0,0.0,0.0,44.0
2018-05-14 21:35:00,1397.0,1397.0,1397.0,1397.0,0.0,0.0,44.0
2018-05-14 21:40:00,1397.0,1397.0,1397.0,1397.0,0.0,0.0,44.0
2018-05-14 21:45:00,1397.0,1397.0,1397.0,1397.0,0.0,0.0,44.0
2018-05-14 21:50:00,1397.0,1397.0,1397.0,1397.0,0.0,0.0,44.0
2018-05-14 21:55:00,1397.0,1397.0,1397.0,1397.0,0.0,0.0,44.0
2018-05-14 22:00:00,1397.0,1397.0,1397.0,1397.0,0.0,0.0,44.0
2018-05-14 22:05:00,1397.0,1397.0,1397.0,1397.0,0.0,0.0,44.0
2018-05-14 22:10:00,1397.0,1397.0,1397.0,1397.0,0.0,0.0,44.0
2018-05-14 22:15:00,1397.0,1397.0,1397.0,1397.0,0.0,0.0,44.0
2018-05-14 22:20:00,1397.0,1397.0,1397.0,1397.0,0.0,0.0,44.0
2018-05-14 22:25:00,1397.0,1397.0,1397.0,1397.0,0.0,0.0,44.0
2018-05-14 22:30:00,1397.0,1397.0,1397.0,1397.0,0.0,0.0,44.0
2018-05-14 22:35:00,1397.0,1397.0,1397.0,1397.0,0.0,0.0,44.0
2018-05-14 22:40:00,1397.0,1397.0,1397.0,1397.0,0.0,0.0,44.0
2018-05-14 22:45:00,1397.0,1397.0,1397.0,1397.0,0.0,0.0,44.0
2018-05-14 22:50:00,1397.0,1397.0,1397.0,1397.0,0.0,0.0,44.0
2018-05-14 22:55:00,1397.0,1397.0,1397.0,1397.0,0.0,0.0,44.0
2018-05-14 23:00:00,1397.0,1397.0,1397.0,1397.0,0.0,0.0,44.0
2018-05-14 23:05:00,1397.0,1397.0,1397.0,1397.0,0.0,0.0,44.0
2018-05-14 23:10:00,1397.0,1397.0,1397.0,1397.0,0.0,0.0,44.0
2018-05-14 23:15:00,1397.0,1397.0,1397.0,1397.0,0.0,0.0,44.0
2018-05-14 23:20:00,1397.0,1397.0,1397.0,1397.0,0.0,0.0,44.0
2018-05-14 23:25:00,1397.0,1397.0,1397.0,1397.0,0.0,0.0,44.0
2018-05-15 09:00:00,1397.0,1397.0,1397.0,1397.0,0.0,0.0,44.0
2018-05-15 09:05:00,1397.0,1397.0,1397.0,1397.0,0.0,0.0,44.0
2018-05-15 09:10:00,1397.0,1397.0,1397.0,1397.0,0.0,0.0,44.0
2018-05-15 09:15:00,1397.0,1397.0,1397.0,1397.0,0.0,0.0,44.0
2018-05-15 09:20:00,1397.0,1397.0,1397.0,1397.0,0.0,0.0,44.0
2018-05-15 09:25:00,1397.0,1397.0,1397.0,1397.0,0.0,0.0,44.0
2018-05-15 09:30:00,1397.0,1397.0,1397.0,1397.0,0.0,0.0,44.0
2018-05-15 09:35:00,1397.0,1397.0,1397.0,1397.0,0.0,0.0,44.0
2018-05-15 09:40:00,1397.0,1397.0,1397.0,1397.0,0.0,0.0,44.0
2018-05-15 09:45:00,1397.0,1397.0,1397.0,1397.0,0.0,0.0,44.0
2018-05-15 09:50:00,1397.0,1397.0,1397.0,1397.0,0.0,0.0,44.0
2018-05-15 09:55:00,1397.0,1397.0,1397.0,1397.0,0.0,0.0,44.0
2018-05-15 10:00:00,1397.0,1397.0,1397.0,1397.0,0.0,0.0,44.0
2018-05-15 10:05:00,1397.0,1397.0,1397.0,1397.0,0.0,0.0,44.0
2018-05-15 10:10:00,1397.0,1397.0,1397.0,1397.0,0.0,0.0,44.0
2018-05-15 10:30:00,1397.0,1397.0,1397.0,1397.0,0.0,0.0,44.0
2018-05-15 10:35:00,1397.0,1397.0,1397.0,1397.0,0.0,0.0,44.0
2018-05-15 10:40:00,1397.0,1397.0,1397.0,1397.0,0.0,0.0,44.0
2018-05-15 10:45:00,1397.0,1397.0,1397.0,1397.0,0.0,0.0,44.0
2018-05-15 10:50:00,1397.0,1397.0,1397.0,1397.0,0.0,0.0,44.0
2018-05-15 10:55:00,1397.0,1397.0,1397.0,1397.0,0.0,0.0,44.0
2018-05-15 11:00:00,1397.0,1397.0,1397.0,1397.0,0.0,0.0,44.0
2018-05-15 11:05:00,1397.0,1397.0,1397.0,1397.0,0.0,0.0,44.0
2018-05-15 11:10:00,1397.0,1397.0,1397.0,1397.0,0.0,0.0,44.0
2018-05-15 11:15:00,1397.0,1397.0,1397.0,1397.0,0.0,0.0,44.0
2018-05-15 11:20:00,1397.0,1397.0,1397.0,1397.0,0.0,0.0,44.0
2018-05-15 11:25:00,1397.0,1397.0,1397.0,1397.0,0.0,0.0,44.0
2018-05-15 13:30:00,1397.0,1397.0,1397.0,1397.0,0.0,0.0,44.0
2018-05-15 13:35:00,1397.0,1397.0,1397.0,1397.0,0.0,0.0,44.0
2018-05-15 13:40:00,1397.0,1397.0,1397.0,1397.0,0.0,0.0,44.0
2018-05-15 13:45:00,1397.0,1397.0,1397.0,1397.0,0.0,0.0,44.0
2018-05-15 13:50:00,1397.0,1397.0,1397.0,1397.0,0.0,0.0,44.0
2018-05-15 13:55:00,1397.0,1397.0,1397.0,1397.0,0.0,0.0,44.0
2018-05-15 14:00:00,1397.0,1397.0,1397.0,1397.0,0.0,0.0,44.0
2018-05-15 14:05:00,1397.0,1397.0,1397.0,1397.0,0.0,0.0,44.0
2018-05-15 14:10:00,1397.0,1397.0,1397.0,1397.0,0.0,0.0,44.0
2018-05-15 14:15:00,1397.0,1397.0,1397.0,1397.0,0.0,0.0,44.0
2018-05-15 14:20:00,1397.0,1397.0,1397.0,1397.0,0.0,0.0,44.0
2018-05-15 14:25:00,1397.0,1397.0,1397.0,1397.0,0.0,0.0,44.0
2018-05-15 14:30:00,1397.0,1397.0,1397.0,1397.0,0.0,0.0,44.0
2018-05-15 14:35:00,1397.0,1397.0,1397.0,1397.0,0.0,0.0,44.0
2018-05-15 14:40:00,1397.0,1397.0,1397.0,1397.0,0.0,0.0,44.0
2018-05-15 14:45:00,1397.0,1397.0,1397.0,1397.0,0.0,0.0,44.0
2018-05-15 14:50:00,1397.0,1397.0,1397.0,1397.0,0.0,0.0,44.0
2018-05-15 14:55:00,1397.0,1397.0,1397.0,1397.0,0.0,0.0,44.0
2018-05-15 21:00:00,1397.0,1397.0,1397.0,1397.0,0.0,0.0,44.0
2018-05-15 21:05:00,1397.0,1397.0,1397.0,1397.0,0.0,0.0,44.0
2018-05-15 21:10:00,1397.0,1397.0,1397.0,1397.0,0.0,0.0,44.0
2018-05-15 21:15:00,1397.0,1397.0,1397.0,1397.0,0.0,0.0,44.0
2018-05-15 21:20:00,1397.0,1397.0,1397.0,1397.0,0.0,0.0,44.0
2018-05-15 21:25:00,1397.0,1397.0,1397.0,1397.0,0.0,0.0,44.0
2018-05-15 21:30:00,1397.0,1397.0,1397.0,1397.0,0.0,0.0,44.0
2018-05-15 21:35:00,1397.0,1397.0,1397.0,1397.0,0.0,0.0,44.0
2018-05-15 21:40:00,1397.0,1397.0,1397.0,1397.0,0.0,0.0,44.0
2018-05-15 21:45:00,1397.0,1397.0,1397.0,1397.0,0.0,0.0,44.0
2018-05-15 21:50:00,1397.0,1397.0,1397.0,1397.0,0.0,0.0,44.0
2018-05-15 21:55:00,1397.0,1397.0,1397.0,1397.0,0.0,0.0,44.0
2018-05-15 22:00:00,1397.0,1397.0,1397.0,1397.0,0.0,0.0,44.0
2018-05-15 22:05:00,1397.0,1397.0,1397.0,1397.0,0.0,0.0,44.0
2018-05-15 22:10:00,1397.0,1397.0,1397.0,1397.0,0.0,0.0,44.0
2018-05-15 22:15:00,1397.0,1397.0,1397.0,1397.0,0.0,0.0,44.0
2018-05-15 22:20:00,1397.0,1397.0,1397.0,1397.0,0.0,0.0,44.0
2018-05-15 22:25:00,1397.0,1397.0,1397.0,1397.0,0.0,0.0,44.0
2018-05-15 22:30:00,1397.0,1397.0,1397.0,1397.0,0.0,0.0,44.0
2018-05-15 22:35:00,1397.0,1397.0,1397.0,1397.0,0.0,0.0,44.0
2018-05-15 22:40:00,1397.0,1397.0,1397.0,1397.0,0.0,0.0,44.0
2018-05-15 22:45:00,1397.0,1397.0,1397.0,1397.0,0.0,0.0,44.0
2018-05-15 22:50:00,1397.0,1397.0,1397.0,1397.0,0.0,0.0,44.0
2018-05-15 22:55:00,1397.0,1397.0,1397.0,1397.0,0.0,0.0,44.0
2018-05-15 23:00:00,1397.0,1397.0,1397.0,1397.0,0.0,0.0,44.0
2018-05-15 23:05:00,1397.0,1397.0,1397.0,1397.0,0.0,0.0,44.0
2018-05-15 23:10:00,1397.0,1397.0,1397.0,1397.0,0.0,0.0,44.0
2018-05-15 23:15:00,1397.0,1397.0,1397.0,1397.0,0.0,0.0,44.0
2018-05-15 23:20:00,1397.0,1397.0,1397.0,1397.0,0.0,0.0,44.0
2018-05-15 23:25:00,1397.0,1397.0,1393.0,1393.0,2.0,55720.0,44.0
2018-05-16 09:00:00,1393.0,1393.0,1393.0,1393.0,0.0,0.0,44.0
2018-05-16 09:05:00,1393.0,1393.0,1393.0,1393.0,0.0,0.0,44.0
2018-05-16 09:10:00,1393.0,1393.0,1393.0,1393.0,0.0,0.0,44.0
2018-05-16 09:15:00,1393.0,1393.0,1393.0,1393.0,2.0,55720.0,42.0
2018-05-16 09:20:00,1393.0,1393.0,1393.0,1393.0,0.0,0.0,42.0
2018-05-16 09:25:00,1393.0,1393.0,1393.0,1393.0,0.0,0.0,42.0
2018-05-16 09:30:00,1393.0,1393.0,1393.0,1393.0,0.0,0.0,42.0
2018-05-16 09:35:00,1393.0,1393.0,1393.0,1393.0,0.0,0.0,42.0
2018-05-16 09:40:00,1393.0,1393.0,1393.0,1393.0,0.0,0.0,42.0
2018-05-16 09:45:00,1393.0,1393.0,1393.0,1393.0,0.0,0.0,42.0
2018-05-16 09:50:00,1393.0,1393.0,1393.0,1393.0,0.0,0.0,42.0
2018-05-16 09:55:00,1393.0,1393.0,1393.0,1393.0,0.0,0.0,42.0
2018-05-16 10:00:00,1393.0,1393.0,1393.0,1393.0,0.0,0.0,42.0
2018-05-16 10:05:00,1393.0,1393.0,1393.0,1393.0,0.0,0.0,42.0
2018-05-16 10:10:00,1393.0,1393.0,1393.0,1393.0,0.0,0.0,42.0
2018-05-16 10:30:00,1393.0,1393.0,1393.0,1393.0,0.0,0.0,42.0
2018-05-16 10:35:00,1393.0,1393.0,1393.0,1393.0,0.0,0.0,42.0
2018-05-16 10:40:00,1393.0,1393.0,1393.0,1393.0,0.0,0.0,42.0
2018-05-16 10:45:00,1393.0,1393.0,1393.0,1393.0,0.0,0.0,42.0
2018-05-16 10:50:00,1393.0,1393.0,1393.0,1393.0,0.0,0.0,42.0
2018-05-16 10:55:00,1393.0,1393.0,1393.0,1393.0,0.0,0.0,42.0
2018-05-16 11:00:00,1393.0,1393.0,1393.0,1393.0,0.0,0.0,42.0
2018-05-16 11:05:00,1393.0,1393.0,1393.0,1393.0,0.0,0.0,42.0
2018-05-16 11:10:00,1393.0,1393.0,1393.0,1393.0,0.0,0.0,42.0
2018-05-16 11:15:00,1393.0,1393.0,1393.0,1393.0,0.0,0.0,42.0
2018-05-16 11:20:00,1393.0,1393.0,1393.0,1393.0,0.0,0.0,42.0
2018-05-16 11:25:00,1393.0,1393.0,1393.0,1393.0,0.0,0.0,42.0
2018-05-16 13:30:00,1393.0,1393.0,1393.0,1393.0,0.0,0.0,42.0
2018-05-16 13:35:00,1393.0,1393.0,1393.0,1393.0,0.0,0.0,42.0
2018-05-16 13:40:00,1393.0,1403.0,1393.0,1403.0,2.0,56080.0,40.0
2018-05-16 13:45:00,1403.0,1403.0,1403.0,1403.0,0.0,0.0,40.0
2018-05-16 13:50:00,1403.0,1403.0,1403.0,1403.0,0.0,0.0,40.0
2018-05-16 13:55:00,1403.0,1403.0,1403.0,1403.0,0.0,0.0,40.0
2018-05-16 14:00:00,1403.0,1403.0,1403.0,1403.0,0.0,0.0,40.0
2018-05-16 14:05:00,1403.0,1403.0,1403.0,1403.0,0.0,0.0,40.0
2018-05-16 14:10:00,1403.0,1417.0,1403.0,1417.0,20.0,566720.0,60.0
2018-05-16 14:15:00,1417.0,1417.0,1417.0,1417.0,2.0,57040.0,62.0
2018-05-16 14:20:00,1417.0,1417.0,1417.0,1417.0,0.0,0.0,62.0
2018-05-16 14:25:00,1417.0,1417.0,1417.0,1417.0,0.0,0.0,62.0
2018-05-16 14:30:00,1417.0,1417.0,1417.0,1417.0,0.0,0.0,62.0
2018-05-16 14:35:00,1417.0,1417.0,1417.0,1417.0,0.0,0.0,62.0
2018-05-16 14:40:00,1417.0,1417.0,1417.0,1417.0,0.0,0.0,62.0
2018-05-16 14:45:00,1417.0,1417.0,1417.0,1417.0,0.0,0.0,62.0
2018-05-16 14:50:00,1417.0,1417.0,1417.0,1417.0,0.0,0.0,62.0
2018-05-16 14:55:00,1417.0,1417.0,1417.0,1417.0,0.0,0.0,62.0
2018-05-16 21:00:00,1413.0,1413.0,1413.0,1413.0,0.0,0.0,62.0
2018-05-16 21:05:00,1413.0,1413.0,1413.0,1413.0,0.0,0.0,62.0
2018-05-16 21:10:00,1413.0,1413.0,1413.0,1413.0,0.0,0.0,62.0
2018-05-16 21:15:00,1413.0,1413.0,1413.0,1413.0,0.0,0.0,62.0
2018-05-16 21:20:00,1413.0,1413.0,1413.0,1413.0,0.0,0.0,62.0
2018-05-16 21:25:00,1413.0,1413.0,1413.0,1413.0,0.0,0.0,62.0
2018-05-16 21:30:00,1413.0,1413.0,1413.0,1413.0,0.0,0.0,62.0
2018-05-16 21:35:00,1413.0,1413.0,1413.0,1413.0,0.0,0.0,62.0
2018-05-16 21:40:00,1413.0,1413.0,1413.0,1413.0,0.0,0.0,62.0
2018-05-16 21:45:00,1413.0,1413.0,1413.0,1413.0,0.0,0.0,62.0
2018-05-16 21:50:00,1413.0,1413.0,1413.0,1413.0,0.0,0.0,62.0
2018-05-16 21:55:00,1413.0,1413.0,1413.0,1413.0,0.0,0.0,62.0
2018-05-16 22:00:00,1413.0,1413.0,1413.0,1413.0,0.0,0.0,62.0
2018-05-16 22:05:00,1413.0,1413.0,1413.0,1413.0,0.0,0.0,62.0
2018-05-16 22:10:00,1413.0,1413.0,1413.0,1413.0,0.0,0.0,62.0
2018-05-16 22:15:00,1413.0,1413.0,1413.0,1413.0,0.0,0.0,62.0
2018-05-16 22:20:00,1413.0,1413.0,1413.0,1413.0,0.0,0.0,62.0
2018-05-16 22:25:00,1413.0,1413.0,1413.0,1413.0,0.0,0.0,62.0
2018-05-16 22:30:00,1413.0,1413.0,1413.0,1413.0,0.0,0.0,62.0
2018-05-16 22:35:00,1413.0,1413.0,1413.0,1413.0,0.0,0.0,62.0
2018-05-16 22:40:00,1413.0,1413.0,1413.0,1413.0,0.0,0.0,62.0
2018-05-16 22:45:00,1413.0,1413.0,1413.0,1413.0,0.0,0.0,62.0
2018-05-16 22:50:00,1413.0,1413.0,1413.0,1413.0,0.0,0.0,62.0
2018-05-16 22:55:00,1413.0,1413.0,1413.0,1413.0,0.0,0.0,62.0
2018-05-16 23:00:00,1413.0,1413.0,1413.0,1413.0,0.0,0.0,62.0
2018-05-16 23:05:00,1413.0,1413.0,1413.0,1413.0,0.0,0.0,62.0
2018-05-16 23:10:00,1413.0,1413.0,1413.0,1413.0,0.0,0.0,62.0
2018-05-16 23:15:00,1413.0,1413.0,1413.0,1413.0,0.0,0.0,62.0
2018-05-16 23:20:00,1413.0,1413.0,1413.0,1413.0,0.0,0.0,62.0
2018-05-16 23:25:00,1413.0,1413.0,1413.0,1413.0,0.0,0.0,62.0
2018-05-17 09:00:00,1413.0,1413.0,1413.0,1413.0,0.0,0.0,62.0
2018-05-17 09:05:00,1413.0,1413.0,1413.0,1413.0,0.0,0.0,62.0
2018-05-17 09:10:00,1413.0,1413.0,1413.0,1413.0,0.0,0.0,62.0
2018-05-17 09:15:00,1413.0,1413.0,1413.0,1413.0,0.0,0.0,62.0
2018-05-17 09:20:00,1413.0,1413.0,1413.0,1413.0,0.0,0.0,62.0
2018-05-17 09:25:00,1413.0,1413.0,1413.0,1413.0,0.0,0.0,62.0
2018-05-17 09:30:00,1413.0,1413.0,1413.0,1413.0,0.0,0.0,62.0
2018-05-17 09:35:00,1413.0,1413.0,1413.0,1413.0,0.0,0.0,62.0
2018-05-17 09:40:00,1413.0,1413.0,1413.0,1413.0,0.0,0.0,62.0
2018-05-17 09:45:00,1413.0,1413.0,1413.0,1413.0,0.0,0.0,62.0
2018-05-17 09:50:00,1413.0,1413.0,1413.0,1413.0,0.0,0.0,62.0
2018-05-17 09:55:00,1413.0,1413.0,1413.0,1413.0,0.0,0.0,62.0
2018-05-17 10:00:00,1413.0,1413.0,1413.0,1413.0,0.0,0.0,62.0
2018-05-17 10:05:00,1413.0,1413.0,1413.0,1413.0,0.0,0.0,62.0
2018-05-17 10:10:00,1413.0,1413.0,1413.0,1413.0,0.0,0.0,62.0
2018-05-17 10:30:00,1413.0,1413.0,1413.0,1413.0,0.0,0.0,62.0
2018-05-17 10:35:00,1413.0,1413.0,1413.0,1413.0,0.0,0.0,62.0
2018-05-17 10:40:00,1413.0,1413.0,1413.0,1413.0,0.0,0.0,62.0
2018-05-17 10:45:00,1413.0,1413.0,1413.0,1413.0,0.0,0.0,62.0
2018-05-17 10:50:00,1413.0,1413.0,1413.0,1413.0,0.0,0.0,62.0
2018-05-17 10:55:00,1413.0,1413.0,1413.0,1413.0,0.0,0.0,62.0
2018-05-17 11:00:00,1413.0,1413.0,1413.0,1413.0,0.0,0.0,62.0
2018-05-17 11:05:00,1413.0,1413.0,1413.0,1413.0,0.0,0.0,62.0
2018-05-17 11:10:00,1413.0,1413.0,1413.0,1413.0,0.0,0.0,62.0
2018-05-17 11:15:00,1413.0,1413.0,1413.0,1413.0,0.0,0.0,62.0
2018-05-17 11:20:00,1413.0,1413.0,1413.0,1413.0,0.0,0.0,62.0
2018-05-17 11:25:00,1413.0,1413.0,1413.0,1413.0,0.0,0.0,62.0
2018-05-17 13:30:00,1413.0,1413.0,1413.0,1413.0,0.0,0.0,62.0
2018-05-17 13:35:00,1413.0,1413.0,1413.0,1413.0,0.0,0.0,62.0
2018-05-17 13:40:00,1413.0,1413.0,1413.0,1413.0,0.0,0.0,62.0
2018-05-17 13:45:00,1413.0,1413.0,1413.0,1413.0,0.0,0.0,62.0
2018-05-17 13:50:00,1413.0,1413.0,1413.0,1413.0,0.0,0.0,62.0
2018-05-17 13:55:00,1413.0,1413.0,1413.0,1413.0,0.0,0.0,62.0
2018-05-17 14:00:00,1413.0,1413.0,1413.0,1413.0,0.0,0.0,62.0
2018-05-17 14:05:00,1413.0,1413.0,1413.0,1413.0,0.0,0.0,62.0
2018-05-17 14:10:00,1413.0,1413.0,1413.0,1413.0,0.0,0.0,62.0
2018-05-17 14:15:00,1413.0,1413.0,1413.0,1413.0,0.0,0.0,62.0
2018-05-17 14:20:00,1413.0,1413.0,1413.0,1413.0,0.0,0.0,62.0
2018-05-17 14:25:00,1413.0,1413.0,1413.0,1413.0,0.0,0.0,62.0
2018-05-17 14:30:00,1413.0,1413.0,1413.0,1413.0,0.0,0.0,62.0
2018-05-17 14:35:00,1413.0,1413.0,1413.0,1413.0,0.0,0.0,62.0
2018-05-17 14:40:00,1413.0,1413.0,1413.0,1413.0,0.0,0.0,62.0
2018-05-17 14:45:00,1413.0,1413.0,1413.0,1413.0,0.0,0.0,62.0
2018-05-17 14:50:00,1413.0,1413.0,1413.0,1413.0,0.0,0.0,62.0
2018-05-17 14:55:00,1413.0,1413.0,1413.0,1413.0,0.0,0.0,62.0
2018-05-17 21:00:00,1413.0,1413.0,1413.0,1413.0,0.0,0.0,62.0
2018-05-17 21:05:00,1413.0,1413.0,1413.0,1413.0,0.0,0.0,62.0
2018-05-17 21:10:00,1413.0,1413.0,1413.0,1413.0,0.0,0.0,62.0
2018-05-17 21:15:00,1413.0,1413.0,1413.0,1413.0,0.0,0.0,62.0
2018-05-17 21:20:00,1413.0,1413.0,1413.0,1413.0,0.0,0.0,62.0
2018-05-17 21:25:00,1413.0,1413.0,1413.0,1413.0,0.0,0.0,62.0
2018-05-17 21:30:00,1413.0,1413.0,1413.0,1413.0,0.0,0.0,62.0
2018-05-17 21:35:00,1413.0,1413.0,1413.0,1413.0,0.0,0.0,62.0
2018-05-17 21:40:00,1413.0,1413.0,1413.0,1413.0,0.0,0.0,62.0
2018-05-17 21:45:00,1413.0,1413.0,1413.0,1413.0,0.0,0.0,62.0
2018-05-17 21:50:00,1413.0,1413.0,1413.0,1413.0,0.0,0.0,62.0
2018-05-17 21:55:00,1413.0,1413.0,1413.0,1413.0,0.0,0.0,62.0
2018-05-17 22:00:00,1413.0,1413.0,1413.0,1413.0,0.0,0.0,62.0
2018-05-17 22:05:00,1413.0,1413.0,1413.0,1413.0,0.0,0.0,62.0
2018-05-17 22:10:00,1413.0,1413.0,1413.0,1413.0,0.0,0.0,62.0
2018-05-17 22:15:00,1413.0,1413.0,1413.0,1413.0,0.0,0.0,62.0
2018-05-17 22:20:00,1413.0,1413.0,1413.0,1413.0,0.0,0.0,62.0
2018-05-17 22:25:00,1413.0,1413.0,1413.0,1413.0,0.0,0.0,62.0
2018-05-17 22:30:00,1413.0,1413.0,1413.0,1413.0,0.0,0.0,62.0
2018-05-17 22:35:00,1413.0,1413.0,1413.0,1413.0,0.0,0.0,62.0
2018-05-17 22:40:00,1413.0,1413.0,1413.0,1413.0,0.0,0.0,62.0
2018-05-17 22:45:00,1413.0,1413.0,1413.0,1413.0,0.0,0.0,62.0
2018-05-17 22:50:00,1413.0,1413.0,1413.0,1413.0,0.0,0.0,62.0
2018-05-17 22:55:00,1413.0,1413.0,1413.0,1413.0,0.0,0.0,62.0
2018-05-17 23:00:00,1413.0,1413.0,1413.0,1413.0,0.0,0.0,62.0
2018-05-17 23:05:00,1413.0,1413.0,1413.0,1413.0,0.0,0.0,62.0
2018-05-17 23:10:00,1413.0,1413.0,1413.0,1413.0,0.0,0.0,62.0
2018-05-17 23:15:00,1413.0,1413.0,1413.0,1413.0,0.0,0.0,62.0
2018-05-17 23:20:00,1413.0,1413.0,1413.0,1413.0,0.0,0.0,62.0
2018-05-17 23:25:00,1413.0,1413.0,1413.0,1413.0,0.0,0.0,62.0
2018-05-18 09:00:00,1413.0,1413.0,1413.0,1413.0,0.0,0.0,62.0
2018-05-18 09:05:00,1413.0,1413.0,1413.0,1413.0,0.0,0.0,62.0
2018-05-18 09:10:00,1413.0,1413.0,1413.0,1413.0,0.0,0.0,62.0
2018-05-18 09:15:00,1413.0,1413.0,1413.0,1413.0,0.0,0.0,62.0
2018-05-18 09:20:00,1413.0,1413.0,1413.0,1413.0,0.0,0.0,62.0
2018-05-18 09:25:00,1413.0,1413.0,1413.0,1413.0,0.0,0.0,62.0
2018-05-18 09:30:00,1413.0,1413.0,1413.0,1413.0,0.0,0.0,62.0
2018-05-18 09:35:00,1413.0,1413.0,1413.0,1413.0,0.0,0.0,62.0
2018-05-18 09:40:00,1413.0,1413.0,1413.0,1413.0,0.0,0.0,62.0
2018-05-18 09:45:00,1413.0,1413.0,1413.0,1413.0,0.0,0.0,62.0
2018-05-18 09:50:00,1413.0,1413.0,1413.0,1413.0,0.0,0.0,62.0
2018-05-18 09:55:00,1413.0,1413.0,1413.0,1413.0,0.0,0.0,62.0
2018-05-18 10:00:00,1413.0,1413.0,1413.0,1413.0,0.0,0.0,62.0
2018-05-18 10:05:00,1413.0,1413.0,1413.0,1413.0,0.0,0.0,62.0
2018-05-18 10:10:00,1413.0,1413.0,1413.0,1413.0,0.0,0.0,62.0
2018-05-18 10:30:00,1413.0,1413.0,1413.0,1413.0,0.0,0.0,62.0
2018-05-18 10:35:00,1413.0,1413.0,1413.0,1413.0,0.0,0.0,62.0
2018-05-18 10:40:00,1413.0,1413.0,1413.0,1413.0,0.0,0.0,62.0
2018-05-18 10:45:00,1413.0,1413.0,1413.0,1413.0,0.0,0.0,62.0
2018-05-18 10:50:00,1413.0,1413.0,1413.0,1413.0,0.0,0.0,62.0
2018-05-18 10:55:00,1413.0,1413.0,1404.0,1404.0,14.0,393120.0,50.0
2018-05-18 11:00:00,1404.0,1404.0,1404.0,1404.0,0.0,0.0,50.0
2018-05-18 11:05:00,1404.0,1404.0,1404.0,1404.0,0.0,0.0,50.0
2018-05-18 11:10:00,1404.0,1404.0,1404.0,1404.0,0.0,0.0,50.0
2018-05-18 11:15:00,1404.0,1404.0,1404.0,1404.0,0.0,0.0,50.0
2018-05-18 11:20:00,1404.0,1404.0,1404.0,1404.0,0.0,0.0,50.0
2018-05-18 11:25:00,1404.0,1404.0,1404.0,1404.0,0.0,0.0,50.0
2018-05-18 13:30:00,1404.0,1404.0,1404.0,1404.0,0.0,0.0,50.0
2018-05-18 13:35:00,1404.0,1404.0,1404.0,1404.0,0.0,0.0,50.0
2018-05-18 13:40:00,1404.0,1404.0,1404.0,1404.0,0.0,0.0,50.0
2018-05-18 13:45:00,1404.0,1404.0,1404.0,1404.0,0.0,0.0,50.0
2018-05-18 13:50:00,1404.0,1404.0,1404.0,1404.0,0.0,0.0,50.0
2018-05-18 13:55:00,1404.0,1404.0,1404.0,1404.0,0.0,0.0,50.0
2018-05-18 14:00:00,1404.0,1404.0,1404.0,1404.0,0.0,0.0,50.0
2018-05-18 14:05:00,1404.0,1404.0,1379.0,1379.0,2.0,55200.0,48.0
2018-05-18 14:10:00,1376.0,1376.0,1370.0,1370.0,6.0,164600.0,42.0
2018-05-18 14:15:00,1370.0,1370.0,1370.0,1370.0,0.0,0.0,42.0
2018-05-18 14:20:00,1370.0,1370.0,1370.0,1370.0,0.0,0.0,42.0
2018-05-18 14:25:00,1370.0,1370.0,1370.0,1370.0,0.0,0.0,42.0
2018-05-18 14:30:00,1370.0,1370.0,1370.0,1370.0,0.0,0.0,42.0
2018-05-18 14:35:00,1370.0,1370.0,1370.0,1370.0,0.0,0.0,42.0
2018-05-18 14:40:00,1370.0,1370.0,1370.0,1370.0,0.0,0.0,42.0
2018-05-18 14:45:00,1370.0,1370.0,1370.0,1370.0,0.0,0.0,42.0
2018-05-18 14:50:00,1370.0,1370.0,1370.0,1370.0,0.0,0.0,42.0
2018-05-18 14:55:00,1370.0,1370.0,1370.0,1370.0,0.0,0.0,42.0
2018-05-18 21:00:00,1393.0,1393.0,1393.0,1393.0,0.0,0.0,42.0
2018-05-18 21:05:00,1393.0,1393.0,1393.0,1393.0,0.0,0.0,42.0
2018-05-18 21:10:00,1393.0,1393.0,1393.0,1393.0,0.0,0.0,42.0
2018-05-18 21:15:00,1393.0,1393.0,1393.0,1393.0,0.0,0.0,42.0
2018-05-18 21:20:00,1393.0,1393.0,1393.0,1393.0,0.0,0.0,42.0
2018-05-18 21:25:00,1393.0,1393.0,1393.0,1393.0,0.0,0.0,42.0
2018-05-18 21:30:00,1393.0,1393.0,1393.0,1393.0,0.0,0.0,42.0
2018-05-18 21:35:00,1393.0,1393.0,1393.0,1393.0,0.0,0.0,42.0
2018-05-18 21:40:00,1393.0,1393.0,1393.0,1393.0,0.0,0.0,42.0
2018-05-18 21:45:00,1393.0,1393.0,1393.0,1393.0,0.0,0.0,42.0
2018-05-18 21:50:00,1393.0,1393.0,1393.0,1393.0,0.0,0.0,42.0
2018-05-18 21:55:00,1393.0,1393.0,1393.0,1393.0,0.0,0.0,42.0
2018-05-18 22:00:00,1393.0,1393.0,1393.0,1393.0,0.0,0.0,42.0
2018-05-18 22:05:00,1393.0,1393.0,1393.0,1393.0,0.0,0.0,42.0
2018-05-18 22:10:00,1393.0,1393.0,1393.0,1393.0,0.0,0.0,42.0
2018-05-18 22:15:00,1393.0,1393.0,1393.0,1393.0,0.0,0.0,42.0
2018-05-18 22:20:00,1393.0,1393.0,1393.0,1393.0,0.0,0.0,42.0
2018-05-18 22:25:00,1393.0,1393.0,1393.0,1393.0,0.0,0.0,42.0
2018-05-18 22:30:00,1393.0,1393.0,1393.0,1393.0,0.0,0.0,42.0
2018-05-18 22:35:00,1393.0,1393.0,1393.0,1393.0,0.0,0.0,42.0
2018-05-18 22:40:00,1393.0,1393.0,1393.0,1393.0,0.0,0.0,42.0
2018-05-18 22:45:00,1393.0,1393.0,1393.0,1393.0,0.0,0.0,42.0
2018-05-18 22:50:00,1393.0,1393.0,1393.0,1393.0,0.0,0.0,42.0
2018-05-18 22:55:00,1393.0,1393.0,1393.0,1393.0,0.0,0.0,42.0
2018-05-18 23:00:00,1393.0,1393.0,1393.0,1393.0,0.0,0.0,42.0
2018-05-18 23:05:00,1393.0,1393.0,1393.0,1393.0,0.0,0.0,42.0
2018-05-18 23:10:00,1393.0,1393.0,1393.0,1393.0,0.0,0.0,42.0
2018-05-18 23:15:00,1393.0,1393.0,1393.0,1393.0,0.0,0.0,42.0
2018-05-18 23:20:00,1393.0,1393.0,1393.0,1393.0,0.0,0.0,42.0
2018-05-18 23:25:00,1393.0,1393.0,1393.0,1393.0,0.0,0.0,42.0
2018-05-21 09:00:00,1393.0,1393.0,1393.0,1393.0,0.0,0.0,42.0
2018-05-21 09:05:00,1393.0,1393.0,1393.0,1393.0,0.0,0.0,42.0
2018-05-21 09:10:00,1393.0,1393.0,1393.0,1393.0,0.0,0.0,42.0
2018-05-21 09:15:00,1393.0,1393.0,1393.0,1393.0,0.0,0.0,42.0
2018-05-21 09:20:00,1393.0,1393.0,1393.0,1393.0,0.0,0.0,42.0
2018-05-21 09:25:00,1393.0,1393.0,1393.0,1393.0,0.0,0.0,42.0
2018-05-21 09:30:00,1393.0,1393.0,1393.0,1393.0,0.0,0.0,42.0
2018-05-21 09:35:00,1393.0,1393.0,1393.0,1393.0,0.0,0.0,42.0
2018-05-21 09:40:00,1393.0,1393.0,1393.0,1393.0,0.0,0.0,42.0
2018-05-21 09:45:00,1393.0,1393.0,1393.0,1393.0,0.0,0.0,42.0
2018-05-21 09:50:00,1393.0,1393.0,1393.0,1393.0,0.0,0.0,42.0
2018-05-21 09:55:00,1393.0,1393.0,1393.0,1393.0,0.0,0.0,42.0
2018-05-21 10:00:00,1393.0,1393.0,1393.0,1393.0,0.0,0.0,42.0
2018-05-21 10:05:00,1393.0,1393.0,1393.0,1393.0,0.0,0.0,42.0
2018-05-21 10:10:00,1393.0,1393.0,1393.0,1393.0,0.0,0.0,42.0
2018-05-21 10:30:00,1393.0,1393.0,1393.0,1393.0,0.0,0.0,42.0
2018-05-21 10:35:00,1393.0,1393.0,1393.0,1393.0,0.0,0.0,42.0
2018-05-21 10:40:00,1393.0,1393.0,1393.0,1393.0,0.0,0.0,42.0
2018-05-21 10:45:00,1393.0,1393.0,1393.0,1393.0,0.0,0.0,42.0
2018-05-21 10:50:00,1393.0,1393.0,1393.0,1393.0,0.0,0.0,42.0
2018-05-21 10:55:00,1393.0,1393.0,1393.0,1393.0,0.0,0.0,42.0
2018-05-21 11:00:00,1393.0,1393.0,1393.0,1393.0,0.0,0.0,42.0
2018-05-21 11:05:00,1393.0,1393.0,1393.0,1393.0,0.0,0.0,42.0
2018-05-21 11:10:00,1393.0,1393.0,1393.0,1393.0,0.0,0.0,42.0
2018-05-21 11:15:00,1393.0,1393.0,1393.0,1393.0,0.0,0.0,42.0
2018-05-21 11:20:00,1393.0,1393.0,1393.0,1393.0,0.0,0.0,42.0
2018-05-21 11:25:00,1393.0,1393.0,1393.0,1393.0,0.0,0.0,42.0
2018-05-21 13:30:00,1393.0,1393.0,1393.0,1393.0,0.0,0.0,42.0
2018-05-21 13:35:00,1393.0,1393.0,1393.0,1393.0,0.0,0.0,42.0
2018-05-21 13:40:00,1393.0,1393.0,1393.0,1393.0,0.0,0.0,42.0
2018-05-21 13:45:00,1393.0,1393.0,1393.0,1393.0,0.0,0.0,42.0
2018-05-21 13:50:00,1393.0,1393.0,1393.0,1393.0,0.0,0.0,42.0
2018-05-21 13:55:00,1393.0,1393.0,1393.0,1393.0,0.0,0.0,42.0
2018-05-21 14:00:00,1393.0,1393.0,1393.0,1393.0,0.0,0.0,42.0
2018-05-21 14:05:00,1393.0,1393.0,1393.0,1393.0,0.0,0.0,42.0
2018-05-21 14:10:00,1393.0,1393.0,1393.0,1393.0,0.0,0.0,42.0
2018-05-21 14:15:00,1393.0,1393.0,1393.0,1393.0,0.0,0.0,42.0
2018-05-21 14:20:00,1393.0,1393.0,1393.0,1393.0,0.0,0.0,42.0
2018-05-21 14:25:00,1393.0,1393.0,1393.0,1393.0,0.0,0.0,42.0
2018-05-21 14:30:00,1393.0,1393.0,1393.0,1393.0,0.0,0.0,42.0
2018-05-21 14:35:00,1393.0,1393.0,1393.0,1393.0,0.0,0.0,42.0
2018-05-21 14:40:00,1393.0,1393.0,1393.0,1393.0,0.0,0.0,42.0
2018-05-21 14:45:00,1393.0,1393.0,1393.0,1393.0,0.0,0.0,42.0
2018-05-21 14:50:00,1393.0,1393.0,1393.0,1393.0,0.0,0.0,42.0
2018-05-21 14:55:00,1393.0,1393.0,1393.0,1393.0,0.0,0.0,42.0
2018-05-21 21:00:00,1399.0,1399.0,1399.0,1399.0,0.0,0.0,42.0
2018-05-21 21:05:00,1399.0,1399.0,1399.0,1399.0,0.0,0.0,42.0
2018-05-21 21:10:00,1399.0,1399.0,1399.0,1399.0,0.0,0.0,42.0
2018-05-21 21:15:00,1399.0,1399.0,1399.0,1399.0,0.0,0.0,42.0
2018-05-21 21:20:00,1399.0,1399.0,1399.0,1399.0,0.0,0.0,42.0
2018-05-21 21:25:00,1399.0,1399.0,1399.0,1399.0,0.0,0.0,42.0
2018-05-21 21:30:00,1399.0,1399.0,1399.0,1399.0,0.0,0.0,42.0
2018-05-21 21:35:00,1399.0,1399.0,1399.0,1399.0,0.0,0.0,42.0
2018-05-21 21:40:00,1399.0,1399.0,1399.0,1399.0,0.0,0.0,42.0
2018-05-21 21:45:00,1399.0,1399.0,1399.0,1399.0,0.0,0.0,42.0
2018-05-21 21:50:00,1399.0,1399.0,1399.0,1399.0,0.0,0.0,42.0
2018-05-21 21:55:00,1399.0,1399.0,1399.0,1399.0,0.0,0.0,42.0
2018-05-21 22:00:00,1399.0,1399.0,1399.0,1399.0,0.0,0.0,42.0
2018-05-21 22:05:00,1399.0,1399.0,1399.0,1399.0,0.0,0.0,42.0
2018-05-21 22:10:00,1399.0,1399.0,1399.0,1399.0,0.0,0.0,42.0
2018-05-21 22:15:00,1399.0,1399.0,1399.0,1399.0,0.0,0.0,42.0
2018-05-21 22:20:00,1399.0,1399.0,1399.0,1399.0,0.0,0.0,42.0
2018-05-21 22:25:00,1399.0,1399.0,1399.0,1399.0,0.0,0.0,42.0
2018-05-21 22:30:00,1399.0,1399.0,1399.0,1399.0,0.0,0.0,42.0
2018-05-21 22:35:00,1399.0,1399.0,1399.0,1399.0,0.0,0.0,42.0
2018-05-21 22:40:00,1399.0,1399.0,1399.0,1399.0,0.0,0.0,42.0
2018-05-21 22:45:00,1399.0,1399.0,1399.0,1399.0,0.0,0.0,42.0
2018-05-21 22:50:00,1399.0,1399.0,1399.0,1399.0,0.0,0.0,42.0
2018-05-21 22:55:00,1399.0,1399.0,1399.0,1399.0,0.0,0.0,42.0
2018-05-21 23:00:00,1399.0,1399.0,1399.0,1399.0,0.0,0.0,42.0
2018-05-21 23:05:00,1399.0,1399.0,1399.0,1399.0,0.0,0.0,42.0
2018-05-21 23:10:00,1399.0,1399.0,1399.0,1399.0,0.0,0.0,42.0
2018-05-21 23:15:00,1399.0,1399.0,1399.0,1399.0,0.0,0.0,42.0
2018-05-21 23:20:00,1399.0,1399.0,1399.0,1399.0,0.0,0.0,42.0
2018-05-21 23:25:00,1399.0,1399.0,1399.0,1399.0,0.0,0.0,42.0
2018-05-22 09:00:00,1399.0,1399.0,1399.0,1399.0,0.0,0.0,42.0
2018-05-22 09:05:00,1399.0,1399.0,1399.0,1399.0,0.0,0.0,42.0
2018-05-22 09:10:00,1399.0,1399.0,1399.0,1399.0,0.0,0.0,42.0
2018-05-22 09:15:00,1399.0,1399.0,1399.0,1399.0,0.0,0.0,42.0
2018-05-22 09:20:00,1399.0,1399.0,1399.0,1399.0,0.0,0.0,42.0
2018-05-22 09:25:00,1399.0,1399.0,1399.0,1399.0,0.0,0.0,42.0
2018-05-22 09:30:00,1399.0,1399.0,1399.0,1399.0,0.0,0.0,42.0
2018-05-22 09:35:00,1399.0,1399.0,1399.0,1399.0,0.0,0.0,42.0
2018-05-22 09:40:00,1399.0,1399.0,1399.0,1399.0,0.0,0.0,42.0
2018-05-22 09:45:00,1399.0,1399.0,1399.0,1399.0,0.0,0.0,42.0
2018-05-22 09:50:00,1399.0,1399.0,1399.0,1399.0,0.0,0.0,42.0
2018-05-22 09:55:00,1399.0,1399.0,1399.0,1399.0,0.0,0.0,42.0
2018-05-22 10:00:00,1399.0,1399.0,1399.0,1399.0,0.0,0.0,42.0
2018-05-22 10:05:00,1399.0,1399.0,1399.0,1399.0,0.0,0.0,42.0
2018-05-22 10:10:00,1399.0,1399.0,1399.0,1399.0,0.0,0.0,42.0
2018-05-22 10:30:00,1399.0,1399.0,1399.0,1399.0,0.0,0.0,42.0
2018-05-22 10:35:00,1399.0,1399.0,1399.0,1399.0,0.0,0.0,42.0
2018-05-22 10:40:00,1399.0,1399.0,1399.0,1399.0,0.0,0.0,42.0
2018-05-22 10:45:00,1399.0,1399.0,1399.0,1399.0,0.0,0.0,42.0
2018-05-22 10:50:00,1399.0,1399.0,1399.0,1399.0,0.0,0.0,42.0
2018-05-22 10:55:00,1399.0,1399.0,1399.0,1399.0,0.0,0.0,42.0
2018-05-22 11:00:00,1399.0,1399.0,1399.0,1399.0,0.0,0.0,42.0
2018-05-22 11:05:00,1399.0,1399.0,1399.0,1399.0,0.0,0.0,42.0
2018-05-22 11:10:00,1399.0,1399.0,1399.0,1399.0,0.0,0.0,42.0
2018-05-22 11:15:00,1399.0,1399.0,1399.0,1399.0,0.0,0.0,42.0
2018-05-22 11:20:00,1399.0,1399.0,1399.0,1399.0,0.0,0.0,42.0
2018-05-22 11:25:00,1399.0,1399.0,1399.0,1399.0,0.0,0.0,42.0
2018-05-22 13:30:00,1399.0,1399.0,1399.0,1399.0,0.0,0.0,42.0
2018-05-22 13:35:00,1399.0,1399.0,1399.0,1399.0,0.0,0.0,42.0
2018-05-22 13:40:00,1399.0,1399.0,1399.0,1399.0,0.0,0.0,42.0
2018-05-22 13:45:00,1399.0,1399.0,1399.0,1399.0,0.0,0.0,42.0
2018-05-22 13:50:00,1399.0,1399.0,1399.0,1399.0,0.0,0.0,42.0
2018-05-22 13:55:00,1399.0,1399.0,1399.0,1399.0,0.0,0.0,42.0
2018-05-22 14:00:00,1399.0,1399.0,1399.0,1399.0,0.0,0.0,42.0
2018-05-22 14:05:00,1399.0,1399.0,1399.0,1399.0,0.0,0.0,42.0
2018-05-22 14:10:00,1399.0,1399.0,1399.0,1399.0,0.0,0.0,42.0
2018-05-22 14:15:00,1399.0,1399.0,1399.0,1399.0,0.0,0.0,42.0
2018-05-22 14:20:00,1399.0,1399.0,1399.0,1399.0,0.0,0.0,42.0
2018-05-22 14:25:00,1399.0,1399.0,1399.0,1399.0,0.0,0.0,42.0
2018-05-22 14:30:00,1399.0,1399.0,1399.0,1399.0,0.0,0.0,42.0
2018-05-22 14:35:00,1399.0,1399.0,1399.0,1399.0,0.0,0.0,42.0
2018-05-22 14:40:00,1399.0,1399.0,1399.0,1399.0,0.0,0.0,42.0
2018-05-22 14:45:00,1399.0,1399.0,1399.0,1399.0,0.0,0.0,42.0
2018-05-22 14:50:00,1399.0,1399.0,1399.0,1399.0,0.0,0.0,42.0
2018-05-22 14:55:00,1399.0,1399.0,1399.0,1399.0,0.0,0.0,42.0
2018-05-22 21:00:00,1402.0,1402.0,1402.0,1402.0,0.0,0.0,42.0
2018-05-22 21:05:00,1402.0,1402.0,1402.0,1402.0,0.0,0.0,42.0
2018-05-22 21:10:00,1402.0,1402.0,1402.0,1402.0,0.0,0.0,42.0
2018-05-22 21:15:00,1402.0,1402.0,1402.0,1402.0,0.0,0.0,42.0
2018-05-22 21:20:00,1402.0,1402.0,1402.0,1402.0,0.0,0.0,42.0
2018-05-22 21:25:00,1402.0,1402.0,1402.0,1402.0,0.0,0.0,42.0
2018-05-22 21:30:00,1402.0,1402.0,1402.0,1402.0,0.0,0.0,42.0
2018-05-22 21:35:00,1402.0,1402.0,1402.0,1402.0,0.0,0.0,42.0
2018-05-22 21:40:00,1402.0,1402.0,1402.0,1402.0,0.0,0.0,42.0
2018-05-22 21:45:00,1402.0,1402.0,1402.0,1402.0,0.0,0.0,42.0
2018-05-22 21:50:00,1402.0,1402.0,1402.0,1402.0,0.0,0.0,42.0
2018-05-22 21:55:00,1402.0,1402.0,1402.0,1402.0,0.0,0.0,42.0
2018-05-22 22:00:00,1402.0,1402.0,1402.0,1402.0,0.0,0.0,42.0
2018-05-22 22:05:00,1402.0,1402.0,1402.0,1402.0,0.0,0.0,42.0
2018-05-22 22:10:00,1402.0,1402.0,1402.0,1402.0,0.0,0.0,42.0
2018-05-22 22:15:00,1402.0,1402.0,1402.0,1402.0,0.0,0.0,42.0
2018-05-22 22:20:00,1402.0,1402.0,1402.0,1402.0,0.0,0.0,42.0
2018-05-22 22:25:00,1402.0,1402.0,1402.0,1402.0,0.0,0.0,42.0
2018-05-22 22:30:00,1402.0,1402.0,1402.0,1402.0,0.0,0.0,42.0
2018-05-22 22:35:00,1402.0,1402.0,1402.0,1402.0,0.0,0.0,42.0
2018-05-22 22:40:00,1402.0,1402.0,1402.0,1402.0,0.0,0.0,42.0
2018-05-22 22:45:00,1402.0,1402.0,1402.0,1402.0,0.0,0.0,42.0
2018-05-22 22:50:00,1402.0,1402.0,1402.0,1402.0,0.0,0.0,42.0
2018-05-22 22:55:00,1402.0,1402.0,1402.0,1402.0,0.0,0.0,42.0
2018-05-22 23:00:00,1402.0,1402.0,1402.0,1402.0,0.0,0.0,42.0
2018-05-22 23:05:00,1402.0,1402.0,1402.0,1402.0,0.0,0.0,42.0
2018-05-22 23:10:00,1402.0,1402.0,1402.0,1402.0,0.0,0.0,42.0
2018-05-22 23:15:00,1402.0,1402.0,1402.0,1402.0,0.0,0.0,42.0
2018-05-22 23:20:00,1402.0,1402.0,1402.0,1402.0,0.0,0.0,42.0
2018-05-22 23:25:00,1402.0,1402.0,1402.0,1402.0,0.0,0.0,42.0
2018-05-23 09:00:00,1402.0,1402.0,1402.0,1402.0,0.0,0.0,42.0
2018-05-23 09:05:00,1402.0,1402.0,1402.0,1402.0,0.0,0.0,42.0
2018-05-23 09:10:00,1402.0,1402.0,1402.0,1402.0,0.0,0.0,42.0
2018-05-23 09:15:00,1402.0,1402.0,1402.0,1402.0,0.0,0.0,42.0
2018-05-23 09:20:00,1402.0,1402.0,1402.0,1402.0,0.0,0.0,42.0
2018-05-23 09:25:00,1402.0,1402.0,1402.0,1402.0,0.0,0.0,42.0
2018-05-23 09:30:00,1402.0,1402.0,1402.0,1402.0,0.0,0.0,42.0
2018-05-23 09:35:00,1402.0,1402.0,1402.0,1402.0,0.0,0.0,42.0
2018-05-23 09:40:00,1402.0,1402.0,1402.0,1402.0,0.0,0.0,42.0
2018-05-23 09:45:00,1402.0,1402.0,1402.0,1402.0,0.0,0.0,42.0
2018-05-23 09:50:00,1402.0,1402.0,1402.0,1402.0,0.0,0.0,42.0
2018-05-23 09:55:00,1402.0,1402.0,1402.0,1402.0,0.0,0.0,42.0
2018-05-23 10:00:00,1402.0,1402.0,1402.0,1402.0,0.0,0.0,42.0
2018-05-23 10:05:00,1402.0,1402.0,1402.0,1402.0,0.0,0.0,42.0
2018-05-23 10:10:00,1402.0,1402.0,1402.0,1402.0,0.0,0.0,42.0
2018-05-23 10:30:00,1402.0,1402.0,1402.0,1402.0,0.0,0.0,42.0
2018-05-23 10:35:00,1402.0,1402.0,1402.0,1402.0,0.0,0.0,42.0
2018-05-23 10:40:00,1402.0,1402.0,1402.0,1402.0,0.0,0.0,42.0
2018-05-23 10:45:00,1411.0,1411.0,1411.0,1411.0,2.0,56440.0,42.0
2018-05-23 10:50:00,1411.0,1411.0,1409.0,1409.0,2.0,56360.0,40.0
2018-05-23 10:55:00,1409.0,1409.0,1409.0,1409.0,0.0,0.0,40.0
2018-05-23 11:00:00,1409.0,1409.0,1409.0,1409.0,0.0,0.0,40.0
2018-05-23 11:05:00,1409.0,1409.0,1409.0,1409.0,0.0,0.0,40.0
2018-05-23 11:10:00,1409.0,1409.0,1409.0,1409.0,0.0,0.0,40.0
2018-05-23 11:15:00,1409.0,1409.0,1409.0,1409.0,0.0,0.0,40.0
2018-05-23 11:20:00,1409.0,1409.0,1409.0,1409.0,0.0,0.0,40.0
2018-05-23 11:25:00,1409.0,1409.0,1409.0,1409.0,0.0,0.0,40.0
2018-05-23 13:30:00,1409.0,1409.0,1409.0,1409.0,0.0,0.0,40.0
2018-05-23 13:35:00,1409.0,1409.0,1409.0,1409.0,0.0,0.0,40.0
2018-05-23 13:40:00,1409.0,1409.0,1409.0,1409.0,0.0,0.0,40.0
2018-05-23 13:45:00,1409.0,1409.0,1409.0,1409.0,0.0,0.0,40.0
2018-05-23 13:50:00,1409.0,1409.0,1409.0,1409.0,0.0,0.0,40.0
2018-05-23 13:55:00,1409.0,1409.0,1409.0,1409.0,0.0,0.0,40.0
2018-05-23 14:00:00,1409.0,1409.0,1409.0,1409.0,0.0,0.0,40.0
2018-05-23 14:05:00,1409.0,1409.0,1409.0,1409.0,0.0,0.0,40.0
2018-05-23 14:10:00,1409.0,1409.0,1409.0,1409.0,0.0,0.0,40.0
2018-05-23 14:15:00,1409.0,1409.0,1409.0,1409.0,0.0,0.0,40.0
2018-05-23 14:20:00,1409.0,1409.0,1409.0,1409.0,0.0,0.0,40.0
2018-05-23 14:25:00,1409.0,1409.0,1409.0,1409.0,0.0,0.0,40.0
2018-05-23 14:30:00,1409.0,1409.0,1409.0,1409.0,0.0,0.0,40.0
2018-05-23 14:35:00,1409.0,1409.0,1409.0,1409.0,0.0,0.0,40.0
2018-05-23 14:40:00,1409.0,1409.0,1409.0,1409.0,0.0,0.0,40.0
2018-05-23 14:45:00,1409.0,1409.0,1409.0,1409.0,0.0,0.0,40.0
2018-05-23 14:50:00,1409.0,1409.0,1409.0,1409.0,0.0,0.0,40.0
2018-05-23 14:55:00,1409.0,1409.0,1409.0,1409.0,0.0,0.0,40.0
2018-05-23 21:00:00,1410.0,1410.0,1410.0,1410.0,0.0,0.0,40.0
2018-05-23 21:05:00,1410.0,1410.0,1410.0,1410.0,0.0,0.0,40.0
2018-05-23 21:10:00,1410.0,1410.0,1410.0,1410.0,0.0,0.0,40.0
2018-05-23 21:15:00,1410.0,1410.0,1410.0,1410.0,0.0,0.0,40.0
2018-05-23 21:20:00,1410.0,1410.0,1410.0,1410.0,0.0,0.0,40.0
2018-05-23 21:25:00,1410.0,1410.0,1410.0,1410.0,0.0,0.0,40.0
2018-05-23 21:30:00,1410.0,1410.0,1410.0,1410.0,0.0,0.0,40.0
2018-05-23 21:35:00,1410.0,1410.0,1410.0,1410.0,0.0,0.0,40.0
2018-05-23 21:40:00,1410.0,1410.0,1410.0,1410.0,0.0,0.0,40.0
2018-05-23 21:45:00,1410.0,1410.0,1410.0,1410.0,0.0,0.0,40.0
2018-05-23 21:50:00,1410.0,1410.0,1410.0,1410.0,0.0,0.0,40.0
2018-05-23 21:55:00,1410.0,1410.0,1410.0,1410.0,0.0,0.0,40.0
2018-05-23 22:00:00,1410.0,1410.0,1410.0,1410.0,0.0,0.0,40.0
2018-05-23 22:05:00,1410.0,1410.0,1410.0,1410.0,0.0,0.0,40.0
2018-05-23 22:10:00,1410.0,1410.0,1410.0,1410.0,0.0,0.0,40.0
2018-05-23 22:15:00,1410.0,1410.0,1410.0,1410.0,0.0,0.0,40.0
2018-05-23 22:20:00,1410.0,1410.0,1410.0,1410.0,0.0,0.0,40.0
2018-05-23 22:25:00,1410.0,1410.0,1410.0,1410.0,0.0,0.0,40.0
2018-05-23 22:30:00,1410.0,1410.0,1410.0,1410.0,0.0,0.0,40.0
2018-05-23 22:35:00,1410.0,1410.0,1410.0,1410.0,0.0,0.0,40.0
2018-05-23 22:40:00,1410.0,1410.0,1410.0,1410.0,0.0,0.0,40.0
2018-05-23 22:45:00,1410.0,1410.0,1410.0,1410.0,0.0,0.0,40.0
2018-05-23 22:50:00,1410.0,1410.0,1410.0,1410.0,0.0,0.0,40.0
2018-05-23 22:55:00,1410.0,1410.0,1410.0,1410.0,0.0,0.0,40.0
2018-05-23 23:00:00,1410.0,1410.0,1410.0,1410.0,0.0,0.0,40.0
2018-05-23 23:05:00,1410.0,1410.0,1410.0,1410.0,0.0,0.0,40.0
2018-05-23 23:10:00,1410.0,1410.0,1410.0,1410.0,0.0,0.0,40.0
2018-05-23 23:15:00,1410.0,1410.0,1410.0,1410.0,0.0,0.0,40.0
2018-05-23 23:20:00,1410.0,1410.0,1410.0,1410.0,0.0,0.0,40.0
2018-05-23 23:25:00,1410.0,1410.0,1410.0,1410.0,0.0,0.0,40.0
2018-05-24 09:00:00,1410.0,1410.0,1410.0,1410.0,0.0,0.0,40.0
2018-05-24 09:05:00,1410.0,1410.0,1410.0,1410.0,0.0,0.0,40.0
2018-05-24 09:10:00,1410.0,1410.0,1410.0,1410.0,0.0,0.0,40.0
2018-05-24 09:15:00,1410.0,1410.0,1410.0,1410.0,0.0,0.0,40.0
2018-05-24 09:20:00,1410.0,1410.0,1410.0,1410.0,0.0,0.0,40.0
2018-05-24 09:25:00,1410.0,1410.0,1410.0,1410.0,0.0,0.0,40.0
2018-05-24 09:30:00,1410.0,1410.0,1410.0,1410.0,0.0,0.0,40.0
2018-05-24 09:35:00,1410.0,1410.0,1410.0,1410.0,0.0,0.0,40.0
2018-05-24 09:40:00,1410.0,1410.0,1410.0,1410.0,0.0,0.0,40.0
2018-05-24 09:45:00,1410.0,1410.0,1410.0,1410.0,0.0,0.0,40.0
2018-05-24 09:50:00,1410.0,1410.0,1410.0,1410.0,0.0,0.0,40.0
2018-05-24 09:55:00,1410.0,1410.0,1410.0,1410.0,0.0,0.0,40.0
2018-05-24 10:00:00,1410.0,1410.0,1410.0,1410.0,0.0,0.0,40.0
2018-05-24 10:05:00,1410.0,1410.0,1410.0,1410.0,0.0,0.0,40.0
2018-05-24 10:10:00,1410.0,1410.0,1410.0,1410.0,0.0,0.0,40.0
2018-05-24 10:30:00,1410.0,1410.0,1410.0,1410.0,0.0,0.0,40.0
2018-05-24 10:35:00,1410.0,1410.0,1410.0,1410.0,0.0,0.0,40.0
2018-05-24 10:40:00,1410.0,1410.0,1410.0,1410.0,0.0,0.0,40.0
2018-05-24 10:45:00,1410.0,1410.0,1410.0,1410.0,0.0,0.0,40.0
2018-05-24 10:50:00,1410.0,1410.0,1410.0,1410.0,0.0,0.0,40.0
2018-05-24 10:55:00,1410.0,1410.0,1410.0,1410.0,0.0,0.0,40.0
2018-05-24 11:00:00,1410.0,1410.0,1410.0,1410.0,0.0,0.0,40.0
2018-05-24 11:05:00,1410.0,1410.0,1410.0,1410.0,0.0,0.0,40.0
2018-05-24 11:10:00,1410.0,1410.0,1410.0,1410.0,0.0,0.0,40.0
2018-05-24 11:15:00,1410.0,1410.0,1410.0,1410.0,0.0,0.0,40.0
2018-05-24 11:20:00,1410.0,1410.0,1410.0,1410.0,0.0,0.0,40.0
2018-05-24 11:25:00,1410.0,1410.0,1410.0,1410.0,0.0,0.0,40.0
2018-05-24 13:30:00,1410.0,1410.0,1410.0,1410.0,0.0,0.0,40.0
2018-05-24 13:35:00,1410.0,1410.0,1410.0,1410.0,0.0,0.0,40.0
2018-05-24 13:40:00,1410.0,1410.0,1410.0,1410.0,0.0,0.0,40.0
2018-05-24 13:45:00,1410.0,1410.0,1410.0,1410.0,0.0,0.0,40.0
2018-05-24 13:50:00,1410.0,1410.0,1410.0,1410.0,0.0,0.0,40.0
2018-05-24 13:55:00,1410.0,1410.0,1410.0,1410.0,0.0,0.0,40.0
2018-05-24 14:00:00,1410.0,1410.0,1410.0,1410.0,0.0,0.0,40.0
2018-05-24 14:05:00,1410.0,1410.0,1410.0,1410.0,0.0,0.0,40.0
2018-05-24 14:10:00,1410.0,1410.0,1410.0,1410.0,0.0,0.0,40.0
2018-05-24 14:15:00,1410.0,1410.0,1410.0,1410.0,0.0,0.0,40.0
2018-05-24 14:20:00,1410.0,1410.0,1410.0,1410.0,0.0,0.0,40.0
2018-05-24 14:25:00,1410.0,1410.0,1410.0,1410.0,0.0,0.0,40.0
2018-05-24 14:30:00,1410.0,1410.0,1410.0,1410.0,0.0,0.0,40.0
2018-05-24 14:35:00,1410.0,1410.0,1410.0,1410.0,0.0,0.0,40.0
2018-05-24 14:40:00,1410.0,1410.0,1410.0,1410.0,0.0,0.0,40.0
2018-05-24 14:45:00,1410.0,1410.0,1410.0,1410.0,0.0,0.0,40.0
2018-05-24 14:50:00,1410.0,1410.0,1410.0,1410.0,0.0,0.0,40.0
2018-05-24 14:55:00,1410.0,1410.0,1410.0,1410.0,0.0,0.0,40.0
2018-05-24 21:00:00,1413.0,1413.0,1413.0,1413.0,0.0,0.0,40.0
2018-05-24 21:05:00,1413.0,1413.0,1413.0,1413.0,0.0,0.0,40.0
2018-05-24 21:10:00,1413.0,1413.0,1413.0,1413.0,0.0,0.0,40.0
2018-05-24 21:15:00,1413.0,1413.0,1413.0,1413.0,0.0,0.0,40.0
2018-05-24 21:20:00,1413.0,1413.0,1413.0,1413.0,0.0,0.0,40.0
2018-05-24 21:25:00,1413.0,1413.0,1413.0,1413.0,0.0,0.0,40.0
2018-05-24 21:30:00,1413.0,1413.0,1413.0,1413.0,0.0,0.0,40.0
2018-05-24 21:35:00,1413.0,1413.0,1413.0,1413.0,0.0,0.0,40.0
2018-05-24 21:40:00,1413.0,1413.0,1413.0,1413.0,0.0,0.0,40.0
2018-05-24 21:45:00,1413.0,1413.0,1413.0,1413.0,0.0,0.0,40.0
2018-05-24 21:50:00,1413.0,1413.0,1413.0,1413.0,0.0,0.0,40.0
2018-05-24 21:55:00,1413.0,1413.0,1413.0,1413.0,0.0,0.0,40.0
2018-05-24 22:00:00,1413.0,1413.0,1413.0,1413.0,0.0,0.0,40.0
2018-05-24 22:05:00,1413.0,1413.0,1413.0,1413.0,0.0,0.0,40.0
2018-05-24 22:10:00,1413.0,1413.0,1413.0,1413.0,0.0,0.0,40.0
2018-05-24 22:15:00,1413.0,1413.0,1413.0,1413.0,0.0,0.0,40.0
2018-05-24 22:20:00,1413.0,1413.0,1413.0,1413.0,0.0,0.0,40.0
2018-05-24 22:25:00,1413.0,1413.0,1413.0,1413.0,0.0,0.0,40.0
2018-05-24 22:30:00,1413.0,1413.0,1413.0,1413.0,0.0,0.0,40.0
2018-05-24 22:35:00,1413.0,1413.0,1413.0,1413.0,0.0,0.0,40.0
2018-05-24 22:40:00,1413.0,1413.0,1413.0,1413.0,0.0,0.0,40.0
2018-05-24 22:45:00,1413.0,1413.0,1413.0,1413.0,0.0,0.0,40.0
2018-05-24 22:50:00,1413.0,1413.0,1413.0,1413.0,0.0,0.0,40.0
2018-05-24 22:55:00,1413.0,1413.0,1413.0,1413.0,0.0,0.0,40.0
2018-05-24 23:00:00,1413.0,1413.0,1413.0,1413.0,0.0,0.0,40.0
2018-05-24 23:05:00,1413.0,1413.0,1413.0,1413.0,0.0,0.0,40.0
2018-05-24 23:10:00,1413.0,1413.0,1413.0,1413.0,0.0,0.0,40.0
2018-05-24 23:15:00,1413.0,1413.0,1413.0,1413.0,0.0,0.0,40.0
2018-05-24 23:20:00,1413.0,1413.0,1413.0,1413.0,0.0,0.0,40.0
2018-05-24 23:25:00,1413.0,1413.0,1413.0,1413.0,0.0,0.0,40.0
2018-05-25 09:00:00,1413.0,1413.0,1413.0,1413.0,0.0,0.0,40.0
2018-05-25 09:05:00,1413.0,1413.0,1413.0,1413.0,0.0,0.0,40.0
2018-05-25 09:10:00,1413.0,1413.0,1413.0,1413.0,0.0,0.0,40.0
2018-05-25 09:15:00,1413.0,1443.0,1411.0,1443.0,4.0,114160.0,40.0
2018-05-25 09:20:00,1443.0,1443.0,1443.0,1443.0,0.0,0.0,40.0
2018-05-25 09:25:00,1443.0,1443.0,1443.0,1443.0,0.0,0.0,40.0
2018-05-25 09:30:00,1443.0,1443.0,1410.0,1410.0,2.0,56360.0,42.0
2018-05-25 09:35:00,1410.0,1410.0,1410.0,1410.0,0.0,0.0,42.0
2018-05-25 09:40:00,1410.0,1410.0,1410.0,1410.0,0.0,0.0,42.0
2018-05-25 09:45:00,1410.0,1410.0,1410.0,1410.0,0.0,0.0,42.0
2018-05-25 09:50:00,1410.0,1410.0,1410.0,1410.0,0.0,0.0,42.0
2018-05-25 09:55:00,1410.0,1410.0,1410.0,1410.0,0.0,0.0,42.0
2018-05-25 10:00:00,1410.0,1410.0,1410.0,1410.0,0.0,0.0,42.0
2018-05-25 10:05:00,1410.0,1410.0,1410.0,1410.0,0.0,0.0,42.0
2018-05-25 10:10:00,1410.0,1410.0,1410.0,1410.0,0.0,0.0,42.0
2018-05-25 10:30:00,1410.0,1410.0,1410.0,1410.0,0.0,0.0,42.0
2018-05-25 10:35:00,1410.0,1410.0,1410.0,1410.0,0.0,0.0,42.0
2018-05-25 10:40:00,1410.0,1410.0,1410.0,1410.0,0.0,0.0,42.0
2018-05-25 10:45:00,1410.0,1410.0,1410.0,1410.0,0.0,0.0,42.0
2018-05-25 10:50:00,1410.0,1410.0,1410.0,1410.0,0.0,0.0,42.0
2018-05-25 10:55:00,1410.0,1410.0,1410.0,1410.0,0.0,0.0,42.0
2018-05-25 11:00:00,1410.0,1410.0,1410.0,1410.0,0.0,0.0,42.0
2018-05-25 11:05:00,1410.0,1410.0,1410.0,1410.0,0.0,0.0,42.0
2018-05-25 11:10:00,1410.0,1410.0,1410.0,1410.0,0.0,0.0,42.0
2018-05-25 11:15:00,1410.0,1410.0,1410.0,1410.0,0.0,0.0,42.0
2018-05-25 11:20:00,1410.0,1410.0,1410.0,1410.0,0.0,0.0,42.0
2018-05-25 11:25:00,1410.0,1410.0,1410.0,1410.0,0.0,0.0,42.0
2018-05-25 13:30:00,1410.0,1410.0,1410.0,1410.0,0.0,0.0,42.0
2018-05-25 13:35:00,1410.0,1410.0,1410.0,1410.0,0.0,0.0,42.0
2018-05-25 13:40:00,1410.0,1410.0,1410.0,1410.0,0.0,0.0,42.0
2018-05-25 13:45:00,1410.0,1410.0,1410.0,1410.0,0.0,0.0,42.0
2018-05-25 13:50:00,1410.0,1410.0,1410.0,1410.0,0.0,0.0,42.0
2018-05-25 13:55:00,1410.0,1410.0,1410.0,1410.0,0.0,0.0,42.0
2018-05-25 14:00:00,1410.0,1410.0,1410.0,1410.0,0.0,0.0,42.0
2018-05-25 14:05:00,1410.0,1410.0,1410.0,1410.0,0.0,0.0,42.0
2018-05-25 14:10:00,1410.0,1410.0,1410.0,1410.0,0.0,0.0,42.0
2018-05-25 14:15:00,1410.0,1410.0,1410.0,1410.0,0.0,0.0,42.0
2018-05-25 14:20:00,1410.0,1410.0,1410.0,1410.0,0.0,0.0,42.0
2018-05-25 14:25:00,1410.0,1410.0,1410.0,1410.0,0.0,0.0,42.0
2018-05-25 14:30:00,1410.0,1410.0,1410.0,1410.0,0.0,0.0,42.0
2018-05-25 14:35:00,1410.0,1410.0,1410.0,1410.0,0.0,0.0,42.0
2018-05-25 14:40:00,1410.0,1410.0,1410.0,1410.0,0.0,0.0,42.0
2018-05-25 14:45:00,1410.0,1410.0,1410.0,1410.0,0.0,0.0,42.0
2018-05-25 14:50:00,1410.0,1410.0,1410.0,1410.0,0.0,0.0,42.0
2018-05-25 14:55:00,1410.0,1410.0,1410.0,1410.0,0.0,0.0,42.0
2018-05-25 21:00:00,1421.0,1421.0,1421.0,1421.0,0.0,0.0,42.0
2018-05-25 21:05:00,1421.0,1421.0,1421.0,1421.0,0.0,0.0,42.0
2018-05-25 21:10:00,1421.0,1421.0,1415.0,1415.0,2.0,56600.0,40.0
2018-05-25 21:15:00,1415.0,1415.0,1415.0,1415.0,0.0,0.0,40.0
2018-05-25 21:20:00,1415.0,1415.0,1415.0,1415.0,0.0,0.0,40.0
2018-05-25 21:25:00,1415.0,1415.0,1415.0,1415.0,0.0,0.0,40.0
2018-05-25 21:30:00,1415.0,1415.0,1415.0,1415.0,0.0,0.0,40.0
2018-05-25 21:35:00,1415.0,1415.0,1415.0,1415.0,0.0,0.0,40.0
2018-05-25 21:40:00,1415.0,1415.0,1415.0,1415.0,0.0,0.0,40.0
2018-05-25 21:45:00,1415.0,1415.0,1415.0,1415.0,0.0,0.0,40.0
2018-05-25 21:50:00,1415.0,1415.0,1415.0,1415.0,0.0,0.0,40.0
2018-05-25 21:55:00,1415.0,1424.0,1415.0,1420.0,8.0,227200.0,48.0
2018-05-25 22:00:00,1420.0,1420.0,1420.0,1420.0,0.0,0.0,48.0
2018-05-25 22:05:00,1410.0,1410.0,1405.0,1405.0,8.0,225240.0,44.0
2018-05-25 22:10:00,1405.0,1405.0,1405.0,1405.0,0.0,0.0,44.0
2018-05-25 22:15:00,1405.0,1405.0,1405.0,1405.0,0.0,0.0,44.0
2018-05-25 22:20:00,1405.0,1405.0,1405.0,1405.0,0.0,0.0,44.0
2018-05-25 22:25:00,1405.0,1405.0,1405.0,1405.0,0.0,0.0,44.0
2018-05-25 22:30:00,1405.0,1405.0,1405.0,1405.0,0.0,0.0,44.0
2018-05-25 22:35:00,1405.0,1405.0,1405.0,1405.0,0.0,0.0,44.0
2018-05-25 22:40:00,1405.0,1405.0,1405.0,1405.0,0.0,0.0,44.0
2018-05-25 22:45:00,1405.0,1405.0,1405.0,1405.0,0.0,0.0,44.0
2018-05-25 22:50:00,1405.0,1405.0,1405.0,1405.0,0.0,0.0,44.0
2018-05-25 22:55:00,1405.0,1405.0,1405.0,1405.0,0.0,0.0,44.0
2018-05-25 23:00:00,1405.0,1405.0,1405.0,1405.0,0.0,0.0,44.0
2018-05-25 23:05:00,1405.0,1405.0,1405.0,1405.0,0.0,0.0,44.0
2018-05-25 23:10:00,1405.0,1405.0,1405.0,1405.0,0.0,0.0,44.0
2018-05-25 23:15:00,1405.0,1405.0,1405.0,1405.0,0.0,0.0,44.0
2018-05-25 23:20:00,1405.0,1405.0,1405.0,1405.0,0.0,0.0,44.0
2018-05-25 23:25:00,1405.0,1405.0,1405.0,1405.0,0.0,0.0,44.0
2018-05-28 09:00:00,1436.0,1436.0,1436.0,1436.0,4.0,114440.0,42.0
2018-05-28 09:05:00,1436.0,1436.0,1436.0,1436.0,0.0,0.0,42.0
2018-05-28 09:10:00,1436.0,1436.0,1436.0,1436.0,0.0,0.0,42.0
2018-05-28 09:15:00,1436.0,1436.0,1436.0,1436.0,0.0,0.0,42.0
2018-05-28 09:20:00,1447.0,1447.0,1440.0,1440.0,4.0,115440.0,40.0
2018-05-28 09:25:00,1440.0,1440.0,1440.0,1440.0,0.0,0.0,40.0
2018-05-28 09:30:00,1440.0,1440.0,1440.0,1440.0,0.0,0.0,40.0
2018-05-28 09:35:00,1440.0,1440.0,1440.0,1440.0,0.0,0.0,40.0
2018-05-28 09:40:00,1440.0,1440.0,1440.0,1440.0,0.0,0.0,40.0
2018-05-28 09:45:00,1440.0,1440.0,1440.0,1440.0,0.0,0.0,40.0
2018-05-28 09:50:00,1440.0,1440.0,1440.0,1440.0,0.0,0.0,40.0
2018-05-28 09:55:00,1440.0,1440.0,1440.0,1440.0,0.0,0.0,40.0
2018-05-28 10:00:00,1440.0,1440.0,1440.0,1440.0,0.0,0.0,40.0
2018-05-28 10:05:00,1440.0,1440.0,1440.0,1440.0,0.0,0.0,40.0
2018-05-28 10:10:00,1440.0,1440.0,1440.0,1440.0,0.0,0.0,40.0
2018-05-28 10:30:00,1440.0,1440.0,1440.0,1440.0,0.0,0.0,40.0
2018-05-28 10:35:00,1440.0,1440.0,1440.0,1440.0,0.0,0.0,40.0
2018-05-28 10:40:00,1440.0,1440.0,1440.0,1440.0,0.0,0.0,40.0
2018-05-28 10:45:00,1440.0,1440.0,1440.0,1440.0,0.0,0.0,40.0
2018-05-28 10:50:00,1440.0,1440.0,1440.0,1440.0,0.0,0.0,40.0
2018-05-28 10:55:00,1440.0,1440.0,1440.0,1440.0,0.0,0.0,40.0
2018-05-28 11:00:00,1440.0,1440.0,1440.0,1440.0,0.0,0.0,40.0
2018-05-28 11:05:00,1440.0,1440.0,1440.0,1440.0,0.0,0.0,40.0
2018-05-28 11:10:00,1440.0,1440.0,1440.0,1440.0,0.0,0.0,40.0
2018-05-28 11:15:00,1440.0,1440.0,1440.0,1440.0,0.0,0.0,40.0
2018-05-28 11:20:00,1440.0,1440.0,1440.0,1440.0,0.0,0.0,40.0
2018-05-28 11:25:00,1440.0,1440.0,1440.0,1440.0,0.0,0.0,40.0
2018-05-28 13:30:00,1440.0,1440.0,1440.0,1440.0,0.0,0.0,40.0
2018-05-28 13:35:00,1440.0,1440.0,1435.0,1435.0,4.0,114880.0,40.0
2018-05-28 13:40:00,1435.0,1435.0,1435.0,1435.0,0.0,0.0,40.0
2018-05-28 13:45:00,1435.0,1435.0,1435.0,1435.0,0.0,0.0,40.0
2018-05-28 13:50:00,1435.0,1435.0,1435.0,1435.0,0.0,0.0,40.0
2018-05-28 13:55:00,1435.0,1435.0,1435.0,1435.0,0.0,0.0,40.0
2018-05-28 14:00:00,1435.0,1435.0,1435.0,1435.0,0.0,0.0,40.0
2018-05-28 14:05:00,1435.0,1435.0,1435.0,1435.0,0.0,0.0,40.0
2018-05-28 14:10:00,1435.0,1435.0,1435.0,1435.0,0.0,0.0,40.0
2018-05-28 14:15:00,1435.0,1435.0,1435.0,1435.0,0.0,0.0,40.0
2018-05-28 14:20:00,1435.0,1435.0,1435.0,1435.0,0.0,0.0,40.0
2018-05-28 14:25:00,1435.0,1435.0,1435.0,1435.0,0.0,0.0,40.0
2018-05-28 14:30:00,1435.0,1435.0,1435.0,1435.0,0.0,0.0,40.0
2018-05-28 14:35:00,1435.0,1435.0,1435.0,1435.0,0.0,0.0,40.0
2018-05-28 14:40:00,1435.0,1435.0,1435.0,1435.0,0.0,0.0,40.0
2018-05-28 14:45:00,1435.0,1435.0,1435.0,1435.0,0.0,0.0,40.0
2018-05-28 14:50:00,1435.0,1435.0,1435.0,1435.0,0.0,0.0,40.0
2018-05-28 14:55:00,1435.0,1435.0,1435.0,1435.0,0.0,0.0,40.0
2018-05-28 21:00:00,1423.0,1423.0,1423.0,1423.0,0.0,0.0,40.0
2018-05-28 21:05:00,1423.0,1423.0,1423.0,1423.0,0.0,0.0,40.0
2018-05-28 21:10:00,1423.0,1423.0,1423.0,1423.0,0.0,0.0,40.0
2018-05-28 21:15:00,1423.0,1423.0,1423.0,1423.0,0.0,0.0,40.0
2018-05-28 21:20:00,1423.0,1423.0,1423.0,1423.0,0.0,0.0,40.0
2018-05-28 21:25:00,1423.0,1423.0,1423.0,1423.0,0.0,0.0,40.0
2018-05-28 21:30:00,1423.0,1423.0,1423.0,1423.0,0.0,0.0,40.0
2018-05-28 21:35:00,1423.0,1423.0,1423.0,1423.0,0.0,0.0,40.0
2018-05-28 21:40:00,1423.0,1423.0,1423.0,1423.0,0.0,0.0,40.0
2018-05-28 21:45:00,1423.0,1423.0,1423.0,1423.0,0.0,0.0,40.0
2018-05-28 21:50:00,1423.0,1423.0,1423.0,1423.0,0.0,0.0,40.0
2018-05-28 21:55:00,1423.0,1423.0,1423.0,1423.0,0.0,0.0,40.0
2018-05-28 22:00:00,1423.0,1423.0,1423.0,1423.0,0.0,0.0,40.0
2018-05-28 22:05:00,1423.0,1423.0,1423.0,1423.0,0.0,0.0,40.0
2018-05-28 22:10:00,1423.0,1423.0,1423.0,1423.0,0.0,0.0,40.0
2018-05-28 22:15:00,1423.0,1423.0,1423.0,1423.0,0.0,0.0,40.0
2018-05-28 22:20:00,1423.0,1423.0,1423.0,1423.0,0.0,0.0,40.0
2018-05-28 22:25:00,1423.0,1423.0,1423.0,1423.0,0.0,0.0,40.0
2018-05-28 22:30:00,1423.0,1423.0,1423.0,1423.0,0.0,0.0,40.0
2018-05-28 22:35:00,1423.0,1423.0,1423.0,1423.0,0.0,0.0,40.0
2018-05-28 22:40:00,1423.0,1423.0,1423.0,1423.0,0.0,0.0,40.0
2018-05-28 22:45:00,1423.0,1423.0,1423.0,1423.0,0.0,0.0,40.0
2018-05-28 22:50:00,1423.0,1423.0,1423.0,1423.0,0.0,0.0,40.0
2018-05-28 22:55:00,1423.0,1423.0,1423.0,1423.0,0.0,0.0,40.0
2018-05-28 23:00:00,1423.0,1423.0,1423.0,1423.0,0.0,0.0,40.0
2018-05-28 23:05:00,1423.0,1423.0,1423.0,1423.0,0.0,0.0,40.0
2018-05-28 23:10:00,1423.0,1423.0,1423.0,1423.0,0.0,0.0,40.0
2018-05-28 23:15:00,1423.0,1423.0,1423.0,1423.0,0.0,0.0,40.0
2018-05-28 23:20:00,1423.0,1423.0,1423.0,1423.0,0.0,0.0,40.0
2018-05-28 23:25:00,1423.0,1423.0,1423.0,1423.0,0.0,0.0,40.0
2018-05-29 09:00:00,1423.0,1423.0,1423.0,1423.0,0.0,0.0,40.0
2018-05-29 09:05:00,1423.0,1423.0,1423.0,1423.0,0.0,0.0,40.0
2018-05-29 09:10:00,1423.0,1423.0,1423.0,1423.0,0.0,0.0,40.0
2018-05-29 09:15:00,1423.0,1423.0,1423.0,1423.0,0.0,0.0,40.0
2018-05-29 09:20:00,1423.0,1423.0,1423.0,1423.0,0.0,0.0,40.0
2018-05-29 09:25:00,1423.0,1423.0,1423.0,1423.0,0.0,0.0,40.0
2018-05-29 09:30:00,1423.0,1423.0,1423.0,1423.0,0.0,0.0,40.0
2018-05-29 09:35:00,1423.0,1430.0,1423.0,1430.0,2.0,57200.0,40.0
2018-05-29 09:40:00,1430.0,1430.0,1430.0,1430.0,0.0,0.0,40.0
2018-05-29 09:45:00,1430.0,1430.0,1430.0,1430.0,0.0,0.0,40.0
2018-05-29 09:50:00,1430.0,1430.0,1430.0,1430.0,0.0,0.0,40.0
2018-05-29 09:55:00,1430.0,1430.0,1430.0,1430.0,0.0,0.0,40.0
2018-05-29 10:00:00,1430.0,1430.0,1430.0,1430.0,0.0,0.0,40.0
2018-05-29 10:05:00,1430.0,1430.0,1430.0,1430.0,0.0,0.0,40.0
2018-05-29 10:10:00,1430.0,1430.0,1430.0,1430.0,0.0,0.0,40.0
2018-05-29 10:30:00,1430.0,1430.0,1430.0,1430.0,0.0,0.0,40.0
2018-05-29 10:35:00,1430.0,1430.0,1430.0,1430.0,0.0,0.0,40.0
2018-05-29 10:40:00,1430.0,1430.0,1430.0,1430.0,0.0,0.0,40.0
2018-05-29 10:45:00,1430.0,1430.0,1430.0,1430.0,0.0,0.0,40.0
2018-05-29 10:50:00,1430.0,1430.0,1430.0,1430.0,0.0,0.0,40.0
2018-05-29 10:55:00,1430.0,1430.0,1430.0,1430.0,0.0,0.0,40.0
2018-05-29 11:00:00,1430.0,1430.0,1430.0,1430.0,0.0,0.0,40.0
2018-05-29 11:05:00,1430.0,1430.0,1430.0,1430.0,0.0,0.0,40.0
2018-05-29 11:10:00,1430.0,1430.0,1430.0,1430.0,0.0,0.0,40.0
2018-05-29 11:15:00,1430.0,1430.0,1430.0,1430.0,0.0,0.0,40.0
2018-05-29 11:20:00,1430.0,1430.0,1430.0,1430.0,0.0,0.0,40.0
2018-05-29 11:25:00,1430.0,1430.0,1430.0,1430.0,0.0,0.0,40.0
2018-05-29 13:30:00,1430.0,1430.0,1430.0,1430.0,0.0,0.0,40.0
2018-05-29 13:35:00,1430.0,1430.0,1430.0,1430.0,0.0,0.0,40.0
2018-05-29 13:40:00,1430.0,1430.0,1430.0,1430.0,0.0,0.0,40.0
2018-05-29 13:45:00,1430.0,1430.0,1430.0,1430.0,0.0,0.0,40.0
2018-05-29 13:50:00,1430.0,1430.0,1430.0,1430.0,0.0,0.0,40.0
2018-05-29 13:55:00,1430.0,1430.0,1430.0,1430.0,0.0,0.0,40.0
2018-05-29 14:00:00,1430.0,1430.0,1430.0,1430.0,0.0,0.0,40.0
2018-05-29 14:05:00,1430.0,1430.0,1430.0,1430.0,0.0,0.0,40.0
2018-05-29 14:10:00,1430.0,1430.0,1430.0,1430.0,0.0,0.0,40.0
2018-05-29 14:15:00,1430.0,1430.0,1430.0,1430.0,0.0,0.0,40.0
2018-05-29 14:20:00,1430.0,1430.0,1430.0,1430.0,0.0,0.0,40.0
2018-05-29 14:25:00,1430.0,1430.0,1430.0,1430.0,0.0,0.0,40.0
2018-05-29 14:30:00,1430.0,1430.0,1430.0,1430.0,0.0,0.0,40.0
2018-05-29 14:35:00,1430.0,1430.0,1430.0,1430.0,0.0,0.0,40.0
2018-05-29 14:40:00,1430.0,1430.0,1430.0,1430.0,0.0,0.0,40.0
2018-05-29 14:45:00,1430.0,1430.0,1430.0,1430.0,0.0,0.0,40.0
2018-05-29 14:50:00,1430.0,1430.0,1430.0,1430.0,0.0,0.0,40.0
2018-05-29 14:55:00,1430.0,1430.0,1430.0,1430.0,0.0,0.0,40.0
2018-05-29 21:00:00,1430.0,1430.0,1430.0,1430.0,0.0,0.0,40.0
2018-05-29 21:05:00,1430.0,1430.0,1430.0,1430.0,0.0,0.0,40.0
2018-05-29 21:10:00,1430.0,1430.0,1430.0,1430.0,0.0,0.0,40.0
2018-05-29 21:15:00,1430.0,1430.0,1430.0,1430.0,0.0,0.0,40.0
2018-05-29 21:20:00,1430.0,1430.0,1430.0,1430.0,0.0,0.0,40.0
2018-05-29 21:25:00,1430.0,1430.0,1430.0,1430.0,0.0,0.0,40.0
2018-05-29 21:30:00,1430.0,1430.0,1430.0,1430.0,0.0,0.0,40.0
2018-05-29 21:35:00,1430.0,1430.0,1430.0,1430.0,0.0,0.0,40.0
2018-05-29 21:40:00,1430.0,1430.0,1430.0,1430.0,0.0,0.0,40.0
2018-05-29 21:45:00,1430.0,1430.0,1430.0,1430.0,0.0,0.0,40.0
2018-05-29 21:50:00,1430.0,1430.0,1430.0,1430.0,0.0,0.0,40.0
2018-05-29 21:55:00,1430.0,1430.0,1430.0,1430.0,0.0,0.0,40.0
2018-05-29 22:00:00,1430.0,1430.0,1430.0,1430.0,0.0,0.0,40.0
2018-05-29 22:05:00,1430.0,1430.0,1430.0,1430.0,0.0,0.0,40.0
2018-05-29 22:10:00,1430.0,1430.0,1430.0,1430.0,0.0,0.0,40.0
2018-05-29 22:15:00,1430.0,1430.0,1430.0,1430.0,0.0,0.0,40.0
2018-05-29 22:20:00,1430.0,1430.0,1430.0,1430.0,0.0,0.0,40.0
2018-05-29 22:25:00,1430.0,1430.0,1430.0,1430.0,0.0,0.0,40.0
2018-05-29 22:30:00,1430.0,1430.0,1430.0,1430.0,0.0,0.0,40.0
2018-05-29 22:35:00,1430.0,1430.0,1430.0,1430.0,0.0,0.0,40.0
2018-05-29 22:40:00,1430.0,1430.0,1430.0,1430.0,0.0,0.0,40.0
2018-05-29 22:45:00,1430.0,1430.0,1430.0,1430.0,0.0,0.0,40.0
2018-05-29 22:50:00,1430.0,1430.0,1430.0,1430.0,0.0,0.0,40.0
2018-05-29 22:55:00,1430.0,1430.0,1430.0,1430.0,0.0,0.0,40.0
2018-05-29 23:00:00,1430.0,1430.0,1430.0,1430.0,0.0,0.0,40.0
2018-05-29 23:05:00,1430.0,1430.0,1430.0,1430.0,0.0,0.0,40.0
2018-05-29 23:10:00,1430.0,1430.0,1430.0,1430.0,0.0,0.0,40.0
2018-05-29 23:15:00,1430.0,1430.0,1430.0,1430.0,0.0,0.0,40.0
2018-05-29 23:20:00,1430.0,1430.0,1430.0,1430.0,0.0,0.0,40.0
2018-05-29 23:25:00,1430.0,1430.0,1430.0,1430.0,0.0,0.0,40.0
2018-05-30 09:00:00,1430.0,1430.0,1430.0,1430.0,0.0,0.0,40.0
2018-05-30 09:05:00,1430.0,1430.0,1430.0,1430.0,0.0,0.0,40.0
2018-05-30 09:10:00,1430.0,1430.0,1430.0,1430.0,0.0,0.0,40.0
2018-05-30 09:15:00,1430.0,1430.0,1430.0,1430.0,0.0,0.0,40.0
2018-05-30 09:20:00,1430.0,1430.0,1430.0,1430.0,0.0,0.0,40.0
2018-05-30 09:25:00,1430.0,1430.0,1430.0,1430.0,0.0,0.0,40.0
2018-05-30 09:30:00,1430.0,1430.0,1430.0,1430.0,0.0,0.0,40.0
2018-05-30 09:35:00,1430.0,1430.0,1430.0,1430.0,0.0,0.0,40.0
2018-05-30 09:40:00,1430.0,1430.0,1430.0,1430.0,0.0,0.0,40.0
2018-05-30 09:45:00,1430.0,1430.0,1430.0,1430.0,0.0,0.0,40.0
2018-05-30 09:50:00,1430.0,1430.0,1430.0,1430.0,0.0,0.0,40.0
2018-05-30 09:55:00,1430.0,1430.0,1430.0,1430.0,0.0,0.0,40.0
2018-05-30 10:00:00,1430.0,1430.0,1430.0,1430.0,0.0,0.0,40.0
2018-05-30 10:05:00,1430.0,1430.0,1430.0,1430.0,0.0,0.0,40.0
2018-05-30 10:10:00,1430.0,1430.0,1430.0,1430.0,0.0,0.0,40.0
2018-05-30 10:30:00,1430.0,1430.0,1430.0,1430.0,0.0,0.0,40.0
2018-05-30 10:35:00,1430.0,1430.0,1430.0,1430.0,0.0,0.0,40.0
2018-05-30 10:40:00,1430.0,1430.0,1430.0,1430.0,0.0,0.0,40.0
2018-05-30 10:45:00,1430.0,1430.0,1430.0,1430.0,0.0,0.0,40.0
2018-05-30 10:50:00,1430.0,1430.0,1430.0,1430.0,0.0,0.0,40.0
2018-05-30 10:55:00,1430.0,1430.0,1430.0,1430.0,0.0,0.0,40.0
2018-05-30 11:00:00,1430.0,1430.0,1430.0,1430.0,0.0,0.0,40.0
2018-05-30 11:05:00,1430.0,1430.0,1430.0,1430.0,0.0,0.0,40.0
2018-05-30 11:10:00,1430.0,1430.0,1430.0,1430.0,0.0,0.0,40.0
2018-05-30 11:15:00,1430.0,1430.0,1430.0,1430.0,0.0,0.0,40.0
2018-05-30 11:20:00,1430.0,1430.0,1430.0,1430.0,0.0,0.0,40.0
2018-05-30 11:25:00,1430.0,1430.0,1430.0,1430.0,0.0,0.0,40.0
2018-05-30 13:30:00,1430.0,1430.0,1430.0,1430.0,0.0,0.0,40.0
2018-05-30 13:35:00,1430.0,1430.0,1430.0,1430.0,0.0,0.0,40.0
2018-05-30 13:40:00,1430.0,1430.0,1430.0,1430.0,0.0,0.0,40.0
2018-05-30 13:45:00,1430.0,1430.0,1430.0,1430.0,0.0,0.0,40.0
2018-05-30 13:50:00,1430.0,1430.0,1430.0,1430.0,0.0,0.0,40.0
2018-05-30 13:55:00,1430.0,1430.0,1430.0,1430.0,0.0,0.0,40.0
2018-05-30 14:00:00,1430.0,1430.0,1430.0,1430.0,0.0,0.0,40.0
2018-05-30 14:05:00,1430.0,1430.0,1430.0,1430.0,0.0,0.0,40.0
2018-05-30 14:10:00,1430.0,1430.0,1430.0,1430.0,0.0,0.0,40.0
2018-05-30 14:15:00,1430.0,1430.0,1430.0,1430.0,0.0,0.0,40.0
2018-05-30 14:20:00,1430.0,1430.0,1430.0,1430.0,0.0,0.0,40.0
2018-05-30 14:25:00,1430.0,1430.0,1430.0,1430.0,0.0,0.0,40.0
2018-05-30 14:30:00,1430.0,1430.0,1430.0,1430.0,0.0,0.0,40.0
2018-05-30 14:35:00,1430.0,1430.0,1430.0,1430.0,0.0,0.0,40.0
2018-05-30 14:40:00,1430.0,1430.0,1430.0,1430.0,0.0,0.0,40.0
2018-05-30 14:45:00,1430.0,1430.0,1430.0,1430.0,0.0,0.0,40.0
2018-05-30 14:50:00,1430.0,1430.0,1430.0,1430.0,0.0,0.0,40.0
2018-05-30 14:55:00,1430.0,1430.0,1430.0,1430.0,0.0,0.0,40.0
2018-05-30 21:00:00,1430.0,1430.0,1430.0,1430.0,0.0,0.0,40.0
2018-05-30 21:05:00,1430.0,1430.0,1430.0,1430.0,0.0,0.0,40.0
2018-05-30 21:10:00,1442.0,1442.0,1442.0,1442.0,4.0,115360.0,40.0
2018-05-30 21:15:00,1442.0,1442.0,1442.0,1442.0,0.0,0.0,40.0
2018-05-30 21:20:00,1442.0,1442.0,1442.0,1442.0,0.0,0.0,40.0
2018-05-30 21:25:00,1442.0,1442.0,1442.0,1442.0,0.0,0.0,40.0
2018-05-30 21:30:00,1442.0,1442.0,1442.0,1442.0,0.0,0.0,40.0
2018-05-30 21:35:00,1442.0,1442.0,1442.0,1442.0,0.0,0.0,40.0
2018-05-30 21:40:00,1442.0,1442.0,1442.0,1442.0,0.0,0.0,40.0
2018-05-30 21:45:00,1442.0,1442.0,1442.0,1442.0,0.0,0.0,40.0
2018-05-30 21:50:00,1442.0,1442.0,1442.0,1442.0,0.0,0.0,40.0
2018-05-30 21:55:00,1442.0,1442.0,1442.0,1442.0,0.0,0.0,40.0
2018-05-30 22:00:00,1442.0,1442.0,1442.0,1442.0,0.0,0.0,40.0
2018-05-30 22:05:00,1442.0,1442.0,1442.0,1442.0,0.0,0.0,40.0
2018-05-30 22:10:00,1442.0,1442.0,1442.0,1442.0,0.0,0.0,40.0
2018-05-30 22:15:00,1442.0,1442.0,1442.0,1442.0,0.0,0.0,40.0
2018-05-30 22:20:00,1442.0,1442.0,1442.0,1442.0,0.0,0.0,40.0
2018-05-30 22:25:00,1442.0,1442.0,1442.0,1442.0,0.0,0.0,40.0
2018-05-30 22:30:00,1442.0,1442.0,1442.0,1442.0,0.0,0.0,40.0
2018-05-30 22:35:00,1442.0,1442.0,1442.0,1442.0,0.0,0.0,40.0
2018-05-30 22:40:00,1442.0,1442.0,1442.0,1442.0,0.0,0.0,40.0
2018-05-30 22:45:00,1442.0,1442.0,1442.0,1442.0,0.0,0.0,40.0
2018-05-30 22:50:00,1442.0,1442.0,1442.0,1442.0,0.0,0.0,40.0
2018-05-30 22:55:00,1442.0,1442.0,1442.0,1442.0,0.0,0.0,40.0
2018-05-30 23:00:00,1442.0,1442.0,1442.0,1442.0,0.0,0.0,40.0
2018-05-30 23:05:00,1442.0,1442.0,1442.0,1442.0,0.0,0.0,40.0
2018-05-30 23:10:00,1442.0,1442.0,1442.0,1442.0,0.0,0.0,40.0
2018-05-30 23:15:00,1442.0,1442.0,1442.0,1442.0,0.0,0.0,40.0
2018-05-30 23:20:00,1442.0,1442.0,1442.0,1442.0,0.0,0.0,40.0
2018-05-30 23:25:00,1442.0,1442.0,1442.0,1442.0,0.0,0.0,40.0
2018-05-31 09:00:00,1442.0,1442.0,1442.0,1442.0,0.0,0.0,40.0
2018-05-31 09:05:00,1442.0,1442.0,1442.0,1442.0,0.0,0.0,40.0
2018-05-31 09:10:00,1442.0,1442.0,1442.0,1442.0,0.0,0.0,40.0
2018-05-31 09:15:00,1442.0,1442.0,1442.0,1442.0,0.0,0.0,40.0
2018-05-31 09:20:00,1442.0,1442.0,1442.0,1442.0,0.0,0.0,40.0
2018-05-31 09:25:00,1442.0,1442.0,1442.0,1442.0,0.0,0.0,40.0
2018-05-31 09:30:00,1442.0,1454.0,1436.0,1436.0,4.0,115680.0,40.0
2018-05-31 09:35:00,1436.0,1436.0,1436.0,1436.0,0.0,0.0,40.0
2018-05-31 09:40:00,1436.0,1436.0,1436.0,1436.0,0.0,0.0,40.0
2018-05-31 09:45:00,1436.0,1436.0,1436.0,1436.0,0.0,0.0,40.0
2018-05-31 09:50:00,1436.0,1436.0,1436.0,1436.0,0.0,0.0,40.0
2018-05-31 09:55:00,1436.0,1436.0,1436.0,1436.0,0.0,0.0,40.0
2018-05-31 10:00:00,1436.0,1436.0,1436.0,1436.0,0.0,0.0,40.0
2018-05-31 10:05:00,1436.0,1436.0,1436.0,1436.0,0.0,0.0,40.0
2018-05-31 10:10:00,1436.0,1436.0,1436.0,1436.0,0.0,0.0,40.0
2018-05-31 10:30:00,1436.0,1436.0,1436.0,1436.0,0.0,0.0,40.0
2018-05-31 10:35:00,1436.0,1436.0,1436.0,1436.0,0.0,0.0,40.0
2018-05-31 10:40:00,1436.0,1436.0,1436.0,1436.0,0.0,0.0,40.0
2018-05-31 10:45:00,1436.0,1436.0,1436.0,1436.0,0.0,0.0,40.0
2018-05-31 10:50:00,1436.0,1436.0,1436.0,1436.0,0.0,0.0,40.0
2018-05-31 10:55:00,1436.0,1436.0,1436.0,1436.0,0.0,0.0,40.0
2018-05-31 11:00:00,1436.0,1436.0,1436.0,1436.0,0.0,0.0,40.0
2018-05-31 11:05:00,1436.0,1436.0,1436.0,1436.0,0.0,0.0,40.0
2018-05-31 11:10:00,1436.0,1436.0,1436.0,1436.0,0.0,0.0,40.0
2018-05-31 11:15:00,1436.0,1436.0,1436.0,1436.0,0.0,0.0,40.0
2018-05-31 11:20:00,1436.0,1436.0,1436.0,1436.0,0.0,0.0,40.0
2018-05-31 11:25:00,1436.0,1436.0,1436.0,1436.0,0.0,0.0,40.0
2018-05-31 13:30:00,1436.0,1436.0,1436.0,1436.0,0.0,0.0,40.0
2018-05-31 13:35:00,1436.0,1436.0,1436.0,1436.0,0.0,0.0,40.0
2018-05-31 13:40:00,1436.0,1436.0,1436.0,1436.0,0.0,0.0,40.0
2018-05-31 13:45:00,1436.0,1436.0,1436.0,1436.0,0.0,0.0,40.0
2018-05-31 13:50:00,1436.0,1436.0,1436.0,1436.0,0.0,0.0,40.0
2018-05-31 13:55:00,1436.0,1436.0,1436.0,1436.0,0.0,0.0,40.0
2018-05-31 14:00:00,1436.0,1436.0,1436.0,1436.0,0.0,0.0,40.0
2018-05-31 14:05:00,1436.0,1436.0,1436.0,1436.0,0.0,0.0,40.0
2018-05-31 14:10:00,1436.0,1436.0,1436.0,1436.0,0.0,0.0,40.0
2018-05-31 14:15:00,1436.0,1436.0,1436.0,1436.0,0.0,0.0,40.0
2018-05-31 14:20:00,1436.0,1436.0,1436.0,1436.0,0.0,0.0,40.0
2018-05-31 14:25:00,1436.0,1436.0,1436.0,1436.0,0.0,0.0,40.0
2018-05-31 14:30:00,1436.0,1436.0,1436.0,1436.0,0.0,0.0,40.0
2018-05-31 14:35:00,1436.0,1436.0,1436.0,1436.0,0.0,0.0,40.0
2018-05-31 14:40:00,1436.0,1436.0,1436.0,1436.0,0.0,0.0,40.0
2018-05-31 14:45:00,1436.0,1436.0,1436.0,1436.0,0.0,0.0,40.0
2018-05-31 14:50:00,1436.0,1436.0,1436.0,1436.0,0.0,0.0,40.0
2018-05-31 14:55:00,1436.0,1436.0,1436.0,1436.0,0.0,0.0,40.0
2018-05-31 21:00:00,1444.0,1444.0,1444.0,1444.0,0.0,0.0,40.0
2018-05-31 21:05:00,1444.0,1444.0,1444.0,1444.0,0.0,0.0,40.0
2018-05-31 21:10:00,1444.0,1444.0,1444.0,1444.0,0.0,0.0,40.0
2018-05-31 21:15:00,1444.0,1444.0,1444.0,1444.0,0.0,0.0,40.0
2018-05-31 21:20:00,1444.0,1444.0,1444.0,1444.0,0.0,0.0,40.0
2018-05-31 21:25:00,1444.0,1444.0,1444.0,1444.0,0.0,0.0,40.0
2018-05-31 21:30:00,1444.0,1444.0,1444.0,1444.0,0.0,0.0,40.0
2018-05-31 21:35:00,1444.0,1444.0,1444.0,1444.0,0.0,0.0,40.0
2018-05-31 21:40:00,1444.0,1444.0,1444.0,1444.0,0.0,0.0,40.0
2018-05-31 21:45:00,1444.0,1444.0,1444.0,1444.0,0.0,0.0,40.0
2018-05-31 21:50:00,1444.0,1444.0,1444.0,1444.0,0.0,0.0,40.0
2018-05-31 21:55:00,1444.0,1444.0,1444.0,1444.0,0.0,0.0,40.0
2018-05-31 22:00:00,1444.0,1444.0,1444.0,1444.0,0.0,0.0,40.0
2018-05-31 22:05:00,1444.0,1444.0,1444.0,1444.0,0.0,0.0,40.0
2018-05-31 22:10:00,1444.0,1444.0,1444.0,1444.0,0.0,0.0,40.0
2018-05-31 22:15:00,1444.0,1444.0,1444.0,1444.0,0.0,0.0,40.0
2018-05-31 22:20:00,1444.0,1444.0,1444.0,1444.0,0.0,0.0,40.0
2018-05-31 22:25:00,1444.0,1444.0,1444.0,1444.0,0.0,0.0,40.0
2018-05-31 22:30:00,1444.0,1444.0,1444.0,1444.0,0.0,0.0,40.0
2018-05-31 22:35:00,1444.0,1444.0,1444.0,1444.0,0.0,0.0,40.0
2018-05-31 22:40:00,1444.0,1444.0,1444.0,1444.0,0.0,0.0,40.0
2018-05-31 22:45:00,1444.0,1444.0,1444.0,1444.0,0.0,0.0,40.0
2018-05-31 22:50:00,1444.0,1444.0,1444.0,1444.0,0.0,0.0,40.0
2018-05-31 22:55:00,1444.0,1444.0,1444.0,1444.0,0.0,0.0,40.0
2018-05-31 23:00:00,1444.0,1444.0,1444.0,1444.0,0.0,0.0,40.0
2018-05-31 23:05:00,1444.0,1444.0,1444.0,1444.0,0.0,0.0,40.0
2018-05-31 23:10:00,1444.0,1444.0,1444.0,1444.0,0.0,0.0,40.0
2018-05-31 23:15:00,1444.0,1444.0,1444.0,1444.0,0.0,0.0,40.0
2018-05-31 23:20:00,1444.0,1444.0,1444.0,1444.0,0.0,0.0,40.0
2018-05-31 23:25:00,1444.0,1444.0,1444.0,1444.0,0.0,0.0,40.0
2018-06-01 09:00:00,1444.0,1444.0,1444.0,1444.0,0.0,0.0,40.0
2018-06-01 09:05:00,1444.0,1444.0,1444.0,1444.0,0.0,0.0,40.0
2018-06-01 09:10:00,1444.0,1444.0,1444.0,1444.0,0.0,0.0,40.0
2018-06-01 09:15:00,1444.0,1444.0,1444.0,1444.0,0.0,0.0,40.0
2018-06-01 09:20:00,1444.0,1444.0,1444.0,1444.0,0.0,0.0,40.0
2018-06-01 09:25:00,1444.0,1444.0,1444.0,1444.0,0.0,0.0,40.0
2018-06-01 09:30:00,1444.0,1444.0,1444.0,1444.0,0.0,0.0,40.0
2018-06-01 09:35:00,1444.0,1444.0,1444.0,1444.0,0.0,0.0,40.0
2018-06-01 09:40:00,1444.0,1444.0,1444.0,1444.0,0.0,0.0,40.0
2018-06-01 09:45:00,1444.0,1444.0,1444.0,1444.0,0.0,0.0,40.0
2018-06-01 09:50:00,1444.0,1444.0,1444.0,1444.0,0.0,0.0,40.0
2018-06-01 09:55:00,1444.0,1444.0,1444.0,1444.0,0.0,0.0,40.0
2018-06-01 10:00:00,1444.0,1444.0,1444.0,1444.0,0.0,0.0,40.0
2018-06-01 10:05:00,1444.0,1444.0,1444.0,1444.0,0.0,0.0,40.0
2018-06-01 10:10:00,1444.0,1444.0,1444.0,1444.0,0.0,0.0,40.0
2018-06-01 10:30:00,1444.0,1444.0,1444.0,1444.0,0.0,0.0,40.0
2018-06-01 10:35:00,1444.0,1444.0,1444.0,1444.0,0.0,0.0,40.0
2018-06-01 10:40:00,1444.0,1444.0,1444.0,1444.0,0.0,0.0,40.0
2018-06-01 10:45:00,1444.0,1444.0,1444.0,1444.0,0.0,0.0,40.0
2018-06-01 10:50:00,1444.0,1444.0,1444.0,1444.0,0.0,0.0,40.0
2018-06-01 10:55:00,1444.0,1444.0,1444.0,1444.0,0.0,0.0,40.0
2018-06-01 11:00:00,1444.0,1444.0,1444.0,1444.0,0.0,0.0,40.0
2018-06-01 11:05:00,1444.0,1444.0,1444.0,1444.0,0.0,0.0,40.0
2018-06-01 11:10:00,1444.0,1444.0,1444.0,1444.0,0.0,0.0,40.0
2018-06-01 11:15:00,1444.0,1444.0,1444.0,1444.0,0.0,0.0,40.0
2018-06-01 11:20:00,1444.0,1444.0,1444.0,1444.0,0.0,0.0,40.0
2018-06-01 11:25:00,1444.0,1444.0,1444.0,1444.0,0.0,0.0,40.0
2018-06-01 13:30:00,1444.0,1444.0,1444.0,1444.0,0.0,0.0,40.0
2018-06-01 13:35:00,1444.0,1444.0,1444.0,1444.0,0.0,0.0,40.0
2018-06-01 13:40:00,1444.0,1444.0,1444.0,1444.0,0.0,0.0,40.0
2018-06-01 13:45:00,1444.0,1444.0,1444.0,1444.0,0.0,0.0,40.0
2018-06-01 13:50:00,1444.0,1444.0,1444.0,1444.0,0.0,0.0,40.0
2018-06-01 13:55:00,1444.0,1444.0,1444.0,1444.0,0.0,0.0,40.0
2018-06-01 14:00:00,1444.0,1444.0,1444.0,1444.0,0.0,0.0,40.0
2018-06-01 14:05:00,1444.0,1444.0,1444.0,1444.0,0.0,0.0,40.0
2018-06-01 14:10:00,1444.0,1444.0,1444.0,1444.0,0.0,0.0,40.0
2018-06-01 14:15:00,1444.0,1444.0,1444.0,1444.0,0.0,0.0,40.0
2018-06-01 14:20:00,1444.0,1444.0,1444.0,1444.0,0.0,0.0,40.0
2018-06-01 14:25:00,1444.0,1444.0,1444.0,1444.0,0.0,0.0,40.0
2018-06-01 14:30:00,1444.0,1444.0,1444.0,1444.0,0.0,0.0,40.0
2018-06-01 14:35:00,1444.0,1444.0,1444.0,1444.0,0.0,0.0,40.0
2018-06-01 14:40:00,1444.0,1444.0,1444.0,1444.0,0.0,0.0,40.0
2018-06-01 14:45:00,1444.0,1444.0,1444.0,1444.0,0.0,0.0,40.0
2018-06-01 14:50:00,1444.0,1444.0,1444.0,1444.0,0.0,0.0,40.0
2018-06-01 14:55:00,1444.0,1444.0,1444.0,1444.0,0.0,0.0,40.0
2018-06-01 21:00:00,1451.0,1451.0,1451.0,1451.0,0.0,0.0,40.0
2018-06-01 21:05:00,1451.0,1451.0,1451.0,1451.0,0.0,0.0,40.0
2018-06-01 21:10:00,1451.0,1451.0,1451.0,1451.0,0.0,0.0,40.0
2018-06-01 21:15:00,1451.0,1451.0,1451.0,1451.0,0.0,0.0,40.0
2018-06-01 21:20:00,1451.0,1451.0,1451.0,1451.0,0.0,0.0,40.0
2018-06-01 21:25:00,1451.0,1451.0,1451.0,1451.0,0.0,0.0,40.0
2018-06-01 21:30:00,1451.0,1451.0,1451.0,1451.0,0.0,0.0,40.0
2018-06-01 21:35:00,1451.0,1451.0,1451.0,1451.0,0.0,0.0,40.0
2018-06-01 21:40:00,1451.0,1451.0,1451.0,1451.0,0.0,0.0,40.0
2018-06-01 21:45:00,1451.0,1451.0,1451.0,1451.0,0.0,0.0,40.0
2018-06-01 21:50:00,1451.0,1451.0,1451.0,1451.0,0.0,0.0,40.0
2018-06-01 21:55:00,1451.0,1451.0,1451.0,1451.0,0.0,0.0,40.0
2018-06-01 22:00:00,1451.0,1451.0,1451.0,1451.0,0.0,0.0,40.0
2018-06-01 22:05:00,1451.0,1451.0,1451.0,1451.0,0.0,0.0,40.0
2018-06-01 22:10:00,1451.0,1451.0,1451.0,1451.0,0.0,0.0,40.0
2018-06-01 22:15:00,1451.0,1451.0,1451.0,1451.0,0.0,0.0,40.0
2018-06-01 22:20:00,1451.0,1451.0,1451.0,1451.0,0.0,0.0,40.0
2018-06-01 22:25:00,1451.0,1451.0,1451.0,1451.0,0.0,0.0,40.0
2018-06-01 22:30:00,1451.0,1451.0,1451.0,1451.0,0.0,0.0,40.0
2018-06-01 22:35:00,1451.0,1451.0,1451.0,1451.0,0.0,0.0,40.0
2018-06-01 22:40:00,1451.0,1451.0,1451.0,1451.0,0.0,0.0,40.0
2018-06-01 22:45:00,1451.0,1451.0,1451.0,1451.0,0.0,0.0,40.0
2018-06-01 22:50:00,1451.0,1451.0,1451.0,1451.0,0.0,0.0,40.0
2018-06-01 22:55:00,1451.0,1451.0,1451.0,1451.0,0.0,0.0,40.0
2018-06-01 23:00:00,1451.0,1451.0,1451.0,1451.0,0.0,0.0,40.0
2018-06-01 23:05:00,1451.0,1451.0,1451.0,1451.0,0.0,0.0,40.0
2018-06-01 23:10:00,1451.0,1451.0,1451.0,1451.0,0.0,0.0,40.0
2018-06-01 23:15:00,1451.0,1451.0,1451.0,1451.0,0.0,0.0,40.0
2018-06-01 23:20:00,1451.0,1451.0,1451.0,1451.0,0.0,0.0,40.0
2018-06-01 23:25:00,1451.0,1451.0,1451.0,1451.0,0.0,0.0,40.0
2018-06-04 09:00:00,1451.0,1461.0,1451.0,1461.0,2.0,58440.0,40.0
2018-06-04 09:05:00,1461.0,1461.0,1461.0,1461.0,0.0,0.0,40.0
2018-06-04 09:10:00,1461.0,1461.0,1461.0,1461.0,0.0,0.0,40.0
2018-06-04 09:15:00,1461.0,1461.0,1461.0,1461.0,0.0,0.0,40.0
2018-06-04 09:20:00,1461.0,1461.0,1461.0,1461.0,0.0,0.0,40.0
2018-06-04 09:25:00,1461.0,1461.0,1461.0,1461.0,0.0,0.0,40.0
2018-06-04 09:30:00,1461.0,1461.0,1461.0,1461.0,0.0,0.0,40.0
2018-06-04 09:35:00,1461.0,1461.0,1461.0,1461.0,0.0,0.0,40.0
2018-06-04 09:40:00,1461.0,1461.0,1461.0,1461.0,0.0,0.0,40.0
2018-06-04 09:45:00,1461.0,1461.0,1461.0,1461.0,0.0,0.0,40.0
2018-06-04 09:50:00,1461.0,1461.0,1461.0,1461.0,0.0,0.0,40.0
2018-06-04 09:55:00,1461.0,1461.0,1461.0,1461.0,0.0,0.0,40.0
2018-06-04 10:00:00,1461.0,1461.0,1461.0,1461.0,0.0,0.0,40.0
2018-06-04 10:05:00,1461.0,1461.0,1461.0,1461.0,0.0,0.0,40.0
2018-06-04 10:10:00,1461.0,1461.0,1461.0,1461.0,0.0,0.0,40.0
2018-06-04 10:30:00,1461.0,1461.0,1461.0,1461.0,0.0,0.0,40.0
2018-06-04 10:35:00,1461.0,1461.0,1461.0,1461.0,0.0,0.0,40.0
2018-06-04 10:40:00,1461.0,1461.0,1461.0,1461.0,0.0,0.0,40.0
2018-06-04 10:45:00,1461.0,1461.0,1461.0,1461.0,0.0,0.0,40.0
2018-06-04 10:50:00,1461.0,1461.0,1461.0,1461.0,0.0,0.0,40.0
2018-06-04 10:55:00,1461.0,1461.0,1461.0,1461.0,0.0,0.0,40.0
2018-06-04 11:00:00,1461.0,1461.0,1461.0,1461.0,0.0,0.0,40.0
2018-06-04 11:05:00,1461.0,1461.0,1461.0,1461.0,0.0,0.0,40.0
2018-06-04 11:10:00,1461.0,1461.0,1461.0,1461.0,0.0,0.0,40.0
2018-06-04 11:15:00,1461.0,1461.0,1461.0,1461.0,0.0,0.0,40.0
2018-06-04 11:20:00,1461.0,1461.0,1461.0,1461.0,0.0,0.0,40.0
2018-06-04 11:25:00,1461.0,1461.0,1461.0,1461.0,0.0,0.0,40.0
2018-06-04 13:30:00,1461.0,1461.0,1461.0,1461.0,0.0,0.0,40.0
2018-06-04 13:35:00,1461.0,1461.0,1461.0,1461.0,0.0,0.0,40.0
2018-06-04 13:40:00,1461.0,1461.0,1461.0,1461.0,0.0,0.0,40.0
2018-06-04 13:45:00,1461.0,1461.0,1461.0,1461.0,0.0,0.0,40.0
2018-06-04 13:50:00,1461.0,1461.0,1461.0,1461.0,0.0,0.0,40.0
2018-06-04 13:55:00,1461.0,1461.0,1461.0,1461.0,0.0,0.0,40.0
2018-06-04 14:00:00,1461.0,1461.0,1461.0,1461.0,0.0,0.0,40.0
2018-06-04 14:05:00,1461.0,1461.0,1461.0,1461.0,0.0,0.0,40.0
2018-06-04 14:10:00,1461.0,1461.0,1461.0,1461.0,0.0,0.0,40.0
2018-06-04 14:15:00,1461.0,1461.0,1461.0,1461.0,0.0,0.0,40.0
2018-06-04 14:20:00,1461.0,1461.0,1461.0,1461.0,0.0,0.0,40.0
2018-06-04 14:25:00,1461.0,1461.0,1461.0,1461.0,0.0,0.0,40.0
2018-06-04 14:30:00,1461.0,1461.0,1461.0,1461.0,0.0,0.0,40.0
2018-06-04 14:35:00,1461.0,1461.0,1461.0,1461.0,0.0,0.0,40.0
2018-06-04 14:40:00,1461.0,1461.0,1461.0,1461.0,0.0,0.0,40.0
2018-06-04 14:45:00,1461.0,1461.0,1461.0,1461.0,0.0,0.0,40.0
2018-06-04 14:50:00,1461.0,1461.0,1461.0,1461.0,0.0,0.0,40.0
2018-06-04 14:55:00,1461.0,1461.0,1461.0,1461.0,0.0,0.0,40.0
2018-06-04 21:00:00,1461.0,1461.0,1461.0,1461.0,0.0,0.0,40.0
2018-06-04 21:05:00,1461.0,1461.0,1461.0,1461.0,0.0,0.0,40.0
2018-06-04 21:10:00,1461.0,1461.0,1461.0,1461.0,0.0,0.0,40.0
2018-06-04 21:15:00,1461.0,1461.0,1461.0,1461.0,0.0,0.0,40.0
2018-06-04 21:20:00,1461.0,1461.0,1461.0,1461.0,0.0,0.0,40.0
2018-06-04 21:25:00,1461.0,1461.0,1461.0,1461.0,0.0,0.0,40.0
2018-06-04 21:30:00,1461.0,1461.0,1461.0,1461.0,0.0,0.0,40.0
2018-06-04 21:35:00,1461.0,1461.0,1461.0,1461.0,0.0,0.0,40.0
2018-06-04 21:40:00,1461.0,1461.0,1461.0,1461.0,0.0,0.0,40.0
2018-06-04 21:45:00,1461.0,1461.0,1461.0,1461.0,0.0,0.0,40.0
2018-06-04 21:50:00,1461.0,1461.0,1461.0,1461.0,0.0,0.0,40.0
2018-06-04 21:55:00,1461.0,1461.0,1461.0,1461.0,0.0,0.0,40.0
2018-06-04 22:00:00,1461.0,1461.0,1461.0,1461.0,0.0,0.0,40.0
2018-06-04 22:05:00,1461.0,1461.0,1461.0,1461.0,0.0,0.0,40.0
2018-06-04 22:10:00,1461.0,1461.0,1461.0,1461.0,0.0,0.0,40.0
2018-06-04 22:15:00,1461.0,1461.0,1461.0,1461.0,0.0,0.0,40.0
2018-06-04 22:20:00,1461.0,1461.0,1461.0,1461.0,0.0,0.0,40.0
2018-06-04 22:25:00,1461.0,1461.0,1461.0,1461.0,0.0,0.0,40.0
2018-06-04 22:30:00,1461.0,1461.0,1461.0,1461.0,0.0,0.0,40.0
2018-06-04 22:35:00,1461.0,1461.0,1461.0,1461.0,0.0,0.0,40.0
2018-06-04 22:40:00,1461.0,1461.0,1461.0,1461.0,0.0,0.0,40.0
2018-06-04 22:45:00,1461.0,1461.0,1461.0,1461.0,0.0,0.0,40.0
2018-06-04 22:50:00,1461.0,1461.0,1461.0,1461.0,0.0,0.0,40.0
2018-06-04 22:55:00,1461.0,1461.0,1461.0,1461.0,0.0,0.0,40.0
2018-06-04 23:00:00,1461.0,1461.0,1461.0,1461.0,0.0,0.0,40.0
2018-06-04 23:05:00,1461.0,1461.0,1461.0,1461.0,0.0,0.0,40.0
2018-06-04 23:10:00,1461.0,1461.0,1461.0,1461.0,0.0,0.0,40.0
2018-06-04 23:15:00,1461.0,1461.0,1461.0,1461.0,0.0,0.0,40.0
2018-06-04 23:20:00,1461.0,1461.0,1461.0,1461.0,0.0,0.0,40.0
2018-06-04 23:25:00,1461.0,1461.0,1461.0,1461.0,0.0,0.0,40.0
2018-06-05 09:00:00,1461.0,1461.0,1461.0,1461.0,0.0,0.0,40.0
2018-06-05 09:05:00,1461.0,1461.0,1461.0,1461.0,0.0,0.0,40.0
2018-06-05 09:10:00,1461.0,1461.0,1461.0,1461.0,0.0,0.0,40.0
2018-06-05 09:15:00,1461.0,1461.0,1461.0,1461.0,0.0,0.0,40.0
2018-06-05 09:20:00,1461.0,1461.0,1461.0,1461.0,0.0,0.0,40.0
2018-06-05 09:25:00,1461.0,1461.0,1461.0,1461.0,0.0,0.0,40.0
2018-06-05 09:30:00,1461.0,1461.0,1461.0,1461.0,0.0,0.0,40.0
2018-06-05 09:35:00,1461.0,1461.0,1461.0,1461.0,0.0,0.0,40.0
2018-06-05 09:40:00,1461.0,1461.0,1461.0,1461.0,0.0,0.0,40.0
2018-06-05 09:45:00,1461.0,1461.0,1461.0,1461.0,0.0,0.0,40.0
2018-06-05 09:50:00,1461.0,1461.0,1461.0,1461.0,0.0,0.0,40.0
2018-06-05 09:55:00,1461.0,1461.0,1461.0,1461.0,0.0,0.0,40.0
2018-06-05 10:00:00,1461.0,1461.0,1461.0,1461.0,0.0,0.0,40.0
2018-06-05 10:05:00,1461.0,1461.0,1461.0,1461.0,0.0,0.0,40.0
2018-06-05 10:10:00,1461.0,1461.0,1461.0,1461.0,0.0,0.0,40.0
2018-06-05 10:30:00,1461.0,1461.0,1461.0,1461.0,0.0,0.0,40.0
2018-06-05 10:35:00,1461.0,1461.0,1461.0,1461.0,0.0,0.0,40.0
2018-06-05 10:40:00,1461.0,1461.0,1461.0,1461.0,0.0,0.0,40.0
2018-06-05 10:45:00,1461.0,1461.0,1461.0,1461.0,0.0,0.0,40.0
2018-06-05 10:50:00,1461.0,1461.0,1461.0,1461.0,0.0,0.0,40.0
2018-06-05 10:55:00,1461.0,1461.0,1461.0,1461.0,0.0,0.0,40.0
2018-06-05 11:00:00,1461.0,1461.0,1461.0,1461.0,0.0,0.0,40.0
2018-06-05 11:05:00,1461.0,1461.0,1461.0,1461.0,0.0,0.0,40.0
2018-06-05 11:10:00,1461.0,1461.0,1461.0,1461.0,0.0,0.0,40.0
2018-06-05 11:15:00,1461.0,1461.0,1461.0,1461.0,0.0,0.0,40.0
2018-06-05 11:20:00,1461.0,1461.0,1461.0,1461.0,0.0,0.0,40.0
2018-06-05 11:25:00,1461.0,1461.0,1461.0,1461.0,0.0,0.0,40.0
2018-06-05 13:30:00,1461.0,1461.0,1461.0,1461.0,0.0,0.0,40.0
2018-06-05 13:35:00,1461.0,1461.0,1461.0,1461.0,0.0,0.0,40.0
2018-06-05 13:40:00,1461.0,1461.0,1461.0,1461.0,0.0,0.0,40.0
2018-06-05 13:45:00,1461.0,1461.0,1461.0,1461.0,0.0,0.0,40.0
2018-06-05 13:50:00,1461.0,1461.0,1461.0,1461.0,0.0,0.0,40.0
2018-06-05 13:55:00,1461.0,1461.0,1461.0,1461.0,0.0,0.0,40.0
2018-06-05 14:00:00,1461.0,1461.0,1461.0,1461.0,0.0,0.0,40.0
2018-06-05 14:05:00,1461.0,1461.0,1461.0,1461.0,0.0,0.0,40.0
2018-06-05 14:10:00,1461.0,1461.0,1461.0,1461.0,0.0,0.0,40.0
2018-06-05 14:15:00,1461.0,1461.0,1461.0,1461.0,0.0,0.0,40.0
2018-06-05 14:20:00,1461.0,1461.0,1461.0,1461.0,0.0,0.0,40.0
2018-06-05 14:25:00,1461.0,1461.0,1461.0,1461.0,0.0,0.0,40.0
2018-06-05 14:30:00,1461.0,1461.0,1461.0,1461.0,0.0,0.0,40.0
2018-06-05 14:35:00,1461.0,1461.0,1461.0,1461.0,0.0,0.0,40.0
2018-06-05 14:40:00,1461.0,1461.0,1461.0,1461.0,0.0,0.0,40.0
2018-06-05 14:45:00,1461.0,1461.0,1461.0,1461.0,0.0,0.0,40.0
2018-06-05 14:50:00,1461.0,1461.0,1461.0,1461.0,0.0,0.0,40.0
2018-06-05 14:55:00,1461.0,1461.0,1461.0,1461.0,0.0,0.0,40.0
2018-06-05 21:00:00,1461.0,1461.0,1461.0,1461.0,0.0,0.0,40.0
2018-06-05 21:05:00,1461.0,1461.0,1461.0,1461.0,0.0,0.0,40.0
2018-06-05 21:10:00,1461.0,1461.0,1461.0,1461.0,0.0,0.0,40.0
2018-06-05 21:15:00,1461.0,1461.0,1461.0,1461.0,0.0,0.0,40.0
2018-06-05 21:20:00,1461.0,1461.0,1461.0,1461.0,0.0,0.0,40.0
2018-06-05 21:25:00,1461.0,1461.0,1461.0,1461.0,0.0,0.0,40.0
2018-06-05 21:30:00,1461.0,1461.0,1461.0,1461.0,0.0,0.0,40.0
2018-06-05 21:35:00,1461.0,1461.0,1461.0,1461.0,0.0,0.0,40.0
2018-06-05 21:40:00,1461.0,1461.0,1461.0,1461.0,0.0,0.0,40.0
2018-06-05 21:45:00,1461.0,1461.0,1461.0,1461.0,0.0,0.0,40.0
2018-06-05 21:50:00,1461.0,1461.0,1461.0,1461.0,0.0,0.0,40.0
2018-06-05 21:55:00,1461.0,1461.0,1461.0,1461.0,0.0,0.0,40.0
2018-06-05 22:00:00,1461.0,1461.0,1461.0,1461.0,0.0,0.0,40.0
2018-06-05 22:05:00,1461.0,1461.0,1461.0,1461.0,0.0,0.0,40.0
2018-06-05 22:10:00,1461.0,1461.0,1461.0,1461.0,0.0,0.0,40.0
2018-06-05 22:15:00,1461.0,1461.0,1461.0,1461.0,0.0,0.0,40.0
2018-06-05 22:20:00,1461.0,1461.0,1461.0,1461.0,0.0,0.0,40.0
2018-06-05 22:25:00,1461.0,1461.0,1461.0,1461.0,0.0,0.0,40.0
2018-06-05 22:30:00,1461.0,1461.0,1461.0,1461.0,0.0,0.0,40.0
2018-06-05 22:35:00,1461.0,1461.0,1461.0,1461.0,0.0,0.0,40.0
2018-06-05 22:40:00,1461.0,1461.0,1461.0,1461.0,0.0,0.0,40.0
2018-06-05 22:45:00,1461.0,1461.0,1461.0,1461.0,0.0,0.0,40.0
2018-06-05 22:50:00,1461.0,1461.0,1461.0,1461.0,0.0,0.0,40.0
2018-06-05 22:55:00,1461.0,1461.0,1461.0,1461.0,0.0,0.0,40.0
2018-06-05 23:00:00,1461.0,1461.0,1461.0,1461.0,0.0,0.0,40.0
2018-06-05 23:05:00,1461.0,1461.0,1461.0,1461.0,0.0,0.0,40.0
2018-06-05 23:10:00,1461.0,1461.0,1461.0,1461.0,0.0,0.0,40.0
2018-06-05 23:15:00,1461.0,1461.0,1461.0,1461.0,0.0,0.0,40.0
2018-06-05 23:20:00,1461.0,1461.0,1461.0,1461.0,0.0,0.0,40.0
2018-06-05 23:25:00,1461.0,1461.0,1461.0,1461.0,0.0,0.0,40.0
2018-06-06 09:00:00,1461.0,1461.0,1461.0,1461.0,0.0,0.0,40.0
2018-06-06 09:05:00,1461.0,1461.0,1461.0,1461.0,0.0,0.0,40.0
2018-06-06 09:10:00,1461.0,1461.0,1461.0,1461.0,0.0,0.0,40.0
2018-06-06 09:15:00,1461.0,1461.0,1461.0,1461.0,0.0,0.0,40.0
2018-06-06 09:20:00,1461.0,1461.0,1461.0,1461.0,0.0,0.0,40.0
2018-06-06 09:25:00,1461.0,1461.0,1461.0,1461.0,0.0,0.0,40.0
2018-06-06 09:30:00,1461.0,1461.0,1461.0,1461.0,0.0,0.0,40.0
2018-06-06 09:35:00,1461.0,1461.0,1461.0,1461.0,0.0,0.0,40.0
2018-06-06 09:40:00,1461.0,1461.0,1461.0,1461.0,0.0,0.0,40.0
2018-06-06 09:45:00,1461.0,1461.0,1461.0,1461.0,0.0,0.0,40.0
2018-06-06 09:50:00,1461.0,1461.0,1461.0,1461.0,0.0,0.0,40.0
2018-06-06 09:55:00,1461.0,1461.0,1461.0,1461.0,0.0,0.0,40.0
2018-06-06 10:00:00,1461.0,1461.0,1461.0,1461.0,0.0,0.0,40.0
2018-06-06 10:05:00,1461.0,1461.0,1461.0,1461.0,0.0,0.0,40.0
2018-06-06 10:10:00,1461.0,1461.0,1461.0,1461.0,0.0,0.0,40.0
2018-06-06 10:30:00,1461.0,1461.0,1461.0,1461.0,0.0,0.0,40.0
2018-06-06 10:35:00,1461.0,1461.0,1461.0,1461.0,0.0,0.0,40.0
2018-06-06 10:40:00,1461.0,1461.0,1461.0,1461.0,0.0,0.0,40.0
2018-06-06 10:45:00,1461.0,1461.0,1461.0,1461.0,0.0,0.0,40.0
2018-06-06 10:50:00,1461.0,1461.0,1461.0,1461.0,0.0,0.0,40.0
2018-06-06 10:55:00,1461.0,1461.0,1461.0,1461.0,0.0,0.0,40.0
2018-06-06 11:00:00,1461.0,1461.0,1461.0,1461.0,0.0,0.0,40.0
2018-06-06 11:05:00,1461.0,1461.0,1461.0,1461.0,0.0,0.0,40.0
2018-06-06 11:10:00,1461.0,1461.0,1461.0,1461.0,0.0,0.0,40.0
2018-06-06 11:15:00,1461.0,1461.0,1461.0,1461.0,0.0,0.0,40.0
2018-06-06 11:20:00,1461.0,1461.0,1461.0,1461.0,0.0,0.0,40.0
2018-06-06 11:25:00,1461.0,1461.0,1461.0,1461.0,0.0,0.0,40.0
2018-06-06 13:30:00,1461.0,1461.0,1461.0,1461.0,0.0,0.0,40.0
2018-06-06 13:35:00,1461.0,1461.0,1461.0,1461.0,0.0,0.0,40.0
2018-06-06 13:40:00,1461.0,1461.0,1461.0,1461.0,0.0,0.0,40.0
2018-06-06 13:45:00,1461.0,1461.0,1461.0,1461.0,0.0,0.0,40.0
2018-06-06 13:50:00,1461.0,1461.0,1461.0,1461.0,0.0,0.0,40.0
2018-06-06 13:55:00,1461.0,1461.0,1461.0,1461.0,0.0,0.0,40.0
2018-06-06 14:00:00,1461.0,1461.0,1461.0,1461.0,0.0,0.0,40.0
2018-06-06 14:05:00,1461.0,1461.0,1461.0,1461.0,0.0,0.0,40.0
2018-06-06 14:10:00,1461.0,1461.0,1461.0,1461.0,0.0,0.0,40.0
2018-06-06 14:15:00,1461.0,1461.0,1461.0,1461.0,0.0,0.0,40.0
2018-06-06 14:20:00,1461.0,1461.0,1461.0,1461.0,0.0,0.0,40.0
2018-06-06 14:25:00,1461.0,1461.0,1461.0,1461.0,0.0,0.0,40.0
2018-06-06 14:30:00,1461.0,1461.0,1461.0,1461.0,0.0,0.0,40.0
2018-06-06 14:35:00,1461.0,1461.0,1461.0,1461.0,0.0,0.0,40.0
2018-06-06 14:40:00,1461.0,1461.0,1461.0,1461.0,0.0,0.0,40.0
2018-06-06 14:45:00,1461.0,1461.0,1461.0,1461.0,0.0,0.0,40.0
2018-06-06 14:50:00,1461.0,1461.0,1461.0,1461.0,0.0,0.0,40.0
2018-06-06 14:55:00,1461.0,1461.0,1461.0,1461.0,0.0,0.0,40.0
2018-06-06 21:00:00,1461.0,1461.0,1461.0,1461.0,0.0,0.0,40.0
2018-06-06 21:05:00,1461.0,1461.0,1461.0,1461.0,0.0,0.0,40.0
2018-06-06 21:10:00,1461.0,1461.0,1461.0,1461.0,0.0,0.0,40.0
2018-06-06 21:15:00,1461.0,1461.0,1461.0,1461.0,0.0,0.0,40.0
2018-06-06 21:20:00,1461.0,1461.0,1461.0,1461.0,0.0,0.0,40.0
2018-06-06 21:25:00,1461.0,1461.0,1461.0,1461.0,0.0,0.0,40.0
2018-06-06 21:30:00,1461.0,1461.0,1461.0,1461.0,0.0,0.0,40.0
2018-06-06 21:35:00,1461.0,1465.0,1461.0,1465.0,4.0,117200.0,42.0
2018-06-06 21:40:00,1465.0,1465.0,1465.0,1465.0,0.0,0.0,42.0
2018-06-06 21:45:00,1465.0,1465.0,1465.0,1465.0,0.0,0.0,42.0
2018-06-06 21:50:00,1465.0,1465.0,1445.0,1445.0,2.0,57760.0,42.0
2018-06-06 21:55:00,1445.0,1445.0,1445.0,1445.0,0.0,0.0,42.0
2018-06-06 22:00:00,1445.0,1445.0,1445.0,1445.0,0.0,0.0,42.0
2018-06-06 22:05:00,1445.0,1445.0,1445.0,1445.0,0.0,0.0,42.0
2018-06-06 22:10:00,1445.0,1445.0,1445.0,1445.0,0.0,0.0,42.0
2018-06-06 22:15:00,1445.0,1445.0,1445.0,1445.0,0.0,0.0,42.0
2018-06-06 22:20:00,1445.0,1445.0,1445.0,1445.0,0.0,0.0,42.0
2018-06-06 22:25:00,1445.0,1445.0,1445.0,1445.0,0.0,0.0,42.0
2018-06-06 22:30:00,1445.0,1445.0,1445.0,1445.0,0.0,0.0,42.0
2018-06-06 22:35:00,1445.0,1445.0,1445.0,1445.0,0.0,0.0,42.0
2018-06-06 22:40:00,1445.0,1445.0,1445.0,1445.0,0.0,0.0,42.0
2018-06-06 22:45:00,1445.0,1445.0,1445.0,1445.0,0.0,0.0,42.0
2018-06-06 22:50:00,1445.0,1445.0,1445.0,1445.0,0.0,0.0,42.0
2018-06-06 22:55:00,1445.0,1445.0,1445.0,1445.0,0.0,0.0,42.0
2018-06-06 23:00:00,1445.0,1445.0,1445.0,1445.0,0.0,0.0,42.0
2018-06-06 23:05:00,1445.0,1445.0,1445.0,1445.0,0.0,0.0,42.0
2018-06-06 23:10:00,1445.0,1445.0,1445.0,1445.0,0.0,0.0,42.0
2018-06-06 23:15:00,1445.0,1445.0,1441.0,1441.0,2.0,57680.0,44.0
2018-06-06 23:20:00,1441.0,1441.0,1441.0,1441.0,0.0,0.0,44.0
2018-06-06 23:25:00,1441.0,1441.0,1441.0,1441.0,0.0,0.0,44.0
2018-06-07 09:00:00,1441.0,1441.0,1441.0,1441.0,0.0,0.0,44.0
2018-06-07 09:05:00,1441.0,1441.0,1441.0,1441.0,0.0,0.0,44.0
2018-06-07 09:10:00,1441.0,1441.0,1441.0,1441.0,0.0,0.0,44.0
2018-06-07 09:15:00,1441.0,1441.0,1441.0,1441.0,0.0,0.0,44.0
2018-06-07 09:20:00,1441.0,1441.0,1441.0,1441.0,0.0,0.0,44.0
2018-06-07 09:25:00,1470.0,1470.0,1470.0,1470.0,2.0,58760.0,42.0
2018-06-07 09:30:00,1470.0,1470.0,1470.0,1470.0,0.0,0.0,42.0
2018-06-07 09:35:00,1470.0,1470.0,1470.0,1470.0,0.0,0.0,42.0
2018-06-07 09:40:00,1470.0,1470.0,1470.0,1470.0,0.0,0.0,42.0
2018-06-07 09:45:00,1470.0,1470.0,1470.0,1470.0,0.0,0.0,42.0
2018-06-07 09:50:00,1470.0,1470.0,1470.0,1470.0,0.0,0.0,42.0
2018-06-07 09:55:00,1470.0,1470.0,1470.0,1470.0,0.0,0.0,42.0
2018-06-07 10:00:00,1470.0,1470.0,1470.0,1470.0,0.0,0.0,42.0
2018-06-07 10:05:00,1470.0,1470.0,1470.0,1470.0,0.0,0.0,42.0
2018-06-07 10:10:00,1470.0,1470.0,1470.0,1470.0,0.0,0.0,42.0
2018-06-07 10:30:00,1470.0,1470.0,1470.0,1470.0,0.0,0.0,42.0
2018-06-07 10:35:00,1470.0,1470.0,1470.0,1470.0,0.0,0.0,42.0
2018-06-07 10:40:00,1470.0,1470.0,1470.0,1470.0,0.0,0.0,42.0
2018-06-07 10:45:00,1470.0,1470.0,1470.0,1470.0,0.0,0.0,42.0
2018-06-07 10:50:00,1470.0,1470.0,1470.0,1470.0,0.0,0.0,42.0
2018-06-07 10:55:00,1470.0,1470.0,1470.0,1470.0,0.0,0.0,42.0
2018-06-07 11:00:00,1470.0,1470.0,1470.0,1470.0,0.0,0.0,42.0
2018-06-07 11:05:00,1470.0,1470.0,1470.0,1470.0,0.0,0.0,42.0
2018-06-07 11:10:00,1470.0,1470.0,1470.0,1470.0,0.0,0.0,42.0
2018-06-07 11:15:00,1470.0,1470.0,1470.0,1470.0,0.0,0.0,42.0
2018-06-07 11:20:00,1470.0,1470.0,1470.0,1470.0,0.0,0.0,42.0
2018-06-07 11:25:00,1470.0,1470.0,1470.0,1470.0,0.0,0.0,42.0
2018-06-07 13:30:00,1470.0,1470.0,1470.0,1470.0,0.0,0.0,42.0
2018-06-07 13:35:00,1470.0,1470.0,1470.0,1470.0,0.0,0.0,42.0
2018-06-07 13:40:00,1470.0,1470.0,1470.0,1470.0,0.0,0.0,42.0
2018-06-07 13:45:00,1470.0,1470.0,1470.0,1470.0,0.0,0.0,42.0
2018-06-07 13:50:00,1470.0,1470.0,1470.0,1470.0,0.0,0.0,42.0
2018-06-07 13:55:00,1470.0,1470.0,1470.0,1470.0,0.0,0.0,42.0
2018-06-07 14:00:00,1470.0,1470.0,1470.0,1470.0,0.0,0.0,42.0
2018-06-07 14:05:00,1470.0,1470.0,1470.0,1470.0,0.0,0.0,42.0
2018-06-07 14:10:00,1470.0,1470.0,1470.0,1470.0,0.0,0.0,42.0
2018-06-07 14:15:00,1470.0,1470.0,1470.0,1470.0,0.0,0.0,42.0
2018-06-07 14:20:00,1470.0,1470.0,1470.0,1470.0,0.0,0.0,42.0
2018-06-07 14:25:00,1470.0,1470.0,1470.0,1470.0,0.0,0.0,42.0
2018-06-07 14:30:00,1470.0,1470.0,1470.0,1470.0,0.0,0.0,42.0
2018-06-07 14:35:00,1470.0,1470.0,1470.0,1470.0,0.0,0.0,42.0
2018-06-07 14:40:00,1470.0,1470.0,1470.0,1470.0,0.0,0.0,42.0
2018-06-07 14:45:00,1470.0,1470.0,1470.0,1470.0,0.0,0.0,42.0
2018-06-07 14:50:00,1470.0,1470.0,1470.0,1470.0,0.0,0.0,42.0
2018-06-07 14:55:00,1470.0,1470.0,1470.0,1470.0,0.0,0.0,42.0
2018-06-07 21:00:00,1457.0,1457.0,1457.0,1457.0,0.0,0.0,42.0
2018-06-07 21:05:00,1457.0,1457.0,1457.0,1457.0,0.0,0.0,42.0
2018-06-07 21:10:00,1457.0,1457.0,1457.0,1457.0,0.0,0.0,42.0
2018-06-07 21:15:00,1457.0,1457.0,1457.0,1457.0,0.0,0.0,42.0
2018-06-07 21:20:00,1457.0,1457.0,1457.0,1457.0,0.0,0.0,42.0
2018-06-07 21:25:00,1457.0,1457.0,1457.0,1457.0,0.0,0.0,42.0
2018-06-07 21:30:00,1457.0,1457.0,1457.0,1457.0,0.0,0.0,42.0
2018-06-07 21:35:00,1457.0,1457.0,1457.0,1457.0,0.0,0.0,42.0
2018-06-07 21:40:00,1457.0,1457.0,1457.0,1457.0,0.0,0.0,42.0
2018-06-07 21:45:00,1457.0,1457.0,1457.0,1457.0,0.0,0.0,42.0
2018-06-07 21:50:00,1457.0,1457.0,1457.0,1457.0,0.0,0.0,42.0
2018-06-07 21:55:00,1457.0,1457.0,1457.0,1457.0,0.0,0.0,42.0
2018-06-07 22:00:00,1457.0,1457.0,1457.0,1457.0,0.0,0.0,42.0
2018-06-07 22:05:00,1457.0,1457.0,1457.0,1457.0,0.0,0.0,42.0
2018-06-07 22:10:00,1457.0,1457.0,1457.0,1457.0,0.0,0.0,42.0
2018-06-07 22:15:00,1457.0,1457.0,1457.0,1457.0,0.0,0.0,42.0
2018-06-07 22:20:00,1457.0,1457.0,1457.0,1457.0,0.0,0.0,42.0
2018-06-07 22:25:00,1457.0,1457.0,1457.0,1457.0,0.0,0.0,42.0
2018-06-07 22:30:00,1457.0,1457.0,1457.0,1457.0,0.0,0.0,42.0
2018-06-07 22:35:00,1457.0,1457.0,1457.0,1457.0,0.0,0.0,42.0
2018-06-07 22:40:00,1457.0,1457.0,1457.0,1457.0,0.0,0.0,42.0
2018-06-07 22:45:00,1457.0,1457.0,1457.0,1457.0,0.0,0.0,42.0
2018-06-07 22:50:00,1457.0,1457.0,1457.0,1457.0,0.0,0.0,42.0
2018-06-07 22:55:00,1457.0,1457.0,1457.0,1457.0,0.0,0.0,42.0
2018-06-07 23:00:00,1457.0,1457.0,1457.0,1457.0,0.0,0.0,42.0
2018-06-07 23:05:00,1457.0,1457.0,1457.0,1457.0,0.0,0.0,42.0
2018-06-07 23:10:00,1457.0,1457.0,1457.0,1457.0,0.0,0.0,42.0
2018-06-07 23:15:00,1457.0,1457.0,1457.0,1457.0,0.0,0.0,42.0
2018-06-07 23:20:00,1457.0,1457.0,1457.0,1457.0,0.0,0.0,42.0
2018-06-07 23:25:00,1457.0,1457.0,1457.0,1457.0,0.0,0.0,42.0
2018-06-08 09:00:00,1457.0,1457.0,1457.0,1457.0,0.0,0.0,42.0
2018-06-08 09:05:00,1457.0,1457.0,1457.0,1457.0,0.0,0.0,42.0
2018-06-08 09:10:00,1457.0,1457.0,1457.0,1457.0,0.0,0.0,42.0
2018-06-08 09:15:00,1457.0,1457.0,1457.0,1457.0,0.0,0.0,42.0
2018-06-08 09:20:00,1457.0,1457.0,1457.0,1457.0,0.0,0.0,42.0
2018-06-08 09:25:00,1457.0,1457.0,1457.0,1457.0,0.0,0.0,42.0
2018-06-08 09:30:00,1457.0,1457.0,1457.0,1457.0,0.0,0.0,42.0
2018-06-08 09:35:00,1457.0,1457.0,1457.0,1457.0,0.0,0.0,42.0
2018-06-08 09:40:00,1457.0,1457.0,1457.0,1457.0,0.0,0.0,42.0
2018-06-08 09:45:00,1457.0,1457.0,1457.0,1457.0,0.0,0.0,42.0
2018-06-08 09:50:00,1457.0,1457.0,1457.0,1457.0,0.0,0.0,42.0
2018-06-08 09:55:00,1457.0,1457.0,1457.0,1457.0,0.0,0.0,42.0
2018-06-08 10:00:00,1457.0,1457.0,1457.0,1457.0,0.0,0.0,42.0
2018-06-08 10:05:00,1457.0,1457.0,1457.0,1457.0,0.0,0.0,42.0
2018-06-08 10:10:00,1457.0,1457.0,1457.0,1457.0,0.0,0.0,42.0
2018-06-08 10:30:00,1457.0,1457.0,1457.0,1457.0,0.0,0.0,42.0
2018-06-08 10:35:00,1457.0,1457.0,1457.0,1457.0,0.0,0.0,42.0
2018-06-08 10:40:00,1457.0,1457.0,1457.0,1457.0,0.0,0.0,42.0
2018-06-08 10:45:00,1457.0,1457.0,1457.0,1457.0,0.0,0.0,42.0
2018-06-08 10:50:00,1457.0,1457.0,1457.0,1457.0,0.0,0.0,42.0
2018-06-08 10:55:00,1457.0,1457.0,1457.0,1457.0,0.0,0.0,42.0
2018-06-08 11:00:00,1457.0,1457.0,1457.0,1457.0,0.0,0.0,42.0
2018-06-08 11:05:00,1457.0,1457.0,1457.0,1457.0,0.0,0.0,42.0
2018-06-08 11:10:00,1457.0,1457.0,1457.0,1457.0,0.0,0.0,42.0
2018-06-08 11:15:00,1457.0,1457.0,1457.0,1457.0,0.0,0.0,42.0
2018-06-08 11:20:00,1457.0,1457.0,1457.0,1457.0,0.0,0.0,42.0
2018-06-08 11:25:00,1457.0,1457.0,1457.0,1457.0,0.0,0.0,42.0
2018-06-08 13:30:00,1457.0,1457.0,1457.0,1457.0,0.0,0.0,42.0
2018-06-08 13:35:00,1457.0,1457.0,1457.0,1457.0,0.0,0.0,42.0
2018-06-08 13:40:00,1457.0,1457.0,1457.0,1457.0,0.0,0.0,42.0
2018-06-08 13:45:00,1457.0,1457.0,1457.0,1457.0,0.0,0.0,42.0
2018-06-08 13:50:00,1457.0,1457.0,1457.0,1457.0,0.0,0.0,42.0
2018-06-08 13:55:00,1457.0,1457.0,1457.0,1457.0,0.0,0.0,42.0
2018-06-08 14:00:00,1457.0,1457.0,1457.0,1457.0,0.0,0.0,42.0
2018-06-08 14:05:00,1457.0,1457.0,1457.0,1457.0,0.0,0.0,42.0
2018-06-08 14:10:00,1457.0,1457.0,1457.0,1457.0,0.0,0.0,42.0
2018-06-08 14:15:00,1457.0,1457.0,1457.0,1457.0,0.0,0.0,42.0
2018-06-08 14:20:00,1457.0,1457.0,1457.0,1457.0,0.0,0.0,42.0
2018-06-08 14:25:00,1457.0,1457.0,1457.0,1457.0,0.0,0.0,42.0
2018-06-08 14:30:00,1457.0,1457.0,1457.0,1457.0,0.0,0.0,42.0
2018-06-08 14:35:00,1457.0,1457.0,1457.0,1457.0,0.0,0.0,42.0
2018-06-08 14:40:00,1457.0,1457.0,1457.0,1457.0,0.0,0.0,42.0
2018-06-08 14:45:00,1457.0,1457.0,1457.0,1457.0,0.0,0.0,42.0
2018-06-08 14:50:00,1457.0,1457.0,1457.0,1457.0,0.0,0.0,42.0
2018-06-08 14:55:00,1457.0,1457.0,1457.0,1457.0,0.0,0.0,42.0
2018-06-08 21:00:00,1457.0,1457.0,1457.0,1457.0,0.0,0.0,42.0
2018-06-08 21:05:00,1457.0,1457.0,1457.0,1457.0,0.0,0.0,42.0
2018-06-08 21:10:00,1457.0,1457.0,1457.0,1457.0,0.0,0.0,42.0
2018-06-08 21:15:00,1457.0,1457.0,1457.0,1457.0,0.0,0.0,42.0
2018-06-08 21:20:00,1457.0,1457.0,1457.0,1457.0,0.0,0.0,42.0
2018-06-08 21:25:00,1457.0,1457.0,1457.0,1457.0,0.0,0.0,42.0
2018-06-08 21:30:00,1457.0,1457.0,1457.0,1457.0,0.0,0.0,42.0
2018-06-08 21:35:00,1457.0,1457.0,1457.0,1457.0,0.0,0.0,42.0
2018-06-08 21:40:00,1457.0,1457.0,1457.0,1457.0,0.0,0.0,42.0
2018-06-08 21:45:00,1457.0,1457.0,1457.0,1457.0,0.0,0.0,42.0
2018-06-08 21:50:00,1457.0,1457.0,1457.0,1457.0,0.0,0.0,42.0
2018-06-08 21:55:00,1457.0,1457.0,1457.0,1457.0,0.0,0.0,42.0
2018-06-08 22:00:00,1457.0,1457.0,1457.0,1457.0,0.0,0.0,42.0
2018-06-08 22:05:00,1457.0,1457.0,1457.0,1457.0,0.0,0.0,42.0
2018-06-08 22:10:00,1457.0,1457.0,1457.0,1457.0,0.0,0.0,42.0
2018-06-08 22:15:00,1457.0,1457.0,1457.0,1457.0,0.0,0.0,42.0
2018-06-08 22:20:00,1457.0,1457.0,1457.0,1457.0,0.0,0.0,42.0
2018-06-08 22:25:00,1457.0,1457.0,1457.0,1457.0,0.0,0.0,42.0
2018-06-08 22:30:00,1457.0,1457.0,1457.0,1457.0,0.0,0.0,42.0
2018-06-08 22:35:00,1457.0,1457.0,1457.0,1457.0,0.0,0.0,42.0
2018-06-08 22:40:00,1457.0,1457.0,1457.0,1457.0,0.0,0.0,42.0
2018-06-08 22:45:00,1457.0,1457.0,1457.0,1457.0,0.0,0.0,42.0
2018-06-08 22:50:00,1457.0,1457.0,1457.0,1457.0,0.0,0.0,42.0
2018-06-08 22:55:00,1457.0,1457.0,1457.0,1457.0,0.0,0.0,42.0
2018-06-08 23:00:00,1457.0,1457.0,1457.0,1457.0,0.0,0.0,42.0
2018-06-08 23:05:00,1457.0,1457.0,1457.0,1457.0,0.0,0.0,42.0
2018-06-08 23:10:00,1457.0,1457.0,1457.0,1457.0,0.0,0.0,42.0
2018-06-08 23:15:00,1457.0,1457.0,1457.0,1457.0,0.0,0.0,42.0
2018-06-08 23:20:00,1457.0,1457.0,1457.0,1457.0,0.0,0.0,42.0
2018-06-08 23:25:00,1457.0,1457.0,1457.0,1457.0,0.0,0.0,42.0
2018-06-11 09:00:00,1457.0,1457.0,1457.0,1457.0,0.0,0.0,42.0
2018-06-11 09:05:00,1457.0,1457.0,1457.0,1457.0,0.0,0.0,42.0
2018-06-11 09:10:00,1457.0,1457.0,1457.0,1457.0,0.0,0.0,42.0
2018-06-11 09:15:00,1457.0,1457.0,1457.0,1457.0,0.0,0.0,42.0
2018-06-11 09:20:00,1457.0,1457.0,1457.0,1457.0,0.0,0.0,42.0
2018-06-11 09:25:00,1457.0,1457.0,1457.0,1457.0,0.0,0.0,42.0
2018-06-11 09:30:00,1457.0,1457.0,1457.0,1457.0,0.0,0.0,42.0
2018-06-11 09:35:00,1457.0,1457.0,1457.0,1457.0,0.0,0.0,42.0
2018-06-11 09:40:00,1457.0,1457.0,1457.0,1457.0,0.0,0.0,42.0
2018-06-11 09:45:00,1457.0,1457.0,1457.0,1457.0,0.0,0.0,42.0
2018-06-11 09:50:00,1457.0,1457.0,1457.0,1457.0,0.0,0.0,42.0
2018-06-11 09:55:00,1457.0,1457.0,1457.0,1457.0,0.0,0.0,42.0
2018-06-11 10:00:00,1457.0,1457.0,1457.0,1457.0,0.0,0.0,42.0
2018-06-11 10:05:00,1457.0,1457.0,1457.0,1457.0,0.0,0.0,42.0
2018-06-11 10:10:00,1457.0,1457.0,1457.0,1457.0,0.0,0.0,42.0
2018-06-11 10:30:00,1457.0,1457.0,1457.0,1457.0,0.0,0.0,42.0
2018-06-11 10:35:00,1457.0,1479.0,1457.0,1479.0,2.0,59160.0,42.0
2018-06-11 10:40:00,1479.0,1479.0,1479.0,1479.0,0.0,0.0,42.0
2018-06-11 10:45:00,1479.0,1479.0,1479.0,1479.0,0.0,0.0,42.0
2018-06-11 10:50:00,1479.0,1479.0,1479.0,1479.0,0.0,0.0,42.0
2018-06-11 10:55:00,1479.0,1479.0,1479.0,1479.0,0.0,0.0,42.0
2018-06-11 11:00:00,1479.0,1479.0,1479.0,1479.0,0.0,0.0,42.0
2018-06-11 11:05:00,1479.0,1479.0,1479.0,1479.0,0.0,0.0,42.0
2018-06-11 11:10:00,1479.0,1479.0,1479.0,1479.0,0.0,0.0,42.0
2018-06-11 11:15:00,1479.0,1479.0,1479.0,1479.0,0.0,0.0,42.0
2018-06-11 11:20:00,1479.0,1479.0,1479.0,1479.0,0.0,0.0,42.0
2018-06-11 11:25:00,1479.0,1479.0,1479.0,1479.0,0.0,0.0,42.0
2018-06-11 13:30:00,1479.0,1479.0,1479.0,1479.0,0.0,0.0,42.0
2018-06-11 13:35:00,1479.0,1479.0,1479.0,1479.0,0.0,0.0,42.0
2018-06-11 13:40:00,1479.0,1479.0,1479.0,1479.0,2.0,59160.0,44.0
2018-06-11 13:45:00,1479.0,1479.0,1479.0,1479.0,0.0,0.0,44.0
2018-06-11 13:50:00,1479.0,1479.0,1479.0,1479.0,0.0,0.0,44.0
2018-06-11 13:55:00,1479.0,1479.0,1479.0,1479.0,0.0,0.0,44.0
2018-06-11 14:00:00,1479.0,1479.0,1479.0,1479.0,0.0,0.0,44.0
2018-06-11 14:05:00,1444.0,1476.0,1444.0,1476.0,4.0,116880.0,46.0
2018-06-11 14:10:00,1476.0,1476.0,1476.0,1476.0,0.0,0.0,46.0
2018-06-11 14:15:00,1476.0,1476.0,1456.0,1456.0,2.0,58200.0,44.0
2018-06-11 14:20:00,1456.0,1456.0,1456.0,1456.0,0.0,0.0,44.0
2018-06-11 14:25:00,1456.0,1456.0,1456.0,1456.0,0.0,0.0,44.0
2018-06-11 14:30:00,1456.0,1456.0,1456.0,1456.0,0.0,0.0,44.0
2018-06-11 14:35:00,1456.0,1456.0,1456.0,1456.0,0.0,0.0,44.0
2018-06-11 14:40:00,1456.0,1456.0,1456.0,1456.0,0.0,0.0,44.0
2018-06-11 14:45:00,1456.0,1456.0,1456.0,1456.0,0.0,0.0,44.0
2018-06-11 14:50:00,1456.0,1456.0,1456.0,1456.0,0.0,0.0,44.0
2018-06-11 14:55:00,1456.0,1456.0,1456.0,1456.0,0.0,0.0,44.0
2018-06-11 21:00:00,1467.0,1467.0,1467.0,1467.0,0.0,0.0,44.0
2018-06-11 21:05:00,1467.0,1467.0,1467.0,1467.0,0.0,0.0,44.0
2018-06-11 21:10:00,1467.0,1467.0,1467.0,1467.0,0.0,0.0,44.0
2018-06-11 21:15:00,1467.0,1467.0,1467.0,1467.0,0.0,0.0,44.0
2018-06-11 21:20:00,1467.0,1467.0,1467.0,1467.0,0.0,0.0,44.0
2018-06-11 21:25:00,1467.0,1467.0,1467.0,1467.0,0.0,0.0,44.0
2018-06-11 21:30:00,1467.0,1467.0,1467.0,1467.0,0.0,0.0,44.0
2018-06-11 21:35:00,1467.0,1467.0,1467.0,1467.0,0.0,0.0,44.0
2018-06-11 21:40:00,1467.0,1467.0,1467.0,1467.0,0.0,0.0,44.0
2018-06-11 21:45:00,1467.0,1467.0,1467.0,1467.0,0.0,0.0,44.0
2018-06-11 21:50:00,1467.0,1467.0,1467.0,1467.0,0.0,0.0,44.0
2018-06-11 21:55:00,1467.0,1467.0,1467.0,1467.0,0.0,0.0,44.0
2018-06-11 22:00:00,1467.0,1467.0,1467.0,1467.0,0.0,0.0,44.0
2018-06-11 22:05:00,1467.0,1467.0,1467.0,1467.0,0.0,0.0,44.0
2018-06-11 22:10:00,1467.0,1467.0,1467.0,1467.0,0.0,0.0,44.0
2018-06-11 22:15:00,1467.0,1467.0,1467.0,1467.0,0.0,0.0,44.0
2018-06-11 22:20:00,1467.0,1467.0,1467.0,1467.0,0.0,0.0,44.0
2018-06-11 22:25:00,1467.0,1467.0,1467.0,1467.0,0.0,0.0,44.0
2018-06-11 22:30:00,1467.0,1467.0,1467.0,1467.0,0.0,0.0,44.0
2018-06-11 22:35:00,1467.0,1467.0,1467.0,1467.0,0.0,0.0,44.0
2018-06-11 22:40:00,1467.0,1467.0,1467.0,1467.0,0.0,0.0,44.0
2018-06-11 22:45:00,1467.0,1467.0,1467.0,1467.0,0.0,0.0,44.0
2018-06-11 22:50:00,1467.0,1467.0,1467.0,1467.0,0.0,0.0,44.0
2018-06-11 22:55:00,1467.0,1467.0,1467.0,1467.0,0.0,0.0,44.0
2018-06-11 23:00:00,1467.0,1467.0,1467.0,1467.0,0.0,0.0,44.0
2018-06-11 23:05:00,1467.0,1467.0,1467.0,1467.0,0.0,0.0,44.0
2018-06-11 23:10:00,1467.0,1467.0,1467.0,1467.0,0.0,0.0,44.0
2018-06-11 23:15:00,1467.0,1467.0,1467.0,1467.0,0.0,0.0,44.0
2018-06-11 23:20:00,1467.0,1467.0,1467.0,1467.0,0.0,0.0,44.0
2018-06-11 23:25:00,1467.0,1467.0,1467.0,1467.0,0.0,0.0,44.0
2018-06-12 09:00:00,1467.0,1467.0,1467.0,1467.0,0.0,0.0,44.0
2018-06-12 09:05:00,1467.0,1467.0,1467.0,1467.0,0.0,0.0,44.0
2018-06-12 09:10:00,1467.0,1467.0,1467.0,1467.0,0.0,0.0,44.0
2018-06-12 09:15:00,1467.0,1467.0,1467.0,1467.0,0.0,0.0,44.0
2018-06-12 09:20:00,1467.0,1467.0,1467.0,1467.0,0.0,0.0,44.0
2018-06-12 09:25:00,1467.0,1467.0,1467.0,1467.0,0.0,0.0,44.0
2018-06-12 09:30:00,1467.0,1467.0,1467.0,1467.0,0.0,0.0,44.0
2018-06-12 09:35:00,1467.0,1467.0,1467.0,1467.0,0.0,0.0,44.0
2018-06-12 09:40:00,1467.0,1467.0,1467.0,1467.0,0.0,0.0,44.0
2018-06-12 09:45:00,1467.0,1467.0,1467.0,1467.0,0.0,0.0,44.0
2018-06-12 09:50:00,1467.0,1467.0,1467.0,1467.0,0.0,0.0,44.0
2018-06-12 09:55:00,1467.0,1467.0,1466.0,1466.0,2.0,58640.0,44.0
2018-06-12 10:00:00,1466.0,1466.0,1466.0,1466.0,0.0,0.0,44.0
2018-06-12 10:05:00,1466.0,1466.0,1466.0,1466.0,0.0,0.0,44.0
2018-06-12 10:10:00,1466.0,1466.0,1466.0,1466.0,0.0,0.0,44.0
2018-06-12 10:30:00,1466.0,1466.0,1466.0,1466.0,0.0,0.0,44.0
2018-06-12 10:35:00,1466.0,1466.0,1466.0,1466.0,0.0,0.0,44.0
2018-06-12 10:40:00,1466.0,1466.0,1466.0,1466.0,0.0,0.0,44.0
2018-06-12 10:45:00,1466.0,1466.0,1449.0,1449.0,2.0,58000.0,42.0
2018-06-12 10:50:00,1449.0,1449.0,1449.0,1449.0,0.0,0.0,42.0
2018-06-12 10:55:00,1449.0,1449.0,1449.0,1449.0,0.0,0.0,42.0
2018-06-12 11:00:00,1449.0,1449.0,1449.0,1449.0,0.0,0.0,42.0
2018-06-12 11:05:00,1449.0,1449.0,1449.0,1449.0,0.0,0.0,42.0
2018-06-12 11:10:00,1449.0,1449.0,1449.0,1449.0,0.0,0.0,42.0
2018-06-12 11:15:00,1449.0,1449.0,1449.0,1449.0,0.0,0.0,42.0
2018-06-12 11:20:00,1449.0,1449.0,1449.0,1449.0,0.0,0.0,42.0
2018-06-12 11:25:00,1449.0,1449.0,1449.0,1449.0,0.0,0.0,42.0
2018-06-12 13:30:00,1449.0,1449.0,1449.0,1449.0,0.0,0.0,42.0
2018-06-12 13:35:00,1449.0,1449.0,1449.0,1449.0,0.0,0.0,42.0
2018-06-12 13:40:00,1449.0,1449.0,1449.0,1449.0,0.0,0.0,42.0
2018-06-12 13:45:00,1449.0,1449.0,1449.0,1449.0,0.0,0.0,42.0
2018-06-12 13:50:00,1449.0,1449.0,1449.0,1449.0,0.0,0.0,42.0
2018-06-12 13:55:00,1449.0,1449.0,1449.0,1449.0,0.0,0.0,42.0
2018-06-12 14:00:00,1449.0,1449.0,1449.0,1449.0,0.0,0.0,42.0
2018-06-12 14:05:00,1449.0,1449.0,1449.0,1449.0,0.0,0.0,42.0
2018-06-12 14:10:00,1449.0,1449.0,1449.0,1449.0,0.0,0.0,42.0
2018-06-12 14:15:00,1449.0,1449.0,1449.0,1449.0,0.0,0.0,42.0
2018-06-12 14:20:00,1449.0,1449.0,1449.0,1449.0,0.0,0.0,42.0
2018-06-12 14:25:00,1449.0,1449.0,1449.0,1449.0,0.0,0.0,42.0
2018-06-12 14:30:00,1449.0,1449.0,1449.0,1449.0,0.0,0.0,42.0
2018-06-12 14:35:00,1449.0,1449.0,1449.0,1449.0,0.0,0.0,42.0
2018-06-12 14:40:00,1449.0,1449.0,1449.0,1449.0,0.0,0.0,42.0
2018-06-12 14:45:00,1449.0,1449.0,1449.0,1449.0,0.0,0.0,42.0
2018-06-12 14:50:00,1449.0,1449.0,1449.0,1449.0,0.0,0.0,42.0
2018-06-12 14:55:00,1449.0,1449.0,1449.0,1449.0,0.0,0.0,42.0
2018-06-12 21:00:00,1458.0,1458.0,1458.0,1458.0,0.0,0.0,42.0
2018-06-12 21:05:00,1458.0,1458.0,1458.0,1458.0,0.0,0.0,42.0
2018-06-12 21:10:00,1458.0,1458.0,1458.0,1458.0,0.0,0.0,42.0
2018-06-12 21:15:00,1458.0,1458.0,1458.0,1458.0,0.0,0.0,42.0
2018-06-12 21:20:00,1458.0,1458.0,1458.0,1458.0,0.0,0.0,42.0
2018-06-12 21:25:00,1458.0,1458.0,1458.0,1458.0,0.0,0.0,42.0
2018-06-12 21:30:00,1458.0,1458.0,1458.0,1458.0,0.0,0.0,42.0
2018-06-12 21:35:00,1458.0,1458.0,1458.0,1458.0,0.0,0.0,42.0
2018-06-12 21:40:00,1458.0,1458.0,1458.0,1458.0,0.0,0.0,42.0
2018-06-12 21:45:00,1458.0,1458.0,1458.0,1458.0,0.0,0.0,42.0
2018-06-12 21:50:00,1458.0,1458.0,1458.0,1458.0,0.0,0.0,42.0
2018-06-12 21:55:00,1458.0,1458.0,1458.0,1458.0,0.0,0.0,42.0
2018-06-12 22:00:00,1458.0,1458.0,1458.0,1458.0,0.0,0.0,42.0
2018-06-12 22:05:00,1458.0,1458.0,1458.0,1458.0,0.0,0.0,42.0
2018-06-12 22:10:00,1458.0,1458.0,1458.0,1458.0,0.0,0.0,42.0
2018-06-12 22:15:00,1458.0,1458.0,1458.0,1458.0,0.0,0.0,42.0
2018-06-12 22:20:00,1458.0,1458.0,1458.0,1458.0,0.0,0.0,42.0
2018-06-12 22:25:00,1458.0,1458.0,1458.0,1458.0,0.0,0.0,42.0
2018-06-12 22:30:00,1458.0,1458.0,1458.0,1458.0,0.0,0.0,42.0
2018-06-12 22:35:00,1458.0,1458.0,1458.0,1458.0,0.0,0.0,42.0
2018-06-12 22:40:00,1458.0,1458.0,1458.0,1458.0,0.0,0.0,42.0
2018-06-12 22:45:00,1458.0,1458.0,1458.0,1458.0,0.0,0.0,42.0
2018-06-12 22:50:00,1458.0,1458.0,1458.0,1458.0,0.0,0.0,42.0
2018-06-12 22:55:00,1458.0,1458.0,1458.0,1458.0,0.0,0.0,42.0
2018-06-12 23:00:00,1458.0,1458.0,1458.0,1458.0,0.0,0.0,42.0
2018-06-12 23:05:00,1458.0,1458.0,1458.0,1458.0,0.0,0.0,42.0
2018-06-12 23:10:00,1458.0,1458.0,1458.0,1458.0,0.0,0.0,42.0
2018-06-12 23:15:00,1458.0,1458.0,1458.0,1458.0,0.0,0.0,42.0
2018-06-12 23:20:00,1458.0,1458.0,1458.0,1458.0,0.0,0.0,42.0
2018-06-12 23:25:00,1458.0,1458.0,1458.0,1458.0,0.0,0.0,42.0
2018-06-13 09:00:00,1458.0,1458.0,1458.0,1458.0,0.0,0.0,42.0
2018-06-13 09:05:00,1458.0,1458.0,1458.0,1458.0,0.0,0.0,42.0
2018-06-13 09:10:00,1458.0,1458.0,1458.0,1458.0,0.0,0.0,42.0
2018-06-13 09:15:00,1458.0,1458.0,1458.0,1458.0,0.0,0.0,42.0
2018-06-13 09:20:00,1458.0,1458.0,1458.0,1458.0,0.0,0.0,42.0
2018-06-13 09:25:00,1458.0,1458.0,1458.0,1458.0,0.0,0.0,42.0
2018-06-13 09:30:00,1458.0,1458.0,1458.0,1458.0,0.0,0.0,42.0
2018-06-13 09:35:00,1458.0,1458.0,1458.0,1458.0,0.0,0.0,42.0
2018-06-13 09:40:00,1458.0,1458.0,1458.0,1458.0,0.0,0.0,42.0
2018-06-13 09:45:00,1458.0,1458.0,1458.0,1458.0,0.0,0.0,42.0
2018-06-13 09:50:00,1458.0,1458.0,1458.0,1458.0,0.0,0.0,42.0
2018-06-13 09:55:00,1458.0,1458.0,1458.0,1458.0,0.0,0.0,42.0
2018-06-13 10:00:00,1458.0,1458.0,1458.0,1458.0,0.0,0.0,42.0
2018-06-13 10:05:00,1458.0,1458.0,1458.0,1458.0,0.0,0.0,42.0
2018-06-13 10:10:00,1458.0,1458.0,1458.0,1458.0,0.0,0.0,42.0
2018-06-13 10:30:00,1458.0,1458.0,1458.0,1458.0,0.0,0.0,42.0
2018-06-13 10:35:00,1458.0,1458.0,1458.0,1458.0,0.0,0.0,42.0
2018-06-13 10:40:00,1458.0,1458.0,1458.0,1458.0,0.0,0.0,42.0
2018-06-13 10:45:00,1458.0,1458.0,1458.0,1458.0,0.0,0.0,42.0
2018-06-13 10:50:00,1458.0,1458.0,1458.0,1458.0,0.0,0.0,42.0
2018-06-13 10:55:00,1458.0,1458.0,1458.0,1458.0,0.0,0.0,42.0
2018-06-13 11:00:00,1458.0,1458.0,1458.0,1458.0,0.0,0.0,42.0
2018-06-13 11:05:00,1458.0,1458.0,1458.0,1458.0,0.0,0.0,42.0
2018-06-13 11:10:00,1458.0,1458.0,1458.0,1458.0,0.0,0.0,42.0
2018-06-13 11:15:00,1458.0,1458.0,1458.0,1458.0,0.0,0.0,42.0
2018-06-13 11:20:00,1458.0,1458.0,1458.0,1458.0,0.0,0.0,42.0
2018-06-13 11:25:00,1458.0,1458.0,1458.0,1458.0,0.0,0.0,42.0
2018-06-13 13:30:00,1458.0,1458.0,1458.0,1458.0,0.0,0.0,42.0
2018-06-13 13:35:00,1458.0,1458.0,1458.0,1458.0,0.0,0.0,42.0
2018-06-13 13:40:00,1458.0,1458.0,1458.0,1458.0,0.0,0.0,42.0
2018-06-13 13:45:00,1458.0,1458.0,1458.0,1458.0,0.0,0.0,42.0
2018-06-13 13:50:00,1458.0,1458.0,1458.0,1458.0,0.0,0.0,42.0
2018-06-13 13:55:00,1458.0,1458.0,1458.0,1458.0,0.0,0.0,42.0
2018-06-13 14:00:00,1458.0,1458.0,1458.0,1458.0,0.0,0.0,42.0
2018-06-13 14:05:00,1458.0,1458.0,1458.0,1458.0,0.0,0.0,42.0
2018-06-13 14:10:00,1458.0,1458.0,1458.0,1458.0,0.0,0.0,42.0
2018-06-13 14:15:00,1458.0,1458.0,1458.0,1458.0,0.0,0.0,42.0
2018-06-13 14:20:00,1458.0,1458.0,1458.0,1458.0,0.0,0.0,42.0
2018-06-13 14:25:00,1458.0,1458.0,1458.0,1458.0,0.0,0.0,42.0
2018-06-13 14:30:00,1458.0,1458.0,1458.0,1458.0,0.0,0.0,42.0
2018-06-13 14:35:00,1458.0,1458.0,1458.0,1458.0,0.0,0.0,42.0
2018-06-13 14:40:00,1458.0,1458.0,1458.0,1458.0,0.0,0.0,42.0
2018-06-13 14:45:00,1458.0,1458.0,1458.0,1458.0,0.0,0.0,42.0
2018-06-13 14:50:00,1458.0,1458.0,1458.0,1458.0,0.0,0.0,42.0
2018-06-13 14:55:00,1458.0,1458.0,1458.0,1458.0,0.0,0.0,42.0
2018-06-13 21:00:00,1458.0,1458.0,1458.0,1458.0,0.0,0.0,42.0
2018-06-13 21:05:00,1458.0,1458.0,1458.0,1458.0,0.0,0.0,42.0
2018-06-13 21:10:00,1458.0,1458.0,1458.0,1458.0,0.0,0.0,42.0
2018-06-13 21:15:00,1458.0,1458.0,1458.0,1458.0,0.0,0.0,42.0
2018-06-13 21:20:00,1458.0,1458.0,1458.0,1458.0,0.0,0.0,42.0
2018-06-13 21:25:00,1443.0,1443.0,1443.0,1443.0,10.0,288600.0,48.0
2018-06-13 21:30:00,1443.0,1443.0,1443.0,1443.0,0.0,0.0,48.0
2018-06-13 21:35:00,1443.0,1443.0,1443.0,1443.0,0.0,0.0,48.0
2018-06-13 21:40:00,1443.0,1443.0,1443.0,1443.0,0.0,0.0,48.0
2018-06-13 21:45:00,1443.0,1443.0,1443.0,1443.0,0.0,0.0,48.0
2018-06-13 21:50:00,1443.0,1443.0,1443.0,1443.0,0.0,0.0,48.0
2018-06-13 21:55:00,1443.0,1443.0,1443.0,1443.0,0.0,0.0,48.0
2018-06-13 22:00:00,1443.0,1443.0,1443.0,1443.0,0.0,0.0,48.0
2018-06-13 22:05:00,1443.0,1443.0,1443.0,1443.0,0.0,0.0,48.0
2018-06-13 22:10:00,1443.0,1443.0,1443.0,1443.0,0.0,0.0,48.0
2018-06-13 22:15:00,1443.0,1443.0,1443.0,1443.0,0.0,0.0,48.0
2018-06-13 22:20:00,1443.0,1443.0,1443.0,1443.0,0.0,0.0,48.0
2018-06-13 22:25:00,1443.0,1443.0,1443.0,1443.0,0.0,0.0,48.0
2018-06-13 22:30:00,1443.0,1443.0,1443.0,1443.0,0.0,0.0,48.0
2018-06-13 22:35:00,1443.0,1443.0,1443.0,1443.0,0.0,0.0,48.0
2018-06-13 22:40:00,1443.0,1443.0,1443.0,1443.0,0.0,0.0,48.0
2018-06-13 22:45:00,1443.0,1443.0,1443.0,1443.0,0.0,0.0,48.0
2018-06-13 22:50:00,1443.0,1443.0,1443.0,1443.0,0.0,0.0,48.0
2018-06-13 22:55:00,1443.0,1443.0,1443.0,1443.0,0.0,0.0,48.0
2018-06-13 23:00:00,1443.0,1443.0,1443.0,1443.0,0.0,0.0,48.0
2018-06-13 23:05:00,1443.0,1443.0,1443.0,1443.0,0.0,0.0,48.0
2018-06-13 23:10:00,1443.0,1443.0,1443.0,1443.0,0.0,0.0,48.0
2018-06-13 23:15:00,1443.0,1443.0,1443.0,1443.0,0.0,0.0,48.0
2018-06-13 23:20:00,1443.0,1443.0,1443.0,1443.0,0.0,0.0,48.0
2018-06-13 23:25:00,1443.0,1443.0,1443.0,1443.0,0.0,0.0,48.0
2018-06-14 09:00:00,1443.0,1443.0,1443.0,1443.0,0.0,0.0,48.0
2018-06-14 09:05:00,1443.0,1443.0,1443.0,1443.0,0.0,0.0,48.0
2018-06-14 09:10:00,1443.0,1443.0,1443.0,1443.0,0.0,0.0,48.0
2018-06-14 09:15:00,1443.0,1443.0,1443.0,1443.0,0.0,0.0,48.0
2018-06-14 09:20:00,1443.0,1443.0,1443.0,1443.0,0.0,0.0,48.0
2018-06-14 09:25:00,1443.0,1443.0,1443.0,1443.0,0.0,0.0,48.0
2018-06-14 09:30:00,1443.0,1443.0,1443.0,1443.0,0.0,0.0,48.0
2018-06-14 09:35:00,1443.0,1443.0,1443.0,1443.0,0.0,0.0,48.0
2018-06-14 09:40:00,1443.0,1443.0,1443.0,1443.0,0.0,0.0,48.0
2018-06-14 09:45:00,1443.0,1443.0,1443.0,1443.0,0.0,0.0,48.0
2018-06-14 09:50:00,1443.0,1443.0,1443.0,1443.0,0.0,0.0,48.0
2018-06-14 09:55:00,1443.0,1443.0,1443.0,1443.0,0.0,0.0,48.0
2018-06-14 10:00:00,1443.0,1443.0,1443.0,1443.0,0.0,0.0,48.0
2018-06-14 10:05:00,1443.0,1443.0,1443.0,1443.0,0.0,0.0,48.0
2018-06-14 10:10:00,1443.0,1443.0,1443.0,1443.0,0.0,0.0,48.0
2018-06-14 10:30:00,1443.0,1443.0,1443.0,1443.0,0.0,0.0,48.0
2018-06-14 10:35:00,1443.0,1443.0,1443.0,1443.0,0.0,0.0,48.0
2018-06-14 10:40:00,1443.0,1443.0,1443.0,1443.0,0.0,0.0,48.0
2018-06-14 10:45:00,1443.0,1443.0,1443.0,1443.0,0.0,0.0,48.0
2018-06-14 10:50:00,1443.0,1443.0,1443.0,1443.0,0.0,0.0,48.0
2018-06-14 10:55:00,1443.0,1443.0,1443.0,1443.0,0.0,0.0,48.0
2018-06-14 11:00:00,1443.0,1443.0,1443.0,1443.0,0.0,0.0,48.0
2018-06-14 11:05:00,1443.0,1443.0,1443.0,1443.0,0.0,0.0,48.0
2018-06-14 11:10:00,1443.0,1443.0,1443.0,1443.0,0.0,0.0,48.0
2018-06-14 11:15:00,1443.0,1443.0,1443.0,1443.0,0.0,0.0,48.0
2018-06-14 11:20:00,1443.0,1443.0,1443.0,1443.0,0.0,0.0,48.0
2018-06-14 11:25:00,1443.0,1443.0,1443.0,1443.0,0.0,0.0,48.0
2018-06-14 13:30:00,1443.0,1443.0,1443.0,1443.0,0.0,0.0,48.0
2018-06-14 13:35:00,1443.0,1443.0,1443.0,1443.0,0.0,0.0,48.0
2018-06-14 13:40:00,1443.0,1443.0,1443.0,1443.0,0.0,0.0,48.0
2018-06-14 13:45:00,1443.0,1443.0,1443.0,1443.0,0.0,0.0,48.0
2018-06-14 13:50:00,1443.0,1443.0,1443.0,1443.0,0.0,0.0,48.0
2018-06-14 13:55:00,1443.0,1443.0,1443.0,1443.0,0.0,0.0,48.0
2018-06-14 14:00:00,1443.0,1443.0,1443.0,1443.0,0.0,0.0,48.0
2018-06-14 14:05:00,1443.0,1443.0,1443.0,1443.0,0.0,0.0,48.0
2018-06-14 14:10:00,1443.0,1443.0,1443.0,1443.0,0.0,0.0,48.0
2018-06-14 14:15:00,1443.0,1443.0,1443.0,1443.0,0.0,0.0,48.0
2018-06-14 14:20:00,1443.0,1443.0,1443.0,1443.0,0.0,0.0,48.0
2018-06-14 14:25:00,1443.0,1443.0,1443.0,1443.0,0.0,0.0,48.0
2018-06-14 14:30:00,1443.0,1443.0,1443.0,1443.0,0.0,0.0,48.0
2018-06-14 14:35:00,1443.0,1443.0,1443.0,1443.0,0.0,0.0,48.0
2018-06-14 14:40:00,1443.0,1443.0,1443.0,1443.0,0.0,0.0,48.0
2018-06-14 14:45:00,1443.0,1443.0,1443.0,1443.0,0.0,0.0,48.0
2018-06-14 14:50:00,1443.0,1443.0,1443.0,1443.0,0.0,0.0,48.0
2018-06-14 14:55:00,1443.0,1443.0,1443.0,1443.0,0.0,0.0,48.0
2018-06-14 21:00:00,1443.0,1443.0,1443.0,1443.0,0.0,0.0,48.0
2018-06-14 21:05:00,1443.0,1443.0,1443.0,1443.0,0.0,0.0,48.0
2018-06-14 21:10:00,1443.0,1443.0,1443.0,1443.0,0.0,0.0,48.0
2018-06-14 21:15:00,1443.0,1443.0,1443.0,1443.0,0.0,0.0,48.0
2018-06-14 21:20:00,1443.0,1443.0,1443.0,1443.0,0.0,0.0,48.0
2018-06-14 21:25:00,1443.0,1443.0,1443.0,1443.0,0.0,0.0,48.0
2018-06-14 21:30:00,1443.0,1443.0,1443.0,1443.0,0.0,0.0,48.0
2018-06-14 21:35:00,1443.0,1468.0,1437.0,1437.0,8.0,232640.0,42.0
2018-06-14 21:40:00,1437.0,1437.0,1437.0,1437.0,0.0,0.0,42.0
2018-06-14 21:45:00,1437.0,1437.0,1437.0,1437.0,0.0,0.0,42.0
2018-06-14 21:50:00,1437.0,1437.0,1437.0,1437.0,0.0,0.0,42.0
2018-06-14 21:55:00,1437.0,1437.0,1437.0,1437.0,0.0,0.0,42.0
2018-06-14 22:00:00,1437.0,1437.0,1437.0,1437.0,0.0,0.0,42.0
2018-06-14 22:05:00,1437.0,1437.0,1437.0,1437.0,0.0,0.0,42.0
2018-06-14 22:10:00,1437.0,1437.0,1437.0,1437.0,0.0,0.0,42.0
2018-06-14 22:15:00,1437.0,1437.0,1437.0,1437.0,0.0,0.0,42.0
2018-06-14 22:20:00,1437.0,1437.0,1437.0,1437.0,0.0,0.0,42.0
2018-06-14 22:25:00,1437.0,1437.0,1437.0,1437.0,0.0,0.0,42.0
2018-06-14 22:30:00,1437.0,1437.0,1437.0,1437.0,0.0,0.0,42.0
2018-06-14 22:35:00,1437.0,1437.0,1437.0,1437.0,0.0,0.0,42.0
2018-06-14 22:40:00,1437.0,1437.0,1437.0,1437.0,0.0,0.0,42.0
2018-06-14 22:45:00,1437.0,1437.0,1437.0,1437.0,0.0,0.0,42.0
2018-06-14 22:50:00,1437.0,1437.0,1437.0,1437.0,0.0,0.0,42.0
2018-06-14 22:55:00,1437.0,1437.0,1437.0,1437.0,0.0,0.0,42.0
2018-06-14 23:00:00,1437.0,1437.0,1437.0,1437.0,0.0,0.0,42.0
2018-06-14 23:05:00,1437.0,1437.0,1437.0,1437.0,0.0,0.0,42.0
2018-06-14 23:10:00,1437.0,1437.0,1437.0,1437.0,0.0,0.0,42.0
2018-06-14 23:15:00,1437.0,1437.0,1437.0,1437.0,0.0,0.0,42.0
2018-06-14 23:20:00,1437.0,1437.0,1437.0,1437.0,0.0,0.0,42.0
2018-06-14 23:25:00,1437.0,1437.0,1437.0,1437.0,0.0,0.0,42.0
2018-06-15 09:00:00,1437.0,1437.0,1437.0,1437.0,0.0,0.0,42.0
2018-06-15 09:05:00,1437.0,1437.0,1437.0,1437.0,0.0,0.0,42.0
2018-06-15 09:10:00,1437.0,1437.0,1437.0,1437.0,0.0,0.0,42.0
2018-06-15 09:15:00,1437.0,1437.0,1437.0,1437.0,0.0,0.0,42.0
2018-06-15 09:20:00,1437.0,1437.0,1437.0,1437.0,0.0,0.0,42.0
2018-06-15 09:25:00,1437.0,1437.0,1437.0,1437.0,0.0,0.0,42.0
2018-06-15 09:30:00,1437.0,1437.0,1437.0,1437.0,0.0,0.0,42.0
2018-06-15 09:35:00,1437.0,1437.0,1437.0,1437.0,0.0,0.0,42.0
2018-06-15 09:40:00,1437.0,1437.0,1437.0,1437.0,0.0,0.0,42.0
2018-06-15 09:45:00,1437.0,1437.0,1437.0,1437.0,0.0,0.0,42.0
2018-06-15 09:50:00,1437.0,1437.0,1437.0,1437.0,0.0,0.0,42.0
2018-06-15 09:55:00,1437.0,1437.0,1437.0,1437.0,0.0,0.0,42.0
2018-06-15 10:00:00,1437.0,1437.0,1437.0,1437.0,0.0,0.0,42.0
2018-06-15 10:05:00,1437.0,1437.0,1437.0,1437.0,0.0,0.0,42.0
2018-06-15 10:10:00,1437.0,1437.0,1437.0,1437.0,0.0,0.0,42.0
2018-06-15 10:30:00,1437.0,1437.0,1437.0,1437.0,0.0,0.0,42.0
2018-06-15 10:35:00,1437.0,1437.0,1437.0,1437.0,0.0,0.0,42.0
2018-06-15 10:40:00,1437.0,1437.0,1437.0,1437.0,0.0,0.0,42.0
2018-06-15 10:45:00,1437.0,1437.0,1437.0,1437.0,0.0,0.0,42.0
2018-06-15 10:50:00,1437.0,1437.0,1437.0,1437.0,0.0,0.0,42.0
2018-06-15 10:55:00,1437.0,1437.0,1437.0,1437.0,0.0,0.0,42.0
2018-06-15 11:00:00,1437.0,1437.0,1437.0,1437.0,0.0,0.0,42.0
2018-06-15 11:05:00,1437.0,1437.0,1437.0,1437.0,0.0,0.0,42.0
2018-06-15 11:10:00,1437.0,1437.0,1437.0,1437.0,0.0,0.0,42.0
2018-06-15 11:15:00,1437.0,1437.0,1437.0,1437.0,0.0,0.0,42.0
2018-06-15 11:20:00,1437.0,1437.0,1437.0,1437.0,0.0,0.0,42.0
2018-06-15 11:25:00,1437.0,1437.0,1437.0,1437.0,0.0,0.0,42.0
2018-06-15 13:30:00,1437.0,1437.0,1437.0,1437.0,0.0,0.0,42.0
2018-06-15 13:35:00,1437.0,1437.0,1437.0,1437.0,0.0,0.0,42.0
2018-06-15 13:40:00,1437.0,1437.0,1437.0,1437.0,0.0,0.0,42.0
2018-06-15 13:45:00,1437.0,1437.0,1437.0,1437.0,0.0,0.0,42.0
2018-06-15 13:50:00,1437.0,1437.0,1437.0,1437.0,0.0,0.0,42.0
2018-06-15 13:55:00,1437.0,1437.0,1437.0,1437.0,0.0,0.0,42.0
2018-06-15 14:00:00,1437.0,1437.0,1437.0,1437.0,0.0,0.0,42.0
2018-06-15 14:05:00,1437.0,1437.0,1437.0,1437.0,0.0,0.0,42.0
2018-06-15 14:10:00,1437.0,1437.0,1437.0,1437.0,0.0,0.0,42.0
2018-06-15 14:15:00,1437.0,1437.0,1437.0,1437.0,0.0,0.0,42.0
2018-06-15 14:20:00,1437.0,1437.0,1437.0,1437.0,0.0,0.0,42.0
2018-06-15 14:25:00,1437.0,1437.0,1437.0,1437.0,0.0,0.0,42.0
2018-06-15 14:30:00,1437.0,1437.0,1437.0,1437.0,0.0,0.0,42.0
2018-06-15 14:35:00,1437.0,1437.0,1437.0,1437.0,0.0,0.0,42.0
2018-06-15 14:40:00,1437.0,1437.0,1437.0,1437.0,0.0,0.0,42.0
2018-06-15 14:45:00,1437.0,1437.0,1437.0,1437.0,0.0,0.0,42.0
2018-06-15 14:50:00,1437.0,1437.0,1437.0,1437.0,0.0,0.0,42.0
2018-06-15 14:55:00,1437.0,1437.0,1437.0,1437.0,0.0,0.0,42.0
2018-06-19 09:00:00,1454.0,1454.0,1454.0,1454.0,0.0,0.0,42.0
2018-06-19 09:05:00,1454.0,1454.0,1454.0,1454.0,0.0,0.0,42.0
2018-06-19 09:10:00,1454.0,1454.0,1454.0,1454.0,0.0,0.0,42.0
2018-06-19 09:15:00,1454.0,1454.0,1454.0,1454.0,0.0,0.0,42.0
2018-06-19 09:20:00,1454.0,1454.0,1454.0,1454.0,0.0,0.0,42.0
2018-06-19 09:25:00,1454.0,1454.0,1454.0,1454.0,0.0,0.0,42.0
2018-06-19 09:30:00,1454.0,1454.0,1454.0,1454.0,0.0,0.0,42.0
2018-06-19 09:35:00,1454.0,1454.0,1454.0,1454.0,0.0,0.0,42.0
2018-06-19 09:40:00,1454.0,1454.0,1454.0,1454.0,0.0,0.0,42.0
2018-06-19 09:45:00,1454.0,1454.0,1454.0,1454.0,0.0,0.0,42.0
2018-06-19 09:50:00,1454.0,1454.0,1454.0,1454.0,0.0,0.0,42.0
2018-06-19 09:55:00,1454.0,1454.0,1454.0,1454.0,0.0,0.0,42.0
2018-06-19 10:00:00,1454.0,1454.0,1454.0,1454.0,0.0,0.0,42.0
2018-06-19 10:05:00,1454.0,1454.0,1454.0,1454.0,0.0,0.0,42.0
2018-06-19 10:10:00,1454.0,1454.0,1454.0,1454.0,0.0,0.0,42.0
2018-06-19 10:30:00,1454.0,1454.0,1454.0,1454.0,0.0,0.0,42.0
2018-06-19 10:35:00,1454.0,1454.0,1454.0,1454.0,0.0,0.0,42.0
2018-06-19 10:40:00,1454.0,1454.0,1454.0,1454.0,0.0,0.0,42.0
2018-06-19 10:45:00,1454.0,1454.0,1454.0,1454.0,0.0,0.0,42.0
2018-06-19 10:50:00,1454.0,1454.0,1454.0,1454.0,0.0,0.0,42.0
2018-06-19 10:55:00,1454.0,1454.0,1454.0,1454.0,0.0,0.0,42.0
2018-06-19 11:00:00,1454.0,1454.0,1454.0,1454.0,0.0,0.0,42.0
2018-06-19 11:05:00,1454.0,1454.0,1454.0,1454.0,0.0,0.0,42.0
2018-06-19 11:10:00,1454.0,1454.0,1454.0,1454.0,0.0,0.0,42.0
2018-06-19 11:15:00,1454.0,1454.0,1454.0,1454.0,0.0,0.0,42.0
2018-06-19 11:20:00,1454.0,1454.0,1454.0,1454.0,0.0,0.0,42.0
2018-06-19 11:25:00,1454.0,1454.0,1454.0,1454.0,0.0,0.0,42.0
2018-06-19 13:30:00,1454.0,1454.0,1454.0,1454.0,0.0,0.0,42.0
2018-06-19 13:35:00,1454.0,1454.0,1454.0,1454.0,0.0,0.0,42.0
2018-06-19 13:40:00,1454.0,1454.0,1454.0,1454.0,0.0,0.0,42.0
2018-06-19 13:45:00,1454.0,1454.0,1454.0,1454.0,0.0,0.0,42.0
2018-06-19 13:50:00,1454.0,1454.0,1454.0,1454.0,0.0,0.0,42.0
2018-06-19 13:55:00,1454.0,1454.0,1454.0,1454.0,0.0,0.0,42.0
2018-06-19 14:00:00,1454.0,1454.0,1454.0,1454.0,0.0,0.0,42.0
2018-06-19 14:05:00,1454.0,1454.0,1454.0,1454.0,0.0,0.0,42.0
2018-06-19 14:10:00,1454.0,1454.0,1454.0,1454.0,0.0,0.0,42.0
2018-06-19 14:15:00,1454.0,1454.0,1454.0,1454.0,0.0,0.0,42.0
2018-06-19 14:20:00,1454.0,1454.0,1454.0,1454.0,0.0,0.0,42.0
2018-06-19 14:25:00,1454.0,1454.0,1454.0,1454.0,0.0,0.0,42.0
2018-06-19 14:30:00,1454.0,1454.0,1454.0,1454.0,0.0,0.0,42.0
2018-06-19 14:35:00,1454.0,1454.0,1454.0,1454.0,0.0,0.0,42.0
2018-06-19 14:40:00,1454.0,1454.0,1454.0,1454.0,0.0,0.0,42.0
2018-06-19 14:45:00,1454.0,1454.0,1454.0,1454.0,0.0,0.0,42.0
2018-06-19 14:50:00,1454.0,1454.0,1454.0,1454.0,0.0,0.0,42.0
2018-06-19 14:55:00,1454.0,1454.0,1454.0,1454.0,0.0,0.0,42.0
2018-06-19 21:00:00,1454.0,1454.0,1454.0,1454.0,0.0,0.0,42.0
2018-06-19 21:05:00,1454.0,1454.0,1454.0,1454.0,0.0,0.0,42.0
2018-06-19 21:10:00,1454.0,1454.0,1454.0,1454.0,0.0,0.0,42.0
2018-06-19 21:15:00,1454.0,1454.0,1454.0,1454.0,0.0,0.0,42.0
2018-06-19 21:20:00,1454.0,1454.0,1454.0,1454.0,0.0,0.0,42.0
2018-06-19 21:25:00,1454.0,1454.0,1454.0,1454.0,0.0,0.0,42.0
2018-06-19 21:30:00,1454.0,1454.0,1454.0,1454.0,0.0,0.0,42.0
2018-06-19 21:35:00,1454.0,1454.0,1454.0,1454.0,0.0,0.0,42.0
2018-06-19 21:40:00,1454.0,1454.0,1454.0,1454.0,0.0,0.0,42.0
2018-06-19 21:45:00,1454.0,1454.0,1454.0,1454.0,0.0,0.0,42.0
2018-06-19 21:50:00,1454.0,1454.0,1454.0,1454.0,0.0,0.0,42.0
2018-06-19 21:55:00,1454.0,1454.0,1454.0,1454.0,0.0,0.0,42.0
2018-06-19 22:00:00,1454.0,1454.0,1454.0,1454.0,0.0,0.0,42.0
2018-06-19 22:05:00,1454.0,1454.0,1454.0,1454.0,0.0,0.0,42.0
2018-06-19 22:10:00,1454.0,1454.0,1454.0,1454.0,0.0,0.0,42.0
2018-06-19 22:15:00,1454.0,1454.0,1454.0,1454.0,0.0,0.0,42.0
2018-06-19 22:20:00,1454.0,1454.0,1454.0,1454.0,0.0,0.0,42.0
2018-06-19 22:25:00,1454.0,1454.0,1454.0,1454.0,0.0,0.0,42.0
2018-06-19 22:30:00,1454.0,1454.0,1454.0,1454.0,0.0,0.0,42.0
2018-06-19 22:35:00,1454.0,1454.0,1454.0,1454.0,0.0,0.0,42.0
2018-06-19 22:40:00,1454.0,1454.0,1454.0,1454.0,0.0,0.0,42.0
2018-06-19 22:45:00,1454.0,1454.0,1454.0,1454.0,0.0,0.0,42.0
2018-06-19 22:50:00,1454.0,1454.0,1454.0,1454.0,0.0,0.0,42.0
2018-06-19 22:55:00,1454.0,1454.0,1454.0,1454.0,0.0,0.0,42.0
2018-06-19 23:00:00,1454.0,1454.0,1454.0,1454.0,0.0,0.0,42.0
2018-06-19 23:05:00,1454.0,1454.0,1454.0,1454.0,0.0,0.0,42.0
2018-06-19 23:10:00,1454.0,1454.0,1454.0,1454.0,0.0,0.0,42.0
2018-06-19 23:15:00,1454.0,1454.0,1454.0,1454.0,0.0,0.0,42.0
2018-06-19 23:20:00,1454.0,1454.0,1454.0,1454.0,0.0,0.0,42.0
2018-06-19 23:25:00,1454.0,1454.0,1454.0,1454.0,0.0,0.0,42.0
2018-06-20 09:00:00,1454.0,1454.0,1454.0,1454.0,0.0,0.0,42.0
2018-06-20 09:05:00,1454.0,1454.0,1454.0,1454.0,0.0,0.0,42.0
2018-06-20 09:10:00,1454.0,1454.0,1454.0,1454.0,0.0,0.0,42.0
2018-06-20 09:15:00,1454.0,1454.0,1454.0,1454.0,0.0,0.0,42.0
2018-06-20 09:20:00,1454.0,1454.0,1454.0,1454.0,0.0,0.0,42.0
2018-06-20 09:25:00,1454.0,1454.0,1454.0,1454.0,0.0,0.0,42.0
2018-06-20 09:30:00,1454.0,1454.0,1454.0,1454.0,0.0,0.0,42.0
2018-06-20 09:35:00,1454.0,1454.0,1454.0,1454.0,0.0,0.0,42.0
2018-06-20 09:40:00,1454.0,1454.0,1454.0,1454.0,0.0,0.0,42.0
2018-06-20 09:45:00,1454.0,1454.0,1454.0,1454.0,0.0,0.0,42.0
2018-06-20 09:50:00,1454.0,1454.0,1454.0,1454.0,0.0,0.0,42.0
2018-06-20 09:55:00,1454.0,1454.0,1454.0,1454.0,0.0,0.0,42.0
2018-06-20 10:00:00,1454.0,1454.0,1454.0,1454.0,0.0,0.0,42.0
2018-06-20 10:05:00,1454.0,1454.0,1454.0,1454.0,0.0,0.0,42.0
2018-06-20 10:10:00,1454.0,1454.0,1454.0,1454.0,0.0,0.0,42.0
2018-06-20 10:30:00,1454.0,1454.0,1454.0,1454.0,0.0,0.0,42.0
2018-06-20 10:35:00,1454.0,1454.0,1454.0,1454.0,0.0,0.0,42.0
2018-06-20 10:40:00,1454.0,1454.0,1454.0,1454.0,0.0,0.0,42.0
2018-06-20 10:45:00,1454.0,1454.0,1454.0,1454.0,0.0,0.0,42.0
2018-06-20 10:50:00,1454.0,1454.0,1454.0,1454.0,0.0,0.0,42.0
2018-06-20 10:55:00,1454.0,1454.0,1454.0,1454.0,0.0,0.0,42.0
2018-06-20 11:00:00,1454.0,1454.0,1454.0,1454.0,0.0,0.0,42.0
2018-06-20 11:05:00,1454.0,1454.0,1454.0,1454.0,0.0,0.0,42.0
2018-06-20 11:10:00,1454.0,1454.0,1454.0,1454.0,0.0,0.0,42.0
2018-06-20 11:15:00,1454.0,1454.0,1454.0,1454.0,0.0,0.0,42.0
2018-06-20 11:20:00,1454.0,1454.0,1454.0,1454.0,0.0,0.0,42.0
2018-06-20 11:25:00,1454.0,1454.0,1454.0,1454.0,0.0,0.0,42.0
2018-06-20 13:30:00,1454.0,1454.0,1454.0,1454.0,0.0,0.0,42.0
2018-06-20 13:35:00,1454.0,1454.0,1454.0,1454.0,0.0,0.0,42.0
2018-06-20 13:40:00,1454.0,1454.0,1454.0,1454.0,0.0,0.0,42.0
2018-06-20 13:45:00,1454.0,1454.0,1454.0,1454.0,0.0,0.0,42.0
2018-06-20 13:50:00,1454.0,1454.0,1454.0,1454.0,0.0,0.0,42.0
2018-06-20 13:55:00,1454.0,1454.0,1454.0,1454.0,0.0,0.0,42.0
2018-06-20 14:00:00,1454.0,1454.0,1454.0,1454.0,0.0,0.0,42.0
2018-06-20 14:05:00,1454.0,1454.0,1454.0,1454.0,0.0,0.0,42.0
2018-06-20 14:10:00,1454.0,1454.0,1454.0,1454.0,0.0,0.0,42.0
2018-06-20 14:15:00,1454.0,1454.0,1454.0,1454.0,0.0,0.0,42.0
2018-06-20 14:20:00,1454.0,1454.0,1454.0,1454.0,0.0,0.0,42.0
2018-06-20 14:25:00,1454.0,1454.0,1454.0,1454.0,0.0,0.0,42.0
2018-06-20 14:30:00,1454.0,1454.0,1454.0,1454.0,0.0,0.0,42.0
2018-06-20 14:35:00,1454.0,1454.0,1454.0,1454.0,0.0,0.0,42.0
2018-06-20 14:40:00,1454.0,1454.0,1454.0,1454.0,0.0,0.0,42.0
2018-06-20 14:45:00,1454.0,1454.0,1454.0,1454.0,0.0,0.0,42.0
2018-06-20 14:50:00,1454.0,1454.0,1454.0,1454.0,0.0,0.0,42.0
2018-06-20 14:55:00,1454.0,1454.0,1454.0,1454.0,0.0,0.0,42.0
2018-06-20 21:00:00,1454.0,1454.0,1454.0,1454.0,0.0,0.0,42.0
2018-06-20 21:05:00,1454.0,1454.0,1454.0,1454.0,0.0,0.0,42.0
2018-06-20 21:10:00,1454.0,1454.0,1454.0,1454.0,0.0,0.0,42.0
2018-06-20 21:15:00,1454.0,1454.0,1454.0,1454.0,0.0,0.0,42.0
2018-06-20 21:20:00,1454.0,1454.0,1454.0,1454.0,0.0,0.0,42.0
2018-06-20 21:25:00,1454.0,1454.0,1454.0,1454.0,0.0,0.0,42.0
2018-06-20 21:30:00,1454.0,1454.0,1454.0,1454.0,0.0,0.0,42.0
2018-06-20 21:35:00,1454.0,1454.0,1454.0,1454.0,0.0,0.0,42.0
2018-06-20 21:40:00,1454.0,1454.0,1454.0,1454.0,0.0,0.0,42.0
2018-06-20 21:45:00,1454.0,1454.0,1454.0,1454.0,0.0,0.0,42.0
2018-06-20 21:50:00,1454.0,1454.0,1454.0,1454.0,0.0,0.0,42.0
2018-06-20 21:55:00,1454.0,1454.0,1454.0,1454.0,0.0,0.0,42.0
2018-06-20 22:00:00,1454.0,1454.0,1454.0,1454.0,0.0,0.0,42.0
2018-06-20 22:05:00,1454.0,1454.0,1454.0,1454.0,0.0,0.0,42.0
2018-06-20 22:10:00,1454.0,1454.0,1454.0,1454.0,0.0,0.0,42.0
2018-06-20 22:15:00,1454.0,1454.0,1454.0,1454.0,0.0,0.0,42.0
2018-06-20 22:20:00,1454.0,1454.0,1454.0,1454.0,0.0,0.0,42.0
2018-06-20 22:25:00,1454.0,1454.0,1454.0,1454.0,0.0,0.0,42.0
2018-06-20 22:30:00,1454.0,1454.0,1454.0,1454.0,0.0,0.0,42.0
2018-06-20 22:35:00,1454.0,1454.0,1454.0,1454.0,0.0,0.0,42.0
2018-06-20 22:40:00,1454.0,1454.0,1454.0,1454.0,0.0,0.0,42.0
2018-06-20 22:45:00,1454.0,1454.0,1454.0,1454.0,0.0,0.0,42.0
2018-06-20 22:50:00,1454.0,1454.0,1454.0,1454.0,0.0,0.0,42.0
2018-06-20 22:55:00,1454.0,1454.0,1454.0,1454.0,0.0,0.0,42.0
2018-06-20 23:00:00,1454.0,1454.0,1454.0,1454.0,0.0,0.0,42.0
2018-06-20 23:05:00,1454.0,1454.0,1454.0,1454.0,0.0,0.0,42.0
2018-06-20 23:10:00,1454.0,1454.0,1454.0,1454.0,0.0,0.0,42.0
2018-06-20 23:15:00,1454.0,1454.0,1454.0,1454.0,0.0,0.0,42.0
2018-06-20 23:20:00,1454.0,1454.0,1454.0,1454.0,0.0,0.0,42.0
2018-06-20 23:25:00,1454.0,1454.0,1454.0,1454.0,0.0,0.0,42.0
2018-06-21 09:00:00,1454.0,1454.0,1454.0,1454.0,0.0,0.0,42.0
2018-06-21 09:05:00,1454.0,1454.0,1454.0,1454.0,0.0,0.0,42.0
2018-06-21 09:10:00,1454.0,1454.0,1454.0,1454.0,0.0,0.0,42.0
2018-06-21 09:15:00,1454.0,1454.0,1454.0,1454.0,0.0,0.0,42.0
2018-06-21 09:20:00,1454.0,1454.0,1454.0,1454.0,0.0,0.0,42.0
2018-06-21 09:25:00,1454.0,1454.0,1454.0,1454.0,0.0,0.0,42.0
2018-06-21 09:30:00,1454.0,1454.0,1454.0,1454.0,0.0,0.0,42.0
2018-06-21 09:35:00,1454.0,1454.0,1454.0,1454.0,0.0,0.0,42.0
2018-06-21 09:40:00,1454.0,1454.0,1454.0,1454.0,0.0,0.0,42.0
2018-06-21 09:45:00,1454.0,1454.0,1454.0,1454.0,0.0,0.0,42.0
2018-06-21 09:50:00,1454.0,1454.0,1454.0,1454.0,0.0,0.0,42.0
2018-06-21 09:55:00,1454.0,1454.0,1454.0,1454.0,0.0,0.0,42.0
2018-06-21 10:00:00,1454.0,1454.0,1454.0,1454.0,0.0,0.0,42.0
2018-06-21 10:05:00,1454.0,1454.0,1454.0,1454.0,0.0,0.0,42.0
2018-06-21 10:10:00,1454.0,1454.0,1454.0,1454.0,0.0,0.0,42.0
2018-06-21 10:30:00,1454.0,1454.0,1454.0,1454.0,0.0,0.0,42.0
2018-06-21 10:35:00,1454.0,1454.0,1454.0,1454.0,0.0,0.0,42.0
2018-06-21 10:40:00,1454.0,1454.0,1454.0,1454.0,0.0,0.0,42.0
2018-06-21 10:45:00,1454.0,1454.0,1454.0,1454.0,0.0,0.0,42.0
2018-06-21 10:50:00,1454.0,1454.0,1454.0,1454.0,0.0,0.0,42.0
2018-06-21 10:55:00,1454.0,1454.0,1454.0,1454.0,0.0,0.0,42.0
2018-06-21 11:00:00,1454.0,1454.0,1454.0,1454.0,0.0,0.0,42.0
2018-06-21 11:05:00,1454.0,1454.0,1454.0,1454.0,0.0,0.0,42.0
2018-06-21 11:10:00,1454.0,1454.0,1454.0,1454.0,0.0,0.0,42.0
2018-06-21 11:15:00,1454.0,1454.0,1454.0,1454.0,0.0,0.0,42.0
2018-06-21 11:20:00,1454.0,1454.0,1454.0,1454.0,0.0,0.0,42.0
2018-06-21 11:25:00,1454.0,1454.0,1454.0,1454.0,0.0,0.0,42.0
2018-06-21 13:30:00,1454.0,1454.0,1454.0,1454.0,0.0,0.0,42.0
2018-06-21 13:35:00,1454.0,1454.0,1454.0,1454.0,0.0,0.0,42.0
2018-06-21 13:40:00,1454.0,1454.0,1454.0,1454.0,0.0,0.0,42.0
2018-06-21 13:45:00,1454.0,1454.0,1454.0,1454.0,0.0,0.0,42.0
2018-06-21 13:50:00,1454.0,1454.0,1454.0,1454.0,0.0,0.0,42.0
2018-06-21 13:55:00,1454.0,1454.0,1454.0,1454.0,0.0,0.0,42.0
2018-06-21 14:00:00,1454.0,1454.0,1454.0,1454.0,0.0,0.0,42.0
2018-06-21 14:05:00,1454.0,1454.0,1454.0,1454.0,0.0,0.0,42.0
2018-06-21 14:10:00,1454.0,1454.0,1454.0,1454.0,0.0,0.0,42.0
2018-06-21 14:15:00,1454.0,1454.0,1454.0,1454.0,0.0,0.0,42.0
2018-06-21 14:20:00,1454.0,1454.0,1454.0,1454.0,0.0,0.0,42.0
2018-06-21 14:25:00,1454.0,1454.0,1454.0,1454.0,0.0,0.0,42.0
2018-06-21 14:30:00,1454.0,1454.0,1454.0,1454.0,0.0,0.0,42.0
2018-06-21 14:35:00,1454.0,1454.0,1454.0,1454.0,0.0,0.0,42.0
2018-06-21 14:40:00,1454.0,1454.0,1454.0,1454.0,0.0,0.0,42.0
2018-06-21 14:45:00,1454.0,1454.0,1454.0,1454.0,0.0,0.0,42.0
2018-06-21 14:50:00,1454.0,1454.0,1454.0,1454.0,0.0,0.0,42.0
2018-06-21 14:55:00,1454.0,1454.0,1454.0,1454.0,0.0,0.0,42.0
2018-06-21 21:00:00,1454.0,1454.0,1454.0,1454.0,0.0,0.0,42.0
2018-06-21 21:05:00,1454.0,1454.0,1454.0,1454.0,0.0,0.0,42.0
2018-06-21 21:10:00,1454.0,1454.0,1454.0,1454.0,0.0,0.0,42.0
2018-06-21 21:15:00,1454.0,1454.0,1454.0,1454.0,0.0,0.0,42.0
2018-06-21 21:20:00,1454.0,1454.0,1454.0,1454.0,0.0,0.0,42.0
2018-06-21 21:25:00,1454.0,1454.0,1454.0,1454.0,0.0,0.0,42.0
2018-06-21 21:30:00,1454.0,1454.0,1454.0,1454.0,0.0,0.0,42.0
2018-06-21 21:35:00,1454.0,1454.0,1454.0,1454.0,0.0,0.0,42.0
2018-06-21 21:40:00,1454.0,1454.0,1454.0,1454.0,0.0,0.0,42.0
2018-06-21 21:45:00,1454.0,1454.0,1454.0,1454.0,0.0,0.0,42.0
2018-06-21 21:50:00,1454.0,1454.0,1454.0,1454.0,0.0,0.0,42.0
2018-06-21 21:55:00,1454.0,1454.0,1454.0,1454.0,0.0,0.0,42.0
2018-06-21 22:00:00,1454.0,1454.0,1454.0,1454.0,0.0,0.0,42.0
2018-06-21 22:05:00,1454.0,1454.0,1454.0,1454.0,0.0,0.0,42.0
2018-06-21 22:10:00,1454.0,1454.0,1454.0,1454.0,0.0,0.0,42.0
2018-06-21 22:15:00,1454.0,1454.0,1454.0,1454.0,0.0,0.0,42.0
2018-06-21 22:20:00,1454.0,1454.0,1454.0,1454.0,0.0,0.0,42.0
2018-06-21 22:25:00,1454.0,1454.0,1454.0,1454.0,0.0,0.0,42.0
2018-06-21 22:30:00,1454.0,1454.0,1454.0,1454.0,0.0,0.0,42.0
2018-06-21 22:35:00,1454.0,1454.0,1454.0,1454.0,0.0,0.0,42.0
2018-06-21 22:40:00,1454.0,1454.0,1454.0,1454.0,0.0,0.0,42.0
2018-06-21 22:45:00,1454.0,1454.0,1454.0,1454.0,0.0,0.0,42.0
2018-06-21 22:50:00,1454.0,1454.0,1454.0,1454.0,0.0,0.0,42.0
2018-06-21 22:55:00,1454.0,1454.0,1454.0,1454.0,0.0,0.0,42.0
2018-06-21 23:00:00,1454.0,1454.0,1454.0,1454.0,0.0,0.0,42.0
2018-06-21 23:05:00,1454.0,1454.0,1454.0,1454.0,0.0,0.0,42.0
2018-06-21 23:10:00,1454.0,1454.0,1454.0,1454.0,0.0,0.0,42.0
2018-06-21 23:15:00,1454.0,1454.0,1454.0,1454.0,0.0,0.0,42.0
2018-06-21 23:20:00,1454.0,1454.0,1454.0,1454.0,0.0,0.0,42.0
2018-06-21 23:25:00,1454.0,1454.0,1454.0,1454.0,0.0,0.0,42.0
2018-06-22 09:00:00,1454.0,1454.0,1454.0,1454.0,0.0,0.0,42.0
2018-06-22 09:05:00,1454.0,1454.0,1454.0,1454.0,0.0,0.0,42.0
2018-06-22 09:10:00,1454.0,1454.0,1454.0,1454.0,0.0,0.0,42.0
2018-06-22 09:15:00,1454.0,1454.0,1454.0,1454.0,0.0,0.0,42.0
2018-06-22 09:20:00,1454.0,1454.0,1454.0,1454.0,0.0,0.0,42.0
2018-06-22 09:25:00,1454.0,1454.0,1454.0,1454.0,0.0,0.0,42.0
2018-06-22 09:30:00,1454.0,1454.0,1454.0,1454.0,0.0,0.0,42.0
2018-06-22 09:35:00,1454.0,1454.0,1454.0,1454.0,0.0,0.0,42.0
2018-06-22 09:40:00,1454.0,1454.0,1454.0,1454.0,0.0,0.0,42.0
2018-06-22 09:45:00,1454.0,1454.0,1454.0,1454.0,0.0,0.0,42.0
2018-06-22 09:50:00,1454.0,1454.0,1454.0,1454.0,0.0,0.0,42.0
2018-06-22 09:55:00,1454.0,1454.0,1454.0,1454.0,0.0,0.0,42.0
2018-06-22 10:00:00,1454.0,1454.0,1454.0,1454.0,0.0,0.0,42.0
2018-06-22 10:05:00,1454.0,1454.0,1454.0,1454.0,0.0,0.0,42.0
2018-06-22 10:10:00,1454.0,1454.0,1454.0,1454.0,0.0,0.0,42.0
2018-06-22 10:30:00,1454.0,1454.0,1454.0,1454.0,0.0,0.0,42.0
2018-06-22 10:35:00,1454.0,1454.0,1454.0,1454.0,0.0,0.0,42.0
2018-06-22 10:40:00,1454.0,1454.0,1454.0,1454.0,0.0,0.0,42.0
2018-06-22 10:45:00,1454.0,1454.0,1454.0,1454.0,0.0,0.0,42.0
2018-06-22 10:50:00,1454.0,1454.0,1454.0,1454.0,0.0,0.0,42.0
2018-06-22 10:55:00,1454.0,1454.0,1454.0,1454.0,0.0,0.0,42.0
2018-06-22 11:00:00,1454.0,1454.0,1454.0,1454.0,0.0,0.0,42.0
2018-06-22 11:05:00,1454.0,1454.0,1454.0,1454.0,0.0,0.0,42.0
2018-06-22 11:10:00,1454.0,1454.0,1454.0,1454.0,0.0,0.0,42.0
2018-06-22 11:15:00,1454.0,1454.0,1454.0,1454.0,0.0,0.0,42.0
2018-06-22 11:20:00,1454.0,1454.0,1454.0,1454.0,0.0,0.0,42.0
2018-06-22 11:25:00,1454.0,1454.0,1454.0,1454.0,0.0,0.0,42.0
2018-06-22 13:30:00,1454.0,1454.0,1454.0,1454.0,0.0,0.0,42.0
2018-06-22 13:35:00,1454.0,1454.0,1454.0,1454.0,0.0,0.0,42.0
2018-06-22 13:40:00,1454.0,1454.0,1454.0,1454.0,0.0,0.0,42.0
2018-06-22 13:45:00,1454.0,1454.0,1454.0,1454.0,0.0,0.0,42.0
2018-06-22 13:50:00,1454.0,1454.0,1454.0,1454.0,0.0,0.0,42.0
2018-06-22 13:55:00,1454.0,1454.0,1454.0,1454.0,0.0,0.0,42.0
2018-06-22 14:00:00,1454.0,1454.0,1454.0,1454.0,0.0,0.0,42.0
2018-06-22 14:05:00,1454.0,1454.0,1454.0,1454.0,0.0,0.0,42.0
2018-06-22 14:10:00,1454.0,1454.0,1454.0,1454.0,0.0,0.0,42.0
2018-06-22 14:15:00,1454.0,1454.0,1454.0,1454.0,0.0,0.0,42.0
2018-06-22 14:20:00,1454.0,1454.0,1454.0,1454.0,0.0,0.0,42.0
2018-06-22 14:25:00,1454.0,1454.0,1454.0,1454.0,0.0,0.0,42.0
2018-06-22 14:30:00,1454.0,1454.0,1454.0,1454.0,0.0,0.0,42.0
2018-06-22 14:35:00,1454.0,1454.0,1454.0,1454.0,0.0,0.0,42.0
2018-06-22 14:40:00,1454.0,1454.0,1454.0,1454.0,0.0,0.0,42.0
2018-06-22 14:45:00,1454.0,1454.0,1454.0,1454.0,0.0,0.0,42.0
2018-06-22 14:50:00,1454.0,1454.0,1454.0,1454.0,0.0,0.0,42.0
2018-06-22 14:55:00,1454.0,1454.0,1454.0,1454.0,0.0,0.0,42.0
2018-06-22 21:00:00,1454.0,1454.0,1454.0,1454.0,0.0,0.0,42.0
2018-06-22 21:05:00,1454.0,1454.0,1454.0,1454.0,0.0,0.0,42.0
2018-06-22 21:10:00,1454.0,1454.0,1454.0,1454.0,0.0,0.0,42.0
2018-06-22 21:15:00,1454.0,1454.0,1454.0,1454.0,0.0,0.0,42.0
2018-06-22 21:20:00,1454.0,1454.0,1454.0,1454.0,0.0,0.0,42.0
2018-06-22 21:25:00,1454.0,1454.0,1440.0,1440.0,10.0,288000.0,42.0
2018-06-22 21:30:00,1440.0,1440.0,1440.0,1440.0,0.0,0.0,42.0
2018-06-22 21:35:00,1440.0,1497.0,1440.0,1497.0,10.0,299600.0,42.0
2018-06-22 21:40:00,1497.0,1497.0,1497.0,1497.0,0.0,0.0,42.0
2018-06-22 21:45:00,1497.0,1497.0,1497.0,1497.0,0.0,0.0,42.0
2018-06-22 21:50:00,1497.0,1497.0,1497.0,1497.0,0.0,0.0,42.0
2018-06-22 21:55:00,1497.0,1497.0,1452.0,1452.0,2.0,57880.0,42.0
2018-06-22 22:00:00,1452.0,1452.0,1452.0,1452.0,0.0,0.0,42.0
2018-06-22 22:05:00,1452.0,1452.0,1452.0,1452.0,0.0,0.0,42.0
2018-06-22 22:10:00,1452.0,1452.0,1452.0,1452.0,0.0,0.0,42.0
2018-06-22 22:15:00,1452.0,1452.0,1452.0,1452.0,0.0,0.0,42.0
2018-06-22 22:20:00,1452.0,1452.0,1452.0,1452.0,0.0,0.0,42.0
2018-06-22 22:25:00,1452.0,1452.0,1452.0,1452.0,0.0,0.0,42.0
2018-06-22 22:30:00,1452.0,1452.0,1452.0,1452.0,0.0,0.0,42.0
2018-06-22 22:35:00,1452.0,1452.0,1452.0,1452.0,0.0,0.0,42.0
2018-06-22 22:40:00,1452.0,1452.0,1452.0,1452.0,0.0,0.0,42.0
2018-06-22 22:45:00,1452.0,1452.0,1452.0,1452.0,0.0,0.0,42.0
2018-06-22 22:50:00,1452.0,1452.0,1452.0,1452.0,0.0,0.0,42.0
2018-06-22 22:55:00,1452.0,1452.0,1452.0,1452.0,0.0,0.0,42.0
2018-06-22 23:00:00,1452.0,1452.0,1452.0,1452.0,0.0,0.0,42.0
2018-06-22 23:05:00,1452.0,1452.0,1452.0,1452.0,0.0,0.0,42.0
2018-06-22 23:10:00,1452.0,1452.0,1452.0,1452.0,0.0,0.0,42.0
2018-06-22 23:15:00,1452.0,1452.0,1452.0,1452.0,0.0,0.0,42.0
2018-06-22 23:20:00,1452.0,1452.0,1452.0,1452.0,0.0,0.0,42.0
2018-06-22 23:25:00,1452.0,1452.0,1452.0,1452.0,0.0,0.0,42.0
2018-06-25 09:00:00,1452.0,1452.0,1452.0,1452.0,0.0,0.0,42.0
2018-06-25 09:05:00,1452.0,1452.0,1452.0,1452.0,0.0,0.0,42.0
2018-06-25 09:10:00,1452.0,1452.0,1452.0,1452.0,0.0,0.0,42.0
2018-06-25 09:15:00,1452.0,1452.0,1452.0,1452.0,0.0,0.0,42.0
2018-06-25 09:20:00,1452.0,1452.0,1452.0,1452.0,0.0,0.0,42.0
2018-06-25 09:25:00,1452.0,1452.0,1452.0,1452.0,0.0,0.0,42.0
2018-06-25 09:30:00,1452.0,1452.0,1452.0,1452.0,0.0,0.0,42.0
2018-06-25 09:35:00,1452.0,1452.0,1452.0,1452.0,0.0,0.0,42.0
2018-06-25 09:40:00,1452.0,1452.0,1452.0,1452.0,0.0,0.0,42.0
2018-06-25 09:45:00,1452.0,1452.0,1452.0,1452.0,0.0,0.0,42.0
2018-06-25 09:50:00,1452.0,1452.0,1452.0,1452.0,0.0,0.0,42.0
2018-06-25 09:55:00,1452.0,1452.0,1452.0,1452.0,0.0,0.0,42.0
2018-06-25 10:00:00,1452.0,1457.0,1452.0,1457.0,2.0,58200.0,42.0
2018-06-25 10:05:00,1457.0,1457.0,1457.0,1457.0,0.0,0.0,42.0
2018-06-25 10:10:00,1457.0,1457.0,1457.0,1457.0,0.0,0.0,42.0
2018-06-25 10:30:00,1457.0,1457.0,1457.0,1457.0,0.0,0.0,42.0
2018-06-25 10:35:00,1457.0,1457.0,1457.0,1457.0,0.0,0.0,42.0
2018-06-25 10:40:00,1457.0,1457.0,1457.0,1457.0,0.0,0.0,42.0
2018-06-25 10:45:00,1457.0,1457.0,1457.0,1457.0,0.0,0.0,42.0
2018-06-25 10:50:00,1457.0,1457.0,1457.0,1457.0,0.0,0.0,42.0
2018-06-25 10:55:00,1457.0,1457.0,1457.0,1457.0,0.0,0.0,42.0
2018-06-25 11:00:00,1457.0,1457.0,1457.0,1457.0,0.0,0.0,42.0
2018-06-25 11:05:00,1457.0,1457.0,1457.0,1457.0,0.0,0.0,42.0
2018-06-25 11:10:00,1457.0,1457.0,1457.0,1457.0,0.0,0.0,42.0
2018-06-25 11:15:00,1457.0,1457.0,1457.0,1457.0,0.0,0.0,42.0
2018-06-25 11:20:00,1457.0,1457.0,1457.0,1457.0,0.0,0.0,42.0
2018-06-25 11:25:00,1457.0,1457.0,1457.0,1457.0,0.0,0.0,42.0
2018-06-25 13:30:00,1457.0,1457.0,1457.0,1457.0,0.0,0.0,42.0
2018-06-25 13:35:00,1457.0,1457.0,1457.0,1457.0,0.0,0.0,42.0
2018-06-25 13:40:00,1457.0,1457.0,1457.0,1457.0,0.0,0.0,42.0
2018-06-25 13:45:00,1457.0,1457.0,1457.0,1457.0,0.0,0.0,42.0
2018-06-25 13:50:00,1457.0,1457.0,1457.0,1457.0,0.0,0.0,42.0
2018-06-25 13:55:00,1457.0,1457.0,1457.0,1457.0,0.0,0.0,42.0
2018-06-25 14:00:00,1457.0,1457.0,1457.0,1457.0,0.0,0.0,42.0
2018-06-25 14:05:00,1457.0,1457.0,1457.0,1457.0,0.0,0.0,42.0
2018-06-25 14:10:00,1457.0,1457.0,1457.0,1457.0,0.0,0.0,42.0
2018-06-25 14:15:00,1457.0,1457.0,1457.0,1457.0,0.0,0.0,42.0
2018-06-25 14:20:00,1457.0,1457.0,1457.0,1457.0,0.0,0.0,42.0
2018-06-25 14:25:00,1457.0,1457.0,1457.0,1457.0,0.0,0.0,42.0
2018-06-25 14:30:00,1457.0,1457.0,1457.0,1457.0,0.0,0.0,42.0
2018-06-25 14:35:00,1457.0,1457.0,1457.0,1457.0,0.0,0.0,42.0
2018-06-25 14:40:00,1457.0,1457.0,1457.0,1457.0,2.0,58120.0,42.0
2018-06-25 14:45:00,1457.0,1457.0,1457.0,1457.0,0.0,0.0,42.0
2018-06-25 14:50:00,1457.0,1457.0,1457.0,1457.0,0.0,0.0,42.0
2018-06-25 14:55:00,1457.0,1457.0,1457.0,1457.0,0.0,0.0,42.0
2018-06-25 21:00:00,1465.0,1465.0,1465.0,1465.0,0.0,0.0,42.0
2018-06-25 21:05:00,1465.0,1465.0,1465.0,1465.0,0.0,0.0,42.0
2018-06-25 21:10:00,1465.0,1465.0,1451.0,1451.0,2.0,58040.0,42.0
2018-06-25 21:15:00,1451.0,1451.0,1451.0,1451.0,0.0,0.0,42.0
2018-06-25 21:20:00,1451.0,1451.0,1451.0,1451.0,0.0,0.0,42.0
2018-06-25 21:25:00,1451.0,1451.0,1451.0,1451.0,0.0,0.0,42.0
2018-06-25 21:30:00,1451.0,1451.0,1451.0,1451.0,0.0,0.0,42.0
2018-06-25 21:35:00,1451.0,1451.0,1451.0,1451.0,0.0,0.0,42.0
2018-06-25 21:40:00,1451.0,1451.0,1451.0,1451.0,0.0,0.0,42.0
2018-06-25 21:45:00,1451.0,1451.0,1451.0,1451.0,0.0,0.0,42.0
2018-06-25 21:50:00,1451.0,1451.0,1451.0,1451.0,0.0,0.0,42.0
2018-06-25 21:55:00,1451.0,1451.0,1451.0,1451.0,0.0,0.0,42.0
2018-06-25 22:00:00,1451.0,1451.0,1451.0,1451.0,0.0,0.0,42.0
2018-06-25 22:05:00,1451.0,1451.0,1451.0,1451.0,0.0,0.0,42.0
2018-06-25 22:10:00,1451.0,1451.0,1451.0,1451.0,0.0,0.0,42.0
2018-06-25 22:15:00,1451.0,1451.0,1451.0,1451.0,0.0,0.0,42.0
2018-06-25 22:20:00,1451.0,1451.0,1451.0,1451.0,0.0,0.0,42.0
2018-06-25 22:25:00,1451.0,1451.0,1451.0,1451.0,0.0,0.0,42.0
2018-06-25 22:30:00,1451.0,1451.0,1451.0,1451.0,0.0,0.0,42.0
2018-06-25 22:35:00,1451.0,1451.0,1451.0,1451.0,0.0,0.0,42.0
2018-06-25 22:40:00,1451.0,1451.0,1451.0,1451.0,0.0,0.0,42.0
2018-06-25 22:45:00,1451.0,1451.0,1451.0,1451.0,0.0,0.0,42.0
2018-06-25 22:50:00,1451.0,1451.0,1451.0,1451.0,0.0,0.0,42.0
2018-06-25 22:55:00,1451.0,1451.0,1451.0,1451.0,0.0,0.0,42.0
2018-06-25 23:00:00,1451.0,1451.0,1451.0,1451.0,0.0,0.0,42.0
2018-06-25 23:05:00,1451.0,1451.0,1451.0,1451.0,0.0,0.0,42.0
2018-06-25 23:10:00,1451.0,1451.0,1451.0,1451.0,0.0,0.0,42.0
2018-06-25 23:15:00,1451.0,1451.0,1451.0,1451.0,0.0,0.0,42.0
2018-06-25 23:20:00,1451.0,1451.0,1451.0,1451.0,0.0,0.0,42.0
2018-06-25 23:25:00,1451.0,1451.0,1451.0,1451.0,0.0,0.0,42.0
2018-06-26 09:00:00,1451.0,1451.0,1450.0,1450.0,2.0,58040.0,42.0
2018-06-26 09:05:00,1450.0,1450.0,1450.0,1450.0,0.0,0.0,42.0
2018-06-26 09:10:00,1450.0,1450.0,1450.0,1450.0,0.0,0.0,42.0
2018-06-26 09:15:00,1450.0,1450.0,1450.0,1450.0,0.0,0.0,42.0
2018-06-26 09:20:00,1450.0,1450.0,1450.0,1450.0,0.0,0.0,42.0
2018-06-26 09:25:00,1450.0,1450.0,1450.0,1450.0,0.0,0.0,42.0
2018-06-26 09:30:00,1450.0,1450.0,1450.0,1450.0,0.0,0.0,42.0
2018-06-26 09:35:00,1450.0,1450.0,1450.0,1450.0,0.0,0.0,42.0
2018-06-26 09:40:00,1450.0,1450.0,1450.0,1450.0,0.0,0.0,42.0
2018-06-26 09:45:00,1450.0,1450.0,1450.0,1450.0,0.0,0.0,42.0
2018-06-26 09:50:00,1450.0,1450.0,1450.0,1450.0,0.0,0.0,42.0
2018-06-26 09:55:00,1450.0,1450.0,1450.0,1450.0,0.0,0.0,42.0
2018-06-26 10:00:00,1450.0,1450.0,1450.0,1450.0,0.0,0.0,42.0
2018-06-26 10:05:00,1450.0,1450.0,1450.0,1450.0,0.0,0.0,42.0
2018-06-26 10:10:00,1450.0,1450.0,1450.0,1450.0,0.0,0.0,42.0
2018-06-26 10:30:00,1450.0,1450.0,1450.0,1450.0,0.0,0.0,42.0
2018-06-26 10:35:00,1450.0,1450.0,1450.0,1450.0,0.0,0.0,42.0
2018-06-26 10:40:00,1450.0,1450.0,1450.0,1450.0,0.0,0.0,42.0
2018-06-26 10:45:00,1450.0,1450.0,1450.0,1450.0,0.0,0.0,42.0
2018-06-26 10:50:00,1450.0,1450.0,1450.0,1450.0,0.0,0.0,42.0
2018-06-26 10:55:00,1450.0,1450.0,1450.0,1450.0,0.0,0.0,42.0
2018-06-26 11:00:00,1450.0,1450.0,1450.0,1450.0,0.0,0.0,42.0
2018-06-26 11:05:00,1450.0,1450.0,1450.0,1450.0,0.0,0.0,42.0
2018-06-26 11:10:00,1450.0,1450.0,1450.0,1450.0,0.0,0.0,42.0
2018-06-26 11:15:00,1450.0,1450.0,1450.0,1450.0,0.0,0.0,42.0
2018-06-26 11:20:00,1450.0,1450.0,1450.0,1450.0,0.0,0.0,42.0
2018-06-26 11:25:00,1450.0,1450.0,1450.0,1450.0,0.0,0.0,42.0
2018-06-26 13:30:00,1450.0,1450.0,1450.0,1450.0,0.0,0.0,42.0
2018-06-26 13:35:00,1450.0,1450.0,1450.0,1450.0,0.0,0.0,42.0
2018-06-26 13:40:00,1450.0,1450.0,1450.0,1450.0,0.0,0.0,42.0
2018-06-26 13:45:00,1450.0,1450.0,1450.0,1450.0,0.0,0.0,42.0
2018-06-26 13:50:00,1450.0,1450.0,1450.0,1450.0,0.0,0.0,42.0
2018-06-26 13:55:00,1450.0,1450.0,1450.0,1450.0,0.0,0.0,42.0
2018-06-26 14:00:00,1450.0,1450.0,1450.0,1450.0,0.0,0.0,42.0
2018-06-26 14:05:00,1450.0,1450.0,1450.0,1450.0,0.0,0.0,42.0
2018-06-26 14:10:00,1450.0,1450.0,1450.0,1450.0,0.0,0.0,42.0
2018-06-26 14:15:00,1450.0,1450.0,1450.0,1450.0,0.0,0.0,42.0
2018-06-26 14:20:00,1450.0,1450.0,1450.0,1450.0,0.0,0.0,42.0
2018-06-26 14:25:00,1450.0,1450.0,1450.0,1450.0,0.0,0.0,42.0
2018-06-26 14:30:00,1450.0,1450.0,1450.0,1450.0,0.0,0.0,42.0
2018-06-26 14:35:00,1450.0,1450.0,1450.0,1450.0,0.0,0.0,42.0
2018-06-26 14:40:00,1450.0,1450.0,1450.0,1450.0,0.0,0.0,42.0
2018-06-26 14:45:00,1450.0,1450.0,1450.0,1450.0,0.0,0.0,42.0
2018-06-26 14:50:00,1450.0,1450.0,1450.0,1450.0,0.0,0.0,42.0
2018-06-26 14:55:00,1450.0,1450.0,1450.0,1450.0,0.0,0.0,42.0
2018-06-26 21:00:00,1451.0,1451.0,1451.0,1451.0,0.0,0.0,42.0
2018-06-26 21:05:00,1451.0,1451.0,1451.0,1451.0,0.0,0.0,42.0
2018-06-26 21:10:00,1451.0,1451.0,1451.0,1451.0,0.0,0.0,42.0
2018-06-26 21:15:00,1451.0,1451.0,1451.0,1451.0,0.0,0.0,42.0
2018-06-26 21:20:00,1451.0,1451.0,1451.0,1451.0,0.0,0.0,42.0
2018-06-26 21:25:00,1451.0,1451.0,1451.0,1451.0,0.0,0.0,42.0
2018-06-26 21:30:00,1451.0,1451.0,1451.0,1451.0,0.0,0.0,42.0
2018-06-26 21:35:00,1451.0,1451.0,1451.0,1451.0,0.0,0.0,42.0
2018-06-26 21:40:00,1451.0,1451.0,1451.0,1451.0,0.0,0.0,42.0
2018-06-26 21:45:00,1451.0,1451.0,1451.0,1451.0,0.0,0.0,42.0
2018-06-26 21:50:00,1451.0,1451.0,1451.0,1451.0,0.0,0.0,42.0
2018-06-26 21:55:00,1451.0,1451.0,1451.0,1451.0,0.0,0.0,42.0
2018-06-26 22:00:00,1451.0,1451.0,1451.0,1451.0,0.0,0.0,42.0
2018-06-26 22:05:00,1451.0,1451.0,1451.0,1451.0,0.0,0.0,42.0
2018-06-26 22:10:00,1451.0,1451.0,1451.0,1451.0,0.0,0.0,42.0
2018-06-26 22:15:00,1451.0,1451.0,1451.0,1451.0,0.0,0.0,42.0
2018-06-26 22:20:00,1451.0,1451.0,1451.0,1451.0,0.0,0.0,42.0
2018-06-26 22:25:00,1451.0,1451.0,1451.0,1451.0,0.0,0.0,42.0
2018-06-26 22:30:00,1451.0,1451.0,1451.0,1451.0,0.0,0.0,42.0
2018-06-26 22:35:00,1451.0,1451.0,1451.0,1451.0,0.0,0.0,42.0
2018-06-26 22:40:00,1451.0,1451.0,1451.0,1451.0,0.0,0.0,42.0
2018-06-26 22:45:00,1451.0,1451.0,1451.0,1451.0,0.0,0.0,42.0
2018-06-26 22:50:00,1451.0,1451.0,1451.0,1451.0,0.0,0.0,42.0
2018-06-26 22:55:00,1451.0,1451.0,1451.0,1451.0,0.0,0.0,42.0
2018-06-26 23:00:00,1451.0,1451.0,1451.0,1451.0,0.0,0.0,42.0
2018-06-26 23:05:00,1451.0,1451.0,1451.0,1451.0,0.0,0.0,42.0
2018-06-26 23:10:00,1451.0,1451.0,1451.0,1451.0,0.0,0.0,42.0
2018-06-26 23:15:00,1451.0,1451.0,1451.0,1451.0,0.0,0.0,42.0
2018-06-26 23:20:00,1451.0,1451.0,1451.0,1451.0,0.0,0.0,42.0
2018-06-26 23:25:00,1451.0,1451.0,1451.0,1451.0,0.0,0.0,42.0
2018-06-27 09:00:00,1451.0,1451.0,1451.0,1451.0,0.0,0.0,42.0
2018-06-27 09:05:00,1451.0,1451.0,1451.0,1451.0,0.0,0.0,42.0
2018-06-27 09:10:00,1451.0,1451.0,1451.0,1451.0,0.0,0.0,42.0
2018-06-27 09:15:00,1451.0,1451.0,1451.0,1451.0,0.0,0.0,42.0
2018-06-27 09:20:00,1451.0,1451.0,1451.0,1451.0,0.0,0.0,42.0
2018-06-27 09:25:00,1451.0,1451.0,1451.0,1451.0,0.0,0.0,42.0
2018-06-27 09:30:00,1451.0,1451.0,1451.0,1451.0,0.0,0.0,42.0
2018-06-27 09:35:00,1451.0,1451.0,1451.0,1451.0,0.0,0.0,42.0
2018-06-27 09:40:00,1451.0,1451.0,1451.0,1451.0,0.0,0.0,42.0
2018-06-27 09:45:00,1451.0,1451.0,1451.0,1451.0,0.0,0.0,42.0
2018-06-27 09:50:00,1451.0,1451.0,1451.0,1451.0,0.0,0.0,42.0
2018-06-27 09:55:00,1451.0,1451.0,1451.0,1451.0,0.0,0.0,42.0
2018-06-27 10:00:00,1451.0,1451.0,1451.0,1451.0,0.0,0.0,42.0
2018-06-27 10:05:00,1451.0,1451.0,1451.0,1451.0,0.0,0.0,42.0
2018-06-27 10:10:00,1451.0,1451.0,1451.0,1451.0,0.0,0.0,42.0
2018-06-27 10:30:00,1451.0,1451.0,1451.0,1451.0,0.0,0.0,42.0
2018-06-27 10:35:00,1451.0,1451.0,1451.0,1451.0,0.0,0.0,42.0
2018-06-27 10:40:00,1451.0,1451.0,1451.0,1451.0,0.0,0.0,42.0
2018-06-27 10:45:00,1451.0,1451.0,1451.0,1451.0,0.0,0.0,42.0
2018-06-27 10:50:00,1451.0,1451.0,1451.0,1451.0,0.0,0.0,42.0
2018-06-27 10:55:00,1451.0,1451.0,1451.0,1451.0,0.0,0.0,42.0
2018-06-27 11:00:00,1451.0,1451.0,1451.0,1451.0,0.0,0.0,42.0
2018-06-27 11:05:00,1451.0,1451.0,1451.0,1451.0,0.0,0.0,42.0
2018-06-27 11:10:00,1451.0,1451.0,1451.0,1451.0,0.0,0.0,42.0
2018-06-27 11:15:00,1451.0,1451.0,1451.0,1451.0,0.0,0.0,42.0
2018-06-27 11:20:00,1451.0,1451.0,1451.0,1451.0,0.0,0.0,42.0
2018-06-27 11:25:00,1451.0,1451.0,1451.0,1451.0,0.0,0.0,42.0
2018-06-27 13:30:00,1451.0,1451.0,1451.0,1451.0,0.0,0.0,42.0
2018-06-27 13:35:00,1451.0,1451.0,1451.0,1451.0,0.0,0.0,42.0
2018-06-27 13:40:00,1451.0,1451.0,1451.0,1451.0,0.0,0.0,42.0
2018-06-27 13:45:00,1451.0,1451.0,1451.0,1451.0,0.0,0.0,42.0
2018-06-27 13:50:00,1451.0,1451.0,1451.0,1451.0,0.0,0.0,42.0
2018-06-27 13:55:00,1451.0,1451.0,1451.0,1451.0,0.0,0.0,42.0
2018-06-27 14:00:00,1451.0,1451.0,1451.0,1451.0,0.0,0.0,42.0
2018-06-27 14:05:00,1451.0,1451.0,1444.0,1444.0,2.0,57760.0,42.0
2018-06-27 14:10:00,1444.0,1444.0,1444.0,1444.0,0.0,0.0,42.0
2018-06-27 14:15:00,1444.0,1444.0,1444.0,1444.0,0.0,0.0,42.0
2018-06-27 14:20:00,1444.0,1444.0,1444.0,1444.0,0.0,0.0,42.0
2018-06-27 14:25:00,1444.0,1444.0,1444.0,1444.0,0.0,0.0,42.0
2018-06-27 14:30:00,1444.0,1444.0,1444.0,1444.0,0.0,0.0,42.0
2018-06-27 14:35:00,1444.0,1444.0,1444.0,1444.0,0.0,0.0,42.0
2018-06-27 14:40:00,1444.0,1444.0,1444.0,1444.0,0.0,0.0,42.0
2018-06-27 14:45:00,1444.0,1444.0,1444.0,1444.0,0.0,0.0,42.0
2018-06-27 14:50:00,1444.0,1444.0,1444.0,1444.0,0.0,0.0,42.0
2018-06-27 14:55:00,1444.0,1444.0,1444.0,1444.0,0.0,0.0,42.0
2018-06-27 21:00:00,1444.0,1444.0,1444.0,1444.0,0.0,0.0,42.0
2018-06-27 21:05:00,1444.0,1444.0,1444.0,1444.0,0.0,0.0,42.0
2018-06-27 21:10:00,1444.0,1444.0,1444.0,1444.0,0.0,0.0,42.0
2018-06-27 21:15:00,1444.0,1444.0,1444.0,1444.0,0.0,0.0,42.0
2018-06-27 21:20:00,1444.0,1444.0,1444.0,1444.0,0.0,0.0,42.0
2018-06-27 21:25:00,1444.0,1444.0,1444.0,1444.0,0.0,0.0,42.0
2018-06-27 21:30:00,1444.0,1444.0,1444.0,1444.0,0.0,0.0,42.0
2018-06-27 21:35:00,1444.0,1444.0,1444.0,1444.0,0.0,0.0,42.0
2018-06-27 21:40:00,1444.0,1444.0,1444.0,1444.0,0.0,0.0,42.0
2018-06-27 21:45:00,1444.0,1444.0,1444.0,1444.0,0.0,0.0,42.0
2018-06-27 21:50:00,1444.0,1444.0,1444.0,1444.0,0.0,0.0,42.0
2018-06-27 21:55:00,1444.0,1444.0,1444.0,1444.0,0.0,0.0,42.0
2018-06-27 22:00:00,1444.0,1444.0,1444.0,1444.0,0.0,0.0,42.0
2018-06-27 22:05:00,1444.0,1444.0,1444.0,1444.0,0.0,0.0,42.0
2018-06-27 22:10:00,1444.0,1444.0,1444.0,1444.0,0.0,0.0,42.0
2018-06-27 22:15:00,1444.0,1444.0,1444.0,1444.0,0.0,0.0,42.0
2018-06-27 22:20:00,1444.0,1444.0,1444.0,1444.0,0.0,0.0,42.0
2018-06-27 22:25:00,1444.0,1444.0,1444.0,1444.0,0.0,0.0,42.0
2018-06-27 22:30:00,1444.0,1444.0,1444.0,1444.0,0.0,0.0,42.0
2018-06-27 22:35:00,1444.0,1444.0,1444.0,1444.0,0.0,0.0,42.0
2018-06-27 22:40:00,1444.0,1444.0,1444.0,1444.0,0.0,0.0,42.0
2018-06-27 22:45:00,1444.0,1444.0,1444.0,1444.0,0.0,0.0,42.0
2018-06-27 22:50:00,1444.0,1444.0,1444.0,1444.0,0.0,0.0,42.0
2018-06-27 22:55:00,1444.0,1444.0,1444.0,1444.0,0.0,0.0,42.0
2018-06-27 23:00:00,1444.0,1444.0,1444.0,1444.0,0.0,0.0,42.0
2018-06-27 23:05:00,1444.0,1444.0,1444.0,1444.0,0.0,0.0,42.0
2018-06-27 23:10:00,1444.0,1444.0,1444.0,1444.0,0.0,0.0,42.0
2018-06-27 23:15:00,1444.0,1444.0,1444.0,1444.0,0.0,0.0,42.0
2018-06-27 23:20:00,1444.0,1444.0,1444.0,1444.0,0.0,0.0,42.0
2018-06-27 23:25:00,1444.0,1444.0,1444.0,1444.0,0.0,0.0,42.0
2018-06-28 09:00:00,1444.0,1444.0,1444.0,1444.0,0.0,0.0,42.0
2018-06-28 09:05:00,1444.0,1444.0,1444.0,1444.0,0.0,0.0,42.0
2018-06-28 09:10:00,1444.0,1444.0,1444.0,1444.0,0.0,0.0,42.0
2018-06-28 09:15:00,1444.0,1444.0,1444.0,1444.0,0.0,0.0,42.0
2018-06-28 09:20:00,1444.0,1444.0,1444.0,1444.0,0.0,0.0,42.0
2018-06-28 09:25:00,1444.0,1444.0,1444.0,1444.0,0.0,0.0,42.0
2018-06-28 09:30:00,1444.0,1444.0,1444.0,1444.0,0.0,0.0,42.0
2018-06-28 09:35:00,1444.0,1444.0,1444.0,1444.0,0.0,0.0,42.0
2018-06-28 09:40:00,1444.0,1444.0,1444.0,1444.0,0.0,0.0,42.0
2018-06-28 09:45:00,1444.0,1444.0,1444.0,1444.0,0.0,0.0,42.0
2018-06-28 09:50:00,1444.0,1444.0,1444.0,1444.0,0.0,0.0,42.0
2018-06-28 09:55:00,1444.0,1444.0,1444.0,1444.0,0.0,0.0,42.0
2018-06-28 10:00:00,1444.0,1444.0,1444.0,1444.0,0.0,0.0,42.0
2018-06-28 10:05:00,1444.0,1444.0,1444.0,1444.0,0.0,0.0,42.0
2018-06-28 10:10:00,1444.0,1444.0,1444.0,1444.0,0.0,0.0,42.0
2018-06-28 10:30:00,1444.0,1444.0,1444.0,1444.0,0.0,0.0,42.0
2018-06-28 10:35:00,1444.0,1444.0,1444.0,1444.0,0.0,0.0,42.0
2018-06-28 10:40:00,1444.0,1444.0,1444.0,1444.0,0.0,0.0,42.0
2018-06-28 10:45:00,1444.0,1444.0,1444.0,1444.0,0.0,0.0,42.0
2018-06-28 10:50:00,1444.0,1444.0,1444.0,1444.0,0.0,0.0,42.0
2018-06-28 10:55:00,1444.0,1444.0,1444.0,1444.0,0.0,0.0,42.0
2018-06-28 11:00:00,1444.0,1444.0,1444.0,1444.0,0.0,0.0,42.0
2018-06-28 11:05:00,1444.0,1444.0,1444.0,1444.0,0.0,0.0,42.0
2018-06-28 11:10:00,1444.0,1444.0,1444.0,1444.0,0.0,0.0,42.0
2018-06-28 11:15:00,1444.0,1444.0,1444.0,1444.0,0.0,0.0,42.0
2018-06-28 11:20:00,1444.0,1444.0,1444.0,1444.0,0.0,0.0,42.0
2018-06-28 11:25:00,1444.0,1444.0,1444.0,1444.0,0.0,0.0,42.0
2018-06-28 13:30:00,1444.0,1444.0,1444.0,1444.0,0.0,0.0,42.0
2018-06-28 13:35:00,1444.0,1497.0,1444.0,1497.0,2.0,59880.0,42.0
2018-06-28 13:40:00,1497.0,1497.0,1497.0,1497.0,0.0,0.0,42.0
2018-06-28 13:45:00,1497.0,1497.0,1497.0,1497.0,0.0,0.0,42.0
2018-06-28 13:50:00,1497.0,1497.0,1497.0,1497.0,0.0,0.0,42.0
2018-06-28 13:55:00,1497.0,1497.0,1497.0,1497.0,0.0,0.0,42.0
2018-06-28 14:00:00,1497.0,1497.0,1497.0,1497.0,0.0,0.0,42.0
2018-06-28 14:05:00,1497.0,1497.0,1497.0,1497.0,0.0,0.0,42.0
2018-06-28 14:10:00,1497.0,1497.0,1497.0,1497.0,0.0,0.0,42.0
2018-06-28 14:15:00,1497.0,1497.0,1497.0,1497.0,0.0,0.0,42.0
2018-06-28 14:20:00,1497.0,1497.0,1497.0,1497.0,0.0,0.0,42.0
2018-06-28 14:25:00,1497.0,1497.0,1497.0,1497.0,0.0,0.0,42.0
2018-06-28 14:30:00,1497.0,1497.0,1497.0,1497.0,0.0,0.0,42.0
2018-06-28 14:35:00,1497.0,1497.0,1497.0,1497.0,0.0,0.0,42.0
2018-06-28 14:40:00,1497.0,1497.0,1497.0,1497.0,0.0,0.0,42.0
2018-06-28 14:45:00,1497.0,1497.0,1497.0,1497.0,0.0,0.0,42.0
2018-06-28 14:50:00,1497.0,1497.0,1497.0,1497.0,0.0,0.0,42.0
2018-06-28 14:55:00,1497.0,1497.0,1497.0,1497.0,0.0,0.0,42.0
2018-06-28 21:00:00,1497.0,1497.0,1497.0,1497.0,0.0,0.0,42.0
2018-06-28 21:05:00,1497.0,1497.0,1497.0,1497.0,0.0,0.0,42.0
2018-06-28 21:10:00,1497.0,1497.0,1497.0,1497.0,0.0,0.0,42.0
2018-06-28 21:15:00,1497.0,1497.0,1490.0,1490.0,4.0,119200.0,46.0
2018-06-28 21:20:00,1490.0,1490.0,1490.0,1490.0,0.0,0.0,46.0
2018-06-28 21:25:00,1490.0,1490.0,1490.0,1490.0,0.0,0.0,46.0
2018-06-28 21:30:00,1490.0,1490.0,1490.0,1490.0,0.0,0.0,46.0
2018-06-28 21:35:00,1490.0,1490.0,1490.0,1490.0,0.0,0.0,46.0
2018-06-28 21:40:00,1490.0,1490.0,1490.0,1490.0,0.0,0.0,46.0
2018-06-28 21:45:00,1490.0,1490.0,1490.0,1490.0,0.0,0.0,46.0
2018-06-28 21:50:00,1490.0,1490.0,1490.0,1490.0,0.0,0.0,46.0
2018-06-28 21:55:00,1490.0,1490.0,1490.0,1490.0,0.0,0.0,46.0
2018-06-28 22:00:00,1490.0,1490.0,1490.0,1490.0,0.0,0.0,46.0
2018-06-28 22:05:00,1490.0,1490.0,1490.0,1490.0,0.0,0.0,46.0
2018-06-28 22:10:00,1490.0,1490.0,1490.0,1490.0,0.0,0.0,46.0
2018-06-28 22:15:00,1490.0,1490.0,1490.0,1490.0,0.0,0.0,46.0
2018-06-28 22:20:00,1490.0,1490.0,1490.0,1490.0,0.0,0.0,46.0
2018-06-28 22:25:00,1490.0,1490.0,1490.0,1490.0,0.0,0.0,46.0
2018-06-28 22:30:00,1490.0,1490.0,1490.0,1490.0,0.0,0.0,46.0
2018-06-28 22:35:00,1490.0,1490.0,1490.0,1490.0,0.0,0.0,46.0
2018-06-28 22:40:00,1490.0,1490.0,1490.0,1490.0,0.0,0.0,46.0
2018-06-28 22:45:00,1490.0,1490.0,1490.0,1490.0,0.0,0.0,46.0
2018-06-28 22:50:00,1490.0,1490.0,1490.0,1490.0,0.0,0.0,46.0
2018-06-28 22:55:00,1490.0,1490.0,1490.0,1490.0,0.0,0.0,46.0
2018-06-28 23:00:00,1490.0,1490.0,1490.0,1490.0,0.0,0.0,46.0
2018-06-28 23:05:00,1490.0,1490.0,1490.0,1490.0,0.0,0.0,46.0
2018-06-28 23:10:00,1490.0,1490.0,1490.0,1490.0,0.0,0.0,46.0
2018-06-28 23:15:00,1490.0,1490.0,1490.0,1490.0,0.0,0.0,46.0
2018-06-28 23:20:00,1490.0,1490.0,1490.0,1490.0,0.0,0.0,46.0
2018-06-28 23:25:00,1490.0,1490.0,1490.0,1490.0,0.0,0.0,46.0
2018-06-29 09:00:00,1490.0,1490.0,1490.0,1490.0,0.0,0.0,46.0
2018-06-29 09:05:00,1490.0,1490.0,1490.0,1490.0,0.0,0.0,46.0
2018-06-29 09:10:00,1490.0,1490.0,1490.0,1490.0,0.0,0.0,46.0
2018-06-29 09:15:00,1490.0,1490.0,1490.0,1490.0,0.0,0.0,46.0
2018-06-29 09:20:00,1490.0,1490.0,1490.0,1490.0,0.0,0.0,46.0
2018-06-29 09:25:00,1490.0,1490.0,1490.0,1490.0,0.0,0.0,46.0
2018-06-29 09:30:00,1490.0,1490.0,1490.0,1490.0,0.0,0.0,46.0
2018-06-29 09:35:00,1490.0,1490.0,1490.0,1490.0,0.0,0.0,46.0
2018-06-29 09:40:00,1490.0,1490.0,1490.0,1490.0,0.0,0.0,46.0
2018-06-29 09:45:00,1490.0,1490.0,1490.0,1490.0,0.0,0.0,46.0
2018-06-29 09:50:00,1490.0,1490.0,1490.0,1490.0,0.0,0.0,46.0
2018-06-29 09:55:00,1490.0,1490.0,1490.0,1490.0,0.0,0.0,46.0
2018-06-29 10:00:00,1490.0,1490.0,1490.0,1490.0,0.0,0.0,46.0
2018-06-29 10:05:00,1490.0,1490.0,1490.0,1490.0,0.0,0.0,46.0
2018-06-29 10:10:00,1490.0,1490.0,1490.0,1490.0,2.0,59600.0,44.0
2018-06-29 10:30:00,1490.0,1490.0,1490.0,1490.0,0.0,0.0,44.0
2018-06-29 10:35:00,1490.0,1490.0,1490.0,1490.0,2.0,59600.0,42.0
2018-06-29 10:40:00,1490.0,1490.0,1490.0,1490.0,0.0,0.0,42.0
2018-06-29 10:45:00,1490.0,1490.0,1490.0,1490.0,0.0,0.0,42.0
2018-06-29 10:50:00,1490.0,1490.0,1490.0,1490.0,0.0,0.0,42.0
2018-06-29 10:55:00,1490.0,1490.0,1490.0,1490.0,0.0,0.0,42.0
2018-06-29 11:00:00,1490.0,1490.0,1490.0,1490.0,0.0,0.0,42.0
2018-06-29 11:05:00,1490.0,1490.0,1490.0,1490.0,0.0,0.0,42.0
2018-06-29 11:10:00,1490.0,1490.0,1490.0,1490.0,0.0,0.0,42.0
2018-06-29 11:15:00,1490.0,1490.0,1490.0,1490.0,0.0,0.0,42.0
2018-06-29 11:20:00,1490.0,1490.0,1490.0,1490.0,0.0,0.0,42.0
2018-06-29 11:25:00,1490.0,1490.0,1490.0,1490.0,0.0,0.0,42.0
2018-06-29 13:30:00,1490.0,1490.0,1490.0,1490.0,0.0,0.0,42.0
2018-06-29 13:35:00,1490.0,1490.0,1490.0,1490.0,0.0,0.0,42.0
2018-06-29 13:40:00,1490.0,1490.0,1490.0,1490.0,0.0,0.0,42.0
2018-06-29 13:45:00,1490.0,1490.0,1482.0,1482.0,2.0,59200.0,42.0
2018-06-29 13:50:00,1482.0,1482.0,1482.0,1482.0,0.0,0.0,42.0
2018-06-29 13:55:00,1482.0,1482.0,1482.0,1482.0,0.0,0.0,42.0
2018-06-29 14:00:00,1482.0,1482.0,1482.0,1482.0,0.0,0.0,42.0
2018-06-29 14:05:00,1482.0,1482.0,1482.0,1482.0,0.0,0.0,42.0
2018-06-29 14:10:00,1482.0,1482.0,1482.0,1482.0,0.0,0.0,42.0
2018-06-29 14:15:00,1482.0,1482.0,1482.0,1482.0,0.0,0.0,42.0
2018-06-29 14:20:00,1482.0,1482.0,1482.0,1482.0,0.0,0.0,42.0
2018-06-29 14:25:00,1482.0,1482.0,1482.0,1482.0,0.0,0.0,42.0
2018-06-29 14:30:00,1482.0,1482.0,1482.0,1482.0,0.0,0.0,42.0
2018-06-29 14:35:00,1482.0,1482.0,1482.0,1482.0,0.0,0.0,42.0
2018-06-29 14:40:00,1482.0,1482.0,1482.0,1482.0,0.0,0.0,42.0
2018-06-29 14:45:00,1482.0,1482.0,1482.0,1482.0,0.0,0.0,42.0
2018-06-29 14:50:00,1482.0,1482.0,1482.0,1482.0,0.0,0.0,42.0
2018-06-29 14:55:00,1482.0,1482.0,1482.0,1482.0,0.0,0.0,42.0
2018-06-29 21:00:00,1488.0,1488.0,1488.0,1488.0,0.0,0.0,42.0
2018-06-29 21:05:00,1488.0,1488.0,1488.0,1488.0,0.0,0.0,42.0
2018-06-29 21:10:00,1488.0,1488.0,1488.0,1488.0,0.0,0.0,42.0
2018-06-29 21:15:00,1488.0,1488.0,1488.0,1488.0,0.0,0.0,42.0
2018-06-29 21:20:00,1488.0,1488.0,1488.0,1488.0,0.0,0.0,42.0
2018-06-29 21:25:00,1488.0,1488.0,1488.0,1488.0,0.0,0.0,42.0
2018-06-29 21:30:00,1488.0,1488.0,1488.0,1488.0,0.0,0.0,42.0
2018-06-29 21:35:00,1488.0,1488.0,1488.0,1488.0,0.0,0.0,42.0
2018-06-29 21:40:00,1488.0,1488.0,1488.0,1488.0,0.0,0.0,42.0
2018-06-29 21:45:00,1488.0,1488.0,1488.0,1488.0,0.0,0.0,42.0
2018-06-29 21:50:00,1488.0,1488.0,1488.0,1488.0,0.0,0.0,42.0
2018-06-29 21:55:00,1488.0,1488.0,1488.0,1488.0,0.0,0.0,42.0
2018-06-29 22:00:00,1488.0,1488.0,1488.0,1488.0,0.0,0.0,42.0
2018-06-29 22:05:00,1488.0,1488.0,1488.0,1488.0,0.0,0.0,42.0
2018-06-29 22:10:00,1488.0,1488.0,1488.0,1488.0,0.0,0.0,42.0
2018-06-29 22:15:00,1488.0,1488.0,1488.0,1488.0,0.0,0.0,42.0
2018-06-29 22:20:00,1488.0,1488.0,1488.0,1488.0,0.0,0.0,42.0
2018-06-29 22:25:00,1488.0,1488.0,1488.0,1488.0,0.0,0.0,42.0
2018-06-29 22:30:00,1488.0,1488.0,1488.0,1488.0,0.0,0.0,42.0
2018-06-29 22:35:00,1488.0,1488.0,1488.0,1488.0,0.0,0.0,42.0
2018-06-29 22:40:00,1488.0,1488.0,1488.0,1488.0,0.0,0.0,42.0
2018-06-29 22:45:00,1488.0,1488.0,1488.0,1488.0,0.0,0.0,42.0
2018-06-29 22:50:00,1488.0,1488.0,1488.0,1488.0,0.0,0.0,42.0
2018-06-29 22:55:00,1488.0,1488.0,1488.0,1488.0,0.0,0.0,42.0
2018-06-29 23:00:00,1488.0,1488.0,1488.0,1488.0,0.0,0.0,42.0
2018-06-29 23:05:00,1488.0,1488.0,1488.0,1488.0,0.0,0.0,42.0
2018-06-29 23:10:00,1488.0,1488.0,1488.0,1488.0,0.0,0.0,42.0
2018-06-29 23:15:00,1488.0,1488.0,1488.0,1488.0,0.0,0.0,42.0
2018-06-29 23:20:00,1488.0,1488.0,1488.0,1488.0,0.0,0.0,42.0
2018-06-29 23:25:00,1488.0,1488.0,1488.0,1488.0,0.0,0.0,42.0
2018-07-02 09:00:00,1488.0,1488.0,1488.0,1488.0,0.0,0.0,42.0
2018-07-02 09:05:00,1488.0,1488.0,1488.0,1488.0,0.0,0.0,42.0
2018-07-02 09:10:00,1488.0,1488.0,1488.0,1488.0,0.0,0.0,42.0
2018-07-02 09:15:00,1488.0,1488.0,1488.0,1488.0,0.0,0.0,42.0
2018-07-02 09:20:00,1488.0,1488.0,1488.0,1488.0,0.0,0.0,42.0
2018-07-02 09:25:00,1488.0,1488.0,1488.0,1488.0,0.0,0.0,42.0
2018-07-02 09:30:00,1488.0,1488.0,1488.0,1488.0,0.0,0.0,42.0
2018-07-02 09:35:00,1488.0,1488.0,1488.0,1488.0,0.0,0.0,42.0
2018-07-02 09:40:00,1488.0,1488.0,1488.0,1488.0,0.0,0.0,42.0
2018-07-02 09:45:00,1488.0,1488.0,1488.0,1488.0,0.0,0.0,42.0
2018-07-02 09:50:00,1488.0,1488.0,1488.0,1488.0,0.0,0.0,42.0
2018-07-02 09:55:00,1488.0,1488.0,1488.0,1488.0,0.0,0.0,42.0
2018-07-02 10:00:00,1488.0,1488.0,1488.0,1488.0,0.0,0.0,42.0
2018-07-02 10:05:00,1488.0,1488.0,1488.0,1488.0,0.0,0.0,42.0
2018-07-02 10:10:00,1488.0,1488.0,1488.0,1488.0,0.0,0.0,42.0
2018-07-02 10:30:00,1488.0,1488.0,1488.0,1488.0,0.0,0.0,42.0
2018-07-02 10:35:00,1488.0,1488.0,1488.0,1488.0,0.0,0.0,42.0
2018-07-02 10:40:00,1488.0,1488.0,1488.0,1488.0,0.0,0.0,42.0
2018-07-02 10:45:00,1488.0,1488.0,1488.0,1488.0,0.0,0.0,42.0
2018-07-02 10:50:00,1488.0,1488.0,1488.0,1488.0,0.0,0.0,42.0
2018-07-02 10:55:00,1488.0,1488.0,1488.0,1488.0,0.0,0.0,42.0
2018-07-02 11:00:00,1488.0,1488.0,1488.0,1488.0,0.0,0.0,42.0
2018-07-02 11:05:00,1488.0,1488.0,1488.0,1488.0,0.0,0.0,42.0
2018-07-02 11:10:00,1488.0,1488.0,1488.0,1488.0,0.0,0.0,42.0
2018-07-02 11:15:00,1488.0,1488.0,1488.0,1488.0,0.0,0.0,42.0
2018-07-02 11:20:00,1488.0,1488.0,1488.0,1488.0,0.0,0.0,42.0
2018-07-02 11:25:00,1488.0,1488.0,1488.0,1488.0,0.0,0.0,42.0
2018-07-02 13:30:00,1488.0,1488.0,1488.0,1488.0,0.0,0.0,42.0
2018-07-02 13:35:00,1488.0,1488.0,1488.0,1488.0,0.0,0.0,42.0
2018-07-02 13:40:00,1488.0,1488.0,1488.0,1488.0,0.0,0.0,42.0
2018-07-02 13:45:00,1488.0,1488.0,1488.0,1488.0,0.0,0.0,42.0
2018-07-02 13:50:00,1488.0,1488.0,1488.0,1488.0,0.0,0.0,42.0
2018-07-02 13:55:00,1488.0,1488.0,1488.0,1488.0,0.0,0.0,42.0
2018-07-02 14:00:00,1488.0,1488.0,1488.0,1488.0,0.0,0.0,42.0
2018-07-02 14:05:00,1488.0,1488.0,1488.0,1488.0,0.0,0.0,42.0
2018-07-02 14:10:00,1488.0,1488.0,1488.0,1488.0,0.0,0.0,42.0
2018-07-02 14:15:00,1488.0,1488.0,1488.0,1488.0,0.0,0.0,42.0
2018-07-02 14:20:00,1488.0,1488.0,1488.0,1488.0,0.0,0.0,42.0
2018-07-02 14:25:00,1488.0,1488.0,1488.0,1488.0,0.0,0.0,42.0
2018-07-02 14:30:00,1488.0,1488.0,1488.0,1488.0,0.0,0.0,42.0
2018-07-02 14:35:00,1488.0,1488.0,1488.0,1488.0,0.0,0.0,42.0
2018-07-02 14:40:00,1488.0,1488.0,1488.0,1488.0,0.0,0.0,42.0
2018-07-02 14:45:00,1488.0,1488.0,1488.0,1488.0,0.0,0.0,42.0
2018-07-02 14:50:00,1488.0,1488.0,1488.0,1488.0,0.0,0.0,42.0
2018-07-02 14:55:00,1488.0,1488.0,1488.0,1488.0,0.0,0.0,42.0
2018-07-02 21:00:00,1488.0,1488.0,1488.0,1488.0,0.0,0.0,42.0
2018-07-02 21:05:00,1488.0,1488.0,1488.0,1488.0,0.0,0.0,42.0
2018-07-02 21:10:00,1488.0,1488.0,1488.0,1488.0,0.0,0.0,42.0
2018-07-02 21:15:00,1488.0,1488.0,1488.0,1488.0,0.0,0.0,42.0
2018-07-02 21:20:00,1488.0,1488.0,1488.0,1488.0,0.0,0.0,42.0
2018-07-02 21:25:00,1488.0,1488.0,1488.0,1488.0,0.0,0.0,42.0
2018-07-02 21:30:00,1488.0,1488.0,1488.0,1488.0,0.0,0.0,42.0
2018-07-02 21:35:00,1488.0,1488.0,1488.0,1488.0,0.0,0.0,42.0
2018-07-02 21:40:00,1488.0,1488.0,1488.0,1488.0,0.0,0.0,42.0
2018-07-02 21:45:00,1488.0,1488.0,1488.0,1488.0,0.0,0.0,42.0
2018-07-02 21:50:00,1488.0,1488.0,1488.0,1488.0,0.0,0.0,42.0
2018-07-02 21:55:00,1488.0,1488.0,1488.0,1488.0,0.0,0.0,42.0
2018-07-02 22:00:00,1488.0,1488.0,1488.0,1488.0,0.0,0.0,42.0
2018-07-02 22:05:00,1488.0,1488.0,1488.0,1488.0,0.0,0.0,42.0
2018-07-02 22:10:00,1488.0,1488.0,1488.0,1488.0,0.0,0.0,42.0
2018-07-02 22:15:00,1488.0,1488.0,1488.0,1488.0,0.0,0.0,42.0
2018-07-02 22:20:00,1488.0,1488.0,1488.0,1488.0,0.0,0.0,42.0
2018-07-02 22:25:00,1488.0,1488.0,1488.0,1488.0,0.0,0.0,42.0
2018-07-02 22:30:00,1488.0,1488.0,1488.0,1488.0,0.0,0.0,42.0
2018-07-02 22:35:00,1488.0,1488.0,1488.0,1488.0,0.0,0.0,42.0
2018-07-02 22:40:00,1488.0,1488.0,1488.0,1488.0,0.0,0.0,42.0
2018-07-02 22:45:00,1488.0,1488.0,1488.0,1488.0,0.0,0.0,42.0
2018-07-02 22:50:00,1488.0,1488.0,1488.0,1488.0,0.0,0.0,42.0
2018-07-02 22:55:00,1488.0,1488.0,1488.0,1488.0,0.0,0.0,42.0
2018-07-02 23:00:00,1488.0,1488.0,1488.0,1488.0,0.0,0.0,42.0
2018-07-02 23:05:00,1488.0,1488.0,1488.0,1488.0,0.0,0.0,42.0
2018-07-02 23:10:00,1488.0,1488.0,1488.0,1488.0,0.0,0.0,42.0
2018-07-02 23:15:00,1488.0,1488.0,1488.0,1488.0,0.0,0.0,42.0
2018-07-02 23:20:00,1488.0,1488.0,1488.0,1488.0,0.0,0.0,42.0
2018-07-02 23:25:00,1488.0,1488.0,1488.0,1488.0,0.0,0.0,42.0
2018-07-03 09:00:00,1488.0,1488.0,1488.0,1488.0,0.0,0.0,42.0
2018-07-03 09:05:00,1488.0,1488.0,1488.0,1488.0,0.0,0.0,42.0
2018-07-03 09:10:00,1488.0,1488.0,1488.0,1488.0,0.0,0.0,42.0
2018-07-03 09:15:00,1488.0,1488.0,1488.0,1488.0,0.0,0.0,42.0
2018-07-03 09:20:00,1488.0,1488.0,1488.0,1488.0,0.0,0.0,42.0
2018-07-03 09:25:00,1488.0,1488.0,1488.0,1488.0,0.0,0.0,42.0
2018-07-03 09:30:00,1488.0,1488.0,1488.0,1488.0,0.0,0.0,42.0
2018-07-03 09:35:00,1488.0,1488.0,1488.0,1488.0,0.0,0.0,42.0
2018-07-03 09:40:00,1488.0,1488.0,1488.0,1488.0,0.0,0.0,42.0
2018-07-03 09:45:00,1488.0,1488.0,1488.0,1488.0,0.0,0.0,42.0
2018-07-03 09:50:00,1488.0,1488.0,1488.0,1488.0,0.0,0.0,42.0
2018-07-03 09:55:00,1488.0,1488.0,1488.0,1488.0,0.0,0.0,42.0
2018-07-03 10:00:00,1488.0,1488.0,1488.0,1488.0,0.0,0.0,42.0
2018-07-03 10:05:00,1488.0,1488.0,1488.0,1488.0,0.0,0.0,42.0
2018-07-03 10:10:00,1488.0,1488.0,1488.0,1488.0,0.0,0.0,42.0
2018-07-03 10:30:00,1488.0,1488.0,1488.0,1488.0,0.0,0.0,42.0
2018-07-03 10:35:00,1488.0,1488.0,1488.0,1488.0,0.0,0.0,42.0
2018-07-03 10:40:00,1488.0,1488.0,1488.0,1488.0,0.0,0.0,42.0
2018-07-03 10:45:00,1488.0,1488.0,1488.0,1488.0,0.0,0.0,42.0
2018-07-03 10:50:00,1488.0,1488.0,1488.0,1488.0,0.0,0.0,42.0
2018-07-03 10:55:00,1488.0,1488.0,1488.0,1488.0,0.0,0.0,42.0
2018-07-03 11:00:00,1488.0,1488.0,1488.0,1488.0,0.0,0.0,42.0
2018-07-03 11:05:00,1488.0,1488.0,1488.0,1488.0,0.0,0.0,42.0
2018-07-03 11:10:00,1488.0,1488.0,1488.0,1488.0,0.0,0.0,42.0
2018-07-03 11:15:00,1488.0,1488.0,1488.0,1488.0,0.0,0.0,42.0
2018-07-03 11:20:00,1488.0,1488.0,1488.0,1488.0,0.0,0.0,42.0
2018-07-03 11:25:00,1488.0,1488.0,1488.0,1488.0,0.0,0.0,42.0
2018-07-03 13:30:00,1488.0,1488.0,1488.0,1488.0,0.0,0.0,42.0
2018-07-03 13:35:00,1488.0,1488.0,1488.0,1488.0,0.0,0.0,42.0
2018-07-03 13:40:00,1488.0,1488.0,1488.0,1488.0,0.0,0.0,42.0
2018-07-03 13:45:00,1488.0,1488.0,1488.0,1488.0,0.0,0.0,42.0
2018-07-03 13:50:00,1488.0,1488.0,1488.0,1488.0,0.0,0.0,42.0
2018-07-03 13:55:00,1488.0,1488.0,1488.0,1488.0,0.0,0.0,42.0
2018-07-03 14:00:00,1488.0,1488.0,1488.0,1488.0,0.0,0.0,42.0
2018-07-03 14:05:00,1488.0,1488.0,1488.0,1488.0,0.0,0.0,42.0
2018-07-03 14:10:00,1488.0,1488.0,1488.0,1488.0,0.0,0.0,42.0
2018-07-03 14:15:00,1488.0,1488.0,1488.0,1488.0,0.0,0.0,42.0
2018-07-03 14:20:00,1488.0,1488.0,1488.0,1488.0,0.0,0.0,42.0
2018-07-03 14:25:00,1488.0,1488.0,1488.0,1488.0,0.0,0.0,42.0
2018-07-03 14:30:00,1488.0,1488.0,1488.0,1488.0,0.0,0.0,42.0
2018-07-03 14:35:00,1488.0,1488.0,1488.0,1488.0,0.0,0.0,42.0
2018-07-03 14:40:00,1488.0,1488.0,1488.0,1488.0,0.0,0.0,42.0
2018-07-03 14:45:00,1488.0,1488.0,1488.0,1488.0,0.0,0.0,42.0
2018-07-03 14:50:00,1488.0,1488.0,1488.0,1488.0,0.0,0.0,42.0
2018-07-03 14:55:00,1488.0,1488.0,1488.0,1488.0,0.0,0.0,42.0
2018-07-03 21:00:00,1488.0,1488.0,1488.0,1488.0,0.0,0.0,42.0
2018-07-03 21:05:00,1488.0,1488.0,1488.0,1488.0,0.0,0.0,42.0
2018-07-03 21:10:00,1488.0,1488.0,1488.0,1488.0,0.0,0.0,42.0
2018-07-03 21:15:00,1488.0,1488.0,1488.0,1488.0,0.0,0.0,42.0
2018-07-03 21:20:00,1488.0,1488.0,1488.0,1488.0,0.0,0.0,42.0
2018-07-03 21:25:00,1488.0,1488.0,1488.0,1488.0,0.0,0.0,42.0
2018-07-03 21:30:00,1488.0,1488.0,1488.0,1488.0,0.0,0.0,42.0
2018-07-03 21:35:00,1488.0,1488.0,1488.0,1488.0,0.0,0.0,42.0
2018-07-03 21:40:00,1488.0,1488.0,1488.0,1488.0,0.0,0.0,42.0
2018-07-03 21:45:00,1488.0,1488.0,1488.0,1488.0,0.0,0.0,42.0
2018-07-03 21:50:00,1488.0,1488.0,1488.0,1488.0,0.0,0.0,42.0
2018-07-03 21:55:00,1488.0,1488.0,1488.0,1488.0,0.0,0.0,42.0
2018-07-03 22:00:00,1488.0,1488.0,1488.0,1488.0,0.0,0.0,42.0
2018-07-03 22:05:00,1488.0,1488.0,1488.0,1488.0,0.0,0.0,42.0
2018-07-03 22:10:00,1488.0,1488.0,1488.0,1488.0,0.0,0.0,42.0
2018-07-03 22:15:00,1488.0,1488.0,1488.0,1488.0,0.0,0.0,42.0
2018-07-03 22:20:00,1488.0,1488.0,1488.0,1488.0,0.0,0.0,42.0
2018-07-03 22:25:00,1488.0,1488.0,1488.0,1488.0,0.0,0.0,42.0
2018-07-03 22:30:00,1488.0,1488.0,1488.0,1488.0,0.0,0.0,42.0
2018-07-03 22:35:00,1488.0,1488.0,1488.0,1488.0,0.0,0.0,42.0
2018-07-03 22:40:00,1488.0,1488.0,1488.0,1488.0,0.0,0.0,42.0
2018-07-03 22:45:00,1488.0,1488.0,1488.0,1488.0,0.0,0.0,42.0
2018-07-03 22:50:00,1488.0,1488.0,1488.0,1488.0,0.0,0.0,42.0
2018-07-03 22:55:00,1488.0,1488.0,1488.0,1488.0,0.0,0.0,42.0
2018-07-03 23:00:00,1488.0,1488.0,1488.0,1488.0,0.0,0.0,42.0
2018-07-03 23:05:00,1488.0,1488.0,1488.0,1488.0,0.0,0.0,42.0
2018-07-03 23:10:00,1488.0,1488.0,1488.0,1488.0,0.0,0.0,42.0
2018-07-03 23:15:00,1488.0,1488.0,1488.0,1488.0,0.0,0.0,42.0
2018-07-03 23:20:00,1488.0,1488.0,1488.0,1488.0,0.0,0.0,42.0
2018-07-03 23:25:00,1488.0,1488.0,1488.0,1488.0,0.0,0.0,42.0
2018-07-04 09:00:00,1488.0,1488.0,1488.0,1488.0,0.0,0.0,42.0
2018-07-04 09:05:00,1488.0,1488.0,1488.0,1488.0,0.0,0.0,42.0
2018-07-04 09:10:00,1488.0,1488.0,1488.0,1488.0,0.0,0.0,42.0
2018-07-04 09:15:00,1488.0,1488.0,1488.0,1488.0,0.0,0.0,42.0
2018-07-04 09:20:00,1488.0,1494.0,1488.0,1494.0,2.0,59760.0,42.0
2018-07-04 09:25:00,1494.0,1494.0,1494.0,1494.0,0.0,0.0,42.0
2018-07-04 09:30:00,1494.0,1494.0,1494.0,1494.0,0.0,0.0,42.0
2018-07-04 09:35:00,1494.0,1494.0,1494.0,1494.0,0.0,0.0,42.0
2018-07-04 09:40:00,1494.0,1494.0,1494.0,1494.0,0.0,0.0,42.0
2018-07-04 09:45:00,1494.0,1494.0,1494.0,1494.0,0.0,0.0,42.0
2018-07-04 09:50:00,1494.0,1494.0,1480.0,1480.0,2.0,59200.0,42.0
2018-07-04 09:55:00,1480.0,1480.0,1480.0,1480.0,0.0,0.0,42.0
2018-07-04 10:00:00,1480.0,1480.0,1480.0,1480.0,0.0,0.0,42.0
2018-07-04 10:05:00,1480.0,1480.0,1480.0,1480.0,0.0,0.0,42.0
2018-07-04 10:10:00,1480.0,1480.0,1480.0,1480.0,0.0,0.0,42.0
2018-07-04 10:30:00,1480.0,1480.0,1480.0,1480.0,0.0,0.0,42.0
2018-07-04 10:35:00,1480.0,1480.0,1480.0,1480.0,0.0,0.0,42.0
2018-07-04 10:40:00,1480.0,1480.0,1480.0,1480.0,0.0,0.0,42.0
2018-07-04 10:45:00,1480.0,1480.0,1480.0,1480.0,0.0,0.0,42.0
2018-07-04 10:50:00,1480.0,1480.0,1480.0,1480.0,0.0,0.0,42.0
2018-07-04 10:55:00,1480.0,1480.0,1480.0,1480.0,0.0,0.0,42.0
2018-07-04 11:00:00,1480.0,1480.0,1480.0,1480.0,0.0,0.0,42.0
2018-07-04 11:05:00,1480.0,1480.0,1480.0,1480.0,4.0,118480.0,46.0
2018-07-04 11:10:00,1480.0,1480.0,1480.0,1480.0,0.0,0.0,46.0
2018-07-04 11:15:00,1480.0,1480.0,1480.0,1480.0,0.0,0.0,46.0
2018-07-04 11:20:00,1480.0,1480.0,1480.0,1480.0,0.0,0.0,46.0
2018-07-04 11:25:00,1480.0,1480.0,1480.0,1480.0,0.0,0.0,46.0
2018-07-04 13:30:00,1480.0,1480.0,1480.0,1480.0,0.0,0.0,46.0
2018-07-04 13:35:00,1480.0,1480.0,1480.0,1480.0,0.0,0.0,46.0
2018-07-04 13:40:00,1480.0,1480.0,1480.0,1480.0,0.0,0.0,46.0
2018-07-04 13:45:00,1480.0,1480.0,1480.0,1480.0,0.0,0.0,46.0
2018-07-04 13:50:00,1480.0,1480.0,1480.0,1480.0,0.0,0.0,46.0
2018-07-04 13:55:00,1480.0,1480.0,1480.0,1480.0,0.0,0.0,46.0
2018-07-04 14:00:00,1480.0,1480.0,1480.0,1480.0,0.0,0.0,46.0
2018-07-04 14:05:00,1480.0,1480.0,1480.0,1480.0,0.0,0.0,46.0
2018-07-04 14:10:00,1480.0,1480.0,1480.0,1480.0,0.0,0.0,46.0
2018-07-04 14:15:00,1480.0,1480.0,1480.0,1480.0,0.0,0.0,46.0
2018-07-04 14:20:00,1480.0,1480.0,1480.0,1480.0,0.0,0.0,46.0
2018-07-04 14:25:00,1480.0,1480.0,1480.0,1480.0,0.0,0.0,46.0
2018-07-04 14:30:00,1480.0,1480.0,1480.0,1480.0,0.0,0.0,46.0
2018-07-04 14:35:00,1480.0,1480.0,1480.0,1480.0,0.0,0.0,46.0
2018-07-04 14:40:00,1480.0,1480.0,1480.0,1480.0,0.0,0.0,46.0
2018-07-04 14:45:00,1480.0,1480.0,1480.0,1480.0,0.0,0.0,46.0
2018-07-04 14:50:00,1480.0,1480.0,1480.0,1480.0,0.0,0.0,46.0
2018-07-04 14:55:00,1480.0,1480.0,1480.0,1480.0,0.0,0.0,46.0
2018-07-04 21:00:00,1484.0,1484.0,1484.0,1484.0,0.0,0.0,46.0
2018-07-04 21:05:00,1484.0,1484.0,1484.0,1484.0,0.0,0.0,46.0
2018-07-04 21:10:00,1484.0,1484.0,1484.0,1484.0,0.0,0.0,46.0
2018-07-04 21:15:00,1484.0,1484.0,1484.0,1484.0,0.0,0.0,46.0
2018-07-04 21:20:00,1484.0,1484.0,1484.0,1484.0,0.0,0.0,46.0
2018-07-04 21:25:00,1484.0,1484.0,1484.0,1484.0,0.0,0.0,46.0
2018-07-04 21:30:00,1484.0,1484.0,1484.0,1484.0,0.0,0.0,46.0
2018-07-04 21:35:00,1484.0,1484.0,1484.0,1484.0,0.0,0.0,46.0
2018-07-04 21:40:00,1484.0,1484.0,1484.0,1484.0,0.0,0.0,46.0
2018-07-04 21:45:00,1484.0,1484.0,1484.0,1484.0,0.0,0.0,46.0
2018-07-04 21:50:00,1484.0,1484.0,1484.0,1484.0,0.0,0.0,46.0
2018-07-04 21:55:00,1484.0,1484.0,1484.0,1484.0,0.0,0.0,46.0
2018-07-04 22:00:00,1484.0,1484.0,1484.0,1484.0,0.0,0.0,46.0
2018-07-04 22:05:00,1484.0,1484.0,1484.0,1484.0,0.0,0.0,46.0
2018-07-04 22:10:00,1484.0,1484.0,1484.0,1484.0,0.0,0.0,46.0
2018-07-04 22:15:00,1484.0,1484.0,1484.0,1484.0,0.0,0.0,46.0
2018-07-04 22:20:00,1484.0,1484.0,1484.0,1484.0,0.0,0.0,46.0
2018-07-04 22:25:00,1484.0,1484.0,1484.0,1484.0,0.0,0.0,46.0
2018-07-04 22:30:00,1484.0,1484.0,1484.0,1484.0,0.0,0.0,46.0
2018-07-04 22:35:00,1484.0,1484.0,1484.0,1484.0,0.0,0.0,46.0
2018-07-04 22:40:00,1484.0,1484.0,1484.0,1484.0,0.0,0.0,46.0
2018-07-04 22:45:00,1484.0,1484.0,1484.0,1484.0,0.0,0.0,46.0
2018-07-04 22:50:00,1484.0,1484.0,1484.0,1484.0,0.0,0.0,46.0
2018-07-04 22:55:00,1484.0,1484.0,1484.0,1484.0,0.0,0.0,46.0
2018-07-04 23:00:00,1484.0,1484.0,1484.0,1484.0,0.0,0.0,46.0
2018-07-04 23:05:00,1484.0,1484.0,1484.0,1484.0,0.0,0.0,46.0
2018-07-04 23:10:00,1484.0,1484.0,1484.0,1484.0,0.0,0.0,46.0
2018-07-04 23:15:00,1484.0,1484.0,1484.0,1484.0,0.0,0.0,46.0
2018-07-04 23:20:00,1484.0,1484.0,1484.0,1484.0,0.0,0.0,46.0
2018-07-04 23:25:00,1484.0,1484.0,1484.0,1484.0,0.0,0.0,46.0
2018-07-05 09:00:00,1484.0,1484.0,1484.0,1484.0,0.0,0.0,46.0
2018-07-05 09:05:00,1484.0,1484.0,1484.0,1484.0,0.0,0.0,46.0
2018-07-05 09:10:00,1484.0,1484.0,1484.0,1484.0,0.0,0.0,46.0
2018-07-05 09:15:00,1484.0,1484.0,1484.0,1484.0,0.0,0.0,46.0
2018-07-05 09:20:00,1484.0,1484.0,1484.0,1484.0,0.0,0.0,46.0
2018-07-05 09:25:00,1484.0,1484.0,1484.0,1484.0,0.0,0.0,46.0
2018-07-05 09:30:00,1484.0,1484.0,1484.0,1484.0,0.0,0.0,46.0
2018-07-05 09:35:00,1484.0,1484.0,1484.0,1484.0,0.0,0.0,46.0
2018-07-05 09:40:00,1484.0,1484.0,1484.0,1484.0,0.0,0.0,46.0
2018-07-05 09:45:00,1484.0,1484.0,1484.0,1484.0,0.0,0.0,46.0
2018-07-05 09:50:00,1484.0,1484.0,1484.0,1484.0,0.0,0.0,46.0
2018-07-05 09:55:00,1484.0,1484.0,1484.0,1484.0,0.0,0.0,46.0
2018-07-05 10:00:00,1484.0,1484.0,1484.0,1484.0,0.0,0.0,46.0
2018-07-05 10:05:00,1484.0,1484.0,1484.0,1484.0,0.0,0.0,46.0
2018-07-05 10:10:00,1484.0,1484.0,1484.0,1484.0,0.0,0.0,46.0
2018-07-05 10:30:00,1484.0,1484.0,1484.0,1484.0,0.0,0.0,46.0
2018-07-05 10:35:00,1484.0,1484.0,1484.0,1484.0,0.0,0.0,46.0
2018-07-05 10:40:00,1484.0,1484.0,1484.0,1484.0,0.0,0.0,46.0
2018-07-05 10:45:00,1484.0,1484.0,1484.0,1484.0,0.0,0.0,46.0
2018-07-05 10:50:00,1484.0,1484.0,1484.0,1484.0,0.0,0.0,46.0
2018-07-05 10:55:00,1484.0,1484.0,1484.0,1484.0,0.0,0.0,46.0
2018-07-05 11:00:00,1484.0,1484.0,1484.0,1484.0,0.0,0.0,46.0
2018-07-05 11:05:00,1484.0,1484.0,1484.0,1484.0,0.0,0.0,46.0
2018-07-05 11:10:00,1484.0,1484.0,1484.0,1484.0,0.0,0.0,46.0
2018-07-05 11:15:00,1484.0,1484.0,1484.0,1484.0,0.0,0.0,46.0
2018-07-05 11:20:00,1484.0,1484.0,1484.0,1484.0,0.0,0.0,46.0
2018-07-05 11:25:00,1484.0,1484.0,1484.0,1484.0,0.0,0.0,46.0
2018-07-05 13:30:00,1484.0,1484.0,1484.0,1484.0,0.0,0.0,46.0
2018-07-05 13:35:00,1484.0,1484.0,1484.0,1484.0,0.0,0.0,46.0
2018-07-05 13:40:00,1484.0,1484.0,1484.0,1484.0,0.0,0.0,46.0
2018-07-05 13:45:00,1484.0,1484.0,1484.0,1484.0,0.0,0.0,46.0
2018-07-05 13:50:00,1484.0,1484.0,1484.0,1484.0,0.0,0.0,46.0
2018-07-05 13:55:00,1484.0,1484.0,1484.0,1484.0,0.0,0.0,46.0
2018-07-05 14:00:00,1484.0,1484.0,1484.0,1484.0,0.0,0.0,46.0
2018-07-05 14:05:00,1484.0,1484.0,1484.0,1484.0,0.0,0.0,46.0
2018-07-05 14:10:00,1484.0,1484.0,1484.0,1484.0,0.0,0.0,46.0
2018-07-05 14:15:00,1484.0,1484.0,1484.0,1484.0,0.0,0.0,46.0
2018-07-05 14:20:00,1484.0,1484.0,1484.0,1484.0,0.0,0.0,46.0
2018-07-05 14:25:00,1484.0,1484.0,1484.0,1484.0,0.0,0.0,46.0
2018-07-05 14:30:00,1484.0,1484.0,1484.0,1484.0,0.0,0.0,46.0
2018-07-05 14:35:00,1484.0,1484.0,1484.0,1484.0,0.0,0.0,46.0
2018-07-05 14:40:00,1484.0,1484.0,1484.0,1484.0,0.0,0.0,46.0
2018-07-05 14:45:00,1484.0,1484.0,1484.0,1484.0,0.0,0.0,46.0
2018-07-05 14:50:00,1484.0,1484.0,1484.0,1484.0,0.0,0.0,46.0
2018-07-05 14:55:00,1484.0,1486.0,1484.0,1486.0,2.0,59440.0,46.0
2018-07-05 21:00:00,1486.0,1486.0,1486.0,1486.0,0.0,0.0,46.0
2018-07-05 21:05:00,1486.0,1486.0,1486.0,1486.0,0.0,0.0,46.0
2018-07-05 21:10:00,1486.0,1486.0,1486.0,1486.0,0.0,0.0,46.0
2018-07-05 21:15:00,1486.0,1486.0,1486.0,1486.0,0.0,0.0,46.0
2018-07-05 21:20:00,1486.0,1486.0,1486.0,1486.0,0.0,0.0,46.0
2018-07-05 21:25:00,1486.0,1486.0,1486.0,1486.0,0.0,0.0,46.0
2018-07-05 21:30:00,1486.0,1486.0,1486.0,1486.0,0.0,0.0,46.0
2018-07-05 21:35:00,1486.0,1486.0,1486.0,1486.0,0.0,0.0,46.0
2018-07-05 21:40:00,1486.0,1486.0,1486.0,1486.0,0.0,0.0,46.0
2018-07-05 21:45:00,1486.0,1486.0,1486.0,1486.0,0.0,0.0,46.0
2018-07-05 21:50:00,1486.0,1486.0,1486.0,1486.0,0.0,0.0,46.0
2018-07-05 21:55:00,1486.0,1486.0,1486.0,1486.0,0.0,0.0,46.0
2018-07-05 22:00:00,1486.0,1486.0,1486.0,1486.0,0.0,0.0,46.0
2018-07-05 22:05:00,1486.0,1486.0,1486.0,1486.0,0.0,0.0,46.0
2018-07-05 22:10:00,1486.0,1486.0,1486.0,1486.0,0.0,0.0,46.0
2018-07-05 22:15:00,1486.0,1486.0,1486.0,1486.0,0.0,0.0,46.0
2018-07-05 22:20:00,1486.0,1486.0,1486.0,1486.0,0.0,0.0,46.0
2018-07-05 22:25:00,1486.0,1486.0,1486.0,1486.0,0.0,0.0,46.0
2018-07-05 22:30:00,1486.0,1486.0,1486.0,1486.0,0.0,0.0,46.0
2018-07-05 22:35:00,1486.0,1486.0,1486.0,1486.0,0.0,0.0,46.0
2018-07-05 22:40:00,1486.0,1486.0,1486.0,1486.0,0.0,0.0,46.0
2018-07-05 22:45:00,1486.0,1486.0,1486.0,1486.0,0.0,0.0,46.0
2018-07-05 22:50:00,1486.0,1486.0,1486.0,1486.0,0.0,0.0,46.0
2018-07-05 22:55:00,1486.0,1486.0,1486.0,1486.0,0.0,0.0,46.0
2018-07-05 23:00:00,1486.0,1486.0,1486.0,1486.0,0.0,0.0,46.0
2018-07-05 23:05:00,1486.0,1486.0,1486.0,1486.0,0.0,0.0,46.0
2018-07-05 23:10:00,1486.0,1486.0,1486.0,1486.0,0.0,0.0,46.0
2018-07-05 23:15:00,1486.0,1486.0,1486.0,1486.0,0.0,0.0,46.0
2018-07-05 23:20:00,1486.0,1486.0,1486.0,1486.0,0.0,0.0,46.0
2018-07-05 23:25:00,1486.0,1486.0,1486.0,1486.0,0.0,0.0,46.0
2018-07-06 09:00:00,1486.0,1486.0,1486.0,1486.0,0.0,0.0,46.0
2018-07-06 09:05:00,1486.0,1486.0,1486.0,1486.0,0.0,0.0,46.0
2018-07-06 09:10:00,1486.0,1486.0,1486.0,1486.0,0.0,0.0,46.0
2018-07-06 09:15:00,1486.0,1486.0,1486.0,1486.0,0.0,0.0,46.0
2018-07-06 09:20:00,1486.0,1486.0,1486.0,1486.0,0.0,0.0,46.0
2018-07-06 09:25:00,1486.0,1486.0,1486.0,1486.0,0.0,0.0,46.0
2018-07-06 09:30:00,1486.0,1486.0,1486.0,1486.0,0.0,0.0,46.0
2018-07-06 09:35:00,1486.0,1486.0,1486.0,1486.0,0.0,0.0,46.0
2018-07-06 09:40:00,1486.0,1486.0,1486.0,1486.0,0.0,0.0,46.0
2018-07-06 09:45:00,1486.0,1486.0,1486.0,1486.0,0.0,0.0,46.0
2018-07-06 09:50:00,1486.0,1486.0,1486.0,1486.0,0.0,0.0,46.0
2018-07-06 09:55:00,1486.0,1486.0,1486.0,1486.0,0.0,0.0,46.0
2018-07-06 10:00:00,1486.0,1486.0,1486.0,1486.0,0.0,0.0,46.0
2018-07-06 10:05:00,1486.0,1486.0,1486.0,1486.0,0.0,0.0,46.0
2018-07-06 10:10:00,1486.0,1486.0,1486.0,1486.0,0.0,0.0,46.0
2018-07-06 10:30:00,1486.0,1486.0,1486.0,1486.0,0.0,0.0,46.0
2018-07-06 10:35:00,1486.0,1486.0,1486.0,1486.0,0.0,0.0,46.0
2018-07-06 10:40:00,1486.0,1486.0,1486.0,1486.0,0.0,0.0,46.0
2018-07-06 10:45:00,1486.0,1486.0,1486.0,1486.0,0.0,0.0,46.0
2018-07-06 10:50:00,1486.0,1486.0,1486.0,1486.0,0.0,0.0,46.0
2018-07-06 10:55:00,1486.0,1486.0,1486.0,1486.0,0.0,0.0,46.0
2018-07-06 11:00:00,1486.0,1486.0,1486.0,1486.0,0.0,0.0,46.0
2018-07-06 11:05:00,1486.0,1486.0,1486.0,1486.0,0.0,0.0,46.0
2018-07-06 11:10:00,1486.0,1486.0,1486.0,1486.0,0.0,0.0,46.0
2018-07-06 11:15:00,1486.0,1486.0,1486.0,1486.0,0.0,0.0,46.0
2018-07-06 11:20:00,1486.0,1486.0,1486.0,1486.0,0.0,0.0,46.0
2018-07-06 11:25:00,1486.0,1486.0,1486.0,1486.0,0.0,0.0,46.0
2018-07-06 13:30:00,1486.0,1486.0,1486.0,1486.0,0.0,0.0,46.0
2018-07-06 13:35:00,1486.0,1486.0,1486.0,1486.0,0.0,0.0,46.0
2018-07-06 13:40:00,1486.0,1486.0,1486.0,1486.0,0.0,0.0,46.0
2018-07-06 13:45:00,1486.0,1486.0,1486.0,1486.0,0.0,0.0,46.0
2018-07-06 13:50:00,1486.0,1486.0,1486.0,1486.0,0.0,0.0,46.0
2018-07-06 13:55:00,1486.0,1486.0,1486.0,1486.0,0.0,0.0,46.0
2018-07-06 14:00:00,1486.0,1486.0,1486.0,1486.0,0.0,0.0,46.0
2018-07-06 14:05:00,1486.0,1486.0,1486.0,1486.0,0.0,0.0,46.0
2018-07-06 14:10:00,1486.0,1486.0,1486.0,1486.0,0.0,0.0,46.0
2018-07-06 14:15:00,1486.0,1486.0,1486.0,1486.0,0.0,0.0,46.0
2018-07-06 14:20:00,1486.0,1486.0,1486.0,1486.0,0.0,0.0,46.0
2018-07-06 14:25:00,1486.0,1486.0,1486.0,1486.0,0.0,0.0,46.0
2018-07-06 14:30:00,1486.0,1486.0,1486.0,1486.0,0.0,0.0,46.0
2018-07-06 14:35:00,1486.0,1486.0,1486.0,1486.0,0.0,0.0,46.0
2018-07-06 14:40:00,1486.0,1486.0,1486.0,1486.0,0.0,0.0,46.0
2018-07-06 14:45:00,1486.0,1486.0,1486.0,1486.0,0.0,0.0,46.0
2018-07-06 14:50:00,1486.0,1486.0,1486.0,1486.0,0.0,0.0,46.0
2018-07-06 14:55:00,1486.0,1486.0,1486.0,1486.0,0.0,0.0,46.0
2018-07-06 21:00:00,1486.0,1486.0,1486.0,1486.0,0.0,0.0,46.0
2018-07-06 21:05:00,1486.0,1486.0,1486.0,1486.0,0.0,0.0,46.0
2018-07-06 21:10:00,1486.0,1486.0,1486.0,1486.0,0.0,0.0,46.0
2018-07-06 21:15:00,1486.0,1486.0,1486.0,1486.0,0.0,0.0,46.0
2018-07-06 21:20:00,1486.0,1486.0,1486.0,1486.0,0.0,0.0,46.0
2018-07-06 21:25:00,1486.0,1486.0,1486.0,1486.0,0.0,0.0,46.0
2018-07-06 21:30:00,1486.0,1486.0,1486.0,1486.0,0.0,0.0,46.0
2018-07-06 21:35:00,1486.0,1486.0,1486.0,1486.0,0.0,0.0,46.0
2018-07-06 21:40:00,1486.0,1486.0,1486.0,1486.0,0.0,0.0,46.0
2018-07-06 21:45:00,1486.0,1486.0,1486.0,1486.0,0.0,0.0,46.0
2018-07-06 21:50:00,1486.0,1486.0,1486.0,1486.0,0.0,0.0,46.0
2018-07-06 21:55:00,1486.0,1486.0,1486.0,1486.0,0.0,0.0,46.0
2018-07-06 22:00:00,1486.0,1486.0,1486.0,1486.0,0.0,0.0,46.0
2018-07-06 22:05:00,1486.0,1486.0,1486.0,1486.0,0.0,0.0,46.0
2018-07-06 22:10:00,1486.0,1486.0,1486.0,1486.0,0.0,0.0,46.0
2018-07-06 22:15:00,1486.0,1486.0,1486.0,1486.0,0.0,0.0,46.0
2018-07-06 22:20:00,1486.0,1486.0,1486.0,1486.0,0.0,0.0,46.0
2018-07-06 22:25:00,1486.0,1486.0,1486.0,1486.0,0.0,0.0,46.0
2018-07-06 22:30:00,1486.0,1486.0,1486.0,1486.0,0.0,0.0,46.0
2018-07-06 22:35:00,1486.0,1486.0,1486.0,1486.0,0.0,0.0,46.0
2018-07-06 22:40:00,1486.0,1486.0,1486.0,1486.0,0.0,0.0,46.0
2018-07-06 22:45:00,1486.0,1486.0,1486.0,1486.0,0.0,0.0,46.0
2018-07-06 22:50:00,1486.0,1486.0,1486.0,1486.0,0.0,0.0,46.0
2018-07-06 22:55:00,1486.0,1486.0,1486.0,1486.0,0.0,0.0,46.0
2018-07-06 23:00:00,1486.0,1486.0,1486.0,1486.0,0.0,0.0,46.0
2018-07-06 23:05:00,1486.0,1486.0,1486.0,1486.0,0.0,0.0,46.0
2018-07-06 23:10:00,1486.0,1486.0,1486.0,1486.0,0.0,0.0,46.0
2018-07-06 23:15:00,1486.0,1486.0,1486.0,1486.0,0.0,0.0,46.0
2018-07-06 23:20:00,1486.0,1486.0,1486.0,1486.0,0.0,0.0,46.0
2018-07-06 23:25:00,1486.0,1486.0,1486.0,1486.0,0.0,0.0,46.0
2018-07-09 09:00:00,1486.0,1486.0,1486.0,1486.0,0.0,0.0,46.0
2018-07-09 09:05:00,1486.0,1486.0,1486.0,1486.0,0.0,0.0,46.0
2018-07-09 09:10:00,1486.0,1486.0,1486.0,1486.0,0.0,0.0,46.0
2018-07-09 09:15:00,1486.0,1486.0,1486.0,1486.0,0.0,0.0,46.0
2018-07-09 09:20:00,1486.0,1486.0,1486.0,1486.0,0.0,0.0,46.0
2018-07-09 09:25:00,1486.0,1486.0,1486.0,1486.0,0.0,0.0,46.0
2018-07-09 09:30:00,1486.0,1486.0,1486.0,1486.0,0.0,0.0,46.0
2018-07-09 09:35:00,1486.0,1486.0,1486.0,1486.0,0.0,0.0,46.0
2018-07-09 09:40:00,1486.0,1486.0,1486.0,1486.0,0.0,0.0,46.0
2018-07-09 09:45:00,1486.0,1486.0,1486.0,1486.0,0.0,0.0,46.0
2018-07-09 09:50:00,1486.0,1486.0,1486.0,1486.0,0.0,0.0,46.0
2018-07-09 09:55:00,1486.0,1486.0,1486.0,1486.0,0.0,0.0,46.0
2018-07-09 10:00:00,1486.0,1486.0,1486.0,1486.0,0.0,0.0,46.0
2018-07-09 10:05:00,1486.0,1486.0,1486.0,1486.0,0.0,0.0,46.0
2018-07-09 10:10:00,1486.0,1486.0,1486.0,1486.0,0.0,0.0,46.0
2018-07-09 10:30:00,1486.0,1486.0,1486.0,1486.0,0.0,0.0,46.0
2018-07-09 10:35:00,1486.0,1486.0,1486.0,1486.0,0.0,0.0,46.0
2018-07-09 10:40:00,1486.0,1486.0,1486.0,1486.0,0.0,0.0,46.0
2018-07-09 10:45:00,1486.0,1486.0,1486.0,1486.0,0.0,0.0,46.0
2018-07-09 10:50:00,1486.0,1486.0,1486.0,1486.0,0.0,0.0,46.0
2018-07-09 10:55:00,1486.0,1486.0,1486.0,1486.0,0.0,0.0,46.0
2018-07-09 11:00:00,1486.0,1486.0,1486.0,1486.0,0.0,0.0,46.0
2018-07-09 11:05:00,1486.0,1486.0,1486.0,1486.0,0.0,0.0,46.0
2018-07-09 11:10:00,1486.0,1486.0,1486.0,1486.0,0.0,0.0,46.0
2018-07-09 11:15:00,1486.0,1486.0,1486.0,1486.0,0.0,0.0,46.0
2018-07-09 11:20:00,1486.0,1486.0,1486.0,1486.0,0.0,0.0,46.0
2018-07-09 11:25:00,1486.0,1486.0,1486.0,1486.0,0.0,0.0,46.0
2018-07-09 13:30:00,1486.0,1486.0,1486.0,1486.0,0.0,0.0,46.0
2018-07-09 13:35:00,1486.0,1486.0,1486.0,1486.0,0.0,0.0,46.0
2018-07-09 13:40:00,1486.0,1486.0,1486.0,1486.0,0.0,0.0,46.0
2018-07-09 13:45:00,1486.0,1486.0,1486.0,1486.0,0.0,0.0,46.0
2018-07-09 13:50:00,1486.0,1486.0,1486.0,1486.0,0.0,0.0,46.0
2018-07-09 13:55:00,1486.0,1486.0,1486.0,1486.0,0.0,0.0,46.0
2018-07-09 14:00:00,1486.0,1486.0,1486.0,1486.0,0.0,0.0,46.0
2018-07-09 14:05:00,1486.0,1486.0,1486.0,1486.0,0.0,0.0,46.0
2018-07-09 14:10:00,1486.0,1486.0,1486.0,1486.0,0.0,0.0,46.0
2018-07-09 14:15:00,1486.0,1486.0,1486.0,1486.0,0.0,0.0,46.0
2018-07-09 14:20:00,1486.0,1486.0,1486.0,1486.0,0.0,0.0,46.0
2018-07-09 14:25:00,1486.0,1486.0,1486.0,1486.0,0.0,0.0,46.0
2018-07-09 14:30:00,1486.0,1486.0,1486.0,1486.0,0.0,0.0,46.0
2018-07-09 14:35:00,1486.0,1486.0,1486.0,1486.0,0.0,0.0,46.0
2018-07-09 14:40:00,1486.0,1486.0,1486.0,1486.0,0.0,0.0,46.0
2018-07-09 14:45:00,1486.0,1486.0,1486.0,1486.0,0.0,0.0,46.0
2018-07-09 14:50:00,1486.0,1486.0,1486.0,1486.0,0.0,0.0,46.0
2018-07-09 14:55:00,1486.0,1486.0,1486.0,1486.0,0.0,0.0,46.0
2018-07-09 21:00:00,1486.0,1486.0,1486.0,1486.0,0.0,0.0,46.0
2018-07-09 21:05:00,1486.0,1486.0,1486.0,1486.0,0.0,0.0,46.0
2018-07-09 21:10:00,1486.0,1486.0,1486.0,1486.0,0.0,0.0,46.0
2018-07-09 21:15:00,1486.0,1486.0,1486.0,1486.0,0.0,0.0,46.0
2018-07-09 21:20:00,1486.0,1486.0,1486.0,1486.0,0.0,0.0,46.0
2018-07-09 21:25:00,1486.0,1486.0,1486.0,1486.0,0.0,0.0,46.0
2018-07-09 21:30:00,1486.0,1486.0,1486.0,1486.0,0.0,0.0,46.0
2018-07-09 21:35:00,1486.0,1486.0,1486.0,1486.0,0.0,0.0,46.0
2018-07-09 21:40:00,1486.0,1486.0,1486.0,1486.0,0.0,0.0,46.0
2018-07-09 21:45:00,1486.0,1486.0,1486.0,1486.0,0.0,0.0,46.0
2018-07-09 21:50:00,1486.0,1486.0,1486.0,1486.0,0.0,0.0,46.0
2018-07-09 21:55:00,1486.0,1486.0,1486.0,1486.0,0.0,0.0,46.0
2018-07-09 22:00:00,1486.0,1486.0,1486.0,1486.0,0.0,0.0,46.0
2018-07-09 22:05:00,1486.0,1486.0,1486.0,1486.0,0.0,0.0,46.0
2018-07-09 22:10:00,1486.0,1486.0,1486.0,1486.0,0.0,0.0,46.0
2018-07-09 22:15:00,1486.0,1486.0,1486.0,1486.0,0.0,0.0,46.0
2018-07-09 22:20:00,1486.0,1486.0,1486.0,1486.0,0.0,0.0,46.0
2018-07-09 22:25:00,1486.0,1486.0,1486.0,1486.0,0.0,0.0,46.0
2018-07-09 22:30:00,1486.0,1486.0,1486.0,1486.0,0.0,0.0,46.0
2018-07-09 22:35:00,1486.0,1486.0,1486.0,1486.0,0.0,0.0,46.0
2018-07-09 22:40:00,1486.0,1486.0,1486.0,1486.0,0.0,0.0,46.0
2018-07-09 22:45:00,1486.0,1486.0,1486.0,1486.0,0.0,0.0,46.0
2018-07-09 22:50:00,1486.0,1486.0,1486.0,1486.0,0.0,0.0,46.0
2018-07-09 22:55:00,1486.0,1486.0,1486.0,1486.0,0.0,0.0,46.0
2018-07-09 23:00:00,1486.0,1486.0,1486.0,1486.0,0.0,0.0,46.0
2018-07-09 23:05:00,1486.0,1486.0,1486.0,1486.0,0.0,0.0,46.0
2018-07-09 23:10:00,1486.0,1486.0,1486.0,1486.0,0.0,0.0,46.0
2018-07-09 23:15:00,1486.0,1486.0,1486.0,1486.0,0.0,0.0,46.0
2018-07-09 23:20:00,1486.0,1486.0,1486.0,1486.0,0.0,0.0,46.0
2018-07-09 23:25:00,1486.0,1486.0,1486.0,1486.0,0.0,0.0,46.0
2018-07-10 09:00:00,1486.0,1486.0,1486.0,1486.0,0.0,0.0,46.0
2018-07-10 09:05:00,1486.0,1486.0,1486.0,1486.0,0.0,0.0,46.0
2018-07-10 09:10:00,1486.0,1486.0,1486.0,1486.0,0.0,0.0,46.0
2018-07-10 09:15:00,1486.0,1486.0,1486.0,1486.0,0.0,0.0,46.0
2018-07-10 09:20:00,1486.0,1486.0,1486.0,1486.0,0.0,0.0,46.0
2018-07-10 09:25:00,1486.0,1486.0,1486.0,1486.0,0.0,0.0,46.0
2018-07-10 09:30:00,1486.0,1486.0,1486.0,1486.0,0.0,0.0,46.0
2018-07-10 09:35:00,1486.0,1486.0,1486.0,1486.0,0.0,0.0,46.0
2018-07-10 09:40:00,1486.0,1486.0,1486.0,1486.0,0.0,0.0,46.0
2018-07-10 09:45:00,1486.0,1486.0,1486.0,1486.0,0.0,0.0,46.0
2018-07-10 09:50:00,1486.0,1486.0,1486.0,1486.0,0.0,0.0,46.0
2018-07-10 09:55:00,1486.0,1486.0,1486.0,1486.0,0.0,0.0,46.0
2018-07-10 10:00:00,1486.0,1486.0,1486.0,1486.0,0.0,0.0,46.0
2018-07-10 10:05:00,1486.0,1486.0,1486.0,1486.0,0.0,0.0,46.0
2018-07-10 10:10:00,1486.0,1486.0,1486.0,1486.0,0.0,0.0,46.0
2018-07-10 10:30:00,1486.0,1486.0,1486.0,1486.0,0.0,0.0,46.0
2018-07-10 10:35:00,1486.0,1486.0,1486.0,1486.0,0.0,0.0,46.0
2018-07-10 10:40:00,1486.0,1486.0,1486.0,1486.0,0.0,0.0,46.0
2018-07-10 10:45:00,1486.0,1486.0,1486.0,1486.0,0.0,0.0,46.0
2018-07-10 10:50:00,1486.0,1486.0,1486.0,1486.0,0.0,0.0,46.0
2018-07-10 10:55:00,1486.0,1486.0,1486.0,1486.0,0.0,0.0,46.0
2018-07-10 11:00:00,1486.0,1486.0,1486.0,1486.0,0.0,0.0,46.0
2018-07-10 11:05:00,1490.0,1490.0,1490.0,1490.0,2.0,59600.0,48.0
2018-07-10 11:10:00,1490.0,1490.0,1490.0,1490.0,0.0,0.0,48.0
2018-07-10 11:15:00,1490.0,1490.0,1490.0,1490.0,0.0,0.0,48.0
2018-07-10 11:20:00,1490.0,1490.0,1490.0,1490.0,0.0,0.0,48.0
2018-07-10 11:25:00,1490.0,1507.0,1490.0,1507.0,2.0,60320.0,50.0
2018-07-10 13:30:00,1507.0,1507.0,1507.0,1507.0,0.0,0.0,50.0
2018-07-10 13:35:00,1468.0,1468.0,1468.0,1468.0,2.0,58640.0,48.0
2018-07-10 13:40:00,1468.0,1468.0,1468.0,1468.0,0.0,0.0,48.0
2018-07-10 13:45:00,1468.0,1468.0,1468.0,1468.0,0.0,0.0,48.0
2018-07-10 13:50:00,1468.0,1468.0,1468.0,1468.0,0.0,0.0,48.0
2018-07-10 13:55:00,1468.0,1468.0,1468.0,1468.0,0.0,0.0,48.0
2018-07-10 14:00:00,1468.0,1468.0,1468.0,1468.0,0.0,0.0,48.0
2018-07-10 14:05:00,1468.0,1468.0,1468.0,1468.0,0.0,0.0,48.0
2018-07-10 14:10:00,1468.0,1468.0,1468.0,1468.0,0.0,0.0,48.0
2018-07-10 14:15:00,1468.0,1468.0,1468.0,1468.0,0.0,0.0,48.0
2018-07-10 14:20:00,1468.0,1468.0,1468.0,1468.0,0.0,0.0,48.0
2018-07-10 14:25:00,1468.0,1468.0,1468.0,1468.0,0.0,0.0,48.0
2018-07-10 14:30:00,1468.0,1468.0,1468.0,1468.0,0.0,0.0,48.0
2018-07-10 14:35:00,1468.0,1468.0,1468.0,1468.0,0.0,0.0,48.0
2018-07-10 14:40:00,1468.0,1468.0,1468.0,1468.0,0.0,0.0,48.0
2018-07-10 14:45:00,1468.0,1468.0,1468.0,1468.0,0.0,0.0,48.0
2018-07-10 14:50:00,1468.0,1468.0,1468.0,1468.0,0.0,0.0,48.0
2018-07-10 14:55:00,1468.0,1468.0,1468.0,1468.0,0.0,0.0,48.0
2018-07-10 21:00:00,1488.0,1488.0,1488.0,1488.0,0.0,0.0,48.0
2018-07-10 21:05:00,1488.0,1488.0,1488.0,1488.0,0.0,0.0,48.0
2018-07-10 21:10:00,1488.0,1488.0,1488.0,1488.0,0.0,0.0,48.0
2018-07-10 21:15:00,1488.0,1488.0,1488.0,1488.0,0.0,0.0,48.0
2018-07-10 21:20:00,1488.0,1488.0,1488.0,1488.0,0.0,0.0,48.0
2018-07-10 21:25:00,1488.0,1488.0,1488.0,1488.0,0.0,0.0,48.0
2018-07-10 21:30:00,1488.0,1488.0,1488.0,1488.0,0.0,0.0,48.0
2018-07-10 21:35:00,1488.0,1488.0,1488.0,1488.0,0.0,0.0,48.0
2018-07-10 21:40:00,1488.0,1488.0,1488.0,1488.0,0.0,0.0,48.0
2018-07-10 21:45:00,1488.0,1488.0,1488.0,1488.0,0.0,0.0,48.0
2018-07-10 21:50:00,1488.0,1488.0,1488.0,1488.0,0.0,0.0,48.0
2018-07-10 21:55:00,1488.0,1488.0,1488.0,1488.0,0.0,0.0,48.0
2018-07-10 22:00:00,1488.0,1488.0,1488.0,1488.0,0.0,0.0,48.0
2018-07-10 22:05:00,1488.0,1488.0,1488.0,1488.0,0.0,0.0,48.0
2018-07-10 22:10:00,1488.0,1488.0,1488.0,1488.0,0.0,0.0,48.0
2018-07-10 22:15:00,1488.0,1488.0,1488.0,1488.0,0.0,0.0,48.0
2018-07-10 22:20:00,1488.0,1488.0,1488.0,1488.0,0.0,0.0,48.0
2018-07-10 22:25:00,1488.0,1488.0,1488.0,1488.0,0.0,0.0,48.0
2018-07-10 22:30:00,1488.0,1488.0,1488.0,1488.0,0.0,0.0,48.0
2018-07-10 22:35:00,1488.0,1488.0,1488.0,1488.0,0.0,0.0,48.0
2018-07-10 22:40:00,1488.0,1488.0,1488.0,1488.0,0.0,0.0,48.0
2018-07-10 22:45:00,1488.0,1488.0,1488.0,1488.0,0.0,0.0,48.0
2018-07-10 22:50:00,1488.0,1488.0,1488.0,1488.0,0.0,0.0,48.0
2018-07-10 22:55:00,1488.0,1488.0,1488.0,1488.0,0.0,0.0,48.0
2018-07-10 23:00:00,1488.0,1488.0,1488.0,1488.0,0.0,0.0,48.0
2018-07-10 23:05:00,1488.0,1488.0,1488.0,1488.0,0.0,0.0,48.0
2018-07-10 23:10:00,1488.0,1488.0,1488.0,1488.0,0.0,0.0,48.0
2018-07-10 23:15:00,1488.0,1488.0,1488.0,1488.0,0.0,0.0,48.0
2018-07-10 23:20:00,1488.0,1488.0,1488.0,1488.0,0.0,0.0,48.0
2018-07-10 23:25:00,1488.0,1488.0,1488.0,1488.0,0.0,0.0,48.0
2018-07-11 09:00:00,1488.0,1488.0,1488.0,1488.0,0.0,0.0,48.0
2018-07-11 09:05:00,1488.0,1488.0,1488.0,1488.0,0.0,0.0,48.0
2018-07-11 09:10:00,1488.0,1488.0,1488.0,1488.0,0.0,0.0,48.0
2018-07-11 09:15:00,1488.0,1488.0,1488.0,1488.0,0.0,0.0,48.0
2018-07-11 09:20:00,1488.0,1488.0,1488.0,1488.0,0.0,0.0,48.0
2018-07-11 09:25:00,1488.0,1488.0,1488.0,1488.0,0.0,0.0,48.0
2018-07-11 09:30:00,1488.0,1488.0,1488.0,1488.0,0.0,0.0,48.0
2018-07-11 09:35:00,1488.0,1488.0,1488.0,1488.0,0.0,0.0,48.0
2018-07-11 09:40:00,1488.0,1488.0,1488.0,1488.0,0.0,0.0,48.0
2018-07-11 09:45:00,1488.0,1488.0,1488.0,1488.0,0.0,0.0,48.0
2018-07-11 09:50:00,1488.0,1488.0,1488.0,1488.0,0.0,0.0,48.0
2018-07-11 09:55:00,1488.0,1488.0,1488.0,1488.0,0.0,0.0,48.0
2018-07-11 10:00:00,1488.0,1488.0,1488.0,1488.0,0.0,0.0,48.0
2018-07-11 10:05:00,1488.0,1488.0,1488.0,1488.0,0.0,0.0,48.0
2018-07-11 10:10:00,1488.0,1488.0,1488.0,1488.0,0.0,0.0,48.0
2018-07-11 10:30:00,1488.0,1488.0,1488.0,1488.0,0.0,0.0,48.0
2018-07-11 10:35:00,1488.0,1488.0,1488.0,1488.0,0.0,0.0,48.0
2018-07-11 10:40:00,1488.0,1488.0,1488.0,1488.0,0.0,0.0,48.0
2018-07-11 10:45:00,1488.0,1488.0,1488.0,1488.0,0.0,0.0,48.0
2018-07-11 10:50:00,1488.0,1488.0,1488.0,1488.0,0.0,0.0,48.0
2018-07-11 10:55:00,1488.0,1488.0,1488.0,1488.0,0.0,0.0,48.0
2018-07-11 11:00:00,1488.0,1488.0,1488.0,1488.0,0.0,0.0,48.0
2018-07-11 11:05:00,1488.0,1488.0,1488.0,1488.0,0.0,0.0,48.0
2018-07-11 11:10:00,1488.0,1488.0,1488.0,1488.0,0.0,0.0,48.0
2018-07-11 11:15:00,1488.0,1488.0,1488.0,1488.0,0.0,0.0,48.0
2018-07-11 11:20:00,1488.0,1488.0,1488.0,1488.0,0.0,0.0,48.0
2018-07-11 11:25:00,1488.0,1488.0,1488.0,1488.0,0.0,0.0,48.0
2018-07-11 13:30:00,1488.0,1488.0,1488.0,1488.0,0.0,0.0,48.0
2018-07-11 13:35:00,1488.0,1488.0,1488.0,1488.0,0.0,0.0,48.0
2018-07-11 13:40:00,1488.0,1488.0,1488.0,1488.0,0.0,0.0,48.0
2018-07-11 13:45:00,1488.0,1488.0,1488.0,1488.0,0.0,0.0,48.0
2018-07-11 13:50:00,1488.0,1488.0,1488.0,1488.0,0.0,0.0,48.0
2018-07-11 13:55:00,1488.0,1488.0,1488.0,1488.0,0.0,0.0,48.0
2018-07-11 14:00:00,1488.0,1488.0,1488.0,1488.0,0.0,0.0,48.0
2018-07-11 14:05:00,1488.0,1488.0,1488.0,1488.0,0.0,0.0,48.0
2018-07-11 14:10:00,1488.0,1488.0,1488.0,1488.0,0.0,0.0,48.0
2018-07-11 14:15:00,1488.0,1488.0,1488.0,1488.0,0.0,0.0,48.0
2018-07-11 14:20:00,1488.0,1488.0,1488.0,1488.0,0.0,0.0,48.0
2018-07-11 14:25:00,1488.0,1488.0,1488.0,1488.0,0.0,0.0,48.0
2018-07-11 14:30:00,1488.0,1488.0,1488.0,1488.0,0.0,0.0,48.0
2018-07-11 14:35:00,1488.0,1488.0,1488.0,1488.0,0.0,0.0,48.0
2018-07-11 14:40:00,1488.0,1488.0,1488.0,1488.0,0.0,0.0,48.0
2018-07-11 14:45:00,1488.0,1488.0,1488.0,1488.0,0.0,0.0,48.0
2018-07-11 14:50:00,1488.0,1488.0,1488.0,1488.0,0.0,0.0,48.0
2018-07-11 14:55:00,1488.0,1488.0,1488.0,1488.0,0.0,0.0,48.0
2018-07-11 21:00:00,1488.0,1488.0,1488.0,1488.0,0.0,0.0,48.0
2018-07-11 21:05:00,1488.0,1488.0,1488.0,1488.0,0.0,0.0,48.0
2018-07-11 21:10:00,1488.0,1488.0,1488.0,1488.0,0.0,0.0,48.0
2018-07-11 21:15:00,1488.0,1488.0,1488.0,1488.0,0.0,0.0,48.0
2018-07-11 21:20:00,1488.0,1488.0,1488.0,1488.0,0.0,0.0,48.0
2018-07-11 21:25:00,1488.0,1488.0,1488.0,1488.0,0.0,0.0,48.0
2018-07-11 21:30:00,1488.0,1488.0,1488.0,1488.0,0.0,0.0,48.0
2018-07-11 21:35:00,1488.0,1488.0,1488.0,1488.0,0.0,0.0,48.0
2018-07-11 21:40:00,1488.0,1488.0,1488.0,1488.0,0.0,0.0,48.0
2018-07-11 21:45:00,1488.0,1488.0,1488.0,1488.0,0.0,0.0,48.0
2018-07-11 21:50:00,1488.0,1488.0,1488.0,1488.0,0.0,0.0,48.0
2018-07-11 21:55:00,1488.0,1488.0,1488.0,1488.0,0.0,0.0,48.0
2018-07-11 22:00:00,1488.0,1488.0,1488.0,1488.0,0.0,0.0,48.0
2018-07-11 22:05:00,1488.0,1488.0,1488.0,1488.0,0.0,0.0,48.0
2018-07-11 22:10:00,1488.0,1488.0,1488.0,1488.0,0.0,0.0,48.0
2018-07-11 22:15:00,1488.0,1488.0,1488.0,1488.0,0.0,0.0,48.0
2018-07-11 22:20:00,1488.0,1488.0,1488.0,1488.0,0.0,0.0,48.0
2018-07-11 22:25:00,1488.0,1488.0,1488.0,1488.0,0.0,0.0,48.0
2018-07-11 22:30:00,1488.0,1488.0,1488.0,1488.0,0.0,0.0,48.0
2018-07-11 22:35:00,1488.0,1488.0,1488.0,1488.0,0.0,0.0,48.0
2018-07-11 22:40:00,1488.0,1488.0,1488.0,1488.0,0.0,0.0,48.0
2018-07-11 22:45:00,1488.0,1488.0,1488.0,1488.0,0.0,0.0,48.0
2018-07-11 22:50:00,1488.0,1488.0,1488.0,1488.0,0.0,0.0,48.0
2018-07-11 22:55:00,1488.0,1488.0,1488.0,1488.0,0.0,0.0,48.0
2018-07-11 23:00:00,1488.0,1488.0,1488.0,1488.0,0.0,0.0,48.0
2018-07-11 23:05:00,1488.0,1488.0,1488.0,1488.0,0.0,0.0,48.0
2018-07-11 23:10:00,1488.0,1488.0,1488.0,1488.0,0.0,0.0,48.0
2018-07-11 23:15:00,1488.0,1488.0,1488.0,1488.0,0.0,0.0,48.0
2018-07-11 23:20:00,1488.0,1488.0,1488.0,1488.0,0.0,0.0,48.0
2018-07-11 23:25:00,1488.0,1488.0,1488.0,1488.0,0.0,0.0,48.0
2018-07-12 09:00:00,1488.0,1488.0,1488.0,1488.0,0.0,0.0,48.0
2018-07-12 09:05:00,1488.0,1488.0,1488.0,1488.0,0.0,0.0,48.0
2018-07-12 09:10:00,1488.0,1488.0,1488.0,1488.0,0.0,0.0,48.0
2018-07-12 09:15:00,1488.0,1488.0,1488.0,1488.0,0.0,0.0,48.0
2018-07-12 09:20:00,1488.0,1488.0,1488.0,1488.0,0.0,0.0,48.0
2018-07-12 09:25:00,1488.0,1488.0,1488.0,1488.0,0.0,0.0,48.0
2018-07-12 09:30:00,1488.0,1488.0,1488.0,1488.0,0.0,0.0,48.0
2018-07-12 09:35:00,1488.0,1488.0,1488.0,1488.0,0.0,0.0,48.0
2018-07-12 09:40:00,1488.0,1488.0,1488.0,1488.0,0.0,0.0,48.0
2018-07-12 09:45:00,1488.0,1488.0,1488.0,1488.0,0.0,0.0,48.0
2018-07-12 09:50:00,1488.0,1488.0,1488.0,1488.0,0.0,0.0,48.0
2018-07-12 09:55:00,1488.0,1488.0,1488.0,1488.0,0.0,0.0,48.0
2018-07-12 10:00:00,1488.0,1488.0,1488.0,1488.0,0.0,0.0,48.0
2018-07-12 10:05:00,1488.0,1488.0,1488.0,1488.0,0.0,0.0,48.0
2018-07-12 10:10:00,1488.0,1488.0,1488.0,1488.0,0.0,0.0,48.0
2018-07-12 10:30:00,1488.0,1488.0,1488.0,1488.0,0.0,0.0,48.0
2018-07-12 10:35:00,1488.0,1488.0,1488.0,1488.0,0.0,0.0,48.0
2018-07-12 10:40:00,1488.0,1488.0,1488.0,1488.0,0.0,0.0,48.0
2018-07-12 10:45:00,1488.0,1488.0,1488.0,1488.0,0.0,0.0,48.0
2018-07-12 10:50:00,1488.0,1488.0,1488.0,1488.0,0.0,0.0,48.0
2018-07-12 10:55:00,1488.0,1488.0,1488.0,1488.0,0.0,0.0,48.0
2018-07-12 11:00:00,1488.0,1488.0,1488.0,1488.0,0.0,0.0,48.0
2018-07-12 11:05:00,1488.0,1488.0,1488.0,1488.0,0.0,0.0,48.0
2018-07-12 11:10:00,1488.0,1488.0,1488.0,1488.0,0.0,0.0,48.0
2018-07-12 11:15:00,1488.0,1488.0,1488.0,1488.0,0.0,0.0,48.0
2018-07-12 11:20:00,1488.0,1488.0,1488.0,1488.0,0.0,0.0,48.0
2018-07-12 11:25:00,1488.0,1488.0,1488.0,1488.0,0.0,0.0,48.0
2018-07-12 13:30:00,1488.0,1488.0,1488.0,1488.0,0.0,0.0,48.0
2018-07-12 13:35:00,1488.0,1488.0,1488.0,1488.0,0.0,0.0,48.0
2018-07-12 13:40:00,1488.0,1488.0,1488.0,1488.0,0.0,0.0,48.0
2018-07-12 13:45:00,1488.0,1488.0,1488.0,1488.0,0.0,0.0,48.0
2018-07-12 13:50:00,1488.0,1488.0,1488.0,1488.0,0.0,0.0,48.0
2018-07-12 13:55:00,1488.0,1488.0,1488.0,1488.0,0.0,0.0,48.0
2018-07-12 14:00:00,1488.0,1488.0,1488.0,1488.0,0.0,0.0,48.0
2018-07-12 14:05:00,1488.0,1488.0,1488.0,1488.0,0.0,0.0,48.0
2018-07-12 14:10:00,1488.0,1488.0,1488.0,1488.0,0.0,0.0,48.0
2018-07-12 14:15:00,1488.0,1488.0,1488.0,1488.0,0.0,0.0,48.0
2018-07-12 14:20:00,1488.0,1488.0,1488.0,1488.0,0.0,0.0,48.0
2018-07-12 14:25:00,1488.0,1488.0,1488.0,1488.0,0.0,0.0,48.0
2018-07-12 14:30:00,1488.0,1488.0,1488.0,1488.0,0.0,0.0,48.0
2018-07-12 14:35:00,1488.0,1488.0,1488.0,1488.0,0.0,0.0,48.0
2018-07-12 14:40:00,1488.0,1488.0,1488.0,1488.0,0.0,0.0,48.0
2018-07-12 14:45:00,1488.0,1488.0,1488.0,1488.0,0.0,0.0,48.0
2018-07-12 14:50:00,1488.0,1520.0,1479.0,1479.0,4.0,120000.0,50.0
2018-07-12 14:55:00,1479.0,1479.0,1479.0,1479.0,0.0,0.0,50.0
2018-07-12 21:00:00,1500.0,1500.0,1500.0,1500.0,0.0,0.0,50.0
2018-07-12 21:05:00,1500.0,1500.0,1500.0,1500.0,0.0,0.0,50.0
2018-07-12 21:10:00,1490.0,1490.0,1490.0,1490.0,2.0,59600.0,48.0
2018-07-12 21:15:00,1490.0,1490.0,1490.0,1490.0,0.0,0.0,48.0
2018-07-12 21:20:00,1490.0,1490.0,1490.0,1490.0,0.0,0.0,48.0
2018-07-12 21:25:00,1490.0,1490.0,1490.0,1490.0,0.0,0.0,48.0
2018-07-12 21:30:00,1490.0,1490.0,1490.0,1490.0,0.0,0.0,48.0
2018-07-12 21:35:00,1490.0,1490.0,1490.0,1490.0,0.0,0.0,48.0
2018-07-12 21:40:00,1490.0,1490.0,1490.0,1490.0,0.0,0.0,48.0
2018-07-12 21:45:00,1490.0,1490.0,1490.0,1490.0,0.0,0.0,48.0
2018-07-12 21:50:00,1490.0,1490.0,1490.0,1490.0,0.0,0.0,48.0
2018-07-12 21:55:00,1490.0,1490.0,1490.0,1490.0,0.0,0.0,48.0
2018-07-12 22:00:00,1490.0,1490.0,1490.0,1490.0,0.0,0.0,48.0
2018-07-12 22:05:00,1490.0,1490.0,1490.0,1490.0,0.0,0.0,48.0
2018-07-12 22:10:00,1490.0,1490.0,1490.0,1490.0,0.0,0.0,48.0
2018-07-12 22:15:00,1490.0,1490.0,1490.0,1490.0,0.0,0.0,48.0
2018-07-12 22:20:00,1490.0,1490.0,1490.0,1490.0,0.0,0.0,48.0
2018-07-12 22:25:00,1490.0,1490.0,1490.0,1490.0,0.0,0.0,48.0
2018-07-12 22:30:00,1490.0,1490.0,1490.0,1490.0,0.0,0.0,48.0
2018-07-12 22:35:00,1490.0,1490.0,1490.0,1490.0,0.0,0.0,48.0
2018-07-12 22:40:00,1490.0,1490.0,1490.0,1490.0,0.0,0.0,48.0
2018-07-12 22:45:00,1490.0,1519.0,1490.0,1519.0,2.0,60800.0,48.0
2018-07-12 22:50:00,1519.0,1519.0,1519.0,1519.0,0.0,0.0,48.0
2018-07-12 22:55:00,1519.0,1519.0,1519.0,1519.0,0.0,0.0,48.0
2018-07-12 23:00:00,1519.0,1519.0,1519.0,1519.0,0.0,0.0,48.0
2018-07-12 23:05:00,1519.0,1519.0,1519.0,1519.0,0.0,0.0,48.0
2018-07-12 23:10:00,1519.0,1519.0,1519.0,1519.0,0.0,0.0,48.0
2018-07-12 23:15:00,1519.0,1519.0,1519.0,1519.0,0.0,0.0,48.0
2018-07-12 23:20:00,1519.0,1519.0,1519.0,1519.0,0.0,0.0,48.0
2018-07-12 23:25:00,1519.0,1519.0,1519.0,1519.0,0.0,0.0,48.0
2018-07-13 09:00:00,1519.0,1519.0,1519.0,1519.0,0.0,0.0,48.0
2018-07-13 09:05:00,1519.0,1519.0,1519.0,1519.0,0.0,0.0,48.0
2018-07-13 09:10:00,1519.0,1519.0,1519.0,1519.0,0.0,0.0,48.0
2018-07-13 09:15:00,1519.0,1519.0,1519.0,1519.0,0.0,0.0,48.0
2018-07-13 09:20:00,1519.0,1519.0,1519.0,1519.0,0.0,0.0,48.0
2018-07-13 09:25:00,1519.0,1519.0,1519.0,1519.0,0.0,0.0,48.0
2018-07-13 09:30:00,1519.0,1519.0,1519.0,1519.0,0.0,0.0,48.0
2018-07-13 09:35:00,1519.0,1519.0,1519.0,1519.0,0.0,0.0,48.0
2018-07-13 09:40:00,1519.0,1519.0,1519.0,1519.0,0.0,0.0,48.0
2018-07-13 09:45:00,1519.0,1519.0,1519.0,1519.0,0.0,0.0,48.0
2018-07-13 09:50:00,1519.0,1519.0,1519.0,1519.0,0.0,0.0,48.0
2018-07-13 09:55:00,1519.0,1519.0,1519.0,1519.0,0.0,0.0,48.0
2018-07-13 10:00:00,1519.0,1519.0,1519.0,1519.0,0.0,0.0,48.0
2018-07-13 10:05:00,1519.0,1519.0,1519.0,1519.0,0.0,0.0,48.0
2018-07-13 10:10:00,1519.0,1519.0,1519.0,1519.0,0.0,0.0,48.0
2018-07-13 10:30:00,1519.0,1519.0,1519.0,1519.0,0.0,0.0,48.0
2018-07-13 10:35:00,1519.0,1519.0,1519.0,1519.0,0.0,0.0,48.0
2018-07-13 10:40:00,1519.0,1519.0,1519.0,1519.0,0.0,0.0,48.0
2018-07-13 10:45:00,1519.0,1519.0,1519.0,1519.0,0.0,0.0,48.0
2018-07-13 10:50:00,1519.0,1519.0,1519.0,1519.0,0.0,0.0,48.0
2018-07-13 10:55:00,1519.0,1519.0,1519.0,1519.0,0.0,0.0,48.0
2018-07-13 11:00:00,1519.0,1519.0,1519.0,1519.0,0.0,0.0,48.0
2018-07-13 11:05:00,1519.0,1519.0,1519.0,1519.0,0.0,0.0,48.0
2018-07-13 11:10:00,1519.0,1519.0,1519.0,1519.0,0.0,0.0,48.0
2018-07-13 11:15:00,1519.0,1519.0,1519.0,1519.0,0.0,0.0,48.0
2018-07-13 11:20:00,1519.0,1519.0,1519.0,1519.0,0.0,0.0,48.0
2018-07-13 11:25:00,1519.0,1519.0,1519.0,1519.0,0.0,0.0,48.0
2018-07-13 13:30:00,1519.0,1519.0,1519.0,1519.0,0.0,0.0,48.0
2018-07-13 13:35:00,1519.0,1519.0,1519.0,1519.0,0.0,0.0,48.0
2018-07-13 13:40:00,1519.0,1519.0,1519.0,1519.0,0.0,0.0,48.0
2018-07-13 13:45:00,1519.0,1519.0,1519.0,1519.0,0.0,0.0,48.0
2018-07-13 13:50:00,1519.0,1519.0,1519.0,1519.0,0.0,0.0,48.0
2018-07-13 13:55:00,1519.0,1519.0,1519.0,1519.0,0.0,0.0,48.0
2018-07-13 14:00:00,1519.0,1519.0,1519.0,1519.0,0.0,0.0,48.0
2018-07-13 14:05:00,1519.0,1519.0,1519.0,1519.0,0.0,0.0,48.0
2018-07-13 14:10:00,1519.0,1519.0,1519.0,1519.0,0.0,0.0,48.0
2018-07-13 14:15:00,1519.0,1519.0,1519.0,1519.0,0.0,0.0,48.0
2018-07-13 14:20:00,1519.0,1519.0,1519.0,1519.0,0.0,0.0,48.0
2018-07-13 14:25:00,1519.0,1519.0,1519.0,1519.0,0.0,0.0,48.0
2018-07-13 14:30:00,1519.0,1519.0,1519.0,1519.0,0.0,0.0,48.0
2018-07-13 14:35:00,1519.0,1519.0,1519.0,1519.0,0.0,0.0,48.0
2018-07-13 14:40:00,1519.0,1519.0,1519.0,1519.0,0.0,0.0,48.0
2018-07-13 14:45:00,1519.0,1519.0,1519.0,1519.0,0.0,0.0,48.0
2018-07-13 14:50:00,1519.0,1519.0,1519.0,1519.0,0.0,0.0,48.0
2018-07-13 14:55:00,1519.0,1519.0,1519.0,1519.0,0.0,0.0,48.0
2018-07-13 21:00:00,1505.0,1505.0,1505.0,1505.0,0.0,0.0,48.0
2018-07-13 21:05:00,1505.0,1505.0,1505.0,1505.0,0.0,0.0,48.0
2018-07-13 21:10:00,1505.0,1505.0,1505.0,1505.0,0.0,0.0,48.0
2018-07-13 21:15:00,1505.0,1505.0,1505.0,1505.0,0.0,0.0,48.0
2018-07-13 21:20:00,1505.0,1505.0,1505.0,1505.0,0.0,0.0,48.0
2018-07-13 21:25:00,1505.0,1505.0,1505.0,1505.0,0.0,0.0,48.0
2018-07-13 21:30:00,1505.0,1505.0,1505.0,1505.0,0.0,0.0,48.0
2018-07-13 21:35:00,1505.0,1505.0,1505.0,1505.0,0.0,0.0,48.0
2018-07-13 21:40:00,1505.0,1505.0,1505.0,1505.0,0.0,0.0,48.0
2018-07-13 21:45:00,1505.0,1505.0,1505.0,1505.0,0.0,0.0,48.0
2018-07-13 21:50:00,1505.0,1505.0,1505.0,1505.0,0.0,0.0,48.0
2018-07-13 21:55:00,1505.0,1505.0,1505.0,1505.0,0.0,0.0,48.0
2018-07-13 22:00:00,1505.0,1505.0,1505.0,1505.0,0.0,0.0,48.0
2018-07-13 22:05:00,1505.0,1505.0,1505.0,1505.0,0.0,0.0,48.0
2018-07-13 22:10:00,1505.0,1505.0,1505.0,1505.0,0.0,0.0,48.0
2018-07-13 22:15:00,1505.0,1505.0,1505.0,1505.0,0.0,0.0,48.0
2018-07-13 22:20:00,1505.0,1505.0,1505.0,1505.0,0.0,0.0,48.0
2018-07-13 22:25:00,1505.0,1505.0,1505.0,1505.0,0.0,0.0,48.0
2018-07-13 22:30:00,1505.0,1505.0,1505.0,1505.0,0.0,0.0,48.0
2018-07-13 22:35:00,1505.0,1505.0,1505.0,1505.0,0.0,0.0,48.0
2018-07-13 22:40:00,1505.0,1505.0,1505.0,1505.0,0.0,0.0,48.0
2018-07-13 22:45:00,1505.0,1505.0,1505.0,1505.0,0.0,0.0,48.0
2018-07-13 22:50:00,1505.0,1505.0,1505.0,1505.0,0.0,0.0,48.0
2018-07-13 22:55:00,1505.0,1505.0,1505.0,1505.0,0.0,0.0,48.0
2018-07-13 23:00:00,1505.0,1505.0,1505.0,1505.0,0.0,0.0,48.0
2018-07-13 23:05:00,1505.0,1505.0,1505.0,1505.0,0.0,0.0,48.0
2018-07-13 23:10:00,1505.0,1505.0,1505.0,1505.0,0.0,0.0,48.0
2018-07-13 23:15:00,1505.0,1505.0,1505.0,1505.0,0.0,0.0,48.0
2018-07-13 23:20:00,1505.0,1505.0,1505.0,1505.0,0.0,0.0,48.0
2018-07-13 23:25:00,1505.0,1505.0,1505.0,1505.0,0.0,0.0,48.0
2018-07-16 09:00:00,1505.0,1505.0,1505.0,1505.0,0.0,0.0,48.0
2018-07-16 09:05:00,1505.0,1505.0,1505.0,1505.0,0.0,0.0,48.0
2018-07-16 09:10:00,1505.0,1505.0,1505.0,1505.0,0.0,0.0,48.0
2018-07-16 09:15:00,1505.0,1505.0,1505.0,1505.0,0.0,0.0,48.0
2018-07-16 09:20:00,1505.0,1505.0,1505.0,1505.0,0.0,0.0,48.0
2018-07-16 09:25:00,1505.0,1505.0,1505.0,1505.0,0.0,0.0,48.0
2018-07-16 09:30:00,1505.0,1505.0,1505.0,1505.0,0.0,0.0,48.0
2018-07-16 09:35:00,1505.0,1505.0,1505.0,1505.0,0.0,0.0,48.0
2018-07-16 09:40:00,1505.0,1505.0,1505.0,1505.0,0.0,0.0,48.0
2018-07-16 09:45:00,1505.0,1505.0,1505.0,1505.0,0.0,0.0,48.0
2018-07-16 09:50:00,1505.0,1505.0,1505.0,1505.0,0.0,0.0,48.0
2018-07-16 09:55:00,1505.0,1505.0,1505.0,1505.0,0.0,0.0,48.0
2018-07-16 10:00:00,1505.0,1505.0,1505.0,1505.0,0.0,0.0,48.0
2018-07-16 10:05:00,1505.0,1505.0,1505.0,1505.0,0.0,0.0,48.0
2018-07-16 10:10:00,1505.0,1505.0,1505.0,1505.0,0.0,0.0,48.0
2018-07-16 10:30:00,1505.0,1505.0,1505.0,1505.0,0.0,0.0,48.0
2018-07-16 10:35:00,1505.0,1505.0,1505.0,1505.0,0.0,0.0,48.0
2018-07-16 10:40:00,1505.0,1505.0,1505.0,1505.0,0.0,0.0,48.0
2018-07-16 10:45:00,1505.0,1505.0,1505.0,1505.0,0.0,0.0,48.0
2018-07-16 10:50:00,1505.0,1505.0,1505.0,1505.0,0.0,0.0,48.0
2018-07-16 10:55:00,1505.0,1505.0,1505.0,1505.0,0.0,0.0,48.0
2018-07-16 11:00:00,1505.0,1505.0,1505.0,1505.0,0.0,0.0,48.0
2018-07-16 11:05:00,1505.0,1505.0,1505.0,1505.0,0.0,0.0,48.0
2018-07-16 11:10:00,1505.0,1505.0,1505.0,1505.0,0.0,0.0,48.0
2018-07-16 11:15:00,1505.0,1505.0,1505.0,1505.0,0.0,0.0,48.0
2018-07-16 11:20:00,1505.0,1505.0,1505.0,1505.0,0.0,0.0,48.0
2018-07-16 11:25:00,1505.0,1505.0,1505.0,1505.0,0.0,0.0,48.0
2018-07-16 13:30:00,1505.0,1505.0,1505.0,1505.0,0.0,0.0,48.0
2018-07-16 13:35:00,1505.0,1505.0,1505.0,1505.0,0.0,0.0,48.0
2018-07-16 13:40:00,1505.0,1505.0,1505.0,1505.0,0.0,0.0,48.0
2018-07-16 13:45:00,1505.0,1505.0,1505.0,1505.0,0.0,0.0,48.0
2018-07-16 13:50:00,1505.0,1505.0,1505.0,1505.0,0.0,0.0,48.0
2018-07-16 13:55:00,1505.0,1505.0,1505.0,1505.0,0.0,0.0,48.0
2018-07-16 14:00:00,1505.0,1505.0,1505.0,1505.0,0.0,0.0,48.0
2018-07-16 14:05:00,1505.0,1505.0,1505.0,1505.0,0.0,0.0,48.0
2018-07-16 14:10:00,1505.0,1505.0,1505.0,1505.0,0.0,0.0,48.0
2018-07-16 14:15:00,1505.0,1505.0,1505.0,1505.0,0.0,0.0,48.0
2018-07-16 14:20:00,1505.0,1505.0,1505.0,1505.0,0.0,0.0,48.0
2018-07-16 14:25:00,1505.0,1505.0,1505.0,1505.0,0.0,0.0,48.0
2018-07-16 14:30:00,1505.0,1505.0,1505.0,1505.0,0.0,0.0,48.0
2018-07-16 14:35:00,1505.0,1505.0,1505.0,1505.0,0.0,0.0,48.0
2018-07-16 14:40:00,1505.0,1505.0,1505.0,1505.0,0.0,0.0,48.0
2018-07-16 14:45:00,1505.0,1505.0,1505.0,1505.0,0.0,0.0,48.0
2018-07-16 14:50:00,1505.0,1505.0,1505.0,1505.0,0.0,0.0,48.0
2018-07-16 14:55:00,1505.0,1505.0,1505.0,1505.0,0.0,0.0,48.0
2018-07-16 21:00:00,1505.0,1505.0,1505.0,1505.0,0.0,0.0,48.0
2018-07-16 21:05:00,1505.0,1505.0,1505.0,1505.0,0.0,0.0,48.0
2018-07-16 21:10:00,1505.0,1505.0,1505.0,1505.0,0.0,0.0,48.0
2018-07-16 21:15:00,1505.0,1505.0,1505.0,1505.0,0.0,0.0,48.0
2018-07-16 21:20:00,1505.0,1505.0,1505.0,1505.0,0.0,0.0,48.0
2018-07-16 21:25:00,1505.0,1505.0,1505.0,1505.0,0.0,0.0,48.0
2018-07-16 21:30:00,1505.0,1505.0,1505.0,1505.0,0.0,0.0,48.0
2018-07-16 21:35:00,1505.0,1505.0,1505.0,1505.0,0.0,0.0,48.0
2018-07-16 21:40:00,1505.0,1505.0,1505.0,1505.0,0.0,0.0,48.0
2018-07-16 21:45:00,1505.0,1505.0,1505.0,1505.0,0.0,0.0,48.0
2018-07-16 21:50:00,1505.0,1505.0,1505.0,1505.0,0.0,0.0,48.0
2018-07-16 21:55:00,1505.0,1505.0,1505.0,1505.0,0.0,0.0,48.0
2018-07-16 22:00:00,1505.0,1505.0,1505.0,1505.0,0.0,0.0,48.0
2018-07-16 22:05:00,1505.0,1505.0,1505.0,1505.0,0.0,0.0,48.0
2018-07-16 22:10:00,1505.0,1505.0,1505.0,1505.0,0.0,0.0,48.0
2018-07-16 22:15:00,1505.0,1505.0,1505.0,1505.0,0.0,0.0,48.0
2018-07-16 22:20:00,1505.0,1505.0,1505.0,1505.0,0.0,0.0,48.0
2018-07-16 22:25:00,1505.0,1505.0,1505.0,1505.0,0.0,0.0,48.0
2018-07-16 22:30:00,1505.0,1505.0,1505.0,1505.0,0.0,0.0,48.0
2018-07-16 22:35:00,1505.0,1505.0,1505.0,1505.0,0.0,0.0,48.0
2018-07-16 22:40:00,1505.0,1505.0,1505.0,1505.0,0.0,0.0,48.0
2018-07-16 22:45:00,1505.0,1505.0,1505.0,1505.0,0.0,0.0,48.0
2018-07-16 22:50:00,1505.0,1505.0,1505.0,1505.0,0.0,0.0,48.0
2018-07-16 22:55:00,1505.0,1505.0,1505.0,1505.0,0.0,0.0,48.0
2018-07-16 23:00:00,1505.0,1505.0,1505.0,1505.0,0.0,0.0,48.0
2018-07-16 23:05:00,1505.0,1505.0,1505.0,1505.0,0.0,0.0,48.0
2018-07-16 23:10:00,1505.0,1505.0,1505.0,1505.0,0.0,0.0,48.0
2018-07-16 23:15:00,1505.0,1505.0,1505.0,1505.0,0.0,0.0,48.0
2018-07-16 23:20:00,1505.0,1505.0,1505.0,1505.0,0.0,0.0,48.0
2018-07-16 23:25:00,1505.0,1505.0,1505.0,1505.0,0.0,0.0,48.0
2018-07-17 09:00:00,1505.0,1505.0,1505.0,1505.0,0.0,0.0,48.0
2018-07-17 09:05:00,1505.0,1505.0,1505.0,1505.0,0.0,0.0,48.0
2018-07-17 09:10:00,1505.0,1505.0,1505.0,1505.0,0.0,0.0,48.0
2018-07-17 09:15:00,1505.0,1505.0,1505.0,1505.0,0.0,0.0,48.0
2018-07-17 09:20:00,1505.0,1505.0,1505.0,1505.0,0.0,0.0,48.0
2018-07-17 09:25:00,1505.0,1505.0,1505.0,1505.0,0.0,0.0,48.0
2018-07-17 09:30:00,1505.0,1505.0,1505.0,1505.0,0.0,0.0,48.0
2018-07-17 09:35:00,1505.0,1505.0,1505.0,1505.0,0.0,0.0,48.0
2018-07-17 09:40:00,1505.0,1505.0,1505.0,1505.0,0.0,0.0,48.0
2018-07-17 09:45:00,1505.0,1505.0,1505.0,1505.0,0.0,0.0,48.0
2018-07-17 09:50:00,1505.0,1505.0,1505.0,1505.0,0.0,0.0,48.0
2018-07-17 09:55:00,1505.0,1505.0,1505.0,1505.0,0.0,0.0,48.0
2018-07-17 10:00:00,1505.0,1505.0,1505.0,1505.0,0.0,0.0,48.0
2018-07-17 10:05:00,1505.0,1505.0,1505.0,1505.0,0.0,0.0,48.0
2018-07-17 10:10:00,1505.0,1505.0,1505.0,1505.0,0.0,0.0,48.0
2018-07-17 10:30:00,1505.0,1505.0,1505.0,1505.0,0.0,0.0,48.0
2018-07-17 10:35:00,1505.0,1505.0,1505.0,1505.0,0.0,0.0,48.0
2018-07-17 10:40:00,1505.0,1505.0,1505.0,1505.0,0.0,0.0,48.0
2018-07-17 10:45:00,1505.0,1505.0,1505.0,1505.0,0.0,0.0,48.0
2018-07-17 10:50:00,1505.0,1505.0,1505.0,1505.0,0.0,0.0,48.0
2018-07-17 10:55:00,1505.0,1505.0,1505.0,1505.0,0.0,0.0,48.0
2018-07-17 11:00:00,1505.0,1505.0,1505.0,1505.0,0.0,0.0,48.0
2018-07-17 11:05:00,1505.0,1505.0,1505.0,1505.0,0.0,0.0,48.0
2018-07-17 11:10:00,1505.0,1505.0,1505.0,1505.0,0.0,0.0,48.0
2018-07-17 11:15:00,1505.0,1505.0,1505.0,1505.0,0.0,0.0,48.0
2018-07-17 11:20:00,1505.0,1505.0,1505.0,1505.0,0.0,0.0,48.0
2018-07-17 11:25:00,1505.0,1505.0,1505.0,1505.0,0.0,0.0,48.0
2018-07-17 13:30:00,1505.0,1505.0,1505.0,1505.0,0.0,0.0,48.0
2018-07-17 13:35:00,1505.0,1505.0,1505.0,1505.0,0.0,0.0,48.0
2018-07-17 13:40:00,1505.0,1505.0,1505.0,1505.0,0.0,0.0,48.0
2018-07-17 13:45:00,1505.0,1505.0,1505.0,1505.0,0.0,0.0,48.0
2018-07-17 13:50:00,1505.0,1505.0,1505.0,1505.0,0.0,0.0,48.0
2018-07-17 13:55:00,1505.0,1505.0,1505.0,1505.0,0.0,0.0,48.0
2018-07-17 14:00:00,1505.0,1505.0,1505.0,1505.0,0.0,0.0,48.0
2018-07-17 14:05:00,1505.0,1505.0,1505.0,1505.0,0.0,0.0,48.0
2018-07-17 14:10:00,1505.0,1505.0,1505.0,1505.0,0.0,0.0,48.0
2018-07-17 14:15:00,1505.0,1505.0,1505.0,1505.0,0.0,0.0,48.0
2018-07-17 14:20:00,1505.0,1505.0,1505.0,1505.0,0.0,0.0,48.0
2018-07-17 14:25:00,1505.0,1505.0,1505.0,1505.0,0.0,0.0,48.0
2018-07-17 14:30:00,1505.0,1505.0,1505.0,1505.0,0.0,0.0,48.0
2018-07-17 14:35:00,1505.0,1505.0,1505.0,1505.0,0.0,0.0,48.0
2018-07-17 14:40:00,1505.0,1505.0,1505.0,1505.0,0.0,0.0,48.0
2018-07-17 14:45:00,1505.0,1505.0,1505.0,1505.0,0.0,0.0,48.0
2018-07-17 14:50:00,1505.0,1505.0,1505.0,1505.0,0.0,0.0,48.0
2018-07-17 14:55:00,1505.0,1505.0,1505.0,1505.0,0.0,0.0,48.0
2018-07-17 21:00:00,1497.0,1497.0,1497.0,1497.0,0.0,0.0,48.0
2018-07-17 21:05:00,1497.0,1497.0,1497.0,1497.0,0.0,0.0,48.0
2018-07-17 21:10:00,1497.0,1497.0,1497.0,1497.0,0.0,0.0,48.0
2018-07-17 21:15:00,1497.0,1497.0,1497.0,1497.0,0.0,0.0,48.0
2018-07-17 21:20:00,1497.0,1497.0,1497.0,1497.0,0.0,0.0,48.0
2018-07-17 21:25:00,1497.0,1497.0,1497.0,1497.0,0.0,0.0,48.0
2018-07-17 21:30:00,1497.0,1497.0,1497.0,1497.0,0.0,0.0,48.0
2018-07-17 21:35:00,1497.0,1497.0,1497.0,1497.0,0.0,0.0,48.0
2018-07-17 21:40:00,1497.0,1497.0,1497.0,1497.0,0.0,0.0,48.0
2018-07-17 21:45:00,1497.0,1497.0,1497.0,1497.0,0.0,0.0,48.0
2018-07-17 21:50:00,1497.0,1497.0,1497.0,1497.0,0.0,0.0,48.0
2018-07-17 21:55:00,1497.0,1497.0,1497.0,1497.0,0.0,0.0,48.0
2018-07-17 22:00:00,1497.0,1497.0,1497.0,1497.0,0.0,0.0,48.0
2018-07-17 22:05:00,1497.0,1497.0,1497.0,1497.0,0.0,0.0,48.0
2018-07-17 22:10:00,1497.0,1497.0,1497.0,1497.0,0.0,0.0,48.0
2018-07-17 22:15:00,1497.0,1497.0,1497.0,1497.0,0.0,0.0,48.0
2018-07-17 22:20:00,1497.0,1497.0,1497.0,1497.0,0.0,0.0,48.0
2018-07-17 22:25:00,1497.0,1497.0,1497.0,1497.0,0.0,0.0,48.0
2018-07-17 22:30:00,1497.0,1497.0,1497.0,1497.0,0.0,0.0,48.0
2018-07-17 22:35:00,1497.0,1497.0,1497.0,1497.0,0.0,0.0,48.0
2018-07-17 22:40:00,1497.0,1497.0,1497.0,1497.0,0.0,0.0,48.0
2018-07-17 22:45:00,1497.0,1497.0,1497.0,1497.0,0.0,0.0,48.0
2018-07-17 22:50:00,1497.0,1497.0,1497.0,1497.0,0.0,0.0,48.0
2018-07-17 22:55:00,1497.0,1497.0,1497.0,1497.0,0.0,0.0,48.0
2018-07-17 23:00:00,1497.0,1497.0,1497.0,1497.0,0.0,0.0,48.0
2018-07-17 23:05:00,1497.0,1497.0,1497.0,1497.0,0.0,0.0,48.0
2018-07-17 23:10:00,1497.0,1497.0,1497.0,1497.0,0.0,0.0,48.0
2018-07-17 23:15:00,1497.0,1497.0,1497.0,1497.0,0.0,0.0,48.0
2018-07-17 23:20:00,1497.0,1497.0,1497.0,1497.0,0.0,0.0,48.0
2018-07-17 23:25:00,1497.0,1497.0,1497.0,1497.0,0.0,0.0,48.0
2018-07-18 09:00:00,1497.0,1497.0,1497.0,1497.0,0.0,0.0,48.0
2018-07-18 09:05:00,1497.0,1497.0,1497.0,1497.0,0.0,0.0,48.0
2018-07-18 09:10:00,1497.0,1497.0,1497.0,1497.0,0.0,0.0,48.0
2018-07-18 09:15:00,1497.0,1497.0,1497.0,1497.0,0.0,0.0,48.0
2018-07-18 09:20:00,1497.0,1497.0,1497.0,1497.0,0.0,0.0,48.0
2018-07-18 09:25:00,1497.0,1497.0,1497.0,1497.0,0.0,0.0,48.0
2018-07-18 09:30:00,1497.0,1497.0,1497.0,1497.0,0.0,0.0,48.0
2018-07-18 09:35:00,1497.0,1497.0,1497.0,1497.0,0.0,0.0,48.0
2018-07-18 09:40:00,1497.0,1497.0,1497.0,1497.0,0.0,0.0,48.0
2018-07-18 09:45:00,1497.0,1497.0,1497.0,1497.0,0.0,0.0,48.0
2018-07-18 09:50:00,1497.0,1497.0,1497.0,1497.0,0.0,0.0,48.0
2018-07-18 09:55:00,1497.0,1497.0,1497.0,1497.0,0.0,0.0,48.0
2018-07-18 10:00:00,1497.0,1497.0,1497.0,1497.0,0.0,0.0,48.0
2018-07-18 10:05:00,1497.0,1497.0,1497.0,1497.0,0.0,0.0,48.0
2018-07-18 10:10:00,1497.0,1497.0,1497.0,1497.0,0.0,0.0,48.0
2018-07-18 10:30:00,1497.0,1497.0,1497.0,1497.0,0.0,0.0,48.0
2018-07-18 10:35:00,1497.0,1497.0,1497.0,1497.0,0.0,0.0,48.0
2018-07-18 10:40:00,1497.0,1497.0,1497.0,1497.0,0.0,0.0,48.0
2018-07-18 10:45:00,1497.0,1497.0,1497.0,1497.0,0.0,0.0,48.0
2018-07-18 10:50:00,1497.0,1497.0,1497.0,1497.0,0.0,0.0,48.0
2018-07-18 10:55:00,1497.0,1497.0,1497.0,1497.0,0.0,0.0,48.0
2018-07-18 11:00:00,1497.0,1497.0,1497.0,1497.0,0.0,0.0,48.0
2018-07-18 11:05:00,1497.0,1497.0,1497.0,1497.0,0.0,0.0,48.0
2018-07-18 11:10:00,1497.0,1497.0,1497.0,1497.0,0.0,0.0,48.0
2018-07-18 11:15:00,1497.0,1497.0,1497.0,1497.0,0.0,0.0,48.0
2018-07-18 11:20:00,1497.0,1497.0,1497.0,1497.0,0.0,0.0,48.0
2018-07-18 11:25:00,1497.0,1497.0,1497.0,1497.0,0.0,0.0,48.0
2018-07-18 13:30:00,1497.0,1497.0,1497.0,1497.0,0.0,0.0,48.0
2018-07-18 13:35:00,1497.0,1497.0,1497.0,1497.0,0.0,0.0,48.0
2018-07-18 13:40:00,1497.0,1497.0,1497.0,1497.0,0.0,0.0,48.0
2018-07-18 13:45:00,1497.0,1497.0,1497.0,1497.0,0.0,0.0,48.0
2018-07-18 13:50:00,1497.0,1497.0,1497.0,1497.0,0.0,0.0,48.0
2018-07-18 13:55:00,1497.0,1497.0,1497.0,1497.0,0.0,0.0,48.0
2018-07-18 14:00:00,1497.0,1497.0,1497.0,1497.0,0.0,0.0,48.0
2018-07-18 14:05:00,1497.0,1497.0,1497.0,1497.0,0.0,0.0,48.0
2018-07-18 14:10:00,1497.0,1497.0,1497.0,1497.0,0.0,0.0,48.0
2018-07-18 14:15:00,1497.0,1497.0,1497.0,1497.0,0.0,0.0,48.0
2018-07-18 14:20:00,1497.0,1497.0,1497.0,1497.0,0.0,0.0,48.0
2018-07-18 14:25:00,1497.0,1497.0,1497.0,1497.0,0.0,0.0,48.0
2018-07-18 14:30:00,1497.0,1497.0,1497.0,1497.0,0.0,0.0,48.0
2018-07-18 14:35:00,1497.0,1497.0,1497.0,1497.0,0.0,0.0,48.0
2018-07-18 14:40:00,1497.0,1497.0,1497.0,1497.0,0.0,0.0,48.0
2018-07-18 14:45:00,1497.0,1497.0,1497.0,1497.0,0.0,0.0,48.0
2018-07-18 14:50:00,1497.0,1497.0,1497.0,1497.0,0.0,0.0,48.0
2018-07-18 14:55:00,1497.0,1497.0,1497.0,1497.0,0.0,0.0,48.0
2018-07-18 21:00:00,1497.0,1497.0,1497.0,1497.0,0.0,0.0,48.0
2018-07-18 21:05:00,1497.0,1497.0,1497.0,1497.0,0.0,0.0,48.0
2018-07-18 21:10:00,1497.0,1497.0,1497.0,1497.0,0.0,0.0,48.0
2018-07-18 21:15:00,1497.0,1497.0,1497.0,1497.0,0.0,0.0,48.0
2018-07-18 21:20:00,1497.0,1497.0,1497.0,1497.0,0.0,0.0,48.0
2018-07-18 21:25:00,1497.0,1497.0,1497.0,1497.0,0.0,0.0,48.0
2018-07-18 21:30:00,1497.0,1497.0,1497.0,1497.0,0.0,0.0,48.0
2018-07-18 21:35:00,1497.0,1497.0,1497.0,1497.0,0.0,0.0,48.0
2018-07-18 21:40:00,1497.0,1497.0,1497.0,1497.0,0.0,0.0,48.0
2018-07-18 21:45:00,1497.0,1497.0,1497.0,1497.0,0.0,0.0,48.0
2018-07-18 21:50:00,1497.0,1497.0,1497.0,1497.0,0.0,0.0,48.0
2018-07-18 21:55:00,1497.0,1497.0,1497.0,1497.0,0.0,0.0,48.0
2018-07-18 22:00:00,1497.0,1497.0,1497.0,1497.0,0.0,0.0,48.0
2018-07-18 22:05:00,1497.0,1497.0,1497.0,1497.0,0.0,0.0,48.0
2018-07-18 22:10:00,1497.0,1497.0,1497.0,1497.0,0.0,0.0,48.0
2018-07-18 22:15:00,1497.0,1497.0,1497.0,1497.0,0.0,0.0,48.0
2018-07-18 22:20:00,1497.0,1497.0,1497.0,1497.0,0.0,0.0,48.0
2018-07-18 22:25:00,1497.0,1497.0,1497.0,1497.0,0.0,0.0,48.0
2018-07-18 22:30:00,1497.0,1497.0,1497.0,1497.0,0.0,0.0,48.0
2018-07-18 22:35:00,1497.0,1497.0,1497.0,1497.0,0.0,0.0,48.0
2018-07-18 22:40:00,1497.0,1497.0,1497.0,1497.0,0.0,0.0,48.0
2018-07-18 22:45:00,1497.0,1497.0,1497.0,1497.0,0.0,0.0,48.0
2018-07-18 22:50:00,1497.0,1497.0,1497.0,1497.0,0.0,0.0,48.0
2018-07-18 22:55:00,1497.0,1497.0,1497.0,1497.0,0.0,0.0,48.0
2018-07-18 23:00:00,1497.0,1497.0,1497.0,1497.0,0.0,0.0,48.0
2018-07-18 23:05:00,1497.0,1497.0,1497.0,1497.0,0.0,0.0,48.0
2018-07-18 23:10:00,1497.0,1497.0,1497.0,1497.0,0.0,0.0,48.0
2018-07-18 23:15:00,1497.0,1497.0,1497.0,1497.0,0.0,0.0,48.0
2018-07-18 23:20:00,1497.0,1497.0,1497.0,1497.0,0.0,0.0,48.0
2018-07-18 23:25:00,1497.0,1497.0,1497.0,1497.0,0.0,0.0,48.0
2018-07-19 09:00:00,1497.0,1497.0,1497.0,1497.0,0.0,0.0,48.0
2018-07-19 09:05:00,1497.0,1497.0,1497.0,1497.0,0.0,0.0,48.0
2018-07-19 09:10:00,1497.0,1497.0,1497.0,1497.0,0.0,0.0,48.0
2018-07-19 09:15:00,1497.0,1497.0,1497.0,1497.0,0.0,0.0,48.0
2018-07-19 09:20:00,1497.0,1497.0,1497.0,1497.0,0.0,0.0,48.0
2018-07-19 09:25:00,1497.0,1497.0,1497.0,1497.0,0.0,0.0,48.0
2018-07-19 09:30:00,1497.0,1497.0,1497.0,1497.0,0.0,0.0,48.0
2018-07-19 09:35:00,1497.0,1497.0,1497.0,1497.0,0.0,0.0,48.0
2018-07-19 09:40:00,1497.0,1497.0,1497.0,1497.0,0.0,0.0,48.0
2018-07-19 09:45:00,1497.0,1497.0,1497.0,1497.0,0.0,0.0,48.0
2018-07-19 09:50:00,1497.0,1497.0,1497.0,1497.0,0.0,0.0,48.0
2018-07-19 09:55:00,1497.0,1497.0,1497.0,1497.0,0.0,0.0,48.0
2018-07-19 10:00:00,1497.0,1497.0,1497.0,1497.0,0.0,0.0,48.0
2018-07-19 10:05:00,1497.0,1497.0,1497.0,1497.0,0.0,0.0,48.0
2018-07-19 10:10:00,1497.0,1497.0,1497.0,1497.0,0.0,0.0,48.0
2018-07-19 10:30:00,1497.0,1497.0,1497.0,1497.0,0.0,0.0,48.0
2018-07-19 10:35:00,1497.0,1497.0,1497.0,1497.0,0.0,0.0,48.0
2018-07-19 10:40:00,1497.0,1497.0,1497.0,1497.0,0.0,0.0,48.0
2018-07-19 10:45:00,1497.0,1497.0,1497.0,1497.0,0.0,0.0,48.0
2018-07-19 10:50:00,1497.0,1497.0,1497.0,1497.0,0.0,0.0,48.0
2018-07-19 10:55:00,1497.0,1497.0,1497.0,1497.0,0.0,0.0,48.0
2018-07-19 11:00:00,1497.0,1497.0,1497.0,1497.0,0.0,0.0,48.0
2018-07-19 11:05:00,1497.0,1497.0,1497.0,1497.0,0.0,0.0,48.0
2018-07-19 11:10:00,1497.0,1497.0,1497.0,1497.0,0.0,0.0,48.0
2018-07-19 11:15:00,1497.0,1497.0,1497.0,1497.0,0.0,0.0,48.0
2018-07-19 11:20:00,1497.0,1497.0,1497.0,1497.0,0.0,0.0,48.0
2018-07-19 11:25:00,1497.0,1497.0,1497.0,1497.0,0.0,0.0,48.0
2018-07-19 13:30:00,1497.0,1497.0,1497.0,1497.0,0.0,0.0,48.0
2018-07-19 13:35:00,1497.0,1497.0,1497.0,1497.0,0.0,0.0,48.0
2018-07-19 13:40:00,1497.0,1497.0,1497.0,1497.0,0.0,0.0,48.0
2018-07-19 13:45:00,1497.0,1497.0,1497.0,1497.0,0.0,0.0,48.0
2018-07-19 13:50:00,1497.0,1497.0,1497.0,1497.0,0.0,0.0,48.0
2018-07-19 13:55:00,1497.0,1497.0,1497.0,1497.0,0.0,0.0,48.0
2018-07-19 14:00:00,1497.0,1497.0,1497.0,1497.0,0.0,0.0,48.0
2018-07-19 14:05:00,1497.0,1497.0,1497.0,1497.0,0.0,0.0,48.0
2018-07-19 14:10:00,1497.0,1497.0,1497.0,1497.0,0.0,0.0,48.0
2018-07-19 14:15:00,1497.0,1497.0,1497.0,1497.0,0.0,0.0,48.0
2018-07-19 14:20:00,1497.0,1497.0,1497.0,1497.0,0.0,0.0,48.0
2018-07-19 14:25:00,1497.0,1497.0,1497.0,1497.0,0.0,0.0,48.0
2018-07-19 14:30:00,1497.0,1497.0,1497.0,1497.0,0.0,0.0,48.0
2018-07-19 14:35:00,1497.0,1497.0,1497.0,1497.0,0.0,0.0,48.0
2018-07-19 14:40:00,1497.0,1497.0,1497.0,1497.0,0.0,0.0,48.0
2018-07-19 14:45:00,1497.0,1497.0,1497.0,1497.0,0.0,0.0,48.0
2018-07-19 14:50:00,1497.0,1497.0,1497.0,1497.0,0.0,0.0,48.0
2018-07-19 14:55:00,1497.0,1497.0,1497.0,1497.0,0.0,0.0,48.0
2018-07-19 21:00:00,1497.0,1497.0,1440.0,1440.0,2.0,57600.0,48.0
2018-07-19 21:05:00,1554.0,1554.0,1554.0,1554.0,2.0,62160.0,48.0
2018-07-19 21:10:00,1554.0,1554.0,1554.0,1554.0,0.0,0.0,48.0
2018-07-19 21:15:00,1554.0,1554.0,1554.0,1554.0,0.0,0.0,48.0
2018-07-19 21:20:00,1554.0,1554.0,1554.0,1554.0,0.0,0.0,48.0
2018-07-19 21:25:00,1554.0,1554.0,1554.0,1554.0,0.0,0.0,48.0
2018-07-19 21:30:00,1554.0,1554.0,1554.0,1554.0,0.0,0.0,48.0
2018-07-19 21:35:00,1554.0,1554.0,1554.0,1554.0,0.0,0.0,48.0
2018-07-19 21:40:00,1554.0,1554.0,1554.0,1554.0,0.0,0.0,48.0
2018-07-19 21:45:00,1554.0,1554.0,1554.0,1554.0,0.0,0.0,48.0
2018-07-19 21:50:00,1554.0,1554.0,1554.0,1554.0,0.0,0.0,48.0
2018-07-19 21:55:00,1554.0,1554.0,1554.0,1554.0,0.0,0.0,48.0
2018-07-19 22:00:00,1554.0,1554.0,1554.0,1554.0,0.0,0.0,48.0
2018-07-19 22:05:00,1554.0,1554.0,1554.0,1554.0,0.0,0.0,48.0
2018-07-19 22:10:00,1554.0,1554.0,1554.0,1554.0,0.0,0.0,48.0
2018-07-19 22:15:00,1554.0,1554.0,1554.0,1554.0,0.0,0.0,48.0
2018-07-19 22:20:00,1554.0,1554.0,1554.0,1554.0,0.0,0.0,48.0
2018-07-19 22:25:00,1554.0,1554.0,1554.0,1554.0,0.0,0.0,48.0
2018-07-19 22:30:00,1554.0,1554.0,1554.0,1554.0,0.0,0.0,48.0
2018-07-19 22:35:00,1554.0,1554.0,1554.0,1554.0,0.0,0.0,48.0
2018-07-19 22:40:00,1554.0,1554.0,1554.0,1554.0,0.0,0.0,48.0
2018-07-19 22:45:00,1554.0,1554.0,1554.0,1554.0,0.0,0.0,48.0
2018-07-19 22:50:00,1554.0,1554.0,1495.0,1495.0,2.0,59760.0,48.0
2018-07-19 22:55:00,1495.0,1495.0,1495.0,1495.0,0.0,0.0,48.0
2018-07-19 23:00:00,1495.0,1495.0,1495.0,1495.0,0.0,0.0,48.0
2018-07-19 23:05:00,1495.0,1495.0,1495.0,1495.0,0.0,0.0,48.0
2018-07-19 23:10:00,1495.0,1495.0,1495.0,1495.0,0.0,0.0,48.0
2018-07-19 23:15:00,1495.0,1495.0,1495.0,1495.0,0.0,0.0,48.0
2018-07-19 23:20:00,1495.0,1495.0,1495.0,1495.0,0.0,0.0,48.0
2018-07-19 23:25:00,1495.0,1495.0,1495.0,1495.0,0.0,0.0,48.0
2018-07-20 09:00:00,1495.0,1495.0,1495.0,1495.0,0.0,0.0,48.0
2018-07-20 09:05:00,1495.0,1495.0,1495.0,1495.0,0.0,0.0,48.0
2018-07-20 09:10:00,1495.0,1544.0,1495.0,1544.0,2.0,61760.0,48.0
2018-07-20 09:15:00,1544.0,1544.0,1544.0,1544.0,0.0,0.0,48.0
2018-07-20 09:20:00,1544.0,1544.0,1544.0,1544.0,0.0,0.0,48.0
2018-07-20 09:25:00,1544.0,1544.0,1544.0,1544.0,0.0,0.0,48.0
2018-07-20 09:30:00,1544.0,1544.0,1544.0,1544.0,0.0,0.0,48.0
2018-07-20 09:35:00,1544.0,1544.0,1544.0,1544.0,0.0,0.0,48.0
2018-07-20 09:40:00,1544.0,1544.0,1544.0,1544.0,0.0,0.0,48.0
2018-07-20 09:45:00,1544.0,1544.0,1544.0,1544.0,0.0,0.0,48.0
2018-07-20 09:50:00,1544.0,1544.0,1544.0,1544.0,0.0,0.0,48.0
2018-07-20 09:55:00,1495.0,1495.0,1495.0,1495.0,2.0,59920.0,48.0
2018-07-20 10:00:00,1495.0,1495.0,1495.0,1495.0,0.0,0.0,48.0
2018-07-20 10:05:00,1495.0,1495.0,1495.0,1495.0,0.0,0.0,48.0
2018-07-20 10:10:00,1495.0,1495.0,1495.0,1495.0,0.0,0.0,48.0
2018-07-20 10:30:00,1495.0,1495.0,1495.0,1495.0,0.0,0.0,48.0
2018-07-20 10:35:00,1495.0,1495.0,1495.0,1495.0,0.0,0.0,48.0
2018-07-20 10:40:00,1495.0,1495.0,1495.0,1495.0,0.0,0.0,48.0
2018-07-20 10:45:00,1495.0,1495.0,1495.0,1495.0,0.0,0.0,48.0
2018-07-20 10:50:00,1495.0,1495.0,1495.0,1495.0,0.0,0.0,48.0
2018-07-20 10:55:00,1495.0,1495.0,1495.0,1495.0,0.0,0.0,48.0
2018-07-20 11:00:00,1495.0,1495.0,1495.0,1495.0,0.0,0.0,48.0
2018-07-20 11:05:00,1495.0,1495.0,1495.0,1495.0,0.0,0.0,48.0
2018-07-20 11:10:00,1495.0,1495.0,1495.0,1495.0,0.0,0.0,48.0
2018-07-20 11:15:00,1495.0,1495.0,1495.0,1495.0,0.0,0.0,48.0
2018-07-20 11:20:00,1495.0,1495.0,1495.0,1495.0,0.0,0.0,48.0
2018-07-20 11:25:00,1495.0,1495.0,1495.0,1495.0,0.0,0.0,48.0
2018-07-20 13:30:00,1495.0,1495.0,1495.0,1495.0,0.0,0.0,48.0
2018-07-20 13:35:00,1495.0,1495.0,1495.0,1495.0,0.0,0.0,48.0
2018-07-20 13:40:00,1495.0,1495.0,1495.0,1495.0,0.0,0.0,48.0
2018-07-20 13:45:00,1495.0,1495.0,1495.0,1495.0,0.0,0.0,48.0
2018-07-20 13:50:00,1495.0,1495.0,1495.0,1495.0,0.0,0.0,48.0
2018-07-20 13:55:00,1495.0,1495.0,1495.0,1495.0,0.0,0.0,48.0
2018-07-20 14:00:00,1495.0,1495.0,1495.0,1495.0,0.0,0.0,48.0
2018-07-20 14:05:00,1495.0,1495.0,1495.0,1495.0,0.0,0.0,48.0
2018-07-20 14:10:00,1495.0,1495.0,1495.0,1495.0,0.0,0.0,48.0
2018-07-20 14:15:00,1495.0,1495.0,1495.0,1495.0,0.0,0.0,48.0
2018-07-20 14:20:00,1495.0,1495.0,1495.0,1495.0,0.0,0.0,48.0
2018-07-20 14:25:00,1495.0,1495.0,1495.0,1495.0,0.0,0.0,48.0
2018-07-20 14:30:00,1495.0,1495.0,1495.0,1495.0,0.0,0.0,48.0
2018-07-20 14:35:00,1495.0,1495.0,1495.0,1495.0,0.0,0.0,48.0
2018-07-20 14:40:00,1495.0,1495.0,1495.0,1495.0,0.0,0.0,48.0
2018-07-20 14:45:00,1495.0,1495.0,1495.0,1495.0,0.0,0.0,48.0
2018-07-20 14:50:00,1495.0,1495.0,1495.0,1495.0,0.0,0.0,48.0
2018-07-20 14:55:00,1495.0,1495.0,1495.0,1495.0,0.0,0.0,48.0
2018-07-20 21:00:00,1506.0,1506.0,1506.0,1506.0,0.0,0.0,48.0
2018-07-20 21:05:00,1506.0,1506.0,1506.0,1506.0,0.0,0.0,48.0
2018-07-20 21:10:00,1506.0,1506.0,1506.0,1506.0,0.0,0.0,48.0
2018-07-20 21:15:00,1506.0,1506.0,1506.0,1506.0,0.0,0.0,48.0
2018-07-20 21:20:00,1506.0,1506.0,1506.0,1506.0,0.0,0.0,48.0
2018-07-20 21:25:00,1506.0,1506.0,1506.0,1506.0,0.0,0.0,48.0
2018-07-20 21:30:00,1506.0,1506.0,1506.0,1506.0,0.0,0.0,48.0
2018-07-20 21:35:00,1506.0,1506.0,1506.0,1506.0,0.0,0.0,48.0
2018-07-20 21:40:00,1506.0,1506.0,1506.0,1506.0,0.0,0.0,48.0
2018-07-20 21:45:00,1506.0,1506.0,1506.0,1506.0,0.0,0.0,48.0
2018-07-20 21:50:00,1506.0,1506.0,1506.0,1506.0,0.0,0.0,48.0
2018-07-20 21:55:00,1506.0,1506.0,1506.0,1506.0,0.0,0.0,48.0
2018-07-20 22:00:00,1506.0,1506.0,1506.0,1506.0,0.0,0.0,48.0
2018-07-20 22:05:00,1506.0,1506.0,1506.0,1506.0,0.0,0.0,48.0
2018-07-20 22:10:00,1506.0,1506.0,1506.0,1506.0,0.0,0.0,48.0
2018-07-20 22:15:00,1506.0,1506.0,1506.0,1506.0,0.0,0.0,48.0
2018-07-20 22:20:00,1506.0,1506.0,1506.0,1506.0,0.0,0.0,48.0
2018-07-20 22:25:00,1506.0,1506.0,1506.0,1506.0,0.0,0.0,48.0
2018-07-20 22:30:00,1506.0,1506.0,1506.0,1506.0,0.0,0.0,48.0
2018-07-20 22:35:00,1506.0,1506.0,1506.0,1506.0,0.0,0.0,48.0
2018-07-20 22:40:00,1506.0,1506.0,1506.0,1506.0,0.0,0.0,48.0
2018-07-20 22:45:00,1506.0,1506.0,1506.0,1506.0,0.0,0.0,48.0
2018-07-20 22:50:00,1506.0,1506.0,1506.0,1506.0,0.0,0.0,48.0
2018-07-20 22:55:00,1506.0,1506.0,1506.0,1506.0,0.0,0.0,48.0
2018-07-20 23:00:00,1506.0,1506.0,1506.0,1506.0,0.0,0.0,48.0
2018-07-20 23:05:00,1506.0,1506.0,1506.0,1506.0,0.0,0.0,48.0
2018-07-20 23:10:00,1506.0,1506.0,1506.0,1506.0,0.0,0.0,48.0
2018-07-20 23:15:00,1506.0,1506.0,1506.0,1506.0,0.0,0.0,48.0
2018-07-20 23:20:00,1506.0,1506.0,1506.0,1506.0,0.0,0.0,48.0
2018-07-20 23:25:00,1506.0,1506.0,1506.0,1506.0,0.0,0.0,48.0
2018-07-23 09:00:00,1506.0,1506.0,1506.0,1506.0,0.0,0.0,48.0
2018-07-23 09:05:00,1506.0,1506.0,1506.0,1506.0,0.0,0.0,48.0
2018-07-23 09:10:00,1506.0,1506.0,1506.0,1506.0,0.0,0.0,48.0
2018-07-23 09:15:00,1506.0,1506.0,1506.0,1506.0,0.0,0.0,48.0
2018-07-23 09:20:00,1506.0,1506.0,1506.0,1506.0,0.0,0.0,48.0
2018-07-23 09:25:00,1506.0,1506.0,1506.0,1506.0,0.0,0.0,48.0
2018-07-23 09:30:00,1506.0,1506.0,1506.0,1506.0,0.0,0.0,48.0
2018-07-23 09:35:00,1506.0,1506.0,1506.0,1506.0,0.0,0.0,48.0
2018-07-23 09:40:00,1506.0,1506.0,1506.0,1506.0,0.0,0.0,48.0
2018-07-23 09:45:00,1506.0,1506.0,1506.0,1506.0,0.0,0.0,48.0
2018-07-23 09:50:00,1506.0,1506.0,1506.0,1506.0,0.0,0.0,48.0
2018-07-23 09:55:00,1506.0,1506.0,1506.0,1506.0,0.0,0.0,48.0
2018-07-23 10:00:00,1506.0,1506.0,1506.0,1506.0,0.0,0.0,48.0
2018-07-23 10:05:00,1506.0,1506.0,1506.0,1506.0,0.0,0.0,48.0
2018-07-23 10:10:00,1506.0,1506.0,1506.0,1506.0,0.0,0.0,48.0
2018-07-23 10:30:00,1506.0,1506.0,1506.0,1506.0,0.0,0.0,48.0
2018-07-23 10:35:00,1506.0,1506.0,1506.0,1506.0,0.0,0.0,48.0
2018-07-23 10:40:00,1506.0,1506.0,1506.0,1506.0,0.0,0.0,48.0
2018-07-23 10:45:00,1506.0,1506.0,1506.0,1506.0,0.0,0.0,48.0
2018-07-23 10:50:00,1506.0,1506.0,1506.0,1506.0,0.0,0.0,48.0
2018-07-23 10:55:00,1506.0,1506.0,1506.0,1506.0,0.0,0.0,48.0
2018-07-23 11:00:00,1506.0,1506.0,1506.0,1506.0,0.0,0.0,48.0
2018-07-23 11:05:00,1506.0,1506.0,1506.0,1506.0,0.0,0.0,48.0
2018-07-23 11:10:00,1506.0,1506.0,1506.0,1506.0,0.0,0.0,48.0
2018-07-23 11:15:00,1506.0,1506.0,1506.0,1506.0,0.0,0.0,48.0
2018-07-23 11:20:00,1506.0,1506.0,1506.0,1506.0,0.0,0.0,48.0
2018-07-23 11:25:00,1506.0,1506.0,1506.0,1506.0,0.0,0.0,48.0
2018-07-23 13:30:00,1506.0,1506.0,1506.0,1506.0,0.0,0.0,48.0
2018-07-23 13:35:00,1506.0,1506.0,1506.0,1506.0,0.0,0.0,48.0
2018-07-23 13:40:00,1506.0,1506.0,1506.0,1506.0,0.0,0.0,48.0
2018-07-23 13:45:00,1506.0,1506.0,1506.0,1506.0,0.0,0.0,48.0
2018-07-23 13:50:00,1506.0,1506.0,1506.0,1506.0,0.0,0.0,48.0
2018-07-23 13:55:00,1506.0,1506.0,1506.0,1506.0,0.0,0.0,48.0
2018-07-23 14:00:00,1506.0,1506.0,1506.0,1506.0,0.0,0.0,48.0
2018-07-23 14:05:00,1530.0,1530.0,1530.0,1530.0,2.0,61200.0,46.0
2018-07-23 14:10:00,1530.0,1530.0,1530.0,1530.0,0.0,0.0,46.0
2018-07-23 14:15:00,1530.0,1530.0,1530.0,1530.0,0.0,0.0,46.0
2018-07-23 14:20:00,1530.0,1530.0,1530.0,1530.0,0.0,0.0,46.0
2018-07-23 14:25:00,1530.0,1530.0,1530.0,1530.0,0.0,0.0,46.0
2018-07-23 14:30:00,1530.0,1530.0,1530.0,1530.0,0.0,0.0,46.0
2018-07-23 14:35:00,1530.0,1530.0,1530.0,1530.0,0.0,0.0,46.0
2018-07-23 14:40:00,1530.0,1530.0,1530.0,1530.0,0.0,0.0,46.0
2018-07-23 14:45:00,1530.0,1530.0,1530.0,1530.0,0.0,0.0,46.0
2018-07-23 14:50:00,1530.0,1530.0,1530.0,1530.0,0.0,0.0,46.0
2018-07-23 14:55:00,1530.0,1530.0,1530.0,1530.0,0.0,0.0,46.0
2018-07-23 21:00:00,1530.0,1530.0,1530.0,1530.0,0.0,0.0,46.0
2018-07-23 21:05:00,1530.0,1530.0,1530.0,1530.0,0.0,0.0,46.0
2018-07-23 21:10:00,1530.0,1530.0,1530.0,1530.0,0.0,0.0,46.0
2018-07-23 21:15:00,1530.0,1530.0,1530.0,1530.0,0.0,0.0,46.0
2018-07-23 21:20:00,1530.0,1530.0,1530.0,1530.0,0.0,0.0,46.0
2018-07-23 21:25:00,1530.0,1530.0,1530.0,1530.0,0.0,0.0,46.0
2018-07-23 21:30:00,1530.0,1530.0,1530.0,1530.0,0.0,0.0,46.0
2018-07-23 21:35:00,1530.0,1530.0,1530.0,1530.0,0.0,0.0,46.0
2018-07-23 21:40:00,1530.0,1530.0,1530.0,1530.0,0.0,0.0,46.0
2018-07-23 21:45:00,1530.0,1530.0,1530.0,1530.0,0.0,0.0,46.0
2018-07-23 21:50:00,1530.0,1530.0,1530.0,1530.0,0.0,0.0,46.0
2018-07-23 21:55:00,1530.0,1530.0,1530.0,1530.0,0.0,0.0,46.0
2018-07-23 22:00:00,1530.0,1530.0,1530.0,1530.0,0.0,0.0,46.0
2018-07-23 22:05:00,1530.0,1530.0,1530.0,1530.0,0.0,0.0,46.0
2018-07-23 22:10:00,1530.0,1530.0,1530.0,1530.0,0.0,0.0,46.0
2018-07-23 22:15:00,1530.0,1530.0,1530.0,1530.0,0.0,0.0,46.0
2018-07-23 22:20:00,1530.0,1530.0,1530.0,1530.0,0.0,0.0,46.0
2018-07-23 22:25:00,1530.0,1530.0,1530.0,1530.0,0.0,0.0,46.0
2018-07-23 22:30:00,1530.0,1530.0,1530.0,1530.0,0.0,0.0,46.0
2018-07-23 22:35:00,1530.0,1530.0,1530.0,1530.0,0.0,0.0,46.0
2018-07-23 22:40:00,1530.0,1530.0,1530.0,1530.0,0.0,0.0,46.0
2018-07-23 22:45:00,1530.0,1530.0,1530.0,1530.0,0.0,0.0,46.0
2018-07-23 22:50:00,1530.0,1530.0,1530.0,1530.0,0.0,0.0,46.0
2018-07-23 22:55:00,1530.0,1530.0,1530.0,1530.0,0.0,0.0,46.0
2018-07-23 23:00:00,1530.0,1530.0,1530.0,1530.0,0.0,0.0,46.0
2018-07-23 23:05:00,1530.0,1530.0,1530.0,1530.0,0.0,0.0,46.0
2018-07-23 23:10:00,1530.0,1530.0,1530.0,1530.0,0.0,0.0,46.0
2018-07-23 23:15:00,1530.0,1530.0,1530.0,1530.0,0.0,0.0,46.0
2018-07-23 23:20:00,1530.0,1530.0,1530.0,1530.0,0.0,0.0,46.0
2018-07-23 23:25:00,1530.0,1530.0,1530.0,1530.0,0.0,0.0,46.0
2018-07-24 09:00:00,1530.0,1530.0,1530.0,1530.0,0.0,0.0,46.0
2018-07-24 09:05:00,1530.0,1530.0,1530.0,1530.0,0.0,0.0,46.0
2018-07-24 09:10:00,1530.0,1530.0,1530.0,1530.0,0.0,0.0,46.0
2018-07-24 09:15:00,1530.0,1530.0,1530.0,1530.0,0.0,0.0,46.0
2018-07-24 09:20:00,1530.0,1530.0,1530.0,1530.0,0.0,0.0,46.0
2018-07-24 09:25:00,1530.0,1530.0,1530.0,1530.0,0.0,0.0,46.0
2018-07-24 09:30:00,1530.0,1530.0,1530.0,1530.0,0.0,0.0,46.0
2018-07-24 09:35:00,1530.0,1530.0,1530.0,1530.0,0.0,0.0,46.0
2018-07-24 09:40:00,1530.0,1530.0,1530.0,1530.0,0.0,0.0,46.0
2018-07-24 09:45:00,1530.0,1530.0,1530.0,1530.0,0.0,0.0,46.0
2018-07-24 09:50:00,1530.0,1530.0,1530.0,1530.0,0.0,0.0,46.0
2018-07-24 09:55:00,1530.0,1530.0,1530.0,1530.0,0.0,0.0,46.0
2018-07-24 10:00:00,1530.0,1530.0,1530.0,1530.0,0.0,0.0,46.0
2018-07-24 10:05:00,1530.0,1530.0,1530.0,1530.0,0.0,0.0,46.0
2018-07-24 10:10:00,1530.0,1530.0,1530.0,1530.0,0.0,0.0,46.0
2018-07-24 10:30:00,1530.0,1530.0,1530.0,1530.0,0.0,0.0,46.0
2018-07-24 10:35:00,1530.0,1530.0,1530.0,1530.0,0.0,0.0,46.0
2018-07-24 10:40:00,1530.0,1530.0,1530.0,1530.0,0.0,0.0,46.0
2018-07-24 10:45:00,1530.0,1530.0,1530.0,1530.0,0.0,0.0,46.0
2018-07-24 10:50:00,1530.0,1530.0,1530.0,1530.0,0.0,0.0,46.0
2018-07-24 10:55:00,1530.0,1530.0,1530.0,1530.0,0.0,0.0,46.0
2018-07-24 11:00:00,1530.0,1530.0,1530.0,1530.0,0.0,0.0,46.0
2018-07-24 11:05:00,1530.0,1530.0,1530.0,1530.0,0.0,0.0,46.0
2018-07-24 11:10:00,1530.0,1530.0,1530.0,1530.0,0.0,0.0,46.0
2018-07-24 11:15:00,1530.0,1530.0,1530.0,1530.0,0.0,0.0,46.0
2018-07-24 11:20:00,1530.0,1530.0,1530.0,1530.0,0.0,0.0,46.0
2018-07-24 11:25:00,1530.0,1530.0,1530.0,1530.0,0.0,0.0,46.0
2018-07-24 13:30:00,1530.0,1530.0,1530.0,1530.0,0.0,0.0,46.0
2018-07-24 13:35:00,1530.0,1530.0,1530.0,1530.0,0.0,0.0,46.0
2018-07-24 13:40:00,1530.0,1530.0,1530.0,1530.0,0.0,0.0,46.0
2018-07-24 13:45:00,1530.0,1530.0,1530.0,1530.0,0.0,0.0,46.0
2018-07-24 13:50:00,1530.0,1530.0,1530.0,1530.0,0.0,0.0,46.0
2018-07-24 13:55:00,1530.0,1530.0,1530.0,1530.0,0.0,0.0,46.0
2018-07-24 14:00:00,1530.0,1530.0,1530.0,1530.0,0.0,0.0,46.0
2018-07-24 14:05:00,1530.0,1530.0,1530.0,1530.0,0.0,0.0,46.0
2018-07-24 14:10:00,1530.0,1530.0,1530.0,1530.0,0.0,0.0,46.0
2018-07-24 14:15:00,1530.0,1530.0,1530.0,1530.0,0.0,0.0,46.0
2018-07-24 14:20:00,1530.0,1530.0,1530.0,1530.0,0.0,0.0,46.0
2018-07-24 14:25:00,1530.0,1530.0,1530.0,1530.0,0.0,0.0,46.0
2018-07-24 14:30:00,1530.0,1530.0,1530.0,1530.0,0.0,0.0,46.0
2018-07-24 14:35:00,1530.0,1530.0,1530.0,1530.0,0.0,0.0,46.0
2018-07-24 14:40:00,1530.0,1530.0,1530.0,1530.0,0.0,0.0,46.0
2018-07-24 14:45:00,1530.0,1530.0,1530.0,1530.0,6.0,183600.0,40.0
2018-07-24 14:50:00,1530.0,1530.0,1530.0,1530.0,0.0,0.0,40.0
2018-07-24 14:55:00,1530.0,1530.0,1530.0,1530.0,0.0,0.0,40.0
2018-07-24 21:00:00,1530.0,1580.0,1530.0,1580.0,2.0,63200.0,40.0
2018-07-24 21:05:00,1580.0,1580.0,1580.0,1580.0,0.0,0.0,40.0
2018-07-24 21:10:00,1580.0,1580.0,1580.0,1580.0,0.0,0.0,40.0
2018-07-24 21:15:00,1580.0,1580.0,1525.0,1525.0,2.0,61040.0,40.0
2018-07-24 21:20:00,1525.0,1525.0,1525.0,1525.0,0.0,0.0,40.0
2018-07-24 21:25:00,1525.0,1525.0,1498.0,1498.0,6.0,179960.0,44.0
2018-07-24 21:30:00,1498.0,1498.0,1498.0,1498.0,0.0,0.0,44.0
2018-07-24 21:35:00,1498.0,1498.0,1498.0,1498.0,0.0,0.0,44.0
2018-07-24 21:40:00,1498.0,1498.0,1498.0,1498.0,0.0,0.0,44.0
2018-07-24 21:45:00,1498.0,1498.0,1498.0,1498.0,0.0,0.0,44.0
2018-07-24 21:50:00,1498.0,1498.0,1498.0,1498.0,0.0,0.0,44.0
2018-07-24 21:55:00,1498.0,1498.0,1498.0,1498.0,0.0,0.0,44.0
2018-07-24 22:00:00,1498.0,1498.0,1498.0,1498.0,0.0,0.0,44.0
2018-07-24 22:05:00,1498.0,1498.0,1498.0,1498.0,0.0,0.0,44.0
2018-07-24 22:10:00,1498.0,1498.0,1498.0,1498.0,0.0,0.0,44.0
2018-07-24 22:15:00,1498.0,1498.0,1498.0,1498.0,0.0,0.0,44.0
2018-07-24 22:20:00,1498.0,1498.0,1498.0,1498.0,0.0,0.0,44.0
2018-07-24 22:25:00,1498.0,1498.0,1498.0,1498.0,0.0,0.0,44.0
2018-07-24 22:30:00,1498.0,1498.0,1498.0,1498.0,0.0,0.0,44.0
2018-07-24 22:35:00,1498.0,1498.0,1498.0,1498.0,0.0,0.0,44.0
2018-07-24 22:40:00,1498.0,1498.0,1498.0,1498.0,0.0,0.0,44.0
2018-07-24 22:45:00,1498.0,1498.0,1498.0,1498.0,0.0,0.0,44.0
2018-07-24 22:50:00,1498.0,1498.0,1498.0,1498.0,0.0,0.0,44.0
2018-07-24 22:55:00,1498.0,1498.0,1498.0,1498.0,0.0,0.0,44.0
2018-07-24 23:00:00,1498.0,1498.0,1498.0,1498.0,0.0,0.0,44.0
2018-07-24 23:05:00,1498.0,1498.0,1498.0,1498.0,0.0,0.0,44.0
2018-07-24 23:10:00,1498.0,1498.0,1492.0,1492.0,2.0,59640.0,44.0
2018-07-24 23:15:00,1492.0,1492.0,1492.0,1492.0,0.0,0.0,44.0
2018-07-24 23:20:00,1492.0,1492.0,1490.0,1490.0,2.0,59520.0,44.0
2018-07-24 23:25:00,1490.0,1490.0,1490.0,1490.0,0.0,0.0,44.0
2018-07-25 09:00:00,1490.0,1490.0,1490.0,1490.0,0.0,0.0,44.0
2018-07-25 09:05:00,1490.0,1490.0,1490.0,1490.0,0.0,0.0,44.0
2018-07-25 09:10:00,1490.0,1490.0,1490.0,1490.0,0.0,0.0,44.0
2018-07-25 09:15:00,1490.0,1490.0,1490.0,1490.0,0.0,0.0,44.0
2018-07-25 09:20:00,1490.0,1490.0,1490.0,1490.0,0.0,0.0,44.0
2018-07-25 09:25:00,1490.0,1490.0,1490.0,1490.0,0.0,0.0,44.0
2018-07-25 09:30:00,1490.0,1490.0,1490.0,1490.0,0.0,0.0,44.0
2018-07-25 09:35:00,1490.0,1490.0,1490.0,1490.0,0.0,0.0,44.0
2018-07-25 09:40:00,1490.0,1490.0,1490.0,1490.0,0.0,0.0,44.0
2018-07-25 09:45:00,1490.0,1490.0,1490.0,1490.0,0.0,0.0,44.0
2018-07-25 09:50:00,1490.0,1490.0,1490.0,1490.0,0.0,0.0,44.0
2018-07-25 09:55:00,1490.0,1490.0,1490.0,1490.0,0.0,0.0,44.0
2018-07-25 10:00:00,1490.0,1490.0,1490.0,1490.0,0.0,0.0,44.0
2018-07-25 10:05:00,1490.0,1490.0,1490.0,1490.0,0.0,0.0,44.0
2018-07-25 10:10:00,1490.0,1490.0,1490.0,1490.0,0.0,0.0,44.0
2018-07-25 10:30:00,1490.0,1490.0,1490.0,1490.0,0.0,0.0,44.0
2018-07-25 10:35:00,1490.0,1490.0,1490.0,1490.0,0.0,0.0,44.0
2018-07-25 10:40:00,1490.0,1490.0,1490.0,1490.0,0.0,0.0,44.0
2018-07-25 10:45:00,1490.0,1490.0,1490.0,1490.0,0.0,0.0,44.0
2018-07-25 10:50:00,1490.0,1490.0,1490.0,1490.0,0.0,0.0,44.0
2018-07-25 10:55:00,1490.0,1490.0,1490.0,1490.0,0.0,0.0,44.0
2018-07-25 11:00:00,1490.0,1490.0,1490.0,1490.0,0.0,0.0,44.0
2018-07-25 11:05:00,1490.0,1490.0,1490.0,1490.0,0.0,0.0,44.0
2018-07-25 11:10:00,1490.0,1490.0,1490.0,1490.0,0.0,0.0,44.0
2018-07-25 11:15:00,1490.0,1490.0,1490.0,1490.0,0.0,0.0,44.0
2018-07-25 11:20:00,1490.0,1490.0,1490.0,1490.0,0.0,0.0,44.0
2018-07-25 11:25:00,1490.0,1490.0,1490.0,1490.0,0.0,0.0,44.0
2018-07-25 13:30:00,1490.0,1490.0,1490.0,1490.0,0.0,0.0,44.0
2018-07-25 13:35:00,1490.0,1490.0,1490.0,1490.0,0.0,0.0,44.0
2018-07-25 13:40:00,1490.0,1508.0,1490.0,1508.0,2.0,60480.0,42.0
2018-07-25 13:45:00,1508.0,1508.0,1508.0,1508.0,0.0,0.0,42.0
2018-07-25 13:50:00,1508.0,1508.0,1508.0,1508.0,0.0,0.0,42.0
2018-07-25 13:55:00,1508.0,1508.0,1492.0,1492.0,2.0,59760.0,42.0
2018-07-25 14:00:00,1492.0,1546.0,1492.0,1546.0,2.0,61600.0,42.0
2018-07-25 14:05:00,1546.0,1546.0,1546.0,1546.0,0.0,0.0,42.0
2018-07-25 14:10:00,1546.0,1546.0,1546.0,1546.0,0.0,0.0,42.0
2018-07-25 14:15:00,1546.0,1546.0,1500.0,1500.0,2.0,60080.0,42.0
2018-07-25 14:20:00,1500.0,1500.0,1500.0,1500.0,0.0,0.0,42.0
2018-07-25 14:25:00,1500.0,1500.0,1500.0,1500.0,0.0,0.0,42.0
2018-07-25 14:30:00,1500.0,1500.0,1500.0,1500.0,0.0,0.0,42.0
2018-07-25 14:35:00,1500.0,1500.0,1500.0,1500.0,0.0,0.0,42.0
2018-07-25 14:40:00,1500.0,1500.0,1500.0,1500.0,0.0,0.0,42.0
2018-07-25 14:45:00,1500.0,1500.0,1500.0,1500.0,0.0,0.0,42.0
2018-07-25 14:50:00,1500.0,1500.0,1500.0,1500.0,0.0,0.0,42.0
2018-07-25 14:55:00,1500.0,1500.0,1500.0,1500.0,0.0,0.0,42.0
2018-07-25 21:00:00,1512.0,1512.0,1512.0,1512.0,0.0,0.0,42.0
2018-07-25 21:05:00,1512.0,1512.0,1512.0,1512.0,0.0,0.0,42.0
2018-07-25 21:10:00,1512.0,1512.0,1512.0,1512.0,0.0,0.0,42.0
2018-07-25 21:15:00,1512.0,1512.0,1512.0,1512.0,0.0,0.0,42.0
2018-07-25 21:20:00,1512.0,1512.0,1512.0,1512.0,0.0,0.0,42.0
2018-07-25 21:25:00,1512.0,1512.0,1512.0,1512.0,0.0,0.0,42.0
2018-07-25 21:30:00,1512.0,1512.0,1512.0,1512.0,0.0,0.0,42.0
2018-07-25 21:35:00,1512.0,1512.0,1512.0,1512.0,0.0,0.0,42.0
2018-07-25 21:40:00,1512.0,1512.0,1512.0,1512.0,0.0,0.0,42.0
2018-07-25 21:45:00,1512.0,1512.0,1512.0,1512.0,0.0,0.0,42.0
2018-07-25 21:50:00,1512.0,1512.0,1512.0,1512.0,0.0,0.0,42.0
2018-07-25 21:55:00,1512.0,1512.0,1512.0,1512.0,0.0,0.0,42.0
2018-07-25 22:00:00,1512.0,1512.0,1512.0,1512.0,0.0,0.0,42.0
2018-07-25 22:05:00,1512.0,1512.0,1512.0,1512.0,0.0,0.0,42.0
2018-07-25 22:10:00,1512.0,1512.0,1512.0,1512.0,0.0,0.0,42.0
2018-07-25 22:15:00,1512.0,1512.0,1512.0,1512.0,0.0,0.0,42.0
2018-07-25 22:20:00,1512.0,1512.0,1512.0,1512.0,0.0,0.0,42.0
2018-07-25 22:25:00,1512.0,1512.0,1512.0,1512.0,0.0,0.0,42.0
2018-07-25 22:30:00,1512.0,1512.0,1512.0,1512.0,0.0,0.0,42.0
2018-07-25 22:35:00,1512.0,1512.0,1512.0,1512.0,0.0,0.0,42.0
2018-07-25 22:40:00,1512.0,1512.0,1512.0,1512.0,0.0,0.0,42.0
2018-07-25 22:45:00,1512.0,1512.0,1512.0,1512.0,0.0,0.0,42.0
2018-07-25 22:50:00,1512.0,1512.0,1512.0,1512.0,0.0,0.0,42.0
2018-07-25 22:55:00,1512.0,1512.0,1512.0,1512.0,0.0,0.0,42.0
2018-07-25 23:00:00,1512.0,1512.0,1512.0,1512.0,0.0,0.0,42.0
2018-07-25 23:05:00,1512.0,1512.0,1512.0,1512.0,0.0,0.0,42.0
2018-07-25 23:10:00,1512.0,1512.0,1512.0,1512.0,0.0,0.0,42.0
2018-07-25 23:15:00,1512.0,1512.0,1512.0,1512.0,0.0,0.0,42.0
2018-07-25 23:20:00,1512.0,1512.0,1512.0,1512.0,0.0,0.0,42.0
2018-07-25 23:25:00,1512.0,1512.0,1512.0,1512.0,0.0,0.0,42.0
2018-07-26 09:00:00,1512.0,1512.0,1512.0,1512.0,0.0,0.0,42.0
2018-07-26 09:05:00,1512.0,1512.0,1512.0,1512.0,0.0,0.0,42.0
2018-07-26 09:10:00,1512.0,1512.0,1512.0,1512.0,0.0,0.0,42.0
2018-07-26 09:15:00,1512.0,1512.0,1512.0,1512.0,0.0,0.0,42.0
2018-07-26 09:20:00,1512.0,1512.0,1512.0,1512.0,0.0,0.0,42.0
2018-07-26 09:25:00,1512.0,1512.0,1512.0,1512.0,0.0,0.0,42.0
2018-07-26 09:30:00,1512.0,1512.0,1512.0,1512.0,0.0,0.0,42.0
2018-07-26 09:35:00,1512.0,1512.0,1512.0,1512.0,0.0,0.0,42.0
2018-07-26 09:40:00,1512.0,1512.0,1512.0,1512.0,0.0,0.0,42.0
2018-07-26 09:45:00,1512.0,1512.0,1512.0,1512.0,0.0,0.0,42.0
2018-07-26 09:50:00,1512.0,1512.0,1512.0,1512.0,0.0,0.0,42.0
2018-07-26 09:55:00,1512.0,1512.0,1512.0,1512.0,0.0,0.0,42.0
2018-07-26 10:00:00,1512.0,1512.0,1512.0,1512.0,0.0,0.0,42.0
2018-07-26 10:05:00,1512.0,1512.0,1512.0,1512.0,0.0,0.0,42.0
2018-07-26 10:10:00,1512.0,1512.0,1512.0,1512.0,0.0,0.0,42.0
2018-07-26 10:30:00,1512.0,1512.0,1512.0,1512.0,0.0,0.0,42.0
2018-07-26 10:35:00,1512.0,1512.0,1512.0,1512.0,0.0,0.0,42.0
2018-07-26 10:40:00,1512.0,1512.0,1512.0,1512.0,0.0,0.0,42.0
2018-07-26 10:45:00,1512.0,1512.0,1512.0,1512.0,0.0,0.0,42.0
2018-07-26 10:50:00,1512.0,1512.0,1512.0,1512.0,0.0,0.0,42.0
2018-07-26 10:55:00,1512.0,1512.0,1512.0,1512.0,0.0,0.0,42.0
2018-07-26 11:00:00,1512.0,1512.0,1512.0,1512.0,0.0,0.0,42.0
2018-07-26 11:05:00,1512.0,1512.0,1512.0,1512.0,0.0,0.0,42.0
2018-07-26 11:10:00,1512.0,1512.0,1512.0,1512.0,0.0,0.0,42.0
2018-07-26 11:15:00,1512.0,1512.0,1512.0,1512.0,0.0,0.0,42.0
2018-07-26 11:20:00,1512.0,1512.0,1512.0,1512.0,0.0,0.0,42.0
2018-07-26 11:25:00,1512.0,1512.0,1512.0,1512.0,0.0,0.0,42.0
2018-07-26 13:30:00,1512.0,1512.0,1512.0,1512.0,0.0,0.0,42.0
2018-07-26 13:35:00,1512.0,1545.0,1499.0,1545.0,4.0,121760.0,40.0
2018-07-26 13:40:00,1545.0,1545.0,1545.0,1545.0,0.0,0.0,40.0
2018-07-26 13:45:00,1545.0,1545.0,1545.0,1545.0,0.0,0.0,40.0
2018-07-26 13:50:00,1545.0,1545.0,1545.0,1545.0,0.0,0.0,40.0
2018-07-26 13:55:00,1545.0,1545.0,1545.0,1545.0,0.0,0.0,40.0
2018-07-26 14:00:00,1545.0,1545.0,1545.0,1545.0,0.0,0.0,40.0
2018-07-26 14:05:00,1545.0,1545.0,1545.0,1545.0,0.0,0.0,40.0
2018-07-26 14:10:00,1545.0,1545.0,1545.0,1545.0,0.0,0.0,40.0
2018-07-26 14:15:00,1545.0,1545.0,1545.0,1545.0,0.0,0.0,40.0
2018-07-26 14:20:00,1545.0,1545.0,1545.0,1545.0,0.0,0.0,40.0
2018-07-26 14:25:00,1545.0,1545.0,1545.0,1545.0,0.0,0.0,40.0
2018-07-26 14:30:00,1545.0,1545.0,1545.0,1545.0,0.0,0.0,40.0
2018-07-26 14:35:00,1545.0,1545.0,1545.0,1545.0,0.0,0.0,40.0
2018-07-26 14:40:00,1545.0,1545.0,1545.0,1545.0,0.0,0.0,40.0
2018-07-26 14:45:00,1545.0,1545.0,1545.0,1545.0,0.0,0.0,40.0
2018-07-26 14:50:00,1545.0,1545.0,1545.0,1545.0,0.0,0.0,40.0
2018-07-26 14:55:00,1545.0,1545.0,1540.0,1540.0,2.0,61600.0,38.0
2018-07-26 21:00:00,1528.0,1528.0,1528.0,1528.0,0.0,0.0,38.0
2018-07-26 21:05:00,1528.0,1528.0,1528.0,1528.0,0.0,0.0,38.0
2018-07-26 21:10:00,1528.0,1528.0,1528.0,1528.0,0.0,0.0,38.0
2018-07-26 21:15:00,1528.0,1528.0,1528.0,1528.0,0.0,0.0,38.0
2018-07-26 21:20:00,1528.0,1528.0,1528.0,1528.0,0.0,0.0,38.0
2018-07-26 21:25:00,1528.0,1528.0,1528.0,1528.0,0.0,0.0,38.0
2018-07-26 21:30:00,1528.0,1528.0,1528.0,1528.0,0.0,0.0,38.0
2018-07-26 21:35:00,1528.0,1528.0,1528.0,1528.0,0.0,0.0,38.0
2018-07-26 21:40:00,1528.0,1528.0,1528.0,1528.0,0.0,0.0,38.0
2018-07-26 21:45:00,1528.0,1528.0,1528.0,1528.0,0.0,0.0,38.0
2018-07-26 21:50:00,1528.0,1528.0,1528.0,1528.0,0.0,0.0,38.0
2018-07-26 21:55:00,1528.0,1528.0,1528.0,1528.0,0.0,0.0,38.0
2018-07-26 22:00:00,1528.0,1528.0,1528.0,1528.0,0.0,0.0,38.0
2018-07-26 22:05:00,1528.0,1528.0,1528.0,1528.0,0.0,0.0,38.0
2018-07-26 22:10:00,1528.0,1528.0,1528.0,1528.0,0.0,0.0,38.0
2018-07-26 22:15:00,1528.0,1528.0,1528.0,1528.0,0.0,0.0,38.0
2018-07-26 22:20:00,1528.0,1528.0,1528.0,1528.0,0.0,0.0,38.0
2018-07-26 22:25:00,1528.0,1528.0,1528.0,1528.0,0.0,0.0,38.0
2018-07-26 22:30:00,1528.0,1528.0,1528.0,1528.0,0.0,0.0,38.0
2018-07-26 22:35:00,1528.0,1528.0,1528.0,1528.0,0.0,0.0,38.0
2018-07-26 22:40:00,1528.0,1528.0,1528.0,1528.0,0.0,0.0,38.0
2018-07-26 22:45:00,1528.0,1528.0,1528.0,1528.0,0.0,0.0,38.0
2018-07-26 22:50:00,1528.0,1528.0,1528.0,1528.0,0.0,0.0,38.0
2018-07-26 22:55:00,1528.0,1528.0,1528.0,1528.0,0.0,0.0,38.0
2018-07-26 23:00:00,1528.0,1528.0,1528.0,1528.0,0.0,0.0,38.0
2018-07-26 23:05:00,1528.0,1528.0,1528.0,1528.0,0.0,0.0,38.0
2018-07-26 23:10:00,1528.0,1528.0,1528.0,1528.0,0.0,0.0,38.0
2018-07-26 23:15:00,1528.0,1528.0,1528.0,1528.0,0.0,0.0,38.0
2018-07-26 23:20:00,1528.0,1528.0,1528.0,1528.0,0.0,0.0,38.0
2018-07-26 23:25:00,1528.0,1528.0,1528.0,1528.0,0.0,0.0,38.0
2018-07-27 09:00:00,1528.0,1528.0,1528.0,1528.0,0.0,0.0,38.0
2018-07-27 09:05:00,1528.0,1528.0,1528.0,1528.0,0.0,0.0,38.0
2018-07-27 09:10:00,1528.0,1528.0,1528.0,1528.0,0.0,0.0,38.0
2018-07-27 09:15:00,1528.0,1528.0,1528.0,1528.0,0.0,0.0,38.0
2018-07-27 09:20:00,1528.0,1528.0,1528.0,1528.0,0.0,0.0,38.0
2018-07-27 09:25:00,1528.0,1528.0,1528.0,1528.0,0.0,0.0,38.0
2018-07-27 09:30:00,1528.0,1528.0,1528.0,1528.0,0.0,0.0,38.0
2018-07-27 09:35:00,1528.0,1528.0,1528.0,1528.0,0.0,0.0,38.0
2018-07-27 09:40:00,1528.0,1528.0,1528.0,1528.0,0.0,0.0,38.0
2018-07-27 09:45:00,1528.0,1528.0,1528.0,1528.0,0.0,0.0,38.0
2018-07-27 09:50:00,1528.0,1528.0,1528.0,1528.0,0.0,0.0,38.0
2018-07-27 09:55:00,1528.0,1528.0,1528.0,1528.0,0.0,0.0,38.0
2018-07-27 10:00:00,1528.0,1528.0,1528.0,1528.0,0.0,0.0,38.0
2018-07-27 10:05:00,1528.0,1528.0,1528.0,1528.0,0.0,0.0,38.0
2018-07-27 10:10:00,1528.0,1528.0,1528.0,1528.0,0.0,0.0,38.0
2018-07-27 10:30:00,1528.0,1528.0,1528.0,1528.0,0.0,0.0,38.0
2018-07-27 10:35:00,1528.0,1528.0,1528.0,1528.0,0.0,0.0,38.0
2018-07-27 10:40:00,1528.0,1528.0,1528.0,1528.0,0.0,0.0,38.0
2018-07-27 10:45:00,1528.0,1528.0,1528.0,1528.0,0.0,0.0,38.0
2018-07-27 10:50:00,1528.0,1528.0,1528.0,1528.0,0.0,0.0,38.0
2018-07-27 10:55:00,1528.0,1528.0,1528.0,1528.0,0.0,0.0,38.0
2018-07-27 11:00:00,1528.0,1528.0,1528.0,1528.0,0.0,0.0,38.0
2018-07-27 11:05:00,1528.0,1528.0,1528.0,1528.0,0.0,0.0,38.0
2018-07-27 11:10:00,1528.0,1528.0,1528.0,1528.0,0.0,0.0,38.0
2018-07-27 11:15:00,1528.0,1528.0,1528.0,1528.0,0.0,0.0,38.0
2018-07-27 11:20:00,1528.0,1528.0,1528.0,1528.0,0.0,0.0,38.0
2018-07-27 11:25:00,1528.0,1528.0,1528.0,1528.0,0.0,0.0,38.0
2018-07-27 13:30:00,1528.0,1528.0,1528.0,1528.0,0.0,0.0,38.0
2018-07-27 13:35:00,1528.0,1528.0,1528.0,1528.0,0.0,0.0,38.0
2018-07-27 13:40:00,1528.0,1528.0,1528.0,1528.0,0.0,0.0,38.0
2018-07-27 13:45:00,1503.0,1503.0,1503.0,1503.0,8.0,240480.0,38.0
2018-07-27 13:50:00,1503.0,1503.0,1503.0,1503.0,0.0,0.0,38.0
2018-07-27 13:55:00,1503.0,1503.0,1503.0,1503.0,0.0,0.0,38.0
2018-07-27 14:00:00,1503.0,1503.0,1503.0,1503.0,0.0,0.0,38.0
2018-07-27 14:05:00,1503.0,1503.0,1503.0,1503.0,0.0,0.0,38.0
2018-07-27 14:10:00,1503.0,1503.0,1503.0,1503.0,0.0,0.0,38.0
2018-07-27 14:15:00,1503.0,1503.0,1503.0,1503.0,0.0,0.0,38.0
2018-07-27 14:20:00,1503.0,1503.0,1503.0,1503.0,0.0,0.0,38.0
2018-07-27 14:25:00,1503.0,1503.0,1503.0,1503.0,0.0,0.0,38.0
2018-07-27 14:30:00,1503.0,1503.0,1503.0,1503.0,0.0,0.0,38.0
2018-07-27 14:35:00,1503.0,1503.0,1503.0,1503.0,0.0,0.0,38.0
2018-07-27 14:40:00,1503.0,1503.0,1503.0,1503.0,0.0,0.0,38.0
2018-07-27 14:45:00,1503.0,1503.0,1503.0,1503.0,0.0,0.0,38.0
2018-07-27 14:50:00,1503.0,1503.0,1503.0,1503.0,0.0,0.0,38.0
2018-07-27 14:55:00,1503.0,1503.0,1503.0,1503.0,0.0,0.0,38.0
2018-07-27 21:00:00,1503.0,1503.0,1503.0,1503.0,0.0,0.0,38.0
2018-07-27 21:05:00,1503.0,1503.0,1503.0,1503.0,0.0,0.0,38.0
2018-07-27 21:10:00,1503.0,1503.0,1503.0,1503.0,0.0,0.0,38.0
2018-07-27 21:15:00,1503.0,1503.0,1503.0,1503.0,0.0,0.0,38.0
2018-07-27 21:20:00,1503.0,1503.0,1503.0,1503.0,0.0,0.0,38.0
2018-07-27 21:25:00,1503.0,1503.0,1503.0,1503.0,0.0,0.0,38.0
2018-07-27 21:30:00,1503.0,1503.0,1503.0,1503.0,0.0,0.0,38.0
2018-07-27 21:35:00,1503.0,1503.0,1503.0,1503.0,0.0,0.0,38.0
2018-07-27 21:40:00,1503.0,1503.0,1503.0,1503.0,0.0,0.0,38.0
2018-07-27 21:45:00,1503.0,1503.0,1503.0,1503.0,0.0,0.0,38.0
2018-07-27 21:50:00,1503.0,1503.0,1503.0,1503.0,0.0,0.0,38.0
2018-07-27 21:55:00,1503.0,1503.0,1503.0,1503.0,0.0,0.0,38.0
2018-07-27 22:00:00,1503.0,1503.0,1503.0,1503.0,0.0,0.0,38.0
2018-07-27 22:05:00,1503.0,1503.0,1503.0,1503.0,0.0,0.0,38.0
2018-07-27 22:10:00,1503.0,1503.0,1503.0,1503.0,0.0,0.0,38.0
2018-07-27 22:15:00,1503.0,1503.0,1503.0,1503.0,0.0,0.0,38.0
2018-07-27 22:20:00,1503.0,1503.0,1503.0,1503.0,0.0,0.0,38.0
2018-07-27 22:25:00,1503.0,1503.0,1503.0,1503.0,0.0,0.0,38.0
2018-07-27 22:30:00,1503.0,1503.0,1503.0,1503.0,0.0,0.0,38.0
2018-07-27 22:35:00,1503.0,1503.0,1503.0,1503.0,0.0,0.0,38.0
2018-07-27 22:40:00,1503.0,1503.0,1503.0,1503.0,0.0,0.0,38.0
2018-07-27 22:45:00,1503.0,1503.0,1503.0,1503.0,0.0,0.0,38.0
2018-07-27 22:50:00,1503.0,1503.0,1503.0,1503.0,0.0,0.0,38.0
2018-07-27 22:55:00,1503.0,1503.0,1503.0,1503.0,0.0,0.0,38.0
2018-07-27 23:00:00,1503.0,1503.0,1503.0,1503.0,0.0,0.0,38.0
2018-07-27 23:05:00,1503.0,1503.0,1503.0,1503.0,0.0,0.0,38.0
2018-07-27 23:10:00,1503.0,1503.0,1503.0,1503.0,0.0,0.0,38.0
2018-07-27 23:15:00,1503.0,1503.0,1503.0,1503.0,0.0,0.0,38.0
2018-07-27 23:20:00,1503.0,1503.0,1503.0,1503.0,0.0,0.0,38.0
2018-07-27 23:25:00,1503.0,1503.0,1503.0,1503.0,0.0,0.0,38.0
2018-07-30 09:00:00,1503.0,1503.0,1503.0,1503.0,0.0,0.0,38.0
2018-07-30 09:05:00,1503.0,1503.0,1503.0,1503.0,0.0,0.0,38.0
2018-07-30 09:10:00,1503.0,1503.0,1503.0,1503.0,0.0,0.0,38.0
2018-07-30 09:15:00,1503.0,1503.0,1503.0,1503.0,0.0,0.0,38.0
2018-07-30 09:20:00,1503.0,1503.0,1503.0,1503.0,0.0,0.0,38.0
2018-07-30 09:25:00,1503.0,1503.0,1503.0,1503.0,0.0,0.0,38.0
2018-07-30 09:30:00,1503.0,1503.0,1503.0,1503.0,0.0,0.0,38.0
2018-07-30 09:35:00,1503.0,1503.0,1503.0,1503.0,0.0,0.0,38.0
2018-07-30 09:40:00,1503.0,1503.0,1503.0,1503.0,0.0,0.0,38.0
2018-07-30 09:45:00,1503.0,1503.0,1503.0,1503.0,0.0,0.0,38.0
2018-07-30 09:50:00,1503.0,1503.0,1503.0,1503.0,0.0,0.0,38.0
2018-07-30 09:55:00,1503.0,1503.0,1503.0,1503.0,0.0,0.0,38.0
2018-07-30 10:00:00,1503.0,1503.0,1503.0,1503.0,0.0,0.0,38.0
2018-07-30 10:05:00,1503.0,1503.0,1503.0,1503.0,0.0,0.0,38.0
2018-07-30 10:10:00,1503.0,1503.0,1503.0,1503.0,0.0,0.0,38.0
2018-07-30 10:30:00,1503.0,1503.0,1503.0,1503.0,0.0,0.0,38.0
2018-07-30 10:35:00,1503.0,1503.0,1503.0,1503.0,0.0,0.0,38.0
2018-07-30 10:40:00,1503.0,1503.0,1503.0,1503.0,0.0,0.0,38.0
2018-07-30 10:45:00,1503.0,1503.0,1503.0,1503.0,0.0,0.0,38.0
2018-07-30 10:50:00,1503.0,1503.0,1503.0,1503.0,0.0,0.0,38.0
2018-07-30 10:55:00,1503.0,1503.0,1503.0,1503.0,0.0,0.0,38.0
2018-07-30 11:00:00,1503.0,1503.0,1503.0,1503.0,0.0,0.0,38.0
2018-07-30 11:05:00,1503.0,1503.0,1503.0,1503.0,0.0,0.0,38.0
2018-07-30 11:10:00,1503.0,1503.0,1503.0,1503.0,0.0,0.0,38.0
2018-07-30 11:15:00,1503.0,1503.0,1503.0,1503.0,0.0,0.0,38.0
2018-07-30 11:20:00,1503.0,1503.0,1503.0,1503.0,0.0,0.0,38.0
2018-07-30 11:25:00,1503.0,1503.0,1503.0,1503.0,0.0,0.0,38.0
2018-07-30 13:30:00,1503.0,1503.0,1503.0,1503.0,0.0,0.0,38.0
2018-07-30 13:35:00,1503.0,1503.0,1503.0,1503.0,0.0,0.0,38.0
2018-07-30 13:40:00,1503.0,1503.0,1503.0,1503.0,0.0,0.0,38.0
2018-07-30 13:45:00,1503.0,1503.0,1503.0,1503.0,0.0,0.0,38.0
2018-07-30 13:50:00,1503.0,1503.0,1499.0,1499.0,6.0,180000.0,40.0
2018-07-30 13:55:00,1499.0,1499.0,1499.0,1499.0,0.0,0.0,40.0
2018-07-30 14:00:00,1499.0,1499.0,1499.0,1499.0,0.0,0.0,40.0
2018-07-30 14:05:00,1499.0,1499.0,1499.0,1499.0,0.0,0.0,40.0
2018-07-30 14:10:00,1499.0,1499.0,1499.0,1499.0,0.0,0.0,40.0
2018-07-30 14:15:00,1499.0,1499.0,1499.0,1499.0,0.0,0.0,40.0
2018-07-30 14:20:00,1499.0,1499.0,1499.0,1499.0,0.0,0.0,40.0
2018-07-30 14:25:00,1499.0,1499.0,1499.0,1499.0,0.0,0.0,40.0
2018-07-30 14:30:00,1499.0,1499.0,1499.0,1499.0,0.0,0.0,40.0
2018-07-30 14:35:00,1499.0,1499.0,1499.0,1499.0,0.0,0.0,40.0
2018-07-30 14:40:00,1499.0,1499.0,1499.0,1499.0,0.0,0.0,40.0
2018-07-30 14:45:00,1499.0,1499.0,1499.0,1499.0,2.0,60000.0,40.0
2018-07-30 14:50:00,1499.0,1499.0,1499.0,1499.0,0.0,0.0,40.0
2018-07-30 14:55:00,1499.0,1499.0,1499.0,1499.0,0.0,0.0,40.0
2018-07-30 21:00:00,1500.0,1500.0,1500.0,1500.0,0.0,0.0,40.0
2018-07-30 21:05:00,1500.0,1500.0,1500.0,1500.0,0.0,0.0,40.0
2018-07-30 21:10:00,1500.0,1500.0,1500.0,1500.0,0.0,0.0,40.0
2018-07-30 21:15:00,1500.0,1500.0,1500.0,1500.0,0.0,0.0,40.0
2018-07-30 21:20:00,1500.0,1500.0,1500.0,1500.0,0.0,0.0,40.0
2018-07-30 21:25:00,1500.0,1500.0,1500.0,1500.0,0.0,0.0,40.0
2018-07-30 21:30:00,1500.0,1500.0,1500.0,1500.0,0.0,0.0,40.0
2018-07-30 21:35:00,1500.0,1500.0,1500.0,1500.0,0.0,0.0,40.0
2018-07-30 21:40:00,1500.0,1500.0,1500.0,1500.0,0.0,0.0,40.0
2018-07-30 21:45:00,1500.0,1500.0,1500.0,1500.0,0.0,0.0,40.0
2018-07-30 21:50:00,1500.0,1500.0,1500.0,1500.0,0.0,0.0,40.0
2018-07-30 21:55:00,1500.0,1500.0,1500.0,1500.0,0.0,0.0,40.0
2018-07-30 22:00:00,1500.0,1500.0,1500.0,1500.0,0.0,0.0,40.0
2018-07-30 22:05:00,1500.0,1500.0,1500.0,1500.0,0.0,0.0,40.0
2018-07-30 22:10:00,1500.0,1500.0,1500.0,1500.0,0.0,0.0,40.0
2018-07-30 22:15:00,1500.0,1500.0,1500.0,1500.0,0.0,0.0,40.0
2018-07-30 22:20:00,1500.0,1500.0,1500.0,1500.0,0.0,0.0,40.0
2018-07-30 22:25:00,1500.0,1500.0,1500.0,1500.0,0.0,0.0,40.0
2018-07-30 22:30:00,1500.0,1500.0,1500.0,1500.0,0.0,0.0,40.0
2018-07-30 22:35:00,1500.0,1500.0,1500.0,1500.0,0.0,0.0,40.0
2018-07-30 22:40:00,1500.0,1500.0,1500.0,1500.0,0.0,0.0,40.0
2018-07-30 22:45:00,1500.0,1500.0,1500.0,1500.0,0.0,0.0,40.0
2018-07-30 22:50:00,1500.0,1500.0,1500.0,1500.0,0.0,0.0,40.0
2018-07-30 22:55:00,1500.0,1500.0,1500.0,1500.0,0.0,0.0,40.0
2018-07-30 23:00:00,1500.0,1500.0,1500.0,1500.0,0.0,0.0,40.0
2018-07-30 23:05:00,1500.0,1500.0,1500.0,1500.0,0.0,0.0,40.0
2018-07-30 23:10:00,1500.0,1500.0,1500.0,1500.0,0.0,0.0,40.0
2018-07-30 23:15:00,1500.0,1500.0,1500.0,1500.0,0.0,0.0,40.0
2018-07-30 23:20:00,1500.0,1500.0,1500.0,1500.0,0.0,0.0,40.0
2018-07-30 23:25:00,1500.0,1500.0,1500.0,1500.0,0.0,0.0,40.0
2018-07-31 09:00:00,1500.0,1500.0,1500.0,1500.0,0.0,0.0,40.0
2018-07-31 09:05:00,1500.0,1500.0,1500.0,1500.0,0.0,0.0,40.0
2018-07-31 09:10:00,1500.0,1500.0,1500.0,1500.0,0.0,0.0,40.0
2018-07-31 09:15:00,1500.0,1500.0,1500.0,1500.0,0.0,0.0,40.0
2018-07-31 09:20:00,1500.0,1500.0,1500.0,1500.0,0.0,0.0,40.0
2018-07-31 09:25:00,1500.0,1500.0,1500.0,1500.0,0.0,0.0,40.0
2018-07-31 09:30:00,1500.0,1500.0,1500.0,1500.0,0.0,0.0,40.0
2018-07-31 09:35:00,1500.0,1500.0,1500.0,1500.0,0.0,0.0,40.0
2018-07-31 09:40:00,1500.0,1500.0,1500.0,1500.0,0.0,0.0,40.0
2018-07-31 09:45:00,1500.0,1500.0,1500.0,1500.0,0.0,0.0,40.0
2018-07-31 09:50:00,1500.0,1500.0,1500.0,1500.0,0.0,0.0,40.0
2018-07-31 09:55:00,1500.0,1500.0,1500.0,1500.0,0.0,0.0,40.0
2018-07-31 10:00:00,1500.0,1500.0,1500.0,1500.0,0.0,0.0,40.0
2018-07-31 10:05:00,1500.0,1500.0,1500.0,1500.0,0.0,0.0,40.0
2018-07-31 10:10:00,1500.0,1500.0,1500.0,1500.0,0.0,0.0,40.0
2018-07-31 10:30:00,1500.0,1500.0,1500.0,1500.0,0.0,0.0,40.0
2018-07-31 10:35:00,1500.0,1500.0,1500.0,1500.0,0.0,0.0,40.0
2018-07-31 10:40:00,1500.0,1520.0,1500.0,1520.0,2.0,60800.0,40.0
2018-07-31 10:45:00,1520.0,1520.0,1520.0,1520.0,0.0,0.0,40.0
2018-07-31 10:50:00,1520.0,1520.0,1520.0,1520.0,0.0,0.0,40.0
2018-07-31 10:55:00,1520.0,1520.0,1520.0,1520.0,0.0,0.0,40.0
2018-07-31 11:00:00,1520.0,1520.0,1520.0,1520.0,0.0,0.0,40.0
2018-07-31 11:05:00,1520.0,1520.0,1520.0,1520.0,0.0,0.0,40.0
2018-07-31 11:10:00,1520.0,1520.0,1520.0,1520.0,0.0,0.0,40.0
2018-07-31 11:15:00,1520.0,1520.0,1520.0,1520.0,0.0,0.0,40.0
2018-07-31 11:20:00,1520.0,1520.0,1520.0,1520.0,0.0,0.0,40.0
2018-07-31 11:25:00,1520.0,1520.0,1520.0,1520.0,0.0,0.0,40.0
2018-07-31 13:30:00,1520.0,1520.0,1520.0,1520.0,0.0,0.0,40.0
2018-07-31 13:35:00,1520.0,1530.0,1520.0,1530.0,12.0,366760.0,38.0
2018-07-31 13:40:00,1530.0,1530.0,1530.0,1530.0,0.0,0.0,38.0
2018-07-31 13:45:00,1530.0,1530.0,1530.0,1530.0,0.0,0.0,38.0
2018-07-31 13:50:00,1530.0,1530.0,1530.0,1530.0,0.0,0.0,38.0
2018-07-31 13:55:00,1530.0,1530.0,1530.0,1530.0,0.0,0.0,38.0
2018-07-31 14:00:00,1530.0,1530.0,1530.0,1530.0,0.0,0.0,38.0
2018-07-31 14:05:00,1530.0,1530.0,1530.0,1530.0,0.0,0.0,38.0
2018-07-31 14:10:00,1530.0,1530.0,1530.0,1530.0,0.0,0.0,38.0
2018-07-31 14:15:00,1530.0,1530.0,1530.0,1530.0,0.0,0.0,38.0
2018-07-31 14:20:00,1530.0,1530.0,1530.0,1530.0,0.0,0.0,38.0
2018-07-31 14:25:00,1530.0,1530.0,1530.0,1530.0,0.0,0.0,38.0
2018-07-31 14:30:00,1530.0,1530.0,1530.0,1530.0,0.0,0.0,38.0
2018-07-31 14:35:00,1530.0,1530.0,1530.0,1530.0,0.0,0.0,38.0
2018-07-31 14:40:00,1530.0,1530.0,1530.0,1530.0,2.0,61400.0,38.0
2018-07-31 14:45:00,1530.0,1530.0,1530.0,1530.0,0.0,0.0,38.0
2018-07-31 14:50:00,1530.0,1530.0,1530.0,1530.0,0.0,0.0,38.0
2018-07-31 14:55:00,1530.0,1530.0,1530.0,1530.0,0.0,0.0,38.0
2018-07-31 21:00:00,1528.0,1528.0,1528.0,1528.0,0.0,0.0,38.0
2018-07-31 21:05:00,1528.0,1528.0,1528.0,1528.0,0.0,0.0,38.0
2018-07-31 21:10:00,1528.0,1528.0,1528.0,1528.0,0.0,0.0,38.0
2018-07-31 21:15:00,1528.0,1528.0,1528.0,1528.0,0.0,0.0,38.0
2018-07-31 21:20:00,1528.0,1528.0,1528.0,1528.0,0.0,0.0,38.0
2018-07-31 21:25:00,1528.0,1528.0,1528.0,1528.0,0.0,0.0,38.0
2018-07-31 21:30:00,1528.0,1528.0,1528.0,1528.0,0.0,0.0,38.0
2018-07-31 21:35:00,1528.0,1528.0,1528.0,1528.0,0.0,0.0,38.0
2018-07-31 21:40:00,1528.0,1528.0,1528.0,1528.0,0.0,0.0,38.0
2018-07-31 21:45:00,1528.0,1528.0,1528.0,1528.0,0.0,0.0,38.0
2018-07-31 21:50:00,1528.0,1528.0,1528.0,1528.0,0.0,0.0,38.0
2018-07-31 21:55:00,1528.0,1528.0,1528.0,1528.0,0.0,0.0,38.0
2018-07-31 22:00:00,1528.0,1528.0,1528.0,1528.0,0.0,0.0,38.0
2018-07-31 22:05:00,1528.0,1528.0,1528.0,1528.0,0.0,0.0,38.0
2018-07-31 22:10:00,1528.0,1528.0,1528.0,1528.0,0.0,0.0,38.0
2018-07-31 22:15:00,1528.0,1528.0,1528.0,1528.0,0.0,0.0,38.0
2018-07-31 22:20:00,1528.0,1528.0,1528.0,1528.0,0.0,0.0,38.0
2018-07-31 22:25:00,1528.0,1528.0,1528.0,1528.0,0.0,0.0,38.0
2018-07-31 22:30:00,1528.0,1528.0,1528.0,1528.0,0.0,0.0,38.0
2018-07-31 22:35:00,1528.0,1528.0,1528.0,1528.0,0.0,0.0,38.0
2018-07-31 22:40:00,1528.0,1528.0,1528.0,1528.0,0.0,0.0,38.0
2018-07-31 22:45:00,1528.0,1528.0,1528.0,1528.0,0.0,0.0,38.0
2018-07-31 22:50:00,1528.0,1528.0,1528.0,1528.0,0.0,0.0,38.0
2018-07-31 22:55:00,1528.0,1528.0,1528.0,1528.0,0.0,0.0,38.0
2018-07-31 23:00:00,1528.0,1528.0,1528.0,1528.0,0.0,0.0,38.0
2018-07-31 23:05:00,1528.0,1528.0,1528.0,1528.0,0.0,0.0,38.0
2018-07-31 23:10:00,1528.0,1528.0,1528.0,1528.0,0.0,0.0,38.0
2018-07-31 23:15:00,1528.0,1528.0,1528.0,1528.0,0.0,0.0,38.0
2018-07-31 23:20:00,1528.0,1528.0,1528.0,1528.0,0.0,0.0,38.0
2018-07-31 23:25:00,1528.0,1528.0,1528.0,1528.0,0.0,0.0,38.0
2018-08-01 09:00:00,1528.0,1528.0,1528.0,1528.0,0.0,0.0,38.0
2018-08-01 09:05:00,1528.0,1528.0,1528.0,1528.0,0.0,0.0,38.0
2018-08-01 09:10:00,1528.0,1528.0,1528.0,1528.0,0.0,0.0,38.0
2018-08-01 09:15:00,1528.0,1528.0,1528.0,1528.0,0.0,0.0,38.0
2018-08-01 09:20:00,1528.0,1528.0,1528.0,1528.0,0.0,0.0,38.0
2018-08-01 09:25:00,1528.0,1528.0,1528.0,1528.0,0.0,0.0,38.0
2018-08-01 09:30:00,1528.0,1528.0,1528.0,1528.0,0.0,0.0,38.0
2018-08-01 09:35:00,1528.0,1528.0,1528.0,1528.0,0.0,0.0,38.0
2018-08-01 09:40:00,1528.0,1528.0,1528.0,1528.0,0.0,0.0,38.0
2018-08-01 09:45:00,1528.0,1528.0,1528.0,1528.0,0.0,0.0,38.0
2018-08-01 09:50:00,1528.0,1528.0,1528.0,1528.0,0.0,0.0,38.0
2018-08-01 09:55:00,1528.0,1528.0,1528.0,1528.0,0.0,0.0,38.0
2018-08-01 10:00:00,1528.0,1528.0,1528.0,1528.0,0.0,0.0,38.0
2018-08-01 10:05:00,1528.0,1528.0,1528.0,1528.0,0.0,0.0,38.0
2018-08-01 10:10:00,1528.0,1528.0,1528.0,1528.0,0.0,0.0,38.0
2018-08-01 10:30:00,1528.0,1528.0,1528.0,1528.0,0.0,0.0,38.0
2018-08-01 10:35:00,1528.0,1528.0,1528.0,1528.0,0.0,0.0,38.0
2018-08-01 10:40:00,1528.0,1528.0,1528.0,1528.0,0.0,0.0,38.0
2018-08-01 10:45:00,1528.0,1528.0,1528.0,1528.0,0.0,0.0,38.0
2018-08-01 10:50:00,1528.0,1528.0,1528.0,1528.0,0.0,0.0,38.0
2018-08-01 10:55:00,1528.0,1528.0,1528.0,1528.0,0.0,0.0,38.0
2018-08-01 11:00:00,1528.0,1528.0,1528.0,1528.0,0.0,0.0,38.0
2018-08-01 11:05:00,1528.0,1528.0,1528.0,1528.0,0.0,0.0,38.0
2018-08-01 11:10:00,1528.0,1528.0,1528.0,1528.0,0.0,0.0,38.0
2018-08-01 11:15:00,1528.0,1528.0,1528.0,1528.0,0.0,0.0,38.0
2018-08-01 11:20:00,1528.0,1528.0,1528.0,1528.0,0.0,0.0,38.0
2018-08-01 11:25:00,1528.0,1528.0,1528.0,1528.0,0.0,0.0,38.0
2018-08-01 13:30:00,1528.0,1528.0,1528.0,1528.0,0.0,0.0,38.0
2018-08-01 13:35:00,1528.0,1528.0,1528.0,1528.0,0.0,0.0,38.0
2018-08-01 13:40:00,1528.0,1528.0,1528.0,1528.0,0.0,0.0,38.0
2018-08-01 13:45:00,1528.0,1528.0,1528.0,1528.0,0.0,0.0,38.0
2018-08-01 13:50:00,1528.0,1528.0,1528.0,1528.0,0.0,0.0,38.0
2018-08-01 13:55:00,1528.0,1528.0,1528.0,1528.0,0.0,0.0,38.0
2018-08-01 14:00:00,1528.0,1528.0,1528.0,1528.0,0.0,0.0,38.0
2018-08-01 14:05:00,1528.0,1528.0,1528.0,1528.0,0.0,0.0,38.0
2018-08-01 14:10:00,1528.0,1528.0,1528.0,1528.0,0.0,0.0,38.0
2018-08-01 14:15:00,1528.0,1528.0,1528.0,1528.0,0.0,0.0,38.0
2018-08-01 14:20:00,1528.0,1528.0,1528.0,1528.0,0.0,0.0,38.0
2018-08-01 14:25:00,1528.0,1528.0,1528.0,1528.0,0.0,0.0,38.0
2018-08-01 14:30:00,1528.0,1528.0,1528.0,1528.0,0.0,0.0,38.0
2018-08-01 14:35:00,1528.0,1528.0,1528.0,1528.0,0.0,0.0,38.0
2018-08-01 14:40:00,1528.0,1528.0,1528.0,1528.0,0.0,0.0,38.0
2018-08-01 14:45:00,1528.0,1528.0,1528.0,1528.0,0.0,0.0,38.0
2018-08-01 14:50:00,1528.0,1528.0,1528.0,1528.0,0.0,0.0,38.0
2018-08-01 14:55:00,1528.0,1528.0,1528.0,1528.0,0.0,0.0,38.0
2018-08-01 21:00:00,1528.0,1528.0,1528.0,1528.0,0.0,0.0,38.0
2018-08-01 21:05:00,1528.0,1528.0,1528.0,1528.0,0.0,0.0,38.0
2018-08-01 21:10:00,1528.0,1528.0,1528.0,1528.0,0.0,0.0,38.0
2018-08-01 21:15:00,1528.0,1528.0,1528.0,1528.0,0.0,0.0,38.0
2018-08-01 21:20:00,1528.0,1528.0,1528.0,1528.0,0.0,0.0,38.0
2018-08-01 21:25:00,1528.0,1528.0,1528.0,1528.0,0.0,0.0,38.0
2018-08-01 21:30:00,1528.0,1528.0,1528.0,1528.0,0.0,0.0,38.0
2018-08-01 21:35:00,1528.0,1528.0,1528.0,1528.0,0.0,0.0,38.0
2018-08-01 21:40:00,1528.0,1528.0,1528.0,1528.0,0.0,0.0,38.0
2018-08-01 21:45:00,1528.0,1528.0,1528.0,1528.0,0.0,0.0,38.0
2018-08-01 21:50:00,1528.0,1528.0,1528.0,1528.0,0.0,0.0,38.0
2018-08-01 21:55:00,1528.0,1528.0,1528.0,1528.0,0.0,0.0,38.0
2018-08-01 22:00:00,1528.0,1528.0,1528.0,1528.0,0.0,0.0,38.0
2018-08-01 22:05:00,1528.0,1528.0,1528.0,1528.0,0.0,0.0,38.0
2018-08-01 22:10:00,1528.0,1528.0,1528.0,1528.0,0.0,0.0,38.0
2018-08-01 22:15:00,1528.0,1528.0,1528.0,1528.0,0.0,0.0,38.0
2018-08-01 22:20:00,1528.0,1528.0,1528.0,1528.0,0.0,0.0,38.0
2018-08-01 22:25:00,1528.0,1528.0,1528.0,1528.0,0.0,0.0,38.0
2018-08-01 22:30:00,1528.0,1528.0,1528.0,1528.0,0.0,0.0,38.0
2018-08-01 22:35:00,1528.0,1528.0,1528.0,1528.0,0.0,0.0,38.0
2018-08-01 22:40:00,1528.0,1528.0,1528.0,1528.0,0.0,0.0,38.0
2018-08-01 22:45:00,1528.0,1528.0,1528.0,1528.0,0.0,0.0,38.0
2018-08-01 22:50:00,1528.0,1528.0,1528.0,1528.0,0.0,0.0,38.0
2018-08-01 22:55:00,1528.0,1528.0,1528.0,1528.0,0.0,0.0,38.0
2018-08-01 23:00:00,1528.0,1528.0,1528.0,1528.0,0.0,0.0,38.0
2018-08-01 23:05:00,1528.0,1528.0,1528.0,1528.0,0.0,0.0,38.0
2018-08-01 23:10:00,1528.0,1528.0,1528.0,1528.0,0.0,0.0,38.0
2018-08-01 23:15:00,1528.0,1528.0,1528.0,1528.0,0.0,0.0,38.0
2018-08-01 23:20:00,1528.0,1528.0,1528.0,1528.0,0.0,0.0,38.0
2018-08-01 23:25:00,1528.0,1528.0,1528.0,1528.0,0.0,0.0,38.0
2018-08-02 09:00:00,1528.0,1528.0,1528.0,1528.0,0.0,0.0,38.0
2018-08-02 09:05:00,1528.0,1528.0,1528.0,1528.0,0.0,0.0,38.0
2018-08-02 09:10:00,1528.0,1528.0,1528.0,1528.0,0.0,0.0,38.0
2018-08-02 09:15:00,1528.0,1528.0,1528.0,1528.0,0.0,0.0,38.0
2018-08-02 09:20:00,1528.0,1528.0,1528.0,1528.0,0.0,0.0,38.0
2018-08-02 09:25:00,1528.0,1528.0,1528.0,1528.0,0.0,0.0,38.0
2018-08-02 09:30:00,1528.0,1528.0,1528.0,1528.0,0.0,0.0,38.0
2018-08-02 09:35:00,1528.0,1528.0,1528.0,1528.0,0.0,0.0,38.0
2018-08-02 09:40:00,1528.0,1528.0,1528.0,1528.0,0.0,0.0,38.0
2018-08-02 09:45:00,1528.0,1528.0,1528.0,1528.0,0.0,0.0,38.0
2018-08-02 09:50:00,1528.0,1528.0,1528.0,1528.0,0.0,0.0,38.0
2018-08-02 09:55:00,1528.0,1528.0,1528.0,1528.0,0.0,0.0,38.0
2018-08-02 10:00:00,1528.0,1528.0,1528.0,1528.0,0.0,0.0,38.0
2018-08-02 10:05:00,1528.0,1528.0,1528.0,1528.0,0.0,0.0,38.0
2018-08-02 10:10:00,1528.0,1528.0,1528.0,1528.0,0.0,0.0,38.0
2018-08-02 10:30:00,1528.0,1528.0,1528.0,1528.0,0.0,0.0,38.0
2018-08-02 10:35:00,1528.0,1528.0,1528.0,1528.0,0.0,0.0,38.0
2018-08-02 10:40:00,1528.0,1528.0,1528.0,1528.0,0.0,0.0,38.0
2018-08-02 10:45:00,1528.0,1528.0,1528.0,1528.0,0.0,0.0,38.0
2018-08-02 10:50:00,1528.0,1528.0,1528.0,1528.0,0.0,0.0,38.0
2018-08-02 10:55:00,1528.0,1528.0,1528.0,1528.0,0.0,0.0,38.0
2018-08-02 11:00:00,1528.0,1528.0,1528.0,1528.0,0.0,0.0,38.0
2018-08-02 11:05:00,1528.0,1528.0,1528.0,1528.0,0.0,0.0,38.0
2018-08-02 11:10:00,1528.0,1528.0,1528.0,1528.0,0.0,0.0,38.0
2018-08-02 11:15:00,1528.0,1528.0,1528.0,1528.0,0.0,0.0,38.0
2018-08-02 11:20:00,1528.0,1528.0,1528.0,1528.0,0.0,0.0,38.0
2018-08-02 11:25:00,1528.0,1528.0,1528.0,1528.0,0.0,0.0,38.0
2018-08-02 13:30:00,1528.0,1528.0,1528.0,1528.0,0.0,0.0,38.0
2018-08-02 13:35:00,1528.0,1528.0,1528.0,1528.0,0.0,0.0,38.0
2018-08-02 13:40:00,1528.0,1528.0,1528.0,1528.0,0.0,0.0,38.0
2018-08-02 13:45:00,1528.0,1528.0,1528.0,1528.0,0.0,0.0,38.0
2018-08-02 13:50:00,1528.0,1528.0,1528.0,1528.0,0.0,0.0,38.0
2018-08-02 13:55:00,1528.0,1528.0,1528.0,1528.0,0.0,0.0,38.0
2018-08-02 14:00:00,1528.0,1528.0,1528.0,1528.0,0.0,0.0,38.0
2018-08-02 14:05:00,1528.0,1528.0,1528.0,1528.0,0.0,0.0,38.0
2018-08-02 14:10:00,1528.0,1528.0,1528.0,1528.0,0.0,0.0,38.0
2018-08-02 14:15:00,1528.0,1528.0,1528.0,1528.0,0.0,0.0,38.0
2018-08-02 14:20:00,1528.0,1528.0,1528.0,1528.0,0.0,0.0,38.0
2018-08-02 14:25:00,1528.0,1528.0,1528.0,1528.0,0.0,0.0,38.0
2018-08-02 14:30:00,1528.0,1528.0,1528.0,1528.0,0.0,0.0,38.0
2018-08-02 14:35:00,1528.0,1528.0,1528.0,1528.0,0.0,0.0,38.0
2018-08-02 14:40:00,1528.0,1528.0,1528.0,1528.0,0.0,0.0,38.0
2018-08-02 14:45:00,1528.0,1528.0,1528.0,1528.0,0.0,0.0,38.0
2018-08-02 14:50:00,1528.0,1528.0,1528.0,1528.0,0.0,0.0,38.0
2018-08-02 14:55:00,1528.0,1528.0,1528.0,1528.0,0.0,0.0,38.0
2018-08-02 21:00:00,1528.0,1528.0,1528.0,1528.0,0.0,0.0,38.0
2018-08-02 21:05:00,1528.0,1528.0,1528.0,1528.0,0.0,0.0,38.0
2018-08-02 21:10:00,1528.0,1528.0,1528.0,1528.0,0.0,0.0,38.0
2018-08-02 21:15:00,1528.0,1528.0,1528.0,1528.0,0.0,0.0,38.0
2018-08-02 21:20:00,1528.0,1528.0,1528.0,1528.0,0.0,0.0,38.0
2018-08-02 21:25:00,1528.0,1528.0,1528.0,1528.0,0.0,0.0,38.0
2018-08-02 21:30:00,1528.0,1528.0,1528.0,1528.0,0.0,0.0,38.0
2018-08-02 21:35:00,1528.0,1528.0,1528.0,1528.0,0.0,0.0,38.0
2018-08-02 21:40:00,1528.0,1528.0,1528.0,1528.0,0.0,0.0,38.0
2018-08-02 21:45:00,1528.0,1528.0,1528.0,1528.0,0.0,0.0,38.0
2018-08-02 21:50:00,1528.0,1528.0,1528.0,1528.0,0.0,0.0,38.0
2018-08-02 21:55:00,1528.0,1528.0,1528.0,1528.0,0.0,0.0,38.0
2018-08-02 22:00:00,1528.0,1528.0,1528.0,1528.0,0.0,0.0,38.0
2018-08-02 22:05:00,1528.0,1528.0,1528.0,1528.0,0.0,0.0,38.0
2018-08-02 22:10:00,1528.0,1528.0,1528.0,1528.0,0.0,0.0,38.0
2018-08-02 22:15:00,1528.0,1528.0,1528.0,1528.0,0.0,0.0,38.0
2018-08-02 22:20:00,1528.0,1528.0,1528.0,1528.0,0.0,0.0,38.0
2018-08-02 22:25:00,1528.0,1528.0,1528.0,1528.0,0.0,0.0,38.0
2018-08-02 22:30:00,1528.0,1528.0,1528.0,1528.0,0.0,0.0,38.0
2018-08-02 22:35:00,1528.0,1528.0,1528.0,1528.0,0.0,0.0,38.0
2018-08-02 22:40:00,1528.0,1528.0,1528.0,1528.0,0.0,0.0,38.0
2018-08-02 22:45:00,1528.0,1528.0,1528.0,1528.0,0.0,0.0,38.0
2018-08-02 22:50:00,1528.0,1528.0,1528.0,1528.0,0.0,0.0,38.0
2018-08-02 22:55:00,1528.0,1528.0,1528.0,1528.0,0.0,0.0,38.0
2018-08-02 23:00:00,1528.0,1528.0,1528.0,1528.0,0.0,0.0,38.0
2018-08-02 23:05:00,1528.0,1528.0,1528.0,1528.0,0.0,0.0,38.0
2018-08-02 23:10:00,1528.0,1528.0,1528.0,1528.0,0.0,0.0,38.0
2018-08-02 23:15:00,1528.0,1528.0,1528.0,1528.0,0.0,0.0,38.0
2018-08-02 23:20:00,1528.0,1528.0,1528.0,1528.0,0.0,0.0,38.0
2018-08-02 23:25:00,1528.0,1528.0,1528.0,1528.0,0.0,0.0,38.0
2018-08-03 09:00:00,1528.0,1528.0,1528.0,1528.0,0.0,0.0,38.0
2018-08-03 09:05:00,1528.0,1528.0,1528.0,1528.0,0.0,0.0,38.0
2018-08-03 09:10:00,1528.0,1528.0,1528.0,1528.0,0.0,0.0,38.0
2018-08-03 09:15:00,1528.0,1528.0,1528.0,1528.0,0.0,0.0,38.0
2018-08-03 09:20:00,1528.0,1528.0,1528.0,1528.0,0.0,0.0,38.0
2018-08-03 09:25:00,1528.0,1528.0,1528.0,1528.0,0.0,0.0,38.0
2018-08-03 09:30:00,1528.0,1528.0,1528.0,1528.0,0.0,0.0,38.0
2018-08-03 09:35:00,1528.0,1528.0,1528.0,1528.0,0.0,0.0,38.0
2018-08-03 09:40:00,1528.0,1528.0,1528.0,1528.0,0.0,0.0,38.0
2018-08-03 09:45:00,1528.0,1528.0,1528.0,1528.0,0.0,0.0,38.0
2018-08-03 09:50:00,1528.0,1528.0,1528.0,1528.0,0.0,0.0,38.0
2018-08-03 09:55:00,1528.0,1528.0,1528.0,1528.0,0.0,0.0,38.0
2018-08-03 10:00:00,1528.0,1528.0,1528.0,1528.0,0.0,0.0,38.0
2018-08-03 10:05:00,1528.0,1528.0,1528.0,1528.0,0.0,0.0,38.0
2018-08-03 10:10:00,1528.0,1528.0,1528.0,1528.0,0.0,0.0,38.0
2018-08-03 10:30:00,1528.0,1528.0,1528.0,1528.0,0.0,0.0,38.0
2018-08-03 10:35:00,1528.0,1528.0,1528.0,1528.0,0.0,0.0,38.0
2018-08-03 10:40:00,1528.0,1528.0,1528.0,1528.0,0.0,0.0,38.0
2018-08-03 10:45:00,1528.0,1528.0,1528.0,1528.0,0.0,0.0,38.0
2018-08-03 10:50:00,1528.0,1528.0,1528.0,1528.0,0.0,0.0,38.0
2018-08-03 10:55:00,1528.0,1528.0,1528.0,1528.0,0.0,0.0,38.0
2018-08-03 11:00:00,1528.0,1528.0,1528.0,1528.0,0.0,0.0,38.0
2018-08-03 11:05:00,1528.0,1528.0,1528.0,1528.0,0.0,0.0,38.0
2018-08-03 11:10:00,1528.0,1528.0,1528.0,1528.0,0.0,0.0,38.0
2018-08-03 11:15:00,1528.0,1528.0,1528.0,1528.0,0.0,0.0,38.0
2018-08-03 11:20:00,1528.0,1528.0,1528.0,1528.0,0.0,0.0,38.0
2018-08-03 11:25:00,1528.0,1528.0,1528.0,1528.0,0.0,0.0,38.0
2018-08-03 13:30:00,1528.0,1528.0,1528.0,1528.0,0.0,0.0,38.0
2018-08-03 13:35:00,1528.0,1528.0,1528.0,1528.0,0.0,0.0,38.0
2018-08-03 13:40:00,1528.0,1528.0,1528.0,1528.0,0.0,0.0,38.0
2018-08-03 13:45:00,1528.0,1528.0,1528.0,1528.0,0.0,0.0,38.0
2018-08-03 13:50:00,1528.0,1528.0,1528.0,1528.0,0.0,0.0,38.0
2018-08-03 13:55:00,1528.0,1528.0,1528.0,1528.0,0.0,0.0,38.0
2018-08-03 14:00:00,1528.0,1528.0,1528.0,1528.0,0.0,0.0,38.0
2018-08-03 14:05:00,1528.0,1528.0,1528.0,1528.0,0.0,0.0,38.0
2018-08-03 14:10:00,1528.0,1528.0,1528.0,1528.0,0.0,0.0,38.0
2018-08-03 14:15:00,1528.0,1528.0,1528.0,1528.0,0.0,0.0,38.0
2018-08-03 14:20:00,1528.0,1528.0,1528.0,1528.0,0.0,0.0,38.0
2018-08-03 14:25:00,1528.0,1528.0,1528.0,1528.0,0.0,0.0,38.0
2018-08-03 14:30:00,1528.0,1528.0,1528.0,1528.0,0.0,0.0,38.0
2018-08-03 14:35:00,1528.0,1528.0,1528.0,1528.0,0.0,0.0,38.0
2018-08-03 14:40:00,1528.0,1528.0,1528.0,1528.0,0.0,0.0,38.0
2018-08-03 14:45:00,1528.0,1528.0,1528.0,1528.0,0.0,0.0,38.0
2018-08-03 14:50:00,1528.0,1528.0,1528.0,1528.0,0.0,0.0,38.0
2018-08-03 14:55:00,1528.0,1528.0,1528.0,1528.0,0.0,0.0,38.0
2018-08-03 21:00:00,1533.0,1533.0,1533.0,1533.0,0.0,0.0,38.0
2018-08-03 21:05:00,1533.0,1533.0,1533.0,1533.0,0.0,0.0,38.0
2018-08-03 21:10:00,1533.0,1533.0,1533.0,1533.0,0.0,0.0,38.0
2018-08-03 21:15:00,1533.0,1533.0,1533.0,1533.0,0.0,0.0,38.0
2018-08-03 21:20:00,1533.0,1533.0,1533.0,1533.0,0.0,0.0,38.0
2018-08-03 21:25:00,1533.0,1533.0,1533.0,1533.0,0.0,0.0,38.0
2018-08-03 21:30:00,1533.0,1533.0,1533.0,1533.0,0.0,0.0,38.0
2018-08-03 21:35:00,1533.0,1533.0,1533.0,1533.0,0.0,0.0,38.0
2018-08-03 21:40:00,1533.0,1533.0,1533.0,1533.0,0.0,0.0,38.0
2018-08-03 21:45:00,1533.0,1533.0,1533.0,1533.0,0.0,0.0,38.0
2018-08-03 21:50:00,1533.0,1533.0,1533.0,1533.0,0.0,0.0,38.0
2018-08-03 21:55:00,1533.0,1533.0,1533.0,1533.0,0.0,0.0,38.0
2018-08-03 22:00:00,1533.0,1533.0,1533.0,1533.0,0.0,0.0,38.0
2018-08-03 22:05:00,1533.0,1533.0,1533.0,1533.0,0.0,0.0,38.0
2018-08-03 22:10:00,1533.0,1533.0,1533.0,1533.0,0.0,0.0,38.0
2018-08-03 22:15:00,1533.0,1533.0,1533.0,1533.0,0.0,0.0,38.0
2018-08-03 22:20:00,1533.0,1533.0,1533.0,1533.0,0.0,0.0,38.0
2018-08-03 22:25:00,1533.0,1533.0,1533.0,1533.0,0.0,0.0,38.0
2018-08-03 22:30:00,1533.0,1533.0,1533.0,1533.0,0.0,0.0,38.0
2018-08-03 22:35:00,1533.0,1533.0,1533.0,1533.0,0.0,0.0,38.0
2018-08-03 22:40:00,1533.0,1533.0,1533.0,1533.0,0.0,0.0,38.0
2018-08-03 22:45:00,1533.0,1533.0,1533.0,1533.0,0.0,0.0,38.0
2018-08-03 22:50:00,1533.0,1533.0,1533.0,1533.0,0.0,0.0,38.0
2018-08-03 22:55:00,1533.0,1533.0,1533.0,1533.0,0.0,0.0,38.0
2018-08-03 23:00:00,1533.0,1533.0,1533.0,1533.0,0.0,0.0,38.0
2018-08-03 23:05:00,1533.0,1533.0,1533.0,1533.0,0.0,0.0,38.0
2018-08-03 23:10:00,1533.0,1533.0,1533.0,1533.0,0.0,0.0,38.0
2018-08-03 23:15:00,1533.0,1533.0,1533.0,1533.0,0.0,0.0,38.0
2018-08-03 23:20:00,1533.0,1533.0,1533.0,1533.0,0.0,0.0,38.0
2018-08-03 23:25:00,1533.0,1533.0,1533.0,1533.0,0.0,0.0,38.0
2018-08-06 09:00:00,1533.0,1533.0,1533.0,1533.0,0.0,0.0,38.0
2018-08-06 09:05:00,1533.0,1533.0,1533.0,1533.0,0.0,0.0,38.0
2018-08-06 09:10:00,1533.0,1533.0,1533.0,1533.0,0.0,0.0,38.0
2018-08-06 09:15:00,1533.0,1533.0,1533.0,1533.0,0.0,0.0,38.0
2018-08-06 09:20:00,1533.0,1533.0,1533.0,1533.0,0.0,0.0,38.0
2018-08-06 09:25:00,1533.0,1533.0,1533.0,1533.0,0.0,0.0,38.0
2018-08-06 09:30:00,1533.0,1533.0,1533.0,1533.0,0.0,0.0,38.0
2018-08-06 09:35:00,1533.0,1533.0,1533.0,1533.0,0.0,0.0,38.0
2018-08-06 09:40:00,1533.0,1533.0,1533.0,1533.0,0.0,0.0,38.0
2018-08-06 09:45:00,1533.0,1533.0,1533.0,1533.0,0.0,0.0,38.0
2018-08-06 09:50:00,1533.0,1533.0,1533.0,1533.0,0.0,0.0,38.0
2018-08-06 09:55:00,1533.0,1533.0,1533.0,1533.0,0.0,0.0,38.0
2018-08-06 10:00:00,1533.0,1533.0,1533.0,1533.0,0.0,0.0,38.0
2018-08-06 10:05:00,1533.0,1533.0,1533.0,1533.0,0.0,0.0,38.0
2018-08-06 10:10:00,1533.0,1533.0,1533.0,1533.0,0.0,0.0,38.0
2018-08-06 10:30:00,1533.0,1533.0,1533.0,1533.0,0.0,0.0,38.0
2018-08-06 10:35:00,1533.0,1533.0,1533.0,1533.0,0.0,0.0,38.0
2018-08-06 10:40:00,1533.0,1533.0,1533.0,1533.0,0.0,0.0,38.0
2018-08-06 10:45:00,1533.0,1533.0,1533.0,1533.0,0.0,0.0,38.0
2018-08-06 10:50:00,1533.0,1533.0,1533.0,1533.0,0.0,0.0,38.0
2018-08-06 10:55:00,1533.0,1533.0,1533.0,1533.0,0.0,0.0,38.0
2018-08-06 11:00:00,1533.0,1533.0,1533.0,1533.0,0.0,0.0,38.0
2018-08-06 11:05:00,1533.0,1533.0,1533.0,1533.0,0.0,0.0,38.0
2018-08-06 11:10:00,1533.0,1533.0,1533.0,1533.0,0.0,0.0,38.0
2018-08-06 11:15:00,1533.0,1533.0,1533.0,1533.0,0.0,0.0,38.0
2018-08-06 11:20:00,1533.0,1533.0,1533.0,1533.0,0.0,0.0,38.0
2018-08-06 11:25:00,1533.0,1533.0,1533.0,1533.0,0.0,0.0,38.0
2018-08-06 13:30:00,1533.0,1533.0,1533.0,1533.0,0.0,0.0,38.0
2018-08-06 13:35:00,1533.0,1533.0,1533.0,1533.0,0.0,0.0,38.0
2018-08-06 13:40:00,1533.0,1533.0,1533.0,1533.0,0.0,0.0,38.0
2018-08-06 13:45:00,1533.0,1533.0,1533.0,1533.0,0.0,0.0,38.0
2018-08-06 13:50:00,1533.0,1533.0,1533.0,1533.0,0.0,0.0,38.0
2018-08-06 13:55:00,1533.0,1533.0,1533.0,1533.0,0.0,0.0,38.0
2018-08-06 14:00:00,1533.0,1533.0,1533.0,1533.0,0.0,0.0,38.0
2018-08-06 14:05:00,1533.0,1533.0,1533.0,1533.0,0.0,0.0,38.0
2018-08-06 14:10:00,1533.0,1533.0,1533.0,1533.0,0.0,0.0,38.0
2018-08-06 14:15:00,1533.0,1533.0,1533.0,1533.0,0.0,0.0,38.0
2018-08-06 14:20:00,1533.0,1533.0,1533.0,1533.0,0.0,0.0,38.0
2018-08-06 14:25:00,1533.0,1533.0,1533.0,1533.0,0.0,0.0,38.0
2018-08-06 14:30:00,1533.0,1533.0,1533.0,1533.0,0.0,0.0,38.0
2018-08-06 14:35:00,1533.0,1533.0,1533.0,1533.0,0.0,0.0,38.0
2018-08-06 14:40:00,1533.0,1533.0,1533.0,1533.0,0.0,0.0,38.0
2018-08-06 14:45:00,1533.0,1533.0,1533.0,1533.0,0.0,0.0,38.0
2018-08-06 14:50:00,1533.0,1533.0,1533.0,1533.0,0.0,0.0,38.0
2018-08-06 14:55:00,1533.0,1533.0,1533.0,1533.0,0.0,0.0,38.0
2018-08-06 21:00:00,1512.0,1512.0,1512.0,1512.0,0.0,0.0,38.0
2018-08-06 21:05:00,1512.0,1512.0,1512.0,1512.0,0.0,0.0,38.0
2018-08-06 21:10:00,1512.0,1512.0,1512.0,1512.0,0.0,0.0,38.0
2018-08-06 21:15:00,1512.0,1512.0,1512.0,1512.0,0.0,0.0,38.0
2018-08-06 21:20:00,1512.0,1512.0,1512.0,1512.0,0.0,0.0,38.0
2018-08-06 21:25:00,1512.0,1512.0,1512.0,1512.0,0.0,0.0,38.0
2018-08-06 21:30:00,1512.0,1512.0,1512.0,1512.0,0.0,0.0,38.0
2018-08-06 21:35:00,1512.0,1512.0,1512.0,1512.0,0.0,0.0,38.0
2018-08-06 21:40:00,1512.0,1512.0,1512.0,1512.0,0.0,0.0,38.0
2018-08-06 21:45:00,1512.0,1512.0,1512.0,1512.0,0.0,0.0,38.0
2018-08-06 21:50:00,1512.0,1512.0,1512.0,1512.0,0.0,0.0,38.0
2018-08-06 21:55:00,1512.0,1512.0,1512.0,1512.0,0.0,0.0,38.0
2018-08-06 22:00:00,1512.0,1512.0,1512.0,1512.0,0.0,0.0,38.0
2018-08-06 22:05:00,1512.0,1512.0,1512.0,1512.0,0.0,0.0,38.0
2018-08-06 22:10:00,1512.0,1512.0,1512.0,1512.0,0.0,0.0,38.0
2018-08-06 22:15:00,1512.0,1512.0,1512.0,1512.0,0.0,0.0,38.0
2018-08-06 22:20:00,1512.0,1512.0,1512.0,1512.0,0.0,0.0,38.0
2018-08-06 22:25:00,1512.0,1512.0,1512.0,1512.0,0.0,0.0,38.0
2018-08-06 22:30:00,1512.0,1512.0,1512.0,1512.0,0.0,0.0,38.0
2018-08-06 22:35:00,1512.0,1512.0,1512.0,1512.0,0.0,0.0,38.0
2018-08-06 22:40:00,1512.0,1512.0,1512.0,1512.0,0.0,0.0,38.0
2018-08-06 22:45:00,1512.0,1512.0,1512.0,1512.0,0.0,0.0,38.0
2018-08-06 22:50:00,1512.0,1512.0,1512.0,1512.0,0.0,0.0,38.0
2018-08-06 22:55:00,1512.0,1512.0,1512.0,1512.0,0.0,0.0,38.0
2018-08-06 23:00:00,1512.0,1512.0,1512.0,1512.0,0.0,0.0,38.0
2018-08-06 23:05:00,1512.0,1512.0,1512.0,1512.0,0.0,0.0,38.0
2018-08-06 23:10:00,1512.0,1512.0,1512.0,1512.0,0.0,0.0,38.0
2018-08-06 23:15:00,1512.0,1512.0,1512.0,1512.0,0.0,0.0,38.0
2018-08-06 23:20:00,1512.0,1512.0,1512.0,1512.0,0.0,0.0,38.0
2018-08-06 23:25:00,1512.0,1512.0,1512.0,1512.0,0.0,0.0,38.0
2018-08-07 09:00:00,1512.0,1512.0,1512.0,1512.0,0.0,0.0,38.0
2018-08-07 09:05:00,1512.0,1512.0,1512.0,1512.0,0.0,0.0,38.0
2018-08-07 09:10:00,1512.0,1512.0,1512.0,1512.0,0.0,0.0,38.0
2018-08-07 09:15:00,1512.0,1512.0,1512.0,1512.0,0.0,0.0,38.0
2018-08-07 09:20:00,1512.0,1512.0,1512.0,1512.0,0.0,0.0,38.0
2018-08-07 09:25:00,1512.0,1512.0,1512.0,1512.0,0.0,0.0,38.0
2018-08-07 09:30:00,1512.0,1512.0,1512.0,1512.0,0.0,0.0,38.0
2018-08-07 09:35:00,1512.0,1512.0,1512.0,1512.0,0.0,0.0,38.0
2018-08-07 09:40:00,1512.0,1512.0,1512.0,1512.0,0.0,0.0,38.0
2018-08-07 09:45:00,1512.0,1512.0,1512.0,1512.0,0.0,0.0,38.0
2018-08-07 09:50:00,1512.0,1512.0,1512.0,1512.0,0.0,0.0,38.0
2018-08-07 09:55:00,1512.0,1512.0,1512.0,1512.0,0.0,0.0,38.0
2018-08-07 10:00:00,1512.0,1512.0,1512.0,1512.0,0.0,0.0,38.0
2018-08-07 10:05:00,1512.0,1512.0,1512.0,1512.0,0.0,0.0,38.0
2018-08-07 10:10:00,1512.0,1512.0,1512.0,1512.0,0.0,0.0,38.0
2018-08-07 10:30:00,1512.0,1512.0,1512.0,1512.0,0.0,0.0,38.0
2018-08-07 10:35:00,1512.0,1512.0,1512.0,1512.0,0.0,0.0,38.0
2018-08-07 10:40:00,1512.0,1512.0,1512.0,1512.0,0.0,0.0,38.0
2018-08-07 10:45:00,1512.0,1512.0,1512.0,1512.0,0.0,0.0,38.0
2018-08-07 10:50:00,1512.0,1512.0,1512.0,1512.0,0.0,0.0,38.0
2018-08-07 10:55:00,1512.0,1512.0,1512.0,1512.0,0.0,0.0,38.0
2018-08-07 11:00:00,1512.0,1512.0,1512.0,1512.0,0.0,0.0,38.0
2018-08-07 11:05:00,1512.0,1512.0,1512.0,1512.0,0.0,0.0,38.0
2018-08-07 11:10:00,1512.0,1512.0,1512.0,1512.0,0.0,0.0,38.0
2018-08-07 11:15:00,1512.0,1512.0,1512.0,1512.0,0.0,0.0,38.0
2018-08-07 11:20:00,1512.0,1512.0,1512.0,1512.0,0.0,0.0,38.0
2018-08-07 11:25:00,1512.0,1512.0,1512.0,1512.0,0.0,0.0,38.0
2018-08-07 13:30:00,1512.0,1512.0,1512.0,1512.0,0.0,0.0,38.0
2018-08-07 13:35:00,1512.0,1512.0,1512.0,1512.0,0.0,0.0,38.0
2018-08-07 13:40:00,1512.0,1512.0,1512.0,1512.0,0.0,0.0,38.0
2018-08-07 13:45:00,1512.0,1512.0,1512.0,1512.0,0.0,0.0,38.0
2018-08-07 13:50:00,1512.0,1512.0,1512.0,1512.0,0.0,0.0,38.0
2018-08-07 13:55:00,1512.0,1512.0,1512.0,1512.0,0.0,0.0,38.0
2018-08-07 14:00:00,1512.0,1512.0,1512.0,1512.0,0.0,0.0,38.0
2018-08-07 14:05:00,1512.0,1512.0,1512.0,1512.0,0.0,0.0,38.0
2018-08-07 14:10:00,1512.0,1512.0,1512.0,1512.0,0.0,0.0,38.0
2018-08-07 14:15:00,1512.0,1512.0,1512.0,1512.0,0.0,0.0,38.0
2018-08-07 14:20:00,1512.0,1512.0,1512.0,1512.0,0.0,0.0,38.0
2018-08-07 14:25:00,1512.0,1512.0,1512.0,1512.0,0.0,0.0,38.0
2018-08-07 14:30:00,1512.0,1512.0,1512.0,1512.0,0.0,0.0,38.0
2018-08-07 14:35:00,1512.0,1512.0,1512.0,1512.0,0.0,0.0,38.0
2018-08-07 14:40:00,1512.0,1512.0,1512.0,1512.0,0.0,0.0,38.0
2018-08-07 14:45:00,1512.0,1512.0,1512.0,1512.0,0.0,0.0,38.0
2018-08-07 14:50:00,1512.0,1512.0,1512.0,1512.0,0.0,0.0,38.0
2018-08-07 14:55:00,1512.0,1512.0,1512.0,1512.0,0.0,0.0,38.0
2018-08-07 21:00:00,1521.0,1521.0,1521.0,1521.0,0.0,0.0,38.0
2018-08-07 21:05:00,1521.0,1521.0,1521.0,1521.0,0.0,0.0,38.0
2018-08-07 21:10:00,1521.0,1521.0,1521.0,1521.0,0.0,0.0,38.0
2018-08-07 21:15:00,1521.0,1521.0,1521.0,1521.0,0.0,0.0,38.0
2018-08-07 21:20:00,1521.0,1521.0,1521.0,1521.0,0.0,0.0,38.0
2018-08-07 21:25:00,1521.0,1521.0,1521.0,1521.0,0.0,0.0,38.0
2018-08-07 21:30:00,1521.0,1521.0,1521.0,1521.0,0.0,0.0,38.0
2018-08-07 21:35:00,1521.0,1521.0,1521.0,1521.0,0.0,0.0,38.0
2018-08-07 21:40:00,1521.0,1521.0,1521.0,1521.0,0.0,0.0,38.0
2018-08-07 21:45:00,1521.0,1521.0,1521.0,1521.0,0.0,0.0,38.0
2018-08-07 21:50:00,1521.0,1521.0,1521.0,1521.0,0.0,0.0,38.0
2018-08-07 21:55:00,1521.0,1521.0,1521.0,1521.0,0.0,0.0,38.0
2018-08-07 22:00:00,1521.0,1521.0,1521.0,1521.0,0.0,0.0,38.0
2018-08-07 22:05:00,1521.0,1521.0,1521.0,1521.0,0.0,0.0,38.0
2018-08-07 22:10:00,1521.0,1521.0,1521.0,1521.0,0.0,0.0,38.0
2018-08-07 22:15:00,1521.0,1521.0,1521.0,1521.0,0.0,0.0,38.0
2018-08-07 22:20:00,1521.0,1521.0,1521.0,1521.0,0.0,0.0,38.0
2018-08-07 22:25:00,1521.0,1521.0,1521.0,1521.0,0.0,0.0,38.0
2018-08-07 22:30:00,1521.0,1521.0,1521.0,1521.0,0.0,0.0,38.0
2018-08-07 22:35:00,1521.0,1521.0,1521.0,1521.0,0.0,0.0,38.0
2018-08-07 22:40:00,1521.0,1521.0,1521.0,1521.0,0.0,0.0,38.0
2018-08-07 22:45:00,1521.0,1521.0,1521.0,1521.0,0.0,0.0,38.0
2018-08-07 22:50:00,1521.0,1521.0,1521.0,1521.0,0.0,0.0,38.0
2018-08-07 22:55:00,1521.0,1521.0,1521.0,1521.0,0.0,0.0,38.0
2018-08-07 23:00:00,1521.0,1521.0,1521.0,1521.0,0.0,0.0,38.0
2018-08-07 23:05:00,1521.0,1521.0,1521.0,1521.0,0.0,0.0,38.0
2018-08-07 23:10:00,1521.0,1521.0,1521.0,1521.0,0.0,0.0,38.0
2018-08-07 23:15:00,1521.0,1521.0,1521.0,1521.0,0.0,0.0,38.0
2018-08-07 23:20:00,1521.0,1521.0,1521.0,1521.0,0.0,0.0,38.0
2018-08-07 23:25:00,1521.0,1521.0,1521.0,1521.0,0.0,0.0,38.0
2018-08-08 09:00:00,1521.0,1521.0,1521.0,1521.0,0.0,0.0,38.0
2018-08-08 09:05:00,1521.0,1521.0,1521.0,1521.0,0.0,0.0,38.0
2018-08-08 09:10:00,1521.0,1521.0,1521.0,1521.0,0.0,0.0,38.0
2018-08-08 09:15:00,1521.0,1521.0,1521.0,1521.0,0.0,0.0,38.0
2018-08-08 09:20:00,1521.0,1521.0,1521.0,1521.0,0.0,0.0,38.0
2018-08-08 09:25:00,1521.0,1521.0,1521.0,1521.0,0.0,0.0,38.0
2018-08-08 09:30:00,1521.0,1521.0,1521.0,1521.0,0.0,0.0,38.0
2018-08-08 09:35:00,1521.0,1521.0,1521.0,1521.0,0.0,0.0,38.0
2018-08-08 09:40:00,1521.0,1521.0,1521.0,1521.0,0.0,0.0,38.0
2018-08-08 09:45:00,1521.0,1521.0,1521.0,1521.0,0.0,0.0,38.0
2018-08-08 09:50:00,1521.0,1521.0,1521.0,1521.0,0.0,0.0,38.0
2018-08-08 09:55:00,1521.0,1521.0,1521.0,1521.0,0.0,0.0,38.0
2018-08-08 10:00:00,1521.0,1521.0,1521.0,1521.0,0.0,0.0,38.0
2018-08-08 10:05:00,1521.0,1521.0,1521.0,1521.0,0.0,0.0,38.0
2018-08-08 10:10:00,1521.0,1521.0,1521.0,1521.0,0.0,0.0,38.0
2018-08-08 10:30:00,1521.0,1521.0,1521.0,1521.0,0.0,0.0,38.0
2018-08-08 10:35:00,1521.0,1521.0,1521.0,1521.0,0.0,0.0,38.0
2018-08-08 10:40:00,1521.0,1521.0,1521.0,1521.0,0.0,0.0,38.0
2018-08-08 10:45:00,1521.0,1521.0,1521.0,1521.0,0.0,0.0,38.0
2018-08-08 10:50:00,1521.0,1521.0,1521.0,1521.0,0.0,0.0,38.0
2018-08-08 10:55:00,1521.0,1521.0,1521.0,1521.0,0.0,0.0,38.0
2018-08-08 11:00:00,1521.0,1521.0,1521.0,1521.0,0.0,0.0,38.0
2018-08-08 11:05:00,1521.0,1521.0,1521.0,1521.0,0.0,0.0,38.0
2018-08-08 11:10:00,1521.0,1521.0,1521.0,1521.0,0.0,0.0,38.0
2018-08-08 11:15:00,1521.0,1521.0,1521.0,1521.0,0.0,0.0,38.0
2018-08-08 11:20:00,1521.0,1521.0,1521.0,1521.0,0.0,0.0,38.0
2018-08-08 11:25:00,1521.0,1521.0,1521.0,1521.0,0.0,0.0,38.0
2018-08-08 13:30:00,1521.0,1521.0,1521.0,1521.0,0.0,0.0,38.0
2018-08-08 13:35:00,1521.0,1521.0,1521.0,1521.0,0.0,0.0,38.0
2018-08-08 13:40:00,1521.0,1521.0,1521.0,1521.0,0.0,0.0,38.0
2018-08-08 13:45:00,1521.0,1521.0,1521.0,1521.0,0.0,0.0,38.0
2018-08-08 13:50:00,1521.0,1521.0,1521.0,1521.0,0.0,0.0,38.0
2018-08-08 13:55:00,1521.0,1521.0,1521.0,1521.0,0.0,0.0,38.0
2018-08-08 14:00:00,1521.0,1521.0,1521.0,1521.0,0.0,0.0,38.0
2018-08-08 14:05:00,1521.0,1521.0,1521.0,1521.0,0.0,0.0,38.0
2018-08-08 14:10:00,1521.0,1521.0,1521.0,1521.0,0.0,0.0,38.0
2018-08-08 14:15:00,1521.0,1521.0,1521.0,1521.0,0.0,0.0,38.0
2018-08-08 14:20:00,1521.0,1521.0,1521.0,1521.0,0.0,0.0,38.0
2018-08-08 14:25:00,1521.0,1521.0,1521.0,1521.0,0.0,0.0,38.0
2018-08-08 14:30:00,1521.0,1521.0,1521.0,1521.0,0.0,0.0,38.0
2018-08-08 14:35:00,1521.0,1521.0,1521.0,1521.0,0.0,0.0,38.0
2018-08-08 14:40:00,1521.0,1521.0,1521.0,1521.0,0.0,0.0,38.0
2018-08-08 14:45:00,1521.0,1521.0,1521.0,1521.0,0.0,0.0,38.0
2018-08-08 14:50:00,1521.0,1521.0,1521.0,1521.0,0.0,0.0,38.0
2018-08-08 14:55:00,1521.0,1521.0,1521.0,1521.0,0.0,0.0,38.0
2018-08-08 21:00:00,1523.0,1523.0,1523.0,1523.0,0.0,0.0,38.0
2018-08-08 21:05:00,1523.0,1523.0,1523.0,1523.0,0.0,0.0,38.0
2018-08-08 21:10:00,1523.0,1523.0,1523.0,1523.0,0.0,0.0,38.0
2018-08-08 21:15:00,1523.0,1523.0,1523.0,1523.0,0.0,0.0,38.0
2018-08-08 21:20:00,1523.0,1523.0,1523.0,1523.0,0.0,0.0,38.0
2018-08-08 21:25:00,1523.0,1523.0,1523.0,1523.0,0.0,0.0,38.0
2018-08-08 21:30:00,1523.0,1523.0,1523.0,1523.0,0.0,0.0,38.0
2018-08-08 21:35:00,1523.0,1523.0,1523.0,1523.0,0.0,0.0,38.0
2018-08-08 21:40:00,1523.0,1523.0,1523.0,1523.0,0.0,0.0,38.0
2018-08-08 21:45:00,1523.0,1523.0,1523.0,1523.0,0.0,0.0,38.0
2018-08-08 21:50:00,1523.0,1523.0,1523.0,1523.0,0.0,0.0,38.0
2018-08-08 21:55:00,1523.0,1523.0,1523.0,1523.0,0.0,0.0,38.0
2018-08-08 22:00:00,1523.0,1523.0,1523.0,1523.0,0.0,0.0,38.0
2018-08-08 22:05:00,1523.0,1523.0,1523.0,1523.0,0.0,0.0,38.0
2018-08-08 22:10:00,1523.0,1523.0,1523.0,1523.0,0.0,0.0,38.0
2018-08-08 22:15:00,1523.0,1523.0,1523.0,1523.0,0.0,0.0,38.0
2018-08-08 22:20:00,1523.0,1523.0,1523.0,1523.0,0.0,0.0,38.0
2018-08-08 22:25:00,1523.0,1523.0,1523.0,1523.0,0.0,0.0,38.0
2018-08-08 22:30:00,1523.0,1523.0,1523.0,1523.0,0.0,0.0,38.0
2018-08-08 22:35:00,1523.0,1523.0,1523.0,1523.0,0.0,0.0,38.0
2018-08-08 22:40:00,1523.0,1523.0,1523.0,1523.0,0.0,0.0,38.0
2018-08-08 22:45:00,1523.0,1523.0,1523.0,1523.0,0.0,0.0,38.0
2018-08-08 22:50:00,1523.0,1523.0,1523.0,1523.0,0.0,0.0,38.0
2018-08-08 22:55:00,1523.0,1523.0,1523.0,1523.0,0.0,0.0,38.0
2018-08-08 23:00:00,1523.0,1523.0,1523.0,1523.0,0.0,0.0,38.0
2018-08-08 23:05:00,1523.0,1523.0,1523.0,1523.0,0.0,0.0,38.0
2018-08-08 23:10:00,1523.0,1523.0,1523.0,1523.0,0.0,0.0,38.0
2018-08-08 23:15:00,1523.0,1523.0,1523.0,1523.0,0.0,0.0,38.0
2018-08-08 23:20:00,1523.0,1523.0,1523.0,1523.0,0.0,0.0,38.0
2018-08-08 23:25:00,1523.0,1523.0,1523.0,1523.0,0.0,0.0,38.0
2018-08-09 09:00:00,1523.0,1523.0,1523.0,1523.0,0.0,0.0,38.0
2018-08-09 09:05:00,1523.0,1523.0,1523.0,1523.0,0.0,0.0,38.0
2018-08-09 09:10:00,1523.0,1523.0,1523.0,1523.0,0.0,0.0,38.0
2018-08-09 09:15:00,1523.0,1523.0,1523.0,1523.0,0.0,0.0,38.0
2018-08-09 09:20:00,1523.0,1523.0,1523.0,1523.0,0.0,0.0,38.0
2018-08-09 09:25:00,1523.0,1523.0,1523.0,1523.0,0.0,0.0,38.0
2018-08-09 09:30:00,1523.0,1523.0,1523.0,1523.0,0.0,0.0,38.0
2018-08-09 09:35:00,1523.0,1523.0,1523.0,1523.0,0.0,0.0,38.0
2018-08-09 09:40:00,1523.0,1523.0,1523.0,1523.0,0.0,0.0,38.0
2018-08-09 09:45:00,1523.0,1523.0,1523.0,1523.0,0.0,0.0,38.0
2018-08-09 09:50:00,1523.0,1523.0,1523.0,1523.0,0.0,0.0,38.0
2018-08-09 09:55:00,1523.0,1523.0,1523.0,1523.0,0.0,0.0,38.0
2018-08-09 10:00:00,1523.0,1523.0,1523.0,1523.0,0.0,0.0,38.0
2018-08-09 10:05:00,1523.0,1523.0,1523.0,1523.0,0.0,0.0,38.0
2018-08-09 10:10:00,1523.0,1523.0,1523.0,1523.0,0.0,0.0,38.0
2018-08-09 10:30:00,1523.0,1523.0,1523.0,1523.0,0.0,0.0,38.0
2018-08-09 10:35:00,1523.0,1523.0,1523.0,1523.0,0.0,0.0,38.0
2018-08-09 10:40:00,1523.0,1523.0,1523.0,1523.0,0.0,0.0,38.0
2018-08-09 10:45:00,1523.0,1523.0,1523.0,1523.0,0.0,0.0,38.0
2018-08-09 10:50:00,1523.0,1523.0,1523.0,1523.0,0.0,0.0,38.0
2018-08-09 10:55:00,1523.0,1523.0,1523.0,1523.0,0.0,0.0,38.0
2018-08-09 11:00:00,1523.0,1523.0,1523.0,1523.0,0.0,0.0,38.0
2018-08-09 11:05:00,1523.0,1523.0,1523.0,1523.0,0.0,0.0,38.0
2018-08-09 11:10:00,1523.0,1523.0,1523.0,1523.0,0.0,0.0,38.0
2018-08-09 11:15:00,1523.0,1523.0,1523.0,1523.0,0.0,0.0,38.0
2018-08-09 11:20:00,1523.0,1523.0,1523.0,1523.0,0.0,0.0,38.0
2018-08-09 11:25:00,1523.0,1523.0,1523.0,1523.0,0.0,0.0,38.0
2018-08-09 13:30:00,1523.0,1523.0,1523.0,1523.0,0.0,0.0,38.0
2018-08-09 13:35:00,1523.0,1523.0,1523.0,1523.0,0.0,0.0,38.0
2018-08-09 13:40:00,1523.0,1523.0,1523.0,1523.0,0.0,0.0,38.0
2018-08-09 13:45:00,1523.0,1523.0,1523.0,1523.0,0.0,0.0,38.0
2018-08-09 13:50:00,1523.0,1523.0,1523.0,1523.0,0.0,0.0,38.0
2018-08-09 13:55:00,1523.0,1523.0,1523.0,1523.0,0.0,0.0,38.0
2018-08-09 14:00:00,1523.0,1523.0,1523.0,1523.0,0.0,0.0,38.0
2018-08-09 14:05:00,1523.0,1523.0,1523.0,1523.0,0.0,0.0,38.0
2018-08-09 14:10:00,1523.0,1523.0,1523.0,1523.0,0.0,0.0,38.0
2018-08-09 14:15:00,1523.0,1523.0,1523.0,1523.0,0.0,0.0,38.0
2018-08-09 14:20:00,1523.0,1523.0,1523.0,1523.0,0.0,0.0,38.0
2018-08-09 14:25:00,1523.0,1523.0,1523.0,1523.0,0.0,0.0,38.0
2018-08-09 14:30:00,1523.0,1523.0,1523.0,1523.0,0.0,0.0,38.0
2018-08-09 14:35:00,1523.0,1523.0,1523.0,1523.0,0.0,0.0,38.0
2018-08-09 14:40:00,1523.0,1523.0,1523.0,1523.0,0.0,0.0,38.0
2018-08-09 14:45:00,1523.0,1523.0,1523.0,1523.0,0.0,0.0,38.0
2018-08-09 14:50:00,1523.0,1523.0,1523.0,1523.0,0.0,0.0,38.0
2018-08-09 14:55:00,1523.0,1523.0,1523.0,1523.0,0.0,0.0,38.0
2018-08-09 21:00:00,1517.0,1517.0,1517.0,1517.0,0.0,0.0,38.0
2018-08-09 21:05:00,1517.0,1517.0,1517.0,1517.0,0.0,0.0,38.0
2018-08-09 21:10:00,1517.0,1517.0,1517.0,1517.0,0.0,0.0,38.0
2018-08-09 21:15:00,1517.0,1517.0,1517.0,1517.0,0.0,0.0,38.0
2018-08-09 21:20:00,1517.0,1517.0,1517.0,1517.0,0.0,0.0,38.0
2018-08-09 21:25:00,1517.0,1517.0,1517.0,1517.0,0.0,0.0,38.0
2018-08-09 21:30:00,1517.0,1517.0,1517.0,1517.0,0.0,0.0,38.0
2018-08-09 21:35:00,1517.0,1517.0,1517.0,1517.0,0.0,0.0,38.0
2018-08-09 21:40:00,1517.0,1517.0,1517.0,1517.0,0.0,0.0,38.0
2018-08-09 21:45:00,1517.0,1517.0,1517.0,1517.0,0.0,0.0,38.0
2018-08-09 21:50:00,1517.0,1517.0,1517.0,1517.0,0.0,0.0,38.0
2018-08-09 21:55:00,1517.0,1517.0,1517.0,1517.0,0.0,0.0,38.0
2018-08-09 22:00:00,1517.0,1517.0,1517.0,1517.0,0.0,0.0,38.0
2018-08-09 22:05:00,1517.0,1517.0,1517.0,1517.0,0.0,0.0,38.0
2018-08-09 22:10:00,1517.0,1517.0,1517.0,1517.0,0.0,0.0,38.0
2018-08-09 22:15:00,1517.0,1517.0,1517.0,1517.0,0.0,0.0,38.0
2018-08-09 22:20:00,1517.0,1517.0,1517.0,1517.0,0.0,0.0,38.0
2018-08-09 22:25:00,1517.0,1517.0,1517.0,1517.0,0.0,0.0,38.0
2018-08-09 22:30:00,1517.0,1517.0,1517.0,1517.0,0.0,0.0,38.0
2018-08-09 22:35:00,1517.0,1517.0,1517.0,1517.0,0.0,0.0,38.0
2018-08-09 22:40:00,1517.0,1517.0,1517.0,1517.0,0.0,0.0,38.0
2018-08-09 22:45:00,1517.0,1517.0,1517.0,1517.0,0.0,0.0,38.0
2018-08-09 22:50:00,1517.0,1517.0,1517.0,1517.0,0.0,0.0,38.0
2018-08-09 22:55:00,1517.0,1517.0,1517.0,1517.0,0.0,0.0,38.0
2018-08-09 23:00:00,1517.0,1517.0,1517.0,1517.0,0.0,0.0,38.0
2018-08-09 23:05:00,1517.0,1517.0,1517.0,1517.0,0.0,0.0,38.0
2018-08-09 23:10:00,1517.0,1517.0,1517.0,1517.0,0.0,0.0,38.0
2018-08-09 23:15:00,1517.0,1517.0,1517.0,1517.0,0.0,0.0,38.0
2018-08-09 23:20:00,1517.0,1517.0,1517.0,1517.0,0.0,0.0,38.0
2018-08-09 23:25:00,1517.0,1517.0,1517.0,1517.0,0.0,0.0,38.0
2018-08-10 09:00:00,1517.0,1517.0,1517.0,1517.0,0.0,0.0,38.0
2018-08-10 09:05:00,1517.0,1517.0,1517.0,1517.0,0.0,0.0,38.0
2018-08-10 09:10:00,1517.0,1517.0,1517.0,1517.0,0.0,0.0,38.0
2018-08-10 09:15:00,1517.0,1517.0,1517.0,1517.0,0.0,0.0,38.0
2018-08-10 09:20:00,1517.0,1517.0,1517.0,1517.0,0.0,0.0,38.0
2018-08-10 09:25:00,1517.0,1517.0,1517.0,1517.0,0.0,0.0,38.0
2018-08-10 09:30:00,1517.0,1517.0,1517.0,1517.0,0.0,0.0,38.0
2018-08-10 09:35:00,1517.0,1517.0,1517.0,1517.0,0.0,0.0,38.0
2018-08-10 09:40:00,1517.0,1517.0,1517.0,1517.0,0.0,0.0,38.0
2018-08-10 09:45:00,1517.0,1517.0,1517.0,1517.0,0.0,0.0,38.0
2018-08-10 09:50:00,1517.0,1517.0,1517.0,1517.0,0.0,0.0,38.0
2018-08-10 09:55:00,1517.0,1517.0,1517.0,1517.0,0.0,0.0,38.0
2018-08-10 10:00:00,1517.0,1517.0,1517.0,1517.0,0.0,0.0,38.0
2018-08-10 10:05:00,1517.0,1517.0,1517.0,1517.0,0.0,0.0,38.0
2018-08-10 10:10:00,1517.0,1517.0,1517.0,1517.0,0.0,0.0,38.0
2018-08-10 10:30:00,1517.0,1517.0,1517.0,1517.0,0.0,0.0,38.0
2018-08-10 10:35:00,1517.0,1517.0,1517.0,1517.0,0.0,0.0,38.0
2018-08-10 10:40:00,1517.0,1517.0,1517.0,1517.0,0.0,0.0,38.0
2018-08-10 10:45:00,1517.0,1517.0,1517.0,1517.0,0.0,0.0,38.0
2018-08-10 10:50:00,1517.0,1517.0,1517.0,1517.0,0.0,0.0,38.0
2018-08-10 10:55:00,1517.0,1517.0,1517.0,1517.0,0.0,0.0,38.0
2018-08-10 11:00:00,1517.0,1517.0,1517.0,1517.0,0.0,0.0,38.0
2018-08-10 11:05:00,1517.0,1517.0,1517.0,1517.0,0.0,0.0,38.0
2018-08-10 11:10:00,1517.0,1517.0,1517.0,1517.0,0.0,0.0,38.0
2018-08-10 11:15:00,1517.0,1517.0,1517.0,1517.0,0.0,0.0,38.0
2018-08-10 11:20:00,1517.0,1517.0,1517.0,1517.0,0.0,0.0,38.0
2018-08-10 11:25:00,1517.0,1517.0,1517.0,1517.0,0.0,0.0,38.0
2018-08-10 13:30:00,1517.0,1517.0,1517.0,1517.0,0.0,0.0,38.0
2018-08-10 13:35:00,1517.0,1517.0,1517.0,1517.0,0.0,0.0,38.0
2018-08-10 13:40:00,1517.0,1517.0,1517.0,1517.0,0.0,0.0,38.0
2018-08-10 13:45:00,1517.0,1517.0,1517.0,1517.0,0.0,0.0,38.0
2018-08-10 13:50:00,1517.0,1517.0,1517.0,1517.0,0.0,0.0,38.0
2018-08-10 13:55:00,1517.0,1517.0,1517.0,1517.0,0.0,0.0,38.0
2018-08-10 14:00:00,1517.0,1517.0,1517.0,1517.0,0.0,0.0,38.0
2018-08-10 14:05:00,1517.0,1517.0,1517.0,1517.0,0.0,0.0,38.0
2018-08-10 14:10:00,1517.0,1517.0,1517.0,1517.0,0.0,0.0,38.0
2018-08-10 14:15:00,1517.0,1517.0,1517.0,1517.0,0.0,0.0,38.0
2018-08-10 14:20:00,1517.0,1517.0,1517.0,1517.0,0.0,0.0,38.0
2018-08-10 14:25:00,1517.0,1517.0,1517.0,1517.0,0.0,0.0,38.0
2018-08-10 14:30:00,1517.0,1517.0,1517.0,1517.0,0.0,0.0,38.0
2018-08-10 14:35:00,1517.0,1517.0,1517.0,1517.0,0.0,0.0,38.0
2018-08-10 14:40:00,1517.0,1517.0,1517.0,1517.0,0.0,0.0,38.0
2018-08-10 14:45:00,1517.0,1517.0,1517.0,1517.0,0.0,0.0,38.0
2018-08-10 14:50:00,1517.0,1517.0,1517.0,1517.0,0.0,0.0,38.0
2018-08-10 14:55:00,1517.0,1517.0,1517.0,1517.0,0.0,0.0,38.0
2018-08-10 21:00:00,1534.0,1534.0,1534.0,1534.0,0.0,0.0,38.0
2018-08-10 21:05:00,1534.0,1534.0,1534.0,1534.0,0.0,0.0,38.0
2018-08-10 21:10:00,1534.0,1534.0,1534.0,1534.0,0.0,0.0,38.0
2018-08-10 21:15:00,1534.0,1534.0,1534.0,1534.0,0.0,0.0,38.0
2018-08-10 21:20:00,1534.0,1534.0,1534.0,1534.0,0.0,0.0,38.0
2018-08-10 21:25:00,1534.0,1534.0,1534.0,1534.0,0.0,0.0,38.0
2018-08-10 21:30:00,1534.0,1534.0,1534.0,1534.0,0.0,0.0,38.0
2018-08-10 21:35:00,1534.0,1534.0,1534.0,1534.0,0.0,0.0,38.0
2018-08-10 21:40:00,1534.0,1534.0,1534.0,1534.0,0.0,0.0,38.0
2018-08-10 21:45:00,1534.0,1534.0,1534.0,1534.0,0.0,0.0,38.0
2018-08-10 21:50:00,1534.0,1534.0,1534.0,1534.0,0.0,0.0,38.0
2018-08-10 21:55:00,1534.0,1534.0,1534.0,1534.0,0.0,0.0,38.0
2018-08-10 22:00:00,1534.0,1534.0,1534.0,1534.0,0.0,0.0,38.0
2018-08-10 22:05:00,1534.0,1534.0,1534.0,1534.0,0.0,0.0,38.0
2018-08-10 22:10:00,1534.0,1534.0,1534.0,1534.0,0.0,0.0,38.0
2018-08-10 22:15:00,1534.0,1534.0,1534.0,1534.0,0.0,0.0,38.0
2018-08-10 22:20:00,1534.0,1534.0,1534.0,1534.0,0.0,0.0,38.0
2018-08-10 22:25:00,1534.0,1534.0,1534.0,1534.0,0.0,0.0,38.0
2018-08-10 22:30:00,1534.0,1534.0,1534.0,1534.0,0.0,0.0,38.0
2018-08-10 22:35:00,1534.0,1534.0,1534.0,1534.0,0.0,0.0,38.0
2018-08-10 22:40:00,1534.0,1534.0,1534.0,1534.0,0.0,0.0,38.0
2018-08-10 22:45:00,1534.0,1534.0,1534.0,1534.0,0.0,0.0,38.0
2018-08-10 22:50:00,1534.0,1534.0,1534.0,1534.0,0.0,0.0,38.0
2018-08-10 22:55:00,1534.0,1534.0,1534.0,1534.0,0.0,0.0,38.0
2018-08-10 23:00:00,1534.0,1534.0,1534.0,1534.0,0.0,0.0,38.0
2018-08-10 23:05:00,1534.0,1534.0,1534.0,1534.0,0.0,0.0,38.0
2018-08-10 23:10:00,1534.0,1534.0,1534.0,1534.0,0.0,0.0,38.0
2018-08-10 23:15:00,1534.0,1534.0,1534.0,1534.0,0.0,0.0,38.0
2018-08-10 23:20:00,1534.0,1534.0,1534.0,1534.0,0.0,0.0,38.0
2018-08-10 23:25:00,1534.0,1534.0,1534.0,1534.0,0.0,0.0,38.0
2018-08-13 09:00:00,1534.0,1534.0,1534.0,1534.0,0.0,0.0,38.0
2018-08-13 09:05:00,1534.0,1534.0,1534.0,1534.0,0.0,0.0,38.0
2018-08-13 09:10:00,1534.0,1534.0,1534.0,1534.0,0.0,0.0,38.0
2018-08-13 09:15:00,1534.0,1534.0,1534.0,1534.0,0.0,0.0,38.0
2018-08-13 09:20:00,1534.0,1534.0,1534.0,1534.0,0.0,0.0,38.0
2018-08-13 09:25:00,1534.0,1534.0,1534.0,1534.0,0.0,0.0,38.0
2018-08-13 09:30:00,1534.0,1534.0,1534.0,1534.0,0.0,0.0,38.0
2018-08-13 09:35:00,1534.0,1534.0,1534.0,1534.0,0.0,0.0,38.0
2018-08-13 09:40:00,1534.0,1534.0,1534.0,1534.0,0.0,0.0,38.0
2018-08-13 09:45:00,1534.0,1534.0,1534.0,1534.0,0.0,0.0,38.0
2018-08-13 09:50:00,1534.0,1534.0,1534.0,1534.0,0.0,0.0,38.0
2018-08-13 09:55:00,1534.0,1534.0,1534.0,1534.0,0.0,0.0,38.0
2018-08-13 10:00:00,1534.0,1534.0,1534.0,1534.0,0.0,0.0,38.0
2018-08-13 10:05:00,1534.0,1534.0,1534.0,1534.0,0.0,0.0,38.0
2018-08-13 10:10:00,1534.0,1534.0,1534.0,1534.0,0.0,0.0,38.0
2018-08-13 10:30:00,1534.0,1534.0,1534.0,1534.0,0.0,0.0,38.0
2018-08-13 10:35:00,1534.0,1534.0,1534.0,1534.0,0.0,0.0,38.0
2018-08-13 10:40:00,1534.0,1534.0,1534.0,1534.0,0.0,0.0,38.0
2018-08-13 10:45:00,1534.0,1534.0,1534.0,1534.0,0.0,0.0,38.0
2018-08-13 10:50:00,1534.0,1534.0,1534.0,1534.0,0.0,0.0,38.0
2018-08-13 10:55:00,1534.0,1534.0,1534.0,1534.0,0.0,0.0,38.0
2018-08-13 11:00:00,1534.0,1534.0,1534.0,1534.0,0.0,0.0,38.0
2018-08-13 11:05:00,1534.0,1534.0,1534.0,1534.0,0.0,0.0,38.0
2018-08-13 11:10:00,1534.0,1534.0,1534.0,1534.0,0.0,0.0,38.0
2018-08-13 11:15:00,1534.0,1534.0,1534.0,1534.0,0.0,0.0,38.0
2018-08-13 11:20:00,1534.0,1534.0,1534.0,1534.0,0.0,0.0,38.0
2018-08-13 11:25:00,1534.0,1534.0,1534.0,1534.0,0.0,0.0,38.0
2018-08-13 13:30:00,1534.0,1534.0,1534.0,1534.0,0.0,0.0,38.0
2018-08-13 13:35:00,1534.0,1534.0,1534.0,1534.0,0.0,0.0,38.0
2018-08-13 13:40:00,1534.0,1534.0,1534.0,1534.0,0.0,0.0,38.0
2018-08-13 13:45:00,1534.0,1534.0,1534.0,1534.0,0.0,0.0,38.0
2018-08-13 13:50:00,1534.0,1534.0,1534.0,1534.0,0.0,0.0,38.0
2018-08-13 13:55:00,1534.0,1534.0,1534.0,1534.0,0.0,0.0,38.0
2018-08-13 14:00:00,1534.0,1534.0,1534.0,1534.0,0.0,0.0,38.0
2018-08-13 14:05:00,1534.0,1534.0,1534.0,1534.0,0.0,0.0,38.0
2018-08-13 14:10:00,1534.0,1534.0,1534.0,1534.0,0.0,0.0,38.0
2018-08-13 14:15:00,1534.0,1534.0,1534.0,1534.0,0.0,0.0,38.0
2018-08-13 14:20:00,1534.0,1534.0,1534.0,1534.0,0.0,0.0,38.0
2018-08-13 14:25:00,1534.0,1534.0,1534.0,1534.0,0.0,0.0,38.0
2018-08-13 14:30:00,1534.0,1534.0,1534.0,1534.0,0.0,0.0,38.0
2018-08-13 14:35:00,1534.0,1534.0,1534.0,1534.0,0.0,0.0,38.0
2018-08-13 14:40:00,1534.0,1534.0,1534.0,1534.0,0.0,0.0,38.0
2018-08-13 14:45:00,1534.0,1534.0,1534.0,1534.0,0.0,0.0,38.0
2018-08-13 14:50:00,1534.0,1534.0,1534.0,1534.0,0.0,0.0,38.0
2018-08-13 14:55:00,1534.0,1534.0,1534.0,1534.0,0.0,0.0,38.0
2018-08-13 21:00:00,1533.0,1533.0,1533.0,1533.0,0.0,0.0,38.0
2018-08-13 21:05:00,1533.0,1533.0,1533.0,1533.0,0.0,0.0,38.0
2018-08-13 21:10:00,1533.0,1533.0,1533.0,1533.0,0.0,0.0,38.0
2018-08-13 21:15:00,1533.0,1533.0,1533.0,1533.0,0.0,0.0,38.0
2018-08-13 21:20:00,1533.0,1533.0,1533.0,1533.0,0.0,0.0,38.0
2018-08-13 21:25:00,1533.0,1533.0,1533.0,1533.0,0.0,0.0,38.0
2018-08-13 21:30:00,1533.0,1533.0,1533.0,1533.0,0.0,0.0,38.0
2018-08-13 21:35:00,1533.0,1533.0,1533.0,1533.0,0.0,0.0,38.0
2018-08-13 21:40:00,1533.0,1533.0,1533.0,1533.0,0.0,0.0,38.0
2018-08-13 21:45:00,1533.0,1533.0,1533.0,1533.0,0.0,0.0,38.0
2018-08-13 21:50:00,1533.0,1533.0,1533.0,1533.0,0.0,0.0,38.0
2018-08-13 21:55:00,1533.0,1533.0,1533.0,1533.0,0.0,0.0,38.0
2018-08-13 22:00:00,1533.0,1533.0,1533.0,1533.0,0.0,0.0,38.0
2018-08-13 22:05:00,1533.0,1533.0,1533.0,1533.0,0.0,0.0,38.0
2018-08-13 22:10:00,1533.0,1533.0,1533.0,1533.0,0.0,0.0,38.0
2018-08-13 22:15:00,1533.0,1533.0,1533.0,1533.0,0.0,0.0,38.0
2018-08-13 22:20:00,1533.0,1533.0,1533.0,1533.0,0.0,0.0,38.0
2018-08-13 22:25:00,1533.0,1533.0,1533.0,1533.0,0.0,0.0,38.0
2018-08-13 22:30:00,1533.0,1533.0,1533.0,1533.0,0.0,0.0,38.0
2018-08-13 22:35:00,1533.0,1533.0,1533.0,1533.0,0.0,0.0,38.0
2018-08-13 22:40:00,1533.0,1533.0,1533.0,1533.0,0.0,0.0,38.0
2018-08-13 22:45:00,1533.0,1533.0,1533.0,1533.0,0.0,0.0,38.0
2018-08-13 22:50:00,1533.0,1533.0,1533.0,1533.0,0.0,0.0,38.0
2018-08-13 22:55:00,1533.0,1533.0,1533.0,1533.0,0.0,0.0,38.0
2018-08-13 23:00:00,1533.0,1533.0,1533.0,1533.0,0.0,0.0,38.0
2018-08-13 23:05:00,1533.0,1533.0,1533.0,1533.0,0.0,0.0,38.0
2018-08-13 23:10:00,1533.0,1533.0,1533.0,1533.0,0.0,0.0,38.0
2018-08-13 23:15:00,1533.0,1533.0,1533.0,1533.0,0.0,0.0,38.0
2018-08-13 23:20:00,1533.0,1533.0,1533.0,1533.0,0.0,0.0,38.0
2018-08-13 23:25:00,1533.0,1533.0,1533.0,1533.0,0.0,0.0,38.0
2018-08-14 09:00:00,1533.0,1533.0,1533.0,1533.0,0.0,0.0,38.0
2018-08-14 09:05:00,1533.0,1533.0,1533.0,1533.0,0.0,0.0,38.0
2018-08-14 09:10:00,1533.0,1533.0,1533.0,1533.0,0.0,0.0,38.0
2018-08-14 09:15:00,1533.0,1533.0,1533.0,1533.0,0.0,0.0,38.0
2018-08-14 09:20:00,1533.0,1533.0,1533.0,1533.0,0.0,0.0,38.0
2018-08-14 09:25:00,1533.0,1533.0,1533.0,1533.0,0.0,0.0,38.0
2018-08-14 09:30:00,1533.0,1533.0,1533.0,1533.0,0.0,0.0,38.0
2018-08-14 09:35:00,1533.0,1533.0,1533.0,1533.0,0.0,0.0,38.0
2018-08-14 09:40:00,1533.0,1533.0,1533.0,1533.0,0.0,0.0,38.0
2018-08-14 09:45:00,1533.0,1533.0,1533.0,1533.0,0.0,0.0,38.0
2018-08-14 09:50:00,1533.0,1533.0,1533.0,1533.0,0.0,0.0,38.0
2018-08-14 09:55:00,1533.0,1533.0,1533.0,1533.0,0.0,0.0,38.0
2018-08-14 10:00:00,1533.0,1533.0,1533.0,1533.0,0.0,0.0,38.0
2018-08-14 10:05:00,1533.0,1533.0,1533.0,1533.0,0.0,0.0,38.0
2018-08-14 10:10:00,1533.0,1533.0,1533.0,1533.0,0.0,0.0,38.0
2018-08-14 10:30:00,1533.0,1533.0,1533.0,1533.0,0.0,0.0,38.0
2018-08-14 10:35:00,1533.0,1533.0,1533.0,1533.0,0.0,0.0,38.0
2018-08-14 10:40:00,1533.0,1533.0,1533.0,1533.0,0.0,0.0,38.0
2018-08-14 10:45:00,1533.0,1533.0,1533.0,1533.0,0.0,0.0,38.0
2018-08-14 10:50:00,1533.0,1533.0,1533.0,1533.0,0.0,0.0,38.0
2018-08-14 10:55:00,1533.0,1533.0,1533.0,1533.0,0.0,0.0,38.0
2018-08-14 11:00:00,1533.0,1533.0,1533.0,1533.0,0.0,0.0,38.0
2018-08-14 11:05:00,1533.0,1533.0,1533.0,1533.0,0.0,0.0,38.0
2018-08-14 11:10:00,1533.0,1533.0,1533.0,1533.0,0.0,0.0,38.0
2018-08-14 11:15:00,1533.0,1533.0,1533.0,1533.0,0.0,0.0,38.0
2018-08-14 11:20:00,1533.0,1533.0,1533.0,1533.0,0.0,0.0,38.0
2018-08-14 11:25:00,1533.0,1533.0,1533.0,1533.0,0.0,0.0,38.0
2018-08-14 13:30:00,1533.0,1533.0,1533.0,1533.0,0.0,0.0,38.0
2018-08-14 13:35:00,1533.0,1533.0,1533.0,1533.0,0.0,0.0,38.0
2018-08-14 13:40:00,1533.0,1533.0,1533.0,1533.0,0.0,0.0,38.0
2018-08-14 13:45:00,1533.0,1533.0,1533.0,1533.0,0.0,0.0,38.0
2018-08-14 13:50:00,1533.0,1533.0,1533.0,1533.0,0.0,0.0,38.0
2018-08-14 13:55:00,1533.0,1533.0,1533.0,1533.0,0.0,0.0,38.0
2018-08-14 14:00:00,1533.0,1533.0,1533.0,1533.0,0.0,0.0,38.0
2018-08-14 14:05:00,1533.0,1533.0,1533.0,1533.0,0.0,0.0,38.0
2018-08-14 14:10:00,1533.0,1533.0,1533.0,1533.0,0.0,0.0,38.0
2018-08-14 14:15:00,1533.0,1533.0,1533.0,1533.0,0.0,0.0,38.0
2018-08-14 14:20:00,1533.0,1533.0,1533.0,1533.0,0.0,0.0,38.0
2018-08-14 14:25:00,1533.0,1533.0,1533.0,1533.0,0.0,0.0,38.0
2018-08-14 14:30:00,1533.0,1533.0,1533.0,1533.0,0.0,0.0,38.0
2018-08-14 14:35:00,1533.0,1533.0,1533.0,1533.0,0.0,0.0,38.0
2018-08-14 14:40:00,1533.0,1533.0,1533.0,1533.0,0.0,0.0,38.0
2018-08-14 14:45:00,1533.0,1533.0,1533.0,1533.0,0.0,0.0,38.0
2018-08-14 14:50:00,1533.0,1533.0,1533.0,1533.0,0.0,0.0,38.0
2018-08-14 14:55:00,1533.0,1533.0,1533.0,1533.0,0.0,0.0,38.0
