datetime,open,high,low,close,volume,money,open_interest
2022-05-26 21:00:00,5028.0,5028.0,5028.0,5028.0,0.0,0.0,0.0
2022-05-26 21:05:00,5028.0,5028.0,5028.0,5028.0,0.0,0.0,0.0
2022-05-26 21:10:00,5028.0,5028.0,5028.0,5028.0,0.0,0.0,0.0
2022-05-26 21:15:00,5028.0,5028.0,5028.0,5028.0,0.0,0.0,0.0
2022-05-26 21:20:00,5028.0,5028.0,5028.0,5028.0,0.0,0.0,0.0
2022-05-26 21:25:00,5028.0,5028.0,5028.0,5028.0,0.0,0.0,0.0
2022-05-26 21:30:00,5028.0,5028.0,5028.0,5028.0,0.0,0.0,0.0
2022-05-26 21:35:00,5028.0,5028.0,5028.0,5028.0,0.0,0.0,0.0
2022-05-26 21:40:00,5028.0,5028.0,5028.0,5028.0,0.0,0.0,0.0
2022-05-26 21:45:00,5028.0,5028.0,5028.0,5028.0,0.0,0.0,0.0
2022-05-26 21:50:00,5028.0,5028.0,5028.0,5028.0,0.0,0.0,0.0
2022-05-26 21:55:00,5028.0,5028.0,5028.0,5028.0,0.0,0.0,0.0
2022-05-26 22:00:00,5028.0,5028.0,5028.0,5028.0,0.0,0.0,0.0
2022-05-26 22:05:00,5028.0,5028.0,5028.0,5028.0,0.0,0.0,0.0
2022-05-26 22:10:00,5028.0,5028.0,5028.0,5028.0,0.0,0.0,0.0
2022-05-26 22:15:00,5028.0,5028.0,5028.0,5028.0,0.0,0.0,0.0
2022-05-26 22:20:00,5028.0,5028.0,5028.0,5028.0,0.0,0.0,0.0
2022-05-26 22:25:00,5028.0,5028.0,5028.0,5028.0,0.0,0.0,0.0
2022-05-26 22:30:00,5028.0,5028.0,5028.0,5028.0,0.0,0.0,0.0
2022-05-26 22:35:00,5028.0,5028.0,5028.0,5028.0,0.0,0.0,0.0
2022-05-26 22:40:00,5028.0,5028.0,5028.0,5028.0,0.0,0.0,0.0
2022-05-26 22:45:00,5028.0,5028.0,5028.0,5028.0,0.0,0.0,0.0
2022-05-26 22:50:00,5028.0,5028.0,5028.0,5028.0,0.0,0.0,0.0
2022-05-26 22:55:00,5028.0,5028.0,5028.0,5028.0,0.0,0.0,0.0
2022-05-27 09:00:00,5028.0,5028.0,5028.0,5028.0,0.0,0.0,0.0
2022-05-27 09:05:00,5028.0,5028.0,5028.0,5028.0,0.0,0.0,0.0
2022-05-27 09:10:00,5028.0,5028.0,5028.0,5028.0,0.0,0.0,0.0
2022-05-27 09:15:00,5028.0,5028.0,5028.0,5028.0,0.0,0.0,0.0
2022-05-27 09:20:00,5028.0,5028.0,5028.0,5028.0,0.0,0.0,0.0
2022-05-27 09:25:00,5028.0,5028.0,5028.0,5028.0,0.0,0.0,0.0
2022-05-27 09:30:00,5028.0,5028.0,5028.0,5028.0,0.0,0.0,0.0
2022-05-27 09:35:00,5028.0,5028.0,5028.0,5028.0,0.0,0.0,0.0
2022-05-27 09:40:00,5028.0,5028.0,5028.0,5028.0,0.0,0.0,0.0
2022-05-27 09:45:00,5028.0,5028.0,5028.0,5028.0,0.0,0.0,0.0
2022-05-27 09:50:00,5028.0,5028.0,5028.0,5028.0,0.0,0.0,0.0
2022-05-27 09:55:00,5028.0,5028.0,5028.0,5028.0,0.0,0.0,0.0
2022-05-27 10:00:00,5028.0,5028.0,5028.0,5028.0,0.0,0.0,0.0
2022-05-27 10:05:00,5028.0,5028.0,5028.0,5028.0,0.0,0.0,0.0
2022-05-27 10:10:00,5028.0,5028.0,5028.0,5028.0,0.0,0.0,0.0
2022-05-27 10:30:00,5028.0,5028.0,5028.0,5028.0,0.0,0.0,0.0
2022-05-27 10:35:00,5028.0,5028.0,5028.0,5028.0,0.0,0.0,0.0
2022-05-27 10:40:00,5028.0,5028.0,5028.0,5028.0,0.0,0.0,0.0
2022-05-27 10:45:00,5028.0,5028.0,5028.0,5028.0,0.0,0.0,0.0
2022-05-27 10:50:00,5028.0,5028.0,5028.0,5028.0,0.0,0.0,0.0
2022-05-27 10:55:00,5028.0,5028.0,5028.0,5028.0,0.0,0.0,0.0
2022-05-27 11:00:00,5028.0,5028.0,5028.0,5028.0,0.0,0.0,0.0
2022-05-27 11:05:00,5028.0,5028.0,5028.0,5028.0,0.0,0.0,0.0
2022-05-27 11:10:00,5028.0,5028.0,5028.0,5028.0,0.0,0.0,0.0
2022-05-27 11:15:00,5028.0,5028.0,5028.0,5028.0,0.0,0.0,0.0
2022-05-27 11:20:00,5028.0,5028.0,5028.0,5028.0,0.0,0.0,0.0
2022-05-27 11:25:00,5028.0,5028.0,5028.0,5028.0,0.0,0.0,0.0
2022-05-27 13:30:00,5028.0,5028.0,5028.0,5028.0,0.0,0.0,0.0
2022-05-27 13:35:00,5028.0,5028.0,5028.0,5028.0,0.0,0.0,0.0
2022-05-27 13:40:00,5028.0,5028.0,5028.0,5028.0,0.0,0.0,0.0
2022-05-27 13:45:00,5028.0,5028.0,5028.0,5028.0,0.0,0.0,0.0
2022-05-27 13:50:00,5028.0,5028.0,5028.0,5028.0,0.0,0.0,0.0
2022-05-27 13:55:00,5028.0,5028.0,5028.0,5028.0,0.0,0.0,0.0
2022-05-27 14:00:00,5028.0,5028.0,5028.0,5028.0,0.0,0.0,0.0
2022-05-27 14:05:00,5028.0,5028.0,5028.0,5028.0,0.0,0.0,0.0
2022-05-27 14:10:00,5028.0,5028.0,5028.0,5028.0,0.0,0.0,0.0
2022-05-27 14:15:00,5028.0,5028.0,5028.0,5028.0,0.0,0.0,0.0
2022-05-27 14:20:00,5028.0,5028.0,5028.0,5028.0,0.0,0.0,0.0
2022-05-27 14:25:00,5028.0,5028.0,5028.0,5028.0,0.0,0.0,0.0
2022-05-27 14:30:00,5028.0,5028.0,5028.0,5028.0,0.0,0.0,0.0
2022-05-27 14:35:00,5028.0,5028.0,5028.0,5028.0,0.0,0.0,0.0
2022-05-27 14:40:00,5028.0,5028.0,5028.0,5028.0,0.0,0.0,0.0
2022-05-27 14:45:00,5028.0,5028.0,5028.0,5028.0,0.0,0.0,0.0
2022-05-27 14:50:00,5028.0,5028.0,5028.0,5028.0,0.0,0.0,0.0
2022-05-27 14:55:00,5028.0,5028.0,5028.0,5028.0,0.0,0.0,0.0
2022-05-27 21:00:00,5028.0,5028.0,5028.0,5028.0,0.0,0.0,0.0
2022-05-27 21:05:00,5028.0,5028.0,5028.0,5028.0,0.0,0.0,0.0
2022-05-27 21:10:00,5028.0,5028.0,5028.0,5028.0,0.0,0.0,0.0
2022-05-27 21:15:00,5028.0,5028.0,5028.0,5028.0,0.0,0.0,0.0
2022-05-27 21:20:00,5028.0,5028.0,5028.0,5028.0,0.0,0.0,0.0
2022-05-27 21:25:00,5028.0,5028.0,5028.0,5028.0,0.0,0.0,0.0
2022-05-27 21:30:00,5028.0,5028.0,5028.0,5028.0,0.0,0.0,0.0
2022-05-27 21:35:00,5028.0,5028.0,5028.0,5028.0,0.0,0.0,0.0
2022-05-27 21:40:00,5028.0,5028.0,5028.0,5028.0,0.0,0.0,0.0
2022-05-27 21:45:00,5028.0,5028.0,5028.0,5028.0,0.0,0.0,0.0
2022-05-27 21:50:00,5028.0,5028.0,5028.0,5028.0,0.0,0.0,0.0
2022-05-27 21:55:00,5028.0,5028.0,5028.0,5028.0,0.0,0.0,0.0
2022-05-27 22:00:00,5028.0,5028.0,5028.0,5028.0,0.0,0.0,0.0
2022-05-27 22:05:00,5028.0,5028.0,5028.0,5028.0,0.0,0.0,0.0
2022-05-27 22:10:00,5028.0,5028.0,5028.0,5028.0,0.0,0.0,0.0
2022-05-27 22:15:00,5028.0,5028.0,5028.0,5028.0,0.0,0.0,0.0
2022-05-27 22:20:00,5028.0,5028.0,5028.0,5028.0,0.0,0.0,0.0
2022-05-27 22:25:00,5028.0,5028.0,5028.0,5028.0,0.0,0.0,0.0
2022-05-27 22:30:00,5028.0,5028.0,5028.0,5028.0,0.0,0.0,0.0
2022-05-27 22:35:00,5028.0,5028.0,5028.0,5028.0,0.0,0.0,0.0
2022-05-27 22:40:00,5028.0,5028.0,5028.0,5028.0,0.0,0.0,0.0
2022-05-27 22:45:00,5028.0,5028.0,5028.0,5028.0,0.0,0.0,0.0
2022-05-27 22:50:00,5028.0,5028.0,5028.0,5028.0,0.0,0.0,0.0
2022-05-27 22:55:00,5028.0,5028.0,5028.0,5028.0,0.0,0.0,0.0
2022-05-30 09:00:00,5028.0,5028.0,5028.0,5028.0,0.0,0.0,0.0
2022-05-30 09:05:00,5028.0,5028.0,5028.0,5028.0,0.0,0.0,0.0
2022-05-30 09:10:00,5028.0,5028.0,5028.0,5028.0,0.0,0.0,0.0
2022-05-30 09:15:00,5028.0,5028.0,5028.0,5028.0,0.0,0.0,0.0
2022-05-30 09:20:00,5028.0,5028.0,5028.0,5028.0,0.0,0.0,0.0
2022-05-30 09:25:00,5028.0,5028.0,5028.0,5028.0,0.0,0.0,0.0
2022-05-30 09:30:00,5028.0,5028.0,5028.0,5028.0,0.0,0.0,0.0
2022-05-30 09:35:00,5028.0,5028.0,5028.0,5028.0,0.0,0.0,0.0
2022-05-30 09:40:00,5028.0,5028.0,5028.0,5028.0,0.0,0.0,0.0
2022-05-30 09:45:00,5028.0,5028.0,5028.0,5028.0,0.0,0.0,0.0
2022-05-30 09:50:00,5028.0,5028.0,5028.0,5028.0,0.0,0.0,0.0
2022-05-30 09:55:00,5028.0,5028.0,5028.0,5028.0,0.0,0.0,0.0
2022-05-30 10:00:00,5106.0,5106.0,5028.0,5106.0,1.0,51060.0,1.0
2022-05-30 10:05:00,5106.0,5106.0,5106.0,5106.0,0.0,0.0,1.0
2022-05-30 10:10:00,5106.0,5106.0,5106.0,5106.0,0.0,0.0,1.0
2022-05-30 10:30:00,5106.0,5106.0,5106.0,5106.0,0.0,0.0,1.0
2022-05-30 10:35:00,5106.0,5106.0,5106.0,5106.0,0.0,0.0,1.0
2022-05-30 10:40:00,5106.0,5106.0,5106.0,5106.0,0.0,0.0,1.0
2022-05-30 10:45:00,5106.0,5106.0,5106.0,5106.0,0.0,0.0,1.0
2022-05-30 10:50:00,5106.0,5106.0,5106.0,5106.0,0.0,0.0,1.0
2022-05-30 10:55:00,5106.0,5106.0,5106.0,5106.0,0.0,0.0,1.0
2022-05-30 11:00:00,5106.0,5106.0,5106.0,5106.0,0.0,0.0,1.0
2022-05-30 11:05:00,5106.0,5106.0,5106.0,5106.0,0.0,0.0,1.0
2022-05-30 11:10:00,5106.0,5106.0,5106.0,5106.0,0.0,0.0,1.0
2022-05-30 11:15:00,5106.0,5106.0,5106.0,5106.0,0.0,0.0,1.0
2022-05-30 11:20:00,5106.0,5106.0,5106.0,5106.0,0.0,0.0,1.0
2022-05-30 11:25:00,5106.0,5106.0,5106.0,5106.0,0.0,0.0,1.0
2022-05-30 13:30:00,5106.0,5106.0,5106.0,5106.0,0.0,0.0,1.0
2022-05-30 13:35:00,5106.0,5106.0,5106.0,5106.0,0.0,0.0,1.0
2022-05-30 13:40:00,5106.0,5106.0,5106.0,5106.0,0.0,0.0,1.0
2022-05-30 13:45:00,5106.0,5106.0,5106.0,5106.0,0.0,0.0,1.0
2022-05-30 13:50:00,5106.0,5106.0,5106.0,5106.0,0.0,0.0,1.0
2022-05-30 13:55:00,5106.0,5106.0,5106.0,5106.0,0.0,0.0,1.0
2022-05-30 14:00:00,5106.0,5106.0,5106.0,5106.0,0.0,0.0,1.0
2022-05-30 14:05:00,5106.0,5106.0,5106.0,5106.0,0.0,0.0,1.0
2022-05-30 14:10:00,5106.0,5106.0,5106.0,5106.0,0.0,0.0,1.0
2022-05-30 14:15:00,5106.0,5106.0,5106.0,5106.0,0.0,0.0,1.0
2022-05-30 14:20:00,5106.0,5106.0,5106.0,5106.0,0.0,0.0,1.0
2022-05-30 14:25:00,5106.0,5106.0,5106.0,5106.0,0.0,0.0,1.0
2022-05-30 14:30:00,5106.0,5106.0,5106.0,5106.0,0.0,0.0,1.0
2022-05-30 14:35:00,5106.0,5106.0,5106.0,5106.0,0.0,0.0,1.0
2022-05-30 14:40:00,5106.0,5106.0,5106.0,5106.0,0.0,0.0,1.0
2022-05-30 14:45:00,5106.0,5106.0,5106.0,5106.0,0.0,0.0,1.0
2022-05-30 14:50:00,5106.0,5106.0,5106.0,5106.0,0.0,0.0,1.0
2022-05-30 14:55:00,5106.0,5106.0,5106.0,5106.0,0.0,0.0,1.0
2022-05-30 21:00:00,5106.0,5106.0,5106.0,5106.0,0.0,0.0,1.0
2022-05-30 21:05:00,5106.0,5106.0,5106.0,5106.0,0.0,0.0,1.0
2022-05-30 21:10:00,5106.0,5106.0,5106.0,5106.0,0.0,0.0,1.0
2022-05-30 21:15:00,5106.0,5106.0,5106.0,5106.0,0.0,0.0,1.0
2022-05-30 21:20:00,5106.0,5106.0,5106.0,5106.0,0.0,0.0,1.0
2022-05-30 21:25:00,5106.0,5106.0,5106.0,5106.0,0.0,0.0,1.0
2022-05-30 21:30:00,5106.0,5106.0,5106.0,5106.0,0.0,0.0,1.0
2022-05-30 21:35:00,5106.0,5106.0,5106.0,5106.0,0.0,0.0,1.0
2022-05-30 21:40:00,5106.0,5106.0,5106.0,5106.0,0.0,0.0,1.0
2022-05-30 21:45:00,5106.0,5280.0,5106.0,5280.0,2.0,105600.0,3.0
2022-05-30 21:50:00,5280.0,5280.0,5280.0,5280.0,0.0,0.0,3.0
2022-05-30 21:55:00,5280.0,5280.0,5280.0,5280.0,0.0,0.0,3.0
2022-05-30 22:00:00,5280.0,5280.0,5280.0,5280.0,0.0,0.0,3.0
2022-05-30 22:05:00,5280.0,5280.0,5280.0,5280.0,0.0,0.0,3.0
2022-05-30 22:10:00,5280.0,5280.0,5280.0,5280.0,0.0,0.0,3.0
2022-05-30 22:15:00,5280.0,5280.0,5280.0,5280.0,0.0,0.0,3.0
2022-05-30 22:20:00,5280.0,5280.0,5280.0,5280.0,0.0,0.0,3.0
2022-05-30 22:25:00,5280.0,5280.0,5280.0,5280.0,0.0,0.0,3.0
2022-05-30 22:30:00,5280.0,5280.0,5280.0,5280.0,0.0,0.0,3.0
2022-05-30 22:35:00,5280.0,5280.0,5280.0,5280.0,0.0,0.0,3.0
2022-05-30 22:40:00,5280.0,5280.0,5280.0,5280.0,0.0,0.0,3.0
2022-05-30 22:45:00,5280.0,5280.0,5280.0,5280.0,0.0,0.0,3.0
2022-05-30 22:50:00,5280.0,5280.0,5280.0,5280.0,0.0,0.0,3.0
2022-05-30 22:55:00,5280.0,5280.0,5280.0,5280.0,0.0,0.0,3.0
2022-05-31 09:00:00,5280.0,5280.0,5280.0,5280.0,0.0,0.0,3.0
2022-05-31 09:05:00,5280.0,5280.0,5280.0,5280.0,0.0,0.0,3.0
2022-05-31 09:10:00,5280.0,5280.0,5280.0,5280.0,0.0,0.0,3.0
2022-05-31 09:15:00,5280.0,5280.0,5280.0,5280.0,0.0,0.0,3.0
2022-05-31 09:20:00,5280.0,5280.0,5280.0,5280.0,0.0,0.0,3.0
2022-05-31 09:25:00,5280.0,5280.0,5280.0,5280.0,0.0,0.0,3.0
2022-05-31 09:30:00,5280.0,5280.0,5280.0,5280.0,0.0,0.0,3.0
2022-05-31 09:35:00,5280.0,5280.0,5280.0,5280.0,0.0,0.0,3.0
2022-05-31 09:40:00,5280.0,5280.0,5280.0,5280.0,0.0,0.0,3.0
2022-05-31 09:45:00,5280.0,5280.0,5280.0,5280.0,0.0,0.0,3.0
2022-05-31 09:50:00,5280.0,5280.0,5280.0,5280.0,0.0,0.0,3.0
2022-05-31 09:55:00,5280.0,5280.0,5280.0,5280.0,0.0,0.0,3.0
2022-05-31 10:00:00,5280.0,5280.0,5280.0,5280.0,0.0,0.0,3.0
2022-05-31 10:05:00,5280.0,5280.0,5280.0,5280.0,0.0,0.0,3.0
2022-05-31 10:10:00,5280.0,5280.0,5280.0,5280.0,0.0,0.0,3.0
2022-05-31 10:30:00,5280.0,5280.0,5280.0,5280.0,0.0,0.0,3.0
2022-05-31 10:35:00,5280.0,5280.0,5280.0,5280.0,0.0,0.0,3.0
2022-05-31 10:40:00,5280.0,5280.0,5280.0,5280.0,0.0,0.0,3.0
2022-05-31 10:45:00,5280.0,5280.0,5280.0,5280.0,0.0,0.0,3.0
2022-05-31 10:50:00,5280.0,5280.0,5280.0,5280.0,0.0,0.0,3.0
2022-05-31 10:55:00,5280.0,5280.0,5280.0,5280.0,0.0,0.0,3.0
2022-05-31 11:00:00,5280.0,5280.0,5280.0,5280.0,0.0,0.0,3.0
2022-05-31 11:05:00,5280.0,5280.0,5280.0,5280.0,0.0,0.0,3.0
2022-05-31 11:10:00,5280.0,5280.0,5280.0,5280.0,0.0,0.0,3.0
2022-05-31 11:15:00,5280.0,5280.0,5280.0,5280.0,0.0,0.0,3.0
2022-05-31 11:20:00,5280.0,5280.0,5280.0,5280.0,0.0,0.0,3.0
2022-05-31 11:25:00,5280.0,5280.0,5280.0,5280.0,0.0,0.0,3.0
2022-05-31 13:30:00,5280.0,5280.0,5280.0,5280.0,0.0,0.0,3.0
2022-05-31 13:35:00,5280.0,5280.0,5280.0,5280.0,0.0,0.0,3.0
2022-05-31 13:40:00,5280.0,5280.0,5280.0,5280.0,0.0,0.0,3.0
2022-05-31 13:45:00,5280.0,5280.0,5280.0,5280.0,0.0,0.0,3.0
2022-05-31 13:50:00,5280.0,5280.0,5280.0,5280.0,0.0,0.0,3.0
2022-05-31 13:55:00,5280.0,5280.0,5280.0,5280.0,0.0,0.0,3.0
2022-05-31 14:00:00,5280.0,5280.0,5280.0,5280.0,0.0,0.0,3.0
2022-05-31 14:05:00,5280.0,5280.0,5280.0,5280.0,0.0,0.0,3.0
2022-05-31 14:10:00,5280.0,5280.0,5280.0,5280.0,0.0,0.0,3.0
2022-05-31 14:15:00,5280.0,5280.0,5280.0,5280.0,0.0,0.0,3.0
2022-05-31 14:20:00,5280.0,5280.0,5280.0,5280.0,0.0,0.0,3.0
2022-05-31 14:25:00,5280.0,5280.0,5280.0,5280.0,0.0,0.0,3.0
2022-05-31 14:30:00,5280.0,5280.0,5280.0,5280.0,0.0,0.0,3.0
2022-05-31 14:35:00,5280.0,5280.0,5280.0,5280.0,0.0,0.0,3.0
2022-05-31 14:40:00,5280.0,5280.0,5280.0,5280.0,0.0,0.0,3.0
2022-05-31 14:45:00,5280.0,5280.0,5280.0,5280.0,0.0,0.0,3.0
2022-05-31 14:50:00,5280.0,5280.0,5280.0,5280.0,6.0,316800.0,9.0
2022-05-31 14:55:00,5280.0,5280.0,5280.0,5280.0,0.0,0.0,9.0
2022-05-31 21:00:00,5280.0,5280.0,5280.0,5280.0,0.0,0.0,9.0
2022-05-31 21:05:00,5280.0,5280.0,5280.0,5280.0,0.0,0.0,9.0
2022-05-31 21:10:00,5280.0,5280.0,5280.0,5280.0,0.0,0.0,9.0
2022-05-31 21:15:00,5280.0,5280.0,5280.0,5280.0,0.0,0.0,9.0
2022-05-31 21:20:00,5280.0,5280.0,5280.0,5280.0,0.0,0.0,9.0
2022-05-31 21:25:00,5280.0,5280.0,5280.0,5280.0,0.0,0.0,9.0
2022-05-31 21:30:00,5280.0,5280.0,5280.0,5280.0,0.0,0.0,9.0
2022-05-31 21:35:00,5280.0,5280.0,5280.0,5280.0,0.0,0.0,9.0
2022-05-31 21:40:00,5280.0,5280.0,5280.0,5280.0,0.0,0.0,9.0
2022-05-31 21:45:00,5280.0,5280.0,5280.0,5280.0,0.0,0.0,9.0
2022-05-31 21:50:00,5280.0,5280.0,5280.0,5280.0,0.0,0.0,9.0
2022-05-31 21:55:00,5280.0,5280.0,5280.0,5280.0,0.0,0.0,9.0
2022-05-31 22:00:00,5280.0,5280.0,5280.0,5280.0,0.0,0.0,9.0
2022-05-31 22:05:00,5280.0,5280.0,5270.0,5270.0,1.0,52700.0,9.0
2022-05-31 22:10:00,5270.0,5270.0,5270.0,5270.0,0.0,0.0,9.0
2022-05-31 22:15:00,5270.0,5270.0,5270.0,5270.0,0.0,0.0,9.0
2022-05-31 22:20:00,5270.0,5270.0,5270.0,5270.0,0.0,0.0,9.0
2022-05-31 22:25:00,5270.0,5270.0,5270.0,5270.0,0.0,0.0,9.0
2022-05-31 22:30:00,5329.0,5329.0,5329.0,5329.0,1.0,53290.0,10.0
2022-05-31 22:35:00,5329.0,5329.0,5329.0,5329.0,0.0,0.0,10.0
2022-05-31 22:40:00,5329.0,5329.0,5329.0,5329.0,0.0,0.0,10.0
2022-05-31 22:45:00,5329.0,5329.0,5329.0,5329.0,0.0,0.0,10.0
2022-05-31 22:50:00,5329.0,5329.0,5329.0,5329.0,0.0,0.0,10.0
2022-05-31 22:55:00,5329.0,5329.0,5329.0,5329.0,0.0,0.0,10.0
2022-06-01 09:00:00,5329.0,5329.0,5329.0,5329.0,0.0,0.0,10.0
2022-06-01 09:05:00,5329.0,5329.0,5329.0,5329.0,0.0,0.0,10.0
2022-06-01 09:10:00,5329.0,5329.0,5329.0,5329.0,0.0,0.0,10.0
2022-06-01 09:15:00,5329.0,5329.0,5329.0,5329.0,0.0,0.0,10.0
2022-06-01 09:20:00,5329.0,5329.0,5329.0,5329.0,0.0,0.0,10.0
2022-06-01 09:25:00,5329.0,5329.0,5329.0,5329.0,0.0,0.0,10.0
2022-06-01 09:30:00,5329.0,5329.0,5329.0,5329.0,0.0,0.0,10.0
2022-06-01 09:35:00,5329.0,5329.0,5329.0,5329.0,0.0,0.0,10.0
2022-06-01 09:40:00,5329.0,5329.0,5329.0,5329.0,0.0,0.0,10.0
2022-06-01 09:45:00,5329.0,5329.0,5329.0,5329.0,0.0,0.0,10.0
2022-06-01 09:50:00,5329.0,5329.0,5329.0,5329.0,0.0,0.0,10.0
2022-06-01 09:55:00,5329.0,5329.0,5329.0,5329.0,0.0,0.0,10.0
2022-06-01 10:00:00,5329.0,5329.0,5329.0,5329.0,0.0,0.0,10.0
2022-06-01 10:05:00,5329.0,5329.0,5329.0,5329.0,0.0,0.0,10.0
2022-06-01 10:10:00,5329.0,5329.0,5329.0,5329.0,0.0,0.0,10.0
2022-06-01 10:30:00,5329.0,5329.0,5329.0,5329.0,0.0,0.0,10.0
2022-06-01 10:35:00,5329.0,5329.0,5329.0,5329.0,0.0,0.0,10.0
2022-06-01 10:40:00,5329.0,5329.0,5329.0,5329.0,0.0,0.0,10.0
2022-06-01 10:45:00,5329.0,5329.0,5329.0,5329.0,0.0,0.0,10.0
2022-06-01 10:50:00,5329.0,5329.0,5329.0,5329.0,0.0,0.0,10.0
2022-06-01 10:55:00,5329.0,5329.0,5329.0,5329.0,0.0,0.0,10.0
2022-06-01 11:00:00,5329.0,5329.0,5329.0,5329.0,0.0,0.0,10.0
2022-06-01 11:05:00,5329.0,5329.0,5329.0,5329.0,0.0,0.0,10.0
2022-06-01 11:10:00,5329.0,5329.0,5329.0,5329.0,0.0,0.0,10.0
2022-06-01 11:15:00,5329.0,5329.0,5329.0,5329.0,0.0,0.0,10.0
2022-06-01 11:20:00,5329.0,5329.0,5329.0,5329.0,0.0,0.0,10.0
2022-06-01 11:25:00,5329.0,5329.0,5329.0,5329.0,0.0,0.0,10.0
2022-06-01 13:30:00,5329.0,5329.0,5329.0,5329.0,0.0,0.0,10.0
2022-06-01 13:35:00,5329.0,5329.0,5329.0,5329.0,0.0,0.0,10.0
2022-06-01 13:40:00,5329.0,5329.0,5329.0,5329.0,0.0,0.0,10.0
2022-06-01 13:45:00,5329.0,5329.0,5329.0,5329.0,0.0,0.0,10.0
2022-06-01 13:50:00,5329.0,5329.0,5329.0,5329.0,0.0,0.0,10.0
2022-06-01 13:55:00,5329.0,5329.0,5329.0,5329.0,0.0,0.0,10.0
2022-06-01 14:00:00,5329.0,5329.0,5329.0,5329.0,0.0,0.0,10.0
2022-06-01 14:05:00,5329.0,5329.0,5329.0,5329.0,0.0,0.0,10.0
2022-06-01 14:10:00,5329.0,5329.0,5329.0,5329.0,0.0,0.0,10.0
2022-06-01 14:15:00,5329.0,5329.0,5329.0,5329.0,0.0,0.0,10.0
2022-06-01 14:20:00,5329.0,5329.0,5329.0,5329.0,0.0,0.0,10.0
2022-06-01 14:25:00,5329.0,5329.0,5329.0,5329.0,0.0,0.0,10.0
2022-06-01 14:30:00,5329.0,5329.0,5329.0,5329.0,0.0,0.0,10.0
2022-06-01 14:35:00,5329.0,5329.0,5329.0,5329.0,0.0,0.0,10.0
2022-06-01 14:40:00,5329.0,5329.0,5329.0,5329.0,0.0,0.0,10.0
2022-06-01 14:45:00,5329.0,5329.0,5329.0,5329.0,0.0,0.0,10.0
2022-06-01 14:50:00,5329.0,5329.0,5329.0,5329.0,0.0,0.0,10.0
2022-06-01 14:55:00,5329.0,5329.0,5329.0,5329.0,0.0,0.0,10.0
2022-06-01 21:00:00,5329.0,5329.0,5329.0,5329.0,0.0,0.0,10.0
2022-06-01 21:05:00,5329.0,5329.0,5329.0,5329.0,0.0,0.0,10.0
2022-06-01 21:10:00,5329.0,5329.0,5329.0,5329.0,0.0,0.0,10.0
2022-06-01 21:15:00,5329.0,5329.0,5329.0,5329.0,0.0,0.0,10.0
2022-06-01 21:20:00,5329.0,5329.0,5329.0,5329.0,0.0,0.0,10.0
2022-06-01 21:25:00,5329.0,5329.0,5329.0,5329.0,0.0,0.0,10.0
2022-06-01 21:30:00,5329.0,5329.0,5329.0,5329.0,0.0,0.0,10.0
2022-06-01 21:35:00,5329.0,5329.0,5329.0,5329.0,0.0,0.0,10.0
2022-06-01 21:40:00,5329.0,5329.0,5329.0,5329.0,0.0,0.0,10.0
2022-06-01 21:45:00,5329.0,5329.0,5329.0,5329.0,0.0,0.0,10.0
2022-06-01 21:50:00,5329.0,5329.0,5329.0,5329.0,0.0,0.0,10.0
2022-06-01 21:55:00,5329.0,5329.0,5329.0,5329.0,0.0,0.0,10.0
2022-06-01 22:00:00,5329.0,5329.0,5329.0,5329.0,0.0,0.0,10.0
2022-06-01 22:05:00,5329.0,5329.0,5329.0,5329.0,0.0,0.0,10.0
2022-06-01 22:10:00,5329.0,5329.0,5329.0,5329.0,0.0,0.0,10.0
2022-06-01 22:15:00,5329.0,5329.0,5329.0,5329.0,0.0,0.0,10.0
2022-06-01 22:20:00,5329.0,5329.0,5329.0,5329.0,0.0,0.0,10.0
2022-06-01 22:25:00,5329.0,5329.0,5329.0,5329.0,0.0,0.0,10.0
2022-06-01 22:30:00,5329.0,5329.0,5329.0,5329.0,0.0,0.0,10.0
2022-06-01 22:35:00,5329.0,5329.0,5329.0,5329.0,0.0,0.0,10.0
2022-06-01 22:40:00,5329.0,5329.0,5329.0,5329.0,0.0,0.0,10.0
2022-06-01 22:45:00,5329.0,5329.0,5329.0,5329.0,0.0,0.0,10.0
2022-06-01 22:50:00,5329.0,5329.0,5329.0,5329.0,0.0,0.0,10.0
2022-06-01 22:55:00,5329.0,5329.0,5329.0,5329.0,0.0,0.0,10.0
2022-06-02 09:00:00,5329.0,5329.0,5329.0,5329.0,0.0,0.0,10.0
2022-06-02 09:05:00,5329.0,5329.0,5329.0,5329.0,0.0,0.0,10.0
2022-06-02 09:10:00,5329.0,5329.0,5329.0,5329.0,0.0,0.0,10.0
2022-06-02 09:15:00,5329.0,5329.0,5329.0,5329.0,0.0,0.0,10.0
2022-06-02 09:20:00,5329.0,5329.0,5329.0,5329.0,0.0,0.0,10.0
2022-06-02 09:25:00,5329.0,5329.0,5329.0,5329.0,0.0,0.0,10.0
2022-06-02 09:30:00,5329.0,5329.0,5329.0,5329.0,0.0,0.0,10.0
2022-06-02 09:35:00,5329.0,5329.0,5329.0,5329.0,0.0,0.0,10.0
2022-06-02 09:40:00,5329.0,5329.0,5329.0,5329.0,0.0,0.0,10.0
2022-06-02 09:45:00,5329.0,5329.0,5329.0,5329.0,0.0,0.0,10.0
2022-06-02 09:50:00,5329.0,5329.0,5329.0,5329.0,0.0,0.0,10.0
2022-06-02 09:55:00,5329.0,5329.0,5277.0,5277.0,1.0,52770.0,11.0
2022-06-02 10:00:00,5277.0,5277.0,5277.0,5277.0,0.0,0.0,11.0
2022-06-02 10:05:00,5277.0,5277.0,5277.0,5277.0,0.0,0.0,11.0
2022-06-02 10:10:00,5277.0,5277.0,5277.0,5277.0,0.0,0.0,11.0
2022-06-02 10:30:00,5277.0,5277.0,5277.0,5277.0,0.0,0.0,11.0
2022-06-02 10:35:00,5277.0,5277.0,5277.0,5277.0,0.0,0.0,11.0
2022-06-02 10:40:00,5277.0,5277.0,5277.0,5277.0,0.0,0.0,11.0
2022-06-02 10:45:00,5277.0,5277.0,5277.0,5277.0,0.0,0.0,11.0
2022-06-02 10:50:00,5277.0,5277.0,5277.0,5277.0,0.0,0.0,11.0
2022-06-02 10:55:00,5277.0,5277.0,5277.0,5277.0,0.0,0.0,11.0
2022-06-02 11:00:00,5277.0,5277.0,5277.0,5277.0,0.0,0.0,11.0
2022-06-02 11:05:00,5277.0,5277.0,5277.0,5277.0,0.0,0.0,11.0
2022-06-02 11:10:00,5277.0,5277.0,5277.0,5277.0,0.0,0.0,11.0
2022-06-02 11:15:00,5277.0,5277.0,5277.0,5277.0,0.0,0.0,11.0
2022-06-02 11:20:00,5277.0,5277.0,5277.0,5277.0,0.0,0.0,11.0
2022-06-02 11:25:00,5277.0,5277.0,5277.0,5277.0,0.0,0.0,11.0
2022-06-02 13:30:00,5277.0,5277.0,5277.0,5277.0,0.0,0.0,11.0
2022-06-02 13:35:00,5277.0,5277.0,5277.0,5277.0,0.0,0.0,11.0
2022-06-02 13:40:00,5257.0,5258.0,5257.0,5258.0,4.0,210300.0,15.0
2022-06-02 13:45:00,5258.0,5258.0,5258.0,5258.0,0.0,0.0,15.0
2022-06-02 13:50:00,5258.0,5258.0,5258.0,5258.0,0.0,0.0,15.0
2022-06-02 13:55:00,5258.0,5258.0,5258.0,5258.0,0.0,0.0,15.0
2022-06-02 14:00:00,5258.0,5258.0,5258.0,5258.0,0.0,0.0,15.0
2022-06-02 14:05:00,5258.0,5258.0,5258.0,5258.0,0.0,0.0,15.0
2022-06-02 14:10:00,5258.0,5258.0,5258.0,5258.0,0.0,0.0,15.0
2022-06-02 14:15:00,5258.0,5258.0,5258.0,5258.0,0.0,0.0,15.0
2022-06-02 14:20:00,5258.0,5258.0,5258.0,5258.0,0.0,0.0,15.0
2022-06-02 14:25:00,5258.0,5258.0,5258.0,5258.0,0.0,0.0,15.0
2022-06-02 14:30:00,5258.0,5258.0,5258.0,5258.0,0.0,0.0,15.0
2022-06-02 14:35:00,5258.0,5258.0,5258.0,5258.0,0.0,0.0,15.0
2022-06-02 14:40:00,5258.0,5258.0,5258.0,5258.0,0.0,0.0,15.0
2022-06-02 14:45:00,5258.0,5258.0,5258.0,5258.0,0.0,0.0,15.0
2022-06-02 14:50:00,5258.0,5258.0,5258.0,5258.0,0.0,0.0,15.0
2022-06-02 14:55:00,5258.0,5258.0,5258.0,5258.0,0.0,0.0,15.0
2022-06-06 09:00:00,5258.0,5258.0,5258.0,5258.0,0.0,0.0,15.0
2022-06-06 09:05:00,5261.0,5261.0,5261.0,5261.0,1.0,52610.0,15.0
2022-06-06 09:10:00,5261.0,5261.0,5261.0,5261.0,0.0,0.0,15.0
2022-06-06 09:15:00,5261.0,5261.0,5261.0,5261.0,0.0,0.0,15.0
2022-06-06 09:20:00,5261.0,5261.0,5261.0,5261.0,0.0,0.0,15.0
2022-06-06 09:25:00,5261.0,5290.0,5261.0,5290.0,3.0,158700.0,13.0
2022-06-06 09:30:00,5290.0,5290.0,5290.0,5290.0,0.0,0.0,13.0
2022-06-06 09:35:00,5290.0,5290.0,5290.0,5290.0,0.0,0.0,13.0
2022-06-06 09:40:00,5290.0,5290.0,5290.0,5290.0,0.0,0.0,13.0
2022-06-06 09:45:00,5290.0,5290.0,5290.0,5290.0,0.0,0.0,13.0
2022-06-06 09:50:00,5290.0,5290.0,5290.0,5290.0,0.0,0.0,13.0
2022-06-06 09:55:00,5290.0,5290.0,5290.0,5290.0,0.0,0.0,13.0
2022-06-06 10:00:00,5290.0,5290.0,5290.0,5290.0,0.0,0.0,13.0
2022-06-06 10:05:00,5290.0,5344.0,5290.0,5344.0,1.0,53440.0,13.0
2022-06-06 10:10:00,5344.0,5344.0,5344.0,5344.0,0.0,0.0,13.0
2022-06-06 10:30:00,5344.0,5344.0,5344.0,5344.0,0.0,0.0,13.0
2022-06-06 10:35:00,5344.0,5344.0,5344.0,5344.0,0.0,0.0,13.0
2022-06-06 10:40:00,5344.0,5344.0,5344.0,5344.0,0.0,0.0,13.0
2022-06-06 10:45:00,5344.0,5344.0,5344.0,5344.0,0.0,0.0,13.0
2022-06-06 10:50:00,5344.0,5344.0,5344.0,5344.0,0.0,0.0,13.0
2022-06-06 10:55:00,5344.0,5344.0,5344.0,5344.0,0.0,0.0,13.0
2022-06-06 11:00:00,5344.0,5344.0,5344.0,5344.0,0.0,0.0,13.0
2022-06-06 11:05:00,5344.0,5344.0,5344.0,5344.0,0.0,0.0,13.0
2022-06-06 11:10:00,5344.0,5344.0,5344.0,5344.0,0.0,0.0,13.0
2022-06-06 11:15:00,5344.0,5344.0,5344.0,5344.0,0.0,0.0,13.0
2022-06-06 11:20:00,5344.0,5344.0,5344.0,5344.0,0.0,0.0,13.0
2022-06-06 11:25:00,5344.0,5344.0,5344.0,5344.0,0.0,0.0,13.0
2022-06-06 13:30:00,5344.0,5344.0,5344.0,5344.0,0.0,0.0,13.0
2022-06-06 13:35:00,5344.0,5344.0,5344.0,5344.0,0.0,0.0,13.0
2022-06-06 13:40:00,5344.0,5344.0,5344.0,5344.0,0.0,0.0,13.0
2022-06-06 13:45:00,5344.0,5344.0,5344.0,5344.0,0.0,0.0,13.0
2022-06-06 13:50:00,5344.0,5344.0,5344.0,5344.0,0.0,0.0,13.0
2022-06-06 13:55:00,5344.0,5344.0,5344.0,5344.0,0.0,0.0,13.0
2022-06-06 14:00:00,5344.0,5344.0,5344.0,5344.0,0.0,0.0,13.0
2022-06-06 14:05:00,5344.0,5382.0,5289.0,5382.0,3.0,159780.0,12.0
2022-06-06 14:10:00,5382.0,5382.0,5313.0,5313.0,1.0,53130.0,11.0
2022-06-06 14:15:00,5313.0,5313.0,5313.0,5313.0,0.0,0.0,11.0
2022-06-06 14:20:00,5313.0,5313.0,5313.0,5313.0,0.0,0.0,11.0
2022-06-06 14:25:00,5313.0,5313.0,5313.0,5313.0,0.0,0.0,11.0
2022-06-06 14:30:00,5313.0,5313.0,5313.0,5313.0,0.0,0.0,11.0
2022-06-06 14:35:00,5313.0,5313.0,5313.0,5313.0,0.0,0.0,11.0
2022-06-06 14:40:00,5313.0,5313.0,5313.0,5313.0,0.0,0.0,11.0
2022-06-06 14:45:00,5313.0,5313.0,5313.0,5313.0,0.0,0.0,11.0
2022-06-06 14:50:00,5313.0,5313.0,5313.0,5313.0,0.0,0.0,11.0
2022-06-06 14:55:00,5313.0,5313.0,5313.0,5313.0,0.0,0.0,11.0
2022-06-06 21:00:00,5313.0,5313.0,5313.0,5313.0,0.0,0.0,11.0
2022-06-06 21:05:00,5313.0,5313.0,5313.0,5313.0,0.0,0.0,11.0
2022-06-06 21:10:00,5313.0,5313.0,5313.0,5313.0,0.0,0.0,11.0
2022-06-06 21:15:00,5313.0,5313.0,5313.0,5313.0,0.0,0.0,11.0
2022-06-06 21:20:00,5313.0,5313.0,5313.0,5313.0,0.0,0.0,11.0
2022-06-06 21:25:00,5313.0,5313.0,5313.0,5313.0,0.0,0.0,11.0
2022-06-06 21:30:00,5313.0,5316.0,5313.0,5316.0,1.0,53160.0,11.0
2022-06-06 21:35:00,5316.0,5316.0,5316.0,5316.0,0.0,0.0,11.0
2022-06-06 21:40:00,5316.0,5316.0,5316.0,5316.0,0.0,0.0,11.0
2022-06-06 21:45:00,5316.0,5316.0,5316.0,5316.0,0.0,0.0,11.0
2022-06-06 21:50:00,5316.0,5316.0,5316.0,5316.0,0.0,0.0,11.0
2022-06-06 21:55:00,5316.0,5316.0,5316.0,5316.0,0.0,0.0,11.0
2022-06-06 22:00:00,5316.0,5316.0,5316.0,5316.0,0.0,0.0,11.0
2022-06-06 22:05:00,5316.0,5316.0,5316.0,5316.0,0.0,0.0,11.0
2022-06-06 22:10:00,5316.0,5316.0,5316.0,5316.0,0.0,0.0,11.0
2022-06-06 22:15:00,5316.0,5316.0,5316.0,5316.0,0.0,0.0,11.0
2022-06-06 22:20:00,5316.0,5316.0,5316.0,5316.0,0.0,0.0,11.0
2022-06-06 22:25:00,5316.0,5316.0,5316.0,5316.0,0.0,0.0,11.0
2022-06-06 22:30:00,5316.0,5316.0,5316.0,5316.0,0.0,0.0,11.0
2022-06-06 22:35:00,5316.0,5316.0,5316.0,5316.0,0.0,0.0,11.0
2022-06-06 22:40:00,5316.0,5316.0,5316.0,5316.0,0.0,0.0,11.0
2022-06-06 22:45:00,5316.0,5316.0,5316.0,5316.0,0.0,0.0,11.0
2022-06-06 22:50:00,5316.0,5316.0,5316.0,5316.0,0.0,0.0,11.0
2022-06-06 22:55:00,5316.0,5316.0,5316.0,5316.0,0.0,0.0,11.0
2022-06-07 09:00:00,5316.0,5316.0,5316.0,5316.0,0.0,0.0,11.0
2022-06-07 09:05:00,5316.0,5316.0,5316.0,5316.0,0.0,0.0,11.0
2022-06-07 09:10:00,5316.0,5316.0,5316.0,5316.0,0.0,0.0,11.0
2022-06-07 09:15:00,5316.0,5316.0,5316.0,5316.0,0.0,0.0,11.0
2022-06-07 09:20:00,5316.0,5316.0,5316.0,5316.0,0.0,0.0,11.0
2022-06-07 09:25:00,5316.0,5316.0,5316.0,5316.0,0.0,0.0,11.0
2022-06-07 09:30:00,5316.0,5316.0,5316.0,5316.0,0.0,0.0,11.0
2022-06-07 09:35:00,5316.0,5316.0,5316.0,5316.0,0.0,0.0,11.0
2022-06-07 09:40:00,5316.0,5316.0,5316.0,5316.0,0.0,0.0,11.0
2022-06-07 09:45:00,5316.0,5316.0,5316.0,5316.0,0.0,0.0,11.0
2022-06-07 09:50:00,5316.0,5316.0,5316.0,5316.0,0.0,0.0,11.0
2022-06-07 09:55:00,5316.0,5316.0,5316.0,5316.0,0.0,0.0,11.0
2022-06-07 10:00:00,5316.0,5316.0,5316.0,5316.0,0.0,0.0,11.0
2022-06-07 10:05:00,5316.0,5316.0,5316.0,5316.0,0.0,0.0,11.0
2022-06-07 10:10:00,5316.0,5316.0,5316.0,5316.0,0.0,0.0,11.0
2022-06-07 10:30:00,5316.0,5316.0,5316.0,5316.0,0.0,0.0,11.0
2022-06-07 10:35:00,5316.0,5316.0,5316.0,5316.0,0.0,0.0,11.0
2022-06-07 10:40:00,5316.0,5316.0,5316.0,5316.0,0.0,0.0,11.0
2022-06-07 10:45:00,5316.0,5316.0,5293.0,5293.0,1.0,52930.0,11.0
2022-06-07 10:50:00,5293.0,5293.0,5293.0,5293.0,0.0,0.0,11.0
2022-06-07 10:55:00,5293.0,5293.0,5293.0,5293.0,0.0,0.0,11.0
2022-06-07 11:00:00,5293.0,5293.0,5293.0,5293.0,0.0,0.0,11.0
2022-06-07 11:05:00,5293.0,5293.0,5293.0,5293.0,0.0,0.0,11.0
2022-06-07 11:10:00,5293.0,5293.0,5293.0,5293.0,0.0,0.0,11.0
2022-06-07 11:15:00,5293.0,5293.0,5293.0,5293.0,0.0,0.0,11.0
2022-06-07 11:20:00,5293.0,5293.0,5293.0,5293.0,0.0,0.0,11.0
2022-06-07 11:25:00,5293.0,5293.0,5293.0,5293.0,0.0,0.0,11.0
2022-06-07 13:30:00,5293.0,5293.0,5293.0,5293.0,0.0,0.0,11.0
2022-06-07 13:35:00,5293.0,5293.0,5293.0,5293.0,0.0,0.0,11.0
2022-06-07 13:40:00,5293.0,5293.0,5293.0,5293.0,0.0,0.0,11.0
2022-06-07 13:45:00,5293.0,5293.0,5293.0,5293.0,0.0,0.0,11.0
2022-06-07 13:50:00,5293.0,5293.0,5293.0,5293.0,0.0,0.0,11.0
2022-06-07 13:55:00,5293.0,5293.0,5293.0,5293.0,0.0,0.0,11.0
2022-06-07 14:00:00,5293.0,5293.0,5293.0,5293.0,0.0,0.0,11.0
2022-06-07 14:05:00,5293.0,5293.0,5293.0,5293.0,0.0,0.0,11.0
2022-06-07 14:10:00,5293.0,5293.0,5293.0,5293.0,0.0,0.0,11.0
2022-06-07 14:15:00,5293.0,5293.0,5293.0,5293.0,0.0,0.0,11.0
2022-06-07 14:20:00,5293.0,5293.0,5293.0,5293.0,0.0,0.0,11.0
2022-06-07 14:25:00,5293.0,5293.0,5293.0,5293.0,0.0,0.0,11.0
2022-06-07 14:30:00,5293.0,5293.0,5293.0,5293.0,0.0,0.0,11.0
2022-06-07 14:35:00,5293.0,5293.0,5293.0,5293.0,0.0,0.0,11.0
2022-06-07 14:40:00,5293.0,5293.0,5293.0,5293.0,0.0,0.0,11.0
2022-06-07 14:45:00,5293.0,5293.0,5293.0,5293.0,0.0,0.0,11.0
2022-06-07 14:50:00,5293.0,5293.0,5269.0,5269.0,1.0,52690.0,12.0
2022-06-07 14:55:00,5269.0,5269.0,5269.0,5269.0,0.0,0.0,12.0
2022-06-07 21:00:00,5269.0,5269.0,5269.0,5269.0,0.0,0.0,12.0
2022-06-07 21:05:00,5269.0,5269.0,5269.0,5269.0,0.0,0.0,12.0
2022-06-07 21:10:00,5269.0,5269.0,5269.0,5269.0,0.0,0.0,12.0
2022-06-07 21:15:00,5269.0,5269.0,5269.0,5269.0,0.0,0.0,12.0
2022-06-07 21:20:00,5269.0,5269.0,5269.0,5269.0,0.0,0.0,12.0
2022-06-07 21:25:00,5269.0,5269.0,5269.0,5269.0,0.0,0.0,12.0
2022-06-07 21:30:00,5269.0,5269.0,5269.0,5269.0,0.0,0.0,12.0
2022-06-07 21:35:00,5269.0,5269.0,5269.0,5269.0,0.0,0.0,12.0
2022-06-07 21:40:00,5269.0,5269.0,5269.0,5269.0,0.0,0.0,12.0
2022-06-07 21:45:00,5269.0,5269.0,5269.0,5269.0,0.0,0.0,12.0
2022-06-07 21:50:00,5269.0,5269.0,5269.0,5269.0,0.0,0.0,12.0
2022-06-07 21:55:00,5269.0,5269.0,5269.0,5269.0,0.0,0.0,12.0
2022-06-07 22:00:00,5269.0,5269.0,5269.0,5269.0,0.0,0.0,12.0
2022-06-07 22:05:00,5269.0,5269.0,5269.0,5269.0,0.0,0.0,12.0
2022-06-07 22:10:00,5269.0,5269.0,5269.0,5269.0,0.0,0.0,12.0
2022-06-07 22:15:00,5269.0,5338.0,5269.0,5338.0,1.0,53380.0,11.0
2022-06-07 22:20:00,5338.0,5338.0,5338.0,5338.0,0.0,0.0,11.0
2022-06-07 22:25:00,5338.0,5338.0,5338.0,5338.0,0.0,0.0,11.0
2022-06-07 22:30:00,5338.0,5338.0,5338.0,5338.0,0.0,0.0,11.0
2022-06-07 22:35:00,5338.0,5338.0,5301.0,5301.0,2.0,106020.0,10.0
2022-06-07 22:40:00,5301.0,5301.0,5301.0,5301.0,0.0,0.0,10.0
2022-06-07 22:45:00,5301.0,5301.0,5301.0,5301.0,0.0,0.0,10.0
2022-06-07 22:50:00,5301.0,5301.0,5301.0,5301.0,0.0,0.0,10.0
2022-06-07 22:55:00,5301.0,5301.0,5301.0,5301.0,0.0,0.0,10.0
2022-06-08 09:00:00,5301.0,5301.0,5301.0,5301.0,0.0,0.0,10.0
2022-06-08 09:05:00,5301.0,5301.0,5301.0,5301.0,0.0,0.0,10.0
2022-06-08 09:10:00,5301.0,5405.0,5301.0,5405.0,1.0,54050.0,11.0
2022-06-08 09:15:00,5405.0,5405.0,5405.0,5405.0,0.0,0.0,11.0
2022-06-08 09:20:00,5405.0,5405.0,5405.0,5405.0,0.0,0.0,11.0
2022-06-08 09:25:00,5405.0,5405.0,5405.0,5405.0,0.0,0.0,11.0
2022-06-08 09:30:00,5405.0,5405.0,5405.0,5405.0,0.0,0.0,11.0
2022-06-08 09:35:00,5405.0,5405.0,5405.0,5405.0,0.0,0.0,11.0
2022-06-08 09:40:00,5405.0,5405.0,5405.0,5405.0,0.0,0.0,11.0
2022-06-08 09:45:00,5405.0,5405.0,5405.0,5405.0,0.0,0.0,11.0
2022-06-08 09:50:00,5405.0,5405.0,5405.0,5405.0,0.0,0.0,11.0
2022-06-08 09:55:00,5405.0,5405.0,5405.0,5405.0,0.0,0.0,11.0
2022-06-08 10:00:00,5405.0,5405.0,5405.0,5405.0,0.0,0.0,11.0
2022-06-08 10:05:00,5405.0,5405.0,5405.0,5405.0,0.0,0.0,11.0
2022-06-08 10:10:00,5405.0,5405.0,5405.0,5405.0,0.0,0.0,11.0
2022-06-08 10:30:00,5405.0,5405.0,5405.0,5405.0,0.0,0.0,11.0
2022-06-08 10:35:00,5405.0,5405.0,5405.0,5405.0,0.0,0.0,11.0
2022-06-08 10:40:00,5405.0,5405.0,5405.0,5405.0,0.0,0.0,11.0
2022-06-08 10:45:00,5405.0,5405.0,5405.0,5405.0,0.0,0.0,11.0
2022-06-08 10:50:00,5405.0,5405.0,5405.0,5405.0,0.0,0.0,11.0
2022-06-08 10:55:00,5405.0,5405.0,5405.0,5405.0,0.0,0.0,11.0
2022-06-08 11:00:00,5405.0,5405.0,5405.0,5405.0,0.0,0.0,11.0
2022-06-08 11:05:00,5405.0,5405.0,5405.0,5405.0,0.0,0.0,11.0
2022-06-08 11:10:00,5405.0,5405.0,5405.0,5405.0,0.0,0.0,11.0
2022-06-08 11:15:00,5405.0,5405.0,5405.0,5405.0,0.0,0.0,11.0
2022-06-08 11:20:00,5405.0,5405.0,5405.0,5405.0,0.0,0.0,11.0
2022-06-08 11:25:00,5405.0,5405.0,5405.0,5405.0,0.0,0.0,11.0
2022-06-08 13:30:00,5405.0,5405.0,5405.0,5405.0,0.0,0.0,11.0
2022-06-08 13:35:00,5405.0,5405.0,5405.0,5405.0,0.0,0.0,11.0
2022-06-08 13:40:00,5405.0,5405.0,5405.0,5405.0,0.0,0.0,11.0
2022-06-08 13:45:00,5405.0,5405.0,5405.0,5405.0,0.0,0.0,11.0
2022-06-08 13:50:00,5405.0,5405.0,5405.0,5405.0,0.0,0.0,11.0
2022-06-08 13:55:00,5405.0,5405.0,5405.0,5405.0,0.0,0.0,11.0
2022-06-08 14:00:00,5405.0,5405.0,5405.0,5405.0,0.0,0.0,11.0
2022-06-08 14:05:00,5405.0,5405.0,5405.0,5405.0,0.0,0.0,11.0
2022-06-08 14:10:00,5405.0,5405.0,5405.0,5405.0,0.0,0.0,11.0
2022-06-08 14:15:00,5405.0,5405.0,5405.0,5405.0,0.0,0.0,11.0
2022-06-08 14:20:00,5405.0,5405.0,5405.0,5405.0,0.0,0.0,11.0
2022-06-08 14:25:00,5405.0,5405.0,5405.0,5405.0,0.0,0.0,11.0
2022-06-08 14:30:00,5405.0,5405.0,5405.0,5405.0,0.0,0.0,11.0
2022-06-08 14:35:00,5405.0,5405.0,5405.0,5405.0,0.0,0.0,11.0
2022-06-08 14:40:00,5405.0,5405.0,5405.0,5405.0,0.0,0.0,11.0
2022-06-08 14:45:00,5405.0,5405.0,5405.0,5405.0,0.0,0.0,11.0
2022-06-08 14:50:00,5405.0,5405.0,5405.0,5405.0,0.0,0.0,11.0
2022-06-08 14:55:00,5405.0,5405.0,5405.0,5405.0,0.0,0.0,11.0
2022-06-08 21:00:00,5405.0,5405.0,5405.0,5405.0,0.0,0.0,11.0
2022-06-08 21:05:00,5405.0,5405.0,5405.0,5405.0,0.0,0.0,11.0
2022-06-08 21:10:00,5405.0,5405.0,5405.0,5405.0,0.0,0.0,11.0
2022-06-08 21:15:00,5405.0,5405.0,5405.0,5405.0,0.0,0.0,11.0
2022-06-08 21:20:00,5405.0,5405.0,5405.0,5405.0,0.0,0.0,11.0
2022-06-08 21:25:00,5405.0,5405.0,5405.0,5405.0,0.0,0.0,11.0
2022-06-08 21:30:00,5405.0,5405.0,5405.0,5405.0,0.0,0.0,11.0
2022-06-08 21:35:00,5405.0,5405.0,5405.0,5405.0,0.0,0.0,11.0
2022-06-08 21:40:00,5405.0,5405.0,5405.0,5405.0,0.0,0.0,11.0
2022-06-08 21:45:00,5405.0,5405.0,5405.0,5405.0,0.0,0.0,11.0
2022-06-08 21:50:00,5405.0,5405.0,5405.0,5405.0,0.0,0.0,11.0
2022-06-08 21:55:00,5405.0,5405.0,5405.0,5405.0,0.0,0.0,11.0
2022-06-08 22:00:00,5405.0,5405.0,5405.0,5405.0,0.0,0.0,11.0
2022-06-08 22:05:00,5405.0,5405.0,5405.0,5405.0,0.0,0.0,11.0
2022-06-08 22:10:00,5405.0,5405.0,5405.0,5405.0,0.0,0.0,11.0
2022-06-08 22:15:00,5405.0,5405.0,5405.0,5405.0,0.0,0.0,11.0
2022-06-08 22:20:00,5405.0,5405.0,5405.0,5405.0,0.0,0.0,11.0
2022-06-08 22:25:00,5405.0,5405.0,5405.0,5405.0,0.0,0.0,11.0
2022-06-08 22:30:00,5405.0,5405.0,5405.0,5405.0,0.0,0.0,11.0
2022-06-08 22:35:00,5405.0,5405.0,5405.0,5405.0,0.0,0.0,11.0
2022-06-08 22:40:00,5405.0,5405.0,5405.0,5405.0,0.0,0.0,11.0
2022-06-08 22:45:00,5405.0,5405.0,5405.0,5405.0,0.0,0.0,11.0
2022-06-08 22:50:00,5405.0,5405.0,5405.0,5405.0,0.0,0.0,11.0
2022-06-08 22:55:00,5405.0,5405.0,5405.0,5405.0,0.0,0.0,11.0
2022-06-09 09:00:00,5405.0,5405.0,5405.0,5405.0,0.0,0.0,11.0
2022-06-09 09:05:00,5405.0,5405.0,5405.0,5405.0,0.0,0.0,11.0
2022-06-09 09:10:00,5405.0,5405.0,5405.0,5405.0,0.0,0.0,11.0
2022-06-09 09:15:00,5405.0,5405.0,5405.0,5405.0,0.0,0.0,11.0
2022-06-09 09:20:00,5405.0,5405.0,5405.0,5405.0,0.0,0.0,11.0
2022-06-09 09:25:00,5405.0,5405.0,5405.0,5405.0,0.0,0.0,11.0
2022-06-09 09:30:00,5405.0,5405.0,5405.0,5405.0,0.0,0.0,11.0
2022-06-09 09:35:00,5405.0,5405.0,5405.0,5405.0,0.0,0.0,11.0
2022-06-09 09:40:00,5405.0,5405.0,5405.0,5405.0,0.0,0.0,11.0
2022-06-09 09:45:00,5405.0,5405.0,5405.0,5405.0,0.0,0.0,11.0
2022-06-09 09:50:00,5405.0,5405.0,5405.0,5405.0,0.0,0.0,11.0
2022-06-09 09:55:00,5405.0,5405.0,5405.0,5405.0,0.0,0.0,11.0
2022-06-09 10:00:00,5405.0,5405.0,5405.0,5405.0,0.0,0.0,11.0
2022-06-09 10:05:00,5405.0,5405.0,5405.0,5405.0,0.0,0.0,11.0
2022-06-09 10:10:00,5405.0,5405.0,5405.0,5405.0,0.0,0.0,11.0
2022-06-09 10:30:00,5405.0,5405.0,5405.0,5405.0,0.0,0.0,11.0
2022-06-09 10:35:00,5405.0,5405.0,5405.0,5405.0,0.0,0.0,11.0
2022-06-09 10:40:00,5405.0,5405.0,5405.0,5405.0,0.0,0.0,11.0
2022-06-09 10:45:00,5405.0,5405.0,5405.0,5405.0,0.0,0.0,11.0
2022-06-09 10:50:00,5405.0,5405.0,5405.0,5405.0,0.0,0.0,11.0
2022-06-09 10:55:00,5405.0,5405.0,5405.0,5405.0,0.0,0.0,11.0
2022-06-09 11:00:00,5405.0,5405.0,5405.0,5405.0,0.0,0.0,11.0
2022-06-09 11:05:00,5405.0,5405.0,5405.0,5405.0,0.0,0.0,11.0
2022-06-09 11:10:00,5405.0,5405.0,5405.0,5405.0,0.0,0.0,11.0
2022-06-09 11:15:00,5405.0,5405.0,5405.0,5405.0,0.0,0.0,11.0
2022-06-09 11:20:00,5405.0,5405.0,5405.0,5405.0,0.0,0.0,11.0
2022-06-09 11:25:00,5405.0,5405.0,5405.0,5405.0,0.0,0.0,11.0
2022-06-09 13:30:00,5405.0,5405.0,5405.0,5405.0,0.0,0.0,11.0
2022-06-09 13:35:00,5405.0,5405.0,5405.0,5405.0,0.0,0.0,11.0
2022-06-09 13:40:00,5405.0,5405.0,5405.0,5405.0,0.0,0.0,11.0
2022-06-09 13:45:00,5405.0,5405.0,5405.0,5405.0,0.0,0.0,11.0
2022-06-09 13:50:00,5405.0,5405.0,5405.0,5405.0,0.0,0.0,11.0
2022-06-09 13:55:00,5405.0,5405.0,5405.0,5405.0,0.0,0.0,11.0
2022-06-09 14:00:00,5405.0,5405.0,5405.0,5405.0,0.0,0.0,11.0
2022-06-09 14:05:00,5405.0,5405.0,5405.0,5405.0,0.0,0.0,11.0
2022-06-09 14:10:00,5405.0,5405.0,5405.0,5405.0,0.0,0.0,11.0
2022-06-09 14:15:00,5405.0,5405.0,5405.0,5405.0,0.0,0.0,11.0
2022-06-09 14:20:00,5405.0,5405.0,5405.0,5405.0,0.0,0.0,11.0
2022-06-09 14:25:00,5405.0,5405.0,5405.0,5405.0,0.0,0.0,11.0
2022-06-09 14:30:00,5405.0,5405.0,5405.0,5405.0,0.0,0.0,11.0
2022-06-09 14:35:00,5405.0,5405.0,5405.0,5405.0,0.0,0.0,11.0
2022-06-09 14:40:00,5405.0,5405.0,5405.0,5405.0,0.0,0.0,11.0
2022-06-09 14:45:00,5405.0,5405.0,5405.0,5405.0,0.0,0.0,11.0
2022-06-09 14:50:00,5405.0,5405.0,5405.0,5405.0,0.0,0.0,11.0
2022-06-09 14:55:00,5405.0,5405.0,5405.0,5405.0,0.0,0.0,11.0
2022-06-09 21:00:00,5336.0,5336.0,5336.0,5336.0,0.0,0.0,11.0
2022-06-09 21:05:00,5336.0,5336.0,5336.0,5336.0,0.0,0.0,11.0
2022-06-09 21:10:00,5336.0,5336.0,5336.0,5336.0,0.0,0.0,11.0
2022-06-09 21:15:00,5336.0,5336.0,5336.0,5336.0,0.0,0.0,11.0
2022-06-09 21:20:00,5336.0,5336.0,5336.0,5336.0,0.0,0.0,11.0
2022-06-09 21:25:00,5336.0,5336.0,5336.0,5336.0,0.0,0.0,11.0
2022-06-09 21:30:00,5336.0,5336.0,5336.0,5336.0,0.0,0.0,11.0
2022-06-09 21:35:00,5336.0,5336.0,5336.0,5336.0,0.0,0.0,11.0
2022-06-09 21:40:00,5336.0,5336.0,5336.0,5336.0,0.0,0.0,11.0
2022-06-09 21:45:00,5336.0,5336.0,5336.0,5336.0,0.0,0.0,11.0
2022-06-09 21:50:00,5336.0,5336.0,5336.0,5336.0,0.0,0.0,11.0
2022-06-09 21:55:00,5336.0,5336.0,5336.0,5336.0,0.0,0.0,11.0
2022-06-09 22:00:00,5336.0,5336.0,5336.0,5336.0,0.0,0.0,11.0
2022-06-09 22:05:00,5336.0,5336.0,5336.0,5336.0,0.0,0.0,11.0
2022-06-09 22:10:00,5336.0,5336.0,5336.0,5336.0,0.0,0.0,11.0
2022-06-09 22:15:00,5336.0,5336.0,5336.0,5336.0,0.0,0.0,11.0
2022-06-09 22:20:00,5336.0,5336.0,5336.0,5336.0,0.0,0.0,11.0
2022-06-09 22:25:00,5336.0,5336.0,5336.0,5336.0,0.0,0.0,11.0
2022-06-09 22:30:00,5336.0,5336.0,5336.0,5336.0,0.0,0.0,11.0
2022-06-09 22:35:00,5336.0,5336.0,5336.0,5336.0,0.0,0.0,11.0
2022-06-09 22:40:00,5336.0,5336.0,5336.0,5336.0,0.0,0.0,11.0
2022-06-09 22:45:00,5336.0,5336.0,5336.0,5336.0,0.0,0.0,11.0
2022-06-09 22:50:00,5336.0,5336.0,5336.0,5336.0,0.0,0.0,11.0
2022-06-09 22:55:00,5336.0,5336.0,5336.0,5336.0,0.0,0.0,11.0
2022-06-10 09:00:00,5336.0,5336.0,5336.0,5336.0,0.0,0.0,11.0
2022-06-10 09:05:00,5336.0,5336.0,5336.0,5336.0,0.0,0.0,11.0
2022-06-10 09:10:00,5336.0,5336.0,5336.0,5336.0,0.0,0.0,11.0
2022-06-10 09:15:00,5336.0,5336.0,5336.0,5336.0,0.0,0.0,11.0
2022-06-10 09:20:00,5336.0,5336.0,5336.0,5336.0,0.0,0.0,11.0
2022-06-10 09:25:00,5336.0,5336.0,5336.0,5336.0,0.0,0.0,11.0
2022-06-10 09:30:00,5336.0,5336.0,5336.0,5336.0,0.0,0.0,11.0
2022-06-10 09:35:00,5336.0,5336.0,5336.0,5336.0,0.0,0.0,11.0
2022-06-10 09:40:00,5336.0,5336.0,5336.0,5336.0,0.0,0.0,11.0
2022-06-10 09:45:00,5336.0,5336.0,5336.0,5336.0,0.0,0.0,11.0
2022-06-10 09:50:00,5336.0,5336.0,5336.0,5336.0,0.0,0.0,11.0
2022-06-10 09:55:00,5336.0,5336.0,5336.0,5336.0,0.0,0.0,11.0
2022-06-10 10:00:00,5336.0,5336.0,5336.0,5336.0,0.0,0.0,11.0
2022-06-10 10:05:00,5336.0,5336.0,5336.0,5336.0,0.0,0.0,11.0
2022-06-10 10:10:00,5336.0,5336.0,5336.0,5336.0,0.0,0.0,11.0
2022-06-10 10:30:00,5336.0,5336.0,5336.0,5336.0,0.0,0.0,11.0
2022-06-10 10:35:00,5336.0,5336.0,5336.0,5336.0,0.0,0.0,11.0
2022-06-10 10:40:00,5336.0,5336.0,5336.0,5336.0,0.0,0.0,11.0
2022-06-10 10:45:00,5336.0,5336.0,5336.0,5336.0,0.0,0.0,11.0
2022-06-10 10:50:00,5336.0,5336.0,5336.0,5336.0,0.0,0.0,11.0
2022-06-10 10:55:00,5336.0,5336.0,5336.0,5336.0,0.0,0.0,11.0
2022-06-10 11:00:00,5336.0,5336.0,5336.0,5336.0,0.0,0.0,11.0
2022-06-10 11:05:00,5336.0,5336.0,5336.0,5336.0,0.0,0.0,11.0
2022-06-10 11:10:00,5336.0,5336.0,5336.0,5336.0,0.0,0.0,11.0
2022-06-10 11:15:00,5336.0,5336.0,5336.0,5336.0,0.0,0.0,11.0
2022-06-10 11:20:00,5336.0,5336.0,5336.0,5336.0,0.0,0.0,11.0
2022-06-10 11:25:00,5336.0,5336.0,5336.0,5336.0,0.0,0.0,11.0
2022-06-10 13:30:00,5336.0,5336.0,5336.0,5336.0,0.0,0.0,11.0
2022-06-10 13:35:00,5336.0,5336.0,5336.0,5336.0,0.0,0.0,11.0
2022-06-10 13:40:00,5336.0,5336.0,5336.0,5336.0,0.0,0.0,11.0
2022-06-10 13:45:00,5336.0,5425.0,5336.0,5425.0,1.0,54250.0,12.0
2022-06-10 13:50:00,5425.0,5425.0,5425.0,5425.0,0.0,0.0,12.0
2022-06-10 13:55:00,5425.0,5425.0,5425.0,5425.0,0.0,0.0,12.0
2022-06-10 14:00:00,5425.0,5425.0,5425.0,5425.0,0.0,0.0,12.0
2022-06-10 14:05:00,5425.0,5425.0,5425.0,5425.0,0.0,0.0,12.0
2022-06-10 14:10:00,5425.0,5425.0,5425.0,5425.0,0.0,0.0,12.0
2022-06-10 14:15:00,5425.0,5425.0,5425.0,5425.0,0.0,0.0,12.0
2022-06-10 14:20:00,5425.0,5425.0,5425.0,5425.0,0.0,0.0,12.0
2022-06-10 14:25:00,5425.0,5425.0,5425.0,5425.0,0.0,0.0,12.0
2022-06-10 14:30:00,5425.0,5425.0,5425.0,5425.0,0.0,0.0,12.0
2022-06-10 14:35:00,5425.0,5425.0,5425.0,5425.0,0.0,0.0,12.0
2022-06-10 14:40:00,5425.0,5425.0,5425.0,5425.0,0.0,0.0,12.0
2022-06-10 14:45:00,5425.0,5425.0,5425.0,5425.0,0.0,0.0,12.0
2022-06-10 14:50:00,5425.0,5425.0,5425.0,5425.0,0.0,0.0,12.0
2022-06-10 14:55:00,5425.0,5425.0,5425.0,5425.0,0.0,0.0,12.0
2022-06-10 21:00:00,5425.0,5425.0,5425.0,5425.0,0.0,0.0,12.0
2022-06-10 21:05:00,5425.0,5425.0,5425.0,5425.0,0.0,0.0,12.0
2022-06-10 21:10:00,5425.0,5425.0,5425.0,5425.0,0.0,0.0,12.0
2022-06-10 21:15:00,5425.0,5425.0,5425.0,5425.0,0.0,0.0,12.0
2022-06-10 21:20:00,5425.0,5425.0,5425.0,5425.0,0.0,0.0,12.0
2022-06-10 21:25:00,5425.0,5425.0,5425.0,5425.0,0.0,0.0,12.0
2022-06-10 21:30:00,5425.0,5425.0,5425.0,5425.0,0.0,0.0,12.0
2022-06-10 21:35:00,5425.0,5425.0,5425.0,5425.0,0.0,0.0,12.0
2022-06-10 21:40:00,5425.0,5425.0,5425.0,5425.0,0.0,0.0,12.0
2022-06-10 21:45:00,5425.0,5425.0,5425.0,5425.0,0.0,0.0,12.0
2022-06-10 21:50:00,5425.0,5425.0,5425.0,5425.0,0.0,0.0,12.0
2022-06-10 21:55:00,5425.0,5425.0,5425.0,5425.0,0.0,0.0,12.0
2022-06-10 22:00:00,5425.0,5425.0,5425.0,5425.0,0.0,0.0,12.0
2022-06-10 22:05:00,5425.0,5425.0,5425.0,5425.0,0.0,0.0,12.0
2022-06-10 22:10:00,5425.0,5425.0,5425.0,5425.0,0.0,0.0,12.0
2022-06-10 22:15:00,5425.0,5425.0,5425.0,5425.0,0.0,0.0,12.0
2022-06-10 22:20:00,5425.0,5425.0,5425.0,5425.0,0.0,0.0,12.0
2022-06-10 22:25:00,5425.0,5425.0,5425.0,5425.0,0.0,0.0,12.0
2022-06-10 22:30:00,5425.0,5425.0,5425.0,5425.0,0.0,0.0,12.0
2022-06-10 22:35:00,5425.0,5425.0,5425.0,5425.0,0.0,0.0,12.0
2022-06-10 22:40:00,5425.0,5425.0,5425.0,5425.0,0.0,0.0,12.0
2022-06-10 22:45:00,5425.0,5425.0,5425.0,5425.0,0.0,0.0,12.0
2022-06-10 22:50:00,5425.0,5425.0,5425.0,5425.0,0.0,0.0,12.0
2022-06-10 22:55:00,5425.0,5425.0,5425.0,5425.0,0.0,0.0,12.0
2022-06-13 09:00:00,5425.0,5425.0,5425.0,5425.0,0.0,0.0,12.0
2022-06-13 09:05:00,5425.0,5425.0,5425.0,5425.0,0.0,0.0,12.0
2022-06-13 09:10:00,5425.0,5425.0,5425.0,5425.0,0.0,0.0,12.0
2022-06-13 09:15:00,5425.0,5425.0,5425.0,5425.0,0.0,0.0,12.0
2022-06-13 09:20:00,5425.0,5425.0,5425.0,5425.0,0.0,0.0,12.0
2022-06-13 09:25:00,5425.0,5425.0,5425.0,5425.0,0.0,0.0,12.0
2022-06-13 09:30:00,5425.0,5425.0,5425.0,5425.0,0.0,0.0,12.0
2022-06-13 09:35:00,5425.0,5425.0,5425.0,5425.0,0.0,0.0,12.0
2022-06-13 09:40:00,5425.0,5425.0,5425.0,5425.0,0.0,0.0,12.0
2022-06-13 09:45:00,5425.0,5425.0,5425.0,5425.0,0.0,0.0,12.0
2022-06-13 09:50:00,5425.0,5425.0,5425.0,5425.0,0.0,0.0,12.0
2022-06-13 09:55:00,5425.0,5425.0,5425.0,5425.0,0.0,0.0,12.0
2022-06-13 10:00:00,5425.0,5425.0,5425.0,5425.0,0.0,0.0,12.0
2022-06-13 10:05:00,5425.0,5425.0,5425.0,5425.0,0.0,0.0,12.0
2022-06-13 10:10:00,5425.0,5425.0,5425.0,5425.0,0.0,0.0,12.0
2022-06-13 10:30:00,5425.0,5425.0,5425.0,5425.0,0.0,0.0,12.0
2022-06-13 10:35:00,5425.0,5425.0,5425.0,5425.0,0.0,0.0,12.0
2022-06-13 10:40:00,5425.0,5425.0,5425.0,5425.0,0.0,0.0,12.0
2022-06-13 10:45:00,5425.0,5425.0,5425.0,5425.0,0.0,0.0,12.0
2022-06-13 10:50:00,5425.0,5425.0,5425.0,5425.0,0.0,0.0,12.0
2022-06-13 10:55:00,5425.0,5425.0,5425.0,5425.0,0.0,0.0,12.0
2022-06-13 11:00:00,5425.0,5425.0,5425.0,5425.0,0.0,0.0,12.0
2022-06-13 11:05:00,5425.0,5425.0,5425.0,5425.0,0.0,0.0,12.0
2022-06-13 11:10:00,5425.0,5425.0,5425.0,5425.0,0.0,0.0,12.0
2022-06-13 11:15:00,5425.0,5425.0,5425.0,5425.0,0.0,0.0,12.0
2022-06-13 11:20:00,5425.0,5425.0,5425.0,5425.0,0.0,0.0,12.0
2022-06-13 11:25:00,5425.0,5425.0,5425.0,5425.0,0.0,0.0,12.0
2022-06-13 13:30:00,5425.0,5425.0,5425.0,5425.0,0.0,0.0,12.0
2022-06-13 13:35:00,5425.0,5425.0,5425.0,5425.0,0.0,0.0,12.0
2022-06-13 13:40:00,5425.0,5425.0,5425.0,5425.0,0.0,0.0,12.0
2022-06-13 13:45:00,5425.0,5425.0,5425.0,5425.0,0.0,0.0,12.0
2022-06-13 13:50:00,5425.0,5425.0,5425.0,5425.0,0.0,0.0,12.0
2022-06-13 13:55:00,5425.0,5425.0,5425.0,5425.0,0.0,0.0,12.0
2022-06-13 14:00:00,5425.0,5425.0,5425.0,5425.0,0.0,0.0,12.0
2022-06-13 14:05:00,5425.0,5425.0,5425.0,5425.0,0.0,0.0,12.0
2022-06-13 14:10:00,5425.0,5425.0,5425.0,5425.0,0.0,0.0,12.0
2022-06-13 14:15:00,5425.0,5425.0,5425.0,5425.0,0.0,0.0,12.0
2022-06-13 14:20:00,5425.0,5425.0,5425.0,5425.0,0.0,0.0,12.0
2022-06-13 14:25:00,5425.0,5425.0,5425.0,5425.0,0.0,0.0,12.0
2022-06-13 14:30:00,5425.0,5425.0,5425.0,5425.0,0.0,0.0,12.0
2022-06-13 14:35:00,5425.0,5425.0,5425.0,5425.0,0.0,0.0,12.0
2022-06-13 14:40:00,5425.0,5425.0,5425.0,5425.0,0.0,0.0,12.0
2022-06-13 14:45:00,5425.0,5425.0,5425.0,5425.0,0.0,0.0,12.0
2022-06-13 14:50:00,5425.0,5425.0,5425.0,5425.0,0.0,0.0,12.0
2022-06-13 14:55:00,5425.0,5425.0,5425.0,5425.0,0.0,0.0,12.0
2022-06-13 21:00:00,5371.0,5371.0,5371.0,5371.0,0.0,0.0,12.0
2022-06-13 21:05:00,5371.0,5371.0,5371.0,5371.0,0.0,0.0,12.0
2022-06-13 21:10:00,5371.0,5371.0,5371.0,5371.0,0.0,0.0,12.0
2022-06-13 21:15:00,5371.0,5371.0,5371.0,5371.0,0.0,0.0,12.0
2022-06-13 21:20:00,5371.0,5371.0,5371.0,5371.0,0.0,0.0,12.0
2022-06-13 21:25:00,5371.0,5371.0,5371.0,5371.0,0.0,0.0,12.0
2022-06-13 21:30:00,5395.0,5395.0,5371.0,5395.0,1.0,53950.0,12.0
2022-06-13 21:35:00,5395.0,5395.0,5395.0,5395.0,0.0,0.0,12.0
2022-06-13 21:40:00,5395.0,5395.0,5395.0,5395.0,0.0,0.0,12.0
2022-06-13 21:45:00,5395.0,5395.0,5395.0,5395.0,0.0,0.0,12.0
2022-06-13 21:50:00,5395.0,5395.0,5395.0,5395.0,0.0,0.0,12.0
2022-06-13 21:55:00,5395.0,5395.0,5395.0,5395.0,0.0,0.0,12.0
2022-06-13 22:00:00,5395.0,5395.0,5395.0,5395.0,0.0,0.0,12.0
2022-06-13 22:05:00,5395.0,5395.0,5395.0,5395.0,0.0,0.0,12.0
2022-06-13 22:10:00,5395.0,5395.0,5395.0,5395.0,0.0,0.0,12.0
2022-06-13 22:15:00,5395.0,5395.0,5395.0,5395.0,0.0,0.0,12.0
2022-06-13 22:20:00,5395.0,5395.0,5395.0,5395.0,0.0,0.0,12.0
2022-06-13 22:25:00,5395.0,5395.0,5395.0,5395.0,0.0,0.0,12.0
2022-06-13 22:30:00,5395.0,5395.0,5395.0,5395.0,0.0,0.0,12.0
2022-06-13 22:35:00,5395.0,5395.0,5395.0,5395.0,0.0,0.0,12.0
2022-06-13 22:40:00,5395.0,5395.0,5395.0,5395.0,0.0,0.0,12.0
2022-06-13 22:45:00,5395.0,5395.0,5395.0,5395.0,0.0,0.0,12.0
2022-06-13 22:50:00,5395.0,5395.0,5395.0,5395.0,0.0,0.0,12.0
2022-06-13 22:55:00,5395.0,5395.0,5395.0,5395.0,0.0,0.0,12.0
2022-06-14 09:00:00,5395.0,5395.0,5395.0,5395.0,0.0,0.0,12.0
2022-06-14 09:05:00,5395.0,5395.0,5395.0,5395.0,0.0,0.0,12.0
2022-06-14 09:10:00,5395.0,5395.0,5395.0,5395.0,0.0,0.0,12.0
2022-06-14 09:15:00,5395.0,5395.0,5395.0,5395.0,0.0,0.0,12.0
2022-06-14 09:20:00,5395.0,5395.0,5395.0,5395.0,0.0,0.0,12.0
2022-06-14 09:25:00,5395.0,5395.0,5395.0,5395.0,0.0,0.0,12.0
2022-06-14 09:30:00,5395.0,5395.0,5395.0,5395.0,0.0,0.0,12.0
2022-06-14 09:35:00,5395.0,5395.0,5395.0,5395.0,0.0,0.0,12.0
2022-06-14 09:40:00,5395.0,5395.0,5395.0,5395.0,0.0,0.0,12.0
2022-06-14 09:45:00,5395.0,5395.0,5395.0,5395.0,0.0,0.0,12.0
2022-06-14 09:50:00,5395.0,5395.0,5395.0,5395.0,0.0,0.0,12.0
2022-06-14 09:55:00,5395.0,5395.0,5395.0,5395.0,0.0,0.0,12.0
2022-06-14 10:00:00,5395.0,5395.0,5395.0,5395.0,0.0,0.0,12.0
2022-06-14 10:05:00,5395.0,5395.0,5395.0,5395.0,0.0,0.0,12.0
2022-06-14 10:10:00,5395.0,5395.0,5395.0,5395.0,0.0,0.0,12.0
2022-06-14 10:30:00,5395.0,5395.0,5395.0,5395.0,0.0,0.0,12.0
2022-06-14 10:35:00,5395.0,5395.0,5395.0,5395.0,0.0,0.0,12.0
2022-06-14 10:40:00,5395.0,5395.0,5395.0,5395.0,0.0,0.0,12.0
2022-06-14 10:45:00,5395.0,5395.0,5395.0,5395.0,0.0,0.0,12.0
2022-06-14 10:50:00,5395.0,5395.0,5395.0,5395.0,0.0,0.0,12.0
2022-06-14 10:55:00,5395.0,5395.0,5395.0,5395.0,0.0,0.0,12.0
2022-06-14 11:00:00,5395.0,5395.0,5395.0,5395.0,0.0,0.0,12.0
2022-06-14 11:05:00,5395.0,5395.0,5395.0,5395.0,0.0,0.0,12.0
2022-06-14 11:10:00,5395.0,5395.0,5395.0,5395.0,0.0,0.0,12.0
2022-06-14 11:15:00,5395.0,5395.0,5395.0,5395.0,0.0,0.0,12.0
2022-06-14 11:20:00,5395.0,5395.0,5395.0,5395.0,0.0,0.0,12.0
2022-06-14 11:25:00,5395.0,5395.0,5395.0,5395.0,0.0,0.0,12.0
2022-06-14 13:30:00,5395.0,5395.0,5395.0,5395.0,0.0,0.0,12.0
2022-06-14 13:35:00,5395.0,5395.0,5395.0,5395.0,0.0,0.0,12.0
2022-06-14 13:40:00,5395.0,5395.0,5395.0,5395.0,0.0,0.0,12.0
2022-06-14 13:45:00,5395.0,5395.0,5395.0,5395.0,0.0,0.0,12.0
2022-06-14 13:50:00,5395.0,5395.0,5395.0,5395.0,0.0,0.0,12.0
2022-06-14 13:55:00,5395.0,5395.0,5395.0,5395.0,0.0,0.0,12.0
2022-06-14 14:00:00,5395.0,5395.0,5395.0,5395.0,0.0,0.0,12.0
2022-06-14 14:05:00,5395.0,5395.0,5395.0,5395.0,0.0,0.0,12.0
2022-06-14 14:10:00,5395.0,5395.0,5395.0,5395.0,0.0,0.0,12.0
2022-06-14 14:15:00,5395.0,5395.0,5395.0,5395.0,0.0,0.0,12.0
2022-06-14 14:20:00,5395.0,5395.0,5395.0,5395.0,0.0,0.0,12.0
2022-06-14 14:25:00,5395.0,5395.0,5395.0,5395.0,0.0,0.0,12.0
2022-06-14 14:30:00,5395.0,5395.0,5395.0,5395.0,0.0,0.0,12.0
2022-06-14 14:35:00,5395.0,5395.0,5395.0,5395.0,0.0,0.0,12.0
2022-06-14 14:40:00,5395.0,5416.0,5395.0,5416.0,1.0,54160.0,13.0
2022-06-14 14:45:00,5416.0,5416.0,5416.0,5416.0,0.0,0.0,13.0
2022-06-14 14:50:00,5416.0,5416.0,5416.0,5416.0,0.0,0.0,13.0
2022-06-14 14:55:00,5416.0,5416.0,5416.0,5416.0,0.0,0.0,13.0
2022-06-14 21:00:00,5416.0,5416.0,5416.0,5416.0,0.0,0.0,13.0
2022-06-14 21:05:00,5416.0,5416.0,5416.0,5416.0,0.0,0.0,13.0
2022-06-14 21:10:00,5416.0,5416.0,5416.0,5416.0,0.0,0.0,13.0
2022-06-14 21:15:00,5416.0,5416.0,5416.0,5416.0,0.0,0.0,13.0
2022-06-14 21:20:00,5416.0,5416.0,5416.0,5416.0,0.0,0.0,13.0
2022-06-14 21:25:00,5416.0,5416.0,5416.0,5416.0,0.0,0.0,13.0
2022-06-14 21:30:00,5416.0,5416.0,5416.0,5416.0,0.0,0.0,13.0
2022-06-14 21:35:00,5416.0,5469.0,5382.0,5469.0,2.0,108510.0,14.0
2022-06-14 21:40:00,5469.0,5469.0,5399.0,5399.0,5.0,269960.0,18.0
2022-06-14 21:45:00,5399.0,5456.0,5399.0,5456.0,1.0,54560.0,17.0
2022-06-14 21:50:00,5456.0,5456.0,5456.0,5456.0,0.0,0.0,17.0
2022-06-14 21:55:00,5456.0,5456.0,5456.0,5456.0,0.0,0.0,17.0
2022-06-14 22:00:00,5456.0,5456.0,5456.0,5456.0,0.0,0.0,17.0
2022-06-14 22:05:00,5456.0,5456.0,5456.0,5456.0,0.0,0.0,17.0
2022-06-14 22:10:00,5456.0,5456.0,5456.0,5456.0,0.0,0.0,17.0
2022-06-14 22:15:00,5456.0,5456.0,5456.0,5456.0,0.0,0.0,17.0
2022-06-14 22:20:00,5456.0,5456.0,5456.0,5456.0,0.0,0.0,17.0
2022-06-14 22:25:00,5456.0,5456.0,5456.0,5456.0,0.0,0.0,17.0
2022-06-14 22:30:00,5456.0,5456.0,5456.0,5456.0,0.0,0.0,17.0
2022-06-14 22:35:00,5456.0,5456.0,5456.0,5456.0,0.0,0.0,17.0
2022-06-14 22:40:00,5456.0,5456.0,5456.0,5456.0,0.0,0.0,17.0
2022-06-14 22:45:00,5456.0,5456.0,5456.0,5456.0,0.0,0.0,17.0
2022-06-14 22:50:00,5456.0,5456.0,5456.0,5456.0,0.0,0.0,17.0
2022-06-14 22:55:00,5456.0,5456.0,5456.0,5456.0,0.0,0.0,17.0
2022-06-15 09:00:00,5456.0,5456.0,5456.0,5456.0,0.0,0.0,17.0
2022-06-15 09:05:00,5456.0,5456.0,5456.0,5456.0,0.0,0.0,17.0
2022-06-15 09:10:00,5456.0,5456.0,5456.0,5456.0,0.0,0.0,17.0
2022-06-15 09:15:00,5456.0,5456.0,5456.0,5456.0,0.0,0.0,17.0
2022-06-15 09:20:00,5456.0,5456.0,5456.0,5456.0,0.0,0.0,17.0
2022-06-15 09:25:00,5456.0,5456.0,5456.0,5456.0,0.0,0.0,17.0
2022-06-15 09:30:00,5456.0,5456.0,5456.0,5456.0,0.0,0.0,17.0
2022-06-15 09:35:00,5456.0,5456.0,5456.0,5456.0,0.0,0.0,17.0
2022-06-15 09:40:00,5456.0,5456.0,5456.0,5456.0,0.0,0.0,17.0
2022-06-15 09:45:00,5456.0,5456.0,5456.0,5456.0,0.0,0.0,17.0
2022-06-15 09:50:00,5456.0,5456.0,5456.0,5456.0,0.0,0.0,17.0
2022-06-15 09:55:00,5456.0,5456.0,5456.0,5456.0,0.0,0.0,17.0
2022-06-15 10:00:00,5456.0,5456.0,5456.0,5456.0,0.0,0.0,17.0
2022-06-15 10:05:00,5456.0,5456.0,5456.0,5456.0,0.0,0.0,17.0
2022-06-15 10:10:00,5456.0,5456.0,5456.0,5456.0,0.0,0.0,17.0
2022-06-15 10:30:00,5456.0,5456.0,5456.0,5456.0,0.0,0.0,17.0
2022-06-15 10:35:00,5456.0,5456.0,5456.0,5456.0,0.0,0.0,17.0
2022-06-15 10:40:00,5456.0,5456.0,5456.0,5456.0,0.0,0.0,17.0
2022-06-15 10:45:00,5456.0,5456.0,5455.0,5456.0,4.0,218210.0,17.0
2022-06-15 10:50:00,5456.0,5456.0,5456.0,5456.0,0.0,0.0,17.0
2022-06-15 10:55:00,5456.0,5456.0,5456.0,5456.0,0.0,0.0,17.0
2022-06-15 11:00:00,5456.0,5456.0,5456.0,5456.0,0.0,0.0,17.0
2022-06-15 11:05:00,5456.0,5456.0,5456.0,5456.0,0.0,0.0,17.0
2022-06-15 11:10:00,5469.0,5470.0,5469.0,5470.0,2.0,109390.0,19.0
2022-06-15 11:15:00,5470.0,5470.0,5470.0,5470.0,0.0,0.0,19.0
2022-06-15 11:20:00,5470.0,5470.0,5470.0,5470.0,0.0,0.0,19.0
2022-06-15 11:25:00,5470.0,5470.0,5470.0,5470.0,0.0,0.0,19.0
2022-06-15 13:30:00,5470.0,5470.0,5470.0,5470.0,0.0,0.0,19.0
2022-06-15 13:35:00,5470.0,5470.0,5470.0,5470.0,0.0,0.0,19.0
2022-06-15 13:40:00,5470.0,5470.0,5470.0,5470.0,0.0,0.0,19.0
2022-06-15 13:45:00,5470.0,5470.0,5470.0,5470.0,0.0,0.0,19.0
2022-06-15 13:50:00,5470.0,5470.0,5470.0,5470.0,0.0,0.0,19.0
2022-06-15 13:55:00,5470.0,5470.0,5470.0,5470.0,0.0,0.0,19.0
2022-06-15 14:00:00,5470.0,5470.0,5470.0,5470.0,0.0,0.0,19.0
2022-06-15 14:05:00,5470.0,5470.0,5470.0,5470.0,0.0,0.0,19.0
2022-06-15 14:10:00,5470.0,5470.0,5470.0,5470.0,0.0,0.0,19.0
2022-06-15 14:15:00,5470.0,5470.0,5470.0,5470.0,0.0,0.0,19.0
2022-06-15 14:20:00,5470.0,5470.0,5470.0,5470.0,0.0,0.0,19.0
2022-06-15 14:25:00,5470.0,5470.0,5470.0,5470.0,0.0,0.0,19.0
2022-06-15 14:30:00,5470.0,5470.0,5426.0,5426.0,1.0,54260.0,19.0
2022-06-15 14:35:00,5426.0,5426.0,5426.0,5426.0,0.0,0.0,19.0
2022-06-15 14:40:00,5426.0,5426.0,5426.0,5426.0,0.0,0.0,19.0
2022-06-15 14:45:00,5426.0,5426.0,5426.0,5426.0,0.0,0.0,19.0
2022-06-15 14:50:00,5426.0,5426.0,5426.0,5426.0,0.0,0.0,19.0
2022-06-15 14:55:00,5426.0,5426.0,5426.0,5426.0,0.0,0.0,19.0
2022-06-15 21:00:00,5426.0,5426.0,5426.0,5426.0,0.0,0.0,19.0
2022-06-15 21:05:00,5426.0,5426.0,5426.0,5426.0,0.0,0.0,19.0
2022-06-15 21:10:00,5426.0,5426.0,5426.0,5426.0,0.0,0.0,19.0
2022-06-15 21:15:00,5426.0,5426.0,5426.0,5426.0,0.0,0.0,19.0
2022-06-15 21:20:00,5426.0,5450.0,5426.0,5450.0,1.0,54500.0,19.0
2022-06-15 21:25:00,5450.0,5450.0,5450.0,5450.0,0.0,0.0,19.0
2022-06-15 21:30:00,5450.0,5450.0,5450.0,5450.0,0.0,0.0,19.0
2022-06-15 21:35:00,5450.0,5450.0,5450.0,5450.0,0.0,0.0,19.0
2022-06-15 21:40:00,5450.0,5450.0,5450.0,5450.0,0.0,0.0,19.0
2022-06-15 21:45:00,5450.0,5450.0,5450.0,5450.0,0.0,0.0,19.0
2022-06-15 21:50:00,5450.0,5450.0,5450.0,5450.0,0.0,0.0,19.0
2022-06-15 21:55:00,5450.0,5450.0,5450.0,5450.0,0.0,0.0,19.0
2022-06-15 22:00:00,5450.0,5450.0,5450.0,5450.0,0.0,0.0,19.0
2022-06-15 22:05:00,5450.0,5450.0,5450.0,5450.0,0.0,0.0,19.0
2022-06-15 22:10:00,5450.0,5450.0,5450.0,5450.0,0.0,0.0,19.0
2022-06-15 22:15:00,5450.0,5450.0,5450.0,5450.0,0.0,0.0,19.0
2022-06-15 22:20:00,5450.0,5450.0,5450.0,5450.0,0.0,0.0,19.0
2022-06-15 22:25:00,5450.0,5450.0,5450.0,5450.0,0.0,0.0,19.0
2022-06-15 22:30:00,5450.0,5450.0,5450.0,5450.0,0.0,0.0,19.0
2022-06-15 22:35:00,5450.0,5450.0,5450.0,5450.0,0.0,0.0,19.0
2022-06-15 22:40:00,5450.0,5450.0,5450.0,5450.0,0.0,0.0,19.0
2022-06-15 22:45:00,5450.0,5450.0,5450.0,5450.0,0.0,0.0,19.0
2022-06-15 22:50:00,5450.0,5450.0,5450.0,5450.0,0.0,0.0,19.0
2022-06-15 22:55:00,5450.0,5450.0,5450.0,5450.0,0.0,0.0,19.0
2022-06-16 09:00:00,5450.0,5450.0,5363.0,5363.0,1.0,53630.0,20.0
2022-06-16 09:05:00,5363.0,5363.0,5363.0,5363.0,0.0,0.0,20.0
2022-06-16 09:10:00,5363.0,5363.0,5363.0,5363.0,0.0,0.0,20.0
2022-06-16 09:15:00,5363.0,5363.0,5363.0,5363.0,0.0,0.0,20.0
2022-06-16 09:20:00,5363.0,5363.0,5363.0,5363.0,0.0,0.0,20.0
2022-06-16 09:25:00,5363.0,5363.0,5363.0,5363.0,0.0,0.0,20.0
2022-06-16 09:30:00,5363.0,5363.0,5363.0,5363.0,0.0,0.0,20.0
2022-06-16 09:35:00,5363.0,5363.0,5363.0,5363.0,0.0,0.0,20.0
2022-06-16 09:40:00,5363.0,5363.0,5363.0,5363.0,0.0,0.0,20.0
2022-06-16 09:45:00,5363.0,5363.0,5363.0,5363.0,0.0,0.0,20.0
2022-06-16 09:50:00,5363.0,5363.0,5363.0,5363.0,0.0,0.0,20.0
2022-06-16 09:55:00,5363.0,5363.0,5363.0,5363.0,0.0,0.0,20.0
2022-06-16 10:00:00,5363.0,5363.0,5363.0,5363.0,0.0,0.0,20.0
2022-06-16 10:05:00,5363.0,5363.0,5363.0,5363.0,0.0,0.0,20.0
2022-06-16 10:10:00,5363.0,5363.0,5363.0,5363.0,0.0,0.0,20.0
2022-06-16 10:30:00,5363.0,5363.0,5363.0,5363.0,0.0,0.0,20.0
2022-06-16 10:35:00,5363.0,5363.0,5363.0,5363.0,0.0,0.0,20.0
2022-06-16 10:40:00,5363.0,5363.0,5363.0,5363.0,0.0,0.0,20.0
2022-06-16 10:45:00,5363.0,5363.0,5363.0,5363.0,0.0,0.0,20.0
2022-06-16 10:50:00,5363.0,5363.0,5363.0,5363.0,0.0,0.0,20.0
2022-06-16 10:55:00,5363.0,5363.0,5363.0,5363.0,0.0,0.0,20.0
2022-06-16 11:00:00,5363.0,5363.0,5363.0,5363.0,0.0,0.0,20.0
2022-06-16 11:05:00,5363.0,5363.0,5363.0,5363.0,0.0,0.0,20.0
2022-06-16 11:10:00,5363.0,5363.0,5363.0,5363.0,0.0,0.0,20.0
2022-06-16 11:15:00,5363.0,5363.0,5363.0,5363.0,0.0,0.0,20.0
2022-06-16 11:20:00,5363.0,5363.0,5363.0,5363.0,0.0,0.0,20.0
2022-06-16 11:25:00,5363.0,5363.0,5363.0,5363.0,0.0,0.0,20.0
2022-06-16 13:30:00,5363.0,5363.0,5363.0,5363.0,0.0,0.0,20.0
2022-06-16 13:35:00,5363.0,5363.0,5363.0,5363.0,0.0,0.0,20.0
2022-06-16 13:40:00,5363.0,5363.0,5363.0,5363.0,0.0,0.0,20.0
2022-06-16 13:45:00,5363.0,5363.0,5363.0,5363.0,0.0,0.0,20.0
2022-06-16 13:50:00,5363.0,5363.0,5363.0,5363.0,0.0,0.0,20.0
2022-06-16 13:55:00,5363.0,5363.0,5363.0,5363.0,0.0,0.0,20.0
2022-06-16 14:00:00,5363.0,5363.0,5363.0,5363.0,0.0,0.0,20.0
2022-06-16 14:05:00,5363.0,5363.0,5363.0,5363.0,0.0,0.0,20.0
2022-06-16 14:10:00,5363.0,5363.0,5363.0,5363.0,0.0,0.0,20.0
2022-06-16 14:15:00,5363.0,5363.0,5363.0,5363.0,0.0,0.0,20.0
2022-06-16 14:20:00,5363.0,5363.0,5363.0,5363.0,0.0,0.0,20.0
2022-06-16 14:25:00,5363.0,5363.0,5363.0,5363.0,0.0,0.0,20.0
2022-06-16 14:30:00,5363.0,5363.0,5363.0,5363.0,0.0,0.0,20.0
2022-06-16 14:35:00,5363.0,5363.0,5363.0,5363.0,0.0,0.0,20.0
2022-06-16 14:40:00,5363.0,5363.0,5363.0,5363.0,0.0,0.0,20.0
2022-06-16 14:45:00,5363.0,5363.0,5363.0,5363.0,0.0,0.0,20.0
2022-06-16 14:50:00,5363.0,5363.0,5363.0,5363.0,0.0,0.0,20.0
2022-06-16 14:55:00,5363.0,5363.0,5363.0,5363.0,0.0,0.0,20.0
2022-06-16 21:00:00,5363.0,5363.0,5363.0,5363.0,0.0,0.0,20.0
2022-06-16 21:05:00,5363.0,5363.0,5363.0,5363.0,0.0,0.0,20.0
2022-06-16 21:10:00,5363.0,5363.0,5363.0,5363.0,0.0,0.0,20.0
2022-06-16 21:15:00,5363.0,5363.0,5363.0,5363.0,0.0,0.0,20.0
2022-06-16 21:20:00,5363.0,5363.0,5334.0,5334.0,1.0,53340.0,20.0
2022-06-16 21:25:00,5334.0,5334.0,5334.0,5334.0,0.0,0.0,20.0
2022-06-16 21:30:00,5334.0,5334.0,5334.0,5334.0,0.0,0.0,20.0
2022-06-16 21:35:00,5334.0,5366.0,5334.0,5366.0,2.0,107320.0,22.0
2022-06-16 21:40:00,5366.0,5366.0,5361.0,5361.0,2.0,107220.0,24.0
2022-06-16 21:45:00,5361.0,5361.0,5361.0,5361.0,0.0,0.0,24.0
2022-06-16 21:50:00,5361.0,5361.0,5361.0,5361.0,0.0,0.0,24.0
2022-06-16 21:55:00,5361.0,5361.0,5361.0,5361.0,0.0,0.0,24.0
2022-06-16 22:00:00,5361.0,5361.0,5361.0,5361.0,0.0,0.0,24.0
2022-06-16 22:05:00,5361.0,5361.0,5361.0,5361.0,0.0,0.0,24.0
2022-06-16 22:10:00,5361.0,5361.0,5361.0,5361.0,0.0,0.0,24.0
2022-06-16 22:15:00,5361.0,5361.0,5361.0,5361.0,0.0,0.0,24.0
2022-06-16 22:20:00,5361.0,5361.0,5361.0,5361.0,0.0,0.0,24.0
2022-06-16 22:25:00,5361.0,5369.0,5361.0,5369.0,5.0,268430.0,23.0
2022-06-16 22:30:00,5369.0,5369.0,5369.0,5369.0,0.0,0.0,23.0
2022-06-16 22:35:00,5369.0,5369.0,5369.0,5369.0,0.0,0.0,23.0
2022-06-16 22:40:00,5369.0,5369.0,5369.0,5369.0,0.0,0.0,23.0
2022-06-16 22:45:00,5369.0,5369.0,5369.0,5369.0,0.0,0.0,23.0
2022-06-16 22:50:00,5369.0,5369.0,5369.0,5369.0,0.0,0.0,23.0
2022-06-16 22:55:00,5369.0,5369.0,5369.0,5369.0,0.0,0.0,23.0
2022-06-17 09:00:00,5369.0,5369.0,5356.0,5356.0,1.0,53560.0,23.0
2022-06-17 09:05:00,5356.0,5356.0,5356.0,5356.0,0.0,0.0,23.0
2022-06-17 09:10:00,5356.0,5356.0,5356.0,5356.0,0.0,0.0,23.0
2022-06-17 09:15:00,5356.0,5356.0,5356.0,5356.0,0.0,0.0,23.0
2022-06-17 09:20:00,5356.0,5356.0,5356.0,5356.0,0.0,0.0,23.0
2022-06-17 09:25:00,5356.0,5382.0,5356.0,5382.0,1.0,53820.0,23.0
2022-06-17 09:30:00,5382.0,5390.0,5382.0,5390.0,1.0,53900.0,23.0
2022-06-17 09:35:00,5390.0,5390.0,5390.0,5390.0,0.0,0.0,23.0
2022-06-17 09:40:00,5390.0,5390.0,5390.0,5390.0,0.0,0.0,23.0
2022-06-17 09:45:00,5390.0,5390.0,5390.0,5390.0,0.0,0.0,23.0
2022-06-17 09:50:00,5390.0,5390.0,5390.0,5390.0,0.0,0.0,23.0
2022-06-17 09:55:00,5390.0,5390.0,5390.0,5390.0,0.0,0.0,23.0
2022-06-17 10:00:00,5390.0,5390.0,5390.0,5390.0,0.0,0.0,23.0
2022-06-17 10:05:00,5390.0,5390.0,5390.0,5390.0,0.0,0.0,23.0
2022-06-17 10:10:00,5390.0,5390.0,5390.0,5390.0,0.0,0.0,23.0
2022-06-17 10:30:00,5390.0,5390.0,5390.0,5390.0,0.0,0.0,23.0
2022-06-17 10:35:00,5390.0,5390.0,5390.0,5390.0,0.0,0.0,23.0
2022-06-17 10:40:00,5390.0,5390.0,5390.0,5390.0,0.0,0.0,23.0
2022-06-17 10:45:00,5390.0,5390.0,5390.0,5390.0,0.0,0.0,23.0
2022-06-17 10:50:00,5390.0,5390.0,5390.0,5390.0,0.0,0.0,23.0
2022-06-17 10:55:00,5390.0,5390.0,5390.0,5390.0,0.0,0.0,23.0
2022-06-17 11:00:00,5390.0,5390.0,5390.0,5390.0,0.0,0.0,23.0
2022-06-17 11:05:00,5390.0,5390.0,5390.0,5390.0,0.0,0.0,23.0
2022-06-17 11:10:00,5390.0,5390.0,5390.0,5390.0,0.0,0.0,23.0
2022-06-17 11:15:00,5390.0,5390.0,5390.0,5390.0,0.0,0.0,23.0
2022-06-17 11:20:00,5390.0,5390.0,5390.0,5390.0,0.0,0.0,23.0
2022-06-17 11:25:00,5390.0,5390.0,5390.0,5390.0,0.0,0.0,23.0
2022-06-17 13:30:00,5390.0,5390.0,5390.0,5390.0,0.0,0.0,23.0
2022-06-17 13:35:00,5390.0,5390.0,5390.0,5390.0,0.0,0.0,23.0
2022-06-17 13:40:00,5390.0,5390.0,5390.0,5390.0,0.0,0.0,23.0
2022-06-17 13:45:00,5390.0,5390.0,5390.0,5390.0,0.0,0.0,23.0
2022-06-17 13:50:00,5390.0,5390.0,5390.0,5390.0,0.0,0.0,23.0
2022-06-17 13:55:00,5390.0,5390.0,5390.0,5390.0,0.0,0.0,23.0
2022-06-17 14:00:00,5390.0,5390.0,5390.0,5390.0,0.0,0.0,23.0
2022-06-17 14:05:00,5390.0,5390.0,5390.0,5390.0,0.0,0.0,23.0
2022-06-17 14:10:00,5390.0,5390.0,5390.0,5390.0,0.0,0.0,23.0
2022-06-17 14:15:00,5390.0,5390.0,5390.0,5390.0,0.0,0.0,23.0
2022-06-17 14:20:00,5390.0,5390.0,5390.0,5390.0,0.0,0.0,23.0
2022-06-17 14:25:00,5390.0,5390.0,5390.0,5390.0,0.0,0.0,23.0
2022-06-17 14:30:00,5390.0,5390.0,5390.0,5390.0,0.0,0.0,23.0
2022-06-17 14:35:00,5390.0,5390.0,5390.0,5390.0,0.0,0.0,23.0
2022-06-17 14:40:00,5390.0,5390.0,5390.0,5390.0,0.0,0.0,23.0
2022-06-17 14:45:00,5390.0,5390.0,5390.0,5390.0,0.0,0.0,23.0
2022-06-17 14:50:00,5390.0,5390.0,5390.0,5390.0,0.0,0.0,23.0
2022-06-17 14:55:00,5390.0,5390.0,5390.0,5390.0,0.0,0.0,23.0
2022-06-17 21:00:00,5390.0,5390.0,5390.0,5390.0,0.0,0.0,23.0
2022-06-17 21:05:00,5390.0,5390.0,5390.0,5390.0,0.0,0.0,23.0
2022-06-17 21:10:00,5390.0,5390.0,5390.0,5390.0,0.0,0.0,23.0
2022-06-17 21:15:00,5390.0,5390.0,5390.0,5390.0,0.0,0.0,23.0
2022-06-17 21:20:00,5390.0,5390.0,5390.0,5390.0,0.0,0.0,23.0
2022-06-17 21:25:00,5390.0,5390.0,5390.0,5390.0,0.0,0.0,23.0
2022-06-17 21:30:00,5390.0,5390.0,5390.0,5390.0,0.0,0.0,23.0
2022-06-17 21:35:00,5390.0,5390.0,5390.0,5390.0,0.0,0.0,23.0
2022-06-17 21:40:00,5390.0,5390.0,5390.0,5390.0,0.0,0.0,23.0
2022-06-17 21:45:00,5390.0,5390.0,5390.0,5390.0,0.0,0.0,23.0
2022-06-17 21:50:00,5390.0,5390.0,5390.0,5390.0,0.0,0.0,23.0
2022-06-17 21:55:00,5390.0,5390.0,5390.0,5390.0,0.0,0.0,23.0
2022-06-17 22:00:00,5390.0,5390.0,5390.0,5390.0,0.0,0.0,23.0
2022-06-17 22:05:00,5390.0,5390.0,5390.0,5390.0,0.0,0.0,23.0
2022-06-17 22:10:00,5390.0,5390.0,5390.0,5390.0,0.0,0.0,23.0
2022-06-17 22:15:00,5390.0,5390.0,5390.0,5390.0,0.0,0.0,23.0
2022-06-17 22:20:00,5390.0,5390.0,5390.0,5390.0,0.0,0.0,23.0
2022-06-17 22:25:00,5390.0,5390.0,5390.0,5390.0,0.0,0.0,23.0
2022-06-17 22:30:00,5390.0,5390.0,5390.0,5390.0,0.0,0.0,23.0
2022-06-17 22:35:00,5390.0,5390.0,5390.0,5390.0,0.0,0.0,23.0
2022-06-17 22:40:00,5307.0,5390.0,5307.0,5335.0,4.0,212840.0,24.0
2022-06-17 22:45:00,5335.0,5335.0,5335.0,5335.0,0.0,0.0,24.0
2022-06-17 22:50:00,5335.0,5335.0,5335.0,5335.0,0.0,0.0,24.0
2022-06-17 22:55:00,5335.0,5335.0,5335.0,5335.0,0.0,0.0,24.0
2022-06-20 09:00:00,5420.0,5420.0,5335.0,5420.0,1.0,54200.0,25.0
2022-06-20 09:05:00,5420.0,5420.0,5420.0,5420.0,0.0,0.0,25.0
2022-06-20 09:10:00,5420.0,5420.0,5420.0,5420.0,0.0,0.0,25.0
2022-06-20 09:15:00,5420.0,5420.0,5290.0,5290.0,1.0,52900.0,25.0
2022-06-20 09:20:00,5290.0,5290.0,5250.0,5250.0,1.0,52500.0,24.0
2022-06-20 09:25:00,5250.0,5250.0,5250.0,5250.0,0.0,0.0,24.0
2022-06-20 09:30:00,5250.0,5250.0,5250.0,5250.0,0.0,0.0,24.0
2022-06-20 09:35:00,5250.0,5250.0,5182.0,5182.0,1.0,51820.0,23.0
2022-06-20 09:40:00,5182.0,5182.0,5182.0,5182.0,0.0,0.0,23.0
2022-06-20 09:45:00,5182.0,5182.0,5182.0,5182.0,0.0,0.0,23.0
2022-06-20 09:50:00,5182.0,5182.0,5182.0,5182.0,0.0,0.0,23.0
2022-06-20 09:55:00,5182.0,5182.0,5182.0,5182.0,0.0,0.0,23.0
2022-06-20 10:00:00,5182.0,5182.0,5182.0,5182.0,0.0,0.0,23.0
2022-06-20 10:05:00,5182.0,5182.0,5163.0,5163.0,1.0,51630.0,24.0
2022-06-20 10:10:00,5163.0,5163.0,5163.0,5163.0,0.0,0.0,24.0
2022-06-20 10:30:00,5163.0,5163.0,5163.0,5163.0,0.0,0.0,24.0
2022-06-20 10:35:00,5163.0,5163.0,5163.0,5163.0,0.0,0.0,24.0
2022-06-20 10:40:00,5163.0,5163.0,5163.0,5163.0,0.0,0.0,24.0
2022-06-20 10:45:00,5163.0,5163.0,5163.0,5163.0,0.0,0.0,24.0
2022-06-20 10:50:00,5163.0,5163.0,5163.0,5163.0,0.0,0.0,24.0
2022-06-20 10:55:00,5163.0,5163.0,5163.0,5163.0,0.0,0.0,24.0
2022-06-20 11:00:00,5163.0,5163.0,5163.0,5163.0,0.0,0.0,24.0
2022-06-20 11:05:00,5163.0,5163.0,5163.0,5163.0,0.0,0.0,24.0
2022-06-20 11:10:00,5163.0,5163.0,5163.0,5163.0,0.0,0.0,24.0
2022-06-20 11:15:00,5163.0,5163.0,5163.0,5163.0,0.0,0.0,24.0
2022-06-20 11:20:00,5163.0,5163.0,5163.0,5163.0,0.0,0.0,24.0
2022-06-20 11:25:00,5163.0,5163.0,5163.0,5163.0,0.0,0.0,24.0
2022-06-20 13:30:00,5163.0,5163.0,5162.0,5162.0,2.0,103240.0,25.0
2022-06-20 13:35:00,5162.0,5162.0,5162.0,5162.0,0.0,0.0,25.0
2022-06-20 13:40:00,5162.0,5162.0,5118.0,5118.0,1.0,51180.0,25.0
2022-06-20 13:45:00,5118.0,5118.0,5118.0,5118.0,0.0,0.0,25.0
2022-06-20 13:50:00,5118.0,5118.0,5118.0,5118.0,0.0,0.0,25.0
2022-06-20 13:55:00,5118.0,5118.0,5118.0,5118.0,0.0,0.0,25.0
2022-06-20 14:00:00,5118.0,5118.0,5118.0,5118.0,0.0,0.0,25.0
2022-06-20 14:05:00,5118.0,5118.0,5118.0,5118.0,0.0,0.0,25.0
2022-06-20 14:10:00,5118.0,5118.0,5118.0,5118.0,0.0,0.0,25.0
2022-06-20 14:15:00,5118.0,5118.0,5118.0,5118.0,0.0,0.0,25.0
2022-06-20 14:20:00,5118.0,5186.0,5118.0,5186.0,6.0,311120.0,30.0
2022-06-20 14:25:00,5186.0,5186.0,5150.0,5150.0,1.0,51500.0,29.0
2022-06-20 14:30:00,5150.0,5150.0,5150.0,5150.0,0.0,0.0,29.0
2022-06-20 14:35:00,5150.0,5150.0,5150.0,5150.0,0.0,0.0,29.0
2022-06-20 14:40:00,5150.0,5150.0,5150.0,5150.0,0.0,0.0,29.0
2022-06-20 14:45:00,5150.0,5150.0,5150.0,5150.0,0.0,0.0,29.0
2022-06-20 14:50:00,5150.0,5150.0,5150.0,5150.0,0.0,0.0,29.0
2022-06-20 14:55:00,5150.0,5150.0,5150.0,5150.0,0.0,0.0,29.0
2022-06-20 21:00:00,5150.0,5150.0,5150.0,5150.0,0.0,0.0,29.0
2022-06-20 21:05:00,5150.0,5150.0,5150.0,5150.0,0.0,0.0,29.0
2022-06-20 21:10:00,5150.0,5150.0,5150.0,5150.0,0.0,0.0,29.0
2022-06-20 21:15:00,5150.0,5150.0,5150.0,5150.0,0.0,0.0,29.0
2022-06-20 21:20:00,5150.0,5150.0,5150.0,5150.0,0.0,0.0,29.0
2022-06-20 21:25:00,5150.0,5150.0,5109.0,5113.0,2.0,102220.0,29.0
2022-06-20 21:30:00,5113.0,5113.0,5113.0,5113.0,0.0,0.0,29.0
2022-06-20 21:35:00,5176.0,5176.0,5113.0,5176.0,2.0,103520.0,31.0
2022-06-20 21:40:00,5176.0,5176.0,5176.0,5176.0,0.0,0.0,31.0
2022-06-20 21:45:00,5176.0,5176.0,5176.0,5176.0,0.0,0.0,31.0
2022-06-20 21:50:00,5176.0,5176.0,5176.0,5176.0,0.0,0.0,31.0
2022-06-20 21:55:00,5176.0,5176.0,5176.0,5176.0,0.0,0.0,31.0
2022-06-20 22:00:00,5176.0,5176.0,5176.0,5176.0,0.0,0.0,31.0
2022-06-20 22:05:00,5176.0,5176.0,5176.0,5176.0,0.0,0.0,31.0
2022-06-20 22:10:00,5176.0,5176.0,5176.0,5176.0,0.0,0.0,31.0
2022-06-20 22:15:00,5176.0,5176.0,5176.0,5176.0,0.0,0.0,31.0
2022-06-20 22:20:00,5176.0,5176.0,5114.0,5114.0,1.0,51140.0,31.0
2022-06-20 22:25:00,5114.0,5114.0,5114.0,5114.0,0.0,0.0,31.0
2022-06-20 22:30:00,5114.0,5114.0,5114.0,5114.0,0.0,0.0,31.0
2022-06-20 22:35:00,5114.0,5114.0,5114.0,5114.0,0.0,0.0,31.0
2022-06-20 22:40:00,5114.0,5114.0,5114.0,5114.0,0.0,0.0,31.0
2022-06-20 22:45:00,5114.0,5114.0,5114.0,5114.0,0.0,0.0,31.0
2022-06-20 22:50:00,5114.0,5114.0,5114.0,5114.0,0.0,0.0,31.0
2022-06-20 22:55:00,5114.0,5114.0,5114.0,5114.0,0.0,0.0,31.0
2022-06-21 09:00:00,5114.0,5114.0,5114.0,5114.0,0.0,0.0,31.0
2022-06-21 09:05:00,5114.0,5114.0,5114.0,5114.0,0.0,0.0,31.0
2022-06-21 09:10:00,5114.0,5114.0,5114.0,5114.0,0.0,0.0,31.0
2022-06-21 09:15:00,5114.0,5114.0,5114.0,5114.0,0.0,0.0,31.0
2022-06-21 09:20:00,5114.0,5114.0,5114.0,5114.0,0.0,0.0,31.0
2022-06-21 09:25:00,5114.0,5114.0,5114.0,5114.0,0.0,0.0,31.0
2022-06-21 09:30:00,5114.0,5114.0,5114.0,5114.0,0.0,0.0,31.0
2022-06-21 09:35:00,5114.0,5114.0,5114.0,5114.0,0.0,0.0,31.0
2022-06-21 09:40:00,5114.0,5114.0,5114.0,5114.0,0.0,0.0,31.0
2022-06-21 09:45:00,5114.0,5114.0,5114.0,5114.0,0.0,0.0,31.0
2022-06-21 09:50:00,5114.0,5114.0,5114.0,5114.0,0.0,0.0,31.0
2022-06-21 09:55:00,5114.0,5114.0,5114.0,5114.0,0.0,0.0,31.0
2022-06-21 10:00:00,5114.0,5114.0,5114.0,5114.0,0.0,0.0,31.0
2022-06-21 10:05:00,5114.0,5114.0,5114.0,5114.0,0.0,0.0,31.0
2022-06-21 10:10:00,5114.0,5114.0,5114.0,5114.0,0.0,0.0,31.0
2022-06-21 10:30:00,5114.0,5114.0,5114.0,5114.0,0.0,0.0,31.0
2022-06-21 10:35:00,5114.0,5114.0,5114.0,5114.0,0.0,0.0,31.0
2022-06-21 10:40:00,5114.0,5114.0,5114.0,5114.0,0.0,0.0,31.0
2022-06-21 10:45:00,5114.0,5114.0,5114.0,5114.0,0.0,0.0,31.0
2022-06-21 10:50:00,5114.0,5114.0,5114.0,5114.0,0.0,0.0,31.0
2022-06-21 10:55:00,5114.0,5114.0,5114.0,5114.0,0.0,0.0,31.0
2022-06-21 11:00:00,5114.0,5114.0,5114.0,5114.0,0.0,0.0,31.0
2022-06-21 11:05:00,5114.0,5114.0,5114.0,5114.0,0.0,0.0,31.0
2022-06-21 11:10:00,5114.0,5114.0,5114.0,5114.0,0.0,0.0,31.0
2022-06-21 11:15:00,5114.0,5114.0,5114.0,5114.0,0.0,0.0,31.0
2022-06-21 11:20:00,5114.0,5114.0,5114.0,5114.0,0.0,0.0,31.0
2022-06-21 11:25:00,5114.0,5114.0,5114.0,5114.0,0.0,0.0,31.0
2022-06-21 13:30:00,5114.0,5114.0,5114.0,5114.0,0.0,0.0,31.0
2022-06-21 13:35:00,5114.0,5114.0,5114.0,5114.0,0.0,0.0,31.0
2022-06-21 13:40:00,5114.0,5114.0,5114.0,5114.0,0.0,0.0,31.0
2022-06-21 13:45:00,5114.0,5114.0,5114.0,5114.0,0.0,0.0,31.0
2022-06-21 13:50:00,5114.0,5114.0,5114.0,5114.0,0.0,0.0,31.0
2022-06-21 13:55:00,5114.0,5114.0,5114.0,5114.0,0.0,0.0,31.0
2022-06-21 14:00:00,5114.0,5114.0,5114.0,5114.0,0.0,0.0,31.0
2022-06-21 14:05:00,5114.0,5114.0,5114.0,5114.0,0.0,0.0,31.0
2022-06-21 14:10:00,5114.0,5114.0,5114.0,5114.0,0.0,0.0,31.0
2022-06-21 14:15:00,5114.0,5114.0,5114.0,5114.0,0.0,0.0,31.0
2022-06-21 14:20:00,5114.0,5114.0,5114.0,5114.0,0.0,0.0,31.0
2022-06-21 14:25:00,5114.0,5114.0,5114.0,5114.0,0.0,0.0,31.0
2022-06-21 14:30:00,5114.0,5135.0,5114.0,5134.0,2.0,102690.0,32.0
2022-06-21 14:35:00,5134.0,5134.0,5134.0,5134.0,0.0,0.0,32.0
2022-06-21 14:40:00,5134.0,5134.0,5134.0,5134.0,0.0,0.0,32.0
2022-06-21 14:45:00,5134.0,5134.0,5134.0,5134.0,0.0,0.0,32.0
2022-06-21 14:50:00,5134.0,5134.0,5134.0,5134.0,0.0,0.0,32.0
2022-06-21 14:55:00,5134.0,5134.0,5134.0,5134.0,0.0,0.0,32.0
2022-06-21 21:00:00,5134.0,5134.0,5134.0,5134.0,0.0,0.0,32.0
2022-06-21 21:05:00,5134.0,5134.0,5134.0,5134.0,0.0,0.0,32.0
2022-06-21 21:10:00,5134.0,5134.0,5134.0,5134.0,0.0,0.0,32.0
2022-06-21 21:15:00,5134.0,5134.0,5134.0,5134.0,0.0,0.0,32.0
2022-06-21 21:20:00,5134.0,5134.0,5134.0,5134.0,0.0,0.0,32.0
2022-06-21 21:25:00,5134.0,5134.0,5134.0,5134.0,0.0,0.0,32.0
2022-06-21 21:30:00,5134.0,5134.0,5134.0,5134.0,0.0,0.0,32.0
2022-06-21 21:35:00,5134.0,5134.0,5134.0,5134.0,0.0,0.0,32.0
2022-06-21 21:40:00,5134.0,5134.0,5134.0,5134.0,0.0,0.0,32.0
2022-06-21 21:45:00,5134.0,5134.0,5134.0,5134.0,0.0,0.0,32.0
2022-06-21 21:50:00,5134.0,5134.0,5134.0,5134.0,0.0,0.0,32.0
2022-06-21 21:55:00,5134.0,5134.0,5134.0,5134.0,0.0,0.0,32.0
2022-06-21 22:00:00,5134.0,5134.0,5062.0,5116.0,3.0,152940.0,33.0
2022-06-21 22:05:00,5116.0,5116.0,5116.0,5116.0,0.0,0.0,33.0
2022-06-21 22:10:00,5116.0,5116.0,5116.0,5116.0,0.0,0.0,33.0
2022-06-21 22:15:00,5110.0,5110.0,5110.0,5110.0,1.0,51100.0,33.0
2022-06-21 22:20:00,5110.0,5110.0,5110.0,5110.0,0.0,0.0,33.0
2022-06-21 22:25:00,5110.0,5110.0,5110.0,5110.0,0.0,0.0,33.0
2022-06-21 22:30:00,5110.0,5110.0,5110.0,5110.0,0.0,0.0,33.0
2022-06-21 22:35:00,5110.0,5110.0,5110.0,5110.0,0.0,0.0,33.0
2022-06-21 22:40:00,5110.0,5110.0,5110.0,5110.0,0.0,0.0,33.0
2022-06-21 22:45:00,5110.0,5110.0,5110.0,5110.0,0.0,0.0,33.0
2022-06-21 22:50:00,5110.0,5110.0,5110.0,5110.0,0.0,0.0,33.0
2022-06-21 22:55:00,5110.0,5110.0,5110.0,5110.0,0.0,0.0,33.0
2022-06-22 09:00:00,5110.0,5110.0,5110.0,5110.0,0.0,0.0,33.0
2022-06-22 09:05:00,5110.0,5110.0,5110.0,5110.0,0.0,0.0,33.0
2022-06-22 09:10:00,5110.0,5110.0,5110.0,5110.0,0.0,0.0,33.0
2022-06-22 09:15:00,5110.0,5110.0,5110.0,5110.0,0.0,0.0,33.0
2022-06-22 09:20:00,5110.0,5110.0,5110.0,5110.0,0.0,0.0,33.0
2022-06-22 09:25:00,5110.0,5110.0,5110.0,5110.0,0.0,0.0,33.0
2022-06-22 09:30:00,5110.0,5110.0,5110.0,5110.0,0.0,0.0,33.0
2022-06-22 09:35:00,5110.0,5110.0,5110.0,5110.0,0.0,0.0,33.0
2022-06-22 09:40:00,5110.0,5110.0,5110.0,5110.0,0.0,0.0,33.0
2022-06-22 09:45:00,5110.0,5110.0,5110.0,5110.0,0.0,0.0,33.0
2022-06-22 09:50:00,5110.0,5110.0,5110.0,5110.0,0.0,0.0,33.0
2022-06-22 09:55:00,5110.0,5110.0,5110.0,5110.0,0.0,0.0,33.0
2022-06-22 10:00:00,5110.0,5110.0,5110.0,5110.0,0.0,0.0,33.0
2022-06-22 10:05:00,5110.0,5110.0,5110.0,5110.0,0.0,0.0,33.0
2022-06-22 10:10:00,5110.0,5110.0,5110.0,5110.0,0.0,0.0,33.0
2022-06-22 10:30:00,5110.0,5110.0,5110.0,5110.0,0.0,0.0,33.0
2022-06-22 10:35:00,5110.0,5110.0,5110.0,5110.0,0.0,0.0,33.0
2022-06-22 10:40:00,5110.0,5110.0,5110.0,5110.0,0.0,0.0,33.0
2022-06-22 10:45:00,5110.0,5110.0,5110.0,5110.0,0.0,0.0,33.0
2022-06-22 10:50:00,5110.0,5110.0,5110.0,5110.0,0.0,0.0,33.0
2022-06-22 10:55:00,5110.0,5110.0,5110.0,5110.0,0.0,0.0,33.0
2022-06-22 11:00:00,5110.0,5110.0,4950.0,4982.0,3.0,149140.0,35.0
2022-06-22 11:05:00,4982.0,4982.0,4982.0,4982.0,0.0,0.0,35.0
2022-06-22 11:10:00,4982.0,4982.0,4982.0,4982.0,0.0,0.0,35.0
2022-06-22 11:15:00,4982.0,4982.0,4982.0,4982.0,0.0,0.0,35.0
2022-06-22 11:20:00,4982.0,4982.0,4982.0,4982.0,0.0,0.0,35.0
2022-06-22 11:25:00,4982.0,4982.0,4982.0,4982.0,0.0,0.0,35.0
2022-06-22 13:30:00,4982.0,4982.0,4982.0,4982.0,0.0,0.0,35.0
2022-06-22 13:35:00,4982.0,4982.0,4982.0,4982.0,0.0,0.0,35.0
2022-06-22 13:40:00,4982.0,4982.0,4982.0,4982.0,0.0,0.0,35.0
2022-06-22 13:45:00,4982.0,4982.0,4975.0,4975.0,1.0,49750.0,36.0
2022-06-22 13:50:00,4975.0,4975.0,4975.0,4975.0,0.0,0.0,36.0
2022-06-22 13:55:00,4975.0,4975.0,4975.0,4975.0,0.0,0.0,36.0
2022-06-22 14:00:00,4975.0,4975.0,4975.0,4975.0,0.0,0.0,36.0
2022-06-22 14:05:00,4975.0,4975.0,4975.0,4975.0,0.0,0.0,36.0
2022-06-22 14:10:00,4975.0,4975.0,4975.0,4975.0,0.0,0.0,36.0
2022-06-22 14:15:00,4975.0,4975.0,4975.0,4975.0,0.0,0.0,36.0
2022-06-22 14:20:00,4975.0,4975.0,4951.0,4951.0,1.0,49510.0,36.0
2022-06-22 14:25:00,4951.0,4951.0,4951.0,4951.0,0.0,0.0,36.0
2022-06-22 14:30:00,4951.0,4951.0,4951.0,4951.0,0.0,0.0,36.0
2022-06-22 14:35:00,4951.0,4951.0,4950.0,4950.0,1.0,49500.0,36.0
2022-06-22 14:40:00,4950.0,4950.0,4950.0,4950.0,0.0,0.0,36.0
2022-06-22 14:45:00,4950.0,4950.0,4950.0,4950.0,0.0,0.0,36.0
2022-06-22 14:50:00,4950.0,4950.0,4950.0,4950.0,0.0,0.0,36.0
2022-06-22 14:55:00,4950.0,4950.0,4950.0,4950.0,0.0,0.0,36.0
2022-06-22 21:00:00,4950.0,4950.0,4950.0,4950.0,0.0,0.0,36.0
2022-06-22 21:05:00,4950.0,4950.0,4950.0,4950.0,0.0,0.0,36.0
2022-06-22 21:10:00,4950.0,4950.0,4950.0,4950.0,0.0,0.0,36.0
2022-06-22 21:15:00,4950.0,4950.0,4950.0,4950.0,0.0,0.0,36.0
2022-06-22 21:20:00,4950.0,4950.0,4950.0,4950.0,0.0,0.0,36.0
2022-06-22 21:25:00,4950.0,4950.0,4950.0,4950.0,0.0,0.0,36.0
2022-06-22 21:30:00,4950.0,4988.0,4950.0,4988.0,1.0,49880.0,36.0
2022-06-22 21:35:00,4988.0,4988.0,4988.0,4988.0,0.0,0.0,36.0
2022-06-22 21:40:00,4988.0,4988.0,4988.0,4988.0,0.0,0.0,36.0
2022-06-22 21:45:00,4988.0,4988.0,4988.0,4988.0,0.0,0.0,36.0
2022-06-22 21:50:00,4979.0,4979.0,4979.0,4979.0,2.0,99580.0,38.0
2022-06-22 21:55:00,4979.0,4979.0,4979.0,4979.0,0.0,0.0,38.0
2022-06-22 22:00:00,4979.0,4979.0,4979.0,4979.0,0.0,0.0,38.0
2022-06-22 22:05:00,4979.0,4979.0,4979.0,4979.0,0.0,0.0,38.0
2022-06-22 22:10:00,4979.0,4979.0,4979.0,4979.0,0.0,0.0,38.0
2022-06-22 22:15:00,4979.0,4979.0,4979.0,4979.0,0.0,0.0,38.0
2022-06-22 22:20:00,4979.0,4979.0,4979.0,4979.0,0.0,0.0,38.0
2022-06-22 22:25:00,4979.0,4979.0,4920.0,4920.0,1.0,49200.0,38.0
2022-06-22 22:30:00,4920.0,4920.0,4920.0,4920.0,0.0,0.0,38.0
2022-06-22 22:35:00,4920.0,4920.0,4920.0,4920.0,0.0,0.0,38.0
2022-06-22 22:40:00,4920.0,4920.0,4920.0,4920.0,0.0,0.0,38.0
2022-06-22 22:45:00,4920.0,4920.0,4920.0,4920.0,0.0,0.0,38.0
2022-06-22 22:50:00,4920.0,4920.0,4920.0,4920.0,0.0,0.0,38.0
2022-06-22 22:55:00,4920.0,4920.0,4920.0,4920.0,0.0,0.0,38.0
2022-06-23 09:00:00,4920.0,4920.0,4920.0,4920.0,0.0,0.0,38.0
2022-06-23 09:05:00,4920.0,4920.0,4879.0,4879.0,1.0,48790.0,38.0
2022-06-23 09:10:00,4879.0,4879.0,4879.0,4879.0,0.0,0.0,38.0
2022-06-23 09:15:00,4879.0,4879.0,4879.0,4879.0,0.0,0.0,38.0
2022-06-23 09:20:00,4879.0,4879.0,4879.0,4879.0,0.0,0.0,38.0
2022-06-23 09:25:00,4879.0,4879.0,4879.0,4879.0,0.0,0.0,38.0
2022-06-23 09:30:00,4879.0,4879.0,4879.0,4879.0,0.0,0.0,38.0
2022-06-23 09:35:00,4879.0,4879.0,4879.0,4879.0,0.0,0.0,38.0
2022-06-23 09:40:00,4879.0,4879.0,4879.0,4879.0,0.0,0.0,38.0
2022-06-23 09:45:00,4879.0,4879.0,4879.0,4879.0,0.0,0.0,38.0
2022-06-23 09:50:00,4879.0,4879.0,4879.0,4879.0,0.0,0.0,38.0
2022-06-23 09:55:00,4879.0,4880.0,4879.0,4880.0,3.0,146400.0,40.0
2022-06-23 10:00:00,4880.0,4880.0,4880.0,4880.0,3.0,146400.0,43.0
2022-06-23 10:05:00,4880.0,4880.0,4880.0,4880.0,0.0,0.0,43.0
2022-06-23 10:10:00,4880.0,4880.0,4880.0,4880.0,1.0,48800.0,43.0
2022-06-23 10:30:00,4880.0,4880.0,4880.0,4880.0,0.0,0.0,43.0
2022-06-23 10:35:00,4880.0,4880.0,4880.0,4880.0,0.0,0.0,43.0
2022-06-23 10:40:00,4880.0,4880.0,4880.0,4880.0,0.0,0.0,43.0
2022-06-23 10:45:00,4880.0,4880.0,4880.0,4880.0,0.0,0.0,43.0
2022-06-23 10:50:00,4880.0,4880.0,4880.0,4880.0,0.0,0.0,43.0
2022-06-23 10:55:00,4880.0,4880.0,4880.0,4880.0,0.0,0.0,43.0
2022-06-23 11:00:00,4880.0,4880.0,4880.0,4880.0,0.0,0.0,43.0
2022-06-23 11:05:00,4880.0,4880.0,4880.0,4880.0,0.0,0.0,43.0
2022-06-23 11:10:00,4880.0,4880.0,4880.0,4880.0,0.0,0.0,43.0
2022-06-23 11:15:00,4880.0,4880.0,4880.0,4880.0,0.0,0.0,43.0
2022-06-23 11:20:00,4880.0,4880.0,4880.0,4880.0,0.0,0.0,43.0
2022-06-23 11:25:00,4880.0,4880.0,4880.0,4880.0,0.0,0.0,43.0
2022-06-23 13:30:00,4880.0,4880.0,4880.0,4880.0,0.0,0.0,43.0
2022-06-23 13:35:00,4880.0,4880.0,4880.0,4880.0,0.0,0.0,43.0
2022-06-23 13:40:00,4880.0,4880.0,4880.0,4880.0,0.0,0.0,43.0
2022-06-23 13:45:00,4880.0,4880.0,4880.0,4880.0,0.0,0.0,43.0
2022-06-23 13:50:00,4880.0,4880.0,4880.0,4880.0,0.0,0.0,43.0
2022-06-23 13:55:00,4880.0,4880.0,4880.0,4880.0,0.0,0.0,43.0
2022-06-23 14:00:00,4880.0,4880.0,4880.0,4880.0,0.0,0.0,43.0
2022-06-23 14:05:00,4880.0,4880.0,4880.0,4880.0,0.0,0.0,43.0
2022-06-23 14:10:00,4880.0,4880.0,4880.0,4880.0,0.0,0.0,43.0
2022-06-23 14:15:00,4880.0,4880.0,4880.0,4880.0,0.0,0.0,43.0
2022-06-23 14:20:00,4880.0,4880.0,4880.0,4880.0,0.0,0.0,43.0
2022-06-23 14:25:00,4880.0,4880.0,4880.0,4880.0,0.0,0.0,43.0
2022-06-23 14:30:00,4880.0,4880.0,4880.0,4880.0,0.0,0.0,43.0
2022-06-23 14:35:00,4880.0,4880.0,4880.0,4880.0,0.0,0.0,43.0
2022-06-23 14:40:00,4880.0,4880.0,4880.0,4880.0,0.0,0.0,43.0
2022-06-23 14:45:00,4880.0,4880.0,4880.0,4880.0,0.0,0.0,43.0
2022-06-23 14:50:00,4880.0,4880.0,4880.0,4880.0,0.0,0.0,43.0
2022-06-23 14:55:00,4880.0,4880.0,4880.0,4880.0,0.0,0.0,43.0
2022-06-23 21:00:00,4880.0,4880.0,4880.0,4880.0,0.0,0.0,43.0
2022-06-23 21:05:00,4880.0,4880.0,4880.0,4880.0,0.0,0.0,43.0
2022-06-23 21:10:00,4880.0,4880.0,4880.0,4880.0,0.0,0.0,43.0
2022-06-23 21:15:00,4880.0,4880.0,4880.0,4880.0,0.0,0.0,43.0
2022-06-23 21:20:00,4880.0,4880.0,4880.0,4880.0,0.0,0.0,43.0
2022-06-23 21:25:00,4880.0,4880.0,4880.0,4880.0,0.0,0.0,43.0
2022-06-23 21:30:00,4880.0,4880.0,4880.0,4880.0,0.0,0.0,43.0
2022-06-23 21:35:00,4880.0,4880.0,4880.0,4880.0,0.0,0.0,43.0
2022-06-23 21:40:00,4880.0,4880.0,4880.0,4880.0,0.0,0.0,43.0
2022-06-23 21:45:00,4880.0,4913.0,4880.0,4913.0,1.0,49130.0,44.0
2022-06-23 21:50:00,4913.0,4913.0,4913.0,4913.0,0.0,0.0,44.0
2022-06-23 21:55:00,4913.0,4913.0,4850.0,4850.0,1.0,48500.0,45.0
2022-06-23 22:00:00,4850.0,4850.0,4850.0,4850.0,0.0,0.0,45.0
2022-06-23 22:05:00,4850.0,4850.0,4850.0,4850.0,0.0,0.0,45.0
2022-06-23 22:10:00,4850.0,4850.0,4850.0,4850.0,0.0,0.0,45.0
2022-06-23 22:15:00,4850.0,4850.0,4850.0,4850.0,0.0,0.0,45.0
2022-06-23 22:20:00,4850.0,4850.0,4850.0,4850.0,0.0,0.0,45.0
2022-06-23 22:25:00,4850.0,4850.0,4850.0,4850.0,0.0,0.0,45.0
2022-06-23 22:30:00,4850.0,4850.0,4850.0,4850.0,0.0,0.0,45.0
2022-06-23 22:35:00,4850.0,4850.0,4850.0,4850.0,0.0,0.0,45.0
2022-06-23 22:40:00,4850.0,4850.0,4850.0,4850.0,0.0,0.0,45.0
2022-06-23 22:45:00,4850.0,4850.0,4850.0,4850.0,0.0,0.0,45.0
2022-06-23 22:50:00,4850.0,4850.0,4850.0,4850.0,0.0,0.0,45.0
2022-06-23 22:55:00,4850.0,4850.0,4850.0,4850.0,0.0,0.0,45.0
2022-06-24 09:00:00,4850.0,4850.0,4850.0,4850.0,0.0,0.0,45.0
2022-06-24 09:05:00,4850.0,4850.0,4850.0,4850.0,0.0,0.0,45.0
2022-06-24 09:10:00,4850.0,4850.0,4850.0,4850.0,0.0,0.0,45.0
2022-06-24 09:15:00,4850.0,4850.0,4850.0,4850.0,0.0,0.0,45.0
2022-06-24 09:20:00,4850.0,4850.0,4850.0,4850.0,0.0,0.0,45.0
2022-06-24 09:25:00,4850.0,4850.0,4850.0,4850.0,0.0,0.0,45.0
2022-06-24 09:30:00,4850.0,4850.0,4850.0,4850.0,0.0,0.0,45.0
2022-06-24 09:35:00,4850.0,4850.0,4800.0,4800.0,1.0,48000.0,45.0
2022-06-24 09:40:00,4800.0,4800.0,4800.0,4800.0,1.0,48000.0,46.0
2022-06-24 09:45:00,4800.0,4800.0,4800.0,4800.0,0.0,0.0,46.0
2022-06-24 09:50:00,4800.0,4800.0,4800.0,4800.0,1.0,48000.0,46.0
2022-06-24 09:55:00,4800.0,4800.0,4780.0,4780.0,1.0,47800.0,46.0
2022-06-24 10:00:00,4780.0,4780.0,4780.0,4780.0,1.0,47800.0,47.0
2022-06-24 10:05:00,4780.0,4780.0,4780.0,4780.0,0.0,0.0,47.0
2022-06-24 10:10:00,4780.0,4780.0,4780.0,4780.0,0.0,0.0,47.0
2022-06-24 10:30:00,4780.0,4780.0,4780.0,4780.0,0.0,0.0,47.0
2022-06-24 10:35:00,4780.0,4780.0,4780.0,4780.0,0.0,0.0,47.0
2022-06-24 10:40:00,4780.0,4780.0,4780.0,4780.0,0.0,0.0,47.0
2022-06-24 10:45:00,4780.0,4780.0,4780.0,4780.0,0.0,0.0,47.0
2022-06-24 10:50:00,4780.0,4780.0,4780.0,4780.0,0.0,0.0,47.0
2022-06-24 10:55:00,4780.0,4780.0,4780.0,4780.0,0.0,0.0,47.0
2022-06-24 11:00:00,4780.0,4780.0,4780.0,4780.0,1.0,47800.0,47.0
2022-06-24 11:05:00,4780.0,4780.0,4705.0,4705.0,2.0,94150.0,48.0
2022-06-24 11:10:00,4705.0,4705.0,4705.0,4705.0,0.0,0.0,48.0
2022-06-24 11:15:00,4754.0,4754.0,4754.0,4754.0,2.0,95080.0,47.0
2022-06-24 11:20:00,4754.0,4754.0,4754.0,4754.0,0.0,0.0,47.0
2022-06-24 11:25:00,4754.0,4754.0,4705.0,4705.0,2.0,94540.0,47.0
2022-06-24 13:30:00,4705.0,4705.0,4705.0,4705.0,0.0,0.0,47.0
2022-06-24 13:35:00,4705.0,4705.0,4705.0,4705.0,0.0,0.0,47.0
2022-06-24 13:40:00,4705.0,4705.0,4705.0,4705.0,0.0,0.0,47.0
2022-06-24 13:45:00,4705.0,4705.0,4705.0,4705.0,0.0,0.0,47.0
2022-06-24 13:50:00,4705.0,4705.0,4705.0,4705.0,0.0,0.0,47.0
2022-06-24 13:55:00,4705.0,4705.0,4705.0,4705.0,0.0,0.0,47.0
2022-06-24 14:00:00,4705.0,4705.0,4705.0,4705.0,0.0,0.0,47.0
2022-06-24 14:05:00,4705.0,4705.0,4705.0,4705.0,0.0,0.0,47.0
2022-06-24 14:10:00,4705.0,4705.0,4705.0,4705.0,0.0,0.0,47.0
2022-06-24 14:15:00,4705.0,4705.0,4705.0,4705.0,0.0,0.0,47.0
2022-06-24 14:20:00,4705.0,4751.0,4705.0,4751.0,1.0,47510.0,46.0
2022-06-24 14:25:00,4751.0,4751.0,4751.0,4751.0,0.0,0.0,46.0
2022-06-24 14:30:00,4751.0,4751.0,4740.0,4740.0,1.0,47400.0,47.0
2022-06-24 14:35:00,4740.0,4740.0,4740.0,4740.0,0.0,0.0,47.0
2022-06-24 14:40:00,4740.0,4740.0,4740.0,4740.0,0.0,0.0,47.0
2022-06-24 14:45:00,4740.0,4740.0,4693.0,4693.0,6.0,281980.0,48.0
2022-06-24 14:50:00,4701.0,4701.0,4693.0,4701.0,2.0,94020.0,50.0
2022-06-24 14:55:00,4701.0,4701.0,4699.0,4699.0,3.0,141040.0,51.0
2022-06-24 21:00:00,4699.0,4699.0,4699.0,4699.0,0.0,0.0,51.0
2022-06-24 21:05:00,4699.0,4699.0,4699.0,4699.0,0.0,0.0,51.0
2022-06-24 21:10:00,4699.0,4771.0,4699.0,4771.0,5.0,238540.0,49.0
2022-06-24 21:15:00,4771.0,4771.0,4771.0,4771.0,1.0,47710.0,49.0
2022-06-24 21:20:00,4771.0,4771.0,4771.0,4771.0,0.0,0.0,49.0
2022-06-24 21:25:00,4771.0,4771.0,4771.0,4771.0,0.0,0.0,49.0
2022-06-24 21:30:00,4771.0,4771.0,4771.0,4771.0,0.0,0.0,49.0
2022-06-24 21:35:00,4771.0,4771.0,4720.0,4720.0,1.0,47200.0,50.0
2022-06-24 21:40:00,4703.0,4746.0,4703.0,4746.0,2.0,94490.0,50.0
2022-06-24 21:45:00,4746.0,4746.0,4746.0,4746.0,0.0,0.0,50.0
2022-06-24 21:50:00,4746.0,4746.0,4746.0,4746.0,0.0,0.0,50.0
2022-06-24 21:55:00,4746.0,4746.0,4746.0,4746.0,0.0,0.0,50.0
2022-06-24 22:00:00,4746.0,4746.0,4746.0,4746.0,0.0,0.0,50.0
2022-06-24 22:05:00,4746.0,4746.0,4746.0,4746.0,0.0,0.0,50.0
2022-06-24 22:10:00,4746.0,4746.0,4746.0,4746.0,0.0,0.0,50.0
2022-06-24 22:15:00,4746.0,4746.0,4746.0,4746.0,0.0,0.0,50.0
2022-06-24 22:20:00,4746.0,4746.0,4746.0,4746.0,0.0,0.0,50.0
2022-06-24 22:25:00,4746.0,4746.0,4746.0,4746.0,0.0,0.0,50.0
2022-06-24 22:30:00,4746.0,4746.0,4746.0,4746.0,0.0,0.0,50.0
2022-06-24 22:35:00,4746.0,4746.0,4746.0,4746.0,0.0,0.0,50.0
2022-06-24 22:40:00,4746.0,4746.0,4746.0,4746.0,0.0,0.0,50.0
2022-06-24 22:45:00,4746.0,4819.0,4746.0,4819.0,1.0,48190.0,49.0
2022-06-24 22:50:00,4819.0,4819.0,4819.0,4819.0,0.0,0.0,49.0
2022-06-24 22:55:00,4819.0,4819.0,4819.0,4819.0,0.0,0.0,49.0
2022-06-27 09:00:00,4819.0,4819.0,4819.0,4819.0,0.0,0.0,49.0
2022-06-27 09:05:00,4819.0,4819.0,4819.0,4819.0,0.0,0.0,49.0
2022-06-27 09:10:00,4819.0,4819.0,4819.0,4819.0,0.0,0.0,49.0
2022-06-27 09:15:00,4819.0,4819.0,4819.0,4819.0,0.0,0.0,49.0
2022-06-27 09:20:00,4819.0,4819.0,4819.0,4819.0,0.0,0.0,49.0
2022-06-27 09:25:00,4819.0,4819.0,4819.0,4819.0,0.0,0.0,49.0
2022-06-27 09:30:00,4819.0,4819.0,4760.0,4760.0,1.0,47600.0,50.0
2022-06-27 09:35:00,4760.0,4760.0,4760.0,4760.0,0.0,0.0,50.0
2022-06-27 09:40:00,4760.0,4760.0,4760.0,4760.0,0.0,0.0,50.0
2022-06-27 09:45:00,4760.0,4760.0,4760.0,4760.0,0.0,0.0,50.0
2022-06-27 09:50:00,4760.0,4760.0,4760.0,4760.0,0.0,0.0,50.0
2022-06-27 09:55:00,4760.0,4760.0,4760.0,4760.0,0.0,0.0,50.0
2022-06-27 10:00:00,4760.0,4760.0,4760.0,4760.0,0.0,0.0,50.0
2022-06-27 10:05:00,4760.0,4760.0,4760.0,4760.0,0.0,0.0,50.0
2022-06-27 10:10:00,4760.0,4760.0,4760.0,4760.0,0.0,0.0,50.0
2022-06-27 10:30:00,4760.0,4760.0,4760.0,4760.0,0.0,0.0,50.0
2022-06-27 10:35:00,4760.0,4760.0,4760.0,4760.0,0.0,0.0,50.0
2022-06-27 10:40:00,4760.0,4760.0,4760.0,4760.0,0.0,0.0,50.0
2022-06-27 10:45:00,4760.0,4760.0,4760.0,4760.0,0.0,0.0,50.0
2022-06-27 10:50:00,4760.0,4760.0,4760.0,4760.0,0.0,0.0,50.0
2022-06-27 10:55:00,4760.0,4760.0,4760.0,4760.0,0.0,0.0,50.0
2022-06-27 11:00:00,4760.0,4760.0,4760.0,4760.0,0.0,0.0,50.0
2022-06-27 11:05:00,4760.0,4760.0,4760.0,4760.0,0.0,0.0,50.0
2022-06-27 11:10:00,4760.0,4760.0,4760.0,4760.0,0.0,0.0,50.0
2022-06-27 11:15:00,4760.0,4760.0,4760.0,4760.0,0.0,0.0,50.0
2022-06-27 11:20:00,4760.0,4760.0,4760.0,4760.0,0.0,0.0,50.0
2022-06-27 11:25:00,4760.0,4760.0,4760.0,4760.0,0.0,0.0,50.0
2022-06-27 13:30:00,4760.0,4760.0,4760.0,4760.0,0.0,0.0,50.0
2022-06-27 13:35:00,4760.0,4760.0,4760.0,4760.0,0.0,0.0,50.0
2022-06-27 13:40:00,4760.0,4760.0,4760.0,4760.0,0.0,0.0,50.0
2022-06-27 13:45:00,4760.0,4760.0,4760.0,4760.0,0.0,0.0,50.0
2022-06-27 13:50:00,4760.0,4760.0,4760.0,4760.0,0.0,0.0,50.0
2022-06-27 13:55:00,4760.0,4760.0,4760.0,4760.0,0.0,0.0,50.0
2022-06-27 14:00:00,4760.0,4760.0,4760.0,4760.0,0.0,0.0,50.0
2022-06-27 14:05:00,4760.0,4760.0,4760.0,4760.0,0.0,0.0,50.0
2022-06-27 14:10:00,4760.0,4760.0,4760.0,4760.0,0.0,0.0,50.0
2022-06-27 14:15:00,4760.0,4760.0,4760.0,4760.0,0.0,0.0,50.0
2022-06-27 14:20:00,4760.0,4760.0,4760.0,4760.0,0.0,0.0,50.0
2022-06-27 14:25:00,4760.0,4760.0,4760.0,4760.0,0.0,0.0,50.0
2022-06-27 14:30:00,4760.0,4789.0,4727.0,4727.0,4.0,189700.0,53.0
2022-06-27 14:35:00,4727.0,4730.0,4727.0,4730.0,2.0,94600.0,53.0
2022-06-27 14:40:00,4730.0,4738.0,4730.0,4738.0,1.0,47380.0,52.0
2022-06-27 14:45:00,4738.0,4738.0,4738.0,4738.0,0.0,0.0,52.0
2022-06-27 14:50:00,4738.0,4738.0,4738.0,4738.0,0.0,0.0,52.0
2022-06-27 14:55:00,4738.0,4738.0,4738.0,4738.0,0.0,0.0,52.0
2022-06-27 21:00:00,4738.0,4738.0,4738.0,4738.0,0.0,0.0,52.0
2022-06-27 21:05:00,4738.0,4738.0,4738.0,4738.0,0.0,0.0,52.0
2022-06-27 21:10:00,4738.0,4738.0,4738.0,4738.0,0.0,0.0,52.0
2022-06-27 21:15:00,4738.0,4738.0,4738.0,4738.0,0.0,0.0,52.0
2022-06-27 21:20:00,4738.0,4738.0,4738.0,4738.0,0.0,0.0,52.0
2022-06-27 21:25:00,4738.0,4738.0,4738.0,4738.0,0.0,0.0,52.0
2022-06-27 21:30:00,4738.0,4738.0,4738.0,4738.0,0.0,0.0,52.0
2022-06-27 21:35:00,4738.0,4738.0,4738.0,4738.0,0.0,0.0,52.0
2022-06-27 21:40:00,4738.0,4738.0,4738.0,4738.0,0.0,0.0,52.0
2022-06-27 21:45:00,4738.0,4738.0,4738.0,4738.0,0.0,0.0,52.0
2022-06-27 21:50:00,4738.0,4738.0,4738.0,4738.0,0.0,0.0,52.0
2022-06-27 21:55:00,4738.0,4738.0,4738.0,4738.0,0.0,0.0,52.0
2022-06-27 22:00:00,4738.0,4738.0,4738.0,4738.0,0.0,0.0,52.0
2022-06-27 22:05:00,4738.0,4738.0,4738.0,4738.0,0.0,0.0,52.0
2022-06-27 22:10:00,4738.0,4738.0,4738.0,4738.0,0.0,0.0,52.0
2022-06-27 22:15:00,4738.0,4738.0,4738.0,4738.0,0.0,0.0,52.0
2022-06-27 22:20:00,4738.0,4738.0,4738.0,4738.0,0.0,0.0,52.0
2022-06-27 22:25:00,4738.0,4738.0,4738.0,4738.0,0.0,0.0,52.0
2022-06-27 22:30:00,4738.0,4738.0,4738.0,4738.0,0.0,0.0,52.0
2022-06-27 22:35:00,4738.0,4738.0,4738.0,4738.0,0.0,0.0,52.0
2022-06-27 22:40:00,4738.0,4738.0,4738.0,4738.0,0.0,0.0,52.0
2022-06-27 22:45:00,4738.0,4738.0,4738.0,4738.0,0.0,0.0,52.0
2022-06-27 22:50:00,4738.0,4738.0,4738.0,4738.0,0.0,0.0,52.0
2022-06-27 22:55:00,4738.0,4738.0,4738.0,4738.0,0.0,0.0,52.0
2022-06-28 09:00:00,4738.0,4738.0,4738.0,4738.0,0.0,0.0,52.0
2022-06-28 09:05:00,4738.0,4738.0,4738.0,4738.0,0.0,0.0,52.0
2022-06-28 09:10:00,4738.0,4738.0,4738.0,4738.0,0.0,0.0,52.0
2022-06-28 09:15:00,4738.0,4738.0,4738.0,4738.0,0.0,0.0,52.0
2022-06-28 09:20:00,4738.0,4738.0,4738.0,4738.0,0.0,0.0,52.0
2022-06-28 09:25:00,4738.0,4738.0,4738.0,4738.0,0.0,0.0,52.0
2022-06-28 09:30:00,4738.0,4738.0,4738.0,4738.0,0.0,0.0,52.0
2022-06-28 09:35:00,4738.0,4738.0,4738.0,4738.0,0.0,0.0,52.0
2022-06-28 09:40:00,4738.0,4738.0,4738.0,4738.0,0.0,0.0,52.0
2022-06-28 09:45:00,4738.0,4738.0,4738.0,4738.0,0.0,0.0,52.0
2022-06-28 09:50:00,4738.0,4738.0,4738.0,4738.0,0.0,0.0,52.0
2022-06-28 09:55:00,4738.0,4738.0,4738.0,4738.0,0.0,0.0,52.0
2022-06-28 10:00:00,4738.0,4738.0,4738.0,4738.0,0.0,0.0,52.0
2022-06-28 10:05:00,4738.0,4738.0,4738.0,4738.0,0.0,0.0,52.0
2022-06-28 10:10:00,4738.0,4738.0,4738.0,4738.0,0.0,0.0,52.0
2022-06-28 10:30:00,4738.0,4738.0,4738.0,4738.0,0.0,0.0,52.0
2022-06-28 10:35:00,4738.0,4738.0,4738.0,4738.0,0.0,0.0,52.0
2022-06-28 10:40:00,4738.0,4738.0,4738.0,4738.0,0.0,0.0,52.0
2022-06-28 10:45:00,4738.0,4738.0,4738.0,4738.0,0.0,0.0,52.0
2022-06-28 10:50:00,4738.0,4738.0,4738.0,4738.0,0.0,0.0,52.0
2022-06-28 10:55:00,4738.0,4738.0,4738.0,4738.0,0.0,0.0,52.0
2022-06-28 11:00:00,4738.0,4738.0,4738.0,4738.0,0.0,0.0,52.0
2022-06-28 11:05:00,4738.0,4738.0,4738.0,4738.0,0.0,0.0,52.0
2022-06-28 11:10:00,4738.0,4738.0,4738.0,4738.0,0.0,0.0,52.0
2022-06-28 11:15:00,4738.0,4738.0,4738.0,4738.0,0.0,0.0,52.0
2022-06-28 11:20:00,4738.0,4738.0,4738.0,4738.0,0.0,0.0,52.0
2022-06-28 11:25:00,4738.0,4738.0,4738.0,4738.0,0.0,0.0,52.0
2022-06-28 13:30:00,4738.0,4738.0,4738.0,4738.0,0.0,0.0,52.0
2022-06-28 13:35:00,4738.0,4738.0,4738.0,4738.0,0.0,0.0,52.0
2022-06-28 13:40:00,4738.0,4738.0,4738.0,4738.0,0.0,0.0,52.0
2022-06-28 13:45:00,4738.0,4738.0,4738.0,4738.0,0.0,0.0,52.0
2022-06-28 13:50:00,4738.0,4738.0,4738.0,4738.0,0.0,0.0,52.0
2022-06-28 13:55:00,4738.0,4738.0,4738.0,4738.0,0.0,0.0,52.0
2022-06-28 14:00:00,4738.0,4738.0,4738.0,4738.0,0.0,0.0,52.0
2022-06-28 14:05:00,4738.0,4738.0,4738.0,4738.0,0.0,0.0,52.0
2022-06-28 14:10:00,4738.0,4738.0,4738.0,4738.0,0.0,0.0,52.0
2022-06-28 14:15:00,4738.0,4738.0,4738.0,4738.0,0.0,0.0,52.0
2022-06-28 14:20:00,4738.0,4738.0,4738.0,4738.0,0.0,0.0,52.0
2022-06-28 14:25:00,4738.0,4738.0,4738.0,4738.0,0.0,0.0,52.0
2022-06-28 14:30:00,4738.0,4738.0,4738.0,4738.0,0.0,0.0,52.0
2022-06-28 14:35:00,4738.0,4738.0,4738.0,4738.0,0.0,0.0,52.0
2022-06-28 14:40:00,4738.0,4738.0,4738.0,4738.0,0.0,0.0,52.0
2022-06-28 14:45:00,4738.0,4738.0,4738.0,4738.0,0.0,0.0,52.0
2022-06-28 14:50:00,4738.0,4738.0,4738.0,4738.0,0.0,0.0,52.0
2022-06-28 14:55:00,4738.0,4738.0,4738.0,4738.0,0.0,0.0,52.0
2022-06-28 21:00:00,4752.0,4752.0,4752.0,4752.0,0.0,0.0,52.0
2022-06-28 21:05:00,4752.0,4752.0,4752.0,4752.0,0.0,0.0,52.0
2022-06-28 21:10:00,4752.0,4752.0,4752.0,4752.0,0.0,0.0,52.0
2022-06-28 21:15:00,4752.0,4752.0,4752.0,4752.0,0.0,0.0,52.0
2022-06-28 21:20:00,4752.0,4752.0,4752.0,4752.0,0.0,0.0,52.0
2022-06-28 21:25:00,4752.0,4752.0,4752.0,4752.0,0.0,0.0,52.0
2022-06-28 21:30:00,4752.0,4752.0,4752.0,4752.0,0.0,0.0,52.0
2022-06-28 21:35:00,4752.0,4752.0,4752.0,4752.0,0.0,0.0,52.0
2022-06-28 21:40:00,4752.0,4752.0,4752.0,4752.0,0.0,0.0,52.0
2022-06-28 21:45:00,4752.0,4752.0,4752.0,4752.0,0.0,0.0,52.0
2022-06-28 21:50:00,4752.0,4752.0,4752.0,4752.0,0.0,0.0,52.0
2022-06-28 21:55:00,4752.0,4752.0,4752.0,4752.0,0.0,0.0,52.0
2022-06-28 22:00:00,4752.0,4752.0,4752.0,4752.0,0.0,0.0,52.0
2022-06-28 22:05:00,4752.0,4752.0,4752.0,4752.0,0.0,0.0,52.0
2022-06-28 22:10:00,4752.0,4752.0,4752.0,4752.0,0.0,0.0,52.0
2022-06-28 22:15:00,4752.0,4752.0,4752.0,4752.0,0.0,0.0,52.0
2022-06-28 22:20:00,4752.0,4752.0,4752.0,4752.0,0.0,0.0,52.0
2022-06-28 22:25:00,4752.0,4752.0,4752.0,4752.0,0.0,0.0,52.0
2022-06-28 22:30:00,4752.0,4752.0,4752.0,4752.0,0.0,0.0,52.0
2022-06-28 22:35:00,4752.0,4752.0,4688.0,4688.0,1.0,46880.0,52.0
2022-06-28 22:40:00,4688.0,4688.0,4688.0,4688.0,0.0,0.0,52.0
2022-06-28 22:45:00,4688.0,4688.0,4688.0,4688.0,0.0,0.0,52.0
2022-06-28 22:50:00,4688.0,4688.0,4688.0,4688.0,0.0,0.0,52.0
2022-06-28 22:55:00,4688.0,4688.0,4688.0,4688.0,0.0,0.0,52.0
2022-06-29 09:00:00,4688.0,4688.0,4688.0,4688.0,0.0,0.0,52.0
2022-06-29 09:05:00,4688.0,4688.0,4688.0,4688.0,0.0,0.0,52.0
2022-06-29 09:10:00,4688.0,4688.0,4688.0,4688.0,0.0,0.0,52.0
2022-06-29 09:15:00,4688.0,4688.0,4688.0,4688.0,0.0,0.0,52.0
2022-06-29 09:20:00,4688.0,4688.0,4688.0,4688.0,0.0,0.0,52.0
2022-06-29 09:25:00,4688.0,4688.0,4688.0,4688.0,0.0,0.0,52.0
2022-06-29 09:30:00,4688.0,4688.0,4682.0,4682.0,1.0,46820.0,52.0
2022-06-29 09:35:00,4682.0,4682.0,4682.0,4682.0,0.0,0.0,52.0
2022-06-29 09:40:00,4682.0,4710.0,4682.0,4710.0,1.0,47100.0,52.0
2022-06-29 09:45:00,4680.0,4710.0,4680.0,4680.0,2.0,93600.0,54.0
2022-06-29 09:50:00,4680.0,4680.0,4680.0,4680.0,0.0,0.0,54.0
2022-06-29 09:55:00,4680.0,4680.0,4680.0,4680.0,0.0,0.0,54.0
2022-06-29 10:00:00,4680.0,4680.0,4680.0,4680.0,0.0,0.0,54.0
2022-06-29 10:05:00,4680.0,4680.0,4680.0,4680.0,0.0,0.0,54.0
2022-06-29 10:10:00,4680.0,4680.0,4680.0,4680.0,0.0,0.0,54.0
2022-06-29 10:30:00,4680.0,4735.0,4680.0,4735.0,1.0,47350.0,54.0
2022-06-29 10:35:00,4735.0,4735.0,4735.0,4735.0,0.0,0.0,54.0
2022-06-29 10:40:00,4735.0,4735.0,4735.0,4735.0,0.0,0.0,54.0
2022-06-29 10:45:00,4735.0,4735.0,4735.0,4735.0,0.0,0.0,54.0
2022-06-29 10:50:00,4735.0,4735.0,4735.0,4735.0,0.0,0.0,54.0
2022-06-29 10:55:00,4735.0,4735.0,4735.0,4735.0,0.0,0.0,54.0
2022-06-29 11:00:00,4735.0,4735.0,4735.0,4735.0,0.0,0.0,54.0
2022-06-29 11:05:00,4735.0,4735.0,4735.0,4735.0,0.0,0.0,54.0
2022-06-29 11:10:00,4735.0,4735.0,4735.0,4735.0,0.0,0.0,54.0
2022-06-29 11:15:00,4735.0,4735.0,4735.0,4735.0,0.0,0.0,54.0
2022-06-29 11:20:00,4735.0,4735.0,4735.0,4735.0,0.0,0.0,54.0
2022-06-29 11:25:00,4735.0,4735.0,4671.0,4671.0,1.0,46710.0,54.0
2022-06-29 13:30:00,4671.0,4671.0,4671.0,4671.0,0.0,0.0,54.0
2022-06-29 13:35:00,4671.0,4671.0,4667.0,4667.0,2.0,93350.0,56.0
2022-06-29 13:40:00,4667.0,4667.0,4667.0,4667.0,0.0,0.0,56.0
2022-06-29 13:45:00,4667.0,4667.0,4667.0,4667.0,0.0,0.0,56.0
2022-06-29 13:50:00,4667.0,4667.0,4666.0,4666.0,1.0,46660.0,56.0
2022-06-29 13:55:00,4666.0,4666.0,4666.0,4666.0,0.0,0.0,56.0
2022-06-29 14:00:00,4666.0,4666.0,4666.0,4666.0,0.0,0.0,56.0
2022-06-29 14:05:00,4666.0,4666.0,4666.0,4666.0,0.0,0.0,56.0
2022-06-29 14:10:00,4666.0,4666.0,4666.0,4666.0,0.0,0.0,56.0
2022-06-29 14:15:00,4666.0,4666.0,4666.0,4666.0,0.0,0.0,56.0
2022-06-29 14:20:00,4666.0,4666.0,4666.0,4666.0,0.0,0.0,56.0
2022-06-29 14:25:00,4666.0,4666.0,4666.0,4666.0,0.0,0.0,56.0
2022-06-29 14:30:00,4666.0,4666.0,4666.0,4666.0,0.0,0.0,56.0
2022-06-29 14:35:00,4666.0,4666.0,4666.0,4666.0,0.0,0.0,56.0
2022-06-29 14:40:00,4666.0,4666.0,4666.0,4666.0,0.0,0.0,56.0
2022-06-29 14:45:00,4666.0,4666.0,4666.0,4666.0,0.0,0.0,56.0
2022-06-29 14:50:00,4666.0,4666.0,4666.0,4666.0,0.0,0.0,56.0
2022-06-29 14:55:00,4666.0,4666.0,4666.0,4666.0,0.0,0.0,56.0
2022-06-29 21:00:00,4640.0,4736.0,4640.0,4690.0,4.0,187560.0,56.0
2022-06-29 21:05:00,4690.0,4749.0,4690.0,4749.0,3.0,141330.0,56.0
2022-06-29 21:10:00,4749.0,4749.0,4749.0,4749.0,0.0,0.0,56.0
2022-06-29 21:15:00,4749.0,4749.0,4749.0,4749.0,0.0,0.0,56.0
2022-06-29 21:20:00,4749.0,4749.0,4749.0,4749.0,0.0,0.0,56.0
2022-06-29 21:25:00,4749.0,4749.0,4749.0,4749.0,0.0,0.0,56.0
2022-06-29 21:30:00,4749.0,4749.0,4749.0,4749.0,0.0,0.0,56.0
2022-06-29 21:35:00,4749.0,4749.0,4749.0,4749.0,0.0,0.0,56.0
2022-06-29 21:40:00,4749.0,4749.0,4744.0,4745.0,2.0,94890.0,54.0
2022-06-29 21:45:00,4745.0,4745.0,4745.0,4745.0,0.0,0.0,54.0
2022-06-29 21:50:00,4748.0,4748.0,4745.0,4748.0,1.0,47480.0,54.0
2022-06-29 21:55:00,4748.0,4748.0,4748.0,4748.0,0.0,0.0,54.0
2022-06-29 22:00:00,4748.0,4849.0,4748.0,4849.0,1.0,48490.0,55.0
2022-06-29 22:05:00,4849.0,4849.0,4725.0,4725.0,1.0,47250.0,54.0
2022-06-29 22:10:00,4725.0,4725.0,4725.0,4725.0,0.0,0.0,54.0
2022-06-29 22:15:00,4725.0,4725.0,4725.0,4725.0,0.0,0.0,54.0
2022-06-29 22:20:00,4725.0,4725.0,4725.0,4725.0,0.0,0.0,54.0
2022-06-29 22:25:00,4725.0,4725.0,4725.0,4725.0,0.0,0.0,54.0
2022-06-29 22:30:00,4725.0,4725.0,4725.0,4725.0,0.0,0.0,54.0
2022-06-29 22:35:00,4725.0,4725.0,4725.0,4725.0,0.0,0.0,54.0
2022-06-29 22:40:00,4725.0,4725.0,4725.0,4725.0,0.0,0.0,54.0
2022-06-29 22:45:00,4725.0,4725.0,4725.0,4725.0,0.0,0.0,54.0
2022-06-29 22:50:00,4725.0,4725.0,4725.0,4725.0,0.0,0.0,54.0
2022-06-29 22:55:00,4725.0,4725.0,4725.0,4725.0,0.0,0.0,54.0
2022-06-30 09:00:00,4725.0,4725.0,4725.0,4725.0,0.0,0.0,54.0
2022-06-30 09:05:00,4725.0,4725.0,4725.0,4725.0,0.0,0.0,54.0
2022-06-30 09:10:00,4725.0,4725.0,4725.0,4725.0,0.0,0.0,54.0
2022-06-30 09:15:00,4727.0,4727.0,4727.0,4727.0,1.0,47270.0,55.0
2022-06-30 09:20:00,4727.0,4727.0,4727.0,4727.0,0.0,0.0,55.0
2022-06-30 09:25:00,4727.0,4727.0,4727.0,4727.0,0.0,0.0,55.0
2022-06-30 09:30:00,4727.0,4727.0,4727.0,4727.0,0.0,0.0,55.0
2022-06-30 09:35:00,4727.0,4727.0,4727.0,4727.0,0.0,0.0,55.0
2022-06-30 09:40:00,4727.0,4727.0,4727.0,4727.0,0.0,0.0,55.0
2022-06-30 09:45:00,4727.0,4727.0,4726.0,4726.0,1.0,47260.0,55.0
2022-06-30 09:50:00,4758.0,4758.0,4758.0,4758.0,1.0,47580.0,54.0
2022-06-30 09:55:00,4758.0,4758.0,4758.0,4758.0,0.0,0.0,54.0
2022-06-30 10:00:00,4758.0,4758.0,4758.0,4758.0,0.0,0.0,54.0
2022-06-30 10:05:00,4758.0,4758.0,4758.0,4758.0,0.0,0.0,54.0
2022-06-30 10:10:00,4758.0,4758.0,4758.0,4758.0,0.0,0.0,54.0
2022-06-30 10:30:00,4758.0,4758.0,4758.0,4758.0,0.0,0.0,54.0
2022-06-30 10:35:00,4758.0,4758.0,4758.0,4758.0,0.0,0.0,54.0
2022-06-30 10:40:00,4758.0,4758.0,4758.0,4758.0,0.0,0.0,54.0
2022-06-30 10:45:00,4758.0,4758.0,4758.0,4758.0,0.0,0.0,54.0
2022-06-30 10:50:00,4758.0,4758.0,4758.0,4758.0,0.0,0.0,54.0
2022-06-30 10:55:00,4758.0,4758.0,4758.0,4758.0,0.0,0.0,54.0
2022-06-30 11:00:00,4758.0,4758.0,4758.0,4758.0,0.0,0.0,54.0
2022-06-30 11:05:00,4758.0,4758.0,4758.0,4758.0,0.0,0.0,54.0
2022-06-30 11:10:00,4758.0,4758.0,4758.0,4758.0,0.0,0.0,54.0
2022-06-30 11:15:00,4758.0,4758.0,4758.0,4758.0,0.0,0.0,54.0
2022-06-30 11:20:00,4758.0,4758.0,4756.0,4756.0,1.0,47560.0,54.0
2022-06-30 11:25:00,4756.0,4756.0,4756.0,4756.0,0.0,0.0,54.0
2022-06-30 13:30:00,4756.0,4795.0,4756.0,4795.0,1.0,47950.0,54.0
2022-06-30 13:35:00,4795.0,4795.0,4795.0,4795.0,0.0,0.0,54.0
2022-06-30 13:40:00,4795.0,4795.0,4757.0,4757.0,1.0,47570.0,55.0
2022-06-30 13:45:00,4757.0,4757.0,4757.0,4757.0,0.0,0.0,55.0
2022-06-30 13:50:00,4757.0,4757.0,4757.0,4757.0,0.0,0.0,55.0
2022-06-30 13:55:00,4757.0,4757.0,4757.0,4757.0,0.0,0.0,55.0
2022-06-30 14:00:00,4757.0,4757.0,4757.0,4757.0,0.0,0.0,55.0
2022-06-30 14:05:00,4757.0,4757.0,4757.0,4757.0,0.0,0.0,55.0
2022-06-30 14:10:00,4757.0,4757.0,4757.0,4757.0,0.0,0.0,55.0
2022-06-30 14:15:00,4757.0,4757.0,4757.0,4757.0,0.0,0.0,55.0
2022-06-30 14:20:00,4757.0,4757.0,4757.0,4757.0,0.0,0.0,55.0
2022-06-30 14:25:00,4757.0,4757.0,4757.0,4757.0,0.0,0.0,55.0
2022-06-30 14:30:00,4757.0,4757.0,4757.0,4757.0,0.0,0.0,55.0
2022-06-30 14:35:00,4757.0,4757.0,4757.0,4757.0,0.0,0.0,55.0
2022-06-30 14:40:00,4757.0,4757.0,4757.0,4757.0,0.0,0.0,55.0
2022-06-30 14:45:00,4757.0,4757.0,4757.0,4757.0,0.0,0.0,55.0
2022-06-30 14:50:00,4757.0,4757.0,4757.0,4757.0,0.0,0.0,55.0
2022-06-30 14:55:00,4757.0,4757.0,4757.0,4757.0,0.0,0.0,55.0
2022-06-30 21:00:00,4757.0,4757.0,4757.0,4757.0,0.0,0.0,55.0
2022-06-30 21:05:00,4757.0,4757.0,4757.0,4757.0,0.0,0.0,55.0
2022-06-30 21:10:00,4757.0,4757.0,4757.0,4757.0,0.0,0.0,55.0
2022-06-30 21:15:00,4757.0,4757.0,4757.0,4757.0,0.0,0.0,55.0
2022-06-30 21:20:00,4757.0,4757.0,4757.0,4757.0,0.0,0.0,55.0
2022-06-30 21:25:00,4757.0,4757.0,4757.0,4757.0,0.0,0.0,55.0
2022-06-30 21:30:00,4757.0,4757.0,4757.0,4757.0,0.0,0.0,55.0
2022-06-30 21:35:00,4757.0,4757.0,4757.0,4757.0,0.0,0.0,55.0
2022-06-30 21:40:00,4757.0,4757.0,4757.0,4757.0,0.0,0.0,55.0
2022-06-30 21:45:00,4757.0,4757.0,4757.0,4757.0,0.0,0.0,55.0
2022-06-30 21:50:00,4757.0,4757.0,4757.0,4757.0,0.0,0.0,55.0
2022-06-30 21:55:00,4757.0,4757.0,4757.0,4757.0,0.0,0.0,55.0
2022-06-30 22:00:00,4757.0,4757.0,4757.0,4757.0,0.0,0.0,55.0
2022-06-30 22:05:00,4757.0,4757.0,4757.0,4757.0,0.0,0.0,55.0
2022-06-30 22:10:00,4757.0,4757.0,4757.0,4757.0,0.0,0.0,55.0
2022-06-30 22:15:00,4757.0,4757.0,4757.0,4757.0,0.0,0.0,55.0
2022-06-30 22:20:00,4757.0,4757.0,4727.0,4727.0,1.0,47270.0,55.0
2022-06-30 22:25:00,4727.0,4727.0,4727.0,4727.0,0.0,0.0,55.0
2022-06-30 22:30:00,4727.0,4727.0,4727.0,4727.0,0.0,0.0,55.0
2022-06-30 22:35:00,4727.0,4727.0,4727.0,4727.0,0.0,0.0,55.0
2022-06-30 22:40:00,4727.0,4727.0,4727.0,4727.0,0.0,0.0,55.0
2022-06-30 22:45:00,4727.0,4727.0,4727.0,4727.0,0.0,0.0,55.0
2022-06-30 22:50:00,4727.0,4727.0,4727.0,4727.0,0.0,0.0,55.0
2022-06-30 22:55:00,4727.0,4727.0,4727.0,4727.0,0.0,0.0,55.0
2022-07-01 09:00:00,4727.0,4727.0,4727.0,4727.0,0.0,0.0,55.0
2022-07-01 09:05:00,4727.0,4727.0,4727.0,4727.0,0.0,0.0,55.0
2022-07-01 09:10:00,4727.0,4727.0,4727.0,4727.0,0.0,0.0,55.0
2022-07-01 09:15:00,4727.0,4727.0,4727.0,4727.0,0.0,0.0,55.0
2022-07-01 09:20:00,4727.0,4727.0,4727.0,4727.0,0.0,0.0,55.0
2022-07-01 09:25:00,4727.0,4727.0,4727.0,4727.0,0.0,0.0,55.0
2022-07-01 09:30:00,4727.0,4727.0,4727.0,4727.0,0.0,0.0,55.0
2022-07-01 09:35:00,4727.0,4727.0,4727.0,4727.0,0.0,0.0,55.0
2022-07-01 09:40:00,4727.0,4727.0,4720.0,4720.0,1.0,47200.0,55.0
2022-07-01 09:45:00,4720.0,4720.0,4720.0,4720.0,0.0,0.0,55.0
2022-07-01 09:50:00,4720.0,4720.0,4720.0,4720.0,0.0,0.0,55.0
2022-07-01 09:55:00,4720.0,4720.0,4720.0,4720.0,0.0,0.0,55.0
2022-07-01 10:00:00,4720.0,4720.0,4720.0,4720.0,0.0,0.0,55.0
2022-07-01 10:05:00,4720.0,4720.0,4720.0,4720.0,0.0,0.0,55.0
2022-07-01 10:10:00,4720.0,4720.0,4720.0,4720.0,0.0,0.0,55.0
2022-07-01 10:30:00,4720.0,4720.0,4720.0,4720.0,0.0,0.0,55.0
2022-07-01 10:35:00,4720.0,4720.0,4720.0,4720.0,0.0,0.0,55.0
2022-07-01 10:40:00,4720.0,4720.0,4720.0,4720.0,0.0,0.0,55.0
2022-07-01 10:45:00,4720.0,4720.0,4720.0,4720.0,0.0,0.0,55.0
2022-07-01 10:50:00,4720.0,4720.0,4720.0,4720.0,0.0,0.0,55.0
2022-07-01 10:55:00,4720.0,4720.0,4720.0,4720.0,0.0,0.0,55.0
2022-07-01 11:00:00,4720.0,4720.0,4720.0,4720.0,0.0,0.0,55.0
2022-07-01 11:05:00,4720.0,4720.0,4720.0,4720.0,0.0,0.0,55.0
2022-07-01 11:10:00,4720.0,4720.0,4720.0,4720.0,0.0,0.0,55.0
2022-07-01 11:15:00,4720.0,4720.0,4720.0,4720.0,0.0,0.0,55.0
2022-07-01 11:20:00,4720.0,4720.0,4720.0,4720.0,0.0,0.0,55.0
2022-07-01 11:25:00,4720.0,4720.0,4720.0,4720.0,0.0,0.0,55.0
2022-07-01 13:30:00,4720.0,4720.0,4720.0,4720.0,0.0,0.0,55.0
2022-07-01 13:35:00,4720.0,4720.0,4720.0,4720.0,0.0,0.0,55.0
2022-07-01 13:40:00,4720.0,4720.0,4720.0,4720.0,0.0,0.0,55.0
2022-07-01 13:45:00,4720.0,4720.0,4720.0,4720.0,0.0,0.0,55.0
2022-07-01 13:50:00,4720.0,4720.0,4640.0,4640.0,1.0,46400.0,55.0
2022-07-01 13:55:00,4657.0,4657.0,4657.0,4657.0,1.0,46570.0,56.0
2022-07-01 14:00:00,4657.0,4657.0,4657.0,4657.0,0.0,0.0,56.0
2022-07-01 14:05:00,4657.0,4657.0,4657.0,4657.0,0.0,0.0,56.0
2022-07-01 14:10:00,4657.0,4657.0,4657.0,4657.0,0.0,0.0,56.0
2022-07-01 14:15:00,4657.0,4657.0,4649.0,4649.0,1.0,46490.0,56.0
2022-07-01 14:20:00,4649.0,4649.0,4649.0,4649.0,0.0,0.0,56.0
2022-07-01 14:25:00,4649.0,4649.0,4625.0,4625.0,1.0,46250.0,55.0
2022-07-01 14:30:00,4619.0,4619.0,4608.0,4608.0,3.0,138360.0,55.0
2022-07-01 14:35:00,4608.0,4608.0,4608.0,4608.0,0.0,0.0,55.0
2022-07-01 14:40:00,4608.0,4608.0,4608.0,4608.0,0.0,0.0,55.0
2022-07-01 14:45:00,4608.0,4614.0,4608.0,4614.0,1.0,46140.0,56.0
2022-07-01 14:50:00,4614.0,4624.0,4614.0,4624.0,1.0,46240.0,57.0
2022-07-01 14:55:00,4624.0,4624.0,4624.0,4624.0,0.0,0.0,57.0
2022-07-01 21:00:00,4624.0,4624.0,4624.0,4624.0,0.0,0.0,57.0
2022-07-01 21:05:00,4624.0,4624.0,4624.0,4624.0,0.0,0.0,57.0
2022-07-01 21:10:00,4624.0,4624.0,4624.0,4624.0,0.0,0.0,57.0
2022-07-01 21:15:00,4624.0,4624.0,4624.0,4624.0,0.0,0.0,57.0
2022-07-01 21:20:00,4624.0,4624.0,4624.0,4624.0,0.0,0.0,57.0
2022-07-01 21:25:00,4624.0,4624.0,4624.0,4624.0,0.0,0.0,57.0
2022-07-01 21:30:00,4624.0,4624.0,4624.0,4624.0,0.0,0.0,57.0
2022-07-01 21:35:00,4624.0,4624.0,4624.0,4624.0,0.0,0.0,57.0
2022-07-01 21:40:00,4624.0,4624.0,4624.0,4624.0,0.0,0.0,57.0
2022-07-01 21:45:00,4624.0,4624.0,4624.0,4624.0,0.0,0.0,57.0
2022-07-01 21:50:00,4624.0,4624.0,4624.0,4624.0,0.0,0.0,57.0
2022-07-01 21:55:00,4624.0,4624.0,4624.0,4624.0,0.0,0.0,57.0
2022-07-01 22:00:00,4624.0,4624.0,4624.0,4624.0,0.0,0.0,57.0
2022-07-01 22:05:00,4624.0,4624.0,4624.0,4624.0,0.0,0.0,57.0
2022-07-01 22:10:00,4624.0,4624.0,4624.0,4624.0,0.0,0.0,57.0
2022-07-01 22:15:00,4624.0,4624.0,4624.0,4624.0,0.0,0.0,57.0
2022-07-01 22:20:00,4624.0,4624.0,4624.0,4624.0,0.0,0.0,57.0
2022-07-01 22:25:00,4624.0,4624.0,4624.0,4624.0,0.0,0.0,57.0
2022-07-01 22:30:00,4624.0,4624.0,4624.0,4624.0,0.0,0.0,57.0
2022-07-01 22:35:00,4624.0,4624.0,4624.0,4624.0,0.0,0.0,57.0
2022-07-01 22:40:00,4624.0,4624.0,4624.0,4624.0,0.0,0.0,57.0
2022-07-01 22:45:00,4624.0,4624.0,4624.0,4624.0,0.0,0.0,57.0
2022-07-01 22:50:00,4624.0,4624.0,4624.0,4624.0,0.0,0.0,57.0
2022-07-01 22:55:00,4624.0,4624.0,4624.0,4624.0,0.0,0.0,57.0
2022-07-04 09:00:00,4624.0,4624.0,4624.0,4624.0,0.0,0.0,57.0
2022-07-04 09:05:00,4624.0,4624.0,4624.0,4624.0,0.0,0.0,57.0
2022-07-04 09:10:00,4624.0,4624.0,4624.0,4624.0,0.0,0.0,57.0
2022-07-04 09:15:00,4624.0,4624.0,4624.0,4624.0,0.0,0.0,57.0
2022-07-04 09:20:00,4624.0,4624.0,4624.0,4624.0,0.0,0.0,57.0
2022-07-04 09:25:00,4624.0,4624.0,4624.0,4624.0,0.0,0.0,57.0
2022-07-04 09:30:00,4624.0,4624.0,4624.0,4624.0,0.0,0.0,57.0
2022-07-04 09:35:00,4624.0,4624.0,4624.0,4624.0,0.0,0.0,57.0
2022-07-04 09:40:00,4624.0,4624.0,4624.0,4624.0,0.0,0.0,57.0
2022-07-04 09:45:00,4624.0,4624.0,4624.0,4624.0,0.0,0.0,57.0
2022-07-04 09:50:00,4624.0,4624.0,4624.0,4624.0,0.0,0.0,57.0
2022-07-04 09:55:00,4624.0,4624.0,4624.0,4624.0,0.0,0.0,57.0
2022-07-04 10:00:00,4624.0,4624.0,4624.0,4624.0,0.0,0.0,57.0
2022-07-04 10:05:00,4624.0,4624.0,4624.0,4624.0,0.0,0.0,57.0
2022-07-04 10:10:00,4624.0,4624.0,4624.0,4624.0,0.0,0.0,57.0
2022-07-04 10:30:00,4624.0,4624.0,4624.0,4624.0,0.0,0.0,57.0
2022-07-04 10:35:00,4624.0,4624.0,4624.0,4624.0,0.0,0.0,57.0
2022-07-04 10:40:00,4624.0,4624.0,4624.0,4624.0,0.0,0.0,57.0
2022-07-04 10:45:00,4624.0,4624.0,4624.0,4624.0,0.0,0.0,57.0
2022-07-04 10:50:00,4624.0,4624.0,4624.0,4624.0,0.0,0.0,57.0
2022-07-04 10:55:00,4624.0,4624.0,4624.0,4624.0,0.0,0.0,57.0
2022-07-04 11:00:00,4624.0,4624.0,4624.0,4624.0,0.0,0.0,57.0
2022-07-04 11:05:00,4624.0,4624.0,4624.0,4624.0,0.0,0.0,57.0
2022-07-04 11:10:00,4624.0,4624.0,4624.0,4624.0,0.0,0.0,57.0
2022-07-04 11:15:00,4624.0,4624.0,4624.0,4624.0,0.0,0.0,57.0
2022-07-04 11:20:00,4624.0,4624.0,4624.0,4624.0,0.0,0.0,57.0
2022-07-04 11:25:00,4624.0,4624.0,4624.0,4624.0,0.0,0.0,57.0
2022-07-04 13:30:00,4624.0,4624.0,4624.0,4624.0,0.0,0.0,57.0
2022-07-04 13:35:00,4624.0,4624.0,4624.0,4624.0,0.0,0.0,57.0
2022-07-04 13:40:00,4624.0,4624.0,4624.0,4624.0,0.0,0.0,57.0
2022-07-04 13:45:00,4624.0,4624.0,4624.0,4624.0,0.0,0.0,57.0
2022-07-04 13:50:00,4624.0,4624.0,4624.0,4624.0,0.0,0.0,57.0
2022-07-04 13:55:00,4624.0,4624.0,4624.0,4624.0,0.0,0.0,57.0
2022-07-04 14:00:00,4624.0,4624.0,4624.0,4624.0,0.0,0.0,57.0
2022-07-04 14:05:00,4624.0,4624.0,4624.0,4624.0,0.0,0.0,57.0
2022-07-04 14:10:00,4624.0,4624.0,4624.0,4624.0,0.0,0.0,57.0
2022-07-04 14:15:00,4624.0,4624.0,4624.0,4624.0,0.0,0.0,57.0
2022-07-04 14:20:00,4624.0,4624.0,4624.0,4624.0,0.0,0.0,57.0
2022-07-04 14:25:00,4624.0,4624.0,4624.0,4624.0,0.0,0.0,57.0
2022-07-04 14:30:00,4624.0,4624.0,4624.0,4624.0,0.0,0.0,57.0
2022-07-04 14:35:00,4624.0,4624.0,4624.0,4624.0,0.0,0.0,57.0
2022-07-04 14:40:00,4624.0,4624.0,4624.0,4624.0,0.0,0.0,57.0
2022-07-04 14:45:00,4624.0,4624.0,4624.0,4624.0,0.0,0.0,57.0
2022-07-04 14:50:00,4624.0,4624.0,4624.0,4624.0,0.0,0.0,57.0
2022-07-04 14:55:00,4624.0,4624.0,4624.0,4624.0,0.0,0.0,57.0
2022-07-04 21:00:00,4205.0,4644.0,4205.0,4622.0,19.0,851320.0,66.0
2022-07-04 21:05:00,4622.0,4623.0,4622.0,4623.0,1.0,46230.0,65.0
2022-07-04 21:10:00,4623.0,4630.0,4623.0,4630.0,2.0,92530.0,64.0
2022-07-04 21:15:00,4630.0,4630.0,4625.0,4625.0,1.0,46250.0,64.0
2022-07-04 21:20:00,4625.0,4625.0,4625.0,4625.0,0.0,0.0,64.0
2022-07-04 21:25:00,4625.0,4625.0,4625.0,4625.0,0.0,0.0,64.0
2022-07-04 21:30:00,4625.0,4625.0,4625.0,4625.0,1.0,46250.0,64.0
2022-07-04 21:35:00,4655.0,4655.0,4625.0,4655.0,1.0,46550.0,63.0
2022-07-04 21:40:00,4655.0,4655.0,4633.0,4633.0,1.0,46330.0,62.0
2022-07-04 21:45:00,4633.0,4633.0,4633.0,4633.0,0.0,0.0,62.0
2022-07-04 21:50:00,4633.0,4633.0,4633.0,4633.0,0.0,0.0,62.0
2022-07-04 21:55:00,4633.0,4633.0,4633.0,4633.0,0.0,0.0,62.0
2022-07-04 22:00:00,4633.0,4633.0,4633.0,4633.0,0.0,0.0,62.0
2022-07-04 22:05:00,4633.0,4633.0,4633.0,4633.0,0.0,0.0,62.0
2022-07-04 22:10:00,4633.0,4633.0,4633.0,4633.0,0.0,0.0,62.0
2022-07-04 22:15:00,4633.0,4633.0,4633.0,4633.0,0.0,0.0,62.0
2022-07-04 22:20:00,4633.0,4633.0,4633.0,4633.0,0.0,0.0,62.0
2022-07-04 22:25:00,4633.0,4633.0,4633.0,4633.0,0.0,0.0,62.0
2022-07-04 22:30:00,4633.0,4633.0,4633.0,4633.0,0.0,0.0,62.0
2022-07-04 22:35:00,4633.0,4633.0,4633.0,4633.0,0.0,0.0,62.0
2022-07-04 22:40:00,4633.0,4633.0,4633.0,4633.0,0.0,0.0,62.0
2022-07-04 22:45:00,4633.0,4633.0,4633.0,4633.0,0.0,0.0,62.0
2022-07-04 22:50:00,4633.0,4633.0,4633.0,4633.0,0.0,0.0,62.0
2022-07-04 22:55:00,4633.0,4633.0,4633.0,4633.0,0.0,0.0,62.0
2022-07-05 09:00:00,4633.0,4633.0,4633.0,4633.0,0.0,0.0,62.0
2022-07-05 09:05:00,4633.0,4633.0,4633.0,4633.0,0.0,0.0,62.0
2022-07-05 09:10:00,4633.0,4667.0,4633.0,4667.0,1.0,46670.0,62.0
2022-07-05 09:15:00,4667.0,4667.0,4667.0,4667.0,0.0,0.0,62.0
2022-07-05 09:20:00,4667.0,4710.0,4667.0,4710.0,1.0,47100.0,61.0
2022-07-05 09:25:00,4710.0,4710.0,4710.0,4710.0,0.0,0.0,61.0
2022-07-05 09:30:00,4710.0,4714.0,4710.0,4714.0,1.0,47140.0,61.0
2022-07-05 09:35:00,4714.0,4714.0,4688.0,4688.0,1.0,46880.0,61.0
2022-07-05 09:40:00,4702.0,4702.0,4702.0,4702.0,1.0,47020.0,60.0
2022-07-05 09:45:00,4702.0,4702.0,4702.0,4702.0,0.0,0.0,60.0
2022-07-05 09:50:00,4702.0,4702.0,4702.0,4702.0,0.0,0.0,60.0
2022-07-05 09:55:00,4702.0,4702.0,4702.0,4702.0,0.0,0.0,60.0
2022-07-05 10:00:00,4702.0,4702.0,4688.0,4688.0,2.0,93780.0,59.0
2022-07-05 10:05:00,4688.0,4688.0,4688.0,4688.0,0.0,0.0,59.0
2022-07-05 10:10:00,4688.0,4688.0,4688.0,4688.0,0.0,0.0,59.0
2022-07-05 10:30:00,4688.0,4688.0,4688.0,4688.0,0.0,0.0,59.0
2022-07-05 10:35:00,4688.0,4688.0,4688.0,4688.0,0.0,0.0,59.0
2022-07-05 10:40:00,4688.0,4688.0,4688.0,4688.0,0.0,0.0,59.0
2022-07-05 10:45:00,4688.0,4688.0,4688.0,4688.0,0.0,0.0,59.0
2022-07-05 10:50:00,4688.0,4688.0,4688.0,4688.0,0.0,0.0,59.0
2022-07-05 10:55:00,4688.0,4688.0,4688.0,4688.0,0.0,0.0,59.0
2022-07-05 11:00:00,4688.0,4688.0,4688.0,4688.0,0.0,0.0,59.0
2022-07-05 11:05:00,4688.0,4688.0,4688.0,4688.0,0.0,0.0,59.0
2022-07-05 11:10:00,4688.0,4688.0,4688.0,4688.0,0.0,0.0,59.0
2022-07-05 11:15:00,4688.0,4688.0,4688.0,4688.0,0.0,0.0,59.0
2022-07-05 11:20:00,4688.0,4688.0,4688.0,4688.0,0.0,0.0,59.0
2022-07-05 11:25:00,4688.0,4688.0,4688.0,4688.0,0.0,0.0,59.0
2022-07-05 13:30:00,4688.0,4688.0,4683.0,4683.0,1.0,46830.0,58.0
2022-07-05 13:35:00,4683.0,4685.0,4683.0,4685.0,4.0,187340.0,57.0
2022-07-05 13:40:00,4685.0,4685.0,4685.0,4685.0,0.0,0.0,57.0
2022-07-05 13:45:00,4685.0,4685.0,4685.0,4685.0,0.0,0.0,57.0
2022-07-05 13:50:00,4685.0,4685.0,4685.0,4685.0,0.0,0.0,57.0
2022-07-05 13:55:00,4685.0,4685.0,4685.0,4685.0,0.0,0.0,57.0
2022-07-05 14:00:00,4685.0,4685.0,4685.0,4685.0,0.0,0.0,57.0
2022-07-05 14:05:00,4685.0,4685.0,4685.0,4685.0,0.0,0.0,57.0
2022-07-05 14:10:00,4685.0,4685.0,4685.0,4685.0,0.0,0.0,57.0
2022-07-05 14:15:00,4685.0,4685.0,4685.0,4685.0,0.0,0.0,57.0
2022-07-05 14:20:00,4685.0,4685.0,4685.0,4685.0,0.0,0.0,57.0
2022-07-05 14:25:00,4685.0,4685.0,4685.0,4685.0,0.0,0.0,57.0
2022-07-05 14:30:00,4685.0,4685.0,4685.0,4685.0,0.0,0.0,57.0
2022-07-05 14:35:00,4685.0,4685.0,4685.0,4685.0,0.0,0.0,57.0
2022-07-05 14:40:00,4685.0,4685.0,4685.0,4685.0,0.0,0.0,57.0
2022-07-05 14:45:00,4685.0,4685.0,4685.0,4685.0,0.0,0.0,57.0
2022-07-05 14:50:00,4685.0,4685.0,4685.0,4685.0,0.0,0.0,57.0
2022-07-05 14:55:00,4685.0,4685.0,4685.0,4685.0,0.0,0.0,57.0
2022-07-05 21:00:00,4685.0,4685.0,4685.0,4685.0,0.0,0.0,57.0
2022-07-05 21:05:00,4685.0,4685.0,4685.0,4685.0,0.0,0.0,57.0
2022-07-05 21:10:00,4685.0,4685.0,4685.0,4685.0,0.0,0.0,57.0
2022-07-05 21:15:00,4685.0,4685.0,4685.0,4685.0,0.0,0.0,57.0
2022-07-05 21:20:00,4685.0,4685.0,4685.0,4685.0,0.0,0.0,57.0
2022-07-05 21:25:00,4685.0,4685.0,4685.0,4685.0,0.0,0.0,57.0
2022-07-05 21:30:00,4685.0,4685.0,4685.0,4685.0,0.0,0.0,57.0
2022-07-05 21:35:00,4685.0,4685.0,4685.0,4685.0,0.0,0.0,57.0
2022-07-05 21:40:00,4685.0,4685.0,4685.0,4685.0,0.0,0.0,57.0
2022-07-05 21:45:00,4685.0,4685.0,4685.0,4685.0,0.0,0.0,57.0
2022-07-05 21:50:00,4685.0,4685.0,4685.0,4685.0,0.0,0.0,57.0
2022-07-05 21:55:00,4685.0,4685.0,4685.0,4685.0,0.0,0.0,57.0
2022-07-05 22:00:00,4685.0,4685.0,4685.0,4685.0,0.0,0.0,57.0
2022-07-05 22:05:00,4685.0,4685.0,4685.0,4685.0,0.0,0.0,57.0
2022-07-05 22:10:00,4685.0,4685.0,4685.0,4685.0,0.0,0.0,57.0
2022-07-05 22:15:00,4685.0,4685.0,4685.0,4685.0,0.0,0.0,57.0
2022-07-05 22:20:00,4685.0,4685.0,4685.0,4685.0,0.0,0.0,57.0
2022-07-05 22:25:00,4685.0,4685.0,4685.0,4685.0,0.0,0.0,57.0
2022-07-05 22:30:00,4685.0,4685.0,4685.0,4685.0,0.0,0.0,57.0
2022-07-05 22:35:00,4685.0,4685.0,4685.0,4685.0,0.0,0.0,57.0
2022-07-05 22:40:00,4685.0,4685.0,4685.0,4685.0,0.0,0.0,57.0
2022-07-05 22:45:00,4685.0,4685.0,4685.0,4685.0,0.0,0.0,57.0
2022-07-05 22:50:00,4685.0,4685.0,4685.0,4685.0,0.0,0.0,57.0
2022-07-05 22:55:00,4685.0,4685.0,4685.0,4685.0,0.0,0.0,57.0
2022-07-06 09:00:00,4685.0,4685.0,4685.0,4685.0,0.0,0.0,57.0
2022-07-06 09:05:00,4685.0,4685.0,4685.0,4685.0,0.0,0.0,57.0
2022-07-06 09:10:00,4685.0,4685.0,4685.0,4685.0,0.0,0.0,57.0
2022-07-06 09:15:00,4685.0,4685.0,4685.0,4685.0,0.0,0.0,57.0
2022-07-06 09:20:00,4685.0,4685.0,4685.0,4685.0,0.0,0.0,57.0
2022-07-06 09:25:00,4685.0,4685.0,4685.0,4685.0,0.0,0.0,57.0
2022-07-06 09:30:00,4685.0,4685.0,4685.0,4685.0,0.0,0.0,57.0
2022-07-06 09:35:00,4685.0,4685.0,4685.0,4685.0,0.0,0.0,57.0
2022-07-06 09:40:00,4520.0,4685.0,4520.0,4520.0,1.0,45200.0,57.0
2022-07-06 09:45:00,4500.0,4520.0,4500.0,4500.0,1.0,45000.0,58.0
2022-07-06 09:50:00,4500.0,4500.0,4444.0,4444.0,1.0,44440.0,59.0
2022-07-06 09:55:00,4444.0,4444.0,4444.0,4444.0,0.0,0.0,59.0
2022-07-06 10:00:00,4444.0,4444.0,4444.0,4444.0,0.0,0.0,59.0
2022-07-06 10:05:00,4444.0,4444.0,4444.0,4444.0,0.0,0.0,59.0
2022-07-06 10:10:00,4444.0,4444.0,4444.0,4444.0,0.0,0.0,59.0
2022-07-06 10:30:00,4444.0,4444.0,4444.0,4444.0,0.0,0.0,59.0
2022-07-06 10:35:00,4444.0,4444.0,4444.0,4444.0,0.0,0.0,59.0
2022-07-06 10:40:00,4444.0,4444.0,4444.0,4444.0,0.0,0.0,59.0
2022-07-06 10:45:00,4444.0,4444.0,4444.0,4444.0,0.0,0.0,59.0
2022-07-06 10:50:00,4444.0,4444.0,4444.0,4444.0,0.0,0.0,59.0
2022-07-06 10:55:00,4444.0,4444.0,4444.0,4444.0,0.0,0.0,59.0
2022-07-06 11:00:00,4444.0,4444.0,4444.0,4444.0,0.0,0.0,59.0
2022-07-06 11:05:00,4444.0,4444.0,4440.0,4440.0,1.0,44400.0,60.0
2022-07-06 11:10:00,4440.0,4440.0,4440.0,4440.0,0.0,0.0,60.0
2022-07-06 11:15:00,4440.0,4440.0,4440.0,4440.0,0.0,0.0,60.0
2022-07-06 11:20:00,4440.0,4440.0,4440.0,4440.0,0.0,0.0,60.0
2022-07-06 11:25:00,4440.0,4440.0,4440.0,4440.0,0.0,0.0,60.0
2022-07-06 13:30:00,4440.0,4440.0,4440.0,4440.0,0.0,0.0,60.0
2022-07-06 13:35:00,4440.0,4440.0,4440.0,4440.0,0.0,0.0,60.0
2022-07-06 13:40:00,4440.0,4440.0,4440.0,4440.0,1.0,44400.0,61.0
2022-07-06 13:45:00,4440.0,4440.0,4440.0,4440.0,0.0,0.0,61.0
2022-07-06 13:50:00,4440.0,4440.0,4440.0,4440.0,0.0,0.0,61.0
2022-07-06 13:55:00,4440.0,4440.0,4440.0,4440.0,0.0,0.0,61.0
2022-07-06 14:00:00,4440.0,4440.0,4440.0,4440.0,0.0,0.0,61.0
2022-07-06 14:05:00,4440.0,4440.0,4440.0,4440.0,0.0,0.0,61.0
2022-07-06 14:10:00,4440.0,4440.0,4440.0,4440.0,0.0,0.0,61.0
2022-07-06 14:15:00,4440.0,4440.0,4440.0,4440.0,0.0,0.0,61.0
2022-07-06 14:20:00,4440.0,4440.0,4440.0,4440.0,0.0,0.0,61.0
2022-07-06 14:25:00,4440.0,4525.0,4440.0,4525.0,2.0,90500.0,63.0
2022-07-06 14:30:00,4525.0,4525.0,4525.0,4525.0,0.0,0.0,63.0
2022-07-06 14:35:00,4525.0,4525.0,4525.0,4525.0,0.0,0.0,63.0
2022-07-06 14:40:00,4525.0,4525.0,4525.0,4525.0,0.0,0.0,63.0
2022-07-06 14:45:00,4525.0,4525.0,4525.0,4525.0,0.0,0.0,63.0
2022-07-06 14:50:00,4525.0,4525.0,4523.0,4523.0,1.0,45230.0,63.0
2022-07-06 14:55:00,4523.0,4523.0,4523.0,4523.0,0.0,0.0,63.0
2022-07-06 21:00:00,4523.0,4523.0,4523.0,4523.0,0.0,0.0,63.0
2022-07-06 21:05:00,4523.0,4523.0,4523.0,4523.0,0.0,0.0,63.0
2022-07-06 21:10:00,4523.0,4523.0,4523.0,4523.0,0.0,0.0,63.0
2022-07-06 21:15:00,4523.0,4523.0,4523.0,4523.0,0.0,0.0,63.0
2022-07-06 21:20:00,4523.0,4523.0,4523.0,4523.0,0.0,0.0,63.0
2022-07-06 21:25:00,4523.0,4523.0,4523.0,4523.0,0.0,0.0,63.0
2022-07-06 21:30:00,4523.0,4523.0,4523.0,4523.0,0.0,0.0,63.0
2022-07-06 21:35:00,4523.0,4523.0,4523.0,4523.0,0.0,0.0,63.0
2022-07-06 21:40:00,4523.0,4523.0,4523.0,4523.0,0.0,0.0,63.0
2022-07-06 21:45:00,4523.0,4523.0,4523.0,4523.0,0.0,0.0,63.0
2022-07-06 21:50:00,4523.0,4523.0,4523.0,4523.0,0.0,0.0,63.0
2022-07-06 21:55:00,4523.0,4523.0,4523.0,4523.0,0.0,0.0,63.0
2022-07-06 22:00:00,4523.0,4523.0,4523.0,4523.0,0.0,0.0,63.0
2022-07-06 22:05:00,4523.0,4523.0,4523.0,4523.0,0.0,0.0,63.0
2022-07-06 22:10:00,4523.0,4523.0,4523.0,4523.0,0.0,0.0,63.0
2022-07-06 22:15:00,4523.0,4523.0,4523.0,4523.0,0.0,0.0,63.0
2022-07-06 22:20:00,4523.0,4523.0,4523.0,4523.0,0.0,0.0,63.0
2022-07-06 22:25:00,4523.0,4523.0,4523.0,4523.0,0.0,0.0,63.0
2022-07-06 22:30:00,4523.0,4523.0,4523.0,4523.0,0.0,0.0,63.0
2022-07-06 22:35:00,4523.0,4523.0,4523.0,4523.0,0.0,0.0,63.0
2022-07-06 22:40:00,4523.0,4523.0,4523.0,4523.0,0.0,0.0,63.0
2022-07-06 22:45:00,4523.0,4523.0,4523.0,4523.0,0.0,0.0,63.0
2022-07-06 22:50:00,4523.0,4523.0,4523.0,4523.0,0.0,0.0,63.0
2022-07-06 22:55:00,4523.0,4523.0,4523.0,4523.0,0.0,0.0,63.0
2022-07-07 09:00:00,4523.0,4523.0,4523.0,4523.0,0.0,0.0,63.0
2022-07-07 09:05:00,4523.0,4523.0,4523.0,4523.0,0.0,0.0,63.0
2022-07-07 09:10:00,4523.0,4523.0,4523.0,4523.0,0.0,0.0,63.0
2022-07-07 09:15:00,4523.0,4523.0,4523.0,4523.0,0.0,0.0,63.0
2022-07-07 09:20:00,4523.0,4523.0,4523.0,4523.0,0.0,0.0,63.0
2022-07-07 09:25:00,4523.0,4523.0,4523.0,4523.0,0.0,0.0,63.0
2022-07-07 09:30:00,4523.0,4523.0,4523.0,4523.0,0.0,0.0,63.0
2022-07-07 09:35:00,4523.0,4523.0,4523.0,4523.0,0.0,0.0,63.0
2022-07-07 09:40:00,4523.0,4523.0,4523.0,4523.0,0.0,0.0,63.0
2022-07-07 09:45:00,4523.0,4523.0,4523.0,4523.0,0.0,0.0,63.0
2022-07-07 09:50:00,4523.0,4523.0,4523.0,4523.0,0.0,0.0,63.0
2022-07-07 09:55:00,4523.0,4523.0,4523.0,4523.0,0.0,0.0,63.0
2022-07-07 10:00:00,4523.0,4523.0,4523.0,4523.0,0.0,0.0,63.0
2022-07-07 10:05:00,4523.0,4523.0,4523.0,4523.0,0.0,0.0,63.0
2022-07-07 10:10:00,4523.0,4523.0,4523.0,4523.0,0.0,0.0,63.0
2022-07-07 10:30:00,4523.0,4523.0,4523.0,4523.0,0.0,0.0,63.0
2022-07-07 10:35:00,4523.0,4523.0,4523.0,4523.0,0.0,0.0,63.0
2022-07-07 10:40:00,4523.0,4523.0,4523.0,4523.0,0.0,0.0,63.0
2022-07-07 10:45:00,4523.0,4523.0,4523.0,4523.0,0.0,0.0,63.0
2022-07-07 10:50:00,4523.0,4523.0,4523.0,4523.0,0.0,0.0,63.0
2022-07-07 10:55:00,4523.0,4523.0,4523.0,4523.0,0.0,0.0,63.0
2022-07-07 11:00:00,4523.0,4523.0,4523.0,4523.0,0.0,0.0,63.0
2022-07-07 11:05:00,4523.0,4523.0,4523.0,4523.0,0.0,0.0,63.0
2022-07-07 11:10:00,4523.0,4523.0,4523.0,4523.0,0.0,0.0,63.0
2022-07-07 11:15:00,4523.0,4523.0,4523.0,4523.0,0.0,0.0,63.0
2022-07-07 11:20:00,4523.0,4523.0,4523.0,4523.0,0.0,0.0,63.0
2022-07-07 11:25:00,4663.0,4663.0,4523.0,4663.0,1.0,46630.0,64.0
2022-07-07 13:30:00,4663.0,4663.0,4663.0,4663.0,0.0,0.0,64.0
2022-07-07 13:35:00,4663.0,4663.0,4663.0,4663.0,0.0,0.0,64.0
2022-07-07 13:40:00,4663.0,4663.0,4663.0,4663.0,0.0,0.0,64.0
2022-07-07 13:45:00,4663.0,4663.0,4663.0,4663.0,0.0,0.0,64.0
2022-07-07 13:50:00,4663.0,4663.0,4663.0,4663.0,0.0,0.0,64.0
2022-07-07 13:55:00,4663.0,4663.0,4663.0,4663.0,0.0,0.0,64.0
2022-07-07 14:00:00,4663.0,4663.0,4663.0,4663.0,0.0,0.0,64.0
2022-07-07 14:05:00,4663.0,4663.0,4663.0,4663.0,0.0,0.0,64.0
2022-07-07 14:10:00,4663.0,4663.0,4663.0,4663.0,0.0,0.0,64.0
2022-07-07 14:15:00,4663.0,4663.0,4663.0,4663.0,0.0,0.0,64.0
2022-07-07 14:20:00,4663.0,4663.0,4663.0,4663.0,0.0,0.0,64.0
2022-07-07 14:25:00,4663.0,4663.0,4663.0,4663.0,0.0,0.0,64.0
2022-07-07 14:30:00,4653.0,4663.0,4653.0,4653.0,1.0,46530.0,64.0
2022-07-07 14:35:00,4653.0,4653.0,4653.0,4653.0,0.0,0.0,64.0
2022-07-07 14:40:00,4653.0,4653.0,4649.0,4649.0,1.0,46490.0,64.0
2022-07-07 14:45:00,4649.0,4649.0,4649.0,4649.0,0.0,0.0,64.0
2022-07-07 14:50:00,4649.0,4649.0,4649.0,4649.0,0.0,0.0,64.0
2022-07-07 14:55:00,4649.0,4649.0,4649.0,4649.0,0.0,0.0,64.0
2022-07-07 21:00:00,4649.0,4649.0,4649.0,4649.0,0.0,0.0,64.0
2022-07-07 21:05:00,4649.0,4649.0,4649.0,4649.0,0.0,0.0,64.0
2022-07-07 21:10:00,4649.0,4649.0,4649.0,4649.0,0.0,0.0,64.0
2022-07-07 21:15:00,4649.0,4649.0,4649.0,4649.0,0.0,0.0,64.0
2022-07-07 21:20:00,4649.0,4721.0,4649.0,4721.0,1.0,47210.0,64.0
2022-07-07 21:25:00,4721.0,4721.0,4721.0,4721.0,0.0,0.0,64.0
2022-07-07 21:30:00,4721.0,4721.0,4721.0,4721.0,0.0,0.0,64.0
2022-07-07 21:35:00,4721.0,4721.0,4721.0,4721.0,0.0,0.0,64.0
2022-07-07 21:40:00,4721.0,4721.0,4711.0,4711.0,1.0,47110.0,63.0
2022-07-07 21:45:00,4711.0,4711.0,4711.0,4711.0,0.0,0.0,63.0
2022-07-07 21:50:00,4711.0,4711.0,4711.0,4711.0,0.0,0.0,63.0
2022-07-07 21:55:00,4711.0,4711.0,4711.0,4711.0,0.0,0.0,63.0
2022-07-07 22:00:00,4711.0,4711.0,4711.0,4711.0,0.0,0.0,63.0
2022-07-07 22:05:00,4711.0,4711.0,4711.0,4711.0,0.0,0.0,63.0
2022-07-07 22:10:00,4711.0,4711.0,4711.0,4711.0,0.0,0.0,63.0
2022-07-07 22:15:00,4711.0,4711.0,4711.0,4711.0,0.0,0.0,63.0
2022-07-07 22:20:00,4711.0,4711.0,4711.0,4711.0,0.0,0.0,63.0
2022-07-07 22:25:00,4711.0,4711.0,4711.0,4711.0,0.0,0.0,63.0
2022-07-07 22:30:00,4711.0,4711.0,4711.0,4711.0,0.0,0.0,63.0
2022-07-07 22:35:00,4711.0,4711.0,4711.0,4711.0,0.0,0.0,63.0
2022-07-07 22:40:00,4711.0,4711.0,4711.0,4711.0,0.0,0.0,63.0
2022-07-07 22:45:00,4711.0,4711.0,4711.0,4711.0,0.0,0.0,63.0
2022-07-07 22:50:00,4711.0,4711.0,4711.0,4711.0,0.0,0.0,63.0
2022-07-07 22:55:00,4711.0,4756.0,4652.0,4652.0,2.0,94080.0,62.0
2022-07-08 09:00:00,4652.0,4652.0,4652.0,4652.0,1.0,46520.0,62.0
2022-07-08 09:05:00,4652.0,4719.0,4652.0,4719.0,1.0,47190.0,62.0
2022-07-08 09:10:00,4719.0,4719.0,4719.0,4719.0,0.0,0.0,62.0
2022-07-08 09:15:00,4719.0,4719.0,4672.0,4672.0,1.0,46720.0,61.0
2022-07-08 09:20:00,4672.0,4672.0,4672.0,4672.0,0.0,0.0,61.0
2022-07-08 09:25:00,4672.0,4672.0,4672.0,4672.0,0.0,0.0,61.0
2022-07-08 09:30:00,4672.0,4672.0,4672.0,4672.0,0.0,0.0,61.0
2022-07-08 09:35:00,4672.0,4672.0,4672.0,4672.0,0.0,0.0,61.0
2022-07-08 09:40:00,4672.0,4672.0,4672.0,4672.0,0.0,0.0,61.0
2022-07-08 09:45:00,4672.0,4672.0,4672.0,4672.0,0.0,0.0,61.0
2022-07-08 09:50:00,4672.0,4672.0,4672.0,4672.0,0.0,0.0,61.0
2022-07-08 09:55:00,4672.0,4672.0,4672.0,4672.0,0.0,0.0,61.0
2022-07-08 10:00:00,4672.0,4672.0,4672.0,4672.0,0.0,0.0,61.0
2022-07-08 10:05:00,4672.0,4672.0,4672.0,4672.0,0.0,0.0,61.0
2022-07-08 10:10:00,4672.0,4672.0,4672.0,4672.0,0.0,0.0,61.0
2022-07-08 10:30:00,4672.0,4672.0,4672.0,4672.0,0.0,0.0,61.0
2022-07-08 10:35:00,4672.0,4672.0,4672.0,4672.0,0.0,0.0,61.0
2022-07-08 10:40:00,4672.0,4672.0,4672.0,4672.0,0.0,0.0,61.0
2022-07-08 10:45:00,4672.0,4672.0,4672.0,4672.0,0.0,0.0,61.0
2022-07-08 10:50:00,4672.0,4672.0,4672.0,4672.0,0.0,0.0,61.0
2022-07-08 10:55:00,4672.0,4672.0,4672.0,4672.0,0.0,0.0,61.0
2022-07-08 11:00:00,4672.0,4672.0,4672.0,4672.0,0.0,0.0,61.0
2022-07-08 11:05:00,4672.0,4672.0,4672.0,4672.0,0.0,0.0,61.0
2022-07-08 11:10:00,4672.0,4672.0,4672.0,4672.0,0.0,0.0,61.0
2022-07-08 11:15:00,4672.0,4672.0,4672.0,4672.0,0.0,0.0,61.0
2022-07-08 11:20:00,4672.0,4672.0,4672.0,4672.0,0.0,0.0,61.0
2022-07-08 11:25:00,4672.0,4672.0,4672.0,4672.0,0.0,0.0,61.0
2022-07-08 13:30:00,4672.0,4672.0,4672.0,4672.0,0.0,0.0,61.0
2022-07-08 13:35:00,4672.0,4672.0,4672.0,4672.0,0.0,0.0,61.0
2022-07-08 13:40:00,4672.0,4672.0,4672.0,4672.0,0.0,0.0,61.0
2022-07-08 13:45:00,4672.0,4672.0,4672.0,4672.0,0.0,0.0,61.0
2022-07-08 13:50:00,4672.0,4672.0,4672.0,4672.0,0.0,0.0,61.0
2022-07-08 13:55:00,4672.0,4672.0,4672.0,4672.0,0.0,0.0,61.0
2022-07-08 14:00:00,4672.0,4672.0,4672.0,4672.0,0.0,0.0,61.0
2022-07-08 14:05:00,4672.0,4672.0,4672.0,4672.0,0.0,0.0,61.0
2022-07-08 14:10:00,4672.0,4672.0,4672.0,4672.0,0.0,0.0,61.0
2022-07-08 14:15:00,4672.0,4672.0,4672.0,4672.0,0.0,0.0,61.0
2022-07-08 14:20:00,4672.0,4672.0,4672.0,4672.0,0.0,0.0,61.0
2022-07-08 14:25:00,4672.0,4672.0,4672.0,4672.0,0.0,0.0,61.0
2022-07-08 14:30:00,4666.0,4699.0,4666.0,4699.0,2.0,93650.0,61.0
2022-07-08 14:35:00,4699.0,4699.0,4699.0,4699.0,0.0,0.0,61.0
2022-07-08 14:40:00,4699.0,4699.0,4699.0,4699.0,0.0,0.0,61.0
2022-07-08 14:45:00,4699.0,4700.0,4699.0,4700.0,3.0,140980.0,61.0
2022-07-08 14:50:00,4700.0,4700.0,4700.0,4700.0,0.0,0.0,61.0
2022-07-08 14:55:00,4700.0,4700.0,4700.0,4700.0,0.0,0.0,61.0
2022-07-08 21:00:00,4700.0,4700.0,4700.0,4700.0,0.0,0.0,61.0
2022-07-08 21:05:00,4700.0,4700.0,4700.0,4700.0,0.0,0.0,61.0
2022-07-08 21:10:00,4700.0,4700.0,4700.0,4700.0,0.0,0.0,61.0
2022-07-08 21:15:00,4700.0,4700.0,4700.0,4700.0,0.0,0.0,61.0
2022-07-08 21:20:00,4700.0,4700.0,4700.0,4700.0,0.0,0.0,61.0
2022-07-08 21:25:00,4700.0,4700.0,4700.0,4700.0,0.0,0.0,61.0
2022-07-08 21:30:00,4700.0,4700.0,4700.0,4700.0,0.0,0.0,61.0
2022-07-08 21:35:00,4700.0,4700.0,4700.0,4700.0,0.0,0.0,61.0
2022-07-08 21:40:00,4700.0,4700.0,4700.0,4700.0,0.0,0.0,61.0
2022-07-08 21:45:00,4700.0,4700.0,4700.0,4700.0,0.0,0.0,61.0
2022-07-08 21:50:00,4700.0,4700.0,4700.0,4700.0,0.0,0.0,61.0
2022-07-08 21:55:00,4700.0,4700.0,4700.0,4700.0,0.0,0.0,61.0
2022-07-08 22:00:00,4700.0,4700.0,4700.0,4700.0,0.0,0.0,61.0
2022-07-08 22:05:00,4700.0,4700.0,4700.0,4700.0,0.0,0.0,61.0
2022-07-08 22:10:00,4700.0,4700.0,4700.0,4700.0,0.0,0.0,61.0
2022-07-08 22:15:00,4700.0,4700.0,4700.0,4700.0,0.0,0.0,61.0
2022-07-08 22:20:00,4700.0,4700.0,4700.0,4700.0,0.0,0.0,61.0
2022-07-08 22:25:00,4700.0,4700.0,4700.0,4700.0,0.0,0.0,61.0
2022-07-08 22:30:00,4700.0,4700.0,4700.0,4700.0,0.0,0.0,61.0
2022-07-08 22:35:00,4700.0,4700.0,4700.0,4700.0,0.0,0.0,61.0
2022-07-08 22:40:00,4700.0,4700.0,4700.0,4700.0,0.0,0.0,61.0
2022-07-08 22:45:00,4700.0,4700.0,4700.0,4700.0,0.0,0.0,61.0
2022-07-08 22:50:00,4700.0,4700.0,4700.0,4700.0,0.0,0.0,61.0
2022-07-08 22:55:00,4700.0,4700.0,4700.0,4700.0,0.0,0.0,61.0
2022-07-11 09:00:00,4700.0,4700.0,4700.0,4700.0,0.0,0.0,61.0
2022-07-11 09:05:00,4700.0,4700.0,4700.0,4700.0,0.0,0.0,61.0
2022-07-11 09:10:00,4700.0,4700.0,4700.0,4700.0,0.0,0.0,61.0
2022-07-11 09:15:00,4700.0,4700.0,4700.0,4700.0,0.0,0.0,61.0
2022-07-11 09:20:00,4689.0,4700.0,4689.0,4689.0,1.0,46890.0,61.0
2022-07-11 09:25:00,4689.0,4689.0,4689.0,4689.0,0.0,0.0,61.0
2022-07-11 09:30:00,4689.0,4689.0,4689.0,4689.0,0.0,0.0,61.0
2022-07-11 09:35:00,4689.0,4689.0,4689.0,4689.0,0.0,0.0,61.0
2022-07-11 09:40:00,4689.0,4689.0,4689.0,4689.0,0.0,0.0,61.0
2022-07-11 09:45:00,4689.0,4689.0,4689.0,4689.0,0.0,0.0,61.0
2022-07-11 09:50:00,4689.0,4689.0,4689.0,4689.0,0.0,0.0,61.0
2022-07-11 09:55:00,4689.0,4689.0,4689.0,4689.0,0.0,0.0,61.0
2022-07-11 10:00:00,4689.0,4689.0,4689.0,4689.0,0.0,0.0,61.0
2022-07-11 10:05:00,4689.0,4689.0,4689.0,4689.0,0.0,0.0,61.0
2022-07-11 10:10:00,4689.0,4689.0,4689.0,4689.0,0.0,0.0,61.0
2022-07-11 10:30:00,4689.0,4689.0,4689.0,4689.0,0.0,0.0,61.0
2022-07-11 10:35:00,4689.0,4689.0,4689.0,4689.0,0.0,0.0,61.0
2022-07-11 10:40:00,4689.0,4689.0,4650.0,4650.0,1.0,46500.0,61.0
2022-07-11 10:45:00,4650.0,4650.0,4650.0,4650.0,0.0,0.0,61.0
2022-07-11 10:50:00,4650.0,4650.0,4650.0,4650.0,0.0,0.0,61.0
2022-07-11 10:55:00,4650.0,4650.0,4650.0,4650.0,0.0,0.0,61.0
2022-07-11 11:00:00,4650.0,4650.0,4650.0,4650.0,0.0,0.0,61.0
2022-07-11 11:05:00,4650.0,4650.0,4650.0,4650.0,0.0,0.0,61.0
2022-07-11 11:10:00,4650.0,4650.0,4650.0,4650.0,0.0,0.0,61.0
2022-07-11 11:15:00,4650.0,4650.0,4650.0,4650.0,0.0,0.0,61.0
2022-07-11 11:20:00,4650.0,4650.0,4650.0,4650.0,0.0,0.0,61.0
2022-07-11 11:25:00,4650.0,4650.0,4650.0,4650.0,0.0,0.0,61.0
2022-07-11 13:30:00,4650.0,4650.0,4650.0,4650.0,0.0,0.0,61.0
2022-07-11 13:35:00,4650.0,4650.0,4650.0,4650.0,0.0,0.0,61.0
2022-07-11 13:40:00,4650.0,4650.0,4650.0,4650.0,0.0,0.0,61.0
2022-07-11 13:45:00,4650.0,4650.0,4542.0,4542.0,1.0,45420.0,62.0
2022-07-11 13:50:00,4542.0,4542.0,4542.0,4542.0,0.0,0.0,62.0
2022-07-11 13:55:00,4542.0,4542.0,4542.0,4542.0,0.0,0.0,62.0
2022-07-11 14:00:00,4542.0,4553.0,4542.0,4553.0,1.0,45530.0,62.0
2022-07-11 14:05:00,4553.0,4553.0,4553.0,4553.0,0.0,0.0,62.0
2022-07-11 14:10:00,4577.0,4577.0,4553.0,4577.0,1.0,45770.0,62.0
2022-07-11 14:15:00,4577.0,4577.0,4577.0,4577.0,0.0,0.0,62.0
2022-07-11 14:20:00,4577.0,4577.0,4577.0,4577.0,0.0,0.0,62.0
2022-07-11 14:25:00,4577.0,4577.0,4577.0,4577.0,0.0,0.0,62.0
2022-07-11 14:30:00,4577.0,4577.0,4577.0,4577.0,0.0,0.0,62.0
2022-07-11 14:35:00,4577.0,4577.0,4577.0,4577.0,0.0,0.0,62.0
2022-07-11 14:40:00,4577.0,4577.0,4577.0,4577.0,0.0,0.0,62.0
2022-07-11 14:45:00,4577.0,4577.0,4577.0,4577.0,0.0,0.0,62.0
2022-07-11 14:50:00,4577.0,4577.0,4577.0,4577.0,0.0,0.0,62.0
2022-07-11 14:55:00,4577.0,4577.0,4577.0,4577.0,0.0,0.0,62.0
2022-07-11 21:00:00,4577.0,4577.0,4577.0,4577.0,0.0,0.0,62.0
2022-07-11 21:05:00,4577.0,4577.0,4577.0,4577.0,0.0,0.0,62.0
2022-07-11 21:10:00,4577.0,4577.0,4577.0,4577.0,0.0,0.0,62.0
2022-07-11 21:15:00,4577.0,4577.0,4577.0,4577.0,0.0,0.0,62.0
2022-07-11 21:20:00,4577.0,4577.0,4577.0,4577.0,0.0,0.0,62.0
2022-07-11 21:25:00,4577.0,4577.0,4577.0,4577.0,0.0,0.0,62.0
2022-07-11 21:30:00,4577.0,4577.0,4577.0,4577.0,0.0,0.0,62.0
2022-07-11 21:35:00,4577.0,4577.0,4577.0,4577.0,0.0,0.0,62.0
2022-07-11 21:40:00,4577.0,4577.0,4577.0,4577.0,0.0,0.0,62.0
2022-07-11 21:45:00,4577.0,4577.0,4577.0,4577.0,0.0,0.0,62.0
2022-07-11 21:50:00,4577.0,4577.0,4577.0,4577.0,0.0,0.0,62.0
2022-07-11 21:55:00,4577.0,4577.0,4577.0,4577.0,0.0,0.0,62.0
2022-07-11 22:00:00,4577.0,4577.0,4577.0,4577.0,0.0,0.0,62.0
2022-07-11 22:05:00,4577.0,4577.0,4577.0,4577.0,0.0,0.0,62.0
2022-07-11 22:10:00,4577.0,4577.0,4577.0,4577.0,0.0,0.0,62.0
2022-07-11 22:15:00,4577.0,4577.0,4522.0,4522.0,1.0,45220.0,62.0
2022-07-11 22:20:00,4522.0,4522.0,4522.0,4522.0,0.0,0.0,62.0
2022-07-11 22:25:00,4522.0,4522.0,4522.0,4522.0,0.0,0.0,62.0
2022-07-11 22:30:00,4522.0,4522.0,4522.0,4522.0,0.0,0.0,62.0
2022-07-11 22:35:00,4522.0,4558.0,4522.0,4558.0,1.0,45580.0,63.0
2022-07-11 22:40:00,4558.0,4558.0,4558.0,4558.0,0.0,0.0,63.0
2022-07-11 22:45:00,4558.0,4558.0,4558.0,4558.0,0.0,0.0,63.0
2022-07-11 22:50:00,4558.0,4558.0,4558.0,4558.0,0.0,0.0,63.0
2022-07-11 22:55:00,4558.0,4558.0,4558.0,4558.0,0.0,0.0,63.0
2022-07-12 09:00:00,4558.0,4558.0,4558.0,4558.0,0.0,0.0,63.0
2022-07-12 09:05:00,4558.0,4558.0,4558.0,4558.0,0.0,0.0,63.0
2022-07-12 09:10:00,4558.0,4558.0,4558.0,4558.0,0.0,0.0,63.0
2022-07-12 09:15:00,4558.0,4558.0,4558.0,4558.0,0.0,0.0,63.0
2022-07-12 09:20:00,4558.0,4558.0,4558.0,4558.0,0.0,0.0,63.0
2022-07-12 09:25:00,4558.0,4558.0,4558.0,4558.0,0.0,0.0,63.0
2022-07-12 09:30:00,4558.0,4558.0,4558.0,4558.0,0.0,0.0,63.0
2022-07-12 09:35:00,4558.0,4558.0,4558.0,4558.0,0.0,0.0,63.0
2022-07-12 09:40:00,4558.0,4558.0,4558.0,4558.0,0.0,0.0,63.0
2022-07-12 09:45:00,4558.0,4558.0,4558.0,4558.0,0.0,0.0,63.0
2022-07-12 09:50:00,4596.0,4596.0,4558.0,4596.0,1.0,45960.0,63.0
2022-07-12 09:55:00,4596.0,4596.0,4596.0,4596.0,0.0,0.0,63.0
2022-07-12 10:00:00,4596.0,4596.0,4596.0,4596.0,0.0,0.0,63.0
2022-07-12 10:05:00,4596.0,4596.0,4596.0,4596.0,0.0,0.0,63.0
2022-07-12 10:10:00,4596.0,4596.0,4596.0,4596.0,0.0,0.0,63.0
2022-07-12 10:30:00,4596.0,4596.0,4596.0,4596.0,0.0,0.0,63.0
2022-07-12 10:35:00,4596.0,4596.0,4596.0,4596.0,0.0,0.0,63.0
2022-07-12 10:40:00,4596.0,4596.0,4596.0,4596.0,0.0,0.0,63.0
2022-07-12 10:45:00,4596.0,4596.0,4596.0,4596.0,0.0,0.0,63.0
2022-07-12 10:50:00,4596.0,4596.0,4596.0,4596.0,0.0,0.0,63.0
2022-07-12 10:55:00,4596.0,4596.0,4596.0,4596.0,0.0,0.0,63.0
2022-07-12 11:00:00,4596.0,4596.0,4596.0,4596.0,0.0,0.0,63.0
2022-07-12 11:05:00,4596.0,4596.0,4596.0,4596.0,0.0,0.0,63.0
2022-07-12 11:10:00,4596.0,4596.0,4596.0,4596.0,0.0,0.0,63.0
2022-07-12 11:15:00,4596.0,4596.0,4596.0,4596.0,0.0,0.0,63.0
2022-07-12 11:20:00,4596.0,4596.0,4596.0,4596.0,0.0,0.0,63.0
2022-07-12 11:25:00,4596.0,4596.0,4596.0,4596.0,0.0,0.0,63.0
2022-07-12 13:30:00,4596.0,4596.0,4596.0,4596.0,0.0,0.0,63.0
2022-07-12 13:35:00,4596.0,4596.0,4596.0,4596.0,0.0,0.0,63.0
2022-07-12 13:40:00,4596.0,4596.0,4596.0,4596.0,0.0,0.0,63.0
2022-07-12 13:45:00,4596.0,4596.0,4596.0,4596.0,0.0,0.0,63.0
2022-07-12 13:50:00,4596.0,4596.0,4596.0,4596.0,0.0,0.0,63.0
2022-07-12 13:55:00,4596.0,4596.0,4596.0,4596.0,0.0,0.0,63.0
2022-07-12 14:00:00,4596.0,4596.0,4596.0,4596.0,0.0,0.0,63.0
2022-07-12 14:05:00,4596.0,4596.0,4596.0,4596.0,0.0,0.0,63.0
2022-07-12 14:10:00,4596.0,4596.0,4596.0,4596.0,0.0,0.0,63.0
2022-07-12 14:15:00,4596.0,4596.0,4520.0,4520.0,1.0,45200.0,63.0
2022-07-12 14:20:00,4520.0,4520.0,4520.0,4520.0,0.0,0.0,63.0
2022-07-12 14:25:00,4520.0,4520.0,4506.0,4506.0,2.0,90120.0,65.0
2022-07-12 14:30:00,4506.0,4506.0,4506.0,4506.0,0.0,0.0,65.0
2022-07-12 14:35:00,4506.0,4506.0,4506.0,4506.0,0.0,0.0,65.0
2022-07-12 14:40:00,4506.0,4506.0,4506.0,4506.0,0.0,0.0,65.0
2022-07-12 14:45:00,4506.0,4506.0,4506.0,4506.0,0.0,0.0,65.0
2022-07-12 14:50:00,4506.0,4506.0,4506.0,4506.0,0.0,0.0,65.0
2022-07-12 14:55:00,4506.0,4506.0,4506.0,4506.0,0.0,0.0,65.0
2022-07-12 21:00:00,4506.0,4506.0,4506.0,4506.0,0.0,0.0,65.0
2022-07-12 21:05:00,4506.0,4506.0,4506.0,4506.0,0.0,0.0,65.0
2022-07-12 21:10:00,4506.0,4506.0,4506.0,4506.0,0.0,0.0,65.0
2022-07-12 21:15:00,4506.0,4506.0,4506.0,4506.0,0.0,0.0,65.0
2022-07-12 21:20:00,4506.0,4506.0,4506.0,4506.0,0.0,0.0,65.0
2022-07-12 21:25:00,4506.0,4506.0,4506.0,4506.0,0.0,0.0,65.0
2022-07-12 21:30:00,4506.0,4506.0,4506.0,4506.0,0.0,0.0,65.0
2022-07-12 21:35:00,4506.0,4506.0,4506.0,4506.0,0.0,0.0,65.0
2022-07-12 21:40:00,4506.0,4506.0,4506.0,4506.0,0.0,0.0,65.0
2022-07-12 21:45:00,4506.0,4506.0,4506.0,4506.0,0.0,0.0,65.0
2022-07-12 21:50:00,4506.0,4506.0,4506.0,4506.0,0.0,0.0,65.0
2022-07-12 21:55:00,4506.0,4506.0,4506.0,4506.0,0.0,0.0,65.0
2022-07-12 22:00:00,4506.0,4506.0,4506.0,4506.0,0.0,0.0,65.0
2022-07-12 22:05:00,4506.0,4506.0,4506.0,4506.0,0.0,0.0,65.0
2022-07-12 22:10:00,4506.0,4506.0,4506.0,4506.0,0.0,0.0,65.0
2022-07-12 22:15:00,4506.0,4506.0,4506.0,4506.0,0.0,0.0,65.0
2022-07-12 22:20:00,4506.0,4506.0,4506.0,4506.0,0.0,0.0,65.0
2022-07-12 22:25:00,4506.0,4506.0,4506.0,4506.0,0.0,0.0,65.0
2022-07-12 22:30:00,4506.0,4506.0,4506.0,4506.0,0.0,0.0,65.0
2022-07-12 22:35:00,4506.0,4506.0,4506.0,4506.0,0.0,0.0,65.0
2022-07-12 22:40:00,4506.0,4506.0,4506.0,4506.0,0.0,0.0,65.0
2022-07-12 22:45:00,4506.0,4506.0,4506.0,4506.0,0.0,0.0,65.0
2022-07-12 22:50:00,4506.0,4506.0,4506.0,4506.0,0.0,0.0,65.0
2022-07-12 22:55:00,4506.0,4506.0,4506.0,4506.0,0.0,0.0,65.0
2022-07-13 09:00:00,4506.0,4506.0,4506.0,4506.0,0.0,0.0,65.0
2022-07-13 09:05:00,4506.0,4506.0,4506.0,4506.0,0.0,0.0,65.0
2022-07-13 09:10:00,4506.0,4506.0,4506.0,4506.0,0.0,0.0,65.0
2022-07-13 09:15:00,4506.0,4506.0,4506.0,4506.0,0.0,0.0,65.0
2022-07-13 09:20:00,4506.0,4506.0,4506.0,4506.0,0.0,0.0,65.0
2022-07-13 09:25:00,4506.0,4506.0,4506.0,4506.0,0.0,0.0,65.0
2022-07-13 09:30:00,4506.0,4506.0,4506.0,4506.0,0.0,0.0,65.0
2022-07-13 09:35:00,4506.0,4506.0,4506.0,4506.0,0.0,0.0,65.0
2022-07-13 09:40:00,4506.0,4506.0,4506.0,4506.0,0.0,0.0,65.0
2022-07-13 09:45:00,4506.0,4506.0,4451.0,4451.0,1.0,44510.0,65.0
2022-07-13 09:50:00,4451.0,4451.0,4451.0,4451.0,0.0,0.0,65.0
2022-07-13 09:55:00,4451.0,4451.0,4451.0,4451.0,0.0,0.0,65.0
2022-07-13 10:00:00,4451.0,4451.0,4451.0,4451.0,0.0,0.0,65.0
2022-07-13 10:05:00,4451.0,4451.0,4451.0,4451.0,0.0,0.0,65.0
2022-07-13 10:10:00,4451.0,4451.0,4451.0,4451.0,0.0,0.0,65.0
2022-07-13 10:30:00,4451.0,4451.0,4451.0,4451.0,0.0,0.0,65.0
2022-07-13 10:35:00,4451.0,4451.0,4451.0,4451.0,0.0,0.0,65.0
2022-07-13 10:40:00,4451.0,4451.0,4451.0,4451.0,0.0,0.0,65.0
2022-07-13 10:45:00,4451.0,4451.0,4451.0,4451.0,0.0,0.0,65.0
2022-07-13 10:50:00,4451.0,4451.0,4451.0,4451.0,0.0,0.0,65.0
2022-07-13 10:55:00,4451.0,4451.0,4451.0,4451.0,0.0,0.0,65.0
2022-07-13 11:00:00,4451.0,4451.0,4451.0,4451.0,0.0,0.0,65.0
2022-07-13 11:05:00,4451.0,4451.0,4451.0,4451.0,0.0,0.0,65.0
2022-07-13 11:10:00,4457.0,4457.0,4457.0,4457.0,1.0,44570.0,66.0
2022-07-13 11:15:00,4457.0,4457.0,4457.0,4457.0,0.0,0.0,66.0
2022-07-13 11:20:00,4438.0,4438.0,4438.0,4438.0,1.0,44380.0,67.0
2022-07-13 11:25:00,4438.0,4438.0,4416.0,4416.0,1.0,44160.0,66.0
2022-07-13 13:30:00,4416.0,4416.0,4416.0,4416.0,0.0,0.0,66.0
2022-07-13 13:35:00,4416.0,4416.0,4416.0,4416.0,0.0,0.0,66.0
2022-07-13 13:40:00,4416.0,4416.0,4416.0,4416.0,0.0,0.0,66.0
2022-07-13 13:45:00,4416.0,4416.0,4416.0,4416.0,0.0,0.0,66.0
2022-07-13 13:50:00,4416.0,4416.0,4416.0,4416.0,0.0,0.0,66.0
2022-07-13 13:55:00,4416.0,4416.0,4416.0,4416.0,0.0,0.0,66.0
2022-07-13 14:00:00,4388.0,4388.0,4378.0,4378.0,4.0,175320.0,70.0
2022-07-13 14:05:00,4378.0,4378.0,4378.0,4378.0,0.0,0.0,70.0
2022-07-13 14:10:00,4378.0,4378.0,4378.0,4378.0,0.0,0.0,70.0
2022-07-13 14:15:00,4378.0,4378.0,4378.0,4378.0,0.0,0.0,70.0
2022-07-13 14:20:00,4378.0,4378.0,4378.0,4378.0,0.0,0.0,70.0
2022-07-13 14:25:00,4378.0,4378.0,4378.0,4378.0,0.0,0.0,70.0
2022-07-13 14:30:00,4378.0,4420.0,4378.0,4420.0,1.0,44200.0,70.0
2022-07-13 14:35:00,4420.0,4420.0,4420.0,4420.0,0.0,0.0,70.0
2022-07-13 14:40:00,4420.0,4444.0,4420.0,4444.0,1.0,44440.0,69.0
2022-07-13 14:45:00,4444.0,4444.0,4444.0,4444.0,0.0,0.0,69.0
2022-07-13 14:50:00,4444.0,4444.0,4444.0,4444.0,0.0,0.0,69.0
2022-07-13 14:55:00,4444.0,4444.0,4444.0,4444.0,0.0,0.0,69.0
2022-07-13 21:00:00,4444.0,4444.0,4444.0,4444.0,0.0,0.0,69.0
2022-07-13 21:05:00,4444.0,4444.0,4444.0,4444.0,0.0,0.0,69.0
2022-07-13 21:10:00,4444.0,4444.0,4444.0,4444.0,0.0,0.0,69.0
2022-07-13 21:15:00,4444.0,4444.0,4444.0,4444.0,0.0,0.0,69.0
2022-07-13 21:20:00,4444.0,4444.0,4444.0,4444.0,0.0,0.0,69.0
2022-07-13 21:25:00,4444.0,4444.0,4444.0,4444.0,0.0,0.0,69.0
2022-07-13 21:30:00,4444.0,4444.0,4444.0,4444.0,0.0,0.0,69.0
2022-07-13 21:35:00,4444.0,4444.0,4444.0,4444.0,0.0,0.0,69.0
2022-07-13 21:40:00,4444.0,4444.0,4444.0,4444.0,0.0,0.0,69.0
2022-07-13 21:45:00,4444.0,4444.0,4444.0,4444.0,0.0,0.0,69.0
2022-07-13 21:50:00,4444.0,4444.0,4444.0,4444.0,0.0,0.0,69.0
2022-07-13 21:55:00,4444.0,4444.0,4444.0,4444.0,0.0,0.0,69.0
2022-07-13 22:00:00,4444.0,4444.0,4444.0,4444.0,0.0,0.0,69.0
2022-07-13 22:05:00,4444.0,4444.0,4444.0,4444.0,0.0,0.0,69.0
2022-07-13 22:10:00,4444.0,4444.0,4444.0,4444.0,0.0,0.0,69.0
2022-07-13 22:15:00,4444.0,4444.0,4444.0,4444.0,0.0,0.0,69.0
2022-07-13 22:20:00,4444.0,4444.0,4444.0,4444.0,0.0,0.0,69.0
2022-07-13 22:25:00,4444.0,4444.0,4444.0,4444.0,0.0,0.0,69.0
2022-07-13 22:30:00,4444.0,4444.0,4444.0,4444.0,0.0,0.0,69.0
2022-07-13 22:35:00,4444.0,4444.0,4444.0,4444.0,0.0,0.0,69.0
2022-07-13 22:40:00,4444.0,4444.0,4444.0,4444.0,0.0,0.0,69.0
2022-07-13 22:45:00,4444.0,4444.0,4444.0,4444.0,0.0,0.0,69.0
2022-07-13 22:50:00,4444.0,4444.0,4444.0,4444.0,0.0,0.0,69.0
2022-07-13 22:55:00,4444.0,4444.0,4444.0,4444.0,0.0,0.0,69.0
2022-07-14 09:00:00,4444.0,4444.0,4444.0,4444.0,0.0,0.0,69.0
2022-07-14 09:05:00,4445.0,4445.0,4444.0,4445.0,1.0,44450.0,69.0
2022-07-14 09:10:00,4445.0,4445.0,4445.0,4445.0,0.0,0.0,69.0
2022-07-14 09:15:00,4445.0,4445.0,4445.0,4445.0,0.0,0.0,69.0
2022-07-14 09:20:00,4445.0,4445.0,4445.0,4445.0,0.0,0.0,69.0
2022-07-14 09:25:00,4445.0,4445.0,4445.0,4445.0,0.0,0.0,69.0
2022-07-14 09:30:00,4445.0,4445.0,4445.0,4445.0,0.0,0.0,69.0
2022-07-14 09:35:00,4445.0,4445.0,4445.0,4445.0,0.0,0.0,69.0
2022-07-14 09:40:00,4445.0,4445.0,4445.0,4445.0,0.0,0.0,69.0
2022-07-14 09:45:00,4445.0,4445.0,4445.0,4445.0,0.0,0.0,69.0
2022-07-14 09:50:00,4445.0,4445.0,4445.0,4445.0,0.0,0.0,69.0
2022-07-14 09:55:00,4445.0,4445.0,4445.0,4445.0,0.0,0.0,69.0
2022-07-14 10:00:00,4445.0,4445.0,4445.0,4445.0,0.0,0.0,69.0
2022-07-14 10:05:00,4445.0,4445.0,4445.0,4445.0,0.0,0.0,69.0
2022-07-14 10:10:00,4445.0,4445.0,4445.0,4445.0,0.0,0.0,69.0
2022-07-14 10:30:00,4445.0,4445.0,4445.0,4445.0,0.0,0.0,69.0
2022-07-14 10:35:00,4445.0,4445.0,4445.0,4445.0,0.0,0.0,69.0
2022-07-14 10:40:00,4445.0,4445.0,4445.0,4445.0,0.0,0.0,69.0
2022-07-14 10:45:00,4445.0,4445.0,4445.0,4445.0,0.0,0.0,69.0
2022-07-14 10:50:00,4445.0,4445.0,4445.0,4445.0,0.0,0.0,69.0
2022-07-14 10:55:00,4445.0,4445.0,4445.0,4445.0,0.0,0.0,69.0
2022-07-14 11:00:00,4445.0,4445.0,4445.0,4445.0,0.0,0.0,69.0
2022-07-14 11:05:00,4445.0,4445.0,4445.0,4445.0,0.0,0.0,69.0
2022-07-14 11:10:00,4445.0,4445.0,4445.0,4445.0,0.0,0.0,69.0
2022-07-14 11:15:00,4445.0,4445.0,4445.0,4445.0,0.0,0.0,69.0
2022-07-14 11:20:00,4445.0,4445.0,4445.0,4445.0,0.0,0.0,69.0
2022-07-14 11:25:00,4445.0,4445.0,4445.0,4445.0,0.0,0.0,69.0
2022-07-14 13:30:00,4445.0,4445.0,4445.0,4445.0,0.0,0.0,69.0
2022-07-14 13:35:00,4445.0,4445.0,4445.0,4445.0,0.0,0.0,69.0
2022-07-14 13:40:00,4445.0,4445.0,4445.0,4445.0,0.0,0.0,69.0
2022-07-14 13:45:00,4445.0,4445.0,4445.0,4445.0,0.0,0.0,69.0
2022-07-14 13:50:00,4445.0,4445.0,4445.0,4445.0,0.0,0.0,69.0
2022-07-14 13:55:00,4445.0,4445.0,4445.0,4445.0,0.0,0.0,69.0
2022-07-14 14:00:00,4445.0,4445.0,4445.0,4445.0,0.0,0.0,69.0
2022-07-14 14:05:00,4445.0,4445.0,4445.0,4445.0,0.0,0.0,69.0
2022-07-14 14:10:00,4445.0,4445.0,4445.0,4445.0,0.0,0.0,69.0
2022-07-14 14:15:00,4445.0,4445.0,4445.0,4445.0,0.0,0.0,69.0
2022-07-14 14:20:00,4445.0,4445.0,4445.0,4445.0,0.0,0.0,69.0
2022-07-14 14:25:00,4445.0,4445.0,4445.0,4445.0,0.0,0.0,69.0
2022-07-14 14:30:00,4445.0,4445.0,4445.0,4445.0,0.0,0.0,69.0
2022-07-14 14:35:00,4445.0,4445.0,4445.0,4445.0,0.0,0.0,69.0
2022-07-14 14:40:00,4445.0,4445.0,4445.0,4445.0,0.0,0.0,69.0
2022-07-14 14:45:00,4445.0,4445.0,4445.0,4445.0,0.0,0.0,69.0
2022-07-14 14:50:00,4445.0,4445.0,4445.0,4445.0,0.0,0.0,69.0
2022-07-14 14:55:00,4445.0,4445.0,4445.0,4445.0,0.0,0.0,69.0
2022-07-14 21:00:00,4445.0,4445.0,4445.0,4445.0,0.0,0.0,69.0
2022-07-14 21:05:00,4445.0,4445.0,4445.0,4445.0,0.0,0.0,69.0
2022-07-14 21:10:00,4445.0,4445.0,4445.0,4445.0,0.0,0.0,69.0
2022-07-14 21:15:00,4445.0,4445.0,4445.0,4445.0,0.0,0.0,69.0
2022-07-14 21:20:00,4445.0,4445.0,4445.0,4445.0,0.0,0.0,69.0
2022-07-14 21:25:00,4445.0,4445.0,4445.0,4445.0,0.0,0.0,69.0
2022-07-14 21:30:00,4445.0,4445.0,4445.0,4445.0,0.0,0.0,69.0
2022-07-14 21:35:00,4445.0,4445.0,4445.0,4445.0,0.0,0.0,69.0
2022-07-14 21:40:00,4445.0,4445.0,4445.0,4445.0,0.0,0.0,69.0
2022-07-14 21:45:00,4445.0,4445.0,4445.0,4445.0,0.0,0.0,69.0
2022-07-14 21:50:00,4445.0,4480.0,4445.0,4480.0,1.0,44800.0,69.0
2022-07-14 21:55:00,4480.0,4480.0,4480.0,4480.0,0.0,0.0,69.0
2022-07-14 22:00:00,4480.0,4480.0,4480.0,4480.0,0.0,0.0,69.0
2022-07-14 22:05:00,4480.0,4480.0,4480.0,4480.0,0.0,0.0,69.0
2022-07-14 22:10:00,4480.0,4480.0,4401.0,4401.0,2.0,88020.0,69.0
2022-07-14 22:15:00,4401.0,4401.0,4401.0,4401.0,0.0,0.0,69.0
2022-07-14 22:20:00,4401.0,4401.0,4401.0,4401.0,0.0,0.0,69.0
2022-07-14 22:25:00,4401.0,4401.0,4401.0,4401.0,0.0,0.0,69.0
2022-07-14 22:30:00,4401.0,4401.0,4401.0,4401.0,0.0,0.0,69.0
2022-07-14 22:35:00,4401.0,4401.0,4401.0,4401.0,0.0,0.0,69.0
2022-07-14 22:40:00,4401.0,4401.0,4401.0,4401.0,0.0,0.0,69.0
2022-07-14 22:45:00,4401.0,4401.0,4401.0,4401.0,0.0,0.0,69.0
2022-07-14 22:50:00,4401.0,4401.0,4401.0,4401.0,0.0,0.0,69.0
2022-07-14 22:55:00,4401.0,4401.0,4401.0,4401.0,0.0,0.0,69.0
2022-07-15 09:00:00,4401.0,4401.0,4401.0,4401.0,0.0,0.0,69.0
2022-07-15 09:05:00,4401.0,4401.0,4401.0,4401.0,0.0,0.0,69.0
2022-07-15 09:10:00,4401.0,4401.0,4401.0,4401.0,0.0,0.0,69.0
2022-07-15 09:15:00,4401.0,4401.0,4401.0,4401.0,0.0,0.0,69.0
2022-07-15 09:20:00,4401.0,4401.0,4401.0,4401.0,0.0,0.0,69.0
2022-07-15 09:25:00,4401.0,4474.0,4401.0,4474.0,1.0,44740.0,68.0
2022-07-15 09:30:00,4474.0,4474.0,4474.0,4474.0,0.0,0.0,68.0
2022-07-15 09:35:00,4474.0,4474.0,4474.0,4474.0,0.0,0.0,68.0
2022-07-15 09:40:00,4474.0,4474.0,4474.0,4474.0,0.0,0.0,68.0
2022-07-15 09:45:00,4474.0,4474.0,4474.0,4474.0,0.0,0.0,68.0
2022-07-15 09:50:00,4474.0,4474.0,4474.0,4474.0,0.0,0.0,68.0
2022-07-15 09:55:00,4474.0,4474.0,4474.0,4474.0,0.0,0.0,68.0
2022-07-15 10:00:00,4474.0,4474.0,4474.0,4474.0,0.0,0.0,68.0
2022-07-15 10:05:00,4474.0,4474.0,4474.0,4474.0,0.0,0.0,68.0
2022-07-15 10:10:00,4474.0,4474.0,4474.0,4474.0,0.0,0.0,68.0
2022-07-15 10:30:00,4474.0,4474.0,4474.0,4474.0,0.0,0.0,68.0
2022-07-15 10:35:00,4474.0,4474.0,4474.0,4474.0,0.0,0.0,68.0
2022-07-15 10:40:00,4474.0,4477.0,4474.0,4477.0,1.0,44770.0,68.0
2022-07-15 10:45:00,4477.0,4477.0,4477.0,4477.0,0.0,0.0,68.0
2022-07-15 10:50:00,4477.0,4477.0,4477.0,4477.0,0.0,0.0,68.0
2022-07-15 10:55:00,4477.0,4477.0,4477.0,4477.0,0.0,0.0,68.0
2022-07-15 11:00:00,4477.0,4477.0,4477.0,4477.0,0.0,0.0,68.0
2022-07-15 11:05:00,4477.0,4477.0,4477.0,4477.0,0.0,0.0,68.0
2022-07-15 11:10:00,4477.0,4477.0,4477.0,4477.0,0.0,0.0,68.0
2022-07-15 11:15:00,4477.0,4477.0,4444.0,4444.0,2.0,88880.0,68.0
2022-07-15 11:20:00,4444.0,4444.0,4444.0,4444.0,0.0,0.0,68.0
2022-07-15 11:25:00,4444.0,4444.0,4444.0,4444.0,0.0,0.0,68.0
2022-07-15 13:30:00,4444.0,4444.0,4444.0,4444.0,0.0,0.0,68.0
2022-07-15 13:35:00,4444.0,4444.0,4444.0,4444.0,0.0,0.0,68.0
2022-07-15 13:40:00,4444.0,4444.0,4444.0,4444.0,0.0,0.0,68.0
2022-07-15 13:45:00,4444.0,4444.0,4444.0,4444.0,0.0,0.0,68.0
2022-07-15 13:50:00,4444.0,4444.0,4444.0,4444.0,0.0,0.0,68.0
2022-07-15 13:55:00,4444.0,4444.0,4444.0,4444.0,0.0,0.0,68.0
2022-07-15 14:00:00,4444.0,4444.0,4444.0,4444.0,0.0,0.0,68.0
2022-07-15 14:05:00,4444.0,4444.0,4444.0,4444.0,0.0,0.0,68.0
2022-07-15 14:10:00,4444.0,4444.0,4444.0,4444.0,0.0,0.0,68.0
2022-07-15 14:15:00,4444.0,4444.0,4444.0,4444.0,0.0,0.0,68.0
2022-07-15 14:20:00,4444.0,4444.0,4444.0,4444.0,0.0,0.0,68.0
2022-07-15 14:25:00,4444.0,4444.0,4444.0,4444.0,0.0,0.0,68.0
2022-07-15 14:30:00,4444.0,4444.0,4444.0,4444.0,0.0,0.0,68.0
2022-07-15 14:35:00,4444.0,4444.0,4422.0,4422.0,1.0,44220.0,68.0
2022-07-15 14:40:00,4422.0,4422.0,4422.0,4422.0,0.0,0.0,68.0
2022-07-15 14:45:00,4422.0,4422.0,4400.0,4400.0,1.0,44000.0,69.0
2022-07-15 14:50:00,4400.0,4400.0,4400.0,4400.0,0.0,0.0,69.0
2022-07-15 14:55:00,4400.0,4400.0,4400.0,4400.0,0.0,0.0,69.0
2022-07-15 21:00:00,4400.0,4400.0,4400.0,4400.0,0.0,0.0,69.0
2022-07-15 21:05:00,4400.0,4400.0,4400.0,4400.0,0.0,0.0,69.0
2022-07-15 21:10:00,4400.0,4400.0,4400.0,4400.0,0.0,0.0,69.0
2022-07-15 21:15:00,4400.0,4400.0,4400.0,4400.0,0.0,0.0,69.0
2022-07-15 21:20:00,4400.0,4400.0,4400.0,4400.0,0.0,0.0,69.0
2022-07-15 21:25:00,4400.0,4400.0,4400.0,4400.0,0.0,0.0,69.0
2022-07-15 21:30:00,4400.0,4407.0,4400.0,4407.0,1.0,44070.0,68.0
2022-07-15 21:35:00,4407.0,4407.0,4407.0,4407.0,0.0,0.0,68.0
2022-07-15 21:40:00,4407.0,4407.0,4407.0,4407.0,0.0,0.0,68.0
2022-07-15 21:45:00,4407.0,4407.0,4407.0,4407.0,0.0,0.0,68.0
2022-07-15 21:50:00,4407.0,4407.0,4407.0,4407.0,0.0,0.0,68.0
2022-07-15 21:55:00,4407.0,4407.0,4407.0,4407.0,0.0,0.0,68.0
2022-07-15 22:00:00,4407.0,4407.0,4407.0,4407.0,0.0,0.0,68.0
2022-07-15 22:05:00,4407.0,4407.0,4407.0,4407.0,0.0,0.0,68.0
2022-07-15 22:10:00,4407.0,4407.0,4407.0,4407.0,0.0,0.0,68.0
2022-07-15 22:15:00,4407.0,4407.0,4407.0,4407.0,0.0,0.0,68.0
2022-07-15 22:20:00,4407.0,4407.0,4407.0,4407.0,0.0,0.0,68.0
2022-07-15 22:25:00,4407.0,4407.0,4407.0,4407.0,0.0,0.0,68.0
2022-07-15 22:30:00,4407.0,4407.0,4407.0,4407.0,0.0,0.0,68.0
2022-07-15 22:35:00,4407.0,4407.0,4407.0,4407.0,0.0,0.0,68.0
2022-07-15 22:40:00,4407.0,4407.0,4407.0,4407.0,0.0,0.0,68.0
2022-07-15 22:45:00,4407.0,4407.0,4407.0,4407.0,0.0,0.0,68.0
2022-07-15 22:50:00,4407.0,4407.0,4407.0,4407.0,0.0,0.0,68.0
2022-07-15 22:55:00,4407.0,4407.0,4407.0,4407.0,0.0,0.0,68.0
2022-07-18 09:00:00,4407.0,4407.0,4407.0,4407.0,0.0,0.0,68.0
2022-07-18 09:05:00,4407.0,4407.0,4407.0,4407.0,0.0,0.0,68.0
2022-07-18 09:10:00,4407.0,4407.0,4407.0,4407.0,0.0,0.0,68.0
2022-07-18 09:15:00,4407.0,4532.0,4407.0,4532.0,1.0,45320.0,68.0
2022-07-18 09:20:00,4552.0,4552.0,4532.0,4552.0,1.0,45520.0,69.0
2022-07-18 09:25:00,4552.0,4552.0,4552.0,4552.0,0.0,0.0,69.0
2022-07-18 09:30:00,4552.0,4552.0,4552.0,4552.0,0.0,0.0,69.0
2022-07-18 09:35:00,4552.0,4552.0,4552.0,4552.0,0.0,0.0,69.0
2022-07-18 09:40:00,4552.0,4552.0,4552.0,4552.0,0.0,0.0,69.0
2022-07-18 09:45:00,4552.0,4552.0,4552.0,4552.0,0.0,0.0,69.0
2022-07-18 09:50:00,4552.0,4552.0,4552.0,4552.0,0.0,0.0,69.0
2022-07-18 09:55:00,4552.0,4552.0,4552.0,4552.0,0.0,0.0,69.0
2022-07-18 10:00:00,4552.0,4552.0,4552.0,4552.0,0.0,0.0,69.0
2022-07-18 10:05:00,4552.0,4552.0,4552.0,4552.0,0.0,0.0,69.0
2022-07-18 10:10:00,4552.0,4552.0,4552.0,4552.0,1.0,45520.0,70.0
2022-07-18 10:30:00,4552.0,4552.0,4552.0,4552.0,1.0,45520.0,71.0
2022-07-18 10:35:00,4552.0,4552.0,4552.0,4552.0,0.0,0.0,71.0
2022-07-18 10:40:00,4552.0,4552.0,4552.0,4552.0,0.0,0.0,71.0
2022-07-18 10:45:00,4552.0,4552.0,4552.0,4552.0,0.0,0.0,71.0
2022-07-18 10:50:00,4552.0,4552.0,4552.0,4552.0,0.0,0.0,71.0
2022-07-18 10:55:00,4552.0,4552.0,4552.0,4552.0,0.0,0.0,71.0
2022-07-18 11:00:00,4552.0,4552.0,4552.0,4552.0,0.0,0.0,71.0
2022-07-18 11:05:00,4552.0,4552.0,4552.0,4552.0,0.0,0.0,71.0
2022-07-18 11:10:00,4552.0,4552.0,4552.0,4552.0,0.0,0.0,71.0
2022-07-18 11:15:00,4552.0,4641.0,4552.0,4641.0,2.0,92220.0,70.0
2022-07-18 11:20:00,4641.0,4641.0,4641.0,4641.0,0.0,0.0,70.0
2022-07-18 11:25:00,4641.0,4641.0,4641.0,4641.0,0.0,0.0,70.0
2022-07-18 13:30:00,4641.0,4641.0,4641.0,4641.0,0.0,0.0,70.0
2022-07-18 13:35:00,4641.0,4641.0,4641.0,4641.0,0.0,0.0,70.0
2022-07-18 13:40:00,4641.0,4641.0,4641.0,4641.0,0.0,0.0,70.0
2022-07-18 13:45:00,4641.0,4641.0,4641.0,4641.0,0.0,0.0,70.0
2022-07-18 13:50:00,4641.0,4641.0,4641.0,4641.0,0.0,0.0,70.0
2022-07-18 13:55:00,4641.0,4641.0,4641.0,4641.0,0.0,0.0,70.0
2022-07-18 14:00:00,4641.0,4641.0,4641.0,4641.0,0.0,0.0,70.0
2022-07-18 14:05:00,4641.0,4641.0,4641.0,4641.0,0.0,0.0,70.0
2022-07-18 14:10:00,4567.0,4641.0,4567.0,4570.0,3.0,137070.0,72.0
2022-07-18 14:15:00,4570.0,4570.0,4570.0,4570.0,0.0,0.0,72.0
2022-07-18 14:20:00,4570.0,4570.0,4570.0,4570.0,1.0,45700.0,72.0
2022-07-18 14:25:00,4570.0,4570.0,4570.0,4570.0,0.0,0.0,72.0
2022-07-18 14:30:00,4570.0,4570.0,4570.0,4570.0,0.0,0.0,72.0
2022-07-18 14:35:00,4570.0,4570.0,4570.0,4570.0,0.0,0.0,72.0
2022-07-18 14:40:00,4570.0,4570.0,4570.0,4570.0,0.0,0.0,72.0
2022-07-18 14:45:00,4570.0,4570.0,4570.0,4570.0,0.0,0.0,72.0
2022-07-18 14:50:00,4570.0,4570.0,4570.0,4570.0,0.0,0.0,72.0
2022-07-18 14:55:00,4570.0,4570.0,4570.0,4570.0,0.0,0.0,72.0
2022-07-18 21:00:00,4570.0,4570.0,4570.0,4570.0,0.0,0.0,72.0
2022-07-18 21:05:00,4570.0,4570.0,4570.0,4570.0,0.0,0.0,72.0
2022-07-18 21:10:00,4570.0,4570.0,4570.0,4570.0,0.0,0.0,72.0
2022-07-18 21:15:00,4570.0,4570.0,4570.0,4570.0,0.0,0.0,72.0
2022-07-18 21:20:00,4570.0,4570.0,4570.0,4570.0,0.0,0.0,72.0
2022-07-18 21:25:00,4570.0,4570.0,4570.0,4570.0,0.0,0.0,72.0
2022-07-18 21:30:00,4570.0,4570.0,4570.0,4570.0,0.0,0.0,72.0
2022-07-18 21:35:00,4570.0,4570.0,4570.0,4570.0,0.0,0.0,72.0
2022-07-18 21:40:00,4570.0,4570.0,4570.0,4570.0,0.0,0.0,72.0
2022-07-18 21:45:00,4570.0,4570.0,4570.0,4570.0,0.0,0.0,72.0
2022-07-18 21:50:00,4570.0,4570.0,4570.0,4570.0,0.0,0.0,72.0
2022-07-18 21:55:00,4570.0,4570.0,4570.0,4570.0,0.0,0.0,72.0
2022-07-18 22:00:00,4570.0,4570.0,4570.0,4570.0,0.0,0.0,72.0
2022-07-18 22:05:00,4570.0,4570.0,4570.0,4570.0,0.0,0.0,72.0
2022-07-18 22:10:00,4570.0,4570.0,4570.0,4570.0,0.0,0.0,72.0
2022-07-18 22:15:00,4570.0,4570.0,4570.0,4570.0,0.0,0.0,72.0
2022-07-18 22:20:00,4570.0,4570.0,4570.0,4570.0,0.0,0.0,72.0
2022-07-18 22:25:00,4570.0,4570.0,4570.0,4570.0,0.0,0.0,72.0
2022-07-18 22:30:00,4570.0,4570.0,4570.0,4570.0,0.0,0.0,72.0
2022-07-18 22:35:00,4570.0,4570.0,4570.0,4570.0,0.0,0.0,72.0
2022-07-18 22:40:00,4570.0,4570.0,4570.0,4570.0,0.0,0.0,72.0
2022-07-18 22:45:00,4570.0,4570.0,4570.0,4570.0,0.0,0.0,72.0
2022-07-18 22:50:00,4570.0,4570.0,4570.0,4570.0,0.0,0.0,72.0
2022-07-18 22:55:00,4570.0,4570.0,4570.0,4570.0,0.0,0.0,72.0
2022-07-19 09:00:00,4570.0,4570.0,4570.0,4570.0,0.0,0.0,72.0
2022-07-19 09:05:00,4570.0,4570.0,4570.0,4570.0,0.0,0.0,72.0
2022-07-19 09:10:00,4570.0,4570.0,4570.0,4570.0,0.0,0.0,72.0
2022-07-19 09:15:00,4570.0,4570.0,4570.0,4570.0,0.0,0.0,72.0
2022-07-19 09:20:00,4570.0,4570.0,4570.0,4570.0,0.0,0.0,72.0
2022-07-19 09:25:00,4570.0,4570.0,4570.0,4570.0,0.0,0.0,72.0
2022-07-19 09:30:00,4570.0,4570.0,4570.0,4570.0,0.0,0.0,72.0
2022-07-19 09:35:00,4570.0,4570.0,4570.0,4570.0,0.0,0.0,72.0
2022-07-19 09:40:00,4570.0,4570.0,4570.0,4570.0,0.0,0.0,72.0
2022-07-19 09:45:00,4570.0,4570.0,4570.0,4570.0,0.0,0.0,72.0
2022-07-19 09:50:00,4570.0,4570.0,4570.0,4570.0,0.0,0.0,72.0
2022-07-19 09:55:00,4570.0,4570.0,4570.0,4570.0,0.0,0.0,72.0
2022-07-19 10:00:00,4570.0,4570.0,4570.0,4570.0,0.0,0.0,72.0
2022-07-19 10:05:00,4570.0,4570.0,4570.0,4570.0,0.0,0.0,72.0
2022-07-19 10:10:00,4570.0,4570.0,4570.0,4570.0,0.0,0.0,72.0
2022-07-19 10:30:00,4570.0,4570.0,4570.0,4570.0,0.0,0.0,72.0
2022-07-19 10:35:00,4570.0,4570.0,4570.0,4570.0,0.0,0.0,72.0
2022-07-19 10:40:00,4570.0,4570.0,4570.0,4570.0,0.0,0.0,72.0
2022-07-19 10:45:00,4570.0,4570.0,4570.0,4570.0,0.0,0.0,72.0
2022-07-19 10:50:00,4570.0,4570.0,4570.0,4570.0,0.0,0.0,72.0
2022-07-19 10:55:00,4570.0,4570.0,4570.0,4570.0,0.0,0.0,72.0
2022-07-19 11:00:00,4570.0,4570.0,4570.0,4570.0,0.0,0.0,72.0
2022-07-19 11:05:00,4570.0,4570.0,4570.0,4570.0,0.0,0.0,72.0
2022-07-19 11:10:00,4570.0,4570.0,4570.0,4570.0,0.0,0.0,72.0
2022-07-19 11:15:00,4570.0,4570.0,4570.0,4570.0,0.0,0.0,72.0
2022-07-19 11:20:00,4570.0,4570.0,4570.0,4570.0,0.0,0.0,72.0
2022-07-19 11:25:00,4570.0,4570.0,4570.0,4570.0,0.0,0.0,72.0
2022-07-19 13:30:00,4570.0,4570.0,4570.0,4570.0,0.0,0.0,72.0
2022-07-19 13:35:00,4570.0,4570.0,4570.0,4570.0,0.0,0.0,72.0
2022-07-19 13:40:00,4570.0,4570.0,4570.0,4570.0,0.0,0.0,72.0
2022-07-19 13:45:00,4570.0,4570.0,4570.0,4570.0,0.0,0.0,72.0
2022-07-19 13:50:00,4570.0,4570.0,4570.0,4570.0,0.0,0.0,72.0
2022-07-19 13:55:00,4570.0,4570.0,4570.0,4570.0,0.0,0.0,72.0
2022-07-19 14:00:00,4570.0,4570.0,4570.0,4570.0,0.0,0.0,72.0
2022-07-19 14:05:00,4570.0,4570.0,4570.0,4570.0,0.0,0.0,72.0
2022-07-19 14:10:00,4570.0,4570.0,4570.0,4570.0,0.0,0.0,72.0
2022-07-19 14:15:00,4570.0,4570.0,4524.0,4524.0,1.0,45240.0,73.0
2022-07-19 14:20:00,4524.0,4524.0,4524.0,4524.0,0.0,0.0,73.0
2022-07-19 14:25:00,4524.0,4559.0,4524.0,4559.0,1.0,45590.0,72.0
2022-07-19 14:30:00,4559.0,4559.0,4559.0,4559.0,0.0,0.0,72.0
2022-07-19 14:35:00,4559.0,4559.0,4559.0,4559.0,0.0,0.0,72.0
2022-07-19 14:40:00,4559.0,4559.0,4559.0,4559.0,0.0,0.0,72.0
2022-07-19 14:45:00,4559.0,4559.0,4559.0,4559.0,0.0,0.0,72.0
2022-07-19 14:50:00,4559.0,4559.0,4559.0,4559.0,0.0,0.0,72.0
2022-07-19 14:55:00,4559.0,4559.0,4559.0,4559.0,0.0,0.0,72.0
2022-07-19 21:00:00,4559.0,4559.0,4559.0,4559.0,0.0,0.0,72.0
2022-07-19 21:05:00,4559.0,4559.0,4559.0,4559.0,0.0,0.0,72.0
2022-07-19 21:10:00,4559.0,4559.0,4559.0,4559.0,0.0,0.0,72.0
2022-07-19 21:15:00,4559.0,4559.0,4559.0,4559.0,0.0,0.0,72.0
2022-07-19 21:20:00,4559.0,4559.0,4559.0,4559.0,0.0,0.0,72.0
2022-07-19 21:25:00,4559.0,4559.0,4559.0,4559.0,0.0,0.0,72.0
2022-07-19 21:30:00,4559.0,4559.0,4559.0,4559.0,0.0,0.0,72.0
2022-07-19 21:35:00,4559.0,4559.0,4559.0,4559.0,0.0,0.0,72.0
2022-07-19 21:40:00,4559.0,4588.0,4559.0,4588.0,1.0,45880.0,72.0
2022-07-19 21:45:00,4588.0,4588.0,4570.0,4570.0,1.0,45700.0,72.0
2022-07-19 21:50:00,4570.0,4570.0,4570.0,4570.0,2.0,91400.0,71.0
2022-07-19 21:55:00,4570.0,4570.0,4570.0,4570.0,0.0,0.0,71.0
2022-07-19 22:00:00,4570.0,4570.0,4570.0,4570.0,0.0,0.0,71.0
2022-07-19 22:05:00,4570.0,4570.0,4570.0,4570.0,0.0,0.0,71.0
2022-07-19 22:10:00,4570.0,4570.0,4570.0,4570.0,0.0,0.0,71.0
2022-07-19 22:15:00,4570.0,4570.0,4570.0,4570.0,0.0,0.0,71.0
2022-07-19 22:20:00,4570.0,4570.0,4570.0,4570.0,0.0,0.0,71.0
2022-07-19 22:25:00,4570.0,4570.0,4570.0,4570.0,0.0,0.0,71.0
2022-07-19 22:30:00,4570.0,4570.0,4570.0,4570.0,0.0,0.0,71.0
2022-07-19 22:35:00,4570.0,4570.0,4570.0,4570.0,0.0,0.0,71.0
2022-07-19 22:40:00,4570.0,4570.0,4570.0,4570.0,0.0,0.0,71.0
2022-07-19 22:45:00,4570.0,4570.0,4570.0,4570.0,0.0,0.0,71.0
2022-07-19 22:50:00,4570.0,4570.0,4570.0,4570.0,0.0,0.0,71.0
2022-07-19 22:55:00,4570.0,4570.0,4570.0,4570.0,0.0,0.0,71.0
2022-07-20 09:00:00,4570.0,4570.0,4570.0,4570.0,0.0,0.0,71.0
2022-07-20 09:05:00,4570.0,4570.0,4570.0,4570.0,0.0,0.0,71.0
2022-07-20 09:10:00,4570.0,4570.0,4570.0,4570.0,0.0,0.0,71.0
2022-07-20 09:15:00,4570.0,4570.0,4570.0,4570.0,0.0,0.0,71.0
2022-07-20 09:20:00,4570.0,4570.0,4570.0,4570.0,0.0,0.0,71.0
2022-07-20 09:25:00,4570.0,4570.0,4570.0,4570.0,1.0,45700.0,72.0
2022-07-20 09:30:00,4570.0,4570.0,4570.0,4570.0,0.0,0.0,72.0
2022-07-20 09:35:00,4570.0,4570.0,4570.0,4570.0,0.0,0.0,72.0
2022-07-20 09:40:00,4570.0,4570.0,4570.0,4570.0,1.0,45700.0,71.0
2022-07-20 09:45:00,4570.0,4570.0,4531.0,4531.0,1.0,45310.0,70.0
2022-07-20 09:50:00,4531.0,4531.0,4531.0,4531.0,0.0,0.0,70.0
2022-07-20 09:55:00,4531.0,4531.0,4531.0,4531.0,0.0,0.0,70.0
2022-07-20 10:00:00,4531.0,4531.0,4531.0,4531.0,0.0,0.0,70.0
2022-07-20 10:05:00,4531.0,4531.0,4531.0,4531.0,0.0,0.0,70.0
2022-07-20 10:10:00,4531.0,4531.0,4531.0,4531.0,0.0,0.0,70.0
2022-07-20 10:30:00,4531.0,4531.0,4531.0,4531.0,0.0,0.0,70.0
2022-07-20 10:35:00,4531.0,4531.0,4531.0,4531.0,0.0,0.0,70.0
2022-07-20 10:40:00,4531.0,4531.0,4531.0,4531.0,0.0,0.0,70.0
2022-07-20 10:45:00,4531.0,4531.0,4531.0,4531.0,0.0,0.0,70.0
2022-07-20 10:50:00,4560.0,4560.0,4560.0,4560.0,1.0,45600.0,71.0
2022-07-20 10:55:00,4560.0,4560.0,4560.0,4560.0,0.0,0.0,71.0
2022-07-20 11:00:00,4560.0,4560.0,4560.0,4560.0,0.0,0.0,71.0
2022-07-20 11:05:00,4560.0,4560.0,4560.0,4560.0,0.0,0.0,71.0
2022-07-20 11:10:00,4560.0,4560.0,4560.0,4560.0,0.0,0.0,71.0
2022-07-20 11:15:00,4560.0,4560.0,4560.0,4560.0,0.0,0.0,71.0
2022-07-20 11:20:00,4559.0,4560.0,4559.0,4559.0,1.0,45590.0,71.0
2022-07-20 11:25:00,4559.0,4559.0,4559.0,4559.0,0.0,0.0,71.0
2022-07-20 13:30:00,4532.0,4559.0,4504.0,4504.0,6.0,271200.0,72.0
2022-07-20 13:35:00,4503.0,4504.0,4457.0,4457.0,3.0,134630.0,72.0
2022-07-20 13:40:00,4457.0,4457.0,4457.0,4457.0,0.0,0.0,72.0
2022-07-20 13:45:00,4457.0,4457.0,4457.0,4457.0,0.0,0.0,72.0
2022-07-20 13:50:00,4457.0,4457.0,4457.0,4457.0,0.0,0.0,72.0
2022-07-20 13:55:00,4457.0,4457.0,4457.0,4457.0,0.0,0.0,72.0
2022-07-20 14:00:00,4457.0,4457.0,4457.0,4457.0,0.0,0.0,72.0
2022-07-20 14:05:00,4457.0,4457.0,4457.0,4457.0,0.0,0.0,72.0
2022-07-20 14:10:00,4457.0,4457.0,4457.0,4457.0,0.0,0.0,72.0
2022-07-20 14:15:00,4457.0,4457.0,4457.0,4457.0,0.0,0.0,72.0
2022-07-20 14:20:00,4457.0,4457.0,4457.0,4457.0,0.0,0.0,72.0
2022-07-20 14:25:00,4457.0,4457.0,4457.0,4457.0,0.0,0.0,72.0
2022-07-20 14:30:00,4457.0,4457.0,4457.0,4457.0,0.0,0.0,72.0
2022-07-20 14:35:00,4457.0,4457.0,4457.0,4457.0,0.0,0.0,72.0
2022-07-20 14:40:00,4457.0,4457.0,4457.0,4457.0,0.0,0.0,72.0
2022-07-20 14:45:00,4457.0,4457.0,4457.0,4457.0,0.0,0.0,72.0
2022-07-20 14:50:00,4457.0,4457.0,4457.0,4457.0,0.0,0.0,72.0
2022-07-20 14:55:00,4457.0,4457.0,4457.0,4457.0,0.0,0.0,72.0
2022-07-20 21:00:00,4457.0,4457.0,4457.0,4457.0,0.0,0.0,72.0
2022-07-20 21:05:00,4457.0,4504.0,4457.0,4504.0,1.0,45040.0,71.0
2022-07-20 21:10:00,4504.0,4504.0,4504.0,4504.0,0.0,0.0,71.0
2022-07-20 21:15:00,4504.0,4505.0,4504.0,4505.0,1.0,45050.0,70.0
2022-07-20 21:20:00,4505.0,4561.0,4505.0,4561.0,1.0,45610.0,69.0
2022-07-20 21:25:00,4561.0,4561.0,4561.0,4561.0,0.0,0.0,69.0
2022-07-20 21:30:00,4561.0,4561.0,4561.0,4561.0,0.0,0.0,69.0
2022-07-20 21:35:00,4561.0,4561.0,4561.0,4561.0,0.0,0.0,69.0
2022-07-20 21:40:00,4561.0,4561.0,4561.0,4561.0,0.0,0.0,69.0
2022-07-20 21:45:00,4561.0,4561.0,4561.0,4561.0,0.0,0.0,69.0
2022-07-20 21:50:00,4561.0,4561.0,4561.0,4561.0,0.0,0.0,69.0
2022-07-20 21:55:00,4561.0,4561.0,4561.0,4561.0,0.0,0.0,69.0
2022-07-20 22:00:00,4561.0,4561.0,4561.0,4561.0,0.0,0.0,69.0
2022-07-20 22:05:00,4561.0,4561.0,4561.0,4561.0,0.0,0.0,69.0
2022-07-20 22:10:00,4561.0,4561.0,4561.0,4561.0,0.0,0.0,69.0
2022-07-20 22:15:00,4561.0,4561.0,4561.0,4561.0,0.0,0.0,69.0
2022-07-20 22:20:00,4561.0,4561.0,4561.0,4561.0,0.0,0.0,69.0
2022-07-20 22:25:00,4561.0,4561.0,4561.0,4561.0,0.0,0.0,69.0
2022-07-20 22:30:00,4561.0,4561.0,4561.0,4561.0,0.0,0.0,69.0
2022-07-20 22:35:00,4561.0,4561.0,4561.0,4561.0,0.0,0.0,69.0
2022-07-20 22:40:00,4561.0,4561.0,4561.0,4561.0,0.0,0.0,69.0
2022-07-20 22:45:00,4561.0,4561.0,4561.0,4561.0,0.0,0.0,69.0
2022-07-20 22:50:00,4561.0,4561.0,4561.0,4561.0,0.0,0.0,69.0
2022-07-20 22:55:00,4561.0,4561.0,4561.0,4561.0,0.0,0.0,69.0
2022-07-21 09:00:00,4561.0,4561.0,4561.0,4561.0,0.0,0.0,69.0
2022-07-21 09:05:00,4561.0,4561.0,4561.0,4561.0,0.0,0.0,69.0
2022-07-21 09:10:00,4561.0,4561.0,4561.0,4561.0,0.0,0.0,69.0
2022-07-21 09:15:00,4561.0,4561.0,4561.0,4561.0,0.0,0.0,69.0
2022-07-21 09:20:00,4561.0,4561.0,4561.0,4561.0,0.0,0.0,69.0
2022-07-21 09:25:00,4561.0,4561.0,4561.0,4561.0,0.0,0.0,69.0
2022-07-21 09:30:00,4561.0,4561.0,4561.0,4561.0,0.0,0.0,69.0
2022-07-21 09:35:00,4561.0,4561.0,4561.0,4561.0,0.0,0.0,69.0
2022-07-21 09:40:00,4561.0,4561.0,4561.0,4561.0,0.0,0.0,69.0
2022-07-21 09:45:00,4561.0,4561.0,4561.0,4561.0,0.0,0.0,69.0
2022-07-21 09:50:00,4561.0,4561.0,4561.0,4561.0,0.0,0.0,69.0
2022-07-21 09:55:00,4561.0,4561.0,4561.0,4561.0,0.0,0.0,69.0
2022-07-21 10:00:00,4561.0,4561.0,4561.0,4561.0,0.0,0.0,69.0
2022-07-21 10:05:00,4561.0,4561.0,4561.0,4561.0,0.0,0.0,69.0
2022-07-21 10:10:00,4561.0,4561.0,4561.0,4561.0,0.0,0.0,69.0
2022-07-21 10:30:00,4561.0,4561.0,4561.0,4561.0,0.0,0.0,69.0
2022-07-21 10:35:00,4561.0,4561.0,4561.0,4561.0,0.0,0.0,69.0
2022-07-21 10:40:00,4561.0,4561.0,4561.0,4561.0,0.0,0.0,69.0
2022-07-21 10:45:00,4561.0,4561.0,4561.0,4561.0,0.0,0.0,69.0
2022-07-21 10:50:00,4561.0,4561.0,4561.0,4561.0,0.0,0.0,69.0
2022-07-21 10:55:00,4561.0,4561.0,4561.0,4561.0,0.0,0.0,69.0
2022-07-21 11:00:00,4561.0,4561.0,4561.0,4561.0,0.0,0.0,69.0
2022-07-21 11:05:00,4561.0,4561.0,4561.0,4561.0,0.0,0.0,69.0
2022-07-21 11:10:00,4561.0,4561.0,4561.0,4561.0,0.0,0.0,69.0
2022-07-21 11:15:00,4561.0,4561.0,4561.0,4561.0,0.0,0.0,69.0
2022-07-21 11:20:00,4561.0,4561.0,4561.0,4561.0,0.0,0.0,69.0
2022-07-21 11:25:00,4561.0,4561.0,4561.0,4561.0,0.0,0.0,69.0
2022-07-21 13:30:00,4561.0,4561.0,4561.0,4561.0,0.0,0.0,69.0
2022-07-21 13:35:00,4561.0,4561.0,4561.0,4561.0,0.0,0.0,69.0
2022-07-21 13:40:00,4561.0,4561.0,4561.0,4561.0,0.0,0.0,69.0
2022-07-21 13:45:00,4561.0,4561.0,4561.0,4561.0,0.0,0.0,69.0
2022-07-21 13:50:00,4561.0,4561.0,4561.0,4561.0,0.0,0.0,69.0
2022-07-21 13:55:00,4561.0,4561.0,4561.0,4561.0,0.0,0.0,69.0
2022-07-21 14:00:00,4561.0,4561.0,4561.0,4561.0,0.0,0.0,69.0
2022-07-21 14:05:00,4561.0,4561.0,4561.0,4561.0,0.0,0.0,69.0
2022-07-21 14:10:00,4561.0,4561.0,4561.0,4561.0,0.0,0.0,69.0
2022-07-21 14:15:00,4561.0,4561.0,4561.0,4561.0,0.0,0.0,69.0
2022-07-21 14:20:00,4561.0,4561.0,4561.0,4561.0,0.0,0.0,69.0
2022-07-21 14:25:00,4561.0,4561.0,4561.0,4561.0,0.0,0.0,69.0
2022-07-21 14:30:00,4561.0,4561.0,4561.0,4561.0,0.0,0.0,69.0
2022-07-21 14:35:00,4561.0,4561.0,4561.0,4561.0,0.0,0.0,69.0
2022-07-21 14:40:00,4561.0,4561.0,4561.0,4561.0,0.0,0.0,69.0
2022-07-21 14:45:00,4561.0,4561.0,4561.0,4561.0,0.0,0.0,69.0
2022-07-21 14:50:00,4561.0,4561.0,4561.0,4561.0,0.0,0.0,69.0
2022-07-21 14:55:00,4561.0,4561.0,4561.0,4561.0,0.0,0.0,69.0
2022-07-21 21:00:00,4523.0,4523.0,4523.0,4523.0,0.0,0.0,69.0
2022-07-21 21:05:00,4523.0,4523.0,4523.0,4523.0,0.0,0.0,69.0
2022-07-21 21:10:00,4523.0,4523.0,4523.0,4523.0,0.0,0.0,69.0
2022-07-21 21:15:00,4523.0,4523.0,4523.0,4523.0,0.0,0.0,69.0
2022-07-21 21:20:00,4523.0,4523.0,4523.0,4523.0,0.0,0.0,69.0
2022-07-21 21:25:00,4523.0,4523.0,4523.0,4523.0,0.0,0.0,69.0
2022-07-21 21:30:00,4523.0,4523.0,4523.0,4523.0,0.0,0.0,69.0
2022-07-21 21:35:00,4523.0,4523.0,4523.0,4523.0,0.0,0.0,69.0
2022-07-21 21:40:00,4523.0,4523.0,4523.0,4523.0,0.0,0.0,69.0
2022-07-21 21:45:00,4523.0,4523.0,4523.0,4523.0,0.0,0.0,69.0
2022-07-21 21:50:00,4523.0,4523.0,4523.0,4523.0,0.0,0.0,69.0
2022-07-21 21:55:00,4523.0,4523.0,4523.0,4523.0,0.0,0.0,69.0
2022-07-21 22:00:00,4523.0,4523.0,4523.0,4523.0,0.0,0.0,69.0
2022-07-21 22:05:00,4523.0,4523.0,4523.0,4523.0,0.0,0.0,69.0
2022-07-21 22:10:00,4523.0,4523.0,4523.0,4523.0,0.0,0.0,69.0
2022-07-21 22:15:00,4523.0,4523.0,4523.0,4523.0,0.0,0.0,69.0
2022-07-21 22:20:00,4523.0,4523.0,4523.0,4523.0,0.0,0.0,69.0
2022-07-21 22:25:00,4523.0,4523.0,4523.0,4523.0,0.0,0.0,69.0
2022-07-21 22:30:00,4523.0,4523.0,4523.0,4523.0,0.0,0.0,69.0
2022-07-21 22:35:00,4523.0,4523.0,4523.0,4523.0,0.0,0.0,69.0
2022-07-21 22:40:00,4523.0,4523.0,4523.0,4523.0,0.0,0.0,69.0
2022-07-21 22:45:00,4523.0,4523.0,4523.0,4523.0,0.0,0.0,69.0
2022-07-21 22:50:00,4523.0,4523.0,4523.0,4523.0,0.0,0.0,69.0
2022-07-21 22:55:00,4523.0,4523.0,4523.0,4523.0,0.0,0.0,69.0
2022-07-22 09:00:00,4523.0,4523.0,4523.0,4523.0,0.0,0.0,69.0
2022-07-22 09:05:00,4523.0,4523.0,4523.0,4523.0,0.0,0.0,69.0
2022-07-22 09:10:00,4523.0,4523.0,4523.0,4523.0,0.0,0.0,69.0
2022-07-22 09:15:00,4523.0,4523.0,4523.0,4523.0,0.0,0.0,69.0
2022-07-22 09:20:00,4523.0,4523.0,4523.0,4523.0,0.0,0.0,69.0
2022-07-22 09:25:00,4523.0,4523.0,4523.0,4523.0,0.0,0.0,69.0
2022-07-22 09:30:00,4523.0,4523.0,4523.0,4523.0,0.0,0.0,69.0
2022-07-22 09:35:00,4523.0,4523.0,4523.0,4523.0,0.0,0.0,69.0
2022-07-22 09:40:00,4523.0,4523.0,4523.0,4523.0,0.0,0.0,69.0
2022-07-22 09:45:00,4523.0,4523.0,4523.0,4523.0,0.0,0.0,69.0
2022-07-22 09:50:00,4523.0,4523.0,4523.0,4523.0,0.0,0.0,69.0
2022-07-22 09:55:00,4523.0,4523.0,4523.0,4523.0,0.0,0.0,69.0
2022-07-22 10:00:00,4523.0,4523.0,4523.0,4523.0,0.0,0.0,69.0
2022-07-22 10:05:00,4523.0,4523.0,4523.0,4523.0,0.0,0.0,69.0
2022-07-22 10:10:00,4523.0,4523.0,4523.0,4523.0,0.0,0.0,69.0
2022-07-22 10:30:00,4523.0,4523.0,4523.0,4523.0,0.0,0.0,69.0
2022-07-22 10:35:00,4523.0,4523.0,4523.0,4523.0,0.0,0.0,69.0
2022-07-22 10:40:00,4523.0,4523.0,4523.0,4523.0,0.0,0.0,69.0
2022-07-22 10:45:00,4523.0,4523.0,4523.0,4523.0,0.0,0.0,69.0
2022-07-22 10:50:00,4523.0,4523.0,4523.0,4523.0,0.0,0.0,69.0
2022-07-22 10:55:00,4523.0,4523.0,4523.0,4523.0,0.0,0.0,69.0
2022-07-22 11:00:00,4523.0,4523.0,4523.0,4523.0,0.0,0.0,69.0
2022-07-22 11:05:00,4523.0,4523.0,4523.0,4523.0,0.0,0.0,69.0
2022-07-22 11:10:00,4523.0,4523.0,4523.0,4523.0,0.0,0.0,69.0
2022-07-22 11:15:00,4523.0,4523.0,4523.0,4523.0,0.0,0.0,69.0
2022-07-22 11:20:00,4523.0,4523.0,4523.0,4523.0,0.0,0.0,69.0
2022-07-22 11:25:00,4523.0,4523.0,4523.0,4523.0,0.0,0.0,69.0
2022-07-22 13:30:00,4523.0,4523.0,4523.0,4523.0,0.0,0.0,69.0
2022-07-22 13:35:00,4523.0,4523.0,4523.0,4523.0,0.0,0.0,69.0
2022-07-22 13:40:00,4523.0,4523.0,4523.0,4523.0,0.0,0.0,69.0
2022-07-22 13:45:00,4523.0,4523.0,4523.0,4523.0,0.0,0.0,69.0
2022-07-22 13:50:00,4523.0,4523.0,4523.0,4523.0,0.0,0.0,69.0
2022-07-22 13:55:00,4523.0,4523.0,4523.0,4523.0,0.0,0.0,69.0
2022-07-22 14:00:00,4523.0,4523.0,4523.0,4523.0,0.0,0.0,69.0
2022-07-22 14:05:00,4523.0,4523.0,4523.0,4523.0,0.0,0.0,69.0
2022-07-22 14:10:00,4523.0,4523.0,4523.0,4523.0,0.0,0.0,69.0
2022-07-22 14:15:00,4523.0,4523.0,4523.0,4523.0,0.0,0.0,69.0
2022-07-22 14:20:00,4523.0,4523.0,4523.0,4523.0,0.0,0.0,69.0
2022-07-22 14:25:00,4523.0,4523.0,4523.0,4523.0,0.0,0.0,69.0
2022-07-22 14:30:00,4470.0,4475.0,4470.0,4475.0,6.0,268300.0,75.0
2022-07-22 14:35:00,4475.0,4475.0,4460.0,4465.0,4.0,178500.0,79.0
2022-07-22 14:40:00,4465.0,4465.0,4462.0,4462.0,4.0,178540.0,83.0
2022-07-22 14:45:00,4462.0,4470.0,4459.0,4470.0,3.0,133990.0,86.0
2022-07-22 14:50:00,4470.0,4470.0,4451.0,4454.0,11.0,490090.0,93.0
2022-07-22 14:55:00,4455.0,4455.0,4450.0,4450.0,9.0,400740.0,102.0
2022-07-22 21:00:00,4450.0,4450.0,4450.0,4450.0,0.0,0.0,102.0
2022-07-22 21:05:00,4450.0,4450.0,4450.0,4450.0,0.0,0.0,102.0
2022-07-22 21:10:00,4450.0,4450.0,4450.0,4450.0,0.0,0.0,102.0
2022-07-22 21:15:00,4450.0,4450.0,4450.0,4450.0,0.0,0.0,102.0
2022-07-22 21:20:00,4450.0,4450.0,4450.0,4450.0,0.0,0.0,102.0
2022-07-22 21:25:00,4450.0,4450.0,4450.0,4450.0,0.0,0.0,102.0
2022-07-22 21:30:00,4450.0,4450.0,4450.0,4450.0,0.0,0.0,102.0
2022-07-22 21:35:00,4450.0,4450.0,4450.0,4450.0,0.0,0.0,102.0
2022-07-22 21:40:00,4450.0,4450.0,4450.0,4450.0,0.0,0.0,102.0
2022-07-22 21:45:00,4450.0,4450.0,4450.0,4450.0,0.0,0.0,102.0
2022-07-22 21:50:00,4450.0,4450.0,4450.0,4450.0,0.0,0.0,102.0
2022-07-22 21:55:00,4450.0,4450.0,4450.0,4450.0,0.0,0.0,102.0
2022-07-22 22:00:00,4450.0,4450.0,4450.0,4450.0,0.0,0.0,102.0
2022-07-22 22:05:00,4450.0,4450.0,4450.0,4450.0,0.0,0.0,102.0
2022-07-22 22:10:00,4450.0,4450.0,4450.0,4450.0,0.0,0.0,102.0
2022-07-22 22:15:00,4450.0,4450.0,4450.0,4450.0,0.0,0.0,102.0
2022-07-22 22:20:00,4450.0,4450.0,4450.0,4450.0,0.0,0.0,102.0
2022-07-22 22:25:00,4450.0,4450.0,4450.0,4450.0,0.0,0.0,102.0
2022-07-22 22:30:00,4450.0,4450.0,4450.0,4450.0,0.0,0.0,102.0
2022-07-22 22:35:00,4450.0,4450.0,4450.0,4450.0,0.0,0.0,102.0
2022-07-22 22:40:00,4450.0,4450.0,4450.0,4450.0,0.0,0.0,102.0
2022-07-22 22:45:00,4450.0,4450.0,4450.0,4450.0,0.0,0.0,102.0
2022-07-22 22:50:00,4450.0,4450.0,4450.0,4450.0,0.0,0.0,102.0
2022-07-22 22:55:00,4450.0,4480.0,4450.0,4480.0,1.0,44800.0,102.0
2022-07-25 09:00:00,4480.0,4524.0,4480.0,4524.0,1.0,45240.0,103.0
2022-07-25 09:05:00,4524.0,4524.0,4524.0,4524.0,0.0,0.0,103.0
2022-07-25 09:10:00,4524.0,4524.0,4524.0,4524.0,0.0,0.0,103.0
2022-07-25 09:15:00,4524.0,4524.0,4524.0,4524.0,0.0,0.0,103.0
2022-07-25 09:20:00,4524.0,4524.0,4524.0,4524.0,0.0,0.0,103.0
2022-07-25 09:25:00,4524.0,4524.0,4431.0,4432.0,4.0,177300.0,103.0
2022-07-25 09:30:00,4432.0,4432.0,4432.0,4432.0,0.0,0.0,103.0
2022-07-25 09:35:00,4432.0,4432.0,4431.0,4431.0,3.0,132950.0,105.0
2022-07-25 09:40:00,4431.0,4431.0,4431.0,4431.0,1.0,44310.0,105.0
2022-07-25 09:45:00,4431.0,4431.0,4431.0,4431.0,0.0,0.0,105.0
2022-07-25 09:50:00,4431.0,4431.0,4383.0,4383.0,4.0,176430.0,106.0
2022-07-25 09:55:00,4383.0,4383.0,4383.0,4383.0,0.0,0.0,106.0
2022-07-25 10:00:00,4383.0,4383.0,4383.0,4383.0,0.0,0.0,106.0
2022-07-25 10:05:00,4383.0,4383.0,4383.0,4383.0,0.0,0.0,106.0
2022-07-25 10:10:00,4383.0,4383.0,4383.0,4383.0,0.0,0.0,106.0
2022-07-25 10:30:00,4383.0,4383.0,4383.0,4383.0,0.0,0.0,106.0
2022-07-25 10:35:00,4383.0,4383.0,4383.0,4383.0,0.0,0.0,106.0
2022-07-25 10:40:00,4383.0,4383.0,4383.0,4383.0,0.0,0.0,106.0
2022-07-25 10:45:00,4383.0,4425.0,4383.0,4387.0,2.0,88120.0,105.0
2022-07-25 10:50:00,4387.0,4433.0,4387.0,4433.0,1.0,44330.0,105.0
2022-07-25 10:55:00,4433.0,4433.0,4433.0,4433.0,0.0,0.0,105.0
2022-07-25 11:00:00,4433.0,4433.0,4433.0,4433.0,0.0,0.0,105.0
2022-07-25 11:05:00,4433.0,4433.0,4433.0,4433.0,0.0,0.0,105.0
2022-07-25 11:10:00,4433.0,4433.0,4395.0,4421.0,3.0,132400.0,107.0
2022-07-25 11:15:00,4397.0,4421.0,4397.0,4397.0,1.0,43970.0,107.0
2022-07-25 11:20:00,4397.0,4397.0,4397.0,4397.0,0.0,0.0,107.0
2022-07-25 11:25:00,4397.0,4397.0,4397.0,4397.0,0.0,0.0,107.0
2022-07-25 13:30:00,4387.0,4397.0,4386.0,4386.0,2.0,87730.0,109.0
2022-07-25 13:35:00,4386.0,4386.0,4386.0,4386.0,0.0,0.0,109.0
2022-07-25 13:40:00,4386.0,4386.0,4386.0,4386.0,0.0,0.0,109.0
2022-07-25 13:45:00,4386.0,4388.0,4386.0,4388.0,1.0,43880.0,109.0
2022-07-25 13:50:00,4388.0,4388.0,4388.0,4388.0,0.0,0.0,109.0
2022-07-25 13:55:00,4388.0,4388.0,4388.0,4388.0,0.0,0.0,109.0
2022-07-25 14:00:00,4388.0,4388.0,4388.0,4388.0,0.0,0.0,109.0
2022-07-25 14:05:00,4388.0,4388.0,4388.0,4388.0,0.0,0.0,109.0
2022-07-25 14:10:00,4388.0,4388.0,4388.0,4388.0,0.0,0.0,109.0
2022-07-25 14:15:00,4388.0,4388.0,4388.0,4388.0,0.0,0.0,109.0
2022-07-25 14:20:00,4388.0,4388.0,4388.0,4388.0,0.0,0.0,109.0
2022-07-25 14:25:00,4388.0,4388.0,4388.0,4388.0,0.0,0.0,109.0
2022-07-25 14:30:00,4388.0,4388.0,4384.0,4384.0,2.0,87680.0,111.0
2022-07-25 14:35:00,4384.0,4384.0,4383.0,4383.0,1.0,43830.0,112.0
2022-07-25 14:40:00,4383.0,4383.0,4375.0,4375.0,2.0,87500.0,114.0
2022-07-25 14:45:00,4375.0,4375.0,4375.0,4375.0,0.0,0.0,114.0
2022-07-25 14:50:00,4375.0,4375.0,4375.0,4375.0,0.0,0.0,114.0
2022-07-25 14:55:00,4375.0,4398.0,4375.0,4398.0,1.0,43980.0,113.0
2022-07-25 21:00:00,4398.0,4398.0,4398.0,4398.0,0.0,0.0,113.0
2022-07-25 21:05:00,4398.0,4398.0,4398.0,4398.0,0.0,0.0,113.0
2022-07-25 21:10:00,4398.0,4432.0,4398.0,4432.0,1.0,44320.0,114.0
2022-07-25 21:15:00,4432.0,4432.0,4432.0,4432.0,0.0,0.0,114.0
2022-07-25 21:20:00,4432.0,4432.0,4376.0,4376.0,2.0,87530.0,116.0
2022-07-25 21:25:00,4376.0,4376.0,4376.0,4376.0,0.0,0.0,116.0
2022-07-25 21:30:00,4376.0,4376.0,4376.0,4376.0,0.0,0.0,116.0
2022-07-25 21:35:00,4376.0,4376.0,4376.0,4376.0,0.0,0.0,116.0
2022-07-25 21:40:00,4376.0,4376.0,4376.0,4376.0,0.0,0.0,116.0
2022-07-25 21:45:00,4376.0,4376.0,4376.0,4376.0,0.0,0.0,116.0
2022-07-25 21:50:00,4376.0,4376.0,4376.0,4376.0,0.0,0.0,116.0
2022-07-25 21:55:00,4376.0,4376.0,4376.0,4376.0,0.0,0.0,116.0
2022-07-25 22:00:00,4376.0,4376.0,4376.0,4376.0,0.0,0.0,116.0
2022-07-25 22:05:00,4376.0,4376.0,4376.0,4376.0,0.0,0.0,116.0
2022-07-25 22:10:00,4376.0,4376.0,4376.0,4376.0,0.0,0.0,116.0
2022-07-25 22:15:00,4376.0,4376.0,4376.0,4376.0,0.0,0.0,116.0
2022-07-25 22:20:00,4376.0,4376.0,4376.0,4376.0,0.0,0.0,116.0
2022-07-25 22:25:00,4376.0,4376.0,4376.0,4376.0,0.0,0.0,116.0
2022-07-25 22:30:00,4376.0,4376.0,4376.0,4376.0,0.0,0.0,116.0
2022-07-25 22:35:00,4376.0,4376.0,4376.0,4376.0,0.0,0.0,116.0
2022-07-25 22:40:00,4376.0,4376.0,4350.0,4350.0,2.0,87000.0,118.0
2022-07-25 22:45:00,4350.0,4391.0,4350.0,4386.0,4.0,175570.0,120.0
2022-07-25 22:50:00,4386.0,4386.0,4383.0,4383.0,1.0,43830.0,121.0
2022-07-25 22:55:00,4349.0,4383.0,4340.0,4340.0,8.0,347380.0,126.0
2022-07-26 09:00:00,4340.0,4340.0,4340.0,4340.0,0.0,0.0,126.0
2022-07-26 09:05:00,4340.0,4340.0,4340.0,4340.0,0.0,0.0,126.0
2022-07-26 09:10:00,4340.0,4340.0,4340.0,4340.0,0.0,0.0,126.0
2022-07-26 09:15:00,4340.0,4340.0,4340.0,4340.0,0.0,0.0,126.0
2022-07-26 09:20:00,4382.0,4402.0,4340.0,4349.0,8.0,348780.0,120.0
2022-07-26 09:25:00,4349.0,4349.0,4349.0,4349.0,0.0,0.0,120.0
2022-07-26 09:30:00,4349.0,4397.0,4349.0,4378.0,7.0,307070.0,119.0
2022-07-26 09:35:00,4378.0,4378.0,4378.0,4378.0,0.0,0.0,119.0
2022-07-26 09:40:00,4378.0,4378.0,4378.0,4378.0,0.0,0.0,119.0
2022-07-26 09:45:00,4378.0,4378.0,4378.0,4378.0,0.0,0.0,119.0
2022-07-26 09:50:00,4378.0,4378.0,4378.0,4378.0,0.0,0.0,119.0
2022-07-26 09:55:00,4378.0,4378.0,4378.0,4378.0,0.0,0.0,119.0
2022-07-26 10:00:00,4378.0,4378.0,4378.0,4378.0,0.0,0.0,119.0
2022-07-26 10:05:00,4378.0,4435.0,4378.0,4435.0,4.0,177400.0,121.0
2022-07-26 10:10:00,4435.0,4435.0,4435.0,4435.0,0.0,0.0,121.0
2022-07-26 10:30:00,4435.0,4435.0,4435.0,4435.0,0.0,0.0,121.0
2022-07-26 10:35:00,4435.0,4435.0,4435.0,4435.0,0.0,0.0,121.0
2022-07-26 10:40:00,4435.0,4435.0,4435.0,4435.0,0.0,0.0,121.0
2022-07-26 10:45:00,4435.0,4435.0,4370.0,4370.0,1.0,43700.0,122.0
2022-07-26 10:50:00,4370.0,4370.0,4370.0,4370.0,0.0,0.0,122.0
2022-07-26 10:55:00,4370.0,4370.0,4370.0,4370.0,0.0,0.0,122.0
2022-07-26 11:00:00,4370.0,4370.0,4370.0,4370.0,0.0,0.0,122.0
2022-07-26 11:05:00,4370.0,4435.0,4370.0,4435.0,3.0,132840.0,123.0
2022-07-26 11:10:00,4435.0,4435.0,4386.0,4386.0,2.0,87720.0,123.0
2022-07-26 11:15:00,4386.0,4386.0,4386.0,4386.0,0.0,0.0,123.0
2022-07-26 11:20:00,4386.0,4386.0,4386.0,4386.0,0.0,0.0,123.0
2022-07-26 11:25:00,4386.0,4386.0,4386.0,4386.0,0.0,0.0,123.0
2022-07-26 13:30:00,4386.0,4433.0,4386.0,4433.0,1.0,44330.0,123.0
2022-07-26 13:35:00,4433.0,4433.0,4433.0,4433.0,0.0,0.0,123.0
2022-07-26 13:40:00,4433.0,4433.0,4396.0,4396.0,1.0,43960.0,123.0
2022-07-26 13:45:00,4396.0,4416.0,4386.0,4412.0,5.0,220160.0,124.0
2022-07-26 13:50:00,4412.0,4412.0,4390.0,4390.0,1.0,43900.0,124.0
2022-07-26 13:55:00,4390.0,4390.0,4390.0,4390.0,0.0,0.0,124.0
2022-07-26 14:00:00,4390.0,4390.0,4390.0,4390.0,0.0,0.0,124.0
2022-07-26 14:05:00,4390.0,4390.0,4390.0,4390.0,0.0,0.0,124.0
2022-07-26 14:10:00,4390.0,4390.0,4390.0,4390.0,0.0,0.0,124.0
2022-07-26 14:15:00,4396.0,4396.0,4390.0,4396.0,1.0,43960.0,125.0
2022-07-26 14:20:00,4396.0,4436.0,4396.0,4436.0,1.0,44360.0,125.0
2022-07-26 14:25:00,4436.0,4436.0,4436.0,4436.0,0.0,0.0,125.0
2022-07-26 14:30:00,4436.0,4436.0,4428.0,4428.0,1.0,44280.0,125.0
2022-07-26 14:35:00,4431.0,4431.0,4428.0,4431.0,1.0,44310.0,125.0
2022-07-26 14:40:00,4435.0,4435.0,4435.0,4435.0,3.0,133050.0,126.0
2022-07-26 14:45:00,4435.0,4435.0,4435.0,4435.0,0.0,0.0,126.0
2022-07-26 14:50:00,4435.0,4435.0,4435.0,4435.0,0.0,0.0,126.0
2022-07-26 14:55:00,4435.0,4435.0,4435.0,4435.0,0.0,0.0,126.0
2022-07-26 21:00:00,4435.0,4487.0,4433.0,4436.0,4.0,178430.0,127.0
2022-07-26 21:05:00,4431.0,4436.0,4431.0,4431.0,1.0,44310.0,127.0
2022-07-26 21:10:00,4431.0,4431.0,4431.0,4431.0,0.0,0.0,127.0
2022-07-26 21:15:00,4431.0,4431.0,4431.0,4431.0,0.0,0.0,127.0
2022-07-26 21:20:00,4431.0,4431.0,4431.0,4431.0,0.0,0.0,127.0
2022-07-26 21:25:00,4431.0,4431.0,4431.0,4431.0,0.0,0.0,127.0
2022-07-26 21:30:00,4431.0,4431.0,4431.0,4431.0,0.0,0.0,127.0
2022-07-26 21:35:00,4431.0,4431.0,4431.0,4431.0,0.0,0.0,127.0
2022-07-26 21:40:00,4431.0,4431.0,4431.0,4431.0,0.0,0.0,127.0
2022-07-26 21:45:00,4431.0,4431.0,4376.0,4376.0,2.0,87520.0,129.0
2022-07-26 21:50:00,4376.0,4376.0,4375.0,4375.0,3.0,131270.0,131.0
2022-07-26 21:55:00,4375.0,4378.0,4375.0,4376.0,5.0,218870.0,134.0
2022-07-26 22:00:00,4376.0,4376.0,4376.0,4376.0,0.0,0.0,134.0
2022-07-26 22:05:00,4376.0,4376.0,4368.0,4368.0,1.0,43680.0,135.0
2022-07-26 22:10:00,4368.0,4368.0,4368.0,4368.0,0.0,0.0,135.0
2022-07-26 22:15:00,4368.0,4368.0,4368.0,4368.0,0.0,0.0,135.0
2022-07-26 22:20:00,4368.0,4368.0,4368.0,4368.0,0.0,0.0,135.0
2022-07-26 22:25:00,4368.0,4368.0,4368.0,4368.0,0.0,0.0,135.0
2022-07-26 22:30:00,4368.0,4368.0,4368.0,4368.0,0.0,0.0,135.0
2022-07-26 22:35:00,4368.0,4396.0,4368.0,4368.0,3.0,131600.0,136.0
2022-07-26 22:40:00,4368.0,4368.0,4368.0,4368.0,0.0,0.0,136.0
2022-07-26 22:45:00,4368.0,4368.0,4368.0,4368.0,0.0,0.0,136.0
2022-07-26 22:50:00,4368.0,4368.0,4368.0,4368.0,0.0,0.0,136.0
2022-07-26 22:55:00,4368.0,4368.0,4363.0,4363.0,1.0,43630.0,137.0
2022-07-27 09:00:00,4363.0,4392.0,4363.0,4392.0,1.0,43920.0,138.0
2022-07-27 09:05:00,4392.0,4392.0,4392.0,4392.0,0.0,0.0,138.0
2022-07-27 09:10:00,4392.0,4394.0,4392.0,4394.0,1.0,43940.0,137.0
2022-07-27 09:15:00,4394.0,4394.0,4394.0,4394.0,0.0,0.0,137.0
2022-07-27 09:20:00,4394.0,4399.0,4394.0,4399.0,1.0,43990.0,137.0
2022-07-27 09:25:00,4399.0,4401.0,4399.0,4401.0,6.0,264000.0,140.0
2022-07-27 09:30:00,4401.0,4401.0,4401.0,4401.0,0.0,0.0,140.0
2022-07-27 09:35:00,4401.0,4401.0,4401.0,4401.0,0.0,0.0,140.0
2022-07-27 09:40:00,4401.0,4401.0,4401.0,4401.0,0.0,0.0,140.0
2022-07-27 09:45:00,4401.0,4401.0,4401.0,4401.0,0.0,0.0,140.0
2022-07-27 09:50:00,4401.0,4406.0,4401.0,4406.0,1.0,44060.0,139.0
2022-07-27 09:55:00,4406.0,4406.0,4406.0,4406.0,0.0,0.0,139.0
2022-07-27 10:00:00,4406.0,4406.0,4406.0,4406.0,0.0,0.0,139.0
2022-07-27 10:05:00,4406.0,4406.0,4406.0,4406.0,0.0,0.0,139.0
2022-07-27 10:10:00,4406.0,4406.0,4406.0,4406.0,0.0,0.0,139.0
2022-07-27 10:30:00,4406.0,4406.0,4406.0,4406.0,0.0,0.0,139.0
2022-07-27 10:35:00,4406.0,4407.0,4406.0,4407.0,1.0,44070.0,139.0
2022-07-27 10:40:00,4407.0,4407.0,4407.0,4407.0,0.0,0.0,139.0
2022-07-27 10:45:00,4407.0,4407.0,4407.0,4407.0,0.0,0.0,139.0
2022-07-27 10:50:00,4407.0,4414.0,4407.0,4414.0,1.0,44140.0,138.0
2022-07-27 10:55:00,4414.0,4414.0,4414.0,4414.0,0.0,0.0,138.0
2022-07-27 11:00:00,4414.0,4414.0,4414.0,4414.0,0.0,0.0,138.0
2022-07-27 11:05:00,4414.0,4414.0,4414.0,4414.0,0.0,0.0,138.0
2022-07-27 11:10:00,4414.0,4414.0,4414.0,4414.0,0.0,0.0,138.0
2022-07-27 11:15:00,4414.0,4414.0,4414.0,4414.0,0.0,0.0,138.0
2022-07-27 11:20:00,4414.0,4414.0,4414.0,4414.0,0.0,0.0,138.0
2022-07-27 11:25:00,4414.0,4414.0,4414.0,4414.0,0.0,0.0,138.0
2022-07-27 13:30:00,4414.0,4414.0,4414.0,4414.0,0.0,0.0,138.0
2022-07-27 13:35:00,4449.0,4449.0,4414.0,4449.0,1.0,44490.0,138.0
2022-07-27 13:40:00,4449.0,4449.0,4449.0,4449.0,0.0,0.0,138.0
2022-07-27 13:45:00,4449.0,4449.0,4449.0,4449.0,0.0,0.0,138.0
2022-07-27 13:50:00,4449.0,4449.0,4449.0,4449.0,0.0,0.0,138.0
2022-07-27 13:55:00,4449.0,4449.0,4449.0,4449.0,0.0,0.0,138.0
2022-07-27 14:00:00,4449.0,4449.0,4449.0,4449.0,0.0,0.0,138.0
2022-07-27 14:05:00,4449.0,4449.0,4449.0,4449.0,0.0,0.0,138.0
2022-07-27 14:10:00,4449.0,4449.0,4449.0,4449.0,0.0,0.0,138.0
2022-07-27 14:15:00,4449.0,4449.0,4449.0,4449.0,0.0,0.0,138.0
2022-07-27 14:20:00,4449.0,4449.0,4449.0,4449.0,0.0,0.0,138.0
2022-07-27 14:25:00,4449.0,4449.0,4449.0,4449.0,0.0,0.0,138.0
2022-07-27 14:30:00,4449.0,4449.0,4449.0,4449.0,0.0,0.0,138.0
2022-07-27 14:35:00,4449.0,4449.0,4449.0,4449.0,0.0,0.0,138.0
2022-07-27 14:40:00,4449.0,4449.0,4449.0,4449.0,0.0,0.0,138.0
2022-07-27 14:45:00,4449.0,4486.0,4445.0,4445.0,2.0,89310.0,138.0
2022-07-27 14:50:00,4445.0,4445.0,4445.0,4445.0,1.0,44450.0,138.0
2022-07-27 14:55:00,4445.0,4445.0,4445.0,4445.0,0.0,0.0,138.0
2022-07-27 21:00:00,4445.0,4445.0,4445.0,4445.0,0.0,0.0,138.0
2022-07-27 21:05:00,4445.0,4445.0,4445.0,4445.0,0.0,0.0,138.0
2022-07-27 21:10:00,4445.0,4445.0,4445.0,4445.0,0.0,0.0,138.0
2022-07-27 21:15:00,4445.0,4445.0,4445.0,4445.0,0.0,0.0,138.0
2022-07-27 21:20:00,4445.0,4445.0,4445.0,4445.0,0.0,0.0,138.0
2022-07-27 21:25:00,4445.0,4445.0,4445.0,4445.0,0.0,0.0,138.0
2022-07-27 21:30:00,4499.0,4499.0,4445.0,4497.0,2.0,89960.0,137.0
2022-07-27 21:35:00,4497.0,4497.0,4480.0,4488.0,2.0,89680.0,135.0
2022-07-27 21:40:00,4488.0,4488.0,4480.0,4488.0,3.0,134490.0,133.0
2022-07-27 21:45:00,4488.0,4488.0,4488.0,4488.0,0.0,0.0,133.0
2022-07-27 21:50:00,4488.0,4488.0,4488.0,4488.0,0.0,0.0,133.0
2022-07-27 21:55:00,4488.0,4488.0,4488.0,4488.0,0.0,0.0,133.0
2022-07-27 22:00:00,4488.0,4488.0,4488.0,4488.0,0.0,0.0,133.0
2022-07-27 22:05:00,4488.0,4488.0,4488.0,4488.0,0.0,0.0,133.0
2022-07-27 22:10:00,4488.0,4488.0,4488.0,4488.0,0.0,0.0,133.0
2022-07-27 22:15:00,4488.0,4500.0,4488.0,4500.0,1.0,45000.0,132.0
2022-07-27 22:20:00,4500.0,4500.0,4500.0,4500.0,0.0,0.0,132.0
2022-07-27 22:25:00,4500.0,4500.0,4500.0,4500.0,0.0,0.0,132.0
2022-07-27 22:30:00,4500.0,4500.0,4500.0,4500.0,0.0,0.0,132.0
2022-07-27 22:35:00,4500.0,4500.0,4500.0,4500.0,0.0,0.0,132.0
2022-07-27 22:40:00,4500.0,4500.0,4500.0,4500.0,0.0,0.0,132.0
2022-07-27 22:45:00,4500.0,4500.0,4500.0,4500.0,0.0,0.0,132.0
2022-07-27 22:50:00,4500.0,4500.0,4500.0,4500.0,0.0,0.0,132.0
2022-07-27 22:55:00,4500.0,4500.0,4500.0,4500.0,0.0,0.0,132.0
2022-07-28 09:00:00,4539.0,4539.0,4500.0,4539.0,1.0,45390.0,133.0
2022-07-28 09:05:00,4539.0,4539.0,4525.0,4525.0,2.0,90500.0,134.0
2022-07-28 09:10:00,4525.0,4525.0,4525.0,4525.0,0.0,0.0,134.0
2022-07-28 09:15:00,4525.0,4525.0,4525.0,4525.0,0.0,0.0,134.0
2022-07-28 09:20:00,4525.0,4525.0,4525.0,4525.0,0.0,0.0,134.0
2022-07-28 09:25:00,4525.0,4525.0,4525.0,4525.0,0.0,0.0,134.0
2022-07-28 09:30:00,4525.0,4525.0,4525.0,4525.0,0.0,0.0,134.0
2022-07-28 09:35:00,4525.0,4525.0,4525.0,4525.0,0.0,0.0,134.0
2022-07-28 09:40:00,4525.0,4525.0,4525.0,4525.0,0.0,0.0,134.0
2022-07-28 09:45:00,4525.0,4525.0,4525.0,4525.0,0.0,0.0,134.0
2022-07-28 09:50:00,4525.0,4525.0,4525.0,4525.0,0.0,0.0,134.0
2022-07-28 09:55:00,4525.0,4525.0,4525.0,4525.0,0.0,0.0,134.0
2022-07-28 10:00:00,4525.0,4525.0,4525.0,4525.0,0.0,0.0,134.0
2022-07-28 10:05:00,4525.0,4525.0,4525.0,4525.0,0.0,0.0,134.0
2022-07-28 10:10:00,4525.0,4525.0,4525.0,4525.0,0.0,0.0,134.0
2022-07-28 10:30:00,4525.0,4525.0,4525.0,4525.0,0.0,0.0,134.0
2022-07-28 10:35:00,4525.0,4540.0,4525.0,4540.0,1.0,45400.0,135.0
2022-07-28 10:40:00,4540.0,4540.0,4540.0,4540.0,0.0,0.0,135.0
2022-07-28 10:45:00,4540.0,4540.0,4540.0,4540.0,0.0,0.0,135.0
2022-07-28 10:50:00,4540.0,4540.0,4540.0,4540.0,0.0,0.0,135.0
2022-07-28 10:55:00,4540.0,4540.0,4540.0,4540.0,0.0,0.0,135.0
2022-07-28 11:00:00,4540.0,4540.0,4540.0,4540.0,0.0,0.0,135.0
2022-07-28 11:05:00,4540.0,4540.0,4540.0,4540.0,0.0,0.0,135.0
2022-07-28 11:10:00,4540.0,4540.0,4540.0,4540.0,0.0,0.0,135.0
2022-07-28 11:15:00,4540.0,4540.0,4540.0,4540.0,0.0,0.0,135.0
2022-07-28 11:20:00,4540.0,4540.0,4540.0,4540.0,0.0,0.0,135.0
2022-07-28 11:25:00,4540.0,4540.0,4540.0,4540.0,0.0,0.0,135.0
2022-07-28 13:30:00,4540.0,4540.0,4540.0,4540.0,0.0,0.0,135.0
2022-07-28 13:35:00,4540.0,4540.0,4540.0,4540.0,0.0,0.0,135.0
2022-07-28 13:40:00,4540.0,4540.0,4535.0,4535.0,1.0,45350.0,134.0
2022-07-28 13:45:00,4535.0,4535.0,4535.0,4535.0,0.0,0.0,134.0
2022-07-28 13:50:00,4535.0,4558.0,4535.0,4558.0,1.0,45580.0,134.0
2022-07-28 13:55:00,4558.0,4558.0,4558.0,4558.0,0.0,0.0,134.0
2022-07-28 14:00:00,4558.0,4558.0,4558.0,4558.0,0.0,0.0,134.0
2022-07-28 14:05:00,4558.0,4558.0,4558.0,4558.0,0.0,0.0,134.0
2022-07-28 14:10:00,4558.0,4558.0,4558.0,4558.0,0.0,0.0,134.0
2022-07-28 14:15:00,4558.0,4558.0,4558.0,4558.0,0.0,0.0,134.0
2022-07-28 14:20:00,4558.0,4558.0,4558.0,4558.0,0.0,0.0,134.0
2022-07-28 14:25:00,4558.0,4558.0,4558.0,4558.0,0.0,0.0,134.0
2022-07-28 14:30:00,4558.0,4558.0,4558.0,4558.0,0.0,0.0,134.0
2022-07-28 14:35:00,4558.0,4558.0,4558.0,4558.0,0.0,0.0,134.0
2022-07-28 14:40:00,4558.0,4558.0,4557.0,4558.0,2.0,91150.0,133.0
2022-07-28 14:45:00,4558.0,4558.0,4558.0,4558.0,0.0,0.0,133.0
2022-07-28 14:50:00,4558.0,4594.0,4558.0,4594.0,4.0,183760.0,133.0
2022-07-28 14:55:00,4594.0,4594.0,4594.0,4594.0,0.0,0.0,133.0
2022-07-28 21:00:00,4594.0,4594.0,4594.0,4594.0,0.0,0.0,133.0
2022-07-28 21:05:00,4594.0,4594.0,4576.0,4576.0,4.0,183060.0,131.0
2022-07-28 21:10:00,4576.0,4576.0,4576.0,4576.0,0.0,0.0,131.0
2022-07-28 21:15:00,4576.0,4576.0,4576.0,4576.0,0.0,0.0,131.0
2022-07-28 21:20:00,4576.0,4576.0,4576.0,4576.0,0.0,0.0,131.0
2022-07-28 21:25:00,4576.0,4576.0,4576.0,4576.0,0.0,0.0,131.0
2022-07-28 21:30:00,4576.0,4576.0,4576.0,4576.0,0.0,0.0,131.0
2022-07-28 21:35:00,4576.0,4603.0,4576.0,4603.0,1.0,46030.0,130.0
2022-07-28 21:40:00,4603.0,4603.0,4603.0,4603.0,0.0,0.0,130.0
2022-07-28 21:45:00,4603.0,4603.0,4603.0,4603.0,0.0,0.0,130.0
2022-07-28 21:50:00,4603.0,4603.0,4603.0,4603.0,0.0,0.0,130.0
2022-07-28 21:55:00,4603.0,4603.0,4577.0,4577.0,3.0,137310.0,130.0
2022-07-28 22:00:00,4577.0,4577.0,4577.0,4577.0,0.0,0.0,130.0
2022-07-28 22:05:00,4577.0,4577.0,4577.0,4577.0,0.0,0.0,130.0
2022-07-28 22:10:00,4577.0,4577.0,4577.0,4577.0,0.0,0.0,130.0
2022-07-28 22:15:00,4577.0,4593.0,4577.0,4593.0,1.0,45930.0,131.0
2022-07-28 22:20:00,4593.0,4593.0,4593.0,4593.0,0.0,0.0,131.0
2022-07-28 22:25:00,4593.0,4593.0,4593.0,4593.0,0.0,0.0,131.0
2022-07-28 22:30:00,4593.0,4593.0,4593.0,4593.0,0.0,0.0,131.0
2022-07-28 22:35:00,4593.0,4593.0,4593.0,4593.0,0.0,0.0,131.0
2022-07-28 22:40:00,4593.0,4593.0,4593.0,4593.0,0.0,0.0,131.0
2022-07-28 22:45:00,4593.0,4593.0,4593.0,4593.0,0.0,0.0,131.0
2022-07-28 22:50:00,4593.0,4593.0,4593.0,4593.0,0.0,0.0,131.0
2022-07-28 22:55:00,4593.0,4593.0,4593.0,4593.0,0.0,0.0,131.0
2022-07-29 09:00:00,4593.0,4593.0,4593.0,4593.0,0.0,0.0,131.0
2022-07-29 09:05:00,4593.0,4593.0,4593.0,4593.0,0.0,0.0,131.0
2022-07-29 09:10:00,4593.0,4593.0,4593.0,4593.0,0.0,0.0,131.0
2022-07-29 09:15:00,4593.0,4593.0,4593.0,4593.0,0.0,0.0,131.0
2022-07-29 09:20:00,4593.0,4593.0,4593.0,4593.0,0.0,0.0,131.0
2022-07-29 09:25:00,4593.0,4593.0,4593.0,4593.0,0.0,0.0,131.0
2022-07-29 09:30:00,4593.0,4593.0,4593.0,4593.0,0.0,0.0,131.0
2022-07-29 09:35:00,4593.0,4593.0,4593.0,4593.0,0.0,0.0,131.0
2022-07-29 09:40:00,4593.0,4593.0,4593.0,4593.0,0.0,0.0,131.0
2022-07-29 09:45:00,4593.0,4593.0,4593.0,4593.0,0.0,0.0,131.0
2022-07-29 09:50:00,4593.0,4593.0,4593.0,4593.0,0.0,0.0,131.0
2022-07-29 09:55:00,4593.0,4593.0,4593.0,4593.0,0.0,0.0,131.0
2022-07-29 10:00:00,4593.0,4593.0,4593.0,4593.0,0.0,0.0,131.0
2022-07-29 10:05:00,4593.0,4593.0,4593.0,4593.0,0.0,0.0,131.0
2022-07-29 10:10:00,4593.0,4608.0,4593.0,4608.0,1.0,46080.0,132.0
2022-07-29 10:30:00,4608.0,4608.0,4608.0,4608.0,0.0,0.0,132.0
2022-07-29 10:35:00,4608.0,4608.0,4608.0,4608.0,0.0,0.0,132.0
2022-07-29 10:40:00,4608.0,4608.0,4608.0,4608.0,0.0,0.0,132.0
2022-07-29 10:45:00,4608.0,4608.0,4608.0,4608.0,0.0,0.0,132.0
2022-07-29 10:50:00,4608.0,4608.0,4608.0,4608.0,0.0,0.0,132.0
2022-07-29 10:55:00,4608.0,4608.0,4608.0,4608.0,0.0,0.0,132.0
2022-07-29 11:00:00,4608.0,4608.0,4608.0,4608.0,0.0,0.0,132.0
2022-07-29 11:05:00,4608.0,4608.0,4608.0,4608.0,0.0,0.0,132.0
2022-07-29 11:10:00,4608.0,4608.0,4608.0,4608.0,0.0,0.0,132.0
2022-07-29 11:15:00,4608.0,4608.0,4608.0,4608.0,0.0,0.0,132.0
2022-07-29 11:20:00,4608.0,4608.0,4608.0,4608.0,0.0,0.0,132.0
2022-07-29 11:25:00,4608.0,4608.0,4608.0,4608.0,0.0,0.0,132.0
2022-07-29 13:30:00,4608.0,4608.0,4581.0,4581.0,1.0,45810.0,131.0
2022-07-29 13:35:00,4581.0,4581.0,4581.0,4581.0,0.0,0.0,131.0
2022-07-29 13:40:00,4581.0,4581.0,4581.0,4581.0,0.0,0.0,131.0
2022-07-29 13:45:00,4581.0,4581.0,4581.0,4581.0,0.0,0.0,131.0
2022-07-29 13:50:00,4581.0,4581.0,4581.0,4581.0,0.0,0.0,131.0
2022-07-29 13:55:00,4581.0,4581.0,4558.0,4558.0,1.0,45580.0,132.0
2022-07-29 14:00:00,4558.0,4558.0,4558.0,4558.0,0.0,0.0,132.0
2022-07-29 14:05:00,4558.0,4558.0,4558.0,4558.0,0.0,0.0,132.0
2022-07-29 14:10:00,4558.0,4558.0,4558.0,4558.0,0.0,0.0,132.0
2022-07-29 14:15:00,4558.0,4558.0,4558.0,4558.0,0.0,0.0,132.0
2022-07-29 14:20:00,4558.0,4558.0,4554.0,4554.0,1.0,45540.0,131.0
2022-07-29 14:25:00,4561.0,4561.0,4554.0,4561.0,1.0,45610.0,130.0
2022-07-29 14:30:00,4561.0,4561.0,4561.0,4561.0,0.0,0.0,130.0
2022-07-29 14:35:00,4561.0,4561.0,4561.0,4561.0,0.0,0.0,130.0
2022-07-29 14:40:00,4561.0,4561.0,4561.0,4561.0,0.0,0.0,130.0
2022-07-29 14:45:00,4561.0,4561.0,4561.0,4561.0,0.0,0.0,130.0
2022-07-29 14:50:00,4561.0,4561.0,4561.0,4561.0,0.0,0.0,130.0
2022-07-29 14:55:00,4561.0,4561.0,4561.0,4561.0,0.0,0.0,130.0
2022-07-29 21:00:00,4561.0,4561.0,4561.0,4561.0,0.0,0.0,130.0
2022-07-29 21:05:00,4561.0,4561.0,4561.0,4561.0,0.0,0.0,130.0
2022-07-29 21:10:00,4561.0,4561.0,4561.0,4561.0,0.0,0.0,130.0
2022-07-29 21:15:00,4561.0,4561.0,4561.0,4561.0,0.0,0.0,130.0
2022-07-29 21:20:00,4561.0,4561.0,4561.0,4561.0,0.0,0.0,130.0
2022-07-29 21:25:00,4561.0,4561.0,4561.0,4561.0,0.0,0.0,130.0
2022-07-29 21:30:00,4561.0,4561.0,4561.0,4561.0,0.0,0.0,130.0
2022-07-29 21:35:00,4561.0,4624.0,4561.0,4624.0,1.0,46240.0,129.0
2022-07-29 21:40:00,4624.0,4624.0,4624.0,4624.0,0.0,0.0,129.0
2022-07-29 21:45:00,4624.0,4624.0,4624.0,4624.0,0.0,0.0,129.0
2022-07-29 21:50:00,4624.0,4624.0,4624.0,4624.0,0.0,0.0,129.0
2022-07-29 21:55:00,4624.0,4624.0,4624.0,4624.0,0.0,0.0,129.0
2022-07-29 22:00:00,4624.0,4624.0,4624.0,4624.0,0.0,0.0,129.0
2022-07-29 22:05:00,4624.0,4624.0,4624.0,4624.0,0.0,0.0,129.0
2022-07-29 22:10:00,4624.0,4624.0,4624.0,4624.0,0.0,0.0,129.0
2022-07-29 22:15:00,4624.0,4624.0,4624.0,4624.0,0.0,0.0,129.0
2022-07-29 22:20:00,4624.0,4624.0,4624.0,4624.0,0.0,0.0,129.0
2022-07-29 22:25:00,4624.0,4624.0,4624.0,4624.0,0.0,0.0,129.0
2022-07-29 22:30:00,4624.0,4624.0,4624.0,4624.0,0.0,0.0,129.0
2022-07-29 22:35:00,4624.0,4624.0,4624.0,4624.0,0.0,0.0,129.0
2022-07-29 22:40:00,4624.0,4624.0,4624.0,4624.0,0.0,0.0,129.0
2022-07-29 22:45:00,4624.0,4624.0,4624.0,4624.0,0.0,0.0,129.0
2022-07-29 22:50:00,4624.0,4624.0,4624.0,4624.0,0.0,0.0,129.0
2022-07-29 22:55:00,4624.0,4624.0,4624.0,4624.0,0.0,0.0,129.0
2022-08-01 09:00:00,4624.0,4624.0,4624.0,4624.0,0.0,0.0,129.0
2022-08-01 09:05:00,4624.0,4624.0,4624.0,4624.0,0.0,0.0,129.0
2022-08-01 09:10:00,4624.0,4624.0,4624.0,4624.0,0.0,0.0,129.0
2022-08-01 09:15:00,4624.0,4624.0,4624.0,4624.0,0.0,0.0,129.0
2022-08-01 09:20:00,4624.0,4624.0,4624.0,4624.0,0.0,0.0,129.0
2022-08-01 09:25:00,4624.0,4624.0,4624.0,4624.0,0.0,0.0,129.0
2022-08-01 09:30:00,4624.0,4624.0,4624.0,4624.0,0.0,0.0,129.0
2022-08-01 09:35:00,4624.0,4624.0,4624.0,4624.0,0.0,0.0,129.0
2022-08-01 09:40:00,4624.0,4624.0,4624.0,4624.0,0.0,0.0,129.0
2022-08-01 09:45:00,4624.0,4624.0,4624.0,4624.0,0.0,0.0,129.0
2022-08-01 09:50:00,4624.0,4624.0,4624.0,4624.0,0.0,0.0,129.0
2022-08-01 09:55:00,4624.0,4624.0,4624.0,4624.0,0.0,0.0,129.0
2022-08-01 10:00:00,4624.0,4624.0,4544.0,4544.0,1.0,45440.0,129.0
2022-08-01 10:05:00,4544.0,4544.0,4544.0,4544.0,0.0,0.0,129.0
2022-08-01 10:10:00,4544.0,4544.0,4544.0,4544.0,0.0,0.0,129.0
2022-08-01 10:30:00,4544.0,4544.0,4544.0,4544.0,0.0,0.0,129.0
2022-08-01 10:35:00,4544.0,4544.0,4544.0,4544.0,0.0,0.0,129.0
2022-08-01 10:40:00,4544.0,4544.0,4544.0,4544.0,0.0,0.0,129.0
2022-08-01 10:45:00,4544.0,4544.0,4544.0,4544.0,0.0,0.0,129.0
2022-08-01 10:50:00,4544.0,4544.0,4544.0,4544.0,0.0,0.0,129.0
2022-08-01 10:55:00,4544.0,4544.0,4544.0,4544.0,0.0,0.0,129.0
2022-08-01 11:00:00,4544.0,4544.0,4544.0,4544.0,0.0,0.0,129.0
2022-08-01 11:05:00,4544.0,4544.0,4544.0,4544.0,0.0,0.0,129.0
2022-08-01 11:10:00,4544.0,4544.0,4544.0,4544.0,0.0,0.0,129.0
2022-08-01 11:15:00,4544.0,4544.0,4544.0,4544.0,0.0,0.0,129.0
2022-08-01 11:20:00,4544.0,4544.0,4544.0,4544.0,0.0,0.0,129.0
2022-08-01 11:25:00,4544.0,4544.0,4544.0,4544.0,0.0,0.0,129.0
2022-08-01 13:30:00,4544.0,4544.0,4544.0,4544.0,0.0,0.0,129.0
2022-08-01 13:35:00,4544.0,4544.0,4544.0,4544.0,0.0,0.0,129.0
2022-08-01 13:40:00,4544.0,4544.0,4541.0,4541.0,1.0,45410.0,129.0
2022-08-01 13:45:00,4541.0,4541.0,4535.0,4535.0,3.0,136080.0,130.0
2022-08-01 13:50:00,4535.0,4535.0,4535.0,4535.0,0.0,0.0,130.0
2022-08-01 13:55:00,4535.0,4546.0,4534.0,4541.0,3.0,136210.0,133.0
2022-08-01 14:00:00,4518.0,4551.0,4518.0,4551.0,4.0,181380.0,137.0
2022-08-01 14:05:00,4551.0,4551.0,4551.0,4551.0,0.0,0.0,137.0
2022-08-01 14:10:00,4551.0,4551.0,4551.0,4551.0,0.0,0.0,137.0
2022-08-01 14:15:00,4551.0,4551.0,4551.0,4551.0,0.0,0.0,137.0
2022-08-01 14:20:00,4551.0,4551.0,4551.0,4551.0,0.0,0.0,137.0
2022-08-01 14:25:00,4551.0,4551.0,4551.0,4551.0,0.0,0.0,137.0
2022-08-01 14:30:00,4551.0,4551.0,4551.0,4551.0,0.0,0.0,137.0
2022-08-01 14:35:00,4551.0,4551.0,4551.0,4551.0,0.0,0.0,137.0
2022-08-01 14:40:00,4551.0,4551.0,4551.0,4551.0,0.0,0.0,137.0
2022-08-01 14:45:00,4551.0,4551.0,4551.0,4551.0,0.0,0.0,137.0
2022-08-01 14:50:00,4551.0,4551.0,4551.0,4551.0,0.0,0.0,137.0
2022-08-01 14:55:00,4551.0,4551.0,4551.0,4551.0,0.0,0.0,137.0
2022-08-01 21:00:00,4551.0,4551.0,4551.0,4551.0,0.0,0.0,137.0
2022-08-01 21:05:00,4551.0,4551.0,4551.0,4551.0,0.0,0.0,137.0
2022-08-01 21:10:00,4551.0,4551.0,4551.0,4551.0,0.0,0.0,137.0
2022-08-01 21:15:00,4551.0,4551.0,4551.0,4551.0,0.0,0.0,137.0
2022-08-01 21:20:00,4551.0,4551.0,4551.0,4551.0,0.0,0.0,137.0
2022-08-01 21:25:00,4551.0,4551.0,4551.0,4551.0,0.0,0.0,137.0
2022-08-01 21:30:00,4551.0,4551.0,4551.0,4551.0,0.0,0.0,137.0
2022-08-01 21:35:00,4551.0,4551.0,4551.0,4551.0,0.0,0.0,137.0
2022-08-01 21:40:00,4551.0,4551.0,4551.0,4551.0,0.0,0.0,137.0
2022-08-01 21:45:00,4551.0,4551.0,4551.0,4551.0,0.0,0.0,137.0
2022-08-01 21:50:00,4551.0,4551.0,4551.0,4551.0,0.0,0.0,137.0
2022-08-01 21:55:00,4551.0,4551.0,4551.0,4551.0,0.0,0.0,137.0
2022-08-01 22:00:00,4551.0,4551.0,4551.0,4551.0,0.0,0.0,137.0
2022-08-01 22:05:00,4551.0,4551.0,4551.0,4551.0,0.0,0.0,137.0
2022-08-01 22:10:00,4551.0,4551.0,4551.0,4551.0,0.0,0.0,137.0
2022-08-01 22:15:00,4551.0,4551.0,4551.0,4551.0,0.0,0.0,137.0
2022-08-01 22:20:00,4551.0,4551.0,4551.0,4551.0,0.0,0.0,137.0
2022-08-01 22:25:00,4551.0,4551.0,4551.0,4551.0,0.0,0.0,137.0
2022-08-01 22:30:00,4551.0,4551.0,4551.0,4551.0,0.0,0.0,137.0
2022-08-01 22:35:00,4551.0,4551.0,4551.0,4551.0,0.0,0.0,137.0
2022-08-01 22:40:00,4551.0,4551.0,4551.0,4551.0,0.0,0.0,137.0
2022-08-01 22:45:00,4551.0,4551.0,4551.0,4551.0,0.0,0.0,137.0
2022-08-01 22:50:00,4551.0,4551.0,4551.0,4551.0,0.0,0.0,137.0
2022-08-01 22:55:00,4551.0,4551.0,4551.0,4551.0,0.0,0.0,137.0
2022-08-02 09:00:00,4551.0,4551.0,4551.0,4551.0,0.0,0.0,137.0
2022-08-02 09:05:00,4551.0,4551.0,4551.0,4551.0,0.0,0.0,137.0
2022-08-02 09:10:00,4551.0,4551.0,4551.0,4551.0,0.0,0.0,137.0
2022-08-02 09:15:00,4551.0,4551.0,4465.0,4465.0,4.0,178600.0,137.0
2022-08-02 09:20:00,4465.0,4465.0,4465.0,4465.0,0.0,0.0,137.0
2022-08-02 09:25:00,4465.0,4465.0,4465.0,4465.0,0.0,0.0,137.0
2022-08-02 09:30:00,4465.0,4465.0,4465.0,4465.0,0.0,0.0,137.0
2022-08-02 09:35:00,4465.0,4465.0,4465.0,4465.0,0.0,0.0,137.0
2022-08-02 09:40:00,4465.0,4465.0,4455.0,4455.0,1.0,44550.0,137.0
2022-08-02 09:45:00,4455.0,4455.0,4455.0,4455.0,0.0,0.0,137.0
2022-08-02 09:50:00,4455.0,4455.0,4455.0,4455.0,0.0,0.0,137.0
2022-08-02 09:55:00,4455.0,4455.0,4455.0,4455.0,0.0,0.0,137.0
2022-08-02 10:00:00,4455.0,4455.0,4455.0,4455.0,0.0,0.0,137.0
2022-08-02 10:05:00,4455.0,4455.0,4455.0,4455.0,0.0,0.0,137.0
2022-08-02 10:10:00,4455.0,4455.0,4455.0,4455.0,0.0,0.0,137.0
2022-08-02 10:30:00,4455.0,4455.0,4455.0,4455.0,0.0,0.0,137.0
2022-08-02 10:35:00,4455.0,4455.0,4455.0,4455.0,0.0,0.0,137.0
2022-08-02 10:40:00,4455.0,4455.0,4455.0,4455.0,0.0,0.0,137.0
2022-08-02 10:45:00,4455.0,4455.0,4455.0,4455.0,0.0,0.0,137.0
2022-08-02 10:50:00,4455.0,4455.0,4455.0,4455.0,0.0,0.0,137.0
2022-08-02 10:55:00,4455.0,4455.0,4455.0,4455.0,0.0,0.0,137.0
2022-08-02 11:00:00,4455.0,4455.0,4455.0,4455.0,0.0,0.0,137.0
2022-08-02 11:05:00,4455.0,4455.0,4455.0,4455.0,0.0,0.0,137.0
2022-08-02 11:10:00,4455.0,4455.0,4455.0,4455.0,0.0,0.0,137.0
2022-08-02 11:15:00,4455.0,4455.0,4455.0,4455.0,0.0,0.0,137.0
2022-08-02 11:20:00,4455.0,4455.0,4455.0,4455.0,0.0,0.0,137.0
2022-08-02 11:25:00,4455.0,4455.0,4455.0,4455.0,0.0,0.0,137.0
2022-08-02 13:30:00,4455.0,4455.0,4455.0,4455.0,0.0,0.0,137.0
2022-08-02 13:35:00,4455.0,4455.0,4455.0,4455.0,0.0,0.0,137.0
2022-08-02 13:40:00,4455.0,4455.0,4455.0,4455.0,0.0,0.0,137.0
2022-08-02 13:45:00,4455.0,4455.0,4455.0,4455.0,0.0,0.0,137.0
2022-08-02 13:50:00,4455.0,4455.0,4455.0,4455.0,0.0,0.0,137.0
2022-08-02 13:55:00,4455.0,4455.0,4455.0,4455.0,0.0,0.0,137.0
2022-08-02 14:00:00,4455.0,4455.0,4455.0,4455.0,0.0,0.0,137.0
2022-08-02 14:05:00,4455.0,4455.0,4455.0,4455.0,0.0,0.0,137.0
2022-08-02 14:10:00,4455.0,4455.0,4455.0,4455.0,0.0,0.0,137.0
2022-08-02 14:15:00,4455.0,4455.0,4455.0,4455.0,0.0,0.0,137.0
2022-08-02 14:20:00,4455.0,4455.0,4455.0,4455.0,0.0,0.0,137.0
2022-08-02 14:25:00,4455.0,4455.0,4455.0,4455.0,0.0,0.0,137.0
2022-08-02 14:30:00,4455.0,4455.0,4455.0,4455.0,0.0,0.0,137.0
2022-08-02 14:35:00,4455.0,4455.0,4455.0,4455.0,0.0,0.0,137.0
2022-08-02 14:40:00,4455.0,4455.0,4455.0,4455.0,0.0,0.0,137.0
2022-08-02 14:45:00,4455.0,4455.0,4455.0,4455.0,0.0,0.0,137.0
2022-08-02 14:50:00,4455.0,4455.0,4455.0,4455.0,0.0,0.0,137.0
2022-08-02 14:55:00,4455.0,4455.0,4455.0,4455.0,0.0,0.0,137.0
2022-08-02 21:00:00,4455.0,4455.0,4455.0,4455.0,0.0,0.0,137.0
2022-08-02 21:05:00,4455.0,4455.0,4455.0,4455.0,0.0,0.0,137.0
2022-08-02 21:10:00,4455.0,4455.0,4455.0,4455.0,0.0,0.0,137.0
2022-08-02 21:15:00,4455.0,4455.0,4455.0,4455.0,0.0,0.0,137.0
2022-08-02 21:20:00,4455.0,4455.0,4455.0,4455.0,0.0,0.0,137.0
2022-08-02 21:25:00,4455.0,4455.0,4455.0,4455.0,0.0,0.0,137.0
2022-08-02 21:30:00,4455.0,4455.0,4455.0,4455.0,0.0,0.0,137.0
2022-08-02 21:35:00,4455.0,4455.0,4455.0,4455.0,0.0,0.0,137.0
2022-08-02 21:40:00,4455.0,4455.0,4455.0,4455.0,0.0,0.0,137.0
2022-08-02 21:45:00,4455.0,4455.0,4455.0,4455.0,0.0,0.0,137.0
2022-08-02 21:50:00,4455.0,4455.0,4455.0,4455.0,0.0,0.0,137.0
2022-08-02 21:55:00,4455.0,4455.0,4455.0,4455.0,0.0,0.0,137.0
2022-08-02 22:00:00,4455.0,4455.0,4455.0,4455.0,0.0,0.0,137.0
2022-08-02 22:05:00,4455.0,4455.0,4455.0,4455.0,0.0,0.0,137.0
2022-08-02 22:10:00,4455.0,4455.0,4455.0,4455.0,0.0,0.0,137.0
2022-08-02 22:15:00,4455.0,4455.0,4455.0,4455.0,0.0,0.0,137.0
2022-08-02 22:20:00,4455.0,4455.0,4455.0,4455.0,0.0,0.0,137.0
2022-08-02 22:25:00,4455.0,4455.0,4455.0,4455.0,0.0,0.0,137.0
2022-08-02 22:30:00,4455.0,4455.0,4455.0,4455.0,0.0,0.0,137.0
2022-08-02 22:35:00,4455.0,4455.0,4455.0,4455.0,0.0,0.0,137.0
2022-08-02 22:40:00,4455.0,4455.0,4455.0,4455.0,0.0,0.0,137.0
2022-08-02 22:45:00,4455.0,4455.0,4455.0,4455.0,0.0,0.0,137.0
2022-08-02 22:50:00,4455.0,4455.0,4455.0,4455.0,0.0,0.0,137.0
2022-08-02 22:55:00,4455.0,4455.0,4455.0,4455.0,0.0,0.0,137.0
2022-08-03 09:00:00,4455.0,4455.0,4455.0,4455.0,0.0,0.0,137.0
2022-08-03 09:05:00,4455.0,4455.0,4455.0,4455.0,0.0,0.0,137.0
2022-08-03 09:10:00,4455.0,4455.0,4455.0,4455.0,0.0,0.0,137.0
2022-08-03 09:15:00,4455.0,4455.0,4455.0,4455.0,0.0,0.0,137.0
2022-08-03 09:20:00,4455.0,4455.0,4455.0,4455.0,0.0,0.0,137.0
2022-08-03 09:25:00,4455.0,4455.0,4455.0,4455.0,0.0,0.0,137.0
2022-08-03 09:30:00,4455.0,4455.0,4455.0,4455.0,0.0,0.0,137.0
2022-08-03 09:35:00,4455.0,4455.0,4455.0,4455.0,0.0,0.0,137.0
2022-08-03 09:40:00,4455.0,4455.0,4455.0,4455.0,0.0,0.0,137.0
2022-08-03 09:45:00,4455.0,4455.0,4455.0,4455.0,0.0,0.0,137.0
2022-08-03 09:50:00,4455.0,4455.0,4455.0,4455.0,0.0,0.0,137.0
2022-08-03 09:55:00,4455.0,4455.0,4455.0,4455.0,0.0,0.0,137.0
2022-08-03 10:00:00,4455.0,4455.0,4455.0,4455.0,0.0,0.0,137.0
2022-08-03 10:05:00,4455.0,4455.0,4455.0,4455.0,0.0,0.0,137.0
2022-08-03 10:10:00,4455.0,4455.0,4455.0,4455.0,0.0,0.0,137.0
2022-08-03 10:30:00,4455.0,4455.0,4455.0,4455.0,0.0,0.0,137.0
2022-08-03 10:35:00,4455.0,4455.0,4455.0,4455.0,0.0,0.0,137.0
2022-08-03 10:40:00,4455.0,4455.0,4455.0,4455.0,0.0,0.0,137.0
2022-08-03 10:45:00,4455.0,4455.0,4455.0,4455.0,0.0,0.0,137.0
2022-08-03 10:50:00,4455.0,4455.0,4455.0,4455.0,0.0,0.0,137.0
2022-08-03 10:55:00,4455.0,4455.0,4455.0,4455.0,0.0,0.0,137.0
2022-08-03 11:00:00,4455.0,4455.0,4455.0,4455.0,0.0,0.0,137.0
2022-08-03 11:05:00,4455.0,4455.0,4455.0,4455.0,0.0,0.0,137.0
2022-08-03 11:10:00,4455.0,4455.0,4455.0,4455.0,0.0,0.0,137.0
2022-08-03 11:15:00,4455.0,4455.0,4455.0,4455.0,0.0,0.0,137.0
2022-08-03 11:20:00,4455.0,4455.0,4455.0,4455.0,0.0,0.0,137.0
2022-08-03 11:25:00,4482.0,4482.0,4455.0,4482.0,1.0,44820.0,137.0
2022-08-03 13:30:00,4482.0,4482.0,4482.0,4482.0,0.0,0.0,137.0
2022-08-03 13:35:00,4482.0,4482.0,4482.0,4482.0,0.0,0.0,137.0
2022-08-03 13:40:00,4482.0,4482.0,4482.0,4482.0,0.0,0.0,137.0
2022-08-03 13:45:00,4482.0,4482.0,4482.0,4482.0,0.0,0.0,137.0
2022-08-03 13:50:00,4482.0,4482.0,4482.0,4482.0,0.0,0.0,137.0
2022-08-03 13:55:00,4482.0,4482.0,4480.0,4480.0,1.0,44800.0,137.0
2022-08-03 14:00:00,4480.0,4480.0,4480.0,4480.0,0.0,0.0,137.0
2022-08-03 14:05:00,4480.0,4480.0,4480.0,4480.0,0.0,0.0,137.0
2022-08-03 14:10:00,4480.0,4480.0,4480.0,4480.0,0.0,0.0,137.0
2022-08-03 14:15:00,4480.0,4480.0,4480.0,4480.0,0.0,0.0,137.0
2022-08-03 14:20:00,4480.0,4480.0,4480.0,4480.0,0.0,0.0,137.0
2022-08-03 14:25:00,4480.0,4480.0,4480.0,4480.0,0.0,0.0,137.0
2022-08-03 14:30:00,4480.0,4480.0,4480.0,4480.0,0.0,0.0,137.0
2022-08-03 14:35:00,4480.0,4480.0,4480.0,4480.0,0.0,0.0,137.0
2022-08-03 14:40:00,4480.0,4490.0,4480.0,4490.0,1.0,44900.0,138.0
2022-08-03 14:45:00,4490.0,4490.0,4490.0,4490.0,0.0,0.0,138.0
2022-08-03 14:50:00,4490.0,4490.0,4490.0,4490.0,0.0,0.0,138.0
2022-08-03 14:55:00,4490.0,4490.0,4490.0,4490.0,0.0,0.0,138.0
2022-08-03 21:00:00,4490.0,4490.0,4490.0,4490.0,0.0,0.0,138.0
2022-08-03 21:05:00,4490.0,4490.0,4490.0,4490.0,0.0,0.0,138.0
2022-08-03 21:10:00,4490.0,4490.0,4490.0,4490.0,0.0,0.0,138.0
2022-08-03 21:15:00,4490.0,4490.0,4490.0,4490.0,0.0,0.0,138.0
2022-08-03 21:20:00,4490.0,4490.0,4490.0,4490.0,0.0,0.0,138.0
2022-08-03 21:25:00,4490.0,4490.0,4490.0,4490.0,0.0,0.0,138.0
2022-08-03 21:30:00,4490.0,4490.0,4490.0,4490.0,0.0,0.0,138.0
2022-08-03 21:35:00,4490.0,4490.0,4490.0,4490.0,0.0,0.0,138.0
2022-08-03 21:40:00,4490.0,4490.0,4490.0,4490.0,0.0,0.0,138.0
2022-08-03 21:45:00,4490.0,4490.0,4490.0,4490.0,0.0,0.0,138.0
2022-08-03 21:50:00,4490.0,4490.0,4490.0,4490.0,0.0,0.0,138.0
2022-08-03 21:55:00,4490.0,4490.0,4490.0,4490.0,0.0,0.0,138.0
2022-08-03 22:00:00,4490.0,4490.0,4490.0,4490.0,0.0,0.0,138.0
2022-08-03 22:05:00,4490.0,4490.0,4418.0,4466.0,2.0,88840.0,138.0
2022-08-03 22:10:00,4466.0,4466.0,4466.0,4466.0,0.0,0.0,138.0
2022-08-03 22:15:00,4466.0,4466.0,4466.0,4466.0,0.0,0.0,138.0
2022-08-03 22:20:00,4466.0,4466.0,4466.0,4466.0,0.0,0.0,138.0
2022-08-03 22:25:00,4466.0,4466.0,4466.0,4466.0,0.0,0.0,138.0
2022-08-03 22:30:00,4466.0,4466.0,4466.0,4466.0,0.0,0.0,138.0
2022-08-03 22:35:00,4466.0,4466.0,4466.0,4466.0,0.0,0.0,138.0
2022-08-03 22:40:00,4466.0,4466.0,4466.0,4466.0,0.0,0.0,138.0
2022-08-03 22:45:00,4466.0,4466.0,4466.0,4466.0,0.0,0.0,138.0
2022-08-03 22:50:00,4466.0,4466.0,4466.0,4466.0,0.0,0.0,138.0
2022-08-03 22:55:00,4466.0,4466.0,4466.0,4466.0,0.0,0.0,138.0
2022-08-04 09:00:00,4466.0,4466.0,4399.0,4399.0,2.0,88490.0,138.0
2022-08-04 09:05:00,4399.0,4399.0,4399.0,4399.0,0.0,0.0,138.0
2022-08-04 09:10:00,4399.0,4399.0,4399.0,4399.0,0.0,0.0,138.0
2022-08-04 09:15:00,4399.0,4399.0,4399.0,4399.0,0.0,0.0,138.0
2022-08-04 09:20:00,4399.0,4399.0,4399.0,4399.0,0.0,0.0,138.0
2022-08-04 09:25:00,4399.0,4399.0,4399.0,4399.0,0.0,0.0,138.0
2022-08-04 09:30:00,4399.0,4399.0,4399.0,4399.0,0.0,0.0,138.0
2022-08-04 09:35:00,4399.0,4399.0,4399.0,4399.0,0.0,0.0,138.0
2022-08-04 09:40:00,4399.0,4399.0,4399.0,4399.0,0.0,0.0,138.0
2022-08-04 09:45:00,4399.0,4399.0,4399.0,4399.0,0.0,0.0,138.0
2022-08-04 09:50:00,4399.0,4435.0,4399.0,4435.0,1.0,44350.0,139.0
2022-08-04 09:55:00,4435.0,4435.0,4435.0,4435.0,0.0,0.0,139.0
2022-08-04 10:00:00,4435.0,4435.0,4435.0,4435.0,0.0,0.0,139.0
2022-08-04 10:05:00,4435.0,4435.0,4435.0,4435.0,0.0,0.0,139.0
2022-08-04 10:10:00,4435.0,4435.0,4435.0,4435.0,0.0,0.0,139.0
2022-08-04 10:30:00,4435.0,4435.0,4435.0,4435.0,0.0,0.0,139.0
2022-08-04 10:35:00,4435.0,4435.0,4388.0,4388.0,1.0,43880.0,139.0
2022-08-04 10:40:00,4388.0,4388.0,4388.0,4388.0,0.0,0.0,139.0
2022-08-04 10:45:00,4388.0,4388.0,4388.0,4388.0,0.0,0.0,139.0
2022-08-04 10:50:00,4388.0,4388.0,4388.0,4388.0,0.0,0.0,139.0
2022-08-04 10:55:00,4388.0,4388.0,4388.0,4388.0,0.0,0.0,139.0
2022-08-04 11:00:00,4388.0,4388.0,4388.0,4388.0,0.0,0.0,139.0
2022-08-04 11:05:00,4388.0,4388.0,4375.0,4375.0,1.0,43750.0,140.0
2022-08-04 11:10:00,4375.0,4375.0,4375.0,4375.0,0.0,0.0,140.0
2022-08-04 11:15:00,4375.0,4375.0,4375.0,4375.0,0.0,0.0,140.0
2022-08-04 11:20:00,4375.0,4375.0,4375.0,4375.0,0.0,0.0,140.0
2022-08-04 11:25:00,4375.0,4375.0,4375.0,4375.0,0.0,0.0,140.0
2022-08-04 13:30:00,4375.0,4375.0,4375.0,4375.0,0.0,0.0,140.0
2022-08-04 13:35:00,4375.0,4375.0,4375.0,4375.0,0.0,0.0,140.0
2022-08-04 13:40:00,4375.0,4375.0,4375.0,4375.0,0.0,0.0,140.0
2022-08-04 13:45:00,4375.0,4375.0,4375.0,4375.0,0.0,0.0,140.0
2022-08-04 13:50:00,4375.0,4375.0,4375.0,4375.0,0.0,0.0,140.0
2022-08-04 13:55:00,4375.0,4375.0,4375.0,4375.0,0.0,0.0,140.0
2022-08-04 14:00:00,4375.0,4375.0,4375.0,4375.0,0.0,0.0,140.0
2022-08-04 14:05:00,4375.0,4381.0,4375.0,4381.0,1.0,43810.0,140.0
2022-08-04 14:10:00,4381.0,4381.0,4381.0,4381.0,0.0,0.0,140.0
2022-08-04 14:15:00,4381.0,4381.0,4376.0,4376.0,1.0,43760.0,141.0
2022-08-04 14:20:00,4375.0,4376.0,4375.0,4375.0,1.0,43750.0,142.0
2022-08-04 14:25:00,4375.0,4375.0,4370.0,4370.0,2.0,87400.0,143.0
2022-08-04 14:30:00,4360.0,4370.0,4350.0,4350.0,3.0,130700.0,146.0
2022-08-04 14:35:00,4350.0,4390.0,4349.0,4390.0,5.0,217880.0,150.0
2022-08-04 14:40:00,4390.0,4390.0,4390.0,4390.0,0.0,0.0,150.0
2022-08-04 14:45:00,4390.0,4390.0,4362.0,4362.0,1.0,43620.0,150.0
2022-08-04 14:50:00,4362.0,4362.0,4362.0,4362.0,0.0,0.0,150.0
2022-08-04 14:55:00,4362.0,4362.0,4362.0,4362.0,0.0,0.0,150.0
2022-08-04 21:00:00,4362.0,4362.0,4362.0,4362.0,0.0,0.0,150.0
2022-08-04 21:05:00,4362.0,4362.0,4362.0,4362.0,0.0,0.0,150.0
2022-08-04 21:10:00,4362.0,4362.0,4300.0,4300.0,2.0,86250.0,152.0
2022-08-04 21:15:00,4300.0,4300.0,4300.0,4300.0,0.0,0.0,152.0
2022-08-04 21:20:00,4272.0,4300.0,4269.0,4269.0,16.0,683760.0,143.0
2022-08-04 21:25:00,4269.0,4272.0,4269.0,4272.0,1.0,42720.0,144.0
2022-08-04 21:30:00,4272.0,4272.0,4272.0,4272.0,0.0,0.0,144.0
2022-08-04 21:35:00,4272.0,4272.0,4272.0,4272.0,0.0,0.0,144.0
2022-08-04 21:40:00,4272.0,4272.0,4272.0,4272.0,0.0,0.0,144.0
2022-08-04 21:45:00,4272.0,4272.0,4272.0,4272.0,0.0,0.0,144.0
2022-08-04 21:50:00,4343.0,4343.0,4343.0,4343.0,1.0,43430.0,144.0
2022-08-04 21:55:00,4343.0,4343.0,4343.0,4343.0,0.0,0.0,144.0
2022-08-04 22:00:00,4343.0,4343.0,4343.0,4343.0,0.0,0.0,144.0
2022-08-04 22:05:00,4343.0,4343.0,4343.0,4343.0,0.0,0.0,144.0
2022-08-04 22:10:00,4343.0,4343.0,4343.0,4343.0,0.0,0.0,144.0
2022-08-04 22:15:00,4343.0,4343.0,4343.0,4343.0,0.0,0.0,144.0
2022-08-04 22:20:00,4343.0,4343.0,4343.0,4343.0,0.0,0.0,144.0
2022-08-04 22:25:00,4343.0,4343.0,4343.0,4343.0,0.0,0.0,144.0
2022-08-04 22:30:00,4343.0,4343.0,4343.0,4343.0,0.0,0.0,144.0
2022-08-04 22:35:00,4343.0,4343.0,4343.0,4343.0,0.0,0.0,144.0
2022-08-04 22:40:00,4343.0,4343.0,4343.0,4343.0,0.0,0.0,144.0
2022-08-04 22:45:00,4343.0,4343.0,4343.0,4343.0,0.0,0.0,144.0
2022-08-04 22:50:00,4343.0,4343.0,4343.0,4343.0,0.0,0.0,144.0
2022-08-04 22:55:00,4343.0,4350.0,4343.0,4350.0,1.0,43500.0,145.0
2022-08-05 09:00:00,4350.0,4350.0,4350.0,4350.0,0.0,0.0,145.0
2022-08-05 09:05:00,4350.0,4350.0,4350.0,4350.0,0.0,0.0,145.0
2022-08-05 09:10:00,4350.0,4350.0,4350.0,4350.0,0.0,0.0,145.0
2022-08-05 09:15:00,4350.0,4350.0,4350.0,4350.0,0.0,0.0,145.0
2022-08-05 09:20:00,4350.0,4350.0,4350.0,4350.0,0.0,0.0,145.0
2022-08-05 09:25:00,4350.0,4350.0,4350.0,4350.0,0.0,0.0,145.0
2022-08-05 09:30:00,4350.0,4350.0,4350.0,4350.0,0.0,0.0,145.0
2022-08-05 09:35:00,4350.0,4350.0,4350.0,4350.0,0.0,0.0,145.0
2022-08-05 09:40:00,4350.0,4350.0,4338.0,4338.0,2.0,86760.0,145.0
2022-08-05 09:45:00,4338.0,4338.0,4338.0,4338.0,0.0,0.0,145.0
2022-08-05 09:50:00,4338.0,4338.0,4338.0,4338.0,0.0,0.0,145.0
2022-08-05 09:55:00,4338.0,4338.0,4338.0,4338.0,0.0,0.0,145.0
2022-08-05 10:00:00,4314.0,4338.0,4314.0,4314.0,1.0,43140.0,146.0
2022-08-05 10:05:00,4314.0,4314.0,4314.0,4314.0,0.0,0.0,146.0
2022-08-05 10:10:00,4314.0,4314.0,4314.0,4314.0,0.0,0.0,146.0
2022-08-05 10:30:00,4314.0,4314.0,4314.0,4314.0,0.0,0.0,146.0
2022-08-05 10:35:00,4314.0,4314.0,4314.0,4314.0,0.0,0.0,146.0
2022-08-05 10:40:00,4314.0,4314.0,4314.0,4314.0,0.0,0.0,146.0
2022-08-05 10:45:00,4314.0,4314.0,4314.0,4314.0,0.0,0.0,146.0
2022-08-05 10:50:00,4314.0,4314.0,4314.0,4314.0,0.0,0.0,146.0
2022-08-05 10:55:00,4314.0,4314.0,4288.0,4288.0,3.0,128700.0,149.0
2022-08-05 11:00:00,4288.0,4288.0,4278.0,4286.0,3.0,128500.0,152.0
2022-08-05 11:05:00,4286.0,4286.0,4286.0,4286.0,3.0,128580.0,155.0
2022-08-05 11:10:00,4286.0,4290.0,4270.0,4290.0,7.0,299190.0,158.0
2022-08-05 11:15:00,4316.0,4316.0,4272.0,4273.0,4.0,171330.0,160.0
2022-08-05 11:20:00,4272.0,4272.0,4272.0,4272.0,1.0,42720.0,161.0
2022-08-05 11:25:00,4272.0,4329.0,4272.0,4300.0,3.0,129290.0,164.0
2022-08-05 13:30:00,4300.0,4300.0,4300.0,4300.0,0.0,0.0,164.0
2022-08-05 13:35:00,4300.0,4300.0,4291.0,4291.0,1.0,42910.0,164.0
2022-08-05 13:40:00,4291.0,4291.0,4291.0,4291.0,0.0,0.0,164.0
2022-08-05 13:45:00,4291.0,4291.0,4291.0,4291.0,0.0,0.0,164.0
2022-08-05 13:50:00,4291.0,4291.0,4291.0,4291.0,0.0,0.0,164.0
2022-08-05 13:55:00,4291.0,4291.0,4291.0,4291.0,0.0,0.0,164.0
2022-08-05 14:00:00,4291.0,4291.0,4291.0,4291.0,0.0,0.0,164.0
2022-08-05 14:05:00,4291.0,4291.0,4291.0,4291.0,0.0,0.0,164.0
2022-08-05 14:10:00,4291.0,4291.0,4291.0,4291.0,0.0,0.0,164.0
2022-08-05 14:15:00,4291.0,4310.0,4269.0,4291.0,5.0,214720.0,165.0
2022-08-05 14:20:00,4310.0,4310.0,4281.0,4281.0,2.0,85910.0,166.0
2022-08-05 14:25:00,4281.0,4281.0,4281.0,4281.0,0.0,0.0,166.0
2022-08-05 14:30:00,4281.0,4281.0,4281.0,4281.0,0.0,0.0,166.0
2022-08-05 14:35:00,4281.0,4281.0,4281.0,4281.0,0.0,0.0,166.0
2022-08-05 14:40:00,4281.0,4281.0,4281.0,4281.0,0.0,0.0,166.0
2022-08-05 14:45:00,4280.0,4290.0,4280.0,4280.0,4.0,171400.0,170.0
2022-08-05 14:50:00,4280.0,4280.0,4280.0,4280.0,0.0,0.0,170.0
2022-08-05 14:55:00,4276.0,4280.0,4275.0,4275.0,2.0,85510.0,172.0
2022-08-05 21:00:00,4275.0,4275.0,4275.0,4275.0,0.0,0.0,172.0
2022-08-05 21:05:00,4275.0,4275.0,4275.0,4275.0,0.0,0.0,172.0
2022-08-05 21:10:00,4221.0,4275.0,4221.0,4264.0,2.0,84850.0,172.0
2022-08-05 21:15:00,4249.0,4268.0,4245.0,4268.0,5.0,212520.0,177.0
2022-08-05 21:20:00,4268.0,4268.0,4240.0,4240.0,3.0,127300.0,180.0
2022-08-05 21:25:00,4250.0,4250.0,4240.0,4240.0,8.0,339650.0,188.0
2022-08-05 21:30:00,4245.0,4245.0,4245.0,4245.0,4.0,169800.0,191.0
2022-08-05 21:35:00,4248.0,4250.0,4245.0,4245.0,6.0,254870.0,196.0
2022-08-05 21:40:00,4250.0,4250.0,4230.0,4239.0,13.0,550930.0,205.0
2022-08-05 21:45:00,4245.0,4249.0,4239.0,4245.0,12.0,509410.0,217.0
2022-08-05 21:50:00,4247.0,4248.0,4242.0,4245.0,8.0,339630.0,225.0
2022-08-05 21:55:00,4240.0,4245.0,4235.0,4235.0,4.0,169500.0,229.0
2022-08-05 22:00:00,4235.0,4247.0,4235.0,4247.0,9.0,382060.0,232.0
2022-08-05 22:05:00,4247.0,4255.0,4247.0,4255.0,5.0,212510.0,234.0
2022-08-05 22:10:00,4255.0,4267.0,4255.0,4267.0,4.0,170670.0,237.0
2022-08-05 22:15:00,4267.0,4267.0,4263.0,4263.0,2.0,85260.0,237.0
2022-08-05 22:20:00,4263.0,4270.0,4263.0,4270.0,11.0,469700.0,248.0
2022-08-05 22:25:00,4270.0,4270.0,4254.0,4254.0,4.0,170470.0,248.0
2022-08-05 22:30:00,4254.0,4272.0,4254.0,4272.0,2.0,85420.0,250.0
2022-08-05 22:35:00,4272.0,4272.0,4270.0,4270.0,2.0,85400.0,251.0
2022-08-05 22:40:00,4270.0,4291.0,4270.0,4291.0,1.0,42910.0,251.0
2022-08-05 22:45:00,4291.0,4297.0,4291.0,4297.0,1.0,42970.0,251.0
2022-08-05 22:50:00,4297.0,4297.0,4297.0,4297.0,0.0,0.0,251.0
2022-08-05 22:55:00,4297.0,4297.0,4251.0,4251.0,4.0,170040.0,249.0
2022-08-08 09:00:00,4250.0,4318.0,4240.0,4268.0,14.0,595850.0,259.0
2022-08-08 09:05:00,4268.0,4284.0,4268.0,4284.0,2.0,85670.0,260.0
2022-08-08 09:10:00,4284.0,4284.0,4284.0,4284.0,0.0,0.0,260.0
2022-08-08 09:15:00,4284.0,4284.0,4284.0,4284.0,0.0,0.0,260.0
2022-08-08 09:20:00,4318.0,4318.0,4284.0,4318.0,5.0,215900.0,265.0
2022-08-08 09:25:00,4318.0,4318.0,4318.0,4318.0,0.0,0.0,265.0
2022-08-08 09:30:00,4318.0,4318.0,4318.0,4318.0,0.0,0.0,265.0
2022-08-08 09:35:00,4318.0,4318.0,4318.0,4318.0,1.0,43180.0,266.0
2022-08-08 09:40:00,4318.0,4318.0,4318.0,4318.0,2.0,86360.0,264.0
2022-08-08 09:45:00,4314.0,4322.0,4314.0,4322.0,6.0,259120.0,261.0
2022-08-08 09:50:00,4320.0,4322.0,4317.0,4317.0,4.0,172790.0,263.0
2022-08-08 09:55:00,4317.0,4317.0,4317.0,4317.0,0.0,0.0,263.0
2022-08-08 10:00:00,4317.0,4330.0,4317.0,4330.0,2.0,86600.0,265.0
2022-08-08 10:05:00,4322.0,4322.0,4317.0,4317.0,2.0,86390.0,267.0
2022-08-08 10:10:00,4317.0,4317.0,4317.0,4317.0,0.0,0.0,267.0
2022-08-08 10:30:00,4317.0,4317.0,4317.0,4317.0,0.0,0.0,267.0
2022-08-08 10:35:00,4317.0,4325.0,4317.0,4325.0,1.0,43250.0,267.0
2022-08-08 10:40:00,4325.0,4325.0,4325.0,4325.0,0.0,0.0,267.0
2022-08-08 10:45:00,4325.0,4325.0,4325.0,4325.0,0.0,0.0,267.0
2022-08-08 10:50:00,4325.0,4325.0,4325.0,4325.0,0.0,0.0,267.0
2022-08-08 10:55:00,4325.0,4325.0,4325.0,4325.0,0.0,0.0,267.0
2022-08-08 11:00:00,4325.0,4325.0,4325.0,4325.0,0.0,0.0,267.0
2022-08-08 11:05:00,4325.0,4325.0,4325.0,4325.0,0.0,0.0,267.0
2022-08-08 11:10:00,4325.0,4325.0,4325.0,4325.0,0.0,0.0,267.0
2022-08-08 11:15:00,4325.0,4326.0,4325.0,4325.0,2.0,86510.0,269.0
2022-08-08 11:20:00,4325.0,4325.0,4325.0,4325.0,0.0,0.0,269.0
2022-08-08 11:25:00,4302.0,4302.0,4302.0,4302.0,2.0,86040.0,269.0
2022-08-08 13:30:00,4302.0,4335.0,4302.0,4335.0,1.0,43350.0,268.0
2022-08-08 13:35:00,4335.0,4335.0,4335.0,4335.0,0.0,0.0,268.0
2022-08-08 13:40:00,4335.0,4335.0,4335.0,4335.0,0.0,0.0,268.0
2022-08-08 13:45:00,4335.0,4335.0,4335.0,4335.0,0.0,0.0,268.0
2022-08-08 13:50:00,4335.0,4335.0,4335.0,4335.0,0.0,0.0,268.0
2022-08-08 13:55:00,4335.0,4335.0,4335.0,4335.0,0.0,0.0,268.0
2022-08-08 14:00:00,4335.0,4335.0,4335.0,4335.0,0.0,0.0,268.0
2022-08-08 14:05:00,4307.0,4350.0,4307.0,4350.0,2.0,86570.0,268.0
2022-08-08 14:10:00,4350.0,4350.0,4350.0,4350.0,0.0,0.0,268.0
2022-08-08 14:15:00,4350.0,4350.0,4350.0,4350.0,0.0,0.0,268.0
2022-08-08 14:20:00,4350.0,4350.0,4350.0,4350.0,0.0,0.0,268.0
2022-08-08 14:25:00,4350.0,4350.0,4350.0,4350.0,0.0,0.0,268.0
2022-08-08 14:30:00,4350.0,4350.0,4350.0,4350.0,0.0,0.0,268.0
2022-08-08 14:35:00,4350.0,4350.0,4350.0,4350.0,0.0,0.0,268.0
2022-08-08 14:40:00,4350.0,4350.0,4350.0,4350.0,0.0,0.0,268.0
2022-08-08 14:45:00,4350.0,4350.0,4350.0,4350.0,0.0,0.0,268.0
2022-08-08 14:50:00,4350.0,4350.0,4350.0,4350.0,0.0,0.0,268.0
2022-08-08 14:55:00,4350.0,4350.0,4350.0,4350.0,0.0,0.0,268.0
2022-08-08 21:00:00,4350.0,4350.0,4329.0,4329.0,2.0,86580.0,268.0
2022-08-08 21:05:00,4329.0,4329.0,4327.0,4327.0,2.0,86540.0,268.0
2022-08-08 21:10:00,4301.0,4317.0,4300.0,4317.0,5.0,215200.0,273.0
2022-08-08 21:15:00,4317.0,4317.0,4317.0,4317.0,0.0,0.0,273.0
2022-08-08 21:20:00,4317.0,4317.0,4317.0,4317.0,0.0,0.0,273.0
2022-08-08 21:25:00,4317.0,4317.0,4299.0,4299.0,1.0,42990.0,274.0
2022-08-08 21:30:00,4299.0,4329.0,4299.0,4329.0,1.0,43290.0,274.0
2022-08-08 21:35:00,4329.0,4329.0,4329.0,4329.0,2.0,86580.0,276.0
2022-08-08 21:40:00,4329.0,4329.0,4302.0,4302.0,4.0,172620.0,277.0
2022-08-08 21:45:00,4302.0,4302.0,4302.0,4302.0,0.0,0.0,277.0
2022-08-08 21:50:00,4302.0,4302.0,4302.0,4302.0,0.0,0.0,277.0
2022-08-08 21:55:00,4302.0,4302.0,4302.0,4302.0,0.0,0.0,277.0
2022-08-08 22:00:00,4302.0,4340.0,4302.0,4340.0,24.0,1039400.0,298.0
2022-08-08 22:05:00,4340.0,4340.0,4330.0,4330.0,81.0,3507300.0,378.0
2022-08-08 22:10:00,4330.0,4330.0,4330.0,4330.0,7.0,303100.0,385.0
2022-08-08 22:15:00,4330.0,4330.0,4330.0,4330.0,0.0,0.0,385.0
2022-08-08 22:20:00,4330.0,4330.0,4330.0,4330.0,0.0,0.0,385.0
2022-08-08 22:25:00,4330.0,4330.0,4302.0,4302.0,1.0,43020.0,385.0
2022-08-08 22:30:00,4302.0,4302.0,4302.0,4302.0,0.0,0.0,385.0
2022-08-08 22:35:00,4302.0,4302.0,4302.0,4302.0,0.0,0.0,385.0
2022-08-08 22:40:00,4302.0,4302.0,4302.0,4302.0,0.0,0.0,385.0
2022-08-08 22:45:00,4302.0,4302.0,4302.0,4302.0,0.0,0.0,385.0
2022-08-08 22:50:00,4302.0,4302.0,4302.0,4302.0,0.0,0.0,385.0
2022-08-08 22:55:00,4302.0,4302.0,4302.0,4302.0,0.0,0.0,385.0
2022-08-09 09:00:00,4336.0,4336.0,4302.0,4336.0,1.0,43360.0,385.0
2022-08-09 09:05:00,4336.0,4336.0,4336.0,4336.0,0.0,0.0,385.0
2022-08-09 09:10:00,4336.0,4336.0,4336.0,4336.0,0.0,0.0,385.0
2022-08-09 09:15:00,4336.0,4336.0,4336.0,4336.0,0.0,0.0,385.0
2022-08-09 09:20:00,4336.0,4336.0,4336.0,4336.0,0.0,0.0,385.0
2022-08-09 09:25:00,4336.0,4336.0,4336.0,4336.0,0.0,0.0,385.0
2022-08-09 09:30:00,4336.0,4336.0,4336.0,4336.0,0.0,0.0,385.0
2022-08-09 09:35:00,4336.0,4336.0,4336.0,4336.0,0.0,0.0,385.0
2022-08-09 09:40:00,4336.0,4336.0,4336.0,4336.0,0.0,0.0,385.0
2022-08-09 09:45:00,4336.0,4336.0,4336.0,4336.0,0.0,0.0,385.0
2022-08-09 09:50:00,4336.0,4336.0,4336.0,4336.0,0.0,0.0,385.0
2022-08-09 09:55:00,4336.0,4336.0,4302.0,4302.0,1.0,43020.0,385.0
2022-08-09 10:00:00,4302.0,4302.0,4302.0,4302.0,1.0,43020.0,386.0
2022-08-09 10:05:00,4302.0,4302.0,4302.0,4302.0,0.0,0.0,386.0
2022-08-09 10:10:00,4302.0,4305.0,4302.0,4304.0,5.0,215240.0,389.0
2022-08-09 10:30:00,4304.0,4304.0,4304.0,4304.0,0.0,0.0,389.0
2022-08-09 10:35:00,4304.0,4325.0,4302.0,4302.0,12.0,517450.0,394.0
2022-08-09 10:40:00,4302.0,4302.0,4302.0,4302.0,0.0,0.0,394.0
2022-08-09 10:45:00,4302.0,4302.0,4302.0,4302.0,0.0,0.0,394.0
2022-08-09 10:50:00,4302.0,4302.0,4302.0,4302.0,0.0,0.0,394.0
2022-08-09 10:55:00,4302.0,4302.0,4302.0,4302.0,0.0,0.0,394.0
2022-08-09 11:00:00,4302.0,4326.0,4302.0,4326.0,1.0,43260.0,393.0
2022-08-09 11:05:00,4326.0,4326.0,4326.0,4326.0,0.0,0.0,393.0
2022-08-09 11:10:00,4326.0,4326.0,4326.0,4326.0,0.0,0.0,393.0
2022-08-09 11:15:00,4326.0,4326.0,4326.0,4326.0,0.0,0.0,393.0
2022-08-09 11:20:00,4326.0,4326.0,4326.0,4326.0,0.0,0.0,393.0
2022-08-09 11:25:00,4302.0,4326.0,4298.0,4298.0,2.0,86000.0,395.0
2022-08-09 13:30:00,4298.0,4298.0,4298.0,4298.0,0.0,0.0,395.0
2022-08-09 13:35:00,4298.0,4298.0,4298.0,4298.0,0.0,0.0,395.0
2022-08-09 13:40:00,4298.0,4298.0,4298.0,4298.0,0.0,0.0,395.0
2022-08-09 13:45:00,4298.0,4298.0,4298.0,4298.0,0.0,0.0,395.0
2022-08-09 13:50:00,4298.0,4298.0,4298.0,4298.0,0.0,0.0,395.0
2022-08-09 13:55:00,4298.0,4309.0,4298.0,4309.0,2.0,86180.0,397.0
2022-08-09 14:00:00,4309.0,4309.0,4309.0,4309.0,0.0,0.0,397.0
2022-08-09 14:05:00,4309.0,4309.0,4309.0,4309.0,0.0,0.0,397.0
2022-08-09 14:10:00,4309.0,4309.0,4309.0,4309.0,0.0,0.0,397.0
2022-08-09 14:15:00,4309.0,4309.0,4309.0,4309.0,0.0,0.0,397.0
2022-08-09 14:20:00,4309.0,4309.0,4303.0,4303.0,1.0,43030.0,398.0
2022-08-09 14:25:00,4303.0,4303.0,4301.0,4301.0,2.0,86020.0,400.0
2022-08-09 14:30:00,4301.0,4301.0,4299.0,4299.0,3.0,129000.0,403.0
2022-08-09 14:35:00,4299.0,4299.0,4299.0,4299.0,0.0,0.0,403.0
2022-08-09 14:40:00,4290.0,4290.0,4290.0,4290.0,2.0,85800.0,404.0
2022-08-09 14:45:00,4290.0,4290.0,4290.0,4290.0,1.0,42900.0,404.0
2022-08-09 14:50:00,4290.0,4290.0,4290.0,4290.0,0.0,0.0,404.0
2022-08-09 14:55:00,4290.0,4321.0,4290.0,4321.0,2.0,86260.0,403.0
2022-08-09 21:00:00,4323.0,4323.0,4323.0,4323.0,50.0,2161500.0,453.0
2022-08-09 21:05:00,4323.0,4350.0,4323.0,4350.0,1.0,43500.0,453.0
2022-08-09 21:10:00,4350.0,4350.0,4348.0,4348.0,1.0,43480.0,453.0
2022-08-09 21:15:00,4348.0,4348.0,4348.0,4348.0,0.0,0.0,453.0
2022-08-09 21:20:00,4348.0,4348.0,4348.0,4348.0,0.0,0.0,453.0
2022-08-09 21:25:00,4348.0,4348.0,4348.0,4348.0,0.0,0.0,453.0
2022-08-09 21:30:00,4348.0,4348.0,4312.0,4312.0,1.0,43120.0,454.0
2022-08-09 21:35:00,4312.0,4312.0,4312.0,4312.0,0.0,0.0,454.0
2022-08-09 21:40:00,4312.0,4312.0,4312.0,4312.0,0.0,0.0,454.0
2022-08-09 21:45:00,4312.0,4312.0,4302.0,4302.0,8.0,344660.0,461.0
2022-08-09 21:50:00,4302.0,4302.0,4301.0,4301.0,7.0,301070.0,468.0
2022-08-09 21:55:00,4301.0,4301.0,4301.0,4301.0,0.0,0.0,468.0
2022-08-09 22:00:00,4301.0,4301.0,4300.0,4300.0,6.0,258000.0,474.0
2022-08-09 22:05:00,4300.0,4300.0,4299.0,4299.0,1.0,42990.0,474.0
2022-08-09 22:10:00,4299.0,4299.0,4299.0,4299.0,0.0,0.0,474.0
2022-08-09 22:15:00,4299.0,4299.0,4299.0,4299.0,0.0,0.0,474.0
2022-08-09 22:20:00,4299.0,4299.0,4299.0,4299.0,0.0,0.0,474.0
2022-08-09 22:25:00,4299.0,4299.0,4299.0,4299.0,0.0,0.0,474.0
2022-08-09 22:30:00,4299.0,4310.0,4299.0,4310.0,3.0,129290.0,475.0
2022-08-09 22:35:00,4310.0,4310.0,4310.0,4310.0,0.0,0.0,475.0
2022-08-09 22:40:00,4310.0,4310.0,4310.0,4310.0,0.0,0.0,475.0
2022-08-09 22:45:00,4310.0,4310.0,4307.0,4307.0,1.0,43070.0,475.0
2022-08-09 22:50:00,4307.0,4307.0,4272.0,4272.0,10.0,427300.0,485.0
2022-08-09 22:55:00,4272.0,4297.0,4272.0,4297.0,1.0,42970.0,486.0
2022-08-10 09:00:00,4297.0,4297.0,4297.0,4297.0,0.0,0.0,486.0
2022-08-10 09:05:00,4297.0,4297.0,4297.0,4297.0,0.0,0.0,486.0
2022-08-10 09:10:00,4297.0,4297.0,4297.0,4297.0,0.0,0.0,486.0
2022-08-10 09:15:00,4297.0,4297.0,4285.0,4285.0,1.0,42850.0,485.0
2022-08-10 09:20:00,4285.0,4285.0,4285.0,4285.0,0.0,0.0,485.0
2022-08-10 09:25:00,4285.0,4285.0,4285.0,4285.0,0.0,0.0,485.0
2022-08-10 09:30:00,4285.0,4285.0,4285.0,4285.0,0.0,0.0,485.0
2022-08-10 09:35:00,4285.0,4285.0,4285.0,4285.0,0.0,0.0,485.0
2022-08-10 09:40:00,4285.0,4285.0,4285.0,4285.0,0.0,0.0,485.0
2022-08-10 09:45:00,4285.0,4285.0,4285.0,4285.0,0.0,0.0,485.0
2022-08-10 09:50:00,4285.0,4285.0,4285.0,4285.0,0.0,0.0,485.0
2022-08-10 09:55:00,4285.0,4285.0,4285.0,4285.0,0.0,0.0,485.0
2022-08-10 10:00:00,4285.0,4294.0,4285.0,4294.0,1.0,42940.0,485.0
2022-08-10 10:05:00,4294.0,4310.0,4294.0,4310.0,2.0,86180.0,483.0
2022-08-10 10:10:00,4323.0,4324.0,4310.0,4324.0,2.0,86470.0,481.0
2022-08-10 10:30:00,4328.0,4330.0,4314.0,4330.0,14.0,605880.0,468.0
2022-08-10 10:35:00,4330.0,4330.0,4330.0,4330.0,0.0,0.0,468.0
2022-08-10 10:40:00,4330.0,4330.0,4305.0,4305.0,1.0,43050.0,468.0
2022-08-10 10:45:00,4305.0,4305.0,4305.0,4305.0,0.0,0.0,468.0
2022-08-10 10:50:00,4305.0,4325.0,4305.0,4325.0,1.0,43250.0,467.0
2022-08-10 10:55:00,4315.0,4325.0,4315.0,4315.0,1.0,43150.0,467.0
2022-08-10 11:00:00,4315.0,4315.0,4297.0,4297.0,4.0,172150.0,471.0
2022-08-10 11:05:00,4297.0,4297.0,4297.0,4297.0,0.0,0.0,471.0
2022-08-10 11:10:00,4297.0,4297.0,4297.0,4297.0,0.0,0.0,471.0
2022-08-10 11:15:00,4297.0,4321.0,4297.0,4321.0,2.0,86420.0,473.0
2022-08-10 11:20:00,4322.0,4322.0,4321.0,4322.0,1.0,43220.0,473.0
2022-08-10 11:25:00,4322.0,4322.0,4322.0,4322.0,0.0,0.0,473.0
2022-08-10 13:30:00,4293.0,4322.0,4290.0,4290.0,6.0,257520.0,479.0
2022-08-10 13:35:00,4290.0,4290.0,4290.0,4290.0,0.0,0.0,479.0
2022-08-10 13:40:00,4290.0,4307.0,4290.0,4307.0,1.0,43070.0,478.0
2022-08-10 13:45:00,4301.0,4301.0,4301.0,4301.0,2.0,86020.0,478.0
2022-08-10 13:50:00,4299.0,4299.0,4296.0,4296.0,18.0,773590.0,478.0
2022-08-10 13:55:00,4296.0,4296.0,4295.0,4295.0,19.0,816190.0,478.0
2022-08-10 14:00:00,4290.0,4295.0,4280.0,4280.0,24.0,1029050.0,483.0
2022-08-10 14:05:00,4280.0,4280.0,4280.0,4280.0,0.0,0.0,483.0
2022-08-10 14:10:00,4280.0,4280.0,4280.0,4280.0,0.0,0.0,483.0
2022-08-10 14:15:00,4280.0,4280.0,4280.0,4280.0,1.0,42800.0,483.0
2022-08-10 14:20:00,4280.0,4287.0,4280.0,4287.0,5.0,214350.0,483.0
2022-08-10 14:25:00,4287.0,4287.0,4287.0,4287.0,5.0,214350.0,483.0
2022-08-10 14:30:00,4286.0,4287.0,4280.0,4280.0,13.0,556900.0,483.0
2022-08-10 14:35:00,4280.0,4280.0,4280.0,4280.0,0.0,0.0,483.0
2022-08-10 14:40:00,4280.0,4280.0,4280.0,4280.0,0.0,0.0,483.0
2022-08-10 14:45:00,4280.0,4280.0,4280.0,4280.0,0.0,0.0,483.0
2022-08-10 14:50:00,4280.0,4280.0,4271.0,4271.0,5.0,213550.0,480.0
2022-08-10 14:55:00,4271.0,4271.0,4271.0,4271.0,0.0,0.0,480.0
2022-08-10 21:00:00,4271.0,4271.0,4271.0,4271.0,0.0,0.0,480.0
2022-08-10 21:05:00,4271.0,4271.0,4271.0,4271.0,0.0,0.0,480.0
2022-08-10 21:10:00,4271.0,4305.0,4271.0,4305.0,2.0,86100.0,480.0
2022-08-10 21:15:00,4305.0,4305.0,4305.0,4305.0,0.0,0.0,480.0
2022-08-10 21:20:00,4305.0,4305.0,4305.0,4305.0,0.0,0.0,480.0
2022-08-10 21:25:00,4305.0,4305.0,4305.0,4305.0,0.0,0.0,480.0
2022-08-10 21:30:00,4305.0,4305.0,4305.0,4305.0,0.0,0.0,480.0
2022-08-10 21:35:00,4305.0,4310.0,4305.0,4310.0,1.0,43100.0,480.0
2022-08-10 21:40:00,4310.0,4310.0,4273.0,4290.0,5.0,214280.0,482.0
2022-08-10 21:45:00,4290.0,4290.0,4290.0,4290.0,0.0,0.0,482.0
2022-08-10 21:50:00,4290.0,4290.0,4290.0,4290.0,0.0,0.0,482.0
2022-08-10 21:55:00,4290.0,4290.0,4276.0,4276.0,1.0,42760.0,482.0
2022-08-10 22:00:00,4276.0,4276.0,4276.0,4276.0,0.0,0.0,482.0
2022-08-10 22:05:00,4276.0,4276.0,4276.0,4276.0,0.0,0.0,482.0
2022-08-10 22:10:00,4276.0,4276.0,4276.0,4276.0,0.0,0.0,482.0
2022-08-10 22:15:00,4276.0,4276.0,4276.0,4276.0,0.0,0.0,482.0
2022-08-10 22:20:00,4276.0,4276.0,4276.0,4276.0,0.0,0.0,482.0
2022-08-10 22:25:00,4276.0,4305.0,4276.0,4305.0,1.0,43050.0,482.0
2022-08-10 22:30:00,4305.0,4305.0,4305.0,4305.0,0.0,0.0,482.0
2022-08-10 22:35:00,4305.0,4310.0,4292.0,4292.0,5.0,214780.0,478.0
2022-08-10 22:40:00,4292.0,4292.0,4292.0,4292.0,0.0,0.0,478.0
2022-08-10 22:45:00,4292.0,4292.0,4292.0,4292.0,0.0,0.0,478.0
2022-08-10 22:50:00,4292.0,4292.0,4292.0,4292.0,0.0,0.0,478.0
2022-08-10 22:55:00,4292.0,4292.0,4292.0,4292.0,0.0,0.0,478.0
2022-08-11 09:00:00,4292.0,4292.0,4292.0,4292.0,0.0,0.0,478.0
2022-08-11 09:05:00,4292.0,4292.0,4292.0,4292.0,0.0,0.0,478.0
2022-08-11 09:10:00,4292.0,4292.0,4292.0,4292.0,0.0,0.0,478.0
2022-08-11 09:15:00,4292.0,4318.0,4292.0,4318.0,1.0,43180.0,479.0
2022-08-11 09:20:00,4318.0,4318.0,4318.0,4318.0,0.0,0.0,479.0
2022-08-11 09:25:00,4318.0,4318.0,4318.0,4318.0,0.0,0.0,479.0
2022-08-11 09:30:00,4318.0,4318.0,4292.0,4292.0,1.0,42920.0,479.0
2022-08-11 09:35:00,4292.0,4292.0,4292.0,4292.0,0.0,0.0,479.0
2022-08-11 09:40:00,4292.0,4292.0,4292.0,4292.0,0.0,0.0,479.0
2022-08-11 09:45:00,4292.0,4292.0,4292.0,4292.0,0.0,0.0,479.0
2022-08-11 09:50:00,4292.0,4292.0,4292.0,4292.0,0.0,0.0,479.0
2022-08-11 09:55:00,4292.0,4304.0,4292.0,4304.0,1.0,43040.0,480.0
2022-08-11 10:00:00,4304.0,4304.0,4304.0,4304.0,0.0,0.0,480.0
2022-08-11 10:05:00,4304.0,4304.0,4304.0,4304.0,0.0,0.0,480.0
2022-08-11 10:10:00,4304.0,4304.0,4304.0,4304.0,0.0,0.0,480.0
2022-08-11 10:30:00,4304.0,4304.0,4304.0,4304.0,0.0,0.0,480.0
2022-08-11 10:35:00,4304.0,4304.0,4304.0,4304.0,0.0,0.0,480.0
2022-08-11 10:40:00,4304.0,4304.0,4304.0,4304.0,0.0,0.0,480.0
2022-08-11 10:45:00,4304.0,4304.0,4304.0,4304.0,0.0,0.0,480.0
2022-08-11 10:50:00,4304.0,4304.0,4304.0,4304.0,0.0,0.0,480.0
2022-08-11 10:55:00,4304.0,4304.0,4304.0,4304.0,0.0,0.0,480.0
2022-08-11 11:00:00,4304.0,4304.0,4304.0,4304.0,0.0,0.0,480.0
2022-08-11 11:05:00,4304.0,4304.0,4304.0,4304.0,0.0,0.0,480.0
2022-08-11 11:10:00,4304.0,4304.0,4304.0,4304.0,0.0,0.0,480.0
2022-08-11 11:15:00,4304.0,4304.0,4304.0,4304.0,0.0,0.0,480.0
2022-08-11 11:20:00,4304.0,4304.0,4304.0,4304.0,0.0,0.0,480.0
2022-08-11 11:25:00,4304.0,4304.0,4304.0,4304.0,0.0,0.0,480.0
2022-08-11 13:30:00,4304.0,4304.0,4304.0,4304.0,0.0,0.0,480.0
2022-08-11 13:35:00,4313.0,4319.0,4313.0,4319.0,5.0,215770.0,475.0
2022-08-11 13:40:00,4328.0,4339.0,4319.0,4339.0,2.0,86670.0,475.0
2022-08-11 13:45:00,4339.0,4339.0,4339.0,4339.0,0.0,0.0,475.0
2022-08-11 13:50:00,4339.0,4339.0,4339.0,4339.0,0.0,0.0,475.0
2022-08-11 13:55:00,4339.0,4339.0,4339.0,4339.0,0.0,0.0,475.0
2022-08-11 14:00:00,4339.0,4339.0,4339.0,4339.0,0.0,0.0,475.0
2022-08-11 14:05:00,4339.0,4339.0,4339.0,4339.0,0.0,0.0,475.0
2022-08-11 14:10:00,4339.0,4339.0,4338.0,4338.0,1.0,43380.0,476.0
2022-08-11 14:15:00,4338.0,4338.0,4338.0,4338.0,0.0,0.0,476.0
2022-08-11 14:20:00,4338.0,4338.0,4338.0,4338.0,0.0,0.0,476.0
2022-08-11 14:25:00,4338.0,4338.0,4338.0,4338.0,0.0,0.0,476.0
2022-08-11 14:30:00,4338.0,4338.0,4338.0,4338.0,0.0,0.0,476.0
2022-08-11 14:35:00,4338.0,4338.0,4338.0,4338.0,0.0,0.0,476.0
2022-08-11 14:40:00,4338.0,4338.0,4328.0,4328.0,2.0,86560.0,477.0
2022-08-11 14:45:00,4328.0,4328.0,4328.0,4328.0,0.0,0.0,477.0
2022-08-11 14:50:00,4328.0,4328.0,4328.0,4328.0,1.0,43280.0,477.0
2022-08-11 14:55:00,4328.0,4328.0,4328.0,4328.0,0.0,0.0,477.0
2022-08-11 21:00:00,4328.0,4350.0,4328.0,4350.0,2.0,87000.0,475.0
2022-08-11 21:05:00,4350.0,4350.0,4350.0,4350.0,0.0,0.0,475.0
2022-08-11 21:10:00,4350.0,4350.0,4350.0,4350.0,0.0,0.0,475.0
2022-08-11 21:15:00,4350.0,4350.0,4350.0,4350.0,0.0,0.0,475.0
2022-08-11 21:20:00,4350.0,4350.0,4329.0,4329.0,1.0,43290.0,475.0
2022-08-11 21:25:00,4329.0,4329.0,4329.0,4329.0,0.0,0.0,475.0
2022-08-11 21:30:00,4329.0,4329.0,4329.0,4329.0,0.0,0.0,475.0
2022-08-11 21:35:00,4329.0,4329.0,4329.0,4329.0,0.0,0.0,475.0
2022-08-11 21:40:00,4329.0,4329.0,4329.0,4329.0,0.0,0.0,475.0
2022-08-11 21:45:00,4329.0,4329.0,4329.0,4329.0,0.0,0.0,475.0
2022-08-11 21:50:00,4329.0,4329.0,4328.0,4328.0,3.0,129860.0,478.0
2022-08-11 21:55:00,4328.0,4336.0,4323.0,4323.0,5.0,216670.0,478.0
2022-08-11 22:00:00,4323.0,4333.0,4323.0,4333.0,2.0,86660.0,476.0
2022-08-11 22:05:00,4333.0,4333.0,4333.0,4333.0,0.0,0.0,476.0
2022-08-11 22:10:00,4333.0,4333.0,4333.0,4333.0,0.0,0.0,476.0
2022-08-11 22:15:00,4333.0,4333.0,4333.0,4333.0,0.0,0.0,476.0
2022-08-11 22:20:00,4333.0,4333.0,4313.0,4313.0,2.0,86280.0,476.0
2022-08-11 22:25:00,4313.0,4319.0,4313.0,4319.0,2.0,86380.0,478.0
2022-08-11 22:30:00,4319.0,4319.0,4319.0,4319.0,0.0,0.0,478.0
2022-08-11 22:35:00,4319.0,4319.0,4319.0,4319.0,0.0,0.0,478.0
2022-08-11 22:40:00,4317.0,4319.0,4317.0,4317.0,1.0,43170.0,478.0
2022-08-11 22:45:00,4317.0,4317.0,4317.0,4317.0,0.0,0.0,478.0
2022-08-11 22:50:00,4317.0,4317.0,4317.0,4317.0,0.0,0.0,478.0
2022-08-11 22:55:00,4317.0,4317.0,4317.0,4317.0,0.0,0.0,478.0
2022-08-12 09:00:00,4317.0,4317.0,4317.0,4317.0,0.0,0.0,478.0
2022-08-12 09:05:00,4317.0,4317.0,4317.0,4317.0,0.0,0.0,478.0
2022-08-12 09:10:00,4317.0,4317.0,4317.0,4317.0,0.0,0.0,478.0
2022-08-12 09:15:00,4317.0,4317.0,4317.0,4317.0,0.0,0.0,478.0
2022-08-12 09:20:00,4317.0,4317.0,4317.0,4317.0,0.0,0.0,478.0
2022-08-12 09:25:00,4317.0,4344.0,4317.0,4344.0,2.0,86880.0,478.0
2022-08-12 09:30:00,4344.0,4355.0,4344.0,4355.0,1.0,43550.0,478.0
2022-08-12 09:35:00,4355.0,4355.0,4355.0,4355.0,0.0,0.0,478.0
2022-08-12 09:40:00,4355.0,4355.0,4355.0,4355.0,0.0,0.0,478.0
2022-08-12 09:45:00,4355.0,4355.0,4355.0,4355.0,0.0,0.0,478.0
2022-08-12 09:50:00,4355.0,4355.0,4355.0,4355.0,0.0,0.0,478.0
2022-08-12 09:55:00,4355.0,4355.0,4305.0,4305.0,2.0,86100.0,476.0
2022-08-12 10:00:00,4305.0,4305.0,4305.0,4305.0,0.0,0.0,476.0
2022-08-12 10:05:00,4305.0,4305.0,4305.0,4305.0,0.0,0.0,476.0
2022-08-12 10:10:00,4305.0,4305.0,4305.0,4305.0,0.0,0.0,476.0
2022-08-12 10:30:00,4313.0,4313.0,4305.0,4313.0,2.0,86260.0,478.0
2022-08-12 10:35:00,4313.0,4325.0,4313.0,4325.0,1.0,43250.0,479.0
2022-08-12 10:40:00,4325.0,4325.0,4325.0,4325.0,0.0,0.0,479.0
2022-08-12 10:45:00,4325.0,4325.0,4325.0,4325.0,0.0,0.0,479.0
2022-08-12 10:50:00,4325.0,4325.0,4325.0,4325.0,0.0,0.0,479.0
2022-08-12 10:55:00,4325.0,4325.0,4325.0,4325.0,0.0,0.0,479.0
2022-08-12 11:00:00,4325.0,4325.0,4325.0,4325.0,0.0,0.0,479.0
2022-08-12 11:05:00,4325.0,4325.0,4325.0,4325.0,0.0,0.0,479.0
2022-08-12 11:10:00,4325.0,4325.0,4325.0,4325.0,0.0,0.0,479.0
2022-08-12 11:15:00,4325.0,4325.0,4321.0,4321.0,1.0,43210.0,479.0
2022-08-12 11:20:00,4321.0,4321.0,4321.0,4321.0,0.0,0.0,479.0
2022-08-12 11:25:00,4321.0,4321.0,4321.0,4321.0,0.0,0.0,479.0
2022-08-12 13:30:00,4321.0,4321.0,4321.0,4321.0,0.0,0.0,479.0
2022-08-12 13:35:00,4321.0,4321.0,4321.0,4321.0,0.0,0.0,479.0
2022-08-12 13:40:00,4321.0,4333.0,4321.0,4333.0,1.0,43330.0,480.0
2022-08-12 13:45:00,4333.0,4333.0,4333.0,4333.0,0.0,0.0,480.0
2022-08-12 13:50:00,4333.0,4333.0,4333.0,4333.0,0.0,0.0,480.0
2022-08-12 13:55:00,4333.0,4333.0,4333.0,4333.0,0.0,0.0,480.0
2022-08-12 14:00:00,4333.0,4333.0,4333.0,4333.0,0.0,0.0,480.0
2022-08-12 14:05:00,4333.0,4333.0,4333.0,4333.0,0.0,0.0,480.0
2022-08-12 14:10:00,4333.0,4333.0,4333.0,4333.0,0.0,0.0,480.0
2022-08-12 14:15:00,4333.0,4333.0,4333.0,4333.0,0.0,0.0,480.0
2022-08-12 14:20:00,4333.0,4333.0,4333.0,4333.0,0.0,0.0,480.0
2022-08-12 14:25:00,4333.0,4333.0,4333.0,4333.0,0.0,0.0,480.0
2022-08-12 14:30:00,4333.0,4333.0,4328.0,4328.0,1.0,43280.0,479.0
2022-08-12 14:35:00,4328.0,4329.0,4328.0,4329.0,1.0,43290.0,479.0
2022-08-12 14:40:00,4329.0,4329.0,4329.0,4329.0,0.0,0.0,479.0
2022-08-12 14:45:00,4329.0,4329.0,4329.0,4329.0,0.0,0.0,479.0
2022-08-12 14:50:00,4329.0,4329.0,4319.0,4319.0,1.0,43190.0,480.0
2022-08-12 14:55:00,4319.0,4319.0,4319.0,4319.0,0.0,0.0,480.0
2022-08-12 21:00:00,4319.0,4319.0,4319.0,4319.0,0.0,0.0,480.0
2022-08-12 21:05:00,4319.0,4319.0,4308.0,4308.0,1.0,43080.0,480.0
2022-08-12 21:10:00,4308.0,4308.0,4308.0,4308.0,0.0,0.0,480.0
2022-08-12 21:15:00,4308.0,4308.0,4303.0,4303.0,4.0,172210.0,484.0
2022-08-12 21:20:00,4322.0,4322.0,4296.0,4296.0,4.0,172620.0,483.0
2022-08-12 21:25:00,4316.0,4317.0,4296.0,4317.0,2.0,86330.0,485.0
2022-08-12 21:30:00,4317.0,4317.0,4317.0,4317.0,0.0,0.0,485.0
2022-08-12 21:35:00,4317.0,4317.0,4317.0,4317.0,0.0,0.0,485.0
2022-08-12 21:40:00,4317.0,4317.0,4317.0,4317.0,0.0,0.0,485.0
2022-08-12 21:45:00,4317.0,4317.0,4317.0,4317.0,0.0,0.0,485.0
2022-08-12 21:50:00,4317.0,4317.0,4317.0,4317.0,0.0,0.0,485.0
2022-08-12 21:55:00,4317.0,4317.0,4317.0,4317.0,2.0,86340.0,483.0
2022-08-12 22:00:00,4317.0,4317.0,4317.0,4317.0,0.0,0.0,483.0
2022-08-12 22:05:00,4317.0,4317.0,4317.0,4317.0,0.0,0.0,483.0
2022-08-12 22:10:00,4317.0,4317.0,4317.0,4317.0,0.0,0.0,483.0
2022-08-12 22:15:00,4317.0,4317.0,4317.0,4317.0,0.0,0.0,483.0
2022-08-12 22:20:00,4317.0,4317.0,4317.0,4317.0,0.0,0.0,483.0
2022-08-12 22:25:00,4317.0,4317.0,4317.0,4317.0,0.0,0.0,483.0
2022-08-12 22:30:00,4317.0,4317.0,4316.0,4316.0,1.0,43160.0,483.0
2022-08-12 22:35:00,4316.0,4316.0,4316.0,4316.0,0.0,0.0,483.0
2022-08-12 22:40:00,4316.0,4316.0,4316.0,4316.0,0.0,0.0,483.0
2022-08-12 22:45:00,4316.0,4350.0,4316.0,4350.0,1.0,43500.0,483.0
2022-08-12 22:50:00,4350.0,4350.0,4350.0,4350.0,0.0,0.0,483.0
2022-08-12 22:55:00,4350.0,4350.0,4350.0,4350.0,0.0,0.0,483.0
2022-08-15 09:00:00,4350.0,4350.0,4305.0,4305.0,1.0,43050.0,483.0
2022-08-15 09:05:00,4305.0,4305.0,4305.0,4305.0,0.0,0.0,483.0
2022-08-15 09:10:00,4305.0,4305.0,4305.0,4305.0,0.0,0.0,483.0
2022-08-15 09:15:00,4305.0,4349.0,4297.0,4297.0,2.0,86460.0,483.0
2022-08-15 09:20:00,4297.0,4297.0,4297.0,4297.0,0.0,0.0,483.0
2022-08-15 09:25:00,4297.0,4297.0,4297.0,4297.0,0.0,0.0,483.0
2022-08-15 09:30:00,4297.0,4355.0,4297.0,4355.0,2.0,87050.0,481.0
2022-08-15 09:35:00,4355.0,4355.0,4351.0,4351.0,1.0,43510.0,480.0
2022-08-15 09:40:00,4351.0,4351.0,4351.0,4351.0,5.0,217550.0,475.0
2022-08-15 09:45:00,4351.0,4356.0,4350.0,4354.0,4.0,174130.0,475.0
2022-08-15 09:50:00,4354.0,4357.0,4349.0,4349.0,3.0,130600.0,476.0
2022-08-15 09:55:00,4349.0,4349.0,4349.0,4349.0,0.0,0.0,476.0
2022-08-15 10:00:00,4349.0,4349.0,4349.0,4349.0,0.0,0.0,476.0
2022-08-15 10:05:00,4349.0,4349.0,4349.0,4349.0,0.0,0.0,476.0
2022-08-15 10:10:00,4349.0,4349.0,4349.0,4349.0,0.0,0.0,476.0
2022-08-15 10:30:00,4349.0,4349.0,4349.0,4349.0,0.0,0.0,476.0
2022-08-15 10:35:00,4349.0,4349.0,4349.0,4349.0,0.0,0.0,476.0
2022-08-15 10:40:00,4349.0,4349.0,4349.0,4349.0,0.0,0.0,476.0
2022-08-15 10:45:00,4349.0,4349.0,4349.0,4349.0,0.0,0.0,476.0
2022-08-15 10:50:00,4349.0,4349.0,4349.0,4349.0,0.0,0.0,476.0
2022-08-15 10:55:00,4349.0,4349.0,4349.0,4349.0,0.0,0.0,476.0
2022-08-15 11:00:00,4349.0,4349.0,4349.0,4349.0,0.0,0.0,476.0
2022-08-15 11:05:00,4349.0,4349.0,4349.0,4349.0,0.0,0.0,476.0
2022-08-15 11:10:00,4349.0,4349.0,4349.0,4349.0,0.0,0.0,476.0
2022-08-15 11:15:00,4349.0,4349.0,4349.0,4349.0,0.0,0.0,476.0
2022-08-15 11:20:00,4349.0,4349.0,4305.0,4305.0,1.0,43050.0,477.0
2022-08-15 11:25:00,4305.0,4305.0,4305.0,4305.0,0.0,0.0,477.0
2022-08-15 13:30:00,4305.0,4305.0,4305.0,4305.0,0.0,0.0,477.0
2022-08-15 13:35:00,4305.0,4305.0,4305.0,4305.0,0.0,0.0,477.0
2022-08-15 13:40:00,4305.0,4305.0,4305.0,4305.0,0.0,0.0,477.0
2022-08-15 13:45:00,4305.0,4305.0,4305.0,4305.0,0.0,0.0,477.0
2022-08-15 13:50:00,4305.0,4309.0,4305.0,4309.0,1.0,43090.0,477.0
2022-08-15 13:55:00,4309.0,4309.0,4309.0,4309.0,0.0,0.0,477.0
2022-08-15 14:00:00,4309.0,4309.0,4309.0,4309.0,0.0,0.0,477.0
2022-08-15 14:05:00,4309.0,4309.0,4309.0,4309.0,0.0,0.0,477.0
2022-08-15 14:10:00,4309.0,4309.0,4309.0,4309.0,0.0,0.0,477.0
2022-08-15 14:15:00,4309.0,4309.0,4309.0,4309.0,0.0,0.0,477.0
2022-08-15 14:20:00,4309.0,4309.0,4309.0,4309.0,0.0,0.0,477.0
2022-08-15 14:25:00,4309.0,4309.0,4309.0,4309.0,0.0,0.0,477.0
2022-08-15 14:30:00,4309.0,4309.0,4309.0,4309.0,0.0,0.0,477.0
2022-08-15 14:35:00,4339.0,4339.0,4339.0,4339.0,1.0,43390.0,478.0
2022-08-15 14:40:00,4339.0,4339.0,4339.0,4339.0,0.0,0.0,478.0
2022-08-15 14:45:00,4339.0,4339.0,4339.0,4339.0,0.0,0.0,478.0
2022-08-15 14:50:00,4339.0,4339.0,4339.0,4339.0,0.0,0.0,478.0
2022-08-15 14:55:00,4339.0,4339.0,4339.0,4339.0,0.0,0.0,478.0
2022-08-15 21:00:00,4339.0,4339.0,4203.0,4257.0,6.0,253810.0,483.0
2022-08-15 21:05:00,4216.0,4255.0,4211.0,4218.0,14.0,591060.0,492.0
2022-08-15 21:10:00,4212.0,4250.0,4203.0,4250.0,10.0,421240.0,502.0
2022-08-15 21:15:00,4249.0,4249.0,4238.0,4238.0,2.0,84870.0,502.0
2022-08-15 21:20:00,4238.0,4249.0,4238.0,4249.0,1.0,42490.0,502.0
2022-08-15 21:25:00,4249.0,4249.0,4249.0,4249.0,0.0,0.0,502.0
2022-08-15 21:30:00,4249.0,4249.0,4249.0,4249.0,0.0,0.0,502.0
2022-08-15 21:35:00,4249.0,4249.0,4249.0,4249.0,0.0,0.0,502.0
2022-08-15 21:40:00,4249.0,4249.0,4249.0,4249.0,0.0,0.0,502.0
2022-08-15 21:45:00,4249.0,4249.0,4249.0,4249.0,0.0,0.0,502.0
2022-08-15 21:50:00,4249.0,4249.0,4249.0,4249.0,0.0,0.0,502.0
2022-08-15 21:55:00,4249.0,4249.0,4249.0,4249.0,0.0,0.0,502.0
2022-08-15 22:00:00,4243.0,4243.0,4236.0,4236.0,8.0,339190.0,510.0
2022-08-15 22:05:00,4236.0,4236.0,4236.0,4236.0,0.0,0.0,510.0
2022-08-15 22:10:00,4236.0,4236.0,4236.0,4236.0,0.0,0.0,510.0
2022-08-15 22:15:00,4236.0,4236.0,4236.0,4236.0,0.0,0.0,510.0
2022-08-15 22:20:00,4236.0,4278.0,4236.0,4278.0,1.0,42780.0,510.0
2022-08-15 22:25:00,4278.0,4278.0,4278.0,4278.0,0.0,0.0,510.0
2022-08-15 22:30:00,4278.0,4278.0,4278.0,4278.0,0.0,0.0,510.0
2022-08-15 22:35:00,4278.0,4278.0,4278.0,4278.0,0.0,0.0,510.0
2022-08-15 22:40:00,4278.0,4278.0,4243.0,4243.0,1.0,42430.0,510.0
2022-08-15 22:45:00,4243.0,4243.0,4243.0,4243.0,0.0,0.0,510.0
2022-08-15 22:50:00,4243.0,4243.0,4243.0,4243.0,0.0,0.0,510.0
2022-08-15 22:55:00,4243.0,4243.0,4243.0,4243.0,0.0,0.0,510.0
2022-08-16 09:00:00,4243.0,4275.0,4243.0,4275.0,1.0,42750.0,509.0
2022-08-16 09:05:00,4275.0,4275.0,4275.0,4275.0,0.0,0.0,509.0
2022-08-16 09:10:00,4275.0,4275.0,4275.0,4275.0,0.0,0.0,509.0
2022-08-16 09:15:00,4275.0,4275.0,4237.0,4266.0,8.0,340230.0,515.0
2022-08-16 09:20:00,4237.0,4257.0,4231.0,4257.0,3.0,127250.0,515.0
2022-08-16 09:25:00,4240.0,4240.0,4240.0,4240.0,1.0,42400.0,516.0
2022-08-16 09:30:00,4240.0,4240.0,4240.0,4240.0,0.0,0.0,516.0
2022-08-16 09:35:00,4240.0,4243.0,4240.0,4243.0,1.0,42430.0,515.0
2022-08-16 09:40:00,4243.0,4243.0,4243.0,4243.0,0.0,0.0,515.0
2022-08-16 09:45:00,4243.0,4243.0,4243.0,4243.0,0.0,0.0,515.0
2022-08-16 09:50:00,4243.0,4243.0,4243.0,4243.0,0.0,0.0,515.0
2022-08-16 09:55:00,4243.0,4243.0,4230.0,4230.0,1.0,42300.0,516.0
2022-08-16 10:00:00,4230.0,4230.0,4230.0,4230.0,0.0,0.0,516.0
2022-08-16 10:05:00,4230.0,4230.0,4230.0,4230.0,1.0,42300.0,515.0
2022-08-16 10:10:00,4230.0,4230.0,4230.0,4230.0,0.0,0.0,515.0
2022-08-16 10:30:00,4230.0,4230.0,4230.0,4230.0,0.0,0.0,515.0
2022-08-16 10:35:00,4230.0,4230.0,4230.0,4230.0,0.0,0.0,515.0
2022-08-16 10:40:00,4230.0,4230.0,4230.0,4230.0,0.0,0.0,515.0
2022-08-16 10:45:00,4230.0,4230.0,4230.0,4230.0,0.0,0.0,515.0
2022-08-16 10:50:00,4230.0,4230.0,4230.0,4230.0,0.0,0.0,515.0
2022-08-16 10:55:00,4230.0,4230.0,4230.0,4230.0,0.0,0.0,515.0
2022-08-16 11:00:00,4230.0,4230.0,4230.0,4230.0,0.0,0.0,515.0
2022-08-16 11:05:00,4230.0,4230.0,4230.0,4230.0,0.0,0.0,515.0
2022-08-16 11:10:00,4230.0,4230.0,4230.0,4230.0,0.0,0.0,515.0
2022-08-16 11:15:00,4230.0,4256.0,4230.0,4256.0,1.0,42560.0,516.0
2022-08-16 11:20:00,4256.0,4256.0,4256.0,4256.0,0.0,0.0,516.0
2022-08-16 11:25:00,4256.0,4258.0,4216.0,4216.0,2.0,84740.0,517.0
2022-08-16 13:30:00,4210.0,4264.0,4206.0,4264.0,6.0,253070.0,520.0
2022-08-16 13:35:00,4204.0,4240.0,4196.0,4203.0,29.0,1219550.0,544.0
2022-08-16 13:40:00,4203.0,4203.0,4186.0,4186.0,5.0,209510.0,549.0
2022-08-16 13:45:00,4183.0,4183.0,4180.0,4180.0,5.0,209060.0,554.0
2022-08-16 13:50:00,4180.0,4180.0,4180.0,4180.0,0.0,0.0,554.0
2022-08-16 13:55:00,4180.0,4183.0,4180.0,4183.0,2.0,83650.0,555.0
2022-08-16 14:00:00,4183.0,4183.0,4171.0,4171.0,6.0,250610.0,561.0
2022-08-16 14:05:00,4171.0,4171.0,4171.0,4171.0,0.0,0.0,561.0
2022-08-16 14:10:00,4171.0,4171.0,4171.0,4171.0,0.0,0.0,561.0
2022-08-16 14:15:00,4171.0,4176.0,4171.0,4176.0,2.0,83520.0,563.0
2022-08-16 14:20:00,4176.0,4176.0,4176.0,4176.0,0.0,0.0,563.0
2022-08-16 14:25:00,4176.0,4176.0,4171.0,4171.0,6.0,250390.0,567.0
2022-08-16 14:30:00,4170.0,4170.0,4166.0,4166.0,10.0,416820.0,577.0
2022-08-16 14:35:00,4166.0,4166.0,4160.0,4160.0,5.0,208020.0,582.0
2022-08-16 14:40:00,4170.0,4176.0,4153.0,4176.0,14.0,582460.0,594.0
2022-08-16 14:45:00,4176.0,4176.0,4151.0,4151.0,10.0,415250.0,600.0
2022-08-16 14:50:00,4151.0,4158.0,4151.0,4158.0,1.0,41580.0,601.0
2022-08-16 14:55:00,4158.0,4165.0,4158.0,4165.0,2.0,83230.0,602.0
2022-08-16 21:00:00,4165.0,4188.0,4165.0,4188.0,1.0,41880.0,602.0
2022-08-16 21:05:00,4188.0,4188.0,4162.0,4162.0,3.0,125170.0,603.0
2022-08-16 21:10:00,4162.0,4162.0,4162.0,4162.0,0.0,0.0,603.0
2022-08-16 21:15:00,4162.0,4162.0,4158.0,4158.0,1.0,41580.0,604.0
2022-08-16 21:20:00,4151.0,4151.0,4150.0,4150.0,3.0,124510.0,607.0
2022-08-16 21:25:00,4150.0,4166.0,4150.0,4166.0,1.0,41660.0,607.0
2022-08-16 21:30:00,4166.0,4166.0,4166.0,4166.0,0.0,0.0,607.0
2022-08-16 21:35:00,4166.0,4166.0,4166.0,4166.0,0.0,0.0,607.0
2022-08-16 21:40:00,4166.0,4166.0,4166.0,4166.0,0.0,0.0,607.0
2022-08-16 21:45:00,4166.0,4166.0,4166.0,4166.0,0.0,0.0,607.0
2022-08-16 21:50:00,4166.0,4166.0,4152.0,4166.0,5.0,208050.0,612.0
2022-08-16 21:55:00,4166.0,4167.0,4143.0,4167.0,8.0,332250.0,618.0
2022-08-16 22:00:00,4142.0,4145.0,4142.0,4142.0,4.0,165710.0,622.0
2022-08-16 22:05:00,4142.0,4155.0,4142.0,4155.0,1.0,41550.0,622.0
2022-08-16 22:10:00,4155.0,4155.0,4152.0,4152.0,1.0,41520.0,623.0
2022-08-16 22:15:00,4152.0,4152.0,4152.0,4152.0,2.0,83040.0,625.0
2022-08-16 22:20:00,4177.0,4177.0,4177.0,4177.0,1.0,41770.0,625.0
2022-08-16 22:25:00,4153.0,4153.0,4146.0,4146.0,2.0,82990.0,626.0
2022-08-16 22:30:00,4146.0,4146.0,4146.0,4146.0,0.0,0.0,626.0
2022-08-16 22:35:00,4146.0,4146.0,4140.0,4140.0,6.0,248510.0,632.0
2022-08-16 22:40:00,4140.0,4140.0,4140.0,4140.0,5.0,207000.0,637.0
2022-08-16 22:45:00,4140.0,4140.0,4140.0,4140.0,0.0,0.0,637.0
2022-08-16 22:50:00,4140.0,4140.0,4140.0,4140.0,0.0,0.0,637.0
2022-08-16 22:55:00,4140.0,4140.0,4135.0,4135.0,1.0,41350.0,638.0
2022-08-17 09:00:00,4130.0,4130.0,4130.0,4130.0,2.0,82600.0,640.0
2022-08-17 09:05:00,4130.0,4156.0,4127.0,4127.0,4.0,165400.0,643.0
2022-08-17 09:10:00,4127.0,4140.0,4123.0,4123.0,7.0,289160.0,649.0
2022-08-17 09:15:00,4121.0,4121.0,4110.0,4116.0,10.0,411810.0,657.0
2022-08-17 09:20:00,4116.0,4116.0,4116.0,4116.0,1.0,41160.0,658.0
2022-08-17 09:25:00,4116.0,4116.0,4115.0,4115.0,1.0,41150.0,659.0
2022-08-17 09:30:00,4115.0,4115.0,4115.0,4115.0,0.0,0.0,659.0
2022-08-17 09:35:00,4115.0,4115.0,4115.0,4115.0,0.0,0.0,659.0
2022-08-17 09:40:00,4115.0,4115.0,4115.0,4115.0,0.0,0.0,659.0
2022-08-17 09:45:00,4115.0,4115.0,4115.0,4115.0,0.0,0.0,659.0
2022-08-17 09:50:00,4115.0,4135.0,4115.0,4117.0,5.0,205980.0,662.0
2022-08-17 09:55:00,4117.0,4118.0,4115.0,4115.0,3.0,123480.0,665.0
2022-08-17 10:00:00,4108.0,4120.0,4107.0,4116.0,6.0,246660.0,669.0
2022-08-17 10:05:00,4118.0,4118.0,4107.0,4107.0,5.0,205520.0,671.0
2022-08-17 10:10:00,4106.0,4106.0,4099.0,4099.0,15.0,615170.0,683.0
2022-08-17 10:30:00,4090.0,4090.0,4090.0,4090.0,1.0,40900.0,684.0
2022-08-17 10:35:00,4090.0,4090.0,4090.0,4090.0,0.0,0.0,684.0
2022-08-17 10:40:00,4110.0,4110.0,4094.0,4108.0,7.0,287170.0,685.0
2022-08-17 10:45:00,4108.0,4108.0,4108.0,4108.0,0.0,0.0,685.0
2022-08-17 10:50:00,4116.0,4116.0,4112.0,4112.0,2.0,82280.0,686.0
2022-08-17 10:55:00,4112.0,4112.0,4112.0,4112.0,0.0,0.0,686.0
2022-08-17 11:00:00,4112.0,4115.0,4112.0,4115.0,1.0,41150.0,685.0
2022-08-17 11:05:00,4115.0,4124.0,4115.0,4124.0,2.0,82480.0,684.0
2022-08-17 11:10:00,4124.0,4124.0,4124.0,4124.0,0.0,0.0,684.0
2022-08-17 11:15:00,4124.0,4124.0,4110.0,4110.0,1.0,41100.0,685.0
2022-08-17 11:20:00,4110.0,4110.0,4110.0,4110.0,0.0,0.0,685.0
2022-08-17 11:25:00,4110.0,4110.0,4110.0,4110.0,0.0,0.0,685.0
2022-08-17 13:30:00,4110.0,4110.0,4110.0,4110.0,0.0,0.0,685.0
2022-08-17 13:35:00,4135.0,4145.0,4135.0,4145.0,2.0,82800.0,683.0
2022-08-17 13:40:00,4145.0,4145.0,4145.0,4145.0,0.0,0.0,683.0
2022-08-17 13:45:00,4145.0,4145.0,4145.0,4145.0,0.0,0.0,683.0
2022-08-17 13:50:00,4145.0,4145.0,4145.0,4145.0,0.0,0.0,683.0
2022-08-17 13:55:00,4145.0,4145.0,4145.0,4145.0,0.0,0.0,683.0
2022-08-17 14:00:00,4145.0,4159.0,4145.0,4159.0,3.0,124760.0,680.0
2022-08-17 14:05:00,4159.0,4159.0,4140.0,4140.0,1.0,41400.0,680.0
2022-08-17 14:10:00,4140.0,4140.0,4140.0,4140.0,0.0,0.0,680.0
2022-08-17 14:15:00,4140.0,4140.0,4140.0,4140.0,0.0,0.0,680.0
2022-08-17 14:20:00,4140.0,4140.0,4140.0,4140.0,0.0,0.0,680.0
2022-08-17 14:25:00,4140.0,4140.0,4133.0,4133.0,1.0,41330.0,680.0
2022-08-17 14:30:00,4133.0,4133.0,4132.0,4132.0,5.0,206600.0,680.0
2022-08-17 14:35:00,4132.0,4132.0,4132.0,4132.0,0.0,0.0,680.0
2022-08-17 14:40:00,4132.0,4132.0,4132.0,4132.0,0.0,0.0,680.0
2022-08-17 14:45:00,4132.0,4132.0,4132.0,4132.0,0.0,0.0,680.0
2022-08-17 14:50:00,4132.0,4132.0,4132.0,4132.0,0.0,0.0,680.0
2022-08-17 14:55:00,4132.0,4132.0,4106.0,4106.0,4.0,164550.0,683.0
2022-08-17 21:00:00,4129.0,4129.0,4129.0,4129.0,1000.0,41290000.0,1683.0
2022-08-17 21:05:00,4129.0,4142.0,4110.0,4118.0,7.0,288480.0,1678.0
2022-08-17 21:10:00,4142.0,4142.0,4142.0,4142.0,1.0,41420.0,1677.0
2022-08-17 21:15:00,4142.0,4142.0,4139.0,4142.0,4.0,165650.0,1676.0
2022-08-17 21:20:00,4142.0,4142.0,4137.0,4137.0,1.0,41370.0,1677.0
2022-08-17 21:25:00,4137.0,4137.0,4137.0,4137.0,0.0,0.0,1677.0
2022-08-17 21:30:00,4137.0,4137.0,4137.0,4137.0,0.0,0.0,1677.0
2022-08-17 21:35:00,4137.0,4137.0,4137.0,4137.0,0.0,0.0,1677.0
2022-08-17 21:40:00,4137.0,4137.0,4134.0,4134.0,1.0,41340.0,1677.0
2022-08-17 21:45:00,4134.0,4134.0,4134.0,4134.0,0.0,0.0,1677.0
2022-08-17 21:50:00,4134.0,4134.0,4134.0,4134.0,0.0,0.0,1677.0
2022-08-17 21:55:00,4134.0,4134.0,4134.0,4134.0,0.0,0.0,1677.0
2022-08-17 22:00:00,4134.0,4134.0,4134.0,4134.0,0.0,0.0,1677.0
2022-08-17 22:05:00,4134.0,4134.0,4134.0,4134.0,0.0,0.0,1677.0
2022-08-17 22:10:00,4134.0,4134.0,4134.0,4134.0,0.0,0.0,1677.0
2022-08-17 22:15:00,4134.0,4140.0,4134.0,4140.0,1.0,41400.0,1676.0
2022-08-17 22:20:00,4140.0,4140.0,4140.0,4140.0,0.0,0.0,1676.0
2022-08-17 22:25:00,4140.0,4140.0,4140.0,4140.0,0.0,0.0,1676.0
2022-08-17 22:30:00,4145.0,4148.0,4145.0,4148.0,2.0,82930.0,1675.0
2022-08-17 22:35:00,4148.0,4148.0,4148.0,4148.0,0.0,0.0,1675.0
2022-08-17 22:40:00,4148.0,4148.0,4148.0,4148.0,0.0,0.0,1675.0
2022-08-17 22:45:00,4148.0,4148.0,4148.0,4148.0,0.0,0.0,1675.0
2022-08-17 22:50:00,4148.0,4148.0,4148.0,4148.0,0.0,0.0,1675.0
2022-08-17 22:55:00,4131.0,4131.0,4131.0,4131.0,1.0,41310.0,1675.0
2022-08-18 09:00:00,4131.0,4131.0,4131.0,4131.0,0.0,0.0,1675.0
2022-08-18 09:05:00,4131.0,4131.0,4131.0,4131.0,0.0,0.0,1675.0
2022-08-18 09:10:00,4131.0,4131.0,4131.0,4131.0,0.0,0.0,1675.0
2022-08-18 09:15:00,4131.0,4131.0,4131.0,4131.0,0.0,0.0,1675.0
2022-08-18 09:20:00,4125.0,4125.0,4125.0,4125.0,1.0,41250.0,1676.0
2022-08-18 09:25:00,4125.0,4125.0,4125.0,4125.0,0.0,0.0,1676.0
2022-08-18 09:30:00,4125.0,4125.0,4125.0,4125.0,0.0,0.0,1676.0
2022-08-18 09:35:00,4125.0,4125.0,4125.0,4125.0,0.0,0.0,1676.0
2022-08-18 09:40:00,4130.0,4130.0,4130.0,4130.0,1.0,41300.0,1675.0
2022-08-18 09:45:00,4130.0,4130.0,4130.0,4130.0,0.0,0.0,1675.0
2022-08-18 09:50:00,4130.0,4130.0,4130.0,4130.0,0.0,0.0,1675.0
2022-08-18 09:55:00,4130.0,4130.0,4112.0,4112.0,2.0,82300.0,1676.0
2022-08-18 10:00:00,4110.0,4120.0,4103.0,4120.0,6.0,246610.0,1679.0
2022-08-18 10:05:00,4120.0,4120.0,4102.0,4102.0,2.0,82040.0,1681.0
2022-08-18 10:10:00,4102.0,4102.0,4102.0,4102.0,0.0,0.0,1681.0
2022-08-18 10:30:00,4102.0,4102.0,4102.0,4102.0,1.0,41020.0,1681.0
2022-08-18 10:35:00,4102.0,4102.0,4102.0,4102.0,0.0,0.0,1681.0
2022-08-18 10:40:00,4102.0,4102.0,4100.0,4102.0,5.0,205070.0,1686.0
2022-08-18 10:45:00,4102.0,4102.0,4102.0,4102.0,0.0,0.0,1686.0
2022-08-18 10:50:00,4102.0,4110.0,4102.0,4110.0,1.0,41100.0,1686.0
2022-08-18 10:55:00,4110.0,4110.0,4110.0,4110.0,0.0,0.0,1686.0
2022-08-18 11:00:00,4095.0,4105.0,4090.0,4103.0,11.0,450580.0,1695.0
2022-08-18 11:05:00,4103.0,4103.0,4103.0,4103.0,0.0,0.0,1695.0
2022-08-18 11:10:00,4083.0,4097.0,4082.0,4097.0,18.0,735070.0,1709.0
2022-08-18 11:15:00,4105.0,4105.0,4081.0,4098.0,6.0,245480.0,1709.0
2022-08-18 11:20:00,4098.0,4100.0,4098.0,4100.0,1.0,41000.0,1708.0
2022-08-18 11:25:00,4100.0,4100.0,4081.0,4083.0,5.0,204070.0,1713.0
2022-08-18 13:30:00,4096.0,4100.0,4096.0,4100.0,3.0,122960.0,1715.0
2022-08-18 13:35:00,4100.0,4100.0,4100.0,4100.0,0.0,0.0,1715.0
2022-08-18 13:40:00,4100.0,4100.0,4084.0,4084.0,1.0,40840.0,1716.0
2022-08-18 13:45:00,4081.0,4081.0,4081.0,4081.0,1.0,40810.0,1717.0
2022-08-18 13:50:00,4070.0,4070.0,4068.0,4068.0,4.0,162740.0,1721.0
2022-08-18 13:55:00,4068.0,4092.0,4068.0,4092.0,1.0,40920.0,1721.0
2022-08-18 14:00:00,4092.0,4092.0,4084.0,4084.0,1.0,40840.0,1721.0
2022-08-18 14:05:00,4084.0,4084.0,4070.0,4075.0,8.0,326090.0,1719.0
2022-08-18 14:10:00,4075.0,4075.0,4070.0,4072.0,48.0,1954100.0,1721.0
2022-08-18 14:15:00,4070.0,4075.0,4070.0,4075.0,35.0,1424990.0,1714.0
2022-08-18 14:20:00,4075.0,4075.0,4061.0,4061.0,7.0,284510.0,1719.0
2022-08-18 14:25:00,4061.0,4061.0,4055.0,4059.0,12.0,487210.0,1729.0
2022-08-18 14:30:00,4059.0,4063.0,4055.0,4055.0,7.0,284050.0,1731.0
2022-08-18 14:35:00,4050.0,4050.0,4050.0,4050.0,7.0,283500.0,1737.0
2022-08-18 14:40:00,4050.0,4067.0,4041.0,4041.0,7.0,283440.0,1743.0
2022-08-18 14:45:00,4038.0,4049.0,4024.0,4026.0,11.0,443490.0,1752.0
2022-08-18 14:50:00,4041.0,4044.0,4041.0,4044.0,2.0,80850.0,1754.0
2022-08-18 14:55:00,4044.0,4044.0,4044.0,4044.0,0.0,0.0,1754.0
2022-08-18 21:00:00,4001.0,4079.0,4001.0,4032.0,24.0,970020.0,1770.0
2022-08-18 21:05:00,4032.0,4032.0,4030.0,4030.0,1.0,40300.0,1771.0
2022-08-18 21:10:00,4030.0,4030.0,4029.0,4030.0,3.0,120880.0,1773.0
2022-08-18 21:15:00,4030.0,4030.0,4006.0,4006.0,4.0,160390.0,1773.0
2022-08-18 21:20:00,4006.0,4006.0,4006.0,4006.0,0.0,0.0,1773.0
2022-08-18 21:25:00,4006.0,4036.0,4006.0,4036.0,1.0,40360.0,1773.0
2022-08-18 21:30:00,4036.0,4036.0,4034.0,4035.0,2.0,80690.0,1774.0
2022-08-18 21:35:00,4035.0,4035.0,4035.0,4035.0,1.0,40350.0,1775.0
2022-08-18 21:40:00,4035.0,4035.0,4028.0,4028.0,1.0,40280.0,1775.0
2022-08-18 21:45:00,4028.0,4030.0,4021.0,4021.0,7.0,281500.0,1779.0
2022-08-18 21:50:00,4021.0,4021.0,4021.0,4021.0,0.0,0.0,1779.0
2022-08-18 21:55:00,4021.0,4021.0,4015.0,4015.0,1.0,40150.0,1779.0
2022-08-18 22:00:00,4015.0,4015.0,4015.0,4015.0,0.0,0.0,1779.0
2022-08-18 22:05:00,4015.0,4015.0,4015.0,4015.0,0.0,0.0,1779.0
2022-08-18 22:10:00,4033.0,4038.0,4033.0,4038.0,2.0,80710.0,1779.0
2022-08-18 22:15:00,4038.0,4038.0,4038.0,4038.0,0.0,0.0,1779.0
2022-08-18 22:20:00,4038.0,4038.0,4038.0,4038.0,0.0,0.0,1779.0
2022-08-18 22:25:00,4058.0,4058.0,4058.0,4058.0,1.0,40580.0,1779.0
2022-08-18 22:30:00,4060.0,4060.0,4060.0,4060.0,2.0,81200.0,1779.0
2022-08-18 22:35:00,4060.0,4060.0,4060.0,4060.0,0.0,0.0,1779.0
2022-08-18 22:40:00,4060.0,4060.0,4060.0,4060.0,0.0,0.0,1779.0
2022-08-18 22:45:00,4060.0,4060.0,4060.0,4060.0,0.0,0.0,1779.0
2022-08-18 22:50:00,4060.0,4060.0,4056.0,4056.0,1.0,40560.0,1779.0
2022-08-18 22:55:00,4056.0,4056.0,4056.0,4056.0,0.0,0.0,1779.0
2022-08-19 09:00:00,4060.0,4060.0,4059.0,4059.0,2.0,81190.0,1781.0
2022-08-19 09:05:00,4059.0,4059.0,4058.0,4058.0,4.0,162340.0,1782.0
2022-08-19 09:10:00,4046.0,4046.0,4042.0,4042.0,3.0,121340.0,1785.0
2022-08-19 09:15:00,4042.0,4044.0,4042.0,4044.0,1.0,40440.0,1785.0
2022-08-19 09:20:00,4059.0,4059.0,4059.0,4059.0,1.0,40590.0,1785.0
2022-08-19 09:25:00,4059.0,4059.0,4059.0,4059.0,0.0,0.0,1785.0
2022-08-19 09:30:00,4059.0,4059.0,4028.0,4028.0,1.0,40280.0,1786.0
2022-08-19 09:35:00,4028.0,4028.0,4023.0,4023.0,2.0,80460.0,1788.0
2022-08-19 09:40:00,4023.0,4034.0,4022.0,4034.0,3.0,120900.0,1789.0
2022-08-19 09:45:00,4042.0,4047.0,4042.0,4047.0,9.0,363970.0,1795.0
2022-08-19 09:50:00,4047.0,4047.0,4023.0,4023.0,4.0,160950.0,1796.0
2022-08-19 09:55:00,4023.0,4025.0,4023.0,4024.0,10.0,402490.0,1806.0
2022-08-19 10:00:00,4024.0,4024.0,4024.0,4024.0,0.0,0.0,1806.0
2022-08-19 10:05:00,4024.0,4024.0,4024.0,4024.0,0.0,0.0,1806.0
2022-08-19 10:10:00,4024.0,4024.0,4024.0,4024.0,0.0,0.0,1806.0
2022-08-19 10:30:00,4024.0,4024.0,4024.0,4024.0,0.0,0.0,1806.0
2022-08-19 10:35:00,4039.0,4039.0,4032.0,4032.0,2.0,80710.0,1807.0
2022-08-19 10:40:00,4032.0,4032.0,4032.0,4032.0,0.0,0.0,1807.0
2022-08-19 10:45:00,4032.0,4032.0,4032.0,4032.0,0.0,0.0,1807.0
2022-08-19 10:50:00,4032.0,4032.0,4032.0,4032.0,0.0,0.0,1807.0
2022-08-19 10:55:00,4032.0,4048.0,4032.0,4048.0,3.0,121400.0,1809.0
2022-08-19 11:00:00,4051.0,4051.0,4049.0,4049.0,7.0,283550.0,1814.0
2022-08-19 11:05:00,4049.0,4049.0,4049.0,4049.0,1.0,40490.0,1815.0
2022-08-19 11:10:00,4049.0,4049.0,4049.0,4049.0,0.0,0.0,1815.0
2022-08-19 11:15:00,4058.0,4058.0,4058.0,4058.0,1.0,40580.0,1816.0
2022-08-19 11:20:00,4058.0,4058.0,4058.0,4058.0,0.0,0.0,1816.0
2022-08-19 11:25:00,4058.0,4058.0,4050.0,4050.0,1.0,40500.0,1815.0
2022-08-19 13:30:00,4050.0,4050.0,4050.0,4050.0,0.0,0.0,1815.0
2022-08-19 13:35:00,4050.0,4050.0,4026.0,4026.0,7.0,282100.0,1820.0
2022-08-19 13:40:00,4026.0,4036.0,4012.0,4036.0,12.0,481820.0,1817.0
2022-08-19 13:45:00,4014.0,4014.0,4014.0,4014.0,1.0,40140.0,1818.0
2022-08-19 13:50:00,4014.0,4044.0,4014.0,4044.0,1.0,40440.0,1818.0
2022-08-19 13:55:00,4044.0,4044.0,4044.0,4044.0,0.0,0.0,1818.0
2022-08-19 14:00:00,4044.0,4044.0,4044.0,4044.0,0.0,0.0,1818.0
2022-08-19 14:05:00,4044.0,4044.0,4044.0,4044.0,0.0,0.0,1818.0
2022-08-19 14:10:00,4044.0,4044.0,4044.0,4044.0,0.0,0.0,1818.0
2022-08-19 14:15:00,4044.0,4044.0,4037.0,4037.0,1.0,40370.0,1818.0
2022-08-19 14:20:00,4037.0,4037.0,4037.0,4037.0,0.0,0.0,1818.0
2022-08-19 14:25:00,4037.0,4037.0,4037.0,4037.0,0.0,0.0,1818.0
2022-08-19 14:30:00,4037.0,4037.0,4037.0,4037.0,0.0,0.0,1818.0
2022-08-19 14:35:00,4037.0,4044.0,4037.0,4044.0,1.0,40440.0,1819.0
2022-08-19 14:40:00,4044.0,4044.0,4044.0,4044.0,0.0,0.0,1819.0
2022-08-19 14:45:00,4044.0,4044.0,4044.0,4044.0,2.0,80880.0,1818.0
2022-08-19 14:50:00,4044.0,4044.0,4044.0,4044.0,1.0,40440.0,1818.0
2022-08-19 14:55:00,4044.0,4044.0,4044.0,4044.0,0.0,0.0,1818.0
2022-08-19 21:00:00,4062.0,4062.0,4062.0,4062.0,1.0,40620.0,1818.0
2022-08-19 21:05:00,4062.0,4062.0,4062.0,4062.0,0.0,0.0,1818.0
2022-08-19 21:10:00,4074.0,4074.0,4074.0,4074.0,23.0,937020.0,1838.0
2022-08-19 21:15:00,4074.0,4074.0,4053.0,4053.0,1.0,40530.0,1838.0
2022-08-19 21:20:00,4053.0,4053.0,4053.0,4053.0,0.0,0.0,1838.0
2022-08-19 21:25:00,4042.0,4082.0,4042.0,4082.0,3.0,122020.0,1839.0
2022-08-19 21:30:00,4082.0,4082.0,4066.0,4066.0,1.0,40660.0,1840.0
2022-08-19 21:35:00,4079.0,4079.0,4079.0,4079.0,1.0,40790.0,1840.0
2022-08-19 21:40:00,4079.0,4079.0,4079.0,4079.0,0.0,0.0,1840.0
2022-08-19 21:45:00,4081.0,4083.0,4073.0,4073.0,4.0,163200.0,1839.0
2022-08-19 21:50:00,4073.0,4073.0,4073.0,4073.0,0.0,0.0,1839.0
2022-08-19 21:55:00,4073.0,4077.0,4073.0,4077.0,1.0,40770.0,1838.0
2022-08-19 22:00:00,4077.0,4085.0,4077.0,4085.0,3.0,122550.0,1838.0
2022-08-19 22:05:00,4085.0,4085.0,4070.0,4070.0,6.0,244950.0,1839.0
2022-08-19 22:10:00,4070.0,4070.0,4070.0,4070.0,0.0,0.0,1839.0
2022-08-19 22:15:00,4070.0,4094.0,4070.0,4094.0,1.0,40940.0,1840.0
2022-08-19 22:20:00,4094.0,4099.0,4094.0,4099.0,2.0,81970.0,1840.0
2022-08-19 22:25:00,4099.0,4099.0,4099.0,4099.0,0.0,0.0,1840.0
2022-08-19 22:30:00,4090.0,4108.0,4090.0,4108.0,6.0,245760.0,1840.0
2022-08-19 22:35:00,4108.0,4108.0,4107.0,4107.0,1.0,41070.0,1840.0
2022-08-19 22:40:00,4107.0,4107.0,4107.0,4107.0,0.0,0.0,1840.0
2022-08-19 22:45:00,4107.0,4107.0,4080.0,4080.0,1.0,40800.0,1839.0
2022-08-19 22:50:00,4107.0,4107.0,4081.0,4081.0,8.0,327000.0,1832.0
2022-08-19 22:55:00,4081.0,4106.0,4081.0,4106.0,1.0,41060.0,1832.0
2022-08-22 09:00:00,4106.0,4106.0,4083.0,4083.0,2.0,81660.0,1832.0
2022-08-22 09:05:00,4083.0,4095.0,4083.0,4095.0,3.0,122610.0,1832.0
2022-08-22 09:10:00,4095.0,4106.0,4095.0,4106.0,1.0,41060.0,1833.0
2022-08-22 09:15:00,4088.0,4088.0,4088.0,4088.0,1.0,40880.0,1832.0
2022-08-22 09:20:00,4088.0,4088.0,4088.0,4088.0,0.0,0.0,1832.0
2022-08-22 09:25:00,4088.0,4106.0,4086.0,4088.0,34.0,1390050.0,1865.0
2022-08-22 09:30:00,4088.0,4099.0,4084.0,4086.0,11.0,449730.0,1872.0
2022-08-22 09:35:00,4086.0,4100.0,4086.0,4100.0,17.0,695250.0,1875.0
2022-08-22 09:40:00,4094.0,4112.0,4092.0,4112.0,34.0,1394280.0,1874.0
2022-08-22 09:45:00,4112.0,4120.0,4110.0,4120.0,25.0,1028570.0,1870.0
2022-08-22 09:50:00,4127.0,4131.0,4118.0,4118.0,13.0,535750.0,1878.0
2022-08-22 09:55:00,4124.0,4124.0,4117.0,4117.0,16.0,659210.0,1883.0
2022-08-22 10:00:00,4118.0,4126.0,4114.0,4123.0,18.0,741610.0,1887.0
2022-08-22 10:05:00,4119.0,4121.0,4118.0,4118.0,7.0,288360.0,1892.0
2022-08-22 10:10:00,4118.0,4118.0,4118.0,4118.0,0.0,0.0,1892.0
2022-08-22 10:30:00,4118.0,4129.0,4118.0,4129.0,2.0,82570.0,1890.0
2022-08-22 10:35:00,4129.0,4130.0,4112.0,4112.0,10.0,411710.0,1893.0
2022-08-22 10:40:00,4112.0,4120.0,4103.0,4117.0,18.0,740000.0,1894.0
2022-08-22 10:45:00,4117.0,4126.0,4114.0,4125.0,55.0,2264600.0,1902.0
2022-08-22 10:50:00,4126.0,4126.0,4109.0,4116.0,91.0,3744330.0,1896.0
2022-08-22 10:55:00,4120.0,4123.0,4112.0,4123.0,130.0,5352700.0,1902.0
2022-08-22 11:00:00,4115.0,4122.0,4109.0,4111.0,115.0,4731890.0,1896.0
2022-08-22 11:05:00,4116.0,4117.0,4111.0,4112.0,51.0,2097650.0,1898.0
2022-08-22 11:10:00,4114.0,4117.0,4107.0,4117.0,79.0,3246570.0,1896.0
2022-08-22 11:15:00,4113.0,4117.0,4110.0,4110.0,29.0,1192770.0,1898.0
2022-08-22 11:20:00,4110.0,4117.0,4106.0,4117.0,21.0,863510.0,1898.0
2022-08-22 11:25:00,4114.0,4114.0,4113.0,4113.0,5.0,205670.0,1898.0
2022-08-22 13:30:00,4113.0,4113.0,4105.0,4110.0,9.0,369740.0,1899.0
2022-08-22 13:35:00,4109.0,4109.0,4100.0,4100.0,45.0,1846720.0,1925.0
2022-08-22 13:40:00,4100.0,4100.0,4089.0,4089.0,10.0,409740.0,1924.0
2022-08-22 13:45:00,4096.0,4111.0,4096.0,4096.0,9.0,368910.0,1924.0
2022-08-22 13:50:00,4096.0,4104.0,4096.0,4101.0,4.0,164030.0,1924.0
2022-08-22 13:55:00,4106.0,4106.0,4098.0,4098.0,7.0,287180.0,1928.0
2022-08-22 14:00:00,4096.0,4097.0,4090.0,4097.0,16.0,655180.0,1939.0
2022-08-22 14:05:00,4097.0,4097.0,4084.0,4091.0,11.0,450230.0,1945.0
2022-08-22 14:10:00,4094.0,4095.0,4094.0,4095.0,22.0,900870.0,1961.0
2022-08-22 14:15:00,4095.0,4096.0,4095.0,4095.0,10.0,409550.0,1964.0
2022-08-22 14:20:00,4096.0,4105.0,4094.0,4094.0,5.0,204870.0,1966.0
2022-08-22 14:25:00,4093.0,4093.0,4093.0,4093.0,1.0,40930.0,1966.0
2022-08-22 14:30:00,4097.0,4097.0,4089.0,4089.0,18.0,736610.0,1977.0
2022-08-22 14:35:00,4089.0,4094.0,4089.0,4091.0,6.0,245530.0,1977.0
2022-08-22 14:40:00,4099.0,4099.0,4092.0,4095.0,7.0,286680.0,1978.0
2022-08-22 14:45:00,4093.0,4100.0,4093.0,4100.0,2.0,81930.0,1978.0
2022-08-22 14:50:00,4100.0,4113.0,4099.0,4099.0,6.0,246530.0,1978.0
2022-08-22 14:55:00,4095.0,4108.0,4095.0,4097.0,7.0,286820.0,1980.0
2022-08-22 21:00:00,4097.0,4097.0,4097.0,4097.0,0.0,0.0,1980.0
2022-08-22 21:05:00,4100.0,4100.0,4100.0,4100.0,1.0,41000.0,1980.0
2022-08-22 21:10:00,4100.0,4121.0,4100.0,4121.0,6.0,247200.0,1979.0
2022-08-22 21:15:00,4121.0,4121.0,4114.0,4114.0,1.0,41140.0,1979.0
2022-08-22 21:20:00,4114.0,4114.0,4105.0,4105.0,1.0,41050.0,1979.0
2022-08-22 21:25:00,4105.0,4105.0,4105.0,4105.0,0.0,0.0,1979.0
2022-08-22 21:30:00,4105.0,4105.0,4105.0,4105.0,0.0,0.0,1979.0
2022-08-22 21:35:00,4105.0,4107.0,4100.0,4100.0,12.0,492130.0,1989.0
2022-08-22 21:40:00,4100.0,4102.0,4091.0,4102.0,3.0,122940.0,1990.0
2022-08-22 21:45:00,4102.0,4102.0,4102.0,4102.0,1.0,41020.0,1990.0
2022-08-22 21:50:00,4102.0,4102.0,4097.0,4097.0,3.0,122940.0,1992.0
2022-08-22 21:55:00,4097.0,4097.0,4097.0,4097.0,0.0,0.0,1992.0
2022-08-22 22:00:00,4092.0,4092.0,4090.0,4090.0,2.0,81820.0,1992.0
2022-08-22 22:05:00,4091.0,4091.0,4091.0,4091.0,2.0,81820.0,1992.0
2022-08-22 22:10:00,4091.0,4097.0,4088.0,4097.0,4.0,163700.0,1992.0
2022-08-22 22:15:00,4092.0,4105.0,4092.0,4105.0,6.0,245990.0,1989.0
2022-08-22 22:20:00,4105.0,4105.0,4105.0,4105.0,0.0,0.0,1989.0
2022-08-22 22:25:00,4105.0,4106.0,4105.0,4106.0,1.0,41060.0,1989.0
2022-08-22 22:30:00,4107.0,4108.0,4103.0,4103.0,4.0,164220.0,1988.0
2022-08-22 22:35:00,4103.0,4114.0,4103.0,4108.0,4.0,164440.0,1988.0
2022-08-22 22:40:00,4115.0,4115.0,4115.0,4115.0,1.0,41150.0,1987.0
2022-08-22 22:45:00,4109.0,4109.0,4107.0,4107.0,3.0,123230.0,1989.0
2022-08-22 22:50:00,4107.0,4107.0,4100.0,4100.0,1.0,41000.0,1989.0
2022-08-22 22:55:00,4100.0,4100.0,4100.0,4100.0,0.0,0.0,1989.0
2022-08-23 09:00:00,4121.0,4144.0,4121.0,4122.0,25.0,1033390.0,1983.0
2022-08-23 09:05:00,4135.0,4141.0,4126.0,4141.0,10.0,413270.0,1985.0
2022-08-23 09:10:00,4129.0,4140.0,4128.0,4140.0,4.0,165250.0,1985.0
2022-08-23 09:15:00,4140.0,4140.0,4123.0,4123.0,11.0,453550.0,1995.0
2022-08-23 09:20:00,4123.0,4123.0,4123.0,4123.0,0.0,0.0,1995.0
2022-08-23 09:25:00,4123.0,4123.0,4121.0,4123.0,4.0,164900.0,1999.0
2022-08-23 09:30:00,4123.0,4138.0,4123.0,4138.0,2.0,82610.0,2001.0
2022-08-23 09:35:00,4135.0,4139.0,4135.0,4139.0,11.0,455250.0,2008.0
2022-08-23 09:40:00,4133.0,4142.0,4133.0,4142.0,26.0,1075160.0,2025.0
2022-08-23 09:45:00,4142.0,4142.0,4141.0,4141.0,2.0,82820.0,2025.0
2022-08-23 09:50:00,4141.0,4141.0,4141.0,4141.0,0.0,0.0,2025.0
2022-08-23 09:55:00,4141.0,4152.0,4141.0,4152.0,1.0,41520.0,2025.0
2022-08-23 10:00:00,4152.0,4152.0,4146.0,4146.0,1.0,41460.0,2025.0
2022-08-23 10:05:00,4146.0,4146.0,4141.0,4141.0,1.0,41410.0,2026.0
2022-08-23 10:10:00,4141.0,4141.0,4141.0,4141.0,0.0,0.0,2026.0
2022-08-23 10:30:00,4141.0,4141.0,4141.0,4141.0,0.0,0.0,2026.0
2022-08-23 10:35:00,4141.0,4141.0,4141.0,4141.0,0.0,0.0,2026.0
2022-08-23 10:40:00,4141.0,4141.0,4132.0,4132.0,6.0,247940.0,2030.0
2022-08-23 10:45:00,4132.0,4132.0,4132.0,4132.0,0.0,0.0,2030.0
2022-08-23 10:50:00,4132.0,4132.0,4132.0,4132.0,0.0,0.0,2030.0
2022-08-23 10:55:00,4132.0,4132.0,4124.0,4124.0,1.0,41240.0,2030.0
2022-08-23 11:00:00,4134.0,4134.0,4124.0,4130.0,17.0,702440.0,2037.0
2022-08-23 11:05:00,4130.0,4130.0,4130.0,4130.0,0.0,0.0,2037.0
2022-08-23 11:10:00,4130.0,4134.0,4130.0,4134.0,1.0,41340.0,2037.0
2022-08-23 11:15:00,4134.0,4153.0,4134.0,4153.0,2.0,83010.0,2038.0
2022-08-23 11:20:00,4153.0,4153.0,4146.0,4153.0,2.0,82990.0,2039.0
2022-08-23 11:25:00,4153.0,4153.0,4143.0,4143.0,2.0,82860.0,2039.0
2022-08-23 13:30:00,4152.0,4152.0,4152.0,4152.0,1.0,41520.0,2040.0
2022-08-23 13:35:00,4154.0,4154.0,4150.0,4150.0,5.0,207540.0,2041.0
2022-08-23 13:40:00,4144.0,4147.0,4134.0,4134.0,33.0,1367470.0,2067.0
2022-08-23 13:45:00,4134.0,4134.0,4134.0,4134.0,0.0,0.0,2067.0
2022-08-23 13:50:00,4134.0,4134.0,4134.0,4134.0,0.0,0.0,2067.0
2022-08-23 13:55:00,4134.0,4134.0,4134.0,4134.0,0.0,0.0,2067.0
2022-08-23 14:00:00,4134.0,4141.0,4134.0,4141.0,1.0,41410.0,2068.0
2022-08-23 14:05:00,4141.0,4144.0,4141.0,4144.0,3.0,124260.0,2067.0
2022-08-23 14:10:00,4154.0,4154.0,4154.0,4154.0,1.0,41540.0,2068.0
2022-08-23 14:15:00,4154.0,4155.0,4154.0,4155.0,4.0,166200.0,2070.0
2022-08-23 14:20:00,4155.0,4155.0,4155.0,4155.0,0.0,0.0,2070.0
2022-08-23 14:25:00,4155.0,4155.0,4155.0,4155.0,0.0,0.0,2070.0
2022-08-23 14:30:00,4155.0,4155.0,4145.0,4145.0,2.0,82900.0,2072.0
2022-08-23 14:35:00,4137.0,4137.0,4137.0,4137.0,2.0,82740.0,2071.0
2022-08-23 14:40:00,4149.0,4150.0,4140.0,4140.0,35.0,1449670.0,2072.0
2022-08-23 14:45:00,4140.0,4165.0,4140.0,4165.0,4.0,166310.0,2070.0
2022-08-23 14:50:00,4165.0,4165.0,4156.0,4159.0,9.0,374270.0,2070.0
2022-08-23 14:55:00,4159.0,4167.0,4159.0,4160.0,6.0,249950.0,2071.0
2022-08-23 21:00:00,4150.0,4200.0,4150.0,4173.0,54.0,2258290.0,2102.0
2022-08-23 21:05:00,4178.0,4182.0,4174.0,4174.0,16.0,668660.0,2110.0
2022-08-23 21:10:00,4172.0,4179.0,4166.0,4176.0,22.0,918070.0,2106.0
2022-08-23 21:15:00,4180.0,4184.0,4173.0,4184.0,9.0,375890.0,2106.0
2022-08-23 21:20:00,4177.0,4188.0,4176.0,4177.0,17.0,710570.0,2107.0
2022-08-23 21:25:00,4182.0,4182.0,4171.0,4171.0,37.0,1545130.0,2141.0
2022-08-23 21:30:00,4171.0,4171.0,4170.0,4170.0,1.0,41700.0,2140.0
2022-08-23 21:35:00,4165.0,4168.0,4165.0,4168.0,9.0,374890.0,2139.0
2022-08-23 21:40:00,4170.0,4172.0,4168.0,4172.0,16.0,667030.0,2145.0
2022-08-23 21:45:00,4172.0,4172.0,4168.0,4170.0,5.0,208450.0,2145.0
2022-08-23 21:50:00,4171.0,4174.0,4155.0,4161.0,42.0,1749170.0,2170.0
2022-08-23 21:55:00,4165.0,4165.0,4160.0,4163.0,3.0,124880.0,2170.0
2022-08-23 22:00:00,4163.0,4163.0,4157.0,4157.0,1.0,41570.0,2169.0
2022-08-23 22:05:00,4157.0,4164.0,4157.0,4158.0,5.0,208020.0,2172.0
2022-08-23 22:10:00,4157.0,4157.0,4157.0,4157.0,1.0,41570.0,2172.0
2022-08-23 22:15:00,4157.0,4170.0,4157.0,4170.0,1.0,41700.0,2172.0
2022-08-23 22:20:00,4170.0,4170.0,4168.0,4168.0,2.0,83380.0,2172.0
2022-08-23 22:25:00,4168.0,4168.0,4162.0,4162.0,1.0,41620.0,2172.0
2022-08-23 22:30:00,4162.0,4162.0,4162.0,4162.0,0.0,0.0,2172.0
2022-08-23 22:35:00,4162.0,4162.0,4156.0,4158.0,12.0,498950.0,2182.0
2022-08-23 22:40:00,4161.0,4161.0,4158.0,4158.0,5.0,208020.0,2184.0
2022-08-23 22:45:00,4158.0,4160.0,4156.0,4160.0,3.0,124760.0,2183.0
2022-08-23 22:50:00,4160.0,4160.0,4157.0,4157.0,2.0,83140.0,2184.0
2022-08-23 22:55:00,4157.0,4173.0,4157.0,4173.0,3.0,124960.0,2183.0
2022-08-24 09:00:00,4159.0,4159.0,4152.0,4152.0,9.0,373830.0,2192.0
2022-08-24 09:05:00,4152.0,4158.0,4152.0,4152.0,10.0,415320.0,2202.0
2022-08-24 09:10:00,4152.0,4152.0,4152.0,4152.0,5.0,207600.0,2207.0
2022-08-24 09:15:00,4158.0,4163.0,4158.0,4163.0,39.0,1622580.0,2238.0
2022-08-24 09:20:00,4166.0,4171.0,4165.0,4167.0,15.0,625080.0,2244.0
2022-08-24 09:25:00,4171.0,4171.0,4164.0,4167.0,8.0,333340.0,2247.0
2022-08-24 09:30:00,4172.0,4172.0,4165.0,4166.0,8.0,333420.0,2250.0
2022-08-24 09:35:00,4166.0,4166.0,4164.0,4164.0,13.0,541440.0,2259.0
2022-08-24 09:40:00,4160.0,4160.0,4158.0,4158.0,62.0,2578000.0,2320.0
2022-08-24 09:45:00,4158.0,4158.0,4158.0,4158.0,0.0,0.0,2320.0
2022-08-24 09:50:00,4160.0,4160.0,4154.0,4160.0,13.0,540530.0,2325.0
2022-08-24 09:55:00,4152.0,4158.0,4152.0,4158.0,10.0,415330.0,2331.0
2022-08-24 10:00:00,4160.0,4160.0,4160.0,4160.0,1.0,41600.0,2332.0
2022-08-24 10:05:00,4160.0,4160.0,4160.0,4160.0,0.0,0.0,2332.0
2022-08-24 10:10:00,4154.0,4154.0,4153.0,4153.0,4.0,166130.0,2334.0
2022-08-24 10:30:00,4153.0,4153.0,4144.0,4146.0,37.0,1533800.0,2363.0
2022-08-24 10:35:00,4146.0,4146.0,4141.0,4143.0,5.0,207130.0,2364.0
2022-08-24 10:40:00,4143.0,4153.0,4142.0,4146.0,13.0,538810.0,2362.0
2022-08-24 10:45:00,4146.0,4146.0,4146.0,4146.0,0.0,0.0,2362.0
2022-08-24 10:50:00,4146.0,4159.0,4146.0,4159.0,1.0,41590.0,2363.0
2022-08-24 10:55:00,4157.0,4159.0,4156.0,4158.0,6.0,249450.0,2364.0
2022-08-24 11:00:00,4148.0,4156.0,4148.0,4156.0,3.0,124600.0,2364.0
2022-08-24 11:05:00,4155.0,4157.0,4155.0,4155.0,4.0,166220.0,2366.0
2022-08-24 11:10:00,4154.0,4154.0,4145.0,4145.0,6.0,248810.0,2368.0
2022-08-24 11:15:00,4146.0,4146.0,4142.0,4142.0,8.0,331550.0,2375.0
2022-08-24 11:20:00,4142.0,4142.0,4142.0,4142.0,1.0,41420.0,2376.0
2022-08-24 11:25:00,4142.0,4142.0,4141.0,4141.0,5.0,207090.0,2381.0
2022-08-24 13:30:00,4135.0,4137.0,4125.0,4136.0,19.0,785070.0,2390.0
2022-08-24 13:35:00,4130.0,4130.0,4125.0,4125.0,18.0,743070.0,2406.0
2022-08-24 13:40:00,4125.0,4125.0,4125.0,4125.0,20.0,825000.0,2426.0
2022-08-24 13:45:00,4125.0,4126.0,4120.0,4120.0,25.0,1030270.0,2448.0
2022-08-24 13:50:00,4115.0,4119.0,4113.0,4119.0,10.0,411690.0,2457.0
2022-08-24 13:55:00,4119.0,4119.0,4119.0,4119.0,0.0,0.0,2457.0
2022-08-24 14:00:00,4119.0,4119.0,4115.0,4116.0,4.0,164630.0,2460.0
2022-08-24 14:05:00,4116.0,4121.0,4116.0,4121.0,1.0,41210.0,2461.0
2022-08-24 14:10:00,4121.0,4121.0,4121.0,4121.0,0.0,0.0,2461.0
2022-08-24 14:15:00,4125.0,4129.0,4119.0,4119.0,4.0,164920.0,2464.0
2022-08-24 14:20:00,4119.0,4119.0,4119.0,4119.0,0.0,0.0,2464.0
2022-08-24 14:25:00,4119.0,4119.0,4119.0,4119.0,1.0,41190.0,2465.0
2022-08-24 14:30:00,4119.0,4119.0,4119.0,4119.0,0.0,0.0,2465.0
2022-08-24 14:35:00,4119.0,4131.0,4119.0,4130.0,4.0,165160.0,2465.0
2022-08-24 14:40:00,4130.0,4130.0,4127.0,4127.0,1.0,41270.0,2466.0
2022-08-24 14:45:00,4127.0,4127.0,4127.0,4127.0,0.0,0.0,2466.0
2022-08-24 14:50:00,4127.0,4132.0,4127.0,4132.0,3.0,123920.0,2463.0
2022-08-24 14:55:00,4134.0,4134.0,4133.0,4133.0,3.0,124000.0,2463.0
2022-08-24 21:00:00,4137.0,4157.0,4137.0,4153.0,14.0,580960.0,2464.0
2022-08-24 21:05:00,4148.0,4148.0,4148.0,4148.0,5.0,207400.0,2463.0
2022-08-24 21:10:00,4153.0,4153.0,4153.0,4153.0,10.0,415300.0,2463.0
2022-08-24 21:15:00,4153.0,4153.0,4149.0,4149.0,1.0,41490.0,2463.0
2022-08-24 21:20:00,4158.0,4165.0,4158.0,4165.0,3.0,124850.0,2461.0
2022-08-24 21:25:00,4163.0,4172.0,4163.0,4172.0,7.0,291950.0,2467.0
2022-08-24 21:30:00,4172.0,4172.0,4172.0,4172.0,0.0,0.0,2467.0
2022-08-24 21:35:00,4172.0,4172.0,4172.0,4172.0,0.0,0.0,2467.0
2022-08-24 21:40:00,4172.0,4172.0,4164.0,4164.0,1.0,41640.0,2468.0
2022-08-24 21:45:00,4164.0,4164.0,4164.0,4164.0,0.0,0.0,2468.0
2022-08-24 21:50:00,4164.0,4164.0,4164.0,4164.0,0.0,0.0,2468.0
2022-08-24 21:55:00,4158.0,4158.0,4158.0,4158.0,1.0,41580.0,2468.0
2022-08-24 22:00:00,4158.0,4158.0,4158.0,4158.0,0.0,0.0,2468.0
2022-08-24 22:05:00,4158.0,4158.0,4158.0,4158.0,1.0,41580.0,2469.0
2022-08-24 22:10:00,4158.0,4158.0,4153.0,4153.0,1.0,41530.0,2468.0
2022-08-24 22:15:00,4153.0,4153.0,4152.0,4152.0,2.0,83050.0,2468.0
2022-08-24 22:20:00,4152.0,4152.0,4152.0,4152.0,0.0,0.0,2468.0
2022-08-24 22:25:00,4152.0,4158.0,4152.0,4158.0,2.0,83160.0,2466.0
2022-08-24 22:30:00,4158.0,4158.0,4158.0,4158.0,0.0,0.0,2466.0
2022-08-24 22:35:00,4158.0,4158.0,4158.0,4158.0,0.0,0.0,2466.0
2022-08-24 22:40:00,4135.0,4139.0,4135.0,4139.0,3.0,124130.0,2468.0
2022-08-24 22:45:00,4139.0,4139.0,4139.0,4139.0,0.0,0.0,2468.0
2022-08-24 22:50:00,4139.0,4139.0,4139.0,4139.0,0.0,0.0,2468.0
2022-08-24 22:55:00,4141.0,4141.0,4141.0,4141.0,1.0,41410.0,2468.0
2022-08-25 09:00:00,4141.0,4162.0,4141.0,4162.0,1.0,41620.0,2468.0
2022-08-25 09:05:00,4162.0,4162.0,4146.0,4146.0,3.0,124480.0,2470.0
2022-08-25 09:10:00,4146.0,4146.0,4143.0,4143.0,8.0,331550.0,2477.0
2022-08-25 09:15:00,4143.0,4157.0,4143.0,4157.0,1.0,41570.0,2478.0
2022-08-25 09:20:00,4157.0,4162.0,4157.0,4162.0,1.0,41620.0,2478.0
2022-08-25 09:25:00,4162.0,4162.0,4162.0,4162.0,0.0,0.0,2478.0
2022-08-25 09:30:00,4142.0,4142.0,4140.0,4141.0,5.0,207050.0,2480.0
2022-08-25 09:35:00,4139.0,4139.0,4139.0,4139.0,1.0,41390.0,2481.0
2022-08-25 09:40:00,4139.0,4139.0,4134.0,4134.0,2.0,82680.0,2481.0
2022-08-25 09:45:00,4134.0,4134.0,4134.0,4134.0,8.0,330720.0,2481.0
2022-08-25 09:50:00,4134.0,4134.0,4134.0,4134.0,0.0,0.0,2481.0
2022-08-25 09:55:00,4145.0,4145.0,4145.0,4145.0,1.0,41450.0,2481.0
2022-08-25 10:00:00,4145.0,4148.0,4145.0,4148.0,1.0,41480.0,2481.0
2022-08-25 10:05:00,4148.0,4148.0,4147.0,4147.0,1.0,41470.0,2482.0
2022-08-25 10:10:00,4147.0,4147.0,4147.0,4147.0,0.0,0.0,2482.0
2022-08-25 10:30:00,4147.0,4159.0,4147.0,4159.0,1.0,41590.0,2482.0
2022-08-25 10:35:00,4159.0,4159.0,4155.0,4155.0,6.0,249300.0,2483.0
2022-08-25 10:40:00,4155.0,4155.0,4155.0,4155.0,0.0,0.0,2483.0
2022-08-25 10:45:00,4155.0,4156.0,4155.0,4156.0,2.0,83120.0,2482.0
2022-08-25 10:50:00,4156.0,4157.0,4152.0,4152.0,3.0,124650.0,2482.0
2022-08-25 10:55:00,4152.0,4152.0,4152.0,4152.0,0.0,0.0,2482.0
2022-08-25 11:00:00,4152.0,4152.0,4148.0,4148.0,12.0,497800.0,2494.0
2022-08-25 11:05:00,4144.0,4145.0,4142.0,4145.0,6.0,248600.0,2499.0
2022-08-25 11:10:00,4145.0,4145.0,4145.0,4145.0,0.0,0.0,2499.0
2022-08-25 11:15:00,4145.0,4159.0,4145.0,4159.0,2.0,83160.0,2499.0
2022-08-25 11:20:00,4159.0,4159.0,4159.0,4159.0,0.0,0.0,2499.0
2022-08-25 11:25:00,4159.0,4159.0,4159.0,4159.0,0.0,0.0,2499.0
2022-08-25 13:30:00,4159.0,4159.0,4159.0,4159.0,0.0,0.0,2499.0
2022-08-25 13:35:00,4159.0,4159.0,4159.0,4159.0,0.0,0.0,2499.0
2022-08-25 13:40:00,4159.0,4160.0,4159.0,4160.0,1.0,41600.0,2499.0
2022-08-25 13:45:00,4160.0,4165.0,4160.0,4165.0,2.0,83300.0,2499.0
2022-08-25 13:50:00,4165.0,4165.0,4165.0,4165.0,0.0,0.0,2499.0
2022-08-25 13:55:00,4165.0,4165.0,4152.0,4162.0,7.0,291260.0,2503.0
2022-08-25 14:00:00,4162.0,4162.0,4162.0,4162.0,0.0,0.0,2503.0
2022-08-25 14:05:00,4162.0,4162.0,4162.0,4162.0,0.0,0.0,2503.0
2022-08-25 14:10:00,4163.0,4163.0,4163.0,4163.0,30.0,1248900.0,2526.0
2022-08-25 14:15:00,4163.0,4163.0,4152.0,4152.0,6.0,249210.0,2526.0
2022-08-25 14:20:00,4152.0,4152.0,4152.0,4152.0,0.0,0.0,2526.0
2022-08-25 14:25:00,4152.0,4152.0,4152.0,4152.0,0.0,0.0,2526.0
2022-08-25 14:30:00,4152.0,4152.0,4146.0,4152.0,2.0,82980.0,2527.0
2022-08-25 14:35:00,4152.0,4152.0,4152.0,4152.0,0.0,0.0,2527.0
2022-08-25 14:40:00,4152.0,4152.0,4144.0,4144.0,2.0,82880.0,2528.0
2022-08-25 14:45:00,4143.0,4143.0,4096.0,4098.0,27.0,1111250.0,2549.0
2022-08-25 14:50:00,4100.0,4102.0,4095.0,4096.0,29.0,1188500.0,2562.0
2022-08-25 14:55:00,4096.0,4106.0,4094.0,4101.0,14.0,573880.0,2570.0
2022-08-25 21:00:00,4133.0,4133.0,4069.0,4088.0,51.0,2086560.0,2605.0
2022-08-25 21:05:00,4076.0,4086.0,4072.0,4077.0,11.0,448810.0,2611.0
2022-08-25 21:10:00,4091.0,4091.0,4085.0,4085.0,11.0,449590.0,2620.0
2022-08-25 21:15:00,4093.0,4093.0,4083.0,4084.0,5.0,204370.0,2620.0
2022-08-25 21:20:00,4084.0,4094.0,4084.0,4094.0,3.0,122730.0,2621.0
2022-08-25 21:25:00,4083.0,4088.0,4080.0,4080.0,13.0,530780.0,2628.0
2022-08-25 21:30:00,4080.0,4080.0,4080.0,4080.0,1.0,40800.0,2629.0
2022-08-25 21:35:00,4080.0,4080.0,4080.0,4080.0,0.0,0.0,2629.0
2022-08-25 21:40:00,4082.0,4083.0,4076.0,4076.0,35.0,1428480.0,2664.0
2022-08-25 21:45:00,4072.0,4083.0,4070.0,4083.0,7.0,285260.0,2669.0
2022-08-25 21:50:00,4074.0,4074.0,4069.0,4070.0,6.0,244300.0,2674.0
2022-08-25 21:55:00,4070.0,4074.0,4070.0,4074.0,7.0,285120.0,2680.0
2022-08-25 22:00:00,4080.0,4084.0,4080.0,4080.0,4.0,163240.0,2679.0
2022-08-25 22:05:00,4080.0,4083.0,4075.0,4083.0,5.0,204070.0,2683.0
2022-08-25 22:10:00,4083.0,4083.0,4083.0,4083.0,0.0,0.0,2683.0
2022-08-25 22:15:00,4083.0,4083.0,4080.0,4080.0,5.0,204000.0,2688.0
2022-08-25 22:20:00,4080.0,4080.0,4080.0,4080.0,0.0,0.0,2688.0
2022-08-25 22:25:00,4080.0,4080.0,4075.0,4075.0,7.0,285320.0,2695.0
2022-08-25 22:30:00,4070.0,4070.0,4070.0,4070.0,2.0,81400.0,2697.0
2022-08-25 22:35:00,4070.0,4070.0,4070.0,4070.0,0.0,0.0,2697.0
2022-08-25 22:40:00,4070.0,4078.0,4070.0,4078.0,1.0,40780.0,2698.0
2022-08-25 22:45:00,4078.0,4078.0,4069.0,4069.0,7.0,284890.0,2704.0
2022-08-25 22:50:00,4069.0,4069.0,4069.0,4069.0,0.0,0.0,2704.0
2022-08-25 22:55:00,4069.0,4073.0,4069.0,4071.0,2.0,81440.0,2705.0
2022-08-26 09:00:00,4069.0,4069.0,4061.0,4068.0,7.0,284640.0,2711.0
2022-08-26 09:05:00,4073.0,4077.0,4068.0,4077.0,7.0,285140.0,2710.0
2022-08-26 09:10:00,4077.0,4077.0,4077.0,4077.0,0.0,0.0,2710.0
2022-08-26 09:15:00,4072.0,4081.0,4072.0,4081.0,6.0,244680.0,2710.0
2022-08-26 09:20:00,4081.0,4081.0,4080.0,4080.0,1.0,40800.0,2711.0
2022-08-26 09:25:00,4080.0,4080.0,4073.0,4079.0,3.0,122250.0,2711.0
2022-08-26 09:30:00,4079.0,4085.0,4079.0,4085.0,1.0,40850.0,2712.0
2022-08-26 09:35:00,4085.0,4085.0,4085.0,4085.0,0.0,0.0,2712.0
2022-08-26 09:40:00,4085.0,4085.0,4085.0,4085.0,0.0,0.0,2712.0
2022-08-26 09:45:00,4085.0,4085.0,4085.0,4085.0,0.0,0.0,2712.0
2022-08-26 09:50:00,4085.0,4085.0,4080.0,4080.0,7.0,285600.0,2717.0
2022-08-26 09:55:00,4080.0,4080.0,4080.0,4080.0,0.0,0.0,2717.0
2022-08-26 10:00:00,4080.0,4088.0,4080.0,4088.0,6.0,245280.0,2716.0
2022-08-26 10:05:00,4088.0,4091.0,4088.0,4091.0,3.0,122730.0,2716.0
2022-08-26 10:10:00,4091.0,4091.0,4091.0,4091.0,0.0,0.0,2716.0
2022-08-26 10:30:00,4091.0,4100.0,4091.0,4100.0,13.0,532440.0,2722.0
2022-08-26 10:35:00,4095.0,4103.0,4095.0,4095.0,10.0,409680.0,2726.0
2022-08-26 10:40:00,4095.0,4095.0,4095.0,4095.0,0.0,0.0,2726.0
2022-08-26 10:45:00,4095.0,4101.0,4095.0,4101.0,1.0,41010.0,2727.0
2022-08-26 10:50:00,4101.0,4115.0,4101.0,4114.0,3.0,123340.0,2727.0
2022-08-26 10:55:00,4114.0,4116.0,4109.0,4116.0,8.0,329080.0,2725.0
2022-08-26 11:00:00,4120.0,4135.0,4120.0,4135.0,9.0,371810.0,2723.0
2022-08-26 11:05:00,4132.0,4137.0,4123.0,4123.0,4.0,165240.0,2726.0
2022-08-26 11:10:00,4123.0,4125.0,4123.0,4125.0,3.0,123710.0,2728.0
2022-08-26 11:15:00,4125.0,4125.0,4120.0,4120.0,1.0,41200.0,2728.0
2022-08-26 11:20:00,4122.0,4122.0,4122.0,4122.0,1.0,41220.0,2728.0
2022-08-26 11:25:00,4122.0,4132.0,4122.0,4124.0,6.0,247520.0,2728.0
2022-08-26 13:30:00,4124.0,4132.0,4124.0,4132.0,4.0,165140.0,2730.0
2022-08-26 13:35:00,4132.0,4132.0,4122.0,4122.0,9.0,371030.0,2727.0
2022-08-26 13:40:00,4122.0,4122.0,4122.0,4122.0,12.0,494640.0,2727.0
2022-08-26 13:45:00,4122.0,4144.0,4122.0,4144.0,9.0,372210.0,2729.0
2022-08-26 13:50:00,4144.0,4153.0,4144.0,4153.0,3.0,124570.0,2729.0
2022-08-26 13:55:00,4153.0,4155.0,4144.0,4151.0,13.0,539730.0,2734.0
2022-08-26 14:00:00,4153.0,4168.0,4153.0,4168.0,119.0,4947510.0,2780.0
2022-08-26 14:05:00,4168.0,4168.0,4145.0,4145.0,2.0,82910.0,2778.0
2022-08-26 14:10:00,4145.0,4167.0,4145.0,4154.0,17.0,706770.0,2774.0
2022-08-26 14:15:00,4151.0,4159.0,4151.0,4156.0,7.0,290840.0,2773.0
2022-08-26 14:20:00,4156.0,4156.0,4156.0,4156.0,0.0,0.0,2773.0
2022-08-26 14:25:00,4156.0,4156.0,4152.0,4152.0,2.0,83040.0,2773.0
2022-08-26 14:30:00,4152.0,4152.0,4151.0,4151.0,6.0,249100.0,2775.0
2022-08-26 14:35:00,4145.0,4145.0,4144.0,4144.0,2.0,82890.0,2777.0
2022-08-26 14:40:00,4144.0,4144.0,4144.0,4144.0,0.0,0.0,2777.0
2022-08-26 14:45:00,4144.0,4144.0,4144.0,4144.0,0.0,0.0,2777.0
2022-08-26 14:50:00,4144.0,4144.0,4142.0,4142.0,1.0,41420.0,2776.0
2022-08-26 14:55:00,4149.0,4149.0,4149.0,4149.0,1.0,41490.0,2775.0
2022-08-26 21:00:00,4149.0,4149.0,4149.0,4149.0,2.0,82980.0,2777.0
2022-08-26 21:05:00,4150.0,4165.0,4150.0,4150.0,8.0,332780.0,2779.0
2022-08-26 21:10:00,4150.0,4150.0,4142.0,4142.0,3.0,124340.0,2777.0
2022-08-26 21:15:00,4142.0,4142.0,4142.0,4142.0,0.0,0.0,2777.0
2022-08-26 21:20:00,4142.0,4150.0,4138.0,4138.0,2.0,82880.0,2778.0
2022-08-26 21:25:00,4137.0,4137.0,4132.0,4132.0,3.0,124010.0,2781.0
2022-08-26 21:30:00,4132.0,4132.0,4130.0,4130.0,2.0,82600.0,2781.0
2022-08-26 21:35:00,4130.0,4130.0,4123.0,4123.0,2.0,82480.0,2780.0
2022-08-26 21:40:00,4123.0,4123.0,4122.0,4122.0,2.0,82450.0,2781.0
2022-08-26 21:45:00,4122.0,4133.0,4122.0,4131.0,2.0,82640.0,2783.0
2022-08-26 21:50:00,4131.0,4138.0,4131.0,4138.0,2.0,82760.0,2784.0
2022-08-26 21:55:00,4138.0,4138.0,4138.0,4138.0,0.0,0.0,2784.0
2022-08-26 22:00:00,4140.0,4140.0,4138.0,4138.0,2.0,82780.0,2784.0
2022-08-26 22:05:00,4126.0,4152.0,4126.0,4152.0,6.0,248580.0,2780.0
2022-08-26 22:10:00,4158.0,4158.0,4150.0,4151.0,6.0,249180.0,2777.0
2022-08-26 22:15:00,4160.0,4160.0,4160.0,4160.0,2.0,83200.0,2777.0
2022-08-26 22:20:00,4163.0,4163.0,4150.0,4150.0,3.0,124640.0,2777.0
2022-08-26 22:25:00,4150.0,4150.0,4150.0,4150.0,2.0,83000.0,2777.0
2022-08-26 22:30:00,4150.0,4155.0,4150.0,4155.0,3.0,124650.0,2780.0
2022-08-26 22:35:00,4155.0,4155.0,4155.0,4155.0,0.0,0.0,2780.0
2022-08-26 22:40:00,4155.0,4155.0,4139.0,4140.0,4.0,165590.0,2777.0
2022-08-26 22:45:00,4140.0,4152.0,4140.0,4148.0,4.0,166000.0,2779.0
2022-08-26 22:50:00,4148.0,4152.0,4145.0,4152.0,4.0,165910.0,2779.0
2022-08-26 22:55:00,4152.0,4152.0,4152.0,4152.0,2.0,83040.0,2778.0
2022-08-29 09:00:00,4140.0,4160.0,4138.0,4160.0,14.0,580580.0,2777.0
2022-08-29 09:05:00,4150.0,4176.0,4150.0,4166.0,15.0,624860.0,2780.0
2022-08-29 09:10:00,4156.0,4156.0,4156.0,4156.0,5.0,207800.0,2785.0
2022-08-29 09:15:00,4163.0,4175.0,4163.0,4175.0,21.0,875850.0,2799.0
2022-08-29 09:20:00,4178.0,4187.0,4176.0,4176.0,7.0,292580.0,2804.0
2022-08-29 09:25:00,4176.0,4176.0,4167.0,4167.0,1.0,41670.0,2805.0
2022-08-29 09:30:00,4167.0,4167.0,4164.0,4164.0,1.0,41640.0,2805.0
2022-08-29 09:35:00,4164.0,4164.0,4164.0,4164.0,1.0,41640.0,2804.0
2022-08-29 09:40:00,4164.0,4164.0,4156.0,4159.0,7.0,290980.0,2809.0
2022-08-29 09:45:00,4159.0,4159.0,4159.0,4159.0,0.0,0.0,2809.0
2022-08-29 09:50:00,4157.0,4157.0,4152.0,4152.0,2.0,83090.0,2809.0
2022-08-29 09:55:00,4152.0,4152.0,4152.0,4152.0,1.0,41520.0,2810.0
2022-08-29 10:00:00,4152.0,4152.0,4152.0,4152.0,0.0,0.0,2810.0
2022-08-29 10:05:00,4152.0,4152.0,4152.0,4152.0,0.0,0.0,2810.0
2022-08-29 10:10:00,4150.0,4153.0,4150.0,4153.0,3.0,124530.0,2813.0
2022-08-29 10:30:00,4153.0,4155.0,4153.0,4155.0,1.0,41550.0,2813.0
2022-08-29 10:35:00,4155.0,4155.0,4138.0,4138.0,5.0,207020.0,2815.0
2022-08-29 10:40:00,4138.0,4147.0,4138.0,4147.0,1.0,41470.0,2816.0
2022-08-29 10:45:00,4147.0,4147.0,4141.0,4141.0,1.0,41410.0,2817.0
2022-08-29 10:50:00,4141.0,4141.0,4141.0,4141.0,0.0,0.0,2817.0
2022-08-29 10:55:00,4135.0,4146.0,4135.0,4146.0,6.0,248650.0,2823.0
2022-08-29 11:00:00,4146.0,4146.0,4135.0,4135.0,4.0,165480.0,2827.0
2022-08-29 11:05:00,4135.0,4135.0,4135.0,4135.0,0.0,0.0,2827.0
2022-08-29 11:10:00,4135.0,4135.0,4135.0,4135.0,0.0,0.0,2827.0
2022-08-29 11:15:00,4135.0,4135.0,4135.0,4135.0,0.0,0.0,2827.0
2022-08-29 11:20:00,4147.0,4147.0,4147.0,4147.0,2.0,82940.0,2827.0
2022-08-29 11:25:00,4147.0,4147.0,4135.0,4135.0,4.0,165430.0,2830.0
2022-08-29 13:30:00,4133.0,4133.0,4129.0,4129.0,5.0,206590.0,2834.0
2022-08-29 13:35:00,4129.0,4139.0,4129.0,4139.0,2.0,82780.0,2836.0
2022-08-29 13:40:00,4139.0,4139.0,4139.0,4139.0,0.0,0.0,2836.0
2022-08-29 13:45:00,4139.0,4145.0,4139.0,4145.0,3.0,124290.0,2837.0
2022-08-29 13:50:00,4145.0,4145.0,4145.0,4145.0,0.0,0.0,2837.0
2022-08-29 13:55:00,4145.0,4145.0,4136.0,4136.0,1.0,41360.0,2837.0
2022-08-29 14:00:00,4138.0,4138.0,4130.0,4130.0,7.0,289460.0,2841.0
2022-08-29 14:05:00,4125.0,4125.0,4114.0,4114.0,11.0,453320.0,2842.0
2022-08-29 14:10:00,4111.0,4111.0,4110.0,4110.0,21.0,863170.0,2862.0
2022-08-29 14:15:00,4110.0,4116.0,4110.0,4116.0,6.0,246720.0,2865.0
2022-08-29 14:20:00,4116.0,4122.0,4116.0,4122.0,6.0,247310.0,2869.0
2022-08-29 14:25:00,4122.0,4122.0,4122.0,4122.0,0.0,0.0,2869.0
2022-08-29 14:30:00,4122.0,4133.0,4122.0,4133.0,4.0,165210.0,2869.0
2022-08-29 14:35:00,4133.0,4133.0,4133.0,4133.0,0.0,0.0,2869.0
2022-08-29 14:40:00,4133.0,4133.0,4133.0,4133.0,0.0,0.0,2869.0
2022-08-29 14:45:00,4138.0,4143.0,4138.0,4143.0,4.0,165640.0,2869.0
2022-08-29 14:50:00,4147.0,4147.0,4142.0,4147.0,8.0,331700.0,2871.0
2022-08-29 14:55:00,4147.0,4147.0,4147.0,4147.0,1.0,41470.0,2871.0
2022-08-29 21:00:00,4144.0,4149.0,4144.0,4149.0,57.0,2364340.0,2910.0
2022-08-29 21:05:00,4149.0,4161.0,4148.0,4159.0,53.0,2200890.0,2957.0
2022-08-29 21:10:00,4159.0,4160.0,4149.0,4160.0,29.0,1204400.0,2958.0
2022-08-29 21:15:00,4160.0,4163.0,4160.0,4163.0,2.0,83230.0,2958.0
2022-08-29 21:20:00,4163.0,4170.0,4163.0,4170.0,19.0,792250.0,2959.0
2022-08-29 21:25:00,4170.0,4189.0,4170.0,4188.0,11.0,459540.0,2959.0
2022-08-29 21:30:00,4192.0,4193.0,4187.0,4193.0,9.0,377130.0,2963.0
2022-08-29 21:35:00,4193.0,4194.0,4193.0,4194.0,1.0,41940.0,2964.0
2022-08-29 21:40:00,4195.0,4197.0,4195.0,4197.0,17.0,713450.0,2964.0
2022-08-29 21:45:00,4197.0,4197.0,4193.0,4193.0,3.0,125810.0,2962.0
2022-08-29 21:50:00,4192.0,4192.0,4192.0,4192.0,4.0,167680.0,2962.0
2022-08-29 21:55:00,4192.0,4199.0,4192.0,4199.0,4.0,167880.0,2962.0
2022-08-29 22:00:00,4198.0,4199.0,4189.0,4189.0,17.0,712930.0,2970.0
2022-08-29 22:05:00,4194.0,4198.0,4194.0,4198.0,9.0,377590.0,2977.0
2022-08-29 22:10:00,4198.0,4203.0,4194.0,4203.0,21.0,881870.0,2982.0
2022-08-29 22:15:00,4203.0,4203.0,4198.0,4199.0,14.0,587940.0,2991.0
2022-08-29 22:20:00,4199.0,4199.0,4198.0,4198.0,7.0,293870.0,2997.0
2022-08-29 22:25:00,4198.0,4198.0,4198.0,4198.0,0.0,0.0,2997.0
2022-08-29 22:30:00,4198.0,4198.0,4198.0,4198.0,0.0,0.0,2997.0
2022-08-29 22:35:00,4190.0,4190.0,4190.0,4190.0,1.0,41900.0,2997.0
2022-08-29 22:40:00,4191.0,4191.0,4191.0,4191.0,1.0,41910.0,2996.0
2022-08-29 22:45:00,4191.0,4191.0,4191.0,4191.0,0.0,0.0,2996.0
2022-08-29 22:50:00,4191.0,4192.0,4191.0,4192.0,1.0,41920.0,2996.0
2022-08-29 22:55:00,4192.0,4192.0,4192.0,4192.0,2.0,83840.0,2995.0
2022-08-30 09:00:00,4198.0,4204.0,4197.0,4204.0,30.0,1259620.0,2995.0
2022-08-30 09:05:00,4204.0,4207.0,4204.0,4207.0,5.0,210290.0,2999.0
2022-08-30 09:10:00,4207.0,4207.0,4192.0,4192.0,8.0,336050.0,2996.0
2022-08-30 09:15:00,4192.0,4200.0,4192.0,4198.0,2.0,83980.0,2998.0
2022-08-30 09:20:00,4198.0,4198.0,4181.0,4181.0,4.0,167330.0,2998.0
2022-08-30 09:25:00,4181.0,4181.0,4181.0,4181.0,0.0,0.0,2998.0
2022-08-30 09:30:00,4181.0,4192.0,4181.0,4192.0,8.0,334940.0,3004.0
2022-08-30 09:35:00,4192.0,4192.0,4181.0,4181.0,6.0,250890.0,3006.0
2022-08-30 09:40:00,4180.0,4180.0,4173.0,4179.0,4.0,167110.0,3009.0
2022-08-30 09:45:00,4179.0,4180.0,4179.0,4180.0,1.0,41800.0,3008.0
2022-08-30 09:50:00,4180.0,4180.0,4180.0,4180.0,0.0,0.0,3008.0
2022-08-30 09:55:00,4180.0,4184.0,4180.0,4184.0,1.0,41840.0,3007.0
2022-08-30 10:00:00,4188.0,4188.0,4186.0,4186.0,18.0,753610.0,3013.0
2022-08-30 10:05:00,4181.0,4181.0,4178.0,4178.0,7.0,292520.0,3015.0
2022-08-30 10:10:00,4182.0,4183.0,4180.0,4183.0,6.0,250910.0,3018.0
2022-08-30 10:30:00,4183.0,4184.0,4173.0,4173.0,7.0,292730.0,3021.0
2022-08-30 10:35:00,4173.0,4173.0,4165.0,4165.0,6.0,250300.0,3027.0
2022-08-30 10:40:00,4155.0,4157.0,4151.0,4155.0,19.0,789040.0,3029.0
2022-08-30 10:45:00,4150.0,4161.0,4144.0,4161.0,20.0,830400.0,3042.0
2022-08-30 10:50:00,4156.0,4169.0,4154.0,4166.0,7.0,291240.0,3047.0
2022-08-30 10:55:00,4158.0,4159.0,4148.0,4148.0,9.0,373920.0,3050.0
2022-08-30 11:00:00,4148.0,4160.0,4148.0,4158.0,5.0,207740.0,3054.0
2022-08-30 11:05:00,4150.0,4152.0,4131.0,4148.0,7.0,290250.0,3058.0
2022-08-30 11:10:00,4148.0,4149.0,4148.0,4149.0,1.0,41490.0,3058.0
2022-08-30 11:15:00,4159.0,4160.0,4149.0,4156.0,8.0,332370.0,3060.0
2022-08-30 11:20:00,4140.0,4160.0,4140.0,4155.0,17.0,706580.0,3071.0
2022-08-30 11:25:00,4156.0,4156.0,4141.0,4141.0,12.0,497440.0,3079.0
2022-08-30 13:30:00,4150.0,4157.0,4150.0,4157.0,7.0,290640.0,3081.0
2022-08-30 13:35:00,4157.0,4160.0,4156.0,4158.0,52.0,2162270.0,3128.0
2022-08-30 13:40:00,4158.0,4158.0,4146.0,4149.0,10.0,414860.0,3136.0
2022-08-30 13:45:00,4149.0,4149.0,4138.0,4138.0,4.0,165720.0,3139.0
2022-08-30 13:50:00,4138.0,4146.0,4138.0,4142.0,5.0,207150.0,3143.0
2022-08-30 13:55:00,4142.0,4153.0,4142.0,4153.0,6.0,248850.0,3149.0
2022-08-30 14:00:00,4153.0,4153.0,4153.0,4153.0,0.0,0.0,3149.0
2022-08-30 14:05:00,4153.0,4155.0,4153.0,4155.0,1.0,41550.0,3149.0
2022-08-30 14:10:00,4155.0,4155.0,4155.0,4155.0,0.0,0.0,3149.0
2022-08-30 14:15:00,4155.0,4155.0,4141.0,4141.0,18.0,746190.0,3162.0
2022-08-30 14:20:00,4141.0,4143.0,4132.0,4132.0,57.0,2358750.0,3216.0
2022-08-30 14:25:00,4133.0,4133.0,4120.0,4120.0,14.0,577620.0,3219.0
2022-08-30 14:30:00,4121.0,4125.0,4121.0,4125.0,3.0,123710.0,3221.0
2022-08-30 14:35:00,4116.0,4117.0,4115.0,4115.0,8.0,329300.0,3220.0
2022-08-30 14:40:00,4118.0,4120.0,4118.0,4120.0,3.0,123560.0,3222.0
2022-08-30 14:45:00,4135.0,4155.0,4135.0,4155.0,8.0,331400.0,3227.0
2022-08-30 14:50:00,4154.0,4154.0,4150.0,4150.0,7.0,290690.0,3231.0
2022-08-30 14:55:00,4150.0,4150.0,4149.0,4149.0,7.0,290460.0,3232.0
2022-08-30 21:00:00,4128.0,4144.0,4123.0,4144.0,7.0,288920.0,3231.0
2022-08-30 21:05:00,4140.0,4141.0,4130.0,4138.0,14.0,579260.0,3240.0
2022-08-30 21:10:00,4138.0,4138.0,4131.0,4131.0,21.0,868910.0,3261.0
2022-08-30 21:15:00,4131.0,4131.0,4123.0,4123.0,14.0,577560.0,3274.0
2022-08-30 21:20:00,4123.0,4123.0,4121.0,4121.0,12.0,494540.0,3286.0
2022-08-30 21:25:00,4133.0,4133.0,4127.0,4127.0,3.0,123930.0,3286.0
2022-08-30 21:30:00,4127.0,4138.0,4127.0,4138.0,2.0,82760.0,3288.0
2022-08-30 21:35:00,4138.0,4138.0,4122.0,4128.0,6.0,247430.0,3293.0
2022-08-30 21:40:00,4128.0,4128.0,4121.0,4121.0,7.0,288540.0,3293.0
2022-08-30 21:45:00,4120.0,4120.0,4117.0,4120.0,15.0,617890.0,3303.0
2022-08-30 21:50:00,4120.0,4120.0,4112.0,4112.0,10.0,411650.0,3309.0
2022-08-30 21:55:00,4112.0,4112.0,4112.0,4112.0,0.0,0.0,3309.0
2022-08-30 22:00:00,4112.0,4128.0,4112.0,4128.0,2.0,82560.0,3307.0
2022-08-30 22:05:00,4128.0,4128.0,4119.0,4119.0,1.0,41190.0,3307.0
2022-08-30 22:10:00,4119.0,4124.0,4119.0,4124.0,1.0,41240.0,3306.0
2022-08-30 22:15:00,4124.0,4124.0,4124.0,4124.0,0.0,0.0,3306.0
2022-08-30 22:20:00,4124.0,4124.0,4123.0,4123.0,4.0,164920.0,3302.0
2022-08-30 22:25:00,4123.0,4135.0,4123.0,4133.0,11.0,454390.0,3301.0
2022-08-30 22:30:00,4133.0,4139.0,4133.0,4139.0,8.0,331080.0,3304.0
2022-08-30 22:35:00,4139.0,4139.0,4137.0,4137.0,1.0,41370.0,3303.0
2022-08-30 22:40:00,4137.0,4137.0,4137.0,4137.0,0.0,0.0,3303.0
2022-08-30 22:45:00,4139.0,4139.0,4139.0,4139.0,8.0,331120.0,3308.0
2022-08-30 22:50:00,4129.0,4129.0,4129.0,4129.0,1.0,41290.0,3307.0
2022-08-30 22:55:00,4129.0,4142.0,4129.0,4142.0,2.0,82750.0,3306.0
2022-08-31 09:00:00,4142.0,4145.0,4142.0,4145.0,17.0,704560.0,3321.0
2022-08-31 09:05:00,4145.0,4145.0,4128.0,4128.0,1.0,41280.0,3321.0
2022-08-31 09:10:00,4144.0,4144.0,4134.0,4134.0,2.0,82780.0,3322.0
2022-08-31 09:15:00,4134.0,4172.0,4134.0,4172.0,9.0,374100.0,3324.0
2022-08-31 09:20:00,4170.0,4170.0,4147.0,4147.0,5.0,207830.0,3324.0
2022-08-31 09:25:00,4147.0,4147.0,4137.0,4137.0,4.0,165480.0,3320.0
2022-08-31 09:30:00,4137.0,4156.0,4137.0,4156.0,1.0,41560.0,3321.0
2022-08-31 09:35:00,4156.0,4158.0,4156.0,4158.0,1.0,41580.0,3321.0
2022-08-31 09:40:00,4158.0,4158.0,4158.0,4158.0,0.0,0.0,3321.0
2022-08-31 09:45:00,4158.0,4158.0,4148.0,4148.0,2.0,82960.0,3319.0
2022-08-31 09:50:00,4148.0,4162.0,4148.0,4162.0,2.0,83230.0,3319.0
2022-08-31 09:55:00,4151.0,4164.0,4151.0,4164.0,9.0,374570.0,3322.0
2022-08-31 10:00:00,4164.0,4164.0,4164.0,4164.0,0.0,0.0,3322.0
2022-08-31 10:05:00,4164.0,4164.0,4164.0,4164.0,0.0,0.0,3322.0
2022-08-31 10:10:00,4164.0,4164.0,4164.0,4164.0,0.0,0.0,3322.0
2022-08-31 10:30:00,4164.0,4164.0,4159.0,4159.0,1.0,41590.0,3322.0
2022-08-31 10:35:00,4158.0,4160.0,4156.0,4160.0,8.0,332600.0,3328.0
2022-08-31 10:40:00,4160.0,4160.0,4160.0,4160.0,0.0,0.0,3328.0
2022-08-31 10:45:00,4160.0,4163.0,4160.0,4163.0,8.0,332960.0,3333.0
2022-08-31 10:50:00,4152.0,4161.0,4150.0,4161.0,11.0,456800.0,3341.0
2022-08-31 10:55:00,4161.0,4161.0,4161.0,4161.0,0.0,0.0,3341.0
2022-08-31 11:00:00,4161.0,4161.0,4161.0,4161.0,0.0,0.0,3341.0
2022-08-31 11:05:00,4161.0,4161.0,4161.0,4161.0,0.0,0.0,3341.0
2022-08-31 11:10:00,4161.0,4161.0,4155.0,4155.0,1.0,41550.0,3342.0
2022-08-31 11:15:00,4155.0,4155.0,4153.0,4153.0,6.0,249240.0,3343.0
2022-08-31 11:20:00,4150.0,4150.0,4143.0,4144.0,10.0,414680.0,3346.0
2022-08-31 11:25:00,4141.0,4141.0,4141.0,4141.0,1.0,41410.0,3347.0
2022-08-31 13:30:00,4146.0,4159.0,4146.0,4159.0,17.0,706410.0,3350.0
2022-08-31 13:35:00,4161.0,4161.0,4155.0,4155.0,19.0,790060.0,3361.0
2022-08-31 13:40:00,4154.0,4154.0,4128.0,4144.0,12.0,497060.0,3366.0
2022-08-31 13:45:00,4144.0,4144.0,4144.0,4144.0,0.0,0.0,3366.0
2022-08-31 13:50:00,4144.0,4144.0,4144.0,4144.0,0.0,0.0,3366.0
2022-08-31 13:55:00,4144.0,4144.0,4144.0,4144.0,0.0,0.0,3366.0
2022-08-31 14:00:00,4144.0,4153.0,4144.0,4153.0,1.0,41530.0,3366.0
2022-08-31 14:05:00,4153.0,4153.0,4137.0,4137.0,4.0,165670.0,3368.0
2022-08-31 14:10:00,4137.0,4137.0,4127.0,4134.0,13.0,537550.0,3379.0
2022-08-31 14:15:00,4134.0,4134.0,4134.0,4134.0,1.0,41340.0,3379.0
2022-08-31 14:20:00,4134.0,4134.0,4131.0,4131.0,3.0,123950.0,3382.0
2022-08-31 14:25:00,4131.0,4135.0,4131.0,4135.0,1.0,41350.0,3382.0
2022-08-31 14:30:00,4135.0,4135.0,4128.0,4133.0,7.0,289210.0,3386.0
2022-08-31 14:35:00,4133.0,4133.0,4122.0,4122.0,34.0,1401780.0,3416.0
2022-08-31 14:40:00,4120.0,4122.0,4100.0,4106.0,23.0,945490.0,3429.0
2022-08-31 14:45:00,4100.0,4107.0,4096.0,4099.0,42.0,1723660.0,3459.0
2022-08-31 14:50:00,4099.0,4106.0,4099.0,4106.0,8.0,328120.0,3461.0
2022-08-31 14:55:00,4109.0,4124.0,4109.0,4124.0,6.0,247160.0,3460.0
2022-08-31 21:00:00,4107.0,4109.0,4091.0,4109.0,27.0,1108160.0,3463.0
2022-08-31 21:05:00,4109.0,4116.0,4107.0,4112.0,10.0,411250.0,3470.0
2022-08-31 21:10:00,4112.0,4119.0,4112.0,4119.0,5.0,205740.0,3472.0
2022-08-31 21:15:00,4119.0,4119.0,4118.0,4118.0,1.0,41180.0,3473.0
2022-08-31 21:20:00,4118.0,4138.0,4118.0,4131.0,18.0,744070.0,3470.0
2022-08-31 21:25:00,4131.0,4132.0,4126.0,4126.0,3.0,123870.0,3471.0
2022-08-31 21:30:00,4126.0,4126.0,4122.0,4123.0,2.0,82450.0,3472.0
2022-08-31 21:35:00,4125.0,4125.0,4125.0,4125.0,1.0,41250.0,3472.0
2022-08-31 21:40:00,4125.0,4125.0,4125.0,4125.0,0.0,0.0,3472.0
2022-08-31 21:45:00,4126.0,4126.0,4126.0,4126.0,4.0,165040.0,3474.0
2022-08-31 21:50:00,4126.0,4126.0,4123.0,4123.0,1.0,41230.0,3475.0
2022-08-31 21:55:00,4123.0,4123.0,4118.0,4118.0,5.0,205990.0,3477.0
2022-08-31 22:00:00,4114.0,4117.0,4114.0,4117.0,8.0,329250.0,3481.0
2022-08-31 22:05:00,4118.0,4119.0,4110.0,4110.0,14.0,576050.0,3487.0
2022-08-31 22:10:00,4110.0,4112.0,4108.0,4112.0,11.0,452160.0,3492.0
2022-08-31 22:15:00,4111.0,4115.0,4109.0,4113.0,17.0,699150.0,3501.0
2022-08-31 22:20:00,4113.0,4118.0,4113.0,4118.0,10.0,411480.0,3501.0
2022-08-31 22:25:00,4118.0,4118.0,4113.0,4113.0,1.0,41130.0,3502.0
2022-08-31 22:30:00,4118.0,4120.0,4116.0,4116.0,4.0,164700.0,3503.0
2022-08-31 22:35:00,4116.0,4116.0,4111.0,4111.0,1.0,41110.0,3503.0
2022-08-31 22:40:00,4111.0,4115.0,4111.0,4115.0,7.0,287950.0,3505.0
2022-08-31 22:45:00,4115.0,4118.0,4115.0,4118.0,2.0,82360.0,3507.0
2022-08-31 22:50:00,4118.0,4129.0,4118.0,4129.0,4.0,165100.0,3506.0
2022-08-31 22:55:00,4129.0,4129.0,4125.0,4127.0,5.0,206310.0,3505.0
2022-09-01 09:00:00,4120.0,4122.0,4119.0,4119.0,8.0,329590.0,3504.0
2022-09-01 09:05:00,4123.0,4130.0,4123.0,4125.0,15.0,618880.0,3514.0
2022-09-01 09:10:00,4120.0,4123.0,4115.0,4116.0,14.0,576460.0,3525.0
2022-09-01 09:15:00,4116.0,4116.0,4116.0,4116.0,0.0,0.0,3525.0
2022-09-01 09:20:00,4116.0,4128.0,4116.0,4128.0,2.0,82560.0,3527.0
2022-09-01 09:25:00,4128.0,4129.0,4123.0,4125.0,10.0,412620.0,3532.0
2022-09-01 09:30:00,4125.0,4131.0,4125.0,4131.0,3.0,123900.0,3532.0
2022-09-01 09:35:00,4131.0,4131.0,4125.0,4125.0,3.0,123810.0,3531.0
2022-09-01 09:40:00,4125.0,4125.0,4125.0,4125.0,1.0,41250.0,3531.0
2022-09-01 09:45:00,4119.0,4125.0,4119.0,4125.0,56.0,2309260.0,3581.0
2022-09-01 09:50:00,4129.0,4132.0,4129.0,4132.0,3.0,123900.0,3583.0
2022-09-01 09:55:00,4133.0,4137.0,4130.0,4130.0,15.0,619960.0,3590.0
2022-09-01 10:00:00,4130.0,4143.0,4130.0,4143.0,18.0,745240.0,3590.0
2022-09-01 10:05:00,4144.0,4152.0,4143.0,4152.0,18.0,746290.0,3596.0
2022-09-01 10:10:00,4152.0,4156.0,4149.0,4156.0,34.0,1412240.0,3606.0
2022-09-01 10:30:00,4158.0,4163.0,4155.0,4155.0,47.0,1954900.0,3617.0
2022-09-01 10:35:00,4155.0,4155.0,4147.0,4147.0,68.0,2821510.0,3670.0
2022-09-01 10:40:00,4147.0,4155.0,4147.0,4155.0,12.0,498180.0,3670.0
2022-09-01 10:45:00,4155.0,4167.0,4155.0,4164.0,178.0,7414460.0,3714.0
2022-09-01 10:50:00,4173.0,4180.0,4173.0,4174.0,20.0,835550.0,3719.0
2022-09-01 10:55:00,4179.0,4190.0,4179.0,4184.0,13.0,544250.0,3713.0
2022-09-01 11:00:00,4193.0,4199.0,4193.0,4196.0,12.0,503500.0,3713.0
2022-09-01 11:05:00,4186.0,4193.0,4186.0,4193.0,133.0,5569940.0,3815.0
2022-09-01 11:10:00,4193.0,4196.0,4191.0,4196.0,5.0,209680.0,3817.0
2022-09-01 11:15:00,4196.0,4197.0,4195.0,4196.0,5.0,209790.0,3817.0
2022-09-01 11:20:00,4203.0,4206.0,4199.0,4205.0,19.0,798800.0,3817.0
2022-09-01 11:25:00,4207.0,4208.0,4195.0,4200.0,24.0,1008390.0,3822.0
2022-09-01 13:30:00,4200.0,4200.0,4193.0,4194.0,6.0,251800.0,3824.0
2022-09-01 13:35:00,4194.0,4205.0,4194.0,4205.0,16.0,672380.0,3818.0
2022-09-01 13:40:00,4205.0,4205.0,4196.0,4196.0,5.0,209930.0,3816.0
2022-09-01 13:45:00,4203.0,4203.0,4203.0,4203.0,1.0,42030.0,3817.0
2022-09-01 13:50:00,4203.0,4203.0,4195.0,4195.0,3.0,125910.0,3818.0
2022-09-01 13:55:00,4209.0,4212.0,4205.0,4205.0,17.0,715540.0,3824.0
2022-09-01 14:00:00,4205.0,4205.0,4201.0,4201.0,4.0,168060.0,3825.0
2022-09-01 14:05:00,4201.0,4205.0,4201.0,4205.0,3.0,126140.0,3827.0
2022-09-01 14:10:00,4205.0,4205.0,4202.0,4202.0,9.0,378390.0,3828.0
2022-09-01 14:15:00,4202.0,4212.0,4202.0,4212.0,1.0,42120.0,3828.0
2022-09-01 14:20:00,4212.0,4212.0,4212.0,4212.0,47.0,1980580.0,3828.0
2022-09-01 14:25:00,4212.0,4212.0,4206.0,4206.0,95.0,4001840.0,3828.0
2022-09-01 14:30:00,4206.0,4206.0,4201.0,4201.0,5.0,210170.0,3829.0
2022-09-01 14:35:00,4201.0,4201.0,4199.0,4199.0,1.0,41990.0,3830.0
2022-09-01 14:40:00,4199.0,4199.0,4199.0,4199.0,2.0,83980.0,3829.0
2022-09-01 14:45:00,4199.0,4199.0,4195.0,4198.0,9.0,377630.0,3832.0
2022-09-01 14:50:00,4198.0,4198.0,4191.0,4195.0,4.0,167780.0,3830.0
2022-09-01 14:55:00,4195.0,4209.0,4195.0,4209.0,4.0,168040.0,3830.0
2022-09-01 21:00:00,4190.0,4244.0,4184.0,4196.0,49.0,2054720.0,3828.0
2022-09-01 21:05:00,4196.0,4197.0,4192.0,4192.0,30.0,1257820.0,3826.0
2022-09-01 21:10:00,4192.0,4192.0,4192.0,4192.0,68.0,2851260.0,3822.0
2022-09-01 21:15:00,4206.0,4206.0,4206.0,4206.0,21.0,883260.0,3818.0
2022-09-01 21:20:00,4208.0,4227.0,4208.0,4218.0,26.0,1097750.0,3819.0
2022-09-01 21:25:00,4228.0,4233.0,4216.0,4216.0,17.0,717300.0,3824.0
2022-09-01 21:30:00,4216.0,4223.0,4216.0,4219.0,7.0,295320.0,3827.0
2022-09-01 21:35:00,4217.0,4217.0,4207.0,4209.0,17.0,715510.0,3832.0
2022-09-01 21:40:00,4209.0,4216.0,4209.0,4210.0,5.0,210560.0,3832.0
2022-09-01 21:45:00,4204.0,4204.0,4200.0,4200.0,30.0,1261060.0,3851.0
2022-09-01 21:50:00,4200.0,4201.0,4200.0,4201.0,1.0,42010.0,3852.0
2022-09-01 21:55:00,4201.0,4201.0,4201.0,4201.0,0.0,0.0,3852.0
2022-09-01 22:00:00,4201.0,4201.0,4192.0,4192.0,22.0,922380.0,3874.0
2022-09-01 22:05:00,4192.0,4192.0,4192.0,4192.0,0.0,0.0,3874.0
2022-09-01 22:10:00,4192.0,4192.0,4192.0,4192.0,0.0,0.0,3874.0
2022-09-01 22:15:00,4192.0,4192.0,4192.0,4192.0,0.0,0.0,3874.0
2022-09-01 22:20:00,4199.0,4199.0,4199.0,4199.0,1.0,41990.0,3874.0
2022-09-01 22:25:00,4199.0,4208.0,4199.0,4208.0,1.0,42080.0,3873.0
2022-09-01 22:30:00,4208.0,4208.0,4208.0,4208.0,0.0,0.0,3873.0
2022-09-01 22:35:00,4208.0,4215.0,4208.0,4215.0,1.0,42150.0,3872.0
2022-09-01 22:40:00,4215.0,4215.0,4215.0,4215.0,1.0,42150.0,3872.0
2022-09-01 22:45:00,4215.0,4215.0,4215.0,4215.0,0.0,0.0,3872.0
2022-09-01 22:50:00,4215.0,4215.0,4198.0,4198.0,5.0,209990.0,3870.0
2022-09-01 22:55:00,4198.0,4198.0,4198.0,4198.0,2.0,83960.0,3868.0
2022-09-02 09:00:00,4215.0,4215.0,4200.0,4200.0,64.0,2690400.0,3862.0
2022-09-02 09:05:00,4200.0,4200.0,4192.0,4195.0,16.0,671030.0,3866.0
2022-09-02 09:10:00,4195.0,4195.0,4190.0,4190.0,19.0,796310.0,3874.0
2022-09-02 09:15:00,4190.0,4190.0,4185.0,4185.0,3.0,125560.0,3874.0
2022-09-02 09:20:00,4185.0,4185.0,4182.0,4182.0,13.0,543940.0,3880.0
2022-09-02 09:25:00,4181.0,4184.0,4176.0,4176.0,9.0,376280.0,3876.0
2022-09-02 09:30:00,4173.0,4174.0,4165.0,4171.0,6.0,250220.0,3876.0
2022-09-02 09:35:00,4171.0,4171.0,4130.0,4130.0,15.0,621990.0,3876.0
2022-09-02 09:40:00,4123.0,4125.0,4101.0,4102.0,46.0,1891480.0,3886.0
2022-09-02 09:45:00,4100.0,4113.0,4090.0,4113.0,75.0,3074250.0,3933.0
2022-09-02 09:50:00,4105.0,4123.0,4105.0,4118.0,18.0,740370.0,3944.0
2022-09-02 09:55:00,4126.0,4133.0,4122.0,4122.0,12.0,495260.0,3952.0
2022-09-02 10:00:00,4115.0,4117.0,4109.0,4112.0,20.0,822860.0,3970.0
2022-09-02 10:05:00,4112.0,4114.0,4108.0,4114.0,12.0,493360.0,3982.0
2022-09-02 10:10:00,4114.0,4114.0,4106.0,4108.0,21.0,862780.0,3992.0
2022-09-02 10:30:00,4104.0,4105.0,4097.0,4105.0,18.0,738590.0,4000.0
2022-09-02 10:35:00,4105.0,4106.0,4105.0,4106.0,1.0,41060.0,4001.0
2022-09-02 10:40:00,4106.0,4110.0,4099.0,4099.0,37.0,1519420.0,3994.0
2022-09-02 10:45:00,4099.0,4108.0,4099.0,4105.0,18.0,739120.0,4009.0
2022-09-02 10:50:00,4101.0,4105.0,4100.0,4105.0,9.0,369320.0,4018.0
2022-09-02 10:55:00,4105.0,4140.0,4105.0,4140.0,12.0,495380.0,4011.0
2022-09-02 11:00:00,4140.0,4140.0,4124.0,4124.0,60.0,2479180.0,4015.0
2022-09-02 11:05:00,4125.0,4125.0,4122.0,4122.0,8.0,329880.0,4015.0
2022-09-02 11:10:00,4128.0,4136.0,4128.0,4135.0,11.0,454630.0,4012.0
2022-09-02 11:15:00,4131.0,4131.0,4129.0,4129.0,14.0,578140.0,4021.0
2022-09-02 11:20:00,4129.0,4129.0,4120.0,4120.0,4.0,164820.0,4021.0
2022-09-02 11:25:00,4120.0,4131.0,4120.0,4131.0,4.0,165180.0,4020.0
2022-09-02 13:30:00,4132.0,4132.0,4120.0,4120.0,6.0,247440.0,4020.0
2022-09-02 13:35:00,4120.0,4120.0,4113.0,4113.0,1.0,41130.0,4019.0
2022-09-02 13:40:00,4113.0,4113.0,4113.0,4113.0,0.0,0.0,4019.0
2022-09-02 13:45:00,4113.0,4120.0,4113.0,4120.0,1.0,41200.0,4019.0
2022-09-02 13:50:00,4121.0,4121.0,4121.0,4121.0,1.0,41210.0,4018.0
2022-09-02 13:55:00,4121.0,4121.0,4121.0,4121.0,0.0,0.0,4018.0
2022-09-02 14:00:00,4121.0,4121.0,4108.0,4112.0,2.0,82200.0,4019.0
2022-09-02 14:05:00,4112.0,4112.0,4109.0,4109.0,6.0,246620.0,4025.0
2022-09-02 14:10:00,4107.0,4107.0,4101.0,4101.0,6.0,246210.0,4028.0
2022-09-02 14:15:00,4101.0,4104.0,4101.0,4102.0,3.0,123070.0,4030.0
2022-09-02 14:20:00,4104.0,4104.0,4102.0,4102.0,8.0,328200.0,4037.0
2022-09-02 14:25:00,4102.0,4102.0,4102.0,4102.0,0.0,0.0,4037.0
2022-09-02 14:30:00,4100.0,4100.0,4100.0,4100.0,12.0,492000.0,4048.0
2022-09-02 14:35:00,4107.0,4109.0,4107.0,4109.0,2.0,82160.0,4049.0
2022-09-02 14:40:00,4109.0,4109.0,4105.0,4105.0,2.0,82100.0,4051.0
2022-09-02 14:45:00,4105.0,4107.0,4105.0,4107.0,1.0,41070.0,4052.0
2022-09-02 14:50:00,4106.0,4108.0,4102.0,4108.0,17.0,697810.0,4058.0
2022-09-02 14:55:00,4106.0,4106.0,4100.0,4100.0,16.0,656500.0,4060.0
2022-09-02 21:00:00,4139.0,4144.0,4139.0,4140.0,20.0,828100.0,4056.0
2022-09-02 21:05:00,4140.0,4154.0,4140.0,4154.0,35.0,1451620.0,4037.0
2022-09-02 21:10:00,4155.0,4178.0,4155.0,4178.0,37.0,1542520.0,4033.0
2022-09-02 21:15:00,4179.0,4187.0,4179.0,4184.0,45.0,1881950.0,4008.0
2022-09-02 21:20:00,4188.0,4195.0,4186.0,4188.0,25.0,1047600.0,4009.0
2022-09-02 21:25:00,4184.0,4184.0,4180.0,4180.0,9.0,376460.0,4007.0
2022-09-02 21:30:00,4180.0,4191.0,4180.0,4191.0,2.0,83790.0,4007.0
2022-09-02 21:35:00,4192.0,4200.0,4191.0,4191.0,27.0,1132700.0,4006.0
2022-09-02 21:40:00,4197.0,4197.0,4190.0,4192.0,25.0,1048110.0,4008.0
2022-09-02 21:45:00,4192.0,4205.0,4192.0,4205.0,22.0,924250.0,4010.0
2022-09-02 21:50:00,4206.0,4212.0,4206.0,4212.0,10.0,420860.0,4011.0
2022-09-02 21:55:00,4203.0,4215.0,4202.0,4215.0,14.0,589250.0,4011.0
2022-09-02 22:00:00,4214.0,4219.0,4214.0,4217.0,10.0,421750.0,4012.0
2022-09-02 22:05:00,4217.0,4220.0,4212.0,4212.0,4.0,168560.0,4012.0
2022-09-02 22:10:00,4212.0,4215.0,4211.0,4211.0,5.0,210700.0,4010.0
2022-09-02 22:15:00,4212.0,4217.0,4208.0,4215.0,20.0,842560.0,4009.0
2022-09-02 22:20:00,4216.0,4223.0,4213.0,4223.0,37.0,1560590.0,4014.0
2022-09-02 22:25:00,4224.0,4230.0,4224.0,4228.0,7.0,295880.0,4014.0
2022-09-02 22:30:00,4225.0,4227.0,4225.0,4225.0,4.0,169020.0,4015.0
2022-09-02 22:35:00,4220.0,4222.0,4220.0,4220.0,5.0,211060.0,4014.0
2022-09-02 22:40:00,4220.0,4229.0,4220.0,4222.0,8.0,337890.0,4015.0
2022-09-02 22:45:00,4222.0,4222.0,4222.0,4222.0,2.0,84440.0,4015.0
2022-09-02 22:50:00,4222.0,4224.0,4222.0,4222.0,5.0,211150.0,4014.0
2022-09-02 22:55:00,4229.0,4267.0,4229.0,4267.0,25.0,1061970.0,4015.0
2022-09-05 09:00:00,4242.0,4247.0,4232.0,4238.0,17.0,721000.0,4009.0
2022-09-05 09:05:00,4238.0,4239.0,4229.0,4232.0,7.0,296340.0,4006.0
2022-09-05 09:10:00,4232.0,4232.0,4232.0,4232.0,0.0,0.0,4006.0
2022-09-05 09:15:00,4232.0,4249.0,4232.0,4249.0,101.0,4291670.0,4090.0
2022-09-05 09:20:00,4250.0,4252.0,4229.0,4248.0,533.0,22635300.0,4455.0
2022-09-05 09:25:00,4247.0,4260.0,4233.0,4260.0,61.0,2590240.0,4446.0
2022-09-05 09:30:00,4260.0,4260.0,4252.0,4255.0,120.0,5106330.0,4552.0
2022-09-05 09:35:00,4254.0,4254.0,4249.0,4251.0,193.0,8204030.0,4705.0
2022-09-05 09:40:00,4258.0,4263.0,4250.0,4263.0,87.0,3700500.0,4720.0
2022-09-05 09:45:00,4263.0,4263.0,4259.0,4260.0,59.0,2516060.0,4719.0
2022-09-05 09:50:00,4266.0,4271.0,4266.0,4269.0,74.0,3159710.0,4774.0
2022-09-05 09:55:00,4267.0,4272.0,4267.0,4271.0,9.0,384120.0,4781.0
2022-09-05 10:00:00,4273.0,4284.0,4273.0,4278.0,29.0,1241070.0,4788.0
2022-09-05 10:05:00,4278.0,4278.0,4271.0,4271.0,13.0,556090.0,4795.0
2022-09-05 10:10:00,4271.0,4290.0,4271.0,4285.0,15.0,642630.0,4799.0
2022-09-05 10:30:00,4285.0,4294.0,4285.0,4287.0,42.0,1802470.0,4801.0
2022-09-05 10:35:00,4287.0,4290.0,4283.0,4290.0,12.0,514080.0,4800.0
2022-09-05 10:40:00,4290.0,4291.0,4290.0,4291.0,74.0,3175340.0,4844.0
2022-09-05 10:45:00,4292.0,4295.0,4289.0,4295.0,30.0,1287550.0,4864.0
2022-09-05 10:50:00,4296.0,4300.0,4294.0,4297.0,22.0,945410.0,4872.0
2022-09-05 10:55:00,4297.0,4301.0,4297.0,4301.0,3.0,129010.0,4873.0
2022-09-05 11:00:00,4301.0,4308.0,4298.0,4308.0,3.0,129120.0,4874.0
2022-09-05 11:05:00,4316.0,4316.0,4312.0,4313.0,7.0,301990.0,4876.0
2022-09-05 11:10:00,4314.0,4324.0,4314.0,4324.0,25.0,1079320.0,4895.0
2022-09-05 11:15:00,4318.0,4336.0,4318.0,4336.0,13.0,562150.0,4894.0
2022-09-05 11:20:00,4337.0,4346.0,4330.0,4330.0,13.0,564030.0,4892.0
2022-09-05 11:25:00,4335.0,4343.0,4335.0,4343.0,33.0,1433120.0,4892.0
2022-09-05 13:30:00,4342.0,4350.0,4341.0,4350.0,64.0,2783120.0,4939.0
2022-09-05 13:35:00,4349.0,4349.0,4340.0,4341.0,18.0,781740.0,4955.0
2022-09-05 13:40:00,4341.0,4345.0,4341.0,4345.0,34.0,1476520.0,4965.0
2022-09-05 13:45:00,4347.0,4347.0,4332.0,4334.0,34.0,1474860.0,4983.0
2022-09-05 13:50:00,4334.0,4336.0,4334.0,4336.0,17.0,737150.0,4996.0
2022-09-05 13:55:00,4336.0,4342.0,4336.0,4342.0,6.0,260480.0,5001.0
2022-09-05 14:00:00,4342.0,4342.0,4340.0,4340.0,7.0,303900.0,5005.0
2022-09-05 14:05:00,4340.0,4340.0,4335.0,4335.0,3.0,130100.0,5008.0
2022-09-05 14:10:00,4335.0,4335.0,4335.0,4335.0,0.0,0.0,5008.0
2022-09-05 14:15:00,4335.0,4335.0,4335.0,4335.0,47.0,2038930.0,5027.0
2022-09-05 14:20:00,4335.0,4335.0,4335.0,4335.0,16.0,693600.0,5043.0
2022-09-05 14:25:00,4335.0,4335.0,4335.0,4335.0,0.0,0.0,5043.0
2022-09-05 14:30:00,4335.0,4335.0,4335.0,4335.0,0.0,0.0,5043.0
2022-09-05 14:35:00,4335.0,4335.0,4335.0,4335.0,0.0,0.0,5043.0
2022-09-05 14:40:00,4338.0,4339.0,4328.0,4329.0,35.0,1515970.0,5056.0
2022-09-05 14:45:00,4329.0,4332.0,4329.0,4332.0,2.0,86640.0,5057.0
2022-09-05 14:50:00,4331.0,4339.0,4331.0,4339.0,8.0,346780.0,5058.0
2022-09-05 14:55:00,4336.0,4350.0,4336.0,4348.0,21.0,912170.0,5058.0
2022-09-05 21:00:00,4335.0,4386.0,4335.0,4350.0,262.0,11416410.0,5262.0
2022-09-05 21:05:00,4358.0,4358.0,4348.0,4351.0,43.0,1870960.0,5298.0
2022-09-05 21:10:00,4351.0,4351.0,4351.0,4351.0,2.0,87020.0,5300.0
2022-09-05 21:15:00,4347.0,4347.0,4344.0,4344.0,5.0,217290.0,5301.0
2022-09-05 21:20:00,4344.0,4344.0,4338.0,4338.0,4.0,173540.0,5302.0
2022-09-05 21:25:00,4333.0,4340.0,4330.0,4340.0,72.0,3121760.0,5336.0
2022-09-05 21:30:00,4340.0,4342.0,4326.0,4326.0,116.0,5029040.0,5436.0
2022-09-05 21:35:00,4326.0,4331.0,4326.0,4330.0,24.0,1038840.0,5445.0
2022-09-05 21:40:00,4327.0,4330.0,4318.0,4318.0,39.0,1687260.0,5470.0
2022-09-05 21:45:00,4318.0,4328.0,4318.0,4328.0,33.0,1425840.0,5502.0
2022-09-05 21:50:00,4329.0,4342.0,4329.0,4338.0,129.0,5592030.0,5542.0
2022-09-05 21:55:00,4338.0,4338.0,4338.0,4338.0,1.0,43380.0,5541.0
2022-09-05 22:00:00,4338.0,4338.0,4338.0,4338.0,1.0,43390.0,5541.0
2022-09-05 22:05:00,4338.0,4347.0,4338.0,4347.0,28.0,1217160.0,5566.0
2022-09-05 22:10:00,4347.0,4357.0,4347.0,4357.0,25.0,1089090.0,5567.0
2022-09-05 22:15:00,4357.0,4357.0,4357.0,4357.0,51.0,2222070.0,5535.0
2022-09-05 22:20:00,4357.0,4357.0,4351.0,4351.0,1.0,43510.0,5534.0
2022-09-05 22:25:00,4351.0,4362.0,4351.0,4362.0,12.0,523210.0,5534.0
2022-09-05 22:30:00,4362.0,4367.0,4361.0,4361.0,11.0,479940.0,5531.0
2022-09-05 22:35:00,4361.0,4361.0,4361.0,4361.0,5.0,218050.0,5536.0
2022-09-05 22:40:00,4361.0,4361.0,4361.0,4361.0,9.0,392490.0,5545.0
2022-09-05 22:45:00,4361.0,4361.0,4361.0,4361.0,10.0,436100.0,5549.0
2022-09-05 22:50:00,4361.0,4361.0,4342.0,4342.0,50.0,2171310.0,5549.0
2022-09-05 22:55:00,4342.0,4347.0,4336.0,4336.0,9.0,390680.0,5555.0
2022-09-06 09:00:00,4336.0,4345.0,4336.0,4345.0,15.0,651640.0,5561.0
2022-09-06 09:05:00,4353.0,4354.0,4351.0,4353.0,71.0,3122550.0,5566.0
2022-09-06 09:10:00,4354.0,4364.0,4351.0,4364.0,13.0,566200.0,5565.0
2022-09-06 09:15:00,4364.0,4364.0,4364.0,4364.0,10.0,436400.0,5575.0
2022-09-06 09:20:00,4359.0,4359.0,4358.0,4358.0,13.0,566560.0,5575.0
2022-09-06 09:25:00,4350.0,4350.0,4344.0,4344.0,3.0,130420.0,5574.0
2022-09-06 09:30:00,4344.0,4346.0,4344.0,4346.0,2.0,86920.0,5574.0
2022-09-06 09:35:00,4346.0,4352.0,4346.0,4352.0,1.0,43520.0,5574.0
2022-09-06 09:40:00,4352.0,4353.0,4352.0,4353.0,1.0,43530.0,5574.0
2022-09-06 09:45:00,4353.0,4355.0,4353.0,4355.0,6.0,261350.0,5574.0
2022-09-06 09:50:00,4355.0,4355.0,4349.0,4349.0,1.0,43490.0,5573.0
2022-09-06 09:55:00,4349.0,4349.0,4346.0,4346.0,11.0,478060.0,5573.0
2022-09-06 10:00:00,4346.0,4346.0,4343.0,4343.0,9.0,391020.0,5578.0
2022-09-06 10:05:00,4343.0,4343.0,4330.0,4330.0,24.0,1041270.0,5583.0
2022-09-06 10:10:00,4330.0,4330.0,4330.0,4330.0,8.0,346400.0,5580.0
2022-09-06 10:30:00,4330.0,4343.0,4330.0,4343.0,3.0,130290.0,5581.0
2022-09-06 10:35:00,4343.0,4343.0,4330.0,4330.0,3.0,129940.0,5581.0
2022-09-06 10:40:00,4339.0,4344.0,4339.0,4339.0,122.0,5294420.0,5552.0
2022-09-06 10:45:00,4336.0,4336.0,4336.0,4336.0,3.0,130080.0,5552.0
2022-09-06 10:50:00,4336.0,4336.0,4326.0,4326.0,17.0,736090.0,5555.0
2022-09-06 10:55:00,4326.0,4337.0,4326.0,4334.0,2.0,86710.0,5556.0
2022-09-06 11:00:00,4334.0,4334.0,4332.0,4332.0,41.0,1776920.0,5555.0
2022-09-06 11:05:00,4333.0,4341.0,4333.0,4341.0,110.0,4767120.0,5650.0
2022-09-06 11:10:00,4341.0,4347.0,4341.0,4347.0,10.0,434640.0,5650.0
2022-09-06 11:15:00,4347.0,4347.0,4347.0,4347.0,8.0,348040.0,5642.0
2022-09-06 11:20:00,4345.0,4345.0,4345.0,4345.0,1.0,43450.0,5643.0
2022-09-06 11:25:00,4345.0,4345.0,4345.0,4345.0,0.0,0.0,5643.0
2022-09-06 13:30:00,4345.0,4363.0,4345.0,4363.0,57.0,2487750.0,5643.0
2022-09-06 13:35:00,4368.0,4368.0,4361.0,4361.0,74.0,3228740.0,5682.0
2022-09-06 13:40:00,4361.0,4361.0,4361.0,4361.0,0.0,0.0,5682.0
2022-09-06 13:45:00,4361.0,4361.0,4361.0,4361.0,0.0,0.0,5682.0
2022-09-06 13:50:00,4361.0,4361.0,4358.0,4358.0,7.0,305070.0,5678.0
2022-09-06 13:55:00,4358.0,4358.0,4350.0,4350.0,4.0,174010.0,5678.0
2022-09-06 14:00:00,4357.0,4360.0,4357.0,4360.0,6.0,261490.0,5675.0
2022-09-06 14:05:00,4360.0,4360.0,4360.0,4360.0,21.0,916200.0,5695.0
2022-09-06 14:10:00,4365.0,4365.0,4365.0,4365.0,1.0,43650.0,5696.0
2022-09-06 14:15:00,4365.0,4365.0,4361.0,4363.0,2.0,87240.0,5696.0
2022-09-06 14:20:00,4368.0,4368.0,4366.0,4366.0,426.0,18607150.0,6086.0
2022-09-06 14:25:00,4366.0,4376.0,4366.0,4373.0,10.0,437370.0,6089.0
2022-09-06 14:30:00,4373.0,4379.0,4373.0,4379.0,15.0,656360.0,6081.0
2022-09-06 14:35:00,4379.0,4394.0,4379.0,4394.0,82.0,3591130.0,6000.0
2022-09-06 14:40:00,4394.0,4394.0,4384.0,4385.0,129.0,5661420.0,5871.0
2022-09-06 14:45:00,4385.0,4385.0,4385.0,4385.0,35.0,1535720.0,5836.0
2022-09-06 14:50:00,4385.0,4387.0,4385.0,4387.0,52.0,2282400.0,5806.0
2022-09-06 14:55:00,4391.0,4398.0,4390.0,4390.0,102.0,4481300.0,5800.0
2022-09-06 21:00:00,4380.0,4385.0,4380.0,4384.0,75.0,3287220.0,5782.0
2022-09-06 21:05:00,4386.0,4400.0,4386.0,4397.0,53.0,2329170.0,5751.0
2022-09-06 21:10:00,4397.0,4397.0,4369.0,4373.0,49.0,2142460.0,5796.0
2022-09-06 21:15:00,4377.0,4380.0,4377.0,4380.0,6.0,262770.0,5790.0
2022-09-06 21:20:00,4380.0,4383.0,4373.0,4373.0,13.0,569540.0,5792.0
2022-09-06 21:25:00,4368.0,4370.0,4361.0,4364.0,33.0,1440610.0,5778.0
2022-09-06 21:30:00,4364.0,4367.0,4364.0,4367.0,19.0,829370.0,5788.0
2022-09-06 21:35:00,4372.0,4372.0,4367.0,4367.0,2.0,87390.0,5787.0
2022-09-06 21:40:00,4367.0,4369.0,4367.0,4369.0,10.0,436760.0,5797.0
2022-09-06 21:45:00,4369.0,4369.0,4369.0,4369.0,0.0,0.0,5797.0
2022-09-06 21:50:00,4369.0,4369.0,4369.0,4369.0,4.0,174760.0,5801.0
2022-09-06 21:55:00,4369.0,4369.0,4369.0,4369.0,0.0,0.0,5801.0
2022-09-06 22:00:00,4369.0,4369.0,4369.0,4369.0,0.0,0.0,5801.0
2022-09-06 22:05:00,4369.0,4369.0,4369.0,4369.0,0.0,0.0,5801.0
2022-09-06 22:10:00,4369.0,4369.0,4356.0,4357.0,20.0,871710.0,5800.0
2022-09-06 22:15:00,4357.0,4372.0,4357.0,4372.0,3.0,131160.0,5803.0
2022-09-06 22:20:00,4372.0,4372.0,4372.0,4372.0,40.0,1748800.0,5763.0
2022-09-06 22:25:00,4372.0,4374.0,4372.0,4374.0,6.0,262490.0,5762.0
2022-09-06 22:30:00,4374.0,4375.0,4374.0,4375.0,1.0,43750.0,5763.0
2022-09-06 22:35:00,4375.0,4385.0,4375.0,4385.0,13.0,569930.0,5768.0
2022-09-06 22:40:00,4385.0,4385.0,4385.0,4385.0,1.0,43850.0,5767.0
2022-09-06 22:45:00,4385.0,4385.0,4385.0,4385.0,0.0,0.0,5767.0
2022-09-06 22:50:00,4385.0,4385.0,4385.0,4385.0,1.0,43850.0,5767.0
2022-09-06 22:55:00,4385.0,4385.0,4385.0,4385.0,1.0,43850.0,5767.0
2022-09-07 09:00:00,4375.0,4375.0,4350.0,4356.0,21.0,915970.0,5784.0
2022-09-07 09:05:00,4350.0,4355.0,4336.0,4336.0,134.0,5828930.0,5890.0
2022-09-07 09:10:00,4336.0,4341.0,4336.0,4341.0,13.0,564230.0,5900.0
2022-09-07 09:15:00,4341.0,4341.0,4341.0,4341.0,0.0,0.0,5900.0
2022-09-07 09:20:00,4341.0,4341.0,4341.0,4341.0,0.0,0.0,5900.0
2022-09-07 09:25:00,4341.0,4365.0,4341.0,4365.0,1.0,43650.0,5899.0
2022-09-07 09:30:00,4365.0,4365.0,4361.0,4361.0,2.0,87220.0,5899.0
2022-09-07 09:35:00,4361.0,4361.0,4361.0,4361.0,0.0,0.0,5899.0
2022-09-07 09:40:00,4361.0,4369.0,4361.0,4369.0,7.0,305830.0,5901.0
2022-09-07 09:45:00,4369.0,4369.0,4358.0,4358.0,9.0,392220.0,5892.0
2022-09-07 09:50:00,4358.0,4358.0,4358.0,4358.0,28.0,1223320.0,5892.0
2022-09-07 09:55:00,4358.0,4358.0,4358.0,4358.0,0.0,0.0,5892.0
2022-09-07 10:00:00,4358.0,4358.0,4358.0,4358.0,0.0,0.0,5892.0
2022-09-07 10:05:00,4367.0,4367.0,4367.0,4367.0,2.0,87340.0,5892.0
2022-09-07 10:10:00,4367.0,4368.0,4367.0,4368.0,25.0,1091790.0,5867.0
2022-09-07 10:30:00,4368.0,4368.0,4368.0,4368.0,0.0,0.0,5867.0
2022-09-07 10:35:00,4368.0,4373.0,4368.0,4373.0,89.0,3892560.0,5846.0
2022-09-07 10:40:00,4373.0,4380.0,4371.0,4380.0,376.0,16445550.0,5713.0
2022-09-07 10:45:00,4380.0,4380.0,4380.0,4380.0,1.0,43800.0,5714.0
2022-09-07 10:50:00,4380.0,4380.0,4380.0,4380.0,3.0,131400.0,5715.0
2022-09-07 10:55:00,4380.0,4380.0,4367.0,4367.0,6.0,262370.0,5715.0
2022-09-07 11:00:00,4367.0,4367.0,4367.0,4367.0,1.0,43670.0,5714.0
2022-09-07 11:05:00,4367.0,4368.0,4367.0,4368.0,13.0,567790.0,5701.0
2022-09-07 11:10:00,4368.0,4368.0,4368.0,4368.0,1.0,43680.0,5700.0
2022-09-07 11:15:00,4368.0,4368.0,4368.0,4368.0,0.0,0.0,5700.0
2022-09-07 11:20:00,4368.0,4368.0,4356.0,4356.0,5.0,218080.0,5695.0
2022-09-07 11:25:00,4356.0,4356.0,4356.0,4356.0,4.0,174560.0,5699.0
2022-09-07 13:30:00,4356.0,4365.0,4356.0,4365.0,10.0,436510.0,5693.0
2022-09-07 13:35:00,4365.0,4365.0,4361.0,4361.0,10.0,436480.0,5686.0
2022-09-07 13:40:00,4361.0,4361.0,4351.0,4351.0,6.0,261260.0,5685.0
2022-09-07 13:45:00,4351.0,4351.0,4346.0,4346.0,23.0,1000590.0,5676.0
2022-09-07 13:50:00,4345.0,4345.0,4325.0,4325.0,62.0,2690310.0,5709.0
2022-09-07 13:55:00,4325.0,4345.0,4325.0,4344.0,23.0,997260.0,5713.0
2022-09-07 14:00:00,4344.0,4356.0,4344.0,4356.0,155.0,6749180.0,5854.0
2022-09-07 14:05:00,4356.0,4356.0,4356.0,4356.0,5.0,218300.0,5854.0
2022-09-07 14:10:00,4356.0,4357.0,4343.0,4343.0,13.0,564910.0,5848.0
2022-09-07 14:15:00,4343.0,4343.0,4343.0,4343.0,2.0,86990.0,5848.0
2022-09-07 14:20:00,4343.0,4343.0,4343.0,4343.0,5.0,217750.0,5844.0
2022-09-07 14:25:00,4343.0,4343.0,4341.0,4341.0,11.0,477570.0,5841.0
2022-09-07 14:30:00,4341.0,4341.0,4326.0,4326.0,30.0,1299960.0,5864.0
2022-09-07 14:35:00,4337.0,4337.0,4337.0,4337.0,1.0,43370.0,5863.0
2022-09-07 14:40:00,4337.0,4337.0,4337.0,4337.0,45.0,1954210.0,5898.0
2022-09-07 14:45:00,4337.0,4344.0,4337.0,4341.0,5.0,217170.0,5897.0
2022-09-07 14:50:00,4341.0,4360.0,4341.0,4360.0,27.0,1176800.0,5888.0
2022-09-07 14:55:00,4360.0,4360.0,4352.0,4352.0,63.0,2745660.0,5888.0
2022-09-07 21:00:00,4338.0,4352.0,4336.0,4336.0,7.0,303890.0,5890.0
2022-09-07 21:05:00,4336.0,4349.0,4336.0,4349.0,5.0,217450.0,5890.0
2022-09-07 21:10:00,4349.0,4349.0,4334.0,4334.0,6.0,260170.0,5893.0
2022-09-07 21:15:00,4328.0,4329.0,4324.0,4328.0,48.0,2077300.0,5901.0
2022-09-07 21:20:00,4320.0,4320.0,4308.0,4308.0,17.0,734000.0,5910.0
2022-09-07 21:25:00,4308.0,4315.0,4308.0,4310.0,4.0,172450.0,5911.0
2022-09-07 21:30:00,4306.0,4320.0,4306.0,4320.0,8.0,345400.0,5913.0
2022-09-07 21:35:00,4320.0,4325.0,4320.0,4325.0,1.0,43250.0,5913.0
2022-09-07 21:40:00,4325.0,4327.0,4325.0,4327.0,1.0,43270.0,5913.0
2022-09-07 21:45:00,4331.0,4331.0,4331.0,4331.0,5.0,216550.0,5918.0
2022-09-07 21:50:00,4320.0,4320.0,4320.0,4320.0,1.0,43200.0,5919.0
2022-09-07 21:55:00,4320.0,4335.0,4320.0,4335.0,1.0,43350.0,5919.0
2022-09-07 22:00:00,4335.0,4335.0,4335.0,4335.0,0.0,0.0,5919.0
2022-09-07 22:05:00,4335.0,4335.0,4335.0,4335.0,2.0,86720.0,5917.0
2022-09-07 22:10:00,4335.0,4335.0,4335.0,4335.0,0.0,0.0,5917.0
2022-09-07 22:15:00,4335.0,4346.0,4335.0,4346.0,7.0,304130.0,5913.0
2022-09-07 22:20:00,4350.0,4350.0,4350.0,4350.0,75.0,3262500.0,5968.0
2022-09-07 22:25:00,4350.0,4350.0,4348.0,4350.0,95.0,4132390.0,6016.0
2022-09-07 22:30:00,4350.0,4350.0,4344.0,4348.0,105.0,4567240.0,6094.0
2022-09-07 22:35:00,4350.0,4354.0,4350.0,4354.0,74.0,3221510.0,6146.0
2022-09-07 22:40:00,4354.0,4366.0,4354.0,4357.0,17.0,741910.0,6145.0
2022-09-07 22:45:00,4358.0,4366.0,4358.0,4366.0,4.0,174530.0,6147.0
2022-09-07 22:50:00,4357.0,4357.0,4357.0,4357.0,3.0,130720.0,6148.0
2022-09-07 22:55:00,4357.0,4357.0,4350.0,4350.0,2.0,87000.0,6148.0
2022-09-08 09:00:00,4340.0,4340.0,4329.0,4338.0,36.0,1561180.0,6147.0
2022-09-08 09:05:00,4338.0,4338.0,4338.0,4338.0,1.0,43380.0,6147.0
2022-09-08 09:10:00,4338.0,4338.0,4338.0,4338.0,0.0,0.0,6147.0
2022-09-08 09:15:00,4338.0,4338.0,4337.0,4337.0,3.0,130120.0,6148.0
2022-09-08 09:20:00,4337.0,4337.0,4337.0,4337.0,0.0,0.0,6148.0
2022-09-08 09:25:00,4337.0,4337.0,4337.0,4337.0,14.0,609460.0,6150.0
2022-09-08 09:30:00,4349.0,4349.0,4349.0,4349.0,4.0,173980.0,6150.0
2022-09-08 09:35:00,4349.0,4349.0,4346.0,4346.0,58.0,2522410.0,6147.0
2022-09-08 09:40:00,4355.0,4360.0,4355.0,4360.0,6.0,261550.0,6147.0
2022-09-08 09:45:00,4360.0,4360.0,4360.0,4360.0,0.0,0.0,6147.0
2022-09-08 09:50:00,4365.0,4365.0,4365.0,4365.0,22.0,961170.0,6155.0
2022-09-08 09:55:00,4365.0,4365.0,4351.0,4351.0,3.0,130530.0,6158.0
2022-09-08 10:00:00,4359.0,4359.0,4347.0,4347.0,32.0,1394670.0,6169.0
2022-09-08 10:05:00,4347.0,4347.0,4347.0,4347.0,0.0,0.0,6169.0
2022-09-08 10:10:00,4347.0,4358.0,4347.0,4358.0,2.0,87160.0,6169.0
2022-09-08 10:30:00,4353.0,4365.0,4353.0,4365.0,133.0,5793380.0,6198.0
2022-09-08 10:35:00,4365.0,4365.0,4350.0,4360.0,287.0,12511080.0,6359.0
2022-09-08 10:40:00,4360.0,4379.0,4360.0,4379.0,20.0,874850.0,6370.0
2022-09-08 10:45:00,4379.0,4383.0,4378.0,4383.0,47.0,2058690.0,6410.0
2022-09-08 10:50:00,4382.0,4400.0,4363.0,4385.0,50.0,2194630.0,6450.0
2022-09-08 10:55:00,4385.0,4396.0,4385.0,4396.0,2.0,87920.0,6448.0
2022-09-08 11:00:00,4397.0,4408.0,4397.0,4403.0,14.0,616340.0,6439.0
2022-09-08 11:05:00,4403.0,4403.0,4392.0,4392.0,5.0,219780.0,6440.0
2022-09-08 11:10:00,4399.0,4399.0,4399.0,4399.0,1.0,43990.0,6439.0
2022-09-08 11:15:00,4399.0,4400.0,4399.0,4400.0,1.0,44000.0,6439.0
2022-09-08 11:20:00,4400.0,4415.0,4400.0,4415.0,3.0,132340.0,6440.0
2022-09-08 11:25:00,4415.0,4423.0,4415.0,4416.0,74.0,3270180.0,6491.0
2022-09-08 13:30:00,4416.0,4416.0,4409.0,4409.0,8.0,352720.0,6492.0
2022-09-08 13:35:00,4409.0,4409.0,4409.0,4409.0,0.0,0.0,6492.0
2022-09-08 13:40:00,4428.0,4444.0,4428.0,4444.0,4.0,177400.0,6495.0
2022-09-08 13:45:00,4445.0,4449.0,4442.0,4442.0,5.0,222270.0,6496.0
2022-09-08 13:50:00,4442.0,4444.0,4442.0,4444.0,3.0,133300.0,6498.0
2022-09-08 13:55:00,4444.0,4444.0,4435.0,4441.0,50.0,2220030.0,6500.0
2022-09-08 14:00:00,4441.0,4441.0,4428.0,4428.0,27.0,1196180.0,6501.0
2022-09-08 14:05:00,4428.0,4432.0,4428.0,4432.0,5.0,221520.0,6501.0
2022-09-08 14:10:00,4430.0,4430.0,4430.0,4430.0,5.0,221500.0,6497.0
2022-09-08 14:15:00,4430.0,4430.0,4430.0,4430.0,11.0,487300.0,6495.0
2022-09-08 14:20:00,4430.0,4430.0,4422.0,4422.0,12.0,531150.0,6503.0
2022-09-08 14:25:00,4422.0,4422.0,4418.0,4418.0,14.0,618550.0,6501.0
2022-09-08 14:30:00,4411.0,4411.0,4389.0,4390.0,215.0,9453650.0,6474.0
2022-09-08 14:35:00,4388.0,4403.0,4386.0,4400.0,17.0,747600.0,6482.0
2022-09-08 14:40:00,4405.0,4405.0,4405.0,4405.0,1.0,44050.0,6483.0
2022-09-08 14:45:00,4405.0,4414.0,4405.0,4414.0,3.0,132420.0,6485.0
2022-09-08 14:50:00,4415.0,4415.0,4399.0,4401.0,13.0,572180.0,6491.0
2022-09-08 14:55:00,4401.0,4409.0,4401.0,4409.0,33.0,1454230.0,6483.0
2022-09-08 21:00:00,4421.0,4421.0,4401.0,4415.0,20.0,881930.0,6479.0
2022-09-08 21:05:00,4415.0,4417.0,4402.0,4414.0,15.0,661520.0,6489.0
2022-09-08 21:10:00,4413.0,4425.0,4413.0,4425.0,3.0,132510.0,6490.0
2022-09-08 21:15:00,4425.0,4425.0,4411.0,4411.0,2.0,88320.0,6489.0
2022-09-08 21:20:00,4411.0,4411.0,4400.0,4401.0,12.0,528010.0,6494.0
2022-09-08 21:25:00,4401.0,4401.0,4392.0,4392.0,1.0,43920.0,6493.0
2022-09-08 21:30:00,4403.0,4403.0,4403.0,4403.0,6.0,264160.0,6490.0
2022-09-08 21:35:00,4392.0,4395.0,4392.0,4395.0,2.0,87870.0,6491.0
2022-09-08 21:40:00,4396.0,4396.0,4395.0,4396.0,7.0,307700.0,6492.0
2022-09-08 21:45:00,4400.0,4400.0,4400.0,4400.0,1.0,44000.0,6491.0
2022-09-08 21:50:00,4395.0,4395.0,4395.0,4395.0,1.0,43950.0,6491.0
2022-09-08 21:55:00,4395.0,4395.0,4395.0,4395.0,0.0,0.0,6491.0
2022-09-08 22:00:00,4395.0,4395.0,4395.0,4395.0,0.0,0.0,6491.0
2022-09-08 22:05:00,4386.0,4386.0,4386.0,4386.0,1.0,43860.0,6492.0
2022-09-08 22:10:00,4386.0,4386.0,4380.0,4380.0,3.0,131460.0,6490.0
2022-09-08 22:15:00,4380.0,4383.0,4380.0,4380.0,2.0,87630.0,6489.0
2022-09-08 22:20:00,4380.0,4380.0,4380.0,4380.0,3.0,131400.0,6492.0
2022-09-08 22:25:00,4380.0,4380.0,4380.0,4380.0,10.0,438000.0,6501.0
2022-09-08 22:30:00,4378.0,4378.0,4378.0,4378.0,1.0,43780.0,6501.0
2022-09-08 22:35:00,4378.0,4378.0,4378.0,4378.0,3.0,131340.0,6502.0
2022-09-08 22:40:00,4378.0,4378.0,4374.0,4374.0,4.0,175000.0,6500.0
2022-09-08 22:45:00,4371.0,4373.0,4370.0,4373.0,7.0,306030.0,6501.0
2022-09-08 22:50:00,4378.0,4381.0,4378.0,4381.0,8.0,350330.0,6500.0
2022-09-08 22:55:00,4381.0,4384.0,4381.0,4384.0,3.0,131490.0,6503.0
2022-09-09 09:00:00,4384.0,4384.0,4384.0,4384.0,6.0,263040.0,6503.0
2022-09-09 09:05:00,4384.0,4399.0,4384.0,4399.0,7.0,307860.0,6498.0
2022-09-09 09:10:00,4404.0,4404.0,4404.0,4404.0,10.0,440400.0,6501.0
2022-09-09 09:15:00,4404.0,4410.0,4401.0,4410.0,92.0,4055750.0,6565.0
2022-09-09 09:20:00,4409.0,4409.0,4406.0,4408.0,20.0,881610.0,6574.0
2022-09-09 09:25:00,4408.0,4418.0,4408.0,4418.0,16.0,706530.0,6565.0
2022-09-09 09:30:00,4418.0,4418.0,4418.0,4418.0,0.0,0.0,6565.0
2022-09-09 09:35:00,4418.0,4424.0,4418.0,4424.0,35.0,1547130.0,6563.0
2022-09-09 09:40:00,4424.0,4424.0,4423.0,4423.0,1.0,44230.0,6562.0
2022-09-09 09:45:00,4427.0,4427.0,4418.0,4418.0,3.0,132640.0,6562.0
2022-09-09 09:50:00,4418.0,4418.0,4417.0,4417.0,26.0,1149260.0,6557.0
2022-09-09 09:55:00,4417.0,4423.0,4417.0,4423.0,1.0,44230.0,6557.0
2022-09-09 10:00:00,4423.0,4423.0,4416.0,4416.0,103.0,4550480.0,6649.0
2022-09-09 10:05:00,4416.0,4416.0,4410.0,4410.0,1.0,44100.0,6648.0
2022-09-09 10:10:00,4410.0,4426.0,4410.0,4425.0,10.0,442540.0,6644.0
2022-09-09 10:30:00,4425.0,4428.0,4425.0,4427.0,17.0,752620.0,6636.0
2022-09-09 10:35:00,4427.0,4435.0,4427.0,4435.0,26.0,1151410.0,6611.0
2022-09-09 10:40:00,4431.0,4431.0,4431.0,4431.0,4.0,177240.0,6607.0
2022-09-09 10:45:00,4431.0,4447.0,4431.0,4445.0,32.0,1422160.0,6580.0
2022-09-09 10:50:00,4450.0,4450.0,4448.0,4449.0,15.0,667460.0,6572.0
2022-09-09 10:55:00,4449.0,4458.0,4449.0,4458.0,7.0,312060.0,6565.0
2022-09-09 11:00:00,4458.0,4459.0,4458.0,4459.0,1.0,44590.0,6564.0
2022-09-09 11:05:00,4459.0,4464.0,4454.0,4454.0,15.0,669250.0,6562.0
2022-09-09 11:10:00,4455.0,4455.0,4455.0,4455.0,1.0,44550.0,6561.0
2022-09-09 11:15:00,4463.0,4465.0,4463.0,4465.0,14.0,625320.0,6556.0
2022-09-09 11:20:00,4465.0,4465.0,4465.0,4465.0,0.0,0.0,6556.0
2022-09-09 11:25:00,4460.0,4466.0,4460.0,4466.0,3.0,133920.0,6559.0
2022-09-09 13:30:00,4462.0,4468.0,4462.0,4465.0,4.0,178630.0,6559.0
2022-09-09 13:35:00,4465.0,4472.0,4465.0,4472.0,350.0,15644450.0,6741.0
2022-09-09 13:40:00,4468.0,4468.0,4468.0,4468.0,2.0,89360.0,6739.0
2022-09-09 13:45:00,4468.0,4468.0,4468.0,4468.0,7.0,312760.0,6745.0
2022-09-09 13:50:00,4468.0,4468.0,4468.0,4468.0,3.0,134040.0,6742.0
2022-09-09 13:55:00,4468.0,4468.0,4468.0,4468.0,1.0,44680.0,6741.0
2022-09-09 14:00:00,4470.0,4470.0,4470.0,4470.0,1.0,44700.0,6740.0
2022-09-09 14:05:00,4470.0,4495.0,4470.0,4490.0,10.0,448840.0,6737.0
2022-09-09 14:10:00,4490.0,4490.0,4490.0,4490.0,11.0,493900.0,6743.0
2022-09-09 14:15:00,4490.0,4490.0,4474.0,4474.0,5.0,223700.0,6745.0
2022-09-09 14:20:00,4474.0,4474.0,4474.0,4474.0,30.0,1345800.0,6775.0
2022-09-09 14:25:00,4474.0,4474.0,4474.0,4474.0,0.0,0.0,6775.0
2022-09-09 14:30:00,4474.0,4474.0,4474.0,4474.0,0.0,0.0,6775.0
2022-09-09 14:35:00,4474.0,4491.0,4474.0,4491.0,4.0,179480.0,6775.0
2022-09-09 14:40:00,4490.0,4490.0,4484.0,4484.0,8.0,358980.0,6777.0
2022-09-09 14:45:00,4485.0,4485.0,4485.0,4485.0,1.0,44850.0,6777.0
2022-09-09 14:50:00,4498.0,4498.0,4498.0,4498.0,1.0,44980.0,6778.0
2022-09-09 14:55:00,4486.0,4488.0,4486.0,4487.0,3.0,134610.0,6776.0
2022-09-13 09:00:00,4494.0,4513.0,4488.0,4502.0,134.0,6035800.0,6870.0
2022-09-13 09:05:00,4515.0,4546.0,4515.0,4546.0,23.0,1041880.0,6876.0
2022-09-13 09:10:00,4537.0,4553.0,4530.0,4553.0,101.0,4589980.0,6952.0
2022-09-13 09:15:00,4558.0,4572.0,4556.0,4570.0,36.0,1642960.0,6965.0
2022-09-13 09:20:00,4573.0,4580.0,4570.0,4579.0,22.0,1006460.0,6968.0
2022-09-13 09:25:00,4579.0,4585.0,4561.0,4561.0,33.0,1511600.0,6983.0
2022-09-13 09:30:00,4565.0,4568.0,4555.0,4555.0,11.0,502130.0,6981.0
2022-09-13 09:35:00,4555.0,4555.0,4553.0,4553.0,4.0,182160.0,6984.0
2022-09-13 09:40:00,4553.0,4553.0,4540.0,4553.0,26.0,1180890.0,6994.0
2022-09-13 09:45:00,4553.0,4553.0,4553.0,4553.0,1.0,45530.0,6995.0
2022-09-13 09:50:00,4560.0,4578.0,4560.0,4578.0,18.0,822330.0,6995.0
2022-09-13 09:55:00,4578.0,4582.0,4578.0,4582.0,29.0,1328330.0,7015.0
2022-09-13 10:00:00,4582.0,4582.0,4582.0,4582.0,1.0,45820.0,7014.0
2022-09-13 10:05:00,4580.0,4586.0,4580.0,4580.0,160.0,7333420.0,7151.0
2022-09-13 10:10:00,4584.0,4584.0,4584.0,4584.0,2.0,91680.0,7149.0
2022-09-13 10:30:00,4584.0,4592.0,4577.0,4592.0,59.0,2707240.0,7153.0
2022-09-13 10:35:00,4594.0,4595.0,4594.0,4594.0,143.0,6569430.0,7191.0
2022-09-13 10:40:00,4594.0,4594.0,4580.0,4580.0,69.0,3161500.0,7254.0
2022-09-13 10:45:00,4578.0,4578.0,4569.0,4573.0,8.0,365870.0,7256.0
2022-09-13 10:50:00,4573.0,4573.0,4570.0,4570.0,1.0,45700.0,7257.0
2022-09-13 10:55:00,4570.0,4570.0,4556.0,4556.0,70.0,3195190.0,7321.0
2022-09-13 11:00:00,4556.0,4556.0,4552.0,4552.0,1.0,45520.0,7322.0
2022-09-13 11:05:00,4552.0,4558.0,4550.0,4558.0,61.0,2780160.0,7365.0
2022-09-13 11:10:00,4558.0,4558.0,4558.0,4558.0,739.0,33699890.0,7923.0
2022-09-13 11:15:00,4558.0,4558.0,4551.0,4551.0,2.0,91030.0,7924.0
2022-09-13 11:20:00,4553.0,4555.0,4548.0,4548.0,4.0,182070.0,7925.0
2022-09-13 11:25:00,4548.0,4548.0,4548.0,4548.0,0.0,0.0,7925.0
2022-09-13 13:30:00,4554.0,4563.0,4554.0,4563.0,6.0,273440.0,7921.0
2022-09-13 13:35:00,4563.0,4563.0,4563.0,4563.0,0.0,0.0,7921.0
2022-09-13 13:40:00,4557.0,4557.0,4557.0,4557.0,17.0,774690.0,7921.0
2022-09-13 13:45:00,4557.0,4557.0,4541.0,4542.0,29.0,1319360.0,7920.0
2022-09-13 13:50:00,4542.0,4542.0,4542.0,4542.0,0.0,0.0,7920.0
2022-09-13 13:55:00,4542.0,4550.0,4540.0,4550.0,277.0,12597050.0,8032.0
2022-09-13 14:00:00,4550.0,4550.0,4548.0,4548.0,55.0,2501970.0,8083.0
2022-09-13 14:05:00,4546.0,4550.0,4546.0,4550.0,24.0,1091110.0,8080.0
2022-09-13 14:10:00,4550.0,4550.0,4550.0,4550.0,2.0,91000.0,8078.0
2022-09-13 14:15:00,4547.0,4547.0,4544.0,4544.0,3.0,136370.0,8079.0
2022-09-13 14:20:00,4545.0,4545.0,4534.0,4534.0,7.0,317860.0,8085.0
2022-09-13 14:25:00,4539.0,4539.0,4539.0,4539.0,2.0,90780.0,8087.0
2022-09-13 14:30:00,4539.0,4546.0,4539.0,4540.0,2.0,90860.0,8088.0
2022-09-13 14:35:00,4548.0,4549.0,4548.0,4549.0,6.0,273050.0,8091.0
2022-09-13 14:40:00,4549.0,4549.0,4549.0,4549.0,1.0,45490.0,8091.0
2022-09-13 14:45:00,4549.0,4549.0,4541.0,4541.0,15.0,682030.0,8103.0
2022-09-13 14:50:00,4541.0,4549.0,4541.0,4549.0,5.0,227390.0,8103.0
2022-09-13 14:55:00,4549.0,4549.0,4549.0,4549.0,2.0,90980.0,8102.0
2022-09-13 21:00:00,4527.0,4541.0,4527.0,4540.0,26.0,1179410.0,8101.0
2022-09-13 21:05:00,4540.0,4550.0,4540.0,4550.0,4.0,181790.0,8102.0
2022-09-13 21:10:00,4550.0,4565.0,4550.0,4558.0,12.0,547230.0,8096.0
2022-09-13 21:15:00,4558.0,4558.0,4550.0,4550.0,12.0,546210.0,8101.0
2022-09-13 21:20:00,4550.0,4550.0,4550.0,4550.0,0.0,0.0,8101.0
2022-09-13 21:25:00,4550.0,4565.0,4550.0,4565.0,2.0,91270.0,8102.0
2022-09-13 21:30:00,4565.0,4565.0,4565.0,4565.0,4.0,182720.0,8106.0
2022-09-13 21:35:00,4565.0,4565.0,4556.0,4556.0,2.0,91140.0,8107.0
2022-09-13 21:40:00,4556.0,4556.0,4547.0,4552.0,3.0,136490.0,8109.0
2022-09-13 21:45:00,4552.0,4552.0,4542.0,4542.0,34.0,1547370.0,8139.0
2022-09-13 21:50:00,4543.0,4561.0,4543.0,4561.0,10.0,454830.0,8134.0
2022-09-13 21:55:00,4561.0,4561.0,4561.0,4561.0,1.0,45610.0,8135.0
2022-09-13 22:00:00,4561.0,4574.0,4561.0,4567.0,9.0,411060.0,8137.0
2022-09-13 22:05:00,4567.0,4567.0,4567.0,4567.0,0.0,0.0,8137.0
2022-09-13 22:10:00,4568.0,4577.0,4568.0,4577.0,16.0,731290.0,8132.0
2022-09-13 22:15:00,4577.0,4577.0,4577.0,4577.0,0.0,0.0,8132.0
2022-09-13 22:20:00,4577.0,4577.0,4577.0,4577.0,0.0,0.0,8132.0
2022-09-13 22:25:00,4577.0,4577.0,4577.0,4577.0,1.0,45770.0,8131.0
2022-09-13 22:30:00,4575.0,4575.0,4575.0,4575.0,1.0,45750.0,8131.0
2022-09-13 22:35:00,4575.0,4575.0,4566.0,4566.0,15.0,684990.0,8140.0
2022-09-13 22:40:00,4560.0,4560.0,4560.0,4560.0,37.0,1687220.0,8133.0
2022-09-13 22:45:00,4560.0,4560.0,4560.0,4560.0,2.0,91200.0,8132.0
2022-09-13 22:50:00,4560.0,4560.0,4560.0,4560.0,3.0,136800.0,8131.0
2022-09-13 22:55:00,4560.0,4560.0,4557.0,4557.0,8.0,364620.0,8129.0
2022-09-14 09:00:00,4560.0,4568.0,4553.0,4558.0,66.0,3009780.0,8183.0
2022-09-14 09:05:00,4558.0,4558.0,4549.0,4554.0,36.0,1639890.0,8208.0
2022-09-14 09:10:00,4554.0,4554.0,4554.0,4554.0,0.0,0.0,8208.0
2022-09-14 09:15:00,4554.0,4554.0,4550.0,4550.0,86.0,3916400.0,8294.0
2022-09-14 09:20:00,4550.0,4550.0,4529.0,4529.0,21.0,951580.0,8289.0
2022-09-14 09:25:00,4528.0,4528.0,4528.0,4528.0,5.0,226400.0,8292.0
2022-09-14 09:30:00,4528.0,4529.0,4528.0,4529.0,5.0,226440.0,8297.0
2022-09-14 09:35:00,4529.0,4529.0,4529.0,4529.0,0.0,0.0,8297.0
2022-09-14 09:40:00,4529.0,4529.0,4526.0,4528.0,9.0,407500.0,8301.0
2022-09-14 09:45:00,4528.0,4534.0,4528.0,4534.0,3.0,135950.0,8302.0
2022-09-14 09:50:00,4534.0,4534.0,4534.0,4534.0,0.0,0.0,8302.0
2022-09-14 09:55:00,4534.0,4534.0,4534.0,4534.0,0.0,0.0,8302.0
2022-09-14 10:00:00,4534.0,4565.0,4534.0,4565.0,7.0,319250.0,8308.0
2022-09-14 10:05:00,4565.0,4565.0,4564.0,4564.0,37.0,1689170.0,8340.0
2022-09-14 10:10:00,4564.0,4564.0,4561.0,4561.0,42.0,1915620.0,8380.0
2022-09-14 10:30:00,4561.0,4572.0,4561.0,4572.0,4.0,182720.0,8382.0
2022-09-14 10:35:00,4572.0,4572.0,4567.0,4567.0,18.0,822080.0,8379.0
2022-09-14 10:40:00,4567.0,4567.0,4567.0,4567.0,6.0,274140.0,8379.0
2022-09-14 10:45:00,4567.0,4567.0,4558.0,4558.0,1.0,45580.0,8379.0
2022-09-14 10:50:00,4558.0,4572.0,4558.0,4572.0,8.0,365480.0,8378.0
2022-09-14 10:55:00,4568.0,4571.0,4568.0,4569.0,12.0,548400.0,8370.0
2022-09-14 11:00:00,4569.0,4569.0,4567.0,4567.0,240.0,10962800.0,8570.0
2022-09-14 11:05:00,4567.0,4567.0,4565.0,4565.0,321.0,14655530.0,8850.0
2022-09-14 11:10:00,4566.0,4566.0,4566.0,4566.0,2.0,91320.0,8848.0
2022-09-14 11:15:00,4566.0,4566.0,4555.0,4555.0,13.0,592700.0,8839.0
2022-09-14 11:20:00,4555.0,4555.0,4555.0,4555.0,0.0,0.0,8839.0
2022-09-14 11:25:00,4555.0,4555.0,4555.0,4555.0,0.0,0.0,8839.0
2022-09-14 13:30:00,4552.0,4555.0,4552.0,4552.0,7.0,318710.0,8839.0
2022-09-14 13:35:00,4552.0,4554.0,4552.0,4554.0,1.0,45540.0,8840.0
2022-09-14 13:40:00,4554.0,4554.0,4535.0,4538.0,30.0,1361050.0,8867.0
2022-09-14 13:45:00,4538.0,4541.0,4536.0,4538.0,245.0,11122240.0,9092.0
2022-09-14 13:50:00,4538.0,4538.0,4531.0,4531.0,4.0,181260.0,9094.0
2022-09-14 13:55:00,4531.0,4539.0,4531.0,4539.0,20.0,907000.0,9096.0
2022-09-14 14:00:00,4539.0,4546.0,4539.0,4546.0,15.0,681900.0,9101.0
2022-09-14 14:05:00,4546.0,4548.0,4543.0,4543.0,21.0,954430.0,9121.0
2022-09-14 14:10:00,4543.0,4543.0,4543.0,4543.0,0.0,0.0,9121.0
2022-09-14 14:15:00,4543.0,4550.0,4543.0,4547.0,2.0,90970.0,9120.0
2022-09-14 14:20:00,4547.0,4547.0,4542.0,4542.0,13.0,590920.0,9120.0
2022-09-14 14:25:00,4548.0,4548.0,4548.0,4548.0,12.0,545860.0,9118.0
2022-09-14 14:30:00,4548.0,4548.0,4548.0,4548.0,10.0,455540.0,9118.0
2022-09-14 14:35:00,4548.0,4559.0,4548.0,4559.0,31.0,1413690.0,9133.0
2022-09-14 14:40:00,4556.0,4556.0,4556.0,4556.0,1.0,45560.0,9134.0
2022-09-14 14:45:00,4556.0,4556.0,4556.0,4556.0,4.0,182240.0,9134.0
2022-09-14 14:50:00,4556.0,4556.0,4556.0,4556.0,1.0,45560.0,9134.0
2022-09-14 14:55:00,4556.0,4559.0,4551.0,4551.0,12.0,546490.0,9132.0
2022-09-14 21:00:00,4535.0,4568.0,4535.0,4563.0,131.0,5980960.0,9215.0
2022-09-14 21:05:00,4561.0,4561.0,4561.0,4561.0,3.0,136920.0,9216.0
2022-09-14 21:10:00,4561.0,4580.0,4561.0,4577.0,68.0,3109770.0,9264.0
2022-09-14 21:15:00,4577.0,4577.0,4570.0,4570.0,25.0,1143900.0,9289.0
2022-09-14 21:20:00,4570.0,4574.0,4570.0,4574.0,65.0,2975130.0,9343.0
2022-09-14 21:25:00,4574.0,4574.0,4563.0,4563.0,11.0,502130.0,9353.0
2022-09-14 21:30:00,4568.0,4568.0,4556.0,4556.0,128.0,5839450.0,9391.0
2022-09-14 21:35:00,4556.0,4556.0,4550.0,4550.0,17.0,773860.0,9398.0
2022-09-14 21:40:00,4550.0,4550.0,4528.0,4528.0,48.0,2175700.0,9393.0
2022-09-14 21:45:00,4528.0,4546.0,4528.0,4546.0,2.0,90920.0,9391.0
2022-09-14 21:50:00,4546.0,4546.0,4546.0,4546.0,0.0,0.0,9391.0
2022-09-14 21:55:00,4546.0,4546.0,4546.0,4546.0,0.0,0.0,9391.0
2022-09-14 22:00:00,4546.0,4546.0,4546.0,4546.0,0.0,0.0,9391.0
2022-09-14 22:05:00,4546.0,4546.0,4546.0,4546.0,0.0,0.0,9391.0
2022-09-14 22:10:00,4546.0,4546.0,4535.0,4535.0,88.0,3994490.0,9460.0
2022-09-14 22:15:00,4534.0,4534.0,4512.0,4512.0,21.0,950080.0,9472.0
2022-09-14 22:20:00,4512.0,4525.0,4512.0,4525.0,2.0,90450.0,9471.0
2022-09-14 22:25:00,4525.0,4525.0,4520.0,4520.0,2.0,90400.0,9470.0
2022-09-14 22:30:00,4520.0,4520.0,4520.0,4520.0,16.0,723200.0,9470.0
2022-09-14 22:35:00,4520.0,4532.0,4520.0,4532.0,14.0,634290.0,9469.0
2022-09-14 22:40:00,4532.0,4532.0,4532.0,4532.0,0.0,0.0,9469.0
2022-09-14 22:45:00,4532.0,4532.0,4532.0,4532.0,0.0,0.0,9469.0
2022-09-14 22:50:00,4532.0,4532.0,4532.0,4532.0,0.0,0.0,9469.0
2022-09-14 22:55:00,4532.0,4532.0,4532.0,4532.0,1.0,45320.0,9468.0
2022-09-15 09:00:00,4532.0,4532.0,4532.0,4532.0,0.0,0.0,9468.0
2022-09-15 09:05:00,4532.0,4532.0,4520.0,4520.0,9.0,407290.0,9476.0
2022-09-15 09:10:00,4520.0,4522.0,4520.0,4522.0,44.0,1993940.0,9514.0
2022-09-15 09:15:00,4531.0,4531.0,4531.0,4531.0,1.0,45310.0,9514.0
2022-09-15 09:20:00,4531.0,4531.0,4519.0,4520.0,7.0,316500.0,9514.0
2022-09-15 09:25:00,4520.0,4520.0,4512.0,4512.0,70.0,3159010.0,9574.0
2022-09-15 09:30:00,4519.0,4519.0,4510.0,4510.0,32.0,1445020.0,9601.0
2022-09-15 09:35:00,4501.0,4501.0,4494.0,4494.0,108.0,4861020.0,9702.0
2022-09-15 09:40:00,4494.0,4513.0,4494.0,4513.0,2.0,90260.0,9704.0
2022-09-15 09:45:00,4504.0,4504.0,4504.0,4504.0,63.0,2837520.0,9732.0
2022-09-15 09:50:00,4503.0,4503.0,4502.0,4502.0,16.0,720430.0,9728.0
2022-09-15 09:55:00,4502.0,4503.0,4500.0,4500.0,26.0,1170300.0,9730.0
2022-09-15 10:00:00,4500.0,4500.0,4500.0,4500.0,1.0,45000.0,9730.0
2022-09-15 10:05:00,4507.0,4507.0,4507.0,4507.0,1.0,45070.0,9729.0
2022-09-15 10:10:00,4507.0,4507.0,4507.0,4507.0,0.0,0.0,9729.0
2022-09-15 10:30:00,4514.0,4525.0,4514.0,4525.0,220.0,9938290.0,9924.0
2022-09-15 10:35:00,4525.0,4525.0,4525.0,4525.0,0.0,0.0,9924.0
2022-09-15 10:40:00,4525.0,4525.0,4525.0,4525.0,4.0,181000.0,9924.0
2022-09-15 10:45:00,4525.0,4525.0,4525.0,4525.0,0.0,0.0,9924.0
2022-09-15 10:50:00,4525.0,4525.0,4525.0,4525.0,0.0,0.0,9924.0
2022-09-15 10:55:00,4516.0,4516.0,4505.0,4505.0,13.0,585860.0,9924.0
2022-09-15 11:00:00,4505.0,4505.0,4492.0,4492.0,49.0,2205280.0,9923.0
2022-09-15 11:05:00,4490.0,4490.0,4490.0,4490.0,1.0,44900.0,9923.0
2022-09-15 11:10:00,4490.0,4500.0,4490.0,4500.0,14.0,629510.0,9927.0
2022-09-15 11:15:00,4490.0,4490.0,4485.0,4490.0,13.0,583500.0,9931.0
2022-09-15 11:20:00,4492.0,4500.0,4492.0,4500.0,29.0,1304520.0,9935.0
2022-09-15 11:25:00,4500.0,4500.0,4500.0,4500.0,0.0,0.0,9935.0
2022-09-15 13:30:00,4497.0,4504.0,4496.0,4504.0,33.0,1484990.0,9955.0
2022-09-15 13:35:00,4504.0,4504.0,4504.0,4504.0,1.0,45060.0,9955.0
2022-09-15 13:40:00,4504.0,4504.0,4495.0,4495.0,1.0,44950.0,9955.0
2022-09-15 13:45:00,4495.0,4500.0,4495.0,4498.0,4.0,179880.0,9957.0
2022-09-15 13:50:00,4498.0,4500.0,4498.0,4500.0,6.0,269980.0,9956.0
2022-09-15 13:55:00,4500.0,4500.0,4484.0,4485.0,7.0,314170.0,9956.0
2022-09-15 14:00:00,4486.0,4486.0,4472.0,4473.0,25.0,1119480.0,9961.0
2022-09-15 14:05:00,4473.0,4473.0,4473.0,4473.0,0.0,0.0,9961.0
2022-09-15 14:10:00,4473.0,4474.0,4458.0,4458.0,16.0,714300.0,9970.0
2022-09-15 14:15:00,4461.0,4464.0,4461.0,4464.0,3.0,133860.0,9972.0
2022-09-15 14:20:00,4464.0,4464.0,4464.0,4464.0,0.0,0.0,9972.0
2022-09-15 14:25:00,4464.0,4476.0,4464.0,4476.0,6.0,268660.0,9973.0
2022-09-15 14:30:00,4476.0,4476.0,4460.0,4460.0,75.0,3351080.0,10048.0
2022-09-15 14:35:00,4466.0,4466.0,4466.0,4466.0,196.0,8753580.0,10241.0
2022-09-15 14:40:00,4466.0,4468.0,4463.0,4463.0,394.0,17596670.0,10551.0
2022-09-15 14:45:00,4463.0,4472.0,4463.0,4470.0,12.0,536530.0,10552.0
2022-09-15 14:50:00,4470.0,4489.0,4470.0,4489.0,27.0,1210450.0,10563.0
2022-09-15 14:55:00,4490.0,4495.0,4484.0,4488.0,33.0,1481850.0,10589.0
2022-09-15 21:00:00,4444.0,4479.0,4444.0,4466.0,250.0,11166480.0,10713.0
2022-09-15 21:05:00,4461.0,4461.0,4440.0,4440.0,4.0,178040.0,10716.0
2022-09-15 21:10:00,4440.0,4440.0,4417.0,4423.0,23.0,1017460.0,10725.0
2022-09-15 21:15:00,4419.0,4422.0,4415.0,4422.0,20.0,883770.0,10734.0
2022-09-15 21:20:00,4422.0,4430.0,4422.0,4430.0,26.0,1151120.0,10738.0
2022-09-15 21:25:00,4430.0,4434.0,4430.0,4432.0,2.0,88660.0,10738.0
2022-09-15 21:30:00,4429.0,4430.0,4428.0,4430.0,4.0,177160.0,10742.0
2022-09-15 21:35:00,4430.0,4430.0,4415.0,4416.0,8.0,353470.0,10747.0
2022-09-15 21:40:00,4416.0,4423.0,4416.0,4423.0,2.0,88460.0,10747.0
2022-09-15 21:45:00,4423.0,4433.0,4423.0,4433.0,1.0,44330.0,10747.0
2022-09-15 21:50:00,4434.0,4449.0,4434.0,4449.0,5.0,221930.0,10748.0
2022-09-15 21:55:00,4445.0,4445.0,4445.0,4445.0,5.0,222250.0,10753.0
2022-09-15 22:00:00,4445.0,4445.0,4435.0,4435.0,2.0,88700.0,10752.0
2022-09-15 22:05:00,4438.0,4438.0,4438.0,4438.0,21.0,932020.0,10773.0
2022-09-15 22:10:00,4438.0,4438.0,4438.0,4438.0,0.0,0.0,10773.0
2022-09-15 22:15:00,4438.0,4453.0,4438.0,4453.0,8.0,356090.0,10776.0
2022-09-15 22:20:00,4453.0,4453.0,4446.0,4446.0,2.0,88950.0,10778.0
2022-09-15 22:25:00,4446.0,4446.0,4446.0,4446.0,0.0,0.0,10778.0
2022-09-15 22:30:00,4446.0,4446.0,4434.0,4435.0,24.0,1064990.0,10779.0
2022-09-15 22:35:00,4435.0,4435.0,4435.0,4435.0,0.0,0.0,10779.0
2022-09-15 22:40:00,4435.0,4440.0,4435.0,4440.0,25.0,1109700.0,10767.0
2022-09-15 22:45:00,4441.0,4441.0,4441.0,4441.0,2.0,88820.0,10767.0
2022-09-15 22:50:00,4441.0,4441.0,4441.0,4441.0,0.0,0.0,10767.0
2022-09-15 22:55:00,4441.0,4444.0,4441.0,4444.0,1.0,44440.0,10767.0
2022-09-16 09:00:00,4444.0,4444.0,4431.0,4439.0,77.0,3419760.0,10753.0
2022-09-16 09:05:00,4439.0,4449.0,4439.0,4449.0,12.0,532920.0,10753.0
2022-09-16 09:10:00,4449.0,4449.0,4449.0,4449.0,39.0,1735110.0,10723.0
2022-09-16 09:15:00,4449.0,4449.0,4442.0,4443.0,19.0,845120.0,10723.0
2022-09-16 09:20:00,4442.0,4442.0,4442.0,4442.0,8.0,355360.0,10723.0
2022-09-16 09:25:00,4432.0,4432.0,4432.0,4432.0,265.0,11749170.0,10917.0
2022-09-16 09:30:00,4432.0,4443.0,4432.0,4435.0,212.0,9414110.0,11064.0
2022-09-16 09:35:00,4435.0,4435.0,4417.0,4421.0,335.0,14834240.0,11263.0
2022-09-16 09:40:00,4419.0,4419.0,4394.0,4401.0,72.0,3176180.0,11251.0
2022-09-16 09:45:00,4407.0,4407.0,4400.0,4403.0,49.0,2159140.0,11278.0
2022-09-16 09:50:00,4400.0,4401.0,4390.0,4397.0,160.0,7038230.0,11379.0
2022-09-16 09:55:00,4397.0,4409.0,4390.0,4407.0,62.0,2728750.0,11379.0
2022-09-16 10:00:00,4418.0,4421.0,4415.0,4421.0,17.0,751360.0,11381.0
2022-09-16 10:05:00,4420.0,4420.0,4409.0,4409.0,54.0,2381000.0,11433.0
2022-09-16 10:10:00,4400.0,4402.0,4398.0,4402.0,109.0,4798900.0,11527.0
2022-09-16 10:30:00,4394.0,4394.0,4394.0,4394.0,1.0,43940.0,11528.0
2022-09-16 10:35:00,4394.0,4406.0,4394.0,4406.0,1.0,44060.0,11528.0
2022-09-16 10:40:00,4409.0,4412.0,4406.0,4407.0,48.0,2116130.0,11550.0
2022-09-16 10:45:00,4407.0,4407.0,4400.0,4407.0,61.0,2686370.0,11590.0
2022-09-16 10:50:00,4411.0,4411.0,4411.0,4411.0,6.0,264660.0,11596.0
2022-09-16 10:55:00,4411.0,4411.0,4404.0,4404.0,285.0,12558150.0,11709.0
2022-09-16 11:00:00,4404.0,4412.0,4404.0,4412.0,63.0,2781530.0,11732.0
2022-09-16 11:05:00,4412.0,4412.0,4409.0,4409.0,86.0,3793990.0,11816.0
2022-09-16 11:10:00,4409.0,4409.0,4409.0,4409.0,5.0,220450.0,11821.0
2022-09-16 11:15:00,4401.0,4401.0,4401.0,4401.0,2.0,88020.0,11821.0
2022-09-16 11:20:00,4401.0,4408.0,4401.0,4408.0,3.0,132220.0,11822.0
2022-09-16 11:25:00,4408.0,4408.0,4408.0,4408.0,0.0,0.0,11822.0
2022-09-16 13:30:00,4393.0,4398.0,4393.0,4398.0,2.0,87910.0,11823.0
2022-09-16 13:35:00,4398.0,4409.0,4398.0,4409.0,2.0,88130.0,11821.0
2022-09-16 13:40:00,4406.0,4408.0,4406.0,4406.0,131.0,5772310.0,11842.0
2022-09-16 13:45:00,4410.0,4414.0,4408.0,4408.0,33.0,1455850.0,11873.0
2022-09-16 13:50:00,4415.0,4430.0,4415.0,4430.0,198.0,8767540.0,12056.0
2022-09-16 13:55:00,4430.0,4430.0,4411.0,4411.0,18.0,794660.0,12072.0
2022-09-16 14:00:00,4411.0,4429.0,4411.0,4429.0,56.0,2473450.0,12074.0
2022-09-16 14:05:00,4430.0,4430.0,4430.0,4430.0,10.0,443000.0,12073.0
2022-09-16 14:10:00,4430.0,4437.0,4424.0,4437.0,27.0,1196830.0,12081.0
2022-09-16 14:15:00,4437.0,4439.0,4437.0,4439.0,139.0,6170700.0,12209.0
2022-09-16 14:20:00,4439.0,4444.0,4439.0,4444.0,38.0,1687510.0,12224.0
2022-09-16 14:25:00,4446.0,4456.0,4446.0,4451.0,7.0,311600.0,12226.0
2022-09-16 14:30:00,4451.0,4451.0,4451.0,4451.0,30.0,1338650.0,12222.0
2022-09-16 14:35:00,4473.0,4474.0,4462.0,4462.0,30.0,1341850.0,12220.0
2022-09-16 14:40:00,4462.0,4462.0,4453.0,4458.0,6.0,267530.0,12221.0
2022-09-16 14:45:00,4462.0,4475.0,4462.0,4474.0,16.0,715860.0,12218.0
2022-09-16 14:50:00,4474.0,4474.0,4464.0,4464.0,71.0,3171610.0,12276.0
2022-09-16 14:55:00,4464.0,4464.0,4454.0,4454.0,42.0,1874210.0,12307.0
2022-09-16 21:00:00,4431.0,4470.0,4431.0,4462.0,19.0,847640.0,12303.0
2022-09-16 21:05:00,4462.0,4462.0,4457.0,4457.0,4.0,178390.0,12305.0
2022-09-16 21:10:00,4461.0,4461.0,4461.0,4461.0,1.0,44610.0,12306.0
2022-09-16 21:15:00,4461.0,4461.0,4461.0,4461.0,2.0,89220.0,12307.0
2022-09-16 21:20:00,4461.0,4470.0,4461.0,4469.0,9.0,401980.0,12316.0
2022-09-16 21:25:00,4467.0,4474.0,4467.0,4467.0,8.0,357510.0,12321.0
2022-09-16 21:30:00,4467.0,4467.0,4464.0,4464.0,1.0,44640.0,12322.0
2022-09-16 21:35:00,4464.0,4464.0,4464.0,4464.0,0.0,0.0,12322.0
2022-09-16 21:40:00,4464.0,4464.0,4464.0,4464.0,0.0,0.0,12322.0
2022-09-16 21:45:00,4464.0,4466.0,4464.0,4466.0,2.0,89320.0,12323.0
2022-09-16 21:50:00,4466.0,4468.0,4463.0,4463.0,8.0,357220.0,12318.0
2022-09-16 21:55:00,4470.0,4472.0,4467.0,4472.0,19.0,849110.0,12329.0
2022-09-16 22:00:00,4472.0,4475.0,4472.0,4475.0,1.0,44750.0,12329.0
2022-09-16 22:05:00,4478.0,4499.0,4478.0,4495.0,73.0,3281150.0,12394.0
2022-09-16 22:10:00,4495.0,4500.0,4495.0,4497.0,28.0,1259770.0,12417.0
2022-09-16 22:15:00,4497.0,4505.0,4497.0,4499.0,177.0,7964410.0,12530.0
2022-09-16 22:20:00,4499.0,4499.0,4499.0,4499.0,1.0,44990.0,12530.0
2022-09-16 22:25:00,4499.0,4499.0,4499.0,4499.0,3.0,134970.0,12527.0
2022-09-16 22:30:00,4499.0,4499.0,4494.0,4494.0,21.0,944740.0,12544.0
2022-09-16 22:35:00,4494.0,4494.0,4494.0,4494.0,0.0,0.0,12544.0
2022-09-16 22:40:00,4494.0,4495.0,4490.0,4490.0,12.0,538900.0,12550.0
2022-09-16 22:45:00,4490.0,4490.0,4490.0,4490.0,1.0,44900.0,12549.0
2022-09-16 22:50:00,4490.0,4492.0,4490.0,4492.0,3.0,134720.0,12551.0
2022-09-16 22:55:00,4490.0,4490.0,4483.0,4487.0,12.0,538610.0,12547.0
2022-09-19 09:00:00,4487.0,4487.0,4470.0,4470.0,8.0,357890.0,12551.0
2022-09-19 09:05:00,4461.0,4461.0,4440.0,4446.0,27.0,1200140.0,12567.0
2022-09-19 09:10:00,4447.0,4448.0,4444.0,4444.0,35.0,1555830.0,12568.0
2022-09-19 09:15:00,4442.0,4442.0,4436.0,4436.0,14.0,621470.0,12565.0
2022-09-19 09:20:00,4435.0,4435.0,4431.0,4431.0,6.0,265930.0,12561.0
2022-09-19 09:25:00,4437.0,4437.0,4437.0,4437.0,12.0,532440.0,12566.0
2022-09-19 09:30:00,4437.0,4437.0,4437.0,4437.0,1.0,44370.0,12566.0
2022-09-19 09:35:00,4437.0,4437.0,4430.0,4436.0,3.0,132960.0,12568.0
2022-09-19 09:40:00,4430.0,4430.0,4420.0,4427.0,34.0,1504720.0,12596.0
2022-09-19 09:45:00,4427.0,4429.0,4427.0,4429.0,1.0,44290.0,12597.0
2022-09-19 09:50:00,4429.0,4429.0,4421.0,4421.0,18.0,796560.0,12597.0
2022-09-19 09:55:00,4420.0,4420.0,4420.0,4420.0,8.0,353600.0,12603.0
2022-09-19 10:00:00,4420.0,4420.0,4420.0,4420.0,1.0,44340.0,12602.0
2022-09-19 10:05:00,4420.0,4427.0,4415.0,4416.0,14.0,618910.0,12614.0
2022-09-19 10:10:00,4416.0,4417.0,4411.0,4417.0,7.0,309100.0,12620.0
2022-09-19 10:30:00,4417.0,4417.0,4409.0,4409.0,13.0,573180.0,12632.0
2022-09-19 10:35:00,4409.0,4409.0,4408.0,4408.0,1.0,44080.0,12632.0
2022-09-19 10:40:00,4408.0,4412.0,4408.0,4412.0,2.0,88250.0,12631.0
2022-09-19 10:45:00,4419.0,4427.0,4419.0,4427.0,2.0,88460.0,12630.0
2022-09-19 10:50:00,4426.0,4437.0,4426.0,4437.0,126.0,5590610.0,12728.0
2022-09-19 10:55:00,4425.0,4425.0,4418.0,4418.0,3.0,132630.0,12728.0
2022-09-19 11:00:00,4418.0,4418.0,4418.0,4418.0,32.0,1416640.0,12760.0
2022-09-19 11:05:00,4418.0,4421.0,4418.0,4421.0,1.0,44210.0,12759.0
2022-09-19 11:10:00,4421.0,4421.0,4421.0,4421.0,0.0,0.0,12759.0
2022-09-19 11:15:00,4421.0,4421.0,4421.0,4421.0,0.0,0.0,12759.0
2022-09-19 11:20:00,4421.0,4425.0,4421.0,4425.0,22.0,974470.0,12765.0
2022-09-19 11:25:00,4423.0,4423.0,4418.0,4420.0,4.0,176810.0,12766.0
2022-09-19 13:30:00,4420.0,4426.0,4420.0,4426.0,3.0,132660.0,12764.0
2022-09-19 13:35:00,4426.0,4428.0,4426.0,4427.0,3.0,132810.0,12767.0
2022-09-19 13:40:00,4427.0,4427.0,4421.0,4421.0,2.0,88420.0,12768.0
2022-09-19 13:45:00,4421.0,4421.0,4405.0,4405.0,26.0,1147150.0,12773.0
2022-09-19 13:50:00,4405.0,4405.0,4400.0,4402.0,50.0,2201630.0,12777.0
2022-09-19 13:55:00,4402.0,4402.0,4400.0,4400.0,11.0,484380.0,12776.0
2022-09-19 14:00:00,4400.0,4408.0,4400.0,4408.0,20.0,881280.0,12762.0
2022-09-19 14:05:00,4408.0,4408.0,4403.0,4403.0,356.0,15692310.0,13113.0
2022-09-19 14:10:00,4403.0,4409.0,4403.0,4409.0,26.0,1146330.0,13136.0
2022-09-19 14:15:00,4409.0,4415.0,4409.0,4415.0,31.0,1368150.0,13141.0
2022-09-19 14:20:00,4415.0,4415.0,4415.0,4415.0,52.0,2295800.0,13191.0
2022-09-19 14:25:00,4415.0,4415.0,4409.0,4409.0,2.0,88220.0,13192.0
2022-09-19 14:30:00,4409.0,4409.0,4402.0,4402.0,2.0,88040.0,13194.0
2022-09-19 14:35:00,4402.0,4402.0,4402.0,4402.0,0.0,0.0,13194.0
2022-09-19 14:40:00,4402.0,4405.0,4400.0,4405.0,97.0,4271090.0,13264.0
2022-09-19 14:45:00,4405.0,4405.0,4399.0,4402.0,7.0,307960.0,13270.0
2022-09-19 14:50:00,4402.0,4403.0,4400.0,4403.0,27.0,1188230.0,13260.0
2022-09-19 14:55:00,4409.0,4413.0,4405.0,4405.0,47.0,2072140.0,13251.0
2022-09-19 21:00:00,4388.0,4388.0,4345.0,4364.0,61.0,2658060.0,13284.0
2022-09-19 21:05:00,4364.0,4364.0,4350.0,4357.0,13.0,566550.0,13289.0
2022-09-19 21:10:00,4358.0,4386.0,4358.0,4386.0,68.0,2975760.0,13290.0
2022-09-19 21:15:00,4386.0,4388.0,4382.0,4382.0,45.0,1973260.0,13332.0
2022-09-19 21:20:00,4391.0,4394.0,4391.0,4392.0,19.0,834680.0,13336.0
2022-09-19 21:25:00,4402.0,4413.0,4400.0,4406.0,106.0,4674950.0,13350.0
2022-09-19 21:30:00,4405.0,4420.0,4405.0,4420.0,8.0,352830.0,13352.0
2022-09-19 21:35:00,4420.0,4420.0,4420.0,4420.0,24.0,1060880.0,13354.0
2022-09-19 21:40:00,4420.0,4420.0,4410.0,4410.0,17.0,750190.0,13360.0
2022-09-19 21:45:00,4410.0,4410.0,4402.0,4402.0,9.0,396300.0,13356.0
2022-09-19 21:50:00,4402.0,4402.0,4402.0,4402.0,0.0,0.0,13356.0
2022-09-19 21:55:00,4402.0,4402.0,4402.0,4402.0,2.0,88080.0,13356.0
2022-09-19 22:00:00,4402.0,4402.0,4393.0,4393.0,3.0,131840.0,13357.0
2022-09-19 22:05:00,4393.0,4393.0,4387.0,4387.0,107.0,4702400.0,13379.0
2022-09-19 22:10:00,4393.0,4397.0,4389.0,4397.0,27.0,1185470.0,13377.0
2022-09-19 22:15:00,4404.0,4404.0,4403.0,4404.0,11.0,484350.0,13383.0
2022-09-19 22:20:00,4406.0,4415.0,4402.0,4415.0,14.0,616960.0,13395.0
2022-09-19 22:25:00,4417.0,4420.0,4414.0,4420.0,31.0,1369900.0,13384.0
2022-09-19 22:30:00,4420.0,4426.0,4419.0,4426.0,7.0,309510.0,13383.0
2022-09-19 22:35:00,4426.0,4429.0,4420.0,4422.0,5.0,221220.0,13384.0
2022-09-19 22:40:00,4422.0,4422.0,4420.0,4420.0,4.0,176820.0,13387.0
2022-09-19 22:45:00,4420.0,4420.0,4420.0,4420.0,0.0,0.0,13387.0
2022-09-19 22:50:00,4420.0,4420.0,4417.0,4417.0,2.0,88370.0,13388.0
2022-09-19 22:55:00,4417.0,4420.0,4417.0,4420.0,2.0,88400.0,13388.0
2022-09-20 09:00:00,4432.0,4433.0,4420.0,4421.0,16.0,707980.0,13390.0
2022-09-20 09:05:00,4418.0,4420.0,4408.0,4408.0,47.0,2073560.0,13393.0
2022-09-20 09:10:00,4408.0,4408.0,4405.0,4407.0,2.0,88120.0,13393.0
2022-09-20 09:15:00,4407.0,4407.0,4398.0,4398.0,22.0,968900.0,13413.0
2022-09-20 09:20:00,4406.0,4408.0,4400.0,4405.0,6.0,264260.0,13417.0
2022-09-20 09:25:00,4405.0,4405.0,4400.0,4400.0,1.0,44000.0,13418.0
2022-09-20 09:30:00,4400.0,4400.0,4400.0,4400.0,0.0,0.0,13418.0
2022-09-20 09:35:00,4401.0,4405.0,4401.0,4405.0,3.0,132110.0,13419.0
2022-09-20 09:40:00,4402.0,4402.0,4400.0,4400.0,5.0,220060.0,13423.0
2022-09-20 09:45:00,4391.0,4392.0,4386.0,4392.0,15.0,658360.0,13427.0
2022-09-20 09:50:00,4399.0,4403.0,4397.0,4403.0,15.0,659990.0,13432.0
2022-09-20 09:55:00,4403.0,4403.0,4403.0,4403.0,0.0,0.0,13432.0
2022-09-20 10:00:00,4389.0,4389.0,4383.0,4383.0,3.0,131550.0,13433.0
2022-09-20 10:05:00,4383.0,4392.0,4383.0,4392.0,2.0,87840.0,13433.0
2022-09-20 10:10:00,4392.0,4392.0,4392.0,4392.0,0.0,0.0,13433.0
2022-09-20 10:30:00,4392.0,4401.0,4392.0,4401.0,1.0,44010.0,13433.0
2022-09-20 10:35:00,4401.0,4409.0,4401.0,4409.0,2.0,88140.0,13433.0
2022-09-20 10:40:00,4410.0,4410.0,4406.0,4406.0,6.0,264400.0,13433.0
2022-09-20 10:45:00,4406.0,4406.0,4406.0,4406.0,1.0,44060.0,13434.0
2022-09-20 10:50:00,4406.0,4406.0,4397.0,4397.0,2.0,88030.0,13436.0
2022-09-20 10:55:00,4397.0,4398.0,4392.0,4392.0,2.0,87900.0,13437.0
2022-09-20 11:00:00,4395.0,4395.0,4394.0,4394.0,4.0,175770.0,13437.0
2022-09-20 11:05:00,4394.0,4395.0,4394.0,4395.0,6.0,263960.0,13442.0
2022-09-20 11:10:00,4395.0,4397.0,4395.0,4397.0,2.0,87920.0,13442.0
2022-09-20 11:15:00,4397.0,4397.0,4397.0,4397.0,0.0,0.0,13442.0
2022-09-20 11:20:00,4397.0,4397.0,4380.0,4380.0,5.0,219120.0,13441.0
2022-09-20 11:25:00,4380.0,4380.0,4379.0,4379.0,1.0,43790.0,13442.0
2022-09-20 13:30:00,4379.0,4379.0,4379.0,4379.0,3.0,131490.0,13444.0
2022-09-20 13:35:00,4379.0,4379.0,4375.0,4375.0,66.0,2890070.0,13508.0
2022-09-20 13:40:00,4375.0,4375.0,4375.0,4375.0,0.0,0.0,13508.0
2022-09-20 13:45:00,4375.0,4389.0,4375.0,4389.0,271.0,11893230.0,13752.0
2022-09-20 13:50:00,4378.0,4381.0,4377.0,4377.0,136.0,5957120.0,13886.0
2022-09-20 13:55:00,4377.0,4377.0,4377.0,4377.0,0.0,0.0,13886.0
2022-09-20 14:00:00,4379.0,4379.0,4369.0,4373.0,82.0,3587370.0,13966.0
2022-09-20 14:05:00,4373.0,4373.0,4373.0,4373.0,78.0,3411140.0,14044.0
2022-09-20 14:10:00,4373.0,4373.0,4370.0,4370.0,51.0,2232200.0,14095.0
2022-09-20 14:15:00,4369.0,4369.0,4368.0,4368.0,4.0,174740.0,14096.0
2022-09-20 14:20:00,4368.0,4368.0,4363.0,4363.0,6.0,261820.0,14102.0
2022-09-20 14:25:00,4363.0,4363.0,4358.0,4358.0,3.0,130790.0,14105.0
2022-09-20 14:30:00,4358.0,4364.0,4358.0,4363.0,6.0,261790.0,14110.0
2022-09-20 14:35:00,4363.0,4363.0,4350.0,4350.0,10.0,435350.0,14119.0
2022-09-20 14:40:00,4350.0,4362.0,4346.0,4357.0,24.0,1045160.0,14128.0
2022-09-20 14:45:00,4357.0,4364.0,4357.0,4363.0,13.0,567270.0,14134.0
2022-09-20 14:50:00,4366.0,4375.0,4366.0,4375.0,13.0,568310.0,14128.0
2022-09-20 14:55:00,4376.0,4380.0,4374.0,4380.0,12.0,525310.0,14135.0
2022-09-20 21:00:00,4388.0,4405.0,4388.0,4403.0,38.0,1672940.0,14121.0
2022-09-20 21:05:00,4403.0,4410.0,4403.0,4406.0,65.0,2864470.0,14112.0
2022-09-20 21:10:00,4406.0,4406.0,4397.0,4397.0,46.0,2026130.0,14137.0
2022-09-20 21:15:00,4397.0,4399.0,4397.0,4397.0,38.0,1672200.0,14119.0
2022-09-20 21:20:00,4397.0,4408.0,4397.0,4408.0,34.0,1499300.0,14120.0
2022-09-20 21:25:00,4408.0,4420.0,4408.0,4416.0,116.0,5126330.0,14116.0
2022-09-20 21:30:00,4401.0,4401.0,4392.0,4396.0,20.0,879770.0,14122.0
2022-09-20 21:35:00,4400.0,4406.0,4400.0,4406.0,4.0,176120.0,14122.0
2022-09-20 21:40:00,4406.0,4406.0,4400.0,4400.0,3.0,132110.0,14120.0
2022-09-20 21:45:00,4409.0,4421.0,4409.0,4413.0,26.0,1148460.0,14103.0
2022-09-20 21:50:00,4413.0,4413.0,4411.0,4413.0,12.0,529430.0,14100.0
2022-09-20 21:55:00,4406.0,4406.0,4405.0,4405.0,15.0,660840.0,14099.0
2022-09-20 22:00:00,4405.0,4405.0,4405.0,4405.0,0.0,0.0,14099.0
2022-09-20 22:05:00,4409.0,4411.0,4408.0,4408.0,36.0,1587100.0,14077.0
2022-09-20 22:10:00,4408.0,4408.0,4400.0,4400.0,4.0,176000.0,14075.0
2022-09-20 22:15:00,4400.0,4411.0,4400.0,4411.0,34.0,1498050.0,14068.0
2022-09-20 22:20:00,4415.0,4415.0,4415.0,4415.0,1.0,44150.0,14068.0
2022-09-20 22:25:00,4415.0,4415.0,4415.0,4415.0,1.0,44150.0,14067.0
2022-09-20 22:30:00,4415.0,4418.0,4414.0,4416.0,17.0,750590.0,14069.0
2022-09-20 22:35:00,4416.0,4416.0,4416.0,4416.0,0.0,0.0,14069.0
2022-09-20 22:40:00,4416.0,4416.0,4416.0,4416.0,0.0,0.0,14069.0
2022-09-20 22:45:00,4416.0,4416.0,4411.0,4411.0,7.0,308890.0,14068.0
2022-09-20 22:50:00,4405.0,4405.0,4402.0,4402.0,4.0,176130.0,14070.0
2022-09-20 22:55:00,4402.0,4405.0,4402.0,4405.0,2.0,88070.0,14069.0
2022-09-21 09:00:00,4405.0,4405.0,4378.0,4378.0,21.0,920950.0,14063.0
2022-09-21 09:05:00,4381.0,4381.0,4381.0,4381.0,7.0,306670.0,14062.0
2022-09-21 09:10:00,4390.0,4390.0,4390.0,4390.0,1.0,43900.0,14062.0
2022-09-21 09:15:00,4387.0,4387.0,4378.0,4378.0,8.0,350390.0,14061.0
2022-09-21 09:20:00,4378.0,4378.0,4378.0,4378.0,3.0,131340.0,14064.0
2022-09-21 09:25:00,4378.0,4393.0,4378.0,4393.0,13.0,570940.0,14054.0
2022-09-21 09:30:00,4387.0,4395.0,4383.0,4395.0,12.0,526440.0,14054.0
2022-09-21 09:35:00,4398.0,4402.0,4398.0,4399.0,16.0,703850.0,14052.0
2022-09-21 09:40:00,4399.0,4399.0,4391.0,4391.0,1.0,43910.0,14053.0
2022-09-21 09:45:00,4391.0,4391.0,4384.0,4384.0,2.0,87710.0,14054.0
2022-09-21 09:50:00,4384.0,4384.0,4380.0,4380.0,11.0,481820.0,14064.0
2022-09-21 09:55:00,4375.0,4379.0,4375.0,4378.0,5.0,218880.0,14066.0
2022-09-21 10:00:00,4378.0,4378.0,4378.0,4378.0,0.0,0.0,14066.0
2022-09-21 10:05:00,4385.0,4385.0,4380.0,4380.0,20.0,876150.0,14085.0
2022-09-21 10:10:00,4380.0,4380.0,4380.0,4380.0,0.0,0.0,14085.0
2022-09-21 10:30:00,4380.0,4391.0,4380.0,4391.0,4.0,175600.0,14087.0
2022-09-21 10:35:00,4391.0,4391.0,4391.0,4391.0,1.0,43990.0,14087.0
2022-09-21 10:40:00,4391.0,4410.0,4391.0,4410.0,15.0,661350.0,14102.0
2022-09-21 10:45:00,4410.0,4410.0,4406.0,4406.0,55.0,2425050.0,14144.0
2022-09-21 10:50:00,4406.0,4406.0,4406.0,4406.0,0.0,0.0,14144.0
2022-09-21 10:55:00,4416.0,4419.0,4412.0,4413.0,40.0,1766140.0,14140.0
2022-09-21 11:00:00,4412.0,4414.0,4412.0,4414.0,4.0,176500.0,14138.0
2022-09-21 11:05:00,4414.0,4414.0,4412.0,4412.0,11.0,485320.0,14139.0
2022-09-21 11:10:00,4406.0,4406.0,4404.0,4404.0,10.0,440560.0,14141.0
2022-09-21 11:15:00,4404.0,4404.0,4404.0,4404.0,1.0,44040.0,14141.0
2022-09-21 11:20:00,4404.0,4404.0,4391.0,4391.0,1.0,43910.0,14140.0
2022-09-21 11:25:00,4391.0,4391.0,4391.0,4391.0,5.0,219550.0,14137.0
2022-09-21 13:30:00,4391.0,4391.0,4391.0,4391.0,0.0,0.0,14137.0
2022-09-21 13:35:00,4391.0,4391.0,4391.0,4391.0,0.0,0.0,14137.0
2022-09-21 13:40:00,4391.0,4391.0,4391.0,4391.0,1.0,43910.0,14137.0
2022-09-21 13:45:00,4391.0,4391.0,4391.0,4391.0,0.0,0.0,14137.0
2022-09-21 13:50:00,4391.0,4391.0,4391.0,4391.0,1.0,43980.0,14137.0
2022-09-21 13:55:00,4391.0,4391.0,4391.0,4391.0,29.0,1273390.0,14137.0
2022-09-21 14:00:00,4391.0,4391.0,4391.0,4391.0,40.0,1756400.0,14137.0
2022-09-21 14:05:00,4391.0,4391.0,4388.0,4388.0,5.0,219600.0,14138.0
2022-09-21 14:10:00,4398.0,4408.0,4398.0,4408.0,4.0,176110.0,14140.0
2022-09-21 14:15:00,4408.0,4408.0,4408.0,4408.0,0.0,0.0,14140.0
2022-09-21 14:20:00,4412.0,4412.0,4412.0,4412.0,2.0,88240.0,14140.0
2022-09-21 14:25:00,4412.0,4425.0,4410.0,4425.0,25.0,1104600.0,14135.0
2022-09-21 14:30:00,4429.0,4450.0,4429.0,4436.0,22.0,977180.0,14140.0
2022-09-21 14:35:00,4440.0,4440.0,4440.0,4440.0,5.0,222000.0,14139.0
2022-09-21 14:40:00,4440.0,4440.0,4440.0,4440.0,2.0,88800.0,14140.0
2022-09-21 14:45:00,4440.0,4440.0,4434.0,4437.0,33.0,1464080.0,14160.0
2022-09-21 14:50:00,4437.0,4440.0,4437.0,4440.0,7.0,310770.0,14160.0
2022-09-21 14:55:00,4440.0,4440.0,4434.0,4437.0,35.0,1553710.0,14190.0
2022-09-21 21:00:00,4437.0,4437.0,4423.0,4423.0,12.0,531920.0,14192.0
2022-09-21 21:05:00,4423.0,4423.0,4414.0,4414.0,2.0,88320.0,14192.0
2022-09-21 21:10:00,4420.0,4420.0,4409.0,4409.0,3.0,132490.0,14192.0
2022-09-21 21:15:00,4409.0,4417.0,4408.0,4408.0,12.0,529840.0,14195.0
2022-09-21 21:20:00,4408.0,4408.0,4395.0,4395.0,10.0,439650.0,14202.0
2022-09-21 21:25:00,4395.0,4395.0,4388.0,4390.0,24.0,1053820.0,14209.0
2022-09-21 21:30:00,4390.0,4393.0,4386.0,4386.0,21.0,921930.0,14219.0
2022-09-21 21:35:00,4386.0,4394.0,4385.0,4394.0,91.0,3996700.0,14295.0
2022-09-21 21:40:00,4382.0,4392.0,4380.0,4386.0,15.0,657610.0,14294.0
2022-09-21 21:45:00,4386.0,4396.0,4386.0,4396.0,1.0,43960.0,14295.0
2022-09-21 21:50:00,4396.0,4397.0,4396.0,4397.0,3.0,131890.0,14298.0
2022-09-21 21:55:00,4389.0,4389.0,4387.0,4389.0,10.0,438760.0,14307.0
2022-09-21 22:00:00,4389.0,4394.0,4389.0,4394.0,3.0,131790.0,14304.0
2022-09-21 22:05:00,4394.0,4394.0,4394.0,4394.0,4.0,175760.0,14306.0
2022-09-21 22:10:00,4394.0,4400.0,4394.0,4400.0,4.0,175960.0,14304.0
2022-09-21 22:15:00,4400.0,4408.0,4400.0,4408.0,3.0,132180.0,14301.0
2022-09-21 22:20:00,4408.0,4416.0,4408.0,4416.0,1.0,44160.0,14300.0
2022-09-21 22:25:00,4418.0,4422.0,4418.0,4422.0,5.0,221020.0,14298.0
2022-09-21 22:30:00,4424.0,4424.0,4424.0,4424.0,1.0,44240.0,14297.0
2022-09-21 22:35:00,4424.0,4424.0,4408.0,4408.0,2.0,88210.0,14298.0
2022-09-21 22:40:00,4408.0,4411.0,4408.0,4411.0,13.0,573430.0,14299.0
2022-09-21 22:45:00,4402.0,4402.0,4400.0,4400.0,6.0,264080.0,14303.0
2022-09-21 22:50:00,4400.0,4402.0,4400.0,4402.0,1.0,44020.0,14303.0
2022-09-21 22:55:00,4402.0,4402.0,4398.0,4398.0,1.0,43980.0,14304.0
2022-09-22 09:00:00,4370.0,4378.0,4365.0,4378.0,43.0,1878250.0,14337.0
2022-09-22 09:05:00,4378.0,4380.0,4378.0,4380.0,80.0,3504780.0,14414.0
2022-09-22 09:10:00,4380.0,4410.0,4380.0,4410.0,4.0,176210.0,14414.0
2022-09-22 09:15:00,4418.0,4424.0,4416.0,4416.0,9.0,397710.0,14416.0
2022-09-22 09:20:00,4416.0,4418.0,4412.0,4418.0,3.0,132420.0,14418.0
2022-09-22 09:25:00,4420.0,4425.0,4408.0,4416.0,9.0,397620.0,14423.0
2022-09-22 09:30:00,4416.0,4417.0,4416.0,4417.0,1.0,44170.0,14423.0
2022-09-22 09:35:00,4430.0,4466.0,4430.0,4465.0,46.0,2047010.0,14435.0
2022-09-22 09:40:00,4465.0,4465.0,4444.0,4454.0,9.0,400360.0,14430.0
2022-09-22 09:45:00,4454.0,4454.0,4446.0,4446.0,20.0,889360.0,14429.0
2022-09-22 09:50:00,4436.0,4436.0,4427.0,4431.0,3.0,132940.0,14431.0
2022-09-22 09:55:00,4431.0,4441.0,4431.0,4441.0,3.0,133210.0,14429.0
2022-09-22 10:00:00,4441.0,4441.0,4437.0,4437.0,1.0,44370.0,14430.0
2022-09-22 10:05:00,4437.0,4437.0,4432.0,4432.0,3.0,133010.0,14433.0
2022-09-22 10:10:00,4432.0,4432.0,4430.0,4430.0,2.0,88600.0,14433.0
2022-09-22 10:30:00,4430.0,4436.0,4430.0,4436.0,2.0,88720.0,14433.0
2022-09-22 10:35:00,4436.0,4436.0,4420.0,4420.0,4.0,176930.0,14436.0
2022-09-22 10:40:00,4434.0,4434.0,4434.0,4434.0,10.0,443400.0,14429.0
2022-09-22 10:45:00,4434.0,4446.0,4434.0,4438.0,3.0,133280.0,14426.0
2022-09-22 10:50:00,4436.0,4436.0,4436.0,4436.0,5.0,221800.0,14424.0
2022-09-22 10:55:00,4436.0,4448.0,4436.0,4448.0,1.0,44480.0,14423.0
2022-09-22 11:00:00,4444.0,4459.0,4444.0,4455.0,12.0,534750.0,14426.0
2022-09-22 11:05:00,4455.0,4455.0,4452.0,4452.0,2.0,89040.0,14428.0
2022-09-22 11:10:00,4452.0,4464.0,4452.0,4464.0,6.0,267710.0,14425.0
2022-09-22 11:15:00,4464.0,4464.0,4458.0,4458.0,3.0,133740.0,14425.0
2022-09-22 11:20:00,4455.0,4470.0,4455.0,4470.0,6.0,267530.0,14423.0
2022-09-22 11:25:00,4470.0,4471.0,4470.0,4471.0,5.0,223520.0,14427.0
2022-09-22 13:30:00,4466.0,4476.0,4466.0,4469.0,16.0,715170.0,14429.0
2022-09-22 13:35:00,4469.0,4469.0,4469.0,4469.0,1.0,44690.0,14428.0
2022-09-22 13:40:00,4469.0,4469.0,4461.0,4461.0,2.0,89260.0,14429.0
2022-09-22 13:45:00,4461.0,4461.0,4454.0,4454.0,1.0,44540.0,14429.0
2022-09-22 13:50:00,4454.0,4454.0,4454.0,4454.0,1.0,44540.0,14428.0
2022-09-22 13:55:00,4460.0,4460.0,4450.0,4450.0,14.0,623900.0,14442.0
2022-09-22 14:00:00,4450.0,4462.0,4450.0,4462.0,1.0,44620.0,14441.0
2022-09-22 14:05:00,4462.0,4462.0,4462.0,4462.0,4.0,178480.0,14441.0
2022-09-22 14:10:00,4462.0,4462.0,4462.0,4462.0,0.0,0.0,14441.0
2022-09-22 14:15:00,4462.0,4462.0,4459.0,4462.0,2.0,89210.0,14439.0
2022-09-22 14:20:00,4462.0,4462.0,4462.0,4462.0,0.0,0.0,14439.0
2022-09-22 14:25:00,4462.0,4462.0,4462.0,4462.0,0.0,0.0,14439.0
2022-09-22 14:30:00,4462.0,4462.0,4462.0,4462.0,1.0,44620.0,14439.0
2022-09-22 14:35:00,4450.0,4450.0,4444.0,4446.0,19.0,844810.0,14453.0
2022-09-22 14:40:00,4454.0,4454.0,4450.0,4450.0,4.0,178040.0,14454.0
2022-09-22 14:45:00,4450.0,4450.0,4435.0,4435.0,5.0,221750.0,14459.0
2022-09-22 14:50:00,4435.0,4435.0,4435.0,4435.0,0.0,0.0,14459.0
2022-09-22 14:55:00,4435.0,4449.0,4435.0,4449.0,21.0,934740.0,14454.0
2022-09-22 21:00:00,4449.0,4485.0,4449.0,4474.0,12.0,537470.0,14454.0
2022-09-22 21:05:00,4474.0,4474.0,4465.0,4470.0,4.0,178790.0,14452.0
2022-09-22 21:10:00,4470.0,4472.0,4470.0,4472.0,6.0,268320.0,14456.0
2022-09-22 21:15:00,4472.0,4472.0,4462.0,4462.0,6.0,267980.0,14458.0
2022-09-22 21:20:00,4470.0,4472.0,4456.0,4456.0,10.0,446360.0,14455.0
2022-09-22 21:25:00,4456.0,4459.0,4456.0,4459.0,3.0,133740.0,14456.0
2022-09-22 21:30:00,4459.0,4459.0,4459.0,4459.0,1.0,44590.0,14457.0
2022-09-22 21:35:00,4459.0,4465.0,4459.0,4465.0,1.0,44650.0,14456.0
2022-09-22 21:40:00,4465.0,4465.0,4453.0,4462.0,5.0,223040.0,14459.0
2022-09-22 21:45:00,4456.0,4456.0,4447.0,4447.0,6.0,267180.0,14456.0
2022-09-22 21:50:00,4452.0,4458.0,4452.0,4458.0,18.0,801810.0,14468.0
2022-09-22 21:55:00,4458.0,4458.0,4455.0,4455.0,2.0,89130.0,14467.0
2022-09-22 22:00:00,4455.0,4455.0,4455.0,4455.0,2.0,89100.0,14467.0
2022-09-22 22:05:00,4455.0,4455.0,4455.0,4455.0,21.0,935550.0,14462.0
2022-09-22 22:10:00,4455.0,4459.0,4455.0,4459.0,1.0,44590.0,14462.0
2022-09-22 22:15:00,4459.0,4460.0,4459.0,4460.0,1.0,44600.0,14463.0
2022-09-22 22:20:00,4460.0,4460.0,4460.0,4460.0,0.0,0.0,14463.0
2022-09-22 22:25:00,4460.0,4460.0,4455.0,4455.0,1.0,44550.0,14463.0
2022-09-22 22:30:00,4455.0,4455.0,4455.0,4455.0,0.0,0.0,14463.0
2022-09-22 22:35:00,4455.0,4455.0,4455.0,4455.0,0.0,0.0,14463.0
2022-09-22 22:40:00,4455.0,4466.0,4455.0,4466.0,2.0,89320.0,14464.0
2022-09-22 22:45:00,4466.0,4466.0,4466.0,4466.0,1.0,44660.0,14463.0
2022-09-22 22:50:00,4466.0,4466.0,4466.0,4466.0,0.0,0.0,14463.0
2022-09-22 22:55:00,4466.0,4466.0,4454.0,4454.0,1.0,44540.0,14463.0
2022-09-23 09:00:00,4455.0,4455.0,4455.0,4455.0,1.0,44550.0,14463.0
2022-09-23 09:05:00,4455.0,4455.0,4455.0,4455.0,1.0,44550.0,14463.0
2022-09-23 09:10:00,4455.0,4462.0,4455.0,4462.0,1.0,44620.0,14462.0
2022-09-23 09:15:00,4462.0,4462.0,4453.0,4453.0,2.0,89060.0,14462.0
2022-09-23 09:20:00,4453.0,4454.0,4450.0,4450.0,6.0,267110.0,14460.0
2022-09-23 09:25:00,4449.0,4449.0,4446.0,4447.0,27.0,1200770.0,14460.0
2022-09-23 09:30:00,4447.0,4447.0,4447.0,4447.0,0.0,0.0,14460.0
2022-09-23 09:35:00,4447.0,4447.0,4447.0,4447.0,1.0,44470.0,14460.0
2022-09-23 09:40:00,4447.0,4448.0,4447.0,4448.0,2.0,88950.0,14459.0
2022-09-23 09:45:00,4448.0,4455.0,4448.0,4450.0,12.0,534450.0,14459.0
2022-09-23 09:50:00,4441.0,4441.0,4441.0,4441.0,1.0,44410.0,14459.0
2022-09-23 09:55:00,4441.0,4441.0,4438.0,4438.0,5.0,221930.0,14458.0
2022-09-23 10:00:00,4438.0,4438.0,4430.0,4430.0,10.0,443350.0,14457.0
2022-09-23 10:05:00,4430.0,4430.0,4420.0,4430.0,13.0,575280.0,14458.0
2022-09-23 10:10:00,4430.0,4430.0,4414.0,4414.0,28.0,1237600.0,14453.0
2022-09-23 10:30:00,4410.0,4416.0,4408.0,4416.0,12.0,529160.0,14457.0
2022-09-23 10:35:00,4423.0,4423.0,4423.0,4423.0,4.0,176920.0,14458.0
2022-09-23 10:40:00,4408.0,4416.0,4407.0,4416.0,13.0,573580.0,14460.0
2022-09-23 10:45:00,4416.0,4416.0,4416.0,4416.0,2.0,88320.0,14461.0
2022-09-23 10:50:00,4416.0,4418.0,4416.0,4417.0,136.0,6010590.0,14577.0
2022-09-23 10:55:00,4417.0,4417.0,4411.0,4411.0,19.0,838690.0,14578.0
2022-09-23 11:00:00,4411.0,4420.0,4411.0,4416.0,39.0,1722010.0,14583.0
2022-09-23 11:05:00,4416.0,4416.0,4416.0,4416.0,8.0,353430.0,14591.0
2022-09-23 11:10:00,4416.0,4416.0,4409.0,4409.0,12.0,529480.0,14601.0
2022-09-23 11:15:00,4409.0,4409.0,4402.0,4402.0,1.0,44020.0,14602.0
2022-09-23 11:20:00,4402.0,4402.0,4402.0,4402.0,0.0,0.0,14602.0
2022-09-23 11:25:00,4402.0,4430.0,4402.0,4430.0,1.0,44300.0,14602.0
2022-09-23 13:30:00,4432.0,4432.0,4432.0,4432.0,1.0,44320.0,14602.0
2022-09-23 13:35:00,4432.0,4434.0,4432.0,4434.0,1.0,44340.0,14603.0
2022-09-23 13:40:00,4445.0,4445.0,4445.0,4445.0,31.0,1377950.0,14626.0
2022-09-23 13:45:00,4445.0,4445.0,4445.0,4445.0,11.0,488950.0,14637.0
2022-09-23 13:50:00,4440.0,4445.0,4439.0,4439.0,12.0,533000.0,14638.0
2022-09-23 13:55:00,4439.0,4439.0,4439.0,4439.0,8.0,355120.0,14639.0
2022-09-23 14:00:00,4439.0,4439.0,4439.0,4439.0,0.0,0.0,14639.0
2022-09-23 14:05:00,4450.0,4450.0,4448.0,4448.0,6.0,266920.0,14633.0
2022-09-23 14:10:00,4448.0,4448.0,4448.0,4448.0,2.0,88960.0,14633.0
2022-09-23 14:15:00,4450.0,4450.0,4450.0,4450.0,1.0,44500.0,14633.0
2022-09-23 14:20:00,4455.0,4455.0,4455.0,4455.0,2.0,89100.0,14635.0
2022-09-23 14:25:00,4455.0,4455.0,4439.0,4439.0,2.0,88780.0,14636.0
2022-09-23 14:30:00,4439.0,4439.0,4437.0,4437.0,3.0,133150.0,14633.0
2022-09-23 14:35:00,4437.0,4437.0,4431.0,4431.0,2.0,88630.0,14631.0
2022-09-23 14:40:00,4431.0,4431.0,4406.0,4408.0,5.0,220750.0,14632.0
2022-09-23 14:45:00,4410.0,4419.0,4410.0,4419.0,34.0,1501330.0,14640.0
2022-09-23 14:50:00,4419.0,4419.0,4413.0,4413.0,24.0,1059570.0,14630.0
2022-09-23 14:55:00,4414.0,4419.0,4412.0,4412.0,19.0,838840.0,14619.0
2022-09-23 21:00:00,4368.0,4403.0,4365.0,4403.0,62.0,2713850.0,14603.0
2022-09-23 21:05:00,4411.0,4437.0,4411.0,4435.0,30.0,1328920.0,14613.0
2022-09-23 21:10:00,4434.0,4438.0,4421.0,4421.0,9.0,398600.0,14612.0
2022-09-23 21:15:00,4421.0,4421.0,4421.0,4421.0,5.0,221050.0,14612.0
2022-09-23 21:20:00,4421.0,4421.0,4386.0,4394.0,23.0,1011630.0,14610.0
2022-09-23 21:25:00,4394.0,4399.0,4394.0,4397.0,8.0,351800.0,14612.0
2022-09-23 21:30:00,4397.0,4397.0,4397.0,4397.0,0.0,0.0,14612.0
2022-09-23 21:35:00,4397.0,4401.0,4397.0,4398.0,10.0,439880.0,14618.0
2022-09-23 21:40:00,4398.0,4413.0,4398.0,4413.0,9.0,396810.0,14620.0
2022-09-23 21:45:00,4413.0,4413.0,4407.0,4407.0,10.0,440970.0,14620.0
2022-09-23 21:50:00,4390.0,4390.0,4368.0,4379.0,15.0,656580.0,14627.0
2022-09-23 21:55:00,4379.0,4390.0,4379.0,4390.0,8.0,351100.0,14630.0
2022-09-23 22:00:00,4379.0,4383.0,4379.0,4380.0,8.0,350420.0,14630.0
2022-09-23 22:05:00,4380.0,4380.0,4375.0,4375.0,103.0,4507150.0,14630.0
2022-09-23 22:10:00,4375.0,4375.0,4375.0,4375.0,0.0,0.0,14630.0
2022-09-23 22:15:00,4375.0,4375.0,4375.0,4375.0,6.0,262500.0,14625.0
2022-09-23 22:20:00,4375.0,4375.0,4375.0,4375.0,1.0,43820.0,14625.0
2022-09-23 22:25:00,4375.0,4382.0,4375.0,4382.0,1.0,43820.0,14625.0
2022-09-23 22:30:00,4389.0,4389.0,4389.0,4389.0,2.0,87780.0,14627.0
2022-09-23 22:35:00,4389.0,4389.0,4389.0,4389.0,10.0,439220.0,14624.0
2022-09-23 22:40:00,4389.0,4391.0,4389.0,4391.0,9.0,395190.0,14625.0
2022-09-23 22:45:00,4391.0,4395.0,4391.0,4395.0,2.0,87900.0,14623.0
2022-09-23 22:50:00,4393.0,4393.0,4387.0,4387.0,12.0,526800.0,14619.0
2022-09-23 22:55:00,4387.0,4392.0,4387.0,4392.0,9.0,395220.0,14615.0
2022-09-26 09:00:00,4392.0,4410.0,4392.0,4410.0,109.0,4797170.0,14600.0
2022-09-26 09:05:00,4410.0,4425.0,4410.0,4423.0,82.0,3623790.0,14587.0
2022-09-26 09:10:00,4423.0,4423.0,4409.0,4409.0,102.0,4497180.0,14687.0
2022-09-26 09:15:00,4409.0,4420.0,4409.0,4417.0,16.0,706870.0,14699.0
2022-09-26 09:20:00,4417.0,4417.0,4416.0,4416.0,2.0,88330.0,14697.0
2022-09-26 09:25:00,4416.0,4416.0,4402.0,4402.0,1.0,44020.0,14698.0
2022-09-26 09:30:00,4402.0,4416.0,4402.0,4416.0,11.0,485470.0,14706.0
2022-09-26 09:35:00,4416.0,4430.0,4416.0,4430.0,45.0,1991560.0,14687.0
2022-09-26 09:40:00,4430.0,4430.0,4430.0,4430.0,0.0,0.0,14687.0
2022-09-26 09:45:00,4430.0,4430.0,4422.0,4422.0,1.0,44220.0,14686.0
2022-09-26 09:50:00,4422.0,4422.0,4422.0,4422.0,0.0,0.0,14686.0
2022-09-26 09:55:00,4422.0,4422.0,4408.0,4408.0,207.0,9146140.0,14617.0
2022-09-26 10:00:00,4408.0,4408.0,4383.0,4384.0,76.0,3332610.0,14623.0
2022-09-26 10:05:00,4384.0,4384.0,4384.0,4384.0,0.0,0.0,14623.0
2022-09-26 10:10:00,4384.0,4385.0,4384.0,4385.0,12.0,526170.0,14623.0
2022-09-26 10:30:00,4385.0,4390.0,4385.0,4386.0,12.0,526720.0,14623.0
2022-09-26 10:35:00,4384.0,4384.0,4321.0,4334.0,224.0,9760200.0,14572.0
2022-09-26 10:40:00,4339.0,4339.0,4325.0,4331.0,54.0,2339540.0,14594.0
2022-09-26 10:45:00,4320.0,4341.0,4315.0,4341.0,27.0,1167170.0,14600.0
2022-09-26 10:50:00,4341.0,4344.0,4336.0,4340.0,45.0,1953470.0,14619.0
2022-09-26 10:55:00,4340.0,4342.0,4340.0,4342.0,7.0,303870.0,14612.0
2022-09-26 11:00:00,4342.0,4342.0,4331.0,4331.0,14.0,606560.0,14612.0
2022-09-26 11:05:00,4331.0,4331.0,4322.0,4328.0,45.0,1948620.0,14652.0
2022-09-26 11:10:00,4328.0,4328.0,4319.0,4320.0,2.0,86390.0,14651.0
2022-09-26 11:15:00,4317.0,4317.0,4310.0,4311.0,49.0,2113130.0,14648.0
2022-09-26 11:20:00,4311.0,4319.0,4311.0,4315.0,217.0,9372140.0,14825.0
2022-09-26 11:25:00,4315.0,4315.0,4303.0,4303.0,9.0,387510.0,14825.0
2022-09-26 13:30:00,4302.0,4303.0,4290.0,4303.0,62.0,2663860.0,14846.0
2022-09-26 13:35:00,4303.0,4303.0,4283.0,4291.0,21.0,900280.0,14850.0
2022-09-26 13:40:00,4291.0,4291.0,4275.0,4280.0,34.0,1455410.0,14858.0
2022-09-26 13:45:00,4280.0,4301.0,4280.0,4301.0,9.0,386690.0,14852.0
2022-09-26 13:50:00,4301.0,4301.0,4301.0,4301.0,0.0,0.0,14852.0
2022-09-26 13:55:00,4299.0,4299.0,4299.0,4299.0,1.0,42990.0,14852.0
2022-09-26 14:00:00,4299.0,4314.0,4299.0,4314.0,14.0,603270.0,14854.0
2022-09-26 14:05:00,4314.0,4314.0,4300.0,4306.0,4.0,172140.0,14853.0
2022-09-26 14:10:00,4300.0,4300.0,4291.0,4291.0,8.0,343610.0,14858.0
2022-09-26 14:15:00,4283.0,4283.0,4280.0,4280.0,10.0,428040.0,14865.0
2022-09-26 14:20:00,4280.0,4280.0,4275.0,4275.0,2.0,85500.0,14865.0
2022-09-26 14:25:00,4275.0,4275.0,4268.0,4268.0,7.0,298760.0,14870.0
2022-09-26 14:30:00,4264.0,4274.0,4261.0,4274.0,32.0,1365500.0,14877.0
2022-09-26 14:35:00,4274.0,4274.0,4274.0,4274.0,1.0,42740.0,14878.0
2022-09-26 14:40:00,4274.0,4274.0,4261.0,4262.0,18.0,768450.0,14886.0
2022-09-26 14:45:00,4268.0,4281.0,4268.0,4280.0,25.0,1069940.0,14886.0
2022-09-26 14:50:00,4274.0,4278.0,4271.0,4271.0,104.0,4446450.0,14938.0
2022-09-26 14:55:00,4271.0,4271.0,4266.0,4270.0,121.0,5165570.0,14844.0
2022-09-26 21:00:00,4287.0,4295.0,4284.0,4295.0,64.0,2748260.0,14897.0
2022-09-26 21:05:00,4289.0,4306.0,4289.0,4305.0,187.0,8036190.0,15056.0
2022-09-26 21:10:00,4305.0,4310.0,4305.0,4310.0,21.0,904180.0,15072.0
2022-09-26 21:15:00,4310.0,4324.0,4310.0,4324.0,5.0,216050.0,15074.0
2022-09-26 21:20:00,4313.0,4315.0,4313.0,4315.0,41.0,1768730.0,15073.0
2022-09-26 21:25:00,4315.0,4315.0,4315.0,4315.0,2.0,86300.0,15075.0
2022-09-26 21:30:00,4311.0,4327.0,4311.0,4326.0,19.0,821720.0,15092.0
2022-09-26 21:35:00,4326.0,4327.0,4326.0,4327.0,10.0,432620.0,15100.0
2022-09-26 21:40:00,4327.0,4327.0,4316.0,4320.0,31.0,1340920.0,15106.0
2022-09-26 21:45:00,4320.0,4322.0,4320.0,4320.0,26.0,1123510.0,15124.0
2022-09-26 21:50:00,4316.0,4316.0,4314.0,4314.0,10.0,431570.0,15124.0
2022-09-26 21:55:00,4313.0,4315.0,4312.0,4315.0,41.0,1768130.0,15135.0
2022-09-26 22:00:00,4315.0,4317.0,4315.0,4317.0,1.0,43170.0,15136.0
2022-09-26 22:05:00,4317.0,4330.0,4317.0,4325.0,5.0,216180.0,15137.0
2022-09-26 22:10:00,4324.0,4324.0,4323.0,4323.0,3.0,129710.0,15138.0
2022-09-26 22:15:00,4326.0,4326.0,4326.0,4326.0,5.0,216300.0,15133.0
2022-09-26 22:20:00,4326.0,4326.0,4321.0,4321.0,2.0,86470.0,15135.0
2022-09-26 22:25:00,4321.0,4321.0,4319.0,4319.0,20.0,864350.0,15135.0
2022-09-26 22:30:00,4319.0,4319.0,4319.0,4319.0,0.0,0.0,15135.0
2022-09-26 22:35:00,4323.0,4323.0,4316.0,4316.0,3.0,129550.0,15135.0
2022-09-26 22:40:00,4316.0,4316.0,4310.0,4310.0,2.0,86210.0,15137.0
2022-09-26 22:45:00,4310.0,4312.0,4310.0,4312.0,8.0,344840.0,15132.0
2022-09-26 22:50:00,4312.0,4312.0,4312.0,4312.0,0.0,0.0,15132.0
2022-09-26 22:55:00,4312.0,4312.0,4312.0,4312.0,0.0,0.0,15132.0
2022-09-27 09:00:00,4300.0,4306.0,4297.0,4297.0,28.0,1204440.0,15150.0
2022-09-27 09:05:00,4302.0,4304.0,4285.0,4285.0,15.0,644170.0,15164.0
2022-09-27 09:10:00,4289.0,4289.0,4280.0,4284.0,30.0,1285320.0,15185.0
2022-09-27 09:15:00,4284.0,4295.0,4284.0,4291.0,40.0,1716160.0,15213.0
2022-09-27 09:20:00,4300.0,4300.0,4300.0,4300.0,3.0,129000.0,15212.0
2022-09-27 09:25:00,4300.0,4300.0,4277.0,4280.0,353.0,15167630.0,15351.0
2022-09-27 09:30:00,4280.0,4286.0,4280.0,4286.0,12.0,514310.0,15361.0
2022-09-27 09:35:00,4286.0,4287.0,4286.0,4287.0,16.0,685910.0,15356.0
2022-09-27 09:40:00,4287.0,4287.0,4277.0,4285.0,95.0,4069310.0,15350.0
2022-09-27 09:45:00,4283.0,4283.0,4283.0,4283.0,13.0,556960.0,15350.0
2022-09-27 09:50:00,4285.0,4289.0,4285.0,4289.0,9.0,385860.0,15347.0
2022-09-27 09:55:00,4289.0,4300.0,4289.0,4296.0,16.0,687340.0,15344.0
2022-09-27 10:00:00,4292.0,4292.0,4284.0,4284.0,10.0,428690.0,15344.0
2022-09-27 10:05:00,4293.0,4293.0,4293.0,4293.0,5.0,214910.0,15347.0
2022-09-27 10:10:00,4294.0,4295.0,4287.0,4287.0,24.0,1029530.0,15371.0
2022-09-27 10:30:00,4287.0,4288.0,4275.0,4277.0,42.0,1800240.0,15395.0
2022-09-27 10:35:00,4270.0,4270.0,4266.0,4266.0,43.0,1836180.0,15404.0
2022-09-27 10:40:00,4271.0,4271.0,4271.0,4271.0,86.0,3679010.0,15490.0
2022-09-27 10:45:00,4271.0,4271.0,4269.0,4269.0,21.0,896650.0,15485.0
2022-09-27 10:50:00,4269.0,4269.0,4269.0,4269.0,0.0,0.0,15485.0
2022-09-27 10:55:00,4280.0,4280.0,4280.0,4280.0,1.0,42800.0,15486.0
2022-09-27 11:00:00,4274.0,4274.0,4274.0,4274.0,14.0,598440.0,15490.0
2022-09-27 11:05:00,4274.0,4274.0,4274.0,4274.0,0.0,0.0,15490.0
2022-09-27 11:10:00,4274.0,4274.0,4274.0,4274.0,5.0,213700.0,15490.0
2022-09-27 11:15:00,4274.0,4276.0,4274.0,4276.0,7.0,299200.0,15492.0
2022-09-27 11:20:00,4279.0,4279.0,4276.0,4276.0,102.0,4362550.0,15491.0
2022-09-27 11:25:00,4276.0,4276.0,4276.0,4276.0,9.0,384840.0,15483.0
2022-09-27 13:30:00,4276.0,4285.0,4276.0,4284.0,42.0,1799930.0,15498.0
2022-09-27 13:35:00,4284.0,4285.0,4279.0,4279.0,17.0,727590.0,15502.0
2022-09-27 13:40:00,4279.0,4291.0,4279.0,4291.0,14.0,600840.0,15495.0
2022-09-27 13:45:00,4291.0,4306.0,4291.0,4306.0,108.0,4644750.0,15583.0
2022-09-27 13:50:00,4306.0,4306.0,4304.0,4304.0,30.0,1291600.0,15586.0
2022-09-27 13:55:00,4304.0,4304.0,4301.0,4304.0,15.0,645480.0,15575.0
2022-09-27 14:00:00,4306.0,4311.0,4306.0,4309.0,79.0,3401870.0,15559.0
2022-09-27 14:05:00,4309.0,4309.0,4309.0,4309.0,16.0,689440.0,15566.0
2022-09-27 14:10:00,4309.0,4313.0,4309.0,4313.0,12.0,517220.0,15567.0
2022-09-27 14:15:00,4317.0,4317.0,4317.0,4317.0,2.0,86340.0,15568.0
2022-09-27 14:20:00,4317.0,4317.0,4317.0,4317.0,0.0,0.0,15568.0
2022-09-27 14:25:00,4317.0,4317.0,4317.0,4317.0,9.0,388530.0,15567.0
2022-09-27 14:30:00,4322.0,4329.0,4322.0,4329.0,111.0,4802380.0,15563.0
2022-09-27 14:35:00,4330.0,4330.0,4330.0,4330.0,6.0,259810.0,15566.0
2022-09-27 14:40:00,4330.0,4331.0,4330.0,4331.0,2.0,86610.0,15566.0
2022-09-27 14:45:00,4331.0,4331.0,4314.0,4314.0,7.0,302310.0,15571.0
2022-09-27 14:50:00,4314.0,4315.0,4312.0,4312.0,4.0,172530.0,15575.0
2022-09-27 14:55:00,4309.0,4326.0,4309.0,4326.0,16.0,691630.0,15576.0
2022-09-27 21:00:00,4335.0,4336.0,4324.0,4336.0,37.0,1602810.0,15549.0
2022-09-27 21:05:00,4338.0,4344.0,4333.0,4333.0,13.0,563790.0,15550.0
2022-09-27 21:10:00,4333.0,4333.0,4323.0,4323.0,3.0,129840.0,15551.0
2022-09-27 21:15:00,4323.0,4325.0,4323.0,4325.0,10.0,432460.0,15554.0
2022-09-27 21:20:00,4325.0,4325.0,4310.0,4311.0,9.0,387980.0,15556.0
2022-09-27 21:25:00,4301.0,4305.0,4298.0,4305.0,32.0,1376380.0,15569.0
2022-09-27 21:30:00,4304.0,4310.0,4301.0,4306.0,6.0,258270.0,15571.0
2022-09-27 21:35:00,4309.0,4309.0,4305.0,4307.0,73.0,3143520.0,15612.0
2022-09-27 21:40:00,4307.0,4312.0,4303.0,4303.0,197.0,8494340.0,15704.0
2022-09-27 21:45:00,4300.0,4300.0,4300.0,4300.0,49.0,2107000.0,15706.0
2022-09-27 21:50:00,4300.0,4300.0,4300.0,4300.0,7.0,301700.0,15706.0
2022-09-27 21:55:00,4316.0,4318.0,4316.0,4318.0,11.0,474910.0,15706.0
2022-09-27 22:00:00,4318.0,4318.0,4318.0,4318.0,0.0,0.0,15706.0
2022-09-27 22:05:00,4318.0,4318.0,4304.0,4305.0,56.0,2402300.0,15705.0
2022-09-27 22:10:00,4305.0,4305.0,4305.0,4305.0,14.0,603680.0,15719.0
2022-09-27 22:15:00,4305.0,4310.0,4305.0,4310.0,32.0,1377990.0,15718.0
2022-09-27 22:20:00,4310.0,4311.0,4307.0,4309.0,23.0,991190.0,15734.0
2022-09-27 22:25:00,4316.0,4316.0,4316.0,4316.0,2.0,86320.0,15734.0
2022-09-27 22:30:00,4316.0,4316.0,4316.0,4316.0,0.0,0.0,15734.0
2022-09-27 22:35:00,4316.0,4316.0,4313.0,4313.0,1.0,43130.0,15734.0
2022-09-27 22:40:00,4313.0,4313.0,4312.0,4312.0,5.0,215640.0,15739.0
2022-09-27 22:45:00,4312.0,4312.0,4312.0,4312.0,0.0,0.0,15739.0
2022-09-27 22:50:00,4312.0,4312.0,4312.0,4312.0,0.0,0.0,15739.0
2022-09-27 22:55:00,4312.0,4312.0,4312.0,4312.0,2.0,86240.0,15739.0
2022-09-28 09:00:00,4307.0,4326.0,4307.0,4326.0,8.0,345360.0,15741.0
2022-09-28 09:05:00,4330.0,4330.0,4325.0,4325.0,20.0,865230.0,15734.0
2022-09-28 09:10:00,4329.0,4329.0,4308.0,4308.0,7.0,302280.0,15735.0
2022-09-28 09:15:00,4308.0,4308.0,4280.0,4287.0,33.0,1416100.0,15762.0
2022-09-28 09:20:00,4285.0,4289.0,4279.0,4279.0,6.0,257000.0,15767.0
2022-09-28 09:25:00,4279.0,4283.0,4277.0,4283.0,23.0,984630.0,15784.0
2022-09-28 09:30:00,4289.0,4289.0,4279.0,4279.0,10.0,428300.0,15786.0
2022-09-28 09:35:00,4279.0,4287.0,4279.0,4287.0,41.0,1754870.0,15787.0
2022-09-28 09:40:00,4287.0,4287.0,4287.0,4287.0,1.0,42870.0,15786.0
2022-09-28 09:45:00,4287.0,4287.0,4287.0,4287.0,0.0,0.0,15786.0
2022-09-28 09:50:00,4287.0,4287.0,4281.0,4281.0,3.0,128440.0,15789.0
2022-09-28 09:55:00,4280.0,4284.0,4280.0,4280.0,13.0,556440.0,15792.0
2022-09-28 10:00:00,4280.0,4280.0,4280.0,4280.0,1.0,42880.0,15792.0
2022-09-28 10:05:00,4280.0,4298.0,4280.0,4298.0,88.0,3775280.0,15783.0
2022-09-28 10:10:00,4298.0,4298.0,4295.0,4295.0,1.0,42950.0,15782.0
2022-09-28 10:30:00,4295.0,4295.0,4280.0,4280.0,35.0,1498500.0,15794.0
2022-09-28 10:35:00,4280.0,4280.0,4280.0,4280.0,0.0,0.0,15794.0
2022-09-28 10:40:00,4296.0,4304.0,4296.0,4304.0,34.0,1461700.0,15824.0
2022-09-28 10:45:00,4304.0,4304.0,4300.0,4300.0,9.0,387000.0,15833.0
2022-09-28 10:50:00,4300.0,4300.0,4294.0,4294.0,1.0,42940.0,15833.0
2022-09-28 10:55:00,4289.0,4289.0,4283.0,4286.0,6.0,257130.0,15839.0
2022-09-28 11:00:00,4286.0,4286.0,4286.0,4286.0,0.0,0.0,15839.0
2022-09-28 11:05:00,4286.0,4286.0,4286.0,4286.0,1.0,42860.0,15840.0
2022-09-28 11:10:00,4286.0,4289.0,4286.0,4289.0,1.0,42890.0,15841.0
2022-09-28 11:15:00,4289.0,4289.0,4289.0,4289.0,91.0,3902990.0,15831.0
2022-09-28 11:20:00,4298.0,4298.0,4298.0,4298.0,10.0,429800.0,15841.0
2022-09-28 11:25:00,4295.0,4295.0,4289.0,4292.0,8.0,343310.0,15843.0
2022-09-28 13:30:00,4289.0,4289.0,4278.0,4286.0,28.0,1199100.0,15855.0
2022-09-28 13:35:00,4285.0,4286.0,4280.0,4280.0,28.0,1199020.0,15872.0
2022-09-28 13:40:00,4276.0,4294.0,4276.0,4294.0,27.0,1158380.0,15897.0
2022-09-28 13:45:00,4297.0,4300.0,4295.0,4300.0,12.0,515870.0,15903.0
2022-09-28 13:50:00,4300.0,4300.0,4282.0,4282.0,3.0,128540.0,15906.0
2022-09-28 13:55:00,4282.0,4287.0,4282.0,4287.0,1.0,42870.0,15907.0
2022-09-28 14:00:00,4287.0,4297.0,4287.0,4297.0,9.0,386340.0,15915.0
2022-09-28 14:05:00,4297.0,4297.0,4297.0,4297.0,0.0,0.0,15915.0
2022-09-28 14:10:00,4297.0,4297.0,4297.0,4297.0,0.0,0.0,15915.0
2022-09-28 14:15:00,4297.0,4297.0,4297.0,4297.0,0.0,0.0,15915.0
2022-09-28 14:20:00,4297.0,4297.0,4297.0,4297.0,0.0,0.0,15915.0
2022-09-28 14:25:00,4292.0,4292.0,4292.0,4292.0,6.0,257520.0,15915.0
2022-09-28 14:30:00,4288.0,4288.0,4288.0,4288.0,1.0,42880.0,15915.0
2022-09-28 14:35:00,4282.0,4282.0,4273.0,4276.0,13.0,555880.0,15927.0
2022-09-28 14:40:00,4276.0,4291.0,4276.0,4291.0,10.0,429100.0,15935.0
2022-09-28 14:45:00,4291.0,4291.0,4291.0,4291.0,3.0,128730.0,15933.0
2022-09-28 14:50:00,4291.0,4291.0,4287.0,4287.0,15.0,643550.0,15934.0
2022-09-28 14:55:00,4287.0,4287.0,4280.0,4287.0,15.0,642270.0,15926.0
2022-09-28 21:00:00,4312.0,4316.0,4307.0,4310.0,32.0,1379320.0,15917.0
2022-09-28 21:05:00,4309.0,4309.0,4296.0,4296.0,14.0,602590.0,15914.0
2022-09-28 21:10:00,4296.0,4301.0,4296.0,4301.0,16.0,687670.0,15915.0
2022-09-28 21:15:00,4301.0,4304.0,4301.0,4304.0,4.0,172070.0,15918.0
2022-09-28 21:20:00,4300.0,4301.0,4298.0,4298.0,3.0,128990.0,15920.0
2022-09-28 21:25:00,4300.0,4306.0,4300.0,4302.0,39.0,1678480.0,15897.0
2022-09-28 21:30:00,4302.0,4303.0,4302.0,4303.0,1.0,43030.0,15897.0
2022-09-28 21:35:00,4303.0,4303.0,4303.0,4303.0,2.0,86060.0,15895.0
2022-09-28 21:40:00,4303.0,4308.0,4301.0,4308.0,14.0,602430.0,15895.0
2022-09-28 21:45:00,4308.0,4312.0,4305.0,4312.0,14.0,603270.0,15886.0
2022-09-28 21:50:00,4312.0,4314.0,4312.0,4314.0,3.0,129410.0,15887.0
2022-09-28 21:55:00,4314.0,4314.0,4313.0,4313.0,1.0,43130.0,15886.0
2022-09-28 22:00:00,4312.0,4317.0,4312.0,4316.0,5.0,215740.0,15885.0
2022-09-28 22:05:00,4322.0,4330.0,4321.0,4330.0,5.0,216240.0,15881.0
2022-09-28 22:10:00,4330.0,4332.0,4326.0,4332.0,12.0,519310.0,15878.0
2022-09-28 22:15:00,4327.0,4327.0,4326.0,4326.0,3.0,129790.0,15879.0
2022-09-28 22:20:00,4326.0,4327.0,4326.0,4327.0,1.0,43270.0,15879.0
2022-09-28 22:25:00,4327.0,4359.0,4323.0,4359.0,39.0,1693510.0,15850.0
2022-09-28 22:30:00,4362.0,4367.0,4350.0,4358.0,15.0,653790.0,15843.0
2022-09-28 22:35:00,4353.0,4359.0,4352.0,4359.0,14.0,609790.0,15845.0
2022-09-28 22:40:00,4357.0,4357.0,4349.0,4351.0,11.0,478600.0,15850.0
2022-09-28 22:45:00,4351.0,4351.0,4351.0,4351.0,1.0,43510.0,15850.0
2022-09-28 22:50:00,4345.0,4345.0,4336.0,4336.0,8.0,347240.0,15850.0
2022-09-28 22:55:00,4336.0,4343.0,4336.0,4343.0,4.0,173620.0,15850.0
2022-09-29 09:00:00,4343.0,4345.0,4329.0,4343.0,8.0,347270.0,15852.0
2022-09-29 09:05:00,4340.0,4348.0,4340.0,4344.0,6.0,260640.0,15854.0
2022-09-29 09:10:00,4344.0,4350.0,4344.0,4349.0,2.0,86990.0,15855.0
2022-09-29 09:15:00,4346.0,4346.0,4336.0,4336.0,9.0,390480.0,15850.0
2022-09-29 09:20:00,4336.0,4336.0,4333.0,4333.0,4.0,173350.0,15847.0
2022-09-29 09:25:00,4338.0,4350.0,4338.0,4350.0,5.0,217250.0,15848.0
2022-09-29 09:30:00,4350.0,4350.0,4343.0,4346.0,6.0,260810.0,15847.0
2022-09-29 09:35:00,4346.0,4346.0,4315.0,4318.0,25.0,1080180.0,15863.0
2022-09-29 09:40:00,4318.0,4326.0,4318.0,4326.0,8.0,345830.0,15866.0
2022-09-29 09:45:00,4326.0,4326.0,4326.0,4326.0,2.0,86520.0,15867.0
2022-09-29 09:50:00,4322.0,4325.0,4322.0,4322.0,6.0,259350.0,15870.0
2022-09-29 09:55:00,4322.0,4322.0,4322.0,4322.0,0.0,0.0,15870.0
2022-09-29 10:00:00,4325.0,4334.0,4316.0,4316.0,28.0,1212010.0,15883.0
2022-09-29 10:05:00,4316.0,4325.0,4316.0,4325.0,7.0,302660.0,15887.0
2022-09-29 10:10:00,4325.0,4327.0,4322.0,4322.0,212.0,9173010.0,15826.0
2022-09-29 10:30:00,4322.0,4324.0,4313.0,4313.0,5.0,215790.0,15824.0
2022-09-29 10:35:00,4313.0,4313.0,4309.0,4309.0,4.0,172450.0,15825.0
2022-09-29 10:40:00,4316.0,4316.0,4315.0,4316.0,3.0,129470.0,15825.0
2022-09-29 10:45:00,4316.0,4316.0,4312.0,4312.0,7.0,302080.0,15825.0
2022-09-29 10:50:00,4312.0,4312.0,4312.0,4312.0,0.0,0.0,15825.0
2022-09-29 10:55:00,4315.0,4323.0,4313.0,4322.0,8.0,345430.0,15824.0
2022-09-29 11:00:00,4324.0,4326.0,4322.0,4326.0,68.0,2941550.0,15870.0
2022-09-29 11:05:00,4326.0,4326.0,4326.0,4326.0,0.0,0.0,15870.0
2022-09-29 11:10:00,4326.0,4326.0,4326.0,4326.0,0.0,0.0,15870.0
2022-09-29 11:15:00,4326.0,4330.0,4325.0,4325.0,47.0,2034770.0,15873.0
2022-09-29 11:20:00,4325.0,4334.0,4325.0,4334.0,172.0,7447630.0,15724.0
2022-09-29 11:25:00,4334.0,4337.0,4333.0,4337.0,8.0,346800.0,15727.0
2022-09-29 13:30:00,4332.0,4350.0,4332.0,4350.0,73.0,3168490.0,15699.0
2022-09-29 13:35:00,4352.0,4352.0,4345.0,4345.0,15.0,652390.0,15691.0
2022-09-29 13:40:00,4345.0,4345.0,4331.0,4331.0,2.0,86760.0,15692.0
2022-09-29 13:45:00,4331.0,4337.0,4328.0,4328.0,110.0,4770560.0,15783.0
2022-09-29 13:50:00,4328.0,4335.0,4328.0,4335.0,16.0,692990.0,15783.0
2022-09-29 13:55:00,4335.0,4336.0,4335.0,4336.0,2.0,86710.0,15782.0
2022-09-29 14:00:00,4338.0,4339.0,4338.0,4339.0,16.0,694190.0,15792.0
2022-09-29 14:05:00,4339.0,4339.0,4339.0,4339.0,5.0,216950.0,15787.0
2022-09-29 14:10:00,4339.0,4339.0,4316.0,4316.0,110.0,4770410.0,15725.0
2022-09-29 14:15:00,4316.0,4316.0,4316.0,4316.0,11.0,474760.0,15735.0
2022-09-29 14:20:00,4309.0,4309.0,4300.0,4305.0,19.0,817470.0,15740.0
2022-09-29 14:25:00,4308.0,4308.0,4308.0,4308.0,2.0,86160.0,15742.0
2022-09-29 14:30:00,4308.0,4318.0,4308.0,4318.0,2.0,86330.0,15743.0
2022-09-29 14:35:00,4318.0,4323.0,4318.0,4323.0,62.0,2680260.0,15763.0
2022-09-29 14:40:00,4328.0,4335.0,4328.0,4333.0,8.0,346570.0,15760.0
2022-09-29 14:45:00,4333.0,4333.0,4325.0,4325.0,4.0,173010.0,15756.0
2022-09-29 14:50:00,4325.0,4325.0,4316.0,4316.0,2.0,86320.0,15756.0
2022-09-29 14:55:00,4316.0,4322.0,4316.0,4318.0,2.0,86400.0,15757.0
2022-09-29 21:00:00,4326.0,4385.0,4326.0,4385.0,91.0,3968210.0,15774.0
2022-09-29 21:05:00,4387.0,4387.0,4366.0,4371.0,50.0,2187090.0,15779.0
2022-09-29 21:10:00,4365.0,4369.0,4360.0,4369.0,19.0,828970.0,15787.0
2022-09-29 21:15:00,4369.0,4369.0,4345.0,4346.0,22.0,957720.0,15789.0
2022-09-29 21:20:00,4346.0,4351.0,4344.0,4351.0,3.0,130410.0,15789.0
2022-09-29 21:25:00,4351.0,4351.0,4351.0,4351.0,0.0,0.0,15789.0
2022-09-29 21:30:00,4351.0,4351.0,4346.0,4350.0,2.0,86960.0,15789.0
2022-09-29 21:35:00,4350.0,4362.0,4350.0,4362.0,9.0,392560.0,15787.0
2022-09-29 21:40:00,4362.0,4362.0,4362.0,4362.0,1.0,43620.0,15786.0
2022-09-29 21:45:00,4362.0,4362.0,4333.0,4333.0,50.0,2167600.0,15819.0
2022-09-29 21:50:00,4331.0,4334.0,4331.0,4334.0,124.0,5374070.0,15820.0
2022-09-29 21:55:00,4345.0,4345.0,4345.0,4345.0,4.0,173800.0,15819.0
2022-09-29 22:00:00,4345.0,4345.0,4345.0,4345.0,0.0,0.0,15819.0
2022-09-29 22:05:00,4344.0,4344.0,4344.0,4344.0,1.0,43440.0,15820.0
2022-09-29 22:10:00,4339.0,4339.0,4329.0,4331.0,7.0,303260.0,15823.0
2022-09-29 22:15:00,4331.0,4331.0,4317.0,4317.0,17.0,734350.0,15830.0
2022-09-29 22:20:00,4317.0,4320.0,4311.0,4312.0,27.0,1165700.0,15856.0
2022-09-29 22:25:00,4312.0,4312.0,4312.0,4312.0,1.0,43170.0,15856.0
2022-09-29 22:30:00,4317.0,4318.0,4317.0,4318.0,4.0,172740.0,15858.0
2022-09-29 22:35:00,4320.0,4322.0,4320.0,4322.0,2.0,86420.0,15859.0
2022-09-29 22:40:00,4322.0,4322.0,4322.0,4322.0,1.0,43220.0,15859.0
2022-09-29 22:45:00,4322.0,4322.0,4322.0,4322.0,0.0,0.0,15859.0
2022-09-29 22:50:00,4322.0,4333.0,4322.0,4333.0,8.0,346610.0,15863.0
2022-09-29 22:55:00,4333.0,4333.0,4333.0,4333.0,4.0,173320.0,15863.0
2022-09-30 09:00:00,4327.0,4338.0,4327.0,4337.0,41.0,1778160.0,15900.0
2022-09-30 09:05:00,4337.0,4337.0,4324.0,4330.0,42.0,1818010.0,15922.0
2022-09-30 09:10:00,4330.0,4330.0,4324.0,4324.0,1.0,43240.0,15922.0
2022-09-30 09:15:00,4324.0,4324.0,4323.0,4323.0,2.0,86460.0,15922.0
2022-09-30 09:20:00,4323.0,4334.0,4323.0,4334.0,2.0,86640.0,15922.0
2022-09-30 09:25:00,4333.0,4336.0,4333.0,4336.0,2.0,86690.0,15922.0
2022-09-30 09:30:00,4336.0,4345.0,4336.0,4345.0,16.0,694840.0,15927.0
2022-09-30 09:35:00,4345.0,4346.0,4340.0,4340.0,40.0,1738000.0,15948.0
2022-09-30 09:40:00,4340.0,4340.0,4334.0,4334.0,6.0,260070.0,15951.0
2022-09-30 09:45:00,4335.0,4339.0,4335.0,4339.0,22.0,954330.0,15950.0
2022-09-30 09:50:00,4339.0,4339.0,4336.0,4336.0,30.0,1300800.0,15940.0
2022-09-30 09:55:00,4336.0,4336.0,4327.0,4327.0,5.0,216470.0,15937.0
2022-09-30 10:00:00,4320.0,4320.0,4310.0,4310.0,19.0,819550.0,15942.0
2022-09-30 10:05:00,4310.0,4310.0,4310.0,4310.0,1.0,43100.0,15943.0
2022-09-30 10:10:00,4310.0,4317.0,4310.0,4317.0,1.0,43170.0,15944.0
2022-09-30 10:30:00,4317.0,4320.0,4317.0,4320.0,1.0,43200.0,15945.0
2022-09-30 10:35:00,4320.0,4320.0,4318.0,4318.0,3.0,129540.0,15946.0
2022-09-30 10:40:00,4318.0,4318.0,4318.0,4318.0,0.0,0.0,15946.0
2022-09-30 10:45:00,4318.0,4318.0,4316.0,4316.0,11.0,474940.0,15949.0
2022-09-30 10:50:00,4316.0,4316.0,4316.0,4316.0,0.0,0.0,15949.0
2022-09-30 10:55:00,4322.0,4325.0,4322.0,4325.0,2.0,86470.0,15949.0
2022-09-30 11:00:00,4325.0,4332.0,4325.0,4326.0,20.0,865350.0,15948.0
2022-09-30 11:05:00,4326.0,4336.0,4326.0,4336.0,16.0,692450.0,15960.0
2022-09-30 11:10:00,4336.0,4336.0,4336.0,4336.0,0.0,0.0,15960.0
2022-09-30 11:15:00,4336.0,4336.0,4320.0,4320.0,2.0,86560.0,15961.0
2022-09-30 11:20:00,4320.0,4329.0,4320.0,4328.0,4.0,173130.0,15963.0
2022-09-30 11:25:00,4328.0,4328.0,4328.0,4328.0,0.0,0.0,15963.0
2022-09-30 13:30:00,4328.0,4345.0,4328.0,4345.0,10.0,434250.0,15965.0
2022-09-30 13:35:00,4345.0,4354.0,4345.0,4354.0,14.0,609040.0,15966.0
2022-09-30 13:40:00,4354.0,4354.0,4354.0,4354.0,0.0,0.0,15966.0
2022-09-30 13:45:00,4354.0,4354.0,4346.0,4354.0,10.0,434800.0,15967.0
2022-09-30 13:50:00,4355.0,4362.0,4352.0,4352.0,13.0,566780.0,15971.0
2022-09-30 13:55:00,4352.0,4352.0,4344.0,4344.0,21.0,912620.0,15970.0
2022-09-30 14:00:00,4344.0,4344.0,4344.0,4344.0,0.0,0.0,15970.0
2022-09-30 14:05:00,4344.0,4344.0,4341.0,4341.0,4.0,173700.0,15971.0
2022-09-30 14:10:00,4344.0,4344.0,4336.0,4336.0,33.0,1431680.0,15990.0
2022-09-30 14:15:00,4336.0,4346.0,4336.0,4340.0,7.0,303860.0,15990.0
2022-09-30 14:20:00,4340.0,4351.0,4340.0,4351.0,3.0,130460.0,15989.0
2022-09-30 14:25:00,4351.0,4351.0,4343.0,4343.0,5.0,217420.0,15994.0
2022-09-30 14:30:00,4341.0,4351.0,4341.0,4351.0,4.0,173840.0,15996.0
2022-09-30 14:35:00,4351.0,4351.0,4341.0,4341.0,31.0,1346500.0,15997.0
2022-09-30 14:40:00,4345.0,4346.0,4340.0,4346.0,6.0,260600.0,16001.0
2022-09-30 14:45:00,4346.0,4346.0,4346.0,4346.0,8.0,347680.0,16009.0
2022-09-30 14:50:00,4346.0,4346.0,4341.0,4341.0,1.0,43410.0,16009.0
2022-09-30 14:55:00,4341.0,4341.0,4341.0,4341.0,6.0,260610.0,16006.0
2022-10-10 09:00:00,4393.0,4471.0,4393.0,4435.0,187.0,8268390.0,16018.0
2022-10-10 09:05:00,4437.0,4444.0,4415.0,4434.0,390.0,17267190.0,15969.0
2022-10-10 09:10:00,4434.0,4434.0,4394.0,4394.0,64.0,2821280.0,15995.0
2022-10-10 09:15:00,4406.0,4406.0,4380.0,4382.0,82.0,3595100.0,16021.0
2022-10-10 09:20:00,4381.0,4385.0,4377.0,4377.0,23.0,1007480.0,16032.0
2022-10-10 09:25:00,4377.0,4395.0,4377.0,4393.0,65.0,2854160.0,16029.0
2022-10-10 09:30:00,4400.0,4414.0,4395.0,4414.0,6.0,264190.0,16031.0
2022-10-10 09:35:00,4414.0,4425.0,4414.0,4425.0,8.0,353760.0,16035.0
2022-10-10 09:40:00,4425.0,4425.0,4411.0,4411.0,3.0,132370.0,16033.0
2022-10-10 09:45:00,4407.0,4424.0,4407.0,4419.0,16.0,706460.0,16040.0
2022-10-10 09:50:00,4419.0,4419.0,4414.0,4418.0,9.0,397610.0,16040.0
2022-10-10 09:55:00,4416.0,4416.0,4404.0,4406.0,87.0,3833460.0,16042.0
2022-10-10 10:00:00,4412.0,4421.0,4403.0,4403.0,138.0,6089030.0,16042.0
2022-10-10 10:05:00,4402.0,4403.0,4399.0,4399.0,12.0,528020.0,16047.0
2022-10-10 10:10:00,4399.0,4399.0,4396.0,4396.0,11.0,483560.0,16050.0
2022-10-10 10:30:00,4396.0,4396.0,4384.0,4391.0,17.0,746380.0,16050.0
2022-10-10 10:35:00,4392.0,4393.0,4385.0,4385.0,65.0,2854080.0,16043.0
2022-10-10 10:40:00,4383.0,4385.0,4381.0,4381.0,40.0,1752620.0,16043.0
2022-10-10 10:45:00,4381.0,4381.0,4379.0,4379.0,43.0,1883410.0,16068.0
2022-10-10 10:50:00,4379.0,4386.0,4379.0,4386.0,3.0,131520.0,16067.0
2022-10-10 10:55:00,4391.0,4406.0,4391.0,4406.0,21.0,924570.0,16067.0
2022-10-10 11:00:00,4408.0,4408.0,4408.0,4408.0,1.0,44080.0,16068.0
2022-10-10 11:05:00,4407.0,4411.0,4404.0,4404.0,16.0,705470.0,16071.0
2022-10-10 11:10:00,4404.0,4410.0,4404.0,4410.0,2.0,88200.0,16073.0
2022-10-10 11:15:00,4410.0,4410.0,4406.0,4406.0,1.0,44060.0,16074.0
2022-10-10 11:20:00,4402.0,4402.0,4397.0,4397.0,13.0,572100.0,16071.0
2022-10-10 11:25:00,4397.0,4404.0,4397.0,4404.0,1.0,44040.0,16070.0
2022-10-10 13:30:00,4404.0,4404.0,4400.0,4400.0,22.0,968040.0,16077.0
2022-10-10 13:35:00,4400.0,4400.0,4390.0,4394.0,62.0,2723880.0,16071.0
2022-10-10 13:40:00,4387.0,4410.0,4384.0,4408.0,18.0,792960.0,16060.0
2022-10-10 13:45:00,4408.0,4413.0,4408.0,4413.0,7.0,308810.0,16058.0
2022-10-10 13:50:00,4413.0,4413.0,4413.0,4413.0,0.0,0.0,16058.0
2022-10-10 13:55:00,4401.0,4401.0,4400.0,4400.0,7.0,308050.0,16059.0
2022-10-10 14:00:00,4400.0,4400.0,4395.0,4395.0,26.0,1143950.0,16066.0
2022-10-10 14:05:00,4395.0,4395.0,4395.0,4395.0,1.0,43950.0,16066.0
2022-10-10 14:10:00,4395.0,4395.0,4395.0,4395.0,0.0,0.0,16066.0
2022-10-10 14:15:00,4395.0,4395.0,4395.0,4395.0,3.0,131850.0,16069.0
2022-10-10 14:20:00,4393.0,4393.0,4388.0,4388.0,8.0,351340.0,16071.0
2022-10-10 14:25:00,4388.0,4395.0,4388.0,4393.0,9.0,395610.0,16075.0
2022-10-10 14:30:00,4393.0,4393.0,4388.0,4390.0,9.0,395070.0,16083.0
2022-10-10 14:35:00,4390.0,4390.0,4390.0,4390.0,37.0,1625410.0,16071.0
2022-10-10 14:40:00,4399.0,4399.0,4392.0,4392.0,12.0,527110.0,16070.0
2022-10-10 14:45:00,4392.0,4393.0,4392.0,4393.0,3.0,131790.0,16071.0
2022-10-10 14:50:00,4393.0,4393.0,4385.0,4385.0,3.0,131580.0,16074.0
2022-10-10 14:55:00,4385.0,4385.0,4377.0,4377.0,35.0,1532820.0,16101.0
2022-10-10 21:00:00,4377.0,4389.0,4377.0,4383.0,63.0,2762430.0,16093.0
2022-10-10 21:05:00,4382.0,4382.0,4369.0,4374.0,51.0,2231320.0,16109.0
2022-10-10 21:10:00,4377.0,4377.0,4366.0,4366.0,53.0,2316150.0,16126.0
2022-10-10 21:15:00,4368.0,4373.0,4364.0,4372.0,22.0,960520.0,16134.0
2022-10-10 21:20:00,4374.0,4377.0,4374.0,4374.0,15.0,656280.0,16135.0
2022-10-10 21:25:00,4374.0,4378.0,4372.0,4378.0,154.0,6741550.0,16175.0
2022-10-10 21:30:00,4380.0,4380.0,4375.0,4375.0,7.0,306470.0,16177.0
2022-10-10 21:35:00,4375.0,4385.0,4375.0,4385.0,19.0,832970.0,16173.0
2022-10-10 21:40:00,4385.0,4385.0,4385.0,4385.0,3.0,131550.0,16171.0
2022-10-10 21:45:00,4382.0,4383.0,4381.0,4383.0,9.0,394390.0,16177.0
2022-10-10 21:50:00,4385.0,4385.0,4381.0,4381.0,6.0,262900.0,16173.0
2022-10-10 21:55:00,4382.0,4388.0,4382.0,4388.0,6.0,263170.0,16168.0
2022-10-10 22:00:00,4384.0,4384.0,4384.0,4384.0,3.0,131520.0,16170.0
2022-10-10 22:05:00,4384.0,4384.0,4384.0,4384.0,0.0,0.0,16170.0
2022-10-10 22:10:00,4384.0,4384.0,4384.0,4384.0,0.0,0.0,16170.0
2022-10-10 22:15:00,4384.0,4386.0,4384.0,4386.0,4.0,175380.0,16172.0
2022-10-10 22:20:00,4386.0,4386.0,4380.0,4380.0,8.0,350530.0,16174.0
2022-10-10 22:25:00,4378.0,4379.0,4377.0,4377.0,26.0,1138300.0,16190.0
2022-10-10 22:30:00,4380.0,4380.0,4380.0,4380.0,3.0,131400.0,16192.0
2022-10-10 22:35:00,4380.0,4380.0,4375.0,4375.0,14.0,612760.0,16206.0
2022-10-10 22:40:00,4375.0,4375.0,4362.0,4362.0,18.0,785940.0,16215.0
2022-10-10 22:45:00,4362.0,4363.0,4358.0,4362.0,22.0,959260.0,16226.0
2022-10-10 22:50:00,4364.0,4366.0,4364.0,4366.0,3.0,130940.0,16226.0
2022-10-10 22:55:00,4366.0,4366.0,4359.0,4360.0,9.0,392680.0,16232.0
2022-10-11 09:00:00,4350.0,4358.0,4343.0,4343.0,237.0,10304710.0,16300.0
2022-10-11 09:05:00,4343.0,4343.0,4328.0,4331.0,155.0,6719960.0,16336.0
2022-10-11 09:10:00,4330.0,4332.0,4325.0,4332.0,257.0,11118720.0,16291.0
2022-10-11 09:15:00,4325.0,4333.0,4325.0,4333.0,64.0,2768800.0,16323.0
2022-10-11 09:20:00,4332.0,4332.0,4321.0,4322.0,38.0,1643340.0,16344.0
2022-10-11 09:25:00,4321.0,4321.0,4311.0,4311.0,52.0,2244890.0,16379.0
2022-10-11 09:30:00,4311.0,4312.0,4304.0,4312.0,191.0,8227530.0,16422.0
2022-10-11 09:35:00,4310.0,4310.0,4300.0,4300.0,20.0,860830.0,16421.0
2022-10-11 09:40:00,4301.0,4301.0,4295.0,4295.0,77.0,3310260.0,16496.0
2022-10-11 09:45:00,4294.0,4294.0,4284.0,4293.0,58.0,2487790.0,16535.0
2022-10-11 09:50:00,4293.0,4298.0,4293.0,4298.0,17.0,730550.0,16551.0
2022-10-11 09:55:00,4298.0,4303.0,4295.0,4303.0,58.0,2494010.0,16579.0
2022-10-11 10:00:00,4297.0,4298.0,4292.0,4292.0,3.0,128870.0,16581.0
2022-10-11 10:05:00,4290.0,4292.0,4289.0,4292.0,6.0,257410.0,16585.0
2022-10-11 10:10:00,4289.0,4292.0,4271.0,4271.0,103.0,4405660.0,16645.0
2022-10-11 10:30:00,4271.0,4279.0,4271.0,4273.0,48.0,2051510.0,16623.0
2022-10-11 10:35:00,4272.0,4280.0,4272.0,4280.0,109.0,4660760.0,16630.0
2022-10-11 10:40:00,4280.0,4283.0,4278.0,4278.0,59.0,2526820.0,16590.0
2022-10-11 10:45:00,4278.0,4279.0,4278.0,4279.0,101.0,4321790.0,16492.0
2022-10-11 10:50:00,4280.0,4282.0,4275.0,4275.0,112.0,4794330.0,16399.0
2022-10-11 10:55:00,4273.0,4283.0,4273.0,4282.0,11.0,470870.0,16399.0
2022-10-11 11:00:00,4278.0,4284.0,4278.0,4278.0,22.0,941690.0,16406.0
2022-10-11 11:05:00,4277.0,4279.0,4275.0,4279.0,129.0,5518620.0,16422.0
2022-10-11 11:10:00,4279.0,4279.0,4250.0,4250.0,126.0,5369340.0,16469.0
2022-10-11 11:15:00,4243.0,4249.0,4240.0,4249.0,47.0,1995430.0,16482.0
2022-10-11 11:20:00,4245.0,4250.0,4238.0,4238.0,58.0,2461050.0,16459.0
2022-10-11 11:25:00,4235.0,4239.0,4230.0,4233.0,295.0,12485870.0,16319.0
2022-10-11 13:30:00,4230.0,4230.0,4224.0,4225.0,27.0,1141320.0,16318.0
2022-10-11 13:35:00,4225.0,4229.0,4225.0,4225.0,40.0,1692090.0,16305.0
2022-10-11 13:40:00,4228.0,4229.0,4227.0,4228.0,62.0,2621390.0,16288.0
2022-10-11 13:45:00,4225.0,4228.0,4224.0,4224.0,33.0,1394050.0,16290.0
2022-10-11 13:50:00,4223.0,4223.0,4211.0,4218.0,40.0,1686950.0,16324.0
2022-10-11 13:55:00,4218.0,4225.0,4215.0,4220.0,34.0,1434870.0,16348.0
2022-10-11 14:00:00,4218.0,4223.0,4218.0,4220.0,19.0,802040.0,16351.0
2022-10-11 14:05:00,4220.0,4222.0,4218.0,4218.0,20.0,844040.0,16370.0
2022-10-11 14:10:00,4218.0,4219.0,4215.0,4215.0,17.0,716740.0,16370.0
2022-10-11 14:15:00,4215.0,4218.0,4213.0,4214.0,17.0,716520.0,16381.0
2022-10-11 14:20:00,4213.0,4220.0,4213.0,4220.0,22.0,928300.0,16387.0
2022-10-11 14:25:00,4220.0,4220.0,4217.0,4218.0,7.0,295350.0,16394.0
2022-10-11 14:30:00,4216.0,4217.0,4210.0,4217.0,49.0,2064240.0,16436.0
2022-10-11 14:35:00,4218.0,4218.0,4203.0,4210.0,33.0,1388830.0,16447.0
2022-10-11 14:40:00,4211.0,4219.0,4211.0,4217.0,64.0,2699610.0,16497.0
2022-10-11 14:45:00,4218.0,4223.0,4218.0,4221.0,38.0,1603920.0,16499.0
2022-10-11 14:50:00,4222.0,4223.0,4219.0,4223.0,12.0,506620.0,16495.0
2022-10-11 14:55:00,4224.0,4224.0,4210.0,4213.0,64.0,2697650.0,16518.0
2022-10-11 21:00:00,4239.0,4239.0,4205.0,4210.0,193.0,8139010.0,16673.0
2022-10-11 21:05:00,4218.0,4225.0,4218.0,4224.0,228.0,9625450.0,16673.0
2022-10-11 21:10:00,4218.0,4228.0,4218.0,4228.0,47.0,1985760.0,16693.0
2022-10-11 21:15:00,4228.0,4236.0,4228.0,4236.0,42.0,1777880.0,16701.0
2022-10-11 21:20:00,4235.0,4235.0,4232.0,4235.0,57.0,2413970.0,16747.0
2022-10-11 21:25:00,4235.0,4239.0,4233.0,4233.0,66.0,2795670.0,16765.0
2022-10-11 21:30:00,4232.0,4243.0,4232.0,4236.0,90.0,3815580.0,16793.0
2022-10-11 21:35:00,4236.0,4236.0,4225.0,4225.0,165.0,6986720.0,16787.0
2022-10-11 21:40:00,4226.0,4233.0,4226.0,4228.0,11.0,465230.0,16795.0
2022-10-11 21:45:00,4234.0,4237.0,4233.0,4233.0,16.0,677530.0,16799.0
2022-10-11 21:50:00,4233.0,4233.0,4232.0,4232.0,9.0,381010.0,16802.0
2022-10-11 21:55:00,4228.0,4229.0,4228.0,4228.0,9.0,380540.0,16811.0
2022-10-11 22:00:00,4223.0,4223.0,4217.0,4217.0,7.0,295250.0,16814.0
2022-10-11 22:05:00,4217.0,4224.0,4217.0,4224.0,17.0,717180.0,16808.0
2022-10-11 22:10:00,4224.0,4224.0,4218.0,4218.0,2.0,84370.0,16810.0
2022-10-11 22:15:00,4217.0,4218.0,4216.0,4218.0,14.0,590410.0,16816.0
2022-10-11 22:20:00,4215.0,4220.0,4215.0,4220.0,4.0,168700.0,16818.0
2022-10-11 22:25:00,4220.0,4223.0,4220.0,4223.0,2.0,84430.0,16819.0
2022-10-11 22:30:00,4220.0,4220.0,4220.0,4220.0,2.0,84410.0,16821.0
2022-10-11 22:35:00,4220.0,4227.0,4220.0,4227.0,3.0,126810.0,16824.0
2022-10-11 22:40:00,4220.0,4220.0,4220.0,4220.0,2.0,84400.0,16826.0
2022-10-11 22:45:00,4220.0,4225.0,4220.0,4221.0,2.0,84460.0,16827.0
2022-10-11 22:50:00,4220.0,4220.0,4213.0,4218.0,16.0,674720.0,16837.0
2022-10-11 22:55:00,4218.0,4218.0,4213.0,4216.0,5.0,210720.0,16840.0
2022-10-12 09:00:00,4210.0,4216.0,4198.0,4207.0,86.0,3616550.0,16905.0
2022-10-12 09:05:00,4209.0,4209.0,4191.0,4195.0,54.0,2267070.0,16943.0
2022-10-12 09:10:00,4191.0,4198.0,4185.0,4189.0,83.0,3478580.0,16966.0
2022-10-12 09:15:00,4188.0,4188.0,4172.0,4175.0,74.0,3092860.0,17001.0
2022-10-12 09:20:00,4179.0,4187.0,4179.0,4185.0,32.0,1338510.0,17019.0
2022-10-12 09:25:00,4185.0,4194.0,4182.0,4190.0,20.0,837950.0,17022.0
2022-10-12 09:30:00,4187.0,4190.0,4184.0,4190.0,86.0,3602290.0,17057.0
2022-10-12 09:35:00,4190.0,4190.0,4180.0,4182.0,12.0,502020.0,17059.0
2022-10-12 09:40:00,4187.0,4194.0,4186.0,4191.0,19.0,796000.0,17061.0
2022-10-12 09:45:00,4191.0,4191.0,4178.0,4178.0,19.0,794100.0,17079.0
2022-10-12 09:50:00,4178.0,4178.0,4171.0,4172.0,29.0,1210590.0,17108.0
2022-10-12 09:55:00,4172.0,4174.0,4164.0,4165.0,75.0,3125810.0,17181.0
2022-10-12 10:00:00,4165.0,4174.0,4165.0,4174.0,34.0,1416830.0,17208.0
2022-10-12 10:05:00,4168.0,4172.0,4162.0,4162.0,23.0,958670.0,17205.0
2022-10-12 10:10:00,4159.0,4163.0,4158.0,4160.0,78.0,3244790.0,17234.0
2022-10-12 10:30:00,4164.0,4164.0,4157.0,4158.0,14.0,582480.0,17239.0
2022-10-12 10:35:00,4158.0,4159.0,4153.0,4158.0,171.0,7108270.0,17307.0
2022-10-12 10:40:00,4158.0,4158.0,4150.0,4150.0,284.0,11787030.0,17338.0
2022-10-12 10:45:00,4148.0,4155.0,4148.0,4155.0,229.0,9503990.0,17341.0
2022-10-12 10:50:00,4155.0,4165.0,4153.0,4164.0,126.0,5240070.0,17269.0
2022-10-12 10:55:00,4164.0,4166.0,4159.0,4159.0,15.0,624350.0,17262.0
2022-10-12 11:00:00,4159.0,4161.0,4155.0,4156.0,11.0,457230.0,17260.0
2022-10-12 11:05:00,4150.0,4155.0,4145.0,4148.0,20.0,829900.0,17259.0
2022-10-12 11:10:00,4150.0,4151.0,4150.0,4150.0,7.0,290510.0,17259.0
2022-10-12 11:15:00,4145.0,4147.0,4138.0,4139.0,59.0,2443270.0,17252.0
2022-10-12 11:20:00,4139.0,4141.0,4138.0,4141.0,8.0,331180.0,17256.0
2022-10-12 11:25:00,4141.0,4145.0,4141.0,4143.0,73.0,3024930.0,17240.0
2022-10-12 13:30:00,4149.0,4158.0,4149.0,4157.0,14.0,581350.0,17230.0
2022-10-12 13:35:00,4157.0,4170.0,4157.0,4166.0,30.0,1249150.0,17236.0
2022-10-12 13:40:00,4172.0,4179.0,4172.0,4178.0,47.0,1962130.0,17235.0
2022-10-12 13:45:00,4183.0,4184.0,4178.0,4184.0,15.0,627050.0,17230.0
2022-10-12 13:50:00,4184.0,4191.0,4183.0,4191.0,27.0,1130430.0,17218.0
2022-10-12 13:55:00,4186.0,4196.0,4186.0,4193.0,24.0,1006530.0,17203.0
2022-10-12 14:00:00,4192.0,4198.0,4192.0,4195.0,22.0,922580.0,17199.0
2022-10-12 14:05:00,4195.0,4196.0,4195.0,4196.0,3.0,125860.0,17199.0
2022-10-12 14:10:00,4196.0,4203.0,4196.0,4203.0,14.0,588100.0,17198.0
2022-10-12 14:15:00,4203.0,4210.0,4202.0,4203.0,52.0,2186570.0,17177.0
2022-10-12 14:20:00,4199.0,4202.0,4199.0,4202.0,3.0,126010.0,17177.0
2022-10-12 14:25:00,4201.0,4207.0,4201.0,4206.0,10.0,420480.0,17170.0
2022-10-12 14:30:00,4206.0,4206.0,4197.0,4200.0,4.0,167970.0,17169.0
2022-10-12 14:35:00,4200.0,4200.0,4200.0,4200.0,2.0,84000.0,17167.0
2022-10-12 14:40:00,4200.0,4205.0,4200.0,4205.0,18.0,756570.0,17169.0
2022-10-12 14:45:00,4205.0,4205.0,4200.0,4200.0,208.0,8741420.0,17208.0
2022-10-12 14:50:00,4193.0,4193.0,4188.0,4188.0,54.0,2263490.0,17220.0
2022-10-12 14:55:00,4188.0,4194.0,4188.0,4194.0,25.0,1047790.0,17218.0
2022-10-12 21:00:00,4194.0,4194.0,4170.0,4178.0,31.0,1295000.0,17230.0
2022-10-12 21:05:00,4177.0,4183.0,4175.0,4183.0,8.0,334140.0,17238.0
2022-10-12 21:10:00,4183.0,4187.0,4183.0,4184.0,3.0,125540.0,17240.0
2022-10-12 21:15:00,4181.0,4192.0,4181.0,4192.0,37.0,1550250.0,17259.0
2022-10-12 21:20:00,4192.0,4200.0,4192.0,4200.0,34.0,1427070.0,17253.0
2022-10-12 21:25:00,4200.0,4200.0,4192.0,4199.0,15.0,629350.0,17253.0
2022-10-12 21:30:00,4194.0,4194.0,4190.0,4190.0,26.0,1089960.0,17259.0
2022-10-12 21:35:00,4187.0,4189.0,4187.0,4189.0,13.0,544530.0,17262.0
2022-10-12 21:40:00,4189.0,4190.0,4183.0,4183.0,28.0,1172250.0,17265.0
2022-10-12 21:45:00,4183.0,4183.0,4177.0,4180.0,10.0,417780.0,17270.0
2022-10-12 21:50:00,4180.0,4180.0,4180.0,4180.0,0.0,0.0,17270.0
2022-10-12 21:55:00,4180.0,4182.0,4177.0,4177.0,16.0,668550.0,17285.0
2022-10-12 22:00:00,4177.0,4190.0,4177.0,4190.0,13.0,544600.0,17296.0
2022-10-12 22:05:00,4190.0,4190.0,4189.0,4189.0,1.0,41890.0,17297.0
2022-10-12 22:10:00,4189.0,4189.0,4182.0,4185.0,35.0,1464700.0,17308.0
2022-10-12 22:15:00,4185.0,4188.0,4180.0,4180.0,38.0,1588830.0,17333.0
2022-10-12 22:20:00,4180.0,4182.0,4177.0,4182.0,19.0,794640.0,17336.0
2022-10-12 22:25:00,4182.0,4184.0,4182.0,4184.0,106.0,4435040.0,17307.0
2022-10-12 22:30:00,4180.0,4182.0,4180.0,4182.0,4.0,167300.0,17306.0
2022-10-12 22:35:00,4182.0,4183.0,4182.0,4183.0,1.0,41830.0,17307.0
2022-10-12 22:40:00,4183.0,4184.0,4179.0,4179.0,14.0,585360.0,17308.0
2022-10-12 22:45:00,4179.0,4179.0,4179.0,4179.0,1.0,41790.0,17307.0
2022-10-12 22:50:00,4179.0,4186.0,4179.0,4184.0,6.0,251080.0,17304.0
2022-10-12 22:55:00,4184.0,4185.0,4182.0,4183.0,10.0,418350.0,17301.0
2022-10-13 09:00:00,4178.0,4178.0,4172.0,4172.0,78.0,3256760.0,17366.0
2022-10-13 09:05:00,4184.0,4194.0,4184.0,4191.0,15.0,627880.0,17362.0
2022-10-13 09:10:00,4188.0,4190.0,4188.0,4190.0,6.0,251300.0,17365.0
2022-10-13 09:15:00,4186.0,4186.0,4179.0,4184.0,81.0,3388810.0,17373.0
2022-10-13 09:20:00,4187.0,4187.0,4183.0,4186.0,6.0,251140.0,17370.0
2022-10-13 09:25:00,4186.0,4200.0,4186.0,4198.0,234.0,9823190.0,17266.0
2022-10-13 09:30:00,4193.0,4196.0,4193.0,4196.0,185.0,7762930.0,17326.0
2022-10-13 09:35:00,4195.0,4198.0,4195.0,4198.0,11.0,461750.0,17330.0
2022-10-13 09:40:00,4192.0,4192.0,4186.0,4186.0,4.0,167550.0,17330.0
2022-10-13 09:45:00,4186.0,4186.0,4181.0,4181.0,2.0,83620.0,17331.0
2022-10-13 09:50:00,4180.0,4187.0,4180.0,4187.0,7.0,292790.0,17332.0
2022-10-13 09:55:00,4187.0,4189.0,4187.0,4189.0,67.0,2806630.0,17391.0
2022-10-13 10:00:00,4187.0,4190.0,4187.0,4190.0,61.0,2556610.0,17360.0
2022-10-13 10:05:00,4195.0,4195.0,4188.0,4188.0,5.0,209680.0,17361.0
2022-10-13 10:10:00,4182.0,4182.0,4182.0,4182.0,2.0,83640.0,17360.0
2022-10-13 10:30:00,4182.0,4188.0,4168.0,4171.0,52.0,2172280.0,17376.0
2022-10-13 10:35:00,4169.0,4170.0,4165.0,4168.0,67.0,2792670.0,17434.0
2022-10-13 10:40:00,4168.0,4168.0,4165.0,4165.0,63.0,2628600.0,17445.0
2022-10-13 10:45:00,4166.0,4167.0,4165.0,4167.0,151.0,6290170.0,17463.0
2022-10-13 10:50:00,4167.0,4168.0,4167.0,4168.0,2.0,83350.0,17463.0
2022-10-13 10:55:00,4164.0,4167.0,4164.0,4167.0,2.0,83310.0,17463.0
2022-10-13 11:00:00,4164.0,4164.0,4160.0,4161.0,56.0,2331110.0,17467.0
2022-10-13 11:05:00,4160.0,4160.0,4157.0,4159.0,7.0,291110.0,17474.0
2022-10-13 11:10:00,4157.0,4157.0,4152.0,4152.0,19.0,789340.0,17477.0
2022-10-13 11:15:00,4157.0,4163.0,4153.0,4162.0,18.0,747980.0,17490.0
2022-10-13 11:20:00,4162.0,4166.0,4158.0,4158.0,5.0,208080.0,17493.0
2022-10-13 11:25:00,4155.0,4159.0,4155.0,4159.0,20.0,831430.0,17496.0
2022-10-13 13:30:00,4159.0,4169.0,4159.0,4160.0,28.0,1166220.0,17517.0
2022-10-13 13:35:00,4159.0,4160.0,4156.0,4157.0,10.0,415870.0,17518.0
2022-10-13 13:40:00,4158.0,4158.0,4152.0,4153.0,24.0,996920.0,17540.0
2022-10-13 13:45:00,4153.0,4156.0,4150.0,4156.0,54.0,2241820.0,17590.0
2022-10-13 13:50:00,4156.0,4156.0,4152.0,4152.0,1.0,41520.0,17591.0
2022-10-13 13:55:00,4152.0,4153.0,4150.0,4152.0,5.0,207570.0,17591.0
2022-10-13 14:00:00,4151.0,4156.0,4151.0,4156.0,2.0,83070.0,17590.0
2022-10-13 14:05:00,4156.0,4156.0,4150.0,4150.0,7.0,290550.0,17597.0
2022-10-13 14:10:00,4150.0,4152.0,4148.0,4149.0,15.0,622570.0,17600.0
2022-10-13 14:15:00,4148.0,4151.0,4146.0,4146.0,23.0,954220.0,17603.0
2022-10-13 14:20:00,4148.0,4151.0,4148.0,4151.0,8.0,331930.0,17606.0
2022-10-13 14:25:00,4150.0,4150.0,4146.0,4146.0,40.0,1659120.0,17622.0
2022-10-13 14:30:00,4147.0,4147.0,4133.0,4136.0,136.0,5634760.0,17641.0
2022-10-13 14:35:00,4135.0,4139.0,4131.0,4131.0,45.0,1860080.0,17643.0
2022-10-13 14:40:00,4131.0,4132.0,4129.0,4131.0,98.0,4047670.0,17690.0
2022-10-13 14:45:00,4131.0,4134.0,4128.0,4131.0,61.0,2520020.0,17729.0
2022-10-13 14:50:00,4132.0,4134.0,4132.0,4134.0,11.0,454630.0,17735.0
2022-10-13 14:55:00,4134.0,4141.0,4132.0,4141.0,27.0,1117510.0,17715.0
2022-10-13 21:00:00,4137.0,4137.0,4100.0,4104.0,129.0,5301860.0,17781.0
2022-10-13 21:05:00,4104.0,4123.0,4104.0,4123.0,30.0,1232730.0,17781.0
2022-10-13 21:10:00,4125.0,4126.0,4121.0,4123.0,53.0,2185520.0,17760.0
2022-10-13 21:15:00,4123.0,4124.0,4117.0,4117.0,65.0,2679100.0,17736.0
2022-10-13 21:20:00,4127.0,4130.0,4119.0,4123.0,11.0,453880.0,17739.0
2022-10-13 21:25:00,4123.0,4134.0,4123.0,4134.0,8.0,330570.0,17739.0
2022-10-13 21:30:00,4134.0,4135.0,4126.0,4126.0,13.0,537150.0,17744.0
2022-10-13 21:35:00,4126.0,4126.0,4126.0,4126.0,1.0,41260.0,17745.0
2022-10-13 21:40:00,4126.0,4126.0,4120.0,4120.0,5.0,206080.0,17748.0
2022-10-13 21:45:00,4119.0,4122.0,4118.0,4122.0,26.0,1070970.0,17774.0
2022-10-13 21:50:00,4125.0,4134.0,4123.0,4134.0,10.0,412870.0,17773.0
2022-10-13 21:55:00,4134.0,4134.0,4127.0,4130.0,5.0,206500.0,17771.0
2022-10-13 22:00:00,4128.0,4133.0,4128.0,4133.0,4.0,165170.0,17769.0
2022-10-13 22:05:00,4133.0,4133.0,4122.0,4125.0,42.0,1733510.0,17732.0
2022-10-13 22:10:00,4125.0,4128.0,4120.0,4128.0,10.0,412660.0,17723.0
2022-10-13 22:15:00,4128.0,4128.0,4128.0,4128.0,0.0,0.0,17723.0
2022-10-13 22:20:00,4128.0,4128.0,4124.0,4124.0,2.0,82520.0,17723.0
2022-10-13 22:25:00,4124.0,4124.0,4124.0,4124.0,0.0,0.0,17723.0
2022-10-13 22:30:00,4124.0,4126.0,4124.0,4126.0,2.0,82520.0,17723.0
2022-10-13 22:35:00,4126.0,4126.0,4126.0,4126.0,0.0,0.0,17723.0
2022-10-13 22:40:00,4126.0,4127.0,4125.0,4127.0,8.0,330040.0,17717.0
2022-10-13 22:45:00,4132.0,4133.0,4129.0,4129.0,27.0,1115630.0,17692.0
2022-10-13 22:50:00,4129.0,4132.0,4128.0,4128.0,3.0,123900.0,17692.0
2022-10-13 22:55:00,4128.0,4128.0,4125.0,4128.0,22.0,907920.0,17688.0
2022-10-14 09:00:00,4143.0,4148.0,4131.0,4131.0,72.0,2983050.0,17690.0
2022-10-14 09:05:00,4131.0,4138.0,4130.0,4130.0,62.0,2562710.0,17673.0
2022-10-14 09:10:00,4133.0,4141.0,4130.0,4138.0,65.0,2688010.0,17697.0
2022-10-14 09:15:00,4138.0,4145.0,4138.0,4144.0,44.0,1822220.0,17724.0
2022-10-14 09:20:00,4145.0,4149.0,4145.0,4149.0,7.0,290310.0,17728.0
2022-10-14 09:25:00,4150.0,4150.0,4142.0,4145.0,8.0,331700.0,17727.0
2022-10-14 09:30:00,4140.0,4140.0,4138.0,4138.0,6.0,248340.0,17725.0
2022-10-14 09:35:00,4141.0,4142.0,4139.0,4142.0,14.0,579680.0,17732.0
2022-10-14 09:40:00,4141.0,4144.0,4141.0,4143.0,6.0,248540.0,17732.0
2022-10-14 09:45:00,4149.0,4152.0,4149.0,4152.0,16.0,664190.0,17731.0
2022-10-14 09:50:00,4152.0,4152.0,4148.0,4148.0,53.0,2200400.0,17737.0
2022-10-14 09:55:00,4155.0,4160.0,4154.0,4156.0,43.0,1787300.0,17736.0
2022-10-14 10:00:00,4156.0,4156.0,4148.0,4148.0,3.0,124520.0,17737.0
2022-10-14 10:05:00,4148.0,4148.0,4148.0,4148.0,33.0,1371160.0,17746.0
2022-10-14 10:10:00,4148.0,4158.0,4148.0,4155.0,99.0,4114230.0,17821.0
2022-10-14 10:30:00,4149.0,4151.0,4140.0,4140.0,45.0,1864630.0,17818.0
2022-10-14 10:35:00,4140.0,4146.0,4140.0,4146.0,1.0,41460.0,17818.0
2022-10-14 10:40:00,4148.0,4152.0,4148.0,4152.0,9.0,373470.0,17824.0
2022-10-14 10:45:00,4152.0,4152.0,4143.0,4143.0,1.0,41430.0,17825.0
2022-10-14 10:50:00,4147.0,4147.0,4143.0,4144.0,16.0,663030.0,17841.0
2022-10-14 10:55:00,4147.0,4147.0,4145.0,4145.0,20.0,829220.0,17843.0
2022-10-14 11:00:00,4144.0,4145.0,4137.0,4137.0,36.0,1490570.0,17875.0
2022-10-14 11:05:00,4141.0,4145.0,4140.0,4145.0,9.0,372890.0,17876.0
2022-10-14 11:10:00,4145.0,4145.0,4140.0,4140.0,4.0,165640.0,17880.0
2022-10-14 11:15:00,4140.0,4141.0,4131.0,4131.0,45.0,1861180.0,17923.0
2022-10-14 11:20:00,4131.0,4132.0,4124.0,4124.0,37.0,1527660.0,17958.0
2022-10-14 11:25:00,4125.0,4129.0,4125.0,4128.0,7.0,288940.0,17965.0
2022-10-14 13:30:00,4135.0,4138.0,4131.0,4134.0,89.0,3680020.0,18040.0
2022-10-14 13:35:00,4134.0,4137.0,4134.0,4136.0,2.0,82730.0,18039.0
2022-10-14 13:40:00,4133.0,4136.0,4131.0,4136.0,7.0,289310.0,18041.0
2022-10-14 13:45:00,4136.0,4137.0,4132.0,4132.0,12.0,496010.0,18051.0
2022-10-14 13:50:00,4128.0,4133.0,4127.0,4127.0,7.0,289060.0,18055.0
2022-10-14 13:55:00,4127.0,4127.0,4120.0,4124.0,23.0,948330.0,18071.0
2022-10-14 14:00:00,4122.0,4128.0,4122.0,4127.0,7.0,288790.0,18071.0
2022-10-14 14:05:00,4127.0,4128.0,4127.0,4128.0,2.0,82560.0,18073.0
2022-10-14 14:10:00,4128.0,4128.0,4125.0,4125.0,22.0,908080.0,18079.0
2022-10-14 14:15:00,4125.0,4128.0,4125.0,4128.0,7.0,288790.0,18078.0
2022-10-14 14:20:00,4130.0,4130.0,4130.0,4130.0,12.0,495600.0,18076.0
2022-10-14 14:25:00,4133.0,4136.0,4121.0,4121.0,403.0,16624970.0,18168.0
2022-10-14 14:30:00,4120.0,4130.0,4119.0,4121.0,487.0,20078950.0,18337.0
2022-10-14 14:35:00,4121.0,4125.0,4121.0,4125.0,2.0,82490.0,18339.0
2022-10-14 14:40:00,4121.0,4122.0,4118.0,4120.0,26.0,1071130.0,18358.0
2022-10-14 14:45:00,4120.0,4123.0,4113.0,4116.0,422.0,17368110.0,18529.0
2022-10-14 14:50:00,4116.0,4123.0,4114.0,4122.0,120.0,4942200.0,18583.0
2022-10-14 14:55:00,4122.0,4128.0,4117.0,4128.0,75.0,3091770.0,18592.0
2022-10-14 21:00:00,4118.0,4119.0,4108.0,4111.0,57.0,2345320.0,18597.0
2022-10-14 21:05:00,4108.0,4118.0,4108.0,4118.0,8.0,328900.0,18598.0
2022-10-14 21:10:00,4120.0,4120.0,4113.0,4113.0,17.0,699430.0,18608.0
2022-10-14 21:15:00,4113.0,4117.0,4110.0,4117.0,16.0,658260.0,18603.0
2022-10-14 21:20:00,4117.0,4120.0,4117.0,4120.0,10.0,411980.0,18594.0
2022-10-14 21:25:00,4117.0,4117.0,4117.0,4117.0,4.0,164680.0,18598.0
2022-10-14 21:30:00,4112.0,4125.0,4111.0,4118.0,45.0,1854190.0,18621.0
2022-10-14 21:35:00,4115.0,4118.0,4113.0,4118.0,23.0,946690.0,18625.0
2022-10-14 21:40:00,4118.0,4118.0,4118.0,4118.0,0.0,0.0,18625.0
2022-10-14 21:45:00,4115.0,4121.0,4115.0,4119.0,4.0,164730.0,18623.0
2022-10-14 21:50:00,4120.0,4122.0,4118.0,4118.0,57.0,2349250.0,18651.0
2022-10-14 21:55:00,4119.0,4119.0,4111.0,4111.0,10.0,411460.0,18653.0
2022-10-14 22:00:00,4111.0,4115.0,4110.0,4115.0,34.0,1397680.0,18672.0
2022-10-14 22:05:00,4119.0,4119.0,4113.0,4113.0,9.0,370450.0,18673.0
2022-10-14 22:10:00,4112.0,4112.0,4105.0,4109.0,73.0,2998980.0,18735.0
2022-10-14 22:15:00,4109.0,4109.0,4100.0,4105.0,84.0,3445170.0,18775.0
2022-10-14 22:20:00,4105.0,4108.0,4103.0,4108.0,28.0,1149690.0,18799.0
2022-10-14 22:25:00,4105.0,4105.0,4105.0,4105.0,3.0,123150.0,18801.0
2022-10-14 22:30:00,4107.0,4109.0,4107.0,4108.0,3.0,123240.0,18802.0
2022-10-14 22:35:00,4102.0,4103.0,4094.0,4094.0,66.0,2705220.0,18838.0
2022-10-14 22:40:00,4094.0,4094.0,4082.0,4087.0,63.0,2576540.0,18890.0
2022-10-14 22:45:00,4086.0,4089.0,4082.0,4083.0,38.0,1552280.0,18918.0
2022-10-14 22:50:00,4082.0,4084.0,4080.0,4084.0,217.0,8855910.0,19057.0
2022-10-14 22:55:00,4085.0,4087.0,4082.0,4084.0,27.0,1103390.0,19058.0
2022-10-17 09:00:00,4089.0,4103.0,4089.0,4102.0,307.0,12586990.0,19198.0
2022-10-17 09:05:00,4096.0,4097.0,4090.0,4090.0,56.0,2294020.0,19195.0
2022-10-17 09:10:00,4094.0,4095.0,4087.0,4090.0,398.0,16274300.0,19560.0
2022-10-17 09:15:00,4090.0,4093.0,4088.0,4093.0,43.0,1760030.0,19585.0
2022-10-17 09:20:00,4104.0,4107.0,4099.0,4099.0,66.0,2709080.0,19603.0
2022-10-17 09:25:00,4100.0,4100.0,4096.0,4096.0,25.0,1024430.0,19607.0
2022-10-17 09:30:00,4096.0,4103.0,4096.0,4103.0,25.0,1025570.0,19617.0
2022-10-17 09:35:00,4105.0,4105.0,4096.0,4096.0,48.0,1967900.0,19648.0
2022-10-17 09:40:00,4095.0,4095.0,4086.0,4091.0,46.0,1882050.0,19693.0
2022-10-17 09:45:00,4091.0,4092.0,4074.0,4077.0,268.0,10939700.0,19904.0
2022-10-17 09:50:00,4074.0,4078.0,4073.0,4077.0,27.0,1100170.0,19904.0
2022-10-17 09:55:00,4080.0,4080.0,4070.0,4071.0,74.0,3016010.0,19918.0
2022-10-17 10:00:00,4070.0,4072.0,4069.0,4070.0,28.0,1139840.0,19913.0
2022-10-17 10:05:00,4070.0,4082.0,4070.0,4080.0,20.0,815850.0,19900.0
2022-10-17 10:10:00,4077.0,4084.0,4077.0,4084.0,9.0,367600.0,19905.0
2022-10-17 10:30:00,4083.0,4087.0,4076.0,4077.0,36.0,1469310.0,19911.0
2022-10-17 10:35:00,4078.0,4078.0,4071.0,4075.0,87.0,3545290.0,19918.0
2022-10-17 10:40:00,4073.0,4076.0,4071.0,4076.0,75.0,3055860.0,19923.0
2022-10-17 10:45:00,4078.0,4078.0,4078.0,4078.0,1.0,40780.0,19923.0
2022-10-17 10:50:00,4079.0,4099.0,4079.0,4099.0,11.0,449340.0,19929.0
2022-10-17 10:55:00,4099.0,4102.0,4090.0,4090.0,27.0,1106070.0,19941.0
2022-10-17 11:00:00,4089.0,4089.0,4085.0,4087.0,8.0,326930.0,19944.0
2022-10-17 11:05:00,4091.0,4093.0,4085.0,4085.0,18.0,736030.0,19950.0
2022-10-17 11:10:00,4085.0,4096.0,4085.0,4096.0,3.0,122800.0,19952.0
2022-10-17 11:15:00,4098.0,4098.0,4092.0,4095.0,8.0,327480.0,19956.0
2022-10-17 11:20:00,4095.0,4095.0,4083.0,4083.0,4.0,163380.0,19960.0
2022-10-17 11:25:00,4083.0,4083.0,4080.0,4080.0,60.0,2448640.0,19958.0
2022-10-17 13:30:00,4080.0,4083.0,4080.0,4080.0,8.0,326490.0,19957.0
2022-10-17 13:35:00,4077.0,4084.0,4076.0,4084.0,8.0,326490.0,19957.0
2022-10-17 13:40:00,4082.0,4086.0,4080.0,4086.0,22.0,898310.0,19963.0
2022-10-17 13:45:00,4082.0,4088.0,4081.0,4088.0,124.0,5069020.0,19983.0
2022-10-17 13:50:00,4088.0,4094.0,4088.0,4090.0,31.0,1267920.0,19995.0
2022-10-17 13:55:00,4090.0,4090.0,4087.0,4089.0,117.0,4786190.0,19966.0
2022-10-17 14:00:00,4086.0,4093.0,4086.0,4093.0,17.0,695650.0,19964.0
2022-10-17 14:05:00,4095.0,4099.0,4095.0,4097.0,9.0,368660.0,19955.0
2022-10-17 14:10:00,4097.0,4099.0,4093.0,4095.0,96.0,3931630.0,19949.0
2022-10-17 14:15:00,4095.0,4098.0,4094.0,4097.0,25.0,1024080.0,19960.0
2022-10-17 14:20:00,4100.0,4114.0,4097.0,4113.0,56.0,2299970.0,19935.0
2022-10-17 14:25:00,4113.0,4123.0,4113.0,4121.0,96.0,3954820.0,19920.0
2022-10-17 14:30:00,4116.0,4125.0,4114.0,4115.0,12.0,494390.0,19922.0
2022-10-17 14:35:00,4120.0,4120.0,4105.0,4105.0,128.0,5257260.0,20030.0
2022-10-17 14:40:00,4105.0,4105.0,4099.0,4101.0,60.0,2461760.0,20069.0
2022-10-17 14:45:00,4101.0,4101.0,4092.0,4094.0,36.0,1474470.0,20086.0
2022-10-17 14:50:00,4094.0,4094.0,4084.0,4084.0,644.0,26333180.0,20439.0
2022-10-17 14:55:00,4088.0,4088.0,4069.0,4069.0,609.0,24846920.0,20590.0
2022-10-17 21:00:00,4069.0,4096.0,4069.0,4083.0,149.0,6089150.0,20609.0
2022-10-17 21:05:00,4085.0,4087.0,4076.0,4085.0,45.0,1837230.0,20605.0
2022-10-17 21:10:00,4092.0,4108.0,4092.0,4108.0,265.0,10871510.0,20647.0
2022-10-17 21:15:00,4107.0,4109.0,4102.0,4109.0,22.0,903590.0,20628.0
2022-10-17 21:20:00,4109.0,4113.0,4106.0,4110.0,76.0,3122650.0,20574.0
2022-10-17 21:25:00,4113.0,4116.0,4111.0,4113.0,36.0,1480420.0,20557.0
2022-10-17 21:30:00,4114.0,4118.0,4110.0,4118.0,33.0,1356690.0,20536.0
2022-10-17 21:35:00,4117.0,4120.0,4116.0,4119.0,68.0,2801030.0,20502.0
2022-10-17 21:40:00,4119.0,4126.0,4119.0,4120.0,43.0,1772040.0,20497.0
2022-10-17 21:45:00,4121.0,4125.0,4119.0,4120.0,30.0,1236500.0,20490.0
2022-10-17 21:50:00,4122.0,4123.0,4108.0,4108.0,39.0,1606570.0,20518.0
2022-10-17 21:55:00,4105.0,4111.0,4105.0,4105.0,55.0,2259010.0,20558.0
2022-10-17 22:00:00,4106.0,4107.0,4102.0,4107.0,150.0,6154360.0,20678.0
2022-10-17 22:05:00,4105.0,4105.0,4100.0,4101.0,28.0,1148450.0,20680.0
2022-10-17 22:10:00,4101.0,4108.0,4101.0,4108.0,13.0,533800.0,20680.0
2022-10-17 22:15:00,4109.0,4111.0,4105.0,4105.0,9.0,369690.0,20680.0
2022-10-17 22:20:00,4105.0,4105.0,4105.0,4105.0,0.0,0.0,20680.0
2022-10-17 22:25:00,4102.0,4103.0,4102.0,4103.0,4.0,164100.0,20681.0
2022-10-17 22:30:00,4104.0,4115.0,4104.0,4110.0,31.0,1274140.0,20674.0
2022-10-17 22:35:00,4110.0,4110.0,4106.0,4106.0,7.0,287660.0,20674.0
2022-10-17 22:40:00,4106.0,4106.0,4106.0,4106.0,99.0,4064940.0,20655.0
2022-10-17 22:45:00,4106.0,4109.0,4106.0,4109.0,14.0,575000.0,20641.0
2022-10-17 22:50:00,4109.0,4110.0,4104.0,4110.0,4.0,164280.0,20639.0
2022-10-17 22:55:00,4110.0,4110.0,4108.0,4109.0,6.0,246520.0,20634.0
2022-10-18 09:00:00,4102.0,4107.0,4095.0,4107.0,19.0,779000.0,20630.0
2022-10-18 09:05:00,4100.0,4105.0,4090.0,4092.0,15.0,614260.0,20634.0
2022-10-18 09:10:00,4090.0,4100.0,4090.0,4093.0,23.0,942110.0,20649.0
2022-10-18 09:15:00,4094.0,4094.0,4083.0,4086.0,29.0,1185340.0,20657.0
2022-10-18 09:20:00,4086.0,4092.0,4086.0,4092.0,118.0,4825050.0,20746.0
2022-10-18 09:25:00,4093.0,4098.0,4093.0,4098.0,19.0,778280.0,20749.0
2022-10-18 09:30:00,4097.0,4106.0,4097.0,4099.0,12.0,492390.0,20754.0
2022-10-18 09:35:00,4099.0,4099.0,4098.0,4098.0,4.0,163920.0,20754.0
2022-10-18 09:40:00,4095.0,4104.0,4095.0,4104.0,16.0,656280.0,20743.0
2022-10-18 09:45:00,4107.0,4109.0,4097.0,4102.0,25.0,1025530.0,20749.0
2022-10-18 09:50:00,4102.0,4106.0,4102.0,4106.0,50.0,2051460.0,20768.0
2022-10-18 09:55:00,4106.0,4106.0,4096.0,4096.0,6.0,245950.0,20771.0
2022-10-18 10:00:00,4096.0,4102.0,4096.0,4102.0,2.0,82010.0,20772.0
2022-10-18 10:05:00,4102.0,4102.0,4095.0,4095.0,75.0,3075570.0,20783.0
2022-10-18 10:10:00,4095.0,4095.0,4093.0,4093.0,4.0,163740.0,20783.0
2022-10-18 10:30:00,4091.0,4094.0,4090.0,4092.0,14.0,572880.0,20777.0
2022-10-18 10:35:00,4092.0,4097.0,4092.0,4097.0,1.0,40970.0,20777.0
2022-10-18 10:40:00,4099.0,4100.0,4096.0,4096.0,14.0,573800.0,20788.0
2022-10-18 10:45:00,4096.0,4097.0,4094.0,4094.0,39.0,1597290.0,20821.0
2022-10-18 10:50:00,4095.0,4095.0,4095.0,4095.0,5.0,204750.0,20818.0
2022-10-18 10:55:00,4097.0,4097.0,4090.0,4090.0,2.0,81870.0,20820.0
2022-10-18 11:00:00,4090.0,4095.0,4090.0,4095.0,3.0,122800.0,20818.0
2022-10-18 11:05:00,4100.0,4110.0,4100.0,4110.0,13.0,533570.0,20816.0
2022-10-18 11:10:00,4108.0,4114.0,4108.0,4108.0,11.0,452120.0,20807.0
2022-10-18 11:15:00,4108.0,4117.0,4108.0,4115.0,32.0,1316570.0,20810.0
2022-10-18 11:20:00,4119.0,4120.0,4113.0,4113.0,69.0,2842450.0,20805.0
2022-10-18 11:25:00,4112.0,4112.0,4111.0,4111.0,76.0,3125550.0,20805.0
2022-10-18 13:30:00,4119.0,4123.0,4111.0,4123.0,269.0,11066190.0,20743.0
2022-10-18 13:35:00,4125.0,4127.0,4120.0,4120.0,21.0,866030.0,20741.0
2022-10-18 13:40:00,4120.0,4120.0,4113.0,4116.0,4.0,164650.0,20741.0
2022-10-18 13:45:00,4116.0,4120.0,4110.0,4115.0,10.0,411380.0,20741.0
2022-10-18 13:50:00,4115.0,4115.0,4111.0,4113.0,9.0,370360.0,20749.0
2022-10-18 13:55:00,4120.0,4122.0,4112.0,4112.0,95.0,3914840.0,20753.0
2022-10-18 14:00:00,4110.0,4112.0,4108.0,4112.0,29.0,1191860.0,20756.0
2022-10-18 14:05:00,4114.0,4114.0,4112.0,4112.0,52.0,2138720.0,20772.0
2022-10-18 14:10:00,4112.0,4115.0,4112.0,4114.0,10.0,411450.0,20768.0
2022-10-18 14:15:00,4114.0,4114.0,4106.0,4107.0,31.0,1273730.0,20766.0
2022-10-18 14:20:00,4110.0,4113.0,4109.0,4113.0,14.0,575430.0,20768.0
2022-10-18 14:25:00,4113.0,4113.0,4111.0,4111.0,3.0,123350.0,20768.0
2022-10-18 14:30:00,4113.0,4113.0,4110.0,4110.0,4.0,164490.0,20765.0
2022-10-18 14:35:00,4110.0,4120.0,4110.0,4120.0,23.0,947080.0,20761.0
2022-10-18 14:40:00,4115.0,4122.0,4115.0,4122.0,3.0,123520.0,20760.0
2022-10-18 14:45:00,4121.0,4121.0,4120.0,4120.0,3.0,123610.0,20758.0
2022-10-18 14:50:00,4120.0,4120.0,4116.0,4116.0,15.0,617600.0,20755.0
2022-10-18 14:55:00,4114.0,4116.0,4112.0,4114.0,61.0,2509840.0,20750.0
2022-10-18 21:00:00,4100.0,4100.0,4083.0,4083.0,75.0,3066880.0,20783.0
2022-10-18 21:05:00,4085.0,4087.0,4080.0,4087.0,54.0,2204310.0,20814.0
2022-10-18 21:10:00,4086.0,4091.0,4085.0,4085.0,32.0,1308160.0,20838.0
2022-10-18 21:15:00,4085.0,4085.0,4074.0,4077.0,80.0,3263170.0,20886.0
2022-10-18 21:20:00,4075.0,4076.0,4070.0,4071.0,52.0,2117550.0,20918.0
2022-10-18 21:25:00,4071.0,4078.0,4069.0,4078.0,23.0,937110.0,20920.0
2022-10-18 21:30:00,4078.0,4081.0,4076.0,4076.0,36.0,1468160.0,20940.0
2022-10-18 21:35:00,4075.0,4081.0,4074.0,4081.0,19.0,774770.0,20952.0
2022-10-18 21:40:00,4077.0,4077.0,4077.0,4077.0,2.0,81540.0,20954.0
2022-10-18 21:45:00,4076.0,4076.0,4056.0,4062.0,202.0,8209350.0,21034.0
2022-10-18 21:50:00,4062.0,4062.0,4053.0,4054.0,129.0,5231860.0,21095.0
2022-10-18 21:55:00,4055.0,4060.0,4054.0,4059.0,33.0,1338730.0,21108.0
2022-10-18 22:00:00,4057.0,4064.0,4056.0,4064.0,17.0,690110.0,21111.0
2022-10-18 22:05:00,4060.0,4060.0,4057.0,4057.0,4.0,162310.0,21111.0
2022-10-18 22:10:00,4057.0,4058.0,4056.0,4058.0,20.0,811310.0,21131.0
2022-10-18 22:15:00,4058.0,4058.0,4054.0,4054.0,28.0,1135700.0,21133.0
2022-10-18 22:20:00,4053.0,4055.0,4052.0,4055.0,25.0,1013100.0,21154.0
2022-10-18 22:25:00,4052.0,4055.0,4051.0,4055.0,69.0,2796610.0,21131.0
2022-10-18 22:30:00,4055.0,4055.0,4050.0,4052.0,106.0,4293850.0,21175.0
2022-10-18 22:35:00,4050.0,4050.0,4048.0,4049.0,13.0,526380.0,21175.0
2022-10-18 22:40:00,4051.0,4053.0,4050.0,4053.0,22.0,891340.0,21176.0
2022-10-18 22:45:00,4053.0,4056.0,4053.0,4055.0,8.0,324360.0,21177.0
2022-10-18 22:50:00,4055.0,4057.0,4055.0,4057.0,2.0,81120.0,21178.0
2022-10-18 22:55:00,4057.0,4064.0,4057.0,4064.0,24.0,974360.0,21164.0
2022-10-19 09:00:00,4074.0,4074.0,4065.0,4067.0,32.0,1302190.0,21170.0
2022-10-19 09:05:00,4068.0,4076.0,4067.0,4076.0,48.0,1953820.0,21172.0
2022-10-19 09:10:00,4076.0,4076.0,4070.0,4075.0,9.0,366420.0,21176.0
2022-10-19 09:15:00,4070.0,4070.0,4068.0,4069.0,13.0,529000.0,21185.0
2022-10-19 09:20:00,4068.0,4068.0,4065.0,4065.0,14.0,569300.0,21195.0
2022-10-19 09:25:00,4065.0,4070.0,4065.0,4069.0,45.0,1831490.0,21230.0
2022-10-19 09:30:00,4069.0,4079.0,4069.0,4075.0,36.0,1467550.0,21203.0
2022-10-19 09:35:00,4079.0,4083.0,4078.0,4083.0,66.0,2691680.0,21198.0
2022-10-19 09:40:00,4083.0,4083.0,4080.0,4080.0,6.0,244800.0,21197.0
2022-10-19 09:45:00,4073.0,4077.0,4073.0,4077.0,13.0,529650.0,21188.0
2022-10-19 09:50:00,4082.0,4082.0,4073.0,4073.0,28.0,1141820.0,21197.0
2022-10-19 09:55:00,4071.0,4071.0,4065.0,4065.0,14.0,569480.0,21199.0
2022-10-19 10:00:00,4065.0,4065.0,4065.0,4065.0,0.0,0.0,21199.0
2022-10-19 10:05:00,4065.0,4072.0,4065.0,4070.0,7.0,285010.0,21206.0
2022-10-19 10:10:00,4070.0,4070.0,4069.0,4070.0,13.0,529020.0,21219.0
2022-10-19 10:30:00,4069.0,4069.0,4059.0,4059.0,137.0,5570720.0,21275.0
2022-10-19 10:35:00,4059.0,4064.0,4057.0,4064.0,37.0,1501920.0,21303.0
2022-10-19 10:40:00,4065.0,4065.0,4064.0,4064.0,26.0,1057130.0,21303.0
2022-10-19 10:45:00,4065.0,4066.0,4062.0,4064.0,12.0,487580.0,21312.0
2022-10-19 10:50:00,4065.0,4065.0,4060.0,4060.0,10.0,406190.0,21322.0
2022-10-19 10:55:00,4060.0,4060.0,4053.0,4057.0,15.0,608380.0,21336.0
2022-10-19 11:00:00,4057.0,4059.0,4052.0,4052.0,10.0,405550.0,21345.0
2022-10-19 11:05:00,4052.0,4056.0,4052.0,4055.0,16.0,648660.0,21343.0
2022-10-19 11:10:00,4055.0,4060.0,4055.0,4060.0,4.0,162300.0,21343.0
2022-10-19 11:15:00,4060.0,4060.0,4052.0,4052.0,17.0,689140.0,21341.0
2022-10-19 11:20:00,4053.0,4054.0,4049.0,4049.0,104.0,4213850.0,21384.0
2022-10-19 11:25:00,4052.0,4055.0,4050.0,4055.0,22.0,891400.0,21396.0
2022-10-19 13:30:00,4052.0,4053.0,4046.0,4051.0,30.0,1215360.0,21421.0
2022-10-19 13:35:00,4051.0,4055.0,4048.0,4052.0,35.0,1418490.0,21428.0
2022-10-19 13:40:00,4052.0,4053.0,4050.0,4052.0,40.0,1620810.0,21446.0
2022-10-19 13:45:00,4054.0,4057.0,4053.0,4053.0,51.0,2067420.0,21447.0
2022-10-19 13:50:00,4051.0,4051.0,4046.0,4050.0,22.0,890700.0,21459.0
2022-10-19 13:55:00,4050.0,4052.0,4041.0,4042.0,146.0,5905920.0,21558.0
2022-10-19 14:00:00,4041.0,4042.0,4034.0,4034.0,214.0,8641240.0,21705.0
2022-10-19 14:05:00,4034.0,4042.0,4033.0,4042.0,139.0,5609890.0,21723.0
2022-10-19 14:10:00,4041.0,4046.0,4039.0,4042.0,81.0,3276190.0,21778.0
2022-10-19 14:15:00,4042.0,4045.0,4042.0,4043.0,161.0,6510870.0,21811.0
2022-10-19 14:20:00,4043.0,4045.0,4038.0,4040.0,90.0,3637030.0,21861.0
2022-10-19 14:25:00,4038.0,4038.0,4029.0,4031.0,54.0,2177850.0,21910.0
2022-10-19 14:30:00,4029.0,4035.0,4028.0,4035.0,168.0,6771570.0,22003.0
2022-10-19 14:35:00,4034.0,4034.0,4032.0,4032.0,54.0,2177760.0,22009.0
2022-10-19 14:40:00,4031.0,4033.0,4029.0,4033.0,157.0,6329310.0,21915.0
2022-10-19 14:45:00,4033.0,4036.0,4031.0,4031.0,69.0,2783060.0,21958.0
2022-10-19 14:50:00,4031.0,4034.0,4031.0,4032.0,25.0,1008140.0,21965.0
2022-10-19 14:55:00,4035.0,4038.0,4030.0,4036.0,167.0,6731240.0,22100.0
2022-10-19 21:00:00,4048.0,4050.0,4036.0,4036.0,74.0,2991220.0,22115.0
2022-10-19 21:05:00,4036.0,4037.0,4032.0,4037.0,236.0,9523980.0,22146.0
2022-10-19 21:10:00,4037.0,4037.0,4029.0,4036.0,23.0,927620.0,22158.0
2022-10-19 21:15:00,4035.0,4038.0,4033.0,4038.0,138.0,5570820.0,22163.0
2022-10-19 21:20:00,4034.0,4035.0,4030.0,4030.0,239.0,9635850.0,22350.0
2022-10-19 21:25:00,4035.0,4036.0,4035.0,4036.0,105.0,4240770.0,22351.0
2022-10-19 21:30:00,4042.0,4047.0,4040.0,4046.0,172.0,6954250.0,22502.0
2022-10-19 21:35:00,4046.0,4053.0,4046.0,4053.0,256.0,10370740.0,22406.0
2022-10-19 21:40:00,4054.0,4058.0,4053.0,4058.0,95.0,3853810.0,22415.0
2022-10-19 21:45:00,4058.0,4060.0,4054.0,4054.0,136.0,5518330.0,22512.0
2022-10-19 21:50:00,4053.0,4053.0,4045.0,4045.0,117.0,4737120.0,22566.0
2022-10-19 21:55:00,4046.0,4049.0,4046.0,4049.0,42.0,1700220.0,22580.0
2022-10-19 22:00:00,4054.0,4060.0,4054.0,4056.0,52.0,2110280.0,22545.0
2022-10-19 22:05:00,4056.0,4057.0,4053.0,4057.0,2.0,81100.0,22544.0
2022-10-19 22:10:00,4057.0,4063.0,4057.0,4063.0,8.0,324720.0,22540.0
2022-10-19 22:15:00,4056.0,4061.0,4055.0,4057.0,51.0,2070730.0,22559.0
2022-10-19 22:20:00,4059.0,4062.0,4059.0,4062.0,20.0,812160.0,22562.0
2022-10-19 22:25:00,4058.0,4069.0,4054.0,4067.0,61.0,2478840.0,22565.0
2022-10-19 22:30:00,4067.0,4067.0,4057.0,4057.0,25.0,1015790.0,22560.0
2022-10-19 22:35:00,4055.0,4060.0,4055.0,4057.0,9.0,365160.0,22562.0
2022-10-19 22:40:00,4057.0,4057.0,4051.0,4052.0,8.0,324200.0,22568.0
2022-10-19 22:45:00,4051.0,4051.0,4044.0,4044.0,13.0,526130.0,22579.0
2022-10-19 22:50:00,4044.0,4049.0,4044.0,4046.0,26.0,1052160.0,22582.0
2022-10-19 22:55:00,4046.0,4048.0,4046.0,4048.0,15.0,607010.0,22581.0
2022-10-20 09:00:00,4065.0,4065.0,4055.0,4060.0,69.0,2803000.0,22550.0
2022-10-20 09:05:00,4062.0,4062.0,4056.0,4060.0,22.0,893020.0,22554.0
2022-10-20 09:10:00,4064.0,4064.0,4058.0,4058.0,105.0,4266600.0,22648.0
2022-10-20 09:15:00,4055.0,4057.0,4052.0,4057.0,48.0,1945820.0,22652.0
2022-10-20 09:20:00,4052.0,4052.0,4051.0,4051.0,2.0,81030.0,22652.0
2022-10-20 09:25:00,4051.0,4053.0,4050.0,4051.0,52.0,2106440.0,22645.0
2022-10-20 09:30:00,4050.0,4050.0,4048.0,4048.0,137.0,5548460.0,22655.0
2022-10-20 09:35:00,4048.0,4048.0,4048.0,4048.0,0.0,0.0,22655.0
2022-10-20 09:40:00,4048.0,4051.0,4047.0,4051.0,31.0,1255290.0,22677.0
2022-10-20 09:45:00,4051.0,4051.0,4040.0,4040.0,133.0,5381300.0,22706.0
2022-10-20 09:50:00,4044.0,4049.0,4044.0,4049.0,24.0,970890.0,22701.0
2022-10-20 09:55:00,4053.0,4057.0,4050.0,4057.0,134.0,5431270.0,22773.0
2022-10-20 10:00:00,4057.0,4057.0,4049.0,4049.0,126.0,5111370.0,22896.0
2022-10-20 10:05:00,4049.0,4059.0,4049.0,4056.0,167.0,6773540.0,23007.0
2022-10-20 10:10:00,4056.0,4058.0,4056.0,4058.0,3.0,121720.0,23010.0
2022-10-20 10:30:00,4059.0,4066.0,4057.0,4064.0,521.0,21158070.0,23108.0
2022-10-20 10:35:00,4063.0,4085.0,4063.0,4076.0,237.0,9662740.0,23141.0
2022-10-20 10:40:00,4082.0,4089.0,4079.0,4089.0,525.0,21448980.0,23505.0
2022-10-20 10:45:00,4089.0,4090.0,4081.0,4084.0,370.0,15119460.0,23632.0
2022-10-20 10:50:00,4084.0,4085.0,4080.0,4082.0,78.0,3183510.0,23664.0
2022-10-20 10:55:00,4082.0,4085.0,4081.0,4085.0,54.0,2205330.0,23649.0
2022-10-20 11:00:00,4083.0,4083.0,4075.0,4075.0,287.0,11714100.0,23902.0
2022-10-20 11:05:00,4078.0,4081.0,4076.0,4077.0,210.0,8566320.0,24020.0
2022-10-20 11:10:00,4077.0,4083.0,4077.0,4083.0,86.0,3511250.0,24095.0
2022-10-20 11:15:00,4083.0,4083.0,4075.0,4076.0,56.0,2284690.0,24128.0
2022-10-20 11:20:00,4076.0,4083.0,4076.0,4080.0,23.0,938760.0,24136.0
2022-10-20 11:25:00,4080.0,4080.0,4080.0,4080.0,2.0,81600.0,24135.0
2022-10-20 13:30:00,4080.0,4095.0,4080.0,4085.0,106.0,4336650.0,24156.0
2022-10-20 13:35:00,4090.0,4094.0,4090.0,4094.0,105.0,4297360.0,24243.0
2022-10-20 13:40:00,4092.0,4101.0,4090.0,4099.0,385.0,15772850.0,24336.0
2022-10-20 13:45:00,4099.0,4102.0,4096.0,4102.0,493.0,20217820.0,24763.0
2022-10-20 13:50:00,4102.0,4102.0,4089.0,4092.0,271.0,11084830.0,24837.0
2022-10-20 13:55:00,4093.0,4097.0,4093.0,4097.0,95.0,3889980.0,24839.0
2022-10-20 14:00:00,4100.0,4101.0,4098.0,4100.0,25.0,1024990.0,24845.0
2022-10-20 14:05:00,4100.0,4100.0,4093.0,4093.0,380.0,15556900.0,24938.0
2022-10-20 14:10:00,4093.0,4095.0,4088.0,4088.0,138.0,5645850.0,25024.0
2022-10-20 14:15:00,4086.0,4088.0,4085.0,4085.0,34.0,1389210.0,25055.0
2022-10-20 14:20:00,4085.0,4088.0,4080.0,4080.0,94.0,3837510.0,25146.0
2022-10-20 14:25:00,4078.0,4080.0,4075.0,4079.0,11.0,448410.0,25153.0
2022-10-20 14:30:00,4081.0,4082.0,4072.0,4075.0,152.0,6196370.0,25231.0
2022-10-20 14:35:00,4075.0,4079.0,4075.0,4079.0,7.0,285510.0,25234.0
2022-10-20 14:40:00,4075.0,4079.0,4075.0,4079.0,44.0,1793850.0,25258.0
2022-10-20 14:45:00,4079.0,4086.0,4079.0,4080.0,5.0,204150.0,25259.0
2022-10-20 14:50:00,4078.0,4082.0,4078.0,4081.0,60.0,2448500.0,25301.0
2022-10-20 14:55:00,4081.0,4083.0,4077.0,4077.0,25.0,1020070.0,25304.0
2022-10-20 21:00:00,4077.0,4111.0,4077.0,4101.0,268.0,10991820.0,25475.0
2022-10-20 21:05:00,4100.0,4104.0,4092.0,4104.0,572.0,23446400.0,25783.0
2022-10-20 21:10:00,4104.0,4107.0,4100.0,4101.0,163.0,6686250.0,25840.0
2022-10-20 21:15:00,4099.0,4099.0,4090.0,4093.0,189.0,7737420.0,25947.0
2022-10-20 21:20:00,4093.0,4104.0,4089.0,4104.0,64.0,2620860.0,25983.0
2022-10-20 21:25:00,4099.0,4099.0,4095.0,4098.0,172.0,7048430.0,26095.0
2022-10-20 21:30:00,4099.0,4105.0,4098.0,4098.0,145.0,5944460.0,26171.0
2022-10-20 21:35:00,4098.0,4098.0,4090.0,4090.0,187.0,7656090.0,26351.0
2022-10-20 21:40:00,4090.0,4098.0,4090.0,4098.0,17.0,695710.0,26364.0
2022-10-20 21:45:00,4099.0,4100.0,4099.0,4100.0,17.0,696890.0,26376.0
2022-10-20 21:50:00,4100.0,4109.0,4098.0,4109.0,369.0,15139920.0,26425.0
2022-10-20 21:55:00,4109.0,4109.0,4100.0,4100.0,164.0,6728320.0,26514.0
2022-10-20 22:00:00,4100.0,4109.0,4098.0,4108.0,115.0,4718640.0,26581.0
2022-10-20 22:05:00,4107.0,4115.0,4107.0,4112.0,23.0,945920.0,26587.0
2022-10-20 22:10:00,4112.0,4118.0,4112.0,4113.0,385.0,15848800.0,26805.0
2022-10-20 22:15:00,4118.0,4120.0,4113.0,4117.0,64.0,2634260.0,26815.0
2022-10-20 22:20:00,4117.0,4119.0,4112.0,4112.0,78.0,3208850.0,26826.0
2022-10-20 22:25:00,4113.0,4114.0,4110.0,4111.0,207.0,8511960.0,26962.0
2022-10-20 22:30:00,4114.0,4115.0,4107.0,4107.0,137.0,5630870.0,27004.0
2022-10-20 22:35:00,4107.0,4108.0,4103.0,4103.0,73.0,2998080.0,27064.0
2022-10-20 22:40:00,4103.0,4103.0,4096.0,4101.0,101.0,4140930.0,27136.0
2022-10-20 22:45:00,4098.0,4105.0,4098.0,4105.0,7.0,287220.0,27132.0
2022-10-20 22:50:00,4102.0,4103.0,4098.0,4103.0,7.0,287000.0,27131.0
2022-10-20 22:55:00,4103.0,4103.0,4100.0,4101.0,7.0,287020.0,27126.0
2022-10-21 09:00:00,4097.0,4097.0,4083.0,4084.0,288.0,11776500.0,27267.0
2022-10-21 09:05:00,4083.0,4084.0,4076.0,4084.0,167.0,6814030.0,27342.0
2022-10-21 09:10:00,4083.0,4090.0,4081.0,4090.0,118.0,4821570.0,27375.0
2022-10-21 09:15:00,4088.0,4090.0,4082.0,4085.0,150.0,6129320.0,27440.0
2022-10-21 09:20:00,4088.0,4093.0,4088.0,4093.0,79.0,3231550.0,27452.0
2022-10-21 09:25:00,4093.0,4093.0,4085.0,4085.0,12.0,490530.0,27454.0
2022-10-21 09:30:00,4083.0,4084.0,4078.0,4078.0,66.0,2693470.0,27494.0
2022-10-21 09:35:00,4079.0,4084.0,4075.0,4084.0,121.0,4935210.0,27525.0
2022-10-21 09:40:00,4084.0,4085.0,4080.0,4080.0,59.0,2407870.0,27559.0
2022-10-21 09:45:00,4080.0,4085.0,4079.0,4085.0,3.0,122440.0,27560.0
2022-10-21 09:50:00,4083.0,4083.0,4079.0,4079.0,32.0,1306120.0,27574.0
2022-10-21 09:55:00,4079.0,4079.0,4073.0,4077.0,253.0,10311130.0,27721.0
2022-10-21 10:00:00,4079.0,4080.0,4077.0,4077.0,18.0,734160.0,27720.0
2022-10-21 10:05:00,4077.0,4083.0,4076.0,4076.0,10.0,407990.0,27713.0
2022-10-21 10:10:00,4076.0,4079.0,4076.0,4079.0,4.0,163220.0,27711.0
2022-10-21 10:30:00,4079.0,4096.0,4079.0,4095.0,54.0,2209520.0,27705.0
2022-10-21 10:35:00,4095.0,4095.0,4090.0,4090.0,98.0,4009710.0,27743.0
2022-10-21 10:40:00,4090.0,4103.0,4090.0,4100.0,19.0,778760.0,27738.0
2022-10-21 10:45:00,4105.0,4110.0,4087.0,4103.0,139.0,5696090.0,27822.0
2022-10-21 10:50:00,4103.0,4105.0,4103.0,4105.0,4.0,164170.0,27825.0
2022-10-21 10:55:00,4099.0,4105.0,4098.0,4104.0,58.0,2377340.0,27838.0
2022-10-21 11:00:00,4105.0,4107.0,4100.0,4100.0,32.0,1312830.0,27817.0
2022-10-21 11:05:00,4105.0,4111.0,4105.0,4111.0,41.0,1684320.0,27823.0
2022-10-21 11:10:00,4116.0,4120.0,4110.0,4118.0,98.0,4031660.0,27754.0
2022-10-21 11:15:00,4118.0,4118.0,4111.0,4111.0,68.0,2798460.0,27745.0
2022-10-21 11:20:00,4110.0,4111.0,4108.0,4111.0,41.0,1685130.0,27732.0
2022-10-21 11:25:00,4112.0,4119.0,4111.0,4115.0,20.0,822970.0,27725.0
2022-10-21 13:30:00,4115.0,4115.0,4107.0,4107.0,25.0,1027270.0,27713.0
2022-10-21 13:35:00,4110.0,4110.0,4106.0,4109.0,72.0,2957680.0,27708.0
2022-10-21 13:40:00,4109.0,4109.0,4100.0,4105.0,26.0,1066230.0,27715.0
2022-10-21 13:45:00,4100.0,4107.0,4100.0,4107.0,6.0,246280.0,27715.0
2022-10-21 13:50:00,4107.0,4107.0,4107.0,4107.0,0.0,0.0,27715.0
2022-10-21 13:55:00,4107.0,4107.0,4099.0,4099.0,38.0,1558340.0,27715.0
2022-10-21 14:00:00,4098.0,4098.0,4096.0,4096.0,92.0,3769420.0,27799.0
2022-10-21 14:05:00,4092.0,4094.0,4090.0,4091.0,72.0,2945840.0,27817.0
2022-10-21 14:10:00,4091.0,4091.0,4090.0,4090.0,6.0,245420.0,27817.0
2022-10-21 14:15:00,4090.0,4090.0,4088.0,4088.0,12.0,490580.0,27826.0
2022-10-21 14:20:00,4088.0,4091.0,4087.0,4090.0,32.0,1308070.0,27840.0
2022-10-21 14:25:00,4094.0,4097.0,4094.0,4094.0,22.0,900740.0,27822.0
2022-10-21 14:30:00,4100.0,4101.0,4098.0,4101.0,14.0,573940.0,27825.0
2022-10-21 14:35:00,4101.0,4101.0,4092.0,4092.0,219.0,8964080.0,27913.0
2022-10-21 14:40:00,4092.0,4093.0,4088.0,4088.0,248.0,10147680.0,28138.0
2022-10-21 14:45:00,4088.0,4092.0,4087.0,4088.0,36.0,1471880.0,28136.0
2022-10-21 14:50:00,4088.0,4088.0,4081.0,4084.0,103.0,4207420.0,28176.0
2022-10-21 14:55:00,4084.0,4087.0,4080.0,4080.0,66.0,2694400.0,28166.0
2022-10-21 21:00:00,4085.0,4113.0,4085.0,4105.0,74.0,3039570.0,28129.0
2022-10-21 21:05:00,4103.0,4105.0,4093.0,4103.0,87.0,3566760.0,28091.0
2022-10-21 21:10:00,4103.0,4103.0,4086.0,4092.0,208.0,8507540.0,28041.0
2022-10-21 21:15:00,4093.0,4099.0,4092.0,4099.0,28.0,1146670.0,28054.0
2022-10-21 21:20:00,4097.0,4098.0,4094.0,4097.0,10.0,409600.0,28057.0
2022-10-21 21:25:00,4099.0,4099.0,4093.0,4096.0,5.0,204740.0,28058.0
2022-10-21 21:30:00,4094.0,4094.0,4089.0,4093.0,79.0,3232150.0,28105.0
2022-10-21 21:35:00,4091.0,4096.0,4091.0,4094.0,41.0,1678490.0,28117.0
2022-10-21 21:40:00,4091.0,4093.0,4089.0,4093.0,18.0,736390.0,28128.0
2022-10-21 21:45:00,4093.0,4096.0,4092.0,4092.0,17.0,695990.0,28125.0
2022-10-21 21:50:00,4092.0,4092.0,4088.0,4088.0,51.0,2085030.0,28136.0
2022-10-21 21:55:00,4087.0,4090.0,4087.0,4090.0,34.0,1389910.0,28163.0
2022-10-21 22:00:00,4090.0,4090.0,4086.0,4086.0,33.0,1348680.0,28190.0
2022-10-21 22:05:00,4089.0,4089.0,4075.0,4078.0,208.0,8485330.0,28297.0
2022-10-21 22:10:00,4075.0,4077.0,4073.0,4077.0,265.0,10798080.0,28337.0
2022-10-21 22:15:00,4076.0,4080.0,4074.0,4080.0,50.0,2037900.0,28339.0
2022-10-21 22:20:00,4080.0,4083.0,4077.0,4080.0,6.0,244800.0,28341.0
2022-10-21 22:25:00,4080.0,4080.0,4077.0,4078.0,17.0,693180.0,28325.0
2022-10-21 22:30:00,4081.0,4081.0,4081.0,4081.0,10.0,408100.0,28325.0
2022-10-21 22:35:00,4076.0,4076.0,4073.0,4073.0,57.0,2322900.0,28322.0
2022-10-21 22:40:00,4073.0,4073.0,4073.0,4073.0,47.0,1915550.0,28305.0
2022-10-21 22:45:00,4074.0,4074.0,4058.0,4065.0,708.0,28766280.0,28711.0
2022-10-21 22:50:00,4065.0,4066.0,4058.0,4058.0,47.0,1908340.0,28748.0
2022-10-21 22:55:00,4058.0,4063.0,4058.0,4063.0,33.0,1340150.0,28760.0
2022-10-24 09:00:00,4066.0,4098.0,4066.0,4098.0,146.0,5956710.0,28779.0
2022-10-24 09:05:00,4098.0,4098.0,4085.0,4094.0,34.0,1391190.0,28767.0
2022-10-24 09:10:00,4094.0,4102.0,4084.0,4102.0,148.0,6063280.0,28748.0
2022-10-24 09:15:00,4102.0,4116.0,4099.0,4112.0,97.0,3986160.0,28709.0
2022-10-24 09:20:00,4112.0,4112.0,4101.0,4106.0,128.0,5255350.0,28707.0
2022-10-24 09:25:00,4106.0,4112.0,4102.0,4109.0,99.0,4065760.0,28709.0
2022-10-24 09:30:00,4111.0,4112.0,4105.0,4108.0,59.0,2423830.0,28704.0
2022-10-24 09:35:00,4107.0,4112.0,4107.0,4112.0,13.0,534140.0,28698.0
2022-10-24 09:40:00,4108.0,4108.0,4100.0,4100.0,15.0,615500.0,28696.0
2022-10-24 09:45:00,4098.0,4099.0,4092.0,4092.0,12.0,491340.0,28696.0
2022-10-24 09:50:00,4092.0,4102.0,4092.0,4102.0,42.0,1722480.0,28692.0
2022-10-24 09:55:00,4102.0,4102.0,4099.0,4099.0,46.0,1886710.0,28728.0
2022-10-24 10:00:00,4099.0,4104.0,4092.0,4093.0,53.0,2171120.0,28770.0
2022-10-24 10:05:00,4093.0,4095.0,4085.0,4088.0,16.0,654500.0,28777.0
2022-10-24 10:10:00,4091.0,4091.0,4075.0,4076.0,139.0,5676690.0,28838.0
2022-10-24 10:30:00,4075.0,4076.0,4069.0,4071.0,92.0,3745630.0,28865.0
2022-10-24 10:35:00,4070.0,4074.0,4058.0,4060.0,171.0,6946930.0,28791.0
2022-10-24 10:40:00,4060.0,4063.0,4059.0,4059.0,76.0,3085160.0,28784.0
2022-10-24 10:45:00,4059.0,4063.0,4058.0,4059.0,48.0,1948290.0,28823.0
2022-10-24 10:50:00,4060.0,4063.0,4059.0,4061.0,43.0,1746010.0,28816.0
2022-10-24 10:55:00,4061.0,4066.0,4061.0,4065.0,116.0,4714630.0,28922.0
2022-10-24 11:00:00,4063.0,4066.0,4062.0,4066.0,26.0,1056870.0,28946.0
2022-10-24 11:05:00,4063.0,4063.0,4051.0,4051.0,362.0,14675260.0,29219.0
2022-10-24 11:10:00,4050.0,4054.0,4048.0,4049.0,202.0,8180790.0,29268.0
2022-10-24 11:15:00,4048.0,4054.0,4048.0,4050.0,46.0,1862620.0,29307.0
2022-10-24 11:20:00,4050.0,4054.0,4048.0,4054.0,33.0,1336200.0,29325.0
2022-10-24 11:25:00,4054.0,4057.0,4053.0,4057.0,117.0,4745520.0,29311.0
2022-10-24 13:30:00,4053.0,4059.0,4050.0,4059.0,27.0,1094290.0,29323.0
2022-10-24 13:35:00,4059.0,4061.0,4057.0,4061.0,9.0,365310.0,29323.0
2022-10-24 13:40:00,4063.0,4063.0,4056.0,4059.0,38.0,1542300.0,29342.0
2022-10-24 13:45:00,4061.0,4065.0,4061.0,4065.0,18.0,731290.0,29331.0
2022-10-24 13:50:00,4060.0,4060.0,4049.0,4055.0,148.0,6001380.0,29354.0
2022-10-24 13:55:00,4052.0,4055.0,4050.0,4051.0,234.0,9479950.0,29358.0
2022-10-24 14:00:00,4052.0,4052.0,4047.0,4051.0,87.0,3522500.0,29371.0
2022-10-24 14:05:00,4053.0,4053.0,4050.0,4050.0,45.0,1823040.0,29376.0
2022-10-24 14:10:00,4050.0,4057.0,4050.0,4055.0,34.0,1379020.0,29395.0
2022-10-24 14:15:00,4051.0,4058.0,4051.0,4052.0,62.0,2513730.0,29409.0
2022-10-24 14:20:00,4056.0,4061.0,4054.0,4061.0,21.0,852020.0,29414.0
2022-10-24 14:25:00,4061.0,4063.0,4054.0,4056.0,450.0,18251730.0,29645.0
2022-10-24 14:30:00,4054.0,4058.0,4054.0,4054.0,57.0,2311410.0,29651.0
2022-10-24 14:35:00,4054.0,4057.0,4054.0,4057.0,53.0,2150430.0,29670.0
2022-10-24 14:40:00,4054.0,4056.0,4052.0,4052.0,109.0,4417970.0,29748.0
2022-10-24 14:45:00,4056.0,4056.0,4052.0,4056.0,11.0,445940.0,29750.0
2022-10-24 14:50:00,4057.0,4057.0,4052.0,4055.0,19.0,769970.0,29761.0
2022-10-24 14:55:00,4053.0,4056.0,4053.0,4054.0,86.0,3487300.0,29766.0
2022-10-24 21:00:00,4059.0,4059.0,4036.0,4052.0,159.0,6430880.0,29808.0
2022-10-24 21:05:00,4052.0,4060.0,4052.0,4060.0,49.0,1988100.0,29824.0
2022-10-24 21:10:00,4061.0,4063.0,4059.0,4059.0,610.0,24772570.0,30138.0
2022-10-24 21:15:00,4059.0,4064.0,4058.0,4058.0,198.0,8038520.0,30244.0
2022-10-24 21:20:00,4058.0,4059.0,4057.0,4057.0,26.0,1054860.0,30263.0
2022-10-24 21:25:00,4057.0,4057.0,4051.0,4051.0,100.0,4054070.0,30310.0
2022-10-24 21:30:00,4050.0,4050.0,4042.0,4044.0,183.0,7402320.0,30465.0
2022-10-24 21:35:00,4044.0,4048.0,4043.0,4048.0,38.0,1536750.0,30483.0
2022-10-24 21:40:00,4048.0,4048.0,4042.0,4043.0,29.0,1172970.0,30497.0
2022-10-24 21:45:00,4045.0,4050.0,4040.0,4041.0,68.0,2749000.0,30552.0
2022-10-24 21:50:00,4040.0,4043.0,4039.0,4040.0,122.0,4928910.0,30673.0
2022-10-24 21:55:00,4041.0,4042.0,4041.0,4042.0,4.0,161670.0,30674.0
2022-10-24 22:00:00,4041.0,4043.0,4040.0,4041.0,28.0,1131600.0,30684.0
2022-10-24 22:05:00,4040.0,4043.0,4039.0,4040.0,87.0,3514940.0,30734.0
2022-10-24 22:10:00,4044.0,4049.0,4044.0,4044.0,15.0,606790.0,30734.0
2022-10-24 22:15:00,4047.0,4047.0,4043.0,4046.0,8.0,323610.0,30730.0
2022-10-24 22:20:00,4042.0,4042.0,4036.0,4036.0,107.0,4323010.0,30805.0
2022-10-24 22:25:00,4038.0,4039.0,4038.0,4038.0,18.0,726860.0,30821.0
2022-10-24 22:30:00,4037.0,4042.0,4036.0,4042.0,20.0,807690.0,30829.0
2022-10-24 22:35:00,4044.0,4045.0,4042.0,4044.0,6.0,242630.0,30828.0
2022-10-24 22:40:00,4044.0,4044.0,4038.0,4038.0,16.0,646530.0,30826.0
2022-10-24 22:45:00,4037.0,4041.0,4037.0,4041.0,10.0,403890.0,30822.0
2022-10-24 22:50:00,4041.0,4041.0,4041.0,4041.0,2.0,80820.0,30822.0
2022-10-24 22:55:00,4041.0,4042.0,4038.0,4039.0,30.0,1211750.0,30814.0
2022-10-25 09:00:00,4038.0,4045.0,4038.0,4041.0,52.0,2101420.0,30799.0
2022-10-25 09:05:00,4041.0,4045.0,4040.0,4040.0,17.0,687260.0,30798.0
2022-10-25 09:10:00,4040.0,4040.0,4022.0,4022.0,725.0,29219220.0,31345.0
2022-10-25 09:15:00,4021.0,4021.0,3995.0,4004.0,971.0,38837990.0,31632.0
2022-10-25 09:20:00,4004.0,4004.0,3997.0,3998.0,224.0,8959350.0,31729.0
2022-10-25 09:25:00,3998.0,4000.0,3987.0,3991.0,237.0,9463800.0,31803.0
2022-10-25 09:30:00,3988.0,3994.0,3984.0,3991.0,61.0,2433030.0,31826.0
2022-10-25 09:35:00,3988.0,3992.0,3986.0,3991.0,136.0,5424560.0,31923.0
2022-10-25 09:40:00,3991.0,4007.0,3991.0,4004.0,109.0,4357120.0,31959.0
2022-10-25 09:45:00,4005.0,4023.0,4003.0,4023.0,158.0,6347400.0,31979.0
2022-10-25 09:50:00,4019.0,4043.0,4019.0,4043.0,124.0,4997910.0,31941.0
2022-10-25 09:55:00,4044.0,4050.0,4039.0,4047.0,268.0,10844760.0,32051.0
2022-10-25 10:00:00,4045.0,4048.0,4033.0,4033.0,62.0,2504570.0,32044.0
2022-10-25 10:05:00,4033.0,4033.0,4020.0,4020.0,90.0,3624380.0,32043.0
2022-10-25 10:10:00,4023.0,4031.0,4020.0,4020.0,12.0,482950.0,32039.0
2022-10-25 10:30:00,4024.0,4028.0,4008.0,4008.0,156.0,6261040.0,32072.0
2022-10-25 10:35:00,4008.0,4008.0,4008.0,4008.0,54.0,2164320.0,32095.0
2022-10-25 10:40:00,4012.0,4012.0,4008.0,4008.0,29.0,1162640.0,32102.0
2022-10-25 10:45:00,4008.0,4024.0,4008.0,4017.0,23.0,924460.0,32094.0
2022-10-25 10:50:00,4017.0,4026.0,4015.0,4024.0,16.0,643690.0,32083.0
2022-10-25 10:55:00,4030.0,4038.0,4030.0,4035.0,25.0,1008540.0,32079.0
2022-10-25 11:00:00,4033.0,4033.0,4026.0,4032.0,228.0,9186330.0,32104.0
2022-10-25 11:05:00,4032.0,4035.0,4032.0,4033.0,20.0,806710.0,32104.0
2022-10-25 11:10:00,4034.0,4035.0,4029.0,4029.0,222.0,8947790.0,32300.0
2022-10-25 11:15:00,4029.0,4035.0,4029.0,4035.0,26.0,1048380.0,32301.0
2022-10-25 11:20:00,4038.0,4039.0,4037.0,4037.0,38.0,1534410.0,32301.0
2022-10-25 11:25:00,4041.0,4041.0,4035.0,4035.0,54.0,2181400.0,32317.0
2022-10-25 13:30:00,4034.0,4035.0,4028.0,4032.0,27.0,1088780.0,32330.0
2022-10-25 13:35:00,4033.0,4033.0,4028.0,4030.0,29.0,1168720.0,32340.0
2022-10-25 13:40:00,4030.0,4030.0,4023.0,4026.0,29.0,1167280.0,32360.0
2022-10-25 13:45:00,4026.0,4026.0,4016.0,4017.0,182.0,7321780.0,32479.0
2022-10-25 13:50:00,4019.0,4033.0,4019.0,4028.0,98.0,3948610.0,32421.0
2022-10-25 13:55:00,4026.0,4026.0,4021.0,4023.0,126.0,5070710.0,32384.0
2022-10-25 14:00:00,4023.0,4026.0,4023.0,4025.0,20.0,804930.0,32382.0
2022-10-25 14:05:00,4025.0,4025.0,4019.0,4021.0,56.0,2252000.0,32368.0
2022-10-25 14:10:00,4019.0,4019.0,4018.0,4019.0,65.0,2612290.0,32381.0
2022-10-25 14:15:00,4023.0,4026.0,4023.0,4026.0,168.0,6765100.0,32286.0
2022-10-25 14:20:00,4026.0,4026.0,4021.0,4024.0,29.0,1166290.0,32300.0
2022-10-25 14:25:00,4027.0,4027.0,4022.0,4022.0,99.0,3986370.0,32211.0
2022-10-25 14:30:00,4022.0,4028.0,4022.0,4025.0,55.0,2212810.0,32205.0
2022-10-25 14:35:00,4025.0,4025.0,4020.0,4021.0,55.0,2211290.0,32228.0
2022-10-25 14:40:00,4021.0,4025.0,4020.0,4025.0,100.0,4021780.0,32249.0
2022-10-25 14:45:00,4025.0,4027.0,4020.0,4020.0,60.0,2413440.0,32228.0
2022-10-25 14:50:00,4017.0,4026.0,4017.0,4026.0,112.0,4507710.0,32205.0
2022-10-25 14:55:00,4027.0,4029.0,4013.0,4017.0,115.0,4620310.0,32196.0
2022-10-25 21:00:00,4023.0,4038.0,4023.0,4027.0,235.0,9479730.0,32015.0
2022-10-25 21:05:00,4028.0,4028.0,4023.0,4025.0,112.0,4507180.0,32037.0
2022-10-25 21:10:00,4024.0,4028.0,4020.0,4028.0,23.0,925250.0,32042.0
2022-10-25 21:15:00,4025.0,4026.0,4023.0,4023.0,187.0,7523540.0,32098.0
2022-10-25 21:20:00,4023.0,4026.0,4023.0,4024.0,79.0,3180270.0,32100.0
2022-10-25 21:25:00,4025.0,4025.0,4018.0,4021.0,35.0,1407640.0,32130.0
2022-10-25 21:30:00,4021.0,4023.0,4017.0,4017.0,98.0,3938220.0,32139.0
2022-10-25 21:35:00,4018.0,4018.0,4015.0,4015.0,141.0,5662950.0,32263.0
2022-10-25 21:40:00,4015.0,4015.0,4010.0,4014.0,37.0,1484260.0,32276.0
2022-10-25 21:45:00,4014.0,4020.0,4013.0,4020.0,25.0,1004440.0,32284.0
2022-10-25 21:50:00,4021.0,4023.0,4018.0,4021.0,50.0,2010180.0,32287.0
2022-10-25 21:55:00,4018.0,4018.0,4015.0,4015.0,112.0,4497310.0,32281.0
2022-10-25 22:00:00,4017.0,4021.0,4013.0,4015.0,45.0,1807590.0,32283.0
2022-10-25 22:05:00,4015.0,4015.0,4010.0,4012.0,5.0,200610.0,32285.0
2022-10-25 22:10:00,4012.0,4014.0,4008.0,4014.0,12.0,481340.0,32292.0
2022-10-25 22:15:00,4013.0,4016.0,4011.0,4016.0,63.0,2527790.0,32322.0
2022-10-25 22:20:00,4016.0,4018.0,4015.0,4015.0,34.0,1365550.0,32324.0
2022-10-25 22:25:00,4015.0,4016.0,4014.0,4015.0,17.0,682530.0,32332.0
2022-10-25 22:30:00,4011.0,4011.0,4004.0,4005.0,49.0,1963630.0,32371.0
2022-10-25 22:35:00,4007.0,4007.0,4000.0,4004.0,102.0,4081600.0,32392.0
2022-10-25 22:40:00,4002.0,4004.0,4002.0,4004.0,7.0,280210.0,32397.0
2022-10-25 22:45:00,4003.0,4005.0,4002.0,4005.0,9.0,360350.0,32406.0
2022-10-25 22:50:00,4005.0,4008.0,4003.0,4008.0,75.0,3002790.0,32458.0
2022-10-25 22:55:00,4008.0,4011.0,4005.0,4009.0,34.0,1362820.0,32430.0
2022-10-26 09:00:00,4002.0,4005.0,3996.0,4000.0,264.0,10558610.0,32650.0
2022-10-26 09:05:00,3999.0,3999.0,3994.0,3998.0,105.0,4195050.0,32699.0
2022-10-26 09:10:00,3998.0,4007.0,3998.0,4000.0,687.0,27485620.0,32971.0
2022-10-26 09:15:00,4001.0,4007.0,4000.0,4001.0,36.0,1440590.0,32976.0
2022-10-26 09:20:00,4001.0,4001.0,4000.0,4000.0,13.0,520050.0,32976.0
2022-10-26 09:25:00,3996.0,4002.0,3996.0,3998.0,20.0,799860.0,32990.0
2022-10-26 09:30:00,3997.0,4003.0,3995.0,3995.0,119.0,4758740.0,33020.0
2022-10-26 09:35:00,3997.0,4001.0,3996.0,4001.0,5.0,199930.0,33021.0
2022-10-26 09:40:00,4002.0,4006.0,4001.0,4006.0,7.0,280280.0,33016.0
2022-10-26 09:45:00,4002.0,4002.0,3999.0,4000.0,180.0,7200280.0,33058.0
2022-10-26 09:50:00,4000.0,4006.0,4000.0,4006.0,46.0,1841140.0,33080.0
2022-10-26 09:55:00,4006.0,4006.0,3998.0,3998.0,73.0,2920040.0,33151.0
2022-10-26 10:00:00,3998.0,4006.0,3998.0,4006.0,19.0,759960.0,33165.0
2022-10-26 10:05:00,4008.0,4015.0,4007.0,4010.0,20.0,801990.0,33161.0
2022-10-26 10:10:00,4010.0,4010.0,4010.0,4010.0,14.0,561400.0,33168.0
2022-10-26 10:30:00,4012.0,4015.0,4007.0,4009.0,35.0,1403690.0,33186.0
2022-10-26 10:35:00,4011.0,4021.0,4011.0,4021.0,47.0,1888050.0,33165.0
2022-10-26 10:40:00,4018.0,4024.0,4017.0,4024.0,22.0,884640.0,33159.0
2022-10-26 10:45:00,4022.0,4023.0,4021.0,4022.0,10.0,402220.0,33155.0
2022-10-26 10:50:00,4023.0,4023.0,4018.0,4018.0,16.0,643330.0,33155.0
2022-10-26 10:55:00,4017.0,4017.0,4014.0,4014.0,19.0,762960.0,33147.0
2022-10-26 11:00:00,4014.0,4020.0,4012.0,4012.0,10.0,401430.0,33147.0
2022-10-26 11:05:00,4014.0,4015.0,4006.0,4006.0,22.0,881970.0,33155.0
2022-10-26 11:10:00,4003.0,4008.0,4003.0,4008.0,3.0,120140.0,33155.0
2022-10-26 11:15:00,4006.0,4012.0,4006.0,4008.0,10.0,400890.0,33156.0
2022-10-26 11:20:00,4008.0,4009.0,4006.0,4009.0,16.0,641330.0,33159.0
2022-10-26 11:25:00,4009.0,4016.0,4009.0,4010.0,18.0,722080.0,33152.0
2022-10-26 13:30:00,4008.0,4008.0,4000.0,4005.0,64.0,2562640.0,33189.0
2022-10-26 13:35:00,4005.0,4005.0,4001.0,4001.0,8.0,320140.0,33195.0
2022-10-26 13:40:00,4001.0,4010.0,4001.0,4008.0,27.0,1082040.0,33196.0
2022-10-26 13:45:00,4006.0,4009.0,4002.0,4004.0,56.0,2242530.0,33226.0
2022-10-26 13:50:00,4004.0,4006.0,4004.0,4004.0,3.0,120140.0,33229.0
2022-10-26 13:55:00,4004.0,4004.0,4004.0,4004.0,0.0,0.0,33229.0
2022-10-26 14:00:00,4004.0,4004.0,4000.0,4000.0,13.0,520140.0,33242.0
2022-10-26 14:05:00,4000.0,4003.0,3999.0,4003.0,40.0,1599970.0,33274.0
2022-10-26 14:10:00,3998.0,4005.0,3998.0,4005.0,110.0,4400180.0,33298.0
2022-10-26 14:15:00,4002.0,4005.0,3999.0,3999.0,45.0,1800630.0,33309.0
2022-10-26 14:20:00,3998.0,3999.0,3975.0,3988.0,923.0,36797490.0,33389.0
2022-10-26 14:25:00,3992.0,3994.0,3984.0,3985.0,877.0,34996510.0,33397.0
2022-10-26 14:30:00,3983.0,3990.0,3983.0,3988.0,90.0,3588240.0,33404.0
2022-10-26 14:35:00,3988.0,3990.0,3983.0,3988.0,118.0,4703020.0,33325.0
2022-10-26 14:40:00,3986.0,3986.0,3980.0,3980.0,175.0,6969050.0,33399.0
2022-10-26 14:45:00,3980.0,3980.0,3975.0,3977.0,1195.0,47520490.0,34159.0
2022-10-26 14:50:00,3979.0,3979.0,3971.0,3973.0,100.0,3973420.0,34165.0
2022-10-26 14:55:00,3974.0,3976.0,3968.0,3968.0,284.0,11279540.0,34354.0
2022-10-26 21:00:00,3986.0,3986.0,3969.0,3971.0,324.0,12879090.0,34491.0
2022-10-26 21:05:00,3970.0,3976.0,3968.0,3976.0,133.0,5280080.0,34550.0
2022-10-26 21:10:00,3970.0,3975.0,3963.0,3967.0,192.0,7621630.0,34613.0
2022-10-26 21:15:00,3964.0,3970.0,3964.0,3968.0,40.0,1586440.0,34637.0
2022-10-26 21:20:00,3968.0,3970.0,3963.0,3963.0,45.0,1784150.0,34630.0
2022-10-26 21:25:00,3963.0,3963.0,3956.0,3958.0,162.0,6413640.0,34649.0
2022-10-26 21:30:00,3958.0,3965.0,3958.0,3959.0,29.0,1148880.0,34645.0
2022-10-26 21:35:00,3959.0,3967.0,3959.0,3965.0,37.0,1466630.0,34630.0
2022-10-26 21:40:00,3965.0,3965.0,3957.0,3959.0,38.0,1504770.0,34631.0
2022-10-26 21:45:00,3961.0,3961.0,3954.0,3956.0,89.0,3522050.0,34633.0
2022-10-26 21:50:00,3958.0,3960.0,3957.0,3959.0,24.0,950000.0,34642.0
2022-10-26 21:55:00,3961.0,3962.0,3958.0,3959.0,17.0,673270.0,34633.0
2022-10-26 22:00:00,3961.0,3966.0,3960.0,3966.0,30.0,1189450.0,34631.0
2022-10-26 22:05:00,3966.0,3970.0,3966.0,3970.0,27.0,1071400.0,34625.0
2022-10-26 22:10:00,3970.0,3972.0,3967.0,3967.0,7.0,277900.0,34626.0
2022-10-26 22:15:00,3969.0,3969.0,3966.0,3966.0,5.0,198360.0,34628.0
2022-10-26 22:20:00,3966.0,3967.0,3965.0,3967.0,12.0,475930.0,34623.0
2022-10-26 22:25:00,3969.0,3970.0,3965.0,3970.0,8.0,317490.0,34623.0
2022-10-26 22:30:00,3970.0,3971.0,3970.0,3971.0,7.0,277920.0,34622.0
2022-10-26 22:35:00,3972.0,3972.0,3972.0,3972.0,8.0,317760.0,34625.0
2022-10-26 22:40:00,3972.0,3972.0,3966.0,3968.0,10.0,396840.0,34626.0
2022-10-26 22:45:00,3970.0,3971.0,3970.0,3971.0,68.0,2700250.0,34592.0
2022-10-26 22:50:00,3971.0,3976.0,3971.0,3975.0,12.0,476900.0,34589.0
2022-10-26 22:55:00,3974.0,3974.0,3969.0,3970.0,78.0,3097290.0,34558.0
2022-10-27 09:00:00,3972.0,3992.0,3972.0,3990.0,278.0,11080460.0,34590.0
2022-10-27 09:05:00,3991.0,3993.0,3982.0,3986.0,183.0,7297180.0,34652.0
2022-10-27 09:10:00,3988.0,3998.0,3986.0,3996.0,68.0,2715680.0,34641.0
2022-10-27 09:15:00,3993.0,3996.0,3991.0,3996.0,21.0,838570.0,34646.0
2022-10-27 09:20:00,3997.0,3998.0,3993.0,3994.0,13.0,519380.0,34641.0
2022-10-27 09:25:00,3992.0,3992.0,3987.0,3989.0,73.0,2913460.0,34649.0
2022-10-27 09:30:00,3989.0,3999.0,3989.0,3996.0,39.0,1558070.0,34638.0
2022-10-27 09:35:00,3995.0,4004.0,3995.0,4002.0,148.0,5914690.0,34628.0
2022-10-27 09:40:00,4000.0,4005.0,3996.0,3996.0,57.0,2281820.0,34650.0
2022-10-27 09:45:00,3998.0,3998.0,3994.0,3998.0,70.0,2796410.0,34655.0
2022-10-27 09:50:00,3995.0,3995.0,3987.0,3991.0,38.0,1516700.0,34673.0
2022-10-27 09:55:00,3986.0,3992.0,3983.0,3992.0,47.0,1872890.0,34684.0
2022-10-27 10:00:00,3988.0,3988.0,3981.0,3981.0,25.0,996100.0,34706.0
2022-10-27 10:05:00,3981.0,3986.0,3980.0,3986.0,13.0,517700.0,34713.0
2022-10-27 10:10:00,3986.0,3986.0,3979.0,3980.0,38.0,1512440.0,34747.0
2022-10-27 10:30:00,3980.0,3982.0,3978.0,3978.0,9.0,358140.0,34753.0
2022-10-27 10:35:00,3979.0,3979.0,3976.0,3979.0,24.0,954650.0,34760.0
2022-10-27 10:40:00,3977.0,3978.0,3971.0,3971.0,40.0,1589470.0,34738.0
2022-10-27 10:45:00,3974.0,3976.0,3972.0,3972.0,42.0,1669060.0,34739.0
2022-10-27 10:50:00,3972.0,3976.0,3972.0,3975.0,5.0,198710.0,34741.0
2022-10-27 10:55:00,3975.0,3975.0,3971.0,3971.0,93.0,3696550.0,34823.0
2022-10-27 11:00:00,3971.0,3972.0,3968.0,3968.0,14.0,555870.0,34833.0
2022-10-27 11:05:00,3968.0,3968.0,3961.0,3964.0,6.0,237870.0,34836.0
2022-10-27 11:10:00,3968.0,3972.0,3968.0,3972.0,3.0,119080.0,34837.0
2022-10-27 11:15:00,3972.0,3973.0,3968.0,3970.0,42.0,1668010.0,34874.0
2022-10-27 11:20:00,3970.0,3970.0,3965.0,3966.0,7.0,277690.0,34877.0
2022-10-27 11:25:00,3966.0,3974.0,3966.0,3974.0,10.0,396840.0,34877.0
2022-10-27 13:30:00,3967.0,3973.0,3966.0,3970.0,18.0,714100.0,34880.0
2022-10-27 13:35:00,3970.0,3972.0,3970.0,3972.0,24.0,953050.0,34899.0
2022-10-27 13:40:00,3974.0,3974.0,3966.0,3966.0,108.0,4285610.0,34908.0
2022-10-27 13:45:00,3965.0,3968.0,3965.0,3967.0,26.0,1031640.0,34932.0
2022-10-27 13:50:00,3967.0,3969.0,3966.0,3967.0,33.0,1309370.0,34956.0
2022-10-27 13:55:00,3967.0,3967.0,3959.0,3962.0,135.0,5348840.0,35044.0
2022-10-27 14:00:00,3960.0,3960.0,3956.0,3957.0,57.0,2255770.0,35075.0
2022-10-27 14:05:00,3958.0,3963.0,3958.0,3958.0,25.0,989940.0,35067.0
2022-10-27 14:10:00,3958.0,3958.0,3944.0,3953.0,362.0,14299640.0,35308.0
2022-10-27 14:15:00,3948.0,3953.0,3948.0,3948.0,242.0,9555610.0,35425.0
2022-10-27 14:20:00,3947.0,3948.0,3944.0,3944.0,43.0,1696450.0,35462.0
2022-10-27 14:25:00,3945.0,3948.0,3940.0,3942.0,243.0,9578430.0,35420.0
2022-10-27 14:30:00,3940.0,3942.0,3935.0,3939.0,133.0,5238080.0,35495.0
2022-10-27 14:35:00,3937.0,3946.0,3937.0,3943.0,117.0,4612750.0,35597.0
2022-10-27 14:40:00,3943.0,3946.0,3939.0,3939.0,79.0,3113160.0,35661.0
2022-10-27 14:45:00,3938.0,3941.0,3930.0,3933.0,164.0,6450840.0,35741.0
2022-10-27 14:50:00,3931.0,3932.0,3925.0,3929.0,264.0,10371800.0,35936.0
2022-10-27 14:55:00,3932.0,3932.0,3925.0,3928.0,421.0,16540710.0,36056.0
2022-10-27 21:00:00,3938.0,3938.0,3923.0,3923.0,1029.0,40457320.0,36760.0
2022-10-27 21:05:00,3923.0,3931.0,3922.0,3928.0,162.0,6364330.0,36772.0
2022-10-27 21:10:00,3928.0,3931.0,3927.0,3930.0,92.0,3615170.0,36811.0
2022-10-27 21:15:00,3929.0,3937.0,3927.0,3937.0,205.0,8056150.0,36790.0
2022-10-27 21:20:00,3938.0,3941.0,3933.0,3933.0,40.0,1575010.0,36768.0
2022-10-27 21:25:00,3933.0,3938.0,3933.0,3933.0,19.0,747980.0,36762.0
2022-10-27 21:30:00,3931.0,3935.0,3929.0,3929.0,59.0,2318760.0,36790.0
2022-10-27 21:35:00,3929.0,3934.0,3928.0,3928.0,105.0,4125650.0,36799.0
2022-10-27 21:40:00,3925.0,3925.0,3920.0,3923.0,195.0,7649950.0,36909.0
2022-10-27 21:45:00,3922.0,3924.0,3920.0,3921.0,42.0,1647230.0,36924.0
2022-10-27 21:50:00,3920.0,3922.0,3912.0,3916.0,115.0,4504940.0,36996.0
2022-10-27 21:55:00,3916.0,3917.0,3913.0,3913.0,49.0,1918480.0,37022.0
2022-10-27 22:00:00,3915.0,3916.0,3905.0,3911.0,253.0,9891080.0,37207.0
2022-10-27 22:05:00,3911.0,3911.0,3901.0,3901.0,196.0,7649350.0,37329.0
2022-10-27 22:10:00,3902.0,3904.0,3900.0,3901.0,517.0,20167600.0,37708.0
2022-10-27 22:15:00,3901.0,3909.0,3901.0,3908.0,536.0,20942390.0,37929.0
2022-10-27 22:20:00,3908.0,3908.0,3899.0,3899.0,465.0,18136820.0,38177.0
2022-10-27 22:25:00,3899.0,3910.0,3899.0,3910.0,199.0,7769480.0,38151.0
2022-10-27 22:30:00,3910.0,3918.0,3906.0,3918.0,130.0,5087160.0,38144.0
2022-10-27 22:35:00,3915.0,3918.0,3911.0,3911.0,88.0,3445070.0,38107.0
2022-10-27 22:40:00,3911.0,3913.0,3900.0,3901.0,123.0,4807480.0,38046.0
2022-10-27 22:45:00,3899.0,3906.0,3898.0,3902.0,147.0,5733200.0,38088.0
2022-10-27 22:50:00,3902.0,3908.0,3901.0,3908.0,12.0,468710.0,38086.0
2022-10-27 22:55:00,3909.0,3913.0,3905.0,3911.0,34.0,1329480.0,38062.0
2022-10-28 09:00:00,3901.0,3906.0,3890.0,3901.0,367.0,14302580.0,38237.0
2022-10-28 09:05:00,3902.0,3918.0,3899.0,3915.0,195.0,7633170.0,38215.0
2022-10-28 09:10:00,3914.0,3914.0,3910.0,3914.0,129.0,5047560.0,38284.0
2022-10-28 09:15:00,3908.0,3918.0,3906.0,3917.0,170.0,6658010.0,38244.0
2022-10-28 09:20:00,3917.0,3917.0,3907.0,3911.0,15.0,586730.0,38243.0
2022-10-28 09:25:00,3911.0,3912.0,3908.0,3912.0,22.0,860360.0,38232.0
2022-10-28 09:30:00,3910.0,3910.0,3907.0,3909.0,4.0,156340.0,38235.0
2022-10-28 09:35:00,3912.0,3912.0,3900.0,3906.0,130.0,5074090.0,38254.0
2022-10-28 09:40:00,3906.0,3910.0,3902.0,3909.0,11.0,429700.0,38250.0
2022-10-28 09:45:00,3909.0,3913.0,3906.0,3906.0,11.0,430050.0,38241.0
2022-10-28 09:50:00,3904.0,3905.0,3903.0,3905.0,43.0,1678660.0,38247.0
2022-10-28 09:55:00,3904.0,3908.0,3898.0,3898.0,70.0,2731220.0,38287.0
2022-10-28 10:00:00,3896.0,3902.0,3894.0,3898.0,40.0,1558800.0,38314.0
2022-10-28 10:05:00,3900.0,3902.0,3892.0,3892.0,71.0,2767300.0,38318.0
2022-10-28 10:10:00,3893.0,3898.0,3883.0,3885.0,157.0,6107180.0,38338.0
2022-10-28 10:30:00,3882.0,3886.0,3876.0,3879.0,236.0,9154880.0,38401.0
2022-10-28 10:35:00,3878.0,3883.0,3870.0,3879.0,324.0,12553240.0,38537.0
2022-10-28 10:40:00,3878.0,3878.0,3870.0,3876.0,323.0,12508330.0,38387.0
2022-10-28 10:45:00,3878.0,3883.0,3876.0,3876.0,69.0,2676150.0,38396.0
2022-10-28 10:50:00,3876.0,3885.0,3871.0,3885.0,187.0,7248260.0,38437.0
2022-10-28 10:55:00,3881.0,3884.0,3877.0,3877.0,52.0,2017920.0,38478.0
2022-10-28 11:00:00,3873.0,3881.0,3871.0,3880.0,122.0,4732890.0,38439.0
2022-10-28 11:05:00,3878.0,3878.0,3871.0,3878.0,62.0,2402550.0,38466.0
2022-10-28 11:10:00,3877.0,3877.0,3870.0,3873.0,35.0,1355240.0,38485.0
2022-10-28 11:15:00,3877.0,3888.0,3877.0,3885.0,58.0,2251240.0,38481.0
2022-10-28 11:20:00,3886.0,3892.0,3885.0,3886.0,89.0,3460520.0,38483.0
2022-10-28 11:25:00,3888.0,3889.0,3884.0,3889.0,42.0,1632400.0,38450.0
2022-10-28 13:30:00,3890.0,3895.0,3879.0,3895.0,223.0,8665650.0,38405.0
2022-10-28 13:35:00,3896.0,3897.0,3887.0,3895.0,267.0,10389470.0,38378.0
2022-10-28 13:40:00,3897.0,3899.0,3892.0,3892.0,96.0,3740290.0,38385.0
2022-10-28 13:45:00,3892.0,3892.0,3886.0,3890.0,70.0,2721950.0,38419.0
2022-10-28 13:50:00,3894.0,3900.0,3894.0,3897.0,74.0,2884660.0,38439.0
2022-10-28 13:55:00,3896.0,3896.0,3891.0,3891.0,72.0,2802960.0,38458.0
2022-10-28 14:00:00,3891.0,3897.0,3889.0,3889.0,86.0,3347310.0,38484.0
2022-10-28 14:05:00,3888.0,3890.0,3885.0,3887.0,24.0,932980.0,38494.0
2022-10-28 14:10:00,3887.0,3887.0,3883.0,3883.0,96.0,3729300.0,38516.0
2022-10-28 14:15:00,3883.0,3883.0,3873.0,3876.0,69.0,2675860.0,38547.0
2022-10-28 14:20:00,3877.0,3879.0,3874.0,3878.0,29.0,1123900.0,38562.0
2022-10-28 14:25:00,3876.0,3879.0,3872.0,3879.0,56.0,2170140.0,38555.0
2022-10-28 14:30:00,3878.0,3878.0,3866.0,3868.0,143.0,5534650.0,38638.0
2022-10-28 14:35:00,3870.0,3871.0,3863.0,3863.0,55.0,2127030.0,38686.0
2022-10-28 14:40:00,3863.0,3874.0,3863.0,3873.0,29.0,1122230.0,38683.0
2022-10-28 14:45:00,3873.0,3875.0,3867.0,3870.0,35.0,1355240.0,38699.0
2022-10-28 14:50:00,3870.0,3876.0,3869.0,3871.0,98.0,3793610.0,38770.0
2022-10-28 14:55:00,3872.0,3883.0,3872.0,3883.0,178.0,6905810.0,38664.0
2022-10-28 21:00:00,3900.0,3900.0,3871.0,3888.0,175.0,6788930.0,38675.0
2022-10-28 21:05:00,3888.0,3892.0,3884.0,3884.0,102.0,3966170.0,38618.0
2022-10-28 21:10:00,3885.0,3892.0,3885.0,3889.0,63.0,2450780.0,38604.0
2022-10-28 21:15:00,3889.0,3891.0,3884.0,3888.0,140.0,5441700.0,38635.0
2022-10-28 21:20:00,3890.0,3892.0,3880.0,3880.0,48.0,1865780.0,38637.0
2022-10-28 21:25:00,3880.0,3882.0,3874.0,3875.0,20.0,775460.0,38646.0
2022-10-28 21:30:00,3875.0,3880.0,3874.0,3877.0,23.0,891780.0,38643.0
2022-10-28 21:35:00,3873.0,3877.0,3871.0,3873.0,42.0,1626420.0,38652.0
2022-10-28 21:40:00,3875.0,3881.0,3875.0,3879.0,12.0,465300.0,38650.0
2022-10-28 21:45:00,3883.0,3883.0,3876.0,3876.0,123.0,4773000.0,38727.0
2022-10-28 21:50:00,3876.0,3883.0,3875.0,3881.0,62.0,2404660.0,38764.0
2022-10-28 21:55:00,3880.0,3884.0,3880.0,3882.0,83.0,3222340.0,38797.0
2022-10-28 22:00:00,3881.0,3886.0,3878.0,3886.0,58.0,2251920.0,38812.0
2022-10-28 22:05:00,3886.0,3891.0,3885.0,3887.0,15.0,583100.0,38805.0
2022-10-28 22:10:00,3887.0,3887.0,3878.0,3878.0,14.0,543370.0,38814.0
2022-10-28 22:15:00,3881.0,3883.0,3877.0,3878.0,31.0,1202350.0,38832.0
2022-10-28 22:20:00,3879.0,3879.0,3872.0,3874.0,62.0,2402720.0,38868.0
2022-10-28 22:25:00,3873.0,3883.0,3873.0,3882.0,39.0,1512100.0,38879.0
2022-10-28 22:30:00,3883.0,3884.0,3880.0,3880.0,56.0,2173670.0,38922.0
2022-10-28 22:35:00,3880.0,3880.0,3873.0,3873.0,70.0,2712850.0,38964.0
2022-10-28 22:40:00,3873.0,3876.0,3872.0,3872.0,88.0,3408240.0,38987.0
2022-10-28 22:45:00,3872.0,3877.0,3871.0,3874.0,29.0,1123760.0,38960.0
2022-10-28 22:50:00,3874.0,3875.0,3866.0,3866.0,144.0,5572870.0,39021.0
2022-10-28 22:55:00,3867.0,3873.0,3867.0,3871.0,24.0,929040.0,39024.0
2022-10-31 09:00:00,3875.0,3878.0,3872.0,3875.0,115.0,4455750.0,39061.0
2022-10-31 09:05:00,3876.0,3876.0,3848.0,3860.0,516.0,19904920.0,39278.0
2022-10-31 09:10:00,3860.0,3877.0,3859.0,3865.0,179.0,6926520.0,39347.0
2022-10-31 09:15:00,3867.0,3867.0,3852.0,3856.0,190.0,7326650.0,39449.0
2022-10-31 09:20:00,3856.0,3861.0,3843.0,3848.0,266.0,10240100.0,39553.0
2022-10-31 09:25:00,3848.0,3848.0,3829.0,3831.0,273.0,10487110.0,39656.0
2022-10-31 09:30:00,3831.0,3840.0,3829.0,3830.0,305.0,11690480.0,39778.0
2022-10-31 09:35:00,3829.0,3840.0,3826.0,3838.0,198.0,7588590.0,39855.0
2022-10-31 09:40:00,3835.0,3846.0,3831.0,3845.0,193.0,7407810.0,39852.0
2022-10-31 09:45:00,3843.0,3846.0,3830.0,3832.0,50.0,1917520.0,39876.0
2022-10-31 09:50:00,3831.0,3836.0,3828.0,3832.0,59.0,2260560.0,39918.0
2022-10-31 09:55:00,3832.0,3832.0,3822.0,3831.0,76.0,2909050.0,39972.0
2022-10-31 10:00:00,3831.0,3831.0,3820.0,3822.0,109.0,4168420.0,40020.0
2022-10-31 10:05:00,3822.0,3823.0,3808.0,3815.0,226.0,8624060.0,40169.0
2022-10-31 10:10:00,3815.0,3819.0,3803.0,3816.0,250.0,9524380.0,40302.0
2022-10-31 10:30:00,3814.0,3834.0,3812.0,3834.0,191.0,7299840.0,40339.0
2022-10-31 10:35:00,3835.0,3858.0,3834.0,3858.0,215.0,8276000.0,40308.0
2022-10-31 10:40:00,3850.0,3870.0,3844.0,3865.0,212.0,8175060.0,40348.0
2022-10-31 10:45:00,3872.0,3873.0,3859.0,3868.0,110.0,4252510.0,40318.0
2022-10-31 10:50:00,3870.0,3880.0,3868.0,3880.0,163.0,6314040.0,40326.0
2022-10-31 10:55:00,3879.0,3884.0,3871.0,3871.0,141.0,5471020.0,40315.0
2022-10-31 11:00:00,3871.0,3874.0,3864.0,3864.0,31.0,1199520.0,40315.0
2022-10-31 11:05:00,3864.0,3864.0,3854.0,3857.0,135.0,5209460.0,40334.0
2022-10-31 11:10:00,3861.0,3861.0,3850.0,3853.0,128.0,4933170.0,40391.0
2022-10-31 11:15:00,3858.0,3861.0,3851.0,3859.0,34.0,1311100.0,40391.0
2022-10-31 11:20:00,3859.0,3859.0,3847.0,3853.0,20.0,769870.0,40399.0
2022-10-31 11:25:00,3853.0,3859.0,3850.0,3854.0,51.0,1965000.0,40389.0
2022-10-31 13:30:00,3854.0,3854.0,3842.0,3843.0,52.0,2000190.0,40394.0
2022-10-31 13:35:00,3843.0,3843.0,3837.0,3839.0,95.0,3648340.0,40424.0
2022-10-31 13:40:00,3837.0,3844.0,3837.0,3841.0,18.0,691610.0,40418.0
2022-10-31 13:45:00,3840.0,3848.0,3837.0,3837.0,28.0,1075460.0,40413.0
2022-10-31 13:50:00,3837.0,3839.0,3835.0,3839.0,10.0,383670.0,40418.0
2022-10-31 13:55:00,3838.0,3840.0,3835.0,3840.0,21.0,805640.0,40407.0
2022-10-31 14:00:00,3838.0,3838.0,3825.0,3828.0,292.0,11184880.0,40546.0
2022-10-31 14:05:00,3828.0,3828.0,3828.0,3828.0,37.0,1416370.0,40547.0
2022-10-31 14:10:00,3828.0,3828.0,3819.0,3827.0,142.0,5429020.0,40612.0
2022-10-31 14:15:00,3828.0,3837.0,3828.0,3832.0,133.0,5100450.0,40654.0
2022-10-31 14:20:00,3831.0,3831.0,3825.0,3828.0,75.0,2871040.0,40691.0
2022-10-31 14:25:00,3830.0,3833.0,3828.0,3831.0,88.0,3369950.0,40703.0
2022-10-31 14:30:00,3827.0,3834.0,3826.0,3833.0,253.0,9690190.0,40903.0
2022-10-31 14:35:00,3827.0,3830.0,3827.0,3830.0,8.0,306270.0,40902.0
2022-10-31 14:40:00,3828.0,3829.0,3825.0,3828.0,173.0,6620250.0,40970.0
2022-10-31 14:45:00,3828.0,3835.0,3828.0,3833.0,148.0,5674020.0,40969.0
2022-10-31 14:50:00,3835.0,3840.0,3835.0,3838.0,35.0,1342870.0,40955.0
2022-10-31 14:55:00,3840.0,3847.0,3837.0,3837.0,182.0,6991010.0,40806.0
2022-10-31 21:00:00,3853.0,3853.0,3813.0,3816.0,438.0,16766160.0,40873.0
2022-10-31 21:05:00,3814.0,3823.0,3808.0,3818.0,325.0,12402110.0,41059.0
2022-10-31 21:10:00,3815.0,3817.0,3801.0,3802.0,283.0,10774300.0,41112.0
2022-10-31 21:15:00,3801.0,3803.0,3795.0,3799.0,502.0,19076940.0,41467.0
2022-10-31 21:20:00,3799.0,3801.0,3795.0,3800.0,350.0,13291930.0,41706.0
2022-10-31 21:25:00,3799.0,3808.0,3799.0,3803.0,117.0,4450440.0,41713.0
2022-10-31 21:30:00,3804.0,3811.0,3797.0,3807.0,170.0,6465600.0,41777.0
2022-10-31 21:35:00,3808.0,3815.0,3807.0,3815.0,232.0,8842130.0,41898.0
2022-10-31 21:40:00,3815.0,3815.0,3804.0,3814.0,113.0,4302270.0,41956.0
2022-10-31 21:45:00,3816.0,3831.0,3816.0,3820.0,145.0,5543170.0,41931.0
2022-10-31 21:50:00,3820.0,3822.0,3813.0,3822.0,218.0,8323490.0,41987.0
2022-10-31 21:55:00,3823.0,3824.0,3817.0,3817.0,184.0,7032130.0,42081.0
2022-10-31 22:00:00,3816.0,3817.0,3807.0,3807.0,73.0,2783380.0,42128.0
2022-10-31 22:05:00,3806.0,3810.0,3805.0,3805.0,73.0,2779270.0,42188.0
2022-10-31 22:10:00,3805.0,3809.0,3800.0,3807.0,122.0,4638130.0,42174.0
2022-10-31 22:15:00,3806.0,3814.0,3800.0,3806.0,241.0,9168940.0,42220.0
2022-10-31 22:20:00,3808.0,3811.0,3805.0,3808.0,24.0,913820.0,42234.0
2022-10-31 22:25:00,3809.0,3809.0,3804.0,3805.0,42.0,1598390.0,42258.0
2022-10-31 22:30:00,3807.0,3808.0,3788.0,3788.0,290.0,11004930.0,42480.0
2022-10-31 22:35:00,3788.0,3796.0,3788.0,3795.0,174.0,6595180.0,42498.0
2022-10-31 22:40:00,3796.0,3803.0,3793.0,3803.0,118.0,4481380.0,42543.0
2022-10-31 22:45:00,3803.0,3814.0,3798.0,3814.0,107.0,4072690.0,42487.0
2022-10-31 22:50:00,3814.0,3814.0,3808.0,3809.0,50.0,1905530.0,42510.0
2022-10-31 22:55:00,3809.0,3809.0,3804.0,3806.0,40.0,1522480.0,42505.0
2022-11-01 09:00:00,3801.0,3813.0,3800.0,3811.0,203.0,7729120.0,42508.0
2022-11-01 09:05:00,3813.0,3829.0,3813.0,3823.0,107.0,4088890.0,42501.0
2022-11-01 09:10:00,3822.0,3835.0,3819.0,3830.0,304.0,11643070.0,42453.0
2022-11-01 09:15:00,3830.0,3833.0,3824.0,3829.0,133.0,5090720.0,42406.0
2022-11-01 09:20:00,3827.0,3832.0,3822.0,3831.0,145.0,5550970.0,42386.0
2022-11-01 09:25:00,3831.0,3833.0,3826.0,3830.0,109.0,4174630.0,42419.0
2022-11-01 09:30:00,3830.0,3833.0,3825.0,3827.0,63.0,2411370.0,42461.0
2022-11-01 09:35:00,3831.0,3833.0,3821.0,3822.0,80.0,3059450.0,42515.0
2022-11-01 09:40:00,3820.0,3823.0,3817.0,3821.0,117.0,4470120.0,42568.0
2022-11-01 09:45:00,3821.0,3826.0,3821.0,3822.0,137.0,5236740.0,42693.0
2022-11-01 09:50:00,3821.0,3821.0,3809.0,3809.0,145.0,5530010.0,42788.0
2022-11-01 09:55:00,3808.0,3819.0,3808.0,3814.0,151.0,5757600.0,42914.0
2022-11-01 10:00:00,3815.0,3824.0,3815.0,3820.0,59.0,2254770.0,42898.0
2022-11-01 10:05:00,3819.0,3830.0,3819.0,3830.0,79.0,3022950.0,42929.0
2022-11-01 10:10:00,3828.0,3834.0,3823.0,3834.0,100.0,3829360.0,42927.0
2022-11-01 10:30:00,3832.0,3853.0,3832.0,3850.0,311.0,11949220.0,42829.0
2022-11-01 10:35:00,3851.0,3857.0,3850.0,3851.0,195.0,7513270.0,42882.0
2022-11-01 10:40:00,3849.0,3851.0,3843.0,3845.0,171.0,6578470.0,42902.0
2022-11-01 10:45:00,3842.0,3849.0,3842.0,3846.0,236.0,9076720.0,42820.0
2022-11-01 10:50:00,3846.0,3846.0,3840.0,3843.0,64.0,2459540.0,42867.0
2022-11-01 10:55:00,3843.0,3844.0,3840.0,3840.0,43.0,1652280.0,42879.0
2022-11-01 11:00:00,3840.0,3840.0,3834.0,3838.0,211.0,8098330.0,42975.0
2022-11-01 11:05:00,3836.0,3843.0,3836.0,3842.0,71.0,2726270.0,42974.0
2022-11-01 11:10:00,3841.0,3842.0,3835.0,3837.0,68.0,2608400.0,42985.0
2022-11-01 11:15:00,3835.0,3839.0,3833.0,3839.0,93.0,3567020.0,43051.0
2022-11-01 11:20:00,3838.0,3839.0,3830.0,3833.0,76.0,2913580.0,43088.0
2022-11-01 11:25:00,3832.0,3834.0,3826.0,3832.0,87.0,3332090.0,43106.0
2022-11-01 13:30:00,3830.0,3842.0,3830.0,3840.0,144.0,5527280.0,43147.0
2022-11-01 13:35:00,3841.0,3845.0,3837.0,3841.0,38.0,1460200.0,43170.0
2022-11-01 13:40:00,3840.0,3840.0,3832.0,3837.0,98.0,3758920.0,43221.0
2022-11-01 13:45:00,3839.0,3839.0,3832.0,3837.0,33.0,1265550.0,43234.0
2022-11-01 13:50:00,3839.0,3843.0,3836.0,3837.0,53.0,2035160.0,43251.0
2022-11-01 13:55:00,3837.0,3838.0,3834.0,3836.0,56.0,2148130.0,43271.0
2022-11-01 14:00:00,3835.0,3841.0,3835.0,3841.0,52.0,1995690.0,43274.0
2022-11-01 14:05:00,3842.0,3849.0,3841.0,3848.0,177.0,6805740.0,43394.0
2022-11-01 14:10:00,3848.0,3860.0,3848.0,3859.0,351.0,13530010.0,43513.0
2022-11-01 14:15:00,3859.0,3869.0,3857.0,3865.0,224.0,8653240.0,43484.0
2022-11-01 14:20:00,3865.0,3883.0,3863.0,3880.0,342.0,13257230.0,43513.0
2022-11-01 14:25:00,3878.0,3879.0,3870.0,3877.0,159.0,6158340.0,43461.0
2022-11-01 14:30:00,3877.0,3877.0,3863.0,3864.0,167.0,6462250.0,43494.0
2022-11-01 14:35:00,3867.0,3874.0,3861.0,3870.0,303.0,11726490.0,43633.0
2022-11-01 14:40:00,3870.0,3875.0,3867.0,3870.0,252.0,9753400.0,43723.0
2022-11-01 14:45:00,3868.0,3873.0,3866.0,3871.0,91.0,3520200.0,43755.0
2022-11-01 14:50:00,3871.0,3872.0,3865.0,3866.0,195.0,7541780.0,43878.0
2022-11-01 14:55:00,3866.0,3874.0,3861.0,3870.0,380.0,14685610.0,44073.0
2022-11-01 21:00:00,3899.0,3899.0,3856.0,3856.0,1205.0,46553620.0,44768.0
2022-11-01 21:05:00,3857.0,3859.0,3836.0,3838.0,590.0,22694480.0,45108.0
2022-11-01 21:10:00,3838.0,3844.0,3835.0,3838.0,546.0,20958190.0,45427.0
2022-11-01 21:15:00,3838.0,3839.0,3822.0,3823.0,444.0,17003750.0,45680.0
2022-11-01 21:20:00,3822.0,3824.0,3815.0,3816.0,335.0,12790140.0,45867.0
2022-11-01 21:25:00,3817.0,3823.0,3812.0,3816.0,266.0,10150870.0,45989.0
2022-11-01 21:30:00,3816.0,3822.0,3816.0,3818.0,731.0,27923460.0,46491.0
2022-11-01 21:35:00,3817.0,3817.0,3806.0,3813.0,254.0,9681940.0,46568.0
2022-11-01 21:40:00,3814.0,3820.0,3811.0,3820.0,202.0,7710110.0,46608.0
2022-11-01 21:45:00,3818.0,3834.0,3818.0,3831.0,142.0,5434380.0,46602.0
2022-11-01 21:50:00,3830.0,3841.0,3825.0,3828.0,133.0,5097780.0,46611.0
2022-11-01 21:55:00,3828.0,3829.0,3821.0,3826.0,159.0,6077940.0,46544.0
2022-11-01 22:00:00,3821.0,3830.0,3821.0,3827.0,188.0,7196240.0,46634.0
2022-11-01 22:05:00,3829.0,3831.0,3822.0,3826.0,46.0,1760630.0,46625.0
2022-11-01 22:10:00,3828.0,3843.0,3827.0,3838.0,138.0,5290400.0,46605.0
2022-11-01 22:15:00,3837.0,3842.0,3832.0,3833.0,111.0,4259570.0,46609.0
2022-11-01 22:20:00,3831.0,3838.0,3828.0,3838.0,60.0,2300500.0,46621.0
2022-11-01 22:25:00,3838.0,3838.0,3830.0,3836.0,51.0,1954520.0,46632.0
2022-11-01 22:30:00,3835.0,3853.0,3835.0,3851.0,100.0,3846740.0,46600.0
2022-11-01 22:35:00,3848.0,3849.0,3845.0,3847.0,41.0,1577520.0,46601.0
2022-11-01 22:40:00,3845.0,3847.0,3840.0,3846.0,52.0,1998900.0,46616.0
2022-11-01 22:45:00,3848.0,3856.0,3846.0,3855.0,52.0,2003120.0,46577.0
2022-11-01 22:50:00,3855.0,3855.0,3849.0,3850.0,76.0,2928190.0,46560.0
2022-11-01 22:55:00,3851.0,3855.0,3845.0,3849.0,89.0,3425840.0,46548.0
2022-11-02 09:00:00,3848.0,3857.0,3847.0,3850.0,189.0,7282810.0,46599.0
2022-11-02 09:05:00,3851.0,3857.0,3838.0,3840.0,167.0,6424340.0,46635.0
2022-11-02 09:10:00,3840.0,3851.0,3839.0,3850.0,42.0,1615190.0,46617.0
2022-11-02 09:15:00,3852.0,3877.0,3852.0,3872.0,409.0,15819560.0,46584.0
2022-11-02 09:20:00,3871.0,3897.0,3871.0,3893.0,483.0,18780530.0,46666.0
2022-11-02 09:25:00,3893.0,3894.0,3877.0,3885.0,220.0,8549370.0,46641.0
2022-11-02 09:30:00,3886.0,3910.0,3886.0,3905.0,382.0,14907360.0,46593.0
2022-11-02 09:35:00,3905.0,3915.0,3895.0,3901.0,381.0,14868030.0,46531.0
2022-11-02 09:40:00,3901.0,3901.0,3891.0,3895.0,281.0,10949940.0,46624.0
2022-11-02 09:45:00,3895.0,3898.0,3885.0,3898.0,734.0,28564380.0,46891.0
2022-11-02 09:50:00,3898.0,3898.0,3879.0,3884.0,639.0,24814570.0,46933.0
2022-11-02 09:55:00,3884.0,3892.0,3879.0,3892.0,546.0,21193210.0,46951.0
2022-11-02 10:00:00,3892.0,3898.0,3883.0,3883.0,63.0,2451240.0,46948.0
2022-11-02 10:05:00,3883.0,3883.0,3873.0,3880.0,157.0,6085730.0,46958.0
2022-11-02 10:10:00,3879.0,3881.0,3874.0,3881.0,128.0,4965270.0,46974.0
2022-11-02 10:30:00,3881.0,3888.0,3875.0,3886.0,384.0,14907410.0,47052.0
2022-11-02 10:35:00,3887.0,3895.0,3885.0,3895.0,144.0,5598840.0,47122.0
2022-11-02 10:40:00,3891.0,3903.0,3891.0,3903.0,476.0,18547360.0,47325.0
2022-11-02 10:45:00,3904.0,3909.0,3896.0,3900.0,149.0,5815830.0,47347.0
2022-11-02 10:50:00,3900.0,3906.0,3900.0,3900.0,144.0,5619070.0,47322.0
2022-11-02 10:55:00,3901.0,3907.0,3897.0,3902.0,164.0,6397850.0,47234.0
2022-11-02 11:00:00,3902.0,3903.0,3893.0,3896.0,471.0,18348360.0,47404.0
2022-11-02 11:05:00,3899.0,3904.0,3897.0,3903.0,319.0,12445160.0,47496.0
2022-11-02 11:10:00,3902.0,3917.0,3902.0,3917.0,231.0,9028270.0,47536.0
2022-11-02 11:15:00,3917.0,3922.0,3914.0,3920.0,255.0,9993200.0,47443.0
2022-11-02 11:20:00,3920.0,3925.0,3917.0,3919.0,80.0,3136090.0,47430.0
2022-11-02 11:25:00,3918.0,3927.0,3917.0,3927.0,109.0,4273650.0,47406.0
2022-11-02 13:30:00,3927.0,3940.0,3927.0,3940.0,496.0,19511600.0,47361.0
2022-11-02 13:35:00,3941.0,3941.0,3917.0,3925.0,307.0,12061450.0,47329.0
2022-11-02 13:40:00,3927.0,3927.0,3917.0,3924.0,143.0,5606890.0,47364.0
2022-11-02 13:45:00,3925.0,3925.0,3916.0,3918.0,166.0,6507080.0,47456.0
2022-11-02 13:50:00,3916.0,3917.0,3909.0,3909.0,180.0,7043050.0,47481.0
2022-11-02 13:55:00,3909.0,3913.0,3900.0,3911.0,220.0,8590990.0,47562.0
2022-11-02 14:00:00,3913.0,3916.0,3907.0,3907.0,78.0,3051040.0,47569.0
2022-11-02 14:05:00,3905.0,3912.0,3905.0,3912.0,22.0,860040.0,47570.0
2022-11-02 14:10:00,3911.0,3913.0,3903.0,3913.0,520.0,20325970.0,47544.0
2022-11-02 14:15:00,3913.0,3917.0,3910.0,3914.0,155.0,6063970.0,47488.0
2022-11-02 14:20:00,3911.0,3916.0,3908.0,3908.0,79.0,3091090.0,47502.0
2022-11-02 14:25:00,3907.0,3910.0,3902.0,3908.0,83.0,3240890.0,47492.0
2022-11-02 14:30:00,3911.0,3913.0,3901.0,3902.0,50.0,1952720.0,47483.0
2022-11-02 14:35:00,3902.0,3908.0,3902.0,3907.0,72.0,2810900.0,47486.0
2022-11-02 14:40:00,3907.0,3915.0,3906.0,3912.0,26.0,1016940.0,47474.0
2022-11-02 14:45:00,3911.0,3922.0,3910.0,3914.0,141.0,5525140.0,47390.0
2022-11-02 14:50:00,3911.0,3913.0,3907.0,3911.0,72.0,2815380.0,47416.0
2022-11-02 14:55:00,3909.0,3918.0,3909.0,3912.0,157.0,6143960.0,47454.0
2022-11-02 21:00:00,3900.0,3933.0,3900.0,3921.0,385.0,15103290.0,47427.0
2022-11-02 21:05:00,3921.0,3932.0,3921.0,3926.0,174.0,6831960.0,47439.0
2022-11-02 21:10:00,3926.0,3926.0,3906.0,3916.0,172.0,6734350.0,47461.0
2022-11-02 21:15:00,3919.0,3921.0,3917.0,3920.0,62.0,2429880.0,47453.0
2022-11-02 21:20:00,3920.0,3922.0,3905.0,3905.0,208.0,8135490.0,47462.0
2022-11-02 21:25:00,3907.0,3907.0,3896.0,3896.0,176.0,6860370.0,47449.0
2022-11-02 21:30:00,3895.0,3902.0,3892.0,3898.0,192.0,7480530.0,47453.0
2022-11-02 21:35:00,3898.0,3907.0,3897.0,3905.0,188.0,7335840.0,47364.0
2022-11-02 21:40:00,3908.0,3923.0,3907.0,3923.0,156.0,6106260.0,47302.0
2022-11-02 21:45:00,3919.0,3936.0,3919.0,3926.0,179.0,7033500.0,47369.0
2022-11-02 21:50:00,3926.0,3932.0,3923.0,3927.0,103.0,4045530.0,47352.0
2022-11-02 21:55:00,3924.0,3929.0,3922.0,3925.0,55.0,2159150.0,47363.0
2022-11-02 22:00:00,3921.0,3921.0,3914.0,3919.0,47.0,1841350.0,47381.0
2022-11-02 22:05:00,3923.0,3932.0,3923.0,3926.0,49.0,1924140.0,47371.0
2022-11-02 22:10:00,3926.0,3930.0,3923.0,3930.0,53.0,2082120.0,47326.0
2022-11-02 22:15:00,3932.0,3932.0,3926.0,3930.0,31.0,1218080.0,47325.0
2022-11-02 22:20:00,3929.0,3931.0,3920.0,3924.0,58.0,2277070.0,47312.0
2022-11-02 22:25:00,3926.0,3933.0,3926.0,3931.0,47.0,1848070.0,47270.0
2022-11-02 22:30:00,3929.0,3937.0,3925.0,3930.0,83.0,3264280.0,47246.0
2022-11-02 22:35:00,3928.0,3929.0,3923.0,3923.0,47.0,1845480.0,47247.0
2022-11-02 22:40:00,3925.0,3928.0,3925.0,3928.0,37.0,1452640.0,47233.0
2022-11-02 22:45:00,3930.0,3934.0,3930.0,3930.0,13.0,511080.0,47229.0
2022-11-02 22:50:00,3930.0,3930.0,3927.0,3927.0,11.0,432250.0,47228.0
2022-11-02 22:55:00,3930.0,3931.0,3926.0,3926.0,47.0,1846000.0,47223.0
2022-11-03 09:00:00,3925.0,3926.0,3909.0,3921.0,248.0,9711260.0,47369.0
2022-11-03 09:05:00,3919.0,3940.0,3919.0,3931.0,156.0,6135780.0,47332.0
2022-11-03 09:10:00,3933.0,3955.0,3931.0,3944.0,361.0,14235680.0,47446.0
2022-11-03 09:15:00,3943.0,3946.0,3933.0,3936.0,327.0,12884060.0,47523.0
2022-11-03 09:20:00,3934.0,3934.0,3927.0,3931.0,140.0,5502260.0,47521.0
2022-11-03 09:25:00,3928.0,3933.0,3924.0,3926.0,78.0,3066360.0,47572.0
2022-11-03 09:30:00,3926.0,3940.0,3920.0,3940.0,227.0,8922420.0,47643.0
2022-11-03 09:35:00,3937.0,3943.0,3935.0,3938.0,25.0,984770.0,47640.0
2022-11-03 09:40:00,3939.0,3944.0,3938.0,3942.0,71.0,2797720.0,47658.0
2022-11-03 09:45:00,3939.0,3941.0,3929.0,3935.0,104.0,4090440.0,47683.0
2022-11-03 09:50:00,3935.0,3935.0,3925.0,3926.0,68.0,2672030.0,47707.0
2022-11-03 09:55:00,3926.0,3926.0,3916.0,3922.0,280.0,10981960.0,47849.0
2022-11-03 10:00:00,3925.0,3925.0,3914.0,3921.0,49.0,1920760.0,47876.0
2022-11-03 10:05:00,3921.0,3922.0,3912.0,3912.0,60.0,2349250.0,47923.0
2022-11-03 10:10:00,3912.0,3921.0,3911.0,3921.0,73.0,2857310.0,47978.0
2022-11-03 10:30:00,3921.0,3927.0,3915.0,3924.0,55.0,2157340.0,47987.0
2022-11-03 10:35:00,3924.0,3924.0,3915.0,3915.0,105.0,4117890.0,48017.0
2022-11-03 10:40:00,3915.0,3920.0,3913.0,3915.0,110.0,4307790.0,48044.0
2022-11-03 10:45:00,3916.0,3920.0,3915.0,3916.0,16.0,626840.0,48040.0
2022-11-03 10:50:00,3916.0,3923.0,3916.0,3920.0,228.0,8937730.0,48172.0
2022-11-03 10:55:00,3920.0,3924.0,3917.0,3918.0,113.0,4428030.0,48196.0
2022-11-03 11:00:00,3918.0,3922.0,3916.0,3922.0,34.0,1332630.0,48197.0
2022-11-03 11:05:00,3922.0,3922.0,3917.0,3922.0,17.0,666090.0,48194.0
2022-11-03 11:10:00,3924.0,3924.0,3920.0,3922.0,116.0,4549470.0,48130.0
2022-11-03 11:15:00,3924.0,3937.0,3924.0,3929.0,156.0,6131460.0,48017.0
2022-11-03 11:20:00,3929.0,3943.0,3929.0,3940.0,190.0,7481580.0,48027.0
2022-11-03 11:25:00,3944.0,3945.0,3938.0,3938.0,53.0,2089030.0,48020.0
2022-11-03 13:30:00,3937.0,3945.0,3936.0,3940.0,86.0,3390000.0,48011.0
2022-11-03 13:35:00,3938.0,3943.0,3937.0,3941.0,108.0,4254830.0,47997.0
2022-11-03 13:40:00,3943.0,3955.0,3943.0,3948.0,339.0,13397880.0,47965.0
2022-11-03 13:45:00,3947.0,3947.0,3934.0,3936.0,97.0,3818900.0,47957.0
2022-11-03 13:50:00,3935.0,3941.0,3932.0,3937.0,144.0,5665430.0,47974.0
2022-11-03 13:55:00,3938.0,3939.0,3932.0,3939.0,34.0,1337800.0,47994.0
2022-11-03 14:00:00,3937.0,3937.0,3934.0,3935.0,23.0,905170.0,47999.0
2022-11-03 14:05:00,3935.0,3937.0,3934.0,3934.0,12.0,472110.0,48002.0
2022-11-03 14:10:00,3938.0,3939.0,3935.0,3938.0,8.0,315020.0,48003.0
2022-11-03 14:15:00,3938.0,3943.0,3937.0,3943.0,14.0,551610.0,47998.0
2022-11-03 14:20:00,3940.0,3940.0,3931.0,3936.0,32.0,1259040.0,47997.0
2022-11-03 14:25:00,3937.0,3945.0,3937.0,3945.0,25.0,985920.0,48004.0
2022-11-03 14:30:00,3945.0,3955.0,3945.0,3949.0,223.0,8816510.0,47911.0
2022-11-03 14:35:00,3948.0,3953.0,3948.0,3949.0,63.0,2488280.0,47947.0
2022-11-03 14:40:00,3950.0,3968.0,3950.0,3968.0,312.0,12351390.0,47937.0
2022-11-03 14:45:00,3968.0,3970.0,3957.0,3962.0,430.0,17037720.0,47953.0
2022-11-03 14:50:00,3962.0,3971.0,3960.0,3963.0,265.0,10504110.0,47969.0
2022-11-03 14:55:00,3963.0,3971.0,3959.0,3971.0,182.0,7219010.0,47913.0
2022-11-03 21:00:00,3950.0,3960.0,3939.0,3960.0,465.0,18359150.0,47760.0
2022-11-03 21:05:00,3960.0,3960.0,3946.0,3953.0,189.0,7468330.0,47751.0
2022-11-03 21:10:00,3953.0,3955.0,3950.0,3955.0,82.0,3242510.0,47753.0
2022-11-03 21:15:00,3955.0,3960.0,3952.0,3956.0,46.0,1819710.0,47743.0
2022-11-03 21:20:00,3953.0,3955.0,3944.0,3948.0,172.0,6792270.0,47846.0
2022-11-03 21:25:00,3946.0,3951.0,3944.0,3945.0,74.0,2919720.0,47895.0
2022-11-03 21:30:00,3945.0,3950.0,3943.0,3950.0,32.0,1262560.0,47901.0
2022-11-03 21:35:00,3950.0,3960.0,3949.0,3957.0,442.0,17472780.0,48103.0
2022-11-03 21:40:00,3956.0,3963.0,3956.0,3960.0,50.0,1980250.0,48118.0
2022-11-03 21:45:00,3959.0,3960.0,3955.0,3958.0,223.0,8827480.0,48101.0
2022-11-03 21:50:00,3958.0,3958.0,3950.0,3954.0,42.0,1660160.0,48120.0
2022-11-03 21:55:00,3954.0,3954.0,3951.0,3954.0,24.0,948930.0,48123.0
2022-11-03 22:00:00,3951.0,3957.0,3948.0,3955.0,48.0,1896860.0,48128.0
2022-11-03 22:05:00,3955.0,3958.0,3950.0,3950.0,8.0,316240.0,48128.0
2022-11-03 22:10:00,3950.0,3953.0,3949.0,3953.0,16.0,632030.0,48135.0
2022-11-03 22:15:00,3954.0,3954.0,3951.0,3952.0,17.0,672000.0,48150.0
2022-11-03 22:20:00,3954.0,3954.0,3948.0,3950.0,19.0,750760.0,48158.0
2022-11-03 22:25:00,3949.0,3955.0,3949.0,3955.0,30.0,1185860.0,48132.0
2022-11-03 22:30:00,3955.0,3958.0,3954.0,3954.0,50.0,1978160.0,48113.0
2022-11-03 22:35:00,3954.0,3956.0,3954.0,3956.0,3.0,118660.0,48113.0
2022-11-03 22:40:00,3958.0,3966.0,3958.0,3966.0,123.0,4874330.0,48145.0
2022-11-03 22:45:00,3966.0,3977.0,3963.0,3975.0,112.0,4447890.0,48148.0
2022-11-03 22:50:00,3979.0,3979.0,3974.0,3974.0,81.0,3220720.0,48129.0
2022-11-03 22:55:00,3973.0,3974.0,3964.0,3964.0,72.0,2858270.0,48122.0
2022-11-04 09:00:00,3968.0,3969.0,3958.0,3961.0,602.0,23859290.0,48333.0
2022-11-04 09:05:00,3961.0,3971.0,3959.0,3971.0,95.0,3764730.0,48339.0
2022-11-04 09:10:00,3971.0,3971.0,3964.0,3971.0,63.0,2499800.0,48371.0
2022-11-04 09:15:00,3971.0,3973.0,3965.0,3966.0,314.0,12470330.0,48167.0
2022-11-04 09:20:00,3966.0,3969.0,3963.0,3963.0,56.0,2220450.0,48180.0
2022-11-04 09:25:00,3966.0,3971.0,3961.0,3970.0,26.0,1030980.0,48185.0
2022-11-04 09:30:00,3970.0,3975.0,3970.0,3971.0,23.0,913800.0,48186.0
2022-11-04 09:35:00,3975.0,3978.0,3970.0,3970.0,44.0,1748330.0,48180.0
2022-11-04 09:40:00,3973.0,3974.0,3967.0,3971.0,71.0,2818820.0,48208.0
2022-11-04 09:45:00,3971.0,3977.0,3971.0,3976.0,67.0,2662250.0,48228.0
2022-11-04 09:50:00,3976.0,3979.0,3970.0,3979.0,149.0,5924130.0,48236.0
2022-11-04 09:55:00,3980.0,3980.0,3968.0,3977.0,117.0,4650210.0,48282.0
2022-11-04 10:00:00,3976.0,3978.0,3968.0,3972.0,202.0,8024110.0,48341.0
2022-11-04 10:05:00,3972.0,3975.0,3970.0,3975.0,64.0,2542480.0,48362.0
2022-11-04 10:10:00,3972.0,3972.0,3966.0,3966.0,30.0,1190590.0,48369.0
2022-11-04 10:30:00,3966.0,3975.0,3966.0,3975.0,97.0,3850520.0,48380.0
2022-11-04 10:35:00,3971.0,3996.0,3971.0,3991.0,415.0,16539500.0,48523.0
2022-11-04 10:40:00,3994.0,3995.0,3988.0,3991.0,66.0,2634660.0,48496.0
2022-11-04 10:45:00,3989.0,3994.0,3985.0,3986.0,63.0,2512110.0,48509.0
2022-11-04 10:50:00,3985.0,3993.0,3985.0,3990.0,160.0,6382530.0,48551.0
2022-11-04 10:55:00,3991.0,3992.0,3989.0,3992.0,82.0,3272080.0,48581.0
2022-11-04 11:00:00,3993.0,4002.0,3993.0,3998.0,345.0,13793320.0,48523.0
2022-11-04 11:05:00,3999.0,4003.0,3997.0,4000.0,105.0,4200620.0,48519.0
2022-11-04 11:10:00,4000.0,4006.0,4000.0,4006.0,184.0,7366540.0,48580.0
2022-11-04 11:15:00,4008.0,4014.0,4005.0,4011.0,468.0,18759370.0,48539.0
2022-11-04 11:20:00,4012.0,4015.0,4008.0,4015.0,105.0,4213090.0,48562.0
2022-11-04 11:25:00,4015.0,4015.0,4005.0,4007.0,50.0,2005220.0,48584.0
2022-11-04 13:30:00,4014.0,4027.0,4014.0,4023.0,1008.0,40517540.0,48434.0
2022-11-04 13:35:00,4023.0,4031.0,4022.0,4026.0,341.0,13728090.0,48396.0
2022-11-04 13:40:00,4027.0,4028.0,4014.0,4019.0,117.0,4706170.0,48382.0
2022-11-04 13:45:00,4019.0,4020.0,4011.0,4017.0,94.0,3775390.0,48398.0
2022-11-04 13:50:00,4018.0,4020.0,4013.0,4019.0,188.0,7550520.0,48517.0
2022-11-04 13:55:00,4020.0,4021.0,4016.0,4019.0,111.0,4461620.0,48551.0
2022-11-04 14:00:00,4020.0,4021.0,4012.0,4014.0,149.0,5981850.0,48604.0
2022-11-04 14:05:00,4015.0,4019.0,4012.0,4017.0,502.0,20160560.0,48929.0
2022-11-04 14:10:00,4018.0,4020.0,4000.0,4006.0,219.0,8772320.0,48999.0
2022-11-04 14:15:00,4009.0,4014.0,4006.0,4007.0,98.0,3928440.0,49032.0
2022-11-04 14:20:00,4005.0,4005.0,3994.0,3996.0,139.0,5559550.0,49026.0
2022-11-04 14:25:00,3996.0,4005.0,3996.0,4005.0,435.0,17394620.0,49131.0
2022-11-04 14:30:00,4004.0,4008.0,4002.0,4005.0,50.0,2002560.0,49147.0
2022-11-04 14:35:00,4006.0,4008.0,4003.0,4007.0,31.0,1241710.0,49154.0
2022-11-04 14:40:00,4006.0,4009.0,4002.0,4009.0,88.0,3526570.0,49164.0
2022-11-04 14:45:00,4009.0,4011.0,4007.0,4011.0,33.0,1323290.0,49148.0
2022-11-04 14:50:00,4011.0,4013.0,4007.0,4013.0,68.0,2726220.0,49139.0
2022-11-04 14:55:00,4013.0,4013.0,4006.0,4006.0,255.0,10222610.0,49083.0
2022-11-04 21:00:00,4024.0,4050.0,4022.0,4037.0,634.0,25607650.0,49081.0
2022-11-04 21:05:00,4037.0,4039.0,4016.0,4025.0,1146.0,46186520.0,49096.0
2022-11-04 21:10:00,4026.0,4037.0,4021.0,4035.0,314.0,12649760.0,49106.0
2022-11-04 21:15:00,4035.0,4037.0,4022.0,4022.0,79.0,3180800.0,49087.0
2022-11-04 21:20:00,4022.0,4022.0,4011.0,4011.0,105.0,4215160.0,49056.0
2022-11-04 21:25:00,4014.0,4014.0,3992.0,4000.0,295.0,11807520.0,49181.0
2022-11-04 21:30:00,4001.0,4001.0,3987.0,3992.0,236.0,9420300.0,49284.0
2022-11-04 21:35:00,3992.0,3997.0,3992.0,3997.0,53.0,2116690.0,49318.0
2022-11-04 21:40:00,3996.0,3996.0,3980.0,3992.0,237.0,9451560.0,49441.0
2022-11-04 21:45:00,3990.0,3991.0,3976.0,3979.0,438.0,17447260.0,49478.0
2022-11-04 21:50:00,3979.0,3986.0,3975.0,3985.0,189.0,7522160.0,49537.0
2022-11-04 21:55:00,3985.0,3992.0,3984.0,3988.0,216.0,8615620.0,49591.0
2022-11-04 22:00:00,3988.0,3989.0,3973.0,3974.0,385.0,15331240.0,49522.0
2022-11-04 22:05:00,3976.0,3983.0,3974.0,3983.0,62.0,2467000.0,49543.0
2022-11-04 22:10:00,3983.0,3983.0,3977.0,3982.0,413.0,16428050.0,49257.0
2022-11-04 22:15:00,3983.0,3989.0,3983.0,3988.0,93.0,3707210.0,49270.0
2022-11-04 22:20:00,3989.0,3999.0,3989.0,3999.0,91.0,3634590.0,49281.0
2022-11-04 22:25:00,3996.0,3998.0,3993.0,3998.0,78.0,3115930.0,49243.0
2022-11-04 22:30:00,3997.0,4006.0,3993.0,3995.0,84.0,3360410.0,49224.0
2022-11-04 22:35:00,3997.0,3997.0,3988.0,3991.0,30.0,1197390.0,49239.0
2022-11-04 22:40:00,3995.0,3998.0,3992.0,3994.0,48.0,1917060.0,49206.0
2022-11-04 22:45:00,3996.0,3998.0,3984.0,3986.0,103.0,4106910.0,49207.0
2022-11-04 22:50:00,3987.0,3989.0,3984.0,3988.0,35.0,1395350.0,49205.0
2022-11-04 22:55:00,3989.0,3991.0,3987.0,3990.0,94.0,3749030.0,49176.0
2022-11-07 09:00:00,3978.0,3978.0,3948.0,3961.0,865.0,34261380.0,49354.0
2022-11-07 09:05:00,3960.0,3961.0,3943.0,3944.0,446.0,17629000.0,49500.0
2022-11-07 09:10:00,3944.0,3956.0,3944.0,3950.0,170.0,6715700.0,49497.0
2022-11-07 09:15:00,3949.0,3967.0,3947.0,3960.0,220.0,8715710.0,49411.0
2022-11-07 09:20:00,3958.0,3962.0,3953.0,3961.0,105.0,4155350.0,49406.0
2022-11-07 09:25:00,3961.0,3961.0,3952.0,3957.0,112.0,4427740.0,49406.0
2022-11-07 09:30:00,3957.0,3967.0,3955.0,3965.0,53.0,2099900.0,49400.0
2022-11-07 09:35:00,3961.0,3977.0,3961.0,3972.0,222.0,8816000.0,49300.0
2022-11-07 09:40:00,3970.0,3970.0,3962.0,3969.0,53.0,2102030.0,49295.0
2022-11-07 09:45:00,3971.0,3971.0,3963.0,3968.0,65.0,2577300.0,49301.0
2022-11-07 09:50:00,3969.0,3972.0,3952.0,3953.0,108.0,4278330.0,49281.0
2022-11-07 09:55:00,3955.0,3957.0,3951.0,3952.0,181.0,7153300.0,49424.0
2022-11-07 10:00:00,3952.0,3957.0,3947.0,3948.0,151.0,5965190.0,49522.0
2022-11-07 10:05:00,3949.0,3951.0,3941.0,3945.0,264.0,10422200.0,49627.0
2022-11-07 10:10:00,3944.0,3944.0,3934.0,3936.0,249.0,9805970.0,49687.0
2022-11-07 10:30:00,3935.0,3945.0,3935.0,3944.0,205.0,8081460.0,49676.0
2022-11-07 10:35:00,3941.0,3950.0,3939.0,3943.0,192.0,7577880.0,49756.0
2022-11-07 10:40:00,3942.0,3947.0,3938.0,3947.0,303.0,11940720.0,49847.0
2022-11-07 10:45:00,3942.0,3950.0,3942.0,3950.0,322.0,12718080.0,49913.0
2022-11-07 10:50:00,3948.0,3958.0,3945.0,3958.0,86.0,3398020.0,49914.0
2022-11-07 10:55:00,3954.0,3955.0,3951.0,3955.0,86.0,3400040.0,49876.0
2022-11-07 11:00:00,3957.0,3957.0,3951.0,3951.0,19.0,751630.0,49870.0
2022-11-07 11:05:00,3951.0,3951.0,3946.0,3950.0,22.0,868680.0,49870.0
2022-11-07 11:10:00,3952.0,3956.0,3952.0,3956.0,44.0,1739210.0,49864.0
2022-11-07 11:15:00,3955.0,3959.0,3955.0,3959.0,52.0,2057590.0,49846.0
2022-11-07 11:20:00,3959.0,3960.0,3953.0,3956.0,111.0,4391690.0,49866.0
2022-11-07 11:25:00,3959.0,3959.0,3951.0,3951.0,67.0,2650650.0,49898.0
2022-11-07 13:30:00,3952.0,3961.0,3951.0,3951.0,58.0,2294080.0,49923.0
2022-11-07 13:35:00,3951.0,3955.0,3951.0,3951.0,211.0,8337370.0,50069.0
2022-11-07 13:40:00,3951.0,3954.0,3947.0,3954.0,163.0,6439320.0,50145.0
2022-11-07 13:45:00,3951.0,3962.0,3951.0,3962.0,44.0,1741840.0,50154.0
2022-11-07 13:50:00,3960.0,3960.0,3955.0,3955.0,39.0,1543160.0,50168.0
2022-11-07 13:55:00,3955.0,3957.0,3954.0,3957.0,291.0,11508920.0,50332.0
2022-11-07 14:00:00,3957.0,3962.0,3956.0,3959.0,237.0,9380770.0,50469.0
2022-11-07 14:05:00,3958.0,3966.0,3958.0,3962.0,603.0,23902620.0,50414.0
2022-11-07 14:10:00,3961.0,3964.0,3954.0,3957.0,999.0,39567100.0,50252.0
2022-11-07 14:15:00,3957.0,3959.0,3950.0,3950.0,183.0,7239610.0,50297.0
2022-11-07 14:20:00,3950.0,3950.0,3938.0,3938.0,262.0,10334320.0,50442.0
2022-11-07 14:25:00,3939.0,3945.0,3937.0,3940.0,302.0,11901170.0,50502.0
2022-11-07 14:30:00,3937.0,3946.0,3932.0,3946.0,120.0,4723760.0,50553.0
2022-11-07 14:35:00,3946.0,3949.0,3945.0,3946.0,191.0,7538100.0,50513.0
2022-11-07 14:40:00,3945.0,3956.0,3943.0,3956.0,355.0,14022220.0,50748.0
2022-11-07 14:45:00,3956.0,3956.0,3949.0,3953.0,107.0,4228220.0,50713.0
2022-11-07 14:50:00,3952.0,3954.0,3947.0,3952.0,204.0,8064430.0,50654.0
2022-11-07 14:55:00,3954.0,3955.0,3945.0,3947.0,385.0,15203750.0,50778.0
2022-11-07 21:00:00,3956.0,3972.0,3954.0,3964.0,565.0,22387910.0,50756.0
2022-11-07 21:05:00,3964.0,3980.0,3964.0,3970.0,335.0,13311960.0,50771.0
2022-11-07 21:10:00,3970.0,3984.0,3967.0,3981.0,184.0,7319070.0,50750.0
2022-11-07 21:15:00,3981.0,3991.0,3974.0,3983.0,439.0,17492500.0,50727.0
2022-11-07 21:20:00,3981.0,3981.0,3968.0,3975.0,388.0,15421160.0,50738.0
2022-11-07 21:25:00,3976.0,3983.0,3976.0,3977.0,193.0,7680460.0,50584.0
2022-11-07 21:30:00,3977.0,3990.0,3977.0,3983.0,423.0,16866760.0,50524.0
2022-11-07 21:35:00,3988.0,3995.0,3984.0,3987.0,275.0,10970150.0,50578.0
2022-11-07 21:40:00,3985.0,3992.0,3984.0,3988.0,129.0,5145060.0,50595.0
2022-11-07 21:45:00,3990.0,3998.0,3989.0,3993.0,95.0,3793650.0,50594.0
2022-11-07 21:50:00,3994.0,3999.0,3994.0,3996.0,83.0,3317140.0,50561.0
2022-11-07 21:55:00,3997.0,4001.0,3994.0,3995.0,313.0,12517430.0,50555.0
2022-11-07 22:00:00,3999.0,4008.0,3997.0,4002.0,227.0,9087400.0,50539.0
2022-11-07 22:05:00,4005.0,4008.0,4002.0,4006.0,113.0,4526730.0,50516.0
2022-11-07 22:10:00,4006.0,4008.0,4001.0,4008.0,54.0,2163620.0,50481.0
2022-11-07 22:15:00,4007.0,4009.0,4004.0,4009.0,123.0,4928230.0,50411.0
2022-11-07 22:20:00,4009.0,4009.0,3996.0,3998.0,74.0,2961500.0,50405.0
2022-11-07 22:25:00,3997.0,4002.0,3993.0,3998.0,96.0,3837460.0,50373.0
2022-11-07 22:30:00,4000.0,4000.0,3993.0,3996.0,98.0,3915380.0,50429.0
2022-11-07 22:35:00,3996.0,3996.0,3982.0,3987.0,108.0,4307590.0,50468.0
2022-11-07 22:40:00,3990.0,3992.0,3989.0,3992.0,16.0,638430.0,50469.0
2022-11-07 22:45:00,3993.0,3993.0,3985.0,3987.0,15.0,598110.0,50468.0
2022-11-07 22:50:00,3986.0,3988.0,3982.0,3984.0,76.0,3028470.0,50435.0
2022-11-07 22:55:00,3985.0,3989.0,3983.0,3985.0,56.0,2232520.0,50420.0
2022-11-08 09:00:00,3987.0,3989.0,3972.0,3977.0,223.0,8877420.0,50519.0
2022-11-08 09:05:00,3976.0,3990.0,3976.0,3990.0,219.0,8730450.0,50521.0
2022-11-08 09:10:00,3989.0,3993.0,3985.0,3988.0,410.0,16356180.0,50568.0
2022-11-08 09:15:00,3989.0,3998.0,3989.0,3995.0,90.0,3594770.0,50565.0
2022-11-08 09:20:00,3994.0,3994.0,3989.0,3990.0,32.0,1277150.0,50567.0
2022-11-08 09:25:00,3988.0,3990.0,3987.0,3990.0,95.0,3789560.0,50646.0
2022-11-08 09:30:00,3991.0,3992.0,3958.0,3963.0,844.0,33490690.0,51059.0
2022-11-08 09:35:00,3965.0,3966.0,3953.0,3955.0,487.0,19277700.0,51247.0
2022-11-08 09:40:00,3955.0,3955.0,3948.0,3950.0,235.0,9283720.0,51303.0
2022-11-08 09:45:00,3947.0,3953.0,3944.0,3953.0,318.0,12554770.0,51324.0
2022-11-08 09:50:00,3950.0,3960.0,3950.0,3958.0,223.0,8824230.0,51337.0
2022-11-08 09:55:00,3958.0,3964.0,3955.0,3956.0,741.0,29359320.0,51184.0
2022-11-08 10:00:00,3955.0,3957.0,3948.0,3954.0,129.0,5097330.0,51232.0
2022-11-08 10:05:00,3954.0,3954.0,3935.0,3935.0,332.0,13089430.0,51465.0
2022-11-08 10:10:00,3938.0,3945.0,3934.0,3940.0,145.0,5712970.0,51514.0
2022-11-08 10:30:00,3942.0,3951.0,3938.0,3950.0,145.0,5718810.0,51558.0
2022-11-08 10:35:00,3950.0,3955.0,3949.0,3949.0,61.0,2410900.0,51565.0
2022-11-08 10:40:00,3952.0,3953.0,3948.0,3948.0,37.0,1461560.0,51574.0
2022-11-08 10:45:00,3946.0,3946.0,3944.0,3945.0,24.0,946870.0,51577.0
2022-11-08 10:50:00,3945.0,3949.0,3945.0,3945.0,34.0,1341500.0,51601.0
2022-11-08 10:55:00,3946.0,3947.0,3943.0,3943.0,35.0,1380640.0,51587.0
2022-11-08 11:00:00,3943.0,3954.0,3942.0,3954.0,40.0,1579320.0,51579.0
2022-11-08 11:05:00,3956.0,3956.0,3951.0,3951.0,86.0,3399550.0,51598.0
2022-11-08 11:10:00,3950.0,3955.0,3948.0,3953.0,55.0,2173030.0,51602.0
2022-11-08 11:15:00,3953.0,3960.0,3953.0,3955.0,321.0,12701810.0,51616.0
2022-11-08 11:20:00,3952.0,3955.0,3947.0,3955.0,20.0,790110.0,51628.0
2022-11-08 11:25:00,3955.0,3955.0,3945.0,3945.0,11.0,434190.0,51634.0
2022-11-08 13:30:00,3945.0,3947.0,3940.0,3946.0,85.0,3351570.0,51663.0
2022-11-08 13:35:00,3947.0,3950.0,3945.0,3945.0,35.0,1381680.0,51652.0
2022-11-08 13:40:00,3946.0,3949.0,3944.0,3948.0,88.0,3472150.0,51676.0
2022-11-08 13:45:00,3948.0,3954.0,3948.0,3950.0,41.0,1619810.0,51665.0
2022-11-08 13:50:00,3949.0,3968.0,3946.0,3957.0,313.0,12391550.0,51548.0
2022-11-08 13:55:00,3957.0,3959.0,3955.0,3958.0,36.0,1424290.0,51540.0
2022-11-08 14:00:00,3958.0,3969.0,3958.0,3966.0,97.0,3845910.0,51553.0
2022-11-08 14:05:00,3968.0,3969.0,3964.0,3964.0,84.0,3332710.0,51573.0
2022-11-08 14:10:00,3965.0,3965.0,3958.0,3960.0,95.0,3764090.0,51546.0
2022-11-08 14:15:00,3960.0,3965.0,3959.0,3965.0,65.0,2575910.0,51526.0
2022-11-08 14:20:00,3962.0,3964.0,3957.0,3957.0,122.0,4830330.0,51621.0
2022-11-08 14:25:00,3958.0,3962.0,3957.0,3962.0,114.0,4513250.0,51656.0
2022-11-08 14:30:00,3962.0,3968.0,3962.0,3968.0,97.0,3846700.0,51632.0
2022-11-08 14:35:00,3968.0,3978.0,3967.0,3971.0,205.0,8145230.0,51570.0
2022-11-08 14:40:00,3976.0,3979.0,3971.0,3979.0,38.0,1510670.0,51569.0
2022-11-08 14:45:00,3979.0,3984.0,3967.0,3967.0,84.0,3340180.0,51538.0
2022-11-08 14:50:00,3967.0,3971.0,3965.0,3971.0,85.0,3373190.0,51511.0
2022-11-08 14:55:00,3971.0,3973.0,3965.0,3969.0,152.0,6031900.0,51441.0
2022-11-08 21:00:00,3970.0,3971.0,3951.0,3966.0,334.0,13243170.0,51617.0
2022-11-08 21:05:00,3968.0,3969.0,3960.0,3962.0,117.0,4635990.0,51631.0
2022-11-08 21:10:00,3962.0,3978.0,3962.0,3978.0,60.0,2382980.0,51626.0
2022-11-08 21:15:00,3978.0,3981.0,3973.0,3977.0,217.0,8631930.0,51740.0
2022-11-08 21:20:00,3977.0,3981.0,3971.0,3973.0,85.0,3380320.0,51776.0
2022-11-08 21:25:00,3973.0,3980.0,3971.0,3977.0,49.0,1948540.0,51795.0
2022-11-08 21:30:00,3977.0,3977.0,3962.0,3962.0,142.0,5638560.0,51852.0
2022-11-08 21:35:00,3965.0,3966.0,3958.0,3961.0,244.0,9665610.0,51847.0
2022-11-08 21:40:00,3962.0,3968.0,3959.0,3966.0,91.0,3605370.0,51867.0
2022-11-08 21:45:00,3965.0,3968.0,3963.0,3963.0,39.0,1546340.0,51866.0
2022-11-08 21:50:00,3965.0,3969.0,3962.0,3962.0,34.0,1348530.0,51869.0
2022-11-08 21:55:00,3963.0,3963.0,3948.0,3955.0,228.0,9016940.0,51886.0
2022-11-08 22:00:00,3956.0,3958.0,3950.0,3958.0,77.0,3045030.0,51922.0
2022-11-08 22:05:00,3955.0,3957.0,3952.0,3956.0,98.0,3874670.0,51972.0
2022-11-08 22:10:00,3954.0,3961.0,3954.0,3959.0,17.0,672810.0,51963.0
2022-11-08 22:15:00,3958.0,3963.0,3956.0,3963.0,51.0,2018400.0,51962.0
2022-11-08 22:20:00,3963.0,3966.0,3961.0,3961.0,105.0,4160970.0,51958.0
2022-11-08 22:25:00,3965.0,3971.0,3965.0,3970.0,49.0,1944360.0,51931.0
2022-11-08 22:30:00,3970.0,3973.0,3966.0,3966.0,128.0,5081300.0,51953.0
2022-11-08 22:35:00,3969.0,3972.0,3963.0,3967.0,72.0,2856890.0,51970.0
2022-11-08 22:40:00,3965.0,3965.0,3957.0,3963.0,76.0,3009750.0,51980.0
2022-11-08 22:45:00,3962.0,3965.0,3958.0,3965.0,63.0,2496520.0,51995.0
2022-11-08 22:50:00,3964.0,3967.0,3960.0,3960.0,49.0,1942180.0,51995.0
2022-11-08 22:55:00,3960.0,3965.0,3960.0,3962.0,79.0,3130970.0,52004.0
2022-11-09 09:00:00,3945.0,3952.0,3941.0,3947.0,652.0,25739200.0,52146.0
2022-11-09 09:05:00,3947.0,3956.0,3947.0,3950.0,120.0,4740010.0,52172.0
2022-11-09 09:10:00,3949.0,3949.0,3922.0,3937.0,989.0,38916030.0,52771.0
2022-11-09 09:15:00,3937.0,3941.0,3932.0,3940.0,265.0,10433830.0,52821.0
2022-11-09 09:20:00,3942.0,3949.0,3940.0,3942.0,131.0,5167990.0,52799.0
2022-11-09 09:25:00,3941.0,3942.0,3936.0,3939.0,148.0,5827540.0,52763.0
2022-11-09 09:30:00,3939.0,3947.0,3938.0,3946.0,100.0,3943500.0,52708.0
2022-11-09 09:35:00,3947.0,3948.0,3940.0,3942.0,218.0,8597220.0,52536.0
2022-11-09 09:40:00,3941.0,3963.0,3938.0,3962.0,351.0,13861650.0,52354.0
2022-11-09 09:45:00,3959.0,3969.0,3956.0,3964.0,255.0,10107890.0,52305.0
2022-11-09 09:50:00,3964.0,3967.0,3950.0,3953.0,109.0,4317180.0,52323.0
2022-11-09 09:55:00,3950.0,3960.0,3948.0,3960.0,160.0,6324840.0,52278.0
2022-11-09 10:00:00,3960.0,3965.0,3956.0,3958.0,42.0,1663400.0,52255.0
2022-11-09 10:05:00,3960.0,3963.0,3958.0,3960.0,116.0,4593390.0,52288.0
2022-11-09 10:10:00,3963.0,3967.0,3962.0,3964.0,57.0,2260030.0,52259.0
2022-11-09 10:30:00,3965.0,3974.0,3962.0,3964.0,308.0,12224890.0,52194.0
2022-11-09 10:35:00,3961.0,3961.0,3950.0,3952.0,198.0,7830170.0,52194.0
2022-11-09 10:40:00,3956.0,3956.0,3949.0,3952.0,100.0,3951190.0,52140.0
2022-11-09 10:45:00,3950.0,3956.0,3947.0,3947.0,41.0,1619920.0,52157.0
2022-11-09 10:50:00,3949.0,3949.0,3941.0,3947.0,254.0,10019120.0,51983.0
2022-11-09 10:55:00,3944.0,3944.0,3940.0,3942.0,101.0,3980670.0,52024.0
2022-11-09 11:00:00,3939.0,3944.0,3936.0,3936.0,196.0,7719790.0,52053.0
2022-11-09 11:05:00,3938.0,3940.0,3925.0,3928.0,249.0,9787620.0,52118.0
2022-11-09 11:10:00,3928.0,3930.0,3920.0,3922.0,317.0,12437690.0,52324.0
2022-11-09 11:15:00,3922.0,3933.0,3922.0,3926.0,114.0,4477340.0,52355.0
2022-11-09 11:20:00,3926.0,3939.0,3926.0,3932.0,391.0,15364410.0,52431.0
2022-11-09 11:25:00,3930.0,3931.0,3922.0,3922.0,196.0,7698550.0,52466.0
2022-11-09 13:30:00,3922.0,3931.0,3922.0,3926.0,85.0,3337790.0,52483.0
2022-11-09 13:35:00,3926.0,3930.0,3920.0,3920.0,124.0,4864800.0,52519.0
2022-11-09 13:40:00,3920.0,3923.0,3906.0,3908.0,313.0,12250860.0,52588.0
2022-11-09 13:45:00,3909.0,3912.0,3906.0,3912.0,202.0,7896370.0,52617.0
2022-11-09 13:50:00,3911.0,3917.0,3911.0,3916.0,276.0,10800820.0,52683.0
2022-11-09 13:55:00,3915.0,3922.0,3914.0,3920.0,273.0,10690030.0,52742.0
2022-11-09 14:00:00,3918.0,3920.0,3913.0,3914.0,87.0,3406820.0,52788.0
2022-11-09 14:05:00,3914.0,3927.0,3914.0,3922.0,204.0,8004000.0,52849.0
2022-11-09 14:10:00,3924.0,3925.0,3919.0,3919.0,261.0,10241290.0,52823.0
2022-11-09 14:15:00,3920.0,3926.0,3920.0,3925.0,132.0,5176920.0,52818.0
2022-11-09 14:20:00,3925.0,3928.0,3920.0,3920.0,225.0,8828380.0,52798.0
2022-11-09 14:25:00,3920.0,3924.0,3920.0,3922.0,90.0,3530020.0,52808.0
2022-11-09 14:30:00,3920.0,3922.0,3917.0,3921.0,125.0,4898030.0,52823.0
2022-11-09 14:35:00,3919.0,3921.0,3919.0,3921.0,27.0,1058190.0,52826.0
2022-11-09 14:40:00,3923.0,3926.0,3922.0,3926.0,126.0,4945160.0,52839.0
2022-11-09 14:45:00,3926.0,3928.0,3922.0,3925.0,167.0,6555250.0,52952.0
2022-11-09 14:50:00,3926.0,3929.0,3923.0,3925.0,134.0,5261580.0,52958.0
2022-11-09 14:55:00,3925.0,3929.0,3922.0,3926.0,225.0,8832070.0,52956.0
2022-11-09 21:00:00,3910.0,3930.0,3910.0,3924.0,468.0,18350150.0,52910.0
2022-11-09 21:05:00,3925.0,3935.0,3917.0,3933.0,182.0,7150710.0,52930.0
2022-11-09 21:10:00,3934.0,3935.0,3928.0,3934.0,89.0,3499370.0,52926.0
2022-11-09 21:15:00,3935.0,3938.0,3933.0,3936.0,346.0,13617800.0,53057.0
2022-11-09 21:20:00,3936.0,3937.0,3933.0,3935.0,59.0,2321790.0,53045.0
2022-11-09 21:25:00,3933.0,3947.0,3933.0,3947.0,166.0,6545540.0,52995.0
2022-11-09 21:30:00,3947.0,3954.0,3945.0,3948.0,221.0,8728270.0,52865.0
2022-11-09 21:35:00,3949.0,3956.0,3945.0,3946.0,426.0,16830870.0,52650.0
2022-11-09 21:40:00,3950.0,3959.0,3950.0,3956.0,172.0,6803200.0,52575.0
2022-11-09 21:45:00,3960.0,3961.0,3956.0,3961.0,123.0,4868940.0,52553.0
2022-11-09 21:50:00,3962.0,3962.0,3949.0,3949.0,175.0,6921010.0,52511.0
2022-11-09 21:55:00,3950.0,3955.0,3946.0,3955.0,57.0,2251610.0,52513.0
2022-11-09 22:00:00,3955.0,3959.0,3948.0,3950.0,95.0,3756480.0,52488.0
2022-11-09 22:05:00,3949.0,3951.0,3947.0,3948.0,66.0,2606480.0,52481.0
2022-11-09 22:10:00,3947.0,3955.0,3946.0,3954.0,53.0,2093720.0,52464.0
2022-11-09 22:15:00,3954.0,3955.0,3950.0,3954.0,287.0,11339740.0,52246.0
2022-11-09 22:20:00,3954.0,3954.0,3948.0,3952.0,79.0,3120850.0,52217.0
2022-11-09 22:25:00,3952.0,3953.0,3949.0,3952.0,30.0,1185430.0,52211.0
2022-11-09 22:30:00,3953.0,3955.0,3944.0,3948.0,94.0,3711490.0,52210.0
2022-11-09 22:35:00,3948.0,3950.0,3947.0,3948.0,16.0,631780.0,52203.0
2022-11-09 22:40:00,3952.0,3953.0,3950.0,3951.0,67.0,2647500.0,52178.0
2022-11-09 22:45:00,3952.0,3956.0,3952.0,3955.0,47.0,1858690.0,52169.0
2022-11-09 22:50:00,3954.0,3956.0,3952.0,3953.0,48.0,1897840.0,52158.0
2022-11-09 22:55:00,3952.0,3952.0,3947.0,3948.0,40.0,1579660.0,52130.0
2022-11-10 09:00:00,3940.0,3950.0,3933.0,3950.0,244.0,9620490.0,52066.0
2022-11-10 09:05:00,3950.0,3951.0,3929.0,3936.0,188.0,7403530.0,52092.0
2022-11-10 09:10:00,3937.0,3939.0,3925.0,3930.0,115.0,4519610.0,52112.0
2022-11-10 09:15:00,3931.0,3932.0,3923.0,3931.0,115.0,4516850.0,52142.0
2022-11-10 09:20:00,3931.0,3931.0,3922.0,3931.0,165.0,6480020.0,52114.0
2022-11-10 09:25:00,3931.0,3938.0,3931.0,3935.0,256.0,10068770.0,52181.0
2022-11-10 09:30:00,3933.0,3933.0,3927.0,3931.0,43.0,1689960.0,52188.0
2022-11-10 09:35:00,3931.0,3938.0,3931.0,3934.0,49.0,1928520.0,52182.0
2022-11-10 09:40:00,3936.0,3945.0,3936.0,3942.0,65.0,2561590.0,52192.0
2022-11-10 09:45:00,3942.0,3942.0,3937.0,3937.0,43.0,1693890.0,52202.0
2022-11-10 09:50:00,3936.0,3941.0,3932.0,3932.0,167.0,6578790.0,52326.0
2022-11-10 09:55:00,3933.0,3933.0,3924.0,3929.0,271.0,10646540.0,52349.0
2022-11-10 10:00:00,3929.0,3932.0,3925.0,3930.0,52.0,2042970.0,52350.0
2022-11-10 10:05:00,3930.0,3930.0,3924.0,3929.0,72.0,2826980.0,52350.0
2022-11-10 10:10:00,3930.0,3933.0,3927.0,3930.0,163.0,6407090.0,52318.0
2022-11-10 10:30:00,3932.0,3936.0,3926.0,3926.0,167.0,6563720.0,52324.0
2022-11-10 10:35:00,3925.0,3928.0,3916.0,3920.0,628.0,24638300.0,52432.0
2022-11-10 10:40:00,3923.0,3925.0,3915.0,3918.0,286.0,11207570.0,52516.0
2022-11-10 10:45:00,3918.0,3920.0,3913.0,3920.0,85.0,3328810.0,52550.0
2022-11-10 10:50:00,3918.0,3920.0,3914.0,3917.0,33.0,1292430.0,52562.0
2022-11-10 10:55:00,3917.0,3931.0,3915.0,3929.0,772.0,30313360.0,52677.0
2022-11-10 11:00:00,3929.0,3932.0,3927.0,3930.0,288.0,11315340.0,52809.0
2022-11-10 11:05:00,3930.0,3934.0,3924.0,3930.0,48.0,1886370.0,52783.0
2022-11-10 11:10:00,3927.0,3930.0,3924.0,3924.0,55.0,2161180.0,52749.0
2022-11-10 11:15:00,3926.0,3933.0,3925.0,3925.0,55.0,2160830.0,52757.0
2022-11-10 11:20:00,3927.0,3934.0,3927.0,3930.0,41.0,1611120.0,52739.0
2022-11-10 11:25:00,3929.0,3939.0,3929.0,3933.0,264.0,10384180.0,52652.0
2022-11-10 13:30:00,3933.0,3936.0,3928.0,3928.0,64.0,2515830.0,52632.0
2022-11-10 13:35:00,3930.0,3930.0,3925.0,3927.0,78.0,3063280.0,52653.0
2022-11-10 13:40:00,3924.0,3929.0,3921.0,3924.0,123.0,4829650.0,52673.0
2022-11-10 13:45:00,3924.0,3925.0,3918.0,3918.0,239.0,9371620.0,52600.0
2022-11-10 13:50:00,3917.0,3923.0,3917.0,3918.0,79.0,3095910.0,52606.0
2022-11-10 13:55:00,3918.0,3921.0,3918.0,3919.0,36.0,1411330.0,52612.0
2022-11-10 14:00:00,3919.0,3921.0,3903.0,3906.0,541.0,21143340.0,52905.0
2022-11-10 14:05:00,3906.0,3911.0,3906.0,3910.0,270.0,10552030.0,53041.0
2022-11-10 14:10:00,3911.0,3912.0,3905.0,3906.0,249.0,9731940.0,53118.0
2022-11-10 14:15:00,3906.0,3908.0,3902.0,3905.0,401.0,15658750.0,52983.0
2022-11-10 14:20:00,3904.0,3909.0,3902.0,3902.0,135.0,5269920.0,53030.0
2022-11-10 14:25:00,3903.0,3903.0,3893.0,3896.0,441.0,17196700.0,53339.0
2022-11-10 14:30:00,3896.0,3896.0,3884.0,3888.0,498.0,19360580.0,53570.0
2022-11-10 14:35:00,3885.0,3887.0,3878.0,3883.0,265.0,10287120.0,53728.0
2022-11-10 14:40:00,3882.0,3888.0,3873.0,3883.0,289.0,11217200.0,53795.0
2022-11-10 14:45:00,3882.0,3886.0,3878.0,3884.0,128.0,4968190.0,53853.0
2022-11-10 14:50:00,3884.0,3884.0,3878.0,3879.0,149.0,5781580.0,53944.0
2022-11-10 14:55:00,3881.0,3882.0,3872.0,3881.0,569.0,22065630.0,54145.0
2022-11-10 21:00:00,3879.0,3887.0,3877.0,3886.0,502.0,19491980.0,54264.0
2022-11-10 21:05:00,3885.0,3892.0,3880.0,3892.0,297.0,11538950.0,54341.0
2022-11-10 21:10:00,3890.0,3899.0,3889.0,3896.0,446.0,17368050.0,54393.0
2022-11-10 21:15:00,3896.0,3898.0,3891.0,3891.0,153.0,5956980.0,54348.0
2022-11-10 21:20:00,3892.0,3897.0,3891.0,3895.0,155.0,6037860.0,54320.0
2022-11-10 21:25:00,3896.0,3900.0,3892.0,3899.0,123.0,4793160.0,54362.0
2022-11-10 21:30:00,3900.0,3912.0,3899.0,3907.0,815.0,31802750.0,54627.0
2022-11-10 21:35:00,3906.0,3912.0,3906.0,3908.0,397.0,15519500.0,54556.0
2022-11-10 21:40:00,3911.0,3911.0,3900.0,3907.0,172.0,6715060.0,54545.0
2022-11-10 21:45:00,3909.0,3917.0,3908.0,3916.0,186.0,7276770.0,54520.0
2022-11-10 21:50:00,3915.0,3920.0,3910.0,3912.0,319.0,12492750.0,54460.0
2022-11-10 21:55:00,3912.0,3920.0,3911.0,3920.0,217.0,8496460.0,54519.0
2022-11-10 22:00:00,3921.0,3921.0,3914.0,3915.0,122.0,4778710.0,54513.0
2022-11-10 22:05:00,3917.0,3919.0,3909.0,3911.0,183.0,7161640.0,54544.0
2022-11-10 22:10:00,3911.0,3914.0,3909.0,3910.0,78.0,3050490.0,54523.0
2022-11-10 22:15:00,3909.0,3913.0,3906.0,3906.0,291.0,11376170.0,54625.0
2022-11-10 22:20:00,3907.0,3907.0,3898.0,3900.0,280.0,10927380.0,54653.0
2022-11-10 22:25:00,3902.0,3909.0,3901.0,3907.0,129.0,5034560.0,54719.0
2022-11-10 22:30:00,3909.0,3913.0,3902.0,3902.0,102.0,3987830.0,54732.0
2022-11-10 22:35:00,3902.0,3908.0,3898.0,3899.0,171.0,6668400.0,54827.0
2022-11-10 22:40:00,3898.0,3899.0,3891.0,3897.0,215.0,8371040.0,54837.0
2022-11-10 22:45:00,3898.0,3902.0,3895.0,3895.0,77.0,3002550.0,54848.0
2022-11-10 22:50:00,3895.0,3901.0,3893.0,3898.0,105.0,4093170.0,54880.0
2022-11-10 22:55:00,3897.0,3900.0,3893.0,3900.0,140.0,5454840.0,54843.0
2022-11-11 09:00:00,3911.0,3923.0,3905.0,3920.0,511.0,19996600.0,55039.0
2022-11-11 09:05:00,3920.0,3936.0,3920.0,3933.0,648.0,25464730.0,55123.0
2022-11-11 09:10:00,3933.0,3962.0,3928.0,3957.0,552.0,21773320.0,55094.0
2022-11-11 09:15:00,3955.0,3965.0,3954.0,3964.0,1048.0,41491510.0,55115.0
2022-11-11 09:20:00,3964.0,3976.0,3958.0,3958.0,582.0,23093080.0,55001.0
2022-11-11 09:25:00,3958.0,3965.0,3956.0,3963.0,211.0,8357300.0,55009.0
2022-11-11 09:30:00,3963.0,3966.0,3941.0,3941.0,812.0,32080520.0,54894.0
2022-11-11 09:35:00,3941.0,3952.0,3941.0,3945.0,452.0,17842720.0,54843.0
2022-11-11 09:40:00,3945.0,3961.0,3945.0,3958.0,183.0,7240500.0,54823.0
2022-11-11 09:45:00,3959.0,3959.0,3949.0,3950.0,243.0,9611620.0,54914.0
2022-11-11 09:50:00,3951.0,3954.0,3946.0,3948.0,314.0,12396990.0,54826.0
2022-11-11 09:55:00,3947.0,3954.0,3943.0,3954.0,94.0,3711790.0,54797.0
2022-11-11 10:00:00,3954.0,3957.0,3950.0,3952.0,105.0,4151340.0,54786.0
2022-11-11 10:05:00,3953.0,3961.0,3951.0,3959.0,217.0,8588500.0,54816.0
2022-11-11 10:10:00,3962.0,3966.0,3959.0,3964.0,220.0,8721400.0,54881.0
2022-11-11 10:30:00,3965.0,3971.0,3961.0,3964.0,272.0,10786160.0,54896.0
2022-11-11 10:35:00,3962.0,3968.0,3962.0,3964.0,240.0,9517120.0,54858.0
2022-11-11 10:40:00,3964.0,3971.0,3962.0,3969.0,149.0,5909310.0,54809.0
2022-11-11 10:45:00,3972.0,3984.0,3969.0,3979.0,1078.0,42877200.0,55079.0
2022-11-11 10:50:00,3981.0,3986.0,3970.0,3974.0,265.0,10551740.0,55066.0
2022-11-11 10:55:00,3975.0,3989.0,3970.0,3988.0,614.0,24429810.0,55231.0
2022-11-11 11:00:00,3985.0,3992.0,3980.0,3989.0,987.0,39365340.0,55772.0
2022-11-11 11:05:00,3989.0,3990.0,3984.0,3986.0,269.0,10721510.0,55760.0
2022-11-11 11:10:00,3986.0,3989.0,3982.0,3987.0,254.0,10123170.0,55777.0
2022-11-11 11:15:00,3988.0,3996.0,3988.0,3990.0,421.0,16800050.0,55532.0
2022-11-11 11:20:00,3991.0,4000.0,3991.0,3998.0,216.0,8634990.0,55485.0
2022-11-11 11:25:00,3997.0,4004.0,3996.0,4004.0,278.0,11120510.0,55490.0
2022-11-11 13:30:00,4004.0,4006.0,3997.0,4000.0,447.0,17885970.0,55384.0
2022-11-11 13:35:00,4001.0,4015.0,4001.0,4010.0,797.0,31954210.0,55553.0
2022-11-11 13:40:00,4009.0,4020.0,4009.0,4020.0,480.0,19282070.0,55518.0
2022-11-11 13:45:00,4021.0,4036.0,4021.0,4033.0,1320.0,53207370.0,55214.0
2022-11-11 13:50:00,4033.0,4042.0,4032.0,4038.0,1137.0,45919880.0,54901.0
2022-11-11 13:55:00,4037.0,4047.0,4036.0,4045.0,273.0,11034770.0,54819.0
2022-11-11 14:00:00,4045.0,4055.0,4035.0,4036.0,860.0,34807680.0,54740.0
2022-11-11 14:05:00,4036.0,4049.0,4035.0,4044.0,296.0,11962760.0,54708.0
2022-11-11 14:10:00,4048.0,4048.0,4031.0,4040.0,467.0,18851400.0,54730.0
2022-11-11 14:15:00,4041.0,4045.0,4032.0,4039.0,367.0,14818730.0,54761.0
2022-11-11 14:20:00,4037.0,4040.0,4021.0,4021.0,1641.0,66131180.0,54131.0
2022-11-11 14:25:00,4022.0,4032.0,4022.0,4029.0,385.0,15506500.0,54197.0
2022-11-11 14:30:00,4032.0,4033.0,4027.0,4028.0,101.0,4068630.0,54160.0
2022-11-11 14:35:00,4030.0,4030.0,4012.0,4017.0,589.0,23658360.0,53890.0
2022-11-11 14:40:00,4018.0,4034.0,4018.0,4026.0,278.0,11194040.0,53761.0
2022-11-11 14:45:00,4025.0,4032.0,4025.0,4032.0,98.0,3948280.0,53738.0
2022-11-11 14:50:00,4032.0,4036.0,4026.0,4026.0,239.0,9632190.0,53626.0
2022-11-11 14:55:00,4026.0,4029.0,4019.0,4020.0,214.0,8610600.0,53583.0
2022-11-11 21:00:00,4032.0,4052.0,4028.0,4052.0,1770.0,71575170.0,54325.0
2022-11-11 21:05:00,4052.0,4052.0,4035.0,4049.0,370.0,14958380.0,54326.0
2022-11-11 21:10:00,4049.0,4050.0,4040.0,4046.0,373.0,15088400.0,54428.0
2022-11-11 21:15:00,4046.0,4046.0,4038.0,4041.0,231.0,9335750.0,54400.0
2022-11-11 21:20:00,4041.0,4046.0,4037.0,4046.0,316.0,12766220.0,54501.0
2022-11-11 21:25:00,4047.0,4063.0,4044.0,4061.0,545.0,22085210.0,54621.0
2022-11-11 21:30:00,4061.0,4077.0,4060.0,4077.0,410.0,16672850.0,54619.0
2022-11-11 21:35:00,4077.0,4077.0,4065.0,4068.0,355.0,14452480.0,54607.0
2022-11-11 21:40:00,4067.0,4075.0,4063.0,4075.0,258.0,10494810.0,54633.0
2022-11-11 21:45:00,4072.0,4088.0,4072.0,4083.0,441.0,17995670.0,54668.0
2022-11-11 21:50:00,4082.0,4085.0,4075.0,4079.0,271.0,11058730.0,54689.0
2022-11-11 21:55:00,4079.0,4085.0,4077.0,4083.0,63.0,2570730.0,54688.0
2022-11-11 22:00:00,4083.0,4088.0,4077.0,4080.0,312.0,12732670.0,54629.0
2022-11-11 22:05:00,4080.0,4096.0,4079.0,4094.0,998.0,40819890.0,54685.0
2022-11-11 22:10:00,4092.0,4101.0,4087.0,4094.0,556.0,22776060.0,54754.0
2022-11-11 22:15:00,4097.0,4102.0,4087.0,4088.0,411.0,16828450.0,54725.0
2022-11-11 22:20:00,4088.0,4092.0,4079.0,4088.0,365.0,14906690.0,54703.0
2022-11-11 22:25:00,4091.0,4096.0,4086.0,4094.0,89.0,3641470.0,54715.0
2022-11-11 22:30:00,4095.0,4102.0,4094.0,4100.0,216.0,8853790.0,54720.0
2022-11-11 22:35:00,4100.0,4100.0,4090.0,4093.0,160.0,6549590.0,54693.0
2022-11-11 22:40:00,4093.0,4095.0,4089.0,4090.0,107.0,4378460.0,54693.0
2022-11-11 22:45:00,4092.0,4097.0,4092.0,4095.0,169.0,6919360.0,54672.0
2022-11-11 22:50:00,4095.0,4095.0,4091.0,4093.0,352.0,14406870.0,54862.0
2022-11-11 22:55:00,4093.0,4096.0,4092.0,4092.0,211.0,8637240.0,54889.0
2022-11-14 09:00:00,4098.0,4108.0,4088.0,4093.0,1132.0,46367880.0,54840.0
2022-11-14 09:05:00,4091.0,4097.0,4077.0,4095.0,515.0,21049260.0,55012.0
2022-11-14 09:10:00,4098.0,4102.0,4084.0,4095.0,511.0,20924980.0,54872.0
2022-11-14 09:15:00,4098.0,4114.0,4096.0,4107.0,522.0,21430230.0,54719.0
2022-11-14 09:20:00,4109.0,4112.0,4093.0,4099.0,458.0,18785520.0,54618.0
2022-11-14 09:25:00,4098.0,4099.0,4090.0,4093.0,373.0,15271130.0,54493.0
2022-11-14 09:30:00,4096.0,4107.0,4095.0,4104.0,153.0,6277670.0,54440.0
2022-11-14 09:35:00,4102.0,4105.0,4094.0,4101.0,354.0,14516120.0,54380.0
2022-11-14 09:40:00,4115.0,4115.0,4095.0,4095.0,388.0,15918450.0,54266.0
2022-11-14 09:45:00,4096.0,4104.0,4093.0,4093.0,963.0,39446590.0,54009.0
2022-11-14 09:50:00,4093.0,4098.0,4088.0,4088.0,277.0,11337500.0,53927.0
2022-11-14 09:55:00,4090.0,4096.0,4090.0,4091.0,137.0,5607770.0,53878.0
2022-11-14 10:00:00,4093.0,4097.0,4081.0,4083.0,265.0,10832700.0,53787.0
2022-11-14 10:05:00,4085.0,4093.0,4083.0,4084.0,270.0,11038690.0,53748.0
2022-11-14 10:10:00,4089.0,4095.0,4089.0,4095.0,133.0,5443500.0,53649.0
2022-11-14 10:30:00,4096.0,4104.0,4094.0,4101.0,181.0,7420060.0,53658.0
2022-11-14 10:35:00,4102.0,4110.0,4102.0,4106.0,276.0,11332170.0,53722.0
2022-11-14 10:40:00,4106.0,4110.0,4103.0,4105.0,150.0,6159440.0,53729.0
2022-11-14 10:45:00,4105.0,4108.0,4102.0,4105.0,87.0,3571620.0,53759.0
2022-11-14 10:50:00,4103.0,4104.0,4099.0,4102.0,65.0,2665650.0,53764.0
2022-11-14 10:55:00,4103.0,4110.0,4102.0,4108.0,73.0,2998020.0,53791.0
2022-11-14 11:00:00,4109.0,4112.0,4104.0,4110.0,143.0,5874150.0,53760.0
2022-11-14 11:05:00,4110.0,4110.0,4105.0,4107.0,138.0,5667450.0,53750.0
2022-11-14 11:10:00,4108.0,4108.0,4102.0,4102.0,88.0,3613280.0,53785.0
2022-11-14 11:15:00,4105.0,4105.0,4096.0,4099.0,141.0,5780180.0,53760.0
2022-11-14 11:20:00,4095.0,4100.0,4093.0,4100.0,140.0,5734410.0,53732.0
2022-11-14 11:25:00,4099.0,4099.0,4091.0,4091.0,126.0,5157210.0,53673.0
2022-11-14 13:30:00,4091.0,4091.0,4050.0,4057.0,845.0,34369240.0,53840.0
2022-11-14 13:35:00,4057.0,4062.0,4050.0,4056.0,264.0,10703320.0,53872.0
2022-11-14 13:40:00,4056.0,4063.0,4054.0,4057.0,1286.0,52201880.0,53749.0
2022-11-14 13:45:00,4059.0,4069.0,4050.0,4053.0,426.0,17285960.0,53714.0
2022-11-14 13:50:00,4051.0,4051.0,4041.0,4050.0,603.0,24401770.0,53693.0
2022-11-14 13:55:00,4049.0,4052.0,4043.0,4052.0,239.0,9677860.0,53618.0
2022-11-14 14:00:00,4050.0,4062.0,4048.0,4061.0,224.0,9086390.0,53605.0
2022-11-14 14:05:00,4060.0,4071.0,4058.0,4071.0,436.0,17716720.0,53573.0
2022-11-14 14:10:00,4069.0,4069.0,4059.0,4067.0,304.0,12360590.0,53701.0
2022-11-14 14:15:00,4068.0,4070.0,4060.0,4062.0,141.0,5728470.0,53664.0
2022-11-14 14:20:00,4063.0,4063.0,4053.0,4059.0,63.0,2555340.0,53645.0
2022-11-14 14:25:00,4060.0,4066.0,4050.0,4058.0,783.0,31781830.0,53805.0
2022-11-14 14:30:00,4060.0,4069.0,4060.0,4066.0,210.0,8530770.0,53783.0
2022-11-14 14:35:00,4065.0,4069.0,4063.0,4063.0,73.0,2968840.0,53812.0
2022-11-14 14:40:00,4062.0,4070.0,4060.0,4069.0,196.0,7972290.0,53822.0
2022-11-14 14:45:00,4067.0,4069.0,4062.0,4068.0,408.0,16588030.0,54055.0
2022-11-14 14:50:00,4068.0,4074.0,4067.0,4070.0,462.0,18803400.0,53891.0
2022-11-14 14:55:00,4072.0,4078.0,4069.0,4078.0,414.0,16871790.0,53871.0
2022-11-14 21:00:00,4078.0,4095.0,4072.0,4076.0,699.0,28543970.0,53736.0
2022-11-14 21:05:00,4075.0,4078.0,4067.0,4073.0,518.0,21096570.0,53848.0
2022-11-14 21:10:00,4074.0,4087.0,4072.0,4085.0,907.0,37026240.0,54004.0
2022-11-14 21:15:00,4084.0,4097.0,4084.0,4088.0,668.0,27329020.0,54017.0
2022-11-14 21:20:00,4087.0,4093.0,4085.0,4091.0,837.0,34235100.0,54149.0
2022-11-14 21:25:00,4092.0,4095.0,4084.0,4092.0,779.0,31860960.0,54265.0
2022-11-14 21:30:00,4091.0,4092.0,4085.0,4091.0,278.0,11364530.0,54309.0
2022-11-14 21:35:00,4091.0,4093.0,4089.0,4090.0,422.0,17266760.0,54369.0
2022-11-14 21:40:00,4090.0,4093.0,4082.0,4088.0,391.0,15974840.0,54497.0
2022-11-14 21:45:00,4089.0,4089.0,4082.0,4087.0,277.0,11318520.0,54495.0
2022-11-14 21:50:00,4086.0,4087.0,4079.0,4085.0,194.0,7922630.0,54581.0
2022-11-14 21:55:00,4083.0,4089.0,4081.0,4088.0,279.0,11392120.0,54608.0
2022-11-14 22:00:00,4090.0,4102.0,4088.0,4101.0,288.0,11797690.0,54597.0
2022-11-14 22:05:00,4099.0,4101.0,4093.0,4095.0,190.0,7782850.0,54631.0
2022-11-14 22:10:00,4095.0,4096.0,4091.0,4093.0,105.0,4297930.0,54676.0
2022-11-14 22:15:00,4092.0,4095.0,4091.0,4093.0,54.0,2210740.0,54676.0
2022-11-14 22:20:00,4094.0,4095.0,4090.0,4090.0,70.0,2865110.0,54653.0
2022-11-14 22:25:00,4092.0,4092.0,4089.0,4091.0,50.0,2044960.0,54648.0
2022-11-14 22:30:00,4092.0,4095.0,4091.0,4093.0,44.0,1801170.0,54663.0
2022-11-14 22:35:00,4092.0,4092.0,4089.0,4091.0,28.0,1145510.0,54658.0
2022-11-14 22:40:00,4089.0,4092.0,4086.0,4087.0,45.0,1839860.0,54632.0
2022-11-14 22:45:00,4088.0,4088.0,4077.0,4088.0,166.0,6774530.0,54602.0
2022-11-14 22:50:00,4086.0,4086.0,4082.0,4085.0,70.0,2858330.0,54566.0
2022-11-14 22:55:00,4083.0,4091.0,4083.0,4089.0,58.0,2371470.0,54558.0
2022-11-15 09:00:00,4065.0,4081.0,4062.0,4079.0,892.0,36310200.0,54771.0
2022-11-15 09:05:00,4077.0,4081.0,4072.0,4079.0,305.0,12434230.0,54838.0
2022-11-15 09:10:00,4079.0,4082.0,4068.0,4070.0,212.0,8641460.0,54808.0
2022-11-15 09:15:00,4068.0,4086.0,4068.0,4079.0,250.0,10199670.0,54885.0
2022-11-15 09:20:00,4078.0,4089.0,4077.0,4088.0,190.0,7757910.0,54918.0
2022-11-15 09:25:00,4088.0,4089.0,4084.0,4087.0,142.0,5802730.0,54996.0
2022-11-15 09:30:00,4086.0,4092.0,4078.0,4085.0,221.0,9029000.0,55057.0
2022-11-15 09:35:00,4084.0,4087.0,4080.0,4085.0,569.0,23237130.0,55061.0
2022-11-15 09:40:00,4083.0,4092.0,4081.0,4085.0,183.0,7474020.0,55069.0
2022-11-15 09:45:00,4085.0,4085.0,4076.0,4083.0,150.0,6121970.0,55111.0
2022-11-15 09:50:00,4083.0,4086.0,4079.0,4082.0,175.0,7143160.0,55178.0
2022-11-15 09:55:00,4081.0,4081.0,4064.0,4066.0,448.0,18236430.0,55293.0
2022-11-15 10:00:00,4065.0,4077.0,4064.0,4076.0,378.0,15392340.0,55308.0
2022-11-15 10:05:00,4075.0,4081.0,4074.0,4078.0,88.0,3588970.0,55295.0
2022-11-15 10:10:00,4077.0,4078.0,4073.0,4076.0,135.0,5502470.0,55274.0
2022-11-15 10:30:00,4077.0,4084.0,4077.0,4081.0,291.0,11875780.0,55198.0
2022-11-15 10:35:00,4081.0,4085.0,4079.0,4082.0,67.0,2734950.0,55211.0
2022-11-15 10:40:00,4080.0,4090.0,4078.0,4090.0,409.0,16705800.0,55100.0
2022-11-15 10:45:00,4090.0,4099.0,4087.0,4096.0,336.0,13757640.0,55099.0
2022-11-15 10:50:00,4096.0,4104.0,4094.0,4099.0,247.0,10127640.0,55146.0
2022-11-15 10:55:00,4100.0,4108.0,4096.0,4108.0,377.0,15462220.0,55120.0
2022-11-15 11:00:00,4106.0,4113.0,4099.0,4110.0,164.0,6735810.0,55156.0
2022-11-15 11:05:00,4109.0,4115.0,4106.0,4109.0,332.0,13652670.0,55259.0
2022-11-15 11:10:00,4109.0,4112.0,4105.0,4107.0,187.0,7683170.0,55280.0
2022-11-15 11:15:00,4105.0,4109.0,4101.0,4104.0,127.0,5212500.0,55328.0
2022-11-15 11:20:00,4106.0,4107.0,4101.0,4103.0,135.0,5541650.0,55377.0
2022-11-15 11:25:00,4103.0,4108.0,4103.0,4105.0,110.0,4517210.0,55401.0
2022-11-15 13:30:00,4105.0,4115.0,4101.0,4103.0,174.0,7147810.0,55423.0
2022-11-15 13:35:00,4102.0,4102.0,4087.0,4090.0,396.0,16223130.0,55407.0
2022-11-15 13:40:00,4091.0,4092.0,4083.0,4088.0,173.0,7070990.0,55422.0
2022-11-15 13:45:00,4089.0,4096.0,4079.0,4093.0,290.0,11851820.0,55364.0
2022-11-15 13:50:00,4095.0,4096.0,4090.0,4090.0,126.0,5158340.0,55403.0
2022-11-15 13:55:00,4089.0,4091.0,4085.0,4090.0,72.0,2943230.0,55438.0
2022-11-15 14:00:00,4087.0,4088.0,4082.0,4086.0,75.0,3063700.0,55403.0
2022-11-15 14:05:00,4089.0,4093.0,4087.0,4091.0,95.0,3885630.0,55431.0
2022-11-15 14:10:00,4088.0,4092.0,4088.0,4092.0,61.0,2495380.0,55458.0
2022-11-15 14:15:00,4092.0,4095.0,4090.0,4090.0,38.0,1555140.0,55460.0
2022-11-15 14:20:00,4092.0,4094.0,4090.0,4091.0,68.0,2782140.0,55431.0
2022-11-15 14:25:00,4091.0,4091.0,4087.0,4087.0,76.0,3107470.0,55412.0
2022-11-15 14:30:00,4091.0,4093.0,4080.0,4089.0,87.0,3553440.0,55412.0
2022-11-15 14:35:00,4086.0,4089.0,4083.0,4083.0,33.0,1348110.0,55420.0
2022-11-15 14:40:00,4083.0,4087.0,4082.0,4086.0,77.0,3145670.0,55406.0
2022-11-15 14:45:00,4087.0,4094.0,4080.0,4092.0,276.0,11275360.0,55422.0
2022-11-15 14:50:00,4090.0,4095.0,4088.0,4089.0,74.0,3028720.0,55419.0
2022-11-15 14:55:00,4089.0,4100.0,4088.0,4096.0,289.0,11826610.0,55402.0
2022-11-15 21:00:00,4110.0,4110.0,4070.0,4104.0,577.0,23603150.0,55456.0
2022-11-15 21:05:00,4104.0,4105.0,4087.0,4090.0,255.0,10434430.0,55545.0
2022-11-15 21:10:00,4091.0,4093.0,4084.0,4084.0,285.0,11648050.0,55546.0
2022-11-15 21:15:00,4086.0,4088.0,4082.0,4086.0,255.0,10417940.0,55543.0
2022-11-15 21:20:00,4086.0,4088.0,4082.0,4083.0,156.0,6373990.0,55536.0
2022-11-15 21:25:00,4083.0,4083.0,4077.0,4078.0,481.0,19621270.0,55495.0
2022-11-15 21:30:00,4079.0,4092.0,4079.0,4087.0,206.0,8415950.0,55475.0
2022-11-15 21:35:00,4087.0,4091.0,4085.0,4088.0,138.0,5642970.0,55458.0
2022-11-15 21:40:00,4088.0,4088.0,4078.0,4081.0,192.0,7837030.0,55514.0
2022-11-15 21:45:00,4081.0,4083.0,4074.0,4082.0,632.0,25779500.0,55524.0
2022-11-15 21:50:00,4083.0,4085.0,4078.0,4081.0,393.0,16033640.0,55598.0
2022-11-15 21:55:00,4081.0,4085.0,4079.0,4083.0,124.0,5062120.0,55601.0
2022-11-15 22:00:00,4083.0,4086.0,4080.0,4083.0,117.0,4777460.0,55594.0
2022-11-15 22:05:00,4081.0,4088.0,4081.0,4086.0,82.0,3350070.0,55578.0
2022-11-15 22:10:00,4087.0,4088.0,4085.0,4086.0,102.0,4168140.0,55572.0
2022-11-15 22:15:00,4087.0,4087.0,4081.0,4081.0,124.0,5064490.0,55602.0
2022-11-15 22:20:00,4080.0,4083.0,4080.0,4081.0,32.0,1306060.0,55612.0
2022-11-15 22:25:00,4083.0,4083.0,4080.0,4081.0,93.0,3795270.0,55619.0
2022-11-15 22:30:00,4083.0,4083.0,4071.0,4075.0,488.0,19894050.0,55808.0
2022-11-15 22:35:00,4074.0,4077.0,4071.0,4072.0,188.0,7660020.0,55845.0
2022-11-15 22:40:00,4071.0,4077.0,4070.0,4074.0,257.0,10464690.0,55746.0
2022-11-15 22:45:00,4076.0,4078.0,4073.0,4077.0,43.0,1752300.0,55729.0
2022-11-15 22:50:00,4077.0,4081.0,4077.0,4077.0,105.0,4282240.0,55681.0
2022-11-15 22:55:00,4079.0,4082.0,4077.0,4079.0,166.0,6772570.0,55589.0
2022-11-16 09:00:00,4097.0,4098.0,4082.0,4084.0,553.0,22612050.0,55564.0
2022-11-16 09:05:00,4083.0,4098.0,4082.0,4097.0,376.0,15385720.0,55568.0
2022-11-16 09:10:00,4097.0,4107.0,4088.0,4103.0,718.0,29425070.0,55696.0
2022-11-16 09:15:00,4101.0,4101.0,4086.0,4088.0,1244.0,50911530.0,56493.0
2022-11-16 09:20:00,4087.0,4090.0,4078.0,4090.0,627.0,25609680.0,56299.0
2022-11-16 09:25:00,4090.0,4092.0,4086.0,4090.0,195.0,7973800.0,56239.0
2022-11-16 09:30:00,4088.0,4096.0,4088.0,4094.0,117.0,4789370.0,56258.0
2022-11-16 09:35:00,4094.0,4100.0,4090.0,4096.0,219.0,8969230.0,56162.0
2022-11-16 09:40:00,4096.0,4101.0,4096.0,4097.0,224.0,9180910.0,56281.0
2022-11-16 09:45:00,4098.0,4099.0,4093.0,4093.0,111.0,4546770.0,56311.0
2022-11-16 09:50:00,4093.0,4095.0,4090.0,4093.0,89.0,3642360.0,56289.0
2022-11-16 09:55:00,4093.0,4094.0,4087.0,4088.0,168.0,6872630.0,56280.0
2022-11-16 10:00:00,4091.0,4091.0,4083.0,4089.0,168.0,6864200.0,56268.0
2022-11-16 10:05:00,4089.0,4090.0,4085.0,4085.0,140.0,5722230.0,56239.0
2022-11-16 10:10:00,4086.0,4094.0,4081.0,4094.0,169.0,6903870.0,56214.0
2022-11-16 10:30:00,4094.0,4098.0,4093.0,4096.0,230.0,9420240.0,56300.0
2022-11-16 10:35:00,4096.0,4097.0,4090.0,4090.0,96.0,3928870.0,56334.0
2022-11-16 10:40:00,4090.0,4091.0,4087.0,4091.0,50.0,2044400.0,56327.0
2022-11-16 10:45:00,4091.0,4093.0,4085.0,4088.0,107.0,4374740.0,56346.0
2022-11-16 10:50:00,4088.0,4089.0,4085.0,4087.0,47.0,1921020.0,56344.0
2022-11-16 10:55:00,4087.0,4092.0,4087.0,4091.0,34.0,1390730.0,56334.0
2022-11-16 11:00:00,4093.0,4094.0,4090.0,4093.0,170.0,6957770.0,56304.0
2022-11-16 11:05:00,4095.0,4095.0,4084.0,4089.0,113.0,4621070.0,56295.0
2022-11-16 11:10:00,4088.0,4091.0,4088.0,4089.0,44.0,1799310.0,56302.0
2022-11-16 11:15:00,4089.0,4092.0,4087.0,4091.0,41.0,1676550.0,56304.0
2022-11-16 11:20:00,4087.0,4090.0,4086.0,4089.0,71.0,2902540.0,56306.0
2022-11-16 11:25:00,4089.0,4098.0,4089.0,4097.0,132.0,5405530.0,56336.0
2022-11-16 13:30:00,4092.0,4093.0,4086.0,4086.0,192.0,7851880.0,56400.0
2022-11-16 13:35:00,4086.0,4093.0,4086.0,4086.0,332.0,13580360.0,56473.0
2022-11-16 13:40:00,4087.0,4093.0,4086.0,4090.0,107.0,4375900.0,56468.0
2022-11-16 13:45:00,4092.0,4093.0,4089.0,4093.0,32.0,1309230.0,56479.0
2022-11-16 13:50:00,4093.0,4094.0,4090.0,4093.0,43.0,1760000.0,56499.0
2022-11-16 13:55:00,4094.0,4095.0,4090.0,4095.0,49.0,2005440.0,56503.0
2022-11-16 14:00:00,4094.0,4098.0,4094.0,4095.0,94.0,3850260.0,56509.0
2022-11-16 14:05:00,4095.0,4096.0,4093.0,4096.0,50.0,2047200.0,56535.0
2022-11-16 14:10:00,4094.0,4099.0,4092.0,4099.0,100.0,4095320.0,56555.0
2022-11-16 14:15:00,4100.0,4100.0,4093.0,4094.0,52.0,2130310.0,56556.0
2022-11-16 14:20:00,4093.0,4093.0,4084.0,4084.0,244.0,9975800.0,56587.0
2022-11-16 14:25:00,4087.0,4090.0,4084.0,4087.0,227.0,9276300.0,56660.0
2022-11-16 14:30:00,4086.0,4090.0,4085.0,4088.0,117.0,4782790.0,56599.0
2022-11-16 14:35:00,4088.0,4091.0,4084.0,4091.0,151.0,6172610.0,56636.0
2022-11-16 14:40:00,4091.0,4096.0,4091.0,4092.0,74.0,3029080.0,56616.0
2022-11-16 14:45:00,4093.0,4098.0,4091.0,4093.0,116.0,4750310.0,56614.0
2022-11-16 14:50:00,4091.0,4093.0,4090.0,4092.0,156.0,6382090.0,56603.0
2022-11-16 14:55:00,4092.0,4098.0,4092.0,4098.0,471.0,19283020.0,56669.0
2022-11-16 21:00:00,4100.0,4140.0,4100.0,4138.0,2111.0,87030900.0,56274.0
2022-11-16 21:05:00,4135.0,4140.0,4111.0,4112.0,901.0,37138260.0,56390.0
2022-11-16 21:10:00,4112.0,4121.0,4111.0,4119.0,654.0,26927580.0,56405.0
2022-11-16 21:15:00,4120.0,4133.0,4120.0,4127.0,686.0,28319010.0,56625.0
2022-11-16 21:20:00,4128.0,4131.0,4118.0,4120.0,374.0,15429700.0,56569.0
2022-11-16 21:25:00,4122.0,4126.0,4110.0,4118.0,341.0,14039520.0,56561.0
2022-11-16 21:30:00,4116.0,4127.0,4116.0,4120.0,630.0,25955350.0,56473.0
2022-11-16 21:35:00,4120.0,4126.0,4117.0,4125.0,598.0,24646480.0,56677.0
2022-11-16 21:40:00,4124.0,4127.0,4123.0,4123.0,251.0,10352330.0,56768.0
2022-11-16 21:45:00,4126.0,4127.0,4116.0,4116.0,193.0,7953590.0,56780.0
2022-11-16 21:50:00,4116.0,4116.0,4072.0,4080.0,1450.0,59296850.0,57098.0
2022-11-16 21:55:00,4077.0,4082.0,4054.0,4071.0,1591.0,64697410.0,57488.0
2022-11-16 22:00:00,4071.0,4082.0,4069.0,4078.0,487.0,19842840.0,57381.0
2022-11-16 22:05:00,4078.0,4083.0,4065.0,4069.0,375.0,15280720.0,57519.0
2022-11-16 22:10:00,4067.0,4078.0,4067.0,4072.0,294.0,11973760.0,57513.0
2022-11-16 22:15:00,4071.0,4083.0,4066.0,4080.0,282.0,11496640.0,57653.0
2022-11-16 22:20:00,4084.0,4090.0,4081.0,4085.0,363.0,14829700.0,57643.0
2022-11-16 22:25:00,4085.0,4090.0,4080.0,4084.0,121.0,4942660.0,57632.0
2022-11-16 22:30:00,4083.0,4095.0,4081.0,4092.0,249.0,10186600.0,57513.0
2022-11-16 22:35:00,4092.0,4093.0,4086.0,4089.0,248.0,10141050.0,57403.0
2022-11-16 22:40:00,4090.0,4093.0,4084.0,4087.0,115.0,4702450.0,57404.0
2022-11-16 22:45:00,4089.0,4094.0,4086.0,4087.0,70.0,2861850.0,57413.0
2022-11-16 22:50:00,4086.0,4086.0,4070.0,4071.0,360.0,14676560.0,57354.0
2022-11-16 22:55:00,4070.0,4084.0,4069.0,4084.0,232.0,9455180.0,57296.0
2022-11-17 09:00:00,4071.0,4080.0,4061.0,4062.0,495.0,20144480.0,57270.0
2022-11-17 09:05:00,4061.0,4066.0,4050.0,4065.0,824.0,33429480.0,57321.0
2022-11-17 09:10:00,4064.0,4072.0,4054.0,4070.0,274.0,11131360.0,57324.0
2022-11-17 09:15:00,4071.0,4076.0,4065.0,4070.0,178.0,7246540.0,57336.0
2022-11-17 09:20:00,4067.0,4072.0,4065.0,4067.0,127.0,5167920.0,57350.0
2022-11-17 09:25:00,4066.0,4067.0,4050.0,4053.0,327.0,13256840.0,57470.0
2022-11-17 09:30:00,4052.0,4063.0,4052.0,4061.0,120.0,4869540.0,57427.0
2022-11-17 09:35:00,4061.0,4070.0,4060.0,4067.0,185.0,7518500.0,57384.0
2022-11-17 09:40:00,4068.0,4083.0,4068.0,4079.0,1373.0,55962870.0,57755.0
2022-11-17 09:45:00,4080.0,4084.0,4080.0,4084.0,137.0,5592810.0,57766.0
2022-11-17 09:50:00,4084.0,4085.0,4076.0,4076.0,89.0,3631810.0,57759.0
2022-11-17 09:55:00,4078.0,4078.0,4070.0,4075.0,143.0,5824200.0,57754.0
2022-11-17 10:00:00,4077.0,4080.0,4072.0,4072.0,363.0,14797620.0,57780.0
2022-11-17 10:05:00,4072.0,4072.0,4057.0,4057.0,472.0,19175130.0,57924.0
2022-11-17 10:10:00,4060.0,4061.0,4057.0,4059.0,86.0,3490560.0,57936.0
2022-11-17 10:30:00,4058.0,4062.0,4055.0,4062.0,227.0,9212620.0,57998.0
2022-11-17 10:35:00,4063.0,4067.0,4059.0,4066.0,81.0,3290890.0,57990.0
2022-11-17 10:40:00,4066.0,4066.0,4063.0,4066.0,42.0,1706850.0,58011.0
2022-11-17 10:45:00,4065.0,4068.0,4060.0,4066.0,74.0,3007690.0,58048.0
2022-11-17 10:50:00,4065.0,4065.0,4060.0,4061.0,92.0,3737990.0,58103.0
2022-11-17 10:55:00,4059.0,4066.0,4059.0,4065.0,23.0,934460.0,58097.0
2022-11-17 11:00:00,4065.0,4065.0,4042.0,4042.0,811.0,32852230.0,58335.0
2022-11-17 11:05:00,4042.0,4044.0,4028.0,4034.0,770.0,31063990.0,58366.0
2022-11-17 11:10:00,4034.0,4036.0,4023.0,4024.0,523.0,21079300.0,58223.0
2022-11-17 11:15:00,4025.0,4028.0,4005.0,4009.0,1605.0,64521370.0,58217.0
2022-11-17 11:20:00,4008.0,4014.0,4006.0,4013.0,395.0,15835350.0,58236.0
2022-11-17 11:25:00,4012.0,4016.0,4000.0,4003.0,682.0,27338660.0,58529.0
2022-11-17 13:30:00,4004.0,4004.0,3992.0,3993.0,755.0,30178010.0,58637.0
2022-11-17 13:35:00,3994.0,3998.0,3991.0,3996.0,199.0,7950640.0,58669.0
2022-11-17 13:40:00,3997.0,4001.0,3994.0,3994.0,414.0,16550840.0,58703.0
2022-11-17 13:45:00,3992.0,3992.0,3983.0,3985.0,411.0,16386740.0,58877.0
2022-11-17 13:50:00,3983.0,3988.0,3980.0,3987.0,455.0,18132300.0,58855.0
2022-11-17 13:55:00,3984.0,3989.0,3980.0,3985.0,338.0,13473290.0,59000.0
2022-11-17 14:00:00,3983.0,3983.0,3972.0,3978.0,459.0,18252440.0,59069.0
2022-11-17 14:05:00,3976.0,3985.0,3976.0,3983.0,662.0,26367490.0,59204.0
2022-11-17 14:10:00,3983.0,3993.0,3980.0,3988.0,1435.0,57212540.0,59607.0
2022-11-17 14:15:00,3986.0,3994.0,3985.0,3992.0,205.0,8179250.0,59684.0
2022-11-17 14:20:00,3994.0,3995.0,3988.0,3995.0,353.0,14087600.0,59776.0
2022-11-17 14:25:00,3993.0,3995.0,3990.0,3991.0,172.0,6868030.0,59833.0
2022-11-17 14:30:00,3990.0,4007.0,3987.0,4001.0,303.0,12110300.0,59850.0
2022-11-17 14:35:00,4003.0,4004.0,3994.0,3998.0,176.0,7038230.0,59887.0
2022-11-17 14:40:00,3998.0,3999.0,3987.0,3990.0,379.0,15127980.0,59856.0
2022-11-17 14:45:00,3991.0,3999.0,3988.0,3998.0,220.0,8785570.0,59898.0
2022-11-17 14:50:00,3998.0,4002.0,3996.0,3998.0,256.0,10238420.0,59833.0
2022-11-17 14:55:00,3999.0,4013.0,3999.0,4010.0,636.0,25487250.0,59693.0
2022-11-17 21:00:00,4000.0,4000.0,3972.0,3988.0,1916.0,76281200.0,60426.0
2022-11-17 21:05:00,3988.0,3995.0,3983.0,3992.0,1203.0,47985890.0,60163.0
2022-11-17 21:10:00,3992.0,3994.0,3975.0,3981.0,1582.0,63009980.0,60680.0
2022-11-17 21:15:00,3981.0,3982.0,3974.0,3980.0,633.0,25181150.0,60786.0
2022-11-17 21:20:00,3980.0,3986.0,3979.0,3985.0,384.0,15292900.0,60830.0
2022-11-17 21:25:00,3986.0,3987.0,3981.0,3984.0,733.0,29206040.0,60819.0
2022-11-17 21:30:00,3983.0,3991.0,3983.0,3990.0,502.0,20011250.0,60886.0
2022-11-17 21:35:00,3990.0,3990.0,3984.0,3986.0,228.0,9088280.0,60971.0
2022-11-17 21:40:00,3984.0,3986.0,3977.0,3979.0,215.0,8560030.0,61021.0
2022-11-17 21:45:00,3979.0,3980.0,3961.0,3963.0,983.0,39009040.0,61316.0
2022-11-17 21:50:00,3961.0,3967.0,3953.0,3957.0,1166.0,46180330.0,61110.0
2022-11-17 21:55:00,3957.0,3965.0,3954.0,3957.0,534.0,21145440.0,61234.0
2022-11-17 22:00:00,3956.0,3963.0,3952.0,3960.0,430.0,17015750.0,61227.0
2022-11-17 22:05:00,3963.0,3965.0,3958.0,3964.0,197.0,7805570.0,61142.0
2022-11-17 22:10:00,3964.0,3974.0,3964.0,3972.0,290.0,11507380.0,61029.0
2022-11-17 22:15:00,3970.0,3978.0,3970.0,3971.0,172.0,6836030.0,60971.0
2022-11-17 22:20:00,3970.0,3973.0,3965.0,3967.0,101.0,4008540.0,61001.0
2022-11-17 22:25:00,3966.0,3967.0,3960.0,3961.0,98.0,3884400.0,60995.0
2022-11-17 22:30:00,3961.0,3965.0,3960.0,3963.0,57.0,2258730.0,61008.0
2022-11-17 22:35:00,3966.0,3967.0,3962.0,3964.0,40.0,1586200.0,61033.0
2022-11-17 22:40:00,3964.0,3970.0,3964.0,3969.0,44.0,1746170.0,61041.0
2022-11-17 22:45:00,3970.0,3978.0,3967.0,3978.0,168.0,6674270.0,61025.0
2022-11-17 22:50:00,3978.0,3979.0,3970.0,3973.0,397.0,15784500.0,61019.0
2022-11-17 22:55:00,3973.0,3978.0,3967.0,3970.0,120.0,4770470.0,60996.0
2022-11-18 09:00:00,3961.0,3965.0,3956.0,3962.0,453.0,17939560.0,60968.0
2022-11-18 09:05:00,3960.0,3965.0,3948.0,3960.0,632.0,24988690.0,61142.0
2022-11-18 09:10:00,3961.0,3964.0,3958.0,3964.0,257.0,10183470.0,61178.0
2022-11-18 09:15:00,3961.0,3962.0,3955.0,3957.0,104.0,4116960.0,61209.0
2022-11-18 09:20:00,3956.0,3959.0,3953.0,3956.0,146.0,5773720.0,61258.0
2022-11-18 09:25:00,3957.0,3963.0,3957.0,3957.0,132.0,5226370.0,61260.0
2022-11-18 09:30:00,3957.0,3968.0,3957.0,3966.0,614.0,24331180.0,61378.0
2022-11-18 09:35:00,3965.0,3967.0,3959.0,3963.0,453.0,17949760.0,61697.0
2022-11-18 09:40:00,3963.0,3965.0,3960.0,3961.0,420.0,16642280.0,61854.0
2022-11-18 09:45:00,3963.0,3963.0,3955.0,3955.0,102.0,4036980.0,61904.0
2022-11-18 09:50:00,3956.0,3963.0,3955.0,3961.0,55.0,2176760.0,61900.0
2022-11-18 09:55:00,3960.0,3968.0,3958.0,3961.0,307.0,12165620.0,61969.0
2022-11-18 10:00:00,3958.0,3967.0,3958.0,3967.0,306.0,12128110.0,62085.0
2022-11-18 10:05:00,3966.0,3977.0,3966.0,3975.0,318.0,12633530.0,62116.0
2022-11-18 10:10:00,3975.0,3985.0,3973.0,3983.0,378.0,15044850.0,62026.0
2022-11-18 10:30:00,3983.0,3996.0,3981.0,3993.0,820.0,32725060.0,61915.0
2022-11-18 10:35:00,3990.0,4002.0,3990.0,3994.0,758.0,30299280.0,62347.0
2022-11-18 10:40:00,3991.0,3996.0,3983.0,3988.0,363.0,14483050.0,62444.0
2022-11-18 10:45:00,3990.0,3992.0,3981.0,3984.0,520.0,20745000.0,62837.0
2022-11-18 10:50:00,3985.0,3988.0,3979.0,3981.0,376.0,14974480.0,62897.0
2022-11-18 10:55:00,3981.0,3984.0,3975.0,3975.0,259.0,10306120.0,62750.0
2022-11-18 11:00:00,3975.0,3990.0,3972.0,3990.0,1111.0,44208510.0,62708.0
2022-11-18 11:05:00,3991.0,3992.0,3983.0,3989.0,119.0,4745740.0,62676.0
2022-11-18 11:10:00,3991.0,4002.0,3991.0,3994.0,422.0,16862120.0,62667.0
2022-11-18 11:15:00,3994.0,4002.0,3993.0,4001.0,326.0,13037850.0,62570.0
2022-11-18 11:20:00,4002.0,4010.0,4000.0,4010.0,341.0,13654630.0,62538.0
2022-11-18 11:25:00,4009.0,4013.0,4003.0,4008.0,404.0,16193430.0,62400.0
2022-11-18 13:30:00,4009.0,4010.0,3986.0,3991.0,816.0,32624340.0,62087.0
2022-11-18 13:35:00,3991.0,4005.0,3990.0,4002.0,211.0,8439570.0,62055.0
2022-11-18 13:40:00,4001.0,4002.0,3990.0,3994.0,94.0,3758100.0,62063.0
2022-11-18 13:45:00,3994.0,4006.0,3992.0,4006.0,696.0,27843430.0,62539.0
2022-11-18 13:50:00,4006.0,4006.0,3998.0,4000.0,220.0,8799290.0,62463.0
2022-11-18 13:55:00,4001.0,4003.0,4000.0,4000.0,86.0,3440570.0,62485.0
2022-11-18 14:00:00,3999.0,4001.0,3995.0,3995.0,69.0,2758010.0,62468.0
2022-11-18 14:05:00,3997.0,3998.0,3993.0,3993.0,81.0,3236360.0,62476.0
2022-11-18 14:10:00,3992.0,3992.0,3983.0,3988.0,253.0,10086850.0,62590.0
2022-11-18 14:15:00,3986.0,3996.0,3986.0,3992.0,369.0,14733150.0,62709.0
2022-11-18 14:20:00,3995.0,4000.0,3995.0,3997.0,143.0,5717010.0,62733.0
2022-11-18 14:25:00,3997.0,4003.0,3996.0,4001.0,167.0,6681140.0,62724.0
2022-11-18 14:30:00,3998.0,4007.0,3998.0,4005.0,759.0,30387090.0,63304.0
2022-11-18 14:35:00,4003.0,4008.0,3998.0,4008.0,219.0,8765150.0,63236.0
2022-11-18 14:40:00,4008.0,4008.0,3997.0,3997.0,659.0,26367170.0,62800.0
2022-11-18 14:45:00,3998.0,4003.0,3997.0,3997.0,300.0,11999240.0,62646.0
2022-11-18 14:50:00,3997.0,3999.0,3993.0,3993.0,320.0,12784760.0,62540.0
2022-11-18 14:55:00,3994.0,4000.0,3993.0,3997.0,259.0,10347410.0,62637.0
2022-11-18 21:00:00,3982.0,3982.0,3962.0,3968.0,1514.0,60147320.0,63152.0
2022-11-18 21:05:00,3968.0,3980.0,3964.0,3974.0,808.0,32102960.0,63436.0
2022-11-18 21:10:00,3974.0,3991.0,3971.0,3988.0,934.0,37226130.0,63620.0
2022-11-18 21:15:00,3988.0,3989.0,3978.0,3980.0,598.0,23829130.0,63353.0
2022-11-18 21:20:00,3978.0,3979.0,3962.0,3963.0,711.0,28211920.0,63267.0
2022-11-18 21:25:00,3963.0,3970.0,3958.0,3960.0,1182.0,46849510.0,63466.0
2022-11-18 21:30:00,3958.0,3966.0,3958.0,3965.0,398.0,15770800.0,63494.0
2022-11-18 21:35:00,3967.0,3977.0,3964.0,3976.0,442.0,17551200.0,63453.0
2022-11-18 21:40:00,3975.0,3976.0,3960.0,3963.0,518.0,20539930.0,63607.0
2022-11-18 21:45:00,3960.0,3972.0,3960.0,3967.0,118.0,4679010.0,63590.0
2022-11-18 21:50:00,3967.0,3968.0,3937.0,3944.0,1145.0,45197900.0,64073.0
2022-11-18 21:55:00,3942.0,3951.0,3942.0,3946.0,379.0,14956880.0,64024.0
2022-11-18 22:00:00,3944.0,3948.0,3939.0,3945.0,364.0,14350110.0,64182.0
2022-11-18 22:05:00,3944.0,3945.0,3935.0,3936.0,493.0,19421620.0,64337.0
2022-11-18 22:10:00,3935.0,3938.0,3931.0,3934.0,512.0,20144020.0,64422.0
2022-11-18 22:15:00,3932.0,3945.0,3932.0,3941.0,413.0,16261840.0,64283.0
2022-11-18 22:20:00,3941.0,3952.0,3938.0,3952.0,418.0,16491900.0,64371.0
2022-11-18 22:25:00,3952.0,3955.0,3947.0,3949.0,291.0,11496150.0,64331.0
2022-11-18 22:30:00,3947.0,3952.0,3945.0,3948.0,124.0,4895100.0,64356.0
2022-11-18 22:35:00,3947.0,3965.0,3947.0,3965.0,422.0,16709150.0,64372.0
2022-11-18 22:40:00,3966.0,3969.0,3962.0,3968.0,455.0,18050540.0,64297.0
2022-11-18 22:45:00,3968.0,3972.0,3962.0,3965.0,200.0,7933800.0,64240.0
2022-11-18 22:50:00,3967.0,3967.0,3960.0,3962.0,147.0,5826340.0,64258.0
2022-11-18 22:55:00,3962.0,3966.0,3951.0,3954.0,453.0,17937410.0,64150.0
2022-11-21 09:00:00,3968.0,3968.0,3935.0,3937.0,1804.0,71130570.0,64254.0
2022-11-21 09:05:00,3937.0,3948.0,3936.0,3937.0,529.0,20846300.0,64496.0
2022-11-21 09:10:00,3937.0,3941.0,3933.0,3939.0,1203.0,47348040.0,64191.0
2022-11-21 09:15:00,3937.0,3945.0,3923.0,3923.0,557.0,21901450.0,64479.0
2022-11-21 09:20:00,3923.0,3925.0,3915.0,3921.0,966.0,37871020.0,64743.0
2022-11-21 09:25:00,3920.0,3922.0,3912.0,3916.0,425.0,16651380.0,64888.0
2022-11-21 09:30:00,3919.0,3920.0,3909.0,3915.0,420.0,16437350.0,65097.0
2022-11-21 09:35:00,3915.0,3930.0,3913.0,3928.0,356.0,13953280.0,65189.0
2022-11-21 09:40:00,3928.0,3928.0,3917.0,3927.0,653.0,25617080.0,65200.0
2022-11-21 09:45:00,3925.0,3928.0,3913.0,3918.0,527.0,20636280.0,65300.0
2022-11-21 09:50:00,3918.0,3918.0,3902.0,3915.0,1487.0,58146950.0,65450.0
2022-11-21 09:55:00,3914.0,3915.0,3904.0,3906.0,495.0,19360320.0,65504.0
2022-11-21 10:00:00,3904.0,3905.0,3896.0,3897.0,655.0,25550450.0,65760.0
2022-11-21 10:05:00,3897.0,3902.0,3889.0,3894.0,669.0,26060200.0,65787.0
2022-11-21 10:10:00,3894.0,3896.0,3888.0,3889.0,304.0,11832170.0,65952.0
2022-11-21 10:30:00,3890.0,3895.0,3888.0,3890.0,872.0,33946320.0,66223.0
2022-11-21 10:35:00,3890.0,3898.0,3887.0,3894.0,920.0,35812350.0,66406.0
2022-11-21 10:40:00,3894.0,3898.0,3891.0,3894.0,324.0,12618320.0,66492.0
2022-11-21 10:45:00,3892.0,3895.0,3886.0,3888.0,619.0,24076000.0,66522.0
2022-11-21 10:50:00,3887.0,3891.0,3886.0,3889.0,334.0,12987930.0,66544.0
2022-11-21 10:55:00,3887.0,3895.0,3887.0,3893.0,186.0,7238010.0,66564.0
2022-11-21 11:00:00,3893.0,3902.0,3891.0,3900.0,608.0,23703400.0,66719.0
2022-11-21 11:05:00,3900.0,3900.0,3893.0,3897.0,235.0,9158340.0,66790.0
2022-11-21 11:10:00,3894.0,3897.0,3885.0,3887.0,448.0,17423450.0,66977.0
2022-11-21 11:15:00,3885.0,3890.0,3884.0,3888.0,222.0,8628540.0,67012.0
2022-11-21 11:20:00,3888.0,3898.0,3885.0,3895.0,123.0,4788620.0,67019.0
2022-11-21 11:25:00,3895.0,3897.0,3892.0,3892.0,112.0,4362380.0,67042.0
2022-11-21 13:30:00,3893.0,3902.0,3890.0,3894.0,172.0,6701120.0,67034.0
2022-11-21 13:35:00,3892.0,3897.0,3892.0,3896.0,262.0,10202750.0,67106.0
2022-11-21 13:40:00,3895.0,3901.0,3891.0,3901.0,328.0,12771540.0,67190.0
2022-11-21 13:45:00,3899.0,3903.0,3896.0,3900.0,532.0,20747370.0,67261.0
2022-11-21 13:50:00,3901.0,3907.0,3900.0,3900.0,562.0,21934250.0,67341.0
2022-11-21 13:55:00,3900.0,3905.0,3900.0,3905.0,123.0,4798620.0,67417.0
2022-11-21 14:00:00,3905.0,3907.0,3902.0,3904.0,222.0,8668440.0,67419.0
2022-11-21 14:05:00,3904.0,3909.0,3901.0,3901.0,221.0,8633820.0,67539.0
2022-11-21 14:10:00,3902.0,3909.0,3900.0,3908.0,152.0,5933620.0,67620.0
2022-11-21 14:15:00,3908.0,3908.0,3899.0,3903.0,113.0,4409670.0,67609.0
2022-11-21 14:20:00,3903.0,3911.0,3902.0,3910.0,276.0,10784840.0,67452.0
2022-11-21 14:25:00,3909.0,3912.0,3906.0,3908.0,105.0,4104290.0,67452.0
2022-11-21 14:30:00,3906.0,3908.0,3897.0,3900.0,124.0,4836140.0,67493.0
2022-11-21 14:35:00,3901.0,3901.0,3893.0,3898.0,241.0,9392130.0,67560.0
2022-11-21 14:40:00,3896.0,3898.0,3891.0,3897.0,91.0,3543570.0,67588.0
2022-11-21 14:45:00,3898.0,3900.0,3895.0,3898.0,208.0,8106280.0,67688.0
2022-11-21 14:50:00,3898.0,3899.0,3894.0,3894.0,69.0,2688680.0,67673.0
2022-11-21 14:55:00,3898.0,3904.0,3894.0,3898.0,283.0,11038750.0,67628.0
2022-11-21 21:00:00,3884.0,3924.0,3884.0,3918.0,1074.0,42045730.0,67627.0
2022-11-21 21:05:00,3918.0,3927.0,3917.0,3923.0,898.0,35220220.0,67172.0
2022-11-21 21:10:00,3923.0,3930.0,3917.0,3928.0,465.0,18239450.0,67007.0
2022-11-21 21:15:00,3929.0,3934.0,3926.0,3930.0,351.0,13794750.0,66979.0
2022-11-21 21:20:00,3929.0,3931.0,3922.0,3927.0,135.0,5299760.0,66951.0
2022-11-21 21:25:00,3927.0,3931.0,3924.0,3929.0,167.0,6560060.0,66942.0
2022-11-21 21:30:00,3930.0,3933.0,3926.0,3928.0,187.0,7348440.0,66961.0
2022-11-21 21:35:00,3929.0,3929.0,3913.0,3919.0,532.0,20842790.0,67055.0
2022-11-21 21:40:00,3919.0,3919.0,3914.0,3914.0,127.0,4973260.0,67043.0
2022-11-21 21:45:00,3917.0,3917.0,3908.0,3910.0,222.0,8682780.0,67072.0
2022-11-21 21:50:00,3909.0,3918.0,3909.0,3915.0,302.0,11819760.0,67148.0
2022-11-21 21:55:00,3913.0,3916.0,3910.0,3911.0,174.0,6807900.0,67166.0
2022-11-21 22:00:00,3912.0,3915.0,3908.0,3911.0,314.0,12282260.0,67168.0
2022-11-21 22:05:00,3911.0,3914.0,3909.0,3910.0,58.0,2268410.0,67187.0
2022-11-21 22:10:00,3910.0,3912.0,3902.0,3904.0,288.0,11251360.0,67267.0
2022-11-21 22:15:00,3904.0,3912.0,3903.0,3909.0,116.0,4533140.0,67280.0
2022-11-21 22:20:00,3908.0,3909.0,3896.0,3899.0,506.0,19729790.0,67414.0
2022-11-21 22:25:00,3897.0,3902.0,3896.0,3898.0,278.0,10841450.0,67368.0
2022-11-21 22:30:00,3896.0,3902.0,3895.0,3900.0,214.0,8340480.0,67343.0
2022-11-21 22:35:00,3900.0,3900.0,3886.0,3892.0,368.0,14318400.0,67387.0
2022-11-21 22:40:00,3893.0,3893.0,3882.0,3885.0,439.0,17059690.0,67407.0
2022-11-21 22:45:00,3885.0,3890.0,3880.0,3890.0,317.0,12308280.0,67453.0
2022-11-21 22:50:00,3890.0,3893.0,3888.0,3892.0,187.0,7276440.0,67407.0
2022-11-21 22:55:00,3891.0,3892.0,3886.0,3888.0,227.0,8830100.0,67485.0
2022-11-22 09:00:00,3910.0,3928.0,3906.0,3907.0,1027.0,40206230.0,67346.0
2022-11-22 09:05:00,3908.0,3913.0,3907.0,3909.0,163.0,6374220.0,67304.0
2022-11-22 09:10:00,3910.0,3912.0,3901.0,3903.0,206.0,8045760.0,67280.0
2022-11-22 09:15:00,3903.0,3904.0,3900.0,3902.0,132.0,5150340.0,67303.0
2022-11-22 09:20:00,3903.0,3910.0,3903.0,3905.0,333.0,13008130.0,67475.0
2022-11-22 09:25:00,3904.0,3910.0,3903.0,3908.0,219.0,8553140.0,67583.0
2022-11-22 09:30:00,3907.0,3917.0,3906.0,3914.0,307.0,12016260.0,67625.0
2022-11-22 09:35:00,3914.0,3917.0,3907.0,3913.0,92.0,3599240.0,67634.0
2022-11-22 09:40:00,3913.0,3916.0,3906.0,3910.0,187.0,7310620.0,67645.0
2022-11-22 09:45:00,3912.0,3913.0,3893.0,3893.0,319.0,12437410.0,67699.0
2022-11-22 09:50:00,3894.0,3898.0,3892.0,3894.0,535.0,20841840.0,67918.0
2022-11-22 09:55:00,3895.0,3895.0,3890.0,3894.0,105.0,4087350.0,67975.0
2022-11-22 10:00:00,3894.0,3894.0,3889.0,3890.0,181.0,7042140.0,67980.0
2022-11-22 10:05:00,3890.0,3893.0,3888.0,3890.0,104.0,4045400.0,67998.0
2022-11-22 10:10:00,3891.0,3899.0,3890.0,3898.0,183.0,7128450.0,67995.0
2022-11-22 10:30:00,3899.0,3900.0,3887.0,3888.0,318.0,12376680.0,68074.0
2022-11-22 10:35:00,3888.0,3895.0,3888.0,3895.0,125.0,4866100.0,68041.0
2022-11-22 10:40:00,3896.0,3901.0,3896.0,3899.0,348.0,13568230.0,68003.0
2022-11-22 10:45:00,3898.0,3905.0,3898.0,3903.0,156.0,6086070.0,67981.0
2022-11-22 10:50:00,3904.0,3905.0,3901.0,3902.0,43.0,1678390.0,67973.0
2022-11-22 10:55:00,3901.0,3905.0,3898.0,3903.0,534.0,20827830.0,68219.0
2022-11-22 11:00:00,3903.0,3906.0,3898.0,3898.0,198.0,7727230.0,68341.0
2022-11-22 11:05:00,3900.0,3905.0,3898.0,3900.0,137.0,5345080.0,68411.0
2022-11-22 11:10:00,3900.0,3910.0,3900.0,3910.0,587.0,22932500.0,68606.0
2022-11-22 11:15:00,3908.0,3908.0,3902.0,3906.0,71.0,2773020.0,68641.0
2022-11-22 11:20:00,3905.0,3910.0,3905.0,3908.0,168.0,6565440.0,68667.0
2022-11-22 11:25:00,3909.0,3912.0,3904.0,3912.0,260.0,10162260.0,68594.0
2022-11-22 13:30:00,3912.0,3922.0,3911.0,3916.0,533.0,20882090.0,68363.0
2022-11-22 13:35:00,3917.0,3918.0,3910.0,3916.0,206.0,8061470.0,68349.0
2022-11-22 13:40:00,3914.0,3922.0,3912.0,3919.0,348.0,13630540.0,68288.0
2022-11-22 13:45:00,3918.0,3932.0,3918.0,3929.0,709.0,27850590.0,68240.0
2022-11-22 13:50:00,3927.0,3930.0,3916.0,3917.0,1241.0,48697900.0,68578.0
2022-11-22 13:55:00,3916.0,3920.0,3912.0,3918.0,357.0,13978460.0,68496.0
2022-11-22 14:00:00,3919.0,3925.0,3917.0,3925.0,229.0,8977450.0,68549.0
2022-11-22 14:05:00,3924.0,3926.0,3918.0,3920.0,131.0,5138950.0,68536.0
2022-11-22 14:10:00,3920.0,3921.0,3915.0,3921.0,128.0,5014660.0,68511.0
2022-11-22 14:15:00,3921.0,3922.0,3917.0,3917.0,207.0,8110710.0,68430.0
2022-11-22 14:20:00,3916.0,3919.0,3912.0,3916.0,410.0,16051750.0,68286.0
2022-11-22 14:25:00,3916.0,3916.0,3907.0,3908.0,677.0,26471500.0,68171.0
2022-11-22 14:30:00,3908.0,3913.0,3907.0,3911.0,209.0,8170740.0,68202.0
2022-11-22 14:35:00,3911.0,3918.0,3910.0,3917.0,93.0,3639910.0,68185.0
2022-11-22 14:40:00,3917.0,3918.0,3908.0,3909.0,143.0,5591480.0,68204.0
2022-11-22 14:45:00,3910.0,3917.0,3909.0,3914.0,192.0,7512700.0,68289.0
2022-11-22 14:50:00,3914.0,3915.0,3909.0,3914.0,90.0,3520680.0,68297.0
2022-11-22 14:55:00,3914.0,3916.0,3906.0,3906.0,1094.0,42797680.0,68530.0
2022-11-22 21:00:00,3910.0,3922.0,3910.0,3918.0,615.0,24091220.0,68668.0
2022-11-22 21:05:00,3918.0,3918.0,3910.0,3916.0,687.0,26888110.0,68775.0
2022-11-22 21:10:00,3918.0,3919.0,3912.0,3918.0,213.0,8340810.0,68775.0
2022-11-22 21:15:00,3918.0,3931.0,3918.0,3930.0,394.0,15466870.0,68686.0
2022-11-22 21:20:00,3930.0,3941.0,3927.0,3936.0,966.0,38026160.0,68498.0
2022-11-22 21:25:00,3936.0,3936.0,3930.0,3935.0,334.0,13136590.0,68475.0
2022-11-22 21:30:00,3936.0,3937.0,3926.0,3927.0,268.0,10533040.0,68473.0
2022-11-22 21:35:00,3927.0,3931.0,3923.0,3925.0,225.0,8834710.0,68482.0
2022-11-22 21:40:00,3925.0,3929.0,3925.0,3928.0,412.0,16181220.0,68635.0
2022-11-22 21:45:00,3927.0,3928.0,3916.0,3917.0,656.0,25722370.0,68920.0
2022-11-22 21:50:00,3917.0,3923.0,3914.0,3921.0,860.0,33702660.0,69345.0
2022-11-22 21:55:00,3924.0,3924.0,3917.0,3922.0,343.0,13447880.0,69514.0
2022-11-22 22:00:00,3922.0,3923.0,3917.0,3918.0,109.0,4272580.0,69504.0
2022-11-22 22:05:00,3920.0,3920.0,3918.0,3920.0,254.0,9955270.0,69663.0
2022-11-22 22:10:00,3921.0,3925.0,3919.0,3921.0,245.0,9608040.0,69782.0
2022-11-22 22:15:00,3921.0,3923.0,3920.0,3923.0,64.0,2509930.0,69780.0
2022-11-22 22:20:00,3923.0,3931.0,3922.0,3931.0,279.0,10956390.0,69685.0
2022-11-22 22:25:00,3929.0,3931.0,3928.0,3930.0,62.0,2436310.0,69657.0
2022-11-22 22:30:00,3931.0,3934.0,3920.0,3923.0,390.0,15312710.0,69750.0
2022-11-22 22:35:00,3923.0,3926.0,3922.0,3922.0,83.0,3255970.0,69749.0
2022-11-22 22:40:00,3922.0,3924.0,3920.0,3924.0,158.0,6195070.0,69848.0
2022-11-22 22:45:00,3921.0,3924.0,3921.0,3921.0,78.0,3059070.0,69883.0
2022-11-22 22:50:00,3921.0,3921.0,3916.0,3917.0,212.0,8305470.0,69961.0
2022-11-22 22:55:00,3917.0,3921.0,3917.0,3919.0,122.0,4780920.0,69968.0
2022-11-23 09:00:00,3921.0,3930.0,3917.0,3930.0,522.0,20483790.0,70056.0
2022-11-23 09:05:00,3930.0,3933.0,3925.0,3925.0,454.0,17839650.0,70162.0
2022-11-23 09:10:00,3924.0,3924.0,3918.0,3921.0,503.0,19716730.0,70208.0
2022-11-23 09:15:00,3922.0,3926.0,3922.0,3923.0,74.0,2903850.0,70213.0
2022-11-23 09:20:00,3923.0,3926.0,3921.0,3926.0,59.0,2314590.0,70210.0
2022-11-23 09:25:00,3926.0,3927.0,3920.0,3920.0,185.0,7255360.0,70137.0
2022-11-23 09:30:00,3920.0,3921.0,3916.0,3921.0,105.0,4114890.0,70131.0
2022-11-23 09:35:00,3920.0,3920.0,3917.0,3917.0,129.0,5055300.0,70120.0
2022-11-23 09:40:00,3917.0,3918.0,3915.0,3915.0,107.0,4189820.0,70151.0
2022-11-23 09:45:00,3915.0,3919.0,3914.0,3914.0,125.0,4895480.0,70141.0
2022-11-23 09:50:00,3915.0,3915.0,3905.0,3911.0,679.0,26542490.0,70170.0
2022-11-23 09:55:00,3912.0,3919.0,3911.0,3916.0,221.0,8651890.0,70229.0
2022-11-23 10:00:00,3914.0,3916.0,3906.0,3907.0,692.0,27066990.0,70216.0
2022-11-23 10:05:00,3906.0,3911.0,3905.0,3911.0,380.0,14852620.0,70454.0
2022-11-23 10:10:00,3910.0,3915.0,3908.0,3912.0,203.0,7938340.0,70600.0
2022-11-23 10:30:00,3911.0,3912.0,3908.0,3911.0,374.0,14627330.0,70731.0
2022-11-23 10:35:00,3911.0,3911.0,3906.0,3907.0,231.0,9026500.0,70819.0
2022-11-23 10:40:00,3906.0,3908.0,3900.0,3901.0,827.0,32281850.0,71328.0
2022-11-23 10:45:00,3902.0,3905.0,3891.0,3900.0,830.0,32343890.0,71747.0
2022-11-23 10:50:00,3900.0,3905.0,3898.0,3899.0,304.0,11860080.0,71855.0
2022-11-23 10:55:00,3899.0,3913.0,3899.0,3912.0,286.0,11173860.0,71981.0
2022-11-23 11:00:00,3912.0,3913.0,3906.0,3906.0,218.0,8523260.0,72062.0
2022-11-23 11:05:00,3906.0,3909.0,3906.0,3906.0,130.0,5079540.0,72108.0
2022-11-23 11:10:00,3906.0,3914.0,3906.0,3909.0,196.0,7662290.0,72236.0
2022-11-23 11:15:00,3909.0,3910.0,3905.0,3907.0,205.0,8008820.0,72368.0
2022-11-23 11:20:00,3907.0,3912.0,3906.0,3912.0,163.0,6372530.0,72465.0
2022-11-23 11:25:00,3913.0,3913.0,3905.0,3906.0,228.0,8911370.0,72569.0
2022-11-23 13:30:00,3906.0,3906.0,3887.0,3888.0,762.0,29682880.0,72930.0
2022-11-23 13:35:00,3887.0,3900.0,3887.0,3888.0,384.0,14951810.0,73028.0
2022-11-23 13:40:00,3888.0,3894.0,3887.0,3893.0,352.0,13694220.0,73212.0
2022-11-23 13:45:00,3895.0,3902.0,3891.0,3899.0,471.0,18353090.0,73301.0
2022-11-23 13:50:00,3900.0,3900.0,3892.0,3897.0,330.0,12859880.0,73500.0
2022-11-23 13:55:00,3897.0,3902.0,3895.0,3900.0,380.0,14816580.0,73618.0
2022-11-23 14:00:00,3900.0,3904.0,3897.0,3898.0,427.0,16649460.0,73964.0
2022-11-23 14:05:00,3898.0,3901.0,3892.0,3895.0,478.0,18623590.0,74202.0
2022-11-23 14:10:00,3895.0,3896.0,3890.0,3893.0,392.0,15256420.0,74498.0
2022-11-23 14:15:00,3893.0,3902.0,3892.0,3900.0,634.0,24712140.0,74671.0
2022-11-23 14:20:00,3899.0,3910.0,3899.0,3909.0,689.0,26902070.0,74767.0
2022-11-23 14:25:00,3909.0,3911.0,3904.0,3906.0,503.0,19655800.0,75064.0
2022-11-23 14:30:00,3906.0,3908.0,3903.0,3907.0,435.0,16989390.0,74873.0
2022-11-23 14:35:00,3906.0,3914.0,3906.0,3911.0,524.0,20488780.0,74905.0
2022-11-23 14:40:00,3911.0,3918.0,3909.0,3909.0,316.0,12364980.0,74981.0
2022-11-23 14:45:00,3909.0,3911.0,3902.0,3903.0,276.0,10779310.0,75147.0
2022-11-23 14:50:00,3904.0,3910.0,3902.0,3910.0,287.0,11211460.0,75187.0
2022-11-23 14:55:00,3909.0,3912.0,3906.0,3911.0,406.0,15870930.0,75267.0
2022-11-23 21:00:00,3898.0,3909.0,3891.0,3904.0,891.0,34769200.0,75320.0
2022-11-23 21:05:00,3904.0,3910.0,3900.0,3910.0,458.0,17883370.0,75250.0
2022-11-23 21:10:00,3909.0,3911.0,3905.0,3905.0,533.0,20835500.0,75449.0
2022-11-23 21:15:00,3908.0,3909.0,3899.0,3909.0,620.0,24196500.0,75628.0
2022-11-23 21:20:00,3909.0,3914.0,3905.0,3912.0,310.0,12121680.0,75560.0
2022-11-23 21:25:00,3913.0,3923.0,3913.0,3916.0,547.0,21430290.0,75581.0
2022-11-23 21:30:00,3917.0,3919.0,3914.0,3919.0,201.0,7873300.0,75568.0
2022-11-23 21:35:00,3919.0,3920.0,3915.0,3919.0,193.0,7559430.0,75586.0
2022-11-23 21:40:00,3920.0,3922.0,3916.0,3919.0,406.0,15914490.0,75655.0
2022-11-23 21:45:00,3920.0,3920.0,3914.0,3917.0,181.0,7090650.0,75667.0
2022-11-23 21:50:00,3916.0,3920.0,3915.0,3918.0,212.0,8303770.0,75631.0
2022-11-23 21:55:00,3917.0,3925.0,3915.0,3923.0,317.0,12429950.0,75660.0
2022-11-23 22:00:00,3923.0,3951.0,3917.0,3945.0,1284.0,50596190.0,75519.0
2022-11-23 22:05:00,3946.0,3951.0,3938.0,3938.0,626.0,24703180.0,75676.0
2022-11-23 22:10:00,3937.0,3939.0,3928.0,3928.0,299.0,11760830.0,75708.0
2022-11-23 22:15:00,3930.0,3938.0,3928.0,3936.0,310.0,12196390.0,75776.0
2022-11-23 22:20:00,3936.0,3939.0,3933.0,3934.0,190.0,7480530.0,75834.0
2022-11-23 22:25:00,3935.0,3947.0,3935.0,3947.0,200.0,7882870.0,75754.0
2022-11-23 22:30:00,3947.0,3952.0,3944.0,3949.0,688.0,27169900.0,75619.0
2022-11-23 22:35:00,3950.0,3950.0,3940.0,3948.0,408.0,16095640.0,75572.0
2022-11-23 22:40:00,3949.0,3950.0,3938.0,3943.0,345.0,13598550.0,75593.0
2022-11-23 22:45:00,3944.0,3946.0,3938.0,3942.0,101.0,3981500.0,75588.0
2022-11-23 22:50:00,3942.0,3944.0,3938.0,3938.0,165.0,6501350.0,75553.0
2022-11-23 22:55:00,3939.0,3943.0,3937.0,3939.0,145.0,5713450.0,75532.0
2022-11-24 09:00:00,3939.0,3941.0,3921.0,3931.0,764.0,30017680.0,75659.0
2022-11-24 09:05:00,3930.0,3944.0,3923.0,3943.0,578.0,22741960.0,75725.0
2022-11-24 09:10:00,3943.0,3947.0,3933.0,3937.0,1081.0,42608490.0,75705.0
2022-11-24 09:15:00,3938.0,3943.0,3932.0,3942.0,475.0,18711830.0,75572.0
2022-11-24 09:20:00,3941.0,3947.0,3940.0,3947.0,578.0,22796650.0,75498.0
2022-11-24 09:25:00,3946.0,3954.0,3945.0,3950.0,683.0,26981170.0,75546.0
2022-11-24 09:30:00,3952.0,3970.0,3949.0,3957.0,828.0,32797720.0,75345.0
2022-11-24 09:35:00,3957.0,3960.0,3936.0,3947.0,905.0,35715310.0,75574.0
2022-11-24 09:40:00,3945.0,3948.0,3942.0,3944.0,160.0,6312400.0,75574.0
2022-11-24 09:45:00,3944.0,3944.0,3935.0,3938.0,472.0,18594920.0,75770.0
2022-11-24 09:50:00,3939.0,3943.0,3935.0,3943.0,181.0,7129840.0,75788.0
2022-11-24 09:55:00,3942.0,3945.0,3940.0,3943.0,152.0,5992810.0,75860.0
2022-11-24 10:00:00,3942.0,3948.0,3942.0,3943.0,496.0,19562950.0,76028.0
2022-11-24 10:05:00,3944.0,3946.0,3939.0,3944.0,154.0,6072210.0,76073.0
2022-11-24 10:10:00,3944.0,3951.0,3944.0,3946.0,150.0,5922860.0,76069.0
2022-11-24 10:30:00,3946.0,3952.0,3946.0,3948.0,313.0,12361520.0,76101.0
2022-11-24 10:35:00,3949.0,3951.0,3942.0,3951.0,95.0,3749870.0,76121.0
2022-11-24 10:40:00,3951.0,3955.0,3950.0,3954.0,197.0,7786900.0,76181.0
2022-11-24 10:45:00,3955.0,3962.0,3954.0,3961.0,348.0,13778780.0,76267.0
2022-11-24 10:50:00,3963.0,3966.0,3956.0,3958.0,358.0,14182590.0,76341.0
2022-11-24 10:55:00,3959.0,3970.0,3956.0,3964.0,551.0,21844970.0,76419.0
2022-11-24 11:00:00,3967.0,3985.0,3965.0,3983.0,1019.0,40542370.0,76346.0
2022-11-24 11:05:00,3985.0,3992.0,3979.0,3989.0,817.0,32568880.0,76223.0
2022-11-24 11:10:00,3990.0,3990.0,3972.0,3981.0,920.0,36613230.0,75771.0
2022-11-24 11:15:00,3982.0,3985.0,3973.0,3979.0,369.0,14674900.0,75642.0
2022-11-24 11:20:00,3979.0,3986.0,3978.0,3978.0,206.0,8204100.0,75547.0
2022-11-24 11:25:00,3978.0,3984.0,3975.0,3983.0,285.0,11337280.0,75537.0
2022-11-24 13:30:00,3983.0,3991.0,3971.0,3983.0,588.0,23392380.0,75393.0
2022-11-24 13:35:00,3984.0,3999.0,3981.0,3997.0,913.0,36465430.0,75103.0
2022-11-24 13:40:00,3997.0,4003.0,3994.0,3997.0,629.0,25150620.0,75069.0
2022-11-24 13:45:00,3999.0,4006.0,3995.0,4002.0,860.0,34420870.0,74988.0
2022-11-24 13:50:00,4002.0,4004.0,3992.0,3999.0,503.0,20107810.0,74926.0
2022-11-24 13:55:00,3999.0,4002.0,3997.0,4001.0,398.0,15918900.0,74818.0
2022-11-24 14:00:00,4002.0,4011.0,4002.0,4010.0,693.0,27759700.0,74790.0
2022-11-24 14:05:00,4012.0,4015.0,4006.0,4014.0,408.0,16367440.0,74726.0
2022-11-24 14:10:00,4013.0,4019.0,4012.0,4018.0,520.0,20885710.0,74698.0
2022-11-24 14:15:00,4019.0,4020.0,4010.0,4013.0,551.0,22122610.0,74524.0
2022-11-24 14:20:00,4015.0,4019.0,4011.0,4011.0,632.0,25375560.0,74369.0
2022-11-24 14:25:00,4011.0,4013.0,4005.0,4010.0,651.0,26096450.0,74182.0
2022-11-24 14:30:00,4011.0,4012.0,3999.0,4004.0,835.0,33429780.0,74212.0
2022-11-24 14:35:00,4003.0,4005.0,4000.0,4005.0,523.0,20927060.0,74180.0
2022-11-24 14:40:00,4004.0,4014.0,4003.0,4013.0,286.0,11458410.0,74261.0
2022-11-24 14:45:00,4014.0,4022.0,4013.0,4020.0,404.0,16234200.0,74241.0
2022-11-24 14:50:00,4020.0,4026.0,4016.0,4016.0,937.0,37686990.0,74095.0
2022-11-24 14:55:00,4015.0,4026.0,4011.0,4026.0,652.0,26196500.0,73810.0
2022-11-24 21:00:00,4030.0,4040.0,4019.0,4026.0,1758.0,70844650.0,73871.0
2022-11-24 21:05:00,4026.0,4033.0,4020.0,4024.0,1069.0,43032900.0,74132.0
2022-11-24 21:10:00,4022.0,4022.0,4014.0,4018.0,984.0,39536150.0,74429.0
2022-11-24 21:15:00,4018.0,4022.0,4013.0,4014.0,542.0,21770320.0,74415.0
2022-11-24 21:20:00,4015.0,4016.0,4005.0,4008.0,800.0,32081360.0,74502.0
2022-11-24 21:25:00,4008.0,4013.0,4006.0,4006.0,351.0,14073330.0,74428.0
2022-11-24 21:30:00,4006.0,4013.0,4000.0,4000.0,499.0,19992540.0,74437.0
2022-11-24 21:35:00,4000.0,4006.0,3999.0,4004.0,528.0,21133080.0,74524.0
2022-11-24 21:40:00,4004.0,4008.0,3997.0,4002.0,408.0,16333280.0,74693.0
2022-11-24 21:45:00,4000.0,4004.0,3998.0,3998.0,232.0,9280360.0,74704.0
2022-11-24 21:50:00,3998.0,4001.0,3996.0,3998.0,463.0,18511680.0,74866.0
2022-11-24 21:55:00,3998.0,4002.0,3994.0,3999.0,572.0,22862540.0,74703.0
2022-11-24 22:00:00,3999.0,4007.0,3999.0,4005.0,328.0,13130560.0,74715.0
2022-11-24 22:05:00,4005.0,4010.0,4004.0,4010.0,295.0,11820980.0,74768.0
2022-11-24 22:10:00,4009.0,4009.0,4005.0,4006.0,171.0,6850740.0,74730.0
2022-11-24 22:15:00,4007.0,4015.0,4006.0,4015.0,313.0,12556530.0,74709.0
2022-11-24 22:20:00,4013.0,4016.0,4009.0,4010.0,269.0,10794220.0,74626.0
2022-11-24 22:25:00,4011.0,4012.0,4006.0,4010.0,141.0,5652730.0,74643.0
2022-11-24 22:30:00,4010.0,4013.0,4010.0,4011.0,69.0,2767990.0,74645.0
2022-11-24 22:35:00,4010.0,4012.0,4007.0,4010.0,287.0,11503550.0,74836.0
2022-11-24 22:40:00,4010.0,4011.0,4007.0,4008.0,83.0,3327920.0,74841.0
2022-11-24 22:45:00,4009.0,4012.0,4009.0,4011.0,149.0,5977160.0,74819.0
2022-11-24 22:50:00,4011.0,4011.0,4009.0,4011.0,125.0,5013110.0,74746.0
2022-11-24 22:55:00,4011.0,4014.0,4010.0,4011.0,171.0,6860010.0,74746.0
2022-11-25 09:00:00,4015.0,4016.0,4003.0,4009.0,881.0,35307620.0,74658.0
2022-11-25 09:05:00,4010.0,4017.0,4003.0,4016.0,489.0,19612220.0,74648.0
2022-11-25 09:10:00,4015.0,4021.0,4011.0,4017.0,410.0,16473920.0,74622.0
2022-11-25 09:15:00,4014.0,4024.0,4014.0,4022.0,477.0,19176780.0,74534.0
2022-11-25 09:20:00,4022.0,4024.0,4017.0,4023.0,250.0,10050460.0,74565.0
2022-11-25 09:25:00,4022.0,4022.0,4009.0,4011.0,547.0,21946770.0,74828.0
2022-11-25 09:30:00,4012.0,4015.0,3988.0,3993.0,1021.0,40844990.0,75274.0
2022-11-25 09:35:00,3993.0,3999.0,3989.0,3997.0,919.0,36700060.0,75392.0
2022-11-25 09:40:00,3997.0,4000.0,3989.0,3998.0,748.0,29881870.0,75527.0
2022-11-25 09:45:00,3997.0,4004.0,3994.0,3997.0,409.0,16359090.0,75508.0
2022-11-25 09:50:00,3996.0,3997.0,3986.0,3993.0,557.0,22224320.0,75507.0
2022-11-25 09:55:00,3993.0,4003.0,3993.0,3999.0,415.0,16592800.0,75564.0
2022-11-25 10:00:00,3999.0,4007.0,3999.0,4007.0,331.0,13249080.0,75582.0
2022-11-25 10:05:00,4007.0,4012.0,4003.0,4007.0,308.0,12342230.0,75506.0
2022-11-25 10:10:00,4007.0,4011.0,4006.0,4008.0,250.0,10020870.0,75617.0
2022-11-25 10:30:00,4008.0,4012.0,4002.0,4012.0,1048.0,41996210.0,76151.0
2022-11-25 10:35:00,4012.0,4016.0,4008.0,4014.0,462.0,18535260.0,76184.0
2022-11-25 10:40:00,4012.0,4015.0,4009.0,4013.0,203.0,8144720.0,76199.0
2022-11-25 10:45:00,4013.0,4020.0,4013.0,4013.0,1082.0,43442400.0,76897.0
2022-11-25 10:50:00,4015.0,4017.0,4007.0,4007.0,660.0,26470740.0,77064.0
2022-11-25 10:55:00,4007.0,4009.0,3996.0,4002.0,353.0,14123050.0,77189.0
2022-11-25 11:00:00,4000.0,4008.0,4000.0,4007.0,362.0,14490500.0,77300.0
2022-11-25 11:05:00,4006.0,4013.0,4003.0,4003.0,257.0,10302380.0,77342.0
2022-11-25 11:10:00,4002.0,4008.0,4000.0,4004.0,353.0,14130890.0,77241.0
2022-11-25 11:15:00,4004.0,4010.0,4002.0,4008.0,220.0,8813050.0,77302.0
2022-11-25 11:20:00,4008.0,4013.0,4008.0,4009.0,199.0,7980810.0,77317.0
2022-11-25 11:25:00,4009.0,4015.0,4008.0,4013.0,124.0,4974010.0,77343.0
2022-11-25 13:30:00,4014.0,4022.0,4014.0,4020.0,547.0,21984270.0,77400.0
2022-11-25 13:35:00,4019.0,4021.0,4013.0,4017.0,269.0,10803870.0,77400.0
2022-11-25 13:40:00,4017.0,4018.0,4011.0,4016.0,257.0,10317460.0,77445.0
2022-11-25 13:45:00,4016.0,4020.0,4012.0,4020.0,493.0,19797720.0,77501.0
2022-11-25 13:50:00,4020.0,4024.0,4017.0,4018.0,680.0,27342650.0,77583.0
2022-11-25 13:55:00,4020.0,4024.0,4020.0,4023.0,371.0,14923380.0,77646.0
2022-11-25 14:00:00,4023.0,4026.0,4018.0,4021.0,458.0,18426060.0,77587.0
2022-11-25 14:05:00,4021.0,4022.0,4014.0,4018.0,263.0,10565780.0,77646.0
2022-11-25 14:10:00,4018.0,4019.0,4012.0,4014.0,186.0,7469800.0,77613.0
2022-11-25 14:15:00,4014.0,4019.0,4014.0,4017.0,160.0,6425800.0,77601.0
2022-11-25 14:20:00,4017.0,4022.0,4017.0,4017.0,229.0,9206430.0,77639.0
2022-11-25 14:25:00,4017.0,4020.0,4011.0,4015.0,348.0,13968370.0,77621.0
2022-11-25 14:30:00,4016.0,4019.0,4015.0,4017.0,140.0,5623450.0,77648.0
2022-11-25 14:35:00,4017.0,4020.0,4011.0,4014.0,275.0,11040370.0,77696.0
2022-11-25 14:40:00,4014.0,4021.0,4013.0,4016.0,376.0,15101190.0,77816.0
2022-11-25 14:45:00,4015.0,4018.0,4015.0,4017.0,196.0,7872240.0,77883.0
2022-11-25 14:50:00,4016.0,4023.0,4015.0,4020.0,313.0,12579440.0,77840.0
2022-11-25 14:55:00,4021.0,4029.0,4020.0,4028.0,503.0,20243320.0,77836.0
2022-11-25 21:00:00,4036.0,4036.0,4007.0,4010.0,1517.0,60993680.0,78087.0
2022-11-25 21:05:00,4011.0,4017.0,4007.0,4012.0,480.0,19258670.0,78195.0
2022-11-25 21:10:00,4015.0,4023.0,4015.0,4016.0,385.0,15471880.0,78181.0
2022-11-25 21:15:00,4018.0,4021.0,4003.0,4006.0,703.0,28177550.0,78386.0
2022-11-25 21:20:00,4006.0,4011.0,4004.0,4006.0,629.0,25202710.0,78400.0
2022-11-25 21:25:00,4005.0,4006.0,3998.0,4002.0,647.0,25892570.0,78607.0
2022-11-25 21:30:00,4001.0,4008.0,4001.0,4006.0,452.0,18099960.0,78660.0
2022-11-25 21:35:00,4005.0,4010.0,4001.0,4003.0,555.0,22228140.0,78590.0
2022-11-25 21:40:00,4002.0,4008.0,4000.0,4007.0,535.0,21423120.0,78772.0
2022-11-25 21:45:00,4006.0,4012.0,4006.0,4012.0,262.0,10505720.0,78823.0
2022-11-25 21:50:00,4011.0,4017.0,4011.0,4016.0,315.0,12646800.0,78805.0
2022-11-25 21:55:00,4016.0,4017.0,4011.0,4012.0,233.0,9351290.0,78758.0
2022-11-25 22:00:00,4012.0,4015.0,4008.0,4011.0,397.0,15926560.0,78709.0
2022-11-25 22:05:00,4009.0,4013.0,4006.0,4008.0,228.0,9142660.0,78748.0
2022-11-25 22:10:00,4007.0,4008.0,4005.0,4007.0,135.0,5408700.0,78749.0
2022-11-25 22:15:00,4008.0,4009.0,4001.0,4001.0,183.0,7327640.0,78814.0
2022-11-25 22:20:00,4001.0,4001.0,3985.0,3992.0,1233.0,49233300.0,79085.0
2022-11-25 22:25:00,3991.0,3997.0,3990.0,3990.0,722.0,28831910.0,79172.0
2022-11-25 22:30:00,3992.0,3992.0,3981.0,3983.0,858.0,34198060.0,79409.0
2022-11-25 22:35:00,3983.0,3991.0,3983.0,3989.0,351.0,13992590.0,79484.0
2022-11-25 22:40:00,3989.0,3994.0,3988.0,3990.0,822.0,32801870.0,79963.0
2022-11-25 22:45:00,3991.0,4001.0,3990.0,3997.0,598.0,23898130.0,79874.0
2022-11-25 22:50:00,3997.0,4003.0,3997.0,4001.0,340.0,13601080.0,79820.0
2022-11-25 22:55:00,4001.0,4004.0,4000.0,4000.0,352.0,14087810.0,79753.0
2022-11-28 09:00:00,3982.0,3982.0,3930.0,3931.0,4961.0,196094070.0,81195.0
2022-11-28 09:05:00,3931.0,3948.0,3922.0,3940.0,2466.0,97077440.0,81539.0
2022-11-28 09:10:00,3941.0,3957.0,3938.0,3944.0,1687.0,66616600.0,82146.0
2022-11-28 09:15:00,3944.0,3944.0,3920.0,3922.0,1899.0,74609980.0,82781.0
2022-11-28 09:20:00,3922.0,3927.0,3914.0,3922.0,2394.0,93877520.0,83035.0
2022-11-28 09:25:00,3922.0,3923.0,3912.0,3914.0,1022.0,40044470.0,83313.0
2022-11-28 09:30:00,3913.0,3916.0,3908.0,3911.0,1109.0,43382260.0,83528.0
2022-11-28 09:35:00,3910.0,3914.0,3902.0,3905.0,1292.0,50478990.0,83857.0
2022-11-28 09:40:00,3907.0,3908.0,3899.0,3901.0,1250.0,48772170.0,84183.0
2022-11-28 09:45:00,3901.0,3901.0,3893.0,3895.0,1194.0,46528800.0,84094.0
2022-11-28 09:50:00,3895.0,3909.0,3894.0,3906.0,1104.0,43108920.0,84127.0
2022-11-28 09:55:00,3906.0,3918.0,3903.0,3903.0,1349.0,52785950.0,84154.0
2022-11-28 10:00:00,3903.0,3912.0,3900.0,3911.0,839.0,32766420.0,84558.0
2022-11-28 10:05:00,3908.0,3921.0,3908.0,3916.0,697.0,27288220.0,84447.0
2022-11-28 10:10:00,3915.0,3922.0,3912.0,3916.0,834.0,32685780.0,84573.0
2022-11-28 10:30:00,3915.0,3922.0,3913.0,3921.0,596.0,23348750.0,84547.0
2022-11-28 10:35:00,3921.0,3924.0,3918.0,3922.0,696.0,27288420.0,84532.0
2022-11-28 10:40:00,3922.0,3924.0,3914.0,3918.0,558.0,21869590.0,84679.0
2022-11-28 10:45:00,3918.0,3918.0,3909.0,3913.0,421.0,16468130.0,84763.0
2022-11-28 10:50:00,3913.0,3915.0,3910.0,3913.0,291.0,11386790.0,84811.0
2022-11-28 10:55:00,3912.0,3917.0,3911.0,3911.0,244.0,9549240.0,84874.0
2022-11-28 11:00:00,3911.0,3912.0,3902.0,3907.0,694.0,27113640.0,84958.0
2022-11-28 11:05:00,3907.0,3911.0,3900.0,3900.0,661.0,25793990.0,85359.0
2022-11-28 11:10:00,3899.0,3903.0,3898.0,3901.0,387.0,15094960.0,85482.0
2022-11-28 11:15:00,3900.0,3908.0,3900.0,3906.0,263.0,10269080.0,85592.0
2022-11-28 11:20:00,3907.0,3909.0,3900.0,3903.0,321.0,12536140.0,85763.0
2022-11-28 11:25:00,3903.0,3907.0,3900.0,3902.0,320.0,12489000.0,85837.0
2022-11-28 13:30:00,3903.0,3908.0,3897.0,3907.0,568.0,22162120.0,85987.0
2022-11-28 13:35:00,3906.0,3917.0,3906.0,3914.0,589.0,23045980.0,86104.0
2022-11-28 13:40:00,3914.0,3916.0,3906.0,3907.0,266.0,10402370.0,86168.0
2022-11-28 13:45:00,3906.0,3906.0,3900.0,3902.0,338.0,13190840.0,86295.0
2022-11-28 13:50:00,3902.0,3910.0,3900.0,3910.0,502.0,19602610.0,86346.0
2022-11-28 13:55:00,3910.0,3911.0,3904.0,3910.0,226.0,8828840.0,86381.0
2022-11-28 14:00:00,3910.0,3913.0,3908.0,3911.0,378.0,14783420.0,86404.0
2022-11-28 14:05:00,3910.0,3914.0,3910.0,3912.0,368.0,14396420.0,86357.0
2022-11-28 14:10:00,3913.0,3915.0,3907.0,3907.0,327.0,12790510.0,86474.0
2022-11-28 14:15:00,3907.0,3912.0,3905.0,3912.0,189.0,7388280.0,86503.0
2022-11-28 14:20:00,3911.0,3915.0,3902.0,3912.0,409.0,15986550.0,86553.0
2022-11-28 14:25:00,3914.0,3914.0,3908.0,3908.0,216.0,8448130.0,86595.0
2022-11-28 14:30:00,3908.0,3915.0,3908.0,3915.0,341.0,13338940.0,86528.0
2022-11-28 14:35:00,3914.0,3918.0,3911.0,3911.0,320.0,12526520.0,86615.0
2022-11-28 14:40:00,3911.0,3915.0,3909.0,3910.0,297.0,11616570.0,86652.0
2022-11-28 14:45:00,3910.0,3916.0,3909.0,3916.0,408.0,15958070.0,86634.0
2022-11-28 14:50:00,3916.0,3918.0,3913.0,3915.0,250.0,9789600.0,86672.0
2022-11-28 14:55:00,3916.0,3924.0,3900.0,3905.0,733.0,28683140.0,86545.0
2022-11-28 21:00:00,3899.0,3915.0,3898.0,3905.0,1876.0,73181370.0,87048.0
2022-11-28 21:05:00,3904.0,3910.0,3904.0,3907.0,521.0,20353520.0,87120.0
2022-11-28 21:10:00,3909.0,3915.0,3908.0,3915.0,871.0,34075390.0,87420.0
2022-11-28 21:15:00,3915.0,3916.0,3896.0,3897.0,1996.0,77974880.0,88227.0
2022-11-28 21:20:00,3898.0,3902.0,3891.0,3900.0,2469.0,96175310.0,89028.0
2022-11-28 21:25:00,3899.0,3913.0,3898.0,3906.0,766.0,29933260.0,88890.0
2022-11-28 21:30:00,3906.0,3909.0,3901.0,3907.0,477.0,18624150.0,89023.0
2022-11-28 21:35:00,3906.0,3912.0,3905.0,3908.0,223.0,8718900.0,89012.0
2022-11-28 21:40:00,3910.0,3912.0,3907.0,3912.0,178.0,6958380.0,88939.0
2022-11-28 21:45:00,3913.0,3914.0,3907.0,3907.0,392.0,15321810.0,89103.0
2022-11-28 21:50:00,3907.0,3913.0,3907.0,3910.0,172.0,6726510.0,89134.0
2022-11-28 21:55:00,3911.0,3911.0,3904.0,3906.0,202.0,7894990.0,89124.0
2022-11-28 22:00:00,3906.0,3908.0,3900.0,3903.0,1628.0,63524740.0,90097.0
2022-11-28 22:05:00,3902.0,3909.0,3900.0,3908.0,385.0,15029790.0,90188.0
2022-11-28 22:10:00,3909.0,3909.0,3906.0,3907.0,139.0,5431180.0,90222.0
2022-11-28 22:15:00,3907.0,3910.0,3905.0,3906.0,197.0,7696960.0,90158.0
2022-11-28 22:20:00,3905.0,3907.0,3902.0,3903.0,189.0,7378770.0,90195.0
2022-11-28 22:25:00,3903.0,3910.0,3902.0,3907.0,861.0,33624950.0,90161.0
2022-11-28 22:30:00,3905.0,3917.0,3905.0,3916.0,744.0,29110210.0,90110.0
2022-11-28 22:35:00,3917.0,3920.0,3912.0,3915.0,327.0,12803770.0,90108.0
2022-11-28 22:40:00,3915.0,3916.0,3911.0,3916.0,593.0,23211010.0,89992.0
2022-11-28 22:45:00,3916.0,3919.0,3913.0,3913.0,721.0,28234000.0,90062.0
2022-11-28 22:50:00,3914.0,3920.0,3912.0,3918.0,286.0,11201630.0,90096.0
2022-11-28 22:55:00,3918.0,3918.0,3912.0,3913.0,605.0,23693120.0,90379.0
2022-11-29 09:00:00,3929.0,3932.0,3919.0,3929.0,2806.0,110172310.0,90625.0
2022-11-29 09:05:00,3929.0,3944.0,3929.0,3938.0,2185.0,86032480.0,90479.0
2022-11-29 09:10:00,3938.0,3941.0,3930.0,3938.0,455.0,17907100.0,90505.0
2022-11-29 09:15:00,3937.0,3940.0,3934.0,3938.0,1008.0,39697550.0,90585.0
2022-11-29 09:20:00,3938.0,3939.0,3934.0,3938.0,777.0,30580230.0,90648.0
2022-11-29 09:25:00,3937.0,3946.0,3936.0,3946.0,522.0,20574260.0,90709.0
2022-11-29 09:30:00,3945.0,3951.0,3941.0,3951.0,1001.0,39492080.0,90589.0
2022-11-29 09:35:00,3951.0,3956.0,3948.0,3955.0,1755.0,69385150.0,90002.0
2022-11-29 09:40:00,3956.0,3957.0,3947.0,3954.0,903.0,35689520.0,89777.0
2022-11-29 09:45:00,3954.0,3955.0,3941.0,3945.0,625.0,24669100.0,89858.0
2022-11-29 09:50:00,3945.0,3947.0,3936.0,3943.0,808.0,31838310.0,90034.0
2022-11-29 09:55:00,3943.0,3945.0,3938.0,3942.0,371.0,14618780.0,90118.0
2022-11-29 10:00:00,3944.0,3951.0,3940.0,3945.0,450.0,17759160.0,90141.0
2022-11-29 10:05:00,3945.0,3949.0,3939.0,3945.0,289.0,11396230.0,90167.0
2022-11-29 10:10:00,3946.0,3949.0,3942.0,3947.0,350.0,13808750.0,90288.0
2022-11-29 10:30:00,3947.0,3954.0,3945.0,3952.0,507.0,20025660.0,90299.0
2022-11-29 10:35:00,3953.0,3955.0,3950.0,3954.0,339.0,13400440.0,90259.0
2022-11-29 10:40:00,3954.0,3962.0,3953.0,3960.0,881.0,34869490.0,90008.0
2022-11-29 10:45:00,3961.0,3964.0,3957.0,3960.0,819.0,32439230.0,89950.0
2022-11-29 10:50:00,3959.0,3965.0,3958.0,3958.0,398.0,15762870.0,89909.0
2022-11-29 10:55:00,3960.0,3960.0,3949.0,3951.0,433.0,17115970.0,89925.0
2022-11-29 11:00:00,3950.0,3954.0,3945.0,3952.0,852.0,33642630.0,90114.0
2022-11-29 11:05:00,3951.0,3961.0,3951.0,3960.0,494.0,19545580.0,90027.0
2022-11-29 11:10:00,3960.0,3961.0,3955.0,3956.0,252.0,9975220.0,90008.0
2022-11-29 11:15:00,3958.0,3960.0,3956.0,3958.0,274.0,10845590.0,89946.0
2022-11-29 11:20:00,3957.0,3961.0,3957.0,3959.0,450.0,17818220.0,89921.0
2022-11-29 11:25:00,3958.0,3965.0,3957.0,3965.0,375.0,14853760.0,89768.0
2022-11-29 13:30:00,3970.0,3988.0,3969.0,3986.0,2686.0,106942950.0,89624.0
2022-11-29 13:35:00,3987.0,3992.0,3980.0,3984.0,1434.0,57156440.0,89584.0
2022-11-29 13:40:00,3984.0,3990.0,3982.0,3984.0,995.0,39650500.0,89700.0
2022-11-29 13:45:00,3986.0,3988.0,3978.0,3982.0,894.0,35594460.0,89745.0
2022-11-29 13:50:00,3983.0,3984.0,3974.0,3974.0,725.0,28835630.0,90004.0
2022-11-29 13:55:00,3975.0,3986.0,3974.0,3985.0,445.0,17717620.0,90016.0
2022-11-29 14:00:00,3987.0,3993.0,3983.0,3985.0,653.0,26039680.0,89992.0
2022-11-29 14:05:00,3986.0,3989.0,3984.0,3985.0,473.0,18857720.0,89909.0
2022-11-29 14:10:00,3985.0,3988.0,3984.0,3986.0,242.0,9645620.0,90002.0
2022-11-29 14:15:00,3986.0,3997.0,3986.0,3995.0,925.0,36929190.0,89896.0
2022-11-29 14:20:00,3996.0,4000.0,3994.0,3997.0,865.0,34579140.0,89715.0
2022-11-29 14:25:00,3995.0,3996.0,3989.0,3992.0,782.0,31216900.0,89495.0
2022-11-29 14:30:00,3994.0,3997.0,3988.0,3989.0,419.0,16728620.0,89450.0
2022-11-29 14:35:00,3990.0,3995.0,3988.0,3994.0,524.0,20923200.0,89500.0
2022-11-29 14:40:00,3992.0,3995.0,3989.0,3992.0,1733.0,69188920.0,89640.0
2022-11-29 14:45:00,3992.0,3994.0,3978.0,3981.0,1460.0,58195140.0,90039.0
2022-11-29 14:50:00,3980.0,3988.0,3977.0,3979.0,1689.0,67281020.0,90984.0
2022-11-29 14:55:00,3976.0,3988.0,3975.0,3984.0,1362.0,54209730.0,91411.0
2022-11-29 21:00:00,3976.0,4005.0,3976.0,3984.0,4006.0,160021580.0,92807.0
2022-11-29 21:05:00,3984.0,3988.0,3980.0,3984.0,2562.0,102068110.0,93704.0
2022-11-29 21:10:00,3983.0,3984.0,3971.0,3975.0,977.0,38852790.0,93926.0
2022-11-29 21:15:00,3974.0,3977.0,3962.0,3972.0,1407.0,55861190.0,94141.0
2022-11-29 21:20:00,3972.0,3972.0,3967.0,3972.0,423.0,16790890.0,94207.0
2022-11-29 21:25:00,3972.0,3976.0,3967.0,3967.0,530.0,21055750.0,94226.0
2022-11-29 21:30:00,3966.0,3970.0,3963.0,3970.0,496.0,19671920.0,94285.0
2022-11-29 21:35:00,3968.0,3982.0,3968.0,3980.0,527.0,20955240.0,94316.0
2022-11-29 21:40:00,3980.0,3981.0,3976.0,3976.0,300.0,11934250.0,94301.0
2022-11-29 21:45:00,3976.0,3981.0,3974.0,3979.0,400.0,15914420.0,94324.0
2022-11-29 21:50:00,3979.0,3980.0,3975.0,3980.0,155.0,6166510.0,94319.0
2022-11-29 21:55:00,3980.0,3982.0,3971.0,3974.0,317.0,12601210.0,94347.0
2022-11-29 22:00:00,3973.0,3976.0,3969.0,3973.0,258.0,10249530.0,94344.0
2022-11-29 22:05:00,3974.0,3979.0,3973.0,3977.0,387.0,15387810.0,94468.0
2022-11-29 22:10:00,3977.0,3981.0,3976.0,3978.0,317.0,12614330.0,94489.0
2022-11-29 22:15:00,3978.0,3980.0,3975.0,3977.0,174.0,6920530.0,94485.0
2022-11-29 22:20:00,3975.0,3978.0,3975.0,3977.0,218.0,8669230.0,94574.0
2022-11-29 22:25:00,3979.0,3981.0,3977.0,3980.0,176.0,7003230.0,94581.0
2022-11-29 22:30:00,3980.0,3982.0,3978.0,3979.0,175.0,6964880.0,94603.0
2022-11-29 22:35:00,3978.0,3989.0,3978.0,3986.0,475.0,18924440.0,94540.0
2022-11-29 22:40:00,3986.0,3988.0,3981.0,3982.0,233.0,9283340.0,94471.0
2022-11-29 22:45:00,3982.0,3983.0,3978.0,3981.0,265.0,10548670.0,94469.0
2022-11-29 22:50:00,3980.0,3983.0,3978.0,3981.0,147.0,5850970.0,94461.0
2022-11-29 22:55:00,3982.0,3984.0,3980.0,3980.0,200.0,7962840.0,94388.0
2022-11-30 09:00:00,3979.0,3993.0,3972.0,3989.0,1070.0,42626560.0,94515.0
2022-11-30 09:05:00,3989.0,3995.0,3987.0,3993.0,654.0,26102490.0,94566.0
2022-11-30 09:10:00,3994.0,3995.0,3986.0,3989.0,640.0,25537290.0,94624.0
2022-11-30 09:15:00,3988.0,3997.0,3984.0,3995.0,692.0,27623200.0,94680.0
2022-11-30 09:20:00,3996.0,3999.0,3993.0,3999.0,881.0,35210230.0,94819.0
2022-11-30 09:25:00,3998.0,4009.0,3998.0,4006.0,1000.0,40039840.0,94872.0
2022-11-30 09:30:00,4007.0,4011.0,4005.0,4005.0,965.0,38673490.0,94892.0
2022-11-30 09:35:00,4005.0,4006.0,3997.0,4000.0,656.0,26255300.0,94945.0
2022-11-30 09:40:00,4000.0,4002.0,3996.0,4000.0,450.0,17998910.0,94915.0
2022-11-30 09:45:00,4001.0,4010.0,4000.0,4008.0,478.0,19147630.0,94937.0
2022-11-30 09:50:00,4008.0,4008.0,3997.0,3997.0,694.0,27767890.0,94912.0
2022-11-30 09:55:00,3997.0,4002.0,3996.0,4000.0,347.0,13873450.0,94927.0
2022-11-30 10:00:00,4001.0,4003.0,3998.0,4000.0,417.0,16682850.0,95016.0
2022-11-30 10:05:00,3999.0,3999.0,3989.0,3993.0,652.0,26031430.0,94978.0
2022-11-30 10:10:00,3992.0,3994.0,3989.0,3994.0,217.0,8661300.0,94990.0
2022-11-30 10:30:00,3995.0,3996.0,3984.0,3986.0,538.0,21470580.0,94974.0
2022-11-30 10:35:00,3985.0,3988.0,3977.0,3984.0,605.0,24084800.0,95024.0
2022-11-30 10:40:00,3983.0,3988.0,3982.0,3986.0,319.0,12712550.0,94950.0
2022-11-30 10:45:00,3985.0,3992.0,3985.0,3990.0,206.0,8216900.0,94918.0
2022-11-30 10:50:00,3990.0,3993.0,3988.0,3991.0,164.0,6545050.0,94956.0
2022-11-30 10:55:00,3990.0,3994.0,3988.0,3991.0,108.0,4310930.0,94997.0
2022-11-30 11:00:00,3993.0,3998.0,3992.0,3994.0,563.0,22491390.0,95204.0
2022-11-30 11:05:00,3995.0,4005.0,3995.0,4005.0,610.0,24409340.0,95061.0
2022-11-30 11:10:00,4005.0,4007.0,4002.0,4004.0,759.0,30393310.0,95080.0
2022-11-30 11:15:00,4004.0,4005.0,3998.0,4000.0,412.0,16482210.0,95147.0
2022-11-30 11:20:00,4001.0,4004.0,3999.0,4002.0,369.0,14765540.0,95255.0
2022-11-30 11:25:00,4001.0,4002.0,3995.0,3998.0,256.0,10234590.0,95244.0
2022-11-30 13:30:00,3999.0,4000.0,3979.0,3983.0,1306.0,52064720.0,95364.0
2022-11-30 13:35:00,3982.0,3983.0,3976.0,3980.0,895.0,35620410.0,95356.0
2022-11-30 13:40:00,3980.0,3986.0,3977.0,3980.0,592.0,23572080.0,95321.0
2022-11-30 13:45:00,3979.0,3984.0,3967.0,3969.0,1540.0,61189740.0,95623.0
2022-11-30 13:50:00,3969.0,3973.0,3958.0,3961.0,1213.0,48094350.0,95691.0
2022-11-30 13:55:00,3961.0,3967.0,3957.0,3961.0,906.0,35896870.0,95576.0
2022-11-30 14:00:00,3962.0,3975.0,3962.0,3973.0,645.0,25608310.0,95608.0
2022-11-30 14:05:00,3973.0,3982.0,3973.0,3976.0,732.0,29109260.0,95375.0
2022-11-30 14:10:00,3977.0,3978.0,3971.0,3971.0,269.0,10690850.0,95297.0
2022-11-30 14:15:00,3971.0,3985.0,3971.0,3982.0,909.0,36195200.0,95382.0
2022-11-30 14:20:00,3982.0,3984.0,3976.0,3978.0,367.0,14606110.0,95424.0
2022-11-30 14:25:00,3977.0,3981.0,3975.0,3981.0,333.0,13247920.0,95479.0
2022-11-30 14:30:00,3981.0,3986.0,3980.0,3984.0,575.0,22906590.0,95648.0
2022-11-30 14:35:00,3984.0,3990.0,3983.0,3990.0,699.0,27870810.0,95743.0
2022-11-30 14:40:00,3990.0,3993.0,3985.0,3989.0,613.0,24457810.0,95759.0
2022-11-30 14:45:00,3989.0,3990.0,3986.0,3986.0,336.0,13398980.0,95784.0
2022-11-30 14:50:00,3986.0,3993.0,3986.0,3992.0,513.0,20464680.0,95837.0
2022-11-30 14:55:00,3991.0,4000.0,3988.0,4000.0,880.0,35155660.0,95671.0
2022-11-30 21:00:00,4012.0,4029.0,4012.0,4013.0,3589.0,144345720.0,95976.0
2022-11-30 21:05:00,4015.0,4037.0,4015.0,4034.0,1988.0,80108340.0,96270.0
2022-11-30 21:10:00,4035.0,4057.0,4035.0,4056.0,3279.0,132704110.0,97029.0
2022-11-30 21:15:00,4055.0,4062.0,4048.0,4053.0,2494.0,101157170.0,97345.0
2022-11-30 21:20:00,4054.0,4057.0,4045.0,4046.0,1239.0,50213390.0,97368.0
2022-11-30 21:25:00,4046.0,4049.0,4038.0,4041.0,1244.0,50285510.0,97337.0
2022-11-30 21:30:00,4041.0,4047.0,4039.0,4043.0,722.0,29190870.0,97328.0
2022-11-30 21:35:00,4044.0,4053.0,4041.0,4053.0,715.0,28928670.0,97514.0
2022-11-30 21:40:00,4052.0,4053.0,4044.0,4046.0,846.0,34248400.0,97600.0
2022-11-30 21:45:00,4047.0,4050.0,4040.0,4040.0,598.0,24183300.0,97638.0
2022-11-30 21:50:00,4040.0,4043.0,4036.0,4041.0,560.0,22619760.0,97624.0
2022-11-30 21:55:00,4042.0,4047.0,4039.0,4045.0,454.0,18355460.0,97661.0
2022-11-30 22:00:00,4044.0,4046.0,4034.0,4035.0,815.0,32923370.0,97710.0
2022-11-30 22:05:00,4034.0,4039.0,4032.0,4039.0,561.0,22638090.0,97638.0
2022-11-30 22:10:00,4039.0,4040.0,4035.0,4037.0,459.0,18535110.0,97705.0
2022-11-30 22:15:00,4037.0,4039.0,4030.0,4033.0,660.0,26625300.0,97750.0
2022-11-30 22:20:00,4033.0,4035.0,4030.0,4031.0,550.0,22174890.0,97670.0
2022-11-30 22:25:00,4032.0,4038.0,4029.0,4037.0,471.0,18997790.0,97634.0
2022-11-30 22:30:00,4036.0,4042.0,4032.0,4040.0,439.0,17717780.0,97649.0
2022-11-30 22:35:00,4040.0,4042.0,4036.0,4038.0,289.0,11671180.0,97698.0
2022-11-30 22:40:00,4038.0,4043.0,4038.0,4043.0,458.0,18504850.0,97690.0
2022-11-30 22:45:00,4043.0,4044.0,4023.0,4024.0,922.0,37189120.0,97818.0
2022-11-30 22:50:00,4024.0,4034.0,4023.0,4033.0,681.0,27440680.0,97700.0
2022-11-30 22:55:00,4033.0,4036.0,4025.0,4027.0,494.0,19916950.0,97786.0
2022-12-01 09:00:00,4030.0,4047.0,4028.0,4044.0,1331.0,53735540.0,97880.0
2022-12-01 09:05:00,4044.0,4048.0,4037.0,4046.0,674.0,27248960.0,97945.0
2022-12-01 09:10:00,4046.0,4046.0,4027.0,4031.0,986.0,39757300.0,98039.0
2022-12-01 09:15:00,4031.0,4043.0,4028.0,4039.0,1472.0,59394850.0,97855.0
2022-12-01 09:20:00,4038.0,4045.0,4034.0,4035.0,1070.0,43214450.0,97854.0
2022-12-01 09:25:00,4035.0,4036.0,4031.0,4036.0,756.0,30493470.0,97857.0
2022-12-01 09:30:00,4037.0,4041.0,4030.0,4031.0,687.0,27725110.0,97893.0
2022-12-01 09:35:00,4031.0,4031.0,4022.0,4026.0,761.0,30644670.0,97945.0
2022-12-01 09:40:00,4026.0,4031.0,4026.0,4027.0,411.0,16557140.0,97885.0
2022-12-01 09:45:00,4026.0,4033.0,4025.0,4031.0,426.0,17166280.0,97994.0
2022-12-01 09:50:00,4030.0,4034.0,4029.0,4031.0,408.0,16446340.0,97949.0
2022-12-01 09:55:00,4030.0,4035.0,4028.0,4035.0,515.0,20762440.0,97970.0
2022-12-01 10:00:00,4035.0,4037.0,4026.0,4036.0,345.0,13910450.0,97956.0
2022-12-01 10:05:00,4036.0,4036.0,4027.0,4029.0,259.0,10442870.0,97966.0
2022-12-01 10:10:00,4029.0,4030.0,4021.0,4025.0,549.0,22093760.0,98028.0
2022-12-01 10:30:00,4024.0,4026.0,4014.0,4016.0,1258.0,50547910.0,98224.0
2022-12-01 10:35:00,4014.0,4019.0,4012.0,4016.0,1003.0,40268790.0,98188.0
2022-12-01 10:40:00,4016.0,4026.0,4015.0,4025.0,619.0,24892210.0,98150.0
2022-12-01 10:45:00,4024.0,4035.0,4024.0,4030.0,733.0,29546060.0,98112.0
2022-12-01 10:50:00,4031.0,4036.0,4029.0,4031.0,328.0,13228250.0,98160.0
2022-12-01 10:55:00,4030.0,4036.0,4030.0,4035.0,224.0,9036040.0,98187.0
2022-12-01 11:00:00,4034.0,4038.0,4031.0,4031.0,1000.0,40336600.0,98417.0
2022-12-01 11:05:00,4031.0,4033.0,4028.0,4032.0,531.0,21405100.0,98513.0
2022-12-01 11:10:00,4031.0,4034.0,4029.0,4032.0,1019.0,41089360.0,98165.0
2022-12-01 11:15:00,4032.0,4034.0,4027.0,4029.0,438.0,17655550.0,98157.0
2022-12-01 11:20:00,4028.0,4032.0,4023.0,4023.0,490.0,19738610.0,98024.0
2022-12-01 11:25:00,4023.0,4024.0,4019.0,4019.0,522.0,20990670.0,97961.0
2022-12-01 13:30:00,4020.0,4029.0,4018.0,4028.0,628.0,25266230.0,97960.0
2022-12-01 13:35:00,4027.0,4029.0,4024.0,4029.0,1129.0,45458820.0,97138.0
2022-12-01 13:40:00,4028.0,4034.0,4026.0,4032.0,445.0,17932530.0,97206.0
2022-12-01 13:45:00,4031.0,4031.0,4026.0,4027.0,212.0,8540770.0,97273.0
2022-12-01 13:50:00,4026.0,4032.0,4025.0,4029.0,141.0,5680200.0,97262.0
2022-12-01 13:55:00,4028.0,4032.0,4028.0,4031.0,378.0,15236580.0,97259.0
2022-12-01 14:00:00,4030.0,4034.0,4030.0,4032.0,123.0,4958750.0,97268.0
2022-12-01 14:05:00,4032.0,4034.0,4021.0,4023.0,377.0,15178030.0,97336.0
2022-12-01 14:10:00,4023.0,4029.0,4022.0,4027.0,391.0,15740730.0,97390.0
2022-12-01 14:15:00,4026.0,4031.0,4025.0,4026.0,293.0,11800970.0,97304.0
2022-12-01 14:20:00,4025.0,4026.0,4019.0,4019.0,846.0,34018010.0,97482.0
2022-12-01 14:25:00,4020.0,4024.0,4016.0,4024.0,1162.0,46708600.0,97144.0
2022-12-01 14:30:00,4023.0,4025.0,4016.0,4022.0,546.0,21953300.0,97047.0
2022-12-01 14:35:00,4022.0,4024.0,4018.0,4021.0,527.0,21196440.0,96878.0
2022-12-01 14:40:00,4021.0,4025.0,4020.0,4023.0,302.0,12147050.0,96824.0
2022-12-01 14:45:00,4023.0,4028.0,4022.0,4026.0,367.0,14772910.0,96830.0
2022-12-01 14:50:00,4026.0,4027.0,4022.0,4025.0,294.0,11830080.0,96814.0
2022-12-01 14:55:00,4025.0,4029.0,4024.0,4027.0,670.0,26976220.0,96434.0
2022-12-01 21:00:00,4039.0,4039.0,4005.0,4008.0,4422.0,177666160.0,97193.0
2022-12-01 21:05:00,4009.0,4009.0,3997.0,4007.0,3722.0,148991760.0,97608.0
2022-12-01 21:10:00,4008.0,4013.0,4004.0,4010.0,1365.0,54731390.0,97683.0
2022-12-01 21:15:00,4009.0,4009.0,4001.0,4007.0,1414.0,56628940.0,97557.0
2022-12-01 21:20:00,4008.0,4021.0,4004.0,4019.0,1724.0,69184740.0,97989.0
2022-12-01 21:25:00,4019.0,4030.0,4017.0,4026.0,2020.0,81311430.0,97775.0
2022-12-01 21:30:00,4026.0,4037.0,4023.0,4033.0,1393.0,56162690.0,97774.0
2022-12-01 21:35:00,4034.0,4038.0,4028.0,4030.0,1512.0,60980220.0,97888.0
2022-12-01 21:40:00,4031.0,4037.0,4027.0,4035.0,807.0,32546060.0,97907.0
2022-12-01 21:45:00,4035.0,4035.0,4030.0,4030.0,651.0,26251770.0,98152.0
2022-12-01 21:50:00,4029.0,4030.0,4026.0,4027.0,1570.0,63235300.0,98541.0
2022-12-01 21:55:00,4026.0,4036.0,4026.0,4033.0,527.0,21247950.0,98522.0
2022-12-01 22:00:00,4033.0,4040.0,4031.0,4038.0,656.0,26487230.0,98571.0
2022-12-01 22:05:00,4038.0,4039.0,4035.0,4038.0,545.0,22002130.0,98656.0
2022-12-01 22:10:00,4039.0,4039.0,4033.0,4035.0,442.0,17839590.0,98785.0
2022-12-01 22:15:00,4035.0,4036.0,4033.0,4033.0,361.0,14565050.0,98864.0
2022-12-01 22:20:00,4033.0,4036.0,4031.0,4034.0,315.0,12702790.0,98836.0
2022-12-01 22:25:00,4034.0,4038.0,4033.0,4037.0,481.0,19414630.0,99002.0
2022-12-01 22:30:00,4037.0,4037.0,4023.0,4033.0,1570.0,63266050.0,99161.0
2022-12-01 22:35:00,4033.0,4047.0,4033.0,4047.0,2370.0,95737750.0,99523.0
2022-12-01 22:40:00,4046.0,4054.0,4043.0,4052.0,2173.0,87951990.0,99681.0
2022-12-01 22:45:00,4053.0,4059.0,4047.0,4057.0,3019.0,122436590.0,99754.0
2022-12-01 22:50:00,4056.0,4061.0,4050.0,4051.0,2138.0,86751280.0,99571.0
2022-12-01 22:55:00,4050.0,4052.0,4045.0,4046.0,1148.0,46473840.0,99600.0
2022-12-02 09:00:00,4033.0,4039.0,4026.0,4027.0,2813.0,113452640.0,99666.0
2022-12-02 09:05:00,4026.0,4031.0,4025.0,4030.0,1339.0,53929680.0,99905.0
2022-12-02 09:10:00,4029.0,4029.0,4013.0,4018.0,2545.0,102266610.0,100377.0
2022-12-02 09:15:00,4018.0,4025.0,4017.0,4024.0,612.0,24616050.0,100531.0
2022-12-02 09:20:00,4023.0,4030.0,4016.0,4029.0,762.0,30656970.0,100580.0
2022-12-02 09:25:00,4028.0,4030.0,4024.0,4024.0,504.0,20294810.0,100602.0
2022-12-02 09:30:00,4026.0,4032.0,4026.0,4032.0,647.0,26068010.0,100594.0
2022-12-02 09:35:00,4032.0,4034.0,4029.0,4033.0,353.0,14232280.0,100641.0
2022-12-02 09:40:00,4033.0,4042.0,4033.0,4041.0,608.0,24548070.0,100636.0
2022-12-02 09:45:00,4041.0,4043.0,4037.0,4040.0,406.0,16400690.0,100636.0
2022-12-02 09:50:00,4039.0,4054.0,4037.0,4052.0,1220.0,49370660.0,100703.0
2022-12-02 09:55:00,4052.0,4059.0,4050.0,4058.0,1099.0,44551500.0,100952.0
2022-12-02 10:00:00,4058.0,4061.0,4051.0,4055.0,851.0,34515890.0,100883.0
2022-12-02 10:05:00,4055.0,4065.0,4054.0,4061.0,1272.0,51645390.0,100872.0
2022-12-02 10:10:00,4061.0,4062.0,4055.0,4056.0,560.0,22726010.0,100825.0
2022-12-02 10:30:00,4057.0,4057.0,4048.0,4052.0,873.0,35371950.0,100770.0
2022-12-02 10:35:00,4052.0,4054.0,4046.0,4050.0,619.0,25064130.0,100937.0
2022-12-02 10:40:00,4050.0,4052.0,4046.0,4049.0,460.0,18628020.0,101029.0
2022-12-02 10:45:00,4049.0,4049.0,4039.0,4044.0,673.0,27206670.0,101063.0
2022-12-02 10:50:00,4044.0,4044.0,4038.0,4039.0,683.0,27595600.0,101263.0
2022-12-02 10:55:00,4039.0,4042.0,4038.0,4040.0,460.0,18584330.0,101347.0
2022-12-02 11:00:00,4040.0,4049.0,4036.0,4048.0,751.0,30353290.0,101470.0
2022-12-02 11:05:00,4048.0,4056.0,4045.0,4056.0,1140.0,46187580.0,101572.0
2022-12-02 11:10:00,4057.0,4060.0,4050.0,4051.0,1406.0,57032180.0,101860.0
2022-12-02 11:15:00,4051.0,4054.0,4046.0,4053.0,567.0,22969130.0,102050.0
2022-12-02 11:20:00,4052.0,4059.0,4051.0,4058.0,463.0,18772230.0,102255.0
2022-12-02 11:25:00,4057.0,4059.0,4052.0,4052.0,358.0,14521530.0,102309.0
2022-12-02 13:30:00,4052.0,4062.0,4050.0,4061.0,823.0,33385390.0,102569.0
2022-12-02 13:35:00,4061.0,4065.0,4059.0,4061.0,815.0,33107130.0,102705.0
2022-12-02 13:40:00,4062.0,4063.0,4056.0,4060.0,702.0,28495090.0,102778.0
2022-12-02 13:45:00,4060.0,4062.0,4052.0,4052.0,604.0,24501610.0,102849.0
2022-12-02 13:50:00,4052.0,4060.0,4051.0,4055.0,413.0,16754570.0,102913.0
2022-12-02 13:55:00,4055.0,4064.0,4054.0,4064.0,552.0,22403940.0,102967.0
2022-12-02 14:00:00,4064.0,4075.0,4059.0,4075.0,1388.0,56477660.0,102879.0
2022-12-02 14:05:00,4073.0,4079.0,4067.0,4069.0,1314.0,53524920.0,102801.0
2022-12-02 14:10:00,4070.0,4071.0,4064.0,4068.0,520.0,21151710.0,102881.0
2022-12-02 14:15:00,4068.0,4070.0,4059.0,4069.0,1001.0,40681060.0,103096.0
2022-12-02 14:20:00,4069.0,4075.0,4067.0,4070.0,475.0,19337080.0,103089.0
2022-12-02 14:25:00,4070.0,4076.0,4065.0,4076.0,508.0,20682110.0,103243.0
2022-12-02 14:30:00,4076.0,4079.0,4071.0,4072.0,899.0,36649260.0,103426.0
2022-12-02 14:35:00,4073.0,4079.0,4071.0,4074.0,532.0,21674870.0,103539.0
2022-12-02 14:40:00,4073.0,4075.0,4067.0,4073.0,671.0,27316950.0,103578.0
2022-12-02 14:45:00,4072.0,4085.0,4072.0,4085.0,1763.0,71947320.0,103440.0
2022-12-02 14:50:00,4085.0,4085.0,4078.0,4081.0,1893.0,77268790.0,103420.0
2022-12-02 14:55:00,4081.0,4084.0,4076.0,4080.0,1773.0,72338610.0,103541.0
2022-12-02 21:00:00,4090.0,4090.0,4052.0,4069.0,7552.0,307176680.0,104511.0
2022-12-02 21:05:00,4070.0,4070.0,4053.0,4060.0,4042.0,164037220.0,104958.0
2022-12-02 21:10:00,4061.0,4067.0,4049.0,4050.0,2450.0,99435200.0,105164.0
2022-12-02 21:15:00,4049.0,4056.0,4043.0,4056.0,2371.0,96024020.0,105616.0
2022-12-02 21:20:00,4055.0,4056.0,4050.0,4051.0,1183.0,47948110.0,106066.0
2022-12-02 21:25:00,4051.0,4060.0,4048.0,4057.0,1026.0,41582750.0,106129.0
2022-12-02 21:30:00,4057.0,4057.0,4046.0,4055.0,1827.0,74027920.0,106155.0
2022-12-02 21:35:00,4054.0,4063.0,4054.0,4055.0,1182.0,47979750.0,106134.0
2022-12-02 21:40:00,4055.0,4060.0,4051.0,4054.0,737.0,29892800.0,106165.0
2022-12-02 21:45:00,4054.0,4054.0,4044.0,4050.0,969.0,39235440.0,106330.0
2022-12-02 21:50:00,4051.0,4054.0,4039.0,4043.0,1634.0,66094280.0,106771.0
2022-12-02 21:55:00,4043.0,4045.0,4037.0,4044.0,1148.0,46399990.0,106947.0
2022-12-02 22:00:00,4044.0,4051.0,4040.0,4049.0,1363.0,55151440.0,106700.0
2022-12-02 22:05:00,4049.0,4060.0,4047.0,4057.0,1983.0,80396190.0,106877.0
2022-12-02 22:10:00,4057.0,4070.0,4057.0,4067.0,2298.0,93389280.0,106620.0
2022-12-02 22:15:00,4067.0,4078.0,4065.0,4076.0,1798.0,73226640.0,106333.0
2022-12-02 22:20:00,4077.0,4083.0,4070.0,4081.0,1706.0,69559040.0,106191.0
2022-12-02 22:25:00,4082.0,4085.0,4078.0,4078.0,1082.0,44168550.0,106270.0
2022-12-02 22:30:00,4079.0,4097.0,4079.0,4092.0,2245.0,91815180.0,105911.0
2022-12-02 22:35:00,4091.0,4095.0,4088.0,4091.0,1258.0,51457460.0,105998.0
2022-12-02 22:40:00,4091.0,4091.0,4080.0,4083.0,1464.0,59792040.0,105765.0
2022-12-02 22:45:00,4083.0,4088.0,4081.0,4085.0,476.0,19445460.0,105734.0
2022-12-02 22:50:00,4086.0,4088.0,4083.0,4087.0,596.0,24352350.0,105750.0
2022-12-02 22:55:00,4087.0,4110.0,4086.0,4102.0,2388.0,97802690.0,105787.0
2022-12-05 09:00:00,4102.0,4130.0,4091.0,4104.0,5590.0,230297460.0,107085.0
2022-12-05 09:05:00,4104.0,4117.0,4101.0,4108.0,2908.0,119511300.0,107781.0
2022-12-05 09:10:00,4107.0,4119.0,4106.0,4117.0,2496.0,102659200.0,107940.0
2022-12-05 09:15:00,4117.0,4123.0,4111.0,4116.0,2400.0,98814820.0,108176.0
2022-12-05 09:20:00,4115.0,4118.0,4102.0,4110.0,1912.0,78572810.0,107892.0
2022-12-05 09:25:00,4110.0,4115.0,4108.0,4112.0,664.0,27297230.0,107912.0
2022-12-05 09:30:00,4112.0,4114.0,4103.0,4106.0,1009.0,41438710.0,108085.0
2022-12-05 09:35:00,4106.0,4108.0,4101.0,4107.0,675.0,27700180.0,108273.0
2022-12-05 09:40:00,4107.0,4120.0,4107.0,4118.0,1000.0,41144830.0,108576.0
2022-12-05 09:45:00,4119.0,4120.0,4113.0,4117.0,407.0,16754170.0,108653.0
2022-12-05 09:50:00,4117.0,4125.0,4117.0,4121.0,1047.0,43148900.0,108916.0
2022-12-05 09:55:00,4119.0,4121.0,4113.0,4113.0,593.0,24415590.0,108880.0
2022-12-05 10:00:00,4113.0,4114.0,4101.0,4112.0,1571.0,64517790.0,108956.0
2022-12-05 10:05:00,4112.0,4117.0,4108.0,4112.0,1165.0,47899220.0,109083.0
2022-12-05 10:10:00,4112.0,4120.0,4109.0,4120.0,544.0,22385480.0,109168.0
2022-12-05 10:30:00,4119.0,4124.0,4114.0,4121.0,1285.0,52952230.0,109412.0
2022-12-05 10:35:00,4121.0,4121.0,4110.0,4111.0,936.0,38523030.0,109286.0
2022-12-05 10:40:00,4110.0,4112.0,4103.0,4105.0,907.0,37254040.0,109470.0
2022-12-05 10:45:00,4105.0,4108.0,4096.0,4099.0,1403.0,57542640.0,109338.0
2022-12-05 10:50:00,4100.0,4101.0,4090.0,4098.0,1246.0,51028650.0,109443.0
2022-12-05 10:55:00,4099.0,4108.0,4095.0,4105.0,625.0,25642700.0,109570.0
2022-12-05 11:00:00,4103.0,4109.0,4096.0,4106.0,602.0,24695270.0,109498.0
2022-12-05 11:05:00,4108.0,4109.0,4100.0,4107.0,522.0,21432410.0,109614.0
2022-12-05 11:10:00,4107.0,4114.0,4106.0,4113.0,631.0,25937020.0,109785.0
2022-12-05 11:15:00,4112.0,4114.0,4107.0,4113.0,822.0,33797830.0,109963.0
2022-12-05 11:20:00,4114.0,4117.0,4110.0,4112.0,969.0,39855870.0,110389.0
2022-12-05 11:25:00,4112.0,4112.0,4104.0,4104.0,965.0,39643550.0,110453.0
2022-12-05 13:30:00,4106.0,4112.0,4100.0,4110.0,919.0,37740090.0,110507.0
2022-12-05 13:35:00,4110.0,4112.0,4107.0,4112.0,567.0,23303670.0,110519.0
2022-12-05 13:40:00,4111.0,4116.0,4106.0,4114.0,1062.0,43671240.0,110317.0
2022-12-05 13:45:00,4115.0,4120.0,4107.0,4108.0,998.0,41072950.0,110097.0
2022-12-05 13:50:00,4108.0,4110.0,4101.0,4105.0,731.0,30006810.0,109972.0
2022-12-05 13:55:00,4105.0,4110.0,4102.0,4103.0,784.0,32188670.0,109790.0
2022-12-05 14:00:00,4103.0,4105.0,4102.0,4104.0,290.0,11899070.0,109850.0
2022-12-05 14:05:00,4103.0,4108.0,4100.0,4101.0,757.0,31066540.0,109804.0
2022-12-05 14:10:00,4100.0,4104.0,4093.0,4096.0,992.0,40638270.0,109829.0
2022-12-05 14:15:00,4095.0,4099.0,4087.0,4098.0,1612.0,65974960.0,109694.0
2022-12-05 14:20:00,4098.0,4100.0,4094.0,4095.0,959.0,39288710.0,109831.0
2022-12-05 14:25:00,4096.0,4096.0,4089.0,4095.0,728.0,29797990.0,110028.0
2022-12-05 14:30:00,4094.0,4099.0,4094.0,4098.0,557.0,22819140.0,110204.0
2022-12-05 14:35:00,4099.0,4100.0,4082.0,4084.0,1719.0,70257610.0,110550.0
2022-12-05 14:40:00,4084.0,4084.0,4061.0,4061.0,2718.0,110663040.0,110910.0
2022-12-05 14:45:00,4061.0,4077.0,4056.0,4073.0,2618.0,106529530.0,111040.0
2022-12-05 14:50:00,4073.0,4086.0,4073.0,4084.0,1402.0,57206340.0,111144.0
2022-12-05 14:55:00,4084.0,4103.0,4084.0,4100.0,1657.0,67805700.0,110932.0
2022-12-05 21:00:00,4115.0,4115.0,4088.0,4094.0,4328.0,177406700.0,111308.0
2022-12-05 21:05:00,4094.0,4099.0,4086.0,4087.0,1564.0,64003520.0,111349.0
2022-12-05 21:10:00,4086.0,4088.0,4075.0,4079.0,1892.0,77194500.0,111481.0
2022-12-05 21:15:00,4079.0,4088.0,4077.0,4084.0,1014.0,41407010.0,111539.0
2022-12-05 21:20:00,4084.0,4090.0,4077.0,4078.0,1351.0,55172280.0,111962.0
2022-12-05 21:25:00,4078.0,4083.0,4075.0,4082.0,998.0,40713000.0,112092.0
2022-12-05 21:30:00,4082.0,4085.0,4077.0,4079.0,853.0,34810450.0,112278.0
2022-12-05 21:35:00,4079.0,4085.0,4075.0,4083.0,846.0,34517890.0,112355.0
2022-12-05 21:40:00,4083.0,4091.0,4080.0,4091.0,799.0,32635220.0,112578.0
2022-12-05 21:45:00,4090.0,4090.0,4081.0,4085.0,1524.0,62260840.0,112647.0
2022-12-05 21:50:00,4084.0,4086.0,4081.0,4082.0,1117.0,45618680.0,112734.0
2022-12-05 21:55:00,4082.0,4084.0,4078.0,4082.0,697.0,28443040.0,112761.0
2022-12-05 22:00:00,4080.0,4080.0,4069.0,4071.0,1567.0,63835080.0,112651.0
2022-12-05 22:05:00,4072.0,4077.0,4070.0,4073.0,722.0,29411160.0,112786.0
2022-12-05 22:10:00,4073.0,4073.0,4067.0,4069.0,850.0,34587440.0,112674.0
2022-12-05 22:15:00,4069.0,4076.0,4069.0,4074.0,587.0,23914450.0,112711.0
2022-12-05 22:20:00,4073.0,4081.0,4072.0,4078.0,617.0,25154760.0,112710.0
2022-12-05 22:25:00,4078.0,4087.0,4077.0,4087.0,628.0,25638350.0,112740.0
2022-12-05 22:30:00,4086.0,4088.0,4084.0,4087.0,625.0,25541480.0,112651.0
2022-12-05 22:35:00,4086.0,4088.0,4079.0,4081.0,568.0,23198770.0,112647.0
2022-12-05 22:40:00,4081.0,4085.0,4079.0,4082.0,399.0,16285940.0,112662.0
2022-12-05 22:45:00,4082.0,4085.0,4076.0,4078.0,435.0,17747410.0,112658.0
2022-12-05 22:50:00,4078.0,4082.0,4076.0,4080.0,322.0,13130400.0,112609.0
2022-12-05 22:55:00,4079.0,4082.0,4074.0,4075.0,451.0,18389870.0,112497.0
2022-12-06 09:00:00,4052.0,4074.0,4044.0,4064.0,5334.0,216426150.0,112429.0
2022-12-06 09:05:00,4064.0,4074.0,4058.0,4059.0,1203.0,48911010.0,112485.0
2022-12-06 09:10:00,4058.0,4071.0,4048.0,4070.0,1922.0,78013960.0,112675.0
2022-12-06 09:15:00,4070.0,4077.0,4067.0,4069.0,1545.0,62913940.0,112563.0
2022-12-06 09:20:00,4070.0,4070.0,4063.0,4066.0,753.0,30616280.0,112557.0
2022-12-06 09:25:00,4065.0,4067.0,4062.0,4065.0,566.0,23006530.0,112676.0
2022-12-06 09:30:00,4064.0,4071.0,4063.0,4071.0,497.0,20219620.0,112748.0
2022-12-06 09:35:00,4070.0,4084.0,4069.0,4079.0,1650.0,67307880.0,113037.0
2022-12-06 09:40:00,4080.0,4090.0,4080.0,4085.0,1080.0,44128510.0,113020.0
2022-12-06 09:45:00,4086.0,4087.0,4077.0,4080.0,775.0,31618900.0,113210.0
2022-12-06 09:50:00,4080.0,4082.0,4075.0,4079.0,364.0,14846310.0,113272.0
2022-12-06 09:55:00,4079.0,4085.0,4079.0,4085.0,609.0,24859700.0,113365.0
2022-12-06 10:00:00,4085.0,4100.0,4085.0,4099.0,1409.0,57717890.0,113102.0
2022-12-06 10:05:00,4099.0,4101.0,4096.0,4099.0,1425.0,58411510.0,113207.0
2022-12-06 10:10:00,4099.0,4100.0,4091.0,4098.0,631.0,25838350.0,113224.0
2022-12-06 10:30:00,4097.0,4100.0,4093.0,4094.0,1204.0,49340040.0,113265.0
2022-12-06 10:35:00,4096.0,4097.0,4087.0,4091.0,812.0,33223620.0,113361.0
2022-12-06 10:40:00,4091.0,4097.0,4085.0,4096.0,873.0,35714430.0,113350.0
2022-12-06 10:45:00,4097.0,4101.0,4095.0,4100.0,955.0,39148840.0,113448.0
2022-12-06 10:50:00,4101.0,4104.0,4098.0,4100.0,1126.0,46183130.0,113610.0
2022-12-06 10:55:00,4100.0,4101.0,4089.0,4094.0,857.0,35081650.0,113577.0
2022-12-06 11:00:00,4093.0,4095.0,4082.0,4083.0,1114.0,45518170.0,113700.0
2022-12-06 11:05:00,4084.0,4087.0,4080.0,4085.0,656.0,26789220.0,113698.0
2022-12-06 11:10:00,4085.0,4091.0,4082.0,4089.0,675.0,27583190.0,113792.0
2022-12-06 11:15:00,4088.0,4095.0,4087.0,4091.0,787.0,32200590.0,113845.0
2022-12-06 11:20:00,4091.0,4091.0,4084.0,4089.0,546.0,22316640.0,113908.0
2022-12-06 11:25:00,4087.0,4087.0,4080.0,4081.0,637.0,26009610.0,113868.0
2022-12-06 13:30:00,4081.0,4082.0,4070.0,4074.0,1856.0,75643590.0,113713.0
2022-12-06 13:35:00,4073.0,4080.0,4073.0,4078.0,714.0,29109890.0,113776.0
2022-12-06 13:40:00,4078.0,4087.0,4078.0,4086.0,605.0,24710270.0,113878.0
2022-12-06 13:45:00,4087.0,4091.0,4081.0,4083.0,664.0,27131120.0,113918.0
2022-12-06 13:50:00,4084.0,4085.0,4080.0,4080.0,312.0,12737250.0,113972.0
2022-12-06 13:55:00,4081.0,4088.0,4081.0,4088.0,361.0,14742830.0,114079.0
2022-12-06 14:00:00,4088.0,4089.0,4083.0,4088.0,560.0,22882240.0,114260.0
2022-12-06 14:05:00,4089.0,4089.0,4082.0,4086.0,384.0,15690020.0,114335.0
2022-12-06 14:10:00,4088.0,4090.0,4084.0,4085.0,338.0,13811230.0,114404.0
2022-12-06 14:15:00,4084.0,4087.0,4080.0,4081.0,912.0,37229290.0,114702.0
2022-12-06 14:20:00,4080.0,4084.0,4079.0,4084.0,547.0,22322910.0,114875.0
2022-12-06 14:25:00,4083.0,4084.0,4080.0,4083.0,343.0,13999390.0,114843.0
2022-12-06 14:30:00,4083.0,4085.0,4077.0,4085.0,542.0,22118280.0,114959.0
2022-12-06 14:35:00,4085.0,4088.0,4083.0,4085.0,678.0,27700180.0,115050.0
2022-12-06 14:40:00,4086.0,4087.0,4083.0,4086.0,327.0,13358350.0,115166.0
2022-12-06 14:45:00,4084.0,4085.0,4075.0,4076.0,874.0,35654630.0,115284.0
2022-12-06 14:50:00,4076.0,4081.0,4071.0,4080.0,1089.0,44372900.0,115399.0
2022-12-06 14:55:00,4081.0,4087.0,4075.0,4087.0,1200.0,48984050.0,115628.0
2022-12-06 21:00:00,4087.0,4097.0,4084.0,4091.0,3406.0,139346370.0,116239.0
2022-12-06 21:05:00,4091.0,4111.0,4089.0,4108.0,4144.0,170077100.0,116425.0
2022-12-06 21:10:00,4108.0,4115.0,4104.0,4113.0,2119.0,87070780.0,116912.0
2022-12-06 21:15:00,4113.0,4118.0,4090.0,4091.0,3873.0,158987990.0,117467.0
2022-12-06 21:20:00,4093.0,4096.0,4085.0,4089.0,3390.0,138637390.0,118249.0
2022-12-06 21:25:00,4089.0,4095.0,4085.0,4090.0,1574.0,64360250.0,118427.0
2022-12-06 21:30:00,4091.0,4095.0,4087.0,4093.0,1445.0,59131470.0,118499.0
2022-12-06 21:35:00,4093.0,4093.0,4071.0,4075.0,2661.0,108578340.0,118786.0
2022-12-06 21:40:00,4075.0,4081.0,4072.0,4076.0,1785.0,72764310.0,119233.0
2022-12-06 21:45:00,4076.0,4082.0,4070.0,4071.0,1867.0,76056100.0,119510.0
2022-12-06 21:50:00,4070.0,4072.0,4062.0,4066.0,1924.0,78257020.0,119847.0
2022-12-06 21:55:00,4066.0,4073.0,4065.0,4072.0,1319.0,53677920.0,120032.0
2022-12-06 22:00:00,4072.0,4083.0,4071.0,4078.0,1438.0,58655570.0,119778.0
2022-12-06 22:05:00,4079.0,4088.0,4075.0,4087.0,1138.0,46457450.0,119528.0
2022-12-06 22:10:00,4088.0,4103.0,4087.0,4102.0,3127.0,128131690.0,119503.0
2022-12-06 22:15:00,4103.0,4103.0,4094.0,4099.0,1541.0,63145540.0,119539.0
2022-12-06 22:20:00,4098.0,4099.0,4088.0,4092.0,1265.0,51767570.0,119602.0
2022-12-06 22:25:00,4091.0,4096.0,4090.0,4094.0,736.0,30125590.0,119563.0
2022-12-06 22:30:00,4095.0,4100.0,4090.0,4099.0,1060.0,43415140.0,119580.0
2022-12-06 22:35:00,4099.0,4108.0,4096.0,4102.0,1608.0,65973380.0,119366.0
2022-12-06 22:40:00,4102.0,4103.0,4099.0,4099.0,888.0,36411170.0,119349.0
2022-12-06 22:45:00,4098.0,4099.0,4092.0,4099.0,911.0,37319490.0,119250.0
2022-12-06 22:50:00,4099.0,4101.0,4097.0,4099.0,239.0,9796460.0,119199.0
2022-12-06 22:55:00,4099.0,4100.0,4094.0,4097.0,649.0,26586780.0,119010.0
2022-12-07 09:00:00,4085.0,4088.0,4077.0,4082.0,3136.0,128011380.0,119182.0
2022-12-07 09:05:00,4082.0,4092.0,4081.0,4083.0,1218.0,49766370.0,119424.0
2022-12-07 09:10:00,4083.0,4090.0,4080.0,4089.0,1251.0,51092240.0,119695.0
2022-12-07 09:15:00,4090.0,4095.0,4086.0,4092.0,1299.0,53134420.0,119725.0
2022-12-07 09:20:00,4092.0,4093.0,4074.0,4076.0,1202.0,49060430.0,119961.0
2022-12-07 09:25:00,4076.0,4081.0,4072.0,4073.0,1128.0,45983270.0,120033.0
2022-12-07 09:30:00,4073.0,4078.0,4051.0,4051.0,3250.0,132070370.0,121106.0
2022-12-07 09:35:00,4051.0,4056.0,4032.0,4037.0,5516.0,223105200.0,122033.0
2022-12-07 09:40:00,4037.0,4059.0,4035.0,4058.0,2977.0,120402400.0,122312.0
2022-12-07 09:45:00,4058.0,4068.0,4057.0,4063.0,1697.0,68955560.0,122057.0
2022-12-07 09:50:00,4063.0,4071.0,4060.0,4068.0,1230.0,50016550.0,122240.0
2022-12-07 09:55:00,4069.0,4080.0,4067.0,4076.0,1645.0,67013020.0,122394.0
2022-12-07 10:00:00,4075.0,4076.0,4069.0,4070.0,1275.0,51911800.0,122500.0
2022-12-07 10:05:00,4069.0,4071.0,4066.0,4067.0,799.0,32506480.0,122491.0
2022-12-07 10:10:00,4070.0,4072.0,4057.0,4061.0,1531.0,62258040.0,122682.0
2022-12-07 10:30:00,4062.0,4068.0,4050.0,4053.0,1278.0,51859830.0,122918.0
2022-12-07 10:35:00,4052.0,4056.0,4048.0,4054.0,1114.0,45128700.0,123149.0
2022-12-07 10:40:00,4054.0,4059.0,4048.0,4052.0,965.0,39107220.0,123386.0
2022-12-07 10:45:00,4051.0,4062.0,4051.0,4058.0,887.0,35992060.0,123330.0
2022-12-07 10:50:00,4058.0,4058.0,4050.0,4055.0,670.0,27156270.0,123618.0
2022-12-07 10:55:00,4054.0,4056.0,4049.0,4051.0,623.0,25242210.0,123675.0
2022-12-07 11:00:00,4051.0,4051.0,4036.0,4040.0,2016.0,81478350.0,123840.0
2022-12-07 11:05:00,4039.0,4041.0,4033.0,4037.0,1714.0,69177890.0,124425.0
2022-12-07 11:10:00,4039.0,4045.0,4036.0,4036.0,1186.0,47911840.0,124396.0
2022-12-07 11:15:00,4036.0,4044.0,4033.0,4038.0,1407.0,56833750.0,124392.0
2022-12-07 11:20:00,4039.0,4042.0,4033.0,4034.0,1016.0,41016250.0,124472.0
2022-12-07 11:25:00,4034.0,4036.0,4028.0,4030.0,1603.0,64630710.0,124786.0
2022-12-07 13:30:00,4033.0,4050.0,4032.0,4038.0,3654.0,147691230.0,124926.0
2022-12-07 13:35:00,4038.0,4041.0,4034.0,4035.0,704.0,28420440.0,125059.0
2022-12-07 13:40:00,4036.0,4038.0,4031.0,4037.0,928.0,37435520.0,125374.0
2022-12-07 13:45:00,4037.0,4040.0,4035.0,4039.0,1081.0,43655680.0,125649.0
2022-12-07 13:50:00,4039.0,4045.0,4036.0,4044.0,1031.0,41656570.0,125815.0
2022-12-07 13:55:00,4044.0,4045.0,4021.0,4021.0,2920.0,117688450.0,126296.0
2022-12-07 14:00:00,4021.0,4024.0,4000.0,4001.0,5375.0,215559080.0,127527.0
2022-12-07 14:05:00,4001.0,4006.0,3993.0,3999.0,4437.0,177498620.0,128554.0
2022-12-07 14:10:00,3998.0,4008.0,3996.0,3996.0,3465.0,138644130.0,129044.0
2022-12-07 14:15:00,3995.0,4003.0,3985.0,4000.0,4016.0,160416100.0,129321.0
2022-12-07 14:20:00,4002.0,4003.0,3992.0,3998.0,1322.0,52840000.0,129669.0
2022-12-07 14:25:00,3998.0,3999.0,3987.0,3987.0,1811.0,72286970.0,130152.0
2022-12-07 14:30:00,3987.0,3996.0,3986.0,3995.0,1497.0,59727920.0,130343.0
2022-12-07 14:35:00,3996.0,3996.0,3986.0,3993.0,1504.0,60004010.0,130360.0
2022-12-07 14:40:00,3991.0,3996.0,3989.0,3991.0,1117.0,44587800.0,130451.0
2022-12-07 14:45:00,3991.0,3998.0,3989.0,3998.0,2114.0,84433740.0,130253.0
2022-12-07 14:50:00,3999.0,3999.0,3993.0,3998.0,2088.0,83442110.0,130484.0
2022-12-07 14:55:00,3998.0,4000.0,3990.0,3993.0,1981.0,79118760.0,130237.0
2022-12-07 21:00:00,3993.0,4010.0,3993.0,4006.0,4338.0,173697900.0,130744.0
2022-12-07 21:05:00,4006.0,4014.0,4006.0,4013.0,2161.0,86670130.0,131205.0
2022-12-07 21:10:00,4014.0,4026.0,4009.0,4025.0,2484.0,99782420.0,131301.0
2022-12-07 21:15:00,4025.0,4037.0,4025.0,4034.0,3957.0,159576980.0,130349.0
2022-12-07 21:20:00,4035.0,4050.0,4032.0,4045.0,4438.0,179263860.0,129115.0
2022-12-07 21:25:00,4046.0,4050.0,4041.0,4049.0,3579.0,144765190.0,128448.0
2022-12-07 21:30:00,4048.0,4063.0,4048.0,4061.0,4703.0,190733240.0,127550.0
2022-12-07 21:35:00,4062.0,4071.0,4057.0,4069.0,4157.0,168972830.0,128150.0
2022-12-07 21:40:00,4067.0,4069.0,4053.0,4058.0,3321.0,134811320.0,127792.0
2022-12-07 21:45:00,4058.0,4059.0,4050.0,4053.0,1852.0,75051010.0,127400.0
2022-12-07 21:50:00,4051.0,4063.0,4051.0,4059.0,1186.0,48134790.0,127338.0
2022-12-07 21:55:00,4058.0,4065.0,4055.0,4063.0,1116.0,45310530.0,127460.0
2022-12-07 22:00:00,4063.0,4064.0,4056.0,4058.0,946.0,38397940.0,127558.0
2022-12-07 22:05:00,4059.0,4064.0,4055.0,4055.0,955.0,38768140.0,127555.0
2022-12-07 22:10:00,4055.0,4058.0,4051.0,4057.0,1113.0,45126460.0,127551.0
2022-12-07 22:15:00,4056.0,4064.0,4055.0,4062.0,1190.0,48320650.0,127337.0
2022-12-07 22:20:00,4061.0,4069.0,4060.0,4069.0,1744.0,70866200.0,127485.0
2022-12-07 22:25:00,4069.0,4075.0,4067.0,4068.0,2360.0,96045130.0,127448.0
2022-12-07 22:30:00,4069.0,4076.0,4065.0,4076.0,1644.0,66914260.0,127517.0
2022-12-07 22:35:00,4075.0,4080.0,4074.0,4078.0,1968.0,80243160.0,127810.0
2022-12-07 22:40:00,4079.0,4085.0,4076.0,4085.0,1826.0,74528120.0,127900.0
2022-12-07 22:45:00,4086.0,4090.0,4083.0,4085.0,1959.0,80063940.0,127836.0
2022-12-07 22:50:00,4085.0,4086.0,4078.0,4082.0,2492.0,101714630.0,127562.0
2022-12-07 22:55:00,4082.0,4085.0,4077.0,4084.0,1579.0,64419780.0,126974.0
2022-12-08 09:00:00,4069.0,4077.0,4064.0,4074.0,4299.0,175048520.0,127218.0
2022-12-08 09:05:00,4073.0,4078.0,4068.0,4070.0,1936.0,78857900.0,127431.0
2022-12-08 09:10:00,4070.0,4070.0,4060.0,4067.0,1890.0,76825320.0,127274.0
2022-12-08 09:15:00,4067.0,4072.0,4064.0,4067.0,980.0,39862220.0,127269.0
2022-12-08 09:20:00,4068.0,4075.0,4068.0,4070.0,902.0,36721710.0,127412.0
2022-12-08 09:25:00,4069.0,4076.0,4066.0,4075.0,914.0,37207700.0,127613.0
2022-12-08 09:30:00,4075.0,4079.0,4071.0,4071.0,1017.0,41447900.0,127930.0
2022-12-08 09:35:00,4071.0,4073.0,4057.0,4059.0,2497.0,101432370.0,128542.0
2022-12-08 09:40:00,4059.0,4061.0,4051.0,4053.0,1965.0,79711160.0,128951.0
2022-12-08 09:45:00,4053.0,4057.0,4048.0,4056.0,2190.0,88748500.0,129370.0
2022-12-08 09:50:00,4055.0,4059.0,4046.0,4054.0,1591.0,64459200.0,129562.0
2022-12-08 09:55:00,4054.0,4060.0,4050.0,4060.0,1007.0,40828270.0,129835.0
2022-12-08 10:00:00,4060.0,4063.0,4056.0,4058.0,1670.0,67797770.0,130365.0
2022-12-08 10:05:00,4058.0,4060.0,4054.0,4057.0,662.0,26855770.0,130413.0
2022-12-08 10:10:00,4057.0,4060.0,4041.0,4041.0,1699.0,68815530.0,130222.0
2022-12-08 10:30:00,4041.0,4049.0,4032.0,4033.0,2775.0,112101010.0,130719.0
2022-12-08 10:35:00,4033.0,4042.0,4031.0,4039.0,1873.0,75571770.0,131013.0
2022-12-08 10:40:00,4041.0,4053.0,4039.0,4047.0,1158.0,46863740.0,131113.0
2022-12-08 10:45:00,4048.0,4050.0,4044.0,4048.0,666.0,26960230.0,131225.0
2022-12-08 10:50:00,4050.0,4061.0,4048.0,4059.0,1324.0,53698920.0,131222.0
2022-12-08 10:55:00,4059.0,4060.0,4053.0,4058.0,812.0,32940930.0,131302.0
2022-12-08 11:00:00,4058.0,4060.0,4054.0,4056.0,502.0,20363200.0,131268.0
2022-12-08 11:05:00,4055.0,4065.0,4053.0,4062.0,1226.0,49776900.0,131460.0
2022-12-08 11:10:00,4063.0,4065.0,4060.0,4062.0,735.0,29863830.0,131432.0
2022-12-08 11:15:00,4063.0,4075.0,4061.0,4074.0,1718.0,69863570.0,131024.0
2022-12-08 11:20:00,4073.0,4078.0,4071.0,4074.0,1531.0,62384290.0,130940.0
2022-12-08 11:25:00,4074.0,4075.0,4060.0,4062.0,955.0,38844740.0,130726.0
2022-12-08 13:30:00,4060.0,4067.0,4056.0,4061.0,806.0,32735270.0,130737.0
2022-12-08 13:35:00,4061.0,4065.0,4056.0,4058.0,524.0,21271350.0,130726.0
2022-12-08 13:40:00,4059.0,4060.0,4047.0,4048.0,1599.0,64806970.0,130418.0
2022-12-08 13:45:00,4049.0,4054.0,4045.0,4047.0,761.0,30817950.0,130547.0
2022-12-08 13:50:00,4048.0,4059.0,4045.0,4059.0,1186.0,48075860.0,130897.0
2022-12-08 13:55:00,4060.0,4063.0,4056.0,4060.0,795.0,32274890.0,131195.0
2022-12-08 14:00:00,4059.0,4059.0,4046.0,4049.0,1680.0,68061740.0,130889.0
2022-12-08 14:05:00,4050.0,4050.0,4041.0,4045.0,1217.0,49222390.0,130923.0
2022-12-08 14:10:00,4046.0,4051.0,4043.0,4048.0,683.0,27643510.0,131086.0
2022-12-08 14:15:00,4048.0,4050.0,4044.0,4046.0,495.0,20032460.0,131170.0
2022-12-08 14:20:00,4046.0,4055.0,4045.0,4052.0,1004.0,40665950.0,131305.0
2022-12-08 14:25:00,4052.0,4067.0,4051.0,4065.0,2206.0,89568970.0,131138.0
2022-12-08 14:30:00,4066.0,4066.0,4053.0,4062.0,1455.0,59083300.0,131248.0
2022-12-08 14:35:00,4063.0,4080.0,4061.0,4076.0,2042.0,83135340.0,131134.0
2022-12-08 14:40:00,4076.0,4081.0,4073.0,4081.0,2422.0,98759470.0,131483.0
2022-12-08 14:45:00,4082.0,4088.0,4078.0,4080.0,2545.0,103911650.0,131741.0
2022-12-08 14:50:00,4081.0,4081.0,4071.0,4075.0,1815.0,73956600.0,132059.0
2022-12-08 14:55:00,4073.0,4084.0,4069.0,4082.0,1681.0,68519540.0,131773.0
2022-12-08 21:00:00,4118.0,4118.0,4080.0,4095.0,7112.0,291538840.0,132539.0
2022-12-08 21:05:00,4095.0,4109.0,4090.0,4098.0,3813.0,156315870.0,132646.0
2022-12-08 21:10:00,4097.0,4099.0,4083.0,4094.0,2666.0,109019050.0,132975.0
2022-12-08 21:15:00,4093.0,4104.0,4091.0,4103.0,2551.0,104550430.0,133125.0
2022-12-08 21:20:00,4104.0,4110.0,4099.0,4104.0,2476.0,101611540.0,133303.0
2022-12-08 21:25:00,4105.0,4106.0,4100.0,4102.0,1616.0,66301760.0,133160.0
2022-12-08 21:30:00,4103.0,4104.0,4093.0,4097.0,1712.0,70137780.0,133017.0
2022-12-08 21:35:00,4098.0,4126.0,4097.0,4120.0,5788.0,238225030.0,133363.0
2022-12-08 21:40:00,4120.0,4134.0,4116.0,4123.0,4463.0,184115000.0,133394.0
2022-12-08 21:45:00,4123.0,4125.0,4115.0,4121.0,2308.0,95073390.0,133789.0
2022-12-08 21:50:00,4121.0,4130.0,4117.0,4120.0,3469.0,143084350.0,133892.0
2022-12-08 21:55:00,4120.0,4122.0,4115.0,4119.0,1490.0,61362780.0,134327.0
2022-12-08 22:00:00,4120.0,4124.0,4111.0,4111.0,2295.0,94490100.0,134481.0
2022-12-08 22:05:00,4112.0,4114.0,4110.0,4111.0,1749.0,71911710.0,134115.0
2022-12-08 22:10:00,4111.0,4112.0,4100.0,4106.0,2421.0,99374230.0,133512.0
2022-12-08 22:15:00,4106.0,4113.0,4105.0,4111.0,1474.0,60576050.0,133909.0
2022-12-08 22:20:00,4111.0,4127.0,4110.0,4124.0,2204.0,90801120.0,134040.0
2022-12-08 22:25:00,4124.0,4126.0,4115.0,4118.0,1225.0,50461500.0,133914.0
2022-12-08 22:30:00,4117.0,4118.0,4105.0,4109.0,2212.0,90886450.0,133695.0
2022-12-08 22:35:00,4110.0,4117.0,4110.0,4114.0,846.0,34800790.0,133635.0
2022-12-08 22:40:00,4114.0,4116.0,4111.0,4114.0,779.0,32042030.0,133733.0
2022-12-08 22:45:00,4113.0,4119.0,4111.0,4118.0,754.0,31032570.0,133678.0
2022-12-08 22:50:00,4118.0,4129.0,4118.0,4120.0,2145.0,88430960.0,133636.0
2022-12-08 22:55:00,4120.0,4124.0,4118.0,4121.0,1419.0,58473260.0,133234.0
2022-12-09 09:00:00,4111.0,4117.0,4104.0,4117.0,3770.0,154968980.0,133950.0
2022-12-09 09:05:00,4117.0,4122.0,4113.0,4118.0,1539.0,63363960.0,133985.0
2022-12-09 09:10:00,4118.0,4124.0,4113.0,4122.0,1334.0,54951340.0,134235.0
2022-12-09 09:15:00,4123.0,4133.0,4121.0,4129.0,2844.0,117396460.0,134550.0
2022-12-09 09:20:00,4129.0,4132.0,4125.0,4130.0,1255.0,51811350.0,134828.0
2022-12-09 09:25:00,4131.0,4139.0,4122.0,4139.0,2425.0,100174440.0,135462.0
2022-12-09 09:30:00,4139.0,4162.0,4137.0,4154.0,7366.0,305534530.0,136472.0
2022-12-09 09:35:00,4153.0,4170.0,4153.0,4166.0,3782.0,157414520.0,137343.0
2022-12-09 09:40:00,4167.0,4167.0,4153.0,4155.0,2976.0,123768040.0,137694.0
2022-12-09 09:45:00,4154.0,4159.0,4146.0,4157.0,2966.0,123144530.0,137752.0
2022-12-09 09:50:00,4157.0,4161.0,4154.0,4155.0,1498.0,62274990.0,137750.0
2022-12-09 09:55:00,4154.0,4162.0,4153.0,4162.0,1760.0,73180940.0,137383.0
2022-12-09 10:00:00,4162.0,4162.0,4156.0,4156.0,1047.0,43545380.0,137479.0
2022-12-09 10:05:00,4155.0,4162.0,4153.0,4162.0,1106.0,45977130.0,137512.0
2022-12-09 10:10:00,4162.0,4163.0,4147.0,4154.0,2033.0,84430790.0,137493.0
2022-12-09 10:30:00,4154.0,4160.0,4151.0,4159.0,1791.0,74434470.0,137804.0
2022-12-09 10:35:00,4158.0,4163.0,4157.0,4160.0,1092.0,45426910.0,137995.0
2022-12-09 10:40:00,4161.0,4162.0,4154.0,4159.0,1026.0,42662890.0,138056.0
2022-12-09 10:45:00,4160.0,4162.0,4154.0,4162.0,1183.0,49191230.0,138249.0
2022-12-09 10:50:00,4161.0,4166.0,4161.0,4166.0,1402.0,58364170.0,138115.0
2022-12-09 10:55:00,4165.0,4170.0,4161.0,4166.0,2095.0,87272720.0,138602.0
2022-12-09 11:00:00,4167.0,4170.0,4164.0,4169.0,1284.0,53499310.0,138677.0
2022-12-09 11:05:00,4169.0,4174.0,4165.0,4166.0,1675.0,69845610.0,138809.0
2022-12-09 11:10:00,4167.0,4167.0,4157.0,4166.0,1700.0,70730520.0,138699.0
2022-12-09 11:15:00,4167.0,4172.0,4162.0,4172.0,1414.0,58935580.0,138561.0
2022-12-09 11:20:00,4171.0,4175.0,4168.0,4175.0,1325.0,55281420.0,138707.0
2022-12-09 11:25:00,4173.0,4182.0,4173.0,4176.0,2316.0,96766760.0,139315.0
2022-12-09 13:30:00,4176.0,4192.0,4171.0,4191.0,4152.0,173796430.0,139654.0
2022-12-09 13:35:00,4192.0,4195.0,4184.0,4186.0,2034.0,85218410.0,139797.0
2022-12-09 13:40:00,4186.0,4188.0,4182.0,4186.0,1720.0,71989490.0,140232.0
2022-12-09 13:45:00,4190.0,4194.0,4186.0,4194.0,2566.0,107526640.0,140839.0
2022-12-09 13:50:00,4193.0,4196.0,4185.0,4193.0,2297.0,96259860.0,141400.0
2022-12-09 13:55:00,4194.0,4199.0,4188.0,4189.0,2167.0,90900660.0,141537.0
2022-12-09 14:00:00,4189.0,4191.0,4183.0,4184.0,1949.0,81583270.0,141534.0
2022-12-09 14:05:00,4185.0,4189.0,4182.0,4184.0,3748.0,156897880.0,141924.0
2022-12-09 14:10:00,4184.0,4192.0,4181.0,4189.0,820.0,34333570.0,142007.0
2022-12-09 14:15:00,4189.0,4189.0,4181.0,4185.0,1108.0,46366280.0,141980.0
2022-12-09 14:20:00,4185.0,4191.0,4182.0,4184.0,862.0,36092450.0,142008.0
2022-12-09 14:25:00,4184.0,4187.0,4180.0,4186.0,1292.0,54040420.0,141812.0
2022-12-09 14:30:00,4187.0,4188.0,4183.0,4185.0,639.0,26741750.0,141891.0
2022-12-09 14:35:00,4185.0,4192.0,4184.0,4191.0,842.0,35279160.0,141884.0
2022-12-09 14:40:00,4191.0,4195.0,4189.0,4191.0,1036.0,43430760.0,141947.0
2022-12-09 14:45:00,4191.0,4197.0,4188.0,4197.0,1145.0,48008540.0,142137.0
2022-12-09 14:50:00,4195.0,4198.0,4186.0,4190.0,1794.0,75227570.0,142616.0
2022-12-09 14:55:00,4189.0,4191.0,4181.0,4182.0,2886.0,120791630.0,143728.0
2022-12-09 21:00:00,4182.0,4188.0,4162.0,4181.0,5922.0,247478150.0,144628.0
2022-12-09 21:05:00,4181.0,4188.0,4176.0,4182.0,2113.0,88361430.0,144964.0
2022-12-09 21:10:00,4181.0,4205.0,4180.0,4198.0,6624.0,277872380.0,145748.0
2022-12-09 21:15:00,4198.0,4206.0,4190.0,4202.0,2946.0,123706840.0,145927.0
2022-12-09 21:20:00,4202.0,4209.0,4195.0,4200.0,3828.0,160850540.0,146074.0
2022-12-09 21:25:00,4200.0,4212.0,4195.0,4207.0,3785.0,159146720.0,146045.0
2022-12-09 21:30:00,4206.0,4212.0,4195.0,4212.0,4163.0,174982990.0,145729.0
2022-12-09 21:35:00,4212.0,4213.0,4205.0,4208.0,2903.0,122180940.0,145917.0
2022-12-09 21:40:00,4207.0,4212.0,4205.0,4212.0,2089.0,87907380.0,146065.0
2022-12-09 21:45:00,4213.0,4220.0,4207.0,4217.0,4224.0,178052420.0,146152.0
2022-12-09 21:50:00,4218.0,4221.0,4213.0,4218.0,4626.0,195075050.0,146740.0
2022-12-09 21:55:00,4218.0,4228.0,4217.0,4225.0,3035.0,128139360.0,146607.0
2022-12-09 22:00:00,4225.0,4230.0,4223.0,4230.0,2315.0,97863510.0,147044.0
2022-12-09 22:05:00,4229.0,4236.0,4227.0,4229.0,3009.0,127316400.0,147469.0
2022-12-09 22:10:00,4228.0,4230.0,4223.0,4226.0,2254.0,95275570.0,147221.0
2022-12-09 22:15:00,4226.0,4230.0,4225.0,4226.0,1246.0,52674100.0,147027.0
2022-12-09 22:20:00,4226.0,4229.0,4218.0,4228.0,2032.0,85832660.0,147045.0
2022-12-09 22:25:00,4228.0,4230.0,4221.0,4224.0,1052.0,44446630.0,147206.0
2022-12-09 22:30:00,4225.0,4228.0,4222.0,4226.0,1503.0,63501110.0,147205.0
2022-12-09 22:35:00,4226.0,4226.0,4216.0,4220.0,1920.0,81028220.0,147115.0
2022-12-09 22:40:00,4221.0,4225.0,4218.0,4222.0,1072.0,45249730.0,147147.0
2022-12-09 22:45:00,4222.0,4222.0,4215.0,4216.0,1039.0,43832570.0,146958.0
2022-12-09 22:50:00,4217.0,4218.0,4209.0,4218.0,1361.0,57351480.0,146447.0
2022-12-09 22:55:00,4218.0,4220.0,4217.0,4219.0,1220.0,51471450.0,145883.0
2022-12-12 09:00:00,4225.0,4226.0,4199.0,4216.0,5239.0,220620510.0,146203.0
2022-12-12 09:05:00,4215.0,4220.0,4204.0,4205.0,2701.0,113729800.0,146201.0
2022-12-12 09:10:00,4204.0,4214.0,4184.0,4202.0,4172.0,175231900.0,146368.0
2022-12-12 09:15:00,4202.0,4216.0,4200.0,4215.0,2098.0,88270490.0,146513.0
2022-12-12 09:20:00,4215.0,4217.0,4194.0,4202.0,1997.0,83974430.0,146388.0
2022-12-12 09:25:00,4203.0,4203.0,4190.0,4195.0,1672.0,70120570.0,146337.0
2022-12-12 09:30:00,4194.0,4205.0,4193.0,4201.0,1881.0,78986240.0,146398.0
2022-12-12 09:35:00,4201.0,4201.0,4192.0,4194.0,1099.0,46103370.0,146269.0
2022-12-12 09:40:00,4193.0,4200.0,4192.0,4192.0,936.0,39276070.0,146368.0
2022-12-12 09:45:00,4192.0,4200.0,4192.0,4192.0,1296.0,54364420.0,146649.0
2022-12-12 09:50:00,4192.0,4199.0,4183.0,4197.0,2621.0,109836770.0,146406.0
2022-12-12 09:55:00,4198.0,4198.0,4189.0,4191.0,2270.0,95167190.0,146839.0
2022-12-12 10:00:00,4191.0,4194.0,4170.0,4175.0,4489.0,187681820.0,147122.0
2022-12-12 10:05:00,4176.0,4189.0,4175.0,4186.0,2664.0,111402870.0,147311.0
2022-12-12 10:10:00,4185.0,4196.0,4183.0,4195.0,1710.0,71637340.0,147392.0
2022-12-12 10:30:00,4195.0,4214.0,4190.0,4208.0,2349.0,98697100.0,147687.0
2022-12-12 10:35:00,4207.0,4215.0,4203.0,4213.0,1557.0,65501900.0,147742.0
2022-12-12 10:40:00,4214.0,4215.0,4205.0,4206.0,1036.0,43613650.0,147745.0
2022-12-12 10:45:00,4207.0,4208.0,4198.0,4201.0,971.0,40824170.0,147856.0
2022-12-12 10:50:00,4199.0,4206.0,4188.0,4192.0,1570.0,65883220.0,147891.0
2022-12-12 10:55:00,4191.0,4200.0,4189.0,4198.0,753.0,31579500.0,148030.0
2022-12-12 11:00:00,4197.0,4209.0,4197.0,4207.0,1272.0,53471180.0,147997.0
2022-12-12 11:05:00,4205.0,4215.0,4202.0,4207.0,1470.0,61887930.0,148154.0
2022-12-12 11:10:00,4206.0,4206.0,4200.0,4201.0,694.0,29165050.0,148065.0
2022-12-12 11:15:00,4202.0,4214.0,4199.0,4212.0,1862.0,78357390.0,147873.0
2022-12-12 11:20:00,4211.0,4212.0,4205.0,4206.0,1325.0,55759140.0,148323.0
2022-12-12 11:25:00,4206.0,4212.0,4205.0,4207.0,1638.0,68934760.0,148779.0
2022-12-12 13:30:00,4207.0,4208.0,4200.0,4203.0,1544.0,64912550.0,149414.0
2022-12-12 13:35:00,4204.0,4212.0,4201.0,4212.0,1103.0,46421750.0,149557.0
2022-12-12 13:40:00,4211.0,4217.0,4209.0,4211.0,1822.0,76767930.0,149759.0
2022-12-12 13:45:00,4211.0,4213.0,4204.0,4210.0,1256.0,52861160.0,149935.0
2022-12-12 13:50:00,4210.0,4211.0,4207.0,4210.0,1252.0,52694550.0,149976.0
2022-12-12 13:55:00,4210.0,4211.0,4206.0,4207.0,722.0,30379910.0,150236.0
2022-12-12 14:00:00,4207.0,4208.0,4197.0,4204.0,1140.0,47911650.0,150326.0
2022-12-12 14:05:00,4204.0,4212.0,4203.0,4210.0,589.0,24790770.0,150348.0
2022-12-12 14:10:00,4210.0,4210.0,4202.0,4206.0,558.0,23465620.0,150332.0
2022-12-12 14:15:00,4206.0,4209.0,4200.0,4202.0,678.0,28507900.0,150457.0
2022-12-12 14:20:00,4203.0,4206.0,4190.0,4193.0,1736.0,72849450.0,150405.0
2022-12-12 14:25:00,4193.0,4202.0,4193.0,4197.0,1295.0,54362780.0,150264.0
2022-12-12 14:30:00,4197.0,4205.0,4195.0,4200.0,896.0,37633370.0,150327.0
2022-12-12 14:35:00,4200.0,4204.0,4193.0,4197.0,1150.0,48264820.0,150241.0
2022-12-12 14:40:00,4198.0,4201.0,4193.0,4197.0,918.0,38527860.0,150255.0
2022-12-12 14:45:00,4196.0,4203.0,4194.0,4198.0,1002.0,42070280.0,150278.0
2022-12-12 14:50:00,4198.0,4201.0,4188.0,4195.0,2169.0,90937110.0,149810.0
2022-12-12 14:55:00,4195.0,4201.0,4190.0,4193.0,1931.0,81005290.0,149291.0
2022-12-12 21:00:00,4201.0,4201.0,4173.0,4185.0,6714.0,281125640.0,150390.0
2022-12-12 21:05:00,4184.0,4200.0,4180.0,4196.0,2762.0,115781440.0,150990.0
2022-12-12 21:10:00,4196.0,4209.0,4189.0,4206.0,3111.0,130699510.0,151579.0
2022-12-12 21:15:00,4206.0,4213.0,4202.0,4212.0,3027.0,127363570.0,152014.0
2022-12-12 21:20:00,4212.0,4214.0,4205.0,4214.0,2115.0,89045760.0,152208.0
2022-12-12 21:25:00,4214.0,4220.0,4209.0,4216.0,2534.0,106791080.0,152948.0
2022-12-12 21:30:00,4215.0,4216.0,4208.0,4209.0,1537.0,64731150.0,153068.0
2022-12-12 21:35:00,4210.0,4214.0,4208.0,4210.0,1438.0,60547740.0,153305.0
2022-12-12 21:40:00,4209.0,4212.0,4202.0,4210.0,1420.0,59742520.0,153481.0
2022-12-12 21:45:00,4208.0,4212.0,4205.0,4210.0,1161.0,48864790.0,153548.0
2022-12-12 21:50:00,4211.0,4219.0,4209.0,4213.0,1731.0,72959630.0,153785.0
2022-12-12 21:55:00,4211.0,4223.0,4209.0,4221.0,1623.0,68411940.0,154030.0
2022-12-12 22:00:00,4222.0,4236.0,4216.0,4230.0,5155.0,217995370.0,154709.0
2022-12-12 22:05:00,4231.0,4231.0,4222.0,4231.0,2368.0,100094250.0,155030.0
2022-12-12 22:10:00,4230.0,4231.0,4225.0,4229.0,1317.0,55690220.0,155124.0
2022-12-12 22:15:00,4229.0,4229.0,4223.0,4228.0,1294.0,54678530.0,155061.0
2022-12-12 22:20:00,4228.0,4238.0,4225.0,4236.0,2530.0,107048570.0,154753.0
2022-12-12 22:25:00,4236.0,4236.0,4228.0,4235.0,1495.0,63261750.0,154811.0
2022-12-12 22:30:00,4234.0,4235.0,4230.0,4235.0,1026.0,43424710.0,154864.0
2022-12-12 22:35:00,4235.0,4236.0,4216.0,4216.0,3280.0,138590640.0,154429.0
2022-12-12 22:40:00,4218.0,4225.0,4216.0,4224.0,964.0,40693760.0,154424.0
2022-12-12 22:45:00,4223.0,4225.0,4218.0,4218.0,1036.0,43730020.0,154519.0
2022-12-12 22:50:00,4218.0,4222.0,4207.0,4212.0,1936.0,81581040.0,154187.0
2022-12-12 22:55:00,4212.0,4213.0,4205.0,4209.0,1877.0,78991510.0,154041.0
2022-12-13 09:00:00,4218.0,4220.0,4192.0,4192.0,5742.0,241377280.0,154938.0
2022-12-13 09:05:00,4192.0,4195.0,4176.0,4187.0,7537.0,315383590.0,156519.0
2022-12-13 09:10:00,4187.0,4200.0,4185.0,4194.0,2945.0,123502940.0,157051.0
2022-12-13 09:15:00,4195.0,4197.0,4186.0,4190.0,2215.0,92834090.0,157488.0
2022-12-13 09:20:00,4190.0,4202.0,4190.0,4202.0,1697.0,71199240.0,157236.0
2022-12-13 09:25:00,4202.0,4205.0,4197.0,4203.0,1191.0,50041800.0,157238.0
2022-12-13 09:30:00,4202.0,4205.0,4194.0,4198.0,1128.0,47378500.0,157193.0
2022-12-13 09:35:00,4198.0,4201.0,4191.0,4193.0,912.0,38257020.0,157328.0
2022-12-13 09:40:00,4192.0,4197.0,4190.0,4194.0,1063.0,44573500.0,157370.0
2022-12-13 09:45:00,4193.0,4196.0,4185.0,4185.0,1041.0,43628020.0,157402.0
2022-12-13 09:50:00,4185.0,4193.0,4183.0,4189.0,913.0,38235680.0,157451.0
2022-12-13 09:55:00,4189.0,4199.0,4189.0,4193.0,1191.0,49956350.0,157358.0
2022-12-13 10:00:00,4193.0,4200.0,4192.0,4195.0,1403.0,58876330.0,157594.0
2022-12-13 10:05:00,4195.0,4200.0,4192.0,4199.0,653.0,27392640.0,157633.0
2022-12-13 10:10:00,4199.0,4200.0,4196.0,4198.0,556.0,23342670.0,157716.0
2022-12-13 10:30:00,4199.0,4210.0,4197.0,4208.0,2344.0,98609610.0,158423.0
2022-12-13 10:35:00,4208.0,4209.0,4195.0,4196.0,1407.0,59146660.0,158507.0
2022-12-13 10:40:00,4195.0,4198.0,4190.0,4198.0,1993.0,83588690.0,158980.0
2022-12-13 10:45:00,4197.0,4199.0,4192.0,4196.0,1153.0,48373210.0,158941.0
2022-12-13 10:50:00,4195.0,4196.0,4188.0,4192.0,1695.0,71035250.0,159123.0
2022-12-13 10:55:00,4192.0,4195.0,4188.0,4189.0,1221.0,51171600.0,159476.0
2022-12-13 11:00:00,4189.0,4192.0,4180.0,4181.0,3004.0,125690650.0,160521.0
2022-12-13 11:05:00,4182.0,4187.0,4179.0,4187.0,1935.0,80946930.0,160479.0
2022-12-13 11:10:00,4187.0,4194.0,4187.0,4192.0,1285.0,53844900.0,160539.0
2022-12-13 11:15:00,4192.0,4194.0,4181.0,4181.0,2482.0,103907990.0,160922.0
2022-12-13 11:20:00,4181.0,4189.0,4176.0,4188.0,3215.0,134481940.0,161621.0
2022-12-13 11:25:00,4188.0,4194.0,4187.0,4193.0,2339.0,98024730.0,162157.0
2022-12-13 13:30:00,4194.0,4201.0,4191.0,4192.0,2286.0,95924240.0,162068.0
2022-12-13 13:35:00,4192.0,4198.0,4191.0,4198.0,932.0,39107000.0,162197.0
2022-12-13 13:40:00,4198.0,4214.0,4197.0,4208.0,3312.0,139348560.0,162612.0
2022-12-13 13:45:00,4209.0,4212.0,4205.0,4212.0,1203.0,50623750.0,162716.0
2022-12-13 13:50:00,4212.0,4212.0,4200.0,4203.0,1150.0,48357360.0,162895.0
2022-12-13 13:55:00,4203.0,4208.0,4202.0,4204.0,974.0,40955990.0,162945.0
2022-12-13 14:00:00,4203.0,4205.0,4198.0,4200.0,1003.0,42133850.0,163033.0
2022-12-13 14:05:00,4200.0,4203.0,4198.0,4201.0,666.0,27975940.0,163082.0
2022-12-13 14:10:00,4200.0,4200.0,4194.0,4196.0,1040.0,43646750.0,163155.0
2022-12-13 14:15:00,4197.0,4203.0,4196.0,4200.0,1144.0,48050770.0,163525.0
2022-12-13 14:20:00,4199.0,4200.0,4193.0,4193.0,1062.0,44567140.0,163606.0
2022-12-13 14:25:00,4194.0,4200.0,4194.0,4199.0,453.0,19013330.0,163639.0
2022-12-13 14:30:00,4200.0,4206.0,4198.0,4202.0,879.0,36938330.0,163718.0
2022-12-13 14:35:00,4203.0,4206.0,4202.0,4203.0,640.0,26906290.0,163883.0
2022-12-13 14:40:00,4202.0,4207.0,4202.0,4205.0,837.0,35198020.0,163858.0
2022-12-13 14:45:00,4206.0,4212.0,4204.0,4210.0,2127.0,89511830.0,163682.0
2022-12-13 14:50:00,4209.0,4213.0,4207.0,4209.0,1348.0,56753980.0,163820.0
2022-12-13 14:55:00,4209.0,4209.0,4203.0,4203.0,1553.0,65330190.0,163396.0
2022-12-13 21:00:00,4191.0,4201.0,4188.0,4201.0,6496.0,272448560.0,163977.0
2022-12-13 21:05:00,4201.0,4207.0,4198.0,4207.0,3043.0,127894780.0,164610.0
2022-12-13 21:10:00,4207.0,4208.0,4201.0,4204.0,2085.0,87661000.0,165006.0
2022-12-13 21:15:00,4204.0,4218.0,4202.0,4213.0,4195.0,176683750.0,166164.0
2022-12-13 21:20:00,4213.0,4215.0,4208.0,4211.0,1849.0,77869300.0,166609.0
2022-12-13 21:25:00,4209.0,4210.0,4203.0,4210.0,1797.0,75600540.0,166844.0
2022-12-13 21:30:00,4212.0,4219.0,4195.0,4202.0,4641.0,195138420.0,167076.0
2022-12-13 21:35:00,4202.0,4208.0,4201.0,4207.0,2638.0,110914940.0,167298.0
2022-12-13 21:40:00,4206.0,4213.0,4205.0,4210.0,2189.0,92126700.0,167396.0
2022-12-13 21:45:00,4210.0,4212.0,4206.0,4212.0,2189.0,92127550.0,167628.0
2022-12-13 21:50:00,4211.0,4213.0,4204.0,4208.0,1784.0,75083130.0,167608.0
2022-12-13 21:55:00,4208.0,4211.0,4207.0,4210.0,1434.0,60355340.0,167720.0
2022-12-13 22:00:00,4210.0,4211.0,4201.0,4203.0,1878.0,78979720.0,167851.0
2022-12-13 22:05:00,4203.0,4207.0,4198.0,4202.0,2321.0,97539590.0,167828.0
2022-12-13 22:10:00,4202.0,4204.0,4198.0,4199.0,1172.0,49236980.0,168107.0
2022-12-13 22:15:00,4198.0,4201.0,4197.0,4200.0,1259.0,52868350.0,168332.0
2022-12-13 22:20:00,4199.0,4202.0,4187.0,4194.0,2525.0,105894290.0,168604.0
2022-12-13 22:25:00,4193.0,4194.0,4187.0,4188.0,2294.0,96126560.0,168534.0
2022-12-13 22:30:00,4189.0,4194.0,4187.0,4193.0,1634.0,68484750.0,168483.0
2022-12-13 22:35:00,4192.0,4198.0,4191.0,4197.0,1441.0,60452370.0,168604.0
2022-12-13 22:40:00,4196.0,4200.0,4195.0,4197.0,978.0,41058790.0,168583.0
2022-12-13 22:45:00,4197.0,4198.0,4193.0,4193.0,472.0,19803100.0,168509.0
2022-12-13 22:50:00,4193.0,4200.0,4192.0,4200.0,580.0,24343810.0,168524.0
2022-12-13 22:55:00,4201.0,4201.0,4198.0,4199.0,1288.0,54092750.0,168461.0
2022-12-14 09:00:00,4201.0,4201.0,4184.0,4193.0,3891.0,163069710.0,168784.0
2022-12-14 09:05:00,4194.0,4200.0,4194.0,4198.0,1647.0,69125880.0,168832.0
2022-12-14 09:10:00,4198.0,4208.0,4198.0,4206.0,2183.0,91757280.0,168519.0
2022-12-14 09:15:00,4205.0,4209.0,4203.0,4203.0,1616.0,67965920.0,168497.0
2022-12-14 09:20:00,4203.0,4203.0,4195.0,4200.0,1786.0,74972930.0,168636.0
2022-12-14 09:25:00,4200.0,4212.0,4200.0,4209.0,2602.0,109489340.0,168608.0
2022-12-14 09:30:00,4208.0,4213.0,4207.0,4213.0,1986.0,83616290.0,168944.0
2022-12-14 09:35:00,4213.0,4214.0,4208.0,4208.0,1193.0,50226180.0,169188.0
2022-12-14 09:40:00,4208.0,4209.0,4200.0,4204.0,1759.0,73947270.0,169604.0
2022-12-14 09:45:00,4204.0,4208.0,4198.0,4199.0,1583.0,66518300.0,169940.0
2022-12-14 09:50:00,4198.0,4208.0,4196.0,4207.0,1198.0,50334080.0,170175.0
2022-12-14 09:55:00,4208.0,4209.0,4203.0,4207.0,1194.0,50232690.0,170386.0
2022-12-14 10:00:00,4207.0,4207.0,4201.0,4201.0,966.0,40607450.0,170522.0
2022-12-14 10:05:00,4202.0,4209.0,4201.0,4207.0,990.0,41646520.0,170813.0
2022-12-14 10:10:00,4206.0,4210.0,4205.0,4206.0,896.0,37704440.0,170839.0
2022-12-14 10:30:00,4207.0,4214.0,4204.0,4212.0,1313.0,55261190.0,170812.0
2022-12-14 10:35:00,4212.0,4213.0,4205.0,4207.0,1012.0,42597440.0,170857.0
2022-12-14 10:40:00,4206.0,4208.0,4202.0,4207.0,719.0,30236520.0,170888.0
2022-12-14 10:45:00,4207.0,4207.0,4202.0,4203.0,554.0,23294280.0,170916.0
2022-12-14 10:50:00,4204.0,4211.0,4204.0,4211.0,1027.0,43211050.0,171103.0
2022-12-14 10:55:00,4210.0,4216.0,4208.0,4214.0,1718.0,72364830.0,171443.0
2022-12-14 11:00:00,4215.0,4217.0,4211.0,4213.0,1605.0,67640350.0,171479.0
2022-12-14 11:05:00,4213.0,4214.0,4210.0,4210.0,832.0,35041990.0,171535.0
2022-12-14 11:10:00,4210.0,4213.0,4206.0,4209.0,1623.0,68315550.0,171274.0
2022-12-14 11:15:00,4208.0,4212.0,4207.0,4210.0,824.0,34688820.0,171452.0
2022-12-14 11:20:00,4210.0,4215.0,4208.0,4213.0,1252.0,52726200.0,171818.0
2022-12-14 11:25:00,4214.0,4215.0,4211.0,4213.0,1891.0,79666390.0,172165.0
2022-12-14 13:30:00,4213.0,4213.0,4206.0,4207.0,1776.0,74758510.0,172592.0
2022-12-14 13:35:00,4208.0,4209.0,4203.0,4204.0,1499.0,63044190.0,172834.0
2022-12-14 13:40:00,4204.0,4208.0,4204.0,4206.0,818.0,34402600.0,172871.0
2022-12-14 13:45:00,4206.0,4209.0,4205.0,4207.0,894.0,37609950.0,173091.0
2022-12-14 13:50:00,4207.0,4212.0,4206.0,4210.0,1042.0,43852710.0,173298.0
2022-12-14 13:55:00,4210.0,4213.0,4208.0,4208.0,919.0,38697010.0,173300.0
2022-12-14 14:00:00,4208.0,4213.0,4207.0,4212.0,752.0,31663020.0,173369.0
2022-12-14 14:05:00,4211.0,4213.0,4209.0,4213.0,936.0,39415990.0,173252.0
2022-12-14 14:10:00,4212.0,4215.0,4210.0,4215.0,1171.0,49329810.0,173490.0
2022-12-14 14:15:00,4214.0,4216.0,4210.0,4211.0,1096.0,46176940.0,173402.0
2022-12-14 14:20:00,4212.0,4213.0,4209.0,4211.0,651.0,27413580.0,173435.0
2022-12-14 14:25:00,4211.0,4211.0,4203.0,4204.0,1224.0,51489550.0,173402.0
2022-12-14 14:30:00,4205.0,4206.0,4198.0,4201.0,3119.0,131031310.0,174147.0
2022-12-14 14:35:00,4201.0,4206.0,4196.0,4205.0,2016.0,84687800.0,174015.0
2022-12-14 14:40:00,4204.0,4208.0,4202.0,4203.0,1262.0,53063080.0,173994.0
2022-12-14 14:45:00,4201.0,4207.0,4200.0,4207.0,1242.0,52215540.0,173980.0
2022-12-14 14:50:00,4206.0,4212.0,4205.0,4210.0,1880.0,79134990.0,174136.0
2022-12-14 14:55:00,4209.0,4211.0,4206.0,4210.0,1683.0,70836960.0,174169.0
2022-12-14 21:00:00,4195.0,4224.0,4195.0,4219.0,7369.0,310669710.0,174972.0
2022-12-14 21:05:00,4219.0,4222.0,4207.0,4222.0,4325.0,182311540.0,176041.0
2022-12-14 21:10:00,4222.0,4226.0,4218.0,4225.0,3915.0,165302410.0,176889.0
2022-12-14 21:15:00,4226.0,4245.0,4225.0,4245.0,9382.0,397599630.0,179610.0
2022-12-14 21:20:00,4245.0,4247.0,4238.0,4247.0,4362.0,185065920.0,180675.0
2022-12-14 21:25:00,4247.0,4251.0,4240.0,4243.0,3398.0,144264980.0,180773.0
2022-12-14 21:30:00,4243.0,4247.0,4241.0,4245.0,2524.0,107115450.0,181033.0
2022-12-14 21:35:00,4245.0,4254.0,4244.0,4244.0,3779.0,160598140.0,180401.0
2022-12-14 21:40:00,4244.0,4248.0,4238.0,4246.0,2379.0,100937080.0,180191.0
2022-12-14 21:45:00,4247.0,4253.0,4243.0,4252.0,2189.0,93012990.0,180550.0
2022-12-14 21:50:00,4252.0,4260.0,4248.0,4258.0,2834.0,120606320.0,180495.0
2022-12-14 21:55:00,4258.0,4260.0,4250.0,4251.0,1901.0,80853580.0,180394.0
2022-12-14 22:00:00,4252.0,4255.0,4244.0,4244.0,2339.0,99382480.0,180419.0
2022-12-14 22:05:00,4244.0,4246.0,4237.0,4244.0,2144.0,90942530.0,180276.0
2022-12-14 22:10:00,4243.0,4249.0,4241.0,4246.0,1342.0,56980180.0,180321.0
2022-12-14 22:15:00,4247.0,4248.0,4241.0,4243.0,848.0,35997130.0,180414.0
2022-12-14 22:20:00,4243.0,4247.0,4240.0,4241.0,1072.0,45489170.0,180566.0
2022-12-14 22:25:00,4241.0,4243.0,4238.0,4242.0,1159.0,49147640.0,180701.0
2022-12-14 22:30:00,4242.0,4243.0,4225.0,4231.0,4508.0,190770910.0,179981.0
2022-12-14 22:35:00,4230.0,4235.0,4228.0,4232.0,2194.0,92838850.0,180494.0
2022-12-14 22:40:00,4232.0,4239.0,4231.0,4238.0,1058.0,44815900.0,180636.0
2022-12-14 22:45:00,4237.0,4238.0,4230.0,4237.0,1194.0,50555900.0,180790.0
2022-12-14 22:50:00,4236.0,4237.0,4230.0,4234.0,1343.0,56847880.0,180764.0
2022-12-14 22:55:00,4234.0,4235.0,4227.0,4230.0,1625.0,68764020.0,180620.0
2022-12-15 09:00:00,4232.0,4245.0,4230.0,4230.0,6676.0,283011850.0,181472.0
2022-12-15 09:05:00,4230.0,4231.0,4185.0,4196.0,14724.0,618497440.0,180143.0
2022-12-15 09:10:00,4197.0,4199.0,4167.0,4175.0,9817.0,410876210.0,180991.0
2022-12-15 09:15:00,4174.0,4194.0,4174.0,4190.0,5762.0,241137760.0,181330.0
2022-12-15 09:20:00,4190.0,4196.0,4188.0,4191.0,3158.0,132385020.0,181923.0
2022-12-15 09:25:00,4191.0,4196.0,4188.0,4194.0,1964.0,82328410.0,182416.0
2022-12-15 09:30:00,4194.0,4200.0,4193.0,4195.0,2247.0,94311310.0,182966.0
2022-12-15 09:35:00,4195.0,4195.0,4183.0,4183.0,2955.0,123765880.0,183676.0
2022-12-15 09:40:00,4183.0,4187.0,4176.0,4179.0,3298.0,137872330.0,184203.0
2022-12-15 09:45:00,4181.0,4185.0,4180.0,4181.0,2273.0,95075140.0,184472.0
2022-12-15 09:50:00,4180.0,4191.0,4180.0,4190.0,2239.0,93746160.0,184964.0
2022-12-15 09:55:00,4189.0,4191.0,4178.0,4179.0,2309.0,96615400.0,185014.0
2022-12-15 10:00:00,4178.0,4188.0,4155.0,4160.0,8581.0,357676350.0,185537.0
2022-12-15 10:05:00,4160.0,4165.0,4143.0,4148.0,7908.0,328509890.0,186588.0
2022-12-15 10:10:00,4148.0,4158.0,4148.0,4157.0,3458.0,143647150.0,187121.0
2022-12-15 10:30:00,4156.0,4166.0,4153.0,4165.0,3651.0,151877600.0,186891.0
2022-12-15 10:35:00,4166.0,4181.0,4161.0,4170.0,5754.0,240115020.0,185821.0
2022-12-15 10:40:00,4171.0,4175.0,4164.0,4175.0,2622.0,109311290.0,185701.0
2022-12-15 10:45:00,4175.0,4183.0,4173.0,4176.0,2932.0,122508030.0,185484.0
2022-12-15 10:50:00,4174.0,4192.0,4174.0,4192.0,4797.0,200813100.0,185008.0
2022-12-15 10:55:00,4191.0,4196.0,4186.0,4188.0,4090.0,171469030.0,183983.0
2022-12-15 11:00:00,4188.0,4192.0,4180.0,4187.0,3502.0,146587100.0,183737.0
2022-12-15 11:05:00,4186.0,4191.0,4182.0,4182.0,1696.0,71014420.0,183536.0
2022-12-15 11:10:00,4183.0,4189.0,4180.0,4180.0,2127.0,88993650.0,183533.0
2022-12-15 11:15:00,4180.0,4192.0,4180.0,4190.0,1364.0,57083080.0,183454.0
2022-12-15 11:20:00,4191.0,4193.0,4186.0,4188.0,1403.0,58784060.0,183715.0
2022-12-15 11:25:00,4188.0,4189.0,4180.0,4186.0,2510.0,104993120.0,184246.0
2022-12-15 13:30:00,4183.0,4185.0,4180.0,4185.0,1978.0,82723030.0,184443.0
2022-12-15 13:35:00,4185.0,4193.0,4183.0,4190.0,1843.0,77209170.0,184645.0
2022-12-15 13:40:00,4190.0,4197.0,4188.0,4197.0,1351.0,56629590.0,184832.0
2022-12-15 13:45:00,4197.0,4197.0,4188.0,4191.0,2099.0,88002020.0,185390.0
2022-12-15 13:50:00,4190.0,4195.0,4189.0,4194.0,1037.0,43471780.0,185382.0
2022-12-15 13:55:00,4194.0,4205.0,4193.0,4202.0,3927.0,164956420.0,185752.0
2022-12-15 14:00:00,4202.0,4204.0,4194.0,4204.0,2538.0,106584030.0,186089.0
2022-12-15 14:05:00,4204.0,4204.0,4199.0,4202.0,1411.0,59285270.0,186279.0
2022-12-15 14:10:00,4202.0,4210.0,4201.0,4206.0,2645.0,111261120.0,186145.0
2022-12-15 14:15:00,4205.0,4207.0,4197.0,4200.0,2241.0,94170820.0,186286.0
2022-12-15 14:20:00,4201.0,4201.0,4191.0,4198.0,1930.0,80988450.0,186443.0
2022-12-15 14:25:00,4198.0,4205.0,4197.0,4201.0,1774.0,74545050.0,187018.0
2022-12-15 14:30:00,4200.0,4206.0,4198.0,4205.0,1458.0,61278090.0,187014.0
2022-12-15 14:35:00,4205.0,4217.0,4204.0,4214.0,3073.0,129472230.0,186822.0
2022-12-15 14:40:00,4214.0,4234.0,4212.0,4234.0,4829.0,204035890.0,186281.0
2022-12-15 14:45:00,4234.0,4235.0,4225.0,4228.0,4324.0,182854520.0,185440.0
2022-12-15 14:50:00,4228.0,4236.0,4227.0,4236.0,3686.0,156000290.0,185409.0
2022-12-15 14:55:00,4236.0,4238.0,4232.0,4233.0,3889.0,164689890.0,185356.0
2022-12-15 21:00:00,4237.0,4267.0,4237.0,4248.0,15871.0,675142910.0,187294.0
2022-12-15 21:05:00,4248.0,4256.0,4245.0,4256.0,5658.0,240459630.0,188869.0
2022-12-15 21:10:00,4257.0,4266.0,4254.0,4260.0,7042.0,300076530.0,189830.0
2022-12-15 21:15:00,4261.0,4270.0,4252.0,4269.0,7025.0,299290750.0,190694.0
2022-12-15 21:20:00,4268.0,4271.0,4261.0,4271.0,5080.0,216772210.0,191167.0
2022-12-15 21:25:00,4270.0,4271.0,4247.0,4255.0,5625.0,239584080.0,191473.0
2022-12-15 21:30:00,4255.0,4262.0,4249.0,4249.0,4003.0,170373530.0,191792.0
2022-12-15 21:35:00,4248.0,4258.0,4248.0,4255.0,3325.0,141424900.0,191971.0
2022-12-15 21:40:00,4256.0,4264.0,4253.0,4263.0,4084.0,173961530.0,193013.0
2022-12-15 21:45:00,4264.0,4267.0,4258.0,4260.0,2288.0,97536480.0,193345.0
2022-12-15 21:50:00,4260.0,4264.0,4257.0,4263.0,1898.0,80865020.0,193899.0
2022-12-15 21:55:00,4264.0,4264.0,4255.0,4257.0,1768.0,75295790.0,194144.0
2022-12-15 22:00:00,4257.0,4262.0,4251.0,4257.0,2222.0,94565880.0,194218.0
2022-12-15 22:05:00,4258.0,4258.0,4234.0,4247.0,5316.0,225597970.0,194001.0
2022-12-15 22:10:00,4246.0,4252.0,4244.0,4244.0,1992.0,84614700.0,194183.0
2022-12-15 22:15:00,4245.0,4249.0,4241.0,4249.0,1738.0,73776430.0,194319.0
2022-12-15 22:20:00,4247.0,4262.0,4242.0,4262.0,3134.0,133262800.0,194052.0
2022-12-15 22:25:00,4260.0,4262.0,4257.0,4260.0,1678.0,71470740.0,193951.0
2022-12-15 22:30:00,4261.0,4261.0,4258.0,4260.0,1339.0,57040020.0,193825.0
2022-12-15 22:35:00,4260.0,4270.0,4258.0,4268.0,2128.0,90729100.0,193804.0
2022-12-15 22:40:00,4268.0,4268.0,4255.0,4256.0,2578.0,109807540.0,193403.0
2022-12-15 22:45:00,4256.0,4260.0,4255.0,4259.0,915.0,38956070.0,193388.0
2022-12-15 22:50:00,4260.0,4262.0,4252.0,4254.0,1705.0,72564520.0,193446.0
2022-12-15 22:55:00,4254.0,4255.0,4242.0,4244.0,2421.0,102808930.0,192970.0
2022-12-16 09:00:00,4239.0,4239.0,4205.0,4219.0,11849.0,499729390.0,191620.0
2022-12-16 09:05:00,4218.0,4237.0,4217.0,4221.0,5630.0,238027840.0,191067.0
2022-12-16 09:10:00,4221.0,4238.0,4219.0,4231.0,4536.0,191893510.0,190800.0
2022-12-16 09:15:00,4232.0,4243.0,4232.0,4241.0,3476.0,147330450.0,190658.0
2022-12-16 09:20:00,4240.0,4243.0,4233.0,4241.0,2132.0,90369260.0,190930.0
2022-12-16 09:25:00,4242.0,4242.0,4229.0,4231.0,2326.0,98472670.0,190833.0
2022-12-16 09:30:00,4231.0,4235.0,4224.0,4224.0,1642.0,69430160.0,190907.0
2022-12-16 09:35:00,4225.0,4227.0,4220.0,4225.0,2557.0,107987600.0,191193.0
2022-12-16 09:40:00,4226.0,4229.0,4221.0,4224.0,1561.0,65940530.0,191423.0
2022-12-16 09:45:00,4224.0,4224.0,4201.0,4206.0,7042.0,296297550.0,191599.0
2022-12-16 09:50:00,4205.0,4213.0,4191.0,4192.0,5898.0,247709140.0,191779.0
2022-12-16 09:55:00,4192.0,4201.0,4192.0,4193.0,3327.0,139645250.0,192533.0
2022-12-16 10:00:00,4193.0,4204.0,4193.0,4197.0,3178.0,133441500.0,193052.0
2022-12-16 10:05:00,4197.0,4201.0,4181.0,4183.0,4595.0,192612100.0,193583.0
2022-12-16 10:10:00,4182.0,4198.0,4182.0,4189.0,2845.0,119245970.0,193679.0
2022-12-16 10:30:00,4189.0,4206.0,4186.0,4206.0,3950.0,165639490.0,193365.0
2022-12-16 10:35:00,4205.0,4209.0,4199.0,4207.0,2430.0,102160210.0,193485.0
2022-12-16 10:40:00,4207.0,4214.0,4201.0,4213.0,2434.0,102415950.0,193527.0
2022-12-16 10:45:00,4212.0,4221.0,4205.0,4218.0,2940.0,123873120.0,193439.0
2022-12-16 10:50:00,4217.0,4218.0,4209.0,4213.0,1658.0,69872200.0,193396.0
2022-12-16 10:55:00,4211.0,4215.0,4206.0,4210.0,1431.0,60250930.0,193550.0
2022-12-16 11:00:00,4209.0,4211.0,4196.0,4204.0,2390.0,100432880.0,193398.0
2022-12-16 11:05:00,4203.0,4203.0,4190.0,4190.0,3145.0,131972940.0,193672.0
2022-12-16 11:10:00,4190.0,4197.0,4183.0,4183.0,3277.0,137308900.0,194214.0
2022-12-16 11:15:00,4184.0,4191.0,4178.0,4181.0,2964.0,124039520.0,194338.0
2022-12-16 11:20:00,4181.0,4183.0,4169.0,4172.0,6544.0,273180250.0,193689.0
2022-12-16 11:25:00,4171.0,4172.0,4151.0,4151.0,6394.0,266237880.0,194591.0
2022-12-16 13:30:00,4151.0,4169.0,4150.0,4167.0,8752.0,363848300.0,194043.0
2022-12-16 13:35:00,4168.0,4177.0,4162.0,4175.0,4758.0,198479690.0,193869.0
2022-12-16 13:40:00,4174.0,4182.0,4172.0,4178.0,2222.0,92807350.0,193868.0
2022-12-16 13:45:00,4178.0,4180.0,4171.0,4178.0,2090.0,87270020.0,194108.0
2022-12-16 13:50:00,4177.0,4182.0,4176.0,4181.0,1608.0,67186040.0,194636.0
2022-12-16 13:55:00,4181.0,4187.0,4178.0,4184.0,2684.0,112284630.0,194514.0
2022-12-16 14:00:00,4183.0,4192.0,4175.0,4190.0,2713.0,113470150.0,194368.0
2022-12-16 14:05:00,4191.0,4191.0,4184.0,4189.0,1914.0,80160510.0,194549.0
2022-12-16 14:10:00,4188.0,4192.0,4183.0,4191.0,1475.0,61762830.0,194743.0
2022-12-16 14:15:00,4191.0,4196.0,4185.0,4193.0,2040.0,85511480.0,195062.0
2022-12-16 14:20:00,4193.0,4207.0,4188.0,4201.0,2777.0,116578710.0,194866.0
2022-12-16 14:25:00,4201.0,4201.0,4192.0,4195.0,2378.0,99775600.0,195476.0
2022-12-16 14:30:00,4195.0,4195.0,4186.0,4191.0,1228.0,51457560.0,195367.0
2022-12-16 14:35:00,4192.0,4198.0,4189.0,4194.0,1179.0,49436550.0,195624.0
2022-12-16 14:40:00,4194.0,4198.0,4189.0,4193.0,1617.0,67799280.0,195444.0
2022-12-16 14:45:00,4194.0,4200.0,4192.0,4200.0,1299.0,54511780.0,195501.0
2022-12-16 14:50:00,4200.0,4215.0,4198.0,4209.0,5366.0,225765160.0,195481.0
2022-12-16 14:55:00,4209.0,4215.0,4208.0,4213.0,3838.0,161626220.0,195643.0
2022-12-16 21:00:00,4207.0,4226.0,4200.0,4223.0,27844.0,1173875410.0,202078.0
2022-12-16 21:05:00,4223.0,4244.0,4221.0,4237.0,17160.0,726415290.0,204549.0
2022-12-16 21:10:00,4238.0,4241.0,4223.0,4229.0,9296.0,393492490.0,204612.0
2022-12-16 21:15:00,4230.0,4245.0,4230.0,4230.0,8140.0,344972460.0,206522.0
2022-12-16 21:20:00,4230.0,4234.0,4202.0,4209.0,9248.0,389935170.0,206246.0
2022-12-16 21:25:00,4209.0,4224.0,4208.0,4217.0,4041.0,170449450.0,206742.0
2022-12-16 21:30:00,4217.0,4229.0,4210.0,4224.0,4633.0,195576660.0,207039.0
2022-12-16 21:35:00,4224.0,4232.0,4212.0,4219.0,4014.0,169520970.0,207231.0
2022-12-16 21:40:00,4219.0,4223.0,4207.0,4223.0,4819.0,203104610.0,207703.0
2022-12-16 21:45:00,4224.0,4231.0,4217.0,4221.0,3487.0,147299340.0,207702.0
2022-12-16 21:50:00,4221.0,4229.0,4220.0,4227.0,2542.0,107418660.0,207715.0
2022-12-16 21:55:00,4227.0,4228.0,4220.0,4224.0,2135.0,90180770.0,208102.0
2022-12-16 22:00:00,4223.0,4227.0,4218.0,4221.0,3576.0,150975150.0,208683.0
2022-12-16 22:05:00,4221.0,4221.0,4210.0,4213.0,3139.0,132280890.0,208742.0
2022-12-16 22:10:00,4213.0,4220.0,4177.0,4184.0,9009.0,378040320.0,207421.0
2022-12-16 22:15:00,4184.0,4190.0,4170.0,4179.0,10974.0,458579380.0,207186.0
2022-12-16 22:20:00,4179.0,4204.0,4178.0,4197.0,5751.0,241079380.0,206805.0
2022-12-16 22:25:00,4197.0,4206.0,4192.0,4203.0,2421.0,101649160.0,206907.0
2022-12-16 22:30:00,4203.0,4211.0,4198.0,4204.0,2605.0,109544970.0,206625.0
2022-12-16 22:35:00,4204.0,4211.0,4199.0,4202.0,2078.0,87372800.0,206693.0
2022-12-16 22:40:00,4202.0,4205.0,4197.0,4200.0,1613.0,67766140.0,207077.0
2022-12-16 22:45:00,4202.0,4206.0,4200.0,4205.0,1255.0,52761860.0,207006.0
2022-12-16 22:50:00,4205.0,4205.0,4193.0,4202.0,2341.0,98292600.0,207027.0
2022-12-16 22:55:00,4202.0,4205.0,4195.0,4198.0,2770.0,116373210.0,206595.0
2022-12-19 09:00:00,4203.0,4203.0,4176.0,4185.0,10199.0,427141760.0,207741.0
2022-12-19 09:05:00,4184.0,4197.0,4180.0,4182.0,5757.0,241210800.0,207938.0
2022-12-19 09:10:00,4182.0,4196.0,4177.0,4191.0,3637.0,152347460.0,208202.0
2022-12-19 09:15:00,4191.0,4210.0,4188.0,4205.0,4650.0,195375520.0,208413.0
2022-12-19 09:20:00,4205.0,4207.0,4198.0,4205.0,2481.0,104265720.0,208471.0
2022-12-19 09:25:00,4204.0,4210.0,4202.0,4205.0,2259.0,95005490.0,208626.0
2022-12-19 09:30:00,4205.0,4226.0,4205.0,4223.0,5576.0,235184600.0,209994.0
2022-12-19 09:35:00,4223.0,4226.0,4216.0,4221.0,2432.0,102648110.0,210342.0
2022-12-19 09:40:00,4221.0,4222.0,4211.0,4218.0,1931.0,81410580.0,210738.0
2022-12-19 09:45:00,4218.0,4224.0,4209.0,4211.0,2430.0,102451770.0,210918.0
2022-12-19 09:50:00,4211.0,4211.0,4193.0,4201.0,4583.0,192542020.0,210788.0
2022-12-19 09:55:00,4200.0,4204.0,4194.0,4201.0,2215.0,93019650.0,210969.0
2022-12-19 10:00:00,4201.0,4209.0,4198.0,4206.0,2683.0,112796460.0,211266.0
2022-12-19 10:05:00,4208.0,4208.0,4198.0,4200.0,1793.0,75345680.0,211685.0
2022-12-19 10:10:00,4199.0,4201.0,4191.0,4193.0,2110.0,88547940.0,212045.0
2022-12-19 10:30:00,4192.0,4192.0,4160.0,4167.0,11696.0,488164630.0,211800.0
2022-12-19 10:35:00,4167.0,4175.0,4155.0,4160.0,8968.0,373456910.0,212066.0
2022-12-19 10:40:00,4160.0,4161.0,4151.0,4154.0,5187.0,215558270.0,213012.0
2022-12-19 10:45:00,4154.0,4163.0,4153.0,4158.0,4092.0,170132160.0,213627.0
2022-12-19 10:50:00,4158.0,4162.0,4147.0,4154.0,5011.0,208118430.0,214253.0
2022-12-19 10:55:00,4154.0,4159.0,4150.0,4157.0,3637.0,151111860.0,214542.0
2022-12-19 11:00:00,4157.0,4169.0,4154.0,4162.0,3560.0,148200920.0,214564.0
2022-12-19 11:05:00,4162.0,4164.0,4156.0,4162.0,2400.0,99869140.0,214962.0
2022-12-19 11:10:00,4162.0,4164.0,4136.0,4140.0,8216.0,340613190.0,214797.0
2022-12-19 11:15:00,4141.0,4149.0,4139.0,4145.0,3551.0,147198060.0,214679.0
2022-12-19 11:20:00,4146.0,4151.0,4144.0,4149.0,2587.0,107274650.0,214960.0
2022-12-19 11:25:00,4148.0,4149.0,4134.0,4136.0,3126.0,129461790.0,215054.0
2022-12-19 13:30:00,4134.0,4147.0,4133.0,4143.0,6339.0,262318180.0,214691.0
2022-12-19 13:35:00,4144.0,4152.0,4143.0,4145.0,2721.0,112841530.0,214791.0
2022-12-19 13:40:00,4146.0,4152.0,4145.0,4146.0,3792.0,157312010.0,214673.0
2022-12-19 13:45:00,4147.0,4154.0,4146.0,4146.0,1814.0,75277020.0,214864.0
2022-12-19 13:50:00,4146.0,4156.0,4146.0,4152.0,2052.0,85205530.0,215335.0
2022-12-19 13:55:00,4150.0,4150.0,4125.0,4127.0,8835.0,365044560.0,215217.0
2022-12-19 14:00:00,4126.0,4138.0,4125.0,4134.0,4424.0,182793780.0,215765.0
2022-12-19 14:05:00,4133.0,4143.0,4132.0,4140.0,2488.0,102967350.0,216056.0
2022-12-19 14:10:00,4140.0,4141.0,4132.0,4137.0,1622.0,67098990.0,216212.0
2022-12-19 14:15:00,4136.0,4136.0,4129.0,4132.0,2130.0,88019840.0,216455.0
2022-12-19 14:20:00,4132.0,4132.0,4123.0,4124.0,3155.0,130203990.0,216367.0
2022-12-19 14:25:00,4124.0,4126.0,4115.0,4117.0,5577.0,229729200.0,216828.0
2022-12-19 14:30:00,4117.0,4117.0,4105.0,4106.0,7179.0,294983820.0,216536.0
2022-12-19 14:35:00,4106.0,4110.0,4100.0,4108.0,5467.0,224407110.0,216898.0
2022-12-19 14:40:00,4108.0,4111.0,4103.0,4105.0,3459.0,142047930.0,217557.0
2022-12-19 14:45:00,4105.0,4105.0,4094.0,4100.0,4556.0,186823020.0,217835.0
2022-12-19 14:50:00,4101.0,4103.0,4092.0,4103.0,5569.0,228201780.0,218196.0
2022-12-19 14:55:00,4103.0,4120.0,4101.0,4120.0,6094.0,250510430.0,216462.0
2022-12-19 21:00:00,4122.0,4135.0,4121.0,4126.0,16920.0,698377810.0,215615.0
2022-12-19 21:05:00,4127.0,4139.0,4125.0,4136.0,7571.0,312944070.0,216679.0
2022-12-19 21:10:00,4135.0,4148.0,4135.0,4146.0,5487.0,227315860.0,217038.0
2022-12-19 21:15:00,4146.0,4152.0,4141.0,4148.0,5781.0,239750400.0,216681.0
2022-12-19 21:20:00,4148.0,4153.0,4146.0,4151.0,3320.0,137761120.0,216690.0
2022-12-19 21:25:00,4151.0,4159.0,4151.0,4157.0,4811.0,199942020.0,216560.0
2022-12-19 21:30:00,4158.0,4168.0,4155.0,4156.0,6363.0,264853550.0,215614.0
2022-12-19 21:35:00,4155.0,4179.0,4155.0,4176.0,6819.0,284327440.0,216041.0
2022-12-19 21:40:00,4177.0,4185.0,4172.0,4179.0,8256.0,345154680.0,215913.0
2022-12-19 21:45:00,4178.0,4183.0,4173.0,4176.0,7468.0,311984890.0,216437.0
2022-12-19 21:50:00,4177.0,4190.0,4175.0,4182.0,6096.0,254951740.0,217074.0
2022-12-19 21:55:00,4182.0,4185.0,4173.0,4178.0,4407.0,184207310.0,217453.0
2022-12-19 22:00:00,4178.0,4185.0,4177.0,4183.0,2090.0,87397220.0,217516.0
2022-12-19 22:05:00,4184.0,4189.0,4180.0,4184.0,2836.0,118677740.0,217339.0
2022-12-19 22:10:00,4185.0,4189.0,4184.0,4187.0,3526.0,147624780.0,217620.0
2022-12-19 22:15:00,4187.0,4192.0,4187.0,4189.0,3481.0,145832240.0,217585.0
2022-12-19 22:20:00,4188.0,4189.0,4176.0,4178.0,3574.0,149401260.0,217307.0
2022-12-19 22:25:00,4178.0,4184.0,4177.0,4183.0,1188.0,49675280.0,217321.0
2022-12-19 22:30:00,4184.0,4186.0,4168.0,4173.0,2829.0,118119980.0,216973.0
2022-12-19 22:35:00,4174.0,4179.0,4173.0,4173.0,1423.0,59429750.0,216961.0
2022-12-19 22:40:00,4174.0,4182.0,4172.0,4182.0,1403.0,58604480.0,216876.0
2022-12-19 22:45:00,4182.0,4185.0,4180.0,4181.0,1385.0,57932640.0,216702.0
2022-12-19 22:50:00,4180.0,4183.0,4174.0,4176.0,1604.0,67019070.0,216372.0
2022-12-19 22:55:00,4176.0,4181.0,4174.0,4180.0,1474.0,61579320.0,215898.0
2022-12-20 09:00:00,4179.0,4195.0,4176.0,4192.0,8056.0,337322560.0,216420.0
2022-12-20 09:05:00,4192.0,4198.0,4185.0,4189.0,5602.0,234837270.0,217090.0
2022-12-20 09:10:00,4189.0,4205.0,4188.0,4205.0,4595.0,192861940.0,217588.0
2022-12-20 09:15:00,4205.0,4206.0,4195.0,4197.0,4855.0,203931320.0,218356.0
2022-12-20 09:20:00,4198.0,4198.0,4192.0,4194.0,2049.0,85965740.0,218326.0
2022-12-20 09:25:00,4194.0,4198.0,4189.0,4197.0,2199.0,92206410.0,218279.0
2022-12-20 09:30:00,4197.0,4199.0,4189.0,4191.0,3120.0,130866290.0,218402.0
2022-12-20 09:35:00,4191.0,4192.0,4185.0,4188.0,2156.0,90298450.0,218483.0
2022-12-20 09:40:00,4188.0,4196.0,4187.0,4196.0,2123.0,88970770.0,218828.0
2022-12-20 09:45:00,4196.0,4198.0,4191.0,4193.0,2192.0,91944230.0,218974.0
2022-12-20 09:50:00,4193.0,4198.0,4190.0,4197.0,1815.0,76126590.0,218943.0
2022-12-20 09:55:00,4196.0,4209.0,4192.0,4209.0,4160.0,174754080.0,220015.0
2022-12-20 10:00:00,4208.0,4210.0,4200.0,4202.0,4521.0,190111390.0,220140.0
2022-12-20 10:05:00,4201.0,4203.0,4194.0,4200.0,2765.0,116085110.0,220209.0
2022-12-20 10:10:00,4201.0,4201.0,4191.0,4193.0,2269.0,95176190.0,220393.0
2022-12-20 10:30:00,4194.0,4200.0,4184.0,4186.0,4822.0,202118880.0,220867.0
2022-12-20 10:35:00,4186.0,4198.0,4184.0,4195.0,2093.0,87717770.0,220929.0
2022-12-20 10:40:00,4195.0,4196.0,4187.0,4188.0,1415.0,59310840.0,220872.0
2022-12-20 10:45:00,4188.0,4190.0,4180.0,4184.0,3417.0,142975000.0,220732.0
2022-12-20 10:50:00,4184.0,4189.0,4181.0,4188.0,2035.0,85161630.0,220713.0
2022-12-20 10:55:00,4188.0,4192.0,4187.0,4189.0,1292.0,54131270.0,220884.0
2022-12-20 11:00:00,4189.0,4191.0,4182.0,4184.0,1787.0,74824040.0,220724.0
2022-12-20 11:05:00,4186.0,4198.0,4183.0,4192.0,3106.0,130222050.0,220868.0
2022-12-20 11:10:00,4192.0,4193.0,4186.0,4192.0,2521.0,105621700.0,220544.0
2022-12-20 11:15:00,4192.0,4193.0,4180.0,4183.0,2883.0,120643080.0,220851.0
2022-12-20 11:20:00,4183.0,4183.0,4165.0,4173.0,5479.0,228587850.0,220326.0
2022-12-20 11:25:00,4173.0,4188.0,4167.0,4188.0,3055.0,127618980.0,220373.0
2022-12-20 13:30:00,4182.0,4185.0,4169.0,4170.0,5956.0,248896320.0,220563.0
2022-12-20 13:35:00,4169.0,4171.0,4156.0,4164.0,6270.0,261024220.0,221100.0
2022-12-20 13:40:00,4165.0,4168.0,4157.0,4157.0,3405.0,141704960.0,221380.0
2022-12-20 13:45:00,4157.0,4168.0,4157.0,4163.0,3421.0,142398690.0,221837.0
2022-12-20 13:50:00,4162.0,4165.0,4158.0,4161.0,1618.0,67341910.0,221971.0
2022-12-20 13:55:00,4161.0,4161.0,4148.0,4152.0,4962.0,206063710.0,221895.0
2022-12-20 14:00:00,4153.0,4161.0,4149.0,4154.0,3386.0,140675720.0,222248.0
2022-12-20 14:05:00,4153.0,4167.0,4152.0,4164.0,2764.0,115019750.0,222750.0
2022-12-20 14:10:00,4164.0,4171.0,4163.0,4164.0,2683.0,111800490.0,222823.0
2022-12-20 14:15:00,4164.0,4165.0,4160.0,4161.0,2910.0,121133140.0,222677.0
2022-12-20 14:20:00,4161.0,4169.0,4157.0,4168.0,2015.0,83883700.0,223011.0
2022-12-20 14:25:00,4167.0,4188.0,4167.0,4186.0,4686.0,195802050.0,223110.0
2022-12-20 14:30:00,4185.0,4196.0,4185.0,4193.0,5556.0,232900540.0,224205.0
2022-12-20 14:35:00,4194.0,4202.0,4194.0,4201.0,6024.0,252936320.0,225466.0
2022-12-20 14:40:00,4201.0,4217.0,4200.0,4217.0,8706.0,366333820.0,227177.0
2022-12-20 14:45:00,4215.0,4217.0,4206.0,4207.0,5361.0,225707630.0,226733.0
2022-12-20 14:50:00,4208.0,4209.0,4199.0,4206.0,4402.0,184994960.0,226795.0
2022-12-20 14:55:00,4206.0,4207.0,4198.0,4207.0,4461.0,187468530.0,226450.0
2022-12-20 21:00:00,4199.0,4207.0,4152.0,4153.0,39056.0,1631287270.0,232597.0
2022-12-20 21:05:00,4152.0,4154.0,4127.0,4141.0,26630.0,1101839010.0,237282.0
2022-12-20 21:10:00,4141.0,4146.0,4132.0,4138.0,14084.0,582893000.0,240141.0
2022-12-20 21:15:00,4138.0,4145.0,4133.0,4142.0,10834.0,448261730.0,243735.0
2022-12-20 21:20:00,4142.0,4154.0,4142.0,4153.0,8029.0,333085920.0,243925.0
2022-12-20 21:25:00,4153.0,4154.0,4131.0,4133.0,8288.0,343309670.0,244379.0
2022-12-20 21:30:00,4134.0,4141.0,4122.0,4124.0,10552.0,435756250.0,246221.0
2022-12-20 21:35:00,4123.0,4131.0,4119.0,4131.0,13420.0,553671460.0,247512.0
2022-12-20 21:40:00,4130.0,4135.0,4128.0,4129.0,4768.0,197005620.0,247565.0
2022-12-20 21:45:00,4130.0,4135.0,4127.0,4133.0,2412.0,99652000.0,247610.0
2022-12-20 21:50:00,4132.0,4139.0,4131.0,4135.0,2792.0,115458900.0,247619.0
2022-12-20 21:55:00,4135.0,4139.0,4130.0,4131.0,4339.0,179329350.0,248049.0
2022-12-20 22:00:00,4131.0,4145.0,4131.0,4144.0,4592.0,190084500.0,247918.0
2022-12-20 22:05:00,4144.0,4145.0,4132.0,4134.0,2923.0,120931200.0,247930.0
2022-12-20 22:10:00,4134.0,4136.0,4128.0,4131.0,3372.0,139360830.0,248138.0
2022-12-20 22:15:00,4132.0,4136.0,4125.0,4127.0,3325.0,137299330.0,248615.0
2022-12-20 22:20:00,4126.0,4132.0,4123.0,4126.0,2856.0,117831010.0,249151.0
2022-12-20 22:25:00,4126.0,4131.0,4117.0,4118.0,4111.0,169518830.0,249559.0
2022-12-20 22:30:00,4118.0,4125.0,4115.0,4119.0,6493.0,267490020.0,250955.0
2022-12-20 22:35:00,4117.0,4125.0,4114.0,4124.0,3393.0,139773960.0,251395.0
2022-12-20 22:40:00,4124.0,4127.0,4121.0,4122.0,2186.0,90161270.0,251534.0
2022-12-20 22:45:00,4122.0,4128.0,4121.0,4128.0,1925.0,79402760.0,251593.0
2022-12-20 22:50:00,4128.0,4130.0,4124.0,4127.0,2897.0,119572400.0,251578.0
2022-12-20 22:55:00,4127.0,4127.0,4116.0,4118.0,4597.0,189461720.0,251280.0
2022-12-21 09:00:00,4126.0,4126.0,4109.0,4121.0,14235.0,585850460.0,254109.0
2022-12-21 09:05:00,4121.0,4136.0,4115.0,4132.0,8664.0,357555550.0,254538.0
2022-12-21 09:10:00,4131.0,4142.0,4129.0,4140.0,8188.0,338659930.0,254542.0
2022-12-21 09:15:00,4140.0,4141.0,4133.0,4135.0,7089.0,293313810.0,254349.0
2022-12-21 09:20:00,4136.0,4136.0,4123.0,4126.0,4935.0,203737650.0,254920.0
2022-12-21 09:25:00,4127.0,4132.0,4123.0,4126.0,4442.0,183337040.0,255987.0
2022-12-21 09:30:00,4126.0,4135.0,4123.0,4135.0,4118.0,170058140.0,256547.0
2022-12-21 09:35:00,4135.0,4152.0,4135.0,4147.0,8393.0,347703910.0,256546.0
2022-12-21 09:40:00,4148.0,4150.0,4135.0,4139.0,5080.0,210388670.0,256250.0
2022-12-21 09:45:00,4139.0,4139.0,4129.0,4134.0,4794.0,198159890.0,257061.0
2022-12-21 09:50:00,4134.0,4136.0,4130.0,4133.0,5470.0,226090310.0,257409.0
2022-12-21 09:55:00,4134.0,4134.0,4127.0,4129.0,2533.0,104603660.0,258277.0
2022-12-21 10:00:00,4128.0,4133.0,4124.0,4132.0,3371.0,139131190.0,259046.0
2022-12-21 10:05:00,4131.0,4139.0,4131.0,4136.0,2470.0,102160880.0,258990.0
2022-12-21 10:10:00,4136.0,4142.0,4136.0,4141.0,2739.0,113393030.0,258793.0
2022-12-21 10:30:00,4141.0,4152.0,4140.0,4146.0,6753.0,280013750.0,257733.0
2022-12-21 10:35:00,4146.0,4146.0,4140.0,4142.0,3364.0,139355350.0,257309.0
2022-12-21 10:40:00,4141.0,4150.0,4141.0,4148.0,2433.0,100882790.0,257320.0
2022-12-21 10:45:00,4148.0,4152.0,4145.0,4151.0,3363.0,139497360.0,257129.0
2022-12-21 10:50:00,4150.0,4163.0,4150.0,4161.0,5493.0,228383060.0,256600.0
2022-12-21 10:55:00,4161.0,4168.0,4155.0,4167.0,6111.0,254342480.0,255491.0
2022-12-21 11:00:00,4167.0,4169.0,4153.0,4157.0,5980.0,248836340.0,254905.0
2022-12-21 11:05:00,4157.0,4162.0,4148.0,4152.0,4706.0,195523770.0,254814.0
2022-12-21 11:10:00,4152.0,4153.0,4135.0,4139.0,5391.0,223350560.0,255115.0
2022-12-21 11:15:00,4139.0,4153.0,4139.0,4150.0,4042.0,167561150.0,255912.0
2022-12-21 11:20:00,4150.0,4154.0,4148.0,4151.0,1802.0,74808840.0,256054.0
2022-12-21 11:25:00,4152.0,4152.0,4138.0,4139.0,2692.0,111518830.0,256133.0
2022-12-21 13:30:00,4143.0,4144.0,4131.0,4137.0,6727.0,278193980.0,257162.0
2022-12-21 13:35:00,4137.0,4141.0,4135.0,4140.0,2453.0,101518690.0,257481.0
2022-12-21 13:40:00,4139.0,4147.0,4138.0,4147.0,2719.0,112646940.0,257732.0
2022-12-21 13:45:00,4146.0,4153.0,4146.0,4152.0,3116.0,129313900.0,257920.0
2022-12-21 13:50:00,4152.0,4153.0,4144.0,4145.0,2348.0,97389450.0,257993.0
2022-12-21 13:55:00,4145.0,4145.0,4140.0,4142.0,2624.0,108693610.0,258601.0
2022-12-21 14:00:00,4141.0,4148.0,4139.0,4146.0,2602.0,107844740.0,258883.0
2022-12-21 14:05:00,4147.0,4147.0,4134.0,4137.0,3536.0,146334630.0,259694.0
2022-12-21 14:10:00,4137.0,4141.0,4135.0,4140.0,2716.0,112366570.0,260580.0
2022-12-21 14:15:00,4139.0,4141.0,4136.0,4140.0,2169.0,89770090.0,261160.0
2022-12-21 14:20:00,4140.0,4147.0,4138.0,4144.0,2575.0,106667880.0,261644.0
2022-12-21 14:25:00,4145.0,4156.0,4144.0,4155.0,4933.0,204741550.0,260977.0
2022-12-21 14:30:00,4154.0,4158.0,4148.0,4154.0,5091.0,211400150.0,261166.0
2022-12-21 14:35:00,4154.0,4158.0,4151.0,4151.0,3688.0,153207950.0,261199.0
2022-12-21 14:40:00,4152.0,4155.0,4148.0,4155.0,2103.0,87308120.0,261145.0
2022-12-21 14:45:00,4155.0,4159.0,4153.0,4154.0,3340.0,138801880.0,261038.0
2022-12-21 14:50:00,4154.0,4159.0,4153.0,4153.0,3603.0,149765410.0,260818.0
2022-12-21 14:55:00,4154.0,4162.0,4153.0,4158.0,5580.0,232057120.0,259796.0
2022-12-21 21:00:00,4188.0,4188.0,4171.0,4173.0,26705.0,1116343180.0,260514.0
2022-12-21 21:05:00,4174.0,4180.0,4166.0,4173.0,9566.0,399157910.0,260954.0
2022-12-21 21:10:00,4174.0,4175.0,4163.0,4168.0,5137.0,214100870.0,261040.0
2022-12-21 21:15:00,4168.0,4168.0,4160.0,4161.0,4726.0,196787490.0,261495.0
2022-12-21 21:20:00,4161.0,4165.0,4151.0,4158.0,5820.0,241950510.0,261938.0
2022-12-21 21:25:00,4158.0,4158.0,4143.0,4147.0,6853.0,284360000.0,262426.0
2022-12-21 21:30:00,4147.0,4151.0,4137.0,4147.0,8348.0,345872440.0,263334.0
2022-12-21 21:35:00,4147.0,4152.0,4143.0,4148.0,4988.0,206883260.0,263944.0
2022-12-21 21:40:00,4149.0,4155.0,4146.0,4152.0,2800.0,116245480.0,264132.0
2022-12-21 21:45:00,4152.0,4157.0,4150.0,4151.0,2552.0,106007590.0,263927.0
2022-12-21 21:50:00,4152.0,4156.0,4148.0,4151.0,2060.0,85522450.0,264105.0
2022-12-21 21:55:00,4152.0,4158.0,4152.0,4155.0,2496.0,103699610.0,264087.0
2022-12-21 22:00:00,4155.0,4160.0,4151.0,4152.0,3733.0,155124980.0,264191.0
2022-12-21 22:05:00,4152.0,4155.0,4143.0,4143.0,4448.0,184473000.0,264572.0
2022-12-21 22:10:00,4144.0,4145.0,4135.0,4135.0,4256.0,176240100.0,265303.0
2022-12-21 22:15:00,4135.0,4142.0,4132.0,4140.0,4396.0,181897580.0,265776.0
2022-12-21 22:20:00,4140.0,4144.0,4139.0,4142.0,1635.0,67718170.0,265886.0
2022-12-21 22:25:00,4142.0,4142.0,4132.0,4134.0,2861.0,118350170.0,266675.0
2022-12-21 22:30:00,4133.0,4136.0,4127.0,4127.0,5308.0,219316070.0,267547.0
2022-12-21 22:35:00,4127.0,4132.0,4125.0,4126.0,4769.0,196872810.0,268298.0
2022-12-21 22:40:00,4125.0,4127.0,4122.0,4123.0,4423.0,182433710.0,269319.0
2022-12-21 22:45:00,4123.0,4128.0,4117.0,4126.0,7291.0,300610000.0,270419.0
2022-12-21 22:50:00,4126.0,4129.0,4122.0,4126.0,3864.0,159393940.0,271073.0
2022-12-21 22:55:00,4126.0,4127.0,4123.0,4127.0,3412.0,140742570.0,270172.0
2022-12-22 09:00:00,4133.0,4142.0,4125.0,4139.0,10022.0,414477070.0,270101.0
2022-12-22 09:05:00,4138.0,4151.0,4138.0,4150.0,7052.0,292429810.0,269194.0
2022-12-22 09:10:00,4151.0,4155.0,4146.0,4154.0,4915.0,204040310.0,268759.0
2022-12-22 09:15:00,4155.0,4155.0,4144.0,4147.0,4266.0,176992000.0,268495.0
2022-12-22 09:20:00,4146.0,4147.0,4141.0,4141.0,3296.0,136573010.0,268571.0
2022-12-22 09:25:00,4141.0,4148.0,4138.0,4148.0,3438.0,142394560.0,269097.0
2022-12-22 09:30:00,4148.0,4149.0,4140.0,4141.0,2419.0,100272930.0,269034.0
2022-12-22 09:35:00,4142.0,4150.0,4141.0,4148.0,2902.0,120306700.0,269451.0
2022-12-22 09:40:00,4148.0,4152.0,4146.0,4148.0,3170.0,131526950.0,269789.0
2022-12-22 09:45:00,4147.0,4153.0,4146.0,4149.0,2573.0,106793550.0,269867.0
2022-12-22 09:50:00,4151.0,4160.0,4149.0,4152.0,4571.0,189876710.0,269278.0
2022-12-22 09:55:00,4152.0,4166.0,4152.0,4164.0,6242.0,259731620.0,268523.0
2022-12-22 10:00:00,4164.0,4176.0,4164.0,4174.0,7958.0,331815390.0,267995.0
2022-12-22 10:05:00,4175.0,4176.0,4155.0,4161.0,7231.0,301089050.0,266937.0
2022-12-22 10:10:00,4161.0,4163.0,4155.0,4163.0,3675.0,152829110.0,266720.0
2022-12-22 10:30:00,4163.0,4186.0,4162.0,4176.0,15783.0,659318470.0,268387.0
2022-12-22 10:35:00,4176.0,4183.0,4173.0,4183.0,5648.0,235966690.0,268592.0
2022-12-22 10:40:00,4182.0,4195.0,4181.0,4191.0,11040.0,462343400.0,269105.0
2022-12-22 10:45:00,4191.0,4204.0,4185.0,4202.0,13958.0,585477360.0,270707.0
2022-12-22 10:50:00,4202.0,4214.0,4198.0,4199.0,15550.0,654033650.0,271932.0
2022-12-22 10:55:00,4200.0,4201.0,4190.0,4191.0,7738.0,324575530.0,272200.0
2022-12-22 11:00:00,4192.0,4198.0,4190.0,4193.0,4914.0,206115780.0,271548.0
2022-12-22 11:05:00,4192.0,4202.0,4192.0,4196.0,4259.0,178804050.0,272015.0
2022-12-22 11:10:00,4196.0,4200.0,4196.0,4200.0,2275.0,95509370.0,272071.0
2022-12-22 11:15:00,4199.0,4204.0,4188.0,4191.0,5199.0,218095700.0,271566.0
2022-12-22 11:20:00,4192.0,4192.0,4183.0,4187.0,4294.0,179773230.0,270902.0
2022-12-22 11:25:00,4186.0,4191.0,4184.0,4189.0,3297.0,138065040.0,270543.0
2022-12-22 13:30:00,4190.0,4196.0,4169.0,4173.0,10330.0,431678990.0,269884.0
2022-12-22 13:35:00,4173.0,4177.0,4167.0,4169.0,5604.0,233808630.0,269550.0
2022-12-22 13:40:00,4169.0,4170.0,4141.0,4141.0,12350.0,513233540.0,266938.0
2022-12-22 13:45:00,4142.0,4149.0,4135.0,4148.0,13957.0,577993200.0,266628.0
2022-12-22 13:50:00,4147.0,4155.0,4146.0,4152.0,5464.0,226789170.0,266669.0
2022-12-22 13:55:00,4152.0,4153.0,4144.0,4145.0,3988.0,165396320.0,266992.0
2022-12-22 14:00:00,4144.0,4149.0,4140.0,4145.0,4302.0,178287440.0,267617.0
2022-12-22 14:05:00,4144.0,4149.0,4142.0,4143.0,2485.0,103017130.0,267987.0
2022-12-22 14:10:00,4144.0,4150.0,4143.0,4144.0,2330.0,96602290.0,268052.0
2022-12-22 14:15:00,4143.0,4148.0,4138.0,4138.0,3653.0,151308220.0,268194.0
2022-12-22 14:20:00,4138.0,4139.0,4131.0,4136.0,6093.0,251951090.0,269176.0
2022-12-22 14:25:00,4136.0,4138.0,4131.0,4132.0,4068.0,168181840.0,269317.0
2022-12-22 14:30:00,4131.0,4135.0,4125.0,4126.0,7827.0,323140670.0,270666.0
2022-12-22 14:35:00,4126.0,4129.0,4120.0,4123.0,7322.0,301954240.0,271478.0
2022-12-22 14:40:00,4125.0,4131.0,4122.0,4123.0,4998.0,206237910.0,271786.0
2022-12-22 14:45:00,4123.0,4132.0,4122.0,4132.0,4099.0,169187970.0,271952.0
2022-12-22 14:50:00,4131.0,4131.0,4124.0,4129.0,4310.0,177875200.0,271561.0
2022-12-22 14:55:00,4129.0,4130.0,4120.0,4123.0,8708.0,359079380.0,271737.0
2022-12-22 21:00:00,4149.0,4149.0,4124.0,4132.0,20795.0,859102290.0,272269.0
2022-12-22 21:05:00,4133.0,4146.0,4131.0,4139.0,8761.0,362804860.0,271403.0
2022-12-22 21:10:00,4139.0,4141.0,4129.0,4134.0,5395.0,223046080.0,271561.0
2022-12-22 21:15:00,4134.0,4137.0,4127.0,4133.0,5160.0,213211580.0,271750.0
2022-12-22 21:20:00,4133.0,4140.0,4132.0,4140.0,3876.0,160365060.0,271884.0
2022-12-22 21:25:00,4140.0,4145.0,4132.0,4133.0,6248.0,258725380.0,271061.0
2022-12-22 21:30:00,4133.0,4134.0,4123.0,4131.0,6805.0,280887510.0,271781.0
2022-12-22 21:35:00,4130.0,4132.0,4104.0,4110.0,10889.0,448211400.0,272993.0
2022-12-22 21:40:00,4110.0,4111.0,4082.0,4089.0,29845.0,1221362720.0,277933.0
2022-12-22 21:45:00,4090.0,4095.0,4083.0,4084.0,10386.0,424731140.0,279037.0
2022-12-22 21:50:00,4084.0,4094.0,4083.0,4090.0,6957.0,284484990.0,280418.0
2022-12-22 21:55:00,4090.0,4095.0,4086.0,4093.0,4656.0,190489010.0,280903.0
2022-12-22 22:00:00,4093.0,4108.0,4091.0,4100.0,8160.0,334614370.0,280587.0
2022-12-22 22:05:00,4100.0,4105.0,4098.0,4104.0,3419.0,140241610.0,280862.0
2022-12-22 22:10:00,4106.0,4106.0,4095.0,4096.0,3531.0,144766480.0,280999.0
2022-12-22 22:15:00,4096.0,4105.0,4095.0,4098.0,3742.0,153457380.0,281129.0
2022-12-22 22:20:00,4098.0,4098.0,4093.0,4096.0,2892.0,118430490.0,281271.0
2022-12-22 22:25:00,4096.0,4099.0,4091.0,4091.0,2245.0,91921630.0,281164.0
2022-12-22 22:30:00,4090.0,4090.0,4084.0,4087.0,5190.0,212101180.0,282240.0
2022-12-22 22:35:00,4086.0,4091.0,4083.0,4086.0,3295.0,134638260.0,282651.0
2022-12-22 22:40:00,4085.0,4091.0,4083.0,4087.0,2953.0,120677870.0,283201.0
2022-12-22 22:45:00,4087.0,4087.0,4072.0,4075.0,11661.0,475318700.0,283436.0
2022-12-22 22:50:00,4075.0,4078.0,4068.0,4074.0,6835.0,278355930.0,284248.0
2022-12-22 22:55:00,4074.0,4078.0,4071.0,4074.0,4479.0,182480990.0,284226.0
2022-12-23 09:00:00,4074.0,4079.0,4057.0,4060.0,17339.0,704760830.0,285828.0
2022-12-23 09:05:00,4061.0,4065.0,4048.0,4049.0,14362.0,582532830.0,287533.0
2022-12-23 09:10:00,4049.0,4051.0,4040.0,4041.0,10347.0,418593790.0,290779.0
2022-12-23 09:15:00,4040.0,4046.0,4030.0,4036.0,14543.0,587054800.0,293015.0
2022-12-23 09:20:00,4037.0,4052.0,4034.0,4052.0,7441.0,300890520.0,293664.0
2022-12-23 09:25:00,4051.0,4051.0,4035.0,4038.0,5763.0,233004100.0,295327.0
2022-12-23 09:30:00,4037.0,4039.0,4031.0,4036.0,6328.0,255297200.0,297287.0
2022-12-23 09:35:00,4037.0,4043.0,4034.0,4036.0,4152.0,167703720.0,297859.0
2022-12-23 09:40:00,4036.0,4036.0,4024.0,4028.0,7035.0,283448750.0,299413.0
2022-12-23 09:45:00,4027.0,4031.0,4023.0,4023.0,6488.0,261242220.0,300805.0
2022-12-23 09:50:00,4023.0,4034.0,4022.0,4033.0,5817.0,234273320.0,300774.0
2022-12-23 09:55:00,4033.0,4036.0,4023.0,4025.0,4467.0,180024710.0,301649.0
2022-12-23 10:00:00,4025.0,4038.0,4019.0,4033.0,8648.0,348296440.0,302680.0
2022-12-23 10:05:00,4033.0,4037.0,4027.0,4030.0,6108.0,246227260.0,303870.0
2022-12-23 10:10:00,4030.0,4032.0,4016.0,4018.0,7287.0,293122470.0,305629.0
2022-12-23 10:30:00,4019.0,4019.0,4011.0,4015.0,11318.0,454449500.0,307276.0
2022-12-23 10:35:00,4015.0,4020.0,4013.0,4016.0,4504.0,180898180.0,307874.0
2022-12-23 10:40:00,4016.0,4027.0,4013.0,4020.0,5651.0,227251070.0,308815.0
2022-12-23 10:45:00,4020.0,4027.0,4018.0,4024.0,4663.0,187623140.0,310080.0
2022-12-23 10:50:00,4025.0,4025.0,4014.0,4016.0,3301.0,132609180.0,310896.0
2022-12-23 10:55:00,4015.0,4019.0,4011.0,4011.0,4207.0,168911900.0,312389.0
2022-12-23 11:00:00,4011.0,4017.0,4011.0,4016.0,3355.0,134704320.0,312899.0
2022-12-23 11:05:00,4015.0,4021.0,4014.0,4015.0,4118.0,165444640.0,313187.0
2022-12-23 11:10:00,4014.0,4028.0,4014.0,4023.0,4344.0,174689680.0,313444.0
2022-12-23 11:15:00,4023.0,4028.0,4021.0,4024.0,3970.0,159816990.0,313863.0
2022-12-23 11:20:00,4024.0,4027.0,4018.0,4026.0,3175.0,127724330.0,314070.0
2022-12-23 11:25:00,4027.0,4032.0,4025.0,4028.0,3807.0,153347320.0,313976.0
2022-12-23 13:30:00,4029.0,4031.0,4020.0,4022.0,6172.0,248400090.0,314351.0
2022-12-23 13:35:00,4021.0,4024.0,4015.0,4020.0,3874.0,155697150.0,315453.0
2022-12-23 13:40:00,4020.0,4022.0,4017.0,4019.0,2594.0,104268080.0,316157.0
2022-12-23 13:45:00,4019.0,4021.0,4012.0,4014.0,4712.0,189193870.0,317428.0
2022-12-23 13:50:00,4013.0,4019.0,4013.0,4017.0,3149.0,126474550.0,318171.0
2022-12-23 13:55:00,4018.0,4018.0,4013.0,4016.0,2697.0,108294110.0,318562.0
2022-12-23 14:00:00,4016.0,4020.0,4014.0,4017.0,3025.0,121524180.0,319241.0
2022-12-23 14:05:00,4017.0,4020.0,4017.0,4017.0,1813.0,72855600.0,319435.0
2022-12-23 14:10:00,4017.0,4019.0,4011.0,4012.0,4174.0,167547750.0,320554.0
2022-12-23 14:15:00,4013.0,4016.0,4008.0,4014.0,5833.0,233999760.0,321381.0
2022-12-23 14:20:00,4014.0,4018.0,4009.0,4010.0,3771.0,151339730.0,321940.0
2022-12-23 14:25:00,4010.0,4015.0,4006.0,4007.0,4311.0,172902790.0,323015.0
2022-12-23 14:30:00,4006.0,4010.0,4001.0,4006.0,6675.0,267355150.0,323568.0
2022-12-23 14:35:00,4006.0,4006.0,3995.0,4001.0,9327.0,373029360.0,324928.0
2022-12-23 14:40:00,4002.0,4008.0,3998.0,4003.0,5471.0,218966780.0,325416.0
2022-12-23 14:45:00,4004.0,4015.0,4004.0,4011.0,5818.0,233300650.0,325116.0
2022-12-23 14:50:00,4011.0,4016.0,4007.0,4016.0,5165.0,207223570.0,324162.0
2022-12-23 14:55:00,4016.0,4022.0,4011.0,4016.0,10019.0,402432220.0,319570.0
2022-12-23 21:00:00,4010.0,4018.0,3998.0,4008.0,24332.0,974921690.0,325918.0
2022-12-23 21:05:00,4007.0,4025.0,4007.0,4024.0,14151.0,568400050.0,327259.0
2022-12-23 21:10:00,4023.0,4033.0,4023.0,4029.0,9968.0,401524160.0,326835.0
2022-12-23 21:15:00,4029.0,4033.0,4015.0,4025.0,8243.0,331607260.0,327442.0
2022-12-23 21:20:00,4026.0,4028.0,4022.0,4022.0,2998.0,120672550.0,327644.0
2022-12-23 21:25:00,4022.0,4027.0,4018.0,4018.0,4330.0,174175520.0,328424.0
2022-12-23 21:30:00,4019.0,4028.0,4018.0,4020.0,5367.0,215942360.0,328920.0
2022-12-23 21:35:00,4019.0,4027.0,4019.0,4025.0,2924.0,117627720.0,329148.0
2022-12-23 21:40:00,4025.0,4035.0,4023.0,4028.0,4756.0,191620540.0,329255.0
2022-12-23 21:45:00,4026.0,4027.0,4019.0,4025.0,3544.0,142582180.0,329215.0
2022-12-23 21:50:00,4025.0,4028.0,4018.0,4022.0,3575.0,143830060.0,329302.0
2022-12-23 21:55:00,4021.0,4022.0,4016.0,4018.0,3664.0,147231740.0,330175.0
2022-12-23 22:00:00,4017.0,4022.0,4012.0,4014.0,5455.0,219104360.0,330941.0
2022-12-23 22:05:00,4015.0,4016.0,4012.0,4014.0,2956.0,118650430.0,331358.0
2022-12-23 22:10:00,4014.0,4017.0,4011.0,4011.0,2263.0,90837270.0,331617.0
2022-12-23 22:15:00,4012.0,4012.0,4003.0,4006.0,5657.0,226621550.0,331782.0
2022-12-23 22:20:00,4006.0,4018.0,4006.0,4014.0,3976.0,159532600.0,331732.0
2022-12-23 22:25:00,4015.0,4021.0,4014.0,4015.0,3286.0,132036880.0,331353.0
2022-12-23 22:30:00,4015.0,4026.0,4013.0,4025.0,4366.0,175572860.0,330988.0
2022-12-23 22:35:00,4025.0,4029.0,4021.0,4028.0,4666.0,187866070.0,330030.0
2022-12-23 22:40:00,4027.0,4032.0,4022.0,4029.0,4257.0,171431960.0,329027.0
2022-12-23 22:45:00,4028.0,4033.0,4024.0,4026.0,3151.0,126925420.0,328730.0
2022-12-23 22:50:00,4026.0,4028.0,4021.0,4028.0,3007.0,121021750.0,328005.0
2022-12-23 22:55:00,4027.0,4029.0,4013.0,4013.0,4038.0,162340060.0,326992.0
2022-12-26 09:00:00,4026.0,4028.0,4015.0,4026.0,10820.0,435193050.0,327520.0
2022-12-26 09:05:00,4026.0,4028.0,4012.0,4023.0,6960.0,279841420.0,327428.0
2022-12-26 09:10:00,4022.0,4025.0,4018.0,4021.0,4790.0,192600820.0,328200.0
2022-12-26 09:15:00,4021.0,4032.0,4021.0,4028.0,5712.0,230098290.0,327779.0
2022-12-26 09:20:00,4027.0,4040.0,4025.0,4039.0,5754.0,232102070.0,327616.0
2022-12-26 09:25:00,4039.0,4044.0,4035.0,4043.0,6194.0,250225280.0,327233.0
2022-12-26 09:30:00,4043.0,4048.0,4037.0,4046.0,7260.0,293569160.0,326089.0
2022-12-26 09:35:00,4046.0,4053.0,4045.0,4051.0,6921.0,280238160.0,324230.0
2022-12-26 09:40:00,4050.0,4051.0,4040.0,4047.0,3893.0,157502110.0,323503.0
2022-12-26 09:45:00,4048.0,4054.0,4044.0,4045.0,5414.0,219218370.0,322268.0
2022-12-26 09:50:00,4045.0,4051.0,4035.0,4049.0,5794.0,234246310.0,321603.0
2022-12-26 09:55:00,4049.0,4052.0,4047.0,4050.0,3065.0,124121990.0,321448.0
2022-12-26 10:00:00,4050.0,4058.0,4048.0,4052.0,4753.0,192610670.0,320700.0
2022-12-26 10:05:00,4052.0,4058.0,4050.0,4058.0,2291.0,92886020.0,320559.0
2022-12-26 10:10:00,4057.0,4062.0,4055.0,4062.0,4379.0,177721160.0,320093.0
2022-12-26 10:30:00,4061.0,4069.0,4061.0,4063.0,6873.0,279426440.0,319489.0
2022-12-26 10:35:00,4064.0,4075.0,4060.0,4072.0,6520.0,265242470.0,318768.0
2022-12-26 10:40:00,4071.0,4079.0,4069.0,4078.0,5351.0,217993090.0,318217.0
2022-12-26 10:45:00,4077.0,4083.0,4075.0,4075.0,9511.0,387994010.0,316840.0
2022-12-26 10:50:00,4075.0,4083.0,4073.0,4077.0,7483.0,305166230.0,315710.0
2022-12-26 10:55:00,4077.0,4090.0,4077.0,4088.0,8145.0,332608980.0,314616.0
2022-12-26 11:00:00,4088.0,4095.0,4085.0,4094.0,9995.0,408767500.0,313386.0
2022-12-26 11:05:00,4095.0,4109.0,4095.0,4106.0,13411.0,550028730.0,310105.0
2022-12-26 11:10:00,4106.0,4114.0,4103.0,4108.0,10786.0,443112730.0,308326.0
2022-12-26 11:15:00,4108.0,4112.0,4097.0,4107.0,7085.0,290767790.0,307151.0
2022-12-26 11:20:00,4108.0,4117.0,4101.0,4116.0,6741.0,277033770.0,306371.0
2022-12-26 11:25:00,4115.0,4125.0,4110.0,4123.0,9474.0,389997340.0,304988.0
2022-12-26 13:30:00,4125.0,4129.0,4111.0,4114.0,15163.0,624965440.0,303170.0
2022-12-26 13:35:00,4114.0,4115.0,4104.0,4110.0,7143.0,293492150.0,302392.0
2022-12-26 13:40:00,4110.0,4112.0,4101.0,4106.0,5363.0,220187120.0,302093.0
2022-12-26 13:45:00,4105.0,4111.0,4105.0,4105.0,3661.0,150392860.0,302403.0
2022-12-26 13:50:00,4106.0,4110.0,4103.0,4103.0,3539.0,145330410.0,301737.0
2022-12-26 13:55:00,4103.0,4112.0,4103.0,4111.0,3564.0,146446300.0,302109.0
2022-12-26 14:00:00,4111.0,4118.0,4111.0,4112.0,5730.0,235751290.0,301953.0
2022-12-26 14:05:00,4112.0,4113.0,4104.0,4111.0,3706.0,152266150.0,301878.0
2022-12-26 14:10:00,4111.0,4116.0,4110.0,4116.0,2082.0,85640220.0,301749.0
2022-12-26 14:15:00,4116.0,4116.0,4110.0,4115.0,2092.0,86046300.0,301710.0
2022-12-26 14:20:00,4114.0,4117.0,4112.0,4115.0,2103.0,86538770.0,301380.0
2022-12-26 14:25:00,4114.0,4120.0,4114.0,4119.0,3348.0,137869550.0,301271.0
2022-12-26 14:30:00,4120.0,4120.0,4112.0,4115.0,2810.0,115664030.0,301028.0
2022-12-26 14:35:00,4115.0,4119.0,4110.0,4112.0,2585.0,106353920.0,300664.0
2022-12-26 14:40:00,4113.0,4118.0,4112.0,4114.0,2259.0,92966690.0,300404.0
2022-12-26 14:45:00,4115.0,4119.0,4113.0,4118.0,2321.0,95542040.0,299929.0
2022-12-26 14:50:00,4117.0,4119.0,4111.0,4111.0,2656.0,109287910.0,299368.0
2022-12-26 14:55:00,4111.0,4133.0,4111.0,4131.0,11656.0,480859850.0,296436.0
2022-12-26 21:00:00,4138.0,4147.0,4115.0,4135.0,32714.0,1353197460.0,292405.0
2022-12-26 21:05:00,4134.0,4144.0,4134.0,4141.0,8937.0,369929300.0,291844.0
2022-12-26 21:10:00,4141.0,4155.0,4141.0,4152.0,10674.0,442891030.0,291485.0
2022-12-26 21:15:00,4153.0,4159.0,4151.0,4152.0,8892.0,369478160.0,290976.0
2022-12-26 21:20:00,4153.0,4157.0,4142.0,4145.0,6219.0,257949870.0,290489.0
2022-12-26 21:25:00,4145.0,4155.0,4145.0,4151.0,4799.0,199223450.0,290658.0
2022-12-26 21:30:00,4152.0,4154.0,4134.0,4140.0,7769.0,321728530.0,290798.0
2022-12-26 21:35:00,4139.0,4143.0,4132.0,4139.0,6356.0,262900340.0,290626.0
2022-12-26 21:40:00,4139.0,4139.0,4130.0,4131.0,4921.0,203400910.0,290786.0
2022-12-26 21:45:00,4130.0,4139.0,4130.0,4137.0,2881.0,119135650.0,290869.0
2022-12-26 21:50:00,4138.0,4139.0,4134.0,4134.0,1787.0,73908450.0,290942.0
2022-12-26 21:55:00,4135.0,4139.0,4132.0,4138.0,1784.0,73787890.0,290941.0
2022-12-26 22:00:00,4137.0,4141.0,4137.0,4139.0,2088.0,86419140.0,290906.0
2022-12-26 22:05:00,4138.0,4144.0,4136.0,4144.0,1784.0,73858610.0,290891.0
2022-12-26 22:10:00,4144.0,4150.0,4144.0,4147.0,3898.0,161651240.0,291246.0
2022-12-26 22:15:00,4147.0,4148.0,4138.0,4138.0,1970.0,81596200.0,291357.0
2022-12-26 22:20:00,4139.0,4142.0,4138.0,4139.0,1169.0,48398350.0,291389.0
2022-12-26 22:25:00,4139.0,4141.0,4135.0,4141.0,1462.0,60490640.0,291044.0
2022-12-26 22:30:00,4141.0,4148.0,4141.0,4145.0,2236.0,92687340.0,291212.0
2022-12-26 22:35:00,4145.0,4147.0,4144.0,4146.0,1162.0,48174680.0,291045.0
2022-12-26 22:40:00,4147.0,4148.0,4141.0,4142.0,1315.0,54494000.0,290750.0
2022-12-26 22:45:00,4141.0,4144.0,4140.0,4144.0,915.0,37900120.0,290599.0
2022-12-26 22:50:00,4144.0,4147.0,4143.0,4144.0,1631.0,67609910.0,290121.0
2022-12-26 22:55:00,4145.0,4150.0,4144.0,4148.0,3350.0,138896840.0,288653.0
2022-12-27 09:00:00,4154.0,4164.0,4142.0,4162.0,11195.0,464966670.0,287619.0
2022-12-27 09:05:00,4164.0,4172.0,4155.0,4172.0,10137.0,421934760.0,288202.0
2022-12-27 09:10:00,4172.0,4173.0,4161.0,4161.0,7204.0,300245930.0,289003.0
2022-12-27 09:15:00,4162.0,4172.0,4162.0,4170.0,5122.0,213507650.0,289036.0
2022-12-27 09:20:00,4170.0,4173.0,4162.0,4171.0,4670.0,194630400.0,288710.0
2022-12-27 09:25:00,4172.0,4174.0,4164.0,4173.0,4288.0,178775520.0,289114.0
2022-12-27 09:30:00,4173.0,4174.0,4165.0,4169.0,3389.0,141256320.0,289251.0
2022-12-27 09:35:00,4168.0,4169.0,4164.0,4164.0,2993.0,124709830.0,289513.0
2022-12-27 09:40:00,4164.0,4165.0,4156.0,4161.0,5787.0,240720070.0,289418.0
2022-12-27 09:45:00,4160.0,4166.0,4159.0,4165.0,3318.0,138151150.0,289207.0
2022-12-27 09:50:00,4165.0,4166.0,4159.0,4166.0,2998.0,124786850.0,289660.0
2022-12-27 09:55:00,4166.0,4172.0,4163.0,4170.0,3399.0,141668620.0,289730.0
2022-12-27 10:00:00,4170.0,4178.0,4165.0,4177.0,6404.0,267251260.0,289877.0
2022-12-27 10:05:00,4177.0,4178.0,4166.0,4170.0,4101.0,171043470.0,289818.0
2022-12-27 10:10:00,4170.0,4170.0,4162.0,4168.0,2120.0,88320090.0,289933.0
2022-12-27 10:30:00,4167.0,4173.0,4163.0,4170.0,3372.0,140549590.0,289837.0
2022-12-27 10:35:00,4169.0,4172.0,4166.0,4169.0,2333.0,97264720.0,289818.0
2022-12-27 10:40:00,4169.0,4172.0,4164.0,4171.0,2006.0,83611600.0,289607.0
2022-12-27 10:45:00,4171.0,4173.0,4168.0,4173.0,1949.0,81288400.0,289677.0
2022-12-27 10:50:00,4172.0,4179.0,4172.0,4179.0,3382.0,141212230.0,289718.0
2022-12-27 10:55:00,4178.0,4183.0,4174.0,4181.0,4099.0,171292510.0,289822.0
2022-12-27 11:00:00,4181.0,4183.0,4173.0,4174.0,3144.0,131333250.0,290071.0
2022-12-27 11:05:00,4174.0,4180.0,4173.0,4178.0,2972.0,124145780.0,290050.0
2022-12-27 11:10:00,4178.0,4179.0,4173.0,4179.0,1985.0,82889860.0,290211.0
2022-12-27 11:15:00,4178.0,4182.0,4176.0,4180.0,2434.0,101713820.0,290567.0
2022-12-27 11:20:00,4180.0,4181.0,4175.0,4178.0,1642.0,68596740.0,290707.0
2022-12-27 11:25:00,4177.0,4180.0,4174.0,4179.0,2158.0,90141960.0,290862.0
2022-12-27 13:30:00,4177.0,4186.0,4177.0,4179.0,4323.0,180758090.0,291080.0
2022-12-27 13:35:00,4180.0,4185.0,4175.0,4176.0,3756.0,156969090.0,291213.0
2022-12-27 13:40:00,4175.0,4177.0,4166.0,4169.0,7515.0,313443200.0,290803.0
2022-12-27 13:45:00,4169.0,4172.0,4164.0,4171.0,5025.0,209460750.0,290912.0
2022-12-27 13:50:00,4171.0,4171.0,4159.0,4166.0,4811.0,200327440.0,291081.0
2022-12-27 13:55:00,4165.0,4168.0,4160.0,4168.0,3109.0,129444750.0,290843.0
2022-12-27 14:00:00,4168.0,4170.0,4157.0,4157.0,3769.0,156919510.0,290948.0
2022-12-27 14:05:00,4157.0,4168.0,4157.0,4166.0,3630.0,151122100.0,290696.0
2022-12-27 14:10:00,4165.0,4169.0,4163.0,4169.0,1625.0,67699470.0,290748.0
2022-12-27 14:15:00,4169.0,4170.0,4161.0,4165.0,2756.0,114807120.0,290535.0
2022-12-27 14:20:00,4165.0,4165.0,4153.0,4155.0,5134.0,213529790.0,290394.0
2022-12-27 14:25:00,4154.0,4161.0,4154.0,4158.0,3770.0,156732680.0,290719.0
2022-12-27 14:30:00,4157.0,4163.0,4157.0,4162.0,2268.0,94351190.0,290995.0
2022-12-27 14:35:00,4161.0,4166.0,4161.0,4165.0,2242.0,93369000.0,291219.0
2022-12-27 14:40:00,4166.0,4169.0,4163.0,4167.0,2626.0,109405740.0,290757.0
2022-12-27 14:45:00,4166.0,4176.0,4165.0,4168.0,4265.0,177885660.0,290135.0
2022-12-27 14:50:00,4168.0,4168.0,4163.0,4165.0,2209.0,92013870.0,290003.0
2022-12-27 14:55:00,4166.0,4167.0,4160.0,4163.0,4395.0,182932340.0,288996.0
2022-12-27 21:00:00,4157.0,4180.0,4157.0,4167.0,22180.0,924896490.0,288015.0
2022-12-27 21:05:00,4168.0,4176.0,4159.0,4174.0,9668.0,402659340.0,288267.0
2022-12-27 21:10:00,4175.0,4176.0,4167.0,4170.0,5599.0,233580160.0,289038.0
2022-12-27 21:15:00,4171.0,4173.0,4166.0,4170.0,3371.0,140530350.0,289231.0
2022-12-27 21:20:00,4169.0,4178.0,4168.0,4174.0,3625.0,151310310.0,289384.0
2022-12-27 21:25:00,4174.0,4176.0,4169.0,4171.0,3022.0,126087600.0,289725.0
2022-12-27 21:30:00,4171.0,4174.0,4166.0,4167.0,3277.0,136640240.0,289957.0
2022-12-27 21:35:00,4167.0,4170.0,4166.0,4167.0,2062.0,85951370.0,290463.0
2022-12-27 21:40:00,4167.0,4170.0,4162.0,4162.0,3370.0,140366160.0,290581.0
2022-12-27 21:45:00,4161.0,4164.0,4156.0,4161.0,5866.0,244021610.0,290595.0
2022-12-27 21:50:00,4161.0,4163.0,4150.0,4153.0,5300.0,220221020.0,290539.0
2022-12-27 21:55:00,4153.0,4157.0,4148.0,4157.0,5451.0,226304590.0,291034.0
2022-12-27 22:00:00,4156.0,4164.0,4155.0,4163.0,5206.0,216619000.0,291155.0
2022-12-27 22:05:00,4163.0,4168.0,4162.0,4166.0,3448.0,143625960.0,291274.0
2022-12-27 22:10:00,4166.0,4167.0,4158.0,4162.0,3251.0,135290420.0,291211.0
2022-12-27 22:15:00,4162.0,4162.0,4155.0,4157.0,2586.0,107512150.0,291259.0
2022-12-27 22:20:00,4158.0,4162.0,4154.0,4157.0,2528.0,105107100.0,291410.0
2022-12-27 22:25:00,4157.0,4161.0,4157.0,4160.0,1392.0,57890010.0,291403.0
2022-12-27 22:30:00,4161.0,4166.0,4158.0,4158.0,2454.0,102159630.0,291618.0
2022-12-27 22:35:00,4158.0,4158.0,4149.0,4156.0,3828.0,158980970.0,291490.0
2022-12-27 22:40:00,4156.0,4161.0,4155.0,4160.0,2347.0,97606020.0,291367.0
2022-12-27 22:45:00,4160.0,4163.0,4158.0,4159.0,1873.0,77927720.0,291227.0
2022-12-27 22:50:00,4158.0,4161.0,4156.0,4156.0,1378.0,57304760.0,291108.0
2022-12-27 22:55:00,4156.0,4161.0,4153.0,4153.0,2780.0,115550890.0,289857.0
2022-12-28 09:00:00,4151.0,4152.0,4128.0,4134.0,15260.0,631251630.0,289149.0
2022-12-28 09:05:00,4135.0,4136.0,4125.0,4134.0,8238.0,340308560.0,288855.0
2022-12-28 09:10:00,4134.0,4143.0,4134.0,4138.0,4393.0,181811050.0,289397.0
2022-12-28 09:15:00,4137.0,4139.0,4136.0,4138.0,1798.0,74387570.0,289777.0
2022-12-28 09:20:00,4138.0,4148.0,4136.0,4146.0,2954.0,122373600.0,289996.0
2022-12-28 09:25:00,4147.0,4147.0,4137.0,4138.0,1861.0,77074690.0,290282.0
2022-12-28 09:30:00,4138.0,4141.0,4134.0,4137.0,2297.0,95030960.0,290617.0
2022-12-28 09:35:00,4137.0,4138.0,4133.0,4133.0,1637.0,67690670.0,290697.0
2022-12-28 09:40:00,4133.0,4136.0,4130.0,4131.0,1857.0,76750600.0,290742.0
2022-12-28 09:45:00,4132.0,4135.0,4127.0,4134.0,2883.0,119097430.0,290641.0
2022-12-28 09:50:00,4134.0,4141.0,4133.0,4141.0,2148.0,88856530.0,290498.0
2022-12-28 09:55:00,4140.0,4145.0,4137.0,4143.0,2454.0,101635490.0,290334.0
2022-12-28 10:00:00,4142.0,4147.0,4138.0,4145.0,3356.0,139027690.0,290361.0
2022-12-28 10:05:00,4146.0,4157.0,4146.0,4152.0,5473.0,227301380.0,290318.0
2022-12-28 10:10:00,4153.0,4153.0,4145.0,4148.0,2103.0,87244680.0,290518.0
2022-12-28 10:30:00,4149.0,4163.0,4148.0,4160.0,4846.0,201488640.0,290166.0
2022-12-28 10:35:00,4160.0,4164.0,4155.0,4155.0,3920.0,163071320.0,290008.0
2022-12-28 10:40:00,4156.0,4157.0,4149.0,4152.0,2582.0,107222110.0,290110.0
2022-12-28 10:45:00,4152.0,4152.0,4145.0,4147.0,2605.0,108033350.0,290275.0
2022-12-28 10:50:00,4146.0,4150.0,4143.0,4143.0,2388.0,99014260.0,290737.0
2022-12-28 10:55:00,4143.0,4144.0,4136.0,4142.0,3434.0,142174430.0,291007.0
2022-12-28 11:00:00,4142.0,4146.0,4137.0,4144.0,2283.0,94573620.0,291491.0
2022-12-28 11:05:00,4143.0,4149.0,4142.0,4144.0,2005.0,83110700.0,291620.0
2022-12-28 11:10:00,4144.0,4150.0,4141.0,4149.0,2063.0,85526650.0,291813.0
2022-12-28 11:15:00,4149.0,4149.0,4144.0,4147.0,1606.0,66595350.0,291856.0
2022-12-28 11:20:00,4147.0,4153.0,4147.0,4151.0,1912.0,79364870.0,291808.0
2022-12-28 11:25:00,4152.0,4156.0,4150.0,4151.0,2228.0,92547230.0,291637.0
2022-12-28 13:30:00,4150.0,4161.0,4149.0,4161.0,5337.0,221822610.0,291347.0
2022-12-28 13:35:00,4160.0,4163.0,4156.0,4157.0,3710.0,154362140.0,291880.0
2022-12-28 13:40:00,4157.0,4158.0,4154.0,4156.0,1871.0,77757530.0,292088.0
2022-12-28 13:45:00,4155.0,4156.0,4151.0,4151.0,1668.0,69264780.0,292086.0
2022-12-28 13:50:00,4151.0,4154.0,4146.0,4150.0,2918.0,121065890.0,292147.0
2022-12-28 13:55:00,4150.0,4155.0,4148.0,4153.0,1920.0,79721450.0,292430.0
2022-12-28 14:00:00,4153.0,4154.0,4141.0,4143.0,4306.0,178496420.0,292660.0
2022-12-28 14:05:00,4144.0,4145.0,4139.0,4142.0,3771.0,156195950.0,293107.0
2022-12-28 14:10:00,4142.0,4147.0,4142.0,4145.0,1783.0,73901920.0,293342.0
2022-12-28 14:15:00,4145.0,4146.0,4141.0,4144.0,1460.0,60496600.0,293474.0
2022-12-28 14:20:00,4145.0,4154.0,4144.0,4152.0,2882.0,119613350.0,293412.0
2022-12-28 14:25:00,4152.0,4157.0,4149.0,4157.0,3370.0,139972800.0,293472.0
2022-12-28 14:30:00,4157.0,4158.0,4146.0,4154.0,3544.0,147100680.0,294207.0
2022-12-28 14:35:00,4154.0,4157.0,4153.0,4153.0,2139.0,88877700.0,294366.0
2022-12-28 14:40:00,4153.0,4158.0,4153.0,4156.0,2204.0,91586480.0,294487.0
2022-12-28 14:45:00,4156.0,4172.0,4152.0,4168.0,6528.0,271723860.0,293602.0
2022-12-28 14:50:00,4167.0,4173.0,4163.0,4166.0,6786.0,282879510.0,293987.0
2022-12-28 14:55:00,4166.0,4169.0,4160.0,4167.0,5397.0,224776120.0,293056.0
2022-12-28 21:00:00,4154.0,4171.0,4154.0,4164.0,13906.0,579073500.0,292246.0
2022-12-28 21:05:00,4164.0,4164.0,4154.0,4156.0,7685.0,319555660.0,293097.0
2022-12-28 21:10:00,4155.0,4159.0,4148.0,4149.0,4488.0,186432460.0,293693.0
2022-12-28 21:15:00,4149.0,4153.0,4148.0,4152.0,3663.0,152044840.0,293676.0
2022-12-28 21:20:00,4151.0,4158.0,4150.0,4152.0,2330.0,96819360.0,293769.0
2022-12-28 21:25:00,4152.0,4152.0,4139.0,4141.0,7123.0,295180190.0,293890.0
2022-12-28 21:30:00,4141.0,4141.0,4131.0,4135.0,6889.0,284853100.0,294205.0
2022-12-28 21:35:00,4135.0,4139.0,4132.0,4139.0,4317.0,178549560.0,294387.0
2022-12-28 21:40:00,4138.0,4143.0,4137.0,4143.0,2953.0,122247560.0,294441.0
2022-12-28 21:45:00,4143.0,4144.0,4138.0,4138.0,1991.0,82452490.0,294349.0
2022-12-28 21:50:00,4138.0,4146.0,4138.0,4140.0,1992.0,82518570.0,294216.0
2022-12-28 21:55:00,4140.0,4141.0,4128.0,4131.0,4941.0,204153910.0,294313.0
2022-12-28 22:00:00,4130.0,4145.0,4129.0,4145.0,5799.0,239894170.0,294376.0
2022-12-28 22:05:00,4144.0,4146.0,4141.0,4142.0,2399.0,99409380.0,294377.0
2022-12-28 22:10:00,4142.0,4143.0,4138.0,4139.0,1674.0,69304110.0,294525.0
2022-12-28 22:15:00,4139.0,4153.0,4137.0,4152.0,3769.0,156313780.0,294520.0
2022-12-28 22:20:00,4152.0,4155.0,4151.0,4151.0,3317.0,137768270.0,294673.0
2022-12-28 22:25:00,4151.0,4152.0,4148.0,4148.0,2907.0,120639770.0,295085.0
2022-12-28 22:30:00,4149.0,4151.0,4143.0,4144.0,3159.0,130994430.0,295203.0
2022-12-28 22:35:00,4144.0,4147.0,4135.0,4135.0,4051.0,167706220.0,295384.0
2022-12-28 22:40:00,4135.0,4138.0,4117.0,4119.0,9734.0,401664230.0,295187.0
2022-12-28 22:45:00,4119.0,4122.0,4105.0,4111.0,14497.0,596067940.0,295860.0
2022-12-28 22:50:00,4111.0,4118.0,4108.0,4117.0,5480.0,225402680.0,296205.0
2022-12-28 22:55:00,4117.0,4119.0,4102.0,4107.0,7066.0,290425050.0,295845.0
2022-12-29 09:00:00,4108.0,4108.0,4084.0,4096.0,18476.0,756534650.0,297575.0
2022-12-29 09:05:00,4096.0,4109.0,4094.0,4109.0,6808.0,279367580.0,297330.0
2022-12-29 09:10:00,4109.0,4129.0,4108.0,4128.0,7867.0,323981150.0,297162.0
2022-12-29 09:15:00,4126.0,4129.0,4110.0,4112.0,6972.0,287266760.0,297343.0
2022-12-29 09:20:00,4112.0,4121.0,4110.0,4115.0,3673.0,151168390.0,297597.0
2022-12-29 09:25:00,4115.0,4116.0,4107.0,4113.0,4063.0,167047900.0,298062.0
2022-12-29 09:30:00,4112.0,4120.0,4111.0,4119.0,2680.0,110297680.0,298102.0
2022-12-29 09:35:00,4119.0,4120.0,4108.0,4110.0,2127.0,87476940.0,298198.0
2022-12-29 09:40:00,4109.0,4109.0,4099.0,4102.0,5027.0,206300750.0,298591.0
2022-12-29 09:45:00,4103.0,4109.0,4101.0,4103.0,3388.0,139084280.0,298569.0
2022-12-29 09:50:00,4102.0,4104.0,4099.0,4100.0,2476.0,101556150.0,299014.0
2022-12-29 09:55:00,4100.0,4100.0,4092.0,4094.0,4525.0,185339120.0,299555.0
2022-12-29 10:00:00,4094.0,4101.0,4091.0,4099.0,4124.0,168912350.0,300137.0
2022-12-29 10:05:00,4099.0,4104.0,4094.0,4096.0,2555.0,104735240.0,300219.0
2022-12-29 10:10:00,4095.0,4095.0,4090.0,4091.0,3730.0,152664700.0,300808.0
2022-12-29 10:30:00,4092.0,4094.0,4086.0,4090.0,5814.0,237775450.0,301582.0
2022-12-29 10:35:00,4089.0,4090.0,4075.0,4077.0,9512.0,388164010.0,303013.0
2022-12-29 10:40:00,4077.0,4084.0,4074.0,4080.0,7757.0,316457840.0,303632.0
2022-12-29 10:45:00,4079.0,4084.0,4079.0,4080.0,3486.0,142258330.0,304147.0
2022-12-29 10:50:00,4081.0,4092.0,4079.0,4092.0,5110.0,208796960.0,304709.0
2022-12-29 10:55:00,4091.0,4097.0,4088.0,4097.0,4595.0,188111690.0,304258.0
2022-12-29 11:00:00,4097.0,4099.0,4090.0,4098.0,4539.0,185837710.0,303990.0
2022-12-29 11:05:00,4098.0,4106.0,4096.0,4106.0,7499.0,307460470.0,303107.0
2022-12-29 11:10:00,4107.0,4107.0,4098.0,4102.0,9837.0,403519420.0,302865.0
2022-12-29 11:15:00,4103.0,4106.0,4098.0,4099.0,3131.0,128436970.0,302421.0
2022-12-29 11:20:00,4099.0,4111.0,4097.0,4107.0,4214.0,173034330.0,301322.0
2022-12-29 11:25:00,4108.0,4109.0,4103.0,4103.0,2201.0,90379300.0,301146.0
2022-12-29 13:30:00,4103.0,4106.0,4100.0,4102.0,3132.0,128487390.0,301594.0
2022-12-29 13:35:00,4102.0,4103.0,4093.0,4094.0,3317.0,135914040.0,302054.0
2022-12-29 13:40:00,4095.0,4105.0,4093.0,4104.0,2555.0,104739320.0,302378.0
2022-12-29 13:45:00,4103.0,4116.0,4103.0,4113.0,5038.0,207153030.0,301970.0
2022-12-29 13:50:00,4113.0,4114.0,4105.0,4105.0,2738.0,112529980.0,302021.0
2022-12-29 13:55:00,4106.0,4109.0,4102.0,4105.0,2901.0,119104800.0,301899.0
2022-12-29 14:00:00,4104.0,4104.0,4100.0,4101.0,2839.0,116439280.0,302289.0
2022-12-29 14:05:00,4101.0,4105.0,4100.0,4105.0,1411.0,57895220.0,302398.0
2022-12-29 14:10:00,4105.0,4106.0,4102.0,4105.0,1534.0,62957010.0,302782.0
2022-12-29 14:15:00,4105.0,4111.0,4102.0,4109.0,2377.0,97620080.0,302769.0
2022-12-29 14:20:00,4109.0,4112.0,4105.0,4105.0,1710.0,70258440.0,302939.0
2022-12-29 14:25:00,4105.0,4105.0,4094.0,4099.0,3922.0,160722910.0,303104.0
2022-12-29 14:30:00,4098.0,4106.0,4098.0,4105.0,1830.0,75070990.0,303252.0
2022-12-29 14:35:00,4105.0,4107.0,4099.0,4104.0,2449.0,100487010.0,303413.0
2022-12-29 14:40:00,4105.0,4106.0,4097.0,4099.0,2013.0,82550010.0,303489.0
2022-12-29 14:45:00,4098.0,4108.0,4096.0,4107.0,3371.0,138247650.0,303651.0
2022-12-29 14:50:00,4107.0,4111.0,4103.0,4108.0,3239.0,133028110.0,303126.0
2022-12-29 14:55:00,4109.0,4111.0,4107.0,4110.0,5819.0,239126820.0,301529.0
2022-12-29 21:00:00,4111.0,4120.0,4099.0,4108.0,20318.0,835158240.0,300919.0
2022-12-29 21:05:00,4107.0,4110.0,4100.0,4106.0,8087.0,331901950.0,301744.0
2022-12-29 21:10:00,4106.0,4115.0,4104.0,4113.0,4602.0,189123410.0,302482.0
2022-12-29 21:15:00,4113.0,4114.0,4098.0,4101.0,5815.0,238732160.0,302912.0
2022-12-29 21:20:00,4101.0,4103.0,4097.0,4097.0,5134.0,210479420.0,304164.0
2022-12-29 21:25:00,4098.0,4100.0,4089.0,4090.0,5984.0,244962340.0,304722.0
2022-12-29 21:30:00,4090.0,4098.0,4085.0,4097.0,5272.0,215735540.0,304925.0
2022-12-29 21:35:00,4097.0,4102.0,4094.0,4101.0,5320.0,218058550.0,305055.0
2022-12-29 21:40:00,4100.0,4102.0,4094.0,4100.0,2871.0,117634580.0,305326.0
2022-12-29 21:45:00,4100.0,4103.0,4098.0,4100.0,2368.0,97099270.0,305341.0
2022-12-29 21:50:00,4100.0,4100.0,4094.0,4094.0,1617.0,66260420.0,305504.0
2022-12-29 21:55:00,4094.0,4098.0,4094.0,4098.0,1507.0,61721110.0,305526.0
2022-12-29 22:00:00,4098.0,4098.0,4089.0,4091.0,4122.0,168680140.0,306308.0
2022-12-29 22:05:00,4090.0,4092.0,4085.0,4087.0,3624.0,148168630.0,306962.0
2022-12-29 22:10:00,4087.0,4090.0,4085.0,4087.0,3719.0,151995320.0,307178.0
2022-12-29 22:15:00,4086.0,4095.0,4085.0,4089.0,3373.0,137967300.0,307262.0
2022-12-29 22:20:00,4089.0,4092.0,4086.0,4091.0,2694.0,110178480.0,307555.0
2022-12-29 22:25:00,4090.0,4091.0,4081.0,4082.0,3558.0,145371820.0,308020.0
2022-12-29 22:30:00,4082.0,4092.0,4081.0,4090.0,3261.0,133272960.0,308044.0
2022-12-29 22:35:00,4090.0,4097.0,4089.0,4095.0,2573.0,105319520.0,307894.0
2022-12-29 22:40:00,4096.0,4100.0,4093.0,4098.0,3354.0,137405070.0,307412.0
2022-12-29 22:45:00,4098.0,4110.0,4096.0,4108.0,5781.0,237207480.0,306005.0
2022-12-29 22:50:00,4107.0,4110.0,4102.0,4105.0,4069.0,167068990.0,305295.0
2022-12-29 22:55:00,4105.0,4107.0,4091.0,4092.0,3708.0,152062950.0,304318.0
2022-12-30 09:00:00,4102.0,4126.0,4101.0,4125.0,14719.0,605797570.0,303647.0
2022-12-30 09:05:00,4125.0,4128.0,4119.0,4123.0,8567.0,353296260.0,303466.0
2022-12-30 09:10:00,4123.0,4135.0,4122.0,4131.0,7779.0,321286210.0,303479.0
2022-12-30 09:15:00,4131.0,4131.0,4120.0,4125.0,4383.0,180816040.0,303227.0
2022-12-30 09:20:00,4125.0,4127.0,4118.0,4122.0,2840.0,117095070.0,303316.0
2022-12-30 09:25:00,4121.0,4124.0,4118.0,4124.0,2285.0,94170890.0,303000.0
2022-12-30 09:30:00,4124.0,4124.0,4117.0,4122.0,2737.0,112770610.0,302910.0
2022-12-30 09:35:00,4122.0,4122.0,4108.0,4115.0,4088.0,168261430.0,302863.0
2022-12-30 09:40:00,4115.0,4115.0,4107.0,4113.0,3635.0,149427790.0,303190.0
2022-12-30 09:45:00,4112.0,4116.0,4110.0,4110.0,2681.0,110261540.0,303317.0
2022-12-30 09:50:00,4111.0,4111.0,4103.0,4109.0,4450.0,182740580.0,304118.0
2022-12-30 09:55:00,4110.0,4114.0,4104.0,4105.0,3023.0,124214670.0,304166.0
2022-12-30 10:00:00,4106.0,4109.0,4105.0,4108.0,1964.0,80667770.0,303984.0
2022-12-30 10:05:00,4107.0,4112.0,4096.0,4112.0,4710.0,193259640.0,303996.0
2022-12-30 10:10:00,4112.0,4119.0,4111.0,4114.0,3617.0,148857430.0,304026.0
2022-12-30 10:30:00,4114.0,4114.0,4107.0,4112.0,2892.0,118887300.0,304116.0
2022-12-30 10:35:00,4112.0,4119.0,4111.0,4117.0,1917.0,78866400.0,304210.0
2022-12-30 10:40:00,4116.0,4118.0,4112.0,4113.0,1297.0,53364270.0,304354.0
2022-12-30 10:45:00,4114.0,4120.0,4111.0,4114.0,2489.0,102456520.0,304136.0
2022-12-30 10:50:00,4115.0,4115.0,4109.0,4115.0,1535.0,63116280.0,304127.0
2022-12-30 10:55:00,4115.0,4115.0,4108.0,4112.0,1455.0,59822590.0,304158.0
2022-12-30 11:00:00,4113.0,4119.0,4112.0,4117.0,2245.0,92411250.0,304354.0
2022-12-30 11:05:00,4118.0,4122.0,4116.0,4117.0,2563.0,105578410.0,304227.0
2022-12-30 11:10:00,4118.0,4119.0,4115.0,4118.0,1507.0,62045490.0,304267.0
2022-12-30 11:15:00,4118.0,4118.0,4112.0,4116.0,1603.0,65963420.0,304149.0
2022-12-30 11:20:00,4116.0,4121.0,4114.0,4120.0,2058.0,84742150.0,304164.0
2022-12-30 11:25:00,4120.0,4125.0,4117.0,4122.0,3874.0,159692760.0,303625.0
2022-12-30 13:30:00,4123.0,4133.0,4123.0,4129.0,7318.0,302144440.0,303319.0
2022-12-30 13:35:00,4129.0,4132.0,4123.0,4132.0,4583.0,189146130.0,303590.0
2022-12-30 13:40:00,4132.0,4145.0,4131.0,4145.0,11011.0,455607210.0,302373.0
2022-12-30 13:45:00,4146.0,4156.0,4145.0,4155.0,13694.0,568324030.0,301904.0
2022-12-30 13:50:00,4156.0,4166.0,4155.0,4162.0,13969.0,581238620.0,301533.0
2022-12-30 13:55:00,4162.0,4163.0,4154.0,4161.0,7047.0,293011820.0,301197.0
2022-12-30 14:00:00,4160.0,4164.0,4157.0,4158.0,5196.0,216157450.0,300823.0
2022-12-30 14:05:00,4157.0,4168.0,4156.0,4167.0,5905.0,245839660.0,300445.0
2022-12-30 14:10:00,4168.0,4198.0,4167.0,4194.0,21642.0,905144560.0,300488.0
2022-12-30 14:15:00,4195.0,4200.0,4191.0,4199.0,15266.0,640496290.0,301488.0
2022-12-30 14:20:00,4198.0,4205.0,4197.0,4198.0,12012.0,504544970.0,301249.0
2022-12-30 14:25:00,4199.0,4200.0,4187.0,4192.0,9662.0,405103370.0,301152.0
2022-12-30 14:30:00,4192.0,4197.0,4192.0,4195.0,4449.0,186628950.0,300571.0
2022-12-30 14:35:00,4195.0,4196.0,4187.0,4196.0,5473.0,229407110.0,299861.0
2022-12-30 14:40:00,4196.0,4198.0,4185.0,4193.0,6089.0,255248790.0,298588.0
2022-12-30 14:45:00,4192.0,4192.0,4182.0,4188.0,5772.0,241656000.0,298116.0
2022-12-30 14:50:00,4187.0,4192.0,4182.0,4189.0,4483.0,187706540.0,297648.0
2022-12-30 14:55:00,4190.0,4195.0,4189.0,4190.0,7749.0,324897450.0,296325.0
2023-01-03 09:00:00,4180.0,4197.0,4155.0,4155.0,31784.0,1327787460.0,293752.0
2023-01-03 09:05:00,4160.0,4160.0,4101.0,4114.0,30778.0,1268903710.0,293615.0
2023-01-03 09:10:00,4112.0,4113.0,4091.0,4091.0,24594.0,1008694640.0,295526.0
2023-01-03 09:15:00,4090.0,4099.0,4085.0,4095.0,18817.0,769608380.0,298125.0
2023-01-03 09:20:00,4094.0,4104.0,4091.0,4094.0,9214.0,377574270.0,298910.0
2023-01-03 09:25:00,4094.0,4106.0,4091.0,4097.0,7992.0,327581830.0,300251.0
2023-01-03 09:30:00,4096.0,4120.0,4095.0,4118.0,9567.0,393149050.0,300630.0
2023-01-03 09:35:00,4118.0,4118.0,4106.0,4111.0,5542.0,227819670.0,300782.0
2023-01-03 09:40:00,4111.0,4123.0,4108.0,4120.0,5071.0,208684420.0,301119.0
2023-01-03 09:45:00,4120.0,4121.0,4104.0,4109.0,4816.0,197929090.0,302139.0
2023-01-03 09:50:00,4109.0,4114.0,4107.0,4110.0,3195.0,131322440.0,302785.0
2023-01-03 09:55:00,4110.0,4113.0,4106.0,4108.0,5426.0,222975700.0,304054.0
2023-01-03 10:00:00,4108.0,4131.0,4106.0,4129.0,9031.0,372041160.0,304749.0
2023-01-03 10:05:00,4129.0,4137.0,4128.0,4135.0,7642.0,315799980.0,304669.0
2023-01-03 10:10:00,4134.0,4138.0,4123.0,4132.0,6090.0,251387290.0,304986.0
2023-01-03 10:30:00,4134.0,4144.0,4133.0,4143.0,6952.0,287680320.0,305554.0
2023-01-03 10:35:00,4143.0,4144.0,4133.0,4140.0,4066.0,168298170.0,305532.0
2023-01-03 10:40:00,4139.0,4139.0,4133.0,4136.0,2507.0,103691400.0,305696.0
2023-01-03 10:45:00,4136.0,4137.0,4124.0,4129.0,3623.0,149594560.0,305960.0
2023-01-03 10:50:00,4129.0,4133.0,4118.0,4121.0,4295.0,177087070.0,306379.0
2023-01-03 10:55:00,4121.0,4139.0,4120.0,4135.0,3783.0,156336280.0,306828.0
2023-01-03 11:00:00,4136.0,4145.0,4132.0,4143.0,4376.0,181092060.0,307066.0
2023-01-03 11:05:00,4143.0,4157.0,4143.0,4154.0,9095.0,377624570.0,306436.0
2023-01-03 11:10:00,4154.0,4166.0,4151.0,4166.0,7055.0,293369100.0,306404.0
2023-01-03 11:15:00,4166.0,4168.0,4161.0,4168.0,6498.0,270622320.0,305858.0
2023-01-03 11:20:00,4168.0,4180.0,4168.0,4178.0,7031.0,293440710.0,305037.0
2023-01-03 11:25:00,4177.0,4182.0,4171.0,4179.0,6378.0,266460170.0,303550.0
2023-01-03 13:30:00,4178.0,4193.0,4176.0,4184.0,12285.0,514335450.0,303191.0
2023-01-03 13:35:00,4184.0,4190.0,4181.0,4187.0,4764.0,199440870.0,303612.0
2023-01-03 13:40:00,4187.0,4192.0,4182.0,4191.0,4639.0,194240890.0,304128.0
2023-01-03 13:45:00,4193.0,4198.0,4184.0,4184.0,6336.0,265531580.0,304454.0
2023-01-03 13:50:00,4184.0,4188.0,4181.0,4184.0,2715.0,113597230.0,304744.0
2023-01-03 13:55:00,4184.0,4192.0,4182.0,4192.0,3799.0,159047060.0,305190.0
2023-01-03 14:00:00,4192.0,4193.0,4184.0,4186.0,3191.0,133606400.0,305512.0
2023-01-03 14:05:00,4185.0,4187.0,4181.0,4187.0,2507.0,104895200.0,305480.0
2023-01-03 14:10:00,4186.0,4188.0,4182.0,4184.0,2331.0,97551370.0,305583.0
2023-01-03 14:15:00,4185.0,4190.0,4185.0,4187.0,2410.0,100915740.0,305545.0
2023-01-03 14:20:00,4187.0,4188.0,4183.0,4186.0,1918.0,80284610.0,306028.0
2023-01-03 14:25:00,4186.0,4192.0,4184.0,4190.0,2886.0,120891620.0,306599.0
2023-01-03 14:30:00,4189.0,4190.0,4183.0,4188.0,2729.0,114239670.0,306434.0
2023-01-03 14:35:00,4187.0,4190.0,4186.0,4188.0,1828.0,76558540.0,306267.0
2023-01-03 14:40:00,4187.0,4191.0,4187.0,4190.0,2366.0,99130010.0,306173.0
2023-01-03 14:45:00,4191.0,4210.0,4189.0,4207.0,12060.0,506437300.0,307488.0
2023-01-03 14:50:00,4208.0,4213.0,4202.0,4203.0,7626.0,320891690.0,307618.0
2023-01-03 14:55:00,4202.0,4210.0,4196.0,4207.0,7438.0,312660060.0,307451.0
2023-01-03 21:00:00,4193.0,4194.0,4179.0,4188.0,21610.0,904817060.0,307724.0
2023-01-03 21:05:00,4187.0,4193.0,4181.0,4183.0,9023.0,377659820.0,307983.0
2023-01-03 21:10:00,4183.0,4203.0,4183.0,4195.0,10268.0,430859860.0,310074.0
2023-01-03 21:15:00,4195.0,4203.0,4193.0,4197.0,6783.0,284795810.0,310975.0
2023-01-03 21:20:00,4196.0,4209.0,4195.0,4209.0,5425.0,227944890.0,311949.0
2023-01-03 21:25:00,4210.0,4210.0,4203.0,4205.0,4536.0,190797950.0,311927.0
2023-01-03 21:30:00,4205.0,4222.0,4204.0,4210.0,11940.0,503252500.0,313215.0
2023-01-03 21:35:00,4211.0,4215.0,4200.0,4201.0,5273.0,221870150.0,313216.0
2023-01-03 21:40:00,4202.0,4205.0,4197.0,4203.0,3516.0,147718640.0,312957.0
2023-01-03 21:45:00,4204.0,4210.0,4203.0,4208.0,2012.0,84628980.0,313129.0
2023-01-03 21:50:00,4208.0,4211.0,4196.0,4199.0,3754.0,157788690.0,312892.0
2023-01-03 21:55:00,4199.0,4211.0,4198.0,4210.0,3008.0,126495370.0,312947.0
2023-01-03 22:00:00,4209.0,4212.0,4205.0,4206.0,1922.0,80866510.0,312818.0
2023-01-03 22:05:00,4207.0,4208.0,4198.0,4198.0,3001.0,126113740.0,312757.0
2023-01-03 22:10:00,4198.0,4201.0,4186.0,4189.0,6258.0,262326460.0,311488.0
2023-01-03 22:15:00,4190.0,4200.0,4189.0,4200.0,3372.0,141468460.0,311357.0
2023-01-03 22:20:00,4199.0,4206.0,4199.0,4203.0,2779.0,116825900.0,311427.0
2023-01-03 22:25:00,4202.0,4203.0,4196.0,4196.0,1754.0,73673660.0,311415.0
2023-01-03 22:30:00,4196.0,4201.0,4191.0,4201.0,3561.0,149399010.0,311384.0
2023-01-03 22:35:00,4201.0,4205.0,4199.0,4203.0,1913.0,80377470.0,311334.0
2023-01-03 22:40:00,4203.0,4208.0,4203.0,4205.0,2429.0,102152960.0,311257.0
2023-01-03 22:45:00,4204.0,4205.0,4199.0,4203.0,1942.0,81602350.0,311256.0
2023-01-03 22:50:00,4203.0,4207.0,4202.0,4205.0,1316.0,55336490.0,311261.0
2023-01-03 22:55:00,4205.0,4208.0,4197.0,4200.0,3218.0,135285370.0,310396.0
2023-01-04 09:00:00,4182.0,4197.0,4168.0,4190.0,14360.0,600638240.0,308913.0
2023-01-04 09:05:00,4190.0,4200.0,4189.0,4190.0,5194.0,217831620.0,309299.0
2023-01-04 09:10:00,4189.0,4201.0,4189.0,4194.0,3906.0,163890360.0,309336.0
2023-01-04 09:15:00,4194.0,4194.0,4170.0,4173.0,7743.0,323557350.0,308487.0
2023-01-04 09:20:00,4174.0,4180.0,4166.0,4172.0,7637.0,318588900.0,307720.0
2023-01-04 09:25:00,4172.0,4175.0,4153.0,4154.0,10162.0,422804370.0,306681.0
2023-01-04 09:30:00,4154.0,4161.0,4147.0,4160.0,9965.0,413822950.0,306345.0
2023-01-04 09:35:00,4160.0,4166.0,4157.0,4159.0,3947.0,164264000.0,306436.0
2023-01-04 09:40:00,4160.0,4172.0,4159.0,4169.0,3488.0,145356900.0,306308.0
2023-01-04 09:45:00,4170.0,4170.0,4162.0,4167.0,2877.0,119875320.0,306151.0
2023-01-04 09:50:00,4167.0,4182.0,4165.0,4182.0,3530.0,147377040.0,306281.0
2023-01-04 09:55:00,4180.0,4186.0,4172.0,4184.0,4595.0,191970540.0,306135.0
2023-01-04 10:00:00,4185.0,4196.0,4183.0,4196.0,6065.0,254101470.0,306368.0
2023-01-04 10:05:00,4196.0,4202.0,4188.0,4199.0,5394.0,226328150.0,307175.0
2023-01-04 10:10:00,4199.0,4200.0,4193.0,4196.0,2684.0,112616180.0,307216.0
2023-01-04 10:30:00,4196.0,4200.0,4188.0,4199.0,3999.0,167730010.0,307110.0
2023-01-04 10:35:00,4199.0,4201.0,4188.0,4188.0,3636.0,152557260.0,307083.0
2023-01-04 10:40:00,4189.0,4195.0,4179.0,4180.0,4438.0,185809970.0,306540.0
2023-01-04 10:45:00,4180.0,4182.0,4172.0,4175.0,3923.0,163869170.0,306107.0
2023-01-04 10:50:00,4175.0,4179.0,4167.0,4169.0,3299.0,137615830.0,306148.0
2023-01-04 10:55:00,4168.0,4172.0,4157.0,4161.0,5637.0,234694580.0,305743.0
2023-01-04 11:00:00,4161.0,4168.0,4160.0,4163.0,3871.0,161188210.0,305767.0
2023-01-04 11:05:00,4164.0,4173.0,4162.0,4172.0,3877.0,161632230.0,306289.0
2023-01-04 11:10:00,4172.0,4176.0,4162.0,4162.0,2554.0,106482730.0,306353.0
2023-01-04 11:15:00,4162.0,4166.0,4157.0,4157.0,3032.0,126192850.0,306583.0
2023-01-04 11:20:00,4158.0,4159.0,4152.0,4157.0,4639.0,192765700.0,306613.0
2023-01-04 11:25:00,4157.0,4165.0,4154.0,4163.0,3793.0,157723330.0,306698.0
2023-01-04 13:30:00,4160.0,4161.0,4152.0,4159.0,5587.0,232236110.0,307542.0
2023-01-04 13:35:00,4159.0,4159.0,4153.0,4156.0,3014.0,125258640.0,308556.0
2023-01-04 13:40:00,4157.0,4160.0,4144.0,4144.0,6084.0,252528380.0,309108.0
2023-01-04 13:45:00,4145.0,4147.0,4124.0,4130.0,15999.0,661462120.0,309729.0
2023-01-04 13:50:00,4130.0,4138.0,4129.0,4138.0,5503.0,227437280.0,310388.0
2023-01-04 13:55:00,4137.0,4140.0,4128.0,4130.0,5008.0,207091760.0,311072.0
2023-01-04 14:00:00,4130.0,4130.0,4114.0,4116.0,12336.0,508211270.0,310779.0
2023-01-04 14:05:00,4116.0,4121.0,4109.0,4121.0,9773.0,402123700.0,310614.0
2023-01-04 14:10:00,4121.0,4122.0,4114.0,4114.0,6475.0,266631120.0,311906.0
2023-01-04 14:15:00,4113.0,4116.0,4110.0,4116.0,5767.0,237162810.0,312885.0
2023-01-04 14:20:00,4116.0,4121.0,4108.0,4121.0,6824.0,280691150.0,313932.0
2023-01-04 14:25:00,4120.0,4135.0,4120.0,4132.0,8590.0,354567300.0,312514.0
2023-01-04 14:30:00,4132.0,4135.0,4127.0,4132.0,4924.0,203396710.0,313053.0
2023-01-04 14:35:00,4132.0,4143.0,4130.0,4138.0,5196.0,214945270.0,312652.0
2023-01-04 14:40:00,4139.0,4139.0,4125.0,4128.0,3763.0,155465920.0,312776.0
2023-01-04 14:45:00,4128.0,4129.0,4116.0,4125.0,5045.0,207946610.0,313374.0
2023-01-04 14:50:00,4125.0,4125.0,4118.0,4120.0,3520.0,145074150.0,313233.0
2023-01-04 14:55:00,4120.0,4129.0,4120.0,4127.0,6345.0,261750740.0,311635.0
2023-01-04 21:00:00,4097.0,4112.0,4092.0,4110.0,26549.0,1089011690.0,316196.0
2023-01-04 21:05:00,4110.0,4118.0,4103.0,4114.0,12059.0,495806470.0,317885.0
2023-01-04 21:10:00,4115.0,4122.0,4107.0,4122.0,7324.0,301267070.0,319220.0
2023-01-04 21:15:00,4122.0,4122.0,4115.0,4122.0,5626.0,231727940.0,319861.0
2023-01-04 21:20:00,4121.0,4136.0,4120.0,4135.0,7952.0,328322560.0,320752.0
2023-01-04 21:25:00,4135.0,4139.0,4130.0,4132.0,6550.0,270787560.0,321033.0
2023-01-04 21:30:00,4132.0,4134.0,4118.0,4131.0,8161.0,336737010.0,322288.0
2023-01-04 21:35:00,4131.0,4134.0,4127.0,4127.0,4072.0,168178040.0,322304.0
2023-01-04 21:40:00,4127.0,4132.0,4126.0,4131.0,2833.0,116983920.0,322163.0
2023-01-04 21:45:00,4131.0,4141.0,4131.0,4133.0,4269.0,176620350.0,321977.0
2023-01-04 21:50:00,4133.0,4138.0,4131.0,4138.0,2001.0,82738510.0,321976.0
2023-01-04 21:55:00,4137.0,4143.0,4131.0,4136.0,4058.0,167862870.0,322010.0
2023-01-04 22:00:00,4135.0,4135.0,4120.0,4129.0,4620.0,190614470.0,322421.0
2023-01-04 22:05:00,4129.0,4133.0,4126.0,4129.0,1784.0,73673160.0,322561.0
2023-01-04 22:10:00,4130.0,4135.0,4127.0,4134.0,1392.0,57503430.0,322637.0
2023-01-04 22:15:00,4134.0,4136.0,4128.0,4129.0,1534.0,63395260.0,322695.0
2023-01-04 22:20:00,4129.0,4132.0,4121.0,4124.0,1981.0,81733140.0,322595.0
2023-01-04 22:25:00,4124.0,4128.0,4123.0,4123.0,1225.0,50538560.0,322834.0
2023-01-04 22:30:00,4124.0,4126.0,4112.0,4119.0,4771.0,196480780.0,322699.0
2023-01-04 22:35:00,4119.0,4128.0,4119.0,4125.0,2125.0,87616540.0,323050.0
2023-01-04 22:40:00,4126.0,4127.0,4120.0,4122.0,1247.0,51422060.0,323130.0
2023-01-04 22:45:00,4123.0,4126.0,4119.0,4123.0,1920.0,79168500.0,323199.0
2023-01-04 22:50:00,4123.0,4125.0,4117.0,4117.0,1452.0,59846780.0,322987.0
2023-01-04 22:55:00,4118.0,4124.0,4116.0,4120.0,3113.0,128244220.0,322329.0
2023-01-05 09:00:00,4115.0,4121.0,4106.0,4112.0,10136.0,416870810.0,322859.0
2023-01-05 09:05:00,4111.0,4116.0,4102.0,4102.0,5762.0,236714910.0,322789.0
2023-01-05 09:10:00,4103.0,4113.0,4096.0,4113.0,10848.0,445082890.0,324876.0
2023-01-05 09:15:00,4113.0,4118.0,4107.0,4116.0,4323.0,177768990.0,325567.0
2023-01-05 09:20:00,4116.0,4124.0,4116.0,4118.0,3912.0,161167900.0,325441.0
2023-01-05 09:25:00,4117.0,4118.0,4103.0,4104.0,4123.0,169430320.0,326389.0
2023-01-05 09:30:00,4103.0,4114.0,4099.0,4113.0,5669.0,232699360.0,327152.0
2023-01-05 09:35:00,4115.0,4122.0,4113.0,4120.0,3273.0,134774020.0,326977.0
2023-01-05 09:40:00,4121.0,4124.0,4115.0,4120.0,2341.0,96433720.0,327136.0
2023-01-05 09:45:00,4120.0,4130.0,4119.0,4123.0,4680.0,193015040.0,326576.0
2023-01-05 09:50:00,4124.0,4127.0,4115.0,4119.0,1858.0,76557250.0,326659.0
2023-01-05 09:55:00,4119.0,4132.0,4116.0,4131.0,4337.0,178985260.0,326755.0
2023-01-05 10:00:00,4131.0,4136.0,4125.0,4133.0,5498.0,227147800.0,326461.0
2023-01-05 10:05:00,4134.0,4134.0,4123.0,4129.0,3466.0,143045700.0,326413.0
2023-01-05 10:10:00,4128.0,4130.0,4116.0,4118.0,3826.0,157655650.0,326834.0
2023-01-05 10:30:00,4118.0,4121.0,4110.0,4111.0,4387.0,180521860.0,327606.0
2023-01-05 10:35:00,4111.0,4118.0,4106.0,4117.0,4279.0,175940230.0,328152.0
2023-01-05 10:40:00,4117.0,4124.0,4115.0,4117.0,2662.0,109778030.0,328180.0
2023-01-05 10:45:00,4117.0,4117.0,4109.0,4110.0,3086.0,126884090.0,329291.0
2023-01-05 10:50:00,4110.0,4116.0,4110.0,4115.0,1859.0,76485570.0,329537.0
2023-01-05 10:55:00,4115.0,4120.0,4112.0,4116.0,2682.0,110379840.0,329293.0
2023-01-05 11:00:00,4116.0,4117.0,4110.0,4110.0,2224.0,91457240.0,329147.0
2023-01-05 11:05:00,4111.0,4112.0,4101.0,4103.0,6189.0,254044430.0,330359.0
2023-01-05 11:10:00,4103.0,4104.0,4088.0,4090.0,14185.0,581033580.0,333467.0
2023-01-05 11:15:00,4090.0,4101.0,4086.0,4095.0,11507.0,470777910.0,335263.0
2023-01-05 11:20:00,4094.0,4102.0,4093.0,4098.0,3806.0,155984430.0,335503.0
2023-01-05 11:25:00,4097.0,4103.0,4090.0,4090.0,3114.0,127565460.0,335321.0
2023-01-05 13:30:00,4091.0,4103.0,4087.0,4102.0,5123.0,209827190.0,336127.0
2023-01-05 13:35:00,4102.0,4106.0,4097.0,4099.0,3413.0,140020700.0,336370.0
2023-01-05 13:40:00,4098.0,4107.0,4098.0,4099.0,3101.0,127231740.0,336777.0
2023-01-05 13:45:00,4099.0,4103.0,4096.0,4102.0,2023.0,82942680.0,337124.0
2023-01-05 13:50:00,4103.0,4110.0,4101.0,4107.0,2436.0,100029510.0,337037.0
2023-01-05 13:55:00,4107.0,4115.0,4106.0,4114.0,4309.0,177169990.0,336428.0
2023-01-05 14:00:00,4114.0,4115.0,4106.0,4110.0,2930.0,120395900.0,336193.0
2023-01-05 14:05:00,4109.0,4112.0,4105.0,4112.0,2102.0,86365000.0,335933.0
2023-01-05 14:10:00,4111.0,4117.0,4111.0,4117.0,2532.0,104169910.0,335683.0
2023-01-05 14:15:00,4116.0,4116.0,4109.0,4110.0,3422.0,140748820.0,335929.0
2023-01-05 14:20:00,4110.0,4111.0,4108.0,4110.0,1024.0,42082890.0,335966.0
2023-01-05 14:25:00,4110.0,4114.0,4109.0,4110.0,2064.0,84868000.0,336237.0
2023-01-05 14:30:00,4110.0,4110.0,4102.0,4105.0,2983.0,122460910.0,336723.0
2023-01-05 14:35:00,4105.0,4109.0,4103.0,4105.0,2365.0,97094620.0,337065.0
2023-01-05 14:40:00,4104.0,4108.0,4103.0,4103.0,1453.0,59648090.0,337042.0
2023-01-05 14:45:00,4104.0,4105.0,4100.0,4103.0,2818.0,115602830.0,337213.0
2023-01-05 14:50:00,4103.0,4110.0,4102.0,4108.0,3177.0,130486860.0,336352.0
2023-01-05 14:55:00,4108.0,4110.0,4106.0,4109.0,4706.0,193336820.0,335119.0
2023-01-05 21:00:00,4130.0,4130.0,4108.0,4114.0,18158.0,747609720.0,336913.0
2023-01-05 21:05:00,4113.0,4118.0,4110.0,4112.0,6102.0,251083350.0,338741.0
2023-01-05 21:10:00,4112.0,4119.0,4110.0,4111.0,5585.0,229770210.0,339845.0
2023-01-05 21:15:00,4111.0,4112.0,4101.0,4103.0,6323.0,259634310.0,341194.0
2023-01-05 21:20:00,4102.0,4109.0,4102.0,4106.0,3817.0,156759930.0,341849.0
2023-01-05 21:25:00,4107.0,4117.0,4106.0,4115.0,4129.0,169791090.0,341882.0
2023-01-05 21:30:00,4114.0,4123.0,4114.0,4117.0,6739.0,277565110.0,340864.0
2023-01-05 21:35:00,4117.0,4122.0,4113.0,4113.0,3996.0,164550430.0,340690.0
2023-01-05 21:40:00,4114.0,4119.0,4112.0,4114.0,4087.0,168189230.0,341055.0
2023-01-05 21:45:00,4114.0,4118.0,4113.0,4117.0,2340.0,96298030.0,341341.0
2023-01-05 21:50:00,4117.0,4119.0,4114.0,4116.0,2343.0,96464380.0,341185.0
2023-01-05 21:55:00,4116.0,4118.0,4103.0,4109.0,6043.0,248368900.0,341131.0
2023-01-05 22:00:00,4110.0,4113.0,4105.0,4111.0,3693.0,151742900.0,341438.0
2023-01-05 22:05:00,4111.0,4115.0,4109.0,4112.0,2005.0,82453220.0,341476.0
2023-01-05 22:10:00,4112.0,4114.0,4108.0,4112.0,1609.0,66154400.0,341442.0
2023-01-05 22:15:00,4113.0,4113.0,4094.0,4107.0,8428.0,345689650.0,342299.0
2023-01-05 22:20:00,4106.0,4110.0,4103.0,4105.0,2321.0,95325410.0,342529.0
2023-01-05 22:25:00,4105.0,4108.0,4096.0,4102.0,6519.0,267292750.0,343722.0
2023-01-05 22:30:00,4102.0,4108.0,4102.0,4104.0,2721.0,111698190.0,343502.0
2023-01-05 22:35:00,4103.0,4106.0,4099.0,4100.0,2415.0,99060660.0,343846.0
2023-01-05 22:40:00,4099.0,4100.0,4093.0,4094.0,4917.0,201383470.0,344111.0
2023-01-05 22:45:00,4094.0,4100.0,4093.0,4096.0,2705.0,110802830.0,344391.0
2023-01-05 22:50:00,4095.0,4102.0,4094.0,4097.0,2460.0,100822720.0,344048.0
2023-01-05 22:55:00,4097.0,4104.0,4088.0,4097.0,7988.0,327041190.0,343482.0
2023-01-06 09:00:00,4107.0,4111.0,4095.0,4107.0,7761.0,318667420.0,343474.0
2023-01-06 09:05:00,4106.0,4112.0,4101.0,4111.0,3815.0,156676130.0,343765.0
2023-01-06 09:10:00,4110.0,4110.0,4103.0,4104.0,2404.0,98714830.0,343911.0
2023-01-06 09:15:00,4104.0,4104.0,4091.0,4101.0,5879.0,240849670.0,345113.0
2023-01-06 09:20:00,4101.0,4103.0,4096.0,4103.0,2191.0,89816620.0,345259.0
2023-01-06 09:25:00,4103.0,4107.0,4099.0,4101.0,2374.0,97406840.0,345105.0
2023-01-06 09:30:00,4100.0,4101.0,4095.0,4099.0,2216.0,90802980.0,345601.0
2023-01-06 09:35:00,4098.0,4099.0,4091.0,4093.0,2981.0,122025950.0,346578.0
2023-01-06 09:40:00,4092.0,4098.0,4092.0,4095.0,1863.0,76283350.0,346933.0
2023-01-06 09:45:00,4095.0,4097.0,4092.0,4095.0,1236.0,50610390.0,347277.0
2023-01-06 09:50:00,4096.0,4097.0,4078.0,4081.0,10366.0,423404280.0,348798.0
2023-01-06 09:55:00,4081.0,4088.0,4075.0,4077.0,8140.0,332293800.0,350075.0
2023-01-06 10:00:00,4078.0,4096.0,4065.0,4095.0,16236.0,661966130.0,349850.0
2023-01-06 10:05:00,4094.0,4102.0,4092.0,4092.0,7728.0,316657640.0,348885.0
2023-01-06 10:10:00,4092.0,4096.0,4089.0,4093.0,3509.0,143618730.0,349311.0
2023-01-06 10:30:00,4093.0,4093.0,4081.0,4087.0,6816.0,278547510.0,350840.0
2023-01-06 10:35:00,4087.0,4090.0,4078.0,4083.0,4716.0,192579850.0,352243.0
2023-01-06 10:40:00,4084.0,4089.0,4083.0,4089.0,2441.0,99737200.0,352806.0
2023-01-06 10:45:00,4089.0,4095.0,4084.0,4091.0,5235.0,214069280.0,352322.0
2023-01-06 10:50:00,4090.0,4095.0,4088.0,4094.0,2409.0,98569870.0,352697.0
2023-01-06 10:55:00,4094.0,4105.0,4091.0,4104.0,5613.0,230061870.0,351683.0
2023-01-06 11:00:00,4104.0,4106.0,4099.0,4105.0,4618.0,189461920.0,351621.0
2023-01-06 11:05:00,4105.0,4107.0,4100.0,4103.0,2960.0,121467180.0,351715.0
2023-01-06 11:10:00,4103.0,4104.0,4094.0,4098.0,3750.0,153664060.0,352747.0
2023-01-06 11:15:00,4098.0,4100.0,4092.0,4100.0,2680.0,109793880.0,353148.0
2023-01-06 11:20:00,4100.0,4108.0,4098.0,4103.0,3158.0,129589950.0,353201.0
2023-01-06 11:25:00,4103.0,4106.0,4100.0,4105.0,2739.0,112382260.0,353558.0
2023-01-06 13:30:00,4101.0,4101.0,4088.0,4090.0,7004.0,286730220.0,354815.0
2023-01-06 13:35:00,4090.0,4092.0,4084.0,4089.0,6327.0,258630840.0,357758.0
2023-01-06 13:40:00,4089.0,4098.0,4089.0,4095.0,3304.0,135279280.0,357869.0
2023-01-06 13:45:00,4096.0,4100.0,4091.0,4093.0,3403.0,139398730.0,357350.0
2023-01-06 13:50:00,4093.0,4094.0,4090.0,4091.0,2319.0,94899440.0,357836.0
2023-01-06 13:55:00,4091.0,4092.0,4086.0,4087.0,2796.0,114314140.0,358708.0
2023-01-06 14:00:00,4087.0,4088.0,4078.0,4080.0,6526.0,266437550.0,361482.0
2023-01-06 14:05:00,4080.0,4086.0,4079.0,4086.0,3682.0,150318180.0,362807.0
2023-01-06 14:10:00,4086.0,4091.0,4084.0,4087.0,2624.0,107262450.0,363066.0
2023-01-06 14:15:00,4087.0,4093.0,4084.0,4090.0,3085.0,126151980.0,363000.0
2023-01-06 14:20:00,4090.0,4092.0,4083.0,4085.0,2217.0,90625940.0,362845.0
2023-01-06 14:25:00,4085.0,4092.0,4085.0,4091.0,1431.0,58510460.0,363025.0
2023-01-06 14:30:00,4091.0,4095.0,4089.0,4091.0,3238.0,132501940.0,363243.0
2023-01-06 14:35:00,4092.0,4098.0,4090.0,4097.0,4603.0,188511220.0,363026.0
2023-01-06 14:40:00,4097.0,4107.0,4097.0,4106.0,6137.0,251744150.0,361210.0
2023-01-06 14:45:00,4107.0,4117.0,4106.0,4108.0,10128.0,416407100.0,358515.0
2023-01-06 14:50:00,4108.0,4109.0,4103.0,4104.0,4221.0,173269900.0,358033.0
2023-01-06 14:55:00,4104.0,4110.0,4100.0,4106.0,6594.0,270745020.0,356582.0
2023-01-06 21:00:00,4096.0,4105.0,4090.0,4098.0,14896.0,610345360.0,357370.0
2023-01-06 21:05:00,4097.0,4109.0,4096.0,4107.0,7576.0,310840030.0,357540.0
2023-01-06 21:10:00,4107.0,4118.0,4106.0,4114.0,7932.0,326232610.0,357462.0
2023-01-06 21:15:00,4114.0,4114.0,4105.0,4107.0,6066.0,249210200.0,357905.0
2023-01-06 21:20:00,4107.0,4108.0,4096.0,4097.0,5019.0,205856240.0,359240.0
2023-01-06 21:25:00,4097.0,4098.0,4085.0,4089.0,8584.0,351141690.0,361314.0
2023-01-06 21:30:00,4089.0,4097.0,4089.0,4092.0,6186.0,253153180.0,362674.0
2023-01-06 21:35:00,4093.0,4101.0,4089.0,4097.0,4257.0,174328810.0,362752.0
2023-01-06 21:40:00,4098.0,4108.0,4097.0,4104.0,5030.0,206433270.0,362070.0
2023-01-06 21:45:00,4105.0,4110.0,4101.0,4103.0,3986.0,163670630.0,361675.0
2023-01-06 21:50:00,4104.0,4113.0,4103.0,4111.0,3378.0,138767280.0,361252.0
2023-01-06 21:55:00,4111.0,4116.0,4109.0,4112.0,5615.0,230906050.0,360957.0
2023-01-06 22:00:00,4112.0,4112.0,4106.0,4112.0,2512.0,103226740.0,360945.0
2023-01-06 22:05:00,4111.0,4113.0,4107.0,4111.0,2955.0,121458770.0,361536.0
2023-01-06 22:10:00,4110.0,4112.0,4107.0,4110.0,2163.0,88887230.0,361438.0
2023-01-06 22:15:00,4109.0,4110.0,4103.0,4106.0,1802.0,73989710.0,361379.0
2023-01-06 22:20:00,4106.0,4109.0,4103.0,4108.0,2073.0,85112290.0,361295.0
2023-01-06 22:25:00,4109.0,4109.0,4101.0,4107.0,2139.0,87807210.0,361342.0
2023-01-06 22:30:00,4106.0,4115.0,4104.0,4114.0,2501.0,102786390.0,360846.0
2023-01-06 22:35:00,4115.0,4117.0,4100.0,4101.0,4663.0,191549240.0,360761.0
2023-01-06 22:40:00,4101.0,4101.0,4093.0,4096.0,5889.0,241223800.0,361096.0
2023-01-06 22:45:00,4096.0,4101.0,4092.0,4092.0,3783.0,154942900.0,361376.0
2023-01-06 22:50:00,4091.0,4096.0,4088.0,4096.0,4846.0,198290980.0,362296.0
2023-01-06 22:55:00,4096.0,4097.0,4088.0,4088.0,3436.0,140647790.0,361809.0
2023-01-09 09:00:00,4097.0,4102.0,4090.0,4096.0,8422.0,344946230.0,361891.0
2023-01-09 09:05:00,4095.0,4101.0,4089.0,4095.0,5011.0,205173050.0,362500.0
2023-01-09 09:10:00,4096.0,4097.0,4082.0,4093.0,6079.0,248538770.0,364002.0
2023-01-09 09:15:00,4092.0,4092.0,4081.0,4087.0,5615.0,229340150.0,366372.0
2023-01-09 09:20:00,4086.0,4087.0,4080.0,4086.0,3865.0,157788560.0,367207.0
2023-01-09 09:25:00,4085.0,4090.0,4076.0,4078.0,4950.0,202057880.0,368536.0
2023-01-09 09:30:00,4078.0,4090.0,4076.0,4089.0,3843.0,156929250.0,368489.0
2023-01-09 09:35:00,4089.0,4093.0,4085.0,4086.0,3120.0,127588250.0,367712.0
2023-01-09 09:40:00,4086.0,4090.0,4083.0,4090.0,2187.0,89358880.0,368153.0
2023-01-09 09:45:00,4090.0,4091.0,4081.0,4082.0,1768.0,72225730.0,368316.0
2023-01-09 09:50:00,4083.0,4085.0,4078.0,4082.0,2836.0,115727990.0,368618.0
2023-01-09 09:55:00,4082.0,4092.0,4080.0,4089.0,3815.0,155859200.0,368894.0
2023-01-09 10:00:00,4088.0,4093.0,4085.0,4092.0,3290.0,134547350.0,368855.0
2023-01-09 10:05:00,4091.0,4100.0,4091.0,4096.0,4689.0,192066170.0,367272.0
2023-01-09 10:10:00,4096.0,4097.0,4093.0,4096.0,1988.0,81404780.0,366777.0
2023-01-09 10:30:00,4096.0,4096.0,4090.0,4095.0,2091.0,85577410.0,366842.0
2023-01-09 10:35:00,4095.0,4108.0,4091.0,4105.0,4088.0,167623730.0,366356.0
2023-01-09 10:40:00,4106.0,4113.0,4104.0,4112.0,7840.0,322141780.0,364784.0
2023-01-09 10:45:00,4112.0,4115.0,4104.0,4106.0,6252.0,256880980.0,363825.0
2023-01-09 10:50:00,4106.0,4108.0,4100.0,4104.0,2637.0,108210760.0,363670.0
2023-01-09 10:55:00,4104.0,4106.0,4093.0,4096.0,3952.0,161979550.0,363822.0
2023-01-09 11:00:00,4095.0,4098.0,4088.0,4092.0,4437.0,181535390.0,363960.0
2023-01-09 11:05:00,4092.0,4093.0,4082.0,4084.0,6151.0,251302720.0,365267.0
2023-01-09 11:10:00,4085.0,4087.0,4081.0,4082.0,4351.0,177676930.0,367048.0
2023-01-09 11:15:00,4083.0,4089.0,4083.0,4086.0,2468.0,100843630.0,367719.0
2023-01-09 11:20:00,4086.0,4088.0,4083.0,4084.0,1393.0,56907110.0,367818.0
2023-01-09 11:25:00,4084.0,4085.0,4079.0,4083.0,5280.0,215464740.0,369308.0
2023-01-09 13:30:00,4083.0,4093.0,4083.0,4092.0,4240.0,173362860.0,368797.0
2023-01-09 13:35:00,4092.0,4092.0,4086.0,4087.0,1650.0,67474620.0,368966.0
2023-01-09 13:40:00,4087.0,4089.0,4085.0,4089.0,1069.0,43687820.0,369147.0
2023-01-09 13:45:00,4089.0,4099.0,4088.0,4098.0,3739.0,153081270.0,368625.0
2023-01-09 13:50:00,4098.0,4104.0,4095.0,4103.0,4378.0,179503140.0,368311.0
2023-01-09 13:55:00,4102.0,4105.0,4100.0,4102.0,3840.0,157539430.0,367261.0
2023-01-09 14:00:00,4102.0,4104.0,4093.0,4103.0,3697.0,151548700.0,366616.0
2023-01-09 14:05:00,4103.0,4108.0,4103.0,4104.0,4560.0,187232970.0,365633.0
2023-01-09 14:10:00,4105.0,4106.0,4098.0,4101.0,2775.0,113813940.0,365547.0
2023-01-09 14:15:00,4101.0,4103.0,4098.0,4100.0,1641.0,67287410.0,365788.0
2023-01-09 14:20:00,4100.0,4100.0,4090.0,4093.0,5502.0,225184710.0,365550.0
2023-01-09 14:25:00,4093.0,4095.0,4090.0,4094.0,1824.0,74660510.0,365914.0
2023-01-09 14:30:00,4092.0,4100.0,4092.0,4099.0,2630.0,107733670.0,365796.0
2023-01-09 14:35:00,4100.0,4104.0,4096.0,4102.0,3338.0,136864560.0,365431.0
2023-01-09 14:40:00,4101.0,4103.0,4100.0,4101.0,1517.0,62217150.0,365396.0
2023-01-09 14:45:00,4101.0,4107.0,4096.0,4098.0,4212.0,172753270.0,365088.0
2023-01-09 14:50:00,4096.0,4099.0,4092.0,4097.0,5505.0,225457850.0,365949.0
2023-01-09 14:55:00,4097.0,4098.0,4090.0,4092.0,6168.0,252397470.0,366092.0
2023-01-09 21:00:00,4098.0,4128.0,4092.0,4118.0,33958.0,1396173440.0,362536.0
2023-01-09 21:05:00,4117.0,4121.0,4108.0,4118.0,10137.0,417215150.0,362425.0
2023-01-09 21:10:00,4118.0,4130.0,4118.0,4130.0,11065.0,456532190.0,360863.0
2023-01-09 21:15:00,4130.0,4143.0,4130.0,4140.0,17874.0,739639620.0,358335.0
2023-01-09 21:20:00,4139.0,4145.0,4133.0,4139.0,10362.0,429013600.0,357149.0
2023-01-09 21:25:00,4138.0,4145.0,4135.0,4140.0,6195.0,256462450.0,356735.0
2023-01-09 21:30:00,4140.0,4145.0,4136.0,4139.0,5304.0,219645600.0,355889.0
2023-01-09 21:35:00,4139.0,4140.0,4133.0,4135.0,4345.0,179721840.0,355509.0
2023-01-09 21:40:00,4135.0,4141.0,4131.0,4135.0,4667.0,193021490.0,354905.0
2023-01-09 21:45:00,4136.0,4141.0,4134.0,4140.0,2998.0,124051010.0,355082.0
2023-01-09 21:50:00,4139.0,4143.0,4139.0,4139.0,3164.0,131011750.0,354803.0
2023-01-09 21:55:00,4139.0,4142.0,4132.0,4140.0,4480.0,185384840.0,354162.0
2023-01-09 22:00:00,4140.0,4154.0,4139.0,4154.0,11326.0,469798190.0,353953.0
2023-01-09 22:05:00,4155.0,4169.0,4154.0,4168.0,19193.0,798731910.0,352189.0
2023-01-09 22:10:00,4167.0,4172.0,4160.0,4171.0,10675.0,444876080.0,352011.0
2023-01-09 22:15:00,4171.0,4176.0,4166.0,4167.0,12673.0,528696290.0,351860.0
2023-01-09 22:20:00,4166.0,4170.0,4161.0,4163.0,7454.0,310425030.0,349907.0
2023-01-09 22:25:00,4163.0,4171.0,4161.0,4170.0,4245.0,176857890.0,349874.0
2023-01-09 22:30:00,4171.0,4173.0,4163.0,4165.0,5075.0,211541700.0,349580.0
2023-01-09 22:35:00,4164.0,4167.0,4161.0,4165.0,2535.0,105563350.0,348931.0
2023-01-09 22:40:00,4165.0,4170.0,4164.0,4169.0,2668.0,111194290.0,348943.0
2023-01-09 22:45:00,4169.0,4172.0,4167.0,4169.0,3103.0,129371840.0,348524.0
2023-01-09 22:50:00,4169.0,4171.0,4165.0,4166.0,2960.0,123372290.0,347866.0
2023-01-09 22:55:00,4167.0,4172.0,4167.0,4170.0,4138.0,172537810.0,345923.0
2023-01-10 09:00:00,4158.0,4166.0,4150.0,4151.0,15339.0,637780570.0,343291.0
2023-01-10 09:05:00,4152.0,4163.0,4151.0,4158.0,6995.0,290803670.0,343304.0
2023-01-10 09:10:00,4158.0,4170.0,4158.0,4167.0,4171.0,173714650.0,343748.0
2023-01-10 09:15:00,4168.0,4170.0,4162.0,4164.0,2719.0,113267690.0,343298.0
2023-01-10 09:20:00,4164.0,4166.0,4157.0,4161.0,3136.0,130479560.0,343304.0
2023-01-10 09:25:00,4161.0,4162.0,4156.0,4161.0,2783.0,115729340.0,342836.0
2023-01-10 09:30:00,4161.0,4168.0,4158.0,4159.0,4587.0,190971540.0,342533.0
2023-01-10 09:35:00,4158.0,4159.0,4153.0,4153.0,3002.0,124754490.0,342057.0
2023-01-10 09:40:00,4155.0,4159.0,4148.0,4159.0,4553.0,189076350.0,342215.0
2023-01-10 09:45:00,4158.0,4164.0,4158.0,4162.0,3702.0,154054010.0,342180.0
2023-01-10 09:50:00,4162.0,4169.0,4159.0,4169.0,3021.0,125806650.0,342286.0
2023-01-10 09:55:00,4168.0,4172.0,4163.0,4171.0,3806.0,158651110.0,342734.0
2023-01-10 10:00:00,4170.0,4180.0,4170.0,4179.0,8259.0,344888040.0,343116.0
2023-01-10 10:05:00,4179.0,4182.0,4172.0,4174.0,7368.0,307843640.0,344006.0
2023-01-10 10:10:00,4175.0,4178.0,4169.0,4175.0,3876.0,161766230.0,344263.0
2023-01-10 10:30:00,4174.0,4174.0,4165.0,4170.0,5123.0,213629510.0,344072.0
2023-01-10 10:35:00,4170.0,4174.0,4167.0,4171.0,1957.0,81627820.0,344291.0
2023-01-10 10:40:00,4170.0,4171.0,4165.0,4166.0,1890.0,78786140.0,344126.0
2023-01-10 10:45:00,4167.0,4168.0,4161.0,4166.0,3051.0,127052080.0,343522.0
2023-01-10 10:50:00,4166.0,4173.0,4165.0,4170.0,2304.0,96054380.0,343474.0
2023-01-10 10:55:00,4171.0,4177.0,4168.0,4175.0,2313.0,96520780.0,343851.0
2023-01-10 11:00:00,4175.0,4180.0,4173.0,4178.0,3894.0,162673150.0,344416.0
2023-01-10 11:05:00,4178.0,4188.0,4178.0,4186.0,7131.0,298263790.0,344650.0
2023-01-10 11:10:00,4185.0,4190.0,4185.0,4190.0,5444.0,227994810.0,345454.0
2023-01-10 11:15:00,4189.0,4191.0,4184.0,4187.0,5346.0,223880160.0,346410.0
2023-01-10 11:20:00,4188.0,4196.0,4187.0,4194.0,5701.0,239063850.0,346752.0
2023-01-10 11:25:00,4194.0,4196.0,4190.0,4193.0,3915.0,164173410.0,346327.0
2023-01-10 13:30:00,4194.0,4200.0,4191.0,4200.0,8783.0,368559760.0,346959.0
2023-01-10 13:35:00,4200.0,4210.0,4197.0,4199.0,10918.0,458910770.0,348865.0
2023-01-10 13:40:00,4199.0,4203.0,4195.0,4199.0,3983.0,167265350.0,349147.0
2023-01-10 13:45:00,4200.0,4200.0,4188.0,4190.0,5304.0,222421410.0,347864.0
2023-01-10 13:50:00,4190.0,4191.0,4182.0,4182.0,6932.0,290116030.0,346818.0
2023-01-10 13:55:00,4183.0,4185.0,4175.0,4179.0,6067.0,253543470.0,345279.0
2023-01-10 14:00:00,4179.0,4193.0,4178.0,4192.0,5957.0,249355700.0,345626.0
2023-01-10 14:05:00,4191.0,4196.0,4187.0,4195.0,2948.0,123590790.0,345552.0
2023-01-10 14:10:00,4195.0,4197.0,4189.0,4192.0,3139.0,131617480.0,345439.0
2023-01-10 14:15:00,4192.0,4200.0,4192.0,4199.0,3553.0,149099530.0,345251.0
2023-01-10 14:20:00,4199.0,4203.0,4195.0,4198.0,4483.0,188263000.0,345318.0
2023-01-10 14:25:00,4199.0,4206.0,4198.0,4204.0,4186.0,175891990.0,346411.0
2023-01-10 14:30:00,4204.0,4207.0,4201.0,4203.0,4537.0,190754010.0,346568.0
2023-01-10 14:35:00,4204.0,4204.0,4197.0,4202.0,3023.0,126984730.0,346576.0
2023-01-10 14:40:00,4202.0,4205.0,4200.0,4204.0,2171.0,91254920.0,346713.0
2023-01-10 14:45:00,4204.0,4204.0,4196.0,4196.0,3533.0,148381950.0,346956.0
2023-01-10 14:50:00,4196.0,4199.0,4191.0,4199.0,4097.0,171866630.0,346291.0
2023-01-10 14:55:00,4198.0,4199.0,4190.0,4193.0,7552.0,316731510.0,343900.0
2023-01-10 21:00:00,4211.0,4218.0,4202.0,4211.0,25726.0,1083229820.0,344811.0
2023-01-10 21:05:00,4212.0,4221.0,4205.0,4207.0,11291.0,475741790.0,345750.0
2023-01-10 21:10:00,4208.0,4217.0,4207.0,4214.0,5127.0,215959750.0,346125.0
2023-01-10 21:15:00,4215.0,4225.0,4215.0,4220.0,11925.0,503186860.0,347152.0
2023-01-10 21:20:00,4220.0,4222.0,4212.0,4215.0,4974.0,209765200.0,347171.0
2023-01-10 21:25:00,4215.0,4220.0,4212.0,4218.0,3424.0,144339880.0,347066.0
2023-01-10 21:30:00,4218.0,4220.0,4213.0,4216.0,3347.0,141155430.0,346990.0
2023-01-10 21:35:00,4217.0,4217.0,4201.0,4205.0,5978.0,251522350.0,346139.0
2023-01-10 21:40:00,4206.0,4217.0,4206.0,4216.0,3359.0,141479700.0,346150.0
2023-01-10 21:45:00,4217.0,4222.0,4214.0,4217.0,3424.0,144433480.0,346760.0
2023-01-10 21:50:00,4218.0,4219.0,4211.0,4216.0,2400.0,101158000.0,346511.0
2023-01-10 21:55:00,4216.0,4218.0,4214.0,4218.0,1350.0,56922990.0,346558.0
2023-01-10 22:00:00,4217.0,4223.0,4216.0,4222.0,4579.0,193204910.0,347193.0
2023-01-10 22:05:00,4223.0,4238.0,4221.0,4237.0,13582.0,574544880.0,350593.0
2023-01-10 22:10:00,4237.0,4237.0,4229.0,4236.0,7649.0,323829430.0,351847.0
2023-01-10 22:15:00,4235.0,4240.0,4234.0,4239.0,6145.0,260426690.0,353001.0
2023-01-10 22:20:00,4239.0,4245.0,4233.0,4238.0,7607.0,322440540.0,353276.0
2023-01-10 22:25:00,4239.0,4243.0,4238.0,4241.0,2566.0,108803790.0,353661.0
2023-01-10 22:30:00,4242.0,4245.0,4237.0,4240.0,5156.0,218709750.0,354616.0
2023-01-10 22:35:00,4240.0,4247.0,4240.0,4243.0,5268.0,223616150.0,355739.0
2023-01-10 22:40:00,4243.0,4249.0,4242.0,4247.0,4040.0,171533520.0,356556.0
2023-01-10 22:45:00,4247.0,4248.0,4241.0,4244.0,4177.0,177261860.0,355623.0
2023-01-10 22:50:00,4245.0,4246.0,4241.0,4244.0,3225.0,136845850.0,354941.0
2023-01-10 22:55:00,4244.0,4250.0,4243.0,4248.0,5092.0,216210210.0,353624.0
2023-01-11 09:00:00,4244.0,4250.0,4236.0,4250.0,8946.0,379634370.0,353872.0
2023-01-11 09:05:00,4249.0,4258.0,4247.0,4254.0,7939.0,337648390.0,355534.0
2023-01-11 09:10:00,4254.0,4255.0,4247.0,4253.0,4011.0,170493870.0,355530.0
2023-01-11 09:15:00,4252.0,4255.0,4245.0,4254.0,4642.0,197241760.0,354724.0
2023-01-11 09:20:00,4254.0,4255.0,4248.0,4249.0,2556.0,108661420.0,354444.0
2023-01-11 09:25:00,4250.0,4251.0,4245.0,4246.0,2785.0,118313100.0,354010.0
2023-01-11 09:30:00,4246.0,4250.0,4239.0,4244.0,5218.0,221464640.0,352506.0
2023-01-11 09:35:00,4245.0,4245.0,4239.0,4242.0,3529.0,149665100.0,351732.0
2023-01-11 09:40:00,4241.0,4252.0,4241.0,4251.0,2996.0,127249940.0,352523.0
2023-01-11 09:45:00,4252.0,4252.0,4245.0,4249.0,1683.0,71498670.0,352636.0
2023-01-11 09:50:00,4249.0,4255.0,4249.0,4254.0,2240.0,95250370.0,352966.0
2023-01-11 09:55:00,4254.0,4258.0,4247.0,4258.0,3473.0,147733810.0,353468.0
2023-01-11 10:00:00,4258.0,4258.0,4249.0,4249.0,3270.0,139079880.0,353428.0
2023-01-11 10:05:00,4250.0,4256.0,4249.0,4252.0,1497.0,63661850.0,353665.0
2023-01-11 10:10:00,4253.0,4256.0,4252.0,4256.0,1428.0,60754550.0,353692.0
2023-01-11 10:30:00,4255.0,4264.0,4255.0,4262.0,7267.0,309565370.0,354499.0
2023-01-11 10:35:00,4262.0,4262.0,4256.0,4259.0,2552.0,108690110.0,354248.0
2023-01-11 10:40:00,4259.0,4260.0,4254.0,4255.0,2187.0,93108860.0,354195.0
2023-01-11 10:45:00,4254.0,4259.0,4252.0,4259.0,2412.0,102625380.0,354054.0
2023-01-11 10:50:00,4259.0,4264.0,4258.0,4264.0,2830.0,120601620.0,354436.0
2023-01-11 10:55:00,4264.0,4267.0,4262.0,4266.0,4658.0,198673000.0,354788.0
2023-01-11 11:00:00,4265.0,4272.0,4262.0,4271.0,6096.0,260229550.0,355967.0
2023-01-11 11:05:00,4271.0,4281.0,4270.0,4281.0,9725.0,415913600.0,357501.0
2023-01-11 11:10:00,4281.0,4282.0,4276.0,4278.0,4815.0,206010510.0,358111.0
2023-01-11 11:15:00,4277.0,4280.0,4275.0,4277.0,3441.0,147173590.0,358178.0
2023-01-11 11:20:00,4278.0,4285.0,4278.0,4284.0,4150.0,177713510.0,358768.0
2023-01-11 11:25:00,4285.0,4287.0,4281.0,4287.0,3446.0,147639540.0,358584.0
2023-01-11 13:30:00,4286.0,4289.0,4275.0,4278.0,7553.0,323515010.0,358830.0
2023-01-11 13:35:00,4278.0,4286.0,4273.0,4286.0,6087.0,260486330.0,358345.0
2023-01-11 13:40:00,4285.0,4291.0,4283.0,4290.0,4858.0,208262940.0,359107.0
2023-01-11 13:45:00,4290.0,4290.0,4284.0,4286.0,3425.0,146841140.0,359786.0
2023-01-11 13:50:00,4285.0,4289.0,4283.0,4287.0,2343.0,100438080.0,360219.0
2023-01-11 13:55:00,4287.0,4290.0,4282.0,4290.0,3340.0,143170010.0,361168.0
2023-01-11 14:00:00,4290.0,4291.0,4285.0,4289.0,3466.0,148607510.0,361798.0
2023-01-11 14:05:00,4290.0,4294.0,4285.0,4287.0,4582.0,196575960.0,362354.0
2023-01-11 14:10:00,4286.0,4288.0,4282.0,4283.0,3093.0,132500020.0,362533.0
2023-01-11 14:15:00,4285.0,4285.0,4268.0,4268.0,7307.0,312568880.0,361338.0
2023-01-11 14:20:00,4268.0,4280.0,4268.0,4275.0,7177.0,306782740.0,361442.0
2023-01-11 14:25:00,4275.0,4278.0,4272.0,4278.0,2547.0,108877330.0,361306.0
2023-01-11 14:30:00,4278.0,4284.0,4275.0,4279.0,4720.0,201990880.0,361161.0
2023-01-11 14:35:00,4280.0,4284.0,4278.0,4283.0,1488.0,63704110.0,360993.0
2023-01-11 14:40:00,4283.0,4283.0,4277.0,4279.0,5288.0,226331420.0,361308.0
2023-01-11 14:45:00,4279.0,4295.0,4279.0,4294.0,7978.0,342214770.0,361199.0
2023-01-11 14:50:00,4294.0,4296.0,4285.0,4285.0,5674.0,243485070.0,360759.0
2023-01-11 14:55:00,4285.0,4289.0,4276.0,4280.0,8403.0,359758320.0,358746.0
2023-01-11 21:00:00,4280.0,4289.0,4275.0,4276.0,17304.0,741028800.0,359373.0
2023-01-11 21:05:00,4276.0,4277.0,4268.0,4272.0,10455.0,446581120.0,359885.0
2023-01-11 21:10:00,4273.0,4274.0,4268.0,4274.0,7359.0,314271110.0,360848.0
2023-01-11 21:15:00,4274.0,4285.0,4271.0,4278.0,6501.0,278203510.0,360905.0
2023-01-11 21:20:00,4279.0,4279.0,4268.0,4273.0,4599.0,196506850.0,361055.0
2023-01-11 21:25:00,4274.0,4278.0,4269.0,4272.0,2598.0,111038580.0,361369.0
2023-01-11 21:30:00,4272.0,4277.0,4266.0,4269.0,5456.0,233027060.0,361006.0
2023-01-11 21:35:00,4269.0,4272.0,4264.0,4269.0,6588.0,281167600.0,361081.0
2023-01-11 21:40:00,4270.0,4271.0,4262.0,4268.0,5038.0,214922260.0,360796.0
2023-01-11 21:45:00,4268.0,4269.0,4263.0,4266.0,2945.0,125636740.0,360823.0
2023-01-11 21:50:00,4266.0,4271.0,4263.0,4265.0,3108.0,132624760.0,360890.0
2023-01-11 21:55:00,4265.0,4274.0,4265.0,4269.0,3856.0,164651420.0,360606.0
2023-01-11 22:00:00,4269.0,4285.0,4267.0,4282.0,6766.0,289418620.0,360654.0
2023-01-11 22:05:00,4282.0,4282.0,4275.0,4278.0,3712.0,158804800.0,360860.0
2023-01-11 22:10:00,4277.0,4278.0,4274.0,4275.0,1555.0,66494120.0,360921.0
2023-01-11 22:15:00,4275.0,4280.0,4274.0,4274.0,1645.0,70362270.0,360771.0
2023-01-11 22:20:00,4274.0,4280.0,4274.0,4275.0,2192.0,93766370.0,360724.0
2023-01-11 22:25:00,4275.0,4284.0,4275.0,4279.0,2343.0,100296800.0,360651.0
2023-01-11 22:30:00,4280.0,4282.0,4267.0,4269.0,4173.0,178349260.0,359659.0
2023-01-11 22:35:00,4270.0,4274.0,4267.0,4269.0,4233.0,180773590.0,359602.0
2023-01-11 22:40:00,4269.0,4275.0,4267.0,4272.0,2952.0,126091430.0,359738.0
2023-01-11 22:45:00,4273.0,4279.0,4271.0,4273.0,2442.0,104426310.0,359372.0
2023-01-11 22:50:00,4273.0,4276.0,4270.0,4274.0,1576.0,67352200.0,359172.0
2023-01-11 22:55:00,4275.0,4279.0,4273.0,4275.0,4282.0,183137400.0,358466.0
2023-01-12 09:00:00,4283.0,4284.0,4269.0,4277.0,6615.0,282853190.0,358257.0
2023-01-12 09:05:00,4277.0,4283.0,4270.0,4282.0,3858.0,165012830.0,358896.0
2023-01-12 09:10:00,4283.0,4285.0,4277.0,4278.0,3307.0,141591790.0,359776.0
2023-01-12 09:15:00,4277.0,4287.0,4276.0,4286.0,3392.0,145255660.0,360324.0
2023-01-12 09:20:00,4287.0,4288.0,4284.0,4285.0,2694.0,115466020.0,360317.0
2023-01-12 09:25:00,4285.0,4286.0,4277.0,4280.0,2576.0,110295390.0,360295.0
2023-01-12 09:30:00,4280.0,4289.0,4280.0,4287.0,2974.0,127442220.0,360570.0
2023-01-12 09:35:00,4287.0,4308.0,4285.0,4293.0,13233.0,568696910.0,361435.0
2023-01-12 09:40:00,4292.0,4297.0,4287.0,4290.0,3887.0,166825250.0,361921.0
2023-01-12 09:45:00,4289.0,4300.0,4287.0,4299.0,2774.0,119110490.0,362226.0
2023-01-12 09:50:00,4298.0,4302.0,4292.0,4295.0,3330.0,143097870.0,362602.0
2023-01-12 09:55:00,4296.0,4297.0,4289.0,4296.0,3108.0,133403490.0,362991.0
2023-01-12 10:00:00,4295.0,4298.0,4283.0,4283.0,3885.0,166648040.0,362960.0
2023-01-12 10:05:00,4283.0,4284.0,4277.0,4279.0,5602.0,239795350.0,362124.0
2023-01-12 10:10:00,4280.0,4283.0,4272.0,4275.0,4184.0,178947450.0,361677.0
2023-01-12 10:30:00,4274.0,4283.0,4270.0,4282.0,4931.0,210894980.0,361754.0
2023-01-12 10:35:00,4282.0,4285.0,4279.0,4281.0,2047.0,87650130.0,361788.0
2023-01-12 10:40:00,4280.0,4283.0,4277.0,4278.0,2043.0,87436950.0,361802.0
2023-01-12 10:45:00,4279.0,4281.0,4272.0,4273.0,5486.0,234537980.0,361688.0
2023-01-12 10:50:00,4273.0,4276.0,4266.0,4270.0,3738.0,159641690.0,361932.0
2023-01-12 10:55:00,4269.0,4271.0,4265.0,4268.0,3830.0,163460270.0,362034.0
2023-01-12 11:00:00,4268.0,4276.0,4267.0,4275.0,3941.0,168335220.0,362016.0
2023-01-12 11:05:00,4276.0,4286.0,4275.0,4281.0,4001.0,171275980.0,361800.0
2023-01-12 11:10:00,4282.0,4284.0,4278.0,4280.0,1979.0,84719400.0,361585.0
2023-01-12 11:15:00,4279.0,4280.0,4270.0,4270.0,2333.0,99724360.0,361434.0
2023-01-12 11:20:00,4271.0,4274.0,4270.0,4273.0,1525.0,65147480.0,361593.0
2023-01-12 11:25:00,4273.0,4279.0,4272.0,4277.0,1537.0,65729150.0,361580.0
2023-01-12 13:30:00,4278.0,4285.0,4278.0,4282.0,3010.0,128883400.0,361487.0
2023-01-12 13:35:00,4283.0,4289.0,4282.0,4288.0,3570.0,152999770.0,362101.0
2023-01-12 13:40:00,4287.0,4292.0,4284.0,4291.0,3356.0,143914830.0,362259.0
2023-01-12 13:45:00,4290.0,4303.0,4288.0,4297.0,7871.0,338195840.0,365106.0
2023-01-12 13:50:00,4298.0,4299.0,4290.0,4293.0,6487.0,278500800.0,365134.0
2023-01-12 13:55:00,4293.0,4299.0,4291.0,4291.0,4272.0,183439470.0,365448.0
2023-01-12 14:00:00,4291.0,4294.0,4290.0,4293.0,1283.0,55063160.0,365566.0
2023-01-12 14:05:00,4293.0,4297.0,4286.0,4293.0,2463.0,105710510.0,365393.0
2023-01-12 14:10:00,4294.0,4300.0,4294.0,4298.0,2555.0,109800230.0,365472.0
2023-01-12 14:15:00,4299.0,4316.0,4298.0,4311.0,13218.0,569482320.0,369871.0
2023-01-12 14:20:00,4310.0,4311.0,4302.0,4303.0,4822.0,207676880.0,370660.0
2023-01-12 14:25:00,4304.0,4314.0,4304.0,4311.0,4338.0,186932840.0,372091.0
2023-01-12 14:30:00,4311.0,4315.0,4309.0,4312.0,3843.0,165719010.0,372645.0
2023-01-12 14:35:00,4312.0,4315.0,4308.0,4311.0,2605.0,112310890.0,373233.0
2023-01-12 14:40:00,4311.0,4316.0,4308.0,4316.0,3364.0,145059780.0,373449.0
2023-01-12 14:45:00,4316.0,4318.0,4308.0,4309.0,4663.0,201130610.0,373782.0
2023-01-12 14:50:00,4308.0,4321.0,4308.0,4317.0,7008.0,302528520.0,375331.0
2023-01-12 14:55:00,4316.0,4317.0,4309.0,4313.0,6123.0,264055370.0,374168.0
2023-01-12 21:00:00,4296.0,4326.0,4296.0,4322.0,19445.0,839064800.0,372775.0
2023-01-12 21:05:00,4321.0,4332.0,4319.0,4324.0,11170.0,483168090.0,373777.0
2023-01-12 21:10:00,4324.0,4324.0,4313.0,4321.0,6937.0,299539940.0,372973.0
2023-01-12 21:15:00,4321.0,4329.0,4320.0,4327.0,4631.0,200276730.0,373176.0
2023-01-12 21:20:00,4327.0,4330.0,4321.0,4327.0,4768.0,206264680.0,373393.0
2023-01-12 21:25:00,4328.0,4333.0,4325.0,4331.0,4099.0,177487290.0,374147.0
2023-01-12 21:30:00,4330.0,4343.0,4325.0,4343.0,9913.0,429680400.0,374168.0
2023-01-12 21:35:00,4343.0,4348.0,4334.0,4335.0,9494.0,412266580.0,373426.0
2023-01-12 21:40:00,4334.0,4344.0,4334.0,4341.0,3738.0,162259930.0,374161.0
2023-01-12 21:45:00,4341.0,4345.0,4338.0,4344.0,3238.0,140577550.0,373376.0
2023-01-12 21:50:00,4344.0,4348.0,4342.0,4345.0,2606.0,113216900.0,373066.0
2023-01-12 21:55:00,4344.0,4346.0,4340.0,4344.0,2420.0,105090570.0,372843.0
2023-01-12 22:00:00,4343.0,4347.0,4340.0,4343.0,3057.0,132791970.0,373243.0
2023-01-12 22:05:00,4343.0,4344.0,4333.0,4334.0,2708.0,117481970.0,372819.0
2023-01-12 22:10:00,4333.0,4341.0,4333.0,4338.0,2430.0,105402700.0,372806.0
2023-01-12 22:15:00,4338.0,4343.0,4337.0,4340.0,1562.0,67785570.0,372899.0
2023-01-12 22:20:00,4340.0,4342.0,4331.0,4331.0,2666.0,115590550.0,372447.0
2023-01-12 22:25:00,4331.0,4334.0,4326.0,4332.0,3360.0,145517370.0,372027.0
2023-01-12 22:30:00,4332.0,4337.0,4332.0,4335.0,1824.0,79070140.0,371798.0
2023-01-12 22:35:00,4334.0,4335.0,4330.0,4332.0,1844.0,79880860.0,371599.0
2023-01-12 22:40:00,4331.0,4332.0,4311.0,4317.0,8178.0,353164410.0,368862.0
2023-01-12 22:45:00,4317.0,4325.0,4317.0,4322.0,2749.0,118800720.0,368652.0
2023-01-12 22:50:00,4322.0,4324.0,4315.0,4316.0,2102.0,90804440.0,368204.0
2023-01-12 22:55:00,4316.0,4323.0,4315.0,4322.0,2885.0,124614620.0,367188.0
2023-01-13 09:00:00,4322.0,4343.0,4322.0,4340.0,7300.0,316490270.0,368362.0
2023-01-13 09:05:00,4340.0,4340.0,4331.0,4334.0,2992.0,129709800.0,368787.0
2023-01-13 09:10:00,4334.0,4338.0,4332.0,4338.0,2822.0,122336300.0,369050.0
2023-01-13 09:15:00,4337.0,4338.0,4332.0,4337.0,2198.0,95280390.0,368958.0
2023-01-13 09:20:00,4336.0,4341.0,4333.0,4340.0,2045.0,88696800.0,369139.0
2023-01-13 09:25:00,4341.0,4345.0,4338.0,4344.0,3407.0,147952660.0,369749.0
2023-01-13 09:30:00,4346.0,4356.0,4339.0,4340.0,8834.0,384149150.0,370225.0
2023-01-13 09:35:00,4340.0,4346.0,4338.0,4346.0,2225.0,96597070.0,370856.0
2023-01-13 09:40:00,4346.0,4348.0,4344.0,4347.0,1499.0,65149320.0,370956.0
2023-01-13 09:45:00,4347.0,4357.0,4347.0,4352.0,4110.0,178921690.0,370798.0
2023-01-13 09:50:00,4353.0,4358.0,4350.0,4355.0,3073.0,133808190.0,371139.0
2023-01-13 09:55:00,4355.0,4357.0,4350.0,4356.0,2566.0,111695070.0,371515.0
2023-01-13 10:00:00,4356.0,4356.0,4344.0,4348.0,3585.0,155920590.0,370998.0
2023-01-13 10:05:00,4348.0,4348.0,4330.0,4337.0,9294.0,403071420.0,368638.0
2023-01-13 10:10:00,4335.0,4341.0,4332.0,4339.0,3920.0,169961260.0,367897.0
2023-01-13 10:30:00,4339.0,4354.0,4338.0,4354.0,4265.0,185349750.0,368046.0
2023-01-13 10:35:00,4355.0,4364.0,4349.0,4359.0,9869.0,430046070.0,369086.0
2023-01-13 10:40:00,4359.0,4361.0,4351.0,4355.0,7145.0,311330310.0,369618.0
2023-01-13 10:45:00,4355.0,4359.0,4353.0,4356.0,5526.0,240712870.0,369779.0
2023-01-13 10:50:00,4355.0,4363.0,4354.0,4360.0,3850.0,167804600.0,370103.0
2023-01-13 10:55:00,4362.0,4370.0,4360.0,4370.0,4821.0,210489270.0,371928.0
2023-01-13 11:00:00,4371.0,4374.0,4363.0,4366.0,4139.0,180816150.0,372254.0
2023-01-13 11:05:00,4367.0,4371.0,4363.0,4369.0,3146.0,137406540.0,371986.0
2023-01-13 11:10:00,4368.0,4374.0,4365.0,4372.0,3961.0,173082100.0,372495.0
2023-01-13 11:15:00,4373.0,4373.0,4367.0,4368.0,2446.0,106893980.0,372574.0
2023-01-13 11:20:00,4368.0,4368.0,4361.0,4363.0,2408.0,105084190.0,372086.0
2023-01-13 11:25:00,4363.0,4365.0,4353.0,4365.0,3736.0,162883070.0,371981.0
2023-01-13 13:30:00,4363.0,4366.0,4354.0,4362.0,6217.0,271119310.0,372009.0
2023-01-13 13:35:00,4363.0,4364.0,4357.0,4358.0,1937.0,84458270.0,372127.0
2023-01-13 13:40:00,4359.0,4364.0,4358.0,4362.0,1546.0,67427060.0,372385.0
2023-01-13 13:45:00,4361.0,4367.0,4360.0,4364.0,2215.0,96651810.0,372576.0
2023-01-13 13:50:00,4365.0,4370.0,4364.0,4369.0,2164.0,94511140.0,372636.0
2023-01-13 13:55:00,4370.0,4373.0,4365.0,4366.0,2990.0,130633900.0,373021.0
2023-01-13 14:00:00,4366.0,4368.0,4363.0,4366.0,1906.0,83196750.0,373304.0
2023-01-13 14:05:00,4365.0,4371.0,4365.0,4369.0,1545.0,67490910.0,373546.0
2023-01-13 14:10:00,4369.0,4372.0,4367.0,4372.0,1890.0,82580980.0,373953.0
2023-01-13 14:15:00,4372.0,4378.0,4368.0,4375.0,4747.0,207640210.0,374932.0
2023-01-13 14:20:00,4375.0,4376.0,4369.0,4372.0,3881.0,169702230.0,375300.0
2023-01-13 14:25:00,4372.0,4375.0,4370.0,4374.0,1438.0,62874570.0,375766.0
2023-01-13 14:30:00,4374.0,4375.0,4368.0,4368.0,1747.0,76367630.0,375514.0
2023-01-13 14:35:00,4368.0,4375.0,4367.0,4375.0,1824.0,79725430.0,375325.0
2023-01-13 14:40:00,4375.0,4375.0,4365.0,4367.0,1824.0,79691000.0,375081.0
2023-01-13 14:45:00,4367.0,4368.0,4362.0,4367.0,2426.0,105882640.0,374778.0
2023-01-13 14:50:00,4368.0,4381.0,4365.0,4374.0,7568.0,331017940.0,374606.0
2023-01-13 14:55:00,4373.0,4375.0,4367.0,4368.0,6087.0,266028890.0,373022.0
2023-01-13 21:00:00,4363.0,4367.0,4338.0,4347.0,23835.0,1037042550.0,372724.0
2023-01-13 21:05:00,4347.0,4365.0,4343.0,4365.0,8816.0,383836740.0,373220.0
2023-01-13 21:10:00,4365.0,4374.0,4364.0,4365.0,9010.0,393725700.0,374055.0
2023-01-13 21:15:00,4365.0,4368.0,4361.0,4365.0,4360.0,190276240.0,373761.0
2023-01-13 21:20:00,4366.0,4370.0,4364.0,4367.0,2556.0,111624140.0,374026.0
2023-01-13 21:25:00,4367.0,4374.0,4365.0,4367.0,3994.0,174541580.0,374799.0
2023-01-13 21:30:00,4369.0,4370.0,4363.0,4367.0,3708.0,161897130.0,375122.0
2023-01-13 21:35:00,4367.0,4376.0,4366.0,4373.0,3556.0,155457190.0,375759.0
2023-01-13 21:40:00,4374.0,4377.0,4372.0,4374.0,2505.0,109582870.0,376401.0
2023-01-13 21:45:00,4374.0,4374.0,4369.0,4370.0,1927.0,84240930.0,376134.0
2023-01-13 21:50:00,4371.0,4380.0,4370.0,4379.0,1939.0,84840980.0,376281.0
2023-01-13 21:55:00,4378.0,4383.0,4375.0,4381.0,4062.0,177901080.0,377168.0
2023-01-13 22:00:00,4381.0,4382.0,4376.0,4377.0,3013.0,131949190.0,377643.0
2023-01-13 22:05:00,4376.0,4380.0,4374.0,4379.0,4102.0,179512220.0,377552.0
2023-01-13 22:10:00,4379.0,4382.0,4377.0,4378.0,3617.0,158433760.0,377879.0
2023-01-13 22:15:00,4379.0,4379.0,4376.0,4378.0,1042.0,45612920.0,377949.0
2023-01-13 22:20:00,4377.0,4383.0,4377.0,4381.0,2512.0,110029080.0,377775.0
2023-01-13 22:25:00,4380.0,4381.0,4376.0,4378.0,1343.0,58802980.0,377576.0
2023-01-13 22:30:00,4377.0,4378.0,4370.0,4374.0,3118.0,136340800.0,377190.0
2023-01-13 22:35:00,4373.0,4375.0,4371.0,4372.0,1320.0,57722680.0,377051.0
2023-01-13 22:40:00,4371.0,4378.0,4370.0,4378.0,1310.0,57299030.0,376865.0
2023-01-13 22:45:00,4378.0,4380.0,4375.0,4375.0,4217.0,184618500.0,376743.0
2023-01-13 22:50:00,4375.0,4376.0,4370.0,4374.0,3365.0,147171100.0,376338.0
2023-01-13 22:55:00,4374.0,4376.0,4369.0,4374.0,3146.0,137588500.0,374465.0
2023-01-16 09:00:00,4374.0,4379.0,4348.0,4354.0,13958.0,608359910.0,372838.0
2023-01-16 09:05:00,4355.0,4368.0,4354.0,4362.0,7419.0,323602930.0,373706.0
2023-01-16 09:10:00,4362.0,4368.0,4358.0,4360.0,4023.0,175518120.0,373609.0
2023-01-16 09:15:00,4360.0,4364.0,4352.0,4352.0,3669.0,159928680.0,373415.0
2023-01-16 09:20:00,4351.0,4360.0,4350.0,4358.0,3391.0,147647500.0,373394.0
2023-01-16 09:25:00,4358.0,4361.0,4353.0,4356.0,2580.0,112404430.0,373451.0
2023-01-16 09:30:00,4357.0,4363.0,4354.0,4361.0,2619.0,114163520.0,373401.0
2023-01-16 09:35:00,4362.0,4362.0,4354.0,4358.0,1845.0,80388490.0,373165.0
2023-01-16 09:40:00,4357.0,4362.0,4355.0,4361.0,1142.0,49771540.0,373371.0
2023-01-16 09:45:00,4361.0,4361.0,4352.0,4353.0,2083.0,90735210.0,373660.0
2023-01-16 09:50:00,4353.0,4354.0,4336.0,4340.0,7619.0,330946640.0,371467.0
2023-01-16 09:55:00,4340.0,4343.0,4315.0,4339.0,18758.0,811809180.0,367459.0
2023-01-16 10:00:00,4338.0,4347.0,4337.0,4340.0,7295.0,316738760.0,367215.0
2023-01-16 10:05:00,4341.0,4358.0,4341.0,4357.0,5981.0,260162280.0,368467.0
2023-01-16 10:10:00,4358.0,4358.0,4348.0,4352.0,3764.0,163848550.0,368530.0
2023-01-16 10:30:00,4352.0,4358.0,4348.0,4358.0,2859.0,124461880.0,368813.0
2023-01-16 10:35:00,4357.0,4374.0,4357.0,4367.0,9503.0,414991430.0,369887.0
2023-01-16 10:40:00,4367.0,4372.0,4363.0,4369.0,2575.0,112442810.0,370200.0
2023-01-16 10:45:00,4369.0,4369.0,4355.0,4357.0,3590.0,156536910.0,370045.0
2023-01-16 10:50:00,4356.0,4358.0,4352.0,4355.0,3038.0,132295110.0,369944.0
2023-01-16 10:55:00,4355.0,4356.0,4350.0,4354.0,2880.0,125348410.0,369628.0
2023-01-16 11:00:00,4354.0,4357.0,4347.0,4352.0,2777.0,120819850.0,369751.0
2023-01-16 11:05:00,4351.0,4351.0,4344.0,4346.0,2177.0,94653310.0,369734.0
2023-01-16 11:10:00,4346.0,4355.0,4346.0,4353.0,2117.0,92109360.0,369927.0
2023-01-16 11:15:00,4353.0,4357.0,4351.0,4355.0,1556.0,67754490.0,369821.0
2023-01-16 11:20:00,4355.0,4362.0,4354.0,4358.0,2618.0,114108820.0,370080.0
2023-01-16 11:25:00,4359.0,4359.0,4351.0,4353.0,1679.0,73121600.0,369689.0
2023-01-16 13:30:00,4353.0,4353.0,4343.0,4350.0,4388.0,190766230.0,369490.0
2023-01-16 13:35:00,4350.0,4351.0,4345.0,4348.0,2495.0,108489650.0,369401.0
2023-01-16 13:40:00,4348.0,4353.0,4342.0,4344.0,2275.0,98882750.0,369364.0
2023-01-16 13:45:00,4344.0,4352.0,4343.0,4347.0,1793.0,77964000.0,369420.0
2023-01-16 13:50:00,4346.0,4347.0,4335.0,4338.0,4160.0,180505030.0,369618.0
2023-01-16 13:55:00,4338.0,4345.0,4337.0,4340.0,1810.0,78566480.0,369756.0
2023-01-16 14:00:00,4340.0,4342.0,4336.0,4341.0,2013.0,87347740.0,370050.0
2023-01-16 14:05:00,4342.0,4345.0,4340.0,4344.0,1035.0,44945590.0,370026.0
2023-01-16 14:10:00,4345.0,4353.0,4343.0,4349.0,3112.0,135310260.0,369615.0
2023-01-16 14:15:00,4348.0,4351.0,4344.0,4348.0,1967.0,85515530.0,369560.0
2023-01-16 14:20:00,4349.0,4354.0,4348.0,4349.0,1327.0,57734840.0,369575.0
2023-01-16 14:25:00,4349.0,4352.0,4343.0,4347.0,1865.0,81069870.0,369520.0
2023-01-16 14:30:00,4347.0,4351.0,4345.0,4347.0,1437.0,62486930.0,369602.0
2023-01-16 14:35:00,4348.0,4352.0,4347.0,4350.0,1483.0,64506990.0,369628.0
2023-01-16 14:40:00,4349.0,4360.0,4349.0,4360.0,3273.0,142556070.0,370132.0
2023-01-16 14:45:00,4359.0,4364.0,4353.0,4353.0,3300.0,143836680.0,370279.0
2023-01-16 14:50:00,4354.0,4356.0,4341.0,4347.0,4396.0,191147590.0,369263.0
2023-01-16 14:55:00,4347.0,4351.0,4343.0,4348.0,4168.0,181176520.0,368130.0
2023-01-16 21:00:00,4348.0,4367.0,4348.0,4357.0,14434.0,629239560.0,368925.0
2023-01-16 21:05:00,4358.0,4360.0,4346.0,4350.0,6449.0,280618090.0,367982.0
2023-01-16 21:10:00,4349.0,4352.0,4345.0,4352.0,3790.0,164828060.0,368481.0
2023-01-16 21:15:00,4352.0,4360.0,4346.0,4348.0,3566.0,155219600.0,368572.0
2023-01-16 21:20:00,4348.0,4352.0,4343.0,4343.0,2659.0,115576230.0,368653.0
2023-01-16 21:25:00,4342.0,4344.0,4335.0,4338.0,6208.0,269359930.0,367812.0
2023-01-16 21:30:00,4338.0,4350.0,4337.0,4350.0,3186.0,138414670.0,367885.0
2023-01-16 21:35:00,4349.0,4354.0,4347.0,4349.0,3767.0,163843620.0,368004.0
2023-01-16 21:40:00,4350.0,4351.0,4341.0,4343.0,3490.0,151735020.0,367884.0
2023-01-16 21:45:00,4344.0,4348.0,4339.0,4340.0,2059.0,89455910.0,367947.0
2023-01-16 21:50:00,4340.0,4343.0,4339.0,4343.0,1940.0,84219340.0,367321.0
2023-01-16 21:55:00,4342.0,4347.0,4342.0,4342.0,1109.0,48176490.0,367368.0
2023-01-16 22:00:00,4342.0,4349.0,4342.0,4346.0,2182.0,94851510.0,367404.0
2023-01-16 22:05:00,4346.0,4355.0,4345.0,4349.0,2454.0,106784480.0,367978.0
2023-01-16 22:10:00,4349.0,4352.0,4345.0,4346.0,1407.0,61189070.0,368107.0
2023-01-16 22:15:00,4346.0,4351.0,4343.0,4345.0,1163.0,50561170.0,367871.0
2023-01-16 22:20:00,4344.0,4349.0,4344.0,4349.0,702.0,30512330.0,367798.0
2023-01-16 22:25:00,4348.0,4349.0,4345.0,4346.0,595.0,25863580.0,367614.0
2023-01-16 22:30:00,4346.0,4348.0,4340.0,4341.0,1466.0,63671250.0,367398.0
2023-01-16 22:35:00,4342.0,4350.0,4341.0,4349.0,3038.0,132050540.0,367206.0
2023-01-16 22:40:00,4350.0,4354.0,4348.0,4351.0,1435.0,62435010.0,367056.0
2023-01-16 22:45:00,4352.0,4355.0,4350.0,4353.0,1620.0,70518250.0,367270.0
2023-01-16 22:50:00,4354.0,4372.0,4354.0,4371.0,8587.0,374815430.0,369659.0
2023-01-16 22:55:00,4371.0,4376.0,4365.0,4372.0,6330.0,276670500.0,370269.0
2023-01-17 09:00:00,4368.0,4368.0,4360.0,4362.0,4504.0,196505610.0,370192.0
2023-01-17 09:05:00,4361.0,4372.0,4357.0,4371.0,3907.0,170574700.0,370441.0
2023-01-17 09:10:00,4370.0,4375.0,4364.0,4374.0,3090.0,135012470.0,371040.0
2023-01-17 09:15:00,4374.0,4377.0,4369.0,4374.0,2708.0,118412590.0,371332.0
2023-01-17 09:20:00,4373.0,4388.0,4373.0,4386.0,7383.0,323437160.0,372987.0
2023-01-17 09:25:00,4386.0,4394.0,4382.0,4389.0,6425.0,281927420.0,373531.0
2023-01-17 09:30:00,4389.0,4390.0,4382.0,4389.0,3134.0,137457980.0,373836.0
2023-01-17 09:35:00,4388.0,4389.0,4373.0,4379.0,4948.0,216639870.0,373083.0
2023-01-17 09:40:00,4379.0,4379.0,4372.0,4372.0,2486.0,108754700.0,372997.0
2023-01-17 09:45:00,4372.0,4373.0,4365.0,4367.0,4188.0,182895570.0,372601.0
2023-01-17 09:50:00,4367.0,4368.0,4362.0,4367.0,3129.0,136567520.0,372516.0
2023-01-17 09:55:00,4367.0,4374.0,4365.0,4373.0,3690.0,161208730.0,372679.0
2023-01-17 10:00:00,4373.0,4375.0,4371.0,4374.0,2018.0,88249520.0,372391.0
2023-01-17 10:05:00,4373.0,4375.0,4366.0,4371.0,1386.0,60565000.0,372165.0
2023-01-17 10:10:00,4371.0,4372.0,4369.0,4371.0,586.0,25611980.0,372054.0
2023-01-17 10:30:00,4371.0,4381.0,4369.0,4381.0,3789.0,165769290.0,371564.0
2023-01-17 10:35:00,4381.0,4382.0,4375.0,4379.0,2563.0,112218200.0,371088.0
2023-01-17 10:40:00,4378.0,4379.0,4370.0,4373.0,1784.0,78034790.0,370537.0
2023-01-17 10:45:00,4373.0,4381.0,4373.0,4380.0,1080.0,47276570.0,370607.0
2023-01-17 10:50:00,4380.0,4385.0,4377.0,4383.0,2039.0,89334740.0,370584.0
2023-01-17 10:55:00,4383.0,4387.0,4381.0,4385.0,1946.0,85316160.0,370600.0
2023-01-17 11:00:00,4386.0,4387.0,4381.0,4386.0,1192.0,52254150.0,370519.0
2023-01-17 11:05:00,4386.0,4393.0,4385.0,4393.0,3124.0,137101610.0,370824.0
2023-01-17 11:10:00,4393.0,4393.0,4385.0,4388.0,3724.0,163413970.0,370599.0
2023-01-17 11:15:00,4387.0,4390.0,4383.0,4387.0,1960.0,85972640.0,370601.0
2023-01-17 11:20:00,4387.0,4392.0,4387.0,4392.0,1598.0,70138120.0,370750.0
2023-01-17 11:25:00,4392.0,4404.0,4390.0,4396.0,6171.0,271324170.0,371678.0
2023-01-17 13:30:00,4396.0,4407.0,4396.0,4404.0,7630.0,335956690.0,372625.0
2023-01-17 13:35:00,4405.0,4406.0,4400.0,4405.0,2526.0,111230350.0,372460.0
2023-01-17 13:40:00,4405.0,4415.0,4401.0,4411.0,4094.0,180505300.0,373069.0
2023-01-17 13:45:00,4411.0,4412.0,4403.0,4404.0,2923.0,128824500.0,372860.0
2023-01-17 13:50:00,4404.0,4410.0,4403.0,4407.0,1710.0,75359870.0,373258.0
2023-01-17 13:55:00,4408.0,4413.0,4406.0,4410.0,2170.0,95701910.0,373675.0
2023-01-17 14:00:00,4410.0,4413.0,4408.0,4410.0,1475.0,65046900.0,373741.0
2023-01-17 14:05:00,4411.0,4412.0,4406.0,4407.0,1467.0,64690530.0,373629.0
2023-01-17 14:10:00,4407.0,4415.0,4406.0,4415.0,1898.0,83726420.0,373934.0
2023-01-17 14:15:00,4414.0,4418.0,4410.0,4415.0,3981.0,175741710.0,374319.0
2023-01-17 14:20:00,4416.0,4418.0,4414.0,4415.0,1268.0,55987040.0,374346.0
2023-01-17 14:25:00,4416.0,4416.0,4409.0,4411.0,2306.0,101720140.0,373981.0
2023-01-17 14:30:00,4411.0,4412.0,4402.0,4404.0,4170.0,183686040.0,373544.0
2023-01-17 14:35:00,4403.0,4404.0,4396.0,4399.0,3602.0,158477530.0,372929.0
2023-01-17 14:40:00,4399.0,4399.0,4392.0,4395.0,3463.0,152221780.0,372227.0
2023-01-17 14:45:00,4395.0,4399.0,4384.0,4385.0,5219.0,229116660.0,370682.0
2023-01-17 14:50:00,4385.0,4385.0,4373.0,4381.0,9423.0,412534140.0,367634.0
2023-01-17 14:55:00,4381.0,4381.0,4362.0,4368.0,9899.0,432467730.0,363489.0
2023-01-17 21:00:00,4371.0,4386.0,4365.0,4372.0,15838.0,692962010.0,363241.0
2023-01-17 21:05:00,4371.0,4373.0,4358.0,4365.0,7676.0,335099490.0,363380.0
2023-01-17 21:10:00,4366.0,4376.0,4362.0,4371.0,6402.0,279847690.0,364416.0
2023-01-17 21:15:00,4371.0,4382.0,4368.0,4376.0,5119.0,223913000.0,364134.0
2023-01-17 21:20:00,4376.0,4380.0,4372.0,4378.0,2431.0,106392120.0,364434.0
2023-01-17 21:25:00,4378.0,4379.0,4373.0,4375.0,2899.0,126851530.0,364623.0
2023-01-17 21:30:00,4374.0,4382.0,4374.0,4380.0,2193.0,96033950.0,364539.0
2023-01-17 21:35:00,4379.0,4382.0,4378.0,4379.0,2684.0,117552520.0,364718.0
2023-01-17 21:40:00,4380.0,4388.0,4379.0,4381.0,3762.0,164941300.0,364385.0
2023-01-17 21:45:00,4382.0,4386.0,4381.0,4382.0,1232.0,54010480.0,364229.0
2023-01-17 21:50:00,4383.0,4383.0,4377.0,4379.0,1799.0,78775380.0,363974.0
2023-01-17 21:55:00,4379.0,4387.0,4379.0,4384.0,2141.0,93847560.0,364057.0
2023-01-17 22:00:00,4384.0,4394.0,4380.0,4391.0,4089.0,179450250.0,364136.0
2023-01-17 22:05:00,4391.0,4397.0,4390.0,4396.0,3769.0,165582560.0,364654.0
2023-01-17 22:10:00,4395.0,4404.0,4391.0,4402.0,4053.0,178205160.0,365319.0
2023-01-17 22:15:00,4402.0,4404.0,4397.0,4398.0,2410.0,106015030.0,365453.0
2023-01-17 22:20:00,4399.0,4399.0,4392.0,4395.0,2925.0,128541470.0,365045.0
2023-01-17 22:25:00,4395.0,4397.0,4393.0,4396.0,6428.0,282544690.0,365467.0
2023-01-17 22:30:00,4395.0,4401.0,4395.0,4397.0,6609.0,290673380.0,365557.0
2023-01-17 22:35:00,4397.0,4399.0,4395.0,4397.0,1652.0,72637920.0,365224.0
2023-01-17 22:40:00,4397.0,4403.0,4393.0,4396.0,3308.0,145494450.0,364337.0
2023-01-17 22:45:00,4396.0,4400.0,4393.0,4399.0,1420.0,62409100.0,364081.0
2023-01-17 22:50:00,4400.0,4405.0,4399.0,4402.0,3132.0,137885880.0,364043.0
2023-01-17 22:55:00,4402.0,4408.0,4399.0,4402.0,3770.0,166046060.0,363437.0
2023-01-18 09:00:00,4402.0,4416.0,4400.0,4415.0,5809.0,256217170.0,364104.0
2023-01-18 09:05:00,4415.0,4423.0,4408.0,4416.0,5565.0,245740020.0,364398.0
2023-01-18 09:10:00,4417.0,4418.0,4399.0,4399.0,5057.0,222896330.0,363872.0
2023-01-18 09:15:00,4400.0,4400.0,4386.0,4390.0,8487.0,372754230.0,362784.0
2023-01-18 09:20:00,4390.0,4397.0,4387.0,4394.0,3007.0,132108930.0,363099.0
2023-01-18 09:25:00,4394.0,4405.0,4394.0,4398.0,2498.0,109908750.0,363218.0
2023-01-18 09:30:00,4398.0,4404.0,4391.0,4392.0,2290.0,100688950.0,363172.0
2023-01-18 09:35:00,4392.0,4398.0,4391.0,4396.0,1698.0,74609230.0,363258.0
2023-01-18 09:40:00,4396.0,4397.0,4386.0,4391.0,3288.0,144342060.0,363075.0
2023-01-18 09:45:00,4390.0,4397.0,4390.0,4396.0,944.0,41475910.0,363153.0
2023-01-18 09:50:00,4396.0,4400.0,4392.0,4396.0,1168.0,51343790.0,363040.0
2023-01-18 09:55:00,4395.0,4401.0,4393.0,4399.0,1855.0,81579770.0,362958.0
2023-01-18 10:00:00,4398.0,4410.0,4398.0,4404.0,2976.0,131110540.0,363048.0
2023-01-18 10:05:00,4403.0,4408.0,4402.0,4405.0,1484.0,65365920.0,363033.0
2023-01-18 10:10:00,4406.0,4415.0,4406.0,4413.0,3230.0,142474740.0,363399.0
2023-01-18 10:30:00,4414.0,4428.0,4412.0,4422.0,10526.0,465496100.0,364995.0
2023-01-18 10:35:00,4423.0,4430.0,4420.0,4427.0,3784.0,167475220.0,364964.0
2023-01-18 10:40:00,4428.0,4430.0,4421.0,4425.0,3485.0,154215520.0,365073.0
2023-01-18 10:45:00,4425.0,4425.0,4411.0,4412.0,3634.0,160552900.0,364438.0
2023-01-18 10:50:00,4412.0,4420.0,4408.0,4419.0,3127.0,138030300.0,364432.0
2023-01-18 10:55:00,4420.0,4421.0,4414.0,4420.0,1387.0,61280730.0,364447.0
2023-01-18 11:00:00,4420.0,4425.0,4420.0,4421.0,3947.0,174586160.0,364506.0
2023-01-18 11:05:00,4422.0,4423.0,4413.0,4419.0,1946.0,85972130.0,364484.0
2023-01-18 11:10:00,4419.0,4420.0,4412.0,4420.0,1827.0,80692860.0,365055.0
2023-01-18 11:15:00,4420.0,4423.0,4418.0,4420.0,1408.0,62247800.0,365090.0
2023-01-18 11:20:00,4420.0,4420.0,4416.0,4419.0,1225.0,54116260.0,364903.0
2023-01-18 11:25:00,4420.0,4421.0,4414.0,4421.0,4187.0,184927790.0,364295.0
2023-01-18 13:30:00,4422.0,4431.0,4420.0,4428.0,5503.0,243584000.0,364303.0
2023-01-18 13:35:00,4428.0,4438.0,4428.0,4435.0,4573.0,202766820.0,364660.0
2023-01-18 13:40:00,4435.0,4438.0,4425.0,4430.0,3446.0,152691880.0,364432.0
2023-01-18 13:45:00,4431.0,4434.0,4426.0,4427.0,1699.0,75255470.0,364534.0
2023-01-18 13:50:00,4427.0,4433.0,4423.0,4433.0,2289.0,101367650.0,364702.0
2023-01-18 13:55:00,4433.0,4434.0,4430.0,4434.0,1746.0,77390140.0,364697.0
2023-01-18 14:00:00,4434.0,4434.0,4426.0,4433.0,2440.0,108095460.0,364732.0
2023-01-18 14:05:00,4433.0,4435.0,4430.0,4434.0,1706.0,75628020.0,364885.0
2023-01-18 14:10:00,4435.0,4435.0,4429.0,4429.0,1390.0,61594290.0,364726.0
2023-01-18 14:15:00,4429.0,4431.0,4423.0,4425.0,2493.0,110348940.0,364366.0
2023-01-18 14:20:00,4425.0,4429.0,4422.0,4423.0,1319.0,58367940.0,364315.0
2023-01-18 14:25:00,4423.0,4427.0,4419.0,4420.0,2964.0,131059690.0,363815.0
2023-01-18 14:30:00,4419.0,4421.0,4412.0,4418.0,3953.0,174589540.0,363466.0
2023-01-18 14:35:00,4419.0,4420.0,4412.0,4413.0,2545.0,112398510.0,362980.0
2023-01-18 14:40:00,4413.0,4421.0,4413.0,4421.0,1549.0,68432390.0,363006.0
2023-01-18 14:45:00,4421.0,4421.0,4412.0,4415.0,4802.0,212039410.0,363420.0
2023-01-18 14:50:00,4415.0,4422.0,4413.0,4422.0,4708.0,207954320.0,363032.0
2023-01-18 14:55:00,4421.0,4425.0,4421.0,4423.0,4153.0,183696990.0,361556.0
2023-01-18 21:00:00,4415.0,4428.0,4412.0,4424.0,11288.0,498848170.0,361687.0
2023-01-18 21:05:00,4425.0,4431.0,4419.0,4430.0,5745.0,254184100.0,362103.0
2023-01-18 21:10:00,4428.0,4437.0,4425.0,4427.0,5443.0,241196750.0,362720.0
2023-01-18 21:15:00,4428.0,4438.0,4425.0,4434.0,3798.0,168401990.0,363177.0
2023-01-18 21:20:00,4434.0,4436.0,4430.0,4433.0,1689.0,74876500.0,363222.0
2023-01-18 21:25:00,4433.0,4437.0,4427.0,4436.0,1515.0,67148590.0,363232.0
2023-01-18 21:30:00,4436.0,4441.0,4433.0,4438.0,4010.0,177963040.0,363036.0
2023-01-18 21:35:00,4439.0,4439.0,4429.0,4431.0,1871.0,82933190.0,363304.0
2023-01-18 21:40:00,4433.0,4433.0,4421.0,4428.0,4105.0,181656250.0,362860.0
2023-01-18 21:45:00,4428.0,4434.0,4427.0,4430.0,1691.0,74913730.0,362996.0
2023-01-18 21:50:00,4430.0,4437.0,4430.0,4434.0,2955.0,131030330.0,363203.0
2023-01-18 21:55:00,4434.0,4435.0,4430.0,4433.0,8697.0,385531260.0,363331.0
2023-01-18 22:00:00,4434.0,4434.0,4424.0,4429.0,4964.0,219863150.0,363030.0
2023-01-18 22:05:00,4429.0,4430.0,4425.0,4427.0,5021.0,222300880.0,363207.0
2023-01-18 22:10:00,4427.0,4429.0,4424.0,4426.0,1624.0,71881460.0,363180.0
2023-01-18 22:15:00,4426.0,4435.0,4426.0,4434.0,1411.0,62513140.0,363002.0
2023-01-18 22:20:00,4434.0,4435.0,4431.0,4433.0,1183.0,52444110.0,362746.0
2023-01-18 22:25:00,4434.0,4444.0,4433.0,4442.0,3532.0,156836740.0,363039.0
2023-01-18 22:30:00,4443.0,4444.0,4438.0,4442.0,2342.0,104016830.0,362992.0
2023-01-18 22:35:00,4441.0,4442.0,4435.0,4439.0,1822.0,80861170.0,362677.0
2023-01-18 22:40:00,4440.0,4446.0,4434.0,4445.0,2909.0,129180560.0,362844.0
2023-01-18 22:45:00,4443.0,4449.0,4440.0,4447.0,2329.0,103503920.0,362653.0
2023-01-18 22:50:00,4448.0,4449.0,4443.0,4444.0,1719.0,76426600.0,362690.0
2023-01-18 22:55:00,4443.0,4446.0,4437.0,4438.0,2445.0,108594820.0,361774.0
2023-01-19 09:00:00,4407.0,4417.0,4373.0,4402.0,30166.0,1325451580.0,355167.0
2023-01-19 09:05:00,4402.0,4415.0,4402.0,4407.0,6796.0,299680060.0,355331.0
2023-01-19 09:10:00,4406.0,4410.0,4391.0,4392.0,5299.0,233075410.0,355197.0
2023-01-19 09:15:00,4391.0,4402.0,4391.0,4398.0,3639.0,160035360.0,355053.0
2023-01-19 09:20:00,4397.0,4408.0,4397.0,4405.0,1781.0,78428520.0,354938.0
2023-01-19 09:25:00,4405.0,4413.0,4403.0,4409.0,2374.0,104668470.0,355175.0
2023-01-19 09:30:00,4409.0,4417.0,4407.0,4409.0,2727.0,120343260.0,355264.0
2023-01-19 09:35:00,4410.0,4411.0,4401.0,4407.0,2118.0,93322560.0,355115.0
2023-01-19 09:40:00,4407.0,4407.0,4397.0,4400.0,3024.0,133072630.0,355685.0
2023-01-19 09:45:00,4401.0,4403.0,4398.0,4402.0,1560.0,68646720.0,355821.0
2023-01-19 09:50:00,4401.0,4410.0,4400.0,4406.0,1868.0,82302160.0,355505.0
2023-01-19 09:55:00,4407.0,4412.0,4406.0,4410.0,2341.0,103226180.0,354850.0
2023-01-19 10:00:00,4409.0,4424.0,4408.0,4422.0,5129.0,226639890.0,354772.0
2023-01-19 10:05:00,4422.0,4436.0,4418.0,4433.0,5000.0,221380800.0,355328.0
2023-01-19 10:10:00,4434.0,4441.0,4427.0,4439.0,4791.0,212503010.0,355626.0
2023-01-19 10:30:00,4438.0,4439.0,4430.0,4436.0,4111.0,182320260.0,355614.0
2023-01-19 10:35:00,4435.0,4435.0,4425.0,4433.0,3347.0,148277440.0,355551.0
2023-01-19 10:40:00,4433.0,4433.0,4423.0,4429.0,1641.0,72655030.0,355280.0
2023-01-19 10:45:00,4429.0,4436.0,4429.0,4433.0,1674.0,74210630.0,355063.0
2023-01-19 10:50:00,4434.0,4440.0,4434.0,4438.0,2301.0,102104020.0,354932.0
2023-01-19 10:55:00,4438.0,4439.0,4435.0,4436.0,1479.0,65619120.0,355287.0
2023-01-19 11:00:00,4436.0,4437.0,4431.0,4436.0,1266.0,56123120.0,355181.0
2023-01-19 11:05:00,4436.0,4437.0,4426.0,4436.0,1725.0,76456590.0,354902.0
2023-01-19 11:10:00,4436.0,4443.0,4434.0,4441.0,2343.0,104031920.0,354963.0
2023-01-19 11:15:00,4440.0,4441.0,4435.0,4436.0,1018.0,45179290.0,354953.0
2023-01-19 11:20:00,4436.0,4439.0,4431.0,4435.0,1709.0,75780150.0,355106.0
2023-01-19 11:25:00,4436.0,4437.0,4421.0,4423.0,4590.0,203265940.0,355326.0
2023-01-19 13:30:00,4422.0,4423.0,4414.0,4419.0,4279.0,189078800.0,355244.0
2023-01-19 13:35:00,4418.0,4421.0,4411.0,4412.0,2702.0,119299410.0,355345.0
2023-01-19 13:40:00,4411.0,4421.0,4411.0,4417.0,2146.0,94800670.0,355031.0
2023-01-19 13:45:00,4417.0,4427.0,4417.0,4425.0,2315.0,102402130.0,355103.0
2023-01-19 13:50:00,4425.0,4427.0,4422.0,4422.0,931.0,41193510.0,354939.0
2023-01-19 13:55:00,4423.0,4424.0,4417.0,4420.0,1699.0,75096520.0,354906.0
2023-01-19 14:00:00,4420.0,4424.0,4415.0,4416.0,1749.0,77276360.0,354834.0
2023-01-19 14:05:00,4415.0,4425.0,4410.0,4422.0,2011.0,88823870.0,354625.0
2023-01-19 14:10:00,4423.0,4427.0,4423.0,4424.0,1223.0,54118070.0,354403.0
2023-01-19 14:15:00,4424.0,4424.0,4416.0,4418.0,1230.0,54366270.0,354409.0
2023-01-19 14:20:00,4419.0,4420.0,4416.0,4419.0,1958.0,86511080.0,354635.0
2023-01-19 14:25:00,4419.0,4424.0,4414.0,4422.0,4234.0,187018050.0,354547.0
2023-01-19 14:30:00,4421.0,4424.0,4419.0,4420.0,1336.0,59074550.0,354552.0
2023-01-19 14:35:00,4420.0,4423.0,4413.0,4415.0,1394.0,61583260.0,354433.0
2023-01-19 14:40:00,4415.0,4421.0,4410.0,4420.0,1783.0,78728540.0,354335.0
2023-01-19 14:45:00,4420.0,4424.0,4419.0,4421.0,1169.0,51682910.0,354216.0
2023-01-19 14:50:00,4421.0,4425.0,4419.0,4421.0,1722.0,76141030.0,353844.0
2023-01-19 14:55:00,4421.0,4428.0,4420.0,4426.0,3505.0,155100970.0,352558.0
2023-01-19 21:00:00,4431.0,4436.0,4423.0,4432.0,9578.0,424207090.0,353253.0
2023-01-19 21:05:00,4432.0,4434.0,4415.0,4423.0,7131.0,315210580.0,354115.0
2023-01-19 21:10:00,4423.0,4424.0,4411.0,4418.0,4402.0,194358910.0,354694.0
2023-01-19 21:15:00,4419.0,4421.0,4413.0,4421.0,3431.0,151556360.0,355208.0
2023-01-19 21:20:00,4421.0,4428.0,4416.0,4426.0,2863.0,126588920.0,355185.0
2023-01-19 21:25:00,4426.0,4427.0,4416.0,4417.0,2435.0,107632040.0,355254.0
2023-01-19 21:30:00,4416.0,4418.0,4408.0,4418.0,3375.0,148935390.0,355416.0
2023-01-19 21:35:00,4418.0,4419.0,4415.0,4416.0,1074.0,47441810.0,355357.0
2023-01-19 21:40:00,4417.0,4417.0,4408.0,4414.0,2664.0,117520220.0,355717.0
2023-01-19 21:45:00,4414.0,4415.0,4409.0,4411.0,2208.0,97419300.0,355723.0
2023-01-19 21:50:00,4410.0,4414.0,4408.0,4409.0,4851.0,213939200.0,356521.0
2023-01-19 21:55:00,4409.0,4416.0,4409.0,4409.0,4408.0,194471230.0,355681.0
2023-01-19 22:00:00,4409.0,4416.0,4409.0,4413.0,2478.0,109363810.0,355418.0
2023-01-19 22:05:00,4413.0,4421.0,4412.0,4418.0,2341.0,103409410.0,355226.0
2023-01-19 22:10:00,4418.0,4424.0,4417.0,4419.0,2244.0,99202130.0,355155.0
2023-01-19 22:15:00,4420.0,4427.0,4419.0,4427.0,2749.0,121608180.0,355131.0
2023-01-19 22:20:00,4427.0,4444.0,4426.0,4440.0,7019.0,311340960.0,355615.0
2023-01-19 22:25:00,4440.0,4459.0,4439.0,4458.0,9458.0,420946190.0,356710.0
2023-01-19 22:30:00,4457.0,4463.0,4449.0,4460.0,6621.0,295008570.0,357703.0
2023-01-19 22:35:00,4461.0,4464.0,4456.0,4462.0,3579.0,159622580.0,358547.0
2023-01-19 22:40:00,4462.0,4465.0,4453.0,4455.0,4519.0,201470950.0,358340.0
2023-01-19 22:45:00,4454.0,4460.0,4454.0,4459.0,2362.0,105254220.0,358188.0
2023-01-19 22:50:00,4458.0,4462.0,4457.0,4459.0,1601.0,71397050.0,357909.0
2023-01-19 22:55:00,4457.0,4468.0,4457.0,4464.0,4359.0,194558250.0,357288.0
2023-01-20 09:00:00,4468.0,4485.0,4465.0,4477.0,13706.0,613543750.0,356723.0
2023-01-20 09:05:00,4477.0,4486.0,4476.0,4485.0,4941.0,221511890.0,357077.0
2023-01-20 09:10:00,4485.0,4485.0,4476.0,4479.0,2551.0,114263950.0,356809.0
2023-01-20 09:15:00,4479.0,4479.0,4466.0,4476.0,4212.0,188349730.0,355977.0
2023-01-20 09:20:00,4477.0,4477.0,4470.0,4477.0,2161.0,96687180.0,355696.0
2023-01-20 09:25:00,4476.0,4479.0,4471.0,4471.0,1766.0,79028160.0,355550.0
2023-01-20 09:30:00,4472.0,4474.0,4459.0,4464.0,3823.0,170664060.0,355015.0
2023-01-20 09:35:00,4464.0,4468.0,4462.0,4465.0,2705.0,120764360.0,355079.0
2023-01-20 09:40:00,4465.0,4474.0,4462.0,4472.0,1822.0,81412460.0,355055.0
2023-01-20 09:45:00,4472.0,4475.0,4469.0,4473.0,1354.0,60563050.0,355169.0
2023-01-20 09:50:00,4474.0,4478.0,4472.0,4477.0,1383.0,61895480.0,355075.0
2023-01-20 09:55:00,4478.0,4478.0,4472.0,4476.0,849.0,37996240.0,354893.0
2023-01-20 10:00:00,4476.0,4476.0,4468.0,4470.0,1141.0,51013210.0,354842.0
2023-01-20 10:05:00,4470.0,4472.0,4466.0,4466.0,1360.0,60772220.0,354768.0
2023-01-20 10:10:00,4466.0,4466.0,4456.0,4461.0,3833.0,170952790.0,354079.0
2023-01-20 10:30:00,4462.0,4468.0,4457.0,4466.0,2413.0,107672820.0,353805.0
2023-01-20 10:35:00,4467.0,4477.0,4467.0,4476.0,2324.0,103917740.0,353155.0
2023-01-20 10:40:00,4475.0,4476.0,4468.0,4471.0,1453.0,64967870.0,353164.0
2023-01-20 10:45:00,4471.0,4472.0,4466.0,4469.0,833.0,37232080.0,353008.0
2023-01-20 10:50:00,4469.0,4474.0,4468.0,4470.0,821.0,36701230.0,352909.0
2023-01-20 10:55:00,4471.0,4476.0,4470.0,4473.0,898.0,40168260.0,352704.0
2023-01-20 11:00:00,4474.0,4478.0,4471.0,4478.0,1208.0,54057160.0,352725.0
2023-01-20 11:05:00,4477.0,4482.0,4474.0,4478.0,1994.0,89292780.0,352915.0
2023-01-20 11:10:00,4478.0,4478.0,4472.0,4473.0,1329.0,59473320.0,352895.0
2023-01-20 11:15:00,4473.0,4477.0,4469.0,4469.0,1292.0,57775700.0,352627.0
2023-01-20 11:20:00,4471.0,4473.0,4467.0,4468.0,1531.0,68436680.0,352346.0
2023-01-20 11:25:00,4468.0,4470.0,4465.0,4467.0,1145.0,51154240.0,352199.0
2023-01-20 13:30:00,4467.0,4476.0,4462.0,4472.0,2949.0,131815350.0,351877.0
2023-01-20 13:35:00,4471.0,4474.0,4468.0,4468.0,853.0,38137450.0,351784.0
2023-01-20 13:40:00,4469.0,4471.0,4465.0,4466.0,1270.0,56732950.0,351411.0
2023-01-20 13:45:00,4465.0,4466.0,4461.0,4464.0,1500.0,66956570.0,350943.0
2023-01-20 13:50:00,4464.0,4472.0,4461.0,4470.0,1735.0,77477330.0,350673.0
2023-01-20 13:55:00,4470.0,4473.0,4467.0,4470.0,1249.0,55830330.0,350414.0
2023-01-20 14:00:00,4470.0,4472.0,4467.0,4472.0,1334.0,59621340.0,350031.0
2023-01-20 14:05:00,4472.0,4474.0,4467.0,4470.0,2101.0,93907780.0,349485.0
2023-01-20 14:10:00,4469.0,4471.0,4461.0,4465.0,1805.0,80588430.0,349097.0
2023-01-20 14:15:00,4465.0,4469.0,4464.0,4469.0,1182.0,52796160.0,348783.0
2023-01-20 14:20:00,4468.0,4474.0,4468.0,4472.0,1791.0,80080320.0,348239.0
2023-01-20 14:25:00,4471.0,4476.0,4463.0,4465.0,2024.0,90470190.0,347791.0
2023-01-20 14:30:00,4464.0,4470.0,4464.0,4469.0,1709.0,76347740.0,347177.0
2023-01-20 14:35:00,4469.0,4493.0,4469.0,4491.0,5153.0,230923950.0,346300.0
2023-01-20 14:40:00,4491.0,4498.0,4490.0,4496.0,4854.0,218155010.0,346299.0
2023-01-20 14:45:00,4497.0,4498.0,4490.0,4494.0,3971.0,178456060.0,345647.0
2023-01-20 14:50:00,4494.0,4498.0,4485.0,4490.0,4656.0,209097970.0,343858.0
2023-01-20 14:55:00,4491.0,4502.0,4487.0,4500.0,6923.0,311339830.0,341289.0
2023-01-30 09:00:00,4500.0,4500.0,4458.0,4469.0,27684.0,1239032610.0,341954.0
2023-01-30 09:05:00,4468.0,4477.0,4451.0,4461.0,12352.0,551117650.0,341780.0
2023-01-30 09:10:00,4461.0,4512.0,4461.0,4503.0,14926.0,670080770.0,342951.0
2023-01-30 09:15:00,4500.0,4505.0,4491.0,4496.0,8733.0,392779860.0,343227.0
2023-01-30 09:20:00,4497.0,4516.0,4496.0,4510.0,7094.0,319840320.0,343415.0
2023-01-30 09:25:00,4510.0,4512.0,4491.0,4499.0,5252.0,236397140.0,343315.0
2023-01-30 09:30:00,4498.0,4502.0,4486.0,4493.0,5557.0,249610190.0,344692.0
2023-01-30 09:35:00,4492.0,4493.0,4479.0,4480.0,4088.0,183307110.0,344973.0
2023-01-30 09:40:00,4480.0,4485.0,4476.0,4483.0,3141.0,140740060.0,344963.0
2023-01-30 09:45:00,4483.0,4495.0,4483.0,4491.0,2951.0,132523920.0,345087.0
2023-01-30 09:50:00,4492.0,4493.0,4474.0,4477.0,3083.0,138199510.0,345190.0
2023-01-30 09:55:00,4476.0,4476.0,4465.0,4470.0,4026.0,179940000.0,345166.0
2023-01-30 10:00:00,4471.0,4479.0,4471.0,4473.0,3215.0,143859440.0,345820.0
2023-01-30 10:05:00,4473.0,4476.0,4458.0,4460.0,5931.0,264875970.0,346531.0
2023-01-30 10:10:00,4459.0,4469.0,4458.0,4466.0,2257.0,100760650.0,346434.0
2023-01-30 10:30:00,4466.0,4468.0,4443.0,4457.0,9573.0,426287110.0,346052.0
2023-01-30 10:35:00,4458.0,4459.0,4446.0,4448.0,3895.0,173406830.0,346076.0
2023-01-30 10:40:00,4447.0,4449.0,4433.0,4434.0,6739.0,299219230.0,345671.0
2023-01-30 10:45:00,4434.0,4447.0,4416.0,4442.0,12025.0,532965400.0,345513.0
2023-01-30 10:50:00,4443.0,4452.0,4437.0,4449.0,4626.0,205624770.0,346050.0
2023-01-30 10:55:00,4447.0,4448.0,4438.0,4442.0,2049.0,91021070.0,346328.0
2023-01-30 11:00:00,4441.0,4447.0,4440.0,4444.0,1942.0,86298740.0,346374.0
2023-01-30 11:05:00,4444.0,4448.0,4442.0,4445.0,1804.0,80189890.0,346212.0
2023-01-30 11:10:00,4445.0,4453.0,4443.0,4445.0,3150.0,140121430.0,346518.0
2023-01-30 11:15:00,4444.0,4447.0,4439.0,4441.0,2150.0,95518540.0,346555.0
2023-01-30 11:20:00,4440.0,4444.0,4435.0,4439.0,1956.0,86814360.0,346474.0
2023-01-30 11:25:00,4440.0,4441.0,4429.0,4431.0,3542.0,157042640.0,346044.0
2023-01-30 13:30:00,4423.0,4437.0,4423.0,4437.0,5752.0,254851130.0,345828.0
2023-01-30 13:35:00,4436.0,4437.0,4427.0,4437.0,3580.0,158657120.0,345685.0
2023-01-30 13:40:00,4436.0,4446.0,4435.0,4445.0,3453.0,153370610.0,345875.0
2023-01-30 13:45:00,4445.0,4454.0,4444.0,4453.0,3094.0,137715330.0,345573.0
2023-01-30 13:50:00,4454.0,4465.0,4453.0,4456.0,6337.0,282563910.0,346406.0
2023-01-30 13:55:00,4455.0,4462.0,4449.0,4453.0,4855.0,216275850.0,346518.0
2023-01-30 14:00:00,4452.0,4460.0,4451.0,4458.0,2541.0,113250500.0,346479.0
2023-01-30 14:05:00,4457.0,4465.0,4457.0,4460.0,2678.0,119493630.0,346712.0
2023-01-30 14:10:00,4461.0,4463.0,4443.0,4443.0,4166.0,185493550.0,345769.0
2023-01-30 14:15:00,4444.0,4447.0,4433.0,4436.0,5219.0,231593750.0,345378.0
2023-01-30 14:20:00,4436.0,4441.0,4433.0,4441.0,3028.0,134356040.0,344967.0
2023-01-30 14:25:00,4441.0,4455.0,4441.0,4452.0,2903.0,129129710.0,344274.0
2023-01-30 14:30:00,4452.0,4456.0,4450.0,4455.0,2315.0,103096760.0,344013.0
2023-01-30 14:35:00,4455.0,4459.0,4452.0,4453.0,1935.0,86203400.0,343871.0
2023-01-30 14:40:00,4453.0,4461.0,4453.0,4457.0,1818.0,81034410.0,343854.0
2023-01-30 14:45:00,4457.0,4459.0,4450.0,4451.0,2352.0,104777680.0,343756.0
2023-01-30 14:50:00,4450.0,4458.0,4447.0,4448.0,2749.0,122410490.0,343391.0
2023-01-30 14:55:00,4447.0,4455.0,4445.0,4448.0,4116.0,183179340.0,342340.0
2023-01-30 21:00:00,4448.0,4452.0,4403.0,4407.0,30958.0,1370252920.0,343321.0
2023-01-30 21:05:00,4407.0,4415.0,4396.0,4415.0,18470.0,813459680.0,343812.0
2023-01-30 21:10:00,4413.0,4424.0,4410.0,4421.0,8059.0,355892840.0,344431.0
2023-01-30 21:15:00,4421.0,4424.0,4412.0,4412.0,4051.0,178959850.0,345065.0
2023-01-30 21:20:00,4412.0,4426.0,4412.0,4420.0,4412.0,195050280.0,345134.0
2023-01-30 21:25:00,4420.0,4424.0,4413.0,4416.0,3190.0,140948440.0,345193.0
2023-01-30 21:30:00,4415.0,4416.0,4406.0,4407.0,4597.0,202711380.0,345281.0
2023-01-30 21:35:00,4407.0,4412.0,4390.0,4390.0,8564.0,376907900.0,345316.0
2023-01-30 21:40:00,4391.0,4400.0,4391.0,4394.0,6446.0,283284550.0,345413.0
2023-01-30 21:45:00,4395.0,4395.0,4374.0,4379.0,12398.0,543554020.0,345732.0
2023-01-30 21:50:00,4380.0,4388.0,4375.0,4384.0,7141.0,312856020.0,346866.0
2023-01-30 21:55:00,4384.0,4397.0,4383.0,4393.0,4042.0,177461770.0,346422.0
2023-01-30 22:00:00,4393.0,4397.0,4391.0,4396.0,3163.0,139003910.0,346359.0
2023-01-30 22:05:00,4395.0,4402.0,4390.0,4399.0,3503.0,153982390.0,345766.0
2023-01-30 22:10:00,4398.0,4399.0,4393.0,4394.0,1420.0,62437250.0,345611.0
2023-01-30 22:15:00,4395.0,4397.0,4387.0,4396.0,2186.0,95977340.0,345499.0
2023-01-30 22:20:00,4396.0,4397.0,4388.0,4393.0,1459.0,64075610.0,345191.0
2023-01-30 22:25:00,4393.0,4393.0,4386.0,4387.0,1513.0,66414060.0,345008.0
2023-01-30 22:30:00,4387.0,4397.0,4383.0,4395.0,2955.0,129761280.0,344462.0
2023-01-30 22:35:00,4396.0,4397.0,4393.0,4397.0,1485.0,65266170.0,344189.0
2023-01-30 22:40:00,4396.0,4406.0,4393.0,4404.0,3798.0,167159690.0,344666.0
2023-01-30 22:45:00,4404.0,4419.0,4404.0,4418.0,4983.0,219870330.0,344049.0
2023-01-30 22:50:00,4417.0,4421.0,4412.0,4412.0,3622.0,159957210.0,343248.0
2023-01-30 22:55:00,4412.0,4420.0,4411.0,4418.0,2637.0,116403760.0,342638.0
2023-01-31 09:00:00,4415.0,4415.0,4394.0,4398.0,10115.0,445143150.0,341708.0
2023-01-31 09:05:00,4396.0,4408.0,4395.0,4402.0,4124.0,181551130.0,342023.0
2023-01-31 09:10:00,4402.0,4413.0,4402.0,4407.0,3514.0,154957730.0,342476.0
2023-01-31 09:15:00,4407.0,4408.0,4387.0,4388.0,4481.0,197031950.0,342797.0
2023-01-31 09:20:00,4387.0,4399.0,4386.0,4398.0,3329.0,146243450.0,342581.0
2023-01-31 09:25:00,4396.0,4400.0,4388.0,4389.0,3065.0,134672180.0,342545.0
2023-01-31 09:30:00,4390.0,4406.0,4390.0,4406.0,3787.0,166539580.0,342897.0
2023-01-31 09:35:00,4406.0,4418.0,4404.0,4411.0,4040.0,178210480.0,343188.0
2023-01-31 09:40:00,4411.0,4416.0,4408.0,4415.0,1997.0,88105420.0,343400.0
2023-01-31 09:45:00,4416.0,4423.0,4412.0,4421.0,3937.0,173959860.0,343301.0
2023-01-31 09:50:00,4421.0,4427.0,4416.0,4416.0,3719.0,164454700.0,343345.0
2023-01-31 09:55:00,4416.0,4420.0,4411.0,4413.0,2801.0,123676490.0,343577.0
2023-01-31 10:00:00,4413.0,4423.0,4413.0,4421.0,2578.0,113911850.0,343522.0
2023-01-31 10:05:00,4421.0,4427.0,4417.0,4418.0,2572.0,113737800.0,343450.0
2023-01-31 10:10:00,4417.0,4419.0,4408.0,4411.0,2449.0,108086730.0,343325.0
2023-01-31 10:30:00,4411.0,4414.0,4408.0,4412.0,1895.0,83584460.0,343408.0
2023-01-31 10:35:00,4412.0,4413.0,4406.0,4407.0,1974.0,87035080.0,343441.0
2023-01-31 10:40:00,4408.0,4408.0,4401.0,4402.0,2338.0,102945920.0,343582.0
2023-01-31 10:45:00,4402.0,4409.0,4400.0,4408.0,1637.0,72112010.0,343632.0
2023-01-31 10:50:00,4408.0,4410.0,4401.0,4401.0,1748.0,77003070.0,343623.0
2023-01-31 10:55:00,4401.0,4406.0,4400.0,4403.0,1564.0,68857280.0,343592.0
2023-01-31 11:00:00,4402.0,4407.0,4401.0,4405.0,1160.0,51086960.0,343675.0
2023-01-31 11:05:00,4404.0,4404.0,4394.0,4394.0,3553.0,156254610.0,344522.0
2023-01-31 11:10:00,4394.0,4398.0,4391.0,4392.0,2761.0,121340050.0,344977.0
2023-01-31 11:15:00,4390.0,4398.0,4390.0,4395.0,1950.0,85701770.0,344986.0
2023-01-31 11:20:00,4395.0,4396.0,4383.0,4388.0,3668.0,160957540.0,344925.0
2023-01-31 11:25:00,4389.0,4396.0,4385.0,4395.0,3172.0,139239650.0,344592.0
2023-01-31 13:30:00,4394.0,4398.0,4390.0,4391.0,2924.0,128470380.0,344675.0
2023-01-31 13:35:00,4390.0,4393.0,4377.0,4387.0,5723.0,250813560.0,344285.0
2023-01-31 13:40:00,4388.0,4394.0,4386.0,4389.0,2156.0,94647810.0,344318.0
2023-01-31 13:45:00,4388.0,4399.0,4388.0,4397.0,2130.0,93594020.0,344504.0
2023-01-31 13:50:00,4397.0,4400.0,4391.0,4393.0,3141.0,138076780.0,344841.0
2023-01-31 13:55:00,4393.0,4393.0,4382.0,4383.0,3648.0,160027080.0,345335.0
2023-01-31 14:00:00,4384.0,4384.0,4362.0,4365.0,11821.0,517014270.0,343695.0
2023-01-31 14:05:00,4364.0,4365.0,4346.0,4348.0,17085.0,744336620.0,342352.0
2023-01-31 14:10:00,4349.0,4357.0,4347.0,4353.0,7507.0,326671760.0,341698.0
2023-01-31 14:15:00,4353.0,4366.0,4347.0,4364.0,6002.0,261510840.0,340854.0
2023-01-31 14:20:00,4363.0,4367.0,4362.0,4365.0,3282.0,143242990.0,340862.0
2023-01-31 14:25:00,4365.0,4366.0,4356.0,4357.0,1717.0,74861520.0,340989.0
2023-01-31 14:30:00,4357.0,4366.0,4356.0,4359.0,3243.0,141418680.0,341374.0
2023-01-31 14:35:00,4358.0,4360.0,4351.0,4355.0,2809.0,122320040.0,341520.0
2023-01-31 14:40:00,4354.0,4355.0,4342.0,4342.0,4578.0,199096720.0,341335.0
2023-01-31 14:45:00,4342.0,4350.0,4338.0,4343.0,7064.0,306810290.0,340411.0
2023-01-31 14:50:00,4343.0,4355.0,4339.0,4352.0,5386.0,234121530.0,339033.0
2023-01-31 14:55:00,4352.0,4356.0,4347.0,4351.0,4961.0,215936560.0,337230.0
2023-01-31 21:00:00,4367.0,4379.0,4359.0,4375.0,17426.0,761713330.0,336566.0
2023-01-31 21:05:00,4374.0,4391.0,4374.0,4388.0,10320.0,452535030.0,337423.0
2023-01-31 21:10:00,4389.0,4395.0,4386.0,4395.0,6880.0,302061730.0,338323.0
2023-01-31 21:15:00,4395.0,4397.0,4385.0,4388.0,5272.0,231484770.0,338711.0
2023-01-31 21:20:00,4387.0,4390.0,4376.0,4384.0,4531.0,198585970.0,338623.0
2023-01-31 21:25:00,4384.0,4384.0,4370.0,4372.0,5016.0,219476140.0,337671.0
2023-01-31 21:30:00,4372.0,4389.0,4372.0,4388.0,5526.0,242106190.0,338572.0
2023-01-31 21:35:00,4387.0,4389.0,4377.0,4380.0,2390.0,104758940.0,338543.0
2023-01-31 21:40:00,4380.0,4384.0,4374.0,4381.0,1754.0,76798290.0,338534.0
2023-01-31 21:45:00,4381.0,4381.0,4374.0,4374.0,1584.0,69341690.0,338192.0
2023-01-31 21:50:00,4374.0,4382.0,4372.0,4377.0,1956.0,85613160.0,337937.0
2023-01-31 21:55:00,4378.0,4383.0,4377.0,4380.0,1623.0,71097810.0,338129.0
2023-01-31 22:00:00,4379.0,4383.0,4379.0,4381.0,3523.0,154337720.0,338421.0
2023-01-31 22:05:00,4381.0,4381.0,4375.0,4379.0,7905.0,346179410.0,338650.0
2023-01-31 22:10:00,4378.0,4386.0,4375.0,4384.0,7971.0,349006100.0,338051.0
2023-01-31 22:15:00,4385.0,4393.0,4384.0,4393.0,2965.0,130169220.0,338209.0
2023-01-31 22:20:00,4392.0,4396.0,4388.0,4390.0,3335.0,146482500.0,338801.0
2023-01-31 22:25:00,4390.0,4395.0,4390.0,4394.0,1296.0,56925580.0,338903.0
2023-01-31 22:30:00,4393.0,4396.0,4387.0,4395.0,2832.0,124350780.0,339178.0
2023-01-31 22:35:00,4395.0,4397.0,4389.0,4389.0,1610.0,70733480.0,339186.0
2023-01-31 22:40:00,4389.0,4392.0,4383.0,4392.0,2233.0,97956180.0,338935.0
2023-01-31 22:45:00,4392.0,4398.0,4390.0,4396.0,2245.0,98671360.0,339070.0
2023-01-31 22:50:00,4395.0,4400.0,4391.0,4394.0,3401.0,149471490.0,338811.0
2023-01-31 22:55:00,4393.0,4400.0,4393.0,4399.0,2955.0,129924680.0,337784.0
2023-02-01 09:00:00,4403.0,4415.0,4401.0,4412.0,10474.0,461722500.0,338806.0
2023-02-01 09:05:00,4413.0,4414.0,4402.0,4405.0,4502.0,198398360.0,339427.0
2023-02-01 09:10:00,4405.0,4408.0,4394.0,4396.0,3455.0,152025070.0,339933.0
2023-02-01 09:15:00,4396.0,4400.0,4393.0,4398.0,2912.0,128036690.0,339711.0
2023-02-01 09:20:00,4399.0,4406.0,4396.0,4396.0,2735.0,120405050.0,339938.0
2023-02-01 09:25:00,4396.0,4399.0,4390.0,4391.0,1988.0,87355320.0,339775.0
2023-02-01 09:30:00,4390.0,4396.0,4388.0,4396.0,2925.0,128428620.0,339692.0
2023-02-01 09:35:00,4395.0,4396.0,4384.0,4390.0,2449.0,107485190.0,339811.0
2023-02-01 09:40:00,4389.0,4397.0,4387.0,4393.0,1615.0,70932960.0,339823.0
2023-02-01 09:45:00,4393.0,4396.0,4390.0,4394.0,1722.0,75651580.0,339989.0
2023-02-01 09:50:00,4394.0,4397.0,4378.0,4383.0,4634.0,203192000.0,339813.0
2023-02-01 09:55:00,4383.0,4385.0,4378.0,4383.0,2924.0,128118140.0,340228.0
2023-02-01 10:00:00,4384.0,4391.0,4383.0,4391.0,1771.0,77713910.0,340132.0
2023-02-01 10:05:00,4390.0,4393.0,4389.0,4389.0,1121.0,49220300.0,340261.0
2023-02-01 10:10:00,4389.0,4390.0,4376.0,4379.0,3335.0,146064550.0,340195.0
2023-02-01 10:30:00,4378.0,4378.0,4365.0,4372.0,6395.0,279482160.0,340467.0
2023-02-01 10:35:00,4372.0,4373.0,4361.0,4363.0,4088.0,178516120.0,340867.0
2023-02-01 10:40:00,4363.0,4366.0,4360.0,4366.0,2650.0,115607360.0,340889.0
2023-02-01 10:45:00,4366.0,4369.0,4364.0,4368.0,2081.0,90868020.0,340726.0
2023-02-01 10:50:00,4368.0,4372.0,4367.0,4369.0,1561.0,68215670.0,340690.0
2023-02-01 10:55:00,4368.0,4371.0,4363.0,4363.0,1238.0,54068880.0,340326.0
2023-02-01 11:00:00,4363.0,4369.0,4362.0,4368.0,2010.0,87737390.0,340756.0
2023-02-01 11:05:00,4366.0,4367.0,4353.0,4358.0,5487.0,239117130.0,340971.0
2023-02-01 11:10:00,4359.0,4370.0,4358.0,4369.0,2213.0,96610170.0,340915.0
2023-02-01 11:15:00,4370.0,4374.0,4368.0,4373.0,2066.0,90314480.0,340901.0
2023-02-01 11:20:00,4373.0,4378.0,4367.0,4370.0,2354.0,102947830.0,340597.0
2023-02-01 11:25:00,4369.0,4372.0,4364.0,4364.0,1472.0,64308990.0,340423.0
2023-02-01 13:30:00,4363.0,4374.0,4362.0,4371.0,2361.0,103139490.0,340606.0
2023-02-01 13:35:00,4371.0,4376.0,4370.0,4371.0,1395.0,61000420.0,340561.0
2023-02-01 13:40:00,4371.0,4371.0,4363.0,4364.0,1631.0,71223830.0,340633.0
2023-02-01 13:45:00,4365.0,4368.0,4361.0,4368.0,1637.0,71430720.0,340692.0
2023-02-01 13:50:00,4367.0,4373.0,4367.0,4368.0,1899.0,82985900.0,340718.0
2023-02-01 13:55:00,4369.0,4371.0,4363.0,4366.0,1756.0,76694710.0,341079.0
2023-02-01 14:00:00,4365.0,4372.0,4365.0,4369.0,1711.0,74748480.0,341256.0
2023-02-01 14:05:00,4369.0,4376.0,4368.0,4376.0,1922.0,84037610.0,341118.0
2023-02-01 14:10:00,4375.0,4378.0,4374.0,4375.0,2485.0,108741650.0,341430.0
2023-02-01 14:15:00,4374.0,4375.0,4370.0,4373.0,2010.0,87886250.0,341821.0
2023-02-01 14:20:00,4372.0,4376.0,4365.0,4375.0,2005.0,87618990.0,341828.0
2023-02-01 14:25:00,4375.0,4377.0,4372.0,4376.0,1444.0,63171260.0,341880.0
2023-02-01 14:30:00,4376.0,4382.0,4374.0,4377.0,3206.0,140407450.0,341806.0
2023-02-01 14:35:00,4376.0,4380.0,4373.0,4374.0,1560.0,68265280.0,341846.0
2023-02-01 14:40:00,4373.0,4376.0,4365.0,4367.0,2493.0,108967860.0,341338.0
2023-02-01 14:45:00,4365.0,4370.0,4363.0,4367.0,2902.0,126707680.0,341100.0
2023-02-01 14:50:00,4367.0,4374.0,4365.0,4374.0,2393.0,104582300.0,341029.0
2023-02-01 14:55:00,4374.0,4379.0,4374.0,4375.0,3755.0,164366840.0,340156.0
2023-02-01 21:00:00,4381.0,4385.0,4363.0,4364.0,12511.0,547392820.0,340635.0
2023-02-01 21:05:00,4364.0,4370.0,4350.0,4351.0,12475.0,543699380.0,341505.0
2023-02-01 21:10:00,4350.0,4355.0,4341.0,4351.0,10577.0,459872970.0,342843.0
2023-02-01 21:15:00,4350.0,4359.0,4345.0,4351.0,5962.0,259492780.0,343005.0
2023-02-01 21:20:00,4350.0,4361.0,4349.0,4358.0,3876.0,168885140.0,343500.0
2023-02-01 21:25:00,4358.0,4360.0,4331.0,4331.0,10137.0,440070990.0,343197.0
2023-02-01 21:30:00,4332.0,4339.0,4326.0,4334.0,8901.0,385609720.0,342592.0
2023-02-01 21:35:00,4333.0,4343.0,4332.0,4332.0,4395.0,190664390.0,342231.0
2023-02-01 21:40:00,4332.0,4334.0,4323.0,4329.0,5747.0,248738420.0,342505.0
2023-02-01 21:45:00,4328.0,4332.0,4324.0,4331.0,2946.0,127503610.0,342678.0
2023-02-01 21:50:00,4330.0,4336.0,4329.0,4331.0,2275.0,98582520.0,342110.0
2023-02-01 21:55:00,4331.0,4333.0,4326.0,4331.0,2740.0,118643640.0,341827.0
2023-02-01 22:00:00,4332.0,4338.0,4328.0,4331.0,3176.0,137617900.0,341364.0
2023-02-01 22:05:00,4331.0,4332.0,4318.0,4326.0,4405.0,190452410.0,340864.0
2023-02-01 22:10:00,4326.0,4332.0,4325.0,4329.0,2030.0,87870650.0,340772.0
2023-02-01 22:15:00,4328.0,4339.0,4328.0,4337.0,2467.0,106944780.0,340562.0
2023-02-01 22:20:00,4338.0,4342.0,4333.0,4334.0,1998.0,86667100.0,340365.0
2023-02-01 22:25:00,4334.0,4338.0,4328.0,4331.0,1544.0,66887950.0,340282.0
2023-02-01 22:30:00,4330.0,4336.0,4329.0,4335.0,1208.0,52339920.0,340373.0
2023-02-01 22:35:00,4336.0,4348.0,4333.0,4341.0,3485.0,151335220.0,339612.0
2023-02-01 22:40:00,4341.0,4345.0,4338.0,4338.0,1501.0,65149670.0,339648.0
2023-02-01 22:45:00,4339.0,4341.0,4333.0,4334.0,1354.0,58720290.0,339434.0
2023-02-01 22:50:00,4334.0,4341.0,4333.0,4340.0,1188.0,51523120.0,339292.0
2023-02-01 22:55:00,4340.0,4342.0,4333.0,4333.0,2241.0,97205970.0,338828.0
2023-02-02 09:00:00,4323.0,4338.0,4320.0,4328.0,11424.0,494507010.0,337712.0
2023-02-02 09:05:00,4327.0,4335.0,4322.0,4324.0,3330.0,144129030.0,337395.0
2023-02-02 09:10:00,4323.0,4341.0,4322.0,4339.0,4209.0,182300740.0,337253.0
2023-02-02 09:15:00,4339.0,4364.0,4335.0,4364.0,10771.0,469057510.0,335659.0
2023-02-02 09:20:00,4362.0,4375.0,4356.0,4367.0,7262.0,317115040.0,335354.0
2023-02-02 09:25:00,4368.0,4370.0,4354.0,4362.0,3868.0,168695890.0,335578.0
2023-02-02 09:30:00,4363.0,4363.0,4348.0,4351.0,2772.0,120707970.0,335618.0
2023-02-02 09:35:00,4350.0,4362.0,4350.0,4356.0,2250.0,98027860.0,335714.0
2023-02-02 09:40:00,4356.0,4363.0,4356.0,4359.0,1657.0,72230930.0,335928.0
2023-02-02 09:45:00,4359.0,4372.0,4359.0,4371.0,2884.0,125885130.0,336482.0
2023-02-02 09:50:00,4371.0,4371.0,4365.0,4366.0,2042.0,89202710.0,336946.0
2023-02-02 09:55:00,4366.0,4374.0,4366.0,4368.0,2796.0,122221680.0,336956.0
2023-02-02 10:00:00,4368.0,4381.0,4364.0,4380.0,4086.0,178696850.0,336813.0
2023-02-02 10:05:00,4380.0,4391.0,4377.0,4378.0,7329.0,321330150.0,337032.0
2023-02-02 10:10:00,4379.0,4383.0,4374.0,4382.0,2362.0,103435770.0,337264.0
2023-02-02 10:30:00,4382.0,4388.0,4369.0,4370.0,4468.0,195620560.0,336869.0
2023-02-02 10:35:00,4370.0,4370.0,4362.0,4364.0,2726.0,118973970.0,336934.0
2023-02-02 10:40:00,4364.0,4370.0,4364.0,4369.0,1776.0,77554250.0,337309.0
2023-02-02 10:45:00,4370.0,4373.0,4360.0,4370.0,2561.0,111843380.0,337816.0
2023-02-02 10:50:00,4370.0,4380.0,4370.0,4377.0,1715.0,75049060.0,338058.0
2023-02-02 10:55:00,4376.0,4384.0,4375.0,4380.0,2391.0,104724400.0,338164.0
2023-02-02 11:00:00,4380.0,4380.0,4371.0,4372.0,1534.0,67113900.0,338046.0
2023-02-02 11:05:00,4371.0,4376.0,4370.0,4371.0,679.0,29692080.0,338053.0
2023-02-02 11:10:00,4370.0,4373.0,4363.0,4364.0,1741.0,76043620.0,337796.0
2023-02-02 11:15:00,4365.0,4368.0,4356.0,4367.0,2515.0,109701960.0,337594.0
2023-02-02 11:20:00,4367.0,4369.0,4362.0,4363.0,1134.0,49500640.0,337600.0
2023-02-02 11:25:00,4362.0,4374.0,4362.0,4373.0,1373.0,59982030.0,337584.0
2023-02-02 13:30:00,4372.0,4379.0,4362.0,4363.0,2938.0,128442640.0,337618.0
2023-02-02 13:35:00,4363.0,4367.0,4362.0,4365.0,1583.0,69084550.0,337467.0
2023-02-02 13:40:00,4365.0,4365.0,4353.0,4356.0,3787.0,165020020.0,337167.0
2023-02-02 13:45:00,4355.0,4355.0,4345.0,4347.0,4850.0,210973920.0,336742.0
2023-02-02 13:50:00,4346.0,4347.0,4334.0,4341.0,6284.0,272714410.0,336703.0
2023-02-02 13:55:00,4340.0,4348.0,4339.0,4341.0,2226.0,96677760.0,336779.0
2023-02-02 14:00:00,4342.0,4344.0,4335.0,4337.0,2140.0,92852280.0,336679.0
2023-02-02 14:05:00,4337.0,4341.0,4328.0,4328.0,4598.0,199230050.0,336536.0
2023-02-02 14:10:00,4328.0,4330.0,4322.0,4325.0,5929.0,256453680.0,336672.0
2023-02-02 14:15:00,4325.0,4325.0,4303.0,4304.0,17582.0,758402440.0,336471.0
2023-02-02 14:20:00,4304.0,4307.0,4292.0,4295.0,12036.0,517501580.0,336165.0
2023-02-02 14:25:00,4296.0,4296.0,4288.0,4289.0,8333.0,357636270.0,336565.0
2023-02-02 14:30:00,4289.0,4301.0,4287.0,4300.0,7647.0,328308550.0,336898.0
2023-02-02 14:35:00,4300.0,4306.0,4298.0,4299.0,4638.0,199536410.0,336505.0
2023-02-02 14:40:00,4299.0,4306.0,4297.0,4299.0,2839.0,122122280.0,335946.0
2023-02-02 14:45:00,4299.0,4299.0,4292.0,4298.0,3102.0,133242640.0,335748.0
2023-02-02 14:50:00,4298.0,4302.0,4293.0,4301.0,2974.0,127799190.0,335682.0
2023-02-02 14:55:00,4301.0,4307.0,4298.0,4299.0,6147.0,264514880.0,334535.0
2023-02-02 21:00:00,4285.0,4306.0,4270.0,4300.0,22477.0,963371670.0,334646.0
2023-02-02 21:05:00,4300.0,4314.0,4299.0,4310.0,7834.0,337422170.0,335036.0
2023-02-02 21:10:00,4311.0,4315.0,4305.0,4306.0,4258.0,183518590.0,335288.0
2023-02-02 21:15:00,4307.0,4312.0,4296.0,4303.0,4528.0,194815720.0,336458.0
2023-02-02 21:20:00,4303.0,4306.0,4302.0,4304.0,2096.0,90205810.0,336958.0
2023-02-02 21:25:00,4304.0,4306.0,4299.0,4301.0,1659.0,71369650.0,337031.0
2023-02-02 21:30:00,4300.0,4311.0,4300.0,4307.0,2753.0,118572520.0,336909.0
2023-02-02 21:35:00,4307.0,4308.0,4296.0,4299.0,2477.0,106527230.0,337253.0
2023-02-02 21:40:00,4299.0,4302.0,4295.0,4297.0,1430.0,61465570.0,337305.0
2023-02-02 21:45:00,4298.0,4301.0,4295.0,4296.0,1351.0,58056650.0,337457.0
2023-02-02 21:50:00,4296.0,4299.0,4290.0,4291.0,2708.0,116283760.0,337653.0
2023-02-02 21:55:00,4291.0,4297.0,4288.0,4289.0,3799.0,163121570.0,337671.0
2023-02-02 22:00:00,4289.0,4293.0,4281.0,4290.0,3881.0,166387700.0,337649.0
2023-02-02 22:05:00,4290.0,4295.0,4284.0,4293.0,2771.0,118842940.0,337614.0
2023-02-02 22:10:00,4294.0,4296.0,4288.0,4296.0,2196.0,94252990.0,337129.0
2023-02-02 22:15:00,4297.0,4302.0,4291.0,4300.0,1981.0,85104420.0,336792.0
2023-02-02 22:20:00,4301.0,4301.0,4292.0,4293.0,1300.0,55848800.0,336659.0
2023-02-02 22:25:00,4292.0,4298.0,4291.0,4297.0,1085.0,46604510.0,336536.0
2023-02-02 22:30:00,4296.0,4305.0,4290.0,4299.0,3870.0,166358010.0,336535.0
2023-02-02 22:35:00,4299.0,4299.0,4290.0,4293.0,1185.0,50888850.0,336520.0
2023-02-02 22:40:00,4294.0,4294.0,4288.0,4288.0,1245.0,53415740.0,336547.0
2023-02-02 22:45:00,4288.0,4292.0,4286.0,4287.0,1632.0,69995450.0,336350.0
2023-02-02 22:50:00,4287.0,4288.0,4280.0,4282.0,2914.0,124797210.0,336158.0
2023-02-02 22:55:00,4283.0,4285.0,4255.0,4257.0,7528.0,321539650.0,335743.0
2023-02-03 09:00:00,4264.0,4274.0,4256.0,4260.0,12629.0,538502560.0,336216.0
2023-02-03 09:05:00,4260.0,4264.0,4253.0,4255.0,6060.0,258107180.0,336232.0
2023-02-03 09:10:00,4256.0,4260.0,4250.0,4251.0,5769.0,245424030.0,336932.0
2023-02-03 09:15:00,4252.0,4263.0,4250.0,4258.0,4669.0,198732080.0,337598.0
2023-02-03 09:20:00,4258.0,4268.0,4257.0,4266.0,2895.0,123392830.0,337879.0
2023-02-03 09:25:00,4265.0,4266.0,4255.0,4256.0,2613.0,111315930.0,338014.0
2023-02-03 09:30:00,4255.0,4259.0,4255.0,4257.0,2195.0,93434270.0,338336.0
2023-02-03 09:35:00,4256.0,4261.0,4254.0,4259.0,2597.0,110569270.0,338846.0
2023-02-03 09:40:00,4259.0,4259.0,4248.0,4248.0,4061.0,172664930.0,339969.0
2023-02-03 09:45:00,4248.0,4253.0,4248.0,4249.0,2125.0,90325350.0,339874.0
2023-02-03 09:50:00,4249.0,4255.0,4248.0,4254.0,1967.0,83624110.0,339949.0
2023-02-03 09:55:00,4255.0,4256.0,4240.0,4243.0,4494.0,190800680.0,340270.0
2023-02-03 10:00:00,4242.0,4244.0,4233.0,4238.0,6644.0,281588020.0,340147.0
2023-02-03 10:05:00,4238.0,4245.0,4234.0,4240.0,4323.0,183281590.0,340324.0
2023-02-03 10:10:00,4241.0,4245.0,4237.0,4238.0,2050.0,86935150.0,340165.0
2023-02-03 10:30:00,4239.0,4239.0,4225.0,4226.0,7285.0,308189040.0,342087.0
2023-02-03 10:35:00,4227.0,4228.0,4215.0,4215.0,7814.0,329810910.0,344079.0
2023-02-03 10:40:00,4215.0,4216.0,4208.0,4209.0,8272.0,348363090.0,346740.0
2023-02-03 10:45:00,4210.0,4222.0,4209.0,4219.0,5015.0,211532420.0,346487.0
2023-02-03 10:50:00,4218.0,4220.0,4214.0,4217.0,3048.0,128512470.0,346587.0
2023-02-03 10:55:00,4218.0,4218.0,4213.0,4216.0,1779.0,74995600.0,346696.0
2023-02-03 11:00:00,4215.0,4227.0,4212.0,4226.0,4572.0,192953740.0,346951.0
2023-02-03 11:05:00,4226.0,4234.0,4224.0,4228.0,4748.0,200835840.0,346881.0
2023-02-03 11:10:00,4228.0,4240.0,4228.0,4235.0,5634.0,238676710.0,346421.0
2023-02-03 11:15:00,4236.0,4249.0,4235.0,4248.0,5141.0,218170460.0,345761.0
2023-02-03 11:20:00,4248.0,4253.0,4241.0,4241.0,3993.0,169638750.0,345389.0
2023-02-03 11:25:00,4242.0,4246.0,4228.0,4229.0,3602.0,152629870.0,345376.0
2023-02-03 13:30:00,4230.0,4238.0,4226.0,4238.0,5354.0,226610730.0,345545.0
2023-02-03 13:35:00,4237.0,4250.0,4237.0,4245.0,4317.0,183171170.0,345430.0
2023-02-03 13:40:00,4246.0,4248.0,4233.0,4234.0,3122.0,132416530.0,345420.0
2023-02-03 13:45:00,4234.0,4242.0,4232.0,4238.0,2367.0,100295240.0,345508.0
2023-02-03 13:50:00,4237.0,4243.0,4233.0,4235.0,2139.0,90674770.0,345634.0
2023-02-03 13:55:00,4234.0,4235.0,4222.0,4225.0,4541.0,191940110.0,347243.0
2023-02-03 14:00:00,4225.0,4228.0,4218.0,4223.0,4100.0,173148240.0,348824.0
2023-02-03 14:05:00,4223.0,4227.0,4219.0,4220.0,9680.0,408855370.0,351009.0
2023-02-03 14:10:00,4219.0,4230.0,4219.0,4227.0,5266.0,222421440.0,350810.0
2023-02-03 14:15:00,4227.0,4228.0,4221.0,4225.0,2245.0,94831420.0,351026.0
2023-02-03 14:20:00,4224.0,4230.0,4217.0,4229.0,3807.0,160776800.0,351530.0
2023-02-03 14:25:00,4229.0,4234.0,4227.0,4233.0,3999.0,169214230.0,351453.0
2023-02-03 14:30:00,4232.0,4238.0,4228.0,4235.0,4368.0,184899470.0,352082.0
2023-02-03 14:35:00,4235.0,4235.0,4227.0,4233.0,2690.0,113804170.0,351941.0
2023-02-03 14:40:00,4234.0,4234.0,4225.0,4227.0,2776.0,117397240.0,352212.0
2023-02-03 14:45:00,4226.0,4226.0,4218.0,4220.0,5392.0,227594210.0,352364.0
2023-02-03 14:50:00,4220.0,4230.0,4214.0,4230.0,5490.0,231668070.0,351978.0
2023-02-03 14:55:00,4230.0,4230.0,4221.0,4222.0,6938.0,293122180.0,351436.0
2023-02-03 21:00:00,4222.0,4232.0,4219.0,4231.0,16203.0,684622930.0,353273.0
2023-02-03 21:05:00,4231.0,4231.0,4220.0,4227.0,6501.0,274581350.0,355359.0
2023-02-03 21:10:00,4227.0,4228.0,4207.0,4215.0,10091.0,425422760.0,357408.0
2023-02-03 21:15:00,4216.0,4217.0,4207.0,4209.0,4982.0,209811550.0,358615.0
2023-02-03 21:20:00,4208.0,4214.0,4206.0,4211.0,3815.0,160604130.0,359606.0
2023-02-03 21:25:00,4211.0,4219.0,4210.0,4216.0,2525.0,106447620.0,359917.0
2023-02-03 21:30:00,4216.0,4216.0,4206.0,4209.0,4536.0,190977530.0,361101.0
2023-02-03 21:35:00,4209.0,4215.0,4204.0,4214.0,3474.0,146205690.0,361890.0
2023-02-03 21:40:00,4214.0,4221.0,4212.0,4213.0,3170.0,133676330.0,362264.0
2023-02-03 21:45:00,4213.0,4214.0,4206.0,4207.0,2190.0,92214100.0,362716.0
2023-02-03 21:50:00,4208.0,4217.0,4207.0,4216.0,1731.0,72918190.0,362782.0
2023-02-03 21:55:00,4217.0,4227.0,4216.0,4223.0,3422.0,144485150.0,362507.0
2023-02-03 22:00:00,4223.0,4228.0,4221.0,4228.0,3426.0,144748740.0,362860.0
2023-02-03 22:05:00,4228.0,4233.0,4224.0,4224.0,4887.0,206637480.0,363466.0
2023-02-03 22:10:00,4225.0,4231.0,4225.0,4228.0,2842.0,120155200.0,363549.0
2023-02-03 22:15:00,4228.0,4231.0,4221.0,4222.0,2461.0,104009060.0,363534.0
2023-02-03 22:20:00,4222.0,4228.0,4221.0,4228.0,1285.0,54275380.0,363472.0
2023-02-03 22:25:00,4228.0,4228.0,4221.0,4223.0,1153.0,48699800.0,363700.0
2023-02-03 22:30:00,4223.0,4231.0,4222.0,4229.0,2267.0,95823240.0,363608.0
2023-02-03 22:35:00,4229.0,4234.0,4226.0,4234.0,2525.0,106828570.0,363564.0
2023-02-03 22:40:00,4234.0,4247.0,4232.0,4243.0,6303.0,267234990.0,362354.0
2023-02-03 22:45:00,4243.0,4254.0,4239.0,4252.0,6550.0,278172640.0,360860.0
2023-02-03 22:50:00,4252.0,4255.0,4246.0,4250.0,6214.0,264165230.0,359442.0
2023-02-03 22:55:00,4250.0,4260.0,4247.0,4257.0,5852.0,248930070.0,357899.0
2023-02-06 09:00:00,4218.0,4225.0,4195.0,4200.0,27193.0,1145099820.0,357620.0
2023-02-06 09:05:00,4200.0,4209.0,4188.0,4188.0,11218.0,471030060.0,358148.0
2023-02-06 09:10:00,4188.0,4198.0,4178.0,4195.0,12272.0,513576980.0,358872.0
2023-02-06 09:15:00,4194.0,4194.0,4181.0,4189.0,5271.0,220666300.0,360282.0
2023-02-06 09:20:00,4189.0,4202.0,4183.0,4200.0,5340.0,224020760.0,359198.0
2023-02-06 09:25:00,4200.0,4203.0,4191.0,4191.0,3508.0,147227640.0,359330.0
2023-02-06 09:30:00,4192.0,4204.0,4188.0,4204.0,3742.0,157037700.0,359374.0
2023-02-06 09:35:00,4204.0,4213.0,4203.0,4213.0,6042.0,254264420.0,359760.0
2023-02-06 09:40:00,4213.0,4214.0,4203.0,4205.0,2602.0,109511440.0,360236.0
2023-02-06 09:45:00,4204.0,4210.0,4201.0,4210.0,2512.0,105636720.0,360366.0
2023-02-06 09:50:00,4210.0,4213.0,4202.0,4212.0,2901.0,122056020.0,360307.0
2023-02-06 09:55:00,4212.0,4219.0,4208.0,4210.0,3369.0,141977270.0,360307.0
2023-02-06 10:00:00,4210.0,4212.0,4205.0,4211.0,3974.0,167211940.0,360431.0
2023-02-06 10:05:00,4211.0,4215.0,4205.0,4207.0,2198.0,92534180.0,360114.0
2023-02-06 10:10:00,4207.0,4210.0,4196.0,4197.0,4082.0,171501920.0,359914.0
2023-02-06 10:30:00,4197.0,4199.0,4191.0,4196.0,3639.0,152669450.0,360186.0
2023-02-06 10:35:00,4195.0,4205.0,4194.0,4203.0,2960.0,124307240.0,359833.0
2023-02-06 10:40:00,4203.0,4218.0,4201.0,4214.0,4846.0,204102150.0,359057.0
2023-02-06 10:45:00,4214.0,4233.0,4212.0,4232.0,6417.0,270984950.0,358125.0
2023-02-06 10:50:00,4232.0,4234.0,4223.0,4225.0,4016.0,169826090.0,357826.0
2023-02-06 10:55:00,4224.0,4231.0,4222.0,4223.0,2741.0,115857000.0,357679.0
2023-02-06 11:00:00,4224.0,4229.0,4218.0,4229.0,2502.0,105658780.0,357290.0
2023-02-06 11:05:00,4229.0,4232.0,4226.0,4231.0,2641.0,111689320.0,356988.0
2023-02-06 11:10:00,4231.0,4232.0,4221.0,4221.0,1691.0,71458930.0,357205.0
2023-02-06 11:15:00,4222.0,4226.0,4212.0,4212.0,3298.0,139123290.0,357326.0
2023-02-06 11:20:00,4213.0,4217.0,4211.0,4212.0,1349.0,56839630.0,357358.0
2023-02-06 11:25:00,4211.0,4215.0,4206.0,4214.0,2536.0,106758740.0,357398.0
2023-02-06 13:30:00,4213.0,4222.0,4208.0,4220.0,3244.0,136741650.0,357512.0
2023-02-06 13:35:00,4220.0,4223.0,4215.0,4216.0,1974.0,83280590.0,357922.0
2023-02-06 13:40:00,4216.0,4217.0,4210.0,4215.0,2332.0,98251470.0,358742.0
2023-02-06 13:45:00,4215.0,4219.0,4213.0,4215.0,1981.0,83527240.0,358954.0
2023-02-06 13:50:00,4215.0,4225.0,4214.0,4221.0,2782.0,117389080.0,359099.0
2023-02-06 13:55:00,4221.0,4230.0,4219.0,4229.0,2883.0,121797530.0,359280.0
2023-02-06 14:00:00,4231.0,4231.0,4220.0,4222.0,2641.0,111580220.0,359301.0
2023-02-06 14:05:00,4221.0,4227.0,4218.0,4227.0,1855.0,78337170.0,359668.0
2023-02-06 14:10:00,4226.0,4228.0,4223.0,4226.0,1357.0,57334710.0,359881.0
2023-02-06 14:15:00,4225.0,4227.0,4219.0,4220.0,1698.0,71686870.0,360044.0
2023-02-06 14:20:00,4219.0,4220.0,4212.0,4214.0,2910.0,122676400.0,360076.0
2023-02-06 14:25:00,4213.0,4219.0,4213.0,4214.0,1369.0,57712360.0,360363.0
2023-02-06 14:30:00,4214.0,4217.0,4211.0,4216.0,2380.0,100285610.0,360724.0
2023-02-06 14:35:00,4216.0,4225.0,4215.0,4223.0,2526.0,106594100.0,360812.0
2023-02-06 14:40:00,4224.0,4225.0,4219.0,4220.0,1987.0,83884670.0,360505.0
2023-02-06 14:45:00,4219.0,4222.0,4216.0,4218.0,1819.0,76746360.0,360860.0
2023-02-06 14:50:00,4218.0,4219.0,4214.0,4216.0,3473.0,146448950.0,361416.0
2023-02-06 14:55:00,4216.0,4222.0,4215.0,4220.0,4368.0,184273830.0,360412.0
2023-02-06 21:00:00,4220.0,4221.0,4206.0,4207.0,18412.0,775975530.0,366589.0
2023-02-06 21:05:00,4207.0,4215.0,4206.0,4210.0,6097.0,256762910.0,368374.0
2023-02-06 21:10:00,4210.0,4230.0,4210.0,4225.0,8364.0,353208840.0,369393.0
2023-02-06 21:15:00,4225.0,4234.0,4221.0,4226.0,6594.0,278858720.0,370350.0
2023-02-06 21:20:00,4226.0,4227.0,4218.0,4220.0,3483.0,147074370.0,370690.0
2023-02-06 21:25:00,4220.0,4225.0,4218.0,4224.0,2171.0,91657690.0,370898.0
2023-02-06 21:30:00,4224.0,4225.0,4215.0,4217.0,2712.0,114417060.0,371482.0
2023-02-06 21:35:00,4217.0,4220.0,4214.0,4220.0,2139.0,90192910.0,371857.0
2023-02-06 21:40:00,4220.0,4220.0,4212.0,4219.0,2820.0,118871500.0,371763.0
2023-02-06 21:45:00,4217.0,4218.0,4215.0,4217.0,1175.0,49544230.0,372009.0
2023-02-06 21:50:00,4217.0,4220.0,4213.0,4215.0,1655.0,69768470.0,372422.0
2023-02-06 21:55:00,4215.0,4215.0,4212.0,4213.0,1553.0,65427240.0,372875.0
2023-02-06 22:00:00,4213.0,4219.0,4207.0,4207.0,3966.0,167008920.0,373695.0
2023-02-06 22:05:00,4209.0,4213.0,4207.0,4210.0,1621.0,68262560.0,373646.0
2023-02-06 22:10:00,4209.0,4216.0,4209.0,4209.0,1430.0,60236750.0,373679.0
2023-02-06 22:15:00,4209.0,4214.0,4201.0,4209.0,4529.0,190493520.0,374113.0
2023-02-06 22:20:00,4208.0,4214.0,4208.0,4211.0,4512.0,189985910.0,374393.0
2023-02-06 22:25:00,4211.0,4218.0,4209.0,4214.0,3440.0,144919960.0,374402.0
2023-02-06 22:30:00,4214.0,4223.0,4213.0,4216.0,5417.0,228613650.0,373599.0
2023-02-06 22:35:00,4216.0,4218.0,4210.0,4212.0,2008.0,84604900.0,373591.0
2023-02-06 22:40:00,4211.0,4211.0,4204.0,4204.0,2671.0,112365570.0,373598.0
2023-02-06 22:45:00,4204.0,4207.0,4196.0,4203.0,4246.0,178372870.0,373628.0
2023-02-06 22:50:00,4203.0,4207.0,4199.0,4202.0,2022.0,84978090.0,373503.0
2023-02-06 22:55:00,4204.0,4206.0,4200.0,4201.0,2631.0,110570830.0,372641.0
2023-02-07 09:00:00,4212.0,4222.0,4210.0,4222.0,7049.0,297179140.0,372213.0
2023-02-07 09:05:00,4222.0,4230.0,4218.0,4224.0,6261.0,264539840.0,372154.0
2023-02-07 09:10:00,4224.0,4229.0,4221.0,4222.0,2833.0,119680620.0,372176.0
2023-02-07 09:15:00,4222.0,4223.0,4209.0,4215.0,4355.0,183569580.0,372700.0
2023-02-07 09:20:00,4214.0,4221.0,4211.0,4220.0,2359.0,99448430.0,372917.0
2023-02-07 09:25:00,4220.0,4222.0,4215.0,4220.0,1790.0,75509800.0,372950.0
2023-02-07 09:30:00,4221.0,4226.0,4219.0,4224.0,2367.0,99949740.0,373272.0
2023-02-07 09:35:00,4223.0,4224.0,4211.0,4211.0,2671.0,112609700.0,373477.0
2023-02-07 09:40:00,4211.0,4214.0,4207.0,4210.0,3018.0,127052830.0,374317.0
2023-02-07 09:45:00,4210.0,4214.0,4206.0,4206.0,2067.0,87027040.0,374708.0
2023-02-07 09:50:00,4206.0,4217.0,4206.0,4216.0,1981.0,83456260.0,375132.0
2023-02-07 09:55:00,4215.0,4219.0,4212.0,4213.0,1916.0,80772580.0,375380.0
2023-02-07 10:00:00,4214.0,4217.0,4211.0,4216.0,1353.0,57013730.0,375716.0
2023-02-07 10:05:00,4216.0,4220.0,4213.0,4218.0,2051.0,86489600.0,376105.0
2023-02-07 10:10:00,4218.0,4223.0,4217.0,4219.0,2279.0,96176240.0,375767.0
2023-02-07 10:30:00,4219.0,4227.0,4214.0,4215.0,3749.0,158232460.0,375903.0
2023-02-07 10:35:00,4215.0,4221.0,4212.0,4220.0,2434.0,102654650.0,376144.0
2023-02-07 10:40:00,4220.0,4221.0,4214.0,4219.0,1627.0,68625850.0,376259.0
2023-02-07 10:45:00,4220.0,4220.0,4213.0,4213.0,1510.0,63656950.0,376179.0
2023-02-07 10:50:00,4213.0,4220.0,4210.0,4219.0,2630.0,110811110.0,376149.0
2023-02-07 10:55:00,4219.0,4224.0,4216.0,4219.0,2498.0,105425940.0,375911.0
2023-02-07 11:00:00,4218.0,4220.0,4210.0,4213.0,3220.0,135675860.0,376593.0
2023-02-07 11:05:00,4214.0,4216.0,4211.0,4215.0,1057.0,44534780.0,376816.0
2023-02-07 11:10:00,4215.0,4218.0,4210.0,4214.0,1846.0,77778440.0,377165.0
2023-02-07 11:15:00,4214.0,4215.0,4207.0,4212.0,2804.0,118055890.0,377475.0
2023-02-07 11:20:00,4212.0,4220.0,4207.0,4209.0,3660.0,154228410.0,377573.0
2023-02-07 11:25:00,4209.0,4213.0,4204.0,4205.0,3772.0,158670230.0,377738.0
2023-02-07 13:30:00,4205.0,4206.0,4194.0,4197.0,8275.0,347487900.0,378546.0
2023-02-07 13:35:00,4196.0,4199.0,4185.0,4188.0,9638.0,403798820.0,378727.0
2023-02-07 13:40:00,4188.0,4194.0,4186.0,4187.0,5954.0,249448010.0,380502.0
2023-02-07 13:45:00,4187.0,4198.0,4187.0,4198.0,5561.0,233112490.0,381152.0
2023-02-07 13:50:00,4198.0,4204.0,4195.0,4204.0,3848.0,161587730.0,380761.0
2023-02-07 13:55:00,4204.0,4208.0,4201.0,4202.0,3490.0,146728150.0,380681.0
2023-02-07 14:00:00,4202.0,4213.0,4201.0,4211.0,4309.0,181316600.0,380788.0
2023-02-07 14:05:00,4212.0,4213.0,4206.0,4208.0,3128.0,131662910.0,380659.0
2023-02-07 14:10:00,4208.0,4220.0,4208.0,4215.0,5683.0,239552240.0,381041.0
2023-02-07 14:15:00,4215.0,4222.0,4211.0,4218.0,4083.0,172166210.0,381262.0
2023-02-07 14:20:00,4217.0,4219.0,4210.0,4213.0,2716.0,114428970.0,381119.0
2023-02-07 14:25:00,4212.0,4215.0,4205.0,4207.0,2776.0,116857760.0,381285.0
2023-02-07 14:30:00,4207.0,4213.0,4207.0,4211.0,2213.0,93163870.0,381825.0
2023-02-07 14:35:00,4210.0,4213.0,4207.0,4208.0,2258.0,95060160.0,382031.0
2023-02-07 14:40:00,4208.0,4213.0,4206.0,4210.0,1844.0,77631870.0,382099.0
2023-02-07 14:45:00,4211.0,4216.0,4209.0,4215.0,2725.0,114794710.0,382001.0
2023-02-07 14:50:00,4216.0,4218.0,4210.0,4216.0,3262.0,137492090.0,381655.0
2023-02-07 14:55:00,4216.0,4222.0,4216.0,4220.0,5355.0,225925620.0,380512.0
2023-02-07 21:00:00,4212.0,4218.0,4202.0,4204.0,17304.0,728291260.0,384964.0
2023-02-07 21:05:00,4203.0,4206.0,4193.0,4193.0,11467.0,481486920.0,387494.0
2023-02-07 21:10:00,4194.0,4196.0,4190.0,4193.0,6170.0,258701410.0,388673.0
2023-02-07 21:15:00,4193.0,4198.0,4192.0,4195.0,3899.0,163600520.0,389577.0
2023-02-07 21:20:00,4196.0,4200.0,4188.0,4192.0,5200.0,218015900.0,390758.0
2023-02-07 21:25:00,4191.0,4192.0,4182.0,4190.0,7134.0,298719030.0,392093.0
2023-02-07 21:30:00,4191.0,4191.0,4185.0,4188.0,2678.0,112152480.0,392461.0
2023-02-07 21:35:00,4188.0,4196.0,4180.0,4196.0,5728.0,239807640.0,392991.0
2023-02-07 21:40:00,4195.0,4204.0,4195.0,4197.0,6737.0,282954490.0,391941.0
2023-02-07 21:45:00,4198.0,4202.0,4198.0,4200.0,1459.0,61278210.0,392041.0
2023-02-07 21:50:00,4200.0,4202.0,4193.0,4197.0,2077.0,87164170.0,391960.0
2023-02-07 21:55:00,4196.0,4200.0,4196.0,4197.0,1119.0,46978980.0,392210.0
2023-02-07 22:00:00,4197.0,4197.0,4186.0,4189.0,3804.0,159395410.0,392479.0
2023-02-07 22:05:00,4190.0,4190.0,4185.0,4185.0,2424.0,101494840.0,392886.0
2023-02-07 22:10:00,4185.0,4188.0,4183.0,4185.0,2372.0,99280170.0,393246.0
2023-02-07 22:15:00,4186.0,4190.0,4181.0,4181.0,3323.0,139065230.0,393885.0
2023-02-07 22:20:00,4181.0,4190.0,4177.0,4187.0,8015.0,335167710.0,394515.0
2023-02-07 22:25:00,4186.0,4188.0,4183.0,4183.0,1647.0,68944620.0,394798.0
2023-02-07 22:30:00,4183.0,4185.0,4177.0,4181.0,4378.0,183014010.0,394835.0
2023-02-07 22:35:00,4181.0,4182.0,4172.0,4174.0,5684.0,237357040.0,396347.0
2023-02-07 22:40:00,4175.0,4181.0,4174.0,4177.0,2645.0,110487490.0,397004.0
2023-02-07 22:45:00,4178.0,4178.0,4166.0,4170.0,8447.0,352285760.0,398463.0
2023-02-07 22:50:00,4170.0,4171.0,4161.0,4168.0,5159.0,214895790.0,399423.0
2023-02-07 22:55:00,4167.0,4169.0,4161.0,4162.0,5359.0,223210490.0,399153.0
2023-02-08 09:00:00,4180.0,4193.0,4178.0,4193.0,16071.0,672722230.0,398751.0
2023-02-08 09:05:00,4192.0,4192.0,4181.0,4186.0,4328.0,181224260.0,399121.0
2023-02-08 09:10:00,4187.0,4189.0,4178.0,4182.0,3668.0,153411230.0,400011.0
2023-02-08 09:15:00,4182.0,4187.0,4178.0,4183.0,2711.0,113436280.0,400412.0
2023-02-08 09:20:00,4183.0,4183.0,4175.0,4176.0,2918.0,121937620.0,401157.0
2023-02-08 09:25:00,4176.0,4186.0,4175.0,4184.0,3395.0,141983980.0,401802.0
2023-02-08 09:30:00,4184.0,4190.0,4183.0,4188.0,3957.0,165666090.0,402049.0
2023-02-08 09:35:00,4187.0,4192.0,4187.0,4188.0,2724.0,114130340.0,401523.0
2023-02-08 09:40:00,4188.0,4190.0,4182.0,4184.0,2052.0,85887340.0,400942.0
2023-02-08 09:45:00,4183.0,4186.0,4176.0,4177.0,2900.0,121256640.0,400922.0
2023-02-08 09:50:00,4177.0,4182.0,4176.0,4179.0,1831.0,76534210.0,401197.0
2023-02-08 09:55:00,4179.0,4186.0,4179.0,4181.0,1903.0,79596390.0,401609.0
2023-02-08 10:00:00,4181.0,4191.0,4180.0,4190.0,3760.0,157456880.0,401822.0
2023-02-08 10:05:00,4189.0,4191.0,4186.0,4189.0,2010.0,84187980.0,401683.0
2023-02-08 10:10:00,4188.0,4195.0,4186.0,4194.0,2605.0,109169030.0,401256.0
2023-02-08 10:30:00,4194.0,4203.0,4194.0,4199.0,6554.0,275162900.0,401079.0
2023-02-08 10:35:00,4199.0,4205.0,4196.0,4203.0,3651.0,153372570.0,400946.0
2023-02-08 10:40:00,4203.0,4211.0,4201.0,4210.0,4939.0,207766330.0,400148.0
2023-02-08 10:45:00,4210.0,4211.0,4203.0,4207.0,4844.0,203789470.0,400240.0
2023-02-08 10:50:00,4207.0,4209.0,4198.0,4199.0,2545.0,106940550.0,399999.0
2023-02-08 10:55:00,4199.0,4201.0,4194.0,4195.0,2893.0,121402510.0,400215.0
2023-02-08 11:00:00,4195.0,4195.0,4183.0,4184.0,4696.0,196639720.0,400958.0
2023-02-08 11:05:00,4185.0,4187.0,4180.0,4183.0,3516.0,147088470.0,401544.0
2023-02-08 11:10:00,4183.0,4185.0,4180.0,4181.0,2125.0,88880090.0,401892.0
2023-02-08 11:15:00,4181.0,4184.0,4178.0,4183.0,3157.0,131999360.0,402333.0
2023-02-08 11:20:00,4183.0,4187.0,4169.0,4171.0,6550.0,273459070.0,402955.0
2023-02-08 11:25:00,4171.0,4175.0,4168.0,4174.0,3786.0,157902570.0,403430.0
2023-02-08 13:30:00,4173.0,4178.0,4164.0,4170.0,6120.0,255223550.0,404857.0
2023-02-08 13:35:00,4170.0,4172.0,4164.0,4167.0,3816.0,159025220.0,405827.0
2023-02-08 13:40:00,4167.0,4169.0,4163.0,4169.0,3888.0,161960620.0,406645.0
2023-02-08 13:45:00,4169.0,4171.0,4163.0,4171.0,3003.0,125124990.0,407384.0
2023-02-08 13:50:00,4171.0,4174.0,4168.0,4169.0,2801.0,116815330.0,408193.0
2023-02-08 13:55:00,4168.0,4177.0,4168.0,4175.0,3607.0,150531450.0,408149.0
2023-02-08 14:00:00,4175.0,4180.0,4173.0,4179.0,3694.0,154305140.0,408606.0
2023-02-08 14:05:00,4179.0,4181.0,4172.0,4173.0,3278.0,136895740.0,409221.0
2023-02-08 14:10:00,4173.0,4177.0,4172.0,4176.0,1549.0,64661080.0,409260.0
2023-02-08 14:15:00,4176.0,4183.0,4176.0,4179.0,2852.0,119207410.0,408973.0
2023-02-08 14:20:00,4178.0,4179.0,4175.0,4179.0,1292.0,53961890.0,409043.0
2023-02-08 14:25:00,4179.0,4184.0,4178.0,4182.0,2787.0,116536490.0,408962.0
2023-02-08 14:30:00,4182.0,4189.0,4178.0,4186.0,3538.0,148047880.0,408932.0
2023-02-08 14:35:00,4186.0,4193.0,4184.0,4190.0,3739.0,156652010.0,408346.0
2023-02-08 14:40:00,4189.0,4194.0,4181.0,4181.0,4019.0,168272680.0,408021.0
2023-02-08 14:45:00,4181.0,4191.0,4181.0,4190.0,2869.0,120091560.0,407596.0
2023-02-08 14:50:00,4190.0,4198.0,4188.0,4197.0,4576.0,191912800.0,406667.0
2023-02-08 14:55:00,4197.0,4200.0,4190.0,4192.0,6473.0,271612220.0,406151.0
2023-02-08 21:00:00,4200.0,4206.0,4184.0,4187.0,14928.0,626130050.0,408070.0
2023-02-08 21:05:00,4187.0,4190.0,4181.0,4187.0,5920.0,247703830.0,408835.0
2023-02-08 21:10:00,4187.0,4194.0,4187.0,4189.0,5407.0,226584130.0,408856.0
2023-02-08 21:15:00,4189.0,4195.0,4185.0,4187.0,3464.0,145090050.0,409114.0
2023-02-08 21:20:00,4187.0,4192.0,4182.0,4191.0,2972.0,124433890.0,409371.0
2023-02-08 21:25:00,4192.0,4194.0,4188.0,4189.0,2760.0,115681420.0,409634.0
2023-02-08 21:30:00,4188.0,4194.0,4187.0,4187.0,2531.0,106088020.0,409497.0
2023-02-08 21:35:00,4188.0,4193.0,4185.0,4189.0,2281.0,95526610.0,409517.0
2023-02-08 21:40:00,4189.0,4194.0,4188.0,4193.0,1667.0,69864820.0,409482.0
2023-02-08 21:45:00,4192.0,4193.0,4188.0,4192.0,1290.0,54062450.0,409444.0
2023-02-08 21:50:00,4192.0,4194.0,4189.0,4193.0,2364.0,99097650.0,409488.0
2023-02-08 21:55:00,4193.0,4207.0,4192.0,4205.0,5780.0,242792820.0,408862.0
2023-02-08 22:00:00,4204.0,4207.0,4196.0,4204.0,6075.0,255211450.0,408750.0
2023-02-08 22:05:00,4204.0,4204.0,4193.0,4198.0,4048.0,169923540.0,408865.0
2023-02-08 22:10:00,4197.0,4197.0,4186.0,4187.0,4093.0,171558770.0,409208.0
2023-02-08 22:15:00,4187.0,4189.0,4182.0,4183.0,4654.0,194773270.0,410125.0
2023-02-08 22:20:00,4184.0,4186.0,4178.0,4185.0,4616.0,193032570.0,410235.0
2023-02-08 22:25:00,4186.0,4187.0,4183.0,4186.0,1493.0,62483100.0,410414.0
2023-02-08 22:30:00,4186.0,4186.0,4175.0,4178.0,3457.0,144513870.0,410597.0
2023-02-08 22:35:00,4177.0,4184.0,4177.0,4181.0,2482.0,103775580.0,410748.0
2023-02-08 22:40:00,4180.0,4181.0,4171.0,4174.0,4460.0,186207000.0,411470.0
2023-02-08 22:45:00,4174.0,4176.0,4171.0,4173.0,2738.0,114277320.0,411679.0
2023-02-08 22:50:00,4172.0,4176.0,4171.0,4174.0,2678.0,111752540.0,412001.0
2023-02-08 22:55:00,4173.0,4177.0,4170.0,4171.0,3418.0,142672770.0,411548.0
2023-02-09 09:00:00,4177.0,4185.0,4172.0,4182.0,6823.0,285141410.0,412228.0
2023-02-09 09:05:00,4182.0,4185.0,4178.0,4179.0,4025.0,168331190.0,412309.0
2023-02-09 09:10:00,4179.0,4179.0,4172.0,4178.0,3562.0,148737300.0,412802.0
2023-02-09 09:15:00,4177.0,4177.0,4171.0,4172.0,3132.0,130707040.0,414130.0
2023-02-09 09:20:00,4171.0,4176.0,4171.0,4175.0,2210.0,92228590.0,414866.0
2023-02-09 09:25:00,4174.0,4176.0,4168.0,4174.0,4128.0,172170800.0,415500.0
2023-02-09 09:30:00,4175.0,4182.0,4174.0,4179.0,3368.0,140733320.0,415175.0
2023-02-09 09:35:00,4179.0,4183.0,4177.0,4181.0,2079.0,86906750.0,415279.0
2023-02-09 09:40:00,4181.0,4190.0,4180.0,4185.0,3636.0,152152030.0,414619.0
2023-02-09 09:45:00,4186.0,4195.0,4184.0,4189.0,5522.0,231371480.0,413060.0
2023-02-09 09:50:00,4189.0,4193.0,4185.0,4189.0,2910.0,121901640.0,413369.0
2023-02-09 09:55:00,4188.0,4193.0,4183.0,4192.0,2746.0,115012420.0,413584.0
2023-02-09 10:00:00,4191.0,4198.0,4188.0,4195.0,3992.0,167375370.0,413965.0
2023-02-09 10:05:00,4196.0,4196.0,4188.0,4195.0,2879.0,120685490.0,413874.0
2023-02-09 10:10:00,4195.0,4196.0,4191.0,4194.0,1806.0,75737650.0,413566.0
2023-02-09 10:30:00,4194.0,4199.0,4188.0,4191.0,5119.0,214674650.0,413428.0
2023-02-09 10:35:00,4190.0,4192.0,4186.0,4191.0,2149.0,90019330.0,413981.0
2023-02-09 10:40:00,4191.0,4202.0,4190.0,4201.0,4298.0,180398190.0,413860.0
2023-02-09 10:45:00,4202.0,4203.0,4190.0,4191.0,4725.0,198280910.0,413702.0
2023-02-09 10:50:00,4191.0,4194.0,4182.0,4185.0,3956.0,165649700.0,413744.0
2023-02-09 10:55:00,4184.0,4188.0,4183.0,4184.0,2087.0,87344240.0,413807.0
2023-02-09 11:00:00,4184.0,4188.0,4177.0,4179.0,3565.0,149077430.0,414361.0
2023-02-09 11:05:00,4179.0,4181.0,4176.0,4177.0,3407.0,142348490.0,415155.0
2023-02-09 11:10:00,4177.0,4179.0,4170.0,4170.0,6321.0,263785280.0,416993.0
2023-02-09 11:15:00,4171.0,4176.0,4168.0,4171.0,6786.0,283048520.0,418501.0
2023-02-09 11:20:00,4171.0,4176.0,4170.0,4175.0,2842.0,118608530.0,419235.0
2023-02-09 11:25:00,4173.0,4178.0,4173.0,4176.0,1883.0,78631930.0,419141.0
2023-02-09 13:30:00,4176.0,4184.0,4176.0,4183.0,4918.0,205634260.0,419001.0
2023-02-09 13:35:00,4183.0,4183.0,4178.0,4181.0,2495.0,104301230.0,419425.0
2023-02-09 13:40:00,4181.0,4182.0,4177.0,4180.0,1521.0,63569400.0,419547.0
2023-02-09 13:45:00,4181.0,4183.0,4178.0,4183.0,1582.0,66140320.0,419300.0
2023-02-09 13:50:00,4182.0,4184.0,4176.0,4178.0,1764.0,73714830.0,419603.0
2023-02-09 13:55:00,4177.0,4178.0,4173.0,4175.0,1677.0,70027280.0,419830.0
2023-02-09 14:00:00,4176.0,4179.0,4172.0,4174.0,3397.0,141832670.0,419828.0
2023-02-09 14:05:00,4173.0,4177.0,4171.0,4173.0,2506.0,104599500.0,420560.0
2023-02-09 14:10:00,4172.0,4177.0,4172.0,4175.0,1193.0,49800950.0,420783.0
2023-02-09 14:15:00,4174.0,4177.0,4174.0,4176.0,1067.0,44558800.0,420880.0
2023-02-09 14:20:00,4176.0,4177.0,4174.0,4174.0,1128.0,47099820.0,420753.0
2023-02-09 14:25:00,4174.0,4177.0,4174.0,4176.0,1443.0,60250290.0,420731.0
2023-02-09 14:30:00,4175.0,4176.0,4168.0,4172.0,6407.0,267234600.0,422975.0
2023-02-09 14:35:00,4172.0,4176.0,4171.0,4171.0,2362.0,98570010.0,423126.0
2023-02-09 14:40:00,4172.0,4172.0,4166.0,4169.0,4279.0,178404940.0,424243.0
2023-02-09 14:45:00,4169.0,4172.0,4166.0,4172.0,4495.0,187409560.0,425350.0
2023-02-09 14:50:00,4173.0,4173.0,4167.0,4170.0,2505.0,104453210.0,425364.0
2023-02-09 14:55:00,4168.0,4170.0,4165.0,4168.0,7251.0,302146260.0,424522.0
2023-02-09 21:00:00,4165.0,4169.0,4155.0,4163.0,20651.0,859307900.0,426059.0
2023-02-09 21:05:00,4164.0,4171.0,4160.0,4170.0,7359.0,306599690.0,426697.0
2023-02-09 21:10:00,4170.0,4174.0,4166.0,4172.0,5911.0,246487620.0,427718.0
2023-02-09 21:15:00,4172.0,4175.0,4168.0,4171.0,3784.0,157841200.0,427916.0
2023-02-09 21:20:00,4172.0,4172.0,4160.0,4164.0,5753.0,239626080.0,428910.0
2023-02-09 21:25:00,4164.0,4164.0,4156.0,4160.0,5191.0,215936080.0,430414.0
2023-02-09 21:30:00,4160.0,4167.0,4160.0,4163.0,2893.0,120445860.0,431046.0
2023-02-09 21:35:00,4163.0,4164.0,4158.0,4163.0,2581.0,107389040.0,432008.0
2023-02-09 21:40:00,4163.0,4169.0,4160.0,4166.0,2873.0,119654110.0,432136.0
2023-02-09 21:45:00,4165.0,4170.0,4164.0,4169.0,2609.0,108732210.0,432184.0
2023-02-09 21:50:00,4168.0,4169.0,4166.0,4168.0,1287.0,53640310.0,432337.0
2023-02-09 21:55:00,4168.0,4170.0,4162.0,4164.0,1896.0,78970360.0,432405.0
2023-02-09 22:00:00,4163.0,4165.0,4160.0,4160.0,2366.0,98474910.0,432944.0
2023-02-09 22:05:00,4161.0,4161.0,4151.0,4152.0,6693.0,278130470.0,434103.0
2023-02-09 22:10:00,4151.0,4154.0,4147.0,4148.0,8327.0,345566280.0,434045.0
2023-02-09 22:15:00,4149.0,4153.0,4142.0,4146.0,6441.0,267119140.0,435426.0
2023-02-09 22:20:00,4146.0,4148.0,4138.0,4141.0,8109.0,335903890.0,436611.0
2023-02-09 22:25:00,4141.0,4145.0,4141.0,4141.0,2773.0,114880750.0,437105.0
2023-02-09 22:30:00,4142.0,4146.0,4133.0,4135.0,6767.0,280032210.0,438314.0
2023-02-09 22:35:00,4134.0,4138.0,4131.0,4135.0,5341.0,220814220.0,439170.0
2023-02-09 22:40:00,4135.0,4138.0,4132.0,4135.0,3694.0,152749260.0,439676.0
2023-02-09 22:45:00,4135.0,4135.0,4130.0,4131.0,4193.0,173254440.0,440033.0
2023-02-09 22:50:00,4131.0,4134.0,4126.0,4130.0,6466.0,267008350.0,440657.0
2023-02-09 22:55:00,4130.0,4133.0,4122.0,4124.0,5116.0,211164400.0,440506.0
2023-02-10 09:00:00,4124.0,4132.0,4116.0,4130.0,10264.0,423256980.0,441820.0
2023-02-10 09:05:00,4131.0,4135.0,4127.0,4131.0,5276.0,217951340.0,442297.0
2023-02-10 09:10:00,4131.0,4142.0,4131.0,4137.0,7621.0,315363950.0,442022.0
2023-02-10 09:15:00,4137.0,4141.0,4131.0,4131.0,3501.0,144831960.0,441963.0
2023-02-10 09:20:00,4132.0,4134.0,4128.0,4133.0,2532.0,104606670.0,442302.0
2023-02-10 09:25:00,4133.0,4136.0,4129.0,4130.0,1957.0,80881240.0,442160.0
2023-02-10 09:30:00,4129.0,4136.0,4127.0,4128.0,3424.0,141453720.0,442365.0
2023-02-10 09:35:00,4129.0,4131.0,4125.0,4130.0,2434.0,100473750.0,442922.0
2023-02-10 09:40:00,4130.0,4132.0,4120.0,4122.0,3221.0,132836350.0,442993.0
2023-02-10 09:45:00,4122.0,4128.0,4121.0,4127.0,2709.0,111765490.0,443655.0
2023-02-10 09:50:00,4127.0,4128.0,4124.0,4127.0,2072.0,85496390.0,443912.0
2023-02-10 09:55:00,4127.0,4127.0,4119.0,4119.0,3068.0,126465950.0,444369.0
2023-02-10 10:00:00,4119.0,4121.0,4111.0,4112.0,9810.0,403720620.0,445553.0
2023-02-10 10:05:00,4113.0,4118.0,4107.0,4108.0,6886.0,283071750.0,446054.0
2023-02-10 10:10:00,4108.0,4117.0,4106.0,4116.0,3601.0,148043170.0,445755.0
2023-02-10 10:30:00,4116.0,4120.0,4110.0,4117.0,3780.0,155558070.0,446057.0
2023-02-10 10:35:00,4118.0,4131.0,4117.0,4128.0,5987.0,246886560.0,445996.0
2023-02-10 10:40:00,4128.0,4133.0,4123.0,4124.0,3632.0,149927450.0,445825.0
2023-02-10 10:45:00,4123.0,4128.0,4117.0,4119.0,3049.0,125665920.0,445948.0
2023-02-10 10:50:00,4119.0,4122.0,4114.0,4118.0,2890.0,119009830.0,445940.0
2023-02-10 10:55:00,4118.0,4122.0,4115.0,4119.0,2427.0,99972430.0,446029.0
2023-02-10 11:00:00,4119.0,4123.0,4116.0,4117.0,2213.0,91159170.0,446096.0
2023-02-10 11:05:00,4117.0,4120.0,4114.0,4115.0,2181.0,89803870.0,445793.0
2023-02-10 11:10:00,4116.0,4118.0,4110.0,4110.0,2774.0,114110130.0,446076.0
2023-02-10 11:15:00,4111.0,4113.0,4108.0,4112.0,3029.0,124505690.0,446533.0
2023-02-10 11:20:00,4112.0,4112.0,4106.0,4106.0,3391.0,139319070.0,446876.0
2023-02-10 11:25:00,4106.0,4109.0,4103.0,4107.0,3226.0,132470510.0,446940.0
2023-02-10 13:30:00,4107.0,4107.0,4090.0,4093.0,14233.0,583304960.0,448704.0
2023-02-10 13:35:00,4093.0,4104.0,4093.0,4104.0,6597.0,270452760.0,448657.0
2023-02-10 13:40:00,4104.0,4106.0,4100.0,4102.0,2522.0,103484270.0,448771.0
2023-02-10 13:45:00,4102.0,4108.0,4101.0,4107.0,2910.0,119463640.0,449167.0
2023-02-10 13:50:00,4106.0,4114.0,4106.0,4113.0,3742.0,153814980.0,449000.0
2023-02-10 13:55:00,4112.0,4117.0,4110.0,4116.0,3922.0,161365150.0,448681.0
2023-02-10 14:00:00,4116.0,4127.0,4116.0,4124.0,6812.0,280789860.0,448582.0
2023-02-10 14:05:00,4124.0,4130.0,4119.0,4123.0,4642.0,191487760.0,447683.0
2023-02-10 14:10:00,4123.0,4129.0,4120.0,4129.0,3794.0,156495180.0,447806.0
2023-02-10 14:15:00,4128.0,4132.0,4125.0,4128.0,5247.0,216617770.0,446435.0
2023-02-10 14:20:00,4128.0,4130.0,4124.0,4125.0,3091.0,127596330.0,445712.0
2023-02-10 14:25:00,4126.0,4146.0,4125.0,4145.0,9604.0,397455100.0,442862.0
2023-02-10 14:30:00,4145.0,4151.0,4140.0,4149.0,11920.0,494272450.0,437971.0
2023-02-10 14:35:00,4149.0,4154.0,4147.0,4150.0,7140.0,296381530.0,436342.0
2023-02-10 14:40:00,4150.0,4150.0,4142.0,4150.0,5646.0,234064370.0,435324.0
2023-02-10 14:45:00,4150.0,4160.0,4148.0,4155.0,9126.0,379214640.0,433026.0
2023-02-10 14:50:00,4155.0,4159.0,4151.0,4155.0,6062.0,251884480.0,432356.0
2023-02-10 14:55:00,4155.0,4159.0,4148.0,4152.0,6822.0,283406970.0,431779.0
2023-02-10 21:00:00,4172.0,4174.0,4153.0,4166.0,22669.0,943927880.0,433689.0
2023-02-10 21:05:00,4166.0,4168.0,4150.0,4152.0,8210.0,341507510.0,435106.0
2023-02-10 21:10:00,4152.0,4159.0,4152.0,4153.0,4554.0,189203940.0,434591.0
2023-02-10 21:15:00,4153.0,4162.0,4145.0,4145.0,6110.0,253905610.0,434503.0
2023-02-10 21:20:00,4146.0,4155.0,4145.0,4151.0,4168.0,172999970.0,434809.0
2023-02-10 21:25:00,4152.0,4158.0,4150.0,4155.0,3311.0,137575810.0,435534.0
2023-02-10 21:30:00,4153.0,4172.0,4153.0,4169.0,7671.0,319653290.0,436029.0
2023-02-10 21:35:00,4170.0,4180.0,4166.0,4179.0,7756.0,323674920.0,435786.0
2023-02-10 21:40:00,4179.0,4183.0,4174.0,4182.0,7446.0,311098740.0,435313.0
2023-02-10 21:45:00,4182.0,4190.0,4180.0,4187.0,10874.0,455185840.0,433055.0
2023-02-10 21:50:00,4187.0,4187.0,4174.0,4176.0,5152.0,215306850.0,432218.0
2023-02-10 21:55:00,4175.0,4177.0,4168.0,4172.0,3637.0,151737930.0,431950.0
2023-02-10 22:00:00,4172.0,4181.0,4172.0,4177.0,3139.0,131128200.0,431799.0
2023-02-10 22:05:00,4177.0,4177.0,4169.0,4173.0,3014.0,125741970.0,431737.0
2023-02-10 22:10:00,4172.0,4173.0,4169.0,4173.0,1922.0,80173290.0,431574.0
2023-02-10 22:15:00,4174.0,4178.0,4170.0,4171.0,2614.0,109104110.0,431190.0
2023-02-10 22:20:00,4172.0,4176.0,4171.0,4176.0,1296.0,54083960.0,431055.0
2023-02-10 22:25:00,4176.0,4177.0,4172.0,4175.0,1141.0,47635580.0,430942.0
2023-02-10 22:30:00,4175.0,4182.0,4174.0,4182.0,3008.0,125680460.0,430760.0
2023-02-10 22:35:00,4181.0,4188.0,4180.0,4181.0,3779.0,158106570.0,430429.0
2023-02-10 22:40:00,4182.0,4182.0,4178.0,4179.0,1922.0,80335660.0,430083.0
2023-02-10 22:45:00,4180.0,4183.0,4175.0,4178.0,2105.0,87966030.0,429558.0
2023-02-10 22:50:00,4178.0,4183.0,4175.0,4182.0,2283.0,95425350.0,428702.0
2023-02-10 22:55:00,4181.0,4181.0,4170.0,4177.0,4569.0,190744890.0,427543.0
2023-02-13 09:00:00,4178.0,4178.0,4140.0,4147.0,19367.0,804287640.0,429768.0
2023-02-13 09:05:00,4148.0,4163.0,4148.0,4153.0,9063.0,376645250.0,430408.0
2023-02-13 09:10:00,4154.0,4156.0,4138.0,4140.0,7976.0,330526270.0,431883.0
2023-02-13 09:15:00,4140.0,4157.0,4139.0,4154.0,5149.0,213532000.0,432907.0
2023-02-13 09:20:00,4154.0,4169.0,4149.0,4167.0,6504.0,270665300.0,432799.0
2023-02-13 09:25:00,4167.0,4169.0,4159.0,4160.0,4195.0,174722700.0,432995.0
2023-02-13 09:30:00,4159.0,4173.0,4158.0,4172.0,4723.0,196844740.0,433342.0
2023-02-13 09:35:00,4171.0,4180.0,4171.0,4179.0,5412.0,226033380.0,432544.0
2023-02-13 09:40:00,4179.0,4185.0,4177.0,4178.0,5774.0,241416100.0,432136.0
2023-02-13 09:45:00,4178.0,4186.0,4175.0,4175.0,4916.0,205553700.0,431576.0
2023-02-13 09:50:00,4175.0,4178.0,4171.0,4178.0,3094.0,129176380.0,431757.0
2023-02-13 09:55:00,4177.0,4187.0,4174.0,4185.0,3282.0,137232790.0,431757.0
2023-02-13 10:00:00,4185.0,4193.0,4180.0,4193.0,7364.0,308358750.0,431316.0
2023-02-13 10:05:00,4192.0,4193.0,4183.0,4185.0,3882.0,162544660.0,431288.0
2023-02-13 10:10:00,4184.0,4185.0,4175.0,4181.0,2970.0,124110500.0,431208.0
2023-02-13 10:30:00,4182.0,4183.0,4165.0,4168.0,5598.0,233557650.0,431170.0
2023-02-13 10:35:00,4168.0,4175.0,4161.0,4175.0,4432.0,184704910.0,431395.0
2023-02-13 10:40:00,4175.0,4179.0,4170.0,4178.0,2854.0,119135430.0,431314.0
2023-02-13 10:45:00,4178.0,4178.0,4169.0,4172.0,2492.0,103980430.0,431044.0
2023-02-13 10:50:00,4172.0,4180.0,4170.0,4177.0,1649.0,68858720.0,430888.0
2023-02-13 10:55:00,4177.0,4182.0,4175.0,4178.0,2073.0,86611750.0,430692.0
2023-02-13 11:00:00,4177.0,4182.0,4168.0,4182.0,4762.0,198818240.0,430682.0
2023-02-13 11:05:00,4182.0,4188.0,4178.0,4180.0,4781.0,199991160.0,429966.0
2023-02-13 11:10:00,4180.0,4181.0,4172.0,4176.0,2531.0,105695110.0,429818.0
2023-02-13 11:15:00,4177.0,4178.0,4170.0,4171.0,2148.0,89650170.0,429796.0
2023-02-13 11:20:00,4171.0,4175.0,4167.0,4175.0,2166.0,90356660.0,429752.0
2023-02-13 11:25:00,4174.0,4179.0,4169.0,4174.0,2547.0,106326060.0,430259.0
2023-02-13 13:30:00,4173.0,4173.0,4162.0,4168.0,5764.0,240162570.0,430755.0
2023-02-13 13:35:00,4168.0,4175.0,4166.0,4171.0,2827.0,117910250.0,431063.0
2023-02-13 13:40:00,4170.0,4173.0,4167.0,4173.0,1691.0,70511400.0,431140.0
2023-02-13 13:45:00,4172.0,4183.0,4169.0,4179.0,3632.0,151754230.0,431365.0
2023-02-13 13:50:00,4179.0,4183.0,4174.0,4176.0,2928.0,122341570.0,431788.0
2023-02-13 13:55:00,4177.0,4178.0,4174.0,4176.0,1575.0,65768840.0,432022.0
2023-02-13 14:00:00,4176.0,4184.0,4175.0,4184.0,3182.0,132974040.0,432359.0
2023-02-13 14:05:00,4184.0,4190.0,4182.0,4187.0,5237.0,219240660.0,432833.0
2023-02-13 14:10:00,4188.0,4193.0,4185.0,4186.0,6545.0,274173580.0,433695.0
2023-02-13 14:15:00,4185.0,4196.0,4185.0,4194.0,6205.0,260117650.0,433675.0
2023-02-13 14:20:00,4193.0,4193.0,4184.0,4186.0,3374.0,141322050.0,433044.0
2023-02-13 14:25:00,4186.0,4186.0,4177.0,4182.0,4365.0,182522670.0,432396.0
2023-02-13 14:30:00,4181.0,4186.0,4179.0,4180.0,3896.0,162917570.0,431871.0
2023-02-13 14:35:00,4180.0,4185.0,4176.0,4178.0,3938.0,164617760.0,431862.0
2023-02-13 14:40:00,4179.0,4179.0,4171.0,4173.0,4269.0,178230850.0,431370.0
2023-02-13 14:45:00,4173.0,4174.0,4168.0,4169.0,4376.0,182511760.0,430998.0
2023-02-13 14:50:00,4170.0,4171.0,4167.0,4170.0,2961.0,123442420.0,430891.0
2023-02-13 14:55:00,4170.0,4172.0,4168.0,4168.0,4075.0,169914830.0,429854.0
2023-02-13 21:00:00,4168.0,4174.0,4154.0,4156.0,20072.0,835385330.0,431487.0
2023-02-13 21:05:00,4156.0,4169.0,4155.0,4168.0,6897.0,287009380.0,432733.0
2023-02-13 21:10:00,4168.0,4178.0,4165.0,4172.0,6894.0,287607170.0,432823.0
2023-02-13 21:15:00,4171.0,4178.0,4168.0,4177.0,4077.0,170155790.0,433271.0
2023-02-13 21:20:00,4178.0,4178.0,4166.0,4174.0,5274.0,220005870.0,433703.0
2023-02-13 21:25:00,4173.0,4185.0,4172.0,4183.0,6721.0,280957440.0,434189.0
2023-02-13 21:30:00,4183.0,4187.0,4179.0,4186.0,3983.0,166590050.0,434418.0
2023-02-13 21:35:00,4186.0,4193.0,4185.0,4188.0,6498.0,272248350.0,434372.0
2023-02-13 21:40:00,4188.0,4190.0,4183.0,4187.0,3183.0,133255150.0,433993.0
2023-02-13 21:45:00,4188.0,4188.0,4181.0,4188.0,2630.0,110047660.0,433892.0
2023-02-13 21:50:00,4188.0,4191.0,4185.0,4188.0,2601.0,108920340.0,434293.0
2023-02-13 21:55:00,4188.0,4193.0,4187.0,4189.0,2607.0,109229780.0,434409.0
2023-02-13 22:00:00,4188.0,4193.0,4180.0,4182.0,5013.0,209849500.0,434854.0
2023-02-13 22:05:00,4182.0,4187.0,4181.0,4185.0,1221.0,51093200.0,434816.0
2023-02-13 22:10:00,4185.0,4186.0,4177.0,4178.0,2307.0,96434120.0,434483.0
2023-02-13 22:15:00,4179.0,4181.0,4175.0,4178.0,2218.0,92660010.0,434630.0
2023-02-13 22:20:00,4178.0,4178.0,4166.0,4171.0,5721.0,238617490.0,434198.0
2023-02-13 22:25:00,4171.0,4173.0,4169.0,4172.0,2351.0,98062230.0,434576.0
2023-02-13 22:30:00,4172.0,4176.0,4166.0,4169.0,3732.0,155683120.0,434631.0
2023-02-13 22:35:00,4169.0,4173.0,4166.0,4171.0,2818.0,117488760.0,434709.0
2023-02-13 22:40:00,4171.0,4172.0,4164.0,4165.0,2599.0,108312770.0,434530.0
2023-02-13 22:45:00,4165.0,4169.0,4164.0,4167.0,2441.0,101692580.0,434717.0
2023-02-13 22:50:00,4167.0,4171.0,4166.0,4170.0,1706.0,71105480.0,434851.0
2023-02-13 22:55:00,4169.0,4178.0,4169.0,4176.0,3232.0,134894240.0,433928.0
2023-02-14 09:00:00,4178.0,4184.0,4172.0,4175.0,6217.0,259765020.0,433823.0
2023-02-14 09:05:00,4174.0,4188.0,4171.0,4186.0,5671.0,237071730.0,434382.0
2023-02-14 09:10:00,4186.0,4186.0,4181.0,4186.0,3097.0,129563410.0,433904.0
2023-02-14 09:15:00,4186.0,4187.0,4174.0,4180.0,4121.0,172223740.0,434678.0
2023-02-14 09:20:00,4181.0,4181.0,4173.0,4174.0,2230.0,93133430.0,435238.0
2023-02-14 09:25:00,4173.0,4179.0,4172.0,4178.0,2886.0,120491550.0,435688.0
2023-02-14 09:30:00,4179.0,4179.0,4167.0,4171.0,4609.0,192221960.0,436419.0
2023-02-14 09:35:00,4171.0,4174.0,4166.0,4167.0,2870.0,119665310.0,436461.0
2023-02-14 09:40:00,4166.0,4174.0,4163.0,4173.0,3651.0,152199110.0,436948.0
2023-02-14 09:45:00,4173.0,4177.0,4170.0,4171.0,2494.0,104075500.0,437134.0
2023-02-14 09:50:00,4171.0,4175.0,4170.0,4173.0,1771.0,73899970.0,436942.0
2023-02-14 09:55:00,4173.0,4173.0,4165.0,4169.0,2784.0,116042700.0,437775.0
2023-02-14 10:00:00,4170.0,4170.0,4161.0,4166.0,4084.0,170061270.0,438377.0
2023-02-14 10:05:00,4166.0,4171.0,4165.0,4169.0,2023.0,84327840.0,438750.0
2023-02-14 10:10:00,4171.0,4174.0,4169.0,4172.0,1483.0,61872480.0,438584.0
2023-02-14 10:30:00,4172.0,4173.0,4163.0,4165.0,2538.0,105741040.0,439026.0
2023-02-14 10:35:00,4165.0,4170.0,4164.0,4168.0,1626.0,67742100.0,439468.0
2023-02-14 10:40:00,4168.0,4177.0,4167.0,4175.0,2941.0,122727180.0,439282.0
2023-02-14 10:45:00,4175.0,4180.0,4174.0,4177.0,2967.0,123934390.0,438649.0
2023-02-14 10:50:00,4177.0,4178.0,4172.0,4177.0,1496.0,62465290.0,438432.0
2023-02-14 10:55:00,4177.0,4181.0,4174.0,4180.0,2697.0,112708940.0,437983.0
2023-02-14 11:00:00,4180.0,4182.0,4176.0,4178.0,1928.0,80567590.0,437964.0
2023-02-14 11:05:00,4178.0,4179.0,4172.0,4173.0,1543.0,64427660.0,437939.0
2023-02-14 11:10:00,4173.0,4176.0,4167.0,4176.0,2703.0,112749020.0,438586.0
2023-02-14 11:15:00,4176.0,4180.0,4174.0,4180.0,1976.0,82539570.0,438642.0
2023-02-14 11:20:00,4179.0,4183.0,4177.0,4181.0,3409.0,142498070.0,438489.0
2023-02-14 11:25:00,4181.0,4188.0,4180.0,4183.0,4417.0,184835250.0,437821.0
2023-02-14 13:30:00,4183.0,4195.0,4183.0,4194.0,11555.0,484335240.0,437750.0
2023-02-14 13:35:00,4194.0,4195.0,4187.0,4190.0,5444.0,228122960.0,437756.0
2023-02-14 13:40:00,4189.0,4193.0,4186.0,4192.0,3393.0,142155770.0,437659.0
2023-02-14 13:45:00,4191.0,4193.0,4187.0,4188.0,2369.0,99273010.0,437297.0
2023-02-14 13:50:00,4188.0,4210.0,4187.0,4205.0,13095.0,550189300.0,436321.0
2023-02-14 13:55:00,4205.0,4228.0,4205.0,4222.0,20828.0,878486900.0,434815.0
2023-02-14 14:00:00,4223.0,4223.0,4214.0,4216.0,8743.0,368834690.0,433425.0
2023-02-14 14:05:00,4216.0,4220.0,4210.0,4220.0,6755.0,284714830.0,433782.0
2023-02-14 14:10:00,4218.0,4224.0,4217.0,4224.0,4359.0,183962120.0,433861.0
2023-02-14 14:15:00,4223.0,4227.0,4219.0,4224.0,5811.0,245446990.0,433303.0
2023-02-14 14:20:00,4224.0,4226.0,4215.0,4216.0,4746.0,200207070.0,432303.0
2023-02-14 14:25:00,4216.0,4220.0,4214.0,4216.0,2848.0,120103240.0,431952.0
2023-02-14 14:30:00,4216.0,4219.0,4212.0,4213.0,2435.0,102622410.0,431769.0
2023-02-14 14:35:00,4213.0,4219.0,4213.0,4216.0,1998.0,84238600.0,431375.0
2023-02-14 14:40:00,4216.0,4217.0,4210.0,4213.0,2828.0,119144440.0,430431.0
2023-02-14 14:45:00,4212.0,4213.0,4205.0,4208.0,4468.0,188026600.0,429688.0
2023-02-14 14:50:00,4207.0,4212.0,4206.0,4208.0,3760.0,158268780.0,429447.0
2023-02-14 14:55:00,4208.0,4215.0,4205.0,4211.0,6085.0,256172330.0,427743.0
2023-02-14 21:00:00,4220.0,4220.0,4205.0,4212.0,18444.0,777244170.0,427732.0
2023-02-14 21:05:00,4210.0,4221.0,4201.0,4203.0,10087.0,424882180.0,427384.0
2023-02-14 21:10:00,4203.0,4207.0,4193.0,4193.0,8172.0,343197110.0,427611.0
2023-02-14 21:15:00,4193.0,4207.0,4193.0,4207.0,4191.0,176022390.0,428113.0
2023-02-14 21:20:00,4206.0,4214.0,4205.0,4206.0,5380.0,226489930.0,428746.0
2023-02-14 21:25:00,4206.0,4208.0,4199.0,4199.0,4046.0,170068310.0,428605.0
2023-02-14 21:30:00,4200.0,4216.0,4196.0,4214.0,6419.0,270123110.0,428653.0
2023-02-14 21:35:00,4213.0,4215.0,4202.0,4206.0,3509.0,147661740.0,428614.0
2023-02-14 21:40:00,4206.0,4207.0,4200.0,4205.0,2850.0,119786660.0,428765.0
2023-02-14 21:45:00,4205.0,4210.0,4205.0,4210.0,2317.0,97498970.0,428704.0
2023-02-14 21:50:00,4209.0,4210.0,4202.0,4209.0,1482.0,62346920.0,428831.0
2023-02-14 21:55:00,4209.0,4211.0,4204.0,4205.0,1438.0,60491970.0,428889.0
2023-02-14 22:00:00,4205.0,4211.0,4204.0,4206.0,2062.0,86786400.0,428794.0
2023-02-14 22:05:00,4206.0,4207.0,4202.0,4203.0,1746.0,73411050.0,429164.0
2023-02-14 22:10:00,4203.0,4203.0,4195.0,4197.0,3996.0,167767100.0,429450.0
2023-02-14 22:15:00,4196.0,4201.0,4191.0,4196.0,3854.0,161686440.0,429179.0
2023-02-14 22:20:00,4195.0,4199.0,4195.0,4196.0,1462.0,61359960.0,429375.0
2023-02-14 22:25:00,4197.0,4199.0,4183.0,4187.0,4927.0,206408460.0,429201.0
2023-02-14 22:30:00,4186.0,4191.0,4180.0,4190.0,5938.0,248520320.0,429924.0
2023-02-14 22:35:00,4190.0,4194.0,4187.0,4191.0,2284.0,95708480.0,430058.0
2023-02-14 22:40:00,4190.0,4195.0,4189.0,4191.0,1648.0,69094940.0,430018.0
2023-02-14 22:45:00,4191.0,4199.0,4190.0,4194.0,2984.0,125194780.0,430373.0
2023-02-14 22:50:00,4194.0,4196.0,4189.0,4193.0,1853.0,77675990.0,430211.0
2023-02-14 22:55:00,4192.0,4197.0,4189.0,4190.0,2723.0,114191190.0,429841.0
2023-02-15 09:00:00,4196.0,4210.0,4196.0,4208.0,6964.0,292626490.0,430037.0
2023-02-15 09:05:00,4206.0,4211.0,4204.0,4207.0,3225.0,135696400.0,430027.0
2023-02-15 09:10:00,4207.0,4215.0,4207.0,4212.0,4046.0,170408780.0,430511.0
2023-02-15 09:15:00,4212.0,4218.0,4212.0,4213.0,4776.0,201305530.0,430235.0
2023-02-15 09:20:00,4213.0,4220.0,4213.0,4218.0,3768.0,158896630.0,429656.0
2023-02-15 09:25:00,4217.0,4224.0,4216.0,4223.0,5276.0,222677780.0,429055.0
2023-02-15 09:30:00,4223.0,4224.0,4216.0,4219.0,3874.0,163498360.0,428626.0
2023-02-15 09:35:00,4219.0,4224.0,4216.0,4224.0,2860.0,120696380.0,428195.0
2023-02-15 09:40:00,4224.0,4238.0,4223.0,4237.0,10825.0,458014740.0,428135.0
2023-02-15 09:45:00,4236.0,4237.0,4226.0,4229.0,6022.0,254827070.0,426824.0
2023-02-15 09:50:00,4229.0,4238.0,4228.0,4236.0,4757.0,201440200.0,425969.0
2023-02-15 09:55:00,4235.0,4254.0,4235.0,4252.0,12061.0,512045910.0,426294.0
2023-02-15 10:00:00,4252.0,4266.0,4252.0,4260.0,18131.0,772396080.0,423965.0
2023-02-15 10:05:00,4261.0,4261.0,4251.0,4261.0,8401.0,357636500.0,422247.0
2023-02-15 10:10:00,4260.0,4265.0,4247.0,4252.0,7408.0,315228300.0,420476.0
2023-02-15 10:30:00,4253.0,4256.0,4243.0,4249.0,7041.0,299056660.0,419606.0
2023-02-15 10:35:00,4248.0,4257.0,4244.0,4257.0,3613.0,153573820.0,419359.0
2023-02-15 10:40:00,4256.0,4258.0,4254.0,4256.0,1988.0,84601560.0,419215.0
2023-02-15 10:45:00,4256.0,4257.0,4246.0,4248.0,2518.0,107048580.0,418629.0
2023-02-15 10:50:00,4247.0,4253.0,4243.0,4243.0,2937.0,124740850.0,418198.0
2023-02-15 10:55:00,4243.0,4249.0,4243.0,4247.0,1672.0,71011960.0,418189.0
2023-02-15 11:00:00,4248.0,4256.0,4248.0,4251.0,3769.0,160306300.0,417455.0
2023-02-15 11:05:00,4251.0,4253.0,4241.0,4244.0,4177.0,177372150.0,416666.0
2023-02-15 11:10:00,4243.0,4250.0,4243.0,4247.0,2112.0,89687930.0,416272.0
2023-02-15 11:15:00,4247.0,4252.0,4246.0,4248.0,2315.0,98361420.0,415683.0
2023-02-15 11:20:00,4248.0,4250.0,4245.0,4247.0,1588.0,67445650.0,415112.0
2023-02-15 11:25:00,4247.0,4248.0,4234.0,4238.0,4658.0,197506460.0,413861.0
2023-02-15 13:30:00,4238.0,4243.0,4229.0,4243.0,8350.0,353690470.0,414185.0
2023-02-15 13:35:00,4243.0,4243.0,4233.0,4234.0,2510.0,106347830.0,414202.0
2023-02-15 13:40:00,4234.0,4240.0,4228.0,4228.0,3269.0,138381080.0,414078.0
2023-02-15 13:45:00,4228.0,4232.0,4227.0,4228.0,4268.0,180515790.0,413730.0
2023-02-15 13:50:00,4229.0,4235.0,4228.0,4232.0,2570.0,108741770.0,413487.0
2023-02-15 13:55:00,4232.0,4238.0,4231.0,4238.0,2963.0,125475580.0,413247.0
2023-02-15 14:00:00,4237.0,4238.0,4225.0,4226.0,3513.0,148615930.0,412676.0
2023-02-15 14:05:00,4226.0,4231.0,4223.0,4225.0,4254.0,179781570.0,413023.0
2023-02-15 14:10:00,4225.0,4233.0,4225.0,4232.0,2644.0,111841700.0,413020.0
2023-02-15 14:15:00,4232.0,4235.0,4230.0,4234.0,1773.0,75051750.0,413073.0
2023-02-15 14:20:00,4233.0,4238.0,4232.0,4235.0,1318.0,55824210.0,413063.0
2023-02-15 14:25:00,4236.0,4236.0,4227.0,4227.0,1814.0,76731760.0,413217.0
2023-02-15 14:30:00,4227.0,4230.0,4218.0,4219.0,5334.0,225268450.0,413265.0
2023-02-15 14:35:00,4219.0,4226.0,4219.0,4224.0,3333.0,140726130.0,413009.0
2023-02-15 14:40:00,4223.0,4234.0,4222.0,4232.0,3785.0,160098900.0,412619.0
2023-02-15 14:45:00,4231.0,4235.0,4230.0,4234.0,2238.0,94732540.0,412552.0
2023-02-15 14:50:00,4234.0,4237.0,4230.0,4235.0,2481.0,105049870.0,412448.0
2023-02-15 14:55:00,4236.0,4243.0,4235.0,4242.0,5743.0,243419720.0,411191.0
2023-02-15 21:00:00,4260.0,4260.0,4241.0,4249.0,20459.0,869872370.0,408076.0
2023-02-15 21:05:00,4249.0,4251.0,4241.0,4249.0,7416.0,314973570.0,408982.0
2023-02-15 21:10:00,4249.0,4256.0,4247.0,4254.0,5533.0,235266190.0,409865.0
2023-02-15 21:15:00,4254.0,4254.0,4237.0,4242.0,5976.0,253692620.0,409461.0
2023-02-15 21:20:00,4243.0,4245.0,4238.0,4244.0,3283.0,139273930.0,409541.0
2023-02-15 21:25:00,4245.0,4245.0,4240.0,4240.0,2213.0,93876350.0,409738.0
2023-02-15 21:30:00,4240.0,4246.0,4238.0,4246.0,2367.0,100381750.0,409478.0
2023-02-15 21:35:00,4246.0,4247.0,4241.0,4242.0,1724.0,73161060.0,409580.0
2023-02-15 21:40:00,4241.0,4251.0,4241.0,4251.0,2227.0,94553060.0,409449.0
2023-02-15 21:45:00,4251.0,4252.0,4247.0,4247.0,1870.0,79459960.0,409241.0
2023-02-15 21:50:00,4247.0,4252.0,4246.0,4249.0,1998.0,84909780.0,409415.0
2023-02-15 21:55:00,4249.0,4251.0,4243.0,4244.0,2012.0,85443120.0,409389.0
2023-02-15 22:00:00,4244.0,4253.0,4244.0,4250.0,1958.0,83214270.0,409292.0
2023-02-15 22:05:00,4250.0,4254.0,4246.0,4253.0,2426.0,103086750.0,408811.0
2023-02-15 22:10:00,4252.0,4255.0,4250.0,4253.0,2466.0,104884830.0,408482.0
2023-02-15 22:15:00,4253.0,4253.0,4248.0,4250.0,1903.0,80881070.0,408535.0
2023-02-15 22:20:00,4250.0,4251.0,4243.0,4244.0,1805.0,76626550.0,408419.0
2023-02-15 22:25:00,4244.0,4246.0,4238.0,4240.0,2167.0,91923340.0,408472.0
2023-02-15 22:30:00,4240.0,4243.0,4235.0,4237.0,2336.0,99026980.0,408551.0
2023-02-15 22:35:00,4236.0,4242.0,4236.0,4240.0,1943.0,82358280.0,408470.0
2023-02-15 22:40:00,4241.0,4245.0,4240.0,4243.0,1203.0,51035770.0,408430.0
2023-02-15 22:45:00,4242.0,4243.0,4235.0,4236.0,1842.0,78064300.0,407948.0
2023-02-15 22:50:00,4236.0,4238.0,4231.0,4234.0,2158.0,91378190.0,407452.0
2023-02-15 22:55:00,4234.0,4236.0,4228.0,4230.0,4468.0,189083840.0,406067.0
2023-02-16 09:00:00,4238.0,4248.0,4235.0,4247.0,6407.0,271725100.0,406678.0
2023-02-16 09:05:00,4247.0,4248.0,4240.0,4245.0,3557.0,150945870.0,407103.0
2023-02-16 09:10:00,4246.0,4248.0,4238.0,4248.0,3526.0,149572360.0,407196.0
2023-02-16 09:15:00,4247.0,4252.0,4243.0,4244.0,3455.0,146757240.0,407433.0
2023-02-16 09:20:00,4244.0,4245.0,4241.0,4244.0,1797.0,76245790.0,407733.0
2023-02-16 09:25:00,4244.0,4245.0,4238.0,4245.0,2135.0,90546860.0,407775.0
2023-02-16 09:30:00,4243.0,4250.0,4240.0,4247.0,2676.0,113607930.0,407580.0
2023-02-16 09:35:00,4247.0,4250.0,4245.0,4247.0,1683.0,71485680.0,407563.0
2023-02-16 09:40:00,4248.0,4249.0,4243.0,4243.0,1151.0,48856920.0,407516.0
2023-02-16 09:45:00,4243.0,4244.0,4240.0,4242.0,1388.0,58871150.0,407753.0
2023-02-16 09:50:00,4241.0,4244.0,4235.0,4242.0,4057.0,172000710.0,407677.0
2023-02-16 09:55:00,4242.0,4250.0,4241.0,4247.0,2609.0,110797100.0,407311.0
2023-02-16 10:00:00,4247.0,4249.0,4241.0,4243.0,1960.0,83214860.0,407117.0
2023-02-16 10:05:00,4242.0,4246.0,4239.0,4246.0,1856.0,78738700.0,407426.0
2023-02-16 10:10:00,4246.0,4248.0,4244.0,4247.0,1138.0,48319850.0,407400.0
2023-02-16 10:30:00,4248.0,4257.0,4247.0,4255.0,5933.0,252363580.0,406994.0
2023-02-16 10:35:00,4255.0,4259.0,4252.0,4255.0,3905.0,166194650.0,406583.0
2023-02-16 10:40:00,4255.0,4259.0,4253.0,4253.0,2436.0,103672190.0,406596.0
2023-02-16 10:45:00,4254.0,4255.0,4249.0,4251.0,2612.0,111072660.0,406775.0
2023-02-16 10:50:00,4251.0,4266.0,4250.0,4265.0,4793.0,204214860.0,406714.0
2023-02-16 10:55:00,4265.0,4269.0,4259.0,4267.0,5256.0,224109830.0,406554.0
2023-02-16 11:00:00,4267.0,4269.0,4262.0,4265.0,4316.0,184093580.0,405950.0
2023-02-16 11:05:00,4266.0,4278.0,4266.0,4273.0,8549.0,365297310.0,405141.0
2023-02-16 11:10:00,4274.0,4277.0,4271.0,4276.0,4063.0,173655270.0,404237.0
2023-02-16 11:15:00,4277.0,4278.0,4267.0,4269.0,4726.0,201888780.0,403415.0
2023-02-16 11:20:00,4269.0,4271.0,4264.0,4268.0,2810.0,119915470.0,402815.0
2023-02-16 11:25:00,4267.0,4269.0,4261.0,4268.0,3272.0,139530280.0,402488.0
2023-02-16 13:30:00,4270.0,4272.0,4259.0,4262.0,3712.0,158307810.0,402054.0
2023-02-16 13:35:00,4262.0,4265.0,4256.0,4262.0,3160.0,134623690.0,402474.0
2023-02-16 13:40:00,4261.0,4267.0,4259.0,4266.0,2329.0,99273210.0,402536.0
2023-02-16 13:45:00,4267.0,4268.0,4261.0,4267.0,2076.0,88531050.0,402763.0
2023-02-16 13:50:00,4268.0,4272.0,4263.0,4267.0,2803.0,119622560.0,402406.0
2023-02-16 13:55:00,4267.0,4269.0,4261.0,4263.0,1863.0,79446340.0,402259.0
2023-02-16 14:00:00,4263.0,4263.0,4256.0,4257.0,2730.0,116266030.0,402423.0
2023-02-16 14:05:00,4256.0,4257.0,4250.0,4251.0,4319.0,183672550.0,401899.0
2023-02-16 14:10:00,4251.0,4258.0,4250.0,4255.0,2784.0,118451080.0,402001.0
2023-02-16 14:15:00,4255.0,4262.0,4255.0,4259.0,3841.0,163606480.0,402194.0
2023-02-16 14:20:00,4259.0,4262.0,4256.0,4257.0,4435.0,188927680.0,401860.0
2023-02-16 14:25:00,4257.0,4260.0,4253.0,4258.0,1720.0,73221520.0,401653.0
2023-02-16 14:30:00,4258.0,4259.0,4253.0,4254.0,1900.0,80858910.0,401363.0
2023-02-16 14:35:00,4255.0,4255.0,4243.0,4243.0,5916.0,251286560.0,400681.0
2023-02-16 14:40:00,4244.0,4245.0,4239.0,4242.0,6023.0,255484890.0,399703.0
2023-02-16 14:45:00,4242.0,4255.0,4242.0,4253.0,3617.0,153710870.0,399375.0
2023-02-16 14:50:00,4253.0,4257.0,4252.0,4257.0,2794.0,118861140.0,398879.0
2023-02-16 14:55:00,4257.0,4259.0,4252.0,4253.0,5020.0,213650170.0,398550.0
2023-02-16 21:00:00,4264.0,4264.0,4245.0,4245.0,21694.0,923370770.0,395637.0
2023-02-16 21:05:00,4246.0,4257.0,4241.0,4255.0,6976.0,296461090.0,396142.0
2023-02-16 21:10:00,4255.0,4259.0,4251.0,4256.0,3171.0,134909910.0,396479.0
2023-02-16 21:15:00,4256.0,4258.0,4250.0,4253.0,1959.0,83333630.0,396649.0
2023-02-16 21:20:00,4254.0,4254.0,4248.0,4252.0,2455.0,104341510.0,396991.0
2023-02-16 21:25:00,4251.0,4252.0,4245.0,4246.0,2231.0,94759240.0,397151.0
2023-02-16 21:30:00,4246.0,4247.0,4241.0,4244.0,3658.0,155250330.0,397432.0
2023-02-16 21:35:00,4244.0,4251.0,4244.0,4247.0,2223.0,94439520.0,397311.0
2023-02-16 21:40:00,4247.0,4251.0,4245.0,4247.0,1895.0,80504150.0,397040.0
2023-02-16 21:45:00,4247.0,4252.0,4246.0,4249.0,1617.0,68711330.0,396770.0
2023-02-16 21:50:00,4250.0,4258.0,4249.0,4256.0,2655.0,112970120.0,396458.0
2023-02-16 21:55:00,4256.0,4258.0,4253.0,4256.0,1613.0,68638050.0,396278.0
2023-02-16 22:00:00,4256.0,4258.0,4253.0,4257.0,1511.0,64306600.0,396181.0
2023-02-16 22:05:00,4257.0,4257.0,4253.0,4254.0,1023.0,43532310.0,396006.0
2023-02-16 22:10:00,4254.0,4259.0,4253.0,4255.0,1605.0,68314740.0,395827.0
2023-02-16 22:15:00,4254.0,4256.0,4246.0,4247.0,2023.0,85968610.0,395865.0
2023-02-16 22:20:00,4248.0,4251.0,4246.0,4250.0,1497.0,63597940.0,395789.0
2023-02-16 22:25:00,4250.0,4253.0,4249.0,4250.0,1372.0,58317380.0,395860.0
2023-02-16 22:30:00,4250.0,4257.0,4249.0,4255.0,1443.0,61384600.0,395566.0
2023-02-16 22:35:00,4255.0,4256.0,4254.0,4256.0,842.0,35826910.0,395279.0
2023-02-16 22:40:00,4255.0,4258.0,4255.0,4256.0,975.0,41499090.0,394980.0
2023-02-16 22:45:00,4256.0,4257.0,4251.0,4253.0,912.0,38791160.0,394899.0
2023-02-16 22:50:00,4252.0,4255.0,4251.0,4253.0,887.0,37724670.0,394864.0
2023-02-16 22:55:00,4253.0,4254.0,4248.0,4249.0,1846.0,78474990.0,394136.0
2023-02-17 09:00:00,4245.0,4253.0,4242.0,4245.0,5733.0,243473750.0,394599.0
2023-02-17 09:05:00,4246.0,4250.0,4242.0,4249.0,3138.0,133244330.0,394586.0
2023-02-17 09:10:00,4250.0,4255.0,4246.0,4248.0,2213.0,94060710.0,394468.0
2023-02-17 09:15:00,4248.0,4257.0,4247.0,4255.0,2458.0,104524200.0,394395.0
2023-02-17 09:20:00,4254.0,4258.0,4253.0,4256.0,1684.0,71652940.0,394122.0
2023-02-17 09:25:00,4255.0,4256.0,4253.0,4255.0,1223.0,52040870.0,394043.0
2023-02-17 09:30:00,4254.0,4260.0,4252.0,4252.0,3104.0,132132190.0,393904.0
2023-02-17 09:35:00,4252.0,4258.0,4252.0,4258.0,1177.0,50078510.0,393815.0
2023-02-17 09:40:00,4258.0,4259.0,4249.0,4250.0,1964.0,83520770.0,393786.0
2023-02-17 09:45:00,4249.0,4250.0,4247.0,4248.0,2336.0,99239020.0,393603.0
2023-02-17 09:50:00,4249.0,4253.0,4248.0,4253.0,1128.0,47946600.0,393267.0
2023-02-17 09:55:00,4252.0,4257.0,4251.0,4255.0,1665.0,70840760.0,392992.0
2023-02-17 10:00:00,4256.0,4257.0,4243.0,4244.0,3512.0,149179400.0,393814.0
2023-02-17 10:05:00,4243.0,4243.0,4214.0,4216.0,16619.0,702786650.0,394940.0
2023-02-17 10:10:00,4216.0,4232.0,4210.0,4225.0,10559.0,445969040.0,395648.0
2023-02-17 10:30:00,4228.0,4242.0,4226.0,4237.0,7099.0,300617940.0,395704.0
2023-02-17 10:35:00,4236.0,4238.0,4222.0,4231.0,7639.0,322973740.0,396856.0
2023-02-17 10:40:00,4229.0,4238.0,4228.0,4236.0,2503.0,105962960.0,396736.0
2023-02-17 10:45:00,4236.0,4242.0,4235.0,4241.0,2721.0,115343150.0,396608.0
2023-02-17 10:50:00,4241.0,4246.0,4237.0,4243.0,2682.0,113756450.0,396351.0
2023-02-17 10:55:00,4243.0,4244.0,4236.0,4237.0,2656.0,112607200.0,396517.0
2023-02-17 11:00:00,4237.0,4243.0,4237.0,4238.0,1810.0,76742920.0,396508.0
2023-02-17 11:05:00,4237.0,4238.0,4231.0,4235.0,2983.0,126299920.0,396372.0
2023-02-17 11:10:00,4235.0,4237.0,4225.0,4226.0,2488.0,105259950.0,396297.0
2023-02-17 11:15:00,4226.0,4233.0,4225.0,4229.0,2577.0,108961190.0,396385.0
2023-02-17 11:20:00,4229.0,4238.0,4229.0,4237.0,2522.0,106800360.0,396180.0
2023-02-17 11:25:00,4237.0,4238.0,4229.0,4230.0,3078.0,130318260.0,395528.0
2023-02-17 13:30:00,4228.0,4234.0,4224.0,4228.0,5217.0,220590830.0,395493.0
2023-02-17 13:35:00,4229.0,4232.0,4220.0,4220.0,4624.0,195299370.0,396617.0
2023-02-17 13:40:00,4220.0,4227.0,4218.0,4226.0,3748.0,158251590.0,397066.0
2023-02-17 13:45:00,4225.0,4229.0,4223.0,4227.0,1651.0,69773060.0,397235.0
2023-02-17 13:50:00,4228.0,4228.0,4221.0,4223.0,1749.0,73861480.0,397239.0
2023-02-17 13:55:00,4223.0,4223.0,4214.0,4216.0,4973.0,209721110.0,397465.0
2023-02-17 14:00:00,4215.0,4219.0,4206.0,4218.0,9063.0,381707900.0,398990.0
2023-02-17 14:05:00,4218.0,4223.0,4216.0,4218.0,2421.0,102159700.0,399208.0
2023-02-17 14:10:00,4219.0,4220.0,4216.0,4218.0,1534.0,64706150.0,399376.0
2023-02-17 14:15:00,4219.0,4221.0,4207.0,4207.0,5141.0,216587460.0,400391.0
2023-02-17 14:20:00,4207.0,4211.0,4201.0,4201.0,6118.0,257311200.0,400540.0
2023-02-17 14:25:00,4202.0,4205.0,4196.0,4201.0,8281.0,347878700.0,402111.0
2023-02-17 14:30:00,4201.0,4211.0,4200.0,4208.0,3983.0,167561880.0,401965.0
2023-02-17 14:35:00,4208.0,4209.0,4201.0,4202.0,2241.0,94226640.0,402050.0
2023-02-17 14:40:00,4201.0,4203.0,4193.0,4199.0,6174.0,259127310.0,402284.0
2023-02-17 14:45:00,4198.0,4199.0,4190.0,4191.0,5172.0,216958810.0,401893.0
2023-02-17 14:50:00,4191.0,4194.0,4186.0,4191.0,8253.0,345743650.0,403129.0
2023-02-17 14:55:00,4191.0,4200.0,4189.0,4196.0,8278.0,347304490.0,402099.0
2023-02-17 21:00:00,4190.0,4214.0,4187.0,4202.0,25548.0,1074225890.0,398462.0
2023-02-17 21:05:00,4201.0,4221.0,4201.0,4220.0,11262.0,474523900.0,397393.0
2023-02-17 21:10:00,4221.0,4228.0,4220.0,4223.0,10788.0,455706890.0,395398.0
2023-02-17 21:15:00,4222.0,4223.0,4212.0,4221.0,6079.0,256358430.0,394935.0
2023-02-17 21:20:00,4220.0,4222.0,4205.0,4205.0,7075.0,297895160.0,394550.0
2023-02-17 21:25:00,4206.0,4211.0,4189.0,4192.0,9339.0,392092250.0,393761.0
2023-02-17 21:30:00,4192.0,4205.0,4189.0,4204.0,5837.0,245022910.0,393980.0
2023-02-17 21:35:00,4204.0,4207.0,4200.0,4206.0,3336.0,140232710.0,394634.0
2023-02-17 21:40:00,4206.0,4207.0,4201.0,4204.0,2099.0,88248970.0,395176.0
2023-02-17 21:45:00,4205.0,4212.0,4204.0,4212.0,2784.0,117178150.0,395745.0
2023-02-17 21:50:00,4212.0,4212.0,4202.0,4211.0,3434.0,144455150.0,395855.0
2023-02-17 21:55:00,4211.0,4213.0,4207.0,4209.0,2078.0,87482130.0,396000.0
2023-02-17 22:00:00,4209.0,4215.0,4205.0,4207.0,2600.0,109467550.0,395853.0
2023-02-17 22:05:00,4208.0,4214.0,4198.0,4199.0,2904.0,122129210.0,395513.0
2023-02-17 22:10:00,4199.0,4211.0,4199.0,4208.0,2573.0,108196890.0,395808.0
2023-02-17 22:15:00,4208.0,4210.0,4201.0,4204.0,2382.0,100160120.0,395730.0
2023-02-17 22:20:00,4204.0,4206.0,4199.0,4201.0,1646.0,69170360.0,395668.0
2023-02-17 22:25:00,4200.0,4203.0,4195.0,4196.0,2316.0,97234270.0,395907.0
2023-02-17 22:30:00,4196.0,4203.0,4193.0,4202.0,2874.0,120649920.0,395790.0
2023-02-17 22:35:00,4202.0,4202.0,4192.0,4192.0,2145.0,90001690.0,395457.0
2023-02-17 22:40:00,4193.0,4199.0,4191.0,4198.0,1867.0,78329420.0,395588.0
2023-02-17 22:45:00,4197.0,4198.0,4192.0,4192.0,1927.0,80837910.0,395671.0
2023-02-17 22:50:00,4192.0,4196.0,4190.0,4192.0,2834.0,118812470.0,395396.0
2023-02-17 22:55:00,4192.0,4197.0,4191.0,4192.0,3094.0,129751720.0,394418.0
2023-02-20 09:00:00,4201.0,4206.0,4188.0,4188.0,8535.0,358266940.0,395663.0
2023-02-20 09:05:00,4188.0,4196.0,4183.0,4196.0,6455.0,270328770.0,396174.0
2023-02-20 09:10:00,4196.0,4200.0,4190.0,4193.0,3290.0,137996240.0,396615.0
2023-02-20 09:15:00,4192.0,4201.0,4192.0,4197.0,2385.0,100114490.0,396595.0
2023-02-20 09:20:00,4198.0,4202.0,4195.0,4200.0,3541.0,148654290.0,396306.0
2023-02-20 09:25:00,4199.0,4203.0,4196.0,4201.0,2256.0,94752760.0,396295.0
2023-02-20 09:30:00,4201.0,4208.0,4199.0,4202.0,2808.0,118049340.0,396031.0
2023-02-20 09:35:00,4202.0,4205.0,4198.0,4198.0,1986.0,83428620.0,396026.0
2023-02-20 09:40:00,4198.0,4200.0,4192.0,4197.0,2274.0,95400750.0,396079.0
2023-02-20 09:45:00,4197.0,4207.0,4194.0,4205.0,2861.0,120188410.0,395866.0
2023-02-20 09:50:00,4206.0,4210.0,4202.0,4209.0,3127.0,131551730.0,395848.0
2023-02-20 09:55:00,4209.0,4215.0,4209.0,4214.0,3498.0,147357700.0,395461.0
2023-02-20 10:00:00,4214.0,4218.0,4209.0,4216.0,3539.0,149111210.0,395172.0
2023-02-20 10:05:00,4216.0,4223.0,4216.0,4222.0,5027.0,212110070.0,395068.0
2023-02-20 10:10:00,4222.0,4223.0,4216.0,4223.0,3547.0,149670230.0,395040.0
2023-02-20 10:30:00,4222.0,4227.0,4217.0,4219.0,4270.0,180316610.0,394816.0
2023-02-20 10:35:00,4219.0,4229.0,4218.0,4226.0,3892.0,164474630.0,394784.0
2023-02-20 10:40:00,4225.0,4234.0,4223.0,4233.0,5111.0,216129950.0,393951.0
2023-02-20 10:45:00,4234.0,4235.0,4224.0,4228.0,4877.0,206278690.0,392579.0
2023-02-20 10:50:00,4229.0,4229.0,4224.0,4229.0,1791.0,75691450.0,392389.0
2023-02-20 10:55:00,4228.0,4229.0,4218.0,4220.0,2830.0,119502310.0,392133.0
2023-02-20 11:00:00,4220.0,4224.0,4218.0,4224.0,2027.0,85553070.0,392343.0
2023-02-20 11:05:00,4224.0,4226.0,4221.0,4223.0,1408.0,59474170.0,392468.0
2023-02-20 11:10:00,4223.0,4227.0,4221.0,4227.0,879.0,37134700.0,392469.0
2023-02-20 11:15:00,4227.0,4233.0,4226.0,4232.0,2382.0,100753970.0,392428.0
2023-02-20 11:20:00,4232.0,4235.0,4229.0,4233.0,2003.0,84767030.0,392324.0
2023-02-20 11:25:00,4234.0,4235.0,4230.0,4234.0,2275.0,96289110.0,392261.0
2023-02-20 13:30:00,4234.0,4248.0,4234.0,4246.0,8251.0,349831610.0,391774.0
2023-02-20 13:35:00,4247.0,4255.0,4246.0,4252.0,10356.0,440125390.0,390409.0
2023-02-20 13:40:00,4251.0,4252.0,4244.0,4250.0,4941.0,209856710.0,389173.0
2023-02-20 13:45:00,4250.0,4250.0,4241.0,4243.0,3614.0,153430670.0,389231.0
2023-02-20 13:50:00,4243.0,4246.0,4241.0,4244.0,2169.0,92036580.0,389097.0
2023-02-20 13:55:00,4244.0,4246.0,4238.0,4244.0,2549.0,108100800.0,388559.0
2023-02-20 14:00:00,4245.0,4247.0,4242.0,4247.0,2049.0,86966910.0,388577.0
2023-02-20 14:05:00,4247.0,4248.0,4239.0,4239.0,1471.0,62418610.0,388660.0
2023-02-20 14:10:00,4239.0,4247.0,4239.0,4245.0,1157.0,49102350.0,388670.0
2023-02-20 14:15:00,4245.0,4247.0,4241.0,4243.0,1284.0,54489740.0,388617.0
2023-02-20 14:20:00,4243.0,4244.0,4233.0,4238.0,3665.0,155304760.0,388783.0
2023-02-20 14:25:00,4237.0,4243.0,4236.0,4239.0,1614.0,68423190.0,388793.0
2023-02-20 14:30:00,4238.0,4244.0,4238.0,4243.0,1649.0,69934640.0,389007.0
2023-02-20 14:35:00,4243.0,4247.0,4239.0,4244.0,2163.0,91789490.0,389050.0
2023-02-20 14:40:00,4243.0,4243.0,4236.0,4240.0,1896.0,80374130.0,389078.0
2023-02-20 14:45:00,4241.0,4241.0,4236.0,4240.0,1275.0,54040750.0,388935.0
2023-02-20 14:50:00,4240.0,4241.0,4232.0,4239.0,3263.0,138242940.0,388540.0
2023-02-20 14:55:00,4239.0,4244.0,4235.0,4242.0,4389.0,186062510.0,387544.0
2023-02-20 21:00:00,4242.0,4260.0,4238.0,4256.0,16751.0,711946490.0,387639.0
2023-02-20 21:05:00,4256.0,4263.0,4251.0,4257.0,9508.0,404762880.0,387445.0
2023-02-20 21:10:00,4256.0,4257.0,4250.0,4256.0,5511.0,234388030.0,387710.0
2023-02-20 21:15:00,4256.0,4259.0,4252.0,4258.0,4118.0,175268580.0,388225.0
2023-02-20 21:20:00,4258.0,4270.0,4258.0,4265.0,10200.0,434870890.0,388993.0
2023-02-20 21:25:00,4265.0,4274.0,4265.0,4272.0,6848.0,292427630.0,388785.0
2023-02-20 21:30:00,4272.0,4274.0,4264.0,4267.0,6377.0,272243260.0,388126.0
2023-02-20 21:35:00,4267.0,4275.0,4266.0,4271.0,4613.0,197038050.0,387622.0
2023-02-20 21:40:00,4271.0,4273.0,4268.0,4271.0,2934.0,125300610.0,387199.0
2023-02-20 21:45:00,4270.0,4276.0,4270.0,4274.0,3617.0,154576040.0,386934.0
2023-02-20 21:50:00,4274.0,4274.0,4270.0,4270.0,2232.0,95337220.0,386714.0
2023-02-20 21:55:00,4271.0,4273.0,4268.0,4272.0,2385.0,101842930.0,386515.0
2023-02-20 22:00:00,4272.0,4274.0,4268.0,4270.0,2352.0,100458650.0,386252.0
2023-02-20 22:05:00,4271.0,4273.0,4265.0,4271.0,2855.0,121882760.0,386060.0
2023-02-20 22:10:00,4271.0,4275.0,4271.0,4274.0,1772.0,75707110.0,385852.0
2023-02-20 22:15:00,4274.0,4274.0,4269.0,4273.0,1619.0,69151770.0,385740.0
2023-02-20 22:20:00,4273.0,4288.0,4272.0,4288.0,11020.0,471866460.0,385461.0
2023-02-20 22:25:00,4288.0,4293.0,4285.0,4288.0,6525.0,279871980.0,385807.0
2023-02-20 22:30:00,4288.0,4295.0,4288.0,4293.0,4796.0,205871390.0,386197.0
2023-02-20 22:35:00,4293.0,4295.0,4290.0,4292.0,2844.0,122093750.0,385928.0
2023-02-20 22:40:00,4292.0,4294.0,4288.0,4291.0,3128.0,134191200.0,385770.0
2023-02-20 22:45:00,4291.0,4292.0,4284.0,4287.0,3122.0,133843860.0,385082.0
2023-02-20 22:50:00,4287.0,4287.0,4279.0,4286.0,3272.0,140149990.0,384436.0
2023-02-20 22:55:00,4287.0,4295.0,4286.0,4294.0,2912.0,124876320.0,383606.0
2023-02-21 09:00:00,4294.0,4318.0,4290.0,4315.0,18373.0,790897090.0,383725.0
2023-02-21 09:05:00,4316.0,4323.0,4306.0,4311.0,11355.0,489820800.0,382903.0
2023-02-21 09:10:00,4312.0,4324.0,4312.0,4315.0,7415.0,320168840.0,383098.0
2023-02-21 09:15:00,4315.0,4317.0,4308.0,4309.0,4670.0,201378400.0,383129.0
2023-02-21 09:20:00,4309.0,4313.0,4297.0,4298.0,7714.0,332107670.0,381950.0
2023-02-21 09:25:00,4299.0,4303.0,4295.0,4303.0,5697.0,244900870.0,381447.0
2023-02-21 09:30:00,4303.0,4305.0,4295.0,4298.0,3798.0,163321460.0,381469.0
2023-02-21 09:35:00,4299.0,4299.0,4291.0,4292.0,5146.0,220947030.0,380770.0
2023-02-21 09:40:00,4292.0,4296.0,4289.0,4294.0,3726.0,159924140.0,380890.0
2023-02-21 09:45:00,4294.0,4301.0,4291.0,4298.0,4099.0,176148400.0,380972.0
2023-02-21 09:50:00,4298.0,4300.0,4293.0,4299.0,1920.0,82503290.0,380873.0
2023-02-21 09:55:00,4299.0,4300.0,4289.0,4300.0,3857.0,165630660.0,380705.0
2023-02-21 10:00:00,4300.0,4302.0,4292.0,4294.0,3019.0,129759610.0,380184.0
2023-02-21 10:05:00,4293.0,4297.0,4288.0,4297.0,2852.0,122409350.0,379840.0
2023-02-21 10:10:00,4297.0,4300.0,4295.0,4299.0,1370.0,58881630.0,379819.0
2023-02-21 10:30:00,4298.0,4307.0,4298.0,4306.0,3211.0,138188570.0,379540.0
2023-02-21 10:35:00,4307.0,4308.0,4301.0,4304.0,2418.0,104101520.0,379107.0
2023-02-21 10:40:00,4303.0,4304.0,4297.0,4298.0,2597.0,111655720.0,378790.0
2023-02-21 10:45:00,4298.0,4300.0,4295.0,4300.0,1516.0,65156340.0,378791.0
2023-02-21 10:50:00,4300.0,4304.0,4298.0,4303.0,1387.0,59659760.0,378709.0
2023-02-21 10:55:00,4303.0,4305.0,4300.0,4303.0,1360.0,58522450.0,378767.0
2023-02-21 11:00:00,4304.0,4311.0,4303.0,4309.0,3759.0,161918990.0,379069.0
2023-02-21 11:05:00,4309.0,4311.0,4297.0,4297.0,5251.0,225893810.0,377723.0
2023-02-21 11:10:00,4297.0,4298.0,4291.0,4295.0,4967.0,213310110.0,376136.0
2023-02-21 11:15:00,4295.0,4299.0,4294.0,4299.0,1499.0,64395740.0,376050.0
2023-02-21 11:20:00,4298.0,4301.0,4297.0,4300.0,1708.0,73435730.0,375868.0
2023-02-21 11:25:00,4300.0,4302.0,4298.0,4299.0,916.0,39389040.0,375829.0
2023-02-21 13:30:00,4297.0,4303.0,4295.0,4300.0,2627.0,112933690.0,375810.0
2023-02-21 13:35:00,4300.0,4300.0,4297.0,4299.0,1534.0,65942840.0,375570.0
2023-02-21 13:40:00,4299.0,4303.0,4296.0,4303.0,1732.0,74481910.0,375696.0
2023-02-21 13:45:00,4302.0,4303.0,4292.0,4296.0,3282.0,141011140.0,375302.0
2023-02-21 13:50:00,4295.0,4298.0,4285.0,4297.0,4862.0,208642540.0,375298.0
2023-02-21 13:55:00,4298.0,4298.0,4288.0,4289.0,3535.0,151717610.0,374965.0
2023-02-21 14:00:00,4290.0,4295.0,4287.0,4291.0,3016.0,129401360.0,375026.0
2023-02-21 14:05:00,4290.0,4294.0,4290.0,4294.0,2240.0,96155130.0,375034.0
2023-02-21 14:10:00,4293.0,4298.0,4292.0,4297.0,2928.0,125762740.0,375145.0
2023-02-21 14:15:00,4297.0,4299.0,4294.0,4295.0,1484.0,63761390.0,375100.0
2023-02-21 14:20:00,4295.0,4299.0,4294.0,4297.0,1066.0,45802760.0,375065.0
2023-02-21 14:25:00,4296.0,4297.0,4292.0,4296.0,1001.0,42984430.0,375026.0
2023-02-21 14:30:00,4296.0,4299.0,4294.0,4294.0,1779.0,76434140.0,374232.0
2023-02-21 14:35:00,4295.0,4300.0,4295.0,4297.0,1595.0,68549410.0,373926.0
2023-02-21 14:40:00,4297.0,4302.0,4297.0,4300.0,2377.0,102213680.0,373997.0
2023-02-21 14:45:00,4301.0,4302.0,4297.0,4300.0,1818.0,78162010.0,373772.0
2023-02-21 14:50:00,4300.0,4304.0,4298.0,4303.0,2697.0,116017580.0,373042.0
2023-02-21 14:55:00,4303.0,4309.0,4302.0,4304.0,6332.0,272636060.0,372261.0
2023-02-21 21:00:00,4295.0,4307.0,4289.0,4301.0,15489.0,665598930.0,372711.0
2023-02-21 21:05:00,4300.0,4314.0,4300.0,4310.0,9673.0,416851930.0,372180.0
2023-02-21 21:10:00,4310.0,4321.0,4310.0,4318.0,8689.0,375192670.0,372236.0
2023-02-21 21:15:00,4317.0,4318.0,4314.0,4316.0,3204.0,138288380.0,372030.0
2023-02-21 21:20:00,4315.0,4317.0,4308.0,4308.0,2976.0,128312450.0,371758.0
2023-02-21 21:25:00,4308.0,4311.0,4303.0,4309.0,3094.0,133255960.0,371511.0
2023-02-21 21:30:00,4309.0,4310.0,4298.0,4300.0,3453.0,148568390.0,371391.0
2023-02-21 21:35:00,4300.0,4302.0,4296.0,4299.0,2815.0,121016620.0,371342.0
2023-02-21 21:40:00,4298.0,4299.0,4293.0,4298.0,2481.0,106581280.0,371331.0
2023-02-21 21:45:00,4298.0,4298.0,4290.0,4293.0,3242.0,139206470.0,371217.0
2023-02-21 21:50:00,4292.0,4297.0,4292.0,4296.0,2733.0,117358990.0,371308.0
2023-02-21 21:55:00,4297.0,4300.0,4295.0,4299.0,2133.0,91674870.0,371728.0
2023-02-21 22:00:00,4299.0,4300.0,4295.0,4298.0,1781.0,76544610.0,371683.0
2023-02-21 22:05:00,4298.0,4305.0,4297.0,4303.0,2241.0,96421420.0,371643.0
2023-02-21 22:10:00,4303.0,4303.0,4294.0,4296.0,2375.0,102078000.0,371651.0
2023-02-21 22:15:00,4295.0,4298.0,4293.0,4296.0,2003.0,86031620.0,371825.0
2023-02-21 22:20:00,4297.0,4300.0,4295.0,4298.0,1190.0,51137850.0,371841.0
2023-02-21 22:25:00,4297.0,4300.0,4296.0,4297.0,1023.0,43972150.0,371919.0
2023-02-21 22:30:00,4297.0,4303.0,4297.0,4302.0,2015.0,86655490.0,371880.0
2023-02-21 22:35:00,4303.0,4303.0,4295.0,4297.0,1865.0,80166000.0,371951.0
2023-02-21 22:40:00,4297.0,4301.0,4296.0,4296.0,994.0,42729380.0,372058.0
2023-02-21 22:45:00,4296.0,4298.0,4293.0,4295.0,1732.0,74398000.0,371780.0
2023-02-21 22:50:00,4296.0,4303.0,4295.0,4301.0,2091.0,89895290.0,371596.0
2023-02-21 22:55:00,4300.0,4302.0,4295.0,4295.0,2027.0,87154950.0,370943.0
2023-02-22 09:00:00,4293.0,4298.0,4287.0,4296.0,7371.0,316408740.0,370878.0
2023-02-22 09:05:00,4296.0,4302.0,4291.0,4292.0,4684.0,201318400.0,370302.0
2023-02-22 09:10:00,4292.0,4295.0,4290.0,4292.0,2237.0,96010090.0,370181.0
2023-02-22 09:15:00,4291.0,4299.0,4290.0,4298.0,2591.0,111289690.0,370183.0
2023-02-22 09:20:00,4298.0,4302.0,4296.0,4297.0,2089.0,89804700.0,370067.0
2023-02-22 09:25:00,4298.0,4298.0,4293.0,4297.0,1554.0,66749590.0,369808.0
2023-02-22 09:30:00,4298.0,4301.0,4296.0,4300.0,1333.0,57303060.0,369829.0
2023-02-22 09:35:00,4299.0,4306.0,4299.0,4303.0,2892.0,124454080.0,370324.0
2023-02-22 09:40:00,4303.0,4304.0,4293.0,4296.0,1972.0,84749730.0,370367.0
2023-02-22 09:45:00,4295.0,4297.0,4279.0,4282.0,7727.0,331198670.0,370456.0
2023-02-22 09:50:00,4281.0,4291.0,4281.0,4291.0,4882.0,209230070.0,370590.0
2023-02-22 09:55:00,4290.0,4298.0,4289.0,4297.0,3517.0,151028050.0,370740.0
2023-02-22 10:00:00,4297.0,4304.0,4296.0,4300.0,3884.0,167016100.0,371097.0
2023-02-22 10:05:00,4301.0,4312.0,4300.0,4309.0,5471.0,235667120.0,371629.0
2023-02-22 10:10:00,4309.0,4313.0,4306.0,4312.0,2647.0,114062210.0,372022.0
2023-02-22 10:30:00,4312.0,4318.0,4311.0,4316.0,4956.0,213852200.0,372645.0
2023-02-22 10:35:00,4316.0,4316.0,4310.0,4312.0,2449.0,105597380.0,372717.0
2023-02-22 10:40:00,4313.0,4315.0,4309.0,4314.0,1798.0,77518900.0,372736.0
2023-02-22 10:45:00,4315.0,4319.0,4312.0,4317.0,3386.0,146130340.0,372746.0
2023-02-22 10:50:00,4316.0,4318.0,4313.0,4315.0,1986.0,85703530.0,372759.0
2023-02-22 10:55:00,4315.0,4315.0,4308.0,4310.0,2397.0,103326140.0,372575.0
2023-02-22 11:00:00,4311.0,4313.0,4305.0,4309.0,2988.0,128744280.0,372866.0
2023-02-22 11:05:00,4309.0,4313.0,4306.0,4308.0,1935.0,83388850.0,373028.0
2023-02-22 11:10:00,4308.0,4315.0,4306.0,4312.0,2102.0,90613090.0,372735.0
2023-02-22 11:15:00,4312.0,4314.0,4308.0,4310.0,1756.0,75698190.0,372485.0
2023-02-22 11:20:00,4311.0,4311.0,4305.0,4308.0,1903.0,81962350.0,372321.0
2023-02-22 11:25:00,4309.0,4310.0,4305.0,4306.0,1180.0,50828780.0,372124.0
2023-02-22 13:30:00,4306.0,4314.0,4304.0,4312.0,3349.0,144300230.0,372215.0
2023-02-22 13:35:00,4312.0,4312.0,4307.0,4308.0,1932.0,83250160.0,372124.0
2023-02-22 13:40:00,4308.0,4308.0,4299.0,4302.0,3354.0,144321400.0,371483.0
2023-02-22 13:45:00,4303.0,4307.0,4300.0,4303.0,2290.0,98534710.0,371489.0
2023-02-22 13:50:00,4303.0,4305.0,4297.0,4297.0,2399.0,103168730.0,371451.0
2023-02-22 13:55:00,4298.0,4298.0,4287.0,4292.0,6727.0,288673850.0,373105.0
2023-02-22 14:00:00,4291.0,4296.0,4290.0,4296.0,2542.0,109160930.0,373015.0
2023-02-22 14:05:00,4295.0,4296.0,4291.0,4291.0,2114.0,90777330.0,373118.0
2023-02-22 14:10:00,4292.0,4292.0,4286.0,4286.0,3291.0,141148550.0,373165.0
2023-02-22 14:15:00,4286.0,4293.0,4285.0,4285.0,2924.0,125400930.0,373263.0
2023-02-22 14:20:00,4286.0,4288.0,4272.0,4272.0,9668.0,413697430.0,373557.0
2023-02-22 14:25:00,4272.0,4278.0,4272.0,4277.0,4403.0,188247580.0,373979.0
2023-02-22 14:30:00,4277.0,4284.0,4266.0,4269.0,9192.0,392900790.0,373115.0
2023-02-22 14:35:00,4270.0,4281.0,4267.0,4281.0,4911.0,209884080.0,372463.0
2023-02-22 14:40:00,4280.0,4287.0,4279.0,4286.0,4156.0,178009470.0,372832.0
2023-02-22 14:45:00,4286.0,4290.0,4283.0,4286.0,3087.0,132313370.0,372795.0
2023-02-22 14:50:00,4287.0,4287.0,4281.0,4284.0,2851.0,122144800.0,372323.0
2023-02-22 14:55:00,4284.0,4285.0,4276.0,4282.0,4791.0,205062240.0,371153.0
2023-02-22 21:00:00,4300.0,4304.0,4287.0,4299.0,18323.0,787074470.0,372567.0
2023-02-22 21:05:00,4300.0,4306.0,4298.0,4301.0,9682.0,416594560.0,371801.0
2023-02-22 21:10:00,4301.0,4308.0,4298.0,4306.0,6914.0,297624780.0,372969.0
2023-02-22 21:15:00,4305.0,4308.0,4292.0,4298.0,6408.0,275387460.0,373233.0
2023-02-22 21:20:00,4298.0,4327.0,4297.0,4323.0,17414.0,751509210.0,376249.0
2023-02-22 21:25:00,4323.0,4329.0,4322.0,4326.0,12484.0,539967190.0,377862.0
2023-02-22 21:30:00,4325.0,4337.0,4324.0,4337.0,10152.0,439875390.0,379861.0
2023-02-22 21:35:00,4337.0,4337.0,4327.0,4331.0,7359.0,318702240.0,379420.0
2023-02-22 21:40:00,4330.0,4332.0,4322.0,4324.0,5449.0,235760300.0,378896.0
2023-02-22 21:45:00,4324.0,4326.0,4318.0,4324.0,5243.0,226589540.0,378725.0
2023-02-22 21:50:00,4324.0,4332.0,4323.0,4327.0,3804.0,164608590.0,378924.0
2023-02-22 21:55:00,4327.0,4332.0,4327.0,4330.0,2740.0,118645760.0,378964.0
2023-02-22 22:00:00,4330.0,4334.0,4322.0,4324.0,4687.0,202845800.0,378888.0
2023-02-22 22:05:00,4324.0,4333.0,4324.0,4330.0,2394.0,103627790.0,379114.0
2023-02-22 22:10:00,4330.0,4340.0,4329.0,4337.0,4803.0,208244230.0,378878.0
2023-02-22 22:15:00,4338.0,4338.0,4333.0,4334.0,2806.0,121637640.0,378955.0
2023-02-22 22:20:00,4334.0,4334.0,4328.0,4331.0,2528.0,109487060.0,378775.0
2023-02-22 22:25:00,4331.0,4332.0,4327.0,4328.0,1740.0,75321070.0,378624.0
2023-02-22 22:30:00,4328.0,4329.0,4322.0,4326.0,2791.0,120715880.0,378253.0
2023-02-22 22:35:00,4326.0,4333.0,4325.0,4331.0,1992.0,86264750.0,378172.0
2023-02-22 22:40:00,4331.0,4336.0,4331.0,4335.0,1916.0,83033810.0,377999.0
2023-02-22 22:45:00,4335.0,4335.0,4327.0,4330.0,2134.0,92413790.0,377849.0
2023-02-22 22:50:00,4331.0,4335.0,4329.0,4334.0,1557.0,67460480.0,377797.0
2023-02-22 22:55:00,4334.0,4338.0,4330.0,4337.0,2688.0,116532220.0,377476.0
2023-02-23 09:00:00,4325.0,4329.0,4315.0,4326.0,14200.0,613536060.0,377163.0
2023-02-23 09:05:00,4326.0,4326.0,4313.0,4316.0,5632.0,243257990.0,377307.0
2023-02-23 09:10:00,4315.0,4318.0,4298.0,4305.0,10008.0,430841070.0,377137.0
2023-02-23 09:15:00,4305.0,4312.0,4304.0,4309.0,4015.0,172998420.0,377364.0
2023-02-23 09:20:00,4309.0,4313.0,4308.0,4311.0,2269.0,97812950.0,377575.0
2023-02-23 09:25:00,4311.0,4317.0,4308.0,4311.0,2375.0,102420920.0,377621.0
2023-02-23 09:30:00,4311.0,4315.0,4304.0,4311.0,2531.0,109079280.0,377508.0
2023-02-23 09:35:00,4313.0,4315.0,4308.0,4315.0,1742.0,75111380.0,377746.0
2023-02-23 09:40:00,4315.0,4322.0,4314.0,4318.0,3338.0,144151870.0,377623.0
2023-02-23 09:45:00,4319.0,4324.0,4318.0,4320.0,2752.0,118939300.0,376876.0
2023-02-23 09:50:00,4321.0,4330.0,4319.0,4323.0,2571.0,111198630.0,376740.0
2023-02-23 09:55:00,4323.0,4328.0,4319.0,4327.0,1697.0,73360390.0,376645.0
2023-02-23 10:00:00,4327.0,4330.0,4319.0,4320.0,3024.0,130781220.0,377166.0
2023-02-23 10:05:00,4320.0,4321.0,4313.0,4318.0,2851.0,123042480.0,377221.0
2023-02-23 10:10:00,4318.0,4324.0,4318.0,4322.0,2260.0,97648810.0,376860.0
2023-02-23 10:30:00,4323.0,4328.0,4319.0,4324.0,3037.0,131307070.0,376695.0
2023-02-23 10:35:00,4324.0,4330.0,4323.0,4326.0,2474.0,107052690.0,376958.0
2023-02-23 10:40:00,4325.0,4326.0,4310.0,4314.0,4655.0,200934040.0,376603.0
2023-02-23 10:45:00,4314.0,4317.0,4311.0,4317.0,2268.0,97853970.0,376762.0
2023-02-23 10:50:00,4316.0,4318.0,4306.0,4309.0,3429.0,147821430.0,376742.0
2023-02-23 10:55:00,4308.0,4313.0,4305.0,4313.0,3053.0,131525510.0,376884.0
2023-02-23 11:00:00,4313.0,4313.0,4308.0,4312.0,2594.0,111818210.0,376876.0
2023-02-23 11:05:00,4311.0,4316.0,4309.0,4313.0,2688.0,115926170.0,376783.0
2023-02-23 11:10:00,4313.0,4323.0,4313.0,4319.0,3112.0,134392660.0,376716.0
2023-02-23 11:15:00,4318.0,4322.0,4317.0,4317.0,1581.0,68290820.0,376529.0
2023-02-23 11:20:00,4317.0,4326.0,4317.0,4325.0,2387.0,103182510.0,376528.0
2023-02-23 11:25:00,4325.0,4326.0,4322.0,4324.0,2330.0,100752740.0,376069.0
2023-02-23 13:30:00,4324.0,4327.0,4319.0,4327.0,3379.0,146066870.0,376188.0
2023-02-23 13:35:00,4326.0,4328.0,4322.0,4327.0,2777.0,120129800.0,376215.0
2023-02-23 13:40:00,4328.0,4329.0,4323.0,4324.0,2366.0,102362110.0,376122.0
2023-02-23 13:45:00,4324.0,4325.0,4320.0,4322.0,2008.0,86788990.0,375933.0
2023-02-23 13:50:00,4321.0,4324.0,4314.0,4314.0,2474.0,106862720.0,375590.0
2023-02-23 13:55:00,4315.0,4320.0,4314.0,4318.0,1972.0,85134970.0,375417.0
2023-02-23 14:00:00,4318.0,4323.0,4316.0,4318.0,2304.0,99522600.0,375102.0
2023-02-23 14:05:00,4319.0,4325.0,4319.0,4323.0,2379.0,102821590.0,375257.0
2023-02-23 14:10:00,4323.0,4324.0,4319.0,4319.0,1525.0,65902980.0,374951.0
2023-02-23 14:15:00,4320.0,4320.0,4313.0,4313.0,2800.0,120856910.0,374673.0
2023-02-23 14:20:00,4313.0,4320.0,4311.0,4319.0,2451.0,105759700.0,374380.0
2023-02-23 14:25:00,4318.0,4320.0,4314.0,4318.0,1849.0,79824460.0,374122.0
2023-02-23 14:30:00,4318.0,4324.0,4318.0,4323.0,2516.0,108720580.0,374249.0
2023-02-23 14:35:00,4322.0,4322.0,4315.0,4317.0,2056.0,88766230.0,373910.0
2023-02-23 14:40:00,4316.0,4317.0,4311.0,4316.0,4106.0,177119620.0,374345.0
2023-02-23 14:45:00,4315.0,4317.0,4305.0,4306.0,4473.0,192776920.0,374564.0
2023-02-23 14:50:00,4306.0,4315.0,4303.0,4313.0,4730.0,203784530.0,374299.0
2023-02-23 14:55:00,4313.0,4317.0,4311.0,4315.0,4227.0,182395800.0,373384.0
2023-02-23 21:00:00,4329.0,4332.0,4319.0,4328.0,18950.0,819942180.0,371704.0
2023-02-23 21:05:00,4327.0,4332.0,4323.0,4326.0,6869.0,297313800.0,371239.0
2023-02-23 21:10:00,4326.0,4329.0,4324.0,4328.0,3170.0,137139830.0,371145.0
2023-02-23 21:15:00,4327.0,4329.0,4322.0,4329.0,3363.0,145466570.0,371228.0
2023-02-23 21:20:00,4329.0,4330.0,4326.0,4328.0,2168.0,93825960.0,371778.0
2023-02-23 21:25:00,4328.0,4334.0,4325.0,4333.0,3255.0,140921820.0,372409.0
2023-02-23 21:30:00,4333.0,4345.0,4330.0,4342.0,10308.0,447277910.0,373258.0
2023-02-23 21:35:00,4342.0,4344.0,4335.0,4337.0,4233.0,183733440.0,373505.0
2023-02-23 21:40:00,4337.0,4345.0,4337.0,4345.0,3582.0,155472720.0,373645.0
2023-02-23 21:45:00,4347.0,4353.0,4343.0,4348.0,9683.0,421065570.0,375581.0
2023-02-23 21:50:00,4347.0,4348.0,4342.0,4343.0,4050.0,175967500.0,375503.0
2023-02-23 21:55:00,4343.0,4352.0,4343.0,4349.0,4386.0,190744720.0,375777.0
2023-02-23 22:00:00,4350.0,4352.0,4344.0,4349.0,3220.0,140018530.0,375878.0
2023-02-23 22:05:00,4350.0,4351.0,4344.0,4347.0,2664.0,115807780.0,375603.0
2023-02-23 22:10:00,4346.0,4350.0,4344.0,4349.0,1915.0,83248870.0,375454.0
2023-02-23 22:15:00,4349.0,4351.0,4348.0,4349.0,1672.0,72725810.0,375622.0
2023-02-23 22:20:00,4349.0,4355.0,4348.0,4349.0,3196.0,139083400.0,375642.0
2023-02-23 22:25:00,4349.0,4353.0,4349.0,4352.0,1848.0,80404140.0,375439.0
2023-02-23 22:30:00,4351.0,4360.0,4351.0,4359.0,5094.0,221908080.0,375653.0
2023-02-23 22:35:00,4358.0,4359.0,4355.0,4358.0,1769.0,77074940.0,375682.0
2023-02-23 22:40:00,4358.0,4359.0,4347.0,4348.0,3993.0,173746780.0,374528.0
2023-02-23 22:45:00,4348.0,4358.0,4348.0,4356.0,2654.0,115519310.0,374614.0
2023-02-23 22:50:00,4356.0,4359.0,4355.0,4357.0,1485.0,64694050.0,374512.0
2023-02-23 22:55:00,4357.0,4360.0,4353.0,4357.0,2929.0,127591150.0,373321.0
2023-02-24 09:00:00,4357.0,4370.0,4354.0,4366.0,10958.0,478194840.0,373230.0
2023-02-24 09:05:00,4365.0,4367.0,4356.0,4364.0,4626.0,201778750.0,372671.0
2023-02-24 09:10:00,4364.0,4365.0,4355.0,4357.0,3553.0,154926610.0,372679.0
2023-02-24 09:15:00,4358.0,4359.0,4349.0,4357.0,4195.0,182650340.0,372102.0
2023-02-24 09:20:00,4356.0,4362.0,4352.0,4361.0,2501.0,108957520.0,371972.0
2023-02-24 09:25:00,4361.0,4362.0,4357.0,4358.0,2108.0,91897180.0,371954.0
2023-02-24 09:30:00,4359.0,4359.0,4345.0,4348.0,4602.0,200206830.0,371011.0
2023-02-24 09:35:00,4348.0,4348.0,4341.0,4342.0,5259.0,228457830.0,370381.0
2023-02-24 09:40:00,4343.0,4350.0,4340.0,4350.0,3395.0,147496170.0,370007.0
2023-02-24 09:45:00,4350.0,4353.0,4347.0,4351.0,2028.0,88223790.0,369938.0
2023-02-24 09:50:00,4351.0,4353.0,4346.0,4353.0,2001.0,87049680.0,369788.0
2023-02-24 09:55:00,4352.0,4353.0,4345.0,4351.0,1665.0,72408040.0,369962.0
2023-02-24 10:00:00,4351.0,4356.0,4351.0,4355.0,2599.0,113150990.0,369984.0
2023-02-24 10:05:00,4356.0,4356.0,4346.0,4352.0,1597.0,69474200.0,370017.0
2023-02-24 10:10:00,4352.0,4356.0,4350.0,4354.0,1044.0,45448890.0,370104.0
2023-02-24 10:30:00,4350.0,4362.0,4350.0,4360.0,4437.0,193286230.0,370486.0
2023-02-24 10:35:00,4359.0,4362.0,4355.0,4359.0,2539.0,110672070.0,370583.0
2023-02-24 10:40:00,4358.0,4361.0,4352.0,4354.0,2627.0,114455570.0,370804.0
2023-02-24 10:45:00,4354.0,4355.0,4347.0,4347.0,2862.0,124496200.0,370348.0
2023-02-24 10:50:00,4347.0,4349.0,4335.0,4337.0,5954.0,258406910.0,369699.0
2023-02-24 10:55:00,4337.0,4342.0,4336.0,4338.0,3704.0,160713560.0,369577.0
2023-02-24 11:00:00,4339.0,4345.0,4337.0,4343.0,2569.0,111539280.0,369062.0
2023-02-24 11:05:00,4342.0,4343.0,4328.0,4332.0,6731.0,291630790.0,367971.0
2023-02-24 11:10:00,4331.0,4337.0,4331.0,4334.0,2800.0,121352530.0,367576.0
2023-02-24 11:15:00,4334.0,4336.0,4321.0,4328.0,6629.0,286811090.0,366942.0
2023-02-24 11:20:00,4327.0,4335.0,4327.0,4330.0,2377.0,102963130.0,367135.0
2023-02-24 11:25:00,4330.0,4335.0,4329.0,4332.0,2616.0,113356050.0,366994.0
2023-02-24 13:30:00,4332.0,4340.0,4329.0,4339.0,3750.0,162550500.0,366876.0
2023-02-24 13:35:00,4339.0,4341.0,4334.0,4336.0,3185.0,138172110.0,366378.0
2023-02-24 13:40:00,4336.0,4337.0,4321.0,4326.0,4067.0,175960150.0,366813.0
2023-02-24 13:45:00,4326.0,4330.0,4321.0,4321.0,2916.0,126147510.0,366890.0
2023-02-24 13:50:00,4321.0,4324.0,4309.0,4315.0,11015.0,475351110.0,366562.0
2023-02-24 13:55:00,4315.0,4322.0,4307.0,4322.0,5661.0,244262710.0,365937.0
2023-02-24 14:00:00,4322.0,4324.0,4317.0,4317.0,3095.0,133759190.0,365979.0
2023-02-24 14:05:00,4317.0,4323.0,4317.0,4322.0,1694.0,73181630.0,366005.0
2023-02-24 14:10:00,4322.0,4326.0,4317.0,4321.0,2852.0,123286190.0,365465.0
2023-02-24 14:15:00,4321.0,4323.0,4317.0,4321.0,2009.0,86786550.0,365432.0
2023-02-24 14:20:00,4321.0,4326.0,4320.0,4325.0,1597.0,69056720.0,365312.0
2023-02-24 14:25:00,4325.0,4329.0,4322.0,4328.0,1272.0,55010770.0,365320.0
2023-02-24 14:30:00,4329.0,4336.0,4328.0,4332.0,4272.0,185089020.0,364932.0
2023-02-24 14:35:00,4332.0,4343.0,4332.0,4340.0,4554.0,197542650.0,364674.0
2023-02-24 14:40:00,4341.0,4344.0,4339.0,4342.0,2996.0,130084330.0,364306.0
2023-02-24 14:45:00,4342.0,4347.0,4340.0,4341.0,3998.0,173657510.0,364520.0
2023-02-24 14:50:00,4342.0,4344.0,4340.0,4342.0,2275.0,98781790.0,364102.0
2023-02-24 14:55:00,4342.0,4354.0,4341.0,4354.0,6204.0,269706860.0,363474.0
2023-02-24 21:00:00,4358.0,4366.0,4352.0,4365.0,17351.0,756482420.0,364022.0
2023-02-24 21:05:00,4364.0,4382.0,4364.0,4380.0,17757.0,777030190.0,364560.0
2023-02-24 21:10:00,4380.0,4385.0,4376.0,4383.0,8583.0,375992400.0,365620.0
2023-02-24 21:15:00,4384.0,4387.0,4380.0,4382.0,5991.0,262621030.0,365875.0
2023-02-24 21:20:00,4381.0,4384.0,4376.0,4378.0,3776.0,165360000.0,365316.0
2023-02-24 21:25:00,4378.0,4381.0,4376.0,4380.0,2418.0,105884600.0,365008.0
2023-02-24 21:30:00,4378.0,4380.0,4371.0,4374.0,4629.0,202505560.0,364186.0
2023-02-24 21:35:00,4375.0,4375.0,4363.0,4367.0,6719.0,293518020.0,364082.0
2023-02-24 21:40:00,4368.0,4373.0,4367.0,4370.0,2428.0,106120570.0,364132.0
2023-02-24 21:45:00,4370.0,4371.0,4366.0,4368.0,1435.0,62686870.0,364045.0
2023-02-24 21:50:00,4368.0,4372.0,4364.0,4371.0,2149.0,93854100.0,363775.0
2023-02-24 21:55:00,4372.0,4374.0,4369.0,4371.0,2335.0,102069310.0,363935.0
2023-02-24 22:00:00,4371.0,4380.0,4369.0,4377.0,3359.0,147005620.0,364560.0
2023-02-24 22:05:00,4377.0,4379.0,4374.0,4377.0,2203.0,96418770.0,364695.0
2023-02-24 22:10:00,4377.0,4377.0,4368.0,4368.0,2711.0,118499940.0,364418.0
2023-02-24 22:15:00,4368.0,4373.0,4365.0,4368.0,2756.0,120396610.0,364031.0
2023-02-24 22:20:00,4368.0,4370.0,4362.0,4366.0,2638.0,115148150.0,363581.0
2023-02-24 22:25:00,4366.0,4368.0,4360.0,4362.0,3262.0,142322300.0,363149.0
2023-02-24 22:30:00,4362.0,4365.0,4355.0,4364.0,6354.0,277012640.0,362651.0
2023-02-24 22:35:00,4363.0,4364.0,4355.0,4362.0,2830.0,123402140.0,362689.0
2023-02-24 22:40:00,4362.0,4363.0,4353.0,4353.0,3070.0,133747490.0,362248.0
2023-02-24 22:45:00,4353.0,4356.0,4343.0,4344.0,6614.0,287552590.0,361673.0
2023-02-24 22:50:00,4344.0,4349.0,4342.0,4349.0,4911.0,213385880.0,361919.0
2023-02-24 22:55:00,4349.0,4352.0,4343.0,4343.0,3919.0,170405880.0,360951.0
2023-02-27 09:00:00,4365.0,4368.0,4354.0,4364.0,12446.0,542701140.0,361495.0
2023-02-27 09:05:00,4363.0,4364.0,4349.0,4351.0,5000.0,217750070.0,362212.0
2023-02-27 09:10:00,4351.0,4355.0,4345.0,4346.0,4589.0,199659580.0,362174.0
2023-02-27 09:15:00,4346.0,4347.0,4333.0,4339.0,6017.0,261099620.0,362037.0
2023-02-27 09:20:00,4338.0,4350.0,4337.0,4349.0,3846.0,167080590.0,362372.0
2023-02-27 09:25:00,4349.0,4355.0,4345.0,4345.0,2727.0,118630450.0,362641.0
2023-02-27 09:30:00,4345.0,4353.0,4344.0,4348.0,2267.0,98578400.0,362583.0
2023-02-27 09:35:00,4347.0,4356.0,4346.0,4351.0,2174.0,94598820.0,362764.0
2023-02-27 09:40:00,4352.0,4360.0,4351.0,4359.0,2375.0,103468370.0,362852.0
2023-02-27 09:45:00,4359.0,4367.0,4357.0,4367.0,4252.0,185476400.0,363730.0
2023-02-27 09:50:00,4366.0,4372.0,4364.0,4366.0,3929.0,171642900.0,364479.0
2023-02-27 09:55:00,4366.0,4367.0,4361.0,4366.0,1846.0,80560680.0,364269.0
2023-02-27 10:00:00,4365.0,4366.0,4357.0,4360.0,2412.0,105167410.0,363974.0
2023-02-27 10:05:00,4360.0,4362.0,4349.0,4350.0,2916.0,126973610.0,364007.0
2023-02-27 10:10:00,4350.0,4355.0,4350.0,4355.0,1625.0,70722630.0,364023.0
2023-02-27 10:30:00,4355.0,4362.0,4352.0,4361.0,3240.0,141133700.0,364405.0
2023-02-27 10:35:00,4361.0,4361.0,4343.0,4344.0,4515.0,196400440.0,364839.0
2023-02-27 10:40:00,4345.0,4349.0,4338.0,4339.0,4061.0,176316730.0,365362.0
2023-02-27 10:45:00,4339.0,4343.0,4333.0,4334.0,4761.0,206492700.0,366296.0
2023-02-27 10:50:00,4334.0,4344.0,4333.0,4339.0,4552.0,197553230.0,366655.0
2023-02-27 10:55:00,4339.0,4347.0,4337.0,4345.0,3553.0,154282130.0,366484.0
2023-02-27 11:00:00,4345.0,4345.0,4336.0,4338.0,1499.0,65064850.0,366655.0
2023-02-27 11:05:00,4337.0,4338.0,4331.0,4334.0,3697.0,160208340.0,366803.0
2023-02-27 11:10:00,4333.0,4337.0,4326.0,4327.0,4964.0,214991180.0,366747.0
2023-02-27 11:15:00,4327.0,4333.0,4322.0,4323.0,5781.0,250180740.0,367332.0
2023-02-27 11:20:00,4324.0,4326.0,4316.0,4324.0,9233.0,398839250.0,367712.0
2023-02-27 11:25:00,4324.0,4330.0,4323.0,4325.0,3274.0,141656380.0,367477.0
2023-02-27 13:30:00,4323.0,4325.0,4316.0,4322.0,6277.0,271183580.0,368173.0
2023-02-27 13:35:00,4323.0,4328.0,4313.0,4313.0,4869.0,210397880.0,368237.0
2023-02-27 13:40:00,4313.0,4318.0,4310.0,4312.0,5694.0,245602280.0,368377.0
2023-02-27 13:45:00,4312.0,4324.0,4311.0,4316.0,3948.0,170513820.0,368736.0
2023-02-27 13:50:00,4317.0,4319.0,4314.0,4314.0,1919.0,82848660.0,368738.0
2023-02-27 13:55:00,4314.0,4320.0,4313.0,4316.0,1908.0,82348080.0,368982.0
2023-02-27 14:00:00,4317.0,4325.0,4316.0,4321.0,3056.0,132066900.0,368652.0
2023-02-27 14:05:00,4322.0,4325.0,4316.0,4317.0,2292.0,99025210.0,368612.0
2023-02-27 14:10:00,4318.0,4324.0,4317.0,4318.0,1823.0,78768600.0,368552.0
2023-02-27 14:15:00,4317.0,4328.0,4317.0,4326.0,7640.0,330417450.0,368775.0
2023-02-27 14:20:00,4325.0,4327.0,4321.0,4326.0,3388.0,146512070.0,368478.0
2023-02-27 14:25:00,4325.0,4326.0,4300.0,4301.0,11146.0,480093500.0,367214.0
2023-02-27 14:30:00,4302.0,4308.0,4301.0,4305.0,5915.0,254591430.0,366544.0
2023-02-27 14:35:00,4305.0,4313.0,4304.0,4311.0,3515.0,151472180.0,366414.0
2023-02-27 14:40:00,4312.0,4314.0,4308.0,4308.0,1793.0,77290000.0,366414.0
2023-02-27 14:45:00,4308.0,4313.0,4305.0,4310.0,2352.0,101341880.0,366331.0
2023-02-27 14:50:00,4311.0,4315.0,4307.0,4314.0,2338.0,100829310.0,366303.0
2023-02-27 14:55:00,4315.0,4316.0,4310.0,4313.0,4714.0,203310420.0,365510.0
2023-02-27 21:00:00,4329.0,4329.0,4312.0,4313.0,14456.0,624491090.0,367151.0
2023-02-27 21:05:00,4314.0,4315.0,4308.0,4310.0,4734.0,204109620.0,367227.0
2023-02-27 21:10:00,4309.0,4316.0,4304.0,4305.0,3722.0,160448710.0,367214.0
2023-02-27 21:15:00,4304.0,4318.0,4304.0,4316.0,4205.0,181382190.0,367010.0
2023-02-27 21:20:00,4316.0,4326.0,4314.0,4323.0,5944.0,256794550.0,365721.0
2023-02-27 21:25:00,4323.0,4324.0,4319.0,4320.0,2518.0,108807770.0,365553.0
2023-02-27 21:30:00,4319.0,4326.0,4319.0,4322.0,3073.0,132841870.0,365194.0
2023-02-27 21:35:00,4323.0,4330.0,4322.0,4325.0,4655.0,201419860.0,364153.0
2023-02-27 21:40:00,4325.0,4326.0,4321.0,4322.0,1920.0,83012530.0,363958.0
2023-02-27 21:45:00,4322.0,4327.0,4320.0,4322.0,2469.0,106737990.0,363812.0
2023-02-27 21:50:00,4321.0,4327.0,4321.0,4327.0,2260.0,97715330.0,364071.0
2023-02-27 21:55:00,4327.0,4334.0,4325.0,4331.0,4388.0,190011430.0,364544.0
2023-02-27 22:00:00,4332.0,4333.0,4330.0,4331.0,2557.0,110764270.0,364604.0
2023-02-27 22:05:00,4330.0,4330.0,4324.0,4325.0,2354.0,101865280.0,364312.0
2023-02-27 22:10:00,4325.0,4327.0,4323.0,4323.0,1389.0,60069980.0,364319.0
2023-02-27 22:15:00,4323.0,4327.0,4323.0,4324.0,1604.0,69371630.0,364337.0
2023-02-27 22:20:00,4324.0,4328.0,4323.0,4326.0,956.0,41353860.0,364230.0
2023-02-27 22:25:00,4326.0,4327.0,4321.0,4323.0,1464.0,63283720.0,363983.0
2023-02-27 22:30:00,4323.0,4323.0,4315.0,4316.0,3519.0,151944350.0,363325.0
2023-02-27 22:35:00,4316.0,4318.0,4308.0,4310.0,3734.0,161041090.0,363345.0
2023-02-27 22:40:00,4311.0,4314.0,4307.0,4313.0,2450.0,105620220.0,363315.0
2023-02-27 22:45:00,4312.0,4317.0,4311.0,4315.0,2582.0,111405990.0,362978.0
2023-02-27 22:50:00,4315.0,4316.0,4310.0,4312.0,1208.0,52105530.0,362795.0
2023-02-27 22:55:00,4311.0,4313.0,4302.0,4304.0,4677.0,201450340.0,363010.0
2023-02-28 09:00:00,4310.0,4315.0,4304.0,4306.0,6577.0,283438780.0,364115.0
2023-02-28 09:05:00,4306.0,4312.0,4300.0,4306.0,5882.0,253174060.0,363942.0
2023-02-28 09:10:00,4307.0,4315.0,4306.0,4312.0,2934.0,126472100.0,363747.0
2023-02-28 09:15:00,4312.0,4318.0,4312.0,4316.0,3029.0,130718230.0,363713.0
2023-02-28 09:20:00,4315.0,4320.0,4312.0,4318.0,2621.0,113124040.0,363580.0
2023-02-28 09:25:00,4318.0,4320.0,4315.0,4318.0,1982.0,85575160.0,363491.0
2023-02-28 09:30:00,4318.0,4328.0,4316.0,4328.0,4616.0,199578190.0,363497.0
2023-02-28 09:35:00,4327.0,4329.0,4319.0,4319.0,2433.0,105190080.0,363638.0
2023-02-28 09:40:00,4319.0,4320.0,4311.0,4313.0,2437.0,105183470.0,363744.0
2023-02-28 09:45:00,4313.0,4314.0,4309.0,4311.0,2461.0,106095000.0,363958.0
2023-02-28 09:50:00,4312.0,4315.0,4309.0,4310.0,2032.0,87628520.0,364129.0
2023-02-28 09:55:00,4310.0,4312.0,4306.0,4309.0,2097.0,90348900.0,364049.0
2023-02-28 10:00:00,4309.0,4316.0,4307.0,4316.0,2167.0,93454530.0,364136.0
2023-02-28 10:05:00,4315.0,4319.0,4310.0,4312.0,1966.0,84816270.0,363770.0
2023-02-28 10:10:00,4312.0,4315.0,4304.0,4305.0,3551.0,152985170.0,363461.0
2023-02-28 10:30:00,4305.0,4309.0,4294.0,4297.0,8931.0,384204300.0,364104.0
2023-02-28 10:35:00,4296.0,4303.0,4291.0,4299.0,10625.0,456625770.0,364118.0
2023-02-28 10:40:00,4300.0,4314.0,4300.0,4314.0,14104.0,607302560.0,362833.0
2023-02-28 10:45:00,4314.0,4320.0,4311.0,4314.0,12111.0,522796070.0,362263.0
2023-02-28 10:50:00,4314.0,4320.0,4313.0,4317.0,6560.0,283128670.0,362130.0
2023-02-28 10:55:00,4317.0,4318.0,4306.0,4309.0,3890.0,167751070.0,361919.0
2023-02-28 11:00:00,4308.0,4308.0,4301.0,4303.0,4010.0,172584940.0,362154.0
2023-02-28 11:05:00,4303.0,4311.0,4302.0,4311.0,6512.0,280334140.0,362871.0
2023-02-28 11:10:00,4311.0,4314.0,4308.0,4313.0,1796.0,77417440.0,362723.0
2023-02-28 11:15:00,4314.0,4318.0,4312.0,4313.0,2175.0,93851410.0,362540.0
2023-02-28 11:20:00,4312.0,4314.0,4310.0,4314.0,1557.0,67132410.0,362493.0
2023-02-28 11:25:00,4314.0,4314.0,4309.0,4312.0,1262.0,54413240.0,362562.0
2023-02-28 13:30:00,4311.0,4312.0,4304.0,4307.0,3433.0,147895740.0,362653.0
2023-02-28 13:35:00,4307.0,4315.0,4306.0,4314.0,1704.0,73458600.0,362517.0
2023-02-28 13:40:00,4314.0,4317.0,4313.0,4315.0,1542.0,66537320.0,362571.0
2023-02-28 13:45:00,4315.0,4315.0,4311.0,4314.0,1751.0,75524540.0,362790.0
2023-02-28 13:50:00,4314.0,4316.0,4310.0,4314.0,1531.0,66032250.0,362585.0
2023-02-28 13:55:00,4314.0,4316.0,4310.0,4310.0,1069.0,46094120.0,362630.0
2023-02-28 14:00:00,4311.0,4315.0,4310.0,4311.0,1670.0,72011580.0,362504.0
2023-02-28 14:05:00,4312.0,4317.0,4311.0,4316.0,2068.0,89228750.0,362344.0
2023-02-28 14:10:00,4316.0,4322.0,4312.0,4322.0,2676.0,115529080.0,362367.0
2023-02-28 14:15:00,4322.0,4322.0,4318.0,4320.0,2774.0,119839410.0,362168.0
2023-02-28 14:20:00,4321.0,4322.0,4314.0,4315.0,2025.0,87427090.0,361987.0
2023-02-28 14:25:00,4316.0,4318.0,4313.0,4317.0,1048.0,45226020.0,361929.0
2023-02-28 14:30:00,4316.0,4326.0,4316.0,4326.0,3400.0,146964680.0,362195.0
2023-02-28 14:35:00,4326.0,4330.0,4322.0,4329.0,4777.0,206689630.0,362253.0
2023-02-28 14:40:00,4328.0,4338.0,4328.0,4335.0,6842.0,296435470.0,362266.0
2023-02-28 14:45:00,4335.0,4349.0,4331.0,4349.0,14675.0,637269600.0,363961.0
2023-02-28 14:50:00,4350.0,4354.0,4344.0,4350.0,9575.0,416356450.0,363409.0
2023-02-28 14:55:00,4350.0,4350.0,4346.0,4350.0,6214.0,270190400.0,362252.0
2023-02-28 21:00:00,4352.0,4361.0,4350.0,4358.0,20411.0,888804150.0,363480.0
2023-02-28 21:05:00,4359.0,4363.0,4354.0,4361.0,7218.0,314710090.0,363596.0
2023-02-28 21:10:00,4361.0,4369.0,4353.0,4356.0,8137.0,354813020.0,363446.0
2023-02-28 21:15:00,4356.0,4356.0,4346.0,4351.0,6867.0,298783800.0,362602.0
2023-02-28 21:20:00,4351.0,4353.0,4346.0,4348.0,2731.0,118790110.0,363027.0
2023-02-28 21:25:00,4347.0,4348.0,4340.0,4346.0,6082.0,264113310.0,361576.0
2023-02-28 21:30:00,4345.0,4347.0,4342.0,4346.0,8563.0,372089110.0,361812.0
2023-02-28 21:35:00,4345.0,4350.0,4339.0,4341.0,3920.0,170260740.0,361511.0
2023-02-28 21:40:00,4340.0,4342.0,4336.0,4339.0,2880.0,124952740.0,361325.0
2023-02-28 21:45:00,4339.0,4345.0,4338.0,4342.0,1755.0,76207160.0,361516.0
2023-02-28 21:50:00,4341.0,4342.0,4337.0,4339.0,1724.0,74808440.0,361312.0
2023-02-28 21:55:00,4338.0,4339.0,4331.0,4334.0,3782.0,163914190.0,361365.0
2023-02-28 22:00:00,4335.0,4342.0,4335.0,4339.0,2645.0,114765770.0,361579.0
2023-02-28 22:05:00,4338.0,4342.0,4335.0,4336.0,1972.0,85559750.0,361773.0
2023-02-28 22:10:00,4337.0,4339.0,4336.0,4339.0,1294.0,56126130.0,362024.0
2023-02-28 22:15:00,4339.0,4339.0,4334.0,4335.0,1531.0,66382350.0,362075.0
2023-02-28 22:20:00,4334.0,4339.0,4331.0,4339.0,2614.0,113297410.0,361932.0
2023-02-28 22:25:00,4339.0,4339.0,4334.0,4335.0,1627.0,70552990.0,362047.0
2023-02-28 22:30:00,4335.0,4336.0,4327.0,4327.0,4464.0,193295540.0,362095.0
2023-02-28 22:35:00,4328.0,4330.0,4323.0,4324.0,3246.0,140427750.0,361861.0
2023-02-28 22:40:00,4325.0,4331.0,4324.0,4329.0,2466.0,106713180.0,362039.0
2023-02-28 22:45:00,4329.0,4332.0,4327.0,4327.0,3730.0,161448370.0,362583.0
2023-02-28 22:50:00,4327.0,4329.0,4325.0,4325.0,6901.0,298627160.0,361749.0
2023-02-28 22:55:00,4325.0,4326.0,4317.0,4319.0,4739.0,204822550.0,360344.0
2023-03-01 09:00:00,4318.0,4323.0,4313.0,4321.0,7401.0,319521830.0,360604.0
2023-03-01 09:05:00,4321.0,4333.0,4321.0,4325.0,5800.0,250969850.0,359783.0
2023-03-01 09:10:00,4325.0,4336.0,4325.0,4330.0,3743.0,162134540.0,359351.0
2023-03-01 09:15:00,4331.0,4337.0,4327.0,4332.0,2817.0,122019270.0,359458.0
2023-03-01 09:20:00,4331.0,4340.0,4329.0,4334.0,3766.0,163295380.0,359256.0
2023-03-01 09:25:00,4335.0,4342.0,4335.0,4341.0,2218.0,96227060.0,359442.0
2023-03-01 09:30:00,4339.0,4343.0,4336.0,4341.0,3556.0,154343640.0,359572.0
2023-03-01 09:35:00,4341.0,4341.0,4333.0,4336.0,2709.0,117477010.0,359689.0
2023-03-01 09:40:00,4336.0,4345.0,4335.0,4342.0,3640.0,158004880.0,359611.0
2023-03-01 09:45:00,4342.0,4345.0,4339.0,4344.0,1906.0,82754990.0,359569.0
2023-03-01 09:50:00,4344.0,4349.0,4341.0,4347.0,2875.0,124941050.0,359729.0
2023-03-01 09:55:00,4348.0,4357.0,4347.0,4357.0,6550.0,285109600.0,359249.0
2023-03-01 10:00:00,4356.0,4358.0,4348.0,4351.0,5411.0,235502150.0,358559.0
2023-03-01 10:05:00,4352.0,4358.0,4348.0,4358.0,3571.0,155446290.0,358208.0
2023-03-01 10:10:00,4358.0,4362.0,4357.0,4360.0,4954.0,215969160.0,358238.0
2023-03-01 10:30:00,4361.0,4365.0,4357.0,4364.0,5025.0,219170640.0,358200.0
2023-03-01 10:35:00,4364.0,4367.0,4361.0,4366.0,4086.0,178345570.0,358409.0
2023-03-01 10:40:00,4366.0,4366.0,4359.0,4365.0,3903.0,170275030.0,358421.0
2023-03-01 10:45:00,4364.0,4365.0,4343.0,4350.0,7824.0,340388790.0,357471.0
2023-03-01 10:50:00,4350.0,4353.0,4346.0,4353.0,3235.0,140708980.0,357658.0
2023-03-01 10:55:00,4354.0,4354.0,4343.0,4347.0,2686.0,116782920.0,357974.0
2023-03-01 11:00:00,4348.0,4349.0,4341.0,4345.0,3459.0,150235000.0,358679.0
2023-03-01 11:05:00,4345.0,4349.0,4344.0,4347.0,2665.0,115832200.0,359169.0
2023-03-01 11:10:00,4346.0,4353.0,4346.0,4352.0,1684.0,73259500.0,359279.0
2023-03-01 11:15:00,4353.0,4353.0,4345.0,4345.0,1899.0,82585010.0,359611.0
2023-03-01 11:20:00,4345.0,4352.0,4345.0,4350.0,1455.0,63283430.0,359781.0
2023-03-01 11:25:00,4350.0,4358.0,4350.0,4358.0,3573.0,155608290.0,360102.0
2023-03-01 13:30:00,4358.0,4359.0,4347.0,4347.0,4166.0,181323130.0,360653.0
2023-03-01 13:35:00,4347.0,4353.0,4347.0,4353.0,2586.0,112486530.0,360529.0
2023-03-01 13:40:00,4353.0,4353.0,4342.0,4343.0,3249.0,141238400.0,360940.0
2023-03-01 13:45:00,4343.0,4349.0,4341.0,4342.0,3439.0,149382020.0,361016.0
2023-03-01 13:50:00,4343.0,4346.0,4340.0,4340.0,2211.0,96010750.0,361455.0
2023-03-01 13:55:00,4340.0,4344.0,4338.0,4343.0,4587.0,199168680.0,361804.0
2023-03-01 14:00:00,4344.0,4349.0,4343.0,4348.0,1654.0,71896680.0,361739.0
2023-03-01 14:05:00,4347.0,4348.0,4345.0,4346.0,1437.0,62462710.0,362313.0
2023-03-01 14:10:00,4347.0,4352.0,4346.0,4350.0,2318.0,100813500.0,362640.0
2023-03-01 14:15:00,4350.0,4355.0,4348.0,4350.0,2051.0,89250820.0,362809.0
2023-03-01 14:20:00,4350.0,4355.0,4349.0,4353.0,1684.0,73304340.0,362869.0
2023-03-01 14:25:00,4353.0,4355.0,4347.0,4354.0,3418.0,148727730.0,363103.0
2023-03-01 14:30:00,4354.0,4354.0,4347.0,4348.0,1399.0,60864880.0,363010.0
2023-03-01 14:35:00,4347.0,4348.0,4344.0,4348.0,2409.0,104696520.0,363107.0
2023-03-01 14:40:00,4347.0,4350.0,4345.0,4348.0,1816.0,78958850.0,363157.0
2023-03-01 14:45:00,4348.0,4350.0,4343.0,4343.0,2005.0,87143520.0,363474.0
2023-03-01 14:50:00,4344.0,4349.0,4343.0,4346.0,3415.0,148417800.0,363763.0
2023-03-01 14:55:00,4346.0,4347.0,4343.0,4345.0,3748.0,162866280.0,363396.0
2023-03-01 21:00:00,4345.0,4350.0,4340.0,4349.0,15283.0,664055260.0,363931.0
2023-03-01 21:05:00,4350.0,4358.0,4345.0,4352.0,7758.0,337627730.0,364377.0
2023-03-01 21:10:00,4351.0,4352.0,4345.0,4349.0,3524.0,153239260.0,364671.0
2023-03-01 21:15:00,4348.0,4349.0,4340.0,4346.0,4006.0,174049350.0,364888.0
2023-03-01 21:20:00,4347.0,4347.0,4336.0,4339.0,4885.0,212049940.0,365106.0
2023-03-01 21:25:00,4339.0,4341.0,4330.0,4332.0,6588.0,285567010.0,365536.0
2023-03-01 21:30:00,4331.0,4335.0,4328.0,4331.0,5239.0,226950100.0,366370.0
2023-03-01 21:35:00,4331.0,4335.0,4330.0,4334.0,2457.0,106453760.0,366380.0
2023-03-01 21:40:00,4333.0,4334.0,4327.0,4329.0,3246.0,140546390.0,366629.0
2023-03-01 21:45:00,4329.0,4335.0,4328.0,4335.0,2492.0,107964370.0,366519.0
2023-03-01 21:50:00,4335.0,4340.0,4334.0,4339.0,2974.0,128970980.0,366109.0
2023-03-01 21:55:00,4339.0,4341.0,4337.0,4339.0,1990.0,86341810.0,365952.0
2023-03-01 22:00:00,4338.0,4338.0,4332.0,4334.0,1488.0,64499140.0,366128.0
2023-03-01 22:05:00,4333.0,4340.0,4332.0,4340.0,1537.0,66631990.0,366299.0
2023-03-01 22:10:00,4340.0,4340.0,4335.0,4336.0,1087.0,47147240.0,366355.0
2023-03-01 22:15:00,4335.0,4337.0,4332.0,4334.0,940.0,40744780.0,366263.0
2023-03-01 22:20:00,4334.0,4340.0,4332.0,4340.0,1797.0,77933490.0,365907.0
2023-03-01 22:25:00,4340.0,4345.0,4338.0,4344.0,2457.0,106668830.0,365819.0
2023-03-01 22:30:00,4343.0,4350.0,4341.0,4350.0,3528.0,153335560.0,365947.0
2023-03-01 22:35:00,4349.0,4355.0,4347.0,4353.0,4065.0,176877730.0,365748.0
2023-03-01 22:40:00,4352.0,4354.0,4349.0,4349.0,2629.0,114392660.0,365579.0
2023-03-01 22:45:00,4350.0,4351.0,4346.0,4347.0,1616.0,70263370.0,365261.0
2023-03-01 22:50:00,4346.0,4349.0,4346.0,4349.0,1316.0,57213740.0,364739.0
2023-03-01 22:55:00,4349.0,4351.0,4347.0,4350.0,2420.0,105239500.0,363750.0
2023-03-02 09:00:00,4356.0,4364.0,4354.0,4364.0,9915.0,432239470.0,364876.0
2023-03-02 09:05:00,4362.0,4376.0,4362.0,4376.0,10589.0,462863000.0,365179.0
2023-03-02 09:10:00,4376.0,4382.0,4372.0,4374.0,7725.0,338114120.0,365869.0
2023-03-02 09:15:00,4373.0,4374.0,4367.0,4369.0,4870.0,212800050.0,365647.0
2023-03-02 09:20:00,4368.0,4370.0,4362.0,4369.0,3917.0,170975880.0,365316.0
2023-03-02 09:25:00,4369.0,4373.0,4366.0,4372.0,2501.0,109273190.0,365507.0
2023-03-02 09:30:00,4372.0,4374.0,4360.0,4362.0,3274.0,142988920.0,365301.0
2023-03-02 09:35:00,4362.0,4367.0,4357.0,4358.0,2773.0,120952620.0,364680.0
2023-03-02 09:40:00,4359.0,4361.0,4355.0,4358.0,3435.0,149679320.0,364326.0
2023-03-02 09:45:00,4358.0,4365.0,4357.0,4364.0,2680.0,116909590.0,363944.0
2023-03-02 09:50:00,4364.0,4367.0,4361.0,4365.0,1611.0,70317200.0,363907.0
2023-03-02 09:55:00,4366.0,4367.0,4357.0,4364.0,2390.0,104226500.0,364072.0
2023-03-02 10:00:00,4365.0,4367.0,4359.0,4361.0,1358.0,59250580.0,364039.0
2023-03-02 10:05:00,4362.0,4362.0,4358.0,4360.0,1247.0,54370500.0,364037.0
2023-03-02 10:10:00,4361.0,4361.0,4343.0,4344.0,11052.0,480766860.0,360866.0
2023-03-02 10:30:00,4346.0,4347.0,4339.0,4345.0,7145.0,310307950.0,361251.0
2023-03-02 10:35:00,4346.0,4346.0,4339.0,4339.0,4610.0,200154710.0,362172.0
2023-03-02 10:40:00,4339.0,4342.0,4335.0,4335.0,5959.0,258490270.0,363158.0
2023-03-02 10:45:00,4336.0,4341.0,4334.0,4336.0,4731.0,205190080.0,363057.0
2023-03-02 10:50:00,4336.0,4345.0,4335.0,4342.0,2548.0,110596560.0,363045.0
2023-03-02 10:55:00,4343.0,4348.0,4342.0,4344.0,2424.0,105318500.0,362835.0
2023-03-02 11:00:00,4344.0,4347.0,4343.0,4345.0,2670.0,116005400.0,363220.0
2023-03-02 11:05:00,4344.0,4346.0,4340.0,4341.0,7352.0,319354780.0,363106.0
2023-03-02 11:10:00,4340.0,4342.0,4337.0,4340.0,3703.0,160668540.0,363008.0
2023-03-02 11:15:00,4340.0,4343.0,4338.0,4342.0,1929.0,83736970.0,362853.0
2023-03-02 11:20:00,4342.0,4346.0,4342.0,4343.0,2447.0,106300500.0,362432.0
2023-03-02 11:25:00,4343.0,4344.0,4340.0,4341.0,1242.0,53928670.0,362484.0
2023-03-02 13:30:00,4342.0,4350.0,4338.0,4348.0,3985.0,173122500.0,362871.0
2023-03-02 13:35:00,4348.0,4348.0,4320.0,4321.0,11027.0,477644550.0,361887.0
2023-03-02 13:40:00,4321.0,4329.0,4320.0,4328.0,6943.0,300302430.0,363330.0
2023-03-02 13:45:00,4328.0,4334.0,4327.0,4328.0,3913.0,169431850.0,363351.0
2023-03-02 13:50:00,4328.0,4334.0,4326.0,4328.0,3235.0,140068720.0,363654.0
2023-03-02 13:55:00,4328.0,4332.0,4325.0,4326.0,3023.0,130854760.0,363899.0
2023-03-02 14:00:00,4327.0,4333.0,4324.0,4332.0,3134.0,135633180.0,363657.0
2023-03-02 14:05:00,4332.0,4339.0,4331.0,4336.0,3055.0,132464690.0,363283.0
2023-03-02 14:10:00,4336.0,4340.0,4332.0,4332.0,2225.0,96466970.0,363116.0
2023-03-02 14:15:00,4333.0,4339.0,4332.0,4339.0,2091.0,90663790.0,363576.0
2023-03-02 14:20:00,4338.0,4342.0,4336.0,4341.0,3673.0,159401790.0,363636.0
2023-03-02 14:25:00,4341.0,4341.0,4337.0,4337.0,1566.0,67944210.0,363952.0
2023-03-02 14:30:00,4337.0,4344.0,4336.0,4343.0,4112.0,178528840.0,364431.0
2023-03-02 14:35:00,4343.0,4348.0,4339.0,4340.0,3476.0,151003670.0,363359.0
2023-03-02 14:40:00,4339.0,4343.0,4339.0,4341.0,1759.0,76359220.0,363190.0
2023-03-02 14:45:00,4341.0,4345.0,4337.0,4340.0,1934.0,83954400.0,363474.0
2023-03-02 14:50:00,4339.0,4342.0,4336.0,4337.0,2700.0,117149560.0,362523.0
2023-03-02 14:55:00,4336.0,4339.0,4329.0,4330.0,6363.0,275735490.0,361279.0
2023-03-02 21:00:00,4340.0,4344.0,4331.0,4334.0,15506.0,672676810.0,360717.0
2023-03-02 21:05:00,4335.0,4339.0,4325.0,4327.0,6456.0,279731240.0,360938.0
2023-03-02 21:10:00,4328.0,4331.0,4321.0,4322.0,5564.0,240669480.0,361513.0
2023-03-02 21:15:00,4322.0,4324.0,4317.0,4319.0,6429.0,277731050.0,362940.0
2023-03-02 21:20:00,4320.0,4327.0,4318.0,4323.0,4536.0,196087430.0,363227.0
2023-03-02 21:25:00,4324.0,4327.0,4319.0,4322.0,2978.0,128711180.0,363905.0
2023-03-02 21:30:00,4321.0,4323.0,4314.0,4315.0,6526.0,281759770.0,365386.0
2023-03-02 21:35:00,4315.0,4317.0,4305.0,4306.0,9052.0,390239420.0,366583.0
2023-03-02 21:40:00,4307.0,4310.0,4300.0,4303.0,10469.0,450549830.0,368492.0
2023-03-02 21:45:00,4303.0,4311.0,4303.0,4310.0,5823.0,250814160.0,369243.0
2023-03-02 21:50:00,4310.0,4312.0,4304.0,4306.0,3212.0,138377630.0,369445.0
2023-03-02 21:55:00,4306.0,4315.0,4305.0,4313.0,4807.0,207247980.0,368630.0
2023-03-02 22:00:00,4314.0,4319.0,4313.0,4315.0,3469.0,149721550.0,368404.0
2023-03-02 22:05:00,4315.0,4315.0,4311.0,4311.0,1490.0,64262780.0,368400.0
2023-03-02 22:10:00,4312.0,4314.0,4310.0,4314.0,1660.0,71575410.0,368642.0
2023-03-02 22:15:00,4313.0,4318.0,4310.0,4310.0,2147.0,92630130.0,368534.0
2023-03-02 22:20:00,4311.0,4311.0,4305.0,4308.0,2424.0,104421620.0,368442.0
2023-03-02 22:25:00,4309.0,4310.0,4305.0,4309.0,1729.0,74477720.0,368671.0
2023-03-02 22:30:00,4308.0,4308.0,4294.0,4297.0,8835.0,379919060.0,369695.0
2023-03-02 22:35:00,4297.0,4303.0,4294.0,4297.0,4848.0,208383370.0,370915.0
2023-03-02 22:40:00,4297.0,4301.0,4296.0,4296.0,2395.0,102963200.0,371450.0
2023-03-02 22:45:00,4297.0,4297.0,4290.0,4292.0,7476.0,320942210.0,372088.0
2023-03-02 22:50:00,4292.0,4300.0,4291.0,4299.0,2847.0,122339900.0,372037.0
2023-03-02 22:55:00,4300.0,4300.0,4282.0,4283.0,7353.0,315431360.0,370700.0
2023-03-03 09:00:00,4285.0,4299.0,4285.0,4297.0,8425.0,361609870.0,371392.0
2023-03-03 09:05:00,4297.0,4304.0,4296.0,4303.0,6884.0,296082970.0,371402.0
2023-03-03 09:10:00,4302.0,4308.0,4299.0,4300.0,4694.0,202034040.0,371396.0
2023-03-03 09:15:00,4300.0,4303.0,4295.0,4298.0,3949.0,169777700.0,371705.0
2023-03-03 09:20:00,4298.0,4303.0,4293.0,4299.0,4556.0,195790370.0,372446.0
2023-03-03 09:25:00,4299.0,4307.0,4298.0,4305.0,2793.0,120188020.0,372537.0
2023-03-03 09:30:00,4305.0,4306.0,4298.0,4298.0,2211.0,95129340.0,372302.0
2023-03-03 09:35:00,4298.0,4299.0,4293.0,4298.0,2946.0,126551920.0,372256.0
2023-03-03 09:40:00,4299.0,4315.0,4296.0,4314.0,7468.0,321667490.0,370480.0
2023-03-03 09:45:00,4315.0,4318.0,4312.0,4318.0,5296.0,228557090.0,369403.0
2023-03-03 09:50:00,4318.0,4320.0,4313.0,4314.0,3405.0,146993460.0,368913.0
2023-03-03 09:55:00,4315.0,4322.0,4312.0,4322.0,3903.0,168506570.0,368116.0
2023-03-03 10:00:00,4322.0,4328.0,4320.0,4326.0,5888.0,254591000.0,367390.0
2023-03-03 10:05:00,4325.0,4328.0,4321.0,4323.0,3811.0,164805070.0,366648.0
2023-03-03 10:10:00,4323.0,4325.0,4315.0,4322.0,4052.0,175029900.0,366875.0
2023-03-03 10:30:00,4321.0,4340.0,4319.0,4338.0,8446.0,365735070.0,365835.0
2023-03-03 10:35:00,4339.0,4345.0,4337.0,4344.0,9811.0,425896630.0,363716.0
2023-03-03 10:40:00,4344.0,4345.0,4335.0,4340.0,5767.0,250299270.0,362443.0
2023-03-03 10:45:00,4339.0,4343.0,4326.0,4329.0,6797.0,294507040.0,362118.0
2023-03-03 10:50:00,4329.0,4337.0,4328.0,4336.0,2927.0,126811390.0,362363.0
2023-03-03 10:55:00,4336.0,4338.0,4332.0,4337.0,2001.0,86749590.0,362026.0
2023-03-03 11:00:00,4337.0,4338.0,4328.0,4328.0,2761.0,119602140.0,361900.0
2023-03-03 11:05:00,4328.0,4334.0,4328.0,4334.0,1704.0,73790330.0,361927.0
2023-03-03 11:10:00,4334.0,4340.0,4333.0,4337.0,2635.0,114280570.0,362047.0
2023-03-03 11:15:00,4338.0,4338.0,4334.0,4337.0,1926.0,83510620.0,362140.0
2023-03-03 11:20:00,4337.0,4340.0,4336.0,4339.0,1390.0,60294010.0,361983.0
2023-03-03 11:25:00,4338.0,4342.0,4338.0,4340.0,2876.0,124839930.0,361317.0
2023-03-03 13:30:00,4342.0,4350.0,4341.0,4349.0,8771.0,381252350.0,360832.0
2023-03-03 13:35:00,4349.0,4355.0,4347.0,4353.0,6986.0,303996420.0,361372.0
2023-03-03 13:40:00,4353.0,4358.0,4349.0,4357.0,5257.0,228873630.0,360588.0
2023-03-03 13:45:00,4356.0,4359.0,4353.0,4358.0,5145.0,224117820.0,360228.0
2023-03-03 13:50:00,4358.0,4359.0,4348.0,4350.0,5423.0,236078610.0,360797.0
2023-03-03 13:55:00,4350.0,4352.0,4346.0,4350.0,3998.0,173859500.0,360426.0
2023-03-03 14:00:00,4351.0,4351.0,4346.0,4348.0,2249.0,97792550.0,360205.0
2023-03-03 14:05:00,4348.0,4348.0,4341.0,4347.0,4336.0,188385250.0,360442.0
2023-03-03 14:10:00,4347.0,4349.0,4345.0,4348.0,1353.0,58818220.0,360384.0
2023-03-03 14:15:00,4347.0,4350.0,4343.0,4349.0,1839.0,79947470.0,360488.0
2023-03-03 14:20:00,4350.0,4350.0,4346.0,4348.0,1626.0,70699300.0,360266.0
2023-03-03 14:25:00,4348.0,4350.0,4346.0,4349.0,1378.0,59908070.0,360151.0
2023-03-03 14:30:00,4350.0,4356.0,4349.0,4353.0,3898.0,169660620.0,359117.0
2023-03-03 14:35:00,4353.0,4354.0,4346.0,4348.0,2072.0,90110510.0,359048.0
2023-03-03 14:40:00,4348.0,4350.0,4345.0,4349.0,1596.0,69379030.0,358861.0
2023-03-03 14:45:00,4348.0,4349.0,4336.0,4337.0,4094.0,177778330.0,358391.0
2023-03-03 14:50:00,4337.0,4344.0,4337.0,4343.0,4923.0,213652060.0,358718.0
2023-03-03 14:55:00,4343.0,4356.0,4343.0,4355.0,7029.0,305870180.0,356617.0
2023-03-03 21:00:00,4330.0,4339.0,4318.0,4318.0,22445.0,971771300.0,356793.0
2023-03-03 21:05:00,4319.0,4325.0,4310.0,4310.0,12172.0,525465790.0,358504.0
2023-03-03 21:10:00,4311.0,4311.0,4301.0,4309.0,14802.0,637321460.0,359977.0
2023-03-03 21:15:00,4310.0,4310.0,4301.0,4301.0,6343.0,273107940.0,360891.0
2023-03-03 21:20:00,4302.0,4305.0,4298.0,4301.0,8528.0,366814990.0,363873.0
2023-03-03 21:25:00,4301.0,4302.0,4295.0,4295.0,5331.0,229130290.0,364494.0
2023-03-03 21:30:00,4296.0,4299.0,4290.0,4290.0,7410.0,318143340.0,365136.0
2023-03-03 21:35:00,4290.0,4296.0,4286.0,4287.0,7179.0,308047410.0,365891.0
2023-03-03 21:40:00,4286.0,4299.0,4286.0,4299.0,7162.0,307508310.0,366025.0
2023-03-03 21:45:00,4299.0,4299.0,4292.0,4296.0,5498.0,236213120.0,366379.0
2023-03-03 21:50:00,4297.0,4298.0,4290.0,4293.0,2324.0,99767680.0,367079.0
2023-03-03 21:55:00,4293.0,4293.0,4286.0,4289.0,4601.0,197354630.0,367607.0
2023-03-03 22:00:00,4288.0,4296.0,4286.0,4294.0,4236.0,181779780.0,367620.0
2023-03-03 22:05:00,4293.0,4303.0,4291.0,4302.0,4344.0,186632950.0,367782.0
2023-03-03 22:10:00,4302.0,4306.0,4298.0,4300.0,5512.0,237146310.0,367855.0
2023-03-03 22:15:00,4300.0,4308.0,4300.0,4305.0,4297.0,185004860.0,367511.0
2023-03-03 22:20:00,4305.0,4307.0,4297.0,4299.0,2952.0,126990000.0,367597.0
2023-03-03 22:25:00,4300.0,4303.0,4298.0,4300.0,1641.0,70564970.0,367603.0
2023-03-03 22:30:00,4299.0,4306.0,4299.0,4305.0,2173.0,93516660.0,367449.0
2023-03-03 22:35:00,4304.0,4313.0,4304.0,4306.0,4399.0,189557730.0,366440.0
2023-03-03 22:40:00,4308.0,4309.0,4302.0,4304.0,2133.0,91855680.0,366138.0
2023-03-03 22:45:00,4303.0,4308.0,4302.0,4307.0,2079.0,89490000.0,365771.0
2023-03-03 22:50:00,4306.0,4307.0,4302.0,4304.0,1770.0,76192680.0,365267.0
2023-03-03 22:55:00,4304.0,4304.0,4298.0,4302.0,3851.0,165673960.0,363908.0
2023-03-06 09:00:00,4314.0,4324.0,4305.0,4321.0,14277.0,615740240.0,362485.0
2023-03-06 09:05:00,4320.0,4322.0,4310.0,4314.0,8485.0,366249960.0,361171.0
2023-03-06 09:10:00,4313.0,4324.0,4313.0,4316.0,5880.0,253945790.0,360213.0
2023-03-06 09:15:00,4317.0,4317.0,4303.0,4305.0,4906.0,211369480.0,360995.0
2023-03-06 09:20:00,4305.0,4311.0,4298.0,4299.0,4926.0,212040640.0,361613.0
2023-03-06 09:25:00,4299.0,4305.0,4279.0,4280.0,17463.0,748826680.0,365731.0
2023-03-06 09:30:00,4281.0,4283.0,4270.0,4273.0,15905.0,679938040.0,368358.0
2023-03-06 09:35:00,4274.0,4275.0,4256.0,4258.0,16838.0,717699850.0,372020.0
2023-03-06 09:40:00,4258.0,4261.0,4251.0,4260.0,12805.0,544960770.0,374888.0
2023-03-06 09:45:00,4259.0,4264.0,4255.0,4255.0,7150.0,304594440.0,375860.0
2023-03-06 09:50:00,4255.0,4266.0,4254.0,4258.0,6554.0,279275580.0,376099.0
2023-03-06 09:55:00,4259.0,4264.0,4251.0,4256.0,7335.0,312193380.0,376943.0
2023-03-06 10:00:00,4256.0,4257.0,4250.0,4253.0,7126.0,303102860.0,377852.0
2023-03-06 10:05:00,4254.0,4255.0,4242.0,4243.0,9189.0,390390460.0,380098.0
2023-03-06 10:10:00,4244.0,4249.0,4242.0,4244.0,5806.0,246507620.0,381251.0
2023-03-06 10:30:00,4250.0,4254.0,4242.0,4250.0,6745.0,286490690.0,381369.0
2023-03-06 10:35:00,4250.0,4250.0,4243.0,4244.0,3343.0,141961110.0,382293.0
2023-03-06 10:40:00,4244.0,4255.0,4243.0,4251.0,4481.0,190421970.0,382117.0
2023-03-06 10:45:00,4251.0,4258.0,4251.0,4255.0,3344.0,142251310.0,382053.0
2023-03-06 10:50:00,4255.0,4265.0,4255.0,4259.0,5912.0,251847360.0,381699.0
2023-03-06 10:55:00,4260.0,4263.0,4255.0,4260.0,3825.0,162879260.0,381674.0
2023-03-06 11:00:00,4261.0,4261.0,4256.0,4258.0,2105.0,89646880.0,381651.0
2023-03-06 11:05:00,4259.0,4264.0,4258.0,4260.0,3626.0,154503650.0,380944.0
2023-03-06 11:10:00,4260.0,4265.0,4259.0,4264.0,2374.0,101176000.0,380625.0
2023-03-06 11:15:00,4263.0,4264.0,4257.0,4262.0,2228.0,94922540.0,380336.0
2023-03-06 11:20:00,4262.0,4264.0,4260.0,4263.0,1911.0,81454250.0,380100.0
2023-03-06 11:25:00,4264.0,4268.0,4262.0,4262.0,3145.0,134166840.0,379326.0
2023-03-06 13:30:00,4263.0,4264.0,4256.0,4257.0,4524.0,192728920.0,379386.0
2023-03-06 13:35:00,4257.0,4263.0,4257.0,4261.0,3383.0,144127480.0,379380.0
2023-03-06 13:40:00,4261.0,4269.0,4261.0,4269.0,2986.0,127358700.0,378688.0
2023-03-06 13:45:00,4268.0,4271.0,4266.0,4270.0,3657.0,156119550.0,378069.0
2023-03-06 13:50:00,4270.0,4273.0,4265.0,4266.0,4052.0,172981450.0,377138.0
2023-03-06 13:55:00,4265.0,4279.0,4265.0,4276.0,6343.0,271140170.0,377278.0
2023-03-06 14:00:00,4275.0,4279.0,4273.0,4277.0,3725.0,159288630.0,376837.0
2023-03-06 14:05:00,4277.0,4280.0,4273.0,4279.0,4288.0,183405810.0,376647.0
2023-03-06 14:10:00,4278.0,4287.0,4278.0,4286.0,6488.0,277902110.0,376445.0
2023-03-06 14:15:00,4286.0,4289.0,4280.0,4289.0,5314.0,227662280.0,375556.0
2023-03-06 14:20:00,4288.0,4294.0,4284.0,4294.0,5617.0,240883110.0,374112.0
2023-03-06 14:25:00,4294.0,4299.0,4290.0,4295.0,10436.0,448213260.0,371394.0
2023-03-06 14:30:00,4295.0,4296.0,4286.0,4287.0,5660.0,242796170.0,370966.0
2023-03-06 14:35:00,4287.0,4288.0,4281.0,4288.0,4243.0,181796250.0,370700.0
2023-03-06 14:40:00,4288.0,4293.0,4286.0,4292.0,3606.0,154691850.0,370422.0
2023-03-06 14:45:00,4292.0,4293.0,4284.0,4288.0,2788.0,119542480.0,370187.0
2023-03-06 14:50:00,4288.0,4291.0,4284.0,4288.0,3485.0,149412430.0,369747.0
2023-03-06 14:55:00,4288.0,4290.0,4284.0,4288.0,5922.0,253861470.0,368151.0
2023-03-06 21:00:00,4288.0,4288.0,4268.0,4271.0,17788.0,761396270.0,367585.0
2023-03-06 21:05:00,4272.0,4275.0,4269.0,4274.0,7714.0,329605580.0,369149.0
2023-03-06 21:10:00,4274.0,4280.0,4272.0,4274.0,4020.0,171884550.0,369763.0
2023-03-06 21:15:00,4274.0,4277.0,4272.0,4273.0,2976.0,127203120.0,370597.0
2023-03-06 21:20:00,4274.0,4283.0,4273.0,4279.0,3711.0,158766490.0,370179.0
2023-03-06 21:25:00,4279.0,4279.0,4266.0,4275.0,5323.0,227358260.0,371266.0
2023-03-06 21:30:00,4274.0,4281.0,4271.0,4277.0,4014.0,171639230.0,371767.0
2023-03-06 21:35:00,4276.0,4276.0,4266.0,4267.0,2921.0,124758770.0,372529.0
2023-03-06 21:40:00,4267.0,4271.0,4265.0,4268.0,3104.0,132476890.0,372814.0
2023-03-06 21:45:00,4268.0,4270.0,4259.0,4260.0,5597.0,238608440.0,373741.0
2023-03-06 21:50:00,4259.0,4265.0,4258.0,4263.0,3939.0,167860530.0,374161.0
2023-03-06 21:55:00,4264.0,4268.0,4261.0,4263.0,3201.0,136516630.0,374410.0
2023-03-06 22:00:00,4264.0,4264.0,4259.0,4259.0,2594.0,110515770.0,374689.0
2023-03-06 22:05:00,4259.0,4268.0,4259.0,4268.0,2971.0,126687140.0,374941.0
2023-03-06 22:10:00,4268.0,4275.0,4267.0,4271.0,3924.0,167626350.0,374165.0
2023-03-06 22:15:00,4271.0,4276.0,4269.0,4271.0,2388.0,102024870.0,374128.0
2023-03-06 22:20:00,4270.0,4277.0,4268.0,4273.0,2360.0,100833270.0,373978.0
2023-03-06 22:25:00,4273.0,4279.0,4273.0,4277.0,2743.0,117302050.0,373523.0
2023-03-06 22:30:00,4278.0,4278.0,4271.0,4271.0,2066.0,88296060.0,373638.0
2023-03-06 22:35:00,4271.0,4273.0,4269.0,4270.0,1754.0,74904040.0,373817.0
2023-03-06 22:40:00,4269.0,4270.0,4265.0,4267.0,2705.0,115427120.0,373905.0
2023-03-06 22:45:00,4268.0,4271.0,4267.0,4270.0,931.0,39742990.0,373968.0
2023-03-06 22:50:00,4270.0,4276.0,4269.0,4273.0,2387.0,102012620.0,373346.0
2023-03-06 22:55:00,4272.0,4275.0,4270.0,4271.0,1890.0,80738690.0,372522.0
2023-03-07 09:00:00,4281.0,4287.0,4275.0,4287.0,9402.0,402600220.0,372796.0
2023-03-07 09:05:00,4287.0,4292.0,4284.0,4292.0,6349.0,272330190.0,372918.0
2023-03-07 09:10:00,4291.0,4292.0,4283.0,4284.0,4459.0,191217540.0,373270.0
2023-03-07 09:15:00,4285.0,4289.0,4281.0,4285.0,4171.0,178754230.0,372970.0
2023-03-07 09:20:00,4285.0,4297.0,4285.0,4294.0,5318.0,228262550.0,372702.0
2023-03-07 09:25:00,4295.0,4297.0,4289.0,4293.0,3987.0,171160600.0,373211.0
2023-03-07 09:30:00,4293.0,4296.0,4287.0,4293.0,3175.0,136259110.0,373343.0
2023-03-07 09:35:00,4293.0,4298.0,4291.0,4298.0,3513.0,150883210.0,372856.0
2023-03-07 09:40:00,4298.0,4304.0,4295.0,4301.0,9199.0,395488710.0,371909.0
2023-03-07 09:45:00,4300.0,4300.0,4292.0,4296.0,3820.0,164107600.0,371722.0
2023-03-07 09:50:00,4296.0,4304.0,4293.0,4303.0,2736.0,117603760.0,371750.0
2023-03-07 09:55:00,4303.0,4307.0,4300.0,4306.0,4876.0,209854280.0,371247.0
2023-03-07 10:00:00,4305.0,4307.0,4298.0,4306.0,3790.0,163064090.0,370362.0
2023-03-07 10:05:00,4306.0,4312.0,4303.0,4311.0,4743.0,204344230.0,369510.0
2023-03-07 10:10:00,4312.0,4312.0,4305.0,4309.0,3772.0,162513340.0,368845.0
2023-03-07 10:30:00,4310.0,4316.0,4307.0,4310.0,7229.0,311704640.0,367289.0
2023-03-07 10:35:00,4310.0,4310.0,4304.0,4305.0,2594.0,111714870.0,366705.0
2023-03-07 10:40:00,4305.0,4314.0,4305.0,4313.0,2708.0,116731960.0,366581.0
2023-03-07 10:45:00,4312.0,4315.0,4307.0,4308.0,3140.0,135369750.0,366575.0
2023-03-07 10:50:00,4307.0,4312.0,4307.0,4311.0,1547.0,66683030.0,366814.0
2023-03-07 10:55:00,4311.0,4311.0,4304.0,4307.0,2254.0,97073370.0,366617.0
2023-03-07 11:00:00,4306.0,4307.0,4298.0,4302.0,3545.0,152486450.0,366217.0
2023-03-07 11:05:00,4302.0,4303.0,4295.0,4295.0,2298.0,98780930.0,365935.0
2023-03-07 11:10:00,4295.0,4300.0,4295.0,4298.0,2772.0,119123360.0,365967.0
2023-03-07 11:15:00,4297.0,4304.0,4297.0,4302.0,1964.0,84479440.0,365712.0
2023-03-07 11:20:00,4301.0,4305.0,4299.0,4302.0,2064.0,88799760.0,365985.0
2023-03-07 11:25:00,4302.0,4303.0,4297.0,4300.0,1473.0,63328420.0,365712.0
2023-03-07 13:30:00,4300.0,4303.0,4293.0,4302.0,4279.0,183920800.0,366583.0
2023-03-07 13:35:00,4301.0,4302.0,4298.0,4299.0,1351.0,58093350.0,366685.0
2023-03-07 13:40:00,4299.0,4301.0,4293.0,4294.0,2712.0,116544650.0,367646.0
2023-03-07 13:45:00,4295.0,4295.0,4280.0,4281.0,9759.0,418305370.0,369766.0
2023-03-07 13:50:00,4281.0,4281.0,4268.0,4271.0,11788.0,503710520.0,372215.0
2023-03-07 13:55:00,4271.0,4277.0,4270.0,4274.0,6490.0,277339180.0,372809.0
2023-03-07 14:00:00,4275.0,4279.0,4272.0,4274.0,4276.0,182835040.0,373222.0
2023-03-07 14:05:00,4274.0,4278.0,4272.0,4274.0,3038.0,129873100.0,373312.0
2023-03-07 14:10:00,4274.0,4278.0,4274.0,4275.0,2433.0,104046230.0,373091.0
2023-03-07 14:15:00,4274.0,4280.0,4273.0,4278.0,2819.0,120554890.0,373110.0
2023-03-07 14:20:00,4278.0,4279.0,4275.0,4278.0,1720.0,73567920.0,372766.0
2023-03-07 14:25:00,4278.0,4278.0,4268.0,4271.0,4306.0,183944270.0,373275.0
2023-03-07 14:30:00,4271.0,4274.0,4269.0,4274.0,3301.0,141011990.0,372937.0
2023-03-07 14:35:00,4273.0,4276.0,4266.0,4269.0,4909.0,209626180.0,373924.0
2023-03-07 14:40:00,4268.0,4269.0,4262.0,4264.0,5051.0,215446270.0,374868.0
2023-03-07 14:45:00,4263.0,4269.0,4261.0,4269.0,4778.0,203781710.0,374960.0
2023-03-07 14:50:00,4270.0,4271.0,4265.0,4271.0,3992.0,170387020.0,374147.0
2023-03-07 14:55:00,4270.0,4272.0,4268.0,4268.0,5301.0,226331870.0,372688.0
2023-03-07 21:00:00,4258.0,4264.0,4250.0,4255.0,17296.0,736511110.0,375541.0
2023-03-07 21:05:00,4255.0,4260.0,4250.0,4250.0,8767.0,373077770.0,377631.0
2023-03-07 21:10:00,4250.0,4251.0,4243.0,4246.0,10635.0,451711850.0,380269.0
2023-03-07 21:15:00,4246.0,4258.0,4243.0,4257.0,8271.0,351589550.0,380980.0
2023-03-07 21:20:00,4257.0,4262.0,4254.0,4262.0,3844.0,163670940.0,381143.0
2023-03-07 21:25:00,4262.0,4263.0,4257.0,4260.0,3000.0,127809000.0,381332.0
2023-03-07 21:30:00,4260.0,4262.0,4256.0,4258.0,2305.0,98160700.0,381579.0
2023-03-07 21:35:00,4258.0,4261.0,4255.0,4260.0,2226.0,94773890.0,381769.0
2023-03-07 21:40:00,4260.0,4265.0,4255.0,4265.0,2181.0,92916880.0,381766.0
2023-03-07 21:45:00,4264.0,4265.0,4259.0,4260.0,2578.0,109887330.0,381649.0
2023-03-07 21:50:00,4260.0,4266.0,4259.0,4262.0,2508.0,106909470.0,381330.0
2023-03-07 21:55:00,4262.0,4265.0,4259.0,4260.0,1489.0,63454920.0,381422.0
2023-03-07 22:00:00,4261.0,4267.0,4259.0,4266.0,2709.0,115484210.0,381628.0
2023-03-07 22:05:00,4267.0,4271.0,4265.0,4268.0,4153.0,177244640.0,381263.0
2023-03-07 22:10:00,4269.0,4273.0,4269.0,4269.0,3785.0,161640030.0,381437.0
2023-03-07 22:15:00,4269.0,4276.0,4268.0,4272.0,3584.0,153133690.0,380917.0
2023-03-07 22:20:00,4272.0,4276.0,4272.0,4274.0,2161.0,92356120.0,380483.0
2023-03-07 22:25:00,4273.0,4277.0,4272.0,4274.0,2432.0,103969610.0,380187.0
2023-03-07 22:30:00,4274.0,4274.0,4269.0,4270.0,3116.0,133077800.0,379539.0
2023-03-07 22:35:00,4269.0,4269.0,4262.0,4264.0,3309.0,141153220.0,379520.0
2023-03-07 22:40:00,4265.0,4267.0,4263.0,4263.0,1283.0,54728000.0,379471.0
2023-03-07 22:45:00,4263.0,4266.0,4261.0,4265.0,1618.0,68974410.0,379324.0
2023-03-07 22:50:00,4266.0,4268.0,4264.0,4264.0,1230.0,52471260.0,379231.0
2023-03-07 22:55:00,4264.0,4268.0,4264.0,4265.0,1651.0,70428590.0,378594.0
2023-03-08 09:00:00,4246.0,4262.0,4236.0,4259.0,25233.0,1071663500.0,378683.0
2023-03-08 09:05:00,4259.0,4262.0,4253.0,4260.0,6636.0,282580180.0,378670.0
2023-03-08 09:10:00,4259.0,4259.0,4252.0,4253.0,3412.0,145224650.0,379551.0
2023-03-08 09:15:00,4253.0,4263.0,4251.0,4260.0,3733.0,158978340.0,379977.0
2023-03-08 09:20:00,4260.0,4267.0,4257.0,4264.0,3534.0,150657680.0,379532.0
2023-03-08 09:25:00,4263.0,4264.0,4256.0,4256.0,2295.0,97774480.0,379829.0
2023-03-08 09:30:00,4257.0,4261.0,4255.0,4261.0,1987.0,84603990.0,379669.0
2023-03-08 09:35:00,4260.0,4264.0,4257.0,4262.0,2089.0,88993830.0,379664.0
2023-03-08 09:40:00,4261.0,4262.0,4254.0,4255.0,1957.0,83306190.0,379774.0
2023-03-08 09:45:00,4255.0,4259.0,4247.0,4249.0,3596.0,152917110.0,380311.0
2023-03-08 09:50:00,4248.0,4255.0,4247.0,4254.0,2544.0,108142160.0,380693.0
2023-03-08 09:55:00,4253.0,4259.0,4251.0,4257.0,2108.0,89692500.0,380856.0
2023-03-08 10:00:00,4257.0,4257.0,4248.0,4251.0,3155.0,134153670.0,380915.0
2023-03-08 10:05:00,4251.0,4255.0,4245.0,4249.0,3871.0,164455320.0,381201.0
2023-03-08 10:10:00,4250.0,4258.0,4249.0,4258.0,2644.0,112479190.0,380977.0
2023-03-08 10:30:00,4258.0,4263.0,4256.0,4259.0,3807.0,162172060.0,380653.0
2023-03-08 10:35:00,4258.0,4263.0,4256.0,4259.0,2739.0,116655600.0,380633.0
2023-03-08 10:40:00,4258.0,4258.0,4249.0,4251.0,2836.0,120588990.0,380532.0
2023-03-08 10:45:00,4251.0,4254.0,4240.0,4240.0,6625.0,281241200.0,381639.0
2023-03-08 10:50:00,4241.0,4245.0,4238.0,4240.0,6444.0,273255680.0,384044.0
2023-03-08 10:55:00,4240.0,4243.0,4235.0,4236.0,4920.0,208550070.0,384674.0
2023-03-08 11:00:00,4236.0,4236.0,4224.0,4224.0,14846.0,627829550.0,387485.0
2023-03-08 11:05:00,4223.0,4235.0,4222.0,4232.0,8753.0,370026300.0,388524.0
2023-03-08 11:10:00,4232.0,4238.0,4231.0,4238.0,3257.0,137936800.0,388251.0
2023-03-08 11:15:00,4238.0,4240.0,4235.0,4237.0,2737.0,115993030.0,388368.0
2023-03-08 11:20:00,4237.0,4238.0,4235.0,4237.0,1567.0,66385130.0,388618.0
2023-03-08 11:25:00,4237.0,4238.0,4228.0,4229.0,3075.0,130146790.0,388590.0
2023-03-08 13:30:00,4230.0,4232.0,4225.0,4225.0,4723.0,199702710.0,389752.0
2023-03-08 13:35:00,4225.0,4234.0,4225.0,4228.0,3405.0,144015940.0,390041.0
2023-03-08 13:40:00,4229.0,4232.0,4218.0,4220.0,5634.0,237933360.0,390478.0
2023-03-08 13:45:00,4218.0,4222.0,4213.0,4221.0,8701.0,366984870.0,390291.0
2023-03-08 13:50:00,4222.0,4230.0,4220.0,4228.0,4554.0,192385040.0,390950.0
2023-03-08 13:55:00,4228.0,4231.0,4225.0,4226.0,2485.0,105071880.0,391228.0
2023-03-08 14:00:00,4226.0,4226.0,4218.0,4225.0,3302.0,139423400.0,391607.0
2023-03-08 14:05:00,4225.0,4229.0,4222.0,4223.0,2218.0,93722670.0,392010.0
2023-03-08 14:10:00,4222.0,4223.0,4212.0,4215.0,5391.0,227314460.0,393103.0
2023-03-08 14:15:00,4215.0,4219.0,4214.0,4216.0,3712.0,156531180.0,392873.0
2023-03-08 14:20:00,4217.0,4219.0,4210.0,4212.0,3355.0,141358970.0,393612.0
2023-03-08 14:25:00,4212.0,4214.0,4206.0,4207.0,5575.0,234693610.0,394699.0
2023-03-08 14:30:00,4208.0,4213.0,4207.0,4210.0,4238.0,178423090.0,395497.0
2023-03-08 14:35:00,4210.0,4212.0,4205.0,4208.0,4359.0,183409620.0,395658.0
2023-03-08 14:40:00,4209.0,4216.0,4207.0,4212.0,4365.0,183864960.0,395101.0
2023-03-08 14:45:00,4211.0,4215.0,4210.0,4211.0,2988.0,125858880.0,395266.0
2023-03-08 14:50:00,4211.0,4217.0,4209.0,4211.0,4789.0,201745040.0,395261.0
2023-03-08 14:55:00,4210.0,4211.0,4200.0,4203.0,10152.0,426836050.0,397158.0
2023-03-08 21:00:00,4203.0,4209.0,4197.0,4207.0,16724.0,702964640.0,397877.0
2023-03-08 21:05:00,4208.0,4210.0,4194.0,4199.0,9216.0,387074330.0,400199.0
2023-03-08 21:10:00,4198.0,4203.0,4198.0,4200.0,3259.0,136880120.0,401116.0
2023-03-08 21:15:00,4199.0,4200.0,4191.0,4193.0,5858.0,245720080.0,402548.0
2023-03-08 21:20:00,4193.0,4196.0,4186.0,4186.0,6329.0,265302890.0,404198.0
2023-03-08 21:25:00,4187.0,4194.0,4187.0,4189.0,4629.0,193965840.0,405047.0
2023-03-08 21:30:00,4189.0,4195.0,4185.0,4194.0,4123.0,172774210.0,405150.0
2023-03-08 21:35:00,4194.0,4194.0,4182.0,4185.0,6429.0,269127160.0,407294.0
2023-03-08 21:40:00,4185.0,4188.0,4182.0,4186.0,4035.0,168863910.0,407868.0
2023-03-08 21:45:00,4187.0,4189.0,4182.0,4183.0,2858.0,119604890.0,408573.0
2023-03-08 21:50:00,4183.0,4184.0,4176.0,4178.0,6318.0,264072040.0,409046.0
2023-03-08 21:55:00,4178.0,4180.0,4175.0,4177.0,3908.0,163225640.0,409712.0
2023-03-08 22:00:00,4176.0,4180.0,4173.0,4176.0,3795.0,158499120.0,410318.0
2023-03-08 22:05:00,4176.0,4176.0,4168.0,4169.0,4183.0,174519860.0,410950.0
2023-03-08 22:10:00,4169.0,4174.0,4168.0,4169.0,2784.0,116130150.0,411331.0
2023-03-08 22:15:00,4170.0,4176.0,4169.0,4174.0,3292.0,137390930.0,411657.0
2023-03-08 22:20:00,4174.0,4177.0,4172.0,4175.0,2628.0,109715030.0,412242.0
2023-03-08 22:25:00,4175.0,4175.0,4171.0,4172.0,1671.0,69736870.0,412266.0
2023-03-08 22:30:00,4173.0,4174.0,4169.0,4169.0,2095.0,87389880.0,412450.0
2023-03-08 22:35:00,4169.0,4177.0,4169.0,4175.0,2298.0,95909390.0,412408.0
2023-03-08 22:40:00,4174.0,4183.0,4174.0,4182.0,4860.0,203152970.0,411145.0
2023-03-08 22:45:00,4181.0,4186.0,4180.0,4184.0,3748.0,156757620.0,410191.0
2023-03-08 22:50:00,4183.0,4186.0,4181.0,4183.0,3182.0,133129640.0,409383.0
2023-03-08 22:55:00,4183.0,4184.0,4179.0,4180.0,3564.0,149030470.0,408723.0
2023-03-09 09:00:00,4179.0,4183.0,4175.0,4182.0,6114.0,255583270.0,410340.0
2023-03-09 09:05:00,4181.0,4184.0,4172.0,4175.0,7335.0,306528110.0,411569.0
2023-03-09 09:10:00,4174.0,4175.0,4169.0,4172.0,6096.0,254306730.0,412420.0
2023-03-09 09:15:00,4173.0,4174.0,4169.0,4172.0,2998.0,125068970.0,413030.0
2023-03-09 09:20:00,4172.0,4175.0,4169.0,4171.0,8307.0,346554290.0,413687.0
2023-03-09 09:25:00,4170.0,4184.0,4170.0,4180.0,5806.0,242587770.0,413113.0
2023-03-09 09:30:00,4180.0,4186.0,4179.0,4185.0,3977.0,166325720.0,412697.0
2023-03-09 09:35:00,4186.0,4190.0,4183.0,4184.0,5472.0,229097740.0,411897.0
2023-03-09 09:40:00,4184.0,4191.0,4184.0,4188.0,4018.0,168293230.0,411487.0
2023-03-09 09:45:00,4188.0,4188.0,4177.0,4177.0,3660.0,153055920.0,411816.0
2023-03-09 09:50:00,4177.0,4181.0,4173.0,4180.0,3528.0,147357340.0,412194.0
2023-03-09 09:55:00,4180.0,4190.0,4180.0,4184.0,3659.0,153158550.0,411615.0
2023-03-09 10:00:00,4183.0,4190.0,4182.0,4184.0,3372.0,141164280.0,411876.0
2023-03-09 10:05:00,4185.0,4190.0,4183.0,4188.0,3194.0,133709550.0,412562.0
2023-03-09 10:10:00,4188.0,4188.0,4180.0,4184.0,2290.0,95786460.0,412470.0
2023-03-09 10:30:00,4184.0,4194.0,4184.0,4188.0,5853.0,245198420.0,411536.0
2023-03-09 10:35:00,4188.0,4188.0,4182.0,4185.0,2081.0,87092520.0,411624.0
2023-03-09 10:40:00,4185.0,4186.0,4181.0,4185.0,1485.0,62122010.0,411781.0
2023-03-09 10:45:00,4185.0,4187.0,4183.0,4187.0,1130.0,47288880.0,412043.0
2023-03-09 10:50:00,4186.0,4188.0,4178.0,4178.0,1792.0,74933540.0,412220.0
2023-03-09 10:55:00,4178.0,4180.0,4173.0,4176.0,3172.0,132460630.0,412282.0
2023-03-09 11:00:00,4176.0,4177.0,4171.0,4171.0,2985.0,124583140.0,412678.0
2023-03-09 11:05:00,4172.0,4174.0,4168.0,4171.0,4470.0,186434280.0,412826.0
2023-03-09 11:10:00,4171.0,4176.0,4169.0,4170.0,2772.0,115659030.0,413102.0
2023-03-09 11:15:00,4170.0,4175.0,4170.0,4175.0,1489.0,62129920.0,413024.0
2023-03-09 11:20:00,4174.0,4178.0,4174.0,4176.0,1657.0,69202240.0,412775.0
2023-03-09 11:25:00,4176.0,4178.0,4163.0,4165.0,6393.0,266419170.0,413217.0
2023-03-09 13:30:00,4164.0,4170.0,4161.0,4165.0,5998.0,249814080.0,414197.0
2023-03-09 13:35:00,4164.0,4177.0,4163.0,4174.0,5111.0,213192120.0,414447.0
2023-03-09 13:40:00,4174.0,4177.0,4170.0,4176.0,2599.0,108498730.0,414157.0
2023-03-09 13:45:00,4175.0,4182.0,4175.0,4179.0,3702.0,154702000.0,413865.0
2023-03-09 13:50:00,4180.0,4180.0,4174.0,4179.0,2407.0,100540670.0,413737.0
2023-03-09 13:55:00,4180.0,4185.0,4180.0,4182.0,3813.0,159455240.0,413549.0
2023-03-09 14:00:00,4181.0,4183.0,4176.0,4176.0,1880.0,78560840.0,413632.0
2023-03-09 14:05:00,4176.0,4177.0,4170.0,4172.0,3962.0,165310340.0,414347.0
2023-03-09 14:10:00,4172.0,4179.0,4171.0,4179.0,2860.0,119386730.0,413933.0
2023-03-09 14:15:00,4178.0,4181.0,4177.0,4181.0,1863.0,77860580.0,413871.0
2023-03-09 14:20:00,4181.0,4183.0,4176.0,4182.0,2967.0,124019250.0,413812.0
2023-03-09 14:25:00,4182.0,4185.0,4178.0,4179.0,2995.0,125259270.0,414389.0
2023-03-09 14:30:00,4179.0,4179.0,4171.0,4174.0,3533.0,147452940.0,414686.0
2023-03-09 14:35:00,4174.0,4176.0,4172.0,4172.0,1927.0,80435650.0,414620.0
2023-03-09 14:40:00,4173.0,4174.0,4170.0,4174.0,2750.0,114721900.0,414853.0
2023-03-09 14:45:00,4173.0,4175.0,4169.0,4172.0,3215.0,134113330.0,414821.0
2023-03-09 14:50:00,4172.0,4176.0,4170.0,4173.0,2687.0,112145950.0,414318.0
2023-03-09 14:55:00,4173.0,4177.0,4164.0,4170.0,7508.0,313032220.0,414975.0
2023-03-09 21:00:00,4158.0,4175.0,4158.0,4164.0,20178.0,840496760.0,415899.0
2023-03-09 21:05:00,4164.0,4170.0,4162.0,4167.0,7098.0,295736310.0,416858.0
2023-03-09 21:10:00,4167.0,4176.0,4166.0,4174.0,5757.0,240180500.0,417149.0
2023-03-09 21:15:00,4173.0,4179.0,4171.0,4174.0,3765.0,157201530.0,417004.0
2023-03-09 21:20:00,4174.0,4179.0,4173.0,4178.0,2783.0,116219270.0,417044.0
2023-03-09 21:25:00,4178.0,4183.0,4178.0,4182.0,4574.0,191220150.0,417542.0
2023-03-09 21:30:00,4182.0,4190.0,4181.0,4190.0,6642.0,277962790.0,417540.0
2023-03-09 21:35:00,4190.0,4190.0,4180.0,4185.0,5043.0,211062200.0,416911.0
2023-03-09 21:40:00,4185.0,4186.0,4180.0,4180.0,3023.0,126473910.0,416966.0
2023-03-09 21:45:00,4180.0,4186.0,4179.0,4183.0,5127.0,214446180.0,417482.0
2023-03-09 21:50:00,4183.0,4185.0,4179.0,4185.0,3590.0,150122240.0,417622.0
2023-03-09 21:55:00,4185.0,4185.0,4179.0,4183.0,2356.0,98508150.0,417690.0
2023-03-09 22:00:00,4183.0,4187.0,4182.0,4183.0,2408.0,100761010.0,417743.0
2023-03-09 22:05:00,4183.0,4185.0,4180.0,4182.0,1744.0,72937000.0,417661.0
2023-03-09 22:10:00,4181.0,4195.0,4181.0,4193.0,6135.0,257045940.0,417649.0
2023-03-09 22:15:00,4193.0,4199.0,4191.0,4198.0,6137.0,257404990.0,417698.0
2023-03-09 22:20:00,4198.0,4199.0,4189.0,4189.0,4559.0,191208250.0,416801.0
2023-03-09 22:25:00,4189.0,4192.0,4185.0,4187.0,2893.0,121148090.0,416691.0
2023-03-09 22:30:00,4187.0,4191.0,4182.0,4182.0,2706.0,113308740.0,416583.0
2023-03-09 22:35:00,4183.0,4187.0,4183.0,4186.0,2798.0,117095060.0,417037.0
2023-03-09 22:40:00,4186.0,4188.0,4181.0,4183.0,2553.0,106809580.0,417062.0
2023-03-09 22:45:00,4184.0,4188.0,4182.0,4187.0,2094.0,87624630.0,416979.0
2023-03-09 22:50:00,4187.0,4189.0,4184.0,4186.0,1547.0,64766600.0,416862.0
2023-03-09 22:55:00,4185.0,4187.0,4180.0,4180.0,3128.0,130816890.0,415826.0
2023-03-10 09:00:00,4170.0,4173.0,4162.0,4167.0,13994.0,583310040.0,415637.0
2023-03-10 09:05:00,4166.0,4168.0,4158.0,4162.0,6863.0,285664360.0,416260.0
2023-03-10 09:10:00,4162.0,4171.0,4162.0,4164.0,5030.0,209580950.0,416642.0
2023-03-10 09:15:00,4164.0,4168.0,4158.0,4160.0,5086.0,211659710.0,417275.0
2023-03-10 09:20:00,4160.0,4163.0,4158.0,4160.0,5851.0,243414470.0,417509.0
2023-03-10 09:25:00,4161.0,4169.0,4161.0,4168.0,3644.0,151799060.0,416423.0
2023-03-10 09:30:00,4167.0,4174.0,4167.0,4168.0,4365.0,182063470.0,415676.0
2023-03-10 09:35:00,4168.0,4172.0,4165.0,4170.0,2259.0,94158760.0,415224.0
2023-03-10 09:40:00,4169.0,4175.0,4169.0,4171.0,2410.0,100556260.0,414824.0
2023-03-10 09:45:00,4171.0,4176.0,4167.0,4167.0,2237.0,93330720.0,414699.0
2023-03-10 09:50:00,4167.0,4168.0,4161.0,4162.0,3096.0,128939240.0,414872.0
2023-03-10 09:55:00,4162.0,4165.0,4159.0,4161.0,4000.0,166444030.0,416009.0
2023-03-10 10:00:00,4160.0,4163.0,4144.0,4149.0,14755.0,612656940.0,417895.0
2023-03-10 10:05:00,4149.0,4151.0,4143.0,4144.0,5782.0,239790800.0,418613.0
2023-03-10 10:10:00,4144.0,4147.0,4126.0,4132.0,16210.0,670228170.0,420884.0
2023-03-10 10:30:00,4131.0,4135.0,4118.0,4119.0,13165.0,543218820.0,423701.0
2023-03-10 10:35:00,4119.0,4130.0,4118.0,4125.0,6005.0,247645340.0,424913.0
2023-03-10 10:40:00,4125.0,4136.0,4124.0,4132.0,6527.0,269698010.0,425303.0
2023-03-10 10:45:00,4132.0,4139.0,4131.0,4135.0,5548.0,229439440.0,425366.0
2023-03-10 10:50:00,4135.0,4137.0,4124.0,4127.0,3482.0,143774340.0,425618.0
2023-03-10 10:55:00,4126.0,4129.0,4122.0,4123.0,3204.0,132190940.0,426020.0
2023-03-10 11:00:00,4123.0,4126.0,4117.0,4118.0,5522.0,227570530.0,427376.0
2023-03-10 11:05:00,4117.0,4124.0,4116.0,4121.0,3767.0,155203290.0,428077.0
2023-03-10 11:10:00,4121.0,4125.0,4119.0,4120.0,2679.0,110423020.0,428476.0
2023-03-10 11:15:00,4119.0,4125.0,4119.0,4122.0,2686.0,110694840.0,428816.0
2023-03-10 11:20:00,4122.0,4123.0,4116.0,4119.0,2438.0,100413510.0,429036.0
2023-03-10 11:25:00,4119.0,4124.0,4118.0,4122.0,2550.0,105100170.0,428607.0
2023-03-10 13:30:00,4128.0,4133.0,4122.0,4129.0,9000.0,371541220.0,429531.0
2023-03-10 13:35:00,4129.0,4135.0,4128.0,4130.0,4521.0,186765100.0,429798.0
2023-03-10 13:40:00,4129.0,4139.0,4129.0,4135.0,4506.0,186351940.0,429170.0
2023-03-10 13:45:00,4134.0,4142.0,4134.0,4139.0,4034.0,166975060.0,429072.0
2023-03-10 13:50:00,4140.0,4144.0,4134.0,4137.0,4122.0,170623580.0,428914.0
2023-03-10 13:55:00,4137.0,4138.0,4130.0,4133.0,2375.0,98161260.0,429030.0
2023-03-10 14:00:00,4133.0,4138.0,4131.0,4131.0,1746.0,72190920.0,429286.0
2023-03-10 14:05:00,4132.0,4143.0,4130.0,4140.0,3313.0,137057590.0,429391.0
2023-03-10 14:10:00,4140.0,4144.0,4137.0,4138.0,2631.0,108955090.0,429021.0
2023-03-10 14:15:00,4138.0,4140.0,4134.0,4138.0,1996.0,82562560.0,428837.0
2023-03-10 14:20:00,4138.0,4139.0,4126.0,4133.0,3898.0,161015980.0,429568.0
2023-03-10 14:25:00,4132.0,4136.0,4129.0,4131.0,1767.0,73027630.0,429477.0
2023-03-10 14:30:00,4130.0,4131.0,4124.0,4125.0,3837.0,158352430.0,430586.0
2023-03-10 14:35:00,4126.0,4127.0,4121.0,4122.0,5236.0,215922470.0,432503.0
2023-03-10 14:40:00,4122.0,4128.0,4117.0,4119.0,6749.0,278223480.0,433075.0
2023-03-10 14:45:00,4119.0,4122.0,4118.0,4118.0,2793.0,115071930.0,433285.0
2023-03-10 14:50:00,4118.0,4128.0,4114.0,4119.0,7309.0,301153920.0,432488.0
2023-03-10 14:55:00,4119.0,4121.0,4112.0,4113.0,7153.0,294443740.0,431353.0
2023-03-10 21:00:00,4113.0,4119.0,4104.0,4111.0,20176.0,829491580.0,437109.0
2023-03-10 21:05:00,4111.0,4118.0,4110.0,4116.0,7013.0,288542040.0,437758.0
2023-03-10 21:10:00,4115.0,4120.0,4109.0,4119.0,4738.0,194976630.0,438136.0
2023-03-10 21:15:00,4119.0,4126.0,4117.0,4122.0,6039.0,248977790.0,438028.0
2023-03-10 21:20:00,4121.0,4121.0,4118.0,4119.0,2456.0,101181800.0,438282.0
2023-03-10 21:25:00,4119.0,4125.0,4117.0,4124.0,2148.0,88512320.0,438543.0
2023-03-10 21:30:00,4123.0,4132.0,4122.0,4126.0,7073.0,291934550.0,437875.0
2023-03-10 21:35:00,4126.0,4137.0,4124.0,4135.0,7456.0,308086750.0,438638.0
2023-03-10 21:40:00,4135.0,4140.0,4134.0,4135.0,4877.0,201790680.0,437811.0
2023-03-10 21:45:00,4134.0,4137.0,4132.0,4134.0,3449.0,142603240.0,437774.0
2023-03-10 21:50:00,4134.0,4136.0,4131.0,4132.0,2394.0,98958540.0,437919.0
2023-03-10 21:55:00,4132.0,4134.0,4125.0,4127.0,3444.0,142205390.0,438442.0
2023-03-10 22:00:00,4126.0,4127.0,4121.0,4123.0,3114.0,128418350.0,438791.0
2023-03-10 22:05:00,4123.0,4130.0,4122.0,4126.0,4094.0,168867070.0,439056.0
2023-03-10 22:10:00,4126.0,4131.0,4119.0,4120.0,2287.0,94343490.0,439015.0
2023-03-10 22:15:00,4120.0,4122.0,4119.0,4120.0,2125.0,87559940.0,439527.0
2023-03-10 22:20:00,4119.0,4125.0,4117.0,4119.0,3591.0,147939970.0,439700.0
2023-03-10 22:25:00,4119.0,4122.0,4118.0,4120.0,997.0,41080830.0,439787.0
2023-03-10 22:30:00,4121.0,4123.0,4115.0,4118.0,2910.0,119845940.0,440047.0
2023-03-10 22:35:00,4118.0,4121.0,4116.0,4119.0,3879.0,159771310.0,440503.0
2023-03-10 22:40:00,4119.0,4121.0,4118.0,4118.0,972.0,40041440.0,440457.0
2023-03-10 22:45:00,4119.0,4119.0,4110.0,4113.0,3863.0,158874440.0,441037.0
2023-03-10 22:50:00,4112.0,4117.0,4110.0,4115.0,2189.0,90043810.0,440562.0
2023-03-10 22:55:00,4115.0,4120.0,4115.0,4117.0,2895.0,119217680.0,439588.0
2023-03-13 09:00:00,4128.0,4133.0,4124.0,4132.0,13340.0,550807590.0,440024.0
2023-03-13 09:05:00,4131.0,4135.0,4120.0,4125.0,5480.0,226069260.0,439540.0
2023-03-13 09:10:00,4124.0,4132.0,4123.0,4127.0,4230.0,174556200.0,439570.0
2023-03-13 09:15:00,4127.0,4129.0,4122.0,4126.0,3888.0,160392410.0,439222.0
2023-03-13 09:20:00,4126.0,4133.0,4124.0,4128.0,3830.0,158144080.0,438720.0
2023-03-13 09:25:00,4127.0,4130.0,4125.0,4129.0,1579.0,65168200.0,438995.0
2023-03-13 09:30:00,4128.0,4136.0,4127.0,4136.0,3864.0,159703720.0,438470.0
2023-03-13 09:35:00,4136.0,4142.0,4130.0,4140.0,4146.0,171513040.0,438143.0
2023-03-13 09:40:00,4139.0,4144.0,4138.0,4139.0,4082.0,169022530.0,437547.0
2023-03-13 09:45:00,4138.0,4141.0,4133.0,4139.0,4285.0,177276110.0,437167.0
2023-03-13 09:50:00,4139.0,4142.0,4129.0,4132.0,2626.0,108572790.0,437456.0
2023-03-13 09:55:00,4131.0,4136.0,4125.0,4127.0,2900.0,119722070.0,437690.0
2023-03-13 10:00:00,4128.0,4134.0,4125.0,4133.0,3054.0,126096250.0,437817.0
2023-03-13 10:05:00,4133.0,4136.0,4126.0,4131.0,2536.0,104771860.0,437929.0
2023-03-13 10:10:00,4130.0,4131.0,4122.0,4129.0,5035.0,207767750.0,438394.0
2023-03-13 10:30:00,4130.0,4133.0,4126.0,4127.0,2849.0,117667500.0,439094.0
2023-03-13 10:35:00,4126.0,4138.0,4126.0,4137.0,2840.0,117381670.0,439142.0
2023-03-13 10:40:00,4137.0,4143.0,4137.0,4141.0,3288.0,136120680.0,438715.0
2023-03-13 10:45:00,4140.0,4142.0,4134.0,4136.0,2588.0,107075960.0,438551.0
2023-03-13 10:50:00,4137.0,4142.0,4133.0,4142.0,2754.0,113981620.0,437865.0
2023-03-13 10:55:00,4141.0,4145.0,4135.0,4135.0,2778.0,115038270.0,437027.0
2023-03-13 11:00:00,4136.0,4138.0,4131.0,4135.0,2659.0,109944450.0,437131.0
2023-03-13 11:05:00,4135.0,4138.0,4134.0,4135.0,1337.0,55291770.0,437263.0
2023-03-13 11:10:00,4135.0,4139.0,4135.0,4136.0,1083.0,44800480.0,437455.0
2023-03-13 11:15:00,4136.0,4141.0,4133.0,4140.0,1163.0,48117820.0,437506.0
2023-03-13 11:20:00,4140.0,4144.0,4139.0,4142.0,1597.0,66144510.0,437455.0
2023-03-13 11:25:00,4140.0,4144.0,4138.0,4141.0,1880.0,77853540.0,437370.0
2023-03-13 13:30:00,4142.0,4153.0,4142.0,4145.0,13205.0,547652690.0,436163.0
2023-03-13 13:35:00,4146.0,4146.0,4137.0,4139.0,4347.0,180044020.0,436533.0
2023-03-13 13:40:00,4140.0,4142.0,4135.0,4140.0,3439.0,142308960.0,437327.0
2023-03-13 13:45:00,4138.0,4143.0,4133.0,4136.0,2951.0,122087920.0,438174.0
2023-03-13 13:50:00,4136.0,4137.0,4132.0,4134.0,1802.0,74505730.0,438678.0
2023-03-13 13:55:00,4134.0,4138.0,4131.0,4137.0,2849.0,117789510.0,438769.0
2023-03-13 14:00:00,4138.0,4140.0,4136.0,4138.0,1777.0,73531110.0,438354.0
2023-03-13 14:05:00,4137.0,4142.0,4133.0,4140.0,2476.0,102451620.0,438089.0
2023-03-13 14:10:00,4141.0,4145.0,4137.0,4145.0,2844.0,117779620.0,438206.0
2023-03-13 14:15:00,4144.0,4147.0,4141.0,4145.0,3095.0,128252040.0,437562.0
2023-03-13 14:20:00,4145.0,4148.0,4142.0,4144.0,2994.0,124134570.0,437574.0
2023-03-13 14:25:00,4142.0,4145.0,4140.0,4142.0,1579.0,65394720.0,437585.0
2023-03-13 14:30:00,4141.0,4141.0,4136.0,4138.0,2454.0,101550030.0,437189.0
2023-03-13 14:35:00,4138.0,4143.0,4136.0,4142.0,1499.0,62052970.0,437174.0
2023-03-13 14:40:00,4142.0,4144.0,4139.0,4140.0,1696.0,70229790.0,437053.0
2023-03-13 14:45:00,4140.0,4146.0,4137.0,4145.0,3787.0,156864140.0,436704.0
2023-03-13 14:50:00,4144.0,4146.0,4142.0,4143.0,2407.0,99744630.0,436647.0
2023-03-13 14:55:00,4142.0,4145.0,4140.0,4141.0,3972.0,164540480.0,435684.0
2023-03-13 21:00:00,4098.0,4098.0,4055.0,4087.0,53131.0,2164171770.0,435685.0
2023-03-13 21:05:00,4087.0,4099.0,4084.0,4090.0,13989.0,572458420.0,435994.0
2023-03-13 21:10:00,4089.0,4105.0,4089.0,4095.0,10982.0,450045650.0,436084.0
2023-03-13 21:15:00,4094.0,4113.0,4093.0,4108.0,7367.0,302406640.0,436129.0
2023-03-13 21:20:00,4109.0,4116.0,4105.0,4109.0,5483.0,225361200.0,435449.0
2023-03-13 21:25:00,4109.0,4116.0,4107.0,4114.0,3568.0,146737320.0,435278.0
2023-03-13 21:30:00,4114.0,4115.0,4102.0,4106.0,4759.0,195529020.0,434834.0
2023-03-13 21:35:00,4106.0,4108.0,4100.0,4103.0,3861.0,158434650.0,434786.0
2023-03-13 21:40:00,4103.0,4111.0,4102.0,4111.0,2716.0,111541600.0,434673.0
2023-03-13 21:45:00,4111.0,4115.0,4108.0,4113.0,2737.0,112545760.0,434381.0
2023-03-13 21:50:00,4113.0,4119.0,4113.0,4116.0,2986.0,122921290.0,433877.0
2023-03-13 21:55:00,4116.0,4120.0,4114.0,4118.0,2125.0,87484800.0,433642.0
2023-03-13 22:00:00,4117.0,4121.0,4116.0,4118.0,3099.0,127647130.0,433806.0
2023-03-13 22:05:00,4118.0,4121.0,4114.0,4119.0,2615.0,107668890.0,433439.0
2023-03-13 22:10:00,4120.0,4122.0,4116.0,4117.0,2343.0,96509780.0,433527.0
2023-03-13 22:15:00,4118.0,4118.0,4110.0,4112.0,3422.0,140742130.0,434001.0
2023-03-13 22:20:00,4112.0,4113.0,4108.0,4110.0,2752.0,113116560.0,434352.0
2023-03-13 22:25:00,4110.0,4117.0,4109.0,4113.0,1860.0,76516040.0,434653.0
2023-03-13 22:30:00,4114.0,4119.0,4113.0,4118.0,2350.0,96734980.0,434568.0
2023-03-13 22:35:00,4119.0,4119.0,4113.0,4117.0,1563.0,64338670.0,434538.0
2023-03-13 22:40:00,4117.0,4118.0,4113.0,4117.0,1872.0,77037600.0,434815.0
2023-03-13 22:45:00,4117.0,4121.0,4116.0,4118.0,1888.0,77748870.0,434847.0
2023-03-13 22:50:00,4118.0,4120.0,4115.0,4115.0,1781.0,73328430.0,435019.0
2023-03-13 22:55:00,4115.0,4120.0,4115.0,4120.0,2659.0,109488710.0,434139.0
2023-03-14 09:00:00,4109.0,4128.0,4109.0,4119.0,10397.0,428326610.0,433989.0
2023-03-14 09:05:00,4118.0,4125.0,4116.0,4121.0,4544.0,187272840.0,434358.0
2023-03-14 09:10:00,4121.0,4124.0,4115.0,4118.0,2836.0,116810660.0,434750.0
2023-03-14 09:15:00,4117.0,4120.0,4112.0,4113.0,2208.0,90862510.0,434966.0
2023-03-14 09:20:00,4113.0,4117.0,4112.0,4114.0,1688.0,69443590.0,434964.0
2023-03-14 09:25:00,4113.0,4114.0,4108.0,4109.0,2829.0,116277770.0,435704.0
2023-03-14 09:30:00,4109.0,4115.0,4106.0,4112.0,3526.0,144916230.0,436061.0
2023-03-14 09:35:00,4112.0,4112.0,4108.0,4109.0,1696.0,69708620.0,436546.0
2023-03-14 09:40:00,4109.0,4110.0,4104.0,4105.0,3603.0,147947650.0,437233.0
2023-03-14 09:45:00,4106.0,4113.0,4105.0,4112.0,2018.0,82939210.0,437128.0
2023-03-14 09:50:00,4111.0,4113.0,4108.0,4108.0,1164.0,47849780.0,437138.0
2023-03-14 09:55:00,4108.0,4109.0,4103.0,4104.0,2745.0,112700750.0,437242.0
2023-03-14 10:00:00,4104.0,4109.0,4102.0,4108.0,3495.0,143480060.0,437746.0
2023-03-14 10:05:00,4108.0,4108.0,4103.0,4108.0,1875.0,76973140.0,437999.0
2023-03-14 10:10:00,4108.0,4111.0,4105.0,4107.0,1696.0,69674990.0,437915.0
2023-03-14 10:30:00,4108.0,4108.0,4102.0,4104.0,3728.0,153028480.0,437666.0
2023-03-14 10:35:00,4104.0,4112.0,4103.0,4108.0,2882.0,118400980.0,437556.0
2023-03-14 10:40:00,4109.0,4115.0,4108.0,4114.0,1926.0,79202300.0,437422.0
2023-03-14 10:45:00,4114.0,4115.0,4108.0,4112.0,2502.0,102865100.0,436678.0
2023-03-14 10:50:00,4112.0,4112.0,4099.0,4101.0,3673.0,150749710.0,436706.0
2023-03-14 10:55:00,4101.0,4109.0,4100.0,4108.0,3170.0,130144360.0,436437.0
2023-03-14 11:00:00,4108.0,4112.0,4101.0,4101.0,3085.0,126717980.0,436274.0
2023-03-14 11:05:00,4101.0,4104.0,4092.0,4093.0,5892.0,241401330.0,436073.0
2023-03-14 11:10:00,4094.0,4102.0,4092.0,4098.0,6955.0,284910770.0,436290.0
2023-03-14 11:15:00,4098.0,4107.0,4098.0,4105.0,3296.0,135242690.0,435806.0
2023-03-14 11:20:00,4104.0,4105.0,4100.0,4105.0,1329.0,54518840.0,435703.0
2023-03-14 11:25:00,4104.0,4105.0,4096.0,4096.0,1913.0,78433110.0,435945.0
2023-03-14 13:30:00,4096.0,4101.0,4093.0,4100.0,3472.0,142235290.0,436363.0
2023-03-14 13:35:00,4100.0,4103.0,4095.0,4098.0,2081.0,85292570.0,436805.0
2023-03-14 13:40:00,4098.0,4105.0,4096.0,4100.0,2251.0,92310960.0,436901.0
2023-03-14 13:45:00,4099.0,4102.0,4090.0,4095.0,4256.0,174237870.0,437723.0
2023-03-14 13:50:00,4096.0,4099.0,4093.0,4098.0,1961.0,80329600.0,437629.0
2023-03-14 13:55:00,4098.0,4108.0,4098.0,4103.0,3347.0,137357210.0,437505.0
2023-03-14 14:00:00,4103.0,4113.0,4102.0,4113.0,3089.0,126918630.0,437033.0
2023-03-14 14:05:00,4113.0,4121.0,4111.0,4119.0,4443.0,182907400.0,436323.0
2023-03-14 14:10:00,4119.0,4121.0,4115.0,4117.0,4073.0,167752110.0,436534.0
2023-03-14 14:15:00,4117.0,4121.0,4111.0,4116.0,4913.0,202237100.0,436088.0
2023-03-14 14:20:00,4116.0,4118.0,4107.0,4114.0,4479.0,184145700.0,435532.0
2023-03-14 14:25:00,4114.0,4115.0,4109.0,4112.0,1625.0,66818870.0,435417.0
2023-03-14 14:30:00,4111.0,4113.0,4107.0,4112.0,2138.0,87867240.0,435555.0
2023-03-14 14:35:00,4111.0,4112.0,4106.0,4108.0,2112.0,86770580.0,435648.0
2023-03-14 14:40:00,4108.0,4112.0,4107.0,4110.0,1130.0,46440910.0,435666.0
2023-03-14 14:45:00,4110.0,4110.0,4102.0,4105.0,2788.0,114461140.0,435618.0
2023-03-14 14:50:00,4106.0,4107.0,4100.0,4104.0,3560.0,146028750.0,435351.0
2023-03-14 14:55:00,4104.0,4105.0,4100.0,4101.0,4038.0,165663530.0,434616.0
2023-03-14 21:00:00,4110.0,4126.0,4106.0,4121.0,22393.0,921881100.0,432148.0
2023-03-14 21:05:00,4120.0,4135.0,4120.0,4126.0,11727.0,484101120.0,431282.0
2023-03-14 21:10:00,4124.0,4128.0,4120.0,4124.0,4764.0,196467630.0,431275.0
2023-03-14 21:15:00,4124.0,4126.0,4114.0,4119.0,5324.0,219286610.0,431709.0
2023-03-14 21:20:00,4119.0,4121.0,4115.0,4119.0,3191.0,131414290.0,432200.0
2023-03-14 21:25:00,4119.0,4121.0,4114.0,4119.0,3499.0,144064280.0,432360.0
2023-03-14 21:30:00,4119.0,4121.0,4113.0,4116.0,2527.0,104026780.0,432761.0
2023-03-14 21:35:00,4116.0,4126.0,4115.0,4123.0,6039.0,248916450.0,432267.0
2023-03-14 21:40:00,4123.0,4125.0,4121.0,4123.0,4034.0,166300860.0,433206.0
2023-03-14 21:45:00,4123.0,4128.0,4117.0,4117.0,4666.0,192335800.0,433014.0
2023-03-14 21:50:00,4117.0,4124.0,4117.0,4123.0,3384.0,139428850.0,433288.0
2023-03-14 21:55:00,4123.0,4130.0,4122.0,4127.0,3166.0,130658270.0,433631.0
2023-03-14 22:00:00,4127.0,4128.0,4122.0,4124.0,2598.0,107157780.0,433844.0
2023-03-14 22:05:00,4125.0,4129.0,4124.0,4129.0,1580.0,65187430.0,433799.0
2023-03-14 22:10:00,4129.0,4129.0,4124.0,4125.0,2994.0,123562700.0,434124.0
2023-03-14 22:15:00,4126.0,4126.0,4121.0,4123.0,2086.0,86020750.0,434236.0
2023-03-14 22:20:00,4124.0,4129.0,4123.0,4128.0,1877.0,77473300.0,433959.0
2023-03-14 22:25:00,4128.0,4135.0,4124.0,4134.0,3661.0,151199520.0,433518.0
2023-03-14 22:30:00,4134.0,4134.0,4124.0,4128.0,3549.0,146530280.0,433047.0
2023-03-14 22:35:00,4128.0,4134.0,4123.0,4133.0,3943.0,162791670.0,433285.0
2023-03-14 22:40:00,4133.0,4150.0,4133.0,4146.0,13015.0,539292510.0,432350.0
2023-03-14 22:45:00,4146.0,4160.0,4146.0,4159.0,12135.0,504068800.0,429976.0
2023-03-14 22:50:00,4159.0,4163.0,4154.0,4155.0,6964.0,289591270.0,429246.0
2023-03-14 22:55:00,4155.0,4156.0,4144.0,4146.0,7532.0,312603740.0,426951.0
2023-03-15 09:00:00,4130.0,4159.0,4130.0,4153.0,15800.0,655396050.0,427089.0
2023-03-15 09:05:00,4152.0,4154.0,4138.0,4149.0,7086.0,293713180.0,427310.0
2023-03-15 09:10:00,4147.0,4150.0,4141.0,4150.0,4699.0,194753560.0,427726.0
2023-03-15 09:15:00,4149.0,4160.0,4148.0,4158.0,5812.0,241386450.0,427599.0
2023-03-15 09:20:00,4159.0,4170.0,4157.0,4164.0,11175.0,465436300.0,426708.0
2023-03-15 09:25:00,4165.0,4177.0,4164.0,4176.0,10230.0,426797770.0,425680.0
2023-03-15 09:30:00,4178.0,4178.0,4169.0,4172.0,7797.0,325400080.0,423548.0
2023-03-15 09:35:00,4172.0,4178.0,4171.0,4171.0,4746.0,198084830.0,423062.0
2023-03-15 09:40:00,4171.0,4175.0,4166.0,4174.0,5168.0,215527020.0,422290.0
2023-03-15 09:45:00,4174.0,4195.0,4173.0,4192.0,13931.0,582895020.0,421282.0
2023-03-15 09:50:00,4192.0,4196.0,4187.0,4196.0,10338.0,433297930.0,420583.0
2023-03-15 09:55:00,4196.0,4196.0,4188.0,4192.0,7632.0,319905470.0,418051.0
2023-03-15 10:00:00,4192.0,4197.0,4188.0,4190.0,6298.0,264028990.0,416954.0
2023-03-15 10:05:00,4190.0,4191.0,4183.0,4185.0,5685.0,237973980.0,416002.0
2023-03-15 10:10:00,4186.0,4188.0,4185.0,4187.0,2497.0,104542540.0,415355.0
2023-03-15 10:30:00,4187.0,4189.0,4181.0,4186.0,6402.0,267868130.0,415464.0
2023-03-15 10:35:00,4186.0,4192.0,4185.0,4186.0,4407.0,184607810.0,415819.0
2023-03-15 10:40:00,4186.0,4187.0,4175.0,4179.0,8383.0,350336670.0,413049.0
2023-03-15 10:45:00,4179.0,4189.0,4178.0,4187.0,3601.0,150690310.0,412779.0
2023-03-15 10:50:00,4188.0,4190.0,4184.0,4186.0,3072.0,128641260.0,412533.0
2023-03-15 10:55:00,4186.0,4188.0,4177.0,4185.0,4698.0,196449430.0,411404.0
2023-03-15 11:00:00,4185.0,4186.0,4180.0,4182.0,2339.0,97843930.0,411361.0
2023-03-15 11:05:00,4183.0,4187.0,4179.0,4179.0,2411.0,100863940.0,411182.0
2023-03-15 11:10:00,4180.0,4180.0,4171.0,4171.0,6483.0,270668740.0,411204.0
2023-03-15 11:15:00,4171.0,4178.0,4170.0,4176.0,3394.0,141664750.0,411205.0
2023-03-15 11:20:00,4177.0,4178.0,4174.0,4176.0,1265.0,52833690.0,410963.0
2023-03-15 11:25:00,4176.0,4176.0,4171.0,4175.0,1802.0,75205310.0,410317.0
2023-03-15 13:30:00,4174.0,4175.0,4166.0,4168.0,5760.0,240168320.0,410321.0
2023-03-15 13:35:00,4168.0,4172.0,4168.0,4170.0,3359.0,140068020.0,410775.0
2023-03-15 13:40:00,4169.0,4179.0,4167.0,4179.0,4527.0,188960940.0,409457.0
2023-03-15 13:45:00,4178.0,4189.0,4177.0,4184.0,8847.0,370174230.0,409168.0
2023-03-15 13:50:00,4184.0,4185.0,4175.0,4177.0,2692.0,112506460.0,409265.0
2023-03-15 13:55:00,4177.0,4178.0,4170.0,4172.0,3453.0,144066430.0,409472.0
2023-03-15 14:00:00,4172.0,4174.0,4163.0,4163.0,4563.0,190178240.0,410063.0
2023-03-15 14:05:00,4164.0,4170.0,4162.0,4167.0,3798.0,158226910.0,409965.0
2023-03-15 14:10:00,4167.0,4172.0,4167.0,4169.0,2092.0,87224930.0,409689.0
2023-03-15 14:15:00,4170.0,4173.0,4163.0,4165.0,2810.0,117112290.0,410315.0
2023-03-15 14:20:00,4166.0,4167.0,4161.0,4164.0,2521.0,104966620.0,410345.0
2023-03-15 14:25:00,4164.0,4167.0,4161.0,4162.0,2192.0,91258340.0,410361.0
2023-03-15 14:30:00,4163.0,4164.0,4156.0,4157.0,5314.0,221024470.0,410803.0
2023-03-15 14:35:00,4157.0,4160.0,4154.0,4159.0,4533.0,188406280.0,411023.0
2023-03-15 14:40:00,4158.0,4166.0,4158.0,4164.0,3482.0,144935980.0,410244.0
2023-03-15 14:45:00,4163.0,4165.0,4160.0,4161.0,2047.0,85200720.0,409928.0
2023-03-15 14:50:00,4162.0,4166.0,4160.0,4164.0,3197.0,133109440.0,409394.0
2023-03-15 14:55:00,4163.0,4175.0,4163.0,4171.0,6405.0,267095670.0,408428.0
2023-03-15 21:00:00,4133.0,4150.0,4115.0,4127.0,34464.0,1423775080.0,405473.0
2023-03-15 21:05:00,4128.0,4151.0,4127.0,4144.0,12429.0,514921730.0,404713.0
2023-03-15 21:10:00,4144.0,4156.0,4143.0,4149.0,7553.0,313459110.0,404765.0
2023-03-15 21:15:00,4149.0,4149.0,4133.0,4134.0,6339.0,262443110.0,405225.0
2023-03-15 21:20:00,4134.0,4148.0,4133.0,4143.0,3723.0,154245960.0,405393.0
2023-03-15 21:25:00,4143.0,4149.0,4135.0,4136.0,4306.0,178322870.0,405813.0
2023-03-15 21:30:00,4136.0,4141.0,4124.0,4129.0,6530.0,269781300.0,405809.0
2023-03-15 21:35:00,4129.0,4146.0,4129.0,4145.0,5423.0,224472760.0,405462.0
2023-03-15 21:40:00,4144.0,4150.0,4142.0,4145.0,4740.0,196554150.0,405270.0
2023-03-15 21:45:00,4145.0,4147.0,4139.0,4141.0,2907.0,120410190.0,404867.0
2023-03-15 21:50:00,4140.0,4143.0,4135.0,4138.0,2785.0,115248620.0,405174.0
2023-03-15 21:55:00,4138.0,4138.0,4132.0,4137.0,2396.0,99078480.0,405339.0
2023-03-15 22:00:00,4137.0,4139.0,4133.0,4137.0,3512.0,145259290.0,405623.0
2023-03-15 22:05:00,4138.0,4144.0,4136.0,4141.0,4797.0,198615590.0,404707.0
2023-03-15 22:10:00,4141.0,4144.0,4131.0,4132.0,3276.0,135536260.0,405024.0
2023-03-15 22:15:00,4132.0,4134.0,4125.0,4127.0,4945.0,204177840.0,405665.0
2023-03-15 22:20:00,4128.0,4131.0,4120.0,4120.0,3808.0,157097260.0,405767.0
2023-03-15 22:25:00,4120.0,4124.0,4119.0,4121.0,3708.0,152823970.0,405986.0
2023-03-15 22:30:00,4121.0,4127.0,4118.0,4118.0,4045.0,166773850.0,405914.0
2023-03-15 22:35:00,4117.0,4118.0,4104.0,4109.0,11010.0,452438620.0,407248.0
2023-03-15 22:40:00,4109.0,4113.0,4094.0,4097.0,9488.0,389169100.0,407542.0
2023-03-15 22:45:00,4097.0,4105.0,4094.0,4099.0,6597.0,270492650.0,407111.0
2023-03-15 22:50:00,4099.0,4102.0,4093.0,4099.0,4014.0,164472400.0,407247.0
2023-03-15 22:55:00,4099.0,4106.0,4098.0,4105.0,5916.0,242697320.0,405818.0
2023-03-16 09:00:00,4109.0,4124.0,4109.0,4117.0,10558.0,434666530.0,405820.0
2023-03-16 09:05:00,4116.0,4121.0,4107.0,4107.0,4896.0,201439340.0,406038.0
2023-03-16 09:10:00,4108.0,4115.0,4106.0,4107.0,3829.0,157355200.0,406105.0
2023-03-16 09:15:00,4107.0,4113.0,4100.0,4104.0,6745.0,276944470.0,404859.0
2023-03-16 09:20:00,4104.0,4116.0,4102.0,4114.0,3275.0,134627200.0,405276.0
2023-03-16 09:25:00,4113.0,4114.0,4105.0,4113.0,2919.0,119968520.0,405350.0
2023-03-16 09:30:00,4113.0,4119.0,4105.0,4108.0,4187.0,172172270.0,405338.0
2023-03-16 09:35:00,4109.0,4112.0,4097.0,4107.0,5810.0,238449610.0,405304.0
2023-03-16 09:40:00,4107.0,4111.0,4100.0,4104.0,3301.0,135500350.0,404918.0
2023-03-16 09:45:00,4104.0,4108.0,4091.0,4092.0,7371.0,302054210.0,405567.0
2023-03-16 09:50:00,4092.0,4102.0,4092.0,4097.0,3222.0,132053800.0,405972.0
2023-03-16 09:55:00,4098.0,4102.0,4091.0,4094.0,3238.0,132620410.0,406310.0
2023-03-16 10:00:00,4094.0,4097.0,4081.0,4085.0,8260.0,337551810.0,406008.0
2023-03-16 10:05:00,4084.0,4092.0,4084.0,4088.0,3682.0,150530410.0,406345.0
2023-03-16 10:10:00,4089.0,4092.0,4073.0,4074.0,5545.0,226300650.0,406339.0
2023-03-16 10:30:00,4074.0,4081.0,4072.0,4077.0,7661.0,312306410.0,406980.0
2023-03-16 10:35:00,4078.0,4086.0,4077.0,4080.0,4636.0,189227950.0,407914.0
2023-03-16 10:40:00,4080.0,4081.0,4071.0,4073.0,3648.0,148630940.0,407837.0
2023-03-16 10:45:00,4073.0,4079.0,4066.0,4066.0,6831.0,278071600.0,408034.0
2023-03-16 10:50:00,4065.0,4070.0,4063.0,4066.0,4892.0,198911800.0,408567.0
2023-03-16 10:55:00,4066.0,4069.0,4060.0,4060.0,3914.0,159051960.0,409350.0
2023-03-16 11:00:00,4061.0,4069.0,4060.0,4064.0,4061.0,165073030.0,409514.0
2023-03-16 11:05:00,4064.0,4068.0,4057.0,4058.0,4157.0,168880740.0,410786.0
2023-03-16 11:10:00,4058.0,4060.0,4035.0,4040.0,16871.0,682335220.0,411916.0
2023-03-16 11:15:00,4039.0,4044.0,4034.0,4037.0,5776.0,233285950.0,413183.0
2023-03-16 11:20:00,4036.0,4041.0,4035.0,4036.0,2801.0,113082050.0,413966.0
2023-03-16 11:25:00,4036.0,4040.0,4034.0,4036.0,3353.0,135348780.0,414031.0
2023-03-16 13:30:00,4040.0,4052.0,4040.0,4050.0,8735.0,353465520.0,415163.0
2023-03-16 13:35:00,4051.0,4053.0,4047.0,4053.0,3122.0,126442870.0,415888.0
2023-03-16 13:40:00,4053.0,4057.0,4046.0,4057.0,4075.0,165139960.0,415859.0
2023-03-16 13:45:00,4057.0,4063.0,4054.0,4057.0,4870.0,197654690.0,416057.0
2023-03-16 13:50:00,4057.0,4061.0,4051.0,4051.0,2584.0,104803860.0,416277.0
2023-03-16 13:55:00,4051.0,4053.0,4044.0,4047.0,3322.0,134472280.0,416969.0
2023-03-16 14:00:00,4048.0,4050.0,4042.0,4043.0,2706.0,109485330.0,417719.0
2023-03-16 14:05:00,4043.0,4047.0,4042.0,4045.0,1685.0,68147020.0,418053.0
2023-03-16 14:10:00,4044.0,4046.0,4039.0,4042.0,2367.0,95663700.0,418237.0
2023-03-16 14:15:00,4043.0,4045.0,4038.0,4039.0,2288.0,92452410.0,418607.0
2023-03-16 14:20:00,4040.0,4041.0,4031.0,4034.0,3571.0,144100800.0,419277.0
2023-03-16 14:25:00,4033.0,4038.0,4028.0,4028.0,3466.0,139780050.0,419728.0
2023-03-16 14:30:00,4029.0,4036.0,4028.0,4034.0,3733.0,150537320.0,420124.0
2023-03-16 14:35:00,4033.0,4034.0,4022.0,4023.0,4968.0,200038340.0,420268.0
2023-03-16 14:40:00,4023.0,4025.0,4016.0,4018.0,5822.0,233976370.0,421526.0
2023-03-16 14:45:00,4018.0,4021.0,4014.0,4017.0,4766.0,191468170.0,422098.0
2023-03-16 14:50:00,4018.0,4024.0,4016.0,4020.0,4657.0,187208710.0,421908.0
2023-03-16 14:55:00,4019.0,4022.0,4011.0,4014.0,8968.0,360120370.0,422099.0
2023-03-16 21:00:00,4019.0,4038.0,4019.0,4036.0,24106.0,971265070.0,418448.0
2023-03-16 21:05:00,4036.0,4041.0,4028.0,4030.0,10124.0,408465930.0,417050.0
2023-03-16 21:10:00,4029.0,4038.0,4029.0,4036.0,3386.0,136630460.0,417228.0
2023-03-16 21:15:00,4035.0,4035.0,4021.0,4021.0,4706.0,189514970.0,417661.0
2023-03-16 21:20:00,4021.0,4025.0,4013.0,4017.0,5854.0,235248860.0,419217.0
2023-03-16 21:25:00,4017.0,4021.0,4014.0,4014.0,2368.0,95153300.0,419475.0
2023-03-16 21:30:00,4015.0,4020.0,4006.0,4007.0,5893.0,236433660.0,420189.0
2023-03-16 21:35:00,4008.0,4017.0,4007.0,4014.0,3639.0,146026530.0,420802.0
2023-03-16 21:40:00,4014.0,4019.0,4012.0,4015.0,2621.0,105261530.0,421007.0
2023-03-16 21:45:00,4014.0,4019.0,4007.0,4012.0,2997.0,120219400.0,421578.0
2023-03-16 21:50:00,4013.0,4018.0,4010.0,4015.0,2407.0,96627640.0,421682.0
2023-03-16 21:55:00,4015.0,4019.0,4015.0,4015.0,1826.0,73351790.0,421761.0
2023-03-16 22:00:00,4015.0,4024.0,4014.0,4019.0,3077.0,123724570.0,421776.0
2023-03-16 22:05:00,4018.0,4019.0,4015.0,4016.0,1662.0,66769130.0,421661.0
2023-03-16 22:10:00,4015.0,4019.0,4012.0,4013.0,1489.0,59787110.0,421697.0
2023-03-16 22:15:00,4014.0,4016.0,4008.0,4010.0,2029.0,81386730.0,421844.0
2023-03-16 22:20:00,4010.0,4014.0,4007.0,4009.0,2706.0,108493990.0,422350.0
2023-03-16 22:25:00,4009.0,4013.0,4005.0,4007.0,2482.0,99511880.0,422470.0
2023-03-16 22:30:00,4008.0,4014.0,4006.0,4007.0,1977.0,79265360.0,422571.0
2023-03-16 22:35:00,4008.0,4012.0,4006.0,4010.0,1863.0,74678770.0,422738.0
2023-03-16 22:40:00,4010.0,4012.0,4007.0,4008.0,1108.0,44428930.0,422774.0
2023-03-16 22:45:00,4009.0,4015.0,4008.0,4013.0,1309.0,52523140.0,422653.0
2023-03-16 22:50:00,4013.0,4028.0,4012.0,4028.0,4347.0,174813890.0,422258.0
2023-03-16 22:55:00,4028.0,4041.0,4023.0,4041.0,5466.0,220324590.0,421057.0
2023-03-17 09:00:00,4040.0,4055.0,4040.0,4053.0,12380.0,501289270.0,420404.0
2023-03-17 09:05:00,4052.0,4053.0,4040.0,4044.0,4791.0,193773370.0,420904.0
2023-03-17 09:10:00,4045.0,4052.0,4035.0,4050.0,5627.0,227623220.0,420655.0
2023-03-17 09:15:00,4049.0,4057.0,4047.0,4054.0,3996.0,161949820.0,421235.0
2023-03-17 09:20:00,4053.0,4058.0,4052.0,4055.0,5252.0,213009380.0,422083.0
2023-03-17 09:25:00,4055.0,4058.0,4049.0,4056.0,4429.0,179495160.0,422725.0
2023-03-17 09:30:00,4056.0,4057.0,4052.0,4056.0,2766.0,112150960.0,423501.0
2023-03-17 09:35:00,4056.0,4061.0,4050.0,4059.0,3837.0,155655860.0,423432.0
2023-03-17 09:40:00,4059.0,4066.0,4057.0,4062.0,5701.0,231601340.0,422947.0
2023-03-17 09:45:00,4062.0,4068.0,4059.0,4067.0,4275.0,173700440.0,422752.0
2023-03-17 09:50:00,4067.0,4067.0,4055.0,4057.0,2716.0,110280330.0,422225.0
2023-03-17 09:55:00,4057.0,4065.0,4057.0,4064.0,1905.0,77372040.0,422217.0
2023-03-17 10:00:00,4064.0,4070.0,4062.0,4067.0,3507.0,142584730.0,421845.0
2023-03-17 10:05:00,4068.0,4077.0,4063.0,4074.0,5156.0,209984490.0,421297.0
2023-03-17 10:10:00,4074.0,4075.0,4064.0,4069.0,3289.0,133780900.0,421274.0
2023-03-17 10:30:00,4070.0,4072.0,4058.0,4066.0,3799.0,154410400.0,421496.0
2023-03-17 10:35:00,4065.0,4067.0,4058.0,4067.0,2311.0,93879200.0,421857.0
2023-03-17 10:40:00,4067.0,4076.0,4066.0,4074.0,2719.0,110686730.0,421395.0
2023-03-17 10:45:00,4074.0,4074.0,4062.0,4063.0,3712.0,150967260.0,421274.0
2023-03-17 10:50:00,4063.0,4066.0,4060.0,4062.0,2348.0,95380450.0,421379.0
2023-03-17 10:55:00,4062.0,4064.0,4058.0,4061.0,2237.0,90839480.0,422268.0
2023-03-17 11:00:00,4062.0,4069.0,4058.0,4069.0,1626.0,66083990.0,422280.0
2023-03-17 11:05:00,4070.0,4075.0,4066.0,4073.0,2537.0,103296620.0,422178.0
2023-03-17 11:10:00,4074.0,4079.0,4071.0,4076.0,3899.0,158921030.0,422217.0
2023-03-17 11:15:00,4076.0,4078.0,4071.0,4078.0,2177.0,88700230.0,422176.0
2023-03-17 11:20:00,4079.0,4080.0,4075.0,4079.0,2073.0,84534200.0,421933.0
2023-03-17 11:25:00,4079.0,4080.0,4076.0,4076.0,1728.0,70470870.0,421709.0
2023-03-17 13:30:00,4075.0,4075.0,4067.0,4072.0,4841.0,197062510.0,421398.0
2023-03-17 13:35:00,4072.0,4075.0,4066.0,4070.0,3377.0,137411090.0,421617.0
2023-03-17 13:40:00,4069.0,4074.0,4066.0,4069.0,2103.0,85587640.0,421416.0
2023-03-17 13:45:00,4067.0,4069.0,4062.0,4067.0,2377.0,96634140.0,421350.0
2023-03-17 13:50:00,4067.0,4070.0,4061.0,4063.0,2914.0,118437180.0,421382.0
2023-03-17 13:55:00,4063.0,4068.0,4063.0,4064.0,1939.0,78842150.0,421624.0
2023-03-17 14:00:00,4064.0,4067.0,4058.0,4058.0,3468.0,140833340.0,421853.0
2023-03-17 14:05:00,4060.0,4064.0,4050.0,4051.0,4661.0,188973140.0,422499.0
2023-03-17 14:10:00,4052.0,4056.0,4050.0,4052.0,2115.0,85725540.0,422649.0
2023-03-17 14:15:00,4053.0,4058.0,4052.0,4057.0,1815.0,73597650.0,422913.0
2023-03-17 14:20:00,4057.0,4058.0,4051.0,4056.0,2506.0,101610950.0,422620.0
2023-03-17 14:25:00,4056.0,4057.0,4051.0,4054.0,5406.0,219181820.0,422316.0
2023-03-17 14:30:00,4054.0,4056.0,4043.0,4048.0,5061.0,204896080.0,422389.0
2023-03-17 14:35:00,4048.0,4050.0,4043.0,4047.0,2713.0,109759880.0,422402.0
2023-03-17 14:40:00,4047.0,4049.0,4045.0,4047.0,1697.0,68678820.0,422390.0
2023-03-17 14:45:00,4046.0,4052.0,4044.0,4051.0,2014.0,81505080.0,422081.0
2023-03-17 14:50:00,4051.0,4052.0,4046.0,4048.0,2213.0,89594980.0,421741.0
2023-03-17 14:55:00,4049.0,4051.0,4045.0,4047.0,4271.0,172901570.0,421059.0
2023-03-17 21:00:00,4038.0,4053.0,4038.0,4052.0,14723.0,595455730.0,421961.0
2023-03-17 21:05:00,4050.0,4053.0,4039.0,4045.0,5912.0,239240660.0,421880.0
2023-03-17 21:10:00,4046.0,4062.0,4045.0,4053.0,5530.0,224181200.0,421998.0
2023-03-17 21:15:00,4054.0,4062.0,4053.0,4057.0,3407.0,138243690.0,422498.0
2023-03-17 21:20:00,4056.0,4070.0,4055.0,4068.0,6942.0,282178040.0,422450.0
2023-03-17 21:25:00,4069.0,4071.0,4063.0,4064.0,4221.0,171675850.0,422227.0
2023-03-17 21:30:00,4065.0,4066.0,4055.0,4058.0,3618.0,146883910.0,422303.0
2023-03-17 21:35:00,4059.0,4063.0,4055.0,4058.0,2454.0,99624010.0,422779.0
2023-03-17 21:40:00,4058.0,4059.0,4049.0,4056.0,3005.0,121799330.0,423331.0
2023-03-17 21:45:00,4055.0,4056.0,4046.0,4050.0,3825.0,154900740.0,424048.0
2023-03-17 21:50:00,4051.0,4053.0,4047.0,4048.0,1613.0,65322780.0,424595.0
2023-03-17 21:55:00,4049.0,4051.0,4046.0,4047.0,1609.0,65139300.0,424858.0
2023-03-17 22:00:00,4048.0,4059.0,4048.0,4058.0,3109.0,126046430.0,424852.0
2023-03-17 22:05:00,4059.0,4060.0,4052.0,4052.0,1743.0,70706620.0,424651.0
2023-03-17 22:10:00,4052.0,4055.0,4049.0,4053.0,1271.0,51502920.0,424575.0
2023-03-17 22:15:00,4053.0,4058.0,4050.0,4050.0,1462.0,59267120.0,424537.0
2023-03-17 22:20:00,4050.0,4053.0,4043.0,4047.0,2134.0,86362920.0,424450.0
2023-03-17 22:25:00,4047.0,4049.0,4041.0,4046.0,1757.0,71067350.0,424476.0
2023-03-17 22:30:00,4047.0,4052.0,4045.0,4051.0,1985.0,80354080.0,424428.0
2023-03-17 22:35:00,4051.0,4052.0,4048.0,4051.0,1218.0,49334010.0,424424.0
2023-03-17 22:40:00,4051.0,4051.0,4046.0,4046.0,1328.0,53760810.0,424279.0
2023-03-17 22:45:00,4045.0,4051.0,4045.0,4049.0,1169.0,47317440.0,424043.0
2023-03-17 22:50:00,4049.0,4053.0,4044.0,4044.0,1655.0,66987300.0,423701.0
2023-03-17 22:55:00,4044.0,4045.0,4038.0,4041.0,3283.0,132706160.0,422992.0
2023-03-20 09:00:00,4052.0,4068.0,4046.0,4066.0,11631.0,471796580.0,422200.0
2023-03-20 09:05:00,4065.0,4088.0,4065.0,4083.0,10698.0,436318040.0,420281.0
2023-03-20 09:10:00,4083.0,4087.0,4075.0,4079.0,5455.0,222598920.0,419969.0
2023-03-20 09:15:00,4080.0,4080.0,4066.0,4079.0,4910.0,200026900.0,420126.0
2023-03-20 09:20:00,4080.0,4108.0,4079.0,4108.0,11792.0,482977910.0,418967.0
2023-03-20 09:25:00,4107.0,4120.0,4104.0,4119.0,12256.0,504056620.0,416587.0
2023-03-20 09:30:00,4117.0,4117.0,4101.0,4103.0,8925.0,366802740.0,415802.0
2023-03-20 09:35:00,4103.0,4105.0,4097.0,4097.0,6222.0,255112350.0,415148.0
2023-03-20 09:40:00,4097.0,4097.0,4085.0,4090.0,5947.0,243220470.0,415046.0
2023-03-20 09:45:00,4090.0,4093.0,4082.0,4084.0,4137.0,169049740.0,414928.0
2023-03-20 09:50:00,4083.0,4085.0,4075.0,4082.0,5258.0,214484120.0,415073.0
2023-03-20 09:55:00,4081.0,4085.0,4077.0,4082.0,3332.0,135983340.0,414964.0
2023-03-20 10:00:00,4082.0,4097.0,4081.0,4091.0,5711.0,233680300.0,413722.0
2023-03-20 10:05:00,4092.0,4096.0,4090.0,4093.0,2424.0,99219510.0,413859.0
2023-03-20 10:10:00,4094.0,4099.0,4091.0,4097.0,1963.0,80392130.0,413529.0
2023-03-20 10:30:00,4096.0,4096.0,4085.0,4090.0,2720.0,111236760.0,413240.0
2023-03-20 10:35:00,4090.0,4091.0,4082.0,4082.0,2049.0,83729730.0,413184.0
2023-03-20 10:40:00,4083.0,4092.0,4082.0,4088.0,1763.0,72062630.0,412974.0
2023-03-20 10:45:00,4088.0,4091.0,4084.0,4086.0,2353.0,96201630.0,412865.0
2023-03-20 10:50:00,4086.0,4092.0,4084.0,4090.0,1373.0,56140370.0,412647.0
2023-03-20 10:55:00,4090.0,4090.0,4078.0,4084.0,3056.0,124746450.0,413006.0
2023-03-20 11:00:00,4083.0,4085.0,4072.0,4077.0,3256.0,132751090.0,412980.0
2023-03-20 11:05:00,4077.0,4079.0,4068.0,4070.0,3540.0,144159060.0,412878.0
2023-03-20 11:10:00,4070.0,4080.0,4070.0,4079.0,2587.0,105441940.0,412770.0
2023-03-20 11:15:00,4079.0,4082.0,4073.0,4076.0,2059.0,83952580.0,412661.0
2023-03-20 11:20:00,4077.0,4078.0,4062.0,4066.0,4235.0,172258340.0,413575.0
2023-03-20 11:25:00,4066.0,4073.0,4065.0,4073.0,1804.0,73400220.0,413540.0
2023-03-20 13:30:00,4070.0,4070.0,4058.0,4059.0,5414.0,220031190.0,413849.0
2023-03-20 13:35:00,4059.0,4062.0,4048.0,4051.0,5809.0,235561610.0,415009.0
2023-03-20 13:40:00,4050.0,4058.0,4049.0,4056.0,4681.0,189786320.0,414478.0
2023-03-20 13:45:00,4056.0,4066.0,4055.0,4066.0,2312.0,93896220.0,414422.0
2023-03-20 13:50:00,4064.0,4065.0,4061.0,4061.0,1418.0,57617530.0,414536.0
2023-03-20 13:55:00,4062.0,4064.0,4058.0,4062.0,1155.0,46905630.0,414546.0
2023-03-20 14:00:00,4064.0,4064.0,4056.0,4060.0,1769.0,71811030.0,414546.0
2023-03-20 14:05:00,4061.0,4062.0,4053.0,4056.0,2156.0,87474460.0,413992.0
2023-03-20 14:10:00,4056.0,4059.0,4051.0,4052.0,2429.0,98471840.0,414270.0
2023-03-20 14:15:00,4053.0,4056.0,4051.0,4053.0,1263.0,51200290.0,414485.0
2023-03-20 14:20:00,4054.0,4060.0,4052.0,4053.0,1859.0,75414770.0,414481.0
2023-03-20 14:25:00,4053.0,4061.0,4052.0,4060.0,1104.0,44797250.0,414479.0
2023-03-20 14:30:00,4060.0,4060.0,4056.0,4058.0,1685.0,68381370.0,414017.0
2023-03-20 14:35:00,4057.0,4062.0,4056.0,4058.0,1980.0,80377090.0,413831.0
2023-03-20 14:40:00,4057.0,4065.0,4051.0,4055.0,4105.0,166618550.0,413400.0
2023-03-20 14:45:00,4053.0,4057.0,4051.0,4054.0,2242.0,90872290.0,413583.0
2023-03-20 14:50:00,4055.0,4055.0,4043.0,4050.0,6613.0,267618380.0,412736.0
2023-03-20 14:55:00,4050.0,4053.0,4048.0,4051.0,4682.0,189673420.0,411513.0
2023-03-20 21:00:00,4051.0,4075.0,4051.0,4069.0,16617.0,675351610.0,411612.0
2023-03-20 21:05:00,4068.0,4079.0,4065.0,4073.0,6433.0,261911060.0,412251.0
2023-03-20 21:10:00,4073.0,4076.0,4062.0,4068.0,5344.0,217408340.0,412986.0
2023-03-20 21:15:00,4068.0,4072.0,4061.0,4061.0,4315.0,175459090.0,414092.0
2023-03-20 21:20:00,4062.0,4063.0,4044.0,4050.0,8524.0,345305980.0,416882.0
2023-03-20 21:25:00,4049.0,4055.0,4047.0,4053.0,3184.0,128976400.0,417490.0
2023-03-20 21:30:00,4053.0,4059.0,4049.0,4058.0,3576.0,144976630.0,417415.0
2023-03-20 21:35:00,4057.0,4063.0,4055.0,4057.0,2477.0,100547170.0,417191.0
2023-03-20 21:40:00,4058.0,4059.0,4051.0,4055.0,1792.0,72666170.0,417186.0
2023-03-20 21:45:00,4054.0,4062.0,4046.0,4050.0,3164.0,128197080.0,417267.0
2023-03-20 21:50:00,4050.0,4055.0,4049.0,4051.0,1757.0,71190410.0,417379.0
2023-03-20 21:55:00,4051.0,4060.0,4048.0,4060.0,2173.0,88097580.0,417195.0
2023-03-20 22:00:00,4059.0,4065.0,4055.0,4058.0,2360.0,95816360.0,416853.0
2023-03-20 22:05:00,4057.0,4058.0,4046.0,4048.0,2640.0,106933580.0,417130.0
2023-03-20 22:10:00,4047.0,4050.0,4037.0,4043.0,5702.0,230473100.0,418155.0
2023-03-20 22:15:00,4043.0,4046.0,4039.0,4043.0,1836.0,74218080.0,418246.0
2023-03-20 22:20:00,4042.0,4049.0,4040.0,4048.0,1863.0,75364870.0,417976.0
2023-03-20 22:25:00,4048.0,4049.0,4045.0,4047.0,1362.0,55116960.0,417896.0
2023-03-20 22:30:00,4047.0,4047.0,4042.0,4045.0,1227.0,49615310.0,417973.0
2023-03-20 22:35:00,4045.0,4049.0,4041.0,4041.0,1262.0,51053910.0,417962.0
2023-03-20 22:40:00,4042.0,4047.0,4042.0,4046.0,774.0,31302250.0,417994.0
2023-03-20 22:45:00,4046.0,4052.0,4043.0,4049.0,2040.0,82597390.0,417548.0
2023-03-20 22:50:00,4049.0,4052.0,4047.0,4050.0,979.0,39645240.0,417560.0
2023-03-20 22:55:00,4049.0,4059.0,4047.0,4058.0,2113.0,85643320.0,416296.0
2023-03-21 09:00:00,4069.0,4076.0,4067.0,4071.0,9157.0,372780020.0,414504.0
2023-03-21 09:05:00,4071.0,4072.0,4064.0,4068.0,2718.0,110560280.0,414315.0
2023-03-21 09:10:00,4069.0,4072.0,4067.0,4070.0,2086.0,84893120.0,414195.0
2023-03-21 09:15:00,4070.0,4076.0,4067.0,4075.0,2647.0,107807510.0,414130.0
2023-03-21 09:20:00,4075.0,4081.0,4067.0,4068.0,3736.0,152219370.0,413856.0
2023-03-21 09:25:00,4067.0,4071.0,4062.0,4065.0,2234.0,90837100.0,414046.0
2023-03-21 09:30:00,4065.0,4070.0,4064.0,4064.0,1452.0,59045660.0,414087.0
2023-03-21 09:35:00,4064.0,4067.0,4061.0,4065.0,1575.0,63992780.0,414055.0
2023-03-21 09:40:00,4064.0,4065.0,4054.0,4058.0,3528.0,143169030.0,414598.0
2023-03-21 09:45:00,4058.0,4060.0,4053.0,4058.0,2083.0,84492410.0,415137.0
2023-03-21 09:50:00,4058.0,4060.0,4053.0,4056.0,1893.0,76784900.0,415248.0
2023-03-21 09:55:00,4055.0,4059.0,4055.0,4056.0,1526.0,61901010.0,415481.0
2023-03-21 10:00:00,4056.0,4063.0,4048.0,4062.0,4322.0,175252560.0,416001.0
2023-03-21 10:05:00,4062.0,4063.0,4055.0,4057.0,1562.0,63391700.0,415878.0
2023-03-21 10:10:00,4056.0,4058.0,4052.0,4055.0,1476.0,59855540.0,415754.0
2023-03-21 10:30:00,4056.0,4056.0,4034.0,4039.0,8085.0,327009810.0,417776.0
2023-03-21 10:35:00,4040.0,4045.0,4036.0,4036.0,4122.0,166538450.0,418831.0
2023-03-21 10:40:00,4036.0,4038.0,4027.0,4029.0,5476.0,220775540.0,420299.0
2023-03-21 10:45:00,4029.0,4034.0,4028.0,4034.0,3949.0,159201620.0,420721.0
2023-03-21 10:50:00,4034.0,4041.0,4032.0,4036.0,3559.0,143671810.0,420311.0
2023-03-21 10:55:00,4035.0,4039.0,4033.0,4034.0,2239.0,90372810.0,420489.0
2023-03-21 11:00:00,4034.0,4044.0,4034.0,4042.0,2950.0,119170440.0,420293.0
2023-03-21 11:05:00,4042.0,4046.0,4039.0,4040.0,2017.0,81540480.0,420188.0
2023-03-21 11:10:00,4039.0,4043.0,4036.0,4039.0,1717.0,69352400.0,420193.0
2023-03-21 11:15:00,4038.0,4040.0,4034.0,4035.0,1306.0,52705400.0,420253.0
2023-03-21 11:20:00,4034.0,4040.0,4031.0,4039.0,1624.0,65534950.0,420334.0
2023-03-21 11:25:00,4039.0,4041.0,4035.0,4038.0,1182.0,47727360.0,420237.0
2023-03-21 13:30:00,4043.0,4046.0,4028.0,4036.0,6220.0,251088310.0,421263.0
2023-03-21 13:35:00,4035.0,4036.0,4031.0,4035.0,1881.0,75864890.0,421363.0
2023-03-21 13:40:00,4034.0,4035.0,4024.0,4027.0,3937.0,158575540.0,422059.0
2023-03-21 13:45:00,4027.0,4030.0,4020.0,4022.0,3304.0,132952580.0,422718.0
2023-03-21 13:50:00,4021.0,4023.0,4016.0,4018.0,4579.0,184059430.0,423426.0
2023-03-21 13:55:00,4017.0,4021.0,3997.0,3999.0,17868.0,715647300.0,428633.0
2023-03-21 14:00:00,3999.0,4010.0,3996.0,4007.0,7811.0,312791820.0,430362.0
2023-03-21 14:05:00,4006.0,4010.0,4002.0,4003.0,4893.0,195994870.0,431924.0
2023-03-21 14:10:00,4003.0,4008.0,4003.0,4006.0,2043.0,81819940.0,432441.0
2023-03-21 14:15:00,4005.0,4010.0,4004.0,4007.0,2550.0,102181070.0,432670.0
2023-03-21 14:20:00,4006.0,4006.0,3998.0,4001.0,3729.0,149224350.0,433664.0
2023-03-21 14:25:00,4001.0,4002.0,3993.0,3994.0,5021.0,200653520.0,435283.0
2023-03-21 14:30:00,3994.0,3995.0,3984.0,3988.0,7887.0,314582210.0,436462.0
2023-03-21 14:35:00,3988.0,3991.0,3985.0,3990.0,2973.0,118568340.0,437181.0
2023-03-21 14:40:00,3989.0,3994.0,3987.0,3994.0,2999.0,119680220.0,437187.0
2023-03-21 14:45:00,3993.0,4004.0,3992.0,4002.0,5572.0,222864620.0,436611.0
2023-03-21 14:50:00,4001.0,4012.0,4001.0,4010.0,5978.0,239637890.0,435726.0
2023-03-21 14:55:00,4011.0,4023.0,4010.0,4022.0,6798.0,272898260.0,433288.0
2023-03-21 21:00:00,4046.0,4052.0,4027.0,4030.0,27746.0,1120322070.0,432883.0
2023-03-21 21:05:00,4030.0,4032.0,4024.0,4026.0,6570.0,264663540.0,433487.0
2023-03-21 21:10:00,4025.0,4031.0,4021.0,4030.0,4327.0,174155190.0,433789.0
2023-03-21 21:15:00,4029.0,4031.0,4022.0,4022.0,2741.0,110395470.0,434177.0
2023-03-21 21:20:00,4022.0,4023.0,4016.0,4020.0,3749.0,150647680.0,435035.0
2023-03-21 21:25:00,4019.0,4021.0,4016.0,4021.0,1627.0,65396400.0,435352.0
2023-03-21 21:30:00,4021.0,4027.0,4019.0,4023.0,3620.0,145666580.0,435696.0
2023-03-21 21:35:00,4022.0,4031.0,4022.0,4029.0,3423.0,137866580.0,435489.0
2023-03-21 21:40:00,4028.0,4029.0,4022.0,4024.0,2181.0,87782410.0,435919.0
2023-03-21 21:45:00,4025.0,4026.0,4020.0,4023.0,1571.0,63186690.0,436224.0
2023-03-21 21:50:00,4023.0,4026.0,4018.0,4019.0,2404.0,96677490.0,436566.0
2023-03-21 21:55:00,4020.0,4021.0,4016.0,4019.0,2078.0,83510430.0,436878.0
2023-03-21 22:00:00,4019.0,4024.0,4019.0,4021.0,1815.0,72994690.0,436925.0
2023-03-21 22:05:00,4021.0,4021.0,4018.0,4019.0,1399.0,56235730.0,437131.0
2023-03-21 22:10:00,4018.0,4023.0,4018.0,4019.0,1474.0,59260270.0,437163.0
2023-03-21 22:15:00,4020.0,4020.0,4011.0,4013.0,4828.0,193784820.0,437901.0
2023-03-21 22:20:00,4013.0,4013.0,4006.0,4009.0,3358.0,134633240.0,438459.0
2023-03-21 22:25:00,4009.0,4013.0,4007.0,4012.0,2447.0,98116770.0,438660.0
2023-03-21 22:30:00,4013.0,4015.0,4007.0,4013.0,2581.0,103523370.0,439045.0
2023-03-21 22:35:00,4013.0,4016.0,4010.0,4015.0,1402.0,56264930.0,438979.0
2023-03-21 22:40:00,4015.0,4016.0,4009.0,4009.0,1447.0,58059380.0,438887.0
2023-03-21 22:45:00,4010.0,4020.0,4009.0,4017.0,2426.0,97435480.0,438870.0
2023-03-21 22:50:00,4017.0,4018.0,4012.0,4014.0,1214.0,48737560.0,438703.0
2023-03-21 22:55:00,4015.0,4015.0,4007.0,4007.0,2828.0,113398060.0,438228.0
2023-03-22 09:00:00,4017.0,4020.0,4008.0,4016.0,6307.0,253125410.0,438836.0
2023-03-22 09:05:00,4016.0,4023.0,4014.0,4017.0,6282.0,252470280.0,438283.0
2023-03-22 09:10:00,4018.0,4023.0,4015.0,4020.0,2689.0,108084800.0,438390.0
2023-03-22 09:15:00,4021.0,4022.0,4014.0,4014.0,2047.0,82258880.0,438481.0
2023-03-22 09:20:00,4014.0,4015.0,4011.0,4014.0,1601.0,64247690.0,438568.0
2023-03-22 09:25:00,4014.0,4015.0,4011.0,4015.0,2147.0,86157180.0,439236.0
2023-03-22 09:30:00,4015.0,4016.0,4008.0,4008.0,2583.0,103585130.0,439885.0
2023-03-22 09:35:00,4009.0,4009.0,4002.0,4005.0,3587.0,143640220.0,440147.0
2023-03-22 09:40:00,4005.0,4008.0,4004.0,4007.0,1266.0,50713750.0,440440.0
2023-03-22 09:45:00,4007.0,4010.0,4001.0,4001.0,1915.0,76704650.0,440679.0
2023-03-22 09:50:00,4001.0,4008.0,3996.0,4005.0,3771.0,150892490.0,441065.0
2023-03-22 09:55:00,4005.0,4006.0,3999.0,4002.0,2175.0,87019930.0,441325.0
2023-03-22 10:00:00,4002.0,4024.0,4002.0,4018.0,6084.0,244358980.0,439153.0
2023-03-22 10:05:00,4019.0,4019.0,4003.0,4006.0,3264.0,130910630.0,439286.0
2023-03-22 10:10:00,4006.0,4014.0,4004.0,4014.0,1508.0,60438160.0,439278.0
2023-03-22 10:30:00,4015.0,4019.0,4008.0,4009.0,3159.0,126826400.0,439227.0
2023-03-22 10:35:00,4009.0,4017.0,4008.0,4016.0,1863.0,74763590.0,439165.0
2023-03-22 10:40:00,4015.0,4032.0,4013.0,4031.0,5937.0,238902610.0,436989.0
2023-03-22 10:45:00,4031.0,4067.0,4031.0,4062.0,24204.0,980678380.0,431515.0
2023-03-22 10:50:00,4062.0,4063.0,4048.0,4051.0,12462.0,505248880.0,428381.0
2023-03-22 10:55:00,4051.0,4064.0,4046.0,4056.0,8551.0,346795800.0,428018.0
2023-03-22 11:00:00,4055.0,4065.0,4051.0,4051.0,9042.0,366931210.0,427865.0
2023-03-22 11:05:00,4051.0,4055.0,4038.0,4040.0,7168.0,290013550.0,426714.0
2023-03-22 11:10:00,4039.0,4055.0,4038.0,4051.0,6464.0,261696350.0,426202.0
2023-03-22 11:15:00,4051.0,4062.0,4051.0,4055.0,5781.0,234562050.0,425948.0
2023-03-22 11:20:00,4055.0,4057.0,4051.0,4056.0,2889.0,117121710.0,425772.0
2023-03-22 11:25:00,4057.0,4076.0,4055.0,4071.0,10121.0,411808440.0,423754.0
2023-03-22 13:30:00,4071.0,4072.0,4060.0,4065.0,9125.0,371015660.0,420826.0
2023-03-22 13:35:00,4064.0,4065.0,4056.0,4058.0,3872.0,157245270.0,420401.0
2023-03-22 13:40:00,4058.0,4059.0,4040.0,4041.0,8943.0,362018940.0,421625.0
2023-03-22 13:45:00,4041.0,4048.0,4040.0,4046.0,3690.0,149245040.0,421674.0
2023-03-22 13:50:00,4045.0,4049.0,4042.0,4044.0,2233.0,90321040.0,421673.0
2023-03-22 13:55:00,4043.0,4043.0,4034.0,4040.0,4283.0,172957520.0,421939.0
2023-03-22 14:00:00,4040.0,4046.0,4039.0,4039.0,3022.0,122144910.0,421806.0
2023-03-22 14:05:00,4040.0,4046.0,4038.0,4045.0,3472.0,140361270.0,422674.0
2023-03-22 14:10:00,4045.0,4052.0,4045.0,4048.0,2785.0,112745770.0,422394.0
2023-03-22 14:15:00,4047.0,4055.0,4042.0,4047.0,6669.0,270023070.0,421680.0
2023-03-22 14:20:00,4046.0,4051.0,4045.0,4050.0,1647.0,66672090.0,421569.0
2023-03-22 14:25:00,4049.0,4057.0,4047.0,4056.0,2639.0,106942030.0,421675.0
2023-03-22 14:30:00,4055.0,4056.0,4049.0,4051.0,2673.0,108332030.0,421789.0
2023-03-22 14:35:00,4051.0,4051.0,4044.0,4046.0,2204.0,89197050.0,421619.0
2023-03-22 14:40:00,4046.0,4055.0,4046.0,4054.0,1947.0,78881570.0,421184.0
2023-03-22 14:45:00,4053.0,4059.0,4052.0,4059.0,2619.0,106203450.0,420369.0
2023-03-22 14:50:00,4059.0,4059.0,4051.0,4057.0,4310.0,174787240.0,418999.0
2023-03-22 14:55:00,4057.0,4069.0,4056.0,4066.0,6417.0,260623770.0,416474.0
2023-03-22 21:00:00,4070.0,4082.0,4070.0,4077.0,19777.0,805790400.0,413124.0
2023-03-22 21:05:00,4077.0,4082.0,4071.0,4075.0,8226.0,335358580.0,412140.0
2023-03-22 21:10:00,4076.0,4077.0,4071.0,4075.0,2960.0,120584990.0,412313.0
2023-03-22 21:15:00,4076.0,4080.0,4070.0,4070.0,3799.0,154836720.0,412096.0
2023-03-22 21:20:00,4070.0,4070.0,4065.0,4069.0,4538.0,184556230.0,412111.0
2023-03-22 21:25:00,4069.0,4069.0,4059.0,4062.0,3923.0,159355690.0,411752.0
2023-03-22 21:30:00,4062.0,4063.0,4054.0,4058.0,4918.0,199575730.0,411548.0
2023-03-22 21:35:00,4057.0,4062.0,4051.0,4052.0,3923.0,159131150.0,411314.0
2023-03-22 21:40:00,4052.0,4056.0,4052.0,4055.0,1724.0,69887770.0,411376.0
2023-03-22 21:45:00,4054.0,4058.0,4054.0,4054.0,1736.0,70411520.0,411463.0
2023-03-22 21:50:00,4054.0,4057.0,4049.0,4056.0,2095.0,84916690.0,411378.0
2023-03-22 21:55:00,4056.0,4056.0,4051.0,4052.0,1251.0,50712450.0,411357.0
2023-03-22 22:00:00,4052.0,4061.0,4052.0,4058.0,2788.0,113148690.0,411351.0
2023-03-22 22:05:00,4058.0,4067.0,4058.0,4065.0,2563.0,104152450.0,411325.0
2023-03-22 22:10:00,4065.0,4068.0,4057.0,4058.0,2819.0,114540010.0,411238.0
2023-03-22 22:15:00,4057.0,4061.0,4056.0,4061.0,1474.0,59811750.0,411115.0
2023-03-22 22:20:00,4060.0,4060.0,4057.0,4058.0,1090.0,44239410.0,410948.0
2023-03-22 22:25:00,4059.0,4062.0,4058.0,4058.0,881.0,35766970.0,410889.0
2023-03-22 22:30:00,4059.0,4074.0,4058.0,4067.0,3809.0,154944600.0,410663.0
2023-03-22 22:35:00,4067.0,4072.0,4064.0,4069.0,1348.0,54842180.0,410841.0
2023-03-22 22:40:00,4069.0,4073.0,4067.0,4070.0,1316.0,53568750.0,410816.0
2023-03-22 22:45:00,4071.0,4075.0,4070.0,4071.0,2036.0,82912710.0,410667.0
2023-03-22 22:50:00,4071.0,4080.0,4069.0,4079.0,3485.0,141999740.0,410371.0
2023-03-22 22:55:00,4079.0,4080.0,4074.0,4075.0,3946.0,160894640.0,408648.0
2023-03-23 09:00:00,4072.0,4076.0,4050.0,4051.0,9778.0,397047580.0,409099.0
2023-03-23 09:05:00,4052.0,4064.0,4052.0,4062.0,4363.0,177080280.0,409123.0
2023-03-23 09:10:00,4061.0,4073.0,4061.0,4072.0,4346.0,176785490.0,409472.0
2023-03-23 09:15:00,4073.0,4078.0,4067.0,4068.0,4123.0,167960450.0,409176.0
2023-03-23 09:20:00,4068.0,4069.0,4061.0,4066.0,3951.0,160611350.0,408981.0
2023-03-23 09:25:00,4067.0,4068.0,4060.0,4061.0,2235.0,90814520.0,408743.0
2023-03-23 09:30:00,4060.0,4065.0,4056.0,4057.0,3023.0,122750520.0,408652.0
2023-03-23 09:35:00,4057.0,4059.0,4047.0,4054.0,5315.0,215367900.0,407867.0
2023-03-23 09:40:00,4055.0,4060.0,4054.0,4054.0,2265.0,91881840.0,407884.0
2023-03-23 09:45:00,4055.0,4060.0,4051.0,4052.0,1397.0,56659370.0,407893.0
2023-03-23 09:50:00,4052.0,4056.0,4051.0,4056.0,1309.0,53062960.0,408030.0
2023-03-23 09:55:00,4055.0,4060.0,4052.0,4056.0,1617.0,65587870.0,408213.0
2023-03-23 10:00:00,4056.0,4058.0,4051.0,4053.0,1610.0,65273770.0,408391.0
2023-03-23 10:05:00,4053.0,4058.0,4052.0,4053.0,1712.0,69401620.0,408147.0
2023-03-23 10:10:00,4053.0,4058.0,4051.0,4056.0,1244.0,50436720.0,408078.0
2023-03-23 10:30:00,4056.0,4064.0,4055.0,4061.0,2763.0,112199370.0,407737.0
2023-03-23 10:35:00,4062.0,4063.0,4055.0,4057.0,1386.0,56251670.0,407756.0
2023-03-23 10:40:00,4057.0,4064.0,4056.0,4060.0,1427.0,57950420.0,407854.0
2023-03-23 10:45:00,4060.0,4061.0,4056.0,4058.0,1192.0,48369990.0,407597.0
2023-03-23 10:50:00,4059.0,4063.0,4055.0,4056.0,2569.0,104250530.0,408481.0
2023-03-23 10:55:00,4056.0,4056.0,4044.0,4047.0,4285.0,173521040.0,408927.0
2023-03-23 11:00:00,4047.0,4049.0,4041.0,4043.0,3688.0,149167500.0,409961.0
2023-03-23 11:05:00,4044.0,4047.0,4041.0,4046.0,2717.0,109883040.0,409824.0
2023-03-23 11:10:00,4045.0,4049.0,4043.0,4048.0,1394.0,56414160.0,409855.0
2023-03-23 11:15:00,4048.0,4051.0,4044.0,4047.0,1883.0,76202700.0,409934.0
2023-03-23 11:20:00,4046.0,4047.0,4041.0,4045.0,1676.0,67765620.0,410121.0
2023-03-23 11:25:00,4045.0,4047.0,4043.0,4044.0,1063.0,42999350.0,410010.0
2023-03-23 13:30:00,4044.0,4047.0,4032.0,4034.0,7543.0,304653600.0,411456.0
2023-03-23 13:35:00,4035.0,4043.0,4034.0,4043.0,4047.0,163426880.0,411345.0
2023-03-23 13:40:00,4044.0,4046.0,4038.0,4039.0,2647.0,106992160.0,411153.0
2023-03-23 13:45:00,4039.0,4042.0,4031.0,4031.0,3231.0,130397040.0,411470.0
2023-03-23 13:50:00,4032.0,4042.0,4031.0,4039.0,2382.0,96166780.0,411288.0
2023-03-23 13:55:00,4040.0,4042.0,4038.0,4041.0,1171.0,47306490.0,411245.0
2023-03-23 14:00:00,4040.0,4046.0,4040.0,4042.0,1953.0,78983920.0,410812.0
2023-03-23 14:05:00,4042.0,4052.0,4042.0,4045.0,2542.0,102906430.0,410370.0
2023-03-23 14:10:00,4046.0,4050.0,4043.0,4050.0,1285.0,51993730.0,410233.0
2023-03-23 14:15:00,4049.0,4054.0,4047.0,4051.0,2345.0,94989630.0,409999.0
2023-03-23 14:20:00,4051.0,4051.0,4045.0,4047.0,1382.0,55939390.0,410000.0
2023-03-23 14:25:00,4047.0,4058.0,4046.0,4057.0,2473.0,100239320.0,409568.0
2023-03-23 14:30:00,4057.0,4058.0,4049.0,4051.0,1661.0,67323280.0,409368.0
2023-03-23 14:35:00,4051.0,4054.0,4049.0,4051.0,1643.0,66565950.0,409661.0
2023-03-23 14:40:00,4051.0,4054.0,4048.0,4051.0,1427.0,57809480.0,409421.0
2023-03-23 14:45:00,4051.0,4051.0,4044.0,4048.0,1648.0,66687650.0,409375.0
2023-03-23 14:50:00,4048.0,4048.0,4042.0,4044.0,2307.0,93302330.0,409007.0
2023-03-23 14:55:00,4044.0,4053.0,4043.0,4052.0,3949.0,159904570.0,407751.0
2023-03-23 21:00:00,4042.0,4054.0,4038.0,4045.0,14017.0,566931070.0,407012.0
2023-03-23 21:05:00,4045.0,4051.0,4043.0,4045.0,3217.0,130194450.0,407476.0
2023-03-23 21:10:00,4045.0,4049.0,4043.0,4049.0,2544.0,102920440.0,407681.0
2023-03-23 21:15:00,4049.0,4057.0,4048.0,4053.0,4222.0,171172650.0,407534.0
2023-03-23 21:20:00,4053.0,4053.0,4048.0,4050.0,2016.0,81651790.0,407840.0
2023-03-23 21:25:00,4050.0,4061.0,4050.0,4059.0,3723.0,151048580.0,407641.0
2023-03-23 21:30:00,4058.0,4064.0,4057.0,4058.0,4723.0,191764100.0,407420.0
2023-03-23 21:35:00,4057.0,4058.0,4050.0,4055.0,2613.0,105942290.0,407368.0
2023-03-23 21:40:00,4055.0,4057.0,4047.0,4047.0,3248.0,131585560.0,407928.0
2023-03-23 21:45:00,4047.0,4054.0,4047.0,4048.0,3404.0,137856560.0,408732.0
2023-03-23 21:50:00,4049.0,4053.0,4047.0,4052.0,2154.0,87232970.0,408992.0
2023-03-23 21:55:00,4052.0,4053.0,4040.0,4043.0,4475.0,181006340.0,409832.0
2023-03-23 22:00:00,4043.0,4045.0,4032.0,4035.0,6526.0,263521030.0,411623.0
2023-03-23 22:05:00,4034.0,4036.0,4023.0,4031.0,11151.0,449178810.0,413992.0
2023-03-23 22:10:00,4031.0,4035.0,4031.0,4033.0,2304.0,92921590.0,414189.0
2023-03-23 22:15:00,4032.0,4033.0,4024.0,4027.0,3592.0,144691810.0,414803.0
2023-03-23 22:20:00,4027.0,4032.0,4024.0,4026.0,4038.0,162621140.0,415593.0
2023-03-23 22:25:00,4025.0,4029.0,4024.0,4024.0,2561.0,103126830.0,415958.0
2023-03-23 22:30:00,4025.0,4029.0,4018.0,4018.0,5451.0,219243210.0,416879.0
2023-03-23 22:35:00,4019.0,4023.0,4017.0,4018.0,3048.0,122499900.0,417411.0
2023-03-23 22:40:00,4018.0,4022.0,4016.0,4019.0,2791.0,112159810.0,418065.0
2023-03-23 22:45:00,4019.0,4033.0,4018.0,4032.0,3792.0,152739170.0,417218.0
2023-03-23 22:50:00,4032.0,4033.0,4025.0,4025.0,2910.0,117220870.0,417730.0
2023-03-23 22:55:00,4025.0,4028.0,4024.0,4027.0,2919.0,117519340.0,417417.0
2023-03-24 09:00:00,4012.0,4024.0,4012.0,4017.0,10415.0,418501040.0,417773.0
2023-03-24 09:05:00,4016.0,4016.0,4003.0,4005.0,8694.0,348418000.0,419806.0
2023-03-24 09:10:00,4005.0,4009.0,4001.0,4007.0,5460.0,218681540.0,420623.0
2023-03-24 09:15:00,4008.0,4013.0,4006.0,4007.0,3271.0,131166870.0,420753.0
2023-03-24 09:20:00,4007.0,4011.0,4006.0,4006.0,1969.0,78919780.0,421161.0
2023-03-24 09:25:00,4006.0,4011.0,4000.0,4010.0,3836.0,153598170.0,421849.0
2023-03-24 09:30:00,4010.0,4022.0,4009.0,4021.0,4285.0,172048190.0,421451.0
2023-03-24 09:35:00,4020.0,4029.0,4016.0,4016.0,4727.0,190134180.0,421229.0
2023-03-24 09:40:00,4016.0,4019.0,4011.0,4014.0,2317.0,93024010.0,421462.0
2023-03-24 09:45:00,4014.0,4016.0,4006.0,4012.0,2519.0,101013700.0,422175.0
2023-03-24 09:50:00,4012.0,4025.0,4012.0,4021.0,3716.0,149410970.0,422780.0
2023-03-24 09:55:00,4020.0,4022.0,4016.0,4017.0,1242.0,49909920.0,422686.0
2023-03-24 10:00:00,4017.0,4026.0,4016.0,4022.0,2141.0,86099030.0,422922.0
2023-03-24 10:05:00,4022.0,4029.0,4021.0,4028.0,2538.0,102167820.0,422369.0
2023-03-24 10:10:00,4028.0,4030.0,4022.0,4024.0,2978.0,119908250.0,422269.0
2023-03-24 10:30:00,4024.0,4040.0,4024.0,4039.0,8931.0,360320130.0,421324.0
2023-03-24 10:35:00,4038.0,4038.0,4028.0,4030.0,2863.0,115470090.0,420769.0
2023-03-24 10:40:00,4030.0,4038.0,4028.0,4038.0,2155.0,86927550.0,420484.0
2023-03-24 10:45:00,4038.0,4038.0,4033.0,4035.0,1847.0,74524980.0,420677.0
2023-03-24 10:50:00,4035.0,4039.0,4031.0,4038.0,2008.0,81040420.0,420547.0
2023-03-24 10:55:00,4038.0,4039.0,4022.0,4026.0,5155.0,207692650.0,419870.0
2023-03-24 11:00:00,4026.0,4026.0,4018.0,4020.0,3148.0,126598910.0,420445.0
2023-03-24 11:05:00,4021.0,4029.0,4021.0,4028.0,2247.0,90449300.0,420779.0
2023-03-24 11:10:00,4028.0,4031.0,4024.0,4030.0,1602.0,64531950.0,420785.0
2023-03-24 11:15:00,4030.0,4030.0,4025.0,4028.0,1143.0,46034110.0,420832.0
2023-03-24 11:20:00,4028.0,4034.0,4027.0,4030.0,1169.0,47115070.0,420743.0
2023-03-24 11:25:00,4029.0,4034.0,4029.0,4032.0,1306.0,52648640.0,420523.0
2023-03-24 13:30:00,4034.0,4039.0,4029.0,4038.0,4906.0,197960770.0,420298.0
2023-03-24 13:35:00,4037.0,4037.0,4031.0,4034.0,2441.0,98463130.0,420637.0
2023-03-24 13:40:00,4035.0,4035.0,4026.0,4028.0,2124.0,85606290.0,421029.0
2023-03-24 13:45:00,4027.0,4029.0,4023.0,4027.0,2982.0,120042320.0,421528.0
2023-03-24 13:50:00,4027.0,4034.0,4027.0,4033.0,1720.0,69348460.0,421540.0
2023-03-24 13:55:00,4033.0,4035.0,4028.0,4031.0,2211.0,89130250.0,421552.0
2023-03-24 14:00:00,4030.0,4047.0,4027.0,4044.0,5374.0,217094670.0,419965.0
2023-03-24 14:05:00,4043.0,4052.0,4042.0,4051.0,6206.0,251190570.0,418237.0
2023-03-24 14:10:00,4051.0,4056.0,4044.0,4052.0,5503.0,222897710.0,417397.0
2023-03-24 14:15:00,4052.0,4054.0,4049.0,4054.0,2998.0,121475380.0,416476.0
2023-03-24 14:20:00,4054.0,4055.0,4050.0,4054.0,2009.0,81412150.0,415902.0
2023-03-24 14:25:00,4055.0,4058.0,4053.0,4058.0,2985.0,121052210.0,415593.0
2023-03-24 14:30:00,4058.0,4058.0,4045.0,4049.0,3281.0,132854990.0,415141.0
2023-03-24 14:35:00,4048.0,4049.0,4045.0,4049.0,1897.0,76777340.0,415030.0
2023-03-24 14:40:00,4049.0,4053.0,4046.0,4051.0,2165.0,87682830.0,415279.0
2023-03-24 14:45:00,4050.0,4051.0,4041.0,4043.0,3309.0,133827890.0,415335.0
2023-03-24 14:50:00,4043.0,4045.0,4038.0,4038.0,3841.0,155236710.0,415208.0
2023-03-24 14:55:00,4038.0,4040.0,4032.0,4036.0,6251.0,252252660.0,415548.0
2023-03-24 21:00:00,4010.0,4021.0,3969.0,3982.0,34054.0,1362124380.0,420996.0
2023-03-24 21:05:00,3982.0,4009.0,3979.0,4003.0,16547.0,661138650.0,423498.0
2023-03-24 21:10:00,4003.0,4011.0,3995.0,3996.0,6734.0,269581150.0,423763.0
2023-03-24 21:15:00,3995.0,4017.0,3995.0,4011.0,8416.0,337445670.0,424115.0
2023-03-24 21:20:00,4011.0,4018.0,4010.0,4014.0,3778.0,151676420.0,424447.0
2023-03-24 21:25:00,4013.0,4029.0,4012.0,4025.0,7317.0,294379750.0,423371.0
2023-03-24 21:30:00,4025.0,4028.0,4019.0,4027.0,4566.0,183729760.0,423412.0
2023-03-24 21:35:00,4026.0,4026.0,4020.0,4023.0,3338.0,134307530.0,423321.0
2023-03-24 21:40:00,4023.0,4023.0,4012.0,4017.0,3686.0,148039090.0,423208.0
2023-03-24 21:45:00,4015.0,4022.0,4013.0,4020.0,2340.0,94037210.0,423296.0
2023-03-24 21:50:00,4021.0,4025.0,4017.0,4020.0,1969.0,79180620.0,423249.0
2023-03-24 21:55:00,4019.0,4026.0,4019.0,4026.0,2130.0,85700460.0,423003.0
2023-03-24 22:00:00,4027.0,4036.0,4021.0,4033.0,5850.0,235783740.0,421723.0
2023-03-24 22:05:00,4033.0,4045.0,4032.0,4045.0,6712.0,271134440.0,420727.0
2023-03-24 22:10:00,4045.0,4052.0,4041.0,4052.0,7032.0,284604410.0,419667.0
2023-03-24 22:15:00,4052.0,4053.0,4038.0,4042.0,4892.0,197772160.0,419346.0
2023-03-24 22:20:00,4041.0,4042.0,4026.0,4032.0,5428.0,218830810.0,419493.0
2023-03-24 22:25:00,4032.0,4034.0,4027.0,4027.0,2834.0,114239810.0,420185.0
2023-03-24 22:30:00,4028.0,4029.0,4024.0,4027.0,2584.0,104036160.0,420607.0
2023-03-24 22:35:00,4028.0,4029.0,4017.0,4018.0,3435.0,138157910.0,421123.0
2023-03-24 22:40:00,4018.0,4022.0,4016.0,4016.0,3693.0,148413880.0,421717.0
2023-03-24 22:45:00,4017.0,4022.0,4014.0,4015.0,3368.0,135308400.0,422061.0
2023-03-24 22:50:00,4015.0,4018.0,4012.0,4015.0,3709.0,148925120.0,422341.0
2023-03-24 22:55:00,4015.0,4016.0,4007.0,4009.0,4906.0,196733590.0,421644.0
2023-03-27 09:00:00,4021.0,4024.0,4008.0,4011.0,10854.0,435673910.0,424267.0
2023-03-27 09:05:00,4011.0,4011.0,3996.0,3999.0,9542.0,381812800.0,427422.0
2023-03-27 09:10:00,3999.0,4009.0,3997.0,4002.0,6954.0,278352380.0,429176.0
2023-03-27 09:15:00,4004.0,4013.0,4000.0,4010.0,4706.0,188634790.0,429024.0
2023-03-27 09:20:00,4010.0,4017.0,4008.0,4014.0,4280.0,171769700.0,429008.0
2023-03-27 09:25:00,4014.0,4031.0,4013.0,4024.0,7936.0,319222640.0,427902.0
2023-03-27 09:30:00,4023.0,4037.0,4019.0,4029.0,9256.0,372903960.0,427548.0
2023-03-27 09:35:00,4029.0,4037.0,4026.0,4036.0,4687.0,189017530.0,427040.0
2023-03-27 09:40:00,4036.0,4045.0,4036.0,4040.0,8193.0,331007940.0,425556.0
2023-03-27 09:45:00,4039.0,4040.0,4030.0,4036.0,4009.0,161720910.0,425150.0
2023-03-27 09:50:00,4036.0,4041.0,4033.0,4039.0,2524.0,101914450.0,425201.0
2023-03-27 09:55:00,4039.0,4043.0,4037.0,4040.0,2368.0,95672880.0,425161.0
2023-03-27 10:00:00,4041.0,4041.0,4031.0,4034.0,4304.0,173706240.0,424466.0
2023-03-27 10:05:00,4033.0,4038.0,4028.0,4033.0,2848.0,114832630.0,424522.0
2023-03-27 10:10:00,4032.0,4052.0,4031.0,4051.0,7422.0,300294140.0,423293.0
2023-03-27 10:30:00,4051.0,4068.0,4051.0,4067.0,15431.0,626615060.0,419376.0
2023-03-27 10:35:00,4066.0,4075.0,4062.0,4064.0,10418.0,423915560.0,417261.0
2023-03-27 10:40:00,4065.0,4069.0,4062.0,4066.0,4842.0,196866850.0,415866.0
2023-03-27 10:45:00,4065.0,4067.0,4054.0,4056.0,5719.0,232152150.0,414398.0
2023-03-27 10:50:00,4056.0,4063.0,4050.0,4059.0,4088.0,165852910.0,413503.0
2023-03-27 10:55:00,4059.0,4062.0,4053.0,4062.0,2888.0,117191710.0,413382.0
2023-03-27 11:00:00,4062.0,4064.0,4053.0,4054.0,2983.0,121014780.0,413070.0
2023-03-27 11:05:00,4054.0,4061.0,4052.0,4059.0,2015.0,81732200.0,412771.0
2023-03-27 11:10:00,4059.0,4063.0,4056.0,4056.0,1821.0,73920600.0,412692.0
2023-03-27 11:15:00,4057.0,4057.0,4047.0,4048.0,3057.0,123848340.0,412441.0
2023-03-27 11:20:00,4047.0,4050.0,4042.0,4047.0,3748.0,151634590.0,412173.0
2023-03-27 11:25:00,4047.0,4049.0,4046.0,4048.0,1369.0,55409830.0,412053.0
2023-03-27 13:30:00,4053.0,4064.0,4052.0,4063.0,5015.0,203434120.0,411869.0
2023-03-27 13:35:00,4063.0,4067.0,4059.0,4061.0,3837.0,155896350.0,411038.0
2023-03-27 13:40:00,4060.0,4067.0,4055.0,4065.0,3807.0,154653610.0,410441.0
2023-03-27 13:45:00,4065.0,4074.0,4061.0,4070.0,5350.0,217713320.0,409546.0
2023-03-27 13:50:00,4069.0,4086.0,4068.0,4080.0,9998.0,407732170.0,408244.0
2023-03-27 13:55:00,4081.0,4092.0,4081.0,4090.0,9470.0,387011330.0,407220.0
2023-03-27 14:00:00,4090.0,4093.0,4084.0,4085.0,7224.0,295336780.0,406326.0
2023-03-27 14:05:00,4085.0,4089.0,4078.0,4078.0,4597.0,187736210.0,405220.0
2023-03-27 14:10:00,4080.0,4084.0,4075.0,4081.0,3298.0,134534940.0,404648.0
2023-03-27 14:15:00,4081.0,4087.0,4081.0,4081.0,3101.0,126646870.0,403891.0
2023-03-27 14:20:00,4081.0,4082.0,4077.0,4080.0,1771.0,72245100.0,403804.0
2023-03-27 14:25:00,4080.0,4086.0,4078.0,4085.0,2586.0,105564180.0,403611.0
2023-03-27 14:30:00,4084.0,4088.0,4082.0,4085.0,2550.0,104173040.0,403365.0
2023-03-27 14:35:00,4085.0,4086.0,4081.0,4086.0,1909.0,77948390.0,402868.0
2023-03-27 14:40:00,4085.0,4086.0,4078.0,4079.0,2556.0,104356260.0,402527.0
2023-03-27 14:45:00,4080.0,4081.0,4074.0,4076.0,3359.0,136949940.0,402154.0
2023-03-27 14:50:00,4075.0,4082.0,4075.0,4079.0,3106.0,126690190.0,401438.0
2023-03-27 14:55:00,4080.0,4081.0,4072.0,4077.0,7774.0,316875030.0,398889.0
2023-03-27 21:00:00,4087.0,4096.0,4084.0,4089.0,20465.0,836974460.0,397642.0
2023-03-27 21:05:00,4089.0,4092.0,4081.0,4087.0,7618.0,311167130.0,397483.0
2023-03-27 21:10:00,4086.0,4095.0,4083.0,4089.0,5293.0,216468950.0,397467.0
2023-03-27 21:15:00,4089.0,4093.0,4089.0,4091.0,3452.0,141225530.0,396936.0
2023-03-27 21:20:00,4091.0,4099.0,4090.0,4096.0,4899.0,200586020.0,396584.0
2023-03-27 21:25:00,4096.0,4101.0,4092.0,4098.0,5604.0,229644550.0,396333.0
2023-03-27 21:30:00,4098.0,4100.0,4092.0,4095.0,3881.0,158974570.0,395771.0
2023-03-27 21:35:00,4095.0,4098.0,4091.0,4094.0,2563.0,104949220.0,395501.0
2023-03-27 21:40:00,4095.0,4108.0,4094.0,4103.0,5904.0,242183300.0,395072.0
2023-03-27 21:45:00,4104.0,4109.0,4103.0,4106.0,3759.0,154340390.0,394512.0
2023-03-27 21:50:00,4106.0,4109.0,4101.0,4102.0,2972.0,121990780.0,394035.0
2023-03-27 21:55:00,4101.0,4107.0,4100.0,4105.0,1992.0,81726950.0,393777.0
2023-03-27 22:00:00,4107.0,4110.0,4104.0,4108.0,2837.0,116515400.0,393338.0
2023-03-27 22:05:00,4109.0,4109.0,4097.0,4103.0,3286.0,134781300.0,392889.0
2023-03-27 22:10:00,4103.0,4103.0,4097.0,4101.0,1915.0,78522210.0,392948.0
2023-03-27 22:15:00,4101.0,4107.0,4101.0,4104.0,1671.0,68587880.0,392703.0
2023-03-27 22:20:00,4104.0,4106.0,4101.0,4102.0,1888.0,77463290.0,392345.0
2023-03-27 22:25:00,4102.0,4103.0,4100.0,4101.0,1066.0,43720640.0,392399.0
2023-03-27 22:30:00,4102.0,4103.0,4095.0,4100.0,2784.0,114072970.0,391495.0
2023-03-27 22:35:00,4100.0,4101.0,4095.0,4100.0,1533.0,62833670.0,391138.0
2023-03-27 22:40:00,4099.0,4101.0,4097.0,4099.0,929.0,38085010.0,391157.0
2023-03-27 22:45:00,4099.0,4107.0,4099.0,4104.0,1850.0,75925030.0,390855.0
2023-03-27 22:50:00,4105.0,4106.0,4102.0,4105.0,1860.0,76332270.0,390191.0
2023-03-27 22:55:00,4106.0,4114.0,4105.0,4111.0,4225.0,173605380.0,388513.0
2023-03-28 09:00:00,4123.0,4127.0,4112.0,4120.0,19411.0,799766720.0,387903.0
2023-03-28 09:05:00,4118.0,4122.0,4114.0,4117.0,5367.0,220992190.0,387614.0
2023-03-28 09:10:00,4117.0,4120.0,4113.0,4119.0,3266.0,134447420.0,387489.0
2023-03-28 09:15:00,4118.0,4123.0,4116.0,4122.0,4082.0,168196600.0,386822.0
2023-03-28 09:20:00,4122.0,4126.0,4117.0,4125.0,2506.0,103293130.0,386418.0
2023-03-28 09:25:00,4125.0,4129.0,4122.0,4128.0,4295.0,177200630.0,385624.0
2023-03-28 09:30:00,4128.0,4131.0,4123.0,4123.0,4600.0,189859930.0,385118.0
2023-03-28 09:35:00,4124.0,4128.0,4123.0,4125.0,2286.0,94285270.0,384797.0
2023-03-28 09:40:00,4124.0,4129.0,4122.0,4128.0,2473.0,102036870.0,384741.0
2023-03-28 09:45:00,4128.0,4130.0,4124.0,4128.0,1957.0,80775920.0,384766.0
2023-03-28 09:50:00,4127.0,4130.0,4122.0,4129.0,2114.0,87218970.0,384245.0
2023-03-28 09:55:00,4129.0,4141.0,4129.0,4140.0,6174.0,255279400.0,383272.0
2023-03-28 10:00:00,4139.0,4144.0,4132.0,4143.0,7626.0,315680100.0,382590.0
2023-03-28 10:05:00,4144.0,4146.0,4138.0,4141.0,4988.0,206609800.0,381518.0
2023-03-28 10:10:00,4141.0,4144.0,4138.0,4142.0,2775.0,114906990.0,381117.0
2023-03-28 10:30:00,4142.0,4148.0,4140.0,4146.0,5389.0,223358740.0,380177.0
2023-03-28 10:35:00,4146.0,4147.0,4139.0,4143.0,3724.0,154260550.0,379638.0
2023-03-28 10:40:00,4143.0,4145.0,4139.0,4144.0,1916.0,79364530.0,379450.0
2023-03-28 10:45:00,4143.0,4144.0,4138.0,4139.0,2845.0,117808350.0,379331.0
2023-03-28 10:50:00,4139.0,4149.0,4138.0,4145.0,3901.0,161649980.0,378718.0
2023-03-28 10:55:00,4145.0,4147.0,4141.0,4143.0,2016.0,83525880.0,378522.0
2023-03-28 11:00:00,4143.0,4147.0,4141.0,4143.0,1680.0,69611260.0,378366.0
2023-03-28 11:05:00,4143.0,4147.0,4140.0,4141.0,3027.0,125412890.0,377766.0
2023-03-28 11:10:00,4141.0,4148.0,4138.0,4141.0,3893.0,161288500.0,376807.0
2023-03-28 11:15:00,4141.0,4141.0,4134.0,4134.0,3719.0,153892380.0,375872.0
2023-03-28 11:20:00,4134.0,4142.0,4132.0,4138.0,3421.0,141518610.0,375067.0
2023-03-28 11:25:00,4138.0,4145.0,4137.0,4143.0,3180.0,131693870.0,374568.0
2023-03-28 13:30:00,4143.0,4147.0,4137.0,4143.0,4052.0,167866540.0,374178.0
2023-03-28 13:35:00,4142.0,4144.0,4137.0,4138.0,2452.0,101519930.0,373904.0
2023-03-28 13:40:00,4138.0,4140.0,4132.0,4136.0,3309.0,136862960.0,373308.0
2023-03-28 13:45:00,4135.0,4141.0,4133.0,4141.0,2237.0,92521790.0,372763.0
2023-03-28 13:50:00,4141.0,4142.0,4137.0,4138.0,1993.0,82506170.0,372107.0
2023-03-28 13:55:00,4139.0,4139.0,4133.0,4135.0,2190.0,90559660.0,371382.0
2023-03-28 14:00:00,4136.0,4139.0,4130.0,4131.0,3358.0,138864000.0,370963.0
2023-03-28 14:05:00,4131.0,4135.0,4129.0,4134.0,2491.0,102939230.0,370824.0
2023-03-28 14:10:00,4134.0,4140.0,4133.0,4133.0,1991.0,82358410.0,370413.0
2023-03-28 14:15:00,4133.0,4142.0,4133.0,4139.0,1982.0,82034520.0,369975.0
2023-03-28 14:20:00,4140.0,4142.0,4138.0,4139.0,1618.0,66982980.0,369522.0
2023-03-28 14:25:00,4139.0,4145.0,4137.0,4144.0,1667.0,69042250.0,369283.0
2023-03-28 14:30:00,4144.0,4146.0,4142.0,4146.0,2439.0,101075510.0,368696.0
2023-03-28 14:35:00,4146.0,4154.0,4145.0,4150.0,7470.0,310040310.0,366771.0
2023-03-28 14:40:00,4149.0,4154.0,4149.0,4153.0,3008.0,124891620.0,366173.0
2023-03-28 14:45:00,4151.0,4153.0,4145.0,4147.0,4325.0,179415750.0,365856.0
2023-03-28 14:50:00,4147.0,4147.0,4140.0,4142.0,4682.0,193981670.0,365182.0
2023-03-28 14:55:00,4141.0,4147.0,4139.0,4143.0,5740.0,237817530.0,363425.0
2023-03-28 21:00:00,4159.0,4167.0,4154.0,4167.0,21071.0,876475600.0,361367.0
2023-03-28 21:05:00,4167.0,4172.0,4162.0,4171.0,10327.0,430427830.0,360402.0
2023-03-28 21:10:00,4172.0,4174.0,4166.0,4169.0,4050.0,168804440.0,359885.0
2023-03-28 21:15:00,4169.0,4170.0,4158.0,4160.0,5474.0,227943170.0,359554.0
2023-03-28 21:20:00,4160.0,4162.0,4156.0,4159.0,2871.0,119406280.0,359499.0
2023-03-28 21:25:00,4159.0,4161.0,4156.0,4158.0,1817.0,75562610.0,359588.0
2023-03-28 21:30:00,4158.0,4164.0,4155.0,4161.0,2801.0,116501230.0,359220.0
2023-03-28 21:35:00,4162.0,4164.0,4157.0,4159.0,1437.0,59790470.0,359015.0
2023-03-28 21:40:00,4159.0,4160.0,4152.0,4152.0,3006.0,124868220.0,358876.0
2023-03-28 21:45:00,4153.0,4157.0,4152.0,4156.0,1673.0,69493190.0,358790.0
2023-03-28 21:50:00,4155.0,4162.0,4155.0,4158.0,2012.0,83681960.0,358633.0
2023-03-28 21:55:00,4158.0,4160.0,4155.0,4155.0,1185.0,49268730.0,358691.0
2023-03-28 22:00:00,4155.0,4160.0,4155.0,4155.0,1272.0,52878600.0,358836.0
2023-03-28 22:05:00,4156.0,4161.0,4152.0,4159.0,2318.0,96366150.0,358568.0
2023-03-28 22:10:00,4159.0,4159.0,4156.0,4157.0,1298.0,53961330.0,358314.0
2023-03-28 22:15:00,4157.0,4158.0,4151.0,4155.0,2972.0,123442080.0,357546.0
2023-03-28 22:20:00,4155.0,4159.0,4154.0,4158.0,1779.0,73938940.0,357230.0
2023-03-28 22:25:00,4158.0,4160.0,4156.0,4160.0,1433.0,59590660.0,357039.0
2023-03-28 22:30:00,4160.0,4163.0,4156.0,4159.0,2516.0,104654600.0,356634.0
2023-03-28 22:35:00,4158.0,4160.0,4157.0,4158.0,1094.0,45491520.0,356283.0
2023-03-28 22:40:00,4158.0,4159.0,4155.0,4159.0,714.0,29679780.0,356206.0
2023-03-28 22:45:00,4158.0,4160.0,4156.0,4158.0,867.0,36053630.0,355837.0
2023-03-28 22:50:00,4158.0,4161.0,4155.0,4157.0,1410.0,58635750.0,355393.0
2023-03-28 22:55:00,4159.0,4165.0,4157.0,4164.0,2079.0,86509040.0,354395.0
2023-03-29 09:00:00,4169.0,4172.0,4163.0,4164.0,6324.0,263589760.0,353441.0
2023-03-29 09:05:00,4164.0,4167.0,4158.0,4161.0,4005.0,166697310.0,352910.0
2023-03-29 09:10:00,4161.0,4163.0,4156.0,4159.0,2553.0,106177730.0,352613.0
2023-03-29 09:15:00,4159.0,4162.0,4155.0,4157.0,2676.0,111269240.0,352035.0
2023-03-29 09:20:00,4156.0,4158.0,4146.0,4148.0,3893.0,161627570.0,351556.0
2023-03-29 09:25:00,4148.0,4157.0,4148.0,4149.0,4114.0,170813490.0,350733.0
2023-03-29 09:30:00,4150.0,4155.0,4148.0,4153.0,2394.0,99415520.0,350140.0
2023-03-29 09:35:00,4154.0,4155.0,4150.0,4150.0,1464.0,60799890.0,350158.0
2023-03-29 09:40:00,4150.0,4152.0,4138.0,4140.0,5951.0,246610560.0,349305.0
2023-03-29 09:45:00,4140.0,4146.0,4139.0,4142.0,4580.0,189717040.0,349491.0
2023-03-29 09:50:00,4142.0,4150.0,4142.0,4146.0,3207.0,132995870.0,349521.0
2023-03-29 09:55:00,4147.0,4147.0,4140.0,4145.0,2656.0,110065900.0,349413.0
2023-03-29 10:00:00,4145.0,4147.0,4134.0,4137.0,5102.0,211158130.0,348590.0
2023-03-29 10:05:00,4138.0,4140.0,4131.0,4135.0,5165.0,213578360.0,348540.0
2023-03-29 10:10:00,4132.0,4136.0,4131.0,4134.0,2275.0,94051510.0,348245.0
2023-03-29 10:30:00,4135.0,4141.0,4135.0,4138.0,3715.0,153758270.0,348115.0
2023-03-29 10:35:00,4138.0,4139.0,4126.0,4127.0,6079.0,251097580.0,348174.0
2023-03-29 10:40:00,4128.0,4129.0,4122.0,4124.0,5479.0,226051700.0,347456.0
2023-03-29 10:45:00,4125.0,4133.0,4125.0,4126.0,3354.0,138496050.0,346915.0
2023-03-29 10:50:00,4126.0,4135.0,4126.0,4129.0,2293.0,94729510.0,346553.0
2023-03-29 10:55:00,4129.0,4132.0,4126.0,4129.0,2178.0,89922730.0,346394.0
2023-03-29 11:00:00,4129.0,4131.0,4121.0,4123.0,3204.0,132179200.0,346101.0
2023-03-29 11:05:00,4124.0,4131.0,4122.0,4129.0,2415.0,99657810.0,345799.0
2023-03-29 11:10:00,4128.0,4132.0,4126.0,4128.0,1457.0,60158920.0,345690.0
2023-03-29 11:15:00,4128.0,4132.0,4123.0,4126.0,2301.0,94961590.0,345638.0
2023-03-29 11:20:00,4126.0,4126.0,4114.0,4115.0,4429.0,182450710.0,345446.0
2023-03-29 11:25:00,4115.0,4118.0,4110.0,4111.0,5147.0,211692840.0,345049.0
2023-03-29 13:30:00,4111.0,4121.0,4110.0,4118.0,4527.0,186291910.0,345149.0
2023-03-29 13:35:00,4117.0,4121.0,4116.0,4121.0,2559.0,105403070.0,345381.0
2023-03-29 13:40:00,4121.0,4126.0,4117.0,4123.0,2987.0,123079540.0,345250.0
2023-03-29 13:45:00,4124.0,4125.0,4118.0,4120.0,3071.0,126568880.0,344942.0
2023-03-29 13:50:00,4120.0,4124.0,4115.0,4118.0,2495.0,102737370.0,344774.0
2023-03-29 13:55:00,4118.0,4123.0,4116.0,4119.0,2045.0,84244990.0,344861.0
2023-03-29 14:00:00,4119.0,4122.0,4117.0,4118.0,2026.0,83465240.0,344777.0
2023-03-29 14:05:00,4119.0,4122.0,4115.0,4120.0,1654.0,68107950.0,344702.0
2023-03-29 14:10:00,4120.0,4120.0,4114.0,4116.0,1706.0,70239520.0,344849.0
2023-03-29 14:15:00,4117.0,4126.0,4116.0,4125.0,2573.0,106049680.0,344498.0
2023-03-29 14:20:00,4125.0,4129.0,4123.0,4128.0,2941.0,121364120.0,344116.0
2023-03-29 14:25:00,4127.0,4136.0,4127.0,4132.0,4388.0,181337970.0,343694.0
2023-03-29 14:30:00,4132.0,4136.0,4128.0,4135.0,2389.0,98712760.0,343298.0
2023-03-29 14:35:00,4137.0,4137.0,4128.0,4129.0,2671.0,110366490.0,343227.0
2023-03-29 14:40:00,4129.0,4132.0,4127.0,4131.0,1723.0,71152090.0,343013.0
2023-03-29 14:45:00,4130.0,4136.0,4127.0,4133.0,2569.0,106171570.0,342694.0
2023-03-29 14:50:00,4133.0,4137.0,4130.0,4135.0,2822.0,116648350.0,342390.0
2023-03-29 14:55:00,4136.0,4145.0,4135.0,4143.0,6022.0,249289600.0,340843.0
2023-03-29 21:00:00,4152.0,4159.0,4151.0,4157.0,18317.0,761015760.0,338627.0
2023-03-29 21:05:00,4157.0,4157.0,4147.0,4148.0,4867.0,202059810.0,337784.0
2023-03-29 21:10:00,4147.0,4148.0,4141.0,4143.0,3803.0,157614630.0,337793.0
2023-03-29 21:15:00,4143.0,4147.0,4139.0,4141.0,2728.0,113026730.0,337833.0
2023-03-29 21:20:00,4141.0,4145.0,4140.0,4143.0,1516.0,62799200.0,337770.0
2023-03-29 21:25:00,4143.0,4146.0,4138.0,4142.0,2211.0,91583660.0,337866.0
2023-03-29 21:30:00,4143.0,4149.0,4141.0,4144.0,2828.0,117223440.0,338009.0
2023-03-29 21:35:00,4143.0,4149.0,4143.0,4148.0,1996.0,82774070.0,338115.0
2023-03-29 21:40:00,4149.0,4152.0,4144.0,4146.0,3316.0,137550250.0,338459.0
2023-03-29 21:45:00,4146.0,4146.0,4138.0,4140.0,3396.0,140621150.0,338652.0
2023-03-29 21:50:00,4139.0,4146.0,4139.0,4142.0,1707.0,70722210.0,338667.0
2023-03-29 21:55:00,4142.0,4143.0,4134.0,4139.0,3202.0,132483190.0,339189.0
2023-03-29 22:00:00,4139.0,4140.0,4138.0,4140.0,861.0,35636390.0,339248.0
2023-03-29 22:05:00,4140.0,4140.0,4134.0,4139.0,1356.0,56100220.0,339105.0
2023-03-29 22:10:00,4139.0,4145.0,4138.0,4143.0,1913.0,79254780.0,339179.0
2023-03-29 22:15:00,4142.0,4142.0,4139.0,4141.0,824.0,34116460.0,339364.0
2023-03-29 22:20:00,4141.0,4142.0,4138.0,4139.0,848.0,35107640.0,339336.0
2023-03-29 22:25:00,4140.0,4142.0,4138.0,4140.0,1255.0,51957000.0,339114.0
2023-03-29 22:30:00,4141.0,4146.0,4140.0,4142.0,2170.0,89927230.0,339038.0
2023-03-29 22:35:00,4142.0,4143.0,4135.0,4138.0,1869.0,77349040.0,339183.0
2023-03-29 22:40:00,4138.0,4138.0,4132.0,4136.0,2194.0,90713690.0,339135.0
2023-03-29 22:45:00,4135.0,4138.0,4131.0,4132.0,1800.0,74415850.0,338873.0
2023-03-29 22:50:00,4132.0,4138.0,4131.0,4137.0,1292.0,53428400.0,338412.0
2023-03-29 22:55:00,4137.0,4138.0,4129.0,4130.0,2445.0,101071490.0,337768.0
2023-03-30 09:00:00,4125.0,4130.0,4116.0,4128.0,8040.0,331531830.0,337631.0
2023-03-30 09:05:00,4128.0,4132.0,4125.0,4126.0,3289.0,135804290.0,337537.0
2023-03-30 09:10:00,4126.0,4127.0,4119.0,4120.0,3179.0,131029890.0,338073.0
2023-03-30 09:15:00,4121.0,4126.0,4115.0,4122.0,2817.0,116061530.0,338199.0
2023-03-30 09:20:00,4123.0,4124.0,4117.0,4118.0,2406.0,99125680.0,338536.0
2023-03-30 09:25:00,4119.0,4119.0,4111.0,4113.0,3300.0,135787690.0,338457.0
2023-03-30 09:30:00,4115.0,4120.0,4113.0,4118.0,2408.0,99143560.0,339285.0
2023-03-30 09:35:00,4119.0,4122.0,4112.0,4114.0,2752.0,113306610.0,339433.0
2023-03-30 09:40:00,4114.0,4116.0,4106.0,4108.0,5051.0,207583490.0,339809.0
2023-03-30 09:45:00,4107.0,4110.0,4103.0,4109.0,3699.0,151911850.0,340283.0
2023-03-30 09:50:00,4109.0,4113.0,4109.0,4112.0,1550.0,63726110.0,340268.0
2023-03-30 09:55:00,4112.0,4113.0,4106.0,4107.0,2075.0,85251100.0,340535.0
2023-03-30 10:00:00,4107.0,4117.0,4106.0,4115.0,2314.0,95157950.0,340717.0
2023-03-30 10:05:00,4115.0,4120.0,4113.0,4114.0,1727.0,71093840.0,340126.0
2023-03-30 10:10:00,4115.0,4118.0,4111.0,4117.0,1084.0,44600310.0,339948.0
2023-03-30 10:30:00,4116.0,4120.0,4110.0,4112.0,2668.0,109800010.0,339898.0
2023-03-30 10:35:00,4111.0,4113.0,4108.0,4109.0,1661.0,68273770.0,340104.0
2023-03-30 10:40:00,4110.0,4113.0,4109.0,4111.0,1201.0,49368520.0,340096.0
2023-03-30 10:45:00,4111.0,4111.0,4089.0,4095.0,12590.0,515748950.0,342404.0
2023-03-30 10:50:00,4094.0,4095.0,4076.0,4078.0,12253.0,500206690.0,343567.0
2023-03-30 10:55:00,4078.0,4080.0,4060.0,4061.0,13077.0,532284800.0,345781.0
2023-03-30 11:00:00,4062.0,4073.0,4062.0,4070.0,8092.0,329191450.0,345971.0
2023-03-30 11:05:00,4070.0,4074.0,4067.0,4071.0,4161.0,169373620.0,345886.0
2023-03-30 11:10:00,4071.0,4079.0,4069.0,4073.0,4579.0,186582680.0,345825.0
2023-03-30 11:15:00,4074.0,4084.0,4072.0,4078.0,5061.0,206450620.0,345678.0
2023-03-30 11:20:00,4079.0,4081.0,4076.0,4080.0,2459.0,100297410.0,345719.0
2023-03-30 11:25:00,4079.0,4084.0,4078.0,4083.0,2355.0,96105380.0,345500.0
2023-03-30 13:30:00,4082.0,4092.0,4080.0,4089.0,5981.0,244343520.0,344663.0
2023-03-30 13:35:00,4090.0,4090.0,4079.0,4081.0,4093.0,167129420.0,344328.0
2023-03-30 13:40:00,4081.0,4082.0,4078.0,4080.0,1781.0,72671080.0,344384.0
2023-03-30 13:45:00,4081.0,4089.0,4080.0,4087.0,2322.0,94849440.0,344151.0
2023-03-30 13:50:00,4087.0,4095.0,4086.0,4093.0,4204.0,171960460.0,343902.0
2023-03-30 13:55:00,4094.0,4095.0,4087.0,4088.0,2983.0,122031880.0,344313.0
2023-03-30 14:00:00,4089.0,4091.0,4085.0,4090.0,2582.0,105558500.0,344179.0
2023-03-30 14:05:00,4090.0,4090.0,4087.0,4088.0,1153.0,47145630.0,344098.0
2023-03-30 14:10:00,4089.0,4089.0,4081.0,4082.0,2257.0,92183390.0,344144.0
2023-03-30 14:15:00,4081.0,4081.0,4077.0,4079.0,2938.0,119851620.0,344772.0
2023-03-30 14:20:00,4080.0,4080.0,4075.0,4077.0,2340.0,95406660.0,345124.0
2023-03-30 14:25:00,4077.0,4077.0,4071.0,4076.0,4207.0,171410970.0,345802.0
2023-03-30 14:30:00,4076.0,4084.0,4075.0,4082.0,4107.0,167556510.0,344644.0
2023-03-30 14:35:00,4081.0,4083.0,4079.0,4079.0,1060.0,43248190.0,344766.0
2023-03-30 14:40:00,4080.0,4082.0,4078.0,4079.0,5300.0,216254150.0,344402.0
2023-03-30 14:45:00,4079.0,4084.0,4078.0,4083.0,2358.0,96230900.0,343973.0
2023-03-30 14:50:00,4084.0,4088.0,4083.0,4088.0,3270.0,133597560.0,343309.0
2023-03-30 14:55:00,4088.0,4090.0,4079.0,4089.0,5763.0,235372510.0,341840.0
2023-03-30 21:00:00,4082.0,4115.0,4082.0,4114.0,24655.0,1010863600.0,337698.0
2023-03-30 21:05:00,4115.0,4134.0,4109.0,4127.0,18808.0,775356200.0,333265.0
2023-03-30 21:10:00,4127.0,4127.0,4118.0,4120.0,5873.0,242111070.0,332429.0
2023-03-30 21:15:00,4120.0,4126.0,4118.0,4121.0,3433.0,141508770.0,332245.0
2023-03-30 21:20:00,4121.0,4125.0,4116.0,4123.0,3686.0,151901970.0,332455.0
2023-03-30 21:25:00,4123.0,4130.0,4122.0,4129.0,3663.0,151131240.0,332319.0
2023-03-30 21:30:00,4129.0,4130.0,4124.0,4127.0,2496.0,103002160.0,332495.0
2023-03-30 21:35:00,4126.0,4132.0,4126.0,4131.0,2830.0,116875160.0,332697.0
2023-03-30 21:40:00,4131.0,4131.0,4126.0,4128.0,1942.0,80153480.0,332367.0
2023-03-30 21:45:00,4129.0,4135.0,4126.0,4135.0,2747.0,113451840.0,331965.0
2023-03-30 21:50:00,4135.0,4137.0,4128.0,4131.0,4500.0,185958960.0,331648.0
2023-03-30 21:55:00,4131.0,4135.0,4131.0,4133.0,1761.0,72788470.0,331707.0
2023-03-30 22:00:00,4133.0,4138.0,4128.0,4130.0,3465.0,143223140.0,331662.0
2023-03-30 22:05:00,4130.0,4134.0,4129.0,4132.0,2071.0,85561260.0,331802.0
2023-03-30 22:10:00,4132.0,4134.0,4128.0,4130.0,2808.0,116008400.0,331865.0
2023-03-30 22:15:00,4130.0,4134.0,4129.0,4130.0,2086.0,86186410.0,332091.0
2023-03-30 22:20:00,4129.0,4133.0,4125.0,4132.0,3943.0,162776810.0,331930.0
2023-03-30 22:25:00,4132.0,4147.0,4132.0,4145.0,8392.0,347429760.0,330586.0
2023-03-30 22:30:00,4146.0,4155.0,4143.0,4155.0,8500.0,352686510.0,331082.0
2023-03-30 22:35:00,4155.0,4157.0,4150.0,4155.0,5273.0,219034330.0,330597.0
2023-03-30 22:40:00,4156.0,4157.0,4150.0,4154.0,3837.0,159369470.0,329911.0
2023-03-30 22:45:00,4153.0,4154.0,4147.0,4148.0,2965.0,123034660.0,329544.0
2023-03-30 22:50:00,4150.0,4153.0,4146.0,4152.0,2293.0,95145250.0,328823.0
2023-03-30 22:55:00,4153.0,4155.0,4147.0,4151.0,3438.0,142718770.0,327737.0
2023-03-31 09:00:00,4155.0,4155.0,4138.0,4146.0,9315.0,386209450.0,327508.0
2023-03-31 09:05:00,4147.0,4149.0,4139.0,4148.0,3442.0,142611000.0,327409.0
2023-03-31 09:10:00,4148.0,4154.0,4145.0,4149.0,3508.0,145578370.0,326748.0
2023-03-31 09:15:00,4151.0,4153.0,4148.0,4149.0,1954.0,81091200.0,326577.0
2023-03-31 09:20:00,4149.0,4155.0,4147.0,4152.0,2822.0,117157920.0,326407.0
2023-03-31 09:25:00,4152.0,4154.0,4145.0,4152.0,3151.0,130759130.0,326544.0
2023-03-31 09:30:00,4152.0,4152.0,4146.0,4149.0,1987.0,82439930.0,326666.0
2023-03-31 09:35:00,4149.0,4150.0,4142.0,4148.0,2179.0,90336830.0,326586.0
2023-03-31 09:40:00,4147.0,4150.0,4146.0,4147.0,1155.0,47907580.0,326580.0
2023-03-31 09:45:00,4146.0,4149.0,4145.0,4146.0,1182.0,49017340.0,326629.0
2023-03-31 09:50:00,4147.0,4150.0,4146.0,4149.0,927.0,38452960.0,326429.0
2023-03-31 09:55:00,4150.0,4150.0,4146.0,4148.0,1114.0,46208490.0,326107.0
2023-03-31 10:00:00,4148.0,4153.0,4143.0,4151.0,3710.0,153949210.0,325442.0
2023-03-31 10:05:00,4151.0,4152.0,4141.0,4143.0,3068.0,127163640.0,325584.0
2023-03-31 10:10:00,4142.0,4144.0,4138.0,4142.0,2693.0,111501780.0,325778.0
2023-03-31 10:30:00,4143.0,4149.0,4143.0,4146.0,1996.0,82758570.0,325744.0
2023-03-31 10:35:00,4146.0,4153.0,4146.0,4150.0,1975.0,81957380.0,325671.0
2023-03-31 10:40:00,4150.0,4151.0,4145.0,4150.0,1700.0,70530010.0,325977.0
2023-03-31 10:45:00,4149.0,4155.0,4149.0,4154.0,1842.0,76480640.0,325919.0
2023-03-31 10:50:00,4154.0,4162.0,4153.0,4162.0,7248.0,301401130.0,325789.0
2023-03-31 10:55:00,4161.0,4166.0,4159.0,4160.0,5124.0,213330170.0,325468.0
2023-03-31 11:00:00,4160.0,4163.0,4151.0,4154.0,3627.0,150767370.0,324838.0
2023-03-31 11:05:00,4154.0,4154.0,4147.0,4149.0,2828.0,117372090.0,324411.0
2023-03-31 11:10:00,4149.0,4149.0,4143.0,4145.0,2240.0,92878470.0,324251.0
2023-03-31 11:15:00,4144.0,4151.0,4143.0,4151.0,1706.0,70768880.0,324134.0
2023-03-31 11:20:00,4151.0,4154.0,4150.0,4151.0,1255.0,52116730.0,323962.0
2023-03-31 11:25:00,4153.0,4153.0,4148.0,4153.0,1551.0,64370760.0,323613.0
2023-03-31 13:30:00,4153.0,4157.0,4150.0,4151.0,3204.0,133087490.0,323869.0
2023-03-31 13:35:00,4152.0,4154.0,4149.0,4151.0,1407.0,58411670.0,323713.0
2023-03-31 13:40:00,4151.0,4156.0,4149.0,4156.0,1114.0,46259310.0,323501.0
2023-03-31 13:45:00,4156.0,4159.0,4154.0,4154.0,2176.0,90451660.0,323388.0
2023-03-31 13:50:00,4155.0,4155.0,4149.0,4150.0,1502.0,62357930.0,323391.0
2023-03-31 13:55:00,4151.0,4152.0,4149.0,4151.0,1032.0,42832580.0,323275.0
2023-03-31 14:00:00,4151.0,4157.0,4151.0,4152.0,1499.0,62264370.0,323160.0
2023-03-31 14:05:00,4153.0,4155.0,4148.0,4149.0,1720.0,71391610.0,323159.0
2023-03-31 14:10:00,4150.0,4157.0,4150.0,4154.0,1594.0,66213870.0,322861.0
2023-03-31 14:15:00,4155.0,4158.0,4154.0,4156.0,1134.0,47134410.0,322866.0
2023-03-31 14:20:00,4156.0,4158.0,4151.0,4153.0,1487.0,61768440.0,322489.0
2023-03-31 14:25:00,4154.0,4155.0,4147.0,4149.0,1653.0,68616020.0,322267.0
2023-03-31 14:30:00,4150.0,4154.0,4149.0,4152.0,1675.0,69532980.0,321796.0
2023-03-31 14:35:00,4152.0,4160.0,4152.0,4157.0,3287.0,136610270.0,321256.0
2023-03-31 14:40:00,4157.0,4163.0,4157.0,4163.0,3893.0,161958520.0,320723.0
2023-03-31 14:45:00,4162.0,4162.0,4159.0,4160.0,2544.0,105848860.0,321048.0
2023-03-31 14:50:00,4159.0,4161.0,4157.0,4160.0,3575.0,148710000.0,320134.0
2023-03-31 14:55:00,4160.0,4161.0,4147.0,4148.0,6708.0,278591800.0,318462.0
2023-03-31 21:00:00,4153.0,4172.0,4146.0,4167.0,21174.0,880580570.0,319348.0
2023-03-31 21:05:00,4167.0,4177.0,4164.0,4172.0,12601.0,525609780.0,319558.0
2023-03-31 21:10:00,4171.0,4177.0,4164.0,4177.0,6693.0,279193230.0,319642.0
2023-03-31 21:15:00,4178.0,4183.0,4171.0,4173.0,7495.0,313083810.0,319707.0
2023-03-31 21:20:00,4173.0,4179.0,4171.0,4176.0,3319.0,138547590.0,319210.0
2023-03-31 21:25:00,4175.0,4185.0,4175.0,4183.0,5167.0,216022090.0,319283.0
2023-03-31 21:30:00,4182.0,4184.0,4176.0,4178.0,3859.0,161320540.0,319384.0
2023-03-31 21:35:00,4178.0,4181.0,4175.0,4175.0,2170.0,90683060.0,319289.0
2023-03-31 21:40:00,4175.0,4181.0,4175.0,4180.0,1718.0,71790580.0,319030.0
2023-03-31 21:45:00,4179.0,4183.0,4176.0,4177.0,2270.0,94865630.0,319041.0
2023-03-31 21:50:00,4177.0,4187.0,4176.0,4184.0,3854.0,161186010.0,318886.0
2023-03-31 21:55:00,4185.0,4186.0,4180.0,4181.0,2386.0,99811860.0,319238.0
2023-03-31 22:00:00,4181.0,4185.0,4180.0,4185.0,1534.0,64157100.0,319039.0
2023-03-31 22:05:00,4186.0,4186.0,4182.0,4183.0,1760.0,73647040.0,318846.0
2023-03-31 22:10:00,4183.0,4184.0,4177.0,4181.0,2142.0,89534450.0,318330.0
2023-03-31 22:15:00,4182.0,4186.0,4179.0,4185.0,1991.0,83272640.0,318112.0
2023-03-31 22:20:00,4185.0,4186.0,4181.0,4183.0,1261.0,52758010.0,317946.0
2023-03-31 22:25:00,4183.0,4184.0,4180.0,4183.0,826.0,34545460.0,317806.0
2023-03-31 22:30:00,4183.0,4186.0,4181.0,4184.0,1186.0,49617660.0,317371.0
2023-03-31 22:35:00,4185.0,4185.0,4176.0,4178.0,2001.0,83617630.0,317027.0
2023-03-31 22:40:00,4177.0,4180.0,4176.0,4177.0,1151.0,48085510.0,316739.0
2023-03-31 22:45:00,4178.0,4182.0,4177.0,4181.0,905.0,37824830.0,316531.0
2023-03-31 22:50:00,4181.0,4181.0,4178.0,4180.0,1328.0,55506270.0,316101.0
2023-03-31 22:55:00,4180.0,4183.0,4178.0,4181.0,2632.0,110033350.0,315103.0
2023-04-03 09:00:00,4193.0,4247.0,4193.0,4232.0,45085.0,1905763690.0,309678.0
2023-04-03 09:05:00,4232.0,4235.0,4210.0,4226.0,15639.0,660518020.0,308976.0
2023-04-03 09:10:00,4226.0,4235.0,4216.0,4217.0,9769.0,412723930.0,308769.0
2023-04-03 09:15:00,4218.0,4237.0,4218.0,4233.0,7610.0,321645960.0,309198.0
2023-04-03 09:20:00,4234.0,4235.0,4221.0,4226.0,4699.0,198651490.0,308931.0
2023-04-03 09:25:00,4225.0,4228.0,4221.0,4228.0,4093.0,172886610.0,307910.0
2023-04-03 09:30:00,4228.0,4229.0,4213.0,4216.0,4943.0,208616180.0,307587.0
2023-04-03 09:35:00,4215.0,4218.0,4201.0,4202.0,8740.0,367902040.0,306533.0
2023-04-03 09:40:00,4201.0,4204.0,4186.0,4201.0,15275.0,640639450.0,305064.0
2023-04-03 09:45:00,4200.0,4212.0,4199.0,4208.0,4030.0,169523000.0,304480.0
2023-04-03 09:50:00,4208.0,4212.0,4205.0,4207.0,3706.0,155971120.0,304094.0
2023-04-03 09:55:00,4208.0,4213.0,4205.0,4210.0,2908.0,122424610.0,303980.0
2023-04-03 10:00:00,4209.0,4212.0,4200.0,4202.0,3344.0,140640890.0,304477.0
2023-04-03 10:05:00,4202.0,4205.0,4199.0,4200.0,2444.0,102708700.0,304765.0
2023-04-03 10:10:00,4200.0,4201.0,4195.0,4195.0,2213.0,92902890.0,305019.0
2023-04-03 10:30:00,4195.0,4204.0,4192.0,4203.0,4924.0,206644040.0,304912.0
2023-04-03 10:35:00,4203.0,4213.0,4202.0,4206.0,5961.0,250815950.0,303751.0
2023-04-03 10:40:00,4206.0,4207.0,4200.0,4206.0,1854.0,77934890.0,304123.0
2023-04-03 10:45:00,4206.0,4206.0,4201.0,4202.0,1760.0,73992050.0,304508.0
2023-04-03 10:50:00,4202.0,4202.0,4188.0,4189.0,4407.0,184806900.0,304908.0
2023-04-03 10:55:00,4189.0,4193.0,4185.0,4189.0,4257.0,178335850.0,304813.0
2023-04-03 11:00:00,4190.0,4199.0,4187.0,4195.0,4161.0,174459190.0,304671.0
2023-04-03 11:05:00,4194.0,4199.0,4190.0,4193.0,2216.0,92957390.0,304624.0
2023-04-03 11:10:00,4194.0,4196.0,4188.0,4193.0,1972.0,82647150.0,304888.0
2023-04-03 11:15:00,4193.0,4198.0,4191.0,4195.0,1454.0,60996670.0,304961.0
2023-04-03 11:20:00,4195.0,4199.0,4192.0,4198.0,1489.0,62472890.0,304968.0
2023-04-03 11:25:00,4199.0,4201.0,4192.0,4194.0,1637.0,68679600.0,305033.0
2023-04-03 13:30:00,4188.0,4199.0,4184.0,4197.0,6477.0,271389670.0,304954.0
2023-04-03 13:35:00,4196.0,4199.0,4192.0,4196.0,1848.0,77532290.0,304892.0
2023-04-03 13:40:00,4196.0,4198.0,4180.0,4180.0,6003.0,251335890.0,305644.0
2023-04-03 13:45:00,4182.0,4188.0,4178.0,4185.0,5596.0,234078070.0,305265.0
2023-04-03 13:50:00,4186.0,4188.0,4181.0,4185.0,1556.0,65100440.0,304783.0
2023-04-03 13:55:00,4185.0,4188.0,4184.0,4188.0,1233.0,51617850.0,304550.0
2023-04-03 14:00:00,4188.0,4191.0,4183.0,4191.0,2459.0,102970440.0,304422.0
2023-04-03 14:05:00,4192.0,4195.0,4189.0,4192.0,1927.0,80776240.0,304340.0
2023-04-03 14:10:00,4192.0,4195.0,4190.0,4191.0,1041.0,43644470.0,304213.0
2023-04-03 14:15:00,4192.0,4201.0,4190.0,4201.0,2950.0,123769180.0,303231.0
2023-04-03 14:20:00,4200.0,4205.0,4195.0,4196.0,3617.0,151944180.0,302974.0
2023-04-03 14:25:00,4196.0,4198.0,4191.0,4195.0,2401.0,100706120.0,303015.0
2023-04-03 14:30:00,4195.0,4199.0,4193.0,4198.0,1463.0,61386620.0,302705.0
2023-04-03 14:35:00,4198.0,4198.0,4193.0,4194.0,960.0,40272660.0,302717.0
2023-04-03 14:40:00,4195.0,4196.0,4190.0,4195.0,1493.0,62603420.0,302231.0
2023-04-03 14:45:00,4194.0,4199.0,4193.0,4196.0,1717.0,72052380.0,301957.0
2023-04-03 14:50:00,4196.0,4197.0,4190.0,4192.0,2730.0,114471250.0,300986.0
2023-04-03 14:55:00,4193.0,4198.0,4190.0,4195.0,5814.0,243825250.0,299633.0
2023-04-03 21:00:00,4195.0,4220.0,4195.0,4217.0,21326.0,897469520.0,299189.0
2023-04-03 21:05:00,4217.0,4221.0,4215.0,4217.0,7900.0,333242810.0,298891.0
2023-04-03 21:10:00,4217.0,4218.0,4203.0,4206.0,6021.0,253384390.0,298767.0
2023-04-03 21:15:00,4205.0,4206.0,4201.0,4206.0,3549.0,149196280.0,299011.0
2023-04-03 21:20:00,4206.0,4211.0,4205.0,4207.0,3088.0,129954480.0,298738.0
2023-04-03 21:25:00,4208.0,4212.0,4206.0,4212.0,2502.0,105290970.0,298816.0
2023-04-03 21:30:00,4212.0,4217.0,4210.0,4217.0,3488.0,146973200.0,298812.0
2023-04-03 21:35:00,4216.0,4218.0,4209.0,4215.0,3013.0,126955850.0,298562.0
2023-04-03 21:40:00,4215.0,4216.0,4210.0,4216.0,2280.0,96054390.0,298821.0
2023-04-03 21:45:00,4216.0,4219.0,4213.0,4219.0,2867.0,120892910.0,298969.0
2023-04-03 21:50:00,4219.0,4219.0,4212.0,4217.0,1953.0,82329940.0,298980.0
2023-04-03 21:55:00,4217.0,4217.0,4213.0,4214.0,1065.0,44886850.0,298948.0
2023-04-03 22:00:00,4214.0,4222.0,4214.0,4220.0,3335.0,140703950.0,299091.0
2023-04-03 22:05:00,4220.0,4224.0,4220.0,4222.0,2428.0,102506380.0,298683.0
2023-04-03 22:10:00,4222.0,4222.0,4215.0,4217.0,2280.0,96161300.0,298264.0
2023-04-03 22:15:00,4217.0,4217.0,4210.0,4213.0,2298.0,96831780.0,297788.0
2023-04-03 22:20:00,4214.0,4217.0,4209.0,4209.0,1608.0,67743750.0,297533.0
2023-04-03 22:25:00,4210.0,4212.0,4206.0,4209.0,1833.0,77147300.0,297339.0
2023-04-03 22:30:00,4209.0,4212.0,4207.0,4207.0,1353.0,56950900.0,297184.0
2023-04-03 22:35:00,4208.0,4209.0,4198.0,4201.0,3039.0,127705290.0,296709.0
2023-04-03 22:40:00,4201.0,4205.0,4201.0,4204.0,1566.0,65808950.0,296693.0
2023-04-03 22:45:00,4203.0,4204.0,4195.0,4197.0,2379.0,99881240.0,296680.0
2023-04-03 22:50:00,4197.0,4199.0,4194.0,4196.0,2767.0,116115060.0,296694.0
2023-04-03 22:55:00,4197.0,4204.0,4196.0,4202.0,2778.0,116697850.0,295980.0
2023-04-04 09:00:00,4203.0,4210.0,4187.0,4191.0,11124.0,466930810.0,296354.0
2023-04-04 09:05:00,4190.0,4197.0,4189.0,4195.0,3274.0,137309670.0,295960.0
2023-04-04 09:10:00,4196.0,4200.0,4186.0,4187.0,3984.0,167036650.0,296112.0
2023-04-04 09:15:00,4188.0,4193.0,4186.0,4193.0,3632.0,152117740.0,295112.0
2023-04-04 09:20:00,4192.0,4195.0,4189.0,4192.0,2077.0,87076610.0,295102.0
2023-04-04 09:25:00,4193.0,4200.0,4192.0,4196.0,2114.0,88714260.0,294998.0
2023-04-04 09:30:00,4196.0,4205.0,4196.0,4201.0,2910.0,122285650.0,294550.0
2023-04-04 09:35:00,4202.0,4202.0,4197.0,4200.0,1440.0,60474010.0,294492.0
2023-04-04 09:40:00,4201.0,4201.0,4196.0,4200.0,1244.0,52231140.0,294451.0
2023-04-04 09:45:00,4200.0,4200.0,4190.0,4191.0,2417.0,101376970.0,294349.0
2023-04-04 09:50:00,4191.0,4192.0,4187.0,4189.0,2415.0,101156680.0,294787.0
2023-04-04 09:55:00,4189.0,4190.0,4182.0,4185.0,3652.0,152859870.0,294482.0
2023-04-04 10:00:00,4185.0,4188.0,4180.0,4181.0,4576.0,191401390.0,294195.0
2023-04-04 10:05:00,4181.0,4186.0,4180.0,4181.0,3145.0,131567990.0,293880.0
2023-04-04 10:10:00,4182.0,4187.0,4181.0,4187.0,1494.0,62522980.0,293680.0
2023-04-04 10:30:00,4186.0,4187.0,4180.0,4184.0,2069.0,86565830.0,293658.0
2023-04-04 10:35:00,4185.0,4192.0,4184.0,4191.0,2776.0,116285110.0,292975.0
2023-04-04 10:40:00,4191.0,4192.0,4186.0,4188.0,1214.0,50855440.0,292857.0
2023-04-04 10:45:00,4187.0,4188.0,4183.0,4184.0,1866.0,78107350.0,292388.0
2023-04-04 10:50:00,4184.0,4195.0,4184.0,4192.0,2204.0,92364440.0,292047.0
2023-04-04 10:55:00,4192.0,4193.0,4186.0,4187.0,1346.0,56385060.0,292052.0
2023-04-04 11:00:00,4187.0,4189.0,4180.0,4182.0,2419.0,101215430.0,291602.0
2023-04-04 11:05:00,4182.0,4183.0,4166.0,4175.0,8296.0,346097880.0,290621.0
2023-04-04 11:10:00,4174.0,4178.0,4173.0,4176.0,2767.0,115544920.0,290958.0
2023-04-04 11:15:00,4176.0,4181.0,4175.0,4179.0,1306.0,54574720.0,290959.0
2023-04-04 11:20:00,4179.0,4182.0,4178.0,4181.0,1561.0,65251880.0,291078.0
2023-04-04 11:25:00,4181.0,4185.0,4181.0,4184.0,1593.0,66635040.0,290949.0
2023-04-04 13:30:00,4183.0,4189.0,4183.0,4188.0,2868.0,120054400.0,291025.0
2023-04-04 13:35:00,4189.0,4190.0,4185.0,4186.0,1823.0,76338990.0,290762.0
2023-04-04 13:40:00,4187.0,4189.0,4181.0,4182.0,1593.0,66663250.0,290685.0
2023-04-04 13:45:00,4182.0,4188.0,4178.0,4185.0,2798.0,117044430.0,290803.0
2023-04-04 13:50:00,4184.0,4188.0,4180.0,4182.0,1523.0,63720150.0,290666.0
2023-04-04 13:55:00,4183.0,4185.0,4179.0,4180.0,1530.0,63968630.0,290550.0
2023-04-04 14:00:00,4181.0,4181.0,4172.0,4177.0,3843.0,160526140.0,289159.0
2023-04-04 14:05:00,4176.0,4181.0,4173.0,4175.0,2856.0,119311990.0,288347.0
2023-04-04 14:10:00,4174.0,4177.0,4170.0,4170.0,2822.0,117758730.0,287751.0
2023-04-04 14:15:00,4170.0,4176.0,4170.0,4175.0,2171.0,90610260.0,287228.0
2023-04-04 14:20:00,4176.0,4180.0,4173.0,4179.0,2056.0,85867020.0,286843.0
2023-04-04 14:25:00,4180.0,4180.0,4175.0,4179.0,1668.0,69690990.0,286399.0
2023-04-04 14:30:00,4179.0,4184.0,4177.0,4182.0,1939.0,81079850.0,285748.0
2023-04-04 14:35:00,4182.0,4189.0,4181.0,4187.0,2850.0,119288060.0,285114.0
2023-04-04 14:40:00,4187.0,4193.0,4185.0,4192.0,4059.0,170083510.0,284357.0
2023-04-04 14:45:00,4191.0,4191.0,4185.0,4187.0,2284.0,95652360.0,283899.0
2023-04-04 14:50:00,4188.0,4192.0,4187.0,4190.0,2664.0,111615090.0,283476.0
2023-04-04 14:55:00,4189.0,4195.0,4187.0,4194.0,4649.0,194811620.0,281919.0
2023-04-06 09:00:00,4185.0,4185.0,4154.0,4158.0,25478.0,1061601870.0,278364.0
2023-04-06 09:05:00,4158.0,4184.0,4156.0,4176.0,8908.0,371441440.0,277062.0
2023-04-06 09:10:00,4177.0,4187.0,4175.0,4177.0,5230.0,218704820.0,276608.0
2023-04-06 09:15:00,4178.0,4182.0,4165.0,4170.0,4787.0,199772630.0,276122.0
2023-04-06 09:20:00,4170.0,4173.0,4162.0,4164.0,4719.0,196608750.0,275788.0
2023-04-06 09:25:00,4163.0,4169.0,4161.0,4165.0,4278.0,178193910.0,275660.0
2023-04-06 09:30:00,4165.0,4175.0,4161.0,4170.0,4082.0,170092160.0,275577.0
2023-04-06 09:35:00,4169.0,4173.0,4168.0,4169.0,1723.0,71848140.0,275602.0
2023-04-06 09:40:00,4170.0,4176.0,4166.0,4175.0,2921.0,121862830.0,275348.0
2023-04-06 09:45:00,4175.0,4177.0,4168.0,4168.0,2211.0,92255170.0,275200.0
2023-04-06 09:50:00,4169.0,4171.0,4166.0,4171.0,1347.0,56153670.0,275015.0
2023-04-06 09:55:00,4171.0,4174.0,4163.0,4171.0,2687.0,111993350.0,274843.0
2023-04-06 10:00:00,4172.0,4176.0,4168.0,4169.0,3440.0,143494830.0,275154.0
2023-04-06 10:05:00,4169.0,4172.0,4163.0,4165.0,2655.0,110634150.0,275271.0
2023-04-06 10:10:00,4164.0,4170.0,4163.0,4170.0,2468.0,102827750.0,275531.0
2023-04-06 10:30:00,4170.0,4175.0,4163.0,4165.0,3737.0,155810820.0,276231.0
2023-04-06 10:35:00,4167.0,4167.0,4159.0,4165.0,3965.0,165033670.0,276021.0
2023-04-06 10:40:00,4165.0,4169.0,4163.0,4167.0,1510.0,62903510.0,276156.0
2023-04-06 10:45:00,4167.0,4171.0,4162.0,4164.0,3173.0,132229980.0,275776.0
2023-04-06 10:50:00,4164.0,4166.0,4162.0,4163.0,2567.0,106859890.0,275647.0
2023-04-06 10:55:00,4163.0,4169.0,4163.0,4164.0,1517.0,63193340.0,275731.0
2023-04-06 11:00:00,4163.0,4170.0,4163.0,4168.0,1463.0,60972680.0,275473.0
2023-04-06 11:05:00,4169.0,4173.0,4167.0,4169.0,1785.0,74438940.0,275238.0
2023-04-06 11:10:00,4168.0,4170.0,4165.0,4167.0,1105.0,46049220.0,275111.0
2023-04-06 11:15:00,4167.0,4171.0,4165.0,4170.0,1129.0,47056170.0,274928.0
2023-04-06 11:20:00,4170.0,4170.0,4164.0,4165.0,1239.0,51631520.0,274795.0
2023-04-06 11:25:00,4166.0,4166.0,4147.0,4155.0,10019.0,416128750.0,274683.0
2023-04-06 13:30:00,4153.0,4154.0,4140.0,4144.0,7271.0,301427170.0,275471.0
2023-04-06 13:35:00,4144.0,4147.0,4138.0,4142.0,3698.0,153193060.0,275309.0
2023-04-06 13:40:00,4143.0,4143.0,4126.0,4127.0,7807.0,322671010.0,275382.0
2023-04-06 13:45:00,4127.0,4129.0,4122.0,4126.0,6982.0,288048350.0,275525.0
2023-04-06 13:50:00,4126.0,4137.0,4125.0,4130.0,4834.0,199719680.0,274846.0
2023-04-06 13:55:00,4131.0,4137.0,4129.0,4132.0,2632.0,108777100.0,275003.0
2023-04-06 14:00:00,4132.0,4132.0,4123.0,4127.0,3786.0,156226240.0,275120.0
2023-04-06 14:05:00,4127.0,4132.0,4126.0,4130.0,2203.0,90956120.0,275264.0
2023-04-06 14:10:00,4131.0,4131.0,4112.0,4114.0,6612.0,272384610.0,274971.0
2023-04-06 14:15:00,4114.0,4114.0,4105.0,4105.0,8730.0,358799340.0,276392.0
2023-04-06 14:20:00,4106.0,4112.0,4103.0,4108.0,5499.0,225897580.0,277044.0
2023-04-06 14:25:00,4109.0,4117.0,4107.0,4115.0,3180.0,130782840.0,277461.0
2023-04-06 14:30:00,4116.0,4116.0,4111.0,4113.0,2802.0,115271380.0,277734.0
2023-04-06 14:35:00,4115.0,4115.0,4105.0,4107.0,2851.0,117130510.0,277616.0
2023-04-06 14:40:00,4108.0,4108.0,4092.0,4094.0,6559.0,268934790.0,277444.0
2023-04-06 14:45:00,4092.0,4094.0,4087.0,4089.0,7186.0,293973890.0,276930.0
2023-04-06 14:50:00,4090.0,4102.0,4088.0,4101.0,5557.0,227547230.0,276312.0
2023-04-06 14:55:00,4101.0,4103.0,4090.0,4091.0,6124.0,250966290.0,275326.0
2023-04-06 21:00:00,4094.0,4098.0,4085.0,4095.0,17124.0,700857020.0,273059.0
2023-04-06 21:05:00,4095.0,4105.0,4094.0,4100.0,5982.0,245269280.0,273308.0
2023-04-06 21:10:00,4100.0,4106.0,4098.0,4102.0,3944.0,161808900.0,273892.0
2023-04-06 21:15:00,4102.0,4104.0,4093.0,4096.0,3068.0,125743740.0,274384.0
2023-04-06 21:20:00,4096.0,4097.0,4088.0,4092.0,3553.0,145390000.0,275463.0
2023-04-06 21:25:00,4091.0,4095.0,4084.0,4086.0,4496.0,183838500.0,276605.0
2023-04-06 21:30:00,4086.0,4088.0,4071.0,4077.0,10192.0,415731750.0,277735.0
2023-04-06 21:35:00,4076.0,4082.0,4071.0,4076.0,7958.0,324369180.0,278230.0
2023-04-06 21:40:00,4075.0,4077.0,4069.0,4070.0,4797.0,195388270.0,279339.0
2023-04-06 21:45:00,4071.0,4075.0,4068.0,4074.0,3810.0,155140750.0,279602.0
2023-04-06 21:50:00,4074.0,4078.0,4072.0,4073.0,2248.0,91609260.0,280072.0
2023-04-06 21:55:00,4073.0,4076.0,4069.0,4072.0,2580.0,105058020.0,280943.0
2023-04-06 22:00:00,4072.0,4075.0,4069.0,4073.0,2413.0,98252390.0,281255.0
2023-04-06 22:05:00,4073.0,4086.0,4072.0,4081.0,4611.0,188198140.0,280385.0
2023-04-06 22:10:00,4082.0,4085.0,4080.0,4080.0,2144.0,87538660.0,280206.0
2023-04-06 22:15:00,4081.0,4082.0,4077.0,4077.0,1645.0,67103190.0,280045.0
2023-04-06 22:20:00,4077.0,4077.0,4066.0,4070.0,4484.0,182531310.0,280886.0
2023-04-06 22:25:00,4070.0,4070.0,4063.0,4064.0,2688.0,109303300.0,281089.0
2023-04-06 22:30:00,4064.0,4068.0,4060.0,4065.0,4442.0,180509160.0,281199.0
2023-04-06 22:35:00,4065.0,4065.0,4058.0,4061.0,3521.0,142983410.0,281655.0
2023-04-06 22:40:00,4062.0,4062.0,4056.0,4062.0,2676.0,108624400.0,281780.0
2023-04-06 22:45:00,4062.0,4067.0,4058.0,4065.0,3178.0,129129250.0,281812.0
2023-04-06 22:50:00,4064.0,4066.0,4062.0,4064.0,1253.0,50927220.0,281686.0
2023-04-06 22:55:00,4065.0,4065.0,4059.0,4059.0,2616.0,106299610.0,280794.0
2023-04-07 09:00:00,4061.0,4071.0,4059.0,4062.0,7754.0,315167120.0,282507.0
2023-04-07 09:05:00,4062.0,4073.0,4060.0,4067.0,3481.0,141550480.0,283048.0
2023-04-07 09:10:00,4067.0,4075.0,4067.0,4073.0,3546.0,144392030.0,283100.0
2023-04-07 09:15:00,4073.0,4075.0,4068.0,4069.0,2407.0,98017540.0,283414.0
2023-04-07 09:20:00,4068.0,4072.0,4064.0,4067.0,2223.0,90428270.0,283815.0
2023-04-07 09:25:00,4066.0,4067.0,4057.0,4062.0,4289.0,174186050.0,284719.0
2023-04-07 09:30:00,4062.0,4063.0,4057.0,4061.0,1997.0,81082430.0,285168.0
2023-04-07 09:35:00,4061.0,4066.0,4059.0,4065.0,1250.0,50783270.0,285344.0
2023-04-07 09:40:00,4064.0,4075.0,4064.0,4069.0,3035.0,123549490.0,285589.0
2023-04-07 09:45:00,4069.0,4073.0,4066.0,4072.0,2637.0,107316780.0,285843.0
2023-04-07 09:50:00,4072.0,4075.0,4068.0,4075.0,2091.0,85125970.0,285968.0
2023-04-07 09:55:00,4075.0,4075.0,4068.0,4071.0,2228.0,90718380.0,286423.0
2023-04-07 10:00:00,4071.0,4072.0,4067.0,4068.0,1754.0,71376910.0,286536.0
2023-04-07 10:05:00,4068.0,4080.0,4068.0,4080.0,2767.0,112770650.0,286311.0
2023-04-07 10:10:00,4079.0,4081.0,4075.0,4081.0,3084.0,125789870.0,286292.0
2023-04-07 10:30:00,4081.0,4084.0,4077.0,4083.0,3463.0,141319010.0,286359.0
2023-04-07 10:35:00,4083.0,4088.0,4080.0,4086.0,3577.0,146130080.0,285763.0
2023-04-07 10:40:00,4086.0,4088.0,4082.0,4082.0,2173.0,88770670.0,285431.0
2023-04-07 10:45:00,4082.0,4082.0,4074.0,4076.0,2398.0,97769700.0,285340.0
2023-04-07 10:50:00,4076.0,4077.0,4071.0,4072.0,2009.0,81851900.0,285359.0
2023-04-07 10:55:00,4072.0,4074.0,4068.0,4068.0,3614.0,147120460.0,285497.0
2023-04-07 11:00:00,4067.0,4070.0,4060.0,4063.0,9491.0,386027110.0,285922.0
2023-04-07 11:05:00,4063.0,4066.0,4052.0,4057.0,4843.0,196560400.0,286622.0
2023-04-07 11:10:00,4056.0,4057.0,4045.0,4051.0,6172.0,249978220.0,287987.0
2023-04-07 11:15:00,4052.0,4062.0,4049.0,4062.0,3033.0,123035180.0,287724.0
2023-04-07 11:20:00,4062.0,4065.0,4059.0,4061.0,2372.0,96345750.0,287934.0
2023-04-07 11:25:00,4062.0,4068.0,4062.0,4063.0,1729.0,70268970.0,287741.0
2023-04-07 13:30:00,4064.0,4069.0,4061.0,4068.0,2861.0,116300610.0,287473.0
2023-04-07 13:35:00,4068.0,4070.0,4064.0,4067.0,4489.0,182537060.0,288048.0
2023-04-07 13:40:00,4066.0,4074.0,4066.0,4071.0,4194.0,170660800.0,287836.0
2023-04-07 13:45:00,4071.0,4073.0,4067.0,4067.0,1746.0,71067770.0,287925.0
2023-04-07 13:50:00,4067.0,4068.0,4063.0,4067.0,1265.0,51424490.0,287956.0
2023-04-07 13:55:00,4067.0,4067.0,4063.0,4066.0,991.0,40288740.0,287987.0
2023-04-07 14:00:00,4065.0,4069.0,4061.0,4069.0,1674.0,68037520.0,287925.0
2023-04-07 14:05:00,4069.0,4073.0,4068.0,4069.0,1735.0,70629150.0,287942.0
2023-04-07 14:10:00,4070.0,4076.0,4069.0,4072.0,2042.0,83178330.0,287946.0
2023-04-07 14:15:00,4073.0,4076.0,4071.0,4073.0,1941.0,79065010.0,288193.0
2023-04-07 14:20:00,4072.0,4075.0,4068.0,4068.0,1490.0,60676060.0,288163.0
2023-04-07 14:25:00,4068.0,4071.0,4066.0,4066.0,1456.0,59240240.0,287754.0
2023-04-07 14:30:00,4066.0,4069.0,4064.0,4065.0,1236.0,50258210.0,287507.0
2023-04-07 14:35:00,4065.0,4069.0,4065.0,4067.0,970.0,39450610.0,287359.0
2023-04-07 14:40:00,4067.0,4070.0,4065.0,4067.0,1015.0,41283590.0,287259.0
2023-04-07 14:45:00,4067.0,4070.0,4064.0,4065.0,1358.0,55219050.0,287010.0
2023-04-07 14:50:00,4066.0,4068.0,4063.0,4064.0,2292.0,93171850.0,286379.0
2023-04-07 14:55:00,4064.0,4076.0,4057.0,4067.0,8421.0,342501120.0,283457.0
2023-04-07 21:00:00,4091.0,4096.0,4068.0,4086.0,18492.0,755545720.0,280508.0
2023-04-07 21:05:00,4086.0,4086.0,4077.0,4081.0,4073.0,166259240.0,280817.0
2023-04-07 21:10:00,4081.0,4087.0,4076.0,4085.0,3018.0,123186550.0,280574.0
2023-04-07 21:15:00,4086.0,4086.0,4078.0,4079.0,2411.0,98405840.0,280864.0
2023-04-07 21:20:00,4079.0,4084.0,4078.0,4083.0,1655.0,67549290.0,280862.0
2023-04-07 21:25:00,4084.0,4090.0,4084.0,4086.0,2969.0,121340070.0,281065.0
2023-04-07 21:30:00,4087.0,4089.0,4081.0,4082.0,1964.0,80220270.0,280769.0
2023-04-07 21:35:00,4082.0,4084.0,4076.0,4076.0,2102.0,85738090.0,281160.0
2023-04-07 21:40:00,4076.0,4077.0,4071.0,4072.0,1767.0,71985280.0,281481.0
2023-04-07 21:45:00,4073.0,4073.0,4064.0,4065.0,4039.0,164261490.0,282146.0
2023-04-07 21:50:00,4065.0,4069.0,4063.0,4064.0,3236.0,131572960.0,282982.0
2023-04-07 21:55:00,4065.0,4068.0,4063.0,4068.0,1450.0,58957680.0,283347.0
2023-04-07 22:00:00,4067.0,4070.0,4060.0,4062.0,2603.0,105778280.0,283578.0
2023-04-07 22:05:00,4062.0,4068.0,4057.0,4067.0,2524.0,102527610.0,283383.0
2023-04-07 22:10:00,4067.0,4074.0,4066.0,4070.0,2150.0,87518740.0,283078.0
2023-04-07 22:15:00,4070.0,4074.0,4069.0,4072.0,851.0,34652990.0,282977.0
2023-04-07 22:20:00,4072.0,4074.0,4070.0,4071.0,682.0,27772550.0,282747.0
2023-04-07 22:25:00,4071.0,4073.0,4070.0,4070.0,532.0,21660800.0,282610.0
2023-04-07 22:30:00,4070.0,4078.0,4070.0,4076.0,1731.0,70543130.0,282181.0
2023-04-07 22:35:00,4076.0,4076.0,4072.0,4074.0,652.0,26562630.0,281987.0
2023-04-07 22:40:00,4075.0,4076.0,4069.0,4071.0,1064.0,43334610.0,281821.0
2023-04-07 22:45:00,4071.0,4074.0,4070.0,4070.0,613.0,24960260.0,281779.0
2023-04-07 22:50:00,4071.0,4074.0,4069.0,4073.0,728.0,29638160.0,281405.0
2023-04-07 22:55:00,4074.0,4079.0,4072.0,4076.0,1947.0,79363540.0,280706.0
2023-04-10 09:00:00,4080.0,4082.0,4068.0,4069.0,7502.0,305662480.0,280218.0
2023-04-10 09:05:00,4070.0,4084.0,4067.0,4082.0,6505.0,265284500.0,279639.0
2023-04-10 09:10:00,4082.0,4090.0,4079.0,4082.0,8211.0,335455390.0,278574.0
2023-04-10 09:15:00,4083.0,4086.0,4069.0,4074.0,4305.0,175452440.0,278361.0
2023-04-10 09:20:00,4074.0,4083.0,4071.0,4072.0,2972.0,121181240.0,277729.0
2023-04-10 09:25:00,4072.0,4081.0,4069.0,4077.0,3185.0,129767530.0,277770.0
2023-04-10 09:30:00,4078.0,4086.0,4078.0,4081.0,4041.0,164975990.0,277430.0
2023-04-10 09:35:00,4082.0,4090.0,4082.0,4088.0,4555.0,186180350.0,276389.0
2023-04-10 09:40:00,4088.0,4114.0,4087.0,4112.0,11417.0,468235750.0,272546.0
2023-04-10 09:45:00,4112.0,4117.0,4105.0,4116.0,7349.0,302099920.0,269917.0
2023-04-10 09:50:00,4116.0,4123.0,4111.0,4120.0,5916.0,243595480.0,268388.0
2023-04-10 09:55:00,4120.0,4122.0,4108.0,4110.0,5240.0,215574070.0,267082.0
2023-04-10 10:00:00,4110.0,4111.0,4101.0,4104.0,4495.0,184549720.0,266359.0
2023-04-10 10:05:00,4104.0,4109.0,4101.0,4102.0,2062.0,84623420.0,266260.0
2023-04-10 10:10:00,4102.0,4112.0,4101.0,4112.0,2055.0,84415650.0,266381.0
2023-04-10 10:30:00,4111.0,4118.0,4110.0,4117.0,4552.0,187272470.0,265703.0
2023-04-10 10:35:00,4117.0,4123.0,4110.0,4123.0,4230.0,174143150.0,264752.0
2023-04-10 10:40:00,4122.0,4137.0,4122.0,4135.0,9851.0,406830920.0,264434.0
2023-04-10 10:45:00,4137.0,4139.0,4132.0,4134.0,7059.0,291946930.0,263234.0
2023-04-10 10:50:00,4134.0,4139.0,4129.0,4136.0,4350.0,179830510.0,262528.0
2023-04-10 10:55:00,4136.0,4145.0,4136.0,4143.0,6942.0,287532830.0,262089.0
2023-04-10 11:00:00,4143.0,4145.0,4131.0,4135.0,5067.0,209602440.0,261031.0
2023-04-10 11:05:00,4135.0,4136.0,4124.0,4125.0,4269.0,176268620.0,260263.0
2023-04-10 11:10:00,4124.0,4128.0,4120.0,4126.0,2695.0,111153220.0,259803.0
2023-04-10 11:15:00,4127.0,4130.0,4122.0,4127.0,1828.0,75426040.0,259909.0
2023-04-10 11:20:00,4127.0,4128.0,4111.0,4114.0,4914.0,202387810.0,260334.0
2023-04-10 11:25:00,4113.0,4116.0,4107.0,4116.0,5014.0,206124250.0,260323.0
2023-04-10 13:30:00,4116.0,4120.0,4111.0,4114.0,4113.0,169289960.0,259657.0
2023-04-10 13:35:00,4114.0,4117.0,4104.0,4108.0,3531.0,145095560.0,259782.0
2023-04-10 13:40:00,4109.0,4110.0,4104.0,4106.0,2082.0,85510330.0,259945.0
2023-04-10 13:45:00,4106.0,4112.0,4105.0,4111.0,2163.0,88898280.0,260004.0
2023-04-10 13:50:00,4111.0,4112.0,4105.0,4106.0,1632.0,67055250.0,259886.0
2023-04-10 13:55:00,4106.0,4107.0,4104.0,4105.0,1232.0,50577990.0,259886.0
2023-04-10 14:00:00,4106.0,4110.0,4105.0,4108.0,1659.0,68161290.0,259739.0
2023-04-10 14:05:00,4109.0,4114.0,4109.0,4113.0,2601.0,106930480.0,259553.0
2023-04-10 14:10:00,4112.0,4119.0,4109.0,4117.0,5307.0,218238530.0,259613.0
2023-04-10 14:15:00,4118.0,4120.0,4115.0,4116.0,2078.0,85574250.0,259340.0
2023-04-10 14:20:00,4117.0,4120.0,4114.0,4115.0,1239.0,51007550.0,259129.0
2023-04-10 14:25:00,4114.0,4117.0,4111.0,4114.0,1634.0,67212930.0,258953.0
2023-04-10 14:30:00,4114.0,4117.0,4112.0,4116.0,1430.0,58842800.0,258774.0
2023-04-10 14:35:00,4115.0,4117.0,4113.0,4116.0,4833.0,198884510.0,258396.0
2023-04-10 14:40:00,4116.0,4119.0,4113.0,4116.0,1220.0,50213330.0,258158.0
2023-04-10 14:45:00,4116.0,4117.0,4114.0,4115.0,1255.0,51648280.0,258034.0
2023-04-10 14:50:00,4116.0,4116.0,4110.0,4116.0,2547.0,104769890.0,257719.0
2023-04-10 14:55:00,4116.0,4126.0,4116.0,4122.0,6379.0,262953350.0,257079.0
2023-04-10 21:00:00,4118.0,4143.0,4117.0,4139.0,23093.0,952970590.0,255221.0
2023-04-10 21:05:00,4140.0,4140.0,4132.0,4134.0,5221.0,215920250.0,255867.0
2023-04-10 21:10:00,4134.0,4135.0,4114.0,4118.0,6484.0,267385120.0,255557.0
2023-04-10 21:15:00,4117.0,4123.0,4113.0,4116.0,4113.0,169339720.0,255177.0
2023-04-10 21:20:00,4115.0,4120.0,4112.0,4119.0,2828.0,116401390.0,255219.0
2023-04-10 21:25:00,4118.0,4118.0,4108.0,4113.0,3862.0,158785080.0,254798.0
2023-04-10 21:30:00,4114.0,4114.0,4107.0,4114.0,2757.0,113336080.0,254713.0
2023-04-10 21:35:00,4115.0,4116.0,4110.0,4116.0,1933.0,79504400.0,254788.0
2023-04-10 21:40:00,4116.0,4119.0,4113.0,4114.0,1671.0,68781640.0,254827.0
2023-04-10 21:45:00,4114.0,4117.0,4112.0,4113.0,931.0,38304350.0,254866.0
2023-04-10 21:50:00,4113.0,4118.0,4110.0,4111.0,2001.0,82307170.0,255024.0
2023-04-10 21:55:00,4111.0,4116.0,4111.0,4115.0,985.0,40514220.0,254992.0
2023-04-10 22:00:00,4115.0,4122.0,4113.0,4122.0,2717.0,111922830.0,254983.0
2023-04-10 22:05:00,4122.0,4126.0,4122.0,4123.0,1769.0,72954110.0,254708.0
2023-04-10 22:10:00,4122.0,4125.0,4119.0,4122.0,1189.0,49007490.0,254565.0
2023-04-10 22:15:00,4122.0,4124.0,4120.0,4122.0,932.0,38420010.0,254550.0
2023-04-10 22:20:00,4121.0,4123.0,4118.0,4121.0,3977.0,163906760.0,254946.0
2023-04-10 22:25:00,4122.0,4130.0,4121.0,4129.0,3056.0,126027010.0,254429.0
2023-04-10 22:30:00,4128.0,4135.0,4128.0,4133.0,2557.0,105654660.0,254258.0
2023-04-10 22:35:00,4133.0,4138.0,4130.0,4137.0,3324.0,137411310.0,253303.0
2023-04-10 22:40:00,4138.0,4148.0,4135.0,4137.0,7109.0,294419400.0,252618.0
2023-04-10 22:45:00,4136.0,4137.0,4131.0,4135.0,1900.0,78539770.0,252127.0
2023-04-10 22:50:00,4134.0,4139.0,4131.0,4131.0,1511.0,62485480.0,251955.0
2023-04-10 22:55:00,4132.0,4139.0,4130.0,4138.0,2541.0,105029240.0,250801.0
2023-04-11 09:00:00,4135.0,4145.0,4132.0,4145.0,6830.0,282722040.0,250361.0
2023-04-11 09:05:00,4144.0,4146.0,4134.0,4137.0,3778.0,156430510.0,250320.0
2023-04-11 09:10:00,4136.0,4136.0,4124.0,4132.0,4242.0,175162650.0,249832.0
2023-04-11 09:15:00,4131.0,4135.0,4129.0,4132.0,2074.0,85698960.0,249825.0
2023-04-11 09:20:00,4133.0,4134.0,4127.0,4131.0,1951.0,80587780.0,249757.0
2023-04-11 09:25:00,4131.0,4138.0,4130.0,4134.0,2147.0,88767940.0,249512.0
2023-04-11 09:30:00,4135.0,4135.0,4129.0,4129.0,2452.0,101331780.0,249468.0
2023-04-11 09:35:00,4129.0,4129.0,4117.0,4121.0,5454.0,224867410.0,248887.0
2023-04-11 09:40:00,4120.0,4123.0,4117.0,4121.0,4395.0,181097590.0,248239.0
2023-04-11 09:45:00,4121.0,4125.0,4117.0,4125.0,2433.0,100278390.0,247475.0
2023-04-11 09:50:00,4125.0,4126.0,4121.0,4122.0,4449.0,183435310.0,247867.0
2023-04-11 09:55:00,4122.0,4127.0,4122.0,4125.0,1346.0,55523800.0,247578.0
2023-04-11 10:00:00,4125.0,4134.0,4125.0,4130.0,2773.0,114529350.0,246962.0
2023-04-11 10:05:00,4130.0,4135.0,4127.0,4134.0,1289.0,53253520.0,246761.0
2023-04-11 10:10:00,4134.0,4136.0,4132.0,4134.0,1434.0,59281350.0,246703.0
2023-04-11 10:30:00,4134.0,4145.0,4134.0,4139.0,4740.0,196252260.0,245955.0
2023-04-11 10:35:00,4139.0,4140.0,4135.0,4139.0,1365.0,56480480.0,245906.0
2023-04-11 10:40:00,4139.0,4140.0,4135.0,4138.0,1462.0,60488990.0,245953.0
2023-04-11 10:45:00,4138.0,4141.0,4137.0,4137.0,2276.0,94207380.0,245874.0
2023-04-11 10:50:00,4137.0,4143.0,4135.0,4138.0,1734.0,71771060.0,245752.0
2023-04-11 10:55:00,4137.0,4138.0,4133.0,4134.0,1330.0,54994590.0,245618.0
2023-04-11 11:00:00,4135.0,4137.0,4132.0,4133.0,1077.0,44525940.0,245639.0
2023-04-11 11:05:00,4132.0,4141.0,4132.0,4140.0,2393.0,99018740.0,245170.0
2023-04-11 11:10:00,4140.0,4142.0,4138.0,4140.0,2335.0,96664040.0,244746.0
2023-04-11 11:15:00,4141.0,4164.0,4139.0,4159.0,15230.0,632653600.0,241652.0
2023-04-11 11:20:00,4159.0,4162.0,4149.0,4149.0,4608.0,191502320.0,240588.0
2023-04-11 11:25:00,4150.0,4153.0,4146.0,4151.0,2801.0,116202480.0,239714.0
2023-04-11 13:30:00,4151.0,4158.0,4145.0,4146.0,4504.0,187022070.0,239825.0
2023-04-11 13:35:00,4145.0,4147.0,4143.0,4144.0,1572.0,65155350.0,239731.0
2023-04-11 13:40:00,4143.0,4148.0,4140.0,4148.0,1476.0,61162760.0,239795.0
2023-04-11 13:45:00,4148.0,4148.0,4142.0,4144.0,1020.0,42276210.0,239971.0
2023-04-11 13:50:00,4145.0,4147.0,4140.0,4140.0,1395.0,57792950.0,240022.0
2023-04-11 13:55:00,4141.0,4143.0,4136.0,4139.0,1800.0,74504380.0,239783.0
2023-04-11 14:00:00,4140.0,4145.0,4139.0,4143.0,1393.0,57699170.0,239599.0
2023-04-11 14:05:00,4144.0,4146.0,4142.0,4145.0,973.0,40323420.0,239723.0
2023-04-11 14:10:00,4146.0,4149.0,4143.0,4148.0,1120.0,46434470.0,239733.0
2023-04-11 14:15:00,4148.0,4150.0,4145.0,4149.0,1706.0,70762450.0,239619.0
2023-04-11 14:20:00,4149.0,4151.0,4146.0,4147.0,1860.0,77173160.0,239497.0
2023-04-11 14:25:00,4147.0,4147.0,4143.0,4147.0,1111.0,46053620.0,239341.0
2023-04-11 14:30:00,4146.0,4148.0,4144.0,4147.0,1123.0,46562740.0,239158.0
2023-04-11 14:35:00,4148.0,4151.0,4146.0,4146.0,1606.0,66616890.0,239065.0
2023-04-11 14:40:00,4146.0,4146.0,4141.0,4141.0,1644.0,68117420.0,238936.0
2023-04-11 14:45:00,4141.0,4144.0,4138.0,4139.0,2484.0,102856400.0,238530.0
2023-04-11 14:50:00,4140.0,4145.0,4140.0,4143.0,1823.0,75538800.0,237778.0
2023-04-11 14:55:00,4143.0,4146.0,4140.0,4144.0,3326.0,137791880.0,237144.0
2023-04-11 21:00:00,4144.0,4145.0,4131.0,4137.0,17313.0,716885450.0,233106.0
2023-04-11 21:05:00,4137.0,4153.0,4136.0,4150.0,7380.0,306106820.0,232047.0
2023-04-11 21:10:00,4149.0,4153.0,4144.0,4145.0,4182.0,173517140.0,231814.0
2023-04-11 21:15:00,4144.0,4154.0,4143.0,4153.0,3102.0,128709140.0,231602.0
2023-04-11 21:20:00,4154.0,4155.0,4148.0,4150.0,1864.0,77387760.0,231546.0
2023-04-11 21:25:00,4150.0,4151.0,4146.0,4150.0,1537.0,63764270.0,231542.0
2023-04-11 21:30:00,4150.0,4152.0,4146.0,4148.0,1738.0,72106670.0,231402.0
2023-04-11 21:35:00,4149.0,4157.0,4148.0,4153.0,4188.0,173974210.0,230624.0
2023-04-11 21:40:00,4152.0,4153.0,4148.0,4152.0,1386.0,57535730.0,230506.0
2023-04-11 21:45:00,4152.0,4155.0,4150.0,4151.0,1084.0,45013890.0,230466.0
2023-04-11 21:50:00,4151.0,4152.0,4147.0,4150.0,1003.0,41621460.0,230336.0
2023-04-11 21:55:00,4149.0,4152.0,4147.0,4150.0,1169.0,48503880.0,230199.0
2023-04-11 22:00:00,4149.0,4154.0,4149.0,4151.0,2084.0,86516420.0,229727.0
2023-04-11 22:05:00,4151.0,4154.0,4149.0,4150.0,776.0,32217140.0,229755.0
2023-04-11 22:10:00,4150.0,4150.0,4140.0,4144.0,2917.0,120881600.0,229529.0
2023-04-11 22:15:00,4144.0,4146.0,4141.0,4144.0,1685.0,69814440.0,229300.0
2023-04-11 22:20:00,4143.0,4145.0,4141.0,4141.0,1325.0,54892640.0,229057.0
2023-04-11 22:25:00,4141.0,4143.0,4137.0,4142.0,3171.0,131286670.0,228843.0
2023-04-11 22:30:00,4143.0,4144.0,4126.0,4126.0,3829.0,158266290.0,228731.0
2023-04-11 22:35:00,4127.0,4129.0,4114.0,4115.0,5952.0,245298340.0,228881.0
2023-04-11 22:40:00,4115.0,4124.0,4114.0,4120.0,3446.0,141967210.0,228635.0
2023-04-11 22:45:00,4119.0,4124.0,4118.0,4123.0,1794.0,73931930.0,228492.0
2023-04-11 22:50:00,4123.0,4125.0,4121.0,4123.0,1037.0,42757950.0,228373.0
2023-04-11 22:55:00,4124.0,4124.0,4109.0,4109.0,3988.0,164174140.0,227366.0
2023-04-12 09:00:00,4116.0,4119.0,4111.0,4117.0,6064.0,249525910.0,228085.0
2023-04-12 09:05:00,4117.0,4123.0,4114.0,4114.0,2573.0,105966580.0,228004.0
2023-04-12 09:10:00,4114.0,4121.0,4114.0,4116.0,1992.0,82032140.0,228102.0
2023-04-12 09:15:00,4115.0,4127.0,4113.0,4124.0,2653.0,109340980.0,228043.0
2023-04-12 09:20:00,4124.0,4128.0,4122.0,4123.0,2613.0,107802750.0,227932.0
2023-04-12 09:25:00,4122.0,4130.0,4122.0,4128.0,2081.0,85873510.0,227823.0
2023-04-12 09:30:00,4128.0,4131.0,4118.0,4118.0,2708.0,111697150.0,228369.0
2023-04-12 09:35:00,4119.0,4123.0,4113.0,4115.0,1980.0,81533820.0,228552.0
2023-04-12 09:40:00,4115.0,4118.0,4113.0,4117.0,1512.0,62230890.0,228765.0
2023-04-12 09:45:00,4118.0,4119.0,4112.0,4114.0,1429.0,58812830.0,228755.0
2023-04-12 09:50:00,4115.0,4115.0,4110.0,4112.0,1884.0,77490570.0,229051.0
2023-04-12 09:55:00,4112.0,4119.0,4112.0,4113.0,2022.0,83213230.0,229210.0
2023-04-12 10:00:00,4112.0,4118.0,4112.0,4117.0,2140.0,88089400.0,229718.0
2023-04-12 10:05:00,4117.0,4123.0,4116.0,4119.0,1326.0,54631080.0,229554.0
2023-04-12 10:10:00,4118.0,4127.0,4118.0,4126.0,2224.0,91720210.0,228897.0
2023-04-12 10:30:00,4126.0,4126.0,4114.0,4115.0,2435.0,100333630.0,228673.0
2023-04-12 10:35:00,4116.0,4117.0,4113.0,4116.0,1687.0,69425680.0,228443.0
2023-04-12 10:40:00,4116.0,4119.0,4104.0,4105.0,4210.0,173005370.0,228857.0
2023-04-12 10:45:00,4105.0,4105.0,4089.0,4090.0,9569.0,391948700.0,228957.0
2023-04-12 10:50:00,4090.0,4094.0,4085.0,4088.0,5616.0,229639150.0,229693.0
2023-04-12 10:55:00,4088.0,4100.0,4087.0,4100.0,4599.0,188313700.0,229888.0
2023-04-12 11:00:00,4099.0,4104.0,4097.0,4099.0,8155.0,334414230.0,230357.0
2023-04-12 11:05:00,4099.0,4099.0,4088.0,4092.0,5800.0,237485070.0,229622.0
2023-04-12 11:10:00,4092.0,4096.0,4091.0,4093.0,3171.0,129804340.0,229478.0
2023-04-12 11:15:00,4093.0,4097.0,4093.0,4095.0,2300.0,94183150.0,229291.0
2023-04-12 11:20:00,4096.0,4102.0,4093.0,4101.0,2472.0,101319120.0,229229.0
2023-04-12 11:25:00,4102.0,4107.0,4102.0,4104.0,3472.0,142523410.0,228863.0
2023-04-12 13:30:00,4103.0,4112.0,4103.0,4111.0,5024.0,206401190.0,228174.0
2023-04-12 13:35:00,4111.0,4116.0,4111.0,4112.0,3076.0,126538670.0,227848.0
2023-04-12 13:40:00,4112.0,4116.0,4110.0,4112.0,2092.0,86043980.0,227699.0
2023-04-12 13:45:00,4111.0,4116.0,4109.0,4112.0,2392.0,98362210.0,227531.0
2023-04-12 13:50:00,4111.0,4114.0,4108.0,4114.0,1748.0,71856540.0,227699.0
2023-04-12 13:55:00,4114.0,4116.0,4109.0,4111.0,1774.0,72956660.0,227299.0
2023-04-12 14:00:00,4110.0,4123.0,4108.0,4122.0,3365.0,138547910.0,226923.0
2023-04-12 14:05:00,4123.0,4133.0,4122.0,4132.0,6035.0,249134740.0,226129.0
2023-04-12 14:10:00,4132.0,4142.0,4130.0,4137.0,5984.0,247533650.0,225927.0
2023-04-12 14:15:00,4138.0,4140.0,4132.0,4135.0,3546.0,146657980.0,225489.0
2023-04-12 14:20:00,4135.0,4135.0,4131.0,4135.0,1422.0,58768060.0,225250.0
2023-04-12 14:25:00,4135.0,4136.0,4126.0,4127.0,3031.0,125209800.0,224975.0
2023-04-12 14:30:00,4127.0,4128.0,4120.0,4120.0,2742.0,113073160.0,224822.0
2023-04-12 14:35:00,4120.0,4126.0,4120.0,4125.0,1831.0,75479870.0,224801.0
2023-04-12 14:40:00,4125.0,4125.0,4120.0,4120.0,1243.0,51235550.0,224732.0
2023-04-12 14:45:00,4121.0,4125.0,4118.0,4124.0,2044.0,84235950.0,224814.0
2023-04-12 14:50:00,4125.0,4126.0,4123.0,4125.0,1664.0,68628410.0,224845.0
2023-04-12 14:55:00,4126.0,4127.0,4120.0,4122.0,3684.0,151890080.0,223959.0
2023-04-12 21:00:00,4098.0,4118.0,4098.0,4115.0,23226.0,954136570.0,224650.0
2023-04-12 21:05:00,4115.0,4124.0,4114.0,4117.0,5398.0,222357050.0,225096.0
2023-04-12 21:10:00,4117.0,4122.0,4116.0,4120.0,2717.0,111907930.0,224972.0
2023-04-12 21:15:00,4120.0,4120.0,4112.0,4115.0,2327.0,95765030.0,224775.0
2023-04-12 21:20:00,4114.0,4122.0,4113.0,4121.0,1555.0,64018830.0,224811.0
2023-04-12 21:25:00,4121.0,4130.0,4117.0,4126.0,4891.0,201738660.0,224624.0
2023-04-12 21:30:00,4126.0,4128.0,4115.0,4116.0,2907.0,119799510.0,224574.0
2023-04-12 21:35:00,4116.0,4128.0,4115.0,4126.0,2731.0,112599280.0,224294.0
2023-04-12 21:40:00,4126.0,4132.0,4125.0,4132.0,2105.0,86910320.0,224212.0
2023-04-12 21:45:00,4132.0,4133.0,4124.0,4128.0,2057.0,84909820.0,224103.0
2023-04-12 21:50:00,4128.0,4129.0,4123.0,4123.0,879.0,36259160.0,224063.0
2023-04-12 21:55:00,4124.0,4125.0,4121.0,4123.0,1157.0,47697120.0,223984.0
2023-04-12 22:00:00,4123.0,4132.0,4120.0,4131.0,1945.0,80250860.0,223903.0
2023-04-12 22:05:00,4131.0,4134.0,4128.0,4132.0,1917.0,79192800.0,223974.0
2023-04-12 22:10:00,4132.0,4132.0,4127.0,4129.0,973.0,40175130.0,223990.0
2023-04-12 22:15:00,4129.0,4129.0,4126.0,4127.0,984.0,40620210.0,223943.0
2023-04-12 22:20:00,4127.0,4127.0,4122.0,4123.0,1084.0,44707910.0,223679.0
2023-04-12 22:25:00,4123.0,4123.0,4115.0,4119.0,2783.0,114624430.0,223576.0
2023-04-12 22:30:00,4119.0,4122.0,4108.0,4109.0,3285.0,135151560.0,223602.0
2023-04-12 22:35:00,4109.0,4111.0,4104.0,4107.0,3334.0,136949390.0,223284.0
2023-04-12 22:40:00,4108.0,4112.0,4106.0,4109.0,1800.0,73981420.0,223039.0
2023-04-12 22:45:00,4109.0,4112.0,4107.0,4111.0,1158.0,47587010.0,223083.0
2023-04-12 22:50:00,4111.0,4113.0,4110.0,4112.0,1351.0,55553850.0,222388.0
2023-04-12 22:55:00,4112.0,4112.0,4105.0,4105.0,3184.0,130832570.0,222366.0
2023-04-13 09:00:00,4113.0,4126.0,4110.0,4124.0,6651.0,273958690.0,222088.0
2023-04-13 09:05:00,4124.0,4129.0,4118.0,4125.0,3759.0,154995880.0,221572.0
2023-04-13 09:10:00,4125.0,4126.0,4113.0,4121.0,3241.0,133473450.0,221318.0
2023-04-13 09:15:00,4121.0,4123.0,4114.0,4117.0,2104.0,86655000.0,221447.0
2023-04-13 09:20:00,4116.0,4117.0,4104.0,4106.0,4996.0,205274780.0,220902.0
2023-04-13 09:25:00,4105.0,4112.0,4104.0,4109.0,2366.0,97213620.0,221165.0
2023-04-13 09:30:00,4109.0,4112.0,4101.0,4112.0,3329.0,136701080.0,221048.0
2023-04-13 09:35:00,4112.0,4113.0,4095.0,4099.0,5271.0,216260480.0,221717.0
2023-04-13 09:40:00,4100.0,4104.0,4098.0,4100.0,2012.0,82520800.0,221869.0
2023-04-13 09:45:00,4101.0,4105.0,4090.0,4090.0,4146.0,169837630.0,222291.0
2023-04-13 09:50:00,4091.0,4096.0,4089.0,4095.0,4140.0,169426660.0,222240.0
2023-04-13 09:55:00,4096.0,4107.0,4095.0,4095.0,4908.0,201285950.0,221999.0
2023-04-13 10:00:00,4095.0,4100.0,4093.0,4099.0,2434.0,99691120.0,221976.0
2023-04-13 10:05:00,4099.0,4100.0,4096.0,4098.0,1284.0,52618920.0,222200.0
2023-04-13 10:10:00,4097.0,4104.0,4095.0,4101.0,1583.0,64905840.0,222108.0
2023-04-13 10:30:00,4101.0,4104.0,4097.0,4100.0,1955.0,80164030.0,222282.0
2023-04-13 10:35:00,4101.0,4114.0,4101.0,4113.0,4018.0,165044430.0,221619.0
2023-04-13 10:40:00,4112.0,4117.0,4111.0,4114.0,2208.0,90826770.0,221410.0
2023-04-13 10:45:00,4113.0,4118.0,4111.0,4115.0,2085.0,85779670.0,221522.0
2023-04-13 10:50:00,4114.0,4115.0,4105.0,4106.0,1811.0,74438700.0,221415.0
2023-04-13 10:55:00,4106.0,4108.0,4102.0,4102.0,1352.0,55489510.0,221465.0
2023-04-13 11:00:00,4102.0,4107.0,4095.0,4097.0,2594.0,106367780.0,221635.0
2023-04-13 11:05:00,4097.0,4102.0,4094.0,4097.0,5033.0,206269900.0,221004.0
2023-04-13 11:10:00,4097.0,4102.0,4093.0,4101.0,3719.0,152404430.0,220750.0
2023-04-13 11:15:00,4100.0,4106.0,4098.0,4105.0,1884.0,77281470.0,220127.0
2023-04-13 11:20:00,4105.0,4120.0,4104.0,4117.0,5573.0,229275030.0,219061.0
2023-04-13 11:25:00,4116.0,4116.0,4110.0,4114.0,1798.0,73954630.0,218699.0
2023-04-13 13:30:00,4113.0,4114.0,4107.0,4108.0,3587.0,147450310.0,218558.0
2023-04-13 13:35:00,4107.0,4110.0,4103.0,4104.0,1897.0,77895880.0,218160.0
2023-04-13 13:40:00,4103.0,4105.0,4101.0,4104.0,1857.0,76186680.0,218230.0
2023-04-13 13:45:00,4103.0,4106.0,4098.0,4103.0,2371.0,97248800.0,218313.0
2023-04-13 13:50:00,4104.0,4106.0,4101.0,4101.0,1791.0,73489360.0,218205.0
2023-04-13 13:55:00,4100.0,4101.0,4086.0,4093.0,5868.0,240084450.0,219250.0
2023-04-13 14:00:00,4093.0,4094.0,4082.0,4088.0,5004.0,204509610.0,219737.0
2023-04-13 14:05:00,4088.0,4096.0,4087.0,4094.0,2563.0,104883790.0,219666.0
2023-04-13 14:10:00,4094.0,4099.0,4092.0,4099.0,1939.0,79418990.0,219494.0
2023-04-13 14:15:00,4098.0,4102.0,4095.0,4095.0,1778.0,72873490.0,219472.0
2023-04-13 14:20:00,4096.0,4108.0,4094.0,4103.0,3654.0,149897680.0,218866.0
2023-04-13 14:25:00,4103.0,4109.0,4102.0,4105.0,2545.0,104489130.0,218537.0
2023-04-13 14:30:00,4104.0,4108.0,4103.0,4107.0,1602.0,65766420.0,218158.0
2023-04-13 14:35:00,4107.0,4110.0,4104.0,4105.0,2126.0,87333350.0,217676.0
2023-04-13 14:40:00,4105.0,4107.0,4102.0,4106.0,1540.0,63205930.0,217305.0
2023-04-13 14:45:00,4107.0,4109.0,4104.0,4108.0,1850.0,75987290.0,217274.0
2023-04-13 14:50:00,4108.0,4114.0,4107.0,4114.0,3178.0,130676730.0,216467.0
2023-04-13 14:55:00,4115.0,4122.0,4114.0,4120.0,6953.0,286392490.0,214928.0
2023-04-13 21:00:00,4120.0,4126.0,4113.0,4117.0,20316.0,836882280.0,211300.0
2023-04-13 21:05:00,4117.0,4130.0,4117.0,4119.0,9518.0,392504250.0,210486.0
2023-04-13 21:10:00,4120.0,4127.0,4118.0,4122.0,4634.0,191055370.0,210098.0
2023-04-13 21:15:00,4121.0,4126.0,4120.0,4122.0,2455.0,101204990.0,209748.0
2023-04-13 21:20:00,4122.0,4124.0,4120.0,4123.0,1528.0,62999890.0,209434.0
2023-04-13 21:25:00,4124.0,4125.0,4121.0,4124.0,2027.0,83582870.0,209070.0
2023-04-13 21:30:00,4125.0,4129.0,4121.0,4129.0,2468.0,101812610.0,208726.0
2023-04-13 21:35:00,4129.0,4129.0,4121.0,4124.0,3159.0,130314580.0,208179.0
2023-04-13 21:40:00,4124.0,4137.0,4123.0,4136.0,6716.0,277522480.0,206815.0
2023-04-13 21:45:00,4138.0,4138.0,4132.0,4136.0,2824.0,116767570.0,206011.0
2023-04-13 21:50:00,4136.0,4137.0,4131.0,4135.0,2438.0,100783410.0,205467.0
2023-04-13 21:55:00,4136.0,4136.0,4132.0,4135.0,2003.0,82808240.0,205190.0
2023-04-13 22:00:00,4136.0,4138.0,4131.0,4133.0,1930.0,79802110.0,204923.0
2023-04-13 22:05:00,4133.0,4135.0,4132.0,4133.0,1150.0,47532320.0,204838.0
2023-04-13 22:10:00,4133.0,4145.0,4132.0,4142.0,5954.0,246559850.0,204229.0
2023-04-13 22:15:00,4142.0,4148.0,4141.0,4144.0,3949.0,163684250.0,203785.0
2023-04-13 22:20:00,4144.0,4145.0,4141.0,4144.0,1820.0,75395880.0,203584.0
2023-04-13 22:25:00,4144.0,4147.0,4143.0,4147.0,1879.0,77887210.0,203629.0
2023-04-13 22:30:00,4146.0,4147.0,4142.0,4142.0,2141.0,88719230.0,203463.0
2023-04-13 22:35:00,4142.0,4145.0,4137.0,4138.0,2258.0,93484470.0,203129.0
2023-04-13 22:40:00,4138.0,4141.0,4135.0,4140.0,1343.0,55571990.0,202913.0
2023-04-13 22:45:00,4140.0,4142.0,4136.0,4136.0,1499.0,62040310.0,202691.0
2023-04-13 22:50:00,4137.0,4139.0,4136.0,4139.0,1162.0,48078210.0,202719.0
2023-04-13 22:55:00,4137.0,4148.0,4137.0,4148.0,2901.0,120185710.0,201988.0
2023-04-14 09:00:00,4143.0,4163.0,4139.0,4161.0,15900.0,660092470.0,200845.0
2023-04-14 09:05:00,4161.0,4167.0,4153.0,4158.0,7558.0,314383840.0,199948.0
2023-04-14 09:10:00,4158.0,4162.0,4149.0,4161.0,5046.0,209705350.0,199479.0
2023-04-14 09:15:00,4160.0,4162.0,4156.0,4159.0,2488.0,103486140.0,199334.0
2023-04-14 09:20:00,4158.0,4162.0,4151.0,4154.0,3003.0,124807330.0,199258.0
2023-04-14 09:25:00,4154.0,4158.0,4147.0,4158.0,3157.0,131052160.0,198882.0
2023-04-14 09:30:00,4158.0,4161.0,4154.0,4157.0,2492.0,103606740.0,198809.0
2023-04-14 09:35:00,4156.0,4163.0,4155.0,4163.0,1869.0,77722390.0,198928.0
2023-04-14 09:40:00,4162.0,4165.0,4160.0,4160.0,2586.0,107639480.0,198545.0
2023-04-14 09:45:00,4160.0,4161.0,4157.0,4160.0,2020.0,84020950.0,198460.0
2023-04-14 09:50:00,4160.0,4164.0,4159.0,4163.0,1383.0,57556100.0,198286.0
2023-04-14 09:55:00,4163.0,4170.0,4160.0,4169.0,4106.0,171073230.0,198348.0
2023-04-14 10:00:00,4170.0,4180.0,4168.0,4179.0,11401.0,475801550.0,198174.0
2023-04-14 10:05:00,4179.0,4182.0,4172.0,4174.0,4981.0,208069320.0,197491.0
2023-04-14 10:10:00,4173.0,4180.0,4170.0,4173.0,4157.0,173569040.0,197628.0
2023-04-14 10:30:00,4172.0,4180.0,4172.0,4177.0,4745.0,198121480.0,198480.0
2023-04-14 10:35:00,4177.0,4177.0,4171.0,4171.0,2264.0,94506260.0,198469.0
2023-04-14 10:40:00,4172.0,4174.0,4167.0,4173.0,2689.0,112139540.0,198532.0
2023-04-14 10:45:00,4172.0,4174.0,4159.0,4163.0,5110.0,212841780.0,197282.0
2023-04-14 10:50:00,4163.0,4167.0,4160.0,4162.0,2171.0,90391600.0,197480.0
2023-04-14 10:55:00,4163.0,4166.0,4159.0,4164.0,2450.0,101993090.0,197384.0
2023-04-14 11:00:00,4164.0,4166.0,4162.0,4163.0,1289.0,53677500.0,197340.0
2023-04-14 11:05:00,4163.0,4165.0,4152.0,4156.0,2853.0,118638340.0,197077.0
2023-04-14 11:10:00,4156.0,4161.0,4153.0,4160.0,2119.0,88083640.0,197125.0
2023-04-14 11:15:00,4160.0,4167.0,4158.0,4166.0,1740.0,72433270.0,197249.0
2023-04-14 11:20:00,4166.0,4166.0,4160.0,4163.0,1388.0,57773100.0,197692.0
2023-04-14 11:25:00,4163.0,4168.0,4161.0,4167.0,1819.0,75773690.0,197245.0
2023-04-14 13:30:00,4167.0,4169.0,4161.0,4167.0,2926.0,121863960.0,197256.0
2023-04-14 13:35:00,4166.0,4172.0,4166.0,4167.0,2024.0,84385680.0,197161.0
2023-04-14 13:40:00,4166.0,4167.0,4164.0,4165.0,940.0,39159380.0,197046.0
2023-04-14 13:45:00,4166.0,4170.0,4166.0,4169.0,1270.0,52931080.0,197025.0
2023-04-14 13:50:00,4168.0,4171.0,4165.0,4171.0,1360.0,56673490.0,196841.0
2023-04-14 13:55:00,4171.0,4171.0,4157.0,4159.0,3655.0,152129540.0,196841.0
2023-04-14 14:00:00,4160.0,4160.0,4156.0,4158.0,2277.0,94682540.0,197486.0
2023-04-14 14:05:00,4157.0,4160.0,4143.0,4147.0,7958.0,330223840.0,197178.0
2023-04-14 14:10:00,4146.0,4150.0,4135.0,4136.0,5664.0,234605910.0,197441.0
2023-04-14 14:15:00,4135.0,4146.0,4133.0,4145.0,4077.0,168815260.0,196863.0
2023-04-14 14:20:00,4143.0,4148.0,4142.0,4146.0,2009.0,83295430.0,196696.0
2023-04-14 14:25:00,4146.0,4147.0,4134.0,4134.0,3363.0,139220900.0,197274.0
2023-04-14 14:30:00,4135.0,4137.0,4116.0,4119.0,10230.0,421813910.0,196559.0
2023-04-14 14:35:00,4120.0,4124.0,4114.0,4114.0,5036.0,207455380.0,196198.0
2023-04-14 14:40:00,4115.0,4121.0,4113.0,4116.0,3663.0,150807380.0,195669.0
2023-04-14 14:45:00,4116.0,4119.0,4105.0,4107.0,7260.0,298484390.0,194951.0
2023-04-14 14:50:00,4108.0,4120.0,4106.0,4118.0,5259.0,216286840.0,193915.0
2023-04-14 14:55:00,4118.0,4119.0,4105.0,4106.0,7127.0,293140230.0,191901.0
2023-04-14 21:00:00,4108.0,4118.0,4105.0,4117.0,21278.0,874634910.0,186623.0
2023-04-14 21:05:00,4117.0,4123.0,4116.0,4122.0,6975.0,287320940.0,185684.0
2023-04-14 21:10:00,4122.0,4127.0,4121.0,4125.0,3440.0,141885200.0,184839.0
2023-04-14 21:15:00,4125.0,4128.0,4122.0,4127.0,2156.0,88938460.0,184623.0
2023-04-14 21:20:00,4127.0,4141.0,4127.0,4138.0,5989.0,247727360.0,183625.0
2023-04-14 21:25:00,4138.0,4148.0,4136.0,4146.0,4337.0,179672140.0,183361.0
2023-04-14 21:30:00,4148.0,4149.0,4142.0,4143.0,3177.0,131702090.0,183214.0
2023-04-14 21:35:00,4143.0,4147.0,4142.0,4146.0,2198.0,91084460.0,183478.0
2023-04-14 21:40:00,4147.0,4151.0,4146.0,4149.0,2962.0,122887710.0,184221.0
2023-04-14 21:45:00,4149.0,4150.0,4143.0,4147.0,2330.0,96612300.0,184059.0
2023-04-14 21:50:00,4148.0,4149.0,4146.0,4147.0,1213.0,50310650.0,184089.0
2023-04-14 21:55:00,4147.0,4149.0,4145.0,4148.0,1434.0,59470000.0,183793.0
2023-04-14 22:00:00,4149.0,4156.0,4148.0,4150.0,4947.0,205433200.0,183722.0
2023-04-14 22:05:00,4150.0,4151.0,4143.0,4146.0,2637.0,109349300.0,183414.0
2023-04-14 22:10:00,4145.0,4147.0,4142.0,4143.0,2866.0,118777370.0,183193.0
2023-04-14 22:15:00,4143.0,4152.0,4143.0,4152.0,2139.0,88719320.0,182893.0
2023-04-14 22:20:00,4152.0,4152.0,4142.0,4143.0,1722.0,71400420.0,182642.0
2023-04-14 22:25:00,4143.0,4146.0,4138.0,4145.0,2450.0,101474630.0,182412.0
2023-04-14 22:30:00,4146.0,4149.0,4134.0,4137.0,3622.0,150013650.0,182592.0
2023-04-14 22:35:00,4137.0,4148.0,4136.0,4148.0,1932.0,80021030.0,182500.0
2023-04-14 22:40:00,4147.0,4148.0,4142.0,4146.0,1241.0,51437370.0,182441.0
2023-04-14 22:45:00,4145.0,4145.0,4141.0,4141.0,956.0,39605260.0,182384.0
2023-04-14 22:50:00,4141.0,4147.0,4140.0,4144.0,1723.0,71398520.0,181826.0
2023-04-14 22:55:00,4145.0,4151.0,4142.0,4148.0,2778.0,115183510.0,180516.0
2023-04-17 09:00:00,4148.0,4158.0,4145.0,4147.0,9294.0,385968880.0,180072.0
2023-04-17 09:05:00,4147.0,4148.0,4131.0,4134.0,10965.0,454075920.0,178082.0
2023-04-17 09:10:00,4134.0,4138.0,4122.0,4133.0,6116.0,252567060.0,176562.0
2023-04-17 09:15:00,4132.0,4137.0,4130.0,4137.0,3090.0,127705960.0,175800.0
2023-04-17 09:20:00,4136.0,4140.0,4129.0,4134.0,2440.0,100891060.0,175351.0
2023-04-17 09:25:00,4134.0,4143.0,4134.0,4141.0,2112.0,87417620.0,175263.0
2023-04-17 09:30:00,4141.0,4142.0,4132.0,4140.0,2168.0,89689170.0,175147.0
2023-04-17 09:35:00,4140.0,4144.0,4137.0,4143.0,1882.0,77924730.0,174917.0
2023-04-17 09:40:00,4143.0,4146.0,4135.0,4136.0,2028.0,83993450.0,174933.0
2023-04-17 09:45:00,4136.0,4141.0,4131.0,4140.0,2507.0,103697530.0,174702.0
2023-04-17 09:50:00,4139.0,4147.0,4138.0,4145.0,2528.0,104758500.0,174720.0
2023-04-17 09:55:00,4145.0,4153.0,4143.0,4153.0,2628.0,109041360.0,174423.0
2023-04-17 10:00:00,4153.0,4153.0,4140.0,4142.0,2936.0,121743710.0,174289.0
2023-04-17 10:05:00,4141.0,4145.0,4138.0,4143.0,2131.0,88230870.0,173734.0
2023-04-17 10:10:00,4142.0,4145.0,4141.0,4144.0,2750.0,113942290.0,173015.0
2023-04-17 10:30:00,4145.0,4151.0,4144.0,4150.0,2207.0,91552740.0,172656.0
2023-04-17 10:35:00,4149.0,4151.0,4143.0,4148.0,2341.0,97066210.0,172741.0
2023-04-17 10:40:00,4148.0,4151.0,4145.0,4150.0,2839.0,117782630.0,172364.0
2023-04-17 10:45:00,4149.0,4151.0,4147.0,4149.0,1991.0,82619120.0,172148.0
2023-04-17 10:50:00,4149.0,4156.0,4148.0,4151.0,2281.0,94723120.0,171821.0
2023-04-17 10:55:00,4151.0,4152.0,4141.0,4144.0,1693.0,70187900.0,171442.0
2023-04-17 11:00:00,4144.0,4146.0,4140.0,4146.0,1968.0,81537880.0,170855.0
2023-04-17 11:05:00,4145.0,4150.0,4144.0,4148.0,1133.0,46988210.0,170898.0
2023-04-17 11:10:00,4148.0,4150.0,4146.0,4148.0,997.0,41352870.0,171211.0
2023-04-17 11:15:00,4148.0,4150.0,4142.0,4150.0,1382.0,57299560.0,170953.0
2023-04-17 11:20:00,4149.0,4160.0,4149.0,4159.0,4314.0,179223790.0,170820.0
2023-04-17 11:25:00,4159.0,4159.0,4154.0,4154.0,2273.0,94465300.0,170754.0
2023-04-17 13:30:00,4156.0,4159.0,4152.0,4154.0,2465.0,102418710.0,170178.0
2023-04-17 13:35:00,4154.0,4154.0,4147.0,4153.0,2259.0,93747910.0,170185.0
2023-04-17 13:40:00,4153.0,4156.0,4150.0,4154.0,1442.0,59883290.0,170003.0
2023-04-17 13:45:00,4153.0,4157.0,4147.0,4157.0,2074.0,86108320.0,170012.0
2023-04-17 13:50:00,4156.0,4160.0,4155.0,4155.0,2479.0,103079420.0,170319.0
2023-04-17 13:55:00,4155.0,4157.0,4154.0,4156.0,802.0,33326260.0,170111.0
2023-04-17 14:00:00,4156.0,4158.0,4152.0,4152.0,1216.0,50511710.0,170180.0
2023-04-17 14:05:00,4152.0,4152.0,4149.0,4150.0,1794.0,74461860.0,169527.0
2023-04-17 14:10:00,4150.0,4151.0,4144.0,4150.0,1611.0,66809990.0,169363.0
2023-04-17 14:15:00,4150.0,4153.0,4148.0,4151.0,1012.0,42005110.0,169348.0
2023-04-17 14:20:00,4152.0,4153.0,4144.0,4146.0,1511.0,62667300.0,169248.0
2023-04-17 14:25:00,4146.0,4150.0,4145.0,4149.0,1670.0,69282380.0,168961.0
2023-04-17 14:30:00,4149.0,4152.0,4148.0,4148.0,855.0,35480330.0,169029.0
2023-04-17 14:35:00,4148.0,4157.0,4148.0,4157.0,2587.0,107468260.0,168802.0
2023-04-17 14:40:00,4157.0,4162.0,4155.0,4161.0,2851.0,118566050.0,169045.0
2023-04-17 14:45:00,4162.0,4162.0,4154.0,4155.0,1377.0,57247240.0,168935.0
2023-04-17 14:50:00,4155.0,4156.0,4152.0,4152.0,1870.0,77681750.0,168840.0
2023-04-17 14:55:00,4152.0,4164.0,4148.0,4162.0,3771.0,156721330.0,167724.0
2023-04-17 21:00:00,4146.0,4166.0,4146.0,4155.0,15497.0,643675670.0,165147.0
2023-04-17 21:05:00,4156.0,4159.0,4145.0,4148.0,5588.0,232011650.0,163762.0
2023-04-17 21:10:00,4148.0,4154.0,4145.0,4152.0,2950.0,122428320.0,163146.0
2023-04-17 21:15:00,4152.0,4156.0,4149.0,4150.0,2146.0,89132150.0,163204.0
2023-04-17 21:20:00,4150.0,4153.0,4150.0,4152.0,1063.0,44130390.0,163102.0
2023-04-17 21:25:00,4151.0,4152.0,4146.0,4146.0,1551.0,64342240.0,162966.0
2023-04-17 21:30:00,4146.0,4152.0,4145.0,4146.0,1522.0,63138040.0,162820.0
2023-04-17 21:35:00,4146.0,4149.0,4136.0,4136.0,2762.0,114402580.0,162391.0
2023-04-17 21:40:00,4136.0,4143.0,4136.0,4140.0,1494.0,61856540.0,162437.0
2023-04-17 21:45:00,4140.0,4148.0,4140.0,4145.0,1533.0,63538170.0,162287.0
2023-04-17 21:50:00,4144.0,4149.0,4144.0,4147.0,1022.0,42379780.0,162044.0
2023-04-17 21:55:00,4148.0,4153.0,4148.0,4150.0,1296.0,53794540.0,162024.0
2023-04-17 22:00:00,4150.0,4154.0,4149.0,4151.0,1318.0,54716330.0,162081.0
2023-04-17 22:05:00,4151.0,4152.0,4147.0,4148.0,3594.0,149139930.0,162455.0
2023-04-17 22:10:00,4149.0,4154.0,4149.0,4153.0,927.0,38484240.0,162530.0
2023-04-17 22:15:00,4152.0,4155.0,4151.0,4151.0,1169.0,48543760.0,162362.0
2023-04-17 22:20:00,4151.0,4154.0,4150.0,4153.0,595.0,24710340.0,162353.0
2023-04-17 22:25:00,4153.0,4154.0,4150.0,4150.0,574.0,23829390.0,162287.0
2023-04-17 22:30:00,4151.0,4153.0,4149.0,4150.0,546.0,22664480.0,162211.0
2023-04-17 22:35:00,4151.0,4153.0,4143.0,4144.0,1552.0,64351580.0,161765.0
2023-04-17 22:40:00,4144.0,4146.0,4141.0,4142.0,1378.0,57097670.0,161637.0
2023-04-17 22:45:00,4141.0,4147.0,4140.0,4147.0,911.0,37748090.0,161364.0
2023-04-17 22:50:00,4147.0,4149.0,4146.0,4147.0,588.0,24385580.0,161225.0
2023-04-17 22:55:00,4147.0,4150.0,4145.0,4145.0,1030.0,42715550.0,160691.0
2023-04-18 09:00:00,4142.0,4147.0,4131.0,4144.0,5914.0,244802030.0,160207.0
2023-04-18 09:05:00,4144.0,4148.0,4139.0,4145.0,2646.0,109636390.0,159885.0
2023-04-18 09:10:00,4145.0,4150.0,4144.0,4146.0,1279.0,53041790.0,159777.0
2023-04-18 09:15:00,4147.0,4149.0,4142.0,4145.0,1647.0,68293690.0,159851.0
2023-04-18 09:20:00,4145.0,4148.0,4143.0,4145.0,794.0,32910470.0,159679.0
2023-04-18 09:25:00,4144.0,4149.0,4141.0,4145.0,1216.0,50403260.0,159497.0
2023-04-18 09:30:00,4144.0,4147.0,4139.0,4140.0,1580.0,65439410.0,159735.0
2023-04-18 09:35:00,4140.0,4140.0,4132.0,4137.0,2974.0,122978380.0,159723.0
2023-04-18 09:40:00,4136.0,4143.0,4136.0,4142.0,1372.0,56799680.0,159546.0
2023-04-18 09:45:00,4141.0,4148.0,4139.0,4147.0,1590.0,65892160.0,159441.0
2023-04-18 09:50:00,4148.0,4154.0,4144.0,4153.0,2587.0,107339830.0,159472.0
2023-04-18 09:55:00,4153.0,4154.0,4145.0,4147.0,2400.0,99581130.0,159205.0
2023-04-18 10:00:00,4148.0,4153.0,4147.0,4148.0,2326.0,96530820.0,158945.0
2023-04-18 10:05:00,4147.0,4149.0,4142.0,4145.0,1249.0,51780590.0,158871.0
2023-04-18 10:10:00,4145.0,4147.0,4142.0,4142.0,862.0,35724740.0,158795.0
2023-04-18 10:30:00,4144.0,4144.0,4136.0,4140.0,2066.0,85536530.0,158686.0
2023-04-18 10:35:00,4139.0,4141.0,4135.0,4140.0,1572.0,65044700.0,158646.0
2023-04-18 10:40:00,4140.0,4142.0,4133.0,4140.0,2838.0,117421870.0,158377.0
2023-04-18 10:45:00,4141.0,4147.0,4139.0,4145.0,2542.0,105330990.0,157078.0
2023-04-18 10:50:00,4145.0,4146.0,4140.0,4141.0,1280.0,53034530.0,156564.0
2023-04-18 10:55:00,4141.0,4146.0,4138.0,4144.0,1347.0,55799370.0,156515.0
2023-04-18 11:00:00,4144.0,4152.0,4144.0,4151.0,2004.0,83116100.0,156316.0
2023-04-18 11:05:00,4151.0,4152.0,4147.0,4150.0,1067.0,44273080.0,155940.0
2023-04-18 11:10:00,4151.0,4153.0,4147.0,4149.0,1100.0,45652310.0,155702.0
2023-04-18 11:15:00,4149.0,4153.0,4148.0,4152.0,749.0,31086260.0,155577.0
2023-04-18 11:20:00,4152.0,4170.0,4151.0,4156.0,7550.0,314224660.0,155157.0
2023-04-18 11:25:00,4157.0,4159.0,4154.0,4154.0,1419.0,58979120.0,155185.0
2023-04-18 13:30:00,4153.0,4161.0,4153.0,4157.0,2650.0,110159810.0,155748.0
2023-04-18 13:35:00,4158.0,4161.0,4154.0,4160.0,1438.0,59789360.0,155678.0
2023-04-18 13:40:00,4159.0,4160.0,4151.0,4156.0,1743.0,72411280.0,155321.0
2023-04-18 13:45:00,4156.0,4160.0,4155.0,4158.0,1241.0,51600470.0,154812.0
2023-04-18 13:50:00,4159.0,4164.0,4157.0,4163.0,1463.0,60858020.0,154444.0
2023-04-18 13:55:00,4162.0,4164.0,4156.0,4161.0,1229.0,51123450.0,154464.0
2023-04-18 14:00:00,4161.0,4161.0,4152.0,4154.0,1241.0,51574090.0,154410.0
2023-04-18 14:05:00,4154.0,4157.0,4153.0,4154.0,1078.0,44791180.0,154390.0
2023-04-18 14:10:00,4155.0,4160.0,4155.0,4159.0,671.0,27897720.0,154248.0
2023-04-18 14:15:00,4158.0,4162.0,4156.0,4159.0,992.0,41258180.0,153979.0
2023-04-18 14:20:00,4159.0,4161.0,4157.0,4160.0,737.0,30651210.0,153886.0
2023-04-18 14:25:00,4160.0,4164.0,4159.0,4161.0,1264.0,52606930.0,153651.0
2023-04-18 14:30:00,4161.0,4166.0,4161.0,4164.0,1993.0,82999070.0,153716.0
2023-04-18 14:35:00,4165.0,4166.0,4163.0,4164.0,1318.0,54888170.0,153376.0
2023-04-18 14:40:00,4165.0,4169.0,4163.0,4169.0,1828.0,76159240.0,153290.0
2023-04-18 14:45:00,4168.0,4170.0,4167.0,4168.0,2930.0,122144070.0,152361.0
2023-04-18 14:50:00,4169.0,4170.0,4164.0,4164.0,2280.0,95034360.0,151321.0
2023-04-18 14:55:00,4165.0,4170.0,4162.0,4170.0,3338.0,139109940.0,150250.0
2023-04-18 21:00:00,4161.0,4178.0,4161.0,4170.0,21489.0,895336190.0,139282.0
2023-04-18 21:05:00,4171.0,4182.0,4170.0,4176.0,7510.0,313708070.0,137353.0
2023-04-18 21:10:00,4176.0,4176.0,4156.0,4163.0,3224.0,134279660.0,136510.0
2023-04-18 21:15:00,4164.0,4171.0,4163.0,4167.0,1825.0,76055150.0,135960.0
2023-04-18 21:20:00,4167.0,4177.0,4167.0,4176.0,1751.0,73051260.0,135466.0
2023-04-18 21:25:00,4176.0,4176.0,4170.0,4171.0,1376.0,57425790.0,135295.0
2023-04-18 21:30:00,4172.0,4173.0,4164.0,4169.0,1070.0,44602120.0,135008.0
2023-04-18 21:35:00,4169.0,4170.0,4165.0,4165.0,722.0,30086500.0,134864.0
2023-04-18 21:40:00,4166.0,4169.0,4165.0,4166.0,427.0,17790910.0,134783.0
2023-04-18 21:45:00,4166.0,4168.0,4163.0,4166.0,635.0,26448020.0,134630.0
2023-04-18 21:50:00,4165.0,4170.0,4165.0,4167.0,505.0,21046810.0,134521.0
2023-04-18 21:55:00,4168.0,4171.0,4167.0,4167.0,767.0,31972390.0,134389.0
2023-04-18 22:00:00,4168.0,4170.0,4165.0,4166.0,595.0,24794090.0,134209.0
2023-04-18 22:05:00,4165.0,4166.0,4157.0,4164.0,1430.0,59501220.0,133884.0
2023-04-18 22:10:00,4163.0,4169.0,4163.0,4167.0,487.0,20290200.0,133849.0
2023-04-18 22:15:00,4168.0,4173.0,4168.0,4170.0,1588.0,66226330.0,133292.0
2023-04-18 22:20:00,4172.0,4177.0,4170.0,4177.0,2356.0,98340430.0,132273.0
2023-04-18 22:25:00,4176.0,4177.0,4172.0,4175.0,2102.0,87748810.0,131150.0
2023-04-18 22:30:00,4176.0,4178.0,4173.0,4174.0,2002.0,83579720.0,130104.0
2023-04-18 22:35:00,4174.0,4177.0,4171.0,4175.0,867.0,36187530.0,129811.0
2023-04-18 22:40:00,4175.0,4180.0,4174.0,4178.0,787.0,32877440.0,129658.0
2023-04-18 22:45:00,4179.0,4181.0,4176.0,4180.0,1042.0,43545910.0,129361.0
2023-04-18 22:50:00,4181.0,4184.0,4175.0,4177.0,1471.0,61497080.0,129410.0
2023-04-18 22:55:00,4176.0,4178.0,4174.0,4175.0,1116.0,46601290.0,129083.0
2023-04-19 09:00:00,4174.0,4186.0,4174.0,4185.0,4031.0,168516910.0,128153.0
2023-04-19 09:05:00,4187.0,4188.0,4175.0,4175.0,3071.0,128470220.0,127517.0
2023-04-19 09:10:00,4177.0,4184.0,4176.0,4181.0,1203.0,50293750.0,127389.0
2023-04-19 09:15:00,4182.0,4182.0,4175.0,4176.0,1736.0,72530350.0,126776.0
2023-04-19 09:20:00,4176.0,4180.0,4176.0,4178.0,1027.0,42913070.0,126200.0
2023-04-19 09:25:00,4180.0,4185.0,4178.0,4184.0,1805.0,75475630.0,125631.0
2023-04-19 09:30:00,4184.0,4184.0,4169.0,4170.0,2553.0,106652260.0,124348.0
2023-04-19 09:35:00,4169.0,4174.0,4160.0,4162.0,2624.0,109346020.0,123464.0
2023-04-19 09:40:00,4162.0,4168.0,4160.0,4164.0,1394.0,58047640.0,122923.0
2023-04-19 09:45:00,4164.0,4174.0,4163.0,4171.0,1031.0,43005060.0,122680.0
2023-04-19 09:50:00,4172.0,4174.0,4170.0,4174.0,594.0,24783940.0,122380.0
2023-04-19 09:55:00,4174.0,4176.0,4171.0,4173.0,454.0,18947700.0,122217.0
2023-04-19 10:00:00,4173.0,4175.0,4166.0,4167.0,1171.0,48841310.0,121859.0
2023-04-19 10:05:00,4169.0,4169.0,4166.0,4169.0,624.0,26008330.0,121601.0
2023-04-19 10:10:00,4169.0,4169.0,4166.0,4168.0,174.0,7251870.0,121565.0
2023-04-19 10:30:00,4168.0,4172.0,4168.0,4170.0,1307.0,54520150.0,121048.0
2023-04-19 10:35:00,4169.0,4171.0,4160.0,4162.0,1288.0,53624980.0,120810.0
2023-04-19 10:40:00,4162.0,4166.0,4160.0,4162.0,964.0,40138320.0,120631.0
2023-04-19 10:45:00,4162.0,4164.0,4157.0,4159.0,1082.0,45014270.0,120383.0
2023-04-19 10:50:00,4161.0,4167.0,4159.0,4164.0,767.0,31937280.0,119952.0
2023-04-19 10:55:00,4165.0,4169.0,4164.0,4166.0,504.0,20998560.0,119666.0
2023-04-19 11:00:00,4166.0,4171.0,4164.0,4171.0,728.0,30344280.0,119314.0
2023-04-19 11:05:00,4170.0,4171.0,4167.0,4168.0,406.0,16925480.0,119189.0
2023-04-19 11:10:00,4168.0,4170.0,4167.0,4167.0,363.0,15133520.0,119027.0
2023-04-19 11:15:00,4167.0,4170.0,4167.0,4170.0,134.0,5585970.0,118991.0
2023-04-19 11:20:00,4168.0,4170.0,4161.0,4162.0,956.0,39812850.0,118914.0
2023-04-19 11:25:00,4161.0,4168.0,4161.0,4164.0,915.0,38100630.0,118609.0
2023-04-19 13:30:00,4161.0,4165.0,4159.0,4160.0,1311.0,54558240.0,118362.0
2023-04-19 13:35:00,4159.0,4165.0,4158.0,4163.0,1823.0,75878200.0,117694.0
2023-04-19 13:40:00,4163.0,4166.0,4160.0,4165.0,1273.0,53018200.0,116861.0
2023-04-19 13:45:00,4165.0,4175.0,4164.0,4174.0,920.0,38367570.0,116759.0
2023-04-19 13:50:00,4174.0,4175.0,4170.0,4171.0,945.0,39435500.0,116908.0
2023-04-19 13:55:00,4171.0,4172.0,4164.0,4166.0,574.0,23922890.0,116779.0
2023-04-19 14:00:00,4165.0,4166.0,4161.0,4163.0,943.0,39258300.0,116350.0
2023-04-19 14:05:00,4163.0,4164.0,4147.0,4149.0,2633.0,109376610.0,115272.0
2023-04-19 14:10:00,4149.0,4155.0,4137.0,4138.0,2829.0,117272590.0,114277.0
2023-04-19 14:15:00,4137.0,4138.0,4121.0,4121.0,6298.0,260204820.0,113358.0
2023-04-19 14:20:00,4121.0,4138.0,4119.0,4128.0,3587.0,148113860.0,112934.0
2023-04-19 14:25:00,4129.0,4135.0,4125.0,4133.0,2095.0,86515010.0,111942.0
2023-04-19 14:30:00,4135.0,4141.0,4133.0,4140.0,1589.0,65757070.0,111224.0
2023-04-19 14:35:00,4140.0,4145.0,4139.0,4142.0,799.0,33093710.0,110917.0
2023-04-19 14:40:00,4142.0,4143.0,4135.0,4136.0,1377.0,56987930.0,110522.0
2023-04-19 14:45:00,4135.0,4137.0,4127.0,4132.0,1585.0,65494810.0,110330.0
2023-04-19 14:50:00,4133.0,4138.0,4133.0,4137.0,922.0,38132800.0,110046.0
2023-04-19 14:55:00,4136.0,4146.0,4136.0,4145.0,2006.0,83093130.0,109840.0
2023-04-19 21:00:00,4158.0,4158.0,4130.0,4150.0,10980.0,455360340.0,105438.0
2023-04-19 21:05:00,4150.0,4157.0,4144.0,4148.0,1866.0,77429180.0,104930.0
2023-04-19 21:10:00,4148.0,4150.0,4141.0,4142.0,1041.0,43176870.0,104858.0
2023-04-19 21:15:00,4143.0,4146.0,4136.0,4140.0,876.0,36273070.0,104571.0
2023-04-19 21:20:00,4140.0,4160.0,4140.0,4158.0,1262.0,52397590.0,104307.0
2023-04-19 21:25:00,4157.0,4159.0,4150.0,4152.0,855.0,35526790.0,104114.0
2023-04-19 21:30:00,4153.0,4168.0,4153.0,4162.0,1732.0,72084820.0,103352.0
2023-04-19 21:35:00,4163.0,4164.0,4153.0,4154.0,1276.0,53074060.0,103059.0
2023-04-19 21:40:00,4154.0,4162.0,4153.0,4159.0,1424.0,59196120.0,102550.0
2023-04-19 21:45:00,4159.0,4163.0,4155.0,4159.0,687.0,28575540.0,102356.0
2023-04-19 21:50:00,4158.0,4158.0,4149.0,4150.0,706.0,29327950.0,102379.0
2023-04-19 21:55:00,4150.0,4153.0,4141.0,4143.0,693.0,28728060.0,102149.0
2023-04-19 22:00:00,4143.0,4152.0,4138.0,4152.0,912.0,37805340.0,101972.0
2023-04-19 22:05:00,4152.0,4157.0,4150.0,4155.0,988.0,41030920.0,101741.0
2023-04-19 22:10:00,4155.0,4158.0,4153.0,4155.0,403.0,16746040.0,101604.0
2023-04-19 22:15:00,4156.0,4157.0,4146.0,4147.0,764.0,31711380.0,101302.0
2023-04-19 22:20:00,4148.0,4149.0,4143.0,4143.0,868.0,35989960.0,100955.0
2023-04-19 22:25:00,4143.0,4149.0,4143.0,4144.0,553.0,22925410.0,100801.0
2023-04-19 22:30:00,4143.0,4152.0,4143.0,4147.0,489.0,20287810.0,100668.0
2023-04-19 22:35:00,4148.0,4153.0,4148.0,4150.0,269.0,11162950.0,100565.0
2023-04-19 22:40:00,4151.0,4152.0,4147.0,4151.0,227.0,9418720.0,100488.0
2023-04-19 22:45:00,4150.0,4157.0,4149.0,4157.0,292.0,12128990.0,100407.0
2023-04-19 22:50:00,4157.0,4161.0,4154.0,4161.0,716.0,29773360.0,100251.0
2023-04-19 22:55:00,4162.0,4168.0,4161.0,4163.0,1400.0,58304130.0,99941.0
2023-04-20 09:00:00,4158.0,4166.0,4153.0,4154.0,2252.0,93675910.0,99760.0
2023-04-20 09:05:00,4154.0,4158.0,4152.0,4154.0,699.0,29049470.0,99553.0
2023-04-20 09:10:00,4154.0,4161.0,4152.0,4152.0,1048.0,43577760.0,99105.0
2023-04-20 09:15:00,4152.0,4152.0,4140.0,4143.0,1948.0,80728170.0,98738.0
2023-04-20 09:20:00,4143.0,4147.0,4140.0,4140.0,938.0,38864470.0,98462.0
2023-04-20 09:25:00,4140.0,4144.0,4135.0,4137.0,1691.0,69993910.0,97959.0
2023-04-20 09:30:00,4136.0,4142.0,4136.0,4141.0,815.0,33740340.0,97651.0
2023-04-20 09:35:00,4141.0,4141.0,4131.0,4132.0,719.0,29730670.0,97616.0
2023-04-20 09:40:00,4132.0,4133.0,4123.0,4128.0,1939.0,80033070.0,97539.0
2023-04-20 09:45:00,4127.0,4136.0,4127.0,4133.0,1394.0,57616870.0,97338.0
2023-04-20 09:50:00,4132.0,4136.0,4130.0,4136.0,577.0,23847680.0,97183.0
2023-04-20 09:55:00,4136.0,4138.0,4127.0,4127.0,597.0,24666000.0,97002.0
2023-04-20 10:00:00,4128.0,4136.0,4126.0,4133.0,802.0,33130750.0,96642.0
2023-04-20 10:05:00,4133.0,4133.0,4127.0,4130.0,337.0,13918270.0,96616.0
2023-04-20 10:10:00,4129.0,4132.0,4127.0,4128.0,456.0,18832130.0,96632.0
2023-04-20 10:30:00,4129.0,4131.0,4122.0,4128.0,1234.0,50928710.0,96280.0
2023-04-20 10:35:00,4127.0,4142.0,4125.0,4137.0,1616.0,66784550.0,95805.0
2023-04-20 10:40:00,4138.0,4140.0,4134.0,4135.0,487.0,20150800.0,95593.0
2023-04-20 10:45:00,4135.0,4138.0,4135.0,4138.0,211.0,8727780.0,95537.0
2023-04-20 10:50:00,4137.0,4139.0,4131.0,4132.0,466.0,19268940.0,95394.0
2023-04-20 10:55:00,4132.0,4134.0,4129.0,4132.0,454.0,18755140.0,95329.0
2023-04-20 11:00:00,4133.0,4133.0,4128.0,4129.0,414.0,17098760.0,95273.0
2023-04-20 11:05:00,4129.0,4129.0,4102.0,4111.0,6344.0,260880150.0,94716.0
2023-04-20 11:10:00,4111.0,4115.0,4106.0,4107.0,1954.0,80316670.0,93929.0
2023-04-20 11:15:00,4108.0,4116.0,4107.0,4114.0,793.0,32612700.0,93713.0
2023-04-20 11:20:00,4114.0,4115.0,4102.0,4103.0,841.0,34553470.0,93448.0
2023-04-20 11:25:00,4102.0,4107.0,4097.0,4104.0,3284.0,134688530.0,93151.0
2023-04-20 13:30:00,4103.0,4110.0,4098.0,4107.0,1935.0,79424890.0,92792.0
2023-04-20 13:35:00,4109.0,4116.0,4105.0,4105.0,1313.0,53974550.0,92678.0
2023-04-20 13:40:00,4105.0,4113.0,4103.0,4111.0,907.0,37246000.0,92256.0
2023-04-20 13:45:00,4110.0,4128.0,4110.0,4128.0,1372.0,56537690.0,91955.0
2023-04-20 13:50:00,4127.0,4130.0,4123.0,4127.0,1564.0,64535710.0,91406.0
2023-04-20 13:55:00,4126.0,4128.0,4121.0,4126.0,916.0,37786870.0,91086.0
2023-04-20 14:00:00,4126.0,4148.0,4125.0,4142.0,2308.0,95532420.0,90388.0
2023-04-20 14:05:00,4143.0,4160.0,4143.0,4154.0,2884.0,119729510.0,90025.0
2023-04-20 14:10:00,4155.0,4174.0,4150.0,4173.0,3317.0,138043040.0,89751.0
2023-04-20 14:15:00,4173.0,4180.0,4163.0,4180.0,4516.0,188477790.0,89315.0
2023-04-20 14:20:00,4180.0,4184.0,4175.0,4183.0,4555.0,190379720.0,88760.0
2023-04-20 14:25:00,4184.0,4185.0,4179.0,4183.0,2091.0,87469530.0,88368.0
2023-04-20 14:30:00,4182.0,4200.0,4179.0,4198.0,6581.0,275842710.0,88223.0
2023-04-20 14:35:00,4197.0,4198.0,4177.0,4187.0,2354.0,98522760.0,87851.0
2023-04-20 14:40:00,4185.0,4193.0,4184.0,4191.0,1973.0,82670900.0,87267.0
2023-04-20 14:45:00,4191.0,4193.0,4183.0,4187.0,1362.0,57018320.0,87209.0
2023-04-20 14:50:00,4186.0,4198.0,4184.0,4196.0,1886.0,79058010.0,87466.0
2023-04-20 14:55:00,4195.0,4203.0,4192.0,4200.0,3856.0,161875090.0,86216.0
2023-04-20 21:00:00,4185.0,4201.0,4181.0,4185.0,7216.0,302120630.0,83259.0
2023-04-20 21:05:00,4186.0,4188.0,4175.0,4180.0,2372.0,99171710.0,83386.0
2023-04-20 21:10:00,4180.0,4189.0,4179.0,4187.0,1402.0,58666240.0,83198.0
2023-04-20 21:15:00,4186.0,4193.0,4172.0,4179.0,2479.0,103666310.0,82559.0
2023-04-20 21:20:00,4179.0,4189.0,4177.0,4186.0,1360.0,56882550.0,82210.0
2023-04-20 21:25:00,4185.0,4191.0,4183.0,4189.0,492.0,20603340.0,82181.0
2023-04-20 21:30:00,4189.0,4196.0,4183.0,4196.0,753.0,31553210.0,82115.0
2023-04-20 21:35:00,4195.0,4200.0,4192.0,4194.0,1012.0,42471340.0,82181.0
2023-04-20 21:40:00,4193.0,4195.0,4189.0,4189.0,344.0,14420150.0,82191.0
2023-04-20 21:45:00,4189.0,4194.0,4184.0,4194.0,448.0,18762690.0,82135.0
2023-04-20 21:50:00,4194.0,4199.0,4192.0,4193.0,401.0,16824640.0,82004.0
2023-04-20 21:55:00,4193.0,4195.0,4189.0,4194.0,203.0,8509410.0,81992.0
2023-04-20 22:00:00,4193.0,4195.0,4188.0,4195.0,431.0,18073710.0,81919.0
2023-04-20 22:05:00,4194.0,4195.0,4189.0,4193.0,329.0,13791910.0,81814.0
2023-04-20 22:10:00,4193.0,4196.0,4191.0,4192.0,326.0,13670750.0,81737.0
2023-04-20 22:15:00,4192.0,4204.0,4192.0,4194.0,1147.0,48140860.0,81443.0
2023-04-20 22:20:00,4195.0,4197.0,4191.0,4195.0,210.0,8807350.0,81390.0
2023-04-20 22:25:00,4195.0,4197.0,4193.0,4196.0,520.0,21813390.0,81090.0
2023-04-20 22:30:00,4196.0,4206.0,4196.0,4204.0,1355.0,56912120.0,80377.0
2023-04-20 22:35:00,4204.0,4204.0,4197.0,4199.0,302.0,12684490.0,80330.0
2023-04-20 22:40:00,4199.0,4200.0,4191.0,4191.0,281.0,11789030.0,80202.0
2023-04-20 22:45:00,4191.0,4198.0,4191.0,4196.0,286.0,11998860.0,80082.0
2023-04-20 22:50:00,4198.0,4198.0,4190.0,4193.0,267.0,11194180.0,79937.0
2023-04-20 22:55:00,4193.0,4196.0,4182.0,4193.0,696.0,29158910.0,79668.0
2023-04-21 09:00:00,4189.0,4197.0,4179.0,4193.0,1332.0,55800720.0,79465.0
2023-04-21 09:05:00,4194.0,4199.0,4189.0,4194.0,967.0,40562730.0,79435.0
2023-04-21 09:10:00,4194.0,4199.0,4192.0,4196.0,405.0,16992730.0,79355.0
2023-04-21 09:15:00,4196.0,4210.0,4192.0,4206.0,1677.0,70451280.0,79135.0
2023-04-21 09:20:00,4206.0,4208.0,4196.0,4201.0,657.0,27602900.0,78934.0
2023-04-21 09:25:00,4201.0,4213.0,4196.0,4211.0,1316.0,55359240.0,78813.0
2023-04-21 09:30:00,4210.0,4210.0,4203.0,4203.0,1231.0,51784390.0,78505.0
2023-04-21 09:35:00,4204.0,4215.0,4203.0,4215.0,1115.0,46953500.0,78474.0
2023-04-21 09:40:00,4215.0,4222.0,4214.0,4219.0,3280.0,138375920.0,77837.0
2023-04-21 09:45:00,4219.0,4221.0,4205.0,4209.0,817.0,34410960.0,77455.0
2023-04-21 09:50:00,4208.0,4213.0,4201.0,4209.0,1851.0,77885080.0,76572.0
2023-04-21 09:55:00,4210.0,4218.0,4210.0,4214.0,613.0,25834150.0,76361.0
2023-04-21 10:00:00,4214.0,4220.0,4213.0,4214.0,919.0,38749800.0,76273.0
2023-04-21 10:05:00,4214.0,4215.0,4211.0,4212.0,1127.0,47474800.0,75626.0
2023-04-21 10:10:00,4212.0,4219.0,4209.0,4219.0,824.0,34737110.0,75259.0
2023-04-21 10:30:00,4220.0,4220.0,4209.0,4210.0,1014.0,42741780.0,74928.0
2023-04-21 10:35:00,4210.0,4214.0,4203.0,4213.0,1017.0,42809930.0,74696.0
2023-04-21 10:40:00,4211.0,4217.0,4210.0,4212.0,364.0,15341540.0,74674.0
2023-04-21 10:45:00,4212.0,4218.0,4210.0,4215.0,822.0,34647020.0,74188.0
2023-04-21 10:50:00,4215.0,4215.0,4206.0,4210.0,668.0,28119850.0,74059.0
2023-04-21 10:55:00,4208.0,4212.0,4206.0,4208.0,232.0,9764160.0,74054.0
2023-04-21 11:00:00,4208.0,4209.0,4204.0,4208.0,415.0,17453650.0,73986.0
2023-04-21 11:05:00,4207.0,4213.0,4207.0,4211.0,383.0,16121400.0,73840.0
2023-04-21 11:10:00,4210.0,4219.0,4208.0,4217.0,348.0,14665410.0,73754.0
2023-04-21 11:15:00,4218.0,4218.0,4211.0,4213.0,260.0,10957080.0,73748.0
2023-04-21 11:20:00,4211.0,4213.0,4208.0,4208.0,192.0,8082900.0,73649.0
2023-04-21 11:25:00,4208.0,4214.0,4206.0,4214.0,560.0,23570480.0,73465.0
2023-04-21 13:30:00,4214.0,4214.0,4206.0,4206.0,534.0,22483950.0,73319.0
2023-04-21 13:35:00,4207.0,4220.0,4206.0,4220.0,635.0,26760370.0,73172.0
2023-04-21 13:40:00,4218.0,4228.0,4218.0,4221.0,1705.0,72017100.0,72433.0
2023-04-21 13:45:00,4220.0,4239.0,4220.0,4237.0,1912.0,80922040.0,71858.0
2023-04-21 13:50:00,4237.0,4240.0,4230.0,4239.0,1612.0,68289890.0,71592.0
2023-04-21 13:55:00,4240.0,4242.0,4234.0,4238.0,859.0,36397500.0,71325.0
2023-04-21 14:00:00,4237.0,4244.0,4232.0,4243.0,1523.0,64569780.0,71151.0
2023-04-21 14:05:00,4242.0,4242.0,4232.0,4236.0,628.0,26610650.0,70995.0
2023-04-21 14:10:00,4236.0,4236.0,4228.0,4235.0,600.0,25393850.0,70807.0
2023-04-21 14:15:00,4234.0,4235.0,4225.0,4233.0,1148.0,48551440.0,70249.0
2023-04-21 14:20:00,4233.0,4240.0,4232.0,4237.0,882.0,37354770.0,69798.0
2023-04-21 14:25:00,4238.0,4240.0,4233.0,4236.0,704.0,29830920.0,69521.0
2023-04-21 14:30:00,4236.0,4243.0,4234.0,4238.0,924.0,39176080.0,69029.0
2023-04-21 14:35:00,4236.0,4240.0,4229.0,4230.0,588.0,24897750.0,68917.0
2023-04-21 14:40:00,4230.0,4233.0,4221.0,4223.0,651.0,27512530.0,68781.0
2023-04-21 14:45:00,4223.0,4225.0,4214.0,4225.0,788.0,33244900.0,68628.0
2023-04-21 14:50:00,4225.0,4231.0,4224.0,4225.0,680.0,28745850.0,68571.0
2023-04-21 14:55:00,4225.0,4229.0,4224.0,4225.0,857.0,36222090.0,68385.0
2023-04-21 21:00:00,4215.0,4240.0,4215.0,4231.0,5284.0,223054610.0,65493.0
2023-04-21 21:05:00,4231.0,4233.0,4221.0,4222.0,1352.0,57145880.0,65245.0
2023-04-21 21:10:00,4222.0,4235.0,4220.0,4234.0,1250.0,52883230.0,65008.0
2023-04-21 21:15:00,4233.0,4234.0,4227.0,4230.0,1313.0,55545370.0,64650.0
2023-04-21 21:20:00,4230.0,4239.0,4229.0,4236.0,717.0,30369120.0,64600.0
2023-04-21 21:25:00,4235.0,4238.0,4231.0,4236.0,456.0,19310300.0,64649.0
2023-04-21 21:30:00,4236.0,4236.0,4228.0,4231.0,467.0,19764280.0,64660.0
2023-04-21 21:35:00,4232.0,4237.0,4232.0,4236.0,288.0,12195500.0,64632.0
2023-04-21 21:40:00,4236.0,4237.0,4223.0,4227.0,485.0,20512260.0,64540.0
2023-04-21 21:45:00,4226.0,4229.0,4222.0,4222.0,361.0,15251780.0,64505.0
2023-04-21 21:50:00,4221.0,4224.0,4218.0,4222.0,338.0,14269160.0,64467.0
2023-04-21 21:55:00,4221.0,4221.0,4216.0,4219.0,382.0,16110690.0,64442.0
2023-04-21 22:00:00,4219.0,4223.0,4218.0,4220.0,200.0,8442130.0,64420.0
2023-04-21 22:05:00,4222.0,4223.0,4214.0,4215.0,559.0,23568040.0,64086.0
2023-04-21 22:10:00,4214.0,4217.0,4209.0,4217.0,544.0,22913170.0,64032.0
2023-04-21 22:15:00,4217.0,4220.0,4216.0,4219.0,376.0,15860390.0,64051.0
2023-04-21 22:20:00,4220.0,4220.0,4215.0,4215.0,112.0,4722810.0,64039.0
2023-04-21 22:25:00,4217.0,4218.0,4212.0,4213.0,121.0,5100580.0,64037.0
2023-04-21 22:30:00,4213.0,4219.0,4196.0,4196.0,738.0,31070940.0,64027.0
2023-04-21 22:35:00,4195.0,4202.0,4189.0,4190.0,1545.0,64849590.0,63531.0
2023-04-21 22:40:00,4190.0,4195.0,4186.0,4188.0,433.0,18143030.0,63424.0
2023-04-21 22:45:00,4187.0,4191.0,4178.0,4180.0,869.0,36347000.0,63351.0
2023-04-21 22:50:00,4180.0,4188.0,4179.0,4186.0,449.0,18786650.0,63157.0
2023-04-21 22:55:00,4186.0,4198.0,4185.0,4189.0,356.0,14926310.0,63005.0
2023-04-24 09:00:00,4183.0,4188.0,4162.0,4170.0,4812.0,200604320.0,60559.0
2023-04-24 09:05:00,4167.0,4185.0,4165.0,4178.0,1763.0,73624150.0,59885.0
2023-04-24 09:10:00,4177.0,4179.0,4162.0,4168.0,1559.0,65013960.0,59366.0
2023-04-24 09:15:00,4166.0,4174.0,4164.0,4171.0,836.0,34857310.0,58947.0
2023-04-24 09:20:00,4170.0,4172.0,4166.0,4168.0,468.0,19509990.0,58884.0
2023-04-24 09:25:00,4168.0,4171.0,4146.0,4154.0,1945.0,80809980.0,58289.0
2023-04-24 09:30:00,4152.0,4167.0,4151.0,4164.0,895.0,37211440.0,58246.0
2023-04-24 09:35:00,4165.0,4168.0,4156.0,4162.0,681.0,28349120.0,58118.0
2023-04-24 09:40:00,4163.0,4165.0,4138.0,4145.0,744.0,30867820.0,58006.0
2023-04-24 09:45:00,4145.0,4151.0,4143.0,4148.0,496.0,20570840.0,57969.0
2023-04-24 09:50:00,4148.0,4150.0,4144.0,4148.0,471.0,19531350.0,57813.0
2023-04-24 09:55:00,4149.0,4151.0,4140.0,4142.0,440.0,18240330.0,57726.0
2023-04-24 10:00:00,4143.0,4149.0,4141.0,4149.0,373.0,15459980.0,57659.0
2023-04-24 10:05:00,4150.0,4158.0,4149.0,4157.0,601.0,24966350.0,57398.0
2023-04-24 10:10:00,4155.0,4158.0,4153.0,4153.0,167.0,6941670.0,57377.0
2023-04-24 10:30:00,4153.0,4154.0,4130.0,4134.0,957.0,39626310.0,57134.0
2023-04-24 10:35:00,4134.0,4137.0,4128.0,4137.0,1437.0,59376180.0,56527.0
2023-04-24 10:40:00,4138.0,4140.0,4130.0,4130.0,414.0,17116870.0,56366.0
2023-04-24 10:45:00,4131.0,4133.0,4117.0,4117.0,1535.0,63287760.0,56019.0
2023-04-24 10:50:00,4117.0,4121.0,4110.0,4111.0,662.0,27240130.0,55814.0
2023-04-24 10:55:00,4111.0,4115.0,4107.0,4109.0,930.0,38229290.0,55562.0
2023-04-24 11:00:00,4108.0,4113.0,4101.0,4112.0,1645.0,67564490.0,55214.0
2023-04-24 11:05:00,4113.0,4117.0,4109.0,4111.0,703.0,28914260.0,55047.0
2023-04-24 11:10:00,4112.0,4117.0,4108.0,4108.0,668.0,27462070.0,54842.0
2023-04-24 11:15:00,4108.0,4116.0,4104.0,4113.0,450.0,18494770.0,54730.0
2023-04-24 11:20:00,4113.0,4124.0,4111.0,4121.0,907.0,37336760.0,54526.0
2023-04-24 11:25:00,4121.0,4130.0,4115.0,4119.0,1021.0,42098490.0,54129.0
2023-04-24 13:30:00,4117.0,4126.0,4116.0,4118.0,1013.0,41760750.0,53431.0
2023-04-24 13:35:00,4119.0,4122.0,4112.0,4113.0,623.0,25637270.0,53138.0
2023-04-24 13:40:00,4113.0,4115.0,4108.0,4113.0,487.0,20019170.0,53000.0
2023-04-24 13:45:00,4113.0,4120.0,4112.0,4114.0,350.0,14405950.0,52892.0
2023-04-24 13:50:00,4113.0,4117.0,4108.0,4110.0,716.0,29446310.0,52407.0
2023-04-24 13:55:00,4110.0,4113.0,4106.0,4108.0,1149.0,47234880.0,51847.0
2023-04-24 14:00:00,4107.0,4113.0,4102.0,4112.0,1283.0,52708450.0,51132.0
2023-04-24 14:05:00,4109.0,4117.0,4108.0,4115.0,570.0,23447170.0,50925.0
2023-04-24 14:10:00,4116.0,4122.0,4112.0,4115.0,1566.0,64480840.0,49956.0
2023-04-24 14:15:00,4114.0,4120.0,4111.0,4118.0,452.0,18608150.0,49805.0
2023-04-24 14:20:00,4117.0,4119.0,4109.0,4109.0,700.0,28782090.0,49383.0
2023-04-24 14:25:00,4110.0,4113.0,4108.0,4111.0,498.0,20470270.0,49291.0
2023-04-24 14:30:00,4110.0,4115.0,4107.0,4113.0,396.0,16278460.0,49152.0
2023-04-24 14:35:00,4113.0,4116.0,4111.0,4112.0,116.0,4771230.0,49133.0
2023-04-24 14:40:00,4112.0,4120.0,4112.0,4114.0,361.0,14862070.0,49013.0
2023-04-24 14:45:00,4114.0,4130.0,4114.0,4126.0,754.0,31079740.0,48695.0
2023-04-24 14:50:00,4127.0,4132.0,4124.0,4126.0,605.0,24967270.0,48491.0
2023-04-24 14:55:00,4125.0,4126.0,4110.0,4114.0,774.0,31888260.0,48164.0
2023-04-24 21:00:00,4139.0,4139.0,4115.0,4126.0,3155.0,130405240.0,46710.0
2023-04-24 21:05:00,4125.0,4133.0,4122.0,4130.0,709.0,29264430.0,46411.0
2023-04-24 21:10:00,4130.0,4138.0,4128.0,4135.0,653.0,26989980.0,46214.0
2023-04-24 21:15:00,4133.0,4137.0,4131.0,4137.0,334.0,13809900.0,46117.0
2023-04-24 21:20:00,4134.0,4141.0,4134.0,4138.0,452.0,18705320.0,46155.0
2023-04-24 21:25:00,4137.0,4143.0,4134.0,4137.0,404.0,16727050.0,46065.0
2023-04-24 21:30:00,4136.0,4137.0,4131.0,4135.0,386.0,15958980.0,46020.0
2023-04-24 21:35:00,4136.0,4136.0,4129.0,4129.0,204.0,8428590.0,46009.0
2023-04-24 21:40:00,4131.0,4133.0,4127.0,4127.0,144.0,5948160.0,46004.0
2023-04-24 21:45:00,4127.0,4136.0,4127.0,4134.0,224.0,9252500.0,46044.0
2023-04-24 21:50:00,4134.0,4138.0,4131.0,4135.0,211.0,8724480.0,46024.0
2023-04-24 21:55:00,4135.0,4138.0,4130.0,4131.0,234.0,9670300.0,46004.0
2023-04-24 22:00:00,4131.0,4144.0,4131.0,4140.0,295.0,12205680.0,45904.0
2023-04-24 22:05:00,4142.0,4150.0,4142.0,4149.0,443.0,18365620.0,45878.0
2023-04-24 22:10:00,4149.0,4154.0,4143.0,4153.0,752.0,31191060.0,45598.0
2023-04-24 22:15:00,4153.0,4153.0,4141.0,4146.0,570.0,23637150.0,45403.0
2023-04-24 22:20:00,4146.0,4146.0,4138.0,4143.0,231.0,9566390.0,45365.0
2023-04-24 22:25:00,4143.0,4147.0,4141.0,4147.0,455.0,18859830.0,45078.0
2023-04-24 22:30:00,4145.0,4153.0,4145.0,4152.0,267.0,11077310.0,45041.0
2023-04-24 22:35:00,4152.0,4154.0,4147.0,4153.0,159.0,6599750.0,45057.0
2023-04-24 22:40:00,4152.0,4152.0,4143.0,4145.0,236.0,9787110.0,44977.0
2023-04-24 22:45:00,4144.0,4150.0,4143.0,4143.0,116.0,4808720.0,44994.0
2023-04-24 22:50:00,4146.0,4147.0,4142.0,4145.0,88.0,3646540.0,44979.0
2023-04-24 22:55:00,4145.0,4145.0,4138.0,4138.0,122.0,5051730.0,44915.0
2023-04-25 09:00:00,4142.0,4149.0,4133.0,4138.0,627.0,25975660.0,44852.0
2023-04-25 09:05:00,4139.0,4147.0,4134.0,4147.0,667.0,27619240.0,44650.0
2023-04-25 09:10:00,4146.0,4159.0,4143.0,4155.0,1065.0,44243310.0,44352.0
2023-04-25 09:15:00,4155.0,4155.0,4145.0,4146.0,488.0,20248520.0,44119.0
2023-04-25 09:20:00,4144.0,4150.0,4143.0,4148.0,164.0,6801260.0,44103.0
2023-04-25 09:25:00,4150.0,4155.0,4147.0,4154.0,215.0,8925240.0,43963.0
2023-04-25 09:30:00,4154.0,4154.0,4146.0,4148.0,134.0,5560120.0,43948.0
2023-04-25 09:35:00,4148.0,4154.0,4148.0,4152.0,152.0,6307850.0,43876.0
2023-04-25 09:40:00,4151.0,4156.0,4149.0,4156.0,359.0,14912160.0,43662.0
2023-04-25 09:45:00,4156.0,4165.0,4155.0,4159.0,740.0,30786850.0,43351.0
2023-04-25 09:50:00,4158.0,4160.0,4153.0,4154.0,217.0,9020140.0,43251.0
2023-04-25 09:55:00,4154.0,4155.0,4147.0,4153.0,298.0,12372490.0,43158.0
2023-04-25 10:00:00,4154.0,4157.0,4147.0,4150.0,291.0,12084360.0,43053.0
2023-04-25 10:05:00,4151.0,4153.0,4140.0,4140.0,158.0,6554440.0,42987.0
2023-04-25 10:10:00,4139.0,4145.0,4139.0,4143.0,184.0,7621590.0,42936.0
2023-04-25 10:30:00,4143.0,4145.0,4131.0,4139.0,352.0,14565950.0,42779.0
2023-04-25 10:35:00,4139.0,4143.0,4135.0,4139.0,287.0,11878600.0,42658.0
2023-04-25 10:40:00,4140.0,4140.0,4124.0,4125.0,395.0,16311580.0,42641.0
2023-04-25 10:45:00,4127.0,4134.0,4125.0,4131.0,363.0,14995280.0,42474.0
2023-04-25 10:50:00,4130.0,4132.0,4125.0,4128.0,140.0,5779650.0,42451.0
2023-04-25 10:55:00,4126.0,4130.0,4126.0,4128.0,108.0,4457820.0,42432.0
2023-04-25 11:00:00,4129.0,4134.0,4129.0,4129.0,100.0,4130750.0,42433.0
2023-04-25 11:05:00,4130.0,4136.0,4130.0,4136.0,77.0,3182030.0,42421.0
2023-04-25 11:10:00,4134.0,4140.0,4129.0,4130.0,227.0,9385300.0,42390.0
2023-04-25 11:15:00,4129.0,4139.0,4129.0,4139.0,192.0,7935710.0,42328.0
2023-04-25 11:20:00,4140.0,4144.0,4137.0,4139.0,291.0,12049980.0,42305.0
2023-04-25 11:25:00,4137.0,4141.0,4133.0,4135.0,91.0,3765960.0,42259.0
2023-04-25 13:30:00,4131.0,4131.0,4110.0,4117.0,717.0,29536870.0,42107.0
2023-04-25 13:35:00,4117.0,4121.0,4111.0,4111.0,301.0,12387230.0,41998.0
2023-04-25 13:40:00,4112.0,4116.0,4110.0,4113.0,353.0,14520410.0,41826.0
2023-04-25 13:45:00,4112.0,4120.0,4110.0,4120.0,423.0,17410790.0,41704.0
2023-04-25 13:50:00,4118.0,4120.0,4112.0,4117.0,403.0,16594270.0,41474.0
2023-04-25 13:55:00,4117.0,4124.0,4115.0,4115.0,282.0,11613440.0,41384.0
2023-04-25 14:00:00,4115.0,4120.0,4115.0,4118.0,196.0,8071420.0,41299.0
2023-04-25 14:05:00,4118.0,4125.0,4118.0,4121.0,144.0,5935640.0,41244.0
2023-04-25 14:10:00,4120.0,4124.0,4119.0,4120.0,127.0,5234700.0,41237.0
2023-04-25 14:15:00,4120.0,4120.0,4115.0,4117.0,74.0,3046950.0,41212.0
2023-04-25 14:20:00,4115.0,4118.0,4113.0,4117.0,84.0,3456560.0,41198.0
2023-04-25 14:25:00,4117.0,4118.0,4114.0,4117.0,178.0,7326140.0,41092.0
2023-04-25 14:30:00,4117.0,4120.0,4117.0,4120.0,188.0,7743650.0,41065.0
2023-04-25 14:35:00,4119.0,4119.0,4115.0,4116.0,241.0,9921870.0,40947.0
2023-04-25 14:40:00,4117.0,4118.0,4114.0,4115.0,204.0,8396550.0,40878.0
2023-04-25 14:45:00,4115.0,4117.0,4113.0,4114.0,132.0,5430520.0,40850.0
2023-04-25 14:50:00,4113.0,4115.0,4110.0,4113.0,211.0,8677550.0,40859.0
2023-04-25 14:55:00,4112.0,4125.0,4112.0,4122.0,443.0,18253550.0,40565.0
2023-04-25 21:00:00,4107.0,4133.0,4107.0,4130.0,4399.0,180768810.0,36619.0
2023-04-25 21:05:00,4130.0,4144.0,4128.0,4139.0,558.0,23081730.0,36470.0
2023-04-25 21:10:00,4138.0,4142.0,4134.0,4138.0,368.0,15233280.0,36412.0
2023-04-25 21:15:00,4138.0,4141.0,4130.0,4136.0,409.0,16911810.0,36238.0
2023-04-25 21:20:00,4135.0,4138.0,4124.0,4127.0,231.0,9540810.0,36190.0
2023-04-25 21:25:00,4127.0,4130.0,4120.0,4121.0,326.0,13446310.0,36000.0
2023-04-25 21:30:00,4122.0,4123.0,4098.0,4105.0,851.0,34945180.0,35611.0
2023-04-25 21:35:00,4106.0,4106.0,4091.0,4095.0,845.0,34617750.0,35095.0
2023-04-25 21:40:00,4095.0,4098.0,4090.0,4096.0,691.0,28290310.0,34564.0
2023-04-25 21:45:00,4094.0,4099.0,4089.0,4093.0,347.0,14201220.0,34356.0
2023-04-25 21:50:00,4093.0,4093.0,4086.0,4089.0,243.0,9938540.0,34290.0
2023-04-25 21:55:00,4089.0,4090.0,4084.0,4084.0,228.0,9317280.0,34190.0
2023-04-25 22:00:00,4083.0,4083.0,4066.0,4071.0,890.0,36261040.0,33687.0
2023-04-25 22:05:00,4072.0,4089.0,4072.0,4089.0,321.0,13111390.0,33475.0
2023-04-25 22:10:00,4089.0,4089.0,4076.0,4078.0,304.0,12410500.0,33289.0
2023-04-25 22:15:00,4077.0,4082.0,4074.0,4080.0,131.0,5343090.0,33269.0
2023-04-25 22:20:00,4079.0,4081.0,4075.0,4079.0,130.0,5302360.0,33194.0
2023-04-25 22:25:00,4080.0,4080.0,4072.0,4072.0,44.0,1793210.0,33190.0
2023-04-25 22:30:00,4071.0,4074.0,4063.0,4068.0,274.0,11143020.0,32968.0
2023-04-25 22:35:00,4067.0,4070.0,4064.0,4068.0,127.0,5166440.0,32932.0
2023-04-25 22:40:00,4071.0,4074.0,4069.0,4074.0,47.0,1914190.0,32896.0
2023-04-25 22:45:00,4075.0,4079.0,4075.0,4076.0,106.0,4321390.0,32876.0
2023-04-25 22:50:00,4074.0,4078.0,4073.0,4075.0,47.0,1915380.0,32851.0
2023-04-25 22:55:00,4076.0,4082.0,4076.0,4077.0,148.0,6036620.0,32807.0
2023-04-26 09:00:00,4083.0,4093.0,4080.0,4080.0,439.0,17928300.0,32540.0
2023-04-26 09:05:00,4080.0,4082.0,4074.0,4082.0,172.0,7015520.0,32461.0
2023-04-26 09:10:00,4082.0,4082.0,4074.0,4078.0,82.0,3343450.0,32451.0
2023-04-26 09:15:00,4078.0,4096.0,4078.0,4091.0,558.0,22804400.0,32078.0
2023-04-26 09:20:00,4091.0,4093.0,4088.0,4092.0,291.0,11903810.0,31946.0
2023-04-26 09:25:00,4091.0,4099.0,4091.0,4095.0,232.0,9499110.0,31810.0
2023-04-26 09:30:00,4095.0,4103.0,4095.0,4101.0,350.0,14346950.0,31656.0
2023-04-26 09:35:00,4102.0,4102.0,4097.0,4102.0,149.0,6108520.0,31622.0
2023-04-26 09:40:00,4103.0,4114.0,4103.0,4112.0,603.0,24770230.0,31396.0
2023-04-26 09:45:00,4111.0,4111.0,4102.0,4104.0,158.0,6488140.0,31358.0
2023-04-26 09:50:00,4104.0,4108.0,4102.0,4106.0,187.0,7675520.0,31332.0
2023-04-26 09:55:00,4107.0,4112.0,4104.0,4106.0,176.0,7231100.0,31294.0
2023-04-26 10:00:00,4106.0,4106.0,4096.0,4101.0,113.0,4632030.0,31273.0
2023-04-26 10:05:00,4102.0,4110.0,4101.0,4110.0,170.0,6976550.0,31201.0
2023-04-26 10:10:00,4110.0,4118.0,4110.0,4116.0,228.0,9379650.0,31090.0
2023-04-26 10:30:00,4115.0,4115.0,4101.0,4101.0,105.0,4311760.0,31045.0
2023-04-26 10:35:00,4103.0,4114.0,4103.0,4108.0,82.0,3368790.0,30991.0
2023-04-26 10:40:00,4108.0,4109.0,4106.0,4108.0,177.0,7268320.0,30867.0
2023-04-26 10:45:00,4108.0,4114.0,4108.0,4114.0,77.0,3165130.0,30841.0
2023-04-26 10:50:00,4112.0,4112.0,4107.0,4107.0,49.0,2013800.0,30814.0
2023-04-26 10:55:00,4106.0,4107.0,4104.0,4104.0,104.0,4269620.0,30775.0
2023-04-26 11:00:00,4104.0,4105.0,4098.0,4100.0,99.0,4060350.0,30740.0
2023-04-26 11:05:00,4100.0,4103.0,4093.0,4094.0,204.0,8360300.0,30563.0
2023-04-26 11:10:00,4095.0,4099.0,4094.0,4098.0,114.0,4669140.0,30525.0
2023-04-26 11:15:00,4097.0,4103.0,4094.0,4097.0,134.0,5492080.0,30472.0
2023-04-26 11:20:00,4095.0,4096.0,4092.0,4096.0,31.0,1269210.0,30468.0
2023-04-26 11:25:00,4096.0,4101.0,4096.0,4097.0,256.0,10492060.0,30341.0
2023-04-26 13:30:00,4097.0,4107.0,4097.0,4106.0,252.0,10342420.0,30186.0
2023-04-26 13:35:00,4106.0,4107.0,4101.0,4102.0,94.0,3858230.0,30107.0
2023-04-26 13:40:00,4101.0,4103.0,4097.0,4102.0,196.0,8034090.0,29970.0
2023-04-26 13:45:00,4102.0,4105.0,4095.0,4095.0,194.0,7950990.0,29876.0
2023-04-26 13:50:00,4098.0,4098.0,4094.0,4098.0,188.0,7700040.0,29726.0
2023-04-26 13:55:00,4098.0,4104.0,4098.0,4102.0,308.0,12630930.0,29589.0
2023-04-26 14:00:00,4104.0,4106.0,4100.0,4102.0,173.0,7099550.0,29503.0
2023-04-26 14:05:00,4102.0,4102.0,4098.0,4098.0,168.0,6887330.0,29415.0
2023-04-26 14:10:00,4099.0,4099.0,4093.0,4095.0,112.0,4586400.0,29402.0
2023-04-26 14:15:00,4095.0,4101.0,4095.0,4098.0,93.0,3812370.0,29350.0
2023-04-26 14:20:00,4097.0,4099.0,4097.0,4097.0,121.0,4958940.0,29291.0
2023-04-26 14:25:00,4100.0,4109.0,4100.0,4103.0,221.0,9068390.0,29189.0
2023-04-26 14:30:00,4105.0,4112.0,4103.0,4111.0,273.0,11217290.0,29022.0
2023-04-26 14:35:00,4112.0,4114.0,4105.0,4105.0,484.0,19898750.0,28780.0
2023-04-26 14:40:00,4106.0,4108.0,4103.0,4103.0,793.0,32565080.0,28047.0
2023-04-26 14:45:00,4103.0,4104.0,4100.0,4104.0,229.0,9391600.0,27954.0
2023-04-26 14:50:00,4104.0,4108.0,4104.0,4106.0,183.0,7513720.0,27818.0
2023-04-26 14:55:00,4108.0,4110.0,4102.0,4105.0,152.0,6241960.0,27390.0
2023-04-26 21:00:00,4091.0,4097.0,4082.0,4092.0,2647.0,108295140.0,24972.0
2023-04-26 21:05:00,4095.0,4099.0,4094.0,4098.0,411.0,16838190.0,24737.0
2023-04-26 21:10:00,4097.0,4100.0,4091.0,4091.0,457.0,18719130.0,24476.0
2023-04-26 21:15:00,4093.0,4096.0,4092.0,4095.0,356.0,14572050.0,24262.0
2023-04-26 21:20:00,4096.0,4109.0,4096.0,4106.0,151.0,6194060.0,24194.0
2023-04-26 21:25:00,4106.0,4109.0,4102.0,4105.0,247.0,10137000.0,24076.0
2023-04-26 21:30:00,4105.0,4108.0,4100.0,4103.0,148.0,6074110.0,24070.0
2023-04-26 21:35:00,4103.0,4105.0,4099.0,4104.0,171.0,7014740.0,24070.0
2023-04-26 21:40:00,4105.0,4106.0,4103.0,4104.0,73.0,2996170.0,24040.0
2023-04-26 21:45:00,4104.0,4104.0,4100.0,4100.0,145.0,5948260.0,23985.0
2023-04-26 21:50:00,4100.0,4102.0,4093.0,4093.0,292.0,11960130.0,23888.0
2023-04-26 21:55:00,4092.0,4093.0,4089.0,4091.0,70.0,2863700.0,23880.0
2023-04-26 22:00:00,4091.0,4091.0,4080.0,4082.0,223.0,9111560.0,23805.0
2023-04-26 22:05:00,4086.0,4090.0,4084.0,4088.0,69.0,2820070.0,23746.0
2023-04-26 22:10:00,4088.0,4095.0,4088.0,4090.0,185.0,7573390.0,23608.0
2023-04-26 22:15:00,4090.0,4092.0,4087.0,4087.0,58.0,2372230.0,23569.0
2023-04-26 22:20:00,4089.0,4091.0,4086.0,4090.0,267.0,10915480.0,23375.0
2023-04-26 22:25:00,4091.0,4095.0,4091.0,4095.0,184.0,7530100.0,23310.0
2023-04-26 22:30:00,4096.0,4102.0,4096.0,4096.0,747.0,30609950.0,22878.0
2023-04-26 22:35:00,4099.0,4100.0,4094.0,4097.0,40.0,1639130.0,22856.0
2023-04-26 22:40:00,4097.0,4097.0,4096.0,4096.0,5.0,204830.0,22857.0
2023-04-26 22:45:00,4098.0,4098.0,4093.0,4095.0,41.0,1678960.0,22851.0
2023-04-26 22:50:00,4095.0,4102.0,4095.0,4100.0,185.0,7584220.0,22767.0
2023-04-26 22:55:00,4100.0,4103.0,4092.0,4092.0,110.0,4510470.0,22674.0
2023-04-27 09:00:00,4080.0,4098.0,4065.0,4096.0,477.0,19488490.0,22396.0
2023-04-27 09:05:00,4089.0,4091.0,4081.0,4083.0,185.0,7563030.0,22276.0
2023-04-27 09:10:00,4082.0,4088.0,4082.0,4086.0,122.0,4984450.0,22216.0
2023-04-27 09:15:00,4089.0,4094.0,4083.0,4083.0,193.0,7895010.0,22202.0
2023-04-27 09:20:00,4081.0,4082.0,4067.0,4072.0,370.0,15079720.0,22190.0
2023-04-27 09:25:00,4072.0,4080.0,4069.0,4079.0,173.0,7045940.0,22145.0
2023-04-27 09:30:00,4079.0,4084.0,4079.0,4079.0,78.0,3183300.0,22071.0
2023-04-27 09:35:00,4079.0,4079.0,4072.0,4072.0,33.0,1344840.0,22051.0
2023-04-27 09:40:00,4071.0,4077.0,4069.0,4076.0,56.0,2281390.0,22029.0
2023-04-27 09:45:00,4076.0,4083.0,4073.0,4083.0,70.0,2852740.0,21998.0
2023-04-27 09:50:00,4083.0,4088.0,4074.0,4074.0,471.0,19213530.0,21570.0
2023-04-27 09:55:00,4074.0,4075.0,4070.0,4075.0,188.0,7658790.0,21415.0
2023-04-27 10:00:00,4075.0,4076.0,4070.0,4072.0,55.0,2239550.0,21387.0
2023-04-27 10:05:00,4072.0,4076.0,4066.0,4067.0,155.0,6309380.0,21298.0
2023-04-27 10:10:00,4066.0,4073.0,4066.0,4073.0,163.0,6633470.0,21205.0
2023-04-27 10:30:00,4076.0,4081.0,4075.0,4075.0,159.0,6483440.0,21050.0
2023-04-27 10:35:00,4072.0,4072.0,4065.0,4069.0,27.0,1098170.0,21034.0
2023-04-27 10:40:00,4068.0,4069.0,4060.0,4061.0,116.0,4711980.0,20943.0
2023-04-27 10:45:00,4060.0,4065.0,4060.0,4064.0,11.0,446760.0,20937.0
2023-04-27 10:50:00,4060.0,4064.0,4060.0,4060.0,68.0,2761360.0,20893.0
2023-04-27 10:55:00,4058.0,4064.0,4058.0,4063.0,64.0,2598570.0,20839.0
2023-04-27 11:00:00,4062.0,4065.0,4062.0,4063.0,66.0,2682070.0,20833.0
2023-04-27 11:05:00,4064.0,4064.0,4061.0,4061.0,193.0,7838930.0,20684.0
2023-04-27 11:10:00,4062.0,4069.0,4061.0,4069.0,192.0,7805070.0,20508.0
2023-04-27 11:15:00,4069.0,4069.0,4064.0,4066.0,39.0,1585370.0,20470.0
2023-04-27 11:20:00,4064.0,4070.0,4064.0,4067.0,173.0,7036990.0,20366.0
2023-04-27 11:25:00,4068.0,4068.0,4059.0,4063.0,115.0,4669650.0,20261.0
2023-04-27 13:30:00,4064.0,4068.0,4062.0,4068.0,70.0,2845970.0,20228.0
2023-04-27 13:35:00,4070.0,4072.0,4061.0,4062.0,73.0,2969410.0,20173.0
2023-04-27 13:40:00,4062.0,4062.0,4052.0,4054.0,150.0,6086550.0,20062.0
2023-04-27 13:45:00,4057.0,4062.0,4054.0,4062.0,252.0,10230840.0,20055.0
2023-04-27 13:50:00,4062.0,4062.0,4057.0,4061.0,169.0,6862660.0,19949.0
2023-04-27 13:55:00,4061.0,4063.0,4056.0,4063.0,116.0,4710530.0,19838.0
2023-04-27 14:00:00,4063.0,4064.0,4054.0,4055.0,54.0,2191180.0,19825.0
2023-04-27 14:05:00,4055.0,4066.0,4055.0,4063.0,21.0,853020.0,19826.0
2023-04-27 14:10:00,4062.0,4066.0,4061.0,4062.0,315.0,12800690.0,19629.0
2023-04-27 14:15:00,4064.0,4064.0,4058.0,4061.0,101.0,4101940.0,19601.0
2023-04-27 14:20:00,4065.0,4065.0,4055.0,4055.0,81.0,3289410.0,19573.0
2023-04-27 14:25:00,4054.0,4057.0,4050.0,4052.0,198.0,8025210.0,19392.0
2023-04-27 14:30:00,4052.0,4053.0,4043.0,4049.0,348.0,14086920.0,19245.0
2023-04-27 14:35:00,4049.0,4051.0,4046.0,4049.0,70.0,2834270.0,19201.0
2023-04-27 14:40:00,4048.0,4052.0,4042.0,4050.0,235.0,9514920.0,19076.0
2023-04-27 14:45:00,4050.0,4051.0,4042.0,4048.0,187.0,7566290.0,18918.0
2023-04-27 14:50:00,4045.0,4048.0,4043.0,4043.0,224.0,9060670.0,18709.0
2023-04-27 14:55:00,4044.0,4045.0,4033.0,4035.0,922.0,37251010.0,17998.0
2023-04-27 21:00:00,4038.0,4040.0,4023.0,4037.0,2398.0,96804780.0,15801.0
2023-04-27 21:05:00,4040.0,4047.0,4035.0,4046.0,845.0,34173590.0,15210.0
2023-04-27 21:10:00,4049.0,4050.0,4044.0,4048.0,190.0,7689840.0,15164.0
2023-04-27 21:15:00,4051.0,4059.0,4051.0,4059.0,194.0,7866380.0,15101.0
2023-04-27 21:20:00,4058.0,4060.0,4056.0,4056.0,41.0,1664200.0,15082.0
2023-04-27 21:25:00,4056.0,4067.0,4056.0,4064.0,363.0,14752430.0,14743.0
2023-04-27 21:30:00,4064.0,4064.0,4053.0,4053.0,61.0,2477080.0,14694.0
2023-04-27 21:35:00,4053.0,4059.0,4051.0,4051.0,243.0,9848860.0,14514.0
2023-04-27 21:40:00,4051.0,4052.0,4050.0,4050.0,62.0,2512060.0,14479.0
2023-04-27 21:45:00,4055.0,4055.0,4045.0,4045.0,24.0,972000.0,14480.0
2023-04-27 21:50:00,4043.0,4047.0,4043.0,4047.0,25.0,1011030.0,14457.0
2023-04-27 21:55:00,4047.0,4050.0,4045.0,4047.0,710.0,28737150.0,14185.0
2023-04-27 22:00:00,4050.0,4057.0,4047.0,4056.0,172.0,6974510.0,14107.0
2023-04-27 22:05:00,4055.0,4055.0,4050.0,4053.0,225.0,9118380.0,13986.0
2023-04-27 22:10:00,4053.0,4060.0,4053.0,4060.0,152.0,6168830.0,13857.0
2023-04-27 22:15:00,4060.0,4060.0,4060.0,4060.0,24.0,974400.0,13843.0
2023-04-27 22:20:00,4058.0,4058.0,4054.0,4054.0,8.0,324520.0,13838.0
2023-04-27 22:25:00,4054.0,4054.0,4054.0,4054.0,0.0,0.0,13838.0
2023-04-27 22:30:00,4049.0,4049.0,4037.0,4038.0,101.0,4083790.0,13781.0
2023-04-27 22:35:00,4038.0,4039.0,4038.0,4039.0,2.0,80780.0,13781.0
2023-04-27 22:40:00,4039.0,4040.0,4036.0,4040.0,74.0,2987540.0,13729.0
2023-04-27 22:45:00,4040.0,4045.0,4040.0,4041.0,24.0,970120.0,13714.0
2023-04-27 22:50:00,4041.0,4041.0,4037.0,4040.0,41.0,1655800.0,13678.0
2023-04-27 22:55:00,4040.0,4044.0,4039.0,4044.0,85.0,3435790.0,13637.0
2023-04-28 09:00:00,4049.0,4056.0,4045.0,4053.0,167.0,6761010.0,13472.0
2023-04-28 09:05:00,4050.0,4051.0,4047.0,4050.0,331.0,13406740.0,13154.0
2023-04-28 09:10:00,4048.0,4052.0,4042.0,4049.0,325.0,13157360.0,12891.0
2023-04-28 09:15:00,4051.0,4051.0,4042.0,4042.0,104.0,4207080.0,12810.0
2023-04-28 09:20:00,4045.0,4046.0,4041.0,4046.0,561.0,22688410.0,12271.0
2023-04-28 09:25:00,4045.0,4046.0,4040.0,4044.0,357.0,14437790.0,11951.0
2023-04-28 09:30:00,4044.0,4048.0,4039.0,4045.0,332.0,13427960.0,11792.0
2023-04-28 09:35:00,4044.0,4046.0,4041.0,4045.0,469.0,18966470.0,11347.0
2023-04-28 09:40:00,4044.0,4048.0,4039.0,4048.0,476.0,19260380.0,10894.0
2023-04-28 09:45:00,4046.0,4049.0,4045.0,4047.0,331.0,13391880.0,10590.0
2023-04-28 09:50:00,4042.0,4050.0,4041.0,4048.0,353.0,14285970.0,10267.0
2023-04-28 09:55:00,4048.0,4051.0,4045.0,4047.0,167.0,6764200.0,10159.0
2023-04-28 10:00:00,4044.0,4048.0,4038.0,4048.0,136.0,5498930.0,10098.0
2023-04-28 10:05:00,4048.0,4048.0,4038.0,4042.0,168.0,6793610.0,10026.0
2023-04-28 10:10:00,4042.0,4046.0,4039.0,4040.0,194.0,7843990.0,9962.0
2023-04-28 10:30:00,4038.0,4039.0,4035.0,4036.0,104.0,4199000.0,9880.0
2023-04-28 10:35:00,4036.0,4042.0,4036.0,4042.0,106.0,4281200.0,9808.0
2023-04-28 10:40:00,4042.0,4044.0,4037.0,4040.0,82.0,3313390.0,9775.0
2023-04-28 10:45:00,4040.0,4041.0,4034.0,4038.0,153.0,6175670.0,9705.0
2023-04-28 10:50:00,4035.0,4039.0,4028.0,4039.0,103.0,4154750.0,9652.0
2023-04-28 10:55:00,4038.0,4040.0,4034.0,4036.0,158.0,6378150.0,9551.0
2023-04-28 11:00:00,4036.0,4042.0,4035.0,4036.0,111.0,4483320.0,9444.0
2023-04-28 11:05:00,4038.0,4038.0,4025.0,4027.0,136.0,5481740.0,9362.0
2023-04-28 11:10:00,4027.0,4030.0,4025.0,4025.0,149.0,6001890.0,9334.0
2023-04-28 11:15:00,4030.0,4030.0,4024.0,4025.0,97.0,3907340.0,9331.0
2023-04-28 11:20:00,4025.0,4029.0,4022.0,4023.0,308.0,12399390.0,9294.0
2023-04-28 11:25:00,4023.0,4025.0,4020.0,4022.0,273.0,10980410.0,9242.0
2023-04-28 13:30:00,4029.0,4032.0,4026.0,4026.0,551.0,22199270.0,9016.0
2023-04-28 13:35:00,4025.0,4027.0,4019.0,4021.0,486.0,19542030.0,8539.0
2023-04-28 13:40:00,4021.0,4023.0,4016.0,4020.0,458.0,18415280.0,8116.0
2023-04-28 13:45:00,4021.0,4025.0,4021.0,4023.0,225.0,9051990.0,7894.0
2023-04-28 13:50:00,4022.0,4024.0,4016.0,4016.0,97.0,3900090.0,7819.0
2023-04-28 13:55:00,4016.0,4020.0,4013.0,4015.0,514.0,20642220.0,7536.0
2023-04-28 14:00:00,4015.0,4015.0,4007.0,4009.0,609.0,24437800.0,7099.0
2023-04-28 14:05:00,4009.0,4013.0,4002.0,4006.0,174.0,6970080.0,7058.0
2023-04-28 14:10:00,4006.0,4018.0,4005.0,4018.0,210.0,8427620.0,6985.0
2023-04-28 14:15:00,4018.0,4018.0,4013.0,4015.0,61.0,2449010.0,6955.0
2023-04-28 14:20:00,4014.0,4025.0,4013.0,4024.0,322.0,12940440.0,6845.0
2023-04-28 14:25:00,4024.0,4030.0,4018.0,4018.0,265.0,10662220.0,6767.0
2023-04-28 14:30:00,4018.0,4027.0,4018.0,4027.0,49.0,1970350.0,6756.0
2023-04-28 14:35:00,4027.0,4028.0,4021.0,4028.0,80.0,3219720.0,6721.0
2023-04-28 14:40:00,4030.0,4041.0,4026.0,4026.0,439.0,17690790.0,6492.0
2023-04-28 14:45:00,4026.0,4044.0,4025.0,4025.0,108.0,4353160.0,6387.0
2023-04-28 14:50:00,4022.0,4039.0,4021.0,4027.0,144.0,5795540.0,6258.0
2023-04-28 14:55:00,4037.0,4040.0,4018.0,4020.0,120.0,4834310.0,6203.0
2023-05-04 09:00:00,4036.0,4088.0,4036.0,4088.0,22.0,888440.0,6182.0
2023-05-04 09:05:00,4088.0,4088.0,4000.0,4010.0,19.0,760500.0,6178.0
2023-05-04 09:10:00,4020.0,4032.0,3715.0,4031.0,193.0,7775690.0,6173.0
2023-05-04 09:15:00,4031.0,4031.0,4018.0,4018.0,2.0,80490.0,6173.0
2023-05-04 09:20:00,4018.0,4018.0,4018.0,4018.0,0.0,0.0,6173.0
2023-05-04 09:25:00,4018.0,4080.0,4018.0,4080.0,48.0,1949090.0,6140.0
2023-05-04 09:30:00,4080.0,4080.0,4080.0,4080.0,0.0,0.0,6140.0
2023-05-04 09:35:00,4080.0,4080.0,4080.0,4080.0,0.0,0.0,6140.0
2023-05-04 09:40:00,4080.0,4080.0,4080.0,4080.0,0.0,0.0,6140.0
2023-05-04 09:45:00,4080.0,4080.0,4080.0,4080.0,0.0,0.0,6140.0
2023-05-04 09:50:00,4080.0,4080.0,4078.0,4078.0,1.0,40780.0,6140.0
2023-05-04 09:55:00,4078.0,4078.0,4049.0,4049.0,1.0,40490.0,6141.0
2023-05-04 10:00:00,4049.0,4050.0,4048.0,4048.0,12.0,485780.0,6153.0
2023-05-04 10:05:00,4049.0,4049.0,4049.0,4049.0,10.0,404900.0,6163.0
2023-05-04 10:10:00,4049.0,4049.0,4049.0,4049.0,4.0,161960.0,6163.0
2023-05-04 10:30:00,4050.0,4050.0,4050.0,4050.0,176.0,7128000.0,6057.0
2023-05-04 10:35:00,4050.0,4052.0,4050.0,4052.0,24.0,972460.0,6034.0
2023-05-04 10:40:00,4078.0,4078.0,4055.0,4059.0,40.0,1624800.0,6035.0
2023-05-04 10:45:00,4056.0,4056.0,4054.0,4054.0,20.0,810920.0,6035.0
2023-05-04 10:50:00,4054.0,4054.0,4050.0,4050.0,30.0,1215000.0,6005.0
2023-05-04 10:55:00,4050.0,4070.0,4050.0,4070.0,30.0,1219000.0,6005.0
2023-05-04 11:00:00,4070.0,4085.0,4070.0,4085.0,86.0,3509020.0,6005.0
2023-05-04 11:05:00,4078.0,4080.0,4078.0,4080.0,80.0,3263000.0,6005.0
2023-05-04 11:10:00,4080.0,4080.0,4080.0,4080.0,0.0,0.0,6005.0
2023-05-04 11:15:00,4080.0,4080.0,4066.0,4066.0,2.0,81330.0,6004.0
2023-05-04 11:20:00,4066.0,4066.0,4062.0,4062.0,33.0,1340540.0,5982.0
2023-05-04 11:25:00,4062.0,4062.0,4062.0,4062.0,0.0,0.0,5982.0
2023-05-04 13:30:00,4062.0,4062.0,4062.0,4062.0,1.0,40620.0,5982.0
2023-05-04 13:35:00,4062.0,4062.0,4062.0,4062.0,0.0,0.0,5982.0
2023-05-04 13:40:00,4062.0,4062.0,4062.0,4062.0,0.0,0.0,5982.0
2023-05-04 13:45:00,4062.0,4062.0,4062.0,4062.0,0.0,0.0,5982.0
2023-05-04 13:50:00,4062.0,4062.0,4062.0,4062.0,0.0,0.0,5982.0
2023-05-04 13:55:00,4062.0,4062.0,4062.0,4062.0,0.0,0.0,5982.0
2023-05-04 14:00:00,4062.0,4062.0,4062.0,4062.0,0.0,0.0,5982.0
2023-05-04 14:05:00,4062.0,4062.0,4062.0,4062.0,0.0,0.0,5982.0
2023-05-04 14:10:00,4062.0,4062.0,4062.0,4062.0,0.0,0.0,5982.0
2023-05-04 14:15:00,4062.0,4077.0,4062.0,4077.0,15.0,611250.0,5967.0
2023-05-04 14:20:00,4077.0,4077.0,4077.0,4077.0,0.0,0.0,5967.0
2023-05-04 14:25:00,4077.0,4077.0,4077.0,4077.0,6.0,244620.0,5967.0
2023-05-04 14:30:00,4077.0,4078.0,4077.0,4078.0,1.0,40780.0,5966.0
2023-05-04 14:35:00,4078.0,4078.0,4078.0,4078.0,1.0,40780.0,5965.0
2023-05-04 14:40:00,4077.0,4077.0,4077.0,4077.0,5.0,203850.0,5960.0
2023-05-04 14:45:00,4077.0,4077.0,4077.0,4077.0,0.0,0.0,5960.0
2023-05-04 14:50:00,4077.0,4077.0,4077.0,4077.0,0.0,0.0,5960.0
2023-05-04 14:55:00,4077.0,4080.0,4077.0,4080.0,8.0,326400.0,5504.0
2023-05-04 21:00:00,4150.0,4150.0,3894.0,4053.0,759.0,31236560.0,5047.0
2023-05-04 21:05:00,4053.0,4053.0,4053.0,4053.0,0.0,0.0,5047.0
2023-05-04 21:10:00,4053.0,4053.0,4050.0,4050.0,5.0,202500.0,5042.0
2023-05-04 21:15:00,4050.0,4050.0,4050.0,4050.0,0.0,0.0,5042.0
2023-05-04 21:20:00,4050.0,4050.0,4050.0,4050.0,25.0,1012500.0,5017.0
2023-05-04 21:25:00,4050.0,4050.0,4050.0,4050.0,10.0,405000.0,5007.0
2023-05-04 21:30:00,4050.0,4050.0,4040.0,4040.0,40.0,1616230.0,4989.0
2023-05-04 21:35:00,4040.0,4040.0,4040.0,4040.0,2.0,80800.0,4987.0
2023-05-04 21:40:00,4040.0,4040.0,4040.0,4040.0,0.0,0.0,4987.0
2023-05-04 21:45:00,4040.0,4040.0,4040.0,4040.0,0.0,0.0,4987.0
2023-05-04 21:50:00,4040.0,4040.0,4040.0,4040.0,0.0,0.0,4987.0
2023-05-04 21:55:00,4040.0,4040.0,4040.0,4040.0,0.0,0.0,4987.0
2023-05-04 22:00:00,4040.0,4040.0,4040.0,4040.0,0.0,0.0,4987.0
2023-05-04 22:05:00,4040.0,4040.0,4040.0,4040.0,0.0,0.0,4987.0
2023-05-04 22:10:00,4040.0,4040.0,4040.0,4040.0,0.0,0.0,4987.0
2023-05-04 22:15:00,4040.0,4040.0,4040.0,4040.0,0.0,0.0,4987.0
2023-05-04 22:20:00,4040.0,4040.0,4040.0,4040.0,0.0,0.0,4987.0
2023-05-04 22:25:00,4040.0,4040.0,4040.0,4040.0,0.0,0.0,4987.0
2023-05-04 22:30:00,4040.0,4040.0,4040.0,4040.0,0.0,0.0,4987.0
2023-05-04 22:35:00,4040.0,4040.0,4040.0,4040.0,0.0,0.0,4987.0
2023-05-04 22:40:00,4040.0,4040.0,4040.0,4040.0,0.0,0.0,4987.0
2023-05-04 22:45:00,4040.0,4040.0,4040.0,4040.0,0.0,0.0,4987.0
2023-05-04 22:50:00,4040.0,4040.0,4040.0,4040.0,0.0,0.0,4987.0
2023-05-04 22:55:00,4040.0,4040.0,4040.0,4040.0,0.0,0.0,4987.0
2023-05-05 09:00:00,4040.0,4040.0,4040.0,4040.0,13.0,526110.0,4974.0
2023-05-05 09:05:00,4040.0,4040.0,4040.0,4040.0,0.0,0.0,4974.0
2023-05-05 09:10:00,4040.0,4040.0,4040.0,4040.0,31.0,1254260.0,4943.0
2023-05-05 09:15:00,4040.0,4040.0,4040.0,4040.0,0.0,0.0,4943.0
2023-05-05 09:20:00,4040.0,4040.0,4040.0,4040.0,0.0,0.0,4943.0
2023-05-05 09:25:00,4040.0,4040.0,4040.0,4040.0,0.0,0.0,4943.0
2023-05-05 09:30:00,4040.0,4040.0,4040.0,4040.0,0.0,0.0,4943.0
2023-05-05 09:35:00,4040.0,4040.0,4040.0,4040.0,0.0,0.0,4943.0
2023-05-05 09:40:00,4040.0,4040.0,4040.0,4040.0,0.0,0.0,4943.0
2023-05-05 09:45:00,4040.0,4040.0,4040.0,4040.0,0.0,0.0,4943.0
2023-05-05 09:50:00,4040.0,4040.0,4040.0,4040.0,0.0,0.0,4943.0
2023-05-05 09:55:00,4040.0,4040.0,4040.0,4040.0,0.0,0.0,4943.0
2023-05-05 10:00:00,4040.0,4040.0,4040.0,4040.0,0.0,0.0,4943.0
2023-05-05 10:05:00,4040.0,4040.0,4040.0,4040.0,0.0,0.0,4943.0
2023-05-05 10:10:00,4040.0,4040.0,4040.0,4040.0,0.0,0.0,4943.0
2023-05-05 10:30:00,4040.0,4040.0,4040.0,4040.0,0.0,0.0,4943.0
2023-05-05 10:35:00,4040.0,4040.0,4040.0,4040.0,0.0,0.0,4943.0
2023-05-05 10:40:00,4040.0,4040.0,4040.0,4040.0,0.0,0.0,4943.0
2023-05-05 10:45:00,4040.0,4040.0,4040.0,4040.0,0.0,0.0,4943.0
2023-05-05 10:50:00,4040.0,4040.0,4040.0,4040.0,0.0,0.0,4943.0
2023-05-05 10:55:00,4040.0,4040.0,4040.0,4040.0,0.0,0.0,4943.0
2023-05-05 11:00:00,4040.0,4040.0,4040.0,4040.0,0.0,0.0,4943.0
2023-05-05 11:05:00,4040.0,4040.0,4040.0,4040.0,0.0,0.0,4943.0
2023-05-05 11:10:00,4040.0,4040.0,4025.0,4025.0,60.0,2415200.0,4943.0
2023-05-05 11:15:00,4025.0,4025.0,4020.0,4020.0,133.0,5352250.0,4910.0
2023-05-05 11:20:00,4020.0,4020.0,4020.0,4020.0,0.0,0.0,4910.0
2023-05-05 11:25:00,4020.0,4020.0,4020.0,4020.0,0.0,0.0,4910.0
2023-05-05 13:30:00,4020.0,4030.0,4020.0,4030.0,10.0,403000.0,4910.0
2023-05-05 13:35:00,4030.0,4030.0,4030.0,4030.0,0.0,0.0,4910.0
2023-05-05 13:40:00,4030.0,4030.0,4030.0,4030.0,0.0,0.0,4910.0
2023-05-05 13:45:00,4030.0,4030.0,4030.0,4030.0,0.0,0.0,4910.0
2023-05-05 13:50:00,4040.0,4040.0,4040.0,4040.0,60.0,2424000.0,4910.0
2023-05-05 13:55:00,4045.0,4055.0,4045.0,4055.0,20.0,810000.0,4910.0
2023-05-05 14:00:00,4060.0,4060.0,4060.0,4060.0,10.0,406000.0,4910.0
2023-05-05 14:05:00,4060.0,4070.0,4060.0,4070.0,10.0,407000.0,4910.0
2023-05-05 14:10:00,4070.0,4070.0,4070.0,4070.0,0.0,0.0,4910.0
2023-05-05 14:15:00,4070.0,4070.0,4070.0,4070.0,0.0,0.0,4910.0
2023-05-05 14:20:00,4070.0,4070.0,4070.0,4070.0,0.0,0.0,4910.0
2023-05-05 14:25:00,4070.0,4070.0,4070.0,4070.0,0.0,0.0,4910.0
2023-05-05 14:30:00,4070.0,4070.0,4070.0,4070.0,0.0,0.0,4910.0
2023-05-05 14:35:00,4070.0,4070.0,4070.0,4070.0,0.0,0.0,4910.0
2023-05-05 14:40:00,4075.0,4075.0,4075.0,4075.0,10.0,407500.0,4910.0
2023-05-05 14:45:00,4075.0,4080.0,4075.0,4080.0,30.0,1224000.0,4910.0
2023-05-05 14:50:00,4080.0,4080.0,4080.0,4080.0,0.0,0.0,4910.0
2023-05-05 14:55:00,4080.0,4090.0,4080.0,4090.0,35.0,1430500.0,760.0
2023-05-05 21:00:00,4090.0,4090.0,4090.0,4090.0,0.0,0.0,760.0
2023-05-05 21:05:00,4090.0,4090.0,4090.0,4090.0,0.0,0.0,760.0
2023-05-05 21:10:00,4090.0,4090.0,4090.0,4090.0,0.0,0.0,760.0
2023-05-05 21:15:00,4090.0,4090.0,4090.0,4090.0,0.0,0.0,760.0
2023-05-05 21:20:00,4090.0,4090.0,4090.0,4090.0,0.0,0.0,760.0
2023-05-05 21:25:00,4090.0,4090.0,4090.0,4090.0,0.0,0.0,760.0
2023-05-05 21:30:00,4090.0,4090.0,4090.0,4090.0,0.0,0.0,760.0
2023-05-05 21:35:00,4090.0,4090.0,4090.0,4090.0,0.0,0.0,760.0
2023-05-05 21:40:00,4090.0,4090.0,4090.0,4090.0,0.0,0.0,760.0
2023-05-05 21:45:00,4090.0,4090.0,4090.0,4090.0,0.0,0.0,760.0
2023-05-05 21:50:00,4090.0,4090.0,4090.0,4090.0,0.0,0.0,760.0
2023-05-05 21:55:00,4090.0,4090.0,4090.0,4090.0,0.0,0.0,760.0
2023-05-05 22:00:00,4090.0,4090.0,4090.0,4090.0,0.0,0.0,760.0
2023-05-05 22:05:00,4090.0,4090.0,4090.0,4090.0,0.0,0.0,760.0
2023-05-05 22:10:00,4090.0,4090.0,4090.0,4090.0,0.0,0.0,760.0
2023-05-05 22:15:00,4090.0,4090.0,4090.0,4090.0,0.0,0.0,760.0
2023-05-05 22:20:00,4090.0,4090.0,4090.0,4090.0,0.0,0.0,760.0
2023-05-05 22:25:00,4090.0,4090.0,4090.0,4090.0,0.0,0.0,760.0
2023-05-05 22:30:00,4090.0,4090.0,4090.0,4090.0,0.0,0.0,760.0
2023-05-05 22:35:00,4090.0,4090.0,4090.0,4090.0,0.0,0.0,760.0
2023-05-05 22:40:00,4090.0,4090.0,4090.0,4090.0,0.0,0.0,760.0
2023-05-05 22:45:00,4090.0,4090.0,4090.0,4090.0,0.0,0.0,760.0
2023-05-05 22:50:00,4090.0,4090.0,4090.0,4090.0,0.0,0.0,760.0
2023-05-05 22:55:00,4090.0,4090.0,4090.0,4090.0,0.0,0.0,760.0
2023-05-08 09:00:00,4090.0,4090.0,4090.0,4090.0,0.0,0.0,760.0
2023-05-08 09:05:00,4090.0,4090.0,4090.0,4090.0,0.0,0.0,760.0
2023-05-08 09:10:00,4090.0,4090.0,4090.0,4090.0,0.0,0.0,760.0
2023-05-08 09:15:00,4090.0,4090.0,4090.0,4090.0,0.0,0.0,760.0
2023-05-08 09:20:00,4090.0,4090.0,4090.0,4090.0,0.0,0.0,760.0
2023-05-08 09:25:00,4090.0,4090.0,4090.0,4090.0,0.0,0.0,760.0
2023-05-08 09:30:00,4090.0,4090.0,4090.0,4090.0,0.0,0.0,760.0
2023-05-08 09:35:00,4090.0,4090.0,4090.0,4090.0,0.0,0.0,760.0
2023-05-08 09:40:00,4090.0,4090.0,4090.0,4090.0,0.0,0.0,760.0
2023-05-08 09:45:00,4090.0,4090.0,4090.0,4090.0,0.0,0.0,760.0
2023-05-08 09:50:00,4090.0,4090.0,4090.0,4090.0,0.0,0.0,760.0
2023-05-08 09:55:00,4090.0,4090.0,4090.0,4090.0,0.0,0.0,760.0
2023-05-08 10:00:00,4090.0,4090.0,4090.0,4090.0,0.0,0.0,760.0
2023-05-08 10:05:00,4090.0,4090.0,4090.0,4090.0,0.0,0.0,760.0
2023-05-08 10:10:00,4090.0,4090.0,4090.0,4090.0,0.0,0.0,760.0
2023-05-08 10:30:00,4090.0,4090.0,4090.0,4090.0,0.0,0.0,760.0
2023-05-08 10:35:00,4090.0,4090.0,4090.0,4090.0,0.0,0.0,760.0
2023-05-08 10:40:00,4090.0,4090.0,4090.0,4090.0,0.0,0.0,760.0
2023-05-08 10:45:00,4090.0,4090.0,4090.0,4090.0,0.0,0.0,760.0
2023-05-08 10:50:00,4090.0,4090.0,4090.0,4090.0,0.0,0.0,760.0
2023-05-08 10:55:00,4090.0,4090.0,4090.0,4090.0,0.0,0.0,760.0
2023-05-08 11:00:00,4090.0,4090.0,4090.0,4090.0,0.0,0.0,760.0
2023-05-08 11:05:00,4090.0,4090.0,4090.0,4090.0,0.0,0.0,760.0
2023-05-08 11:10:00,4090.0,4090.0,4090.0,4090.0,0.0,0.0,760.0
2023-05-08 11:15:00,4090.0,4090.0,4090.0,4090.0,0.0,0.0,760.0
2023-05-08 11:20:00,4090.0,4090.0,4090.0,4090.0,0.0,0.0,760.0
2023-05-08 11:25:00,4090.0,4153.0,4090.0,4153.0,16.0,664480.0,744.0
2023-05-08 13:30:00,4153.0,4153.0,4153.0,4153.0,0.0,0.0,744.0
2023-05-08 13:35:00,4153.0,4153.0,4153.0,4153.0,0.0,0.0,744.0
2023-05-08 13:40:00,4153.0,4153.0,4153.0,4153.0,0.0,0.0,744.0
2023-05-08 13:45:00,4153.0,4153.0,4153.0,4153.0,0.0,0.0,744.0
2023-05-08 13:50:00,4153.0,4153.0,4153.0,4153.0,0.0,0.0,744.0
2023-05-08 13:55:00,4153.0,4153.0,4153.0,4153.0,0.0,0.0,744.0
2023-05-08 14:00:00,4153.0,4153.0,4153.0,4153.0,0.0,0.0,744.0
2023-05-08 14:05:00,4153.0,4153.0,4153.0,4153.0,0.0,0.0,744.0
2023-05-08 14:10:00,4153.0,4153.0,4153.0,4153.0,0.0,0.0,744.0
2023-05-08 14:15:00,4153.0,4153.0,4153.0,4153.0,0.0,0.0,744.0
2023-05-08 14:20:00,4153.0,4153.0,4153.0,4153.0,0.0,0.0,744.0
2023-05-08 14:25:00,4153.0,4153.0,4153.0,4153.0,0.0,0.0,744.0
2023-05-08 14:30:00,4153.0,4153.0,4153.0,4153.0,0.0,0.0,744.0
2023-05-08 14:35:00,4153.0,4153.0,4153.0,4153.0,0.0,0.0,744.0
2023-05-08 14:40:00,4153.0,4153.0,4153.0,4153.0,0.0,0.0,744.0
2023-05-08 14:45:00,4153.0,4153.0,4153.0,4153.0,0.0,0.0,744.0
2023-05-08 14:50:00,4153.0,4153.0,4153.0,4153.0,0.0,0.0,744.0
2023-05-08 14:55:00,4153.0,4153.0,4153.0,4153.0,0.0,0.0,644.0
2023-05-08 21:00:00,4153.0,4153.0,4153.0,4153.0,0.0,0.0,644.0
2023-05-08 21:05:00,4153.0,4153.0,4153.0,4153.0,0.0,0.0,644.0
2023-05-08 21:10:00,4153.0,4153.0,4153.0,4153.0,0.0,0.0,644.0
2023-05-08 21:15:00,4153.0,4153.0,4153.0,4153.0,0.0,0.0,644.0
2023-05-08 21:20:00,4153.0,4153.0,4153.0,4153.0,0.0,0.0,644.0
2023-05-08 21:25:00,4153.0,4153.0,4153.0,4153.0,0.0,0.0,644.0
2023-05-08 21:30:00,4153.0,4153.0,4153.0,4153.0,0.0,0.0,644.0
2023-05-08 21:35:00,4153.0,4153.0,4153.0,4153.0,0.0,0.0,644.0
2023-05-08 21:40:00,4153.0,4153.0,4153.0,4153.0,0.0,0.0,644.0
2023-05-08 21:45:00,4153.0,4153.0,4153.0,4153.0,0.0,0.0,644.0
2023-05-08 21:50:00,4153.0,4153.0,4153.0,4153.0,0.0,0.0,644.0
2023-05-08 21:55:00,4153.0,4153.0,4153.0,4153.0,0.0,0.0,644.0
2023-05-08 22:00:00,4153.0,4153.0,4153.0,4153.0,0.0,0.0,644.0
2023-05-08 22:05:00,4153.0,4153.0,4153.0,4153.0,0.0,0.0,644.0
2023-05-08 22:10:00,4153.0,4153.0,4153.0,4153.0,0.0,0.0,644.0
2023-05-08 22:15:00,4153.0,4153.0,4153.0,4153.0,0.0,0.0,644.0
2023-05-08 22:20:00,4153.0,4153.0,4153.0,4153.0,0.0,0.0,644.0
2023-05-08 22:25:00,4153.0,4153.0,4153.0,4153.0,0.0,0.0,644.0
2023-05-08 22:30:00,4153.0,4153.0,4153.0,4153.0,0.0,0.0,644.0
2023-05-08 22:35:00,4153.0,4153.0,4153.0,4153.0,0.0,0.0,644.0
2023-05-08 22:40:00,4153.0,4153.0,4153.0,4153.0,0.0,0.0,644.0
2023-05-08 22:45:00,4153.0,4153.0,4153.0,4153.0,0.0,0.0,644.0
2023-05-08 22:50:00,4153.0,4153.0,4153.0,4153.0,0.0,0.0,644.0
2023-05-08 22:55:00,4153.0,4153.0,4153.0,4153.0,0.0,0.0,644.0
2023-05-09 09:00:00,4153.0,4153.0,4153.0,4153.0,0.0,0.0,644.0
2023-05-09 09:05:00,4153.0,4153.0,4153.0,4153.0,0.0,0.0,644.0
2023-05-09 09:10:00,4153.0,4153.0,4153.0,4153.0,0.0,0.0,644.0
2023-05-09 09:15:00,4153.0,4153.0,4153.0,4153.0,0.0,0.0,644.0
2023-05-09 09:20:00,4153.0,4153.0,4153.0,4153.0,0.0,0.0,644.0
2023-05-09 09:25:00,4153.0,4153.0,4153.0,4153.0,0.0,0.0,644.0
2023-05-09 09:30:00,4153.0,4153.0,4153.0,4153.0,0.0,0.0,644.0
2023-05-09 09:35:00,4153.0,4153.0,4153.0,4153.0,0.0,0.0,644.0
2023-05-09 09:40:00,4153.0,4153.0,4153.0,4153.0,0.0,0.0,644.0
2023-05-09 09:45:00,4153.0,4153.0,4153.0,4153.0,0.0,0.0,644.0
2023-05-09 09:50:00,4153.0,4153.0,4153.0,4153.0,0.0,0.0,644.0
2023-05-09 09:55:00,4153.0,4153.0,4153.0,4153.0,0.0,0.0,644.0
2023-05-09 10:00:00,4153.0,4153.0,4153.0,4153.0,0.0,0.0,644.0
2023-05-09 10:05:00,4153.0,4153.0,4153.0,4153.0,0.0,0.0,644.0
2023-05-09 10:10:00,4153.0,4153.0,4153.0,4153.0,0.0,0.0,644.0
2023-05-09 10:30:00,4153.0,4153.0,4153.0,4153.0,0.0,0.0,644.0
2023-05-09 10:35:00,4153.0,4153.0,4153.0,4153.0,0.0,0.0,644.0
2023-05-09 10:40:00,4153.0,4153.0,4153.0,4153.0,0.0,0.0,644.0
2023-05-09 10:45:00,4153.0,4153.0,4153.0,4153.0,0.0,0.0,644.0
2023-05-09 10:50:00,4153.0,4153.0,4153.0,4153.0,0.0,0.0,644.0
2023-05-09 10:55:00,4153.0,4153.0,4153.0,4153.0,0.0,0.0,644.0
2023-05-09 11:00:00,4153.0,4153.0,4153.0,4153.0,0.0,0.0,644.0
2023-05-09 11:05:00,4153.0,4153.0,4153.0,4153.0,0.0,0.0,644.0
2023-05-09 11:10:00,4153.0,4153.0,4153.0,4153.0,0.0,0.0,644.0
2023-05-09 11:15:00,4153.0,4153.0,4153.0,4153.0,0.0,0.0,644.0
2023-05-09 11:20:00,4153.0,4153.0,4153.0,4153.0,0.0,0.0,644.0
2023-05-09 11:25:00,4153.0,4153.0,4153.0,4153.0,0.0,0.0,644.0
2023-05-09 13:30:00,4153.0,4153.0,4153.0,4153.0,0.0,0.0,644.0
2023-05-09 13:35:00,4153.0,4153.0,4153.0,4153.0,0.0,0.0,644.0
2023-05-09 13:40:00,4153.0,4153.0,4153.0,4153.0,0.0,0.0,644.0
2023-05-09 13:45:00,4153.0,4153.0,4153.0,4153.0,0.0,0.0,644.0
2023-05-09 13:50:00,4153.0,4153.0,4153.0,4153.0,0.0,0.0,644.0
2023-05-09 13:55:00,4153.0,4153.0,4153.0,4153.0,0.0,0.0,644.0
2023-05-09 14:00:00,4153.0,4153.0,4153.0,4153.0,0.0,0.0,644.0
2023-05-09 14:05:00,4153.0,4153.0,4153.0,4153.0,0.0,0.0,644.0
2023-05-09 14:10:00,4153.0,4153.0,4153.0,4153.0,0.0,0.0,644.0
2023-05-09 14:15:00,4153.0,4153.0,4153.0,4153.0,0.0,0.0,644.0
2023-05-09 14:20:00,4153.0,4153.0,4153.0,4153.0,0.0,0.0,644.0
2023-05-09 14:25:00,4153.0,4153.0,4153.0,4153.0,0.0,0.0,644.0
2023-05-09 14:30:00,4153.0,4153.0,4153.0,4153.0,0.0,0.0,644.0
2023-05-09 14:35:00,4153.0,4153.0,4153.0,4153.0,0.0,0.0,644.0
2023-05-09 14:40:00,4153.0,4153.0,4153.0,4153.0,0.0,0.0,644.0
2023-05-09 14:45:00,4153.0,4153.0,4153.0,4153.0,0.0,0.0,644.0
2023-05-09 14:50:00,4153.0,4153.0,4153.0,4153.0,0.0,0.0,644.0
2023-05-09 14:55:00,4153.0,4153.0,4153.0,4153.0,0.0,0.0,644.0
2023-05-09 21:00:00,4153.0,4153.0,4153.0,4153.0,0.0,0.0,644.0
2023-05-09 21:05:00,4153.0,4153.0,4153.0,4153.0,0.0,0.0,644.0
2023-05-09 21:10:00,4153.0,4153.0,4153.0,4153.0,0.0,0.0,644.0
2023-05-09 21:15:00,4153.0,4153.0,4153.0,4153.0,0.0,0.0,644.0
2023-05-09 21:20:00,4153.0,4153.0,4153.0,4153.0,0.0,0.0,644.0
2023-05-09 21:25:00,4153.0,4153.0,4153.0,4153.0,0.0,0.0,644.0
2023-05-09 21:30:00,4153.0,4153.0,4153.0,4153.0,0.0,0.0,644.0
2023-05-09 21:35:00,4153.0,4153.0,4153.0,4153.0,0.0,0.0,644.0
2023-05-09 21:40:00,4153.0,4153.0,4153.0,4153.0,0.0,0.0,644.0
2023-05-09 21:45:00,4153.0,4153.0,4153.0,4153.0,0.0,0.0,644.0
2023-05-09 21:50:00,4153.0,4153.0,4153.0,4153.0,0.0,0.0,644.0
2023-05-09 21:55:00,4153.0,4153.0,4153.0,4153.0,0.0,0.0,644.0
2023-05-09 22:00:00,4153.0,4153.0,4153.0,4153.0,0.0,0.0,644.0
2023-05-09 22:05:00,4153.0,4153.0,4153.0,4153.0,0.0,0.0,644.0
2023-05-09 22:10:00,4153.0,4153.0,4153.0,4153.0,0.0,0.0,644.0
2023-05-09 22:15:00,4153.0,4153.0,4153.0,4153.0,0.0,0.0,644.0
2023-05-09 22:20:00,4153.0,4153.0,4153.0,4153.0,0.0,0.0,644.0
2023-05-09 22:25:00,4153.0,4153.0,4153.0,4153.0,0.0,0.0,644.0
2023-05-09 22:30:00,4153.0,4153.0,4153.0,4153.0,0.0,0.0,644.0
2023-05-09 22:35:00,4153.0,4153.0,4153.0,4153.0,0.0,0.0,644.0
2023-05-09 22:40:00,4153.0,4153.0,4153.0,4153.0,0.0,0.0,644.0
2023-05-09 22:45:00,4153.0,4153.0,4153.0,4153.0,0.0,0.0,644.0
2023-05-09 22:50:00,4153.0,4153.0,4153.0,4153.0,0.0,0.0,644.0
2023-05-09 22:55:00,4153.0,4153.0,4153.0,4153.0,0.0,0.0,644.0
2023-05-10 09:00:00,4153.0,4153.0,4153.0,4153.0,0.0,0.0,644.0
2023-05-10 09:05:00,4153.0,4153.0,4153.0,4153.0,0.0,0.0,644.0
2023-05-10 09:10:00,4153.0,4153.0,4153.0,4153.0,0.0,0.0,644.0
2023-05-10 09:15:00,4153.0,4153.0,4153.0,4153.0,0.0,0.0,644.0
2023-05-10 09:20:00,4153.0,4153.0,4153.0,4153.0,0.0,0.0,644.0
2023-05-10 09:25:00,4153.0,4153.0,4153.0,4153.0,0.0,0.0,644.0
2023-05-10 09:30:00,4153.0,4153.0,4153.0,4153.0,0.0,0.0,644.0
2023-05-10 09:35:00,4153.0,4153.0,4153.0,4153.0,0.0,0.0,644.0
2023-05-10 09:40:00,4153.0,4153.0,4153.0,4153.0,0.0,0.0,644.0
2023-05-10 09:45:00,4153.0,4153.0,4153.0,4153.0,0.0,0.0,644.0
2023-05-10 09:50:00,4153.0,4153.0,4153.0,4153.0,0.0,0.0,644.0
2023-05-10 09:55:00,4153.0,4153.0,4153.0,4153.0,0.0,0.0,644.0
2023-05-10 10:00:00,4153.0,4153.0,4153.0,4153.0,0.0,0.0,644.0
2023-05-10 10:05:00,4153.0,4153.0,4153.0,4153.0,0.0,0.0,644.0
2023-05-10 10:10:00,4153.0,4153.0,4153.0,4153.0,0.0,0.0,644.0
2023-05-10 10:30:00,4153.0,4153.0,4153.0,4153.0,0.0,0.0,644.0
2023-05-10 10:35:00,4153.0,4153.0,4153.0,4153.0,0.0,0.0,644.0
2023-05-10 10:40:00,4153.0,4153.0,4153.0,4153.0,0.0,0.0,644.0
2023-05-10 10:45:00,4153.0,4153.0,4153.0,4153.0,0.0,0.0,644.0
2023-05-10 10:50:00,4153.0,4153.0,4153.0,4153.0,0.0,0.0,644.0
2023-05-10 10:55:00,4153.0,4153.0,4153.0,4153.0,0.0,0.0,644.0
2023-05-10 11:00:00,4153.0,4153.0,4153.0,4153.0,0.0,0.0,644.0
2023-05-10 11:05:00,4153.0,4153.0,4144.0,4144.0,2.0,82880.0,646.0
2023-05-10 11:10:00,4144.0,4144.0,4144.0,4144.0,0.0,0.0,646.0
2023-05-10 11:15:00,4144.0,4144.0,4144.0,4144.0,0.0,0.0,646.0
2023-05-10 11:20:00,4144.0,4144.0,4140.0,4140.0,2.0,82820.0,644.0
2023-05-10 11:25:00,4140.0,4140.0,4140.0,4140.0,0.0,0.0,644.0
2023-05-10 13:30:00,4140.0,4140.0,4140.0,4140.0,0.0,0.0,644.0
2023-05-10 13:35:00,4140.0,4140.0,4140.0,4140.0,0.0,0.0,644.0
2023-05-10 13:40:00,4140.0,4140.0,4140.0,4140.0,0.0,0.0,644.0
2023-05-10 13:45:00,4140.0,4140.0,4140.0,4140.0,0.0,0.0,644.0
2023-05-10 13:50:00,4140.0,4140.0,4140.0,4140.0,0.0,0.0,644.0
2023-05-10 13:55:00,4140.0,4140.0,4140.0,4140.0,0.0,0.0,644.0
2023-05-10 14:00:00,4140.0,4140.0,4140.0,4140.0,0.0,0.0,644.0
2023-05-10 14:05:00,4140.0,4140.0,4140.0,4140.0,0.0,0.0,644.0
2023-05-10 14:10:00,4140.0,4140.0,4140.0,4140.0,0.0,0.0,644.0
2023-05-10 14:15:00,4140.0,4140.0,4140.0,4140.0,0.0,0.0,644.0
2023-05-10 14:20:00,4140.0,4140.0,4140.0,4140.0,0.0,0.0,644.0
2023-05-10 14:25:00,4140.0,4140.0,4140.0,4140.0,0.0,0.0,644.0
2023-05-10 14:30:00,4140.0,4140.0,4140.0,4140.0,0.0,0.0,644.0
2023-05-10 14:35:00,4140.0,4140.0,4140.0,4140.0,0.0,0.0,644.0
2023-05-10 14:40:00,4140.0,4140.0,4140.0,4140.0,0.0,0.0,644.0
2023-05-10 14:45:00,4140.0,4140.0,4140.0,4140.0,0.0,0.0,644.0
2023-05-10 14:50:00,4140.0,4140.0,4140.0,4140.0,0.0,0.0,644.0
2023-05-10 14:55:00,4140.0,4140.0,4140.0,4140.0,0.0,0.0,600.0
2023-05-10 21:00:00,4140.0,4140.0,4140.0,4140.0,0.0,0.0,600.0
2023-05-10 21:05:00,4140.0,4140.0,4140.0,4140.0,0.0,0.0,600.0
2023-05-10 21:10:00,4140.0,4140.0,4140.0,4140.0,0.0,0.0,600.0
2023-05-10 21:15:00,4140.0,4140.0,4140.0,4140.0,0.0,0.0,600.0
2023-05-10 21:20:00,4140.0,4140.0,4140.0,4140.0,0.0,0.0,600.0
2023-05-10 21:25:00,4140.0,4140.0,4140.0,4140.0,0.0,0.0,600.0
2023-05-10 21:30:00,4140.0,4140.0,4140.0,4140.0,0.0,0.0,600.0
2023-05-10 21:35:00,4140.0,4140.0,4140.0,4140.0,0.0,0.0,600.0
2023-05-10 21:40:00,4140.0,4140.0,4140.0,4140.0,0.0,0.0,600.0
2023-05-10 21:45:00,4140.0,4140.0,4140.0,4140.0,0.0,0.0,600.0
2023-05-10 21:50:00,4140.0,4140.0,4140.0,4140.0,0.0,0.0,600.0
2023-05-10 21:55:00,4140.0,4140.0,4140.0,4140.0,0.0,0.0,600.0
2023-05-10 22:00:00,4140.0,4140.0,4140.0,4140.0,0.0,0.0,600.0
2023-05-10 22:05:00,4140.0,4140.0,4140.0,4140.0,0.0,0.0,600.0
2023-05-10 22:10:00,4140.0,4140.0,4140.0,4140.0,0.0,0.0,600.0
2023-05-10 22:15:00,4140.0,4140.0,4140.0,4140.0,0.0,0.0,600.0
2023-05-10 22:20:00,4140.0,4140.0,4140.0,4140.0,0.0,0.0,600.0
2023-05-10 22:25:00,4140.0,4140.0,4140.0,4140.0,0.0,0.0,600.0
2023-05-10 22:30:00,4140.0,4140.0,4140.0,4140.0,0.0,0.0,600.0
2023-05-10 22:35:00,4140.0,4140.0,4140.0,4140.0,0.0,0.0,600.0
2023-05-10 22:40:00,4140.0,4140.0,4140.0,4140.0,0.0,0.0,600.0
2023-05-10 22:45:00,4140.0,4140.0,4140.0,4140.0,0.0,0.0,600.0
2023-05-10 22:50:00,4140.0,4140.0,4140.0,4140.0,0.0,0.0,600.0
2023-05-10 22:55:00,4140.0,4140.0,4140.0,4140.0,0.0,0.0,600.0
2023-05-11 09:00:00,4140.0,4140.0,4140.0,4140.0,0.0,0.0,600.0
2023-05-11 09:05:00,4140.0,4140.0,4140.0,4140.0,0.0,0.0,600.0
2023-05-11 09:10:00,4140.0,4140.0,4140.0,4140.0,0.0,0.0,600.0
2023-05-11 09:15:00,4140.0,4140.0,4140.0,4140.0,0.0,0.0,600.0
2023-05-11 09:20:00,4140.0,4140.0,4140.0,4140.0,0.0,0.0,600.0
2023-05-11 09:25:00,4140.0,4140.0,4140.0,4140.0,0.0,0.0,600.0
2023-05-11 09:30:00,4140.0,4140.0,4140.0,4140.0,0.0,0.0,600.0
2023-05-11 09:35:00,4140.0,4140.0,4140.0,4140.0,0.0,0.0,600.0
2023-05-11 09:40:00,4140.0,4140.0,4140.0,4140.0,0.0,0.0,600.0
2023-05-11 09:45:00,4140.0,4140.0,4140.0,4140.0,0.0,0.0,600.0
2023-05-11 09:50:00,4140.0,4140.0,4140.0,4140.0,0.0,0.0,600.0
2023-05-11 09:55:00,4140.0,4140.0,4140.0,4140.0,0.0,0.0,600.0
2023-05-11 10:00:00,4140.0,4140.0,4140.0,4140.0,0.0,0.0,600.0
2023-05-11 10:05:00,4140.0,4140.0,4140.0,4140.0,0.0,0.0,600.0
2023-05-11 10:10:00,4140.0,4140.0,4140.0,4140.0,0.0,0.0,600.0
2023-05-11 10:30:00,4140.0,4140.0,4140.0,4140.0,0.0,0.0,600.0
2023-05-11 10:35:00,4140.0,4140.0,4140.0,4140.0,0.0,0.0,600.0
2023-05-11 10:40:00,4140.0,4140.0,4140.0,4140.0,0.0,0.0,600.0
2023-05-11 10:45:00,4140.0,4140.0,4140.0,4140.0,0.0,0.0,600.0
2023-05-11 10:50:00,4140.0,4140.0,4140.0,4140.0,0.0,0.0,600.0
2023-05-11 10:55:00,4140.0,4140.0,4140.0,4140.0,0.0,0.0,600.0
2023-05-11 11:00:00,4140.0,4140.0,4140.0,4140.0,0.0,0.0,600.0
2023-05-11 11:05:00,4140.0,4140.0,4140.0,4140.0,0.0,0.0,600.0
2023-05-11 11:10:00,4140.0,4140.0,4140.0,4140.0,0.0,0.0,600.0
2023-05-11 11:15:00,4140.0,4140.0,4140.0,4140.0,0.0,0.0,600.0
2023-05-11 11:20:00,4140.0,4140.0,4140.0,4140.0,0.0,0.0,600.0
2023-05-11 11:25:00,4140.0,4140.0,4140.0,4140.0,0.0,0.0,600.0
2023-05-11 13:30:00,4140.0,4140.0,4140.0,4140.0,0.0,0.0,600.0
2023-05-11 13:35:00,4140.0,4140.0,4140.0,4140.0,0.0,0.0,600.0
2023-05-11 13:40:00,4140.0,4140.0,4140.0,4140.0,0.0,0.0,600.0
2023-05-11 13:45:00,4140.0,4140.0,4140.0,4140.0,0.0,0.0,600.0
2023-05-11 13:50:00,4140.0,4140.0,4140.0,4140.0,0.0,0.0,600.0
2023-05-11 13:55:00,4140.0,4140.0,4140.0,4140.0,0.0,0.0,600.0
2023-05-11 14:00:00,4140.0,4140.0,4140.0,4140.0,0.0,0.0,600.0
2023-05-11 14:05:00,4140.0,4140.0,4140.0,4140.0,0.0,0.0,600.0
2023-05-11 14:10:00,4140.0,4140.0,4140.0,4140.0,0.0,0.0,600.0
2023-05-11 14:15:00,4140.0,4140.0,4140.0,4140.0,0.0,0.0,600.0
2023-05-11 14:20:00,4140.0,4140.0,4140.0,4140.0,0.0,0.0,600.0
2023-05-11 14:25:00,4140.0,4140.0,4140.0,4140.0,0.0,0.0,600.0
2023-05-11 14:30:00,4140.0,4140.0,4140.0,4140.0,0.0,0.0,600.0
2023-05-11 14:35:00,4140.0,4140.0,4140.0,4140.0,0.0,0.0,600.0
2023-05-11 14:40:00,4140.0,4140.0,4140.0,4140.0,0.0,0.0,600.0
2023-05-11 14:45:00,4140.0,4140.0,4140.0,4140.0,0.0,0.0,600.0
2023-05-11 14:50:00,4140.0,4140.0,4140.0,4140.0,0.0,0.0,600.0
2023-05-11 14:55:00,4140.0,4140.0,4140.0,4140.0,0.0,0.0,600.0
2023-05-11 21:00:00,4142.0,4142.0,4142.0,4142.0,0.0,0.0,600.0
2023-05-11 21:05:00,4142.0,4142.0,4142.0,4142.0,0.0,0.0,600.0
2023-05-11 21:10:00,4142.0,4142.0,4142.0,4142.0,0.0,0.0,600.0
2023-05-11 21:15:00,4142.0,4142.0,4142.0,4142.0,0.0,0.0,600.0
2023-05-11 21:20:00,4142.0,4142.0,4142.0,4142.0,0.0,0.0,600.0
2023-05-11 21:25:00,4142.0,4142.0,4142.0,4142.0,0.0,0.0,600.0
2023-05-11 21:30:00,4142.0,4142.0,4142.0,4142.0,0.0,0.0,600.0
2023-05-11 21:35:00,4142.0,4142.0,4142.0,4142.0,0.0,0.0,600.0
2023-05-11 21:40:00,4142.0,4142.0,4142.0,4142.0,0.0,0.0,600.0
2023-05-11 21:45:00,4142.0,4142.0,4142.0,4142.0,0.0,0.0,600.0
2023-05-11 21:50:00,4142.0,4142.0,4142.0,4142.0,0.0,0.0,600.0
2023-05-11 21:55:00,4142.0,4142.0,4142.0,4142.0,0.0,0.0,600.0
2023-05-11 22:00:00,4142.0,4142.0,4142.0,4142.0,0.0,0.0,600.0
2023-05-11 22:05:00,4142.0,4142.0,4142.0,4142.0,0.0,0.0,600.0
2023-05-11 22:10:00,4142.0,4142.0,4142.0,4142.0,0.0,0.0,600.0
2023-05-11 22:15:00,4142.0,4142.0,4142.0,4142.0,0.0,0.0,600.0
2023-05-11 22:20:00,4142.0,4142.0,4142.0,4142.0,0.0,0.0,600.0
2023-05-11 22:25:00,4142.0,4142.0,4142.0,4142.0,0.0,0.0,600.0
2023-05-11 22:30:00,4142.0,4142.0,4142.0,4142.0,0.0,0.0,600.0
2023-05-11 22:35:00,4142.0,4142.0,4142.0,4142.0,0.0,0.0,600.0
2023-05-11 22:40:00,4142.0,4142.0,4142.0,4142.0,0.0,0.0,600.0
2023-05-11 22:45:00,4142.0,4142.0,4142.0,4142.0,0.0,0.0,600.0
2023-05-11 22:50:00,4142.0,4142.0,4142.0,4142.0,0.0,0.0,600.0
2023-05-11 22:55:00,4142.0,4142.0,4142.0,4142.0,0.0,0.0,600.0
2023-05-12 09:00:00,4142.0,4142.0,4142.0,4142.0,0.0,0.0,600.0
2023-05-12 09:05:00,4142.0,4142.0,4142.0,4142.0,0.0,0.0,600.0
2023-05-12 09:10:00,4142.0,4142.0,4142.0,4142.0,0.0,0.0,600.0
2023-05-12 09:15:00,4142.0,4142.0,4142.0,4142.0,0.0,0.0,600.0
2023-05-12 09:20:00,4142.0,4142.0,4142.0,4142.0,0.0,0.0,600.0
2023-05-12 09:25:00,4142.0,4142.0,4142.0,4142.0,0.0,0.0,600.0
2023-05-12 09:30:00,4142.0,4142.0,4142.0,4142.0,0.0,0.0,600.0
2023-05-12 09:35:00,4142.0,4142.0,4142.0,4142.0,0.0,0.0,600.0
2023-05-12 09:40:00,4142.0,4142.0,4142.0,4142.0,0.0,0.0,600.0
2023-05-12 09:45:00,4142.0,4142.0,4142.0,4142.0,0.0,0.0,600.0
2023-05-12 09:50:00,4142.0,4142.0,4142.0,4142.0,0.0,0.0,600.0
2023-05-12 09:55:00,4142.0,4142.0,4142.0,4142.0,0.0,0.0,600.0
2023-05-12 10:00:00,4142.0,4142.0,4142.0,4142.0,0.0,0.0,600.0
2023-05-12 10:05:00,4142.0,4142.0,4142.0,4142.0,0.0,0.0,600.0
2023-05-12 10:10:00,4142.0,4142.0,4142.0,4142.0,0.0,0.0,600.0
2023-05-12 10:30:00,4142.0,4142.0,4142.0,4142.0,0.0,0.0,600.0
2023-05-12 10:35:00,4142.0,4142.0,4142.0,4142.0,0.0,0.0,600.0
2023-05-12 10:40:00,4142.0,4142.0,4142.0,4142.0,0.0,0.0,600.0
2023-05-12 10:45:00,4142.0,4142.0,4142.0,4142.0,0.0,0.0,600.0
2023-05-12 10:50:00,4142.0,4142.0,4142.0,4142.0,0.0,0.0,600.0
2023-05-12 10:55:00,4142.0,4142.0,4142.0,4142.0,0.0,0.0,600.0
2023-05-12 11:00:00,4142.0,4142.0,4142.0,4142.0,0.0,0.0,600.0
2023-05-12 11:05:00,4142.0,4142.0,4142.0,4142.0,0.0,0.0,600.0
2023-05-12 11:10:00,4142.0,4142.0,4142.0,4142.0,0.0,0.0,600.0
2023-05-12 11:15:00,4142.0,4142.0,4142.0,4142.0,0.0,0.0,600.0
2023-05-12 11:20:00,4142.0,4142.0,4142.0,4142.0,0.0,0.0,600.0
2023-05-12 11:25:00,4142.0,4142.0,4142.0,4142.0,0.0,0.0,600.0
2023-05-12 13:30:00,4142.0,4142.0,4142.0,4142.0,0.0,0.0,600.0
2023-05-12 13:35:00,4142.0,4142.0,4142.0,4142.0,0.0,0.0,600.0
2023-05-12 13:40:00,4142.0,4142.0,4142.0,4142.0,0.0,0.0,600.0
2023-05-12 13:45:00,4142.0,4142.0,4142.0,4142.0,0.0,0.0,600.0
2023-05-12 13:50:00,4142.0,4142.0,4142.0,4142.0,0.0,0.0,600.0
2023-05-12 13:55:00,4142.0,4142.0,4142.0,4142.0,0.0,0.0,600.0
2023-05-12 14:00:00,4142.0,4142.0,4142.0,4142.0,0.0,0.0,600.0
2023-05-12 14:05:00,4142.0,4142.0,4142.0,4142.0,0.0,0.0,600.0
2023-05-12 14:10:00,4142.0,4142.0,4142.0,4142.0,0.0,0.0,600.0
2023-05-12 14:15:00,4142.0,4142.0,4142.0,4142.0,0.0,0.0,600.0
2023-05-12 14:20:00,4142.0,4142.0,4142.0,4142.0,0.0,0.0,600.0
2023-05-12 14:25:00,4142.0,4142.0,4142.0,4142.0,0.0,0.0,600.0
2023-05-12 14:30:00,4142.0,4142.0,4142.0,4142.0,0.0,0.0,600.0
2023-05-12 14:35:00,4142.0,4142.0,4142.0,4142.0,0.0,0.0,600.0
2023-05-12 14:40:00,4142.0,4142.0,4142.0,4142.0,0.0,0.0,600.0
2023-05-12 14:45:00,4142.0,4142.0,4142.0,4142.0,0.0,0.0,600.0
2023-05-12 14:50:00,4142.0,4142.0,4142.0,4142.0,0.0,0.0,600.0
2023-05-12 14:55:00,4142.0,4142.0,4142.0,4142.0,0.0,0.0,600.0
2023-05-12 21:00:00,4142.0,4142.0,4142.0,4142.0,0.0,0.0,600.0
2023-05-12 21:05:00,4142.0,4142.0,4142.0,4142.0,0.0,0.0,600.0
2023-05-12 21:10:00,4142.0,4142.0,4142.0,4142.0,0.0,0.0,600.0
2023-05-12 21:15:00,4142.0,4142.0,4142.0,4142.0,0.0,0.0,600.0
2023-05-12 21:20:00,4142.0,4142.0,4142.0,4142.0,0.0,0.0,600.0
2023-05-12 21:25:00,4142.0,4142.0,4142.0,4142.0,0.0,0.0,600.0
2023-05-12 21:30:00,4142.0,4142.0,4142.0,4142.0,0.0,0.0,600.0
2023-05-12 21:35:00,4142.0,4142.0,4142.0,4142.0,0.0,0.0,600.0
2023-05-12 21:40:00,4142.0,4142.0,4142.0,4142.0,0.0,0.0,600.0
2023-05-12 21:45:00,4142.0,4142.0,4142.0,4142.0,0.0,0.0,600.0
2023-05-12 21:50:00,4142.0,4142.0,4142.0,4142.0,0.0,0.0,600.0
2023-05-12 21:55:00,4142.0,4142.0,4142.0,4142.0,0.0,0.0,600.0
2023-05-12 22:00:00,4142.0,4142.0,4142.0,4142.0,0.0,0.0,600.0
2023-05-12 22:05:00,4142.0,4142.0,4142.0,4142.0,0.0,0.0,600.0
2023-05-12 22:10:00,4142.0,4142.0,4142.0,4142.0,0.0,0.0,600.0
2023-05-12 22:15:00,4142.0,4142.0,4142.0,4142.0,0.0,0.0,600.0
2023-05-12 22:20:00,4142.0,4142.0,4142.0,4142.0,0.0,0.0,600.0
2023-05-12 22:25:00,4142.0,4142.0,4142.0,4142.0,0.0,0.0,600.0
2023-05-12 22:30:00,4142.0,4142.0,4142.0,4142.0,0.0,0.0,600.0
2023-05-12 22:35:00,4142.0,4142.0,4142.0,4142.0,0.0,0.0,600.0
2023-05-12 22:40:00,4142.0,4142.0,4142.0,4142.0,0.0,0.0,600.0
2023-05-12 22:45:00,4142.0,4142.0,4142.0,4142.0,0.0,0.0,600.0
2023-05-12 22:50:00,4142.0,4142.0,4142.0,4142.0,0.0,0.0,600.0
2023-05-12 22:55:00,4142.0,4142.0,4142.0,4142.0,0.0,0.0,600.0
2023-05-15 09:00:00,4142.0,4142.0,4142.0,4142.0,0.0,0.0,600.0
2023-05-15 09:05:00,4142.0,4142.0,4142.0,4142.0,0.0,0.0,600.0
2023-05-15 09:10:00,4142.0,4142.0,4142.0,4142.0,0.0,0.0,600.0
2023-05-15 09:15:00,4142.0,4142.0,4142.0,4142.0,0.0,0.0,600.0
2023-05-15 09:20:00,4142.0,4142.0,4142.0,4142.0,0.0,0.0,600.0
2023-05-15 09:25:00,4142.0,4142.0,4142.0,4142.0,0.0,0.0,600.0
2023-05-15 09:30:00,4142.0,4142.0,4142.0,4142.0,0.0,0.0,600.0
2023-05-15 09:35:00,4142.0,4142.0,4142.0,4142.0,0.0,0.0,600.0
2023-05-15 09:40:00,4142.0,4142.0,4142.0,4142.0,0.0,0.0,600.0
2023-05-15 09:45:00,4142.0,4142.0,4142.0,4142.0,0.0,0.0,600.0
2023-05-15 09:50:00,4142.0,4142.0,4142.0,4142.0,0.0,0.0,600.0
2023-05-15 09:55:00,4142.0,4142.0,4142.0,4142.0,0.0,0.0,600.0
2023-05-15 10:00:00,4142.0,4142.0,4142.0,4142.0,0.0,0.0,600.0
2023-05-15 10:05:00,4142.0,4142.0,4142.0,4142.0,0.0,0.0,600.0
2023-05-15 10:10:00,4142.0,4142.0,4142.0,4142.0,0.0,0.0,600.0
2023-05-15 10:30:00,4142.0,4142.0,4142.0,4142.0,0.0,0.0,600.0
2023-05-15 10:35:00,4142.0,4142.0,4142.0,4142.0,0.0,0.0,600.0
2023-05-15 10:40:00,4142.0,4142.0,4142.0,4142.0,0.0,0.0,600.0
2023-05-15 10:45:00,4142.0,4142.0,4142.0,4142.0,0.0,0.0,600.0
2023-05-15 10:50:00,4142.0,4142.0,4142.0,4142.0,0.0,0.0,600.0
2023-05-15 10:55:00,4142.0,4142.0,4142.0,4142.0,0.0,0.0,600.0
2023-05-15 11:00:00,4142.0,4142.0,4142.0,4142.0,0.0,0.0,600.0
2023-05-15 11:05:00,4142.0,4142.0,4142.0,4142.0,0.0,0.0,600.0
2023-05-15 11:10:00,4142.0,4142.0,4142.0,4142.0,0.0,0.0,600.0
2023-05-15 11:15:00,4142.0,4142.0,4142.0,4142.0,0.0,0.0,600.0
2023-05-15 11:20:00,4142.0,4142.0,4142.0,4142.0,0.0,0.0,600.0
2023-05-15 11:25:00,4142.0,4142.0,4142.0,4142.0,0.0,0.0,600.0
2023-05-15 13:30:00,4142.0,4142.0,4142.0,4142.0,0.0,0.0,600.0
2023-05-15 13:35:00,4142.0,4142.0,4142.0,4142.0,0.0,0.0,600.0
2023-05-15 13:40:00,4142.0,4142.0,4142.0,4142.0,0.0,0.0,600.0
2023-05-15 13:45:00,4142.0,4142.0,4142.0,4142.0,0.0,0.0,600.0
2023-05-15 13:50:00,4142.0,4142.0,4142.0,4142.0,0.0,0.0,600.0
2023-05-15 13:55:00,4142.0,4142.0,4142.0,4142.0,0.0,0.0,600.0
2023-05-15 14:00:00,4142.0,4142.0,4142.0,4142.0,0.0,0.0,600.0
2023-05-15 14:05:00,4142.0,4142.0,4142.0,4142.0,0.0,0.0,600.0
2023-05-15 14:10:00,4142.0,4142.0,4142.0,4142.0,0.0,0.0,600.0
2023-05-15 14:15:00,4142.0,4142.0,4142.0,4142.0,0.0,0.0,600.0
2023-05-15 14:20:00,4142.0,4142.0,4142.0,4142.0,0.0,0.0,600.0
2023-05-15 14:25:00,4142.0,4142.0,4142.0,4142.0,0.0,0.0,600.0
2023-05-15 14:30:00,4142.0,4142.0,4142.0,4142.0,0.0,0.0,600.0
2023-05-15 14:35:00,4142.0,4142.0,4142.0,4142.0,0.0,0.0,600.0
2023-05-15 14:40:00,4142.0,4142.0,4142.0,4142.0,0.0,0.0,600.0
2023-05-15 14:45:00,4142.0,4142.0,4142.0,4142.0,0.0,0.0,600.0
2023-05-15 14:50:00,4142.0,4142.0,4142.0,4142.0,0.0,0.0,600.0
2023-05-15 14:55:00,4142.0,4142.0,4142.0,4142.0,0.0,0.0,600.0
2023-05-15 21:00:00,4142.0,4142.0,4142.0,4142.0,0.0,0.0,600.0
2023-05-15 21:05:00,4142.0,4142.0,4142.0,4142.0,0.0,0.0,600.0
2023-05-15 21:10:00,4142.0,4142.0,4142.0,4142.0,0.0,0.0,600.0
2023-05-15 21:15:00,4142.0,4142.0,4142.0,4142.0,0.0,0.0,600.0
2023-05-15 21:20:00,4142.0,4142.0,4142.0,4142.0,0.0,0.0,600.0
2023-05-15 21:25:00,4142.0,4142.0,4142.0,4142.0,0.0,0.0,600.0
2023-05-15 21:30:00,4142.0,4142.0,4142.0,4142.0,0.0,0.0,600.0
2023-05-15 21:35:00,4142.0,4142.0,4142.0,4142.0,0.0,0.0,600.0
2023-05-15 21:40:00,4142.0,4142.0,4142.0,4142.0,0.0,0.0,600.0
2023-05-15 21:45:00,4142.0,4142.0,4142.0,4142.0,0.0,0.0,600.0
2023-05-15 21:50:00,4142.0,4142.0,4142.0,4142.0,0.0,0.0,600.0
2023-05-15 21:55:00,4142.0,4142.0,4142.0,4142.0,0.0,0.0,600.0
2023-05-15 22:00:00,4142.0,4142.0,4142.0,4142.0,0.0,0.0,600.0
2023-05-15 22:05:00,4142.0,4142.0,4142.0,4142.0,0.0,0.0,600.0
2023-05-15 22:10:00,4142.0,4142.0,4142.0,4142.0,0.0,0.0,600.0
2023-05-15 22:15:00,4142.0,4142.0,4142.0,4142.0,0.0,0.0,600.0
2023-05-15 22:20:00,4142.0,4142.0,4142.0,4142.0,0.0,0.0,600.0
2023-05-15 22:25:00,4142.0,4142.0,4142.0,4142.0,0.0,0.0,600.0
2023-05-15 22:30:00,4142.0,4142.0,4142.0,4142.0,0.0,0.0,600.0
2023-05-15 22:35:00,4142.0,4142.0,4142.0,4142.0,0.0,0.0,600.0
2023-05-15 22:40:00,4142.0,4142.0,4142.0,4142.0,0.0,0.0,600.0
2023-05-15 22:45:00,4142.0,4142.0,4142.0,4142.0,0.0,0.0,600.0
2023-05-15 22:50:00,4142.0,4142.0,4142.0,4142.0,0.0,0.0,600.0
2023-05-15 22:55:00,4142.0,4142.0,4142.0,4142.0,0.0,0.0,600.0
2023-05-16 09:00:00,4142.0,4142.0,4142.0,4142.0,0.0,0.0,600.0
2023-05-16 09:05:00,4142.0,4142.0,4142.0,4142.0,0.0,0.0,600.0
2023-05-16 09:10:00,4142.0,4142.0,4142.0,4142.0,0.0,0.0,600.0
2023-05-16 09:15:00,4142.0,4142.0,4142.0,4142.0,0.0,0.0,600.0
2023-05-16 09:20:00,4142.0,4142.0,4142.0,4142.0,0.0,0.0,600.0
2023-05-16 09:25:00,4142.0,4142.0,4142.0,4142.0,0.0,0.0,600.0
2023-05-16 09:30:00,4142.0,4142.0,4142.0,4142.0,0.0,0.0,600.0
2023-05-16 09:35:00,4142.0,4142.0,4142.0,4142.0,0.0,0.0,600.0
2023-05-16 09:40:00,4142.0,4142.0,4142.0,4142.0,0.0,0.0,600.0
2023-05-16 09:45:00,4142.0,4142.0,4142.0,4142.0,0.0,0.0,600.0
2023-05-16 09:50:00,4142.0,4142.0,4142.0,4142.0,0.0,0.0,600.0
2023-05-16 09:55:00,4142.0,4142.0,4142.0,4142.0,0.0,0.0,600.0
2023-05-16 10:00:00,4142.0,4142.0,4142.0,4142.0,0.0,0.0,600.0
2023-05-16 10:05:00,4142.0,4142.0,4142.0,4142.0,0.0,0.0,600.0
2023-05-16 10:10:00,4142.0,4142.0,4142.0,4142.0,0.0,0.0,600.0
2023-05-16 10:30:00,4142.0,4142.0,4142.0,4142.0,0.0,0.0,600.0
2023-05-16 10:35:00,4142.0,4142.0,4142.0,4142.0,0.0,0.0,600.0
2023-05-16 10:40:00,4142.0,4142.0,4142.0,4142.0,0.0,0.0,600.0
2023-05-16 10:45:00,4142.0,4142.0,4142.0,4142.0,0.0,0.0,600.0
2023-05-16 10:50:00,4142.0,4142.0,4142.0,4142.0,0.0,0.0,600.0
2023-05-16 10:55:00,4142.0,4142.0,4142.0,4142.0,0.0,0.0,600.0
2023-05-16 11:00:00,4142.0,4142.0,4142.0,4142.0,0.0,0.0,600.0
2023-05-16 11:05:00,4142.0,4142.0,4142.0,4142.0,0.0,0.0,600.0
2023-05-16 11:10:00,4142.0,4142.0,4142.0,4142.0,0.0,0.0,600.0
2023-05-16 11:15:00,4142.0,4142.0,4142.0,4142.0,0.0,0.0,600.0
2023-05-16 11:20:00,4142.0,4142.0,4142.0,4142.0,0.0,0.0,600.0
2023-05-16 11:25:00,4142.0,4142.0,4142.0,4142.0,0.0,0.0,600.0
2023-05-16 13:30:00,4142.0,4142.0,4142.0,4142.0,0.0,0.0,600.0
2023-05-16 13:35:00,4142.0,4142.0,4142.0,4142.0,0.0,0.0,600.0
2023-05-16 13:40:00,4142.0,4142.0,4142.0,4142.0,0.0,0.0,600.0
2023-05-16 13:45:00,4142.0,4142.0,4142.0,4142.0,0.0,0.0,600.0
2023-05-16 13:50:00,4142.0,4142.0,4142.0,4142.0,0.0,0.0,600.0
2023-05-16 13:55:00,4142.0,4142.0,4142.0,4142.0,0.0,0.0,600.0
2023-05-16 14:00:00,4142.0,4142.0,4142.0,4142.0,0.0,0.0,600.0
2023-05-16 14:05:00,4142.0,4142.0,4142.0,4142.0,0.0,0.0,600.0
2023-05-16 14:10:00,4142.0,4142.0,4142.0,4142.0,0.0,0.0,600.0
2023-05-16 14:15:00,4142.0,4142.0,4142.0,4142.0,0.0,0.0,600.0
2023-05-16 14:20:00,4142.0,4142.0,4142.0,4142.0,0.0,0.0,600.0
2023-05-16 14:25:00,4142.0,4142.0,4142.0,4142.0,0.0,0.0,600.0
2023-05-16 14:30:00,4142.0,4142.0,4142.0,4142.0,0.0,0.0,600.0
2023-05-16 14:35:00,4142.0,4142.0,4142.0,4142.0,0.0,0.0,600.0
2023-05-16 14:40:00,4142.0,4142.0,4142.0,4142.0,0.0,0.0,600.0
2023-05-16 14:45:00,4142.0,4142.0,4142.0,4142.0,0.0,0.0,600.0
2023-05-16 14:50:00,4142.0,4142.0,4142.0,4142.0,0.0,0.0,600.0
2023-05-16 14:55:00,4142.0,4142.0,4142.0,4142.0,0.0,0.0,600.0
2023-05-16 21:00:00,4165.0,4165.0,4165.0,4165.0,0.0,0.0,600.0
2023-05-16 21:05:00,4165.0,4165.0,4165.0,4165.0,0.0,0.0,600.0
2023-05-16 21:10:00,4165.0,4165.0,4165.0,4165.0,0.0,0.0,600.0
2023-05-16 21:15:00,4165.0,4165.0,4165.0,4165.0,0.0,0.0,600.0
2023-05-16 21:20:00,4165.0,4165.0,4165.0,4165.0,0.0,0.0,600.0
2023-05-16 21:25:00,4165.0,4165.0,4165.0,4165.0,0.0,0.0,600.0
2023-05-16 21:30:00,4165.0,4165.0,4165.0,4165.0,0.0,0.0,600.0
2023-05-16 21:35:00,4165.0,4165.0,4165.0,4165.0,0.0,0.0,600.0
2023-05-16 21:40:00,4165.0,4165.0,4165.0,4165.0,0.0,0.0,600.0
2023-05-16 21:45:00,4165.0,4165.0,4165.0,4165.0,0.0,0.0,600.0
2023-05-16 21:50:00,4165.0,4165.0,4165.0,4165.0,0.0,0.0,600.0
2023-05-16 21:55:00,4165.0,4165.0,4165.0,4165.0,0.0,0.0,600.0
2023-05-16 22:00:00,4165.0,4165.0,4165.0,4165.0,0.0,0.0,600.0
2023-05-16 22:05:00,4165.0,4165.0,4165.0,4165.0,0.0,0.0,600.0
2023-05-16 22:10:00,4165.0,4165.0,4165.0,4165.0,0.0,0.0,600.0
2023-05-16 22:15:00,4165.0,4165.0,4165.0,4165.0,0.0,0.0,600.0
2023-05-16 22:20:00,4165.0,4165.0,4165.0,4165.0,0.0,0.0,600.0
2023-05-16 22:25:00,4165.0,4165.0,4165.0,4165.0,0.0,0.0,600.0
2023-05-16 22:30:00,4165.0,4165.0,4165.0,4165.0,0.0,0.0,600.0
2023-05-16 22:35:00,4165.0,4165.0,4165.0,4165.0,0.0,0.0,600.0
2023-05-16 22:40:00,4165.0,4165.0,4165.0,4165.0,0.0,0.0,600.0
2023-05-16 22:45:00,4165.0,4165.0,4165.0,4165.0,0.0,0.0,600.0
2023-05-16 22:50:00,4165.0,4165.0,4165.0,4165.0,0.0,0.0,600.0
2023-05-16 22:55:00,4165.0,4165.0,4165.0,4165.0,0.0,0.0,600.0
2023-05-17 09:00:00,4165.0,4165.0,4165.0,4165.0,0.0,0.0,600.0
2023-05-17 09:05:00,4165.0,4165.0,4165.0,4165.0,0.0,0.0,600.0
2023-05-17 09:10:00,4165.0,4165.0,4165.0,4165.0,0.0,0.0,600.0
2023-05-17 09:15:00,4165.0,4165.0,4165.0,4165.0,0.0,0.0,600.0
2023-05-17 09:20:00,4165.0,4165.0,4165.0,4165.0,0.0,0.0,600.0
2023-05-17 09:25:00,4165.0,4165.0,4165.0,4165.0,0.0,0.0,600.0
2023-05-17 09:30:00,4165.0,4165.0,4165.0,4165.0,0.0,0.0,600.0
2023-05-17 09:35:00,4165.0,4165.0,4165.0,4165.0,0.0,0.0,600.0
2023-05-17 09:40:00,4165.0,4165.0,4165.0,4165.0,0.0,0.0,600.0
2023-05-17 09:45:00,4165.0,4165.0,4165.0,4165.0,0.0,0.0,600.0
2023-05-17 09:50:00,4165.0,4165.0,4165.0,4165.0,0.0,0.0,600.0
2023-05-17 09:55:00,4165.0,4165.0,4165.0,4165.0,0.0,0.0,600.0
2023-05-17 10:00:00,4165.0,4165.0,4165.0,4165.0,0.0,0.0,600.0
2023-05-17 10:05:00,4165.0,4165.0,4165.0,4165.0,0.0,0.0,600.0
2023-05-17 10:10:00,4165.0,4165.0,4165.0,4165.0,0.0,0.0,600.0
2023-05-17 10:30:00,4165.0,4165.0,4165.0,4165.0,0.0,0.0,600.0
2023-05-17 10:35:00,4165.0,4165.0,4165.0,4165.0,0.0,0.0,600.0
2023-05-17 10:40:00,4165.0,4165.0,4165.0,4165.0,0.0,0.0,600.0
2023-05-17 10:45:00,4165.0,4165.0,4165.0,4165.0,0.0,0.0,600.0
2023-05-17 10:50:00,4165.0,4165.0,4165.0,4165.0,0.0,0.0,600.0
2023-05-17 10:55:00,4165.0,4165.0,4165.0,4165.0,0.0,0.0,600.0
2023-05-17 11:00:00,4165.0,4165.0,4165.0,4165.0,0.0,0.0,600.0
2023-05-17 11:05:00,4165.0,4165.0,4165.0,4165.0,0.0,0.0,600.0
2023-05-17 11:10:00,4165.0,4165.0,4165.0,4165.0,0.0,0.0,600.0
2023-05-17 11:15:00,4165.0,4165.0,4165.0,4165.0,0.0,0.0,600.0
2023-05-17 11:20:00,4165.0,4165.0,4165.0,4165.0,0.0,0.0,600.0
2023-05-17 11:25:00,4165.0,4165.0,4165.0,4165.0,0.0,0.0,600.0
2023-05-17 13:30:00,4165.0,4165.0,4165.0,4165.0,0.0,0.0,600.0
2023-05-17 13:35:00,4165.0,4165.0,4165.0,4165.0,0.0,0.0,600.0
2023-05-17 13:40:00,4165.0,4165.0,4165.0,4165.0,0.0,0.0,600.0
2023-05-17 13:45:00,4165.0,4165.0,4165.0,4165.0,0.0,0.0,600.0
2023-05-17 13:50:00,4165.0,4165.0,4165.0,4165.0,0.0,0.0,600.0
2023-05-17 13:55:00,4165.0,4165.0,4165.0,4165.0,0.0,0.0,600.0
2023-05-17 14:00:00,4165.0,4165.0,4165.0,4165.0,0.0,0.0,600.0
2023-05-17 14:05:00,4165.0,4165.0,4165.0,4165.0,0.0,0.0,600.0
2023-05-17 14:10:00,4165.0,4165.0,4165.0,4165.0,0.0,0.0,600.0
2023-05-17 14:15:00,4165.0,4165.0,4165.0,4165.0,0.0,0.0,600.0
2023-05-17 14:20:00,4165.0,4165.0,4165.0,4165.0,0.0,0.0,600.0
2023-05-17 14:25:00,4165.0,4165.0,4165.0,4165.0,0.0,0.0,600.0
2023-05-17 14:30:00,4165.0,4165.0,4165.0,4165.0,0.0,0.0,600.0
2023-05-17 14:35:00,4165.0,4165.0,4165.0,4165.0,0.0,0.0,600.0
2023-05-17 14:40:00,4165.0,4165.0,4165.0,4165.0,0.0,0.0,600.0
2023-05-17 14:45:00,4165.0,4165.0,4165.0,4165.0,0.0,0.0,600.0
2023-05-17 14:50:00,4165.0,4165.0,4165.0,4165.0,0.0,0.0,600.0
2023-05-17 14:55:00,4165.0,4165.0,4165.0,4165.0,0.0,0.0,0.0
2023-05-17 21:00:00,4165.0,4165.0,4165.0,4165.0,0.0,0.0,0.0
2023-05-17 21:05:00,4165.0,4165.0,4165.0,4165.0,0.0,0.0,0.0
2023-05-17 21:10:00,4165.0,4165.0,4165.0,4165.0,0.0,0.0,0.0
2023-05-17 21:15:00,4165.0,4165.0,4165.0,4165.0,0.0,0.0,0.0
2023-05-17 21:20:00,4165.0,4165.0,4165.0,4165.0,0.0,0.0,0.0
2023-05-17 21:25:00,4165.0,4165.0,4165.0,4165.0,0.0,0.0,0.0
2023-05-17 21:30:00,4165.0,4165.0,4165.0,4165.0,0.0,0.0,0.0
2023-05-17 21:35:00,4165.0,4165.0,4165.0,4165.0,0.0,0.0,0.0
2023-05-17 21:40:00,4165.0,4165.0,4165.0,4165.0,0.0,0.0,0.0
2023-05-17 21:45:00,4165.0,4165.0,4165.0,4165.0,0.0,0.0,0.0
2023-05-17 21:50:00,4165.0,4165.0,4165.0,4165.0,0.0,0.0,0.0
2023-05-17 21:55:00,4165.0,4165.0,4165.0,4165.0,0.0,0.0,0.0
2023-05-17 22:00:00,4165.0,4165.0,4165.0,4165.0,0.0,0.0,0.0
2023-05-17 22:05:00,4165.0,4165.0,4165.0,4165.0,0.0,0.0,0.0
2023-05-17 22:10:00,4165.0,4165.0,4165.0,4165.0,0.0,0.0,0.0
2023-05-17 22:15:00,4165.0,4165.0,4165.0,4165.0,0.0,0.0,0.0
2023-05-17 22:20:00,4165.0,4165.0,4165.0,4165.0,0.0,0.0,0.0
2023-05-17 22:25:00,4165.0,4165.0,4165.0,4165.0,0.0,0.0,0.0
2023-05-17 22:30:00,4165.0,4165.0,4165.0,4165.0,0.0,0.0,0.0
2023-05-17 22:35:00,4165.0,4165.0,4165.0,4165.0,0.0,0.0,0.0
2023-05-17 22:40:00,4165.0,4165.0,4165.0,4165.0,0.0,0.0,0.0
2023-05-17 22:45:00,4165.0,4165.0,4165.0,4165.0,0.0,0.0,0.0
2023-05-17 22:50:00,4165.0,4165.0,4165.0,4165.0,0.0,0.0,0.0
2023-05-17 22:55:00,4165.0,4165.0,4165.0,4165.0,0.0,0.0,0.0
2023-05-18 09:00:00,4165.0,4165.0,4165.0,4165.0,0.0,0.0,0.0
2023-05-18 09:05:00,4165.0,4165.0,4165.0,4165.0,0.0,0.0,0.0
2023-05-18 09:10:00,4165.0,4165.0,4165.0,4165.0,0.0,0.0,0.0
2023-05-18 09:15:00,4165.0,4165.0,4165.0,4165.0,0.0,0.0,0.0
2023-05-18 09:20:00,4165.0,4165.0,4165.0,4165.0,0.0,0.0,0.0
2023-05-18 09:25:00,4165.0,4165.0,4165.0,4165.0,0.0,0.0,0.0
2023-05-18 09:30:00,4165.0,4165.0,4165.0,4165.0,0.0,0.0,0.0
2023-05-18 09:35:00,4165.0,4165.0,4165.0,4165.0,0.0,0.0,0.0
2023-05-18 09:40:00,4165.0,4165.0,4165.0,4165.0,0.0,0.0,0.0
2023-05-18 09:45:00,4165.0,4165.0,4165.0,4165.0,0.0,0.0,0.0
2023-05-18 09:50:00,4165.0,4165.0,4165.0,4165.0,0.0,0.0,0.0
2023-05-18 09:55:00,4165.0,4165.0,4165.0,4165.0,0.0,0.0,0.0
2023-05-18 10:00:00,4165.0,4165.0,4165.0,4165.0,0.0,0.0,0.0
2023-05-18 10:05:00,4165.0,4165.0,4165.0,4165.0,0.0,0.0,0.0
2023-05-18 10:10:00,4165.0,4165.0,4165.0,4165.0,0.0,0.0,0.0
2023-05-18 10:30:00,4165.0,4165.0,4165.0,4165.0,0.0,0.0,0.0
2023-05-18 10:35:00,4165.0,4165.0,4165.0,4165.0,0.0,0.0,0.0
2023-05-18 10:40:00,4165.0,4165.0,4165.0,4165.0,0.0,0.0,0.0
2023-05-18 10:45:00,4165.0,4165.0,4165.0,4165.0,0.0,0.0,0.0
2023-05-18 10:50:00,4165.0,4165.0,4165.0,4165.0,0.0,0.0,0.0
2023-05-18 10:55:00,4165.0,4165.0,4165.0,4165.0,0.0,0.0,0.0
2023-05-18 11:00:00,4165.0,4165.0,4165.0,4165.0,0.0,0.0,0.0
2023-05-18 11:05:00,4165.0,4165.0,4165.0,4165.0,0.0,0.0,0.0
2023-05-18 11:10:00,4165.0,4165.0,4165.0,4165.0,0.0,0.0,0.0
2023-05-18 11:15:00,4165.0,4165.0,4165.0,4165.0,0.0,0.0,0.0
2023-05-18 11:20:00,4165.0,4165.0,4165.0,4165.0,0.0,0.0,0.0
2023-05-18 11:25:00,4165.0,4165.0,4165.0,4165.0,0.0,0.0,0.0
2023-05-18 13:30:00,4165.0,4165.0,4165.0,4165.0,0.0,0.0,0.0
2023-05-18 13:35:00,4165.0,4165.0,4165.0,4165.0,0.0,0.0,0.0
2023-05-18 13:40:00,4165.0,4165.0,4165.0,4165.0,0.0,0.0,0.0
2023-05-18 13:45:00,4165.0,4165.0,4165.0,4165.0,0.0,0.0,0.0
2023-05-18 13:50:00,4165.0,4165.0,4165.0,4165.0,0.0,0.0,0.0
2023-05-18 13:55:00,4165.0,4165.0,4165.0,4165.0,0.0,0.0,0.0
2023-05-18 14:00:00,4165.0,4165.0,4165.0,4165.0,0.0,0.0,0.0
2023-05-18 14:05:00,4165.0,4165.0,4165.0,4165.0,0.0,0.0,0.0
2023-05-18 14:10:00,4165.0,4165.0,4165.0,4165.0,0.0,0.0,0.0
2023-05-18 14:15:00,4165.0,4165.0,4165.0,4165.0,0.0,0.0,0.0
2023-05-18 14:20:00,4165.0,4165.0,4165.0,4165.0,0.0,0.0,0.0
2023-05-18 14:25:00,4165.0,4165.0,4165.0,4165.0,0.0,0.0,0.0
2023-05-18 14:30:00,4165.0,4165.0,4165.0,4165.0,0.0,0.0,0.0
2023-05-18 14:35:00,4165.0,4165.0,4165.0,4165.0,0.0,0.0,0.0
2023-05-18 14:40:00,4165.0,4165.0,4165.0,4165.0,0.0,0.0,0.0
2023-05-18 14:45:00,4165.0,4165.0,4165.0,4165.0,0.0,0.0,0.0
2023-05-18 14:50:00,4165.0,4165.0,4165.0,4165.0,0.0,0.0,0.0
2023-05-18 14:55:00,4165.0,4165.0,4165.0,4165.0,0.0,0.0,0.0
2023-05-18 21:00:00,4165.0,4165.0,4165.0,4165.0,0.0,0.0,0.0
2023-05-18 21:05:00,4165.0,4165.0,4165.0,4165.0,0.0,0.0,0.0
2023-05-18 21:10:00,4165.0,4165.0,4165.0,4165.0,0.0,0.0,0.0
2023-05-18 21:15:00,4165.0,4165.0,4165.0,4165.0,0.0,0.0,0.0
2023-05-18 21:20:00,4165.0,4165.0,4165.0,4165.0,0.0,0.0,0.0
2023-05-18 21:25:00,4165.0,4165.0,4165.0,4165.0,0.0,0.0,0.0
2023-05-18 21:30:00,4165.0,4165.0,4165.0,4165.0,0.0,0.0,0.0
2023-05-18 21:35:00,4165.0,4165.0,4165.0,4165.0,0.0,0.0,0.0
2023-05-18 21:40:00,4165.0,4165.0,4165.0,4165.0,0.0,0.0,0.0
2023-05-18 21:45:00,4165.0,4165.0,4165.0,4165.0,0.0,0.0,0.0
2023-05-18 21:50:00,4165.0,4165.0,4165.0,4165.0,0.0,0.0,0.0
2023-05-18 21:55:00,4165.0,4165.0,4165.0,4165.0,0.0,0.0,0.0
2023-05-18 22:00:00,4165.0,4165.0,4165.0,4165.0,0.0,0.0,0.0
2023-05-18 22:05:00,4165.0,4165.0,4165.0,4165.0,0.0,0.0,0.0
2023-05-18 22:10:00,4165.0,4165.0,4165.0,4165.0,0.0,0.0,0.0
2023-05-18 22:15:00,4165.0,4165.0,4165.0,4165.0,0.0,0.0,0.0
2023-05-18 22:20:00,4165.0,4165.0,4165.0,4165.0,0.0,0.0,0.0
2023-05-18 22:25:00,4165.0,4165.0,4165.0,4165.0,0.0,0.0,0.0
2023-05-18 22:30:00,4165.0,4165.0,4165.0,4165.0,0.0,0.0,0.0
2023-05-18 22:35:00,4165.0,4165.0,4165.0,4165.0,0.0,0.0,0.0
2023-05-18 22:40:00,4165.0,4165.0,4165.0,4165.0,0.0,0.0,0.0
2023-05-18 22:45:00,4165.0,4165.0,4165.0,4165.0,0.0,0.0,0.0
2023-05-18 22:50:00,4165.0,4165.0,4165.0,4165.0,0.0,0.0,0.0
2023-05-18 22:55:00,4165.0,4165.0,4165.0,4165.0,0.0,0.0,0.0
2023-05-19 09:00:00,4165.0,4165.0,4165.0,4165.0,0.0,0.0,0.0
2023-05-19 09:05:00,4165.0,4165.0,4165.0,4165.0,0.0,0.0,0.0
2023-05-19 09:10:00,4165.0,4165.0,4165.0,4165.0,0.0,0.0,0.0
2023-05-19 09:15:00,4165.0,4165.0,4165.0,4165.0,0.0,0.0,0.0
2023-05-19 09:20:00,4165.0,4165.0,4165.0,4165.0,0.0,0.0,0.0
2023-05-19 09:25:00,4165.0,4165.0,4165.0,4165.0,0.0,0.0,0.0
2023-05-19 09:30:00,4165.0,4165.0,4165.0,4165.0,0.0,0.0,0.0
2023-05-19 09:35:00,4165.0,4165.0,4165.0,4165.0,0.0,0.0,0.0
2023-05-19 09:40:00,4165.0,4165.0,4165.0,4165.0,0.0,0.0,0.0
2023-05-19 09:45:00,4165.0,4165.0,4165.0,4165.0,0.0,0.0,0.0
2023-05-19 09:50:00,4165.0,4165.0,4165.0,4165.0,0.0,0.0,0.0
2023-05-19 09:55:00,4165.0,4165.0,4165.0,4165.0,0.0,0.0,0.0
2023-05-19 10:00:00,4165.0,4165.0,4165.0,4165.0,0.0,0.0,0.0
2023-05-19 10:05:00,4165.0,4165.0,4165.0,4165.0,0.0,0.0,0.0
2023-05-19 10:10:00,4165.0,4165.0,4165.0,4165.0,0.0,0.0,0.0
2023-05-19 10:30:00,4165.0,4165.0,4165.0,4165.0,0.0,0.0,0.0
2023-05-19 10:35:00,4165.0,4165.0,4165.0,4165.0,0.0,0.0,0.0
2023-05-19 10:40:00,4165.0,4165.0,4165.0,4165.0,0.0,0.0,0.0
2023-05-19 10:45:00,4165.0,4165.0,4165.0,4165.0,0.0,0.0,0.0
2023-05-19 10:50:00,4165.0,4165.0,4165.0,4165.0,0.0,0.0,0.0
2023-05-19 10:55:00,4165.0,4165.0,4165.0,4165.0,0.0,0.0,0.0
2023-05-19 11:00:00,4165.0,4165.0,4165.0,4165.0,0.0,0.0,0.0
2023-05-19 11:05:00,4165.0,4165.0,4165.0,4165.0,0.0,0.0,0.0
2023-05-19 11:10:00,4165.0,4165.0,4165.0,4165.0,0.0,0.0,0.0
2023-05-19 11:15:00,4165.0,4165.0,4165.0,4165.0,0.0,0.0,0.0
2023-05-19 11:20:00,4165.0,4165.0,4165.0,4165.0,0.0,0.0,0.0
2023-05-19 11:25:00,4165.0,4165.0,4165.0,4165.0,0.0,0.0,0.0
2023-05-19 13:30:00,4165.0,4165.0,4165.0,4165.0,0.0,0.0,0.0
2023-05-19 13:35:00,4165.0,4165.0,4165.0,4165.0,0.0,0.0,0.0
2023-05-19 13:40:00,4165.0,4165.0,4165.0,4165.0,0.0,0.0,0.0
2023-05-19 13:45:00,4165.0,4165.0,4165.0,4165.0,0.0,0.0,0.0
2023-05-19 13:50:00,4165.0,4165.0,4165.0,4165.0,0.0,0.0,0.0
2023-05-19 13:55:00,4165.0,4165.0,4165.0,4165.0,0.0,0.0,0.0
2023-05-19 14:00:00,4165.0,4165.0,4165.0,4165.0,0.0,0.0,0.0
2023-05-19 14:05:00,4165.0,4165.0,4165.0,4165.0,0.0,0.0,0.0
2023-05-19 14:10:00,4165.0,4165.0,4165.0,4165.0,0.0,0.0,0.0
2023-05-19 14:15:00,4165.0,4165.0,4165.0,4165.0,0.0,0.0,0.0
2023-05-19 14:20:00,4165.0,4165.0,4165.0,4165.0,0.0,0.0,0.0
2023-05-19 14:25:00,4165.0,4165.0,4165.0,4165.0,0.0,0.0,0.0
2023-05-19 14:30:00,4165.0,4165.0,4165.0,4165.0,0.0,0.0,0.0
2023-05-19 14:35:00,4165.0,4165.0,4165.0,4165.0,0.0,0.0,0.0
2023-05-19 14:40:00,4165.0,4165.0,4165.0,4165.0,0.0,0.0,0.0
2023-05-19 14:45:00,4165.0,4165.0,4165.0,4165.0,0.0,0.0,0.0
2023-05-19 14:50:00,4165.0,4165.0,4165.0,4165.0,0.0,0.0,0.0
2023-05-19 14:55:00,4165.0,4165.0,4165.0,4165.0,0.0,0.0,0.0
2023-05-19 21:00:00,4165.0,4165.0,4165.0,4165.0,0.0,0.0,0.0
2023-05-19 21:05:00,4165.0,4165.0,4165.0,4165.0,0.0,0.0,0.0
2023-05-19 21:10:00,4165.0,4165.0,4165.0,4165.0,0.0,0.0,0.0
2023-05-19 21:15:00,4165.0,4165.0,4165.0,4165.0,0.0,0.0,0.0
2023-05-19 21:20:00,4165.0,4165.0,4165.0,4165.0,0.0,0.0,0.0
2023-05-19 21:25:00,4165.0,4165.0,4165.0,4165.0,0.0,0.0,0.0
2023-05-19 21:30:00,4165.0,4165.0,4165.0,4165.0,0.0,0.0,0.0
2023-05-19 21:35:00,4165.0,4165.0,4165.0,4165.0,0.0,0.0,0.0
2023-05-19 21:40:00,4165.0,4165.0,4165.0,4165.0,0.0,0.0,0.0
2023-05-19 21:45:00,4165.0,4165.0,4165.0,4165.0,0.0,0.0,0.0
2023-05-19 21:50:00,4165.0,4165.0,4165.0,4165.0,0.0,0.0,0.0
2023-05-19 21:55:00,4165.0,4165.0,4165.0,4165.0,0.0,0.0,0.0
2023-05-19 22:00:00,4165.0,4165.0,4165.0,4165.0,0.0,0.0,0.0
2023-05-19 22:05:00,4165.0,4165.0,4165.0,4165.0,0.0,0.0,0.0
2023-05-19 22:10:00,4165.0,4165.0,4165.0,4165.0,0.0,0.0,0.0
2023-05-19 22:15:00,4165.0,4165.0,4165.0,4165.0,0.0,0.0,0.0
2023-05-19 22:20:00,4165.0,4165.0,4165.0,4165.0,0.0,0.0,0.0
2023-05-19 22:25:00,4165.0,4165.0,4165.0,4165.0,0.0,0.0,0.0
2023-05-19 22:30:00,4165.0,4165.0,4165.0,4165.0,0.0,0.0,0.0
2023-05-19 22:35:00,4165.0,4165.0,4165.0,4165.0,0.0,0.0,0.0
2023-05-19 22:40:00,4165.0,4165.0,4165.0,4165.0,0.0,0.0,0.0
2023-05-19 22:45:00,4165.0,4165.0,4165.0,4165.0,0.0,0.0,0.0
2023-05-19 22:50:00,4165.0,4165.0,4165.0,4165.0,0.0,0.0,0.0
2023-05-19 22:55:00,4165.0,4165.0,4165.0,4165.0,0.0,0.0,0.0
2023-05-22 09:00:00,4165.0,4165.0,4165.0,4165.0,0.0,0.0,0.0
2023-05-22 09:05:00,4165.0,4165.0,4165.0,4165.0,0.0,0.0,0.0
2023-05-22 09:10:00,4165.0,4165.0,4165.0,4165.0,0.0,0.0,0.0
2023-05-22 09:15:00,4165.0,4165.0,4165.0,4165.0,0.0,0.0,0.0
2023-05-22 09:20:00,4165.0,4165.0,4165.0,4165.0,0.0,0.0,0.0
2023-05-22 09:25:00,4165.0,4165.0,4165.0,4165.0,0.0,0.0,0.0
2023-05-22 09:30:00,4165.0,4165.0,4165.0,4165.0,0.0,0.0,0.0
2023-05-22 09:35:00,4165.0,4165.0,4165.0,4165.0,0.0,0.0,0.0
2023-05-22 09:40:00,4165.0,4165.0,4165.0,4165.0,0.0,0.0,0.0
2023-05-22 09:45:00,4165.0,4165.0,4165.0,4165.0,0.0,0.0,0.0
2023-05-22 09:50:00,4165.0,4165.0,4165.0,4165.0,0.0,0.0,0.0
2023-05-22 09:55:00,4165.0,4165.0,4165.0,4165.0,0.0,0.0,0.0
2023-05-22 10:00:00,4165.0,4165.0,4165.0,4165.0,0.0,0.0,0.0
2023-05-22 10:05:00,4165.0,4165.0,4165.0,4165.0,0.0,0.0,0.0
2023-05-22 10:10:00,4165.0,4165.0,4165.0,4165.0,0.0,0.0,0.0
2023-05-22 10:30:00,4165.0,4165.0,4165.0,4165.0,0.0,0.0,0.0
2023-05-22 10:35:00,4165.0,4165.0,4165.0,4165.0,0.0,0.0,0.0
2023-05-22 10:40:00,4165.0,4165.0,4165.0,4165.0,0.0,0.0,0.0
2023-05-22 10:45:00,4165.0,4165.0,4165.0,4165.0,0.0,0.0,0.0
2023-05-22 10:50:00,4165.0,4165.0,4165.0,4165.0,0.0,0.0,0.0
2023-05-22 10:55:00,4165.0,4165.0,4165.0,4165.0,0.0,0.0,0.0
2023-05-22 11:00:00,4165.0,4165.0,4165.0,4165.0,0.0,0.0,0.0
2023-05-22 11:05:00,4165.0,4165.0,4165.0,4165.0,0.0,0.0,0.0
2023-05-22 11:10:00,4165.0,4165.0,4165.0,4165.0,0.0,0.0,0.0
2023-05-22 11:15:00,4165.0,4165.0,4165.0,4165.0,0.0,0.0,0.0
2023-05-22 11:20:00,4165.0,4165.0,4165.0,4165.0,0.0,0.0,0.0
2023-05-22 11:25:00,4165.0,4165.0,4165.0,4165.0,0.0,0.0,0.0
2023-05-22 13:30:00,4165.0,4165.0,4165.0,4165.0,0.0,0.0,0.0
2023-05-22 13:35:00,4165.0,4165.0,4165.0,4165.0,0.0,0.0,0.0
2023-05-22 13:40:00,4165.0,4165.0,4165.0,4165.0,0.0,0.0,0.0
2023-05-22 13:45:00,4165.0,4165.0,4165.0,4165.0,0.0,0.0,0.0
2023-05-22 13:50:00,4165.0,4165.0,4165.0,4165.0,0.0,0.0,0.0
2023-05-22 13:55:00,4165.0,4165.0,4165.0,4165.0,0.0,0.0,0.0
2023-05-22 14:00:00,4165.0,4165.0,4165.0,4165.0,0.0,0.0,0.0
2023-05-22 14:05:00,4165.0,4165.0,4165.0,4165.0,0.0,0.0,0.0
2023-05-22 14:10:00,4165.0,4165.0,4165.0,4165.0,0.0,0.0,0.0
2023-05-22 14:15:00,4165.0,4165.0,4165.0,4165.0,0.0,0.0,0.0
2023-05-22 14:20:00,4165.0,4165.0,4165.0,4165.0,0.0,0.0,0.0
2023-05-22 14:25:00,4165.0,4165.0,4165.0,4165.0,0.0,0.0,0.0
2023-05-22 14:30:00,4165.0,4165.0,4165.0,4165.0,0.0,0.0,0.0
2023-05-22 14:35:00,4165.0,4165.0,4165.0,4165.0,0.0,0.0,0.0
2023-05-22 14:40:00,4165.0,4165.0,4165.0,4165.0,0.0,0.0,0.0
2023-05-22 14:45:00,4165.0,4165.0,4165.0,4165.0,0.0,0.0,0.0
2023-05-22 14:50:00,4165.0,4165.0,4165.0,4165.0,0.0,0.0,0.0
2023-05-22 14:55:00,4165.0,4165.0,4165.0,4165.0,0.0,0.0,0.0
2023-05-22 21:00:00,4165.0,4165.0,4165.0,4165.0,0.0,0.0,0.0
2023-05-22 21:05:00,4165.0,4165.0,4165.0,4165.0,0.0,0.0,0.0
2023-05-22 21:10:00,4165.0,4165.0,4165.0,4165.0,0.0,0.0,0.0
2023-05-22 21:15:00,4165.0,4165.0,4165.0,4165.0,0.0,0.0,0.0
2023-05-22 21:20:00,4165.0,4165.0,4165.0,4165.0,0.0,0.0,0.0
2023-05-22 21:25:00,4165.0,4165.0,4165.0,4165.0,0.0,0.0,0.0
2023-05-22 21:30:00,4165.0,4165.0,4165.0,4165.0,0.0,0.0,0.0
2023-05-22 21:35:00,4165.0,4165.0,4165.0,4165.0,0.0,0.0,0.0
2023-05-22 21:40:00,4165.0,4165.0,4165.0,4165.0,0.0,0.0,0.0
2023-05-22 21:45:00,4165.0,4165.0,4165.0,4165.0,0.0,0.0,0.0
2023-05-22 21:50:00,4165.0,4165.0,4165.0,4165.0,0.0,0.0,0.0
2023-05-22 21:55:00,4165.0,4165.0,4165.0,4165.0,0.0,0.0,0.0
2023-05-22 22:00:00,4165.0,4165.0,4165.0,4165.0,0.0,0.0,0.0
2023-05-22 22:05:00,4165.0,4165.0,4165.0,4165.0,0.0,0.0,0.0
2023-05-22 22:10:00,4165.0,4165.0,4165.0,4165.0,0.0,0.0,0.0
2023-05-22 22:15:00,4165.0,4165.0,4165.0,4165.0,0.0,0.0,0.0
2023-05-22 22:20:00,4165.0,4165.0,4165.0,4165.0,0.0,0.0,0.0
2023-05-22 22:25:00,4165.0,4165.0,4165.0,4165.0,0.0,0.0,0.0
2023-05-22 22:30:00,4165.0,4165.0,4165.0,4165.0,0.0,0.0,0.0
2023-05-22 22:35:00,4165.0,4165.0,4165.0,4165.0,0.0,0.0,0.0
2023-05-22 22:40:00,4165.0,4165.0,4165.0,4165.0,0.0,0.0,0.0
2023-05-22 22:45:00,4165.0,4165.0,4165.0,4165.0,0.0,0.0,0.0
2023-05-22 22:50:00,4165.0,4165.0,4165.0,4165.0,0.0,0.0,0.0
2023-05-22 22:55:00,4165.0,4165.0,4165.0,4165.0,0.0,0.0,0.0
2023-05-23 09:00:00,4165.0,4165.0,4165.0,4165.0,0.0,0.0,0.0
2023-05-23 09:05:00,4165.0,4165.0,4165.0,4165.0,0.0,0.0,0.0
2023-05-23 09:10:00,4165.0,4165.0,4165.0,4165.0,0.0,0.0,0.0
2023-05-23 09:15:00,4165.0,4165.0,4165.0,4165.0,0.0,0.0,0.0
2023-05-23 09:20:00,4165.0,4165.0,4165.0,4165.0,0.0,0.0,0.0
2023-05-23 09:25:00,4165.0,4165.0,4165.0,4165.0,0.0,0.0,0.0
2023-05-23 09:30:00,4165.0,4165.0,4165.0,4165.0,0.0,0.0,0.0
2023-05-23 09:35:00,4165.0,4165.0,4165.0,4165.0,0.0,0.0,0.0
2023-05-23 09:40:00,4165.0,4165.0,4165.0,4165.0,0.0,0.0,0.0
2023-05-23 09:45:00,4165.0,4165.0,4165.0,4165.0,0.0,0.0,0.0
2023-05-23 09:50:00,4165.0,4165.0,4165.0,4165.0,0.0,0.0,0.0
2023-05-23 09:55:00,4165.0,4165.0,4165.0,4165.0,0.0,0.0,0.0
2023-05-23 10:00:00,4165.0,4165.0,4165.0,4165.0,0.0,0.0,0.0
2023-05-23 10:05:00,4165.0,4165.0,4165.0,4165.0,0.0,0.0,0.0
2023-05-23 10:10:00,4165.0,4165.0,4165.0,4165.0,0.0,0.0,0.0
2023-05-23 10:30:00,4165.0,4165.0,4165.0,4165.0,0.0,0.0,0.0
2023-05-23 10:35:00,4165.0,4165.0,4165.0,4165.0,0.0,0.0,0.0
2023-05-23 10:40:00,4165.0,4165.0,4165.0,4165.0,0.0,0.0,0.0
2023-05-23 10:45:00,4165.0,4165.0,4165.0,4165.0,0.0,0.0,0.0
2023-05-23 10:50:00,4165.0,4165.0,4165.0,4165.0,0.0,0.0,0.0
2023-05-23 10:55:00,4165.0,4165.0,4165.0,4165.0,0.0,0.0,0.0
2023-05-23 11:00:00,4165.0,4165.0,4165.0,4165.0,0.0,0.0,0.0
2023-05-23 11:05:00,4165.0,4165.0,4165.0,4165.0,0.0,0.0,0.0
2023-05-23 11:10:00,4165.0,4165.0,4165.0,4165.0,0.0,0.0,0.0
2023-05-23 11:15:00,4165.0,4165.0,4165.0,4165.0,0.0,0.0,0.0
2023-05-23 11:20:00,4165.0,4165.0,4165.0,4165.0,0.0,0.0,0.0
2023-05-23 11:25:00,4165.0,4165.0,4165.0,4165.0,0.0,0.0,0.0
2023-05-23 13:30:00,4165.0,4165.0,4165.0,4165.0,0.0,0.0,0.0
2023-05-23 13:35:00,4165.0,4165.0,4165.0,4165.0,0.0,0.0,0.0
2023-05-23 13:40:00,4165.0,4165.0,4165.0,4165.0,0.0,0.0,0.0
2023-05-23 13:45:00,4165.0,4165.0,4165.0,4165.0,0.0,0.0,0.0
2023-05-23 13:50:00,4165.0,4165.0,4165.0,4165.0,0.0,0.0,0.0
2023-05-23 13:55:00,4165.0,4165.0,4165.0,4165.0,0.0,0.0,0.0
2023-05-23 14:00:00,4165.0,4165.0,4165.0,4165.0,0.0,0.0,0.0
2023-05-23 14:05:00,4165.0,4165.0,4165.0,4165.0,0.0,0.0,0.0
2023-05-23 14:10:00,4165.0,4165.0,4165.0,4165.0,0.0,0.0,0.0
2023-05-23 14:15:00,4165.0,4165.0,4165.0,4165.0,0.0,0.0,0.0
2023-05-23 14:20:00,4165.0,4165.0,4165.0,4165.0,0.0,0.0,0.0
2023-05-23 14:25:00,4165.0,4165.0,4165.0,4165.0,0.0,0.0,0.0
2023-05-23 14:30:00,4165.0,4165.0,4165.0,4165.0,0.0,0.0,0.0
2023-05-23 14:35:00,4165.0,4165.0,4165.0,4165.0,0.0,0.0,0.0
2023-05-23 14:40:00,4165.0,4165.0,4165.0,4165.0,0.0,0.0,0.0
2023-05-23 14:45:00,4165.0,4165.0,4165.0,4165.0,0.0,0.0,0.0
2023-05-23 14:50:00,4165.0,4165.0,4165.0,4165.0,0.0,0.0,0.0
2023-05-23 14:55:00,4165.0,4165.0,4165.0,4165.0,0.0,0.0,0.0
2023-05-23 21:00:00,4165.0,4165.0,4165.0,4165.0,0.0,0.0,0.0
2023-05-23 21:05:00,4165.0,4165.0,4165.0,4165.0,0.0,0.0,0.0
2023-05-23 21:10:00,4165.0,4165.0,4165.0,4165.0,0.0,0.0,0.0
2023-05-23 21:15:00,4165.0,4165.0,4165.0,4165.0,0.0,0.0,0.0
2023-05-23 21:20:00,4165.0,4165.0,4165.0,4165.0,0.0,0.0,0.0
2023-05-23 21:25:00,4165.0,4165.0,4165.0,4165.0,0.0,0.0,0.0
2023-05-23 21:30:00,4165.0,4165.0,4165.0,4165.0,0.0,0.0,0.0
2023-05-23 21:35:00,4165.0,4165.0,4165.0,4165.0,0.0,0.0,0.0
2023-05-23 21:40:00,4165.0,4165.0,4165.0,4165.0,0.0,0.0,0.0
2023-05-23 21:45:00,4165.0,4165.0,4165.0,4165.0,0.0,0.0,0.0
2023-05-23 21:50:00,4165.0,4165.0,4165.0,4165.0,0.0,0.0,0.0
2023-05-23 21:55:00,4165.0,4165.0,4165.0,4165.0,0.0,0.0,0.0
2023-05-23 22:00:00,4165.0,4165.0,4165.0,4165.0,0.0,0.0,0.0
2023-05-23 22:05:00,4165.0,4165.0,4165.0,4165.0,0.0,0.0,0.0
2023-05-23 22:10:00,4165.0,4165.0,4165.0,4165.0,0.0,0.0,0.0
2023-05-23 22:15:00,4165.0,4165.0,4165.0,4165.0,0.0,0.0,0.0
2023-05-23 22:20:00,4165.0,4165.0,4165.0,4165.0,0.0,0.0,0.0
2023-05-23 22:25:00,4165.0,4165.0,4165.0,4165.0,0.0,0.0,0.0
2023-05-23 22:30:00,4165.0,4165.0,4165.0,4165.0,0.0,0.0,0.0
2023-05-23 22:35:00,4165.0,4165.0,4165.0,4165.0,0.0,0.0,0.0
2023-05-23 22:40:00,4165.0,4165.0,4165.0,4165.0,0.0,0.0,0.0
2023-05-23 22:45:00,4165.0,4165.0,4165.0,4165.0,0.0,0.0,0.0
2023-05-23 22:50:00,4165.0,4165.0,4165.0,4165.0,0.0,0.0,0.0
2023-05-23 22:55:00,4165.0,4165.0,4165.0,4165.0,0.0,0.0,0.0
2023-05-24 09:00:00,4165.0,4165.0,4165.0,4165.0,0.0,0.0,0.0
2023-05-24 09:05:00,4165.0,4165.0,4165.0,4165.0,0.0,0.0,0.0
2023-05-24 09:10:00,4165.0,4165.0,4165.0,4165.0,0.0,0.0,0.0
2023-05-24 09:15:00,4165.0,4165.0,4165.0,4165.0,0.0,0.0,0.0
2023-05-24 09:20:00,4165.0,4165.0,4165.0,4165.0,0.0,0.0,0.0
2023-05-24 09:25:00,4165.0,4165.0,4165.0,4165.0,0.0,0.0,0.0
2023-05-24 09:30:00,4165.0,4165.0,4165.0,4165.0,0.0,0.0,0.0
2023-05-24 09:35:00,4165.0,4165.0,4165.0,4165.0,0.0,0.0,0.0
2023-05-24 09:40:00,4165.0,4165.0,4165.0,4165.0,0.0,0.0,0.0
2023-05-24 09:45:00,4165.0,4165.0,4165.0,4165.0,0.0,0.0,0.0
2023-05-24 09:50:00,4165.0,4165.0,4165.0,4165.0,0.0,0.0,0.0
2023-05-24 09:55:00,4165.0,4165.0,4165.0,4165.0,0.0,0.0,0.0
2023-05-24 10:00:00,4165.0,4165.0,4165.0,4165.0,0.0,0.0,0.0
2023-05-24 10:05:00,4165.0,4165.0,4165.0,4165.0,0.0,0.0,0.0
2023-05-24 10:10:00,4165.0,4165.0,4165.0,4165.0,0.0,0.0,0.0
2023-05-24 10:30:00,4165.0,4165.0,4165.0,4165.0,0.0,0.0,0.0
2023-05-24 10:35:00,4165.0,4165.0,4165.0,4165.0,0.0,0.0,0.0
2023-05-24 10:40:00,4165.0,4165.0,4100.0,4100.0,10.0,410000.0,10.0
2023-05-24 10:45:00,4100.0,4100.0,4100.0,4100.0,0.0,0.0,10.0
2023-05-24 10:50:00,4100.0,4100.0,4100.0,4100.0,0.0,0.0,10.0
2023-05-24 10:55:00,4100.0,4100.0,4100.0,4100.0,0.0,0.0,10.0
2023-05-24 11:00:00,4100.0,4100.0,4100.0,4100.0,0.0,0.0,10.0
2023-05-24 11:05:00,4100.0,4100.0,4100.0,4100.0,0.0,0.0,10.0
2023-05-24 11:10:00,4100.0,4100.0,4100.0,4100.0,0.0,0.0,10.0
2023-05-24 11:15:00,4100.0,4100.0,4100.0,4100.0,0.0,0.0,10.0
2023-05-24 11:20:00,4100.0,4100.0,4100.0,4100.0,0.0,0.0,10.0
2023-05-24 11:25:00,4100.0,4100.0,4100.0,4100.0,0.0,0.0,10.0
2023-05-24 13:30:00,4100.0,4100.0,4100.0,4100.0,10.0,410000.0,20.0
2023-05-24 13:35:00,4100.0,4100.0,4100.0,4100.0,0.0,0.0,20.0
2023-05-24 13:40:00,4100.0,4100.0,4100.0,4100.0,0.0,0.0,20.0
2023-05-24 13:45:00,4100.0,4100.0,4100.0,4100.0,0.0,0.0,20.0
2023-05-24 13:50:00,4100.0,4100.0,4100.0,4100.0,0.0,0.0,20.0
2023-05-24 13:55:00,4100.0,4100.0,4100.0,4100.0,0.0,0.0,20.0
2023-05-24 14:00:00,4100.0,4100.0,4100.0,4100.0,1.0,41000.0,20.0
2023-05-24 14:05:00,4100.0,4100.0,4100.0,4100.0,0.0,0.0,20.0
2023-05-24 14:10:00,4100.0,4100.0,4100.0,4100.0,0.0,0.0,20.0
2023-05-24 14:15:00,4100.0,4100.0,4100.0,4100.0,0.0,0.0,20.0
2023-05-24 14:20:00,4100.0,4100.0,4100.0,4100.0,0.0,0.0,20.0
2023-05-24 14:25:00,4100.0,4100.0,4100.0,4100.0,0.0,0.0,20.0
2023-05-24 14:30:00,4100.0,4100.0,4100.0,4100.0,0.0,0.0,20.0
2023-05-24 14:35:00,4100.0,4100.0,4100.0,4100.0,0.0,0.0,20.0
2023-05-24 14:40:00,4100.0,4100.0,4100.0,4100.0,0.0,0.0,20.0
2023-05-24 14:45:00,4100.0,4100.0,4100.0,4100.0,0.0,0.0,20.0
2023-05-24 14:50:00,4100.0,4100.0,4100.0,4100.0,0.0,0.0,20.0
2023-05-24 14:55:00,4100.0,4100.0,4100.0,4100.0,0.0,0.0,0.0
2023-05-24 21:00:00,4100.0,4100.0,4100.0,4100.0,0.0,0.0,0.0
2023-05-24 21:05:00,4100.0,4100.0,4100.0,4100.0,0.0,0.0,0.0
2023-05-24 21:10:00,4100.0,4100.0,4100.0,4100.0,0.0,0.0,0.0
2023-05-24 21:15:00,4100.0,4100.0,4100.0,4100.0,0.0,0.0,0.0
2023-05-24 21:20:00,4100.0,4100.0,4100.0,4100.0,0.0,0.0,0.0
2023-05-24 21:25:00,4100.0,4100.0,3874.0,3874.0,2.0,77480.0,2.0
2023-05-24 21:30:00,3874.0,3874.0,3874.0,3874.0,0.0,0.0,2.0
2023-05-24 21:35:00,3874.0,3874.0,3874.0,3874.0,0.0,0.0,2.0
2023-05-24 21:40:00,3874.0,3874.0,3874.0,3874.0,0.0,0.0,2.0
2023-05-24 21:45:00,3874.0,3874.0,3874.0,3874.0,0.0,0.0,2.0
2023-05-24 21:50:00,3874.0,3874.0,3874.0,3874.0,0.0,0.0,2.0
2023-05-24 21:55:00,3874.0,3874.0,3874.0,3874.0,0.0,0.0,2.0
2023-05-24 22:00:00,3874.0,3874.0,3874.0,3874.0,0.0,0.0,2.0
2023-05-24 22:05:00,3874.0,3874.0,3874.0,3874.0,0.0,0.0,2.0
2023-05-24 22:10:00,3874.0,3874.0,3874.0,3874.0,0.0,0.0,2.0
2023-05-24 22:15:00,3874.0,3874.0,3874.0,3874.0,0.0,0.0,2.0
2023-05-24 22:20:00,3874.0,3874.0,3874.0,3874.0,0.0,0.0,2.0
2023-05-24 22:25:00,3874.0,3874.0,3874.0,3874.0,0.0,0.0,2.0
2023-05-24 22:30:00,3874.0,3874.0,3874.0,3874.0,0.0,0.0,2.0
2023-05-24 22:35:00,3874.0,3874.0,3874.0,3874.0,0.0,0.0,2.0
2023-05-24 22:40:00,3874.0,3874.0,3874.0,3874.0,0.0,0.0,2.0
2023-05-24 22:45:00,3874.0,3874.0,3874.0,3874.0,0.0,0.0,2.0
2023-05-24 22:50:00,3874.0,3874.0,3874.0,3874.0,0.0,0.0,2.0
2023-05-24 22:55:00,3874.0,3874.0,3874.0,3874.0,0.0,0.0,2.0
2023-05-25 09:00:00,3874.0,3874.0,3874.0,3874.0,0.0,0.0,2.0
2023-05-25 09:05:00,3874.0,3874.0,3874.0,3874.0,0.0,0.0,2.0
2023-05-25 09:10:00,3874.0,3874.0,3874.0,3874.0,0.0,0.0,2.0
2023-05-25 09:15:00,3874.0,3874.0,3874.0,3874.0,0.0,0.0,2.0
2023-05-25 09:20:00,3874.0,3874.0,3874.0,3874.0,0.0,0.0,2.0
2023-05-25 09:25:00,3874.0,3874.0,3874.0,3874.0,0.0,0.0,2.0
2023-05-25 09:30:00,3874.0,3874.0,3874.0,3874.0,0.0,0.0,2.0
2023-05-25 09:35:00,3874.0,3874.0,3874.0,3874.0,0.0,0.0,2.0
2023-05-25 09:40:00,3874.0,3874.0,3874.0,3874.0,0.0,0.0,2.0
2023-05-25 09:45:00,3874.0,3874.0,3874.0,3874.0,0.0,0.0,2.0
2023-05-25 09:50:00,3874.0,3874.0,3874.0,3874.0,0.0,0.0,2.0
2023-05-25 09:55:00,3874.0,3874.0,3874.0,3874.0,0.0,0.0,2.0
2023-05-25 10:00:00,3874.0,3874.0,3874.0,3874.0,0.0,0.0,2.0
2023-05-25 10:05:00,3874.0,3874.0,3874.0,3874.0,0.0,0.0,2.0
2023-05-25 10:10:00,3874.0,3874.0,3874.0,3874.0,0.0,0.0,2.0
2023-05-25 10:30:00,3874.0,3874.0,3874.0,3874.0,0.0,0.0,2.0
2023-05-25 10:35:00,3874.0,3874.0,3874.0,3874.0,0.0,0.0,2.0
2023-05-25 10:40:00,3874.0,3874.0,3874.0,3874.0,0.0,0.0,2.0
2023-05-25 10:45:00,3874.0,3874.0,3874.0,3874.0,0.0,0.0,2.0
2023-05-25 10:50:00,3874.0,3874.0,3874.0,3874.0,0.0,0.0,2.0
2023-05-25 10:55:00,3874.0,3874.0,3874.0,3874.0,0.0,0.0,2.0
2023-05-25 11:00:00,3874.0,3874.0,3874.0,3874.0,0.0,0.0,2.0
2023-05-25 11:05:00,3874.0,3874.0,3874.0,3874.0,0.0,0.0,2.0
2023-05-25 11:10:00,3874.0,3874.0,3874.0,3874.0,0.0,0.0,2.0
2023-05-25 11:15:00,3874.0,3874.0,3874.0,3874.0,0.0,0.0,2.0
2023-05-25 11:20:00,3874.0,3874.0,3874.0,3874.0,0.0,0.0,2.0
2023-05-25 11:25:00,3874.0,3874.0,3874.0,3874.0,0.0,0.0,2.0
2023-05-25 13:30:00,3874.0,3874.0,3874.0,3874.0,0.0,0.0,2.0
2023-05-25 13:35:00,3874.0,3874.0,3874.0,3874.0,0.0,0.0,2.0
2023-05-25 13:40:00,3874.0,3874.0,3874.0,3874.0,0.0,0.0,2.0
2023-05-25 13:45:00,3874.0,3874.0,3874.0,3874.0,0.0,0.0,2.0
2023-05-25 13:50:00,3874.0,3874.0,3874.0,3874.0,0.0,0.0,2.0
2023-05-25 13:55:00,3874.0,3874.0,3874.0,3874.0,0.0,0.0,2.0
2023-05-25 14:00:00,3874.0,3874.0,3874.0,3874.0,0.0,0.0,2.0
2023-05-25 14:05:00,3874.0,3874.0,3874.0,3874.0,0.0,0.0,2.0
2023-05-25 14:10:00,3874.0,3874.0,3874.0,3874.0,0.0,0.0,2.0
2023-05-25 14:15:00,3874.0,3874.0,3874.0,3874.0,0.0,0.0,2.0
2023-05-25 14:20:00,3874.0,3874.0,3874.0,3874.0,0.0,0.0,2.0
2023-05-25 14:25:00,3874.0,3874.0,3874.0,3874.0,0.0,0.0,2.0
2023-05-25 14:30:00,3874.0,3874.0,3874.0,3874.0,0.0,0.0,2.0
2023-05-25 14:35:00,3874.0,3874.0,3874.0,3874.0,0.0,0.0,2.0
2023-05-25 14:40:00,3874.0,3874.0,3874.0,3874.0,0.0,0.0,2.0
2023-05-25 14:45:00,3874.0,3874.0,3874.0,3874.0,0.0,0.0,2.0
2023-05-25 14:50:00,3874.0,3874.0,3874.0,3874.0,0.0,0.0,2.0
2023-05-25 14:55:00,3874.0,3874.0,3874.0,3874.0,0.0,0.0,2.0
2023-05-25 21:00:00,3874.0,3874.0,3874.0,3874.0,0.0,0.0,2.0
2023-05-25 21:05:00,3874.0,3874.0,3874.0,3874.0,0.0,0.0,2.0
2023-05-25 21:10:00,3874.0,3874.0,3874.0,3874.0,0.0,0.0,2.0
2023-05-25 21:15:00,3874.0,3874.0,3874.0,3874.0,0.0,0.0,2.0
2023-05-25 21:20:00,3874.0,3874.0,3874.0,3874.0,0.0,0.0,2.0
2023-05-25 21:25:00,3874.0,3874.0,3874.0,3874.0,0.0,0.0,2.0
2023-05-25 21:30:00,3874.0,3874.0,3874.0,3874.0,0.0,0.0,2.0
2023-05-25 21:35:00,3874.0,3874.0,3874.0,3874.0,0.0,0.0,2.0
2023-05-25 21:40:00,3874.0,3874.0,3874.0,3874.0,0.0,0.0,2.0
2023-05-25 21:45:00,3874.0,3874.0,3874.0,3874.0,0.0,0.0,2.0
2023-05-25 21:50:00,3874.0,3874.0,3874.0,3874.0,0.0,0.0,2.0
2023-05-25 21:55:00,3874.0,3874.0,3874.0,3874.0,0.0,0.0,2.0
2023-05-25 22:00:00,3874.0,3874.0,3874.0,3874.0,0.0,0.0,2.0
2023-05-25 22:05:00,3874.0,3874.0,3874.0,3874.0,0.0,0.0,2.0
2023-05-25 22:10:00,3874.0,3874.0,3874.0,3874.0,0.0,0.0,2.0
2023-05-25 22:15:00,3874.0,3874.0,3874.0,3874.0,0.0,0.0,2.0
2023-05-25 22:20:00,3874.0,3874.0,3874.0,3874.0,0.0,0.0,2.0
2023-05-25 22:25:00,3874.0,3874.0,3874.0,3874.0,0.0,0.0,2.0
2023-05-25 22:30:00,3874.0,3874.0,3874.0,3874.0,0.0,0.0,2.0
2023-05-25 22:35:00,3874.0,3874.0,3874.0,3874.0,0.0,0.0,2.0
2023-05-25 22:40:00,3874.0,3874.0,3874.0,3874.0,0.0,0.0,2.0
2023-05-25 22:45:00,3874.0,3874.0,3874.0,3874.0,0.0,0.0,2.0
2023-05-25 22:50:00,3874.0,3874.0,3874.0,3874.0,0.0,0.0,2.0
2023-05-25 22:55:00,3874.0,3874.0,3874.0,3874.0,0.0,0.0,2.0
2023-05-26 09:00:00,3874.0,3874.0,3874.0,3874.0,0.0,0.0,2.0
2023-05-26 09:05:00,3874.0,3874.0,3874.0,3874.0,0.0,0.0,2.0
2023-05-26 09:10:00,3874.0,3874.0,3874.0,3874.0,0.0,0.0,2.0
2023-05-26 09:15:00,3874.0,3874.0,3874.0,3874.0,0.0,0.0,2.0
2023-05-26 09:20:00,3874.0,3874.0,3874.0,3874.0,0.0,0.0,2.0
2023-05-26 09:25:00,3874.0,3874.0,3874.0,3874.0,0.0,0.0,2.0
2023-05-26 09:30:00,3874.0,3874.0,3874.0,3874.0,0.0,0.0,2.0
2023-05-26 09:35:00,3874.0,3874.0,3874.0,3874.0,0.0,0.0,2.0
2023-05-26 09:40:00,3874.0,3874.0,3874.0,3874.0,0.0,0.0,2.0
2023-05-26 09:45:00,3874.0,3874.0,3874.0,3874.0,0.0,0.0,2.0
2023-05-26 09:50:00,3874.0,3874.0,3874.0,3874.0,0.0,0.0,2.0
2023-05-26 09:55:00,3874.0,3874.0,3874.0,3874.0,0.0,0.0,2.0
2023-05-26 10:00:00,3874.0,3874.0,3874.0,3874.0,0.0,0.0,2.0
2023-05-26 10:05:00,3874.0,3874.0,3874.0,3874.0,0.0,0.0,2.0
2023-05-26 10:10:00,3874.0,3874.0,3874.0,3874.0,0.0,0.0,2.0
2023-05-26 10:30:00,3874.0,3874.0,3874.0,3874.0,0.0,0.0,2.0
2023-05-26 10:35:00,3874.0,3874.0,3874.0,3874.0,0.0,0.0,2.0
2023-05-26 10:40:00,3874.0,3874.0,3874.0,3874.0,0.0,0.0,2.0
2023-05-26 10:45:00,3874.0,3874.0,3874.0,3874.0,0.0,0.0,2.0
2023-05-26 10:50:00,3874.0,3874.0,3874.0,3874.0,0.0,0.0,2.0
2023-05-26 10:55:00,3874.0,3874.0,3874.0,3874.0,0.0,0.0,2.0
2023-05-26 11:00:00,3874.0,3874.0,3874.0,3874.0,0.0,0.0,2.0
2023-05-26 11:05:00,3874.0,3874.0,3874.0,3874.0,0.0,0.0,2.0
2023-05-26 11:10:00,3874.0,3874.0,3874.0,3874.0,0.0,0.0,2.0
2023-05-26 11:15:00,3874.0,3874.0,3874.0,3874.0,0.0,0.0,2.0
2023-05-26 11:20:00,3874.0,3874.0,3874.0,3874.0,0.0,0.0,2.0
2023-05-26 11:25:00,3874.0,3874.0,3874.0,3874.0,0.0,0.0,2.0
2023-05-26 13:30:00,3874.0,3874.0,3874.0,3874.0,0.0,0.0,2.0
2023-05-26 13:35:00,3874.0,3874.0,3874.0,3874.0,0.0,0.0,2.0
2023-05-26 13:40:00,3874.0,3874.0,3874.0,3874.0,0.0,0.0,2.0
2023-05-26 13:45:00,3874.0,3874.0,3874.0,3874.0,0.0,0.0,2.0
2023-05-26 13:50:00,3874.0,3874.0,3874.0,3874.0,0.0,0.0,2.0
2023-05-26 13:55:00,3874.0,3874.0,3874.0,3874.0,0.0,0.0,2.0
2023-05-26 14:00:00,3874.0,3874.0,3874.0,3874.0,0.0,0.0,2.0
2023-05-26 14:05:00,3874.0,3874.0,3874.0,3874.0,0.0,0.0,2.0
2023-05-26 14:10:00,3874.0,3874.0,3874.0,3874.0,0.0,0.0,2.0
2023-05-26 14:15:00,3874.0,3874.0,3874.0,3874.0,0.0,0.0,2.0
2023-05-26 14:20:00,3874.0,3874.0,3874.0,3874.0,0.0,0.0,2.0
2023-05-26 14:25:00,3874.0,3874.0,3874.0,3874.0,0.0,0.0,2.0
2023-05-26 14:30:00,3874.0,3874.0,3874.0,3874.0,0.0,0.0,2.0
2023-05-26 14:35:00,3874.0,3874.0,3874.0,3874.0,0.0,0.0,2.0
2023-05-26 14:40:00,3874.0,3874.0,3874.0,3874.0,0.0,0.0,2.0
2023-05-26 14:45:00,3874.0,3874.0,3874.0,3874.0,0.0,0.0,2.0
2023-05-26 14:50:00,3874.0,3874.0,3874.0,3874.0,0.0,0.0,2.0
2023-05-26 14:55:00,3874.0,3874.0,3874.0,3874.0,0.0,0.0,0.0
